{"type":"FeatureCollection","features":[{"id":"0","type":"Feature","properties":{"state":"DELHI","state_code":"7","district":"SOUTH WEST","district_code":"97","sub_district":"KAPASHERA","sub_district_code":"06184","sub_district_type":"Sub Division","village":null,"village_category":"Fully_Urban","village_code":null},"geometry":{"type":"Polygon","coordinates":[[[77.07131,28.54379],[77.06246,28.53838],[77.06069,28.53795],[77.05876,28.53891],[77.05681,28.53817],[77.05043,28.54042],[77.04375,28.54165],[77.04392,28.54266],[77.04088,28.54427],[77.04114,28.54483],[77.0365,28.54778],[77.03457,28.55015],[77.03818,28.55556],[77.04111,28.55389],[77.04311,28.55598],[77.04531,28.55482],[77.04773,28.55866],[77.04995,28.55815],[77.05056,28.55897],[77.06118,28.55261],[77.07054,28.5482],[77.07131,28.54379]]]}},{"id":"1","type":"Feature","properties":{"state":"DELHI","state_code":"7","district":"SOUTH WEST","district_code":"97","sub_district":"DWARKA","sub_district_code":"06183","sub_district_type":"Sub Division","village":null,"village_category":"Fully_Urban","village_code":null},"geometry":{"type":"Polygon","coordinates":[[[77.04142,28.57035],[77.03871,28.56349],[77.03836,28.55939],[77.03899,28.55751],[77.03719,28.55326],[77.03392,28.54932],[77.03222,28.54988],[77.01983,28.54805],[77.01385,28.55018],[77.01594,28.55322],[77.01934,28.55547],[77.02021,28.55719],[77.0201,28.56598],[77.02073,28.56561],[77.0334,28.57364],[77.04142,28.57035]]]}},{"id":"2","type":"Feature","properties":{"state":"DELHI","state_code":"7","district":"SOUTH WEST","district_code":"97","sub_district":"KAPASHERA","sub_district_code":"06184","sub_district_type":"Sub Division","village":null,"village_category":"Fully_Urban","village_code":null},"geometry":{"type":"Polygon","coordinates":[[[77.01981,28.56624],[77.02048,28.55862],[77.01975,28.55623],[77.01469,28.5516],[77.01262,28.54684],[77.00877,28.54485],[77.00206,28.54539],[76.99774,28.54785],[76.9906,28.54834],[76.98679,28.55204],[76.9898,28.55521],[76.99323,28.56418],[76.99891,28.57555],[77.00702,28.57139],[77.01428,28.56918],[77.01981,28.56624]]]}},{"id":"3","type":"Feature","properties":{"state":"DELHI","state_code":"7","district":"SOUTH WEST","district_code":"97","sub_district":"KAPASHERA","sub_district_code":"06184","sub_district_type":"Sub Division","village":null,"village_category":"Fully_Urban","village_code":null},"geometry":{"type":"Polygon","coordinates":[[[76.98694,28.55214],[76.9845,28.5532],[76.97953,28.5537],[76.9785,28.5565],[76.97634,28.55899],[76.97241,28.56102],[76.97242,28.56379],[76.96962,28.56648],[76.96903,28.56831],[76.97416,28.56969],[76.98675,28.57544],[76.99114,28.57936],[76.99396,28.58309],[76.99847,28.58149],[76.99844,28.58058],[77.00049,28.57815],[76.99774,28.57404],[76.9898,28.55521],[76.98694,28.55214]]]}},{"id":"4","type":"Feature","properties":{"state":"DELHI","state_code":"7","district":"SOUTH WEST","district_code":"97","sub_district":"KAPASHERA","sub_district_code":"06184","sub_district_type":"Sub Division","village":null,"village_category":"Fully_Urban","village_code":null},"geometry":{"type":"Polygon","coordinates":[[[77.0184,28.57881],[77.01831,28.57373],[77.02476,28.56859],[77.02073,28.56561],[77.01428,28.56918],[77.01085,28.56977],[76.99891,28.57555],[77.00069,28.57819],[77.00988,28.57939],[77.0184,28.57881]]]}},{"id":"5","type":"Feature","properties":{"state":"DELHI","state_code":"7","district":"SOUTH WEST","district_code":"97","sub_district":"KAPASHERA","sub_district_code":"06184","sub_district_type":"Sub Division","village":null,"village_category":"Fully_Urban","village_code":null},"geometry":{"type":"Polygon","coordinates":[[[76.9789,28.55474],[76.96949,28.5481],[76.95702,28.55189],[76.95998,28.56093],[76.969,28.56838],[76.96962,28.56648],[76.97242,28.56379],[76.97241,28.56102],[76.97634,28.55899],[76.9785,28.5565],[76.9789,28.55474]]]}},{"id":"6","type":"Feature","properties":{"state":"DELHI","state_code":"7","district":"SOUTH WEST","district_code":"97","sub_district":"KAPASHERA","sub_district_code":"06184","sub_district_type":"Sub Division","village":null,"village_category":"Fully_Urban","village_code":null},"geometry":{"type":"Polygon","coordinates":[[[76.9507,28.55411],[76.96949,28.5481],[76.96832,28.54205],[76.96467,28.53844],[76.9551,28.54093],[76.95161,28.54388],[76.94354,28.54564],[76.9507,28.55411]]]}},{"id":"7","type":"Feature","properties":{"state":"DELHI","state_code":"7","district":"SOUTH WEST","district_code":"97","sub_district":"KAPASHERA","sub_district_code":"06184","sub_district_type":"Sub Division","village":null,"village_category":"Fully_Urban","village_code":null},"geometry":{"type":"Polygon","coordinates":[[[76.93192,28.55071],[76.93767,28.55818],[76.95088,28.55431],[76.94353,28.54562],[76.93909,28.54677],[76.93192,28.55071]]]}},{"id":"8","type":"Feature","properties":{"state":"DELHI","state_code":"7","district":"SOUTH WEST","district_code":"97","sub_district":"KAPASHERA","sub_district_code":"06184","sub_district_type":"Sub Division","village":null,"village_category":"Fully_Urban","village_code":null},"geometry":{"type":"Polygon","coordinates":[[[76.93192,28.55071],[76.94099,28.54606],[76.95203,28.54373],[76.95502,28.54096],[76.96467,28.53844],[76.96513,28.53734],[76.96341,28.53524],[76.94395,28.54049],[76.93786,28.54333],[76.93337,28.54688],[76.93012,28.5481],[76.93192,28.55071]]]}},{"id":"9","type":"Feature","properties":{"state":"DELHI","state_code":"7","district":"SOUTH WEST","district_code":"97","sub_district":"KAPASHERA","sub_district_code":"06184","sub_district_type":"Sub Division","village":"JAINPUR","village_category":"Rural","village_code":"064037"},"geometry":{"type":"Polygon","coordinates":[[[76.93738,28.51472],[76.93229,28.52464],[76.93039,28.52654],[76.93113,28.53336],[76.9349,28.53804],[76.93748,28.54357],[76.9405,28.54221],[76.93854,28.53318],[76.93862,28.53142],[76.94078,28.52712],[76.93868,28.51648],[76.93738,28.51472]]]}},{"id":"10","type":"Feature","properties":{"state":"DELHI","state_code":"7","district":"SOUTH WEST","district_code":"97","sub_district":"NAJAFGARH","sub_district_code":"00451","sub_district_type":"Sub Division","village":null,"village_category":"Fully_Urban","village_code":null},"geometry":{"type":"Polygon","coordinates":[[[76.8942,28.53144],[76.88929,28.53279],[76.88509,28.53723],[76.87938,28.54071],[76.87934,28.54258],[76.88069,28.54512],[76.88653,28.55233],[76.89895,28.54724],[76.89451,28.53656],[76.89395,28.53425],[76.89589,28.53369],[76.8942,28.53144]]]}},{"id":"11","type":"Feature","properties":{"state":"DELHI","state_code":"7","district":"SOUTH WEST","district_code":"97","sub_district":"NAJAFGARH","sub_district_code":"00451","sub_district_type":"Sub Division","village":null,"village_category":"Fully_Urban","village_code":null},"geometry":{"type":"Polygon","coordinates":[[[76.8989,28.54713],[76.90106,28.54759],[76.91025,28.5445],[76.91106,28.5422],[76.91064,28.54098],[76.91443,28.53357],[76.91066,28.52788],[76.89395,28.53425],[76.8989,28.54713]]]}},{"id":"12","type":"Feature","properties":{"state":"DELHI","state_code":"7","district":"SOUTH WEST","district_code":"97","sub_district":"KAPASHERA","sub_district_code":"06184","sub_district_type":"Sub Division","village":null,"village_category":"Fully_Urban","village_code":null},"geometry":{"type":"Polygon","coordinates":[[[76.90877,28.5576],[76.92112,28.55609],[76.92337,28.55488],[76.91892,28.54733],[76.91112,28.54569],[76.91009,28.54448],[76.90402,28.54633],[76.90877,28.5576]]]}},{"id":"13","type":"Feature","properties":{"state":"DELHI","state_code":"7","district":"SOUTH WEST","district_code":"97","sub_district":"NAJAFGARH","sub_district_code":"00451","sub_district_type":"Sub Division","village":null,"village_category":"Fully_Urban","village_code":null},"geometry":{"type":"Polygon","coordinates":[[[76.9327,28.56814],[76.93806,28.56667],[76.93518,28.56036],[76.93633,28.559],[76.93756,28.55887],[76.93774,28.55773],[76.93067,28.54891],[76.92998,28.5506],[76.92246,28.55557],[76.92378,28.55814],[76.9327,28.56814]]]}},{"id":"14","type":"Feature","properties":{"state":"DELHI","state_code":"7","district":"SOUTH WEST","district_code":"97","sub_district":"KAPASHERA","sub_district_code":"06184","sub_district_type":"Sub Division","village":null,"village_category":"Fully_Urban","village_code":null},"geometry":{"type":"Polygon","coordinates":[[[76.93806,28.56667],[76.94201,28.56668],[76.94548,28.5683],[76.94742,28.56437],[76.95019,28.55456],[76.9377,28.55816],[76.93536,28.55988],[76.93806,28.56667]]]}},{"id":"15","type":"Feature","properties":{"state":"DELHI","state_code":"7","district":"SOUTH WEST","district_code":"97","sub_district":"KAPASHERA","sub_district_code":"06184","sub_district_type":"Sub Division","village":null,"village_category":"Fully_Urban","village_code":null},"geometry":{"type":"Polygon","coordinates":[[[76.95807,28.57589],[76.9656,28.57209],[76.969,28.56838],[76.95998,28.56093],[76.95702,28.55189],[76.95019,28.55456],[76.94742,28.56437],[76.94548,28.5683],[76.9468,28.57032],[76.94617,28.57105],[76.94749,28.57533],[76.95359,28.57653],[76.95807,28.57589]]]}},{"id":"16","type":"Feature","properties":{"state":"DELHI","state_code":"7","district":"SOUTH WEST","district_code":"97","sub_district":"KAPASHERA","sub_district_code":"06184","sub_district_type":"Sub Division","village":null,"village_category":"Fully_Urban","village_code":null},"geometry":{"type":"Polygon","coordinates":[[[76.99396,28.58309],[76.99114,28.57936],[76.98675,28.57544],[76.97039,28.56848],[76.96903,28.56831],[76.9656,28.57209],[76.96024,28.57513],[76.96754,28.58344],[76.97088,28.58876],[76.9789,28.59502],[76.98219,28.59134],[76.9901,28.58486],[76.99396,28.58309]]]}},{"id":"17","type":"Feature","properties":{"state":"DELHI","state_code":"7","district":"SOUTH WEST","district_code":"97","sub_district":"KAPASHERA","sub_district_code":"06184","sub_district_type":"Sub Division","village":null,"village_category":"Fully_Urban","village_code":null},"geometry":{"type":"Polygon","coordinates":[[[77.01459,28.59596],[77.01193,28.59412],[77.01136,28.59254],[77.00953,28.59219],[77.00547,28.58907],[76.99847,28.58149],[76.9901,28.58486],[76.98219,28.59134],[76.9789,28.59502],[76.98125,28.59655],[76.98495,28.59384],[76.99039,28.59724],[76.99599,28.60365],[77.01459,28.59596]]]}},{"id":"18","type":"Feature","properties":{"state":"DELHI","state_code":"7","district":"SOUTH WEST","district_code":"97","sub_district":"KAPASHERA","sub_district_code":"06184","sub_district_type":"Sub Division","village":null,"village_category":"Fully_Urban","village_code":null},"geometry":{"type":"Polygon","coordinates":[[[77.02194,28.58189],[77.0184,28.57881],[77.00988,28.57939],[77.00049,28.57815],[76.99841,28.58062],[76.9985,28.58154],[77.00519,28.5888],[77.00953,28.59219],[77.01104,28.59026],[77.01636,28.59218],[77.01843,28.59204],[77.01941,28.59052],[77.01832,28.58518],[77.02213,28.58382],[77.02194,28.58189]]]}},{"id":"19","type":"Feature","properties":{"state":"DELHI","state_code":"7","district":"SOUTH WEST","district_code":"97","sub_district":"KAPASHERA","sub_district_code":"06184","sub_district_type":"Sub Division","village":null,"village_category":"Fully_Urban","village_code":null},"geometry":{"type":"Polygon","coordinates":[[[77.03159,28.57923],[77.03109,28.57719],[77.03299,28.57347],[77.02966,28.57086],[77.02476,28.56859],[77.01791,28.57439],[77.0184,28.57881],[77.02194,28.58189],[77.03159,28.57923]]]}},{"id":"20","type":"Feature","properties":{"state":"DELHI","state_code":"7","district":"SOUTH WEST","district_code":"97","sub_district":"DWARKA","sub_district_code":"06183","sub_district_type":"Sub Division","village":null,"village_category":"Fully_Urban","village_code":null},"geometry":{"type":"Polygon","coordinates":[[[77.05613,28.56754],[77.05063,28.5589],[77.04995,28.55815],[77.04773,28.55866],[77.04531,28.55482],[77.04311,28.55598],[77.04111,28.55389],[77.03818,28.55556],[77.03899,28.55751],[77.03836,28.55939],[77.03871,28.56349],[77.04142,28.57035],[77.05038,28.5682],[77.05405,28.5687],[77.05613,28.56754]]]}},{"id":"21","type":"Feature","properties":{"state":"DELHI","state_code":"7","district":"SOUTH WEST","district_code":"97","sub_district":"DWARKA","sub_district_code":"06183","sub_district_type":"Sub Division","village":null,"village_category":"Fully_Urban","village_code":"800441"},"geometry":{"type":"Polygon","coordinates":[[[77.07034,28.57734],[77.06891,28.57393],[77.06782,28.57376],[77.06558,28.56978],[77.05877,28.57146],[77.0593,28.57225],[77.05651,28.57571],[77.05635,28.58061],[77.05238,28.58277],[77.04974,28.58555],[77.04643,28.58728],[77.0457,28.58671],[77.04621,28.58884],[77.05316,28.58713],[77.05726,28.58515],[77.06383,28.5851],[77.06888,28.5837],[77.07293,28.58064],[77.07034,28.57734]]]}},{"id":"22","type":"Feature","properties":{"state":"DELHI","state_code":"7","district":"SOUTH WEST","district_code":"97","sub_district":"DWARKA","sub_district_code":"06183","sub_district_type":"Sub Division","village":null,"village_category":"Fully_Urban","village_code":null},"geometry":{"type":"Polygon","coordinates":[[[77.0593,28.57225],[77.05613,28.56754],[77.05405,28.5687],[77.0497,28.56829],[77.03299,28.57347],[77.03108,28.57734],[77.03222,28.58109],[77.03614,28.5808],[77.03692,28.58317],[77.03871,28.5847],[77.04381,28.58744],[77.0457,28.58671],[77.04643,28.58728],[77.05635,28.58061],[77.05651,28.57571],[77.0593,28.57225]]]}},{"id":"23","type":"Feature","properties":{"state":"DELHI","state_code":"7","district":"SOUTH WEST","district_code":"97","sub_district":"DWARKA","sub_district_code":"06183","sub_district_type":"Sub Division","village":null,"village_category":"Fully_Urban","village_code":null},"geometry":{"type":"Polygon","coordinates":[[[77.04326,28.58718],[77.03826,28.59434],[77.03691,28.59806],[77.03632,28.604],[77.04561,28.60078],[77.05295,28.59671],[77.04997,28.59247],[77.04493,28.58965],[77.04611,28.58854],[77.04596,28.58726],[77.04326,28.58718]]]}},{"id":"24","type":"Feature","properties":{"state":"DELHI","state_code":"7","district":"SOUTH WEST","district_code":"97","sub_district":"DWARKA","sub_district_code":"06183","sub_district_type":"Sub Division","village":null,"village_category":"Fully_Urban","village_code":null},"geometry":{"type":"MultiPolygon","coordinates":[[[[77.08276,28.60436],[77.08144,28.59794],[77.08348,28.59642],[77.0852,28.59267],[77.09026,28.59113],[77.09603,28.59158],[77.0961,28.588],[77.08114,28.57118],[77.07507,28.57368],[77.06946,28.57493],[77.07034,28.57734],[77.07293,28.58064],[77.06888,28.5837],[77.06383,28.5851],[77.05726,28.58515],[77.04775,28.58883],[77.04611,28.58839],[77.04493,28.58965],[77.04997,28.59247],[77.05295,28.59671],[77.06583,28.59293],[77.06853,28.59455],[77.07485,28.59645],[77.07545,28.59755],[77.07778,28.5985],[77.07876,28.60115],[77.08009,28.60121],[77.08276,28.60436]]],[[[77.05514,28.61211],[77.06077,28.61038],[77.06631,28.60596],[77.07203,28.60774],[77.07184,28.60668],[77.07306,28.6058],[77.07137,28.60345],[77.06924,28.60289],[77.06659,28.60051],[77.06194,28.59963],[77.05233,28.60745],[77.05514,28.61211]]]]}},{"id":"25","type":"Feature","properties":{"state":"DELHI","state_code":"7","district":"SOUTH WEST","district_code":"97","sub_district":"DWARKA","sub_district_code":"06183","sub_district_type":"Sub Division","village":null,"village_category":"Fully_Urban","village_code":null},"geometry":{"type":"Polygon","coordinates":[[[77.03418,28.61654],[77.03263,28.61519],[77.03262,28.61378],[77.03637,28.60455],[77.03691,28.59806],[77.03917,28.59252],[77.04327,28.58711],[77.03693,28.58319],[77.03614,28.5808],[77.03222,28.58109],[77.03159,28.57923],[77.02197,28.58186],[77.02213,28.58382],[77.01874,28.58459],[77.01807,28.586],[77.01941,28.59052],[77.01843,28.59204],[77.01636,28.59218],[77.01104,28.59026],[77.00953,28.59219],[77.01136,28.59254],[77.01193,28.59412],[77.01502,28.59643],[77.01615,28.59872],[77.0148,28.60152],[77.01183,28.60425],[77.01124,28.60608],[77.0117,28.60749],[77.01688,28.61198],[77.0184,28.61576],[77.02172,28.61861],[77.02251,28.62097],[77.03049,28.61903],[77.03418,28.61654]]]}},{"id":"26","type":"Feature","properties":{"state":"DELHI","state_code":"7","district":"SOUTH WEST","district_code":"97","sub_district":"DWARKA","sub_district_code":"06183","sub_district_type":"Sub Division","village":null,"village_category":"Fully_Urban","village_code":null},"geometry":{"type":"Polygon","coordinates":[[[77.00461,28.62522],[77.0078,28.62411],[77.00933,28.62511],[77.01419,28.62541],[77.01601,28.62719],[77.02204,28.62652],[77.02286,28.62348],[77.02238,28.6201],[77.02172,28.61861],[77.0184,28.61576],[77.01778,28.61355],[76.99616,28.61904],[76.99163,28.6214],[76.99799,28.62799],[77.00162,28.62936],[77.00461,28.62522]]]}},{"id":"27","type":"Feature","properties":{"state":"DELHI","state_code":"7","district":"SOUTH WEST","district_code":"97","sub_district":"NAJAFGARH","sub_district_code":"00451","sub_district_type":"Sub Division","village":null,"village_category":"Fully_Urban","village_code":"800441"},"geometry":{"type":"Polygon","coordinates":[[[76.99303,28.6203],[76.99995,28.61791],[77.01778,28.61355],[77.01688,28.61198],[77.01237,28.60848],[77.01124,28.60608],[77.00226,28.60644],[76.99363,28.6093],[76.99132,28.61118],[76.99089,28.61667],[76.99303,28.6203]]]}},{"id":"28","type":"Feature","properties":{"state":"DELHI","state_code":"7","district":"SOUTH WEST","district_code":"97","sub_district":"NAJAFGARH","sub_district_code":"00451","sub_district_type":"Sub Division","village":null,"village_category":"Fully_Urban","village_code":null},"geometry":{"type":"Polygon","coordinates":[[[76.99062,28.62206],[76.99303,28.6203],[76.99089,28.61667],[76.99071,28.6138],[76.99182,28.6106],[76.99363,28.6093],[77.00226,28.60644],[77.01124,28.60608],[77.01321,28.60277],[77.01082,28.60076],[77.0035,28.60118],[76.99254,28.60516],[76.9862,28.60935],[76.98239,28.60481],[76.9804,28.60507],[76.97415,28.60897],[76.97805,28.61857],[76.98618,28.6165],[76.99062,28.62206]]]}},{"id":"29","type":"Feature","properties":{"state":"DELHI","state_code":"7","district":"SOUTH WEST","district_code":"97","sub_district":"NAJAFGARH","sub_district_code":"00451","sub_district_type":"Sub Division","village":null,"village_category":"Fully_Urban","village_code":null},"geometry":{"type":"MultiPolygon","coordinates":[[[[76.99599,28.60365],[76.9962,28.6043],[77.0048,28.60105],[77.01082,28.60076],[77.01321,28.60277],[77.01608,28.59975],[77.01589,28.59761],[77.01459,28.59596],[76.99599,28.60365]]],[[[76.99599,28.60365],[76.99039,28.59724],[76.98488,28.59383],[76.98125,28.59655],[76.97922,28.5953],[76.97608,28.60069],[76.97133,28.60362],[76.97276,28.60824],[76.97405,28.60911],[76.97429,28.61136],[76.97485,28.61128],[76.97433,28.61152],[76.97632,28.61514],[76.97698,28.61491],[76.97415,28.60897],[76.97959,28.60554],[76.9827,28.6049],[76.9862,28.60935],[76.99599,28.60365]]]]}},{"id":"30","type":"Feature","properties":{"state":"DELHI","state_code":"7","district":"SOUTH WEST","district_code":"97","sub_district":"NAJAFGARH","sub_district_code":"00451","sub_district_type":"Sub Division","village":null,"village_category":"Fully_Urban","village_code":null},"geometry":{"type":"Polygon","coordinates":[[[76.97133,28.60362],[76.97608,28.60069],[76.97922,28.5953],[76.97088,28.58876],[76.96754,28.58344],[76.96024,28.57513],[76.96353,28.58156],[76.96649,28.59026],[76.95737,28.59355],[76.96315,28.6044],[76.97061,28.60306],[76.97133,28.60362]]]}},{"id":"31","type":"Feature","properties":{"state":"DELHI","state_code":"7","district":"SOUTH WEST","district_code":"97","sub_district":"NAJAFGARH","sub_district_code":"00451","sub_district_type":"Sub Division","village":null,"village_category":"Fully_Urban","village_code":null},"geometry":{"type":"Polygon","coordinates":[[[76.96649,28.59026],[76.96014,28.5752],[76.95296,28.57641],[76.95425,28.58371],[76.95153,28.58836],[76.95495,28.5922],[76.95737,28.59355],[76.96649,28.59026]]]}},{"id":"32","type":"Feature","properties":{"state":"DELHI","state_code":"7","district":"SOUTH WEST","district_code":"97","sub_district":"KAPASHERA","sub_district_code":"06184","sub_district_type":"Sub Division","village":null,"village_category":"Fully_Urban","village_code":null},"geometry":{"type":"Polygon","coordinates":[[[76.95296,28.57641],[76.94749,28.57533],[76.94617,28.57105],[76.9465,28.56936],[76.94442,28.56767],[76.94117,28.56671],[76.94151,28.56837],[76.94065,28.56853],[76.93742,28.5732],[76.9394,28.5803],[76.93975,28.58576],[76.9454,28.58466],[76.94735,28.58632],[76.95175,28.58821],[76.95425,28.58371],[76.95296,28.57641]]]}},{"id":"33","type":"Feature","properties":{"state":"DELHI","state_code":"7","district":"SOUTH WEST","district_code":"97","sub_district":"NAJAFGARH","sub_district_code":"00451","sub_district_type":"Sub Division","village":null,"village_category":"Fully_Urban","village_code":null},"geometry":{"type":"Polygon","coordinates":[[[76.95294,28.6302],[76.96057,28.63483],[76.96127,28.63296],[76.97306,28.62498],[76.98157,28.62012],[76.98711,28.61803],[76.98618,28.6165],[76.97805,28.61857],[76.97433,28.61152],[76.97484,28.61123],[76.96905,28.61295],[76.95237,28.62377],[76.95294,28.6302]]]}},{"id":"34","type":"Feature","properties":{"state":"DELHI","state_code":"7","district":"SOUTH WEST","district_code":"97","sub_district":"NAJAFGARH","sub_district_code":"00451","sub_district_type":"Sub Division","village":null,"village_category":"Fully_Urban","village_code":null},"geometry":{"type":"Polygon","coordinates":[[[76.93214,28.58985],[76.92754,28.58636],[76.92285,28.58702],[76.91931,28.58528],[76.91847,28.58556],[76.91593,28.58257],[76.91163,28.58802],[76.90705,28.59198],[76.90419,28.59327],[76.90859,28.6007],[76.91258,28.60441],[76.92772,28.5988],[76.92614,28.59339],[76.93214,28.58985]]]}},{"id":"35","type":"Feature","properties":{"state":"DELHI","state_code":"7","district":"SOUTH WEST","district_code":"97","sub_district":"NAJAFGARH","sub_district_code":"00451","sub_district_type":"Sub Division","village":null,"village_category":"Fully_Urban","village_code":null},"geometry":{"type":"MultiPolygon","coordinates":[[[[76.92754,28.58636],[76.92397,28.58127],[76.92726,28.57653],[76.92564,28.57274],[76.92142,28.57629],[76.91593,28.58257],[76.91847,28.58556],[76.91931,28.58528],[76.92285,28.58702],[76.92754,28.58636]]],[[[76.91486,28.60925],[76.92498,28.60795],[76.93123,28.60514],[76.93913,28.60012],[76.94038,28.6016],[76.95495,28.5922],[76.95153,28.58836],[76.9454,28.58466],[76.93975,28.58576],[76.93858,28.59383],[76.9379,28.59439],[76.93604,28.59516],[76.9319,28.58994],[76.92614,28.59339],[76.92772,28.5988],[76.91258,28.60442],[76.91486,28.60925]]]]}},{"id":"36","type":"Feature","properties":{"state":"DELHI","state_code":"7","district":"SOUTH WEST","district_code":"97","sub_district":"NAJAFGARH","sub_district_code":"00451","sub_district_type":"Sub Division","village":null,"village_category":"Fully_Urban","village_code":null},"geometry":{"type":"Polygon","coordinates":[[[76.93858,28.59383],[76.93975,28.58576],[76.9394,28.5803],[76.93742,28.5732],[76.94065,28.56853],[76.94151,28.56837],[76.94117,28.56671],[76.93806,28.56667],[76.93307,28.56797],[76.92566,28.57271],[76.92726,28.57653],[76.92397,28.58127],[76.92635,28.58523],[76.93253,28.59009],[76.93604,28.59516],[76.93858,28.59383]]]}},{"id":"37","type":"Feature","properties":{"state":"DELHI","state_code":"7","district":"SOUTH WEST","district_code":"97","sub_district":"NAJAFGARH","sub_district_code":"00451","sub_district_type":"Sub Division","village":null,"village_category":"Fully_Urban","village_code":null},"geometry":{"type":"Polygon","coordinates":[[[76.92304,28.5749],[76.92835,28.57054],[76.9327,28.56814],[76.92378,28.55814],[76.92246,28.55544],[76.91838,28.55661],[76.90974,28.55735],[76.89837,28.56074],[76.89444,28.56387],[76.89208,28.5693],[76.89336,28.57508],[76.89732,28.5732],[76.90206,28.57563],[76.90981,28.57463],[76.91159,28.57937],[76.91049,28.58517],[76.91231,28.58701],[76.92304,28.5749]]]}},{"id":"38","type":"Feature","properties":{"state":"DELHI","state_code":"7","district":"SOUTH WEST","district_code":"97","sub_district":"NAJAFGARH","sub_district_code":"00451","sub_district_type":"Sub Division","village":null,"village_category":"Fully_Urban","village_code":null},"geometry":{"type":"Polygon","coordinates":[[[76.89732,28.5732],[76.88886,28.57762],[76.88665,28.58079],[76.89468,28.58956],[76.89579,28.59284],[76.90421,28.59327],[76.90723,28.59184],[76.91231,28.58701],[76.91049,28.58517],[76.91159,28.57937],[76.90981,28.57463],[76.90206,28.57563],[76.89732,28.5732]]]}},{"id":"39","type":"Feature","properties":{"state":"DELHI","state_code":"7","district":"SOUTH WEST","district_code":"97","sub_district":"NAJAFGARH","sub_district_code":"00451","sub_district_type":"Sub Division","village":null,"village_category":"Fully_Urban","village_code":null},"geometry":{"type":"Polygon","coordinates":[[[76.89336,28.57508],[76.89207,28.56937],[76.89452,28.56378],[76.89837,28.56074],[76.90877,28.5576],[76.90402,28.54633],[76.9009,28.54763],[76.89895,28.54724],[76.88683,28.55239],[76.88706,28.55519],[76.8856,28.55951],[76.8857,28.56145],[76.88444,28.56237],[76.88561,28.56737],[76.88536,28.57118],[76.88769,28.57873],[76.89336,28.57508]]]}},{"id":"40","type":"Feature","properties":{"state":"DELHI","state_code":"7","district":"SOUTH WEST","district_code":"97","sub_district":"NAJAFGARH","sub_district_code":"00451","sub_district_type":"Sub Division","village":null,"village_category":"Fully_Urban","village_code":null},"geometry":{"type":"Polygon","coordinates":[[[76.88447,28.56243],[76.87506,28.56943],[76.88215,28.5822],[76.88665,28.58079],[76.88769,28.57873],[76.88536,28.57118],[76.88561,28.56737],[76.88447,28.56243]]]}},{"id":"41","type":"Feature","properties":{"state":"DELHI","state_code":"7","district":"SOUTH WEST","district_code":"97","sub_district":"NAJAFGARH","sub_district_code":"00451","sub_district_type":"Sub Division","village":null,"village_category":"Fully_Urban","village_code":null},"geometry":{"type":"Polygon","coordinates":[[[76.99264,28.65852],[76.9927,28.65631],[76.99605,28.6538],[77.00215,28.65128],[76.99975,28.64961],[76.99986,28.64601],[77.00492,28.63146],[77.0069,28.628],[77.00461,28.62522],[77.00162,28.62936],[76.99799,28.62799],[76.99163,28.6214],[76.99062,28.62206],[76.98711,28.61803],[76.98062,28.62059],[76.96127,28.63296],[76.96052,28.63939],[76.96677,28.64896],[76.97053,28.65707],[76.97033,28.65825],[76.97751,28.65706],[76.97968,28.65429],[76.98874,28.66082],[76.99264,28.65852]]]}},{"id":"42","type":"Feature","properties":{"state":"DELHI","state_code":"7","district":"SOUTH WEST","district_code":"97","sub_district":"DWARKA","sub_district_code":"06183","sub_district_type":"Sub Division","village":null,"village_category":"Fully_Urban","village_code":null},"geometry":{"type":"Polygon","coordinates":[[[77.06409,28.62123],[77.0797,28.61187],[77.07976,28.60855],[77.07063,28.60753],[77.06631,28.60596],[77.06077,28.61038],[77.05477,28.61187],[77.0518,28.61638],[77.05312,28.61831],[77.06119,28.61776],[77.06409,28.62123]]]}},{"id":"43","type":"Feature","properties":{"state":"DELHI","state_code":"7","district":"WEST","district_code":"96","sub_district":"PUNJABI BAGH","sub_district_code":"00450","sub_district_type":"Sub Division","village":null,"village_category":"Fully_Urban","village_code":null},"geometry":{"type":"Polygon","coordinates":[[[77.03423,28.64669],[77.02934,28.65285],[77.03005,28.65842],[77.03216,28.66545],[77.03464,28.66368],[77.0421,28.6695],[77.04671,28.67153],[77.04952,28.66821],[77.0491,28.66734],[77.05542,28.6628],[77.05526,28.66028],[77.05018,28.65055],[77.04082,28.65032],[77.03594,28.64824],[77.03423,28.64669]]]}},{"id":"44","type":"Feature","properties":{"state":"DELHI","state_code":"7","district":"SOUTH WEST","district_code":"97","sub_district":"DWARKA","sub_district_code":"06183","sub_district_type":"Sub Division","village":null,"village_category":"Fully_Urban","village_code":null},"geometry":{"type":"Polygon","coordinates":[[[77.07938,28.60821],[77.08006,28.60729],[77.07964,28.60676],[77.08275,28.60436],[77.08009,28.60121],[77.07926,28.6016],[77.07797,28.60025],[77.07778,28.5985],[77.07545,28.59755],[77.07484,28.59644],[77.06853,28.59455],[77.06583,28.59293],[77.0554,28.59622],[77.05846,28.59825],[77.05864,28.59953],[77.05951,28.59847],[77.06132,28.59877],[77.06194,28.59963],[77.06659,28.60051],[77.06924,28.60289],[77.07124,28.60336],[77.07306,28.6058],[77.07184,28.60668],[77.07203,28.60772],[77.07938,28.60821]]]}},{"id":"45","type":"Feature","properties":{"state":"DELHI","state_code":"7","district":"SOUTH WEST","district_code":"97","sub_district":"DWARKA","sub_district_code":"06183","sub_district_type":"Sub Division","village":null,"village_category":"Fully_Urban","village_code":null},"geometry":{"type":"Polygon","coordinates":[[[77.09386,28.60811],[77.10219,28.60579],[77.09883,28.60102],[77.10033,28.59989],[77.0997,28.59876],[77.10324,28.59742],[77.10553,28.59517],[77.10428,28.59152],[77.10557,28.59003],[77.10076,28.59084],[77.10043,28.59027],[77.09497,28.59181],[77.08829,28.59137],[77.0852,28.59267],[77.08348,28.59642],[77.08145,28.59793],[77.08356,28.60477],[77.08496,28.60442],[77.08711,28.60617],[77.08857,28.60456],[77.09386,28.60811]]]}},{"id":"46","type":"Feature","properties":{"state":"DELHI","state_code":"7","district":"SOUTH WEST","district_code":"97","sub_district":"DWARKA","sub_district_code":"06183","sub_district_type":"Sub Division","village":null,"village_category":"Fully_Urban","village_code":null},"geometry":{"type":"Polygon","coordinates":[[[77.10072,28.58881],[77.10076,28.59084],[77.10557,28.59003],[77.10615,28.58934],[77.10453,28.58721],[77.10072,28.58881]]]}},{"id":"47","type":"Feature","properties":{"state":"DELHI","state_code":"7","district":"SOUTH WEST","district_code":"97","sub_district":"DWARKA","sub_district_code":"06183","sub_district_type":"Sub Division","village":null,"village_category":"Fully_Urban","village_code":null},"geometry":{"type":"Polygon","coordinates":[[[77.10277,28.60626],[77.09386,28.60811],[77.08857,28.60456],[77.08711,28.60617],[77.08496,28.60442],[77.08356,28.60477],[77.08307,28.60417],[77.07964,28.60676],[77.07948,28.61229],[77.08053,28.61387],[77.08377,28.61415],[77.08553,28.61561],[77.08634,28.61532],[77.08734,28.61692],[77.08954,28.61807],[77.09559,28.6165],[77.10394,28.61276],[77.10277,28.60626]]]}},{"id":"48","type":"Feature","properties":{"state":"DELHI","state_code":"7","district":"SOUTH WEST","district_code":"97","sub_district":"KAPASHERA","sub_district_code":"06184","sub_district_type":"Sub Division","village":null,"village_category":"Fully_Urban","village_code":"800441"},"geometry":{"type":"Polygon","coordinates":[[[77.08156,28.53165],[77.08697,28.53122],[77.10087,28.52091],[77.1036,28.51812],[77.09969,28.51099],[77.09313,28.5141],[77.07293,28.51961],[77.07444,28.52456],[77.07922,28.53031],[77.08156,28.53165]]]}},{"id":"49","type":"Feature","properties":{"state":"DELHI","state_code":"7","district":"SOUTH WEST","district_code":"97","sub_district":"KAPASHERA","sub_district_code":"06184","sub_district_type":"Sub Division","village":null,"village_category":"Fully_Urban","village_code":null},"geometry":{"type":"Polygon","coordinates":[[[77.07919,28.54064],[77.08892,28.53853],[77.08672,28.53527],[77.08558,28.53176],[77.08156,28.53165],[77.07922,28.53031],[77.07502,28.52547],[77.07293,28.51961],[77.0718,28.52019],[77.07118,28.51776],[77.06882,28.5146],[77.06097,28.51831],[77.05512,28.52422],[77.04964,28.5207],[77.04851,28.52074],[77.03176,28.53157],[77.02404,28.53309],[77.018,28.53736],[77.01774,28.53856],[77.01325,28.54035],[77.01882,28.54105],[77.0357,28.53806],[77.03776,28.53979],[77.04116,28.53813],[77.04379,28.5417],[77.05681,28.53817],[77.05876,28.53891],[77.06069,28.53795],[77.07131,28.54379],[77.07919,28.54064]]]}},{"id":"50","type":"Feature","properties":{"state":"DELHI","state_code":"7","district":"SOUTH WEST","district_code":"97","sub_district":"KAPASHERA","sub_district_code":"06184","sub_district_type":"Sub Division","village":null,"village_category":"Fully_Urban","village_code":null},"geometry":{"type":"Polygon","coordinates":[[[77.05501,28.52422],[77.06097,28.51831],[77.06882,28.5146],[77.06682,28.51201],[77.06001,28.51237],[77.04624,28.5167],[77.04851,28.52074],[77.04964,28.5207],[77.05501,28.52422]]]}},{"id":"51","type":"Feature","properties":{"state":"DELHI","state_code":"7","district":"SOUTH WEST","district_code":"97","sub_district":"KAPASHERA","sub_district_code":"06184","sub_district_type":"Sub Division","village":"NANAK HERI","village_category":"Rural","village_code":"064033"},"geometry":{"type":"Polygon","coordinates":[[[76.98491,28.52595],[76.99656,28.51973],[76.99519,28.51672],[76.99412,28.51711],[76.99039,28.5135],[76.98276,28.51712],[76.9781,28.52132],[76.9773,28.52593],[76.98491,28.52595]]]}},{"id":"52","type":"Feature","properties":{"state":"DELHI","state_code":"7","district":"SOUTH WEST","district_code":"97","sub_district":"KAPASHERA","sub_district_code":"06184","sub_district_type":"Sub Division","village":"RAGHUPUR","village_category":"Rural","village_code":"064031"},"geometry":{"type":"Polygon","coordinates":[[[77.01704,28.52093],[77.01018,28.51434],[76.99999,28.51805],[76.99535,28.52053],[76.99882,28.5268],[76.99767,28.52896],[77.0013,28.53137],[77.01056,28.52557],[77.01455,28.52395],[77.01704,28.52093]]]}},{"id":"53","type":"Feature","properties":{"state":"DELHI","state_code":"7","district":"SOUTH WEST","district_code":"97","sub_district":"KAPASHERA","sub_district_code":"06184","sub_district_type":"Sub Division","village":"KANGAM HERI","village_category":"Rural","village_code":"064029"},"geometry":{"type":"Polygon","coordinates":[[[76.98096,28.55334],[76.9857,28.55289],[76.9906,28.54834],[76.99774,28.54785],[77.00206,28.54539],[77.00888,28.54491],[77.00777,28.54137],[77.00478,28.54016],[77.00511,28.53891],[77.00191,28.5338],[77.00036,28.53291],[77.00023,28.53209],[77.0013,28.53137],[77.00027,28.53025],[76.99765,28.52897],[76.99727,28.53012],[76.99413,28.53198],[76.98159,28.53648],[76.98072,28.53571],[76.97964,28.53599],[76.97491,28.53944],[76.9683,28.54203],[76.96949,28.5481],[76.9789,28.55473],[76.98096,28.55334]]]}},{"id":"54","type":"Feature","properties":{"state":"DELHI","state_code":"7","district":"SOUTH WEST","district_code":"97","sub_district":"KAPASHERA","sub_district_code":"06184","sub_district_type":"Sub Division","village":null,"village_category":"Fully_Urban","village_code":null},"geometry":{"type":"Polygon","coordinates":[[[77.01983,28.54805],[77.03222,28.54988],[77.03392,28.54932],[77.03457,28.55015],[77.0365,28.54778],[77.04114,28.54483],[77.04088,28.54427],[77.04392,28.54266],[77.04375,28.54154],[77.04116,28.53813],[77.03776,28.53979],[77.03582,28.53806],[77.01882,28.54105],[77.01374,28.54084],[77.0134,28.54025],[77.01022,28.54062],[77.00947,28.53992],[77.00742,28.54112],[77.00888,28.54491],[77.01262,28.54684],[77.01385,28.55018],[77.01983,28.54805]]]}},{"id":"55","type":"Feature","properties":{"state":"DELHI","state_code":"7","district":"SOUTH WEST","district_code":"97","sub_district":"KAPASHERA","sub_district_code":"06184","sub_district_type":"Sub Division","village":"SHIKARPUR","village_category":"Rural","village_code":"064036"},"geometry":{"type":"Polygon","coordinates":[[[76.96228,28.53569],[76.95876,28.52734],[76.95389,28.52137],[76.9508,28.51359],[76.94435,28.50408],[76.94166,28.50454],[76.93591,28.50836],[76.93573,28.51016],[76.93868,28.51648],[76.94078,28.52712],[76.93862,28.53142],[76.93854,28.53318],[76.9405,28.54221],[76.95003,28.53833],[76.96228,28.53569]]]}},{"id":"56","type":"Feature","properties":{"state":"DELHI","state_code":"7","district":"SOUTH WEST","district_code":"97","sub_district":"KAPASHERA","sub_district_code":"06184","sub_district_type":"Sub Division","village":"JHATIKARA","village_category":"Rural","village_code":"064034"},"geometry":{"type":"Polygon","coordinates":[[[76.97882,28.53652],[76.97568,28.53315],[76.97339,28.52836],[76.97744,28.52677],[76.9781,28.52132],[76.9759,28.51871],[76.97075,28.5152],[76.96489,28.51256],[76.95382,28.5049],[76.94435,28.50408],[76.9508,28.51359],[76.95389,28.52137],[76.95876,28.52734],[76.96228,28.53569],[76.96341,28.53524],[76.96442,28.53603],[76.96513,28.53734],[76.96467,28.53844],[76.96566,28.53965],[76.96836,28.54202],[76.97491,28.53944],[76.97882,28.53652]]]}},{"id":"57","type":"Feature","properties":{"state":"DELHI","state_code":"7","district":"SOUTH WEST","district_code":"97","sub_district":"KAPASHERA","sub_district_code":"06184","sub_district_type":"Sub Division","village":"GUMAN HERA","village_category":"Rural","village_code":"064038"},"geometry":{"type":"Polygon","coordinates":[[[76.92345,28.55468],[76.92998,28.5506],[76.9308,28.54931],[76.93012,28.5481],[76.93741,28.5442],[76.9349,28.53804],[76.93113,28.53336],[76.93039,28.52665],[76.93229,28.52464],[76.93738,28.51472],[76.93571,28.51012],[76.93591,28.50836],[76.93349,28.5097],[76.92734,28.51051],[76.91547,28.52498],[76.91066,28.52788],[76.91443,28.53357],[76.91064,28.54098],[76.91106,28.5422],[76.91025,28.5445],[76.91112,28.54569],[76.91889,28.54731],[76.92345,28.55468]]]}},{"id":"58","type":"Feature","properties":{"state":"DELHI","state_code":"7","district":"SOUTH WEST","district_code":"97","sub_district":"KAPASHERA","sub_district_code":"06184","sub_district_type":"Sub Division","village":"RAWTA","village_category":"Rural","village_code":"064043"},"geometry":{"type":"Polygon","coordinates":[[[76.91066,28.52788],[76.91547,28.52498],[76.92734,28.51051],[76.92079,28.50698],[76.91898,28.50905],[76.9144,28.51167],[76.9103,28.51208],[76.90793,28.51381],[76.90418,28.51434],[76.89783,28.51759],[76.8942,28.51305],[76.8925,28.51415],[76.89156,28.51346],[76.88522,28.51704],[76.88691,28.51989],[76.88935,28.52054],[76.89212,28.52848],[76.89589,28.53369],[76.91066,28.52788]]]}},{"id":"59","type":"Feature","properties":{"state":"DELHI","state_code":"7","district":"SOUTH WEST","district_code":"97","sub_district":"KAPASHERA","sub_district_code":"06184","sub_district_type":"Sub Division","village":"DEORALA","village_category":"Rural","village_code":"064044"},"geometry":{"type":"Polygon","coordinates":[[[76.90606,28.51385],[76.90793,28.51381],[76.90302,28.50893],[76.90004,28.50935],[76.89862,28.50874],[76.89223,28.50083],[76.88545,28.50114],[76.88569,28.50245],[76.88041,28.50591],[76.88146,28.50989],[76.88522,28.51704],[76.89156,28.51346],[76.8925,28.51415],[76.8942,28.51305],[76.89783,28.51759],[76.90606,28.51385]]]}},{"id":"60","type":"Feature","properties":{"state":"DELHI","state_code":"7","district":"SOUTH WEST","district_code":"97","sub_district":"NAJAFGARH","sub_district_code":"00451","sub_district_type":"Sub Division","village":"GALIB PUR","village_category":"Rural","village_code":"064042"},"geometry":{"type":"Polygon","coordinates":[[[76.8942,28.53144],[76.89212,28.52848],[76.88935,28.52054],[76.88692,28.51989],[76.88713,28.52057],[76.87703,28.5244],[76.87458,28.52701],[76.8729,28.53106],[76.87345,28.53239],[76.87201,28.53352],[76.8796,28.54047],[76.88509,28.53723],[76.88929,28.53279],[76.8942,28.53144]]]}},{"id":"61","type":"Feature","properties":{"state":"DELHI","state_code":"7","district":"SOUTH WEST","district_code":"97","sub_district":"NAJAFGARH","sub_district_code":"00451","sub_district_type":"Sub Division","village":"SURAKH PUR","village_category":"Rural","village_code":"064005"},"geometry":{"type":"Polygon","coordinates":[[[76.94446,28.63329],[76.95275,28.63004],[76.95237,28.62377],[76.9585,28.61974],[76.95777,28.61907],[76.94803,28.62213],[76.94352,28.61702],[76.93546,28.61906],[76.93724,28.62201],[76.94299,28.628],[76.94446,28.63329]]]}},{"id":"62","type":"Feature","properties":{"state":"DELHI","state_code":"7","district":"SOUTH WEST","district_code":"97","sub_district":"NAJAFGARH","sub_district_code":"00451","sub_district_type":"Sub Division","village":"KAIR","village_category":"Rural","village_code":"064046"},"geometry":{"type":"Polygon","coordinates":[[[76.92097,28.63104],[76.92426,28.62814],[76.92746,28.62356],[76.93362,28.61919],[76.93137,28.61727],[76.92534,28.60768],[76.91486,28.60925],[76.90972,28.61494],[76.91009,28.61572],[76.90653,28.62309],[76.90856,28.62699],[76.91429,28.63235],[76.92097,28.63104]]]}},{"id":"63","type":"Feature","properties":{"state":"DELHI","state_code":"7","district":"SOUTH WEST","district_code":"97","sub_district":"NAJAFGARH","sub_district_code":"00451","sub_district_type":"Sub Division","village":null,"village_category":"Fully_Urban","village_code":null},"geometry":{"type":"Polygon","coordinates":[[[76.95768,28.61912],[76.9585,28.61974],[76.95951,28.61928],[76.96522,28.61506],[76.96905,28.61295],[76.97429,28.61136],[76.97456,28.6104],[76.97344,28.60825],[76.97276,28.60825],[76.97277,28.60662],[76.97075,28.60308],[76.96315,28.6044],[76.96083,28.60098],[76.95896,28.59568],[76.95578,28.5923],[76.94717,28.59684],[76.94038,28.6016],[76.93913,28.60012],[76.93123,28.60514],[76.92534,28.60768],[76.93137,28.61727],[76.93362,28.61919],[76.93457,28.61835],[76.93546,28.61906],[76.94352,28.61702],[76.94803,28.62213],[76.95768,28.61912]]]}},{"id":"64","type":"Feature","properties":{"state":"DELHI","state_code":"7","district":"SOUTH WEST","district_code":"97","sub_district":"NAJAFGARH","sub_district_code":"00451","sub_district_type":"Sub Division","village":"DHANSA","village_category":"Rural","village_code":"064041"},"geometry":{"type":"Polygon","coordinates":[[[76.86907,28.55772],[76.88706,28.55519],[76.88683,28.55239],[76.88447,28.55043],[76.87937,28.54264],[76.8793,28.53971],[76.8764,28.53795],[76.87142,28.53314],[76.86738,28.53555],[76.86608,28.54127],[76.86355,28.5443],[76.84527,28.5505],[76.8451,28.55218],[76.84241,28.5563],[76.84243,28.56325],[76.8406,28.56958],[76.84069,28.57166],[76.83939,28.57269],[76.84684,28.57075],[76.8549,28.56474],[76.86472,28.55917],[76.86907,28.55772]]]}},{"id":"65","type":"Feature","properties":{"state":"DELHI","state_code":"7","district":"SOUTH WEST","district_code":"97","sub_district":"NAJAFGARH","sub_district_code":"00451","sub_district_type":"Sub Division","village":"ISSA PUR","village_category":"Rural","village_code":"064020"},"geometry":{"type":"Polygon","coordinates":[[[76.86404,28.5859],[76.87203,28.58576],[76.88289,28.58369],[76.87506,28.56943],[76.8857,28.56145],[76.8868,28.55518],[76.86661,28.5584],[76.8549,28.56474],[76.84728,28.57052],[76.83898,28.573],[76.83953,28.58279],[76.84611,28.5848],[76.86161,28.58523],[76.86404,28.5859]]]}},{"id":"66","type":"Feature","properties":{"state":"DELHI","state_code":"7","district":"SOUTH WEST","district_code":"97","sub_district":"NAJAFGARH","sub_district_code":"00451","sub_district_type":"Sub Division","village":"BAKARGARH","village_category":"Rural","village_code":"064019"},"geometry":{"type":"Polygon","coordinates":[[[76.89579,28.59284],[76.89468,28.58956],[76.88665,28.58079],[76.88215,28.5822],[76.88289,28.58369],[76.88152,28.58411],[76.87113,28.58587],[76.86404,28.5859],[76.86788,28.59063],[76.87141,28.60204],[76.87385,28.60506],[76.88493,28.60132],[76.88593,28.59805],[76.89207,28.59539],[76.89579,28.59284]]]}},{"id":"67","type":"Feature","properties":{"state":"DELHI","state_code":"7","district":"SOUTH WEST","district_code":"97","sub_district":"NAJAFGARH","sub_district_code":"00451","sub_district_type":"Sub Division","village":"MUNDHELA KALAN","village_category":"Rural","village_code":"064007"},"geometry":{"type":"Polygon","coordinates":[[[76.87385,28.60506],[76.87734,28.60883],[76.88913,28.61576],[76.89208,28.61402],[76.89368,28.61611],[76.90072,28.61073],[76.91258,28.60441],[76.90859,28.6007],[76.90419,28.59327],[76.89579,28.59284],[76.89207,28.59539],[76.88593,28.59805],[76.88493,28.60132],[76.87385,28.60506]]]}},{"id":"68","type":"Feature","properties":{"state":"DELHI","state_code":"7","district":"SOUTH WEST","district_code":"97","sub_district":"NAJAFGARH","sub_district_code":"00451","sub_district_type":"Sub Division","village":"MUNDHELA KHURD","village_category":"Rural","village_code":"064006"},"geometry":{"type":"Polygon","coordinates":[[[76.89275,28.6318],[76.90647,28.6238],[76.91009,28.61572],[76.90972,28.61494],[76.91486,28.60926],[76.91258,28.60442],[76.90072,28.61073],[76.89368,28.61611],[76.89208,28.61402],[76.88913,28.61576],[76.87734,28.60883],[76.88025,28.61497],[76.8824,28.62279],[76.88584,28.62957],[76.88833,28.63196],[76.89275,28.6318]]]}},{"id":"69","type":"Feature","properties":{"state":"DELHI","state_code":"7","district":"SOUTH WEST","district_code":"97","sub_district":"NAJAFGARH","sub_district_code":"00451","sub_district_type":"Sub Division","village":null,"village_category":"Fully_Urban","village_code":null},"geometry":{"type":"Polygon","coordinates":[[[76.94885,28.67019],[76.95241,28.66961],[76.95451,28.66681],[76.96269,28.66136],[76.97052,28.65766],[76.96677,28.64896],[76.96052,28.63939],[76.96118,28.63772],[76.9606,28.63486],[76.95645,28.63289],[76.95288,28.6299],[76.94934,28.63177],[76.94227,28.63387],[76.93818,28.63638],[76.92496,28.65015],[76.93084,28.65846],[76.93348,28.66541],[76.93534,28.66786],[76.94338,28.66835],[76.94885,28.67019]]]}},{"id":"70","type":"Feature","properties":{"state":"DELHI","state_code":"7","district":"WEST","district_code":"96","sub_district":"PUNJABI BAGH","sub_district_code":"00450","sub_district_type":"Sub Division","village":null,"village_category":"Fully_Urban","village_code":null},"geometry":{"type":"Polygon","coordinates":[[[76.97751,28.65706],[76.96801,28.65851],[76.96709,28.6596],[76.97065,28.66668],[76.9734,28.66982],[76.97768,28.67275],[76.9803,28.67153],[76.98199,28.67286],[76.98329,28.67207],[76.98424,28.6732],[76.98494,28.67286],[76.98767,28.67538],[76.98934,28.67447],[76.99167,28.66998],[76.98924,28.66629],[76.99182,28.66218],[76.99264,28.65852],[76.98874,28.66082],[76.97968,28.65429],[76.97751,28.65706]]]}},{"id":"71","type":"Feature","properties":{"state":"DELHI","state_code":"7","district":"WEST","district_code":"96","sub_district":"PUNJABI BAGH","sub_district_code":"00450","sub_district_type":"Sub Division","village":null,"village_category":"Fully_Urban","village_code":null},"geometry":{"type":"Polygon","coordinates":[[[76.99294,28.67815],[76.99537,28.68171],[76.99653,28.68141],[77.00006,28.67921],[77.00297,28.68055],[77.00817,28.6785],[77.0083,28.677],[77.00777,28.67383],[77.00711,28.67392],[77.00464,28.66719],[76.9962,28.65374],[76.9927,28.65631],[76.99309,28.6583],[76.99182,28.66218],[76.98919,28.66699],[76.99167,28.66998],[76.98936,28.67454],[76.9913,28.67771],[76.99294,28.67815]]]}},{"id":"72","type":"Feature","properties":{"state":"DELHI","state_code":"7","district":"WEST","district_code":"96","sub_district":"PUNJABI BAGH","sub_district_code":"00450","sub_district_type":"Sub Division","village":null,"village_category":"Fully_Urban","village_code":null},"geometry":{"type":"Polygon","coordinates":[[[77.02004,28.64749],[77.0287,28.64239],[77.02576,28.64077],[77.02492,28.63707],[77.02544,28.63305],[77.02204,28.62652],[77.01601,28.62719],[77.01419,28.62541],[77.00933,28.62511],[77.0078,28.62411],[77.00461,28.62522],[77.0069,28.628],[77.00492,28.63146],[76.99999,28.64556],[76.99975,28.64961],[77.00454,28.65294],[77.02004,28.64749]]]}},{"id":"73","type":"Feature","properties":{"state":"DELHI","state_code":"7","district":"WEST","district_code":"96","sub_district":"PUNJABI BAGH","sub_district_code":"00450","sub_district_type":"Sub Division","village":null,"village_category":"Fully_Urban","village_code":null},"geometry":{"type":"Polygon","coordinates":[[[77.03003,28.65164],[77.03423,28.64669],[77.0287,28.64239],[77.01994,28.6474],[77.02137,28.64923],[77.02745,28.65333],[77.03003,28.65164]]]}},{"id":"74","type":"Feature","properties":{"state":"DELHI","state_code":"7","district":"WEST","district_code":"96","sub_district":"PUNJABI BAGH","sub_district_code":"00450","sub_district_type":"Sub Division","village":null,"village_category":"Fully_Urban","village_code":null},"geometry":{"type":"Polygon","coordinates":[[[77.03216,28.66544],[77.03005,28.65842],[77.02934,28.65285],[77.03003,28.65164],[77.02745,28.65333],[77.02137,28.64923],[77.02004,28.64749],[77.00454,28.65294],[77.00215,28.65128],[76.9962,28.65374],[77.00464,28.66719],[77.00711,28.67392],[77.02113,28.67191],[77.02844,28.66846],[77.03216,28.66544]]]}},{"id":"75","type":"Feature","properties":{"state":"DELHI","state_code":"7","district":"WEST","district_code":"96","sub_district":"PATEL NAGAR","sub_district_code":"00448","sub_district_type":"Sub Division","village":null,"village_category":"Fully_Urban","village_code":null},"geometry":{"type":"Polygon","coordinates":[[[77.03418,28.61654],[77.03049,28.61903],[77.02251,28.62097],[77.02286,28.62348],[77.022,28.62706],[77.02527,28.6326],[77.02523,28.63434],[77.02682,28.63446],[77.0325,28.62955],[77.04869,28.62486],[77.05416,28.62496],[77.05619,28.62356],[77.05269,28.61767],[77.0483,28.61925],[77.03875,28.61963],[77.03418,28.61654]]]}},{"id":"76","type":"Feature","properties":{"state":"DELHI","state_code":"7","district":"WEST","district_code":"96","sub_district":"PATEL NAGAR","sub_district_code":"00448","sub_district_type":"Sub Division","village":null,"village_category":"Fully_Urban","village_code":null},"geometry":{"type":"Polygon","coordinates":[[[77.04099,28.64089],[77.03502,28.62908],[77.0325,28.62955],[77.02682,28.63446],[77.02523,28.63434],[77.02497,28.63789],[77.02576,28.64077],[77.03423,28.64669],[77.04099,28.64089]]]}},{"id":"77","type":"Feature","properties":{"state":"DELHI","state_code":"7","district":"WEST","district_code":"96","sub_district":"PATEL NAGAR","sub_district_code":"00448","sub_district_type":"Sub Division","village":null,"village_category":"Fully_Urban","village_code":null},"geometry":{"type":"Polygon","coordinates":[[[77.05269,28.61767],[77.0518,28.61638],[77.05489,28.61168],[77.05233,28.60745],[77.06194,28.59963],[77.05981,28.59842],[77.05864,28.59953],[77.05846,28.59825],[77.0554,28.59622],[77.0518,28.59723],[77.04481,28.60113],[77.03632,28.604],[77.03262,28.61378],[77.03282,28.61544],[77.03875,28.61963],[77.0483,28.61925],[77.05269,28.61767]]]}},{"id":"78","type":"Feature","properties":{"state":"DELHI","state_code":"7","district":"WEST","district_code":"96","sub_district":"PATEL NAGAR","sub_district_code":"00448","sub_district_type":"Sub Division","village":null,"village_category":"Fully_Urban","village_code":null},"geometry":{"type":"Polygon","coordinates":[[[77.16251,28.64722],[77.17586,28.63951],[77.17524,28.63327],[77.17606,28.63288],[77.17666,28.6301],[77.17266,28.62999],[77.16549,28.62796],[77.16169,28.633],[77.15323,28.63949],[77.16251,28.64722]]]}},{"id":"79","type":"Feature","properties":{"state":"DELHI","state_code":"7","district":"WEST","district_code":"96","sub_district":"PATEL NAGAR","sub_district_code":"00448","sub_district_type":"Sub Division","village":null,"village_category":"Fully_Urban","village_code":null},"geometry":{"type":"Polygon","coordinates":[[[77.16795,28.65612],[77.16856,28.65342],[77.16928,28.65308],[77.17294,28.65339],[77.17836,28.65232],[77.18024,28.65286],[77.17995,28.65081],[77.18119,28.65031],[77.17824,28.64626],[77.17874,28.64562],[77.17538,28.64207],[77.17586,28.63951],[77.16233,28.64725],[77.15404,28.63996],[77.14968,28.63725],[77.14708,28.64021],[77.14766,28.64251],[77.15071,28.64624],[77.15439,28.6555],[77.15892,28.65809],[77.16218,28.65808],[77.16795,28.65612]]]}},{"id":"80","type":"Feature","properties":{"state":"DELHI","state_code":"7","district":"WEST","district_code":"96","sub_district":"PATEL NAGAR","sub_district_code":"00448","sub_district_type":"Sub Division","village":null,"village_category":"Fully_Urban","village_code":null},"geometry":{"type":"Polygon","coordinates":[[[77.06785,28.61924],[77.07123,28.62565],[77.07847,28.62466],[77.08238,28.62105],[77.08264,28.61446],[77.08053,28.61387],[77.0797,28.61187],[77.06785,28.61924]]]}},{"id":"81","type":"Feature","properties":{"state":"DELHI","state_code":"7","district":"WEST","district_code":"96","sub_district":"PATEL NAGAR","sub_district_code":"00448","sub_district_type":"Sub Division","village":null,"village_category":"Fully_Urban","village_code":null},"geometry":{"type":"Polygon","coordinates":[[[77.0787,28.6323],[77.08696,28.62623],[77.08768,28.62167],[77.08954,28.61807],[77.08384,28.61418],[77.08225,28.61503],[77.08238,28.62105],[77.07847,28.62466],[77.07123,28.62565],[77.06785,28.61924],[77.06409,28.62123],[77.0678,28.62928],[77.06915,28.63056],[77.07434,28.62897],[77.0787,28.6323]]]}},{"id":"82","type":"Feature","properties":{"state":"DELHI","state_code":"7","district":"WEST","district_code":"96","sub_district":"RAJOURI GARDEN","sub_district_code":"00449","sub_district_type":"Sub Division","village":null,"village_category":"Fully_Urban","village_code":null},"geometry":{"type":"Polygon","coordinates":[[[77.08397,28.62827],[77.08486,28.63034],[77.08952,28.62901],[77.09202,28.63509],[77.08344,28.64091],[77.08843,28.64658],[77.09788,28.64051],[77.10015,28.64078],[77.10367,28.64293],[77.10709,28.64079],[77.11193,28.63877],[77.11392,28.63912],[77.11829,28.63667],[77.12018,28.63783],[77.12481,28.63786],[77.12196,28.63172],[77.12252,28.63046],[77.12199,28.6291],[77.12265,28.62863],[77.12196,28.62771],[77.11933,28.62808],[77.11824,28.62731],[77.11531,28.61818],[77.10394,28.61276],[77.09559,28.6165],[77.08954,28.61807],[77.08768,28.62167],[77.08696,28.62623],[77.08397,28.62827]]]}},{"id":"83","type":"Feature","properties":{"state":"DELHI","state_code":"7","district":"WEST","district_code":"96","sub_district":"PATEL NAGAR","sub_district_code":"00448","sub_district_type":"Sub Division","village":null,"village_category":"Fully_Urban","village_code":null},"geometry":{"type":"Polygon","coordinates":[[[77.08409,28.62906],[77.0787,28.6323],[77.0802,28.63623],[77.08344,28.64091],[77.09202,28.63509],[77.08952,28.62901],[77.08486,28.63034],[77.08409,28.62906]]]}},{"id":"84","type":"Feature","properties":{"state":"DELHI","state_code":"7","district":"WEST","district_code":"96","sub_district":"PATEL NAGAR","sub_district_code":"00448","sub_district_type":"Sub Division","village":null,"village_category":"Fully_Urban","village_code":null},"geometry":{"type":"Polygon","coordinates":[[[77.07656,28.65242],[77.07724,28.65188],[77.07318,28.64569],[77.07341,28.64465],[77.08133,28.63793],[77.07881,28.63242],[77.07649,28.63028],[77.07434,28.62897],[77.06915,28.63056],[77.0678,28.62928],[77.05862,28.63748],[77.07656,28.65242]]]}},{"id":"85","type":"Feature","properties":{"state":"DELHI","state_code":"7","district":"WEST","district_code":"96","sub_district":"PATEL NAGAR","sub_district_code":"00448","sub_district_type":"Sub Division","village":null,"village_category":"Fully_Urban","village_code":null},"geometry":{"type":"Polygon","coordinates":[[[77.05018,28.65055],[77.05335,28.64975],[77.05689,28.64669],[77.05777,28.64465],[77.05764,28.64049],[77.05912,28.63843],[77.05861,28.63703],[77.06781,28.62926],[77.06454,28.62186],[77.06119,28.61776],[77.05312,28.61831],[77.05619,28.62356],[77.0545,28.62487],[77.04869,28.62486],[77.03502,28.62908],[77.04099,28.64089],[77.03423,28.64669],[77.03594,28.64824],[77.04082,28.65032],[77.05018,28.65055]]]}},{"id":"86","type":"Feature","properties":{"state":"DELHI","state_code":"7","district":"WEST","district_code":"96","sub_district":"PATEL NAGAR","sub_district_code":"00448","sub_district_type":"Sub Division","village":null,"village_category":"Fully_Urban","village_code":null},"geometry":{"type":"Polygon","coordinates":[[[77.10438,28.64349],[77.10238,28.64175],[77.09788,28.64051],[77.08843,28.64658],[77.08838,28.64947],[77.09,28.65236],[77.09652,28.64647],[77.10438,28.64349]]]}},{"id":"87","type":"Feature","properties":{"state":"DELHI","state_code":"7","district":"WEST","district_code":"96","sub_district":"PUNJABI BAGH","sub_district_code":"00450","sub_district_type":"Sub Division","village":null,"village_category":"Fully_Urban","village_code":null},"geometry":{"type":"Polygon","coordinates":[[[77.07656,28.65242],[77.05958,28.63841],[77.05793,28.63949],[77.05777,28.64465],[77.05689,28.64669],[77.05335,28.64975],[77.05018,28.65055],[77.05526,28.66028],[77.05541,28.66282],[77.05648,28.66228],[77.05775,28.66361],[77.06988,28.65911],[77.07656,28.65242]]]}},{"id":"88","type":"Feature","properties":{"state":"DELHI","state_code":"7","district":"WEST","district_code":"96","sub_district":"PATEL NAGAR","sub_district_code":"00448","sub_district_type":"Sub Division","village":null,"village_category":"Fully_Urban","village_code":null},"geometry":{"type":"Polygon","coordinates":[[[77.07656,28.65242],[77.07896,28.65445],[77.08376,28.65624],[77.09024,28.65465],[77.08961,28.65118],[77.08838,28.64947],[77.08843,28.64658],[77.08133,28.63793],[77.07341,28.64465],[77.07318,28.64569],[77.07724,28.65188],[77.07656,28.65242]]]}},{"id":"89","type":"Feature","properties":{"state":"DELHI","state_code":"7","district":"WEST","district_code":"96","sub_district":"PATEL NAGAR","sub_district_code":"00448","sub_district_type":"Sub Division","village":null,"village_category":"Fully_Urban","village_code":null},"geometry":{"type":"Polygon","coordinates":[[[77.10043,28.66069],[77.11223,28.66079],[77.11416,28.65844],[77.11368,28.65572],[77.11172,28.6514],[77.10861,28.64949],[77.10438,28.64349],[77.09652,28.64647],[77.09,28.65236],[77.09024,28.65465],[77.09387,28.65525],[77.10043,28.66069]]]}},{"id":"90","type":"Feature","properties":{"state":"DELHI","state_code":"7","district":"WEST","district_code":"96","sub_district":"RAJOURI GARDEN","sub_district_code":"00449","sub_district_type":"Sub Division","village":null,"village_category":"Fully_Urban","village_code":null},"geometry":{"type":"Polygon","coordinates":[[[77.10367,28.64293],[77.10861,28.64949],[77.11215,28.65209],[77.11404,28.65136],[77.11371,28.65019],[77.11709,28.64865],[77.11821,28.6459],[77.12138,28.64377],[77.12151,28.64245],[77.12382,28.64091],[77.12533,28.63836],[77.12018,28.63783],[77.11829,28.63667],[77.11392,28.63912],[77.11193,28.63877],[77.10709,28.64079],[77.10367,28.64293]]]}},{"id":"91","type":"Feature","properties":{"state":"DELHI","state_code":"7","district":"WEST","district_code":"96","sub_district":"PATEL NAGAR","sub_district_code":"00448","sub_district_type":"Sub Division","village":null,"village_category":"Fully_Urban","village_code":"800441"},"geometry":{"type":"Polygon","coordinates":[[[77.15695,28.67438],[77.1583,28.67325],[77.15732,28.67132],[77.1599,28.67061],[77.16391,28.66229],[77.15967,28.65857],[77.15427,28.65535],[77.15071,28.64624],[77.14766,28.64251],[77.14731,28.6404],[77.14562,28.6382],[77.13629,28.64103],[77.12527,28.63894],[77.12151,28.64245],[77.12138,28.64377],[77.11821,28.6459],[77.11709,28.64865],[77.11371,28.65019],[77.11404,28.65136],[77.11215,28.65209],[77.11368,28.65572],[77.11403,28.6589],[77.1176,28.66031],[77.12382,28.66683],[77.12707,28.66637],[77.12843,28.66765],[77.13515,28.66982],[77.13727,28.66975],[77.13937,28.67118],[77.1485,28.6692],[77.14939,28.67287],[77.15332,28.67234],[77.15354,28.67316],[77.15455,28.6731],[77.15593,28.67499],[77.15729,28.67543],[77.1577,28.67469],[77.15695,28.67438]]]}},{"id":"92","type":"Feature","properties":{"state":"DELHI","state_code":"7","district":"WEST","district_code":"96","sub_district":"PUNJABI BAGH","sub_district_code":"00450","sub_district_type":"Sub Division","village":null,"village_category":"Fully_Urban","village_code":null},"geometry":{"type":"Polygon","coordinates":[[[77.09024,28.65465],[77.08376,28.65624],[77.07896,28.65445],[77.07656,28.65242],[77.06988,28.65911],[77.06505,28.66053],[77.06866,28.66446],[77.07378,28.66359],[77.07899,28.66563],[77.08531,28.67092],[77.09314,28.66842],[77.09367,28.66908],[77.09682,28.66908],[77.09945,28.66835],[77.0983,28.66448],[77.09933,28.6599],[77.09387,28.65525],[77.09024,28.65465]]]}},{"id":"93","type":"Feature","properties":{"state":"DELHI","state_code":"7","district":"WEST","district_code":"96","sub_district":"PUNJABI BAGH","sub_district_code":"00450","sub_district_type":"Sub Division","village":null,"village_category":"Fully_Urban","village_code":null},"geometry":{"type":"Polygon","coordinates":[[[77.10366,28.68468],[77.10272,28.6786],[77.09964,28.6683],[77.09682,28.66908],[77.09367,28.66908],[77.09314,28.66842],[77.08538,28.67088],[77.0862,28.67387],[77.08584,28.6757],[77.08728,28.67939],[77.09501,28.689],[77.09788,28.6893],[77.10366,28.68468]]]}},{"id":"94","type":"Feature","properties":{"state":"DELHI","state_code":"7","district":"WEST","district_code":"96","sub_district":"PUNJABI BAGH","sub_district_code":"00450","sub_district_type":"Sub Division","village":null,"village_category":"Fully_Urban","village_code":null},"geometry":{"type":"Polygon","coordinates":[[[77.10766,28.66096],[77.10138,28.66091],[77.09933,28.6599],[77.0983,28.66448],[77.10053,28.67031],[77.10348,28.68372],[77.11072,28.67892],[77.10902,28.67324],[77.11106,28.67237],[77.10899,28.66852],[77.10922,28.66647],[77.10766,28.66309],[77.10766,28.66096]]]}},{"id":"95","type":"Feature","properties":{"state":"DELHI","state_code":"7","district":"WEST","district_code":"96","sub_district":"PUNJABI BAGH","sub_district_code":"00450","sub_district_type":"Sub Division","village":null,"village_category":"Fully_Urban","village_code":null},"geometry":{"type":"Polygon","coordinates":[[[77.12515,28.68033],[77.13266,28.67713],[77.13922,28.67081],[77.12843,28.66765],[77.12707,28.66637],[77.12382,28.66683],[77.1176,28.66031],[77.11518,28.65909],[77.11403,28.6589],[77.11223,28.66079],[77.10766,28.66096],[77.10766,28.66309],[77.10922,28.66647],[77.10899,28.66852],[77.11106,28.67237],[77.10902,28.67324],[77.11072,28.67892],[77.10348,28.68372],[77.10768,28.68853],[77.1148,28.68306],[77.11838,28.68722],[77.1193,28.6897],[77.12131,28.68907],[77.12304,28.68738],[77.12076,28.68372],[77.12515,28.68033]]]}},{"id":"96","type":"Feature","properties":{"state":"DELHI","state_code":"7","district":"WEST","district_code":"96","sub_district":"PUNJABI BAGH","sub_district_code":"00450","sub_district_type":"Sub Division","village":null,"village_category":"Fully_Urban","village_code":null},"geometry":{"type":"Polygon","coordinates":[[[77.06879,28.66443],[77.06505,28.66053],[77.05775,28.66361],[77.05648,28.66228],[77.0491,28.66734],[77.04952,28.66821],[77.04669,28.67151],[77.0506,28.67559],[77.05159,28.67883],[77.05288,28.67853],[77.05366,28.67924],[77.05619,28.67678],[77.05925,28.67688],[77.05957,28.67555],[77.06118,28.67472],[77.0607,28.67407],[77.06436,28.67125],[77.06378,28.67001],[77.06599,28.66796],[77.06636,28.66602],[77.06896,28.66555],[77.06879,28.66443]]]}},{"id":"97","type":"Feature","properties":{"state":"DELHI","state_code":"7","district":"WEST","district_code":"96","sub_district":"PUNJABI BAGH","sub_district_code":"00450","sub_district_type":"Sub Division","village":null,"village_category":"Fully_Urban","village_code":null},"geometry":{"type":"Polygon","coordinates":[[[77.03876,28.69824],[77.04512,28.69497],[77.04886,28.68824],[77.0541,28.68342],[77.05222,28.6812],[77.0507,28.67574],[77.04825,28.67257],[77.0421,28.6695],[77.03464,28.66368],[77.02874,28.66828],[77.02135,28.67183],[77.00776,28.67385],[77.00817,28.6785],[77.00297,28.68055],[77.00938,28.68826],[77.0127,28.69531],[77.02315,28.69549],[77.03876,28.69824]]]}},{"id":"98","type":"Feature","properties":{"state":"DELHI","state_code":"7","district":"WEST","district_code":"96","sub_district":"PUNJABI BAGH","sub_district_code":"00450","sub_district_type":"Sub Division","village":null,"village_category":"Fully_Urban","village_code":"800441"},"geometry":{"type":"Polygon","coordinates":[[[77.08708,28.68886],[77.09244,28.68598],[77.08728,28.67939],[77.08584,28.6757],[77.0862,28.67387],[77.08538,28.67091],[77.07899,28.66563],[77.07378,28.66359],[77.06879,28.66443],[77.06896,28.66555],[77.06636,28.66602],[77.06599,28.66796],[77.06378,28.67001],[77.06436,28.67125],[77.0607,28.67407],[77.06118,28.67472],[77.05957,28.67555],[77.05925,28.67688],[77.05619,28.67678],[77.05366,28.67924],[77.05288,28.67853],[77.05159,28.67883],[77.05222,28.6812],[77.05539,28.68492],[77.0561,28.68683],[77.06452,28.69199],[77.07341,28.68603],[77.07602,28.68302],[77.07881,28.68376],[77.08361,28.6884],[77.08708,28.68886]]]}},{"id":"99","type":"Feature","properties":{"state":"DELHI","state_code":"7","district":"WEST","district_code":"96","sub_district":"PUNJABI BAGH","sub_district_code":"00450","sub_district_type":"Sub Division","village":null,"village_category":"Fully_Urban","village_code":null},"geometry":{"type":"Polygon","coordinates":[[[76.97681,28.70044],[76.97604,28.69813],[76.98302,28.69048],[76.99543,28.68151],[76.99294,28.67815],[76.9913,28.67771],[76.98934,28.67447],[76.98767,28.67538],[76.98494,28.67286],[76.98424,28.6732],[76.98329,28.67207],[76.98199,28.67286],[76.9803,28.67153],[76.97768,28.67275],[76.9734,28.66982],[76.97065,28.66668],[76.96709,28.6596],[76.96269,28.66136],[76.95405,28.6672],[76.95381,28.66865],[76.95595,28.67281],[76.95666,28.68065],[76.95855,28.68571],[76.96334,28.69237],[76.96337,28.694],[76.96774,28.69954],[76.96898,28.69923],[76.9725,28.70184],[76.97419,28.70203],[76.97681,28.70044]]]}},{"id":"100","type":"Feature","properties":{"state":"DELHI","state_code":"7","district":"CENTRAL","district_code":"95","sub_district":"KOTWALI","sub_district_code":"00435","sub_district_type":"Sub Division","village":null,"village_category":"Fully_Urban","village_code":null},"geometry":{"type":"Polygon","coordinates":[[[77.19329,28.66105],[77.19634,28.66142],[77.20702,28.66589],[77.20667,28.66282],[77.20428,28.65916],[77.20644,28.6508],[77.20773,28.65251],[77.20954,28.65201],[77.21024,28.65378],[77.21877,28.65339],[77.22152,28.65019],[77.21974,28.64192],[77.21171,28.64414],[77.21384,28.64799],[77.21136,28.6495],[77.21174,28.65013],[77.21092,28.65155],[77.20833,28.65179],[77.20725,28.64996],[77.20466,28.65051],[77.20411,28.65186],[77.20152,28.65179],[77.2031,28.65486],[77.20159,28.65612],[77.1995,28.65413],[77.19771,28.65526],[77.19678,28.65409],[77.19309,28.65759],[77.19329,28.66105]]]}},{"id":"101","type":"Feature","properties":{"state":"DELHI","state_code":"7","district":"CENTRAL","district_code":"95","sub_district":"CIVIL LINES","sub_district_code":"00433","sub_district_type":"Sub Division","village":null,"village_category":"Fully_Urban","village_code":null},"geometry":{"type":"Polygon","coordinates":[[[77.18641,28.67441],[77.18859,28.67298],[77.19589,28.67229],[77.19682,28.67023],[77.20054,28.67099],[77.20119,28.67028],[77.1994,28.66886],[77.19908,28.66691],[77.19599,28.66763],[77.19321,28.6609],[77.19276,28.65567],[77.19157,28.65559],[77.18951,28.65372],[77.18693,28.64879],[77.17995,28.65081],[77.18024,28.65286],[77.17836,28.65232],[77.17474,28.65323],[77.16856,28.65342],[77.1679,28.65626],[77.17052,28.66038],[77.17528,28.66573],[77.17818,28.66757],[77.17819,28.66837],[77.1811,28.66908],[77.18339,28.67293],[77.18364,28.67386],[77.18302,28.67418],[77.18369,28.67485],[77.18641,28.67441]]]}},{"id":"102","type":"Feature","properties":{"state":"DELHI","state_code":"7","district":"CENTRAL","district_code":"95","sub_district":"CIVIL LINES","sub_district_code":"00433","sub_district_type":"Sub Division","village":null,"village_category":"Fully_Urban","village_code":null},"geometry":{"type":"MultiPolygon","coordinates":[[[[77.17908,28.67429],[77.18365,28.67379],[77.18115,28.66913],[77.17911,28.66812],[77.17784,28.66862],[77.17683,28.66977],[77.17778,28.67269],[77.17874,28.67268],[77.17908,28.67429]]],[[[77.17481,28.68198],[77.1791,28.67918],[77.17722,28.67523],[77.17473,28.67425],[77.17299,28.67932],[77.16796,28.68392],[77.169,28.68932],[77.17328,28.68516],[77.17599,28.68364],[77.17481,28.68198]]]]}},{"id":"103","type":"Feature","properties":{"state":"DELHI","state_code":"7","district":"CENTRAL","district_code":"95","sub_district":"KAROL BAGH","sub_district_code":"00447","sub_district_type":"Sub Division","village":null,"village_category":"Fully_Urban","village_code":"800441"},"geometry":{"type":"Polygon","coordinates":[[[77.19309,28.65759],[77.19678,28.65409],[77.19771,28.65526],[77.1995,28.65413],[77.20163,28.6561],[77.2031,28.65486],[77.20152,28.65179],[77.20411,28.65186],[77.20466,28.65051],[77.20725,28.64996],[77.20833,28.65179],[77.21092,28.65155],[77.21174,28.65013],[77.21136,28.6495],[77.21384,28.64799],[77.21171,28.64414],[77.21974,28.64192],[77.22152,28.65019],[77.22565,28.65328],[77.22742,28.65084],[77.22891,28.6519],[77.23136,28.65589],[77.23274,28.65531],[77.23255,28.65426],[77.23453,28.65496],[77.23487,28.65351],[77.23363,28.65186],[77.23115,28.64285],[77.23367,28.64231],[77.23233,28.64054],[77.23208,28.63503],[77.23016,28.63231],[77.22459,28.63504],[77.22363,28.63639],[77.22272,28.63523],[77.21967,28.63547],[77.21822,28.63437],[77.19835,28.64608],[77.19644,28.64099],[77.19046,28.6341],[77.18864,28.62959],[77.18169,28.62366],[77.17781,28.62704],[77.17606,28.63288],[77.17524,28.63327],[77.17588,28.63979],[77.17538,28.64207],[77.17874,28.64562],[77.17824,28.64626],[77.18119,28.65031],[77.18693,28.64879],[77.18951,28.65372],[77.19157,28.65559],[77.19276,28.65567],[77.19309,28.65759]]]}},{"id":"104","type":"Feature","properties":{"state":"DELHI","state_code":"7","district":"CENTRAL","district_code":"95","sub_district":"CIVIL LINES","sub_district_code":"00435","sub_district_type":"Sub Division","village":null,"village_category":"Fully_Urban","village_code":null},"geometry":{"type":"Polygon","coordinates":[[[77.2084,28.684],[77.20768,28.68317],[77.21078,28.68285],[77.20818,28.67914],[77.2078,28.674],[77.20869,28.67318],[77.20781,28.67136],[77.20816,28.66987],[77.21338,28.66639],[77.21788,28.66524],[77.21726,28.66375],[77.20757,28.66627],[77.19634,28.66142],[77.19329,28.66105],[77.19605,28.66769],[77.19908,28.66691],[77.1994,28.66886],[77.20266,28.6721],[77.20626,28.67201],[77.2072,28.6729],[77.2072,28.67503],[77.20438,28.68056],[77.20538,28.68435],[77.2061,28.68376],[77.2084,28.684]]]}},{"id":"105","type":"Feature","properties":{"state":"DELHI","state_code":"7","district":"CENTRAL","district_code":"95","sub_district":"CIVIL LINES","sub_district_code":"00433","sub_district_type":"Sub Division","village":null,"village_category":"Fully_Urban","village_code":null},"geometry":{"type":"Polygon","coordinates":[[[77.20538,28.68435],[77.20441,28.67957],[77.20574,28.67867],[77.2072,28.67503],[77.2072,28.6729],[77.20626,28.67201],[77.20318,28.67229],[77.20117,28.67072],[77.19829,28.67034],[77.19682,28.67023],[77.19589,28.67229],[77.18859,28.67298],[77.18596,28.67496],[77.18302,28.67418],[77.17734,28.67481],[77.1791,28.67918],[77.17481,28.68198],[77.17625,28.68389],[77.18357,28.68956],[77.18583,28.69279],[77.18817,28.6946],[77.18906,28.69372],[77.18836,28.69108],[77.19361,28.68896],[77.19701,28.68467],[77.19781,28.6844],[77.20054,28.68593],[77.20538,28.68435]]]}},{"id":"106","type":"Feature","properties":{"state":"DELHI","state_code":"7","district":"CENTRAL","district_code":"95","sub_district":"CIVIL LINES","sub_district_code":"00433","sub_district_type":"Sub Division","village":"JAGATPUR DELHI","village_category":"Rural","village_code":"063954"},"geometry":{"type":"Polygon","coordinates":[[[77.23801,28.74571],[77.23651,28.73967],[77.23211,28.73567],[77.23014,28.72801],[77.22785,28.72975],[77.22319,28.73049],[77.21887,28.7331],[77.22055,28.74349],[77.22194,28.74715],[77.22195,28.74485],[77.22339,28.74694],[77.22361,28.7459],[77.22684,28.74498],[77.22773,28.74551],[77.22769,28.74469],[77.22856,28.74838],[77.22787,28.74878],[77.23801,28.74571]]]}},{"id":"107","type":"Feature","properties":{"state":"DELHI","state_code":"7","district":"CENTRAL","district_code":"95","sub_district":"CIVIL LINES","sub_district_code":"00433","sub_district_type":"Sub Division","village":null,"village_category":"Fully_Urban","village_code":null},"geometry":{"type":"Polygon","coordinates":[[[77.19541,28.72875],[77.19535,28.73377],[77.1963,28.73495],[77.19735,28.73424],[77.19835,28.7348],[77.19638,28.73699],[77.19683,28.73834],[77.20524,28.73539],[77.21812,28.74056],[77.22055,28.74055],[77.21894,28.73302],[77.21839,28.73341],[77.21709,28.72908],[77.21536,28.72664],[77.20618,28.7271],[77.19541,28.72875]]]}},{"id":"108","type":"Feature","properties":{"state":"DELHI","state_code":"7","district":"CENTRAL","district_code":"95","sub_district":"CIVIL LINES","sub_district_code":"00433","sub_district_type":"Sub Division","village":null,"village_category":"Fully_Urban","village_code":null},"geometry":{"type":"Polygon","coordinates":[[[77.21839,28.73341],[77.22319,28.73049],[77.22785,28.72975],[77.22812,28.72657],[77.2302,28.72642],[77.2321,28.72062],[77.23448,28.7199],[77.23215,28.71427],[77.22657,28.71433],[77.22213,28.71579],[77.2152,28.72235],[77.21553,28.72744],[77.21709,28.72908],[77.21839,28.73341]]]}},{"id":"109","type":"Feature","properties":{"state":"DELHI","state_code":"7","district":"CENTRAL","district_code":"95","sub_district":"CIVIL LINES","sub_district_code":"00433","sub_district_type":"Sub Division","village":"JAGATPUR SHAHDRA","village_category":"Rural","village_code":"063953"},"geometry":{"type":"Polygon","coordinates":[[[77.23801,28.74571],[77.24177,28.74325],[77.24181,28.73935],[77.24012,28.73605],[77.24186,28.73385],[77.24125,28.73003],[77.23829,28.72898],[77.23662,28.72261],[77.23225,28.72333],[77.23614,28.72526],[77.23786,28.72979],[77.23581,28.7318],[77.23201,28.72978],[77.23081,28.73061],[77.23211,28.73567],[77.23651,28.73967],[77.23801,28.74571]]]}},{"id":"110","type":"Feature","properties":{"state":"DELHI","state_code":"7","district":"CENTRAL","district_code":"95","sub_district":"CIVIL LINES","sub_district_code":"00433","sub_district_type":"Sub Division","village":null,"village_category":"Fully_Urban","village_code":"800441"},"geometry":{"type":"Polygon","coordinates":[[[77.23714,28.725],[77.23853,28.72433],[77.23698,28.71731],[77.2377,28.71567],[77.23571,28.71281],[77.23218,28.71431],[77.23448,28.71991],[77.23215,28.72056],[77.2302,28.72642],[77.22864,28.7261],[77.22795,28.72682],[77.22786,28.72918],[77.23014,28.72801],[77.23081,28.73061],[77.23201,28.72978],[77.23581,28.7318],[77.23786,28.72979],[77.23614,28.72526],[77.23225,28.72333],[77.23659,28.7226],[77.23714,28.725]]]}},{"id":"111","type":"Feature","properties":{"state":"DELHI","state_code":"7","district":"CENTRAL","district_code":"95","sub_district":"CIVIL LINES","sub_district_code":"00433","sub_district_type":"Sub Division","village":null,"village_category":"Fully_Urban","village_code":null},"geometry":{"type":"Polygon","coordinates":[[[77.23218,28.71431],[77.23571,28.71281],[77.23259,28.7119],[77.23179,28.71087],[77.22982,28.69877],[77.22994,28.69143],[77.23105,28.68753],[77.23083,28.68129],[77.23285,28.67389],[77.23446,28.67078],[77.2239,28.66768],[77.21857,28.66691],[77.21788,28.66524],[77.21342,28.66638],[77.20881,28.66909],[77.20787,28.67072],[77.20869,28.67318],[77.2078,28.674],[77.20818,28.67914],[77.21078,28.68285],[77.20768,28.68317],[77.20868,28.68381],[77.2061,28.68376],[77.20384,28.68508],[77.204,28.68819],[77.20255,28.6884],[77.20697,28.69222],[77.21243,28.70017],[77.21499,28.70238],[77.21858,28.70764],[77.22213,28.71579],[77.22657,28.71433],[77.23218,28.71431]]]}},{"id":"112","type":"Feature","properties":{"state":"DELHI","state_code":"7","district":"CENTRAL","district_code":"95","sub_district":"CIVIL LINES","sub_district_code":"00433","sub_district_type":"Sub Division","village":null,"village_category":"Fully_Urban","village_code":null},"geometry":{"type":"Polygon","coordinates":[[[77.19516,28.73178],[77.19541,28.72875],[77.19191,28.72567],[77.19218,28.72901],[77.19022,28.73176],[77.18654,28.73289],[77.1845,28.73559],[77.17944,28.73813],[77.17669,28.74049],[77.17501,28.74454],[77.17718,28.74825],[77.17813,28.74819],[77.17775,28.74894],[77.17967,28.75058],[77.18226,28.75094],[77.18427,28.74515],[77.18531,28.74405],[77.18861,28.74395],[77.18977,28.74021],[77.19292,28.73694],[77.1963,28.73495],[77.19516,28.73178]]]}},{"id":"113","type":"Feature","properties":{"state":"DELHI","state_code":"7","district":"CENTRAL","district_code":"95","sub_district":"CIVIL LINES","sub_district_code":"00433","sub_district_type":"Sub Division","village":null,"village_category":"Fully_Urban","village_code":null},"geometry":{"type":"Polygon","coordinates":[[[77.18471,28.74469],[77.19027,28.74874],[77.19629,28.75605],[77.19907,28.7572],[77.19632,28.74894],[77.19638,28.73699],[77.19812,28.73427],[77.19173,28.738],[77.18916,28.74121],[77.18861,28.74395],[77.18531,28.74405],[77.18471,28.74469]]]}},{"id":"114","type":"Feature","properties":{"state":"DELHI","state_code":"7","district":"CENTRAL","district_code":"95","sub_district":"CIVIL LINES","sub_district_code":"00433","sub_district_type":"Sub Division","village":null,"village_category":"Fully_Urban","village_code":"800441"},"geometry":{"type":"Polygon","coordinates":[[[77.1792,28.77031],[77.18606,28.77113],[77.18784,28.76943],[77.19012,28.76864],[77.1901,28.76767],[77.19371,28.76434],[77.19979,28.76012],[77.20327,28.75987],[77.20956,28.76418],[77.21807,28.76667],[77.21894,28.76376],[77.22201,28.75871],[77.22204,28.7515],[77.22129,28.75087],[77.22303,28.75066],[77.2202,28.74055],[77.21812,28.74056],[77.21241,28.73861],[77.20524,28.73539],[77.20185,28.73698],[77.19832,28.73735],[77.19712,28.73832],[77.19639,28.73786],[77.19635,28.74949],[77.19828,28.75432],[77.19859,28.75741],[77.19577,28.75558],[77.19027,28.74874],[77.18471,28.74469],[77.1836,28.74831],[77.18234,28.74964],[77.18246,28.75369],[77.18106,28.75494],[77.17874,28.75516],[77.17943,28.75795],[77.17454,28.75968],[77.17517,28.76313],[77.17444,28.76556],[77.17153,28.76731],[77.17201,28.77261],[77.1792,28.77031]]]}},{"id":"115","type":"Feature","properties":{"state":"DELHI","state_code":"7","district":"CENTRAL","district_code":"95","sub_district":"CIVIL LINES","sub_district_code":"00433","sub_district_type":"Sub Division","village":null,"village_category":"Fully_Urban","village_code":null},"geometry":{"type":"Polygon","coordinates":[[[77.20633,28.78449],[77.20737,28.77997],[77.21222,28.77725],[77.22122,28.77036],[77.22003,28.77031],[77.21807,28.76667],[77.20956,28.76418],[77.20327,28.75987],[77.19884,28.76021],[77.19653,28.76287],[77.19371,28.76434],[77.1901,28.76767],[77.19012,28.76864],[77.18784,28.76943],[77.18606,28.77113],[77.19528,28.77802],[77.1989,28.78169],[77.19817,28.78385],[77.20745,28.78777],[77.20633,28.78449]]]}},{"id":"116","type":"Feature","properties":{"state":"DELHI","state_code":"7","district":"CENTRAL","district_code":"95","sub_district":"CIVIL LINES","sub_district_code":"00433","sub_district_type":"Sub Division","village":"BADARPUR","village_category":"Rural","village_code":"063952"},"geometry":{"type":"Polygon","coordinates":[[[77.2143,28.78524],[77.21603,28.7852],[77.2185,28.78235],[77.21885,28.78025],[77.21765,28.77533],[77.22124,28.77036],[77.21222,28.77725],[77.20737,28.77997],[77.20621,28.7836],[77.20653,28.78608],[77.2078,28.78814],[77.2143,28.78524]]]}},{"id":"117","type":"Feature","properties":{"state":"DELHI","state_code":"7","district":"CENTRAL","district_code":"95","sub_district":"KOTWALI","sub_district_code":"00435","sub_district_type":"Sub Division","village":null,"village_category":"Fully_Urban","village_code":"800441"},"geometry":{"type":"Polygon","coordinates":[[[77.25946,28.6146],[77.25264,28.61292],[77.24922,28.61418],[77.24675,28.62152],[77.24382,28.625],[77.23016,28.63231],[77.23208,28.63503],[77.23233,28.64054],[77.23367,28.64231],[77.23115,28.64285],[77.23363,28.65186],[77.23487,28.65351],[77.23453,28.65496],[77.23255,28.65426],[77.23274,28.65531],[77.23058,28.65552],[77.22891,28.6519],[77.22742,28.65084],[77.22565,28.65328],[77.22137,28.65009],[77.21877,28.65339],[77.21729,28.6539],[77.21024,28.65378],[77.20954,28.65201],[77.20773,28.65251],[77.20644,28.6508],[77.20428,28.65916],[77.20667,28.66282],[77.20702,28.66589],[77.20955,28.6662],[77.21726,28.66375],[77.21857,28.66691],[77.2239,28.66768],[77.23446,28.67078],[77.23689,28.66686],[77.24284,28.66292],[77.24864,28.66139],[77.24999,28.66008],[77.25156,28.66052],[77.25408,28.65937],[77.26108,28.65363],[77.26289,28.65443],[77.26591,28.64919],[77.26644,28.64428],[77.26448,28.64317],[77.26298,28.63672],[77.25831,28.62965],[77.25915,28.62782],[77.25764,28.62535],[77.25722,28.6227],[77.25946,28.6146]]]}},{"id":"118","type":"Feature","properties":{"state":"DELHI","state_code":"7","district":"CENTRAL","district_code":"95","sub_district":"NAZUL","sub_district_code":"00433","sub_district_type":"Sub Division","village":null,"village_category":"Fully_Urban","village_code":"800441"},"geometry":{"type":"Polygon","coordinates":[[[77.23773,28.71237],[77.24206,28.71419],[77.25046,28.71326],[77.25268,28.71043],[77.25085,28.70589],[77.24646,28.70716],[77.24199,28.69077],[77.24439,28.69],[77.24683,28.68791],[77.2495,28.68766],[77.24886,28.68471],[77.2505,28.68329],[77.25086,28.68422],[77.25493,28.68464],[77.2552,28.68366],[77.25773,28.68364],[77.25438,28.67083],[77.25372,28.67105],[77.25237,28.66927],[77.25117,28.66937],[77.25009,28.66538],[77.25183,28.66249],[77.2594,28.6594],[77.26122,28.65625],[77.27221,28.66227],[77.27167,28.66176],[77.27386,28.65574],[77.27363,28.65265],[77.27455,28.65157],[77.27204,28.65095],[77.26994,28.64783],[77.27202,28.64751],[77.2719,28.64381],[77.27335,28.643],[77.27178,28.64185],[77.27124,28.63963],[77.2696,28.63859],[77.27034,28.63638],[77.26989,28.63301],[77.28741,28.60877],[77.29044,28.60221],[77.3032,28.58384],[77.29838,28.58015],[77.29973,28.5786],[77.30007,28.57628],[77.29849,28.57117],[77.29215,28.5774],[77.29185,28.58029],[77.28785,28.58555],[77.28493,28.58678],[77.27811,28.58513],[77.27836,28.58801],[77.28081,28.58968],[77.28043,28.5952],[77.27922,28.59859],[77.27391,28.60199],[77.26539,28.59577],[77.26729,28.59204],[77.2652,28.59166],[77.25594,28.6089],[77.25568,28.61359],[77.25946,28.6146],[77.25722,28.6227],[77.25764,28.62535],[77.25915,28.62782],[77.25837,28.62987],[77.26298,28.63672],[77.26437,28.64296],[77.26644,28.64428],[77.26647,28.6469],[77.26289,28.65443],[77.26108,28.65363],[77.25408,28.65937],[77.25156,28.66052],[77.24999,28.66008],[77.24864,28.66139],[77.24312,28.66278],[77.24047,28.66445],[77.23689,28.66686],[77.23285,28.67389],[77.23074,28.68198],[77.23105,28.68753],[77.22994,28.69143],[77.22985,28.69949],[77.23179,28.71087],[77.23259,28.7119],[77.23571,28.71281],[77.23686,28.71453],[77.23773,28.71237]]]}},{"id":"119","type":"Feature","properties":{"state":"DELHI","state_code":"7","district":"EAST","district_code":"093","sub_district":"MAYUR VIHAR","sub_district_code":"06182","sub_district_type":"Sub Division","village":null,"village_category":"Fully_Urban","village_code":null},"geometry":{"type":"Polygon","coordinates":[[[77.30784,28.6119],[77.31062,28.6097],[77.31381,28.60983],[77.32914,28.60013],[77.32517,28.59805],[77.31221,28.59645],[77.31214,28.59735],[77.30569,28.60105],[77.30181,28.6044],[77.30499,28.60921],[77.30784,28.6119]]]}},{"id":"120","type":"Feature","properties":{"state":"DELHI","state_code":"7","district":"EAST","district_code":"093","sub_district":"MAYUR VIHAR","sub_district_code":"06182","sub_district_type":"Sub Division","village":"CHILLA SARODA KHADAR","village_category":"Rural","village_code":"063990"},"geometry":{"type":"Polygon","coordinates":[[[77.30566,28.58653],[77.3032,28.58384],[77.29017,28.60293],[77.29162,28.60335],[77.29283,28.60259],[77.29539,28.59638],[77.2981,28.59272],[77.30566,28.58653]]]}},{"id":"121","type":"Feature","properties":{"state":"DELHI","state_code":"7","district":"EAST","district_code":"093","sub_district":"MAYUR VIHAR","sub_district_code":"06182","sub_district_type":"Sub Division","village":null,"village_category":"Fully_Urban","village_code":null},"geometry":{"type":"Polygon","coordinates":[[[77.29031,28.60301],[77.28942,28.60426],[77.28829,28.60743],[77.29162,28.60335],[77.29031,28.60301]]]}},{"id":"122","type":"Feature","properties":{"state":"DELHI","state_code":"7","district":"EAST","district_code":"093","sub_district":"MAYUR VIHAR","sub_district_code":"06182","sub_district_type":"Sub Division","village":null,"village_category":"Fully_Urban","village_code":null},"geometry":{"type":"Polygon","coordinates":[[[77.28716,28.60916],[77.28092,28.61813],[77.282,28.61936],[77.28862,28.61063],[77.28716,28.60916]]]}},{"id":"123","type":"Feature","properties":{"state":"DELHI","state_code":"7","district":"EAST","district_code":"093","sub_district":"GANDHI NAGAR","sub_district_code":"00439","sub_district_type":"Sub Division","village":"SHAKARPUR BARAMAD","village_category":"Rural","village_code":"063983"},"geometry":{"type":"Polygon","coordinates":[[[77.27733,28.6226],[77.28204,28.6194],[77.28093,28.61816],[77.27922,28.61974],[77.27733,28.6226]]]}},{"id":"124","type":"Feature","properties":{"state":"DELHI","state_code":"7","district":"EAST","district_code":"093","sub_district":"GANDHI NAGAR","sub_district_code":"00439","sub_district_type":"Sub Division","village":null,"village_category":"Fully_Urban","village_code":null},"geometry":{"type":"Polygon","coordinates":[[[77.28128,28.63413],[77.28511,28.62702],[77.2864,28.62113],[77.28204,28.6194],[77.27733,28.6226],[77.27097,28.63128],[77.27543,28.63161],[77.28128,28.63413]]]}},{"id":"125","type":"Feature","properties":{"state":"DELHI","state_code":"7","district":"EAST","district_code":"093","sub_district":"MAYUR VIHAR","sub_district_code":"06182","sub_district_type":"Sub Division","village":null,"village_category":"Fully_Urban","village_code":null},"geometry":{"type":"Polygon","coordinates":[[[77.28715,28.60914],[77.28862,28.61063],[77.28633,28.61284],[77.28556,28.61498],[77.28204,28.6194],[77.28635,28.62111],[77.2884,28.61847],[77.29062,28.61949],[77.29271,28.61822],[77.29823,28.61693],[77.29404,28.61212],[77.29159,28.61117],[77.29584,28.60556],[77.2939,28.60464],[77.29377,28.60374],[77.29292,28.60424],[77.29216,28.6037],[77.29282,28.6026],[77.28715,28.60914]]]}},{"id":"126","type":"Feature","properties":{"state":"DELHI","state_code":"7","district":"EAST","district_code":"093","sub_district":"MAYUR VIHAR","sub_district_code":"06182","sub_district_type":"Sub Division","village":null,"village_category":"Fully_Urban","village_code":null},"geometry":{"type":"Polygon","coordinates":[[[77.29539,28.61378],[77.30652,28.61438],[77.3081,28.61213],[77.30484,28.60905],[77.3015,28.60429],[77.29667,28.60623],[77.29584,28.60556],[77.29159,28.61117],[77.29404,28.61212],[77.29539,28.61378]]]}},{"id":"127","type":"Feature","properties":{"state":"DELHI","state_code":"7","district":"EAST","district_code":"093","sub_district":"MAYUR VIHAR","sub_district_code":"06182","sub_district_type":"Sub Division","village":null,"village_category":"Fully_Urban","village_code":null},"geometry":{"type":"Polygon","coordinates":[[[77.29667,28.60623],[77.30181,28.6044],[77.30569,28.60105],[77.31214,28.59735],[77.31221,28.59645],[77.31329,28.59645],[77.31051,28.59087],[77.30566,28.58653],[77.2981,28.59272],[77.29244,28.60232],[77.29216,28.6037],[77.29292,28.60424],[77.29377,28.60374],[77.2939,28.60464],[77.29667,28.60623]]]}},{"id":"128","type":"Feature","properties":{"state":"DELHI","state_code":"7","district":"EAST","district_code":"093","sub_district":"MAYUR VIHAR","sub_district_code":"06182","sub_district_type":"Sub Division","village":null,"village_category":"Fully_Urban","village_code":null},"geometry":{"type":"Polygon","coordinates":[[[77.32303,28.61558],[77.32618,28.61511],[77.32811,28.61317],[77.32754,28.61094],[77.33414,28.60452],[77.33512,28.60179],[77.32914,28.60013],[77.31381,28.60983],[77.31062,28.6097],[77.30784,28.6119],[77.31862,28.61483],[77.32213,28.61466],[77.32303,28.61558]]]}},{"id":"129","type":"Feature","properties":{"state":"DELHI","state_code":"7","district":"EAST","district_code":"093","sub_district":"MAYUR VIHAR","sub_district_code":"06182","sub_district_type":"Sub Division","village":null,"village_category":"Fully_Urban","village_code":null},"geometry":{"type":"Polygon","coordinates":[[[77.33913,28.60333],[77.33512,28.60179],[77.33414,28.60452],[77.32754,28.61094],[77.32811,28.61317],[77.32635,28.61444],[77.32656,28.61885],[77.32515,28.62274],[77.32566,28.6229],[77.32404,28.62571],[77.33214,28.63031],[77.3397,28.62416],[77.34033,28.62253],[77.34256,28.62197],[77.34149,28.61744],[77.34242,28.60888],[77.34168,28.60606],[77.33913,28.60333]]]}},{"id":"130","type":"Feature","properties":{"state":"DELHI","state_code":"7","district":"EAST","district_code":"093","sub_district":"MAYUR VIHAR","sub_district_code":"06182","sub_district_type":"Sub Division","village":null,"village_category":"Fully_Urban","village_code":null},"geometry":{"type":"Polygon","coordinates":[[[77.30305,28.62505],[77.31131,28.62399],[77.31537,28.62575],[77.32006,28.62528],[77.32166,28.62426],[77.32393,28.62576],[77.32566,28.6229],[77.32515,28.62274],[77.32653,28.61896],[77.32671,28.61593],[77.32617,28.61512],[77.32303,28.61558],[77.32213,28.61466],[77.31909,28.61492],[77.30807,28.61215],[77.30652,28.61438],[77.29566,28.61406],[77.29824,28.61687],[77.29624,28.61741],[77.30158,28.62336],[77.3023,28.62313],[77.30305,28.62505]]]}},{"id":"131","type":"Feature","properties":{"state":"DELHI","state_code":"7","district":"EAST","district_code":"093","sub_district":"PREET VIHAR","sub_district_code":"00441","sub_district_type":"Sub Division","village":null,"village_category":"Fully_Urban","village_code":null},"geometry":{"type":"Polygon","coordinates":[[[77.31126,28.64108],[77.31537,28.64001],[77.31628,28.6412],[77.3237,28.63432],[77.32465,28.63465],[77.33214,28.63031],[77.32171,28.62427],[77.31713,28.62571],[77.31013,28.62382],[77.30305,28.62505],[77.30324,28.62742],[77.30495,28.63003],[77.3076,28.6313],[77.31374,28.63732],[77.31239,28.63877],[77.31126,28.64108]]]}},{"id":"132","type":"Feature","properties":{"state":"DELHI","state_code":"7","district":"EAST","district_code":"093","sub_district":"PREET VIHAR","sub_district_code":"00441","sub_district_type":"Sub Division","village":null,"village_category":"Fully_Urban","village_code":null},"geometry":{"type":"Polygon","coordinates":[[[77.30498,28.63006],[77.30312,28.63284],[77.30558,28.63521],[77.30904,28.64212],[77.31123,28.64113],[77.31376,28.63734],[77.3076,28.6313],[77.30498,28.63006]]]}},{"id":"133","type":"Feature","properties":{"state":"DELHI","state_code":"7","district":"EAST","district_code":"093","sub_district":"PREET VIHAR","sub_district_code":"00441","sub_district_type":"Sub Division","village":null,"village_category":"Fully_Urban","village_code":null},"geometry":{"type":"Polygon","coordinates":[[[77.30494,28.63007],[77.30324,28.62742],[77.3023,28.62313],[77.30158,28.62336],[77.29624,28.61741],[77.29062,28.61949],[77.2884,28.61847],[77.28635,28.62111],[77.28463,28.62849],[77.28128,28.63413],[77.29278,28.63952],[77.29937,28.64582],[77.30171,28.64377],[77.30904,28.64212],[77.30558,28.63521],[77.30312,28.63284],[77.30494,28.63007]]]}},{"id":"134","type":"Feature","properties":{"state":"DELHI","state_code":"7","district":"EAST","district_code":"093","sub_district":"PREET VIHAR","sub_district_code":"00441","sub_district_type":"Sub Division","village":null,"village_category":"Fully_Urban","village_code":null},"geometry":{"type":"Polygon","coordinates":[[[77.27101,28.63146],[77.26989,28.63301],[77.27034,28.63638],[77.2696,28.63859],[77.27124,28.63963],[77.27178,28.64185],[77.27335,28.643],[77.2719,28.64381],[77.27202,28.64751],[77.26994,28.64783],[77.27208,28.65098],[77.27748,28.65242],[77.27735,28.65381],[77.28922,28.65787],[77.2934,28.65375],[77.29685,28.64834],[77.29967,28.6461],[77.29294,28.63962],[77.28858,28.63726],[77.27657,28.63196],[77.27287,28.63093],[77.27101,28.63146]]]}},{"id":"135","type":"Feature","properties":{"state":"DELHI","state_code":"7","district":"NEW DELHI","district_code":"94","sub_district":"VASANT VIHAR","sub_district_code":"00453","sub_district_type":"Sub Division","village":null,"village_category":"Fully_Urban","village_code":null},"geometry":{"type":"Polygon","coordinates":[[[77.1426,28.55326],[77.14791,28.54918],[77.14891,28.54079],[77.14261,28.54172],[77.13732,28.53888],[77.13297,28.53843],[77.12875,28.5394],[77.12756,28.53889],[77.12623,28.54031],[77.11645,28.54384],[77.11218,28.54625],[77.1148,28.55004],[77.11019,28.55293],[77.11469,28.55762],[77.11645,28.55807],[77.11789,28.55674],[77.12097,28.55605],[77.12322,28.55621],[77.1245,28.55737],[77.13243,28.55506],[77.13681,28.55519],[77.1426,28.55326]]]}},{"id":"136","type":"Feature","properties":{"state":"DELHI","state_code":"7","district":"NEW DELHI","district_code":"94","sub_district":"VASANT VIHAR","sub_district_code":"00453","sub_district_type":"Sub Division","village":"KUSUMPUR","village_category":"Rural","village_code":"064056"},"geometry":{"type":"Polygon","coordinates":[[[77.1597,28.54759],[77.16055,28.54544],[77.15421,28.54575],[77.14895,28.54344],[77.14791,28.54918],[77.14201,28.55344],[77.14683,28.56426],[77.15114,28.56381],[77.15859,28.5591],[77.16303,28.55724],[77.1617,28.5558],[77.16018,28.55173],[77.1597,28.54759]]]}},{"id":"137","type":"Feature","properties":{"state":"DELHI","state_code":"7","district":"NEW DELHI","district_code":"94","sub_district":"VASANT VIHAR","sub_district_code":"00453","sub_district_type":"Sub Division","village":null,"village_category":"Fully_Urban","village_code":null},"geometry":{"type":"Polygon","coordinates":[[[77.16027,28.54543],[77.17041,28.54024],[77.17489,28.53593],[77.1695,28.53338],[77.16403,28.52639],[77.15947,28.5258],[77.15621,28.52126],[77.14712,28.52349],[77.14239,28.52352],[77.14842,28.53871],[77.14895,28.54344],[77.15421,28.54575],[77.16027,28.54543]]]}},{"id":"138","type":"Feature","properties":{"state":"DELHI","state_code":"7","district":"NEW DELHI","district_code":"94","sub_district":"VASANT VIHAR","sub_district_code":"00453","sub_district_type":"Sub Division","village":null,"village_category":"Fully_Urban","village_code":null},"geometry":{"type":"Polygon","coordinates":[[[77.14239,28.52352],[77.13419,28.52404],[77.13339,28.5209],[77.13193,28.51904],[77.13068,28.51929],[77.12124,28.5238],[77.11602,28.52942],[77.11454,28.53],[77.11296,28.52946],[77.10671,28.53311],[77.10341,28.53629],[77.10263,28.53766],[77.10308,28.53889],[77.10889,28.54546],[77.11199,28.54631],[77.11645,28.54384],[77.12623,28.54031],[77.12756,28.53889],[77.12874,28.5394],[77.13292,28.53844],[77.13717,28.53885],[77.14261,28.54172],[77.14891,28.54079],[77.14239,28.52352]]]}},{"id":"139","type":"Feature","properties":{"state":"DELHI","state_code":"7","district":"NEW DELHI","district_code":"94","sub_district":"VASANT VIHAR","sub_district_code":"00453","sub_district_type":"Sub Division","village":null,"village_category":"Fully_Urban","village_code":null},"geometry":{"type":"Polygon","coordinates":[[[77.08892,28.53853],[77.10264,28.53765],[77.1061,28.53354],[77.11295,28.52947],[77.10679,28.52571],[77.10302,28.52437],[77.09986,28.52131],[77.08558,28.53176],[77.08672,28.53527],[77.08892,28.53853]]]}},{"id":"140","type":"Feature","properties":{"state":"DELHI","state_code":"7","district":"NEW DELHI","district_code":"94","sub_district":"VASANT VIHAR","sub_district_code":"00453","sub_district_type":"Sub Division","village":null,"village_category":"Fully_Urban","village_code":null},"geometry":{"type":"Polygon","coordinates":[[[77.09375,28.53786],[77.07919,28.54064],[77.07131,28.54379],[77.07054,28.5482],[77.07163,28.55022],[77.07443,28.5504],[77.07803,28.55293],[77.08185,28.55313],[77.0848,28.55841],[77.08281,28.55962],[77.08487,28.56195],[77.08913,28.56144],[77.09083,28.56299],[77.09969,28.55763],[77.09974,28.55697],[77.10901,28.55354],[77.1148,28.55004],[77.11216,28.54623],[77.10889,28.54546],[77.10411,28.5405],[77.10263,28.53766],[77.09375,28.53786]]]}},{"id":"141","type":"Feature","properties":{"state":"DELHI","state_code":"7","district":"NEW DELHI","district_code":"94","sub_district":"DELHI CANTONMENT","sub_district_code":"00452","sub_district_type":"Sub Division","village":"MURADABAD PAHARI","village_category":"Rural","village_code":"064055"},"geometry":{"type":"Polygon","coordinates":[[[77.15114,28.56381],[77.14533,28.56424],[77.14188,28.56631],[77.13636,28.571],[77.1354,28.5741],[77.13809,28.57771],[77.14288,28.57566],[77.1498,28.57684],[77.15602,28.57397],[77.16365,28.57245],[77.15946,28.56547],[77.16279,28.56336],[77.16477,28.56038],[77.16303,28.55724],[77.15859,28.5591],[77.15114,28.56381]]]}},{"id":"142","type":"Feature","properties":{"state":"DELHI","state_code":"7","district":"NEW DELHI","district_code":"94","sub_district":"VASANT VIHAR","sub_district_code":"00453","sub_district_type":"Sub Division","village":null,"village_category":"Fully_Urban","village_code":"800442"},"geometry":{"type":"Polygon","coordinates":[[[77.18115,28.549],[77.17622,28.54798],[77.16959,28.54796],[77.16449,28.54558],[77.16055,28.54544],[77.15981,28.547],[77.16055,28.55307],[77.16478,28.56035],[77.16279,28.56336],[77.15946,28.56547],[77.16638,28.57763],[77.16858,28.58464],[77.17186,28.58418],[77.17954,28.58103],[77.18123,28.58111],[77.18661,28.57787],[77.18962,28.57416],[77.18873,28.56389],[77.18318,28.56091],[77.18128,28.55865],[77.18418,28.5576],[77.18236,28.55666],[77.18165,28.55535],[77.18374,28.55503],[77.18291,28.5516],[77.18115,28.549]]]}},{"id":"143","type":"Feature","properties":{"state":"DELHI","state_code":"7","district":"NEW DELHI","district_code":"94","sub_district":"VASANT VIHAR","sub_district_code":"00453","sub_district_type":"Sub Division","village":null,"village_category":"Fully_Urban","village_code":null},"geometry":{"type":"Polygon","coordinates":[[[77.16381,28.57271],[77.15616,28.57392],[77.1496,28.57687],[77.14281,28.57567],[77.13809,28.57771],[77.13658,28.58234],[77.1379,28.5849],[77.14363,28.58614],[77.14946,28.584],[77.1603,28.58804],[77.16208,28.58969],[77.16859,28.58469],[77.16646,28.57781],[77.16381,28.57271]]]}},{"id":"144","type":"Feature","properties":{"state":"DELHI","state_code":"7","district":"NEW DELHI","district_code":"94","sub_district":"VASANT VIHAR","sub_district_code":"00453","sub_district_type":"Sub Division","village":null,"village_category":"Fully_Urban","village_code":"800442"},"geometry":{"type":"Polygon","coordinates":[[[77.20768,28.57194],[77.20588,28.56208],[77.20423,28.56358],[77.20084,28.56234],[77.19899,28.56924],[77.19343,28.56508],[77.19236,28.56261],[77.18775,28.56293],[77.18924,28.56492],[77.18962,28.57416],[77.18661,28.57787],[77.18149,28.58089],[77.18419,28.58328],[77.1892,28.58179],[77.21017,28.58017],[77.20768,28.57194]]]}},{"id":"145","type":"Feature","properties":{"state":"DELHI","state_code":"7","district":"NEW DELHI","district_code":"94","sub_district":"DELHI CANTONMENT","sub_district_code":"00452","sub_district_type":"Sub Division","village":null,"village_category":"Fully_Urban","village_code":null},"geometry":{"type":"Polygon","coordinates":[[[77.09108,28.5632],[77.08913,28.56144],[77.08619,28.56211],[77.08389,28.56139],[77.08281,28.55962],[77.0848,28.55841],[77.0831,28.55434],[77.08154,28.55293],[77.07732,28.55262],[77.07443,28.5504],[77.07201,28.55041],[77.07054,28.5482],[77.06118,28.55261],[77.05063,28.5589],[77.05576,28.56683],[77.06766,28.56162],[77.06911,28.56253],[77.07033,28.56192],[77.07141,28.5632],[77.07238,28.56256],[77.07295,28.56351],[77.07767,28.5616],[77.07962,28.56435],[77.08645,28.56419],[77.09108,28.5632]]]}},{"id":"146","type":"Feature","properties":{"state":"DELHI","state_code":"7","district":"NEW DELHI","district_code":"94","sub_district":"DELHI CANTONMENT","sub_district_code":"00452","sub_district_type":"Sub Division","village":null,"village_category":"Fully_Urban","village_code":null},"geometry":{"type":"Polygon","coordinates":[[[77.06511,28.56987],[77.0652,28.56416],[77.06224,28.56427],[77.05576,28.56683],[77.05877,28.57146],[77.06511,28.56987]]]}},{"id":"147","type":"Feature","properties":{"state":"DELHI","state_code":"7","district":"NEW DELHI","district_code":"94","sub_district":"DELHI CANTONMENT","sub_district_code":"00452","sub_district_type":"Sub Division","village":null,"village_category":"Fully_Urban","village_code":"800443"},"geometry":{"type":"Polygon","coordinates":[[[77.06512,28.56969],[77.06883,28.56811],[77.07251,28.56461],[77.07033,28.56192],[77.06911,28.56253],[77.06766,28.56162],[77.06224,28.56427],[77.0652,28.56416],[77.06512,28.56969]]]}},{"id":"148","type":"Feature","properties":{"state":"DELHI","state_code":"7","district":"NEW DELHI","district_code":"94","sub_district":"DELHI CANTONMENT","sub_district_code":"00452","sub_district_type":"Sub Division","village":null,"village_category":"Fully_Urban","village_code":null},"geometry":{"type":"Polygon","coordinates":[[[77.06558,28.56978],[77.06782,28.57376],[77.06946,28.57493],[77.07245,28.57436],[77.08219,28.57067],[77.08873,28.56459],[77.08843,28.56381],[77.07962,28.56435],[77.07767,28.5616],[77.07295,28.56351],[77.07237,28.56256],[77.07142,28.56319],[77.07251,28.56461],[77.07019,28.56709],[77.06558,28.56978]]]}},{"id":"149","type":"Feature","properties":{"state":"DELHI","state_code":"7","district":"NEW DELHI","district_code":"94","sub_district":"DELHI CANTONMENT","sub_district_code":"00452","sub_district_type":"Sub Division","village":null,"village_category":"Fully_Urban","village_code":null},"geometry":{"type":"Polygon","coordinates":[[[77.10336,28.59724],[77.0997,28.59876],[77.10033,28.59989],[77.09883,28.60102],[77.10193,28.60502],[77.10195,28.60634],[77.10474,28.60462],[77.10712,28.60162],[77.10336,28.59724]]]}},{"id":"150","type":"Feature","properties":{"state":"DELHI","state_code":"7","district":"NEW DELHI","district_code":"94","sub_district":"DELHI CANTONMENT","sub_district_code":"00452","sub_district_type":"Sub Division","village":null,"village_category":"Fully_Urban","village_code":null},"geometry":{"type":"Polygon","coordinates":[[[77.10306,28.60595],[77.10394,28.61276],[77.11368,28.61766],[77.11685,28.61474],[77.11928,28.61018],[77.12074,28.60934],[77.12273,28.60551],[77.1215,28.60364],[77.12284,28.60235],[77.11563,28.5937],[77.11127,28.5981],[77.10823,28.59967],[77.10633,28.60304],[77.10306,28.60595]]]}},{"id":"151","type":"Feature","properties":{"state":"DELHI","state_code":"7","district":"NEW DELHI","district_code":"94","sub_district":"DELHI CANTONMENT","sub_district_code":"00452","sub_district_type":"Sub Division","village":null,"village_category":"Fully_Urban","village_code":null},"geometry":{"type":"Polygon","coordinates":[[[77.14708,28.64021],[77.14968,28.63725],[77.14687,28.63404],[77.14976,28.62926],[77.15223,28.62042],[77.15536,28.61542],[77.15782,28.61368],[77.15305,28.60499],[77.14838,28.60446],[77.14558,28.60308],[77.13941,28.60598],[77.13214,28.60625],[77.13108,28.60568],[77.12901,28.60645],[77.12659,28.60526],[77.1228,28.60543],[77.11685,28.61474],[77.11368,28.61766],[77.11531,28.61818],[77.11637,28.62006],[77.11575,28.62055],[77.11824,28.62731],[77.11933,28.62808],[77.12196,28.62771],[77.12265,28.62863],[77.12199,28.6291],[77.12252,28.63046],[77.12196,28.63172],[77.12527,28.63894],[77.13629,28.64103],[77.14562,28.6382],[77.14708,28.64021]]]}},{"id":"152","type":"Feature","properties":{"state":"DELHI","state_code":"7","district":"NEW DELHI","district_code":"94","sub_district":"DELHI CANTONMENT","sub_district_code":"00452","sub_district_type":"Sub Division","village":null,"village_category":"Fully_Urban","village_code":null},"geometry":{"type":"Polygon","coordinates":[[[77.16169,28.633],[77.16659,28.62711],[77.16482,28.62332],[77.16167,28.62043],[77.15784,28.61366],[77.15536,28.61542],[77.15223,28.62042],[77.14976,28.62926],[77.14687,28.63404],[77.14968,28.63725],[77.15323,28.63949],[77.16169,28.633]]]}},{"id":"153","type":"Feature","properties":{"state":"DELHI","state_code":"7","district":"NEW DELHI","district_code":"94","sub_district":"DELHI CANTONMENT","sub_district_code":"00452","sub_district_type":"Sub Division","village":null,"village_category":"Fully_Urban","village_code":null},"geometry":{"type":"Polygon","coordinates":[[[77.18419,28.58328],[77.18253,28.58129],[77.17921,28.58113],[77.17186,28.58418],[77.16859,28.58463],[77.16208,28.58969],[77.1603,28.58804],[77.14946,28.584],[77.14363,28.58614],[77.1379,28.5849],[77.13653,28.58139],[77.13813,28.57776],[77.1354,28.5741],[77.13575,28.57198],[77.14141,28.56662],[77.14516,28.5643],[77.14683,28.56426],[77.14201,28.55344],[77.13681,28.55519],[77.13318,28.55494],[77.12727,28.55614],[77.1245,28.55737],[77.12322,28.55621],[77.12097,28.55605],[77.11789,28.55674],[77.11645,28.55807],[77.11469,28.55762],[77.11019,28.55293],[77.09974,28.55697],[77.09469,28.56085],[77.09117,28.56239],[77.09037,28.56372],[77.08843,28.56381],[77.08851,28.5649],[77.08114,28.57118],[77.0961,28.588],[77.09621,28.59149],[77.09934,28.59093],[77.10098,28.58994],[77.10072,28.58881],[77.10453,28.58721],[77.10615,28.58934],[77.10428,28.59152],[77.10553,28.59517],[77.10336,28.59724],[77.10712,28.60162],[77.10823,28.59967],[77.11127,28.5981],[77.11563,28.5937],[77.12216,28.60108],[77.12279,28.60287],[77.1215,28.60364],[77.12273,28.60551],[77.12659,28.60526],[77.12901,28.60645],[77.13108,28.60568],[77.13214,28.60625],[77.13941,28.60598],[77.14558,28.60308],[77.14838,28.60446],[77.15305,28.60499],[77.16155,28.62025],[77.16482,28.62332],[77.16659,28.62711],[77.16549,28.62796],[77.17266,28.62999],[77.17666,28.6301],[77.17781,28.62704],[77.18168,28.62366],[77.17766,28.61944],[77.17731,28.61677],[77.17595,28.61466],[77.17571,28.61139],[77.17068,28.6046],[77.17228,28.60129],[77.16837,28.59543],[77.17461,28.58747],[77.18419,28.58328]]]}},{"id":"154","type":"Feature","properties":{"state":"DELHI","state_code":"7","district":"NEW DELHI","district_code":"94","sub_district":"VASANT VIHAR","sub_district_code":"00453","sub_district_type":"Sub Division","village":null,"village_category":"Fully_Urban","village_code":null},"geometry":{"type":"Polygon","coordinates":[[[77.11567,28.52958],[77.12124,28.5238],[77.13193,28.51904],[77.12979,28.50967],[77.12916,28.50193],[77.12623,28.49656],[77.12142,28.49583],[77.11697,28.49636],[77.09592,28.50652],[77.09853,28.51104],[77.09969,28.51099],[77.1036,28.51812],[77.09986,28.52131],[77.10382,28.52481],[77.10679,28.52571],[77.11323,28.5296],[77.11567,28.52958]]]}},{"id":"155","type":"Feature","properties":{"state":"DELHI","state_code":"7","district":"NEW DELHI","district_code":"94","sub_district":"VASANT VIHAR","sub_district_code":"00453","sub_district_type":"Sub Division","village":null,"village_category":"Fully_Urban","village_code":null},"geometry":{"type":"Polygon","coordinates":[[[77.1297,28.5067],[77.13671,28.50434],[77.14337,28.49749],[77.14754,28.49972],[77.15,28.49951],[77.1478,28.49241],[77.14519,28.48834],[77.1444,28.48393],[77.1373,28.4867],[77.13266,28.4876],[77.12705,28.48696],[77.11857,28.48805],[77.12073,28.49594],[77.12623,28.49656],[77.12758,28.49865],[77.12916,28.50193],[77.1297,28.5067]]]}},{"id":"156","type":"Feature","properties":{"state":"DELHI","state_code":"7","district":"NEW DELHI","district_code":"94","sub_district":"CHANKYA PURI","sub_district_code":"00443","sub_district_type":"Sub Division","village":null,"village_category":"Fully_Urban","village_code":"800442"},"geometry":{"type":"Polygon","coordinates":[[[77.22459,28.63504],[77.24382,28.625],[77.24675,28.62152],[77.24922,28.61418],[77.25264,28.61292],[77.25568,28.61359],[77.25607,28.60867],[77.25039,28.60765],[77.24554,28.60551],[77.24259,28.60818],[77.23315,28.6025],[77.23337,28.59509],[77.23551,28.5921],[77.21209,28.58937],[77.21222,28.58807],[77.2061,28.58746],[77.20326,28.58825],[77.20049,28.59149],[77.20016,28.58741],[77.20214,28.58081],[77.1892,28.58179],[77.17786,28.58555],[77.17461,28.58747],[77.16837,28.59543],[77.17228,28.60129],[77.17068,28.6046],[77.17571,28.61139],[77.17595,28.61466],[77.17731,28.61677],[77.17766,28.61944],[77.18864,28.62959],[77.19046,28.6341],[77.19644,28.64099],[77.19827,28.64604],[77.21822,28.63437],[77.21967,28.63547],[77.22272,28.63523],[77.22363,28.63639],[77.22459,28.63504]]]}},{"id":"157","type":"Feature","properties":{"state":"DELHI","state_code":"7","district":"NORTH","district_code":"91","sub_district":"MODEL TOWN","sub_district_code":"00432","sub_district_type":"Sub Division","village":null,"village_category":"Fully_Urban","village_code":null},"geometry":{"type":"Polygon","coordinates":[[[77.20255,28.6884],[77.204,28.68819],[77.20405,28.68515],[77.20033,28.68593],[77.19781,28.6844],[77.19701,28.68467],[77.19361,28.68896],[77.18836,28.69108],[77.18906,28.69372],[77.18817,28.6946],[77.18827,28.69605],[77.19196,28.69996],[77.19405,28.6989],[77.19538,28.69975],[77.19551,28.70243],[77.2014,28.70031],[77.20304,28.70317],[77.20307,28.70552],[77.21568,28.70338],[77.21243,28.70017],[77.20697,28.69222],[77.20255,28.6884]]]}},{"id":"158","type":"Feature","properties":{"state":"DELHI","state_code":"7","district":"NORTH","district_code":"91","sub_district":"MODEL TOWN","sub_district_code":"00432","sub_district_type":"Sub Division","village":null,"village_category":"Fully_Urban","village_code":null},"geometry":{"type":"Polygon","coordinates":[[[77.17621,28.70167],[77.17643,28.70365],[77.18024,28.70875],[77.18398,28.71196],[77.19863,28.70884],[77.20307,28.70552],[77.20304,28.70317],[77.2014,28.70031],[77.19551,28.70243],[77.19538,28.69975],[77.19405,28.6989],[77.19196,28.69996],[77.18827,28.69605],[77.18817,28.6946],[77.18583,28.69279],[77.18571,28.69396],[77.18465,28.69387],[77.18229,28.69639],[77.17967,28.69756],[77.17943,28.699],[77.18183,28.70019],[77.18123,28.70096],[77.17781,28.70005],[77.17621,28.70167]]]}},{"id":"159","type":"Feature","properties":{"state":"DELHI","state_code":"7","district":"NORTH","district_code":"91","sub_district":"MODEL TOWN","sub_district_code":"00432","sub_district_type":"Sub Division","village":null,"village_category":"Fully_Urban","village_code":null},"geometry":{"type":"Polygon","coordinates":[[[77.22213,28.71579],[77.21858,28.70764],[77.21568,28.70338],[77.20278,28.7056],[77.19889,28.70873],[77.20066,28.71068],[77.20296,28.71042],[77.20451,28.71292],[77.20938,28.71252],[77.21253,28.71427],[77.21643,28.72095],[77.22213,28.71579]]]}},{"id":"160","type":"Feature","properties":{"state":"DELHI","state_code":"7","district":"NORTH","district_code":"91","sub_district":"MODEL TOWN","sub_district_code":"00432","sub_district_type":"Sub Division","village":null,"village_category":"Fully_Urban","village_code":null},"geometry":{"type":"Polygon","coordinates":[[[77.21643,28.72095],[77.21253,28.71427],[77.20938,28.71252],[77.20451,28.71292],[77.20296,28.71042],[77.20066,28.71068],[77.19889,28.70873],[77.18398,28.71196],[77.18689,28.71589],[77.18889,28.72464],[77.19196,28.72569],[77.19541,28.72875],[77.20618,28.7271],[77.21536,28.72664],[77.2152,28.72235],[77.21643,28.72095]]]}},{"id":"161","type":"Feature","properties":{"state":"DELHI","state_code":"7","district":"NORTH","district_code":"91","sub_district":"MODEL TOWN","sub_district_code":"00432","sub_district_type":"Sub Division","village":null,"village_category":"Fully_Urban","village_code":"800441"},"geometry":{"type":"Polygon","coordinates":[[[77.1843,28.71237],[77.1803,28.70883],[77.17643,28.70365],[77.17621,28.70167],[77.1729,28.69885],[77.17164,28.69854],[77.17074,28.69984],[77.16818,28.69901],[77.1637,28.70218],[77.16916,28.70823],[77.17912,28.71667],[77.1815,28.72224],[77.18299,28.72383],[77.18889,28.72464],[77.18689,28.71589],[77.1843,28.71237]]]}},{"id":"162","type":"Feature","properties":{"state":"DELHI","state_code":"7","district":"NORTH","district_code":"91","sub_district":"MODEL TOWN","sub_district_code":"00432","sub_district_type":"Sub Division","village":null,"village_category":"Fully_Urban","village_code":null},"geometry":{"type":"Polygon","coordinates":[[[77.16479,28.72754],[77.16998,28.72713],[77.17702,28.72426],[77.17388,28.72099],[77.17079,28.71598],[77.16213,28.70739],[77.16102,28.7098],[77.16405,28.71262],[77.16406,28.71438],[77.16284,28.71592],[77.16338,28.71709],[77.16194,28.71721],[77.16012,28.71883],[77.16479,28.72754]]]}},{"id":"163","type":"Feature","properties":{"state":"DELHI","state_code":"7","district":"NORTH","district_code":"91","sub_district":"MODEL TOWN","sub_district_code":"00432","sub_district_type":"Sub Division","village":null,"village_category":"Fully_Urban","village_code":null},"geometry":{"type":"Polygon","coordinates":[[[77.17695,28.72419],[77.18299,28.72383],[77.1815,28.72224],[77.17912,28.71667],[77.16916,28.70823],[77.1637,28.70218],[77.15888,28.7043],[77.17079,28.71598],[77.17388,28.72099],[77.17695,28.72419]]]}},{"id":"164","type":"Feature","properties":{"state":"DELHI","state_code":"7","district":"NORTH","district_code":"91","sub_district":"MODEL TOWN","sub_district_code":"00432","sub_district_type":"Sub Division","village":"SANJAR PUR","village_category":"Rural","village_code":"063949"},"geometry":{"type":"Polygon","coordinates":[[[77.17997,28.72387],[77.18258,28.72655],[77.18655,28.7329],[77.19022,28.73176],[77.19218,28.72901],[77.19191,28.72567],[77.18889,28.72464],[77.17997,28.72387]]]}},{"id":"165","type":"Feature","properties":{"state":"DELHI","state_code":"7","district":"NORTH","district_code":"91","sub_district":"MODEL TOWN","sub_district_code":"00432","sub_district_type":"Sub Division","village":null,"village_category":"Fully_Urban","village_code":null},"geometry":{"type":"Polygon","coordinates":[[[77.17466,28.75952],[77.17943,28.75795],[77.17869,28.75523],[77.1815,28.75474],[77.18261,28.75324],[77.18226,28.75094],[77.17942,28.7504],[77.17761,28.74878],[77.17812,28.74817],[77.17718,28.74825],[77.17552,28.74603],[77.17503,28.74439],[77.17638,28.74114],[77.17899,28.73841],[77.1845,28.73559],[77.18657,28.73292],[77.18254,28.72649],[77.17964,28.72374],[77.16998,28.72713],[77.16467,28.72755],[77.16422,28.72697],[77.16293,28.72768],[77.15881,28.73646],[77.1593,28.74142],[77.15767,28.74318],[77.15874,28.74394],[77.15773,28.7463],[77.15805,28.74876],[77.15982,28.75186],[77.15878,28.75485],[77.1705,28.75637],[77.17025,28.75882],[77.17466,28.75952]]]}},{"id":"166","type":"Feature","properties":{"state":"DELHI","state_code":"7","district":"NORTH","district_code":"91","sub_district":"ALIPUR","sub_district_code":"06179","sub_district_type":"Sub Division","village":null,"village_category":"Fully_Urban","village_code":null},"geometry":{"type":"Polygon","coordinates":[[[77.18606,28.77113],[77.18059,28.77026],[77.17549,28.77129],[77.17239,28.77272],[77.17379,28.77331],[77.17341,28.77427],[77.17468,28.77494],[77.17302,28.77572],[77.17572,28.77821],[77.18008,28.77894],[77.18197,28.77837],[77.18398,28.7814],[77.1871,28.78375],[77.18946,28.78756],[77.19087,28.78802],[77.19301,28.79031],[77.19608,28.79112],[77.19782,28.78922],[77.19699,28.78852],[77.1989,28.78169],[77.19528,28.77802],[77.18606,28.77113]]]}},{"id":"167","type":"Feature","properties":{"state":"DELHI","state_code":"7","district":"NORTH","district_code":"91","sub_district":"ALIPUR","sub_district_code":"06179","sub_district_type":"Sub Division","village":"TAHDI DAULATPUR","village_category":"Rural","village_code":"063899"},"geometry":{"type":"Polygon","coordinates":[[[77.2078,28.78814],[77.19817,28.78385],[77.19699,28.78852],[77.19782,28.78922],[77.19608,28.79112],[77.19941,28.79734],[77.20403,28.79082],[77.2078,28.78814]]]}},{"id":"168","type":"Feature","properties":{"state":"DELHI","state_code":"7","district":"NORTH","district_code":"91","sub_district":"ALIPUR","sub_district_code":"06179","sub_district_type":"Sub Division","village":null,"village_category":"Fully_Urban","village_code":null},"geometry":{"type":"Polygon","coordinates":[[[77.17576,28.77817],[77.17304,28.78368],[77.17093,28.78386],[77.17392,28.78816],[77.1733,28.78888],[77.17414,28.78983],[77.17297,28.7905],[77.17343,28.79115],[77.17262,28.79251],[77.17509,28.79222],[77.17741,28.79332],[77.18948,28.78754],[77.1871,28.78375],[77.18398,28.7814],[77.18197,28.77837],[77.18008,28.77894],[77.17576,28.77817]]]}},{"id":"169","type":"Feature","properties":{"state":"DELHI","state_code":"7","district":"NORTH","district_code":"91","sub_district":"ALIPUR","sub_district_code":"06179","sub_district_type":"Sub Division","village":null,"village_category":"Fully_Urban","village_code":null},"geometry":{"type":"Polygon","coordinates":[[[77.17262,28.79251],[77.17064,28.79429],[77.16953,28.80075],[77.16708,28.80339],[77.16913,28.80899],[77.17139,28.81181],[77.18095,28.80519],[77.18029,28.80246],[77.18186,28.80205],[77.18172,28.80134],[77.1837,28.80031],[77.18359,28.79958],[77.18761,28.79778],[77.19608,28.79112],[77.19301,28.79031],[77.19087,28.78802],[77.18946,28.78756],[77.17741,28.79332],[77.17509,28.79222],[77.17262,28.79251]]]}},{"id":"170","type":"Feature","properties":{"state":"DELHI","state_code":"7","district":"NORTH","district_code":"91","sub_district":"ALIPUR","sub_district_code":"06179","sub_district_type":"Sub Division","village":null,"village_category":"Fully_Urban","village_code":null},"geometry":{"type":"Polygon","coordinates":[[[77.18774,28.81474],[77.18909,28.81231],[77.18758,28.80984],[77.18845,28.80777],[77.19267,28.80364],[77.19915,28.79986],[77.19941,28.79734],[77.19608,28.79112],[77.18761,28.79778],[77.18359,28.79958],[77.1837,28.80031],[77.18172,28.80134],[77.18186,28.80205],[77.18029,28.80246],[77.18095,28.80519],[77.17139,28.81181],[77.17339,28.81347],[77.17735,28.81325],[77.17784,28.81418],[77.18163,28.81346],[77.18444,28.81466],[77.18715,28.81415],[77.18774,28.81474]]]}},{"id":"171","type":"Feature","properties":{"state":"DELHI","state_code":"7","district":"NORTH","district_code":"91","sub_district":"ALIPUR","sub_district_code":"06179","sub_district_type":"Sub Division","village":null,"village_category":"Fully_Urban","village_code":null},"geometry":{"type":"Polygon","coordinates":[[[77.18911,28.81508],[77.19797,28.81347],[77.1993,28.81027],[77.20034,28.80966],[77.20001,28.80256],[77.19915,28.79986],[77.19255,28.80374],[77.18777,28.80875],[77.18778,28.81046],[77.18909,28.81231],[77.18829,28.81415],[77.18911,28.81508]]]}},{"id":"172","type":"Feature","properties":{"state":"DELHI","state_code":"7","district":"NORTH","district_code":"91","sub_district":"ALIPUR","sub_district_code":"06179","sub_district_type":"Sub Division","village":null,"village_category":"Fully_Urban","village_code":null},"geometry":{"type":"Polygon","coordinates":[[[77.18634,28.82704],[77.19353,28.82568],[77.19796,28.8268],[77.20624,28.82461],[77.20262,28.81364],[77.20086,28.81225],[77.20034,28.80966],[77.1993,28.81027],[77.19797,28.81347],[77.19568,28.81436],[77.18996,28.81526],[77.18829,28.81415],[77.18774,28.81474],[77.18715,28.81415],[77.18444,28.81466],[77.18377,28.81565],[77.18634,28.82704]]]}},{"id":"173","type":"Feature","properties":{"state":"DELHI","state_code":"7","district":"NORTH","district_code":"91","sub_district":"ALIPUR","sub_district_code":"06179","sub_district_type":"Sub Division","village":"SUNGARPUR - DELHI","village_category":"Rural","village_code":"063877"},"geometry":{"type":"Polygon","coordinates":[[[77.22014,28.81753],[77.21992,28.81623],[77.22009,28.81745],[77.21726,28.81501],[77.21063,28.81438],[77.20287,28.81477],[77.20624,28.82461],[77.22247,28.82173],[77.22026,28.81914],[77.22014,28.81753]]]}},{"id":"174","type":"Feature","properties":{"state":"DELHI","state_code":"7","district":"NORTH","district_code":"91","sub_district":"ALIPUR","sub_district_code":"06179","sub_district_type":"Sub Division","village":null,"village_category":"Fully_Urban","village_code":null},"geometry":{"type":"Polygon","coordinates":[[[77.20237,28.84754],[77.21434,28.84742],[77.21686,28.84646],[77.21665,28.84151],[77.223,28.83338],[77.22256,28.83008],[77.22439,28.82532],[77.22389,28.82398],[77.22265,28.82223],[77.22232,28.82111],[77.22189,28.82046],[77.22179,28.82038],[77.22247,28.82173],[77.19804,28.82678],[77.19959,28.83012],[77.19696,28.83313],[77.1966,28.83626],[77.19829,28.84028],[77.20237,28.84754]]]}},{"id":"175","type":"Feature","properties":{"state":"DELHI","state_code":"7","district":"NORTH","district_code":"91","sub_district":"NARELA","sub_district_code":"00430","sub_district_type":"Sub Division","village":null,"village_category":"Fully_Urban","village_code":null},"geometry":{"type":"Polygon","coordinates":[[[76.97857,28.81191],[76.98227,28.80925],[76.98662,28.808],[76.98681,28.80475],[76.98538,28.79717],[76.98333,28.79361],[76.98255,28.79289],[76.98051,28.79341],[76.9785,28.79244],[76.96929,28.79707],[76.96778,28.79815],[76.96871,28.80033],[76.96655,28.80081],[76.96717,28.80384],[76.97089,28.80987],[76.97857,28.81191]]]}},{"id":"176","type":"Feature","properties":{"state":"DELHI","state_code":"7","district":"NORTH","district_code":"91","sub_district":"NARELA","sub_district_code":"00430","sub_district_type":"Sub Division","village":null,"village_category":"Fully_Urban","village_code":null},"geometry":{"type":"Polygon","coordinates":[[[76.9933,28.81167],[76.99807,28.8116],[77.00038,28.81055],[77.00112,28.81131],[77.0053,28.80639],[77.00368,28.80472],[77.00351,28.80162],[77.00511,28.79842],[77.00721,28.79736],[77.00751,28.79566],[77.00905,28.79397],[77.00849,28.78328],[77.00755,28.78133],[76.99896,28.7843],[76.99165,28.78501],[76.98255,28.79289],[76.98538,28.79717],[76.98681,28.80475],[76.98662,28.808],[76.98738,28.80766],[76.9933,28.81167]]]}},{"id":"177","type":"Feature","properties":{"state":"DELHI","state_code":"7","district":"NORTH","district_code":"91","sub_district":"NARELA","sub_district_code":"00430","sub_district_type":"Sub Division","village":null,"village_category":"Fully_Urban","village_code":null},"geometry":{"type":"Polygon","coordinates":[[[77.02676,28.75065],[77.02269,28.75149],[77.0167,28.75491],[77.01526,28.75498],[77.01432,28.76038],[77.01173,28.76325],[77.01324,28.76983],[77.01264,28.77502],[77.01334,28.77881],[77.01624,28.77905],[77.01789,28.78088],[77.01978,28.78014],[77.02241,28.78091],[77.02365,28.78296],[77.0259,28.78161],[77.03817,28.77999],[77.03607,28.77722],[77.04074,28.77026],[77.04182,28.7699],[77.04137,28.76903],[77.04253,28.76766],[77.04326,28.76412],[77.04255,28.76308],[77.04181,28.76331],[77.03821,28.75836],[77.03573,28.75677],[77.03438,28.75724],[77.03186,28.75579],[77.02676,28.75065]]]}},{"id":"178","type":"Feature","properties":{"state":"DELHI","state_code":"7","district":"NORTH","district_code":"91","sub_district":"NARELA","sub_district_code":"00430","sub_district_type":"Sub Division","village":null,"village_category":"Fully_Urban","village_code":null},"geometry":{"type":"Polygon","coordinates":[[[77.02676,28.75065],[77.03186,28.75579],[77.03438,28.75724],[77.03573,28.75677],[77.03821,28.75836],[77.04181,28.76331],[77.04255,28.76308],[77.04326,28.76412],[77.04253,28.76766],[77.04137,28.76903],[77.04182,28.7699],[77.04074,28.77026],[77.03607,28.77722],[77.03833,28.78016],[77.04405,28.77952],[77.04702,28.78011],[77.05093,28.7844],[77.05284,28.78401],[77.05947,28.78711],[77.07118,28.78018],[77.07391,28.77654],[77.07496,28.77059],[77.06778,28.77118],[77.06677,28.7701],[77.06448,28.76976],[77.06338,28.76653],[77.05999,28.76356],[77.06113,28.76281],[77.06065,28.76205],[77.05985,28.76209],[77.05815,28.75851],[77.05722,28.75843],[77.0521,28.75137],[77.0509,28.74855],[77.0476,28.74485],[77.03476,28.74959],[77.02676,28.75065]]]}},{"id":"179","type":"Feature","properties":{"state":"DELHI","state_code":"7","district":"NORTH","district_code":"91","sub_district":"NARELA","sub_district_code":"00430","sub_district_type":"Sub Division","village":null,"village_category":"Fully_Urban","village_code":null},"geometry":{"type":"Polygon","coordinates":[[[77.07496,28.77059],[77.0785,28.76721],[77.07832,28.76436],[77.07704,28.7619],[77.0754,28.76088],[77.07388,28.75713],[77.07374,28.75611],[77.07458,28.75557],[77.07407,28.7533],[77.07045,28.74364],[77.06601,28.73807],[77.06422,28.7379],[77.05792,28.74235],[77.05042,28.74308],[77.04758,28.74471],[77.0509,28.74855],[77.0521,28.75137],[77.05722,28.75843],[77.05815,28.75851],[77.05985,28.76209],[77.06065,28.76205],[77.06113,28.76281],[77.05999,28.76356],[77.06338,28.76653],[77.06448,28.76976],[77.06677,28.7701],[77.06778,28.77118],[77.07496,28.77059]]]}},{"id":"180","type":"Feature","properties":{"state":"DELHI","state_code":"7","district":"NORTH","district_code":"91","sub_district":"ALIPUR","sub_district_code":"06179","sub_district_type":"Sub Division","village":null,"village_category":"Fully_Urban","village_code":null},"geometry":{"type":"Polygon","coordinates":[[[77.15901,28.74227],[77.15881,28.73646],[77.16058,28.73227],[77.16004,28.73255],[77.15879,28.73089],[77.15163,28.72671],[77.14526,28.72914],[77.14009,28.72375],[77.13906,28.7197],[77.13751,28.71996],[77.13255,28.71581],[77.13041,28.71228],[77.1318,28.71046],[77.13133,28.70922],[77.1257,28.70603],[77.12149,28.70726],[77.12087,28.709],[77.12155,28.71212],[77.11945,28.71352],[77.12035,28.71503],[77.1197,28.71803],[77.11239,28.72969],[77.11373,28.73072],[77.11452,28.73031],[77.11519,28.73185],[77.11909,28.73316],[77.12411,28.73749],[77.1269,28.73813],[77.12696,28.73731],[77.1277,28.7373],[77.13136,28.74149],[77.13635,28.74047],[77.13837,28.74212],[77.14047,28.73923],[77.14355,28.74126],[77.14833,28.74029],[77.15195,28.74208],[77.15254,28.74081],[77.15767,28.74318],[77.15901,28.74227]]]}},{"id":"181","type":"Feature","properties":{"state":"DELHI","state_code":"7","district":"NORTH","district_code":"91","sub_district":"ALIPUR","sub_district_code":"06179","sub_district_type":"Sub Division","village":null,"village_category":"Fully_Urban","village_code":null},"geometry":{"type":"Polygon","coordinates":[[[77.11239,28.72969],[77.10922,28.73441],[77.10998,28.737],[77.11571,28.74375],[77.12134,28.74738],[77.12429,28.74882],[77.12504,28.74809],[77.12928,28.74789],[77.13307,28.74874],[77.13405,28.74782],[77.13886,28.75049],[77.14158,28.75011],[77.14768,28.7518],[77.1504,28.75173],[77.15878,28.75485],[77.15933,28.75389],[77.1598,28.75173],[77.15771,28.74672],[77.15874,28.74394],[77.15674,28.74267],[77.15254,28.74081],[77.15162,28.7421],[77.14833,28.74029],[77.14355,28.74126],[77.14047,28.73923],[77.13837,28.74212],[77.13635,28.74047],[77.13136,28.74149],[77.1277,28.7373],[77.12696,28.73731],[77.1269,28.73813],[77.12411,28.73749],[77.11909,28.73316],[77.11519,28.73185],[77.11452,28.73031],[77.11373,28.73072],[77.11239,28.72969]]]}},{"id":"182","type":"Feature","properties":{"state":"DELHI","state_code":"7","district":"NORTH","district_code":"91","sub_district":"ALIPUR","sub_district_code":"06179","sub_district_type":"Sub Division","village":null,"village_category":"Fully_Urban","village_code":null},"geometry":{"type":"Polygon","coordinates":[[[77.16924,28.7604],[77.1705,28.75637],[77.16982,28.7562],[77.16262,28.75581],[77.1504,28.75173],[77.14768,28.7518],[77.14158,28.75011],[77.13886,28.75049],[77.13405,28.74782],[77.13262,28.74963],[77.13784,28.75222],[77.13871,28.75334],[77.13809,28.75381],[77.13951,28.7553],[77.14072,28.75467],[77.14277,28.75646],[77.14581,28.75675],[77.15227,28.7613],[77.15754,28.76333],[77.16671,28.76026],[77.16924,28.7604]]]}},{"id":"183","type":"Feature","properties":{"state":"DELHI","state_code":"7","district":"NORTH","district_code":"91","sub_district":"ALIPUR","sub_district_code":"06179","sub_district_type":"Sub Division","village":null,"village_category":"Fully_Urban","village_code":null},"geometry":{"type":"Polygon","coordinates":[[[77.1329,28.74906],[77.12928,28.74789],[77.12504,28.74809],[77.12429,28.74882],[77.12138,28.74738],[77.11875,28.7502],[77.11851,28.75245],[77.12166,28.75521],[77.12267,28.75465],[77.12721,28.75804],[77.1253,28.76366],[77.12656,28.76428],[77.12697,28.76567],[77.13733,28.76902],[77.14325,28.76591],[77.14401,28.76439],[77.14901,28.76519],[77.15109,28.76642],[77.15372,28.76484],[77.15514,28.7621],[77.15047,28.76027],[77.14581,28.75675],[77.14277,28.75646],[77.14072,28.75467],[77.13951,28.7553],[77.13809,28.75381],[77.13871,28.75334],[77.13784,28.75222],[77.13549,28.75154],[77.13262,28.74963],[77.1329,28.74906]]]}},{"id":"184","type":"Feature","properties":{"state":"DELHI","state_code":"7","district":"NORTH","district_code":"91","sub_district":"ALIPUR","sub_district_code":"06179","sub_district_type":"Sub Division","village":null,"village_category":"Fully_Urban","village_code":null},"geometry":{"type":"Polygon","coordinates":[[[77.13014,28.78681],[77.13037,28.78458],[77.13341,28.78234],[77.13333,28.78164],[77.13087,28.782],[77.12851,28.78114],[77.12832,28.77896],[77.12701,28.77811],[77.12719,28.77578],[77.12996,28.77541],[77.12964,28.77465],[77.13051,28.77413],[77.12966,28.77214],[77.13046,28.77126],[77.13271,28.7734],[77.13343,28.77304],[77.13609,28.77433],[77.13663,28.7733],[77.1356,28.77198],[77.13523,28.76861],[77.12697,28.76567],[77.12656,28.76428],[77.1253,28.76366],[77.12721,28.75804],[77.12267,28.75465],[77.12166,28.75521],[77.11851,28.75245],[77.11884,28.74996],[77.11978,28.74917],[77.11658,28.749],[77.11652,28.75019],[77.11053,28.75238],[77.11076,28.75303],[77.10704,28.75677],[77.09971,28.76007],[77.09891,28.75917],[77.09731,28.76077],[77.10201,28.76715],[77.10728,28.77167],[77.10852,28.77542],[77.1131,28.78079],[77.11789,28.78169],[77.12044,28.78389],[77.12783,28.78521],[77.13014,28.78681]]]}},{"id":"185","type":"Feature","properties":{"state":"DELHI","state_code":"7","district":"NORTH","district_code":"91","sub_district":"NARELA","sub_district_code":"00430","sub_district_type":"Sub Division","village":null,"village_category":"Fully_Urban","village_code":null},"geometry":{"type":"Polygon","coordinates":[[[77.1023,28.76737],[77.09267,28.7546],[77.09155,28.75143],[77.09202,28.74984],[77.0835,28.73907],[77.07912,28.74096],[77.07211,28.74621],[77.07189,28.74835],[77.07458,28.75557],[77.07374,28.75611],[77.07388,28.75713],[77.0754,28.76088],[77.07704,28.7619],[77.078,28.75935],[77.0813,28.76088],[77.08389,28.76337],[77.08785,28.7644],[77.0905,28.76283],[77.09127,28.76496],[77.09404,28.76743],[77.09507,28.76726],[77.09718,28.76877],[77.0983,28.77039],[77.1023,28.76737]]]}},{"id":"186","type":"Feature","properties":{"state":"DELHI","state_code":"7","district":"NORTH","district_code":"91","sub_district":"NARELA","sub_district_code":"00430","sub_district_type":"Sub Division","village":null,"village_category":"Fully_Urban","village_code":null},"geometry":{"type":"Polygon","coordinates":[[[77.08186,28.72806],[77.06601,28.73807],[77.06992,28.74267],[77.07164,28.74732],[77.07279,28.7451],[77.07912,28.74096],[77.0835,28.73907],[77.087,28.73531],[77.08186,28.72806]]]}},{"id":"187","type":"Feature","properties":{"state":"DELHI","state_code":"7","district":"NORTH","district_code":"91","sub_district":"ALIPUR","sub_district_code":"06179","sub_district_type":"Sub Division","village":null,"village_category":"Fully_Urban","village_code":null},"geometry":{"type":"Polygon","coordinates":[[[77.09744,28.76067],[77.09891,28.75917],[77.09971,28.76007],[77.10704,28.75677],[77.11076,28.75303],[77.11053,28.75238],[77.11652,28.75019],[77.11658,28.749],[77.11978,28.74917],[77.12136,28.74739],[77.11423,28.74238],[77.10957,28.73584],[77.10647,28.7373],[77.10305,28.73773],[77.10192,28.73717],[77.09596,28.7394],[77.0944,28.73684],[77.08949,28.73767],[77.087,28.73531],[77.0835,28.73907],[77.09202,28.74984],[77.09155,28.75143],[77.09376,28.75682],[77.09744,28.76067]]]}},{"id":"188","type":"Feature","properties":{"state":"DELHI","state_code":"7","district":"NORTH","district_code":"91","sub_district":"NARELA","sub_district_code":"00430","sub_district_type":"Sub Division","village":null,"village_category":"Fully_Urban","village_code":null},"geometry":{"type":"Polygon","coordinates":[[[77.11458,28.79331],[77.11292,28.78908],[77.10812,28.78592],[77.10761,28.78637],[77.10556,28.78385],[77.10387,28.78386],[77.10464,28.78266],[77.10142,28.77798],[77.09949,28.7768],[77.10085,28.776],[77.10091,28.77512],[77.10408,28.7751],[77.11216,28.78217],[77.112,28.78327],[77.11302,28.78429],[77.11573,28.78435],[77.116,28.78553],[77.11892,28.7861],[77.12004,28.78746],[77.1203,28.78315],[77.11767,28.78162],[77.1131,28.78079],[77.10852,28.77542],[77.10728,28.77167],[77.1023,28.76737],[77.0983,28.77039],[77.09718,28.76877],[77.09507,28.76726],[77.09404,28.76743],[77.09127,28.76496],[77.0905,28.76283],[77.08785,28.7644],[77.08389,28.76337],[77.0813,28.76088],[77.078,28.75935],[77.07686,28.76221],[77.07832,28.76436],[77.07871,28.76669],[77.07495,28.7706],[77.07375,28.77679],[77.07118,28.78018],[77.06018,28.78667],[77.06494,28.79132],[77.0762,28.78868],[77.0767,28.78763],[77.08153,28.78627],[77.0807,28.78515],[77.08103,28.7842],[77.08589,28.78403],[77.08857,28.78273],[77.09063,28.78387],[77.09446,28.78211],[77.09837,28.78357],[77.09756,28.78499],[77.09927,28.78619],[77.09979,28.78878],[77.09911,28.78999],[77.09988,28.79086],[77.11279,28.79416],[77.11458,28.79331]]]}},{"id":"189","type":"Feature","properties":{"state":"DELHI","state_code":"7","district":"NORTH","district_code":"91","sub_district":"NARELA","sub_district_code":"00430","sub_district_type":"Sub Division","village":null,"village_category":"Fully_Urban","village_code":null},"geometry":{"type":"Polygon","coordinates":[[[77.0232,28.80194],[77.02468,28.80031],[77.0262,28.80002],[77.02551,28.79608],[77.027,28.79366],[77.02707,28.79082],[77.02559,28.78887],[77.02444,28.78465],[77.02241,28.78091],[77.01978,28.78014],[77.01789,28.78088],[77.01624,28.77905],[77.01334,28.77881],[77.00755,28.78133],[77.00849,28.78328],[77.00905,28.79397],[77.00751,28.79566],[77.00721,28.79736],[77.00511,28.79842],[77.00351,28.80162],[77.00368,28.80472],[77.0053,28.80639],[77.00112,28.81131],[77.00038,28.81055],[76.99807,28.8116],[76.9955,28.8116],[77.00216,28.81789],[77.00363,28.81565],[77.00364,28.81365],[77.00604,28.81063],[77.01075,28.80753],[77.01081,28.80619],[77.01647,28.80316],[77.01815,28.80346],[77.0232,28.80194]]]}},{"id":"190","type":"Feature","properties":{"state":"DELHI","state_code":"7","district":"NORTH","district_code":"91","sub_district":"NARELA","sub_district_code":"00430","sub_district_type":"Sub Division","village":null,"village_category":"Fully_Urban","village_code":null},"geometry":{"type":"Polygon","coordinates":[[[77.04323,28.82735],[77.0556,28.82297],[77.05642,28.82113],[77.05824,28.8208],[77.05774,28.81963],[77.0584,28.81849],[77.06057,28.81709],[77.06269,28.81768],[77.06509,28.81651],[77.06423,28.81297],[77.06625,28.81161],[77.06659,28.80984],[77.07451,28.80676],[77.07367,28.80526],[77.07381,28.80277],[77.07188,28.79974],[77.07002,28.80061],[77.06556,28.79185],[77.06216,28.78818],[77.06018,28.78667],[77.05947,28.78711],[77.05502,28.78558],[77.05284,28.78401],[77.05093,28.7844],[77.04702,28.78011],[77.04405,28.77952],[77.0259,28.78161],[77.02365,28.78296],[77.02559,28.78887],[77.02707,28.79082],[77.02697,28.79393],[77.02551,28.79608],[77.0262,28.80002],[77.02468,28.80031],[77.0232,28.80194],[77.02339,28.80265],[77.02793,28.80965],[77.03438,28.81622],[77.03697,28.82349],[77.04065,28.82638],[77.04323,28.82735]]]}},{"id":"191","type":"Feature","properties":{"state":"DELHI","state_code":"7","district":"NORTH","district_code":"91","sub_district":"NARELA","sub_district_code":"00430","sub_district_type":"Sub Division","village":null,"village_category":"Fully_Urban","village_code":null},"geometry":{"type":"Polygon","coordinates":[[[77.04184,28.83786],[77.06035,28.83501],[77.05955,28.83111],[77.06018,28.83089],[77.06084,28.83185],[77.06564,28.83055],[77.05937,28.82383],[77.06054,28.82219],[77.05869,28.82073],[77.05645,28.82112],[77.0556,28.82297],[77.04343,28.82704],[77.04204,28.82949],[77.04216,28.8307],[77.04023,28.83206],[77.04261,28.83426],[77.04184,28.83786]]]}},{"id":"192","type":"Feature","properties":{"state":"DELHI","state_code":"7","district":"NORTH","district_code":"91","sub_district":"NARELA","sub_district_code":"00430","sub_district_type":"Sub Division","village":null,"village_category":"Fully_Urban","village_code":null},"geometry":{"type":"Polygon","coordinates":[[[77.11855,28.84225],[77.11537,28.84042],[77.10927,28.83873],[77.10765,28.83607],[77.10039,28.83487],[77.09354,28.83679],[77.08768,28.83601],[77.08129,28.83769],[77.08219,28.83919],[77.08875,28.83901],[77.09082,28.84159],[77.09712,28.84138],[77.09715,28.84275],[77.10535,28.84271],[77.10793,28.84059],[77.10929,28.84078],[77.11035,28.84226],[77.1144,28.84129],[77.11855,28.84225]]]}},{"id":"193","type":"Feature","properties":{"state":"DELHI","state_code":"7","district":"NORTH","district_code":"91","sub_district":"NARELA","sub_district_code":"00430","sub_district_type":"Sub Division","village":null,"village_category":"Fully_Urban","village_code":null},"geometry":{"type":"Polygon","coordinates":[[[77.10679,28.83612],[77.10732,28.83267],[77.10597,28.8295],[77.1056,28.82522],[77.10355,28.82078],[77.10253,28.81401],[77.09936,28.81572],[77.09905,28.81527],[77.09949,28.82297],[77.09785,28.82585],[77.09638,28.82679],[77.09298,28.82693],[77.08803,28.83018],[77.08289,28.82995],[77.07925,28.83072],[77.07436,28.83016],[77.07354,28.82868],[77.07396,28.82411],[77.07268,28.82321],[77.07079,28.82398],[77.06816,28.82712],[77.0737,28.83433],[77.07641,28.83984],[77.0777,28.83832],[77.08177,28.83955],[77.08235,28.83919],[77.0813,28.83766],[77.08734,28.83604],[77.09354,28.83679],[77.10039,28.83487],[77.10679,28.83612]]]}},{"id":"194","type":"Feature","properties":{"state":"DELHI","state_code":"7","district":"NORTH","district_code":"91","sub_district":"NARELA","sub_district_code":"00430","sub_district_type":"Sub Division","village":"RAJAPUR KALAN","village_category":"Rural","village_code":"063883"},"geometry":{"type":"Polygon","coordinates":[[[77.09947,28.82306],[77.09887,28.81469],[77.09389,28.81629],[77.09424,28.81698],[77.09349,28.81748],[77.08037,28.82325],[77.0737,28.82363],[77.07363,28.82946],[77.07436,28.83016],[77.07914,28.83072],[77.08289,28.82995],[77.08746,28.83033],[77.09298,28.82693],[77.09653,28.82673],[77.09947,28.82306]]]}},{"id":"195","type":"Feature","properties":{"state":"DELHI","state_code":"7","district":"NORTH","district_code":"91","sub_district":"NARELA","sub_district_code":"00430","sub_district_type":"Sub Division","village":null,"village_category":"Fully_Urban","village_code":null},"geometry":{"type":"Polygon","coordinates":[[[77.09424,28.81698],[77.09254,28.81183],[77.08119,28.81126],[77.07473,28.80817],[77.07423,28.80697],[77.06659,28.80984],[77.06625,28.81161],[77.06423,28.81297],[77.06509,28.81651],[77.06269,28.81768],[77.06057,28.81709],[77.05774,28.81963],[77.05822,28.82079],[77.06367,28.82437],[77.06579,28.82679],[77.06818,28.82711],[77.07189,28.82334],[77.08037,28.82325],[77.09182,28.81831],[77.09424,28.81698]]]}},{"id":"196","type":"Feature","properties":{"state":"DELHI","state_code":"7","district":"NORTH","district_code":"91","sub_district":"NARELA","sub_district_code":"00430","sub_district_type":"Sub Division","village":null,"village_category":"Fully_Urban","village_code":null},"geometry":{"type":"Polygon","coordinates":[[[77.09389,28.81629],[77.09887,28.81469],[77.09936,28.81572],[77.1025,28.81401],[77.10514,28.81361],[77.11062,28.81486],[77.11232,28.80908],[77.11527,28.80346],[77.11513,28.80219],[77.11228,28.80007],[77.10025,28.79981],[77.09947,28.80051],[77.09475,28.79949],[77.08866,28.80092],[77.08667,28.79983],[77.08347,28.79954],[77.07321,28.80131],[77.07473,28.80817],[77.08149,28.81132],[77.09227,28.81171],[77.09389,28.81629]]]}},{"id":"197","type":"Feature","properties":{"state":"DELHI","state_code":"7","district":"NORTH","district_code":"91","sub_district":"NARELA","sub_district_code":"00430","sub_district_type":"Sub Division","village":null,"village_category":"Fully_Urban","village_code":null},"geometry":{"type":"Polygon","coordinates":[[[77.11228,28.80007],[77.11535,28.80312],[77.1181,28.80406],[77.12002,28.80137],[77.12,28.80021],[77.11886,28.79961],[77.11754,28.7965],[77.11326,28.79571],[77.1124,28.79408],[77.10932,28.79294],[77.09958,28.79068],[77.09598,28.79177],[77.08952,28.79093],[77.08304,28.79299],[77.07242,28.79284],[77.06781,28.79593],[77.07002,28.80061],[77.07188,28.79974],[77.07321,28.80131],[77.08347,28.79954],[77.08667,28.79983],[77.08866,28.80092],[77.09475,28.79949],[77.09947,28.80051],[77.10025,28.79981],[77.11228,28.80007]]]}},{"id":"198","type":"Feature","properties":{"state":"DELHI","state_code":"7","district":"NORTH","district_code":"91","sub_district":"NARELA","sub_district_code":"00430","sub_district_type":"Sub Division","village":"IRADATNAGAR OR NAYA BANS","village_category":"Rural","village_code":"063893"},"geometry":{"type":"MultiPolygon","coordinates":[[[[77.11471,28.7933],[77.11984,28.7917],[77.11965,28.79075],[77.12176,28.79],[77.12054,28.78725],[77.11892,28.7861],[77.116,28.78553],[77.11573,28.78435],[77.11302,28.78429],[77.112,28.78327],[77.11216,28.78217],[77.10408,28.7751],[77.10091,28.77512],[77.10085,28.776],[77.09949,28.77681],[77.10142,28.77798],[77.10464,28.78266],[77.10387,28.78386],[77.10556,28.78385],[77.10761,28.78637],[77.10812,28.78592],[77.11292,28.78908],[77.11471,28.7933]]],[[[77.07337,28.7928],[77.08304,28.79299],[77.09113,28.7908],[77.0979,28.79157],[77.09969,28.79074],[77.09911,28.78999],[77.09979,28.78878],[77.09927,28.78619],[77.09756,28.78499],[77.09837,28.78357],[77.09643,28.78268],[77.09446,28.78211],[77.09063,28.78387],[77.08857,28.78273],[77.08589,28.78403],[77.08103,28.7842],[77.0807,28.78515],[77.08153,28.78627],[77.0767,28.78763],[77.0762,28.78868],[77.06494,28.79132],[77.06781,28.79593],[77.07337,28.7928]]]]}},{"id":"199","type":"Feature","properties":{"state":"DELHI","state_code":"7","district":"NORTH","district_code":"91","sub_district":"ALIPUR","sub_district_code":"06179","sub_district_type":"Sub Division","village":null,"village_category":"Fully_Urban","village_code":"800441"},"geometry":{"type":"Polygon","coordinates":[[[77.11984,28.7917],[77.1124,28.79408],[77.11299,28.79545],[77.11754,28.7965],[77.11886,28.79961],[77.12,28.80021],[77.12002,28.80137],[77.1181,28.80406],[77.11535,28.80312],[77.11232,28.80908],[77.11062,28.81486],[77.11142,28.8152],[77.1217,28.81345],[77.12245,28.81398],[77.12584,28.81235],[77.12623,28.81349],[77.1304,28.81292],[77.12989,28.81159],[77.13189,28.80891],[77.13765,28.80305],[77.13944,28.80268],[77.14055,28.80091],[77.14402,28.80314],[77.15122,28.80587],[77.15641,28.81123],[77.16107,28.80567],[77.15515,28.79973],[77.15411,28.79607],[77.15492,28.79425],[77.15294,28.79212],[77.15056,28.79119],[77.14475,28.79141],[77.13379,28.78988],[77.13344,28.78888],[77.12793,28.78526],[77.1238,28.78403],[77.12059,28.78389],[77.12054,28.78759],[77.12176,28.79],[77.11965,28.79075],[77.11984,28.7917]]]}},{"id":"200","type":"Feature","properties":{"state":"DELHI","state_code":"7","district":"NORTH","district_code":"91","sub_district":"NARELA","sub_district_code":"00430","sub_district_type":"Sub Division","village":"SHAHPUR GARHI","village_category":"Rural","village_code":"063881"},"geometry":{"type":"Polygon","coordinates":[[[77.11097,28.81502],[77.10514,28.81361],[77.103,28.81438],[77.10355,28.82078],[77.1056,28.82522],[77.11548,28.82287],[77.11777,28.82184],[77.11767,28.82103],[77.11885,28.82005],[77.1184,28.8179],[77.1193,28.81688],[77.11787,28.81436],[77.11097,28.81502]]]}},{"id":"201","type":"Feature","properties":{"state":"DELHI","state_code":"7","district":"NORTH","district_code":"91","sub_district":"ALIPUR","sub_district_code":"06179","sub_district_type":"Sub Division","village":null,"village_category":"Fully_Urban","village_code":null},"geometry":{"type":"Polygon","coordinates":[[[77.17466,28.84457],[77.18088,28.84356],[77.17968,28.83993],[77.17907,28.83402],[77.17972,28.83406],[77.18174,28.83065],[77.18317,28.83],[77.18377,28.82809],[77.1865,28.82736],[77.18401,28.81716],[77.18377,28.81565],[77.18451,28.8149],[77.18277,28.81358],[77.17784,28.81418],[77.17735,28.81325],[77.17339,28.81347],[77.16972,28.80998],[77.16708,28.80339],[77.16107,28.80567],[77.15848,28.80851],[77.15538,28.8136],[77.15382,28.81966],[77.16085,28.82618],[77.16207,28.82896],[77.16549,28.82904],[77.16884,28.83287],[77.17253,28.83303],[77.17466,28.84457]]]}},{"id":"202","type":"Feature","properties":{"state":"DELHI","state_code":"7","district":"NORTH","district_code":"91","sub_district":"ALIPUR","sub_district_code":"06179","sub_district_type":"Sub Division","village":"BAKOLI","village_category":"Rural","village_code":"063909"},"geometry":{"type":"Polygon","coordinates":[[[77.15382,28.81966],[77.15641,28.81123],[77.15122,28.80587],[77.14402,28.80314],[77.14124,28.80104],[77.14024,28.80106],[77.13916,28.80287],[77.13765,28.80305],[77.12989,28.81159],[77.13195,28.81621],[77.13704,28.82235],[77.13918,28.82264],[77.14058,28.82566],[77.14607,28.82432],[77.15011,28.82124],[77.15382,28.81966]]]}},{"id":"203","type":"Feature","properties":{"state":"DELHI","state_code":"7","district":"NORTH","district_code":"91","sub_district":"ALIPUR","sub_district_code":"06179","sub_district_type":"Sub Division","village":null,"village_category":"Fully_Urban","village_code":null},"geometry":{"type":"Polygon","coordinates":[[[77.13114,28.8343],[77.13699,28.83536],[77.13766,28.83466],[77.14059,28.82573],[77.14007,28.82367],[77.13635,28.82161],[77.13169,28.81585],[77.1304,28.81292],[77.12623,28.81349],[77.12584,28.81235],[77.12245,28.81398],[77.1217,28.81345],[77.11787,28.81436],[77.1193,28.81688],[77.1184,28.8179],[77.11885,28.82005],[77.11767,28.82103],[77.11777,28.82184],[77.11578,28.8227],[77.11618,28.82352],[77.11802,28.82615],[77.12442,28.82639],[77.13114,28.8343]]]}},{"id":"204","type":"Feature","properties":{"state":"DELHI","state_code":"7","district":"NORTH","district_code":"91","sub_district":"NARELA","sub_district_code":"00430","sub_district_type":"Sub Division","village":null,"village_category":"Fully_Urban","village_code":null},"geometry":{"type":"Polygon","coordinates":[[[77.13114,28.8343],[77.12442,28.82639],[77.11802,28.82615],[77.11578,28.8227],[77.1056,28.82522],[77.10597,28.8295],[77.10732,28.83267],[77.10718,28.83602],[77.10901,28.83762],[77.1086,28.83829],[77.11029,28.8393],[77.11287,28.83949],[77.11777,28.84156],[77.12236,28.83756],[77.13114,28.8343]]]}},{"id":"205","type":"Feature","properties":{"state":"DELHI","state_code":"7","district":"NORTH","district_code":"91","sub_district":"ALIPUR","sub_district_code":"06179","sub_district_type":"Sub Division","village":"SINGHOLA","village_category":"Rural","village_code":"063869"},"geometry":{"type":"Polygon","coordinates":[[[77.14241,28.83886],[77.13899,28.83618],[77.13473,28.83449],[77.13171,28.83422],[77.12236,28.83756],[77.11877,28.84037],[77.11777,28.84156],[77.12188,28.84554],[77.12339,28.85077],[77.12396,28.85671],[77.12534,28.85652],[77.12613,28.85181],[77.13159,28.84913],[77.13244,28.84701],[77.13597,28.84478],[77.1419,28.84338],[77.14241,28.83886]]]}},{"id":"206","type":"Feature","properties":{"state":"DELHI","state_code":"7","district":"NORTH","district_code":"91","sub_district":"ALIPUR","sub_district_code":"06179","sub_district_type":"Sub Division","village":null,"village_category":"Fully_Urban","village_code":null},"geometry":{"type":"Polygon","coordinates":[[[77.16693,28.80346],[77.16953,28.80075],[77.17065,28.79429],[77.16968,28.79396],[77.16889,28.79503],[77.16274,28.79584],[77.16022,28.79338],[77.15974,28.7912],[77.1568,28.79122],[77.15407,28.78891],[77.15054,28.78934],[77.14694,28.78874],[77.14443,28.78769],[77.14314,28.78616],[77.1358,28.78763],[77.13581,28.78991],[77.13783,28.79046],[77.14475,28.79141],[77.15056,28.79119],[77.15294,28.79212],[77.15492,28.79425],[77.15411,28.79607],[77.15515,28.79973],[77.16107,28.80567],[77.16693,28.80346]]]}},{"id":"207","type":"Feature","properties":{"state":"DELHI","state_code":"7","district":"NORTH","district_code":"91","sub_district":"ALIPUR","sub_district_code":"06179","sub_district_type":"Sub Division","village":null,"village_category":"Fully_Urban","village_code":null},"geometry":{"type":"Polygon","coordinates":[[[77.16966,28.79399],[77.17174,28.79394],[77.17343,28.79115],[77.17297,28.7905],[77.17414,28.78983],[77.1733,28.78888],[77.17392,28.78816],[77.17094,28.78427],[77.16313,28.78394],[77.15991,28.78548],[77.15831,28.78423],[77.1554,28.78431],[77.15423,28.78075],[77.15268,28.78055],[77.14645,28.78173],[77.14478,28.7851],[77.14586,28.78841],[77.14973,28.78929],[77.15407,28.78891],[77.1568,28.79122],[77.15974,28.7912],[77.16022,28.79338],[77.16274,28.79584],[77.16889,28.79503],[77.16966,28.79399]]]}},{"id":"208","type":"Feature","properties":{"state":"DELHI","state_code":"7","district":"NORTH","district_code":"91","sub_district":"ALIPUR","sub_district_code":"06179","sub_district_type":"Sub Division","village":null,"village_category":"Fully_Urban","village_code":null},"geometry":{"type":"Polygon","coordinates":[[[77.14636,28.78194],[77.14599,28.78057],[77.14296,28.77938],[77.13866,28.77809],[77.13796,28.77873],[77.13638,28.77729],[77.13251,28.77724],[77.12996,28.77541],[77.12719,28.77578],[77.12701,28.77811],[77.12832,28.77896],[77.12851,28.78114],[77.13087,28.782],[77.13326,28.78138],[77.13341,28.78234],[77.13141,28.78336],[77.13,28.78548],[77.13012,28.78682],[77.13344,28.78888],[77.13379,28.78988],[77.13581,28.78991],[77.13589,28.78752],[77.1389,28.78656],[77.14314,28.78616],[77.14533,28.78812],[77.14593,28.78744],[77.14478,28.7851],[77.14636,28.78194]]]}},{"id":"209","type":"Feature","properties":{"state":"DELHI","state_code":"7","district":"NORTH","district_code":"91","sub_district":"ALIPUR","sub_district_code":"06179","sub_district_type":"Sub Division","village":null,"village_category":"Fully_Urban","village_code":null},"geometry":{"type":"Polygon","coordinates":[[[77.15991,28.78548],[77.16313,28.78394],[77.16923,28.78464],[77.17304,28.78368],[77.17572,28.77821],[77.17302,28.77572],[77.17468,28.77494],[77.17341,28.77427],[77.17379,28.77331],[77.17154,28.77209],[77.17152,28.7674],[77.17444,28.76556],[77.17517,28.76313],[77.17424,28.76056],[77.17459,28.75961],[77.17025,28.75882],[77.16924,28.7604],[77.16671,28.76026],[77.15754,28.76333],[77.15503,28.76232],[77.15372,28.76484],[77.15109,28.76642],[77.1523,28.76867],[77.15249,28.77196],[77.15025,28.77227],[77.15007,28.7746],[77.1524,28.77673],[77.15106,28.77805],[77.15423,28.78075],[77.1554,28.78431],[77.15831,28.78423],[77.15991,28.78548]]]}},{"id":"210","type":"Feature","properties":{"state":"DELHI","state_code":"7","district":"NORTH","district_code":"91","sub_district":"ALIPUR","sub_district_code":"06179","sub_district_type":"Sub Division","village":null,"village_category":"Fully_Urban","village_code":null},"geometry":{"type":"Polygon","coordinates":[[[77.15118,28.76654],[77.14901,28.76519],[77.14401,28.76439],[77.14325,28.76591],[77.14088,28.76751],[77.13832,28.76795],[77.13733,28.76902],[77.13523,28.7686],[77.1356,28.77198],[77.13663,28.7733],[77.13609,28.77433],[77.13343,28.77304],[77.13271,28.7734],[77.13046,28.77126],[77.12966,28.77214],[77.13051,28.77413],[77.12969,28.77478],[77.13097,28.77661],[77.13182,28.7763],[77.13342,28.77744],[77.13638,28.77729],[77.13796,28.77873],[77.13866,28.77809],[77.14296,28.77938],[77.14599,28.78057],[77.14643,28.78179],[77.15351,28.78074],[77.15311,28.77919],[77.15106,28.77805],[77.15241,28.77701],[77.15226,28.77627],[77.14992,28.77429],[77.15025,28.77227],[77.15249,28.77196],[77.1523,28.76867],[77.15118,28.76654]]]}},{"id":"211","type":"Feature","properties":{"state":"DELHI","state_code":"7","district":"NORTH","district_code":"91","sub_district":"NARELA","sub_district_code":"00430","sub_district_type":"Sub Division","village":null,"village_category":"Fully_Urban","village_code":"800441"},"geometry":{"type":"Polygon","coordinates":[[[77.09565,28.84438],[77.09712,28.84138],[77.09082,28.84159],[77.08875,28.83901],[77.08231,28.8394],[77.08815,28.8475],[77.08972,28.85193],[77.09193,28.85179],[77.09402,28.85056],[77.09565,28.84438]]]}},{"id":"212","type":"Feature","properties":{"state":"DELHI","state_code":"7","district":"NORTH","district_code":"91","sub_district":"NARELA","sub_district_code":"00430","sub_district_type":"Sub Division","village":"MUNGESHPUR","village_category":"Rural","village_code":"063888"},"geometry":{"type":"Polygon","coordinates":[[[76.96701,28.82805],[76.97308,28.82685],[76.97668,28.82222],[76.97738,28.82268],[76.97896,28.82142],[76.98097,28.82106],[76.98174,28.81667],[76.97905,28.81207],[76.97089,28.80987],[76.96913,28.80717],[76.96677,28.80925],[76.96774,28.8113],[76.96578,28.81191],[76.96603,28.81338],[76.9618,28.81487],[76.96487,28.8204],[76.96347,28.82226],[76.96469,28.82418],[76.96432,28.82546],[76.96544,28.82551],[76.96576,28.82723],[76.96693,28.82719],[76.96701,28.82805]]]}},{"id":"213","type":"Feature","properties":{"state":"DELHI","state_code":"7","district":"NORTH","district_code":"91","sub_district":"NARELA","sub_district_code":"00430","sub_district_type":"Sub Division","village":"OCHANDI","village_category":"Rural","village_code":"063887"},"geometry":{"type":"Polygon","coordinates":[[[76.99481,28.83951],[76.99951,28.83802],[76.99881,28.83082],[77.00645,28.82607],[77.00528,28.82186],[77.00346,28.81887],[76.9955,28.8116],[76.9933,28.81167],[76.98738,28.80766],[76.98188,28.80945],[76.97857,28.81191],[76.97988,28.81276],[76.98174,28.81667],[76.98097,28.82106],[76.97999,28.82145],[76.98282,28.82415],[76.98591,28.82939],[76.98724,28.8353],[76.99481,28.83951]]]}},{"id":"214","type":"Feature","properties":{"state":"DELHI","state_code":"7","district":"NORTH","district_code":"91","sub_district":"NARELA","sub_district_code":"00430","sub_district_type":"Sub Division","village":null,"village_category":"Fully_Urban","village_code":null},"geometry":{"type":"Polygon","coordinates":[[[77.00888,28.84062],[77.02333,28.83936],[77.02813,28.83666],[77.0195,28.8258],[77.00929,28.8244],[76.9988,28.83101],[76.99951,28.83802],[77.00206,28.83945],[77.00888,28.84062]]]}},{"id":"215","type":"Feature","properties":{"state":"DELHI","state_code":"7","district":"NORTH","district_code":"91","sub_district":"NARELA","sub_district_code":"00430","sub_district_type":"Sub Division","village":null,"village_category":"Fully_Urban","village_code":null},"geometry":{"type":"Polygon","coordinates":[[[77.03308,28.8354],[77.04216,28.8307],[77.04314,28.82759],[77.03697,28.82349],[77.03438,28.81622],[77.02793,28.80965],[77.02318,28.80185],[77.01815,28.80346],[77.01647,28.80316],[77.01128,28.80585],[77.01044,28.80664],[77.01075,28.80753],[77.00604,28.81063],[77.00364,28.81365],[77.00363,28.81565],[77.00216,28.81789],[77.00505,28.82145],[77.00652,28.82556],[77.01109,28.82432],[77.0195,28.8258],[77.02815,28.8368],[77.03308,28.8354]]]}},{"id":"216","type":"Feature","properties":{"state":"DELHI","state_code":"7","district":"NORTH","district_code":"91","sub_district":"NARELA","sub_district_code":"00430","sub_district_type":"Sub Division","village":null,"village_category":"Fully_Urban","village_code":null},"geometry":{"type":"Polygon","coordinates":[[[77.06116,28.87102],[77.06944,28.86706],[77.06801,28.86566],[77.06914,28.86463],[77.06718,28.86155],[77.06944,28.85615],[77.06854,28.85486],[77.06837,28.85109],[77.06709,28.84887],[77.06437,28.84714],[77.06196,28.84354],[77.05523,28.83949],[77.04941,28.83879],[77.04556,28.83934],[77.04184,28.83786],[77.04513,28.84093],[77.0451,28.8462],[77.05102,28.85467],[77.05455,28.86297],[77.05781,28.86775],[77.06116,28.87102]]]}},{"id":"217","type":"Feature","properties":{"state":"DELHI","state_code":"7","district":"NORTH","district_code":"91","sub_district":"NARELA","sub_district_code":"00430","sub_district_type":"Sub Division","village":null,"village_category":"Fully_Urban","village_code":null},"geometry":{"type":"Polygon","coordinates":[[[77.08214,28.86763],[77.08053,28.85393],[77.08121,28.85226],[77.08025,28.84885],[77.08091,28.84856],[77.07934,28.84696],[77.07831,28.84178],[77.07651,28.8404],[77.0737,28.83433],[77.06891,28.8278],[77.06766,28.82681],[77.06579,28.82679],[77.0606,28.82225],[77.05937,28.82383],[77.06564,28.83055],[77.06084,28.83185],[77.06018,28.83089],[77.05955,28.83111],[77.06078,28.83483],[77.04224,28.83774],[77.04556,28.83934],[77.04941,28.83879],[77.05523,28.83949],[77.06196,28.84354],[77.06437,28.84714],[77.06698,28.84868],[77.06837,28.85109],[77.06854,28.85486],[77.06944,28.85615],[77.06718,28.86155],[77.06914,28.86463],[77.06801,28.86566],[77.06978,28.86784],[77.07175,28.86893],[77.07461,28.86752],[77.07924,28.87195],[77.08214,28.86763]]]}},{"id":"218","type":"Feature","properties":{"state":"DELHI","state_code":"7","district":"NORTH","district_code":"91","sub_district":"NARELA","sub_district_code":"00430","sub_district_type":"Sub Division","village":null,"village_category":"Fully_Urban","village_code":null},"geometry":{"type":"Polygon","coordinates":[[[77.09388,28.86385],[77.09297,28.85593],[77.09463,28.85369],[77.10863,28.85294],[77.11333,28.84965],[77.11547,28.85033],[77.12225,28.84777],[77.12188,28.84554],[77.11855,28.84225],[77.1144,28.84129],[77.11035,28.84226],[77.10929,28.84078],[77.10793,28.84059],[77.10535,28.84271],[77.09715,28.84275],[77.09565,28.84438],[77.09402,28.85056],[77.09193,28.85179],[77.08972,28.85193],[77.08815,28.8475],[77.08235,28.83919],[77.0777,28.83832],[77.07665,28.83886],[77.07651,28.8404],[77.07831,28.84178],[77.07934,28.84696],[77.08091,28.84856],[77.08025,28.84885],[77.08121,28.85226],[77.08053,28.85393],[77.08218,28.86791],[77.07947,28.87124],[77.07765,28.87718],[77.08055,28.87986],[77.08266,28.8835],[77.08683,28.88089],[77.08808,28.87694],[77.08756,28.87533],[77.09457,28.87133],[77.0933,28.86653],[77.09388,28.86385]]]}},{"id":"219","type":"Feature","properties":{"state":"DELHI","state_code":"7","district":"NORTH","district_code":"91","sub_district":"NARELA","sub_district_code":"00430","sub_district_type":"Sub Division","village":null,"village_category":"Fully_Urban","village_code":null},"geometry":{"type":"Polygon","coordinates":[[[77.09457,28.87133],[77.10983,28.87007],[77.11239,28.86656],[77.11569,28.86495],[77.11644,28.86318],[77.12084,28.85994],[77.12086,28.85836],[77.1241,28.85762],[77.12339,28.85077],[77.12225,28.84777],[77.11547,28.85033],[77.11333,28.84965],[77.10724,28.85332],[77.09463,28.85369],[77.09297,28.85593],[77.09373,28.86837],[77.09457,28.87133]]]}},{"id":"220","type":"Feature","properties":{"state":"DELHI","state_code":"7","district":"NORTH","district_code":"91","sub_district":"ALIPUR","sub_district_code":"06179","sub_district_type":"Sub Division","village":"KULAKPUR","village_category":"Rural","village_code":"063874"},"geometry":{"type":"Polygon","coordinates":[[[77.19771,28.85923],[77.20991,28.85772],[77.21424,28.85582],[77.21732,28.85133],[77.21686,28.84646],[77.21434,28.84742],[77.20364,28.84732],[77.1991,28.84814],[77.19238,28.85148],[77.19205,28.85843],[77.19771,28.85923]]]}},{"id":"221","type":"Feature","properties":{"state":"DELHI","state_code":"7","district":"NORTH","district_code":"91","sub_district":"ALIPUR","sub_district_code":"06179","sub_district_type":"Sub Division","village":null,"village_category":"Fully_Urban","village_code":null},"geometry":{"type":"MultiPolygon","coordinates":[[[[77.17994,28.85229],[77.17885,28.85083],[77.181,28.84968],[77.18267,28.84718],[77.18104,28.84346],[77.18758,28.84104],[77.19166,28.83687],[77.19608,28.83546],[77.19671,28.83615],[77.19696,28.83313],[77.19959,28.83012],[77.19804,28.82678],[77.19353,28.82568],[77.18823,28.82653],[77.18377,28.82809],[77.18308,28.83011],[77.18087,28.83154],[77.17972,28.83406],[77.17907,28.83402],[77.17968,28.83993],[77.18088,28.84356],[77.17882,28.84418],[77.18037,28.84778],[77.17604,28.85046],[77.17229,28.85153],[77.17306,28.85723],[77.17463,28.85798],[77.17994,28.85229]]],[[[77.17817,28.84638],[77.1773,28.84448],[77.17608,28.84451],[77.17622,28.84538],[77.17194,28.84602],[77.17207,28.84789],[77.17817,28.84638]]]]}},{"id":"222","type":"Feature","properties":{"state":"DELHI","state_code":"7","district":"NORTH","district_code":"91","sub_district":"ALIPUR","sub_district_code":"06179","sub_district_type":"Sub Division","village":"TAJPUR KALAN","village_category":"Rural","village_code":"063871"},"geometry":{"type":"Polygon","coordinates":[[[77.1721,28.84991],[77.17191,28.84527],[77.17466,28.84457],[77.17253,28.83303],[77.16884,28.83287],[77.16549,28.82904],[77.16207,28.82896],[77.16152,28.8318],[77.1598,28.83494],[77.15702,28.83739],[77.15672,28.83885],[77.15969,28.84127],[77.16605,28.84916],[77.1673,28.84902],[77.16964,28.85042],[77.1721,28.84991]]]}},{"id":"223","type":"Feature","properties":{"state":"DELHI","state_code":"7","district":"NORTH","district_code":"91","sub_district":"ALIPUR","sub_district_code":"06179","sub_district_type":"Sub Division","village":"HAMIDPUR","village_category":"Rural","village_code":"063870"},"geometry":{"type":"Polygon","coordinates":[[[77.14241,28.83886],[77.15775,28.83669],[77.1598,28.83494],[77.16152,28.8318],[77.16207,28.82895],[77.16151,28.82702],[77.15382,28.81966],[77.15011,28.82124],[77.14607,28.82432],[77.14058,28.82566],[77.13923,28.82831],[77.1388,28.83267],[77.13699,28.83536],[77.13957,28.83643],[77.14088,28.83822],[77.14241,28.83886]]]}},{"id":"224","type":"Feature","properties":{"state":"DELHI","state_code":"7","district":"NORTH WEST","district_code":"90","sub_district":"KANJHAWLA","sub_district_code":"06178","sub_district_type":"Sub Division","village":"CHATESAR","village_category":"Rural","village_code":"063932"},"geometry":{"type":"Polygon","coordinates":[[[76.96564,28.76369],[76.97049,28.76407],[76.97983,28.76672],[76.98157,28.7657],[76.97815,28.7607],[76.97837,28.75779],[76.97371,28.75244],[76.97015,28.75386],[76.9673,28.75277],[76.95775,28.75837],[76.95708,28.75999],[76.95039,28.76329],[76.95544,28.76758],[76.96017,28.76485],[76.96564,28.76369]]]}},{"id":"225","type":"Feature","properties":{"state":"DELHI","state_code":"7","district":"NORTH WEST","district_code":"90","sub_district":"KANJHAWLA","sub_district_code":"06178","sub_district_type":"Sub Division","village":null,"village_category":"Fully_Urban","village_code":null},"geometry":{"type":"Polygon","coordinates":[[[76.96057,28.79042],[76.96522,28.79006],[76.96436,28.78884],[76.96767,28.78546],[76.97266,28.78265],[76.97368,28.78327],[76.97511,28.7823],[76.9759,28.78064],[76.97459,28.77831],[76.97663,28.77621],[76.98118,28.78056],[76.98347,28.78142],[76.98793,28.7774],[76.98502,28.77176],[76.97872,28.76637],[76.97041,28.76405],[76.96576,28.76363],[76.96034,28.7648],[76.95544,28.76758],[76.9554,28.76893],[76.95074,28.77469],[76.94981,28.77706],[76.95007,28.78326],[76.95165,28.78743],[76.95377,28.79037],[76.95763,28.7893],[76.96057,28.79042]]]}},{"id":"226","type":"Feature","properties":{"state":"DELHI","state_code":"7","district":"NORTH WEST","district_code":"90","sub_district":"KANJHAWLA","sub_district_code":"06178","sub_district_type":"Sub Division","village":null,"village_category":"Fully_Urban","village_code":null},"geometry":{"type":"Polygon","coordinates":[[[76.95101,28.81818],[76.96585,28.8135],[76.96578,28.81191],[76.96774,28.8113],[76.96677,28.80925],[76.96913,28.80717],[76.96717,28.80384],[76.96655,28.80081],[76.96871,28.80033],[76.96778,28.79815],[76.9693,28.79707],[76.96328,28.79048],[76.9575,28.7893],[76.95388,28.7902],[76.95334,28.79163],[76.94604,28.79797],[76.94189,28.79866],[76.94628,28.80662],[76.94591,28.81112],[76.94835,28.81537],[76.95101,28.81818]]]}},{"id":"227","type":"Feature","properties":{"state":"DELHI","state_code":"7","district":"SHAHADARA","district_code":"671","sub_district":"VIVEK VIHAR","sub_district_code":"00440","sub_district_type":"Sub Division","village":null,"village_category":"Fully_Urban","village_code":null},"geometry":{"type":"Polygon","coordinates":[[[77.29884,28.66722],[77.30338,28.66728],[77.3034,28.66666],[77.30926,28.66658],[77.32104,28.66423],[77.31988,28.65109],[77.31564,28.64014],[77.30166,28.64379],[77.29685,28.64834],[77.2934,28.65375],[77.28921,28.65789],[77.29146,28.66194],[77.29884,28.66722]]]}},{"id":"228","type":"Feature","properties":{"state":"DELHI\r\n","state_code":"7","district":"SOUTH WEST","district_code":"97","sub_district":"KAPASHERA","sub_district_code":"06184","sub_district_type":"Sub Division","village":"BADOSARA","village_category":"Rural","village_code":"064032"},"geometry":{"type":"Polygon","coordinates":[[[76.99727,28.53012],[76.99882,28.5268],[76.99542,28.52072],[76.9846,28.52619],[76.9773,28.52593],[76.97744,28.52677],[76.97339,28.52836],[76.97568,28.53315],[76.97882,28.53652],[76.98072,28.53571],[76.98159,28.53648],[76.99155,28.53309],[76.99727,28.53012]]]}},{"id":"229","type":"Feature","properties":{"state":"DELHI","state_code":"7","district":"SHAHADARA","district_code":"671","sub_district":"VIVEK VIHAR","sub_district_code":"00440","sub_district_type":"Sub Division","village":null,"village_category":"Fully_Urban","village_code":null},"geometry":{"type":"Polygon","coordinates":[[[77.27455,28.65157],[77.2737,28.65237],[77.27386,28.65574],[77.27167,28.66176],[77.27224,28.66228],[77.27186,28.66357],[77.27321,28.66394],[77.27434,28.6693],[77.28279,28.66944],[77.28342,28.66664],[77.28779,28.66089],[77.28792,28.65795],[77.27996,28.6551],[77.27735,28.65381],[77.27748,28.65242],[77.27455,28.65157]]]}},{"id":"230","type":"Feature","properties":{"state":"DELHI","state_code":"7","district":"SHAHADARA","district_code":"671","sub_district":"VIVEK VIHAR","sub_district_code":"00440","sub_district_type":"Sub Division","village":null,"village_category":"Fully_Urban","village_code":null},"geometry":{"type":"Polygon","coordinates":[[[77.30003,28.67727],[77.2999,28.66755],[77.29146,28.66194],[77.28922,28.65787],[77.28788,28.65792],[77.28779,28.66089],[77.28342,28.66664],[77.2828,28.66948],[77.28378,28.66985],[77.28818,28.67633],[77.29008,28.67786],[77.28942,28.67905],[77.29354,28.67841],[77.29766,28.68492],[77.29919,28.68985],[77.3032,28.69031],[77.3044,28.68877],[77.30193,28.68415],[77.30248,28.68379],[77.30208,28.68143],[77.30003,28.67727]]]}},{"id":"231","type":"Feature","properties":{"state":"DELHI","state_code":"7","district":"SHAHADARA","district_code":"671","sub_district":"VIVEK VIHAR","sub_district_code":"00440","sub_district_type":"Sub Division","village":null,"village_category":"Fully_Urban","village_code":null},"geometry":{"type":"Polygon","coordinates":[[[77.27987,28.68177],[77.28425,28.68135],[77.2894,28.67905],[77.29008,28.67786],[77.28818,28.67633],[77.28378,28.66985],[77.27434,28.6693],[77.27407,28.67301],[77.27653,28.67727],[77.27939,28.67949],[77.27987,28.68177]]]}},{"id":"232","type":"Feature","properties":{"state":"DELHI","state_code":"7","district":"SHAHADARA","district_code":"671","sub_district":"VIVEK VIHAR","sub_district_code":"00440","sub_district_type":"Sub Division","village":null,"village_category":"Fully_Urban","village_code":"800441"},"geometry":{"type":"Polygon","coordinates":[[[77.27398,28.67254],[77.27432,28.66915],[77.27321,28.66394],[77.27186,28.66357],[77.27224,28.66228],[77.26123,28.65625],[77.2594,28.6594],[77.25183,28.66249],[77.25009,28.66538],[77.25117,28.66937],[77.25237,28.66927],[77.25372,28.67105],[77.25868,28.67007],[77.26602,28.67106],[77.27054,28.67339],[77.27398,28.67254]]]}},{"id":"233","type":"Feature","properties":{"state":"DELHI","state_code":"7","district":"SHAHADARA","district_code":"671","sub_district":"SHAHDARA","sub_district_code":"00437","sub_district_type":"Sub Division","village":"JAFRABAD","village_category":"Rural","village_code":"063981"},"geometry":{"type":"Polygon","coordinates":[[[77.27398,28.67254],[77.26873,28.67345],[77.26931,28.67383],[77.26821,28.6747],[77.26979,28.6761],[77.26801,28.67687],[77.27019,28.67923],[77.2703,28.68001],[77.26939,28.68046],[77.2706,28.68307],[77.27231,28.68264],[77.27661,28.68475],[77.2776,28.6866],[77.27997,28.68627],[77.28093,28.68357],[77.27937,28.67946],[77.27653,28.67727],[77.27398,28.67254]]]}},{"id":"234","type":"Feature","properties":{"state":"DELHI","state_code":"7","district":"SHAHADARA","district_code":"671","sub_district":"SHAHDARA","sub_district_code":"00437","sub_district_type":"Sub Division","village":null,"village_category":"Fully_Urban","village_code":null},"geometry":{"type":"Polygon","coordinates":[[[77.27057,28.68308],[77.27205,28.69696],[77.27276,28.69733],[77.27503,28.69678],[77.27977,28.69798],[77.27927,28.69696],[77.28191,28.69622],[77.28031,28.69224],[77.28082,28.68845],[77.27999,28.68626],[77.2776,28.6866],[77.27661,28.68475],[77.27231,28.68264],[77.27057,28.68308]]]}},{"id":"235","type":"Feature","properties":{"state":"DELHI","state_code":"7","district":"SHAHADARA","district_code":"671","sub_district":"SHAHDARA","sub_district_code":"00437","sub_district_type":"Sub Division","village":null,"village_category":"Fully_Urban","village_code":null},"geometry":{"type":"Polygon","coordinates":[[[77.2868,28.6883],[77.28688,28.68562],[77.28557,28.68534],[77.28594,28.68299],[77.28423,28.68136],[77.2798,28.68179],[77.28094,28.68381],[77.27996,28.68623],[77.28082,28.68845],[77.28031,28.69224],[77.28191,28.69605],[77.28449,28.69348],[77.28396,28.69215],[77.2868,28.6883]]]}},{"id":"236","type":"Feature","properties":{"state":"DELHI","state_code":"7","district":"SHAHADARA","district_code":"671","sub_district":"SHAHDARA","sub_district_code":"00437","sub_district_type":"Sub Division","village":null,"village_category":"Fully_Urban","village_code":null},"geometry":{"type":"Polygon","coordinates":[[[77.29067,28.69346],[77.29931,28.69197],[77.29909,28.68843],[77.29766,28.68492],[77.29354,28.67841],[77.28926,28.67907],[77.2842,28.6814],[77.28594,28.68299],[77.28557,28.68534],[77.28688,28.68562],[77.28641,28.68696],[77.28698,28.68702],[77.28402,28.69255],[77.28655,28.69585],[77.29067,28.69346]]]}},{"id":"237","type":"Feature","properties":{"state":"DELHI","state_code":"7","district":"SHAHADARA","district_code":"671","sub_district":"SEEMA PURI","sub_district_code":"00438","sub_district_type":"Sub Division","village":null,"village_category":"Fully_Urban","village_code":null},"geometry":{"type":"Polygon","coordinates":[[[77.30478,28.7129],[77.31335,28.71299],[77.30702,28.70709],[77.30253,28.70022],[77.30122,28.69655],[77.3032,28.69031],[77.29918,28.68979],[77.29931,28.69197],[77.29708,28.69232],[77.29827,28.69657],[77.29683,28.70452],[77.29913,28.70862],[77.29903,28.70985],[77.30329,28.71137],[77.30478,28.7129]]]}},{"id":"238","type":"Feature","properties":{"state":"DELHI","state_code":"7","district":"SHAHADARA","district_code":"671","sub_district":"SEEMA PURI","sub_district_code":"00438","sub_district_type":"Sub Division","village":null,"village_category":"Fully_Urban","village_code":"800441"},"geometry":{"type":"Polygon","coordinates":[[[77.31773,28.71398],[77.32206,28.7121],[77.32445,28.7133],[77.32624,28.71271],[77.32714,28.71349],[77.33108,28.7131],[77.32648,28.71045],[77.32543,28.70888],[77.32445,28.7065],[77.32563,28.70487],[77.32574,28.70285],[77.32327,28.69858],[77.3303,28.69039],[77.33292,28.68196],[77.3301,28.67822],[77.3239,28.6772],[77.32372,28.66896],[77.32104,28.66423],[77.2999,28.66755],[77.30003,28.67727],[77.30208,28.68143],[77.30248,28.68379],[77.30193,28.68415],[77.3044,28.68877],[77.30222,28.69187],[77.30122,28.69655],[77.30253,28.70022],[77.30702,28.70709],[77.31335,28.71299],[77.31666,28.71292],[77.31773,28.71398]]]}},{"id":"239","type":"Feature","properties":{"state":"DELHI","state_code":"7","district":"NORTH","district_code":"91","sub_district":"ALIPUR","sub_district_code":"06179","sub_district_type":"Sub Division","village":"SUNGARPUR - SHADRA","village_category":"Rural","village_code":"063876"},"geometry":{"type":"Polygon","coordinates":[[[77.20172,28.81277],[77.20294,28.81477],[77.21063,28.81438],[77.21726,28.81501],[77.22009,28.81745],[77.21896,28.80824],[77.21344,28.80912],[77.20172,28.81277]]]}},{"id":"240","type":"Feature","properties":{"state":"DELHI","state_code":"7","district":"NORTH","district_code":"91","sub_district":"ALIPUR","sub_district_code":"06179","sub_district_type":"Sub Division","village":null,"village_category":"Fully_Urban","village_code":null},"geometry":{"type":"Polygon","coordinates":[[[77.13309,28.86274],[77.14032,28.86206],[77.1409,28.86016],[77.14255,28.85971],[77.14199,28.85624],[77.14531,28.85364],[77.14519,28.85217],[77.14225,28.84785],[77.14174,28.84469],[77.14192,28.84326],[77.14223,28.8425],[77.14232,28.84199],[77.14244,28.84125],[77.14258,28.84026],[77.14257,28.84004],[77.1425,28.83962],[77.14248,28.83929],[77.14241,28.83886],[77.14383,28.83828],[77.14241,28.83886],[77.1419,28.84338],[77.13597,28.84478],[77.13244,28.84701],[77.13159,28.84913],[77.12613,28.85181],[77.12534,28.85652],[77.12396,28.85671],[77.12548,28.85986],[77.1301,28.86143],[77.13222,28.8636],[77.13309,28.86274]]]}},{"id":"241","type":"Feature","properties":{"state":"DELHI","state_code":"7","district":"NORTH","district_code":"91","sub_district":"ALIPUR","sub_district_code":"06179","sub_district_type":"Sub Division","village":"PALLA","village_category":"Rural","village_code":"063873"},"geometry":{"type":"MultiPolygon","coordinates":[[[[77.17608,28.84456],[77.17191,28.84527],[77.17194,28.84602],[77.17622,28.84538],[77.17608,28.84456]]],[[[77.17499,28.85085],[77.18037,28.84778],[77.17881,28.84411],[77.1773,28.84448],[77.17817,28.84638],[77.17207,28.84789],[77.17229,28.85153],[77.17499,28.85085]]],[[[77.17463,28.85798],[77.17811,28.85825],[77.18142,28.85751],[77.19205,28.85843],[77.19238,28.85148],[77.19806,28.84848],[77.20237,28.84754],[77.19608,28.83546],[77.19027,28.8377],[77.18758,28.84104],[77.18104,28.84346],[77.18267,28.84718],[77.181,28.84968],[77.17885,28.85083],[77.17994,28.85229],[77.17463,28.85798]]]]}},{"id":"242","type":"Feature","properties":{"state":"DELHI","state_code":"7","district":"NORTH EAST","district_code":"92","sub_district":"SEALAM PUR","sub_district_code":"00436","sub_district_type":"Sub Division","village":null,"village_category":"Fully_Urban","village_code":null},"geometry":{"type":"Polygon","coordinates":[[[77.26029,28.67041],[77.25438,28.67083],[77.25773,28.68364],[77.25882,28.68235],[77.26038,28.68214],[77.26332,28.68449],[77.26583,28.68089],[77.26624,28.67811],[77.26029,28.67041]]]}},{"id":"243","type":"Feature","properties":{"state":"DELHI","state_code":"7","district":"NORTH EAST","district_code":"92","sub_district":"SEALAM PUR","sub_district_code":"00436","sub_district_type":"Sub Division","village":null,"village_category":"Fully_Urban","village_code":null},"geometry":{"type":"Polygon","coordinates":[[[77.26029,28.67041],[77.26611,28.67755],[77.26583,28.68089],[77.26332,28.68449],[77.26474,28.68794],[77.26771,28.6866],[77.26841,28.6874],[77.26827,28.68941],[77.27106,28.68951],[77.2706,28.68307],[77.26939,28.68046],[77.2702,28.67928],[77.26801,28.67687],[77.26979,28.6761],[77.26821,28.6747],[77.26999,28.67287],[77.26602,28.67106],[77.26029,28.67041]]]}},{"id":"244","type":"Feature","properties":{"state":"DELHI","state_code":"7","district":"NORTH EAST","district_code":"92","sub_district":"SEALAM PUR","sub_district_code":"00436","sub_district_type":"Sub Division","village":null,"village_category":"Fully_Urban","village_code":null},"geometry":{"type":"Polygon","coordinates":[[[77.26502,28.68778],[77.26457,28.69252],[77.27106,28.69785],[77.27205,28.69696],[77.27106,28.68951],[77.26827,28.68941],[77.26841,28.6874],[77.26771,28.6866],[77.26502,28.68778]]]}},{"id":"245","type":"Feature","properties":{"state":"DELHI","state_code":"7","district":"NORTH EAST","district_code":"92","sub_district":"SEALAM PUR","sub_district_code":"00436","sub_district_type":"Sub Division","village":null,"village_category":"Fully_Urban","village_code":null},"geometry":{"type":"Polygon","coordinates":[[[77.24646,28.70716],[77.25451,28.70481],[77.25323,28.70398],[77.25087,28.69791],[77.2495,28.68766],[77.24683,28.68791],[77.24203,28.69111],[77.24646,28.70716]]]}},{"id":"246","type":"Feature","properties":{"state":"DELHI","state_code":"7","district":"NORTH EAST","district_code":"92","sub_district":"SEALAM PUR","sub_district_code":"00436","sub_district_type":"Sub Division","village":null,"village_category":"Fully_Urban","village_code":null},"geometry":{"type":"Polygon","coordinates":[[[77.26388,28.7036],[77.27121,28.70116],[77.27054,28.69825],[77.27106,28.69785],[77.26457,28.69252],[77.26474,28.68793],[77.26332,28.68449],[77.26149,28.68254],[77.25958,28.68206],[77.25712,28.68397],[77.2552,28.68366],[77.25493,28.68464],[77.25086,28.68422],[77.2505,28.68329],[77.24913,28.68441],[77.25076,28.69742],[77.25331,28.70412],[77.25589,28.70474],[77.26203,28.70321],[77.26388,28.7036]]]}},{"id":"247","type":"Feature","properties":{"state":"DELHI","state_code":"7","district":"NORTH EAST","district_code":"92","sub_district":"YAMUNA VIHAR","sub_district_code":"06180","sub_district_type":"Sub Division","village":null,"village_category":"Fully_Urban","village_code":null},"geometry":{"type":"Polygon","coordinates":[[[77.27673,28.71332],[77.28093,28.71116],[77.28024,28.71121],[77.2796,28.70967],[77.28275,28.70805],[77.28218,28.70708],[77.28449,28.70552],[77.28398,28.70479],[77.28045,28.70585],[77.27986,28.70409],[77.28076,28.70357],[77.28106,28.7007],[77.28276,28.7005],[77.28303,28.70212],[77.28446,28.70172],[77.28356,28.7002],[77.28646,28.69894],[77.28468,28.69624],[77.28294,28.6978],[77.28167,28.69615],[77.27927,28.69696],[77.28081,28.69902],[77.27972,28.70017],[77.27957,28.70236],[77.27744,28.70272],[77.27471,28.69763],[77.27315,28.69857],[77.27274,28.69726],[77.27151,28.69708],[77.27054,28.69825],[77.27121,28.70116],[77.26607,28.70373],[77.27372,28.70911],[77.27673,28.71332]]]}},{"id":"248","type":"Feature","properties":{"state":"DELHI","state_code":"7","district":"NORTH EAST","district_code":"92","sub_district":"YAMUNA VIHAR","sub_district_code":"06180","sub_district_type":"Sub Division","village":"KHANPUR DHANI","village_category":"Rural","village_code":"063974"},"geometry":{"type":"MultiPolygon","coordinates":[[[[77.27744,28.70272],[77.27957,28.70236],[77.27972,28.70017],[77.28081,28.69902],[77.27975,28.69798],[77.27503,28.69678],[77.27276,28.69733],[77.27315,28.69857],[77.27471,28.69763],[77.27744,28.70272]]],[[[77.26607,28.70373],[77.26786,28.70274],[77.26982,28.70217],[77.26934,28.70156],[77.26521,28.70296],[77.26607,28.70373]]]]}},{"id":"249","type":"Feature","properties":{"state":"DELHI","state_code":"7","district":"NORTH EAST","district_code":"92","sub_district":"YAMUNA VIHAR","sub_district_code":"06180","sub_district_type":"Sub Division","village":null,"village_category":"Fully_Urban","village_code":null},"geometry":{"type":"Polygon","coordinates":[[[77.2872,28.71178],[77.28736,28.71027],[77.28945,28.70758],[77.29152,28.70615],[77.29685,28.70452],[77.29827,28.69657],[77.29708,28.69232],[77.29209,28.69295],[77.28655,28.69585],[77.28457,28.69334],[77.28191,28.69605],[77.28294,28.6978],[77.28468,28.69624],[77.28646,28.69894],[77.28356,28.7002],[77.28446,28.70172],[77.28303,28.70212],[77.28276,28.7005],[77.28102,28.70074],[77.28076,28.70357],[77.27987,28.70402],[77.28045,28.70585],[77.28398,28.70479],[77.28449,28.70552],[77.28218,28.70708],[77.28275,28.70805],[77.2796,28.70967],[77.27984,28.71066],[77.2872,28.71178]]]}},{"id":"250","type":"Feature","properties":{"state":"DELHI","state_code":"7","district":"NORTH EAST","district_code":"92","sub_district":"KARAWAL NAGAR","sub_district_code":"06181","sub_district_type":"Sub Division","village":null,"village_category":"Fully_Urban","village_code":null},"geometry":{"type":"Polygon","coordinates":[[[77.28721,28.71185],[77.2811,28.71114],[77.27809,28.71293],[77.28624,28.72469],[77.29077,28.72238],[77.28883,28.71957],[77.28909,28.71682],[77.28624,28.71453],[77.28721,28.71185]]]}},{"id":"251","type":"Feature","properties":{"state":"DELHI","state_code":"7","district":"NORTH WEST","district_code":"90","sub_district":"KANJHAWLA","sub_district_code":"06178","sub_district_type":"Sub Division","village":null,"village_category":"Fully_Urban","village_code":null},"geometry":{"type":"Polygon","coordinates":[[[76.95866,28.73541],[76.96753,28.73457],[76.96995,28.73287],[76.97745,28.73839],[76.97999,28.73829],[76.98119,28.73718],[76.97613,28.73299],[76.97438,28.72916],[76.97131,28.72839],[76.96974,28.72891],[76.96949,28.72824],[76.96661,28.72796],[76.96535,28.72665],[76.95952,28.7297],[76.96006,28.73274],[76.95866,28.73541]]]}},{"id":"252","type":"Feature","properties":{"state":"DELHI","state_code":"7","district":"NORTH WEST","district_code":"90","sub_district":"KANJHAWLA","sub_district_code":"06178","sub_district_type":"Sub Division","village":null,"village_category":"Fully_Urban","village_code":null},"geometry":{"type":"Polygon","coordinates":[[[76.98729,28.76034],[76.98581,28.75706],[76.98621,28.75385],[76.98495,28.75159],[76.98571,28.75075],[76.98506,28.74774],[76.98371,28.74591],[76.98374,28.7424],[76.98214,28.73791],[76.98119,28.73718],[76.97999,28.73829],[76.97745,28.73839],[76.96995,28.73287],[76.96753,28.73457],[76.95854,28.73542],[76.95593,28.73823],[76.95828,28.74323],[76.95063,28.75007],[76.94449,28.75407],[76.94601,28.75815],[76.95039,28.76329],[76.95708,28.75999],[76.95775,28.75837],[76.96772,28.75263],[76.97015,28.75386],[76.97371,28.75244],[76.9748,28.75338],[76.97837,28.75779],[76.97815,28.7607],[76.98157,28.7657],[76.98729,28.76034]]]}},{"id":"253","type":"Feature","properties":{"state":"DELHI","state_code":"7","district":"NORTH EAST","district_code":"92","sub_district":"KARAWAL NAGAR","sub_district_code":"06181","sub_district_type":"Sub Division","village":null,"village_category":"Fully_Urban","village_code":null},"geometry":{"type":"Polygon","coordinates":[[[77.26082,28.73416],[77.27193,28.73546],[77.27291,28.73627],[77.27644,28.73545],[77.28573,28.72622],[77.28624,28.72469],[77.27818,28.71296],[77.27764,28.71537],[77.2723,28.71655],[77.2657,28.71928],[77.25712,28.72611],[77.25556,28.72881],[77.25483,28.73236],[77.25573,28.73529],[77.25556,28.73901],[77.26082,28.73416]]]}},{"id":"254","type":"Feature","properties":{"state":"DELHI","state_code":"7","district":"NORTH EAST","district_code":"92","sub_district":"YAMUNA VIHAR","sub_district_code":"06180","sub_district_type":"Sub Division","village":null,"village_category":"Fully_Urban","village_code":null},"geometry":{"type":"Polygon","coordinates":[[[77.26477,28.71067],[77.26131,28.71103],[77.26142,28.71178],[77.26305,28.71319],[77.26572,28.71927],[77.27782,28.71516],[77.27803,28.71311],[77.27673,28.71332],[77.27372,28.70911],[77.26834,28.70573],[77.26591,28.70752],[77.26477,28.71067]]]}},{"id":"255","type":"Feature","properties":{"state":"DELHI","state_code":"7","district":"NORTH EAST","district_code":"92","sub_district":"SEALAM PUR","sub_district_code":"00436","sub_district_type":"Sub Division","village":null,"village_category":"Fully_Urban","village_code":null},"geometry":{"type":"Polygon","coordinates":[[[77.2619,28.71114],[77.26477,28.71067],[77.26591,28.70752],[77.26834,28.70573],[77.26499,28.70275],[77.26388,28.7036],[77.26203,28.70321],[77.25917,28.70408],[77.26116,28.70669],[77.26101,28.70987],[77.2619,28.71114]]]}},{"id":"256","type":"Feature","properties":{"state":"DELHI","state_code":"7","district":"NORTH EAST","district_code":"92","sub_district":"SEALAM PUR","sub_district_code":"00436","sub_district_type":"Sub Division","village":null,"village_category":"Fully_Urban","village_code":null},"geometry":{"type":"Polygon","coordinates":[[[77.2567,28.71378],[77.26132,28.71125],[77.26116,28.70669],[77.25918,28.70411],[77.25465,28.70464],[77.2509,28.70601],[77.25268,28.71043],[77.25111,28.71192],[77.25114,28.71239],[77.25276,28.71363],[77.2567,28.71378]]]}},{"id":"257","type":"Feature","properties":{"state":"DELHI","state_code":"7","district":"NORTH EAST","district_code":"92","sub_district":"KARAWAL NAGAR","sub_district_code":"06181","sub_district_type":"Sub Division","village":null,"village_category":"Fully_Urban","village_code":null},"geometry":{"type":"Polygon","coordinates":[[[77.25177,28.7442],[77.25464,28.74371],[77.25573,28.73529],[77.25483,28.73236],[77.25643,28.72708],[77.25881,28.72434],[77.26572,28.71927],[77.26305,28.71319],[77.26132,28.71125],[77.25681,28.71375],[77.25307,28.71378],[77.25157,28.72029],[77.24812,28.72575],[77.24955,28.72953],[77.24655,28.7308],[77.24736,28.73282],[77.24672,28.73727],[77.24806,28.73792],[77.25177,28.7442]]]}},{"id":"258","type":"Feature","properties":{"state":"DELHI","state_code":"7","district":"NORTH EAST","district_code":"92","sub_district":"KARAWAL NAGAR","sub_district_code":"06181","sub_district_type":"Sub Division","village":null,"village_category":"Fully_Urban","village_code":null},"geometry":{"type":"Polygon","coordinates":[[[77.25306,28.71381],[77.25118,28.71231],[77.25093,28.71317],[77.24206,28.71416],[77.2431,28.71494],[77.24363,28.71899],[77.24132,28.71866],[77.24077,28.72013],[77.24327,28.72289],[77.24156,28.7243],[77.24295,28.72641],[77.2427,28.72861],[77.2462,28.72805],[77.24856,28.72998],[77.24955,28.72953],[77.24812,28.72575],[77.25157,28.72029],[77.25306,28.71381]]]}},{"id":"259","type":"Feature","properties":{"state":"DELHI","state_code":"7","district":"NORTH EAST","district_code":"92","sub_district":"KARAWAL NAGAR","sub_district_code":"06181","sub_district_type":"Sub Division","village":"SADATPUR MUSLAMANAN","village_category":"Rural","village_code":"063964"},"geometry":{"type":"Polygon","coordinates":[[[77.24655,28.7308],[77.2486,28.72992],[77.24789,28.72885],[77.2462,28.72805],[77.2427,28.72861],[77.24295,28.72641],[77.24156,28.7243],[77.24327,28.72289],[77.24077,28.72013],[77.24132,28.71866],[77.24363,28.71899],[77.2431,28.71494],[77.23776,28.71229],[77.23685,28.7145],[77.2377,28.71567],[77.23698,28.71731],[77.23853,28.72433],[77.23714,28.725],[77.23829,28.72898],[77.24125,28.73003],[77.24137,28.73104],[77.24655,28.7308]]]}},{"id":"260","type":"Feature","properties":{"state":"DELHI","state_code":"7","district":"NORTH EAST","district_code":"92","sub_district":"KARAWAL NAGAR","sub_district_code":"06181","sub_district_type":"Sub Division","village":"BAQIA BAD","village_category":"Rural","village_code":"063969"},"geometry":{"type":"Polygon","coordinates":[[[77.24132,28.74399],[77.25172,28.74436],[77.25185,28.74373],[77.2493,28.74088],[77.24806,28.73792],[77.24672,28.73727],[77.24729,28.7322],[77.24579,28.73051],[77.24137,28.73104],[77.24186,28.73385],[77.24013,28.73533],[77.24199,28.74022],[77.24132,28.74399]]]}},{"id":"261","type":"Feature","properties":{"state":"DELHI","state_code":"7","district":"NORTH EAST","district_code":"92","sub_district":"KARAWAL NAGAR","sub_district_code":"06181","sub_district_type":"Sub Division","village":null,"village_category":"Fully_Urban","village_code":null},"geometry":{"type":"Polygon","coordinates":[[[77.25027,28.75518],[77.25636,28.7562],[77.25615,28.75435],[77.25912,28.75225],[77.25918,28.75],[77.2562,28.74388],[77.24323,28.74449],[77.24132,28.74399],[77.23927,28.74506],[77.23764,28.75198],[77.23898,28.75393],[77.23943,28.75919],[77.25027,28.75518]]]}},{"id":"262","type":"Feature","properties":{"state":"DELHI","state_code":"7","district":"NORTH EAST","district_code":"92","sub_district":"KARAWAL NAGAR","sub_district_code":"06181","sub_district_type":"Sub Division","village":"SABAPUR DELHI","village_category":"Rural","village_code":"063962"},"geometry":{"type":"Polygon","coordinates":[[[77.23525,28.76244],[77.23556,28.76092],[77.23943,28.75919],[77.23898,28.75393],[77.23764,28.75198],[77.23927,28.74506],[77.22787,28.74878],[77.22856,28.74838],[77.22769,28.74469],[77.22773,28.74551],[77.22684,28.74498],[77.22361,28.7459],[77.22339,28.74694],[77.22259,28.74501],[77.22235,28.74563],[77.22167,28.7449],[77.22303,28.75066],[77.22129,28.75087],[77.22204,28.7515],[77.22213,28.7578],[77.22126,28.76003],[77.22482,28.76002],[77.22744,28.7612],[77.22998,28.76108],[77.23525,28.76244]]]}},{"id":"263","type":"Feature","properties":{"state":"DELHI","state_code":"7","district":"NORTH EAST","district_code":"92","sub_district":"KARAWAL NAGAR","sub_district_code":"06181","sub_district_type":"Sub Division","village":"PUR SHAHDARA","village_category":"Rural","village_code":"063961"},"geometry":{"type":"Polygon","coordinates":[[[77.23136,28.76943],[77.23608,28.7694],[77.23571,28.76247],[77.2327,28.76566],[77.23136,28.76943]]]}},{"id":"264","type":"Feature","properties":{"state":"DELHI","state_code":"7","district":"NORTH EAST","district_code":"92","sub_district":"KARAWAL NAGAR","sub_district_code":"06181","sub_district_type":"Sub Division","village":"PUR DELHI","village_category":"Rural","village_code":"063960"},"geometry":{"type":"Polygon","coordinates":[[[77.21807,28.76667],[77.22003,28.77031],[77.23141,28.76901],[77.2327,28.76566],[77.23525,28.76246],[77.22998,28.76108],[77.22744,28.7612],[77.22482,28.76002],[77.22126,28.76003],[77.21807,28.76667]]]}},{"id":"265","type":"Feature","properties":{"state":"DELHI","state_code":"7","district":"NORTH EAST","district_code":"92","sub_district":"KARAWAL NAGAR","sub_district_code":"06181","sub_district_type":"Sub Division","village":"BADARPUR KHADAR","village_category":"Rural","village_code":"063959"},"geometry":{"type":"Polygon","coordinates":[[[77.23415,28.78372],[77.22187,28.77739],[77.22535,28.77687],[77.23145,28.77441],[77.23216,28.77283],[77.23179,28.77079],[77.23588,28.77073],[77.23608,28.7694],[77.23006,28.76891],[77.22137,28.77018],[77.21765,28.77533],[77.21886,28.78032],[77.2185,28.78235],[77.21603,28.7852],[77.22854,28.78653],[77.23415,28.78372]]]}},{"id":"266","type":"Feature","properties":{"state":"DELHI","state_code":"7","district":"NORTH WEST","district_code":"90","sub_district":"SARASWATI VIHAR","sub_district_code":"00431","sub_district_type":"Sub Division","village":null,"village_category":"Fully_Urban","village_code":null},"geometry":{"type":"Polygon","coordinates":[[[77.09788,28.6893],[77.09876,28.69135],[77.0981,28.69302],[77.09745,28.69408],[77.09625,28.6943],[77.09784,28.69812],[77.09926,28.69765],[77.10186,28.70157],[77.10109,28.70221],[77.10235,28.70553],[77.11021,28.7022],[77.11098,28.70337],[77.11217,28.70309],[77.11195,28.70236],[77.11279,28.70186],[77.11467,28.70216],[77.11856,28.70124],[77.12535,28.69821],[77.12355,28.69409],[77.11971,28.69041],[77.11838,28.68722],[77.1148,28.68306],[77.10768,28.68853],[77.10366,28.68468],[77.09788,28.6893]]]}},{"id":"267","type":"Feature","properties":{"state":"DELHI","state_code":"7","district":"NORTH WEST","district_code":"90","sub_district":"SARASWATI VIHAR","sub_district_code":"00431","sub_district_type":"Sub Division","village":null,"village_category":"Fully_Urban","village_code":null},"geometry":{"type":"Polygon","coordinates":[[[77.12935,28.67861],[77.12515,28.68033],[77.12076,28.68372],[77.12304,28.68738],[77.12131,28.68907],[77.1193,28.6897],[77.12355,28.69409],[77.12535,28.69821],[77.13648,28.69625],[77.13542,28.69461],[77.13683,28.6939],[77.13408,28.68974],[77.13507,28.68795],[77.13272,28.68682],[77.13383,28.68498],[77.1327,28.68445],[77.1309,28.67952],[77.12935,28.67861]]]}},{"id":"268","type":"Feature","properties":{"state":"DELHI","state_code":"7","district":"NORTH WEST","district_code":"90","sub_district":"SARASWATI VIHAR","sub_district_code":"00431","sub_district_type":"Sub Division","village":null,"village_category":"Fully_Urban","village_code":"800441"},"geometry":{"type":"Polygon","coordinates":[[[77.15593,28.67499],[77.15354,28.67316],[77.15332,28.67234],[77.14939,28.67287],[77.1485,28.6692],[77.14718,28.66944],[77.13937,28.67118],[77.13266,28.67713],[77.12935,28.67861],[77.1309,28.67952],[77.1327,28.68445],[77.13383,28.68498],[77.13272,28.68682],[77.13507,28.68795],[77.13408,28.68974],[77.13683,28.6939],[77.13542,28.69461],[77.13648,28.69625],[77.14354,28.69376],[77.14437,28.69428],[77.14794,28.69362],[77.15008,28.69461],[77.15304,28.6942],[77.15512,28.69301],[77.15476,28.68649],[77.15614,28.68553],[77.15441,28.68411],[77.15518,28.67929],[77.15466,28.67839],[77.15752,28.67549],[77.15593,28.67499]]]}},{"id":"269","type":"Feature","properties":{"state":"DELHI","state_code":"7","district":"NORTH WEST","district_code":"90","sub_district":"SARASWATI VIHAR","sub_district_code":"00431","sub_district_type":"Sub Division","village":null,"village_category":"Fully_Urban","village_code":null},"geometry":{"type":"Polygon","coordinates":[[[77.16839,28.68629],[77.16796,28.68392],[77.17299,28.67932],[77.17473,28.67425],[77.17713,28.67525],[77.17908,28.6743],[77.17874,28.67268],[77.17778,28.67269],[77.17686,28.67069],[77.17824,28.66764],[77.17512,28.66556],[77.16964,28.65926],[77.16795,28.65612],[77.16218,28.65808],[77.15892,28.65809],[77.16391,28.66229],[77.1599,28.67061],[77.15732,28.67132],[77.1583,28.67325],[77.15695,28.67438],[77.1577,28.67469],[77.15752,28.67549],[77.15466,28.67839],[77.15518,28.67929],[77.15441,28.68411],[77.15614,28.68553],[77.15476,28.68649],[77.15512,28.69285],[77.16839,28.68629]]]}},{"id":"270","type":"Feature","properties":{"state":"DELHI","state_code":"7","district":"NORTH WEST","district_code":"90","sub_district":"KANJHAWLA","sub_district_code":"06178","sub_district_type":"Sub Division","village":null,"village_category":"Fully_Urban","village_code":null},"geometry":{"type":"Polygon","coordinates":[[[77.00108,28.70708],[77.00121,28.70561],[77.0127,28.69531],[77.00938,28.68826],[77.00232,28.67981],[77.00006,28.67921],[76.98345,28.69005],[76.97601,28.69832],[76.97681,28.70044],[76.9789,28.70254],[76.98352,28.70482],[76.98886,28.70958],[76.99185,28.71092],[77.00108,28.70708]]]}},{"id":"271","type":"Feature","properties":{"state":"DELHI","state_code":"7","district":"NORTH WEST","district_code":"90","sub_district":"ROHINI","sub_district_code":"06177","sub_district_type":"Sub Division","village":null,"village_category":"Fully_Urban","village_code":null},"geometry":{"type":"Polygon","coordinates":[[[77.0195,28.69538],[77.0127,28.69531],[77.00372,28.70384],[77.01824,28.7081],[77.02148,28.70786],[77.02149,28.70157],[77.0195,28.69538]]]}},{"id":"272","type":"Feature","properties":{"state":"DELHI","state_code":"7","district":"NORTH WEST","district_code":"90","sub_district":"ROHINI","sub_district_code":"06177","sub_district_type":"Sub Division","village":null,"village_category":"Fully_Urban","village_code":null},"geometry":{"type":"Polygon","coordinates":[[[77.02222,28.71172],[77.03766,28.69976],[77.03742,28.69846],[77.02811,28.69611],[77.0195,28.69538],[77.02149,28.70157],[77.02148,28.70786],[77.01824,28.7081],[77.00372,28.70384],[77.0009,28.70622],[77.00249,28.71264],[77.0058,28.71167],[77.00845,28.71388],[77.01225,28.71344],[77.01513,28.7141],[77.02222,28.71172]]]}},{"id":"273","type":"Feature","properties":{"state":"DELHI","state_code":"7","district":"NORTH WEST","district_code":"90","sub_district":"ROHINI","sub_district_code":"06177","sub_district_type":"Sub Division","village":null,"village_category":"Fully_Urban","village_code":null},"geometry":{"type":"Polygon","coordinates":[[[77.01942,28.72573],[77.03027,28.72081],[77.03614,28.71977],[77.0348,28.71499],[77.03178,28.70869],[77.03103,28.70427],[77.02114,28.71221],[77.01513,28.7141],[77.01225,28.71344],[77.00845,28.71388],[77.00997,28.71854],[77.01165,28.72069],[77.01226,28.72031],[77.01472,28.72206],[77.01631,28.72161],[77.01634,28.72307],[77.01824,28.72399],[77.01942,28.72573]]]}},{"id":"274","type":"Feature","properties":{"state":"DELHI","state_code":"7","district":"NORTH WEST","district_code":"90","sub_district":"ROHINI","sub_district_code":"06177","sub_district_type":"Sub Division","village":null,"village_category":"Fully_Urban","village_code":null},"geometry":{"type":"Polygon","coordinates":[[[77.03614,28.71977],[77.03868,28.71988],[77.04514,28.71835],[77.04871,28.71539],[77.04436,28.70812],[77.04101,28.70411],[77.03876,28.69824],[77.03742,28.69846],[77.03766,28.69976],[77.03103,28.70427],[77.03178,28.70869],[77.0348,28.71499],[77.03614,28.71977]]]}},{"id":"275","type":"Feature","properties":{"state":"DELHI","state_code":"7","district":"NORTH WEST","district_code":"90","sub_district":"ROHINI","sub_district_code":"06177","sub_district_type":"Sub Division","village":null,"village_category":"Fully_Urban","village_code":null},"geometry":{"type":"Polygon","coordinates":[[[77.06086,28.71289],[77.05879,28.70961],[77.05805,28.70669],[77.05528,28.70351],[77.04495,28.70091],[77.04082,28.69756],[77.03876,28.69824],[77.04101,28.70411],[77.04436,28.70812],[77.04871,28.71539],[77.05353,28.7177],[77.06086,28.71289]]]}},{"id":"276","type":"Feature","properties":{"state":"DELHI","state_code":"7","district":"NORTH WEST","district_code":"90","sub_district":"ROHINI","sub_district_code":"06177","sub_district_type":"Sub Division","village":null,"village_category":"Fully_Urban","village_code":null},"geometry":{"type":"Polygon","coordinates":[[[77.07336,28.70119],[77.07188,28.70052],[77.07111,28.69711],[77.06946,28.69489],[77.06686,28.69527],[77.06355,28.69123],[77.0561,28.68683],[77.0541,28.68342],[77.04886,28.68824],[77.04512,28.69497],[77.04082,28.69756],[77.04495,28.70091],[77.05528,28.70351],[77.05805,28.70669],[77.05879,28.70961],[77.06086,28.71289],[77.07171,28.70533],[77.07055,28.70337],[77.07336,28.70119]]]}},{"id":"277","type":"Feature","properties":{"state":"DELHI","state_code":"7","district":"NORTH WEST","district_code":"90","sub_district":"ROHINI","sub_district_code":"06177","sub_district_type":"Sub Division","village":"SULTANPUR MAZARA","village_category":"Rural","village_code":"063948"},"geometry":{"type":"Polygon","coordinates":[[[77.08708,28.68886],[77.08361,28.6884],[77.07881,28.68376],[77.07602,28.68302],[77.07341,28.68603],[77.06452,28.69199],[77.06686,28.69527],[77.06946,28.69489],[77.07111,28.69711],[77.07188,28.70052],[77.07336,28.70119],[77.08219,28.69722],[77.08346,28.69848],[77.08846,28.6955],[77.08854,28.69174],[77.08708,28.68886]]]}},{"id":"278","type":"Feature","properties":{"state":"DELHI","state_code":"7","district":"NORTH WEST","district_code":"90","sub_district":"ROHINI","sub_district_code":"06177","sub_district_type":"Sub Division","village":null,"village_category":"Fully_Urban","village_code":null},"geometry":{"type":"Polygon","coordinates":[[[77.08846,28.6955],[77.08364,28.69839],[77.08496,28.70038],[77.09168,28.70785],[77.09865,28.70551],[77.09951,28.70661],[77.10242,28.70568],[77.10109,28.70221],[77.10186,28.70157],[77.09926,28.69765],[77.09784,28.69812],[77.09625,28.6943],[77.09745,28.69408],[77.09876,28.69135],[77.09788,28.6893],[77.09501,28.689],[77.09244,28.68598],[77.08708,28.68886],[77.08854,28.69174],[77.08846,28.6955]]]}},{"id":"279","type":"Feature","properties":{"state":"DELHI","state_code":"7","district":"NORTH WEST","district_code":"90","sub_district":"SARASWATI VIHAR","sub_district_code":"00431","sub_district_type":"Sub Division","village":null,"village_category":"Fully_Urban","village_code":null},"geometry":{"type":"Polygon","coordinates":[[[77.12331,28.70676],[77.12378,28.70358],[77.12204,28.6997],[77.11467,28.70216],[77.11279,28.70186],[77.11195,28.70236],[77.11217,28.70309],[77.11098,28.70337],[77.11021,28.7022],[77.10581,28.70381],[77.1101,28.70902],[77.11152,28.7091],[77.11264,28.71015],[77.11477,28.70914],[77.11717,28.71283],[77.11858,28.71258],[77.11945,28.71352],[77.12155,28.71212],[77.12127,28.70759],[77.12331,28.70676]]]}},{"id":"280","type":"Feature","properties":{"state":"DELHI","state_code":"7","district":"NORTH WEST","district_code":"90","sub_district":"SARASWATI VIHAR","sub_district_code":"00431","sub_district_type":"Sub Division","village":null,"village_category":"Fully_Urban","village_code":null},"geometry":{"type":"Polygon","coordinates":[[[77.17623,28.70165],[77.17781,28.70005],[77.18123,28.70096],[77.18183,28.70019],[77.17943,28.699],[77.17967,28.69756],[77.18229,28.69639],[77.18465,28.69387],[77.18571,28.69396],[77.18583,28.69279],[77.18362,28.68961],[77.17711,28.68406],[77.17598,28.68364],[77.17328,28.68516],[77.169,28.68932],[77.16836,28.6863],[77.15738,28.69203],[77.16134,28.69693],[77.17074,28.69984],[77.17164,28.69854],[77.1729,28.69885],[77.17623,28.70165]]]}},{"id":"281","type":"Feature","properties":{"state":"DELHI","state_code":"7","district":"NORTH WEST","district_code":"90","sub_district":"SARASWATI VIHAR","sub_district_code":"00431","sub_district_type":"Sub Division","village":null,"village_category":"Fully_Urban","village_code":null},"geometry":{"type":"Polygon","coordinates":[[[77.14725,28.70564],[77.14488,28.69711],[77.14522,28.69593],[77.14472,28.69446],[77.14354,28.69376],[77.13561,28.6965],[77.12381,28.69862],[77.12204,28.6997],[77.12378,28.70358],[77.12331,28.70676],[77.1257,28.70603],[77.13059,28.70936],[77.13205,28.70911],[77.13298,28.71031],[77.14725,28.70564]]]}},{"id":"282","type":"Feature","properties":{"state":"DELHI","state_code":"7","district":"NORTH WEST","district_code":"90","sub_district":"SARASWATI VIHAR","sub_district_code":"00431","sub_district_type":"Sub Division","village":null,"village_category":"Fully_Urban","village_code":null},"geometry":{"type":"Polygon","coordinates":[[[77.14931,28.70496],[77.15246,28.70083],[77.15626,28.70045],[77.15606,28.703],[77.15888,28.7043],[77.16274,28.70279],[77.16818,28.69901],[77.16128,28.6969],[77.15738,28.69203],[77.15541,28.69243],[77.15295,28.69422],[77.14898,28.69457],[77.14794,28.69362],[77.14442,28.69426],[77.14682,28.70479],[77.14725,28.70564],[77.14931,28.70496]]]}},{"id":"283","type":"Feature","properties":{"state":"DELHI","state_code":"7","district":"NORTH WEST","district_code":"90","sub_district":"SARASWATI VIHAR","sub_district_code":"00431","sub_district_type":"Sub Division","village":null,"village_category":"Fully_Urban","village_code":null},"geometry":{"type":"Polygon","coordinates":[[[77.14936,28.70441],[77.15069,28.71369],[77.15313,28.71359],[77.15534,28.71455],[77.15569,28.71658],[77.16012,28.71883],[77.16194,28.71721],[77.16338,28.71709],[77.16284,28.71592],[77.16406,28.71438],[77.16405,28.71262],[77.16102,28.7098],[77.16213,28.70739],[77.15797,28.70338],[77.15606,28.703],[77.15626,28.70045],[77.15239,28.70086],[77.15156,28.70275],[77.14936,28.70441]]]}},{"id":"284","type":"Feature","properties":{"state":"DELHI","state_code":"7","district":"NORTH WEST","district_code":"90","sub_district":"KANJHAWLA","sub_district_code":"06178","sub_district_type":"Sub Division","village":null,"village_category":"Fully_Urban","village_code":null},"geometry":{"type":"Polygon","coordinates":[[[76.97704,28.70058],[76.97448,28.70135],[76.97446,28.70205],[76.9725,28.70184],[76.97196,28.70334],[76.97877,28.71551],[76.98249,28.71766],[76.98527,28.71612],[76.9859,28.71679],[76.9898,28.71505],[76.98935,28.71434],[76.99118,28.71308],[76.99078,28.71207],[76.99185,28.71092],[76.98886,28.70958],[76.98391,28.70508],[76.97922,28.70275],[76.97704,28.70058]]]}},{"id":"285","type":"Feature","properties":{"state":"DELHI","state_code":"7","district":"NORTH WEST","district_code":"90","sub_district":"KANJHAWLA","sub_district_code":"06178","sub_district_type":"Sub Division","village":null,"village_category":"Fully_Urban","village_code":"800441"},"geometry":{"type":"Polygon","coordinates":[[[77.01255,28.74631],[77.01526,28.75498],[77.0167,28.75491],[77.02269,28.75149],[77.02185,28.74948],[77.01722,28.74507],[77.01846,28.74072],[77.01658,28.73459],[77.01841,28.73105],[77.01948,28.72606],[77.01824,28.72399],[77.01634,28.72307],[77.01631,28.72161],[77.01472,28.72206],[77.01122,28.72032],[77.00921,28.71686],[77.00864,28.7141],[77.0058,28.71167],[77.00249,28.71264],[77.00108,28.70708],[76.99186,28.71087],[76.99078,28.71207],[76.99118,28.71308],[76.98935,28.71434],[76.9898,28.71505],[76.98211,28.71747],[76.98745,28.72175],[76.98882,28.72323],[76.98971,28.72594],[76.9919,28.72796],[76.99261,28.72783],[76.99455,28.73013],[76.99869,28.73262],[77.00048,28.73542],[77.00056,28.73786],[77.00159,28.73752],[77.00375,28.73993],[77.00395,28.74085],[77.00212,28.74147],[77.00348,28.74183],[77.00337,28.74628],[77.00498,28.74629],[77.00621,28.7476],[77.00627,28.75116],[77.00815,28.75038],[77.00751,28.74721],[77.00891,28.74759],[77.01255,28.74631]]]}},{"id":"286","type":"Feature","properties":{"state":"DELHI","state_code":"7","district":"NORTH WEST","district_code":"90","sub_district":"KANJHAWLA","sub_district_code":"06178","sub_district_type":"Sub Division","village":null,"village_category":"Fully_Urban","village_code":null},"geometry":{"type":"Polygon","coordinates":[[[76.98209,28.71798],[76.98106,28.7182],[76.97627,28.72396],[76.97438,28.72916],[76.97613,28.73299],[76.98214,28.73791],[76.98374,28.7424],[76.98371,28.74591],[76.98506,28.74774],[76.98571,28.75075],[76.98495,28.75159],[76.98621,28.75385],[76.98581,28.75706],[76.98729,28.76034],[76.99449,28.75826],[76.99324,28.75495],[76.99416,28.75429],[76.99388,28.7525],[76.99497,28.7517],[76.99471,28.75102],[77.0001,28.74866],[77.00337,28.74628],[77.00348,28.74183],[77.00211,28.74144],[77.00395,28.74067],[77.00159,28.73752],[77.00056,28.73786],[77.00048,28.73542],[76.99869,28.73262],[76.99455,28.73013],[76.99261,28.72783],[76.9919,28.72796],[76.98971,28.72594],[76.98882,28.72323],[76.98721,28.7215],[76.98209,28.71798]]]}},{"id":"287","type":"Feature","properties":{"state":"DELHI","state_code":"7","district":"NORTH WEST","district_code":"90","sub_district":"KANJHAWLA","sub_district_code":"06178","sub_district_type":"Sub Division","village":null,"village_category":"Fully_Urban","village_code":null},"geometry":{"type":"Polygon","coordinates":[[[76.98255,28.79289],[76.99135,28.78522],[76.9876,28.77757],[76.98347,28.78142],[76.98118,28.78056],[76.97663,28.77621],[76.97459,28.77831],[76.9759,28.78064],[76.97511,28.7823],[76.97368,28.78327],[76.97266,28.78265],[76.96767,28.78546],[76.96436,28.78884],[76.96522,28.79006],[76.96374,28.79088],[76.9693,28.79707],[76.9785,28.79244],[76.98051,28.79341],[76.98255,28.79289]]]}},{"id":"288","type":"Feature","properties":{"state":"DELHI","state_code":"7","district":"NORTH WEST","district_code":"90","sub_district":"KANJHAWLA","sub_district_code":"06178","sub_district_type":"Sub Division","village":null,"village_category":"Fully_Urban","village_code":null},"geometry":{"type":"Polygon","coordinates":[[[77.00137,28.78354],[76.99963,28.77511],[76.99837,28.77174],[76.99724,28.77092],[76.99716,28.76961],[76.99841,28.76881],[76.99816,28.76206],[76.99794,28.76133],[76.99665,28.76174],[76.99501,28.761],[76.99449,28.75826],[76.9866,28.76068],[76.98103,28.76647],[76.97835,28.76619],[76.98513,28.7719],[76.98793,28.7774],[76.988,28.77931],[76.99135,28.78522],[77.00137,28.78354]]]}},{"id":"289","type":"Feature","properties":{"state":"DELHI","state_code":"7","district":"NORTH WEST","district_code":"90","sub_district":"KANJHAWLA","sub_district_code":"06178","sub_district_type":"Sub Division","village":null,"village_category":"Fully_Urban","village_code":null},"geometry":{"type":"Polygon","coordinates":[[[77.00755,28.78133],[77.00517,28.77383],[77.00684,28.75861],[77.00581,28.75634],[77.00649,28.74852],[77.00461,28.74612],[76.99518,28.75083],[76.99576,28.75197],[76.99875,28.75072],[76.99932,28.75198],[76.99832,28.75247],[76.99892,28.75398],[77.00179,28.75318],[77.00149,28.75541],[76.99926,28.75576],[76.99915,28.75453],[76.99766,28.75483],[76.9976,28.75424],[76.99324,28.75495],[76.99501,28.761],[76.99665,28.76174],[76.99794,28.76133],[76.99816,28.76206],[76.99841,28.76881],[76.99716,28.76961],[76.99724,28.77092],[76.99837,28.77174],[76.99963,28.77511],[77.00137,28.78354],[77.00755,28.78133]]]}},{"id":"290","type":"Feature","properties":{"state":"DELHI","state_code":"7","district":"SOUTH EAST","district_code":"670","sub_district":"DEFENCE COLONY","sub_district_code":"00455","sub_district_type":"Sub Division","village":null,"village_category":"Fully_Urban","village_code":"800441"},"geometry":{"type":"Polygon","coordinates":[[[77.26523,28.59166],[77.25993,28.59054],[77.25697,28.58892],[77.25046,28.58798],[77.25338,28.58471],[77.25542,28.58418],[77.25693,28.58158],[77.25316,28.57864],[77.24941,28.57726],[77.26179,28.56308],[77.25502,28.55935],[77.25331,28.56199],[77.24666,28.55896],[77.23745,28.55767],[77.22159,28.5617],[77.22217,28.56247],[77.22155,28.56291],[77.22433,28.56639],[77.22888,28.57472],[77.22123,28.57723],[77.2187,28.57512],[77.21661,28.56987],[77.21672,28.56777],[77.21166,28.56323],[77.20912,28.55903],[77.20588,28.56208],[77.20605,28.56571],[77.21017,28.58017],[77.20214,28.58081],[77.20016,28.58741],[77.20049,28.59149],[77.20326,28.58825],[77.2061,28.58746],[77.21222,28.58807],[77.21209,28.58937],[77.23551,28.5921],[77.23337,28.59509],[77.23315,28.6025],[77.24259,28.60818],[77.24554,28.60551],[77.25039,28.60765],[77.25607,28.60867],[77.26523,28.59166]]]}},{"id":"291","type":"Feature","properties":{"state":"DELHI","state_code":"7","district":"SOUTH EAST","district_code":"670","sub_district":"KALKAJI","sub_district_code":"00456","sub_district_type":"Sub Division","village":null,"village_category":"Fully_Urban","village_code":null},"geometry":{"type":"Polygon","coordinates":[[[77.25461,28.53582],[77.2584,28.52715],[77.26143,28.52283],[77.26297,28.52366],[77.27202,28.52102],[77.27327,28.51111],[77.28194,28.50544],[77.28041,28.5002],[77.27831,28.49686],[77.27815,28.49594],[77.2789,28.49589],[77.27618,28.4941],[77.27523,28.49227],[77.27206,28.4908],[77.26945,28.48664],[77.26579,28.48614],[77.24806,28.48065],[77.24962,28.4834],[77.24925,28.49078],[77.2475,28.49384],[77.24549,28.49512],[77.24282,28.49881],[77.24186,28.50561],[77.24499,28.51431],[77.24383,28.52085],[77.24515,28.52578],[77.25125,28.53481],[77.25223,28.53567],[77.25461,28.53582]]]}},{"id":"292","type":"Feature","properties":{"state":"DELHI","state_code":"7","district":"SOUTH EAST","district_code":"670","sub_district":"KALKAJI","sub_district_code":"00456","sub_district_type":"Sub Division","village":null,"village_category":"Fully_Urban","village_code":null},"geometry":{"type":"Polygon","coordinates":[[[77.2951,28.50539],[77.29892,28.49824],[77.3008,28.4975],[77.3007,28.49403],[77.29837,28.49429],[77.29531,28.49594],[77.29027,28.49654],[77.27705,28.49345],[77.27523,28.49227],[77.27618,28.4941],[77.2789,28.49589],[77.27815,28.49594],[77.27831,28.49686],[77.28041,28.5002],[77.28194,28.50544],[77.28433,28.50462],[77.28886,28.50749],[77.2951,28.50539]]]}},{"id":"293","type":"Feature","properties":{"state":"DELHI","state_code":"7","district":"SOUTH EAST","district_code":"670","sub_district":"SARITA VIHAR","sub_district_code":"06187","sub_district_type":"Sub Division","village":null,"village_category":"Fully_Urban","village_code":null},"geometry":{"type":"Polygon","coordinates":[[[77.3097,28.49766],[77.30962,28.497],[77.31222,28.49611],[77.3134,28.49456],[77.30952,28.48732],[77.30653,28.48939],[77.30079,28.48985],[77.3008,28.4975],[77.30289,28.49764],[77.30612,28.50036],[77.3097,28.49766]]]}},{"id":"294","type":"Feature","properties":{"state":"DELHI","state_code":"7","district":"SOUTH EAST","district_code":"670","sub_district":"SARITA VIHAR","sub_district_code":"06187","sub_district_type":"Sub Division","village":null,"village_category":"Fully_Urban","village_code":null},"geometry":{"type":"Polygon","coordinates":[[[77.31589,28.49977],[77.32073,28.4979],[77.32038,28.49708],[77.32447,28.49534],[77.32767,28.49184],[77.32683,28.49011],[77.31837,28.48737],[77.31387,28.48366],[77.30952,28.48732],[77.3134,28.49456],[77.31222,28.49611],[77.30962,28.497],[77.3097,28.49819],[77.31113,28.49918],[77.31354,28.49832],[77.31589,28.49977]]]}},{"id":"295","type":"Feature","properties":{"state":"DELHI","state_code":"7","district":"SOUTH EAST","district_code":"670","sub_district":"SARITA VIHAR","sub_district_code":"06187","sub_district_type":"Sub Division","village":null,"village_category":"Fully_Urban","village_code":null},"geometry":{"type":"Polygon","coordinates":[[[77.34704,28.52083],[77.34757,28.51905],[77.34544,28.51325],[77.33611,28.50519],[77.33605,28.50356],[77.33288,28.49904],[77.32448,28.50669],[77.32115,28.50696],[77.3185,28.50828],[77.32062,28.5109],[77.31486,28.51487],[77.31295,28.51249],[77.30919,28.51418],[77.31365,28.51634],[77.33691,28.52048],[77.34159,28.52196],[77.34704,28.52083]]]}},{"id":"296","type":"Feature","properties":{"state":"DELHI","state_code":"7","district":"SOUTH EAST","district_code":"670","sub_district":"KALKAJI","sub_district_code":"00456","sub_district_type":"Sub Division","village":null,"village_category":"Fully_Urban","village_code":null},"geometry":{"type":"Polygon","coordinates":[[[77.2263,28.56035],[77.23113,28.55907],[77.23052,28.55506],[77.22666,28.55397],[77.22387,28.55475],[77.2263,28.56035]]]}},{"id":"297","type":"Feature","properties":{"state":"DELHI","state_code":"7","district":"SOUTH EAST","district_code":"670","sub_district":"DEFENCE COLONY","sub_district_code":"00455","sub_district_type":"Sub Division","village":null,"village_category":"Fully_Urban","village_code":null},"geometry":{"type":"MultiPolygon","coordinates":[[[[77.22299,28.56118],[77.22631,28.56036],[77.22425,28.55615],[77.22296,28.55819],[77.22299,28.56118]]],[[[77.22123,28.57723],[77.22888,28.57472],[77.22433,28.56639],[77.22155,28.56291],[77.22216,28.56244],[77.22152,28.5617],[77.22016,28.56351],[77.21924,28.56238],[77.21782,28.56305],[77.2181,28.56416],[77.21646,28.56485],[77.2157,28.56631],[77.21688,28.56806],[77.21661,28.56987],[77.2188,28.57531],[77.22123,28.57723]]]]}},{"id":"298","type":"Feature","properties":{"state":"DELHI","state_code":"7","district":"SOUTH EAST","district_code":"670","sub_district":"SARITA VIHAR","sub_district_code":"06187","sub_district_type":"Sub Division","village":null,"village_category":"Fully_Urban","village_code":null},"geometry":{"type":"Polygon","coordinates":[[[77.28785,28.50738],[77.28809,28.5091],[77.28502,28.51334],[77.28759,28.51656],[77.2936,28.51972],[77.29775,28.51508],[77.30112,28.50891],[77.30504,28.50554],[77.30607,28.50032],[77.30289,28.49764],[77.29938,28.49779],[77.2951,28.50539],[77.29172,28.50695],[77.28785,28.50738]]]}},{"id":"299","type":"Feature","properties":{"state":"DELHI","state_code":"7","district":"SOUTH EAST","district_code":"670","sub_district":"SARITA VIHAR","sub_district_code":"06187","sub_district_type":"Sub Division","village":null,"village_category":"Fully_Urban","village_code":null},"geometry":{"type":"Polygon","coordinates":[[[77.31266,28.51265],[77.31486,28.51487],[77.31772,28.513],[77.32062,28.5109],[77.3185,28.50828],[77.32115,28.50696],[77.32448,28.50669],[77.33288,28.49904],[77.32767,28.49184],[77.32447,28.49534],[77.32038,28.49708],[77.32073,28.4979],[77.31782,28.49931],[77.31589,28.49977],[77.31354,28.49832],[77.31083,28.49915],[77.3097,28.49819],[77.30607,28.50032],[77.30504,28.50554],[77.30092,28.50917],[77.29775,28.51508],[77.30104,28.51634],[77.30246,28.51612],[77.31266,28.51265]]]}},{"id":"300","type":"Feature","properties":{"state":"DELHI","state_code":"7","district":"SOUTH EAST","district_code":"670","sub_district":"SARITA VIHAR","sub_district_code":"06187","sub_district_type":"Sub Division","village":null,"village_category":"Fully_Urban","village_code":null},"geometry":{"type":"Polygon","coordinates":[[[77.31026,28.52807],[77.32293,28.52551],[77.33541,28.52448],[77.34159,28.52196],[77.33691,28.52048],[77.31365,28.51634],[77.30919,28.51418],[77.30104,28.51634],[77.29772,28.51506],[77.29398,28.51918],[77.29935,28.5236],[77.30162,28.52711],[77.31026,28.52807]]]}},{"id":"301","type":"Feature","properties":{"state":"DELHI","state_code":"7","district":"SOUTH EAST","district_code":"670","sub_district":"DEFENCE COLONY","sub_district_code":"00455","sub_district_type":"Sub Division","village":"SAIDABAD LBE CHIRAG","village_category":"Rural","village_code":"064080"},"geometry":{"type":"Polygon","coordinates":[[[77.29219,28.52208],[77.28058,28.5282],[77.27737,28.53108],[77.27674,28.53282],[77.28072,28.53291],[77.286,28.53605],[77.29138,28.53597],[77.29477,28.53176],[77.30032,28.52945],[77.30162,28.52711],[77.29935,28.5236],[77.29398,28.51918],[77.29219,28.52208]]]}},{"id":"302","type":"Feature","properties":{"state":"DELHI","state_code":"7","district":"SOUTH EAST","district_code":"670","sub_district":"SARITA VIHAR","sub_district_code":"06187","sub_district_type":"Sub Division","village":null,"village_category":"Fully_Urban","village_code":null},"geometry":{"type":"Polygon","coordinates":[[[77.31423,28.54453],[77.3209,28.5409],[77.32472,28.53492],[77.33017,28.53228],[77.33365,28.52575],[77.33541,28.52448],[77.32221,28.52561],[77.31026,28.52807],[77.30154,28.52711],[77.30032,28.52945],[77.29477,28.53176],[77.29158,28.53591],[77.29325,28.53635],[77.29722,28.54063],[77.30473,28.54251],[77.30929,28.54264],[77.31423,28.54453]]]}},{"id":"303","type":"Feature","properties":{"state":"DELHI","state_code":"7","district":"SOUTH EAST","district_code":"670","sub_district":"SARITA VIHAR","sub_district_code":"06187","sub_district_type":"Sub Division","village":null,"village_category":"Fully_Urban","village_code":null},"geometry":{"type":"Polygon","coordinates":[[[77.27876,28.55478],[77.28572,28.55532],[77.2888,28.55344],[77.29174,28.55285],[77.30303,28.55417],[77.3044,28.5519],[77.31423,28.54453],[77.30929,28.54264],[77.30473,28.54251],[77.29851,28.54078],[77.29379,28.54141],[77.28291,28.54047],[77.27015,28.53806],[77.27152,28.53971],[77.27149,28.54126],[77.27435,28.54854],[77.28001,28.55227],[77.27876,28.55478]]]}},{"id":"304","type":"Feature","properties":{"state":"DELHI","state_code":"7","district":"SOUTH EAST","district_code":"670","sub_district":"KALKAJI","sub_district_code":"00456","sub_district_type":"Sub Division","village":null,"village_category":"Fully_Urban","village_code":null},"geometry":{"type":"Polygon","coordinates":[[[77.2585,28.53836],[77.27013,28.53808],[77.27674,28.53281],[77.27737,28.53108],[77.28067,28.52813],[77.29219,28.52208],[77.2936,28.51972],[77.28759,28.51656],[77.28502,28.51334],[77.28809,28.5091],[77.28784,28.50728],[77.28655,28.50622],[77.28433,28.50462],[77.28242,28.5052],[77.27327,28.51111],[77.27202,28.52102],[77.26297,28.52366],[77.26143,28.52283],[77.2584,28.52715],[77.25457,28.536],[77.2585,28.53836]]]}},{"id":"305","type":"Feature","properties":{"state":"DELHI","state_code":"7","district":"SOUTH EAST","district_code":"670","sub_district":"SARITA VIHAR","sub_district_code":"06187","sub_district_type":"Sub Division","village":null,"village_category":"Fully_Urban","village_code":null},"geometry":{"type":"Polygon","coordinates":[[[77.27017,28.53805],[77.28291,28.54047],[77.29379,28.54141],[77.29722,28.54063],[77.29325,28.53635],[77.286,28.53605],[77.28072,28.53291],[77.27674,28.53281],[77.27017,28.53805]]]}},{"id":"306","type":"Feature","properties":{"state":"DELHI","state_code":"7","district":"SOUTH EAST","district_code":"670","sub_district":"KALKAJI","sub_district_code":"00456","sub_district_type":"Sub Division","village":null,"village_category":"Fully_Urban","village_code":null},"geometry":{"type":"Polygon","coordinates":[[[77.26655,28.56627],[77.27657,28.55866],[77.28001,28.55227],[77.27435,28.54854],[77.27149,28.54126],[77.27152,28.53971],[77.27013,28.53808],[77.25954,28.53859],[77.25444,28.53592],[77.25223,28.53567],[77.24606,28.52765],[77.23508,28.53421],[77.23445,28.54415],[77.2453,28.54736],[77.24653,28.55031],[77.24855,28.55166],[77.25524,28.55957],[77.26655,28.56627]]]}},{"id":"307","type":"Feature","properties":{"state":"DELHI","state_code":"7","district":"SOUTH EAST","district_code":"670","sub_district":"DEFENCE COLONY","sub_district_code":"00455","sub_district_type":"Sub Division","village":null,"village_category":"Fully_Urban","village_code":null},"geometry":{"type":"Polygon","coordinates":[[[77.29849,28.57117],[77.29709,28.56597],[77.30123,28.5627],[77.30145,28.56086],[77.29997,28.55976],[77.30303,28.55417],[77.29174,28.55285],[77.2888,28.55344],[77.28514,28.55542],[77.28015,28.5555],[77.27876,28.55478],[77.27687,28.55788],[77.28033,28.56043],[77.29477,28.5754],[77.29849,28.57117]]]}},{"id":"308","type":"Feature","properties":{"state":"DELHI","state_code":"7","district":"SOUTH EAST","district_code":"670","sub_district":"DEFENCE COLONY","sub_district_code":"00455","sub_district_type":"Sub Division","village":null,"village_category":"Fully_Urban","village_code":null},"geometry":{"type":"Polygon","coordinates":[[[77.27707,28.55802],[77.27044,28.5639],[77.2747,28.56595],[77.28328,28.57275],[77.28616,28.57403],[77.29123,28.57191],[77.28033,28.56043],[77.27707,28.55802]]]}},{"id":"309","type":"Feature","properties":{"state":"DELHI","state_code":"7","district":"SOUTH EAST","district_code":"670","sub_district":"DEFENCE COLONY","sub_district_code":"00455","sub_district_type":"Sub Division","village":null,"village_category":"Fully_Urban","village_code":null},"geometry":{"type":"Polygon","coordinates":[[[77.27048,28.56392],[77.26655,28.56627],[77.27009,28.57005],[77.27312,28.5753],[77.28141,28.57875],[77.28616,28.57403],[77.28328,28.57275],[77.2747,28.56595],[77.27048,28.56392]]]}},{"id":"310","type":"Feature","properties":{"state":"DELHI","state_code":"7","district":"SOUTH EAST","district_code":"670","sub_district":"DEFENCE COLONY","sub_district_code":"00455","sub_district_type":"Sub Division","village":null,"village_category":"Fully_Urban","village_code":null},"geometry":{"type":"Polygon","coordinates":[[[77.26655,28.56627],[77.26179,28.56308],[77.24941,28.57726],[77.25859,28.58194],[77.258,28.58453],[77.26856,28.58694],[77.27581,28.58499],[77.27796,28.58513],[77.27857,28.58228],[77.28141,28.57875],[77.27309,28.57528],[77.27009,28.57005],[77.26655,28.56627]]]}},{"id":"311","type":"Feature","properties":{"state":"DELHI","state_code":"7","district":"SOUTH EAST","district_code":"670","sub_district":"DEFENCE COLONY","sub_district_code":"00455","sub_district_type":"Sub Division","village":null,"village_category":"Fully_Urban","village_code":null},"geometry":{"type":"Polygon","coordinates":[[[77.27796,28.58513],[77.28493,28.58678],[77.28761,28.58569],[77.29185,28.58029],[77.29215,28.5774],[77.29476,28.5754],[77.29123,28.57191],[77.28611,28.57405],[77.27883,28.58192],[77.27796,28.58513]]]}},{"id":"312","type":"Feature","properties":{"state":"DELHI","state_code":"7","district":"SOUTH EAST","district_code":"670","sub_district":"DEFENCE COLONY","sub_district_code":"00455","sub_district_type":"Sub Division","village":null,"village_category":"Fully_Urban","village_code":null},"geometry":{"type":"Polygon","coordinates":[[[77.24681,28.55358],[77.24585,28.55643],[77.24668,28.55896],[77.25331,28.56199],[77.25502,28.55936],[77.25427,28.55776],[77.2489,28.55208],[77.24681,28.55358]]]}},{"id":"313","type":"Feature","properties":{"state":"DELHI","state_code":"7","district":"SOUTH EAST","district_code":"670","sub_district":"KALKAJI","sub_district_code":"00456","sub_district_type":"Sub Division","village":null,"village_category":"Fully_Urban","village_code":null},"geometry":{"type":"Polygon","coordinates":[[[77.23086,28.55636],[77.24647,28.55365],[77.2489,28.55208],[77.24653,28.55031],[77.2453,28.54736],[77.23445,28.54415],[77.23415,28.54725],[77.23119,28.54904],[77.23154,28.55324],[77.22897,28.55422],[77.23054,28.55508],[77.23086,28.55636]]]}},{"id":"314","type":"Feature","properties":{"state":"DELHI","state_code":"7","district":"SOUTH EAST","district_code":"670","sub_district":"DEFENCE COLONY","sub_district_code":"00455","sub_district_type":"Sub Division","village":null,"village_category":"Fully_Urban","village_code":null},"geometry":{"type":"Polygon","coordinates":[[[77.25735,28.58163],[77.25542,28.58418],[77.25338,28.58471],[77.25046,28.58798],[77.25718,28.58922],[77.25859,28.58194],[77.25735,28.58163]]]}},{"id":"315","type":"Feature","properties":{"state":"DELHI","state_code":"7","district":"SOUTH EAST","district_code":"670","sub_district":"DEFENCE COLONY","sub_district_code":"00455","sub_district_type":"Sub Division","village":null,"village_category":"Fully_Urban","village_code":null},"geometry":{"type":"Polygon","coordinates":[[[77.25718,28.58922],[77.26729,28.59204],[77.26895,28.59151],[77.26906,28.58693],[77.25776,28.58446],[77.25718,28.58922]]]}},{"id":"316","type":"Feature","properties":{"state":"DELHI","state_code":"7","district":"SOUTH EAST","district_code":"670","sub_district":"DEFENCE COLONY","sub_district_code":"00455","sub_district_type":"Sub Division","village":null,"village_category":"Fully_Urban","village_code":null},"geometry":{"type":"Polygon","coordinates":[[[77.26729,28.59204],[77.26539,28.59577],[77.27391,28.60199],[77.27965,28.59808],[77.28081,28.58968],[77.27836,28.58801],[77.27811,28.58513],[77.27581,28.58499],[77.26906,28.58693],[77.26895,28.59151],[77.26729,28.59204]]]}},{"id":"317","type":"Feature","properties":{"state":"DELHI","state_code":"7","district":"SOUTH","district_code":"98","sub_district":"MEHRAULI","sub_district_code":"06186","sub_district_type":"Sub Division","village":"FATEHPUR BERI","village_category":"Rural","village_code":"064067"},"geometry":{"type":"Polygon","coordinates":[[[77.1751,28.46941],[77.17644,28.46762],[77.17794,28.46765],[77.17999,28.46596],[77.18353,28.46511],[77.18416,28.46417],[77.18089,28.45823],[77.18088,28.45573],[77.18375,28.45485],[77.18054,28.44807],[77.17946,28.44336],[77.18096,28.44138],[77.18213,28.44165],[77.18264,28.44075],[77.18389,28.44177],[77.18424,28.44027],[77.18525,28.44071],[77.18516,28.43915],[77.18806,28.43805],[77.19159,28.43513],[77.19067,28.43177],[77.19128,28.42954],[77.19003,28.42864],[77.18846,28.42894],[77.18878,28.42956],[77.18542,28.43302],[77.1844,28.43532],[77.17917,28.43804],[77.17922,28.44006],[77.17787,28.44214],[77.17834,28.44325],[77.1765,28.44502],[77.17666,28.44573],[77.1724,28.44613],[77.16976,28.44844],[77.1688,28.44757],[77.16789,28.44825],[77.16435,28.44822],[77.1618,28.4501],[77.16347,28.45111],[77.16287,28.45214],[77.16486,28.45344],[77.16442,28.45495],[77.166,28.45647],[77.16701,28.4595],[77.16762,28.4617],[77.1656,28.46286],[77.16763,28.46594],[77.1662,28.46597],[77.16729,28.46895],[77.16802,28.46951],[77.17292,28.46696],[77.17517,28.46848],[77.1751,28.46941]]]}},{"id":"318","type":"Feature","properties":{"state":"DELHI","state_code":"7","district":"SOUTH","district_code":"98","sub_district":"MEHRAULI","sub_district_code":"06186","sub_district_type":"Sub Division","village":"CHANDAN HULA","village_category":"Rural","village_code":"064071"},"geometry":{"type":"Polygon","coordinates":[[[77.17859,28.47335],[77.18703,28.47216],[77.18614,28.46389],[77.17999,28.46596],[77.17794,28.46765],[77.17644,28.46762],[77.17563,28.46895],[77.17859,28.47335]]]}},{"id":"319","type":"Feature","properties":{"state":"DELHI","state_code":"7","district":"SOUTH","district_code":"98","sub_district":"MEHRAULI","sub_district_code":"06186","sub_district_type":"Sub Division","village":null,"village_category":"Fully_Urban","village_code":null},"geometry":{"type":"MultiPolygon","coordinates":[[[[77.17604,28.46942],[77.1751,28.46941],[77.17517,28.46848],[77.17292,28.46696],[77.16698,28.4701],[77.16792,28.47557],[77.17859,28.47335],[77.17604,28.46942]]],[[[77.14667,28.49065],[77.16547,28.4821],[77.163,28.47656],[77.15866,28.47714],[77.15675,28.47314],[77.14359,28.47594],[77.14519,28.48834],[77.14667,28.49065]]]]}},{"id":"320","type":"Feature","properties":{"state":"DELHI","state_code":"7","district":"SOUTH","district_code":"98","sub_district":"MEHRAULI","sub_district_code":"06186","sub_district_type":"Sub Division","village":null,"village_category":"Fully_Urban","village_code":null},"geometry":{"type":"Polygon","coordinates":[[[77.14667,28.49065],[77.15001,28.4993],[77.14943,28.50002],[77.1681,28.50292],[77.17262,28.50448],[77.17358,28.50555],[77.17648,28.50371],[77.17561,28.50258],[77.17388,28.50329],[77.17288,28.50227],[77.17191,28.50274],[77.16516,28.49402],[77.16094,28.48441],[77.15891,28.48466],[77.15289,28.48831],[77.14667,28.49065]]]}},{"id":"321","type":"Feature","properties":{"state":"DELHI","state_code":"7","district":"SOUTH","district_code":"98","sub_district":"MEHRAULI","sub_district_code":"06186","sub_district_type":"Sub Division","village":null,"village_category":"Fully_Urban","village_code":null},"geometry":{"type":"Polygon","coordinates":[[[77.19152,28.54233],[77.18868,28.53934],[77.18647,28.53584],[77.18466,28.53674],[77.17881,28.53569],[77.17489,28.53593],[77.16924,28.54079],[77.17075,28.54263],[77.18055,28.54181],[77.18118,28.54249],[77.1836,28.5411],[77.18623,28.54235],[77.19152,28.54233]]]}},{"id":"322","type":"Feature","properties":{"state":"DELHI","state_code":"7","district":"SOUTH","district_code":"98","sub_district":"MEHRAULI","sub_district_code":"06186","sub_district_type":"Sub Division","village":null,"village_category":"Fully_Urban","village_code":null},"geometry":{"type":"Polygon","coordinates":[[[77.1812,28.54841],[77.18191,28.54768],[77.18598,28.54813],[77.1881,28.54681],[77.18645,28.54221],[77.1836,28.5411],[77.18118,28.54249],[77.18055,28.54181],[77.17075,28.54263],[77.16921,28.54075],[77.16055,28.54544],[77.16511,28.54569],[77.16959,28.54796],[77.1812,28.54841]]]}},{"id":"323","type":"Feature","properties":{"state":"DELHI","state_code":"7","district":"SOUTH","district_code":"98","sub_district":"MEHRAULI","sub_district_code":"06186","sub_district_type":"Sub Division","village":null,"village_category":"Fully_Urban","village_code":"800441"},"geometry":{"type":"Polygon","coordinates":[[[77.18466,28.53674],[77.18671,28.5353],[77.18271,28.53344],[77.1813,28.53117],[77.18321,28.53097],[77.18356,28.52911],[77.18851,28.52731],[77.18736,28.52215],[77.18615,28.52176],[77.18245,28.523],[77.17847,28.50913],[77.17411,28.5052],[77.16266,28.50173],[77.15557,28.50139],[77.14772,28.49977],[77.14337,28.49749],[77.13671,28.50434],[77.12937,28.50682],[77.13118,28.51785],[77.13359,28.52119],[77.13419,28.52404],[77.14712,28.52349],[77.15621,28.52126],[77.15947,28.5258],[77.16403,28.52639],[77.1695,28.53338],[77.17417,28.53592],[77.17881,28.53569],[77.18466,28.53674]]]}},{"id":"324","type":"Feature","properties":{"state":"DELHI","state_code":"7","district":"SOUTH","district_code":"98","sub_district":"SAKET","sub_district_code":"06185","sub_district_type":"Sub Division","village":null,"village_category":"Fully_Urban","village_code":null},"geometry":{"type":"Polygon","coordinates":[[[77.20064,28.44539],[77.21281,28.43832],[77.22292,28.43535],[77.25264,28.43291],[77.24918,28.42406],[77.23841,28.42083],[77.22852,28.41391],[77.22195,28.41245],[77.21661,28.40973],[77.21601,28.41146],[77.2139,28.41076],[77.21385,28.41248],[77.20569,28.4131],[77.20148,28.41422],[77.19288,28.41944],[77.18905,28.42403],[77.18999,28.42862],[77.19128,28.42954],[77.19067,28.43177],[77.19159,28.43513],[77.18806,28.43805],[77.18516,28.43915],[77.18525,28.44071],[77.18424,28.44027],[77.18389,28.44177],[77.18264,28.44075],[77.18213,28.44165],[77.18096,28.44138],[77.17946,28.44336],[77.18054,28.44807],[77.18362,28.45462],[77.19643,28.44654],[77.20064,28.44539]]]}},{"id":"325","type":"Feature","properties":{"state":"DELHI","state_code":"7","district":"SOUTH","district_code":"98","sub_district":"SAKET","sub_district_code":"06185","sub_district_type":"Sub Division","village":null,"village_category":"Fully_Urban","village_code":null},"geometry":{"type":"Polygon","coordinates":[[[77.19834,28.46014],[77.22167,28.45181],[77.22698,28.4511],[77.2285,28.45115],[77.23429,28.455],[77.24185,28.45618],[77.24439,28.45532],[77.24619,28.45345],[77.24893,28.44696],[77.24986,28.43777],[77.24895,28.43309],[77.22292,28.43535],[77.21281,28.43832],[77.20763,28.44069],[77.20091,28.44526],[77.19643,28.44654],[77.18375,28.45485],[77.18079,28.45601],[77.18108,28.45902],[77.18398,28.46424],[77.19834,28.46014]]]}},{"id":"326","type":"Feature","properties":{"state":"DELHI","state_code":"7","district":"SOUTH","district_code":"98","sub_district":"SAKET","sub_district_code":"06185","sub_district_type":"Sub Division","village":null,"village_category":"Fully_Urban","village_code":null},"geometry":{"type":"Polygon","coordinates":[[[77.19215,28.47249],[77.20468,28.46749],[77.22118,28.45983],[77.22188,28.46062],[77.22091,28.46484],[77.23353,28.46096],[77.23292,28.45791],[77.23429,28.455],[77.2285,28.45115],[77.22223,28.45165],[77.20407,28.45842],[77.18886,28.46235],[77.18614,28.46389],[77.18703,28.47216],[77.19097,28.47145],[77.19215,28.47249]]]}},{"id":"327","type":"Feature","properties":{"state":"DELHI","state_code":"7","district":"SOUTH","district_code":"98","sub_district":"MEHRAULI","sub_district_code":"06186","sub_district_type":"Sub Division","village":null,"village_category":"Fully_Urban","village_code":null},"geometry":{"type":"Polygon","coordinates":[[[77.12295,28.45167],[77.13516,28.44987],[77.1385,28.45173],[77.14068,28.45137],[77.15059,28.44666],[77.15289,28.44711],[77.15488,28.44949],[77.15861,28.45125],[77.16179,28.45034],[77.16435,28.44822],[77.16789,28.44825],[77.1688,28.44757],[77.16976,28.44844],[77.1724,28.44613],[77.17664,28.44575],[77.1765,28.44502],[77.17834,28.44325],[77.17787,28.44214],[77.17922,28.44006],[77.17917,28.43804],[77.1844,28.43532],[77.18542,28.43302],[77.18878,28.42956],[77.18846,28.42894],[77.19,28.42864],[77.18905,28.42403],[77.19288,28.41944],[77.20148,28.41422],[77.20569,28.4131],[77.21385,28.41248],[77.2139,28.41076],[77.20001,28.40824],[77.19252,28.40822],[77.19053,28.40721],[77.18437,28.41043],[77.17794,28.40767],[77.17476,28.40476],[77.1738,28.40492],[77.17145,28.40626],[77.17114,28.40924],[77.16896,28.41178],[77.16484,28.41495],[77.16593,28.42569],[77.1623,28.42894],[77.15268,28.43365],[77.14831,28.4374],[77.14244,28.43734],[77.14108,28.4367],[77.13233,28.43914],[77.13142,28.44061],[77.12891,28.4407],[77.12363,28.44546],[77.12295,28.45167]]]}},{"id":"328","type":"Feature","properties":{"state":"DELHI","state_code":"7","district":"SOUTH","district_code":"98","sub_district":"MEHRAULI","sub_district_code":"06186","sub_district_type":"Sub Division","village":null,"village_category":"Fully_Urban","village_code":null},"geometry":{"type":"Polygon","coordinates":[[[77.15866,28.47714],[77.16792,28.47557],[77.16693,28.47026],[77.16802,28.46951],[77.1662,28.46597],[77.16764,28.46599],[77.1656,28.46286],[77.16762,28.4617],[77.166,28.45647],[77.16442,28.45495],[77.16486,28.45344],[77.16287,28.45214],[77.16344,28.45107],[77.16179,28.45034],[77.15861,28.45125],[77.15488,28.44949],[77.15289,28.44711],[77.15059,28.44666],[77.14068,28.45137],[77.1385,28.45173],[77.13516,28.44987],[77.12791,28.45157],[77.12295,28.45167],[77.12268,28.45377],[77.1257,28.45732],[77.12731,28.45696],[77.13308,28.45857],[77.13547,28.45721],[77.1379,28.4637],[77.13974,28.46404],[77.14101,28.46632],[77.14363,28.47594],[77.15675,28.47314],[77.15866,28.47714]]]}},{"id":"329","type":"Feature","properties":{"state":"DELHI","state_code":"7","district":"SOUTH","district_code":"98","sub_district":"MEHRAULI","sub_district_code":"06186","sub_district_type":"Sub Division","village":null,"village_category":"Fully_Urban","village_code":null},"geometry":{"type":"Polygon","coordinates":[[[77.11857,28.48805],[77.12727,28.48696],[77.13266,28.4876],[77.1373,28.4867],[77.1444,28.48393],[77.14227,28.46928],[77.13974,28.46404],[77.1379,28.4637],[77.13547,28.45721],[77.13308,28.45857],[77.12731,28.45696],[77.1257,28.45732],[77.12268,28.45377],[77.12185,28.45851],[77.11684,28.46283],[77.11078,28.47131],[77.11297,28.47123],[77.11469,28.48097],[77.11857,28.48805]]]}},{"id":"330","type":"Feature","properties":{"state":"DELHI","state_code":"7","district":"SOUTH","district_code":"98","sub_district":"SAKET","sub_district_code":"06185","sub_district_type":"Sub Division","village":null,"village_category":"Fully_Urban","village_code":null},"geometry":{"type":"Polygon","coordinates":[[[77.19243,28.50934],[77.20702,28.49569],[77.21188,28.49402],[77.21576,28.49049],[77.22645,28.47659],[77.23561,28.47115],[77.23454,28.46553],[77.23334,28.46005],[77.23353,28.46096],[77.22091,28.46484],[77.21904,28.46773],[77.21252,28.47404],[77.20936,28.47558],[77.19622,28.48541],[77.19691,28.48636],[77.19575,28.48714],[77.19682,28.48944],[77.19184,28.49194],[77.19342,28.49605],[77.18964,28.49805],[77.19051,28.50127],[77.19372,28.50589],[77.19243,28.50934]]]}},{"id":"331","type":"Feature","properties":{"state":"DELHI","state_code":"7","district":"SOUTH","district_code":"98","sub_district":"SAKET","sub_district_code":"06185","sub_district_type":"Sub Division","village":null,"village_category":"Fully_Urban","village_code":null},"geometry":{"type":"Polygon","coordinates":[[[77.22477,28.50201],[77.22508,28.50283],[77.23182,28.50493],[77.23504,28.50739],[77.23831,28.50552],[77.24197,28.50517],[77.24282,28.49881],[77.24549,28.49512],[77.2475,28.49384],[77.24925,28.49078],[77.24968,28.48426],[77.24907,28.48154],[77.2433,28.47882],[77.23561,28.47115],[77.22645,28.47659],[77.21576,28.49049],[77.21188,28.49402],[77.21003,28.49473],[77.21225,28.50169],[77.21298,28.50615],[77.21264,28.50975],[77.21809,28.5084],[77.22097,28.50564],[77.2225,28.50215],[77.22477,28.50201]]]}},{"id":"332","type":"Feature","properties":{"state":"DELHI","state_code":"7","district":"SOUTH","district_code":"98","sub_district":"SAKET","sub_district_code":"06185","sub_district_type":"Sub Division","village":null,"village_category":"Fully_Urban","village_code":null},"geometry":{"type":"Polygon","coordinates":[[[77.17782,28.47342],[77.163,28.47656],[77.1657,28.48164],[77.16087,28.48493],[77.16417,28.49215],[77.17191,28.50274],[77.17288,28.50227],[77.17388,28.50329],[77.17561,28.50258],[77.17647,28.50372],[77.17411,28.5052],[77.17842,28.50906],[77.19372,28.50589],[77.19051,28.50127],[77.19035,28.49944],[77.18814,28.49535],[77.18769,28.49357],[77.1894,28.49305],[77.18655,28.48905],[77.18799,28.48737],[77.18591,28.4872],[77.17782,28.47342]]]}},{"id":"333","type":"Feature","properties":{"state":"DELHI","state_code":"7","district":"SOUTH","district_code":"98","sub_district":"SAKET","sub_district_code":"06185","sub_district_type":"Sub Division","village":null,"village_category":"Fully_Urban","village_code":null},"geometry":{"type":"Polygon","coordinates":[[[77.19075,28.47146],[77.17782,28.47342],[77.18594,28.48724],[77.18799,28.48737],[77.19329,28.4853],[77.19631,28.48539],[77.21384,28.47289],[77.21989,28.46663],[77.22188,28.46062],[77.22118,28.45983],[77.21787,28.46102],[77.20468,28.46749],[77.19215,28.47249],[77.19075,28.47146]]]}},{"id":"334","type":"Feature","properties":{"state":"DELHI","state_code":"7","district":"SOUTH","district_code":"98","sub_district":"SAKET","sub_district_code":"06185","sub_district_type":"Sub Division","village":null,"village_category":"Fully_Urban","village_code":null},"geometry":{"type":"Polygon","coordinates":[[[77.19627,28.48544],[77.19221,28.48565],[77.18844,28.48706],[77.18655,28.48905],[77.1894,28.49305],[77.18769,28.49357],[77.18965,28.49804],[77.19342,28.49605],[77.19184,28.49194],[77.19682,28.48944],[77.19575,28.48714],[77.19691,28.48636],[77.19627,28.48544]]]}},{"id":"335","type":"Feature","properties":{"state":"DELHI","state_code":"7","district":"SOUTH","district_code":"98","sub_district":"SAKET","sub_district_code":"06185","sub_district_type":"Sub Division","village":null,"village_category":"Fully_Urban","village_code":null},"geometry":{"type":"Polygon","coordinates":[[[77.20652,28.5133],[77.21264,28.50975],[77.21296,28.50585],[77.21003,28.49473],[77.20692,28.49575],[77.19242,28.50935],[77.19383,28.51182],[77.19463,28.51133],[77.20011,28.51247],[77.20214,28.51354],[77.20652,28.5133]]]}},{"id":"336","type":"Feature","properties":{"state":"DELHI","state_code":"7","district":"SOUTH","district_code":"98","sub_district":"SAKET","sub_district_code":"06185","sub_district_type":"Sub Division","village":null,"village_category":"Fully_Urban","village_code":null},"geometry":{"type":"Polygon","coordinates":[[[77.19243,28.50934],[77.19372,28.50589],[77.17842,28.50906],[77.18245,28.523],[77.18384,28.52247],[77.1833,28.51915],[77.18409,28.517],[77.18711,28.51866],[77.18813,28.51844],[77.18773,28.51715],[77.18941,28.51614],[77.1902,28.51618],[77.19061,28.51742],[77.19595,28.51558],[77.19243,28.50934]]]}},{"id":"337","type":"Feature","properties":{"state":"DELHI","state_code":"7","district":"SOUTH","district_code":"98","sub_district":"SAKET","sub_district_code":"06185","sub_district_type":"Sub Division","village":null,"village_category":"Fully_Urban","village_code":"800441"},"geometry":{"type":"Polygon","coordinates":[[[77.18761,28.5236],[77.19052,28.52407],[77.19081,28.52247],[77.18969,28.518],[77.19061,28.51742],[77.1902,28.51618],[77.18773,28.51715],[77.18813,28.51844],[77.18711,28.51866],[77.18409,28.517],[77.1833,28.51915],[77.18384,28.52247],[77.18721,28.52182],[77.18761,28.5236]]]}},{"id":"338","type":"Feature","properties":{"state":"DELHI","state_code":"7","district":"SOUTH","district_code":"98","sub_district":"SAKET","sub_district_code":"06185","sub_district_type":"Sub Division","village":null,"village_category":"Fully_Urban","village_code":null},"geometry":{"type":"Polygon","coordinates":[[[77.19887,28.53244],[77.20286,28.52971],[77.20291,28.52646],[77.2014,28.5205],[77.195,28.51584],[77.18969,28.518],[77.19085,28.52291],[77.19052,28.52407],[77.18761,28.5236],[77.18851,28.52731],[77.18356,28.52911],[77.18321,28.53097],[77.1813,28.53117],[77.18271,28.53344],[77.18673,28.53531],[77.19417,28.53154],[77.1981,28.53065],[77.19887,28.53244]]]}},{"id":"339","type":"Feature","properties":{"state":"DELHI","state_code":"7","district":"SOUTH","district_code":"98","sub_district":"SAKET","sub_district_code":"06185","sub_district_type":"Sub Division","village":null,"village_category":"Fully_Urban","village_code":null},"geometry":{"type":"Polygon","coordinates":[[[77.20922,28.51431],[77.21315,28.5113],[77.21223,28.50967],[77.20543,28.51357],[77.20419,28.51301],[77.20214,28.51354],[77.19463,28.51133],[77.19383,28.51182],[77.19595,28.51554],[77.195,28.51584],[77.20154,28.52083],[77.20776,28.51957],[77.20748,28.51839],[77.2094,28.51566],[77.20922,28.51431]]]}},{"id":"340","type":"Feature","properties":{"state":"DELHI","state_code":"7","district":"SOUTH","district_code":"98","sub_district":"HAUZ KHAS","sub_district_code":"00454","sub_district_type":"Sub Division","village":null,"village_category":"Fully_Urban","village_code":"800441"},"geometry":{"type":"Polygon","coordinates":[[[77.21278,28.51205],[77.20922,28.51431],[77.2094,28.51566],[77.20748,28.51839],[77.20776,28.51957],[77.20154,28.52083],[77.2024,28.52532],[77.20293,28.52729],[77.217,28.5306],[77.21698,28.52994],[77.2152,28.52964],[77.21318,28.52689],[77.21474,28.52584],[77.21391,28.525],[77.21272,28.52523],[77.21247,28.52387],[77.2146,28.52021],[77.21512,28.5159],[77.21278,28.51205]]]}},{"id":"341","type":"Feature","properties":{"state":"DELHI","state_code":"7","district":"SOUTH","district_code":"98","sub_district":"HAUZ KHAS","sub_district_code":"00454","sub_district_type":"Sub Division","village":null,"village_category":"Fully_Urban","village_code":null},"geometry":{"type":"Polygon","coordinates":[[[77.22788,28.51983],[77.22701,28.51776],[77.235,28.51536],[77.23425,28.5128],[77.23519,28.51132],[77.23425,28.50898],[77.23527,28.50783],[77.23182,28.50493],[77.22508,28.50283],[77.22479,28.502],[77.2225,28.50215],[77.22097,28.50564],[77.21841,28.50772],[77.21819,28.50878],[77.22005,28.51121],[77.22342,28.52087],[77.22788,28.51983]]]}},{"id":"342","type":"Feature","properties":{"state":"DELHI","state_code":"7","district":"SOUTH","district_code":"98","sub_district":"SAKET","sub_district_code":"06185","sub_district_type":"Sub Division","village":null,"village_category":"Fully_Urban","village_code":"800441"},"geometry":{"type":"Polygon","coordinates":[[[77.24477,28.51575],[77.24499,28.51431],[77.24221,28.50799],[77.24197,28.50517],[77.23831,28.50552],[77.23504,28.50739],[77.23425,28.50898],[77.23519,28.51132],[77.23425,28.5128],[77.235,28.51536],[77.23939,28.51594],[77.24253,28.51811],[77.24477,28.51575]]]}},{"id":"343","type":"Feature","properties":{"state":"DELHI","state_code":"7","district":"SOUTH","district_code":"98","sub_district":"HAUZ KHAS","sub_district_code":"00454","sub_district_type":"Sub Division","village":null,"village_category":"Fully_Urban","village_code":null},"geometry":{"type":"Polygon","coordinates":[[[77.24424,28.52349],[77.24403,28.51709],[77.24253,28.51811],[77.23939,28.51594],[77.23534,28.51531],[77.22701,28.51776],[77.23103,28.52709],[77.23583,28.52806],[77.24143,28.52801],[77.24559,28.52681],[77.24424,28.52349]]]}},{"id":"344","type":"Feature","properties":{"state":"DELHI","state_code":"7","district":"SOUTH","district_code":"98","sub_district":"HAUZ KHAS","sub_district_code":"00454","sub_district_type":"Sub Division","village":null,"village_category":"Fully_Urban","village_code":null},"geometry":{"type":"Polygon","coordinates":[[[77.2284,28.53594],[77.22931,28.53679],[77.23674,28.53362],[77.24606,28.52765],[77.24559,28.52681],[77.24344,28.52774],[77.23756,28.52818],[77.23103,28.52709],[77.22788,28.51983],[77.22342,28.52087],[77.22005,28.51121],[77.21809,28.5084],[77.21247,28.5098],[77.21283,28.51223],[77.21512,28.5159],[77.2146,28.52021],[77.21247,28.52387],[77.21272,28.52523],[77.21391,28.525],[77.21474,28.52584],[77.21311,28.52671],[77.2152,28.52964],[77.21702,28.52997],[77.217,28.5306],[77.21414,28.53],[77.21298,28.53116],[77.21537,28.53308],[77.21515,28.53495],[77.21748,28.53564],[77.2204,28.53473],[77.22188,28.53575],[77.22469,28.53587],[77.2251,28.53687],[77.2284,28.53594]]]}},{"id":"345","type":"Feature","properties":{"state":"DELHI","state_code":"7","district":"SOUTH","district_code":"98","sub_district":"HAUZ KHAS","sub_district_code":"00454","sub_district_type":"Sub Division","village":null,"village_category":"Fully_Urban","village_code":null},"geometry":{"type":"Polygon","coordinates":[[[77.21641,28.53559],[77.2156,28.53781],[77.21257,28.53867],[77.21224,28.53943],[77.21231,28.54182],[77.21401,28.54308],[77.21463,28.54483],[77.21713,28.54473],[77.21702,28.54377],[77.21795,28.5431],[77.22155,28.5423],[77.22501,28.53907],[77.22469,28.53587],[77.22188,28.53575],[77.2204,28.53473],[77.21641,28.53559]]]}},{"id":"346","type":"Feature","properties":{"state":"DELHI","state_code":"7","district":"SOUTH","district_code":"98","sub_district":"HAUZ KHAS","sub_district_code":"00454","sub_district_type":"Sub Division","village":null,"village_category":"Fully_Urban","village_code":null},"geometry":{"type":"Polygon","coordinates":[[[77.21641,28.53617],[77.21515,28.53495],[77.21537,28.53308],[77.2136,28.53137],[77.21096,28.53161],[77.21106,28.53478],[77.21199,28.53588],[77.2113,28.53626],[77.21218,28.53662],[77.21272,28.53866],[77.2156,28.53781],[77.21641,28.53617]]]}},{"id":"347","type":"Feature","properties":{"state":"DELHI","state_code":"7","district":"SOUTH","district_code":"98","sub_district":"HAUZ KHAS","sub_district_code":"00454","sub_district_type":"Sub Division","village":null,"village_category":"Fully_Urban","village_code":"800441"},"geometry":{"type":"Polygon","coordinates":[[[77.2109,28.53297],[77.20947,28.5332],[77.20839,28.53219],[77.20708,28.53277],[77.20734,28.53367],[77.20599,28.53344],[77.20757,28.53811],[77.21195,28.53743],[77.2109,28.53297]]]}},{"id":"348","type":"Feature","properties":{"state":"DELHI","state_code":"7","district":"SOUTH","district_code":"98","sub_district":"HAUZ KHAS","sub_district_code":"00454","sub_district_type":"Sub Division","village":null,"village_category":"Fully_Urban","village_code":null},"geometry":{"type":"Polygon","coordinates":[[[77.20791,28.53811],[77.20655,28.54272],[77.20685,28.54506],[77.20786,28.54531],[77.20985,28.54315],[77.2128,28.54255],[77.21218,28.53662],[77.21191,28.53745],[77.20791,28.53811]]]}},{"id":"349","type":"Feature","properties":{"state":"DELHI","state_code":"7","district":"SOUTH","district_code":"98","sub_district":"HAUZ KHAS","sub_district_code":"00454","sub_district_type":"Sub Division","village":null,"village_category":"Fully_Urban","village_code":null},"geometry":{"type":"Polygon","coordinates":[[[77.20765,28.53828],[77.20599,28.53344],[77.20734,28.53367],[77.20708,28.53277],[77.20839,28.53219],[77.20947,28.5332],[77.21014,28.53293],[77.21096,28.53161],[77.21391,28.53082],[77.21414,28.53],[77.20293,28.52729],[77.20286,28.52971],[77.19905,28.5327],[77.201,28.53874],[77.20713,28.54026],[77.20765,28.53828]]]}},{"id":"350","type":"Feature","properties":{"state":"DELHI","state_code":"7","district":"SOUTH","district_code":"98","sub_district":"HAUZ KHAS","sub_district_code":"00454","sub_district_type":"Sub Division","village":null,"village_category":"Fully_Urban","village_code":null},"geometry":{"type":"Polygon","coordinates":[[[77.20105,28.53885],[77.1981,28.53065],[77.19417,28.53154],[77.18647,28.53584],[77.1888,28.53947],[77.19184,28.54153],[77.19321,28.54062],[77.19727,28.54024],[77.20105,28.53885]]]}},{"id":"351","type":"Feature","properties":{"state":"DELHI","state_code":"7","district":"SOUTH","district_code":"98","sub_district":"HAUZ KHAS","sub_district_code":"00454","sub_district_type":"Sub Division","village":null,"village_category":"Fully_Urban","village_code":null},"geometry":{"type":"Polygon","coordinates":[[[77.19847,28.54627],[77.20159,28.54453],[77.20685,28.54507],[77.20713,28.54026],[77.2021,28.53869],[77.19305,28.54066],[77.19184,28.54153],[77.19847,28.54627]]]}},{"id":"352","type":"Feature","properties":{"state":"DELHI","state_code":"7","district":"SOUTH","district_code":"98","sub_district":"HAUZ KHAS","sub_district_code":"00454","sub_district_type":"Sub Division","village":null,"village_category":"Fully_Urban","village_code":null},"geometry":{"type":"Polygon","coordinates":[[[77.22663,28.55397],[77.22897,28.55422],[77.23154,28.55324],[77.23119,28.54904],[77.23415,28.54725],[77.23508,28.53421],[77.22931,28.53679],[77.22881,28.53581],[77.2251,28.53687],[77.22501,28.53907],[77.22157,28.54228],[77.21702,28.54377],[77.21669,28.54497],[77.21895,28.54954],[77.22401,28.55497],[77.22663,28.55397]]]}},{"id":"353","type":"Feature","properties":{"state":"DELHI","state_code":"7","district":"SOUTH","district_code":"98","sub_district":"HAUZ KHAS","sub_district_code":"00454","sub_district_type":"Sub Division","village":null,"village_category":"Fully_Urban","village_code":null},"geometry":{"type":"Polygon","coordinates":[[[77.21675,28.54504],[77.21463,28.54483],[77.21401,28.54308],[77.2128,28.54255],[77.20985,28.54315],[77.20786,28.54531],[77.20409,28.54506],[77.20672,28.54719],[77.21172,28.55458],[77.21609,28.55541],[77.22143,28.55764],[77.2236,28.55717],[77.22423,28.55615],[77.22387,28.55475],[77.21895,28.54954],[77.21675,28.54504]]]}},{"id":"354","type":"Feature","properties":{"state":"DELHI","state_code":"7","district":"SOUTH","district_code":"98","sub_district":"HAUZ KHAS","sub_district_code":"00454","sub_district_type":"Sub Division","village":null,"village_category":"Fully_Urban","village_code":null},"geometry":{"type":"MultiPolygon","coordinates":[[[[77.20112,28.56047],[77.20955,28.55415],[77.21171,28.55449],[77.20652,28.54697],[77.20397,28.54499],[77.20159,28.54453],[77.19847,28.54627],[77.20022,28.54978],[77.19803,28.55072],[77.20047,28.5549],[77.20096,28.55666],[77.20008,28.55828],[77.20112,28.56047]]],[[[77.19903,28.56914],[77.2009,28.56237],[77.19309,28.56349],[77.19343,28.56508],[77.19903,28.56914]]]]}},{"id":"355","type":"Feature","properties":{"state":"DELHI","state_code":"7","district":"SOUTH","district_code":"98","sub_district":"HAUZ KHAS","sub_district_code":"00454","sub_district_type":"Sub Division","village":null,"village_category":"Fully_Urban","village_code":null},"geometry":{"type":"Polygon","coordinates":[[[77.21648,28.56484],[77.21809,28.56418],[77.21782,28.56305],[77.21924,28.56238],[77.22016,28.56351],[77.22152,28.5617],[77.22288,28.56129],[77.22326,28.5572],[77.22143,28.55764],[77.21072,28.55395],[77.20714,28.55556],[77.21166,28.56323],[77.2157,28.56631],[77.21648,28.56484]]]}},{"id":"356","type":"Feature","properties":{"state":"DELHI","state_code":"7","district":"SOUTH","district_code":"98","sub_district":"HAUZ KHAS","sub_district_code":"00454","sub_district_type":"Sub Division","village":null,"village_category":"Fully_Urban","village_code":null},"geometry":{"type":"Polygon","coordinates":[[[77.20423,28.56358],[77.20912,28.55903],[77.20738,28.55601],[77.20335,28.55825],[77.20112,28.56047],[77.20099,28.56233],[77.20423,28.56358]]]}},{"id":"357","type":"Feature","properties":{"state":"DELHI","state_code":"7","district":"SOUTH","district_code":"98","sub_district":"HAUZ KHAS","sub_district_code":"00454","sub_district_type":"Sub Division","village":null,"village_category":"Fully_Urban","village_code":null},"geometry":{"type":"Polygon","coordinates":[[[77.23676,28.5578],[77.24668,28.55896],[77.24585,28.55643],[77.24685,28.55352],[77.23768,28.55449],[77.23086,28.55636],[77.23113,28.55907],[77.23676,28.5578]]]}},{"id":"358","type":"Feature","properties":{"state":"DELHI","state_code":"7","district":"SOUTH","district_code":"98","sub_district":"HAUZ KHAS","sub_district_code":"00454","sub_district_type":"Sub Division","village":null,"village_category":"Fully_Urban","village_code":null},"geometry":{"type":"Polygon","coordinates":[[[77.20084,28.56234],[77.20105,28.55981],[77.20008,28.55828],[77.20096,28.55666],[77.1994,28.55319],[77.18128,28.55865],[77.18318,28.56091],[77.18775,28.56293],[77.19144,28.5623],[77.19309,28.56349],[77.19518,28.5635],[77.20084,28.56234]]]}},{"id":"359","type":"Feature","properties":{"state":"DELHI","state_code":"7","district":"SOUTH","district_code":"98","sub_district":"HAUZ KHAS","sub_district_code":"00454","sub_district_type":"Sub Division","village":null,"village_category":"Fully_Urban","village_code":null},"geometry":{"type":"Polygon","coordinates":[[[77.18418,28.5576],[77.1994,28.55319],[77.1982,28.55091],[77.19515,28.54805],[77.1881,28.54681],[77.18598,28.54813],[77.18191,28.54768],[77.18116,28.54844],[77.18374,28.55503],[77.18161,28.55508],[77.18236,28.55666],[77.18418,28.5576]]]}},{"id":"360","type":"Feature","properties":{"state":"DELHI","state_code":"7","district":"SOUTH","district_code":"98","sub_district":"MEHRAULI","sub_district_code":"06186","sub_district_type":"Sub Division","village":null,"village_category":"Fully_Urban","village_code":null},"geometry":{"type":"Polygon","coordinates":[[[77.19803,28.55072],[77.20022,28.54978],[77.19988,28.54847],[77.19831,28.54602],[77.19403,28.54255],[77.19142,28.54127],[77.19152,28.54233],[77.18643,28.54217],[77.18801,28.54678],[77.19515,28.54805],[77.19803,28.55072]]]}},{"id":"361","type":"Feature","properties":{"state":"DELHI","state_code":"7","district":"NORTH WEST","district_code":"90","sub_district":"KANJHAWLA","sub_district_code":"06178","sub_district_type":"Sub Division","village":null,"village_category":"Fully_Urban","village_code":null},"geometry":{"type":"MultiPolygon","coordinates":[[[[77.00149,28.75541],[77.00179,28.75318],[76.99892,28.75398],[76.99832,28.75247],[76.99932,28.75198],[76.99875,28.75072],[76.99576,28.75197],[76.99471,28.75102],[76.99497,28.7517],[76.99373,28.75302],[76.99405,28.75441],[76.99915,28.75453],[76.99926,28.75576],[77.00149,28.75541]]],[[[77.00762,28.78122],[77.01344,28.77876],[77.01264,28.77502],[77.01324,28.76983],[77.01176,28.76298],[77.01432,28.76038],[77.01529,28.75446],[77.01255,28.74631],[77.00891,28.74759],[77.00751,28.74721],[77.00815,28.75038],[77.00622,28.75119],[77.00581,28.75634],[77.00685,28.75933],[77.00517,28.77383],[77.00762,28.78122]]]]}},{"id":"362","type":"Feature","properties":{"state":"DELHI","state_code":"7","district":"NORTH WEST","district_code":"90","sub_district":"KANJHAWLA","sub_district_code":"06178","sub_district_type":"Sub Division","village":null,"village_category":"Fully_Urban","village_code":null},"geometry":{"type":"Polygon","coordinates":[[[77.05687,28.72228],[77.05273,28.71698],[77.04871,28.71539],[77.04514,28.71835],[77.03027,28.72081],[77.02337,28.7241],[77.02677,28.72928],[77.02774,28.72948],[77.02906,28.72845],[77.03019,28.73019],[77.03226,28.73046],[77.0336,28.73213],[77.03483,28.73234],[77.04693,28.72813],[77.05687,28.72228]]]}},{"id":"363","type":"Feature","properties":{"state":"DELHI","state_code":"7","district":"NORTH WEST","district_code":"90","sub_district":"KANJHAWLA","sub_district_code":"06178","sub_district_type":"Sub Division","village":null,"village_category":"Fully_Urban","village_code":null},"geometry":{"type":"Polygon","coordinates":[[[77.02289,28.75162],[77.03476,28.74959],[77.0396,28.74811],[77.05042,28.74308],[77.05792,28.74235],[77.0639,28.73833],[77.06264,28.73528],[77.0599,28.73317],[77.05855,28.72901],[77.0584,28.72498],[77.05687,28.72228],[77.04693,28.72813],[77.03483,28.73234],[77.0336,28.73213],[77.03226,28.73046],[77.03019,28.73019],[77.02906,28.72845],[77.02774,28.72948],[77.02677,28.72928],[77.02337,28.7241],[77.01942,28.72573],[77.01894,28.72947],[77.01658,28.73459],[77.01846,28.74072],[77.01722,28.74507],[77.02185,28.74948],[77.02289,28.75162]]]}},{"id":"364","type":"Feature","properties":{"state":"DELHI","state_code":"7","district":"NORTH WEST","district_code":"90","sub_district":"ROHINI","sub_district_code":"06177","sub_district_type":"Sub Division","village":null,"village_category":"Fully_Urban","village_code":null},"geometry":{"type":"Polygon","coordinates":[[[77.07604,28.73117],[77.08266,28.72718],[77.08537,28.72182],[77.08574,28.71638],[77.08763,28.7124],[77.08751,28.71094],[77.09168,28.70785],[77.08219,28.69722],[77.07309,28.70137],[77.07055,28.70337],[77.07171,28.70533],[77.05353,28.7177],[77.05835,28.72488],[77.06638,28.72096],[77.06985,28.72598],[77.07404,28.72921],[77.07469,28.72898],[77.07604,28.73117]]]}},{"id":"365","type":"Feature","properties":{"state":"DELHI","state_code":"7","district":"NORTH WEST","district_code":"90","sub_district":"ROHINI","sub_district_code":"06177","sub_district_type":"Sub Division","village":null,"village_category":"Fully_Urban","village_code":null},"geometry":{"type":"Polygon","coordinates":[[[77.05835,28.72488],[77.05855,28.72901],[77.0599,28.73317],[77.06234,28.73492],[77.06422,28.7379],[77.06601,28.73807],[77.06836,28.73684],[77.06824,28.73628],[77.07604,28.73117],[77.07469,28.72898],[77.07404,28.72921],[77.06985,28.72598],[77.06638,28.72096],[77.05835,28.72488]]]}},{"id":"366","type":"Feature","properties":{"state":"DELHI","state_code":"7","district":"NORTH WEST","district_code":"90","sub_district":"ROHINI","sub_district_code":"06177","sub_district_type":"Sub Division","village":null,"village_category":"Fully_Urban","village_code":null},"geometry":{"type":"Polygon","coordinates":[[[77.10957,28.73584],[77.10922,28.73441],[77.1197,28.71803],[77.12035,28.71503],[77.11945,28.71352],[77.11858,28.71258],[77.11717,28.71283],[77.11477,28.70914],[77.11264,28.71015],[77.11152,28.7091],[77.1101,28.70902],[77.10581,28.70381],[77.10018,28.70655],[77.09865,28.70551],[77.09446,28.70657],[77.08859,28.70979],[77.08751,28.71094],[77.08763,28.7124],[77.08574,28.71638],[77.08537,28.72182],[77.08186,28.72806],[77.08582,28.73413],[77.08949,28.73767],[77.0944,28.73684],[77.09596,28.7394],[77.10192,28.73717],[77.10305,28.73773],[77.10647,28.7373],[77.10957,28.73584]]]}},{"id":"367","type":"Feature","properties":{"state":"DELHI","state_code":"7","district":"NORTH WEST","district_code":"90","sub_district":"SARASWATI VIHAR","sub_district_code":"00431","sub_district_type":"Sub Division","village":null,"village_category":"Fully_Urban","village_code":null},"geometry":{"type":"Polygon","coordinates":[[[77.16004,28.73255],[77.16293,28.72768],[77.16422,28.72697],[77.16012,28.71883],[77.15569,28.71658],[77.15534,28.71455],[77.15313,28.71359],[77.15069,28.71369],[77.14931,28.70496],[77.13302,28.71031],[77.13133,28.70922],[77.1318,28.71046],[77.13041,28.71228],[77.13255,28.71581],[77.13751,28.71996],[77.13906,28.7197],[77.14009,28.72375],[77.14526,28.72914],[77.15163,28.72671],[77.15879,28.73089],[77.16004,28.73255]]]}},{"id":"368","type":"Feature","properties":{"state":"DELHI","state_code":"7","district":"NORTH WEST","district_code":"90","sub_district":"KANJHAWLA","sub_district_code":"06178","sub_district_type":"Sub Division","village":"NIZAMPUR RASHIDPUR","village_category":"Rural","village_code":"063935"},"geometry":{"type":"Polygon","coordinates":[[[76.97438,28.72916],[76.97627,28.72396],[76.98211,28.71747],[76.97929,28.71603],[76.97759,28.71397],[76.97242,28.70462],[76.97245,28.70135],[76.96898,28.69923],[76.96795,28.69943],[76.9482,28.71299],[76.95952,28.7297],[76.96535,28.72665],[76.96661,28.72796],[76.96949,28.72824],[76.96974,28.72891],[76.97131,28.72839],[76.97438,28.72916]]]}}],"name":"delhi_soi_villages","attribution":"Village boundaries: Survey of India, Government of India"}