{"type":"FeatureCollection","features":[{"id":"0","type":"Feature","properties":{"state":"GOA","state_code":"30","district":"SOUTH GOA","district_code":586,"sub_district":"PONDA","sub_district_code":"05614","sub_district_type":"Taluk","village":"Ponchavadi","village_category":"Rural","village_code":"626864"},"geometry":{"type":"Polygon","coordinates":[[[74.08485,15.31866,0.0],[74.08788,15.31741,0.0],[74.08663,15.31528,0.0],[74.08739,15.31259,0.0],[74.08672,15.31129,0.0],[74.09071,15.30492,0.0],[74.08863,15.30295,0.0],[74.08816,15.30008,0.0],[74.09119,15.29903,0.0],[74.09139,15.29702,0.0],[74.09288,15.29605,0.0],[74.0955,15.29601,0.0],[74.09675,15.29425,0.0],[74.10534,15.28745,0.0],[74.10476,15.28542,0.0],[74.106,15.28316,0.0],[74.10201,15.27574,0.0],[74.10181,15.27265,0.0],[74.09958,15.27138,0.0],[74.09961,15.26976,0.0],[74.09104,15.26881,0.0],[74.08849,15.27294,0.0],[74.08639,15.27429,0.0],[74.08353,15.27785,0.0],[74.0805,15.27745,0.0],[74.07495,15.2748,0.0],[74.06901,15.28526,0.0],[74.07068,15.29279,0.0],[74.06582,15.29706,0.0],[74.06102,15.29897,0.0],[74.0619,15.30142,0.0],[74.06647,15.30425,0.0],[74.06654,15.31452,0.0],[74.06733,15.31652,0.0],[74.07008,15.31719,0.0],[74.06961,15.32228,0.0],[74.08226,15.32263,0.0],[74.08282,15.32325,0.0],[74.08485,15.31866,0.0]]]}},{"id":"1","type":"Feature","properties":{"state":"GOA","state_code":"30","district":"SOUTH GOA","district_code":586,"sub_district":"PONDA","sub_district_code":"05614","sub_district_type":"Taluk","village":"Conxem","village_category":"Rural","village_code":"626862"},"geometry":{"type":"Polygon","coordinates":[[[74.07194,15.34188,0.0],[74.07034,15.34112,0.0],[74.06599,15.34196,0.0],[74.06421,15.34526,0.0],[74.06304,15.34911,0.0],[74.06467,15.34926,0.0],[74.0653,15.35128,0.0],[74.07048,15.35605,0.0],[74.07417,15.35605,0.0],[74.07644,15.35241,0.0],[74.0767,15.35038,0.0],[74.07572,15.34816,0.0],[74.07654,15.34547,0.0],[74.0761,15.3419,0.0],[74.07529,15.34136,0.0],[74.07571,15.34051,0.0],[74.07194,15.34188,0.0]]]}},{"id":"2","type":"Feature","properties":{"state":"GOA","state_code":"30","district":"SOUTH GOA","district_code":586,"sub_district":"PONDA","sub_district_code":"05614","sub_district_type":"Taluk","village":"Shiroda","village_category":"Rural","village_code":"626863"},"geometry":{"type":"Polygon","coordinates":[[[74.03911,15.34775,0.0],[74.04019,15.34971,0.0],[74.04546,15.35361,0.0],[74.04886,15.35311,0.0],[74.04982,15.35419,0.0],[74.06091,15.34924,0.0],[74.06304,15.34911,0.0],[74.06599,15.34196,0.0],[74.07034,15.34112,0.0],[74.07194,15.34188,0.0],[74.0774,15.33971,0.0],[74.0803,15.33749,0.0],[74.0821,15.33321,0.0],[74.0844,15.33159,0.0],[74.08849,15.33095,0.0],[74.08387,15.32784,0.0],[74.08239,15.32269,0.0],[74.06961,15.32228,0.0],[74.07008,15.31719,0.0],[74.06733,15.31652,0.0],[74.06654,15.31452,0.0],[74.06647,15.30425,0.0],[74.0619,15.30142,0.0],[74.06102,15.29897,0.0],[74.05394,15.30043,0.0],[74.04513,15.2996,0.0],[74.04228,15.30145,0.0],[74.04014,15.3064,0.0],[74.03888,15.30742,0.0],[74.02998,15.30332,0.0],[74.02538,15.30212,0.0],[74.01571,15.30282,0.0],[74.01181,15.30556,0.0],[74.01193,15.30979,0.0],[74.00964,15.31485,0.0],[74.00478,15.33815,0.0],[74.00513,15.33961,0.0],[74.01005,15.33959,0.0],[74.01257,15.34262,0.0],[74.01264,15.34395,0.0],[74.01318,15.34369,0.0],[74.01528,15.34652,0.0],[74.01857,15.34856,0.0],[74.01416,15.35261,0.0],[74.01503,15.35376,0.0],[74.01487,15.35534,0.0],[74.01632,15.3558,0.0],[74.01823,15.35819,0.0],[74.02186,15.35708,0.0],[74.03412,15.34969,0.0],[74.03691,15.3493,0.0],[74.03911,15.34775,0.0]]]}},{"id":"3","type":"Feature","properties":{"state":"GOA","state_code":"30","district":"SOUTH GOA","district_code":586,"sub_district":"PONDA","sub_district_code":"05614","sub_district_type":"Taluk","village":"Borim","village_category":"Rural","village_code":"626872"},"geometry":{"type":"Polygon","coordinates":[[[74.01603,15.37597,0.0],[74.01742,15.37717,0.0],[74.01925,15.37453,0.0],[74.02153,15.37323,0.0],[74.02092,15.37127,0.0],[74.02221,15.36983,0.0],[74.03081,15.36879,0.0],[74.03388,15.36713,0.0],[74.03719,15.36681,0.0],[74.03963,15.36455,0.0],[74.04048,15.36558,0.0],[74.04519,15.3654,0.0],[74.04651,15.36363,0.0],[74.04859,15.36325,0.0],[74.05036,15.36134,0.0],[74.04842,15.3576,0.0],[74.04982,15.35419,0.0],[74.04886,15.35311,0.0],[74.04546,15.35361,0.0],[74.04019,15.34971,0.0],[74.03911,15.34775,0.0],[74.03691,15.3493,0.0],[74.03412,15.34969,0.0],[74.02186,15.35708,0.0],[74.01823,15.35819,0.0],[74.01632,15.3558,0.0],[74.01487,15.35534,0.0],[74.01503,15.35376,0.0],[74.01416,15.35261,0.0],[74.01857,15.34856,0.0],[74.01528,15.34652,0.0],[74.01318,15.34369,0.0],[74.01264,15.34395,0.0],[74.01257,15.34262,0.0],[74.01005,15.33959,0.0],[74.00513,15.33961,0.0],[74.00626,15.34337,0.0],[74.00572,15.34755,0.0],[74.00023,15.35193,0.0],[73.98926,15.35571,0.0],[73.97986,15.36537,0.0],[73.98218,15.36794,0.0],[73.9823,15.36903,0.0],[73.98491,15.37096,0.0],[73.98612,15.37081,0.0],[73.98713,15.37168,0.0],[73.9875,15.37004,0.0],[73.98942,15.37088,0.0],[73.99089,15.37033,0.0],[73.9961,15.37623,0.0],[74.00006,15.37307,0.0],[74.0065,15.37431,0.0],[74.01179,15.37788,0.0],[74.01438,15.3759,0.0],[74.01603,15.37597,0.0]]]}},{"id":"4","type":"Feature","properties":{"state":"GOA","state_code":"30","district":"SOUTH GOA","district_code":586,"sub_district":"PONDA","sub_district_code":"05614","sub_district_type":"Taluk","village":"Nirancal","village_category":"Rural","village_code":"626861"},"geometry":{"type":"Polygon","coordinates":[[[74.09876,15.37852,0.0],[74.09717,15.37789,0.0],[74.09488,15.37986,0.0],[74.09342,15.3762,0.0],[74.09355,15.37459,0.0],[74.09591,15.37616,0.0],[74.09735,15.37574,0.0],[74.09817,15.3743,0.0],[74.10077,15.37395,0.0],[74.10099,15.37119,0.0],[74.10224,15.36944,0.0],[74.10154,15.3663,0.0],[74.10439,15.36546,0.0],[74.10462,15.36464,0.0],[74.10457,15.36307,0.0],[74.10248,15.36221,0.0],[74.10111,15.35904,0.0],[74.10423,15.35522,0.0],[74.10302,15.35424,0.0],[74.1018,15.35542,0.0],[74.10024,15.35536,0.0],[74.09872,15.35127,0.0],[74.09968,15.3502,0.0],[74.10333,15.34966,0.0],[74.10521,15.34705,0.0],[74.10366,15.34617,0.0],[74.10191,15.34704,0.0],[74.09802,15.3466,0.0],[74.09607,15.34523,0.0],[74.09692,15.34375,0.0],[74.09474,15.33906,0.0],[74.09544,15.3381,0.0],[74.09327,15.33619,0.0],[74.09305,15.33422,0.0],[74.09096,15.33199,0.0],[74.08849,15.33095,0.0],[74.0844,15.33159,0.0],[74.0821,15.33321,0.0],[74.0803,15.33749,0.0],[74.07571,15.34051,0.0],[74.07529,15.34136,0.0],[74.0761,15.3419,0.0],[74.07654,15.34547,0.0],[74.07572,15.34816,0.0],[74.07679,15.35127,0.0],[74.07557,15.35444,0.0],[74.07395,15.35618,0.0],[74.07048,15.35605,0.0],[74.0653,15.35128,0.0],[74.06467,15.34926,0.0],[74.06377,15.34914,0.0],[74.06091,15.34924,0.0],[74.04982,15.35419,0.0],[74.04842,15.3576,0.0],[74.05036,15.36134,0.0],[74.05014,15.36539,0.0],[74.05309,15.3696,0.0],[74.05464,15.36991,0.0],[74.05499,15.37104,0.0],[74.05866,15.3737,0.0],[74.05942,15.37696,0.0],[74.06184,15.37696,0.0],[74.07176,15.38002,0.0],[74.07391,15.37941,0.0],[74.07398,15.37871,0.0],[74.07809,15.37929,0.0],[74.07976,15.3807,0.0],[74.08286,15.38148,0.0],[74.08734,15.38092,0.0],[74.0887,15.38176,0.0],[74.09093,15.38177,0.0],[74.09218,15.38394,0.0],[74.09661,15.38226,0.0],[74.09876,15.37852,0.0]]]}},{"id":"5","type":"Feature","properties":{"state":"GOA","state_code":"30","district":"SOUTH GOA","district_code":586,"sub_district":"PONDA","sub_district_code":"05614","sub_district_type":"Taluk","village":"Vadi","village_category":"Rural","village_code":"626858"},"geometry":{"type":"Polygon","coordinates":[[[73.97732,15.36774,0.0],[73.97773,15.37014,0.0],[73.98028,15.37465,0.0],[73.98392,15.37506,0.0],[73.99154,15.38171,0.0],[73.9961,15.37623,0.0],[73.99089,15.37033,0.0],[73.98942,15.37088,0.0],[73.9875,15.37004,0.0],[73.98713,15.37168,0.0],[73.98612,15.37081,0.0],[73.98491,15.37096,0.0],[73.9823,15.36903,0.0],[73.98218,15.36794,0.0],[73.97986,15.36537,0.0],[73.97732,15.36774,0.0]]]}},{"id":"6","type":"Feature","properties":{"state":"GOA","state_code":"30","district":"SOUTH GOA","district_code":586,"sub_district":"PONDA","sub_district_code":"05614","sub_district_type":"Taluk","village":"Telaulim","village_category":"Rural","village_code":"626857"},"geometry":{"type":"Polygon","coordinates":[[[73.98448,15.3882,0.0],[73.98749,15.38654,0.0],[73.99025,15.38404,0.0],[73.99154,15.38171,0.0],[73.98392,15.37506,0.0],[73.98028,15.37465,0.0],[73.9784,15.37132,0.0],[73.97484,15.37304,0.0],[73.97112,15.37614,0.0],[73.97193,15.3798,0.0],[73.97148,15.38186,0.0],[73.97545,15.38385,0.0],[73.97884,15.38863,0.0],[73.98448,15.3882,0.0]]]}},{"id":"7","type":"Feature","properties":{"state":"GOA","state_code":"30","district":"SOUTH GOA","district_code":586,"sub_district":"PONDA","sub_district_code":"05614","sub_district_type":"Taluk","village":"Durbhat","village_category":"Rural","village_code":"626856"},"geometry":{"type":"Polygon","coordinates":[[[73.97177,15.36914,0.0],[73.96494,15.36884,0.0],[73.9601,15.37097,0.0],[73.9573,15.37421,0.0],[73.95466,15.38912,0.0],[73.95766,15.39075,0.0],[73.96071,15.3967,0.0],[73.96067,15.39791,0.0],[73.9623,15.39896,0.0],[73.96386,15.39856,0.0],[73.9656,15.3959,0.0],[73.96989,15.39347,0.0],[73.97542,15.39254,0.0],[73.98262,15.39333,0.0],[73.98232,15.3922,0.0],[73.98004,15.39219,0.0],[73.97903,15.39103,0.0],[73.97884,15.39027,0.0],[73.98095,15.38873,0.0],[73.97884,15.38863,0.0],[73.97545,15.38385,0.0],[73.97148,15.38186,0.0],[73.97193,15.3798,0.0],[73.97112,15.37614,0.0],[73.97484,15.37304,0.0],[73.9784,15.37132,0.0],[73.97732,15.36774,0.0],[73.97177,15.36914,0.0]]]}},{"id":"8","type":"Feature","properties":{"state":"GOA","state_code":"30","district":"SOUTH GOA","district_code":586,"sub_district":"PONDA","sub_district_code":"05614","sub_district_type":"Taluk","village":"Betora","village_category":"Rural","village_code":"626859"},"geometry":{"type":"Polygon","coordinates":[[[74.04654,15.39348,0.0],[74.05227,15.38991,0.0],[74.05188,15.38768,0.0],[74.05308,15.38671,0.0],[74.05443,15.38697,0.0],[74.05399,15.38553,0.0],[74.05814,15.38194,0.0],[74.05942,15.37696,0.0],[74.05866,15.3737,0.0],[74.05499,15.37104,0.0],[74.05464,15.36991,0.0],[74.05309,15.3696,0.0],[74.05014,15.36539,0.0],[74.05036,15.36134,0.0],[74.04859,15.36325,0.0],[74.04651,15.36363,0.0],[74.04519,15.3654,0.0],[74.04048,15.36558,0.0],[74.03963,15.36455,0.0],[74.03719,15.36681,0.0],[74.03388,15.36713,0.0],[74.03081,15.36879,0.0],[74.02221,15.36983,0.0],[74.02092,15.37127,0.0],[74.02153,15.37323,0.0],[74.01925,15.37453,0.0],[74.01742,15.37717,0.0],[74.01603,15.37597,0.0],[74.01438,15.3759,0.0],[74.00991,15.37949,0.0],[74.00901,15.38473,0.0],[74.00954,15.38699,0.0],[74.0134,15.39194,0.0],[74.01429,15.39136,0.0],[74.01786,15.39212,0.0],[74.02681,15.39622,0.0],[74.02889,15.39822,0.0],[74.03139,15.39757,0.0],[74.03831,15.39879,0.0],[74.03933,15.40038,0.0],[74.03948,15.4035,0.0],[74.04161,15.40255,0.0],[74.04243,15.39953,0.0],[74.046,15.39733,0.0],[74.04654,15.39348,0.0]]]}},{"id":"9","type":"Feature","properties":{"state":"GOA","state_code":"30","district":"SOUTH GOA","district_code":586,"sub_district":"PONDA","sub_district_code":"05614","sub_district_type":"Taluk","village":"Codar","village_category":"Rural","village_code":"626860"},"geometry":{"type":"Polygon","coordinates":[[[74.07461,15.40969,0.0],[74.07188,15.40488,0.0],[74.07415,15.40137,0.0],[74.07666,15.40082,0.0],[74.07731,15.39973,0.0],[74.07523,15.39639,0.0],[74.07634,15.39181,0.0],[74.07716,15.39148,0.0],[74.07853,15.39238,0.0],[74.08041,15.39581,0.0],[74.08108,15.39392,0.0],[74.08427,15.39008,0.0],[74.08809,15.3917,0.0],[74.09093,15.38177,0.0],[74.0887,15.38176,0.0],[74.08734,15.38092,0.0],[74.08107,15.38116,0.0],[74.07809,15.37929,0.0],[74.07398,15.37871,0.0],[74.07391,15.37941,0.0],[74.07176,15.38002,0.0],[74.06184,15.37696,0.0],[74.05942,15.37696,0.0],[74.05814,15.38194,0.0],[74.05399,15.38553,0.0],[74.05443,15.38697,0.0],[74.05308,15.38671,0.0],[74.05188,15.38768,0.0],[74.05227,15.38991,0.0],[74.04654,15.39348,0.0],[74.046,15.39733,0.0],[74.04658,15.39841,0.0],[74.05024,15.39984,0.0],[74.05618,15.40607,0.0],[74.05727,15.40494,0.0],[74.05861,15.40751,0.0],[74.06255,15.40834,0.0],[74.06436,15.41152,0.0],[74.06788,15.41105,0.0],[74.06985,15.4125,0.0],[74.07244,15.41166,0.0],[74.07461,15.40969,0.0]]]}},{"id":"10","type":"Feature","properties":{"state":"GOA","state_code":"30","district":"SOUTH GOA","district_code":586,"sub_district":"PONDA","sub_district_code":"05614","sub_district_type":"Taluk","village":"Ponda(M CI)","village_category":"Partly_Urban","village_code":"252082"},"geometry":{"type":"Polygon","coordinates":[[[74.02641,15.41176,0.0],[74.02654,15.41091,0.0],[74.02528,15.40892,0.0],[74.01855,15.4046,0.0],[74.01805,15.40273,0.0],[74.02011,15.39921,0.0],[74.02016,15.39773,0.0],[74.0257,15.39592,0.0],[74.01786,15.39212,0.0],[74.01429,15.39136,0.0],[74.01209,15.3938,0.0],[74.01053,15.39423,0.0],[74.01044,15.39332,0.0],[74.00895,15.39317,0.0],[74.0063,15.395,0.0],[74.00585,15.3886,0.0],[74.00194,15.38877,0.0],[73.99905,15.38696,0.0],[73.9973,15.38838,0.0],[73.99688,15.392,0.0],[73.99609,15.39252,0.0],[73.99612,15.39426,0.0],[73.99784,15.39746,0.0],[73.99677,15.39918,0.0],[74.00177,15.40301,0.0],[74.00279,15.40301,0.0],[74.00403,15.40629,0.0],[74.00738,15.40817,0.0],[74.00797,15.41419,0.0],[74.01072,15.41432,0.0],[74.01161,15.41351,0.0],[74.01229,15.41548,0.0],[74.01438,15.41449,0.0],[74.0158,15.41609,0.0],[74.01694,15.41495,0.0],[74.01958,15.41447,0.0],[74.01956,15.41307,0.0],[74.02273,15.41122,0.0],[74.02641,15.41176,0.0]]]}},{"id":"11","type":"Feature","properties":{"state":"GOA","state_code":"30","district":"SOUTH GOA","district_code":586,"sub_district":"PONDA","sub_district_code":"05614","sub_district_type":"Taluk","village":"Bandora","village_category":"Rural","village_code":"626869"},"geometry":{"type":"Polygon","coordinates":[[[73.98092,15.42361,0.0],[73.98789,15.41327,0.0],[73.99664,15.41473,0.0],[74.00017,15.41461,0.0],[74.00568,15.40718,0.0],[74.00403,15.40629,0.0],[74.00309,15.40343,0.0],[74.00104,15.4019,0.0],[74.00017,15.40159,0.0],[73.99865,15.40338,0.0],[73.99673,15.40353,0.0],[73.99391,15.40197,0.0],[73.99269,15.39961,0.0],[73.98852,15.39889,0.0],[73.98705,15.39637,0.0],[73.98585,15.39674,0.0],[73.98211,15.39318,0.0],[73.97431,15.39255,0.0],[73.96989,15.39347,0.0],[73.9656,15.3959,0.0],[73.96386,15.39856,0.0],[73.9623,15.39896,0.0],[73.96067,15.39791,0.0],[73.96071,15.3967,0.0],[73.95766,15.39075,0.0],[73.95466,15.38912,0.0],[73.94994,15.40114,0.0],[73.95343,15.40408,0.0],[73.95597,15.40837,0.0],[73.95458,15.41072,0.0],[73.95562,15.41181,0.0],[73.95987,15.41094,0.0],[73.96506,15.41456,0.0],[73.9655,15.41562,0.0],[73.96287,15.41661,0.0],[73.9623,15.42091,0.0],[73.96096,15.42137,0.0],[73.96723,15.42233,0.0],[73.96872,15.42431,0.0],[73.98092,15.42361,0.0]]]}},{"id":"12","type":"Feature","properties":{"state":"GOA","state_code":"30","district":"NORTH GOA","district_code":585,"sub_district":"TISWADI","sub_district_code":"05611","sub_district_type":"Taluk","village":"Mercurim (CT)","village_category":"Rural","village_code":"626735"},"geometry":{"type":"Polygon","coordinates":[[[73.90667,15.42848,0.0],[73.90837,15.42717,0.0],[73.90981,15.42713,0.0],[73.91124,15.42473,0.0],[73.91323,15.42404,0.0],[73.91359,15.42011,0.0],[73.91557,15.41856,0.0],[73.91214,15.41595,0.0],[73.90676,15.41359,0.0],[73.90432,15.41445,0.0],[73.90245,15.41699,0.0],[73.89826,15.41744,0.0],[73.89458,15.42439,0.0],[73.90001,15.42853,0.0],[73.90123,15.4301,0.0],[73.90041,15.43162,0.0],[73.90137,15.43141,0.0],[73.90347,15.43282,0.0],[73.90652,15.43223,0.0],[73.90667,15.42848,0.0]]]}},{"id":"13","type":"Feature","properties":{"state":"GOA","state_code":"30","district":"SOUTH GOA","district_code":586,"sub_district":"PONDA","sub_district_code":"05614","sub_district_type":"Taluk","village":"Marcaim","village_category":"Rural","village_code":"626867"},"geometry":{"type":"Polygon","coordinates":[[[73.96109,15.42597,0.0],[73.96082,15.42162,0.0],[73.9623,15.42091,0.0],[73.96287,15.41661,0.0],[73.9655,15.41562,0.0],[73.96506,15.41456,0.0],[73.95987,15.41094,0.0],[73.95527,15.41173,0.0],[73.95458,15.41072,0.0],[73.95597,15.40837,0.0],[73.95343,15.40408,0.0],[73.94994,15.40114,0.0],[73.94737,15.40349,0.0],[73.94522,15.40425,0.0],[73.92805,15.40644,0.0],[73.91847,15.40934,0.0],[73.92145,15.4153,0.0],[73.92727,15.42252,0.0],[73.92706,15.42737,0.0],[73.92784,15.42976,0.0],[73.93049,15.43248,0.0],[73.93367,15.43424,0.0],[73.94309,15.43645,0.0],[73.9479,15.43165,0.0],[73.95294,15.43252,0.0],[73.95603,15.43153,0.0],[73.96033,15.43169,0.0],[73.9632,15.43007,0.0],[73.96109,15.42597,0.0]]]}},{"id":"14","type":"Feature","properties":{"state":"GOA","state_code":"30","district":"SOUTH GOA","district_code":586,"sub_district":"PONDA","sub_district_code":"05614","sub_district_type":"Taluk","village":"Velinga","village_category":"Rural","village_code":"626854"},"geometry":{"type":"Polygon","coordinates":[[[73.98092,15.42361,0.0],[73.96964,15.42435,0.0],[73.96818,15.42417,0.0],[73.96759,15.42269,0.0],[73.96614,15.42195,0.0],[73.96096,15.42137,0.0],[73.96109,15.42597,0.0],[73.96611,15.43461,0.0],[73.96576,15.43721,0.0],[73.96815,15.43797,0.0],[73.97263,15.43726,0.0],[73.97601,15.43764,0.0],[73.97681,15.43665,0.0],[73.97915,15.43754,0.0],[73.98012,15.43714,0.0],[73.9807,15.43466,0.0],[73.98317,15.43128,0.0],[73.98252,15.43052,0.0],[73.98357,15.42664,0.0],[73.98268,15.42452,0.0],[73.98276,15.42111,0.0],[73.98092,15.42361,0.0]]]}},{"id":"15","type":"Feature","properties":{"state":"GOA","state_code":"30","district":"SOUTH GOA","district_code":586,"sub_district":"PONDA","sub_district_code":"05614","sub_district_type":"Taluk","village":"Candepar","village_category":"Rural","village_code":"626853"},"geometry":{"type":"Polygon","coordinates":[[[74.03482,15.44675,0.0],[74.03573,15.4449,0.0],[74.03663,15.4445,0.0],[74.03762,15.44559,0.0],[74.03915,15.44546,0.0],[74.04254,15.44202,0.0],[74.04824,15.43858,0.0],[74.04861,15.43693,0.0],[74.04672,15.43425,0.0],[74.04758,15.43261,0.0],[74.04853,15.43213,0.0],[74.0514,15.43486,0.0],[74.05342,15.43426,0.0],[74.05441,15.43283,0.0],[74.05375,15.42906,0.0],[74.05119,15.42818,0.0],[74.05276,15.42426,0.0],[74.04898,15.41936,0.0],[74.04994,15.41768,0.0],[74.05203,15.41676,0.0],[74.05151,15.41391,0.0],[74.0522,15.4121,0.0],[74.05406,15.41206,0.0],[74.05524,15.41111,0.0],[74.05618,15.40607,0.0],[74.05024,15.39984,0.0],[74.04658,15.39841,0.0],[74.046,15.39733,0.0],[74.04243,15.39953,0.0],[74.04161,15.40255,0.0],[74.03948,15.4035,0.0],[74.03902,15.407,0.0],[74.03613,15.41285,0.0],[74.03634,15.41633,0.0],[74.02962,15.42058,0.0],[74.02895,15.42363,0.0],[74.02478,15.42804,0.0],[74.02441,15.43072,0.0],[74.02582,15.43141,0.0],[74.0215,15.44143,0.0],[74.02107,15.44578,0.0],[74.02722,15.44645,0.0],[74.02902,15.44803,0.0],[74.03468,15.45016,0.0],[74.03482,15.44675,0.0]]]}},{"id":"16","type":"Feature","properties":{"state":"GOA","state_code":"30","district":"NORTH GOA","district_code":585,"sub_district":"TISWADI","sub_district_code":"05611","sub_district_type":"Taluk","village":"Neura-O-Pequeno","village_category":"Rural","village_code":"626725"},"geometry":{"type":"Polygon","coordinates":[[[73.90937,15.44462,0.0],[73.90652,15.43223,0.0],[73.90264,15.43254,0.0],[73.902,15.43886,0.0],[73.89914,15.44215,0.0],[73.90238,15.44651,0.0],[73.90881,15.44654,0.0],[73.90937,15.44462,0.0]]]}},{"id":"17","type":"Feature","properties":{"state":"GOA","state_code":"30","district":"NORTH GOA","district_code":585,"sub_district":"SATARI","sub_district_code":"05613","sub_district_type":"Taluk","village":"Malpona","village_category":"Rural","village_code":"626838"},"geometry":{"type":"Polygon","coordinates":[[[74.18378,15.45359,0.0],[74.18599,15.45243,0.0],[74.18958,15.45413,0.0],[74.19028,15.45299,0.0],[74.18874,15.44872,0.0],[74.18914,15.4473,0.0],[74.18751,15.44469,0.0],[74.18256,15.44236,0.0],[74.17891,15.43751,0.0],[74.17058,15.43984,0.0],[74.16438,15.45128,0.0],[74.16683,15.4551,0.0],[74.17036,15.4568,0.0],[74.17274,15.459,0.0],[74.17506,15.45492,0.0],[74.17851,15.45357,0.0],[74.18378,15.45359,0.0]]]}},{"id":"18","type":"Feature","properties":{"state":"GOA","state_code":"30","district":"NORTH GOA","district_code":585,"sub_district":"TISWADI","sub_district_code":"05611","sub_district_type":"Taluk","village":"Neura-O-Grande","village_category":"Rural","village_code":"626726"},"geometry":{"type":"Polygon","coordinates":[[[73.93512,15.44379,0.0],[73.93701,15.4416,0.0],[73.93654,15.43491,0.0],[73.93049,15.43248,0.0],[73.92784,15.42976,0.0],[73.92706,15.42737,0.0],[73.92727,15.42252,0.0],[73.92145,15.4153,0.0],[73.91847,15.40934,0.0],[73.9072,15.4114,0.0],[73.90696,15.41368,0.0],[73.91214,15.41595,0.0],[73.91557,15.41856,0.0],[73.91359,15.42011,0.0],[73.91323,15.42404,0.0],[73.91124,15.42473,0.0],[73.90981,15.42713,0.0],[73.90837,15.42717,0.0],[73.90629,15.4296,0.0],[73.90937,15.44462,0.0],[73.90889,15.44698,0.0],[73.91204,15.44877,0.0],[73.91257,15.44747,0.0],[73.91473,15.4475,0.0],[73.91463,15.44682,0.0],[73.91677,15.44603,0.0],[73.91779,15.44474,0.0],[73.92704,15.44551,0.0],[73.92826,15.44283,0.0],[73.93277,15.44441,0.0],[73.93512,15.44379,0.0]]]}},{"id":"19","type":"Feature","properties":{"state":"GOA","state_code":"30","district":"NORTH GOA","district_code":585,"sub_district":"TISWADI","sub_district_code":"05611","sub_district_type":"Taluk","village":"Siridao","village_category":"Rural","village_code":"626724"},"geometry":{"type":"Polygon","coordinates":[[[73.86906,15.44297,0.0],[73.86557,15.43923,0.0],[73.86459,15.43639,0.0],[73.86495,15.43441,0.0],[73.86653,15.4327,0.0],[73.86788,15.43246,0.0],[73.87147,15.43524,0.0],[73.87703,15.43558,0.0],[73.87817,15.43451,0.0],[73.87897,15.4286,0.0],[73.87489,15.42847,0.0],[73.87319,15.42997,0.0],[73.87061,15.42984,0.0],[73.86898,15.42941,0.0],[73.86803,15.42744,0.0],[73.86617,15.42669,0.0],[73.86243,15.42687,0.0],[73.86283,15.431,0.0],[73.86123,15.43391,0.0],[73.86002,15.43381,0.0],[73.86104,15.4355,0.0],[73.86055,15.44018,0.0],[73.85782,15.44172,0.0],[73.85556,15.4414,0.0],[73.85615,15.44314,0.0],[73.85544,15.44429,0.0],[73.85358,15.44461,0.0],[73.85391,15.44584,0.0],[73.85632,15.44589,0.0],[73.86084,15.44753,0.0],[73.86738,15.44803,0.0],[73.87196,15.44303,0.0],[73.86906,15.44297,0.0]]]}},{"id":"20","type":"Feature","properties":{"state":"GOA","state_code":"30","district":"SOUTH GOA","district_code":586,"sub_district":"PONDA","sub_district_code":"05614","sub_district_type":"Taluk","village":"Priol","village_category":"Rural","village_code":"626868"},"geometry":{"type":"Polygon","coordinates":[[[73.98866,15.44945,0.0],[73.99104,15.44753,0.0],[73.99405,15.44752,0.0],[73.99695,15.4462,0.0],[73.99646,15.44335,0.0],[73.99805,15.44233,0.0],[74.00621,15.44442,0.0],[74.00828,15.44346,0.0],[74.00905,15.43953,0.0],[74.01681,15.43658,0.0],[74.02186,15.43611,0.0],[74.02387,15.43667,0.0],[74.02584,15.43132,0.0],[74.02011,15.42818,0.0],[74.01686,15.42481,0.0],[74.01305,15.42497,0.0],[74.01153,15.42398,0.0],[74.01011,15.42459,0.0],[74.00856,15.424,0.0],[74.00731,15.42183,0.0],[74.00451,15.42054,0.0],[74.00253,15.41847,0.0],[74.00017,15.41461,0.0],[73.99664,15.41473,0.0],[73.98789,15.41327,0.0],[73.98276,15.42111,0.0],[73.98268,15.42452,0.0],[73.98357,15.42664,0.0],[73.98252,15.43052,0.0],[73.98317,15.43128,0.0],[73.9807,15.43466,0.0],[73.98012,15.43714,0.0],[73.97915,15.43754,0.0],[73.97681,15.43665,0.0],[73.97601,15.43764,0.0],[73.97263,15.43726,0.0],[73.96815,15.43797,0.0],[73.96576,15.43721,0.0],[73.96407,15.43925,0.0],[73.96203,15.44533,0.0],[73.96257,15.4489,0.0],[73.96506,15.45379,0.0],[73.96616,15.44999,0.0],[73.97325,15.4479,0.0],[73.97745,15.44909,0.0],[73.97962,15.45079,0.0],[73.9854,15.45116,0.0],[73.98725,15.4523,0.0],[73.98866,15.44945,0.0]]]}},{"id":"21","type":"Feature","properties":{"state":"GOA","state_code":"30","district":"NORTH GOA","district_code":585,"sub_district":"TISWADI","sub_district_code":"05611","sub_district_type":"Taluk","village":"Goa Velha","village_category":"Rural","village_code":"626734"},"geometry":{"type":"Polygon","coordinates":[[[73.89842,15.41434,0.0],[73.89737,15.41531,0.0],[73.89673,15.41469,0.0],[73.88966,15.42559,0.0],[73.89026,15.42618,0.0],[73.88959,15.42713,0.0],[73.88398,15.4315,0.0],[73.88339,15.43061,0.0],[73.88095,15.43122,0.0],[73.87978,15.43227,0.0],[73.88047,15.43375,0.0],[73.87703,15.43558,0.0],[73.87147,15.43524,0.0],[73.86788,15.43246,0.0],[73.86557,15.43351,0.0],[73.86459,15.43639,0.0],[73.86557,15.43923,0.0],[73.86906,15.44297,0.0],[73.87273,15.44334,0.0],[73.87513,15.4456,0.0],[73.87557,15.44747,0.0],[73.874,15.4506,0.0],[73.87632,15.44999,0.0],[73.87611,15.44867,0.0],[73.87821,15.44772,0.0],[73.88082,15.44255,0.0],[73.88449,15.44512,0.0],[73.88861,15.44435,0.0],[73.88992,15.44519,0.0],[73.89252,15.44354,0.0],[73.89461,15.44442,0.0],[73.89663,15.44296,0.0],[73.89942,15.44275,0.0],[73.89915,15.44208,0.0],[73.902,15.43886,0.0],[73.90264,15.43254,0.0],[73.90137,15.43141,0.0],[73.90041,15.43162,0.0],[73.90123,15.4301,0.0],[73.89459,15.42404,0.0],[73.89826,15.41744,0.0],[73.90245,15.41699,0.0],[73.90432,15.41445,0.0],[73.90696,15.41368,0.0],[73.90727,15.41269,0.0],[73.89842,15.41434,0.0]]]}},{"id":"22","type":"Feature","properties":{"state":"GOA","state_code":"30","district":"NORTH GOA","district_code":585,"sub_district":"TISWADI","sub_district_code":"05611","sub_district_type":"Taluk","village":"Mandur","village_category":"Rural","village_code":"626720"},"geometry":{"type":"Polygon","coordinates":[[[73.93229,15.44888,0.0],[73.93277,15.44441,0.0],[73.92869,15.44287,0.0],[73.92732,15.44545,0.0],[73.91779,15.44474,0.0],[73.91677,15.44603,0.0],[73.91463,15.44682,0.0],[73.91473,15.4475,0.0],[73.91257,15.44747,0.0],[73.91222,15.44867,0.0],[73.91114,15.44873,0.0],[73.91161,15.45223,0.0],[73.91534,15.45919,0.0],[73.9191,15.45574,0.0],[73.92369,15.45448,0.0],[73.9253,15.45176,0.0],[73.92949,15.45088,0.0],[73.93229,15.44888,0.0]]]}},{"id":"23","type":"Feature","properties":{"state":"GOA","state_code":"30","district":"NORTH GOA","district_code":585,"sub_district":"SATARI","sub_district_code":"05613","sub_district_type":"Taluk","village":"Govanem","village_category":"Rural","village_code":"626837"},"geometry":{"type":"Polygon","coordinates":[[[74.1981,15.46458,0.0],[74.19605,15.46372,0.0],[74.19345,15.45929,0.0],[74.18879,15.45541,0.0],[74.18958,15.45413,0.0],[74.18649,15.45249,0.0],[74.18305,15.45369,0.0],[74.17715,15.45369,0.0],[74.17337,15.45711,0.0],[74.17278,15.46017,0.0],[74.16973,15.46143,0.0],[74.17103,15.4635,0.0],[74.17141,15.46604,0.0],[74.17003,15.46832,0.0],[74.17024,15.46927,0.0],[74.17786,15.47196,0.0],[74.17982,15.47026,0.0],[74.18418,15.46907,0.0],[74.18677,15.46741,0.0],[74.19271,15.46804,0.0],[74.19642,15.46662,0.0],[74.19962,15.46679,0.0],[74.1981,15.46458,0.0]]]}},{"id":"24","type":"Feature","properties":{"state":"GOA","state_code":"30","district":"NORTH GOA","district_code":585,"sub_district":"SATARI","sub_district_code":"05613","sub_district_type":"Taluk","village":"Ambeli","village_category":"Rural","village_code":"626839"},"geometry":{"type":"Polygon","coordinates":[[[74.17141,15.46604,0.0],[74.17103,15.4635,0.0],[74.16973,15.46143,0.0],[74.17278,15.46017,0.0],[74.17274,15.459,0.0],[74.17036,15.4568,0.0],[74.16683,15.4551,0.0],[74.16438,15.45128,0.0],[74.16201,15.45315,0.0],[74.15874,15.46208,0.0],[74.15578,15.46632,0.0],[74.16197,15.46796,0.0],[74.16311,15.4702,0.0],[74.16613,15.47156,0.0],[74.17003,15.46832,0.0],[74.17141,15.46604,0.0]]]}},{"id":"25","type":"Feature","properties":{"state":"GOA","state_code":"30","district":"SOUTH GOA","district_code":586,"sub_district":"PONDA","sub_district_code":"05614","sub_district_type":"Taluk","village":"Usgao","village_category":"Rural","village_code":"626873"},"geometry":{"type":"Polygon","coordinates":[[[74.07687,15.45849,0.0],[74.0785,15.45515,0.0],[74.08619,15.45011,0.0],[74.08805,15.44757,0.0],[74.08913,15.44788,0.0],[74.09135,15.44667,0.0],[74.09477,15.44061,0.0],[74.09436,15.43969,0.0],[74.0968,15.43724,0.0],[74.09769,15.43764,0.0],[74.09922,15.43675,0.0],[74.10078,15.43478,0.0],[74.10249,15.43515,0.0],[74.10555,15.43818,0.0],[74.10407,15.44192,0.0],[74.11959,15.43358,0.0],[74.11245,15.42965,0.0],[74.1099,15.42629,0.0],[74.11021,15.42426,0.0],[74.10878,15.42012,0.0],[74.10726,15.42144,0.0],[74.10398,15.42741,0.0],[74.09142,15.42221,0.0],[74.08469,15.42051,0.0],[74.08275,15.41798,0.0],[74.07152,15.41283,0.0],[74.07272,15.41188,0.0],[74.07227,15.41148,0.0],[74.06985,15.4125,0.0],[74.06788,15.41105,0.0],[74.06436,15.41152,0.0],[74.06255,15.40834,0.0],[74.05861,15.40751,0.0],[74.05707,15.40496,0.0],[74.05535,15.40862,0.0],[74.05524,15.41111,0.0],[74.05406,15.41206,0.0],[74.0522,15.4121,0.0],[74.05151,15.41391,0.0],[74.05203,15.41676,0.0],[74.04994,15.41768,0.0],[74.04898,15.41936,0.0],[74.05276,15.42426,0.0],[74.05119,15.42818,0.0],[74.054,15.42942,0.0],[74.0542,15.43334,0.0],[74.0514,15.43486,0.0],[74.04853,15.43213,0.0],[74.04758,15.43261,0.0],[74.04672,15.43425,0.0],[74.04861,15.43693,0.0],[74.04824,15.43858,0.0],[74.04254,15.44202,0.0],[74.03915,15.44546,0.0],[74.03762,15.44559,0.0],[74.03663,15.4445,0.0],[74.03573,15.4449,0.0],[74.03507,15.44554,0.0],[74.03461,15.45007,0.0],[74.03543,15.45035,0.0],[74.0395,15.44838,0.0],[74.04164,15.45041,0.0],[74.04562,15.44573,0.0],[74.05335,15.44265,0.0],[74.05416,15.44528,0.0],[74.05373,15.44891,0.0],[74.05094,15.45486,0.0],[74.05159,15.45725,0.0],[74.05428,15.45882,0.0],[74.05984,15.45976,0.0],[74.06189,15.45985,0.0],[74.06473,15.45797,0.0],[74.0666,15.45813,0.0],[74.06832,15.46064,0.0],[74.06834,15.46208,0.0],[74.06633,15.46622,0.0],[74.06678,15.46924,0.0],[74.06769,15.46962,0.0],[74.06992,15.46893,0.0],[74.0769,15.4614,0.0],[74.07687,15.45849,0.0]]]}},{"id":"26","type":"Feature","properties":{"state":"GOA","state_code":"30","district":"NORTH GOA","district_code":585,"sub_district":"TISWADI","sub_district_code":"05611","sub_district_type":"Taluk","village":"Gancim","village_category":"Rural","village_code":"626721"},"geometry":{"type":"Polygon","coordinates":[[[73.9131,15.46204,0.0],[73.91402,15.46207,0.0],[73.91533,15.46054,0.0],[73.91534,15.45919,0.0],[73.91161,15.45223,0.0],[73.91114,15.44873,0.0],[73.90881,15.44654,0.0],[73.90238,15.44651,0.0],[73.90005,15.45265,0.0],[73.89469,15.45142,0.0],[73.89471,15.45373,0.0],[73.89311,15.45718,0.0],[73.89137,15.45762,0.0],[73.89099,15.45844,0.0],[73.89114,15.45936,0.0],[73.89535,15.45923,0.0],[73.89898,15.46309,0.0],[73.90212,15.46174,0.0],[73.90348,15.46302,0.0],[73.9069,15.46197,0.0],[73.90799,15.46435,0.0],[73.91197,15.46426,0.0],[73.9131,15.46204,0.0]]]}},{"id":"27","type":"Feature","properties":{"state":"GOA","state_code":"30","district":"NORTH GOA","district_code":585,"sub_district":"TISWADI","sub_district_code":"05611","sub_district_type":"Taluk","village":"Creek","village_category":"Others","village_code":null},"geometry":{"type":"Polygon","coordinates":[[[73.8036,15.45043,0.0],[73.8029,15.45159,0.0],[73.80452,15.45326,0.0],[73.80523,15.45637,0.0],[73.80462,15.45765,0.0],[73.80617,15.46022,0.0],[73.80707,15.45282,0.0],[73.8085,15.45232,0.0],[73.81329,15.45422,0.0],[73.81507,15.4533,0.0],[73.81569,15.45145,0.0],[73.81706,15.45055,0.0],[73.82009,15.45146,0.0],[73.82059,15.45255,0.0],[73.82076,15.4517,0.0],[73.82128,15.45248,0.0],[73.82241,15.45144,0.0],[73.82342,15.45219,0.0],[73.82874,15.45102,0.0],[73.83055,15.45175,0.0],[73.83348,15.45036,0.0],[73.83488,15.44867,0.0],[73.83666,15.44924,0.0],[73.8425,15.44569,0.0],[73.84393,15.44694,0.0],[73.84378,15.44912,0.0],[73.84737,15.45064,0.0],[73.84844,15.44973,0.0],[73.84963,15.44996,0.0],[73.85353,15.4465,0.0],[73.85358,15.44461,0.0],[73.85562,15.44418,0.0],[73.8562,15.44294,0.0],[73.85556,15.4414,0.0],[73.85782,15.44172,0.0],[73.86055,15.44018,0.0],[73.86104,15.4355,0.0],[73.86002,15.43381,0.0],[73.86123,15.43391,0.0],[73.86283,15.431,0.0],[73.86243,15.42687,0.0],[73.86617,15.42669,0.0],[73.86803,15.42744,0.0],[73.86898,15.42941,0.0],[73.87061,15.42984,0.0],[73.87319,15.42997,0.0],[73.87489,15.42847,0.0],[73.87897,15.4286,0.0],[73.87817,15.43451,0.0],[73.87703,15.43558,0.0],[73.88047,15.43375,0.0],[73.87978,15.43227,0.0],[73.88095,15.43122,0.0],[73.88339,15.43061,0.0],[73.88398,15.4315,0.0],[73.88959,15.42713,0.0],[73.89026,15.42618,0.0],[73.88966,15.42559,0.0],[73.89673,15.41469,0.0],[73.89737,15.41531,0.0],[73.89842,15.41434,0.0],[73.90638,15.41305,0.0],[73.90727,15.41269,0.0],[73.9072,15.4114,0.0],[73.89829,15.41079,0.0],[73.88612,15.41374,0.0],[73.87464,15.41777,0.0],[73.86423,15.4181,0.0],[73.85941,15.41968,0.0],[73.84925,15.42529,0.0],[73.8391,15.42852,0.0],[73.80927,15.43111,0.0],[73.78611,15.43841,0.0],[73.78777,15.46008,0.0],[73.79169,15.46003,0.0],[73.79251,15.45834,0.0],[73.79641,15.45542,0.0],[73.7983,15.45497,0.0],[73.79819,15.45368,0.0],[73.80206,15.45248,0.0],[73.80157,15.45131,0.0],[73.8036,15.45043,0.0]]]}},{"id":"28","type":"Feature","properties":{"state":"GOA","state_code":"30","district":"SOUTH GOA","district_code":586,"sub_district":"PONDA","sub_district_code":"05614","sub_district_type":"Taluk","village":"Vagurbem","village_category":"Rural","village_code":"626851"},"geometry":{"type":"Polygon","coordinates":[[[74.03525,15.46491,0.0],[74.03492,15.45785,0.0],[74.03702,15.45522,0.0],[74.03953,15.45401,0.0],[74.04142,15.44983,0.0],[74.0395,15.44838,0.0],[74.03485,15.45039,0.0],[74.02902,15.44803,0.0],[74.02722,15.44645,0.0],[74.0218,15.44614,0.0],[74.0217,15.45442,0.0],[74.01786,15.46052,0.0],[74.01853,15.46159,0.0],[74.0235,15.46267,0.0],[74.02817,15.46518,0.0],[74.02854,15.46699,0.0],[74.02686,15.46877,0.0],[74.0274,15.46902,0.0],[74.02722,15.47113,0.0],[74.02906,15.4692,0.0],[74.03414,15.46665,0.0],[74.03525,15.46491,0.0]]]}},{"id":"29","type":"Feature","properties":{"state":"GOA","state_code":"30","district":"NORTH GOA","district_code":585,"sub_district":"TISWADI","sub_district_code":"05611","sub_district_type":"Taluk","village":"Bambolim (CT)","village_category":"Rural","village_code":"626733"},"geometry":{"type":"Polygon","coordinates":[[[73.85734,15.46194,0.0],[73.8581,15.46359,0.0],[73.86621,15.4665,0.0],[73.86783,15.46924,0.0],[73.87106,15.46696,0.0],[73.86895,15.46311,0.0],[73.86935,15.46234,0.0],[73.86716,15.4626,0.0],[73.86694,15.45463,0.0],[73.8647,15.44787,0.0],[73.85391,15.44584,0.0],[73.85023,15.44969,0.0],[73.84844,15.44973,0.0],[73.84737,15.45064,0.0],[73.84378,15.44912,0.0],[73.84393,15.44694,0.0],[73.84239,15.44574,0.0],[73.83914,15.45526,0.0],[73.8399,15.45572,0.0],[73.84057,15.45457,0.0],[73.84393,15.45542,0.0],[73.8443,15.45477,0.0],[73.84742,15.45579,0.0],[73.84901,15.45778,0.0],[73.85218,15.45834,0.0],[73.8522,15.46104,0.0],[73.85734,15.46194,0.0]]]}},{"id":"30","type":"Feature","properties":{"state":"GOA","state_code":"30","district":"NORTH GOA","district_code":585,"sub_district":"SATARI","sub_district_code":"05613","sub_district_type":"Taluk","village":"Melauli","village_category":"Rural","village_code":"626840"},"geometry":{"type":"Polygon","coordinates":[[[74.1634,15.44155,0.0],[74.16083,15.44218,0.0],[74.15935,15.44107,0.0],[74.15762,15.44122,0.0],[74.15574,15.43957,0.0],[74.15361,15.4406,0.0],[74.15318,15.44175,0.0],[74.1521,15.44181,0.0],[74.15118,15.43948,0.0],[74.14843,15.43833,0.0],[74.14414,15.43905,0.0],[74.14029,15.43833,0.0],[74.13844,15.43918,0.0],[74.13714,15.43666,0.0],[74.13325,15.43495,0.0],[74.12767,15.43664,0.0],[74.12561,15.43808,0.0],[74.12436,15.43773,0.0],[74.12227,15.44155,0.0],[74.12326,15.44354,0.0],[74.12366,15.45005,0.0],[74.12033,15.45336,0.0],[74.11967,15.45689,0.0],[74.11709,15.45851,0.0],[74.11552,15.46321,0.0],[74.12055,15.46343,0.0],[74.12448,15.46504,0.0],[74.12716,15.46743,0.0],[74.13069,15.46772,0.0],[74.1347,15.46995,0.0],[74.13879,15.47081,0.0],[74.1428,15.47012,0.0],[74.14878,15.4727,0.0],[74.15468,15.4727,0.0],[74.15971,15.47676,0.0],[74.16175,15.47699,0.0],[74.16265,15.4779,0.0],[74.16574,15.47391,0.0],[74.16613,15.47156,0.0],[74.16311,15.4702,0.0],[74.16197,15.46796,0.0],[74.15578,15.46632,0.0],[74.15874,15.46208,0.0],[74.16201,15.45315,0.0],[74.16438,15.45128,0.0],[74.1685,15.44348,0.0],[74.1634,15.44155,0.0]]]}},{"id":"31","type":"Feature","properties":{"state":"GOA","state_code":"30","district":"NORTH GOA","district_code":585,"sub_district":"TISWADI","sub_district_code":"05611","sub_district_type":"Taluk","village":"Azossim","village_category":"Rural","village_code":"626719"},"geometry":{"type":"Polygon","coordinates":[[[73.92378,15.46878,0.0],[73.92541,15.46852,0.0],[73.92911,15.46554,0.0],[73.93271,15.46103,0.0],[73.93537,15.46053,0.0],[73.93515,15.45729,0.0],[73.9331,15.45243,0.0],[73.92949,15.45088,0.0],[73.92879,15.45149,0.0],[73.92709,15.451,0.0],[73.9253,15.45176,0.0],[73.92369,15.45448,0.0],[73.9191,15.45574,0.0],[73.91534,15.45919,0.0],[73.91533,15.46054,0.0],[73.91425,15.46185,0.0],[73.91285,15.46243,0.0],[73.91197,15.46426,0.0],[73.91152,15.46957,0.0],[73.91583,15.4712,0.0],[73.9178,15.47111,0.0],[73.92369,15.4672,0.0],[73.92378,15.46878,0.0]]]}},{"id":"32","type":"Feature","properties":{"state":"GOA","state_code":"30","district":"NORTH GOA","district_code":585,"sub_district":"TISWADI","sub_district_code":"05611","sub_district_type":"Taluk","village":"Curca","village_category":"Rural","village_code":"626723"},"geometry":{"type":"Polygon","coordinates":[[[73.8782,15.46762,0.0],[73.87746,15.46554,0.0],[73.88024,15.46145,0.0],[73.8822,15.46213,0.0],[73.88203,15.46107,0.0],[73.8811,15.45861,0.0],[73.87609,15.45669,0.0],[73.874,15.4506,0.0],[73.87561,15.44689,0.0],[73.87442,15.44428,0.0],[73.87196,15.44303,0.0],[73.86738,15.44803,0.0],[73.8647,15.44787,0.0],[73.86694,15.45463,0.0],[73.86716,15.4626,0.0],[73.86935,15.46234,0.0],[73.86895,15.46311,0.0],[73.87005,15.46552,0.0],[73.87455,15.46997,0.0],[73.8776,15.46874,0.0],[73.8782,15.46762,0.0]]]}},{"id":"33","type":"Feature","properties":{"state":"GOA","state_code":"30","district":"SOUTH GOA","district_code":586,"sub_district":"PONDA","sub_district_code":"05614","sub_district_type":"Taluk","village":"Queula","village_category":"Rural","village_code":"626871"},"geometry":{"type":"Polygon","coordinates":[[[73.99677,15.39918,0.0],[73.99784,15.39746,0.0],[73.99612,15.39426,0.0],[73.9973,15.38838,0.0],[73.99867,15.38715,0.0],[74.00194,15.38877,0.0],[74.00585,15.3886,0.0],[74.0063,15.395,0.0],[74.00895,15.39317,0.0],[74.01044,15.39332,0.0],[74.01053,15.39423,0.0],[74.01209,15.3938,0.0],[74.0134,15.39194,0.0],[74.0107,15.38898,0.0],[74.00901,15.38473,0.0],[74.00991,15.37949,0.0],[74.01179,15.37788,0.0],[74.0065,15.37431,0.0],[74.00006,15.37307,0.0],[73.99519,15.37716,0.0],[73.99025,15.38404,0.0],[73.98749,15.38654,0.0],[73.98448,15.3882,0.0],[73.98095,15.38873,0.0],[73.97884,15.39049,0.0],[73.97955,15.39199,0.0],[73.98232,15.3922,0.0],[73.98585,15.39674,0.0],[73.98705,15.39637,0.0],[73.98793,15.39847,0.0],[73.9905,15.39963,0.0],[73.99269,15.39961,0.0],[73.99391,15.40197,0.0],[73.99673,15.40353,0.0],[73.99865,15.40338,0.0],[74.00017,15.40159,0.0],[73.99677,15.39918,0.0]]]}},{"id":"34","type":"Feature","properties":{"state":"GOA","state_code":"30","district":"NORTH GOA","district_code":585,"sub_district":"SATARI","sub_district_code":"05613","sub_district_type":"Taluk","village":"Guleli","village_category":"Rural","village_code":"626828"},"geometry":{"type":"Polygon","coordinates":[[[74.12375,15.47054,0.0],[74.12478,15.46822,0.0],[74.12716,15.46743,0.0],[74.12448,15.46504,0.0],[74.12115,15.46396,0.0],[74.12023,15.46609,0.0],[74.11578,15.46854,0.0],[74.11505,15.47031,0.0],[74.11292,15.46945,0.0],[74.11317,15.46688,0.0],[74.11128,15.46625,0.0],[74.11051,15.4696,0.0],[74.10735,15.47018,0.0],[74.10766,15.47261,0.0],[74.10665,15.4739,0.0],[74.10253,15.47263,0.0],[74.10433,15.47795,0.0],[74.10878,15.48144,0.0],[74.11079,15.48091,0.0],[74.11315,15.47778,0.0],[74.11899,15.4759,0.0],[74.12375,15.47054,0.0]]]}},{"id":"35","type":"Feature","properties":{"state":"GOA","state_code":"30","district":"SOUTH GOA","district_code":586,"sub_district":"PONDA","sub_district_code":"05614","sub_district_type":"Taluk","village":"Cuncoliem","village_category":"Rural","village_code":"626849"},"geometry":{"type":"Polygon","coordinates":[[[73.9854,15.45116,0.0],[73.97962,15.45079,0.0],[73.97745,15.44909,0.0],[73.97325,15.4479,0.0],[73.96616,15.44999,0.0],[73.96506,15.45379,0.0],[73.96891,15.45734,0.0],[73.97467,15.46107,0.0],[73.97309,15.46298,0.0],[73.97271,15.46768,0.0],[73.97439,15.47019,0.0],[73.97793,15.47354,0.0],[73.98425,15.4767,0.0],[73.9903,15.4726,0.0],[73.99252,15.47013,0.0],[73.98652,15.46174,0.0],[73.98657,15.46074,0.0],[73.98971,15.4586,0.0],[73.99066,15.4565,0.0],[73.98725,15.4523,0.0],[73.9854,15.45116,0.0]]]}},{"id":"36","type":"Feature","properties":{"state":"GOA","state_code":"30","district":"NORTH GOA","district_code":585,"sub_district":"SATARI","sub_district_code":"05613","sub_district_type":"Taluk","village":"Damocem","village_category":"Rural","village_code":"626831"},"geometry":{"type":"Polygon","coordinates":[[[74.13615,15.47542,0.0],[74.13443,15.47206,0.0],[74.1347,15.46995,0.0],[74.13069,15.46772,0.0],[74.12569,15.46762,0.0],[74.11899,15.4759,0.0],[74.12228,15.48049,0.0],[74.12663,15.48357,0.0],[74.12982,15.48425,0.0],[74.13405,15.48337,0.0],[74.13615,15.47542,0.0]]]}},{"id":"37","type":"Feature","properties":{"state":"GOA","state_code":"30","district":"NORTH GOA","district_code":585,"sub_district":"TISWADI","sub_district_code":"05611","sub_district_type":"Taluk","village":"Cujira (OG)","village_category":"Rural","village_code":"626740"},"geometry":{"type":"Polygon","coordinates":[[[73.86789,15.46904,0.0],[73.86621,15.4665,0.0],[73.85672,15.46323,0.0],[73.85623,15.46438,0.0],[73.85428,15.46438,0.0],[73.85342,15.46583,0.0],[73.85111,15.4659,0.0],[73.8488,15.4723,0.0],[73.85281,15.47427,0.0],[73.85374,15.47553,0.0],[73.85897,15.47646,0.0],[73.86242,15.47152,0.0],[73.86789,15.46904,0.0]]]}},{"id":"38","type":"Feature","properties":{"state":"GOA","state_code":"30","district":"NORTH GOA","district_code":585,"sub_district":"TISWADI","sub_district_code":"05611","sub_district_type":"Taluk","village":"Durgavado (OG)","village_category":"Rural","village_code":"645599"},"geometry":{"type":"Polygon","coordinates":[[[73.82833,15.4743,0.0],[73.83037,15.47454,0.0],[73.82951,15.47365,0.0],[73.82972,15.47138,0.0],[73.82871,15.47083,0.0],[73.82592,15.47203,0.0],[73.82629,15.47535,0.0],[73.82667,15.47599,0.0],[73.82782,15.47579,0.0],[73.82833,15.4743,0.0]]]}},{"id":"39","type":"Feature","properties":{"state":"GOA","state_code":"30","district":"NORTH GOA","district_code":585,"sub_district":"TISWADI","sub_district_code":"05611","sub_district_type":"Taluk","village":"Goalim Moula","village_category":"Rural","village_code":"626717"},"geometry":{"type":"Polygon","coordinates":[[[73.91197,15.46426,0.0],[73.90799,15.46435,0.0],[73.9069,15.46197,0.0],[73.90348,15.46302,0.0],[73.90212,15.46174,0.0],[73.89898,15.46309,0.0],[73.89511,15.45912,0.0],[73.89114,15.45936,0.0],[73.88827,15.46078,0.0],[73.88587,15.45912,0.0],[73.88454,15.45941,0.0],[73.88516,15.46195,0.0],[73.88908,15.46481,0.0],[73.89292,15.46583,0.0],[73.89376,15.46521,0.0],[73.89723,15.46661,0.0],[73.8973,15.47195,0.0],[73.90113,15.475,0.0],[73.90085,15.47697,0.0],[73.90229,15.47855,0.0],[73.90277,15.48199,0.0],[73.90477,15.48208,0.0],[73.90667,15.48002,0.0],[73.90779,15.4806,0.0],[73.90957,15.47957,0.0],[73.91086,15.4799,0.0],[73.91197,15.46426,0.0]]]}},{"id":"40","type":"Feature","properties":{"state":"GOA","state_code":"30","district":"SOUTH GOA","district_code":586,"sub_district":"PONDA","sub_district_code":"05614","sub_district_type":"Taluk","village":"Cundaim","village_category":"Rural","village_code":"626855"},"geometry":{"type":"Polygon","coordinates":[[[73.97309,15.46298,0.0],[73.97467,15.46107,0.0],[73.96891,15.45734,0.0],[73.96506,15.45379,0.0],[73.96236,15.44807,0.0],[73.96221,15.44449,0.0],[73.96407,15.43925,0.0],[73.96615,15.43615,0.0],[73.96453,15.43165,0.0],[73.9632,15.43007,0.0],[73.96033,15.43169,0.0],[73.95603,15.43153,0.0],[73.95294,15.43252,0.0],[73.94736,15.43183,0.0],[73.94309,15.43645,0.0],[73.94682,15.43869,0.0],[73.94701,15.44145,0.0],[73.9453,15.44628,0.0],[73.94526,15.44869,0.0],[73.94595,15.45309,0.0],[73.94879,15.45865,0.0],[73.9505,15.45971,0.0],[73.95488,15.4601,0.0],[73.95704,15.46145,0.0],[73.95815,15.4647,0.0],[73.95756,15.46867,0.0],[73.96228,15.46648,0.0],[73.96569,15.46759,0.0],[73.97271,15.46768,0.0],[73.97309,15.46298,0.0]]]}},{"id":"41","type":"Feature","properties":{"state":"GOA","state_code":"30","district":"NORTH GOA","district_code":585,"sub_district":"SATARI","sub_district_code":"05613","sub_district_type":"Taluk","village":"Sirsodem","village_category":"Rural","village_code":"626835"},"geometry":{"type":"Polygon","coordinates":[[[74.20082,15.48147,0.0],[74.19855,15.47849,0.0],[74.19593,15.47988,0.0],[74.19264,15.47943,0.0],[74.19,15.48059,0.0],[74.18531,15.48019,0.0],[74.18155,15.47797,0.0],[74.17851,15.47852,0.0],[74.17959,15.48104,0.0],[74.1824,15.48348,0.0],[74.18556,15.48824,0.0],[74.19524,15.49128,0.0],[74.19713,15.49388,0.0],[74.20072,15.49507,0.0],[74.20224,15.49642,0.0],[74.20381,15.49028,0.0],[74.20608,15.48599,0.0],[74.20513,15.48418,0.0],[74.20542,15.48321,0.0],[74.20082,15.48147,0.0]]]}},{"id":"42","type":"Feature","properties":{"state":"GOA","state_code":"30","district":"NORTH GOA","district_code":585,"sub_district":"SATARI","sub_district_code":"05613","sub_district_type":"Taluk","village":"Padeli","village_category":"Rural","village_code":"626829"},"geometry":{"type":"Polygon","coordinates":[[[74.11881,15.49106,0.0],[74.11845,15.4893,0.0],[74.12022,15.48734,0.0],[74.12228,15.48049,0.0],[74.11899,15.4759,0.0],[74.11315,15.47778,0.0],[74.11079,15.48091,0.0],[74.10942,15.48149,0.0],[74.10869,15.48375,0.0],[74.1091,15.48714,0.0],[74.11399,15.48909,0.0],[74.11527,15.49317,0.0],[74.11692,15.49321,0.0],[74.11881,15.49106,0.0]]]}},{"id":"43","type":"Feature","properties":{"state":"GOA","state_code":"30","district":"NORTH GOA","district_code":585,"sub_district":"SATARI","sub_district_code":"05613","sub_district_type":"Taluk","village":"Cotorem","village_category":"Rural","village_code":"626832"},"geometry":{"type":"Polygon","coordinates":[[[74.15198,15.49067,0.0],[74.15345,15.4906,0.0],[74.15628,15.48826,0.0],[74.15949,15.48304,0.0],[74.16276,15.47959,0.0],[74.16265,15.4779,0.0],[74.16175,15.47699,0.0],[74.15971,15.47676,0.0],[74.15468,15.4727,0.0],[74.14878,15.4727,0.0],[74.1428,15.47012,0.0],[74.13879,15.47081,0.0],[74.1347,15.46995,0.0],[74.13443,15.47206,0.0],[74.13615,15.47542,0.0],[74.13405,15.48337,0.0],[74.13881,15.48456,0.0],[74.13956,15.48597,0.0],[74.14012,15.49234,0.0],[74.14144,15.49228,0.0],[74.14511,15.49477,0.0],[74.15198,15.49067,0.0]]]}},{"id":"44","type":"Feature","properties":{"state":"GOA","state_code":"30","district":"NORTH GOA","district_code":585,"sub_district":"BICHOLIM","sub_district_code":"05612","sub_district_type":"Taluk","village":"Cotombi","village_category":"Rural","village_code":"626760"},"geometry":{"type":"Polygon","coordinates":[[[74.02867,15.46949,0.0],[74.02628,15.47275,0.0],[74.03122,15.4757,0.0],[74.03139,15.47799,0.0],[74.02511,15.47883,0.0],[74.02295,15.48082,0.0],[74.02244,15.4872,0.0],[74.0246,15.48778,0.0],[74.02771,15.49084,0.0],[74.02887,15.49011,0.0],[74.02962,15.49087,0.0],[74.03402,15.48775,0.0],[74.03524,15.4861,0.0],[74.03595,15.48277,0.0],[74.03935,15.47946,0.0],[74.04152,15.47509,0.0],[74.04188,15.46951,0.0],[74.03414,15.46665,0.0],[74.02867,15.46949,0.0]]]}},{"id":"45","type":"Feature","properties":{"state":"GOA","state_code":"30","district":"SOUTH GOA","district_code":586,"sub_district":"PONDA","sub_district_code":"05614","sub_district_type":"Taluk","village":"Querim","village_category":"Rural","village_code":"626850"},"geometry":{"type":"Polygon","coordinates":[[[73.99784,15.47572,0.0],[74.00038,15.47507,0.0],[74.00214,15.4727,0.0],[74.0078,15.46956,0.0],[74.01113,15.4651,0.0],[74.01295,15.46517,0.0],[74.01363,15.46337,0.0],[74.01613,15.46291,0.0],[74.01786,15.46052,0.0],[74.0217,15.45442,0.0],[74.02124,15.44279,0.0],[74.02387,15.43667,0.0],[74.02186,15.43611,0.0],[74.01681,15.43658,0.0],[74.00905,15.43953,0.0],[74.00828,15.44346,0.0],[74.00621,15.44442,0.0],[73.99805,15.44233,0.0],[73.99646,15.44335,0.0],[73.99695,15.4462,0.0],[73.99405,15.44752,0.0],[73.99104,15.44753,0.0],[73.98817,15.45008,0.0],[73.98725,15.4523,0.0],[73.99066,15.4565,0.0],[73.98971,15.4586,0.0],[73.98657,15.46074,0.0],[73.98652,15.46174,0.0],[73.99252,15.47013,0.0],[73.9903,15.4726,0.0],[73.98484,15.47606,0.0],[73.98258,15.47901,0.0],[73.98161,15.48357,0.0],[73.98326,15.49,0.0],[73.98597,15.4896,0.0],[73.98822,15.48732,0.0],[73.99031,15.48349,0.0],[73.98966,15.48048,0.0],[73.99784,15.47572,0.0]]]}},{"id":"46","type":"Feature","properties":{"state":"GOA","state_code":"30","district":"NORTH GOA","district_code":585,"sub_district":"SATARI","sub_district_code":"05613","sub_district_type":"Taluk","village":"Birondem","village_category":"Rural","village_code":"626830"},"geometry":{"type":"Polygon","coordinates":[[[74.13956,15.48597,0.0],[74.13839,15.48417,0.0],[74.13405,15.48337,0.0],[74.12982,15.48425,0.0],[74.12663,15.48357,0.0],[74.12228,15.48049,0.0],[74.12022,15.48734,0.0],[74.11845,15.4893,0.0],[74.11881,15.49106,0.0],[74.11692,15.49321,0.0],[74.12088,15.49452,0.0],[74.12322,15.4967,0.0],[74.14012,15.49234,0.0],[74.13956,15.48597,0.0]]]}},{"id":"47","type":"Feature","properties":{"state":"GOA","state_code":"30","district":"NORTH GOA","district_code":585,"sub_district":"TISWADI","sub_district_code":"05611","sub_district_type":"Taluk","village":"Taleigao","village_category":"Rural","village_code":"645598"},"geometry":{"type":"Polygon","coordinates":[[[73.82177,15.48196,0.0],[73.82372,15.48125,0.0],[73.82482,15.47877,0.0],[73.82549,15.47947,0.0],[73.82675,15.47913,0.0],[73.8266,15.47776,0.0],[73.82808,15.47681,0.0],[73.82782,15.47579,0.0],[73.82667,15.47599,0.0],[73.82629,15.47535,0.0],[73.82592,15.47203,0.0],[73.82896,15.47021,0.0],[73.82769,15.46354,0.0],[73.8317,15.46253,0.0],[73.83308,15.46091,0.0],[73.83322,15.45371,0.0],[73.83239,15.45071,0.0],[73.83055,15.45175,0.0],[73.82874,15.45102,0.0],[73.82342,15.45219,0.0],[73.82241,15.45144,0.0],[73.82235,15.45214,0.0],[73.82096,15.45251,0.0],[73.82086,15.45167,0.0],[73.82062,15.45255,0.0],[73.82009,15.45146,0.0],[73.81706,15.45055,0.0],[73.81569,15.45145,0.0],[73.81507,15.4533,0.0],[73.81344,15.45421,0.0],[73.80899,15.45236,0.0],[73.80707,15.45282,0.0],[73.80617,15.46022,0.0],[73.80673,15.46215,0.0],[73.8093,15.46513,0.0],[73.80974,15.4679,0.0],[73.81056,15.46767,0.0],[73.81177,15.46983,0.0],[73.8124,15.46971,0.0],[73.81292,15.47263,0.0],[73.81399,15.47251,0.0],[73.81316,15.47291,0.0],[73.81389,15.47514,0.0],[73.8134,15.47924,0.0],[73.81468,15.47943,0.0],[73.81464,15.48041,0.0],[73.81752,15.48062,0.0],[73.81909,15.48593,0.0],[73.82055,15.48575,0.0],[73.82177,15.48196,0.0]]]}},{"id":"48","type":"Feature","properties":{"state":"GOA","state_code":"30","district":"NORTH GOA","district_code":585,"sub_district":"TISWADI","sub_district_code":"05611","sub_district_type":"Taluk","village":"Talaulim","village_category":"Rural","village_code":"626716"},"geometry":{"type":"Polygon","coordinates":[[[73.88112,15.45913,0.0],[73.8822,15.46213,0.0],[73.88024,15.46145,0.0],[73.87746,15.46554,0.0],[73.8782,15.46762,0.0],[73.87695,15.47046,0.0],[73.87744,15.47445,0.0],[73.87983,15.47795,0.0],[73.88075,15.48121,0.0],[73.885,15.48155,0.0],[73.88875,15.48384,0.0],[73.88844,15.48531,0.0],[73.89033,15.48652,0.0],[73.88909,15.48913,0.0],[73.89234,15.48839,0.0],[73.89633,15.48998,0.0],[73.89935,15.48334,0.0],[73.90063,15.48199,0.0],[73.90277,15.48199,0.0],[73.90229,15.47855,0.0],[73.90085,15.47697,0.0],[73.90113,15.475,0.0],[73.89755,15.47249,0.0],[73.8968,15.46968,0.0],[73.89723,15.46661,0.0],[73.89376,15.46521,0.0],[73.89292,15.46583,0.0],[73.88908,15.46481,0.0],[73.88516,15.46195,0.0],[73.8847,15.46029,0.0],[73.88112,15.45913,0.0]]]}},{"id":"49","type":"Feature","properties":{"state":"GOA","state_code":"30","district":"NORTH GOA","district_code":585,"sub_district":"BICHOLIM","sub_district_code":"05612","sub_district_type":"Taluk","village":"Pale","village_category":"Rural","village_code":"626764"},"geometry":{"type":"Polygon","coordinates":[[[74.08499,15.47736,0.0],[74.09132,15.47529,0.0],[74.0954,15.46803,0.0],[74.08309,15.46524,0.0],[74.07829,15.46047,0.0],[74.06992,15.46893,0.0],[74.06829,15.46961,0.0],[74.06678,15.46924,0.0],[74.06633,15.46622,0.0],[74.06839,15.46142,0.0],[74.0666,15.45813,0.0],[74.06473,15.45797,0.0],[74.06189,15.45985,0.0],[74.05714,15.45959,0.0],[74.0527,15.45809,0.0],[74.05103,15.45652,0.0],[74.05094,15.45486,0.0],[74.05353,15.45013,0.0],[74.05393,15.44314,0.0],[74.0526,15.44265,0.0],[74.04616,15.44539,0.0],[74.04671,15.44727,0.0],[74.04553,15.44943,0.0],[74.04593,15.45112,0.0],[74.04411,15.45328,0.0],[74.04231,15.4601,0.0],[74.04486,15.46447,0.0],[74.04424,15.46963,0.0],[74.04555,15.47291,0.0],[74.0488,15.47522,0.0],[74.0488,15.47691,0.0],[74.05094,15.47955,0.0],[74.0565,15.48314,0.0],[74.05743,15.48725,0.0],[74.07116,15.49761,0.0],[74.06989,15.49462,0.0],[74.06983,15.49159,0.0],[74.07341,15.4849,0.0],[74.08107,15.48021,0.0],[74.08311,15.48021,0.0],[74.08499,15.47736,0.0]]]}},{"id":"50","type":"Feature","properties":{"state":"GOA","state_code":"30","district":"NORTH GOA","district_code":585,"sub_district":"TISWADI","sub_district_code":"05611","sub_district_type":"Taluk","village":"Calapor (CT)","village_category":"Rural","village_code":"626732"},"geometry":{"type":"Polygon","coordinates":[[[73.84532,15.48372,0.0],[73.84462,15.48129,0.0],[73.84697,15.48091,0.0],[73.84904,15.47501,0.0],[73.8516,15.47549,0.0],[73.85218,15.47437,0.0],[73.8488,15.4723,0.0],[73.85111,15.4659,0.0],[73.85342,15.46583,0.0],[73.85428,15.46438,0.0],[73.858,15.4634,0.0],[73.85734,15.46194,0.0],[73.8522,15.46104,0.0],[73.85218,15.45834,0.0],[73.84901,15.45778,0.0],[73.84742,15.45579,0.0],[73.84057,15.45457,0.0],[73.8399,15.45572,0.0],[73.83934,15.45549,0.0],[73.84017,15.4514,0.0],[73.84234,15.44677,0.0],[73.84176,15.44614,0.0],[73.83666,15.44924,0.0],[73.83488,15.44867,0.0],[73.83239,15.45071,0.0],[73.83322,15.45371,0.0],[73.83268,15.46205,0.0],[73.82769,15.46354,0.0],[73.82896,15.46961,0.0],[73.82786,15.47094,0.0],[73.82956,15.47114,0.0],[73.82951,15.47365,0.0],[73.83037,15.47454,0.0],[73.82833,15.4743,0.0],[73.82808,15.47681,0.0],[73.82638,15.47863,0.0],[73.82767,15.48,0.0],[73.83191,15.4814,0.0],[73.83147,15.48322,0.0],[73.83255,15.48425,0.0],[73.83326,15.48398,0.0],[73.833,15.48584,0.0],[73.83672,15.48589,0.0],[73.83649,15.48716,0.0],[73.84025,15.48845,0.0],[73.83998,15.48773,0.0],[73.84532,15.48372,0.0]]]}},{"id":"51","type":"Feature","properties":{"state":"GOA","state_code":"30","district":"NORTH GOA","district_code":585,"sub_district":"SATARI","sub_district_code":"05613","sub_district_type":"Taluk","village":"Vantem","village_category":"Rural","village_code":"626827"},"geometry":{"type":"Polygon","coordinates":[[[74.10281,15.49195,0.0],[74.10431,15.4875,0.0],[74.10867,15.48552,0.0],[74.10942,15.48149,0.0],[74.1064,15.48001,0.0],[74.10433,15.47795,0.0],[74.10253,15.47263,0.0],[74.10102,15.47116,0.0],[74.09779,15.4684,0.0],[74.0954,15.46803,0.0],[74.09132,15.47529,0.0],[74.08499,15.47736,0.0],[74.08311,15.48021,0.0],[74.08583,15.48197,0.0],[74.08476,15.48465,0.0],[74.08469,15.48775,0.0],[74.08365,15.48862,0.0],[74.08516,15.49162,0.0],[74.08433,15.49344,0.0],[74.08861,15.49759,0.0],[74.09618,15.50079,0.0],[74.09673,15.49743,0.0],[74.10281,15.49195,0.0]]]}},{"id":"52","type":"Feature","properties":{"state":"GOA","state_code":"30","district":"NORTH GOA","district_code":585,"sub_district":"SATARI","sub_district_code":"05613","sub_district_type":"Taluk","village":"Xelopo Curdo","village_category":"Rural","village_code":"626833"},"geometry":{"type":"Polygon","coordinates":[[[74.17961,15.47582,0.0],[74.17815,15.47431,0.0],[74.17786,15.47196,0.0],[74.17108,15.46986,0.0],[74.17003,15.46832,0.0],[74.1664,15.47101,0.0],[74.16574,15.47391,0.0],[74.16265,15.4779,0.0],[74.16276,15.47959,0.0],[74.15722,15.48654,0.0],[74.15903,15.48749,0.0],[74.15905,15.48891,0.0],[74.1631,15.49228,0.0],[74.16589,15.49299,0.0],[74.16692,15.49251,0.0],[74.1711,15.49791,0.0],[74.17279,15.49857,0.0],[74.17728,15.48966,0.0],[74.17715,15.48758,0.0],[74.17565,15.48538,0.0],[74.17961,15.47582,0.0]]]}},{"id":"53","type":"Feature","properties":{"state":"GOA","state_code":"30","district":"SOUTH GOA","district_code":586,"sub_district":"PONDA","sub_district_code":"05614","sub_district_type":"Taluk","village":"Adcolna","village_category":"Rural","village_code":"626847"},"geometry":{"type":"Polygon","coordinates":[[[73.98326,15.49,0.0],[73.98161,15.48357,0.0],[73.98258,15.47901,0.0],[73.97234,15.47796,0.0],[73.9656,15.47999,0.0],[73.96263,15.482,0.0],[73.96024,15.48513,0.0],[73.95731,15.48346,0.0],[73.95556,15.48435,0.0],[73.95583,15.49001,0.0],[73.95456,15.4951,0.0],[73.95951,15.49278,0.0],[73.96154,15.49393,0.0],[73.97414,15.49132,0.0],[73.97776,15.49152,0.0],[73.97806,15.49308,0.0],[73.98326,15.49,0.0]]]}},{"id":"54","type":"Feature","properties":{"state":"GOA","state_code":"30","district":"NORTH GOA","district_code":585,"sub_district":"TISWADI","sub_district_code":"05611","sub_district_type":"Taluk","village":"Carambolim","village_category":"Rural","village_code":"626718"},"geometry":{"type":"Polygon","coordinates":[[[73.93194,15.49332,0.0],[73.93184,15.49225,0.0],[73.93289,15.49251,0.0],[73.93488,15.48903,0.0],[73.93387,15.48347,0.0],[73.9361,15.48221,0.0],[73.93755,15.48316,0.0],[73.94016,15.48213,0.0],[73.94413,15.47949,0.0],[73.94634,15.47916,0.0],[73.94795,15.47682,0.0],[73.95114,15.47631,0.0],[73.95249,15.47284,0.0],[73.95648,15.46945,0.0],[73.9579,15.46638,0.0],[73.95804,15.46348,0.0],[73.95704,15.46145,0.0],[73.95488,15.4601,0.0],[73.94936,15.45917,0.0],[73.94659,15.45475,0.0],[73.94522,15.44749,0.0],[73.94701,15.44145,0.0],[73.94652,15.43815,0.0],[73.94002,15.43527,0.0],[73.93654,15.43491,0.0],[73.93701,15.4416,0.0],[73.93512,15.44379,0.0],[73.93277,15.44441,0.0],[73.93229,15.44888,0.0],[73.92949,15.45088,0.0],[73.9331,15.45243,0.0],[73.93515,15.45729,0.0],[73.93537,15.46053,0.0],[73.93271,15.46103,0.0],[73.92911,15.46554,0.0],[73.92541,15.46852,0.0],[73.92378,15.46878,0.0],[73.92369,15.4672,0.0],[73.91934,15.47046,0.0],[73.91681,15.47129,0.0],[73.91152,15.46957,0.0],[73.91132,15.47981,0.0],[73.913,15.48087,0.0],[73.91383,15.48366,0.0],[73.91832,15.48479,0.0],[73.91794,15.48603,0.0],[73.92038,15.49034,0.0],[73.92006,15.49213,0.0],[73.92165,15.49163,0.0],[73.92263,15.49441,0.0],[73.9264,15.49361,0.0],[73.93043,15.4946,0.0],[73.93194,15.49332,0.0]]]}},{"id":"55","type":"Feature","properties":{"state":"GOA","state_code":"30","district":"SOUTH GOA","district_code":586,"sub_district":"PONDA","sub_district_code":"05614","sub_district_type":"Taluk","village":"Volvoi","village_category":"Rural","village_code":"626845"},"geometry":{"type":"Polygon","coordinates":[[[74.0174,15.4959,0.0],[74.01557,15.49331,0.0],[74.01452,15.48829,0.0],[74.01525,15.48701,0.0],[74.01297,15.48692,0.0],[74.01052,15.48573,0.0],[74.0036,15.49441,0.0],[74.00605,15.49797,0.0],[74.0174,15.4959,0.0]]]}},{"id":"56","type":"Feature","properties":{"state":"GOA","state_code":"30","district":"NORTH GOA","district_code":585,"sub_district":"SATARI","sub_district_code":"05613","sub_district_type":"Taluk","village":"Ponocem","village_category":"Rural","village_code":"626826"},"geometry":{"type":"Polygon","coordinates":[[[74.08433,15.49344,0.0],[74.08516,15.49162,0.0],[74.0837,15.48932,0.0],[74.08469,15.48775,0.0],[74.08476,15.48465,0.0],[74.08583,15.48197,0.0],[74.08474,15.48078,0.0],[74.08107,15.48021,0.0],[74.07341,15.4849,0.0],[74.06983,15.49159,0.0],[74.06989,15.49462,0.0],[74.07117,15.4977,0.0],[74.06845,15.50168,0.0],[74.07189,15.50325,0.0],[74.07485,15.50151,0.0],[74.07788,15.50088,0.0],[74.08153,15.49814,0.0],[74.08767,15.49667,0.0],[74.08433,15.49344,0.0]]]}},{"id":"57","type":"Feature","properties":{"state":"GOA","state_code":"30","district":"NORTH GOA","district_code":585,"sub_district":"TISWADI","sub_district_code":"05611","sub_district_type":"Taluk","village":"Renovadi (OG)","village_category":"Rural","village_code":"626738"},"geometry":{"type":"Polygon","coordinates":[[[73.85273,15.48832,0.0],[73.8496,15.49185,0.0],[73.84939,15.49352,0.0],[73.85358,15.49406,0.0],[73.85494,15.49219,0.0],[73.85383,15.49084,0.0],[73.8551,15.48953,0.0],[73.85273,15.48832,0.0]]]}},{"id":"58","type":"Feature","properties":{"state":"GOA","state_code":"30","district":"SOUTH GOA","district_code":586,"sub_district":"PONDA","sub_district_code":"05614","sub_district_type":"Taluk","village":"Savoi Verem","village_category":"Rural","village_code":"626846"},"geometry":{"type":"Polygon","coordinates":[[[74.00605,15.49797,0.0],[74.00388,15.49516,0.0],[74.00388,15.49362,0.0],[74.01052,15.48573,0.0],[74.01297,15.48692,0.0],[74.01525,15.48701,0.0],[74.01452,15.48829,0.0],[74.01557,15.49331,0.0],[74.0174,15.4959,0.0],[74.02104,15.49228,0.0],[74.02227,15.48946,0.0],[74.02283,15.48143,0.0],[74.0236,15.47966,0.0],[74.02553,15.47872,0.0],[74.03091,15.47828,0.0],[74.03164,15.47747,0.0],[74.03069,15.47516,0.0],[74.02628,15.47275,0.0],[74.02722,15.47113,0.0],[74.0274,15.46902,0.0],[74.02686,15.46877,0.0],[74.02854,15.46699,0.0],[74.02786,15.46483,0.0],[74.0235,15.46267,0.0],[74.01853,15.46159,0.0],[74.01786,15.46052,0.0],[74.01613,15.46291,0.0],[74.01363,15.46337,0.0],[74.01295,15.46517,0.0],[74.01113,15.4651,0.0],[74.0078,15.46956,0.0],[74.00214,15.4727,0.0],[74.00038,15.47507,0.0],[73.99784,15.47572,0.0],[73.9938,15.47855,0.0],[73.99483,15.48001,0.0],[73.99329,15.4847,0.0],[73.99652,15.49117,0.0],[73.99509,15.49542,0.0],[73.9953,15.49689,0.0],[73.99977,15.50167,0.0],[74.0018,15.49968,0.0],[74.00605,15.49797,0.0]]]}},{"id":"59","type":"Feature","properties":{"state":"GOA","state_code":"30","district":"NORTH GOA","district_code":585,"sub_district":"SATARI","sub_district_code":"05613","sub_district_type":"Taluk","village":"Sanvorcem","village_category":"Rural","village_code":"626824"},"geometry":{"type":"Polygon","coordinates":[[[74.12322,15.4967,0.0],[74.12171,15.50036,0.0],[74.12222,15.50376,0.0],[74.12612,15.5073,0.0],[74.1294,15.50691,0.0],[74.13666,15.50951,0.0],[74.13706,15.50358,0.0],[74.14118,15.49544,0.0],[74.14012,15.49234,0.0],[74.12322,15.4967,0.0]]]}},{"id":"60","type":"Feature","properties":{"state":"GOA","state_code":"30","district":"NORTH GOA","district_code":585,"sub_district":"TISWADI","sub_district_code":"05611","sub_district_type":"Taluk","village":"Chimbel (CT)","village_category":"Rural","village_code":"626730"},"geometry":{"type":"Polygon","coordinates":[[[73.87081,15.49827,0.0],[73.87485,15.49835,0.0],[73.8788,15.4956,0.0],[73.88552,15.49457,0.0],[73.88898,15.49122,0.0],[73.88844,15.49037,0.0],[73.89033,15.48652,0.0],[73.88844,15.48531,0.0],[73.88875,15.48384,0.0],[73.885,15.48155,0.0],[73.88075,15.48121,0.0],[73.87726,15.48255,0.0],[73.87672,15.48429,0.0],[73.87271,15.48576,0.0],[73.87338,15.48973,0.0],[73.87279,15.49179,0.0],[73.86956,15.49221,0.0],[73.86649,15.49466,0.0],[73.86165,15.49631,0.0],[73.86006,15.4982,0.0],[73.8607,15.49935,0.0],[73.86574,15.49942,0.0],[73.86623,15.5001,0.0],[73.87081,15.49827,0.0]]]}},{"id":"61","type":"Feature","properties":{"state":"GOA","state_code":"30","district":"NORTH GOA","district_code":585,"sub_district":"TISWADI","sub_district_code":"05611","sub_district_type":"Taluk","village":"Panelim (OG)","village_category":"Rural","village_code":"626736"},"geometry":{"type":"Polygon","coordinates":[[[73.89389,15.49923,0.0],[73.89625,15.49585,0.0],[73.89563,15.49295,0.0],[73.89672,15.49057,0.0],[73.89234,15.48839,0.0],[73.88909,15.48913,0.0],[73.88844,15.49037,0.0],[73.88898,15.49122,0.0],[73.88429,15.4951,0.0],[73.88663,15.50112,0.0],[73.89469,15.50153,0.0],[73.89389,15.49923,0.0]]]}},{"id":"62","type":"Feature","properties":{"state":"GOA","state_code":"30","district":"NORTH GOA","district_code":585,"sub_district":"TISWADI","sub_district_code":"05611","sub_district_type":"Taluk","village":"Bainguinim","village_category":"Rural","village_code":"626715"},"geometry":{"type":"Polygon","coordinates":[[[73.90698,15.50177,0.0],[73.90771,15.50161,0.0],[73.9073,15.49936,0.0],[73.90648,15.49906,0.0],[73.90707,15.49711,0.0],[73.90868,15.4954,0.0],[73.91041,15.49521,0.0],[73.9101,15.49351,0.0],[73.90759,15.48985,0.0],[73.91128,15.49235,0.0],[73.91143,15.49139,0.0],[73.91086,15.4799,0.0],[73.91029,15.47959,0.0],[73.90779,15.4806,0.0],[73.90667,15.48002,0.0],[73.90449,15.48217,0.0],[73.90063,15.48199,0.0],[73.89935,15.48334,0.0],[73.89633,15.48998,0.0],[73.89672,15.49057,0.0],[73.89563,15.49295,0.0],[73.89625,15.49585,0.0],[73.89389,15.49923,0.0],[73.89469,15.50153,0.0],[73.90655,15.50456,0.0],[73.90698,15.50177,0.0]]]}},{"id":"63","type":"Feature","properties":{"state":"GOA","state_code":"30","district":"NORTH GOA","district_code":585,"sub_district":"BICHOLIM","sub_district_code":"05612","sub_district_type":"Taluk","village":"Velguem","village_category":"Rural","village_code":"626762"},"geometry":{"type":"Polygon","coordinates":[[[74.05264,15.5037,0.0],[74.05845,15.508,0.0],[74.06239,15.50644,0.0],[74.06726,15.50158,0.0],[74.06845,15.50168,0.0],[74.07116,15.49761,0.0],[74.05683,15.48665,0.0],[74.05545,15.48921,0.0],[74.04693,15.49817,0.0],[74.04955,15.49944,0.0],[74.05264,15.5037,0.0]]]}},{"id":"64","type":"Feature","properties":{"state":"GOA","state_code":"30","district":"NORTH GOA","district_code":585,"sub_district":"TISWADI","sub_district_code":"05611","sub_district_type":"Taluk","village":"Corlim (CT)","village_category":"Rural","village_code":"626729"},"geometry":{"type":"Polygon","coordinates":[[[73.93093,15.49537,0.0],[73.92851,15.49569,0.0],[73.92844,15.49759,0.0],[73.92966,15.4976,0.0],[73.93305,15.50184,0.0],[73.93581,15.50158,0.0],[73.93567,15.50391,0.0],[73.93774,15.50722,0.0],[73.94228,15.50486,0.0],[73.94202,15.50294,0.0],[73.94058,15.50124,0.0],[73.94211,15.49931,0.0],[73.945,15.50112,0.0],[73.94585,15.50089,0.0],[73.94688,15.50231,0.0],[73.9464,15.50317,0.0],[73.95173,15.50042,0.0],[73.95426,15.49779,0.0],[73.95587,15.4862,0.0],[73.95555,15.48429,0.0],[73.95199,15.48039,0.0],[73.95114,15.47631,0.0],[73.94795,15.47682,0.0],[73.94634,15.47916,0.0],[73.94413,15.47949,0.0],[73.94016,15.48213,0.0],[73.93755,15.48316,0.0],[73.9361,15.48221,0.0],[73.93387,15.48347,0.0],[73.93488,15.48903,0.0],[73.93289,15.49251,0.0],[73.93184,15.49225,0.0],[73.93194,15.49332,0.0],[73.93069,15.49447,0.0],[73.93093,15.49537,0.0]]]}},{"id":"65","type":"Feature","properties":{"state":"GOA","state_code":"30","district":"NORTH GOA","district_code":585,"sub_district":"SATARI","sub_district_code":"05613","sub_district_type":"Taluk","village":"Codqui","village_category":"Rural","village_code":"626823"},"geometry":{"type":"Polygon","coordinates":[[[74.14511,15.49477,0.0],[74.14144,15.49228,0.0],[74.14012,15.49234,0.0],[74.14118,15.49544,0.0],[74.13765,15.50194,0.0],[74.13654,15.51025,0.0],[74.13506,15.51165,0.0],[74.13655,15.51436,0.0],[74.13892,15.51527,0.0],[74.14199,15.51449,0.0],[74.14613,15.51586,0.0],[74.14677,15.51309,0.0],[74.14753,15.5131,0.0],[74.14833,15.51076,0.0],[74.14953,15.50426,0.0],[74.14891,15.50243,0.0],[74.15134,15.49971,0.0],[74.14923,15.4924,0.0],[74.14511,15.49477,0.0]]]}},{"id":"66","type":"Feature","properties":{"state":"GOA","state_code":"30","district":"NORTH GOA","district_code":585,"sub_district":"SATARI","sub_district_code":"05613","sub_district_type":"Taluk","village":"Carambolim Buzruco","village_category":"Rural","village_code":"626821"},"geometry":{"type":"Polygon","coordinates":[[[74.18226,15.5149,0.0],[74.18308,15.51397,0.0],[74.18757,15.5125,0.0],[74.18713,15.50845,0.0],[74.18813,15.50642,0.0],[74.19043,15.50436,0.0],[74.19519,15.50338,0.0],[74.20142,15.49989,0.0],[74.20224,15.49642,0.0],[74.19867,15.49696,0.0],[74.19414,15.49624,0.0],[74.19029,15.49712,0.0],[74.18582,15.49583,0.0],[74.18101,15.49893,0.0],[74.18025,15.50074,0.0],[74.1765,15.50343,0.0],[74.17372,15.50223,0.0],[74.16728,15.50404,0.0],[74.16602,15.50683,0.0],[74.16672,15.50797,0.0],[74.16663,15.51107,0.0],[74.16491,15.51248,0.0],[74.17054,15.51662,0.0],[74.17172,15.51569,0.0],[74.17616,15.51519,0.0],[74.1809,15.5188,0.0],[74.18287,15.51886,0.0],[74.18226,15.5149,0.0]]]}},{"id":"67","type":"Feature","properties":{"state":"GOA","state_code":"30","district":"NORTH GOA","district_code":585,"sub_district":"TISWADI","sub_district_code":"05611","sub_district_type":"Taluk","village":"Panaji (CCP)","village_category":"Fully_Urban","village_code":"252071"},"geometry":{"type":"Polygon","coordinates":[[[73.88429,15.4951,0.0],[73.87917,15.49549,0.0],[73.87485,15.49835,0.0],[73.86986,15.49844,0.0],[73.86623,15.5001,0.0],[73.86534,15.49937,0.0],[73.85957,15.49923,0.0],[73.85972,15.50189,0.0],[73.84193,15.49832,0.0],[73.84192,15.49594,0.0],[73.84106,15.496,0.0],[73.8406,15.49439,0.0],[73.83966,15.49431,0.0],[73.83984,15.49246,0.0],[73.83611,15.49207,0.0],[73.83688,15.49035,0.0],[73.83623,15.48878,0.0],[73.83729,15.48758,0.0],[73.83649,15.48716,0.0],[73.83672,15.48589,0.0],[73.833,15.48584,0.0],[73.83326,15.48398,0.0],[73.83255,15.48425,0.0],[73.83147,15.48322,0.0],[73.83191,15.4814,0.0],[73.82851,15.48042,0.0],[73.82705,15.47905,0.0],[73.82549,15.47947,0.0],[73.82513,15.47859,0.0],[73.82372,15.48125,0.0],[73.82177,15.48196,0.0],[73.8206,15.48354,0.0],[73.82055,15.48575,0.0],[73.81909,15.48593,0.0],[73.81752,15.48062,0.0],[73.81464,15.48041,0.0],[73.81468,15.47943,0.0],[73.8134,15.47924,0.0],[73.81389,15.47514,0.0],[73.81316,15.47291,0.0],[73.81399,15.47251,0.0],[73.81292,15.47263,0.0],[73.8124,15.46971,0.0],[73.81177,15.46983,0.0],[73.81056,15.46767,0.0],[73.80974,15.4679,0.0],[73.8093,15.46513,0.0],[73.80673,15.46215,0.0],[73.80663,15.46065,0.0],[73.80462,15.45765,0.0],[73.80523,15.45637,0.0],[73.80452,15.45326,0.0],[73.8029,15.45159,0.0],[73.80354,15.45035,0.0],[73.80154,15.45115,0.0],[73.80208,15.4523,0.0],[73.80145,15.45294,0.0],[73.79819,15.45368,0.0],[73.7983,15.45497,0.0],[73.79641,15.45542,0.0],[73.79251,15.45834,0.0],[73.79169,15.46003,0.0],[73.78837,15.46041,0.0],[73.78791,15.4626,0.0],[73.78971,15.4638,0.0],[73.78153,15.47563,0.0],[73.78793,15.47815,0.0],[73.81315,15.4926,0.0],[73.81705,15.49969,0.0],[73.817,15.50252,0.0],[73.81893,15.50483,0.0],[73.82456,15.5022,0.0],[73.83066,15.50224,0.0],[73.83685,15.50047,0.0],[73.84307,15.50175,0.0],[73.85268,15.50551,0.0],[73.86497,15.50764,0.0],[73.87212,15.50345,0.0],[73.87484,15.50313,0.0],[73.878,15.50146,0.0],[73.88663,15.50112,0.0],[73.88429,15.4951,0.0]]]}},{"id":"68","type":"Feature","properties":{"state":"GOA","state_code":"30","district":"NORTH GOA","district_code":585,"sub_district":"SATARI","sub_district_code":"05613","sub_district_type":"Taluk","village":"Vaguriem","village_category":"Rural","village_code":"626811"},"geometry":{"type":"Polygon","coordinates":[[[74.08774,15.49666,0.0],[74.08153,15.49814,0.0],[74.07788,15.50088,0.0],[74.07485,15.50151,0.0],[74.07189,15.50325,0.0],[74.07462,15.50472,0.0],[74.07462,15.50637,0.0],[74.08269,15.51543,0.0],[74.08513,15.51683,0.0],[74.08987,15.51354,0.0],[74.09395,15.51649,0.0],[74.09519,15.51481,0.0],[74.09082,15.50612,0.0],[74.09064,15.49841,0.0],[74.08774,15.49666,0.0]]]}},{"id":"69","type":"Feature","properties":{"state":"GOA","state_code":"30","district":"NORTH GOA","district_code":585,"sub_district":"SATARI","sub_district_code":"05613","sub_district_type":"Taluk","village":"Advoi","village_category":"Rural","village_code":"626825"},"geometry":{"type":"Polygon","coordinates":[[[74.12222,15.50376,0.0],[74.12171,15.50036,0.0],[74.12294,15.49583,0.0],[74.11777,15.49308,0.0],[74.11527,15.49317,0.0],[74.11437,15.48951,0.0],[74.10946,15.48749,0.0],[74.10867,15.48552,0.0],[74.10431,15.4875,0.0],[74.10281,15.49195,0.0],[74.09799,15.49576,0.0],[74.09632,15.49808,0.0],[74.09602,15.50043,0.0],[74.0976,15.50324,0.0],[74.10119,15.5047,0.0],[74.10336,15.511,0.0],[74.10772,15.51673,0.0],[74.1098,15.51833,0.0],[74.1122,15.51539,0.0],[74.11378,15.51147,0.0],[74.1169,15.51018,0.0],[74.12222,15.50376,0.0]]]}},{"id":"70","type":"Feature","properties":{"state":"GOA","state_code":"30","district":"NORTH GOA","district_code":585,"sub_district":"BARDEZ","sub_district_code":"05610","sub_district_type":"Taluk","village":"Creek","village_category":"Others","village_code":null},"geometry":{"type":"Polygon","coordinates":[[[73.7788,15.49191,0.0],[73.78091,15.4921,0.0],[73.78167,15.49107,0.0],[73.78725,15.49247,0.0],[73.78848,15.49389,0.0],[73.78526,15.49579,0.0],[73.78918,15.49891,0.0],[73.79245,15.49888,0.0],[73.79418,15.49778,0.0],[73.79709,15.49749,0.0],[73.80197,15.49446,0.0],[73.80505,15.49401,0.0],[73.80782,15.49501,0.0],[73.81019,15.49435,0.0],[73.81028,15.49614,0.0],[73.81213,15.49774,0.0],[73.81433,15.50356,0.0],[73.81798,15.50631,0.0],[73.82135,15.50599,0.0],[73.82469,15.50368,0.0],[73.82893,15.50221,0.0],[73.82456,15.5022,0.0],[73.81893,15.50483,0.0],[73.817,15.50252,0.0],[73.81705,15.49969,0.0],[73.81315,15.4926,0.0],[73.78793,15.47815,0.0],[73.78153,15.47563,0.0],[73.77578,15.48924,0.0],[73.7788,15.49191,0.0]]]}},{"id":"71","type":"Feature","properties":{"state":"GOA","state_code":"30","district":"NORTH GOA","district_code":585,"sub_district":"SATARI","sub_district_code":"05613","sub_district_type":"Taluk","village":"Codiem","village_category":"Rural","village_code":"626812"},"geometry":{"type":"Polygon","coordinates":[[[74.09064,15.49841,0.0],[74.09082,15.50612,0.0],[74.09519,15.51481,0.0],[74.10596,15.52391,0.0],[74.1098,15.51833,0.0],[74.10772,15.51673,0.0],[74.10336,15.511,0.0],[74.10119,15.5047,0.0],[74.09855,15.50411,0.0],[74.09618,15.50079,0.0],[74.09064,15.49841,0.0]]]}},{"id":"72","type":"Feature","properties":{"state":"GOA","state_code":"30","district":"SOUTH GOA","district_code":586,"sub_district":"PONDA","sub_district_code":"05614","sub_district_type":"Taluk","village":"Betqui","village_category":"Rural","village_code":"626844"},"geometry":{"type":"Polygon","coordinates":[[[73.99657,15.51216,0.0],[73.99825,15.50871,0.0],[73.99977,15.50167,0.0],[73.9953,15.49689,0.0],[73.99509,15.49542,0.0],[73.99652,15.49117,0.0],[73.99329,15.4847,0.0],[73.99483,15.48001,0.0],[73.9938,15.47855,0.0],[73.98985,15.48018,0.0],[73.99036,15.48309,0.0],[73.98954,15.48575,0.0],[73.98683,15.48881,0.0],[73.97806,15.49308,0.0],[73.97901,15.50498,0.0],[73.98033,15.50597,0.0],[73.98269,15.50622,0.0],[73.98111,15.51102,0.0],[73.98012,15.51187,0.0],[73.98093,15.51338,0.0],[73.9807,15.51582,0.0],[73.98246,15.51713,0.0],[73.98106,15.5189,0.0],[73.98197,15.52036,0.0],[73.98687,15.51871,0.0],[73.99657,15.51216,0.0]]]}},{"id":"73","type":"Feature","properties":{"state":"GOA","state_code":"30","district":"NORTH GOA","district_code":585,"sub_district":"SATARI","sub_district_code":"05613","sub_district_type":"Taluk","village":"Velguem","village_category":"Forest Village","village_code":"626822"},"geometry":{"type":"Polygon","coordinates":[[[74.16255,15.51444,0.0],[74.16421,15.51421,0.0],[74.16475,15.51255,0.0],[74.16663,15.51107,0.0],[74.16672,15.50797,0.0],[74.16602,15.50683,0.0],[74.16728,15.50404,0.0],[74.17372,15.50223,0.0],[74.17401,15.50067,0.0],[74.16692,15.49251,0.0],[74.16589,15.49299,0.0],[74.1631,15.49228,0.0],[74.15905,15.48891,0.0],[74.15903,15.48749,0.0],[74.15722,15.48654,0.0],[74.15345,15.4906,0.0],[74.15198,15.49067,0.0],[74.14923,15.4924,0.0],[74.15134,15.49971,0.0],[74.14891,15.50243,0.0],[74.14953,15.50426,0.0],[74.14833,15.51076,0.0],[74.14579,15.51601,0.0],[74.14973,15.51985,0.0],[74.15251,15.52577,0.0],[74.15578,15.52789,0.0],[74.15787,15.52672,0.0],[74.15647,15.52206,0.0],[74.15684,15.51871,0.0],[74.16182,15.51651,0.0],[74.16255,15.51444,0.0]]]}},{"id":"74","type":"Feature","properties":{"state":"GOA","state_code":"30","district":"NORTH GOA","district_code":585,"sub_district":"TISWADI","sub_district_code":"05611","sub_district_type":"Taluk","village":"Cumbarjua (CT)","village_category":"Rural","village_code":"626728"},"geometry":{"type":"Polygon","coordinates":[[[73.96242,15.502,0.0],[73.9622,15.50099,0.0],[73.95968,15.50096,0.0],[73.954,15.49778,0.0],[73.95173,15.50042,0.0],[73.94612,15.5035,0.0],[73.94353,15.5079,0.0],[73.94492,15.51277,0.0],[73.94386,15.51375,0.0],[73.94065,15.51446,0.0],[73.94078,15.51593,0.0],[73.94765,15.51967,0.0],[73.94967,15.51702,0.0],[73.94966,15.51394,0.0],[73.95062,15.51246,0.0],[73.95445,15.50944,0.0],[73.9583,15.50865,0.0],[73.96242,15.502,0.0]]]}},{"id":"75","type":"Feature","properties":{"state":"GOA","state_code":"30","district":"NORTH GOA","district_code":585,"sub_district":"BICHOLIM","sub_district_code":"05612","sub_district_type":"Taluk","village":"Surla","village_category":"Rural","village_code":"626761"},"geometry":{"type":"Polygon","coordinates":[[[74.05545,15.48921,0.0],[74.05683,15.48665,0.0],[74.0574,15.48703,0.0],[74.05738,15.48517,0.0],[74.0565,15.48314,0.0],[74.05094,15.47955,0.0],[74.0488,15.47691,0.0],[74.0488,15.47522,0.0],[74.04555,15.47291,0.0],[74.04424,15.46963,0.0],[74.04486,15.46447,0.0],[74.04231,15.4601,0.0],[74.04411,15.45328,0.0],[74.04593,15.45112,0.0],[74.04553,15.44943,0.0],[74.04671,15.44727,0.0],[74.04616,15.44539,0.0],[74.04219,15.44951,0.0],[74.03953,15.45401,0.0],[74.03702,15.45522,0.0],[74.03492,15.45785,0.0],[74.03525,15.46491,0.0],[74.03414,15.46665,0.0],[74.04188,15.46951,0.0],[74.04099,15.47654,0.0],[74.03826,15.48087,0.0],[74.03595,15.48277,0.0],[74.03524,15.4861,0.0],[74.02962,15.49087,0.0],[74.02887,15.49011,0.0],[74.02771,15.49084,0.0],[74.0246,15.48778,0.0],[74.02244,15.4872,0.0],[74.02175,15.49111,0.0],[74.02022,15.49326,0.0],[74.01732,15.49595,0.0],[74.01417,15.49677,0.0],[74.01498,15.5006,0.0],[74.02247,15.51055,0.0],[74.02118,15.51153,0.0],[74.02208,15.51347,0.0],[74.02174,15.51684,0.0],[74.02027,15.51947,0.0],[74.02057,15.52345,0.0],[74.02258,15.52484,0.0],[74.02478,15.52305,0.0],[74.02744,15.52341,0.0],[74.03714,15.52222,0.0],[74.04262,15.52446,0.0],[74.0472,15.51613,0.0],[74.05194,15.5109,0.0],[74.05845,15.508,0.0],[74.05264,15.5037,0.0],[74.04955,15.49944,0.0],[74.04693,15.49817,0.0],[74.05545,15.48921,0.0]]]}},{"id":"76","type":"Feature","properties":{"state":"GOA","state_code":"30","district":"NORTH GOA","district_code":585,"sub_district":"SATARI","sub_district_code":"05613","sub_district_type":"Taluk","village":"Sanvordem","village_category":"Rural","village_code":"626816"},"geometry":{"type":"Polygon","coordinates":[[[74.1829,15.52816,0.0],[74.18514,15.52659,0.0],[74.18405,15.5211,0.0],[74.18496,15.51928,0.0],[74.1809,15.5188,0.0],[74.17616,15.51519,0.0],[74.17172,15.51569,0.0],[74.17054,15.51662,0.0],[74.16491,15.51248,0.0],[74.16421,15.51421,0.0],[74.16255,15.51444,0.0],[74.1618,15.51612,0.0],[74.16259,15.52251,0.0],[74.16495,15.52327,0.0],[74.16835,15.52283,0.0],[74.16916,15.52347,0.0],[74.1681,15.53103,0.0],[74.16949,15.53162,0.0],[74.1758,15.53112,0.0],[74.18116,15.53263,0.0],[74.1829,15.52816,0.0]]]}},{"id":"77","type":"Feature","properties":{"state":"GOA","state_code":"30","district":"SOUTH GOA","district_code":586,"sub_district":"PONDA","sub_district_code":"05614","sub_district_type":"Taluk","village":"Orgao","village_category":"Rural","village_code":"626866"},"geometry":{"type":"Polygon","coordinates":[[[73.97579,15.49948,0.0],[73.96926,15.50279,0.0],[73.9652,15.5083,0.0],[73.96328,15.50695,0.0],[73.96034,15.50681,0.0],[73.9583,15.50865,0.0],[73.95445,15.50944,0.0],[73.95062,15.51246,0.0],[73.94966,15.51394,0.0],[73.94967,15.51702,0.0],[73.94492,15.52225,0.0],[73.94476,15.52331,0.0],[73.9484,15.52348,0.0],[73.95165,15.52521,0.0],[73.95659,15.52152,0.0],[73.95856,15.51713,0.0],[73.96062,15.51712,0.0],[73.96369,15.51148,0.0],[73.97642,15.50701,0.0],[73.97901,15.50498,0.0],[73.97808,15.49533,0.0],[73.97579,15.49948,0.0]]]}},{"id":"78","type":"Feature","properties":{"state":"GOA","state_code":"30","district":"NORTH GOA","district_code":585,"sub_district":"BARDEZ","sub_district_code":"05610","sub_district_type":"Taluk","village":"Reis-Magos","village_category":"Rural","village_code":"626699"},"geometry":{"type":"Polygon","coordinates":[[[73.79767,15.50132,0.0],[73.80165,15.50408,0.0],[73.80421,15.50823,0.0],[73.80414,15.51396,0.0],[73.80695,15.51263,0.0],[73.80895,15.51043,0.0],[73.8106,15.51359,0.0],[73.81202,15.51314,0.0],[73.81518,15.51468,0.0],[73.81878,15.51748,0.0],[73.82063,15.52011,0.0],[73.82388,15.52074,0.0],[73.82771,15.5203,0.0],[73.82935,15.51032,0.0],[73.82814,15.50565,0.0],[73.82893,15.50221,0.0],[73.82469,15.50368,0.0],[73.82135,15.50599,0.0],[73.81798,15.50631,0.0],[73.81433,15.50356,0.0],[73.81213,15.49774,0.0],[73.81028,15.49614,0.0],[73.81019,15.49435,0.0],[73.80782,15.49501,0.0],[73.80505,15.49401,0.0],[73.80197,15.49446,0.0],[73.79709,15.49749,0.0],[73.79527,15.49765,0.0],[73.79767,15.50132,0.0]]]}},{"id":"79","type":"Feature","properties":{"state":"GOA","state_code":"30","district":"NORTH GOA","district_code":585,"sub_district":"SATARI","sub_district_code":"05613","sub_district_type":"Taluk","village":"Valpoi (M Cl)","village_category":"Partly_Urban","village_code":"252079"},"geometry":{"type":"Polygon","coordinates":[[[74.16036,15.54577,0.0],[74.15924,15.54314,0.0],[74.15665,15.54129,0.0],[74.15844,15.53661,0.0],[74.15182,15.52937,0.0],[74.15363,15.52663,0.0],[74.15242,15.52562,0.0],[74.14973,15.51985,0.0],[74.14653,15.51631,0.0],[74.14326,15.51494,0.0],[74.14164,15.51444,0.0],[74.13892,15.51527,0.0],[74.13655,15.51436,0.0],[74.13506,15.51165,0.0],[74.13666,15.50951,0.0],[74.1294,15.50691,0.0],[74.12612,15.5073,0.0],[74.12227,15.51184,0.0],[74.121,15.51557,0.0],[74.11793,15.52044,0.0],[74.12837,15.52508,0.0],[74.12479,15.53017,0.0],[74.1332,15.53744,0.0],[74.13235,15.53813,0.0],[74.13241,15.5401,0.0],[74.13145,15.5413,0.0],[74.13179,15.54229,0.0],[74.13078,15.54493,0.0],[74.13565,15.54706,0.0],[74.13661,15.54873,0.0],[74.15431,15.55045,0.0],[74.15641,15.55002,0.0],[74.16036,15.54577,0.0]]]}},{"id":"80","type":"Feature","properties":{"state":"GOA","state_code":"30","district":"NORTH GOA","district_code":585,"sub_district":"SATARI","sub_district_code":"05613","sub_district_type":"Taluk","village":"Sonus Vonvoliem","village_category":"Rural","village_code":"626810"},"geometry":{"type":"Polygon","coordinates":[[[74.05276,15.52272,0.0],[74.05788,15.51979,0.0],[74.06118,15.51644,0.0],[74.0688,15.51572,0.0],[74.0722,15.51382,0.0],[74.07415,15.51203,0.0],[74.07462,15.50472,0.0],[74.06726,15.50158,0.0],[74.06239,15.50644,0.0],[74.05194,15.5109,0.0],[74.0472,15.51613,0.0],[74.04359,15.52343,0.0],[74.03975,15.52659,0.0],[74.0378,15.52931,0.0],[74.03774,15.53134,0.0],[74.03944,15.53532,0.0],[74.04354,15.53461,0.0],[74.04458,15.53343,0.0],[74.04364,15.53234,0.0],[74.04806,15.52842,0.0],[74.05276,15.52272,0.0]]]}},{"id":"81","type":"Feature","properties":{"state":"GOA","state_code":"30","district":"NORTH GOA","district_code":585,"sub_district":"BICHOLIM","sub_district_code":"05612","sub_district_type":"Taluk","village":"Navelim","village_category":"Rural","village_code":"626759"},"geometry":{"type":"Polygon","coordinates":[[[74.02057,15.52345,0.0],[74.0203,15.5206,0.0],[74.02186,15.51619,0.0],[74.0221,15.51295,0.0],[74.02118,15.51153,0.0],[74.02247,15.51055,0.0],[74.01498,15.5006,0.0],[74.01417,15.49677,0.0],[74.00233,15.49922,0.0],[73.99977,15.50167,0.0],[73.99825,15.50871,0.0],[73.99657,15.51216,0.0],[73.98687,15.51871,0.0],[73.99525,15.52743,0.0],[73.99468,15.52774,0.0],[73.99567,15.53056,0.0],[73.99705,15.53072,0.0],[73.99656,15.53341,0.0],[73.9984,15.53485,0.0],[74.0021,15.53251,0.0],[74.00199,15.53017,0.0],[74.00278,15.52933,0.0],[74.00439,15.53064,0.0],[74.00525,15.53332,0.0],[74.01367,15.53349,0.0],[74.01529,15.53204,0.0],[74.01983,15.53083,0.0],[74.02098,15.5289,0.0],[74.02383,15.52746,0.0],[74.02309,15.5248,0.0],[74.02057,15.52345,0.0]]]}},{"id":"82","type":"Feature","properties":{"state":"GOA","state_code":"30","district":"NORTH GOA","district_code":585,"sub_district":"SATARI","sub_district_code":"05613","sub_district_type":"Taluk","village":"Naguem","village_category":"Rural","village_code":"626813"},"geometry":{"type":"Polygon","coordinates":[[[74.12837,15.52508,0.0],[74.11793,15.52044,0.0],[74.11609,15.52117,0.0],[74.11372,15.52084,0.0],[74.10779,15.52529,0.0],[74.10754,15.53006,0.0],[74.10364,15.53415,0.0],[74.10338,15.53595,0.0],[74.10644,15.54009,0.0],[74.11893,15.53597,0.0],[74.12294,15.5332,0.0],[74.12837,15.52508,0.0]]]}},{"id":"83","type":"Feature","properties":{"state":"GOA","state_code":"30","district":"NORTH GOA","district_code":585,"sub_district":"BARDEZ","sub_district_code":"05610","sub_district_type":"Taluk","village":"Penha-De-Franca","village_category":"Rural","village_code":"626701"},"geometry":{"type":"Polygon","coordinates":[[[73.84531,15.51151,0.0],[73.84498,15.50903,0.0],[73.84643,15.5052,0.0],[73.84461,15.50266,0.0],[73.83685,15.50047,0.0],[73.82893,15.50221,0.0],[73.82814,15.50565,0.0],[73.82935,15.51032,0.0],[73.82811,15.51618,0.0],[73.82788,15.52526,0.0],[73.82669,15.5291,0.0],[73.82588,15.52962,0.0],[73.83096,15.52891,0.0],[73.83637,15.52627,0.0],[73.83773,15.52694,0.0],[73.84061,15.52625,0.0],[73.84154,15.52509,0.0],[73.84293,15.52592,0.0],[73.84531,15.52302,0.0],[73.85109,15.52057,0.0],[73.84531,15.51151,0.0]]]}},{"id":"84","type":"Feature","properties":{"state":"GOA","state_code":"30","district":"NORTH GOA","district_code":585,"sub_district":"SATARI","sub_district_code":"05613","sub_district_type":"Taluk","village":"Pissurlem","village_category":"Rural","village_code":"626809"},"geometry":{"type":"Polygon","coordinates":[[[74.08191,15.53104,0.0],[74.08231,15.52239,0.0],[74.08513,15.51683,0.0],[74.08034,15.51333,0.0],[74.07462,15.50637,0.0],[74.07415,15.51203,0.0],[74.0722,15.51382,0.0],[74.0688,15.51572,0.0],[74.06118,15.51644,0.0],[74.05788,15.51979,0.0],[74.05276,15.52272,0.0],[74.04806,15.52842,0.0],[74.04908,15.52961,0.0],[74.04866,15.53239,0.0],[74.04948,15.53446,0.0],[74.05217,15.53669,0.0],[74.06006,15.53858,0.0],[74.06218,15.54048,0.0],[74.06503,15.53818,0.0],[74.07082,15.5386,0.0],[74.07757,15.53702,0.0],[74.08034,15.53355,0.0],[74.0831,15.5334,0.0],[74.08191,15.53104,0.0]]]}},{"id":"85","type":"Feature","properties":{"state":"GOA","state_code":"30","district":"NORTH GOA","district_code":585,"sub_district":"BARDEZ","sub_district_code":"05610","sub_district_type":"Taluk","village":"Candolim","village_category":"Rural","village_code":"626697"},"geometry":{"type":"Polygon","coordinates":[[[73.77714,15.52452,0.0],[73.77921,15.51416,0.0],[73.7814,15.51348,0.0],[73.77691,15.49967,0.0],[73.77828,15.49806,0.0],[73.7837,15.4965,0.0],[73.78861,15.49365,0.0],[73.78707,15.49237,0.0],[73.78167,15.49107,0.0],[73.78091,15.4921,0.0],[73.7788,15.49191,0.0],[73.77569,15.48906,0.0],[73.77445,15.48916,0.0],[73.77372,15.49044,0.0],[73.76976,15.49064,0.0],[73.7696,15.48997,0.0],[73.76861,15.49285,0.0],[73.76659,15.49281,0.0],[73.76558,15.49587,0.0],[73.76732,15.49647,0.0],[73.76792,15.49914,0.0],[73.75989,15.52761,0.0],[73.76949,15.5285,0.0],[73.77501,15.52505,0.0],[73.77714,15.52452,0.0]]]}},{"id":"86","type":"Feature","properties":{"state":"GOA","state_code":"30","district":"NORTH GOA","district_code":585,"sub_district":"SATARI","sub_district_code":"05613","sub_district_type":"Taluk","village":"Cudcem","village_category":"Rural","village_code":"626815"},"geometry":{"type":"Polygon","coordinates":[[[74.16923,15.52549,0.0],[74.16884,15.52298,0.0],[74.16495,15.52327,0.0],[74.16259,15.52251,0.0],[74.16252,15.51787,0.0],[74.16182,15.51651,0.0],[74.15684,15.51871,0.0],[74.15647,15.52206,0.0],[74.15787,15.52672,0.0],[74.15578,15.52789,0.0],[74.15363,15.52663,0.0],[74.15182,15.52937,0.0],[74.15844,15.53661,0.0],[74.15665,15.54129,0.0],[74.15924,15.54314,0.0],[74.15998,15.54487,0.0],[74.1646,15.54687,0.0],[74.16665,15.54674,0.0],[74.16819,15.54817,0.0],[74.16976,15.53689,0.0],[74.16769,15.53278,0.0],[74.16923,15.52549,0.0]]]}},{"id":"87","type":"Feature","properties":{"state":"GOA","state_code":"30","district":"NORTH GOA","district_code":585,"sub_district":"BARDEZ","sub_district_code":"05610","sub_district_type":"Taluk","village":"Pilerne","village_category":"Rural","village_code":"626700"},"geometry":{"type":"Polygon","coordinates":[[[73.8218,15.53241,0.0],[73.82669,15.5291,0.0],[73.82788,15.52526,0.0],[73.82771,15.5203,0.0],[73.8217,15.5206,0.0],[73.81688,15.51586,0.0],[73.81141,15.5131,0.0],[73.80861,15.51447,0.0],[73.79991,15.52419,0.0],[73.79972,15.53164,0.0],[73.79693,15.53206,0.0],[73.7957,15.53309,0.0],[73.80415,15.53961,0.0],[73.81239,15.53941,0.0],[73.81707,15.53841,0.0],[73.8218,15.53241,0.0]]]}},{"id":"88","type":"Feature","properties":{"state":"GOA","state_code":"30","district":"NORTH GOA","district_code":585,"sub_district":"SATARI","sub_district_code":"05613","sub_district_type":"Taluk","village":"Buimpal","village_category":"Rural","village_code":"626807"},"geometry":{"type":"Polygon","coordinates":[[[74.09507,15.55037,0.0],[74.10016,15.54308,0.0],[74.09144,15.53584,0.0],[74.0869,15.53576,0.0],[74.0831,15.5334,0.0],[74.08075,15.53342,0.0],[74.07811,15.53682,0.0],[74.07082,15.5386,0.0],[74.06503,15.53818,0.0],[74.06218,15.54048,0.0],[74.06839,15.54302,0.0],[74.07153,15.54267,0.0],[74.07865,15.54749,0.0],[74.08345,15.54884,0.0],[74.09066,15.55286,0.0],[74.09199,15.55288,0.0],[74.09507,15.55037,0.0]]]}},{"id":"89","type":"Feature","properties":{"state":"GOA","state_code":"30","district":"NORTH GOA","district_code":585,"sub_district":"BICHOLIM","sub_district_code":"05612","sub_district_type":"Taluk","village":"Amone","village_category":"Rural","village_code":"626758"},"geometry":{"type":"Polygon","coordinates":[[[73.99346,15.53643,0.0],[73.99619,15.53635,0.0],[73.9984,15.53485,0.0],[73.99656,15.53341,0.0],[73.99705,15.53072,0.0],[73.99567,15.53056,0.0],[73.99468,15.52774,0.0],[73.99525,15.52743,0.0],[73.98687,15.51871,0.0],[73.97121,15.5244,0.0],[73.96525,15.53652,0.0],[73.96673,15.53989,0.0],[73.96745,15.54562,0.0],[73.96989,15.54738,0.0],[73.97335,15.54841,0.0],[73.97333,15.5452,0.0],[73.97437,15.54278,0.0],[73.9758,15.54159,0.0],[73.97687,15.54175,0.0],[73.98104,15.54582,0.0],[73.98462,15.54409,0.0],[73.98786,15.53971,0.0],[73.99063,15.53847,0.0],[73.99244,15.53864,0.0],[73.99346,15.53643,0.0]]]}},{"id":"90","type":"Feature","properties":{"state":"GOA","state_code":"30","district":"NORTH GOA","district_code":585,"sub_district":"TISWADI","sub_district_code":"05611","sub_district_type":"Taluk","village":"Jua (CT)","village_category":"Rural","village_code":"626727"},"geometry":{"type":"Polygon","coordinates":[[[73.95814,15.536,0.0],[73.95806,15.5338,0.0],[73.95561,15.53043,0.0],[73.95405,15.52633,0.0],[73.9484,15.52348,0.0],[73.94476,15.52331,0.0],[73.94492,15.52225,0.0],[73.94765,15.51967,0.0],[73.94126,15.51633,0.0],[73.94065,15.51446,0.0],[73.93489,15.51796,0.0],[73.93314,15.52016,0.0],[73.92718,15.52253,0.0],[73.92926,15.52461,0.0],[73.93221,15.52576,0.0],[73.93324,15.52769,0.0],[73.93221,15.52989,0.0],[73.92881,15.53299,0.0],[73.92883,15.53484,0.0],[73.93498,15.53774,0.0],[73.94047,15.54152,0.0],[73.94716,15.54757,0.0],[73.95116,15.54848,0.0],[73.95237,15.54783,0.0],[73.95677,15.54499,0.0],[73.96221,15.53879,0.0],[73.95814,15.536,0.0]]]}},{"id":"91","type":"Feature","properties":{"state":"GOA","state_code":"30","district":"NORTH GOA","district_code":585,"sub_district":"TISWADI","sub_district_code":"05611","sub_district_type":"Taluk","village":"Capao","village_category":"Rural","village_code":"626708"},"geometry":{"type":"Polygon","coordinates":[[[73.916,15.54513,0.0],[73.90379,15.5362,0.0],[73.89837,15.53391,0.0],[73.89909,15.53642,0.0],[73.89864,15.54106,0.0],[73.9001,15.54294,0.0],[73.90343,15.54465,0.0],[73.90747,15.54498,0.0],[73.91228,15.54719,0.0],[73.916,15.54513,0.0]]]}},{"id":"92","type":"Feature","properties":{"state":"GOA","state_code":"30","district":"NORTH GOA","district_code":585,"sub_district":"BICHOLIM","sub_district_code":"05612","sub_district_type":"Taluk","village":"Cudnem","village_category":"Rural","village_code":"626757"},"geometry":{"type":"Polygon","coordinates":[[[74.00286,15.55023,0.0],[74.00509,15.55087,0.0],[74.00875,15.54951,0.0],[74.01201,15.54569,0.0],[74.01517,15.54392,0.0],[74.01986,15.54899,0.0],[74.02174,15.54972,0.0],[74.02152,15.55097,0.0],[74.02303,15.55064,0.0],[74.02613,15.54801,0.0],[74.02713,15.54878,0.0],[74.02677,15.55053,0.0],[74.03107,15.5481,0.0],[74.03236,15.54864,0.0],[74.03284,15.5467,0.0],[74.03662,15.54563,0.0],[74.03803,15.54262,0.0],[74.04023,15.54216,0.0],[74.03989,15.54086,0.0],[74.04093,15.53932,0.0],[74.03948,15.53883,0.0],[74.04077,15.53831,0.0],[74.03874,15.53734,0.0],[74.03944,15.53532,0.0],[74.03759,15.52985,0.0],[74.03975,15.52659,0.0],[74.04262,15.52446,0.0],[74.03714,15.52222,0.0],[74.02744,15.52341,0.0],[74.02478,15.52305,0.0],[74.023,15.52512,0.0],[74.02383,15.52746,0.0],[74.02098,15.5289,0.0],[74.01983,15.53083,0.0],[74.01529,15.53204,0.0],[74.01294,15.5337,0.0],[74.00525,15.53332,0.0],[74.00425,15.53042,0.0],[74.00254,15.52947,0.0],[74.00188,15.53275,0.0],[73.99619,15.53635,0.0],[73.99346,15.53643,0.0],[73.99244,15.53864,0.0],[73.99411,15.54043,0.0],[73.99662,15.54129,0.0],[73.99723,15.54266,0.0],[73.99712,15.5445,0.0],[73.99507,15.54744,0.0],[73.99973,15.54934,0.0],[74.00015,15.55119,0.0],[74.00286,15.55023,0.0]]]}},{"id":"93","type":"Feature","properties":{"state":"GOA","state_code":"30","district":"NORTH GOA","district_code":585,"sub_district":"SATARI","sub_district_code":"05613","sub_district_type":"Taluk","village":"Mauzi","village_category":"Rural","village_code":"626806"},"geometry":{"type":"Polygon","coordinates":[[[74.13179,15.54229,0.0],[74.13145,15.5413,0.0],[74.13241,15.5401,0.0],[74.13235,15.53813,0.0],[74.1332,15.53744,0.0],[74.12479,15.53017,0.0],[74.12294,15.5332,0.0],[74.11893,15.53597,0.0],[74.10644,15.54009,0.0],[74.10338,15.53595,0.0],[74.10223,15.53794,0.0],[74.10196,15.54065,0.0],[74.09581,15.54886,0.0],[74.10509,15.55269,0.0],[74.10882,15.55244,0.0],[74.11711,15.55492,0.0],[74.12025,15.55681,0.0],[74.1231,15.55383,0.0],[74.12938,15.54955,0.0],[74.13179,15.54229,0.0]]]}},{"id":"94","type":"Feature","properties":{"state":"GOA","state_code":"30","district":"NORTH GOA","district_code":585,"sub_district":"SATARI","sub_district_code":"05613","sub_district_type":"Taluk","village":"Caranzol","village_category":"Rural","village_code":"626820"},"geometry":{"type":"Polygon","coordinates":[[[74.18514,15.52659,0.0],[74.1829,15.52816,0.0],[74.18116,15.53263,0.0],[74.1881,15.53154,0.0],[74.19115,15.53496,0.0],[74.195,15.53454,0.0],[74.19649,15.53861,0.0],[74.19581,15.54281,0.0],[74.19732,15.54565,0.0],[74.19957,15.54646,0.0],[74.20435,15.54457,0.0],[74.20594,15.54508,0.0],[74.20566,15.5472,0.0],[74.20272,15.54934,0.0],[74.20656,15.55408,0.0],[74.20716,15.56012,0.0],[74.21808,15.56102,0.0],[74.21966,15.55611,0.0],[74.22273,15.55099,0.0],[74.22559,15.54795,0.0],[74.22797,15.54704,0.0],[74.22574,15.54256,0.0],[74.22571,15.53984,0.0],[74.22988,15.53709,0.0],[74.22885,15.5345,0.0],[74.23184,15.53195,0.0],[74.23229,15.52732,0.0],[74.23651,15.52126,0.0],[74.25481,15.50272,0.0],[74.25229,15.49934,0.0],[74.25091,15.49172,0.0],[74.24696,15.49136,0.0],[74.24559,15.48839,0.0],[74.24143,15.48822,0.0],[74.23134,15.48411,0.0],[74.23031,15.48302,0.0],[74.23033,15.48106,0.0],[74.2289,15.4823,0.0],[74.22608,15.48041,0.0],[74.22193,15.47569,0.0],[74.21481,15.47346,0.0],[74.21398,15.47543,0.0],[74.20542,15.48321,0.0],[74.20513,15.48418,0.0],[74.20608,15.48599,0.0],[74.20381,15.49028,0.0],[74.20172,15.49965,0.0],[74.19519,15.50338,0.0],[74.19043,15.50436,0.0],[74.18713,15.50845,0.0],[74.18757,15.5125,0.0],[74.18258,15.51421,0.0],[74.18218,15.51691,0.0],[74.18287,15.51886,0.0],[74.18496,15.51928,0.0],[74.18405,15.5211,0.0],[74.18514,15.52659,0.0]]]}},{"id":"95","type":"Feature","properties":{"state":"GOA","state_code":"30","district":"NORTH GOA","district_code":585,"sub_district":"SATARI","sub_district_code":"05613","sub_district_type":"Taluk","village":"Pendral","village_category":"Rural","village_code":"626819"},"geometry":{"type":"Polygon","coordinates":[[[74.23812,15.55335,0.0],[74.24288,15.55106,0.0],[74.2465,15.54246,0.0],[74.24976,15.53976,0.0],[74.25711,15.53975,0.0],[74.25928,15.53747,0.0],[74.2623,15.53741,0.0],[74.27817,15.52203,0.0],[74.27847,15.51748,0.0],[74.2749,15.51306,0.0],[74.27035,15.51028,0.0],[74.2603,15.50646,0.0],[74.25481,15.50272,0.0],[74.23651,15.52126,0.0],[74.23229,15.52732,0.0],[74.23184,15.53195,0.0],[74.22885,15.5345,0.0],[74.22988,15.53709,0.0],[74.22571,15.53984,0.0],[74.22574,15.54256,0.0],[74.22797,15.54704,0.0],[74.22559,15.54795,0.0],[74.22273,15.55099,0.0],[74.21966,15.55611,0.0],[74.21808,15.56102,0.0],[74.22574,15.56166,0.0],[74.22895,15.55685,0.0],[74.23111,15.55575,0.0],[74.23341,15.55279,0.0],[74.23812,15.55335,0.0]]]}},{"id":"96","type":"Feature","properties":{"state":"GOA","state_code":"30","district":"NORTH GOA","district_code":585,"sub_district":"SATARI","sub_district_code":"05613","sub_district_type":"Taluk","village":"Codvol","village_category":"Rural","village_code":"626818"},"geometry":{"type":"Polygon","coordinates":[[[74.27301,15.55021,0.0],[74.27792,15.54611,0.0],[74.28219,15.53391,0.0],[74.28225,15.52736,0.0],[74.28135,15.5256,0.0],[74.27853,15.5237,0.0],[74.27817,15.52203,0.0],[74.2623,15.53741,0.0],[74.25928,15.53747,0.0],[74.25711,15.53975,0.0],[74.25064,15.53965,0.0],[74.24876,15.54051,0.0],[74.24618,15.54301,0.0],[74.24288,15.55106,0.0],[74.24535,15.55127,0.0],[74.24736,15.55429,0.0],[74.25348,15.55612,0.0],[74.25959,15.56043,0.0],[74.2604,15.56387,0.0],[74.26174,15.56488,0.0],[74.26364,15.56331,0.0],[74.2653,15.55837,0.0],[74.27301,15.55021,0.0]]]}},{"id":"97","type":"Feature","properties":{"state":"GOA","state_code":"30","district":"NORTH GOA","district_code":585,"sub_district":"SATARI","sub_district_code":"05613","sub_district_type":"Taluk","village":"Davem","village_category":"Rural","village_code":"626801"},"geometry":{"type":"Polygon","coordinates":[[[74.19264,15.55135,0.0],[74.18735,15.54698,0.0],[74.18236,15.54508,0.0],[74.18032,15.54304,0.0],[74.18077,15.54065,0.0],[74.17991,15.53814,0.0],[74.18116,15.53263,0.0],[74.1758,15.53112,0.0],[74.16949,15.53162,0.0],[74.1681,15.53103,0.0],[74.16769,15.53278,0.0],[74.16976,15.53689,0.0],[74.16819,15.54817,0.0],[74.16964,15.55061,0.0],[74.16787,15.55262,0.0],[74.16872,15.5582,0.0],[74.17135,15.5621,0.0],[74.1768,15.56006,0.0],[74.1807,15.56178,0.0],[74.18383,15.56202,0.0],[74.18528,15.56328,0.0],[74.18892,15.55909,0.0],[74.19126,15.55865,0.0],[74.19129,15.55674,0.0],[74.19494,15.55201,0.0],[74.19264,15.55135,0.0]]]}},{"id":"98","type":"Feature","properties":{"state":"GOA","state_code":"30","district":"NORTH GOA","district_code":585,"sub_district":"BARDEZ","sub_district_code":"05610","sub_district_type":"Taluk","village":"Salvador-Do-Mundo","village_category":"Rural","village_code":"626702"},"geometry":{"type":"Polygon","coordinates":[[[73.87087,15.55138,0.0],[73.86902,15.54487,0.0],[73.86945,15.54099,0.0],[73.87555,15.53491,0.0],[73.87641,15.53279,0.0],[73.87564,15.52977,0.0],[73.87268,15.52753,0.0],[73.86795,15.52636,0.0],[73.86268,15.52354,0.0],[73.85454,15.52226,0.0],[73.85109,15.52057,0.0],[73.84531,15.52302,0.0],[73.84293,15.52592,0.0],[73.84154,15.52509,0.0],[73.84061,15.52625,0.0],[73.83838,15.52682,0.0],[73.83637,15.52627,0.0],[73.83096,15.52891,0.0],[73.82588,15.52962,0.0],[73.82246,15.53186,0.0],[73.83198,15.53746,0.0],[73.8341,15.53969,0.0],[73.84283,15.54391,0.0],[73.84162,15.54545,0.0],[73.84184,15.54643,0.0],[73.84964,15.55024,0.0],[73.85536,15.55092,0.0],[73.85661,15.54911,0.0],[73.86043,15.54736,0.0],[73.86213,15.54933,0.0],[73.86075,15.55125,0.0],[73.86259,15.55414,0.0],[73.86509,15.55467,0.0],[73.87062,15.55371,0.0],[73.87087,15.55138,0.0]]]}},{"id":"99","type":"Feature","properties":{"state":"GOA","state_code":"30","district":"NORTH GOA","district_code":585,"sub_district":"SATARI","sub_district_code":"05613","sub_district_type":"Taluk","village":"Nagargao","village_category":"Rural","village_code":"626804"},"geometry":{"type":"Polygon","coordinates":[[[74.15796,15.56693,0.0],[74.16118,15.56887,0.0],[74.16081,15.56745,0.0],[74.16181,15.56427,0.0],[74.16432,15.5639,0.0],[74.16875,15.56515,0.0],[74.17151,15.56341,0.0],[74.17143,15.56241,0.0],[74.16735,15.56349,0.0],[74.16544,15.56254,0.0],[74.16287,15.55826,0.0],[74.15926,15.55554,0.0],[74.15645,15.54993,0.0],[74.15535,15.55264,0.0],[74.15523,15.5567,0.0],[74.15249,15.5605,0.0],[74.15146,15.56741,0.0],[74.15796,15.56693,0.0]]]}},{"id":"100","type":"Feature","properties":{"state":"GOA","state_code":"30","district":"NORTH GOA","district_code":585,"sub_district":"SATARI","sub_district_code":"05613","sub_district_type":"Taluk","village":"Ustem","village_category":"Rural","village_code":"626800"},"geometry":{"type":"Polygon","coordinates":[[[74.21254,15.56079,0.0],[74.20716,15.56012,0.0],[74.20656,15.55408,0.0],[74.20272,15.54934,0.0],[74.20594,15.54666,0.0],[74.20594,15.54508,0.0],[74.20505,15.54454,0.0],[74.19957,15.54646,0.0],[74.19129,15.55674,0.0],[74.19126,15.55865,0.0],[74.18892,15.55909,0.0],[74.18528,15.56328,0.0],[74.1943,15.56742,0.0],[74.19813,15.56753,0.0],[74.20029,15.57001,0.0],[74.20465,15.57161,0.0],[74.20767,15.56893,0.0],[74.21529,15.56779,0.0],[74.21254,15.56079,0.0]]]}},{"id":"101","type":"Feature","properties":{"state":"GOA","state_code":"30","district":"NORTH GOA","district_code":585,"sub_district":"BICHOLIM","sub_district_code":"05612","sub_district_type":"Taluk","village":"Aturli","village_category":"Rural","village_code":"626754"},"geometry":{"type":"Polygon","coordinates":[[[73.92576,15.55637,0.0],[73.91939,15.55679,0.0],[73.91932,15.5557,0.0],[73.91468,15.55581,0.0],[73.91398,15.55752,0.0],[73.91922,15.56162,0.0],[73.92388,15.56257,0.0],[73.9279,15.5622,0.0],[73.92576,15.55637,0.0]]]}},{"id":"102","type":"Feature","properties":{"state":"GOA","state_code":"30","district":"NORTH GOA","district_code":585,"sub_district":"BICHOLIM","sub_district_code":"05612","sub_district_type":"Taluk","village":"Sankhali (M Cl)","village_category":"Partly_Urban","village_code":"252077"},"geometry":{"type":"Polygon","coordinates":[[[74.01427,15.56537,0.0],[74.01693,15.56582,0.0],[74.0197,15.56352,0.0],[74.02253,15.56378,0.0],[74.02013,15.5567,0.0],[74.01791,15.5532,0.0],[74.0198,15.55249,0.0],[74.02185,15.54994,0.0],[74.01719,15.54646,0.0],[74.01576,15.54399,0.0],[74.01201,15.54569,0.0],[74.00875,15.54951,0.0],[74.00509,15.55087,0.0],[74.00248,15.55036,0.0],[74.00114,15.55131,0.0],[74.00153,15.55277,0.0],[73.99559,15.55647,0.0],[73.99385,15.55871,0.0],[73.99162,15.55856,0.0],[73.99061,15.55947,0.0],[73.99086,15.56037,0.0],[73.99481,15.56242,0.0],[73.99768,15.56504,0.0],[73.9987,15.56446,0.0],[74.00006,15.56082,0.0],[74.0022,15.56388,0.0],[74.00391,15.56216,0.0],[74.00619,15.56141,0.0],[74.00629,15.56324,0.0],[74.00843,15.56403,0.0],[74.00824,15.56623,0.0],[74.01143,15.56676,0.0],[74.01427,15.56537,0.0]]]}},{"id":"103","type":"Feature","properties":{"state":"GOA","state_code":"30","district":"NORTH GOA","district_code":585,"sub_district":"SATARI","sub_district_code":"05613","sub_district_type":"Taluk","village":"Satorem","village_category":"Rural","village_code":"626805"},"geometry":{"type":"Polygon","coordinates":[[[74.15431,15.55045,0.0],[74.13661,15.54873,0.0],[74.13958,15.55427,0.0],[74.14381,15.55703,0.0],[74.14804,15.5623,0.0],[74.15207,15.56455,0.0],[74.15249,15.5605,0.0],[74.15419,15.55897,0.0],[74.1557,15.55534,0.0],[74.15535,15.55264,0.0],[74.15641,15.55002,0.0],[74.15431,15.55045,0.0]]]}},{"id":"104","type":"Feature","properties":{"state":"GOA","state_code":"30","district":"NORTH GOA","district_code":585,"sub_district":"BICHOLIM","sub_district_code":"05612","sub_district_type":"Taluk","village":"Naroa","village_category":"Rural","village_code":"626755"},"geometry":{"type":"Polygon","coordinates":[[[73.94228,15.56002,0.0],[73.94423,15.55602,0.0],[73.9433,15.55371,0.0],[73.94376,15.55147,0.0],[73.94664,15.55046,0.0],[73.94794,15.54785,0.0],[73.94047,15.54152,0.0],[73.92935,15.53503,0.0],[73.9212,15.53953,0.0],[73.91845,15.54341,0.0],[73.91172,15.54758,0.0],[73.9106,15.55005,0.0],[73.90656,15.55333,0.0],[73.9067,15.55538,0.0],[73.91064,15.55581,0.0],[73.91365,15.55791,0.0],[73.91468,15.55581,0.0],[73.91932,15.5557,0.0],[73.91939,15.55679,0.0],[73.92576,15.55637,0.0],[73.9279,15.5622,0.0],[73.93458,15.56507,0.0],[73.93678,15.56221,0.0],[73.93924,15.56203,0.0],[73.94257,15.56457,0.0],[73.94228,15.56002,0.0]]]}},{"id":"105","type":"Feature","properties":{"state":"GOA","state_code":"30","district":"NORTH GOA","district_code":585,"sub_district":"BARDEZ","sub_district_code":"05610","sub_district_type":"Taluk","village":"Saligao","village_category":"Rural","village_code":"626696"},"geometry":{"type":"Polygon","coordinates":[[[73.79885,15.5476,0.0],[73.80023,15.5442,0.0],[73.80415,15.53961,0.0],[73.79397,15.5317,0.0],[73.79247,15.53139,0.0],[73.78909,15.52618,0.0],[73.78739,15.5263,0.0],[73.78597,15.52438,0.0],[73.7848,15.52445,0.0],[73.78541,15.52677,0.0],[73.78391,15.53201,0.0],[73.78081,15.53513,0.0],[73.78047,15.53887,0.0],[73.78136,15.53981,0.0],[73.78185,15.54655,0.0],[73.78147,15.54809,0.0],[73.78029,15.54802,0.0],[73.77981,15.54891,0.0],[73.78023,15.54978,0.0],[73.77896,15.55018,0.0],[73.77938,15.55292,0.0],[73.78817,15.55466,0.0],[73.78877,15.55938,0.0],[73.79363,15.55915,0.0],[73.79726,15.56027,0.0],[73.79885,15.5476,0.0]]]}},{"id":"106","type":"Feature","properties":{"state":"GOA","state_code":"30","district":"NORTH GOA","district_code":585,"sub_district":"SATARI","sub_district_code":"05613","sub_district_type":"Taluk","village":"Onda (CT)","village_category":"Rural","village_code":"626842"},"geometry":{"type":"Polygon","coordinates":[[[74.06234,15.54061,0.0],[74.06006,15.53858,0.0],[74.05217,15.53669,0.0],[74.04884,15.53316,0.0],[74.04908,15.52961,0.0],[74.04806,15.52842,0.0],[74.04364,15.53234,0.0],[74.04458,15.53343,0.0],[74.04354,15.53461,0.0],[74.03944,15.53532,0.0],[74.03874,15.53702,0.0],[74.04077,15.53831,0.0],[74.03948,15.53883,0.0],[74.04093,15.53932,0.0],[74.03984,15.54191,0.0],[74.04329,15.54696,0.0],[74.04401,15.55058,0.0],[74.05435,15.56112,0.0],[74.05574,15.5659,0.0],[74.05527,15.56638,0.0],[74.06187,15.56809,0.0],[74.06834,15.57179,0.0],[74.06746,15.55401,0.0],[74.068,15.55029,0.0],[74.06482,15.54155,0.0],[74.06234,15.54061,0.0]]]}},{"id":"107","type":"Feature","properties":{"state":"GOA","state_code":"30","district":"NORTH GOA","district_code":585,"sub_district":"BARDEZ","sub_district_code":"05610","sub_district_type":"Taluk","village":"Sangolda","village_category":"Rural","village_code":"626688"},"geometry":{"type":"Polygon","coordinates":[[[73.81081,15.55221,0.0],[73.81211,15.55204,0.0],[73.81308,15.55011,0.0],[73.81378,15.54539,0.0],[73.81622,15.54477,0.0],[73.81889,15.54199,0.0],[73.81763,15.53859,0.0],[73.80465,15.53943,0.0],[73.80023,15.5442,0.0],[73.79843,15.54974,0.0],[73.79772,15.55838,0.0],[73.80051,15.5598,0.0],[73.80217,15.55893,0.0],[73.80621,15.56087,0.0],[73.8076,15.56018,0.0],[73.81081,15.55221,0.0]]]}},{"id":"108","type":"Feature","properties":{"state":"GOA","state_code":"30","district":"NORTH GOA","district_code":585,"sub_district":"BICHOLIM","sub_district_code":"05612","sub_district_type":"Taluk","village":"Piligao","village_category":"Rural","village_code":"626756"},"geometry":{"type":"Polygon","coordinates":[[[73.96773,15.56359,0.0],[73.96985,15.56274,0.0],[73.97143,15.55893,0.0],[73.97292,15.55837,0.0],[73.97092,15.55491,0.0],[73.97392,15.55145,0.0],[73.97335,15.54841,0.0],[73.96989,15.54738,0.0],[73.96745,15.54562,0.0],[73.96673,15.53989,0.0],[73.96525,15.53652,0.0],[73.96221,15.53879,0.0],[73.95572,15.54587,0.0],[73.95116,15.54848,0.0],[73.94794,15.54785,0.0],[73.94664,15.55046,0.0],[73.94387,15.55131,0.0],[73.9433,15.55371,0.0],[73.94423,15.55602,0.0],[73.94235,15.55969,0.0],[73.94221,15.56236,0.0],[73.94332,15.56633,0.0],[73.94793,15.5677,0.0],[73.95155,15.56576,0.0],[73.96086,15.56833,0.0],[73.96635,15.56518,0.0],[73.96773,15.56359,0.0]]]}},{"id":"109","type":"Feature","properties":{"state":"GOA","state_code":"30","district":"NORTH GOA","district_code":585,"sub_district":"BARDEZ","sub_district_code":"05610","sub_district_type":"Taluk","village":"Nagoa","village_category":"Rural","village_code":"626674"},"geometry":{"type":"Polygon","coordinates":[[[73.78877,15.55938,0.0],[73.78817,15.55466,0.0],[73.78006,15.55343,0.0],[73.77873,15.55121,0.0],[73.77492,15.55211,0.0],[73.7739,15.55338,0.0],[73.77076,15.55351,0.0],[73.76925,15.55619,0.0],[73.76994,15.55914,0.0],[73.77189,15.55936,0.0],[73.77285,15.55834,0.0],[73.77498,15.55878,0.0],[73.77697,15.56087,0.0],[73.78441,15.56172,0.0],[73.78972,15.56091,0.0],[73.78965,15.5594,0.0],[73.78877,15.55938,0.0]]]}},{"id":"110","type":"Feature","properties":{"state":"GOA","state_code":"30","district":"NORTH GOA","district_code":585,"sub_district":"SATARI","sub_district_code":"05613","sub_district_type":"Taluk","village":"Zarani","village_category":"Rural","village_code":"626799"},"geometry":{"type":"Polygon","coordinates":[[[74.22381,15.57491,0.0],[74.23096,15.57656,0.0],[74.23463,15.57305,0.0],[74.23632,15.56925,0.0],[74.24551,15.56514,0.0],[74.24638,15.56695,0.0],[74.24967,15.56765,0.0],[74.2571,15.56206,0.0],[74.25858,15.56168,0.0],[74.25972,15.56232,0.0],[74.25994,15.5612,0.0],[74.25348,15.55612,0.0],[74.24736,15.55429,0.0],[74.24535,15.55127,0.0],[74.24339,15.55093,0.0],[74.23812,15.55335,0.0],[74.23288,15.55303,0.0],[74.23111,15.55575,0.0],[74.22895,15.55685,0.0],[74.22574,15.56166,0.0],[74.22462,15.56204,0.0],[74.21254,15.56079,0.0],[74.21488,15.56613,0.0],[74.21607,15.57182,0.0],[74.21473,15.57353,0.0],[74.20817,15.57473,0.0],[74.20802,15.57592,0.0],[74.21221,15.5766,0.0],[74.21857,15.58208,0.0],[74.22381,15.57491,0.0]]]}},{"id":"111","type":"Feature","properties":{"state":"GOA","state_code":"30","district":"NORTH GOA","district_code":585,"sub_district":"BICHOLIM","sub_district_code":"05612","sub_district_type":"Taluk","village":"Vainguinim","village_category":"Rural","village_code":"626753"},"geometry":{"type":"Polygon","coordinates":[[[73.90464,15.56241,0.0],[73.90563,15.56443,0.0],[73.90455,15.56554,0.0],[73.90601,15.56713,0.0],[73.91034,15.5693,0.0],[73.91214,15.57004,0.0],[73.91557,15.56675,0.0],[73.91487,15.56345,0.0],[73.90581,15.56192,0.0],[73.90464,15.56241,0.0]]]}},{"id":"112","type":"Feature","properties":{"state":"GOA","state_code":"30","district":"NORTH GOA","district_code":585,"sub_district":"SATARI","sub_district_code":"05613","sub_district_type":"Taluk","village":"Carambolim Brama","village_category":"Rural","village_code":"626793"},"geometry":{"type":"Polygon","coordinates":[[[74.17886,15.57777,0.0],[74.17718,15.57609,0.0],[74.17686,15.5741,0.0],[74.17934,15.57231,0.0],[74.18095,15.56887,0.0],[74.18185,15.56544,0.0],[74.18103,15.56381,0.0],[74.18162,15.56194,0.0],[74.17561,15.56004,0.0],[74.17438,15.56122,0.0],[74.17135,15.5621,0.0],[74.17151,15.56341,0.0],[74.16875,15.56515,0.0],[74.16432,15.5639,0.0],[74.16181,15.56427,0.0],[74.16081,15.56745,0.0],[74.16118,15.56887,0.0],[74.15796,15.56693,0.0],[74.15146,15.56741,0.0],[74.15162,15.57078,0.0],[74.15726,15.57984,0.0],[74.16848,15.58314,0.0],[74.17725,15.58326,0.0],[74.17886,15.57777,0.0]]]}},{"id":"113","type":"Feature","properties":{"state":"GOA","state_code":"30","district":"NORTH GOA","district_code":585,"sub_district":"SATARI","sub_district_code":"05613","sub_district_type":"Taluk","village":"Compordem","village_category":"Rural","village_code":"626790"},"geometry":{"type":"Polygon","coordinates":[[[74.13847,15.56917,0.0],[74.13745,15.56828,0.0],[74.13835,15.56411,0.0],[74.14147,15.56382,0.0],[74.14223,15.56037,0.0],[74.14395,15.56129,0.0],[74.1453,15.56082,0.0],[74.14434,15.55755,0.0],[74.13958,15.55427,0.0],[74.13596,15.54734,0.0],[74.13132,15.5451,0.0],[74.13023,15.54575,0.0],[74.12938,15.54955,0.0],[74.1231,15.55383,0.0],[74.12025,15.55681,0.0],[74.11847,15.56182,0.0],[74.11183,15.56889,0.0],[74.10891,15.57517,0.0],[74.11012,15.57864,0.0],[74.11353,15.57966,0.0],[74.11588,15.58273,0.0],[74.11917,15.5793,0.0],[74.13847,15.56917,0.0]]]}},{"id":"114","type":"Feature","properties":{"state":"GOA","state_code":"30","district":"NORTH GOA","district_code":585,"sub_district":"SATARI","sub_district_code":"05613","sub_district_type":"Taluk","village":"Saleli","village_category":"Rural","village_code":"626787"},"geometry":{"type":"Polygon","coordinates":[[[74.08433,15.57548,0.0],[74.08613,15.57224,0.0],[74.0934,15.56311,0.0],[74.09499,15.55654,0.0],[74.09425,15.55413,0.0],[74.08345,15.54884,0.0],[74.07865,15.54749,0.0],[74.07153,15.54267,0.0],[74.06889,15.54312,0.0],[74.06482,15.54155,0.0],[74.068,15.55029,0.0],[74.06746,15.55401,0.0],[74.06834,15.57179,0.0],[74.07359,15.58211,0.0],[74.084,15.57779,0.0],[74.08433,15.57548,0.0]]]}},{"id":"115","type":"Feature","properties":{"state":"GOA","state_code":"30","district":"NORTH GOA","district_code":585,"sub_district":"BARDEZ","sub_district_code":"05610","sub_district_type":"Taluk","village":"Bastora","village_category":"Rural","village_code":"626678"},"geometry":{"type":"Polygon","coordinates":[[[73.83359,15.59196,0.0],[73.83545,15.5892,0.0],[73.83407,15.58642,0.0],[73.83257,15.58754,0.0],[73.83093,15.58515,0.0],[73.83117,15.58168,0.0],[73.82784,15.57772,0.0],[73.82347,15.57654,0.0],[73.82093,15.57397,0.0],[73.8187,15.57418,0.0],[73.8139,15.57208,0.0],[73.81183,15.57278,0.0],[73.81083,15.57204,0.0],[73.80794,15.57384,0.0],[73.81029,15.57634,0.0],[73.81389,15.57794,0.0],[73.81392,15.57915,0.0],[73.81472,15.57904,0.0],[73.81569,15.58125,0.0],[73.81604,15.5842,0.0],[73.81865,15.58512,0.0],[73.8193,15.58752,0.0],[73.8241,15.5879,0.0],[73.83116,15.59442,0.0],[73.83441,15.59253,0.0],[73.83359,15.59196,0.0]]]}},{"id":"116","type":"Feature","properties":{"state":"GOA","state_code":"30","district":"NORTH GOA","district_code":585,"sub_district":"BARDEZ","sub_district_code":"05610","sub_district_type":"Taluk","village":"Socorro","village_category":"Rural","village_code":"626703"},"geometry":{"type":"Polygon","coordinates":[[[73.84432,15.56798,0.0],[73.84737,15.5688,0.0],[73.84815,15.56764,0.0],[73.84749,15.56491,0.0],[73.84868,15.56234,0.0],[73.85262,15.5628,0.0],[73.85275,15.5615,0.0],[73.85347,15.5614,0.0],[73.85215,15.5575,0.0],[73.85423,15.55612,0.0],[73.85579,15.55372,0.0],[73.8548,15.55221,0.0],[73.85536,15.55092,0.0],[73.84964,15.55024,0.0],[73.84184,15.54643,0.0],[73.84162,15.54545,0.0],[73.84283,15.54391,0.0],[73.8341,15.53969,0.0],[73.83198,15.53746,0.0],[73.82246,15.53186,0.0],[73.81707,15.53841,0.0],[73.81808,15.53906,0.0],[73.81889,15.54199,0.0],[73.81622,15.54477,0.0],[73.81378,15.54539,0.0],[73.81308,15.55011,0.0],[73.81211,15.55204,0.0],[73.81081,15.55221,0.0],[73.8076,15.56018,0.0],[73.81337,15.55931,0.0],[73.81663,15.55984,0.0],[73.81842,15.5609,0.0],[73.81873,15.56464,0.0],[73.82155,15.56508,0.0],[73.82229,15.56671,0.0],[73.82408,15.56774,0.0],[73.82534,15.56771,0.0],[73.83562,15.57249,0.0],[73.84432,15.56798,0.0]]]}},{"id":"117","type":"Feature","properties":{"state":"GOA","state_code":"30","district":"NORTH GOA","district_code":585,"sub_district":"BARDEZ","sub_district_code":"05610","sub_district_type":"Taluk","village":"Olaulim","village_category":"Rural","village_code":"626686"},"geometry":{"type":"Polygon","coordinates":[[[73.87378,15.56344,0.0],[73.87126,15.56811,0.0],[73.86618,15.56711,0.0],[73.86335,15.56774,0.0],[73.85923,15.57305,0.0],[73.86062,15.57479,0.0],[73.86302,15.57604,0.0],[73.86525,15.57567,0.0],[73.86665,15.57434,0.0],[73.87259,15.57374,0.0],[73.87328,15.57276,0.0],[73.87258,15.57145,0.0],[73.87601,15.5708,0.0],[73.87868,15.56822,0.0],[73.87806,15.56735,0.0],[73.8787,15.56441,0.0],[73.87378,15.56344,0.0]]]}},{"id":"118","type":"Feature","properties":{"state":"GOA","state_code":"30","district":"NORTH GOA","district_code":585,"sub_district":"SATARI","sub_district_code":"05613","sub_district_type":"Taluk","village":"Cumarconda","village_category":"Rural","village_code":"626808"},"geometry":{"type":"Polygon","coordinates":[[[74.10364,15.53415,0.0],[74.10754,15.53006,0.0],[74.10779,15.52529,0.0],[74.09519,15.51481,0.0],[74.09479,15.51594,0.0],[74.09356,15.51648,0.0],[74.08987,15.51354,0.0],[74.08513,15.51683,0.0],[74.08231,15.52239,0.0],[74.08191,15.53104,0.0],[74.0831,15.5334,0.0],[74.0869,15.53576,0.0],[74.09144,15.53584,0.0],[74.10016,15.54308,0.0],[74.10196,15.54065,0.0],[74.10223,15.53794,0.0],[74.10364,15.53415,0.0]]]}},{"id":"119","type":"Feature","properties":{"state":"GOA","state_code":"30","district":"NORTH GOA","district_code":585,"sub_district":"TISWADI","sub_district_code":"05611","sub_district_type":"Taluk","village":"Navelim","village_category":"Rural","village_code":"626709"},"geometry":{"type":"Polygon","coordinates":[[[73.90116,15.52999,0.0],[73.90236,15.52948,0.0],[73.90327,15.52615,0.0],[73.90094,15.52513,0.0],[73.89917,15.52168,0.0],[73.90181,15.51218,0.0],[73.89888,15.51067,0.0],[73.89834,15.50755,0.0],[73.90221,15.50322,0.0],[73.89469,15.50153,0.0],[73.88008,15.50121,0.0],[73.87212,15.50345,0.0],[73.86497,15.50764,0.0],[73.86923,15.5072,0.0],[73.87244,15.50799,0.0],[73.88686,15.52,0.0],[73.89089,15.52754,0.0],[73.89306,15.52994,0.0],[73.90085,15.53523,0.0],[73.9022,15.53394,0.0],[73.90116,15.52999,0.0]]]}},{"id":"120","type":"Feature","properties":{"state":"GOA","state_code":"30","district":"SOUTH GOA","district_code":586,"sub_district":"PONDA","sub_district_code":"05614","sub_district_type":"Taluk","village":"Candola","village_category":"Rural","village_code":"626865"},"geometry":{"type":"Polygon","coordinates":[[[73.97121,15.5244,0.0],[73.98197,15.52036,0.0],[73.98106,15.5189,0.0],[73.98246,15.51713,0.0],[73.9807,15.51582,0.0],[73.98093,15.51338,0.0],[73.98012,15.51187,0.0],[73.98111,15.51102,0.0],[73.98269,15.50622,0.0],[73.98033,15.50597,0.0],[73.97901,15.50498,0.0],[73.97642,15.50701,0.0],[73.96369,15.51148,0.0],[73.96062,15.51712,0.0],[73.95856,15.51713,0.0],[73.95659,15.52152,0.0],[73.95165,15.52521,0.0],[73.95405,15.52633,0.0],[73.95561,15.53043,0.0],[73.95806,15.5338,0.0],[73.95854,15.53643,0.0],[73.96221,15.53879,0.0],[73.96525,15.53652,0.0],[73.97121,15.5244,0.0]]]}},{"id":"121","type":"Feature","properties":{"state":"GOA","state_code":"30","district":"NORTH GOA","district_code":585,"sub_district":"BARDEZ","sub_district_code":"05610","sub_district_type":"Taluk","village":"Marra","village_category":"Rural","village_code":"626689"},"geometry":{"type":"Polygon","coordinates":[[[73.80895,15.51043,0.0],[73.80695,15.51263,0.0],[73.80363,15.51415,0.0],[73.79876,15.51167,0.0],[73.79588,15.50832,0.0],[73.79253,15.50966,0.0],[73.79024,15.51435,0.0],[73.79186,15.51791,0.0],[73.79159,15.519,0.0],[73.78859,15.5202,0.0],[73.78957,15.52334,0.0],[73.78909,15.52618,0.0],[73.79247,15.53139,0.0],[73.7957,15.53309,0.0],[73.79693,15.53206,0.0],[73.79961,15.53175,0.0],[73.79991,15.52419,0.0],[73.80861,15.51447,0.0],[73.8106,15.51359,0.0],[73.80895,15.51043,0.0]]]}},{"id":"122","type":"Feature","properties":{"state":"GOA","state_code":"30","district":"NORTH GOA","district_code":585,"sub_district":"TISWADI","sub_district_code":"05611","sub_district_type":"Taluk","village":"Goltim","village_category":"Rural","village_code":"626710"},"geometry":{"type":"Polygon","coordinates":[[[73.90714,15.52549,0.0],[73.9099,15.5221,0.0],[73.91053,15.51828,0.0],[73.9094,15.51616,0.0],[73.9096,15.5145,0.0],[73.91302,15.51179,0.0],[73.91359,15.51028,0.0],[73.91529,15.51325,0.0],[73.92008,15.51223,0.0],[73.91135,15.50537,0.0],[73.90221,15.50322,0.0],[73.89834,15.50755,0.0],[73.89888,15.51067,0.0],[73.90181,15.51218,0.0],[73.89917,15.52168,0.0],[73.90094,15.52513,0.0],[73.90327,15.52615,0.0],[73.90236,15.52948,0.0],[73.90116,15.52999,0.0],[73.9022,15.53394,0.0],[73.90085,15.53523,0.0],[73.90627,15.53803,0.0],[73.90669,15.53196,0.0],[73.90753,15.53014,0.0],[73.90637,15.52981,0.0],[73.90714,15.52549,0.0]]]}},{"id":"123","type":"Feature","properties":{"state":"GOA","state_code":"30","district":"NORTH GOA","district_code":585,"sub_district":"SATARI","sub_district_code":"05613","sub_district_type":"Taluk","village":"Sonal","village_category":"Rural","village_code":"626817"},"geometry":{"type":"Polygon","coordinates":[[[74.19732,15.54565,0.0],[74.19605,15.5437,0.0],[74.19567,15.54161,0.0],[74.19649,15.53861,0.0],[74.195,15.53454,0.0],[74.19115,15.53496,0.0],[74.1881,15.53154,0.0],[74.18116,15.53263,0.0],[74.17991,15.53814,0.0],[74.18077,15.54065,0.0],[74.18032,15.54304,0.0],[74.18236,15.54508,0.0],[74.18735,15.54698,0.0],[74.19264,15.55135,0.0],[74.19494,15.55201,0.0],[74.19957,15.54646,0.0],[74.19732,15.54565,0.0]]]}},{"id":"124","type":"Feature","properties":{"state":"GOA","state_code":"30","district":"NORTH GOA","district_code":585,"sub_district":"SATARI","sub_district_code":"05613","sub_district_type":"Taluk","village":"Nanorem","village_category":"Rural","village_code":"626797"},"geometry":{"type":"Polygon","coordinates":[[[74.2206,15.58302,0.0],[74.21775,15.58153,0.0],[74.21221,15.5766,0.0],[74.20856,15.57615,0.0],[74.20784,15.57543,0.0],[74.20882,15.57447,0.0],[74.21519,15.57331,0.0],[74.21607,15.57182,0.0],[74.21529,15.56779,0.0],[74.20767,15.56893,0.0],[74.20088,15.57569,0.0],[74.20041,15.57836,0.0],[74.19749,15.58033,0.0],[74.19345,15.58,0.0],[74.19023,15.58377,0.0],[74.19264,15.59008,0.0],[74.19737,15.58908,0.0],[74.1979,15.58975,0.0],[74.20114,15.58931,0.0],[74.20443,15.58408,0.0],[74.20741,15.58355,0.0],[74.21001,15.58365,0.0],[74.21639,15.5879,0.0],[74.2206,15.58302,0.0]]]}},{"id":"125","type":"Feature","properties":{"state":"GOA","state_code":"30","district":"NORTH GOA","district_code":585,"sub_district":"BARDEZ","sub_district_code":"05610","sub_district_type":"Taluk","village":"Calangute","village_category":"Rural","village_code":"626695"},"geometry":{"type":"Polygon","coordinates":[[[73.77076,15.55351,0.0],[73.7739,15.55338,0.0],[73.77492,15.55211,0.0],[73.77964,15.55146,0.0],[73.77896,15.55018,0.0],[73.78023,15.54978,0.0],[73.77981,15.54891,0.0],[73.78029,15.54802,0.0],[73.78147,15.54809,0.0],[73.78185,15.54655,0.0],[73.78136,15.53981,0.0],[73.78047,15.53887,0.0],[73.78092,15.53461,0.0],[73.78391,15.53201,0.0],[73.78541,15.52677,0.0],[73.7848,15.52445,0.0],[73.78597,15.52438,0.0],[73.78739,15.5263,0.0],[73.78909,15.52618,0.0],[73.78957,15.52334,0.0],[73.78859,15.5202,0.0],[73.78634,15.52077,0.0],[73.78456,15.51974,0.0],[73.7814,15.51348,0.0],[73.77921,15.51416,0.0],[73.7781,15.52118,0.0],[73.77663,15.52511,0.0],[73.77501,15.52505,0.0],[73.76949,15.5285,0.0],[73.75989,15.52761,0.0],[73.75545,15.54507,0.0],[73.74923,15.56057,0.0],[73.7504,15.56915,0.0],[73.75591,15.57224,0.0],[73.75711,15.56526,0.0],[73.7588,15.56514,0.0],[73.75898,15.56285,0.0],[73.76071,15.56002,0.0],[73.76049,15.55751,0.0],[73.7656,15.55663,0.0],[73.76827,15.5576,0.0],[73.76813,15.55644,0.0],[73.76925,15.55619,0.0],[73.77076,15.55351,0.0]]]}},{"id":"126","type":"Feature","properties":{"state":"GOA","state_code":"30","district":"NORTH GOA","district_code":585,"sub_district":"BARDEZ","sub_district_code":"05610","sub_district_type":"Taluk","village":"Pomburpa","village_category":"Rural","village_code":"626687"},"geometry":{"type":"Polygon","coordinates":[[[73.86062,15.57479,0.0],[73.85923,15.57305,0.0],[73.86335,15.56774,0.0],[73.86618,15.56711,0.0],[73.87126,15.56811,0.0],[73.87378,15.56344,0.0],[73.87093,15.56234,0.0],[73.86918,15.56058,0.0],[73.86878,15.55841,0.0],[73.87062,15.55371,0.0],[73.86509,15.55467,0.0],[73.86259,15.55414,0.0],[73.86075,15.55125,0.0],[73.86213,15.54933,0.0],[73.86043,15.54736,0.0],[73.85661,15.54911,0.0],[73.85536,15.55092,0.0],[73.8548,15.55221,0.0],[73.85579,15.55372,0.0],[73.85423,15.55612,0.0],[73.85215,15.5575,0.0],[73.85347,15.5614,0.0],[73.85275,15.5615,0.0],[73.85262,15.5628,0.0],[73.84868,15.56234,0.0],[73.84749,15.56491,0.0],[73.84815,15.56764,0.0],[73.84737,15.5688,0.0],[73.84432,15.56798,0.0],[73.84213,15.56936,0.0],[73.84638,15.57485,0.0],[73.85055,15.57769,0.0],[73.85426,15.57709,0.0],[73.85663,15.57554,0.0],[73.86062,15.57479,0.0]]]}},{"id":"127","type":"Feature","properties":{"state":"GOA","state_code":"30","district":"NORTH GOA","district_code":585,"sub_district":"BICHOLIM","sub_district_code":"05612","sub_district_type":"Taluk","village":"Carapur (CT)","village_category":"Rural","village_code":"626763"},"geometry":{"type":"Polygon","coordinates":[[[74.00619,15.56141,0.0],[74.00415,15.56207,0.0],[74.0022,15.56388,0.0],[74.00006,15.56082,0.0],[73.9987,15.56446,0.0],[73.99743,15.56496,0.0],[73.99059,15.5599,0.0],[73.99214,15.55794,0.0],[73.9917,15.55099,0.0],[73.98511,15.54948,0.0],[73.98296,15.55023,0.0],[73.98133,15.55212,0.0],[73.97392,15.55145,0.0],[73.97092,15.55491,0.0],[73.97292,15.55837,0.0],[73.97143,15.55893,0.0],[73.96985,15.56274,0.0],[73.96773,15.56359,0.0],[73.96635,15.56518,0.0],[73.9692,15.57055,0.0],[73.97179,15.572,0.0],[73.97581,15.57057,0.0],[73.98155,15.57505,0.0],[73.9826,15.57738,0.0],[73.9877,15.58002,0.0],[73.99087,15.58417,0.0],[73.99611,15.5835,0.0],[73.99778,15.58188,0.0],[73.99715,15.57766,0.0],[73.99821,15.57214,0.0],[74.00273,15.56752,0.0],[74.0058,15.56752,0.0],[74.00824,15.56623,0.0],[74.00843,15.56403,0.0],[74.00643,15.5634,0.0],[74.00619,15.56141,0.0]]]}},{"id":"128","type":"Feature","properties":{"state":"GOA","state_code":"30","district":"NORTH GOA","district_code":585,"sub_district":"SATARI","sub_district_code":"05613","sub_district_type":"Taluk","village":"Maloli","village_category":"Rural","village_code":"626796"},"geometry":{"type":"Polygon","coordinates":[[[74.19023,15.58377,0.0],[74.19345,15.58,0.0],[74.19749,15.58033,0.0],[74.20041,15.57836,0.0],[74.20053,15.57621,0.0],[74.20465,15.57161,0.0],[74.20029,15.57001,0.0],[74.19813,15.56753,0.0],[74.1943,15.56742,0.0],[74.18786,15.56486,0.0],[74.18383,15.56202,0.0],[74.18162,15.56194,0.0],[74.18103,15.56381,0.0],[74.18185,15.56544,0.0],[74.18095,15.56887,0.0],[74.17934,15.57231,0.0],[74.17686,15.5741,0.0],[74.17718,15.57609,0.0],[74.17886,15.57777,0.0],[74.17725,15.58326,0.0],[74.1777,15.58715,0.0],[74.17929,15.58732,0.0],[74.18249,15.5922,0.0],[74.18482,15.59212,0.0],[74.18539,15.59107,0.0],[74.18649,15.59095,0.0],[74.19127,15.59292,0.0],[74.19264,15.59008,0.0],[74.19023,15.58377,0.0]]]}},{"id":"129","type":"Feature","properties":{"state":"GOA","state_code":"30","district":"NORTH GOA","district_code":585,"sub_district":"SATARI","sub_district_code":"05613","sub_district_type":"Taluk","village":"Naneli","village_category":"Rural","village_code":"626792"},"geometry":{"type":"Polygon","coordinates":[[[74.16323,15.5858,0.0],[74.16276,15.58464,0.0],[74.16398,15.58151,0.0],[74.15726,15.57984,0.0],[74.15171,15.57088,0.0],[74.1481,15.57225,0.0],[74.14491,15.57233,0.0],[74.14172,15.56874,0.0],[74.13847,15.56917,0.0],[74.11917,15.5793,0.0],[74.11931,15.58148,0.0],[74.12052,15.58212,0.0],[74.12676,15.58063,0.0],[74.12854,15.58095,0.0],[74.13017,15.58018,0.0],[74.13053,15.57907,0.0],[74.1327,15.5791,0.0],[74.13873,15.58119,0.0],[74.14092,15.58071,0.0],[74.14105,15.58146,0.0],[74.13899,15.58371,0.0],[74.14026,15.58994,0.0],[74.14847,15.58948,0.0],[74.15227,15.59178,0.0],[74.15467,15.5917,0.0],[74.15923,15.58918,0.0],[74.15948,15.58772,0.0],[74.16323,15.5858,0.0]]]}},{"id":"130","type":"Feature","properties":{"state":"GOA","state_code":"30","district":"NORTH GOA","district_code":585,"sub_district":"BARDEZ","sub_district_code":"05610","sub_district_type":"Taluk","village":"Paliem","village_category":"Rural","village_code":"626679"},"geometry":{"type":"Polygon","coordinates":[[[73.82534,15.56771,0.0],[73.82408,15.56774,0.0],[73.82229,15.56671,0.0],[73.82155,15.56508,0.0],[73.81873,15.56464,0.0],[73.81726,15.57111,0.0],[73.81582,15.57083,0.0],[73.81573,15.57141,0.0],[73.8172,15.57336,0.0],[73.8187,15.57418,0.0],[73.82093,15.57397,0.0],[73.82347,15.57654,0.0],[73.82683,15.57723,0.0],[73.82863,15.57855,0.0],[73.83562,15.57249,0.0],[73.82534,15.56771,0.0]]]}},{"id":"131","type":"Feature","properties":{"state":"GOA","state_code":"30","district":"NORTH GOA","district_code":585,"sub_district":"SATARI","sub_district_code":"05613","sub_district_type":"Taluk","village":"Zormen","village_category":"Rural","village_code":"626788"},"geometry":{"type":"Polygon","coordinates":[[[74.10872,15.5673,0.0],[74.10706,15.56502,0.0],[74.09501,15.55629,0.0],[74.09317,15.56363,0.0],[74.09199,15.5642,0.0],[74.08613,15.57224,0.0],[74.08433,15.57548,0.0],[74.084,15.57779,0.0],[74.08507,15.57944,0.0],[74.08946,15.58041,0.0],[74.09099,15.58229,0.0],[74.09124,15.5858,0.0],[74.09608,15.59139,0.0],[74.10492,15.59116,0.0],[74.10736,15.59188,0.0],[74.11035,15.58952,0.0],[74.11588,15.58273,0.0],[74.11353,15.57966,0.0],[74.11025,15.57877,0.0],[74.10905,15.57702,0.0],[74.10891,15.57517,0.0],[74.1124,15.56844,0.0],[74.10872,15.5673,0.0]]]}},{"id":"132","type":"Feature","properties":{"state":"GOA","state_code":"30","district":"NORTH GOA","district_code":585,"sub_district":"SATARI","sub_district_code":"05613","sub_district_type":"Taluk","village":"Vainguinim","village_category":"Rural","village_code":"626798"},"geometry":{"type":"Polygon","coordinates":[[[74.26025,15.59263,0.0],[74.24874,15.58038,0.0],[74.25053,15.57737,0.0],[74.24531,15.5672,0.0],[74.24519,15.5666,0.0],[74.24638,15.56695,0.0],[74.24551,15.56514,0.0],[74.23632,15.56925,0.0],[74.23463,15.57305,0.0],[74.23096,15.57656,0.0],[74.22381,15.57491,0.0],[74.21857,15.58208,0.0],[74.2206,15.58302,0.0],[74.21728,15.58694,0.0],[74.22301,15.59008,0.0],[74.22665,15.58967,0.0],[74.23182,15.59342,0.0],[74.23879,15.59456,0.0],[74.24486,15.593,0.0],[74.24813,15.59368,0.0],[74.25153,15.59748,0.0],[74.25993,15.59813,0.0],[74.26025,15.59263,0.0]]]}},{"id":"133","type":"Feature","properties":{"state":"GOA","state_code":"30","district":"NORTH GOA","district_code":585,"sub_district":"SATARI","sub_district_code":"05613","sub_district_type":"Taluk","village":"Xelopo Buzruco","village_category":"Rural","village_code":"626794"},"geometry":{"type":"Polygon","coordinates":[[[74.16593,15.59462,0.0],[74.16852,15.59051,0.0],[74.17096,15.59047,0.0],[74.1739,15.58711,0.0],[74.17756,15.58598,0.0],[74.17725,15.58326,0.0],[74.16848,15.58314,0.0],[74.16398,15.58151,0.0],[74.16276,15.58464,0.0],[74.16323,15.5858,0.0],[74.15948,15.58772,0.0],[74.15923,15.58918,0.0],[74.15467,15.5917,0.0],[74.15227,15.59178,0.0],[74.15484,15.59337,0.0],[74.15732,15.59337,0.0],[74.15931,15.59609,0.0],[74.16593,15.59462,0.0]]]}},{"id":"134","type":"Feature","properties":{"state":"GOA","state_code":"30","district":"NORTH GOA","district_code":585,"sub_district":"SATARI","sub_district_code":"05613","sub_district_type":"Taluk","village":"Podocem","village_category":"Rural","village_code":"626765"},"geometry":{"type":"Polygon","coordinates":[[[74.0058,15.56752,0.0],[74.00273,15.56752,0.0],[73.99821,15.57214,0.0],[73.99715,15.57766,0.0],[73.99792,15.58134,0.0],[73.99611,15.5835,0.0],[73.99833,15.58301,0.0],[74.00417,15.58889,0.0],[74.0068,15.59002,0.0],[74.00851,15.58608,0.0],[74.01561,15.58127,0.0],[74.01943,15.57528,0.0],[74.01934,15.57382,0.0],[74.01718,15.57095,0.0],[74.0129,15.57038,0.0],[74.00824,15.56623,0.0],[74.0058,15.56752,0.0]]]}},{"id":"135","type":"Feature","properties":{"state":"GOA","state_code":"30","district":"NORTH GOA","district_code":585,"sub_district":"BARDEZ","sub_district_code":"05610","sub_district_type":"Taluk","village":"Arpora","village_category":"Rural","village_code":"626673"},"geometry":{"type":"Polygon","coordinates":[[[73.77421,15.57946,0.0],[73.774,15.57429,0.0],[73.77599,15.56942,0.0],[73.77259,15.56364,0.0],[73.77387,15.55889,0.0],[73.77285,15.55834,0.0],[73.77189,15.55936,0.0],[73.76994,15.55914,0.0],[73.76925,15.55619,0.0],[73.76813,15.55644,0.0],[73.76827,15.5576,0.0],[73.7656,15.55663,0.0],[73.7608,15.5573,0.0],[73.76085,15.55948,0.0],[73.75898,15.56285,0.0],[73.7588,15.56514,0.0],[73.75711,15.56526,0.0],[73.75591,15.57224,0.0],[73.75956,15.57415,0.0],[73.76078,15.57561,0.0],[73.76237,15.58079,0.0],[73.76946,15.58255,0.0],[73.77235,15.58188,0.0],[73.77421,15.57946,0.0]]]}},{"id":"136","type":"Feature","properties":{"state":"GOA","state_code":"30","district":"NORTH GOA","district_code":585,"sub_district":"BARDEZ","sub_district_code":"05610","sub_district_type":"Taluk","village":"Parra","village_category":"Rural","village_code":"626675"},"geometry":{"type":"Polygon","coordinates":[[[73.79735,15.57358,0.0],[73.79809,15.57163,0.0],[73.79672,15.56497,0.0],[73.79666,15.5601,0.0],[73.79363,15.55915,0.0],[73.78965,15.5594,0.0],[73.78972,15.56091,0.0],[73.78344,15.56172,0.0],[73.77882,15.56058,0.0],[73.77697,15.56087,0.0],[73.77498,15.55878,0.0],[73.77387,15.55889,0.0],[73.77259,15.56364,0.0],[73.77599,15.56942,0.0],[73.774,15.57429,0.0],[73.77421,15.57946,0.0],[73.77235,15.58188,0.0],[73.77452,15.58467,0.0],[73.78061,15.58233,0.0],[73.78516,15.57878,0.0],[73.79377,15.57414,0.0],[73.79452,15.57385,0.0],[73.79532,15.57488,0.0],[73.79735,15.57358,0.0]]]}},{"id":"137","type":"Feature","properties":{"state":"GOA","state_code":"30","district":"NORTH GOA","district_code":585,"sub_district":"BICHOLIM","sub_district_code":"05612","sub_district_type":"Taluk","village":"Sarvona","village_category":"Rural","village_code":"626751"},"geometry":{"type":"Polygon","coordinates":[[[73.98638,15.59239,0.0],[73.98799,15.5914,0.0],[73.9898,15.58211,0.0],[73.98653,15.57909,0.0],[73.9826,15.57738,0.0],[73.98155,15.57505,0.0],[73.97581,15.57057,0.0],[73.97179,15.572,0.0],[73.9692,15.57055,0.0],[73.96635,15.56518,0.0],[73.96086,15.56833,0.0],[73.96155,15.57375,0.0],[73.96077,15.57367,0.0],[73.95976,15.57531,0.0],[73.96045,15.58057,0.0],[73.95812,15.5855,0.0],[73.95784,15.58728,0.0],[73.95876,15.58774,0.0],[73.95773,15.58968,0.0],[73.96164,15.59197,0.0],[73.96279,15.59108,0.0],[73.96305,15.58913,0.0],[73.96532,15.58883,0.0],[73.96637,15.59037,0.0],[73.96579,15.59318,0.0],[73.97074,15.59433,0.0],[73.97261,15.59683,0.0],[73.97426,15.596,0.0],[73.97608,15.59698,0.0],[73.97708,15.59876,0.0],[73.97809,15.59728,0.0],[73.98027,15.59641,0.0],[73.98202,15.59838,0.0],[73.98386,15.59793,0.0],[73.98638,15.59239,0.0]]]}},{"id":"138","type":"Feature","properties":{"state":"GOA","state_code":"30","district":"NORTH GOA","district_code":585,"sub_district":"SATARI","sub_district_code":"05613","sub_district_type":"Taluk","village":"Sigonem","village_category":"Rural","village_code":"626795"},"geometry":{"type":"Polygon","coordinates":[[[74.1823,15.60124,0.0],[74.18026,15.59797,0.0],[74.1801,15.59528,0.0],[74.18249,15.5922,0.0],[74.17929,15.58732,0.0],[74.1777,15.58715,0.0],[74.17756,15.58598,0.0],[74.1739,15.58711,0.0],[74.17096,15.59047,0.0],[74.16852,15.59051,0.0],[74.16593,15.59462,0.0],[74.16282,15.59469,0.0],[74.16263,15.59539,0.0],[74.1605,15.59529,0.0],[74.15931,15.59609,0.0],[74.15976,15.6012,0.0],[74.1625,15.60065,0.0],[74.16647,15.60161,0.0],[74.16589,15.60377,0.0],[74.16897,15.60511,0.0],[74.16994,15.60662,0.0],[74.17574,15.60661,0.0],[74.17811,15.60524,0.0],[74.18134,15.60463,0.0],[74.1823,15.60124,0.0]]]}},{"id":"139","type":"Feature","properties":{"state":"GOA","state_code":"30","district":"NORTH GOA","district_code":585,"sub_district":"SATARI","sub_district_code":"05613","sub_district_type":"Taluk","village":"Morlem","village_category":"Rural","village_code":"626786"},"geometry":{"type":"Polygon","coordinates":[[[74.06407,15.59231,0.0],[74.06741,15.59067,0.0],[74.0683,15.58704,0.0],[74.07112,15.58363,0.0],[74.07359,15.58211,0.0],[74.06833,15.57178,0.0],[74.06187,15.56809,0.0],[74.05527,15.56638,0.0],[74.05152,15.57037,0.0],[74.04331,15.57126,0.0],[74.04531,15.57302,0.0],[74.04266,15.57883,0.0],[74.04224,15.58226,0.0],[74.03969,15.58777,0.0],[74.03799,15.58964,0.0],[74.038,15.59402,0.0],[74.0394,15.59487,0.0],[74.04007,15.59813,0.0],[74.0462,15.60027,0.0],[74.05037,15.60269,0.0],[74.05232,15.60213,0.0],[74.05225,15.60125,0.0],[74.05529,15.59979,0.0],[74.05656,15.59801,0.0],[74.06093,15.59609,0.0],[74.06407,15.59231,0.0]]]}},{"id":"140","type":"Feature","properties":{"state":"GOA","state_code":"30","district":"NORTH GOA","district_code":585,"sub_district":"BARDEZ","sub_district_code":"05610","sub_district_type":"Taluk","village":"Nachinola","village_category":"Rural","village_code":"626682"},"geometry":{"type":"Polygon","coordinates":[[[73.86374,15.58857,0.0],[73.86386,15.58682,0.0],[73.86235,15.58512,0.0],[73.86105,15.58027,0.0],[73.85845,15.57646,0.0],[73.85663,15.57554,0.0],[73.85426,15.57709,0.0],[73.85116,15.57785,0.0],[73.84694,15.57532,0.0],[73.84761,15.58092,0.0],[73.85095,15.58856,0.0],[73.84956,15.59206,0.0],[73.85408,15.59481,0.0],[73.857,15.59315,0.0],[73.85937,15.5928,0.0],[73.86374,15.58857,0.0]]]}},{"id":"141","type":"Feature","properties":{"state":"GOA","state_code":"30","district":"NORTH GOA","district_code":585,"sub_district":"SATARI","sub_district_code":"05613","sub_district_type":"Taluk","village":"Pale","village_category":"Rural","village_code":"626783"},"geometry":{"type":"Polygon","coordinates":[[[74.14178,15.59684,0.0],[74.14198,15.59567,0.0],[74.14019,15.59182,0.0],[74.13899,15.58371,0.0],[74.14105,15.58146,0.0],[74.14092,15.58071,0.0],[74.13873,15.58119,0.0],[74.1327,15.5791,0.0],[74.13053,15.57907,0.0],[74.13017,15.58018,0.0],[74.12854,15.58095,0.0],[74.12676,15.58063,0.0],[74.12052,15.58212,0.0],[74.11931,15.58148,0.0],[74.11917,15.5793,0.0],[74.11384,15.58456,0.0],[74.11035,15.58952,0.0],[74.10736,15.59188,0.0],[74.10792,15.59309,0.0],[74.11009,15.59401,0.0],[74.10973,15.59732,0.0],[74.11181,15.60088,0.0],[74.11816,15.60629,0.0],[74.12478,15.60473,0.0],[74.12828,15.6067,0.0],[74.13348,15.60783,0.0],[74.13573,15.60109,0.0],[74.14178,15.59684,0.0]]]}},{"id":"142","type":"Feature","properties":{"state":"GOA","state_code":"30","district":"NORTH GOA","district_code":585,"sub_district":"BARDEZ","sub_district_code":"05610","sub_district_type":"Taluk","village":"Verla","village_category":"Rural","village_code":"626676"},"geometry":{"type":"Polygon","coordinates":[[[73.79924,15.58481,0.0],[73.79761,15.58301,0.0],[73.79632,15.57947,0.0],[73.79657,15.57612,0.0],[73.79452,15.57385,0.0],[73.78516,15.57878,0.0],[73.78061,15.58233,0.0],[73.77452,15.58467,0.0],[73.77535,15.58569,0.0],[73.77485,15.58754,0.0],[73.77946,15.59,0.0],[73.78166,15.59238,0.0],[73.78308,15.59214,0.0],[73.78783,15.59383,0.0],[73.79368,15.59255,0.0],[73.79824,15.59304,0.0],[73.79924,15.58481,0.0]]]}},{"id":"143","type":"Feature","properties":{"state":"GOA","state_code":"30","district":"NORTH GOA","district_code":585,"sub_district":"SATARI","sub_district_code":"05613","sub_district_type":"Taluk","village":"Poriem","village_category":"Rural","village_code":"626766"},"geometry":{"type":"Polygon","coordinates":[[[74.0208,15.60609,0.0],[74.0242,15.60901,0.0],[74.0254,15.60944,0.0],[74.02716,15.60876,0.0],[74.02865,15.60519,0.0],[74.03934,15.59586,0.0],[74.0394,15.59487,0.0],[74.038,15.59402,0.0],[74.03799,15.58964,0.0],[74.03969,15.58777,0.0],[74.04224,15.58226,0.0],[74.04266,15.57883,0.0],[74.04532,15.57285,0.0],[74.03317,15.565,0.0],[74.02918,15.56521,0.0],[74.02644,15.56655,0.0],[74.02363,15.56408,0.0],[74.0197,15.56352,0.0],[74.01693,15.56582,0.0],[74.01427,15.56537,0.0],[74.01143,15.56676,0.0],[74.00824,15.56624,0.0],[74.0129,15.57038,0.0],[74.01718,15.57095,0.0],[74.01934,15.57382,0.0],[74.01943,15.57528,0.0],[74.01561,15.58127,0.0],[74.00851,15.58608,0.0],[74.0068,15.59002,0.0],[74.00972,15.59118,0.0],[74.01408,15.59024,0.0],[74.01625,15.59097,0.0],[74.01823,15.59653,0.0],[74.02043,15.59949,0.0],[74.02181,15.60492,0.0],[74.0208,15.60609,0.0]]]}},{"id":"144","type":"Feature","properties":{"state":"GOA","state_code":"30","district":"NORTH GOA","district_code":585,"sub_district":"BICHOLIM","sub_district_code":"05612","sub_district_type":"Taluk","village":"Maem","village_category":"Rural","village_code":"626752"},"geometry":{"type":"Polygon","coordinates":[[[73.91872,15.60178,0.0],[73.92331,15.60031,0.0],[73.92873,15.59301,0.0],[73.93189,15.59172,0.0],[73.9343,15.58937,0.0],[73.93772,15.5852,0.0],[73.93764,15.5836,0.0],[73.94021,15.58373,0.0],[73.94239,15.58143,0.0],[73.94655,15.57937,0.0],[73.94873,15.57588,0.0],[73.94704,15.572,0.0],[73.94793,15.5677,0.0],[73.94364,15.56659,0.0],[73.94257,15.56457,0.0],[73.93974,15.56206,0.0],[73.93678,15.56221,0.0],[73.93458,15.56507,0.0],[73.9279,15.5622,0.0],[73.92388,15.56257,0.0],[73.91922,15.56162,0.0],[73.91064,15.55581,0.0],[73.9067,15.55538,0.0],[73.90404,15.55729,0.0],[73.90583,15.55913,0.0],[73.90581,15.56192,0.0],[73.91487,15.56345,0.0],[73.91557,15.56675,0.0],[73.91412,15.56833,0.0],[73.91214,15.57004,0.0],[73.90601,15.56713,0.0],[73.90455,15.56554,0.0],[73.90234,15.56713,0.0],[73.90111,15.57448,0.0],[73.89691,15.57493,0.0],[73.89595,15.57221,0.0],[73.89385,15.572,0.0],[73.89263,15.57088,0.0],[73.89123,15.5726,0.0],[73.88875,15.57296,0.0],[73.88893,15.57458,0.0],[73.8871,15.57688,0.0],[73.88749,15.58124,0.0],[73.88894,15.5826,0.0],[73.88855,15.58592,0.0],[73.89035,15.58856,0.0],[73.89283,15.58912,0.0],[73.89435,15.5904,0.0],[73.89646,15.59637,0.0],[73.89635,15.59815,0.0],[73.89134,15.60054,0.0],[73.89139,15.60416,0.0],[73.89407,15.60386,0.0],[73.90083,15.60007,0.0],[73.90921,15.59689,0.0],[73.91135,15.59946,0.0],[73.91079,15.60628,0.0],[73.91872,15.60178,0.0]]]}},{"id":"145","type":"Feature","properties":{"state":"GOA","state_code":"30","district":"NORTH GOA","district_code":585,"sub_district":"BICHOLIM","sub_district_code":"05612","sub_district_type":"Taluk","village":"Curchirem","village_category":"Rural","village_code":"626750"},"geometry":{"type":"Polygon","coordinates":[[[74.00939,15.61004,0.0],[74.0208,15.60609,0.0],[74.02183,15.60512,0.0],[74.02043,15.59949,0.0],[74.01823,15.59653,0.0],[74.01562,15.59055,0.0],[74.00933,15.59114,0.0],[74.00417,15.58889,0.0],[73.99833,15.58301,0.0],[73.99087,15.58417,0.0],[73.99004,15.58252,0.0],[73.98799,15.5914,0.0],[73.98638,15.59239,0.0],[73.98386,15.59793,0.0],[73.98467,15.59905,0.0],[73.98432,15.60127,0.0],[73.98513,15.60211,0.0],[73.99067,15.60218,0.0],[73.99211,15.60715,0.0],[73.99107,15.61194,0.0],[73.99336,15.61064,0.0],[74.0033,15.61089,0.0],[74.00939,15.61004,0.0]]]}},{"id":"146","type":"Feature","properties":{"state":"GOA","state_code":"30","district":"NORTH GOA","district_code":585,"sub_district":"BARDEZ","sub_district_code":"05610","sub_district_type":"Taluk","village":"Moira","village_category":"Rural","village_code":"626692"},"geometry":{"type":"Polygon","coordinates":[[[73.84756,15.6022,0.0],[73.85475,15.60052,0.0],[73.86223,15.5999,0.0],[73.85907,15.59569,0.0],[73.86139,15.59356,0.0],[73.86062,15.5915,0.0],[73.85937,15.5928,0.0],[73.857,15.59315,0.0],[73.85408,15.59481,0.0],[73.84956,15.59206,0.0],[73.84516,15.59165,0.0],[73.84219,15.58716,0.0],[73.84055,15.58689,0.0],[73.83918,15.58543,0.0],[73.83732,15.58571,0.0],[73.8367,15.58689,0.0],[73.83872,15.58919,0.0],[73.83843,15.5904,0.0],[73.83524,15.59331,0.0],[73.83401,15.59258,0.0],[73.83116,15.59442,0.0],[73.83279,15.59782,0.0],[73.83127,15.60211,0.0],[73.83411,15.60621,0.0],[73.84045,15.60671,0.0],[73.84756,15.6022,0.0]]]}},{"id":"147","type":"Feature","properties":{"state":"GOA","state_code":"30","district":"NORTH GOA","district_code":585,"sub_district":"BICHOLIM","sub_district_code":"05612","sub_district_type":"Taluk","village":"Bicholim (M Cl)","village_category":"Partly_Urban","village_code":"252075"},"geometry":{"type":"Polygon","coordinates":[[[73.96248,15.60685,0.0],[73.96733,15.60391,0.0],[73.97003,15.60352,0.0],[73.97312,15.5978,0.0],[73.97074,15.59433,0.0],[73.96579,15.59318,0.0],[73.96641,15.59089,0.0],[73.96563,15.58898,0.0],[73.96305,15.58913,0.0],[73.96279,15.59108,0.0],[73.96164,15.59197,0.0],[73.95773,15.58968,0.0],[73.95876,15.58774,0.0],[73.95784,15.58728,0.0],[73.95812,15.5855,0.0],[73.96045,15.58057,0.0],[73.95976,15.57531,0.0],[73.96077,15.57367,0.0],[73.96155,15.57375,0.0],[73.96086,15.56833,0.0],[73.95066,15.56581,0.0],[73.94793,15.5677,0.0],[73.94739,15.56998,0.0],[73.94714,15.57288,0.0],[73.94873,15.57588,0.0],[73.94809,15.57731,0.0],[73.94655,15.57937,0.0],[73.94239,15.58143,0.0],[73.94021,15.58373,0.0],[73.93764,15.5836,0.0],[73.93772,15.5852,0.0],[73.93603,15.58724,0.0],[73.93633,15.59529,0.0],[73.93184,15.60014,0.0],[73.92673,15.60306,0.0],[73.9285,15.60634,0.0],[73.93214,15.60817,0.0],[73.93354,15.60943,0.0],[73.93315,15.61023,0.0],[73.93695,15.61189,0.0],[73.94273,15.6182,0.0],[73.94469,15.61687,0.0],[73.94481,15.61505,0.0],[73.94605,15.61353,0.0],[73.95192,15.60941,0.0],[73.96248,15.60685,0.0]]]}},{"id":"148","type":"Feature","properties":{"state":"GOA","state_code":"30","district":"NORTH GOA","district_code":585,"sub_district":"SATARI","sub_district_code":"05613","sub_district_type":"Taluk","village":"Derodem","village_category":"Rural","village_code":"626779"},"geometry":{"type":"Polygon","coordinates":[[[74.26191,15.60842,0.0],[74.25999,15.60672,0.0],[74.2608,15.60066,0.0],[74.25993,15.59813,0.0],[74.25153,15.59748,0.0],[74.24813,15.59368,0.0],[74.24486,15.593,0.0],[74.23977,15.59466,0.0],[74.23182,15.59342,0.0],[74.22725,15.5899,0.0],[74.22301,15.59008,0.0],[74.21728,15.58694,0.0],[74.21499,15.58866,0.0],[74.21469,15.59207,0.0],[74.21641,15.59615,0.0],[74.21489,15.59996,0.0],[74.21632,15.60408,0.0],[74.21597,15.60902,0.0],[74.22335,15.61198,0.0],[74.22977,15.61258,0.0],[74.23596,15.61699,0.0],[74.24567,15.62044,0.0],[74.25372,15.62674,0.0],[74.25848,15.6234,0.0],[74.25859,15.62078,0.0],[74.26307,15.61723,0.0],[74.26416,15.61588,0.0],[74.26191,15.60842,0.0]]]}},{"id":"149","type":"Feature","properties":{"state":"GOA","state_code":"30","district":"NORTH GOA","district_code":585,"sub_district":"SATARI","sub_district_code":"05613","sub_district_type":"Taluk","village":"Dongurli","village_category":"Forest Village","village_code":"626782"},"geometry":{"type":"Polygon","coordinates":[[[74.12869,15.61509,0.0],[74.13322,15.61594,0.0],[74.13676,15.61561,0.0],[74.14549,15.62115,0.0],[74.14693,15.6199,0.0],[74.15085,15.62045,0.0],[74.15263,15.61872,0.0],[74.15496,15.61941,0.0],[74.15836,15.61826,0.0],[74.15888,15.61338,0.0],[74.15843,15.61161,0.0],[74.15703,15.61169,0.0],[74.15768,15.61084,0.0],[74.16181,15.60897,0.0],[74.16502,15.60935,0.0],[74.16994,15.60662,0.0],[74.16897,15.60511,0.0],[74.16589,15.60377,0.0],[74.16647,15.60161,0.0],[74.1625,15.60065,0.0],[74.15976,15.6012,0.0],[74.15925,15.59548,0.0],[74.15732,15.59337,0.0],[74.15484,15.59337,0.0],[74.14847,15.58948,0.0],[74.14026,15.58994,0.0],[74.14019,15.59182,0.0],[74.14183,15.59427,0.0],[74.14178,15.59684,0.0],[74.13577,15.60102,0.0],[74.13495,15.60459,0.0],[74.13363,15.60647,0.0],[74.13379,15.60766,0.0],[74.12896,15.60694,0.0],[74.12478,15.60473,0.0],[74.11816,15.60629,0.0],[74.12059,15.60934,0.0],[74.12085,15.61404,0.0],[74.11923,15.61722,0.0],[74.12019,15.61865,0.0],[74.12039,15.62126,0.0],[74.1228,15.62129,0.0],[74.1245,15.61627,0.0],[74.12869,15.61509,0.0]]]}},{"id":"150","type":"Feature","properties":{"state":"GOA","state_code":"30","district":"NORTH GOA","district_code":585,"sub_district":"SATARI","sub_district_code":"05613","sub_district_type":"Taluk","village":"Gonteli","village_category":"Rural","village_code":"626768"},"geometry":{"type":"Polygon","coordinates":[[[74.06152,15.61236,0.0],[74.0633,15.61066,0.0],[74.06424,15.60665,0.0],[74.06242,15.60429,0.0],[74.063,15.60136,0.0],[74.06234,15.59678,0.0],[74.06093,15.59609,0.0],[74.05656,15.59801,0.0],[74.05529,15.59979,0.0],[74.05225,15.60125,0.0],[74.05232,15.60213,0.0],[74.05037,15.60269,0.0],[74.0496,15.60907,0.0],[74.05064,15.6124,0.0],[74.05028,15.61711,0.0],[74.05115,15.61911,0.0],[74.05176,15.61868,0.0],[74.05323,15.6194,0.0],[74.05732,15.6184,0.0],[74.05942,15.61762,0.0],[74.06152,15.61236,0.0]]]}},{"id":"151","type":"Feature","properties":{"state":"GOA","state_code":"30","district":"NORTH GOA","district_code":585,"sub_district":"SATARI","sub_district_code":"05613","sub_district_type":"Taluk","village":"Codal","village_category":"Rural","village_code":"626780"},"geometry":{"type":"Polygon","coordinates":[[[74.20895,15.62201,0.0],[74.20955,15.61979,0.0],[74.21224,15.617,0.0],[74.21415,15.61034,0.0],[74.21638,15.60798,0.0],[74.21632,15.60408,0.0],[74.21489,15.59996,0.0],[74.21641,15.59615,0.0],[74.21446,15.59065,0.0],[74.21499,15.58866,0.0],[74.21639,15.5879,0.0],[74.21001,15.58365,0.0],[74.20482,15.5838,0.0],[74.20114,15.58931,0.0],[74.1979,15.58975,0.0],[74.19737,15.58908,0.0],[74.19264,15.59008,0.0],[74.19127,15.59292,0.0],[74.18765,15.59117,0.0],[74.18539,15.59107,0.0],[74.18482,15.59212,0.0],[74.18249,15.5922,0.0],[74.1801,15.59528,0.0],[74.18026,15.59797,0.0],[74.1823,15.60124,0.0],[74.1811,15.60639,0.0],[74.18174,15.60952,0.0],[74.18293,15.61128,0.0],[74.18769,15.61446,0.0],[74.18889,15.61777,0.0],[74.1939,15.62266,0.0],[74.20153,15.62551,0.0],[74.20895,15.62201,0.0]]]}},{"id":"152","type":"Feature","properties":{"state":"GOA","state_code":"30","district":"NORTH GOA","district_code":585,"sub_district":"SATARI","sub_district_code":"05613","sub_district_type":"Taluk","village":"Querim","village_category":"Rural","village_code":"626785"},"geometry":{"type":"Polygon","coordinates":[[[74.0911,15.6108,0.0],[74.08974,15.60938,0.0],[74.08942,15.6053,0.0],[74.09271,15.60296,0.0],[74.09765,15.59434,0.0],[74.10167,15.59156,0.0],[74.09608,15.59139,0.0],[74.09124,15.5858,0.0],[74.09099,15.58229,0.0],[74.08946,15.58041,0.0],[74.08507,15.57944,0.0],[74.08366,15.57782,0.0],[74.07149,15.5833,0.0],[74.0683,15.58704,0.0],[74.06741,15.59067,0.0],[74.06407,15.59231,0.0],[74.06093,15.59609,0.0],[74.06234,15.59678,0.0],[74.063,15.60136,0.0],[74.06242,15.60429,0.0],[74.06424,15.60665,0.0],[74.0633,15.61066,0.0],[74.06152,15.61236,0.0],[74.06014,15.61655,0.0],[74.06421,15.61513,0.0],[74.07247,15.61772,0.0],[74.07598,15.61767,0.0],[74.08262,15.62133,0.0],[74.08679,15.61788,0.0],[74.0911,15.6108,0.0]]]}},{"id":"153","type":"Feature","properties":{"state":"GOA","state_code":"30","district":"NORTH GOA","district_code":585,"sub_district":"BARDEZ","sub_district_code":"05610","sub_district_type":"Taluk","village":"Corjuem","village_category":"Rural","village_code":"626683"},"geometry":{"type":"Polygon","coordinates":[[[73.88784,15.6106,0.0],[73.88618,15.60872,0.0],[73.89086,15.60518,0.0],[73.89185,15.60321,0.0],[73.89171,15.60005,0.0],[73.8955,15.59875,0.0],[73.89656,15.59761,0.0],[73.89607,15.59391,0.0],[73.89435,15.5904,0.0],[73.89283,15.58912,0.0],[73.89076,15.58887,0.0],[73.88899,15.58705,0.0],[73.88844,15.58489,0.0],[73.88894,15.5826,0.0],[73.88749,15.58124,0.0],[73.8871,15.57688,0.0],[73.88893,15.57458,0.0],[73.88847,15.57338,0.0],[73.88603,15.57185,0.0],[73.88111,15.57368,0.0],[73.88132,15.57863,0.0],[73.87687,15.58362,0.0],[73.87622,15.58586,0.0],[73.87777,15.59177,0.0],[73.87709,15.595,0.0],[73.88129,15.59722,0.0],[73.88299,15.59918,0.0],[73.88343,15.60271,0.0],[73.88239,15.60874,0.0],[73.88315,15.6131,0.0],[73.88551,15.6137,0.0],[73.88738,15.61316,0.0],[73.88784,15.6106,0.0]]]}},{"id":"154","type":"Feature","properties":{"state":"GOA","state_code":"30","district":"NORTH GOA","district_code":585,"sub_district":"BARDEZ","sub_district_code":"05610","sub_district_type":"Taluk","village":"Aldona","village_category":"Rural","village_code":"626704"},"geometry":{"type":"Polygon","coordinates":[[[73.88239,15.60874,0.0],[73.88343,15.60271,0.0],[73.88299,15.59918,0.0],[73.88129,15.59722,0.0],[73.87709,15.595,0.0],[73.87777,15.59177,0.0],[73.87622,15.58586,0.0],[73.87687,15.58362,0.0],[73.88132,15.57863,0.0],[73.88111,15.57368,0.0],[73.88581,15.5722,0.0],[73.88631,15.57061,0.0],[73.88482,15.56688,0.0],[73.8787,15.56441,0.0],[73.87806,15.56735,0.0],[73.87868,15.56822,0.0],[73.87601,15.5708,0.0],[73.87258,15.57145,0.0],[73.87328,15.57276,0.0],[73.87259,15.57374,0.0],[73.86665,15.57434,0.0],[73.86469,15.5759,0.0],[73.86255,15.57594,0.0],[73.86062,15.57479,0.0],[73.85663,15.57554,0.0],[73.85845,15.57646,0.0],[73.86105,15.58027,0.0],[73.86235,15.58512,0.0],[73.86386,15.58682,0.0],[73.86374,15.58857,0.0],[73.86062,15.5915,0.0],[73.86139,15.59356,0.0],[73.85917,15.59545,0.0],[73.85966,15.59682,0.0],[73.86223,15.5999,0.0],[73.86552,15.5984,0.0],[73.86838,15.60017,0.0],[73.86938,15.60393,0.0],[73.86835,15.60627,0.0],[73.86859,15.60847,0.0],[73.87601,15.61316,0.0],[73.8818,15.61398,0.0],[73.88328,15.61334,0.0],[73.88239,15.60874,0.0]]]}},{"id":"155","type":"Feature","properties":{"state":"GOA","state_code":"30","district":"NORTH GOA","district_code":585,"sub_district":"BARDEZ","sub_district_code":"05610","sub_district_type":"Taluk","village":"Anjuna","village_category":"Rural","village_code":"626694"},"geometry":{"type":"Polygon","coordinates":[[[73.74124,15.60525,0.0],[73.74467,15.60569,0.0],[73.74634,15.60464,0.0],[73.74784,15.60612,0.0],[73.75333,15.603,0.0],[73.75837,15.60156,0.0],[73.76813,15.59145,0.0],[73.76807,15.59014,0.0],[73.76968,15.59004,0.0],[73.77185,15.58845,0.0],[73.77452,15.58467,0.0],[73.77235,15.58188,0.0],[73.76946,15.58255,0.0],[73.76237,15.58079,0.0],[73.76078,15.57561,0.0],[73.75956,15.57415,0.0],[73.7508,15.56969,0.0],[73.7499,15.5626,0.0],[73.74647,15.55976,0.0],[73.74513,15.55989,0.0],[73.7415,15.56312,0.0],[73.7408,15.57061,0.0],[73.73889,15.57436,0.0],[73.73642,15.58327,0.0],[73.73472,15.58715,0.0],[73.73302,15.58732,0.0],[73.73222,15.58859,0.0],[73.73243,15.59043,0.0],[73.73438,15.59252,0.0],[73.73245,15.59581,0.0],[73.73312,15.59706,0.0],[73.73193,15.59799,0.0],[73.73415,15.60103,0.0],[73.73165,15.60618,0.0],[73.73288,15.60751,0.0],[73.73881,15.60762,0.0],[73.74124,15.60525,0.0]]]}},{"id":"156","type":"Feature","properties":{"state":"GOA","state_code":"30","district":"NORTH GOA","district_code":585,"sub_district":"SATARI","sub_district_code":"05613","sub_district_type":"Taluk","village":"Gululem","village_category":"Rural","village_code":"626784"},"geometry":{"type":"Polygon","coordinates":[[[74.12103,15.61299,0.0],[74.12042,15.6088,0.0],[74.11181,15.60088,0.0],[74.10973,15.59732,0.0],[74.11009,15.59401,0.0],[74.10792,15.59309,0.0],[74.1068,15.59134,0.0],[74.10167,15.59156,0.0],[74.09765,15.59434,0.0],[74.09271,15.60296,0.0],[74.08942,15.6053,0.0],[74.08974,15.60938,0.0],[74.0911,15.6108,0.0],[74.08863,15.61519,0.0],[74.09091,15.61745,0.0],[74.09321,15.6164,0.0],[74.09519,15.6171,0.0],[74.09619,15.61839,0.0],[74.0954,15.62067,0.0],[74.09802,15.62321,0.0],[74.10111,15.62367,0.0],[74.10449,15.62093,0.0],[74.10632,15.62051,0.0],[74.10813,15.6213,0.0],[74.11264,15.61872,0.0],[74.11539,15.61856,0.0],[74.11611,15.61728,0.0],[74.11923,15.61722,0.0],[74.12103,15.61299,0.0]]]}},{"id":"157","type":"Feature","properties":{"state":"GOA","state_code":"30","district":"NORTH GOA","district_code":585,"sub_district":"SATARI","sub_district_code":"05613","sub_district_type":"Taluk","village":"Ravona","village_category":"Rural","village_code":"626767"},"geometry":{"type":"Polygon","coordinates":[[[74.0254,15.60944,0.0],[74.02771,15.61674,0.0],[74.03116,15.62261,0.0],[74.04143,15.62451,0.0],[74.05032,15.62487,0.0],[74.04999,15.62035,0.0],[74.05115,15.61911,0.0],[74.05028,15.61711,0.0],[74.05064,15.6124,0.0],[74.0496,15.60907,0.0],[74.05015,15.60244,0.0],[74.0403,15.59832,0.0],[74.03913,15.59588,0.0],[74.02865,15.60519,0.0],[74.02715,15.60856,0.0],[74.0254,15.60944,0.0]]]}},{"id":"158","type":"Feature","properties":{"state":"GOA","state_code":"30","district":"NORTH GOA","district_code":585,"sub_district":"BICHOLIM","sub_district_code":"05612","sub_district_type":"Taluk","village":"Ona","village_category":"Rural","village_code":"626748"},"geometry":{"type":"Polygon","coordinates":[[[73.96179,15.61617,0.0],[73.96154,15.61134,0.0],[73.96235,15.60689,0.0],[73.95192,15.60941,0.0],[73.94481,15.61505,0.0],[73.94524,15.61734,0.0],[73.95163,15.62062,0.0],[73.958,15.62001,0.0],[73.9604,15.61851,0.0],[73.96179,15.61617,0.0]]]}},{"id":"159","type":"Feature","properties":{"state":"GOA","state_code":"30","district":"NORTH GOA","district_code":585,"sub_district":"SATARI","sub_district_code":"05613","sub_district_type":"Taluk","village":"Siroli","village_category":"Rural","village_code":"626769"},"geometry":{"type":"Polygon","coordinates":[[[74.08002,15.62907,0.0],[74.08005,15.62587,0.0],[74.0825,15.62358,0.0],[74.08262,15.62133,0.0],[74.07598,15.61767,0.0],[74.07247,15.61772,0.0],[74.06421,15.61513,0.0],[74.05732,15.6184,0.0],[74.05323,15.6194,0.0],[74.05143,15.61877,0.0],[74.04999,15.62035,0.0],[74.05032,15.62487,0.0],[74.0599,15.62732,0.0],[74.06161,15.62853,0.0],[74.06182,15.6266,0.0],[74.06317,15.62638,0.0],[74.06577,15.62968,0.0],[74.06957,15.63,0.0],[74.07011,15.62916,0.0],[74.0776,15.63221,0.0],[74.08002,15.62907,0.0]]]}},{"id":"160","type":"Feature","properties":{"state":"GOA","state_code":"30","district":"NORTH GOA","district_code":585,"sub_district":"BICHOLIM","sub_district_code":"05612","sub_district_type":"Taluk","village":"Maulinguem North","village_category":"Rural","village_code":"626749"},"geometry":{"type":"Polygon","coordinates":[[[73.97656,15.6268,0.0],[73.97905,15.62713,0.0],[73.98084,15.62409,0.0],[73.98785,15.61668,0.0],[73.99143,15.61072,0.0],[73.99211,15.60715,0.0],[73.99067,15.60218,0.0],[73.98484,15.60199,0.0],[73.98438,15.59835,0.0],[73.98359,15.59782,0.0],[73.98202,15.59838,0.0],[73.98027,15.59641,0.0],[73.97809,15.59728,0.0],[73.97708,15.59876,0.0],[73.97608,15.59698,0.0],[73.97354,15.59594,0.0],[73.97288,15.59689,0.0],[73.97321,15.59833,0.0],[73.97003,15.60352,0.0],[73.96733,15.60391,0.0],[73.96235,15.60689,0.0],[73.96154,15.61134,0.0],[73.96179,15.61617,0.0],[73.9604,15.61851,0.0],[73.97142,15.62622,0.0],[73.97083,15.62741,0.0],[73.97656,15.6268,0.0]]]}},{"id":"161","type":"Feature","properties":{"state":"GOA","state_code":"30","district":"NORTH GOA","district_code":585,"sub_district":"BARDEZ","sub_district_code":"05610","sub_district_type":"Taluk","village":"Assagao","village_category":"Rural","village_code":"626672"},"geometry":{"type":"Polygon","coordinates":[[[73.77959,15.60687,0.0],[73.78305,15.6066,0.0],[73.79103,15.60893,0.0],[73.80057,15.60804,0.0],[73.80312,15.60679,0.0],[73.8032,15.60036,0.0],[73.80188,15.60023,0.0],[73.79936,15.59736,0.0],[73.79824,15.59304,0.0],[73.79368,15.59255,0.0],[73.78783,15.59383,0.0],[73.78308,15.59214,0.0],[73.78166,15.59238,0.0],[73.77946,15.59,0.0],[73.77485,15.58754,0.0],[73.77535,15.58569,0.0],[73.77452,15.58467,0.0],[73.77185,15.58845,0.0],[73.76968,15.59004,0.0],[73.76807,15.59014,0.0],[73.76813,15.59145,0.0],[73.75837,15.60156,0.0],[73.7527,15.60328,0.0],[73.7476,15.60633,0.0],[73.74904,15.60732,0.0],[73.74928,15.60643,0.0],[73.75048,15.60718,0.0],[73.74997,15.60773,0.0],[73.75223,15.60856,0.0],[73.75458,15.61357,0.0],[73.75544,15.61276,0.0],[73.7573,15.61378,0.0],[73.75822,15.61334,0.0],[73.75948,15.61047,0.0],[73.76147,15.61239,0.0],[73.76282,15.61265,0.0],[73.7648,15.61505,0.0],[73.76588,15.61413,0.0],[73.76562,15.61335,0.0],[73.76633,15.61356,0.0],[73.76739,15.61227,0.0],[73.76612,15.60948,0.0],[73.77131,15.61095,0.0],[73.77416,15.6089,0.0],[73.77377,15.60649,0.0],[73.77207,15.60437,0.0],[73.77491,15.60531,0.0],[73.77585,15.6086,0.0],[73.77959,15.60687,0.0]]]}},{"id":"162","type":"Feature","properties":{"state":"GOA","state_code":"30","district":"NORTH GOA","district_code":585,"sub_district":"BARDEZ","sub_district_code":"05610","sub_district_type":"Taluk","village":"Marna","village_category":"Rural","village_code":"626671"},"geometry":{"type":"Polygon","coordinates":[[[73.7976,15.61743,0.0],[73.80414,15.61429,0.0],[73.80312,15.60679,0.0],[73.79805,15.6087,0.0],[73.79103,15.60893,0.0],[73.78626,15.60706,0.0],[73.77959,15.60687,0.0],[73.76965,15.61254,0.0],[73.77256,15.61612,0.0],[73.77452,15.6157,0.0],[73.77571,15.61639,0.0],[73.77749,15.61948,0.0],[73.7794,15.61682,0.0],[73.78305,15.6155,0.0],[73.79367,15.6182,0.0],[73.7976,15.61743,0.0]]]}},{"id":"163","type":"Feature","properties":{"state":"GOA","state_code":"30","district":"NORTH GOA","district_code":585,"sub_district":"SATARI","sub_district_code":"05613","sub_district_type":"Taluk","village":"Rivem","village_category":"Forest Village","village_code":"626781"},"geometry":{"type":"Polygon","coordinates":[[[74.18518,15.63414,0.0],[74.19053,15.62913,0.0],[74.19111,15.62678,0.0],[74.1939,15.62266,0.0],[74.18889,15.61777,0.0],[74.18769,15.61446,0.0],[74.18236,15.61048,0.0],[74.1811,15.60639,0.0],[74.18134,15.60463,0.0],[74.17811,15.60524,0.0],[74.17574,15.60661,0.0],[74.16994,15.60662,0.0],[74.16502,15.60935,0.0],[74.16181,15.60897,0.0],[74.15768,15.61084,0.0],[74.15703,15.61169,0.0],[74.15843,15.61161,0.0],[74.15888,15.61338,0.0],[74.15836,15.61826,0.0],[74.16437,15.62856,0.0],[74.16907,15.63235,0.0],[74.1698,15.63479,0.0],[74.17674,15.63724,0.0],[74.18322,15.6356,0.0],[74.18559,15.63611,0.0],[74.18518,15.63414,0.0]]]}},{"id":"164","type":"Feature","properties":{"state":"GOA","state_code":"30","district":"NORTH GOA","district_code":585,"sub_district":"BARDEZ","sub_district_code":"05610","sub_district_type":"Taluk","village":"Mapusa(M Cl)","village_category":"Partly_Urban","village_code":"252061"},"geometry":{"type":"Polygon","coordinates":[[[73.83587,15.60809,0.0],[73.83674,15.60635,0.0],[73.83411,15.60621,0.0],[73.8314,15.60259,0.0],[73.83138,15.60089,0.0],[73.83279,15.59782,0.0],[73.83116,15.59442,0.0],[73.8241,15.5879,0.0],[73.81913,15.58739,0.0],[73.81865,15.58512,0.0],[73.81604,15.5842,0.0],[73.81472,15.57904,0.0],[73.81277,15.5793,0.0],[73.81251,15.57826,0.0],[73.81168,15.5782,0.0],[73.81014,15.57933,0.0],[73.80974,15.58103,0.0],[73.80767,15.58169,0.0],[73.80305,15.58025,0.0],[73.80422,15.58346,0.0],[73.80354,15.58976,0.0],[73.79899,15.59072,0.0],[73.79823,15.59372,0.0],[73.79936,15.59736,0.0],[73.80188,15.60023,0.0],[73.8032,15.60036,0.0],[73.80328,15.61157,0.0],[73.80414,15.61429,0.0],[73.80989,15.61322,0.0],[73.81146,15.61944,0.0],[73.81401,15.62315,0.0],[73.81807,15.62069,0.0],[73.82318,15.61439,0.0],[73.82411,15.61374,0.0],[73.82614,15.61418,0.0],[73.83587,15.60809,0.0]]]}},{"id":"165","type":"Feature","properties":{"state":"GOA","state_code":"30","district":"NORTH GOA","district_code":585,"sub_district":"BICHOLIM","sub_district_code":"05612","sub_district_type":"Taluk","village":"Mulgao","village_category":"Rural","village_code":"626747"},"geometry":{"type":"Polygon","coordinates":[[[73.93695,15.61189,0.0],[73.93315,15.61023,0.0],[73.93354,15.60943,0.0],[73.93214,15.60817,0.0],[73.9285,15.60634,0.0],[73.92673,15.60306,0.0],[73.93184,15.60014,0.0],[73.93633,15.59529,0.0],[73.93603,15.58724,0.0],[73.93189,15.59172,0.0],[73.92873,15.59301,0.0],[73.92331,15.60031,0.0],[73.91872,15.60178,0.0],[73.9131,15.6051,0.0],[73.91236,15.60952,0.0],[73.91069,15.61142,0.0],[73.90913,15.61606,0.0],[73.90787,15.61574,0.0],[73.90747,15.61464,0.0],[73.90583,15.62021,0.0],[73.90632,15.6224,0.0],[73.90941,15.62379,0.0],[73.90758,15.62621,0.0],[73.90898,15.62852,0.0],[73.92026,15.62732,0.0],[73.92646,15.62462,0.0],[73.93013,15.62506,0.0],[73.93557,15.62212,0.0],[73.93829,15.62182,0.0],[73.94273,15.6182,0.0],[73.93695,15.61189,0.0]]]}},{"id":"166","type":"Feature","properties":{"state":"GOA","state_code":"30","district":"NORTH GOA","district_code":585,"sub_district":"SATARI","sub_district_code":"05613","sub_district_type":"Taluk","village":"Anjunem","village_category":"Rural","village_code":"626770"},"geometry":{"type":"Polygon","coordinates":[[[74.08262,15.62133,0.0],[74.0825,15.62358,0.0],[74.08005,15.62587,0.0],[74.08002,15.62907,0.0],[74.07849,15.63176,0.0],[74.08574,15.63568,0.0],[74.08846,15.63895,0.0],[74.09147,15.64026,0.0],[74.09371,15.6356,0.0],[74.09243,15.63319,0.0],[74.09215,15.63012,0.0],[74.094,15.6225,0.0],[74.09269,15.61959,0.0],[74.08909,15.61543,0.0],[74.08262,15.62133,0.0]]]}},{"id":"167","type":"Feature","properties":{"state":"GOA","state_code":"30","district":"NORTH GOA","district_code":585,"sub_district":"BARDEZ","sub_district_code":"05610","sub_district_type":"Taluk","village":"Sircaim","village_category":"Rural","village_code":"626669"},"geometry":{"type":"Polygon","coordinates":[[[73.89015,15.62626,0.0],[73.88551,15.6137,0.0],[73.87728,15.61354,0.0],[73.87424,15.6122,0.0],[73.8735,15.61356,0.0],[73.87237,15.61388,0.0],[73.87148,15.61682,0.0],[73.86924,15.61694,0.0],[73.86831,15.61773,0.0],[73.86636,15.62286,0.0],[73.86708,15.62395,0.0],[73.87366,15.6259,0.0],[73.88156,15.63154,0.0],[73.89088,15.63335,0.0],[73.89015,15.62626,0.0]]]}},{"id":"168","type":"Feature","properties":{"state":"GOA","state_code":"30","district":"NORTH GOA","district_code":585,"sub_district":"SATARI","sub_district_code":"05613","sub_district_type":"Taluk","village":"Quelaudem","village_category":"Rural","village_code":"626771"},"geometry":{"type":"Polygon","coordinates":[[[74.11389,15.64613,0.0],[74.11455,15.64317,0.0],[74.11597,15.64199,0.0],[74.1083,15.63531,0.0],[74.10096,15.62469,0.0],[74.10111,15.62367,0.0],[74.09802,15.62321,0.0],[74.09602,15.62156,0.0],[74.09534,15.62039,0.0],[74.09619,15.61839,0.0],[74.09558,15.61749,0.0],[74.09321,15.6164,0.0],[74.09124,15.61718,0.0],[74.094,15.6225,0.0],[74.09215,15.63012,0.0],[74.09243,15.63319,0.0],[74.09371,15.6356,0.0],[74.09147,15.64026,0.0],[74.09429,15.64237,0.0],[74.09753,15.64102,0.0],[74.10174,15.64263,0.0],[74.10311,15.64484,0.0],[74.10706,15.64645,0.0],[74.11389,15.64613,0.0]]]}},{"id":"169","type":"Feature","properties":{"state":"GOA","state_code":"30","district":"NORTH GOA","district_code":585,"sub_district":"SATARI","sub_district_code":"05613","sub_district_type":"Taluk","village":"Ivrem Buzruco","village_category":"Rural","village_code":"626774"},"geometry":{"type":"Polygon","coordinates":[[[74.14814,15.64872,0.0],[74.14792,15.64653,0.0],[74.14937,15.64458,0.0],[74.14746,15.64042,0.0],[74.14913,15.63534,0.0],[74.14837,15.63336,0.0],[74.14954,15.6282,0.0],[74.14759,15.62645,0.0],[74.14549,15.62115,0.0],[74.13984,15.61774,0.0],[74.13905,15.6192,0.0],[74.13598,15.6207,0.0],[74.13478,15.62245,0.0],[74.1351,15.6237,0.0],[74.1325,15.62859,0.0],[74.13381,15.6314,0.0],[74.13178,15.63562,0.0],[74.13381,15.64099,0.0],[74.13743,15.64466,0.0],[74.13651,15.64872,0.0],[74.14112,15.6511,0.0],[74.1472,15.6515,0.0],[74.14814,15.64872,0.0]]]}},{"id":"170","type":"Feature","properties":{"state":"GOA","state_code":"30","district":"NORTH GOA","district_code":585,"sub_district":"SATARI","sub_district_code":"05613","sub_district_type":"Taluk","village":"Ivrem Curdo","village_category":"Rural","village_code":"626775"},"geometry":{"type":"Polygon","coordinates":[[[74.1525,15.61904,0.0],[74.15085,15.62045,0.0],[74.14693,15.6199,0.0],[74.14549,15.62115,0.0],[74.14759,15.62645,0.0],[74.14954,15.6282,0.0],[74.14837,15.63336,0.0],[74.14913,15.63534,0.0],[74.14746,15.64042,0.0],[74.14937,15.64458,0.0],[74.14792,15.64653,0.0],[74.14814,15.64872,0.0],[74.1472,15.6515,0.0],[74.15109,15.65186,0.0],[74.15435,15.6499,0.0],[74.16324,15.63798,0.0],[74.16274,15.63663,0.0],[74.16053,15.63608,0.0],[74.15952,15.63425,0.0],[74.15948,15.63102,0.0],[74.15665,15.62512,0.0],[74.1525,15.61904,0.0]]]}},{"id":"171","type":"Feature","properties":{"state":"GOA","state_code":"30","district":"NORTH GOA","district_code":585,"sub_district":"BARDEZ","sub_district_code":"05610","sub_district_type":"Taluk","village":"Siolim","village_category":"Rural","village_code":"626690"},"geometry":{"type":"Polygon","coordinates":[[[73.81401,15.62315,0.0],[73.81146,15.61944,0.0],[73.80989,15.61322,0.0],[73.80452,15.61401,0.0],[73.7948,15.61816,0.0],[73.78305,15.6155,0.0],[73.7794,15.61682,0.0],[73.77749,15.61948,0.0],[73.77571,15.61639,0.0],[73.77452,15.6157,0.0],[73.77256,15.61612,0.0],[73.76965,15.61254,0.0],[73.77585,15.6086,0.0],[73.77491,15.60531,0.0],[73.7725,15.60433,0.0],[73.77416,15.6089,0.0],[73.77131,15.61095,0.0],[73.76612,15.60948,0.0],[73.76739,15.61227,0.0],[73.76633,15.61356,0.0],[73.76562,15.61335,0.0],[73.76588,15.61413,0.0],[73.7648,15.61505,0.0],[73.76282,15.61265,0.0],[73.76147,15.61239,0.0],[73.75948,15.61047,0.0],[73.75822,15.61334,0.0],[73.7573,15.61378,0.0],[73.75544,15.61276,0.0],[73.75458,15.61357,0.0],[73.75223,15.60856,0.0],[73.74997,15.60773,0.0],[73.75048,15.60718,0.0],[73.74928,15.60643,0.0],[73.74904,15.60732,0.0],[73.74781,15.6069,0.0],[73.74768,15.60575,0.0],[73.74634,15.60464,0.0],[73.7426,15.607,0.0],[73.74022,15.61202,0.0],[73.74192,15.61946,0.0],[73.74384,15.62171,0.0],[73.74824,15.62449,0.0],[73.7543,15.63102,0.0],[73.75691,15.63262,0.0],[73.76006,15.6322,0.0],[73.76243,15.63277,0.0],[73.76663,15.62923,0.0],[73.76938,15.62909,0.0],[73.76958,15.62708,0.0],[73.77106,15.62706,0.0],[73.77161,15.62545,0.0],[73.77918,15.62677,0.0],[73.78687,15.62959,0.0],[73.7862,15.63115,0.0],[73.78838,15.63116,0.0],[73.7892,15.63322,0.0],[73.79044,15.63387,0.0],[73.79101,15.63601,0.0],[73.79314,15.63387,0.0],[73.79946,15.63383,0.0],[73.804,15.62928,0.0],[73.80555,15.6295,0.0],[73.80869,15.62655,0.0],[73.81171,15.62539,0.0],[73.81423,15.62591,0.0],[73.81401,15.62315,0.0]]]}},{"id":"172","type":"Feature","properties":{"state":"GOA","state_code":"30","district":"NORTH GOA","district_code":585,"sub_district":"SATARI","sub_district_code":"05613","sub_district_type":"Taluk","village":"Choraundem","village_category":"Rural","village_code":"626773"},"geometry":{"type":"Polygon","coordinates":[[[74.13743,15.64466,0.0],[74.13306,15.63976,0.0],[74.13183,15.63484,0.0],[74.13381,15.6314,0.0],[74.1325,15.62859,0.0],[74.1351,15.6237,0.0],[74.13478,15.62245,0.0],[74.13598,15.6207,0.0],[74.13905,15.6192,0.0],[74.13984,15.61774,0.0],[74.13676,15.61561,0.0],[74.13322,15.61594,0.0],[74.12869,15.61509,0.0],[74.12458,15.61602,0.0],[74.12341,15.61822,0.0],[74.12291,15.62087,0.0],[74.12341,15.62135,0.0],[74.12096,15.62518,0.0],[74.12058,15.63054,0.0],[74.12184,15.63225,0.0],[74.12163,15.63399,0.0],[74.11745,15.64115,0.0],[74.11455,15.64317,0.0],[74.11411,15.64879,0.0],[74.11613,15.64918,0.0],[74.11758,15.65215,0.0],[74.11908,15.65238,0.0],[74.12309,15.6519,0.0],[74.12387,15.65095,0.0],[74.12729,15.65112,0.0],[74.13554,15.64837,0.0],[74.13651,15.64872,0.0],[74.13743,15.64466,0.0]]]}},{"id":"173","type":"Feature","properties":{"state":"GOA","state_code":"30","district":"NORTH GOA","district_code":585,"sub_district":"SATARI","sub_district_code":"05613","sub_district_type":"Taluk","village":"Golauli","village_category":"Rural","village_code":"626776"},"geometry":{"type":"Polygon","coordinates":[[[74.1741,15.65494,0.0],[74.18134,15.64969,0.0],[74.18543,15.63926,0.0],[74.18559,15.63611,0.0],[74.18322,15.6356,0.0],[74.17674,15.63724,0.0],[74.1698,15.63479,0.0],[74.16907,15.63235,0.0],[74.16437,15.62856,0.0],[74.15836,15.61826,0.0],[74.15496,15.61941,0.0],[74.15263,15.61872,0.0],[74.15816,15.62762,0.0],[74.16042,15.63594,0.0],[74.16274,15.63663,0.0],[74.16324,15.63798,0.0],[74.15435,15.6499,0.0],[74.15747,15.65468,0.0],[74.16442,15.6535,0.0],[74.16559,15.65438,0.0],[74.16509,15.65714,0.0],[74.16856,15.65451,0.0],[74.1741,15.65494,0.0]]]}},{"id":"174","type":"Feature","properties":{"state":"GOA","state_code":"30","district":"NORTH GOA","district_code":585,"sub_district":"BARDEZ","sub_district_code":"05610","sub_district_type":"Taluk","village":"Oxel","village_category":"Rural","village_code":"626662"},"geometry":{"type":"Polygon","coordinates":[[[73.79044,15.63387,0.0],[73.7892,15.63322,0.0],[73.78838,15.63116,0.0],[73.7862,15.63115,0.0],[73.78687,15.62959,0.0],[73.77918,15.62677,0.0],[73.77161,15.62545,0.0],[73.77106,15.62706,0.0],[73.76958,15.62708,0.0],[73.76938,15.62909,0.0],[73.76663,15.62923,0.0],[73.76243,15.63277,0.0],[73.76574,15.63584,0.0],[73.77251,15.63931,0.0],[73.77444,15.64209,0.0],[73.77852,15.63874,0.0],[73.77891,15.63753,0.0],[73.77828,15.63683,0.0],[73.7796,15.63608,0.0],[73.78011,15.63465,0.0],[73.78486,15.63482,0.0],[73.78961,15.63694,0.0],[73.79101,15.63601,0.0],[73.79044,15.63387,0.0]]]}},{"id":"175","type":"Feature","properties":{"state":"GOA","state_code":"30","district":"NORTH GOA","district_code":585,"sub_district":"BARDEZ","sub_district_code":"05610","sub_district_type":"Taluk","village":"Tivim","village_category":"Rural","village_code":"626670"},"geometry":{"type":"Polygon","coordinates":[[[73.88097,15.64329,0.0],[73.88378,15.64165,0.0],[73.88637,15.64235,0.0],[73.886,15.6383,0.0],[73.88986,15.63418,0.0],[73.8896,15.6333,0.0],[73.88113,15.63138,0.0],[73.87366,15.6259,0.0],[73.86632,15.62337,0.0],[73.86831,15.61773,0.0],[73.86924,15.61694,0.0],[73.87148,15.61682,0.0],[73.87237,15.61388,0.0],[73.8735,15.61356,0.0],[73.87424,15.6122,0.0],[73.86859,15.60847,0.0],[73.86835,15.60627,0.0],[73.86936,15.60332,0.0],[73.86736,15.59898,0.0],[73.86552,15.5984,0.0],[73.86266,15.59982,0.0],[73.85475,15.60052,0.0],[73.84756,15.6022,0.0],[73.84045,15.60671,0.0],[73.83674,15.60635,0.0],[73.83587,15.60809,0.0],[73.82614,15.61418,0.0],[73.82781,15.61982,0.0],[73.83006,15.62366,0.0],[73.83219,15.6256,0.0],[73.83292,15.62949,0.0],[73.83481,15.6324,0.0],[73.83802,15.63268,0.0],[73.84108,15.6315,0.0],[73.84361,15.6318,0.0],[73.84459,15.63353,0.0],[73.85016,15.63417,0.0],[73.85516,15.63754,0.0],[73.86021,15.6433,0.0],[73.86809,15.64582,0.0],[73.87273,15.6488,0.0],[73.87363,15.64907,0.0],[73.88075,15.64661,0.0],[73.88097,15.64329,0.0]]]}},{"id":"176","type":"Feature","properties":{"state":"GOA","state_code":"30","district":"NORTH GOA","district_code":585,"sub_district":"SATARI","sub_district_code":"05613","sub_district_type":"Taluk","village":"Satrem","village_category":"Rural","village_code":"626778"},"geometry":{"type":"Polygon","coordinates":[[[74.22841,15.66444,0.0],[74.22979,15.66638,0.0],[74.23149,15.66619,0.0],[74.23335,15.66797,0.0],[74.23636,15.66858,0.0],[74.2371,15.66628,0.0],[74.2394,15.66461,0.0],[74.23817,15.66362,0.0],[74.24299,15.66244,0.0],[74.24485,15.6582,0.0],[74.25044,15.65726,0.0],[74.25019,15.65615,0.0],[74.25198,15.65431,0.0],[74.24416,15.62611,0.0],[74.24826,15.6229,0.0],[74.24811,15.62213,0.0],[74.24372,15.61957,0.0],[74.23596,15.61699,0.0],[74.22977,15.61258,0.0],[74.22335,15.61198,0.0],[74.21597,15.60902,0.0],[74.21415,15.61034,0.0],[74.21224,15.617,0.0],[74.20955,15.61979,0.0],[74.20895,15.62201,0.0],[74.20404,15.62451,0.0],[74.20454,15.62602,0.0],[74.20373,15.62792,0.0],[74.20402,15.63128,0.0],[74.20566,15.63432,0.0],[74.20634,15.64236,0.0],[74.20506,15.64597,0.0],[74.20693,15.65133,0.0],[74.21586,15.65304,0.0],[74.21745,15.65274,0.0],[74.22216,15.65564,0.0],[74.22222,15.65685,0.0],[74.21772,15.65836,0.0],[74.21515,15.66287,0.0],[74.21765,15.6623,0.0],[74.21802,15.66435,0.0],[74.22378,15.66898,0.0],[74.22458,15.6682,0.0],[74.2246,15.66626,0.0],[74.22841,15.66444,0.0]]]}},{"id":"177","type":"Feature","properties":{"state":"GOA","state_code":"30","district":"NORTH GOA","district_code":585,"sub_district":"PERNEM","sub_district_code":"05609","sub_district_type":"Taluk","village":"Agarvado","village_category":"Rural","village_code":"626657"},"geometry":{"type":"Polygon","coordinates":[[[73.77251,15.63931,0.0],[73.76486,15.63504,0.0],[73.75605,15.64381,0.0],[73.75988,15.64869,0.0],[73.76175,15.64973,0.0],[73.766,15.65022,0.0],[73.7697,15.64891,0.0],[73.77535,15.64444,0.0],[73.77251,15.63931,0.0]]]}},{"id":"178","type":"Feature","properties":{"state":"GOA","state_code":"30","district":"NORTH GOA","district_code":585,"sub_district":"BARDEZ","sub_district_code":"05610","sub_district_type":"Taluk","village":"Camurlim","village_category":"Rural","village_code":"626663"},"geometry":{"type":"Polygon","coordinates":[[[73.8165,15.65045,0.0],[73.81339,15.64743,0.0],[73.81662,15.64516,0.0],[73.81309,15.6411,0.0],[73.81522,15.63222,0.0],[73.81423,15.62591,0.0],[73.8126,15.62546,0.0],[73.80869,15.62655,0.0],[73.80555,15.6295,0.0],[73.804,15.62928,0.0],[73.79946,15.63383,0.0],[73.79314,15.63387,0.0],[73.78992,15.63696,0.0],[73.78486,15.63482,0.0],[73.78011,15.63465,0.0],[73.7796,15.63608,0.0],[73.77828,15.63683,0.0],[73.77891,15.63753,0.0],[73.77852,15.63874,0.0],[73.77444,15.64209,0.0],[73.77786,15.64975,0.0],[73.78126,15.65147,0.0],[73.78508,15.65194,0.0],[73.78955,15.65119,0.0],[73.7967,15.64763,0.0],[73.80871,15.6522,0.0],[73.81512,15.65337,0.0],[73.81723,15.65308,0.0],[73.8165,15.65045,0.0]]]}},{"id":"179","type":"Feature","properties":{"state":"GOA","state_code":"30","district":"NORTH GOA","district_code":585,"sub_district":"BICHOLIM","sub_district_code":"05612","sub_district_type":"Taluk","village":"Adwalpale","village_category":"Rural","village_code":"626745"},"geometry":{"type":"Polygon","coordinates":[[[73.91028,15.63663,0.0],[73.90806,15.63403,0.0],[73.90556,15.63408,0.0],[73.90411,15.63211,0.0],[73.89859,15.62936,0.0],[73.89388,15.63077,0.0],[73.89045,15.63028,0.0],[73.89088,15.63335,0.0],[73.8896,15.6333,0.0],[73.88977,15.63476,0.0],[73.886,15.6383,0.0],[73.88637,15.64235,0.0],[73.88378,15.64165,0.0],[73.88097,15.64329,0.0],[73.88075,15.64661,0.0],[73.88261,15.64726,0.0],[73.8855,15.64676,0.0],[73.89085,15.65001,0.0],[73.89654,15.64918,0.0],[73.90142,15.65219,0.0],[73.90229,15.65431,0.0],[73.90113,15.65592,0.0],[73.90251,15.65793,0.0],[73.90245,15.65934,0.0],[73.90457,15.66001,0.0],[73.90741,15.65931,0.0],[73.91086,15.65077,0.0],[73.91037,15.64993,0.0],[73.91222,15.63628,0.0],[73.91122,15.63544,0.0],[73.91028,15.63663,0.0]]]}},{"id":"180","type":"Feature","properties":{"state":"GOA","state_code":"30","district":"NORTH GOA","district_code":585,"sub_district":"SATARI","sub_district_code":"05613","sub_district_type":"Taluk","village":"Surla","village_category":"Rural","village_code":"626777"},"geometry":{"type":"Polygon","coordinates":[[[74.20506,15.64597,0.0],[74.20634,15.64236,0.0],[74.20566,15.63432,0.0],[74.20402,15.63128,0.0],[74.20428,15.62505,0.0],[74.20404,15.62451,0.0],[74.20153,15.62551,0.0],[74.1939,15.62266,0.0],[74.19111,15.62678,0.0],[74.19053,15.62913,0.0],[74.18518,15.63414,0.0],[74.18543,15.63926,0.0],[74.18134,15.64969,0.0],[74.1741,15.65494,0.0],[74.1688,15.65443,0.0],[74.16509,15.65714,0.0],[74.16568,15.6649,0.0],[74.16783,15.67121,0.0],[74.1674,15.67202,0.0],[74.17208,15.674,0.0],[74.1759,15.67903,0.0],[74.18048,15.68193,0.0],[74.18329,15.68202,0.0],[74.19027,15.68033,0.0],[74.19092,15.6764,0.0],[74.1861,15.6745,0.0],[74.18684,15.66745,0.0],[74.20259,15.66314,0.0],[74.20406,15.66368,0.0],[74.20175,15.65634,0.0],[74.20513,15.65103,0.0],[74.20693,15.65133,0.0],[74.20506,15.64597,0.0]]]}},{"id":"181","type":"Feature","properties":{"state":"GOA","state_code":"30","district":"NORTH GOA","district_code":585,"sub_district":"BICHOLIM","sub_district_code":"05612","sub_district_type":"Taluk","village":"Latambarcem","village_category":"Rural","village_code":"626744"},"geometry":{"type":"Polygon","coordinates":[[[73.93213,15.67946,0.0],[73.93472,15.67756,0.0],[73.93881,15.67792,0.0],[73.94783,15.67694,0.0],[73.95149,15.67368,0.0],[73.95847,15.67455,0.0],[73.959,15.67369,0.0],[73.96266,15.67389,0.0],[73.96333,15.67168,0.0],[73.96571,15.66943,0.0],[73.96592,15.66604,0.0],[73.967,15.66469,0.0],[73.96782,15.66025,0.0],[73.96191,15.65081,0.0],[73.9611,15.64824,0.0],[73.96153,15.64249,0.0],[73.96739,15.63531,0.0],[73.96707,15.63282,0.0],[73.96786,15.63058,0.0],[73.97014,15.62871,0.0],[73.97142,15.62622,0.0],[73.9604,15.61851,0.0],[73.958,15.62001,0.0],[73.95163,15.62062,0.0],[73.94469,15.61687,0.0],[73.93829,15.62182,0.0],[73.93557,15.62212,0.0],[73.93013,15.62506,0.0],[73.92646,15.62462,0.0],[73.92026,15.62732,0.0],[73.90898,15.62852,0.0],[73.90799,15.63244,0.0],[73.91091,15.63413,0.0],[73.91136,15.63611,0.0],[73.91222,15.63628,0.0],[73.91037,15.64993,0.0],[73.91086,15.65077,0.0],[73.90741,15.65931,0.0],[73.90457,15.66001,0.0],[73.90245,15.65934,0.0],[73.90247,15.6612,0.0],[73.90535,15.6685,0.0],[73.91111,15.67241,0.0],[73.91653,15.67882,0.0],[73.91621,15.68041,0.0],[73.92191,15.68003,0.0],[73.92372,15.67893,0.0],[73.93213,15.67946,0.0]]]}},{"id":"182","type":"Feature","properties":{"state":"GOA","state_code":"30","district":"NORTH GOA","district_code":585,"sub_district":"BARDEZ","sub_district_code":"05610","sub_district_type":"Taluk","village":"Nadora","village_category":"Rural","village_code":"626665"},"geometry":{"type":"Polygon","coordinates":[[[73.87659,15.67535,0.0],[73.87678,15.6726,0.0],[73.87347,15.65521,0.0],[73.87245,15.65475,0.0],[73.86955,15.65515,0.0],[73.86248,15.66013,0.0],[73.85575,15.66679,0.0],[73.85112,15.66868,0.0],[73.85583,15.67503,0.0],[73.86052,15.6771,0.0],[73.8632,15.67927,0.0],[73.86534,15.67988,0.0],[73.87107,15.67856,0.0],[73.8748,15.67888,0.0],[73.87659,15.67535,0.0]]]}},{"id":"183","type":"Feature","properties":{"state":"GOA","state_code":"30","district":"NORTH GOA","district_code":585,"sub_district":"BARDEZ","sub_district_code":"05610","sub_district_type":"Taluk","village":"Pirna","village_category":"Rural","village_code":"626666"},"geometry":{"type":"Polygon","coordinates":[[[73.89645,15.67935,0.0],[73.89823,15.67821,0.0],[73.89963,15.67601,0.0],[73.90067,15.67241,0.0],[73.90407,15.6672,0.0],[73.90228,15.66045,0.0],[73.90256,15.65811,0.0],[73.90113,15.65592,0.0],[73.90229,15.65431,0.0],[73.90142,15.65219,0.0],[73.89617,15.64907,0.0],[73.89032,15.64985,0.0],[73.8855,15.64676,0.0],[73.88261,15.64726,0.0],[73.88075,15.64661,0.0],[73.87418,15.64845,0.0],[73.87312,15.65044,0.0],[73.87362,15.65695,0.0],[73.87685,15.67362,0.0],[73.8748,15.67888,0.0],[73.88236,15.68116,0.0],[73.88514,15.68298,0.0],[73.88702,15.68196,0.0],[73.89549,15.68165,0.0],[73.89645,15.67935,0.0]]]}},{"id":"184","type":"Feature","properties":{"state":"GOA","state_code":"30","district":"NORTH GOA","district_code":585,"sub_district":"BICHOLIM","sub_district_code":"05612","sub_district_type":"Taluk","village":"Dumacem","village_category":"Rural","village_code":"626742"},"geometry":{"type":"MultiPolygon","coordinates":[[[[73.90411,15.66606,0.0],[73.90412,15.66608,0.0],[73.90422,15.66613,0.0],[73.90411,15.66606,0.0]]],[[[73.90067,15.67241,0.0],[73.89963,15.67601,0.0],[73.89823,15.67821,0.0],[73.89645,15.67935,0.0],[73.89585,15.68111,0.0],[73.89835,15.68125,0.0],[73.9028,15.68432,0.0],[73.90404,15.6873,0.0],[73.90883,15.69176,0.0],[73.91138,15.69093,0.0],[73.9136,15.68873,0.0],[73.91557,15.68835,0.0],[73.91653,15.67882,0.0],[73.91111,15.67241,0.0],[73.90535,15.6685,0.0],[73.90422,15.66613,0.0],[73.90067,15.67241,0.0]]]]}},{"id":"185","type":"Feature","properties":{"state":"GOA","state_code":"30","district":"NORTH GOA","district_code":585,"sub_district":"PERNEM","sub_district_code":"05609","sub_district_type":"Taluk","village":"Parcem","village_category":"Rural","village_code":"626660"},"geometry":{"type":"Polygon","coordinates":[[[73.78219,15.68464,0.0],[73.78349,15.68423,0.0],[73.79142,15.67707,0.0],[73.78802,15.66831,0.0],[73.78571,15.66578,0.0],[73.78757,15.66238,0.0],[73.78824,15.65918,0.0],[73.78782,15.65158,0.0],[73.78257,15.65176,0.0],[73.77881,15.65063,0.0],[73.77535,15.64444,0.0],[73.7697,15.64891,0.0],[73.76672,15.65007,0.0],[73.76175,15.64973,0.0],[73.75673,15.66178,0.0],[73.75823,15.66422,0.0],[73.76697,15.66812,0.0],[73.76932,15.67267,0.0],[73.76623,15.67589,0.0],[73.77182,15.67962,0.0],[73.77545,15.68468,0.0],[73.77881,15.68682,0.0],[73.78287,15.68635,0.0],[73.78219,15.68464,0.0]]]}},{"id":"186","type":"Feature","properties":{"state":"GOA","state_code":"30","district":"NORTH GOA","district_code":585,"sub_district":"PERNEM","sub_district_code":"05609","sub_district_type":"Taluk","village":"Tuem","village_category":"Rural","village_code":"626655"},"geometry":{"type":"Polygon","coordinates":[[[73.81502,15.67258,0.0],[73.81981,15.67269,0.0],[73.82668,15.66446,0.0],[73.82608,15.66276,0.0],[73.8231,15.66395,0.0],[73.82303,15.66001,0.0],[73.82126,15.66081,0.0],[73.8203,15.66011,0.0],[73.82103,15.65724,0.0],[73.81816,15.65723,0.0],[73.81759,15.65572,0.0],[73.81464,15.65462,0.0],[73.81432,15.65315,0.0],[73.80871,15.6522,0.0],[73.7974,15.64772,0.0],[73.79559,15.64774,0.0],[73.79191,15.65015,0.0],[73.78782,15.65158,0.0],[73.78824,15.65918,0.0],[73.78757,15.66238,0.0],[73.78571,15.66578,0.0],[73.78802,15.66831,0.0],[73.79147,15.67654,0.0],[73.78349,15.68423,0.0],[73.78219,15.68464,0.0],[73.78627,15.69088,0.0],[73.80387,15.68451,0.0],[73.80531,15.68291,0.0],[73.80571,15.68053,0.0],[73.8075,15.67856,0.0],[73.811,15.67914,0.0],[73.81502,15.67258,0.0]]]}},{"id":"187","type":"Feature","properties":{"state":"GOA","state_code":"30","district":"NORTH GOA","district_code":585,"sub_district":"PERNEM","sub_district_code":"05609","sub_district_type":"Taluk","village":"Mandrem","village_category":"Rural","village_code":"626659"},"geometry":{"type":"Polygon","coordinates":[[[73.75762,15.67987,0.0],[73.76313,15.67793,0.0],[73.76932,15.67267,0.0],[73.76697,15.66812,0.0],[73.75823,15.66422,0.0],[73.75673,15.66178,0.0],[73.76175,15.64973,0.0],[73.75821,15.64713,0.0],[73.75605,15.64381,0.0],[73.75254,15.64679,0.0],[73.74793,15.64607,0.0],[73.73867,15.65083,0.0],[73.73688,15.65094,0.0],[73.7333,15.64811,0.0],[73.7259,15.64499,0.0],[73.71894,15.63866,0.0],[73.71511,15.64774,0.0],[73.71542,15.64888,0.0],[73.7137,15.6532,0.0],[73.71409,15.6556,0.0],[73.71309,15.65586,0.0],[73.71137,15.66316,0.0],[73.70573,15.6733,0.0],[73.70688,15.67352,0.0],[73.70868,15.67228,0.0],[73.71084,15.67265,0.0],[73.71822,15.67752,0.0],[73.72356,15.67862,0.0],[73.72641,15.6773,0.0],[73.72973,15.67872,0.0],[73.73327,15.67832,0.0],[73.7423,15.6836,0.0],[73.74312,15.68656,0.0],[73.7462,15.6905,0.0],[73.74947,15.69099,0.0],[73.75762,15.67987,0.0]]]}},{"id":"188","type":"Feature","properties":{"state":"GOA","state_code":"30","district":"NORTH GOA","district_code":585,"sub_district":"BICHOLIM","sub_district_code":"05612","sub_district_type":"Taluk","village":"Salem","village_category":"Rural","village_code":"626743"},"geometry":{"type":"Polygon","coordinates":[[[73.94466,15.69627,0.0],[73.94651,15.69781,0.0],[73.95152,15.69645,0.0],[73.95294,15.69953,0.0],[73.95488,15.69989,0.0],[73.95535,15.69932,0.0],[73.95712,15.7005,0.0],[73.95827,15.69903,0.0],[73.95953,15.69998,0.0],[73.95909,15.69809,0.0],[73.96376,15.69232,0.0],[73.96416,15.68849,0.0],[73.96266,15.67389,0.0],[73.959,15.67369,0.0],[73.95847,15.67455,0.0],[73.95149,15.67368,0.0],[73.94783,15.67694,0.0],[73.93881,15.67792,0.0],[73.93472,15.67756,0.0],[73.93213,15.67946,0.0],[73.92407,15.6788,0.0],[73.92191,15.68003,0.0],[73.91621,15.68041,0.0],[73.91557,15.68835,0.0],[73.91783,15.68891,0.0],[73.92077,15.69217,0.0],[73.92465,15.69431,0.0],[73.92676,15.69674,0.0],[73.9343,15.70035,0.0],[73.93913,15.70014,0.0],[73.94466,15.69627,0.0]]]}},{"id":"189","type":"Feature","properties":{"state":"GOA","state_code":"30","district":"NORTH GOA","district_code":585,"sub_district":"BICHOLIM","sub_district_code":"05612","sub_district_type":"Taluk","village":"Mencurem","village_category":"Rural","village_code":"626741"},"geometry":{"type":"Polygon","coordinates":[[[73.90404,15.6873,0.0],[73.90342,15.68488,0.0],[73.89835,15.68125,0.0],[73.88702,15.68196,0.0],[73.88514,15.68298,0.0],[73.88428,15.68926,0.0],[73.88489,15.69139,0.0],[73.89369,15.70125,0.0],[73.89489,15.70177,0.0],[73.90045,15.70092,0.0],[73.90314,15.69925,0.0],[73.90406,15.69582,0.0],[73.90759,15.69376,0.0],[73.90883,15.69176,0.0],[73.90404,15.6873,0.0]]]}},{"id":"190","type":"Feature","properties":{"state":"GOA","state_code":"30","district":"NORTH GOA","district_code":585,"sub_district":"PERNEM","sub_district_code":"05609","sub_district_type":"Taluk","village":"Virnora","village_category":"Rural","village_code":"626654"},"geometry":{"type":"Polygon","coordinates":[[[73.82286,15.68929,0.0],[73.82438,15.68792,0.0],[73.82486,15.68357,0.0],[73.82421,15.68229,0.0],[73.82166,15.68106,0.0],[73.82014,15.67289,0.0],[73.81502,15.67258,0.0],[73.811,15.67914,0.0],[73.8129,15.68006,0.0],[73.81275,15.68319,0.0],[73.80988,15.68869,0.0],[73.80734,15.69667,0.0],[73.80788,15.69964,0.0],[73.81081,15.69841,0.0],[73.81371,15.69986,0.0],[73.82003,15.70124,0.0],[73.82328,15.69804,0.0],[73.82383,15.69462,0.0],[73.82286,15.68929,0.0]]]}},{"id":"191","type":"Feature","properties":{"state":"GOA","state_code":"30","district":"NORTH GOA","district_code":585,"sub_district":"PERNEM","sub_district_code":"05609","sub_district_type":"Taluk","village":"Arambol","village_category":"Rural","village_code":"626658"},"geometry":{"type":"Polygon","coordinates":[[[73.74215,15.69104,0.0],[73.74571,15.68999,0.0],[73.74312,15.68656,0.0],[73.7423,15.6836,0.0],[73.73258,15.67806,0.0],[73.72973,15.67872,0.0],[73.72641,15.6773,0.0],[73.72356,15.67862,0.0],[73.71822,15.67752,0.0],[73.71084,15.67265,0.0],[73.70868,15.67228,0.0],[73.70688,15.67352,0.0],[73.70573,15.6733,0.0],[73.70186,15.68828,0.0],[73.70081,15.69045,0.0],[73.69881,15.69063,0.0],[73.69808,15.69176,0.0],[73.69859,15.69279,0.0],[73.6978,15.69577,0.0],[73.70091,15.6991,0.0],[73.7131,15.69883,0.0],[73.72491,15.69391,0.0],[73.72661,15.69461,0.0],[73.728,15.69342,0.0],[73.73553,15.69779,0.0],[73.73637,15.70053,0.0],[73.74215,15.69104,0.0]]]}},{"id":"192","type":"Feature","properties":{"state":"GOA","state_code":"30","district":"NORTH GOA","district_code":585,"sub_district":"PERNEM","sub_district_code":"05609","sub_district_type":"Taluk","village":"Dargalim","village_category":"Rural","village_code":"626653"},"geometry":{"type":"Polygon","coordinates":[[[73.85433,15.70197,0.0],[73.85489,15.69959,0.0],[73.86008,15.69709,0.0],[73.86342,15.69333,0.0],[73.86532,15.68965,0.0],[73.86334,15.6833,0.0],[73.86322,15.67895,0.0],[73.85583,15.67503,0.0],[73.85051,15.66806,0.0],[73.84332,15.66539,0.0],[73.8409,15.66348,0.0],[73.8416,15.64754,0.0],[73.84021,15.64618,0.0],[73.83809,15.64611,0.0],[73.83323,15.65075,0.0],[73.82402,15.6501,0.0],[73.82006,15.65246,0.0],[73.81432,15.65315,0.0],[73.81464,15.65462,0.0],[73.81759,15.65572,0.0],[73.81816,15.65723,0.0],[73.82103,15.65724,0.0],[73.8203,15.66011,0.0],[73.82126,15.66081,0.0],[73.82303,15.66001,0.0],[73.8231,15.66395,0.0],[73.82566,15.66247,0.0],[73.82668,15.66446,0.0],[73.81981,15.67269,0.0],[73.82166,15.68106,0.0],[73.82421,15.68229,0.0],[73.82486,15.68357,0.0],[73.82438,15.68792,0.0],[73.82286,15.68929,0.0],[73.82383,15.69462,0.0],[73.82611,15.69608,0.0],[73.82991,15.69627,0.0],[73.83429,15.69807,0.0],[73.83558,15.70105,0.0],[73.84072,15.70473,0.0],[73.84152,15.70801,0.0],[73.84862,15.70448,0.0],[73.85157,15.70491,0.0],[73.85481,15.70407,0.0],[73.85433,15.70197,0.0]]]}},{"id":"193","type":"Feature","properties":{"state":"GOA","state_code":"30","district":"NORTH GOA","district_code":585,"sub_district":"PERNEM","sub_district_code":"05609","sub_district_type":"Taluk","village":"Ozorim","village_category":"Rural","village_code":"626652"},"geometry":{"type":"Polygon","coordinates":[[[73.88436,15.69031,0.0],[73.8854,15.68421,0.0],[73.88418,15.68205,0.0],[73.87427,15.67875,0.0],[73.87107,15.67856,0.0],[73.86534,15.67988,0.0],[73.8632,15.67927,0.0],[73.86334,15.6833,0.0],[73.86532,15.68965,0.0],[73.86342,15.69333,0.0],[73.86008,15.69709,0.0],[73.85489,15.69959,0.0],[73.85456,15.7037,0.0],[73.8577,15.70946,0.0],[73.85919,15.70746,0.0],[73.86435,15.70819,0.0],[73.87299,15.70452,0.0],[73.87429,15.70466,0.0],[73.87633,15.70269,0.0],[73.8802,15.7017,0.0],[73.88708,15.69414,0.0],[73.88436,15.69031,0.0]]]}},{"id":"194","type":"Feature","properties":{"state":"GOA","state_code":"30","district":"NORTH GOA","district_code":585,"sub_district":"PERNEM","sub_district_code":"05609","sub_district_type":"Taluk","village":"Ibrampur","village_category":"Rural","village_code":"626650"},"geometry":{"type":"Polygon","coordinates":[[[73.93248,15.7174,0.0],[73.93809,15.71676,0.0],[73.94101,15.71798,0.0],[73.94562,15.71804,0.0],[73.94817,15.71985,0.0],[73.94912,15.71801,0.0],[73.94964,15.71848,0.0],[73.95028,15.71694,0.0],[73.95146,15.71674,0.0],[73.95138,15.71454,0.0],[73.95227,15.71455,0.0],[73.9522,15.71386,0.0],[73.94918,15.71156,0.0],[73.9498,15.7107,0.0],[73.94717,15.70983,0.0],[73.94928,15.70865,0.0],[73.94818,15.70675,0.0],[73.94801,15.70174,0.0],[73.94615,15.69928,0.0],[73.94347,15.6975,0.0],[73.93913,15.70014,0.0],[73.9343,15.70035,0.0],[73.92676,15.69674,0.0],[73.9251,15.69467,0.0],[73.92081,15.70241,0.0],[73.92401,15.71087,0.0],[73.9239,15.71604,0.0],[73.92494,15.71771,0.0],[73.92835,15.71904,0.0],[73.93248,15.7174,0.0]]]}},{"id":"195","type":"Feature","properties":{"state":"GOA","state_code":"30","district":"NORTH GOA","district_code":585,"sub_district":"PERNEM","sub_district_code":"05609","sub_district_type":"Taluk","village":"Querim","village_category":"Rural","village_code":"626636"},"geometry":{"type":"Polygon","coordinates":[[[73.71125,15.72384,0.0],[73.71038,15.7185,0.0],[73.71121,15.71679,0.0],[73.70903,15.71812,0.0],[73.70971,15.71361,0.0],[73.70897,15.71137,0.0],[73.70497,15.70827,0.0],[73.69561,15.70603,0.0],[73.69364,15.70277,0.0],[73.69378,15.70676,0.0],[73.68937,15.71801,0.0],[73.68956,15.71937,0.0],[73.69124,15.71922,0.0],[73.69177,15.71998,0.0],[73.69368,15.71796,0.0],[73.69916,15.718,0.0],[73.70076,15.71857,0.0],[73.70121,15.72046,0.0],[73.70395,15.7209,0.0],[73.71125,15.72384,0.0]]]}},{"id":"196","type":"Feature","properties":{"state":"GOA","state_code":"30","district":"NORTH GOA","district_code":585,"sub_district":"PERNEM","sub_district_code":"05609","sub_district_type":"Taluk","village":"Paliem","village_category":"Rural","village_code":"626637"},"geometry":{"type":"Polygon","coordinates":[[[73.71125,15.72384,0.0],[73.7149,15.72355,0.0],[73.7167,15.7244,0.0],[73.71995,15.72377,0.0],[73.72214,15.72092,0.0],[73.7246,15.71968,0.0],[73.72328,15.71781,0.0],[73.72494,15.71677,0.0],[73.73185,15.7205,0.0],[73.73232,15.71718,0.0],[73.73356,15.71606,0.0],[73.73429,15.71361,0.0],[73.73673,15.71325,0.0],[73.73897,15.71085,0.0],[73.73996,15.70615,0.0],[73.73878,15.70552,0.0],[73.73758,15.70215,0.0],[73.73576,15.70021,0.0],[73.73553,15.69779,0.0],[73.728,15.69342,0.0],[73.72661,15.69461,0.0],[73.72491,15.69391,0.0],[73.72083,15.69612,0.0],[73.71159,15.699,0.0],[73.70091,15.6991,0.0],[73.6978,15.69577,0.0],[73.6943,15.69952,0.0],[73.69364,15.70277,0.0],[73.69561,15.70603,0.0],[73.70497,15.70827,0.0],[73.70897,15.71137,0.0],[73.70971,15.71361,0.0],[73.70903,15.71812,0.0],[73.71121,15.71679,0.0],[73.71038,15.7185,0.0],[73.71125,15.72384,0.0]]]}},{"id":"197","type":"Feature","properties":{"state":"GOA","state_code":"30","district":"NORTH GOA","district_code":585,"sub_district":"PERNEM","sub_district_code":"05609","sub_district_type":"Taluk","village":"Cansarvornem","village_category":"Forest Village","village_code":"626651"},"geometry":{"type":"Polygon","coordinates":[[[73.89589,15.71966,0.0],[73.89226,15.71604,0.0],[73.89394,15.7124,0.0],[73.89627,15.71209,0.0],[73.89453,15.70917,0.0],[73.89278,15.70748,0.0],[73.89169,15.70877,0.0],[73.88763,15.70898,0.0],[73.88627,15.70043,0.0],[73.8907,15.69804,0.0],[73.88708,15.69414,0.0],[73.8802,15.7017,0.0],[73.87633,15.70269,0.0],[73.87429,15.70466,0.0],[73.87299,15.70452,0.0],[73.86435,15.70819,0.0],[73.85987,15.70736,0.0],[73.85775,15.70895,0.0],[73.85837,15.71343,0.0],[73.85734,15.71564,0.0],[73.85544,15.71711,0.0],[73.85505,15.71868,0.0],[73.8574,15.72058,0.0],[73.85852,15.72348,0.0],[73.86136,15.72537,0.0],[73.86392,15.72594,0.0],[73.86476,15.72713,0.0],[73.86449,15.72935,0.0],[73.86748,15.7322,0.0],[73.8691,15.73288,0.0],[73.87255,15.7324,0.0],[73.87848,15.73095,0.0],[73.88148,15.72941,0.0],[73.89128,15.72848,0.0],[73.89877,15.72649,0.0],[73.89589,15.71966,0.0]]]}},{"id":"198","type":"Feature","properties":{"state":"GOA","state_code":"30","district":"NORTH GOA","district_code":585,"sub_district":"PERNEM","sub_district_code":"05609","sub_district_type":"Taluk","village":"Tiracol","village_category":"Rural","village_code":"626635"},"geometry":{"type":"Polygon","coordinates":[[[73.68755,15.72988,0.0],[73.6908,15.72923,0.0],[73.69253,15.72822,0.0],[73.69362,15.72415,0.0],[73.6958,15.72414,0.0],[73.69667,15.72279,0.0],[73.69575,15.7217,0.0],[73.69283,15.72146,0.0],[73.68786,15.72358,0.0],[73.68703,15.72124,0.0],[73.68475,15.72025,0.0],[73.68436,15.72091,0.0],[73.68303,15.72038,0.0],[73.68279,15.72232,0.0],[73.67993,15.72115,0.0],[73.68031,15.72193,0.0],[73.67936,15.72217,0.0],[73.68108,15.72464,0.0],[73.67695,15.72635,0.0],[73.67834,15.72727,0.0],[73.67811,15.72875,0.0],[73.68755,15.72988,0.0]]]}},{"id":"199","type":"Feature","properties":{"state":"GOA","state_code":"30","district":"NORTH GOA","district_code":585,"sub_district":"PERNEM","sub_district_code":"05609","sub_district_type":"Taluk","village":"Pernem","village_category":"Rural","village_code":"626639"},"geometry":{"type":"Polygon","coordinates":[[[73.80635,15.73376,0.0],[73.80966,15.73217,0.0],[73.80946,15.73098,0.0],[73.81221,15.73095,0.0],[73.81256,15.72981,0.0],[73.81354,15.72949,0.0],[73.81427,15.73051,0.0],[73.81619,15.72901,0.0],[73.81514,15.72787,0.0],[73.81646,15.72505,0.0],[73.81615,15.72223,0.0],[73.82519,15.71971,0.0],[73.82924,15.71702,0.0],[73.82942,15.71512,0.0],[73.83269,15.71314,0.0],[73.8372,15.71194,0.0],[73.84152,15.70801,0.0],[73.84072,15.70473,0.0],[73.83558,15.70105,0.0],[73.83429,15.69807,0.0],[73.82991,15.69627,0.0],[73.82611,15.69608,0.0],[73.82383,15.69462,0.0],[73.82328,15.69804,0.0],[73.82003,15.70124,0.0],[73.81371,15.69986,0.0],[73.81081,15.69841,0.0],[73.80788,15.69964,0.0],[73.80734,15.69667,0.0],[73.80988,15.68869,0.0],[73.81275,15.68319,0.0],[73.8129,15.68006,0.0],[73.8075,15.67856,0.0],[73.80571,15.68053,0.0],[73.80531,15.68291,0.0],[73.80387,15.68451,0.0],[73.78627,15.69088,0.0],[73.78642,15.6942,0.0],[73.78481,15.6999,0.0],[73.78747,15.70084,0.0],[73.78884,15.70294,0.0],[73.78819,15.69561,0.0],[73.79216,15.69591,0.0],[73.79415,15.69475,0.0],[73.79403,15.70363,0.0],[73.79533,15.70309,0.0],[73.79579,15.70382,0.0],[73.79916,15.70389,0.0],[73.80221,15.70245,0.0],[73.80219,15.7042,0.0],[73.8057,15.71041,0.0],[73.80938,15.71442,0.0],[73.81016,15.7171,0.0],[73.80923,15.71989,0.0],[73.81221,15.72035,0.0],[73.8118,15.72269,0.0],[73.81094,15.72343,0.0],[73.80474,15.7247,0.0],[73.80157,15.72632,0.0],[73.80124,15.72765,0.0],[73.79682,15.7293,0.0],[73.79537,15.72582,0.0],[73.79239,15.72643,0.0],[73.79341,15.72316,0.0],[73.7918,15.72392,0.0],[73.78831,15.72277,0.0],[73.78401,15.72608,0.0],[73.78754,15.72826,0.0],[73.78862,15.73074,0.0],[73.78893,15.73484,0.0],[73.7907,15.73594,0.0],[73.79316,15.73723,0.0],[73.79723,15.73422,0.0],[73.8043,15.73682,0.0],[73.80635,15.73376,0.0]]]}},{"id":"200","type":"Feature","properties":{"state":"GOA","state_code":"30","district":"NORTH GOA","district_code":585,"sub_district":"PERNEM","sub_district_code":"05609","sub_district_type":"Taluk","village":"Corgao","village_category":"Rural","village_code":"626638"},"geometry":{"type":"Polygon","coordinates":[[[73.75275,15.73506,0.0],[73.75565,15.73559,0.0],[73.76119,15.73398,0.0],[73.76094,15.72836,0.0],[73.76198,15.72423,0.0],[73.76368,15.71972,0.0],[73.76913,15.71158,0.0],[73.77722,15.70717,0.0],[73.78453,15.70157,0.0],[73.78642,15.6942,0.0],[73.78562,15.68969,0.0],[73.78287,15.68635,0.0],[73.77881,15.68682,0.0],[73.77545,15.68468,0.0],[73.77182,15.67962,0.0],[73.76623,15.67589,0.0],[73.76313,15.67793,0.0],[73.75762,15.67987,0.0],[73.74947,15.69099,0.0],[73.7481,15.69122,0.0],[73.74571,15.68999,0.0],[73.74215,15.69104,0.0],[73.73637,15.70053,0.0],[73.73878,15.70552,0.0],[73.73996,15.70615,0.0],[73.73897,15.71085,0.0],[73.73673,15.71325,0.0],[73.73429,15.71361,0.0],[73.73356,15.71606,0.0],[73.73232,15.71718,0.0],[73.73185,15.7205,0.0],[73.73485,15.72952,0.0],[73.73635,15.73127,0.0],[73.74132,15.73579,0.0],[73.74284,15.73657,0.0],[73.75275,15.73506,0.0]]]}},{"id":"201","type":"Feature","properties":{"state":"GOA","state_code":"30","district":"NORTH GOA","district_code":585,"sub_district":"PERNEM","sub_district_code":"05609","sub_district_type":"Taluk","village":"Varconda","village_category":"Rural","village_code":"626642"},"geometry":{"type":"Polygon","coordinates":[[[73.86482,15.72992,0.0],[73.86476,15.72713,0.0],[73.86392,15.72594,0.0],[73.86136,15.72537,0.0],[73.85852,15.72348,0.0],[73.8574,15.72058,0.0],[73.85518,15.71897,0.0],[73.85526,15.7174,0.0],[73.85734,15.71564,0.0],[73.85848,15.71292,0.0],[73.8583,15.7103,0.0],[73.85481,15.70407,0.0],[73.85157,15.70491,0.0],[73.84862,15.70448,0.0],[73.84054,15.70847,0.0],[73.8372,15.71194,0.0],[73.83269,15.71314,0.0],[73.82942,15.71512,0.0],[73.82924,15.71702,0.0],[73.82502,15.71939,0.0],[73.82843,15.72435,0.0],[73.82758,15.72673,0.0],[73.82779,15.73102,0.0],[73.83599,15.73286,0.0],[73.84281,15.73877,0.0],[73.84591,15.74319,0.0],[73.85019,15.74233,0.0],[73.85261,15.74402,0.0],[73.85298,15.74165,0.0],[73.85646,15.73905,0.0],[73.86037,15.7372,0.0],[73.86263,15.73508,0.0],[73.8691,15.73288,0.0],[73.86482,15.72992,0.0]]]}},{"id":"202","type":"Feature","properties":{"state":"GOA","state_code":"30","district":"NORTH GOA","district_code":585,"sub_district":"PERNEM","sub_district_code":"05609","sub_district_type":"Taluk","village":"Alorna","village_category":"Rural","village_code":"626649"},"geometry":{"type":"Polygon","coordinates":[[[73.9148,15.74544,0.0],[73.93368,15.74458,0.0],[73.93873,15.74333,0.0],[73.93861,15.74209,0.0],[73.94087,15.73811,0.0],[73.94052,15.73422,0.0],[73.94167,15.73209,0.0],[73.94174,15.72919,0.0],[73.94595,15.7212,0.0],[73.94817,15.71985,0.0],[73.94562,15.71804,0.0],[73.94101,15.71798,0.0],[73.93809,15.71676,0.0],[73.93248,15.7174,0.0],[73.92782,15.71915,0.0],[73.92494,15.71771,0.0],[73.92374,15.7154,0.0],[73.92362,15.70918,0.0],[73.92133,15.705,0.0],[73.92081,15.70241,0.0],[73.9251,15.69467,0.0],[73.92077,15.69217,0.0],[73.91783,15.68891,0.0],[73.91602,15.68835,0.0],[73.9136,15.68873,0.0],[73.91138,15.69093,0.0],[73.90847,15.69204,0.0],[73.90712,15.69413,0.0],[73.90481,15.69493,0.0],[73.90357,15.69875,0.0],[73.90045,15.70092,0.0],[73.89489,15.70177,0.0],[73.8907,15.69804,0.0],[73.88627,15.70043,0.0],[73.88772,15.70919,0.0],[73.89169,15.70877,0.0],[73.89278,15.70748,0.0],[73.89618,15.71178,0.0],[73.89562,15.71263,0.0],[73.89394,15.7124,0.0],[73.89226,15.71604,0.0],[73.89589,15.71966,0.0],[73.89947,15.72781,0.0],[73.90169,15.72944,0.0],[73.90759,15.7307,0.0],[73.90699,15.73231,0.0],[73.90042,15.7355,0.0],[73.89918,15.746,0.0],[73.90026,15.74679,0.0],[73.90699,15.74797,0.0],[73.90698,15.74997,0.0],[73.9148,15.74544,0.0]]]}},{"id":"203","type":"Feature","properties":{"state":"GOA","state_code":"30","district":"NORTH GOA","district_code":585,"sub_district":"PERNEM","sub_district_code":"05609","sub_district_type":"Taluk","village":"Chandel","village_category":"Forest Village","village_code":"626648"},"geometry":{"type":"Polygon","coordinates":[[[73.90042,15.7355,0.0],[73.90659,15.73257,0.0],[73.9076,15.73125,0.0],[73.90674,15.73014,0.0],[73.90086,15.72908,0.0],[73.89877,15.72649,0.0],[73.89128,15.72848,0.0],[73.88148,15.72941,0.0],[73.87848,15.73095,0.0],[73.8691,15.73288,0.0],[73.87578,15.74165,0.0],[73.87881,15.75021,0.0],[73.8811,15.74979,0.0],[73.8854,15.75104,0.0],[73.89684,15.74805,0.0],[73.89918,15.746,0.0],[73.90042,15.7355,0.0]]]}},{"id":"204","type":"Feature","properties":{"state":"GOA","state_code":"30","district":"NORTH GOA","district_code":585,"sub_district":"PERNEM","sub_district_code":"05609","sub_district_type":"Taluk","village":"Uguem","village_category":"Rural","village_code":"626644"},"geometry":{"type":"Polygon","coordinates":[[[73.84071,15.75454,0.0],[73.84044,15.75314,0.0],[73.84293,15.75442,0.0],[73.84336,15.75339,0.0],[73.84658,15.75551,0.0],[73.84828,15.75577,0.0],[73.8507,15.75347,0.0],[73.85203,15.75067,0.0],[73.85159,15.74709,0.0],[73.85316,15.74583,0.0],[73.85223,15.74348,0.0],[73.85019,15.74233,0.0],[73.84437,15.74371,0.0],[73.84241,15.74266,0.0],[73.83837,15.74249,0.0],[73.83529,15.73968,0.0],[73.83232,15.73985,0.0],[73.82646,15.74213,0.0],[73.82605,15.74299,0.0],[73.82686,15.74374,0.0],[73.82707,15.74717,0.0],[73.83083,15.75429,0.0],[73.83259,15.75533,0.0],[73.83512,15.75467,0.0],[73.8392,15.75616,0.0],[73.84071,15.75454,0.0]]]}},{"id":"205","type":"Feature","properties":{"state":"GOA","state_code":"30","district":"NORTH GOA","district_code":585,"sub_district":"PERNEM","sub_district_code":"05609","sub_district_type":"Taluk","village":"Tamboxem","village_category":"Rural","village_code":"626645"},"geometry":{"type":"Polygon","coordinates":[[[73.84509,15.76096,0.0],[73.84479,15.75442,0.0],[73.84336,15.75339,0.0],[73.84293,15.75442,0.0],[73.84044,15.75314,0.0],[73.84066,15.75469,0.0],[73.83946,15.75617,0.0],[73.83512,15.75467,0.0],[73.83259,15.75533,0.0],[73.83083,15.75429,0.0],[73.82975,15.76433,0.0],[73.83348,15.76584,0.0],[73.83727,15.76626,0.0],[73.84509,15.76096,0.0]]]}},{"id":"206","type":"Feature","properties":{"state":"GOA","state_code":"30","district":"NORTH GOA","district_code":585,"sub_district":"PERNEM","sub_district_code":"05609","sub_district_type":"Taluk","village":"Mopa","village_category":"Forest Village","village_code":"626647"},"geometry":{"type":"Polygon","coordinates":[[[73.87709,15.76784,0.0],[73.87563,15.76801,0.0],[73.87506,15.76716,0.0],[73.87701,15.76442,0.0],[73.87481,15.76144,0.0],[73.87306,15.76088,0.0],[73.87288,15.75468,0.0],[73.8757,15.75128,0.0],[73.87881,15.75021,0.0],[73.87578,15.74165,0.0],[73.8691,15.73288,0.0],[73.86263,15.73508,0.0],[73.85319,15.7414,0.0],[73.85261,15.74402,0.0],[73.85316,15.74583,0.0],[73.85159,15.74709,0.0],[73.85203,15.75067,0.0],[73.85146,15.75255,0.0],[73.84828,15.75577,0.0],[73.84479,15.75442,0.0],[73.84509,15.76096,0.0],[73.84859,15.76158,0.0],[73.84955,15.76393,0.0],[73.85341,15.76601,0.0],[73.8559,15.76615,0.0],[73.8597,15.76792,0.0],[73.86974,15.76771,0.0],[73.87358,15.76569,0.0],[73.87526,15.76813,0.0],[73.87538,15.76995,0.0],[73.87795,15.7696,0.0],[73.87709,15.76784,0.0]]]}},{"id":"207","type":"Feature","properties":{"state":"GOA","state_code":"30","district":"NORTH GOA","district_code":585,"sub_district":"PERNEM","sub_district_code":"05609","sub_district_type":"Taluk","village":"Torxem","village_category":"Rural","village_code":"626646"},"geometry":{"type":"Polygon","coordinates":[[[73.8675,15.79703,0.0],[73.86624,15.79555,0.0],[73.86481,15.79082,0.0],[73.86607,15.78534,0.0],[73.86985,15.78354,0.0],[73.87351,15.77709,0.0],[73.87716,15.77437,0.0],[73.87789,15.77415,0.0],[73.87761,15.77537,0.0],[73.87787,15.77563,0.0],[73.88005,15.77435,0.0],[73.88009,15.77282,0.0],[73.87795,15.7696,0.0],[73.87538,15.76995,0.0],[73.87526,15.76813,0.0],[73.87358,15.76569,0.0],[73.86974,15.76771,0.0],[73.8597,15.76792,0.0],[73.8559,15.76615,0.0],[73.85341,15.76601,0.0],[73.84955,15.76393,0.0],[73.84859,15.76158,0.0],[73.84509,15.76096,0.0],[73.83727,15.76626,0.0],[73.83849,15.76756,0.0],[73.8408,15.77612,0.0],[73.84391,15.78113,0.0],[73.84985,15.77954,0.0],[73.85267,15.78092,0.0],[73.85264,15.78214,0.0],[73.84707,15.7858,0.0],[73.84743,15.7871,0.0],[73.84949,15.78814,0.0],[73.85047,15.78964,0.0],[73.85277,15.79708,0.0],[73.85571,15.80102,0.0],[73.8675,15.79703,0.0]]]}},{"id":"208","type":"Feature","properties":{"state":"GOA","state_code":"30","district":"NORTH GOA","district_code":585,"sub_district":"SATARI","sub_district_code":"05613","sub_district_type":"Taluk","village":"Assodem","village_category":"Rural","village_code":"626836"},"geometry":{"type":"Polygon","coordinates":[[[74.2119,15.47148,0.0],[74.20576,15.47017,0.0],[74.19962,15.46679,0.0],[74.19642,15.46662,0.0],[74.19271,15.46804,0.0],[74.18677,15.46741,0.0],[74.18418,15.46907,0.0],[74.17982,15.47026,0.0],[74.17786,15.47196,0.0],[74.17815,15.47431,0.0],[74.17961,15.47582,0.0],[74.17843,15.47855,0.0],[74.18155,15.47797,0.0],[74.18531,15.48019,0.0],[74.19,15.48059,0.0],[74.19264,15.47943,0.0],[74.19593,15.47988,0.0],[74.19855,15.47849,0.0],[74.20082,15.48147,0.0],[74.20542,15.48321,0.0],[74.21398,15.47543,0.0],[74.21481,15.47346,0.0],[74.2119,15.47148,0.0]]]}},{"id":"209","type":"Feature","properties":{"state":"GOA","state_code":"30","district":"NORTH GOA","district_code":585,"sub_district":"BARDEZ","sub_district_code":"05610","sub_district_type":"Taluk","village":"Nerul","village_category":"Rural","village_code":"626698"},"geometry":{"type":"Polygon","coordinates":[[[73.80421,15.50823,0.0],[73.80165,15.50408,0.0],[73.79767,15.50132,0.0],[73.79527,15.49765,0.0],[73.7926,15.49885,0.0],[73.78918,15.49891,0.0],[73.78526,15.49579,0.0],[73.77828,15.49806,0.0],[73.777,15.49947,0.0],[73.7814,15.51348,0.0],[73.7854,15.52051,0.0],[73.78715,15.52074,0.0],[73.79159,15.519,0.0],[73.79042,15.51344,0.0],[73.79253,15.50966,0.0],[73.79541,15.50832,0.0],[73.79638,15.50853,0.0],[73.79876,15.51167,0.0],[73.80414,15.51396,0.0],[73.80421,15.50823,0.0]]]}},{"id":"210","type":"Feature","properties":{"state":"GOA","state_code":"30","district":"NORTH GOA","district_code":585,"sub_district":"TISWADI","sub_district_code":"05611","sub_district_type":"Taluk","village":"Batim","village_category":"Rural","village_code":"626722"},"geometry":{"type":"Polygon","coordinates":[[[73.8847,15.46029,0.0],[73.88454,15.45941,0.0],[73.88587,15.45912,0.0],[73.88773,15.46075,0.0],[73.89077,15.45969,0.0],[73.89137,15.45762,0.0],[73.89296,15.45744,0.0],[73.89454,15.45417,0.0],[73.89469,15.45142,0.0],[73.90005,15.45265,0.0],[73.90214,15.44603,0.0],[73.89942,15.44275,0.0],[73.89663,15.44296,0.0],[73.89461,15.44442,0.0],[73.89252,15.44354,0.0],[73.88992,15.44519,0.0],[73.88861,15.44435,0.0],[73.88449,15.44512,0.0],[73.88082,15.44255,0.0],[73.87821,15.44772,0.0],[73.87611,15.44867,0.0],[73.87632,15.44999,0.0],[73.874,15.4506,0.0],[73.87609,15.45669,0.0],[73.8847,15.46029,0.0]]]}},{"id":"211","type":"Feature","properties":{"state":"GOA","state_code":"30","district":"NORTH GOA","district_code":585,"sub_district":"BICHOLIM","sub_district_code":"05612","sub_district_type":"Taluk","village":"Sirigao","village_category":"Rural","village_code":"626746"},"geometry":{"type":"Polygon","coordinates":[[[73.91079,15.60628,0.0],[73.91135,15.59946,0.0],[73.90921,15.59689,0.0],[73.90083,15.60007,0.0],[73.89407,15.60386,0.0],[73.89139,15.60416,0.0],[73.89002,15.60612,0.0],[73.88714,15.60739,0.0],[73.88607,15.6091,0.0],[73.88784,15.6106,0.0],[73.88738,15.61316,0.0],[73.89039,15.61285,0.0],[73.8933,15.61008,0.0],[73.89486,15.60999,0.0],[73.89633,15.60877,0.0],[73.89832,15.60957,0.0],[73.90009,15.61257,0.0],[73.90208,15.61351,0.0],[73.90803,15.61302,0.0],[73.90875,15.61351,0.0],[73.90747,15.61464,0.0],[73.90787,15.61574,0.0],[73.90913,15.61606,0.0],[73.91069,15.61142,0.0],[73.91236,15.60952,0.0],[73.9131,15.6051,0.0],[73.91079,15.60628,0.0]]]}},{"id":"212","type":"Feature","properties":{"state":"GOA","state_code":"30","district":"NORTH GOA","district_code":585,"sub_district":"SATARI","sub_district_code":"05613","sub_district_type":"Taluk","village":"Ponsuli","village_category":"Rural","village_code":"626772"},"geometry":{"type":"Polygon","coordinates":[[[74.12302,15.62098,0.0],[74.12039,15.62126,0.0],[74.12019,15.61865,0.0],[74.11923,15.61722,0.0],[74.11611,15.61728,0.0],[74.11539,15.61856,0.0],[74.11264,15.61872,0.0],[74.10813,15.6213,0.0],[74.10632,15.62051,0.0],[74.10449,15.62093,0.0],[74.10111,15.62367,0.0],[74.10096,15.62469,0.0],[74.1083,15.63531,0.0],[74.11597,15.64199,0.0],[74.11745,15.64115,0.0],[74.12163,15.63399,0.0],[74.12184,15.63225,0.0],[74.12058,15.63054,0.0],[74.12094,15.62533,0.0],[74.12302,15.62098,0.0]]]}},{"id":"213","type":"Feature","properties":{"state":"GOA","state_code":"30","district":"NORTH GOA","district_code":585,"sub_district":"SATARI","sub_district_code":"05613","sub_district_type":"Taluk","village":"Dabem","village_category":"Rural","village_code":"626789"},"geometry":{"type":"Polygon","coordinates":[[[74.10706,15.56502,0.0],[74.10872,15.5673,0.0],[74.1124,15.56844,0.0],[74.11847,15.56182,0.0],[74.12025,15.55681,0.0],[74.11711,15.55492,0.0],[74.10882,15.55244,0.0],[74.10509,15.55269,0.0],[74.09581,15.54886,0.0],[74.09462,15.55085,0.0],[74.09199,15.55288,0.0],[74.09425,15.55413,0.0],[74.09501,15.55629,0.0],[74.10706,15.56502,0.0]]]}},{"id":"214","type":"Feature","properties":{"state":"GOA","state_code":"30","district":"NORTH GOA","district_code":585,"sub_district":"SATARI","sub_district_code":"05613","sub_district_type":"Taluk","village":"Bombedem","village_category":"Rural","village_code":"626802"},"geometry":{"type":"Polygon","coordinates":[[[74.16665,15.54674,0.0],[74.1646,15.54687,0.0],[74.16009,15.54489,0.0],[74.15977,15.54608,0.0],[74.16089,15.54698,0.0],[74.16269,15.55157,0.0],[74.16481,15.55199,0.0],[74.16669,15.5508,0.0],[74.16806,15.55242,0.0],[74.16964,15.55061,0.0],[74.16665,15.54674,0.0]]]}},{"id":"215","type":"Feature","properties":{"state":"GOA","state_code":"30","district":"NORTH GOA","district_code":585,"sub_district":"SATARI","sub_district_code":"05613","sub_district_type":"Taluk","village":"Ambedem","village_category":"Rural","village_code":"626803"},"geometry":{"type":"Polygon","coordinates":[[[74.16872,15.5582,0.0],[74.16806,15.55242,0.0],[74.16669,15.5508,0.0],[74.16481,15.55199,0.0],[74.16269,15.55157,0.0],[74.16089,15.54698,0.0],[74.15928,15.54632,0.0],[74.15645,15.54993,0.0],[74.15926,15.55554,0.0],[74.16287,15.55826,0.0],[74.16575,15.56276,0.0],[74.16735,15.56349,0.0],[74.17143,15.56241,0.0],[74.16872,15.5582,0.0]]]}},{"id":"216","type":"Feature","properties":{"state":"GOA","state_code":"30","district":"NORTH GOA","district_code":585,"sub_district":"SATARI","sub_district_code":"05613","sub_district_type":"Taluk","village":"Edorem","village_category":"Rural","village_code":"626791"},"geometry":{"type":"Polygon","coordinates":[[[74.15108,15.56891,0.0],[74.15207,15.56455,0.0],[74.1478,15.5621,0.0],[74.14477,15.55829,0.0],[74.14518,15.56096,0.0],[74.14395,15.56129,0.0],[74.14223,15.56037,0.0],[74.14147,15.56382,0.0],[74.13915,15.56382,0.0],[74.13802,15.56467,0.0],[74.1377,15.56867,0.0],[74.13881,15.56929,0.0],[74.1422,15.56891,0.0],[74.14468,15.57228,0.0],[74.1481,15.57225,0.0],[74.15171,15.57088,0.0],[74.15108,15.56891,0.0]]]}},{"id":"217","type":"Feature","properties":{"state":"GOA","state_code":"30","district":"NORTH GOA","district_code":585,"sub_district":"SATARI","sub_district_code":"05613","sub_district_type":"Taluk","village":"Ansolem","village_category":"Rural","village_code":"626814"},"geometry":{"type":"Polygon","coordinates":[[[74.10596,15.52391,0.0],[74.10779,15.52529,0.0],[74.11372,15.52084,0.0],[74.11609,15.52117,0.0],[74.11793,15.52044,0.0],[74.121,15.51557,0.0],[74.12227,15.51184,0.0],[74.12612,15.5073,0.0],[74.12222,15.50376,0.0],[74.1197,15.50601,0.0],[74.1169,15.51018,0.0],[74.11378,15.51147,0.0],[74.1122,15.51539,0.0],[74.10596,15.52391,0.0]]]}},{"id":"218","type":"Feature","properties":{"state":"GOA","state_code":"30","district":"NORTH GOA","district_code":585,"sub_district":"SATARI","sub_district_code":"05613","sub_district_type":"Taluk","village":"Siranguli","village_category":"Rural","village_code":"626834"},"geometry":{"type":"Polygon","coordinates":[[[74.17565,15.48538,0.0],[74.17715,15.48758,0.0],[74.17728,15.48966,0.0],[74.17514,15.49499,0.0],[74.17283,15.49832,0.0],[74.17401,15.50067,0.0],[74.17372,15.50223,0.0],[74.1765,15.50343,0.0],[74.18025,15.50074,0.0],[74.18101,15.49893,0.0],[74.18582,15.49583,0.0],[74.19029,15.49712,0.0],[74.19414,15.49624,0.0],[74.19867,15.49696,0.0],[74.20224,15.49642,0.0],[74.20072,15.49507,0.0],[74.19713,15.49388,0.0],[74.19524,15.49128,0.0],[74.18556,15.48824,0.0],[74.1824,15.48348,0.0],[74.17959,15.48104,0.0],[74.17843,15.47855,0.0],[74.17565,15.48538,0.0]]]}},{"id":"219","type":"Feature","properties":{"state":"GOA","state_code":"30","district":"SOUTH GOA","district_code":586,"sub_district":"PONDA","sub_district_code":"05614","sub_district_type":"Taluk","village":"Tivrem","village_category":"Rural","village_code":"626843"},"geometry":{"type":"Polygon","coordinates":[[[73.97776,15.49152,0.0],[73.97303,15.49142,0.0],[73.96154,15.49393,0.0],[73.95951,15.49278,0.0],[73.95456,15.4951,0.0],[73.95414,15.49763,0.0],[73.95968,15.50096,0.0],[73.9622,15.50099,0.0],[73.96242,15.502,0.0],[73.95988,15.50701,0.0],[73.96328,15.50695,0.0],[73.9652,15.5083,0.0],[73.96926,15.50279,0.0],[73.97579,15.49948,0.0],[73.97808,15.49533,0.0],[73.97776,15.49152,0.0]]]}},{"id":"220","type":"Feature","properties":{"state":"GOA","state_code":"30","district":"SOUTH GOA","district_code":586,"sub_district":"PONDA","sub_district_code":"05614","sub_district_type":"Taluk","village":"Boma","village_category":"Rural","village_code":"626848"},"geometry":{"type":"Polygon","coordinates":[[[73.98425,15.4767,0.0],[73.97793,15.47354,0.0],[73.97271,15.46768,0.0],[73.96569,15.46759,0.0],[73.96297,15.46649,0.0],[73.95717,15.4685,0.0],[73.95249,15.47284,0.0],[73.95114,15.47597,0.0],[73.95159,15.47933,0.0],[73.95279,15.48134,0.0],[73.95556,15.48435,0.0],[73.95731,15.48346,0.0],[73.95953,15.48514,0.0],[73.96068,15.48487,0.0],[73.96263,15.482,0.0],[73.96718,15.47916,0.0],[73.97234,15.47796,0.0],[73.98258,15.47901,0.0],[73.98425,15.4767,0.0]]]}},{"id":"221","type":"Feature","properties":{"state":"GOA","state_code":"30","district":"SOUTH GOA","district_code":586,"sub_district":"PONDA","sub_district_code":"05614","sub_district_type":"Taluk","village":"Curti","village_category":"Rural","village_code":"626870"},"geometry":{"type":"Polygon","coordinates":[[[74.02895,15.42363,0.0],[74.02962,15.42058,0.0],[74.03634,15.41633,0.0],[74.03613,15.41285,0.0],[74.03936,15.40605,0.0],[74.03954,15.40178,0.0],[74.03831,15.39879,0.0],[74.03139,15.39757,0.0],[74.02889,15.39822,0.0],[74.0257,15.39592,0.0],[74.02016,15.39773,0.0],[74.02011,15.39921,0.0],[74.01805,15.40273,0.0],[74.01855,15.4046,0.0],[74.02528,15.40892,0.0],[74.02641,15.41176,0.0],[74.02273,15.41122,0.0],[74.01956,15.41307,0.0],[74.01958,15.41447,0.0],[74.01694,15.41495,0.0],[74.0158,15.41609,0.0],[74.01438,15.41449,0.0],[74.01229,15.41548,0.0],[74.01161,15.41351,0.0],[74.01072,15.41432,0.0],[74.00759,15.41383,0.0],[74.00804,15.40988,0.0],[74.00738,15.40817,0.0],[74.00568,15.40718,0.0],[74.00017,15.41461,0.0],[74.00253,15.41847,0.0],[74.00451,15.42054,0.0],[74.00731,15.42183,0.0],[74.00856,15.424,0.0],[74.01011,15.42459,0.0],[74.01153,15.42398,0.0],[74.01305,15.42497,0.0],[74.01686,15.42481,0.0],[74.01889,15.42728,0.0],[74.02441,15.43072,0.0],[74.02478,15.42804,0.0],[74.02895,15.42363,0.0]]]}},{"id":"222","type":"Feature","properties":{"state":"GOA","state_code":"30","district":"NORTH GOA","district_code":585,"sub_district":"BICHOLIM","sub_district_code":"05612","sub_district_type":"Taluk","village":"Arvalem","village_category":"Rural","village_code":"917385"},"geometry":{"type":"Polygon","coordinates":[[[74.05574,15.5659,0.0],[74.05435,15.56112,0.0],[74.04401,15.55058,0.0],[74.04329,15.54696,0.0],[74.04023,15.54216,0.0],[74.03803,15.54262,0.0],[74.03662,15.54563,0.0],[74.03284,15.5467,0.0],[74.03236,15.54864,0.0],[74.03107,15.5481,0.0],[74.02677,15.55053,0.0],[74.02713,15.54878,0.0],[74.02613,15.54801,0.0],[74.02303,15.55064,0.0],[74.0214,15.55084,0.0],[74.01791,15.5532,0.0],[74.02013,15.5567,0.0],[74.02253,15.56378,0.0],[74.02644,15.56655,0.0],[74.02918,15.56521,0.0],[74.03317,15.565,0.0],[74.03695,15.56794,0.0],[74.04331,15.57126,0.0],[74.05152,15.57037,0.0],[74.05574,15.5659,0.0]]]}},{"id":"223","type":"Feature","properties":{"state":"GOA","state_code":"30","district":"NORTH GOA","district_code":585,"sub_district":"PERNEM","sub_district_code":"05609","sub_district_type":"Taluk","village":"Poroscodem","village_category":"Rural","village_code":"626640"},"geometry":{"type":"Polygon","coordinates":[[[73.81996,15.7288,0.0],[73.81747,15.7295,0.0],[73.81626,15.72889,0.0],[73.81427,15.73051,0.0],[73.81318,15.72953,0.0],[73.81221,15.73095,0.0],[73.80946,15.73098,0.0],[73.80966,15.73217,0.0],[73.80635,15.73376,0.0],[73.8043,15.73682,0.0],[73.80664,15.73768,0.0],[73.80943,15.74203,0.0],[73.81258,15.74245,0.0],[73.81824,15.73947,0.0],[73.82242,15.74054,0.0],[73.82283,15.73774,0.0],[73.82132,15.73281,0.0],[73.82267,15.7314,0.0],[73.81996,15.7288,0.0]]]}},{"id":"224","type":"Feature","properties":{"state":"GOA","state_code":"30","district":"SOUTH GOA","district_code":586,"sub_district":"MORMUGAO","sub_district_code":"05615","sub_district_type":"Taluk","village":"Velsao","village_category":"Rural","village_code":"626882"},"geometry":{"type":"Polygon","coordinates":[[[73.88783,15.34532,0.0],[73.88204,15.35662,0.0],[73.88684,15.35709,0.0],[73.88946,15.35852,0.0],[73.89026,15.36,0.0],[73.89126,15.35905,0.0],[73.8929,15.35927,0.0],[73.8966,15.35596,0.0],[73.89625,15.34872,0.0],[73.88783,15.34532,0.0]]]}},{"id":"225","type":"Feature","properties":{"state":"GOA","state_code":"30","district":"SOUTH GOA","district_code":586,"sub_district":"SALCETE","sub_district_code":"05616","sub_district_type":"Taluk","village":"Chandor","village_category":"Rural","village_code":"626911"},"geometry":{"type":"Polygon","coordinates":[[[74.07436,15.27469,0.0],[74.07076,15.27109,0.0],[74.0694,15.26706,0.0],[74.06679,15.26623,0.0],[74.06252,15.26684,0.0],[74.06375,15.26,0.0],[74.05881,15.25916,0.0],[74.05706,15.25302,0.0],[74.05226,15.25342,0.0],[74.04944,15.25009,0.0],[74.04771,15.25293,0.0],[74.04547,15.25315,0.0],[74.04453,15.25413,0.0],[74.04783,15.25732,0.0],[74.05262,15.25777,0.0],[74.05517,15.25897,0.0],[74.05515,15.26159,0.0],[74.05732,15.26676,0.0],[74.06163,15.26992,0.0],[74.06187,15.27119,0.0],[74.06311,15.27129,0.0],[74.06456,15.27571,0.0],[74.06802,15.27414,0.0],[74.06864,15.27617,0.0],[74.07244,15.27967,0.0],[74.07436,15.27469,0.0]]]}},{"id":"226","type":"Feature","properties":{"state":"GOA","state_code":"30","district":"SOUTH GOA","district_code":586,"sub_district":"CANACONA","sub_district_code":"05619","sub_district_type":"Taluk","village":"Loliem","village_category":"Rural","village_code":"627027"},"geometry":{"type":"MultiPolygon","coordinates":[[[[74.08555,14.89844,0.0],[74.08528,14.89863,0.0],[74.08536,14.89984,0.0],[74.0863,14.8995,0.0],[74.08555,14.89844,0.0]]],[[[74.07758,14.96752,0.0],[74.07819,14.96715,0.0],[74.07693,14.96643,0.0],[74.07874,14.96614,0.0],[74.07937,14.9668,0.0],[74.08089,14.96603,0.0],[74.08346,14.96692,0.0],[74.08712,14.96546,0.0],[74.08891,14.96377,0.0],[74.09398,14.96238,0.0],[74.09578,14.96018,0.0],[74.09725,14.96126,0.0],[74.09881,14.95886,0.0],[74.10197,14.96014,0.0],[74.1014,14.95847,0.0],[74.10309,14.95711,0.0],[74.10124,14.9569,0.0],[74.09786,14.95337,0.0],[74.09833,14.94888,0.0],[74.09976,14.94775,0.0],[74.09992,14.94496,0.0],[74.10414,14.94154,0.0],[74.10621,14.94086,0.0],[74.11011,14.94122,0.0],[74.11199,14.93847,0.0],[74.11362,14.93776,0.0],[74.11381,14.93614,0.0],[74.11477,14.93542,0.0],[74.11609,14.93542,0.0],[74.11755,14.9371,0.0],[74.11869,14.93697,0.0],[74.11894,14.93579,0.0],[74.11822,14.93483,0.0],[74.12074,14.9305,0.0],[74.12046,14.92939,0.0],[74.12393,14.9249,0.0],[74.12043,14.91985,0.0],[74.1216,14.91797,0.0],[74.11998,14.9169,0.0],[74.11461,14.91836,0.0],[74.11359,14.91729,0.0],[74.11276,14.91773,0.0],[74.10962,14.91697,0.0],[74.10851,14.91394,0.0],[74.10732,14.91417,0.0],[74.1048,14.9129,0.0],[74.10163,14.91579,0.0],[74.09453,14.91099,0.0],[74.09028,14.90341,0.0],[74.08819,14.90343,0.0],[74.08537,14.90032,0.0],[74.08353,14.90087,0.0],[74.08426,14.90228,0.0],[74.0834,14.90356,0.0],[74.08421,14.90441,0.0],[74.08111,14.90908,0.0],[74.07538,14.90854,0.0],[74.07133,14.90611,0.0],[74.07032,14.90671,0.0],[74.07013,14.90817,0.0],[74.06839,14.90833,0.0],[74.06709,14.90583,0.0],[74.06671,14.90701,0.0],[74.0649,14.90826,0.0],[74.06087,14.90914,0.0],[74.05709,14.91345,0.0],[74.04798,14.9141,0.0],[74.04454,14.91607,0.0],[74.04279,14.92209,0.0],[74.04606,14.92349,0.0],[74.04552,14.92549,0.0],[74.0447,14.92576,0.0],[74.0457,14.92677,0.0],[74.0447,14.92859,0.0],[74.04718,14.92902,0.0],[74.04764,14.93039,0.0],[74.04636,14.93196,0.0],[74.04786,14.93334,0.0],[74.04695,14.93429,0.0],[74.0458,14.94088,0.0],[74.04435,14.94199,0.0],[74.04552,14.94339,0.0],[74.04541,14.94455,0.0],[74.04353,14.94643,0.0],[74.04566,14.9473,0.0],[74.04499,14.94857,0.0],[74.04677,14.94833,0.0],[74.04839,14.9491,0.0],[74.04774,14.95259,0.0],[74.04937,14.95408,0.0],[74.04925,14.95584,0.0],[74.05191,14.95778,0.0],[74.05033,14.95882,0.0],[74.05067,14.96005,0.0],[74.06344,14.97063,0.0],[74.06689,14.97098,0.0],[74.0733,14.96704,0.0],[74.07758,14.96752,0.0]]]]}},{"id":"227","type":"Feature","properties":{"state":"GOA","state_code":"30","district":"SOUTH GOA","district_code":586,"sub_district":"CANACONA","sub_district_code":"05619","sub_district_type":"Taluk","village":"Poinguinim","village_category":"Rural","village_code":"627026"},"geometry":{"type":"Polygon","coordinates":[[[74.15022,14.97525,0.0],[74.14267,14.97672,0.0],[74.14019,14.97553,0.0],[74.13364,14.97707,0.0],[74.12577,14.97245,0.0],[74.12227,14.96951,0.0],[74.12194,14.97308,0.0],[74.12127,14.97357,0.0],[74.11983,14.97213,0.0],[74.11803,14.97183,0.0],[74.11634,14.97263,0.0],[74.11474,14.97238,0.0],[74.11351,14.97342,0.0],[74.1137,14.97082,0.0],[74.11428,14.97106,0.0],[74.11448,14.97007,0.0],[74.11246,14.96879,0.0],[74.11272,14.96759,0.0],[74.11112,14.96537,0.0],[74.11109,14.96375,0.0],[74.10759,14.9649,0.0],[74.10554,14.96295,0.0],[74.10504,14.95907,0.0],[74.10714,14.95877,0.0],[74.10578,14.95528,0.0],[74.1016,14.95809,0.0],[74.10197,14.96014,0.0],[74.0991,14.95876,0.0],[74.09725,14.96126,0.0],[74.09578,14.96018,0.0],[74.09398,14.96238,0.0],[74.08891,14.96377,0.0],[74.08607,14.96601,0.0],[74.08315,14.96697,0.0],[74.08117,14.96605,0.0],[74.07937,14.9668,0.0],[74.07874,14.96614,0.0],[74.07693,14.96643,0.0],[74.07819,14.96715,0.0],[74.07758,14.96752,0.0],[74.0733,14.96704,0.0],[74.06541,14.97123,0.0],[74.06145,14.96949,0.0],[74.06001,14.96732,0.0],[74.05107,14.96068,0.0],[74.05033,14.95882,0.0],[74.05191,14.95778,0.0],[74.04925,14.95584,0.0],[74.0499,14.95803,0.0],[74.0447,14.97094,0.0],[74.04317,14.97189,0.0],[74.04378,14.97314,0.0],[74.04063,14.9809,0.0],[74.03536,14.98201,0.0],[74.03773,14.98329,0.0],[74.04046,14.98266,0.0],[74.04092,14.98606,0.0],[74.0433,14.98798,0.0],[74.04731,14.98795,0.0],[74.05049,14.98525,0.0],[74.05405,14.984,0.0],[74.05712,14.98647,0.0],[74.05858,14.98967,0.0],[74.05895,14.99299,0.0],[74.06166,14.99406,0.0],[74.06392,14.99656,0.0],[74.06824,14.99756,0.0],[74.06987,15.00188,0.0],[74.07115,15.00148,0.0],[74.07244,14.99854,0.0],[74.07366,14.99799,0.0],[74.08,15.00017,0.0],[74.08255,14.99813,0.0],[74.08528,14.99831,0.0],[74.08653,14.99704,0.0],[74.08755,14.99407,0.0],[74.08862,14.99372,0.0],[74.09018,14.99683,0.0],[74.09417,14.99721,0.0],[74.09275,15.00134,0.0],[74.09461,15.00177,0.0],[74.09909,15.00541,0.0],[74.10003,15.00288,0.0],[74.10892,14.99759,0.0],[74.10806,14.99321,0.0],[74.10888,14.99227,0.0],[74.11157,14.99183,0.0],[74.11178,14.9892,0.0],[74.11269,14.98874,0.0],[74.11388,14.99142,0.0],[74.11552,14.98979,0.0],[74.11851,14.98935,0.0],[74.11868,14.99413,0.0],[74.12216,14.99269,0.0],[74.12645,14.99789,0.0],[74.1277,14.99777,0.0],[74.12886,14.9959,0.0],[74.13032,14.99611,0.0],[74.13252,15.00193,0.0],[74.13384,15.00233,0.0],[74.13508,15.0008,0.0],[74.13379,14.99792,0.0],[74.13709,14.99611,0.0],[74.1354,14.99194,0.0],[74.1369,14.99006,0.0],[74.13994,14.98981,0.0],[74.14155,14.99312,0.0],[74.14494,14.992,0.0],[74.1472,14.99359,0.0],[74.1485,14.9877,0.0],[74.15189,14.98682,0.0],[74.15129,14.98495,0.0],[74.15176,14.9841,0.0],[74.15638,14.98211,0.0],[74.15694,14.97951,0.0],[74.1543,14.97768,0.0],[74.15374,14.97625,0.0],[74.15022,14.97525,0.0]]]}},{"id":"228","type":"Feature","properties":{"state":"GOA","state_code":"30","district":"SOUTH GOA","district_code":586,"sub_district":"CANACONA","sub_district_code":"05619","sub_district_type":"Taluk","village":"Canacona (M CI)","village_category":"Partly_Urban","village_code":"252100"},"geometry":{"type":"Polygon","coordinates":[[[74.04277,15.01931,0.0],[74.04374,15.02133,0.0],[74.04944,15.02037,0.0],[74.04944,15.02158,0.0],[74.05134,15.02356,0.0],[74.05314,15.02099,0.0],[74.05354,15.01546,0.0],[74.05841,15.01626,0.0],[74.06324,15.01096,0.0],[74.06569,15.00996,0.0],[74.06426,15.00527,0.0],[74.06522,15.00171,0.0],[74.0648,14.99671,0.0],[74.06299,14.99595,0.0],[74.06166,14.99406,0.0],[74.05895,14.99299,0.0],[74.05858,14.98967,0.0],[74.05712,14.98647,0.0],[74.05405,14.984,0.0],[74.05049,14.98525,0.0],[74.0464,14.98817,0.0],[74.04259,14.98758,0.0],[74.04053,14.98534,0.0],[74.04082,14.98296,0.0],[74.03872,14.98325,0.0],[74.0392,14.98395,0.0],[74.03859,14.98717,0.0],[74.03613,14.99184,0.0],[74.04002,14.99245,0.0],[74.04104,14.99543,0.0],[74.03989,14.9943,0.0],[74.03964,14.99271,0.0],[74.03859,14.99334,0.0],[74.03545,14.99226,0.0],[74.03563,14.99428,0.0],[74.03277,14.99831,0.0],[74.03019,14.99835,0.0],[74.02793,14.99679,0.0],[74.0299,14.99921,0.0],[74.02957,15.00084,0.0],[74.02773,15.00159,0.0],[74.02607,15.00046,0.0],[74.02447,15.00141,0.0],[74.02749,15.00248,0.0],[74.02648,15.00642,0.0],[74.02194,15.00992,0.0],[74.01696,15.01117,0.0],[74.01886,15.01386,0.0],[74.01863,15.01519,0.0],[74.02092,15.01419,0.0],[74.02152,15.01593,0.0],[74.02104,15.01717,0.0],[74.01893,15.01731,0.0],[74.0187,15.01615,0.0],[74.01755,15.01605,0.0],[74.01549,15.01047,0.0],[74.01388,15.00899,0.0],[74.01145,15.01196,0.0],[74.00797,15.01383,0.0],[74.00682,15.01613,0.0],[74.00842,15.02471,0.0],[74.01062,15.02673,0.0],[74.01414,15.02728,0.0],[74.01355,15.02796,0.0],[74.01406,15.02918,0.0],[74.01561,15.02838,0.0],[74.01464,15.02722,0.0],[74.01669,15.02723,0.0],[74.01683,15.02579,0.0],[74.0173,15.02754,0.0],[74.01797,15.02692,0.0],[74.02298,15.02736,0.0],[74.02298,15.02852,0.0],[74.02433,15.02931,0.0],[74.02757,15.02711,0.0],[74.02758,15.02795,0.0],[74.02899,15.0284,0.0],[74.02821,15.0297,0.0],[74.03253,15.0326,0.0],[74.03645,15.03166,0.0],[74.03694,15.0267,0.0],[74.03636,15.02453,0.0],[74.04277,15.01931,0.0]]]}},{"id":"229","type":"Feature","properties":{"state":"GOA","state_code":"30","district":"SOUTH GOA","district_code":586,"sub_district":"CANACONA","sub_district_code":"05619","sub_district_type":"Taluk","village":"Cotigao","village_category":"Rural","village_code":"627028"},"geometry":{"type":"Polygon","coordinates":[[[74.23056,15.03444,0.0],[74.23173,15.03274,0.0],[74.2313,15.02827,0.0],[74.23193,15.02307,0.0],[74.2358,15.01025,0.0],[74.2425,15.00226,0.0],[74.24978,15.00108,0.0],[74.253,14.9982,0.0],[74.25212,14.99268,0.0],[74.25499,14.98939,0.0],[74.2577,14.98823,0.0],[74.26432,14.97852,0.0],[74.26099,14.97647,0.0],[74.2591,14.97006,0.0],[74.25527,14.97042,0.0],[74.25346,14.96366,0.0],[74.25375,14.96112,0.0],[74.2526,14.95909,0.0],[74.25021,14.95986,0.0],[74.24923,14.95904,0.0],[74.24755,14.96192,0.0],[74.24559,14.96188,0.0],[74.24428,14.96334,0.0],[74.2414,14.96432,0.0],[74.23914,14.96673,0.0],[74.2367,14.96685,0.0],[74.23496,14.9646,0.0],[74.23286,14.96412,0.0],[74.23145,14.9581,0.0],[74.23175,14.95337,0.0],[74.2298,14.9505,0.0],[74.2273,14.9498,0.0],[74.22596,14.95046,0.0],[74.22396,14.94888,0.0],[74.22,14.94802,0.0],[74.21755,14.94595,0.0],[74.21366,14.94769,0.0],[74.21164,14.94354,0.0],[74.21263,14.94027,0.0],[74.20913,14.93806,0.0],[74.20422,14.92834,0.0],[74.20154,14.92572,0.0],[74.19166,14.93304,0.0],[74.19466,14.93709,0.0],[74.19476,14.93994,0.0],[74.19126,14.94501,0.0],[74.18528,14.9473,0.0],[74.18218,14.94911,0.0],[74.18146,14.95052,0.0],[74.17972,14.9508,0.0],[74.17836,14.95367,0.0],[74.17946,14.95705,0.0],[74.17476,14.95853,0.0],[74.17138,14.95719,0.0],[74.17035,14.95796,0.0],[74.16361,14.95848,0.0],[74.16077,14.95555,0.0],[74.15915,14.95585,0.0],[74.15946,14.95483,0.0],[74.1581,14.95307,0.0],[74.15872,14.95212,0.0],[74.15781,14.95128,0.0],[74.15833,14.94931,0.0],[74.15533,14.94648,0.0],[74.15502,14.94409,0.0],[74.15416,14.94343,0.0],[74.15547,14.9422,0.0],[74.15426,14.93984,0.0],[74.15624,14.93887,0.0],[74.15678,14.93457,0.0],[74.15769,14.93403,0.0],[74.15855,14.93023,0.0],[74.1595,14.92842,0.0],[74.16258,14.92689,0.0],[74.16591,14.91859,0.0],[74.16619,14.91655,0.0],[74.16212,14.91214,0.0],[74.15342,14.91629,0.0],[74.15342,14.91714,0.0],[74.14572,14.91895,0.0],[74.14372,14.92145,0.0],[74.14015,14.92323,0.0],[74.13504,14.92209,0.0],[74.12983,14.92547,0.0],[74.12393,14.9249,0.0],[74.12046,14.92939,0.0],[74.12074,14.9305,0.0],[74.11822,14.93483,0.0],[74.11894,14.93579,0.0],[74.11869,14.93697,0.0],[74.11755,14.9371,0.0],[74.11609,14.93542,0.0],[74.11477,14.93542,0.0],[74.11381,14.93614,0.0],[74.11362,14.93776,0.0],[74.11199,14.93847,0.0],[74.11011,14.94122,0.0],[74.10621,14.94086,0.0],[74.10414,14.94154,0.0],[74.09992,14.94496,0.0],[74.09976,14.94775,0.0],[74.09833,14.94888,0.0],[74.09805,14.9538,0.0],[74.10185,14.95711,0.0],[74.10309,14.95711,0.0],[74.10578,14.95528,0.0],[74.10714,14.95877,0.0],[74.10504,14.95907,0.0],[74.10554,14.96295,0.0],[74.10759,14.9649,0.0],[74.11109,14.96375,0.0],[74.11112,14.96537,0.0],[74.11272,14.96759,0.0],[74.11246,14.96879,0.0],[74.11448,14.97007,0.0],[74.11428,14.97106,0.0],[74.1137,14.97082,0.0],[74.11351,14.97342,0.0],[74.11474,14.97238,0.0],[74.11634,14.97263,0.0],[74.11803,14.97183,0.0],[74.11983,14.97213,0.0],[74.12127,14.97357,0.0],[74.12194,14.97308,0.0],[74.12227,14.96951,0.0],[74.12577,14.97245,0.0],[74.13364,14.97707,0.0],[74.14019,14.97553,0.0],[74.14267,14.97672,0.0],[74.15022,14.97525,0.0],[74.15374,14.97625,0.0],[74.15659,14.97595,0.0],[74.15915,14.97465,0.0],[74.16032,14.97559,0.0],[74.16044,14.97804,0.0],[74.16228,14.97955,0.0],[74.16583,14.97957,0.0],[74.16747,14.97773,0.0],[74.16932,14.97762,0.0],[74.17024,14.98154,0.0],[74.17468,14.9818,0.0],[74.17547,14.97948,0.0],[74.17766,14.97874,0.0],[74.17865,14.98605,0.0],[74.17779,14.98925,0.0],[74.17989,14.99017,0.0],[74.18032,14.99252,0.0],[74.17851,14.99426,0.0],[74.17713,14.9936,0.0],[74.17575,14.99414,0.0],[74.17499,14.9966,0.0],[74.1771,14.99709,0.0],[74.17718,14.9978,0.0],[74.17511,14.99983,0.0],[74.17323,15.00038,0.0],[74.1743,15.00206,0.0],[74.17423,15.0041,0.0],[74.1721,15.00619,0.0],[74.17049,15.00667,0.0],[74.17197,15.00819,0.0],[74.17374,15.00809,0.0],[74.1769,15.0128,0.0],[74.17912,15.01305,0.0],[74.1827,15.01628,0.0],[74.18116,15.02429,0.0],[74.18498,15.02793,0.0],[74.18603,15.03048,0.0],[74.18847,15.03231,0.0],[74.19355,15.04135,0.0],[74.20818,15.04224,0.0],[74.21665,15.04429,0.0],[74.23056,15.03444,0.0]]]}},{"id":"230","type":"Feature","properties":{"state":"GOA","state_code":"30","district":"SOUTH GOA","district_code":586,"sub_district":"CANACONA","sub_district_code":"05619","sub_district_type":"Taluk","village":"Canacona","village_category":"Rural","village_code":"627024"},"geometry":{"type":"Polygon","coordinates":[[[74.06229,15.05139,0.0],[74.06313,15.05072,0.0],[74.06878,15.05052,0.0],[74.07237,15.053,0.0],[74.07682,15.05222,0.0],[74.08061,15.05052,0.0],[74.08426,15.0514,0.0],[74.09304,15.04683,0.0],[74.09509,15.04298,0.0],[74.0993,15.04068,0.0],[74.09806,15.03932,0.0],[74.09671,15.03197,0.0],[74.09949,15.02816,0.0],[74.09387,15.02437,0.0],[74.09462,15.02241,0.0],[74.09067,15.01313,0.0],[74.09307,15.01245,0.0],[74.09807,15.01264,0.0],[74.09535,15.01134,0.0],[74.09437,15.00852,0.0],[74.09077,15.00762,0.0],[74.09079,15.00659,0.0],[74.09522,15.00595,0.0],[74.09433,15.00336,0.0],[74.09502,15.00209,0.0],[74.09275,15.00134,0.0],[74.09417,14.99721,0.0],[74.09018,14.99683,0.0],[74.08862,14.99372,0.0],[74.08755,14.99407,0.0],[74.08653,14.99704,0.0],[74.08528,14.99831,0.0],[74.08255,14.99813,0.0],[74.08,15.00017,0.0],[74.07755,14.99889,0.0],[74.07292,14.99817,0.0],[74.07038,15.0019,0.0],[74.06966,15.00174,0.0],[74.06824,14.99756,0.0],[74.0648,14.99671,0.0],[74.06522,15.00171,0.0],[74.06426,15.00527,0.0],[74.06564,15.01007,0.0],[74.06324,15.01096,0.0],[74.05841,15.01626,0.0],[74.05354,15.01546,0.0],[74.05314,15.02099,0.0],[74.05134,15.02356,0.0],[74.04944,15.02158,0.0],[74.04944,15.02037,0.0],[74.04374,15.02133,0.0],[74.04277,15.01931,0.0],[74.03873,15.02169,0.0],[74.03854,15.02296,0.0],[74.03636,15.02453,0.0],[74.03695,15.03042,0.0],[74.03612,15.03185,0.0],[74.03253,15.0326,0.0],[74.03148,15.03208,0.0],[74.02821,15.0297,0.0],[74.02899,15.0284,0.0],[74.02758,15.02795,0.0],[74.02757,15.02711,0.0],[74.02433,15.02931,0.0],[74.02298,15.02852,0.0],[74.02298,15.02736,0.0],[74.01797,15.02692,0.0],[74.0173,15.02754,0.0],[74.01724,15.0258,0.0],[74.01627,15.02759,0.0],[74.01464,15.02722,0.0],[74.01561,15.02838,0.0],[74.01406,15.02918,0.0],[74.01531,15.03076,0.0],[74.01553,15.03294,0.0],[74.01689,15.03374,0.0],[74.01895,15.03332,0.0],[74.02093,15.03447,0.0],[74.01881,15.03765,0.0],[74.01932,15.0399,0.0],[74.01835,15.04234,0.0],[74.01564,15.04482,0.0],[74.015,15.04822,0.0],[74.01761,15.05192,0.0],[74.03256,15.04983,0.0],[74.03713,15.05121,0.0],[74.04731,15.04869,0.0],[74.05277,15.04631,0.0],[74.05899,15.05035,0.0],[74.06229,15.05139,0.0]]]}},{"id":"231","type":"Feature","properties":{"state":"GOA","state_code":"30","district":"SOUTH GOA","district_code":586,"sub_district":"CANACONA","sub_district_code":"05619","sub_district_type":"Taluk","village":"Gaodongrem","village_category":"Rural","village_code":"627025"},"geometry":{"type":"Polygon","coordinates":[[[74.14346,15.06433,0.0],[74.14974,15.06639,0.0],[74.15732,15.0649,0.0],[74.16007,15.06575,0.0],[74.16257,15.06522,0.0],[74.16588,15.06177,0.0],[74.17036,15.05895,0.0],[74.1707,15.05716,0.0],[74.16782,15.05234,0.0],[74.16434,15.05157,0.0],[74.16161,15.04833,0.0],[74.16318,15.0469,0.0],[74.16612,15.04718,0.0],[74.16597,15.04471,0.0],[74.167,15.0436,0.0],[74.17057,15.04357,0.0],[74.17482,15.0421,0.0],[74.17658,15.04004,0.0],[74.17946,15.03939,0.0],[74.18162,15.0408,0.0],[74.18338,15.04017,0.0],[74.18904,15.04134,0.0],[74.19355,15.04135,0.0],[74.18847,15.03231,0.0],[74.18603,15.03048,0.0],[74.18507,15.02805,0.0],[74.18109,15.02414,0.0],[74.1827,15.01628,0.0],[74.17912,15.01305,0.0],[74.1769,15.0128,0.0],[74.17374,15.00809,0.0],[74.17197,15.00819,0.0],[74.1705,15.00678,0.0],[74.17423,15.0041,0.0],[74.1743,15.00206,0.0],[74.17323,15.00038,0.0],[74.17511,14.99983,0.0],[74.17718,14.9978,0.0],[74.1771,14.99709,0.0],[74.17499,14.9966,0.0],[74.17575,14.99414,0.0],[74.17713,14.9936,0.0],[74.17851,14.99426,0.0],[74.18032,14.99252,0.0],[74.17989,14.99017,0.0],[74.17779,14.98925,0.0],[74.17865,14.98605,0.0],[74.17766,14.97874,0.0],[74.17547,14.97948,0.0],[74.17468,14.9818,0.0],[74.17113,14.98172,0.0],[74.16966,14.98125,0.0],[74.16932,14.97762,0.0],[74.16747,14.97773,0.0],[74.16583,14.97957,0.0],[74.16228,14.97955,0.0],[74.16044,14.97804,0.0],[74.15976,14.97468,0.0],[74.15659,14.97595,0.0],[74.15395,14.97594,0.0],[74.1543,14.97768,0.0],[74.15694,14.97951,0.0],[74.15638,14.98211,0.0],[74.15176,14.9841,0.0],[74.15129,14.98495,0.0],[74.15189,14.98682,0.0],[74.1485,14.9877,0.0],[74.1472,14.99359,0.0],[74.14494,14.992,0.0],[74.14155,14.99312,0.0],[74.13994,14.98981,0.0],[74.1369,14.99006,0.0],[74.1354,14.99194,0.0],[74.13709,14.99611,0.0],[74.13379,14.99792,0.0],[74.13508,15.0008,0.0],[74.13384,15.00233,0.0],[74.13252,15.00193,0.0],[74.13032,14.99611,0.0],[74.12886,14.9959,0.0],[74.1277,14.99777,0.0],[74.12645,14.99789,0.0],[74.12216,14.99269,0.0],[74.11868,14.99413,0.0],[74.11851,14.98935,0.0],[74.11552,14.98979,0.0],[74.11388,14.99142,0.0],[74.11329,14.98916,0.0],[74.1121,14.98885,0.0],[74.11157,14.99183,0.0],[74.10888,14.99227,0.0],[74.10806,14.99321,0.0],[74.10853,14.99799,0.0],[74.10558,14.9991,0.0],[74.10003,15.00288,0.0],[74.09932,15.00536,0.0],[74.09502,15.00209,0.0],[74.09433,15.00336,0.0],[74.09522,15.00595,0.0],[74.09079,15.00659,0.0],[74.09077,15.00762,0.0],[74.09437,15.00852,0.0],[74.09535,15.01134,0.0],[74.09807,15.01264,0.0],[74.09307,15.01245,0.0],[74.09067,15.01313,0.0],[74.09462,15.02241,0.0],[74.09387,15.02437,0.0],[74.09949,15.02816,0.0],[74.09674,15.03162,0.0],[74.09806,15.03932,0.0],[74.0993,15.04068,0.0],[74.09822,15.04122,0.0],[74.10545,15.05443,0.0],[74.1119,15.0595,0.0],[74.12508,15.06351,0.0],[74.12817,15.06524,0.0],[74.13021,15.06503,0.0],[74.13613,15.06692,0.0],[74.1406,15.06647,0.0],[74.14346,15.06433,0.0]]]}},{"id":"232","type":"Feature","properties":{"state":"GOA","state_code":"30","district":"SOUTH GOA","district_code":586,"sub_district":"SANGUEM","sub_district_code":"05618","sub_district_type":"Taluk","village":"Nundem","village_category":"Rural","village_code":"627019"},"geometry":{"type":"Polygon","coordinates":[[[74.21665,15.04429,0.0],[74.20818,15.04224,0.0],[74.18904,15.04134,0.0],[74.18303,15.04017,0.0],[74.18616,15.04455,0.0],[74.18758,15.05215,0.0],[74.18926,15.05463,0.0],[74.19185,15.05629,0.0],[74.19351,15.06214,0.0],[74.1929,15.06326,0.0],[74.19014,15.06475,0.0],[74.19046,15.0673,0.0],[74.18858,15.06775,0.0],[74.19915,15.0699,0.0],[74.20347,15.06853,0.0],[74.21297,15.05926,0.0],[74.21812,15.04302,0.0],[74.21665,15.04429,0.0]]]}},{"id":"233","type":"Feature","properties":{"state":"GOA","state_code":"30","district":"SOUTH GOA","district_code":586,"sub_district":"CANACONA","sub_district_code":"05619","sub_district_type":"Taluk","village":"Agonda","village_category":"Rural","village_code":"627023"},"geometry":{"type":"Polygon","coordinates":[[[74.01351,15.0574,0.0],[74.01515,15.05214,0.0],[74.01761,15.05192,0.0],[74.015,15.04822,0.0],[74.01564,15.04482,0.0],[74.01835,15.04234,0.0],[74.01932,15.0399,0.0],[74.01881,15.03765,0.0],[74.02093,15.03447,0.0],[74.01895,15.03332,0.0],[74.01689,15.03374,0.0],[74.01571,15.03311,0.0],[74.01531,15.03076,0.0],[74.01355,15.02846,0.0],[74.01414,15.02728,0.0],[74.01062,15.02673,0.0],[74.00868,15.02514,0.0],[74.00682,15.01613,0.0],[74.00336,15.01504,0.0],[74.00185,15.01812,0.0],[73.99962,15.0174,0.0],[73.99772,15.01995,0.0],[73.99642,15.01951,0.0],[73.9948,15.01706,0.0],[73.99282,15.01661,0.0],[73.98948,15.01892,0.0],[73.98983,15.02177,0.0],[73.98867,15.02427,0.0],[73.98608,15.0245,0.0],[73.98814,15.02566,0.0],[73.9863,15.02769,0.0],[73.99043,15.02877,0.0],[73.99112,15.03164,0.0],[73.98504,15.04703,0.0],[73.98074,15.05403,0.0],[73.98196,15.05287,0.0],[73.98397,15.05291,0.0],[73.9849,15.05404,0.0],[73.98836,15.05514,0.0],[73.99008,15.06075,0.0],[73.99326,15.06324,0.0],[73.99762,15.06266,0.0],[73.99831,15.06088,0.0],[74.00184,15.06344,0.0],[74.00486,15.06224,0.0],[74.00541,15.06348,0.0],[74.00679,15.06391,0.0],[74.00642,15.06489,0.0],[74.00709,15.06546,0.0],[74.0104,15.06355,0.0],[74.01351,15.0574,0.0]]]}},{"id":"234","type":"Feature","properties":{"state":"GOA","state_code":"30","district":"SOUTH GOA","district_code":586,"sub_district":"QUEPEM","sub_district_code":"05617","sub_district_type":"Taluk","village":"Quisconda","village_category":"Rural","village_code":"626963"},"geometry":{"type":"Polygon","coordinates":[[[74.11504,15.08427,0.0],[74.11167,15.08068,0.0],[74.11109,15.07786,0.0],[74.10572,15.06971,0.0],[74.10607,15.0683,0.0],[74.11286,15.06446,0.0],[74.11212,15.06206,0.0],[74.11326,15.05964,0.0],[74.1119,15.0595,0.0],[74.10545,15.05443,0.0],[74.09822,15.04122,0.0],[74.09509,15.04298,0.0],[74.09304,15.04683,0.0],[74.09124,15.04791,0.0],[74.08426,15.0514,0.0],[74.08061,15.05052,0.0],[74.07648,15.05232,0.0],[74.07852,15.05675,0.0],[74.08104,15.05834,0.0],[74.08494,15.05837,0.0],[74.08444,15.06061,0.0],[74.08515,15.06334,0.0],[74.08744,15.06724,0.0],[74.08704,15.06972,0.0],[74.08479,15.07201,0.0],[74.08445,15.07376,0.0],[74.08601,15.07468,0.0],[74.08606,15.0783,0.0],[74.08681,15.07951,0.0],[74.08647,15.08333,0.0],[74.08874,15.08869,0.0],[74.08897,15.09241,0.0],[74.0915,15.09204,0.0],[74.09644,15.08758,0.0],[74.10929,15.0843,0.0],[74.11504,15.08427,0.0]]]}},{"id":"235","type":"Feature","properties":{"state":"GOA","state_code":"30","district":"SOUTH GOA","district_code":586,"sub_district":"QUEPEM","sub_district_code":"05617","sub_district_type":"Taluk","village":"Mangal","village_category":"Rural","village_code":"626968"},"geometry":{"type":"Polygon","coordinates":[[[74.19234,15.07961,0.0],[74.19533,15.0773,0.0],[74.19843,15.07334,0.0],[74.19935,15.07047,0.0],[74.19829,15.06931,0.0],[74.18858,15.06775,0.0],[74.19046,15.0673,0.0],[74.19014,15.06475,0.0],[74.1929,15.06326,0.0],[74.19351,15.06214,0.0],[74.19185,15.05629,0.0],[74.18926,15.05463,0.0],[74.18758,15.05215,0.0],[74.18547,15.04292,0.0],[74.18303,15.04017,0.0],[74.18162,15.0408,0.0],[74.17946,15.03939,0.0],[74.17658,15.04004,0.0],[74.17482,15.0421,0.0],[74.17057,15.04357,0.0],[74.167,15.0436,0.0],[74.16597,15.04471,0.0],[74.16612,15.04718,0.0],[74.16318,15.0469,0.0],[74.16161,15.04833,0.0],[74.16434,15.05157,0.0],[74.16782,15.05234,0.0],[74.1707,15.05716,0.0],[74.17036,15.05895,0.0],[74.16588,15.06177,0.0],[74.16239,15.06522,0.0],[74.16328,15.06722,0.0],[74.17218,15.07483,0.0],[74.17463,15.07869,0.0],[74.17517,15.08153,0.0],[74.18193,15.08121,0.0],[74.18634,15.07973,0.0],[74.18925,15.08066,0.0],[74.19234,15.07961,0.0]]]}},{"id":"236","type":"Feature","properties":{"state":"GOA","state_code":"30","district":"SOUTH GOA","district_code":586,"sub_district":"QUEPEM","sub_district_code":"05617","sub_district_type":"Taluk","village":"Barcem","village_category":"Rural","village_code":"626961"},"geometry":{"type":"Polygon","coordinates":[[[74.06349,15.07807,0.0],[74.06483,15.07683,0.0],[74.06579,15.07826,0.0],[74.07006,15.0768,0.0],[74.06741,15.07475,0.0],[74.06748,15.07218,0.0],[74.06838,15.07063,0.0],[74.06691,15.06901,0.0],[74.06749,15.06734,0.0],[74.06965,15.06596,0.0],[74.06889,15.06432,0.0],[74.06964,15.06321,0.0],[74.05899,15.05035,0.0],[74.05347,15.04661,0.0],[74.05203,15.04637,0.0],[74.04731,15.04869,0.0],[74.03713,15.05121,0.0],[74.03256,15.04983,0.0],[74.02714,15.05103,0.0],[74.02392,15.05058,0.0],[74.0195,15.05215,0.0],[74.01515,15.05214,0.0],[74.01351,15.0574,0.0],[74.01014,15.06396,0.0],[74.01095,15.06394,0.0],[74.01122,15.06534,0.0],[74.01421,15.06627,0.0],[74.01767,15.07305,0.0],[74.01981,15.07087,0.0],[74.02091,15.0718,0.0],[74.02179,15.07114,0.0],[74.02231,15.07243,0.0],[74.02574,15.0708,0.0],[74.02371,15.07419,0.0],[74.02509,15.075,0.0],[74.0274,15.07467,0.0],[74.02744,15.0777,0.0],[74.03099,15.07981,0.0],[74.04321,15.07999,0.0],[74.05589,15.0789,0.0],[74.05672,15.08081,0.0],[74.05843,15.08008,0.0],[74.06264,15.08099,0.0],[74.06349,15.07807,0.0]]]}},{"id":"237","type":"Feature","properties":{"state":"GOA","state_code":"30","district":"SOUTH GOA","district_code":586,"sub_district":"QUEPEM","sub_district_code":"05617","sub_district_type":"Taluk","village":"Corla","village_category":"Rural","village_code":"626966"},"geometry":{"type":"Polygon","coordinates":[[[74.137,15.07766,0.0],[74.13765,15.0764,0.0],[74.13923,15.07582,0.0],[74.13985,15.07328,0.0],[74.14235,15.07075,0.0],[74.1406,15.06647,0.0],[74.13613,15.06692,0.0],[74.13021,15.06503,0.0],[74.12817,15.06524,0.0],[74.12508,15.06351,0.0],[74.11326,15.05964,0.0],[74.11212,15.06206,0.0],[74.11286,15.06446,0.0],[74.10607,15.0683,0.0],[74.10573,15.06986,0.0],[74.11109,15.07786,0.0],[74.11151,15.08039,0.0],[74.11504,15.08427,0.0],[74.11789,15.0849,0.0],[74.11935,15.08366,0.0],[74.12625,15.08414,0.0],[74.12898,15.08345,0.0],[74.13133,15.08393,0.0],[74.13445,15.08634,0.0],[74.13804,15.08718,0.0],[74.13912,15.08645,0.0],[74.13894,15.08333,0.0],[74.14031,15.08371,0.0],[74.137,15.07766,0.0]]]}},{"id":"238","type":"Feature","properties":{"state":"GOA","state_code":"30","district":"SOUTH GOA","district_code":586,"sub_district":"QUEPEM","sub_district_code":"05617","sub_district_type":"Taluk","village":"Cazur","village_category":"Rural","village_code":"626967"},"geometry":{"type":"Polygon","coordinates":[[[74.17468,15.08385,0.0],[74.1752,15.0813,0.0],[74.17463,15.07869,0.0],[74.17153,15.07407,0.0],[74.16366,15.06763,0.0],[74.16239,15.06522,0.0],[74.16007,15.06575,0.0],[74.15732,15.0649,0.0],[74.14974,15.06639,0.0],[74.14346,15.06433,0.0],[74.1406,15.06647,0.0],[74.14235,15.07075,0.0],[74.13985,15.07328,0.0],[74.13923,15.07582,0.0],[74.13765,15.0764,0.0],[74.137,15.07766,0.0],[74.1404,15.08417,0.0],[74.14176,15.08192,0.0],[74.1559,15.08362,0.0],[74.15781,15.08624,0.0],[74.16031,15.08676,0.0],[74.16316,15.0906,0.0],[74.16508,15.08916,0.0],[74.16645,15.08924,0.0],[74.16868,15.08609,0.0],[74.16938,15.08778,0.0],[74.17229,15.08495,0.0],[74.17468,15.08385,0.0]]]}},{"id":"239","type":"Feature","properties":{"state":"GOA","state_code":"30","district":"SOUTH GOA","district_code":586,"sub_district":"SANGUEM","sub_district_code":"05618","sub_district_type":"Taluk","village":"Verlem","village_category":"Rural","village_code":"627020"},"geometry":{"type":"Polygon","coordinates":[[[74.24978,15.00108,0.0],[74.2425,15.00226,0.0],[74.23647,15.00932,0.0],[74.23427,15.01395,0.0],[74.23193,15.02307,0.0],[74.2313,15.02827,0.0],[74.23173,15.03274,0.0],[74.22922,15.03567,0.0],[74.2199,15.04124,0.0],[74.21812,15.04302,0.0],[74.22273,15.04648,0.0],[74.22793,15.04899,0.0],[74.24531,15.0561,0.0],[74.24625,15.05886,0.0],[74.24926,15.06015,0.0],[74.25013,15.05937,0.0],[74.25139,15.05954,0.0],[74.25716,15.06382,0.0],[74.25971,15.06743,0.0],[74.26753,15.0734,0.0],[74.26656,15.07485,0.0],[74.26427,15.08867,0.0],[74.27176,15.0938,0.0],[74.27363,15.09588,0.0],[74.27353,15.09705,0.0],[74.27632,15.09562,0.0],[74.27848,15.09607,0.0],[74.27832,15.09015,0.0],[74.27962,15.08803,0.0],[74.2801,15.0791,0.0],[74.28106,15.07695,0.0],[74.28038,15.0752,0.0],[74.28073,15.06882,0.0],[74.28373,15.06614,0.0],[74.28951,15.06482,0.0],[74.29025,15.05361,0.0],[74.29291,15.05008,0.0],[74.29461,15.04917,0.0],[74.29649,15.04121,0.0],[74.28824,15.03674,0.0],[74.28326,15.03157,0.0],[74.28341,15.02353,0.0],[74.27245,15.01425,0.0],[74.2691,15.00912,0.0],[74.26647,15.00689,0.0],[74.26664,15.00412,0.0],[74.26807,15.00201,0.0],[74.26191,15.00024,0.0],[74.2595,15.00051,0.0],[74.25342,14.99767,0.0],[74.24978,15.00108,0.0]]]}},{"id":"240","type":"Feature","properties":{"state":"GOA","state_code":"30","district":"SOUTH GOA","district_code":586,"sub_district":"QUEPEM","sub_district_code":"05617","sub_district_type":"Taluk","village":"Gocoldem","village_category":"Rural","village_code":"626962"},"geometry":{"type":"Polygon","coordinates":[[[74.08874,15.08869,0.0],[74.08647,15.08333,0.0],[74.08681,15.07951,0.0],[74.08606,15.0783,0.0],[74.08601,15.07468,0.0],[74.08445,15.07376,0.0],[74.08479,15.07201,0.0],[74.08704,15.06972,0.0],[74.08744,15.06724,0.0],[74.08515,15.06334,0.0],[74.08444,15.06061,0.0],[74.08494,15.05837,0.0],[74.08104,15.05834,0.0],[74.07852,15.05675,0.0],[74.07648,15.05232,0.0],[74.07237,15.053,0.0],[74.06878,15.05052,0.0],[74.06313,15.05072,0.0],[74.06229,15.05139,0.0],[74.05899,15.05035,0.0],[74.06964,15.06321,0.0],[74.06889,15.06432,0.0],[74.06965,15.06596,0.0],[74.06749,15.06734,0.0],[74.06691,15.06901,0.0],[74.06838,15.07063,0.0],[74.06748,15.07218,0.0],[74.06741,15.07475,0.0],[74.07006,15.0768,0.0],[74.06579,15.07826,0.0],[74.06483,15.07683,0.0],[74.06274,15.08007,0.0],[74.06381,15.08315,0.0],[74.06317,15.08702,0.0],[74.06587,15.09214,0.0],[74.06499,15.09452,0.0],[74.06862,15.0972,0.0],[74.07049,15.09722,0.0],[74.07832,15.10074,0.0],[74.08897,15.09241,0.0],[74.08874,15.08869,0.0]]]}},{"id":"241","type":"Feature","properties":{"state":"GOA","state_code":"30","district":"SOUTH GOA","district_code":586,"sub_district":"CANACONA","sub_district_code":"05619","sub_district_type":"Taluk","village":"Cola","village_category":"Rural","village_code":"627022"},"geometry":{"type":"Polygon","coordinates":[[[73.94814,15.10556,0.0],[73.95276,15.09523,0.0],[73.95543,15.09282,0.0],[73.95891,15.08769,0.0],[73.98108,15.09788,0.0],[73.98738,15.09623,0.0],[73.99111,15.09707,0.0],[73.99216,15.09548,0.0],[73.99356,15.0968,0.0],[73.99617,15.09698,0.0],[73.99897,15.09858,0.0],[74.00109,15.09716,0.0],[74.006,15.09799,0.0],[74.00466,15.09651,0.0],[74.00353,15.09318,0.0],[74.00348,15.08371,0.0],[74.00449,15.08303,0.0],[74.00502,15.08028,0.0],[74.00814,15.07606,0.0],[74.01248,15.07386,0.0],[74.01421,15.07155,0.0],[74.01695,15.07071,0.0],[74.01421,15.06627,0.0],[74.01122,15.06534,0.0],[74.0104,15.06355,0.0],[74.00709,15.06546,0.0],[74.00642,15.06489,0.0],[74.00679,15.06391,0.0],[74.00541,15.06348,0.0],[74.00486,15.06224,0.0],[74.00184,15.06344,0.0],[73.99831,15.06088,0.0],[73.99736,15.06278,0.0],[73.99298,15.06313,0.0],[73.99008,15.06075,0.0],[73.98836,15.05514,0.0],[73.98504,15.05426,0.0],[73.98328,15.0529,0.0],[73.98029,15.05468,0.0],[73.98012,15.0518,0.0],[73.97505,15.04894,0.0],[73.97213,15.05108,0.0],[73.97218,15.05423,0.0],[73.97035,15.05884,0.0],[73.96889,15.06083,0.0],[73.96726,15.06142,0.0],[73.96787,15.06272,0.0],[73.96746,15.06462,0.0],[73.96347,15.06465,0.0],[73.96233,15.06647,0.0],[73.95989,15.06714,0.0],[73.95745,15.06912,0.0],[73.95462,15.06919,0.0],[73.95549,15.07095,0.0],[73.95499,15.07193,0.0],[73.94808,15.07346,0.0],[73.9422,15.07312,0.0],[73.93672,15.07698,0.0],[73.93274,15.07719,0.0],[73.93144,15.07923,0.0],[73.93167,15.08241,0.0],[73.92794,15.08316,0.0],[73.92633,15.08477,0.0],[73.92309,15.08547,0.0],[73.91788,15.08201,0.0],[73.91645,15.08415,0.0],[73.91295,15.08348,0.0],[73.91305,15.08428,0.0],[73.91629,15.08464,0.0],[73.9173,15.0875,0.0],[73.92037,15.08873,0.0],[73.92231,15.08853,0.0],[73.92276,15.09001,0.0],[73.92437,15.09048,0.0],[73.92509,15.09363,0.0],[73.92767,15.09532,0.0],[73.92571,15.10387,0.0],[73.92281,15.10427,0.0],[73.92282,15.10633,0.0],[73.91848,15.10621,0.0],[73.92659,15.10813,0.0],[73.9291,15.11014,0.0],[73.93381,15.11205,0.0],[73.93609,15.11028,0.0],[73.93791,15.11692,0.0],[73.94246,15.11082,0.0],[73.94814,15.10556,0.0]]]}},{"id":"242","type":"Feature","properties":{"state":"GOA","state_code":"30","district":"SOUTH GOA","district_code":586,"sub_district":"QUEPEM","sub_district_code":"05617","sub_district_type":"Taluk","village":"Quedem","village_category":"Rural","village_code":"626960"},"geometry":{"type":"Polygon","coordinates":[[[74.02834,15.10064,0.0],[74.02817,15.09657,0.0],[74.03137,15.09111,0.0],[74.02985,15.0863,0.0],[74.03115,15.08377,0.0],[74.02972,15.08219,0.0],[74.02925,15.07879,0.0],[74.02744,15.0777,0.0],[74.0274,15.07467,0.0],[74.02509,15.075,0.0],[74.02371,15.07419,0.0],[74.02574,15.0708,0.0],[74.02231,15.07243,0.0],[74.02179,15.07114,0.0],[74.02091,15.0718,0.0],[74.01981,15.07087,0.0],[74.01783,15.07308,0.0],[74.01695,15.07071,0.0],[74.01421,15.07155,0.0],[74.01248,15.07386,0.0],[74.00814,15.07606,0.0],[74.00502,15.08028,0.0],[74.00449,15.08303,0.0],[74.00348,15.08371,0.0],[74.00344,15.09266,0.0],[74.00429,15.09564,0.0],[74.006,15.09799,0.0],[74.0164,15.09948,0.0],[74.0208,15.10236,0.0],[74.02613,15.10273,0.0],[74.02834,15.10064,0.0]]]}},{"id":"243","type":"Feature","properties":{"state":"GOA","state_code":"30","district":"SOUTH GOA","district_code":586,"sub_district":"SANGUEM","sub_district_code":"05618","sub_district_type":"Taluk","village":"Vichundrem","village_category":"Rural","village_code":"627016"},"geometry":{"type":"Polygon","coordinates":[[[74.21059,15.11141,0.0],[74.20837,15.10955,0.0],[74.21112,15.10744,0.0],[74.2102,15.1054,0.0],[74.21078,15.10466,0.0],[74.20806,15.1012,0.0],[74.20649,15.0961,0.0],[74.20221,15.09149,0.0],[74.19861,15.08989,0.0],[74.18925,15.08066,0.0],[74.18634,15.07973,0.0],[74.18193,15.08121,0.0],[74.17517,15.08153,0.0],[74.17455,15.08406,0.0],[74.17229,15.08495,0.0],[74.17306,15.0866,0.0],[74.17148,15.08921,0.0],[74.17338,15.08885,0.0],[74.17522,15.08989,0.0],[74.17749,15.10507,0.0],[74.17879,15.10716,0.0],[74.18733,15.11063,0.0],[74.19162,15.11462,0.0],[74.19678,15.11357,0.0],[74.1986,15.11445,0.0],[74.19881,15.11539,0.0],[74.20271,15.11305,0.0],[74.20447,15.11395,0.0],[74.2051,15.11215,0.0],[74.20706,15.11148,0.0],[74.21039,15.11195,0.0],[74.21059,15.11141,0.0]]]}},{"id":"244","type":"Feature","properties":{"state":"GOA","state_code":"30","district":"SOUTH GOA","district_code":586,"sub_district":"QUEPEM","sub_district_code":"05617","sub_district_type":"Taluk","village":"Padi","village_category":"Rural","village_code":"626959"},"geometry":{"type":"Polygon","coordinates":[[[74.07049,15.09722,0.0],[74.06862,15.0972,0.0],[74.06499,15.09452,0.0],[74.06587,15.09214,0.0],[74.06335,15.08765,0.0],[74.06378,15.08279,0.0],[74.06264,15.08099,0.0],[74.05843,15.08008,0.0],[74.05672,15.08081,0.0],[74.05589,15.0789,0.0],[74.03677,15.08008,0.0],[74.03543,15.07946,0.0],[74.03099,15.07981,0.0],[74.02925,15.07879,0.0],[74.02972,15.08219,0.0],[74.03115,15.08377,0.0],[74.02985,15.0863,0.0],[74.03137,15.09111,0.0],[74.02817,15.09657,0.0],[74.02834,15.10064,0.0],[74.02611,15.10294,0.0],[74.03089,15.1055,0.0],[74.04528,15.09843,0.0],[74.04938,15.09818,0.0],[74.05299,15.0995,0.0],[74.05484,15.1013,0.0],[74.05695,15.10076,0.0],[74.05904,15.10212,0.0],[74.06156,15.11051,0.0],[74.06737,15.11017,0.0],[74.07104,15.11138,0.0],[74.07785,15.10464,0.0],[74.07832,15.10074,0.0],[74.07049,15.09722,0.0]]]}},{"id":"245","type":"Feature","properties":{"state":"GOA","state_code":"30","district":"SOUTH GOA","district_code":586,"sub_district":"SANGUEM","sub_district_code":"05618","sub_district_type":"Taluk","village":"Neturlim","village_category":"Rural","village_code":"627018"},"geometry":{"type":"Polygon","coordinates":[[[74.23634,15.11376,0.0],[74.23945,15.11342,0.0],[74.24098,15.11122,0.0],[74.24194,15.10679,0.0],[74.24374,15.10467,0.0],[74.24761,15.10268,0.0],[74.25095,15.10341,0.0],[74.25692,15.10016,0.0],[74.27405,15.1018,0.0],[74.27265,15.0975,0.0],[74.27363,15.09588,0.0],[74.27176,15.0938,0.0],[74.26427,15.08867,0.0],[74.26594,15.07778,0.0],[74.26742,15.0731,0.0],[74.25971,15.06743,0.0],[74.25716,15.06382,0.0],[74.25139,15.05954,0.0],[74.25013,15.05937,0.0],[74.24926,15.06015,0.0],[74.24759,15.05972,0.0],[74.24618,15.05876,0.0],[74.24531,15.0561,0.0],[74.22793,15.04899,0.0],[74.22273,15.04648,0.0],[74.21812,15.04302,0.0],[74.21297,15.05926,0.0],[74.20347,15.06853,0.0],[74.19915,15.0699,0.0],[74.19843,15.07334,0.0],[74.19533,15.0773,0.0],[74.19234,15.07961,0.0],[74.18925,15.08066,0.0],[74.19861,15.08989,0.0],[74.20221,15.09149,0.0],[74.20649,15.0961,0.0],[74.20806,15.1012,0.0],[74.21078,15.10466,0.0],[74.21025,15.1058,0.0],[74.2112,15.1072,0.0],[74.20843,15.10987,0.0],[74.21145,15.11298,0.0],[74.21313,15.11382,0.0],[74.21864,15.11303,0.0],[74.21905,15.11377,0.0],[74.22489,15.11415,0.0],[74.23044,15.11936,0.0],[74.23217,15.11851,0.0],[74.23307,15.11648,0.0],[74.23634,15.11376,0.0]]]}},{"id":"246","type":"Feature","properties":{"state":"GOA","state_code":"30","district":"SOUTH GOA","district_code":586,"sub_district":"QUEPEM","sub_district_code":"05617","sub_district_type":"Taluk","village":"Sulcorna","village_category":"Rural","village_code":"626965"},"geometry":{"type":"Polygon","coordinates":[[[74.17749,15.10507,0.0],[74.17522,15.08989,0.0],[74.17338,15.08885,0.0],[74.17148,15.08921,0.0],[74.17306,15.0866,0.0],[74.17229,15.08495,0.0],[74.16938,15.08778,0.0],[74.16868,15.08609,0.0],[74.16645,15.08924,0.0],[74.16508,15.08916,0.0],[74.16316,15.0906,0.0],[74.16031,15.08676,0.0],[74.15781,15.08624,0.0],[74.1559,15.08362,0.0],[74.1412,15.08226,0.0],[74.14045,15.08555,0.0],[74.14427,15.09085,0.0],[74.14513,15.09606,0.0],[74.14299,15.09999,0.0],[74.14279,15.1057,0.0],[74.14141,15.10814,0.0],[74.14182,15.11346,0.0],[74.14318,15.11346,0.0],[74.15108,15.11772,0.0],[74.15392,15.12074,0.0],[74.15632,15.12138,0.0],[74.15702,15.12245,0.0],[74.15854,15.12148,0.0],[74.1593,15.12233,0.0],[74.16162,15.122,0.0],[74.16591,15.1206,0.0],[74.16631,15.1186,0.0],[74.16882,15.1193,0.0],[74.17108,15.11666,0.0],[74.17084,15.1135,0.0],[74.17416,15.11328,0.0],[74.17451,15.11154,0.0],[74.17879,15.10716,0.0],[74.17749,15.10507,0.0]]]}},{"id":"247","type":"Feature","properties":{"state":"GOA","state_code":"30","district":"SOUTH GOA","district_code":586,"sub_district":"QUEPEM","sub_district_code":"05617","sub_district_type":"Taluk","village":"Pirla","village_category":"Rural","village_code":"626964"},"geometry":{"type":"Polygon","coordinates":[[[74.14141,15.10814,0.0],[74.14279,15.1057,0.0],[74.14299,15.09999,0.0],[74.14513,15.09606,0.0],[74.14427,15.09085,0.0],[74.14131,15.08737,0.0],[74.14031,15.08371,0.0],[74.13894,15.08333,0.0],[74.13912,15.08645,0.0],[74.13804,15.08718,0.0],[74.13445,15.08634,0.0],[74.13133,15.08393,0.0],[74.12898,15.08345,0.0],[74.12625,15.08414,0.0],[74.11935,15.08366,0.0],[74.11789,15.0849,0.0],[74.1164,15.08417,0.0],[74.11272,15.08478,0.0],[74.10929,15.0843,0.0],[74.09923,15.08696,0.0],[74.10197,15.09227,0.0],[74.10179,15.09876,0.0],[74.10051,15.10189,0.0],[74.10346,15.10638,0.0],[74.10693,15.10701,0.0],[74.11037,15.11428,0.0],[74.11704,15.11562,0.0],[74.1205,15.11438,0.0],[74.12393,15.11475,0.0],[74.12771,15.11954,0.0],[74.12643,15.12119,0.0],[74.12886,15.12319,0.0],[74.13069,15.11973,0.0],[74.13441,15.11895,0.0],[74.13451,15.11666,0.0],[74.13711,15.11439,0.0],[74.14182,15.11346,0.0],[74.14141,15.10814,0.0]]]}},{"id":"248","type":"Feature","properties":{"state":"GOA","state_code":"30","district":"SOUTH GOA","district_code":586,"sub_district":"QUEPEM","sub_district_code":"05617","sub_district_type":"Taluk","village":"Naquerim","village_category":"Rural","village_code":"626952"},"geometry":{"type":"Polygon","coordinates":[[[73.95891,15.08769,0.0],[73.95543,15.09282,0.0],[73.95276,15.09523,0.0],[73.94814,15.10556,0.0],[73.94396,15.10876,0.0],[73.9389,15.11595,0.0],[73.93849,15.11688,0.0],[73.94061,15.11722,0.0],[73.94132,15.11659,0.0],[73.94147,15.12038,0.0],[73.94057,15.12371,0.0],[73.94135,15.1252,0.0],[73.94737,15.12554,0.0],[73.94837,15.12418,0.0],[73.95126,15.12269,0.0],[73.95218,15.12504,0.0],[73.95382,15.12613,0.0],[73.95544,15.12649,0.0],[73.95845,15.12476,0.0],[73.96436,15.12722,0.0],[73.96916,15.1264,0.0],[73.97137,15.12272,0.0],[73.97714,15.12499,0.0],[73.97852,15.12477,0.0],[73.97848,15.12212,0.0],[73.9758,15.12093,0.0],[73.97557,15.11964,0.0],[73.97591,15.11641,0.0],[73.97983,15.11121,0.0],[73.97779,15.10776,0.0],[73.9776,15.10451,0.0],[73.97805,15.10193,0.0],[73.98108,15.09788,0.0],[73.95891,15.08769,0.0]]]}},{"id":"249","type":"Feature","properties":{"state":"GOA","state_code":"30","district":"SOUTH GOA","district_code":586,"sub_district":"SANGUEM","sub_district_code":"05618","sub_district_type":"Taluk","village":"Sigonem","village_category":"Rural","village_code":"627017"},"geometry":{"type":"Polygon","coordinates":[[[74.28498,15.13455,0.0],[74.2829,15.13074,0.0],[74.28495,15.12828,0.0],[74.28445,15.12606,0.0],[74.28659,15.12246,0.0],[74.28657,15.12115,0.0],[74.28413,15.11928,0.0],[74.28389,15.11571,0.0],[74.28272,15.11318,0.0],[74.28242,15.10656,0.0],[74.27965,15.10489,0.0],[74.27653,15.10536,0.0],[74.27405,15.1018,0.0],[74.25692,15.10016,0.0],[74.25095,15.10341,0.0],[74.24761,15.10268,0.0],[74.24374,15.10467,0.0],[74.24194,15.10679,0.0],[74.24098,15.11122,0.0],[74.23878,15.11395,0.0],[74.23634,15.11376,0.0],[74.23364,15.11575,0.0],[74.23121,15.11912,0.0],[74.23044,15.11936,0.0],[74.22873,15.11752,0.0],[74.22685,15.11922,0.0],[74.23078,15.1313,0.0],[74.23055,15.13825,0.0],[74.24307,15.13845,0.0],[74.24598,15.13731,0.0],[74.24815,15.13395,0.0],[74.24977,15.13301,0.0],[74.2562,15.13129,0.0],[74.25861,15.13494,0.0],[74.26142,15.13686,0.0],[74.26666,15.13825,0.0],[74.26734,15.1412,0.0],[74.27516,15.13589,0.0],[74.28508,15.13777,0.0],[74.28498,15.13455,0.0]]]}},{"id":"250","type":"Feature","properties":{"state":"GOA","state_code":"30","district":"SOUTH GOA","district_code":586,"sub_district":"QUEPEM","sub_district_code":"05617","sub_district_type":"Taluk","village":"Maina","village_category":"Rural","village_code":"626957"},"geometry":{"type":"Polygon","coordinates":[[[74.10051,15.10189,0.0],[74.10179,15.09876,0.0],[74.10197,15.09227,0.0],[74.09923,15.08696,0.0],[74.09708,15.08734,0.0],[74.0915,15.09204,0.0],[74.08673,15.09361,0.0],[74.08531,15.09557,0.0],[74.07832,15.10074,0.0],[74.07785,15.10464,0.0],[74.07104,15.11138,0.0],[74.06737,15.11017,0.0],[74.06156,15.11051,0.0],[74.05847,15.11504,0.0],[74.05714,15.12202,0.0],[74.06526,15.12804,0.0],[74.06577,15.12463,0.0],[74.07017,15.1222,0.0],[74.07218,15.12371,0.0],[74.07694,15.12436,0.0],[74.07915,15.13178,0.0],[74.08145,15.13277,0.0],[74.0829,15.13215,0.0],[74.0836,15.13425,0.0],[74.0851,15.13515,0.0],[74.08677,15.13417,0.0],[74.08966,15.13512,0.0],[74.09702,15.13399,0.0],[74.09723,15.13106,0.0],[74.09839,15.12968,0.0],[74.09814,15.12796,0.0],[74.10008,15.12715,0.0],[74.09973,15.12458,0.0],[74.1008,15.12356,0.0],[74.09972,15.12225,0.0],[74.09973,15.11998,0.0],[74.10184,15.11642,0.0],[74.10253,15.11375,0.0],[74.10164,15.1133,0.0],[74.10289,15.11161,0.0],[74.10261,15.10734,0.0],[74.10346,15.10638,0.0],[74.10051,15.10189,0.0]]]}},{"id":"251","type":"Feature","properties":{"state":"GOA","state_code":"30","district":"SOUTH GOA","district_code":586,"sub_district":"QUEPEM","sub_district_code":"05617","sub_district_type":"Taluk","village":"Bendordem","village_category":"Rural","village_code":"626955"},"geometry":{"type":"Polygon","coordinates":[[[74.05552,15.1351,0.0],[74.05786,15.13465,0.0],[74.06007,15.13162,0.0],[74.06414,15.12815,0.0],[74.06528,15.12817,0.0],[74.05714,15.12202,0.0],[74.05231,15.1239,0.0],[74.0502,15.12691,0.0],[74.04869,15.12574,0.0],[74.04483,15.12517,0.0],[74.03839,15.12266,0.0],[74.03415,15.12259,0.0],[74.03291,15.12402,0.0],[74.03232,15.12783,0.0],[74.02941,15.1289,0.0],[74.02911,15.13041,0.0],[74.03055,15.13106,0.0],[74.0294,15.13168,0.0],[74.02826,15.13108,0.0],[74.02739,15.1325,0.0],[74.0255,15.13301,0.0],[74.02553,15.13594,0.0],[74.02144,15.1362,0.0],[74.02332,15.13972,0.0],[74.0269,15.13932,0.0],[74.02908,15.14036,0.0],[74.03351,15.14027,0.0],[74.04995,15.13593,0.0],[74.05486,15.13621,0.0],[74.05552,15.1351,0.0]]]}},{"id":"252","type":"Feature","properties":{"state":"GOA","state_code":"30","district":"SOUTH GOA","district_code":586,"sub_district":"SANGUEM","sub_district_code":"05618","sub_district_type":"Taluk","village":"Curpem","village_category":"Rural","village_code":"627015"},"geometry":{"type":"Polygon","coordinates":[[[74.19014,15.1332,0.0],[74.19173,15.13176,0.0],[74.18892,15.12781,0.0],[74.18999,15.12718,0.0],[74.19232,15.12822,0.0],[74.19247,15.12744,0.0],[74.19062,15.1256,0.0],[74.19631,15.12296,0.0],[74.19624,15.12171,0.0],[74.19422,15.12166,0.0],[74.19349,15.1207,0.0],[74.19599,15.11911,0.0],[74.19703,15.11651,0.0],[74.19881,15.11539,0.0],[74.1986,15.11445,0.0],[74.19678,15.11357,0.0],[74.19116,15.1145,0.0],[74.18733,15.11063,0.0],[74.17879,15.10716,0.0],[74.17451,15.11154,0.0],[74.17416,15.11328,0.0],[74.17084,15.1135,0.0],[74.17108,15.11666,0.0],[74.16882,15.1193,0.0],[74.16631,15.1186,0.0],[74.16561,15.12077,0.0],[74.1593,15.12233,0.0],[74.15854,15.12148,0.0],[74.15702,15.12245,0.0],[74.15632,15.12138,0.0],[74.15477,15.121,0.0],[74.15427,15.12422,0.0],[74.15556,15.12647,0.0],[74.15271,15.12962,0.0],[74.15556,15.13182,0.0],[74.15554,15.13636,0.0],[74.1579,15.14007,0.0],[74.15818,15.1434,0.0],[74.15659,15.14457,0.0],[74.15699,15.14696,0.0],[74.15998,15.14708,0.0],[74.16153,15.14564,0.0],[74.16314,15.1418,0.0],[74.16707,15.13965,0.0],[74.17544,15.13886,0.0],[74.18526,15.13403,0.0],[74.18657,15.13399,0.0],[74.19006,15.13624,0.0],[74.19014,15.1332,0.0]]]}},{"id":"253","type":"Feature","properties":{"state":"GOA","state_code":"30","district":"SOUTH GOA","district_code":586,"sub_district":"SANGUEM","sub_district_code":"05618","sub_district_type":"Taluk","village":"Porteem","village_category":"Rural","village_code":"627011"},"geometry":{"type":"Polygon","coordinates":[[[74.20397,15.14698,0.0],[74.20644,15.14671,0.0],[74.21039,15.1396,0.0],[74.22104,15.14144,0.0],[74.22478,15.13825,0.0],[74.22529,15.13939,0.0],[74.22766,15.14006,0.0],[74.23055,15.13825,0.0],[74.23078,15.1313,0.0],[74.22685,15.11922,0.0],[74.22873,15.11752,0.0],[74.22599,15.11481,0.0],[74.21905,15.11377,0.0],[74.21864,15.11303,0.0],[74.21313,15.11382,0.0],[74.21039,15.11195,0.0],[74.20706,15.11148,0.0],[74.2051,15.11215,0.0],[74.20412,15.11412,0.0],[74.20271,15.11305,0.0],[74.20006,15.11428,0.0],[74.19703,15.11651,0.0],[74.19599,15.11911,0.0],[74.19373,15.12028,0.0],[74.19378,15.12137,0.0],[74.19653,15.12212,0.0],[74.19563,15.1234,0.0],[74.19062,15.1256,0.0],[74.19247,15.12744,0.0],[74.19232,15.12822,0.0],[74.18999,15.12718,0.0],[74.189,15.1276,0.0],[74.18978,15.12986,0.0],[74.19173,15.13176,0.0],[74.19014,15.1332,0.0],[74.18985,15.13723,0.0],[74.18547,15.13852,0.0],[74.18977,15.13939,0.0],[74.19133,15.14078,0.0],[74.19026,15.14317,0.0],[74.19094,15.14722,0.0],[74.18922,15.14621,0.0],[74.18879,15.14665,0.0],[74.18914,15.14784,0.0],[74.19103,15.14926,0.0],[74.19377,15.14731,0.0],[74.19471,15.14962,0.0],[74.19615,15.15043,0.0],[74.19794,15.14988,0.0],[74.19961,15.14804,0.0],[74.20238,15.14861,0.0],[74.20397,15.14698,0.0]]]}},{"id":"254","type":"Feature","properties":{"state":"GOA","state_code":"30","district":"SOUTH GOA","district_code":586,"sub_district":"QUEPEM","sub_district_code":"05617","sub_district_type":"Taluk","village":"Morpila","village_category":"Rural","village_code":"626953"},"geometry":{"type":"Polygon","coordinates":[[[74.02771,15.1151,0.0],[74.03089,15.1055,0.0],[74.02613,15.10273,0.0],[74.0208,15.10236,0.0],[74.0164,15.09948,0.0],[74.00157,15.09712,0.0],[73.99897,15.09858,0.0],[73.99617,15.09698,0.0],[73.99356,15.0968,0.0],[73.99216,15.09548,0.0],[73.99111,15.09707,0.0],[73.98738,15.09623,0.0],[73.98108,15.09788,0.0],[73.97836,15.10139,0.0],[73.97758,15.1069,0.0],[73.97983,15.11121,0.0],[73.97591,15.11641,0.0],[73.97557,15.11964,0.0],[73.9758,15.12093,0.0],[73.97848,15.12212,0.0],[73.97872,15.12446,0.0],[73.98189,15.12382,0.0],[73.98483,15.12448,0.0],[73.98641,15.12268,0.0],[73.99037,15.1207,0.0],[73.99215,15.12088,0.0],[73.99932,15.12619,0.0],[74.00317,15.12653,0.0],[74.0028,15.12752,0.0],[74.00436,15.13121,0.0],[74.00629,15.13148,0.0],[74.00585,15.13446,0.0],[74.00722,15.13532,0.0],[74.01046,15.13327,0.0],[74.0097,15.13013,0.0],[74.01114,15.12731,0.0],[74.01011,15.12502,0.0],[74.01545,15.11719,0.0],[74.02147,15.11584,0.0],[74.0256,15.11573,0.0],[74.02653,15.11651,0.0],[74.02771,15.1151,0.0]]]}},{"id":"255","type":"Feature","properties":{"state":"GOA","state_code":"30","district":"SOUTH GOA","district_code":586,"sub_district":"SANGUEM","sub_district_code":"05618","sub_district_type":"Taluk","village":"Dongor","village_category":"Rural","village_code":"627009"},"geometry":{"type":"Polygon","coordinates":[[[74.25236,15.15402,0.0],[74.2538,15.15248,0.0],[74.2612,15.1553,0.0],[74.26734,15.1412,0.0],[74.26666,15.13825,0.0],[74.26142,15.13686,0.0],[74.25861,15.13494,0.0],[74.2562,15.13129,0.0],[74.24977,15.13301,0.0],[74.24815,15.13395,0.0],[74.24598,15.13731,0.0],[74.24307,15.13845,0.0],[74.23055,15.13825,0.0],[74.22766,15.14006,0.0],[74.22818,15.14469,0.0],[74.22763,15.14849,0.0],[74.22872,15.15078,0.0],[74.23164,15.15086,0.0],[74.23621,15.15407,0.0],[74.23674,15.15552,0.0],[74.24307,15.1559,0.0],[74.24385,15.15531,0.0],[74.24632,15.15598,0.0],[74.24973,15.15846,0.0],[74.25115,15.1585,0.0],[74.25236,15.15402,0.0]]]}},{"id":"256","type":"Feature","properties":{"state":"GOA","state_code":"30","district":"SOUTH GOA","district_code":586,"sub_district":"SANGUEM","sub_district_code":"05618","sub_district_type":"Taluk","village":"Naiquinim","village_category":"Rural","village_code":"627010"},"geometry":{"type":"Polygon","coordinates":[[[74.23621,15.15407,0.0],[74.23164,15.15086,0.0],[74.22806,15.15019,0.0],[74.22766,15.14006,0.0],[74.22529,15.13939,0.0],[74.22478,15.13825,0.0],[74.22104,15.14144,0.0],[74.21039,15.1396,0.0],[74.20644,15.14671,0.0],[74.20397,15.14698,0.0],[74.20238,15.14861,0.0],[74.20503,15.1506,0.0],[74.20943,15.15186,0.0],[74.21755,15.16076,0.0],[74.22039,15.16018,0.0],[74.22175,15.16132,0.0],[74.22663,15.16061,0.0],[74.22746,15.16205,0.0],[74.23295,15.16368,0.0],[74.23465,15.16228,0.0],[74.23513,15.16005,0.0],[74.2369,15.15828,0.0],[74.23697,15.15555,0.0],[74.23621,15.15407,0.0]]]}},{"id":"257","type":"Feature","properties":{"state":"GOA","state_code":"30","district":"SOUTH GOA","district_code":586,"sub_district":"QUEPEM","sub_district_code":"05617","sub_district_type":"Taluk","village":"Fatorpa","village_category":"Rural","village_code":"626950"},"geometry":{"type":"Polygon","coordinates":[[[74.0013,15.15513,0.0],[74.00322,15.15392,0.0],[74.00203,15.15208,0.0],[74.00523,15.14842,0.0],[74.00439,15.14762,0.0],[74.00589,15.14459,0.0],[74.00712,15.14502,0.0],[74.00901,15.14193,0.0],[74.00525,15.1386,0.0],[74.00739,15.13605,0.0],[74.00581,15.13434,0.0],[74.00629,15.13148,0.0],[74.00436,15.13121,0.0],[74.0028,15.12752,0.0],[74.00317,15.12653,0.0],[73.99932,15.12619,0.0],[73.99215,15.12088,0.0],[73.99037,15.1207,0.0],[73.98641,15.12268,0.0],[73.98489,15.12434,0.0],[73.98605,15.13002,0.0],[73.98282,15.13484,0.0],[73.98121,15.13974,0.0],[73.97545,15.14356,0.0],[73.97545,15.14505,0.0],[73.97649,15.14463,0.0],[73.97999,15.14595,0.0],[73.98107,15.14837,0.0],[73.99025,15.15336,0.0],[74.00062,15.15525,0.0],[74.00126,15.1565,0.0],[74.0013,15.15513,0.0]]]}},{"id":"258","type":"Feature","properties":{"state":"GOA","state_code":"30","district":"SOUTH GOA","district_code":586,"sub_district":"SANGUEM","sub_district_code":"05618","sub_district_type":"Taluk","village":"Colomba","village_category":"Rural","village_code":"627013"},"geometry":{"type":"Polygon","coordinates":[[[74.14874,15.1664,0.0],[74.15501,15.16926,0.0],[74.15611,15.16789,0.0],[74.15649,15.16151,0.0],[74.15773,15.15711,0.0],[74.15543,15.15217,0.0],[74.15682,15.14859,0.0],[74.15659,15.14457,0.0],[74.15818,15.1434,0.0],[74.1579,15.14007,0.0],[74.15554,15.13636,0.0],[74.15556,15.13182,0.0],[74.15271,15.12962,0.0],[74.15556,15.12647,0.0],[74.15427,15.12422,0.0],[74.15477,15.121,0.0],[74.15108,15.11772,0.0],[74.14238,15.11336,0.0],[74.13711,15.11439,0.0],[74.13451,15.11666,0.0],[74.13441,15.11895,0.0],[74.13123,15.11933,0.0],[74.13023,15.12022,0.0],[74.12898,15.12252,0.0],[74.12889,15.12505,0.0],[74.12958,15.12793,0.0],[74.13182,15.12761,0.0],[74.13331,15.12975,0.0],[74.13315,15.13079,0.0],[74.13153,15.13158,0.0],[74.13257,15.13781,0.0],[74.12966,15.1385,0.0],[74.12988,15.14085,0.0],[74.12893,15.14186,0.0],[74.12609,15.14142,0.0],[74.12477,15.1434,0.0],[74.12382,15.14858,0.0],[74.12009,15.14887,0.0],[74.11963,15.15158,0.0],[74.11697,15.15332,0.0],[74.1233,15.15678,0.0],[74.12335,15.1611,0.0],[74.12431,15.16169,0.0],[74.12447,15.16322,0.0],[74.12634,15.16296,0.0],[74.12769,15.16401,0.0],[74.12946,15.16811,0.0],[74.12858,15.16927,0.0],[74.13086,15.1712,0.0],[74.14874,15.1664,0.0]]]}},{"id":"259","type":"Feature","properties":{"state":"GOA","state_code":"30","district":"SOUTH GOA","district_code":586,"sub_district":"SANGUEM","sub_district_code":"05618","sub_district_type":"Taluk","village":"Viliena","village_category":"Rural","village_code":"627008"},"geometry":{"type":"Polygon","coordinates":[[[74.25023,15.16824,0.0],[74.25157,15.1681,0.0],[74.25156,15.16384,0.0],[74.2496,15.16404,0.0],[74.2496,15.16213,0.0],[74.25145,15.16148,0.0],[74.25115,15.1585,0.0],[74.24973,15.15846,0.0],[74.24632,15.15598,0.0],[74.24385,15.15531,0.0],[74.24307,15.1559,0.0],[74.23697,15.15555,0.0],[74.23698,15.15809,0.0],[74.23513,15.16005,0.0],[74.23465,15.16228,0.0],[74.23126,15.16451,0.0],[74.22989,15.1668,0.0],[74.23075,15.16968,0.0],[74.23256,15.17006,0.0],[74.23288,15.17175,0.0],[74.23722,15.17231,0.0],[74.23824,15.17137,0.0],[74.24035,15.17442,0.0],[74.24287,15.17609,0.0],[74.24873,15.17535,0.0],[74.25149,15.17622,0.0],[74.25023,15.16824,0.0]]]}},{"id":"260","type":"Feature","properties":{"state":"GOA","state_code":"30","district":"SOUTH GOA","district_code":586,"sub_district":"SALCETE","sub_district_code":"05616","sub_district_type":"Taluk","village":"Velim","village_category":"Rural","village_code":"626921"},"geometry":{"type":"Polygon","coordinates":[[[73.98107,15.14837,0.0],[73.97999,15.14595,0.0],[73.97649,15.14463,0.0],[73.97562,15.14526,0.0],[73.97535,15.14342,0.0],[73.97353,15.14352,0.0],[73.97072,15.14149,0.0],[73.97021,15.14014,0.0],[73.96896,15.14057,0.0],[73.96789,15.13945,0.0],[73.96384,15.1408,0.0],[73.96344,15.13927,0.0],[73.96191,15.13881,0.0],[73.96088,15.13683,0.0],[73.95635,15.13553,0.0],[73.9543,15.13807,0.0],[73.95239,15.14334,0.0],[73.95226,15.15104,0.0],[73.95378,15.15661,0.0],[73.95193,15.16324,0.0],[73.95392,15.16567,0.0],[73.95968,15.16666,0.0],[73.97666,15.16659,0.0],[73.97755,15.16153,0.0],[73.98141,15.16072,0.0],[73.98474,15.15592,0.0],[73.98488,15.15178,0.0],[73.98669,15.15128,0.0],[73.98107,15.14837,0.0]]]}},{"id":"261","type":"Feature","properties":{"state":"GOA","state_code":"30","district":"SOUTH GOA","district_code":586,"sub_district":"QUEPEM","sub_district_code":"05617","sub_district_type":"Taluk","village":"Bali","village_category":"Rural","village_code":"626949"},"geometry":{"type":"Polygon","coordinates":[[[74.05433,15.13903,0.0],[74.05486,15.13621,0.0],[74.05108,15.13582,0.0],[74.03351,15.14027,0.0],[74.02878,15.14032,0.0],[74.02612,15.13926,0.0],[74.02333,15.13972,0.0],[74.02296,15.14059,0.0],[74.02462,15.14214,0.0],[74.02413,15.14334,0.0],[74.02178,15.1444,0.0],[74.02021,15.14243,0.0],[74.01783,15.14198,0.0],[74.01701,15.14391,0.0],[74.01744,15.14608,0.0],[74.01858,15.14634,0.0],[74.01811,15.14794,0.0],[74.01668,15.14775,0.0],[74.01643,15.149,0.0],[74.01303,15.14732,0.0],[74.01371,15.14791,0.0],[74.01081,15.14911,0.0],[74.01046,15.15054,0.0],[74.01133,15.15119,0.0],[74.01056,15.15284,0.0],[74.0134,15.15612,0.0],[74.01344,15.15835,0.0],[74.01607,15.15878,0.0],[74.01871,15.16167,0.0],[74.01764,15.16359,0.0],[74.02435,15.16498,0.0],[74.02333,15.17127,0.0],[74.03177,15.17395,0.0],[74.03918,15.17476,0.0],[74.03682,15.16863,0.0],[74.03525,15.16719,0.0],[74.03625,15.16473,0.0],[74.03537,15.15981,0.0],[74.03723,15.15392,0.0],[74.0389,15.15107,0.0],[74.04312,15.15002,0.0],[74.04719,15.14533,0.0],[74.05433,15.13903,0.0]]]}},{"id":"262","type":"Feature","properties":{"state":"GOA","state_code":"30","district":"SOUTH GOA","district_code":586,"sub_district":"QUEPEM","sub_district_code":"05617","sub_district_type":"Taluk","village":"Adnem","village_category":"Rural","village_code":"626948"},"geometry":{"type":"Polygon","coordinates":[[[74.06792,15.16601,0.0],[74.06404,15.16044,0.0],[74.06081,15.15864,0.0],[74.05823,15.15568,0.0],[74.05683,15.15054,0.0],[74.0567,15.14312,0.0],[74.05541,15.14137,0.0],[74.05314,15.14072,0.0],[74.04719,15.14533,0.0],[74.04312,15.15002,0.0],[74.0389,15.15107,0.0],[74.03537,15.15981,0.0],[74.03625,15.16473,0.0],[74.03525,15.16719,0.0],[74.03659,15.16823,0.0],[74.03918,15.17476,0.0],[74.04108,15.17672,0.0],[74.04388,15.1772,0.0],[74.04476,15.17666,0.0],[74.04573,15.17784,0.0],[74.04765,15.17779,0.0],[74.05194,15.17946,0.0],[74.05599,15.17864,0.0],[74.05808,15.1771,0.0],[74.06274,15.1806,0.0],[74.06401,15.17572,0.0],[74.06605,15.17615,0.0],[74.06792,15.16601,0.0]]]}},{"id":"263","type":"Feature","properties":{"state":"GOA","state_code":"30","district":"SOUTH GOA","district_code":586,"sub_district":"QUEPEM","sub_district_code":"05617","sub_district_type":"Taluk","village":"Molcopona","village_category":"Rural","village_code":"626945"},"geometry":{"type":"Polygon","coordinates":[[[74.15606,15.17087,0.0],[74.15445,15.16888,0.0],[74.14874,15.1664,0.0],[74.14417,15.16805,0.0],[74.14404,15.17091,0.0],[74.14278,15.17204,0.0],[74.14311,15.17536,0.0],[74.14217,15.17823,0.0],[74.14636,15.18631,0.0],[74.14692,15.18662,0.0],[74.1498,15.18218,0.0],[74.15346,15.18007,0.0],[74.15457,15.17841,0.0],[74.15654,15.17826,0.0],[74.15812,15.1716,0.0],[74.15606,15.17087,0.0]]]}},{"id":"264","type":"Feature","properties":{"state":"GOA","state_code":"30","district":"SOUTH GOA","district_code":586,"sub_district":"SANGUEM","sub_district_code":"05618","sub_district_type":"Taluk","village":"Cumbari","village_category":"Rural","village_code":"627007"},"geometry":{"type":"Polygon","coordinates":[[[74.30464,15.16361,0.0],[74.29567,15.15124,0.0],[74.29071,15.14748,0.0],[74.28828,15.14945,0.0],[74.28514,15.14903,0.0],[74.28461,15.14542,0.0],[74.28362,15.1453,0.0],[74.28358,15.14287,0.0],[74.28508,15.13777,0.0],[74.27807,15.13607,0.0],[74.27516,15.13589,0.0],[74.26734,15.1412,0.0],[74.2612,15.1553,0.0],[74.25687,15.15316,0.0],[74.25392,15.15245,0.0],[74.25301,15.15304,0.0],[74.25115,15.1585,0.0],[74.25145,15.16148,0.0],[74.2496,15.16213,0.0],[74.2496,15.16404,0.0],[74.25156,15.16384,0.0],[74.25157,15.1681,0.0],[74.25023,15.16824,0.0],[74.25125,15.17572,0.0],[74.25579,15.18016,0.0],[74.26315,15.18213,0.0],[74.27949,15.18055,0.0],[74.28563,15.18116,0.0],[74.2903,15.18297,0.0],[74.29648,15.18768,0.0],[74.30264,15.19487,0.0],[74.3127,15.1907,0.0],[74.31696,15.18626,0.0],[74.31738,15.18375,0.0],[74.31417,15.18054,0.0],[74.30464,15.16361,0.0]]]}},{"id":"265","type":"Feature","properties":{"state":"GOA","state_code":"30","district":"SOUTH GOA","district_code":586,"sub_district":"SANGUEM","sub_district_code":"05618","sub_district_type":"Taluk","village":"Rivona","village_category":"Rural","village_code":"627014"},"geometry":{"type":"Polygon","coordinates":[[[74.10629,15.18827,0.0],[74.1092,15.18321,0.0],[74.1111,15.18081,0.0],[74.11366,15.1798,0.0],[74.11477,15.17595,0.0],[74.11887,15.17285,0.0],[74.12016,15.17002,0.0],[74.12344,15.16794,0.0],[74.12442,15.16778,0.0],[74.1266,15.16969,0.0],[74.12858,15.16927,0.0],[74.12946,15.16811,0.0],[74.12744,15.16373,0.0],[74.12634,15.16296,0.0],[74.12447,15.16322,0.0],[74.12431,15.16169,0.0],[74.12335,15.1611,0.0],[74.1233,15.15678,0.0],[74.11697,15.15332,0.0],[74.11963,15.15158,0.0],[74.12009,15.14887,0.0],[74.12382,15.14858,0.0],[74.12477,15.1434,0.0],[74.12609,15.14142,0.0],[74.12893,15.14186,0.0],[74.12988,15.14085,0.0],[74.12966,15.1385,0.0],[74.13257,15.13781,0.0],[74.13154,15.13144,0.0],[74.13335,15.1302,0.0],[74.13182,15.12761,0.0],[74.12952,15.12783,0.0],[74.12886,15.12319,0.0],[74.12633,15.12098,0.0],[74.12771,15.11954,0.0],[74.1241,15.11487,0.0],[74.1205,15.11438,0.0],[74.11704,15.11562,0.0],[74.11037,15.11428,0.0],[74.10693,15.10701,0.0],[74.10527,15.10621,0.0],[74.10346,15.10638,0.0],[74.10261,15.10734,0.0],[74.10289,15.11161,0.0],[74.10164,15.1133,0.0],[74.10253,15.11375,0.0],[74.09973,15.11998,0.0],[74.09972,15.12225,0.0],[74.1008,15.12356,0.0],[74.09973,15.12458,0.0],[74.10008,15.12715,0.0],[74.09814,15.12796,0.0],[74.09839,15.12968,0.0],[74.09723,15.13106,0.0],[74.09702,15.13399,0.0],[74.08966,15.13512,0.0],[74.08677,15.13417,0.0],[74.08568,15.13459,0.0],[74.08226,15.13815,0.0],[74.08136,15.14093,0.0],[74.08034,15.14149,0.0],[74.07968,15.14677,0.0],[74.08056,15.14743,0.0],[74.07886,15.15362,0.0],[74.07715,15.15566,0.0],[74.07105,15.15581,0.0],[74.06404,15.16044,0.0],[74.06819,15.1671,0.0],[74.06605,15.17615,0.0],[74.06908,15.17751,0.0],[74.07155,15.1763,0.0],[74.07359,15.17687,0.0],[74.07525,15.17839,0.0],[74.0779,15.17918,0.0],[74.0795,15.18138,0.0],[74.0822,15.18092,0.0],[74.08537,15.18209,0.0],[74.08756,15.18195,0.0],[74.08718,15.18445,0.0],[74.08977,15.18537,0.0],[74.09312,15.18858,0.0],[74.09659,15.18948,0.0],[74.09742,15.18781,0.0],[74.10028,15.18753,0.0],[74.10211,15.18876,0.0],[74.10682,15.18975,0.0],[74.10629,15.18827,0.0]]]}},{"id":"266","type":"Feature","properties":{"state":"GOA","state_code":"30","district":"SOUTH GOA","district_code":586,"sub_district":"QUEPEM","sub_district_code":"05617","sub_district_type":"Taluk","village":"Undorna","village_category":"Rural","village_code":"626944"},"geometry":{"type":"Polygon","coordinates":[[[74.16133,15.19121,0.0],[74.16778,15.19038,0.0],[74.17152,15.19124,0.0],[74.17402,15.18691,0.0],[74.17544,15.18681,0.0],[74.17552,15.18466,0.0],[74.17384,15.18076,0.0],[74.17327,15.17647,0.0],[74.17189,15.17488,0.0],[74.16547,15.17258,0.0],[74.15812,15.1716,0.0],[74.15654,15.17826,0.0],[74.15457,15.17841,0.0],[74.15346,15.18007,0.0],[74.1498,15.18218,0.0],[74.14729,15.18597,0.0],[74.14668,15.18868,0.0],[74.1573,15.19744,0.0],[74.15945,15.19539,0.0],[74.16133,15.19121,0.0]]]}},{"id":"267","type":"Feature","properties":{"state":"GOA","state_code":"30","district":"SOUTH GOA","district_code":586,"sub_district":"SANGUEM","sub_district_code":"05618","sub_district_type":"Taluk","village":"Curdem","village_category":"Rural","village_code":"627012"},"geometry":{"type":"Polygon","coordinates":[[[74.20943,15.15186,0.0],[74.20503,15.1506,0.0],[74.20238,15.14861,0.0],[74.19961,15.14804,0.0],[74.19794,15.14988,0.0],[74.19615,15.15043,0.0],[74.1945,15.14933,0.0],[74.19392,15.14735,0.0],[74.1912,15.14932,0.0],[74.18928,15.14798,0.0],[74.18897,15.14622,0.0],[74.19094,15.14722,0.0],[74.19026,15.14317,0.0],[74.19146,15.14107,0.0],[74.18995,15.13946,0.0],[74.18557,15.13872,0.0],[74.18596,15.13793,0.0],[74.18937,15.13772,0.0],[74.19006,15.13624,0.0],[74.18566,15.13397,0.0],[74.17544,15.13886,0.0],[74.16565,15.14018,0.0],[74.16314,15.1418,0.0],[74.16153,15.14564,0.0],[74.15998,15.14708,0.0],[74.15699,15.14696,0.0],[74.15543,15.15217,0.0],[74.15773,15.15711,0.0],[74.15649,15.16151,0.0],[74.15611,15.16789,0.0],[74.15501,15.16926,0.0],[74.15671,15.17127,0.0],[74.16648,15.17283,0.0],[74.17251,15.17529,0.0],[74.1755,15.18503,0.0],[74.18152,15.18387,0.0],[74.18252,15.18265,0.0],[74.18256,15.18036,0.0],[74.18455,15.17942,0.0],[74.18578,15.17754,0.0],[74.18742,15.179,0.0],[74.19101,15.18013,0.0],[74.19215,15.17904,0.0],[74.19302,15.18179,0.0],[74.19535,15.18281,0.0],[74.19614,15.18491,0.0],[74.19531,15.18612,0.0],[74.19596,15.18666,0.0],[74.19524,15.18728,0.0],[74.19565,15.1897,0.0],[74.19671,15.19042,0.0],[74.19821,15.18981,0.0],[74.20427,15.1901,0.0],[74.20606,15.19931,0.0],[74.21152,15.20015,0.0],[74.21552,15.19316,0.0],[74.21273,15.1814,0.0],[74.2141,15.17924,0.0],[74.21392,15.17377,0.0],[74.21101,15.17011,0.0],[74.21772,15.16427,0.0],[74.21755,15.16076,0.0],[74.20943,15.15186,0.0]]]}},{"id":"268","type":"Feature","properties":{"state":"GOA","state_code":"30","district":"SOUTH GOA","district_code":586,"sub_district":"QUEPEM","sub_district_code":"05617","sub_district_type":"Taluk","village":"Molcarnem","village_category":"Rural","village_code":"626946"},"geometry":{"type":"Polygon","coordinates":[[[74.13296,15.19512,0.0],[74.14133,15.18949,0.0],[74.14668,15.18868,0.0],[74.14692,15.18662,0.0],[74.14217,15.17823,0.0],[74.14311,15.17536,0.0],[74.14278,15.17204,0.0],[74.14404,15.17091,0.0],[74.14417,15.16805,0.0],[74.13134,15.17141,0.0],[74.12855,15.16926,0.0],[74.1266,15.16969,0.0],[74.12442,15.16778,0.0],[74.12253,15.16829,0.0],[74.12016,15.17002,0.0],[74.11887,15.17285,0.0],[74.11477,15.17595,0.0],[74.11366,15.1798,0.0],[74.1111,15.18081,0.0],[74.10629,15.18827,0.0],[74.10682,15.18975,0.0],[74.11245,15.19236,0.0],[74.11507,15.19489,0.0],[74.11308,15.20079,0.0],[74.11555,15.20049,0.0],[74.11768,15.1991,0.0],[74.12155,15.19988,0.0],[74.12515,15.1984,0.0],[74.1307,15.1995,0.0],[74.13229,15.20072,0.0],[74.13296,15.19512,0.0]]]}},{"id":"269","type":"Feature","properties":{"state":"GOA","state_code":"30","district":"SOUTH GOA","district_code":586,"sub_district":"SALCETE","sub_district_code":"05616","sub_district_type":"Taluk","village":"Cavelossim","village_category":"Rural","village_code":"626920"},"geometry":{"type":"Polygon","coordinates":[[[73.96385,15.18346,0.0],[73.96412,15.18172,0.0],[73.95896,15.17124,0.0],[73.96193,15.1705,0.0],[73.95827,15.16885,0.0],[73.95309,15.17096,0.0],[73.95047,15.16973,0.0],[73.95311,15.16522,0.0],[73.95191,15.16253,0.0],[73.95378,15.15661,0.0],[73.95226,15.15104,0.0],[73.95227,15.14446,0.0],[73.9532,15.14036,0.0],[73.94918,15.14477,0.0],[73.93506,15.20017,0.0],[73.94146,15.2015,0.0],[73.9412,15.19999,0.0],[73.94238,15.19913,0.0],[73.94217,15.19783,0.0],[73.9433,15.19711,0.0],[73.94336,15.19533,0.0],[73.94528,15.19337,0.0],[73.9465,15.18943,0.0],[73.9493,15.18725,0.0],[73.95479,15.18657,0.0],[73.95856,15.1841,0.0],[73.9612,15.18651,0.0],[73.96385,15.18346,0.0]]]}},{"id":"270","type":"Feature","properties":{"state":"GOA","state_code":"30","district":"SOUTH GOA","district_code":586,"sub_district":"QUEPEM","sub_district_code":"05617","sub_district_type":"Taluk","village":"Zanodem","village_category":"Rural","village_code":"626943"},"geometry":{"type":"Polygon","coordinates":[[[74.14668,15.18868,0.0],[74.14133,15.18949,0.0],[74.13247,15.19562,0.0],[74.13236,15.20161,0.0],[74.1334,15.20644,0.0],[74.13506,15.20937,0.0],[74.13982,15.20966,0.0],[74.14454,15.20737,0.0],[74.14903,15.20326,0.0],[74.15241,15.20199,0.0],[74.1573,15.19744,0.0],[74.14668,15.18868,0.0]]]}},{"id":"271","type":"Feature","properties":{"state":"GOA","state_code":"30","district":"SOUTH GOA","district_code":586,"sub_district":"SANGUEM","sub_district_code":"05618","sub_district_type":"Taluk","village":"Bati","village_category":"Rural","village_code":"627006"},"geometry":{"type":"Polygon","coordinates":[[[74.30487,15.2161,0.0],[74.30427,15.21403,0.0],[74.30549,15.21261,0.0],[74.30575,15.2094,0.0],[74.31005,15.20629,0.0],[74.30862,15.20179,0.0],[74.30916,15.19841,0.0],[74.3127,15.1907,0.0],[74.30264,15.19487,0.0],[74.29648,15.18768,0.0],[74.2903,15.18297,0.0],[74.28563,15.18116,0.0],[74.27949,15.18055,0.0],[74.26055,15.18188,0.0],[74.25579,15.18016,0.0],[74.25009,15.17546,0.0],[74.24287,15.17609,0.0],[74.24035,15.17442,0.0],[74.23824,15.17137,0.0],[74.23722,15.17231,0.0],[74.23253,15.17162,0.0],[74.23256,15.17006,0.0],[74.2308,15.16975,0.0],[74.22987,15.16701,0.0],[74.23126,15.16451,0.0],[74.23295,15.16368,0.0],[74.22746,15.16205,0.0],[74.22663,15.16061,0.0],[74.22175,15.16132,0.0],[74.22039,15.16018,0.0],[74.21755,15.16076,0.0],[74.21772,15.16427,0.0],[74.21101,15.17011,0.0],[74.21392,15.17377,0.0],[74.2141,15.17924,0.0],[74.21273,15.1814,0.0],[74.21552,15.19316,0.0],[74.21152,15.20015,0.0],[74.21052,15.20403,0.0],[74.2081,15.20579,0.0],[74.20658,15.20835,0.0],[74.20315,15.21156,0.0],[74.208,15.21091,0.0],[74.21153,15.21154,0.0],[74.21567,15.20999,0.0],[74.21888,15.21341,0.0],[74.22275,15.21449,0.0],[74.2249,15.21425,0.0],[74.22591,15.2118,0.0],[74.22892,15.21114,0.0],[74.22961,15.20918,0.0],[74.23147,15.20814,0.0],[74.23179,15.20641,0.0],[74.23056,15.2056,0.0],[74.23151,15.2042,0.0],[74.23495,15.20372,0.0],[74.23588,15.20114,0.0],[74.23796,15.19995,0.0],[74.24096,15.19989,0.0],[74.24288,15.2008,0.0],[74.24423,15.1975,0.0],[74.24684,15.19683,0.0],[74.25214,15.19911,0.0],[74.25415,15.20179,0.0],[74.25872,15.20077,0.0],[74.26182,15.20263,0.0],[74.26632,15.19561,0.0],[74.26738,15.19502,0.0],[74.27394,15.1977,0.0],[74.2809,15.20861,0.0],[74.28866,15.20653,0.0],[74.29127,15.20712,0.0],[74.29515,15.20942,0.0],[74.30054,15.2102,0.0],[74.30212,15.21426,0.0],[74.30153,15.21755,0.0],[74.30307,15.21749,0.0],[74.30487,15.2161,0.0]]]}},{"id":"272","type":"Feature","properties":{"state":"GOA","state_code":"30","district":"SOUTH GOA","district_code":586,"sub_district":"SANGUEM","sub_district_code":"05618","sub_district_type":"Taluk","village":"Salauli","village_category":"Rural","village_code":"627002"},"geometry":{"type":"Polygon","coordinates":[[[74.20658,15.20835,0.0],[74.2081,15.20579,0.0],[74.21028,15.20436,0.0],[74.21157,15.20143,0.0],[74.21152,15.20015,0.0],[74.20606,15.19931,0.0],[74.20427,15.1901,0.0],[74.19624,15.19021,0.0],[74.19524,15.18736,0.0],[74.19623,15.18524,0.0],[74.19549,15.18298,0.0],[74.19302,15.18179,0.0],[74.19215,15.17904,0.0],[74.19101,15.18013,0.0],[74.18742,15.179,0.0],[74.18605,15.1775,0.0],[74.18455,15.17942,0.0],[74.18256,15.18036,0.0],[74.18252,15.18265,0.0],[74.18152,15.18387,0.0],[74.1755,15.18503,0.0],[74.17544,15.18681,0.0],[74.17402,15.18691,0.0],[74.17312,15.18825,0.0],[74.1747,15.19159,0.0],[74.17318,15.19462,0.0],[74.17488,15.19542,0.0],[74.17515,15.19653,0.0],[74.17343,15.1985,0.0],[74.1783,15.2021,0.0],[74.1776,15.20501,0.0],[74.17941,15.20758,0.0],[74.17891,15.20955,0.0],[74.18027,15.21161,0.0],[74.18409,15.21029,0.0],[74.18647,15.21255,0.0],[74.18706,15.21434,0.0],[74.18878,15.21486,0.0],[74.19241,15.21302,0.0],[74.20141,15.21273,0.0],[74.20658,15.20835,0.0]]]}},{"id":"273","type":"Feature","properties":{"state":"GOA","state_code":"30","district":"SOUTH GOA","district_code":586,"sub_district":"SANGUEM","sub_district_code":"05618","sub_district_type":"Taluk","village":"Xelpem","village_category":"Rural","village_code":"627001"},"geometry":{"type":"Polygon","coordinates":[[[74.17889,15.20937,0.0],[74.17948,15.20779,0.0],[74.1776,15.20501,0.0],[74.1783,15.2021,0.0],[74.17343,15.1985,0.0],[74.17515,15.19653,0.0],[74.17488,15.19542,0.0],[74.17318,15.19462,0.0],[74.17367,15.19255,0.0],[74.17469,15.19169,0.0],[74.17381,15.18888,0.0],[74.17273,15.18858,0.0],[74.17152,15.19124,0.0],[74.16778,15.19038,0.0],[74.16133,15.19121,0.0],[74.15923,15.19687,0.0],[74.16388,15.20262,0.0],[74.16397,15.20354,0.0],[74.16191,15.20485,0.0],[74.16313,15.2152,0.0],[74.1704,15.21712,0.0],[74.17108,15.2164,0.0],[74.17031,15.21377,0.0],[74.17434,15.21259,0.0],[74.17644,15.21409,0.0],[74.17748,15.21129,0.0],[74.17933,15.21058,0.0],[74.17889,15.20937,0.0]]]}},{"id":"274","type":"Feature","properties":{"state":"GOA","state_code":"30","district":"SOUTH GOA","district_code":586,"sub_district":"SALCETE","sub_district_code":"05616","sub_district_type":"Taluk","village":"Carmona","village_category":"Rural","village_code":"626917"},"geometry":{"type":"Polygon","coordinates":[[[73.96526,15.21036,0.0],[73.96353,15.20596,0.0],[73.95966,15.20227,0.0],[73.96024,15.20066,0.0],[73.96492,15.19841,0.0],[73.97116,15.20096,0.0],[73.97307,15.19971,0.0],[73.97038,15.19524,0.0],[73.96877,15.19459,0.0],[73.96537,15.19483,0.0],[73.96186,15.19212,0.0],[73.96048,15.18943,0.0],[73.9612,15.18651,0.0],[73.95856,15.1841,0.0],[73.95479,15.18657,0.0],[73.9493,15.18725,0.0],[73.9465,15.18943,0.0],[73.94621,15.19144,0.0],[73.94326,15.19552,0.0],[73.9433,15.19711,0.0],[73.94217,15.19783,0.0],[73.94238,15.19913,0.0],[73.9412,15.19999,0.0],[73.94167,15.20126,0.0],[73.94032,15.20163,0.0],[73.93963,15.20444,0.0],[73.93997,15.20514,0.0],[73.94159,15.20531,0.0],[73.94165,15.20876,0.0],[73.94312,15.20866,0.0],[73.94334,15.21047,0.0],[73.96047,15.21239,0.0],[73.96526,15.21036,0.0]]]}},{"id":"275","type":"Feature","properties":{"state":"GOA","state_code":"30","district":"SOUTH GOA","district_code":586,"sub_district":"QUEPEM","sub_district_code":"05617","sub_district_type":"Taluk","village":"Nagvem","village_category":"Rural","village_code":"626942"},"geometry":{"type":"Polygon","coordinates":[[[74.1334,15.20644,0.0],[74.13229,15.20072,0.0],[74.1307,15.1995,0.0],[74.12549,15.19842,0.0],[74.12155,15.19988,0.0],[74.1181,15.19904,0.0],[74.11555,15.20049,0.0],[74.11399,15.20025,0.0],[74.11036,15.20516,0.0],[74.11077,15.20956,0.0],[74.11307,15.20813,0.0],[74.11734,15.20912,0.0],[74.11898,15.21072,0.0],[74.12052,15.21432,0.0],[74.12478,15.21452,0.0],[74.12858,15.2199,0.0],[74.13081,15.21496,0.0],[74.13411,15.21176,0.0],[74.13506,15.20937,0.0],[74.1334,15.20644,0.0]]]}},{"id":"276","type":"Feature","properties":{"state":"GOA","state_code":"30","district":"SOUTH GOA","district_code":586,"sub_district":"QUEPEM","sub_district_code":"05617","sub_district_type":"Taluk","village":"Ambaulim","village_category":"Rural","village_code":"626947"},"geometry":{"type":"Polygon","coordinates":[[[74.0515,15.21483,0.0],[74.05551,15.21582,0.0],[74.05371,15.20946,0.0],[74.05475,15.20846,0.0],[74.05494,15.20621,0.0],[74.05216,15.19996,0.0],[74.05395,15.19619,0.0],[74.05594,15.19472,0.0],[74.05778,15.19039,0.0],[74.05891,15.19067,0.0],[74.05877,15.18754,0.0],[74.06257,15.18252,0.0],[74.06274,15.1806,0.0],[74.05808,15.1771,0.0],[74.05599,15.17864,0.0],[74.05194,15.17946,0.0],[74.04765,15.17779,0.0],[74.04573,15.17784,0.0],[74.04476,15.17666,0.0],[74.04388,15.1772,0.0],[74.04108,15.17672,0.0],[74.0352,15.18461,0.0],[74.03505,15.19274,0.0],[74.04171,15.19343,0.0],[74.04512,15.19802,0.0],[74.04824,15.20032,0.0],[74.04795,15.20128,0.0],[74.04645,15.20169,0.0],[74.0472,15.20316,0.0],[74.04706,15.20551,0.0],[74.04815,15.20621,0.0],[74.04598,15.21217,0.0],[74.04617,15.21375,0.0],[74.04429,15.21626,0.0],[74.04511,15.21718,0.0],[74.0515,15.21483,0.0]]]}},{"id":"277","type":"Feature","properties":{"state":"GOA","state_code":"30","district":"SOUTH GOA","district_code":586,"sub_district":"SALCETE","sub_district_code":"05616","sub_district_type":"Taluk","village":"Talvorda","village_category":"Rural","village_code":"924823"},"geometry":{"type":"Polygon","coordinates":[[[74.03716,15.21168,0.0],[74.04596,15.21246,0.0],[74.04757,15.20881,0.0],[74.04815,15.20621,0.0],[74.04706,15.20551,0.0],[74.0472,15.20316,0.0],[74.04645,15.20169,0.0],[74.04795,15.20128,0.0],[74.04824,15.20032,0.0],[74.04512,15.19802,0.0],[74.04171,15.19343,0.0],[74.02806,15.19189,0.0],[74.0257,15.1907,0.0],[74.02477,15.19085,0.0],[74.02441,15.19221,0.0],[74.02153,15.19133,0.0],[74.02096,15.19236,0.0],[74.01729,15.19306,0.0],[74.01739,15.19514,0.0],[74.01635,15.19544,0.0],[74.01575,15.19682,0.0],[74.01327,15.19742,0.0],[74.01085,15.19992,0.0],[74.01475,15.21203,0.0],[74.0199,15.21485,0.0],[74.02513,15.21667,0.0],[74.02925,15.21621,0.0],[74.03716,15.21168,0.0]]]}},{"id":"278","type":"Feature","properties":{"state":"GOA","state_code":"30","district":"SOUTH GOA","district_code":586,"sub_district":"SALCETE","sub_district_code":"05616","sub_district_type":"Taluk","village":"Chinchinim (CT)","village_category":"Rural","village_code":"626933"},"geometry":{"type":"Polygon","coordinates":[[[73.99001,15.22537,0.0],[73.98866,15.22443,0.0],[73.99348,15.21414,0.0],[73.99282,15.21012,0.0],[73.99123,15.20771,0.0],[73.99184,15.20384,0.0],[73.99052,15.20002,0.0],[73.99049,15.19791,0.0],[73.99406,15.19244,0.0],[73.99251,15.1906,0.0],[73.9923,15.18697,0.0],[73.99013,15.18551,0.0],[73.98819,15.1862,0.0],[73.98566,15.18486,0.0],[73.9862,15.18776,0.0],[73.98409,15.18858,0.0],[73.98276,15.18639,0.0],[73.98048,15.18608,0.0],[73.97842,15.1875,0.0],[73.97975,15.19032,0.0],[73.9775,15.19135,0.0],[73.97492,15.18692,0.0],[73.97026,15.18238,0.0],[73.96379,15.1804,0.0],[73.96385,15.18346,0.0],[73.96045,15.18826,0.0],[73.96113,15.19098,0.0],[73.96446,15.19449,0.0],[73.96911,15.19465,0.0],[73.9709,15.1957,0.0],[73.97303,15.19939,0.0],[73.97162,15.20097,0.0],[73.97176,15.2018,0.0],[73.97532,15.2008,0.0],[73.9728,15.20296,0.0],[73.97328,15.20375,0.0],[73.97619,15.20262,0.0],[73.9756,15.20701,0.0],[73.97464,15.20745,0.0],[73.974,15.20676,0.0],[73.97372,15.20768,0.0],[73.97314,15.2075,0.0],[73.97324,15.20534,0.0],[73.97269,15.2053,0.0],[73.97106,15.20612,0.0],[73.97042,15.20836,0.0],[73.96862,15.20878,0.0],[73.96964,15.21111,0.0],[73.97322,15.21076,0.0],[73.97459,15.2115,0.0],[73.97478,15.21578,0.0],[73.97223,15.21684,0.0],[73.97137,15.21939,0.0],[73.97674,15.21995,0.0],[73.97912,15.21945,0.0],[73.97926,15.22119,0.0],[73.97804,15.22248,0.0],[73.97836,15.2237,0.0],[73.9825,15.22362,0.0],[73.98305,15.22634,0.0],[73.98619,15.22561,0.0],[73.99005,15.22643,0.0],[73.99001,15.22537,0.0]]]}},{"id":"279","type":"Feature","properties":{"state":"GOA","state_code":"30","district":"SOUTH GOA","district_code":586,"sub_district":"QUEPEM","sub_district_code":"05617","sub_district_type":"Taluk","village":"Sirvoi","village_category":"Rural","village_code":"626941"},"geometry":{"type":"Polygon","coordinates":[[[74.10319,15.21952,0.0],[74.10463,15.21965,0.0],[74.10716,15.21411,0.0],[74.10857,15.21342,0.0],[74.11077,15.20956,0.0],[74.11036,15.20516,0.0],[74.11226,15.20271,0.0],[74.11507,15.19489,0.0],[74.11294,15.19268,0.0],[74.10734,15.18983,0.0],[74.10211,15.18876,0.0],[74.10028,15.18753,0.0],[74.09742,15.18781,0.0],[74.09659,15.18948,0.0],[74.09728,15.19114,0.0],[74.09643,15.19191,0.0],[74.09279,15.19034,0.0],[74.09059,15.19191,0.0],[74.08644,15.19222,0.0],[74.08503,15.19409,0.0],[74.08347,15.19358,0.0],[74.0833,15.19059,0.0],[74.07805,15.19298,0.0],[74.07533,15.19206,0.0],[74.07477,15.19456,0.0],[74.07306,15.19631,0.0],[74.07255,15.1981,0.0],[74.07351,15.19928,0.0],[74.07671,15.19858,0.0],[74.07769,15.19958,0.0],[74.07737,15.20114,0.0],[74.07454,15.20416,0.0],[74.07522,15.20596,0.0],[74.07789,15.20595,0.0],[74.07553,15.21054,0.0],[74.07678,15.21154,0.0],[74.07755,15.21124,0.0],[74.07705,15.21198,0.0],[74.07861,15.21309,0.0],[74.0798,15.21298,0.0],[74.0813,15.21597,0.0],[74.08455,15.21755,0.0],[74.08563,15.21849,0.0],[74.08536,15.21962,0.0],[74.08646,15.21976,0.0],[74.09036,15.2237,0.0],[74.09852,15.22562,0.0],[74.10084,15.22392,0.0],[74.10083,15.22234,0.0],[74.10319,15.21952,0.0]]]}},{"id":"280","type":"Feature","properties":{"state":"GOA","state_code":"30","district":"SOUTH GOA","district_code":586,"sub_district":"QUEPEM","sub_district_code":"05617","sub_district_type":"Taluk","village":"Quepem (MCl)","village_category":"Partly_Urban","village_code":"252097"},"geometry":{"type":"Polygon","coordinates":[[[74.07548,15.22952,0.0],[74.07917,15.2253,0.0],[74.07926,15.22271,0.0],[74.07768,15.22096,0.0],[74.07702,15.21594,0.0],[74.07594,15.21476,0.0],[74.08162,15.21626,0.0],[74.0798,15.21298,0.0],[74.07861,15.21309,0.0],[74.07705,15.21198,0.0],[74.07755,15.21124,0.0],[74.07678,15.21154,0.0],[74.07553,15.21054,0.0],[74.07789,15.20595,0.0],[74.07522,15.20596,0.0],[74.07454,15.20416,0.0],[74.07737,15.20114,0.0],[74.07769,15.19958,0.0],[74.07671,15.19858,0.0],[74.07351,15.19928,0.0],[74.07255,15.1981,0.0],[74.07306,15.19631,0.0],[74.07477,15.19456,0.0],[74.07524,15.19215,0.0],[74.07805,15.19298,0.0],[74.0833,15.19059,0.0],[74.08347,15.19358,0.0],[74.08503,15.19409,0.0],[74.08644,15.19222,0.0],[74.09059,15.19191,0.0],[74.09252,15.19039,0.0],[74.09643,15.19191,0.0],[74.09729,15.19082,0.0],[74.09659,15.18948,0.0],[74.09166,15.18786,0.0],[74.08977,15.18537,0.0],[74.08718,15.18445,0.0],[74.08756,15.18195,0.0],[74.08537,15.18209,0.0],[74.0822,15.18092,0.0],[74.0795,15.18138,0.0],[74.0779,15.17918,0.0],[74.07525,15.17839,0.0],[74.07359,15.17687,0.0],[74.07155,15.1763,0.0],[74.06908,15.17751,0.0],[74.06401,15.17572,0.0],[74.06257,15.18252,0.0],[74.05877,15.18754,0.0],[74.05891,15.19067,0.0],[74.05778,15.19039,0.0],[74.05594,15.19472,0.0],[74.05395,15.19619,0.0],[74.05216,15.19996,0.0],[74.05494,15.20621,0.0],[74.05475,15.20846,0.0],[74.05371,15.20946,0.0],[74.05622,15.21746,0.0],[74.05978,15.21999,0.0],[74.063,15.22089,0.0],[74.06356,15.22206,0.0],[74.0636,15.2244,0.0],[74.06119,15.22694,0.0],[74.0593,15.22676,0.0],[74.05887,15.22807,0.0],[74.06103,15.22991,0.0],[74.06523,15.22923,0.0],[74.06565,15.23059,0.0],[74.06495,15.23167,0.0],[74.06708,15.2344,0.0],[74.0726,15.23202,0.0],[74.07316,15.23034,0.0],[74.07548,15.22952,0.0]]]}},{"id":"281","type":"Feature","properties":{"state":"GOA","state_code":"30","district":"SOUTH GOA","district_code":586,"sub_district":"SANGUEM","sub_district_code":"05618","sub_district_type":"Taluk","village":"Cotarli","village_category":"Rural","village_code":"627000"},"geometry":{"type":"Polygon","coordinates":[[[74.16238,15.21961,0.0],[74.16195,15.21722,0.0],[74.16327,15.21421,0.0],[74.16191,15.20485,0.0],[74.16401,15.20326,0.0],[74.16269,15.20038,0.0],[74.16115,15.19987,0.0],[74.15961,15.19783,0.0],[74.15945,15.19539,0.0],[74.15241,15.20199,0.0],[74.14903,15.20326,0.0],[74.14347,15.20807,0.0],[74.13828,15.20997,0.0],[74.13506,15.20937,0.0],[74.13411,15.21176,0.0],[74.12991,15.21661,0.0],[74.12808,15.22112,0.0],[74.12794,15.22463,0.0],[74.13264,15.22941,0.0],[74.13852,15.22636,0.0],[74.1402,15.2212,0.0],[74.14555,15.21339,0.0],[74.14953,15.20918,0.0],[74.14843,15.21918,0.0],[74.1518,15.22459,0.0],[74.15356,15.22396,0.0],[74.15402,15.22146,0.0],[74.15577,15.21896,0.0],[74.15758,15.22015,0.0],[74.16238,15.21961,0.0]]]}},{"id":"282","type":"Feature","properties":{"state":"GOA","state_code":"30","district":"SOUTH GOA","district_code":586,"sub_district":"SALCETE","sub_district_code":"05616","sub_district_type":"Taluk","village":"Paroda","village_category":"Rural","village_code":"626912"},"geometry":{"type":"Polygon","coordinates":[[[74.06119,15.22694,0.0],[74.0636,15.2244,0.0],[74.06335,15.22132,0.0],[74.05978,15.21999,0.0],[74.05541,15.21617,0.0],[74.0515,15.21483,0.0],[74.04797,15.21551,0.0],[74.04511,15.21718,0.0],[74.04429,15.21626,0.0],[74.04617,15.21375,0.0],[74.04596,15.21246,0.0],[74.03716,15.21168,0.0],[74.03582,15.21237,0.0],[74.03665,15.22718,0.0],[74.03841,15.22719,0.0],[74.03943,15.22852,0.0],[74.04622,15.22957,0.0],[74.05598,15.2252,0.0],[74.06119,15.22694,0.0]]]}},{"id":"283","type":"Feature","properties":{"state":"GOA","state_code":"30","district":"SOUTH GOA","district_code":586,"sub_district":"SANGUEM","sub_district_code":"05618","sub_district_type":"Taluk","village":"Potrem","village_category":"Rural","village_code":"627005"},"geometry":{"type":"Polygon","coordinates":[[[74.2867,15.23281,0.0],[74.2915,15.23382,0.0],[74.30161,15.22434,0.0],[74.2998,15.22049,0.0],[74.30212,15.21426,0.0],[74.30054,15.2102,0.0],[74.29515,15.20942,0.0],[74.29127,15.20712,0.0],[74.28866,15.20653,0.0],[74.2809,15.20861,0.0],[74.27394,15.1977,0.0],[74.26738,15.19502,0.0],[74.26632,15.19561,0.0],[74.26186,15.20262,0.0],[74.25872,15.20077,0.0],[74.25415,15.20179,0.0],[74.25214,15.19911,0.0],[74.24659,15.19681,0.0],[74.24423,15.1975,0.0],[74.24288,15.2008,0.0],[74.23922,15.19976,0.0],[74.23588,15.20114,0.0],[74.23495,15.20372,0.0],[74.23612,15.20722,0.0],[74.2388,15.21045,0.0],[74.24047,15.21438,0.0],[74.24304,15.2175,0.0],[74.24564,15.21818,0.0],[74.24855,15.22184,0.0],[74.25141,15.22715,0.0],[74.25633,15.23339,0.0],[74.25806,15.23765,0.0],[74.2601,15.23966,0.0],[74.26136,15.24059,0.0],[74.28114,15.23626,0.0],[74.2867,15.23281,0.0]]]}},{"id":"284","type":"Feature","properties":{"state":"GOA","state_code":"30","district":"SOUTH GOA","district_code":586,"sub_district":"SALCETE","sub_district_code":"05616","sub_district_type":"Taluk","village":"Orlim","village_category":"Rural","village_code":"626916"},"geometry":{"type":"Polygon","coordinates":[[[73.96019,15.22155,0.0],[73.95829,15.2169,0.0],[73.96006,15.21284,0.0],[73.94778,15.21061,0.0],[73.94313,15.21006,0.0],[73.94199,15.21069,0.0],[73.942,15.21294,0.0],[73.94723,15.21503,0.0],[73.94585,15.22337,0.0],[73.94654,15.22555,0.0],[73.95184,15.22721,0.0],[73.96116,15.2284,0.0],[73.96242,15.22648,0.0],[73.96045,15.22739,0.0],[73.96019,15.22155,0.0]]]}},{"id":"285","type":"Feature","properties":{"state":"GOA","state_code":"30","district":"SOUTH GOA","district_code":586,"sub_district":"SANGUEM","sub_district_code":"05618","sub_district_type":"Taluk","village":"Sanguem (M Cl)","village_category":"Partly_Urban","village_code":"252099"},"geometry":{"type":"Polygon","coordinates":[[[74.16727,15.2209,0.0],[74.16414,15.21974,0.0],[74.15758,15.22015,0.0],[74.15598,15.21893,0.0],[74.15402,15.22146,0.0],[74.15356,15.22396,0.0],[74.1518,15.22459,0.0],[74.14843,15.21918,0.0],[74.14953,15.20918,0.0],[74.14555,15.21339,0.0],[74.1402,15.2212,0.0],[74.13882,15.22607,0.0],[74.13264,15.22941,0.0],[74.13666,15.23155,0.0],[74.13899,15.2312,0.0],[74.14129,15.23259,0.0],[74.14308,15.23269,0.0],[74.14485,15.23623,0.0],[74.14828,15.23677,0.0],[74.14985,15.23588,0.0],[74.15319,15.23727,0.0],[74.1557,15.2374,0.0],[74.15834,15.23458,0.0],[74.16066,15.23495,0.0],[74.16406,15.23423,0.0],[74.16666,15.23196,0.0],[74.16714,15.23127,0.0],[74.16498,15.23103,0.0],[74.16639,15.22704,0.0],[74.16713,15.22682,0.0],[74.16727,15.2209,0.0]]]}},{"id":"286","type":"Feature","properties":{"state":"GOA","state_code":"30","district":"SOUTH GOA","district_code":586,"sub_district":"SALCETE","sub_district_code":"05616","sub_district_type":"Taluk","village":"Deussua","village_category":"Rural","village_code":"626918"},"geometry":{"type":"Polygon","coordinates":[[[73.96937,15.21948,0.0],[73.97137,15.21939,0.0],[73.97223,15.21684,0.0],[73.97478,15.21578,0.0],[73.97448,15.21129,0.0],[73.96964,15.21111,0.0],[73.96862,15.20878,0.0],[73.97042,15.20836,0.0],[73.97106,15.20612,0.0],[73.97269,15.2053,0.0],[73.97324,15.20534,0.0],[73.97314,15.2075,0.0],[73.97372,15.20768,0.0],[73.974,15.20676,0.0],[73.97464,15.20745,0.0],[73.9756,15.20701,0.0],[73.97621,15.20304,0.0],[73.97603,15.20246,0.0],[73.97361,15.20389,0.0],[73.97278,15.20328,0.0],[73.97515,15.20054,0.0],[73.97176,15.2018,0.0],[73.97162,15.20097,0.0],[73.96492,15.19841,0.0],[73.96079,15.20027,0.0],[73.95957,15.202,0.0],[73.96353,15.20596,0.0],[73.96526,15.21036,0.0],[73.96047,15.21239,0.0],[73.95855,15.2151,0.0],[73.95829,15.2169,0.0],[73.96019,15.22155,0.0],[73.95987,15.22429,0.0],[73.96512,15.22436,0.0],[73.96937,15.21948,0.0]]]}},{"id":"287","type":"Feature","properties":{"state":"GOA","state_code":"30","district":"SOUTH GOA","district_code":586,"sub_district":"SANGUEM","sub_district_code":"05618","sub_district_type":"Taluk","village":"Tudou","village_category":"Rural","village_code":"627004"},"geometry":{"type":"Polygon","coordinates":[[[74.25955,15.24102,0.0],[74.26136,15.24059,0.0],[74.25806,15.23765,0.0],[74.25633,15.23339,0.0],[74.24564,15.21818,0.0],[74.24304,15.2175,0.0],[74.24047,15.21438,0.0],[74.2388,15.21045,0.0],[74.23621,15.20746,0.0],[74.23495,15.20372,0.0],[74.23185,15.20387,0.0],[74.23056,15.2056,0.0],[74.23179,15.20641,0.0],[74.23158,15.20793,0.0],[74.22961,15.20918,0.0],[74.22907,15.21101,0.0],[74.22603,15.21169,0.0],[74.2249,15.21425,0.0],[74.22283,15.21433,0.0],[74.22264,15.21796,0.0],[74.22106,15.22161,0.0],[74.21818,15.22322,0.0],[74.21765,15.22482,0.0],[74.21595,15.2247,0.0],[74.2133,15.22108,0.0],[74.20952,15.22311,0.0],[74.20607,15.22291,0.0],[74.20711,15.22788,0.0],[74.2042,15.2312,0.0],[74.20494,15.233,0.0],[74.20697,15.23468,0.0],[74.21115,15.23511,0.0],[74.21389,15.23696,0.0],[74.21785,15.2335,0.0],[74.21885,15.23598,0.0],[74.21817,15.23751,0.0],[74.22112,15.23831,0.0],[74.22772,15.23958,0.0],[74.22946,15.23861,0.0],[74.23052,15.23976,0.0],[74.23266,15.23829,0.0],[74.23566,15.23961,0.0],[74.2368,15.24161,0.0],[74.24053,15.2398,0.0],[74.24277,15.23976,0.0],[74.24766,15.24085,0.0],[74.25352,15.2438,0.0],[74.25498,15.24275,0.0],[74.25683,15.24402,0.0],[74.25955,15.24102,0.0]]]}},{"id":"288","type":"Feature","properties":{"state":"GOA","state_code":"30","district":"SOUTH GOA","district_code":586,"sub_district":"SALCETE","sub_district_code":"05616","sub_district_type":"Taluk","village":"Sarzora","village_category":"Rural","village_code":"626914"},"geometry":{"type":"Polygon","coordinates":[[[74.00302,15.2018,0.0],[74.00142,15.20165,0.0],[74.00192,15.20317,0.0],[74.00331,15.20316,0.0],[74.00478,15.20348,0.0],[74.00335,15.20344,0.0],[74.00294,15.20508,0.0],[74.00372,15.20514,0.0],[74.00379,15.20634,0.0],[74.00219,15.20679,0.0],[74.00246,15.20775,0.0],[74.00088,15.20781,0.0],[74.0002,15.20514,0.0],[73.99936,15.20799,0.0],[73.99929,15.20656,0.0],[73.99705,15.20738,0.0],[73.997,15.20847,0.0],[73.99586,15.20877,0.0],[73.99519,15.2073,0.0],[73.99341,15.20714,0.0],[73.99306,15.20884,0.0],[73.99221,15.20905,0.0],[73.99337,15.21511,0.0],[73.99104,15.21854,0.0],[73.98862,15.22473,0.0],[73.99001,15.22537,0.0],[73.99002,15.22672,0.0],[73.99569,15.2285,0.0],[73.99755,15.23101,0.0],[73.99888,15.23471,0.0],[74.00208,15.2322,0.0],[74.00473,15.2323,0.0],[74.00516,15.23072,0.0],[74.00932,15.23012,0.0],[74.01177,15.22528,0.0],[74.0101,15.22353,0.0],[74.00966,15.22139,0.0],[74.01402,15.21628,0.0],[74.01463,15.21308,0.0],[74.01409,15.20876,0.0],[74.01085,15.19992,0.0],[74.0102,15.20035,0.0],[74.00982,15.19939,0.0],[74.00699,15.2,0.0],[74.00717,15.20105,0.0],[74.00352,15.20115,0.0],[74.00302,15.2018,0.0]]]}},{"id":"289","type":"Feature","properties":{"state":"GOA","state_code":"30","district":"SOUTH GOA","district_code":586,"sub_district":"QUEPEM","sub_district_code":"05617","sub_district_type":"Taluk","village":"Chaifi","village_category":"Rural","village_code":"626940"},"geometry":{"type":"Polygon","coordinates":[[[74.06708,15.2344,0.0],[74.06495,15.23167,0.0],[74.06562,15.22979,0.0],[74.064,15.22915,0.0],[74.06103,15.22991,0.0],[74.06089,15.23222,0.0],[74.06188,15.23331,0.0],[74.06159,15.23481,0.0],[74.06264,15.2369,0.0],[74.06429,15.23682,0.0],[74.06567,15.23777,0.0],[74.06708,15.2344,0.0]]]}},{"id":"290","type":"Feature","properties":{"state":"GOA","state_code":"30","district":"SOUTH GOA","district_code":586,"sub_district":"QUEPEM","sub_district_code":"05617","sub_district_type":"Taluk","village":"Avedem","village_category":"Rural","village_code":"626939"},"geometry":{"type":"Polygon","coordinates":[[[74.06159,15.23481,0.0],[74.06188,15.23331,0.0],[74.06089,15.23222,0.0],[74.06103,15.22991,0.0],[74.05887,15.22807,0.0],[74.0593,15.22676,0.0],[74.0566,15.22535,0.0],[74.04891,15.22794,0.0],[74.04608,15.22987,0.0],[74.0472,15.2387,0.0],[74.0552,15.24138,0.0],[74.05584,15.24239,0.0],[74.058,15.24135,0.0],[74.0584,15.23992,0.0],[74.06264,15.2369,0.0],[74.06159,15.23481,0.0]]]}},{"id":"291","type":"Feature","properties":{"state":"GOA","state_code":"30","district":"SOUTH GOA","district_code":586,"sub_district":"SALCETE","sub_district_code":"05616","sub_district_type":"Taluk","village":"Mulem","village_category":"Rural","village_code":"626913"},"geometry":{"type":"Polygon","coordinates":[[[74.04622,15.22957,0.0],[74.03943,15.22852,0.0],[74.03841,15.22719,0.0],[74.03665,15.22718,0.0],[74.03582,15.21237,0.0],[74.03088,15.2157,0.0],[74.02545,15.21672,0.0],[74.02097,15.21535,0.0],[74.01475,15.21203,0.0],[74.01402,15.21628,0.0],[74.00966,15.22139,0.0],[74.0101,15.22353,0.0],[74.01177,15.22528,0.0],[74.00932,15.23012,0.0],[74.011,15.23206,0.0],[74.01466,15.23402,0.0],[74.01441,15.2349,0.0],[74.01727,15.23709,0.0],[74.02084,15.23608,0.0],[74.02422,15.23878,0.0],[74.02724,15.23923,0.0],[74.02808,15.24095,0.0],[74.03251,15.24348,0.0],[74.03367,15.24266,0.0],[74.03551,15.23857,0.0],[74.03488,15.23769,0.0],[74.03594,15.2368,0.0],[74.0367,15.23781,0.0],[74.04006,15.23813,0.0],[74.04384,15.2324,0.0],[74.04652,15.23262,0.0],[74.04622,15.22957,0.0]]]}},{"id":"292","type":"Feature","properties":{"state":"GOA","state_code":"30","district":"SOUTH GOA","district_code":586,"sub_district":"SALCETE","sub_district_code":"05616","sub_district_type":"Taluk","village":"Varca (CT)","village_category":"Rural","village_code":"626932"},"geometry":{"type":"Polygon","coordinates":[[[73.94165,15.20876,0.0],[73.94159,15.20531,0.0],[73.93997,15.20514,0.0],[73.93963,15.20444,0.0],[73.94086,15.20157,0.0],[73.93506,15.20017,0.0],[73.93028,15.2208,0.0],[73.92781,15.22656,0.0],[73.92833,15.22856,0.0],[73.92676,15.23111,0.0],[73.92567,15.23631,0.0],[73.93012,15.23758,0.0],[73.9319,15.23704,0.0],[73.9343,15.23828,0.0],[73.93638,15.23818,0.0],[73.94335,15.24019,0.0],[73.94609,15.2402,0.0],[73.94711,15.239,0.0],[73.95046,15.23921,0.0],[73.95227,15.23082,0.0],[73.95726,15.23001,0.0],[73.9596,15.22858,0.0],[73.94654,15.22555,0.0],[73.94585,15.22337,0.0],[73.94723,15.21503,0.0],[73.942,15.21294,0.0],[73.94187,15.21097,0.0],[73.94313,15.21006,0.0],[73.94312,15.20866,0.0],[73.94165,15.20876,0.0]]]}},{"id":"293","type":"Feature","properties":{"state":"GOA","state_code":"30","district":"SOUTH GOA","district_code":586,"sub_district":"SALCETE","sub_district_code":"05616","sub_district_type":"Taluk","village":"Dramapur","village_category":"Rural","village_code":"626908"},"geometry":{"type":"Polygon","coordinates":[[[73.99494,15.24316,0.0],[73.99385,15.24129,0.0],[73.99888,15.23471,0.0],[73.99755,15.23101,0.0],[73.99569,15.2285,0.0],[73.98524,15.22564,0.0],[73.97849,15.23062,0.0],[73.97171,15.23039,0.0],[73.97155,15.23187,0.0],[73.96996,15.23203,0.0],[73.97182,15.23305,0.0],[73.97069,15.2371,0.0],[73.97117,15.23923,0.0],[73.97204,15.23954,0.0],[73.97109,15.24357,0.0],[73.97562,15.24562,0.0],[73.9775,15.24517,0.0],[73.98576,15.24813,0.0],[73.98803,15.24825,0.0],[73.99494,15.24316,0.0]]]}},{"id":"294","type":"Feature","properties":{"state":"GOA","state_code":"30","district":"SOUTH GOA","district_code":586,"sub_district":"SANGUEM","sub_district_code":"05618","sub_district_type":"Taluk","village":"Uguem","village_category":"Rural","village_code":"627003"},"geometry":{"type":"Polygon","coordinates":[[[74.19838,15.24032,0.0],[74.20586,15.23477,0.0],[74.20697,15.23468,0.0],[74.20494,15.233,0.0],[74.2042,15.2312,0.0],[74.20711,15.22788,0.0],[74.20617,15.22278,0.0],[74.20952,15.22311,0.0],[74.2133,15.22108,0.0],[74.21595,15.2247,0.0],[74.21755,15.22487,0.0],[74.21818,15.22322,0.0],[74.22106,15.22161,0.0],[74.22264,15.21796,0.0],[74.22275,15.21449,0.0],[74.21888,15.21341,0.0],[74.21567,15.20999,0.0],[74.21182,15.2115,0.0],[74.20749,15.21093,0.0],[74.20315,15.21156,0.0],[74.20141,15.21273,0.0],[74.19241,15.21302,0.0],[74.18827,15.21483,0.0],[74.18676,15.21402,0.0],[74.18647,15.21255,0.0],[74.18409,15.21029,0.0],[74.18027,15.21161,0.0],[74.17933,15.21058,0.0],[74.1779,15.21102,0.0],[74.17644,15.21409,0.0],[74.17434,15.21259,0.0],[74.17045,15.21368,0.0],[74.1701,15.21448,0.0],[74.17108,15.2164,0.0],[74.1704,15.21712,0.0],[74.1625,15.21544,0.0],[74.16213,15.21978,0.0],[74.16727,15.2209,0.0],[74.1673,15.22428,0.0],[74.16819,15.22577,0.0],[74.16952,15.2266,0.0],[74.17106,15.22956,0.0],[74.17268,15.22948,0.0],[74.1725,15.23322,0.0],[74.17494,15.23997,0.0],[74.17504,15.2445,0.0],[74.1761,15.24633,0.0],[74.17622,15.2488,0.0],[74.17736,15.24996,0.0],[74.18101,15.25022,0.0],[74.18538,15.25528,0.0],[74.18859,15.25734,0.0],[74.18929,15.25583,0.0],[74.19324,15.25438,0.0],[74.19775,15.25494,0.0],[74.20418,15.25199,0.0],[74.20805,15.25182,0.0],[74.19838,15.24032,0.0]]]}},{"id":"295","type":"Feature","properties":{"state":"GOA","state_code":"30","district":"SOUTH GOA","district_code":586,"sub_district":"QUEPEM","sub_district_code":"05617","sub_district_type":"Taluk","village":"Cotombi","village_category":"Rural","village_code":"626938"},"geometry":{"type":"Polygon","coordinates":[[[74.06859,15.24269,0.0],[74.07088,15.24028,0.0],[74.06942,15.23891,0.0],[74.07109,15.23517,0.0],[74.07097,15.23243,0.0],[74.06708,15.2344,0.0],[74.06567,15.23777,0.0],[74.06429,15.23682,0.0],[74.06264,15.2369,0.0],[74.0584,15.23992,0.0],[74.058,15.24135,0.0],[74.05584,15.24239,0.0],[74.0552,15.24138,0.0],[74.0472,15.2387,0.0],[74.04608,15.24357,0.0],[74.04425,15.24584,0.0],[74.04904,15.24957,0.0],[74.05207,15.25332,0.0],[74.0566,15.25295,0.0],[74.05743,15.25367,0.0],[74.05953,15.24971,0.0],[74.06166,15.2487,0.0],[74.06127,15.24765,0.0],[74.06385,15.2479,0.0],[74.06912,15.24517,0.0],[74.06859,15.24269,0.0]]]}},{"id":"296","type":"Feature","properties":{"state":"GOA","state_code":"30","district":"SOUTH GOA","district_code":586,"sub_district":"SALCETE","sub_district_code":"05616","sub_district_type":"Taluk","village":"Talaulim","village_category":"Rural","village_code":"626907"},"geometry":{"type":"Polygon","coordinates":[[[73.97204,15.23954,0.0],[73.97117,15.23923,0.0],[73.97069,15.2371,0.0],[73.97182,15.23305,0.0],[73.96996,15.23203,0.0],[73.96949,15.23021,0.0],[73.97136,15.22903,0.0],[73.969,15.22851,0.0],[73.96861,15.23089,0.0],[73.96677,15.2312,0.0],[73.96598,15.22879,0.0],[73.96453,15.22749,0.0],[73.96645,15.22727,0.0],[73.96716,15.22471,0.0],[73.96506,15.22632,0.0],[73.9645,15.22565,0.0],[73.96512,15.22436,0.0],[73.95987,15.22429,0.0],[73.96045,15.22739,0.0],[73.96242,15.22648,0.0],[73.96176,15.22811,0.0],[73.95726,15.23001,0.0],[73.95227,15.23082,0.0],[73.95052,15.24065,0.0],[73.95111,15.2429,0.0],[73.95234,15.24236,0.0],[73.95302,15.24575,0.0],[73.95557,15.24733,0.0],[73.95553,15.25037,0.0],[73.95684,15.25027,0.0],[73.95794,15.25147,0.0],[73.96342,15.25366,0.0],[73.96674,15.25094,0.0],[73.96867,15.24377,0.0],[73.97109,15.24357,0.0],[73.97204,15.23954,0.0]]]}},{"id":"297","type":"Feature","properties":{"state":"GOA","state_code":"30","district":"SOUTH GOA","district_code":586,"sub_district":"QUEPEM","sub_district_code":"05617","sub_district_type":"Taluk","village":"Xeldem (CT)","village_category":"Rural","village_code":"626969"},"geometry":{"type":"Polygon","coordinates":[[[74.09245,15.2576,0.0],[74.09716,15.25594,0.0],[74.09117,15.24596,0.0],[74.09094,15.24428,0.0],[74.0928,15.24267,0.0],[74.09414,15.24374,0.0],[74.09425,15.24263,0.0],[74.09553,15.24169,0.0],[74.09949,15.24064,0.0],[74.09988,15.23425,0.0],[74.09864,15.23334,0.0],[74.09924,15.22733,0.0],[74.09852,15.22562,0.0],[74.09036,15.2237,0.0],[74.08646,15.21976,0.0],[74.08536,15.21962,0.0],[74.08563,15.21849,0.0],[74.08455,15.21755,0.0],[74.07594,15.21476,0.0],[74.07702,15.21594,0.0],[74.07768,15.22096,0.0],[74.07926,15.22271,0.0],[74.07917,15.2253,0.0],[74.07548,15.22952,0.0],[74.07339,15.22973,0.0],[74.0726,15.23202,0.0],[74.07097,15.23243,0.0],[74.07055,15.23354,0.0],[74.07109,15.23517,0.0],[74.06942,15.23891,0.0],[74.07088,15.24028,0.0],[74.06853,15.24305,0.0],[74.06912,15.24517,0.0],[74.07042,15.24506,0.0],[74.07097,15.24587,0.0],[74.07224,15.24918,0.0],[74.07117,15.25301,0.0],[74.07476,15.25401,0.0],[74.07634,15.25545,0.0],[74.07776,15.25381,0.0],[74.07924,15.25369,0.0],[74.08086,15.25608,0.0],[74.08355,15.25779,0.0],[74.08811,15.2585,0.0],[74.08908,15.25977,0.0],[74.09063,15.25944,0.0],[74.09245,15.2576,0.0]]]}},{"id":"298","type":"Feature","properties":{"state":"GOA","state_code":"30","district":"SOUTH GOA","district_code":586,"sub_district":"SANGUEM","sub_district_code":"05618","sub_district_type":"Taluk","village":"Patiem","village_category":"Rural","village_code":"626993"},"geometry":{"type":"Polygon","coordinates":[[[74.25131,15.25757,0.0],[74.25209,15.25103,0.0],[74.2553,15.24751,0.0],[74.25683,15.24402,0.0],[74.25498,15.24275,0.0],[74.25352,15.2438,0.0],[74.24766,15.24085,0.0],[74.24231,15.23969,0.0],[74.2368,15.24161,0.0],[74.23566,15.23961,0.0],[74.23266,15.23829,0.0],[74.23052,15.23976,0.0],[74.22946,15.23861,0.0],[74.22772,15.23958,0.0],[74.22112,15.23831,0.0],[74.21817,15.23751,0.0],[74.21885,15.23598,0.0],[74.21785,15.2335,0.0],[74.21389,15.23696,0.0],[74.21093,15.23504,0.0],[74.20586,15.23477,0.0],[74.19838,15.24032,0.0],[74.20805,15.25182,0.0],[74.21575,15.25363,0.0],[74.22129,15.25918,0.0],[74.2242,15.26095,0.0],[74.22485,15.26482,0.0],[74.22755,15.26599,0.0],[74.22906,15.26477,0.0],[74.23242,15.26728,0.0],[74.23841,15.26565,0.0],[74.23966,15.26488,0.0],[74.24146,15.25893,0.0],[74.24761,15.25698,0.0],[74.25131,15.25757,0.0]]]}},{"id":"299","type":"Feature","properties":{"state":"GOA","state_code":"30","district":"SOUTH GOA","district_code":586,"sub_district":"SANGUEM","sub_district_code":"05618","sub_district_type":"Taluk","village":"Muguli","village_category":"Rural","village_code":"626999"},"geometry":{"type":"Polygon","coordinates":[[[74.17494,15.23997,0.0],[74.1725,15.23322,0.0],[74.17268,15.22948,0.0],[74.1709,15.22942,0.0],[74.1673,15.22428,0.0],[74.16713,15.22682,0.0],[74.16639,15.22704,0.0],[74.16498,15.23103,0.0],[74.16714,15.23127,0.0],[74.16437,15.23407,0.0],[74.16066,15.23495,0.0],[74.15834,15.23458,0.0],[74.15675,15.23685,0.0],[74.15474,15.23752,0.0],[74.14955,15.23595,0.0],[74.14828,15.23677,0.0],[74.14894,15.23898,0.0],[74.14814,15.23982,0.0],[74.14522,15.2384,0.0],[74.14421,15.23866,0.0],[74.14366,15.24352,0.0],[74.13838,15.24463,0.0],[74.13773,15.24571,0.0],[74.13869,15.24807,0.0],[74.13573,15.25172,0.0],[74.13688,15.25294,0.0],[74.14447,15.25515,0.0],[74.14786,15.25839,0.0],[74.14861,15.26089,0.0],[74.15058,15.2612,0.0],[74.15506,15.26446,0.0],[74.15504,15.26131,0.0],[74.15959,15.25431,0.0],[74.16254,15.2513,0.0],[74.16726,15.2476,0.0],[74.16931,15.24741,0.0],[74.17287,15.24443,0.0],[74.17504,15.2445,0.0],[74.17494,15.23997,0.0]]]}},{"id":"300","type":"Feature","properties":{"state":"GOA","state_code":"30","district":"SOUTH GOA","district_code":586,"sub_district":"QUEPEM","sub_district_code":"05617","sub_district_type":"Taluk","village":"Curchorem (M Cl)","village_category":"Partly_Urban","village_code":"252096"},"geometry":{"type":"Polygon","coordinates":[[[74.10366,15.265,0.0],[74.11036,15.26564,0.0],[74.11396,15.26418,0.0],[74.11812,15.2692,0.0],[74.12079,15.26928,0.0],[74.12313,15.26423,0.0],[74.12196,15.25856,0.0],[74.12447,15.2569,0.0],[74.12715,15.2576,0.0],[74.12849,15.25584,0.0],[74.12805,15.24767,0.0],[74.12954,15.24767,0.0],[74.13042,15.24989,0.0],[74.1322,15.25131,0.0],[74.13518,15.25198,0.0],[74.13869,15.24807,0.0],[74.13773,15.24571,0.0],[74.13838,15.24463,0.0],[74.14366,15.24352,0.0],[74.14421,15.23866,0.0],[74.14522,15.2384,0.0],[74.14717,15.23985,0.0],[74.14894,15.23898,0.0],[74.14784,15.23636,0.0],[74.14422,15.23575,0.0],[74.14434,15.2342,0.0],[74.14308,15.23269,0.0],[74.14129,15.23259,0.0],[74.13899,15.2312,0.0],[74.13611,15.23136,0.0],[74.13012,15.22747,0.0],[74.12794,15.22463,0.0],[74.12858,15.2199,0.0],[74.12597,15.21585,0.0],[74.1246,15.21439,0.0],[74.12082,15.21455,0.0],[74.11856,15.21023,0.0],[74.11541,15.20818,0.0],[74.11307,15.20813,0.0],[74.11099,15.20933,0.0],[74.10857,15.21342,0.0],[74.10716,15.21411,0.0],[74.10463,15.21965,0.0],[74.10319,15.21952,0.0],[74.10083,15.22234,0.0],[74.10084,15.22392,0.0],[74.09852,15.22562,0.0],[74.09924,15.22733,0.0],[74.09864,15.23334,0.0],[74.09988,15.23425,0.0],[74.09949,15.24064,0.0],[74.09553,15.24169,0.0],[74.09425,15.24263,0.0],[74.09414,15.24374,0.0],[74.0928,15.24267,0.0],[74.09094,15.24428,0.0],[74.09324,15.24984,0.0],[74.09702,15.25496,0.0],[74.09753,15.26126,0.0],[74.09911,15.26293,0.0],[74.09448,15.26607,0.0],[74.09695,15.26963,0.0],[74.09961,15.26976,0.0],[74.10366,15.265,0.0]]]}},{"id":"301","type":"Feature","properties":{"state":"GOA","state_code":"30","district":"SOUTH GOA","district_code":586,"sub_district":"SANGUEM","sub_district_code":"05618","sub_district_type":"Taluk","village":"Comproi","village_category":"Rural","village_code":"626998"},"geometry":{"type":"Polygon","coordinates":[[[74.12944,15.26206,0.0],[74.13268,15.25627,0.0],[74.13688,15.25294,0.0],[74.13573,15.25172,0.0],[74.13412,15.25225,0.0],[74.13174,15.25102,0.0],[74.12898,15.24733,0.0],[74.12777,15.2485,0.0],[74.12849,15.25148,0.0],[74.128,15.25702,0.0],[74.12688,15.25764,0.0],[74.12447,15.2569,0.0],[74.12182,15.25905,0.0],[74.12314,15.26271,0.0],[74.12256,15.26598,0.0],[74.12401,15.26627,0.0],[74.12581,15.26466,0.0],[74.12935,15.26419,0.0],[74.12944,15.26206,0.0]]]}},{"id":"302","type":"Feature","properties":{"state":"GOA","state_code":"30","district":"SOUTH GOA","district_code":586,"sub_district":"SALCETE","sub_district_code":"05616","sub_district_type":"Taluk","village":"Cavorim","village_category":"Rural","village_code":"626910"},"geometry":{"type":"Polygon","coordinates":[[[74.04436,15.2462,0.0],[74.04691,15.2406,0.0],[74.04711,15.23574,0.0],[74.04652,15.23262,0.0],[74.04384,15.2324,0.0],[74.04006,15.23813,0.0],[74.0367,15.23781,0.0],[74.03594,15.2368,0.0],[74.03488,15.23769,0.0],[74.03551,15.23857,0.0],[74.03367,15.24266,0.0],[74.03261,15.2435,0.0],[74.03138,15.2425,0.0],[74.0311,15.24454,0.0],[74.02763,15.2475,0.0],[74.0283,15.2497,0.0],[74.02752,15.25237,0.0],[74.02558,15.25433,0.0],[74.02548,15.25629,0.0],[74.02755,15.25924,0.0],[74.03008,15.2597,0.0],[74.03155,15.26089,0.0],[74.03287,15.26422,0.0],[74.03616,15.26195,0.0],[74.04481,15.26053,0.0],[74.04885,15.25836,0.0],[74.04965,15.25727,0.0],[74.04783,15.25732,0.0],[74.04453,15.25413,0.0],[74.04547,15.25315,0.0],[74.04771,15.25293,0.0],[74.04944,15.25009,0.0],[74.04436,15.2462,0.0]]]}},{"id":"303","type":"Feature","properties":{"state":"GOA","state_code":"30","district":"SOUTH GOA","district_code":586,"sub_district":"SALCETE","sub_district_code":"05616","sub_district_type":"Taluk","village":"Dicarpale","village_category":"Rural","village_code":"626909"},"geometry":{"type":"Polygon","coordinates":[[[73.99959,15.25989,0.0],[74.00227,15.25641,0.0],[74.00319,15.25244,0.0],[73.99836,15.24781,0.0],[73.99648,15.24786,0.0],[73.99664,15.24561,0.0],[73.99505,15.24288,0.0],[73.9904,15.24624,0.0],[73.99125,15.25056,0.0],[73.99072,15.25453,0.0],[73.9893,15.26034,0.0],[73.98758,15.26102,0.0],[73.98696,15.26257,0.0],[73.98982,15.26229,0.0],[73.99343,15.25999,0.0],[73.99612,15.26072,0.0],[73.99959,15.25989,0.0]]]}},{"id":"304","type":"Feature","properties":{"state":"GOA","state_code":"30","district":"SOUTH GOA","district_code":586,"sub_district":"SALCETE","sub_district_code":"05616","sub_district_type":"Taluk","village":"Aquem Baixo","village_category":"Rural","village_code":"626929"},"geometry":{"type":"Polygon","coordinates":[[[73.98758,15.26102,0.0],[73.9893,15.26034,0.0],[73.99072,15.25453,0.0],[73.99125,15.25056,0.0],[73.9904,15.24624,0.0],[73.98803,15.24825,0.0],[73.98809,15.25029,0.0],[73.98529,15.25307,0.0],[73.98386,15.25384,0.0],[73.97737,15.25437,0.0],[73.97413,15.2559,0.0],[73.97413,15.25697,0.0],[73.97176,15.25837,0.0],[73.97429,15.25908,0.0],[73.97865,15.26284,0.0],[73.98037,15.26181,0.0],[73.98696,15.26257,0.0],[73.98758,15.26102,0.0]]]}},{"id":"305","type":"Feature","properties":{"state":"GOA","state_code":"30","district":"SOUTH GOA","district_code":586,"sub_district":"SANGUEM","sub_district_code":"05618","sub_district_type":"Taluk","village":"Maulinguem","village_category":"Rural","village_code":"626994"},"geometry":{"type":"Polygon","coordinates":[[[74.2242,15.26095,0.0],[74.22129,15.25918,0.0],[74.21575,15.25363,0.0],[74.21095,15.25222,0.0],[74.20418,15.25199,0.0],[74.19775,15.25494,0.0],[74.19324,15.25438,0.0],[74.1888,15.25634,0.0],[74.18859,15.25734,0.0],[74.19032,15.26113,0.0],[74.19298,15.26317,0.0],[74.19649,15.26378,0.0],[74.20047,15.26937,0.0],[74.20445,15.27274,0.0],[74.21625,15.26656,0.0],[74.22006,15.26672,0.0],[74.22485,15.26482,0.0],[74.2242,15.26095,0.0]]]}},{"id":"306","type":"Feature","properties":{"state":"GOA","state_code":"30","district":"SOUTH GOA","district_code":586,"sub_district":"SALCETE","sub_district_code":"05616","sub_district_type":"Taluk","village":"Sao Jose De Areal (CT)","village_category":"Rural","village_code":"626927"},"geometry":{"type":"Polygon","coordinates":[[[73.9978,15.27726,0.0],[73.99987,15.27652,0.0],[74.00053,15.27772,0.0],[74.00599,15.27593,0.0],[74.00599,15.27475,0.0],[74.00746,15.27423,0.0],[74.00779,15.27027,0.0],[74.01361,15.26953,0.0],[74.01299,15.26637,0.0],[74.01568,15.26484,0.0],[74.01832,15.26539,0.0],[74.02226,15.26441,0.0],[74.03292,15.26498,0.0],[74.03155,15.26089,0.0],[74.03008,15.2597,0.0],[74.02755,15.25924,0.0],[74.02541,15.25552,0.0],[74.0283,15.2497,0.0],[74.02763,15.2475,0.0],[74.0311,15.24454,0.0],[74.03138,15.2425,0.0],[74.0299,15.24236,0.0],[74.02724,15.23923,0.0],[74.02422,15.23878,0.0],[74.02084,15.23608,0.0],[74.0171,15.237,0.0],[74.01441,15.2349,0.0],[74.01466,15.23402,0.0],[74.01141,15.23242,0.0],[74.00932,15.23012,0.0],[74.00516,15.23072,0.0],[74.00473,15.2323,0.0],[74.00208,15.2322,0.0],[73.99931,15.23411,0.0],[73.99381,15.24152,0.0],[73.99648,15.24507,0.0],[73.99648,15.24786,0.0],[73.99836,15.24781,0.0],[74.00319,15.25244,0.0],[74.00227,15.25641,0.0],[73.99959,15.25989,0.0],[73.99612,15.26072,0.0],[73.99697,15.26153,0.0],[73.99714,15.26586,0.0],[73.99836,15.26652,0.0],[73.99823,15.27021,0.0],[73.99435,15.27674,0.0],[73.9917,15.27897,0.0],[73.99568,15.27687,0.0],[73.9978,15.27726,0.0]]]}},{"id":"307","type":"Feature","properties":{"state":"GOA","state_code":"30","district":"SOUTH GOA","district_code":586,"sub_district":"SANGUEM","sub_district_code":"05618","sub_district_type":"Taluk","village":"Costi","village_category":"Rural","village_code":"626996"},"geometry":{"type":"Polygon","coordinates":[[[74.18538,15.25528,0.0],[74.18101,15.25022,0.0],[74.17736,15.24996,0.0],[74.17622,15.2488,0.0],[74.1761,15.24633,0.0],[74.17504,15.2445,0.0],[74.17287,15.24443,0.0],[74.16931,15.24741,0.0],[74.16726,15.2476,0.0],[74.16254,15.2513,0.0],[74.15959,15.25431,0.0],[74.15504,15.26131,0.0],[74.15675,15.27179,0.0],[74.16123,15.27164,0.0],[74.1676,15.27438,0.0],[74.17162,15.27424,0.0],[74.17493,15.2717,0.0],[74.17657,15.26654,0.0],[74.183,15.26068,0.0],[74.18812,15.25829,0.0],[74.18859,15.25734,0.0],[74.18538,15.25528,0.0]]]}},{"id":"308","type":"Feature","properties":{"state":"GOA","state_code":"30","district":"SOUTH GOA","district_code":586,"sub_district":"SALCETE","sub_district_code":"05616","sub_district_type":"Taluk","village":"Navelim (CT)","village_category":"Rural","village_code":"626930"},"geometry":{"type":"Polygon","coordinates":[[[73.97413,15.25697,0.0],[73.97413,15.2559,0.0],[73.97737,15.25437,0.0],[73.98386,15.25384,0.0],[73.98529,15.25307,0.0],[73.98809,15.25029,0.0],[73.98803,15.24825,0.0],[73.98576,15.24813,0.0],[73.9775,15.24517,0.0],[73.97562,15.24562,0.0],[73.97109,15.24357,0.0],[73.96895,15.24366,0.0],[73.96674,15.25094,0.0],[73.96324,15.25367,0.0],[73.95794,15.25147,0.0],[73.95684,15.25027,0.0],[73.95534,15.25016,0.0],[73.95557,15.24733,0.0],[73.95302,15.24575,0.0],[73.95234,15.24236,0.0],[73.95098,15.24275,0.0],[73.95058,15.23914,0.0],[73.94711,15.239,0.0],[73.94637,15.23968,0.0],[73.94622,15.2451,0.0],[73.94285,15.24898,0.0],[73.94623,15.25144,0.0],[73.94876,15.25617,0.0],[73.94678,15.25694,0.0],[73.94656,15.258,0.0],[73.95154,15.26107,0.0],[73.954,15.26597,0.0],[73.95376,15.26451,0.0],[73.9545,15.26355,0.0],[73.95654,15.26349,0.0],[73.95567,15.26112,0.0],[73.95799,15.26241,0.0],[73.95685,15.26083,0.0],[73.95899,15.25998,0.0],[73.95831,15.25914,0.0],[73.95909,15.2591,0.0],[73.9596,15.26052,0.0],[73.95857,15.26191,0.0],[73.96034,15.26167,0.0],[73.96177,15.26305,0.0],[73.96357,15.26064,0.0],[73.96204,15.25898,0.0],[73.96393,15.25919,0.0],[73.96332,15.25842,0.0],[73.96395,15.25724,0.0],[73.96661,15.25615,0.0],[73.97176,15.25837,0.0],[73.97413,15.25697,0.0]]]}},{"id":"309","type":"Feature","properties":{"state":"GOA","state_code":"30","district":"SOUTH GOA","district_code":586,"sub_district":"SANGUEM","sub_district_code":"05618","sub_district_type":"Taluk","village":"Coranginim","village_category":"Rural","village_code":"626997"},"geometry":{"type":"Polygon","coordinates":[[[74.15675,15.27179,0.0],[74.15581,15.26587,0.0],[74.15506,15.26446,0.0],[74.15058,15.2612,0.0],[74.14861,15.26089,0.0],[74.14862,15.25964,0.0],[74.14616,15.25655,0.0],[74.14375,15.25471,0.0],[74.13742,15.25272,0.0],[74.13319,15.25564,0.0],[74.12944,15.26206,0.0],[74.12935,15.26419,0.0],[74.13931,15.26852,0.0],[74.14192,15.27461,0.0],[74.14309,15.27487,0.0],[74.14359,15.27242,0.0],[74.14549,15.272,0.0],[74.14754,15.2728,0.0],[74.15006,15.27238,0.0],[74.15534,15.2746,0.0],[74.15675,15.27179,0.0]]]}},{"id":"310","type":"Feature","properties":{"state":"GOA","state_code":"30","district":"SOUTH GOA","district_code":586,"sub_district":"SALCETE","sub_district_code":"05616","sub_district_type":"Taluk","village":"Adsulim","village_category":"Rural","village_code":"626906"},"geometry":{"type":"Polygon","coordinates":[[[73.93347,15.26391,0.0],[73.93453,15.26297,0.0],[73.93425,15.2616,0.0],[73.93273,15.26128,0.0],[73.9327,15.26029,0.0],[73.93081,15.26041,0.0],[73.92917,15.26577,0.0],[73.93175,15.26725,0.0],[73.93198,15.26577,0.0],[73.93489,15.26513,0.0],[73.93347,15.26391,0.0]]]}},{"id":"311","type":"Feature","properties":{"state":"GOA","state_code":"30","district":"SOUTH GOA","district_code":586,"sub_district":"QUEPEM","sub_district_code":"05617","sub_district_type":"Taluk","village":"Assolda","village_category":"Rural","village_code":"626934"},"geometry":{"type":"Polygon","coordinates":[[[74.0759,15.26717,0.0],[74.07251,15.26365,0.0],[74.07433,15.26096,0.0],[74.07634,15.25545,0.0],[74.07476,15.25401,0.0],[74.07117,15.25301,0.0],[74.07129,15.25088,0.0],[74.07226,15.24968,0.0],[74.07097,15.24587,0.0],[74.07042,15.24506,0.0],[74.06912,15.24517,0.0],[74.06385,15.2479,0.0],[74.06164,15.24739,0.0],[74.06166,15.2487,0.0],[74.05953,15.24971,0.0],[74.05743,15.25367,0.0],[74.05881,15.25916,0.0],[74.06375,15.26,0.0],[74.06252,15.26684,0.0],[74.06874,15.26663,0.0],[74.07006,15.26809,0.0],[74.07076,15.27109,0.0],[74.07372,15.27383,0.0],[74.07337,15.26853,0.0],[74.0759,15.26717,0.0]]]}},{"id":"312","type":"Feature","properties":{"state":"GOA","state_code":"30","district":"SOUTH GOA","district_code":586,"sub_district":"QUEPEM","sub_district_code":"05617","sub_district_type":"Taluk","village":"Xelvona","village_category":"Rural","village_code":"626936"},"geometry":{"type":"Polygon","coordinates":[[[74.08494,15.26034,0.0],[74.08331,15.26492,0.0],[74.0782,15.26592,0.0],[74.07337,15.26853,0.0],[74.0744,15.275,0.0],[74.07394,15.27637,0.0],[74.07564,15.27476,0.0],[74.0805,15.27745,0.0],[74.08353,15.27785,0.0],[74.08639,15.27429,0.0],[74.08849,15.27294,0.0],[74.09129,15.26871,0.0],[74.08923,15.26637,0.0],[74.08925,15.26358,0.0],[74.09049,15.26139,0.0],[74.09006,15.25991,0.0],[74.08811,15.2585,0.0],[74.08457,15.25816,0.0],[74.08494,15.26034,0.0]]]}},{"id":"313","type":"Feature","properties":{"state":"GOA","state_code":"30","district":"SOUTH GOA","district_code":586,"sub_district":"SALCETE","sub_district_code":"05616","sub_district_type":"Taluk","village":"Cana","village_category":"Rural","village_code":"626904"},"geometry":{"type":"Polygon","coordinates":[[[73.93198,15.26577,0.0],[73.93186,15.2697,0.0],[73.93438,15.27124,0.0],[73.93386,15.27285,0.0],[73.93601,15.27361,0.0],[73.93618,15.2703,0.0],[73.93894,15.26909,0.0],[73.93489,15.26513,0.0],[73.93198,15.26577,0.0]]]}},{"id":"314","type":"Feature","properties":{"state":"GOA","state_code":"30","district":"SOUTH GOA","district_code":586,"sub_district":"SANGUEM","sub_district_code":"05618","sub_district_type":"Taluk","village":"Dudal","village_category":"Rural","village_code":"626995"},"geometry":{"type":"Polygon","coordinates":[[[74.19856,15.27857,0.0],[74.20322,15.2774,0.0],[74.2052,15.27442,0.0],[74.19649,15.26378,0.0],[74.19298,15.26317,0.0],[74.19032,15.26113,0.0],[74.18859,15.25734,0.0],[74.18812,15.25829,0.0],[74.183,15.26068,0.0],[74.17657,15.26654,0.0],[74.17493,15.2717,0.0],[74.17162,15.27424,0.0],[74.1676,15.27438,0.0],[74.16255,15.27195,0.0],[74.15893,15.27159,0.0],[74.15675,15.27179,0.0],[74.15534,15.2746,0.0],[74.15792,15.27661,0.0],[74.16275,15.27809,0.0],[74.16499,15.27966,0.0],[74.16621,15.27839,0.0],[74.16936,15.27992,0.0],[74.1716,15.27937,0.0],[74.17365,15.28054,0.0],[74.17723,15.2805,0.0],[74.17875,15.28235,0.0],[74.1827,15.28265,0.0],[74.18312,15.28375,0.0],[74.18792,15.28599,0.0],[74.19106,15.28507,0.0],[74.19054,15.28316,0.0],[74.19248,15.28127,0.0],[74.1939,15.28187,0.0],[74.19349,15.28339,0.0],[74.19419,15.28426,0.0],[74.19621,15.28196,0.0],[74.19744,15.28171,0.0],[74.19856,15.27857,0.0]]]}},{"id":"315","type":"Feature","properties":{"state":"GOA","state_code":"30","district":"SOUTH GOA","district_code":586,"sub_district":"SANGUEM","sub_district_code":"05618","sub_district_type":"Taluk","village":"Sanvordem (CT)","village_category":"Rural","village_code":"627021"},"geometry":{"type":"Polygon","coordinates":[[[74.12965,15.27966,0.0],[74.13114,15.27706,0.0],[74.13109,15.27316,0.0],[74.13097,15.27204,0.0],[74.1287,15.27003,0.0],[74.12866,15.26818,0.0],[74.13026,15.26613,0.0],[74.12935,15.26419,0.0],[74.12581,15.26466,0.0],[74.12401,15.26627,0.0],[74.12256,15.26598,0.0],[74.12097,15.26912,0.0],[74.1194,15.26973,0.0],[74.11812,15.2692,0.0],[74.11465,15.26434,0.0],[74.11036,15.26564,0.0],[74.10429,15.26487,0.0],[74.10255,15.26585,0.0],[74.09961,15.26976,0.0],[74.09958,15.27138,0.0],[74.10181,15.27265,0.0],[74.10201,15.27574,0.0],[74.10581,15.28299,0.0],[74.11159,15.28247,0.0],[74.11538,15.27906,0.0],[74.11758,15.28085,0.0],[74.12372,15.28275,0.0],[74.13059,15.28226,0.0],[74.12965,15.27966,0.0]]]}},{"id":"316","type":"Feature","properties":{"state":"GOA","state_code":"30","district":"SOUTH GOA","district_code":586,"sub_district":"SALCETE","sub_district_code":"05616","sub_district_type":"Taluk","village":"Davorlim (CT)","village_category":"Rural","village_code":"626928"},"geometry":{"type":"Polygon","coordinates":[[[73.99435,15.27674,0.0],[73.99815,15.27053,0.0],[73.99839,15.26671,0.0],[73.99714,15.26586,0.0],[73.99678,15.26118,0.0],[73.99365,15.25995,0.0],[73.98982,15.26229,0.0],[73.9843,15.26272,0.0],[73.98037,15.26181,0.0],[73.97865,15.26284,0.0],[73.97968,15.26309,0.0],[73.97887,15.26671,0.0],[73.9811,15.2755,0.0],[73.98381,15.27813,0.0],[73.9917,15.27897,0.0],[73.99435,15.27674,0.0]]]}},{"id":"317","type":"Feature","properties":{"state":"GOA","state_code":"30","district":"SOUTH GOA","district_code":586,"sub_district":"SALCETE","sub_district_code":"05616","sub_district_type":"Taluk","village":"Guirdolim","village_category":"Rural","village_code":"626903"},"geometry":{"type":"Polygon","coordinates":[[[74.06864,15.27617,0.0],[74.06802,15.27414,0.0],[74.06456,15.27571,0.0],[74.06311,15.27129,0.0],[74.06187,15.27119,0.0],[74.06163,15.26992,0.0],[74.05732,15.26676,0.0],[74.05515,15.26159,0.0],[74.05517,15.25897,0.0],[74.05307,15.25788,0.0],[74.04965,15.25727,0.0],[74.04481,15.26053,0.0],[74.03616,15.26195,0.0],[74.03287,15.26422,0.0],[74.0347,15.27165,0.0],[74.03901,15.28125,0.0],[74.04435,15.28123,0.0],[74.05017,15.27967,0.0],[74.05723,15.28171,0.0],[74.06395,15.27886,0.0],[74.06492,15.27887,0.0],[74.06529,15.27985,0.0],[74.07049,15.27807,0.0],[74.06864,15.27617,0.0]]]}},{"id":"318","type":"Feature","properties":{"state":"GOA","state_code":"30","district":"SOUTH GOA","district_code":586,"sub_district":"SALCETE","sub_district_code":"05616","sub_district_type":"Taluk","village":"Sernabatim","village_category":"Rural","village_code":"626905"},"geometry":{"type":"Polygon","coordinates":[[[73.92718,15.2748,0.0],[73.92577,15.27383,0.0],[73.92591,15.27199,0.0],[73.92474,15.27091,0.0],[73.92658,15.26779,0.0],[73.92912,15.2682,0.0],[73.92933,15.26411,0.0],[73.92834,15.26388,0.0],[73.92839,15.26163,0.0],[73.91813,15.25967,0.0],[73.9144,15.27058,0.0],[73.92066,15.27132,0.0],[73.92106,15.27195,0.0],[73.92422,15.27164,0.0],[73.92359,15.27462,0.0],[73.9254,15.2769,0.0],[73.92689,15.27724,0.0],[73.92718,15.2748,0.0]]]}},{"id":"319","type":"Feature","properties":{"state":"GOA","state_code":"30","district":"SOUTH GOA","district_code":586,"sub_district":"SANGUEM","sub_district_code":"05618","sub_district_type":"Taluk","village":"Antoriem","village_category":"Rural","village_code":"626986"},"geometry":{"type":"Polygon","coordinates":[[[74.14179,15.27447,0.0],[74.13931,15.26852,0.0],[74.12935,15.26419,0.0],[74.13026,15.26613,0.0],[74.12866,15.26818,0.0],[74.1287,15.27003,0.0],[74.13097,15.27204,0.0],[74.13109,15.27316,0.0],[74.13114,15.27706,0.0],[74.12965,15.27966,0.0],[74.13059,15.28226,0.0],[74.13369,15.28556,0.0],[74.13786,15.28614,0.0],[74.14105,15.28196,0.0],[74.14309,15.27487,0.0],[74.14179,15.27447,0.0]]]}},{"id":"320","type":"Feature","properties":{"state":"GOA","state_code":"30","district":"SOUTH GOA","district_code":586,"sub_district":"SANGUEM","sub_district_code":"05618","sub_district_type":"Taluk","village":"Dongurli","village_category":"Rural","village_code":"626992"},"geometry":{"type":"Polygon","coordinates":[[[74.22135,15.2847,0.0],[74.22547,15.28632,0.0],[74.22765,15.28172,0.0],[74.23262,15.27646,0.0],[74.23525,15.27511,0.0],[74.23789,15.27721,0.0],[74.24018,15.27436,0.0],[74.24244,15.27421,0.0],[74.24418,15.27137,0.0],[74.24851,15.2705,0.0],[74.25081,15.27221,0.0],[74.25484,15.2721,0.0],[74.26468,15.2677,0.0],[74.26261,15.26261,0.0],[74.26093,15.26051,0.0],[74.25117,15.25877,0.0],[74.25131,15.25757,0.0],[74.24848,15.25689,0.0],[74.24412,15.25779,0.0],[74.24146,15.25893,0.0],[74.23966,15.26488,0.0],[74.23841,15.26565,0.0],[74.23242,15.26728,0.0],[74.22906,15.26477,0.0],[74.22755,15.26599,0.0],[74.22485,15.26482,0.0],[74.22006,15.26672,0.0],[74.21625,15.26656,0.0],[74.20445,15.27274,0.0],[74.20524,15.27503,0.0],[74.20322,15.2774,0.0],[74.19856,15.27857,0.0],[74.19744,15.28171,0.0],[74.19807,15.28433,0.0],[74.20024,15.28324,0.0],[74.20136,15.28463,0.0],[74.20275,15.28418,0.0],[74.2053,15.28626,0.0],[74.20853,15.28444,0.0],[74.21259,15.28925,0.0],[74.22135,15.2847,0.0]]]}},{"id":"321","type":"Feature","properties":{"state":"GOA","state_code":"30","district":"SOUTH GOA","district_code":586,"sub_district":"SALCETE","sub_district_code":"05616","sub_district_type":"Taluk","village":"Benaulim (CT)","village_category":"Rural","village_code":"626931"},"geometry":{"type":"Polygon","coordinates":[[[73.95154,15.26107,0.0],[73.94656,15.258,0.0],[73.94678,15.25694,0.0],[73.94876,15.25617,0.0],[73.94623,15.25144,0.0],[73.94285,15.24898,0.0],[73.94622,15.2451,0.0],[73.94609,15.2402,0.0],[73.94181,15.23999,0.0],[73.93638,15.23818,0.0],[73.9343,15.23828,0.0],[73.9319,15.23704,0.0],[73.93012,15.23758,0.0],[73.92567,15.23631,0.0],[73.92201,15.24806,0.0],[73.92001,15.25129,0.0],[73.91813,15.25967,0.0],[73.92839,15.26163,0.0],[73.92834,15.26388,0.0],[73.92933,15.26411,0.0],[73.93031,15.26367,0.0],[73.93081,15.26041,0.0],[73.9327,15.26029,0.0],[73.93273,15.26128,0.0],[73.93425,15.2616,0.0],[73.93453,15.26297,0.0],[73.93347,15.26391,0.0],[73.93894,15.26909,0.0],[73.93618,15.2703,0.0],[73.93614,15.27358,0.0],[73.93386,15.27285,0.0],[73.93098,15.27693,0.0],[73.93814,15.27767,0.0],[73.94322,15.27691,0.0],[73.94697,15.27864,0.0],[73.94797,15.27784,0.0],[73.949,15.27819,0.0],[73.9513,15.27567,0.0],[73.94955,15.27473,0.0],[73.94961,15.27213,0.0],[73.95115,15.27126,0.0],[73.95138,15.26905,0.0],[73.95385,15.2675,0.0],[73.95403,15.26605,0.0],[73.95154,15.26107,0.0]]]}},{"id":"322","type":"Feature","properties":{"state":"GOA","state_code":"30","district":"SOUTH GOA","district_code":586,"sub_district":"SANGUEM","sub_district_code":"05618","sub_district_type":"Taluk","village":"Odxel","village_category":"Rural","village_code":"626991"},"geometry":{"type":"Polygon","coordinates":[[[74.25081,15.27221,0.0],[74.24851,15.2705,0.0],[74.24664,15.27058,0.0],[74.24418,15.27137,0.0],[74.24244,15.27421,0.0],[74.2397,15.27473,0.0],[74.23769,15.27792,0.0],[74.23519,15.27954,0.0],[74.23456,15.28095,0.0],[74.23503,15.28339,0.0],[74.23361,15.28803,0.0],[74.23638,15.28884,0.0],[74.23837,15.29228,0.0],[74.24205,15.29524,0.0],[74.24635,15.29533,0.0],[74.25016,15.29843,0.0],[74.25226,15.29787,0.0],[74.25392,15.30265,0.0],[74.26028,15.29833,0.0],[74.26551,15.29305,0.0],[74.26659,15.28958,0.0],[74.2683,15.2889,0.0],[74.26808,15.28556,0.0],[74.27129,15.28055,0.0],[74.27057,15.27687,0.0],[74.26468,15.2677,0.0],[74.25441,15.27193,0.0],[74.25081,15.27221,0.0]]]}},{"id":"323","type":"Feature","properties":{"state":"GOA","state_code":"30","district":"SOUTH GOA","district_code":586,"sub_district":"SANGUEM","sub_district_code":"05618","sub_district_type":"Taluk","village":"Rumbrem","village_category":"Rural","village_code":"626985"},"geometry":{"type":"Polygon","coordinates":[[[74.13665,15.29149,0.0],[74.13786,15.28614,0.0],[74.13369,15.28556,0.0],[74.13059,15.28226,0.0],[74.12372,15.28275,0.0],[74.11758,15.28085,0.0],[74.11538,15.27906,0.0],[74.11116,15.28264,0.0],[74.1061,15.28247,0.0],[74.10476,15.28542,0.0],[74.10534,15.28745,0.0],[74.103,15.28947,0.0],[74.10748,15.29388,0.0],[74.10873,15.29397,0.0],[74.119,15.29364,0.0],[74.12187,15.29244,0.0],[74.12733,15.29202,0.0],[74.12903,15.29059,0.0],[74.12942,15.28811,0.0],[74.13415,15.29109,0.0],[74.13665,15.29149,0.0]]]}},{"id":"324","type":"Feature","properties":{"state":"GOA","state_code":"30","district":"SOUTH GOA","district_code":586,"sub_district":"SALCETE","sub_district_code":"05616","sub_district_type":"Taluk","village":"Vanelim","village_category":"Rural","village_code":"626898"},"geometry":{"type":"Polygon","coordinates":[[[73.92947,15.28055,0.0],[73.9316,15.27534,0.0],[73.9337,15.27322,0.0],[73.93438,15.27124,0.0],[73.93186,15.2697,0.0],[73.93175,15.26725,0.0],[73.92937,15.2659,0.0],[73.92912,15.2682,0.0],[73.92658,15.26779,0.0],[73.92474,15.27091,0.0],[73.92591,15.27199,0.0],[73.92577,15.27383,0.0],[73.92718,15.2748,0.0],[73.92765,15.28346,0.0],[73.92687,15.28557,0.0],[73.92802,15.28577,0.0],[73.9281,15.28712,0.0],[73.9294,15.28721,0.0],[73.92947,15.28055,0.0]]]}},{"id":"325","type":"Feature","properties":{"state":"GOA","state_code":"30","district":"SOUTH GOA","district_code":586,"sub_district":"SALCETE","sub_district_code":"05616","sub_district_type":"Taluk","village":"Gaundaulim","village_category":"Rural","village_code":"626896"},"geometry":{"type":"Polygon","coordinates":[[[73.92295,15.28589,0.0],[73.92064,15.28541,0.0],[73.9166,15.28703,0.0],[73.91612,15.28913,0.0],[73.91758,15.29079,0.0],[73.92235,15.29112,0.0],[73.92295,15.28589,0.0]]]}},{"id":"326","type":"Feature","properties":{"state":"GOA","state_code":"30","district":"SOUTH GOA","district_code":586,"sub_district":"SALCETE","sub_district_code":"05616","sub_district_type":"Taluk","village":"Colva","village_category":"Rural","village_code":"626897"},"geometry":{"type":"Polygon","coordinates":[[[73.9281,15.28712,0.0],[73.92802,15.28577,0.0],[73.92687,15.28557,0.0],[73.92765,15.28346,0.0],[73.92755,15.27863,0.0],[73.92689,15.27724,0.0],[73.9254,15.2769,0.0],[73.92359,15.27462,0.0],[73.92422,15.27164,0.0],[73.92106,15.27195,0.0],[73.92066,15.27132,0.0],[73.9144,15.27058,0.0],[73.90946,15.28505,0.0],[73.91334,15.28629,0.0],[73.91443,15.28821,0.0],[73.91601,15.28859,0.0],[73.9176,15.28622,0.0],[73.92147,15.28535,0.0],[73.92295,15.28589,0.0],[73.92235,15.29112,0.0],[73.92359,15.29161,0.0],[73.92604,15.29116,0.0],[73.92834,15.28826,0.0],[73.93,15.28831,0.0],[73.9281,15.28712,0.0]]]}},{"id":"327","type":"Feature","properties":{"state":"GOA","state_code":"30","district":"SOUTH GOA","district_code":586,"sub_district":"SALCETE","sub_district_code":"05616","sub_district_type":"Taluk","village":"Macasana","village_category":"Rural","village_code":"626902"},"geometry":{"type":"Polygon","coordinates":[[[74.06582,15.29706,0.0],[74.07011,15.29372,0.0],[74.0709,15.29199,0.0],[74.06901,15.28526,0.0],[74.07244,15.27967,0.0],[74.07077,15.27807,0.0],[74.06896,15.27812,0.0],[74.06853,15.27892,0.0],[74.06529,15.27985,0.0],[74.06492,15.27887,0.0],[74.06395,15.27886,0.0],[74.05723,15.28171,0.0],[74.05017,15.27967,0.0],[74.04509,15.28072,0.0],[74.04524,15.28204,0.0],[74.04748,15.2838,0.0],[74.04682,15.28688,0.0],[74.04742,15.29396,0.0],[74.04616,15.29954,0.0],[74.052,15.30047,0.0],[74.05683,15.30003,0.0],[74.06582,15.29706,0.0]]]}},{"id":"328","type":"Feature","properties":{"state":"GOA","state_code":"30","district":"SOUTH GOA","district_code":586,"sub_district":"SALCETE","sub_district_code":"05616","sub_district_type":"Taluk","village":"Seraulim","village_category":"Rural","village_code":"626899"},"geometry":{"type":"Polygon","coordinates":[[[73.9501,15.28975,0.0],[73.95036,15.28697,0.0],[73.94913,15.28439,0.0],[73.94355,15.28385,0.0],[73.94424,15.28165,0.0],[73.94493,15.28183,0.0],[73.94523,15.28055,0.0],[73.94597,15.28056,0.0],[73.94515,15.28028,0.0],[73.94538,15.27768,0.0],[73.94322,15.27691,0.0],[73.93814,15.27767,0.0],[73.93098,15.27693,0.0],[73.9293,15.28141,0.0],[73.9294,15.28721,0.0],[73.93001,15.28775,0.0],[73.93791,15.2896,0.0],[73.94462,15.29482,0.0],[73.94571,15.29343,0.0],[73.94559,15.29163,0.0],[73.9475,15.2902,0.0],[73.94787,15.29102,0.0],[73.9501,15.28975,0.0]]]}},{"id":"329","type":"Feature","properties":{"state":"GOA","state_code":"30","district":"SOUTH GOA","district_code":586,"sub_district":"SANGUEM","sub_district_code":"05618","sub_district_type":"Taluk","village":"Boma","village_category":"Rural","village_code":"626990"},"geometry":{"type":"Polygon","coordinates":[[[74.26468,15.29379,0.0],[74.26537,15.29676,0.0],[74.26189,15.30236,0.0],[74.26205,15.30533,0.0],[74.2629,15.30672,0.0],[74.2649,15.30694,0.0],[74.27077,15.30556,0.0],[74.27217,15.30654,0.0],[74.27226,15.30753,0.0],[74.2745,15.30824,0.0],[74.27555,15.31057,0.0],[74.27925,15.31203,0.0],[74.28043,15.31417,0.0],[74.28074,15.31253,0.0],[74.28339,15.31147,0.0],[74.28525,15.30827,0.0],[74.28445,15.30704,0.0],[74.28443,15.30227,0.0],[74.28644,15.29936,0.0],[74.28836,15.29914,0.0],[74.29157,15.2923,0.0],[74.29331,15.28945,0.0],[74.29428,15.28914,0.0],[74.29331,15.28453,0.0],[74.28721,15.28362,0.0],[74.28208,15.28025,0.0],[74.27637,15.28337,0.0],[74.27142,15.28123,0.0],[74.27129,15.28055,0.0],[74.26808,15.28556,0.0],[74.2683,15.2889,0.0],[74.26682,15.28929,0.0],[74.26468,15.29379,0.0]]]}},{"id":"330","type":"Feature","properties":{"state":"GOA","state_code":"30","district":"SOUTH GOA","district_code":586,"sub_district":"DHARBANDORA","sub_district_code":"05620","sub_district_type":"Taluk","village":"Moissal","village_category":"Rural","village_code":"626983"},"geometry":{"type":"Polygon","coordinates":[[[74.09377,15.30234,0.0],[74.09597,15.30275,0.0],[74.10189,15.30528,0.0],[74.11435,15.30851,0.0],[74.11877,15.30893,0.0],[74.11256,15.30473,0.0],[74.10931,15.29971,0.0],[74.10917,15.29661,0.0],[74.10748,15.29388,0.0],[74.103,15.28947,0.0],[74.09675,15.29425,0.0],[74.0955,15.29601,0.0],[74.09288,15.29605,0.0],[74.09139,15.29702,0.0],[74.09119,15.29903,0.0],[74.08816,15.30008,0.0],[74.08904,15.30357,0.0],[74.09063,15.30449,0.0],[74.09123,15.30312,0.0],[74.09377,15.30234,0.0]]]}},{"id":"331","type":"Feature","properties":{"state":"GOA","state_code":"30","district":"SOUTH GOA","district_code":586,"sub_district":"SALCETE","sub_district_code":"05616","sub_district_type":"Taluk","village":"Margao (M CI)","village_category":"Partly_Urban","village_code":"252087"},"geometry":{"type":"Polygon","coordinates":[[[73.96603,15.30066,0.0],[73.97104,15.29942,0.0],[73.97269,15.29646,0.0],[73.97362,15.29623,0.0],[73.97562,15.29038,0.0],[73.98031,15.29145,0.0],[73.98508,15.29404,0.0],[73.98741,15.29248,0.0],[73.9887,15.29405,0.0],[73.99097,15.2886,0.0],[73.99464,15.28739,0.0],[73.99709,15.28219,0.0],[73.9917,15.27897,0.0],[73.98363,15.27801,0.0],[73.98064,15.27471,0.0],[73.97882,15.2662,0.0],[73.97968,15.26309,0.0],[73.97677,15.26164,0.0],[73.97408,15.25895,0.0],[73.96661,15.25615,0.0],[73.96395,15.25724,0.0],[73.96332,15.25842,0.0],[73.96393,15.25919,0.0],[73.96204,15.25898,0.0],[73.96357,15.26064,0.0],[73.96177,15.26305,0.0],[73.96034,15.26167,0.0],[73.95857,15.26191,0.0],[73.9596,15.26052,0.0],[73.95909,15.2591,0.0],[73.95831,15.25914,0.0],[73.95899,15.25998,0.0],[73.9579,15.26092,0.0],[73.95685,15.26083,0.0],[73.9579,15.26249,0.0],[73.95567,15.26112,0.0],[73.95654,15.26349,0.0],[73.95419,15.26387,0.0],[73.95388,15.26747,0.0],[73.95142,15.26899,0.0],[73.95133,15.27098,0.0],[73.94961,15.27213,0.0],[73.94955,15.27473,0.0],[73.9513,15.27567,0.0],[73.949,15.27819,0.0],[73.94797,15.27784,0.0],[73.94697,15.27864,0.0],[73.94549,15.27777,0.0],[73.94515,15.28028,0.0],[73.94597,15.28056,0.0],[73.94523,15.28055,0.0],[73.94493,15.28183,0.0],[73.94424,15.28165,0.0],[73.94354,15.28373,0.0],[73.9487,15.28407,0.0],[73.95029,15.28626,0.0],[73.9501,15.28975,0.0],[73.94893,15.29079,0.0],[73.95065,15.29342,0.0],[73.95039,15.30315,0.0],[73.95155,15.29922,0.0],[73.9533,15.30027,0.0],[73.95427,15.29926,0.0],[73.95746,15.29854,0.0],[73.96603,15.30066,0.0]]]}},{"id":"332","type":"Feature","properties":{"state":"GOA","state_code":"30","district":"SOUTH GOA","district_code":586,"sub_district":"SALCETE","sub_district_code":"05616","sub_district_type":"Taluk","village":"Duncolim","village_category":"Rural","village_code":"626900"},"geometry":{"type":"Polygon","coordinates":[[[73.93994,15.29065,0.0],[73.93131,15.28789,0.0],[73.93125,15.28866,0.0],[73.93214,15.28879,0.0],[73.93143,15.29152,0.0],[73.93322,15.29201,0.0],[73.93425,15.29338,0.0],[73.93322,15.29556,0.0],[73.93426,15.2976,0.0],[73.93511,15.29766,0.0],[73.93535,15.29873,0.0],[73.93989,15.29846,0.0],[73.94184,15.30157,0.0],[73.94193,15.30324,0.0],[73.94296,15.30302,0.0],[73.94274,15.3012,0.0],[73.94369,15.29892,0.0],[73.94281,15.29777,0.0],[73.94454,15.29649,0.0],[73.94391,15.29536,0.0],[73.94462,15.29482,0.0],[73.93994,15.29065,0.0]]]}},{"id":"333","type":"Feature","properties":{"state":"GOA","state_code":"30","district":"SOUTH GOA","district_code":586,"sub_district":"SALCETE","sub_district_code":"05616","sub_district_type":"Taluk","village":"Betalbatim","village_category":"Rural","village_code":"626895"},"geometry":{"type":"Polygon","coordinates":[[[73.9309,15.30136,0.0],[73.9341,15.29726,0.0],[73.93322,15.29556,0.0],[73.93425,15.29338,0.0],[73.93322,15.29201,0.0],[73.93143,15.29152,0.0],[73.93214,15.28879,0.0],[73.93125,15.28866,0.0],[73.93131,15.28789,0.0],[73.92834,15.28826,0.0],[73.9255,15.29141,0.0],[73.92043,15.29062,0.0],[73.91932,15.29131,0.0],[73.91712,15.29042,0.0],[73.91601,15.28859,0.0],[73.91443,15.28821,0.0],[73.91414,15.28679,0.0],[73.90946,15.28505,0.0],[73.90843,15.29085,0.0],[73.90535,15.29964,0.0],[73.91108,15.30106,0.0],[73.91138,15.30263,0.0],[73.91401,15.30318,0.0],[73.9148,15.30245,0.0],[73.91509,15.3046,0.0],[73.91786,15.30572,0.0],[73.91783,15.30807,0.0],[73.919,15.30867,0.0],[73.92041,15.30856,0.0],[73.91863,15.30762,0.0],[73.92005,15.30732,0.0],[73.92018,15.30659,0.0],[73.9215,15.30679,0.0],[73.92002,15.30604,0.0],[73.92149,15.30614,0.0],[73.92299,15.30404,0.0],[73.92583,15.30403,0.0],[73.92572,15.30339,0.0],[73.9309,15.30136,0.0]]]}},{"id":"334","type":"Feature","properties":{"state":"GOA","state_code":"30","district":"SOUTH GOA","district_code":586,"sub_district":"DHARBANDORA","sub_district_code":"05620","sub_district_type":"Taluk","village":"Bandoli","village_category":"Rural","village_code":"626984"},"geometry":{"type":"Polygon","coordinates":[[[74.14293,15.30574,0.0],[74.14396,15.30089,0.0],[74.14318,15.29837,0.0],[74.13736,15.29538,0.0],[74.1362,15.29545,0.0],[74.13415,15.29109,0.0],[74.12942,15.28811,0.0],[74.12903,15.29059,0.0],[74.12733,15.29202,0.0],[74.12187,15.29244,0.0],[74.119,15.29364,0.0],[74.10748,15.29388,0.0],[74.10917,15.29661,0.0],[74.10931,15.29971,0.0],[74.11256,15.30473,0.0],[74.1276,15.31489,0.0],[74.12965,15.3149,0.0],[74.13433,15.31674,0.0],[74.14076,15.31677,0.0],[74.14298,15.31805,0.0],[74.14602,15.31035,0.0],[74.14605,15.30751,0.0],[74.14293,15.30574,0.0]]]}},{"id":"335","type":"Feature","properties":{"state":"GOA","state_code":"30","district":"SOUTH GOA","district_code":586,"sub_district":"SALCETE","sub_district_code":"05616","sub_district_type":"Taluk","village":"Gonsua","village_category":"Rural","village_code":"626894"},"geometry":{"type":"Polygon","coordinates":[[[73.91234,15.30573,0.0],[73.91037,15.3055,0.0],[73.9102,15.30426,0.0],[73.9086,15.30516,0.0],[73.90369,15.30324,0.0],[73.90244,15.30848,0.0],[73.91063,15.30949,0.0],[73.91066,15.30879,0.0],[73.90895,15.30852,0.0],[73.90855,15.30748,0.0],[73.91077,15.30829,0.0],[73.91104,15.3075,0.0],[73.91217,15.30738,0.0],[73.91234,15.30573,0.0]]]}},{"id":"336","type":"Feature","properties":{"state":"GOA","state_code":"30","district":"SOUTH GOA","district_code":586,"sub_district":"SALCETE","sub_district_code":"05616","sub_district_type":"Taluk","village":"Calata","village_category":"Rural","village_code":"626891"},"geometry":{"type":"Polygon","coordinates":[[[73.92572,15.30339,0.0],[73.92583,15.30403,0.0],[73.92299,15.30404,0.0],[73.92149,15.30614,0.0],[73.9201,15.30594,0.0],[73.92154,15.30672,0.0],[73.92018,15.30659,0.0],[73.92005,15.30732,0.0],[73.91871,15.30754,0.0],[73.92053,15.30831,0.0],[73.91814,15.30846,0.0],[73.91751,15.31021,0.0],[73.92103,15.31371,0.0],[73.92548,15.31447,0.0],[73.92588,15.31293,0.0],[73.92793,15.31322,0.0],[73.92883,15.3156,0.0],[73.93234,15.31744,0.0],[73.93345,15.31003,0.0],[73.93623,15.30978,0.0],[73.93626,15.30763,0.0],[73.93054,15.30702,0.0],[73.9298,15.30525,0.0],[73.92771,15.30436,0.0],[73.92824,15.30268,0.0],[73.92572,15.30339,0.0]]]}},{"id":"337","type":"Feature","properties":{"state":"GOA","state_code":"30","district":"SOUTH GOA","district_code":586,"sub_district":"DHARBANDORA","sub_district_code":"05620","sub_district_type":"Taluk","village":"Sonauli","village_category":"Rural","village_code":"626989"},"geometry":{"type":"Polygon","coordinates":[[[74.29194,15.34014,0.0],[74.29177,15.33861,0.0],[74.2946,15.33653,0.0],[74.29593,15.33812,0.0],[74.29859,15.33682,0.0],[74.3005,15.33863,0.0],[74.30416,15.33675,0.0],[74.30546,15.33954,0.0],[74.30889,15.33755,0.0],[74.31244,15.33707,0.0],[74.31342,15.33581,0.0],[74.31722,15.33517,0.0],[74.3177,15.33391,0.0],[74.31667,15.33068,0.0],[74.32074,15.31497,0.0],[74.32395,15.30992,0.0],[74.33587,15.29546,0.0],[74.32624,15.28395,0.0],[74.31986,15.28476,0.0],[74.31968,15.28351,0.0],[74.31287,15.28418,0.0],[74.30822,15.2835,0.0],[74.29331,15.28945,0.0],[74.28836,15.29914,0.0],[74.28644,15.29936,0.0],[74.28559,15.30033,0.0],[74.28443,15.30227,0.0],[74.28445,15.30704,0.0],[74.28527,15.30789,0.0],[74.28447,15.30996,0.0],[74.28339,15.31147,0.0],[74.28074,15.31253,0.0],[74.28065,15.31398,0.0],[74.27905,15.31534,0.0],[74.27832,15.31792,0.0],[74.27422,15.31974,0.0],[74.27285,15.32252,0.0],[74.2762,15.32962,0.0],[74.27534,15.33306,0.0],[74.27908,15.33488,0.0],[74.2825,15.33524,0.0],[74.28758,15.3406,0.0],[74.29052,15.34131,0.0],[74.29194,15.34014,0.0]]]}},{"id":"338","type":"Feature","properties":{"state":"GOA","state_code":"30","district":"SOUTH GOA","district_code":586,"sub_district":"SALCETE","sub_district_code":"05616","sub_district_type":"Taluk","village":"Curtorim (CT)","village_category":"Rural","village_code":"626926"},"geometry":{"type":"Polygon","coordinates":[[[74.04325,15.3006,0.0],[74.04616,15.29954,0.0],[74.04742,15.29396,0.0],[74.04682,15.28688,0.0],[74.04748,15.2838,0.0],[74.04524,15.28204,0.0],[74.04509,15.28072,0.0],[74.03901,15.28125,0.0],[74.0347,15.27165,0.0],[74.03292,15.26498,0.0],[74.02226,15.26441,0.0],[74.01832,15.26539,0.0],[74.01568,15.26484,0.0],[74.01299,15.26637,0.0],[74.01361,15.26953,0.0],[74.00779,15.27027,0.0],[74.00746,15.27423,0.0],[74.00599,15.27475,0.0],[74.00599,15.27593,0.0],[74.00053,15.27772,0.0],[73.99987,15.27652,0.0],[73.9978,15.27726,0.0],[73.99568,15.27687,0.0],[73.9917,15.27897,0.0],[73.99777,15.28265,0.0],[73.99982,15.28248,0.0],[73.9994,15.28621,0.0],[74.00106,15.29259,0.0],[74.00041,15.29446,0.0],[74.00269,15.29777,0.0],[74.00559,15.29762,0.0],[74.00947,15.30253,0.0],[74.0126,15.30384,0.0],[74.01213,15.30517,0.0],[74.01571,15.30282,0.0],[74.02538,15.30212,0.0],[74.02998,15.30332,0.0],[74.03888,15.30742,0.0],[74.04014,15.3064,0.0],[74.04325,15.3006,0.0]]]}},{"id":"339","type":"Feature","properties":{"state":"GOA","state_code":"30","district":"SOUTH GOA","district_code":586,"sub_district":"SALCETE","sub_district_code":"05616","sub_district_type":"Taluk","village":"Raia (CT)","village_category":"Rural","village_code":"626925"},"geometry":{"type":"Polygon","coordinates":[[[73.97613,15.31923,0.0],[73.97847,15.31998,0.0],[73.98055,15.3189,0.0],[73.98364,15.31917,0.0],[73.9877,15.31767,0.0],[73.98994,15.31938,0.0],[73.98995,15.32162,0.0],[73.99192,15.32459,0.0],[73.99445,15.32459,0.0],[73.99818,15.32846,0.0],[73.99967,15.32741,0.0],[74.00217,15.31725,0.0],[74.00488,15.31288,0.0],[74.00085,15.31152,0.0],[74.00059,15.30835,0.0],[74.00133,15.3061,0.0],[74.00658,15.30406,0.0],[74.00859,15.30411,0.0],[74.00948,15.30223,0.0],[74.00559,15.29762,0.0],[74.00269,15.29777,0.0],[74.00041,15.29446,0.0],[74.00106,15.29259,0.0],[73.9994,15.28621,0.0],[73.99982,15.28248,0.0],[73.99709,15.28219,0.0],[73.99464,15.28739,0.0],[73.99097,15.2886,0.0],[73.9887,15.29405,0.0],[73.98741,15.29248,0.0],[73.98508,15.29404,0.0],[73.98031,15.29145,0.0],[73.97562,15.29038,0.0],[73.97362,15.29623,0.0],[73.97269,15.29646,0.0],[73.97104,15.29942,0.0],[73.96603,15.30066,0.0],[73.96134,15.29981,0.0],[73.95929,15.30252,0.0],[73.96047,15.30585,0.0],[73.96068,15.31265,0.0],[73.96385,15.31315,0.0],[73.96542,15.31752,0.0],[73.96513,15.31999,0.0],[73.96315,15.3224,0.0],[73.96332,15.32667,0.0],[73.97418,15.32969,0.0],[73.97613,15.31923,0.0]]]}},{"id":"340","type":"Feature","properties":{"state":"GOA","state_code":"30","district":"SOUTH GOA","district_code":586,"sub_district":"DHARBANDORA","sub_district_code":"05620","sub_district_type":"Taluk","village":"Camarconda","village_category":"Rural","village_code":"626982"},"geometry":{"type":"Polygon","coordinates":[[[74.08672,15.31129,0.0],[74.08739,15.31259,0.0],[74.08663,15.31528,0.0],[74.08788,15.31741,0.0],[74.08485,15.31866,0.0],[74.08294,15.32245,0.0],[74.08291,15.3247,0.0],[74.08387,15.32784,0.0],[74.08578,15.32854,0.0],[74.08928,15.33173,0.0],[74.09096,15.33199,0.0],[74.09305,15.33422,0.0],[74.09327,15.33619,0.0],[74.09538,15.33798,0.0],[74.09881,15.33187,0.0],[74.10404,15.32943,0.0],[74.10686,15.32636,0.0],[74.10964,15.32739,0.0],[74.1126,15.3274,0.0],[74.1132,15.32097,0.0],[74.112,15.31577,0.0],[74.11682,15.30975,0.0],[74.11877,15.30893,0.0],[74.11435,15.30851,0.0],[74.10258,15.30546,0.0],[74.09377,15.30234,0.0],[74.09123,15.30312,0.0],[74.08672,15.31129,0.0]]]}},{"id":"341","type":"Feature","properties":{"state":"GOA","state_code":"30","district":"SOUTH GOA","district_code":586,"sub_district":"SALCETE","sub_district_code":"05616","sub_district_type":"Taluk","village":"Majorda","village_category":"Rural","village_code":"626892"},"geometry":{"type":"Polygon","coordinates":[[[73.93202,15.31954,0.0],[73.93216,15.31722,0.0],[73.92883,15.3156,0.0],[73.92793,15.31322,0.0],[73.92588,15.31293,0.0],[73.92548,15.31447,0.0],[73.9205,15.31349,0.0],[73.91751,15.31021,0.0],[73.91786,15.30572,0.0],[73.91509,15.3046,0.0],[73.9148,15.30245,0.0],[73.91401,15.30318,0.0],[73.91138,15.30263,0.0],[73.91108,15.30106,0.0],[73.90535,15.29964,0.0],[73.90369,15.30324,0.0],[73.9086,15.30516,0.0],[73.91004,15.30418,0.0],[73.91037,15.3055,0.0],[73.91234,15.30573,0.0],[73.9125,15.30705,0.0],[73.91077,15.30829,0.0],[73.90855,15.30748,0.0],[73.90895,15.30852,0.0],[73.91066,15.30879,0.0],[73.91063,15.30949,0.0],[73.90244,15.30848,0.0],[73.90025,15.31413,0.0],[73.90501,15.31575,0.0],[73.9065,15.31377,0.0],[73.90677,15.31556,0.0],[73.90738,15.31509,0.0],[73.90883,15.31579,0.0],[73.91162,15.31801,0.0],[73.91199,15.31958,0.0],[73.91481,15.32308,0.0],[73.92367,15.3275,0.0],[73.92251,15.32904,0.0],[73.92382,15.32985,0.0],[73.92478,15.33014,0.0],[73.92634,15.32801,0.0],[73.92707,15.32466,0.0],[73.9297,15.32403,0.0],[73.93202,15.31954,0.0]]]}},{"id":"342","type":"Feature","properties":{"state":"GOA","state_code":"30","district":"SOUTH GOA","district_code":586,"sub_district":"SALCETE","sub_district_code":"05616","sub_district_type":"Taluk","village":"Nuvem (CT)","village_category":"Rural","village_code":"626924"},"geometry":{"type":"Polygon","coordinates":[[[73.9651,15.33054,0.0],[73.96307,15.32685,0.0],[73.96315,15.3224,0.0],[73.96513,15.31999,0.0],[73.96542,15.31752,0.0],[73.96385,15.31315,0.0],[73.96068,15.31265,0.0],[73.96047,15.30585,0.0],[73.95929,15.30252,0.0],[73.96111,15.2999,0.0],[73.95746,15.29854,0.0],[73.95427,15.29926,0.0],[73.9533,15.30027,0.0],[73.95155,15.29922,0.0],[73.95039,15.30315,0.0],[73.95065,15.29342,0.0],[73.94893,15.29076,0.0],[73.94787,15.29102,0.0],[73.9475,15.2902,0.0],[73.94544,15.29179,0.0],[73.94535,15.29445,0.0],[73.94392,15.29529,0.0],[73.94454,15.29649,0.0],[73.94282,15.29772,0.0],[73.94369,15.29892,0.0],[73.94274,15.3012,0.0],[73.94296,15.30302,0.0],[73.94193,15.30324,0.0],[73.94184,15.30157,0.0],[73.93989,15.29846,0.0],[73.93535,15.29873,0.0],[73.93511,15.29766,0.0],[73.9341,15.29726,0.0],[73.9309,15.30136,0.0],[73.92824,15.30268,0.0],[73.92771,15.30436,0.0],[73.9298,15.30525,0.0],[73.93054,15.30702,0.0],[73.93626,15.30763,0.0],[73.93623,15.30978,0.0],[73.93345,15.31003,0.0],[73.93216,15.31907,0.0],[73.92966,15.32394,0.0],[73.93043,15.32481,0.0],[73.93128,15.32493,0.0],[73.93478,15.32252,0.0],[73.94063,15.32812,0.0],[73.94727,15.32758,0.0],[73.94763,15.32868,0.0],[73.94999,15.32983,0.0],[73.95261,15.3274,0.0],[73.95421,15.32994,0.0],[73.9568,15.33143,0.0],[73.95943,15.33232,0.0],[73.96131,15.33096,0.0],[73.96457,15.332,0.0],[73.9651,15.33054,0.0]]]}},{"id":"343","type":"Feature","properties":{"state":"GOA","state_code":"30","district":"SOUTH GOA","district_code":586,"sub_district":"SANGUEM","sub_district_code":"05618","sub_district_type":"Taluk","village":"Calem","village_category":"Rural","village_code":"626988"},"geometry":{"type":"Polygon","coordinates":[[[74.17879,15.34022,0.0],[74.17974,15.33824,0.0],[74.17923,15.33573,0.0],[74.17661,15.33328,0.0],[74.17697,15.33064,0.0],[74.1805,15.32548,0.0],[74.18461,15.32253,0.0],[74.18264,15.32055,0.0],[74.18582,15.31614,0.0],[74.18597,15.31057,0.0],[74.18839,15.3109,0.0],[74.19452,15.30983,0.0],[74.19772,15.31035,0.0],[74.20405,15.30842,0.0],[74.20736,15.30856,0.0],[74.20958,15.31092,0.0],[74.2117,15.31029,0.0],[74.21787,15.31343,0.0],[74.22141,15.31436,0.0],[74.22632,15.3183,0.0],[74.22745,15.32037,0.0],[74.22909,15.32046,0.0],[74.23093,15.32531,0.0],[74.23177,15.32457,0.0],[74.23284,15.3252,0.0],[74.23329,15.32373,0.0],[74.23771,15.3221,0.0],[74.23724,15.32064,0.0],[74.23835,15.31748,0.0],[74.24251,15.31375,0.0],[74.24846,15.31324,0.0],[74.24991,15.31184,0.0],[74.2515,15.31191,0.0],[74.25246,15.3109,0.0],[74.25624,15.30982,0.0],[74.25886,15.30746,0.0],[74.26102,15.30914,0.0],[74.26347,15.30949,0.0],[74.2649,15.30694,0.0],[74.2629,15.30672,0.0],[74.26176,15.30443,0.0],[74.26189,15.30236,0.0],[74.26537,15.29676,0.0],[74.26509,15.29357,0.0],[74.26028,15.29833,0.0],[74.25392,15.30265,0.0],[74.25226,15.29787,0.0],[74.25016,15.29843,0.0],[74.24635,15.29533,0.0],[74.24205,15.29524,0.0],[74.23837,15.29228,0.0],[74.23638,15.28884,0.0],[74.23379,15.28833,0.0],[74.23515,15.28239,0.0],[74.23456,15.28095,0.0],[74.2355,15.27904,0.0],[74.23732,15.27829,0.0],[74.23789,15.27721,0.0],[74.23525,15.27511,0.0],[74.23262,15.27646,0.0],[74.22765,15.28172,0.0],[74.22547,15.28632,0.0],[74.2212,15.28473,0.0],[74.21259,15.28925,0.0],[74.20874,15.28452,0.0],[74.20522,15.28625,0.0],[74.20275,15.28418,0.0],[74.20136,15.28463,0.0],[74.20024,15.28324,0.0],[74.19807,15.28433,0.0],[74.19788,15.2818,0.0],[74.19639,15.28183,0.0],[74.19419,15.28426,0.0],[74.19349,15.28339,0.0],[74.1939,15.28187,0.0],[74.19268,15.28118,0.0],[74.1906,15.28302,0.0],[74.19106,15.28507,0.0],[74.18792,15.28599,0.0],[74.18312,15.28375,0.0],[74.1827,15.28265,0.0],[74.17875,15.28235,0.0],[74.17723,15.2805,0.0],[74.17365,15.28054,0.0],[74.1716,15.27937,0.0],[74.16936,15.27992,0.0],[74.16587,15.27845,0.0],[74.16492,15.27992,0.0],[74.16464,15.2848,0.0],[74.16353,15.28619,0.0],[74.16277,15.29093,0.0],[74.16153,15.29284,0.0],[74.16339,15.29405,0.0],[74.16359,15.2956,0.0],[74.16258,15.29653,0.0],[74.1611,15.29656,0.0],[74.16045,15.29791,0.0],[74.1623,15.3028,0.0],[74.16002,15.30461,0.0],[74.16257,15.30943,0.0],[74.16109,15.31103,0.0],[74.16267,15.31147,0.0],[74.1626,15.31242,0.0],[74.16383,15.3125,0.0],[74.16518,15.31037,0.0],[74.16984,15.3129,0.0],[74.16901,15.31691,0.0],[74.17022,15.32174,0.0],[74.16803,15.32185,0.0],[74.16719,15.32314,0.0],[74.16805,15.33896,0.0],[74.17096,15.34115,0.0],[74.17178,15.34062,0.0],[74.17079,15.3393,0.0],[74.17273,15.33878,0.0],[74.17395,15.33923,0.0],[74.176,15.34205,0.0],[74.17898,15.34238,0.0],[74.17978,15.34153,0.0],[74.17879,15.34022,0.0]]]}},{"id":"344","type":"Feature","properties":{"state":"GOA","state_code":"30","district":"SOUTH GOA","district_code":586,"sub_district":"SALCETE","sub_district_code":"05616","sub_district_type":"Taluk","village":"Camurlim","village_category":"Rural","village_code":"626890"},"geometry":{"type":"Polygon","coordinates":[[[73.99982,15.3274,0.0],[73.99818,15.32846,0.0],[73.99427,15.3245,0.0],[73.99192,15.32459,0.0],[73.98995,15.32162,0.0],[73.98994,15.31938,0.0],[73.98833,15.31779,0.0],[73.98364,15.31917,0.0],[73.98055,15.3189,0.0],[73.97847,15.31998,0.0],[73.97613,15.31923,0.0],[73.97418,15.32969,0.0],[73.97494,15.32963,0.0],[73.97608,15.32755,0.0],[73.97997,15.32982,0.0],[73.98146,15.32967,0.0],[73.98659,15.33276,0.0],[73.98661,15.33545,0.0],[73.98854,15.33762,0.0],[73.9927,15.33787,0.0],[73.99595,15.33656,0.0],[73.99835,15.33739,0.0],[73.99983,15.33344,0.0],[74.00275,15.33374,0.0],[74.0025,15.33159,0.0],[74.00333,15.33028,0.0],[73.99982,15.3274,0.0]]]}},{"id":"345","type":"Feature","properties":{"state":"GOA","state_code":"30","district":"SOUTH GOA","district_code":586,"sub_district":"SALCETE","sub_district_code":"05616","sub_district_type":"Taluk","village":"Utorda","village_category":"Rural","village_code":"626893"},"geometry":{"type":"Polygon","coordinates":[[[73.92251,15.32904,0.0],[73.92367,15.3275,0.0],[73.91481,15.32308,0.0],[73.91199,15.31958,0.0],[73.91162,15.31801,0.0],[73.90883,15.31579,0.0],[73.90738,15.31509,0.0],[73.90677,15.31556,0.0],[73.9065,15.31377,0.0],[73.90501,15.31575,0.0],[73.90025,15.31413,0.0],[73.89659,15.32382,0.0],[73.90769,15.3245,0.0],[73.90669,15.33192,0.0],[73.91458,15.33527,0.0],[73.91519,15.33277,0.0],[73.91925,15.33105,0.0],[73.92072,15.3322,0.0],[73.92478,15.33014,0.0],[73.92251,15.32904,0.0]]]}},{"id":"346","type":"Feature","properties":{"state":"GOA","state_code":"30","district":"SOUTH GOA","district_code":586,"sub_district":"DHARBANDORA","sub_district_code":"05620","sub_district_type":"Taluk","village":"Sigao","village_category":"Rural","village_code":"626978"},"geometry":{"type":"Polygon","coordinates":[[[74.22909,15.32046,0.0],[74.22736,15.3203,0.0],[74.22632,15.3183,0.0],[74.22324,15.3156,0.0],[74.21254,15.31054,0.0],[74.20958,15.31092,0.0],[74.20736,15.30856,0.0],[74.20405,15.30842,0.0],[74.19772,15.31035,0.0],[74.19452,15.30983,0.0],[74.18839,15.3109,0.0],[74.18597,15.31057,0.0],[74.18582,15.31614,0.0],[74.18264,15.32055,0.0],[74.18461,15.32253,0.0],[74.1805,15.32548,0.0],[74.17765,15.32919,0.0],[74.17661,15.33328,0.0],[74.17923,15.33573,0.0],[74.17974,15.33824,0.0],[74.17879,15.34022,0.0],[74.17923,15.34096,0.0],[74.18265,15.34255,0.0],[74.1845,15.34187,0.0],[74.18497,15.34315,0.0],[74.18359,15.34626,0.0],[74.18588,15.35053,0.0],[74.18739,15.35068,0.0],[74.18829,15.34986,0.0],[74.19052,15.35086,0.0],[74.19293,15.35005,0.0],[74.19773,15.35284,0.0],[74.20359,15.35394,0.0],[74.20569,15.35179,0.0],[74.20699,15.35226,0.0],[74.20925,15.34935,0.0],[74.21466,15.34939,0.0],[74.2167,15.3504,0.0],[74.21875,15.34999,0.0],[74.22162,15.35122,0.0],[74.22535,15.34926,0.0],[74.23161,15.33762,0.0],[74.23144,15.3361,0.0],[74.2324,15.33475,0.0],[74.23095,15.33285,0.0],[74.2335,15.33184,0.0],[74.23405,15.32977,0.0],[74.23611,15.32928,0.0],[74.23201,15.32777,0.0],[74.22909,15.32046,0.0]]]}},{"id":"347","type":"Feature","properties":{"state":"GOA","state_code":"30","district":"SOUTH GOA","district_code":586,"sub_district":"MORMUGAO","sub_district_code":"05615","sub_district_type":"Taluk","village":"Arossim","village_category":"Rural","village_code":"626884"},"geometry":{"type":"Polygon","coordinates":[[[73.91525,15.3414,0.0],[73.91394,15.33978,0.0],[73.91422,15.33855,0.0],[73.91329,15.3381,0.0],[73.91477,15.33537,0.0],[73.90669,15.33192,0.0],[73.90769,15.3245,0.0],[73.89659,15.32382,0.0],[73.89496,15.32745,0.0],[73.89449,15.33084,0.0],[73.8911,15.3377,0.0],[73.89456,15.33928,0.0],[73.89581,15.33872,0.0],[73.90374,15.34073,0.0],[73.90387,15.34268,0.0],[73.91083,15.34428,0.0],[73.91071,15.34497,0.0],[73.91326,15.34538,0.0],[73.91525,15.3414,0.0]]]}},{"id":"348","type":"Feature","properties":{"state":"GOA","state_code":"30","district":"SOUTH GOA","district_code":586,"sub_district":"MORMUGAO","sub_district_code":"05615","sub_district_type":"Taluk","village":"Cansaulim","village_category":"Rural","village_code":"626883"},"geometry":{"type":"Polygon","coordinates":[[[73.91326,15.34538,0.0],[73.90387,15.34268,0.0],[73.90374,15.34073,0.0],[73.89581,15.33872,0.0],[73.89456,15.33928,0.0],[73.8911,15.3377,0.0],[73.88783,15.34532,0.0],[73.89625,15.34872,0.0],[73.89898,15.34846,0.0],[73.90089,15.34704,0.0],[73.9022,15.34823,0.0],[73.90895,15.34983,0.0],[73.90924,15.3486,0.0],[73.91116,15.34836,0.0],[73.91326,15.34538,0.0]]]}},{"id":"349","type":"Feature","properties":{"state":"GOA","state_code":"30","district":"SOUTH GOA","district_code":586,"sub_district":"DHARBANDORA","sub_district_code":"05620","sub_district_type":"Taluk","village":"Codli","village_category":"Rural","village_code":"626981"},"geometry":{"type":"Polygon","coordinates":[[[74.14581,15.35084,0.0],[74.14363,15.35076,0.0],[74.14352,15.34947,0.0],[74.14588,15.34856,0.0],[74.14844,15.35016,0.0],[74.1491,15.3479,0.0],[74.1512,15.3471,0.0],[74.15047,15.34244,0.0],[74.15183,15.33975,0.0],[74.15162,15.33699,0.0],[74.15323,15.33496,0.0],[74.1563,15.33379,0.0],[74.15631,15.33158,0.0],[74.15357,15.32801,0.0],[74.15222,15.32755,0.0],[74.1523,15.32624,0.0],[74.14811,15.32472,0.0],[74.14339,15.31812,0.0],[74.14076,15.31677,0.0],[74.13433,15.31674,0.0],[74.12965,15.3149,0.0],[74.1276,15.31489,0.0],[74.11877,15.30893,0.0],[74.11682,15.30975,0.0],[74.112,15.31577,0.0],[74.1132,15.32097,0.0],[74.1126,15.3274,0.0],[74.10964,15.32739,0.0],[74.10686,15.32636,0.0],[74.10404,15.32943,0.0],[74.09881,15.33187,0.0],[74.09477,15.33883,0.0],[74.09686,15.34346,0.0],[74.09596,15.34493,0.0],[74.09683,15.34594,0.0],[74.10191,15.34704,0.0],[74.10379,15.34618,0.0],[74.10521,15.34705,0.0],[74.10333,15.34966,0.0],[74.09968,15.3502,0.0],[74.09872,15.35127,0.0],[74.10024,15.35536,0.0],[74.1018,15.35542,0.0],[74.10302,15.35424,0.0],[74.10423,15.35522,0.0],[74.10112,15.35884,0.0],[74.10281,15.36238,0.0],[74.10758,15.36069,0.0],[74.10982,15.35867,0.0],[74.11231,15.36072,0.0],[74.11319,15.36451,0.0],[74.11809,15.36214,0.0],[74.11948,15.36259,0.0],[74.12135,15.36039,0.0],[74.12007,15.35604,0.0],[74.12128,15.35535,0.0],[74.12439,15.35732,0.0],[74.12639,15.35701,0.0],[74.12824,15.35552,0.0],[74.12699,15.35353,0.0],[74.12814,15.35113,0.0],[74.13166,15.35253,0.0],[74.13244,15.35529,0.0],[74.13486,15.35509,0.0],[74.13627,15.35649,0.0],[74.13995,15.3554,0.0],[74.14261,15.3558,0.0],[74.14565,15.354,0.0],[74.14581,15.35084,0.0]]]}},{"id":"350","type":"Feature","properties":{"state":"GOA","state_code":"30","district":"SOUTH GOA","district_code":586,"sub_district":"DHARBANDORA","sub_district_code":"05620","sub_district_type":"Taluk","village":"Colem","village_category":"Rural","village_code":"626977"},"geometry":{"type":"Polygon","coordinates":[[[74.26161,15.36986,0.0],[74.26288,15.36946,0.0],[74.26306,15.36756,0.0],[74.2655,15.36427,0.0],[74.26466,15.36141,0.0],[74.26563,15.36012,0.0],[74.26541,15.35761,0.0],[74.26868,15.35528,0.0],[74.26709,15.35139,0.0],[74.26707,15.34766,0.0],[74.26437,15.34515,0.0],[74.26301,15.34117,0.0],[74.26765,15.33716,0.0],[74.27145,15.33844,0.0],[74.27179,15.33633,0.0],[74.27551,15.33231,0.0],[74.2762,15.32962,0.0],[74.27288,15.32233,0.0],[74.27422,15.31974,0.0],[74.27832,15.31792,0.0],[74.27905,15.31534,0.0],[74.28018,15.31429,0.0],[74.27925,15.31203,0.0],[74.27555,15.31057,0.0],[74.2745,15.30824,0.0],[74.27226,15.30753,0.0],[74.27217,15.30654,0.0],[74.27077,15.30556,0.0],[74.26516,15.30661,0.0],[74.26347,15.30949,0.0],[74.26102,15.30914,0.0],[74.25886,15.30746,0.0],[74.25624,15.30982,0.0],[74.25246,15.3109,0.0],[74.2515,15.31191,0.0],[74.24991,15.31184,0.0],[74.24846,15.31324,0.0],[74.24251,15.31375,0.0],[74.23841,15.31741,0.0],[74.23724,15.32064,0.0],[74.23771,15.3221,0.0],[74.23329,15.32373,0.0],[74.23289,15.32518,0.0],[74.23177,15.32457,0.0],[74.23115,15.32532,0.0],[74.23201,15.32777,0.0],[74.23611,15.32928,0.0],[74.23405,15.32977,0.0],[74.2335,15.33184,0.0],[74.23095,15.33285,0.0],[74.2324,15.33475,0.0],[74.23144,15.3361,0.0],[74.23161,15.33762,0.0],[74.22506,15.34955,0.0],[74.22162,15.35122,0.0],[74.21875,15.34999,0.0],[74.2167,15.3504,0.0],[74.21466,15.34939,0.0],[74.20925,15.34935,0.0],[74.20699,15.35226,0.0],[74.20569,15.35179,0.0],[74.20359,15.35394,0.0],[74.19769,15.35283,0.0],[74.19576,15.35674,0.0],[74.19843,15.35954,0.0],[74.20365,15.36124,0.0],[74.206,15.36374,0.0],[74.20815,15.36125,0.0],[74.20784,15.35829,0.0],[74.20863,15.35725,0.0],[74.21283,15.35761,0.0],[74.21451,15.35617,0.0],[74.22069,15.35421,0.0],[74.22399,15.35551,0.0],[74.22651,15.35541,0.0],[74.2295,15.35936,0.0],[74.23026,15.36266,0.0],[74.23354,15.36384,0.0],[74.23801,15.36837,0.0],[74.2443,15.36771,0.0],[74.24598,15.37007,0.0],[74.24873,15.37194,0.0],[74.24958,15.37171,0.0],[74.24993,15.36977,0.0],[74.25167,15.37233,0.0],[74.25261,15.37145,0.0],[74.25544,15.37159,0.0],[74.25715,15.37038,0.0],[74.25904,15.37242,0.0],[74.26061,15.37271,0.0],[74.26161,15.36986,0.0]]]}},{"id":"351","type":"Feature","properties":{"state":"GOA","state_code":"30","district":"SOUTH GOA","district_code":586,"sub_district":"DHARBANDORA","sub_district_code":"05620","sub_district_type":"Taluk","village":"Caranzol","village_category":"Rural","village_code":"626976"},"geometry":{"type":"Polygon","coordinates":[[[74.31342,15.33581,0.0],[74.31244,15.33707,0.0],[74.30889,15.33755,0.0],[74.30546,15.33954,0.0],[74.30416,15.33675,0.0],[74.3005,15.33863,0.0],[74.29859,15.33682,0.0],[74.29593,15.33812,0.0],[74.2946,15.33653,0.0],[74.29222,15.33808,0.0],[74.29194,15.34014,0.0],[74.29005,15.34137,0.0],[74.28758,15.3406,0.0],[74.2825,15.33524,0.0],[74.27908,15.33488,0.0],[74.27521,15.3327,0.0],[74.27179,15.33633,0.0],[74.27145,15.33844,0.0],[74.26729,15.33739,0.0],[74.26301,15.34117,0.0],[74.26437,15.34515,0.0],[74.26707,15.34766,0.0],[74.26709,15.35139,0.0],[74.26868,15.35528,0.0],[74.26549,15.35743,0.0],[74.26555,15.36048,0.0],[74.26466,15.36141,0.0],[74.2655,15.36427,0.0],[74.26306,15.36756,0.0],[74.26288,15.36946,0.0],[74.26161,15.36986,0.0],[74.26061,15.37271,0.0],[74.25984,15.37295,0.0],[74.2613,15.37417,0.0],[74.26443,15.37299,0.0],[74.26772,15.37526,0.0],[74.27124,15.37569,0.0],[74.27635,15.37915,0.0],[74.27705,15.38043,0.0],[74.27919,15.38076,0.0],[74.28299,15.38294,0.0],[74.29871,15.38194,0.0],[74.3086,15.37445,0.0],[74.3232,15.36768,0.0],[74.31626,15.363,0.0],[74.31604,15.35997,0.0],[74.32184,15.3436,0.0],[74.31722,15.33517,0.0],[74.31342,15.33581,0.0]]]}},{"id":"352","type":"Feature","properties":{"state":"GOA","state_code":"30","district":"SOUTH GOA","district_code":586,"sub_district":"SALCETE","sub_district_code":"05616","sub_district_type":"Taluk","village":"Verna (CT)","village_category":"Rural","village_code":"626923"},"geometry":{"type":"Polygon","coordinates":[[[73.96131,15.33096,0.0],[73.95943,15.33232,0.0],[73.9568,15.33143,0.0],[73.95421,15.32994,0.0],[73.95261,15.3274,0.0],[73.94999,15.32983,0.0],[73.94763,15.32868,0.0],[73.94727,15.32758,0.0],[73.94063,15.32812,0.0],[73.93478,15.32252,0.0],[73.93118,15.32497,0.0],[73.92999,15.32401,0.0],[73.92707,15.32466,0.0],[73.92699,15.32679,0.0],[73.92443,15.33071,0.0],[73.92061,15.33223,0.0],[73.91917,15.33106,0.0],[73.91519,15.33277,0.0],[73.91436,15.33468,0.0],[73.91485,15.33558,0.0],[73.91329,15.3381,0.0],[73.91422,15.33855,0.0],[73.91394,15.33978,0.0],[73.91525,15.3414,0.0],[73.91523,15.34257,0.0],[73.91699,15.34229,0.0],[73.92492,15.34635,0.0],[73.92761,15.3501,0.0],[73.93031,15.35793,0.0],[73.9314,15.35896,0.0],[73.93442,15.35915,0.0],[73.93615,15.36021,0.0],[73.93934,15.36364,0.0],[73.93946,15.36528,0.0],[73.94245,15.36541,0.0],[73.94467,15.36849,0.0],[73.95221,15.359,0.0],[73.95379,15.35364,0.0],[73.95846,15.35329,0.0],[73.95914,15.35264,0.0],[73.96146,15.34532,0.0],[73.95829,15.3437,0.0],[73.96164,15.33481,0.0],[73.96398,15.3341,0.0],[73.96457,15.332,0.0],[73.96131,15.33096,0.0]]]}},{"id":"353","type":"Feature","properties":{"state":"GOA","state_code":"30","district":"SOUTH GOA","district_code":586,"sub_district":"MORMUGAO","sub_district_code":"05615","sub_district_type":"Taluk","village":"Cuelim","village_category":"Rural","village_code":"626877"},"geometry":{"type":"Polygon","coordinates":[[[73.91587,15.36379,0.0],[73.91682,15.36373,0.0],[73.91569,15.35956,0.0],[73.91611,15.35769,0.0],[73.91494,15.35756,0.0],[73.91493,15.35646,0.0],[73.91196,15.35595,0.0],[73.91257,15.35296,0.0],[73.91185,15.35083,0.0],[73.91126,15.35092,0.0],[73.91116,15.34836,0.0],[73.90924,15.3486,0.0],[73.90895,15.34983,0.0],[73.9022,15.34823,0.0],[73.90089,15.34704,0.0],[73.89898,15.34846,0.0],[73.89684,15.34817,0.0],[73.89625,15.34872,0.0],[73.89634,15.35655,0.0],[73.8929,15.35927,0.0],[73.89126,15.35905,0.0],[73.89026,15.36,0.0],[73.89393,15.36319,0.0],[73.89558,15.36617,0.0],[73.89629,15.36987,0.0],[73.90018,15.36826,0.0],[73.90252,15.36887,0.0],[73.90277,15.37079,0.0],[73.90946,15.36748,0.0],[73.91635,15.36613,0.0],[73.91587,15.36379,0.0]]]}},{"id":"354","type":"Feature","properties":{"state":"GOA","state_code":"30","district":"SOUTH GOA","district_code":586,"sub_district":"SALCETE","sub_district_code":"05616","sub_district_type":"Taluk","village":"Loutulim","village_category":"Rural","village_code":"626889"},"geometry":{"type":"Polygon","coordinates":[[[73.95744,15.37403,0.0],[73.9601,15.37097,0.0],[73.96494,15.36884,0.0],[73.97177,15.36914,0.0],[73.97703,15.36797,0.0],[73.98768,15.3568,0.0],[73.9927,15.35426,0.0],[74.00023,15.35193,0.0],[74.00463,15.34865,0.0],[74.00572,15.34755,0.0],[74.0063,15.34514,0.0],[74.00478,15.33815,0.0],[74.00604,15.33079,0.0],[74.00333,15.33028,0.0],[74.0025,15.33159,0.0],[74.00275,15.33374,0.0],[73.99983,15.33344,0.0],[73.99835,15.33739,0.0],[73.99595,15.33656,0.0],[73.9927,15.33787,0.0],[73.98854,15.33762,0.0],[73.98661,15.33545,0.0],[73.98659,15.33276,0.0],[73.98146,15.32967,0.0],[73.97997,15.32982,0.0],[73.9777,15.32795,0.0],[73.97608,15.32755,0.0],[73.97494,15.32963,0.0],[73.97284,15.32976,0.0],[73.97224,15.32866,0.0],[73.96671,15.32773,0.0],[73.96467,15.32663,0.0],[73.96307,15.32685,0.0],[73.96516,15.33119,0.0],[73.96398,15.3341,0.0],[73.96164,15.33481,0.0],[73.95829,15.3437,0.0],[73.96146,15.34532,0.0],[73.95975,15.35143,0.0],[73.95846,15.35329,0.0],[73.95379,15.35364,0.0],[73.95221,15.359,0.0],[73.94467,15.36849,0.0],[73.94472,15.36973,0.0],[73.95018,15.37364,0.0],[73.95744,15.37403,0.0]]]}},{"id":"355","type":"Feature","properties":{"state":"GOA","state_code":"30","district":"SOUTH GOA","district_code":586,"sub_district":"DHARBANDORA","sub_district_code":"05620","sub_district_type":"Taluk","village":"Sangod","village_category":"Rural","village_code":"626979"},"geometry":{"type":"Polygon","coordinates":[[[74.19763,15.36463,0.0],[74.19843,15.35954,0.0],[74.19576,15.35674,0.0],[74.19769,15.35283,0.0],[74.19293,15.35005,0.0],[74.19052,15.35086,0.0],[74.18829,15.34986,0.0],[74.18739,15.35068,0.0],[74.18588,15.35053,0.0],[74.18359,15.34626,0.0],[74.18497,15.34315,0.0],[74.1845,15.34187,0.0],[74.18265,15.34255,0.0],[74.17978,15.34153,0.0],[74.17898,15.34238,0.0],[74.176,15.34205,0.0],[74.17395,15.33923,0.0],[74.17273,15.33878,0.0],[74.17079,15.3393,0.0],[74.17178,15.34062,0.0],[74.17096,15.34115,0.0],[74.16805,15.33896,0.0],[74.16528,15.33835,0.0],[74.16435,15.33553,0.0],[74.1595,15.33764,0.0],[74.1572,15.33626,0.0],[74.15732,15.33976,0.0],[74.15904,15.34068,0.0],[74.1589,15.34164,0.0],[74.15793,15.34206,0.0],[74.15448,15.33903,0.0],[74.15291,15.33908,0.0],[74.15053,15.34144,0.0],[74.15137,15.34677,0.0],[74.1491,15.3479,0.0],[74.14891,15.34986,0.0],[74.14775,15.35012,0.0],[74.14588,15.34856,0.0],[74.14352,15.34947,0.0],[74.14363,15.35076,0.0],[74.14581,15.35084,0.0],[74.14565,15.354,0.0],[74.14693,15.35454,0.0],[74.14722,15.35681,0.0],[74.15012,15.35731,0.0],[74.15192,15.35657,0.0],[74.15304,15.35863,0.0],[74.15717,15.36162,0.0],[74.1631,15.37541,0.0],[74.16362,15.37961,0.0],[74.1651,15.38274,0.0],[74.16673,15.38209,0.0],[74.16817,15.38017,0.0],[74.16877,15.37764,0.0],[74.17122,15.37577,0.0],[74.17473,15.37675,0.0],[74.18298,15.37305,0.0],[74.18665,15.37245,0.0],[74.18806,15.36839,0.0],[74.19364,15.36794,0.0],[74.19763,15.36463,0.0]]]}},{"id":"356","type":"Feature","properties":{"state":"GOA","state_code":"30","district":"SOUTH GOA","district_code":586,"sub_district":"SALCETE","sub_district_code":"05616","sub_district_type":"Taluk","village":"Nagoa","village_category":"Rural","village_code":"626888"},"geometry":{"type":"Polygon","coordinates":[[[73.94467,15.36849,0.0],[73.94245,15.36541,0.0],[73.93946,15.36528,0.0],[73.93934,15.36364,0.0],[73.93615,15.36021,0.0],[73.93442,15.35915,0.0],[73.9314,15.35896,0.0],[73.93031,15.35793,0.0],[73.92761,15.3501,0.0],[73.92492,15.34635,0.0],[73.91674,15.34219,0.0],[73.91448,15.3428,0.0],[73.91291,15.34674,0.0],[73.91116,15.34836,0.0],[73.91126,15.35092,0.0],[73.91185,15.35083,0.0],[73.91257,15.35296,0.0],[73.91196,15.35595,0.0],[73.91493,15.35646,0.0],[73.91494,15.35756,0.0],[73.91611,15.35769,0.0],[73.91569,15.35956,0.0],[73.91682,15.36373,0.0],[73.91587,15.36379,0.0],[73.91635,15.3662,0.0],[73.91754,15.3656,0.0],[73.91911,15.36736,0.0],[73.92096,15.36355,0.0],[73.92326,15.36465,0.0],[73.92432,15.36395,0.0],[73.92559,15.36438,0.0],[73.92647,15.37313,0.0],[73.93354,15.36952,0.0],[73.94472,15.36973,0.0],[73.94467,15.36849,0.0]]]}},{"id":"357","type":"Feature","properties":{"state":"GOA","state_code":"30","district":"SOUTH GOA","district_code":586,"sub_district":"MORMUGAO","sub_district_code":"05615","sub_district_type":"Taluk","village":"Pale","village_category":"Rural","village_code":"626878"},"geometry":{"type":"Polygon","coordinates":[[[73.89558,15.36617,0.0],[73.89292,15.36175,0.0],[73.89027,15.36002,0.0],[73.88913,15.35825,0.0],[73.88536,15.35686,0.0],[73.88204,15.35662,0.0],[73.87918,15.3619,0.0],[73.87338,15.36808,0.0],[73.87857,15.36951,0.0],[73.87939,15.36765,0.0],[73.88115,15.36842,0.0],[73.88489,15.3684,0.0],[73.88423,15.37024,0.0],[73.88619,15.37156,0.0],[73.89168,15.3711,0.0],[73.89268,15.37178,0.0],[73.89629,15.36987,0.0],[73.89558,15.36617,0.0]]]}},{"id":"358","type":"Feature","properties":{"state":"GOA","state_code":"30","district":"SOUTH GOA","district_code":586,"sub_district":"MORMUGAO","sub_district_code":"05615","sub_district_type":"Taluk","village":"Chicolna","village_category":"Rural","village_code":"626880"},"geometry":{"type":"Polygon","coordinates":[[[73.84819,15.37402,0.0],[73.85018,15.3703,0.0],[73.85012,15.36614,0.0],[73.85127,15.36522,0.0],[73.85021,15.36485,0.0],[73.85043,15.36394,0.0],[73.8533,15.36095,0.0],[73.85133,15.35899,0.0],[73.84243,15.35841,0.0],[73.83701,15.36214,0.0],[73.84016,15.36623,0.0],[73.84138,15.36616,0.0],[73.84213,15.36947,0.0],[73.84345,15.37003,0.0],[73.84452,15.37734,0.0],[73.84836,15.37717,0.0],[73.84819,15.37402,0.0]]]}},{"id":"359","type":"Feature","properties":{"state":"GOA","state_code":"30","district":"SOUTH GOA","district_code":586,"sub_district":"MORMUGAO","sub_district_code":"05615","sub_district_type":"Taluk","village":"Issorcim","village_category":"Rural","village_code":"626879"},"geometry":{"type":"Polygon","coordinates":[[[73.8634,15.36774,0.0],[73.86379,15.36585,0.0],[73.86298,15.36474,0.0],[73.8549,15.36443,0.0],[73.85328,15.36335,0.0],[73.85294,15.36194,0.0],[73.8507,15.36314,0.0],[73.85021,15.36485,0.0],[73.85127,15.36522,0.0],[73.85012,15.36614,0.0],[73.85018,15.3703,0.0],[73.84819,15.37402,0.0],[73.84836,15.37717,0.0],[73.85023,15.38053,0.0],[73.85264,15.38115,0.0],[73.85267,15.38272,0.0],[73.85435,15.38106,0.0],[73.85762,15.3808,0.0],[73.86097,15.37759,0.0],[73.86114,15.37512,0.0],[73.86369,15.37438,0.0],[73.86348,15.37276,0.0],[73.86583,15.37125,0.0],[73.86502,15.37037,0.0],[73.8649,15.36814,0.0],[73.8634,15.36774,0.0]]]}},{"id":"360","type":"Feature","properties":{"state":"GOA","state_code":"30","district":"SOUTH GOA","district_code":586,"sub_district":"DHARBANDORA","sub_district_code":"05620","sub_district_type":"Taluk","village":"Molem","village_category":"Rural","village_code":"626975"},"geometry":{"type":"Polygon","coordinates":[[[74.26701,15.4173,0.0],[74.26937,15.41797,0.0],[74.27041,15.41596,0.0],[74.27473,15.41296,0.0],[74.27624,15.40839,0.0],[74.2783,15.40569,0.0],[74.27587,15.39159,0.0],[74.28299,15.38294,0.0],[74.27919,15.38076,0.0],[74.27705,15.38043,0.0],[74.27635,15.37915,0.0],[74.27124,15.37569,0.0],[74.26772,15.37526,0.0],[74.26443,15.37299,0.0],[74.2613,15.37417,0.0],[74.25778,15.37054,0.0],[74.25544,15.37159,0.0],[74.25261,15.37145,0.0],[74.25167,15.37233,0.0],[74.25036,15.3699,0.0],[74.24948,15.36992,0.0],[74.24958,15.37171,0.0],[74.24873,15.37194,0.0],[74.24598,15.37007,0.0],[74.2443,15.36771,0.0],[74.23801,15.36837,0.0],[74.23354,15.36384,0.0],[74.23026,15.36266,0.0],[74.2295,15.35936,0.0],[74.22651,15.35541,0.0],[74.22399,15.35551,0.0],[74.22069,15.35421,0.0],[74.21451,15.35617,0.0],[74.21283,15.35761,0.0],[74.20863,15.35725,0.0],[74.20784,15.35829,0.0],[74.20815,15.36125,0.0],[74.206,15.36374,0.0],[74.20365,15.36124,0.0],[74.19843,15.35954,0.0],[74.19763,15.36463,0.0],[74.19364,15.36794,0.0],[74.19465,15.36981,0.0],[74.19654,15.37098,0.0],[74.1961,15.37358,0.0],[74.1991,15.37787,0.0],[74.20436,15.38048,0.0],[74.20548,15.38226,0.0],[74.20746,15.38248,0.0],[74.21409,15.3858,0.0],[74.2152,15.38794,0.0],[74.21777,15.38867,0.0],[74.21805,15.3895,0.0],[74.21651,15.39099,0.0],[74.21556,15.39467,0.0],[74.22108,15.39588,0.0],[74.2233,15.39882,0.0],[74.2264,15.40056,0.0],[74.23033,15.40128,0.0],[74.23675,15.41133,0.0],[74.24014,15.41404,0.0],[74.24468,15.41472,0.0],[74.248,15.41662,0.0],[74.25018,15.41488,0.0],[74.25211,15.41799,0.0],[74.25387,15.41931,0.0],[74.2579,15.42107,0.0],[74.26069,15.42078,0.0],[74.26701,15.4173,0.0]]]}},{"id":"361","type":"Feature","properties":{"state":"GOA","state_code":"30","district":"SOUTH GOA","district_code":586,"sub_district":"MORMUGAO","sub_district_code":"05615","sub_district_type":"Taluk","village":"Dabolim","village_category":"Rural","village_code":"626874"},"geometry":{"type":"Polygon","coordinates":[[[73.85931,15.39887,0.0],[73.85935,15.3949,0.0],[73.86493,15.39453,0.0],[73.86544,15.38971,0.0],[73.85699,15.38852,0.0],[73.857,15.38686,0.0],[73.8586,15.38556,0.0],[73.85944,15.38332,0.0],[73.85698,15.38247,0.0],[73.85237,15.38269,0.0],[73.85264,15.38115,0.0],[73.85023,15.38053,0.0],[73.84836,15.37717,0.0],[73.84452,15.37734,0.0],[73.84222,15.37897,0.0],[73.84199,15.38171,0.0],[73.84066,15.38165,0.0],[73.84555,15.38982,0.0],[73.84531,15.39412,0.0],[73.84721,15.39917,0.0],[73.85458,15.39965,0.0],[73.85931,15.39887,0.0]]]}},{"id":"362","type":"Feature","properties":{"state":"GOA","state_code":"30","district":"SOUTH GOA","district_code":586,"sub_district":"MORMUGAO","sub_district_code":"05615","sub_district_type":"Taluk","village":"Cortalim","village_category":"Rural","village_code":"626887"},"geometry":{"type":"Polygon","coordinates":[[[73.92559,15.36438,0.0],[73.92432,15.36395,0.0],[73.92326,15.36465,0.0],[73.92183,15.36355,0.0],[73.92048,15.36399,0.0],[73.91911,15.36736,0.0],[73.91718,15.36565,0.0],[73.90946,15.36748,0.0],[73.90277,15.37079,0.0],[73.90539,15.37274,0.0],[73.90731,15.37575,0.0],[73.91089,15.37718,0.0],[73.91143,15.37922,0.0],[73.9103,15.3835,0.0],[73.90632,15.38589,0.0],[73.90643,15.39439,0.0],[73.90823,15.3983,0.0],[73.90744,15.40434,0.0],[73.90812,15.40759,0.0],[73.91762,15.39862,0.0],[73.91817,15.39707,0.0],[73.9231,15.39641,0.0],[73.92571,15.3971,0.0],[73.9265,15.39405,0.0],[73.92635,15.38951,0.0],[73.92799,15.38569,0.0],[73.92713,15.38263,0.0],[73.92799,15.37632,0.0],[73.92647,15.37313,0.0],[73.92559,15.36438,0.0]]]}},{"id":"363","type":"Feature","properties":{"state":"GOA","state_code":"30","district":"SOUTH GOA","district_code":586,"sub_district":"MORMUGAO","sub_district_code":"05615","sub_district_type":"Taluk","village":"Quelossim","village_category":"Rural","village_code":"626876"},"geometry":{"type":"Polygon","coordinates":[[[73.92805,15.40644,0.0],[73.94522,15.40425,0.0],[73.9491,15.40218,0.0],[73.95453,15.38989,0.0],[73.95744,15.37403,0.0],[73.95018,15.37364,0.0],[73.94472,15.36973,0.0],[73.93591,15.36926,0.0],[73.93271,15.36968,0.0],[73.92647,15.37313,0.0],[73.92799,15.37632,0.0],[73.92713,15.38263,0.0],[73.92799,15.38569,0.0],[73.92635,15.38951,0.0],[73.9265,15.39405,0.0],[73.92571,15.3971,0.0],[73.9231,15.39641,0.0],[73.91817,15.39707,0.0],[73.91762,15.39862,0.0],[73.90812,15.40759,0.0],[73.9072,15.4114,0.0],[73.91847,15.40934,0.0],[73.92805,15.40644,0.0]]]}},{"id":"364","type":"Feature","properties":{"state":"GOA","state_code":"30","district":"SOUTH GOA","district_code":586,"sub_district":"MORMUGAO","sub_district_code":"05615","sub_district_type":"Taluk","village":"Sancoale","village_category":"Rural","village_code":"626886"},"geometry":{"type":"Polygon","coordinates":[[[73.8682,15.40085,0.0],[73.86986,15.39974,0.0],[73.87158,15.39603,0.0],[73.87341,15.39477,0.0],[73.88253,15.39692,0.0],[73.88718,15.40057,0.0],[73.88658,15.40097,0.0],[73.88974,15.40584,0.0],[73.89369,15.40717,0.0],[73.89434,15.40541,0.0],[73.90101,15.40257,0.0],[73.90786,15.40281,0.0],[73.90823,15.3983,0.0],[73.90643,15.39439,0.0],[73.90632,15.38589,0.0],[73.90943,15.38445,0.0],[73.91076,15.38267,0.0],[73.91143,15.37922,0.0],[73.91089,15.37718,0.0],[73.90731,15.37575,0.0],[73.90539,15.37274,0.0],[73.90245,15.3704,0.0],[73.90252,15.36887,0.0],[73.90142,15.36847,0.0],[73.89964,15.36825,0.0],[73.89229,15.3718,0.0],[73.89168,15.3711,0.0],[73.88619,15.37156,0.0],[73.88423,15.37024,0.0],[73.88489,15.3684,0.0],[73.88362,15.36817,0.0],[73.88115,15.36842,0.0],[73.87939,15.36765,0.0],[73.87857,15.36951,0.0],[73.87338,15.36808,0.0],[73.87017,15.36938,0.0],[73.8684,15.36843,0.0],[73.8649,15.36814,0.0],[73.86502,15.37037,0.0],[73.86583,15.37125,0.0],[73.86348,15.37276,0.0],[73.86369,15.37438,0.0],[73.86114,15.37512,0.0],[73.86097,15.37759,0.0],[73.85762,15.3808,0.0],[73.85435,15.38106,0.0],[73.85267,15.38272,0.0],[73.85698,15.38247,0.0],[73.85944,15.38332,0.0],[73.8586,15.38556,0.0],[73.857,15.38686,0.0],[73.85699,15.38852,0.0],[73.86544,15.38971,0.0],[73.86493,15.39453,0.0],[73.85935,15.3949,0.0],[73.85929,15.39597,0.0],[73.85931,15.39887,0.0],[73.8614,15.39891,0.0],[73.86407,15.40061,0.0],[73.8682,15.40085,0.0]]]}},{"id":"365","type":"Feature","properties":{"state":"GOA","state_code":"30","district":"SOUTH GOA","district_code":586,"sub_district":"DHARBANDORA","sub_district_code":"05620","sub_district_type":"Taluk","village":"Sancordem","village_category":"Rural","village_code":"626972"},"geometry":{"type":"Polygon","coordinates":[[[74.17769,15.40901,0.0],[74.18003,15.40734,0.0],[74.18463,15.40625,0.0],[74.18547,15.40721,0.0],[74.18726,15.40717,0.0],[74.18902,15.40557,0.0],[74.19148,15.40591,0.0],[74.1926,15.40503,0.0],[74.19382,15.4063,0.0],[74.194,15.40947,0.0],[74.19587,15.41305,0.0],[74.19662,15.41277,0.0],[74.19877,15.40909,0.0],[74.20197,15.40788,0.0],[74.20288,15.4052,0.0],[74.20639,15.40361,0.0],[74.20715,15.40171,0.0],[74.20892,15.40036,0.0],[74.20899,15.39589,0.0],[74.21013,15.39395,0.0],[74.21158,15.39336,0.0],[74.21376,15.39433,0.0],[74.21536,15.39403,0.0],[74.21663,15.39076,0.0],[74.21805,15.3895,0.0],[74.21751,15.38846,0.0],[74.2152,15.38794,0.0],[74.21409,15.3858,0.0],[74.20746,15.38248,0.0],[74.20548,15.38226,0.0],[74.20436,15.38048,0.0],[74.1991,15.37787,0.0],[74.1961,15.37358,0.0],[74.19654,15.37098,0.0],[74.19465,15.36981,0.0],[74.19364,15.36794,0.0],[74.18806,15.36839,0.0],[74.18665,15.37245,0.0],[74.18298,15.37305,0.0],[74.17473,15.37675,0.0],[74.17122,15.37577,0.0],[74.16877,15.37764,0.0],[74.16817,15.38017,0.0],[74.16673,15.38209,0.0],[74.15946,15.38769,0.0],[74.15987,15.38887,0.0],[74.16337,15.38967,0.0],[74.16518,15.39154,0.0],[74.16115,15.39611,0.0],[74.15598,15.39943,0.0],[74.15408,15.40327,0.0],[74.14943,15.40834,0.0],[74.14483,15.41114,0.0],[74.14426,15.41264,0.0],[74.14469,15.41687,0.0],[74.14378,15.41869,0.0],[74.14459,15.41973,0.0],[74.15115,15.41596,0.0],[74.15358,15.41638,0.0],[74.15667,15.41279,0.0],[74.16131,15.41308,0.0],[74.16235,15.41167,0.0],[74.16637,15.40968,0.0],[74.16739,15.41081,0.0],[74.16905,15.42146,0.0],[74.16981,15.42246,0.0],[74.17515,15.41929,0.0],[74.17497,15.41587,0.0],[74.17769,15.40901,0.0]]]}},{"id":"366","type":"Feature","properties":{"state":"GOA","state_code":"30","district":"SOUTH GOA","district_code":586,"sub_district":"MORMUGAO","sub_district_code":"05615","sub_district_type":"Taluk","village":"Chicalim","village_category":"Rural","village_code":"626885"},"geometry":{"type":"Polygon","coordinates":[[[73.84531,15.39412,0.0],[73.84555,15.38982,0.0],[73.84066,15.38165,0.0],[73.84199,15.38171,0.0],[73.84222,15.37897,0.0],[73.84452,15.37734,0.0],[73.84345,15.37003,0.0],[73.84213,15.36947,0.0],[73.84138,15.36616,0.0],[73.84016,15.36623,0.0],[73.83701,15.36214,0.0],[73.83551,15.36523,0.0],[73.83585,15.36599,0.0],[73.83182,15.36951,0.0],[73.83039,15.36814,0.0],[73.82889,15.3679,0.0],[73.82305,15.36962,0.0],[73.8284,15.3742,0.0],[73.82936,15.38077,0.0],[73.83328,15.38467,0.0],[73.8333,15.38587,0.0],[73.83605,15.38935,0.0],[73.83203,15.39733,0.0],[73.83036,15.39745,0.0],[73.83054,15.39963,0.0],[73.82804,15.40473,0.0],[73.82959,15.40583,0.0],[73.8321,15.40429,0.0],[73.83514,15.4084,0.0],[73.83867,15.40929,0.0],[73.84143,15.40896,0.0],[73.84525,15.40555,0.0],[73.84638,15.39993,0.0],[73.84721,15.39917,0.0],[73.84531,15.39412,0.0]]]}},{"id":"367","type":"Feature","properties":{"state":"GOA","state_code":"30","district":"SOUTH GOA","district_code":586,"sub_district":"MORMUGAO","sub_district_code":"05615","sub_district_type":"Taluk","village":"Mormugao (M Cl)","village_category":"Partly_Urban","village_code":"252084"},"geometry":{"type":"Polygon","coordinates":[[[73.79211,15.41731,0.0],[73.7907,15.41325,0.0],[73.79474,15.41313,0.0],[73.79817,15.40989,0.0],[73.79911,15.41037,0.0],[73.80472,15.40608,0.0],[73.80395,15.40503,0.0],[73.80641,15.40302,0.0],[73.80798,15.40432,0.0],[73.80857,15.39824,0.0],[73.81271,15.39954,0.0],[73.81646,15.40208,0.0],[73.81743,15.40636,0.0],[73.81622,15.40853,0.0],[73.81867,15.40966,0.0],[73.82167,15.4088,0.0],[73.82366,15.40726,0.0],[73.82425,15.40612,0.0],[73.8236,15.40232,0.0],[73.82865,15.40259,0.0],[73.83054,15.39963,0.0],[73.83036,15.39745,0.0],[73.83203,15.39733,0.0],[73.83605,15.38935,0.0],[73.8333,15.38587,0.0],[73.83328,15.38467,0.0],[73.82936,15.38077,0.0],[73.8284,15.3742,0.0],[73.82305,15.36962,0.0],[73.82166,15.37185,0.0],[73.81653,15.37209,0.0],[73.8135,15.37495,0.0],[73.81181,15.37582,0.0],[73.80952,15.37526,0.0],[73.80781,15.37686,0.0],[73.80838,15.37849,0.0],[73.80969,15.37894,0.0],[73.80977,15.38103,0.0],[73.81057,15.38176,0.0],[73.80959,15.38105,0.0],[73.80937,15.37918,0.0],[73.80793,15.3791,0.0],[73.80822,15.38357,0.0],[73.80716,15.38865,0.0],[73.80596,15.39182,0.0],[73.8043,15.39348,0.0],[73.80035,15.39238,0.0],[73.79584,15.39337,0.0],[73.79504,15.39241,0.0],[73.79059,15.39386,0.0],[73.78979,15.39534,0.0],[73.79004,15.39675,0.0],[73.79092,15.39721,0.0],[73.79198,15.39893,0.0],[73.79141,15.39828,0.0],[73.78946,15.39915,0.0],[73.78617,15.40597,0.0],[73.78434,15.40687,0.0],[73.7832,15.41079,0.0],[73.78416,15.41261,0.0],[73.78592,15.41311,0.0],[73.78969,15.41211,0.0],[73.7919,15.41917,0.0],[73.79221,15.41763,0.0],[73.79435,15.41759,0.0],[73.79211,15.41731,0.0]]]}},{"id":"368","type":"Feature","properties":{"state":"GOA","state_code":"30","district":"SOUTH GOA","district_code":586,"sub_district":"DHARBANDORA","sub_district_code":"05620","sub_district_type":"Taluk","village":"Darbandora","village_category":"Rural","village_code":"626971"},"geometry":{"type":"Polygon","coordinates":[[[74.13842,15.43542,0.0],[74.14114,15.43405,0.0],[74.14023,15.4298,0.0],[74.14072,15.42819,0.0],[74.14534,15.42623,0.0],[74.14396,15.42457,0.0],[74.14368,15.42208,0.0],[74.14459,15.41973,0.0],[74.14378,15.41869,0.0],[74.14469,15.41687,0.0],[74.14436,15.41198,0.0],[74.14541,15.41047,0.0],[74.14943,15.40834,0.0],[74.15408,15.40327,0.0],[74.15598,15.39943,0.0],[74.16115,15.39611,0.0],[74.16518,15.39154,0.0],[74.16337,15.38967,0.0],[74.15987,15.38887,0.0],[74.15946,15.38769,0.0],[74.1651,15.38274,0.0],[74.1594,15.36602,0.0],[74.15717,15.36162,0.0],[74.15304,15.35863,0.0],[74.15192,15.35657,0.0],[74.15012,15.35731,0.0],[74.14744,15.35694,0.0],[74.14693,15.35454,0.0],[74.14565,15.354,0.0],[74.14261,15.3558,0.0],[74.13995,15.3554,0.0],[74.13627,15.35649,0.0],[74.13486,15.35509,0.0],[74.13244,15.35529,0.0],[74.1319,15.35277,0.0],[74.1285,15.35107,0.0],[74.12699,15.35353,0.0],[74.12824,15.35552,0.0],[74.12639,15.35701,0.0],[74.12439,15.35732,0.0],[74.12188,15.35546,0.0],[74.12043,15.35557,0.0],[74.12015,15.3575,0.0],[74.12135,15.36039,0.0],[74.11948,15.36259,0.0],[74.11809,15.36214,0.0],[74.11319,15.36451,0.0],[74.11231,15.36072,0.0],[74.10982,15.35867,0.0],[74.10758,15.36069,0.0],[74.10351,15.36252,0.0],[74.10457,15.36307,0.0],[74.10456,15.36517,0.0],[74.10154,15.3663,0.0],[74.10224,15.36944,0.0],[74.10099,15.37119,0.0],[74.10077,15.37395,0.0],[74.09817,15.3743,0.0],[74.09735,15.37574,0.0],[74.09591,15.37616,0.0],[74.09369,15.37436,0.0],[74.09342,15.3762,0.0],[74.09488,15.37986,0.0],[74.09717,15.37789,0.0],[74.09876,15.37852,0.0],[74.09632,15.38385,0.0],[74.09763,15.38455,0.0],[74.09717,15.38703,0.0],[74.10145,15.39823,0.0],[74.10127,15.39949,0.0],[74.10611,15.40407,0.0],[74.10907,15.40355,0.0],[74.10928,15.40723,0.0],[74.11016,15.40741,0.0],[74.11213,15.41189,0.0],[74.11342,15.41308,0.0],[74.11122,15.41654,0.0],[74.11083,15.41891,0.0],[74.10882,15.42041,0.0],[74.11021,15.42426,0.0],[74.1099,15.42629,0.0],[74.11245,15.42965,0.0],[74.11875,15.43268,0.0],[74.12455,15.43796,0.0],[74.13325,15.43495,0.0],[74.13714,15.43666,0.0],[74.13804,15.43832,0.0],[74.13842,15.43542,0.0]]]}},{"id":"369","type":"Feature","properties":{"state":"GOA","state_code":"30","district":"SOUTH GOA","district_code":586,"sub_district":"DHARBANDORA","sub_district_code":"05620","sub_district_type":"Taluk","village":"Aglote","village_category":"Rural","village_code":"626973"},"geometry":{"type":"Polygon","coordinates":[[[74.194,15.40947,0.0],[74.19382,15.4063,0.0],[74.1926,15.40503,0.0],[74.19148,15.40591,0.0],[74.18902,15.40557,0.0],[74.18726,15.40717,0.0],[74.18547,15.40721,0.0],[74.18463,15.40625,0.0],[74.18003,15.40734,0.0],[74.17769,15.40901,0.0],[74.17616,15.41243,0.0],[74.17497,15.41587,0.0],[74.17515,15.41929,0.0],[74.16969,15.42247,0.0],[74.16689,15.40988,0.0],[74.16354,15.41094,0.0],[74.16096,15.41319,0.0],[74.15701,15.41264,0.0],[74.15358,15.41638,0.0],[74.15115,15.41596,0.0],[74.14428,15.41991,0.0],[74.14383,15.42408,0.0],[74.14534,15.42623,0.0],[74.14072,15.42819,0.0],[74.14023,15.4298,0.0],[74.14114,15.43405,0.0],[74.13842,15.43542,0.0],[74.13811,15.43901,0.0],[74.14029,15.43833,0.0],[74.14414,15.43905,0.0],[74.14843,15.43833,0.0],[74.15118,15.43948,0.0],[74.1521,15.44181,0.0],[74.15318,15.44175,0.0],[74.15361,15.4406,0.0],[74.15574,15.43957,0.0],[74.15762,15.44122,0.0],[74.15935,15.44107,0.0],[74.16083,15.44218,0.0],[74.1634,15.44155,0.0],[74.16865,15.4435,0.0],[74.17058,15.43984,0.0],[74.17891,15.43751,0.0],[74.18256,15.44236,0.0],[74.18751,15.44468,0.0],[74.19515,15.43809,0.0],[74.19609,15.43638,0.0],[74.19646,15.43205,0.0],[74.19407,15.42761,0.0],[74.19116,15.42526,0.0],[74.19228,15.42145,0.0],[74.19445,15.41961,0.0],[74.19587,15.41305,0.0],[74.194,15.40947,0.0]]]}},{"id":"370","type":"Feature","properties":{"state":"GOA","state_code":"30","district":"SOUTH GOA","district_code":586,"sub_district":"MORMUGAO","sub_district_code":"05615","sub_district_type":"Taluk","village":"Creek","village_category":"Others","village_code":"626875"},"geometry":{"type":"Polygon","coordinates":[[[73.86423,15.4181,0.0],[73.87464,15.41777,0.0],[73.88612,15.41374,0.0],[73.89829,15.41079,0.0],[73.9072,15.4114,0.0],[73.90812,15.40759,0.0],[73.90786,15.40281,0.0],[73.90101,15.40257,0.0],[73.89434,15.40541,0.0],[73.89369,15.40717,0.0],[73.88974,15.40584,0.0],[73.88658,15.40097,0.0],[73.88718,15.40057,0.0],[73.88253,15.39692,0.0],[73.87341,15.39477,0.0],[73.87158,15.39603,0.0],[73.8706,15.39912,0.0],[73.8682,15.40085,0.0],[73.86443,15.40073,0.0],[73.8614,15.39891,0.0],[73.85173,15.39992,0.0],[73.85013,15.39908,0.0],[73.84685,15.39932,0.0],[73.84445,15.40686,0.0],[73.84024,15.40925,0.0],[73.83514,15.4084,0.0],[73.8321,15.40429,0.0],[73.82909,15.40585,0.0],[73.82804,15.40473,0.0],[73.82865,15.40259,0.0],[73.82432,15.40196,0.0],[73.82351,15.40262,0.0],[73.82425,15.40612,0.0],[73.82366,15.40726,0.0],[73.82167,15.4088,0.0],[73.81867,15.40966,0.0],[73.81622,15.40853,0.0],[73.81743,15.40636,0.0],[73.81646,15.40208,0.0],[73.81271,15.39954,0.0],[73.80857,15.39824,0.0],[73.80798,15.40432,0.0],[73.80641,15.40302,0.0],[73.80395,15.40503,0.0],[73.80472,15.40608,0.0],[73.79911,15.41037,0.0],[73.79817,15.40989,0.0],[73.79474,15.41313,0.0],[73.7907,15.41325,0.0],[73.79211,15.41731,0.0],[73.79435,15.41759,0.0],[73.79221,15.41763,0.0],[73.78611,15.43841,0.0],[73.80927,15.43111,0.0],[73.8391,15.42852,0.0],[73.84925,15.42529,0.0],[73.86423,15.4181,0.0]],[[73.86543,15.40731,0.0],[73.86382,15.40819,0.0],[73.86212,15.40787,0.0],[73.8615,15.40588,0.0],[73.86206,15.40458,0.0],[73.86462,15.4033,0.0],[73.86543,15.40731,0.0]]]}},{"id":"371","type":"Feature","properties":{"state":"GOA","state_code":"30","district":"SOUTH GOA","district_code":586,"sub_district":"DHARBANDORA","sub_district_code":"05620","sub_district_type":"Taluk","village":"Surla","village_category":"Rural","village_code":"626974"},"geometry":{"type":"Polygon","coordinates":[[[74.25829,15.48206,0.0],[74.26398,15.47236,0.0],[74.27545,15.44919,0.0],[74.2763,15.44292,0.0],[74.27737,15.44049,0.0],[74.27686,15.43795,0.0],[74.27506,15.43646,0.0],[74.27689,15.43521,0.0],[74.26992,15.42604,0.0],[74.26878,15.4191,0.0],[74.26934,15.41775,0.0],[74.26701,15.4173,0.0],[74.26012,15.42117,0.0],[74.25932,15.42058,0.0],[74.2579,15.42107,0.0],[74.25211,15.41799,0.0],[74.25018,15.41488,0.0],[74.248,15.41662,0.0],[74.24468,15.41472,0.0],[74.24014,15.41404,0.0],[74.23675,15.41133,0.0],[74.23033,15.40128,0.0],[74.2264,15.40056,0.0],[74.2233,15.39882,0.0],[74.22108,15.39588,0.0],[74.21078,15.39351,0.0],[74.20906,15.39554,0.0],[74.20892,15.40036,0.0],[74.20715,15.40171,0.0],[74.20639,15.40361,0.0],[74.20288,15.4052,0.0],[74.20197,15.40788,0.0],[74.19977,15.4082,0.0],[74.19766,15.41026,0.0],[74.19728,15.41227,0.0],[74.19587,15.41305,0.0],[74.19445,15.41961,0.0],[74.19228,15.42145,0.0],[74.19117,15.42529,0.0],[74.19423,15.42784,0.0],[74.19669,15.4336,0.0],[74.19515,15.43809,0.0],[74.18751,15.44468,0.0],[74.18914,15.4473,0.0],[74.18874,15.44872,0.0],[74.19028,15.45299,0.0],[74.18879,15.45541,0.0],[74.19345,15.45929,0.0],[74.19605,15.46372,0.0],[74.1981,15.46458,0.0],[74.20043,15.46736,0.0],[74.20576,15.47017,0.0],[74.2119,15.47148,0.0],[74.21457,15.47338,0.0],[74.22159,15.4755,0.0],[74.22688,15.48109,0.0],[74.22923,15.48243,0.0],[74.23033,15.48106,0.0],[74.23031,15.48302,0.0],[74.23134,15.48411,0.0],[74.24143,15.48822,0.0],[74.24559,15.48839,0.0],[74.24696,15.49136,0.0],[74.25091,15.49172,0.0],[74.25829,15.48206,0.0]]]}},{"id":"372","type":"Feature","properties":{"state":"GOA","state_code":"30","district":"SOUTH GOA","district_code":586,"sub_district":"SALCETE","sub_district_code":"05616","sub_district_type":"Taluk","village":"Sirlim","village_category":"Rural","village_code":"626915"},"geometry":{"type":"Polygon","coordinates":[[[73.97849,15.23062,0.0],[73.9835,15.2267,0.0],[73.98259,15.22619,0.0],[73.9825,15.22362,0.0],[73.97836,15.2237,0.0],[73.97804,15.22248,0.0],[73.97926,15.22119,0.0],[73.97912,15.21945,0.0],[73.96937,15.21948,0.0],[73.96482,15.22476,0.0],[73.96506,15.22632,0.0],[73.96741,15.22499,0.0],[73.96645,15.22727,0.0],[73.96453,15.22749,0.0],[73.96598,15.22879,0.0],[73.96677,15.2312,0.0],[73.96861,15.23089,0.0],[73.96885,15.22863,0.0],[73.96949,15.22839,0.0],[73.97136,15.22903,0.0],[73.96949,15.23021,0.0],[73.96996,15.23203,0.0],[73.97155,15.23187,0.0],[73.97149,15.23069,0.0],[73.97849,15.23062,0.0]]]}},{"id":"373","type":"Feature","properties":{"state":"GOA","state_code":"30","district":"SOUTH GOA","district_code":586,"sub_district":"SALCETE","sub_district_code":"05616","sub_district_type":"Taluk","village":"Rachol","village_category":"Rural","village_code":"626901"},"geometry":{"type":"Polygon","coordinates":[[[74.01161,15.3062,0.0],[74.0126,15.30384,0.0],[74.00947,15.30253,0.0],[74.00859,15.30411,0.0],[74.00658,15.30406,0.0],[74.00133,15.3061,0.0],[74.00059,15.30835,0.0],[74.00085,15.31152,0.0],[74.00488,15.31288,0.0],[74.00217,15.31725,0.0],[73.99967,15.32741,0.0],[74.00333,15.33028,0.0],[74.00604,15.33079,0.0],[74.00964,15.31485,0.0],[74.01193,15.30974,0.0],[74.01161,15.3062,0.0]]]}},{"id":"374","type":"Feature","properties":{"state":"GOA","state_code":"30","district":"SOUTH GOA","district_code":586,"sub_district":"QUEPEM","sub_district_code":"05617","sub_district_type":"Taluk","village":"Cavorem","village_category":"Rural","village_code":"626956"},"geometry":{"type":"Polygon","coordinates":[[[74.0836,15.13425,0.0],[74.0829,15.13215,0.0],[74.08145,15.13277,0.0],[74.07915,15.13178,0.0],[74.07694,15.12436,0.0],[74.07218,15.12371,0.0],[74.07017,15.1222,0.0],[74.06577,15.12463,0.0],[74.06528,15.12817,0.0],[74.06414,15.12815,0.0],[74.06007,15.13162,0.0],[74.05786,15.13465,0.0],[74.05527,15.13532,0.0],[74.05314,15.14072,0.0],[74.05528,15.14128,0.0],[74.05665,15.14297,0.0],[74.0571,15.15228,0.0],[74.05938,15.15728,0.0],[74.06404,15.16044,0.0],[74.07105,15.15581,0.0],[74.07715,15.15566,0.0],[74.07886,15.15362,0.0],[74.08056,15.14743,0.0],[74.07968,15.14677,0.0],[74.08034,15.14149,0.0],[74.0851,15.13515,0.0],[74.0836,15.13425,0.0]]]}},{"id":"375","type":"Feature","properties":{"state":"GOA","state_code":"30","district":"SOUTH GOA","district_code":586,"sub_district":"QUEPEM","sub_district_code":"05617","sub_district_type":"Taluk","village":"Cordem","village_category":"Rural","village_code":"626958"},"geometry":{"type":"Polygon","coordinates":[[[74.05847,15.11504,0.0],[74.06156,15.11051,0.0],[74.05925,15.1025,0.0],[74.05741,15.10088,0.0],[74.05484,15.1013,0.0],[74.05299,15.0995,0.0],[74.04938,15.09818,0.0],[74.04528,15.09843,0.0],[74.03089,15.1055,0.0],[74.02771,15.1151,0.0],[74.02653,15.11651,0.0],[74.02851,15.11956,0.0],[74.03153,15.12167,0.0],[74.03839,15.12266,0.0],[74.04483,15.12517,0.0],[74.04869,15.12574,0.0],[74.0502,15.12691,0.0],[74.05231,15.1239,0.0],[74.05714,15.12202,0.0],[74.05847,15.11504,0.0]]]}},{"id":"376","type":"Feature","properties":{"state":"GOA","state_code":"30","district":"SOUTH GOA","district_code":586,"sub_district":"QUEPEM","sub_district_code":"05617","sub_district_type":"Taluk","village":"Tiloi","village_category":"Rural","village_code":"626954"},"geometry":{"type":"Polygon","coordinates":[[[74.01056,15.15284,0.0],[74.01133,15.15119,0.0],[74.01046,15.15054,0.0],[74.01081,15.14911,0.0],[74.01371,15.14791,0.0],[74.01317,15.14725,0.0],[74.01643,15.149,0.0],[74.01668,15.14775,0.0],[74.01811,15.14794,0.0],[74.01858,15.14634,0.0],[74.01744,15.14608,0.0],[74.01701,15.14391,0.0],[74.01787,15.14196,0.0],[74.02021,15.14243,0.0],[74.02178,15.1444,0.0],[74.02413,15.14334,0.0],[74.0246,15.14208,0.0],[74.02296,15.14059,0.0],[74.02326,15.13932,0.0],[74.02148,15.13604,0.0],[74.02553,15.13594,0.0],[74.0255,15.13301,0.0],[74.02739,15.1325,0.0],[74.02826,15.13108,0.0],[74.0294,15.13168,0.0],[74.03055,15.13106,0.0],[74.02911,15.13041,0.0],[74.02941,15.1289,0.0],[74.03244,15.12767,0.0],[74.03323,15.1232,0.0],[74.03487,15.1225,0.0],[74.0297,15.1206,0.0],[74.0256,15.11573,0.0],[74.01605,15.11669,0.0],[74.01317,15.12127,0.0],[74.01107,15.12291,0.0],[74.01011,15.12502,0.0],[74.01114,15.12731,0.0],[74.0097,15.13013,0.0],[74.01046,15.13327,0.0],[74.00738,15.13505,0.0],[74.00733,15.13643,0.0],[74.00525,15.1386,0.0],[74.00901,15.14193,0.0],[74.00712,15.14502,0.0],[74.00589,15.14459,0.0],[74.00439,15.14762,0.0],[74.00523,15.14842,0.0],[74.00203,15.15208,0.0],[74.00322,15.15392,0.0],[74.00413,15.15398,0.0],[74.00587,15.15285,0.0],[74.00575,15.15189,0.0],[74.00845,15.15132,0.0],[74.01056,15.15284,0.0]]]}},{"id":"377","type":"Feature","properties":{"state":"GOA","state_code":"30","district":"SOUTH GOA","district_code":586,"sub_district":"QUEPEM","sub_district_code":"05617","sub_district_type":"Taluk","village":"Quitol","village_category":"Rural","village_code":"626951"},"geometry":{"type":"Polygon","coordinates":[[[73.98121,15.13974,0.0],[73.98282,15.13484,0.0],[73.98605,15.13002,0.0],[73.98483,15.12448,0.0],[73.98119,15.12384,0.0],[73.97725,15.12501,0.0],[73.97137,15.12272,0.0],[73.96916,15.1264,0.0],[73.96436,15.12722,0.0],[73.95845,15.12476,0.0],[73.95544,15.12649,0.0],[73.95382,15.12613,0.0],[73.95218,15.12504,0.0],[73.95126,15.12269,0.0],[73.94837,15.12418,0.0],[73.94737,15.12554,0.0],[73.9414,15.12523,0.0],[73.94045,15.12806,0.0],[73.93814,15.12892,0.0],[73.93802,15.13042,0.0],[73.93636,15.13102,0.0],[73.93702,15.13236,0.0],[73.93925,15.13229,0.0],[73.9427,15.13401,0.0],[73.94558,15.13787,0.0],[73.94481,15.13938,0.0],[73.94649,15.1408,0.0],[73.95027,15.14028,0.0],[73.95631,15.13527,0.0],[73.96088,15.13683,0.0],[73.96191,15.13881,0.0],[73.96344,15.13927,0.0],[73.96384,15.1408,0.0],[73.96799,15.13945,0.0],[73.96896,15.14057,0.0],[73.97025,15.14016,0.0],[73.97072,15.14149,0.0],[73.97353,15.14352,0.0],[73.97545,15.14356,0.0],[73.98121,15.13974,0.0]]]}},{"id":"378","type":"Feature","properties":{"state":"GOA","state_code":"30","district":"SOUTH GOA","district_code":586,"sub_district":"DHARBANDORA","sub_district_code":"05620","sub_district_type":"Taluk","village":"Piliem","village_category":"Rural","village_code":"626970"},"geometry":{"type":"Polygon","coordinates":[[[74.11083,15.41891,0.0],[74.11122,15.41654,0.0],[74.11342,15.41308,0.0],[74.11213,15.41189,0.0],[74.11016,15.40741,0.0],[74.10928,15.40723,0.0],[74.10907,15.40355,0.0],[74.10611,15.40407,0.0],[74.10127,15.39949,0.0],[74.10145,15.39823,0.0],[74.0974,15.38795,0.0],[74.09763,15.38455,0.0],[74.09632,15.38385,0.0],[74.09661,15.38226,0.0],[74.09218,15.38394,0.0],[74.09074,15.38206,0.0],[74.08852,15.39121,0.0],[74.08737,15.39187,0.0],[74.08427,15.39008,0.0],[74.08108,15.39392,0.0],[74.08067,15.39577,0.0],[74.07853,15.39238,0.0],[74.07716,15.39148,0.0],[74.07634,15.39181,0.0],[74.07523,15.39639,0.0],[74.07731,15.39973,0.0],[74.07666,15.40082,0.0],[74.07415,15.40137,0.0],[74.07188,15.40488,0.0],[74.07461,15.40969,0.0],[74.07152,15.41283,0.0],[74.08275,15.41798,0.0],[74.08469,15.42051,0.0],[74.09142,15.42221,0.0],[74.10398,15.42741,0.0],[74.10726,15.42144,0.0],[74.11083,15.41891,0.0]]]}},{"id":"379","type":"Feature","properties":{"state":"GOA","state_code":"30","district":"SOUTH GOA","district_code":586,"sub_district":"QUEPEM","sub_district_code":"05617","sub_district_type":"Taluk","village":"Hodar","village_category":"Rural","village_code":"626937"},"geometry":{"type":"Polygon","coordinates":[[[74.09448,15.26603,0.0],[74.09911,15.26293,0.0],[74.09753,15.26126,0.0],[74.09716,15.25594,0.0],[74.09184,15.2581,0.0],[74.09006,15.25991,0.0],[74.09049,15.26139,0.0],[74.08925,15.26358,0.0],[74.08923,15.26637,0.0],[74.09129,15.26871,0.0],[74.09695,15.26963,0.0],[74.09448,15.26603,0.0]]]}},{"id":"380","type":"Feature","properties":{"state":"GOA","state_code":"30","district":"SOUTH GOA","district_code":586,"sub_district":"QUEPEM","sub_district_code":"05617","sub_district_type":"Taluk","village":"Xic-Xelvona","village_category":"Rural","village_code":"626935"},"geometry":{"type":"Polygon","coordinates":[[[74.08331,15.26492,0.0],[74.08494,15.26034,0.0],[74.08457,15.25816,0.0],[74.08086,15.25608,0.0],[74.07862,15.25362,0.0],[74.07634,15.25545,0.0],[74.07433,15.26096,0.0],[74.07251,15.26365,0.0],[74.0759,15.26717,0.0],[74.08331,15.26492,0.0]]]}},{"id":"381","type":"Feature","properties":{"state":"GOA","state_code":"30","district":"SOUTH GOA","district_code":586,"sub_district":"CANACONA","sub_district_code":"05619","sub_district_type":"Taluk","village":"Angediva","village_category":"Rural","village_code":"627029"},"geometry":{"type":"Polygon","coordinates":[[[74.11377,14.75722,0.0],[74.1164,14.75682,0.0],[74.11694,14.75421,0.0],[74.10862,14.75712,0.0],[74.10707,14.75577,0.0],[74.10776,14.75829,0.0],[74.10522,14.76044,0.0],[74.10666,14.76369,0.0],[74.10876,14.7636,0.0],[74.10866,14.76174,0.0],[74.11377,14.75722,0.0]]]}},{"id":"382","type":"Feature","properties":{"state":"GOA","state_code":"30","district":"NORTH GOA","district_code":585,"sub_district":"TISWADI","sub_district_code":"05611","sub_district_type":"Taluk","village":"Ella","village_category":"Rural","village_code":"626714"},"geometry":{"type":"Polygon","coordinates":[[[73.93446,15.51368,0.0],[73.9368,15.51163,0.0],[73.93489,15.50635,0.0],[73.93672,15.50588,0.0],[73.93544,15.50312,0.0],[73.93581,15.50158,0.0],[73.93305,15.50184,0.0],[73.92966,15.4976,0.0],[73.92844,15.49759,0.0],[73.92851,15.49569,0.0],[73.93093,15.49537,0.0],[73.93096,15.49451,0.0],[73.9264,15.49361,0.0],[73.92232,15.49417,0.0],[73.92165,15.49163,0.0],[73.92006,15.49213,0.0],[73.92038,15.49034,0.0],[73.91794,15.48603,0.0],[73.91832,15.48479,0.0],[73.91424,15.48395,0.0],[73.913,15.48087,0.0],[73.91086,15.4799,0.0],[73.91073,15.48496,0.0],[73.91166,15.48864,0.0],[73.91128,15.49235,0.0],[73.90759,15.48985,0.0],[73.9101,15.49351,0.0],[73.91041,15.49521,0.0],[73.90868,15.4954,0.0],[73.90707,15.49711,0.0],[73.90648,15.49906,0.0],[73.9073,15.49936,0.0],[73.90771,15.50161,0.0],[73.90698,15.50177,0.0],[73.90655,15.50456,0.0],[73.91135,15.50537,0.0],[73.91865,15.51075,0.0],[73.92119,15.51339,0.0],[73.92231,15.51696,0.0],[73.92718,15.52253,0.0],[73.93337,15.51997,0.0],[73.93446,15.51368,0.0]]]}},{"id":"383","type":"Feature","properties":{"state":"GOA","state_code":"30","district":"NORTH GOA","district_code":585,"sub_district":"TISWADI","sub_district_code":"05611","sub_district_type":"Taluk","village":"Malar","village_category":"Rural","village_code":"626711"},"geometry":{"type":"Polygon","coordinates":[[[73.92338,15.5381,0.0],[73.9232,15.53593,0.0],[73.92234,15.53552,0.0],[73.9228,15.53442,0.0],[73.92205,15.5323,0.0],[73.92273,15.52968,0.0],[73.92451,15.52931,0.0],[73.92447,15.52364,0.0],[73.92381,15.52359,0.0],[73.92551,15.52072,0.0],[73.92231,15.51696,0.0],[73.92119,15.51339,0.0],[73.92008,15.51223,0.0],[73.91529,15.51325,0.0],[73.91359,15.51028,0.0],[73.91302,15.51179,0.0],[73.9096,15.5145,0.0],[73.91049,15.51927,0.0],[73.90967,15.52276,0.0],[73.90714,15.52549,0.0],[73.90656,15.52744,0.0],[73.90637,15.52981,0.0],[73.90753,15.53014,0.0],[73.90669,15.53196,0.0],[73.90627,15.53803,0.0],[73.916,15.54513,0.0],[73.91845,15.54341,0.0],[73.9212,15.53953,0.0],[73.92431,15.53832,0.0],[73.92338,15.5381,0.0]]]}},{"id":"384","type":"Feature","properties":{"state":"GOA","state_code":"30","district":"NORTH GOA","district_code":585,"sub_district":"TISWADI","sub_district_code":"05611","sub_district_type":"Taluk","village":"Chorao","village_category":"Rural","village_code":"626706"},"geometry":{"type":"Polygon","coordinates":[[[73.89234,15.55011,0.0],[73.89367,15.54851,0.0],[73.90154,15.54393,0.0],[73.89864,15.54106,0.0],[73.89909,15.53642,0.0],[73.89837,15.53391,0.0],[73.89089,15.52754,0.0],[73.88686,15.52,0.0],[73.87244,15.50799,0.0],[73.85644,15.50634,0.0],[73.84461,15.50266,0.0],[73.84643,15.5052,0.0],[73.84498,15.50903,0.0],[73.84531,15.51151,0.0],[73.85109,15.52057,0.0],[73.85454,15.52226,0.0],[73.86268,15.52354,0.0],[73.86795,15.52636,0.0],[73.87268,15.52753,0.0],[73.87564,15.52977,0.0],[73.87623,15.53386,0.0],[73.87024,15.53979,0.0],[73.869,15.5429,0.0],[73.86927,15.5471,0.0],[73.87087,15.55138,0.0],[73.86878,15.55841,0.0],[73.86994,15.56161,0.0],[73.87321,15.56334,0.0],[73.878,15.56415,0.0],[73.8781,15.56197,0.0],[73.87937,15.56116,0.0],[73.87891,15.55999,0.0],[73.87986,15.55988,0.0],[73.87985,15.56126,0.0],[73.88181,15.56165,0.0],[73.88206,15.56283,0.0],[73.87975,15.56511,0.0],[73.88383,15.56623,0.0],[73.88568,15.5682,0.0],[73.88821,15.5636,0.0],[73.89278,15.56209,0.0],[73.89302,15.56075,0.0],[73.8912,15.55814,0.0],[73.89581,15.55532,0.0],[73.89707,15.5557,0.0],[73.89837,15.55903,0.0],[73.89698,15.56252,0.0],[73.89718,15.56398,0.0],[73.89845,15.56514,0.0],[73.9001,15.56496,0.0],[73.90294,15.56151,0.0],[73.90464,15.56241,0.0],[73.90581,15.56192,0.0],[73.90583,15.55913,0.0],[73.90404,15.55729,0.0],[73.90627,15.55592,0.0],[73.90695,15.55264,0.0],[73.9106,15.55005,0.0],[73.91228,15.54719,0.0],[73.90747,15.54498,0.0],[73.90706,15.54492,0.0],[73.90719,15.5458,0.0],[73.90701,15.546,0.0],[73.9062,15.54541,0.0],[73.90257,15.54557,0.0],[73.90022,15.54862,0.0],[73.9006,15.55041,0.0],[73.89869,15.55143,0.0],[73.89653,15.55121,0.0],[73.89445,15.5527,0.0],[73.89234,15.55011,0.0]]]}},{"id":"385","type":"Feature","properties":{"state":"GOA","state_code":"30","district":"NORTH GOA","district_code":585,"sub_district":"BARDEZ","sub_district_code":"05610","sub_district_type":"Taluk","village":"Calvim","village_category":"Rural","village_code":"626685"},"geometry":{"type":"Polygon","coordinates":[[[73.89825,15.56502,0.0],[73.89698,15.56252,0.0],[73.89837,15.55903,0.0],[73.89707,15.5557,0.0],[73.89528,15.55536,0.0],[73.8912,15.55814,0.0],[73.89302,15.56075,0.0],[73.89278,15.56209,0.0],[73.88821,15.5636,0.0],[73.88579,15.56725,0.0],[73.88603,15.57185,0.0],[73.88847,15.57338,0.0],[73.8893,15.57258,0.0],[73.89123,15.5726,0.0],[73.89263,15.57088,0.0],[73.8943,15.57195,0.0],[73.89411,15.56818,0.0],[73.89825,15.56502,0.0]]]}},{"id":"386","type":"Feature","properties":{"state":"GOA","state_code":"30","district":"NORTH GOA","district_code":585,"sub_district":"BARDEZ","sub_district_code":"05610","sub_district_type":"Taluk","village":"Ucassaim","village_category":"Rural","village_code":"626681"},"geometry":{"type":"Polygon","coordinates":[[[73.83513,15.57517,0.0],[73.83659,15.58093,0.0],[73.83405,15.58488,0.0],[73.83545,15.5892,0.0],[73.83359,15.59196,0.0],[73.83524,15.59331,0.0],[73.83843,15.5904,0.0],[73.83872,15.58919,0.0],[73.83667,15.58647,0.0],[73.83918,15.58543,0.0],[73.84055,15.58689,0.0],[73.84283,15.5877,0.0],[73.84516,15.59165,0.0],[73.84956,15.59206,0.0],[73.85095,15.58856,0.0],[73.84761,15.58092,0.0],[73.84694,15.57532,0.0],[73.84213,15.56936,0.0],[73.83629,15.57215,0.0],[73.83513,15.57517,0.0]]]}},{"id":"387","type":"Feature","properties":{"state":"GOA","state_code":"30","district":"NORTH GOA","district_code":585,"sub_district":"BARDEZ","sub_district_code":"05610","sub_district_type":"Taluk","village":"Guirim","village_category":"Rural","village_code":"626693"},"geometry":{"type":"Polygon","coordinates":[[[73.80121,15.57687,0.0],[73.80353,15.58033,0.0],[73.80664,15.58168,0.0],[73.80965,15.5811,0.0],[73.81025,15.57918,0.0],[73.81168,15.5782,0.0],[73.81251,15.57826,0.0],[73.81277,15.5793,0.0],[73.81392,15.57915,0.0],[73.81389,15.57794,0.0],[73.81029,15.57634,0.0],[73.80794,15.57384,0.0],[73.81083,15.57204,0.0],[73.81126,15.57269,0.0],[73.8139,15.57208,0.0],[73.81569,15.57329,0.0],[73.81703,15.57326,0.0],[73.81573,15.57141,0.0],[73.81582,15.57083,0.0],[73.81726,15.57111,0.0],[73.81873,15.56464,0.0],[73.81838,15.56084,0.0],[73.81337,15.55931,0.0],[73.80621,15.56087,0.0],[73.80217,15.55893,0.0],[73.80102,15.55982,0.0],[73.7979,15.55871,0.0],[73.79726,15.56027,0.0],[73.79666,15.5601,0.0],[73.79649,15.56164,0.0],[73.79809,15.57163,0.0],[73.79735,15.57358,0.0],[73.79532,15.57488,0.0],[73.79657,15.57612,0.0],[73.80121,15.57687,0.0]]]}},{"id":"388","type":"Feature","properties":{"state":"GOA","state_code":"30","district":"NORTH GOA","district_code":585,"sub_district":"BARDEZ","sub_district_code":"05610","sub_district_type":"Taluk","village":"Assonora","village_category":"Rural","village_code":"626668"},"geometry":{"type":"Polygon","coordinates":[[[73.90061,15.62845,0.0],[73.90201,15.62693,0.0],[73.90172,15.62532,0.0],[73.90283,15.62364,0.0],[73.90655,15.62417,0.0],[73.90809,15.6232,0.0],[73.90613,15.62217,0.0],[73.90581,15.61899,0.0],[73.9071,15.61743,0.0],[73.90748,15.61453,0.0],[73.90875,15.61351,0.0],[73.90112,15.61315,0.0],[73.89976,15.61222,0.0],[73.89903,15.61021,0.0],[73.89633,15.60877,0.0],[73.89486,15.60999,0.0],[73.8933,15.61008,0.0],[73.89039,15.61285,0.0],[73.88551,15.6137,0.0],[73.89015,15.62626,0.0],[73.89045,15.63028,0.0],[73.89388,15.63077,0.0],[73.89859,15.62936,0.0],[73.90061,15.63051,0.0],[73.90061,15.62845,0.0]]]}},{"id":"389","type":"Feature","properties":{"state":"GOA","state_code":"30","district":"NORTH GOA","district_code":585,"sub_district":"PERNEM","sub_district_code":"05609","sub_district_type":"Taluk","village":"Morgim","village_category":"Rural","village_code":"626661"},"geometry":{"type":"Polygon","coordinates":[[[73.75079,15.64456,0.0],[73.75087,15.63532,0.0],[73.75004,15.63398,0.0],[73.75091,15.63072,0.0],[73.75344,15.63004,0.0],[73.74824,15.62449,0.0],[73.74384,15.62171,0.0],[73.74192,15.61946,0.0],[73.74022,15.61202,0.0],[73.73578,15.61161,0.0],[73.73266,15.61488,0.0],[73.72636,15.62656,0.0],[73.72394,15.6278,0.0],[73.72282,15.62675,0.0],[73.723,15.62764,0.0],[73.72193,15.6287,0.0],[73.72288,15.62935,0.0],[73.72214,15.63224,0.0],[73.72124,15.63399,0.0],[73.71991,15.63418,0.0],[73.72093,15.63455,0.0],[73.71894,15.63866,0.0],[73.7259,15.64499,0.0],[73.7333,15.64811,0.0],[73.73688,15.65094,0.0],[73.73867,15.65083,0.0],[73.74793,15.64607,0.0],[73.75254,15.64679,0.0],[73.75434,15.64523,0.0],[73.75079,15.64456,0.0]]]}},{"id":"390","type":"Feature","properties":{"state":"GOA","state_code":"30","district":"NORTH GOA","district_code":585,"sub_district":"BARDEZ","sub_district_code":"05610","sub_district_type":"Taluk","village":"Colvale","village_category":"Rural","village_code":"626691"},"geometry":{"type":"Polygon","coordinates":[[[73.84467,15.64952,0.0],[73.84423,15.64671,0.0],[73.84542,15.64232,0.0],[73.84704,15.63851,0.0],[73.85041,15.6343,0.0],[73.84459,15.63353,0.0],[73.84361,15.6318,0.0],[73.83481,15.6324,0.0],[73.83292,15.62949,0.0],[73.83219,15.6256,0.0],[73.83006,15.62366,0.0],[73.82781,15.61982,0.0],[73.82614,15.61418,0.0],[73.82411,15.61374,0.0],[73.81807,15.62069,0.0],[73.81401,15.62315,0.0],[73.81522,15.63222,0.0],[73.81309,15.6411,0.0],[73.81662,15.64516,0.0],[73.81339,15.64743,0.0],[73.8165,15.65045,0.0],[73.81723,15.65308,0.0],[73.82006,15.65246,0.0],[73.82402,15.6501,0.0],[73.83323,15.65075,0.0],[73.83898,15.64594,0.0],[73.8416,15.64754,0.0],[73.84171,15.65043,0.0],[73.84467,15.64952,0.0]]]}},{"id":"391","type":"Feature","properties":{"state":"GOA","state_code":"30","district":"SOUTH GOA","district_code":586,"sub_district":"SANGUEM","sub_district_code":"05618","sub_district_type":"Taluk","village":"Santona","village_category":"Rural","village_code":"626987"},"geometry":{"type":"Polygon","coordinates":[[[74.16257,15.30943,0.0],[74.16002,15.30461,0.0],[74.1623,15.3028,0.0],[74.16043,15.29802,0.0],[74.1611,15.29656,0.0],[74.16266,15.2965,0.0],[74.16366,15.29535,0.0],[74.1632,15.29382,0.0],[74.16152,15.29291,0.0],[74.16277,15.29093,0.0],[74.16353,15.28619,0.0],[74.1647,15.28461,0.0],[74.16499,15.27966,0.0],[74.15099,15.27266,0.0],[74.14359,15.27242,0.0],[74.14267,15.27804,0.0],[74.14036,15.2833,0.0],[74.13786,15.28614,0.0],[74.13679,15.29121,0.0],[74.13415,15.29109,0.0],[74.1362,15.29545,0.0],[74.13736,15.29538,0.0],[74.14318,15.29837,0.0],[74.14396,15.30089,0.0],[74.14293,15.30574,0.0],[74.15257,15.30992,0.0],[74.15728,15.31,0.0],[74.16109,15.31103,0.0],[74.16257,15.30943,0.0]]]}},{"id":"392","type":"Feature","properties":{"state":"GOA","state_code":"30","district":"NORTH GOA","district_code":585,"sub_district":"TISWADI","sub_district_code":"05611","sub_district_type":"Taluk","village":"Murda (CT)","village_category":"Rural","village_code":"626731"},"geometry":{"type":"Polygon","coordinates":[[[73.85651,15.47967,0.0],[73.85765,15.47973,0.0],[73.85815,15.47793,0.0],[73.8654,15.47749,0.0],[73.86732,15.47613,0.0],[73.86802,15.47281,0.0],[73.86755,15.47211,0.0],[73.86581,15.4707,0.0],[73.8629,15.47109,0.0],[73.85897,15.47646,0.0],[73.85374,15.47553,0.0],[73.85281,15.47427,0.0],[73.8516,15.47549,0.0],[73.84904,15.47501,0.0],[73.84697,15.48091,0.0],[73.84462,15.48129,0.0],[73.84532,15.48372,0.0],[73.84178,15.48587,0.0],[73.84407,15.48767,0.0],[73.85013,15.48733,0.0],[73.85303,15.48407,0.0],[73.85238,15.48342,0.0],[73.85281,15.48234,0.0],[73.85349,15.48253,0.0],[73.85309,15.48092,0.0],[73.85519,15.48148,0.0],[73.85651,15.47967,0.0]]]}},{"id":"393","type":"Feature","properties":{"state":"GOA","state_code":"30","district":"NORTH GOA","district_code":585,"sub_district":"TISWADI","sub_district_code":"05611","sub_district_type":"Taluk","village":"Morombi-O-Pequeno(Merces)","village_category":"Rural","village_code":"626739"},"geometry":{"type":"Polygon","coordinates":[[[73.84955,15.49874,0.0],[73.85005,15.49733,0.0],[73.84864,15.49647,0.0],[73.84922,15.4947,0.0],[73.84986,15.49471,0.0],[73.849,15.49367,0.0],[73.8496,15.49185,0.0],[73.85273,15.48832,0.0],[73.8543,15.48883,0.0],[73.85579,15.48714,0.0],[73.85643,15.48512,0.0],[73.85554,15.48495,0.0],[73.85601,15.48443,0.0],[73.85489,15.4809,0.0],[73.85309,15.48092,0.0],[73.85349,15.48253,0.0],[73.85281,15.48234,0.0],[73.85238,15.48342,0.0],[73.85303,15.48407,0.0],[73.85017,15.48732,0.0],[73.84407,15.48767,0.0],[73.84178,15.48587,0.0],[73.83998,15.48773,0.0],[73.84025,15.48845,0.0],[73.83721,15.48761,0.0],[73.83623,15.48878,0.0],[73.83688,15.49035,0.0],[73.83611,15.49207,0.0],[73.83984,15.49246,0.0],[73.83966,15.49431,0.0],[73.8406,15.49439,0.0],[73.84106,15.496,0.0],[73.84192,15.49594,0.0],[73.84193,15.49832,0.0],[73.85033,15.49982,0.0],[73.84955,15.49874,0.0]]]}},{"id":"394","type":"Feature","properties":{"state":"GOA","state_code":"30","district":"SOUTH GOA","district_code":586,"sub_district":"PONDA","sub_district_code":"05614","sub_district_type":"Taluk","village":"Gangem","village_category":"Rural","village_code":"626852"},"geometry":{"type":"Polygon","coordinates":[[[74.10038,15.45895,0.0],[74.10166,15.44954,0.0],[74.10555,15.43818,0.0],[74.10249,15.43515,0.0],[74.10078,15.43478,0.0],[74.09922,15.43675,0.0],[74.09769,15.43764,0.0],[74.0968,15.43724,0.0],[74.09436,15.43969,0.0],[74.09477,15.44061,0.0],[74.09135,15.44667,0.0],[74.08913,15.44788,0.0],[74.08805,15.44757,0.0],[74.08619,15.45011,0.0],[74.0785,15.45515,0.0],[74.07687,15.45849,0.0],[74.0769,15.4614,0.0],[74.07829,15.46047,0.0],[74.08242,15.46489,0.0],[74.09388,15.46764,0.0],[74.10038,15.45895,0.0]]]}},{"id":"395","type":"Feature","properties":{"state":"GOA","state_code":"30","district":"NORTH GOA","district_code":585,"sub_district":"SATARI","sub_district_code":"05614","sub_district_type":"Taluk","village":"Conquirem","village_category":"Rural","village_code":"626841"},"geometry":{"type":"Polygon","coordinates":[[[74.10376,15.47339,0.0],[74.10665,15.4739,0.0],[74.10766,15.47261,0.0],[74.10735,15.47018,0.0],[74.11051,15.4696,0.0],[74.11128,15.46625,0.0],[74.11317,15.46688,0.0],[74.11292,15.46945,0.0],[74.11505,15.47031,0.0],[74.11578,15.46854,0.0],[74.12078,15.4653,0.0],[74.12113,15.46383,0.0],[74.12055,15.46343,0.0],[74.11552,15.46321,0.0],[74.11709,15.45851,0.0],[74.11967,15.45689,0.0],[74.12033,15.45336,0.0],[74.1238,15.44935,0.0],[74.12312,15.44281,0.0],[74.12227,15.44155,0.0],[74.12436,15.43773,0.0],[74.11959,15.43358,0.0],[74.10413,15.44189,0.0],[74.10166,15.44954,0.0],[74.10038,15.45895,0.0],[74.09388,15.46764,0.0],[74.09852,15.46894,0.0],[74.10376,15.47339,0.0]]]}},{"id":"396","type":"Feature","properties":{"state":"GOA","state_code":"30","district":"NORTH GOA","district_code":585,"sub_district":"TISWADI","sub_district_code":"05611","sub_district_type":"Taluk","village":"Ambarim","village_category":"Rural","village_code":"626705"},"geometry":{"type":"Polygon","coordinates":[[[73.87975,15.56511,0.0],[73.88206,15.56283,0.0],[73.88181,15.56165,0.0],[73.87985,15.56126,0.0],[73.87991,15.55992,0.0],[73.87922,15.55962,0.0],[73.87937,15.56116,0.0],[73.8781,15.56197,0.0],[73.878,15.56415,0.0],[73.87975,15.56511,0.0]]]}},{"id":"397","type":"Feature","properties":{"state":"GOA","state_code":"30","district":"NORTH GOA","district_code":585,"sub_district":"TISWADI","sub_district_code":"05611","sub_district_type":"Taluk","village":"Caraim","village_category":"Rural","village_code":"626707"},"geometry":{"type":"Polygon","coordinates":[[[73.90154,15.54393,0.0],[73.89494,15.54762,0.0],[73.89233,15.55019,0.0],[73.89445,15.5527,0.0],[73.89653,15.55121,0.0],[73.89812,15.55165,0.0],[73.9006,15.55041,0.0],[73.90022,15.54862,0.0],[73.90257,15.54557,0.0],[73.9062,15.54541,0.0],[73.90701,15.546,0.0],[73.90706,15.54492,0.0],[73.90154,15.54393,0.0]]]}},{"id":"398","type":"Feature","properties":{"state":"GOA","state_code":"30","district":"SOUTH GOA","district_code":586,"sub_district":"SALCETE","sub_district_code":"05616","sub_district_type":"Taluk","village":"Ambelim","village_category":"Rural","village_code":"626922"},"geometry":{"type":"Polygon","coordinates":[[[73.97581,15.16995,0.0],[73.97697,15.16965,0.0],[73.97839,15.17037,0.0],[73.97837,15.17161,0.0],[73.98054,15.17179,0.0],[73.9812,15.17165,0.0],[73.98133,15.16961,0.0],[73.98227,15.16926,0.0],[73.98727,15.16965,0.0],[73.98839,15.16828,0.0],[73.99135,15.16813,0.0],[73.99223,15.16199,0.0],[73.99341,15.16036,0.0],[73.99298,15.15904,0.0],[73.99445,15.1584,0.0],[73.99543,15.15433,0.0],[73.99084,15.1536,0.0],[73.98669,15.15128,0.0],[73.98488,15.15178,0.0],[73.98474,15.15592,0.0],[73.98141,15.16072,0.0],[73.97755,15.16153,0.0],[73.97666,15.16659,0.0],[73.96927,15.16613,0.0],[73.96594,15.16712,0.0],[73.95271,15.16521,0.0],[73.95047,15.1696,0.0],[73.95309,15.17096,0.0],[73.95827,15.16885,0.0],[73.96472,15.17112,0.0],[73.96964,15.17071,0.0],[73.97507,15.17248,0.0],[73.9761,15.17202,0.0],[73.97581,15.16995,0.0]]]}},{"id":"399","type":"Feature","properties":{"state":"GOA","state_code":"30","district":"NORTH GOA","district_code":585,"sub_district":"BARDEZ","sub_district_code":"05610","sub_district_type":"Taluk","village":"Canca","village_category":"Rural","village_code":"626677"},"geometry":{"type":"Polygon","coordinates":[[[73.80354,15.58976,0.0],[73.80422,15.58346,0.0],[73.80333,15.57968,0.0],[73.80121,15.57687,0.0],[73.79657,15.57612,0.0],[73.79632,15.57947,0.0],[73.79761,15.58301,0.0],[73.79924,15.58481,0.0],[73.79899,15.59072,0.0],[73.80354,15.58976,0.0]]]}},{"id":"400","type":"Feature","properties":{"state":"GOA","state_code":"30","district":"NORTH GOA","district_code":585,"sub_district":"PERNEM","sub_district_code":"05609","sub_district_type":"Taluk","village":"Casnem","village_category":"Rural","village_code":"626641"},"geometry":{"type":"Polygon","coordinates":[[[73.82843,15.72435,0.0],[73.82519,15.71971,0.0],[73.81605,15.72236,0.0],[73.81646,15.72505,0.0],[73.81578,15.72541,0.0],[73.81515,15.72843,0.0],[73.81747,15.7295,0.0],[73.81996,15.7288,0.0],[73.82267,15.7314,0.0],[73.82382,15.73054,0.0],[73.82738,15.73013,0.0],[73.82843,15.72435,0.0]]]}},{"id":"401","type":"Feature","properties":{"state":"GOA","state_code":"30","district":"NORTH GOA","district_code":585,"sub_district":"PERNEM","sub_district_code":"05609","sub_district_type":"Taluk","village":"Amberem","village_category":"Rural","village_code":"626643"},"geometry":{"type":"Polygon","coordinates":[[[73.84281,15.73877,0.0],[73.83566,15.73266,0.0],[73.82886,15.73164,0.0],[73.82677,15.73009,0.0],[73.823,15.73084,0.0],[73.82132,15.73281,0.0],[73.82283,15.73774,0.0],[73.82242,15.74054,0.0],[73.82605,15.74299,0.0],[73.82646,15.74213,0.0],[73.82862,15.74178,0.0],[73.82942,15.74088,0.0],[73.83487,15.73968,0.0],[73.83807,15.74241,0.0],[73.84241,15.74266,0.0],[73.84437,15.74371,0.0],[73.84591,15.74319,0.0],[73.84281,15.73877,0.0]]]}},{"id":"402","type":"Feature","properties":{"state":"GOA","state_code":"30","district":"NORTH GOA","district_code":585,"sub_district":"PERNEM","sub_district_code":"05609","sub_district_type":"Taluk","village":"Chopdem","village_category":"Rural","village_code":"626656"},"geometry":{"type":"Polygon","coordinates":[[[73.75434,15.64523,0.0],[73.76486,15.63504,0.0],[73.76207,15.63249,0.0],[73.75691,15.63262,0.0],[73.75344,15.63004,0.0],[73.75091,15.63072,0.0],[73.75004,15.63398,0.0],[73.75087,15.63532,0.0],[73.75079,15.64436,0.0],[73.75434,15.64523,0.0]]]}},{"id":"403","type":"Feature","properties":{"state":"GOA","state_code":"30","district":"SOUTH GOA","district_code":586,"sub_district":"DHARBANDORA","sub_district_code":"05618","sub_district_type":"Taluk","village":"Cormonem","village_category":"Rural","village_code":"626980"},"geometry":{"type":"Polygon","coordinates":[[[74.16719,15.32314,0.0],[74.16803,15.32185,0.0],[74.17022,15.32174,0.0],[74.16901,15.31691,0.0],[74.16984,15.3129,0.0],[74.16518,15.31037,0.0],[74.16399,15.31246,0.0],[74.16263,15.31243,0.0],[74.16269,15.3115,0.0],[74.16152,15.31096,0.0],[74.15257,15.30992,0.0],[74.146,15.30703,0.0],[74.14602,15.31035,0.0],[74.14298,15.31805,0.0],[74.14464,15.31921,0.0],[74.14811,15.32472,0.0],[74.1523,15.32624,0.0],[74.15222,15.32755,0.0],[74.15357,15.32801,0.0],[74.15665,15.33255,0.0],[74.1563,15.33379,0.0],[74.15323,15.33496,0.0],[74.15168,15.33685,0.0],[74.15183,15.33975,0.0],[74.15448,15.33903,0.0],[74.15828,15.34203,0.0],[74.15917,15.34092,0.0],[74.15732,15.33976,0.0],[74.15702,15.33639,0.0],[74.15809,15.33634,0.0],[74.1595,15.33764,0.0],[74.16435,15.33553,0.0],[74.16528,15.33835,0.0],[74.16805,15.33896,0.0],[74.16719,15.32314,0.0]]]}},{"id":"404","type":"Feature","properties":{"state":"GOA","state_code":"30","district":"NORTH GOA","district_code":585,"sub_district":"TISWADI","sub_district_code":"05611","sub_district_type":"Taluk","village":"Gandaulim","village_category":"Rural","village_code":"626713"},"geometry":{"type":"Polygon","coordinates":[[[73.94492,15.51277,0.0],[73.94363,15.50727,0.0],[73.94688,15.50231,0.0],[73.94585,15.50089,0.0],[73.945,15.50112,0.0],[73.94211,15.49931,0.0],[73.94058,15.50124,0.0],[73.94202,15.50294,0.0],[73.94189,15.50529,0.0],[73.93774,15.50722,0.0],[73.93667,15.50588,0.0],[73.93489,15.50635,0.0],[73.9368,15.51163,0.0],[73.93446,15.51368,0.0],[73.93327,15.51988,0.0],[73.93732,15.5164,0.0],[73.94492,15.51277,0.0]]]}},{"id":"405","type":"Feature","properties":{"state":"GOA","state_code":"30","district":"NORTH GOA","district_code":585,"sub_district":"BARDEZ","sub_district_code":"05610","sub_district_type":"Taluk","village":"Moitem","village_category":"Rural","village_code":"626667"},"geometry":{"type":"Polygon","coordinates":[[[73.90448,15.6324,0.0],[73.90556,15.63408,0.0],[73.90767,15.63384,0.0],[73.91028,15.63663,0.0],[73.91071,15.63624,0.0],[73.9111,15.63433,0.0],[73.90788,15.63204,0.0],[73.90912,15.62909,0.0],[73.90758,15.62621,0.0],[73.90945,15.6241,0.0],[73.90898,15.62323,0.0],[73.90655,15.62417,0.0],[73.90283,15.62364,0.0],[73.90172,15.62532,0.0],[73.90201,15.62693,0.0],[73.90061,15.62845,0.0],[73.90061,15.63051,0.0],[73.90448,15.6324,0.0]]]}},{"id":"406","type":"Feature","properties":{"state":"GOA","state_code":"30","district":"NORTH GOA","district_code":585,"sub_district":"TISWADI","sub_district_code":"05611","sub_district_type":"Taluk","village":"Morombi-O-Grande(Merces)","village_category":"Rural","village_code":"626737"},"geometry":{"type":"Polygon","coordinates":[[[73.86014,15.49802,0.0],[73.86165,15.49631,0.0],[73.86649,15.49466,0.0],[73.86956,15.49221,0.0],[73.8727,15.49188,0.0],[73.87338,15.48961,0.0],[73.87232,15.48614,0.0],[73.87702,15.48411,0.0],[73.87726,15.48255,0.0],[73.88075,15.48121,0.0],[73.87983,15.47795,0.0],[73.87724,15.47367,0.0],[73.87695,15.47046,0.0],[73.8776,15.46874,0.0],[73.87455,15.46997,0.0],[73.87114,15.46665,0.0],[73.86517,15.4706,0.0],[73.86802,15.47281,0.0],[73.86732,15.47613,0.0],[73.8654,15.47749,0.0],[73.85815,15.47793,0.0],[73.85765,15.47973,0.0],[73.85651,15.47967,0.0],[73.85541,15.48081,0.0],[73.85554,15.48495,0.0],[73.85643,15.48512,0.0],[73.8543,15.48883,0.0],[73.8551,15.48953,0.0],[73.85383,15.49084,0.0],[73.85494,15.49147,0.0],[73.85486,15.49243,0.0],[73.85265,15.49426,0.0],[73.84922,15.49315,0.0],[73.84907,15.49438,0.0],[73.84986,15.49471,0.0],[73.84922,15.4947,0.0],[73.84864,15.49647,0.0],[73.84975,15.49687,0.0],[73.84955,15.49874,0.0],[73.8515,15.50075,0.0],[73.85443,15.50061,0.0],[73.8549,15.50126,0.0],[73.85972,15.50189,0.0],[73.85957,15.49923,0.0],[73.86033,15.49916,0.0],[73.86014,15.49802,0.0]]]}},{"id":"407","type":"Feature","properties":{"state":"GOA","state_code":"30","district":"NORTH GOA","district_code":585,"sub_district":"TISWADI","sub_district_code":"05611","sub_district_type":"Taluk","village":"Narao","village_category":"Rural","village_code":"626712"},"geometry":{"type":"Polygon","coordinates":[[[73.92896,15.53497,0.0],[73.92881,15.53299,0.0],[73.93221,15.52989,0.0],[73.93324,15.52769,0.0],[73.93221,15.52576,0.0],[73.92926,15.52461,0.0],[73.92551,15.52072,0.0],[73.92381,15.52359,0.0],[73.92447,15.52364,0.0],[73.92451,15.52931,0.0],[73.92273,15.52968,0.0],[73.92205,15.5323,0.0],[73.92341,15.53815,0.0],[73.92444,15.53826,0.0],[73.92896,15.53497,0.0]]]}},{"id":"408","type":"Feature","properties":{"state":"GOA","state_code":"30","district":"NORTH GOA","district_code":585,"sub_district":"BARDEZ","sub_district_code":"05610","sub_district_type":"Taluk","village":"Ponolem","village_category":"Rural","village_code":"626684"},"geometry":{"type":"Polygon","coordinates":[[[73.89411,15.56818,0.0],[73.89463,15.57173,0.0],[73.89595,15.57221,0.0],[73.89691,15.57493,0.0],[73.90111,15.57448,0.0],[73.90234,15.56713,0.0],[73.90499,15.56537,0.0],[73.90547,15.56403,0.0],[73.90425,15.56185,0.0],[73.90294,15.56151,0.0],[73.9001,15.56496,0.0],[73.89696,15.56554,0.0],[73.89411,15.56818,0.0]]]}},{"id":"409","type":"Feature","properties":{"state":"GOA","state_code":"30","district":"NORTH GOA","district_code":585,"sub_district":"BARDEZ","sub_district_code":"05610","sub_district_type":"Taluk","village":"Punola","village_category":"Rural","village_code":"626680"},"geometry":{"type":"Polygon","coordinates":[[[73.83093,15.58515,0.0],[73.83284,15.58751,0.0],[73.83407,15.58642,0.0],[73.83429,15.584,0.0],[73.83656,15.58108,0.0],[73.83513,15.57517,0.0],[73.83629,15.57215,0.0],[73.82863,15.57855,0.0],[73.83134,15.58228,0.0],[73.83093,15.58515,0.0]]]}},{"id":"410","type":"Feature","properties":{"state":"GOA","state_code":"30","district":"NORTH GOA","district_code":585,"sub_district":"BARDEZ","sub_district_code":"05610","sub_district_type":"Taluk","village":"Revora","village_category":"Rural","village_code":"626664"},"geometry":{"type":"Polygon","coordinates":[[[73.85112,15.66868,0.0],[73.85365,15.66793,0.0],[73.85663,15.66604,0.0],[73.86248,15.66013,0.0],[73.86955,15.65515,0.0],[73.87188,15.65461,0.0],[73.87347,15.65521,0.0],[73.87363,15.64907,0.0],[73.86809,15.64582,0.0],[73.86021,15.6433,0.0],[73.85516,15.63754,0.0],[73.85041,15.6343,0.0],[73.84704,15.63851,0.0],[73.84542,15.64232,0.0],[73.84423,15.64671,0.0],[73.84467,15.64952,0.0],[73.84171,15.65043,0.0],[73.84059,15.66234,0.0],[73.84221,15.66465,0.0],[73.85112,15.66868,0.0]]]}},{"id":"411","type":"Feature","properties":{"state":"GOA","state_code":"30","district":"NORTH GOA","district_code":585,"sub_district":"PERNEM","sub_district_code":"05609","sub_district_type":"Taluk","village":"Pernem (M Cl)","village_category":"Partly_Urban","village_code":"252057"},"geometry":{"type":"Polygon","coordinates":[[[73.78831,15.72277,0.0],[73.7918,15.72392,0.0],[73.79341,15.72316,0.0],[73.79239,15.72643,0.0],[73.79537,15.72582,0.0],[73.79682,15.7293,0.0],[73.80124,15.72765,0.0],[73.80157,15.72632,0.0],[73.80474,15.7247,0.0],[73.80793,15.72434,0.0],[73.8118,15.72269,0.0],[73.81221,15.72035,0.0],[73.80923,15.71989,0.0],[73.81016,15.7171,0.0],[73.8096,15.71487,0.0],[73.80735,15.71149,0.0],[73.8057,15.71041,0.0],[73.80219,15.7042,0.0],[73.80221,15.70245,0.0],[73.79916,15.70389,0.0],[73.79579,15.70382,0.0],[73.79533,15.70309,0.0],[73.79403,15.70363,0.0],[73.79415,15.69475,0.0],[73.79216,15.69591,0.0],[73.78819,15.69561,0.0],[73.78884,15.70294,0.0],[73.78747,15.70084,0.0],[73.78481,15.6999,0.0],[73.78427,15.70205,0.0],[73.77722,15.70717,0.0],[73.76913,15.71158,0.0],[73.76368,15.71972,0.0],[73.76132,15.72628,0.0],[73.76075,15.73266,0.0],[73.76119,15.73398,0.0],[73.76444,15.73329,0.0],[73.76517,15.73387,0.0],[73.77035,15.73031,0.0],[73.77691,15.72844,0.0],[73.7786,15.72877,0.0],[73.78401,15.72608,0.0],[73.78831,15.72277,0.0]]]}},{"id":"412","type":"Feature","properties":{"state":"GOA","state_code":"30","district":"SOUTH GOA","district_code":586,"sub_district":"SALCETE","sub_district_code":"05616","sub_district_type":"Taluk","village":"Cuncolim (M Cl)","village_category":"Partly_Urban","village_code":"252095"},"geometry":{"type":"Polygon","coordinates":[[[74.00717,15.20105,0.0],[74.00699,15.2,0.0],[74.00982,15.19939,0.0],[74.0102,15.20035,0.0],[74.01327,15.19742,0.0],[74.01575,15.19682,0.0],[74.01635,15.19544,0.0],[74.01739,15.19514,0.0],[74.01729,15.19306,0.0],[74.02096,15.19236,0.0],[74.02153,15.19133,0.0],[74.02441,15.19221,0.0],[74.02477,15.19085,0.0],[74.0257,15.1907,0.0],[74.02806,15.19189,0.0],[74.03505,15.19274,0.0],[74.0352,15.18461,0.0],[74.04108,15.17672,0.0],[74.03918,15.17476,0.0],[74.03177,15.17395,0.0],[74.02333,15.17127,0.0],[74.02435,15.16498,0.0],[74.01764,15.16359,0.0],[74.01871,15.16167,0.0],[74.01607,15.15878,0.0],[74.01344,15.15835,0.0],[74.0134,15.15612,0.0],[74.00913,15.15126,0.0],[74.00575,15.15189,0.0],[74.00587,15.15285,0.0],[74.0013,15.15513,0.0],[74.00123,15.15655,0.0],[74.00062,15.15525,0.0],[73.99543,15.15433,0.0],[73.99445,15.1584,0.0],[73.99298,15.15904,0.0],[73.99341,15.16036,0.0],[73.99223,15.16199,0.0],[73.99135,15.16813,0.0],[73.98839,15.16828,0.0],[73.98727,15.16965,0.0],[73.98227,15.16926,0.0],[73.98133,15.16961,0.0],[73.98086,15.17175,0.0],[73.97837,15.17161,0.0],[73.97839,15.17037,0.0],[73.97735,15.16963,0.0],[73.97573,15.17019,0.0],[73.9765,15.17267,0.0],[73.97832,15.17251,0.0],[73.97852,15.17462,0.0],[73.97945,15.17562,0.0],[73.98021,15.17406,0.0],[73.98239,15.17365,0.0],[73.98328,15.17525,0.0],[73.98491,15.17561,0.0],[73.98507,15.17673,0.0],[73.98539,15.17596,0.0],[73.98677,15.1758,0.0],[73.98743,15.17676,0.0],[73.98666,15.17715,0.0],[73.98689,15.17823,0.0],[73.98856,15.17824,0.0],[73.98774,15.17929,0.0],[73.98781,15.18129,0.0],[73.98656,15.18135,0.0],[73.98653,15.18242,0.0],[73.98583,15.18252,0.0],[73.98724,15.18476,0.0],[73.98633,15.1849,0.0],[73.98819,15.1862,0.0],[73.99013,15.18551,0.0],[73.9923,15.18697,0.0],[73.99251,15.1906,0.0],[73.99406,15.19244,0.0],[73.99049,15.19791,0.0],[73.99184,15.20384,0.0],[73.99123,15.20771,0.0],[73.99204,15.20893,0.0],[73.99306,15.20884,0.0],[73.99341,15.20714,0.0],[73.99519,15.2073,0.0],[73.99586,15.20877,0.0],[73.997,15.20847,0.0],[73.99705,15.20738,0.0],[73.99837,15.20657,0.0],[73.99958,15.20663,0.0],[73.99913,15.20796,0.0],[73.99977,15.20783,0.0],[74.0002,15.20514,0.0],[74.00088,15.20781,0.0],[74.00246,15.20775,0.0],[74.00219,15.20679,0.0],[74.00379,15.20634,0.0],[74.00372,15.20514,0.0],[74.00294,15.20508,0.0],[74.00335,15.20344,0.0],[74.00344,15.20331,0.0],[74.00446,15.20355,0.0],[74.00478,15.20348,0.0],[74.00331,15.20316,0.0],[74.00192,15.20317,0.0],[74.00142,15.20165,0.0],[74.00302,15.2018,0.0],[74.00352,15.20115,0.0],[74.00717,15.20105,0.0]]]}},{"id":"413","type":"Feature","properties":{"state":"GOA","state_code":"30","district":"SOUTH GOA","district_code":586,"sub_district":"SALCETE","sub_district_code":"05616","sub_district_type":"Taluk","village":"Assolna","village_category":"Rural","village_code":"626919"},"geometry":{"type":"Polygon","coordinates":[[[73.98724,15.18476,0.0],[73.98583,15.18252,0.0],[73.98653,15.18242,0.0],[73.98656,15.18135,0.0],[73.98781,15.18129,0.0],[73.98774,15.17929,0.0],[73.98856,15.17824,0.0],[73.98689,15.17823,0.0],[73.98666,15.17715,0.0],[73.98743,15.17676,0.0],[73.98677,15.1758,0.0],[73.98539,15.17596,0.0],[73.98507,15.17673,0.0],[73.98491,15.17561,0.0],[73.98328,15.17525,0.0],[73.98239,15.17365,0.0],[73.98021,15.17406,0.0],[73.97945,15.17562,0.0],[73.97796,15.17209,0.0],[73.97507,15.17248,0.0],[73.97305,15.17199,0.0],[73.97261,15.17118,0.0],[73.96206,15.17049,0.0],[73.95896,15.17124,0.0],[73.96379,15.1804,0.0],[73.97026,15.18238,0.0],[73.97492,15.18692,0.0],[73.97707,15.19119,0.0],[73.97837,15.19135,0.0],[73.97975,15.19032,0.0],[73.97837,15.18797,0.0],[73.97891,15.18673,0.0],[73.98189,15.18613,0.0],[73.98276,15.18639,0.0],[73.9836,15.18842,0.0],[73.98525,15.18855,0.0],[73.98634,15.18736,0.0],[73.9855,15.18529,0.0],[73.98724,15.18476,0.0]]]}},{"id":"414","type":"Feature","properties":{"state":"GOA","state_code":"30","district":"NORTH GOA","district_code":585,"sub_district":"BICHOLIM","sub_district_code":"05612","sub_district_type":"Taluk","village":"Virdi","village_category":"Rural","village_code":"924826"},"geometry":{"type":"Polygon","coordinates":[[[74.00172,15.55204,0.0],[74.00015,15.55119,0.0],[73.99973,15.54934,0.0],[73.99507,15.54744,0.0],[73.99712,15.5445,0.0],[73.99723,15.54266,0.0],[73.99662,15.54129,0.0],[73.99411,15.54043,0.0],[73.99244,15.53864,0.0],[73.99063,15.53847,0.0],[73.98786,15.53971,0.0],[73.98504,15.54366,0.0],[73.98239,15.54543,0.0],[73.98032,15.54569,0.0],[73.97633,15.54157,0.0],[73.97437,15.54278,0.0],[73.97333,15.5452,0.0],[73.97362,15.55063,0.0],[73.97516,15.55198,0.0],[73.97848,15.55143,0.0],[73.98133,15.55212,0.0],[73.98296,15.55023,0.0],[73.98511,15.54948,0.0],[73.99134,15.55063,0.0],[73.99191,15.55133,0.0],[73.99186,15.5586,0.0],[73.99253,15.55883,0.0],[73.99385,15.55871,0.0],[74.00172,15.55204,0.0]]]}},{"id":"415","type":"Feature","properties":{"state":"GOA","state_code":"30","district":"SOUTH GOA","district_code":586,"sub_district":"MORMUGAO","sub_district_code":null,"sub_district_type":"Taluk","village":null,"village_category":"ISLAND","village_code":"INGA025"},"geometry":{"type":"Polygon","coordinates":[[[73.76032,15.34406,0.0],[73.76008,15.34407,0.0],[73.7601,15.34423,0.0],[73.76032,15.34406,0.0]]]}},{"id":"416","type":"Feature","properties":{"state":"GOA","state_code":"30","district":"SOUTH GOA","district_code":586,"sub_district":"MORMUGAO","sub_district_code":null,"sub_district_type":"Taluk","village":null,"village_category":"ISLAND","village_code":"INGA024"},"geometry":{"type":"Polygon","coordinates":[[[73.76641,15.34861,0.0],[73.76623,15.34859,0.0],[73.76628,15.34885,0.0],[73.76641,15.34861,0.0]]]}},{"id":"417","type":"Feature","properties":{"state":"GOA","state_code":"30","district":"SOUTH GOA","district_code":586,"sub_district":"MORMUGAO","sub_district_code":null,"sub_district_type":"Taluk","village":null,"village_category":"ISLAND","village_code":"INGA023"},"geometry":{"type":"Polygon","coordinates":[[[73.77362,15.34912,0.0],[73.77333,15.34919,0.0],[73.77337,15.34923,0.0],[73.77362,15.34912,0.0]]]}},{"id":"418","type":"Feature","properties":{"state":"GOA","state_code":"30","district":"SOUTH GOA","district_code":586,"sub_district":"MORMUGAO","sub_district_code":null,"sub_district_type":"Taluk","village":null,"village_category":"ISLAND","village_code":"INGA019"},"geometry":{"type":"Polygon","coordinates":[[[73.76435,15.34882,0.0],[73.76373,15.34907,0.0],[73.7638,15.34926,0.0],[73.76435,15.34882,0.0]]]}},{"id":"419","type":"Feature","properties":{"state":"GOA","state_code":"30","district":"SOUTH GOA","district_code":586,"sub_district":"MORMUGAO","sub_district_code":null,"sub_district_type":"Taluk","village":null,"village_category":"ISLAND","village_code":"INGA017"},"geometry":{"type":"Polygon","coordinates":[[[73.7756,15.34946,0.0],[73.77541,15.3495,0.0],[73.77575,15.34965,0.0],[73.7756,15.34946,0.0]]]}},{"id":"420","type":"Feature","properties":{"state":"GOA","state_code":"30","district":"SOUTH GOA","district_code":586,"sub_district":"MORMUGAO","sub_district_code":null,"sub_district_type":"Taluk","village":null,"village_category":"ISLAND","village_code":"INGA021"},"geometry":{"type":"Polygon","coordinates":[[[73.77339,15.34975,0.0],[73.77342,15.34968,0.0],[73.77315,15.34962,0.0],[73.77339,15.34975,0.0]]]}},{"id":"421","type":"Feature","properties":{"state":"GOA","state_code":"30","district":"SOUTH GOA","district_code":586,"sub_district":"MORMUGAO","sub_district_code":null,"sub_district_type":"Taluk","village":null,"village_category":"ISLAND","village_code":"INGA022"},"geometry":{"type":"Polygon","coordinates":[[[73.77108,15.3496,0.0],[73.77064,15.34964,0.0],[73.77072,15.34979,0.0],[73.77108,15.3496,0.0]]]}},{"id":"422","type":"Feature","properties":{"state":"GOA","state_code":"30","district":"SOUTH GOA","district_code":586,"sub_district":"MORMUGAO","sub_district_code":null,"sub_district_type":"Taluk","village":null,"village_category":"ISLAND","village_code":"INGA020"},"geometry":{"type":"Polygon","coordinates":[[[73.77163,15.34955,0.0],[73.77216,15.34952,0.0],[73.77125,15.34946,0.0],[73.77163,15.34955,0.0]]]}},{"id":"423","type":"Feature","properties":{"state":"GOA","state_code":"30","district":"SOUTH GOA","district_code":586,"sub_district":"MORMUGAO","sub_district_code":null,"sub_district_type":"Taluk","village":null,"village_category":"ISLAND","village_code":"INGA016"},"geometry":{"type":"Polygon","coordinates":[[[73.77658,15.34971,0.0],[73.7764,15.34967,0.0],[73.77643,15.34981,0.0],[73.77658,15.34971,0.0]]]}},{"id":"424","type":"Feature","properties":{"state":"GOA","state_code":"30","district":"SOUTH GOA","district_code":586,"sub_district":"MORMUGAO","sub_district_code":null,"sub_district_type":"Taluk","village":null,"village_category":"ISLAND","village_code":"INGA018"},"geometry":{"type":"Polygon","coordinates":[[[73.77465,15.34967,0.0],[73.77411,15.34969,0.0],[73.7742,15.34984,0.0],[73.77465,15.34967,0.0]]]}},{"id":"425","type":"Feature","properties":{"state":"GOA","state_code":"30","district":"SOUTH GOA","district_code":586,"sub_district":"MORMUGAO","sub_district_code":null,"sub_district_type":"Taluk","village":null,"village_category":"ISLAND","village_code":"INGA015"},"geometry":{"type":"Polygon","coordinates":[[[73.78316,15.35003,0.0],[73.78306,15.34989,0.0],[73.78299,15.34995,0.0],[73.78316,15.35003,0.0]]]}},{"id":"426","type":"Feature","properties":{"state":"GOA","state_code":"30","district":"SOUTH GOA","district_code":586,"sub_district":"MORMUGAO","sub_district_code":null,"sub_district_type":"Taluk","village":null,"village_category":"ISLAND","village_code":"INGA014"},"geometry":{"type":"Polygon","coordinates":[[[73.7851,15.35161,0.0],[73.7848,15.35161,0.0],[73.78484,15.35172,0.0],[73.7851,15.35161,0.0]]]}},{"id":"427","type":"Feature","properties":{"state":"GOA","state_code":"30","district":"SOUTH GOA","district_code":586,"sub_district":"MORMUGAO","sub_district_code":null,"sub_district_type":"Taluk","village":null,"village_category":"ISLAND","village_code":"INGA013"},"geometry":{"type":"Polygon","coordinates":[[[73.76837,15.35189,0.0],[73.76814,15.35177,0.0],[73.76821,15.35197,0.0],[73.76837,15.35189,0.0]]]}},{"id":"428","type":"Feature","properties":{"state":"GOA","state_code":"30","district":"SOUTH GOA","district_code":586,"sub_district":"MORMUGAO","sub_district_code":null,"sub_district_type":"Taluk","village":null,"village_category":"ISLAND","village_code":"INGA008"},"geometry":{"type":"Polygon","coordinates":[[[73.76909,15.35346,0.0],[73.7689,15.35337,0.0],[73.76891,15.35349,0.0],[73.76909,15.35346,0.0]]]}},{"id":"429","type":"Feature","properties":{"state":"GOA","state_code":"30","district":"SOUTH GOA","district_code":586,"sub_district":"MORMUGAO","sub_district_code":null,"sub_district_type":"Taluk","village":null,"village_category":"ISLAND","village_code":"INGA007"},"geometry":{"type":"Polygon","coordinates":[[[73.77637,15.35466,0.0],[73.77629,15.35459,0.0],[73.7762,15.35472,0.0],[73.77637,15.35466,0.0]]]}},{"id":"430","type":"Feature","properties":{"state":"GOA","state_code":"30","district":"SOUTH GOA","district_code":586,"sub_district":"MORMUGAO","sub_district_code":null,"sub_district_type":"Taluk","village":null,"village_category":"ISLAND","village_code":"INGA006"},"geometry":{"type":"Polygon","coordinates":[[[73.77467,15.35491,0.0],[73.77446,15.35487,0.0],[73.77447,15.35494,0.0],[73.77467,15.35491,0.0]]]}},{"id":"431","type":"Feature","properties":{"state":"GOA","state_code":"30","district":"SOUTH GOA","district_code":586,"sub_district":"MORMUGAO","sub_district_code":null,"sub_district_type":"Taluk","village":null,"village_category":"ISLAND","village_code":"INGA012"},"geometry":{"type":"MultiPolygon","coordinates":[[[[73.76466,15.35278,0.0],[73.76502,15.35318,0.0],[73.76502,15.35206,0.0],[73.7673,15.35147,0.0],[73.76532,15.35034,0.0],[73.76506,15.35122,0.0],[73.76351,15.35093,0.0],[73.76159,15.35175,0.0],[73.76143,15.35335,0.0],[73.76316,15.35388,0.0],[73.76466,15.35278,0.0]]],[[[73.78259,15.35475,0.0],[73.78422,15.35226,0.0],[73.78405,15.35127,0.0],[73.78249,15.3506,0.0],[73.78234,15.34912,0.0],[73.78071,15.3493,0.0],[73.78136,15.35025,0.0],[73.7797,15.35134,0.0],[73.77223,15.35056,0.0],[73.76881,15.35199,0.0],[73.77262,15.35223,0.0],[73.77397,15.35322,0.0],[73.78259,15.35475,0.0]]],[[[73.79861,15.37803,0.0],[73.79893,15.37679,0.0],[73.79662,15.37312,0.0],[73.79401,15.37444,0.0],[73.79336,15.37607,0.0],[73.79444,15.37817,0.0],[73.79861,15.37803,0.0]]]]}},{"id":"432","type":"Feature","properties":{"state":"GOA","state_code":"30","district":"SOUTH GOA","district_code":586,"sub_district":"MORMUGAO","sub_district_code":null,"sub_district_type":null,"village":null,"village_category":"ISLAND","village_code":"INGA002"},"geometry":{"type":"Polygon","coordinates":[[[73.8655,15.40721,0.0],[73.86462,15.4033,0.0],[73.86257,15.40399,0.0],[73.86153,15.40561,0.0],[73.86202,15.40775,0.0],[73.86358,15.40822,0.0],[73.8655,15.40721,0.0]]]}}],"name":"goa_soi_villages","attribution":"Village boundaries: Survey of India, Government of India"}