{
"type": "FeatureCollection",
"name": "ladakh_habitations",
"crs": { "type": "name", "properties": { "name": "urn:ogc:def:crs:OGC:1.3:CRS84" } },
"features": [
{ "type": "Feature", "properties": { "id": 1, "state": "Ladakh", "state_code": null, "district": "LEH", "district_code": 3.0, "sub_district": null, "sub_district_code": null, "sub_district_type": null, "village": "Chumur", "village_category": "Rural", "village_code": "245773376" }, "geometry": { "type": "Point", "coordinates": [ 78.5954265, 32.6693148 ] } },
{ "type": "Feature", "properties": { "id": 2, "state": "Ladakh", "state_code": null, "district": "KARGIL", "district_code": 4.0, "sub_district": null, "sub_district_code": null, "sub_district_type": null, "village": "Padum", "village_category": "Urban", "village_code": "245773925" }, "geometry": { "type": "Point", "coordinates": [ 76.8781759, 33.4691405 ] } },
{ "type": "Feature", "properties": { "id": 3, "state": "Ladakh", "state_code": null, "district": "KARGIL", "district_code": 4.0, "sub_district": null, "sub_district_code": null, "sub_district_type": null, "village": "Tsazar", "village_category": "Rural", "village_code": "245774063" }, "geometry": { "type": "Point", "coordinates": [ 77.0097114, 33.5910626 ] } },
{ "type": "Feature", "properties": { "id": 4, "state": "Ladakh", "state_code": null, "district": "KARGIL", "district_code": 4.0, "sub_district": null, "sub_district_code": null, "sub_district_type": null, "village": "Tashidongze", "village_category": "Rural", "village_code": "245774431" }, "geometry": { "type": "Point", "coordinates": [ 76.3877904, 34.0085434 ] } },
{ "type": "Feature", "properties": { "id": 5, "state": "Ladakh", "state_code": null, "district": "LEH", "district_code": 3.0, "sub_district": null, "sub_district_code": null, "sub_district_type": null, "village": "Lamayuru", "village_category": "Rural", "village_code": "245774824" }, "geometry": { "type": "Point", "coordinates": [ 76.773959, 34.2827066 ] } },
{ "type": "Feature", "properties": { "id": 6, "state": "Ladakh", "state_code": null, "district": "KARGIL", "district_code": 4.0, "sub_district": null, "sub_district_code": null, "sub_district_type": null, "village": "Kargil", "village_category": "Urban", "village_code": "245775021" }, "geometry": { "type": "Point", "coordinates": [ 76.1255767, 34.5593048 ] } },
{ "type": "Feature", "properties": { "id": 7, "state": "Ladakh", "state_code": null, "district": "LEH", "district_code": 3.0, "sub_district": null, "sub_district_code": null, "sub_district_type": null, "village": "Chamshen", "village_category": "Rural", "village_code": "245775061" }, "geometry": { "type": "Point", "coordinates": [ 77.581974, 34.6740062 ] } },
{ "type": "Feature", "properties": { "id": 8, "state": "Ladakh", "state_code": null, "district": "LEH", "district_code": 3.0, "sub_district": null, "sub_district_code": null, "sub_district_type": null, "village": "Sasoma", "village_category": "Rural", "village_code": "245775075" }, "geometry": { "type": "Point", "coordinates": [ 77.4799479, 34.8898986 ] } },
{ "type": "Feature", "properties": { "id": 9, "state": "Ladakh", "state_code": null, "district": "LEH", "district_code": 3.0, "sub_district": null, "sub_district_code": null, "sub_district_type": null, "village": "گلمت", "village_category": "Urban", "village_code": "271958121" }, "geometry": { "type": "Point", "coordinates": [ 74.862464, 36.3878939 ] } },
{ "type": "Feature", "properties": { "id": 10, "state": "Ladakh", "state_code": null, "district": "LEH", "district_code": 3.0, "sub_district": null, "sub_district_code": null, "sub_district_type": null, "village": "Passu", "village_category": "Rural", "village_code": "271959710" }, "geometry": { "type": "Point", "coordinates": [ 74.8943261, 36.4658158 ] } },
{ "type": "Feature", "properties": { "id": 11, "state": "Ladakh", "state_code": null, "district": "LEH", "district_code": 3.0, "sub_district": null, "sub_district_code": null, "sub_district_type": null, "village": "كريم آباد", "village_category": "Urban", "village_code": "275201318" }, "geometry": { "type": "Point", "coordinates": [ 74.6593357, 36.3270559 ] } },
{ "type": "Feature", "properties": { "id": 12, "state": "Ladakh", "state_code": null, "district": "LEH", "district_code": 3.0, "sub_district": null, "sub_district_code": null, "sub_district_type": null, "village": "چلاس", "village_category": "Urban", "village_code": "275277859" }, "geometry": { "type": "Point", "coordinates": [ 74.0963144, 35.4195035 ] } },
{ "type": "Feature", "properties": { "id": 13, "state": "Ladakh", "state_code": null, "district": "LEH", "district_code": 3.0, "sub_district": null, "sub_district_code": null, "sub_district_type": null, "village": "بونجی", "village_category": "Urban", "village_code": "290494945" }, "geometry": { "type": "Point", "coordinates": [ 74.6287283, 35.6527032 ] } },
{ "type": "Feature", "properties": { "id": 14, "state": "Ladakh", "state_code": null, "district": "LEH", "district_code": 3.0, "sub_district": null, "sub_district_code": null, "sub_district_type": null, "village": "Dih", "village_category": "Rural", "village_code": "298858765" }, "geometry": { "type": "Point", "coordinates": [ 74.9983712, 36.8624361 ] } },
{ "type": "Feature", "properties": { "id": 15, "state": "Ladakh", "state_code": null, "district": "LEH", "district_code": 3.0, "sub_district": null, "sub_district_code": null, "sub_district_type": null, "village": "خپلو", "village_category": "Urban", "village_code": "298946774" }, "geometry": { "type": "Point", "coordinates": [ 76.3441519, 35.1634994 ] } },
{ "type": "Feature", "properties": { "id": 16, "state": "Ladakh", "state_code": null, "district": "LEH", "district_code": 3.0, "sub_district": null, "sub_district_code": null, "sub_district_type": null, "village": "Istak Naala", "village_category": "Rural", "village_code": "298968088" }, "geometry": { "type": "Point", "coordinates": [ 75.0237589, 35.6336185 ] } },
{ "type": "Feature", "properties": { "id": 17, "state": "Ladakh", "state_code": null, "district": "KARGIL", "district_code": 4.0, "sub_district": null, "sub_district_code": null, "sub_district_type": null, "village": "Drass", "village_category": "Urban", "village_code": "299754270" }, "geometry": { "type": "Point", "coordinates": [ 75.750761, 34.4292702 ] } },
{ "type": "Feature", "properties": { "id": 18, "state": "Ladakh", "state_code": null, "district": "LEH", "district_code": 3.0, "sub_district": null, "sub_district_code": null, "sub_district_type": null, "village": "جگلوٹ", "village_category": "Urban", "village_code": "302121925" }, "geometry": { "type": "Point", "coordinates": [ 74.6258433, 35.6883261 ] } },
{ "type": "Feature", "properties": { "id": 19, "state": "Ladakh", "state_code": null, "district": "LEH", "district_code": 3.0, "sub_district": null, "sub_district_code": null, "sub_district_type": null, "village": "سسی", "village_category": "Rural", "village_code": "302217630" }, "geometry": { "type": "Point", "coordinates": [ 74.7410205, 35.8390691 ] } },
{ "type": "Feature", "properties": { "id": 20, "state": "Ladakh", "state_code": null, "district": "LEH", "district_code": 3.0, "sub_district": null, "sub_district_code": null, "sub_district_type": null, "village": "Muglib", "village_category": "Rural", "village_code": "342114838" }, "geometry": { "type": "Point", "coordinates": [ 78.2681414, 34.0359597 ] } },
{ "type": "Feature", "properties": { "id": 21, "state": "Ladakh", "state_code": null, "district": "LEH", "district_code": 3.0, "sub_district": null, "sub_district_code": null, "sub_district_type": null, "village": "Tangtse", "village_category": "Rural", "village_code": "342114844" }, "geometry": { "type": "Point", "coordinates": [ 78.16773, 34.03015 ] } },
{ "type": "Feature", "properties": { "id": 22, "state": "Ladakh", "state_code": null, "district": "LEH", "district_code": 3.0, "sub_district": null, "sub_district_code": null, "sub_district_type": null, "village": "Durbuk", "village_category": "Rural", "village_code": "342114851" }, "geometry": { "type": "Point", "coordinates": [ 78.1227484, 34.0942819 ] } },
{ "type": "Feature", "properties": { "id": 23, "state": "Ladakh", "state_code": null, "district": "LEH", "district_code": 3.0, "sub_district": null, "sub_district_code": null, "sub_district_type": null, "village": "Gayk", "village_category": "Rural", "village_code": "342114857" }, "geometry": { "type": "Point", "coordinates": [ 78.1518921, 33.5516311 ] } },
{ "type": "Feature", "properties": { "id": 24, "state": "Ladakh", "state_code": null, "district": "LEH", "district_code": 3.0, "sub_district": null, "sub_district_code": null, "sub_district_type": null, "village": "Skidmang", "village_category": "Rural", "village_code": "342114869" }, "geometry": { "type": "Point", "coordinates": [ 78.2739503, 33.3861254 ] } },
{ "type": "Feature", "properties": { "id": 25, "state": "Ladakh", "state_code": null, "district": "LEH", "district_code": 3.0, "sub_district": null, "sub_district_code": null, "sub_district_type": null, "village": "Keshar", "village_category": "Rural", "village_code": "342114877" }, "geometry": { "type": "Point", "coordinates": [ 78.2398884, 33.4070066 ] } },
{ "type": "Feature", "properties": { "id": 26, "state": "Ladakh", "state_code": null, "district": "LEH", "district_code": 3.0, "sub_district": null, "sub_district_code": null, "sub_district_type": null, "village": "Nurnis", "village_category": "Rural", "village_code": "342114888" }, "geometry": { "type": "Point", "coordinates": [ 78.2030008, 33.430325 ] } },
{ "type": "Feature", "properties": { "id": 27, "state": "Ladakh", "state_code": null, "district": "LEH", "district_code": 3.0, "sub_district": null, "sub_district_code": null, "sub_district_type": null, "village": "Kiari", "village_category": "Rural", "village_code": "342114898" }, "geometry": { "type": "Point", "coordinates": [ 78.1283057, 33.4783997 ] } },
{ "type": "Feature", "properties": { "id": 28, "state": "Ladakh", "state_code": null, "district": "LEH", "district_code": 3.0, "sub_district": null, "sub_district_code": null, "sub_district_type": null, "village": "Spangmik", "village_category": "Rural", "village_code": "342114930" }, "geometry": { "type": "Point", "coordinates": [ 78.4573431, 33.9076911 ] } },
{ "type": "Feature", "properties": { "id": 29, "state": "Ladakh", "state_code": null, "district": "LEH", "district_code": 3.0, "sub_district": null, "sub_district_code": null, "sub_district_type": null, "village": "Puga", "village_category": "Rural", "village_code": "342114939" }, "geometry": { "type": "Point", "coordinates": [ 78.2998024, 33.2281268 ] } },
{ "type": "Feature", "properties": { "id": 30, "state": "Ladakh", "state_code": null, "district": "LEH", "district_code": 3.0, "sub_district": null, "sub_district_code": null, "sub_district_type": null, "village": "Karzok", "village_category": "Rural", "village_code": "342114958" }, "geometry": { "type": "Point", "coordinates": [ 78.2629948, 32.9661318 ] } },
{ "type": "Feature", "properties": { "id": 31, "state": "Ladakh", "state_code": null, "district": "LEH", "district_code": 3.0, "sub_district": null, "sub_district_code": null, "sub_district_type": null, "village": "Chumathang", "village_category": "Rural", "village_code": "342114966" }, "geometry": { "type": "Point", "coordinates": [ 78.3342913, 33.3588844 ] } },
{ "type": "Feature", "properties": { "id": 32, "state": "Ladakh", "state_code": null, "district": "LEH", "district_code": 3.0, "sub_district": null, "sub_district_code": null, "sub_district_type": null, "village": "Likche", "village_category": "Rural", "village_code": "342116252" }, "geometry": { "type": "Point", "coordinates": [ 77.9543407, 33.7272468 ] } },
{ "type": "Feature", "properties": { "id": 33, "state": "Ladakh", "state_code": null, "district": "LEH", "district_code": 3.0, "sub_district": null, "sub_district_code": null, "sub_district_type": null, "village": "Basgo", "village_category": "Rural", "village_code": "342116269" }, "geometry": { "type": "Point", "coordinates": [ 77.2754336, 34.2236252 ] } },
{ "type": "Feature", "properties": { "id": 34, "state": "Ladakh", "state_code": null, "district": "LEH", "district_code": 3.0, "sub_district": null, "sub_district_code": null, "sub_district_type": null, "village": "Nimo", "village_category": "Rural", "village_code": "342116275" }, "geometry": { "type": "Point", "coordinates": [ 77.33551, 34.19632 ] } },
{ "type": "Feature", "properties": { "id": 35, "state": "Ladakh", "state_code": null, "district": "LEH", "district_code": 3.0, "sub_district": null, "sub_district_code": null, "sub_district_type": null, "village": "Gya", "village_category": "Rural", "village_code": "342116347" }, "geometry": { "type": "Point", "coordinates": [ 77.7351649, 33.6530491 ] } },
{ "type": "Feature", "properties": { "id": 36, "state": "Ladakh", "state_code": null, "district": "LEH", "district_code": 3.0, "sub_district": null, "sub_district_code": null, "sub_district_type": null, "village": "Nurla", "village_category": "Rural", "village_code": "342116464" }, "geometry": { "type": "Point", "coordinates": [ 76.9801492, 34.3026865 ] } },
{ "type": "Feature", "properties": { "id": 37, "state": "Ladakh", "state_code": null, "district": "LEH", "district_code": 3.0, "sub_district": null, "sub_district_code": null, "sub_district_type": null, "village": "Uleytokpo", "village_category": "Rural", "village_code": "342116471" }, "geometry": { "type": "Point", "coordinates": [ 77.0926194, 34.2534909 ] } },
{ "type": "Feature", "properties": { "id": 38, "state": "Ladakh", "state_code": null, "district": "LEH", "district_code": 3.0, "sub_district": null, "sub_district_code": null, "sub_district_type": null, "village": "Tirit", "village_category": "Rural", "village_code": "342116563" }, "geometry": { "type": "Point", "coordinates": [ 77.6428322, 34.5405895 ] } },
{ "type": "Feature", "properties": { "id": 39, "state": "Ladakh", "state_code": null, "district": "LEH", "district_code": 3.0, "sub_district": null, "sub_district_code": null, "sub_district_type": null, "village": "Diskit", "village_category": "Urban", "village_code": "342116571" }, "geometry": { "type": "Point", "coordinates": [ 77.5506547, 34.5512277 ] } },
{ "type": "Feature", "properties": { "id": 40, "state": "Ladakh", "state_code": null, "district": "LEH", "district_code": 3.0, "sub_district": null, "sub_district_code": null, "sub_district_type": null, "village": "Lagzhung", "village_category": "Rural", "village_code": "342116578" }, "geometry": { "type": "Point", "coordinates": [ 77.6171574, 34.5867678 ] } },
{ "type": "Feature", "properties": { "id": 41, "state": "Ladakh", "state_code": null, "district": "LEH", "district_code": 3.0, "sub_district": null, "sub_district_code": null, "sub_district_type": null, "village": "Sumur", "village_category": "Rural", "village_code": "342116591" }, "geometry": { "type": "Point", "coordinates": [ 77.6132533, 34.6185594 ] } },
{ "type": "Feature", "properties": { "id": 42, "state": "Ladakh", "state_code": null, "district": "LEH", "district_code": 3.0, "sub_district": null, "sub_district_code": null, "sub_district_type": null, "village": "Shey", "village_category": "Rural", "village_code": "342116627" }, "geometry": { "type": "Point", "coordinates": [ 77.6397177, 34.0713377 ] } },
{ "type": "Feature", "properties": { "id": 43, "state": "Ladakh", "state_code": null, "district": "LEH", "district_code": 3.0, "sub_district": null, "sub_district_code": null, "sub_district_type": null, "village": "Thiksey", "village_category": "Rural", "village_code": "342116634" }, "geometry": { "type": "Point", "coordinates": [ 77.6686439, 34.0504656 ] } },
{ "type": "Feature", "properties": { "id": 44, "state": "Ladakh", "state_code": null, "district": "LEH", "district_code": 3.0, "sub_district": null, "sub_district_code": null, "sub_district_type": null, "village": "Ranbirpura", "village_category": "Rural", "village_code": "342116640" }, "geometry": { "type": "Point", "coordinates": [ 77.6820555, 34.0306057 ] } },
{ "type": "Feature", "properties": { "id": 45, "state": "Ladakh", "state_code": null, "district": "LEH", "district_code": 3.0, "sub_district": null, "sub_district_code": null, "sub_district_type": null, "village": "Stakna", "village_category": "Rural", "village_code": "342116647" }, "geometry": { "type": "Point", "coordinates": [ 77.6794412, 34.0014386 ] } },
{ "type": "Feature", "properties": { "id": 46, "state": "Ladakh", "state_code": null, "district": "LEH", "district_code": 3.0, "sub_district": null, "sub_district_code": null, "sub_district_type": null, "village": "Sakti", "village_category": "Rural", "village_code": "342116654" }, "geometry": { "type": "Point", "coordinates": [ 77.8068829, 33.9737964 ] } },
{ "type": "Feature", "properties": { "id": 47, "state": "Ladakh", "state_code": null, "district": "LEH", "district_code": 3.0, "sub_district": null, "sub_district_code": null, "sub_district_type": null, "village": "Hymia", "village_category": "Rural", "village_code": "342116688" }, "geometry": { "type": "Point", "coordinates": [ 78.0080041, 33.6546826 ] } },
{ "type": "Feature", "properties": { "id": 48, "state": "Ladakh", "state_code": null, "district": "LEH", "district_code": 3.0, "sub_district": null, "sub_district_code": null, "sub_district_type": null, "village": "Kungyamdo", "village_category": "Rural", "village_code": "342116692" }, "geometry": { "type": "Point", "coordinates": [ 78.0835283, 33.6170156 ] } },
{ "type": "Feature", "properties": { "id": 49, "state": "Ladakh", "state_code": null, "district": "LEH", "district_code": 3.0, "sub_district": null, "sub_district_code": null, "sub_district_type": null, "village": "Miru", "village_category": "Rural", "village_code": "342116847" }, "geometry": { "type": "Point", "coordinates": [ 77.756421, 33.7397461 ] } },
{ "type": "Feature", "properties": { "id": 50, "state": "Ladakh", "state_code": null, "district": "LEH", "district_code": 3.0, "sub_district": null, "sub_district_code": null, "sub_district_type": null, "village": "Stok", "village_category": "Rural", "village_code": "342116879" }, "geometry": { "type": "Point", "coordinates": [ 77.5479632, 34.0649307 ] } },
{ "type": "Feature", "properties": { "id": 51, "state": "Ladakh", "state_code": null, "district": "LEH", "district_code": 3.0, "sub_district": null, "sub_district_code": null, "sub_district_type": null, "village": "Danglas Chan", "village_category": "Rural", "village_code": "342116898" }, "geometry": { "type": "Point", "coordinates": [ 77.76593, 33.6149854 ] } },
{ "type": "Feature", "properties": { "id": 52, "state": "Ladakh", "state_code": null, "district": "LEH", "district_code": 3.0, "sub_district": null, "sub_district_code": null, "sub_district_type": null, "village": "Hundar", "village_category": "Rural", "village_code": "342116932" }, "geometry": { "type": "Point", "coordinates": [ 77.4718253, 34.5840883 ] } },
{ "type": "Feature", "properties": { "id": 53, "state": "Ladakh", "state_code": null, "district": "LEH", "district_code": 3.0, "sub_district": null, "sub_district_code": null, "sub_district_type": null, "village": "Youlkam", "village_category": "Rural", "village_code": "342116945" }, "geometry": { "type": "Point", "coordinates": [ 77.57721, 34.70581 ] } },
{ "type": "Feature", "properties": { "id": 54, "state": "Ladakh", "state_code": null, "district": "LEH", "district_code": 3.0, "sub_district": null, "sub_district_code": null, "sub_district_type": null, "village": "Terisha", "village_category": "Rural", "village_code": "342116951" }, "geometry": { "type": "Point", "coordinates": [ 77.5700475, 34.7336634 ] } },
{ "type": "Feature", "properties": { "id": 55, "state": "Ladakh", "state_code": null, "district": "LEH", "district_code": 3.0, "sub_district": null, "sub_district_code": null, "sub_district_type": null, "village": "Panamik", "village_category": "Rural", "village_code": "342116959" }, "geometry": { "type": "Point", "coordinates": [ 77.5337413, 34.787992 ] } },
{ "type": "Feature", "properties": { "id": 56, "state": "Ladakh", "state_code": null, "district": "LEH", "district_code": 3.0, "sub_district": null, "sub_district_code": null, "sub_district_type": null, "village": "Takmar", "village_category": "Rural", "village_code": "342117012" }, "geometry": { "type": "Point", "coordinates": [ 77.6549763, 34.3775158 ] } },
{ "type": "Feature", "properties": { "id": 57, "state": "Ladakh", "state_code": null, "district": "LEH", "district_code": 3.0, "sub_district": null, "sub_district_code": null, "sub_district_type": null, "village": "Khardung", "village_category": "Rural", "village_code": "342117018" }, "geometry": { "type": "Point", "coordinates": [ 77.6568546, 34.398586 ] } },
{ "type": "Feature", "properties": { "id": 58, "state": "Ladakh", "state_code": null, "district": "LEH", "district_code": 3.0, "sub_district": null, "sub_district_code": null, "sub_district_type": null, "village": "Khalsar", "village_category": "Rural", "village_code": "342117030" }, "geometry": { "type": "Point", "coordinates": [ 77.7026172, 34.4918744 ] } },
{ "type": "Feature", "properties": { "id": 59, "state": "Ladakh", "state_code": null, "district": "KARGIL", "district_code": 4.0, "sub_district": null, "sub_district_code": null, "sub_district_type": null, "village": "Mulbekh", "village_category": "Rural", "village_code": "342118189" }, "geometry": { "type": "Point", "coordinates": [ 76.3689346, 34.3794737 ] } },
{ "type": "Feature", "properties": { "id": 60, "state": "Ladakh", "state_code": null, "district": "KARGIL", "district_code": 4.0, "sub_district": null, "sub_district_code": null, "sub_district_type": null, "village": "Gyal", "village_category": "Rural", "village_code": "342118195" }, "geometry": { "type": "Point", "coordinates": [ 76.4126414, 34.3707499 ] } },
{ "type": "Feature", "properties": { "id": 61, "state": "Ladakh", "state_code": null, "district": "KARGIL", "district_code": 4.0, "sub_district": null, "sub_district_code": null, "sub_district_type": null, "village": "Darkit", "village_category": "Rural", "village_code": "342118206" }, "geometry": { "type": "Point", "coordinates": [ 76.2795877, 34.4464418 ] } },
{ "type": "Feature", "properties": { "id": 62, "state": "Ladakh", "state_code": null, "district": "KARGIL", "district_code": 4.0, "sub_district": null, "sub_district_code": null, "sub_district_type": null, "village": "Lalung", "village_category": "Rural", "village_code": "342118212" }, "geometry": { "type": "Point", "coordinates": [ 76.2981853, 34.5907985 ] } },
{ "type": "Feature", "properties": { "id": 63, "state": "Ladakh", "state_code": null, "district": "KARGIL", "district_code": 4.0, "sub_district": null, "sub_district_code": null, "sub_district_type": null, "village": "Silmo", "village_category": "Rural", "village_code": "342118219" }, "geometry": { "type": "Point", "coordinates": [ 76.3202676, 34.6266161 ] } },
{ "type": "Feature", "properties": { "id": 64, "state": "Ladakh", "state_code": null, "district": "KARGIL", "district_code": 4.0, "sub_district": null, "sub_district_code": null, "sub_district_type": null, "village": "Batalik", "village_category": "Rural", "village_code": "342118227" }, "geometry": { "type": "Point", "coordinates": [ 76.339433, 34.6557669 ] } },
{ "type": "Feature", "properties": { "id": 65, "state": "Ladakh", "state_code": null, "district": "KARGIL", "district_code": 4.0, "sub_district": null, "sub_district_code": null, "sub_district_type": null, "village": "Rangdum", "village_category": "Rural", "village_code": "342118241" }, "geometry": { "type": "Point", "coordinates": [ 76.3719955, 34.0361946 ] } },
{ "type": "Feature", "properties": { "id": 66, "state": "Ladakh", "state_code": null, "district": "KARGIL", "district_code": 4.0, "sub_district": null, "sub_district_code": null, "sub_district_type": null, "village": "Rantaksha", "village_category": "Rural", "village_code": "342118360" }, "geometry": { "type": "Point", "coordinates": [ 76.76148, 33.56323 ] } },
{ "type": "Feature", "properties": { "id": 67, "state": "Ladakh", "state_code": null, "district": "KARGIL", "district_code": 4.0, "sub_district": null, "sub_district_code": null, "sub_district_type": null, "village": "Sani", "village_category": "Rural", "village_code": "342118366" }, "geometry": { "type": "Point", "coordinates": [ 76.8094126, 33.5085355 ] } },
{ "type": "Feature", "properties": { "id": 68, "state": "Ladakh", "state_code": null, "district": "LEH", "district_code": 3.0, "sub_district": null, "sub_district_code": null, "sub_district_type": null, "village": "Skurbuchan", "village_category": "Rural", "village_code": "342118400" }, "geometry": { "type": "Point", "coordinates": [ 76.7105915, 34.4353267 ] } },
{ "type": "Feature", "properties": { "id": 69, "state": "Ladakh", "state_code": null, "district": "LEH", "district_code": 3.0, "sub_district": null, "sub_district_code": null, "sub_district_type": null, "village": "Domkhar", "village_category": "Rural", "village_code": "342118414" }, "geometry": { "type": "Point", "coordinates": [ 76.75873, 34.39407 ] } },
{ "type": "Feature", "properties": { "id": 70, "state": "Ladakh", "state_code": null, "district": "LEH", "district_code": 3.0, "sub_district": null, "sub_district_code": null, "sub_district_type": null, "village": "Achinathang", "village_category": "Rural", "village_code": "342118438" }, "geometry": { "type": "Point", "coordinates": [ 76.6319666, 34.5045418 ] } },
{ "type": "Feature", "properties": { "id": 71, "state": "Ladakh", "state_code": null, "district": "LEH", "district_code": 3.0, "sub_district": null, "sub_district_code": null, "sub_district_type": null, "village": "Hanu Thang", "village_category": "Rural", "village_code": "342118448" }, "geometry": { "type": "Point", "coordinates": [ 76.5931037, 34.5610623 ] } },
{ "type": "Feature", "properties": { "id": 72, "state": "Ladakh", "state_code": null, "district": "KARGIL", "district_code": 4.0, "sub_district": null, "sub_district_code": null, "sub_district_type": null, "village": "Heniskot Yogma", "village_category": "Rural", "village_code": "342118463" }, "geometry": { "type": "Point", "coordinates": [ 76.6401252, 34.3070202 ] } },
{ "type": "Feature", "properties": { "id": 73, "state": "Ladakh", "state_code": null, "district": "KARGIL", "district_code": 4.0, "sub_district": null, "sub_district_code": null, "sub_district_type": null, "village": "Phey", "village_category": "Rural", "village_code": "342118517" }, "geometry": { "type": "Point", "coordinates": [ 76.71067, 33.61267 ] } },
{ "type": "Feature", "properties": { "id": 74, "state": "Ladakh", "state_code": null, "district": "KARGIL", "district_code": 4.0, "sub_district": null, "sub_district_code": null, "sub_district_type": null, "village": "Manda", "village_category": "Rural", "village_code": "342118969" }, "geometry": { "type": "Point", "coordinates": [ 76.6884587, 33.6282674 ] } },
{ "type": "Feature", "properties": { "id": 75, "state": "Ladakh", "state_code": null, "district": "KARGIL", "district_code": 4.0, "sub_district": null, "sub_district_code": null, "sub_district_type": null, "village": "Kushool", "village_category": "Rural", "village_code": "342118980" }, "geometry": { "type": "Point", "coordinates": [ 76.5866839, 33.6882044 ] } },
{ "type": "Feature", "properties": { "id": 76, "state": "Ladakh", "state_code": null, "district": "KARGIL", "district_code": 4.0, "sub_district": null, "sub_district_code": null, "sub_district_type": null, "village": "Abran", "village_category": "Rural", "village_code": "342118989" }, "geometry": { "type": "Point", "coordinates": [ 76.5545424, 33.7014801 ] } },
{ "type": "Feature", "properties": { "id": 77, "state": "Ladakh", "state_code": null, "district": "LEH", "district_code": 3.0, "sub_district": null, "sub_district_code": null, "sub_district_type": null, "village": "Biamaa", "village_category": "Rural", "village_code": "342119027" }, "geometry": { "type": "Point", "coordinates": [ 76.521754, 34.5977779 ] } },
{ "type": "Feature", "properties": { "id": 78, "state": "Ladakh", "state_code": null, "district": "LEH", "district_code": 3.0, "sub_district": null, "sub_district_code": null, "sub_district_type": null, "village": "Dah", "village_category": "Rural", "village_code": "342119033" }, "geometry": { "type": "Point", "coordinates": [ 76.4804223, 34.6238131 ] } },
{ "type": "Feature", "properties": { "id": 79, "state": "Ladakh", "state_code": null, "district": "KARGIL", "district_code": 4.0, "sub_district": null, "sub_district_code": null, "sub_district_type": null, "village": "Garkone", "village_category": "Rural", "village_code": "342119039" }, "geometry": { "type": "Point", "coordinates": [ 76.4354703, 34.6347796 ] } },
{ "type": "Feature", "properties": { "id": 80, "state": "Ladakh", "state_code": null, "district": "KARGIL", "district_code": 4.0, "sub_district": null, "sub_district_code": null, "sub_district_type": null, "village": "Darchiks", "village_category": "Rural", "village_code": "342119046" }, "geometry": { "type": "Point", "coordinates": [ 76.3828898, 34.6324636 ] } },
{ "type": "Feature", "properties": { "id": 81, "state": "Ladakh", "state_code": null, "district": "KARGIL", "district_code": 4.0, "sub_district": null, "sub_district_code": null, "sub_district_type": null, "village": "Khangral", "village_category": "Rural", "village_code": "342119055" }, "geometry": { "type": "Point", "coordinates": [ 76.5269543, 34.3739311 ] } },
{ "type": "Feature", "properties": { "id": 82, "state": "Ladakh", "state_code": null, "district": "KARGIL", "district_code": 4.0, "sub_district": null, "sub_district_code": null, "sub_district_type": null, "village": "Trespone", "village_category": "Rural", "village_code": "342119298" }, "geometry": { "type": "Point", "coordinates": [ 76.03501, 34.42016 ] } },
{ "type": "Feature", "properties": { "id": 83, "state": "Ladakh", "state_code": null, "district": "KARGIL", "district_code": 4.0, "sub_district": null, "sub_district_code": null, "sub_district_type": null, "village": "Sankoo", "village_category": "Urban", "village_code": "342119316" }, "geometry": { "type": "Point", "coordinates": [ 75.96222, 34.2896796 ] } },
{ "type": "Feature", "properties": { "id": 84, "state": "Ladakh", "state_code": null, "district": "KARGIL", "district_code": 4.0, "sub_district": null, "sub_district_code": null, "sub_district_type": null, "village": "Parkachik", "village_category": "Rural", "village_code": "342119370" }, "geometry": { "type": "Point", "coordinates": [ 75.9912068, 34.0902009 ] } },
{ "type": "Feature", "properties": { "id": 85, "state": "Ladakh", "state_code": null, "district": "KARGIL", "district_code": 4.0, "sub_district": null, "sub_district_code": null, "sub_district_type": null, "village": "Tangol", "village_category": "Rural", "village_code": "342119377" }, "geometry": { "type": "Point", "coordinates": [ 75.93201, 34.05899 ] } },
{ "type": "Feature", "properties": { "id": 86, "state": "Ladakh", "state_code": null, "district": "KARGIL", "district_code": 4.0, "sub_district": null, "sub_district_code": null, "sub_district_type": null, "village": "Panikhar", "village_category": "Rural", "village_code": "342119383" }, "geometry": { "type": "Point", "coordinates": [ 75.9467562, 34.1186738 ] } },
{ "type": "Feature", "properties": { "id": 87, "state": "Ladakh", "state_code": null, "district": "KARGIL", "district_code": 4.0, "sub_district": null, "sub_district_code": null, "sub_district_type": null, "village": "Bhimbat", "village_category": "Rural", "village_code": "342119393" }, "geometry": { "type": "Point", "coordinates": [ 75.817907, 34.4332215 ] } },
{ "type": "Feature", "properties": { "id": 88, "state": "Ladakh", "state_code": null, "district": "KARGIL", "district_code": 4.0, "sub_district": null, "sub_district_code": null, "sub_district_type": null, "village": "Matayeen", "village_category": "Rural", "village_code": "342119430" }, "geometry": { "type": "Point", "coordinates": [ 75.58869, 34.37073 ] } },
{ "type": "Feature", "properties": { "id": 89, "state": "Ladakh", "state_code": null, "district": "KARGIL", "district_code": 4.0, "sub_district": null, "sub_district_code": null, "sub_district_type": null, "village": "Gumri", "village_category": "Rural", "village_code": "342119437" }, "geometry": { "type": "Point", "coordinates": [ 75.4830404, 34.2949373 ] } },
{ "type": "Feature", "properties": { "id": 90, "state": "Ladakh", "state_code": null, "district": "LEH", "district_code": 3.0, "sub_district": null, "sub_district_code": null, "sub_district_type": null, "village": "Spituk", "village_category": "Rural", "village_code": "388580812" }, "geometry": { "type": "Point", "coordinates": [ 77.5225662, 34.1251473 ] } },
{ "type": "Feature", "properties": { "id": 91, "state": "Ladakh", "state_code": null, "district": "LEH", "district_code": 3.0, "sub_district": null, "sub_district_code": null, "sub_district_type": null, "village": "Markha", "village_category": "Rural", "village_code": "388581191" }, "geometry": { "type": "Point", "coordinates": [ 77.4233499, 33.8859985 ] } },
{ "type": "Feature", "properties": { "id": 92, "state": "Ladakh", "state_code": null, "district": "LEH", "district_code": 3.0, "sub_district": null, "sub_district_code": null, "sub_district_type": null, "village": "Shang Sumdo", "village_category": "Rural", "village_code": "388581414" }, "geometry": { "type": "Point", "coordinates": [ 77.707567, 33.8535383 ] } },
{ "type": "Feature", "properties": { "id": 93, "state": "Ladakh", "state_code": null, "district": "LEH", "district_code": 3.0, "sub_district": null, "sub_district_code": null, "sub_district_type": null, "village": "Martselang", "village_category": "Rural", "village_code": "388581444" }, "geometry": { "type": "Point", "coordinates": [ 77.7370484, 33.9063597 ] } },
{ "type": "Feature", "properties": { "id": 94, "state": "Ladakh", "state_code": null, "district": "LEH", "district_code": 3.0, "sub_district": null, "sub_district_code": null, "sub_district_type": null, "village": "شگر", "village_category": "Urban", "village_code": "431395409" }, "geometry": { "type": "Point", "coordinates": [ 75.7371078, 35.4226164 ] } },
{ "type": "Feature", "properties": { "id": 95, "state": "Ladakh", "state_code": null, "district": "LEH", "district_code": 3.0, "sub_district": null, "sub_district_code": null, "sub_district_type": null, "village": "Likir", "village_category": "Rural", "village_code": "484217139" }, "geometry": { "type": "Point", "coordinates": [ 77.2170627, 34.2926459 ] } },
{ "type": "Feature", "properties": { "id": 96, "state": "Ladakh", "state_code": null, "district": "LEH", "district_code": 3.0, "sub_district": null, "sub_district_code": null, "sub_district_type": null, "village": "Hunder Dok", "village_category": "Rural", "village_code": "489448423" }, "geometry": { "type": "Point", "coordinates": [ 77.4328503, 34.4930173 ] } },
{ "type": "Feature", "properties": { "id": 97, "state": "Ladakh", "state_code": null, "district": "LEH", "district_code": 3.0, "sub_district": null, "sub_district_code": null, "sub_district_type": null, "village": "Phyang", "village_category": "Rural", "village_code": "490741610" }, "geometry": { "type": "Point", "coordinates": [ 77.4902163, 34.185084 ] } },
{ "type": "Feature", "properties": { "id": 98, "state": "Ladakh", "state_code": null, "district": "LEH", "district_code": 3.0, "sub_district": null, "sub_district_code": null, "sub_district_type": null, "village": "Chogdo", "village_category": "Rural", "village_code": "492413665" }, "geometry": { "type": "Point", "coordinates": [ 77.6690798, 33.8304448 ] } },
{ "type": "Feature", "properties": { "id": 99, "state": "Ladakh", "state_code": null, "district": "LEH", "district_code": 3.0, "sub_district": null, "sub_district_code": null, "sub_district_type": null, "village": "Sara", "village_category": "Rural", "village_code": "493574758" }, "geometry": { "type": "Point", "coordinates": [ 77.353896, 33.9280847 ] } },
{ "type": "Feature", "properties": { "id": 100, "state": "Ladakh", "state_code": null, "district": "LEH", "district_code": 3.0, "sub_district": null, "sub_district_code": null, "sub_district_type": null, "village": "Umlung", "village_category": "Rural", "village_code": "493585362" }, "geometry": { "type": "Point", "coordinates": [ 77.4637938, 33.8687719 ] } },
{ "type": "Feature", "properties": { "id": 101, "state": "Ladakh", "state_code": null, "district": "LEH", "district_code": 3.0, "sub_district": null, "sub_district_code": null, "sub_district_type": null, "village": "Nemaling", "village_category": "Rural", "village_code": "551250698" }, "geometry": { "type": "Point", "coordinates": [ 77.5938547, 33.7866292 ] } },
{ "type": "Feature", "properties": { "id": 102, "state": "Ladakh", "state_code": null, "district": "LEH", "district_code": 3.0, "sub_district": null, "sub_district_code": null, "sub_district_type": null, "village": "Gulkin", "village_category": "Rural", "village_code": "732647425" }, "geometry": { "type": "Point", "coordinates": [ 74.8623226, 36.4064357 ] } },
{ "type": "Feature", "properties": { "id": 103, "state": "Ladakh", "state_code": null, "district": "LEH", "district_code": 3.0, "sub_district": null, "sub_district_code": null, "sub_district_type": null, "village": "Ataabad Bala", "village_category": "Rural", "village_code": "732647430" }, "geometry": { "type": "Point", "coordinates": [ 74.8138106, 36.3152578 ] } },
{ "type": "Feature", "properties": { "id": 104, "state": "Ladakh", "state_code": null, "district": "LEH", "district_code": 3.0, "sub_district": null, "sub_district_code": null, "sub_district_type": null, "village": "Shishkat Bala", "village_category": "Rural", "village_code": "732670170" }, "geometry": { "type": "Point", "coordinates": [ 74.8642534, 36.3548329 ] } },
{ "type": "Feature", "properties": { "id": 105, "state": "Ladakh", "state_code": null, "district": "LEH", "district_code": 3.0, "sub_district": null, "sub_district_code": null, "sub_district_type": null, "village": "Bulchi Dās", "village_category": "Rural", "village_code": "732670366" }, "geometry": { "type": "Point", "coordinates": [ 74.8732983, 36.3231001 ] } },
{ "type": "Feature", "properties": { "id": 106, "state": "Ladakh", "state_code": null, "district": "LEH", "district_code": 3.0, "sub_district": null, "sub_district_code": null, "sub_district_type": null, "village": "علی آباد", "village_category": "Urban", "village_code": "734223824" }, "geometry": { "type": "Point", "coordinates": [ 74.6166723, 36.3059806 ] } },
{ "type": "Feature", "properties": { "id": 107, "state": "Ladakh", "state_code": null, "district": "LEH", "district_code": 3.0, "sub_district": null, "sub_district_code": null, "sub_district_type": null, "village": "جگلوٹ", "village_category": "Rural", "village_code": "735104912" }, "geometry": { "type": "Point", "coordinates": [ 74.3044699, 36.1806745 ] } },
{ "type": "Feature", "properties": { "id": 108, "state": "Ladakh", "state_code": null, "district": "LEH", "district_code": 3.0, "sub_district": null, "sub_district_code": null, "sub_district_type": null, "village": "Sheraz", "village_category": "Rural", "village_code": "735104914" }, "geometry": { "type": "Point", "coordinates": [ 74.635532, 36.3125366 ] } },
{ "type": "Feature", "properties": { "id": 109, "state": "Ladakh", "state_code": null, "district": "LEH", "district_code": 3.0, "sub_district": null, "sub_district_code": null, "sub_district_type": null, "village": "Mayoon", "village_category": "Rural", "village_code": "735104916" }, "geometry": { "type": "Point", "coordinates": [ 74.4251425, 36.2410208 ] } },
{ "type": "Feature", "properties": { "id": 110, "state": "Ladakh", "state_code": null, "district": "LEH", "district_code": 3.0, "sub_district": null, "sub_district_code": null, "sub_district_type": null, "village": "Murtazabad", "village_category": "Rural", "village_code": "735133953" }, "geometry": { "type": "Point", "coordinates": [ 74.5997081, 36.2820888 ] } },
{ "type": "Feature", "properties": { "id": 111, "state": "Ladakh", "state_code": null, "district": "LEH", "district_code": 3.0, "sub_district": null, "sub_district_code": null, "sub_district_type": null, "village": "شمشال", "village_category": "Rural", "village_code": "737315377" }, "geometry": { "type": "Point", "coordinates": [ 75.3166778, 36.4374969 ] } },
{ "type": "Feature", "properties": { "id": 112, "state": "Ladakh", "state_code": null, "district": "LEH", "district_code": 3.0, "sub_district": null, "sub_district_code": null, "sub_district_type": null, "village": "نومال", "village_category": "Urban", "village_code": "737324982" }, "geometry": { "type": "Point", "coordinates": [ 74.2832257, 36.0763209 ] } },
{ "type": "Feature", "properties": { "id": 113, "state": "Ladakh", "state_code": null, "district": "LEH", "district_code": 3.0, "sub_district": null, "sub_district_code": null, "sub_district_type": null, "village": "سکندر آباد", "village_category": "Urban", "village_code": "737324983" }, "geometry": { "type": "Point", "coordinates": [ 74.3748436, 36.2425421 ] } },
{ "type": "Feature", "properties": { "id": 114, "state": "Ladakh", "state_code": null, "district": "LEH", "district_code": 3.0, "sub_district": null, "sub_district_code": null, "sub_district_type": null, "village": "Ahmadabad", "village_category": "Rural", "village_code": "737823267" }, "geometry": { "type": "Point", "coordinates": [ 74.7328276, 36.3055127 ] } },
{ "type": "Feature", "properties": { "id": 115, "state": "Ladakh", "state_code": null, "district": "LEH", "district_code": 3.0, "sub_district": null, "sub_district_code": null, "sub_district_type": null, "village": "Altit", "village_category": "Rural", "village_code": "737823272" }, "geometry": { "type": "Point", "coordinates": [ 74.6835167, 36.3199273 ] } },
{ "type": "Feature", "properties": { "id": 116, "state": "Ladakh", "state_code": null, "district": "LEH", "district_code": 3.0, "sub_district": null, "sub_district_code": null, "sub_district_type": null, "village": "Salamanbad", "village_category": "Rural", "village_code": "737881251" }, "geometry": { "type": "Point", "coordinates": [ 74.7741163, 36.3084089 ] } },
{ "type": "Feature", "properties": { "id": 117, "state": "Ladakh", "state_code": null, "district": "LEH", "district_code": 3.0, "sub_district": null, "sub_district_code": null, "sub_district_type": null, "village": "Jutal", "village_category": "Rural", "village_code": "738262480" }, "geometry": { "type": "Point", "coordinates": [ 74.299689, 36.045674 ] } },
{ "type": "Feature", "properties": { "id": 118, "state": "Ladakh", "state_code": null, "district": "LEH", "district_code": 3.0, "sub_district": null, "sub_district_code": null, "sub_district_type": null, "village": "رحیم آباد", "village_category": "Rural", "village_code": "738262486" }, "geometry": { "type": "Point", "coordinates": [ 74.299311, 36.1052777 ] } },
{ "type": "Feature", "properties": { "id": 119, "state": "Ladakh", "state_code": null, "district": "LEH", "district_code": 3.0, "sub_district": null, "sub_district_code": null, "sub_district_type": null, "village": "Khanabad", "village_category": "Rural", "village_code": "738288583" }, "geometry": { "type": "Point", "coordinates": [ 74.4540999, 36.2461727 ] } },
{ "type": "Feature", "properties": { "id": 120, "state": "Ladakh", "state_code": null, "district": "LEH", "district_code": 3.0, "sub_district": null, "sub_district_code": null, "sub_district_type": null, "village": "Gulmet Nagar", "village_category": "Rural", "village_code": "738288616" }, "geometry": { "type": "Point", "coordinates": [ 74.4781245, 36.2413722 ] } },
{ "type": "Feature", "properties": { "id": 121, "state": "Ladakh", "state_code": null, "district": "LEH", "district_code": 3.0, "sub_district": null, "sub_district_code": null, "sub_district_type": null, "village": "چھپروٹ", "village_category": "Rural", "village_code": "738288621" }, "geometry": { "type": "Point", "coordinates": [ 74.2893858, 36.2612325 ] } },
{ "type": "Feature", "properties": { "id": 122, "state": "Ladakh", "state_code": null, "district": "LEH", "district_code": 3.0, "sub_district": null, "sub_district_code": null, "sub_district_type": null, "village": "Pisan", "village_category": "Rural", "village_code": "738297218" }, "geometry": { "type": "Point", "coordinates": [ 74.5177383, 36.2500808 ] } },
{ "type": "Feature", "properties": { "id": 123, "state": "Ladakh", "state_code": null, "district": "LEH", "district_code": 3.0, "sub_district": null, "sub_district_code": null, "sub_district_type": null, "village": "Minapin", "village_category": "Rural", "village_code": "738297220" }, "geometry": { "type": "Point", "coordinates": [ 74.5358705, 36.2523366 ] } },
{ "type": "Feature", "properties": { "id": 124, "state": "Ladakh", "state_code": null, "district": "LEH", "district_code": 3.0, "sub_district": null, "sub_district_code": null, "sub_district_type": null, "village": "Nazimabad-Pyeen", "village_category": "Rural", "village_code": "738949728" }, "geometry": { "type": "Point", "coordinates": [ 74.8690536, 36.3394868 ] } },
{ "type": "Feature", "properties": { "id": 125, "state": "Ladakh", "state_code": null, "district": "LEH", "district_code": 3.0, "sub_district": null, "sub_district_code": null, "sub_district_type": null, "village": "Ainabad", "village_category": "Rural", "village_code": "738949729" }, "geometry": { "type": "Point", "coordinates": [ 74.8682818, 36.3160751 ] } },
{ "type": "Feature", "properties": { "id": 126, "state": "Ladakh", "state_code": null, "district": "LEH", "district_code": 3.0, "sub_district": null, "sub_district_code": null, "sub_district_type": null, "village": "Hakucher Nagar", "village_category": "Rural", "village_code": "738978986" }, "geometry": { "type": "Point", "coordinates": [ 74.613734, 36.2735026 ] } },
{ "type": "Feature", "properties": { "id": 127, "state": "Ladakh", "state_code": null, "district": "LEH", "district_code": 3.0, "sub_district": null, "sub_district_code": null, "sub_district_type": null, "village": "ایم نگݵر", "village_category": "Urban", "village_code": "738978993" }, "geometry": { "type": "Point", "coordinates": [ 74.7164489, 36.2759992 ] } },
{ "type": "Feature", "properties": { "id": 128, "state": "Ladakh", "state_code": null, "district": "LEH", "district_code": 3.0, "sub_district": null, "sub_district_code": null, "sub_district_type": null, "village": "Askurdass Nagar", "village_category": "Rural", "village_code": "738978997" }, "geometry": { "type": "Point", "coordinates": [ 74.6352286, 36.3012112 ] } },
{ "type": "Feature", "properties": { "id": 129, "state": "Ladakh", "state_code": null, "district": "LEH", "district_code": 3.0, "sub_district": null, "sub_district_code": null, "sub_district_type": null, "village": "Shayar Nagar", "village_category": "Rural", "village_code": "738979001" }, "geometry": { "type": "Point", "coordinates": [ 74.6173532, 36.2956603 ] } },
{ "type": "Feature", "properties": { "id": 130, "state": "Ladakh", "state_code": null, "district": "LEH", "district_code": 3.0, "sub_district": null, "sub_district_code": null, "sub_district_type": null, "village": "Husseini", "village_category": "Rural", "village_code": "739670280" }, "geometry": { "type": "Point", "coordinates": [ 74.875443, 36.4253556 ] } },
{ "type": "Feature", "properties": { "id": 131, "state": "Ladakh", "state_code": null, "district": "LEH", "district_code": 3.0, "sub_district": null, "sub_district_code": null, "sub_district_type": null, "village": "سکوار", "village_category": "Rural", "village_code": "739757435" }, "geometry": { "type": "Point", "coordinates": [ 74.3863836, 35.8813295 ] } },
{ "type": "Feature", "properties": { "id": 132, "state": "Ladakh", "state_code": null, "district": "LEH", "district_code": 3.0, "sub_district": null, "sub_district_code": null, "sub_district_type": null, "village": "چھموگڑھ", "village_category": "Rural", "village_code": "739895161" }, "geometry": { "type": "Point", "coordinates": [ 74.5363258, 35.8451327 ] } },
{ "type": "Feature", "properties": { "id": 133, "state": "Ladakh", "state_code": null, "district": "LEH", "district_code": 3.0, "sub_district": null, "sub_district_code": null, "sub_district_type": null, "village": "Hosi", "village_category": "Rural", "village_code": "739895192" }, "geometry": { "type": "Point", "coordinates": [ 74.6648714, 35.6941784 ] } },
{ "type": "Feature", "properties": { "id": 134, "state": "Ladakh", "state_code": null, "district": "LEH", "district_code": 3.0, "sub_district": null, "sub_district_code": null, "sub_district_type": null, "village": "Pari Banglow", "village_category": "Rural", "village_code": "739895198" }, "geometry": { "type": "Point", "coordinates": [ 74.5570112, 35.819671 ] } },
{ "type": "Feature", "properties": { "id": 135, "state": "Ladakh", "state_code": null, "district": "LEH", "district_code": 3.0, "sub_district": null, "sub_district_code": null, "sub_district_type": null, "village": "Daro", "village_category": "Rural", "village_code": "739903865" }, "geometry": { "type": "Point", "coordinates": [ 74.6140433, 35.6740585 ] } },
{ "type": "Feature", "properties": { "id": 136, "state": "Ladakh", "state_code": null, "district": "LEH", "district_code": 3.0, "sub_district": null, "sub_district_code": null, "sub_district_type": null, "village": "Damot", "village_category": "Rural", "village_code": "739903868" }, "geometry": { "type": "Point", "coordinates": [ 74.5976367, 35.6960072 ] } },
{ "type": "Feature", "properties": { "id": 137, "state": "Ladakh", "state_code": null, "district": "LEH", "district_code": 3.0, "sub_district": null, "sub_district_code": null, "sub_district_type": null, "village": "Ramghat Pul", "village_category": "Rural", "village_code": "739921269" }, "geometry": { "type": "Point", "coordinates": [ 74.6534781, 35.5809275 ] } },
{ "type": "Feature", "properties": { "id": 138, "state": "Ladakh", "state_code": null, "district": "LEH", "district_code": 3.0, "sub_district": null, "sub_district_code": null, "sub_district_type": null, "village": "Lichar", "village_category": "Rural", "village_code": "739921287" }, "geometry": { "type": "Point", "coordinates": [ 74.6285438, 35.5115556 ] } },
{ "type": "Feature", "properties": { "id": 139, "state": "Ladakh", "state_code": null, "district": "LEH", "district_code": 3.0, "sub_district": null, "sub_district_code": null, "sub_district_type": null, "village": "Drang", "village_category": "Rural", "village_code": "739981454" }, "geometry": { "type": "Point", "coordinates": [ 74.5030252, 35.4894553 ] } },
{ "type": "Feature", "properties": { "id": 140, "state": "Ladakh", "state_code": null, "district": "LEH", "district_code": 3.0, "sub_district": null, "sub_district_code": null, "sub_district_type": null, "village": "Jalipur", "village_category": "Rural", "village_code": "739981538" }, "geometry": { "type": "Point", "coordinates": [ 74.4626104, 35.4531495 ] } },
{ "type": "Feature", "properties": { "id": 141, "state": "Ladakh", "state_code": null, "district": "LEH", "district_code": 3.0, "sub_district": null, "sub_district_code": null, "sub_district_type": null, "village": "Bargin", "village_category": "Rural", "village_code": "739981541" }, "geometry": { "type": "Point", "coordinates": [ 74.4703753, 35.4783298 ] } },
{ "type": "Feature", "properties": { "id": 142, "state": "Ladakh", "state_code": null, "district": "LEH", "district_code": 3.0, "sub_district": null, "sub_district_code": null, "sub_district_type": null, "village": "Bunar", "village_category": "Rural", "village_code": "740037902" }, "geometry": { "type": "Point", "coordinates": [ 74.3275767, 35.4028992 ] } },
{ "type": "Feature", "properties": { "id": 143, "state": "Ladakh", "state_code": null, "district": "LEH", "district_code": 3.0, "sub_district": null, "sub_district_code": null, "sub_district_type": null, "village": "Ke Ges", "village_category": "Rural", "village_code": "740037905" }, "geometry": { "type": "Point", "coordinates": [ 74.29836, 35.4377107 ] } },
{ "type": "Feature", "properties": { "id": 144, "state": "Ladakh", "state_code": null, "district": "LEH", "district_code": 3.0, "sub_district": null, "sub_district_code": null, "sub_district_type": null, "village": "Gīne", "village_category": "Rural", "village_code": "740037906" }, "geometry": { "type": "Point", "coordinates": [ 74.2263941, 35.3779531 ] } },
{ "type": "Feature", "properties": { "id": 145, "state": "Ladakh", "state_code": null, "district": "LEH", "district_code": 3.0, "sub_district": null, "sub_district_code": null, "sub_district_type": null, "village": "Gasbala", "village_category": "Rural", "village_code": "740037908" }, "geometry": { "type": "Point", "coordinates": [ 74.3347931, 35.4218054 ] } },
{ "type": "Feature", "properties": { "id": 146, "state": "Ladakh", "state_code": null, "district": "LEH", "district_code": 3.0, "sub_district": null, "sub_district_code": null, "sub_district_type": null, "village": "Chhirowāi", "village_category": "Rural", "village_code": "740037910" }, "geometry": { "type": "Point", "coordinates": [ 74.2330789, 35.4006155 ] } },
{ "type": "Feature", "properties": { "id": 147, "state": "Ladakh", "state_code": null, "district": "LEH", "district_code": 3.0, "sub_district": null, "sub_district_code": null, "sub_district_type": null, "village": "Gunar", "village_category": "Rural", "village_code": "740037911" }, "geometry": { "type": "Point", "coordinates": [ 74.3763088, 35.4039386 ] } },
{ "type": "Feature", "properties": { "id": 148, "state": "Ladakh", "state_code": null, "district": "LEH", "district_code": 3.0, "sub_district": null, "sub_district_code": null, "sub_district_type": null, "village": "Thalpan", "village_category": "Rural", "village_code": "740097261" }, "geometry": { "type": "Point", "coordinates": [ 74.1492451, 35.4143418 ] } },
{ "type": "Feature", "properties": { "id": 149, "state": "Ladakh", "state_code": null, "district": "LEH", "district_code": 3.0, "sub_district": null, "sub_district_code": null, "sub_district_type": null, "village": "Sinai Much", "village_category": "Rural", "village_code": "740097269" }, "geometry": { "type": "Point", "coordinates": [ 73.8632456, 35.4885229 ] } },
{ "type": "Feature", "properties": { "id": 150, "state": "Ladakh", "state_code": null, "district": "LEH", "district_code": 3.0, "sub_district": null, "sub_district_code": null, "sub_district_type": null, "village": "Khotobut", "village_category": "Rural", "village_code": "740097273" }, "geometry": { "type": "Point", "coordinates": [ 73.8555733, 35.4789121 ] } },
{ "type": "Feature", "properties": { "id": 151, "state": "Ladakh", "state_code": null, "district": "LEH", "district_code": 3.0, "sub_district": null, "sub_district_code": null, "sub_district_type": null, "village": "Muruski", "village_category": "Rural", "village_code": "740097276" }, "geometry": { "type": "Point", "coordinates": [ 73.8404306, 35.4721346 ] } },
{ "type": "Feature", "properties": { "id": 152, "state": "Ladakh", "state_code": null, "district": "LEH", "district_code": 3.0, "sub_district": null, "sub_district_code": null, "sub_district_type": null, "village": "Balugush", "village_category": "Rural", "village_code": "740097282" }, "geometry": { "type": "Point", "coordinates": [ 73.9961362, 35.4507455 ] } },
{ "type": "Feature", "properties": { "id": 153, "state": "Ladakh", "state_code": null, "district": "LEH", "district_code": 3.0, "sub_district": null, "sub_district_code": null, "sub_district_type": null, "village": "چلمیش داس", "village_category": "Rural", "village_code": "746286684" }, "geometry": { "type": "Point", "coordinates": [ 74.3238989, 35.9779688 ] } },
{ "type": "Feature", "properties": { "id": 154, "state": "Ladakh", "state_code": null, "district": "LEH", "district_code": 3.0, "sub_district": null, "sub_district_code": null, "sub_district_type": null, "village": "جلال آباد", "village_category": "Urban", "village_code": "747740220" }, "geometry": { "type": "Point", "coordinates": [ 74.4967122, 35.8801667 ] } },
{ "type": "Feature", "properties": { "id": 155, "state": "Ladakh", "state_code": null, "district": "LEH", "district_code": 3.0, "sub_district": null, "sub_district_code": null, "sub_district_type": null, "village": "Jagot Jutal", "village_category": "Rural", "village_code": "747749289" }, "geometry": { "type": "Point", "coordinates": [ 74.3238264, 35.9925747 ] } },
{ "type": "Feature", "properties": { "id": 156, "state": "Ladakh", "state_code": null, "district": "LEH", "district_code": 3.0, "sub_district": null, "sub_district_code": null, "sub_district_type": null, "village": "Gowatchi Nomal", "village_category": "Rural", "village_code": "747749296" }, "geometry": { "type": "Point", "coordinates": [ 74.2791754, 36.174283 ] } },
{ "type": "Feature", "properties": { "id": 157, "state": "Ladakh", "state_code": null, "district": "LEH", "district_code": 3.0, "sub_district": null, "sub_district_code": null, "sub_district_type": null, "village": "Zarabad", "village_category": "Rural", "village_code": "747797741" }, "geometry": { "type": "Point", "coordinates": [ 74.8958606, 36.4309057 ] } },
{ "type": "Feature", "properties": { "id": 158, "state": "Ladakh", "state_code": null, "district": "LEH", "district_code": 3.0, "sub_district": null, "sub_district_code": null, "sub_district_type": null, "village": "Sumayar Nagar", "village_category": "Rural", "village_code": "752260178" }, "geometry": { "type": "Point", "coordinates": [ 74.6546555, 36.3053692 ] } },
{ "type": "Feature", "properties": { "id": 159, "state": "Ladakh", "state_code": null, "district": "LEH", "district_code": 3.0, "sub_district": null, "sub_district_code": null, "sub_district_type": null, "village": "Fiazabad Hunza", "village_category": "Rural", "village_code": "752260436" }, "geometry": { "type": "Point", "coordinates": [ 74.7050763, 36.3144365 ] } },
{ "type": "Feature", "properties": { "id": 160, "state": "Ladakh", "state_code": null, "district": "LEH", "district_code": 3.0, "sub_district": null, "sub_district_code": null, "sub_district_type": null, "village": "Telichi", "village_category": "Rural", "village_code": "752322947" }, "geometry": { "type": "Point", "coordinates": [ 74.6294285, 35.5756188 ] } },
{ "type": "Feature", "properties": { "id": 161, "state": "Ladakh", "state_code": null, "district": "LEH", "district_code": 3.0, "sub_district": null, "sub_district_code": null, "sub_district_type": null, "village": "Nasirabad Hindi", "village_category": "Rural", "village_code": "752645241" }, "geometry": { "type": "Point", "coordinates": [ 74.5232841, 36.2646364 ] } },
{ "type": "Feature", "properties": { "id": 162, "state": "Ladakh", "state_code": null, "district": "LEH", "district_code": 3.0, "sub_district": null, "sub_district_code": null, "sub_district_type": null, "village": "Hussinabad", "village_category": "Rural", "village_code": "752645245" }, "geometry": { "type": "Point", "coordinates": [ 74.3898927, 36.2507285 ] } },
{ "type": "Feature", "properties": { "id": 163, "state": "Ladakh", "state_code": null, "district": "LEH", "district_code": 3.0, "sub_district": null, "sub_district_code": null, "sub_district_type": null, "village": "Khuramabad", "village_category": "Rural", "village_code": "752658621" }, "geometry": { "type": "Point", "coordinates": [ 74.9127901, 36.4394867 ] } },
{ "type": "Feature", "properties": { "id": 164, "state": "Ladakh", "state_code": null, "district": "LEH", "district_code": 3.0, "sub_district": null, "sub_district_code": null, "sub_district_type": null, "village": "Lurg", "village_category": "Rural", "village_code": "752690279" }, "geometry": { "type": "Point", "coordinates": [ 73.500939, 35.5889346 ] } },
{ "type": "Feature", "properties": { "id": 165, "state": "Ladakh", "state_code": null, "district": "LEH", "district_code": 3.0, "sub_district": null, "sub_district_code": null, "sub_district_type": null, "village": "Khudabad", "village_category": "Rural", "village_code": "752803242" }, "geometry": { "type": "Point", "coordinates": [ 74.8194087, 36.6815982 ] } },
{ "type": "Feature", "properties": { "id": 166, "state": "Ladakh", "state_code": null, "district": "LEH", "district_code": 3.0, "sub_district": null, "sub_district_code": null, "sub_district_type": null, "village": "Baltit", "village_category": "Rural", "village_code": "752803403" }, "geometry": { "type": "Point", "coordinates": [ 74.6689153, 36.3257281 ] } },
{ "type": "Feature", "properties": { "id": 167, "state": "Ladakh", "state_code": null, "district": "LEH", "district_code": 3.0, "sub_district": null, "sub_district_code": null, "sub_district_type": null, "village": "Khyber", "village_category": "Rural", "village_code": "769392662" }, "geometry": { "type": "Point", "coordinates": [ 74.7961098, 36.5777701 ] } },
{ "type": "Feature", "properties": { "id": 168, "state": "Ladakh", "state_code": null, "district": "LEH", "district_code": 3.0, "sub_district": null, "sub_district_code": null, "sub_district_type": null, "village": "Chalapan", "village_category": "Rural", "village_code": "769392663" }, "geometry": { "type": "Point", "coordinates": [ 74.8574788, 36.5938224 ] } },
{ "type": "Feature", "properties": { "id": 169, "state": "Ladakh", "state_code": null, "district": "LEH", "district_code": 3.0, "sub_district": null, "sub_district_code": null, "sub_district_type": null, "village": "Morkhun", "village_category": "Rural", "village_code": "769392664" }, "geometry": { "type": "Point", "coordinates": [ 74.8646036, 36.6131432 ] } },
{ "type": "Feature", "properties": { "id": 170, "state": "Ladakh", "state_code": null, "district": "LEH", "district_code": 3.0, "sub_district": null, "sub_district_code": null, "sub_district_type": null, "village": "Gircha", "village_category": "Rural", "village_code": "769392665" }, "geometry": { "type": "Point", "coordinates": [ 74.8468631, 36.6490393 ] } },
{ "type": "Feature", "properties": { "id": 171, "state": "Ladakh", "state_code": null, "district": "LEH", "district_code": 3.0, "sub_district": null, "sub_district_code": null, "sub_district_type": null, "village": "گوجال", "village_category": "Rural", "village_code": "769392666" }, "geometry": { "type": "Point", "coordinates": [ 74.8632045, 36.6176353 ] } },
{ "type": "Feature", "properties": { "id": 172, "state": "Ladakh", "state_code": null, "district": "LEH", "district_code": 3.0, "sub_district": null, "sub_district_code": null, "sub_district_type": null, "village": "Jun Kharchanai", "village_category": "Rural", "village_code": "769415719" }, "geometry": { "type": "Point", "coordinates": [ 75.0349276, 36.8594554 ] } },
{ "type": "Feature", "properties": { "id": 173, "state": "Ladakh", "state_code": null, "district": "LEH", "district_code": 3.0, "sub_district": null, "sub_district_code": null, "sub_district_type": null, "village": "Ziārat", "village_category": "Rural", "village_code": "772484612" }, "geometry": { "type": "Point", "coordinates": [ 75.1377922, 36.4876086 ] } },
{ "type": "Feature", "properties": { "id": 174, "state": "Ladakh", "state_code": null, "district": "LEH", "district_code": 3.0, "sub_district": null, "sub_district_code": null, "sub_district_type": null, "village": "Mulungūtti", "village_category": "Rural", "village_code": "772484626" }, "geometry": { "type": "Point", "coordinates": [ 75.1948715, 36.4940115 ] } },
{ "type": "Feature", "properties": { "id": 175, "state": "Ladakh", "state_code": null, "district": "LEH", "district_code": 3.0, "sub_district": null, "sub_district_code": null, "sub_district_type": null, "village": "Farmanabad Shimshal", "village_category": "Rural", "village_code": "772503780" }, "geometry": { "type": "Point", "coordinates": [ 75.2463452, 36.4615061 ] } },
{ "type": "Feature", "properties": { "id": 176, "state": "Ladakh", "state_code": null, "district": "LEH", "district_code": 3.0, "sub_district": null, "sub_district_code": null, "sub_district_type": null, "village": "Kut Dūr-i-Dasht", "village_category": "Rural", "village_code": "772503880" }, "geometry": { "type": "Point", "coordinates": [ 75.2403793, 36.4812609 ] } },
{ "type": "Feature", "properties": { "id": 177, "state": "Ladakh", "state_code": null, "district": "LEH", "district_code": 3.0, "sub_district": null, "sub_district_code": null, "sub_district_type": null, "village": "Hispar", "village_category": "Rural", "village_code": "772708705" }, "geometry": { "type": "Point", "coordinates": [ 74.9942177, 36.1718664 ] } },
{ "type": "Feature", "properties": { "id": 178, "state": "Ladakh", "state_code": null, "district": "LEH", "district_code": 3.0, "sub_district": null, "sub_district_code": null, "sub_district_type": null, "village": "Hanle", "village_category": "Rural", "village_code": "787115869" }, "geometry": { "type": "Point", "coordinates": [ 78.9832056, 32.7714828 ] } },
{ "type": "Feature", "properties": { "id": 179, "state": "Ladakh", "state_code": null, "district": "LEH", "district_code": 3.0, "sub_district": null, "sub_district_code": null, "sub_district_type": null, "village": "Datspang", "village_category": "Rural", "village_code": "787125242" }, "geometry": { "type": "Point", "coordinates": [ 78.5987255, 33.1419195 ] } },
{ "type": "Feature", "properties": { "id": 180, "state": "Ladakh", "state_code": null, "district": "LEH", "district_code": 3.0, "sub_district": null, "sub_district_code": null, "sub_district_type": null, "village": "Tarshing", "village_category": "Rural", "village_code": "835525830" }, "geometry": { "type": "Point", "coordinates": [ 74.7335875, 35.2348022 ] } },
{ "type": "Feature", "properties": { "id": 181, "state": "Ladakh", "state_code": null, "district": "LEH", "district_code": 3.0, "sub_district": null, "sub_district_code": null, "sub_district_type": null, "village": "Phobrang", "village_category": "Rural", "village_code": "910935022" }, "geometry": { "type": "Point", "coordinates": [ 78.4419695, 34.057223 ] } },
{ "type": "Feature", "properties": { "id": 182, "state": "Ladakh", "state_code": null, "district": "LEH", "district_code": 3.0, "sub_district": null, "sub_district_code": null, "sub_district_type": null, "village": "Khaltse", "village_category": "Urban", "village_code": "912969933" }, "geometry": { "type": "Point", "coordinates": [ 76.881867, 34.322721 ] } },
{ "type": "Feature", "properties": { "id": 183, "state": "Ladakh", "state_code": null, "district": "LEH", "district_code": 3.0, "sub_district": null, "sub_district_code": null, "sub_district_type": null, "village": "Sumdo", "village_category": "Rural", "village_code": "912973468" }, "geometry": { "type": "Point", "coordinates": [ 78.366782, 33.2342736 ] } },
{ "type": "Feature", "properties": { "id": 184, "state": "Ladakh", "state_code": null, "district": "LEH", "district_code": 3.0, "sub_district": null, "sub_district_code": null, "sub_district_type": null, "village": "Rongjuk", "village_category": "Rural", "village_code": "913117739" }, "geometry": { "type": "Point", "coordinates": [ 77.727714, 34.4465955 ] } },
{ "type": "Feature", "properties": { "id": 185, "state": "Ladakh", "state_code": null, "district": "LEH", "district_code": 3.0, "sub_district": null, "sub_district_code": null, "sub_district_type": null, "village": "Saboo", "village_category": "Rural", "village_code": "913117811" }, "geometry": { "type": "Point", "coordinates": [ 77.6406033, 34.1351155 ] } },
{ "type": "Feature", "properties": { "id": 186, "state": "Ladakh", "state_code": null, "district": "LEH", "district_code": 3.0, "sub_district": null, "sub_district_code": null, "sub_district_type": null, "village": "Nyoma", "village_category": "Rural", "village_code": "915239099" }, "geometry": { "type": "Point", "coordinates": [ 78.6496578, 33.2054809 ] } },
{ "type": "Feature", "properties": { "id": 187, "state": "Ladakh", "state_code": null, "district": "KARGIL", "district_code": 4.0, "sub_district": null, "sub_district_code": null, "sub_district_type": null, "village": "Ichar", "village_category": "Rural", "village_code": "926583333" }, "geometry": { "type": "Point", "coordinates": [ 76.9976325, 33.3055312 ] } },
{ "type": "Feature", "properties": { "id": 188, "state": "Ladakh", "state_code": null, "district": "KARGIL", "district_code": 4.0, "sub_district": null, "sub_district_code": null, "sub_district_type": null, "village": "Tsetang", "village_category": "Rural", "village_code": "926666592" }, "geometry": { "type": "Point", "coordinates": [ 77.0648359, 33.2489855 ] } },
{ "type": "Feature", "properties": { "id": 189, "state": "Ladakh", "state_code": null, "district": "KARGIL", "district_code": 4.0, "sub_district": null, "sub_district_code": null, "sub_district_type": null, "village": "Surle", "village_category": "Rural", "village_code": "926673961" }, "geometry": { "type": "Point", "coordinates": [ 77.0910496, 33.2366842 ] } },
{ "type": "Feature", "properties": { "id": 190, "state": "Ladakh", "state_code": null, "district": "KARGIL", "district_code": 4.0, "sub_district": null, "sub_district_code": null, "sub_district_type": null, "village": "Kyalbok", "village_category": "Rural", "village_code": "926674836" }, "geometry": { "type": "Point", "coordinates": [ 77.1096972, 33.2371608 ] } },
{ "type": "Feature", "properties": { "id": 191, "state": "Ladakh", "state_code": null, "district": "KARGIL", "district_code": 4.0, "sub_district": null, "sub_district_code": null, "sub_district_type": null, "village": "Zamdang", "village_category": "Rural", "village_code": "926685160" }, "geometry": { "type": "Point", "coordinates": [ 77.1218472, 33.2392146 ] } },
{ "type": "Feature", "properties": { "id": 192, "state": "Ladakh", "state_code": null, "district": "KARGIL", "district_code": 4.0, "sub_district": null, "sub_district_code": null, "sub_district_type": null, "village": "Marling", "village_category": "Rural", "village_code": "926749307" }, "geometry": { "type": "Point", "coordinates": [ 77.1583429, 33.2006623 ] } },
{ "type": "Feature", "properties": { "id": 193, "state": "Ladakh", "state_code": null, "district": "KARGIL", "district_code": 4.0, "sub_district": null, "sub_district_code": null, "sub_district_type": null, "village": "Yal", "village_category": "Rural", "village_code": "926749513" }, "geometry": { "type": "Point", "coordinates": [ 77.1504947, 33.2093834 ] } },
{ "type": "Feature", "properties": { "id": 194, "state": "Ladakh", "state_code": null, "district": "KARGIL", "district_code": 4.0, "sub_district": null, "sub_district_code": null, "sub_district_type": null, "village": "Testa", "village_category": "Rural", "village_code": "926749964" }, "geometry": { "type": "Point", "coordinates": [ 77.1666792, 33.1782023 ] } },
{ "type": "Feature", "properties": { "id": 195, "state": "Ladakh", "state_code": null, "district": "KARGIL", "district_code": 4.0, "sub_district": null, "sub_district_code": null, "sub_district_type": null, "village": "Kuru", "village_category": "Rural", "village_code": "926756255" }, "geometry": { "type": "Point", "coordinates": [ 77.1832939, 33.164483 ] } },
{ "type": "Feature", "properties": { "id": 196, "state": "Ladakh", "state_code": null, "district": "KARGIL", "district_code": 4.0, "sub_district": null, "sub_district_code": null, "sub_district_type": null, "village": "Rallakh", "village_category": "Rural", "village_code": "926772373" }, "geometry": { "type": "Point", "coordinates": [ 77.2184879, 33.1195315 ] } },
{ "type": "Feature", "properties": { "id": 197, "state": "Ladakh", "state_code": null, "district": "KARGIL", "district_code": 4.0, "sub_district": null, "sub_district_code": null, "sub_district_type": null, "village": "Tangze Yogma", "village_category": "Rural", "village_code": "926772710" }, "geometry": { "type": "Point", "coordinates": [ 77.2110339, 33.1406061 ] } },
{ "type": "Feature", "properties": { "id": 198, "state": "Ladakh", "state_code": null, "district": "KARGIL", "district_code": 4.0, "sub_district": null, "sub_district_code": null, "sub_district_type": null, "village": "Khing", "village_category": "Rural", "village_code": "926974876" }, "geometry": { "type": "Point", "coordinates": [ 77.2136695, 33.0793873 ] } },
{ "type": "Feature", "properties": { "id": 199, "state": "Ladakh", "state_code": null, "district": "LEH", "district_code": 3.0, "sub_district": null, "sub_district_code": null, "sub_district_type": null, "village": "Demchok", "village_category": "Rural", "village_code": "991641981" }, "geometry": { "type": "Point", "coordinates": [ 79.4467432, 32.7040811 ] } },
{ "type": "Feature", "properties": { "id": 200, "state": "Ladakh", "state_code": null, "district": "LEH", "district_code": 3.0, "sub_district": null, "sub_district_code": null, "sub_district_type": null, "village": "典角村", "village_category": "Rural", "village_code": "991642048" }, "geometry": { "type": "Point", "coordinates": [ 79.4592796, 32.6948968 ] } },
{ "type": "Feature", "properties": { "id": 201, "state": "Ladakh", "state_code": null, "district": "LEH", "district_code": 3.0, "sub_district": null, "sub_district_code": null, "sub_district_type": null, "village": "Bilongtan", "village_category": "Rural", "village_code": "991892801" }, "geometry": { "type": "Point", "coordinates": [ 79.3105451, 34.7253614 ] } },
{ "type": "Feature", "properties": { "id": 202, "state": "Ladakh", "state_code": null, "district": "LEH", "district_code": 3.0, "sub_district": null, "sub_district_code": null, "sub_district_type": null, "village": "Loma", "village_category": "Rural", "village_code": "1288092597" }, "geometry": { "type": "Point", "coordinates": [ 78.8281773, 33.1718009 ] } },
{ "type": "Feature", "properties": { "id": 203, "state": "Ladakh", "state_code": null, "district": "LEH", "district_code": 3.0, "sub_district": null, "sub_district_code": null, "sub_district_type": null, "village": "Spanpuk", "village_category": "Rural", "village_code": "1290520834" }, "geometry": { "type": "Point", "coordinates": [ 77.4349768, 34.6237404 ] } },
{ "type": "Feature", "properties": { "id": 204, "state": "Ladakh", "state_code": null, "district": "LEH", "district_code": 3.0, "sub_district": null, "sub_district_code": null, "sub_district_type": null, "village": "Turtuk", "village_category": "Rural", "village_code": "1290521112" }, "geometry": { "type": "Point", "coordinates": [ 76.827951, 34.8447013 ] } },
{ "type": "Feature", "properties": { "id": 205, "state": "Ladakh", "state_code": null, "district": "LEH", "district_code": 3.0, "sub_district": null, "sub_district_code": null, "sub_district_type": null, "village": "اسکولی", "village_category": "Rural", "village_code": "1407433641" }, "geometry": { "type": "Point", "coordinates": [ 75.817937, 35.6819386 ] } },
{ "type": "Feature", "properties": { "id": 206, "state": "Ladakh", "state_code": null, "district": "LEH", "district_code": 3.0, "sub_district": null, "sub_district_code": null, "sub_district_type": null, "village": "ہوشے", "village_category": "Rural", "village_code": "1407541212" }, "geometry": { "type": "Point", "coordinates": [ 76.358077, 35.4502289 ] } },
{ "type": "Feature", "properties": { "id": 207, "state": "Ladakh", "state_code": null, "district": "KARGIL", "district_code": 4.0, "sub_district": null, "sub_district_code": null, "sub_district_type": null, "village": "Pishu", "village_category": "Rural", "village_code": "1426313792" }, "geometry": { "type": "Point", "coordinates": [ 76.983727, 33.6291461 ] } },
{ "type": "Feature", "properties": { "id": 208, "state": "Ladakh", "state_code": null, "district": "LEH", "district_code": 3.0, "sub_district": null, "sub_district_code": null, "sub_district_type": null, "village": "Sasoma", "village_category": "Rural", "village_code": "1428938435" }, "geometry": { "type": "Point", "coordinates": [ 77.7422858, 33.6390924 ] } },
{ "type": "Feature", "properties": { "id": 209, "state": "Ladakh", "state_code": null, "district": "KARGIL", "district_code": 4.0, "sub_district": null, "sub_district_code": null, "sub_district_type": null, "village": "Lamochan", "village_category": "Rural", "village_code": "1643128101" }, "geometry": { "type": "Point", "coordinates": [ 75.7631277, 34.4190027 ] } },
{ "type": "Feature", "properties": { "id": 210, "state": "Ladakh", "state_code": null, "district": "LEH", "district_code": 3.0, "sub_district": null, "sub_district_code": null, "sub_district_type": null, "village": "Nuruchang", "village_category": "Rural", "village_code": "1819012425" }, "geometry": { "type": "Point", "coordinates": [ 77.9914972, 33.24035 ] } },
{ "type": "Feature", "properties": { "id": 211, "state": "Ladakh", "state_code": null, "district": "LEH", "district_code": 3.0, "sub_district": null, "sub_district_code": null, "sub_district_type": null, "village": "Rajun Karu", "village_category": "Rural", "village_code": "1819012429" }, "geometry": { "type": "Point", "coordinates": [ 78.043669, 33.1634539 ] } },
{ "type": "Feature", "properties": { "id": 212, "state": "Ladakh", "state_code": null, "district": "KARGIL", "district_code": 4.0, "sub_district": null, "sub_district_code": null, "sub_district_type": null, "village": "Honia", "village_category": "Rural", "village_code": "1880655243" }, "geometry": { "type": "Point", "coordinates": [ 76.9383791, 33.693575 ] } },
{ "type": "Feature", "properties": { "id": 213, "state": "Ladakh", "state_code": null, "district": "LEH", "district_code": 3.0, "sub_district": null, "sub_district_code": null, "sub_district_type": null, "village": "Ozang", "village_category": "Rural", "village_code": "1911326106" }, "geometry": { "type": "Point", "coordinates": [ 77.7055573, 33.8466599 ] } },
{ "type": "Feature", "properties": { "id": 214, "state": "Ladakh", "state_code": null, "district": "LEH", "district_code": 3.0, "sub_district": null, "sub_district_code": null, "sub_district_type": null, "village": "Khar", "village_category": "Rural", "village_code": "1911327096" }, "geometry": { "type": "Point", "coordinates": [ 77.484754, 33.603153 ] } },
{ "type": "Feature", "properties": { "id": 215, "state": "Ladakh", "state_code": null, "district": "LEH", "district_code": 3.0, "sub_district": null, "sub_district_code": null, "sub_district_type": null, "village": "Damgo", "village_category": "Rural", "village_code": "1911327266" }, "geometry": { "type": "Point", "coordinates": [ 77.5150937, 33.5014884 ] } },
{ "type": "Feature", "properties": { "id": 216, "state": "Ladakh", "state_code": null, "district": "LEH", "district_code": 3.0, "sub_district": null, "sub_district_code": null, "sub_district_type": null, "village": "Zabuk Barma", "village_category": "Rural", "village_code": "1911327376" }, "geometry": { "type": "Point", "coordinates": [ 77.6744811, 33.2810155 ] } },
{ "type": "Feature", "properties": { "id": 217, "state": "Ladakh", "state_code": null, "district": "LEH", "district_code": 3.0, "sub_district": null, "sub_district_code": null, "sub_district_type": null, "village": "Lungo", "village_category": "Rural", "village_code": "1911327714" }, "geometry": { "type": "Point", "coordinates": [ 77.6554767, 33.2358731 ] } },
{ "type": "Feature", "properties": { "id": 218, "state": "Ladakh", "state_code": null, "district": "LEH", "district_code": 3.0, "sub_district": null, "sub_district_code": null, "sub_district_type": null, "village": "Takh", "village_category": "Rural", "village_code": "1911328231" }, "geometry": { "type": "Point", "coordinates": [ 77.5694592, 33.0781351 ] } },
{ "type": "Feature", "properties": { "id": 219, "state": "Ladakh", "state_code": null, "district": "LEH", "district_code": 3.0, "sub_district": null, "sub_district_code": null, "sub_district_type": null, "village": "Chalung Do", "village_category": "Rural", "village_code": "1911429839" }, "geometry": { "type": "Point", "coordinates": [ 77.040239, 34.139228 ] } },
{ "type": "Feature", "properties": { "id": 220, "state": "Ladakh", "state_code": null, "district": "LEH", "district_code": 3.0, "sub_district": null, "sub_district_code": null, "sub_district_type": null, "village": "Sumdo Gongma", "village_category": "Rural", "village_code": "1941470749" }, "geometry": { "type": "Point", "coordinates": [ 78.3774015, 33.215634 ] } },
{ "type": "Feature", "properties": { "id": 221, "state": "Ladakh", "state_code": null, "district": "LEH", "district_code": 3.0, "sub_district": null, "sub_district_code": null, "sub_district_type": null, "village": "Kaya", "village_category": "Rural", "village_code": "1942464306" }, "geometry": { "type": "Point", "coordinates": [ 77.2445436, 33.9897256 ] } },
{ "type": "Feature", "properties": { "id": 222, "state": "Ladakh", "state_code": null, "district": "LEH", "district_code": 3.0, "sub_district": null, "sub_district_code": null, "sub_district_type": null, "village": "Chalak", "village_category": "Rural", "village_code": "1958290949" }, "geometry": { "type": "Point", "coordinates": [ 77.3647406, 33.9184813 ] } },
{ "type": "Feature", "properties": { "id": 223, "state": "Ladakh", "state_code": null, "district": "LEH", "district_code": 3.0, "sub_district": null, "sub_district_code": null, "sub_district_type": null, "village": "Thinles-Pa", "village_category": "Rural", "village_code": "1958291554" }, "geometry": { "type": "Point", "coordinates": [ 77.3942649, 33.8968871 ] } },
{ "type": "Feature", "properties": { "id": 224, "state": "Ladakh", "state_code": null, "district": "LEH", "district_code": 3.0, "sub_district": null, "sub_district_code": null, "sub_district_type": null, "village": "Hankar", "village_category": "Rural", "village_code": "1963045581" }, "geometry": { "type": "Point", "coordinates": [ 77.5058478, 33.8315987 ] } },
{ "type": "Feature", "properties": { "id": 225, "state": "Ladakh", "state_code": null, "district": "LEH", "district_code": 3.0, "sub_district": null, "sub_district_code": null, "sub_district_type": null, "village": "Pentse", "village_category": "Rural", "village_code": "2034950994" }, "geometry": { "type": "Point", "coordinates": [ 77.3003978, 33.9576984 ] } },
{ "type": "Feature", "properties": { "id": 226, "state": "Ladakh", "state_code": null, "district": "LEH", "district_code": 3.0, "sub_district": null, "sub_district_code": null, "sub_district_type": null, "village": "Doltal", "village_category": "Rural", "village_code": "2035919630" }, "geometry": { "type": "Point", "coordinates": [ 77.5090473, 33.8420345 ] } },
{ "type": "Feature", "properties": { "id": 227, "state": "Ladakh", "state_code": null, "district": "KARGIL", "district_code": 4.0, "sub_district": null, "sub_district_code": null, "sub_district_type": null, "village": "Hanamur", "village_category": "Rural", "village_code": "2071207350" }, "geometry": { "type": "Point", "coordinates": [ 76.870436, 33.7190042 ] } },
{ "type": "Feature", "properties": { "id": 228, "state": "Ladakh", "state_code": null, "district": "KARGIL", "district_code": 4.0, "sub_district": null, "sub_district_code": null, "sub_district_type": null, "village": "Stongde", "village_category": "Rural", "village_code": "2071207351" }, "geometry": { "type": "Point", "coordinates": [ 76.9734891, 33.5177873 ] } },
{ "type": "Feature", "properties": { "id": 229, "state": "Ladakh", "state_code": null, "district": "LEH", "district_code": 3.0, "sub_district": null, "sub_district_code": null, "sub_district_type": null, "village": "Puluchan", "village_category": "Rural", "village_code": "2074328679" }, "geometry": { "type": "Point", "coordinates": [ 77.4203737, 34.1864156 ] } },
{ "type": "Feature", "properties": { "id": 230, "state": "Ladakh", "state_code": null, "district": "LEH", "district_code": 3.0, "sub_district": null, "sub_district_code": null, "sub_district_type": null, "village": "Yarchon ward", "village_category": "Rural", "village_code": "2075766649" }, "geometry": { "type": "Point", "coordinates": [ 77.4359084, 34.2127248 ] } },
{ "type": "Feature", "properties": { "id": 231, "state": "Ladakh", "state_code": null, "district": "LEH", "district_code": 3.0, "sub_district": null, "sub_district_code": null, "sub_district_type": null, "village": "Tangyar", "village_category": "Rural", "village_code": "2087276932" }, "geometry": { "type": "Point", "coordinates": [ 77.8740919, 34.2536294 ] } },
{ "type": "Feature", "properties": { "id": 232, "state": "Ladakh", "state_code": null, "district": "LEH", "district_code": 3.0, "sub_district": null, "sub_district_code": null, "sub_district_type": null, "village": "Rele", "village_category": "Rural", "village_code": "2087616998" }, "geometry": { "type": "Point", "coordinates": [ 78.0235781, 34.1550914 ] } },
{ "type": "Feature", "properties": { "id": 233, "state": "Ladakh", "state_code": null, "district": "LEH", "district_code": 3.0, "sub_district": null, "sub_district_code": null, "sub_district_type": null, "village": "Unnamed Isolated_dwelling", "village_category": "Rural", "village_code": "2088871909" }, "geometry": { "type": "Point", "coordinates": [ 77.9302521, 34.0473578 ] } },
{ "type": "Feature", "properties": { "id": 234, "state": "Ladakh", "state_code": null, "district": "LEH", "district_code": 3.0, "sub_district": null, "sub_district_code": null, "sub_district_type": null, "village": "Unnamed Isolated_dwelling", "village_category": "Rural", "village_code": "2088871983" }, "geometry": { "type": "Point", "coordinates": [ 77.980431, 34.0940294 ] } },
{ "type": "Feature", "properties": { "id": 235, "state": "Ladakh", "state_code": null, "district": "LEH", "district_code": 3.0, "sub_district": null, "sub_district_code": null, "sub_district_type": null, "village": "Khera Pulu", "village_category": "Rural", "village_code": "2286789082" }, "geometry": { "type": "Point", "coordinates": [ 78.331197, 33.8352431 ] } },
{ "type": "Feature", "properties": { "id": 236, "state": "Ladakh", "state_code": null, "district": "LEH", "district_code": 3.0, "sub_district": null, "sub_district_code": null, "sub_district_type": null, "village": "Chhibra", "village_category": "Rural", "village_code": "2286789093" }, "geometry": { "type": "Point", "coordinates": [ 78.2652688, 33.907131 ] } },
{ "type": "Feature", "properties": { "id": 237, "state": "Ladakh", "state_code": null, "district": "LEH", "district_code": 3.0, "sub_district": null, "sub_district_code": null, "sub_district_type": null, "village": "Pilasalsal", "village_category": "Rural", "village_code": "2286789127" }, "geometry": { "type": "Point", "coordinates": [ 78.2622587, 33.9315775 ] } },
{ "type": "Feature", "properties": { "id": 238, "state": "Ladakh", "state_code": null, "district": "LEH", "district_code": 3.0, "sub_district": null, "sub_district_code": null, "sub_district_type": null, "village": "Lukung", "village_category": "Rural", "village_code": "2286810450" }, "geometry": { "type": "Point", "coordinates": [ 78.4140257, 33.9951164 ] } },
{ "type": "Feature", "properties": { "id": 239, "state": "Ladakh", "state_code": null, "district": "LEH", "district_code": 3.0, "sub_district": null, "sub_district_code": null, "sub_district_type": null, "village": "Yurgo", "village_category": "Rural", "village_code": "2286810454" }, "geometry": { "type": "Point", "coordinates": [ 78.4246281, 34.0475151 ] } },
{ "type": "Feature", "properties": { "id": 240, "state": "Ladakh", "state_code": null, "district": "LEH", "district_code": 3.0, "sub_district": null, "sub_district_code": null, "sub_district_type": null, "village": "Matho", "village_category": "Rural", "village_code": "2291090188" }, "geometry": { "type": "Point", "coordinates": [ 77.6432128, 33.996802 ] } },
{ "type": "Feature", "properties": { "id": 241, "state": "Ladakh", "state_code": null, "district": "LEH", "district_code": 3.0, "sub_district": null, "sub_district_code": null, "sub_district_type": null, "village": "Agham", "village_category": "Rural", "village_code": "2296137011" }, "geometry": { "type": "Point", "coordinates": [ 77.8312796, 34.3283946 ] } },
{ "type": "Feature", "properties": { "id": 242, "state": "Ladakh", "state_code": null, "district": "LEH", "district_code": 3.0, "sub_district": null, "sub_district_code": null, "sub_district_type": null, "village": "Janabad", "village_category": "Rural", "village_code": "2350892736" }, "geometry": { "type": "Point", "coordinates": [ 74.8795093, 36.4966211 ] } },
{ "type": "Feature", "properties": { "id": 243, "state": "Ladakh", "state_code": null, "district": "LEH", "district_code": 3.0, "sub_district": null, "sub_district_code": null, "sub_district_type": null, "village": "Umla", "village_category": "Rural", "village_code": "2371806350" }, "geometry": { "type": "Point", "coordinates": [ 77.3992305, 34.2373979 ] } },
{ "type": "Feature", "properties": { "id": 244, "state": "Ladakh", "state_code": null, "district": "LEH", "district_code": 3.0, "sub_district": null, "sub_district_code": null, "sub_district_type": null, "village": "Choma", "village_category": "Rural", "village_code": "2417355298" }, "geometry": { "type": "Point", "coordinates": [ 77.5082929, 34.2023458 ] } },
{ "type": "Feature", "properties": { "id": 245, "state": "Ladakh", "state_code": null, "district": "LEH", "district_code": 3.0, "sub_district": null, "sub_district_code": null, "sub_district_type": null, "village": "Murabak", "village_category": "Rural", "village_code": "2417360420" }, "geometry": { "type": "Point", "coordinates": [ 77.5152682, 34.2276497 ] } },
{ "type": "Feature", "properties": { "id": 246, "state": "Ladakh", "state_code": null, "district": "LEH", "district_code": 3.0, "sub_district": null, "sub_district_code": null, "sub_district_type": null, "village": "Pulu Digar", "village_category": "Rural", "village_code": "2420185126" }, "geometry": { "type": "Point", "coordinates": [ 77.6624339, 34.1542937 ] } },
{ "type": "Feature", "properties": { "id": 247, "state": "Ladakh", "state_code": null, "district": "LEH", "district_code": 3.0, "sub_district": null, "sub_district_code": null, "sub_district_type": null, "village": "Shang", "village_category": "Rural", "village_code": "2420229307" }, "geometry": { "type": "Point", "coordinates": [ 77.659928, 33.8657642 ] } },
{ "type": "Feature", "properties": { "id": 248, "state": "Ladakh", "state_code": null, "district": "LEH", "district_code": 3.0, "sub_district": null, "sub_district_code": null, "sub_district_type": null, "village": "Lanak", "village_category": "Rural", "village_code": "2423762840" }, "geometry": { "type": "Point", "coordinates": [ 77.1477156, 34.0937545 ] } },
{ "type": "Feature", "properties": { "id": 249, "state": "Ladakh", "state_code": null, "district": "LEH", "district_code": 3.0, "sub_district": null, "sub_district_code": null, "sub_district_type": null, "village": "Chilling", "village_category": "Rural", "village_code": "2424578124" }, "geometry": { "type": "Point", "coordinates": [ 77.2028513, 34.0385204 ] } },
{ "type": "Feature", "properties": { "id": 250, "state": "Ladakh", "state_code": null, "district": "LEH", "district_code": 3.0, "sub_district": null, "sub_district_code": null, "sub_district_type": null, "village": "Sumdahdo", "village_category": "Rural", "village_code": "2424578128" }, "geometry": { "type": "Point", "coordinates": [ 77.2136961, 34.104438 ] } },
{ "type": "Feature", "properties": { "id": 251, "state": "Ladakh", "state_code": null, "district": "KARGIL", "district_code": 4.0, "sub_district": null, "sub_district_code": null, "sub_district_type": null, "village": "Kanji", "village_category": "Rural", "village_code": "2462822741" }, "geometry": { "type": "Point", "coordinates": [ 76.6056774, 34.2318874 ] } },
{ "type": "Feature", "properties": { "id": 252, "state": "Ladakh", "state_code": null, "district": "LEH", "district_code": 3.0, "sub_district": null, "sub_district_code": null, "sub_district_type": null, "village": "Shilla", "village_category": "Rural", "village_code": "2462851160" }, "geometry": { "type": "Point", "coordinates": [ 76.8095887, 34.2435892 ] } },
{ "type": "Feature", "properties": { "id": 253, "state": "Ladakh", "state_code": null, "district": "KARGIL", "district_code": 4.0, "sub_district": null, "sub_district_code": null, "sub_district_type": null, "village": "Yugar", "village_category": "Rural", "village_code": "2472087486" }, "geometry": { "type": "Point", "coordinates": [ 77.1827588, 33.2664763 ] } },
{ "type": "Feature", "properties": { "id": 254, "state": "Ladakh", "state_code": null, "district": "KARGIL", "district_code": 4.0, "sub_district": null, "sub_district_code": null, "sub_district_type": null, "village": "Thangso", "village_category": "Rural", "village_code": "2494012850" }, "geometry": { "type": "Point", "coordinates": [ 77.1908419, 33.0785085 ] } },
{ "type": "Feature", "properties": { "id": 255, "state": "Ladakh", "state_code": null, "district": "LEH", "district_code": 3.0, "sub_district": null, "sub_district_code": null, "sub_district_type": null, "village": "Gira", "village_category": "Rural", "village_code": "2537058699" }, "geometry": { "type": "Point", "coordinates": [ 77.0811952, 34.2519865 ] } },
{ "type": "Feature", "properties": { "id": 256, "state": "Ladakh", "state_code": null, "district": "LEH", "district_code": 3.0, "sub_district": null, "sub_district_code": null, "sub_district_type": null, "village": "Koyul", "village_category": "Rural", "village_code": "2557286578" }, "geometry": { "type": "Point", "coordinates": [ 79.1959427, 32.8798789 ] } },
{ "type": "Feature", "properties": { "id": 257, "state": "Ladakh", "state_code": null, "district": "LEH", "district_code": 3.0, "sub_district": null, "sub_district_code": null, "sub_district_type": null, "village": "Unnamed Isolated_dwelling", "village_category": "Rural", "village_code": "2564801477" }, "geometry": { "type": "Point", "coordinates": [ 77.7711069, 35.0734863 ] } },
{ "type": "Feature", "properties": { "id": 258, "state": "Ladakh", "state_code": null, "district": "LEH", "district_code": 3.0, "sub_district": null, "sub_district_code": null, "sub_district_type": null, "village": "North Pullu", "village_category": "Rural", "village_code": "2592574728" }, "geometry": { "type": "Point", "coordinates": [ 77.6451708, 34.3312106 ] } },
{ "type": "Feature", "properties": { "id": 259, "state": "Ladakh", "state_code": null, "district": "LEH", "district_code": 3.0, "sub_district": null, "sub_district_code": null, "sub_district_type": null, "village": "سوست", "village_category": "Urban", "village_code": "2663382639" }, "geometry": { "type": "Point", "coordinates": [ 74.8205541, 36.6897187 ] } },
{ "type": "Feature", "properties": { "id": 260, "state": "Ladakh", "state_code": null, "district": "LEH", "district_code": 3.0, "sub_district": null, "sub_district_code": null, "sub_district_type": null, "village": "Tato", "village_category": "Rural", "village_code": "2679446289" }, "geometry": { "type": "Point", "coordinates": [ 74.5956993, 35.4305381 ] } },
{ "type": "Feature", "properties": { "id": 261, "state": "Ladakh", "state_code": null, "district": "LEH", "district_code": 3.0, "sub_district": null, "sub_district_code": null, "sub_district_type": null, "village": "Rupal", "village_category": "Rural", "village_code": "2679647321" }, "geometry": { "type": "Point", "coordinates": [ 74.7024222, 35.2191175 ] } },
{ "type": "Feature", "properties": { "id": 262, "state": "Ladakh", "state_code": null, "district": "LEH", "district_code": 3.0, "sub_district": null, "sub_district_code": null, "sub_district_type": null, "village": "رٹر", "village_category": "Rural", "village_code": "2727163583" }, "geometry": { "type": "Point", "coordinates": [ 74.7566495, 36.2273821 ] } },
{ "type": "Feature", "properties": { "id": 263, "state": "Ladakh", "state_code": null, "district": "LEH", "district_code": 3.0, "sub_district": null, "sub_district_code": null, "sub_district_type": null, "village": "گلتری", "village_category": "Rural", "village_code": "2775810632" }, "geometry": { "type": "Point", "coordinates": [ 75.5396112, 34.6603709 ] } },
{ "type": "Feature", "properties": { "id": 264, "state": "Ladakh", "state_code": null, "district": "LEH", "district_code": 3.0, "sub_district": null, "sub_district_code": null, "sub_district_type": null, "village": "استور‎", "village_category": "Urban", "village_code": "2777265389" }, "geometry": { "type": "Point", "coordinates": [ 74.8569804, 35.3566152 ] } },
{ "type": "Feature", "properties": { "id": 265, "state": "Ladakh", "state_code": null, "district": "LEH", "district_code": 3.0, "sub_district": null, "sub_district_code": null, "sub_district_type": null, "village": "سلطان آباد", "village_category": "Urban", "village_code": "2779477778" }, "geometry": { "type": "Point", "coordinates": [ 74.377631, 35.9447621 ] } },
{ "type": "Feature", "properties": { "id": 266, "state": "Ladakh", "state_code": null, "district": "KARGIL", "district_code": 4.0, "sub_district": null, "sub_district_code": null, "sub_district_type": null, "village": "Changyul", "village_category": "Rural", "village_code": "2811668011" }, "geometry": { "type": "Point", "coordinates": [ 76.1309025, 34.3644768 ] } },
{ "type": "Feature", "properties": { "id": 267, "state": "Ladakh", "state_code": null, "district": "LEH", "district_code": 3.0, "sub_district": null, "sub_district_code": null, "sub_district_type": null, "village": "Unnamed Isolated_dwelling", "village_category": "Rural", "village_code": "2917913078" }, "geometry": { "type": "Point", "coordinates": [ 77.9798349, 35.013624 ] } },
{ "type": "Feature", "properties": { "id": 268, "state": "Ladakh", "state_code": null, "district": "LEH", "district_code": 3.0, "sub_district": null, "sub_district_code": null, "sub_district_type": null, "village": "Chuchot Yokma", "village_category": "Rural", "village_code": "2924504987" }, "geometry": { "type": "Point", "coordinates": [ 77.6025178, 34.0753403 ] } },
{ "type": "Feature", "properties": { "id": 269, "state": "Ladakh", "state_code": null, "district": "LEH", "district_code": 3.0, "sub_district": null, "sub_district_code": null, "sub_district_type": null, "village": "Laga", "village_category": "Rural", "village_code": "2931105169" }, "geometry": { "type": "Point", "coordinates": [ 78.1278153, 34.0888984 ] } },
{ "type": "Feature", "properties": { "id": 270, "state": "Ladakh", "state_code": null, "district": "LEH", "district_code": 3.0, "sub_district": null, "sub_district_code": null, "sub_district_type": null, "village": "چولنگ", "village_category": "Rural", "village_code": "2945987892" }, "geometry": { "type": "Point", "coordinates": [ 76.8850178, 35.1144106 ] } },
{ "type": "Feature", "properties": { "id": 271, "state": "Ladakh", "state_code": null, "district": "LEH", "district_code": 3.0, "sub_district": null, "sub_district_code": null, "sub_district_type": null, "village": "گیاری", "village_category": "Rural", "village_code": "2945987893" }, "geometry": { "type": "Point", "coordinates": [ 76.8551138, 35.2293609 ] } },
{ "type": "Feature", "properties": { "id": 272, "state": "Ladakh", "state_code": null, "district": "LEH", "district_code": 3.0, "sub_district": null, "sub_district_code": null, "sub_district_type": null, "village": "گوما", "village_category": "Rural", "village_code": "2945987894" }, "geometry": { "type": "Point", "coordinates": [ 76.7912153, 35.1485852 ] } },
{ "type": "Feature", "properties": { "id": 273, "state": "Ladakh", "state_code": null, "district": "LEH", "district_code": 3.0, "sub_district": null, "sub_district_code": null, "sub_district_type": null, "village": "گیانگ", "village_category": "Rural", "village_code": "2945987895" }, "geometry": { "type": "Point", "coordinates": [ 76.9587357, 35.1570407 ] } },
{ "type": "Feature", "properties": { "id": 274, "state": "Ladakh", "state_code": null, "district": "LEH", "district_code": 3.0, "sub_district": null, "sub_district_code": null, "sub_district_type": null, "village": "Aranu Yogma", "village_category": "Rural", "village_code": "2964423737" }, "geometry": { "type": "Point", "coordinates": [ 77.4686861, 34.8690019 ] } },
{ "type": "Feature", "properties": { "id": 275, "state": "Ladakh", "state_code": null, "district": "LEH", "district_code": 3.0, "sub_district": null, "sub_district_code": null, "sub_district_type": null, "village": "Ayi", "village_category": "Rural", "village_code": "2964423738" }, "geometry": { "type": "Point", "coordinates": [ 77.4831149, 34.8402691 ] } },
{ "type": "Feature", "properties": { "id": 276, "state": "Ladakh", "state_code": null, "district": "LEH", "district_code": 3.0, "sub_district": null, "sub_district_code": null, "sub_district_type": null, "village": "Barma", "village_category": "Rural", "village_code": "2964423739" }, "geometry": { "type": "Point", "coordinates": [ 77.571406, 34.6335173 ] } },
{ "type": "Feature", "properties": { "id": 277, "state": "Ladakh", "state_code": null, "district": "LEH", "district_code": 3.0, "sub_district": null, "sub_district_code": null, "sub_district_type": null, "village": "Charasa", "village_category": "Rural", "village_code": "2964423740" }, "geometry": { "type": "Point", "coordinates": [ 77.5482188, 34.6822809 ] } },
{ "type": "Feature", "properties": { "id": 278, "state": "Ladakh", "state_code": null, "district": "LEH", "district_code": 3.0, "sub_district": null, "sub_district_code": null, "sub_district_type": null, "village": "Henache", "village_category": "Rural", "village_code": "2964423741" }, "geometry": { "type": "Point", "coordinates": [ 77.4047756, 34.9715859 ] } },
{ "type": "Feature", "properties": { "id": 279, "state": "Ladakh", "state_code": null, "district": "LEH", "district_code": 3.0, "sub_district": null, "sub_district_code": null, "sub_district_type": null, "village": "Khyungru", "village_category": "Rural", "village_code": "2964423742" }, "geometry": { "type": "Point", "coordinates": [ 77.8263627, 34.2831118 ] } },
{ "type": "Feature", "properties": { "id": 280, "state": "Ladakh", "state_code": null, "district": "LEH", "district_code": 3.0, "sub_district": null, "sub_district_code": null, "sub_district_type": null, "village": "Khimi", "village_category": "Rural", "village_code": "2964423743" }, "geometry": { "type": "Point", "coordinates": [ 77.4233804, 34.9443437 ] } },
{ "type": "Feature", "properties": { "id": 281, "state": "Ladakh", "state_code": null, "district": "LEH", "district_code": 3.0, "sub_district": null, "sub_district_code": null, "sub_district_type": null, "village": "Kuri", "village_category": "Rural", "village_code": "2964423744" }, "geometry": { "type": "Point", "coordinates": [ 77.540419, 34.7193028 ] } },
{ "type": "Feature", "properties": { "id": 282, "state": "Ladakh", "state_code": null, "district": "LEH", "district_code": 3.0, "sub_district": null, "sub_district_code": null, "sub_district_type": null, "village": "Labāps", "village_category": "Rural", "village_code": "2964423745" }, "geometry": { "type": "Point", "coordinates": [ 77.8381845, 34.2921578 ] } },
{ "type": "Feature", "properties": { "id": 283, "state": "Ladakh", "state_code": null, "district": "LEH", "district_code": 3.0, "sub_district": null, "sub_district_code": null, "sub_district_type": null, "village": "Markala", "village_category": "Rural", "village_code": "2964423746" }, "geometry": { "type": "Point", "coordinates": [ 77.6105267, 34.6425108 ] } },
{ "type": "Feature", "properties": { "id": 284, "state": "Ladakh", "state_code": null, "district": "LEH", "district_code": 3.0, "sub_district": null, "sub_district_code": null, "sub_district_type": null, "village": "Murgi", "village_category": "Rural", "village_code": "2964423747" }, "geometry": { "type": "Point", "coordinates": [ 77.5279402, 34.7595852 ] } },
{ "type": "Feature", "properties": { "id": 285, "state": "Ladakh", "state_code": null, "district": "LEH", "district_code": 3.0, "sub_district": null, "sub_district_code": null, "sub_district_type": null, "village": "Nyungstet", "village_category": "Rural", "village_code": "2964423748" }, "geometry": { "type": "Point", "coordinates": [ 77.3810051, 34.9830226 ] } },
{ "type": "Feature", "properties": { "id": 286, "state": "Ladakh", "state_code": null, "district": "LEH", "district_code": 3.0, "sub_district": null, "sub_district_code": null, "sub_district_type": null, "village": "Phukpoche", "village_category": "Rural", "village_code": "2964423749" }, "geometry": { "type": "Point", "coordinates": [ 77.5254286, 34.8043861 ] } },
{ "type": "Feature", "properties": { "id": 287, "state": "Ladakh", "state_code": null, "district": "LEH", "district_code": 3.0, "sub_district": null, "sub_district_code": null, "sub_district_type": null, "village": "Rongdo", "village_category": "Rural", "village_code": "2964423750" }, "geometry": { "type": "Point", "coordinates": [ 77.7852406, 34.4086881 ] } },
{ "type": "Feature", "properties": { "id": 288, "state": "Ladakh", "state_code": null, "district": "LEH", "district_code": 3.0, "sub_district": null, "sub_district_code": null, "sub_district_type": null, "village": "Tsati", "village_category": "Rural", "village_code": "2964423751" }, "geometry": { "type": "Point", "coordinates": [ 77.7307566, 34.4764714 ] } },
{ "type": "Feature", "properties": { "id": 289, "state": "Ladakh", "state_code": null, "district": "LEH", "district_code": 3.0, "sub_district": null, "sub_district_code": null, "sub_district_type": null, "village": "Stongstet", "village_category": "Rural", "village_code": "2964423752" }, "geometry": { "type": "Point", "coordinates": [ 77.3937399, 34.9845196 ] } },
{ "type": "Feature", "properties": { "id": 290, "state": "Ladakh", "state_code": null, "district": "LEH", "district_code": 3.0, "sub_district": null, "sub_district_code": null, "sub_district_type": null, "village": "Taksha", "village_category": "Rural", "village_code": "2964423753" }, "geometry": { "type": "Point", "coordinates": [ 77.5084093, 34.8229554 ] } },
{ "type": "Feature", "properties": { "id": 291, "state": "Ladakh", "state_code": null, "district": "LEH", "district_code": 3.0, "sub_district": null, "sub_district_code": null, "sub_district_type": null, "village": "Zongsa", "village_category": "Rural", "village_code": "2964423755" }, "geometry": { "type": "Point", "coordinates": [ 77.3744266, 34.9907178 ] } },
{ "type": "Feature", "properties": { "id": 292, "state": "Ladakh", "state_code": null, "district": "LEH", "district_code": 3.0, "sub_district": null, "sub_district_code": null, "sub_district_type": null, "village": "Yārlas", "village_category": "Rural", "village_code": "2964423756" }, "geometry": { "type": "Point", "coordinates": [ 77.7974424, 34.5035751 ] } },
{ "type": "Feature", "properties": { "id": 293, "state": "Ladakh", "state_code": null, "district": "LEH", "district_code": 3.0, "sub_district": null, "sub_district_code": null, "sub_district_type": null, "village": "Dok Yokma", "village_category": "Rural", "village_code": "2973011089" }, "geometry": { "type": "Point", "coordinates": [ 77.4268265, 34.4972191 ] } },
{ "type": "Feature", "properties": { "id": 294, "state": "Ladakh", "state_code": null, "district": "LEH", "district_code": 3.0, "sub_district": null, "sub_district_code": null, "sub_district_type": null, "village": "Rakuru", "village_category": "Rural", "village_code": "2973011090" }, "geometry": { "type": "Point", "coordinates": [ 77.2535816, 34.5846739 ] } },
{ "type": "Feature", "properties": { "id": 295, "state": "Ladakh", "state_code": null, "district": "LEH", "district_code": 3.0, "sub_district": null, "sub_district_code": null, "sub_district_type": null, "village": "Gongma Tharu", "village_category": "Rural", "village_code": "2973011091" }, "geometry": { "type": "Point", "coordinates": [ 77.1229698, 34.61791 ] } },
{ "type": "Feature", "properties": { "id": 296, "state": "Ladakh", "state_code": null, "district": "LEH", "district_code": 3.0, "sub_district": null, "sub_district_code": null, "sub_district_type": null, "village": "Skuru", "village_category": "Rural", "village_code": "2973011092" }, "geometry": { "type": "Point", "coordinates": [ 77.2937524, 34.67198 ] } },
{ "type": "Feature", "properties": { "id": 297, "state": "Ladakh", "state_code": null, "district": "LEH", "district_code": 3.0, "sub_district": null, "sub_district_code": null, "sub_district_type": null, "village": "Hunderi", "village_category": "Rural", "village_code": "2973011095" }, "geometry": { "type": "Point", "coordinates": [ 77.3939354, 34.6706421 ] } },
{ "type": "Feature", "properties": { "id": 298, "state": "Ladakh", "state_code": null, "district": "LEH", "district_code": 3.0, "sub_district": null, "sub_district_code": null, "sub_district_type": null, "village": "Pachathang", "village_category": "Rural", "village_code": "2973011100" }, "geometry": { "type": "Point", "coordinates": [ 77.1502764, 34.7000747 ] } },
{ "type": "Feature", "properties": { "id": 299, "state": "Ladakh", "state_code": null, "district": "LEH", "district_code": 3.0, "sub_district": null, "sub_district_code": null, "sub_district_type": null, "village": "Shukur", "village_category": "Rural", "village_code": "2973011101" }, "geometry": { "type": "Point", "coordinates": [ 77.3124519, 34.6855374 ] } },
{ "type": "Feature", "properties": { "id": 300, "state": "Ladakh", "state_code": null, "district": "LEH", "district_code": 3.0, "sub_district": null, "sub_district_code": null, "sub_district_type": null, "village": "Udmaru", "village_category": "Rural", "village_code": "2973011103" }, "geometry": { "type": "Point", "coordinates": [ 77.2708507, 34.705178 ] } },
{ "type": "Feature", "properties": { "id": 301, "state": "Ladakh", "state_code": null, "district": "LEH", "district_code": 3.0, "sub_district": null, "sub_district_code": null, "sub_district_type": null, "village": "Yogma Tharu", "village_category": "Rural", "village_code": "2973011105" }, "geometry": { "type": "Point", "coordinates": [ 77.1373729, 34.651556 ] } },
{ "type": "Feature", "properties": { "id": 302, "state": "Ladakh", "state_code": null, "district": "LEH", "district_code": 3.0, "sub_district": null, "sub_district_code": null, "sub_district_type": null, "village": "Unnamed Isolated_dwelling", "village_category": "Rural", "village_code": "2973012503" }, "geometry": { "type": "Point", "coordinates": [ 77.3230209, 34.7174811 ] } },
{ "type": "Feature", "properties": { "id": 303, "state": "Ladakh", "state_code": null, "district": "LEH", "district_code": 3.0, "sub_district": null, "sub_district_code": null, "sub_district_type": null, "village": "Unnamed Isolated_dwelling", "village_category": "Rural", "village_code": "2973012609" }, "geometry": { "type": "Point", "coordinates": [ 77.291694, 34.7439478 ] } },
{ "type": "Feature", "properties": { "id": 304, "state": "Ladakh", "state_code": null, "district": "LEH", "district_code": 3.0, "sub_district": null, "sub_district_code": null, "sub_district_type": null, "village": "Chulungkha", "village_category": "Rural", "village_code": "2973124640" }, "geometry": { "type": "Point", "coordinates": [ 76.9352499, 34.8231223 ] } },
{ "type": "Feature", "properties": { "id": 305, "state": "Ladakh", "state_code": null, "district": "LEH", "district_code": 3.0, "sub_district": null, "sub_district_code": null, "sub_district_type": null, "village": "Tsogsti", "village_category": "Rural", "village_code": "2973124642" }, "geometry": { "type": "Point", "coordinates": [ 77.2753896, 34.1287984 ] } },
{ "type": "Feature", "properties": { "id": 306, "state": "Ladakh", "state_code": null, "district": "LEH", "district_code": 3.0, "sub_district": null, "sub_district_code": null, "sub_district_type": null, "village": "Pastan Yogma", "village_category": "Rural", "village_code": "2973124645" }, "geometry": { "type": "Point", "coordinates": [ 77.1919864, 34.8669814 ] } },
{ "type": "Feature", "properties": { "id": 307, "state": "Ladakh", "state_code": null, "district": "LEH", "district_code": 3.0, "sub_district": null, "sub_district_code": null, "sub_district_type": null, "village": "Rumchu", "village_category": "Rural", "village_code": "2973124646" }, "geometry": { "type": "Point", "coordinates": [ 77.3917475, 34.1104256 ] } },
{ "type": "Feature", "properties": { "id": 308, "state": "Ladakh", "state_code": null, "district": "LEH", "district_code": 3.0, "sub_district": null, "sub_district_code": null, "sub_district_type": null, "village": "Sunido", "village_category": "Rural", "village_code": "2973124647" }, "geometry": { "type": "Point", "coordinates": [ 77.1616307, 34.8247278 ] } },
{ "type": "Feature", "properties": { "id": 309, "state": "Ladakh", "state_code": null, "district": "LEH", "district_code": 3.0, "sub_district": null, "sub_district_code": null, "sub_district_type": null, "village": "Umlung Gongma", "village_category": "Rural", "village_code": "2973124648" }, "geometry": { "type": "Point", "coordinates": [ 77.2478315, 34.190392 ] } },
{ "type": "Feature", "properties": { "id": 310, "state": "Ladakh", "state_code": null, "district": "LEH", "district_code": 3.0, "sub_district": null, "sub_district_code": null, "sub_district_type": null, "village": "Umlung Yogma", "village_category": "Rural", "village_code": "2973124649" }, "geometry": { "type": "Point", "coordinates": [ 77.2381071, 34.1967098 ] } },
{ "type": "Feature", "properties": { "id": 311, "state": "Ladakh", "state_code": null, "district": "LEH", "district_code": 3.0, "sub_district": null, "sub_district_code": null, "sub_district_type": null, "village": "Achirik", "village_category": "Rural", "village_code": "2973373510" }, "geometry": { "type": "Point", "coordinates": [ 77.1905801, 34.1340172 ] } },
{ "type": "Feature", "properties": { "id": 312, "state": "Ladakh", "state_code": null, "district": "LEH", "district_code": 3.0, "sub_district": null, "sub_district_code": null, "sub_district_type": null, "village": "Zinchen", "village_category": "Rural", "village_code": "2973373784" }, "geometry": { "type": "Point", "coordinates": [ 77.4104947, 34.1015848 ] } },
{ "type": "Feature", "properties": { "id": 313, "state": "Ladakh", "state_code": null, "district": "KARGIL", "district_code": 4.0, "sub_district": null, "sub_district_code": null, "sub_district_type": null, "village": "Zangla", "village_category": "Rural", "village_code": "3010032563" }, "geometry": { "type": "Point", "coordinates": [ 76.9914578, 33.6585872 ] } },
{ "type": "Feature", "properties": { "id": 314, "state": "Ladakh", "state_code": null, "district": "LEH", "district_code": 3.0, "sub_district": null, "sub_district_code": null, "sub_district_type": null, "village": "甜水海旧兵站", "village_category": "Rural", "village_code": "3017935336" }, "geometry": { "type": "Point", "coordinates": [ 79.5266391, 35.3511071 ] } },
{ "type": "Feature", "properties": { "id": 315, "state": "Ladakh", "state_code": null, "district": "LEH", "district_code": 3.0, "sub_district": null, "sub_district_code": null, "sub_district_type": null, "village": "چلم", "village_category": "Rural", "village_code": "3093940380" }, "geometry": { "type": "Point", "coordinates": [ 75.1024912, 35.0354017 ] } },
{ "type": "Feature", "properties": { "id": 316, "state": "Ladakh", "state_code": null, "district": "LEH", "district_code": 3.0, "sub_district": null, "sub_district_code": null, "sub_district_type": null, "village": "Nang", "village_category": "Rural", "village_code": "3159311988" }, "geometry": { "type": "Point", "coordinates": [ 77.732995, 34.0435417 ] } },
{ "type": "Feature", "properties": { "id": 317, "state": "Ladakh", "state_code": null, "district": "LEH", "district_code": 3.0, "sub_district": null, "sub_district_code": null, "sub_district_type": null, "village": "تیاقشی", "village_category": "Rural", "village_code": "3174025778" }, "geometry": { "type": "Point", "coordinates": [ 76.8167354, 34.8776044 ] } },
{ "type": "Feature", "properties": { "id": 318, "state": "Ladakh", "state_code": null, "district": "LEH", "district_code": 3.0, "sub_district": null, "sub_district_code": null, "sub_district_type": null, "village": "Kurfay", "village_category": "Rural", "village_code": "3313088061" }, "geometry": { "type": "Point", "coordinates": [ 75.810703, 35.6750336 ] } },
{ "type": "Feature", "properties": { "id": 319, "state": "Ladakh", "state_code": null, "district": "LEH", "district_code": 3.0, "sub_district": null, "sub_district_code": null, "sub_district_type": null, "village": "Shamang", "village_category": "Rural", "village_code": "3313092264" }, "geometry": { "type": "Point", "coordinates": [ 75.7828781, 35.678281 ] } },
{ "type": "Feature", "properties": { "id": 320, "state": "Ladakh", "state_code": null, "district": "LEH", "district_code": 3.0, "sub_district": null, "sub_district_code": null, "sub_district_type": null, "village": "Surungo", "village_category": "Rural", "village_code": "3313092265" }, "geometry": { "type": "Point", "coordinates": [ 75.7854637, 35.6890787 ] } },
{ "type": "Feature", "properties": { "id": 321, "state": "Ladakh", "state_code": null, "district": "LEH", "district_code": 3.0, "sub_district": null, "sub_district_code": null, "sub_district_type": null, "village": "Takmachik", "village_category": "Rural", "village_code": "3329708558" }, "geometry": { "type": "Point", "coordinates": [ 76.7621137, 34.3819701 ] } },
{ "type": "Feature", "properties": { "id": 322, "state": "Ladakh", "state_code": null, "district": "LEH", "district_code": 3.0, "sub_district": null, "sub_district_code": null, "sub_district_type": null, "village": "Phuktse Phu", "village_category": "Rural", "village_code": "3344145717" }, "geometry": { "type": "Point", "coordinates": [ 77.9209814, 33.8304394 ] } },
{ "type": "Feature", "properties": { "id": 323, "state": "Ladakh", "state_code": null, "district": "LEH", "district_code": 3.0, "sub_district": null, "sub_district_code": null, "sub_district_type": null, "village": "Langkor", "village_category": "Rural", "village_code": "3344675324" }, "geometry": { "type": "Point", "coordinates": [ 77.8694202, 33.9213374 ] } },
{ "type": "Feature", "properties": { "id": 324, "state": "Ladakh", "state_code": null, "district": "LEH", "district_code": 3.0, "sub_district": null, "sub_district_code": null, "sub_district_type": null, "village": "Upshi", "village_category": "Rural", "village_code": "3345469363" }, "geometry": { "type": "Point", "coordinates": [ 77.8136292, 33.8301957 ] } },
{ "type": "Feature", "properties": { "id": 325, "state": "Ladakh", "state_code": null, "district": "LEH", "district_code": 3.0, "sub_district": null, "sub_district_code": null, "sub_district_type": null, "village": "Chemre", "village_category": "Rural", "village_code": "3345500518" }, "geometry": { "type": "Point", "coordinates": [ 77.7834201, 33.9495515 ] } },
{ "type": "Feature", "properties": { "id": 326, "state": "Ladakh", "state_code": null, "district": "LEH", "district_code": 3.0, "sub_district": null, "sub_district_code": null, "sub_district_type": null, "village": "Stakmo", "village_category": "Rural", "village_code": "3420954694" }, "geometry": { "type": "Point", "coordinates": [ 77.6941184, 34.1089255 ] } },
{ "type": "Feature", "properties": { "id": 327, "state": "Ladakh", "state_code": null, "district": "LEH", "district_code": 3.0, "sub_district": null, "sub_district_code": null, "sub_district_type": null, "village": "Phuktse", "village_category": "Rural", "village_code": "3420968093" }, "geometry": { "type": "Point", "coordinates": [ 77.9098473, 33.8200832 ] } },
{ "type": "Feature", "properties": { "id": 328, "state": "Ladakh", "state_code": null, "district": "LEH", "district_code": 3.0, "sub_district": null, "sub_district_code": null, "sub_district_type": null, "village": "Shara", "village_category": "Rural", "village_code": "3420968094" }, "geometry": { "type": "Point", "coordinates": [ 77.8901514, 33.7835453 ] } },
{ "type": "Feature", "properties": { "id": 329, "state": "Ladakh", "state_code": null, "district": "LEH", "district_code": 3.0, "sub_district": null, "sub_district_code": null, "sub_district_type": null, "village": "Arpa", "village_category": "Rural", "village_code": "3420978736" }, "geometry": { "type": "Point", "coordinates": [ 77.7725731, 33.880787 ] } },
{ "type": "Feature", "properties": { "id": 330, "state": "Ladakh", "state_code": null, "district": "LEH", "district_code": 3.0, "sub_district": null, "sub_district_code": null, "sub_district_type": null, "village": "Phey", "village_category": "Rural", "village_code": "3494747303" }, "geometry": { "type": "Point", "coordinates": [ 77.4674426, 34.131528 ] } },
{ "type": "Feature", "properties": { "id": 331, "state": "Ladakh", "state_code": null, "district": "LEH", "district_code": 3.0, "sub_district": null, "sub_district_code": null, "sub_district_type": null, "village": "بلغار", "village_category": "Rural", "village_code": "3522095468" }, "geometry": { "type": "Point", "coordinates": [ 76.1867351, 35.2366926 ] } },
{ "type": "Feature", "properties": { "id": 332, "state": "Ladakh", "state_code": null, "district": "LEH", "district_code": 3.0, "sub_district": null, "sub_district_code": null, "sub_district_type": null, "village": "خڑوکھا", "village_category": "Rural", "village_code": "3522095469" }, "geometry": { "type": "Point", "coordinates": [ 76.2136179, 35.250837 ] } },
{ "type": "Feature", "properties": { "id": 333, "state": "Ladakh", "state_code": null, "district": "LEH", "district_code": 3.0, "sub_district": null, "sub_district_code": null, "sub_district_type": null, "village": "کھرفق", "village_category": "Rural", "village_code": "3522120064" }, "geometry": { "type": "Point", "coordinates": [ 76.1816503, 35.1905593 ] } },
{ "type": "Feature", "properties": { "id": 334, "state": "Ladakh", "state_code": null, "district": "LEH", "district_code": 3.0, "sub_district": null, "sub_district_code": null, "sub_district_type": null, "village": "یوگو", "village_category": "Rural", "village_code": "3522120065" }, "geometry": { "type": "Point", "coordinates": [ 76.1591584, 35.1851946 ] } },
{ "type": "Feature", "properties": { "id": 335, "state": "Ladakh", "state_code": null, "district": "LEH", "district_code": 3.0, "sub_district": null, "sub_district_code": null, "sub_district_type": null, "village": "غواڑی", "village_category": "Rural", "village_code": "3522120066" }, "geometry": { "type": "Point", "coordinates": [ 76.0565305, 35.1828925 ] } },
{ "type": "Feature", "properties": { "id": 336, "state": "Ladakh", "state_code": null, "district": "LEH", "district_code": 3.0, "sub_district": null, "sub_district_code": null, "sub_district_type": null, "village": "کریس", "village_category": "Urban", "village_code": "3522144354" }, "geometry": { "type": "Point", "coordinates": [ 75.942126, 35.2343478 ] } },
{ "type": "Feature", "properties": { "id": 337, "state": "Ladakh", "state_code": null, "district": "LEH", "district_code": 3.0, "sub_district": null, "sub_district_code": null, "sub_district_type": null, "village": "سلینگ", "village_category": "Rural", "village_code": "3522192249" }, "geometry": { "type": "Point", "coordinates": [ 76.3710486, 35.1885448 ] } },
{ "type": "Feature", "properties": { "id": 338, "state": "Ladakh", "state_code": null, "district": "LEH", "district_code": 3.0, "sub_district": null, "sub_district_code": null, "sub_district_type": null, "village": "چھوار", "village_category": "Rural", "village_code": "3522232390" }, "geometry": { "type": "Point", "coordinates": [ 76.6876725, 34.9213889 ] } },
{ "type": "Feature", "properties": { "id": 339, "state": "Ladakh", "state_code": null, "district": "LEH", "district_code": 3.0, "sub_district": null, "sub_district_code": null, "sub_district_type": null, "village": "Saigar", "village_category": "Rural", "village_code": "3522386615" }, "geometry": { "type": "Point", "coordinates": [ 75.7399855, 34.6950296 ] } },
{ "type": "Feature", "properties": { "id": 340, "state": "Ladakh", "state_code": null, "district": "LEH", "district_code": 3.0, "sub_district": null, "sub_district_code": null, "sub_district_type": null, "village": "Kachura", "village_category": "Rural", "village_code": "3522584294" }, "geometry": { "type": "Point", "coordinates": [ 75.4496676, 35.4394871 ] } },
{ "type": "Feature", "properties": { "id": 341, "state": "Ladakh", "state_code": null, "district": "LEH", "district_code": 3.0, "sub_district": null, "sub_district_code": null, "sub_district_type": null, "village": "گنش", "village_category": "Rural", "village_code": "3522720016" }, "geometry": { "type": "Point", "coordinates": [ 74.6683879, 36.3131445 ] } },
{ "type": "Feature", "properties": { "id": 342, "state": "Ladakh", "state_code": null, "district": "LEH", "district_code": 3.0, "sub_district": null, "sub_district_code": null, "sub_district_type": null, "village": "Lingshed", "village_category": "Rural", "village_code": "3523327345" }, "geometry": { "type": "Point", "coordinates": [ 76.8246514, 33.9038386 ] } },
{ "type": "Feature", "properties": { "id": 343, "state": "Ladakh", "state_code": null, "district": "LEH", "district_code": 3.0, "sub_district": null, "sub_district_code": null, "sub_district_type": null, "village": "Dahimal", "village_category": "Rural", "village_code": "3551914319" }, "geometry": { "type": "Point", "coordinates": [ 73.2497676, 36.2013596 ] } },
{ "type": "Feature", "properties": { "id": 344, "state": "Ladakh", "state_code": null, "district": "LEH", "district_code": 3.0, "sub_district": null, "sub_district_code": null, "sub_district_type": null, "village": "Bargo", "village_category": "Rural", "village_code": "3559618935" }, "geometry": { "type": "Point", "coordinates": [ 74.1396259, 36.0513792 ] } },
{ "type": "Feature", "properties": { "id": 345, "state": "Ladakh", "state_code": null, "district": "LEH", "district_code": 3.0, "sub_district": null, "sub_district_code": null, "sub_district_type": null, "village": "Nahake", "village_category": "Rural", "village_code": "3559639582" }, "geometry": { "type": "Point", "coordinates": [ 74.7498749, 35.2405219 ] } },
{ "type": "Feature", "properties": { "id": 346, "state": "Ladakh", "state_code": null, "district": "LEH", "district_code": 3.0, "sub_district": null, "sub_district_code": null, "sub_district_type": null, "village": "Zaipur", "village_category": "Rural", "village_code": "3559639583" }, "geometry": { "type": "Point", "coordinates": [ 74.7476433, 35.2296468 ] } },
{ "type": "Feature", "properties": { "id": 347, "state": "Ladakh", "state_code": null, "district": "LEH", "district_code": 3.0, "sub_district": null, "sub_district_code": null, "sub_district_type": null, "village": "Churit", "village_category": "Rural", "village_code": "3559639584" }, "geometry": { "type": "Point", "coordinates": [ 74.7699378, 35.2307335 ] } },
{ "type": "Feature", "properties": { "id": 348, "state": "Ladakh", "state_code": null, "district": "LEH", "district_code": 3.0, "sub_district": null, "sub_district_code": null, "sub_district_type": null, "village": "Chugam", "village_category": "Rural", "village_code": "3559651034" }, "geometry": { "type": "Point", "coordinates": [ 74.7830725, 35.1949287 ] } },
{ "type": "Feature", "properties": { "id": 349, "state": "Ladakh", "state_code": null, "district": "LEH", "district_code": 3.0, "sub_district": null, "sub_district_code": null, "sub_district_type": null, "village": "Kulalot", "village_category": "Rural", "village_code": "3559655639" }, "geometry": { "type": "Point", "coordinates": [ 74.7907313, 35.1660606 ] } },
{ "type": "Feature", "properties": { "id": 350, "state": "Ladakh", "state_code": null, "district": "LEH", "district_code": 3.0, "sub_district": null, "sub_district_code": null, "sub_district_type": null, "village": "Rattu", "village_category": "Rural", "village_code": "3559655640" }, "geometry": { "type": "Point", "coordinates": [ 74.7934769, 35.1516826 ] } },
{ "type": "Feature", "properties": { "id": 351, "state": "Ladakh", "state_code": null, "district": "LEH", "district_code": 3.0, "sub_district": null, "sub_district_code": null, "sub_district_type": null, "village": "باشو", "village_category": "Rural", "village_code": "3559867858" }, "geometry": { "type": "Point", "coordinates": [ 75.3584219, 35.4686851 ] } },
{ "type": "Feature", "properties": { "id": 352, "state": "Ladakh", "state_code": null, "district": "LEH", "district_code": 3.0, "sub_district": null, "sub_district_code": null, "sub_district_type": null, "village": "Zugur", "village_category": "Rural", "village_code": "3629332450" }, "geometry": { "type": "Point", "coordinates": [ 77.8273587, 33.9033611 ] } },
{ "type": "Feature", "properties": { "id": 353, "state": "Ladakh", "state_code": null, "district": "LEH", "district_code": 3.0, "sub_district": null, "sub_district_code": null, "sub_district_type": null, "village": "Anche", "village_category": "Rural", "village_code": "3629332451" }, "geometry": { "type": "Point", "coordinates": [ 77.8354598, 33.9079322 ] } },
{ "type": "Feature", "properties": { "id": 354, "state": "Ladakh", "state_code": null, "district": "LEH", "district_code": 3.0, "sub_district": null, "sub_district_code": null, "sub_district_type": null, "village": "Nakhlay", "village_category": "Rural", "village_code": "3629332452" }, "geometry": { "type": "Point", "coordinates": [ 77.8535693, 33.918667 ] } },
{ "type": "Feature", "properties": { "id": 355, "state": "Ladakh", "state_code": null, "district": "LEH", "district_code": 3.0, "sub_district": null, "sub_district_code": null, "sub_district_type": null, "village": "Buber", "village_category": "Rural", "village_code": "3655040578" }, "geometry": { "type": "Point", "coordinates": [ 73.860364, 36.1489806 ] } },
{ "type": "Feature", "properties": { "id": 356, "state": "Ladakh", "state_code": null, "district": "LEH", "district_code": 3.0, "sub_district": null, "sub_district_code": null, "sub_district_type": null, "village": "Singal", "village_category": "Rural", "village_code": "3655040579" }, "geometry": { "type": "Point", "coordinates": [ 73.8923167, 36.1108776 ] } },
{ "type": "Feature", "properties": { "id": 357, "state": "Ladakh", "state_code": null, "district": "LEH", "district_code": 3.0, "sub_district": null, "sub_district_code": null, "sub_district_type": null, "village": "Ang", "village_category": "Rural", "village_code": "3698389681" }, "geometry": { "type": "Point", "coordinates": [ 77.0204206, 34.332238 ] } },
{ "type": "Feature", "properties": { "id": 358, "state": "Ladakh", "state_code": null, "district": "LEH", "district_code": 3.0, "sub_district": null, "sub_district_code": null, "sub_district_type": null, "village": "Merak", "village_category": "Rural", "village_code": "3720122027" }, "geometry": { "type": "Point", "coordinates": [ 78.5905698, 33.8002441 ] } },
{ "type": "Feature", "properties": { "id": 359, "state": "Ladakh", "state_code": null, "district": "LEH", "district_code": 3.0, "sub_district": null, "sub_district_code": null, "sub_district_type": null, "village": "Man", "village_category": "Rural", "village_code": "3720122028" }, "geometry": { "type": "Point", "coordinates": [ 78.5262604, 33.8611331 ] } },
{ "type": "Feature", "properties": { "id": 360, "state": "Ladakh", "state_code": null, "district": "LEH", "district_code": 3.0, "sub_district": null, "sub_district_code": null, "sub_district_type": null, "village": "فرنشاٹ", "village_category": "Rural", "village_code": "3732336453" }, "geometry": { "type": "Point", "coordinates": [ 75.7082008, 34.6586322 ] } },
{ "type": "Feature", "properties": { "id": 361, "state": "Ladakh", "state_code": null, "district": "LEH", "district_code": 3.0, "sub_district": null, "sub_district_code": null, "sub_district_type": null, "village": "Rama", "village_category": "Rural", "village_code": "3736366110" }, "geometry": { "type": "Point", "coordinates": [ 74.8033193, 35.3547751 ] } },
{ "type": "Feature", "properties": { "id": 362, "state": "Ladakh", "state_code": null, "district": "LEH", "district_code": 3.0, "sub_district": null, "sub_district_code": null, "sub_district_type": null, "village": "Dumussar", "village_category": "Rural", "village_code": "3736366111" }, "geometry": { "type": "Point", "coordinates": [ 74.8203391, 35.2716828 ] } },
{ "type": "Feature", "properties": { "id": 363, "state": "Ladakh", "state_code": null, "district": "LEH", "district_code": 3.0, "sub_district": null, "sub_district_code": null, "sub_district_type": null, "village": "Shain", "village_category": "Rural", "village_code": "3736444381" }, "geometry": { "type": "Point", "coordinates": [ 74.8015665, 35.1015281 ] } },
{ "type": "Feature", "properties": { "id": 364, "state": "Ladakh", "state_code": null, "district": "LEH", "district_code": 3.0, "sub_district": null, "sub_district_code": null, "sub_district_type": null, "village": "Faqirkot", "village_category": "Rural", "village_code": "3736444382" }, "geometry": { "type": "Point", "coordinates": [ 74.8149072, 35.0737063 ] } },
{ "type": "Feature", "properties": { "id": 365, "state": "Ladakh", "state_code": null, "district": "LEH", "district_code": 3.0, "sub_district": null, "sub_district_code": null, "sub_district_type": null, "village": "Darla Bala", "village_category": "Rural", "village_code": "3736444384" }, "geometry": { "type": "Point", "coordinates": [ 74.8332942, 35.0466251 ] } },
{ "type": "Feature", "properties": { "id": 366, "state": "Ladakh", "state_code": null, "district": "LEH", "district_code": 3.0, "sub_district": null, "sub_district_code": null, "sub_district_type": null, "village": "Chechri Kadal", "village_category": "Rural", "village_code": "3736444404" }, "geometry": { "type": "Point", "coordinates": [ 74.8703603, 34.9669469 ] } },
{ "type": "Feature", "properties": { "id": 367, "state": "Ladakh", "state_code": null, "district": "LEH", "district_code": 3.0, "sub_district": null, "sub_district_code": null, "sub_district_type": null, "village": "Karmanding", "village_category": "Rural", "village_code": "3763482011" }, "geometry": { "type": "Point", "coordinates": [ 76.7018564, 35.2894234 ] } },
{ "type": "Feature", "properties": { "id": 368, "state": "Ladakh", "state_code": null, "district": "LEH", "district_code": 3.0, "sub_district": null, "sub_district_code": null, "sub_district_type": null, "village": "خورکنڈو", "village_category": "Rural", "village_code": "3763482012" }, "geometry": { "type": "Point", "coordinates": [ 76.7445674, 35.3031391 ] } },
{ "type": "Feature", "properties": { "id": 369, "state": "Ladakh", "state_code": null, "district": "KARGIL", "district_code": 4.0, "sub_district": null, "sub_district_code": null, "sub_district_type": null, "village": "Kumik", "village_category": "Rural", "village_code": "3860512734" }, "geometry": { "type": "Point", "coordinates": [ 76.9537881, 33.4969709 ] } },
{ "type": "Feature", "properties": { "id": 370, "state": "Ladakh", "state_code": null, "district": "LEH", "district_code": 3.0, "sub_district": null, "sub_district_code": null, "sub_district_type": null, "village": "Alchi", "village_category": "Rural", "village_code": "3864346257" }, "geometry": { "type": "Point", "coordinates": [ 77.1740631, 34.2236334 ] } },
{ "type": "Feature", "properties": { "id": 371, "state": "Ladakh", "state_code": null, "district": "LEH", "district_code": 3.0, "sub_district": null, "sub_district_code": null, "sub_district_type": null, "village": "Hinju", "village_category": "Rural", "village_code": "3874183092" }, "geometry": { "type": "Point", "coordinates": [ 76.9353327, 34.187035 ] } },
{ "type": "Feature", "properties": { "id": 372, "state": "Ladakh", "state_code": null, "district": "LEH", "district_code": 3.0, "sub_district": null, "sub_district_code": null, "sub_district_type": null, "village": "Sumda Chenmo", "village_category": "Rural", "village_code": "3874206715" }, "geometry": { "type": "Point", "coordinates": [ 77.0882834, 34.1157087 ] } },
{ "type": "Feature", "properties": { "id": 373, "state": "Ladakh", "state_code": null, "district": "LEH", "district_code": 3.0, "sub_district": null, "sub_district_code": null, "sub_district_type": null, "village": "Shyok", "village_category": "Rural", "village_code": "3900857339" }, "geometry": { "type": "Point", "coordinates": [ 78.1399135, 34.1780836 ] } },
{ "type": "Feature", "properties": { "id": 374, "state": "Ladakh", "state_code": null, "district": "LEH", "district_code": 3.0, "sub_district": null, "sub_district_code": null, "sub_district_type": null, "village": "Bersat", "village_category": "Rural", "village_code": "3994644340" }, "geometry": { "type": "Point", "coordinates": [ 72.6956848, 36.1643211 ] } },
{ "type": "Feature", "properties": { "id": 375, "state": "Ladakh", "state_code": null, "district": "LEH", "district_code": 3.0, "sub_district": null, "sub_district_code": null, "sub_district_type": null, "village": "Teru", "village_category": "Rural", "village_code": "3994644817" }, "geometry": { "type": "Point", "coordinates": [ 72.7665087, 36.1807894 ] } },
{ "type": "Feature", "properties": { "id": 376, "state": "Ladakh", "state_code": null, "district": "LEH", "district_code": 3.0, "sub_district": null, "sub_district_code": null, "sub_district_type": null, "village": "Helti Teru", "village_category": "Rural", "village_code": "3994648233" }, "geometry": { "type": "Point", "coordinates": [ 72.7298183, 36.1632083 ] } },
{ "type": "Feature", "properties": { "id": 377, "state": "Ladakh", "state_code": null, "district": "LEH", "district_code": 3.0, "sub_district": null, "sub_district_code": null, "sub_district_type": null, "village": "Handrap", "village_category": "Rural", "village_code": "3994649679" }, "geometry": { "type": "Point", "coordinates": [ 72.7969077, 36.1642509 ] } },
{ "type": "Feature", "properties": { "id": 378, "state": "Ladakh", "state_code": null, "district": "LEH", "district_code": 3.0, "sub_district": null, "sub_district_code": null, "sub_district_type": null, "village": "Golukmuli Tori", "village_category": "Rural", "village_code": "3994649958" }, "geometry": { "type": "Point", "coordinates": [ 72.8210706, 36.1829975 ] } },
{ "type": "Feature", "properties": { "id": 379, "state": "Ladakh", "state_code": null, "district": "LEH", "district_code": 3.0, "sub_district": null, "sub_district_code": null, "sub_district_type": null, "village": "Shahimal Tirchshal", "village_category": "Rural", "village_code": "3994650041" }, "geometry": { "type": "Point", "coordinates": [ 72.8506849, 36.1659417 ] } },
{ "type": "Feature", "properties": { "id": 380, "state": "Ladakh", "state_code": null, "district": "LEH", "district_code": 3.0, "sub_district": null, "sub_district_code": null, "sub_district_type": null, "village": "Serbel", "village_category": "Rural", "village_code": "3994650052" }, "geometry": { "type": "Point", "coordinates": [ 72.8984229, 36.1541147 ] } },
{ "type": "Feature", "properties": { "id": 381, "state": "Ladakh", "state_code": null, "district": "LEH", "district_code": 3.0, "sub_district": null, "sub_district_code": null, "sub_district_type": null, "village": "Dalomal", "village_category": "Rural", "village_code": "3994650357" }, "geometry": { "type": "Point", "coordinates": [ 72.8828281, 36.1559333 ] } },
{ "type": "Feature", "properties": { "id": 382, "state": "Ladakh", "state_code": null, "district": "LEH", "district_code": 3.0, "sub_district": null, "sub_district_code": null, "sub_district_type": null, "village": "Phandar", "village_category": "Rural", "village_code": "3994651352" }, "geometry": { "type": "Point", "coordinates": [ 72.9110788, 36.1662952 ] } },
{ "type": "Feature", "properties": { "id": 383, "state": "Ladakh", "state_code": null, "district": "LEH", "district_code": 3.0, "sub_district": null, "sub_district_code": null, "sub_district_type": null, "village": "Chashi", "village_category": "Rural", "village_code": "3994652688" }, "geometry": { "type": "Point", "coordinates": [ 72.970559, 36.1760535 ] } },
{ "type": "Feature", "properties": { "id": 384, "state": "Ladakh", "state_code": null, "district": "LEH", "district_code": 3.0, "sub_district": null, "sub_district_code": null, "sub_district_type": null, "village": "Shamaran", "village_category": "Rural", "village_code": "3994658959" }, "geometry": { "type": "Point", "coordinates": [ 73.0049292, 36.1791042 ] } },
{ "type": "Feature", "properties": { "id": 385, "state": "Ladakh", "state_code": null, "district": "LEH", "district_code": 3.0, "sub_district": null, "sub_district_code": null, "sub_district_type": null, "village": "Shingalath", "village_category": "Rural", "village_code": "3994661869" }, "geometry": { "type": "Point", "coordinates": [ 73.0226101, 36.188387 ] } },
{ "type": "Feature", "properties": { "id": 386, "state": "Ladakh", "state_code": null, "district": "LEH", "district_code": 3.0, "sub_district": null, "sub_district_code": null, "sub_district_type": null, "village": "Kusundar", "village_category": "Rural", "village_code": "3994662519" }, "geometry": { "type": "Point", "coordinates": [ 73.0711256, 36.1744077 ] } },
{ "type": "Feature", "properties": { "id": 387, "state": "Ladakh", "state_code": null, "district": "LEH", "district_code": 3.0, "sub_district": null, "sub_district_code": null, "sub_district_type": null, "village": "Saleemabad", "village_category": "Rural", "village_code": "3994670974" }, "geometry": { "type": "Point", "coordinates": [ 73.0828545, 36.167909 ] } },
{ "type": "Feature", "properties": { "id": 388, "state": "Ladakh", "state_code": null, "district": "LEH", "district_code": 3.0, "sub_district": null, "sub_district_code": null, "sub_district_type": null, "village": "Sosat Gipus", "village_category": "Rural", "village_code": "3994671602" }, "geometry": { "type": "Point", "coordinates": [ 73.1345978, 36.1611968 ] } },
{ "type": "Feature", "properties": { "id": 389, "state": "Ladakh", "state_code": null, "district": "LEH", "district_code": 3.0, "sub_district": null, "sub_district_code": null, "sub_district_type": null, "village": "Payokush", "village_category": "Rural", "village_code": "3994671603" }, "geometry": { "type": "Point", "coordinates": [ 73.1623972, 36.1682755 ] } },
{ "type": "Feature", "properties": { "id": 390, "state": "Ladakh", "state_code": null, "district": "LEH", "district_code": 3.0, "sub_district": null, "sub_district_code": null, "sub_district_type": null, "village": "Majtulasht", "village_category": "Rural", "village_code": "3994672779" }, "geometry": { "type": "Point", "coordinates": [ 73.182693, 36.1818787 ] } },
{ "type": "Feature", "properties": { "id": 391, "state": "Ladakh", "state_code": null, "district": "LEH", "district_code": 3.0, "sub_district": null, "sub_district_code": null, "sub_district_type": null, "village": "Pingal", "village_category": "Rural", "village_code": "3994672859" }, "geometry": { "type": "Point", "coordinates": [ 73.1106821, 36.1624192 ] } },
{ "type": "Feature", "properties": { "id": 392, "state": "Ladakh", "state_code": null, "district": "LEH", "district_code": 3.0, "sub_district": null, "sub_district_code": null, "sub_district_type": null, "village": "Thingai", "village_category": "Rural", "village_code": "3994676729" }, "geometry": { "type": "Point", "coordinates": [ 73.1701706, 36.1674363 ] } },
{ "type": "Feature", "properties": { "id": 393, "state": "Ladakh", "state_code": null, "district": "LEH", "district_code": 3.0, "sub_district": null, "sub_district_code": null, "sub_district_type": null, "village": "Saralokutu", "village_category": "Rural", "village_code": "3994678843" }, "geometry": { "type": "Point", "coordinates": [ 73.1922215, 36.1849415 ] } },
{ "type": "Feature", "properties": { "id": 394, "state": "Ladakh", "state_code": null, "district": "LEH", "district_code": 3.0, "sub_district": null, "sub_district_code": null, "sub_district_type": null, "village": "Julijal", "village_category": "Rural", "village_code": "3994682810" }, "geometry": { "type": "Point", "coordinates": [ 73.2665406, 36.2025419 ] } },
{ "type": "Feature", "properties": { "id": 395, "state": "Ladakh", "state_code": null, "district": "LEH", "district_code": 3.0, "sub_district": null, "sub_district_code": null, "sub_district_type": null, "village": "Nolti", "village_category": "Rural", "village_code": "3994769910" }, "geometry": { "type": "Point", "coordinates": [ 73.274127, 36.1621511 ] } },
{ "type": "Feature", "properties": { "id": 396, "state": "Ladakh", "state_code": null, "district": "LEH", "district_code": 3.0, "sub_district": null, "sub_district_code": null, "sub_district_type": null, "village": "Rahimabad", "village_category": "Rural", "village_code": "3994866113" }, "geometry": { "type": "Point", "coordinates": [ 73.2848779, 36.145458 ] } },
{ "type": "Feature", "properties": { "id": 397, "state": "Ladakh", "state_code": null, "district": "LEH", "district_code": 3.0, "sub_district": null, "sub_district_code": null, "sub_district_type": null, "village": "Bathi", "village_category": "Rural", "village_code": "3994984646" }, "geometry": { "type": "Point", "coordinates": [ 73.3221183, 36.1072927 ] } },
{ "type": "Feature", "properties": { "id": 398, "state": "Ladakh", "state_code": null, "district": "LEH", "district_code": 3.0, "sub_district": null, "sub_district_code": null, "sub_district_type": null, "village": "Hamaran", "village_category": "Rural", "village_code": "3995083419" }, "geometry": { "type": "Point", "coordinates": [ 73.3502976, 36.0835997 ] } },
{ "type": "Feature", "properties": { "id": 399, "state": "Ladakh", "state_code": null, "district": "LEH", "district_code": 3.0, "sub_district": null, "sub_district_code": null, "sub_district_type": null, "village": "Khalti", "village_category": "Rural", "village_code": "3995219229" }, "geometry": { "type": "Point", "coordinates": [ 73.3505664, 36.2502794 ] } },
{ "type": "Feature", "properties": { "id": 400, "state": "Ladakh", "state_code": null, "district": "LEH", "district_code": 3.0, "sub_district": null, "sub_district_code": null, "sub_district_type": null, "village": "Alyabad Gamis", "village_category": "Rural", "village_code": "3995377372" }, "geometry": { "type": "Point", "coordinates": [ 73.3674409, 36.245257 ] } },
{ "type": "Feature", "properties": { "id": 401, "state": "Ladakh", "state_code": null, "district": "LEH", "district_code": 3.0, "sub_district": null, "sub_district_code": null, "sub_district_type": null, "village": "Jandrote Bala and Payeen", "village_category": "Rural", "village_code": "3996619323" }, "geometry": { "type": "Point", "coordinates": [ 73.3787394, 36.2434537 ] } },
{ "type": "Feature", "properties": { "id": 402, "state": "Ladakh", "state_code": null, "district": "LEH", "district_code": 3.0, "sub_district": null, "sub_district_code": null, "sub_district_type": null, "village": "Bushating", "village_category": "Rural", "village_code": "3996667000" }, "geometry": { "type": "Point", "coordinates": [ 73.3921145, 36.2438783 ] } },
{ "type": "Feature", "properties": { "id": 403, "state": "Ladakh", "state_code": null, "district": "LEH", "district_code": 3.0, "sub_district": null, "sub_district_code": null, "sub_district_type": null, "village": "Chirmayon and Chartoi", "village_category": "Rural", "village_code": "3996677976" }, "geometry": { "type": "Point", "coordinates": [ 73.4001188, 36.2345075 ] } },
{ "type": "Feature", "properties": { "id": 404, "state": "Ladakh", "state_code": null, "district": "LEH", "district_code": 3.0, "sub_district": null, "sub_district_code": null, "sub_district_type": null, "village": "Hamardas", "village_category": "Rural", "village_code": "3996708298" }, "geometry": { "type": "Point", "coordinates": [ 73.4209011, 36.2394253 ] } },
{ "type": "Feature", "properties": { "id": 405, "state": "Ladakh", "state_code": null, "district": "LEH", "district_code": 3.0, "sub_district": null, "sub_district_code": null, "sub_district_type": null, "village": "Dodoshot", "village_category": "Rural", "village_code": "3996849227" }, "geometry": { "type": "Point", "coordinates": [ 73.4188351, 36.2336781 ] } },
{ "type": "Feature", "properties": { "id": 406, "state": "Ladakh", "state_code": null, "district": "LEH", "district_code": 3.0, "sub_district": null, "sub_district_code": null, "sub_district_type": null, "village": "گوپیس", "village_category": "Urban", "village_code": "3996942034" }, "geometry": { "type": "Point", "coordinates": [ 73.4478248, 36.2287554 ] } },
{ "type": "Feature", "properties": { "id": 407, "state": "Ladakh", "state_code": null, "district": "LEH", "district_code": 3.0, "sub_district": null, "sub_district_code": null, "sub_district_type": null, "village": "Gaut", "village_category": "Rural", "village_code": "3997246709" }, "geometry": { "type": "Point", "coordinates": [ 73.4747865, 36.2264625 ] } },
{ "type": "Feature", "properties": { "id": 408, "state": "Ladakh", "state_code": null, "district": "LEH", "district_code": 3.0, "sub_district": null, "sub_district_code": null, "sub_district_type": null, "village": "Hakis", "village_category": "Rural", "village_code": "3997249016" }, "geometry": { "type": "Point", "coordinates": [ 73.5008459, 36.2174002 ] } },
{ "type": "Feature", "properties": { "id": 409, "state": "Ladakh", "state_code": null, "district": "LEH", "district_code": 3.0, "sub_district": null, "sub_district_code": null, "sub_district_type": null, "village": "Rashon", "village_category": "Rural", "village_code": "3997251741" }, "geometry": { "type": "Point", "coordinates": [ 73.5338144, 36.223146 ] } },
{ "type": "Feature", "properties": { "id": 410, "state": "Ladakh", "state_code": null, "district": "LEH", "district_code": 3.0, "sub_district": null, "sub_district_code": null, "sub_district_type": null, "village": "Somal", "village_category": "Rural", "village_code": "3997254051" }, "geometry": { "type": "Point", "coordinates": [ 73.5687975, 36.2516669 ] } },
{ "type": "Feature", "properties": { "id": 411, "state": "Ladakh", "state_code": null, "district": "LEH", "district_code": 3.0, "sub_district": null, "sub_district_code": null, "sub_district_type": null, "village": "Molaabad Mushko", "village_category": "Rural", "village_code": "3997256820" }, "geometry": { "type": "Point", "coordinates": [ 73.5443702, 36.2378765 ] } },
{ "type": "Feature", "properties": { "id": 412, "state": "Ladakh", "state_code": null, "district": "LEH", "district_code": 3.0, "sub_district": null, "sub_district_code": null, "sub_district_type": null, "village": "Thamushki", "village_category": "Rural", "village_code": "3997263636" }, "geometry": { "type": "Point", "coordinates": [ 73.6293326, 36.2602696 ] } },
{ "type": "Feature", "properties": { "id": 413, "state": "Ladakh", "state_code": null, "district": "LEH", "district_code": 3.0, "sub_district": null, "sub_district_code": null, "sub_district_type": null, "village": "Yangal", "village_category": "Rural", "village_code": "3997264383" }, "geometry": { "type": "Point", "coordinates": [ 73.59295, 36.252322 ] } },
{ "type": "Feature", "properties": { "id": 414, "state": "Ladakh", "state_code": null, "district": "LEH", "district_code": 3.0, "sub_district": null, "sub_district_code": null, "sub_district_type": null, "village": "Durnak", "village_category": "Rural", "village_code": "3997267394" }, "geometry": { "type": "Point", "coordinates": [ 73.6045699, 36.257447 ] } },
{ "type": "Feature", "properties": { "id": 415, "state": "Ladakh", "state_code": null, "district": "LEH", "district_code": 3.0, "sub_district": null, "sub_district_code": null, "sub_district_type": null, "village": "Jandoli", "village_category": "Rural", "village_code": "3997281170" }, "geometry": { "type": "Point", "coordinates": [ 73.6434136, 36.2659079 ] } },
{ "type": "Feature", "properties": { "id": 416, "state": "Ladakh", "state_code": null, "district": "LEH", "district_code": 3.0, "sub_district": null, "sub_district_code": null, "sub_district_type": null, "village": "Gamseng", "village_category": "Rural", "village_code": "3997285678" }, "geometry": { "type": "Point", "coordinates": [ 73.6544972, 36.2683356 ] } },
{ "type": "Feature", "properties": { "id": 417, "state": "Ladakh", "state_code": null, "district": "LEH", "district_code": 3.0, "sub_district": null, "sub_district_code": null, "sub_district_type": null, "village": "Doli Darmador", "village_category": "Rural", "village_code": "3997288717" }, "geometry": { "type": "Point", "coordinates": [ 73.6387966, 36.306408 ] } },
{ "type": "Feature", "properties": { "id": 418, "state": "Ladakh", "state_code": null, "district": "LEH", "district_code": 3.0, "sub_district": null, "sub_district_code": null, "sub_district_type": null, "village": "Kharabal Dramander", "village_category": "Rural", "village_code": "3997294577" }, "geometry": { "type": "Point", "coordinates": [ 73.6443328, 36.3258642 ] } },
{ "type": "Feature", "properties": { "id": 419, "state": "Ladakh", "state_code": null, "district": "LEH", "district_code": 3.0, "sub_district": null, "sub_district_code": null, "sub_district_type": null, "village": "Haim", "village_category": "Rural", "village_code": "3997310674" }, "geometry": { "type": "Point", "coordinates": [ 73.6990768, 36.2308746 ] } },
{ "type": "Feature", "properties": { "id": 420, "state": "Ladakh", "state_code": null, "district": "LEH", "district_code": 3.0, "sub_district": null, "sub_district_code": null, "sub_district_type": null, "village": "Hatoon/Mayoon", "village_category": "Rural", "village_code": "3997319257" }, "geometry": { "type": "Point", "coordinates": [ 73.7563146, 36.2659331 ] } },
{ "type": "Feature", "properties": { "id": 421, "state": "Ladakh", "state_code": null, "district": "LEH", "district_code": 3.0, "sub_district": null, "sub_district_code": null, "sub_district_type": null, "village": "گاہکوچ", "village_category": "Urban", "village_code": "3997322931" }, "geometry": { "type": "Point", "coordinates": [ 73.7678481, 36.1798192 ] } },
{ "type": "Feature", "properties": { "id": 422, "state": "Ladakh", "state_code": null, "district": "LEH", "district_code": 3.0, "sub_district": null, "sub_district_code": null, "sub_district_type": null, "village": "Glodass", "village_category": "Rural", "village_code": "3997324796" }, "geometry": { "type": "Point", "coordinates": [ 73.7470084, 36.2206312 ] } },
{ "type": "Feature", "properties": { "id": 423, "state": "Ladakh", "state_code": null, "district": "LEH", "district_code": 3.0, "sub_district": null, "sub_district_code": null, "sub_district_type": null, "village": "Silpi", "village_category": "Rural", "village_code": "3997328305" }, "geometry": { "type": "Point", "coordinates": [ 73.776233, 36.1911441 ] } },
{ "type": "Feature", "properties": { "id": 424, "state": "Ladakh", "state_code": null, "district": "LEH", "district_code": 3.0, "sub_district": null, "sub_district_code": null, "sub_district_type": null, "village": "Gurunjar", "village_category": "Rural", "village_code": "3997328844" }, "geometry": { "type": "Point", "coordinates": [ 73.8436555, 36.165377 ] } },
{ "type": "Feature", "properties": { "id": 425, "state": "Ladakh", "state_code": null, "district": "LEH", "district_code": 3.0, "sub_district": null, "sub_district_code": null, "sub_district_type": null, "village": "Kanchi", "village_category": "Rural", "village_code": "3997329564" }, "geometry": { "type": "Point", "coordinates": [ 73.8092521, 36.1766748 ] } },
{ "type": "Feature", "properties": { "id": 426, "state": "Ladakh", "state_code": null, "district": "LEH", "district_code": 3.0, "sub_district": null, "sub_district_code": null, "sub_district_type": null, "village": "Gulmuti", "village_category": "Rural", "village_code": "3997331933" }, "geometry": { "type": "Point", "coordinates": [ 73.8569707, 36.1416598 ] } },
{ "type": "Feature", "properties": { "id": 427, "state": "Ladakh", "state_code": null, "district": "LEH", "district_code": 3.0, "sub_district": null, "sub_district_code": null, "sub_district_type": null, "village": "Japukay", "village_category": "Rural", "village_code": "3997346159" }, "geometry": { "type": "Point", "coordinates": [ 73.9570711, 36.1042252 ] } },
{ "type": "Feature", "properties": { "id": 428, "state": "Ladakh", "state_code": null, "district": "LEH", "district_code": 3.0, "sub_district": null, "sub_district_code": null, "sub_district_type": null, "village": "Gitch", "village_category": "Rural", "village_code": "3997349932" }, "geometry": { "type": "Point", "coordinates": [ 73.9347782, 36.101517 ] } },
{ "type": "Feature", "properties": { "id": 429, "state": "Ladakh", "state_code": null, "district": "LEH", "district_code": 3.0, "sub_district": null, "sub_district_code": null, "sub_district_type": null, "village": "Goharabad", "village_category": "Rural", "village_code": "3997352504" }, "geometry": { "type": "Point", "coordinates": [ 73.9753257, 36.0983614 ] } },
{ "type": "Feature", "properties": { "id": 430, "state": "Ladakh", "state_code": null, "district": "LEH", "district_code": 3.0, "sub_district": null, "sub_district_code": null, "sub_district_type": null, "village": "Hamuchal", "village_category": "Rural", "village_code": "3997355848" }, "geometry": { "type": "Point", "coordinates": [ 73.9964457, 36.0997241 ] } },
{ "type": "Feature", "properties": { "id": 431, "state": "Ladakh", "state_code": null, "district": "LEH", "district_code": 3.0, "sub_district": null, "sub_district_code": null, "sub_district_type": null, "village": "Dalnati", "village_category": "Rural", "village_code": "3997357596" }, "geometry": { "type": "Point", "coordinates": [ 74.0035619, 36.0932521 ] } },
{ "type": "Feature", "properties": { "id": 432, "state": "Ladakh", "state_code": null, "district": "LEH", "district_code": 3.0, "sub_district": null, "sub_district_code": null, "sub_district_type": null, "village": "شیر قلعہ", "village_category": "Rural", "village_code": "3997362672" }, "geometry": { "type": "Point", "coordinates": [ 74.0489841, 36.0917762 ] } },
{ "type": "Feature", "properties": { "id": 433, "state": "Ladakh", "state_code": null, "district": "LEH", "district_code": 3.0, "sub_district": null, "sub_district_code": null, "sub_district_type": null, "village": "Derani", "village_category": "Rural", "village_code": "3997363533" }, "geometry": { "type": "Point", "coordinates": [ 74.0332096, 36.1311914 ] } },
{ "type": "Feature", "properties": { "id": 434, "state": "Ladakh", "state_code": null, "district": "LEH", "district_code": 3.0, "sub_district": null, "sub_district_code": null, "sub_district_type": null, "village": "Gulapur", "village_category": "Rural", "village_code": "3997366657" }, "geometry": { "type": "Point", "coordinates": [ 74.0788409, 36.0627895 ] } },
{ "type": "Feature", "properties": { "id": 435, "state": "Ladakh", "state_code": null, "district": "LEH", "district_code": 3.0, "sub_district": null, "sub_district_code": null, "sub_district_type": null, "village": "Sharote/Shakiote", "village_category": "Rural", "village_code": "3997373657" }, "geometry": { "type": "Point", "coordinates": [ 74.1091454, 36.0455301 ] } },
{ "type": "Feature", "properties": { "id": 436, "state": "Ladakh", "state_code": null, "district": "LEH", "district_code": 3.0, "sub_district": null, "sub_district_code": null, "sub_district_type": null, "village": "Saeedabad", "village_category": "Rural", "village_code": "3997381172" }, "geometry": { "type": "Point", "coordinates": [ 74.1681583, 36.0303258 ] } },
{ "type": "Feature", "properties": { "id": 437, "state": "Ladakh", "state_code": null, "district": "LEH", "district_code": 3.0, "sub_district": null, "sub_district_code": null, "sub_district_type": null, "village": "Kargah", "village_category": "Rural", "village_code": "3998433190" }, "geometry": { "type": "Point", "coordinates": [ 74.1071857, 35.9391319 ] } },
{ "type": "Feature", "properties": { "id": 438, "state": "Ladakh", "state_code": null, "district": "LEH", "district_code": 3.0, "sub_district": null, "sub_district_code": null, "sub_district_type": null, "village": "ہینزل", "village_category": "Rural", "village_code": "3998456244" }, "geometry": { "type": "Point", "coordinates": [ 74.2080896, 35.9587972 ] } },
{ "type": "Feature", "properties": { "id": 439, "state": "Ladakh", "state_code": null, "district": "LEH", "district_code": 3.0, "sub_district": null, "sub_district_code": null, "sub_district_type": null, "village": "بسین", "village_category": "Rural", "village_code": "3998473963" }, "geometry": { "type": "Point", "coordinates": [ 74.2633112, 35.916885 ] } },
{ "type": "Feature", "properties": { "id": 440, "state": "Ladakh", "state_code": null, "district": "LEH", "district_code": 3.0, "sub_district": null, "sub_district_code": null, "sub_district_type": null, "village": "سکارکوئی", "village_category": "Rural", "village_code": "3998958737" }, "geometry": { "type": "Point", "coordinates": [ 74.2794485, 35.9270849 ] } },
{ "type": "Feature", "properties": { "id": 441, "state": "Ladakh", "state_code": null, "district": "LEH", "district_code": 3.0, "sub_district": null, "sub_district_code": null, "sub_district_type": null, "village": "مجاہد کالونی کونوداس", "village_category": "Rural", "village_code": "4000450597" }, "geometry": { "type": "Point", "coordinates": [ 74.3023144, 35.9289766 ] } },
{ "type": "Feature", "properties": { "id": 442, "state": "Ladakh", "state_code": null, "district": "LEH", "district_code": 3.0, "sub_district": null, "sub_district_code": null, "sub_district_type": null, "village": "Doyan", "village_category": "Rural", "village_code": "4002242922" }, "geometry": { "type": "Point", "coordinates": [ 74.7011551, 35.5251003 ] } },
{ "type": "Feature", "properties": { "id": 443, "state": "Ladakh", "state_code": null, "district": "LEH", "district_code": 3.0, "sub_district": null, "sub_district_code": null, "sub_district_type": null, "village": "Konodas", "village_category": "Urban", "village_code": "4002314390" }, "geometry": { "type": "Point", "coordinates": [ 74.3313322, 35.9265369 ] } },
{ "type": "Feature", "properties": { "id": 444, "state": "Ladakh", "state_code": null, "district": "LEH", "district_code": 3.0, "sub_district": null, "sub_district_code": null, "sub_district_type": null, "village": "Harchu", "village_category": "Rural", "village_code": "4002650421" }, "geometry": { "type": "Point", "coordinates": [ 74.7961361, 35.4502759 ] } },
{ "type": "Feature", "properties": { "id": 445, "state": "Ladakh", "state_code": null, "district": "LEH", "district_code": 3.0, "sub_district": null, "sub_district_code": null, "sub_district_type": null, "village": "Turballing", "village_category": "Rural", "village_code": "4002701996" }, "geometry": { "type": "Point", "coordinates": [ 74.7230607, 35.5093142 ] } },
{ "type": "Feature", "properties": { "id": 446, "state": "Ladakh", "state_code": null, "district": "LEH", "district_code": 3.0, "sub_district": null, "sub_district_code": null, "sub_district_type": null, "village": "Dashkin", "village_category": "Rural", "village_code": "4005570765" }, "geometry": { "type": "Point", "coordinates": [ 74.7740623, 35.4765994 ] } },
{ "type": "Feature", "properties": { "id": 447, "state": "Ladakh", "state_code": null, "district": "LEH", "district_code": 3.0, "sub_district": null, "sub_district_code": null, "sub_district_type": null, "village": "دنیور", "village_category": "Urban", "village_code": "4006955612" }, "geometry": { "type": "Point", "coordinates": [ 74.3782609, 35.9204592 ] } },
{ "type": "Feature", "properties": { "id": 448, "state": "Ladakh", "state_code": null, "district": "LEH", "district_code": 3.0, "sub_district": null, "sub_district_code": null, "sub_district_type": null, "village": "مناور", "village_category": "Rural", "village_code": "4009185045" }, "geometry": { "type": "Point", "coordinates": [ 74.4412841, 35.8779658 ] } },
{ "type": "Feature", "properties": { "id": 449, "state": "Ladakh", "state_code": null, "district": "LEH", "district_code": 3.0, "sub_district": null, "sub_district_code": null, "sub_district_type": null, "village": "Hanuchal Haramosh", "village_category": "Rural", "village_code": "4009276107" }, "geometry": { "type": "Point", "coordinates": [ 74.7001734, 35.8432278 ] } },
{ "type": "Feature", "properties": { "id": 450, "state": "Ladakh", "state_code": null, "district": "LEH", "district_code": 3.0, "sub_district": null, "sub_district_code": null, "sub_district_type": null, "village": "Khinar", "village_category": "Rural", "village_code": "4009357412" }, "geometry": { "type": "Point", "coordinates": [ 74.1513326, 35.4325159 ] } },
{ "type": "Feature", "properties": { "id": 451, "state": "Ladakh", "state_code": null, "district": "LEH", "district_code": 3.0, "sub_district": null, "sub_district_code": null, "sub_district_type": null, "village": "Girch Bagrote", "village_category": "Rural", "village_code": "4010477776" }, "geometry": { "type": "Point", "coordinates": [ 74.5022159, 35.9457346 ] } },
{ "type": "Feature", "properties": { "id": 452, "state": "Ladakh", "state_code": null, "district": "LEH", "district_code": 3.0, "sub_district": null, "sub_district_code": null, "sub_district_type": null, "village": "Hamaran Bagrote", "village_category": "Rural", "village_code": "4010479850" }, "geometry": { "type": "Point", "coordinates": [ 74.5062343, 35.9353468 ] } },
{ "type": "Feature", "properties": { "id": 453, "state": "Ladakh", "state_code": null, "district": "LEH", "district_code": 3.0, "sub_district": null, "sub_district_code": null, "sub_district_type": null, "village": "Sinakar Bagrote", "village_category": "Rural", "village_code": "4010482434" }, "geometry": { "type": "Point", "coordinates": [ 74.5172665, 35.9596061 ] } },
{ "type": "Feature", "properties": { "id": 454, "state": "Ladakh", "state_code": null, "district": "LEH", "district_code": 3.0, "sub_district": null, "sub_district_code": null, "sub_district_type": null, "village": "Bilchar Taisot Valley", "village_category": "Rural", "village_code": "4010515670" }, "geometry": { "type": "Point", "coordinates": [ 74.5567202, 35.9462184 ] } },
{ "type": "Feature", "properties": { "id": 455, "state": "Ladakh", "state_code": null, "district": "LEH", "district_code": 3.0, "sub_district": null, "sub_district_code": null, "sub_district_type": null, "village": "Hopay Bagrote", "village_category": "Rural", "village_code": "4010516300" }, "geometry": { "type": "Point", "coordinates": [ 74.5324857, 35.9799776 ] } },
{ "type": "Feature", "properties": { "id": 456, "state": "Ladakh", "state_code": null, "district": "LEH", "district_code": 3.0, "sub_district": null, "sub_district_code": null, "sub_district_type": null, "village": "Datuchi Khas Bagrote", "village_category": "Rural", "village_code": "4010539675" }, "geometry": { "type": "Point", "coordinates": [ 74.5366278, 36.0028798 ] } },
{ "type": "Feature", "properties": { "id": 457, "state": "Ladakh", "state_code": null, "district": "LEH", "district_code": 3.0, "sub_district": null, "sub_district_code": null, "sub_district_type": null, "village": "Bulchi", "village_category": "Rural", "village_code": "4010634345" }, "geometry": { "type": "Point", "coordinates": [ 74.5486934, 36.0247455 ] } },
{ "type": "Feature", "properties": { "id": 458, "state": "Ladakh", "state_code": null, "district": "LEH", "district_code": 3.0, "sub_district": null, "sub_district_code": null, "sub_district_type": null, "village": "Farfoo", "village_category": "Rural", "village_code": "4010736675" }, "geometry": { "type": "Point", "coordinates": [ 74.5515716, 36.0214825 ] } },
{ "type": "Feature", "properties": { "id": 459, "state": "Ladakh", "state_code": null, "district": "LEH", "district_code": 3.0, "sub_district": null, "sub_district_code": null, "sub_district_type": null, "village": "Daar Bagrote", "village_category": "Rural", "village_code": "4010782716" }, "geometry": { "type": "Point", "coordinates": [ 74.6115833, 36.0407456 ] } },
{ "type": "Feature", "properties": { "id": 460, "state": "Ladakh", "state_code": null, "district": "LEH", "district_code": 3.0, "sub_district": null, "sub_district_code": null, "sub_district_type": null, "village": "Jagot Nalter Bala", "village_category": "Rural", "village_code": "4012048746" }, "geometry": { "type": "Point", "coordinates": [ 74.195436, 36.1638623 ] } },
{ "type": "Feature", "properties": { "id": 461, "state": "Ladakh", "state_code": null, "district": "LEH", "district_code": 3.0, "sub_district": null, "sub_district_code": null, "sub_district_type": null, "village": "Nalter Paeen", "village_category": "Rural", "village_code": "4012049403" }, "geometry": { "type": "Point", "coordinates": [ 74.2323601, 36.1305979 ] } },
{ "type": "Feature", "properties": { "id": 462, "state": "Ladakh", "state_code": null, "district": "LEH", "district_code": 3.0, "sub_district": null, "sub_district_code": null, "sub_district_type": null, "village": "Gumut Nagra and Turbat", "village_category": "Rural", "village_code": "4012049555" }, "geometry": { "type": "Point", "coordinates": [ 74.1929886, 36.1527836 ] } },
{ "type": "Feature", "properties": { "id": 463, "state": "Ladakh", "state_code": null, "district": "LEH", "district_code": 3.0, "sub_district": null, "sub_district_code": null, "sub_district_type": null, "village": "Khayot Nalter", "village_category": "Rural", "village_code": "4012050184" }, "geometry": { "type": "Point", "coordinates": [ 74.1780957, 36.1677822 ] } },
{ "type": "Feature", "properties": { "id": 464, "state": "Ladakh", "state_code": null, "district": "LEH", "district_code": 3.0, "sub_district": null, "sub_district_code": null, "sub_district_type": null, "village": "Hasis", "village_category": "Rural", "village_code": "4012067350" }, "geometry": { "type": "Point", "coordinates": [ 73.7907787, 36.2888279 ] } },
{ "type": "Feature", "properties": { "id": 465, "state": "Ladakh", "state_code": null, "district": "LEH", "district_code": 3.0, "sub_district": null, "sub_district_code": null, "sub_district_type": null, "village": "Birgal / Kuchdeh", "village_category": "Rural", "village_code": "4012067857" }, "geometry": { "type": "Point", "coordinates": [ 73.8327152, 36.3294613 ] } },
{ "type": "Feature", "properties": { "id": 466, "state": "Ladakh", "state_code": null, "district": "LEH", "district_code": 3.0, "sub_district": null, "sub_district_code": null, "sub_district_type": null, "village": "Phamani", "village_category": "Rural", "village_code": "4012068389" }, "geometry": { "type": "Point", "coordinates": [ 73.814511, 36.3078653 ] } },
{ "type": "Feature", "properties": { "id": 467, "state": "Ladakh", "state_code": null, "district": "LEH", "district_code": 3.0, "sub_district": null, "sub_district_code": null, "sub_district_type": null, "village": "Asambar", "village_category": "Rural", "village_code": "4012068394" }, "geometry": { "type": "Point", "coordinates": [ 73.8320133, 36.4171597 ] } },
{ "type": "Feature", "properties": { "id": 468, "state": "Ladakh", "state_code": null, "district": "LEH", "district_code": 3.0, "sub_district": null, "sub_district_code": null, "sub_district_type": null, "village": "Chatorkhand", "village_category": "Rural", "village_code": "4012070540" }, "geometry": { "type": "Point", "coordinates": [ 73.8466635, 36.3471144 ] } },
{ "type": "Feature", "properties": { "id": 469, "state": "Ladakh", "state_code": null, "district": "LEH", "district_code": 3.0, "sub_district": null, "sub_district_code": null, "sub_district_type": null, "village": "Daeen", "village_category": "Rural", "village_code": "4012071195" }, "geometry": { "type": "Point", "coordinates": [ 73.8257464, 36.3519866 ] } },
{ "type": "Feature", "properties": { "id": 470, "state": "Ladakh", "state_code": null, "district": "LEH", "district_code": 3.0, "sub_district": null, "sub_district_code": null, "sub_district_type": null, "village": "Phakora", "village_category": "Rural", "village_code": "4012071274" }, "geometry": { "type": "Point", "coordinates": [ 73.8488318, 36.3810725 ] } },
{ "type": "Feature", "properties": { "id": 471, "state": "Ladakh", "state_code": null, "district": "LEH", "district_code": 3.0, "sub_district": null, "sub_district_code": null, "sub_district_type": null, "village": "Shonas", "village_category": "Rural", "village_code": "4012071571" }, "geometry": { "type": "Point", "coordinates": [ 73.8451938, 36.407202 ] } },
{ "type": "Feature", "properties": { "id": 472, "state": "Ladakh", "state_code": null, "district": "LEH", "district_code": 3.0, "sub_district": null, "sub_district_code": null, "sub_district_type": null, "village": "Barjungal", "village_category": "Rural", "village_code": "4012071655" }, "geometry": { "type": "Point", "coordinates": [ 73.8461211, 36.4455603 ] } },
{ "type": "Feature", "properties": { "id": 473, "state": "Ladakh", "state_code": null, "district": "LEH", "district_code": 3.0, "sub_district": null, "sub_district_code": null, "sub_district_type": null, "village": "Shulja", "village_category": "Rural", "village_code": "4012075689" }, "geometry": { "type": "Point", "coordinates": [ 73.8396714, 36.386719 ] } },
{ "type": "Feature", "properties": { "id": 474, "state": "Ladakh", "state_code": null, "district": "LEH", "district_code": 3.0, "sub_district": null, "sub_district_code": null, "sub_district_type": null, "village": "Shamsabad", "village_category": "Rural", "village_code": "4012075691" }, "geometry": { "type": "Point", "coordinates": [ 73.9785054, 36.4575972 ] } },
{ "type": "Feature", "properties": { "id": 475, "state": "Ladakh", "state_code": null, "district": "LEH", "district_code": 3.0, "sub_district": null, "sub_district_code": null, "sub_district_type": null, "village": "Thapushkin", "village_category": "Rural", "village_code": "4012076045" }, "geometry": { "type": "Point", "coordinates": [ 73.8359325, 36.4697346 ] } },
{ "type": "Feature", "properties": { "id": 476, "state": "Ladakh", "state_code": null, "district": "LEH", "district_code": 3.0, "sub_district": null, "sub_district_code": null, "sub_district_type": null, "village": "Gishgish", "village_category": "Rural", "village_code": "4012078160" }, "geometry": { "type": "Point", "coordinates": [ 73.8471109, 36.469527 ] } },
{ "type": "Feature", "properties": { "id": 477, "state": "Ladakh", "state_code": null, "district": "LEH", "district_code": 3.0, "sub_district": null, "sub_district_code": null, "sub_district_type": null, "village": "Dalti", "village_category": "Rural", "village_code": "4012083187" }, "geometry": { "type": "Point", "coordinates": [ 73.8458726, 36.5015513 ] } },
{ "type": "Feature", "properties": { "id": 478, "state": "Ladakh", "state_code": null, "district": "LEH", "district_code": 3.0, "sub_district": null, "sub_district_code": null, "sub_district_type": null, "village": "Gutulti", "village_category": "Rural", "village_code": "4012085027" }, "geometry": { "type": "Point", "coordinates": [ 73.7954579, 36.5647157 ] } },
{ "type": "Feature", "properties": { "id": 479, "state": "Ladakh", "state_code": null, "district": "LEH", "district_code": 3.0, "sub_district": null, "sub_district_code": null, "sub_district_type": null, "village": "Faizabad Ishkhoman", "village_category": "Rural", "village_code": "4012085047" }, "geometry": { "type": "Point", "coordinates": [ 73.8290377, 36.5351163 ] } },
{ "type": "Feature", "properties": { "id": 480, "state": "Ladakh", "state_code": null, "district": "LEH", "district_code": 3.0, "sub_district": null, "sub_district_code": null, "sub_district_type": null, "village": "Tushkin", "village_category": "Rural", "village_code": "4012085050" }, "geometry": { "type": "Point", "coordinates": [ 73.8511251, 36.5165392 ] } },
{ "type": "Feature", "properties": { "id": 481, "state": "Ladakh", "state_code": null, "district": "LEH", "district_code": 3.0, "sub_district": null, "sub_district_code": null, "sub_district_type": null, "village": "Ishkoman Payeen", "village_category": "Rural", "village_code": "4012085235" }, "geometry": { "type": "Point", "coordinates": [ 73.8188963, 36.5316876 ] } },
{ "type": "Feature", "properties": { "id": 482, "state": "Ladakh", "state_code": null, "district": "LEH", "district_code": 3.0, "sub_district": null, "sub_district_code": null, "sub_district_type": null, "village": "Immit", "village_category": "Rural", "village_code": "4012086524" }, "geometry": { "type": "Point", "coordinates": [ 73.9051773, 36.5030826 ] } },
{ "type": "Feature", "properties": { "id": 483, "state": "Ladakh", "state_code": null, "district": "LEH", "district_code": 3.0, "sub_district": null, "sub_district_code": null, "sub_district_type": null, "village": "Mominabad", "village_category": "Rural", "village_code": "4012086604" }, "geometry": { "type": "Point", "coordinates": [ 73.8724485, 36.5106916 ] } },
{ "type": "Feature", "properties": { "id": 484, "state": "Ladakh", "state_code": null, "district": "LEH", "district_code": 3.0, "sub_district": null, "sub_district_code": null, "sub_district_type": null, "village": "Tashnalot", "village_category": "Rural", "village_code": "4012091853" }, "geometry": { "type": "Point", "coordinates": [ 73.9677671, 36.5263666 ] } },
{ "type": "Feature", "properties": { "id": 485, "state": "Ladakh", "state_code": null, "district": "LEH", "district_code": 3.0, "sub_district": null, "sub_district_code": null, "sub_district_type": null, "village": "Rehmatabad Mujawir", "village_category": "Rural", "village_code": "4012091965" }, "geometry": { "type": "Point", "coordinates": [ 73.9443636, 36.5118147 ] } },
{ "type": "Feature", "properties": { "id": 486, "state": "Ladakh", "state_code": null, "district": "LEH", "district_code": 3.0, "sub_district": null, "sub_district_code": null, "sub_district_type": null, "village": "Mahtramdan", "village_category": "Rural", "village_code": "4012092966" }, "geometry": { "type": "Point", "coordinates": [ 74.0468393, 36.6624181 ] } },
{ "type": "Feature", "properties": { "id": 487, "state": "Ladakh", "state_code": null, "district": "LEH", "district_code": 3.0, "sub_district": null, "sub_district_code": null, "sub_district_type": null, "village": "Bhurt", "village_category": "Rural", "village_code": "4012093219" }, "geometry": { "type": "Point", "coordinates": [ 74.0654208, 36.5778338 ] } },
{ "type": "Feature", "properties": { "id": 488, "state": "Ladakh", "state_code": null, "district": "LEH", "district_code": 3.0, "sub_district": null, "sub_district_code": null, "sub_district_type": null, "village": "Bilhans", "village_category": "Rural", "village_code": "4012093326" }, "geometry": { "type": "Point", "coordinates": [ 74.0056239, 36.532983 ] } },
{ "type": "Feature", "properties": { "id": 489, "state": "Ladakh", "state_code": null, "district": "LEH", "district_code": 3.0, "sub_district": null, "sub_district_code": null, "sub_district_type": null, "village": "Badswat", "village_category": "Rural", "village_code": "4012093708" }, "geometry": { "type": "Point", "coordinates": [ 74.0458996, 36.5521463 ] } },
{ "type": "Feature", "properties": { "id": 490, "state": "Ladakh", "state_code": null, "district": "LEH", "district_code": 3.0, "sub_district": null, "sub_district_code": null, "sub_district_type": null, "village": "Siliharang", "village_category": "Rural", "village_code": "4012103530" }, "geometry": { "type": "Point", "coordinates": [ 73.4008701, 36.2627619 ] } },
{ "type": "Feature", "properties": { "id": 491, "state": "Ladakh", "state_code": null, "district": "LEH", "district_code": 3.0, "sub_district": null, "sub_district_code": null, "sub_district_type": null, "village": "Chongra", "village_category": "Rural", "village_code": "4012106577" }, "geometry": { "type": "Point", "coordinates": [ 74.8351189, 35.3637622 ] } },
{ "type": "Feature", "properties": { "id": 492, "state": "Ladakh", "state_code": null, "district": "LEH", "district_code": 3.0, "sub_district": null, "sub_district_code": null, "sub_district_type": null, "village": "عید گاہ", "village_category": "Urban", "village_code": "4012106691" }, "geometry": { "type": "Point", "coordinates": [ 74.8569458, 35.3480705 ] } },
{ "type": "Feature", "properties": { "id": 493, "state": "Ladakh", "state_code": null, "district": "LEH", "district_code": 3.0, "sub_district": null, "sub_district_code": null, "sub_district_type": null, "village": "گوری کوٹ", "village_category": "Urban", "village_code": "4012107808" }, "geometry": { "type": "Point", "coordinates": [ 74.842537, 35.2816269 ] } },
{ "type": "Feature", "properties": { "id": 494, "state": "Ladakh", "state_code": null, "district": "LEH", "district_code": 3.0, "sub_district": null, "sub_district_code": null, "sub_district_type": null, "village": "Ganji", "village_category": "Rural", "village_code": "4012111602" }, "geometry": { "type": "Point", "coordinates": [ 74.993387, 35.6041779 ] } },
{ "type": "Feature", "properties": { "id": 495, "state": "Ladakh", "state_code": null, "district": "LEH", "district_code": 3.0, "sub_district": null, "sub_district_code": null, "sub_district_type": null, "village": "Gutamsar", "village_category": "Rural", "village_code": "4012111603" }, "geometry": { "type": "Point", "coordinates": [ 75.0039036, 35.3950206 ] } },
{ "type": "Feature", "properties": { "id": 496, "state": "Ladakh", "state_code": null, "district": "LEH", "district_code": 3.0, "sub_district": null, "sub_district_code": null, "sub_district_type": null, "village": "Kakan Astore", "village_category": "Rural", "village_code": "4012111604" }, "geometry": { "type": "Point", "coordinates": [ 75.057532, 35.0964035 ] } },
{ "type": "Feature", "properties": { "id": 497, "state": "Ladakh", "state_code": null, "district": "LEH", "district_code": 3.0, "sub_district": null, "sub_district_code": null, "sub_district_type": null, "village": "Mainkial", "village_category": "Rural", "village_code": "4012111605" }, "geometry": { "type": "Point", "coordinates": [ 74.8937695, 35.2576623 ] } },
{ "type": "Feature", "properties": { "id": 498, "state": "Ladakh", "state_code": null, "district": "LEH", "district_code": 3.0, "sub_district": null, "sub_district_code": null, "sub_district_type": null, "village": "Nowgram", "village_category": "Rural", "village_code": "4012111606" }, "geometry": { "type": "Point", "coordinates": [ 74.8856799, 35.267242 ] } },
{ "type": "Feature", "properties": { "id": 499, "state": "Ladakh", "state_code": null, "district": "LEH", "district_code": 3.0, "sub_district": null, "sub_district_code": null, "sub_district_type": null, "village": "Pakora Astore", "village_category": "Rural", "village_code": "4012111607" }, "geometry": { "type": "Point", "coordinates": [ 74.9024976, 35.2542562 ] } },
{ "type": "Feature", "properties": { "id": 500, "state": "Ladakh", "state_code": null, "district": "LEH", "district_code": 3.0, "sub_district": null, "sub_district_code": null, "sub_district_type": null, "village": "Thingi", "village_category": "Rural", "village_code": "4012111608" }, "geometry": { "type": "Point", "coordinates": [ 74.96131, 35.3960637 ] } },
{ "type": "Feature", "properties": { "id": 501, "state": "Ladakh", "state_code": null, "district": "LEH", "district_code": 3.0, "sub_district": null, "sub_district_code": null, "sub_district_type": null, "village": "Damalgan", "village_category": "Rural", "village_code": "4012229618" }, "geometry": { "type": "Point", "coordinates": [ 73.4019122, 36.2845698 ] } },
{ "type": "Feature", "properties": { "id": 502, "state": "Ladakh", "state_code": null, "district": "LEH", "district_code": 3.0, "sub_district": null, "sub_district_code": null, "sub_district_type": null, "village": "Gindai", "village_category": "Rural", "village_code": "4012273269" }, "geometry": { "type": "Point", "coordinates": [ 73.3898987, 36.3050919 ] } },
{ "type": "Feature", "properties": { "id": 503, "state": "Ladakh", "state_code": null, "district": "LEH", "district_code": 3.0, "sub_district": null, "sub_district_code": null, "sub_district_type": null, "village": "Masher", "village_category": "Rural", "village_code": "4012427314" }, "geometry": { "type": "Point", "coordinates": [ 73.3782636, 36.3058183 ] } },
{ "type": "Feature", "properties": { "id": 504, "state": "Ladakh", "state_code": null, "district": "LEH", "district_code": 3.0, "sub_district": null, "sub_district_code": null, "sub_district_type": null, "village": "Noh Yasin", "village_category": "Rural", "village_code": "4012567493" }, "geometry": { "type": "Point", "coordinates": [ 73.3608369, 36.3265372 ] } },
{ "type": "Feature", "properties": { "id": 505, "state": "Ladakh", "state_code": null, "district": "LEH", "district_code": 3.0, "sub_district": null, "sub_district_code": null, "sub_district_type": null, "village": "Murkah Yasin", "village_category": "Rural", "village_code": "4012596093" }, "geometry": { "type": "Point", "coordinates": [ 73.3582374, 36.3443867 ] } },
{ "type": "Feature", "properties": { "id": 506, "state": "Ladakh", "state_code": null, "district": "LEH", "district_code": 3.0, "sub_district": null, "sub_district_code": null, "sub_district_type": null, "village": "تورمک", "village_category": "Rural", "village_code": "4012883691" }, "geometry": { "type": "Point", "coordinates": [ 75.3156425, 35.6121174 ] } },
{ "type": "Feature", "properties": { "id": 507, "state": "Ladakh", "state_code": null, "district": "LEH", "district_code": 3.0, "sub_district": null, "sub_district_code": null, "sub_district_type": null, "village": "Atkash", "village_category": "Rural", "village_code": "4013798992" }, "geometry": { "type": "Point", "coordinates": [ 73.3507022, 36.3391971 ] } },
{ "type": "Feature", "properties": { "id": 508, "state": "Ladakh", "state_code": null, "district": "LEH", "district_code": 3.0, "sub_district": null, "sub_district_code": null, "sub_district_type": null, "village": "Bajyote", "village_category": "Rural", "village_code": "4013847913" }, "geometry": { "type": "Point", "coordinates": [ 73.3445906, 36.3474984 ] } },
{ "type": "Feature", "properties": { "id": 509, "state": "Ladakh", "state_code": null, "district": "LEH", "district_code": 3.0, "sub_district": null, "sub_district_code": null, "sub_district_type": null, "village": "Yasin Proper", "village_category": "Rural", "village_code": "4013851494" }, "geometry": { "type": "Point", "coordinates": [ 73.3364785, 36.3663191 ] } },
{ "type": "Feature", "properties": { "id": 510, "state": "Ladakh", "state_code": null, "district": "LEH", "district_code": 3.0, "sub_district": null, "sub_district_code": null, "sub_district_type": null, "village": "Taus Yasin", "village_category": "Rural", "village_code": "4014193658" }, "geometry": { "type": "Point", "coordinates": [ 73.3436329, 36.3942041 ] } },
{ "type": "Feature", "properties": { "id": 511, "state": "Ladakh", "state_code": null, "district": "LEH", "district_code": 3.0, "sub_district": null, "sub_district_code": null, "sub_district_type": null, "village": "Turmout", "village_category": "Rural", "village_code": "4014460127" }, "geometry": { "type": "Point", "coordinates": [ 73.3011772, 36.3932071 ] } },
{ "type": "Feature", "properties": { "id": 512, "state": "Ladakh", "state_code": null, "district": "LEH", "district_code": 3.0, "sub_district": null, "sub_district_code": null, "sub_district_type": null, "village": "Goli Bercher", "village_category": "Rural", "village_code": "4014586421" }, "geometry": { "type": "Point", "coordinates": [ 73.2882046, 36.3955327 ] } },
{ "type": "Feature", "properties": { "id": 513, "state": "Ladakh", "state_code": null, "district": "LEH", "district_code": 3.0, "sub_district": null, "sub_district_code": null, "sub_district_type": null, "village": "Deh Nazbar", "village_category": "Rural", "village_code": "4014599613" }, "geometry": { "type": "Point", "coordinates": [ 73.2764513, 36.3979541 ] } },
{ "type": "Feature", "properties": { "id": 514, "state": "Ladakh", "state_code": null, "district": "LEH", "district_code": 3.0, "sub_district": null, "sub_district_code": null, "sub_district_type": null, "village": "Baltering", "village_category": "Rural", "village_code": "4014619153" }, "geometry": { "type": "Point", "coordinates": [ 73.2552799, 36.3970217 ] } },
{ "type": "Feature", "properties": { "id": 515, "state": "Ladakh", "state_code": null, "district": "LEH", "district_code": 3.0, "sub_district": null, "sub_district_code": null, "sub_district_type": null, "village": "Gojulti", "village_category": "Rural", "village_code": "4015795444" }, "geometry": { "type": "Point", "coordinates": [ 73.3627515, 36.4029583 ] } },
{ "type": "Feature", "properties": { "id": 516, "state": "Ladakh", "state_code": null, "district": "LEH", "district_code": 3.0, "sub_district": null, "sub_district_code": null, "sub_district_type": null, "village": "Sultanabad Hoelti", "village_category": "Rural", "village_code": "4015827714" }, "geometry": { "type": "Point", "coordinates": [ 73.3611609, 36.4235379 ] } },
{ "type": "Feature", "properties": { "id": 517, "state": "Ladakh", "state_code": null, "district": "LEH", "district_code": 3.0, "sub_district": null, "sub_district_code": null, "sub_district_type": null, "village": "داسو", "village_category": "Urban", "village_code": "4015947513" }, "geometry": { "type": "Point", "coordinates": [ 75.5202482, 35.7182478 ] } },
{ "type": "Feature", "properties": { "id": 518, "state": "Ladakh", "state_code": null, "district": "LEH", "district_code": 3.0, "sub_district": null, "sub_district_code": null, "sub_district_type": null, "village": "Sisko Zil", "village_category": "Rural", "village_code": "4015947514" }, "geometry": { "type": "Point", "coordinates": [ 75.4185557, 35.8198964 ] } },
{ "type": "Feature", "properties": { "id": 519, "state": "Ladakh", "state_code": null, "district": "LEH", "district_code": 3.0, "sub_district": null, "sub_district_code": null, "sub_district_type": null, "village": "تسر", "village_category": "Urban", "village_code": "4015947515" }, "geometry": { "type": "Point", "coordinates": [ 75.4501787, 35.6664657 ] } },
{ "type": "Feature", "properties": { "id": 520, "state": "Ladakh", "state_code": null, "district": "LEH", "district_code": 3.0, "sub_district": null, "sub_district_code": null, "sub_district_type": null, "village": "Sandhi", "village_category": "Rural", "village_code": "4016192550" }, "geometry": { "type": "Point", "coordinates": [ 73.3733936, 36.4217461 ] } },
{ "type": "Feature", "properties": { "id": 521, "state": "Ladakh", "state_code": null, "district": "LEH", "district_code": 3.0, "sub_district": null, "sub_district_code": null, "sub_district_type": null, "village": "Qurqolti", "village_category": "Rural", "village_code": "4016216116" }, "geometry": { "type": "Point", "coordinates": [ 73.4610777, 36.4133312 ] } },
{ "type": "Feature", "properties": { "id": 522, "state": "Ladakh", "state_code": null, "district": "LEH", "district_code": 3.0, "sub_district": null, "sub_district_code": null, "sub_district_type": null, "village": "Barkulti", "village_category": "Rural", "village_code": "4016234574" }, "geometry": { "type": "Point", "coordinates": [ 73.3941042, 36.4788991 ] } },
{ "type": "Feature", "properties": { "id": 523, "state": "Ladakh", "state_code": null, "district": "LEH", "district_code": 3.0, "sub_district": null, "sub_district_code": null, "sub_district_type": null, "village": "Ishekiber Thoi", "village_category": "Rural", "village_code": "4018911928" }, "geometry": { "type": "Point", "coordinates": [ 73.3530335, 36.4630199 ] } },
{ "type": "Feature", "properties": { "id": 524, "state": "Ladakh", "state_code": null, "district": "LEH", "district_code": 3.0, "sub_district": null, "sub_district_code": null, "sub_district_type": null, "village": "Karimabad Thoi", "village_category": "Rural", "village_code": "4018937911" }, "geometry": { "type": "Point", "coordinates": [ 73.3253846, 36.4612221 ] } },
{ "type": "Feature", "properties": { "id": 525, "state": "Ladakh", "state_code": null, "district": "LEH", "district_code": 3.0, "sub_district": null, "sub_district_code": null, "sub_district_type": null, "village": "Dalkoi Thoi", "village_category": "Rural", "village_code": "4018992646" }, "geometry": { "type": "Point", "coordinates": [ 73.3149412, 36.4697131 ] } },
{ "type": "Feature", "properties": { "id": 526, "state": "Ladakh", "state_code": null, "district": "LEH", "district_code": 3.0, "sub_district": null, "sub_district_code": null, "sub_district_type": null, "village": "Darich Thoi", "village_category": "Rural", "village_code": "4019004160" }, "geometry": { "type": "Point", "coordinates": [ 73.3026477, 36.470105 ] } },
{ "type": "Feature", "properties": { "id": 527, "state": "Ladakh", "state_code": null, "district": "LEH", "district_code": 3.0, "sub_district": null, "sub_district_code": null, "sub_district_type": null, "village": "Harf Thoi", "village_category": "Rural", "village_code": "4019028757" }, "geometry": { "type": "Point", "coordinates": [ 73.2841604, 36.4813641 ] } },
{ "type": "Feature", "properties": { "id": 528, "state": "Ladakh", "state_code": null, "district": "LEH", "district_code": 3.0, "sub_district": null, "sub_district_code": null, "sub_district_type": null, "village": "Dapis Thoi", "village_category": "Rural", "village_code": "4019035199" }, "geometry": { "type": "Point", "coordinates": [ 73.2989255, 36.4762059 ] } },
{ "type": "Feature", "properties": { "id": 529, "state": "Ladakh", "state_code": null, "district": "LEH", "district_code": 3.0, "sub_district": null, "sub_district_code": null, "sub_district_type": null, "village": "Chikidass Thoi", "village_category": "Rural", "village_code": "4019487598" }, "geometry": { "type": "Point", "coordinates": [ 73.271717, 36.4913257 ] } },
{ "type": "Feature", "properties": { "id": 530, "state": "Ladakh", "state_code": null, "district": "LEH", "district_code": 3.0, "sub_district": null, "sub_district_code": null, "sub_district_type": null, "village": "Kuno Thoi", "village_category": "Rural", "village_code": "4019605363" }, "geometry": { "type": "Point", "coordinates": [ 73.2672684, 36.4882734 ] } },
{ "type": "Feature", "properties": { "id": 531, "state": "Ladakh", "state_code": null, "district": "LEH", "district_code": 3.0, "sub_district": null, "sub_district_code": null, "sub_district_type": null, "village": "Cheriyat", "village_category": "Rural", "village_code": "4019669310" }, "geometry": { "type": "Point", "coordinates": [ 73.2576752, 36.4926862 ] } },
{ "type": "Feature", "properties": { "id": 532, "state": "Ladakh", "state_code": null, "district": "LEH", "district_code": 3.0, "sub_district": null, "sub_district_code": null, "sub_district_type": null, "village": "Isqamdass", "village_category": "Rural", "village_code": "4019671754" }, "geometry": { "type": "Point", "coordinates": [ 73.2476023, 36.4955219 ] } },
{ "type": "Feature", "properties": { "id": 533, "state": "Ladakh", "state_code": null, "district": "LEH", "district_code": 3.0, "sub_district": null, "sub_district_code": null, "sub_district_type": null, "village": "Draskin", "village_category": "Rural", "village_code": "4019677454" }, "geometry": { "type": "Point", "coordinates": [ 73.2465775, 36.501656 ] } },
{ "type": "Feature", "properties": { "id": 534, "state": "Ladakh", "state_code": null, "district": "LEH", "district_code": 3.0, "sub_district": null, "sub_district_code": null, "sub_district_type": null, "village": "Nolti Thoi", "village_category": "Rural", "village_code": "4019680968" }, "geometry": { "type": "Point", "coordinates": [ 73.2310602, 36.4991395 ] } },
{ "type": "Feature", "properties": { "id": 535, "state": "Ladakh", "state_code": null, "district": "LEH", "district_code": 3.0, "sub_district": null, "sub_district_code": null, "sub_district_type": null, "village": "Das Bala", "village_category": "Rural", "village_code": "4019684845" }, "geometry": { "type": "Point", "coordinates": [ 73.2212458, 36.5083913 ] } },
{ "type": "Feature", "properties": { "id": 536, "state": "Ladakh", "state_code": null, "district": "LEH", "district_code": 3.0, "sub_district": null, "sub_district_code": null, "sub_district_type": null, "village": "Thalti Thoi", "village_category": "Rural", "village_code": "4019688165" }, "geometry": { "type": "Point", "coordinates": [ 73.2167111, 36.5060733 ] } },
{ "type": "Feature", "properties": { "id": 537, "state": "Ladakh", "state_code": null, "district": "LEH", "district_code": 3.0, "sub_district": null, "sub_district_code": null, "sub_district_type": null, "village": "Hundur", "village_category": "Rural", "village_code": "4019713440" }, "geometry": { "type": "Point", "coordinates": [ 73.413828, 36.5156151 ] } },
{ "type": "Feature", "properties": { "id": 538, "state": "Ladakh", "state_code": null, "district": "LEH", "district_code": 3.0, "sub_district": null, "sub_district_code": null, "sub_district_type": null, "village": "Tirsat", "village_category": "Rural", "village_code": "4020926953" }, "geometry": { "type": "Point", "coordinates": [ 73.4295583, 36.5460238 ] } },
{ "type": "Feature", "properties": { "id": 539, "state": "Ladakh", "state_code": null, "district": "LEH", "district_code": 3.0, "sub_district": null, "sub_district_code": null, "sub_district_type": null, "village": "Qumra", "village_category": "Rural", "village_code": "4021567314" }, "geometry": { "type": "Point", "coordinates": [ 75.5155185, 35.4138363 ] } },
{ "type": "Feature", "properties": { "id": 540, "state": "Ladakh", "state_code": null, "district": "LEH", "district_code": 3.0, "sub_district": null, "sub_district_code": null, "sub_district_type": null, "village": "Umelsat", "village_category": "Rural", "village_code": "4021799910" }, "geometry": { "type": "Point", "coordinates": [ 73.4377506, 36.5650332 ] } },
{ "type": "Feature", "properties": { "id": 541, "state": "Ladakh", "state_code": null, "district": "LEH", "district_code": 3.0, "sub_district": null, "sub_district_code": null, "sub_district_type": null, "village": "Chunda", "village_category": "Rural", "village_code": "4021894264" }, "geometry": { "type": "Point", "coordinates": [ 75.491175, 35.333113 ] } },
{ "type": "Feature", "properties": { "id": 542, "state": "Ladakh", "state_code": null, "district": "LEH", "district_code": 3.0, "sub_district": null, "sub_district_code": null, "sub_district_type": null, "village": "Hotto", "village_category": "Rural", "village_code": "4021894265" }, "geometry": { "type": "Point", "coordinates": [ 75.4957971, 35.3689806 ] } },
{ "type": "Feature", "properties": { "id": 543, "state": "Ladakh", "state_code": null, "district": "LEH", "district_code": 3.0, "sub_district": null, "sub_district_code": null, "sub_district_type": null, "village": "Tandal", "village_category": "Rural", "village_code": "4021894266" }, "geometry": { "type": "Point", "coordinates": [ 75.5127893, 35.3038698 ] } },
{ "type": "Feature", "properties": { "id": 544, "state": "Ladakh", "state_code": null, "district": "LEH", "district_code": 3.0, "sub_district": null, "sub_district_code": null, "sub_district_type": null, "village": "Darkut", "village_category": "Rural", "village_code": "4023015414" }, "geometry": { "type": "Point", "coordinates": [ 73.4353263, 36.645692 ] } },
{ "type": "Feature", "properties": { "id": 545, "state": "Ladakh", "state_code": null, "district": "LEH", "district_code": 3.0, "sub_district": null, "sub_district_code": null, "sub_district_type": null, "village": "Gartanz", "village_category": "Rural", "village_code": "4023031755" }, "geometry": { "type": "Point", "coordinates": [ 73.4728513, 36.6484246 ] } },
{ "type": "Feature", "properties": { "id": 546, "state": "Ladakh", "state_code": null, "district": "LEH", "district_code": 3.0, "sub_district": null, "sub_district_code": null, "sub_district_type": null, "village": "Bar Nagar", "village_category": "Rural", "village_code": "4023072513" }, "geometry": { "type": "Point", "coordinates": [ 74.2822386, 36.3856104 ] } },
{ "type": "Feature", "properties": { "id": 547, "state": "Ladakh", "state_code": null, "district": "LEH", "district_code": 3.0, "sub_district": null, "sub_district_code": null, "sub_district_type": null, "village": "Ber Garamais", "village_category": "Rural", "village_code": "4023183531" }, "geometry": { "type": "Point", "coordinates": [ 74.2828526, 36.3664399 ] } },
{ "type": "Feature", "properties": { "id": 548, "state": "Ladakh", "state_code": null, "district": "LEH", "district_code": 3.0, "sub_district": null, "sub_district_code": null, "sub_district_type": null, "village": "Dododass Chalth", "village_category": "Rural", "village_code": "4023185216" }, "geometry": { "type": "Point", "coordinates": [ 74.2886346, 36.3547501 ] } },
{ "type": "Feature", "properties": { "id": 549, "state": "Ladakh", "state_code": null, "district": "LEH", "district_code": 3.0, "sub_district": null, "sub_district_code": null, "sub_district_type": null, "village": "Turbato Dass Chalth", "village_category": "Rural", "village_code": "4023188309" }, "geometry": { "type": "Point", "coordinates": [ 74.2897376, 36.3313706 ] } },
{ "type": "Feature", "properties": { "id": 550, "state": "Ladakh", "state_code": null, "district": "LEH", "district_code": 3.0, "sub_district": null, "sub_district_code": null, "sub_district_type": null, "village": "Dass Chaprote", "village_category": "Rural", "village_code": "4023192204" }, "geometry": { "type": "Point", "coordinates": [ 74.2657825, 36.2699317 ] } },
{ "type": "Feature", "properties": { "id": 551, "state": "Ladakh", "state_code": null, "district": "LEH", "district_code": 3.0, "sub_district": null, "sub_district_code": null, "sub_district_type": null, "village": "چلٹ پائین", "village_category": "Rural", "village_code": "4023193239" }, "geometry": { "type": "Point", "coordinates": [ 74.3157849, 36.243498 ] } },
{ "type": "Feature", "properties": { "id": 552, "state": "Ladakh", "state_code": null, "district": "LEH", "district_code": 3.0, "sub_district": null, "sub_district_code": null, "sub_district_type": null, "village": "اکبرآباد چلٹ", "village_category": "Rural", "village_code": "4023198983" }, "geometry": { "type": "Point", "coordinates": [ 74.3250452, 36.2429411 ] } },
{ "type": "Feature", "properties": { "id": 553, "state": "Ladakh", "state_code": null, "district": "LEH", "district_code": 3.0, "sub_district": null, "sub_district_code": null, "sub_district_type": null, "village": "چلٹ بالا", "village_category": "Rural", "village_code": "4023201750" }, "geometry": { "type": "Point", "coordinates": [ 74.3328737, 36.2568489 ] } },
{ "type": "Feature", "properties": { "id": 554, "state": "Ladakh", "state_code": null, "district": "LEH", "district_code": 3.0, "sub_district": null, "sub_district_code": null, "sub_district_type": null, "village": "Budalus", "village_category": "Rural", "village_code": "4023205949" }, "geometry": { "type": "Point", "coordinates": [ 74.3293683, 36.2841973 ] } },
{ "type": "Feature", "properties": { "id": 555, "state": "Ladakh", "state_code": null, "district": "LEH", "district_code": 3.0, "sub_district": null, "sub_district_code": null, "sub_district_type": null, "village": "Tongdass Jafarabad", "village_category": "Rural", "village_code": "4023316198" }, "geometry": { "type": "Point", "coordinates": [ 74.3929952, 36.2380027 ] } },
{ "type": "Feature", "properties": { "id": 556, "state": "Ladakh", "state_code": null, "district": "LEH", "district_code": 3.0, "sub_district": null, "sub_district_code": null, "sub_district_type": null, "village": "Nilt", "village_category": "Rural", "village_code": "4023491500" }, "geometry": { "type": "Point", "coordinates": [ 74.4102457, 36.2359789 ] } },
{ "type": "Feature", "properties": { "id": 557, "state": "Ladakh", "state_code": null, "district": "LEH", "district_code": 3.0, "sub_district": null, "sub_district_code": null, "sub_district_type": null, "village": "Thol Nagar", "village_category": "Rural", "village_code": "4023562489" }, "geometry": { "type": "Point", "coordinates": [ 74.4375194, 36.2399064 ] } },
{ "type": "Feature", "properties": { "id": 558, "state": "Ladakh", "state_code": null, "district": "LEH", "district_code": 3.0, "sub_district": null, "sub_district_code": null, "sub_district_type": null, "village": "Masot Thol Nagar", "village_category": "Rural", "village_code": "4023663204" }, "geometry": { "type": "Point", "coordinates": [ 74.4489187, 36.2406779 ] } },
{ "type": "Feature", "properties": { "id": 559, "state": "Ladakh", "state_code": null, "district": "LEH", "district_code": 3.0, "sub_district": null, "sub_district_code": null, "sub_district_type": null, "village": "Miachar Nagar", "village_category": "Rural", "village_code": "4025903792" }, "geometry": { "type": "Point", "coordinates": [ 74.5701285, 36.2468574 ] } },
{ "type": "Feature", "properties": { "id": 560, "state": "Ladakh", "state_code": null, "district": "LEH", "district_code": 3.0, "sub_district": null, "sub_district_code": null, "sub_district_type": null, "village": "Dodimal Nagar", "village_category": "Rural", "village_code": "4025918437" }, "geometry": { "type": "Point", "coordinates": [ 74.586454, 36.253345 ] } },
{ "type": "Feature", "properties": { "id": 561, "state": "Ladakh", "state_code": null, "district": "LEH", "district_code": 3.0, "sub_district": null, "sub_district_code": null, "sub_district_type": null, "village": "Phakar", "village_category": "Rural", "village_code": "4025920123" }, "geometry": { "type": "Point", "coordinates": [ 74.5985931, 36.2667136 ] } },
{ "type": "Feature", "properties": { "id": 562, "state": "Ladakh", "state_code": null, "district": "LEH", "district_code": 3.0, "sub_district": null, "sub_district_code": null, "sub_district_type": null, "village": "Hasanabad", "village_category": "Rural", "village_code": "4025930371" }, "geometry": { "type": "Point", "coordinates": [ 74.5988253, 36.2961309 ] } },
{ "type": "Feature", "properties": { "id": 563, "state": "Ladakh", "state_code": null, "district": "LEH", "district_code": 3.0, "sub_district": null, "sub_district_code": null, "sub_district_type": null, "village": "Garelth", "village_category": "Rural", "village_code": "4027222555" }, "geometry": { "type": "Point", "coordinates": [ 74.6512965, 36.315728 ] } },
{ "type": "Feature", "properties": { "id": 564, "state": "Ladakh", "state_code": null, "district": "LEH", "district_code": 3.0, "sub_district": null, "sub_district_code": null, "sub_district_type": null, "village": "حیدرآباد", "village_category": "Urban", "village_code": "4027240690" }, "geometry": { "type": "Point", "coordinates": [ 74.6455243, 36.322387 ] } },
{ "type": "Feature", "properties": { "id": 565, "state": "Ladakh", "state_code": null, "district": "LEH", "district_code": 3.0, "sub_district": null, "sub_district_code": null, "sub_district_type": null, "village": "Sarat", "village_category": "Rural", "village_code": "4029338291" }, "geometry": { "type": "Point", "coordinates": [ 74.7942395, 36.3095604 ] } },
{ "type": "Feature", "properties": { "id": 566, "state": "Ladakh", "state_code": null, "district": "LEH", "district_code": 3.0, "sub_district": null, "sub_district_code": null, "sub_district_type": null, "village": "Atatabad Payeen", "village_category": "Rural", "village_code": "4029344870" }, "geometry": { "type": "Point", "coordinates": [ 74.7976421, 36.3117082 ] } },
{ "type": "Feature", "properties": { "id": 567, "state": "Ladakh", "state_code": null, "district": "LEH", "district_code": 3.0, "sub_district": null, "sub_district_code": null, "sub_district_type": null, "village": "ہمرݵ", "village_category": "Rural", "village_code": "4029395541" }, "geometry": { "type": "Point", "coordinates": [ 74.7098697, 36.2785453 ] } },
{ "type": "Feature", "properties": { "id": 568, "state": "Ladakh", "state_code": null, "district": "LEH", "district_code": 3.0, "sub_district": null, "sub_district_code": null, "sub_district_type": null, "village": "کنجوکشل", "village_category": "Rural", "village_code": "4029516471" }, "geometry": { "type": "Point", "coordinates": [ 74.7160574, 36.2703394 ] } },
{ "type": "Feature", "properties": { "id": 569, "state": "Ladakh", "state_code": null, "district": "LEH", "district_code": 3.0, "sub_district": null, "sub_district_code": null, "sub_district_type": null, "village": "بٹݳ کھن", "village_category": "Rural", "village_code": "4029535411" }, "geometry": { "type": "Point", "coordinates": [ 74.7214104, 36.2793511 ] } },
{ "type": "Feature", "properties": { "id": 570, "state": "Ladakh", "state_code": null, "district": "LEH", "district_code": 3.0, "sub_district": null, "sub_district_code": null, "sub_district_type": null, "village": "گٹس", "village_category": "Rural", "village_code": "4029568489" }, "geometry": { "type": "Point", "coordinates": [ 74.735706, 36.2740963 ] } },
{ "type": "Feature", "properties": { "id": 571, "state": "Ladakh", "state_code": null, "district": "LEH", "district_code": 3.0, "sub_district": null, "sub_district_code": null, "sub_district_type": null, "village": "ہرݵئݵ گرم", "village_category": "Rural", "village_code": "4029571147" }, "geometry": { "type": "Point", "coordinates": [ 74.7426069, 36.2645494 ] } },
{ "type": "Feature", "properties": { "id": 572, "state": "Ladakh", "state_code": null, "district": "LEH", "district_code": 3.0, "sub_district": null, "sub_district_code": null, "sub_district_type": null, "village": "ہرݵئݵ گرم شݵین", "village_category": "Rural", "village_code": "4029634694" }, "geometry": { "type": "Point", "coordinates": [ 74.7476043, 36.2572779 ] } },
{ "type": "Feature", "properties": { "id": 573, "state": "Ladakh", "state_code": null, "district": "LEH", "district_code": 3.0, "sub_district": null, "sub_district_code": null, "sub_district_type": null, "village": "ہکلشل", "village_category": "Rural", "village_code": "4029670183" }, "geometry": { "type": "Point", "coordinates": [ 74.7481209, 36.2407401 ] } },
{ "type": "Feature", "properties": { "id": 574, "state": "Ladakh", "state_code": null, "district": "LEH", "district_code": 3.0, "sub_district": null, "sub_district_code": null, "sub_district_type": null, "village": "برشل", "village_category": "Rural", "village_code": "4029763283" }, "geometry": { "type": "Point", "coordinates": [ 74.7591089, 36.2221297 ] } },
{ "type": "Feature", "properties": { "id": 575, "state": "Ladakh", "state_code": null, "district": "LEH", "district_code": 3.0, "sub_district": null, "sub_district_code": null, "sub_district_type": null, "village": "ہݸلشل", "village_category": "Rural", "village_code": "4029797785" }, "geometry": { "type": "Point", "coordinates": [ 74.7672684, 36.2202579 ] } },
{ "type": "Feature", "properties": { "id": 576, "state": "Ladakh", "state_code": null, "district": "LEH", "district_code": 3.0, "sub_district": null, "sub_district_code": null, "sub_district_type": null, "village": "غشݸشل", "village_category": "Rural", "village_code": "4029803139" }, "geometry": { "type": "Point", "coordinates": [ 74.7639232, 36.2177754 ] } },
{ "type": "Feature", "properties": { "id": 577, "state": "Ladakh", "state_code": null, "district": "LEH", "district_code": 3.0, "sub_district": null, "sub_district_code": null, "sub_district_type": null, "village": "Burit", "village_category": "Rural", "village_code": "4032804614" }, "geometry": { "type": "Point", "coordinates": [ 74.862859, 36.4407714 ] } },
{ "type": "Feature", "properties": { "id": 578, "state": "Ladakh", "state_code": null, "district": "LEH", "district_code": 3.0, "sub_district": null, "sub_district_code": null, "sub_district_type": null, "village": "Karimabad Khyber", "village_category": "Rural", "village_code": "4034043863" }, "geometry": { "type": "Point", "coordinates": [ 74.8048217, 36.5486203 ] } },
{ "type": "Feature", "properties": { "id": 579, "state": "Ladakh", "state_code": null, "district": "LEH", "district_code": 3.0, "sub_district": null, "sub_district_code": null, "sub_district_type": null, "village": "Yarzrich", "village_category": "Rural", "village_code": "4035898888" }, "geometry": { "type": "Point", "coordinates": [ 74.7208818, 36.7363806 ] } },
{ "type": "Feature", "properties": { "id": 580, "state": "Ladakh", "state_code": null, "district": "LEH", "district_code": 3.0, "sub_district": null, "sub_district_code": null, "sub_district_type": null, "village": "Keel", "village_category": "Rural", "village_code": "4035904841" }, "geometry": { "type": "Point", "coordinates": [ 74.5473837, 36.8188933 ] } },
{ "type": "Feature", "properties": { "id": 581, "state": "Ladakh", "state_code": null, "district": "LEH", "district_code": 3.0, "sub_district": null, "sub_district_code": null, "sub_district_type": null, "village": "Raminji", "village_category": "Rural", "village_code": "4035914467" }, "geometry": { "type": "Point", "coordinates": [ 74.7070877, 36.7539492 ] } },
{ "type": "Feature", "properties": { "id": 582, "state": "Ladakh", "state_code": null, "district": "LEH", "district_code": 3.0, "sub_district": null, "sub_district_code": null, "sub_district_type": null, "village": "Rasht", "village_category": "Rural", "village_code": "4035922802" }, "geometry": { "type": "Point", "coordinates": [ 74.5145199, 36.8237328 ] } },
{ "type": "Feature", "properties": { "id": 583, "state": "Ladakh", "state_code": null, "district": "LEH", "district_code": 3.0, "sub_district": null, "sub_district_code": null, "sub_district_type": null, "village": "Sher e Sabz", "village_category": "Rural", "village_code": "4035945444" }, "geometry": { "type": "Point", "coordinates": [ 74.4970773, 36.828673 ] } },
{ "type": "Feature", "properties": { "id": 584, "state": "Ladakh", "state_code": null, "district": "LEH", "district_code": 3.0, "sub_district": null, "sub_district_code": null, "sub_district_type": null, "village": "مسگر", "village_category": "Rural", "village_code": "4035964624" }, "geometry": { "type": "Point", "coordinates": [ 74.7682306, 36.7874805 ] } },
{ "type": "Feature", "properties": { "id": 585, "state": "Ladakh", "state_code": null, "district": "LEH", "district_code": 3.0, "sub_district": null, "sub_district_code": null, "sub_district_type": null, "village": "Ispanj", "village_category": "Rural", "village_code": "4035967697" }, "geometry": { "type": "Point", "coordinates": [ 74.4611164, 36.8311712 ] } },
{ "type": "Feature", "properties": { "id": 586, "state": "Ladakh", "state_code": null, "district": "LEH", "district_code": 3.0, "sub_district": null, "sub_district_code": null, "sub_district_type": null, "village": "Kirmin", "village_category": "Rural", "village_code": "4035969697" }, "geometry": { "type": "Point", "coordinates": [ 74.608995, 36.8121136 ] } },
{ "type": "Feature", "properties": { "id": 587, "state": "Ladakh", "state_code": null, "district": "LEH", "district_code": 3.0, "sub_district": null, "sub_district_code": null, "sub_district_type": null, "village": "Shitmirg", "village_category": "Rural", "village_code": "4035992809" }, "geometry": { "type": "Point", "coordinates": [ 74.4402738, 36.8295066 ] } },
{ "type": "Feature", "properties": { "id": 588, "state": "Ladakh", "state_code": null, "district": "LEH", "district_code": 3.0, "sub_district": null, "sub_district_code": null, "sub_district_type": null, "village": "Zood Khun", "village_category": "Rural", "village_code": "4036090762" }, "geometry": { "type": "Point", "coordinates": [ 74.4279875, 36.8291762 ] } },
{ "type": "Feature", "properties": { "id": 589, "state": "Ladakh", "state_code": null, "district": "LEH", "district_code": 3.0, "sub_district": null, "sub_district_code": null, "sub_district_type": null, "village": "Bundu Wazirpur", "village_category": "Rural", "village_code": "4040105495" }, "geometry": { "type": "Point", "coordinates": [ 75.6073531, 35.5047404 ] } },
{ "type": "Feature", "properties": { "id": 590, "state": "Ladakh", "state_code": null, "district": "LEH", "district_code": 3.0, "sub_district": null, "sub_district_code": null, "sub_district_type": null, "village": "Kharko Garbong", "village_category": "Rural", "village_code": "4054394115" }, "geometry": { "type": "Point", "coordinates": [ 76.2444174, 35.2372268 ] } },
{ "type": "Feature", "properties": { "id": 591, "state": "Ladakh", "state_code": null, "district": "LEH", "district_code": 3.0, "sub_district": null, "sub_district_code": null, "sub_district_type": null, "village": "غندوس", "village_category": "Rural", "village_code": "4054394116" }, "geometry": { "type": "Point", "coordinates": [ 76.2094956, 34.9643096 ] } },
{ "type": "Feature", "properties": { "id": 592, "state": "Ladakh", "state_code": null, "district": "LEH", "district_code": 3.0, "sub_district": null, "sub_district_code": null, "sub_district_type": null, "village": "مہدی آباد", "village_category": "Rural", "village_code": "4054394117" }, "geometry": { "type": "Point", "coordinates": [ 75.9615565, 35.1328737 ] } },
{ "type": "Feature", "properties": { "id": 593, "state": "Ladakh", "state_code": null, "district": "LEH", "district_code": 3.0, "sub_district": null, "sub_district_code": null, "sub_district_type": null, "village": "مایوردو", "village_category": "Rural", "village_code": "4054394118" }, "geometry": { "type": "Point", "coordinates": [ 76.1639549, 34.9647459 ] } },
{ "type": "Feature", "properties": { "id": 594, "state": "Ladakh", "state_code": null, "district": "LEH", "district_code": 3.0, "sub_district": null, "sub_district_code": null, "sub_district_type": null, "village": "سرمیک", "village_category": "Rural", "village_code": "4054394119" }, "geometry": { "type": "Point", "coordinates": [ 75.9055499, 35.1809919 ] } },
{ "type": "Feature", "properties": { "id": 595, "state": "Ladakh", "state_code": null, "district": "LEH", "district_code": 3.0, "sub_district": null, "sub_district_code": null, "sub_district_type": null, "village": "فرانو", "village_category": "Rural", "village_code": "4064562337" }, "geometry": { "type": "Point", "coordinates": [ 76.7272747, 34.9361636 ] } },
{ "type": "Feature", "properties": { "id": 596, "state": "Ladakh", "state_code": null, "district": "LEH", "district_code": 3.0, "sub_district": null, "sub_district_code": null, "sub_district_type": null, "village": "غورسے", "village_category": "Rural", "village_code": "4064562338" }, "geometry": { "type": "Point", "coordinates": [ 76.4215781, 35.2187283 ] } },
{ "type": "Feature", "properties": { "id": 597, "state": "Ladakh", "state_code": null, "district": "LEH", "district_code": 3.0, "sub_district": null, "sub_district_code": null, "sub_district_type": null, "village": "سینو", "village_category": "Rural", "village_code": "4064562340" }, "geometry": { "type": "Point", "coordinates": [ 76.499325, 35.2029511 ] } },
{ "type": "Feature", "properties": { "id": 598, "state": "Ladakh", "state_code": null, "district": "LEH", "district_code": 3.0, "sub_district": null, "sub_district_code": null, "sub_district_type": null, "village": "Talis", "village_category": "Rural", "village_code": "4064562341" }, "geometry": { "type": "Point", "coordinates": [ 76.3905207, 35.2657147 ] } },
{ "type": "Feature", "properties": { "id": 599, "state": "Ladakh", "state_code": null, "district": "LEH", "district_code": 3.0, "sub_district": null, "sub_district_code": null, "sub_district_type": null, "village": "تھونگموس", "village_category": "Rural", "village_code": "4064562342" }, "geometry": { "type": "Point", "coordinates": [ 76.684874, 34.9279836 ] } },
{ "type": "Feature", "properties": { "id": 600, "state": "Ladakh", "state_code": null, "district": "LEH", "district_code": 3.0, "sub_district": null, "sub_district_code": null, "sub_district_type": null, "village": "Nerak", "village_category": "Rural", "village_code": "4085050121" }, "geometry": { "type": "Point", "coordinates": [ 76.9261606, 33.8779227 ] } },
{ "type": "Feature", "properties": { "id": 601, "state": "Ladakh", "state_code": null, "district": "LEH", "district_code": 3.0, "sub_district": null, "sub_district_code": null, "sub_district_type": null, "village": "Sharnos", "village_category": "Rural", "village_code": "4086356749" }, "geometry": { "type": "Point", "coordinates": [ 77.8891964, 33.7731118 ] } },
{ "type": "Feature", "properties": { "id": 602, "state": "Ladakh", "state_code": null, "district": "LEH", "district_code": 3.0, "sub_district": null, "sub_district_code": null, "sub_district_type": null, "village": "Unnamed Village", "village_category": "Rural", "village_code": "4195679916" }, "geometry": { "type": "Point", "coordinates": [ 75.5088481, 34.4866328 ] } },
{ "type": "Feature", "properties": { "id": 603, "state": "Ladakh", "state_code": null, "district": "KARGIL", "district_code": 4.0, "sub_district": null, "sub_district_code": null, "sub_district_type": null, "village": "Unnamed Hamlet", "village_category": "Rural", "village_code": "4195681504" }, "geometry": { "type": "Point", "coordinates": [ 75.5811604, 34.4346045 ] } },
{ "type": "Feature", "properties": { "id": 604, "state": "Ladakh", "state_code": null, "district": "KARGIL", "district_code": 4.0, "sub_district": null, "sub_district_code": null, "sub_district_type": null, "village": "Unnamed Hamlet", "village_category": "Rural", "village_code": "4195681511" }, "geometry": { "type": "Point", "coordinates": [ 75.5742564, 34.4393009 ] } },
{ "type": "Feature", "properties": { "id": 605, "state": "Ladakh", "state_code": null, "district": "LEH", "district_code": 3.0, "sub_district": null, "sub_district_code": null, "sub_district_type": null, "village": "Unnamed Hamlet", "village_category": "Rural", "village_code": "4195681577" }, "geometry": { "type": "Point", "coordinates": [ 75.4414616, 34.4786856 ] } },
{ "type": "Feature", "properties": { "id": 606, "state": "Ladakh", "state_code": null, "district": "KARGIL", "district_code": 4.0, "sub_district": null, "sub_district_code": null, "sub_district_type": null, "village": "Chanigund", "village_category": "Rural", "village_code": "4369129516" }, "geometry": { "type": "Point", "coordinates": [ 76.0543889, 34.6005349 ] } },
{ "type": "Feature", "properties": { "id": 607, "state": "Ladakh", "state_code": null, "district": "KARGIL", "district_code": 4.0, "sub_district": null, "sub_district_code": null, "sub_district_type": null, "village": "Karkitchoo", "village_category": "Rural", "village_code": "4369129546" }, "geometry": { "type": "Point", "coordinates": [ 76.0465639, 34.6019165 ] } },
{ "type": "Feature", "properties": { "id": 608, "state": "Ladakh", "state_code": null, "district": "KARGIL", "district_code": 4.0, "sub_district": null, "sub_district_code": null, "sub_district_type": null, "village": "Pidmo", "village_category": "Rural", "village_code": "4385488064" }, "geometry": { "type": "Point", "coordinates": [ 76.9228345, 33.6920502 ] } },
{ "type": "Feature", "properties": { "id": 609, "state": "Ladakh", "state_code": null, "district": "LEH", "district_code": 3.0, "sub_district": null, "sub_district_code": null, "sub_district_type": null, "village": "Sumdo", "village_category": "Rural", "village_code": "4385489718" }, "geometry": { "type": "Point", "coordinates": [ 76.9006351, 34.1629724 ] } },
{ "type": "Feature", "properties": { "id": 610, "state": "Ladakh", "state_code": null, "district": "KARGIL", "district_code": 4.0, "sub_district": null, "sub_district_code": null, "sub_district_type": null, "village": "Bodhkharboo", "village_category": "Rural", "village_code": "4395618651" }, "geometry": { "type": "Point", "coordinates": [ 76.5586022, 34.3442902 ] } },
{ "type": "Feature", "properties": { "id": 611, "state": "Ladakh", "state_code": null, "district": "LEH", "district_code": 3.0, "sub_district": null, "sub_district_code": null, "sub_district_type": null, "village": "Kumdok", "village_category": "Rural", "village_code": "4408471016" }, "geometry": { "type": "Point", "coordinates": [ 78.1781828, 33.5185052 ] } },
{ "type": "Feature", "properties": { "id": 612, "state": "Ladakh", "state_code": null, "district": "LEH", "district_code": 3.0, "sub_district": null, "sub_district_code": null, "sub_district_type": null, "village": "Thukje", "village_category": "Rural", "village_code": "4411937472" }, "geometry": { "type": "Point", "coordinates": [ 78.0226939, 33.3597368 ] } },
{ "type": "Feature", "properties": { "id": 613, "state": "Ladakh", "state_code": null, "district": "LEH", "district_code": 3.0, "sub_district": null, "sub_district_code": null, "sub_district_type": null, "village": "Rumbak", "village_category": "Rural", "village_code": "4415325512" }, "geometry": { "type": "Point", "coordinates": [ 77.4315977, 34.0545153 ] } },
{ "type": "Feature", "properties": { "id": 614, "state": "Ladakh", "state_code": null, "district": "LEH", "district_code": 3.0, "sub_district": null, "sub_district_code": null, "sub_district_type": null, "village": "Yurutse", "village_category": "Rural", "village_code": "4415325513" }, "geometry": { "type": "Point", "coordinates": [ 77.4016784, 34.0431893 ] } },
{ "type": "Feature", "properties": { "id": 615, "state": "Ladakh", "state_code": null, "district": "LEH", "district_code": 3.0, "sub_district": null, "sub_district_code": null, "sub_district_type": null, "village": "Erad", "village_category": "Rural", "village_code": "4534711635" }, "geometry": { "type": "Point", "coordinates": [ 78.1953762, 33.9605751 ] } },
{ "type": "Feature", "properties": { "id": 616, "state": "Ladakh", "state_code": null, "district": "LEH", "district_code": 3.0, "sub_district": null, "sub_district_code": null, "sub_district_type": null, "village": "Namchang", "village_category": "Rural", "village_code": "4534711636" }, "geometry": { "type": "Point", "coordinates": [ 78.038176, 33.7580452 ] } },
{ "type": "Feature", "properties": { "id": 617, "state": "Ladakh", "state_code": null, "district": "LEH", "district_code": 3.0, "sub_district": null, "sub_district_code": null, "sub_district_type": null, "village": "Zagok", "village_category": "Rural", "village_code": "4534711637" }, "geometry": { "type": "Point", "coordinates": [ 78.0262841, 33.7594206 ] } },
{ "type": "Feature", "properties": { "id": 618, "state": "Ladakh", "state_code": null, "district": "LEH", "district_code": 3.0, "sub_district": null, "sub_district_code": null, "sub_district_type": null, "village": "Sherak", "village_category": "Rural", "village_code": "4534711638" }, "geometry": { "type": "Point", "coordinates": [ 78.0201741, 33.7559043 ] } },
{ "type": "Feature", "properties": { "id": 619, "state": "Ladakh", "state_code": null, "district": "LEH", "district_code": 3.0, "sub_district": null, "sub_district_code": null, "sub_district_type": null, "village": "Tugla", "village_category": "Rural", "village_code": "4534711639" }, "geometry": { "type": "Point", "coordinates": [ 77.9845639, 33.74573 ] } },
{ "type": "Feature", "properties": { "id": 620, "state": "Ladakh", "state_code": null, "district": "LEH", "district_code": 3.0, "sub_district": null, "sub_district_code": null, "sub_district_type": null, "village": "Digar", "village_category": "Rural", "village_code": "4543994904" }, "geometry": { "type": "Point", "coordinates": [ 77.8064628, 34.294001 ] } },
{ "type": "Feature", "properties": { "id": 621, "state": "Ladakh", "state_code": null, "district": "LEH", "district_code": 3.0, "sub_district": null, "sub_district_code": null, "sub_district_type": null, "village": "Saspotse", "village_category": "Rural", "village_code": "4581640376" }, "geometry": { "type": "Point", "coordinates": [ 77.1591935, 34.3115191 ] } },
{ "type": "Feature", "properties": { "id": 622, "state": "Ladakh", "state_code": null, "district": "LEH", "district_code": 3.0, "sub_district": null, "sub_district_code": null, "sub_district_type": null, "village": "Uley", "village_category": "Rural", "village_code": "4627817998" }, "geometry": { "type": "Point", "coordinates": [ 77.1317794, 34.3337255 ] } },
{ "type": "Feature", "properties": { "id": 623, "state": "Ladakh", "state_code": null, "district": "LEH", "district_code": 3.0, "sub_district": null, "sub_district_code": null, "sub_district_type": null, "village": "Yangthang", "village_category": "Rural", "village_code": "5102751521" }, "geometry": { "type": "Point", "coordinates": [ 77.1258593, 34.3017406 ] } },
{ "type": "Feature", "properties": { "id": 624, "state": "Ladakh", "state_code": null, "district": "LEH", "district_code": 3.0, "sub_district": null, "sub_district_code": null, "sub_district_type": null, "village": "Warshi", "village_category": "Rural", "village_code": "5248645218" }, "geometry": { "type": "Point", "coordinates": [ 77.3375148, 35.0638926 ] } },
{ "type": "Feature", "properties": { "id": 625, "state": "Ladakh", "state_code": null, "district": "LEH", "district_code": 3.0, "sub_district": null, "sub_district_code": null, "sub_district_type": null, "village": "Unnamed Hamlet", "village_category": "Rural", "village_code": "5293963757" }, "geometry": { "type": "Point", "coordinates": [ 74.5993996, 35.4208025 ] } },
{ "type": "Feature", "properties": { "id": 626, "state": "Ladakh", "state_code": null, "district": "LEH", "district_code": 3.0, "sub_district": null, "sub_district_code": null, "sub_district_type": null, "village": "Unnamed Hamlet", "village_category": "Rural", "village_code": "5293963758" }, "geometry": { "type": "Point", "coordinates": [ 74.597986, 35.4185402 ] } },
{ "type": "Feature", "properties": { "id": 627, "state": "Ladakh", "state_code": null, "district": "LEH", "district_code": 3.0, "sub_district": null, "sub_district_code": null, "sub_district_type": null, "village": "Unnamed Hamlet", "village_category": "Rural", "village_code": "5293963759" }, "geometry": { "type": "Point", "coordinates": [ 74.6011537, 35.4217118 ] } },
{ "type": "Feature", "properties": { "id": 628, "state": "Ladakh", "state_code": null, "district": "LEH", "district_code": 3.0, "sub_district": null, "sub_district_code": null, "sub_district_type": null, "village": "Unnamed Hamlet", "village_category": "Rural", "village_code": "5302090039" }, "geometry": { "type": "Point", "coordinates": [ 74.3801987, 35.3100255 ] } },
{ "type": "Feature", "properties": { "id": 629, "state": "Ladakh", "state_code": null, "district": "LEH", "district_code": 3.0, "sub_district": null, "sub_district_code": null, "sub_district_type": null, "village": "Rehmanpur Pain", "village_category": "Rural", "village_code": "5337441791" }, "geometry": { "type": "Point", "coordinates": [ 74.8048353, 35.2076003 ] } },
{ "type": "Feature", "properties": { "id": 630, "state": "Ladakh", "state_code": null, "district": "LEH", "district_code": 3.0, "sub_district": null, "sub_district_code": null, "sub_district_type": null, "village": "سیاری", "village_category": "Rural", "village_code": "5363075398" }, "geometry": { "type": "Point", "coordinates": [ 76.7205977, 34.9241175 ] } },
{ "type": "Feature", "properties": { "id": 631, "state": "Ladakh", "state_code": null, "district": "LEH", "district_code": 3.0, "sub_district": null, "sub_district_code": null, "sub_district_type": null, "village": "Unnamed Village", "village_category": "Rural", "village_code": "5397826432" }, "geometry": { "type": "Point", "coordinates": [ 76.8034123, 34.8958396 ] } },
{ "type": "Feature", "properties": { "id": 632, "state": "Ladakh", "state_code": null, "district": "KARGIL", "district_code": 4.0, "sub_district": null, "sub_district_code": null, "sub_district_type": null, "village": "Akshu", "village_category": "Rural", "village_code": "5476175973" }, "geometry": { "type": "Point", "coordinates": [ 76.5197196, 33.7162078 ] } },
{ "type": "Feature", "properties": { "id": 633, "state": "Ladakh", "state_code": null, "district": "KARGIL", "district_code": 4.0, "sub_district": null, "sub_district_code": null, "sub_district_type": null, "village": "Unnamed Village", "village_category": "Rural", "village_code": "5476198175" }, "geometry": { "type": "Point", "coordinates": [ 75.9581326, 34.1322174 ] } },
{ "type": "Feature", "properties": { "id": 634, "state": "Ladakh", "state_code": null, "district": "LEH", "district_code": 3.0, "sub_district": null, "sub_district_code": null, "sub_district_type": null, "village": "Hanupatta", "village_category": "Rural", "village_code": "5481531035" }, "geometry": { "type": "Point", "coordinates": [ 76.8421181, 34.1612677 ] } },
{ "type": "Feature", "properties": { "id": 635, "state": "Ladakh", "state_code": null, "district": "LEH", "district_code": 3.0, "sub_district": null, "sub_district_code": null, "sub_district_type": null, "village": "Ikpadok", "village_category": "Rural", "village_code": "5532227818" }, "geometry": { "type": "Point", "coordinates": [ 77.927939, 33.7558348 ] } },
{ "type": "Feature", "properties": { "id": 636, "state": "Ladakh", "state_code": null, "district": "LEH", "district_code": 3.0, "sub_district": null, "sub_district_code": null, "sub_district_type": null, "village": "Mahe", "village_category": "Rural", "village_code": "5532227819" }, "geometry": { "type": "Point", "coordinates": [ 78.4988683, 33.2610701 ] } },
{ "type": "Feature", "properties": { "id": 637, "state": "Ladakh", "state_code": null, "district": "LEH", "district_code": 3.0, "sub_district": null, "sub_district_code": null, "sub_district_type": null, "village": "Ghagulu", "village_category": "Rural", "village_code": "5918200557" }, "geometry": { "type": "Point", "coordinates": [ 76.7541951, 35.1409806 ] } },
{ "type": "Feature", "properties": { "id": 638, "state": "Ladakh", "state_code": null, "district": "LEH", "district_code": 3.0, "sub_district": null, "sub_district_code": null, "sub_district_type": null, "village": "Iskit", "village_category": "Rural", "village_code": "5918200558" }, "geometry": { "type": "Point", "coordinates": [ 76.7575264, 35.1436433 ] } },
{ "type": "Feature", "properties": { "id": 639, "state": "Ladakh", "state_code": null, "district": "LEH", "district_code": 3.0, "sub_district": null, "sub_district_code": null, "sub_district_type": null, "village": "Lachat", "village_category": "Rural", "village_code": "5918200918" }, "geometry": { "type": "Point", "coordinates": [ 76.6391766, 35.263264 ] } },
{ "type": "Feature", "properties": { "id": 640, "state": "Ladakh", "state_code": null, "district": "LEH", "district_code": 3.0, "sub_district": null, "sub_district_code": null, "sub_district_type": null, "village": "Haldi", "village_category": "Rural", "village_code": "5918201986" }, "geometry": { "type": "Point", "coordinates": [ 76.4200401, 35.2519976 ] } },
{ "type": "Feature", "properties": { "id": 641, "state": "Ladakh", "state_code": null, "district": "LEH", "district_code": 3.0, "sub_district": null, "sub_district_code": null, "sub_district_type": null, "village": "دم سم", "village_category": "Urban", "village_code": "5918202343" }, "geometry": { "type": "Point", "coordinates": [ 76.5929675, 35.2052553 ] } },
{ "type": "Feature", "properties": { "id": 642, "state": "Ladakh", "state_code": null, "district": "LEH", "district_code": 3.0, "sub_district": null, "sub_district_code": null, "sub_district_type": null, "village": "گلشنِ کبیر", "village_category": "Rural", "village_code": "5918202365" }, "geometry": { "type": "Point", "coordinates": [ 76.5289376, 35.1943494 ] } },
{ "type": "Feature", "properties": { "id": 643, "state": "Ladakh", "state_code": null, "district": "LEH", "district_code": 3.0, "sub_district": null, "sub_district_code": null, "sub_district_type": null, "village": "Chilam", "village_category": "Rural", "village_code": "5921391915" }, "geometry": { "type": "Point", "coordinates": [ 78.1654286, 33.9861964 ] } },
{ "type": "Feature", "properties": { "id": 644, "state": "Ladakh", "state_code": null, "district": "LEH", "district_code": 3.0, "sub_district": null, "sub_district_code": null, "sub_district_type": null, "village": "Changlung", "village_category": "Rural", "village_code": "5922691794" }, "geometry": { "type": "Point", "coordinates": [ 77.4712085, 34.9307113 ] } },
{ "type": "Feature", "properties": { "id": 645, "state": "Ladakh", "state_code": null, "district": "LEH", "district_code": 3.0, "sub_district": null, "sub_district_code": null, "sub_district_type": null, "village": "Shachukul", "village_category": "Rural", "village_code": "5922820302" }, "geometry": { "type": "Point", "coordinates": [ 78.1073749, 33.9898081 ] } },
{ "type": "Feature", "properties": { "id": 646, "state": "Ladakh", "state_code": null, "district": "KARGIL", "district_code": 4.0, "sub_district": null, "sub_district_code": null, "sub_district_type": null, "village": "Goshan", "village_category": "Rural", "village_code": "5926836979" }, "geometry": { "type": "Point", "coordinates": [ 75.7440054, 34.4359738 ] } },
{ "type": "Feature", "properties": { "id": 647, "state": "Ladakh", "state_code": null, "district": "KARGIL", "district_code": 4.0, "sub_district": null, "sub_district_code": null, "sub_district_type": null, "village": "Mushkoh", "village_category": "Rural", "village_code": "5926837105" }, "geometry": { "type": "Point", "coordinates": [ 75.669794, 34.4366464 ] } },
{ "type": "Feature", "properties": { "id": 648, "state": "Ladakh", "state_code": null, "district": "KARGIL", "district_code": 4.0, "sub_district": null, "sub_district_code": null, "sub_district_type": null, "village": "Muradbagh", "village_category": "Rural", "village_code": "5926837132" }, "geometry": { "type": "Point", "coordinates": [ 75.7280559, 34.4327423 ] } },
{ "type": "Feature", "properties": { "id": 649, "state": "Ladakh", "state_code": null, "district": "KARGIL", "district_code": 4.0, "sub_district": null, "sub_district_code": null, "sub_district_type": null, "village": "Pandrass", "village_category": "Rural", "village_code": "5926934781" }, "geometry": { "type": "Point", "coordinates": [ 75.6327152, 34.4117249 ] } },
{ "type": "Feature", "properties": { "id": 650, "state": "Ladakh", "state_code": null, "district": "KARGIL", "district_code": 4.0, "sub_district": null, "sub_district_code": null, "sub_district_type": null, "village": "Thangboo", "village_category": "Rural", "village_code": "5927427809" }, "geometry": { "type": "Point", "coordinates": [ 75.934571, 34.2104003 ] } },
{ "type": "Feature", "properties": { "id": 651, "state": "Ladakh", "state_code": null, "district": "KARGIL", "district_code": 4.0, "sub_district": null, "sub_district_code": null, "sub_district_type": null, "village": "Unnamed Hamlet", "village_category": "Rural", "village_code": "5927427904" }, "geometry": { "type": "Point", "coordinates": [ 75.983032, 34.2743666 ] } },
{ "type": "Feature", "properties": { "id": 652, "state": "Ladakh", "state_code": null, "district": "KARGIL", "district_code": 4.0, "sub_district": null, "sub_district_code": null, "sub_district_type": null, "village": "Karpokhar", "village_category": "Rural", "village_code": "5927428113" }, "geometry": { "type": "Point", "coordinates": [ 75.9711242, 34.2474083 ] } },
{ "type": "Feature", "properties": { "id": 653, "state": "Ladakh", "state_code": null, "district": "KARGIL", "district_code": 4.0, "sub_district": null, "sub_district_code": null, "sub_district_type": null, "village": "Sangrah", "village_category": "Rural", "village_code": "5927428114" }, "geometry": { "type": "Point", "coordinates": [ 75.9722185, 34.2204434 ] } },
{ "type": "Feature", "properties": { "id": 654, "state": "Ladakh", "state_code": null, "district": "KARGIL", "district_code": 4.0, "sub_district": null, "sub_district_code": null, "sub_district_type": null, "village": "Khandi", "village_category": "Rural", "village_code": "5927428115" }, "geometry": { "type": "Point", "coordinates": [ 76.0730267, 34.2375503 ] } },
{ "type": "Feature", "properties": { "id": 655, "state": "Ladakh", "state_code": null, "district": "KARGIL", "district_code": 4.0, "sub_district": null, "sub_district_code": null, "sub_district_type": null, "village": "Youljok", "village_category": "Rural", "village_code": "5927428889" }, "geometry": { "type": "Point", "coordinates": [ 75.9513509, 34.1559143 ] } },
{ "type": "Feature", "properties": { "id": 656, "state": "Ladakh", "state_code": null, "district": "KARGIL", "district_code": 4.0, "sub_district": null, "sub_district_code": null, "sub_district_type": null, "village": "Kargee", "village_category": "Rural", "village_code": "5927428890" }, "geometry": { "type": "Point", "coordinates": [ 75.9567583, 34.1342753 ] } },
{ "type": "Feature", "properties": { "id": 657, "state": "Ladakh", "state_code": null, "district": "KARGIL", "district_code": 4.0, "sub_district": null, "sub_district_code": null, "sub_district_type": null, "village": "Baghpa", "village_category": "Rural", "village_code": "5927428891" }, "geometry": { "type": "Point", "coordinates": [ 75.9484424, 34.1163187 ] } },
{ "type": "Feature", "properties": { "id": 658, "state": "Ladakh", "state_code": null, "district": "KARGIL", "district_code": 4.0, "sub_district": null, "sub_district_code": null, "sub_district_type": null, "village": "Namsuru", "village_category": "Rural", "village_code": "5927429360" }, "geometry": { "type": "Point", "coordinates": [ 75.965395, 34.1340444 ] } },
{ "type": "Feature", "properties": { "id": 659, "state": "Ladakh", "state_code": null, "district": "KARGIL", "district_code": 4.0, "sub_district": null, "sub_district_code": null, "sub_district_type": null, "village": "Tangol Goma", "village_category": "Rural", "village_code": "5927429853" }, "geometry": { "type": "Point", "coordinates": [ 75.9385836, 34.0529083 ] } },
{ "type": "Feature", "properties": { "id": 660, "state": "Ladakh", "state_code": null, "district": "KARGIL", "district_code": 4.0, "sub_district": null, "sub_district_code": null, "sub_district_type": null, "village": "Achambore", "village_category": "Rural", "village_code": "5927429893" }, "geometry": { "type": "Point", "coordinates": [ 75.93117, 34.0840143 ] } },
{ "type": "Feature", "properties": { "id": 661, "state": "Ladakh", "state_code": null, "district": "KARGIL", "district_code": 4.0, "sub_district": null, "sub_district_code": null, "sub_district_type": null, "village": "Tai Suru", "village_category": "Rural", "village_code": "5927429894" }, "geometry": { "type": "Point", "coordinates": [ 75.9553957, 34.1231561 ] } },
{ "type": "Feature", "properties": { "id": 662, "state": "Ladakh", "state_code": null, "district": "KARGIL", "district_code": 4.0, "sub_district": null, "sub_district_code": null, "sub_district_type": null, "village": "Umba", "village_category": "Rural", "village_code": "5927429895" }, "geometry": { "type": "Point", "coordinates": [ 75.876013, 34.3284462 ] } },
{ "type": "Feature", "properties": { "id": 663, "state": "Ladakh", "state_code": null, "district": "KARGIL", "district_code": 4.0, "sub_district": null, "sub_district_code": null, "sub_district_type": null, "village": "Skamboo", "village_category": "Rural", "village_code": "5927591156" }, "geometry": { "type": "Point", "coordinates": [ 76.2393236, 34.4617992 ] } },
{ "type": "Feature", "properties": { "id": 664, "state": "Ladakh", "state_code": null, "district": "KARGIL", "district_code": 4.0, "sub_district": null, "sub_district_code": null, "sub_district_type": null, "village": "Goma", "village_category": "Rural", "village_code": "5927591157" }, "geometry": { "type": "Point", "coordinates": [ 76.2815319, 34.4439869 ] } },
{ "type": "Feature", "properties": { "id": 665, "state": "Ladakh", "state_code": null, "district": "KARGIL", "district_code": 4.0, "sub_district": null, "sub_district_code": null, "sub_district_type": null, "village": "Lotsum", "village_category": "Rural", "village_code": "5927592116" }, "geometry": { "type": "Point", "coordinates": [ 76.254226, 34.46846 ] } },
{ "type": "Feature", "properties": { "id": 666, "state": "Ladakh", "state_code": null, "district": "KARGIL", "district_code": 4.0, "sub_district": null, "sub_district_code": null, "sub_district_type": null, "village": "Tingdoo", "village_category": "Rural", "village_code": "5927592117" }, "geometry": { "type": "Point", "coordinates": [ 76.2701797, 34.4094589 ] } },
{ "type": "Feature", "properties": { "id": 667, "state": "Ladakh", "state_code": null, "district": "KARGIL", "district_code": 4.0, "sub_district": null, "sub_district_code": null, "sub_district_type": null, "village": "Shorgole", "village_category": "Rural", "village_code": "5927592118" }, "geometry": { "type": "Point", "coordinates": [ 76.3000724, 34.3926536 ] } },
{ "type": "Feature", "properties": { "id": 668, "state": "Ladakh", "state_code": null, "district": "KARGIL", "district_code": 4.0, "sub_district": null, "sub_district_code": null, "sub_district_type": null, "village": "Shispur", "village_category": "Rural", "village_code": "5927592817" }, "geometry": { "type": "Point", "coordinates": [ 76.0791679, 34.2379982 ] } },
{ "type": "Feature", "properties": { "id": 669, "state": "Ladakh", "state_code": null, "district": "KARGIL", "district_code": 4.0, "sub_district": null, "sub_district_code": null, "sub_district_type": null, "village": "Lubro", "village_category": "Rural", "village_code": "5927592818" }, "geometry": { "type": "Point", "coordinates": [ 76.1027348, 34.2215035 ] } },
{ "type": "Feature", "properties": { "id": 670, "state": "Ladakh", "state_code": null, "district": "KARGIL", "district_code": 4.0, "sub_district": null, "sub_district_code": null, "sub_district_type": null, "village": "Thila", "village_category": "Rural", "village_code": "5927592819" }, "geometry": { "type": "Point", "coordinates": [ 76.1110067, 34.2296426 ] } },
{ "type": "Feature", "properties": { "id": 671, "state": "Ladakh", "state_code": null, "district": "KARGIL", "district_code": 4.0, "sub_district": null, "sub_district_code": null, "sub_district_type": null, "village": "Pangbar", "village_category": "Rural", "village_code": "5927592965" }, "geometry": { "type": "Point", "coordinates": [ 76.1424208, 34.2444639 ] } },
{ "type": "Feature", "properties": { "id": 672, "state": "Ladakh", "state_code": null, "district": "KARGIL", "district_code": 4.0, "sub_district": null, "sub_district_code": null, "sub_district_type": null, "village": "Bartoo", "village_category": "Rural", "village_code": "5927592978" }, "geometry": { "type": "Point", "coordinates": [ 76.1267298, 34.2230427 ] } },
{ "type": "Feature", "properties": { "id": 673, "state": "Ladakh", "state_code": null, "district": "KARGIL", "district_code": 4.0, "sub_district": null, "sub_district_code": null, "sub_district_type": null, "village": "Shargandi", "village_category": "Rural", "village_code": "5927592979" }, "geometry": { "type": "Point", "coordinates": [ 76.1530959, 34.21591 ] } },
{ "type": "Feature", "properties": { "id": 674, "state": "Ladakh", "state_code": null, "district": "KARGIL", "district_code": 4.0, "sub_district": null, "sub_district_code": null, "sub_district_type": null, "village": "Itcho", "village_category": "Rural", "village_code": "5927593681" }, "geometry": { "type": "Point", "coordinates": [ 76.2130701, 34.2001076 ] } },
{ "type": "Feature", "properties": { "id": 675, "state": "Ladakh", "state_code": null, "district": "KARGIL", "district_code": 4.0, "sub_district": null, "sub_district_code": null, "sub_district_type": null, "village": "Hemiling", "village_category": "Rural", "village_code": "5927765589" }, "geometry": { "type": "Point", "coordinates": [ 76.6250682, 33.6709792 ] } },
{ "type": "Feature", "properties": { "id": 676, "state": "Ladakh", "state_code": null, "district": "KARGIL", "district_code": 4.0, "sub_district": null, "sub_district_code": null, "sub_district_type": null, "village": "Tahan", "village_category": "Rural", "village_code": "5927766727" }, "geometry": { "type": "Point", "coordinates": [ 76.7966652, 33.5281232 ] } },
{ "type": "Feature", "properties": { "id": 677, "state": "Ladakh", "state_code": null, "district": "KARGIL", "district_code": 4.0, "sub_district": null, "sub_district_code": null, "sub_district_type": null, "village": "Ating", "village_category": "Rural", "village_code": "5927766780" }, "geometry": { "type": "Point", "coordinates": [ 76.7308759, 33.5842644 ] } },
{ "type": "Feature", "properties": { "id": 678, "state": "Ladakh", "state_code": null, "district": "KARGIL", "district_code": 4.0, "sub_district": null, "sub_district_code": null, "sub_district_type": null, "village": "Rinam", "village_category": "Rural", "village_code": "5928725849" }, "geometry": { "type": "Point", "coordinates": [ 76.9873381, 33.5487897 ] } },
{ "type": "Feature", "properties": { "id": 679, "state": "Ladakh", "state_code": null, "district": "KARGIL", "district_code": 4.0, "sub_district": null, "sub_district_code": null, "sub_district_type": null, "village": "Chilingkit", "village_category": "Rural", "village_code": "5928725859" }, "geometry": { "type": "Point", "coordinates": [ 77.0058346, 33.5593356 ] } },
{ "type": "Feature", "properties": { "id": 680, "state": "Ladakh", "state_code": null, "district": "KARGIL", "district_code": 4.0, "sub_district": null, "sub_district_code": null, "sub_district_type": null, "village": "Gyapag", "village_category": "Rural", "village_code": "5928726363" }, "geometry": { "type": "Point", "coordinates": [ 76.8457281, 33.4940052 ] } },
{ "type": "Feature", "properties": { "id": 681, "state": "Ladakh", "state_code": null, "district": "KARGIL", "district_code": 4.0, "sub_district": null, "sub_district_code": null, "sub_district_type": null, "village": "Pibiting", "village_category": "Rural", "village_code": "5928726365" }, "geometry": { "type": "Point", "coordinates": [ 76.8901026, 33.4804266 ] } },
{ "type": "Feature", "properties": { "id": 682, "state": "Ladakh", "state_code": null, "district": "LEH", "district_code": 3.0, "sub_district": null, "sub_district_code": null, "sub_district_type": null, "village": "Hipti", "village_category": "Rural", "village_code": "5928937870" }, "geometry": { "type": "Point", "coordinates": [ 77.0083773, 34.2617299 ] } },
{ "type": "Feature", "properties": { "id": 683, "state": "Ladakh", "state_code": null, "district": "LEH", "district_code": 3.0, "sub_district": null, "sub_district_code": null, "sub_district_type": null, "village": "Tar", "village_category": "Rural", "village_code": "5928937871" }, "geometry": { "type": "Point", "coordinates": [ 76.9667709, 34.2795332 ] } },
{ "type": "Feature", "properties": { "id": 684, "state": "Ladakh", "state_code": null, "district": "LEH", "district_code": 3.0, "sub_district": null, "sub_district_code": null, "sub_district_type": null, "village": "Ursi", "village_category": "Rural", "village_code": "5928938134" }, "geometry": { "type": "Point", "coordinates": [ 76.8944049, 34.216429 ] } },
{ "type": "Feature", "properties": { "id": 685, "state": "Ladakh", "state_code": null, "district": "LEH", "district_code": 3.0, "sub_district": null, "sub_district_code": null, "sub_district_type": null, "village": "Morgu", "village_category": "Rural", "village_code": "5928954901" }, "geometry": { "type": "Point", "coordinates": [ 77.069816, 34.2370491 ] } },
{ "type": "Feature", "properties": { "id": 686, "state": "Ladakh", "state_code": null, "district": "KARGIL", "district_code": 4.0, "sub_district": null, "sub_district_code": null, "sub_district_type": null, "village": "Sanjak", "village_category": "Rural", "village_code": "5930278924" }, "geometry": { "type": "Point", "coordinates": [ 76.5263843, 34.5788818 ] } },
{ "type": "Feature", "properties": { "id": 687, "state": "Ladakh", "state_code": null, "district": "KARGIL", "district_code": 4.0, "sub_district": null, "sub_district_code": null, "sub_district_type": null, "village": "Sapi", "village_category": "Rural", "village_code": "5930279272" }, "geometry": { "type": "Point", "coordinates": [ 76.4236064, 34.5008627 ] } },
{ "type": "Feature", "properties": { "id": 688, "state": "Ladakh", "state_code": null, "district": "KARGIL", "district_code": 4.0, "sub_district": null, "sub_district_code": null, "sub_district_type": null, "village": "Sandow", "village_category": "Rural", "village_code": "5930279295" }, "geometry": { "type": "Point", "coordinates": [ 76.4005351, 34.5389711 ] } },
{ "type": "Feature", "properties": { "id": 689, "state": "Ladakh", "state_code": null, "district": "KARGIL", "district_code": 4.0, "sub_district": null, "sub_district_code": null, "sub_district_type": null, "village": "Ayet", "village_category": "Rural", "village_code": "5930279354" }, "geometry": { "type": "Point", "coordinates": [ 76.4205036, 34.5243397 ] } },
{ "type": "Feature", "properties": { "id": 690, "state": "Ladakh", "state_code": null, "district": "KARGIL", "district_code": 4.0, "sub_district": null, "sub_district_code": null, "sub_district_type": null, "village": "Lamsu", "village_category": "Rural", "village_code": "5930279393" }, "geometry": { "type": "Point", "coordinates": [ 76.386255, 34.522761 ] } },
{ "type": "Feature", "properties": { "id": 691, "state": "Ladakh", "state_code": null, "district": "KARGIL", "district_code": 4.0, "sub_district": null, "sub_district_code": null, "sub_district_type": null, "village": "Shongchay", "village_category": "Rural", "village_code": "5930279928" }, "geometry": { "type": "Point", "coordinates": [ 76.4505186, 34.5093946 ] } },
{ "type": "Feature", "properties": { "id": 692, "state": "Ladakh", "state_code": null, "district": "KARGIL", "district_code": 4.0, "sub_district": null, "sub_district_code": null, "sub_district_type": null, "village": "Hagnis", "village_category": "Rural", "village_code": "5930280061" }, "geometry": { "type": "Point", "coordinates": [ 76.4799178, 34.4830799 ] } },
{ "type": "Feature", "properties": { "id": 693, "state": "Ladakh", "state_code": null, "district": "KARGIL", "district_code": 4.0, "sub_district": null, "sub_district_code": null, "sub_district_type": null, "village": "Izgang", "village_category": "Rural", "village_code": "5930280087" }, "geometry": { "type": "Point", "coordinates": [ 76.512233, 34.4662928 ] } },
{ "type": "Feature", "properties": { "id": 694, "state": "Ladakh", "state_code": null, "district": "KARGIL", "district_code": 4.0, "sub_district": null, "sub_district_code": null, "sub_district_type": null, "village": "Chiktan", "village_category": "Rural", "village_code": "5930280088" }, "geometry": { "type": "Point", "coordinates": [ 76.5101667, 34.4701706 ] } },
{ "type": "Feature", "properties": { "id": 695, "state": "Ladakh", "state_code": null, "district": "KARGIL", "district_code": 4.0, "sub_district": null, "sub_district_code": null, "sub_district_type": null, "village": "Kukarcha", "village_category": "Rural", "village_code": "5930280089" }, "geometry": { "type": "Point", "coordinates": [ 76.5259337, 34.4460254 ] } },
{ "type": "Feature", "properties": { "id": 696, "state": "Ladakh", "state_code": null, "district": "KARGIL", "district_code": 4.0, "sub_district": null, "sub_district_code": null, "sub_district_type": null, "village": "Samrah", "village_category": "Rural", "village_code": "5930280090" }, "geometry": { "type": "Point", "coordinates": [ 76.5271622, 34.4116054 ] } },
{ "type": "Feature", "properties": { "id": 697, "state": "Ladakh", "state_code": null, "district": "KARGIL", "district_code": 4.0, "sub_district": null, "sub_district_code": null, "sub_district_type": null, "village": "Koksho", "village_category": "Rural", "village_code": "5930280593" }, "geometry": { "type": "Point", "coordinates": [ 76.6235554, 34.4481045 ] } },
{ "type": "Feature", "properties": { "id": 698, "state": "Ladakh", "state_code": null, "district": "LEH", "district_code": 3.0, "sub_district": null, "sub_district_code": null, "sub_district_type": null, "village": "Shuijerab", "village_category": "Rural", "village_code": "6064676349" }, "geometry": { "type": "Point", "coordinates": [ 75.6336003, 36.4726944 ] } },
{ "type": "Feature", "properties": { "id": 699, "state": "Ladakh", "state_code": null, "district": "LEH", "district_code": 3.0, "sub_district": null, "sub_district_code": null, "sub_district_type": null, "village": "Bejopatro", "village_category": "Rural", "village_code": "6190617364" }, "geometry": { "type": "Point", "coordinates": [ 74.473915, 35.380163 ] } },
{ "type": "Feature", "properties": { "id": 700, "state": "Ladakh", "state_code": null, "district": "LEH", "district_code": 3.0, "sub_district": null, "sub_district_code": null, "sub_district_type": null, "village": "Jangal", "village_category": "Rural", "village_code": "6190617365" }, "geometry": { "type": "Point", "coordinates": [ 74.4720483, 35.3653258 ] } },
{ "type": "Feature", "properties": { "id": 701, "state": "Ladakh", "state_code": null, "district": "LEH", "district_code": 3.0, "sub_district": null, "sub_district_code": null, "sub_district_type": null, "village": "Unnamed Hamlet", "village_category": "Rural", "village_code": "6190617366" }, "geometry": { "type": "Point", "coordinates": [ 74.42563, 35.4145815 ] } },
{ "type": "Feature", "properties": { "id": 702, "state": "Ladakh", "state_code": null, "district": "LEH", "district_code": 3.0, "sub_district": null, "sub_district_code": null, "sub_district_type": null, "village": "Unnamed Hamlet", "village_category": "Rural", "village_code": "6190617874" }, "geometry": { "type": "Point", "coordinates": [ 74.4856095, 35.3412359 ] } },
{ "type": "Feature", "properties": { "id": 703, "state": "Ladakh", "state_code": null, "district": "LEH", "district_code": 3.0, "sub_district": null, "sub_district_code": null, "sub_district_type": null, "village": "Unnamed Hamlet", "village_category": "Rural", "village_code": "6190617898" }, "geometry": { "type": "Point", "coordinates": [ 74.4937205, 35.3322637 ] } },
{ "type": "Feature", "properties": { "id": 704, "state": "Ladakh", "state_code": null, "district": "LEH", "district_code": 3.0, "sub_district": null, "sub_district_code": null, "sub_district_type": null, "village": "Vitar", "village_category": "Rural", "village_code": "6190676253" }, "geometry": { "type": "Point", "coordinates": [ 74.5862782, 35.4322202 ] } },
{ "type": "Feature", "properties": { "id": 705, "state": "Ladakh", "state_code": null, "district": "LEH", "district_code": 3.0, "sub_district": null, "sub_district_code": null, "sub_district_type": null, "village": "Baihk", "village_category": "Rural", "village_code": "6190676255" }, "geometry": { "type": "Point", "coordinates": [ 74.4453334, 35.3500659 ] } },
{ "type": "Feature", "properties": { "id": 706, "state": "Ladakh", "state_code": null, "district": "LEH", "district_code": 3.0, "sub_district": null, "sub_district_code": null, "sub_district_type": null, "village": "Kasurat", "village_category": "Rural", "village_code": "6190676256" }, "geometry": { "type": "Point", "coordinates": [ 74.4227815, 35.3882103 ] } },
{ "type": "Feature", "properties": { "id": 707, "state": "Ladakh", "state_code": null, "district": "LEH", "district_code": 3.0, "sub_district": null, "sub_district_code": null, "sub_district_type": null, "village": "Khosto", "village_category": "Rural", "village_code": "6190676259" }, "geometry": { "type": "Point", "coordinates": [ 74.5165408, 35.386251 ] } },
{ "type": "Feature", "properties": { "id": 708, "state": "Ladakh", "state_code": null, "district": "LEH", "district_code": 3.0, "sub_district": null, "sub_district_code": null, "sub_district_type": null, "village": "Bezar", "village_category": "Rural", "village_code": "6190676264" }, "geometry": { "type": "Point", "coordinates": [ 74.5766973, 35.4170866 ] } },
{ "type": "Feature", "properties": { "id": 709, "state": "Ladakh", "state_code": null, "district": "LEH", "district_code": 3.0, "sub_district": null, "sub_district_code": null, "sub_district_type": null, "village": "Bathrait", "village_category": "Rural", "village_code": "6190676265" }, "geometry": { "type": "Point", "coordinates": [ 74.5948505, 35.3721499 ] } },
{ "type": "Feature", "properties": { "id": 710, "state": "Ladakh", "state_code": null, "district": "LEH", "district_code": 3.0, "sub_district": null, "sub_district_code": null, "sub_district_type": null, "village": "Garul", "village_category": "Rural", "village_code": "6190694356" }, "geometry": { "type": "Point", "coordinates": [ 74.3196773, 35.2134033 ] } },
{ "type": "Feature", "properties": { "id": 711, "state": "Ladakh", "state_code": null, "district": "LEH", "district_code": 3.0, "sub_district": null, "sub_district_code": null, "sub_district_type": null, "village": "Kazmi Harai", "village_category": "Rural", "village_code": "6190694357" }, "geometry": { "type": "Point", "coordinates": [ 74.2935312, 35.2406421 ] } },
{ "type": "Feature", "properties": { "id": 712, "state": "Ladakh", "state_code": null, "district": "LEH", "district_code": 3.0, "sub_district": null, "sub_district_code": null, "sub_district_type": null, "village": "Charo Dot", "village_category": "Rural", "village_code": "6190694358" }, "geometry": { "type": "Point", "coordinates": [ 74.297812, 35.246618 ] } },
{ "type": "Feature", "properties": { "id": 713, "state": "Ladakh", "state_code": null, "district": "LEH", "district_code": 3.0, "sub_district": null, "sub_district_code": null, "sub_district_type": null, "village": "Hoe Shing", "village_category": "Rural", "village_code": "6190694359" }, "geometry": { "type": "Point", "coordinates": [ 74.299019, 35.2686163 ] } },
{ "type": "Feature", "properties": { "id": 714, "state": "Ladakh", "state_code": null, "district": "LEH", "district_code": 3.0, "sub_district": null, "sub_district_code": null, "sub_district_type": null, "village": "Noshkin", "village_category": "Rural", "village_code": "6190694360" }, "geometry": { "type": "Point", "coordinates": [ 74.2969108, 35.2668688 ] } },
{ "type": "Feature", "properties": { "id": 715, "state": "Ladakh", "state_code": null, "district": "LEH", "district_code": 3.0, "sub_district": null, "sub_district_code": null, "sub_district_type": null, "village": "Nashkin", "village_category": "Rural", "village_code": "6190694361" }, "geometry": { "type": "Point", "coordinates": [ 74.2981124, 35.2700616 ] } },
{ "type": "Feature", "properties": { "id": 716, "state": "Ladakh", "state_code": null, "district": "LEH", "district_code": 3.0, "sub_district": null, "sub_district_code": null, "sub_district_type": null, "village": "Pakur", "village_category": "Rural", "village_code": "6190694362" }, "geometry": { "type": "Point", "coordinates": [ 74.3167591, 35.2648058 ] } },
{ "type": "Feature", "properties": { "id": 717, "state": "Ladakh", "state_code": null, "district": "LEH", "district_code": 3.0, "sub_district": null, "sub_district_code": null, "sub_district_type": null, "village": "Dakobah", "village_category": "Rural", "village_code": "6190694363" }, "geometry": { "type": "Point", "coordinates": [ 74.3141091, 35.2743274 ] } },
{ "type": "Feature", "properties": { "id": 718, "state": "Ladakh", "state_code": null, "district": "LEH", "district_code": 3.0, "sub_district": null, "sub_district_code": null, "sub_district_type": null, "village": "Gasht", "village_category": "Rural", "village_code": "6190694364" }, "geometry": { "type": "Point", "coordinates": [ 74.3155789, 35.2729215 ] } },
{ "type": "Feature", "properties": { "id": 719, "state": "Ladakh", "state_code": null, "district": "LEH", "district_code": 3.0, "sub_district": null, "sub_district_code": null, "sub_district_type": null, "village": "Kalbai", "village_category": "Rural", "village_code": "6190694365" }, "geometry": { "type": "Point", "coordinates": [ 74.2993677, 35.2798716 ] } },
{ "type": "Feature", "properties": { "id": 720, "state": "Ladakh", "state_code": null, "district": "LEH", "district_code": 3.0, "sub_district": null, "sub_district_code": null, "sub_district_type": null, "village": "Gato Das", "village_category": "Rural", "village_code": "6190694366" }, "geometry": { "type": "Point", "coordinates": [ 74.3095922, 35.2816408 ] } },
{ "type": "Feature", "properties": { "id": 721, "state": "Ladakh", "state_code": null, "district": "LEH", "district_code": 3.0, "sub_district": null, "sub_district_code": null, "sub_district_type": null, "village": "Jal", "village_category": "Rural", "village_code": "6190694367" }, "geometry": { "type": "Point", "coordinates": [ 74.3067384, 35.2845485 ] } },
{ "type": "Feature", "properties": { "id": 722, "state": "Ladakh", "state_code": null, "district": "LEH", "district_code": 3.0, "sub_district": null, "sub_district_code": null, "sub_district_type": null, "village": "Manukush", "village_category": "Rural", "village_code": "6190694368" }, "geometry": { "type": "Point", "coordinates": [ 74.3051183, 35.2866065 ] } },
{ "type": "Feature", "properties": { "id": 723, "state": "Ladakh", "state_code": null, "district": "LEH", "district_code": 3.0, "sub_district": null, "sub_district_code": null, "sub_district_type": null, "village": "Das Kalaba", "village_category": "Rural", "village_code": "6190694369" }, "geometry": { "type": "Point", "coordinates": [ 74.3024147, 35.2927454 ] } },
{ "type": "Feature", "properties": { "id": 724, "state": "Ladakh", "state_code": null, "district": "LEH", "district_code": 3.0, "sub_district": null, "sub_district_code": null, "sub_district_type": null, "village": "Thamrus", "village_category": "Rural", "village_code": "6190694370" }, "geometry": { "type": "Point", "coordinates": [ 74.3099892, 35.3013969 ] } },
{ "type": "Feature", "properties": { "id": 725, "state": "Ladakh", "state_code": null, "district": "LEH", "district_code": 3.0, "sub_district": null, "sub_district_code": null, "sub_district_type": null, "village": "Bajun Shang", "village_category": "Rural", "village_code": "6190694371" }, "geometry": { "type": "Point", "coordinates": [ 74.3067384, 35.3022637 ] } },
{ "type": "Feature", "properties": { "id": 726, "state": "Ladakh", "state_code": null, "district": "LEH", "district_code": 3.0, "sub_district": null, "sub_district_code": null, "sub_district_type": null, "village": "Halal", "village_category": "Rural", "village_code": "6190694372" }, "geometry": { "type": "Point", "coordinates": [ 74.3045068, 35.3251223 ] } },
{ "type": "Feature", "properties": { "id": 727, "state": "Ladakh", "state_code": null, "district": "LEH", "district_code": 3.0, "sub_district": null, "sub_district_code": null, "sub_district_type": null, "village": "Diamroi", "village_category": "Rural", "village_code": "6190694373" }, "geometry": { "type": "Point", "coordinates": [ 74.3124139, 35.3351007 ] } },
{ "type": "Feature", "properties": { "id": 728, "state": "Ladakh", "state_code": null, "district": "LEH", "district_code": 3.0, "sub_district": null, "sub_district_code": null, "sub_district_type": null, "village": "Unnamed Hamlet", "village_category": "Rural", "village_code": "6193808918" }, "geometry": { "type": "Point", "coordinates": [ 74.7867787, 35.2573594 ] } },
{ "type": "Feature", "properties": { "id": 729, "state": "Ladakh", "state_code": null, "district": "LEH", "district_code": 3.0, "sub_district": null, "sub_district_code": null, "sub_district_type": null, "village": "Hussain Nori Baihk", "village_category": "Rural", "village_code": "6193808921" }, "geometry": { "type": "Point", "coordinates": [ 74.7152924, 35.2695361 ] } },
{ "type": "Feature", "properties": { "id": 730, "state": "Ladakh", "state_code": null, "district": "LEH", "district_code": 3.0, "sub_district": null, "sub_district_code": null, "sub_district_type": null, "village": "Ganaloi Shong", "village_category": "Rural", "village_code": "6193808922" }, "geometry": { "type": "Point", "coordinates": [ 74.7131467, 35.2341137 ] } },
{ "type": "Feature", "properties": { "id": 731, "state": "Ladakh", "state_code": null, "district": "LEH", "district_code": 3.0, "sub_district": null, "sub_district_code": null, "sub_district_type": null, "village": "Bialzey", "village_category": "Rural", "village_code": "6193808923" }, "geometry": { "type": "Point", "coordinates": [ 74.7255492, 35.2474504 ] } },
{ "type": "Feature", "properties": { "id": 732, "state": "Ladakh", "state_code": null, "district": "LEH", "district_code": 3.0, "sub_district": null, "sub_district_code": null, "sub_district_type": null, "village": "Parli Dianz", "village_category": "Rural", "village_code": "6193808924" }, "geometry": { "type": "Point", "coordinates": [ 74.721365, 35.2501928 ] } },
{ "type": "Feature", "properties": { "id": 733, "state": "Ladakh", "state_code": null, "district": "LEH", "district_code": 3.0, "sub_district": null, "sub_district_code": null, "sub_district_type": null, "village": "Nihke", "village_category": "Rural", "village_code": "6193808925" }, "geometry": { "type": "Point", "coordinates": [ 74.7402477, 35.2370406 ] } },
{ "type": "Feature", "properties": { "id": 734, "state": "Ladakh", "state_code": null, "district": "LEH", "district_code": 3.0, "sub_district": null, "sub_district_code": null, "sub_district_type": null, "village": "Gotme", "village_category": "Rural", "village_code": "6193808926" }, "geometry": { "type": "Point", "coordinates": [ 74.7279739, 35.2243069 ] } },
{ "type": "Feature", "properties": { "id": 735, "state": "Ladakh", "state_code": null, "district": "LEH", "district_code": 3.0, "sub_district": null, "sub_district_code": null, "sub_district_type": null, "village": "Shame Bari", "village_category": "Rural", "village_code": "6193808927" }, "geometry": { "type": "Point", "coordinates": [ 74.7262359, 35.2271728 ] } },
{ "type": "Feature", "properties": { "id": 736, "state": "Ladakh", "state_code": null, "district": "LEH", "district_code": 3.0, "sub_district": null, "sub_district_code": null, "sub_district_type": null, "village": "Zili Rupal", "village_category": "Rural", "village_code": "6193808928" }, "geometry": { "type": "Point", "coordinates": [ 74.6914744, 35.2115625 ] } },
{ "type": "Feature", "properties": { "id": 737, "state": "Ladakh", "state_code": null, "district": "LEH", "district_code": 3.0, "sub_district": null, "sub_district_code": null, "sub_district_type": null, "village": "Yakme", "village_category": "Rural", "village_code": "6193808944" }, "geometry": { "type": "Point", "coordinates": [ 74.6762448, 35.2053342 ] } },
{ "type": "Feature", "properties": { "id": 738, "state": "Ladakh", "state_code": null, "district": "LEH", "district_code": 3.0, "sub_district": null, "sub_district_code": null, "sub_district_type": null, "village": "Shikalat", "village_category": "Rural", "village_code": "6193848779" }, "geometry": { "type": "Point", "coordinates": [ 74.8450684, 35.2180226 ] } },
{ "type": "Feature", "properties": { "id": 739, "state": "Ladakh", "state_code": null, "district": "LEH", "district_code": 3.0, "sub_district": null, "sub_district_code": null, "sub_district_type": null, "village": "Dangat", "village_category": "Rural", "village_code": "6193848780" }, "geometry": { "type": "Point", "coordinates": [ 74.8223448, 35.2161293 ] } },
{ "type": "Feature", "properties": { "id": 740, "state": "Ladakh", "state_code": null, "district": "LEH", "district_code": 3.0, "sub_district": null, "sub_district_code": null, "sub_district_type": null, "village": "Parizhot", "village_category": "Rural", "village_code": "6193848781" }, "geometry": { "type": "Point", "coordinates": [ 74.826411, 35.2125968 ] } },
{ "type": "Feature", "properties": { "id": 741, "state": "Ladakh", "state_code": null, "district": "LEH", "district_code": 3.0, "sub_district": null, "sub_district_code": null, "sub_district_type": null, "village": "Zaipur Pain", "village_category": "Rural", "village_code": "6193848782" }, "geometry": { "type": "Point", "coordinates": [ 74.7618556, 35.2295391 ] } },
{ "type": "Feature", "properties": { "id": 742, "state": "Ladakh", "state_code": null, "district": "LEH", "district_code": 3.0, "sub_district": null, "sub_district_code": null, "sub_district_type": null, "village": "Tareze", "village_category": "Rural", "village_code": "6193848783" }, "geometry": { "type": "Point", "coordinates": [ 74.8013055, 35.2220983 ] } },
{ "type": "Feature", "properties": { "id": 743, "state": "Ladakh", "state_code": null, "district": "LEH", "district_code": 3.0, "sub_district": null, "sub_district_code": null, "sub_district_type": null, "village": "Rehmanpur Bala", "village_category": "Rural", "village_code": "6193848784" }, "geometry": { "type": "Point", "coordinates": [ 74.7928405, 35.2203541 ] } },
{ "type": "Feature", "properties": { "id": 744, "state": "Ladakh", "state_code": null, "district": "LEH", "district_code": 3.0, "sub_district": null, "sub_district_code": null, "sub_district_type": null, "village": "Rampur", "village_category": "Rural", "village_code": "6193849085" }, "geometry": { "type": "Point", "coordinates": [ 74.803741, 35.2176106 ] } },
{ "type": "Feature", "properties": { "id": 745, "state": "Ladakh", "state_code": null, "district": "LEH", "district_code": 3.0, "sub_district": null, "sub_district_code": null, "sub_district_type": null, "village": "甜水海", "village_category": "Rural", "village_code": "6299424285" }, "geometry": { "type": "Point", "coordinates": [ 79.5615358, 35.2978814 ] } },
{ "type": "Feature", "properties": { "id": 746, "state": "Ladakh", "state_code": null, "district": "LEH", "district_code": 3.0, "sub_district": null, "sub_district_code": null, "sub_district_type": null, "village": "Sar", "village_category": "Rural", "village_code": "6332718993" }, "geometry": { "type": "Point", "coordinates": [ 74.3987274, 35.3019223 ] } },
{ "type": "Feature", "properties": { "id": 747, "state": "Ladakh", "state_code": null, "district": "KARGIL", "district_code": 4.0, "sub_district": null, "sub_district_code": null, "sub_district_type": null, "village": "Yulgog", "village_category": "Rural", "village_code": "6340438878" }, "geometry": { "type": "Point", "coordinates": [ 77.0910725, 33.2309879 ] } },
{ "type": "Feature", "properties": { "id": 748, "state": "Ladakh", "state_code": null, "district": "KARGIL", "district_code": 4.0, "sub_district": null, "sub_district_code": null, "sub_district_type": null, "village": "Shadey", "village_category": "Rural", "village_code": "6340439193" }, "geometry": { "type": "Point", "coordinates": [ 77.2396883, 33.4054493 ] } },
{ "type": "Feature", "properties": { "id": 749, "state": "Ladakh", "state_code": null, "district": "LEH", "district_code": 3.0, "sub_district": null, "sub_district_code": null, "sub_district_type": null, "village": "ملبروق", "village_category": "Rural", "village_code": "6342596948" }, "geometry": { "type": "Point", "coordinates": [ 76.0917219, 35.0761788 ] } },
{ "type": "Feature", "properties": { "id": 750, "state": "Ladakh", "state_code": null, "district": "LEH", "district_code": 3.0, "sub_district": null, "sub_district_code": null, "sub_district_type": null, "village": "ہلال آباد", "village_category": "Rural", "village_code": "6344712050" }, "geometry": { "type": "Point", "coordinates": [ 76.040607, 35.0912249 ] } },
{ "type": "Feature", "properties": { "id": 751, "state": "Ladakh", "state_code": null, "district": "LEH", "district_code": 3.0, "sub_district": null, "sub_district_code": null, "sub_district_type": null, "village": "غاسنگ", "village_category": "Rural", "village_code": "6344719246" }, "geometry": { "type": "Point", "coordinates": [ 75.9853313, 35.0911732 ] } },
{ "type": "Feature", "properties": { "id": 752, "state": "Ladakh", "state_code": null, "district": "LEH", "district_code": 3.0, "sub_district": null, "sub_district_code": null, "sub_district_type": null, "village": "Gohori", "village_category": "Rural", "village_code": "6344719485" }, "geometry": { "type": "Point", "coordinates": [ 76.0149955, 35.090353 ] } },
{ "type": "Feature", "properties": { "id": 753, "state": "Ladakh", "state_code": null, "district": "LEH", "district_code": 3.0, "sub_district": null, "sub_district_code": null, "sub_district_type": null, "village": "Pari", "village_category": "Rural", "village_code": "6344719504" }, "geometry": { "type": "Point", "coordinates": [ 76.1284111, 35.0243572 ] } },
{ "type": "Feature", "properties": { "id": 754, "state": "Ladakh", "state_code": null, "district": "LEH", "district_code": 3.0, "sub_district": null, "sub_district_code": null, "sub_district_type": null, "village": "منٹھوکھا", "village_category": "Rural", "village_code": "6344719915" }, "geometry": { "type": "Point", "coordinates": [ 75.9965322, 35.0909976 ] } },
{ "type": "Feature", "properties": { "id": 755, "state": "Ladakh", "state_code": null, "district": "LEH", "district_code": 3.0, "sub_district": null, "sub_district_code": null, "sub_district_type": null, "village": "Goal", "village_category": "Rural", "village_code": "6344720387" }, "geometry": { "type": "Point", "coordinates": [ 75.8603618, 35.2563268 ] } },
{ "type": "Feature", "properties": { "id": 756, "state": "Ladakh", "state_code": null, "district": "LEH", "district_code": 3.0, "sub_district": null, "sub_district_code": null, "sub_district_type": null, "village": "حسین آباد", "village_category": "Urban", "village_code": "6344721015" }, "geometry": { "type": "Point", "coordinates": [ 75.6986568, 35.2993491 ] } },
{ "type": "Feature", "properties": { "id": 757, "state": "Ladakh", "state_code": null, "district": "LEH", "district_code": 3.0, "sub_district": null, "sub_district_code": null, "sub_district_type": null, "village": "طولتی", "village_category": "Rural", "village_code": "6344721946" }, "geometry": { "type": "Point", "coordinates": [ 76.0925243, 35.027934 ] } },
{ "type": "Feature", "properties": { "id": 758, "state": "Ladakh", "state_code": null, "district": "LEH", "district_code": 3.0, "sub_district": null, "sub_district_code": null, "sub_district_type": null, "village": "کمنگو", "village_category": "Rural", "village_code": "6344722057" }, "geometry": { "type": "Point", "coordinates": [ 76.0703131, 35.0476274 ] } },
{ "type": "Feature", "properties": { "id": 759, "state": "Ladakh", "state_code": null, "district": "LEH", "district_code": 3.0, "sub_district": null, "sub_district_code": null, "sub_district_type": null, "village": "لوتن", "village_category": "Rural", "village_code": "6344724978" }, "geometry": { "type": "Point", "coordinates": [ 76.0527084, 35.0691795 ] } },
{ "type": "Feature", "properties": { "id": 760, "state": "Ladakh", "state_code": null, "district": "LEH", "district_code": 3.0, "sub_district": null, "sub_district_code": null, "sub_district_type": null, "village": "河尾滩", "village_category": "Rural", "village_code": "6345836155" }, "geometry": { "type": "Point", "coordinates": [ 78.5928645, 35.0015946 ] } },
{ "type": "Feature", "properties": { "id": 761, "state": "Ladakh", "state_code": null, "district": "LEH", "district_code": 3.0, "sub_district": null, "sub_district_code": null, "sub_district_type": null, "village": "Taruche", "village_category": "Rural", "village_code": "6404193702" }, "geometry": { "type": "Point", "coordinates": [ 77.2039479, 34.2720639 ] } },
{ "type": "Feature", "properties": { "id": 762, "state": "Ladakh", "state_code": null, "district": "LEH", "district_code": 3.0, "sub_district": null, "sub_district_code": null, "sub_district_type": null, "village": "Hemis Shukpachan", "village_category": "Rural", "village_code": "6416846729" }, "geometry": { "type": "Point", "coordinates": [ 77.0774147, 34.3159127 ] } },
{ "type": "Feature", "properties": { "id": 763, "state": "Ladakh", "state_code": null, "district": "LEH", "district_code": 3.0, "sub_district": null, "sub_district_code": null, "sub_district_type": null, "village": "Narmu", "village_category": "Rural", "village_code": "6418859729" }, "geometry": { "type": "Point", "coordinates": [ 76.8041861, 34.3709305 ] } },
{ "type": "Feature", "properties": { "id": 764, "state": "Ladakh", "state_code": null, "district": "KARGIL", "district_code": 4.0, "sub_district": null, "sub_district_code": null, "sub_district_type": null, "village": "Unnamed Hamlet", "village_category": "Rural", "village_code": "6432587768" }, "geometry": { "type": "Point", "coordinates": [ 75.5339321, 34.4683096 ] } },
{ "type": "Feature", "properties": { "id": 765, "state": "Ladakh", "state_code": null, "district": "KARGIL", "district_code": 4.0, "sub_district": null, "sub_district_code": null, "sub_district_type": null, "village": "Unnamed Isolated_dwelling", "village_category": "Rural", "village_code": "6432588188" }, "geometry": { "type": "Point", "coordinates": [ 75.5968299, 34.47671 ] } },
{ "type": "Feature", "properties": { "id": 766, "state": "Ladakh", "state_code": null, "district": "LEH", "district_code": 3.0, "sub_district": null, "sub_district_code": null, "sub_district_type": null, "village": "都木契列", "village_category": "Rural", "village_code": "6463161948" }, "geometry": { "type": "Point", "coordinates": [ 79.1687747, 33.0761915 ] } },
{ "type": "Feature", "properties": { "id": 767, "state": "Ladakh", "state_code": null, "district": "KARGIL", "district_code": 4.0, "sub_district": null, "sub_district_code": null, "sub_district_type": null, "village": "Langmi", "village_category": "Rural", "village_code": "6610315622" }, "geometry": { "type": "Point", "coordinates": [ 76.8768227, 33.5223996 ] } },
{ "type": "Feature", "properties": { "id": 768, "state": "Ladakh", "state_code": null, "district": "LEH", "district_code": 3.0, "sub_district": null, "sub_district_code": null, "sub_district_type": null, "village": "Punguk", "village_category": "Rural", "village_code": "6640181008" }, "geometry": { "type": "Point", "coordinates": [ 78.8952816, 32.7626119 ] } },
{ "type": "Feature", "properties": { "id": 769, "state": "Ladakh", "state_code": null, "district": "LEH", "district_code": 3.0, "sub_district": null, "sub_district_code": null, "sub_district_type": null, "village": "Unnamed Isolated_dwelling", "village_category": "Rural", "village_code": "6649424675" }, "geometry": { "type": "Point", "coordinates": [ 77.6853158, 33.8210181 ] } },
{ "type": "Feature", "properties": { "id": 770, "state": "Ladakh", "state_code": null, "district": "LEH", "district_code": 3.0, "sub_district": null, "sub_district_code": null, "sub_district_type": null, "village": "Cattle herder house", "village_category": "Rural", "village_code": "6649459740" }, "geometry": { "type": "Point", "coordinates": [ 77.6890288, 33.8086926 ] } },
{ "type": "Feature", "properties": { "id": 771, "state": "Ladakh", "state_code": null, "district": "KARGIL", "district_code": 4.0, "sub_district": null, "sub_district_code": null, "sub_district_type": null, "village": "Upti", "village_category": "Rural", "village_code": "6660551945" }, "geometry": { "type": "Point", "coordinates": [ 76.88921, 33.4897155 ] } },
{ "type": "Feature", "properties": { "id": 772, "state": "Ladakh", "state_code": null, "district": "KARGIL", "district_code": 4.0, "sub_district": null, "sub_district_code": null, "sub_district_type": null, "village": "Techa", "village_category": "Rural", "village_code": "6660553150" }, "geometry": { "type": "Point", "coordinates": [ 76.8650247, 33.5210069 ] } },
{ "type": "Feature", "properties": { "id": 773, "state": "Ladakh", "state_code": null, "district": "KARGIL", "district_code": 4.0, "sub_district": null, "sub_district_code": null, "sub_district_type": null, "village": "Khasar", "village_category": "Rural", "village_code": "6660585956" }, "geometry": { "type": "Point", "coordinates": [ 76.8574477, 33.5206907 ] } },
{ "type": "Feature", "properties": { "id": 774, "state": "Ladakh", "state_code": null, "district": "KARGIL", "district_code": 4.0, "sub_district": null, "sub_district_code": null, "sub_district_type": null, "village": "Shamiling", "village_category": "Rural", "village_code": "6660591336" }, "geometry": { "type": "Point", "coordinates": [ 76.7729414, 33.5446923 ] } },
{ "type": "Feature", "properties": { "id": 775, "state": "Ladakh", "state_code": null, "district": "KARGIL", "district_code": 4.0, "sub_district": null, "sub_district_code": null, "sub_district_type": null, "village": "Yulang", "village_category": "Rural", "village_code": "6660591337" }, "geometry": { "type": "Point", "coordinates": [ 76.89587, 33.520139 ] } },
{ "type": "Feature", "properties": { "id": 776, "state": "Ladakh", "state_code": null, "district": "KARGIL", "district_code": 4.0, "sub_district": null, "sub_district_code": null, "sub_district_type": null, "village": "Kishrak", "village_category": "Rural", "village_code": "6660600693" }, "geometry": { "type": "Point", "coordinates": [ 76.8844899, 33.4675329 ] } },
{ "type": "Feature", "properties": { "id": 777, "state": "Ladakh", "state_code": null, "district": "LEH", "district_code": 3.0, "sub_district": null, "sub_district_code": null, "sub_district_type": null, "village": "Mudh", "village_category": "Rural", "village_code": "6672845028" }, "geometry": { "type": "Point", "coordinates": [ 78.6950008, 33.2015519 ] } },
{ "type": "Feature", "properties": { "id": 778, "state": "Ladakh", "state_code": null, "district": "LEH", "district_code": 3.0, "sub_district": null, "sub_district_code": null, "sub_district_type": null, "village": "Sangtha", "village_category": "Rural", "village_code": "6672893515" }, "geometry": { "type": "Point", "coordinates": [ 77.7041596, 33.3177263 ] } },
{ "type": "Feature", "properties": { "id": 779, "state": "Ladakh", "state_code": null, "district": "LEH", "district_code": 3.0, "sub_district": null, "sub_district_code": null, "sub_district_type": null, "village": "Unnamed Hamlet", "village_category": "Rural", "village_code": "6672931539" }, "geometry": { "type": "Point", "coordinates": [ 78.1514086, 34.1776494 ] } },
{ "type": "Feature", "properties": { "id": 780, "state": "Ladakh", "state_code": null, "district": "KARGIL", "district_code": 4.0, "sub_district": null, "sub_district_code": null, "sub_district_type": null, "village": "Lhachutse Lha Khang", "village_category": "Rural", "village_code": "6680182494" }, "geometry": { "type": "Point", "coordinates": [ 76.5574926, 34.224848 ] } },
{ "type": "Feature", "properties": { "id": 781, "state": "Ladakh", "state_code": null, "district": "KARGIL", "district_code": 4.0, "sub_district": null, "sub_district_code": null, "sub_district_type": null, "village": "Apoltan", "village_category": "Rural", "village_code": "6680182740" }, "geometry": { "type": "Point", "coordinates": [ 76.590347, 34.221936 ] } },
{ "type": "Feature", "properties": { "id": 782, "state": "Ladakh", "state_code": null, "district": "LEH", "district_code": 3.0, "sub_district": null, "sub_district_code": null, "sub_district_type": null, "village": "Hemis", "village_category": "Rural", "village_code": "6680199563" }, "geometry": { "type": "Point", "coordinates": [ 77.7039975, 33.9132975 ] } },
{ "type": "Feature", "properties": { "id": 783, "state": "Ladakh", "state_code": null, "district": "LEH", "district_code": 3.0, "sub_district": null, "sub_district_code": null, "sub_district_type": null, "village": "Yul ward", "village_category": "Rural", "village_code": "6685689053" }, "geometry": { "type": "Point", "coordinates": [ 77.4288839, 34.2037922 ] } },
{ "type": "Feature", "properties": { "id": 784, "state": "Ladakh", "state_code": null, "district": "LEH", "district_code": 3.0, "sub_district": null, "sub_district_code": null, "sub_district_type": null, "village": "Gaab Ward", "village_category": "Rural", "village_code": "6685700362" }, "geometry": { "type": "Point", "coordinates": [ 77.4211477, 34.1878364 ] } },
{ "type": "Feature", "properties": { "id": 785, "state": "Ladakh", "state_code": null, "district": "KARGIL", "district_code": 4.0, "sub_district": null, "sub_district_code": null, "sub_district_type": null, "village": "Rejing", "village_category": "Rural", "village_code": "6713639106" }, "geometry": { "type": "Point", "coordinates": [ 76.8659806, 33.5266133 ] } },
{ "type": "Feature", "properties": { "id": 786, "state": "Ladakh", "state_code": null, "district": "LEH", "district_code": 3.0, "sub_district": null, "sub_district_code": null, "sub_district_type": null, "village": "Sapta", "village_category": "Rural", "village_code": "6734875629" }, "geometry": { "type": "Point", "coordinates": [ 77.0343973, 34.2378321 ] } },
{ "type": "Feature", "properties": { "id": 787, "state": "Ladakh", "state_code": null, "district": "LEH", "district_code": 3.0, "sub_district": null, "sub_district_code": null, "sub_district_type": null, "village": "Sanak", "village_category": "Rural", "village_code": "6734883539" }, "geometry": { "type": "Point", "coordinates": [ 77.182416, 34.0577697 ] } },
{ "type": "Feature", "properties": { "id": 788, "state": "Ladakh", "state_code": null, "district": "LEH", "district_code": 3.0, "sub_district": null, "sub_district_code": null, "sub_district_type": null, "village": "Stumpatta", "village_category": "Rural", "village_code": "6734885870" }, "geometry": { "type": "Point", "coordinates": [ 76.8753404, 33.9089936 ] } },
{ "type": "Feature", "properties": { "id": 789, "state": "Ladakh", "state_code": null, "district": "LEH", "district_code": 3.0, "sub_district": null, "sub_district_code": null, "sub_district_type": null, "village": "Debring", "village_category": "Rural", "village_code": "6734889467" }, "geometry": { "type": "Point", "coordinates": [ 76.5994499, 33.9696568 ] } },
{ "type": "Feature", "properties": { "id": 790, "state": "Ladakh", "state_code": null, "district": "KARGIL", "district_code": 4.0, "sub_district": null, "sub_district_code": null, "sub_district_type": null, "village": "Mendhi", "village_category": "Rural", "village_code": "6734893558" }, "geometry": { "type": "Point", "coordinates": [ 76.5947046, 34.1901773 ] } },
{ "type": "Feature", "properties": { "id": 791, "state": "Ladakh", "state_code": null, "district": "LEH", "district_code": 3.0, "sub_district": null, "sub_district_code": null, "sub_district_type": null, "village": "Pogmar", "village_category": "Rural", "village_code": "6734898182" }, "geometry": { "type": "Point", "coordinates": [ 77.7452544, 33.2861632 ] } },
{ "type": "Feature", "properties": { "id": 792, "state": "Ladakh", "state_code": null, "district": "KARGIL", "district_code": 4.0, "sub_district": null, "sub_district_code": null, "sub_district_type": null, "village": "Dumbur", "village_category": "Rural", "village_code": "6734898210" }, "geometry": { "type": "Point", "coordinates": [ 76.6413516, 34.1926761 ] } },
{ "type": "Feature", "properties": { "id": 793, "state": "Ladakh", "state_code": null, "district": "LEH", "district_code": 3.0, "sub_district": null, "sub_district_code": null, "sub_district_type": null, "village": "Ruins", "village_category": "Rural", "village_code": "6734900426" }, "geometry": { "type": "Point", "coordinates": [ 77.5351048, 33.963066 ] } },
{ "type": "Feature", "properties": { "id": 794, "state": "Ladakh", "state_code": null, "district": "LEH", "district_code": 3.0, "sub_district": null, "sub_district_code": null, "sub_district_type": null, "village": "Satak", "village_category": "Rural", "village_code": "6734900867" }, "geometry": { "type": "Point", "coordinates": [ 77.4383247, 33.1942932 ] } },
{ "type": "Feature", "properties": { "id": 795, "state": "Ladakh", "state_code": null, "district": "KARGIL", "district_code": 4.0, "sub_district": null, "sub_district_code": null, "sub_district_type": null, "village": "Yursun", "village_category": "Rural", "village_code": "6734900882" }, "geometry": { "type": "Point", "coordinates": [ 77.3865274, 33.264419 ] } },
{ "type": "Feature", "properties": { "id": 796, "state": "Ladakh", "state_code": null, "district": "LEH", "district_code": 3.0, "sub_district": null, "sub_district_code": null, "sub_district_type": null, "village": "Pinju Phulu", "village_category": "Rural", "village_code": "6734901622" }, "geometry": { "type": "Point", "coordinates": [ 76.9854536, 34.1614814 ] } },
{ "type": "Feature", "properties": { "id": 797, "state": "Ladakh", "state_code": null, "district": "LEH", "district_code": 3.0, "sub_district": null, "sub_district_code": null, "sub_district_type": null, "village": "Hinju Yangse", "village_category": "Rural", "village_code": "6734902240" }, "geometry": { "type": "Point", "coordinates": [ 76.9085114, 34.1957283 ] } },
{ "type": "Feature", "properties": { "id": 798, "state": "Ladakh", "state_code": null, "district": "LEH", "district_code": 3.0, "sub_district": null, "sub_district_code": null, "sub_district_type": null, "village": "Drogulika", "village_category": "Rural", "village_code": "6734903959" }, "geometry": { "type": "Point", "coordinates": [ 77.0692865, 34.1286199 ] } },
{ "type": "Feature", "properties": { "id": 799, "state": "Ladakh", "state_code": null, "district": "LEH", "district_code": 3.0, "sub_district": null, "sub_district_code": null, "sub_district_type": null, "village": "Cattle herder", "village_category": "Rural", "village_code": "6734904868" }, "geometry": { "type": "Point", "coordinates": [ 77.5605612, 33.9297957 ] } },
{ "type": "Feature", "properties": { "id": 800, "state": "Ladakh", "state_code": null, "district": "LEH", "district_code": 3.0, "sub_district": null, "sub_district_code": null, "sub_district_type": null, "village": "Shilakong", "village_category": "Rural", "village_code": "6734905598" }, "geometry": { "type": "Point", "coordinates": [ 76.6880849, 34.1523017 ] } },
{ "type": "Feature", "properties": { "id": 801, "state": "Ladakh", "state_code": null, "district": "KARGIL", "district_code": 4.0, "sub_district": null, "sub_district_code": null, "sub_district_type": null, "village": "Kormoch", "village_category": "Rural", "village_code": "6734908204" }, "geometry": { "type": "Point", "coordinates": [ 77.3795322, 33.2676529 ] } },
{ "type": "Feature", "properties": { "id": 802, "state": "Ladakh", "state_code": null, "district": "LEH", "district_code": 3.0, "sub_district": null, "sub_district_code": null, "sub_district_type": null, "village": "Ta", "village_category": "Rural", "village_code": "6734908481" }, "geometry": { "type": "Point", "coordinates": [ 77.5114422, 33.1290914 ] } },
{ "type": "Feature", "properties": { "id": 803, "state": "Ladakh", "state_code": null, "district": "LEH", "district_code": 3.0, "sub_district": null, "sub_district_code": null, "sub_district_type": null, "village": "Marjak", "village_category": "Rural", "village_code": "6734909979" }, "geometry": { "type": "Point", "coordinates": [ 77.0315577, 34.1457595 ] } },
{ "type": "Feature", "properties": { "id": 804, "state": "Ladakh", "state_code": null, "district": "LEH", "district_code": 3.0, "sub_district": null, "sub_district_code": null, "sub_district_type": null, "village": "Unnamed Isolated_dwelling", "village_category": "Rural", "village_code": "6734910493" }, "geometry": { "type": "Point", "coordinates": [ 77.5063807, 33.9898116 ] } },
{ "type": "Feature", "properties": { "id": 805, "state": "Ladakh", "state_code": null, "district": "KARGIL", "district_code": 4.0, "sub_district": null, "sub_district_code": null, "sub_district_type": null, "village": "Mone Leh", "village_category": "Rural", "village_code": "6734910494" }, "geometry": { "type": "Point", "coordinates": [ 77.4418744, 33.2351333 ] } },
{ "type": "Feature", "properties": { "id": 806, "state": "Ladakh", "state_code": null, "district": "LEH", "district_code": 3.0, "sub_district": null, "sub_district_code": null, "sub_district_type": null, "village": "Laol", "village_category": "Rural", "village_code": "6734910905" }, "geometry": { "type": "Point", "coordinates": [ 77.5027422, 33.129546 ] } },
{ "type": "Feature", "properties": { "id": 807, "state": "Ladakh", "state_code": null, "district": "KARGIL", "district_code": 4.0, "sub_district": null, "sub_district_code": null, "sub_district_type": null, "village": "Marshun", "village_category": "Rural", "village_code": "6734919006" }, "geometry": { "type": "Point", "coordinates": [ 77.3628382, 33.2671237 ] } },
{ "type": "Feature", "properties": { "id": 808, "state": "Ladakh", "state_code": null, "district": "LEH", "district_code": 3.0, "sub_district": null, "sub_district_code": null, "sub_district_type": null, "village": "Djungdjun", "village_category": "Rural", "village_code": "6735143196" }, "geometry": { "type": "Point", "coordinates": [ 77.5416922, 33.1016211 ] } },
{ "type": "Feature", "properties": { "id": 809, "state": "Ladakh", "state_code": null, "district": "LEH", "district_code": 3.0, "sub_district": null, "sub_district_code": null, "sub_district_type": null, "village": "Hanu Gongma", "village_category": "Rural", "village_code": "6756089486" }, "geometry": { "type": "Point", "coordinates": [ 76.6318604, 34.6270752 ] } },
{ "type": "Feature", "properties": { "id": 810, "state": "Ladakh", "state_code": null, "district": "LEH", "district_code": 3.0, "sub_district": null, "sub_district_code": null, "sub_district_type": null, "village": "Hanu Yogma", "village_category": "Rural", "village_code": "6756089585" }, "geometry": { "type": "Point", "coordinates": [ 76.621196, 34.5889093 ] } },
{ "type": "Feature", "properties": { "id": 811, "state": "Ladakh", "state_code": null, "district": "LEH", "district_code": 3.0, "sub_district": null, "sub_district_code": null, "sub_district_type": null, "village": "Yulchung", "village_category": "Rural", "village_code": "6818038447" }, "geometry": { "type": "Point", "coordinates": [ 76.9105516, 33.9269911 ] } },
{ "type": "Feature", "properties": { "id": 812, "state": "Ladakh", "state_code": null, "district": "LEH", "district_code": 3.0, "sub_district": null, "sub_district_code": null, "sub_district_type": null, "village": "Chisumle Post", "village_category": "Rural", "village_code": "6876282042" }, "geometry": { "type": "Point", "coordinates": [ 79.1686532, 32.672995 ] } },
{ "type": "Feature", "properties": { "id": 813, "state": "Ladakh", "state_code": null, "district": "LEH", "district_code": 3.0, "sub_district": null, "sub_district_code": null, "sub_district_type": null, "village": "Yaldor", "village_category": "Rural", "village_code": "7022296613" }, "geometry": { "type": "Point", "coordinates": [ 76.4758737, 34.6750537 ] } },
{ "type": "Feature", "properties": { "id": 814, "state": "Ladakh", "state_code": null, "district": "LEH", "district_code": 3.0, "sub_district": null, "sub_district_code": null, "sub_district_type": null, "village": "Goma Ganoks", "village_category": "Rural", "village_code": "7023643257" }, "geometry": { "type": "Point", "coordinates": [ 76.3322951, 34.7634756 ] } },
{ "type": "Feature", "properties": { "id": 815, "state": "Ladakh", "state_code": null, "district": "LEH", "district_code": 3.0, "sub_district": null, "sub_district_code": null, "sub_district_type": null, "village": "گنوخ", "village_category": "Rural", "village_code": "7023652916" }, "geometry": { "type": "Point", "coordinates": [ 76.3132557, 34.7561306 ] } },
{ "type": "Feature", "properties": { "id": 816, "state": "Ladakh", "state_code": null, "district": "LEH", "district_code": 3.0, "sub_district": null, "sub_district_code": null, "sub_district_type": null, "village": "河岔口", "village_category": "Rural", "village_code": "7096721334" }, "geometry": { "type": "Point", "coordinates": [ 79.5537131, 35.2444084 ] } },
{ "type": "Feature", "properties": { "id": 817, "state": "Ladakh", "state_code": null, "district": "LEH", "district_code": 3.0, "sub_district": null, "sub_district_code": null, "sub_district_type": null, "village": "河西岗", "village_category": "Rural", "village_code": "7096721336" }, "geometry": { "type": "Point", "coordinates": [ 78.4625563, 35.0301958 ] } },
{ "type": "Feature", "properties": { "id": 818, "state": "Ladakh", "state_code": null, "district": "LEH", "district_code": 3.0, "sub_district": null, "sub_district_code": null, "sub_district_type": null, "village": "科塔村", "village_category": "Rural", "village_code": "7097807344" }, "geometry": { "type": "Point", "coordinates": [ 78.8416918, 34.5036605 ] } },
{ "type": "Feature", "properties": { "id": 819, "state": "Ladakh", "state_code": null, "district": "KARGIL", "district_code": 4.0, "sub_district": null, "sub_district_code": null, "sub_district_type": null, "village": "Chibar", "village_category": "Rural", "village_code": "7296806858" }, "geometry": { "type": "Point", "coordinates": [ 76.1344393, 34.2266812 ] } },
{ "type": "Feature", "properties": { "id": 820, "state": "Ladakh", "state_code": null, "district": "LEH", "district_code": 3.0, "sub_district": null, "sub_district_code": null, "sub_district_type": null, "village": "Dungti", "village_category": "Rural", "village_code": "7508597972" }, "geometry": { "type": "Point", "coordinates": [ 78.9580627, 33.1917279 ] } },
{ "type": "Feature", "properties": { "id": 821, "state": "Ladakh", "state_code": null, "district": "LEH", "district_code": 3.0, "sub_district": null, "sub_district_code": null, "sub_district_type": null, "village": "Thangra", "village_category": "Rural", "village_code": "7508609187" }, "geometry": { "type": "Point", "coordinates": [ 78.8806572, 33.2140633 ] } },
{ "type": "Feature", "properties": { "id": 822, "state": "Ladakh", "state_code": null, "district": "LEH", "district_code": 3.0, "sub_district": null, "sub_district_code": null, "sub_district_type": null, "village": "پیون", "village_category": "Rural", "village_code": "7572535111" }, "geometry": { "type": "Point", "coordinates": [ 76.5939475, 34.9467907 ] } },
{ "type": "Feature", "properties": { "id": 823, "state": "Ladakh", "state_code": null, "district": "LEH", "district_code": 3.0, "sub_district": null, "sub_district_code": null, "sub_district_type": null, "village": "پرتوک", "village_category": "Rural", "village_code": "7572535114" }, "geometry": { "type": "Point", "coordinates": [ 76.5837365, 34.9548352 ] } },
{ "type": "Feature", "properties": { "id": 824, "state": "Ladakh", "state_code": null, "district": "LEH", "district_code": 3.0, "sub_district": null, "sub_district_code": null, "sub_district_type": null, "village": "حسن آباد", "village_category": "Rural", "village_code": "7572535115" }, "geometry": { "type": "Point", "coordinates": [ 76.5418135, 34.9712624 ] } },
{ "type": "Feature", "properties": { "id": 825, "state": "Ladakh", "state_code": null, "district": "LEH", "district_code": 3.0, "sub_district": null, "sub_district_code": null, "sub_district_type": null, "village": "Kakstet", "village_category": "Rural", "village_code": "7599905060" }, "geometry": { "type": "Point", "coordinates": [ 78.6166433, 33.7713763 ] } },
{ "type": "Feature", "properties": { "id": 826, "state": "Ladakh", "state_code": null, "district": "KARGIL", "district_code": 4.0, "sub_district": null, "sub_district_code": null, "sub_district_type": null, "village": "Ningri", "village_category": "Rural", "village_code": "7650486885" }, "geometry": { "type": "Point", "coordinates": [ 77.1592355, 33.5483873 ] } },
{ "type": "Feature", "properties": { "id": 827, "state": "Ladakh", "state_code": null, "district": "KARGIL", "district_code": 4.0, "sub_district": null, "sub_district_code": null, "sub_district_type": null, "village": "Kong Lumche", "village_category": "Rural", "village_code": "7650486887" }, "geometry": { "type": "Point", "coordinates": [ 77.1117121, 33.603124 ] } },
{ "type": "Feature", "properties": { "id": 828, "state": "Ladakh", "state_code": null, "district": "KARGIL", "district_code": 4.0, "sub_district": null, "sub_district_code": null, "sub_district_type": null, "village": "Farol", "village_category": "Rural", "village_code": "7658491483" }, "geometry": { "type": "Point", "coordinates": [ 76.1027455, 34.4076886 ] } },
{ "type": "Feature", "properties": { "id": 829, "state": "Ladakh", "state_code": null, "district": "KARGIL", "district_code": 4.0, "sub_district": null, "sub_district_code": null, "sub_district_type": null, "village": "Serjing", "village_category": "Rural", "village_code": "7658533336" }, "geometry": { "type": "Point", "coordinates": [ 76.2764668, 34.3842328 ] } },
{ "type": "Feature", "properties": { "id": 830, "state": "Ladakh", "state_code": null, "district": "KARGIL", "district_code": 4.0, "sub_district": null, "sub_district_code": null, "sub_district_type": null, "village": "Akhonpa", "village_category": "Rural", "village_code": "7658546094" }, "geometry": { "type": "Point", "coordinates": [ 76.1257535, 34.361067 ] } },
{ "type": "Feature", "properties": { "id": 831, "state": "Ladakh", "state_code": null, "district": "KARGIL", "district_code": 4.0, "sub_district": null, "sub_district_code": null, "sub_district_type": null, "village": "Yogmagil", "village_category": "Rural", "village_code": "7658546192" }, "geometry": { "type": "Point", "coordinates": [ 76.1602592, 34.3581025 ] } },
{ "type": "Feature", "properties": { "id": 832, "state": "Ladakh", "state_code": null, "district": "KARGIL", "district_code": 4.0, "sub_district": null, "sub_district_code": null, "sub_district_type": null, "village": "Chaskot", "village_category": "Rural", "village_code": "7658546193" }, "geometry": { "type": "Point", "coordinates": [ 76.2511253, 34.3855122 ] } },
{ "type": "Feature", "properties": { "id": 833, "state": "Ladakh", "state_code": null, "district": "KARGIL", "district_code": 4.0, "sub_district": null, "sub_district_code": null, "sub_district_type": null, "village": "Ralakung Nagama", "village_category": "Rural", "village_code": "7658804811" }, "geometry": { "type": "Point", "coordinates": [ 76.6688096, 33.7769803 ] } },
{ "type": "Feature", "properties": { "id": 834, "state": "Ladakh", "state_code": null, "district": "KARGIL", "district_code": 4.0, "sub_district": null, "sub_district_code": null, "sub_district_type": null, "village": "Ralakung Phima", "village_category": "Rural", "village_code": "7658807192" }, "geometry": { "type": "Point", "coordinates": [ 76.7010069, 33.756596 ] } },
{ "type": "Feature", "properties": { "id": 835, "state": "Ladakh", "state_code": null, "district": "LEH", "district_code": 3.0, "sub_district": null, "sub_district_code": null, "sub_district_type": null, "village": "接所公马", "village_category": "Rural", "village_code": "7667173687" }, "geometry": { "type": "Point", "coordinates": [ 78.8123092, 33.5490898 ] } },
{ "type": "Feature", "properties": { "id": 836, "state": "Ladakh", "state_code": null, "district": "LEH", "district_code": 3.0, "sub_district": null, "sub_district_code": null, "sub_district_type": null, "village": "Riyul Doksa", "village_category": "Rural", "village_code": "7668003414" }, "geometry": { "type": "Point", "coordinates": [ 77.970711, 33.2953012 ] } },
{ "type": "Feature", "properties": { "id": 837, "state": "Ladakh", "state_code": null, "district": "LEH", "district_code": 3.0, "sub_district": null, "sub_district_code": null, "sub_district_type": null, "village": "Pongunagu Doksa", "village_category": "Rural", "village_code": "7668003415" }, "geometry": { "type": "Point", "coordinates": [ 77.9618999, 33.3715047 ] } },
{ "type": "Feature", "properties": { "id": 838, "state": "Ladakh", "state_code": null, "district": "KARGIL", "district_code": 4.0, "sub_district": null, "sub_district_code": null, "sub_district_type": null, "village": "Tantak", "village_category": "Rural", "village_code": "7668003557" }, "geometry": { "type": "Point", "coordinates": [ 77.2527989, 33.3780676 ] } },
{ "type": "Feature", "properties": { "id": 839, "state": "Ladakh", "state_code": null, "district": "LEH", "district_code": 3.0, "sub_district": null, "sub_district_code": null, "sub_district_type": null, "village": "Tsok Mesik", "village_category": "Rural", "village_code": "7668088050" }, "geometry": { "type": "Point", "coordinates": [ 77.5412464, 33.1126084 ] } },
{ "type": "Feature", "properties": { "id": 840, "state": "Ladakh", "state_code": null, "district": "KARGIL", "district_code": 4.0, "sub_district": null, "sub_district_code": null, "sub_district_type": null, "village": "Tichip", "village_category": "Rural", "village_code": "7668088051" }, "geometry": { "type": "Point", "coordinates": [ 77.4329816, 33.2658732 ] } },
{ "type": "Feature", "properties": { "id": 841, "state": "Ladakh", "state_code": null, "district": "LEH", "district_code": 3.0, "sub_district": null, "sub_district_code": null, "sub_district_type": null, "village": "Shingo", "village_category": "Rural", "village_code": "7669938616" }, "geometry": { "type": "Point", "coordinates": [ 77.3055191, 34.0283743 ] } },
{ "type": "Feature", "properties": { "id": 842, "state": "Ladakh", "state_code": null, "district": "LEH", "district_code": 3.0, "sub_district": null, "sub_district_code": null, "sub_district_type": null, "village": "Askuta", "village_category": "Rural", "village_code": "7671195082" }, "geometry": { "type": "Point", "coordinates": [ 76.8839174, 34.110934 ] } },
{ "type": "Feature", "properties": { "id": 843, "state": "Ladakh", "state_code": null, "district": "LEH", "district_code": 3.0, "sub_district": null, "sub_district_code": null, "sub_district_type": null, "village": "Unnamed Isolated_dwelling", "village_category": "Rural", "village_code": "7672006667" }, "geometry": { "type": "Point", "coordinates": [ 78.50109, 33.20093 ] } },
{ "type": "Feature", "properties": { "id": 844, "state": "Ladakh", "state_code": null, "district": "LEH", "district_code": 3.0, "sub_district": null, "sub_district_code": null, "sub_district_type": null, "village": "Lamcho", "village_category": "Rural", "village_code": "7672006669" }, "geometry": { "type": "Point", "coordinates": [ 78.24484, 33.12293 ] } },
{ "type": "Feature", "properties": { "id": 845, "state": "Ladakh", "state_code": null, "district": "LEH", "district_code": 3.0, "sub_district": null, "sub_district_code": null, "sub_district_type": null, "village": "Tsigu", "village_category": "Rural", "village_code": "7672086854" }, "geometry": { "type": "Point", "coordinates": [ 78.05087, 33.76309 ] } },
{ "type": "Feature", "properties": { "id": 846, "state": "Ladakh", "state_code": null, "district": "LEH", "district_code": 3.0, "sub_district": null, "sub_district_code": null, "sub_district_type": null, "village": "Unnamed Isolated_dwelling", "village_category": "Rural", "village_code": "7672086856" }, "geometry": { "type": "Point", "coordinates": [ 78.194021, 33.8344636 ] } },
{ "type": "Feature", "properties": { "id": 847, "state": "Ladakh", "state_code": null, "district": "LEH", "district_code": 3.0, "sub_district": null, "sub_district_code": null, "sub_district_type": null, "village": "Kungyam", "village_category": "Rural", "village_code": "7672164655" }, "geometry": { "type": "Point", "coordinates": [ 78.1048488, 33.6369161 ] } },
{ "type": "Feature", "properties": { "id": 848, "state": "Ladakh", "state_code": null, "district": "LEH", "district_code": 3.0, "sub_district": null, "sub_district_code": null, "sub_district_type": null, "village": "Unnamed Isolated_dwelling", "village_category": "Rural", "village_code": "7672164656" }, "geometry": { "type": "Point", "coordinates": [ 78.1052291, 33.6624383 ] } },
{ "type": "Feature", "properties": { "id": 849, "state": "Ladakh", "state_code": null, "district": "LEH", "district_code": 3.0, "sub_district": null, "sub_district_code": null, "sub_district_type": null, "village": "Unnamed Isolated_dwelling", "village_category": "Rural", "village_code": "7672164658" }, "geometry": { "type": "Point", "coordinates": [ 78.5460019, 33.6338448 ] } },
{ "type": "Feature", "properties": { "id": 850, "state": "Ladakh", "state_code": null, "district": "LEH", "district_code": 3.0, "sub_district": null, "sub_district_code": null, "sub_district_type": null, "village": "Unnamed Isolated_dwelling", "village_category": "Rural", "village_code": "7672164663" }, "geometry": { "type": "Point", "coordinates": [ 78.3191112, 33.7780014 ] } },
{ "type": "Feature", "properties": { "id": 851, "state": "Ladakh", "state_code": null, "district": "KARGIL", "district_code": 4.0, "sub_district": null, "sub_district_code": null, "sub_district_type": null, "village": "Zingchan", "village_category": "Rural", "village_code": "7674742463" }, "geometry": { "type": "Point", "coordinates": [ 76.814003, 33.7927279 ] } },
{ "type": "Feature", "properties": { "id": 852, "state": "Ladakh", "state_code": null, "district": "KARGIL", "district_code": 4.0, "sub_district": null, "sub_district_code": null, "sub_district_type": null, "village": "Changlung", "village_category": "Rural", "village_code": "7674763621" }, "geometry": { "type": "Point", "coordinates": [ 76.6012877, 34.4453972 ] } },
{ "type": "Feature", "properties": { "id": 853, "state": "Ladakh", "state_code": null, "district": "LEH", "district_code": 3.0, "sub_district": null, "sub_district_code": null, "sub_district_type": null, "village": "Nang", "village_category": "Rural", "village_code": "7674763622" }, "geometry": { "type": "Point", "coordinates": [ 77.7642614, 34.0572016 ] } },
{ "type": "Feature", "properties": { "id": 854, "state": "Ladakh", "state_code": null, "district": "LEH", "district_code": 3.0, "sub_district": null, "sub_district_code": null, "sub_district_type": null, "village": "Unnamed Hamlet", "village_category": "Rural", "village_code": "7674763623" }, "geometry": { "type": "Point", "coordinates": [ 77.5740337, 34.2051654 ] } },
{ "type": "Feature", "properties": { "id": 855, "state": "Ladakh", "state_code": null, "district": "LEH", "district_code": 3.0, "sub_district": null, "sub_district_code": null, "sub_district_type": null, "village": "Unnamed Hamlet", "village_category": "Rural", "village_code": "7674763624" }, "geometry": { "type": "Point", "coordinates": [ 77.2279859, 34.3137017 ] } },
{ "type": "Feature", "properties": { "id": 856, "state": "Ladakh", "state_code": null, "district": "LEH", "district_code": 3.0, "sub_district": null, "sub_district_code": null, "sub_district_type": null, "village": "Drok", "village_category": "Rural", "village_code": "7674763625" }, "geometry": { "type": "Point", "coordinates": [ 77.3153803, 34.2976739 ] } },
{ "type": "Feature", "properties": { "id": 857, "state": "Ladakh", "state_code": null, "district": "LEH", "district_code": 3.0, "sub_district": null, "sub_district_code": null, "sub_district_type": null, "village": "Chukirmo", "village_category": "Rural", "village_code": "7690543827" }, "geometry": { "type": "Point", "coordinates": [ 77.6614898, 33.8307562 ] } },
{ "type": "Feature", "properties": { "id": 858, "state": "Ladakh", "state_code": null, "district": "LEH", "district_code": 3.0, "sub_district": null, "sub_district_code": null, "sub_district_type": null, "village": "Chumikgiarsa", "village_category": "Rural", "village_code": "7711223415" }, "geometry": { "type": "Point", "coordinates": [ 77.5940967, 32.9604125 ] } },
{ "type": "Feature", "properties": { "id": 859, "state": "Ladakh", "state_code": null, "district": "LEH", "district_code": 3.0, "sub_district": null, "sub_district_code": null, "sub_district_type": null, "village": "Waru", "village_category": "Rural", "village_code": "7713554419" }, "geometry": { "type": "Point", "coordinates": [ 77.2164761, 34.0779305 ] } },
{ "type": "Feature", "properties": { "id": 860, "state": "Ladakh", "state_code": null, "district": "LEH", "district_code": 3.0, "sub_district": null, "sub_district_code": null, "sub_district_type": null, "village": "Samartse", "village_category": "Rural", "village_code": "7713879711" }, "geometry": { "type": "Point", "coordinates": [ 77.5515896, 33.5227096 ] } },
{ "type": "Feature", "properties": { "id": 861, "state": "Ladakh", "state_code": null, "district": "LEH", "district_code": 3.0, "sub_district": null, "sub_district_code": null, "sub_district_type": null, "village": "Kangmar", "village_category": "Rural", "village_code": "7714143293" }, "geometry": { "type": "Point", "coordinates": [ 78.1735343, 33.4483174 ] } },
{ "type": "Feature", "properties": { "id": 862, "state": "Ladakh", "state_code": null, "district": "LEH", "district_code": 3.0, "sub_district": null, "sub_district_code": null, "sub_district_type": null, "village": "Shiul", "village_category": "Rural", "village_code": "7714143294" }, "geometry": { "type": "Point", "coordinates": [ 78.1698275, 33.4036356 ] } },
{ "type": "Feature", "properties": { "id": 863, "state": "Ladakh", "state_code": null, "district": "LEH", "district_code": 3.0, "sub_district": null, "sub_district_code": null, "sub_district_type": null, "village": "Tarchitdo", "village_category": "Rural", "village_code": "7714157643" }, "geometry": { "type": "Point", "coordinates": [ 77.9617631, 33.7062144 ] } },
{ "type": "Feature", "properties": { "id": 864, "state": "Ladakh", "state_code": null, "district": "LEH", "district_code": 3.0, "sub_district": null, "sub_district_code": null, "sub_district_type": null, "village": "Tarchit", "village_category": "Rural", "village_code": "7714157644" }, "geometry": { "type": "Point", "coordinates": [ 77.9383206, 33.6997612 ] } },
{ "type": "Feature", "properties": { "id": 865, "state": "Ladakh", "state_code": null, "district": "LEH", "district_code": 3.0, "sub_district": null, "sub_district_code": null, "sub_district_type": null, "village": "Unnamed Isolated_dwelling", "village_category": "Rural", "village_code": "7714225617" }, "geometry": { "type": "Point", "coordinates": [ 77.7231525, 33.6833091 ] } },
{ "type": "Feature", "properties": { "id": 866, "state": "Ladakh", "state_code": null, "district": "LEH", "district_code": 3.0, "sub_district": null, "sub_district_code": null, "sub_district_type": null, "village": "Jotak", "village_category": "Rural", "village_code": "7714353353" }, "geometry": { "type": "Point", "coordinates": [ 78.1469965, 34.016313 ] } },
{ "type": "Feature", "properties": { "id": 867, "state": "Ladakh", "state_code": null, "district": "LEH", "district_code": 3.0, "sub_district": null, "sub_district_code": null, "sub_district_type": null, "village": "Pholongley", "village_category": "Rural", "village_code": "7714353354" }, "geometry": { "type": "Point", "coordinates": [ 78.1491154, 33.9952053 ] } },
{ "type": "Feature", "properties": { "id": 868, "state": "Ladakh", "state_code": null, "district": "LEH", "district_code": 3.0, "sub_district": null, "sub_district_code": null, "sub_district_type": null, "village": "Punpun", "village_category": "Rural", "village_code": "7714354680" }, "geometry": { "type": "Point", "coordinates": [ 78.1404841, 34.0697337 ] } },
{ "type": "Feature", "properties": { "id": 869, "state": "Ladakh", "state_code": null, "district": "LEH", "district_code": 3.0, "sub_district": null, "sub_district_code": null, "sub_district_type": null, "village": "Tiense", "village_category": "Rural", "village_code": "7714354682" }, "geometry": { "type": "Point", "coordinates": [ 77.8523183, 33.9990769 ] } },
{ "type": "Feature", "properties": { "id": 870, "state": "Ladakh", "state_code": null, "district": "LEH", "district_code": 3.0, "sub_district": null, "sub_district_code": null, "sub_district_type": null, "village": "Ungla", "village_category": "Rural", "village_code": "7714354683" }, "geometry": { "type": "Point", "coordinates": [ 77.8183669, 34.0259791 ] } },
{ "type": "Feature", "properties": { "id": 871, "state": "Ladakh", "state_code": null, "district": "LEH", "district_code": 3.0, "sub_district": null, "sub_district_code": null, "sub_district_type": null, "village": "Arzu", "village_category": "Rural", "village_code": "7714354684" }, "geometry": { "type": "Point", "coordinates": [ 77.7302349, 34.0847874 ] } },
{ "type": "Feature", "properties": { "id": 872, "state": "Ladakh", "state_code": null, "district": "LEH", "district_code": 3.0, "sub_district": null, "sub_district_code": null, "sub_district_type": null, "village": "Kulung", "village_category": "Rural", "village_code": "7714357085" }, "geometry": { "type": "Point", "coordinates": [ 77.8464657, 33.856041 ] } },
{ "type": "Feature", "properties": { "id": 873, "state": "Ladakh", "state_code": null, "district": "LEH", "district_code": 3.0, "sub_district": null, "sub_district_code": null, "sub_district_type": null, "village": "Taruk", "village_category": "Rural", "village_code": "7714358522" }, "geometry": { "type": "Point", "coordinates": [ 78.1366932, 34.0146264 ] } },
{ "type": "Feature", "properties": { "id": 874, "state": "Ladakh", "state_code": null, "district": "LEH", "district_code": 3.0, "sub_district": null, "sub_district_code": null, "sub_district_type": null, "village": "Surtok", "village_category": "Rural", "village_code": "7716335198" }, "geometry": { "type": "Point", "coordinates": [ 78.418082, 33.9662757 ] } },
{ "type": "Feature", "properties": { "id": 875, "state": "Ladakh", "state_code": null, "district": "LEH", "district_code": 3.0, "sub_district": null, "sub_district_code": null, "sub_district_type": null, "village": "Kargyam Sato", "village_category": "Rural", "village_code": "7716335199" }, "geometry": { "type": "Point", "coordinates": [ 78.2910312, 33.8731178 ] } },
{ "type": "Feature", "properties": { "id": 876, "state": "Ladakh", "state_code": null, "district": "LEH", "district_code": 3.0, "sub_district": null, "sub_district_code": null, "sub_district_type": null, "village": "Unnamed Isolated_dwelling", "village_category": "Rural", "village_code": "7716412529" }, "geometry": { "type": "Point", "coordinates": [ 78.5685646, 33.6239154 ] } },
{ "type": "Feature", "properties": { "id": 877, "state": "Ladakh", "state_code": null, "district": "LEH", "district_code": 3.0, "sub_district": null, "sub_district_code": null, "sub_district_type": null, "village": "Phonka", "village_category": "Rural", "village_code": "7716412531" }, "geometry": { "type": "Point", "coordinates": [ 78.5001522, 33.6071674 ] } },
{ "type": "Feature", "properties": { "id": 878, "state": "Ladakh", "state_code": null, "district": "LEH", "district_code": 3.0, "sub_district": null, "sub_district_code": null, "sub_district_type": null, "village": "Phatmukh", "village_category": "Rural", "village_code": "7716412532" }, "geometry": { "type": "Point", "coordinates": [ 78.4731531, 33.5923287 ] } },
{ "type": "Feature", "properties": { "id": 879, "state": "Ladakh", "state_code": null, "district": "LEH", "district_code": 3.0, "sub_district": null, "sub_district_code": null, "sub_district_type": null, "village": "Chakrate", "village_category": "Rural", "village_code": "7716444140" }, "geometry": { "type": "Point", "coordinates": [ 78.4360367, 33.5692366 ] } },
{ "type": "Feature", "properties": { "id": 880, "state": "Ladakh", "state_code": null, "district": "LEH", "district_code": 3.0, "sub_district": null, "sub_district_code": null, "sub_district_type": null, "village": "Unnamed Isolated_dwelling", "village_category": "Rural", "village_code": "7716444183" }, "geometry": { "type": "Point", "coordinates": [ 78.4584331, 33.6478055 ] } },
{ "type": "Feature", "properties": { "id": 881, "state": "Ladakh", "state_code": null, "district": "LEH", "district_code": 3.0, "sub_district": null, "sub_district_code": null, "sub_district_type": null, "village": "Unnamed Isolated_dwelling", "village_category": "Rural", "village_code": "7716503946" }, "geometry": { "type": "Point", "coordinates": [ 78.6068264, 33.568488 ] } },
{ "type": "Feature", "properties": { "id": 882, "state": "Ladakh", "state_code": null, "district": "LEH", "district_code": 3.0, "sub_district": null, "sub_district_code": null, "sub_district_type": null, "village": "Unnamed Isolated_dwelling", "village_category": "Rural", "village_code": "7716503947" }, "geometry": { "type": "Point", "coordinates": [ 78.5811013, 33.5697685 ] } },
{ "type": "Feature", "properties": { "id": 883, "state": "Ladakh", "state_code": null, "district": "LEH", "district_code": 3.0, "sub_district": null, "sub_district_code": null, "sub_district_type": null, "village": "Unnamed Isolated_dwelling", "village_category": "Rural", "village_code": "7716503948" }, "geometry": { "type": "Point", "coordinates": [ 78.562248, 33.5675471 ] } },
{ "type": "Feature", "properties": { "id": 884, "state": "Ladakh", "state_code": null, "district": "LEH", "district_code": 3.0, "sub_district": null, "sub_district_code": null, "sub_district_type": null, "village": "Unnamed Isolated_dwelling", "village_category": "Rural", "village_code": "7716503949" }, "geometry": { "type": "Point", "coordinates": [ 78.5298711, 33.5410459 ] } },
{ "type": "Feature", "properties": { "id": 885, "state": "Ladakh", "state_code": null, "district": "LEH", "district_code": 3.0, "sub_district": null, "sub_district_code": null, "sub_district_type": null, "village": "Unnamed Isolated_dwelling", "village_category": "Rural", "village_code": "7716522350" }, "geometry": { "type": "Point", "coordinates": [ 78.0506945, 33.9345302 ] } },
{ "type": "Feature", "properties": { "id": 886, "state": "Ladakh", "state_code": null, "district": "LEH", "district_code": 3.0, "sub_district": null, "sub_district_code": null, "sub_district_type": null, "village": "Unnamed Isolated_dwelling", "village_category": "Rural", "village_code": "7716522351" }, "geometry": { "type": "Point", "coordinates": [ 78.0280781, 33.9328745 ] } },
{ "type": "Feature", "properties": { "id": 887, "state": "Ladakh", "state_code": null, "district": "LEH", "district_code": 3.0, "sub_district": null, "sub_district_code": null, "sub_district_type": null, "village": "Unnamed Isolated_dwelling", "village_category": "Rural", "village_code": "7716522352" }, "geometry": { "type": "Point", "coordinates": [ 77.9869759, 33.9289399 ] } },
{ "type": "Feature", "properties": { "id": 888, "state": "Ladakh", "state_code": null, "district": "LEH", "district_code": 3.0, "sub_district": null, "sub_district_code": null, "sub_district_type": null, "village": "Unnamed Isolated_dwelling", "village_category": "Rural", "village_code": "7716522353" }, "geometry": { "type": "Point", "coordinates": [ 78.2489204, 33.7663807 ] } },
{ "type": "Feature", "properties": { "id": 889, "state": "Ladakh", "state_code": null, "district": "LEH", "district_code": 3.0, "sub_district": null, "sub_district_code": null, "sub_district_type": null, "village": "Unnamed Isolated_dwelling", "village_category": "Rural", "village_code": "7716522354" }, "geometry": { "type": "Point", "coordinates": [ 78.2828987, 33.780262 ] } },
{ "type": "Feature", "properties": { "id": 890, "state": "Ladakh", "state_code": null, "district": "LEH", "district_code": 3.0, "sub_district": null, "sub_district_code": null, "sub_district_type": null, "village": "Unnamed Isolated_dwelling", "village_category": "Rural", "village_code": "7716522355" }, "geometry": { "type": "Point", "coordinates": [ 78.3132988, 33.7645033 ] } },
{ "type": "Feature", "properties": { "id": 891, "state": "Ladakh", "state_code": null, "district": "LEH", "district_code": 3.0, "sub_district": null, "sub_district_code": null, "sub_district_type": null, "village": "Unnamed Isolated_dwelling", "village_category": "Rural", "village_code": "7716522356" }, "geometry": { "type": "Point", "coordinates": [ 78.318454, 33.7956568 ] } },
{ "type": "Feature", "properties": { "id": 892, "state": "Ladakh", "state_code": null, "district": "LEH", "district_code": 3.0, "sub_district": null, "sub_district_code": null, "sub_district_type": null, "village": "Unnamed Isolated_dwelling", "village_category": "Rural", "village_code": "7716522357" }, "geometry": { "type": "Point", "coordinates": [ 78.4691352, 33.6557496 ] } },
{ "type": "Feature", "properties": { "id": 893, "state": "Ladakh", "state_code": null, "district": "LEH", "district_code": 3.0, "sub_district": null, "sub_district_code": null, "sub_district_type": null, "village": "Tsultak", "village_category": "Rural", "village_code": "7716681765" }, "geometry": { "type": "Point", "coordinates": [ 78.0082726, 34.1010511 ] } },
{ "type": "Feature", "properties": { "id": 894, "state": "Ladakh", "state_code": null, "district": "LEH", "district_code": 3.0, "sub_district": null, "sub_district_code": null, "sub_district_type": null, "village": "Unnamed Isolated_dwelling", "village_category": "Rural", "village_code": "7716681768" }, "geometry": { "type": "Point", "coordinates": [ 78.0234003, 34.0165354 ] } },
{ "type": "Feature", "properties": { "id": 895, "state": "Ladakh", "state_code": null, "district": "LEH", "district_code": 3.0, "sub_district": null, "sub_district_code": null, "sub_district_type": null, "village": "Unnamed Isolated_dwelling", "village_category": "Rural", "village_code": "7716681769" }, "geometry": { "type": "Point", "coordinates": [ 78.0671364, 33.9411125 ] } },
{ "type": "Feature", "properties": { "id": 896, "state": "Ladakh", "state_code": null, "district": "LEH", "district_code": 3.0, "sub_district": null, "sub_district_code": null, "sub_district_type": null, "village": "Tirido", "village_category": "Rural", "village_code": "7716891857" }, "geometry": { "type": "Point", "coordinates": [ 78.0794617, 33.5851003 ] } },
{ "type": "Feature", "properties": { "id": 897, "state": "Ladakh", "state_code": null, "district": "LEH", "district_code": 3.0, "sub_district": null, "sub_district_code": null, "sub_district_type": null, "village": "Teri Phu", "village_category": "Rural", "village_code": "7716891858" }, "geometry": { "type": "Point", "coordinates": [ 78.0369025, 33.5639935 ] } },
{ "type": "Feature", "properties": { "id": 898, "state": "Ladakh", "state_code": null, "district": "LEH", "district_code": 3.0, "sub_district": null, "sub_district_code": null, "sub_district_type": null, "village": "Unnamed Isolated_dwelling", "village_category": "Rural", "village_code": "7716949669" }, "geometry": { "type": "Point", "coordinates": [ 77.9235631, 33.5291339 ] } },
{ "type": "Feature", "properties": { "id": 899, "state": "Ladakh", "state_code": null, "district": "LEH", "district_code": 3.0, "sub_district": null, "sub_district_code": null, "sub_district_type": null, "village": "Unnamed Isolated_dwelling", "village_category": "Rural", "village_code": "7716949670" }, "geometry": { "type": "Point", "coordinates": [ 78.161813, 33.8445468 ] } },
{ "type": "Feature", "properties": { "id": 900, "state": "Ladakh", "state_code": null, "district": "LEH", "district_code": 3.0, "sub_district": null, "sub_district_code": null, "sub_district_type": null, "village": "Unnamed Isolated_dwelling", "village_category": "Rural", "village_code": "7716949671" }, "geometry": { "type": "Point", "coordinates": [ 78.1988275, 33.8621662 ] } },
{ "type": "Feature", "properties": { "id": 901, "state": "Ladakh", "state_code": null, "district": "LEH", "district_code": 3.0, "sub_district": null, "sub_district_code": null, "sub_district_type": null, "village": "Unnamed Isolated_dwelling", "village_category": "Rural", "village_code": "7716949672" }, "geometry": { "type": "Point", "coordinates": [ 78.1683898, 33.9062344 ] } },
{ "type": "Feature", "properties": { "id": 902, "state": "Ladakh", "state_code": null, "district": "LEH", "district_code": 3.0, "sub_district": null, "sub_district_code": null, "sub_district_type": null, "village": "Unnamed Isolated_dwelling", "village_category": "Rural", "village_code": "7716949673" }, "geometry": { "type": "Point", "coordinates": [ 78.1184578, 33.4477669 ] } },
{ "type": "Feature", "properties": { "id": 903, "state": "Ladakh", "state_code": null, "district": "LEH", "district_code": 3.0, "sub_district": null, "sub_district_code": null, "sub_district_type": null, "village": "Unnamed Isolated_dwelling", "village_category": "Rural", "village_code": "7716949675" }, "geometry": { "type": "Point", "coordinates": [ 78.1243103, 33.4974117 ] } },
{ "type": "Feature", "properties": { "id": 904, "state": "Ladakh", "state_code": null, "district": "LEH", "district_code": 3.0, "sub_district": null, "sub_district_code": null, "sub_district_type": null, "village": "Unnamed Isolated_dwelling", "village_category": "Rural", "village_code": "7716949676" }, "geometry": { "type": "Point", "coordinates": [ 78.1093597, 33.493276 ] } },
{ "type": "Feature", "properties": { "id": 905, "state": "Ladakh", "state_code": null, "district": "LEH", "district_code": 3.0, "sub_district": null, "sub_district_code": null, "sub_district_type": null, "village": "Niggur Doska", "village_category": "Rural", "village_code": "7717057571" }, "geometry": { "type": "Point", "coordinates": [ 78.0405128, 33.325562 ] } },
{ "type": "Feature", "properties": { "id": 906, "state": "Ladakh", "state_code": null, "district": "LEH", "district_code": 3.0, "sub_district": null, "sub_district_code": null, "sub_district_type": null, "village": "Zomulung", "village_category": "Rural", "village_code": "7717057572" }, "geometry": { "type": "Point", "coordinates": [ 78.0637166, 33.3079022 ] } },
{ "type": "Feature", "properties": { "id": 907, "state": "Ladakh", "state_code": null, "district": "LEH", "district_code": 3.0, "sub_district": null, "sub_district_code": null, "sub_district_type": null, "village": "Batilung", "village_category": "Rural", "village_code": "7717057573" }, "geometry": { "type": "Point", "coordinates": [ 78.0510968, 33.3169421 ] } },
{ "type": "Feature", "properties": { "id": 908, "state": "Ladakh", "state_code": null, "district": "LEH", "district_code": 3.0, "sub_district": null, "sub_district_code": null, "sub_district_type": null, "village": "Chushok", "village_category": "Rural", "village_code": "7717057574" }, "geometry": { "type": "Point", "coordinates": [ 77.9967499, 33.2616747 ] } },
{ "type": "Feature", "properties": { "id": 909, "state": "Ladakh", "state_code": null, "district": "LEH", "district_code": 3.0, "sub_district": null, "sub_district_code": null, "sub_district_type": null, "village": "Namdurack Doksa", "village_category": "Rural", "village_code": "7717057575" }, "geometry": { "type": "Point", "coordinates": [ 78.0498254, 33.2410475 ] } },
{ "type": "Feature", "properties": { "id": 910, "state": "Ladakh", "state_code": null, "district": "LEH", "district_code": 3.0, "sub_district": null, "sub_district_code": null, "sub_district_type": null, "village": "Tassapuk Doksa", "village_category": "Rural", "village_code": "7717057576" }, "geometry": { "type": "Point", "coordinates": [ 78.0225903, 33.2491007 ] } },
{ "type": "Feature", "properties": { "id": 911, "state": "Ladakh", "state_code": null, "district": "LEH", "district_code": 3.0, "sub_district": null, "sub_district_code": null, "sub_district_type": null, "village": "Shagarshanle", "village_category": "Rural", "village_code": "7717240271" }, "geometry": { "type": "Point", "coordinates": [ 78.5607254, 32.7081819 ] } },
{ "type": "Feature", "properties": { "id": 912, "state": "Ladakh", "state_code": null, "district": "LEH", "district_code": 3.0, "sub_district": null, "sub_district_code": null, "sub_district_type": null, "village": "Rale Nakpole", "village_category": "Rural", "village_code": "7717412662" }, "geometry": { "type": "Point", "coordinates": [ 78.6196607, 32.9704626 ] } },
{ "type": "Feature", "properties": { "id": 913, "state": "Ladakh", "state_code": null, "district": "LEH", "district_code": 3.0, "sub_district": null, "sub_district_code": null, "sub_district_type": null, "village": "Unnamed Isolated_dwelling", "village_category": "Rural", "village_code": "7717412663" }, "geometry": { "type": "Point", "coordinates": [ 78.5515326, 32.9387555 ] } },
{ "type": "Feature", "properties": { "id": 914, "state": "Ladakh", "state_code": null, "district": "LEH", "district_code": 3.0, "sub_district": null, "sub_district_code": null, "sub_district_type": null, "village": "Chagangle", "village_category": "Rural", "village_code": "7717412664" }, "geometry": { "type": "Point", "coordinates": [ 78.5816216, 32.9190612 ] } },
{ "type": "Feature", "properties": { "id": 915, "state": "Ladakh", "state_code": null, "district": "LEH", "district_code": 3.0, "sub_district": null, "sub_district_code": null, "sub_district_type": null, "village": "Pinak", "village_category": "Rural", "village_code": "7717412665" }, "geometry": { "type": "Point", "coordinates": [ 78.7237385, 33.2575299 ] } },
{ "type": "Feature", "properties": { "id": 916, "state": "Ladakh", "state_code": null, "district": "KARGIL", "district_code": 4.0, "sub_district": null, "sub_district_code": null, "sub_district_type": null, "village": "Unnamed Hamlet", "village_category": "Rural", "village_code": "7717555567" }, "geometry": { "type": "Point", "coordinates": [ 76.1106044, 34.4110433 ] } },
{ "type": "Feature", "properties": { "id": 917, "state": "Ladakh", "state_code": null, "district": "KARGIL", "district_code": 4.0, "sub_district": null, "sub_district_code": null, "sub_district_type": null, "village": "Saraks", "village_category": "Rural", "village_code": "7726246189" }, "geometry": { "type": "Point", "coordinates": [ 76.4758675, 34.3817682 ] } },
{ "type": "Feature", "properties": { "id": 918, "state": "Ladakh", "state_code": null, "district": "KARGIL", "district_code": 4.0, "sub_district": null, "sub_district_code": null, "sub_district_type": null, "village": "Pandos", "village_category": "Rural", "village_code": "7726246190" }, "geometry": { "type": "Point", "coordinates": [ 76.6328734, 34.4542687 ] } },
{ "type": "Feature", "properties": { "id": 919, "state": "Ladakh", "state_code": null, "district": "KARGIL", "district_code": 4.0, "sub_district": null, "sub_district_code": null, "sub_district_type": null, "village": "Chachatapsa", "village_category": "Rural", "village_code": "7726246191" }, "geometry": { "type": "Point", "coordinates": [ 76.6466439, 34.4667041 ] } },
{ "type": "Feature", "properties": { "id": 920, "state": "Ladakh", "state_code": null, "district": "LEH", "district_code": 3.0, "sub_district": null, "sub_district_code": null, "sub_district_type": null, "village": "Laidoh", "village_category": "Rural", "village_code": "7726246192" }, "geometry": { "type": "Point", "coordinates": [ 76.6839212, 34.4439771 ] } },
{ "type": "Feature", "properties": { "id": 921, "state": "Ladakh", "state_code": null, "district": "LEH", "district_code": 3.0, "sub_district": null, "sub_district_code": null, "sub_district_type": null, "village": "Marbuk", "village_category": "Rural", "village_code": "7726246193" }, "geometry": { "type": "Point", "coordinates": [ 76.7269707, 34.4692206 ] } },
{ "type": "Feature", "properties": { "id": 922, "state": "Ladakh", "state_code": null, "district": "LEH", "district_code": 3.0, "sub_district": null, "sub_district_code": null, "sub_district_type": null, "village": "Nunskarliakh", "village_category": "Rural", "village_code": "7726246194" }, "geometry": { "type": "Point", "coordinates": [ 76.7506385, 34.4919762 ] } },
{ "type": "Feature", "properties": { "id": 923, "state": "Ladakh", "state_code": null, "district": "LEH", "district_code": 3.0, "sub_district": null, "sub_district_code": null, "sub_district_type": null, "village": "Thangros", "village_category": "Rural", "village_code": "7726246195" }, "geometry": { "type": "Point", "coordinates": [ 76.819818, 34.4344032 ] } },
{ "type": "Feature", "properties": { "id": 924, "state": "Ladakh", "state_code": null, "district": "LEH", "district_code": 3.0, "sub_district": null, "sub_district_code": null, "sub_district_type": null, "village": "Khargok", "village_category": "Rural", "village_code": "7726253820" }, "geometry": { "type": "Point", "coordinates": [ 76.8540001, 34.4636215 ] } },
{ "type": "Feature", "properties": { "id": 925, "state": "Ladakh", "state_code": null, "district": "LEH", "district_code": 3.0, "sub_district": null, "sub_district_code": null, "sub_district_type": null, "village": "Chanchaks", "village_category": "Rural", "village_code": "7726253821" }, "geometry": { "type": "Point", "coordinates": [ 76.8376786, 34.4578142 ] } },
{ "type": "Feature", "properties": { "id": 926, "state": "Ladakh", "state_code": null, "district": "LEH", "district_code": 3.0, "sub_district": null, "sub_district_code": null, "sub_district_type": null, "village": "Skindiyang", "village_category": "Rural", "village_code": "7726253822" }, "geometry": { "type": "Point", "coordinates": [ 76.9026554, 34.3698479 ] } },
{ "type": "Feature", "properties": { "id": 927, "state": "Ladakh", "state_code": null, "district": "LEH", "district_code": 3.0, "sub_district": null, "sub_district_code": null, "sub_district_type": null, "village": "Tia", "village_category": "Rural", "village_code": "7726253823" }, "geometry": { "type": "Point", "coordinates": [ 76.9700225, 34.345347 ] } },
{ "type": "Feature", "properties": { "id": 928, "state": "Ladakh", "state_code": null, "district": "LEH", "district_code": 3.0, "sub_district": null, "sub_district_code": null, "sub_district_type": null, "village": "Burkchaklangteh", "village_category": "Rural", "village_code": "7726253824" }, "geometry": { "type": "Point", "coordinates": [ 76.9881749, 34.3815455 ] } },
{ "type": "Feature", "properties": { "id": 929, "state": "Ladakh", "state_code": null, "district": "LEH", "district_code": 3.0, "sub_district": null, "sub_district_code": null, "sub_district_type": null, "village": "Zagalnakchan", "village_category": "Rural", "village_code": "7726253825" }, "geometry": { "type": "Point", "coordinates": [ 76.9237268, 34.7388354 ] } },
{ "type": "Feature", "properties": { "id": 930, "state": "Ladakh", "state_code": null, "district": "LEH", "district_code": 3.0, "sub_district": null, "sub_district_code": null, "sub_district_type": null, "village": "Hargam", "village_category": "Rural", "village_code": "7726267638" }, "geometry": { "type": "Point", "coordinates": [ 77.5097891, 34.8072069 ] } },
{ "type": "Feature", "properties": { "id": 931, "state": "Ladakh", "state_code": null, "district": "LEH", "district_code": 3.0, "sub_district": null, "sub_district_code": null, "sub_district_type": null, "village": "Thang", "village_category": "Rural", "village_code": "7726267639" }, "geometry": { "type": "Point", "coordinates": [ 76.7984354, 34.9261847 ] } },
{ "type": "Feature", "properties": { "id": 932, "state": "Ladakh", "state_code": null, "district": "LEH", "district_code": 3.0, "sub_district": null, "sub_district_code": null, "sub_district_type": null, "village": "سکسا", "village_category": "Urban", "village_code": "7726267640" }, "geometry": { "type": "Point", "coordinates": [ 76.6165173, 34.9312748 ] } },
{ "type": "Feature", "properties": { "id": 933, "state": "Ladakh", "state_code": null, "district": "LEH", "district_code": 3.0, "sub_district": null, "sub_district_code": null, "sub_district_type": null, "village": "Bogdang", "village_category": "Rural", "village_code": "7726267641" }, "geometry": { "type": "Point", "coordinates": [ 77.0396841, 34.8052058 ] } },
{ "type": "Feature", "properties": { "id": 934, "state": "Ladakh", "state_code": null, "district": "LEH", "district_code": 3.0, "sub_district": null, "sub_district_code": null, "sub_district_type": null, "village": "Waris", "village_category": "Rural", "village_code": "7726267643" }, "geometry": { "type": "Point", "coordinates": [ 77.1337116, 34.8603079 ] } },
{ "type": "Feature", "properties": { "id": 935, "state": "Ladakh", "state_code": null, "district": "KARGIL", "district_code": 4.0, "sub_district": null, "sub_district_code": null, "sub_district_type": null, "village": "Gogmai", "village_category": "Rural", "village_code": "7726267644" }, "geometry": { "type": "Point", "coordinates": [ 76.5278568, 34.3372835 ] } },
{ "type": "Feature", "properties": { "id": 936, "state": "Ladakh", "state_code": null, "district": "KARGIL", "district_code": 4.0, "sub_district": null, "sub_district_code": null, "sub_district_type": null, "village": "Kurberu", "village_category": "Rural", "village_code": "7726267645" }, "geometry": { "type": "Point", "coordinates": [ 76.4296102, 34.356404 ] } },
{ "type": "Feature", "properties": { "id": 937, "state": "Ladakh", "state_code": null, "district": "LEH", "district_code": 3.0, "sub_district": null, "sub_district_code": null, "sub_district_type": null, "village": "Chunga", "village_category": "Rural", "village_code": "7726345538" }, "geometry": { "type": "Point", "coordinates": [ 76.5604243, 34.882569 ] } },
{ "type": "Feature", "properties": { "id": 938, "state": "Ladakh", "state_code": null, "district": "LEH", "district_code": 3.0, "sub_district": null, "sub_district_code": null, "sub_district_type": null, "village": "Shanglagurmale", "village_category": "Rural", "village_code": "7732055909" }, "geometry": { "type": "Point", "coordinates": [ 78.5916862, 32.7453395 ] } },
{ "type": "Feature", "properties": { "id": 939, "state": "Ladakh", "state_code": null, "district": "LEH", "district_code": 3.0, "sub_district": null, "sub_district_code": null, "sub_district_type": null, "village": "Chhagache", "village_category": "Rural", "village_code": "7804572322" }, "geometry": { "type": "Point", "coordinates": [ 76.7473501, 34.2632019 ] } },
{ "type": "Feature", "properties": { "id": 940, "state": "Ladakh", "state_code": null, "district": "KARGIL", "district_code": 4.0, "sub_district": null, "sub_district_code": null, "sub_district_type": null, "village": "Potortsey", "village_category": "Rural", "village_code": "7804594507" }, "geometry": { "type": "Point", "coordinates": [ 76.6812256, 34.3242154 ] } },
{ "type": "Feature", "properties": { "id": 941, "state": "Ladakh", "state_code": null, "district": "LEH", "district_code": 3.0, "sub_district": null, "sub_district_code": null, "sub_district_type": null, "village": "Unnamed Isolated_dwelling", "village_category": "Rural", "village_code": "7804610962" }, "geometry": { "type": "Point", "coordinates": [ 77.0758402, 34.2318824 ] } },
{ "type": "Feature", "properties": { "id": 942, "state": "Ladakh", "state_code": null, "district": "LEH", "district_code": 3.0, "sub_district": null, "sub_district_code": null, "sub_district_type": null, "village": "Kliamche", "village_category": "Rural", "village_code": "7804610963" }, "geometry": { "type": "Point", "coordinates": [ 77.0568716, 34.2301637 ] } },
{ "type": "Feature", "properties": { "id": 943, "state": "Ladakh", "state_code": null, "district": "LEH", "district_code": 3.0, "sub_district": null, "sub_district_code": null, "sub_district_type": null, "village": "Unnamed Isolated_dwelling", "village_category": "Rural", "village_code": "7804623005" }, "geometry": { "type": "Point", "coordinates": [ 77.1184712, 34.2141844 ] } },
{ "type": "Feature", "properties": { "id": 944, "state": "Ladakh", "state_code": null, "district": "LEH", "district_code": 3.0, "sub_district": null, "sub_district_code": null, "sub_district_type": null, "village": "Sumda Chun", "village_category": "Rural", "village_code": "7804626123" }, "geometry": { "type": "Point", "coordinates": [ 77.1506417, 34.1335293 ] } },
{ "type": "Feature", "properties": { "id": 945, "state": "Ladakh", "state_code": null, "district": "LEH", "district_code": 3.0, "sub_district": null, "sub_district_code": null, "sub_district_type": null, "village": "Unnamed Isolated_dwelling", "village_category": "Rural", "village_code": "7804626124" }, "geometry": { "type": "Point", "coordinates": [ 77.1515697, 34.1995485 ] } },
{ "type": "Feature", "properties": { "id": 946, "state": "Ladakh", "state_code": null, "district": "LEH", "district_code": 3.0, "sub_district": null, "sub_district_code": null, "sub_district_type": null, "village": "تھگس", "village_category": "Urban", "village_code": "7814743461" }, "geometry": { "type": "Point", "coordinates": [ 76.463776, 35.2144905 ] } },
{ "type": "Feature", "properties": { "id": 947, "state": "Ladakh", "state_code": null, "district": "LEH", "district_code": 3.0, "sub_district": null, "sub_district_code": null, "sub_district_type": null, "village": "ڈممبوداس", "village_category": "Urban", "village_code": "7836574086" }, "geometry": { "type": "Point", "coordinates": [ 75.2235347, 35.5989597 ] } },
{ "type": "Feature", "properties": { "id": 948, "state": "Ladakh", "state_code": null, "district": "LEH", "district_code": 3.0, "sub_district": null, "sub_district_code": null, "sub_district_type": null, "village": "Churam", "village_category": "Rural", "village_code": "7859776318" }, "geometry": { "type": "Point", "coordinates": [ 77.6433649, 34.0632649 ] } },
{ "type": "Feature", "properties": { "id": 949, "state": "Ladakh", "state_code": null, "district": "LEH", "district_code": 3.0, "sub_district": null, "sub_district_code": null, "sub_district_type": null, "village": "Killibur", "village_category": "Rural", "village_code": "7859776319" }, "geometry": { "type": "Point", "coordinates": [ 77.6600425, 34.0612352 ] } },
{ "type": "Feature", "properties": { "id": 950, "state": "Ladakh", "state_code": null, "district": "LEH", "district_code": 3.0, "sub_district": null, "sub_district_code": null, "sub_district_type": null, "village": "Nyarma", "village_category": "Rural", "village_code": "7859776320" }, "geometry": { "type": "Point", "coordinates": [ 77.6776994, 34.0401212 ] } },
{ "type": "Feature", "properties": { "id": 951, "state": "Ladakh", "state_code": null, "district": "LEH", "district_code": 3.0, "sub_district": null, "sub_district_code": null, "sub_district_type": null, "village": "Tanglakpurna", "village_category": "Rural", "village_code": "7859776321" }, "geometry": { "type": "Point", "coordinates": [ 77.6836119, 34.023352 ] } },
{ "type": "Feature", "properties": { "id": 952, "state": "Ladakh", "state_code": null, "district": "LEH", "district_code": 3.0, "sub_district": null, "sub_district_code": null, "sub_district_type": null, "village": "Yuluk", "village_category": "Rural", "village_code": "7859776322" }, "geometry": { "type": "Point", "coordinates": [ 77.669567, 34.0220547 ] } },
{ "type": "Feature", "properties": { "id": 953, "state": "Ladakh", "state_code": null, "district": "LEH", "district_code": 3.0, "sub_district": null, "sub_district_code": null, "sub_district_type": null, "village": "Tsanse", "village_category": "Rural", "village_code": "7859776323" }, "geometry": { "type": "Point", "coordinates": [ 77.7202935, 33.9606684 ] } },
{ "type": "Feature", "properties": { "id": 954, "state": "Ladakh", "state_code": null, "district": "LEH", "district_code": 3.0, "sub_district": null, "sub_district_code": null, "sub_district_type": null, "village": "Changga", "village_category": "Rural", "village_code": "7859776324" }, "geometry": { "type": "Point", "coordinates": [ 77.7254733, 33.9344351 ] } },
{ "type": "Feature", "properties": { "id": 955, "state": "Ladakh", "state_code": null, "district": "KARGIL", "district_code": 4.0, "sub_district": null, "sub_district_code": null, "sub_district_type": null, "village": "Khangsar", "village_category": "Rural", "village_code": "7861931290" }, "geometry": { "type": "Point", "coordinates": [ 77.1504748, 33.2378498 ] } },
{ "type": "Feature", "properties": { "id": 956, "state": "Ladakh", "state_code": null, "district": "KARGIL", "district_code": 4.0, "sub_district": null, "sub_district_code": null, "sub_district_type": null, "village": "Garashisa;Phopray", "village_category": "Rural", "village_code": "7861931291" }, "geometry": { "type": "Point", "coordinates": [ 77.0315034, 33.2763451 ] } },
{ "type": "Feature", "properties": { "id": 957, "state": "Ladakh", "state_code": null, "district": "KARGIL", "district_code": 4.0, "sub_district": null, "sub_district_code": null, "sub_district_type": null, "village": "Dorzong", "village_category": "Rural", "village_code": "7861931292" }, "geometry": { "type": "Point", "coordinates": [ 77.0167837, 33.2914698 ] } },
{ "type": "Feature", "properties": { "id": 958, "state": "Ladakh", "state_code": null, "district": "KARGIL", "district_code": 4.0, "sub_district": null, "sub_district_code": null, "sub_district_type": null, "village": "Drag Khar", "village_category": "Rural", "village_code": "7861931293" }, "geometry": { "type": "Point", "coordinates": [ 76.896942, 33.4185047 ] } },
{ "type": "Feature", "properties": { "id": 959, "state": "Ladakh", "state_code": null, "district": "KARGIL", "district_code": 4.0, "sub_district": null, "sub_district_code": null, "sub_district_type": null, "village": "Pibcha", "village_category": "Rural", "village_code": "7861931295" }, "geometry": { "type": "Point", "coordinates": [ 76.933968, 33.3935772 ] } },
{ "type": "Feature", "properties": { "id": 960, "state": "Ladakh", "state_code": null, "district": "KARGIL", "district_code": 4.0, "sub_district": null, "sub_district_code": null, "sub_district_type": null, "village": "Yungshin", "village_category": "Rural", "village_code": "7861975011" }, "geometry": { "type": "Point", "coordinates": [ 77.1952796, 33.1580645 ] } },
{ "type": "Feature", "properties": { "id": 961, "state": "Ladakh", "state_code": null, "district": "KARGIL", "district_code": 4.0, "sub_district": null, "sub_district_code": null, "sub_district_type": null, "village": "Lalung", "village_category": "Rural", "village_code": "7861975012" }, "geometry": { "type": "Point", "coordinates": [ 77.2142096, 33.1253437 ] } },
{ "type": "Feature", "properties": { "id": 962, "state": "Ladakh", "state_code": null, "district": "LEH", "district_code": 3.0, "sub_district": null, "sub_district_code": null, "sub_district_type": null, "village": "Nyerog Phulu", "village_category": "Rural", "village_code": "7862123310" }, "geometry": { "type": "Point", "coordinates": [ 76.9202348, 33.8844057 ] } },
{ "type": "Feature", "properties": { "id": 963, "state": "Ladakh", "state_code": null, "district": "KARGIL", "district_code": 4.0, "sub_district": null, "sub_district_code": null, "sub_district_type": null, "village": "Umakange", "village_category": "Rural", "village_code": "7862123316" }, "geometry": { "type": "Point", "coordinates": [ 76.4582065, 33.7444164 ] } },
{ "type": "Feature", "properties": { "id": 964, "state": "Ladakh", "state_code": null, "district": "KARGIL", "district_code": 4.0, "sub_district": null, "sub_district_code": null, "sub_district_type": null, "village": "Tepuk", "village_category": "Rural", "village_code": "7862123317" }, "geometry": { "type": "Point", "coordinates": [ 76.4990804, 33.720972 ] } },
{ "type": "Feature", "properties": { "id": 965, "state": "Ladakh", "state_code": null, "district": "KARGIL", "district_code": 4.0, "sub_district": null, "sub_district_code": null, "sub_district_type": null, "village": "Chibra", "village_category": "Rural", "village_code": "7862123318" }, "geometry": { "type": "Point", "coordinates": [ 76.5367175, 33.7091118 ] } },
{ "type": "Feature", "properties": { "id": 966, "state": "Ladakh", "state_code": null, "district": "KARGIL", "district_code": 4.0, "sub_district": null, "sub_district_code": null, "sub_district_type": null, "village": "Panting", "village_category": "Rural", "village_code": "7862123319" }, "geometry": { "type": "Point", "coordinates": [ 76.5260078, 33.7102112 ] } },
{ "type": "Feature", "properties": { "id": 967, "state": "Ladakh", "state_code": null, "district": "KARGIL", "district_code": 4.0, "sub_district": null, "sub_district_code": null, "sub_district_type": null, "village": "Kapshu", "village_category": "Rural", "village_code": "7862123320" }, "geometry": { "type": "Point", "coordinates": [ 76.5606903, 33.7007138 ] } },
{ "type": "Feature", "properties": { "id": 968, "state": "Ladakh", "state_code": null, "district": "KARGIL", "district_code": 4.0, "sub_district": null, "sub_district_code": null, "sub_district_type": null, "village": "Pangding", "village_category": "Rural", "village_code": "7862123321" }, "geometry": { "type": "Point", "coordinates": [ 76.5888243, 33.6795179 ] } },
{ "type": "Feature", "properties": { "id": 969, "state": "Ladakh", "state_code": null, "district": "KARGIL", "district_code": 4.0, "sub_district": null, "sub_district_code": null, "sub_district_type": null, "village": "Lumur", "village_category": "Rural", "village_code": "7862123323" }, "geometry": { "type": "Point", "coordinates": [ 76.6057818, 33.6775753 ] } },
{ "type": "Feature", "properties": { "id": 970, "state": "Ladakh", "state_code": null, "district": "KARGIL", "district_code": 4.0, "sub_district": null, "sub_district_code": null, "sub_district_type": null, "village": "Chu Karpo", "village_category": "Rural", "village_code": "7862123324" }, "geometry": { "type": "Point", "coordinates": [ 76.6668287, 33.6304907 ] } },
{ "type": "Feature", "properties": { "id": 971, "state": "Ladakh", "state_code": null, "district": "LEH", "district_code": 3.0, "sub_district": null, "sub_district_code": null, "sub_district_type": null, "village": "Dat", "village_category": "Rural", "village_code": "7862123332" }, "geometry": { "type": "Point", "coordinates": [ 77.5089555, 33.5098511 ] } },
{ "type": "Feature", "properties": { "id": 972, "state": "Ladakh", "state_code": null, "district": "LEH", "district_code": 3.0, "sub_district": null, "sub_district_code": null, "sub_district_type": null, "village": "Langzaling", "village_category": "Rural", "village_code": "7862159995" }, "geometry": { "type": "Point", "coordinates": [ 76.822812, 34.073514 ] } },
{ "type": "Feature", "properties": { "id": 973, "state": "Ladakh", "state_code": null, "district": "LEH", "district_code": 3.0, "sub_district": null, "sub_district_code": null, "sub_district_type": null, "village": "Brugbrugza", "village_category": "Rural", "village_code": "7862159997" }, "geometry": { "type": "Point", "coordinates": [ 76.8514928, 34.2194428 ] } },
{ "type": "Feature", "properties": { "id": 974, "state": "Ladakh", "state_code": null, "district": "LEH", "district_code": 3.0, "sub_district": null, "sub_district_code": null, "sub_district_type": null, "village": "Darshing", "village_category": "Rural", "village_code": "7862159998" }, "geometry": { "type": "Point", "coordinates": [ 76.8378842, 34.2339745 ] } },
{ "type": "Feature", "properties": { "id": 975, "state": "Ladakh", "state_code": null, "district": "LEH", "district_code": 3.0, "sub_district": null, "sub_district_code": null, "sub_district_type": null, "village": "Ayu", "village_category": "Rural", "village_code": "7862189665" }, "geometry": { "type": "Point", "coordinates": [ 77.613088, 34.1247177 ] } },
{ "type": "Feature", "properties": { "id": 976, "state": "Ladakh", "state_code": null, "district": "LEH", "district_code": 3.0, "sub_district": null, "sub_district_code": null, "sub_district_type": null, "village": "Saboo Yoknos", "village_category": "Rural", "village_code": "7862189666" }, "geometry": { "type": "Point", "coordinates": [ 77.6247384, 34.1265809 ] } },
{ "type": "Feature", "properties": { "id": 977, "state": "Ladakh", "state_code": null, "district": "LEH", "district_code": 3.0, "sub_district": null, "sub_district_code": null, "sub_district_type": null, "village": "Chushot Shamma", "village_category": "Rural", "village_code": "7862189667" }, "geometry": { "type": "Point", "coordinates": [ 77.6326655, 34.0515255 ] } },
{ "type": "Feature", "properties": { "id": 978, "state": "Ladakh", "state_code": null, "district": "LEH", "district_code": 3.0, "sub_district": null, "sub_district_code": null, "sub_district_type": null, "village": "Chushot Gongma", "village_category": "Rural", "village_code": "7862189668" }, "geometry": { "type": "Point", "coordinates": [ 77.6519042, 34.039506 ] } },
{ "type": "Feature", "properties": { "id": 979, "state": "Ladakh", "state_code": null, "district": "LEH", "district_code": 3.0, "sub_district": null, "sub_district_code": null, "sub_district_type": null, "village": "Zumchung", "village_category": "Rural", "village_code": "7862189670" }, "geometry": { "type": "Point", "coordinates": [ 77.5794282, 34.0985156 ] } },
{ "type": "Feature", "properties": { "id": 980, "state": "Ladakh", "state_code": null, "district": "LEH", "district_code": 3.0, "sub_district": null, "sub_district_code": null, "sub_district_type": null, "village": "Palam", "village_category": "Rural", "village_code": "7862189671" }, "geometry": { "type": "Point", "coordinates": [ 77.5474201, 34.1065612 ] } },
{ "type": "Feature", "properties": { "id": 981, "state": "Ladakh", "state_code": null, "district": "LEH", "district_code": 3.0, "sub_district": null, "sub_district_code": null, "sub_district_type": null, "village": "Akling", "village_category": "Rural", "village_code": "7862189672" }, "geometry": { "type": "Point", "coordinates": [ 77.5549111, 34.1150248 ] } },
{ "type": "Feature", "properties": { "id": 982, "state": "Ladakh", "state_code": null, "district": "LEH", "district_code": 3.0, "sub_district": null, "sub_district_code": null, "sub_district_type": null, "village": "Surchungchan", "village_category": "Rural", "village_code": "7862189673" }, "geometry": { "type": "Point", "coordinates": [ 77.5055199, 34.126901 ] } },
{ "type": "Feature", "properties": { "id": 983, "state": "Ladakh", "state_code": null, "district": "LEH", "district_code": 3.0, "sub_district": null, "sub_district_code": null, "sub_district_type": null, "village": "Pharka", "village_category": "Rural", "village_code": "7862189674" }, "geometry": { "type": "Point", "coordinates": [ 77.5097006, 34.1222558 ] } },
{ "type": "Feature", "properties": { "id": 984, "state": "Ladakh", "state_code": null, "district": "LEH", "district_code": 3.0, "sub_district": null, "sub_district_code": null, "sub_district_type": null, "village": "Zhogong", "village_category": "Rural", "village_code": "7862189675" }, "geometry": { "type": "Point", "coordinates": [ 77.4907549, 34.1758082 ] } },
{ "type": "Feature", "properties": { "id": 985, "state": "Ladakh", "state_code": null, "district": "LEH", "district_code": 3.0, "sub_district": null, "sub_district_code": null, "sub_district_type": null, "village": "Doklo", "village_category": "Rural", "village_code": "7862189676" }, "geometry": { "type": "Point", "coordinates": [ 77.4752422, 34.1639144 ] } },
{ "type": "Feature", "properties": { "id": 986, "state": "Ladakh", "state_code": null, "district": "LEH", "district_code": 3.0, "sub_district": null, "sub_district_code": null, "sub_district_type": null, "village": "Mankang", "village_category": "Rural", "village_code": "7862189677" }, "geometry": { "type": "Point", "coordinates": [ 77.4805355, 34.1750782 ] } },
{ "type": "Feature", "properties": { "id": 987, "state": "Ladakh", "state_code": null, "district": "LEH", "district_code": 3.0, "sub_district": null, "sub_district_code": null, "sub_district_type": null, "village": "Taru", "village_category": "Rural", "village_code": "7862189678" }, "geometry": { "type": "Point", "coordinates": [ 77.4247932, 34.1987687 ] } },
{ "type": "Feature", "properties": { "id": 988, "state": "Ladakh", "state_code": null, "district": "LEH", "district_code": 3.0, "sub_district": null, "sub_district_code": null, "sub_district_type": null, "village": "Nasho", "village_category": "Rural", "village_code": "7862189679" }, "geometry": { "type": "Point", "coordinates": [ 77.2717012, 34.2293605 ] } },
{ "type": "Feature", "properties": { "id": 989, "state": "Ladakh", "state_code": null, "district": "LEH", "district_code": 3.0, "sub_district": null, "sub_district_code": null, "sub_district_type": null, "village": "Tantok", "village_category": "Rural", "village_code": "7862189680" }, "geometry": { "type": "Point", "coordinates": [ 77.2815888, 34.211742 ] } },
{ "type": "Feature", "properties": { "id": 990, "state": "Ladakh", "state_code": null, "district": "LEH", "district_code": 3.0, "sub_district": null, "sub_district_code": null, "sub_district_type": null, "village": "Machanka", "village_category": "Rural", "village_code": "7862189681" }, "geometry": { "type": "Point", "coordinates": [ 77.2787353, 34.2041106 ] } },
{ "type": "Feature", "properties": { "id": 991, "state": "Ladakh", "state_code": null, "district": "LEH", "district_code": 3.0, "sub_district": null, "sub_district_code": null, "sub_district_type": null, "village": "Sasa", "village_category": "Rural", "village_code": "7862189682" }, "geometry": { "type": "Point", "coordinates": [ 77.2898174, 34.210083 ] } },
{ "type": "Feature", "properties": { "id": 992, "state": "Ladakh", "state_code": null, "district": "LEH", "district_code": 3.0, "sub_district": null, "sub_district_code": null, "sub_district_type": null, "village": "Tsogra", "village_category": "Rural", "village_code": "7862195656" }, "geometry": { "type": "Point", "coordinates": [ 77.49613, 33.6006014 ] } },
{ "type": "Feature", "properties": { "id": 993, "state": "Ladakh", "state_code": null, "district": "KARGIL", "district_code": 4.0, "sub_district": null, "sub_district_code": null, "sub_district_type": null, "village": "Marutse", "village_category": "Rural", "village_code": "7862244474" }, "geometry": { "type": "Point", "coordinates": [ 76.6715755, 33.6315425 ] } },
{ "type": "Feature", "properties": { "id": 994, "state": "Ladakh", "state_code": null, "district": "KARGIL", "district_code": 4.0, "sub_district": null, "sub_district_code": null, "sub_district_type": null, "village": "Denya", "village_category": "Rural", "village_code": "7862244475" }, "geometry": { "type": "Point", "coordinates": [ 76.6698655, 33.6287645 ] } },
{ "type": "Feature", "properties": { "id": 995, "state": "Ladakh", "state_code": null, "district": "KARGIL", "district_code": 4.0, "sub_district": null, "sub_district_code": null, "sub_district_type": null, "village": "Philitang", "village_category": "Rural", "village_code": "7862244476" }, "geometry": { "type": "Point", "coordinates": [ 76.6787594, 33.6271887 ] } },
{ "type": "Feature", "properties": { "id": 996, "state": "Ladakh", "state_code": null, "district": "KARGIL", "district_code": 4.0, "sub_district": null, "sub_district_code": null, "sub_district_type": null, "village": "Rimala", "village_category": "Rural", "village_code": "7862244477" }, "geometry": { "type": "Point", "coordinates": [ 76.6742827, 33.6360911 ] } },
{ "type": "Feature", "properties": { "id": 997, "state": "Ladakh", "state_code": null, "district": "KARGIL", "district_code": 4.0, "sub_district": null, "sub_district_code": null, "sub_district_type": null, "village": "Tanktar", "village_category": "Rural", "village_code": "7862244478" }, "geometry": { "type": "Point", "coordinates": [ 76.7122266, 33.6015491 ] } },
{ "type": "Feature", "properties": { "id": 998, "state": "Ladakh", "state_code": null, "district": "KARGIL", "district_code": 4.0, "sub_district": null, "sub_district_code": null, "sub_district_type": null, "village": "Detung", "village_category": "Rural", "village_code": "7862244480" }, "geometry": { "type": "Point", "coordinates": [ 76.7514901, 33.5688648 ] } },
{ "type": "Feature", "properties": { "id": 999, "state": "Ladakh", "state_code": null, "district": "KARGIL", "district_code": 4.0, "sub_district": null, "sub_district_code": null, "sub_district_type": null, "village": "Dethang", "village_category": "Rural", "village_code": "7862244481" }, "geometry": { "type": "Point", "coordinates": [ 76.7662883, 33.5564224 ] } },
{ "type": "Feature", "properties": { "id": 1000, "state": "Ladakh", "state_code": null, "district": "KARGIL", "district_code": 4.0, "sub_district": null, "sub_district_code": null, "sub_district_type": null, "village": "Shagar", "village_category": "Rural", "village_code": "7862244482" }, "geometry": { "type": "Point", "coordinates": [ 76.7624093, 33.5478829 ] } },
{ "type": "Feature", "properties": { "id": 1001, "state": "Ladakh", "state_code": null, "district": "KARGIL", "district_code": 4.0, "sub_district": null, "sub_district_code": null, "sub_district_type": null, "village": "Markim", "village_category": "Rural", "village_code": "7862244483" }, "geometry": { "type": "Point", "coordinates": [ 76.7709307, 33.5347455 ] } },
{ "type": "Feature", "properties": { "id": 1002, "state": "Ladakh", "state_code": null, "district": "KARGIL", "district_code": 4.0, "sub_district": null, "sub_district_code": null, "sub_district_type": null, "village": "Tungri", "village_category": "Rural", "village_code": "7862244484" }, "geometry": { "type": "Point", "coordinates": [ 76.7885651, 33.5363673 ] } },
{ "type": "Feature", "properties": { "id": 1003, "state": "Ladakh", "state_code": null, "district": "KARGIL", "district_code": 4.0, "sub_district": null, "sub_district_code": null, "sub_district_type": null, "village": "Uparang", "village_category": "Rural", "village_code": "7862246785" }, "geometry": { "type": "Point", "coordinates": [ 76.8517598, 33.4643647 ] } },
{ "type": "Feature", "properties": { "id": 1004, "state": "Ladakh", "state_code": null, "district": "KARGIL", "district_code": 4.0, "sub_district": null, "sub_district_code": null, "sub_district_type": null, "village": "Photang", "village_category": "Rural", "village_code": "7862246786" }, "geometry": { "type": "Point", "coordinates": [ 76.8758313, 33.4538434 ] } },
{ "type": "Feature", "properties": { "id": 1005, "state": "Ladakh", "state_code": null, "district": "KARGIL", "district_code": 4.0, "sub_district": null, "sub_district_code": null, "sub_district_type": null, "village": "Taran", "village_category": "Rural", "village_code": "7862246787" }, "geometry": { "type": "Point", "coordinates": [ 76.8424328, 33.4842761 ] } },
{ "type": "Feature", "properties": { "id": 1006, "state": "Ladakh", "state_code": null, "district": "LEH", "district_code": 3.0, "sub_district": null, "sub_district_code": null, "sub_district_type": null, "village": "Skyangchu Karu", "village_category": "Rural", "village_code": "7862246791" }, "geometry": { "type": "Point", "coordinates": [ 77.5531675, 33.4547305 ] } },
{ "type": "Feature", "properties": { "id": 1007, "state": "Ladakh", "state_code": null, "district": "LEH", "district_code": 3.0, "sub_district": null, "sub_district_code": null, "sub_district_type": null, "village": "S Phu", "village_category": "Rural", "village_code": "7862260203" }, "geometry": { "type": "Point", "coordinates": [ 77.6547465, 34.1472901 ] } },
{ "type": "Feature", "properties": { "id": 1008, "state": "Ladakh", "state_code": null, "district": "KARGIL", "district_code": 4.0, "sub_district": null, "sub_district_code": null, "sub_district_type": null, "village": "Kuthakcha", "village_category": "Rural", "village_code": "7862272949" }, "geometry": { "type": "Point", "coordinates": [ 76.586456, 34.2055666 ] } },
{ "type": "Feature", "properties": { "id": 1009, "state": "Ladakh", "state_code": null, "district": "KARGIL", "district_code": 4.0, "sub_district": null, "sub_district_code": null, "sub_district_type": null, "village": "Kelcha", "village_category": "Rural", "village_code": "7862272950" }, "geometry": { "type": "Point", "coordinates": [ 76.5778672, 34.2068903 ] } },
{ "type": "Feature", "properties": { "id": 1010, "state": "Ladakh", "state_code": null, "district": "LEH", "district_code": 3.0, "sub_district": null, "sub_district_code": null, "sub_district_type": null, "village": "Rumtse", "village_category": "Rural", "village_code": "7862338104" }, "geometry": { "type": "Point", "coordinates": [ 77.7550932, 33.6318671 ] } },
{ "type": "Feature", "properties": { "id": 1011, "state": "Ladakh", "state_code": null, "district": "LEH", "district_code": 3.0, "sub_district": null, "sub_district_code": null, "sub_district_type": null, "village": "Zara", "village_category": "Rural", "village_code": "7862338106" }, "geometry": { "type": "Point", "coordinates": [ 77.818788, 33.4106133 ] } },
{ "type": "Feature", "properties": { "id": 1012, "state": "Ladakh", "state_code": null, "district": "LEH", "district_code": 3.0, "sub_district": null, "sub_district_code": null, "sub_district_type": null, "village": "Phelung", "village_category": "Rural", "village_code": "7862338107" }, "geometry": { "type": "Point", "coordinates": [ 78.5416188, 33.3991614 ] } },
{ "type": "Feature", "properties": { "id": 1013, "state": "Ladakh", "state_code": null, "district": "LEH", "district_code": 3.0, "sub_district": null, "sub_district_code": null, "sub_district_type": null, "village": "Soktijumle", "village_category": "Rural", "village_code": "7862338109" }, "geometry": { "type": "Point", "coordinates": [ 78.6228443, 33.5653435 ] } },
{ "type": "Feature", "properties": { "id": 1014, "state": "Ladakh", "state_code": null, "district": "LEH", "district_code": 3.0, "sub_district": null, "sub_district_code": null, "sub_district_type": null, "village": "Nama", "village_category": "Rural", "village_code": "7862338111" }, "geometry": { "type": "Point", "coordinates": [ 78.6344992, 33.6112688 ] } },
{ "type": "Feature", "properties": { "id": 1015, "state": "Ladakh", "state_code": null, "district": "LEH", "district_code": 3.0, "sub_district": null, "sub_district_code": null, "sub_district_type": null, "village": "Lamle", "village_category": "Rural", "village_code": "7862338112" }, "geometry": { "type": "Point", "coordinates": [ 78.6591676, 33.6838738 ] } },
{ "type": "Feature", "properties": { "id": 1016, "state": "Ladakh", "state_code": null, "district": "LEH", "district_code": 3.0, "sub_district": null, "sub_district_code": null, "sub_district_type": null, "village": "Neting", "village_category": "Rural", "village_code": "7862338114" }, "geometry": { "type": "Point", "coordinates": [ 78.4163082, 34.005811 ] } },
{ "type": "Feature", "properties": { "id": 1017, "state": "Ladakh", "state_code": null, "district": "LEH", "district_code": 3.0, "sub_district": null, "sub_district_code": null, "sub_district_type": null, "village": "Tablang", "village_category": "Rural", "village_code": "7862338115" }, "geometry": { "type": "Point", "coordinates": [ 78.4277347, 34.0354189 ] } },
{ "type": "Feature", "properties": { "id": 1018, "state": "Ladakh", "state_code": null, "district": "LEH", "district_code": 3.0, "sub_district": null, "sub_district_code": null, "sub_district_type": null, "village": "Iks", "village_category": "Rural", "village_code": "7862338134" }, "geometry": { "type": "Point", "coordinates": [ 77.9429864, 33.7817116 ] } },
{ "type": "Feature", "properties": { "id": 1019, "state": "Ladakh", "state_code": null, "district": "LEH", "district_code": 3.0, "sub_district": null, "sub_district_code": null, "sub_district_type": null, "village": "Tunah", "village_category": "Rural", "village_code": "7862338135" }, "geometry": { "type": "Point", "coordinates": [ 77.863968, 33.7676745 ] } },
{ "type": "Feature", "properties": { "id": 1020, "state": "Ladakh", "state_code": null, "district": "LEH", "district_code": 3.0, "sub_district": null, "sub_district_code": null, "sub_district_type": null, "village": "Skarnos", "village_category": "Rural", "village_code": "7862338136" }, "geometry": { "type": "Point", "coordinates": [ 77.9050391, 33.8066818 ] } },
{ "type": "Feature", "properties": { "id": 1021, "state": "Ladakh", "state_code": null, "district": "LEH", "district_code": 3.0, "sub_district": null, "sub_district_code": null, "sub_district_type": null, "village": "Zando", "village_category": "Rural", "village_code": "7862338137" }, "geometry": { "type": "Point", "coordinates": [ 77.7863927, 33.8914332 ] } },
{ "type": "Feature", "properties": { "id": 1022, "state": "Ladakh", "state_code": null, "district": "LEH", "district_code": 3.0, "sub_district": null, "sub_district_code": null, "sub_district_type": null, "village": "Pokche", "village_category": "Rural", "village_code": "7862338138" }, "geometry": { "type": "Point", "coordinates": [ 77.7849813, 33.894845 ] } },
{ "type": "Feature", "properties": { "id": 1023, "state": "Ladakh", "state_code": null, "district": "LEH", "district_code": 3.0, "sub_district": null, "sub_district_code": null, "sub_district_type": null, "village": "Gorkog", "village_category": "Rural", "village_code": "7862338139" }, "geometry": { "type": "Point", "coordinates": [ 77.8157802, 33.9082043 ] } },
{ "type": "Feature", "properties": { "id": 1024, "state": "Ladakh", "state_code": null, "district": "LEH", "district_code": 3.0, "sub_district": null, "sub_district_code": null, "sub_district_type": null, "village": "Kyaro", "village_category": "Rural", "village_code": "7862338140" }, "geometry": { "type": "Point", "coordinates": [ 77.8069464, 33.9038219 ] } },
{ "type": "Feature", "properties": { "id": 1025, "state": "Ladakh", "state_code": null, "district": "LEH", "district_code": 3.0, "sub_district": null, "sub_district_code": null, "sub_district_type": null, "village": "Mirutse", "village_category": "Rural", "village_code": "7862338141" }, "geometry": { "type": "Point", "coordinates": [ 77.6510555, 33.9691921 ] } },
{ "type": "Feature", "properties": { "id": 1026, "state": "Ladakh", "state_code": null, "district": "LEH", "district_code": 3.0, "sub_district": null, "sub_district_code": null, "sub_district_type": null, "village": "Yutti", "village_category": "Rural", "village_code": "7862568265" }, "geometry": { "type": "Point", "coordinates": [ 78.1542688, 33.271807 ] } },
{ "type": "Feature", "properties": { "id": 1027, "state": "Ladakh", "state_code": null, "district": "LEH", "district_code": 3.0, "sub_district": null, "sub_district_code": null, "sub_district_type": null, "village": "Tibra", "village_category": "Rural", "village_code": "7862568266" }, "geometry": { "type": "Point", "coordinates": [ 78.0191335, 33.3800123 ] } },
{ "type": "Feature", "properties": { "id": 1028, "state": "Ladakh", "state_code": null, "district": "LEH", "district_code": 3.0, "sub_district": null, "sub_district_code": null, "sub_district_type": null, "village": "Khumbule", "village_category": "Rural", "village_code": "7862600895" }, "geometry": { "type": "Point", "coordinates": [ 78.8456968, 33.0653222 ] } },
{ "type": "Feature", "properties": { "id": 1029, "state": "Ladakh", "state_code": null, "district": "LEH", "district_code": 3.0, "sub_district": null, "sub_district_code": null, "sub_district_type": null, "village": "Loma", "village_category": "Rural", "village_code": "7862600896" }, "geometry": { "type": "Point", "coordinates": [ 78.8392079, 33.1436156 ] } },
{ "type": "Feature", "properties": { "id": 1030, "state": "Ladakh", "state_code": null, "district": "LEH", "district_code": 3.0, "sub_district": null, "sub_district_code": null, "sub_district_type": null, "village": "Surlam", "village_category": "Rural", "village_code": "7862629535" }, "geometry": { "type": "Point", "coordinates": [ 77.9856866, 33.1901805 ] } },
{ "type": "Feature", "properties": { "id": 1031, "state": "Ladakh", "state_code": null, "district": "LEH", "district_code": 3.0, "sub_district": null, "sub_district_code": null, "sub_district_type": null, "village": "Lezambo", "village_category": "Rural", "village_code": "7862629536" }, "geometry": { "type": "Point", "coordinates": [ 78.0034315, 33.1923303 ] } },
{ "type": "Feature", "properties": { "id": 1032, "state": "Ladakh", "state_code": null, "district": "LEH", "district_code": 3.0, "sub_district": null, "sub_district_code": null, "sub_district_type": null, "village": "Horlam", "village_category": "Rural", "village_code": "7862629537" }, "geometry": { "type": "Point", "coordinates": [ 78.019798, 33.1855007 ] } },
{ "type": "Feature", "properties": { "id": 1033, "state": "Ladakh", "state_code": null, "district": "LEH", "district_code": 3.0, "sub_district": null, "sub_district_code": null, "sub_district_type": null, "village": "Ronggo", "village_category": "Rural", "village_code": "7862629538" }, "geometry": { "type": "Point", "coordinates": [ 78.8357568, 33.1156075 ] } },
{ "type": "Feature", "properties": { "id": 1034, "state": "Ladakh", "state_code": null, "district": "LEH", "district_code": 3.0, "sub_district": null, "sub_district_code": null, "sub_district_type": null, "village": "Chorgogle", "village_category": "Rural", "village_code": "7862629542" }, "geometry": { "type": "Point", "coordinates": [ 78.8634834, 33.3228671 ] } },
{ "type": "Feature", "properties": { "id": 1035, "state": "Ladakh", "state_code": null, "district": "LEH", "district_code": 3.0, "sub_district": null, "sub_district_code": null, "sub_district_type": null, "village": "Shushut", "village_category": "Rural", "village_code": "7862720897" }, "geometry": { "type": "Point", "coordinates": [ 77.0776443, 34.3021037 ] } },
{ "type": "Feature", "properties": { "id": 1036, "state": "Ladakh", "state_code": null, "district": "LEH", "district_code": 3.0, "sub_district": null, "sub_district_code": null, "sub_district_type": null, "village": "Changmar", "village_category": "Rural", "village_code": "7862720898" }, "geometry": { "type": "Point", "coordinates": [ 77.1245526, 34.7671562 ] } },
{ "type": "Feature", "properties": { "id": 1037, "state": "Ladakh", "state_code": null, "district": "LEH", "district_code": 3.0, "sub_district": null, "sub_district_code": null, "sub_district_type": null, "village": "Hadangbrok", "village_category": "Rural", "village_code": "7862720899" }, "geometry": { "type": "Point", "coordinates": [ 76.6450461, 34.6843754 ] } },
{ "type": "Feature", "properties": { "id": 1038, "state": "Ladakh", "state_code": null, "district": "LEH", "district_code": 3.0, "sub_district": null, "sub_district_code": null, "sub_district_type": null, "village": "Hangdonsmin", "village_category": "Rural", "village_code": "7862720900" }, "geometry": { "type": "Point", "coordinates": [ 76.6424128, 34.6611498 ] } },
{ "type": "Feature", "properties": { "id": 1039, "state": "Ladakh", "state_code": null, "district": "LEH", "district_code": 3.0, "sub_district": null, "sub_district_code": null, "sub_district_type": null, "village": "Chucharung", "village_category": "Rural", "village_code": "7862720901" }, "geometry": { "type": "Point", "coordinates": [ 76.5004989, 34.6911763 ] } },
{ "type": "Feature", "properties": { "id": 1040, "state": "Ladakh", "state_code": null, "district": "KARGIL", "district_code": 4.0, "sub_district": null, "sub_district_code": null, "sub_district_type": null, "village": "Posa", "village_category": "Rural", "village_code": "7862720902" }, "geometry": { "type": "Point", "coordinates": [ 76.5508145, 34.5687444 ] } },
{ "type": "Feature", "properties": { "id": 1041, "state": "Ladakh", "state_code": null, "district": "KARGIL", "district_code": 4.0, "sub_district": null, "sub_district_code": null, "sub_district_type": null, "village": "Mangshundo", "village_category": "Rural", "village_code": "7862720903" }, "geometry": { "type": "Point", "coordinates": [ 76.50565, 34.5597346 ] } },
{ "type": "Feature", "properties": { "id": 1042, "state": "Ladakh", "state_code": null, "district": "KARGIL", "district_code": 4.0, "sub_district": null, "sub_district_code": null, "sub_district_type": null, "village": "Talmado", "village_category": "Rural", "village_code": "7862720904" }, "geometry": { "type": "Point", "coordinates": [ 76.4955792, 34.5402567 ] } },
{ "type": "Feature", "properties": { "id": 1043, "state": "Ladakh", "state_code": null, "district": "KARGIL", "district_code": 4.0, "sub_district": null, "sub_district_code": null, "sub_district_type": null, "village": "Kusuchey", "village_category": "Rural", "village_code": "7862720905" }, "geometry": { "type": "Point", "coordinates": [ 76.4713495, 34.5077315 ] } },
{ "type": "Feature", "properties": { "id": 1044, "state": "Ladakh", "state_code": null, "district": "KARGIL", "district_code": 4.0, "sub_district": null, "sub_district_code": null, "sub_district_type": null, "village": "Chomortan", "village_category": "Rural", "village_code": "7862720906" }, "geometry": { "type": "Point", "coordinates": [ 76.4913253, 34.4950237 ] } },
{ "type": "Feature", "properties": { "id": 1045, "state": "Ladakh", "state_code": null, "district": "KARGIL", "district_code": 4.0, "sub_district": null, "sub_district_code": null, "sub_district_type": null, "village": "Mamor", "village_category": "Rural", "village_code": "7862720907" }, "geometry": { "type": "Point", "coordinates": [ 76.4886804, 34.4881177 ] } },
{ "type": "Feature", "properties": { "id": 1046, "state": "Ladakh", "state_code": null, "district": "KARGIL", "district_code": 4.0, "sub_district": null, "sub_district_code": null, "sub_district_type": null, "village": "Churtanchan", "village_category": "Rural", "village_code": "7862720908" }, "geometry": { "type": "Point", "coordinates": [ 76.4965718, 34.4828154 ] } },
{ "type": "Feature", "properties": { "id": 1047, "state": "Ladakh", "state_code": null, "district": "KARGIL", "district_code": 4.0, "sub_district": null, "sub_district_code": null, "sub_district_type": null, "village": "Tagmatan", "village_category": "Rural", "village_code": "7862720909" }, "geometry": { "type": "Point", "coordinates": [ 76.504009, 34.4715417 ] } },
{ "type": "Feature", "properties": { "id": 1048, "state": "Ladakh", "state_code": null, "district": "KARGIL", "district_code": 4.0, "sub_district": null, "sub_district_code": null, "sub_district_type": null, "village": "Chulichan", "village_category": "Rural", "village_code": "7862720910" }, "geometry": { "type": "Point", "coordinates": [ 76.5236722, 34.4298596 ] } },
{ "type": "Feature", "properties": { "id": 1049, "state": "Ladakh", "state_code": null, "district": "KARGIL", "district_code": 4.0, "sub_district": null, "sub_district_code": null, "sub_district_type": null, "village": "Pargue", "village_category": "Rural", "village_code": "7862720911" }, "geometry": { "type": "Point", "coordinates": [ 76.5201719, 34.420394 ] } },
{ "type": "Feature", "properties": { "id": 1050, "state": "Ladakh", "state_code": null, "district": "LEH", "district_code": 3.0, "sub_district": null, "sub_district_code": null, "sub_district_type": null, "village": "Fatha", "village_category": "Rural", "village_code": "7862828521" }, "geometry": { "type": "Point", "coordinates": [ 77.8681444, 34.4360604 ] } },
{ "type": "Feature", "properties": { "id": 1051, "state": "Ladakh", "state_code": null, "district": "LEH", "district_code": 3.0, "sub_district": null, "sub_district_code": null, "sub_district_type": null, "village": "Kyema", "village_category": "Rural", "village_code": "7862828523" }, "geometry": { "type": "Point", "coordinates": [ 77.8120882, 34.2469263 ] } },
{ "type": "Feature", "properties": { "id": 1052, "state": "Ladakh", "state_code": null, "district": "LEH", "district_code": 3.0, "sub_district": null, "sub_district_code": null, "sub_district_type": null, "village": "Lardo", "village_category": "Rural", "village_code": "7862828526" }, "geometry": { "type": "Point", "coordinates": [ 77.1156966, 34.2373235 ] } },
{ "type": "Feature", "properties": { "id": 1053, "state": "Ladakh", "state_code": null, "district": "LEH", "district_code": 3.0, "sub_district": null, "sub_district_code": null, "sub_district_type": null, "village": "Tripti", "village_category": "Rural", "village_code": "7862828527" }, "geometry": { "type": "Point", "coordinates": [ 77.032033, 34.2719217 ] } },
{ "type": "Feature", "properties": { "id": 1054, "state": "Ladakh", "state_code": null, "district": "LEH", "district_code": 3.0, "sub_district": null, "sub_district_code": null, "sub_district_type": null, "village": "مادھوپور", "village_category": "Rural", "village_code": "7934985365" }, "geometry": { "type": "Point", "coordinates": [ 76.008786, 35.0910679 ] } },
{ "type": "Feature", "properties": { "id": 1055, "state": "Ladakh", "state_code": null, "district": "LEH", "district_code": 3.0, "sub_district": null, "sub_district_code": null, "sub_district_type": null, "village": "مادھوپور ژھوق", "village_category": "Rural", "village_code": "7935025075" }, "geometry": { "type": "Point", "coordinates": [ 76.0007958, 35.0868071 ] } },
{ "type": "Feature", "properties": { "id": 1056, "state": "Ladakh", "state_code": null, "district": "LEH", "district_code": 3.0, "sub_district": null, "sub_district_code": null, "sub_district_type": null, "village": "Khaltaro", "village_category": "Rural", "village_code": "8121633241" }, "geometry": { "type": "Point", "coordinates": [ 74.7157647, 35.9131922 ] } },
{ "type": "Feature", "properties": { "id": 1057, "state": "Ladakh", "state_code": null, "district": "LEH", "district_code": 3.0, "sub_district": null, "sub_district_code": null, "sub_district_type": null, "village": "Unnamed Isolated_dwelling", "village_category": "Rural", "village_code": "8617885723" }, "geometry": { "type": "Point", "coordinates": [ 74.3882105, 35.304236 ] } },
{ "type": "Feature", "properties": { "id": 1058, "state": "Ladakh", "state_code": null, "district": "KARGIL", "district_code": 4.0, "sub_district": null, "sub_district_code": null, "sub_district_type": null, "village": "Chulichan", "village_category": "Rural", "village_code": "8637171426" }, "geometry": { "type": "Point", "coordinates": [ 76.3126424, 34.6630288 ] } },
{ "type": "Feature", "properties": { "id": 1059, "state": "Ladakh", "state_code": null, "district": "KARGIL", "district_code": 4.0, "sub_district": null, "sub_district_code": null, "sub_district_type": null, "village": "Gurgurdo", "village_category": "Rural", "village_code": "8637171427" }, "geometry": { "type": "Point", "coordinates": [ 76.3327915, 34.6605977 ] } },
{ "type": "Feature", "properties": { "id": 1060, "state": "Ladakh", "state_code": null, "district": "KARGIL", "district_code": 4.0, "sub_district": null, "sub_district_code": null, "sub_district_type": null, "village": "Yogmathang", "village_category": "Rural", "village_code": "8637171428" }, "geometry": { "type": "Point", "coordinates": [ 76.3420833, 34.6577528 ] } },
{ "type": "Feature", "properties": { "id": 1061, "state": "Ladakh", "state_code": null, "district": "KARGIL", "district_code": 4.0, "sub_district": null, "sub_district_code": null, "sub_district_type": null, "village": "Sachik", "village_category": "Rural", "village_code": "8637171429" }, "geometry": { "type": "Point", "coordinates": [ 76.34511, 34.6546031 ] } },
{ "type": "Feature", "properties": { "id": 1062, "state": "Ladakh", "state_code": null, "district": "KARGIL", "district_code": 4.0, "sub_district": null, "sub_district_code": null, "sub_district_type": null, "village": "Sanacha", "village_category": "Rural", "village_code": "8637171430" }, "geometry": { "type": "Point", "coordinates": [ 76.3587528, 34.6395633 ] } },
{ "type": "Feature", "properties": { "id": 1063, "state": "Ladakh", "state_code": null, "district": "KARGIL", "district_code": 4.0, "sub_district": null, "sub_district_code": null, "sub_district_type": null, "village": "Shore", "village_category": "Rural", "village_code": "8637171432" }, "geometry": { "type": "Point", "coordinates": [ 76.4445409, 34.6205564 ] } },
{ "type": "Feature", "properties": { "id": 1064, "state": "Ladakh", "state_code": null, "district": "LEH", "district_code": 3.0, "sub_district": null, "sub_district_code": null, "sub_district_type": null, "village": "Sunnit", "village_category": "Rural", "village_code": "8637171433" }, "geometry": { "type": "Point", "coordinates": [ 76.5109673, 34.6043163 ] } },
{ "type": "Feature", "properties": { "id": 1065, "state": "Ladakh", "state_code": null, "district": "LEH", "district_code": 3.0, "sub_district": null, "sub_district_code": null, "sub_district_type": null, "village": "Hangdangsmin", "village_category": "Rural", "village_code": "8637171434" }, "geometry": { "type": "Point", "coordinates": [ 76.6442863, 34.678304 ] } },
{ "type": "Feature", "properties": { "id": 1066, "state": "Ladakh", "state_code": null, "district": "LEH", "district_code": 3.0, "sub_district": null, "sub_district_code": null, "sub_district_type": null, "village": "Shatti Kui", "village_category": "Rural", "village_code": "8669893681" }, "geometry": { "type": "Point", "coordinates": [ 74.8489897, 35.7317707 ] } },
{ "type": "Feature", "properties": { "id": 1067, "state": "Ladakh", "state_code": null, "district": "LEH", "district_code": 3.0, "sub_district": null, "sub_district_code": null, "sub_district_type": null, "village": "Jatoor Kui", "village_category": "Rural", "village_code": "8669893682" }, "geometry": { "type": "Point", "coordinates": [ 74.8537833, 35.728421 ] } },
{ "type": "Feature", "properties": { "id": 1068, "state": "Ladakh", "state_code": null, "district": "LEH", "district_code": 3.0, "sub_district": null, "sub_district_code": null, "sub_district_type": null, "village": "Mariangmei", "village_category": "Rural", "village_code": "8669893683" }, "geometry": { "type": "Point", "coordinates": [ 74.8708106, 35.7339309 ] } },
{ "type": "Feature", "properties": { "id": 1069, "state": "Ladakh", "state_code": null, "district": "LEH", "district_code": 3.0, "sub_district": null, "sub_district_code": null, "sub_district_type": null, "village": "Juchi", "village_category": "Rural", "village_code": "8669893684" }, "geometry": { "type": "Point", "coordinates": [ 74.857927, 35.7450539 ] } },
{ "type": "Feature", "properties": { "id": 1070, "state": "Ladakh", "state_code": null, "district": "LEH", "district_code": 3.0, "sub_district": null, "sub_district_code": null, "sub_district_type": null, "village": "Manoneri", "village_category": "Rural", "village_code": "8669893685" }, "geometry": { "type": "Point", "coordinates": [ 74.8641687, 35.75809 ] } },
{ "type": "Feature", "properties": { "id": 1071, "state": "Ladakh", "state_code": null, "district": "LEH", "district_code": 3.0, "sub_district": null, "sub_district_code": null, "sub_district_type": null, "village": "Burumdey", "village_category": "Rural", "village_code": "8669971625" }, "geometry": { "type": "Point", "coordinates": [ 74.7641965, 35.7646487 ] } },
{ "type": "Feature", "properties": { "id": 1072, "state": "Ladakh", "state_code": null, "district": "LEH", "district_code": 3.0, "sub_district": null, "sub_district_code": null, "sub_district_type": null, "village": "果洛", "village_category": "Rural", "village_code": "8838104205" }, "geometry": { "type": "Point", "coordinates": [ 79.526565, 32.6404842 ] } },
{ "type": "Feature", "properties": { "id": 1073, "state": "Ladakh", "state_code": null, "district": "LEH", "district_code": 3.0, "sub_district": null, "sub_district_code": null, "sub_district_type": null, "village": "Dorkhan", "village_category": "Rural", "village_code": "8925705444" }, "geometry": { "type": "Point", "coordinates": [ 74.6300348, 36.314057 ] } },
{ "type": "Feature", "properties": { "id": 1074, "state": "Ladakh", "state_code": null, "district": "LEH", "district_code": 3.0, "sub_district": null, "sub_district_code": null, "sub_district_type": null, "village": "Khuldo", "village_category": "Rural", "village_code": "8961831658" }, "geometry": { "type": "Point", "coordinates": [ 78.9848613, 32.7699243 ] } },
{ "type": "Feature", "properties": { "id": 1075, "state": "Ladakh", "state_code": null, "district": "LEH", "district_code": 3.0, "sub_district": null, "sub_district_code": null, "sub_district_type": null, "village": "Kale", "village_category": "Rural", "village_code": "8991473010" }, "geometry": { "type": "Point", "coordinates": [ 79.1744793, 32.8270885 ] } },
{ "type": "Feature", "properties": { "id": 1076, "state": "Ladakh", "state_code": null, "district": "LEH", "district_code": 3.0, "sub_district": null, "sub_district_code": null, "sub_district_type": null, "village": "Bulachi", "village_category": "Rural", "village_code": "9002136780" }, "geometry": { "type": "Point", "coordinates": [ 74.8501147, 35.6867357 ] } },
{ "type": "Feature", "properties": { "id": 1077, "state": "Ladakh", "state_code": null, "district": "LEH", "district_code": 3.0, "sub_district": null, "sub_district_code": null, "sub_district_type": null, "village": "Tsaga", "village_category": "Rural", "village_code": "9049420471" }, "geometry": { "type": "Point", "coordinates": [ 78.8538311, 33.3298562 ] } },
{ "type": "Feature", "properties": { "id": 1078, "state": "Ladakh", "state_code": null, "district": "LEH", "district_code": 3.0, "sub_district": null, "sub_district_code": null, "sub_district_type": null, "village": "Ragarmale", "village_category": "Rural", "village_code": "9074902292" }, "geometry": { "type": "Point", "coordinates": [ 78.93319, 32.7722589 ] } },
{ "type": "Feature", "properties": { "id": 1079, "state": "Ladakh", "state_code": null, "district": "LEH", "district_code": 3.0, "sub_district": null, "sub_district_code": null, "sub_district_type": null, "village": "Riodongle", "village_category": "Rural", "village_code": "9074902293" }, "geometry": { "type": "Point", "coordinates": [ 78.9674479, 32.7916547 ] } },
{ "type": "Feature", "properties": { "id": 1080, "state": "Ladakh", "state_code": null, "district": "LEH", "district_code": 3.0, "sub_district": null, "sub_district_code": null, "sub_district_type": null, "village": "Riksun", "village_category": "Rural", "village_code": "9074902294" }, "geometry": { "type": "Point", "coordinates": [ 78.9777965, 32.7845459 ] } },
{ "type": "Feature", "properties": { "id": 1081, "state": "Ladakh", "state_code": null, "district": "KARGIL", "district_code": 4.0, "sub_district": null, "sub_district_code": null, "sub_district_type": null, "village": "Hardas", "village_category": "Rural", "village_code": "9107282725" }, "geometry": { "type": "Point", "coordinates": [ 76.0986957, 34.6055521 ] } },
{ "type": "Feature", "properties": { "id": 1082, "state": "Ladakh", "state_code": null, "district": "LEH", "district_code": 3.0, "sub_district": null, "sub_district_code": null, "sub_district_type": null, "village": "Pratap Pur", "village_category": "Rural", "village_code": "9194019694" }, "geometry": { "type": "Point", "coordinates": [ 77.4541061, 34.6092374 ] } },
{ "type": "Feature", "properties": { "id": 1083, "state": "Ladakh", "state_code": null, "district": "LEH", "district_code": 3.0, "sub_district": null, "sub_district_code": null, "sub_district_type": null, "village": "Rakhura", "village_category": "Rural", "village_code": "9194635073" }, "geometry": { "type": "Point", "coordinates": [ 77.4186319, 34.6311296 ] } },
{ "type": "Feature", "properties": { "id": 1084, "state": "Ladakh", "state_code": null, "district": "LEH", "district_code": 3.0, "sub_district": null, "sub_district_code": null, "sub_district_type": null, "village": "典角村一组（八一村）", "village_category": "Rural", "village_code": "9194926488" }, "geometry": { "type": "Point", "coordinates": [ 79.4593539, 32.6947607 ] } },
{ "type": "Feature", "properties": { "id": 1085, "state": "Ladakh", "state_code": null, "district": "LEH", "district_code": 3.0, "sub_district": null, "sub_district_code": null, "sub_district_type": null, "village": "Terche", "village_category": "Rural", "village_code": "9196381180" }, "geometry": { "type": "Point", "coordinates": [ 77.3283934, 34.6615327 ] } },
{ "type": "Feature", "properties": { "id": 1086, "state": "Ladakh", "state_code": null, "district": "LEH", "district_code": 3.0, "sub_district": null, "sub_district_code": null, "sub_district_type": null, "village": "Chuskurmo", "village_category": "Rural", "village_code": "9269628680" }, "geometry": { "type": "Point", "coordinates": [ 77.6526896, 33.8264585 ] } },
{ "type": "Feature", "properties": { "id": 1087, "state": "Ladakh", "state_code": null, "district": "LEH", "district_code": 3.0, "sub_district": null, "sub_district_code": null, "sub_district_type": null, "village": "Daltar", "village_category": "Rural", "village_code": "9310664362" }, "geometry": { "type": "Point", "coordinates": [ 76.1289786, 35.359857 ] } },
{ "type": "Feature", "properties": { "id": 1088, "state": "Ladakh", "state_code": null, "district": "LEH", "district_code": 3.0, "sub_district": null, "sub_district_code": null, "sub_district_type": null, "village": "Murgo", "village_category": "Rural", "village_code": "9358913888" }, "geometry": { "type": "Point", "coordinates": [ 77.9371514, 35.0413827 ] } },
{ "type": "Feature", "properties": { "id": 1089, "state": "Ladakh", "state_code": null, "district": "LEH", "district_code": 3.0, "sub_district": null, "sub_district_code": null, "sub_district_type": null, "village": "Lungba Nakpo", "village_category": "Rural", "village_code": "9528862141" }, "geometry": { "type": "Point", "coordinates": [ 78.4435255, 34.060053 ] } },
{ "type": "Feature", "properties": { "id": 1090, "state": "Ladakh", "state_code": null, "district": "LEH", "district_code": 3.0, "sub_district": null, "sub_district_code": null, "sub_district_type": null, "village": "Fanjila", "village_category": "Rural", "village_code": "9683411102" }, "geometry": { "type": "Point", "coordinates": [ 76.8654585, 34.1971571 ] } },
{ "type": "Feature", "properties": { "id": 1091, "state": "Ladakh", "state_code": null, "district": "KARGIL", "district_code": 4.0, "sub_district": null, "sub_district_code": null, "sub_district_type": null, "village": "Tarasband", "village_category": "Rural", "village_code": "9699265521" }, "geometry": { "type": "Point", "coordinates": [ 76.2785914, 34.3837692 ] } },
{ "type": "Feature", "properties": { "id": 1092, "state": "Ladakh", "state_code": null, "district": "KARGIL", "district_code": 4.0, "sub_district": null, "sub_district_code": null, "sub_district_type": null, "village": "Khache", "village_category": "Rural", "village_code": "9699265522" }, "geometry": { "type": "Point", "coordinates": [ 76.2581722, 34.3881621 ] } },
{ "type": "Feature", "properties": { "id": 1093, "state": "Ladakh", "state_code": null, "district": "KARGIL", "district_code": 4.0, "sub_district": null, "sub_district_code": null, "sub_district_type": null, "village": "Karamba", "village_category": "Rural", "village_code": "9699265523" }, "geometry": { "type": "Point", "coordinates": [ 76.2524436, 34.3881228 ] } },
{ "type": "Feature", "properties": { "id": 1094, "state": "Ladakh", "state_code": null, "district": "KARGIL", "district_code": 4.0, "sub_district": null, "sub_district_code": null, "sub_district_type": null, "village": "Tyagan", "village_category": "Rural", "village_code": "9699265524" }, "geometry": { "type": "Point", "coordinates": [ 76.2479475, 34.3836369 ] } },
{ "type": "Feature", "properties": { "id": 1095, "state": "Ladakh", "state_code": null, "district": "KARGIL", "district_code": 4.0, "sub_district": null, "sub_district_code": null, "sub_district_type": null, "village": "Chomoshukpa", "village_category": "Rural", "village_code": "9699265525" }, "geometry": { "type": "Point", "coordinates": [ 76.2476027, 34.3816927 ] } },
{ "type": "Feature", "properties": { "id": 1096, "state": "Ladakh", "state_code": null, "district": "KARGIL", "district_code": 4.0, "sub_district": null, "sub_district_code": null, "sub_district_type": null, "village": "Donjuk Fokar", "village_category": "Rural", "village_code": "9699265526" }, "geometry": { "type": "Point", "coordinates": [ 76.236672, 34.3802129 ] } },
{ "type": "Feature", "properties": { "id": 1097, "state": "Ladakh", "state_code": null, "district": "KARGIL", "district_code": 4.0, "sub_district": null, "sub_district_code": null, "sub_district_type": null, "village": "Dinchay", "village_category": "Rural", "village_code": "9699265527" }, "geometry": { "type": "Point", "coordinates": [ 76.230733, 34.3839904 ] } },
{ "type": "Feature", "properties": { "id": 1098, "state": "Ladakh", "state_code": null, "district": "KARGIL", "district_code": 4.0, "sub_district": null, "sub_district_code": null, "sub_district_type": null, "village": "Choskore Fokar", "village_category": "Rural", "village_code": "9699265528" }, "geometry": { "type": "Point", "coordinates": [ 76.222452, 34.3858358 ] } },
{ "type": "Feature", "properties": { "id": 1099, "state": "Ladakh", "state_code": null, "district": "KARGIL", "district_code": 4.0, "sub_district": null, "sub_district_code": null, "sub_district_type": null, "village": "Fokar Phoo", "village_category": "Rural", "village_code": "9699265529" }, "geometry": { "type": "Point", "coordinates": [ 76.2313965, 34.381709 ] } },
{ "type": "Feature", "properties": { "id": 1100, "state": "Ladakh", "state_code": null, "district": "KARGIL", "district_code": 4.0, "sub_district": null, "sub_district_code": null, "sub_district_type": null, "village": "Spanglung", "village_category": "Rural", "village_code": "9699265530" }, "geometry": { "type": "Point", "coordinates": [ 76.1252296, 34.3581414 ] } },
{ "type": "Feature", "properties": { "id": 1101, "state": "Ladakh", "state_code": null, "district": "KARGIL", "district_code": 4.0, "sub_district": null, "sub_district_code": null, "sub_district_type": null, "village": "Sapi", "village_category": "Rural", "village_code": "9699265531" }, "geometry": { "type": "Point", "coordinates": [ 76.1350542, 34.3627236 ] } },
{ "type": "Feature", "properties": { "id": 1102, "state": "Ladakh", "state_code": null, "district": "KARGIL", "district_code": 4.0, "sub_district": null, "sub_district_code": null, "sub_district_type": null, "village": "Gonglam", "village_category": "Rural", "village_code": "9699265533" }, "geometry": { "type": "Point", "coordinates": [ 76.1269149, 34.3700517 ] } },
{ "type": "Feature", "properties": { "id": 1103, "state": "Ladakh", "state_code": null, "district": "KARGIL", "district_code": 4.0, "sub_district": null, "sub_district_code": null, "sub_district_type": null, "village": "Batambis", "village_category": "Rural", "village_code": "9699265534" }, "geometry": { "type": "Point", "coordinates": [ 76.1005633, 34.4119831 ] } },
{ "type": "Feature", "properties": { "id": 1104, "state": "Ladakh", "state_code": null, "district": "KARGIL", "district_code": 4.0, "sub_district": null, "sub_district_code": null, "sub_district_type": null, "village": "Gongmagil", "village_category": "Rural", "village_code": "9699265570" }, "geometry": { "type": "Point", "coordinates": [ 76.1785884, 34.3676767 ] } },
{ "type": "Feature", "properties": { "id": 1105, "state": "Ladakh", "state_code": null, "district": "KARGIL", "district_code": 4.0, "sub_district": null, "sub_district_code": null, "sub_district_type": null, "village": "Kanoor", "village_category": "Rural", "village_code": "9699265582" }, "geometry": { "type": "Point", "coordinates": [ 76.0530165, 34.4206034 ] } },
{ "type": "Feature", "properties": { "id": 1106, "state": "Ladakh", "state_code": null, "district": "KARGIL", "district_code": 4.0, "sub_district": null, "sub_district_code": null, "sub_district_type": null, "village": "Saltong", "village_category": "Rural", "village_code": "9699265588" }, "geometry": { "type": "Point", "coordinates": [ 76.0580383, 34.412027 ] } },
{ "type": "Feature", "properties": { "id": 1107, "state": "Ladakh", "state_code": null, "district": "KARGIL", "district_code": 4.0, "sub_district": null, "sub_district_code": null, "sub_district_type": null, "village": "Tambis", "village_category": "Rural", "village_code": "9699265589" }, "geometry": { "type": "Point", "coordinates": [ 76.0469004, 34.408245 ] } },
{ "type": "Feature", "properties": { "id": 1108, "state": "Ladakh", "state_code": null, "district": "KARGIL", "district_code": 4.0, "sub_district": null, "sub_district_code": null, "sub_district_type": null, "village": "Olithang", "village_category": "Rural", "village_code": "9699265590" }, "geometry": { "type": "Point", "coordinates": [ 76.0223219, 34.4055168 ] } },
{ "type": "Feature", "properties": { "id": 1109, "state": "Ladakh", "state_code": null, "district": "KARGIL", "district_code": 4.0, "sub_district": null, "sub_district_code": null, "sub_district_type": null, "village": "Saliskote", "village_category": "Rural", "village_code": "9699265591" }, "geometry": { "type": "Point", "coordinates": [ 76.0139448, 34.4088734 ] } },
{ "type": "Feature", "properties": { "id": 1110, "state": "Ladakh", "state_code": null, "district": "KARGIL", "district_code": 4.0, "sub_district": null, "sub_district_code": null, "sub_district_type": null, "village": "Lungjuk Saliskote", "village_category": "Rural", "village_code": "9699265592" }, "geometry": { "type": "Point", "coordinates": [ 76.0199015, 34.4088734 ] } },
{ "type": "Feature", "properties": { "id": 1111, "state": "Ladakh", "state_code": null, "district": "KARGIL", "district_code": 4.0, "sub_district": null, "sub_district_code": null, "sub_district_type": null, "village": "Zambakha", "village_category": "Rural", "village_code": "9699265593" }, "geometry": { "type": "Point", "coordinates": [ 76.0520193, 34.4270419 ] } },
{ "type": "Feature", "properties": { "id": 1112, "state": "Ladakh", "state_code": null, "district": "KARGIL", "district_code": 4.0, "sub_district": null, "sub_district_code": null, "sub_district_type": null, "village": "Marpodoks", "village_category": "Rural", "village_code": "9699265594" }, "geometry": { "type": "Point", "coordinates": [ 75.9850043, 34.4039497 ] } },
{ "type": "Feature", "properties": { "id": 1113, "state": "Ladakh", "state_code": null, "district": "KARGIL", "district_code": 4.0, "sub_district": null, "sub_district_code": null, "sub_district_type": null, "village": "Faroona", "village_category": "Rural", "village_code": "9699265595" }, "geometry": { "type": "Point", "coordinates": [ 75.9752395, 34.3795624 ] } },
{ "type": "Feature", "properties": { "id": 1114, "state": "Ladakh", "state_code": null, "district": "KARGIL", "district_code": 4.0, "sub_district": null, "sub_district_code": null, "sub_district_type": null, "village": "Thovina", "village_category": "Rural", "village_code": "9701778475" }, "geometry": { "type": "Point", "coordinates": [ 75.9715605, 34.3580657 ] } },
{ "type": "Feature", "properties": { "id": 1115, "state": "Ladakh", "state_code": null, "district": "KARGIL", "district_code": 4.0, "sub_district": null, "sub_district_code": null, "sub_district_type": null, "village": "Archoo", "village_category": "Rural", "village_code": "9701778476" }, "geometry": { "type": "Point", "coordinates": [ 76.1267461, 34.4379671 ] } },
{ "type": "Feature", "properties": { "id": 1116, "state": "Ladakh", "state_code": null, "district": "KARGIL", "district_code": 4.0, "sub_district": null, "sub_district_code": null, "sub_district_type": null, "village": "Lobar", "village_category": "Rural", "village_code": "9701778477" }, "geometry": { "type": "Point", "coordinates": [ 76.123433, 34.4414639 ] } },
{ "type": "Feature", "properties": { "id": 1117, "state": "Ladakh", "state_code": null, "district": "KARGIL", "district_code": 4.0, "sub_district": null, "sub_district_code": null, "sub_district_type": null, "village": "Bikirthang", "village_category": "Rural", "village_code": "9701778478" }, "geometry": { "type": "Point", "coordinates": [ 76.1144036, 34.4486837 ] } },
{ "type": "Feature", "properties": { "id": 1118, "state": "Ladakh", "state_code": null, "district": "KARGIL", "district_code": 4.0, "sub_district": null, "sub_district_code": null, "sub_district_type": null, "village": "Gawalo", "village_category": "Rural", "village_code": "9701778479" }, "geometry": { "type": "Point", "coordinates": [ 76.1223323, 34.4550156 ] } },
{ "type": "Feature", "properties": { "id": 1119, "state": "Ladakh", "state_code": null, "district": "KARGIL", "district_code": 4.0, "sub_district": null, "sub_district_code": null, "sub_district_type": null, "village": "Grong Choskore", "village_category": "Rural", "village_code": "9701778480" }, "geometry": { "type": "Point", "coordinates": [ 76.1197642, 34.4649459 ] } },
{ "type": "Feature", "properties": { "id": 1120, "state": "Ladakh", "state_code": null, "district": "KARGIL", "district_code": 4.0, "sub_district": null, "sub_district_code": null, "sub_district_type": null, "village": "Stickchey", "village_category": "Rural", "village_code": "9701778481" }, "geometry": { "type": "Point", "coordinates": [ 76.0996762, 34.481264 ] } },
{ "type": "Feature", "properties": { "id": 1121, "state": "Ladakh", "state_code": null, "district": "KARGIL", "district_code": 4.0, "sub_district": null, "sub_district_code": null, "sub_district_type": null, "village": "Lhungjhuk", "village_category": "Rural", "village_code": "9701778482" }, "geometry": { "type": "Point", "coordinates": [ 76.0964013, 34.4837655 ] } },
{ "type": "Feature", "properties": { "id": 1122, "state": "Ladakh", "state_code": null, "district": "KARGIL", "district_code": 4.0, "sub_district": null, "sub_district_code": null, "sub_district_type": null, "village": "Minjee", "village_category": "Rural", "village_code": "9701778483" }, "geometry": { "type": "Point", "coordinates": [ 76.0997777, 34.4881624 ] } },
{ "type": "Feature", "properties": { "id": 1123, "state": "Ladakh", "state_code": null, "district": "KARGIL", "district_code": 4.0, "sub_district": null, "sub_district_code": null, "sub_district_type": null, "village": "Gongma Minjee", "village_category": "Rural", "village_code": "9701778484" }, "geometry": { "type": "Point", "coordinates": [ 76.086066, 34.482416 ] } },
{ "type": "Feature", "properties": { "id": 1124, "state": "Ladakh", "state_code": null, "district": "KARGIL", "district_code": 4.0, "sub_district": null, "sub_district_code": null, "sub_district_type": null, "village": "Chutuk", "village_category": "Rural", "village_code": "9701778485" }, "geometry": { "type": "Point", "coordinates": [ 76.1197773, 34.4948701 ] } },
{ "type": "Feature", "properties": { "id": 1125, "state": "Ladakh", "state_code": null, "district": "KARGIL", "district_code": 4.0, "sub_district": null, "sub_district_code": null, "sub_district_type": null, "village": "Titichumik", "village_category": "Rural", "village_code": "9701778487" }, "geometry": { "type": "Point", "coordinates": [ 76.1344682, 34.5269092 ] } },
{ "type": "Feature", "properties": { "id": 1126, "state": "Ladakh", "state_code": null, "district": "KARGIL", "district_code": 4.0, "sub_district": null, "sub_district_code": null, "sub_district_type": null, "village": "Baroo Tsok", "village_category": "Rural", "village_code": "9701778488" }, "geometry": { "type": "Point", "coordinates": [ 76.1393929, 34.5376347 ] } },
{ "type": "Feature", "properties": { "id": 1127, "state": "Ladakh", "state_code": null, "district": "KARGIL", "district_code": 4.0, "sub_district": null, "sub_district_code": null, "sub_district_type": null, "village": "Baroo Khanka", "village_category": "Rural", "village_code": "9701778490" }, "geometry": { "type": "Point", "coordinates": [ 76.1318068, 34.5429227 ] } },
{ "type": "Feature", "properties": { "id": 1128, "state": "Ladakh", "state_code": null, "district": "KARGIL", "district_code": 4.0, "sub_district": null, "sub_district_code": null, "sub_district_type": null, "village": "Gramthang", "village_category": "Rural", "village_code": "9701778494" }, "geometry": { "type": "Point", "coordinates": [ 76.0812193, 34.4754006 ] } },
{ "type": "Feature", "properties": { "id": 1129, "state": "Ladakh", "state_code": null, "district": "KARGIL", "district_code": 4.0, "sub_district": null, "sub_district_code": null, "sub_district_type": null, "village": "Cheychey Thang", "village_category": "Rural", "village_code": "9701778495" }, "geometry": { "type": "Point", "coordinates": [ 76.0768763, 34.4696975 ] } },
{ "type": "Feature", "properties": { "id": 1130, "state": "Ladakh", "state_code": null, "district": "KARGIL", "district_code": 4.0, "sub_district": null, "sub_district_code": null, "sub_district_type": null, "village": "Spang Thang", "village_category": "Rural", "village_code": "9701778496" }, "geometry": { "type": "Point", "coordinates": [ 76.0713659, 34.4646592 ] } },
{ "type": "Feature", "properties": { "id": 1131, "state": "Ladakh", "state_code": null, "district": "KARGIL", "district_code": 4.0, "sub_district": null, "sub_district_code": null, "sub_district_type": null, "village": "Sarchay", "village_category": "Rural", "village_code": "9701778497" }, "geometry": { "type": "Point", "coordinates": [ 76.0675515, 34.4485294 ] } },
{ "type": "Feature", "properties": { "id": 1132, "state": "Ladakh", "state_code": null, "district": "KARGIL", "district_code": 4.0, "sub_district": null, "sub_district_code": null, "sub_district_type": null, "village": "Lankarchey", "village_category": "Rural", "village_code": "9701778498" }, "geometry": { "type": "Point", "coordinates": [ 75.9608858, 34.3243136 ] } },
{ "type": "Feature", "properties": { "id": 1133, "state": "Ladakh", "state_code": null, "district": "KARGIL", "district_code": 4.0, "sub_district": null, "sub_district_code": null, "sub_district_type": null, "village": "Lankarchey Thang", "village_category": "Rural", "village_code": "9701789820" }, "geometry": { "type": "Point", "coordinates": [ 75.9677095, 34.3119569 ] } },
{ "type": "Feature", "properties": { "id": 1134, "state": "Ladakh", "state_code": null, "district": "KARGIL", "district_code": 4.0, "sub_district": null, "sub_district_code": null, "sub_district_type": null, "village": "Narambi", "village_category": "Rural", "village_code": "9701789821" }, "geometry": { "type": "Point", "coordinates": [ 75.9634523, 34.3015206 ] } },
{ "type": "Feature", "properties": { "id": 1135, "state": "Ladakh", "state_code": null, "district": "KARGIL", "district_code": 4.0, "sub_district": null, "sub_district_code": null, "sub_district_type": null, "village": "Brakoo", "village_category": "Rural", "village_code": "9701789822" }, "geometry": { "type": "Point", "coordinates": [ 75.9713659, 34.2999749 ] } },
{ "type": "Feature", "properties": { "id": 1136, "state": "Ladakh", "state_code": null, "district": "KARGIL", "district_code": 4.0, "sub_district": null, "sub_district_code": null, "sub_district_type": null, "village": "Nakpo Chu", "village_category": "Rural", "village_code": "9701789823" }, "geometry": { "type": "Point", "coordinates": [ 75.9614267, 34.2948696 ] } },
{ "type": "Feature", "properties": { "id": 1137, "state": "Ladakh", "state_code": null, "district": "KARGIL", "district_code": 4.0, "sub_district": null, "sub_district_code": null, "sub_district_type": null, "village": "Nagmakosar", "village_category": "Rural", "village_code": "9701789824" }, "geometry": { "type": "Point", "coordinates": [ 75.9579935, 34.2916361 ] } },
{ "type": "Feature", "properties": { "id": 1138, "state": "Ladakh", "state_code": null, "district": "KARGIL", "district_code": 4.0, "sub_district": null, "sub_district_code": null, "sub_district_type": null, "village": "Stakpa", "village_category": "Rural", "village_code": "9701789825" }, "geometry": { "type": "Point", "coordinates": [ 75.9202452, 34.3039171 ] } },
{ "type": "Feature", "properties": { "id": 1139, "state": "Ladakh", "state_code": null, "district": "KARGIL", "district_code": 4.0, "sub_district": null, "sub_district_code": null, "sub_district_type": null, "village": "Thangboo Stakpa", "village_category": "Rural", "village_code": "9701789826" }, "geometry": { "type": "Point", "coordinates": [ 75.9361067, 34.3006272 ] } },
{ "type": "Feature", "properties": { "id": 1140, "state": "Ladakh", "state_code": null, "district": "KARGIL", "district_code": 4.0, "sub_district": null, "sub_district_code": null, "sub_district_type": null, "village": "Malikbar", "village_category": "Rural", "village_code": "9701789827" }, "geometry": { "type": "Point", "coordinates": [ 75.8829947, 34.320478 ] } },
{ "type": "Feature", "properties": { "id": 1141, "state": "Ladakh", "state_code": null, "district": "KARGIL", "district_code": 4.0, "sub_district": null, "sub_district_code": null, "sub_district_type": null, "village": "Yakza", "village_category": "Rural", "village_code": "9701789828" }, "geometry": { "type": "Point", "coordinates": [ 75.8728495, 34.3253691 ] } },
{ "type": "Feature", "properties": { "id": 1142, "state": "Ladakh", "state_code": null, "district": "KARGIL", "district_code": 4.0, "sub_district": null, "sub_district_code": null, "sub_district_type": null, "village": "Thasgam", "village_category": "Rural", "village_code": "9701796344" }, "geometry": { "type": "Point", "coordinates": [ 75.9697069, 34.2886575 ] } },
{ "type": "Feature", "properties": { "id": 1143, "state": "Ladakh", "state_code": null, "district": "KARGIL", "district_code": 4.0, "sub_district": null, "sub_district_code": null, "sub_district_type": null, "village": "Thang Dumru", "village_category": "Rural", "village_code": "9701796345" }, "geometry": { "type": "Point", "coordinates": [ 75.9631131, 34.2862775 ] } },
{ "type": "Feature", "properties": { "id": 1144, "state": "Ladakh", "state_code": null, "district": "KARGIL", "district_code": 4.0, "sub_district": null, "sub_district_code": null, "sub_district_type": null, "village": "Chumikchan", "village_category": "Rural", "village_code": "9701796346" }, "geometry": { "type": "Point", "coordinates": [ 75.9533187, 34.2816188 ] } },
{ "type": "Feature", "properties": { "id": 1145, "state": "Ladakh", "state_code": null, "district": "KARGIL", "district_code": 4.0, "sub_district": null, "sub_district_code": null, "sub_district_type": null, "village": "Bemalsa", "village_category": "Rural", "village_code": "9701796347" }, "geometry": { "type": "Point", "coordinates": [ 75.9486324, 34.2841719 ] } },
{ "type": "Feature", "properties": { "id": 1146, "state": "Ladakh", "state_code": null, "district": "KARGIL", "district_code": 4.0, "sub_district": null, "sub_district_code": null, "sub_district_type": null, "village": "Stakburik", "village_category": "Rural", "village_code": "9701796348" }, "geometry": { "type": "Point", "coordinates": [ 75.9781695, 34.2760218 ] } },
{ "type": "Feature", "properties": { "id": 1147, "state": "Ladakh", "state_code": null, "district": "KARGIL", "district_code": 4.0, "sub_district": null, "sub_district_code": null, "sub_district_type": null, "village": "Karchaykhar", "village_category": "Rural", "village_code": "9701796349" }, "geometry": { "type": "Point", "coordinates": [ 76.0018416, 34.2672124 ] } },
{ "type": "Feature", "properties": { "id": 1148, "state": "Ladakh", "state_code": null, "district": "KARGIL", "district_code": 4.0, "sub_district": null, "sub_district_code": null, "sub_district_type": null, "village": "Steyangkung", "village_category": "Rural", "village_code": "9701796350" }, "geometry": { "type": "Point", "coordinates": [ 76.0140982, 34.2675813 ] } },
{ "type": "Feature", "properties": { "id": 1149, "state": "Ladakh", "state_code": null, "district": "KARGIL", "district_code": 4.0, "sub_district": null, "sub_district_code": null, "sub_district_type": null, "village": "Purkichay", "village_category": "Rural", "village_code": "9701796351" }, "geometry": { "type": "Point", "coordinates": [ 76.0341139, 34.2647582 ] } },
{ "type": "Feature", "properties": { "id": 1150, "state": "Ladakh", "state_code": null, "district": "KARGIL", "district_code": 4.0, "sub_district": null, "sub_district_code": null, "sub_district_type": null, "village": "Lababs", "village_category": "Rural", "village_code": "9701796353" }, "geometry": { "type": "Point", "coordinates": [ 76.0491, 34.2560186 ] } },
{ "type": "Feature", "properties": { "id": 1151, "state": "Ladakh", "state_code": null, "district": "KARGIL", "district_code": 4.0, "sub_district": null, "sub_district_code": null, "sub_district_type": null, "village": "Pattoo", "village_category": "Rural", "village_code": "9701796354" }, "geometry": { "type": "Point", "coordinates": [ 76.0501128, 34.248612 ] } },
{ "type": "Feature", "properties": { "id": 1152, "state": "Ladakh", "state_code": null, "district": "KARGIL", "district_code": 4.0, "sub_district": null, "sub_district_code": null, "sub_district_type": null, "village": "Yarchok", "village_category": "Rural", "village_code": "9701796355" }, "geometry": { "type": "Point", "coordinates": [ 76.0454264, 34.2461571 ] } },
{ "type": "Feature", "properties": { "id": 1153, "state": "Ladakh", "state_code": null, "district": "KARGIL", "district_code": 4.0, "sub_district": null, "sub_district_code": null, "sub_district_type": null, "village": "Hamburtik", "village_category": "Rural", "village_code": "9701796356" }, "geometry": { "type": "Point", "coordinates": [ 76.05861, 34.2443975 ] } },
{ "type": "Feature", "properties": { "id": 1154, "state": "Ladakh", "state_code": null, "district": "KARGIL", "district_code": 4.0, "sub_district": null, "sub_district_code": null, "sub_district_type": null, "village": "Lastak", "village_category": "Rural", "village_code": "9701796357" }, "geometry": { "type": "Point", "coordinates": [ 76.0865586, 34.2420535 ] } },
{ "type": "Feature", "properties": { "id": 1155, "state": "Ladakh", "state_code": null, "district": "KARGIL", "district_code": 4.0, "sub_district": null, "sub_district_code": null, "sub_district_type": null, "village": "Taikat", "village_category": "Rural", "village_code": "9701796358" }, "geometry": { "type": "Point", "coordinates": [ 76.0894597, 34.236746 ] } },
{ "type": "Feature", "properties": { "id": 1156, "state": "Ladakh", "state_code": null, "district": "KARGIL", "district_code": 4.0, "sub_district": null, "sub_district_code": null, "sub_district_type": null, "village": "Thila Brok", "village_category": "Rural", "village_code": "9701796359" }, "geometry": { "type": "Point", "coordinates": [ 76.104068, 34.2216306 ] } },
{ "type": "Feature", "properties": { "id": 1157, "state": "Ladakh", "state_code": null, "district": "KARGIL", "district_code": 4.0, "sub_district": null, "sub_district_code": null, "sub_district_type": null, "village": "Pangbar Brok", "village_category": "Rural", "village_code": "9701796360" }, "geometry": { "type": "Point", "coordinates": [ 76.1359461, 34.2513833 ] } },
{ "type": "Feature", "properties": { "id": 1158, "state": "Ladakh", "state_code": null, "district": "KARGIL", "district_code": 4.0, "sub_district": null, "sub_district_code": null, "sub_district_type": null, "village": "Yarkashing", "village_category": "Rural", "village_code": "9701796361" }, "geometry": { "type": "Point", "coordinates": [ 76.1509841, 34.2481825 ] } },
{ "type": "Feature", "properties": { "id": 1159, "state": "Ladakh", "state_code": null, "district": "KARGIL", "district_code": 4.0, "sub_district": null, "sub_district_code": null, "sub_district_type": null, "village": "Bujun", "village_category": "Rural", "village_code": "9701796362" }, "geometry": { "type": "Point", "coordinates": [ 76.1323951, 34.2206265 ] } },
{ "type": "Feature", "properties": { "id": 1160, "state": "Ladakh", "state_code": null, "district": "KARGIL", "district_code": 4.0, "sub_district": null, "sub_district_code": null, "sub_district_type": null, "village": "Shinkartse", "village_category": "Rural", "village_code": "9701796363" }, "geometry": { "type": "Point", "coordinates": [ 76.1604451, 34.2133829 ] } },
{ "type": "Feature", "properties": { "id": 1161, "state": "Ladakh", "state_code": null, "district": "KARGIL", "district_code": 4.0, "sub_district": null, "sub_district_code": null, "sub_district_type": null, "village": "Lalong", "village_category": "Rural", "village_code": "9701796364" }, "geometry": { "type": "Point", "coordinates": [ 75.9787147, 34.2784808 ] } },
{ "type": "Feature", "properties": { "id": 1162, "state": "Ladakh", "state_code": null, "district": "KARGIL", "district_code": 4.0, "sub_district": null, "sub_district_code": null, "sub_district_type": null, "village": "Sangrah Goma", "village_category": "Rural", "village_code": "9701878626" }, "geometry": { "type": "Point", "coordinates": [ 75.9696178, 34.2186556 ] } },
{ "type": "Feature", "properties": { "id": 1163, "state": "Ladakh", "state_code": null, "district": "KARGIL", "district_code": 4.0, "sub_district": null, "sub_district_code": null, "sub_district_type": null, "village": "Gyaling", "village_category": "Rural", "village_code": "9701878630" }, "geometry": { "type": "Point", "coordinates": [ 75.9570351, 34.2199473 ] } },
{ "type": "Feature", "properties": { "id": 1164, "state": "Ladakh", "state_code": null, "district": "KARGIL", "district_code": 4.0, "sub_district": null, "sub_district_code": null, "sub_district_type": null, "village": "Biama", "village_category": "Rural", "village_code": "9701878631" }, "geometry": { "type": "Point", "coordinates": [ 75.9316463, 34.2045307 ] } },
{ "type": "Feature", "properties": { "id": 1165, "state": "Ladakh", "state_code": null, "district": "KARGIL", "district_code": 4.0, "sub_district": null, "sub_district_code": null, "sub_district_type": null, "village": "Purtikchay", "village_category": "Rural", "village_code": "9701878632" }, "geometry": { "type": "Point", "coordinates": [ 75.9304276, 34.2031536 ] } },
{ "type": "Feature", "properties": { "id": 1166, "state": "Ladakh", "state_code": null, "district": "KARGIL", "district_code": 4.0, "sub_district": null, "sub_district_code": null, "sub_district_type": null, "village": "Purtikchay Goma", "village_category": "Rural", "village_code": "9701878633" }, "geometry": { "type": "Point", "coordinates": [ 75.9256554, 34.2017339 ] } },
{ "type": "Feature", "properties": { "id": 1167, "state": "Ladakh", "state_code": null, "district": "KARGIL", "district_code": 4.0, "sub_district": null, "sub_district_code": null, "sub_district_type": null, "village": "Zairath", "village_category": "Rural", "village_code": "9704298859" }, "geometry": { "type": "Point", "coordinates": [ 75.9549801, 34.1621967 ] } },
{ "type": "Feature", "properties": { "id": 1168, "state": "Ladakh", "state_code": null, "district": "KARGIL", "district_code": 4.0, "sub_district": null, "sub_district_code": null, "sub_district_type": null, "village": "Khawous", "village_category": "Rural", "village_code": "9704298860" }, "geometry": { "type": "Point", "coordinates": [ 75.9603016, 34.1480482 ] } },
{ "type": "Feature", "properties": { "id": 1169, "state": "Ladakh", "state_code": null, "district": "KARGIL", "district_code": 4.0, "sub_district": null, "sub_district_code": null, "sub_district_type": null, "village": "Maita", "village_category": "Rural", "village_code": "9704298861" }, "geometry": { "type": "Point", "coordinates": [ 75.9537441, 34.144667 ] } },
{ "type": "Feature", "properties": { "id": 1170, "state": "Ladakh", "state_code": null, "district": "KARGIL", "district_code": 4.0, "sub_district": null, "sub_district_code": null, "sub_district_type": null, "village": "Brakchan", "village_category": "Rural", "village_code": "9704298862" }, "geometry": { "type": "Point", "coordinates": [ 75.9526111, 34.1428342 ] } },
{ "type": "Feature", "properties": { "id": 1171, "state": "Ladakh", "state_code": null, "district": "KARGIL", "district_code": 4.0, "sub_district": null, "sub_district_code": null, "sub_district_type": null, "village": "Khechoor", "village_category": "Rural", "village_code": "9704298863" }, "geometry": { "type": "Point", "coordinates": [ 75.9538299, 34.1390692 ] } },
{ "type": "Feature", "properties": { "id": 1172, "state": "Ladakh", "state_code": null, "district": "KARGIL", "district_code": 4.0, "sub_district": null, "sub_district_code": null, "sub_district_type": null, "village": "Berokhar", "village_category": "Rural", "village_code": "9704298864" }, "geometry": { "type": "Point", "coordinates": [ 75.9710647, 34.1382593 ] } },
{ "type": "Feature", "properties": { "id": 1173, "state": "Ladakh", "state_code": null, "district": "KARGIL", "district_code": 4.0, "sub_district": null, "sub_district_code": null, "sub_district_type": null, "village": "Pranti", "village_category": "Rural", "village_code": "9704298865" }, "geometry": { "type": "Point", "coordinates": [ 75.9526798, 34.115978 ] } },
{ "type": "Feature", "properties": { "id": 1174, "state": "Ladakh", "state_code": null, "district": "KARGIL", "district_code": 4.0, "sub_district": null, "sub_district_code": null, "sub_district_type": null, "village": "Pursa", "village_category": "Rural", "village_code": "9704298866" }, "geometry": { "type": "Point", "coordinates": [ 75.9654171, 34.1223731 ] } },
{ "type": "Feature", "properties": { "id": 1175, "state": "Ladakh", "state_code": null, "district": "KARGIL", "district_code": 4.0, "sub_district": null, "sub_district_code": null, "sub_district_type": null, "village": "Choskore", "village_category": "Rural", "village_code": "9704298867" }, "geometry": { "type": "Point", "coordinates": [ 75.9492122, 34.1086443 ] } },
{ "type": "Feature", "properties": { "id": 1176, "state": "Ladakh", "state_code": null, "district": "KARGIL", "district_code": 4.0, "sub_district": null, "sub_district_code": null, "sub_district_type": null, "village": "Thulus", "village_category": "Rural", "village_code": "9704298868" }, "geometry": { "type": "Point", "coordinates": [ 75.9590707, 34.1105741 ] } },
{ "type": "Feature", "properties": { "id": 1177, "state": "Ladakh", "state_code": null, "district": "KARGIL", "district_code": 4.0, "sub_district": null, "sub_district_code": null, "sub_district_type": null, "village": "Kochik", "village_category": "Rural", "village_code": "9704298869" }, "geometry": { "type": "Point", "coordinates": [ 75.940765, 34.0914443 ] } },
{ "type": "Feature", "properties": { "id": 1178, "state": "Ladakh", "state_code": null, "district": "KARGIL", "district_code": 4.0, "sub_district": null, "sub_district_code": null, "sub_district_type": null, "village": "Tringoche", "village_category": "Rural", "village_code": "9704298870" }, "geometry": { "type": "Point", "coordinates": [ 75.9230827, 34.0664721 ] } },
{ "type": "Feature", "properties": { "id": 1179, "state": "Ladakh", "state_code": null, "district": "KARGIL", "district_code": 4.0, "sub_district": null, "sub_district_code": null, "sub_district_type": null, "village": "Parkachik Goma", "village_category": "Rural", "village_code": "9704298871" }, "geometry": { "type": "Point", "coordinates": [ 75.9903071, 34.0959771 ] } },
{ "type": "Feature", "properties": { "id": 1180, "state": "Ladakh", "state_code": null, "district": "KARGIL", "district_code": 4.0, "sub_district": null, "sub_district_code": null, "sub_district_type": null, "village": "Parkaryan", "village_category": "Rural", "village_code": "9704298872" }, "geometry": { "type": "Point", "coordinates": [ 75.9835608, 34.0820877 ] } },
{ "type": "Feature", "properties": { "id": 1181, "state": "Ladakh", "state_code": null, "district": "KARGIL", "district_code": 4.0, "sub_district": null, "sub_district_code": null, "sub_district_type": null, "village": "Zulidok", "village_category": "Rural", "village_code": "9704298874" }, "geometry": { "type": "Point", "coordinates": [ 76.3268596, 34.055754 ] } },
{ "type": "Feature", "properties": { "id": 1182, "state": "Ladakh", "state_code": null, "district": "KARGIL", "district_code": 4.0, "sub_district": null, "sub_district_code": null, "sub_district_type": null, "village": "Lankarchey Brok", "village_category": "Rural", "village_code": "9707653078" }, "geometry": { "type": "Point", "coordinates": [ 75.9347856, 34.3241312 ] } },
{ "type": "Feature", "properties": { "id": 1183, "state": "Ladakh", "state_code": null, "district": "LEH", "district_code": 3.0, "sub_district": null, "sub_district_code": null, "sub_district_type": null, "village": "Chhijurcham", "village_category": "Rural", "village_code": "9775354066" }, "geometry": { "type": "Point", "coordinates": [ 77.4834179, 33.5466504 ] } },
{ "type": "Feature", "properties": { "id": 1184, "state": "Ladakh", "state_code": null, "district": "LEH", "district_code": 3.0, "sub_district": null, "sub_district_code": null, "sub_district_type": null, "village": "Nye", "village_category": "Rural", "village_code": "9784284080" }, "geometry": { "type": "Point", "coordinates": [ 77.29795, 34.2748351 ] } },
{ "type": "Feature", "properties": { "id": 1185, "state": "Ladakh", "state_code": null, "district": "LEH", "district_code": 3.0, "sub_district": null, "sub_district_code": null, "sub_district_type": null, "village": "Phakyul", "village_category": "Rural", "village_code": "9784284081" }, "geometry": { "type": "Point", "coordinates": [ 77.2985143, 34.2737832 ] } },
{ "type": "Feature", "properties": { "id": 1186, "state": "Ladakh", "state_code": null, "district": "LEH", "district_code": 3.0, "sub_district": null, "sub_district_code": null, "sub_district_type": null, "village": "Chumkar", "village_category": "Rural", "village_code": "9784284082" }, "geometry": { "type": "Point", "coordinates": [ 77.3402754, 34.1878242 ] } },
{ "type": "Feature", "properties": { "id": 1187, "state": "Ladakh", "state_code": null, "district": "LEH", "district_code": 3.0, "sub_district": null, "sub_district_code": null, "sub_district_type": null, "village": "Lunggoma Phu Thang", "village_category": "Rural", "village_code": "9784284084" }, "geometry": { "type": "Point", "coordinates": [ 77.2149643, 34.3007012 ] } },
{ "type": "Feature", "properties": { "id": 1188, "state": "Ladakh", "state_code": null, "district": "LEH", "district_code": 3.0, "sub_district": null, "sub_district_code": null, "sub_district_type": null, "village": "Pharkaythang", "village_category": "Rural", "village_code": "9784284086" }, "geometry": { "type": "Point", "coordinates": [ 76.9921045, 34.299577 ] } },
{ "type": "Feature", "properties": { "id": 1189, "state": "Ladakh", "state_code": null, "district": "LEH", "district_code": 3.0, "sub_district": null, "sub_district_code": null, "sub_district_type": null, "village": "Khaling", "village_category": "Rural", "village_code": "9784284100" }, "geometry": { "type": "Point", "coordinates": [ 76.9776664, 34.3338977 ] } },
{ "type": "Feature", "properties": { "id": 1190, "state": "Ladakh", "state_code": null, "district": "LEH", "district_code": 3.0, "sub_district": null, "sub_district_code": null, "sub_district_type": null, "village": "Pharka", "village_category": "Rural", "village_code": "9784284101" }, "geometry": { "type": "Point", "coordinates": [ 76.9777115, 34.3413532 ] } },
{ "type": "Feature", "properties": { "id": 1191, "state": "Ladakh", "state_code": null, "district": "LEH", "district_code": 3.0, "sub_district": null, "sub_district_code": null, "sub_district_type": null, "village": "Sokra", "village_category": "Rural", "village_code": "9784284102" }, "geometry": { "type": "Point", "coordinates": [ 76.9707705, 34.3397876 ] } },
{ "type": "Feature", "properties": { "id": 1192, "state": "Ladakh", "state_code": null, "district": "LEH", "district_code": 3.0, "sub_district": null, "sub_district_code": null, "sub_district_type": null, "village": "Charchar", "village_category": "Rural", "village_code": "9784284103" }, "geometry": { "type": "Point", "coordinates": [ 76.9574414, 34.3546317 ] } },
{ "type": "Feature", "properties": { "id": 1193, "state": "Ladakh", "state_code": null, "district": "LEH", "district_code": 3.0, "sub_district": null, "sub_district_code": null, "sub_district_type": null, "village": "Assoo", "village_category": "Rural", "village_code": "9784284105" }, "geometry": { "type": "Point", "coordinates": [ 76.9090656, 34.3082592 ] } },
{ "type": "Feature", "properties": { "id": 1194, "state": "Ladakh", "state_code": null, "district": "KARGIL", "district_code": 4.0, "sub_district": null, "sub_district_code": null, "sub_district_type": null, "village": "Tilari", "village_category": "Rural", "village_code": "9786048779" }, "geometry": { "type": "Point", "coordinates": [ 76.9322348, 33.3909343 ] } },
{ "type": "Feature", "properties": { "id": 1195, "state": "Ladakh", "state_code": null, "district": "KARGIL", "district_code": 4.0, "sub_district": null, "sub_district_code": null, "sub_district_type": null, "village": "Tiul", "village_category": "Rural", "village_code": "9786048780" }, "geometry": { "type": "Point", "coordinates": [ 76.9299549, 33.3881842 ] } },
{ "type": "Feature", "properties": { "id": 1196, "state": "Ladakh", "state_code": null, "district": "KARGIL", "district_code": 4.0, "sub_district": null, "sub_district_code": null, "sub_district_type": null, "village": "Niru", "village_category": "Rural", "village_code": "9786048798" }, "geometry": { "type": "Point", "coordinates": [ 76.9658374, 33.3449234 ] } },
{ "type": "Feature", "properties": { "id": 1197, "state": "Ladakh", "state_code": null, "district": "KARGIL", "district_code": 4.0, "sub_district": null, "sub_district_code": null, "sub_district_type": null, "village": "Mune", "village_category": "Rural", "village_code": "9786048799" }, "geometry": { "type": "Point", "coordinates": [ 76.9515681, 33.348598 ] } },
{ "type": "Feature", "properties": { "id": 1198, "state": "Ladakh", "state_code": null, "district": "KARGIL", "district_code": 4.0, "sub_district": null, "sub_district_code": null, "sub_district_type": null, "village": "Tangze Kongma", "village_category": "Rural", "village_code": "9786085521" }, "geometry": { "type": "Point", "coordinates": [ 77.2141885, 33.1366169 ] } },
{ "type": "Feature", "properties": { "id": 1199, "state": "Ladakh", "state_code": null, "district": "KARGIL", "district_code": 4.0, "sub_district": null, "sub_district_code": null, "sub_district_type": null, "village": "Napal", "village_category": "Rural", "village_code": "9786196380" }, "geometry": { "type": "Point", "coordinates": [ 76.8577015, 33.5234992 ] } },
{ "type": "Feature", "properties": { "id": 1200, "state": "Ladakh", "state_code": null, "district": "KARGIL", "district_code": 4.0, "sub_district": null, "sub_district_code": null, "sub_district_type": null, "village": "Sendo", "village_category": "Rural", "village_code": "9786196381" }, "geometry": { "type": "Point", "coordinates": [ 76.8871093, 33.5306185 ] } },
{ "type": "Feature", "properties": { "id": 1201, "state": "Ladakh", "state_code": null, "district": "KARGIL", "district_code": 4.0, "sub_district": null, "sub_district_code": null, "sub_district_type": null, "village": "Silapi", "village_category": "Rural", "village_code": "9786196392" }, "geometry": { "type": "Point", "coordinates": [ 76.8442208, 33.4947657 ] } },
{ "type": "Feature", "properties": { "id": 1202, "state": "Ladakh", "state_code": null, "district": "KARGIL", "district_code": 4.0, "sub_district": null, "sub_district_code": null, "sub_district_type": null, "village": "Rugruk", "village_category": "Rural", "village_code": "9786196393" }, "geometry": { "type": "Point", "coordinates": [ 76.8745351, 33.4920189 ] } },
{ "type": "Feature", "properties": { "id": 1203, "state": "Ladakh", "state_code": null, "district": "KARGIL", "district_code": 4.0, "sub_district": null, "sub_district_code": null, "sub_district_type": null, "village": "Nerok", "village_category": "Rural", "village_code": "9786196402" }, "geometry": { "type": "Point", "coordinates": [ 76.8596649, 33.4944883 ] } },
{ "type": "Feature", "properties": { "id": 1204, "state": "Ladakh", "state_code": null, "district": "KARGIL", "district_code": 4.0, "sub_district": null, "sub_district_code": null, "sub_district_type": null, "village": "Razam", "village_category": "Rural", "village_code": "9786198430" }, "geometry": { "type": "Point", "coordinates": [ 76.844902, 33.4683317 ] } },
{ "type": "Feature", "properties": { "id": 1205, "state": "Ladakh", "state_code": null, "district": "LEH", "district_code": 3.0, "sub_district": null, "sub_district_code": null, "sub_district_type": null, "village": "Tokpo", "village_category": "Rural", "village_code": "9788311258" }, "geometry": { "type": "Point", "coordinates": [ 77.119925, 34.3068071 ] } },
{ "type": "Feature", "properties": { "id": 1206, "state": "Ladakh", "state_code": null, "district": "LEH", "district_code": 3.0, "sub_district": null, "sub_district_code": null, "sub_district_type": null, "village": "Chulichan", "village_category": "Rural", "village_code": "9788311259" }, "geometry": { "type": "Point", "coordinates": [ 77.1049261, 34.2701267 ] } },
{ "type": "Feature", "properties": { "id": 1207, "state": "Ladakh", "state_code": null, "district": "LEH", "district_code": 3.0, "sub_district": null, "sub_district_code": null, "sub_district_type": null, "village": "Mangyu", "village_category": "Rural", "village_code": "9788319841" }, "geometry": { "type": "Point", "coordinates": [ 77.0523119, 34.2340157 ] } },
{ "type": "Feature", "properties": { "id": 1208, "state": "Ladakh", "state_code": null, "district": "LEH", "district_code": 3.0, "sub_district": null, "sub_district_code": null, "sub_district_type": null, "village": "Zum", "village_category": "Rural", "village_code": "9788319864" }, "geometry": { "type": "Point", "coordinates": [ 77.0213807, 34.2312748 ] } },
{ "type": "Feature", "properties": { "id": 1209, "state": "Ladakh", "state_code": null, "district": "KARGIL", "district_code": 4.0, "sub_district": null, "sub_district_code": null, "sub_district_type": null, "village": "Chhotkang", "village_category": "Rural", "village_code": "9789541726" }, "geometry": { "type": "Point", "coordinates": [ 76.6337156, 34.3203787 ] } },
{ "type": "Feature", "properties": { "id": 1210, "state": "Ladakh", "state_code": null, "district": "KARGIL", "district_code": 4.0, "sub_district": null, "sub_district_code": null, "sub_district_type": null, "village": "Chhatkyang", "village_category": "Rural", "village_code": "9789541809" }, "geometry": { "type": "Point", "coordinates": [ 76.6145324, 34.2264226 ] } },
{ "type": "Feature", "properties": { "id": 1211, "state": "Ladakh", "state_code": null, "district": "KARGIL", "district_code": 4.0, "sub_district": null, "sub_district_code": null, "sub_district_type": null, "village": "Dainglung", "village_category": "Rural", "village_code": "9789541810" }, "geometry": { "type": "Point", "coordinates": [ 76.6159487, 34.2176932 ] } },
{ "type": "Feature", "properties": { "id": 1212, "state": "Ladakh", "state_code": null, "district": "KARGIL", "district_code": 4.0, "sub_district": null, "sub_district_code": null, "sub_district_type": null, "village": "Karokha", "village_category": "Rural", "village_code": "9789541824" }, "geometry": { "type": "Point", "coordinates": [ 76.5733337, 34.1999656 ] } },
{ "type": "Feature", "properties": { "id": 1213, "state": "Ladakh", "state_code": null, "district": "KARGIL", "district_code": 4.0, "sub_district": null, "sub_district_code": null, "sub_district_type": null, "village": "Yarnam", "village_category": "Rural", "village_code": "9789554327" }, "geometry": { "type": "Point", "coordinates": [ 76.5364695, 34.4148803 ] } },
{ "type": "Feature", "properties": { "id": 1214, "state": "Ladakh", "state_code": null, "district": "KARGIL", "district_code": 4.0, "sub_district": null, "sub_district_code": null, "sub_district_type": null, "village": "Takche", "village_category": "Rural", "village_code": "9789562034" }, "geometry": { "type": "Point", "coordinates": [ 76.5425688, 34.3642952 ] } },
{ "type": "Feature", "properties": { "id": 1215, "state": "Ladakh", "state_code": null, "district": "KARGIL", "district_code": 4.0, "sub_district": null, "sub_district_code": null, "sub_district_type": null, "village": "Darak", "village_category": "Rural", "village_code": "9789562043" }, "geometry": { "type": "Point", "coordinates": [ 76.549344, 34.3568291 ] } },
{ "type": "Feature", "properties": { "id": 1216, "state": "Ladakh", "state_code": null, "district": "KARGIL", "district_code": 4.0, "sub_district": null, "sub_district_code": null, "sub_district_type": null, "village": "Tacha Brok", "village_category": "Rural", "village_code": "9789562052" }, "geometry": { "type": "Point", "coordinates": [ 76.5878391, 34.3653845 ] } },
{ "type": "Feature", "properties": { "id": 1217, "state": "Ladakh", "state_code": null, "district": "LEH", "district_code": 3.0, "sub_district": null, "sub_district_code": null, "sub_district_type": null, "village": "Nakding", "village_category": "Rural", "village_code": "9789636492" }, "geometry": { "type": "Point", "coordinates": [ 77.3361406, 33.9370982 ] } },
{ "type": "Feature", "properties": { "id": 1218, "state": "Ladakh", "state_code": null, "district": "LEH", "district_code": 3.0, "sub_district": null, "sub_district_code": null, "sub_district_type": null, "village": "Skyu", "village_category": "Rural", "village_code": "9789636493" }, "geometry": { "type": "Point", "coordinates": [ 77.2765767, 33.9768906 ] } },
{ "type": "Feature", "properties": { "id": 1219, "state": "Ladakh", "state_code": null, "district": "LEH", "district_code": 3.0, "sub_district": null, "sub_district_code": null, "sub_district_type": null, "village": "Skyu", "village_category": "Rural", "village_code": "9789636494" }, "geometry": { "type": "Point", "coordinates": [ 77.2565245, 33.9837321 ] } },
{ "type": "Feature", "properties": { "id": 1220, "state": "Ladakh", "state_code": null, "district": "KARGIL", "district_code": 4.0, "sub_district": null, "sub_district_code": null, "sub_district_type": null, "village": "Kalaksa", "village_category": "Rural", "village_code": "9789636644" }, "geometry": { "type": "Point", "coordinates": [ 76.3795042, 34.3828667 ] } },
{ "type": "Feature", "properties": { "id": 1221, "state": "Ladakh", "state_code": null, "district": "KARGIL", "district_code": 4.0, "sub_district": null, "sub_district_code": null, "sub_district_type": null, "village": "Brok", "village_category": "Rural", "village_code": "9789636645" }, "geometry": { "type": "Point", "coordinates": [ 76.3933801, 34.3837128 ] } },
{ "type": "Feature", "properties": { "id": 1222, "state": "Ladakh", "state_code": null, "district": "KARGIL", "district_code": 4.0, "sub_district": null, "sub_district_code": null, "sub_district_type": null, "village": "Mangshun", "village_category": "Rural", "village_code": "9789636650" }, "geometry": { "type": "Point", "coordinates": [ 76.4304256, 34.3924269 ] } },
{ "type": "Feature", "properties": { "id": 1223, "state": "Ladakh", "state_code": null, "district": "KARGIL", "district_code": 4.0, "sub_district": null, "sub_district_code": null, "sub_district_type": null, "village": "Chhache", "village_category": "Rural", "village_code": "9789636656" }, "geometry": { "type": "Point", "coordinates": [ 76.4329362, 34.3793008 ] } },
{ "type": "Feature", "properties": { "id": 1224, "state": "Ladakh", "state_code": null, "district": "KARGIL", "district_code": 4.0, "sub_district": null, "sub_district_code": null, "sub_district_type": null, "village": "Barsuks", "village_category": "Rural", "village_code": "9789636657" }, "geometry": { "type": "Point", "coordinates": [ 76.4436731, 34.3761574 ] } },
{ "type": "Feature", "properties": { "id": 1225, "state": "Ladakh", "state_code": null, "district": "LEH", "district_code": 3.0, "sub_district": null, "sub_district_code": null, "sub_district_type": null, "village": "Martselang", "village_category": "Rural", "village_code": "9790052166" }, "geometry": { "type": "Point", "coordinates": [ 77.7369069, 33.9060888 ] } },
{ "type": "Feature", "properties": { "id": 1226, "state": "Ladakh", "state_code": null, "district": "LEH", "district_code": 3.0, "sub_district": null, "sub_district_code": null, "sub_district_type": null, "village": "Tagar", "village_category": "Rural", "village_code": "9790052186" }, "geometry": { "type": "Point", "coordinates": [ 78.1502293, 34.0238792 ] } },
{ "type": "Feature", "properties": { "id": 1227, "state": "Ladakh", "state_code": null, "district": "LEH", "district_code": 3.0, "sub_district": null, "sub_district_code": null, "sub_district_type": null, "village": "Sumdo", "village_category": "Rural", "village_code": "9790117736" }, "geometry": { "type": "Point", "coordinates": [ 77.1568883, 34.2910716 ] } },
{ "type": "Feature", "properties": { "id": 1228, "state": "Ladakh", "state_code": null, "district": "LEH", "district_code": 3.0, "sub_district": null, "sub_district_code": null, "sub_district_type": null, "village": "Mangnoz", "village_category": "Rural", "village_code": "9790342246" }, "geometry": { "type": "Point", "coordinates": [ 77.6272296, 34.1292989 ] } },
{ "type": "Feature", "properties": { "id": 1229, "state": "Ladakh", "state_code": null, "district": "LEH", "district_code": 3.0, "sub_district": null, "sub_district_code": null, "sub_district_type": null, "village": "Sakti Tukchu", "village_category": "Rural", "village_code": "9790780884" }, "geometry": { "type": "Point", "coordinates": [ 77.8113875, 33.9924907 ] } },
{ "type": "Feature", "properties": { "id": 1230, "state": "Ladakh", "state_code": null, "district": "LEH", "district_code": 3.0, "sub_district": null, "sub_district_code": null, "sub_district_type": null, "village": "Taknak", "village_category": "Rural", "village_code": "9790780885" }, "geometry": { "type": "Point", "coordinates": [ 77.8204168, 34.0206382 ] } },
{ "type": "Feature", "properties": { "id": 1231, "state": "Ladakh", "state_code": null, "district": "LEH", "district_code": 3.0, "sub_district": null, "sub_district_code": null, "sub_district_type": null, "village": "Tagar Sakti", "village_category": "Rural", "village_code": "9790780886" }, "geometry": { "type": "Point", "coordinates": [ 77.8601827, 34.0043113 ] } },
{ "type": "Feature", "properties": { "id": 1232, "state": "Ladakh", "state_code": null, "district": "LEH", "district_code": 3.0, "sub_district": null, "sub_district_code": null, "sub_district_type": null, "village": "Nemgo", "village_category": "Rural", "village_code": "9790780887" }, "geometry": { "type": "Point", "coordinates": [ 78.1029686, 34.1206711 ] } },
{ "type": "Feature", "properties": { "id": 1233, "state": "Ladakh", "state_code": null, "district": "LEH", "district_code": 3.0, "sub_district": null, "sub_district_code": null, "sub_district_type": null, "village": "Migma", "village_category": "Rural", "village_code": "9792036457" }, "geometry": { "type": "Point", "coordinates": [ 78.2869542, 33.8829083 ] } },
{ "type": "Feature", "properties": { "id": 1234, "state": "Ladakh", "state_code": null, "district": "LEH", "district_code": 3.0, "sub_district": null, "sub_district_code": null, "sub_district_type": null, "village": "Gyabsar", "village_category": "Rural", "village_code": "9793160095" }, "geometry": { "type": "Point", "coordinates": [ 78.1091626, 33.9938094 ] } },
{ "type": "Feature", "properties": { "id": 1235, "state": "Ladakh", "state_code": null, "district": "LEH", "district_code": 3.0, "sub_district": null, "sub_district_code": null, "sub_district_type": null, "village": "Pharka", "village_category": "Rural", "village_code": "9793160096" }, "geometry": { "type": "Point", "coordinates": [ 78.1081535, 33.9848558 ] } },
{ "type": "Feature", "properties": { "id": 1236, "state": "Ladakh", "state_code": null, "district": "LEH", "district_code": 3.0, "sub_district": null, "sub_district_code": null, "sub_district_type": null, "village": "Sapchak", "village_category": "Rural", "village_code": "9793160097" }, "geometry": { "type": "Point", "coordinates": [ 78.1018024, 33.9835708 ] } },
{ "type": "Feature", "properties": { "id": 1237, "state": "Ladakh", "state_code": null, "district": "LEH", "district_code": 3.0, "sub_district": null, "sub_district_code": null, "sub_district_type": null, "village": "Harong", "village_category": "Rural", "village_code": "9793160098" }, "geometry": { "type": "Point", "coordinates": [ 78.2445344, 33.946976 ] } },
{ "type": "Feature", "properties": { "id": 1238, "state": "Ladakh", "state_code": null, "district": "LEH", "district_code": 3.0, "sub_district": null, "sub_district_code": null, "sub_district_type": null, "village": "Ruzom", "village_category": "Rural", "village_code": "9793495140" }, "geometry": { "type": "Point", "coordinates": [ 78.3612299, 33.1662231 ] } },
{ "type": "Feature", "properties": { "id": 1239, "state": "Ladakh", "state_code": null, "district": "LEH", "district_code": 3.0, "sub_district": null, "sub_district_code": null, "sub_district_type": null, "village": "Namshang", "village_category": "Rural", "village_code": "9793495141" }, "geometry": { "type": "Point", "coordinates": [ 78.3561658, 33.1519962 ] } },
{ "type": "Feature", "properties": { "id": 1240, "state": "Ladakh", "state_code": null, "district": "LEH", "district_code": 3.0, "sub_district": null, "sub_district_code": null, "sub_district_type": null, "village": "Parma", "village_category": "Rural", "village_code": "9793495355" }, "geometry": { "type": "Point", "coordinates": [ 78.3969945, 33.7768912 ] } },
{ "type": "Feature", "properties": { "id": 1241, "state": "Ladakh", "state_code": null, "district": "LEH", "district_code": 3.0, "sub_district": null, "sub_district_code": null, "sub_district_type": null, "village": "Ritar", "village_category": "Rural", "village_code": "9793497367" }, "geometry": { "type": "Point", "coordinates": [ 77.9918039, 33.6331569 ] } },
{ "type": "Feature", "properties": { "id": 1242, "state": "Ladakh", "state_code": null, "district": "LEH", "district_code": 3.0, "sub_district": null, "sub_district_code": null, "sub_district_type": null, "village": "Zakle", "village_category": "Rural", "village_code": "9793497368" }, "geometry": { "type": "Point", "coordinates": [ 77.9939389, 33.6373642 ] } },
{ "type": "Feature", "properties": { "id": 1243, "state": "Ladakh", "state_code": null, "district": "KARGIL", "district_code": 4.0, "sub_district": null, "sub_district_code": null, "sub_district_type": null, "village": "Bakartse", "village_category": "Rural", "village_code": "9795409124" }, "geometry": { "type": "Point", "coordinates": [ 76.631763, 33.6462158 ] } },
{ "type": "Feature", "properties": { "id": 1244, "state": "Ladakh", "state_code": null, "district": "KARGIL", "district_code": 4.0, "sub_district": null, "sub_district_code": null, "sub_district_type": null, "village": "Skyagam", "village_category": "Rural", "village_code": "9795409170" }, "geometry": { "type": "Point", "coordinates": [ 76.649281, 33.648161 ] } },
{ "type": "Feature", "properties": { "id": 1245, "state": "Ladakh", "state_code": null, "district": "LEH", "district_code": 3.0, "sub_district": null, "sub_district_code": null, "sub_district_type": null, "village": "Kyagar", "village_category": "Rural", "village_code": "9818697232" }, "geometry": { "type": "Point", "coordinates": [ 77.6136355, 34.6389897 ] } },
{ "type": "Feature", "properties": { "id": 1246, "state": "Ladakh", "state_code": null, "district": "LEH", "district_code": 3.0, "sub_district": null, "sub_district_code": null, "sub_district_type": null, "village": "Kobet", "village_category": "Rural", "village_code": "9818775612" }, "geometry": { "type": "Point", "coordinates": [ 77.4965329, 34.8183294 ] } },
{ "type": "Feature", "properties": { "id": 1247, "state": "Ladakh", "state_code": null, "district": "LEH", "district_code": 3.0, "sub_district": null, "sub_district_code": null, "sub_district_type": null, "village": "Gonbo", "village_category": "Rural", "village_code": "9818783373" }, "geometry": { "type": "Point", "coordinates": [ 77.3460542, 35.0295962 ] } },
{ "type": "Feature", "properties": { "id": 1248, "state": "Ladakh", "state_code": null, "district": "LEH", "district_code": 3.0, "sub_district": null, "sub_district_code": null, "sub_district_type": null, "village": "Aranu Gongma", "village_category": "Rural", "village_code": "9818803440" }, "geometry": { "type": "Point", "coordinates": [ 77.4639369, 34.8816703 ] } },
{ "type": "Feature", "properties": { "id": 1249, "state": "Ladakh", "state_code": null, "district": "LEH", "district_code": 3.0, "sub_district": null, "sub_district_code": null, "sub_district_type": null, "village": "Tsamskangchan", "village_category": "Rural", "village_code": "9818803468" }, "geometry": { "type": "Point", "coordinates": [ 77.2188048, 35.1906536 ] } },
{ "type": "Feature", "properties": { "id": 1250, "state": "Ladakh", "state_code": null, "district": "KARGIL", "district_code": 4.0, "sub_district": null, "sub_district_code": null, "sub_district_type": null, "village": "Sumdo", "village_category": "Rural", "village_code": "9820968025" }, "geometry": { "type": "Point", "coordinates": [ 77.0733833, 33.650726 ] } },
{ "type": "Feature", "properties": { "id": 1251, "state": "Ladakh", "state_code": null, "district": "KARGIL", "district_code": 4.0, "sub_district": null, "sub_district_code": null, "sub_district_type": null, "village": "Niri", "village_category": "Rural", "village_code": "9820968026" }, "geometry": { "type": "Point", "coordinates": [ 77.2235012, 33.4599095 ] } },
{ "type": "Feature", "properties": { "id": 1252, "state": "Ladakh", "state_code": null, "district": "LEH", "district_code": 3.0, "sub_district": null, "sub_district_code": null, "sub_district_type": null, "village": "Kharnak", "village_category": "Rural", "village_code": "9820969104" }, "geometry": { "type": "Point", "coordinates": [ 77.6442432, 33.3842604 ] } },
{ "type": "Feature", "properties": { "id": 1253, "state": "Ladakh", "state_code": null, "district": "LEH", "district_code": 3.0, "sub_district": null, "sub_district_code": null, "sub_district_type": null, "village": "Yol", "village_category": "Rural", "village_code": "9821359686" }, "geometry": { "type": "Point", "coordinates": [ 78.1072391, 34.1181387 ] } },
{ "type": "Feature", "properties": { "id": 1254, "state": "Ladakh", "state_code": null, "district": "LEH", "district_code": 3.0, "sub_district": null, "sub_district_code": null, "sub_district_type": null, "village": "Nago", "village_category": "Rural", "village_code": "9821359703" }, "geometry": { "type": "Point", "coordinates": [ 78.9820212, 32.7835183 ] } },
{ "type": "Feature", "properties": { "id": 1255, "state": "Ladakh", "state_code": null, "district": "LEH", "district_code": 3.0, "sub_district": null, "sub_district_code": null, "sub_district_type": null, "village": "Thjalkha", "village_category": "Rural", "village_code": "9821359704" }, "geometry": { "type": "Point", "coordinates": [ 78.9830055, 32.7998073 ] } },
{ "type": "Feature", "properties": { "id": 1256, "state": "Ladakh", "state_code": null, "district": "LEH", "district_code": 3.0, "sub_district": null, "sub_district_code": null, "sub_district_type": null, "village": "Kardhang", "village_category": "Rural", "village_code": "9821359707" }, "geometry": { "type": "Point", "coordinates": [ 78.0984318, 33.6281624 ] } },
{ "type": "Feature", "properties": { "id": 1257, "state": "Ladakh", "state_code": null, "district": "LEH", "district_code": 3.0, "sub_district": null, "sub_district_code": null, "sub_district_type": null, "village": "Paretha", "village_category": "Rural", "village_code": "9821359708" }, "geometry": { "type": "Point", "coordinates": [ 78.1141441, 33.6441995 ] } },
{ "type": "Feature", "properties": { "id": 1258, "state": "Ladakh", "state_code": null, "district": "LEH", "district_code": 3.0, "sub_district": null, "sub_district_code": null, "sub_district_type": null, "village": "Roang", "village_category": "Rural", "village_code": "9821359709" }, "geometry": { "type": "Point", "coordinates": [ 78.136274, 33.6383579 ] } },
{ "type": "Feature", "properties": { "id": 1259, "state": "Ladakh", "state_code": null, "district": "LEH", "district_code": 3.0, "sub_district": null, "sub_district_code": null, "sub_district_type": null, "village": "Riyunkha", "village_category": "Rural", "village_code": "9822791840" }, "geometry": { "type": "Point", "coordinates": [ 76.9429958, 34.1058884 ] } },
{ "type": "Feature", "properties": { "id": 1260, "state": "Ladakh", "state_code": null, "district": "LEH", "district_code": 3.0, "sub_district": null, "sub_district_code": null, "sub_district_type": null, "village": "Yangsang", "village_category": "Rural", "village_code": "9822792081" }, "geometry": { "type": "Point", "coordinates": [ 76.9492377, 34.1810267 ] } },
{ "type": "Feature", "properties": { "id": 1261, "state": "Ladakh", "state_code": null, "district": "KARGIL", "district_code": 4.0, "sub_district": null, "sub_district_code": null, "sub_district_type": null, "village": "Railas", "village_category": "Rural", "village_code": "9822927538" }, "geometry": { "type": "Point", "coordinates": [ 76.4538722, 34.2061481 ] } },
{ "type": "Feature", "properties": { "id": 1262, "state": "Ladakh", "state_code": null, "district": "KARGIL", "district_code": 4.0, "sub_district": null, "sub_district_code": null, "sub_district_type": null, "village": "Rijong", "village_category": "Rural", "village_code": "9822994991" }, "geometry": { "type": "Point", "coordinates": [ 76.2870991, 34.3671558 ] } },
{ "type": "Feature", "properties": { "id": 1263, "state": "Ladakh", "state_code": null, "district": "LEH", "district_code": 3.0, "sub_district": null, "sub_district_code": null, "sub_district_type": null, "village": "Larsa", "village_category": "Rural", "village_code": "9822995075" }, "geometry": { "type": "Point", "coordinates": [ 76.714198, 34.2898872 ] } },
{ "type": "Feature", "properties": { "id": 1264, "state": "Ladakh", "state_code": null, "district": "LEH", "district_code": 3.0, "sub_district": null, "sub_district_code": null, "sub_district_type": null, "village": "Pamz", "village_category": "Rural", "village_code": "9822995076" }, "geometry": { "type": "Point", "coordinates": [ 76.7202973, 34.2755526 ] } },
{ "type": "Feature", "properties": { "id": 1265, "state": "Ladakh", "state_code": null, "district": "LEH", "district_code": 3.0, "sub_district": null, "sub_district_code": null, "sub_district_type": null, "village": "Braknak", "village_category": "Rural", "village_code": "9822995077" }, "geometry": { "type": "Point", "coordinates": [ 76.7172155, 34.3014629 ] } },
{ "type": "Feature", "properties": { "id": 1266, "state": "Ladakh", "state_code": null, "district": "LEH", "district_code": 3.0, "sub_district": null, "sub_district_code": null, "sub_district_type": null, "village": "Atiche", "village_category": "Rural", "village_code": "9822995078" }, "geometry": { "type": "Point", "coordinates": [ 76.7323807, 34.3003129 ] } },
{ "type": "Feature", "properties": { "id": 1267, "state": "Ladakh", "state_code": null, "district": "LEH", "district_code": 3.0, "sub_district": null, "sub_district_code": null, "sub_district_type": null, "village": "Kalkul", "village_category": "Rural", "village_code": "9822995079" }, "geometry": { "type": "Point", "coordinates": [ 76.706728, 34.3037451 ] } },
{ "type": "Feature", "properties": { "id": 1268, "state": "Ladakh", "state_code": null, "district": "KARGIL", "district_code": 4.0, "sub_district": null, "sub_district_code": null, "sub_district_type": null, "village": "Changlang", "village_category": "Rural", "village_code": "9822995080" }, "geometry": { "type": "Point", "coordinates": [ 76.6924319, 34.3154009 ] } },
{ "type": "Feature", "properties": { "id": 1269, "state": "Ladakh", "state_code": null, "district": "KARGIL", "district_code": 4.0, "sub_district": null, "sub_district_code": null, "sub_district_type": null, "village": "Shanglang", "village_category": "Rural", "village_code": "9822995081" }, "geometry": { "type": "Point", "coordinates": [ 76.6697385, 34.3183128 ] } },
{ "type": "Feature", "properties": { "id": 1270, "state": "Ladakh", "state_code": null, "district": "KARGIL", "district_code": 4.0, "sub_district": null, "sub_district_code": null, "sub_district_type": null, "village": "Congmathang", "village_category": "Rural", "village_code": "9822995083" }, "geometry": { "type": "Point", "coordinates": [ 76.5680954, 34.4068433 ] } },
{ "type": "Feature", "properties": { "id": 1271, "state": "Ladakh", "state_code": null, "district": "KARGIL", "district_code": 4.0, "sub_district": null, "sub_district_code": null, "sub_district_type": null, "village": "Dwelling", "village_category": "Rural", "village_code": "9822995084" }, "geometry": { "type": "Point", "coordinates": [ 76.5089875, 34.4234918 ] } },
{ "type": "Feature", "properties": { "id": 1272, "state": "Ladakh", "state_code": null, "district": "KARGIL", "district_code": 4.0, "sub_district": null, "sub_district_code": null, "sub_district_type": null, "village": "Dwelling", "village_category": "Rural", "village_code": "9822995106" }, "geometry": { "type": "Point", "coordinates": [ 76.4831927, 34.3894521 ] } },
{ "type": "Feature", "properties": { "id": 1273, "state": "Ladakh", "state_code": null, "district": "KARGIL", "district_code": 4.0, "sub_district": null, "sub_district_code": null, "sub_district_type": null, "village": "Siksor", "village_category": "Rural", "village_code": "9822995107" }, "geometry": { "type": "Point", "coordinates": [ 76.4741752, 34.3988232 ] } },
{ "type": "Feature", "properties": { "id": 1274, "state": "Ladakh", "state_code": null, "district": "LEH", "district_code": 3.0, "sub_district": null, "sub_district_code": null, "sub_district_type": null, "village": "Sarar", "village_category": "Rural", "village_code": "9826739375" }, "geometry": { "type": "Point", "coordinates": [ 77.6610649, 34.4012093 ] } },
{ "type": "Feature", "properties": { "id": 1275, "state": "Ladakh", "state_code": null, "district": "LEH", "district_code": 3.0, "sub_district": null, "sub_district_code": null, "sub_district_type": null, "village": "Kharik", "village_category": "Rural", "village_code": "9826739376" }, "geometry": { "type": "Point", "coordinates": [ 77.6789019, 34.3890122 ] } },
{ "type": "Feature", "properties": { "id": 1276, "state": "Ladakh", "state_code": null, "district": "LEH", "district_code": 3.0, "sub_district": null, "sub_district_code": null, "sub_district_type": null, "village": "Pharka", "village_category": "Rural", "village_code": "9826739377" }, "geometry": { "type": "Point", "coordinates": [ 77.6761034, 34.3773611 ] } },
{ "type": "Feature", "properties": { "id": 1277, "state": "Ladakh", "state_code": null, "district": "LEH", "district_code": 3.0, "sub_district": null, "sub_district_code": null, "sub_district_type": null, "village": "Rasaumo", "village_category": "Rural", "village_code": "9826739378" }, "geometry": { "type": "Point", "coordinates": [ 77.6450819, 34.3796116 ] } },
{ "type": "Feature", "properties": { "id": 1278, "state": "Ladakh", "state_code": null, "district": "LEH", "district_code": 3.0, "sub_district": null, "sub_district_code": null, "sub_district_type": null, "village": "Changdot", "village_category": "Rural", "village_code": "9826739379" }, "geometry": { "type": "Point", "coordinates": [ 77.6502204, 34.3756594 ] } },
{ "type": "Feature", "properties": { "id": 1279, "state": "Ladakh", "state_code": null, "district": "LEH", "district_code": 3.0, "sub_district": null, "sub_district_code": null, "sub_district_type": null, "village": "Peochan", "village_category": "Rural", "village_code": "9826739380" }, "geometry": { "type": "Point", "coordinates": [ 77.6755594, 34.4915983 ] } },
{ "type": "Feature", "properties": { "id": 1280, "state": "Ladakh", "state_code": null, "district": "LEH", "district_code": 3.0, "sub_district": null, "sub_district_code": null, "sub_district_type": null, "village": "Yarnam", "village_category": "Rural", "village_code": "9826739381" }, "geometry": { "type": "Point", "coordinates": [ 77.670169, 34.4914698 ] } },
{ "type": "Feature", "properties": { "id": 1281, "state": "Ladakh", "state_code": null, "district": "LEH", "district_code": 3.0, "sub_district": null, "sub_district_code": null, "sub_district_type": null, "village": "Kinchu", "village_category": "Rural", "village_code": "9826739386" }, "geometry": { "type": "Point", "coordinates": [ 77.487011, 34.8268496 ] } },
{ "type": "Feature", "properties": { "id": 1282, "state": "Ladakh", "state_code": null, "district": "LEH", "district_code": 3.0, "sub_district": null, "sub_district_code": null, "sub_district_type": null, "village": "Hora Sosten", "village_category": "Rural", "village_code": "9826739388" }, "geometry": { "type": "Point", "coordinates": [ 77.3557818, 34.682507 ] } },
{ "type": "Feature", "properties": { "id": 1283, "state": "Ladakh", "state_code": null, "district": "LEH", "district_code": 3.0, "sub_district": null, "sub_district_code": null, "sub_district_type": null, "village": "Pachhathang", "village_category": "Rural", "village_code": "9826739393" }, "geometry": { "type": "Point", "coordinates": [ 77.1967085, 34.8827796 ] } },
{ "type": "Feature", "properties": { "id": 1284, "state": "Ladakh", "state_code": null, "district": "LEH", "district_code": 3.0, "sub_district": null, "sub_district_code": null, "sub_district_type": null, "village": "Gunesthang", "village_category": "Rural", "village_code": "9826768420" }, "geometry": { "type": "Point", "coordinates": [ 77.0322004, 34.8048013 ] } },
{ "type": "Feature", "properties": { "id": 1285, "state": "Ladakh", "state_code": null, "district": "LEH", "district_code": 3.0, "sub_district": null, "sub_district_code": null, "sub_district_type": null, "village": "Shokpa", "village_category": "Rural", "village_code": "9826768423" }, "geometry": { "type": "Point", "coordinates": [ 77.0482949, 34.879948 ] } },
{ "type": "Feature", "properties": { "id": 1286, "state": "Ladakh", "state_code": null, "district": "LEH", "district_code": 3.0, "sub_district": null, "sub_district_code": null, "sub_district_type": null, "village": "Zagalnakchan", "village_category": "Rural", "village_code": "9828643209" }, "geometry": { "type": "Point", "coordinates": [ 76.9397209, 34.7579528 ] } },
{ "type": "Feature", "properties": { "id": 1287, "state": "Ladakh", "state_code": null, "district": "LEH", "district_code": 3.0, "sub_district": null, "sub_district_code": null, "sub_district_type": null, "village": "Tyakshi Pachathang", "village_category": "Rural", "village_code": "9828643216" }, "geometry": { "type": "Point", "coordinates": [ 76.7956508, 34.8932472 ] } },
{ "type": "Feature", "properties": { "id": 1288, "state": "Ladakh", "state_code": null, "district": "LEH", "district_code": 3.0, "sub_district": null, "sub_district_code": null, "sub_district_type": null, "village": "Khaktsa", "village_category": "Rural", "village_code": "9829040503" }, "geometry": { "type": "Point", "coordinates": [ 78.0466816, 33.7592464 ] } },
{ "type": "Feature", "properties": { "id": 1289, "state": "Ladakh", "state_code": null, "district": "LEH", "district_code": 3.0, "sub_district": null, "sub_district_code": null, "sub_district_type": null, "village": "Chekhar", "village_category": "Rural", "village_code": "9829040506" }, "geometry": { "type": "Point", "coordinates": [ 77.9272295, 33.8335936 ] } },
{ "type": "Feature", "properties": { "id": 1290, "state": "Ladakh", "state_code": null, "district": "LEH", "district_code": 3.0, "sub_district": null, "sub_district_code": null, "sub_district_type": null, "village": "Sheroph", "village_category": "Rural", "village_code": "9829040507" }, "geometry": { "type": "Point", "coordinates": [ 77.9308805, 33.842881 ] } },
{ "type": "Feature", "properties": { "id": 1291, "state": "Ladakh", "state_code": null, "district": "LEH", "district_code": 3.0, "sub_district": null, "sub_district_code": null, "sub_district_type": null, "village": "Dango", "village_category": "Rural", "village_code": "9829040508" }, "geometry": { "type": "Point", "coordinates": [ 77.7809589, 33.8885538 ] } },
{ "type": "Feature", "properties": { "id": 1292, "state": "Ladakh", "state_code": null, "district": "LEH", "district_code": 3.0, "sub_district": null, "sub_district_code": null, "sub_district_type": null, "village": "Sale", "village_category": "Rural", "village_code": "9829040509" }, "geometry": { "type": "Point", "coordinates": [ 77.7831583, 33.8928602 ] } },
{ "type": "Feature", "properties": { "id": 1293, "state": "Ladakh", "state_code": null, "district": "LEH", "district_code": 3.0, "sub_district": null, "sub_district_code": null, "sub_district_type": null, "village": "Angopa", "village_category": "Rural", "village_code": "9829040510" }, "geometry": { "type": "Point", "coordinates": [ 77.7936266, 33.8964756 ] } },
{ "type": "Feature", "properties": { "id": 1294, "state": "Ladakh", "state_code": null, "district": "LEH", "district_code": 3.0, "sub_district": null, "sub_district_code": null, "sub_district_type": null, "village": "Jarapa", "village_category": "Rural", "village_code": "9829040511" }, "geometry": { "type": "Point", "coordinates": [ 77.7943558, 33.8987965 ] } },
{ "type": "Feature", "properties": { "id": 1295, "state": "Ladakh", "state_code": null, "district": "LEH", "district_code": 3.0, "sub_district": null, "sub_district_code": null, "sub_district_type": null, "village": "Sewachan", "village_category": "Rural", "village_code": "9829040512" }, "geometry": { "type": "Point", "coordinates": [ 77.8090388, 33.9009448 ] } },
{ "type": "Feature", "properties": { "id": 1296, "state": "Ladakh", "state_code": null, "district": "LEH", "district_code": 3.0, "sub_district": null, "sub_district_code": null, "sub_district_type": null, "village": "Tokposuru", "village_category": "Rural", "village_code": "9829040513" }, "geometry": { "type": "Point", "coordinates": [ 77.8284684, 33.9058099 ] } },
{ "type": "Feature", "properties": { "id": 1297, "state": "Ladakh", "state_code": null, "district": "LEH", "district_code": 3.0, "sub_district": null, "sub_district_code": null, "sub_district_type": null, "village": "Chasur", "village_category": "Rural", "village_code": "9829040515" }, "geometry": { "type": "Point", "coordinates": [ 77.8343611, 33.9099735 ] } },
{ "type": "Feature", "properties": { "id": 1298, "state": "Ladakh", "state_code": null, "district": "LEH", "district_code": 3.0, "sub_district": null, "sub_district_code": null, "sub_district_type": null, "village": "Igoo", "village_category": "Rural", "village_code": "9829040516" }, "geometry": { "type": "Point", "coordinates": [ 77.8104824, 33.9073275 ] } },
{ "type": "Feature", "properties": { "id": 1299, "state": "Ladakh", "state_code": null, "district": "LEH", "district_code": 3.0, "sub_district": null, "sub_district_code": null, "sub_district_type": null, "village": "Pura", "village_category": "Rural", "village_code": "9829092817" }, "geometry": { "type": "Point", "coordinates": [ 77.801097, 33.9008895 ] } },
{ "type": "Feature", "properties": { "id": 1300, "state": "Ladakh", "state_code": null, "district": "LEH", "district_code": 3.0, "sub_district": null, "sub_district_code": null, "sub_district_type": null, "village": "Math", "village_category": "Rural", "village_code": "9829092818" }, "geometry": { "type": "Point", "coordinates": [ 77.7913061, 33.8984241 ] } },
{ "type": "Feature", "properties": { "id": 1301, "state": "Ladakh", "state_code": null, "district": "LEH", "district_code": 3.0, "sub_district": null, "sub_district_code": null, "sub_district_type": null, "village": "Piyo", "village_category": "Rural", "village_code": "9829628805" }, "geometry": { "type": "Point", "coordinates": [ 77.7988329, 33.9698099 ] } },
{ "type": "Feature", "properties": { "id": 1302, "state": "Ladakh", "state_code": null, "district": "LEH", "district_code": 3.0, "sub_district": null, "sub_district_code": null, "sub_district_type": null, "village": "Khaltsiyognos", "village_category": "Rural", "village_code": "9829628806" }, "geometry": { "type": "Point", "coordinates": [ 77.7820781, 33.9523796 ] } },
{ "type": "Feature", "properties": { "id": 1303, "state": "Ladakh", "state_code": null, "district": "LEH", "district_code": 3.0, "sub_district": null, "sub_district_code": null, "sub_district_type": null, "village": "Pani", "village_category": "Rural", "village_code": "9829628808" }, "geometry": { "type": "Point", "coordinates": [ 77.6537473, 33.9974421 ] } },
{ "type": "Feature", "properties": { "id": 1304, "state": "Ladakh", "state_code": null, "district": "LEH", "district_code": 3.0, "sub_district": null, "sub_district_code": null, "sub_district_type": null, "village": "Nolabuk", "village_category": "Rural", "village_code": "9829628809" }, "geometry": { "type": "Point", "coordinates": [ 77.6390605, 33.9926965 ] } },
{ "type": "Feature", "properties": { "id": 1305, "state": "Ladakh", "state_code": null, "district": "LEH", "district_code": 3.0, "sub_district": null, "sub_district_code": null, "sub_district_type": null, "village": "Tuchik", "village_category": "Rural", "village_code": "9829628813" }, "geometry": { "type": "Point", "coordinates": [ 77.5727758, 34.0216538 ] } },
{ "type": "Feature", "properties": { "id": 1306, "state": "Ladakh", "state_code": null, "district": "LEH", "district_code": 3.0, "sub_district": null, "sub_district_code": null, "sub_district_type": null, "village": "Shashaina", "village_category": "Rural", "village_code": "9829628814" }, "geometry": { "type": "Point", "coordinates": [ 77.6752828, 34.0105344 ] } },
{ "type": "Feature", "properties": { "id": 1307, "state": "Ladakh", "state_code": null, "district": "LEH", "district_code": 3.0, "sub_district": null, "sub_district_code": null, "sub_district_type": null, "village": "Olchung", "village_category": "Rural", "village_code": "9829628815" }, "geometry": { "type": "Point", "coordinates": [ 77.6881118, 34.1020526 ] } },
{ "type": "Feature", "properties": { "id": 1308, "state": "Ladakh", "state_code": null, "district": "LEH", "district_code": 3.0, "sub_district": null, "sub_district_code": null, "sub_district_type": null, "village": "Karu", "village_category": "Rural", "village_code": "9830595238" }, "geometry": { "type": "Point", "coordinates": [ 77.7642751, 33.9419187 ] } },
{ "type": "Feature", "properties": { "id": 1309, "state": "Ladakh", "state_code": null, "district": "LEH", "district_code": 3.0, "sub_district": null, "sub_district_code": null, "sub_district_type": null, "village": "کاندے", "village_category": "Rural", "village_code": "9883342837" }, "geometry": { "type": "Point", "coordinates": [ 76.369107, 35.38682 ] } },
{ "type": "Feature", "properties": { "id": 1310, "state": "Ladakh", "state_code": null, "district": "LEH", "district_code": 3.0, "sub_district": null, "sub_district_code": null, "sub_district_type": null, "village": "Kartse", "village_category": "Rural", "village_code": "9891971988" }, "geometry": { "type": "Point", "coordinates": [ 77.7423863, 33.6365091 ] } },
{ "type": "Feature", "properties": { "id": 1311, "state": "Ladakh", "state_code": null, "district": "LEH", "district_code": 3.0, "sub_district": null, "sub_district_code": null, "sub_district_type": null, "village": "Murmeik", "village_category": "Rural", "village_code": "9891971993" }, "geometry": { "type": "Point", "coordinates": [ 77.1516808, 34.1439409 ] } },
{ "type": "Feature", "properties": { "id": 1312, "state": "Ladakh", "state_code": null, "district": "LEH", "district_code": 3.0, "sub_district": null, "sub_district_code": null, "sub_district_type": null, "village": "Shang Phu", "village_category": "Rural", "village_code": "9911294511" }, "geometry": { "type": "Point", "coordinates": [ 77.6140684, 33.8787176 ] } },
{ "type": "Feature", "properties": { "id": 1313, "state": "Ladakh", "state_code": null, "district": "LEH", "district_code": 3.0, "sub_district": null, "sub_district_code": null, "sub_district_type": null, "village": "Unnamed Hamlet", "village_category": "Rural", "village_code": "9955651338" }, "geometry": { "type": "Point", "coordinates": [ 76.8250322, 34.8622359 ] } },
{ "type": "Feature", "properties": { "id": 1314, "state": "Ladakh", "state_code": null, "district": "LEH", "district_code": 3.0, "sub_district": null, "sub_district_code": null, "sub_district_type": null, "village": "Unnamed Hamlet", "village_category": "Rural", "village_code": "9955651359" }, "geometry": { "type": "Point", "coordinates": [ 76.8267381, 34.855545 ] } },
{ "type": "Feature", "properties": { "id": 1315, "state": "Ladakh", "state_code": null, "district": "LEH", "district_code": 3.0, "sub_district": null, "sub_district_code": null, "sub_district_type": null, "village": "Chulungkha Thang", "village_category": "Rural", "village_code": "9955715728" }, "geometry": { "type": "Point", "coordinates": [ 76.948725, 34.8173795 ] } },
{ "type": "Feature", "properties": { "id": 1316, "state": "Ladakh", "state_code": null, "district": "LEH", "district_code": 3.0, "sub_district": null, "sub_district_code": null, "sub_district_type": null, "village": "Rongdo", "village_category": "Rural", "village_code": "9969929181" }, "geometry": { "type": "Point", "coordinates": [ 77.7890225, 34.410279 ] } },
{ "type": "Feature", "properties": { "id": 1317, "state": "Ladakh", "state_code": null, "district": "LEH", "district_code": 3.0, "sub_district": null, "sub_district_code": null, "sub_district_type": null, "village": "Rabsta", "village_category": "Rural", "village_code": "9976598442" }, "geometry": { "type": "Point", "coordinates": [ 77.364575, 34.249803 ] } },
{ "type": "Feature", "properties": { "id": 1318, "state": "Ladakh", "state_code": null, "district": "LEH", "district_code": 3.0, "sub_district": null, "sub_district_code": null, "sub_district_type": null, "village": "Arandu", "village_category": "Rural", "village_code": "9984541434" }, "geometry": { "type": "Point", "coordinates": [ 75.3351286, 35.8662186 ] } },
{ "type": "Feature", "properties": { "id": 1319, "state": "Ladakh", "state_code": null, "district": "LEH", "district_code": 3.0, "sub_district": null, "sub_district_code": null, "sub_district_type": null, "village": "Bisil", "village_category": "Rural", "village_code": "9984541435" }, "geometry": { "type": "Point", "coordinates": [ 75.3989813, 35.8736879 ] } },
{ "type": "Feature", "properties": { "id": 1320, "state": "Ladakh", "state_code": null, "district": "KARGIL", "district_code": 4.0, "sub_district": null, "sub_district_code": null, "sub_district_type": null, "village": "Machhoi", "village_category": "Rural", "village_code": "10028683386" }, "geometry": { "type": "Point", "coordinates": [ 75.5216469, 34.3060133 ] } },
{ "type": "Feature", "properties": { "id": 1321, "state": "Ladakh", "state_code": null, "district": "KARGIL", "district_code": 4.0, "sub_district": null, "sub_district_code": null, "sub_district_type": null, "village": "HAWS", "village_category": "Rural", "village_code": "10028683387" }, "geometry": { "type": "Point", "coordinates": [ 75.5267014, 34.3098929 ] } },
{ "type": "Feature", "properties": { "id": 1322, "state": "Ladakh", "state_code": null, "district": "KARGIL", "district_code": 4.0, "sub_district": null, "sub_district_code": null, "sub_district_type": null, "village": "Dargoo", "village_category": "Rural", "village_code": "10092019877" }, "geometry": { "type": "Point", "coordinates": [ 76.649026, 34.4852312 ] } },
{ "type": "Feature", "properties": { "id": 1323, "state": "Ladakh", "state_code": null, "district": "LEH", "district_code": 3.0, "sub_district": null, "sub_district_code": null, "sub_district_type": null, "village": "Achinathang Yogma", "village_category": "Rural", "village_code": "10092019902" }, "geometry": { "type": "Point", "coordinates": [ 76.627758, 34.5056929 ] } },
{ "type": "Feature", "properties": { "id": 1324, "state": "Ladakh", "state_code": null, "district": "KARGIL", "district_code": 4.0, "sub_district": null, "sub_district_code": null, "sub_district_type": null, "village": "Shila", "village_category": "Rural", "village_code": "10208958642" }, "geometry": { "type": "Point", "coordinates": [ 76.8963522, 33.4313203 ] } },
{ "type": "Feature", "properties": { "id": 1325, "state": "Ladakh", "state_code": null, "district": "LEH", "district_code": 3.0, "sub_district": null, "sub_district_code": null, "sub_district_type": null, "village": "ویچ دیور", "village_category": "Rural", "village_code": "10243220676" }, "geometry": { "type": "Point", "coordinates": [ 75.0647237, 36.8580319 ] } },
{ "type": "Feature", "properties": { "id": 1326, "state": "Ladakh", "state_code": null, "district": "LEH", "district_code": 3.0, "sub_district": null, "sub_district_code": null, "sub_district_type": null, "village": "Bhok", "village_category": "Rural", "village_code": "10262113266" }, "geometry": { "type": "Point", "coordinates": [ 78.9465225, 32.759225 ] } },
{ "type": "Feature", "properties": { "id": 1327, "state": "Ladakh", "state_code": null, "district": "KARGIL", "district_code": 4.0, "sub_district": null, "sub_district_code": null, "sub_district_type": null, "village": "Hordas", "village_category": "Rural", "village_code": "10294017711" }, "geometry": { "type": "Point", "coordinates": [ 76.3655321, 34.6407468 ] } },
{ "type": "Feature", "properties": { "id": 1328, "state": "Ladakh", "state_code": null, "district": "LEH", "district_code": 3.0, "sub_district": null, "sub_district_code": null, "sub_district_type": null, "village": "Shralo", "village_category": "Rural", "village_code": "10294022550" }, "geometry": { "type": "Point", "coordinates": [ 76.4792137, 34.6771474 ] } },
{ "type": "Feature", "properties": { "id": 1329, "state": "Ladakh", "state_code": null, "district": "LEH", "district_code": 3.0, "sub_district": null, "sub_district_code": null, "sub_district_type": null, "village": "مرول", "village_category": "Rural", "village_code": "10302846884" }, "geometry": { "type": "Point", "coordinates": [ 76.2153134, 34.7567521 ] } },
{ "type": "Feature", "properties": { "id": 1330, "state": "Ladakh", "state_code": null, "district": "LEH", "district_code": 3.0, "sub_district": null, "sub_district_code": null, "sub_district_type": null, "village": "اولڈینگ", "village_category": "Urban", "village_code": "10303507248" }, "geometry": { "type": "Point", "coordinates": [ 76.1733979, 34.7416498 ] } },
{ "type": "Feature", "properties": { "id": 1331, "state": "Ladakh", "state_code": null, "district": "LEH", "district_code": 3.0, "sub_district": null, "sub_district_code": null, "sub_district_type": null, "village": "ماشنگ", "village_category": "Rural", "village_code": "10307816339" }, "geometry": { "type": "Point", "coordinates": [ 76.202834, 34.7661575 ] } },
{ "type": "Feature", "properties": { "id": 1332, "state": "Ladakh", "state_code": null, "district": "LEH", "district_code": 3.0, "sub_district": null, "sub_district_code": null, "sub_district_type": null, "village": "ژھے ژھے تھنگ", "village_category": "Rural", "village_code": "10307816344" }, "geometry": { "type": "Point", "coordinates": [ 76.2368063, 34.732219 ] } },
{ "type": "Feature", "properties": { "id": 1333, "state": "Ladakh", "state_code": null, "district": "LEH", "district_code": 3.0, "sub_district": null, "sub_district_code": null, "sub_district_type": null, "village": "واچرہ", "village_category": "Rural", "village_code": "10307816345" }, "geometry": { "type": "Point", "coordinates": [ 76.2628845, 34.7042759 ] } },
{ "type": "Feature", "properties": { "id": 1334, "state": "Ladakh", "state_code": null, "district": "LEH", "district_code": 3.0, "sub_district": null, "sub_district_code": null, "sub_district_type": null, "village": "پلپلدو", "village_category": "Rural", "village_code": "10307838509" }, "geometry": { "type": "Point", "coordinates": [ 76.1958862, 34.8925408 ] } },
{ "type": "Feature", "properties": { "id": 1335, "state": "Ladakh", "state_code": null, "district": "KARGIL", "district_code": 4.0, "sub_district": null, "sub_district_code": null, "sub_district_type": null, "village": "گنگنی", "village_category": "Rural", "village_code": "10309003734" }, "geometry": { "type": "Point", "coordinates": [ 76.1359666, 34.6396171 ] } },
{ "type": "Feature", "properties": { "id": 1336, "state": "Ladakh", "state_code": null, "district": "KARGIL", "district_code": 4.0, "sub_district": null, "sub_district_code": null, "sub_district_type": null, "village": "برولمو", "village_category": "Rural", "village_code": "10309003735" }, "geometry": { "type": "Point", "coordinates": [ 76.139767, 34.6384362 ] } },
{ "type": "Feature", "properties": { "id": 1337, "state": "Ladakh", "state_code": null, "district": "KARGIL", "district_code": 4.0, "sub_district": null, "sub_district_code": null, "sub_district_type": null, "village": "سکلمہ", "village_category": "Rural", "village_code": "10309003755" }, "geometry": { "type": "Point", "coordinates": [ 76.1793052, 34.6803126 ] } },
{ "type": "Feature", "properties": { "id": 1338, "state": "Ladakh", "state_code": null, "district": "KARGIL", "district_code": 4.0, "sub_district": null, "sub_district_code": null, "sub_district_type": null, "village": "Unnamed Village", "village_category": "Rural", "village_code": "10309003764" }, "geometry": { "type": "Point", "coordinates": [ 76.1598955, 34.6824917 ] } },
{ "type": "Feature", "properties": { "id": 1339, "state": "Ladakh", "state_code": null, "district": "LEH", "district_code": 3.0, "sub_district": null, "sub_district_code": null, "sub_district_type": null, "village": "حمزی گونڈ", "village_category": "Rural", "village_code": "10311655310" }, "geometry": { "type": "Point", "coordinates": [ 76.1979857, 34.8101455 ] } },
{ "type": "Feature", "properties": { "id": 1340, "state": "Ladakh", "state_code": null, "district": "LEH", "district_code": 3.0, "sub_district": null, "sub_district_code": null, "sub_district_type": null, "village": "Khol", "village_category": "Rural", "village_code": "10311888241" }, "geometry": { "type": "Point", "coordinates": [ 76.2037309, 34.798773 ] } },
{ "type": "Feature", "properties": { "id": 1341, "state": "Ladakh", "state_code": null, "district": "LEH", "district_code": 3.0, "sub_district": null, "sub_district_code": null, "sub_district_type": null, "village": "مرمق", "village_category": "Rural", "village_code": "10311888251" }, "geometry": { "type": "Point", "coordinates": [ 76.2499078, 34.697362 ] } },
{ "type": "Feature", "properties": { "id": 1342, "state": "Ladakh", "state_code": null, "district": "LEH", "district_code": 3.0, "sub_district": null, "sub_district_code": null, "sub_district_type": null, "village": "میموش تھنگ", "village_category": "Rural", "village_code": "10312375312" }, "geometry": { "type": "Point", "coordinates": [ 76.1611514, 34.707571 ] } },
{ "type": "Feature", "properties": { "id": 1343, "state": "Ladakh", "state_code": null, "district": "KARGIL", "district_code": 4.0, "sub_district": null, "sub_district_code": null, "sub_district_type": null, "village": "بلارگو", "village_category": "Rural", "village_code": "10312375313" }, "geometry": { "type": "Point", "coordinates": [ 76.1512969, 34.6737564 ] } },
{ "type": "Feature", "properties": { "id": 1344, "state": "Ladakh", "state_code": null, "district": "KARGIL", "district_code": 4.0, "sub_district": null, "sub_district_code": null, "sub_district_type": null, "village": "Hunderman", "village_category": "Rural", "village_code": "10312375314" }, "geometry": { "type": "Point", "coordinates": [ 76.1305224, 34.617149 ] } },
{ "type": "Feature", "properties": { "id": 1345, "state": "Ladakh", "state_code": null, "district": "KARGIL", "district_code": 4.0, "sub_district": null, "sub_district_code": null, "sub_district_type": null, "village": "Pashkum", "village_category": "Rural", "village_code": "10563675921" }, "geometry": { "type": "Point", "coordinates": [ 76.1942595, 34.5116393 ] } },
{ "type": "Feature", "properties": { "id": 1346, "state": "Ladakh", "state_code": null, "district": "KARGIL", "district_code": 4.0, "sub_district": null, "sub_district_code": null, "sub_district_type": null, "village": "Hunderman Broq", "village_category": "Rural", "village_code": "10563676135" }, "geometry": { "type": "Point", "coordinates": [ 76.1499678, 34.6161954 ] } },
{ "type": "Feature", "properties": { "id": 1347, "state": "Ladakh", "state_code": null, "district": "LEH", "district_code": 3.0, "sub_district": null, "sub_district_code": null, "sub_district_type": null, "village": "Saspul", "village_category": "Rural", "village_code": "10568943460" }, "geometry": { "type": "Point", "coordinates": [ 77.1639659, 34.2466108 ] } },
{ "type": "Feature", "properties": { "id": 1348, "state": "Ladakh", "state_code": null, "district": "KARGIL", "district_code": 4.0, "sub_district": null, "sub_district_code": null, "sub_district_type": null, "village": "Yourbaltak", "village_category": "Rural", "village_code": "10577403854" }, "geometry": { "type": "Point", "coordinates": [ 76.1985141, 34.5768604 ] } },
{ "type": "Feature", "properties": { "id": 1349, "state": "Ladakh", "state_code": null, "district": "KARGIL", "district_code": 4.0, "sub_district": null, "sub_district_code": null, "sub_district_type": null, "village": "Sharbat Gund", "village_category": "Rural", "village_code": "10577403855" }, "geometry": { "type": "Point", "coordinates": [ 76.1782772, 34.5664707 ] } },
{ "type": "Feature", "properties": { "id": 1350, "state": "Ladakh", "state_code": null, "district": "KARGIL", "district_code": 4.0, "sub_district": null, "sub_district_code": null, "sub_district_type": null, "village": "Yokma Akchamal", "village_category": "Rural", "village_code": "10577403856" }, "geometry": { "type": "Point", "coordinates": [ 76.1611606, 34.5595832 ] } },
{ "type": "Feature", "properties": { "id": 1351, "state": "Ladakh", "state_code": null, "district": "KARGIL", "district_code": 4.0, "sub_district": null, "sub_district_code": null, "sub_district_type": null, "village": "Mangbore", "village_category": "Rural", "village_code": "10577403857" }, "geometry": { "type": "Point", "coordinates": [ 76.1546459, 34.5605208 ] } },
{ "type": "Feature", "properties": { "id": 1352, "state": "Ladakh", "state_code": null, "district": "KARGIL", "district_code": 4.0, "sub_district": null, "sub_district_code": null, "sub_district_type": null, "village": "Grong", "village_category": "Rural", "village_code": "10577403858" }, "geometry": { "type": "Point", "coordinates": [ 76.1613139, 34.5539176 ] } },
{ "type": "Feature", "properties": { "id": 1353, "state": "Ladakh", "state_code": null, "district": "KARGIL", "district_code": 4.0, "sub_district": null, "sub_district_code": null, "sub_district_type": null, "village": "Farma", "village_category": "Rural", "village_code": "10577403859" }, "geometry": { "type": "Point", "coordinates": [ 76.1631335, 34.5521362 ] } },
{ "type": "Feature", "properties": { "id": 1354, "state": "Ladakh", "state_code": null, "district": "KARGIL", "district_code": 4.0, "sub_district": null, "sub_district_code": null, "sub_district_type": null, "village": "Rong", "village_category": "Rural", "village_code": "10577403860" }, "geometry": { "type": "Point", "coordinates": [ 76.1685065, 34.5543841 ] } },
{ "type": "Feature", "properties": { "id": 1355, "state": "Ladakh", "state_code": null, "district": "KARGIL", "district_code": 4.0, "sub_district": null, "sub_district_code": null, "sub_district_type": null, "village": "Chutumail", "village_category": "Rural", "village_code": "10577403861" }, "geometry": { "type": "Point", "coordinates": [ 76.1896757, 34.5573198 ] } },
{ "type": "Feature", "properties": { "id": 1356, "state": "Ladakh", "state_code": null, "district": "KARGIL", "district_code": 4.0, "sub_district": null, "sub_district_code": null, "sub_district_type": null, "village": "Tumail", "village_category": "Rural", "village_code": "10577403862" }, "geometry": { "type": "Point", "coordinates": [ 76.203669, 34.5614798 ] } },
{ "type": "Feature", "properties": { "id": 1357, "state": "Ladakh", "state_code": null, "district": "KARGIL", "district_code": 4.0, "sub_district": null, "sub_district_code": null, "sub_district_type": null, "village": "Apatee", "village_category": "Rural", "village_code": "10577403863" }, "geometry": { "type": "Point", "coordinates": [ 76.2121536, 34.5687785 ] } },
{ "type": "Feature", "properties": { "id": 1358, "state": "Ladakh", "state_code": null, "district": "KARGIL", "district_code": 4.0, "sub_district": null, "sub_district_code": null, "sub_district_type": null, "village": "Barchay", "village_category": "Rural", "village_code": "10577403864" }, "geometry": { "type": "Point", "coordinates": [ 76.2280426, 34.5753131 ] } },
{ "type": "Feature", "properties": { "id": 1359, "state": "Ladakh", "state_code": null, "district": "KARGIL", "district_code": 4.0, "sub_district": null, "sub_district_code": null, "sub_district_type": null, "village": "Yar Barchay", "village_category": "Rural", "village_code": "10577403865" }, "geometry": { "type": "Point", "coordinates": [ 76.2416706, 34.5773894 ] } },
{ "type": "Feature", "properties": { "id": 1360, "state": "Ladakh", "state_code": null, "district": "KARGIL", "district_code": 4.0, "sub_district": null, "sub_district_code": null, "sub_district_type": null, "village": "Yarket", "village_category": "Rural", "village_code": "10577403866" }, "geometry": { "type": "Point", "coordinates": [ 76.1813075, 34.5559358 ] } },
{ "type": "Feature", "properties": { "id": 1361, "state": "Ladakh", "state_code": null, "district": "KARGIL", "district_code": 4.0, "sub_district": null, "sub_district_code": null, "sub_district_type": null, "village": "Doks", "village_category": "Rural", "village_code": "10577403867" }, "geometry": { "type": "Point", "coordinates": [ 76.1855475, 34.5573495 ] } },
{ "type": "Feature", "properties": { "id": 1362, "state": "Ladakh", "state_code": null, "district": "KARGIL", "district_code": 4.0, "sub_district": null, "sub_district_code": null, "sub_district_type": null, "village": "Galso", "village_category": "Rural", "village_code": "10577403868" }, "geometry": { "type": "Point", "coordinates": [ 76.1857835, 34.5708033 ] } },
{ "type": "Feature", "properties": { "id": 1363, "state": "Ladakh", "state_code": null, "district": "KARGIL", "district_code": 4.0, "sub_district": null, "sub_district_code": null, "sub_district_type": null, "village": "Beyama", "village_category": "Rural", "village_code": "10577403869" }, "geometry": { "type": "Point", "coordinates": [ 76.1898862, 34.5768105 ] } },
{ "type": "Feature", "properties": { "id": 1364, "state": "Ladakh", "state_code": null, "district": "KARGIL", "district_code": 4.0, "sub_district": null, "sub_district_code": null, "sub_district_type": null, "village": "Phima", "village_category": "Rural", "village_code": "10577403870" }, "geometry": { "type": "Point", "coordinates": [ 76.1978856, 34.5739271 ] } },
{ "type": "Feature", "properties": { "id": 1365, "state": "Ladakh", "state_code": null, "district": "KARGIL", "district_code": 4.0, "sub_district": null, "sub_district_code": null, "sub_district_type": null, "village": "Thango", "village_category": "Rural", "village_code": "10577403871" }, "geometry": { "type": "Point", "coordinates": [ 76.2117349, 34.5736287 ] } },
{ "type": "Feature", "properties": { "id": 1366, "state": "Ladakh", "state_code": null, "district": "KARGIL", "district_code": 4.0, "sub_district": null, "sub_district_code": null, "sub_district_type": null, "village": "Lungpa", "village_category": "Rural", "village_code": "10577403872" }, "geometry": { "type": "Point", "coordinates": [ 76.2073044, 34.5586071 ] } },
{ "type": "Feature", "properties": { "id": 1367, "state": "Ladakh", "state_code": null, "district": "KARGIL", "district_code": 4.0, "sub_district": null, "sub_district_code": null, "sub_district_type": null, "village": "Saryog", "village_category": "Rural", "village_code": "10577403873" }, "geometry": { "type": "Point", "coordinates": [ 76.2094502, 34.565338 ] } },
{ "type": "Feature", "properties": { "id": 1368, "state": "Ladakh", "state_code": null, "district": "KARGIL", "district_code": 4.0, "sub_district": null, "sub_district_code": null, "sub_district_type": null, "village": "Gongkha", "village_category": "Rural", "village_code": "10580168734" }, "geometry": { "type": "Point", "coordinates": [ 76.1120603, 34.4776598 ] } },
{ "type": "Feature", "properties": { "id": 1369, "state": "Ladakh", "state_code": null, "district": "KARGIL", "district_code": 4.0, "sub_district": null, "sub_district_code": null, "sub_district_type": null, "village": "Huliyal", "village_category": "Rural", "village_code": "10580168735" }, "geometry": { "type": "Point", "coordinates": [ 75.7086848, 34.430457 ] } },
{ "type": "Feature", "properties": { "id": 1370, "state": "Ladakh", "state_code": null, "district": "KARGIL", "district_code": 4.0, "sub_district": null, "sub_district_code": null, "sub_district_type": null, "village": "Azru", "village_category": "Rural", "village_code": "10580168736" }, "geometry": { "type": "Point", "coordinates": [ 75.6472925, 34.4087557 ] } },
{ "type": "Feature", "properties": { "id": 1371, "state": "Ladakh", "state_code": null, "district": "KARGIL", "district_code": 4.0, "sub_district": null, "sub_district_code": null, "sub_district_type": null, "village": "Mamayol", "village_category": "Rural", "village_code": "10580168737" }, "geometry": { "type": "Point", "coordinates": [ 75.6793704, 34.4147542 ] } },
{ "type": "Feature", "properties": { "id": 1372, "state": "Ladakh", "state_code": null, "district": "KARGIL", "district_code": 4.0, "sub_district": null, "sub_district_code": null, "sub_district_type": null, "village": "Ulbaras", "village_category": "Rural", "village_code": "10580168738" }, "geometry": { "type": "Point", "coordinates": [ 75.725235, 34.4169631 ] } },
{ "type": "Feature", "properties": { "id": 1373, "state": "Ladakh", "state_code": null, "district": "KARGIL", "district_code": 4.0, "sub_district": null, "sub_district_code": null, "sub_district_type": null, "village": "Baras", "village_category": "Rural", "village_code": "10580168739" }, "geometry": { "type": "Point", "coordinates": [ 75.7436714, 34.4247797 ] } },
{ "type": "Feature", "properties": { "id": 1374, "state": "Ladakh", "state_code": null, "district": "KARGIL", "district_code": 4.0, "sub_district": null, "sub_district_code": null, "sub_district_type": null, "village": "Sokotyal", "village_category": "Rural", "village_code": "10580194477" }, "geometry": { "type": "Point", "coordinates": [ 75.768425, 34.4233212 ] } },
{ "type": "Feature", "properties": { "id": 1375, "state": "Ladakh", "state_code": null, "district": "KARGIL", "district_code": 4.0, "sub_district": null, "sub_district_code": null, "sub_district_type": null, "village": "Yulboo", "village_category": "Rural", "village_code": "10580194478" }, "geometry": { "type": "Point", "coordinates": [ 75.7820549, 34.4268894 ] } },
{ "type": "Feature", "properties": { "id": 1376, "state": "Ladakh", "state_code": null, "district": "KARGIL", "district_code": 4.0, "sub_district": null, "sub_district_code": null, "sub_district_type": null, "village": "Phala", "village_category": "Rural", "village_code": "10580194479" }, "geometry": { "type": "Point", "coordinates": [ 75.7767849, 34.4297354 ] } },
{ "type": "Feature", "properties": { "id": 1377, "state": "Ladakh", "state_code": null, "district": "KARGIL", "district_code": 4.0, "sub_district": null, "sub_district_code": null, "sub_district_type": null, "village": "Tisboo", "village_category": "Rural", "village_code": "10580194481" }, "geometry": { "type": "Point", "coordinates": [ 75.7638108, 34.4329959 ] } },
{ "type": "Feature", "properties": { "id": 1378, "state": "Ladakh", "state_code": null, "district": "KARGIL", "district_code": 4.0, "sub_district": null, "sub_district_code": null, "sub_district_type": null, "village": "Tisar", "village_category": "Rural", "village_code": "10580194482" }, "geometry": { "type": "Point", "coordinates": [ 75.7678793, 34.4461782 ] } },
{ "type": "Feature", "properties": { "id": 1379, "state": "Ladakh", "state_code": null, "district": "KARGIL", "district_code": 4.0, "sub_district": null, "sub_district_code": null, "sub_district_type": null, "village": "Khandyal", "village_category": "Rural", "village_code": "10580194483" }, "geometry": { "type": "Point", "coordinates": [ 75.7558974, 34.4409827 ] } },
{ "type": "Feature", "properties": { "id": 1380, "state": "Ladakh", "state_code": null, "district": "KARGIL", "district_code": 4.0, "sub_district": null, "sub_district_code": null, "sub_district_type": null, "village": "Goma Goshan", "village_category": "Rural", "village_code": "10580194484" }, "geometry": { "type": "Point", "coordinates": [ 75.7504214, 34.4365939 ] } },
{ "type": "Feature", "properties": { "id": 1381, "state": "Ladakh", "state_code": null, "district": "KARGIL", "district_code": 4.0, "sub_district": null, "sub_district_code": null, "sub_district_type": null, "village": "Lamar", "village_category": "Rural", "village_code": "10580194485" }, "geometry": { "type": "Point", "coordinates": [ 75.7386797, 34.4365939 ] } },
{ "type": "Feature", "properties": { "id": 1382, "state": "Ladakh", "state_code": null, "district": "KARGIL", "district_code": 4.0, "sub_district": null, "sub_district_code": null, "sub_district_type": null, "village": "Betopa", "village_category": "Rural", "village_code": "10580194486" }, "geometry": { "type": "Point", "coordinates": [ 75.7334956, 34.434003 ] } },
{ "type": "Feature", "properties": { "id": 1383, "state": "Ladakh", "state_code": null, "district": "KARGIL", "district_code": 4.0, "sub_district": null, "sub_district_code": null, "sub_district_type": null, "village": "Gindyal", "village_category": "Rural", "village_code": "10580194488" }, "geometry": { "type": "Point", "coordinates": [ 75.793924, 34.434411 ] } },
{ "type": "Feature", "properties": { "id": 1384, "state": "Ladakh", "state_code": null, "district": "KARGIL", "district_code": 4.0, "sub_district": null, "sub_district_code": null, "sub_district_type": null, "village": "Masjidgam", "village_category": "Rural", "village_code": "10580194489" }, "geometry": { "type": "Point", "coordinates": [ 75.7938725, 34.4310979 ] } },
{ "type": "Feature", "properties": { "id": 1385, "state": "Ladakh", "state_code": null, "district": "KARGIL", "district_code": 4.0, "sub_district": null, "sub_district_code": null, "sub_district_type": null, "village": "Kashal", "village_category": "Rural", "village_code": "10580194490" }, "geometry": { "type": "Point", "coordinates": [ 75.8025758, 34.4351047 ] } },
{ "type": "Feature", "properties": { "id": 1386, "state": "Ladakh", "state_code": null, "district": "KARGIL", "district_code": 4.0, "sub_district": null, "sub_district_code": null, "sub_district_type": null, "village": "Naingaur", "village_category": "Rural", "village_code": "10580194492" }, "geometry": { "type": "Point", "coordinates": [ 75.810764, 34.4353454 ] } },
{ "type": "Feature", "properties": { "id": 1387, "state": "Ladakh", "state_code": null, "district": "KARGIL", "district_code": 4.0, "sub_district": null, "sub_district_code": null, "sub_district_type": null, "village": "Kurtiyal", "village_category": "Rural", "village_code": "10580194493" }, "geometry": { "type": "Point", "coordinates": [ 75.8069411, 34.4253137 ] } },
{ "type": "Feature", "properties": { "id": 1388, "state": "Ladakh", "state_code": null, "district": "KARGIL", "district_code": 4.0, "sub_district": null, "sub_district_code": null, "sub_district_type": null, "village": "Gunyal", "village_category": "Rural", "village_code": "10580194494" }, "geometry": { "type": "Point", "coordinates": [ 75.8230198, 34.4271667 ] } },
{ "type": "Feature", "properties": { "id": 1389, "state": "Ladakh", "state_code": null, "district": "KARGIL", "district_code": 4.0, "sub_district": null, "sub_district_code": null, "sub_district_type": null, "village": "Thrangos", "village_category": "Rural", "village_code": "10580194495" }, "geometry": { "type": "Point", "coordinates": [ 75.8278263, 34.4300126 ] } },
{ "type": "Feature", "properties": { "id": 1390, "state": "Ladakh", "state_code": null, "district": "KARGIL", "district_code": 4.0, "sub_district": null, "sub_district_code": null, "sub_district_type": null, "village": "Chowkiyal", "village_category": "Rural", "village_code": "10580194496" }, "geometry": { "type": "Point", "coordinates": [ 75.8377655, 34.4285259 ] } },
{ "type": "Feature", "properties": { "id": 1391, "state": "Ladakh", "state_code": null, "district": "KARGIL", "district_code": 4.0, "sub_district": null, "sub_district_code": null, "sub_district_type": null, "village": "Chowkiyal Bagh", "village_category": "Rural", "village_code": "10580194497" }, "geometry": { "type": "Point", "coordinates": [ 75.8331478, 34.4273366 ] } },
{ "type": "Feature", "properties": { "id": 1392, "state": "Ladakh", "state_code": null, "district": "KARGIL", "district_code": 4.0, "sub_district": null, "sub_district_code": null, "sub_district_type": null, "village": "Khunda", "village_category": "Rural", "village_code": "10580194498" }, "geometry": { "type": "Point", "coordinates": [ 75.8383492, 34.4223665 ] } },
{ "type": "Feature", "properties": { "id": 1393, "state": "Ladakh", "state_code": null, "district": "KARGIL", "district_code": 4.0, "sub_district": null, "sub_district_code": null, "sub_district_type": null, "village": "Dongchik", "village_category": "Rural", "village_code": "10580194499" }, "geometry": { "type": "Point", "coordinates": [ 75.8518589, 34.4226072 ] } },
{ "type": "Feature", "properties": { "id": 1394, "state": "Ladakh", "state_code": null, "district": "KARGIL", "district_code": 4.0, "sub_district": null, "sub_district_code": null, "sub_district_type": null, "village": "Watakul", "village_category": "Rural", "village_code": "10580194500" }, "geometry": { "type": "Point", "coordinates": [ 75.8278263, 34.4194211 ] } },
{ "type": "Feature", "properties": { "id": 1395, "state": "Ladakh", "state_code": null, "district": "KARGIL", "district_code": 4.0, "sub_district": null, "sub_district_code": null, "sub_district_type": null, "village": "Dandal", "village_category": "Rural", "village_code": "10580194501" }, "geometry": { "type": "Point", "coordinates": [ 75.8766297, 34.4154985 ] } },
{ "type": "Feature", "properties": { "id": 1396, "state": "Ladakh", "state_code": null, "district": "KARGIL", "district_code": 4.0, "sub_district": null, "sub_district_code": null, "sub_district_type": null, "village": "Dandalthang", "village_category": "Rural", "village_code": "10580194502" }, "geometry": { "type": "Point", "coordinates": [ 75.8712738, 34.4159941 ] } },
{ "type": "Feature", "properties": { "id": 1397, "state": "Ladakh", "state_code": null, "district": "KARGIL", "district_code": 4.0, "sub_district": null, "sub_district_code": null, "sub_district_type": null, "village": "Jasgund", "village_category": "Rural", "village_code": "10580194503" }, "geometry": { "type": "Point", "coordinates": [ 75.8904827, 34.4232444 ] } },
{ "type": "Feature", "properties": { "id": 1398, "state": "Ladakh", "state_code": null, "district": "KARGIL", "district_code": 4.0, "sub_district": null, "sub_district_code": null, "sub_district_type": null, "village": "Somat", "village_category": "Rural", "village_code": "10580194504" }, "geometry": { "type": "Point", "coordinates": [ 75.9030312, 34.4347558 ] } },
{ "type": "Feature", "properties": { "id": 1399, "state": "Ladakh", "state_code": null, "district": "KARGIL", "district_code": 4.0, "sub_district": null, "sub_district_code": null, "sub_district_type": null, "village": "Khebar", "village_category": "Rural", "village_code": "10580194505" }, "geometry": { "type": "Point", "coordinates": [ 75.9419141, 34.4835463 ] } },
{ "type": "Feature", "properties": { "id": 1400, "state": "Ladakh", "state_code": null, "district": "KARGIL", "district_code": 4.0, "sub_district": null, "sub_district_code": null, "sub_district_type": null, "village": "Shimsha", "village_category": "Rural", "village_code": "10580194506" }, "geometry": { "type": "Point", "coordinates": [ 75.9617067, 34.5032406 ] } },
{ "type": "Feature", "properties": { "id": 1401, "state": "Ladakh", "state_code": null, "district": "KARGIL", "district_code": 4.0, "sub_district": null, "sub_district_code": null, "sub_district_type": null, "village": "Shimsha Badogrong", "village_category": "Rural", "village_code": "10580194507" }, "geometry": { "type": "Point", "coordinates": [ 75.9586682, 34.5000434 ] } },
{ "type": "Feature", "properties": { "id": 1402, "state": "Ladakh", "state_code": null, "district": "KARGIL", "district_code": 4.0, "sub_district": null, "sub_district_code": null, "sub_district_type": null, "village": "Kharbu", "village_category": "Rural", "village_code": "10580194508" }, "geometry": { "type": "Point", "coordinates": [ 75.9908548, 34.5410456 ] } },
{ "type": "Feature", "properties": { "id": 1403, "state": "Ladakh", "state_code": null, "district": "KARGIL", "district_code": 4.0, "sub_district": null, "sub_district_code": null, "sub_district_type": null, "village": "Kaksar", "village_category": "Rural", "village_code": "10580194509" }, "geometry": { "type": "Point", "coordinates": [ 75.9815679, 34.5832007 ] } },
{ "type": "Feature", "properties": { "id": 1404, "state": "Ladakh", "state_code": null, "district": "KARGIL", "district_code": 4.0, "sub_district": null, "sub_district_code": null, "sub_district_type": null, "village": "Latoo", "village_category": "Rural", "village_code": "10580194510" }, "geometry": { "type": "Point", "coordinates": [ 75.9753881, 34.5946052 ] } },
{ "type": "Feature", "properties": { "id": 1405, "state": "Ladakh", "state_code": null, "district": "KARGIL", "district_code": 4.0, "sub_district": null, "sub_district_code": null, "sub_district_type": null, "village": "Babachand", "village_category": "Rural", "village_code": "10580222035" }, "geometry": { "type": "Point", "coordinates": [ 75.9339987, 34.6299966 ] } },
{ "type": "Feature", "properties": { "id": 1406, "state": "Ladakh", "state_code": null, "district": "LEH", "district_code": 3.0, "sub_district": null, "sub_district_code": null, "sub_district_type": null, "village": "تھانوٹ", "village_category": "Rural", "village_code": "10580222038" }, "geometry": { "type": "Point", "coordinates": [ 75.9032435, 34.6258349 ] } },
{ "type": "Feature", "properties": { "id": 1407, "state": "Ladakh", "state_code": null, "district": "LEH", "district_code": 3.0, "sub_district": null, "sub_district_code": null, "sub_district_type": null, "village": "Palawar", "village_category": "Rural", "village_code": "10580222039" }, "geometry": { "type": "Point", "coordinates": [ 75.8426387, 34.6227793 ] } },
{ "type": "Feature", "properties": { "id": 1408, "state": "Ladakh", "state_code": null, "district": "LEH", "district_code": 3.0, "sub_district": null, "sub_district_code": null, "sub_district_type": null, "village": "کونر", "village_category": "Rural", "village_code": "10580222040" }, "geometry": { "type": "Point", "coordinates": [ 75.8030135, 34.6178718 ] } },
{ "type": "Feature", "properties": { "id": 1409, "state": "Ladakh", "state_code": null, "district": "LEH", "district_code": 3.0, "sub_district": null, "sub_district_code": null, "sub_district_type": null, "village": "بنیال", "village_category": "Rural", "village_code": "10580222141" }, "geometry": { "type": "Point", "coordinates": [ 75.7830212, 34.6255358 ] } },
{ "type": "Feature", "properties": { "id": 1410, "state": "Ladakh", "state_code": null, "district": "LEH", "district_code": 3.0, "sub_district": null, "sub_district_code": null, "sub_district_type": null, "village": "مٹیال", "village_category": "Rural", "village_code": "10580222142" }, "geometry": { "type": "Point", "coordinates": [ 75.7572158, 34.7103528 ] } },
{ "type": "Feature", "properties": { "id": 1411, "state": "Ladakh", "state_code": null, "district": "LEH", "district_code": 3.0, "sub_district": null, "sub_district_code": null, "sub_district_type": null, "village": "گنیال", "village_category": "Rural", "village_code": "10580222143" }, "geometry": { "type": "Point", "coordinates": [ 75.7552571, 34.7187614 ] } },
{ "type": "Feature", "properties": { "id": 1412, "state": "Ladakh", "state_code": null, "district": "KARGIL", "district_code": 4.0, "sub_district": null, "sub_district_code": null, "sub_district_type": null, "village": "Stara", "village_category": "Rural", "village_code": "10580923204" }, "geometry": { "type": "Point", "coordinates": [ 76.8104398, 33.5091361 ] } },
{ "type": "Feature", "properties": { "id": 1413, "state": "Ladakh", "state_code": null, "district": "KARGIL", "district_code": 4.0, "sub_district": null, "sub_district_code": null, "sub_district_type": null, "village": "Majdas", "village_category": "Rural", "village_code": "10584981190" }, "geometry": { "type": "Point", "coordinates": [ 76.0462181, 34.6120949 ] } },
{ "type": "Feature", "properties": { "id": 1414, "state": "Ladakh", "state_code": null, "district": "KARGIL", "district_code": 4.0, "sub_district": null, "sub_district_code": null, "sub_district_type": null, "village": "Khunda", "village_category": "Rural", "village_code": "10584981191" }, "geometry": { "type": "Point", "coordinates": [ 76.0409481, 34.6217437 ] } },
{ "type": "Feature", "properties": { "id": 1415, "state": "Ladakh", "state_code": null, "district": "KARGIL", "district_code": 4.0, "sub_district": null, "sub_district_code": null, "sub_district_type": null, "village": "Badgam", "village_category": "Rural", "village_code": "10584981192" }, "geometry": { "type": "Point", "coordinates": [ 76.0424072, 34.6283829 ] } },
{ "type": "Feature", "properties": { "id": 1416, "state": "Ladakh", "state_code": null, "district": "KARGIL", "district_code": 4.0, "sub_district": null, "sub_district_code": null, "sub_district_type": null, "village": "Jalia", "village_category": "Rural", "village_code": "10584981193" }, "geometry": { "type": "Point", "coordinates": [ 76.0520412, 34.6342011 ] } },
{ "type": "Feature", "properties": { "id": 1417, "state": "Ladakh", "state_code": null, "district": "KARGIL", "district_code": 4.0, "sub_district": null, "sub_district_code": null, "sub_district_type": null, "village": "Dasnali", "village_category": "Rural", "village_code": "10584981194" }, "geometry": { "type": "Point", "coordinates": [ 76.0458482, 34.6314866 ] } },
{ "type": "Feature", "properties": { "id": 1418, "state": "Ladakh", "state_code": null, "district": "KARGIL", "district_code": 4.0, "sub_district": null, "sub_district_code": null, "sub_district_type": null, "village": "Kharal", "village_category": "Rural", "village_code": "10584981195" }, "geometry": { "type": "Point", "coordinates": [ 76.1175468, 34.5945035 ] } },
{ "type": "Feature", "properties": { "id": 1419, "state": "Ladakh", "state_code": null, "district": "KARGIL", "district_code": 4.0, "sub_district": null, "sub_district_code": null, "sub_district_type": null, "village": "Omachikthang", "village_category": "Rural", "village_code": "10584981196" }, "geometry": { "type": "Point", "coordinates": [ 76.1226261, 34.5948317 ] } },
{ "type": "Feature", "properties": { "id": 1420, "state": "Ladakh", "state_code": null, "district": "KARGIL", "district_code": 4.0, "sub_district": null, "sub_district_code": null, "sub_district_type": null, "village": "Shilikchey", "village_category": "Rural", "village_code": "10584981197" }, "geometry": { "type": "Point", "coordinates": [ 76.1264217, 34.5852189 ] } },
{ "type": "Feature", "properties": { "id": 1421, "state": "Ladakh", "state_code": null, "district": "KARGIL", "district_code": 4.0, "sub_district": null, "sub_district_code": null, "sub_district_type": null, "village": "Kaku Shilikchay", "village_category": "Rural", "village_code": "10584981198" }, "geometry": { "type": "Point", "coordinates": [ 76.1229285, 34.5752743 ] } },
{ "type": "Feature", "properties": { "id": 1422, "state": "Ladakh", "state_code": null, "district": "KARGIL", "district_code": 4.0, "sub_district": null, "sub_district_code": null, "sub_district_type": null, "village": "Dothang", "village_category": "Rural", "village_code": "10584981199" }, "geometry": { "type": "Point", "coordinates": [ 76.1250313, 34.5726259 ] } },
{ "type": "Feature", "properties": { "id": 1423, "state": "Ladakh", "state_code": null, "district": "KARGIL", "district_code": 4.0, "sub_district": null, "sub_district_code": null, "sub_district_type": null, "village": "Poyen", "village_category": "Rural", "village_code": "10584981201" }, "geometry": { "type": "Point", "coordinates": [ 76.1312969, 34.5620807 ] } },
{ "type": "Feature", "properties": { "id": 1424, "state": "Ladakh", "state_code": null, "district": "KARGIL", "district_code": 4.0, "sub_district": null, "sub_district_code": null, "sub_district_type": null, "village": "Honaki", "village_category": "Rural", "village_code": "10584981202" }, "geometry": { "type": "Point", "coordinates": [ 76.1377342, 34.5608932 ] } },
{ "type": "Feature", "properties": { "id": 1425, "state": "Ladakh", "state_code": null, "district": "KARGIL", "district_code": 4.0, "sub_district": null, "sub_district_code": null, "sub_district_type": null, "village": "Skamboothang", "village_category": "Rural", "village_code": "10584981203" }, "geometry": { "type": "Point", "coordinates": [ 76.253652, 34.459559 ] } },
{ "type": "Feature", "properties": { "id": 1426, "state": "Ladakh", "state_code": null, "district": "KARGIL", "district_code": 4.0, "sub_district": null, "sub_district_code": null, "sub_district_type": null, "village": "Ardopchad", "village_category": "Rural", "village_code": "10584981204" }, "geometry": { "type": "Point", "coordinates": [ 76.2516436, 34.4744334 ] } },
{ "type": "Feature", "properties": { "id": 1427, "state": "Ladakh", "state_code": null, "district": "KARGIL", "district_code": 4.0, "sub_district": null, "sub_district_code": null, "sub_district_type": null, "village": "Pejbuch", "village_category": "Rural", "village_code": "10584997605" }, "geometry": { "type": "Point", "coordinates": [ 76.2581495, 34.4819475 ] } },
{ "type": "Feature", "properties": { "id": 1428, "state": "Ladakh", "state_code": null, "district": "KARGIL", "district_code": 4.0, "sub_district": null, "sub_district_code": null, "sub_district_type": null, "village": "Pasburchay", "village_category": "Rural", "village_code": "10584997607" }, "geometry": { "type": "Point", "coordinates": [ 76.2721401, 34.4940122 ] } },
{ "type": "Feature", "properties": { "id": 1429, "state": "Ladakh", "state_code": null, "district": "KARGIL", "district_code": 4.0, "sub_district": null, "sub_district_code": null, "sub_district_type": null, "village": "Kukstay Dho", "village_category": "Rural", "village_code": "10584997608" }, "geometry": { "type": "Point", "coordinates": [ 76.2714719, 34.5051897 ] } },
{ "type": "Feature", "properties": { "id": 1430, "state": "Ladakh", "state_code": null, "district": "KARGIL", "district_code": 4.0, "sub_district": null, "sub_district_code": null, "sub_district_type": null, "village": "Kukstay", "village_category": "Rural", "village_code": "10584997609" }, "geometry": { "type": "Point", "coordinates": [ 76.2727244, 34.5141779 ] } },
{ "type": "Feature", "properties": { "id": 1431, "state": "Ladakh", "state_code": null, "district": "KARGIL", "district_code": 4.0, "sub_district": null, "sub_district_code": null, "sub_district_type": null, "village": "Sachay", "village_category": "Rural", "village_code": "10584997612" }, "geometry": { "type": "Point", "coordinates": [ 76.3047193, 34.4923882 ] } },
{ "type": "Feature", "properties": { "id": 1432, "state": "Ladakh", "state_code": null, "district": "KARGIL", "district_code": 4.0, "sub_district": null, "sub_district_code": null, "sub_district_type": null, "village": "Tacha", "village_category": "Rural", "village_code": "10584997613" }, "geometry": { "type": "Point", "coordinates": [ 76.3129475, 34.4940243 ] } },
{ "type": "Feature", "properties": { "id": 1433, "state": "Ladakh", "state_code": null, "district": "KARGIL", "district_code": 4.0, "sub_district": null, "sub_district_code": null, "sub_district_type": null, "village": "Karit", "village_category": "Rural", "village_code": "10584997614" }, "geometry": { "type": "Point", "coordinates": [ 76.3409803, 34.5259808 ] } },
{ "type": "Feature", "properties": { "id": 1434, "state": "Ladakh", "state_code": null, "district": "KARGIL", "district_code": 4.0, "sub_district": null, "sub_district_code": null, "sub_district_type": null, "village": "Groung Stod", "village_category": "Rural", "village_code": "10589726775" }, "geometry": { "type": "Point", "coordinates": [ 76.2924243, 34.6547367 ] } },
{ "type": "Feature", "properties": { "id": 1435, "state": "Ladakh", "state_code": null, "district": "KARGIL", "district_code": 4.0, "sub_district": null, "sub_district_code": null, "sub_district_type": null, "village": "Barkchan", "village_category": "Rural", "village_code": "10589810433" }, "geometry": { "type": "Point", "coordinates": [ 76.1652917, 34.5331332 ] } },
{ "type": "Feature", "properties": { "id": 1436, "state": "Ladakh", "state_code": null, "district": "KARGIL", "district_code": 4.0, "sub_district": null, "sub_district_code": null, "sub_district_type": null, "village": "Bawa Grong", "village_category": "Rural", "village_code": "10589810434" }, "geometry": { "type": "Point", "coordinates": [ 76.1815095, 34.5305858 ] } },
{ "type": "Feature", "properties": { "id": 1437, "state": "Ladakh", "state_code": null, "district": "KARGIL", "district_code": 4.0, "sub_district": null, "sub_district_code": null, "sub_district_type": null, "village": "Tharumsa", "village_category": "Rural", "village_code": "10589810435" }, "geometry": { "type": "Point", "coordinates": [ 76.1801602, 34.5276071 ] } },
{ "type": "Feature", "properties": { "id": 1438, "state": "Ladakh", "state_code": null, "district": "KARGIL", "district_code": 4.0, "sub_district": null, "sub_district_code": null, "sub_district_type": null, "village": "Brok Khar", "village_category": "Rural", "village_code": "10589810436" }, "geometry": { "type": "Point", "coordinates": [ 76.1814309, 34.5231605 ] } },
{ "type": "Feature", "properties": { "id": 1439, "state": "Ladakh", "state_code": null, "district": "KARGIL", "district_code": 4.0, "sub_district": null, "sub_district_code": null, "sub_district_type": null, "village": "Brokchan", "village_category": "Rural", "village_code": "10589810437" }, "geometry": { "type": "Point", "coordinates": [ 76.1844832, 34.5244449 ] } },
{ "type": "Feature", "properties": { "id": 1440, "state": "Ladakh", "state_code": null, "district": "KARGIL", "district_code": 4.0, "sub_district": null, "sub_district_code": null, "sub_district_type": null, "village": "Grong", "village_category": "Rural", "village_code": "10589810438" }, "geometry": { "type": "Point", "coordinates": [ 76.1881119, 34.5194692 ] } },
{ "type": "Feature", "properties": { "id": 1441, "state": "Ladakh", "state_code": null, "district": "KARGIL", "district_code": 4.0, "sub_district": null, "sub_district_code": null, "sub_district_type": null, "village": "Pharol", "village_category": "Rural", "village_code": "10589810439" }, "geometry": { "type": "Point", "coordinates": [ 76.1864744, 34.515659 ] } },
{ "type": "Feature", "properties": { "id": 1442, "state": "Ladakh", "state_code": null, "district": "KARGIL", "district_code": 4.0, "sub_district": null, "sub_district_code": null, "sub_district_type": null, "village": "Phaekbar", "village_category": "Rural", "village_code": "10589810440" }, "geometry": { "type": "Point", "coordinates": [ 76.1907712, 34.5161987 ] } },
{ "type": "Feature", "properties": { "id": 1443, "state": "Ladakh", "state_code": null, "district": "KARGIL", "district_code": 4.0, "sub_district": null, "sub_district_code": null, "sub_district_type": null, "village": "Lankur", "village_category": "Rural", "village_code": "10589810442" }, "geometry": { "type": "Point", "coordinates": [ 76.1964959, 34.5131224 ] } },
{ "type": "Feature", "properties": { "id": 1444, "state": "Ladakh", "state_code": null, "district": "KARGIL", "district_code": 4.0, "sub_district": null, "sub_district_code": null, "sub_district_type": null, "village": "Samar", "village_category": "Rural", "village_code": "10589810443" }, "geometry": { "type": "Point", "coordinates": [ 76.2000198, 34.5105965 ] } },
{ "type": "Feature", "properties": { "id": 1445, "state": "Ladakh", "state_code": null, "district": "KARGIL", "district_code": 4.0, "sub_district": null, "sub_district_code": null, "sub_district_type": null, "village": "Khardong", "village_category": "Rural", "village_code": "10589810444" }, "geometry": { "type": "Point", "coordinates": [ 76.1996954, 34.5042038 ] } },
{ "type": "Feature", "properties": { "id": 1446, "state": "Ladakh", "state_code": null, "district": "KARGIL", "district_code": 4.0, "sub_district": null, "sub_district_code": null, "sub_district_type": null, "village": "Chulachey", "village_category": "Rural", "village_code": "10589810445" }, "geometry": { "type": "Point", "coordinates": [ 76.2048538, 34.4997237 ] } },
{ "type": "Feature", "properties": { "id": 1447, "state": "Ladakh", "state_code": null, "district": "KARGIL", "district_code": 4.0, "sub_district": null, "sub_district_code": null, "sub_district_type": null, "village": "Radongtho", "village_category": "Rural", "village_code": "10589810446" }, "geometry": { "type": "Point", "coordinates": [ 76.2068924, 34.4977126 ] } },
{ "type": "Feature", "properties": { "id": 1448, "state": "Ladakh", "state_code": null, "district": "KARGIL", "district_code": 4.0, "sub_district": null, "sub_district_code": null, "sub_district_type": null, "village": "Gongchoo", "village_category": "Rural", "village_code": "10589810449" }, "geometry": { "type": "Point", "coordinates": [ 76.2392937, 34.4594632 ] } },
{ "type": "Feature", "properties": { "id": 1449, "state": "Ladakh", "state_code": null, "district": "KARGIL", "district_code": 4.0, "sub_district": null, "sub_district_code": null, "sub_district_type": null, "village": "Sukchik", "village_category": "Rural", "village_code": "10589810450" }, "geometry": { "type": "Point", "coordinates": [ 76.2610312, 34.4654701 ] } },
{ "type": "Feature", "properties": { "id": 1450, "state": "Ladakh", "state_code": null, "district": "KARGIL", "district_code": 4.0, "sub_district": null, "sub_district_code": null, "sub_district_type": null, "village": "Rabila", "village_category": "Rural", "village_code": "10589810451" }, "geometry": { "type": "Point", "coordinates": [ 76.2630397, 34.46472 ] } },
{ "type": "Feature", "properties": { "id": 1451, "state": "Ladakh", "state_code": null, "district": "KARGIL", "district_code": 4.0, "sub_district": null, "sub_district_code": null, "sub_district_type": null, "village": "Alilpa", "village_category": "Rural", "village_code": "10589810452" }, "geometry": { "type": "Point", "coordinates": [ 76.2651246, 34.4603743 ] } },
{ "type": "Feature", "properties": { "id": 1452, "state": "Ladakh", "state_code": null, "district": "KARGIL", "district_code": 4.0, "sub_district": null, "sub_district_code": null, "sub_district_type": null, "village": "Idok", "village_category": "Rural", "village_code": "10589810453" }, "geometry": { "type": "Point", "coordinates": [ 76.2634808, 34.4604046 ] } },
{ "type": "Feature", "properties": { "id": 1453, "state": "Ladakh", "state_code": null, "district": "KARGIL", "district_code": 4.0, "sub_district": null, "sub_district_code": null, "sub_district_type": null, "village": "Nunamachey", "village_category": "Rural", "village_code": "10589810455" }, "geometry": { "type": "Point", "coordinates": [ 76.2928854, 34.4342593 ] } },
{ "type": "Feature", "properties": { "id": 1454, "state": "Ladakh", "state_code": null, "district": "KARGIL", "district_code": 4.0, "sub_district": null, "sub_district_code": null, "sub_district_type": null, "village": "Pilung", "village_category": "Rural", "village_code": "10589810456" }, "geometry": { "type": "Point", "coordinates": [ 76.2952715, 34.4205247 ] } },
{ "type": "Feature", "properties": { "id": 1455, "state": "Ladakh", "state_code": null, "district": "KARGIL", "district_code": 4.0, "sub_district": null, "sub_district_code": null, "sub_district_type": null, "village": "Lungkarchey", "village_category": "Rural", "village_code": "10589810457" }, "geometry": { "type": "Point", "coordinates": [ 76.3042666, 34.4212327 ] } },
{ "type": "Feature", "properties": { "id": 1456, "state": "Ladakh", "state_code": null, "district": "KARGIL", "district_code": 4.0, "sub_district": null, "sub_district_code": null, "sub_district_type": null, "village": "Sandar", "village_category": "Rural", "village_code": "10589810458" }, "geometry": { "type": "Point", "coordinates": [ 76.2523482, 34.4004126 ] } },
{ "type": "Feature", "properties": { "id": 1457, "state": "Ladakh", "state_code": null, "district": "KARGIL", "district_code": 4.0, "sub_district": null, "sub_district_code": null, "sub_district_type": null, "village": "Lalung", "village_category": "Rural", "village_code": "10589810459" }, "geometry": { "type": "Point", "coordinates": [ 76.2655553, 34.3892057 ] } },
{ "type": "Feature", "properties": { "id": 1458, "state": "Ladakh", "state_code": null, "district": "KARGIL", "district_code": 4.0, "sub_district": null, "sub_district_code": null, "sub_district_type": null, "village": "Khangkor", "village_category": "Rural", "village_code": "10589810460" }, "geometry": { "type": "Point", "coordinates": [ 76.301093, 34.3967765 ] } },
{ "type": "Feature", "properties": { "id": 1459, "state": "Ladakh", "state_code": null, "district": "KARGIL", "district_code": 4.0, "sub_district": null, "sub_district_code": null, "sub_district_type": null, "village": "Katyok", "village_category": "Rural", "village_code": "10589810462" }, "geometry": { "type": "Point", "coordinates": [ 76.3030394, 34.3936897 ] } },
{ "type": "Feature", "properties": { "id": 1460, "state": "Ladakh", "state_code": null, "district": "KARGIL", "district_code": 4.0, "sub_district": null, "sub_district_code": null, "sub_district_type": null, "village": "Chatithang", "village_category": "Rural", "village_code": "10589810464" }, "geometry": { "type": "Point", "coordinates": [ 76.3261647, 34.3880376 ] } },
{ "type": "Feature", "properties": { "id": 1461, "state": "Ladakh", "state_code": null, "district": "KARGIL", "district_code": 4.0, "sub_district": null, "sub_district_code": null, "sub_district_type": null, "village": "Thasgang", "village_category": "Rural", "village_code": "10589810465" }, "geometry": { "type": "Point", "coordinates": [ 76.3472694, 34.3823189 ] } },
{ "type": "Feature", "properties": { "id": 1462, "state": "Ladakh", "state_code": null, "district": "KARGIL", "district_code": 4.0, "sub_district": null, "sub_district_code": null, "sub_district_type": null, "village": "Damboo", "village_category": "Rural", "village_code": "10589810466" }, "geometry": { "type": "Point", "coordinates": [ 76.3337769, 34.396129 ] } },
{ "type": "Feature", "properties": { "id": 1463, "state": "Ladakh", "state_code": null, "district": "KARGIL", "district_code": 4.0, "sub_district": null, "sub_district_code": null, "sub_district_type": null, "village": "Gongma Damboo", "village_category": "Rural", "village_code": "10589810467" }, "geometry": { "type": "Point", "coordinates": [ 76.3360348, 34.3975929 ] } },
{ "type": "Feature", "properties": { "id": 1464, "state": "Ladakh", "state_code": null, "district": "KARGIL", "district_code": 4.0, "sub_district": null, "sub_district_code": null, "sub_district_type": null, "village": "Chomolung", "village_category": "Rural", "village_code": "10589810468" }, "geometry": { "type": "Point", "coordinates": [ 76.3568247, 34.3960174 ] } },
{ "type": "Feature", "properties": { "id": 1465, "state": "Ladakh", "state_code": null, "district": "KARGIL", "district_code": 4.0, "sub_district": null, "sub_district_code": null, "sub_district_type": null, "village": "Yokma Damboo", "village_category": "Rural", "village_code": "10589810469" }, "geometry": { "type": "Point", "coordinates": [ 76.3355104, 34.3883225 ] } },
{ "type": "Feature", "properties": { "id": 1466, "state": "Ladakh", "state_code": null, "district": "KARGIL", "district_code": 4.0, "sub_district": null, "sub_district_code": null, "sub_district_type": null, "village": "Mulbekh Grong", "village_category": "Rural", "village_code": "10589810470" }, "geometry": { "type": "Point", "coordinates": [ 76.3587018, 34.3815651 ] } },
{ "type": "Feature", "properties": { "id": 1467, "state": "Ladakh", "state_code": null, "district": "KARGIL", "district_code": 4.0, "sub_district": null, "sub_district_code": null, "sub_district_type": null, "village": "Kurtan", "village_category": "Rural", "village_code": "10589810472" }, "geometry": { "type": "Point", "coordinates": [ 76.3846742, 34.3935071 ] } },
{ "type": "Feature", "properties": { "id": 1468, "state": "Ladakh", "state_code": null, "district": "KARGIL", "district_code": 4.0, "sub_district": null, "sub_district_code": null, "sub_district_type": null, "village": "Gurda", "village_category": "Rural", "village_code": "10589836655" }, "geometry": { "type": "Point", "coordinates": [ 76.2610191, 34.3950918 ] } },
{ "type": "Feature", "properties": { "id": 1469, "state": "Ladakh", "state_code": null, "district": "KARGIL", "district_code": 4.0, "sub_district": null, "sub_district_code": null, "sub_district_type": null, "village": "Goma Brok", "village_category": "Rural", "village_code": "10591286185" }, "geometry": { "type": "Point", "coordinates": [ 76.4061892, 34.4001277 ] } },
{ "type": "Feature", "properties": { "id": 1470, "state": "Ladakh", "state_code": null, "district": "KARGIL", "district_code": 4.0, "sub_district": null, "sub_district_code": null, "sub_district_type": null, "village": "Brok Longma", "village_category": "Rural", "village_code": "10591286186" }, "geometry": { "type": "Point", "coordinates": [ 76.3943789, 34.3878041 ] } },
{ "type": "Feature", "properties": { "id": 1471, "state": "Ladakh", "state_code": null, "district": "LEH", "district_code": 3.0, "sub_district": null, "sub_district_code": null, "sub_district_type": null, "village": "Unnamed Hamlet", "village_category": "Rural", "village_code": "10602159181" }, "geometry": { "type": "Point", "coordinates": [ 76.6019299, 34.5743274 ] } },
{ "type": "Feature", "properties": { "id": 1472, "state": "Ladakh", "state_code": null, "district": "LEH", "district_code": 3.0, "sub_district": null, "sub_district_code": null, "sub_district_type": null, "village": "Unnamed Hamlet", "village_category": "Rural", "village_code": "10602159183" }, "geometry": { "type": "Point", "coordinates": [ 76.6170981, 34.5848017 ] } },
{ "type": "Feature", "properties": { "id": 1473, "state": "Ladakh", "state_code": null, "district": "LEH", "district_code": 3.0, "sub_district": null, "sub_district_code": null, "sub_district_type": null, "village": "Unnamed Hamlet", "village_category": "Rural", "village_code": "10602159187" }, "geometry": { "type": "Point", "coordinates": [ 76.6245177, 34.5999733 ] } },
{ "type": "Feature", "properties": { "id": 1474, "state": "Ladakh", "state_code": null, "district": "LEH", "district_code": 3.0, "sub_district": null, "sub_district_code": null, "sub_district_type": null, "village": "Unnamed Hamlet", "village_category": "Rural", "village_code": "10602159188" }, "geometry": { "type": "Point", "coordinates": [ 76.6256835, 34.6024578 ] } },
{ "type": "Feature", "properties": { "id": 1475, "state": "Ladakh", "state_code": null, "district": "LEH", "district_code": 3.0, "sub_district": null, "sub_district_code": null, "sub_district_type": null, "village": "Unnamed Hamlet", "village_category": "Rural", "village_code": "10602159189" }, "geometry": { "type": "Point", "coordinates": [ 76.627393, 34.6072303 ] } },
{ "type": "Feature", "properties": { "id": 1476, "state": "Ladakh", "state_code": null, "district": "LEH", "district_code": 3.0, "sub_district": null, "sub_district_code": null, "sub_district_type": null, "village": "Kuskus", "village_category": "Rural", "village_code": "10602159191" }, "geometry": { "type": "Point", "coordinates": [ 76.6259156, 34.619318 ] } },
{ "type": "Feature", "properties": { "id": 1477, "state": "Ladakh", "state_code": null, "district": "LEH", "district_code": 3.0, "sub_district": null, "sub_district_code": null, "sub_district_type": null, "village": "Unnamed Hamlet", "village_category": "Rural", "village_code": "10602178207" }, "geometry": { "type": "Point", "coordinates": [ 76.6385423, 34.6495046 ] } },
{ "type": "Feature", "properties": { "id": 1478, "state": "Ladakh", "state_code": null, "district": "LEH", "district_code": 3.0, "sub_district": null, "sub_district_code": null, "sub_district_type": null, "village": "Unnamed Hamlet", "village_category": "Rural", "village_code": "10602178208" }, "geometry": { "type": "Point", "coordinates": [ 76.6407691, 34.6581615 ] } },
{ "type": "Feature", "properties": { "id": 1479, "state": "Ladakh", "state_code": null, "district": "LEH", "district_code": 3.0, "sub_district": null, "sub_district_code": null, "sub_district_type": null, "village": "Karioosay", "village_category": "Rural", "village_code": "10602178211" }, "geometry": { "type": "Point", "coordinates": [ 76.551386, 34.5724036 ] } },
{ "type": "Feature", "properties": { "id": 1480, "state": "Ladakh", "state_code": null, "district": "KARGIL", "district_code": 4.0, "sub_district": null, "sub_district_code": null, "sub_district_type": null, "village": "Shoody", "village_category": "Rural", "village_code": "10602178258" }, "geometry": { "type": "Point", "coordinates": [ 76.4273523, 34.6535125 ] } },
{ "type": "Feature", "properties": { "id": 1481, "state": "Ladakh", "state_code": null, "district": "LEH", "district_code": 3.0, "sub_district": null, "sub_district_code": null, "sub_district_type": null, "village": "ترکتی", "village_category": "Rural", "village_code": "10607223622" }, "geometry": { "type": "Point", "coordinates": [ 76.1900898, 34.8203217 ] } },
{ "type": "Feature", "properties": { "id": 1482, "state": "Ladakh", "state_code": null, "district": "LEH", "district_code": 3.0, "sub_district": null, "sub_district_code": null, "sub_district_type": null, "village": "Unnamed Hamlet", "village_category": "Rural", "village_code": "10608755495" }, "geometry": { "type": "Point", "coordinates": [ 74.9795737, 35.6301388 ] } },
{ "type": "Feature", "properties": { "id": 1483, "state": "Ladakh", "state_code": null, "district": "LEH", "district_code": 3.0, "sub_district": null, "sub_district_code": null, "sub_district_type": null, "village": "Unnamed Hamlet", "village_category": "Rural", "village_code": "10608755496" }, "geometry": { "type": "Point", "coordinates": [ 74.9792146, 35.6362881 ] } },
{ "type": "Feature", "properties": { "id": 1484, "state": "Ladakh", "state_code": null, "district": "LEH", "district_code": 3.0, "sub_district": null, "sub_district_code": null, "sub_district_type": null, "village": "کھمے داس", "village_category": "Rural", "village_code": "10608755497" }, "geometry": { "type": "Point", "coordinates": [ 74.9941608, 35.6233813 ] } },
{ "type": "Feature", "properties": { "id": 1485, "state": "Ladakh", "state_code": null, "district": "LEH", "district_code": 3.0, "sub_district": null, "sub_district_code": null, "sub_district_type": null, "village": "Unnamed Village", "village_category": "Rural", "village_code": "10608755498" }, "geometry": { "type": "Point", "coordinates": [ 75.0013593, 35.6216766 ] } },
{ "type": "Feature", "properties": { "id": 1486, "state": "Ladakh", "state_code": null, "district": "KARGIL", "district_code": 4.0, "sub_district": null, "sub_district_code": null, "sub_district_type": null, "village": "Pachay Khar", "village_category": "Rural", "village_code": "10612638218" }, "geometry": { "type": "Point", "coordinates": [ 76.3838791, 34.3752937 ] } },
{ "type": "Feature", "properties": { "id": 1487, "state": "Ladakh", "state_code": null, "district": "KARGIL", "district_code": 4.0, "sub_district": null, "sub_district_code": null, "sub_district_type": null, "village": "Wakha", "village_category": "Rural", "village_code": "10612638219" }, "geometry": { "type": "Point", "coordinates": [ 76.3953259, 34.3776668 ] } },
{ "type": "Feature", "properties": { "id": 1488, "state": "Ladakh", "state_code": null, "district": "KARGIL", "district_code": 4.0, "sub_district": null, "sub_district_code": null, "sub_district_type": null, "village": "Gyalkhang", "village_category": "Rural", "village_code": "10612638220" }, "geometry": { "type": "Point", "coordinates": [ 76.3890118, 34.3721625 ] } },
{ "type": "Feature", "properties": { "id": 1489, "state": "Ladakh", "state_code": null, "district": "KARGIL", "district_code": 4.0, "sub_district": null, "sub_district_code": null, "sub_district_type": null, "village": "Chhuskor", "village_category": "Rural", "village_code": "10612638221" }, "geometry": { "type": "Point", "coordinates": [ 76.3835873, 34.3704905 ] } },
{ "type": "Feature", "properties": { "id": 1490, "state": "Ladakh", "state_code": null, "district": "KARGIL", "district_code": 4.0, "sub_district": null, "sub_district_code": null, "sub_district_type": null, "village": "Kiskorsa", "village_category": "Rural", "village_code": "10612638222" }, "geometry": { "type": "Point", "coordinates": [ 76.3955864, 34.3675858 ] } },
{ "type": "Feature", "properties": { "id": 1491, "state": "Ladakh", "state_code": null, "district": "KARGIL", "district_code": 4.0, "sub_district": null, "sub_district_code": null, "sub_district_type": null, "village": "Tumber Wakha", "village_category": "Rural", "village_code": "10612638223" }, "geometry": { "type": "Point", "coordinates": [ 76.4001869, 34.3686627 ] } },
{ "type": "Feature", "properties": { "id": 1492, "state": "Ladakh", "state_code": null, "district": "KARGIL", "district_code": 4.0, "sub_district": null, "sub_district_code": null, "sub_district_type": null, "village": "Ganchoks Sherling", "village_category": "Rural", "village_code": "10612638225" }, "geometry": { "type": "Point", "coordinates": [ 76.4300623, 34.3539494 ] } },
{ "type": "Feature", "properties": { "id": 1493, "state": "Ladakh", "state_code": null, "district": "KARGIL", "district_code": 4.0, "sub_district": null, "sub_district_code": null, "sub_district_type": null, "village": "Siksora", "village_category": "Rural", "village_code": "10612638226" }, "geometry": { "type": "Point", "coordinates": [ 76.4697155, 34.3899062 ] } },
{ "type": "Feature", "properties": { "id": 1494, "state": "Ladakh", "state_code": null, "district": "KARGIL", "district_code": 4.0, "sub_district": null, "sub_district_code": null, "sub_district_type": null, "village": "Mangmore", "village_category": "Rural", "village_code": "10612638227" }, "geometry": { "type": "Point", "coordinates": [ 76.5263627, 34.3827912 ] } },
{ "type": "Feature", "properties": { "id": 1495, "state": "Ladakh", "state_code": null, "district": "KARGIL", "district_code": 4.0, "sub_district": null, "sub_district_code": null, "sub_district_type": null, "village": "Spanchopo", "village_category": "Rural", "village_code": "10612638228" }, "geometry": { "type": "Point", "coordinates": [ 76.5188714, 34.3845382 ] } },
{ "type": "Feature", "properties": { "id": 1496, "state": "Ladakh", "state_code": null, "district": "KARGIL", "district_code": 4.0, "sub_district": null, "sub_district_code": null, "sub_district_type": null, "village": "Yogma Mangmore", "village_category": "Rural", "village_code": "10612638229" }, "geometry": { "type": "Point", "coordinates": [ 76.5242217, 34.3869783 ] } },
{ "type": "Feature", "properties": { "id": 1497, "state": "Ladakh", "state_code": null, "district": "KARGIL", "district_code": 4.0, "sub_district": null, "sub_district_code": null, "sub_district_type": null, "village": "Dachay", "village_category": "Rural", "village_code": "10612638230" }, "geometry": { "type": "Point", "coordinates": [ 76.5222305, 34.3980981 ] } },
{ "type": "Feature", "properties": { "id": 1498, "state": "Ladakh", "state_code": null, "district": "KARGIL", "district_code": 4.0, "sub_district": null, "sub_district_code": null, "sub_district_type": null, "village": "Thangdos", "village_category": "Rural", "village_code": "10612638231" }, "geometry": { "type": "Point", "coordinates": [ 76.5257495, 34.4036503 ] } },
{ "type": "Feature", "properties": { "id": 1499, "state": "Ladakh", "state_code": null, "district": "KARGIL", "district_code": 4.0, "sub_district": null, "sub_district_code": null, "sub_district_type": null, "village": "Samrah Lungma", "village_category": "Rural", "village_code": "10612638232" }, "geometry": { "type": "Point", "coordinates": [ 76.5623821, 34.4097687 ] } },
{ "type": "Feature", "properties": { "id": 1500, "state": "Ladakh", "state_code": null, "district": "KARGIL", "district_code": 4.0, "sub_district": null, "sub_district_code": null, "sub_district_type": null, "village": "Khardun", "village_category": "Rural", "village_code": "10612638233" }, "geometry": { "type": "Point", "coordinates": [ 76.5201571, 34.4566629 ] } },
{ "type": "Feature", "properties": { "id": 1501, "state": "Ladakh", "state_code": null, "district": "KARGIL", "district_code": 4.0, "sub_district": null, "sub_district_code": null, "sub_district_type": null, "village": "Thochay", "village_category": "Rural", "village_code": "10612638234" }, "geometry": { "type": "Point", "coordinates": [ 76.5148871, 34.4674762 ] } },
{ "type": "Feature", "properties": { "id": 1502, "state": "Ladakh", "state_code": null, "district": "KARGIL", "district_code": 4.0, "sub_district": null, "sub_district_code": null, "sub_district_type": null, "village": "Manglishun", "village_category": "Rural", "village_code": "10612638235" }, "geometry": { "type": "Point", "coordinates": [ 76.5060122, 34.4756843 ] } },
{ "type": "Feature", "properties": { "id": 1503, "state": "Ladakh", "state_code": null, "district": "KARGIL", "district_code": 4.0, "sub_district": null, "sub_district_code": null, "sub_district_type": null, "village": "Takmatan", "village_category": "Rural", "village_code": "10612638236" }, "geometry": { "type": "Point", "coordinates": [ 76.5002616, 34.4794767 ] } },
{ "type": "Feature", "properties": { "id": 1504, "state": "Ladakh", "state_code": null, "district": "KARGIL", "district_code": 4.0, "sub_district": null, "sub_district_code": null, "sub_district_type": null, "village": "Grapi", "village_category": "Rural", "village_code": "10612638237" }, "geometry": { "type": "Point", "coordinates": [ 76.4825313, 34.4819979 ] } },
{ "type": "Feature", "properties": { "id": 1505, "state": "Ladakh", "state_code": null, "district": "KARGIL", "district_code": 4.0, "sub_district": null, "sub_district_code": null, "sub_district_type": null, "village": "Amzet", "village_category": "Rural", "village_code": "10612638239" }, "geometry": { "type": "Point", "coordinates": [ 76.4448948, 34.5098033 ] } },
{ "type": "Feature", "properties": { "id": 1506, "state": "Ladakh", "state_code": null, "district": "KARGIL", "district_code": 4.0, "sub_district": null, "sub_district_code": null, "sub_district_type": null, "village": "Shakar", "village_category": "Rural", "village_code": "10612638240" }, "geometry": { "type": "Point", "coordinates": [ 76.4557438, 34.5086858 ] } },
{ "type": "Feature", "properties": { "id": 1507, "state": "Ladakh", "state_code": null, "district": "KARGIL", "district_code": 4.0, "sub_district": null, "sub_district_code": null, "sub_district_type": null, "village": "Chumikchan", "village_category": "Rural", "village_code": "10612638286" }, "geometry": { "type": "Point", "coordinates": [ 76.489896, 34.516355 ] } },
{ "type": "Feature", "properties": { "id": 1508, "state": "Ladakh", "state_code": null, "district": "KARGIL", "district_code": 4.0, "sub_district": null, "sub_district_code": null, "sub_district_type": null, "village": "Shakar Dho", "village_category": "Rural", "village_code": "10612638287" }, "geometry": { "type": "Point", "coordinates": [ 76.4945845, 34.5106083 ] } },
{ "type": "Feature", "properties": { "id": 1509, "state": "Ladakh", "state_code": null, "district": "KARGIL", "district_code": 4.0, "sub_district": null, "sub_district_code": null, "sub_district_type": null, "village": "Pasthang", "village_category": "Rural", "village_code": "10612638288" }, "geometry": { "type": "Point", "coordinates": [ 76.4922715, 34.5081663 ] } },
{ "type": "Feature", "properties": { "id": 1510, "state": "Ladakh", "state_code": null, "district": "KARGIL", "district_code": 4.0, "sub_district": null, "sub_district_code": null, "sub_district_type": null, "village": "Shingbota", "village_category": "Rural", "village_code": "10612638289" }, "geometry": { "type": "Point", "coordinates": [ 76.4957202, 34.5185415 ] } },
{ "type": "Feature", "properties": { "id": 1511, "state": "Ladakh", "state_code": null, "district": "KARGIL", "district_code": 4.0, "sub_district": null, "sub_district_code": null, "sub_district_type": null, "village": "Samona", "village_category": "Rural", "village_code": "10612638290" }, "geometry": { "type": "Point", "coordinates": [ 76.4933362, 34.5266294 ] } },
{ "type": "Feature", "properties": { "id": 1512, "state": "Ladakh", "state_code": null, "district": "KARGIL", "district_code": 4.0, "sub_district": null, "sub_district_code": null, "sub_district_type": null, "village": "Asthana Samoni", "village_category": "Rural", "village_code": "10612638291" }, "geometry": { "type": "Point", "coordinates": [ 76.4840436, 34.529559 ] } },
{ "type": "Feature", "properties": { "id": 1513, "state": "Ladakh", "state_code": null, "district": "KARGIL", "district_code": 4.0, "sub_district": null, "sub_district_code": null, "sub_district_type": null, "village": "Samona Dho", "village_category": "Rural", "village_code": "10612638292" }, "geometry": { "type": "Point", "coordinates": [ 76.4914275, 34.5273126 ] } },
{ "type": "Feature", "properties": { "id": 1514, "state": "Ladakh", "state_code": null, "district": "KARGIL", "district_code": 4.0, "sub_district": null, "sub_district_code": null, "sub_district_type": null, "village": "Yukrol", "village_category": "Rural", "village_code": "10612638293" }, "geometry": { "type": "Point", "coordinates": [ 76.4413863, 34.5231425 ] } },
{ "type": "Feature", "properties": { "id": 1515, "state": "Ladakh", "state_code": null, "district": "KARGIL", "district_code": 4.0, "sub_district": null, "sub_district_code": null, "sub_district_type": null, "village": "Zinkha", "village_category": "Rural", "village_code": "10612638294" }, "geometry": { "type": "Point", "coordinates": [ 76.4322882, 34.5224495 ] } },
{ "type": "Feature", "properties": { "id": 1516, "state": "Ladakh", "state_code": null, "district": "KARGIL", "district_code": 4.0, "sub_district": null, "sub_district_code": null, "sub_district_type": null, "village": "Samar", "village_category": "Rural", "village_code": "10612638295" }, "geometry": { "type": "Point", "coordinates": [ 76.4284259, 34.5227607 ] } },
{ "type": "Feature", "properties": { "id": 1517, "state": "Ladakh", "state_code": null, "district": "KARGIL", "district_code": 4.0, "sub_district": null, "sub_district_code": null, "sub_district_type": null, "village": "Yogma Kharboo", "village_category": "Rural", "village_code": "10612638296" }, "geometry": { "type": "Point", "coordinates": [ 76.4354296, 34.5230011 ] } },
{ "type": "Feature", "properties": { "id": 1518, "state": "Ladakh", "state_code": null, "district": "KARGIL", "district_code": 4.0, "sub_district": null, "sub_district_code": null, "sub_district_type": null, "village": "Manchorchey", "village_category": "Rural", "village_code": "10612638300" }, "geometry": { "type": "Point", "coordinates": [ 76.5019071, 34.546514 ] } },
{ "type": "Feature", "properties": { "id": 1519, "state": "Ladakh", "state_code": null, "district": "KARGIL", "district_code": 4.0, "sub_district": null, "sub_district_code": null, "sub_district_type": null, "village": "Mullung", "village_category": "Rural", "village_code": "10612638301" }, "geometry": { "type": "Point", "coordinates": [ 76.4995573, 34.5457026 ] } },
{ "type": "Feature", "properties": { "id": 1520, "state": "Ladakh", "state_code": null, "district": "KARGIL", "district_code": 4.0, "sub_district": null, "sub_district_code": null, "sub_district_type": null, "village": "Unpeyol", "village_category": "Rural", "village_code": "10612638302" }, "geometry": { "type": "Point", "coordinates": [ 76.5054912, 34.5569337 ] } },
{ "type": "Feature", "properties": { "id": 1521, "state": "Ladakh", "state_code": null, "district": "LEH", "district_code": 3.0, "sub_district": null, "sub_district_code": null, "sub_district_type": null, "village": "تھوار", "village_category": "Rural", "village_code": "10613911602" }, "geometry": { "type": "Point", "coordinates": [ 75.2079227, 35.6097243 ] } },
{ "type": "Feature", "properties": { "id": 1522, "state": "Ladakh", "state_code": null, "district": "LEH", "district_code": 3.0, "sub_district": null, "sub_district_code": null, "sub_district_type": null, "village": "Hargosal", "village_category": "Rural", "village_code": "10621981715" }, "geometry": { "type": "Point", "coordinates": [ 76.1325996, 34.7579035 ] } },
{ "type": "Feature", "properties": { "id": 1523, "state": "Ladakh", "state_code": null, "district": "KARGIL", "district_code": 4.0, "sub_district": null, "sub_district_code": null, "sub_district_type": null, "village": "Chhotkang", "village_category": "Rural", "village_code": "10650238114" }, "geometry": { "type": "Point", "coordinates": [ 76.5476376, 34.3577093 ] } },
{ "type": "Feature", "properties": { "id": 1524, "state": "Ladakh", "state_code": null, "district": "KARGIL", "district_code": 4.0, "sub_district": null, "sub_district_code": null, "sub_district_type": null, "village": "Mundik", "village_category": "Rural", "village_code": "10650238115" }, "geometry": { "type": "Point", "coordinates": [ 76.5544072, 34.3520607 ] } },
{ "type": "Feature", "properties": { "id": 1525, "state": "Ladakh", "state_code": null, "district": "KARGIL", "district_code": 4.0, "sub_district": null, "sub_district_code": null, "sub_district_type": null, "village": "Yugmal Kharboo", "village_category": "Rural", "village_code": "10650238116" }, "geometry": { "type": "Point", "coordinates": [ 76.5370351, 34.3382843 ] } },
{ "type": "Feature", "properties": { "id": 1526, "state": "Ladakh", "state_code": null, "district": "KARGIL", "district_code": 4.0, "sub_district": null, "sub_district_code": null, "sub_district_type": null, "village": "Brok Gyal", "village_category": "Rural", "village_code": "10650238117" }, "geometry": { "type": "Point", "coordinates": [ 76.5541384, 34.3439309 ] } },
{ "type": "Feature", "properties": { "id": 1527, "state": "Ladakh", "state_code": null, "district": "KARGIL", "district_code": 4.0, "sub_district": null, "sub_district_code": null, "sub_district_type": null, "village": "Kacha", "village_category": "Rural", "village_code": "10650238118" }, "geometry": { "type": "Point", "coordinates": [ 76.5518255, 34.3401561 ] } },
{ "type": "Feature", "properties": { "id": 1528, "state": "Ladakh", "state_code": null, "district": "KARGIL", "district_code": 4.0, "sub_district": null, "sub_district_code": null, "sub_district_type": null, "village": "Rakche", "village_category": "Rural", "village_code": "10650238119" }, "geometry": { "type": "Point", "coordinates": [ 76.5298876, 34.3384316 ] } },
{ "type": "Feature", "properties": { "id": 1529, "state": "Ladakh", "state_code": null, "district": "KARGIL", "district_code": 4.0, "sub_district": null, "sub_district_code": null, "sub_district_type": null, "village": "Shyalgo", "village_category": "Rural", "village_code": "10650238120" }, "geometry": { "type": "Point", "coordinates": [ 76.512181, 34.329936 ] } },
{ "type": "Feature", "properties": { "id": 1530, "state": "Ladakh", "state_code": null, "district": "KARGIL", "district_code": 4.0, "sub_district": null, "sub_district_code": null, "sub_district_type": null, "village": "Pimor", "village_category": "Rural", "village_code": "10650238122" }, "geometry": { "type": "Point", "coordinates": [ 76.5090047, 34.3208915 ] } },
{ "type": "Feature", "properties": { "id": 1531, "state": "Ladakh", "state_code": null, "district": "KARGIL", "district_code": 4.0, "sub_district": null, "sub_district_code": null, "sub_district_type": null, "village": "Sabchhot", "village_category": "Rural", "village_code": "10650238123" }, "geometry": { "type": "Point", "coordinates": [ 76.546568, 34.3299693 ] } },
{ "type": "Feature", "properties": { "id": 1532, "state": "Ladakh", "state_code": null, "district": "KARGIL", "district_code": 4.0, "sub_district": null, "sub_district_code": null, "sub_district_type": null, "village": "Lumbu", "village_category": "Rural", "village_code": "10650238124" }, "geometry": { "type": "Point", "coordinates": [ 76.5464633, 34.3243145 ] } },
{ "type": "Feature", "properties": { "id": 1533, "state": "Ladakh", "state_code": null, "district": "KARGIL", "district_code": 4.0, "sub_district": null, "sub_district_code": null, "sub_district_type": null, "village": "Gongma Lungma", "village_category": "Rural", "village_code": "10650238126" }, "geometry": { "type": "Point", "coordinates": [ 76.5402319, 34.3172547 ] } },
{ "type": "Feature", "properties": { "id": 1534, "state": "Ladakh", "state_code": null, "district": "KARGIL", "district_code": 4.0, "sub_district": null, "sub_district_code": null, "sub_district_type": null, "village": "Heniskot", "village_category": "Rural", "village_code": "10650238128" }, "geometry": { "type": "Point", "coordinates": [ 76.6379016, 34.3171298 ] } },
{ "type": "Feature", "properties": { "id": 1535, "state": "Ladakh", "state_code": null, "district": "KARGIL", "district_code": 4.0, "sub_district": null, "sub_district_code": null, "sub_district_type": null, "village": "Chipkyangchan", "village_category": "Rural", "village_code": "10650238129" }, "geometry": { "type": "Point", "coordinates": [ 76.6622172, 34.3047596 ] } },
{ "type": "Feature", "properties": { "id": 1536, "state": "Ladakh", "state_code": null, "district": "LEH", "district_code": 3.0, "sub_district": null, "sub_district_code": null, "sub_district_type": null, "village": "ژھوق", "village_category": "Rural", "village_code": "10653486643" }, "geometry": { "type": "Point", "coordinates": [ 75.4464503, 35.4098164 ] } },
{ "type": "Feature", "properties": { "id": 1537, "state": "Ladakh", "state_code": null, "district": "LEH", "district_code": 3.0, "sub_district": null, "sub_district_code": null, "sub_district_type": null, "village": "Staq Chan", "village_category": "Rural", "village_code": "10653486644" }, "geometry": { "type": "Point", "coordinates": [ 75.3371604, 35.3701737 ] } },
{ "type": "Feature", "properties": { "id": 1538, "state": "Ladakh", "state_code": null, "district": "LEH", "district_code": 3.0, "sub_district": null, "sub_district_code": null, "sub_district_type": null, "village": "Ganji Kot", "village_category": "Rural", "village_code": "10718769243" }, "geometry": { "type": "Point", "coordinates": [ 74.9909377, 35.5853455 ] } },
{ "type": "Feature", "properties": { "id": 1539, "state": "Ladakh", "state_code": null, "district": "LEH", "district_code": 3.0, "sub_district": null, "sub_district_code": null, "sub_district_type": null, "village": "Hemar", "village_category": "Rural", "village_code": "10769594829" }, "geometry": { "type": "Point", "coordinates": [ 76.7500217, 34.368121 ] } },
{ "type": "Feature", "properties": { "id": 1540, "state": "Ladakh", "state_code": null, "district": "LEH", "district_code": 3.0, "sub_district": null, "sub_district_code": null, "sub_district_type": null, "village": "Misana", "village_category": "Rural", "village_code": "10769594830" }, "geometry": { "type": "Point", "coordinates": [ 76.7584974, 34.3912336 ] } },
{ "type": "Feature", "properties": { "id": 1541, "state": "Ladakh", "state_code": null, "district": "LEH", "district_code": 3.0, "sub_district": null, "sub_district_code": null, "sub_district_type": null, "village": "Domkhar Barma", "village_category": "Rural", "village_code": "10769594831" }, "geometry": { "type": "Point", "coordinates": [ 76.7980738, 34.4169876 ] } },
{ "type": "Feature", "properties": { "id": 1542, "state": "Ladakh", "state_code": null, "district": "LEH", "district_code": 3.0, "sub_district": null, "sub_district_code": null, "sub_district_type": null, "village": "Domkhar Gongma", "village_category": "Rural", "village_code": "10769594832" }, "geometry": { "type": "Point", "coordinates": [ 76.8206644, 34.4509288 ] } },
{ "type": "Feature", "properties": { "id": 1543, "state": "Ladakh", "state_code": null, "district": "LEH", "district_code": 3.0, "sub_district": null, "sub_district_code": null, "sub_district_type": null, "village": "Sasedo Warchoo", "village_category": "Rural", "village_code": "10769594834" }, "geometry": { "type": "Point", "coordinates": [ 76.7574317, 34.4094583 ] } },
{ "type": "Feature", "properties": { "id": 1544, "state": "Ladakh", "state_code": null, "district": "LEH", "district_code": 3.0, "sub_district": null, "sub_district_code": null, "sub_district_type": null, "village": "Urbis Dho", "village_category": "Rural", "village_code": "10769594835" }, "geometry": { "type": "Point", "coordinates": [ 76.7235397, 34.3982273 ] } },
{ "type": "Feature", "properties": { "id": 1545, "state": "Ladakh", "state_code": null, "district": "LEH", "district_code": 3.0, "sub_district": null, "sub_district_code": null, "sub_district_type": null, "village": "Urbis", "village_category": "Rural", "village_code": "10769594836" }, "geometry": { "type": "Point", "coordinates": [ 76.7128864, 34.3943507 ] } },
{ "type": "Feature", "properties": { "id": 1546, "state": "Ladakh", "state_code": null, "district": "LEH", "district_code": 3.0, "sub_district": null, "sub_district_code": null, "sub_district_type": null, "village": "گون", "village_category": "Rural", "village_code": "10776700980" }, "geometry": { "type": "Point", "coordinates": [ 75.9872603, 35.2099934 ] } },
{ "type": "Feature", "properties": { "id": 1547, "state": "Ladakh", "state_code": null, "district": "LEH", "district_code": 3.0, "sub_district": null, "sub_district_code": null, "sub_district_type": null, "village": "Balagrong", "village_category": "Rural", "village_code": "10811220050" }, "geometry": { "type": "Point", "coordinates": [ 76.3971282, 35.2850472 ] } },
{ "type": "Feature", "properties": { "id": 1548, "state": "Ladakh", "state_code": null, "district": "LEH", "district_code": 3.0, "sub_district": null, "sub_district_code": null, "sub_district_type": null, "village": "مرضی گون", "village_category": "Rural", "village_code": "10811220051" }, "geometry": { "type": "Point", "coordinates": [ 76.3879345, 35.2928686 ] } },
{ "type": "Feature", "properties": { "id": 1549, "state": "Ladakh", "state_code": null, "district": "LEH", "district_code": 3.0, "sub_district": null, "sub_district_code": null, "sub_district_type": null, "village": "کھانے", "village_category": "Rural", "village_code": "10811220053" }, "geometry": { "type": "Point", "coordinates": [ 76.3802362, 35.3261193 ] } },
{ "type": "Feature", "properties": { "id": 1550, "state": "Ladakh", "state_code": null, "district": "LEH", "district_code": 3.0, "sub_district": null, "sub_district_code": null, "sub_district_type": null, "village": "Dasso", "village_category": "Rural", "village_code": "10846985617" }, "geometry": { "type": "Point", "coordinates": [ 74.7548414, 35.8863827 ] } },
{ "type": "Feature", "properties": { "id": 1551, "state": "Ladakh", "state_code": null, "district": "LEH", "district_code": 3.0, "sub_district": null, "sub_district_code": null, "sub_district_type": null, "village": "Barah Valley", "village_category": "Rural", "village_code": "10853977378" }, "geometry": { "type": "Point", "coordinates": [ 76.2860209, 35.1944104 ] } },
{ "type": "Feature", "properties": { "id": 1552, "state": "Ladakh", "state_code": null, "district": "LEH", "district_code": 3.0, "sub_district": null, "sub_district_code": null, "sub_district_type": null, "village": "Dibling", "village_category": "Rural", "village_code": "10865402938" }, "geometry": { "type": "Point", "coordinates": [ 76.6457585, 33.9625778 ] } },
{ "type": "Feature", "properties": { "id": 1553, "state": "Ladakh", "state_code": null, "district": "LEH", "district_code": 3.0, "sub_district": null, "sub_district_code": null, "sub_district_type": null, "village": "Iskere", "village_category": "Rural", "village_code": "10875283069" }, "geometry": { "type": "Point", "coordinates": [ 74.814123, 35.9095262 ] } },
{ "type": "Feature", "properties": { "id": 1554, "state": "Ladakh", "state_code": null, "district": "KARGIL", "district_code": 4.0, "sub_district": null, "sub_district_code": null, "sub_district_type": null, "village": "Tapche", "village_category": "Rural", "village_code": "10879635555" }, "geometry": { "type": "Point", "coordinates": [ 75.9610023, 34.1263267 ] } },
{ "type": "Feature", "properties": { "id": 1555, "state": "Ladakh", "state_code": null, "district": "KARGIL", "district_code": 4.0, "sub_district": null, "sub_district_code": null, "sub_district_type": null, "village": "Bimachan", "village_category": "Rural", "village_code": "10879635556" }, "geometry": { "type": "Point", "coordinates": [ 75.9460443, 34.1053216 ] } },
{ "type": "Feature", "properties": { "id": 1556, "state": "Ladakh", "state_code": null, "district": "KARGIL", "district_code": 4.0, "sub_district": null, "sub_district_code": null, "sub_district_type": null, "village": "Anti", "village_category": "Rural", "village_code": "10879635557" }, "geometry": { "type": "Point", "coordinates": [ 75.9476885, 34.0513293 ] } },
{ "type": "Feature", "properties": { "id": 1557, "state": "Ladakh", "state_code": null, "district": "KARGIL", "district_code": 4.0, "sub_district": null, "sub_district_code": null, "sub_district_type": null, "village": "Dokhang", "village_category": "Rural", "village_code": "10879635561" }, "geometry": { "type": "Point", "coordinates": [ 76.7366744, 33.57838 ] } },
{ "type": "Feature", "properties": { "id": 1558, "state": "Ladakh", "state_code": null, "district": "KARGIL", "district_code": 4.0, "sub_district": null, "sub_district_code": null, "sub_district_type": null, "village": "Shagargoma", "village_category": "Rural", "village_code": "10879635562" }, "geometry": { "type": "Point", "coordinates": [ 76.7526534, 33.5595577 ] } },
{ "type": "Feature", "properties": { "id": 1559, "state": "Ladakh", "state_code": null, "district": "LEH", "district_code": 3.0, "sub_district": null, "sub_district_code": null, "sub_district_type": null, "village": "Isolated Dwelling", "village_category": "Rural", "village_code": "11195554843" }, "geometry": { "type": "Point", "coordinates": [ 77.9780651, 33.2845641 ] } },
{ "type": "Feature", "properties": { "id": 1560, "state": "Ladakh", "state_code": null, "district": "LEH", "district_code": 3.0, "sub_district": null, "sub_district_code": null, "sub_district_type": null, "village": "T-mord", "village_category": "Rural", "village_code": "11197722445" }, "geometry": { "type": "Point", "coordinates": [ 77.6869357, 34.5275798 ] } },
{ "type": "Feature", "properties": { "id": 1561, "state": "Ladakh", "state_code": null, "district": "LEH", "district_code": 3.0, "sub_district": null, "sub_district_code": null, "sub_district_type": null, "village": "Unnamed Isolated_dwelling", "village_category": "Rural", "village_code": "11207653427" }, "geometry": { "type": "Point", "coordinates": [ 77.8611643, 33.4193935 ] } },
{ "type": "Feature", "properties": { "id": 1562, "state": "Ladakh", "state_code": null, "district": "LEH", "district_code": 3.0, "sub_district": null, "sub_district_code": null, "sub_district_type": null, "village": "Chushul", "village_category": "Rural", "village_code": "11222966577" }, "geometry": { "type": "Point", "coordinates": [ 78.6440678, 33.6009053 ] } },
{ "type": "Feature", "properties": { "id": 1563, "state": "Ladakh", "state_code": null, "district": "LEH", "district_code": 3.0, "sub_district": null, "sub_district_code": null, "sub_district_type": null, "village": "Lato", "village_category": "Rural", "village_code": "11228367369" }, "geometry": { "type": "Point", "coordinates": [ 77.7278798, 33.6799086 ] } },
{ "type": "Feature", "properties": { "id": 1564, "state": "Ladakh", "state_code": null, "district": "LEH", "district_code": 3.0, "sub_district": null, "sub_district_code": null, "sub_district_type": null, "village": "Kichen", "village_category": "Rural", "village_code": "11228416746" }, "geometry": { "type": "Point", "coordinates": [ 77.6847879, 33.8209862 ] } },
{ "type": "Feature", "properties": { "id": 1565, "state": "Ladakh", "state_code": null, "district": "LEH", "district_code": 3.0, "sub_district": null, "sub_district_code": null, "sub_district_type": null, "village": "Tebjang", "village_category": "Rural", "village_code": "11228417046" }, "geometry": { "type": "Point", "coordinates": [ 77.4154493, 34.04039 ] } },
{ "type": "Feature", "properties": { "id": 1566, "state": "Ladakh", "state_code": null, "district": "LEH", "district_code": 3.0, "sub_district": null, "sub_district_code": null, "sub_district_type": null, "village": "تانگیر", "village_category": "Urban", "village_code": "11296711726" }, "geometry": { "type": "Point", "coordinates": [ 73.4536423, 35.6380998 ] } },
{ "type": "Feature", "properties": { "id": 1567, "state": "Ladakh", "state_code": null, "district": "LEH", "district_code": 3.0, "sub_district": null, "sub_district_code": null, "sub_district_type": null, "village": "Unnamed Isolated_dwelling", "village_category": "Rural", "village_code": "11299153308" }, "geometry": { "type": "Point", "coordinates": [ 77.8188356, 33.4107346 ] } },
{ "type": "Feature", "properties": { "id": 1568, "state": "Ladakh", "state_code": null, "district": "LEH", "district_code": 3.0, "sub_district": null, "sub_district_code": null, "sub_district_type": null, "village": "داریل", "village_category": "Rural", "village_code": "11300068579" }, "geometry": { "type": "Point", "coordinates": [ 73.6176436, 35.6620734 ] } },
{ "type": "Feature", "properties": { "id": 1569, "state": "Ladakh", "state_code": null, "district": "LEH", "district_code": 3.0, "sub_district": null, "sub_district_code": null, "sub_district_type": null, "village": "Handis", "village_category": "Rural", "village_code": "11465101228" }, "geometry": { "type": "Point", "coordinates": [ 73.7445525, 36.5677649 ] } },
{ "type": "Feature", "properties": { "id": 1570, "state": "Ladakh", "state_code": null, "district": "LEH", "district_code": 3.0, "sub_district": null, "sub_district_code": null, "sub_district_type": null, "village": "Howar", "village_category": "Rural", "village_code": "11465101229" }, "geometry": { "type": "Point", "coordinates": [ 73.7949972, 36.5689031 ] } },
{ "type": "Feature", "properties": { "id": 1571, "state": "Ladakh", "state_code": null, "district": "LEH", "district_code": 3.0, "sub_district": null, "sub_district_code": null, "sub_district_type": null, "village": "Gamosh", "village_category": "Rural", "village_code": "11505172551" }, "geometry": { "type": "Point", "coordinates": [ 75.613261, 35.1937451 ] } },
{ "type": "Feature", "properties": { "id": 1572, "state": "Ladakh", "state_code": null, "district": "LEH", "district_code": 3.0, "sub_district": null, "sub_district_code": null, "sub_district_type": null, "village": "Milpin", "village_category": "Rural", "village_code": "11505191439" }, "geometry": { "type": "Point", "coordinates": [ 75.6231187, 35.1915478 ] } },
{ "type": "Feature", "properties": { "id": 1573, "state": "Ladakh", "state_code": null, "district": "LEH", "district_code": 3.0, "sub_district": null, "sub_district_code": null, "sub_district_type": null, "village": "Yush", "village_category": "Rural", "village_code": "11505191440" }, "geometry": { "type": "Point", "coordinates": [ 75.6180611, 35.1863267 ] } },
{ "type": "Feature", "properties": { "id": 1574, "state": "Ladakh", "state_code": null, "district": "LEH", "district_code": 3.0, "sub_district": null, "sub_district_code": null, "sub_district_type": null, "village": "Pololo", "village_category": "Rural", "village_code": "11505191441" }, "geometry": { "type": "Point", "coordinates": [ 75.6157075, 35.1865214 ] } },
{ "type": "Feature", "properties": { "id": 1575, "state": "Ladakh", "state_code": null, "district": "LEH", "district_code": 3.0, "sub_district": null, "sub_district_code": null, "sub_district_type": null, "village": "Mirak", "village_category": "Rural", "village_code": "11505191442" }, "geometry": { "type": "Point", "coordinates": [ 75.620681, 35.1830748 ] } },
{ "type": "Feature", "properties": { "id": 1576, "state": "Ladakh", "state_code": null, "district": "LEH", "district_code": 3.0, "sub_district": null, "sub_district_code": null, "sub_district_type": null, "village": "Dadj", "village_category": "Rural", "village_code": "11505191517" }, "geometry": { "type": "Point", "coordinates": [ 75.6188746, 35.1766942 ] } },
{ "type": "Feature", "properties": { "id": 1577, "state": "Ladakh", "state_code": null, "district": "LEH", "district_code": 3.0, "sub_district": null, "sub_district_code": null, "sub_district_type": null, "village": "Bolan", "village_category": "Rural", "village_code": "11505196655" }, "geometry": { "type": "Point", "coordinates": [ 74.8532661, 35.3272395 ] } },
{ "type": "Feature", "properties": { "id": 1578, "state": "Ladakh", "state_code": null, "district": "LEH", "district_code": 3.0, "sub_district": null, "sub_district_code": null, "sub_district_type": null, "village": "Dhanal", "village_category": "Rural", "village_code": "11505196656" }, "geometry": { "type": "Point", "coordinates": [ 74.8567949, 35.3127022 ] } },
{ "type": "Feature", "properties": { "id": 1579, "state": "Ladakh", "state_code": null, "district": "LEH", "district_code": 3.0, "sub_district": null, "sub_district_code": null, "sub_district_type": null, "village": "Hilbich", "village_category": "Rural", "village_code": "11505196657" }, "geometry": { "type": "Point", "coordinates": [ 74.8434719, 35.301344 ] } },
{ "type": "Feature", "properties": { "id": 1580, "state": "Ladakh", "state_code": null, "district": "LEH", "district_code": 3.0, "sub_district": null, "sub_district_code": null, "sub_district_type": null, "village": "احمد آباد", "village_category": "Rural", "village_code": "11505196658" }, "geometry": { "type": "Point", "coordinates": [ 74.83739, 35.2901184 ] } },
{ "type": "Feature", "properties": { "id": 1581, "state": "Ladakh", "state_code": null, "district": "LEH", "district_code": 3.0, "sub_district": null, "sub_district_code": null, "sub_district_type": null, "village": "Girik", "village_category": "Rural", "village_code": "11505196660" }, "geometry": { "type": "Point", "coordinates": [ 74.8376672, 35.277684 ] } },
{ "type": "Feature", "properties": { "id": 1582, "state": "Ladakh", "state_code": null, "district": "LEH", "district_code": 3.0, "sub_district": null, "sub_district_code": null, "sub_district_type": null, "village": "Doi Das", "village_category": "Rural", "village_code": "11505196661" }, "geometry": { "type": "Point", "coordinates": [ 74.8408317, 35.2630021 ] } },
{ "type": "Feature", "properties": { "id": 1583, "state": "Ladakh", "state_code": null, "district": "LEH", "district_code": 3.0, "sub_district": null, "sub_district_code": null, "sub_district_type": null, "village": "Kamrot", "village_category": "Rural", "village_code": "11505196662" }, "geometry": { "type": "Point", "coordinates": [ 74.8528803, 35.2318927 ] } },
{ "type": "Feature", "properties": { "id": 1584, "state": "Ladakh", "state_code": null, "district": "LEH", "district_code": 3.0, "sub_district": null, "sub_district_code": null, "sub_district_type": null, "village": "Bulashbar", "village_category": "Rural", "village_code": "11505199548" }, "geometry": { "type": "Point", "coordinates": [ 74.8499365, 35.2246359 ] } },
{ "type": "Feature", "properties": { "id": 1585, "state": "Ladakh", "state_code": null, "district": "LEH", "district_code": 3.0, "sub_district": null, "sub_district_code": null, "sub_district_type": null, "village": "Gotomorjil", "village_category": "Rural", "village_code": "11505199549" }, "geometry": { "type": "Point", "coordinates": [ 74.8609241, 35.2158481 ] } },
{ "type": "Feature", "properties": { "id": 1586, "state": "Ladakh", "state_code": null, "district": "LEH", "district_code": 3.0, "sub_district": null, "sub_district_code": null, "sub_district_type": null, "village": "Toko Baihk", "village_category": "Rural", "village_code": "11505199550" }, "geometry": { "type": "Point", "coordinates": [ 74.8659261, 35.2131968 ] } },
{ "type": "Feature", "properties": { "id": 1587, "state": "Ladakh", "state_code": null, "district": "LEH", "district_code": 3.0, "sub_district": null, "sub_district_code": null, "sub_district_type": null, "village": "سنکرمو", "village_category": "Rural", "village_code": "11563605931" }, "geometry": { "type": "Point", "coordinates": [ 76.1983828, 34.8369622 ] } },
{ "type": "Feature", "properties": { "id": 1588, "state": "Ladakh", "state_code": null, "district": "KARGIL", "district_code": 4.0, "sub_district": null, "sub_district_code": null, "sub_district_type": null, "village": "Hongchat", "village_category": "Rural", "village_code": "11581646929" }, "geometry": { "type": "Point", "coordinates": [ 76.8703111, 33.5270613 ] } },
{ "type": "Feature", "properties": { "id": 1589, "state": "Ladakh", "state_code": null, "district": "KARGIL", "district_code": 4.0, "sub_district": null, "sub_district_code": null, "sub_district_type": null, "village": "Karsha", "village_category": "Rural", "village_code": "11679041661" }, "geometry": { "type": "Point", "coordinates": [ 76.9050168, 33.5314433 ] } },
{ "type": "Feature", "properties": { "id": 1590, "state": "Ladakh", "state_code": null, "district": "KARGIL", "district_code": 4.0, "sub_district": null, "sub_district_code": null, "sub_district_type": null, "village": "Tanang", "village_category": "Rural", "village_code": "11756826532" }, "geometry": { "type": "Point", "coordinates": [ 76.8652111, 33.5334352 ] } },
{ "type": "Feature", "properties": { "id": 1591, "state": "Ladakh", "state_code": null, "district": "KARGIL", "district_code": 4.0, "sub_district": null, "sub_district_code": null, "sub_district_type": null, "village": "Gonyok", "village_category": "Rural", "village_code": "11756826533" }, "geometry": { "type": "Point", "coordinates": [ 76.8122731, 33.504524 ] } },
{ "type": "Feature", "properties": { "id": 1592, "state": "Ladakh", "state_code": null, "district": "KARGIL", "district_code": 4.0, "sub_district": null, "sub_district_code": null, "sub_district_type": null, "village": "Ramanyut", "village_category": "Rural", "village_code": "11756826534" }, "geometry": { "type": "Point", "coordinates": [ 76.8040838, 33.5204067 ] } },
{ "type": "Feature", "properties": { "id": 1593, "state": "Ladakh", "state_code": null, "district": "KARGIL", "district_code": 4.0, "sub_district": null, "sub_district_code": null, "sub_district_type": null, "village": "Thana", "village_category": "Rural", "village_code": "11758225827" }, "geometry": { "type": "Point", "coordinates": [ 76.7159264, 33.5922114 ] } },
{ "type": "Feature", "properties": { "id": 1594, "state": "Ladakh", "state_code": null, "district": "KARGIL", "district_code": 4.0, "sub_district": null, "sub_district_code": null, "sub_district_type": null, "village": "Toklhathang", "village_category": "Rural", "village_code": "11758225828" }, "geometry": { "type": "Point", "coordinates": [ 76.7136604, 33.5935269 ] } },
{ "type": "Feature", "properties": { "id": 1595, "state": "Ladakh", "state_code": null, "district": "KARGIL", "district_code": 4.0, "sub_district": null, "sub_district_code": null, "sub_district_type": null, "village": "Shila Phu", "village_category": "Rural", "village_code": "11758607138" }, "geometry": { "type": "Point", "coordinates": [ 76.9341733, 33.4358593 ] } },
{ "type": "Feature", "properties": { "id": 1596, "state": "Ladakh", "state_code": null, "district": "KARGIL", "district_code": 4.0, "sub_district": null, "sub_district_code": null, "sub_district_type": null, "village": "Raru", "village_category": "Rural", "village_code": "11758607149" }, "geometry": { "type": "Point", "coordinates": [ 76.9691752, 33.3321295 ] } },
{ "type": "Feature", "properties": { "id": 1597, "state": "Ladakh", "state_code": null, "district": "KARGIL", "district_code": 4.0, "sub_district": null, "sub_district_code": null, "sub_district_type": null, "village": "Khangsar", "village_category": "Rural", "village_code": "11758878931" }, "geometry": { "type": "Point", "coordinates": [ 77.0664514, 33.2488206 ] } },
{ "type": "Feature", "properties": { "id": 1598, "state": "Ladakh", "state_code": null, "district": "KARGIL", "district_code": 4.0, "sub_district": null, "sub_district_code": null, "sub_district_type": null, "village": "Anmu", "village_category": "Rural", "village_code": "11758878932" }, "geometry": { "type": "Point", "coordinates": [ 77.0734825, 33.2478218 ] } },
{ "type": "Feature", "properties": { "id": 1599, "state": "Ladakh", "state_code": null, "district": "KARGIL", "district_code": 4.0, "sub_district": null, "sub_district_code": null, "sub_district_type": null, "village": "Cha", "village_category": "Rural", "village_code": "11758878933" }, "geometry": { "type": "Point", "coordinates": [ 77.1260898, 33.2439585 ] } },
{ "type": "Feature", "properties": { "id": 1600, "state": "Ladakh", "state_code": null, "district": "KARGIL", "district_code": 4.0, "sub_district": null, "sub_district_code": null, "sub_district_type": null, "village": "Purne", "village_category": "Rural", "village_code": "11758878934" }, "geometry": { "type": "Point", "coordinates": [ 77.1442721, 33.2344932 ] } },
{ "type": "Feature", "properties": { "id": 1601, "state": "Ladakh", "state_code": null, "district": "KARGIL", "district_code": 4.0, "sub_district": null, "sub_district_code": null, "sub_district_type": null, "village": "Thaple", "village_category": "Rural", "village_code": "11758878936" }, "geometry": { "type": "Point", "coordinates": [ 77.2207969, 33.1130134 ] } },
{ "type": "Feature", "properties": { "id": 1602, "state": "Ladakh", "state_code": null, "district": "KARGIL", "district_code": 4.0, "sub_district": null, "sub_district_code": null, "sub_district_type": null, "village": "Kargyak", "village_category": "Rural", "village_code": "11758878940" }, "geometry": { "type": "Point", "coordinates": [ 77.2268041, 33.0636558 ] } },
{ "type": "Feature", "properties": { "id": 1603, "state": "Ladakh", "state_code": null, "district": "LEH", "district_code": 3.0, "sub_district": null, "sub_district_code": null, "sub_district_type": null, "village": "Wanla", "village_category": "Rural", "village_code": "11772486220" }, "geometry": { "type": "Point", "coordinates": [ 76.8302118, 34.249105 ] } },
{ "type": "Feature", "properties": { "id": 1604, "state": "Ladakh", "state_code": null, "district": "LEH", "district_code": 3.0, "sub_district": null, "sub_district_code": null, "sub_district_type": null, "village": "Tarchit", "village_category": "Rural", "village_code": "11772486221" }, "geometry": { "type": "Point", "coordinates": [ 76.8407072, 34.2296012 ] } },
{ "type": "Feature", "properties": { "id": 1605, "state": "Ladakh", "state_code": null, "district": "LEH", "district_code": 3.0, "sub_district": null, "sub_district_code": null, "sub_district_type": null, "village": "Gokpo", "village_category": "Rural", "village_code": "11772486225" }, "geometry": { "type": "Point", "coordinates": [ 77.0515925, 34.1362139 ] } },
{ "type": "Feature", "properties": { "id": 1606, "state": "Ladakh", "state_code": null, "district": "LEH", "district_code": 3.0, "sub_district": null, "sub_district_code": null, "sub_district_type": null, "village": "چقݸتشل", "village_category": "Rural", "village_code": "11809493167" }, "geometry": { "type": "Point", "coordinates": [ 74.7532054, 36.2435196 ] } },
{ "type": "Feature", "properties": { "id": 1607, "state": "Ladakh", "state_code": null, "district": "LEH", "district_code": 3.0, "sub_district": null, "sub_district_code": null, "sub_district_type": null, "village": "تھنگرٹ", "village_category": "Rural", "village_code": "11850473102" }, "geometry": { "type": "Point", "coordinates": [ 75.1851833, 35.5896208 ] } },
{ "type": "Feature", "properties": { "id": 1608, "state": "Ladakh", "state_code": null, "district": "LEH", "district_code": 3.0, "sub_district": null, "sub_district_code": null, "sub_district_type": null, "village": "ہرپو", "village_category": "Rural", "village_code": "11850473103" }, "geometry": { "type": "Point", "coordinates": [ 75.1440382, 35.5916275 ] } },
{ "type": "Feature", "properties": { "id": 1609, "state": "Ladakh", "state_code": null, "district": "LEH", "district_code": 3.0, "sub_district": null, "sub_district_code": null, "sub_district_type": null, "village": "تریکو", "village_category": "Rural", "village_code": "11850473104" }, "geometry": { "type": "Point", "coordinates": [ 75.1384592, 35.6040677 ] } },
{ "type": "Feature", "properties": { "id": 1610, "state": "Ladakh", "state_code": null, "district": "LEH", "district_code": 3.0, "sub_district": null, "sub_district_code": null, "sub_district_type": null, "village": "تلو", "village_category": "Rural", "village_code": "11850473105" }, "geometry": { "type": "Point", "coordinates": [ 75.0669193, 35.6037013 ] } },
{ "type": "Feature", "properties": { "id": 1611, "state": "Ladakh", "state_code": null, "district": "LEH", "district_code": 3.0, "sub_district": null, "sub_district_code": null, "sub_district_type": null, "village": "اسکور داس", "village_category": "Rural", "village_code": "11850473106" }, "geometry": { "type": "Point", "coordinates": [ 75.0558847, 35.6334877 ] } },
{ "type": "Feature", "properties": { "id": 1612, "state": "Ladakh", "state_code": null, "district": "LEH", "district_code": 3.0, "sub_district": null, "sub_district_code": null, "sub_district_type": null, "village": "استک", "village_category": "Rural", "village_code": "11850473107" }, "geometry": { "type": "Point", "coordinates": [ 75.031085, 35.6935784 ] } },
{ "type": "Feature", "properties": { "id": 1613, "state": "Ladakh", "state_code": null, "district": "LEH", "district_code": 3.0, "sub_district": null, "sub_district_code": null, "sub_district_type": null, "village": "پالوئی گونڈ", "village_category": "Rural", "village_code": "11850473108" }, "geometry": { "type": "Point", "coordinates": [ 74.9434251, 35.6444197 ] } },
{ "type": "Feature", "properties": { "id": 1614, "state": "Ladakh", "state_code": null, "district": "LEH", "district_code": 3.0, "sub_district": null, "sub_district_code": null, "sub_district_type": null, "village": "سلبو", "village_category": "Rural", "village_code": "11850473109" }, "geometry": { "type": "Point", "coordinates": [ 74.9585152, 35.632038 ] } },
{ "type": "Feature", "properties": { "id": 1615, "state": "Ladakh", "state_code": null, "district": "LEH", "district_code": 3.0, "sub_district": null, "sub_district_code": null, "sub_district_type": null, "village": "سبسر", "village_category": "Rural", "village_code": "11850473110" }, "geometry": { "type": "Point", "coordinates": [ 74.9259049, 35.6539138 ] } },
{ "type": "Feature", "properties": { "id": 1616, "state": "Ladakh", "state_code": null, "district": "LEH", "district_code": 3.0, "sub_district": null, "sub_district_code": null, "sub_district_type": null, "village": "جوچی", "village_category": "Rural", "village_code": "11850473111" }, "geometry": { "type": "Point", "coordinates": [ 74.9164259, 35.6681835 ] } },
{ "type": "Feature", "properties": { "id": 1617, "state": "Ladakh", "state_code": null, "district": "LEH", "district_code": 3.0, "sub_district": null, "sub_district_code": null, "sub_district_type": null, "village": "چھماچھو", "village_category": "Rural", "village_code": "11850473112" }, "geometry": { "type": "Point", "coordinates": [ 74.9227023, 35.6742083 ] } },
{ "type": "Feature", "properties": { "id": 1618, "state": "Ladakh", "state_code": null, "district": "LEH", "district_code": 3.0, "sub_district": null, "sub_district_code": null, "sub_district_type": null, "village": "شینگوس", "village_category": "Rural", "village_code": "11850473113" }, "geometry": { "type": "Point", "coordinates": [ 74.8187613, 35.7234076 ] } },
{ "type": "Feature", "properties": { "id": 1619, "state": "Ladakh", "state_code": null, "district": "LEH", "district_code": 3.0, "sub_district": null, "sub_district_code": null, "sub_district_type": null, "village": "گربی داس", "village_category": "Rural", "village_code": "11850473114" }, "geometry": { "type": "Point", "coordinates": [ 75.3470063, 35.5058717 ] } },
{ "type": "Feature", "properties": { "id": 1620, "state": "Ladakh", "state_code": null, "district": "LEH", "district_code": 3.0, "sub_district": null, "sub_district_code": null, "sub_district_type": null, "village": "تیونگس", "village_category": "Rural", "village_code": "11850473115" }, "geometry": { "type": "Point", "coordinates": [ 75.3470928, 35.5514965 ] } },
{ "type": "Feature", "properties": { "id": 1621, "state": "Ladakh", "state_code": null, "district": "LEH", "district_code": 3.0, "sub_district": null, "sub_district_code": null, "sub_district_type": null, "village": "باغیچہ", "village_category": "Rural", "village_code": "11850473116" }, "geometry": { "type": "Point", "coordinates": [ 75.3332466, 35.5888094 ] } },
{ "type": "Feature", "properties": { "id": 1622, "state": "Ladakh", "state_code": null, "district": "LEH", "district_code": 3.0, "sub_district": null, "sub_district_code": null, "sub_district_type": null, "village": "چھری", "village_category": "Rural", "village_code": "11850473117" }, "geometry": { "type": "Point", "coordinates": [ 75.4065513, 35.477604 ] } },
{ "type": "Feature", "properties": { "id": 1623, "state": "Ladakh", "state_code": null, "district": "LEH", "district_code": 3.0, "sub_district": null, "sub_district_code": null, "sub_district_type": null, "village": "سورداس", "village_category": "Rural", "village_code": "11850473118" }, "geometry": { "type": "Point", "coordinates": [ 75.4284382, 35.4661053 ] } },
{ "type": "Feature", "properties": { "id": 1624, "state": "Ladakh", "state_code": null, "district": "LEH", "district_code": 3.0, "sub_district": null, "sub_district_code": null, "sub_district_type": null, "village": "پڑنگ", "village_category": "Rural", "village_code": "11850473119" }, "geometry": { "type": "Point", "coordinates": [ 75.4498529, 35.4568772 ] } },
{ "type": "Feature", "properties": { "id": 1625, "state": "Ladakh", "state_code": null, "district": "LEH", "district_code": 3.0, "sub_district": null, "sub_district_code": null, "sub_district_type": null, "village": "بغاردو تھنگ", "village_category": "Rural", "village_code": "11850473120" }, "geometry": { "type": "Point", "coordinates": [ 75.460571, 35.4462213 ] } },
{ "type": "Feature", "properties": { "id": 1626, "state": "Ladakh", "state_code": null, "district": "LEH", "district_code": 3.0, "sub_district": null, "sub_district_code": null, "sub_district_type": null, "village": "بغاردو", "village_category": "Rural", "village_code": "11850473121" }, "geometry": { "type": "Point", "coordinates": [ 75.4786384, 35.4419624 ] } },
{ "type": "Feature", "properties": { "id": 1627, "state": "Ladakh", "state_code": null, "district": "LEH", "district_code": 3.0, "sub_district": null, "sub_district_code": null, "sub_district_type": null, "village": "الچوڑی", "village_category": "Rural", "village_code": "11850473122" }, "geometry": { "type": "Point", "coordinates": [ 75.6455898, 35.5276162 ] } },
{ "type": "Feature", "properties": { "id": 1628, "state": "Ladakh", "state_code": null, "district": "LEH", "district_code": 3.0, "sub_district": null, "sub_district_code": null, "sub_district_type": null, "village": "Kashmal", "village_category": "Rural", "village_code": "11850473123" }, "geometry": { "type": "Point", "coordinates": [ 75.5817532, 35.5841589 ] } },
{ "type": "Feature", "properties": { "id": 1629, "state": "Ladakh", "state_code": null, "district": "LEH", "district_code": 3.0, "sub_district": null, "sub_district_code": null, "sub_district_type": null, "village": "گلاب پور", "village_category": "Rural", "village_code": "11850473124" }, "geometry": { "type": "Point", "coordinates": [ 75.5576777, 35.563163 ] } },
{ "type": "Feature", "properties": { "id": 1630, "state": "Ladakh", "state_code": null, "district": "LEH", "district_code": 3.0, "sub_district": null, "sub_district_code": null, "sub_district_type": null, "village": "گمبہ", "village_category": "Urban", "village_code": "11850473125" }, "geometry": { "type": "Point", "coordinates": [ 75.542475, 35.3132605 ] } },
{ "type": "Feature", "properties": { "id": 1631, "state": "Ladakh", "state_code": null, "district": "LEH", "district_code": 3.0, "sub_district": null, "sub_district_code": null, "sub_district_type": null, "village": "Mendi", "village_category": "Rural", "village_code": "11900360802" }, "geometry": { "type": "Point", "coordinates": [ 75.2131579, 35.5926426 ] } },
{ "type": "Feature", "properties": { "id": 1632, "state": "Ladakh", "state_code": null, "district": "LEH", "district_code": 3.0, "sub_district": null, "sub_district_code": null, "sub_district_type": null, "village": "Hardas", "village_category": "Rural", "village_code": "11900360803" }, "geometry": { "type": "Point", "coordinates": [ 75.2104066, 35.5752217 ] } },
{ "type": "Feature", "properties": { "id": 1633, "state": "Ladakh", "state_code": null, "district": "LEH", "district_code": 3.0, "sub_district": null, "sub_district_code": null, "sub_district_type": null, "village": "Nongot", "village_category": "Rural", "village_code": "11900360804" }, "geometry": { "type": "Point", "coordinates": [ 75.1954908, 35.5770215 ] } },
{ "type": "Feature", "properties": { "id": 1634, "state": "Ladakh", "state_code": null, "district": "LEH", "district_code": 3.0, "sub_district": null, "sub_district_code": null, "sub_district_type": null, "village": "Harbot", "village_category": "Rural", "village_code": "11900360805" }, "geometry": { "type": "Point", "coordinates": [ 75.1997252, 35.5897741 ] } },
{ "type": "Feature", "properties": { "id": 1635, "state": "Ladakh", "state_code": null, "district": "LEH", "district_code": 3.0, "sub_district": null, "sub_district_code": null, "sub_district_type": null, "village": "Kushmal", "village_category": "Rural", "village_code": "11900360806" }, "geometry": { "type": "Point", "coordinates": [ 75.186667, 35.584731 ] } },
{ "type": "Feature", "properties": { "id": 1636, "state": "Ladakh", "state_code": null, "district": "LEH", "district_code": 3.0, "sub_district": null, "sub_district_code": null, "sub_district_type": null, "village": "Gungthawar", "village_category": "Rural", "village_code": "11900360832" }, "geometry": { "type": "Point", "coordinates": [ 75.1967328, 35.610528 ] } },
{ "type": "Feature", "properties": { "id": 1637, "state": "Ladakh", "state_code": null, "district": "LEH", "district_code": 3.0, "sub_district": null, "sub_district_code": null, "sub_district_type": null, "village": "Ghomo", "village_category": "Rural", "village_code": "11900360833" }, "geometry": { "type": "Point", "coordinates": [ 75.1853078, 35.6266646 ] } },
{ "type": "Feature", "properties": { "id": 1638, "state": "Ladakh", "state_code": null, "district": "LEH", "district_code": 3.0, "sub_district": null, "sub_district_code": null, "sub_district_type": null, "village": "مردو", "village_category": "Rural", "village_code": "11900360840" }, "geometry": { "type": "Point", "coordinates": [ 75.3201056, 35.6160522 ] } },
{ "type": "Feature", "properties": { "id": 1639, "state": "Ladakh", "state_code": null, "district": "LEH", "district_code": 3.0, "sub_district": null, "sub_district_code": null, "sub_district_type": null, "village": "یوچنگ", "village_category": "Rural", "village_code": "11900360843" }, "geometry": { "type": "Point", "coordinates": [ 75.3168664, 35.6272553 ] } },
{ "type": "Feature", "properties": { "id": 1640, "state": "Ladakh", "state_code": null, "district": "LEH", "district_code": 3.0, "sub_district": null, "sub_district_code": null, "sub_district_type": null, "village": "بری پا", "village_category": "Rural", "village_code": "11900360853" }, "geometry": { "type": "Point", "coordinates": [ 75.3122136, 35.6320055 ] } },
{ "type": "Feature", "properties": { "id": 1641, "state": "Ladakh", "state_code": null, "district": "LEH", "district_code": 3.0, "sub_district": null, "sub_district_code": null, "sub_district_type": null, "village": "Pasha", "village_category": "Rural", "village_code": "11900360864" }, "geometry": { "type": "Point", "coordinates": [ 75.3136618, 35.6343679 ] } },
{ "type": "Feature", "properties": { "id": 1642, "state": "Ladakh", "state_code": null, "district": "LEH", "district_code": 3.0, "sub_district": null, "sub_district_code": null, "sub_district_type": null, "village": "چھومک", "village_category": "Rural", "village_code": "11900360865" }, "geometry": { "type": "Point", "coordinates": [ 75.3134564, 35.636555 ] } },
{ "type": "Feature", "properties": { "id": 1643, "state": "Ladakh", "state_code": null, "district": "LEH", "district_code": 3.0, "sub_district": null, "sub_district_code": null, "sub_district_type": null, "village": "Lejing", "village_category": "Rural", "village_code": "11900379382" }, "geometry": { "type": "Point", "coordinates": [ 75.3087625, 35.6363881 ] } },
{ "type": "Feature", "properties": { "id": 1644, "state": "Ladakh", "state_code": null, "district": "LEH", "district_code": 3.0, "sub_district": null, "sub_district_code": null, "sub_district_type": null, "village": "Toq", "village_category": "Rural", "village_code": "11900379393" }, "geometry": { "type": "Point", "coordinates": [ 75.3065234, 35.6392596 ] } },
{ "type": "Feature", "properties": { "id": 1645, "state": "Ladakh", "state_code": null, "district": "LEH", "district_code": 3.0, "sub_district": null, "sub_district_code": null, "sub_district_type": null, "village": "Boresher", "village_category": "Rural", "village_code": "11900379406" }, "geometry": { "type": "Point", "coordinates": [ 75.3093274, 35.6418556 ] } },
{ "type": "Feature", "properties": { "id": 1646, "state": "Ladakh", "state_code": null, "district": "LEH", "district_code": 3.0, "sub_district": null, "sub_district_code": null, "sub_district_type": null, "village": "Bazgang", "village_category": "Rural", "village_code": "11900379413" }, "geometry": { "type": "Point", "coordinates": [ 75.3078895, 35.6431828 ] } },
{ "type": "Feature", "properties": { "id": 1647, "state": "Ladakh", "state_code": null, "district": "LEH", "district_code": 3.0, "sub_district": null, "sub_district_code": null, "sub_district_type": null, "village": "کشی پا", "village_category": "Rural", "village_code": "11900379498" }, "geometry": { "type": "Point", "coordinates": [ 75.3046464, 35.6412419 ] } },
{ "type": "Feature", "properties": { "id": 1648, "state": "Ladakh", "state_code": null, "district": "LEH", "district_code": 3.0, "sub_district": null, "sub_district_code": null, "sub_district_type": null, "village": "Saipa", "village_category": "Rural", "village_code": "11900379507" }, "geometry": { "type": "Point", "coordinates": [ 75.3010926, 35.6431366 ] } },
{ "type": "Feature", "properties": { "id": 1649, "state": "Ladakh", "state_code": null, "district": "LEH", "district_code": 3.0, "sub_district": null, "sub_district_code": null, "sub_district_type": null, "village": "ناوو پا", "village_category": "Rural", "village_code": "11900379544" }, "geometry": { "type": "Point", "coordinates": [ 75.3004401, 35.6398363 ] } },
{ "type": "Feature", "properties": { "id": 1650, "state": "Ladakh", "state_code": null, "district": "LEH", "district_code": 3.0, "sub_district": null, "sub_district_code": null, "sub_district_type": null, "village": "Paon", "village_category": "Rural", "village_code": "11900379554" }, "geometry": { "type": "Point", "coordinates": [ 75.2969136, 35.6459978 ] } },
{ "type": "Feature", "properties": { "id": 1651, "state": "Ladakh", "state_code": null, "district": "LEH", "district_code": 3.0, "sub_district": null, "sub_district_code": null, "sub_district_type": null, "village": "کشمل", "village_category": "Rural", "village_code": "11900379584" }, "geometry": { "type": "Point", "coordinates": [ 75.2949315, 35.6483375 ] } },
{ "type": "Feature", "properties": { "id": 1652, "state": "Ladakh", "state_code": null, "district": "LEH", "district_code": 3.0, "sub_district": null, "sub_district_code": null, "sub_district_type": null, "village": "گیلوکھر", "village_category": "Rural", "village_code": "11900379598" }, "geometry": { "type": "Point", "coordinates": [ 75.2901554, 35.6597899 ] } },
{ "type": "Feature", "properties": { "id": 1653, "state": "Ladakh", "state_code": null, "district": "LEH", "district_code": 3.0, "sub_district": null, "sub_district_code": null, "sub_district_type": null, "village": "Harimal", "village_category": "Rural", "village_code": "11900379607" }, "geometry": { "type": "Point", "coordinates": [ 75.287495, 35.6628719 ] } },
{ "type": "Feature", "properties": { "id": 1654, "state": "Ladakh", "state_code": null, "district": "LEH", "district_code": 3.0, "sub_district": null, "sub_district_code": null, "sub_district_type": null, "village": "Surlo", "village_category": "Rural", "village_code": "11900379628" }, "geometry": { "type": "Point", "coordinates": [ 75.2815327, 35.6660748 ] } },
{ "type": "Feature", "properties": { "id": 1655, "state": "Ladakh", "state_code": null, "district": "LEH", "district_code": 3.0, "sub_district": null, "sub_district_code": null, "sub_district_type": null, "village": "کونڈس", "village_category": "Rural", "village_code": "11911681252" }, "geometry": { "type": "Point", "coordinates": [ 76.6710154, 35.2648575 ] } },
{ "type": "Feature", "properties": { "id": 1656, "state": "Ladakh", "state_code": null, "district": "LEH", "district_code": 3.0, "sub_district": null, "sub_district_code": null, "sub_district_type": null, "village": "Goma Ghulti", "village_category": "Rural", "village_code": "11911681254" }, "geometry": { "type": "Point", "coordinates": [ 76.7963599, 35.1485427 ] } },
{ "type": "Feature", "properties": { "id": 1657, "state": "Ladakh", "state_code": null, "district": "LEH", "district_code": 3.0, "sub_district": null, "sub_district_code": null, "sub_district_type": null, "village": "Heldi", "village_category": "Rural", "village_code": "11911681255" }, "geometry": { "type": "Point", "coordinates": [ 76.7039983, 35.1367962 ] } },
{ "type": "Feature", "properties": { "id": 1658, "state": "Ladakh", "state_code": null, "district": "LEH", "district_code": 3.0, "sub_district": null, "sub_district_code": null, "sub_district_type": null, "village": "Palit", "village_category": "Rural", "village_code": "11911681256" }, "geometry": { "type": "Point", "coordinates": [ 76.6978978, 35.1384742 ] } },
{ "type": "Feature", "properties": { "id": 1659, "state": "Ladakh", "state_code": null, "district": "LEH", "district_code": 3.0, "sub_district": null, "sub_district_code": null, "sub_district_type": null, "village": "Khani", "village_category": "Rural", "village_code": "11911681257" }, "geometry": { "type": "Point", "coordinates": [ 76.6995431, 35.1408476 ] } },
{ "type": "Feature", "properties": { "id": 1660, "state": "Ladakh", "state_code": null, "district": "LEH", "district_code": 3.0, "sub_district": null, "sub_district_code": null, "sub_district_type": null, "village": "Konith", "village_category": "Rural", "village_code": "11911681258" }, "geometry": { "type": "Point", "coordinates": [ 76.6810198, 35.1469698 ] } },
{ "type": "Feature", "properties": { "id": 1661, "state": "Ladakh", "state_code": null, "district": "LEH", "district_code": 3.0, "sub_district": null, "sub_district_code": null, "sub_district_type": null, "village": "Gamba Khani", "village_category": "Rural", "village_code": "11911681259" }, "geometry": { "type": "Point", "coordinates": [ 76.6969048, 35.1424103 ] } },
{ "type": "Feature", "properties": { "id": 1662, "state": "Ladakh", "state_code": null, "district": "LEH", "district_code": 3.0, "sub_district": null, "sub_district_code": null, "sub_district_type": null, "village": "مندک", "village_category": "Rural", "village_code": "11911681260" }, "geometry": { "type": "Point", "coordinates": [ 76.6868834, 35.1431251 ] } },
{ "type": "Feature", "properties": { "id": 1663, "state": "Ladakh", "state_code": null, "district": "LEH", "district_code": 3.0, "sub_district": null, "sub_district_code": null, "sub_district_type": null, "village": "تھناہ", "village_category": "Rural", "village_code": "11917696244" }, "geometry": { "type": "Point", "coordinates": [ 76.2209506, 35.2482028 ] } },
{ "type": "Feature", "properties": { "id": 1664, "state": "Ladakh", "state_code": null, "district": "LEH", "district_code": 3.0, "sub_district": null, "sub_district_code": null, "sub_district_type": null, "village": "ترنگزونگ", "village_category": "Rural", "village_code": "11917696245" }, "geometry": { "type": "Point", "coordinates": [ 76.2259422, 35.2487543 ] } },
{ "type": "Feature", "properties": { "id": 1665, "state": "Ladakh", "state_code": null, "district": "LEH", "district_code": 3.0, "sub_district": null, "sub_district_code": null, "sub_district_type": null, "village": "Broq", "village_category": "Rural", "village_code": "11917696248" }, "geometry": { "type": "Point", "coordinates": [ 76.076187, 35.4176687 ] } },
{ "type": "Feature", "properties": { "id": 1666, "state": "Ladakh", "state_code": null, "district": "LEH", "district_code": 3.0, "sub_district": null, "sub_district_code": null, "sub_district_type": null, "village": "Shah Sultan", "village_category": "Rural", "village_code": "11917696249" }, "geometry": { "type": "Point", "coordinates": [ 76.0861195, 35.4150261 ] } },
{ "type": "Feature", "properties": { "id": 1667, "state": "Ladakh", "state_code": null, "district": "LEH", "district_code": 3.0, "sub_district": null, "sub_district_code": null, "sub_district_type": null, "village": "Dunsa", "village_category": "Rural", "village_code": "11917696251" }, "geometry": { "type": "Point", "coordinates": [ 76.0881936, 35.4110143 ] } },
{ "type": "Feature", "properties": { "id": 1668, "state": "Ladakh", "state_code": null, "district": "LEH", "district_code": 3.0, "sub_district": null, "sub_district_code": null, "sub_district_type": null, "village": "Khasormik", "village_category": "Rural", "village_code": "11917696253" }, "geometry": { "type": "Point", "coordinates": [ 76.0946789, 35.4039546 ] } },
{ "type": "Feature", "properties": { "id": 1669, "state": "Ladakh", "state_code": null, "district": "LEH", "district_code": 3.0, "sub_district": null, "sub_district_code": null, "sub_district_type": null, "village": "Khasholing", "village_category": "Rural", "village_code": "11917696255" }, "geometry": { "type": "Point", "coordinates": [ 76.0960519, 35.3961322 ] } },
{ "type": "Feature", "properties": { "id": 1670, "state": "Ladakh", "state_code": null, "district": "LEH", "district_code": 3.0, "sub_district": null, "sub_district_code": null, "sub_district_type": null, "village": "Khasomic", "village_category": "Rural", "village_code": "11917696256" }, "geometry": { "type": "Point", "coordinates": [ 76.121285, 35.37734 ] } },
{ "type": "Feature", "properties": { "id": 1671, "state": "Ladakh", "state_code": null, "district": "LEH", "district_code": 3.0, "sub_district": null, "sub_district_code": null, "sub_district_type": null, "village": "Lodas", "village_category": "Rural", "village_code": "11917743969" }, "geometry": { "type": "Point", "coordinates": [ 76.1293722, 35.3577216 ] } },
{ "type": "Feature", "properties": { "id": 1672, "state": "Ladakh", "state_code": null, "district": "LEH", "district_code": 3.0, "sub_district": null, "sub_district_code": null, "sub_district_type": null, "village": "Gomba Baltaro", "village_category": "Rural", "village_code": "11917743970" }, "geometry": { "type": "Point", "coordinates": [ 76.1347965, 35.3441681 ] } },
{ "type": "Feature", "properties": { "id": 1673, "state": "Ladakh", "state_code": null, "district": "LEH", "district_code": 3.0, "sub_district": null, "sub_district_code": null, "sub_district_type": null, "village": "Broqpa", "village_category": "Rural", "village_code": "11917743971" }, "geometry": { "type": "Point", "coordinates": [ 76.1395298, 35.3392757 ] } },
{ "type": "Feature", "properties": { "id": 1674, "state": "Ladakh", "state_code": null, "district": "LEH", "district_code": 3.0, "sub_district": null, "sub_district_code": null, "sub_district_type": null, "village": "Taghari", "village_category": "Rural", "village_code": "11917743972" }, "geometry": { "type": "Point", "coordinates": [ 76.1527926, 35.3246902 ] } },
{ "type": "Feature", "properties": { "id": 1675, "state": "Ladakh", "state_code": null, "district": "LEH", "district_code": 3.0, "sub_district": null, "sub_district_code": null, "sub_district_type": null, "village": "Yarkhore", "village_category": "Rural", "village_code": "11917743973" }, "geometry": { "type": "Point", "coordinates": [ 76.1542678, 35.3225213 ] } },
{ "type": "Feature", "properties": { "id": 1676, "state": "Ladakh", "state_code": null, "district": "LEH", "district_code": 3.0, "sub_district": null, "sub_district_code": null, "sub_district_type": null, "village": "Gagorig", "village_category": "Rural", "village_code": "11917743974" }, "geometry": { "type": "Point", "coordinates": [ 76.1503825, 35.3200066 ] } },
{ "type": "Feature", "properties": { "id": 1677, "state": "Ladakh", "state_code": null, "district": "LEH", "district_code": 3.0, "sub_district": null, "sub_district_code": null, "sub_district_type": null, "village": "Harangus", "village_category": "Rural", "village_code": "11917743975" }, "geometry": { "type": "Point", "coordinates": [ 76.1533476, 35.3156087 ] } },
{ "type": "Feature", "properties": { "id": 1678, "state": "Ladakh", "state_code": null, "district": "LEH", "district_code": 3.0, "sub_district": null, "sub_district_code": null, "sub_district_type": null, "village": "Chundo", "village_category": "Rural", "village_code": "11917743976" }, "geometry": { "type": "Point", "coordinates": [ 76.1510252, 35.3170866 ] } },
{ "type": "Feature", "properties": { "id": 1679, "state": "Ladakh", "state_code": null, "district": "LEH", "district_code": 3.0, "sub_district": null, "sub_district_code": null, "sub_district_type": null, "village": "تھلے", "village_category": "Rural", "village_code": "11917743977" }, "geometry": { "type": "Point", "coordinates": [ 76.1570285, 35.3099114 ] } },
{ "type": "Feature", "properties": { "id": 1680, "state": "Ladakh", "state_code": null, "district": "LEH", "district_code": 3.0, "sub_district": null, "sub_district_code": null, "sub_district_type": null, "village": "Parangus", "village_category": "Rural", "village_code": "11917743979" }, "geometry": { "type": "Point", "coordinates": [ 76.164025, 35.3030217 ] } },
{ "type": "Feature", "properties": { "id": 1681, "state": "Ladakh", "state_code": null, "district": "LEH", "district_code": 3.0, "sub_district": null, "sub_district_code": null, "sub_district_type": null, "village": "Gengma Brodas", "village_category": "Rural", "village_code": "11917743980" }, "geometry": { "type": "Point", "coordinates": [ 76.1717373, 35.2877977 ] } },
{ "type": "Feature", "properties": { "id": 1682, "state": "Ladakh", "state_code": null, "district": "LEH", "district_code": 3.0, "sub_district": null, "sub_district_code": null, "sub_district_type": null, "village": "Gamba Brodas", "village_category": "Rural", "village_code": "11917743982" }, "geometry": { "type": "Point", "coordinates": [ 76.1769226, 35.2783305 ] } },
{ "type": "Feature", "properties": { "id": 1683, "state": "Ladakh", "state_code": null, "district": "LEH", "district_code": 3.0, "sub_district": null, "sub_district_code": null, "sub_district_type": null, "village": "Khasho", "village_category": "Rural", "village_code": "11917743997" }, "geometry": { "type": "Point", "coordinates": [ 76.1746001, 35.2710565 ] } },
{ "type": "Feature", "properties": { "id": 1684, "state": "Ladakh", "state_code": null, "district": "LEH", "district_code": 3.0, "sub_district": null, "sub_district_code": null, "sub_district_type": null, "village": "Khashogun", "village_category": "Rural", "village_code": "11917744010" }, "geometry": { "type": "Point", "coordinates": [ 76.1760243, 35.2626408 ] } },
{ "type": "Feature", "properties": { "id": 1685, "state": "Ladakh", "state_code": null, "district": "LEH", "district_code": 3.0, "sub_district": null, "sub_district_code": null, "sub_district_type": null, "village": "Khoro", "village_category": "Rural", "village_code": "11917744018" }, "geometry": { "type": "Point", "coordinates": [ 76.1801727, 35.2513451 ] } },
{ "type": "Feature", "properties": { "id": 1686, "state": "Ladakh", "state_code": null, "district": "LEH", "district_code": 3.0, "sub_district": null, "sub_district_code": null, "sub_district_type": null, "village": "Krabathung", "village_category": "Rural", "village_code": "11917744019" }, "geometry": { "type": "Point", "coordinates": [ 76.1779125, 35.2553052 ] } },
{ "type": "Feature", "properties": { "id": 1687, "state": "Ladakh", "state_code": null, "district": "LEH", "district_code": 3.0, "sub_district": null, "sub_district_code": null, "sub_district_type": null, "village": "کونس", "village_category": "Rural", "village_code": "11917778724" }, "geometry": { "type": "Point", "coordinates": [ 76.1262962, 35.2081084 ] } },
{ "type": "Feature", "properties": { "id": 1688, "state": "Ladakh", "state_code": null, "district": "LEH", "district_code": 3.0, "sub_district": null, "sub_district_code": null, "sub_district_type": null, "village": "Harikon", "village_category": "Rural", "village_code": "11917778725" }, "geometry": { "type": "Point", "coordinates": [ 76.1157109, 35.2180998 ] } },
{ "type": "Feature", "properties": { "id": 1689, "state": "Ladakh", "state_code": null, "district": "LEH", "district_code": 3.0, "sub_district": null, "sub_district_code": null, "sub_district_type": null, "village": "غواڑی", "village_category": "Rural", "village_code": "11917778743" }, "geometry": { "type": "Point", "coordinates": [ 76.0896344, 35.1753649 ] } },
{ "type": "Feature", "properties": { "id": 1690, "state": "Ladakh", "state_code": null, "district": "LEH", "district_code": 3.0, "sub_district": null, "sub_district_code": null, "sub_district_type": null, "village": "Choghu Gurding", "village_category": "Rural", "village_code": "11917778744" }, "geometry": { "type": "Point", "coordinates": [ 76.0791639, 35.1704243 ] } },
{ "type": "Feature", "properties": { "id": 1691, "state": "Ladakh", "state_code": null, "district": "LEH", "district_code": 3.0, "sub_district": null, "sub_district_code": null, "sub_district_type": null, "village": "Gintha Ghowari", "village_category": "Rural", "village_code": "11917778747" }, "geometry": { "type": "Point", "coordinates": [ 76.1064377, 35.1778612 ] } },
{ "type": "Feature", "properties": { "id": 1692, "state": "Ladakh", "state_code": null, "district": "LEH", "district_code": 3.0, "sub_district": null, "sub_district_code": null, "sub_district_type": null, "village": "Kachordas Kuro", "village_category": "Rural", "village_code": "11917778748" }, "geometry": { "type": "Point", "coordinates": [ 76.087746, 35.1869916 ] } },
{ "type": "Feature", "properties": { "id": 1693, "state": "Ladakh", "state_code": null, "district": "LEH", "district_code": 3.0, "sub_district": null, "sub_district_code": null, "sub_district_type": null, "village": "کورو", "village_category": "Rural", "village_code": "11917778749" }, "geometry": { "type": "Point", "coordinates": [ 76.078276, 35.1838349 ] } },
{ "type": "Feature", "properties": { "id": 1694, "state": "Ladakh", "state_code": null, "district": "LEH", "district_code": 3.0, "sub_district": null, "sub_district_code": null, "sub_district_type": null, "village": "Khansar Kuro", "village_category": "Rural", "village_code": "11917778750" }, "geometry": { "type": "Point", "coordinates": [ 76.0690063, 35.1901014 ] } },
{ "type": "Feature", "properties": { "id": 1695, "state": "Ladakh", "state_code": null, "district": "LEH", "district_code": 3.0, "sub_district": null, "sub_district_code": null, "sub_district_type": null, "village": "Ural Keris", "village_category": "Rural", "village_code": "11917778757" }, "geometry": { "type": "Point", "coordinates": [ 75.9108059, 35.252936 ] } },
{ "type": "Feature", "properties": { "id": 1696, "state": "Ladakh", "state_code": null, "district": "LEH", "district_code": 3.0, "sub_district": null, "sub_district_code": null, "sub_district_type": null, "village": "Dormushk", "village_category": "Rural", "village_code": "11920548179" }, "geometry": { "type": "Point", "coordinates": [ 74.1857852, 35.9167422 ] } },
{ "type": "Feature", "properties": { "id": 1697, "state": "Ladakh", "state_code": null, "district": "LEH", "district_code": 3.0, "sub_district": null, "sub_district_code": null, "sub_district_type": null, "village": "Yakkai", "village_category": "Rural", "village_code": "11920548180" }, "geometry": { "type": "Point", "coordinates": [ 74.1712474, 35.9271535 ] } },
{ "type": "Feature", "properties": { "id": 1698, "state": "Ladakh", "state_code": null, "district": "LEH", "district_code": 3.0, "sub_district": null, "sub_district_code": null, "sub_district_type": null, "village": "Jut", "village_category": "Rural", "village_code": "11920548181" }, "geometry": { "type": "Point", "coordinates": [ 74.1207136, 35.9413441 ] } },
{ "type": "Feature", "properties": { "id": 1699, "state": "Ladakh", "state_code": null, "district": "LEH", "district_code": 3.0, "sub_district": null, "sub_district_code": null, "sub_district_type": null, "village": "Uthali Kai", "village_category": "Rural", "village_code": "11920548195" }, "geometry": { "type": "Point", "coordinates": [ 74.0809211, 35.9347292 ] } },
{ "type": "Feature", "properties": { "id": 1700, "state": "Ladakh", "state_code": null, "district": "LEH", "district_code": 3.0, "sub_district": null, "sub_district_code": null, "sub_district_type": null, "village": "Unnamed Village", "village_category": "Rural", "village_code": "11932111448" }, "geometry": { "type": "Point", "coordinates": [ 74.042988, 35.884899 ] } },
{ "type": "Feature", "properties": { "id": 1701, "state": "Ladakh", "state_code": null, "district": "LEH", "district_code": 3.0, "sub_district": null, "sub_district_code": null, "sub_district_type": null, "village": "Unnamed Hamlet", "village_category": "Rural", "village_code": "11968624176" }, "geometry": { "type": "Point", "coordinates": [ 74.7632128, 35.0863655 ] } },
{ "type": "Feature", "properties": { "id": 1702, "state": "Ladakh", "state_code": null, "district": "LEH", "district_code": 3.0, "sub_district": null, "sub_district_code": null, "sub_district_type": null, "village": "Unnamed Hamlet", "village_category": "Rural", "village_code": "11968624177" }, "geometry": { "type": "Point", "coordinates": [ 74.7614694, 35.0850003 ] } },
{ "type": "Feature", "properties": { "id": 1703, "state": "Ladakh", "state_code": null, "district": "LEH", "district_code": 3.0, "sub_district": null, "sub_district_code": null, "sub_district_type": null, "village": "Unnamed Hamlet", "village_category": "Rural", "village_code": "11968940233" }, "geometry": { "type": "Point", "coordinates": [ 74.771352, 35.0916362 ] } },
{ "type": "Feature", "properties": { "id": 1704, "state": "Ladakh", "state_code": null, "district": "LEH", "district_code": 3.0, "sub_district": null, "sub_district_code": null, "sub_district_type": null, "village": "Unnamed Hamlet", "village_category": "Rural", "village_code": "11968940365" }, "geometry": { "type": "Point", "coordinates": [ 74.7687891, 35.0943235 ] } },
{ "type": "Feature", "properties": { "id": 1705, "state": "Ladakh", "state_code": null, "district": "LEH", "district_code": 3.0, "sub_district": null, "sub_district_code": null, "sub_district_type": null, "village": "سرمو", "village_category": "Rural", "village_code": "11999832190" }, "geometry": { "type": "Point", "coordinates": [ 76.4439774, 35.1525046 ] } },
{ "type": "Feature", "properties": { "id": 1706, "state": "Ladakh", "state_code": null, "district": "LEH", "district_code": 3.0, "sub_district": null, "sub_district_code": null, "sub_district_type": null, "village": "یوچنگ", "village_category": "Rural", "village_code": "11999832191" }, "geometry": { "type": "Point", "coordinates": [ 76.4033944, 35.1593576 ] } },
{ "type": "Feature", "properties": { "id": 1707, "state": "Ladakh", "state_code": null, "district": "LEH", "district_code": 3.0, "sub_district": null, "sub_district_code": null, "sub_district_type": null, "village": "Unnamed Hamlet", "village_category": "Rural", "village_code": "11999851322" }, "geometry": { "type": "Point", "coordinates": [ 74.5470929, 35.6089018 ] } },
{ "type": "Feature", "properties": { "id": 1708, "state": "Ladakh", "state_code": null, "district": "LEH", "district_code": 3.0, "sub_district": null, "sub_district_code": null, "sub_district_type": null, "village": "Mantho Nala", "village_category": "Rural", "village_code": "12001585454" }, "geometry": { "type": "Point", "coordinates": [ 75.9742804, 35.053115 ] } },
{ "type": "Feature", "properties": { "id": 1709, "state": "Ladakh", "state_code": null, "district": "LEH", "district_code": 3.0, "sub_district": null, "sub_district_code": null, "sub_district_type": null, "village": "Unnamed Hamlet", "village_category": "Rural", "village_code": "12054687798" }, "geometry": { "type": "Point", "coordinates": [ 75.0600824, 35.087362 ] } },
{ "type": "Feature", "properties": { "id": 1710, "state": "Ladakh", "state_code": null, "district": "LEH", "district_code": 3.0, "sub_district": null, "sub_district_code": null, "sub_district_type": null, "village": "Unnamed Village", "village_category": "Rural", "village_code": "12054687829" }, "geometry": { "type": "Point", "coordinates": [ 75.0743008, 35.0838063 ] } },
{ "type": "Feature", "properties": { "id": 1711, "state": "Ladakh", "state_code": null, "district": "LEH", "district_code": 3.0, "sub_district": null, "sub_district_code": null, "sub_district_type": null, "village": "Unnamed Village", "village_category": "Rural", "village_code": "12082429205" }, "geometry": { "type": "Point", "coordinates": [ 74.560587, 36.2545376 ] } },
{ "type": "Feature", "properties": { "id": 1712, "state": "Ladakh", "state_code": null, "district": "LEH", "district_code": 3.0, "sub_district": null, "sub_district_code": null, "sub_district_type": null, "village": "Unnamed Hamlet", "village_category": "Rural", "village_code": "12086914647" }, "geometry": { "type": "Point", "coordinates": [ 75.713667, 34.6480725 ] } },
{ "type": "Feature", "properties": { "id": 1713, "state": "Ladakh", "state_code": null, "district": "LEH", "district_code": 3.0, "sub_district": null, "sub_district_code": null, "sub_district_type": null, "village": "Unnamed Hamlet", "village_category": "Rural", "village_code": "12086914648" }, "geometry": { "type": "Point", "coordinates": [ 75.7156813, 34.6530945 ] } },
{ "type": "Feature", "properties": { "id": 1714, "state": "Ladakh", "state_code": null, "district": "LEH", "district_code": 3.0, "sub_district": null, "sub_district_code": null, "sub_district_type": null, "village": "Unnamed Hamlet", "village_category": "Rural", "village_code": "12086914649" }, "geometry": { "type": "Point", "coordinates": [ 75.7136482, 34.6548243 ] } },
{ "type": "Feature", "properties": { "id": 1715, "state": "Ladakh", "state_code": null, "district": "LEH", "district_code": 3.0, "sub_district": null, "sub_district_code": null, "sub_district_type": null, "village": "Unnamed Hamlet", "village_category": "Rural", "village_code": "12086914650" }, "geometry": { "type": "Point", "coordinates": [ 75.7123071, 34.6564835 ] } },
{ "type": "Feature", "properties": { "id": 1716, "state": "Ladakh", "state_code": null, "district": "LEH", "district_code": 3.0, "sub_district": null, "sub_district_code": null, "sub_district_type": null, "village": "Gangle", "village_category": "Rural", "village_code": "12094579151" }, "geometry": { "type": "Point", "coordinates": [ 77.6989772, 33.7390338 ] } },
{ "type": "Feature", "properties": { "id": 1717, "state": "Ladakh", "state_code": null, "district": "LEH", "district_code": 3.0, "sub_district": null, "sub_district_code": null, "sub_district_type": null, "village": "Lun", "village_category": "Rural", "village_code": "12094635204" }, "geometry": { "type": "Point", "coordinates": [ 77.651418, 33.2432245 ] } },
{ "type": "Feature", "properties": { "id": 1718, "state": "Ladakh", "state_code": null, "district": "LEH", "district_code": 3.0, "sub_district": null, "sub_district_code": null, "sub_district_type": null, "village": "Lun", "village_category": "Rural", "village_code": "12094637430" }, "geometry": { "type": "Point", "coordinates": [ 77.6479819, 33.230858 ] } },
{ "type": "Feature", "properties": { "id": 1719, "state": "Ladakh", "state_code": null, "district": "LEH", "district_code": 3.0, "sub_district": null, "sub_district_code": null, "sub_district_type": null, "village": "شریٹنگ", "village_category": "Rural", "village_code": "12317763067" }, "geometry": { "type": "Point", "coordinates": [ 76.1879858, 34.8474484 ] } },
{ "type": "Feature", "properties": { "id": 1720, "state": "Ladakh", "state_code": null, "district": "KARGIL", "district_code": 4.0, "sub_district": null, "sub_district_code": null, "sub_district_type": null, "village": "Akchamal", "village_category": "Rural", "village_code": "12465667813" }, "geometry": { "type": "Point", "coordinates": [ 76.1634493, 34.5563178 ] } },
{ "type": "Feature", "properties": { "id": 1721, "state": "Ladakh", "state_code": null, "district": "KARGIL", "district_code": 4.0, "sub_district": null, "sub_district_code": null, "sub_district_type": null, "village": "Goma Kargil", "village_category": "Rural", "village_code": "12465668586" }, "geometry": { "type": "Point", "coordinates": [ 76.1156416, 34.5670793 ] } },
{ "type": "Feature", "properties": { "id": 1722, "state": "Ladakh", "state_code": null, "district": "KARGIL", "district_code": 4.0, "sub_district": null, "sub_district_code": null, "sub_district_type": null, "village": "Bagh-e-Khumeini", "village_category": "Rural", "village_code": "12465668588" }, "geometry": { "type": "Point", "coordinates": [ 76.133945, 34.5559997 ] } },
{ "type": "Feature", "properties": { "id": 1723, "state": "Ladakh", "state_code": null, "district": "KARGIL", "district_code": 4.0, "sub_district": null, "sub_district_code": null, "sub_district_type": null, "village": "Andoo", "village_category": "Rural", "village_code": "12465669815" }, "geometry": { "type": "Point", "coordinates": [ 76.1479676, 34.5452589 ] } },
{ "type": "Feature", "properties": { "id": 1724, "state": "Ladakh", "state_code": null, "district": "LEH", "district_code": 3.0, "sub_district": null, "sub_district_code": null, "sub_district_type": null, "village": "Mushak", "village_category": "Rural", "village_code": "12540384398" }, "geometry": { "type": "Point", "coordinates": [ 74.9481568, 35.3874133 ] } },
{ "type": "Feature", "properties": { "id": 1725, "state": "Ladakh", "state_code": null, "district": "LEH", "district_code": 3.0, "sub_district": null, "sub_district_code": null, "sub_district_type": null, "village": "Lous Pain", "village_category": "Rural", "village_code": "12540384399" }, "geometry": { "type": "Point", "coordinates": [ 74.8619443, 35.3712165 ] } },
{ "type": "Feature", "properties": { "id": 1726, "state": "Ladakh", "state_code": null, "district": "LEH", "district_code": 3.0, "sub_district": null, "sub_district_code": null, "sub_district_type": null, "village": "Lous Bala", "village_category": "Rural", "village_code": "12540384400" }, "geometry": { "type": "Point", "coordinates": [ 74.8674023, 35.3661938 ] } },
{ "type": "Feature", "properties": { "id": 1727, "state": "Ladakh", "state_code": null, "district": "LEH", "district_code": 3.0, "sub_district": null, "sub_district_code": null, "sub_district_type": null, "village": "کھنگرول", "village_category": "Rural", "village_code": "12540791901" }, "geometry": { "type": "Point", "coordinates": [ 74.9093538, 35.3923167 ] } },
{ "type": "Feature", "properties": { "id": 1728, "state": "Ladakh", "state_code": null, "district": "LEH", "district_code": 3.0, "sub_district": null, "sub_district_code": null, "sub_district_type": null, "village": "Unnamed Village", "village_category": "Rural", "village_code": "12540791902" }, "geometry": { "type": "Point", "coordinates": [ 74.8748201, 35.3793551 ] } },
{ "type": "Feature", "properties": { "id": 1729, "state": "Ladakh", "state_code": null, "district": "LEH", "district_code": 3.0, "sub_district": null, "sub_district_code": null, "sub_district_type": null, "village": "Hupak", "village_category": "Rural", "village_code": "12540791903" }, "geometry": { "type": "Point", "coordinates": [ 74.8849767, 35.3844868 ] } },
{ "type": "Feature", "properties": { "id": 1730, "state": "Ladakh", "state_code": null, "district": "LEH", "district_code": 3.0, "sub_district": null, "sub_district_code": null, "sub_district_type": null, "village": "Dach", "village_category": "Rural", "village_code": "12540791904" }, "geometry": { "type": "Point", "coordinates": [ 74.8904413, 35.3884987 ] } },
{ "type": "Feature", "properties": { "id": 1731, "state": "Ladakh", "state_code": null, "district": "LEH", "district_code": 3.0, "sub_district": null, "sub_district_code": null, "sub_district_type": null, "village": "Shepe", "village_category": "Rural", "village_code": "12540792191" }, "geometry": { "type": "Point", "coordinates": [ 74.9161081, 35.3936725 ] } },
{ "type": "Feature", "properties": { "id": 1732, "state": "Ladakh", "state_code": null, "district": "LEH", "district_code": 3.0, "sub_district": null, "sub_district_code": null, "sub_district_type": null, "village": "Paliat", "village_category": "Rural", "village_code": "12540792192" }, "geometry": { "type": "Point", "coordinates": [ 74.9136797, 35.4003712 ] } },
{ "type": "Feature", "properties": { "id": 1733, "state": "Ladakh", "state_code": null, "district": "LEH", "district_code": 3.0, "sub_district": null, "sub_district_code": null, "sub_district_type": null, "village": "Phuphal", "village_category": "Rural", "village_code": "12540792194" }, "geometry": { "type": "Point", "coordinates": [ 74.9078254, 35.3875212 ] } },
{ "type": "Feature", "properties": { "id": 1734, "state": "Ladakh", "state_code": null, "district": "LEH", "district_code": 3.0, "sub_district": null, "sub_district_code": null, "sub_district_type": null, "village": "Ramkha", "village_category": "Rural", "village_code": "12540792195" }, "geometry": { "type": "Point", "coordinates": [ 74.921854, 35.3846399 ] } },
{ "type": "Feature", "properties": { "id": 1735, "state": "Ladakh", "state_code": null, "district": "LEH", "district_code": 3.0, "sub_district": null, "sub_district_code": null, "sub_district_type": null, "village": "Thingi Bala", "village_category": "Rural", "village_code": "12540794470" }, "geometry": { "type": "Point", "coordinates": [ 74.9694835, 35.398311 ] } },
{ "type": "Feature", "properties": { "id": 1736, "state": "Ladakh", "state_code": null, "district": "LEH", "district_code": 3.0, "sub_district": null, "sub_district_code": null, "sub_district_type": null, "village": "Muthath", "village_category": "Rural", "village_code": "12540819993" }, "geometry": { "type": "Point", "coordinates": [ 74.6624216, 35.4224836 ] } },
{ "type": "Feature", "properties": { "id": 1737, "state": "Ladakh", "state_code": null, "district": "LEH", "district_code": 3.0, "sub_district": null, "sub_district_code": null, "sub_district_type": null, "village": "Luksum", "village_category": "Rural", "village_code": "12540819996" }, "geometry": { "type": "Point", "coordinates": [ 74.7959738, 35.4522729 ] } },
{ "type": "Feature", "properties": { "id": 1738, "state": "Ladakh", "state_code": null, "district": "LEH", "district_code": 3.0, "sub_district": null, "sub_district_code": null, "sub_district_type": null, "village": "Chauki Jut", "village_category": "Rural", "village_code": "12540873895" }, "geometry": { "type": "Point", "coordinates": [ 74.365213, 35.4638674 ] } },
{ "type": "Feature", "properties": { "id": 1739, "state": "Ladakh", "state_code": null, "district": "LEH", "district_code": 3.0, "sub_district": null, "sub_district_code": null, "sub_district_type": null, "village": "Unnamed Village", "village_category": "Rural", "village_code": "12587098823" }, "geometry": { "type": "Point", "coordinates": [ 74.3697721, 35.6637694 ] } },
{ "type": "Feature", "properties": { "id": 1740, "state": "Ladakh", "state_code": null, "district": "LEH", "district_code": 3.0, "sub_district": null, "sub_district_code": null, "sub_district_type": null, "village": "بابا غنڈی زیارت", "village_category": "Rural", "village_code": "12798792968" }, "geometry": { "type": "Point", "coordinates": [ 74.275236, 36.8357601 ] } },
{ "type": "Feature", "properties": { "id": 1741, "state": "Ladakh", "state_code": null, "district": "LEH", "district_code": 3.0, "sub_district": null, "sub_district_code": null, "sub_district_type": null, "village": "甜水海镇 تيەنشۈيخەي", "village_category": "Urban", "village_code": "12947061163" }, "geometry": { "type": "Point", "coordinates": [ 79.5511982, 35.2465224 ] } },
{ "type": "Feature", "properties": { "id": 1742, "state": "Ladakh", "state_code": null, "district": "LEH", "district_code": 3.0, "sub_district": null, "sub_district_code": null, "sub_district_type": null, "village": "Sharote", "village_category": "Rural", "village_code": "13062184273" }, "geometry": { "type": "Point", "coordinates": [ 74.1214875, 36.0465204 ] } },
{ "type": "Feature", "properties": { "id": 1743, "state": "Ladakh", "state_code": null, "district": "LEH", "district_code": 3.0, "sub_district": null, "sub_district_code": null, "sub_district_type": null, "village": "ڈاؤ", "village_category": "Rural", "village_code": "13076011263" }, "geometry": { "type": "Point", "coordinates": [ 76.5027721, 35.0545318 ] } },
{ "type": "Feature", "properties": { "id": 1744, "state": "Ladakh", "state_code": null, "district": "LEH", "district_code": 3.0, "sub_district": null, "sub_district_code": null, "sub_district_type": null, "village": "لونکھہ", "village_category": "Rural", "village_code": "13076038124" }, "geometry": { "type": "Point", "coordinates": [ 76.468534, 35.0947311 ] } },
{ "type": "Feature", "properties": { "id": 1745, "state": "Ladakh", "state_code": null, "district": "LEH", "district_code": 3.0, "sub_district": null, "sub_district_code": null, "sub_district_type": null, "village": "بابوسر", "village_category": "Rural", "village_code": "13096782792" }, "geometry": { "type": "Point", "coordinates": [ 74.0475364, 35.2011777 ] } },
{ "type": "Feature", "properties": { "id": 1746, "state": "Ladakh", "state_code": null, "district": "KARGIL", "district_code": 4.0, "sub_district": null, "sub_district_code": null, "sub_district_type": null, "village": "بریسل", "village_category": "Rural", "village_code": "13099243069" }, "geometry": { "type": "Point", "coordinates": [ 76.1095598, 34.6668619 ] } },
{ "type": "Feature", "properties": { "id": 1747, "state": "Ladakh", "state_code": null, "district": "KARGIL", "district_code": 4.0, "sub_district": null, "sub_district_code": null, "sub_district_type": null, "village": "Damsna", "village_category": "Rural", "village_code": "13114987718" }, "geometry": { "type": "Point", "coordinates": [ 75.9332782, 34.176425 ] } },
{ "type": "Feature", "properties": { "id": 1748, "state": "Ladakh", "state_code": null, "district": "LEH", "district_code": 3.0, "sub_district": null, "sub_district_code": null, "sub_district_type": null, "village": "Hankar Yokma", "village_category": "Rural", "village_code": "13164988982" }, "geometry": { "type": "Point", "coordinates": [ 77.5015346, 33.8362422 ] } },
{ "type": "Feature", "properties": { "id": 1749, "state": "Ladakh", "state_code": null, "district": "LEH", "district_code": 3.0, "sub_district": null, "sub_district_code": null, "sub_district_type": null, "village": "غویس", "village_category": "Rural", "village_code": "13182504068" }, "geometry": { "type": "Point", "coordinates": [ 76.2564861, 34.8845445 ] } },
{ "type": "Feature", "properties": { "id": 1750, "state": "Ladakh", "state_code": null, "district": "LEH", "district_code": 3.0, "sub_district": null, "sub_district_code": null, "sub_district_type": null, "village": "Shawaran", "village_category": "Rural", "village_code": "13182737790" }, "geometry": { "type": "Point", "coordinates": [ 75.6475385, 34.6732326 ] } },
{ "type": "Feature", "properties": { "id": 1751, "state": "Ladakh", "state_code": null, "district": "LEH", "district_code": 3.0, "sub_district": null, "sub_district_code": null, "sub_district_type": null, "village": "Chamalung", "village_category": "Rural", "village_code": "13183291262" }, "geometry": { "type": "Point", "coordinates": [ 75.6768426, 34.658789 ] } },
{ "type": "Feature", "properties": { "id": 1752, "state": "Ladakh", "state_code": null, "district": "LEH", "district_code": 3.0, "sub_district": null, "sub_district_code": null, "sub_district_type": null, "village": "Unnamed Hamlet", "village_category": "Rural", "village_code": "13183319851" }, "geometry": { "type": "Point", "coordinates": [ 75.6414813, 34.6769769 ] } },
{ "type": "Feature", "properties": { "id": 1753, "state": "Ladakh", "state_code": null, "district": "LEH", "district_code": 3.0, "sub_district": null, "sub_district_code": null, "sub_district_type": null, "village": "Sumoluk", "village_category": "Rural", "village_code": "13183325605" }, "geometry": { "type": "Point", "coordinates": [ 75.5947877, 34.6418743 ] } },
{ "type": "Feature", "properties": { "id": 1754, "state": "Ladakh", "state_code": null, "district": "LEH", "district_code": 3.0, "sub_district": null, "sub_district_code": null, "sub_district_type": null, "village": "باغیچہ", "village_category": "Rural", "village_code": "13185027561" }, "geometry": { "type": "Point", "coordinates": [ 76.1983266, 34.9019296 ] } },
{ "type": "Feature", "properties": { "id": 1755, "state": "Ladakh", "state_code": null, "district": "LEH", "district_code": 3.0, "sub_district": null, "sub_district_code": null, "sub_district_type": null, "village": "مرچھا", "village_category": "Rural", "village_code": "13191652411" }, "geometry": { "type": "Point", "coordinates": [ 76.5343527, 34.9873142 ] } },
{ "type": "Feature", "properties": { "id": 1756, "state": "Ladakh", "state_code": null, "district": "LEH", "district_code": 3.0, "sub_district": null, "sub_district_code": null, "sub_district_type": null, "village": "ہرغوسل", "village_category": "Rural", "village_code": "13199440129" }, "geometry": { "type": "Point", "coordinates": [ 76.1011461, 34.747281 ] } },
{ "type": "Feature", "properties": { "id": 1757, "state": "Ladakh", "state_code": null, "district": "LEH", "district_code": 3.0, "sub_district": null, "sub_district_code": null, "sub_district_type": null, "village": "Unnamed Hamlet", "village_category": "Rural", "village_code": "13199440130" }, "geometry": { "type": "Point", "coordinates": [ 76.1280547, 34.7628563 ] } },
{ "type": "Feature", "properties": { "id": 1758, "state": "Ladakh", "state_code": null, "district": "LEH", "district_code": 3.0, "sub_district": null, "sub_district_code": null, "sub_district_type": null, "village": "Tololing", "village_category": "Rural", "village_code": "13199466520" }, "geometry": { "type": "Point", "coordinates": [ 76.1694169, 34.8442281 ] } },
{ "type": "Feature", "properties": { "id": 1759, "state": "Ladakh", "state_code": null, "district": "LEH", "district_code": 3.0, "sub_district": null, "sub_district_code": null, "sub_district_type": null, "village": "ہرینگو", "village_category": "Rural", "village_code": "13199466521" }, "geometry": { "type": "Point", "coordinates": [ 76.1548526, 34.7441688 ] } },
{ "type": "Feature", "properties": { "id": 1760, "state": "Ladakh", "state_code": null, "district": "LEH", "district_code": 3.0, "sub_district": null, "sub_district_code": null, "sub_district_type": null, "village": "طورغن بالا", "village_category": "Rural", "village_code": "13199466541" }, "geometry": { "type": "Point", "coordinates": [ 76.1076749, 34.8234533 ] } },
{ "type": "Feature", "properties": { "id": 1761, "state": "Ladakh", "state_code": null, "district": "LEH", "district_code": 3.0, "sub_district": null, "sub_district_code": null, "sub_district_type": null, "village": "Unnamed Hamlet", "village_category": "Rural", "village_code": "13207821425" }, "geometry": { "type": "Point", "coordinates": [ 75.7577404, 34.7042044 ] } },
{ "type": "Feature", "properties": { "id": 1762, "state": "Ladakh", "state_code": null, "district": "LEH", "district_code": 3.0, "sub_district": null, "sub_district_code": null, "sub_district_type": null, "village": "Unnamed Hamlet", "village_category": "Rural", "village_code": "13207821436" }, "geometry": { "type": "Point", "coordinates": [ 75.7560541, 34.6998723 ] } },
{ "type": "Feature", "properties": { "id": 1763, "state": "Ladakh", "state_code": null, "district": "LEH", "district_code": 3.0, "sub_district": null, "sub_district_code": null, "sub_district_type": null, "village": "دنسر تھنگ", "village_category": "Rural", "village_code": "13231887174" }, "geometry": { "type": "Point", "coordinates": [ 76.2533304, 34.7340567 ] } },
{ "type": "Feature", "properties": { "id": 1764, "state": "Ladakh", "state_code": null, "district": "LEH", "district_code": 3.0, "sub_district": null, "sub_district_code": null, "sub_district_type": null, "village": "Unnamed Hamlet", "village_category": "Rural", "village_code": "13232005370" }, "geometry": { "type": "Point", "coordinates": [ 76.0794246, 34.7540138 ] } },
{ "type": "Feature", "properties": { "id": 1765, "state": "Ladakh", "state_code": null, "district": "LEH", "district_code": 3.0, "sub_district": null, "sub_district_code": null, "sub_district_type": null, "village": "Unnamed Village", "village_category": "Rural", "village_code": "13241172562" }, "geometry": { "type": "Point", "coordinates": [ 74.5168507, 35.5191488 ] } },
{ "type": "Feature", "properties": { "id": 1766, "state": "Ladakh", "state_code": null, "district": "LEH", "district_code": 3.0, "sub_district": null, "sub_district_code": null, "sub_district_type": null, "village": "Unnamed Village", "village_category": "Rural", "village_code": "13241177192" }, "geometry": { "type": "Point", "coordinates": [ 74.519971, 35.5453104 ] } },
{ "type": "Feature", "properties": { "id": 1767, "state": "Ladakh", "state_code": null, "district": "LEH", "district_code": 3.0, "sub_district": null, "sub_district_code": null, "sub_district_type": null, "village": "Unnamed Hamlet", "village_category": "Rural", "village_code": "13241301271" }, "geometry": { "type": "Point", "coordinates": [ 74.5354788, 35.5474135 ] } },
{ "type": "Feature", "properties": { "id": 1768, "state": "Ladakh", "state_code": null, "district": "LEH", "district_code": 3.0, "sub_district": null, "sub_district_code": null, "sub_district_type": null, "village": "Yourungut", "village_category": "Rural", "village_code": "13241544267" }, "geometry": { "type": "Point", "coordinates": [ 76.2223818, 34.9452308 ] } },
{ "type": "Feature", "properties": { "id": 1769, "state": "Ladakh", "state_code": null, "district": "LEH", "district_code": 3.0, "sub_district": null, "sub_district_code": null, "sub_district_type": null, "village": "Rumbukha", "village_category": "Rural", "village_code": "13241544274" }, "geometry": { "type": "Point", "coordinates": [ 76.2252898, 34.9430182 ] } },
{ "type": "Feature", "properties": { "id": 1770, "state": "Ladakh", "state_code": null, "district": "LEH", "district_code": 3.0, "sub_district": null, "sub_district_code": null, "sub_district_type": null, "village": "کندرک", "village_category": "Rural", "village_code": "13241544295" }, "geometry": { "type": "Point", "coordinates": [ 76.292672, 34.9419605 ] } },
{ "type": "Feature", "properties": { "id": 1771, "state": "Ladakh", "state_code": null, "district": "LEH", "district_code": 3.0, "sub_district": null, "sub_district_code": null, "sub_district_type": null, "village": "سرلنگ", "village_category": "Rural", "village_code": "13241664447" }, "geometry": { "type": "Point", "coordinates": [ 75.9543074, 35.1453319 ] } },
{ "type": "Feature", "properties": { "id": 1772, "state": "Ladakh", "state_code": null, "district": "LEH", "district_code": 3.0, "sub_district": null, "sub_district_code": null, "sub_district_type": null, "village": "Unnamed Hamlet", "village_category": "Rural", "village_code": "13241714335" }, "geometry": { "type": "Point", "coordinates": [ 75.56134, 34.6485226 ] } },
{ "type": "Feature", "properties": { "id": 1773, "state": "Ladakh", "state_code": null, "district": "LEH", "district_code": 3.0, "sub_district": null, "sub_district_code": null, "sub_district_type": null, "village": "Damas", "village_category": "Rural", "village_code": "13250788775" }, "geometry": { "type": "Point", "coordinates": [ 73.7382863, 36.2005324 ] } },
{ "type": "Feature", "properties": { "id": 1774, "state": "Ladakh", "state_code": null, "district": "LEH", "district_code": 3.0, "sub_district": null, "sub_district_code": null, "sub_district_type": null, "village": "سلطان آباد", "village_category": "Urban", "village_code": "13255146850" }, "geometry": { "type": "Point", "coordinates": [ 74.6795833, 36.3215177 ] } },
{ "type": "Feature", "properties": { "id": 1775, "state": "Ladakh", "state_code": null, "district": "LEH", "district_code": 3.0, "sub_district": null, "sub_district_code": null, "sub_district_type": null, "village": "Unnamed Village", "village_category": "Rural", "village_code": "13256918041" }, "geometry": { "type": "Point", "coordinates": [ 76.4826452, 35.1128243 ] } },
{ "type": "Feature", "properties": { "id": 1776, "state": "Ladakh", "state_code": null, "district": "LEH", "district_code": 3.0, "sub_district": null, "sub_district_code": null, "sub_district_type": null, "village": "کتی شو", "village_category": "Rural", "village_code": "13265945647" }, "geometry": { "type": "Point", "coordinates": [ 75.7879982, 35.1197399 ] } },
{ "type": "Feature", "properties": { "id": 1777, "state": "Ladakh", "state_code": null, "district": "LEH", "district_code": 3.0, "sub_district": null, "sub_district_code": null, "sub_district_type": null, "village": "Bathompi Thang", "village_category": "Rural", "village_code": "13266000156" }, "geometry": { "type": "Point", "coordinates": [ 76.1484343, 34.8453491 ] } },
{ "type": "Feature", "properties": { "id": 1778, "state": "Ladakh", "state_code": null, "district": "LEH", "district_code": 3.0, "sub_district": null, "sub_district_code": null, "sub_district_type": null, "village": "Dapa", "village_category": "Rural", "village_code": "13266010282" }, "geometry": { "type": "Point", "coordinates": [ 75.7693879, 35.1137561 ] } },
{ "type": "Feature", "properties": { "id": 1779, "state": "Ladakh", "state_code": null, "district": "LEH", "district_code": 3.0, "sub_district": null, "sub_district_code": null, "sub_district_type": null, "village": "حسن آباد", "village_category": "Rural", "village_code": "13266083014" }, "geometry": { "type": "Point", "coordinates": [ 75.840692, 35.1201999 ] } },
{ "type": "Feature", "properties": { "id": 1780, "state": "Ladakh", "state_code": null, "district": "LEH", "district_code": 3.0, "sub_district": null, "sub_district_code": null, "sub_district_type": null, "village": "سندو", "village_category": "Rural", "village_code": "13266083062" }, "geometry": { "type": "Point", "coordinates": [ 75.8407782, 35.1171185 ] } },
{ "type": "Feature", "properties": { "id": 1781, "state": "Ladakh", "state_code": null, "district": "LEH", "district_code": 3.0, "sub_district": null, "sub_district_code": null, "sub_district_type": null, "village": "طولتی بروق", "village_category": "Rural", "village_code": "13266083063" }, "geometry": { "type": "Point", "coordinates": [ 75.8416972, 35.1145379 ] } },
{ "type": "Feature", "properties": { "id": 1782, "state": "Ladakh", "state_code": null, "district": "LEH", "district_code": 3.0, "sub_district": null, "sub_district_code": null, "sub_district_type": null, "village": "بلتی کھر", "village_category": "Rural", "village_code": "13266083064" }, "geometry": { "type": "Point", "coordinates": [ 75.8419295, 35.1089966 ] } },
{ "type": "Feature", "properties": { "id": 1783, "state": "Ladakh", "state_code": null, "district": "LEH", "district_code": 3.0, "sub_district": null, "sub_district_code": null, "sub_district_type": null, "village": "احمد آباد", "village_category": "Rural", "village_code": "13266097744" }, "geometry": { "type": "Point", "coordinates": [ 76.186339, 34.8652703 ] } },
{ "type": "Feature", "properties": { "id": 1784, "state": "Ladakh", "state_code": null, "district": "LEH", "district_code": 3.0, "sub_district": null, "sub_district_code": null, "sub_district_type": null, "village": "چھٹپہ", "village_category": "Rural", "village_code": "13266097828" }, "geometry": { "type": "Point", "coordinates": [ 75.8281566, 35.1198236 ] } },
{ "type": "Feature", "properties": { "id": 1785, "state": "Ladakh", "state_code": null, "district": "LEH", "district_code": 3.0, "sub_district": null, "sub_district_code": null, "sub_district_type": null, "village": "Lathoq Pandah", "village_category": "Rural", "village_code": "13266110437" }, "geometry": { "type": "Point", "coordinates": [ 75.8481686, 35.1125387 ] } },
{ "type": "Feature", "properties": { "id": 1786, "state": "Ladakh", "state_code": null, "district": "LEH", "district_code": 3.0, "sub_district": null, "sub_district_code": null, "sub_district_type": null, "village": "Unnamed Village", "village_category": "Rural", "village_code": "13266143593" }, "geometry": { "type": "Point", "coordinates": [ 76.0657683, 34.9578894 ] } },
{ "type": "Feature", "properties": { "id": 1787, "state": "Ladakh", "state_code": null, "district": "LEH", "district_code": 3.0, "sub_district": null, "sub_district_code": null, "sub_district_type": null, "village": "Kusuro", "village_category": "Rural", "village_code": "13266143594" }, "geometry": { "type": "Point", "coordinates": [ 76.0693513, 34.96281 ] } },
{ "type": "Feature", "properties": { "id": 1788, "state": "Ladakh", "state_code": null, "district": "LEH", "district_code": 3.0, "sub_district": null, "sub_district_code": null, "sub_district_type": null, "village": "Titado", "village_category": "Rural", "village_code": "13266170114" }, "geometry": { "type": "Point", "coordinates": [ 76.1498328, 34.9885359 ] } },
{ "type": "Feature", "properties": { "id": 1789, "state": "Ladakh", "state_code": null, "district": "LEH", "district_code": 3.0, "sub_district": null, "sub_district_code": null, "sub_district_type": null, "village": "سوخموس", "village_category": "Rural", "village_code": "13266200827" }, "geometry": { "type": "Point", "coordinates": [ 76.6507239, 34.9267884 ] } },
{ "type": "Feature", "properties": { "id": 1790, "state": "Ladakh", "state_code": null, "district": "LEH", "district_code": 3.0, "sub_district": null, "sub_district_code": null, "sub_district_type": null, "village": "کلان", "village_category": "Rural", "village_code": "13266206506" }, "geometry": { "type": "Point", "coordinates": [ 76.6340323, 34.9343711 ] } },
{ "type": "Feature", "properties": { "id": 1791, "state": "Ladakh", "state_code": null, "district": "LEH", "district_code": 3.0, "sub_district": null, "sub_district_code": null, "sub_district_type": null, "village": "Ghambashagharan", "village_category": "Rural", "village_code": "13266975198" }, "geometry": { "type": "Point", "coordinates": [ 76.193789, 34.9712395 ] } },
{ "type": "Feature", "properties": { "id": 1792, "state": "Ladakh", "state_code": null, "district": "LEH", "district_code": 3.0, "sub_district": null, "sub_district_code": null, "sub_district_type": null, "village": "Biama", "village_category": "Rural", "village_code": "13266975199" }, "geometry": { "type": "Point", "coordinates": [ 76.2303734, 34.939703 ] } },
{ "type": "Feature", "properties": { "id": 1793, "state": "Ladakh", "state_code": null, "district": "LEH", "district_code": 3.0, "sub_district": null, "sub_district_code": null, "sub_district_type": null, "village": "Chinithang", "village_category": "Rural", "village_code": "13267031310" }, "geometry": { "type": "Point", "coordinates": [ 76.2201694, 34.9661884 ] } },
{ "type": "Feature", "properties": { "id": 1794, "state": "Ladakh", "state_code": null, "district": "LEH", "district_code": 3.0, "sub_district": null, "sub_district_code": null, "sub_district_type": null, "village": "Suksi Thang", "village_category": "Rural", "village_code": "13267031311" }, "geometry": { "type": "Point", "coordinates": [ 76.2222016, 34.9578415 ] } },
{ "type": "Feature", "properties": { "id": 1795, "state": "Ladakh", "state_code": null, "district": "LEH", "district_code": 3.0, "sub_district": null, "sub_district_code": null, "sub_district_type": null, "village": "Chomik Kindarik", "village_category": "Rural", "village_code": "13267031327" }, "geometry": { "type": "Point", "coordinates": [ 76.3286488, 34.9308811 ] } },
{ "type": "Feature", "properties": { "id": 1796, "state": "Ladakh", "state_code": null, "district": "LEH", "district_code": 3.0, "sub_district": null, "sub_district_code": null, "sub_district_type": null, "village": "Karabathang", "village_category": "Rural", "village_code": "13267031328" }, "geometry": { "type": "Point", "coordinates": [ 76.2344857, 34.9329439 ] } },
{ "type": "Feature", "properties": { "id": 1797, "state": "Ladakh", "state_code": null, "district": "LEH", "district_code": 3.0, "sub_district": null, "sub_district_code": null, "sub_district_type": null, "village": "Shamail", "village_category": "Rural", "village_code": "13267081053" }, "geometry": { "type": "Point", "coordinates": [ 75.8517325, 35.1262091 ] } },
{ "type": "Feature", "properties": { "id": 1798, "state": "Ladakh", "state_code": null, "district": "LEH", "district_code": 3.0, "sub_district": null, "sub_district_code": null, "sub_district_type": null, "village": "Beadong", "village_category": "Rural", "village_code": "13267081058" }, "geometry": { "type": "Point", "coordinates": [ 75.9686778, 35.1267813 ] } },
{ "type": "Feature", "properties": { "id": 1799, "state": "Ladakh", "state_code": null, "district": "LEH", "district_code": 3.0, "sub_district": null, "sub_district_code": null, "sub_district_type": null, "village": "Pandah", "village_category": "Rural", "village_code": "13267081059" }, "geometry": { "type": "Point", "coordinates": [ 75.9740043, 35.128717 ] } },
{ "type": "Feature", "properties": { "id": 1800, "state": "Ladakh", "state_code": null, "district": "LEH", "district_code": 3.0, "sub_district": null, "sub_district_code": null, "sub_district_type": null, "village": "Yulskill", "village_category": "Rural", "village_code": "13278816061" }, "geometry": { "type": "Point", "coordinates": [ 76.2430972, 35.240259 ] } },
{ "type": "Feature", "properties": { "id": 1801, "state": "Ladakh", "state_code": null, "district": "LEH", "district_code": 3.0, "sub_district": null, "sub_district_code": null, "sub_district_type": null, "village": "عظیم آباد", "village_category": "Rural", "village_code": "13278854164" }, "geometry": { "type": "Point", "coordinates": [ 76.0672803, 35.0406524 ] } },
{ "type": "Feature", "properties": { "id": 1802, "state": "Ladakh", "state_code": null, "district": "LEH", "district_code": 3.0, "sub_district": null, "sub_district_code": null, "sub_district_type": null, "village": "گراخ", "village_category": "Rural", "village_code": "13278909308" }, "geometry": { "type": "Point", "coordinates": [ 76.1167386, 34.8841477 ] } },
{ "type": "Feature", "properties": { "id": 1803, "state": "Ladakh", "state_code": null, "district": "LEH", "district_code": 3.0, "sub_district": null, "sub_district_code": null, "sub_district_type": null, "village": "Gamba Pari", "village_category": "Rural", "village_code": "13279079942" }, "geometry": { "type": "Point", "coordinates": [ 76.1291813, 35.0197951 ] } },
{ "type": "Feature", "properties": { "id": 1804, "state": "Ladakh", "state_code": null, "district": "LEH", "district_code": 3.0, "sub_district": null, "sub_district_code": null, "sub_district_type": null, "village": "Aliabad Pari", "village_category": "Rural", "village_code": "13279079943" }, "geometry": { "type": "Point", "coordinates": [ 76.1308052, 35.0187953 ] } },
{ "type": "Feature", "properties": { "id": 1805, "state": "Ladakh", "state_code": null, "district": "LEH", "district_code": 3.0, "sub_district": null, "sub_district_code": null, "sub_district_type": null, "village": "Ghorkun Pari", "village_category": "Rural", "village_code": "13279079949" }, "geometry": { "type": "Point", "coordinates": [ 76.1372307, 35.0226782 ] } },
{ "type": "Feature", "properties": { "id": 1806, "state": "Ladakh", "state_code": null, "district": "LEH", "district_code": 3.0, "sub_district": null, "sub_district_code": null, "sub_district_type": null, "village": "امیر آباد", "village_category": "Rural", "village_code": "13284034806" }, "geometry": { "type": "Point", "coordinates": [ 76.5187846, 35.0002872 ] } },
{ "type": "Feature", "properties": { "id": 1807, "state": "Ladakh", "state_code": null, "district": "LEH", "district_code": 3.0, "sub_district": null, "sub_district_code": null, "sub_district_type": null, "village": "اوشیکھنداس", "village_category": "Rural", "village_code": "13289897950" }, "geometry": { "type": "Point", "coordinates": [ 74.4703787, 35.8837739 ] } },
{ "type": "Feature", "properties": { "id": 1808, "state": "Ladakh", "state_code": null, "district": "LEH", "district_code": 3.0, "sub_district": null, "sub_district_code": null, "sub_district_type": null, "village": "Sogha", "village_category": "Rural", "village_code": "13295461390" }, "geometry": { "type": "Point", "coordinates": [ 76.3253768, 35.1864147 ] } },
{ "type": "Feature", "properties": { "id": 1809, "state": "Ladakh", "state_code": null, "district": "LEH", "district_code": 3.0, "sub_district": null, "sub_district_code": null, "sub_district_type": null, "village": "ماچولو", "village_category": "Urban", "village_code": "13300730356" }, "geometry": { "type": "Point", "coordinates": [ 76.3983431, 35.2421015 ] } },
{ "type": "Feature", "properties": { "id": 1810, "state": "Ladakh", "state_code": null, "district": "LEH", "district_code": 3.0, "sub_district": null, "sub_district_code": null, "sub_district_type": null, "village": "تھورگو", "village_category": "Rural", "village_code": "13309529364" }, "geometry": { "type": "Point", "coordinates": [ 75.7428619, 35.3014997 ] } },
{ "type": "Feature", "properties": { "id": 1811, "state": "Ladakh", "state_code": null, "district": "LEH", "district_code": 3.0, "sub_district": null, "sub_district_code": null, "sub_district_type": null, "village": "تھورگو بالا", "village_category": "Rural", "village_code": "13309529389" }, "geometry": { "type": "Point", "coordinates": [ 75.7671251, 35.3044947 ] } },
{ "type": "Feature", "properties": { "id": 1812, "state": "Ladakh", "state_code": null, "district": "LEH", "district_code": 3.0, "sub_district": null, "sub_district_code": null, "sub_district_type": null, "village": "تستے", "village_category": "Rural", "village_code": "13325209328" }, "geometry": { "type": "Point", "coordinates": [ 75.8501798, 35.6606482 ] } },
{ "type": "Feature", "properties": { "id": 1813, "state": "Ladakh", "state_code": null, "district": "LEH", "district_code": 3.0, "sub_district": null, "sub_district_code": null, "sub_district_type": null, "village": "افگرچ", "village_category": "Rural", "village_code": "13337302559" }, "geometry": { "type": "Point", "coordinates": [ 74.9249927, 36.6369871 ] } },
{ "type": "Feature", "properties": { "id": 1814, "state": "Ladakh", "state_code": null, "district": "LEH", "district_code": 3.0, "sub_district": null, "sub_district_code": null, "sub_district_type": null, "village": "Boibar", "village_category": "Rural", "village_code": "13337302560" }, "geometry": { "type": "Point", "coordinates": [ 74.9315222, 36.6346825 ] } },
{ "type": "Feature", "properties": { "id": 1815, "state": "Ladakh", "state_code": null, "district": "LEH", "district_code": 3.0, "sub_district": null, "sub_district_code": null, "sub_district_type": null, "village": "Braqhor", "village_category": "Rural", "village_code": "13343549304" }, "geometry": { "type": "Point", "coordinates": [ 76.5811694, 35.2036942 ] } },
{ "type": "Feature", "properties": { "id": 1816, "state": "Ladakh", "state_code": null, "district": "LEH", "district_code": 3.0, "sub_district": null, "sub_district_code": null, "sub_district_type": null, "village": "شیلہ", "village_category": "Rural", "village_code": "13352448138" }, "geometry": { "type": "Point", "coordinates": [ 75.7676438, 35.1651554 ] } },
{ "type": "Feature", "properties": { "id": 1817, "state": "Ladakh", "state_code": null, "district": "LEH", "district_code": 3.0, "sub_district": null, "sub_district_code": null, "sub_district_type": null, "village": "شیلہ", "village_category": "Rural", "village_code": "13352448139" }, "geometry": { "type": "Point", "coordinates": [ 75.8366339, 35.1829053 ] } },
{ "type": "Feature", "properties": { "id": 1818, "state": "Ladakh", "state_code": null, "district": "LEH", "district_code": 3.0, "sub_district": null, "sub_district_code": null, "sub_district_type": null, "village": "Doro Korako", "village_category": "Rural", "village_code": "13352448140" }, "geometry": { "type": "Point", "coordinates": [ 75.8590012, 35.1822271 ] } },
{ "type": "Feature", "properties": { "id": 1819, "state": "Ladakh", "state_code": null, "district": "LEH", "district_code": 3.0, "sub_district": null, "sub_district_code": null, "sub_district_type": null, "village": "Broqchat Duro", "village_category": "Rural", "village_code": "13352448141" }, "geometry": { "type": "Point", "coordinates": [ 75.8723774, 35.1802294 ] } },
{ "type": "Feature", "properties": { "id": 1820, "state": "Ladakh", "state_code": null, "district": "LEH", "district_code": 3.0, "sub_district": null, "sub_district_code": null, "sub_district_type": null, "village": "Unnamed Hamlet", "village_category": "Rural", "village_code": "13352448142" }, "geometry": { "type": "Point", "coordinates": [ 75.8469539, 35.182535 ] } },
{ "type": "Feature", "properties": { "id": 1821, "state": "Ladakh", "state_code": null, "district": "LEH", "district_code": 3.0, "sub_district": null, "sub_district_code": null, "sub_district_type": null, "village": "甜水海村", "village_category": "Rural", "village_code": "13463446162" }, "geometry": { "type": "Point", "coordinates": [ 79.5490133, 35.2497842 ] } },
{ "type": "Feature", "properties": { "id": 1822, "state": "Ladakh", "state_code": null, "district": "LEH", "district_code": 3.0, "sub_district": null, "sub_district_code": null, "sub_district_type": null, "village": "تھولدی", "village_category": "Rural", "village_code": "13522977966" }, "geometry": { "type": "Point", "coordinates": [ 76.4778833, 35.2111584 ] } },
{ "type": "Feature", "properties": { "id": 1823, "state": "Ladakh", "state_code": null, "district": "LEH", "district_code": 3.0, "sub_district": null, "sub_district_code": null, "sub_district_type": null, "village": "مرکن", "village_category": "Rural", "village_code": "13523055608" }, "geometry": { "type": "Point", "coordinates": [ 76.1139749, 35.0289024 ] } },
{ "type": "Feature", "properties": { "id": 1824, "state": "Ladakh", "state_code": null, "district": "LEH", "district_code": 3.0, "sub_district": null, "sub_district_code": null, "sub_district_type": null, "village": "پھلٹکس", "village_category": "Rural", "village_code": "13530231688" }, "geometry": { "type": "Point", "coordinates": [ 75.8894467, 34.676724 ] } },
{ "type": "Feature", "properties": { "id": 1825, "state": "Ladakh", "state_code": null, "district": "LEH", "district_code": 3.0, "sub_district": null, "sub_district_code": null, "sub_district_type": null, "village": "اکبر آباد", "village_category": "Rural", "village_code": "13530236595" }, "geometry": { "type": "Point", "coordinates": [ 75.7324098, 34.7488064 ] } },
{ "type": "Feature", "properties": { "id": 1826, "state": "Ladakh", "state_code": null, "district": "LEH", "district_code": 3.0, "sub_district": null, "sub_district_code": null, "sub_district_type": null, "village": "Tanpa", "village_category": "Rural", "village_code": "13530426929" }, "geometry": { "type": "Point", "coordinates": [ 75.8376382, 35.3401126 ] } },
{ "type": "Feature", "properties": { "id": 1827, "state": "Ladakh", "state_code": null, "district": "LEH", "district_code": 3.0, "sub_district": null, "sub_district_code": null, "sub_district_type": null, "village": "Nar", "village_category": "Rural", "village_code": "13530426930" }, "geometry": { "type": "Point", "coordinates": [ 75.8305352, 35.3446832 ] } },
{ "type": "Feature", "properties": { "id": 1828, "state": "Ladakh", "state_code": null, "district": "LEH", "district_code": 3.0, "sub_district": null, "sub_district_code": null, "sub_district_type": null, "village": "Ghoro", "village_category": "Rural", "village_code": "13530461650" }, "geometry": { "type": "Point", "coordinates": [ 75.8669088, 35.3157432 ] } },
{ "type": "Feature", "properties": { "id": 1829, "state": "Ladakh", "state_code": null, "district": "LEH", "district_code": 3.0, "sub_district": null, "sub_district_code": null, "sub_district_type": null, "village": "Shaheenpi Gon", "village_category": "Rural", "village_code": "13534103240" }, "geometry": { "type": "Point", "coordinates": [ 76.1352008, 34.8314685 ] } },
{ "type": "Feature", "properties": { "id": 1830, "state": "Ladakh", "state_code": null, "district": "LEH", "district_code": 3.0, "sub_district": null, "sub_district_code": null, "sub_district_type": null, "village": "Biakhalo", "village_category": "Rural", "village_code": "13534110629" }, "geometry": { "type": "Point", "coordinates": [ 75.8793824, 34.7069098 ] } },
{ "type": "Feature", "properties": { "id": 1831, "state": "Ladakh", "state_code": null, "district": "LEH", "district_code": 3.0, "sub_district": null, "sub_district_code": null, "sub_district_type": null, "village": "Unnamed Village", "village_category": "Rural", "village_code": "13535557611" }, "geometry": { "type": "Point", "coordinates": [ 76.1003552, 34.8179563 ] } },
{ "type": "Feature", "properties": { "id": 1832, "state": "Ladakh", "state_code": null, "district": "LEH", "district_code": 3.0, "sub_district": null, "sub_district_code": null, "sub_district_type": null, "village": "Unnamed Hamlet", "village_category": "Rural", "village_code": "13535658825" }, "geometry": { "type": "Point", "coordinates": [ 75.7186174, 34.7589983 ] } },
{ "type": "Feature", "properties": { "id": 1833, "state": "Ladakh", "state_code": null, "district": "LEH", "district_code": 3.0, "sub_district": null, "sub_district_code": null, "sub_district_type": null, "village": "کرابوش", "village_category": "Rural", "village_code": "13535658834" }, "geometry": { "type": "Point", "coordinates": [ 75.692323, 34.7954825 ] } },
{ "type": "Feature", "properties": { "id": 1834, "state": "Ladakh", "state_code": null, "district": "LEH", "district_code": 3.0, "sub_district": null, "sub_district_code": null, "sub_district_type": null, "village": "Unnamed Hamlet", "village_category": "Rural", "village_code": "13564875419" }, "geometry": { "type": "Point", "coordinates": [ 76.1270314, 34.8768854 ] } },
{ "type": "Feature", "properties": { "id": 1835, "state": "Ladakh", "state_code": null, "district": "LEH", "district_code": 3.0, "sub_district": null, "sub_district_code": null, "sub_district_type": null, "village": "Unnamed Hamlet", "village_category": "Rural", "village_code": "13564875468" }, "geometry": { "type": "Point", "coordinates": [ 76.0939434, 34.8929878 ] } },
{ "type": "Feature", "properties": { "id": 1836, "state": "Ladakh", "state_code": null, "district": "LEH", "district_code": 3.0, "sub_district": null, "sub_district_code": null, "sub_district_type": null, "village": "Foljo", "village_category": "Rural", "village_code": "13589286609" }, "geometry": { "type": "Point", "coordinates": [ 75.6047233, 35.6938344 ] } },
{ "type": "Feature", "properties": { "id": 1837, "state": "Ladakh", "state_code": null, "district": "LEH", "district_code": 3.0, "sub_district": null, "sub_district_code": null, "sub_district_type": null, "village": "Chokpiong", "village_category": "Rural", "village_code": "13589286610" }, "geometry": { "type": "Point", "coordinates": [ 75.6214748, 35.7410302 ] } },
{ "type": "Feature", "properties": { "id": 1838, "state": "Ladakh", "state_code": null, "district": "LEH", "district_code": 3.0, "sub_district": null, "sub_district_code": null, "sub_district_type": null, "village": "Kunul", "village_category": "Rural", "village_code": "13589286612" }, "geometry": { "type": "Point", "coordinates": [ 75.6080117, 35.7313173 ] } },
{ "type": "Feature", "properties": { "id": 1839, "state": "Ladakh", "state_code": null, "district": "LEH", "district_code": 3.0, "sub_district": null, "sub_district_code": null, "sub_district_type": null, "village": "Unnamed Hamlet", "village_category": "Rural", "village_code": "13589286614" }, "geometry": { "type": "Point", "coordinates": [ 75.7125795, 35.6966701 ] } },
{ "type": "Feature", "properties": { "id": 1840, "state": "Ladakh", "state_code": null, "district": "LEH", "district_code": 3.0, "sub_district": null, "sub_district_code": null, "sub_district_type": null, "village": "Kharwa", "village_category": "Rural", "village_code": "13589286616" }, "geometry": { "type": "Point", "coordinates": [ 75.7288567, 35.6869183 ] } },
{ "type": "Feature", "properties": { "id": 1841, "state": "Ladakh", "state_code": null, "district": "LEH", "district_code": 3.0, "sub_district": null, "sub_district_code": null, "sub_district_type": null, "village": "Barjand", "village_category": "Rural", "village_code": "13589286617" }, "geometry": { "type": "Point", "coordinates": [ 75.7448999, 35.6899711 ] } },
{ "type": "Feature", "properties": { "id": 1842, "state": "Ladakh", "state_code": null, "district": "LEH", "district_code": 3.0, "sub_district": null, "sub_district_code": null, "sub_district_type": null, "village": "Unnamed Village", "village_category": "Rural", "village_code": "13651057900" }, "geometry": { "type": "Point", "coordinates": [ 76.7857043, 34.9636169 ] } },
{ "type": "Feature", "properties": { "id": 1843, "state": "Ladakh", "state_code": null, "district": "KARGIL", "district_code": 4.0, "sub_district": null, "sub_district_code": null, "sub_district_type": null, "village": "Karkit", "village_category": "Rural", "village_code": "13669710408" }, "geometry": { "type": "Point", "coordinates": [ 76.0423946, 34.628839 ] } },
{ "type": "Feature", "properties": { "id": 1844, "state": "Ladakh", "state_code": null, "district": "LEH", "district_code": 3.0, "sub_district": null, "sub_district_code": null, "sub_district_type": null, "village": "سیتھ", "village_category": "Rural", "village_code": "13680597365" }, "geometry": { "type": "Point", "coordinates": [ 76.7235188, 35.1401064 ] } },
{ "type": "Feature", "properties": { "id": 1845, "state": "Ladakh", "state_code": null, "district": "LEH", "district_code": 3.0, "sub_district": null, "sub_district_code": null, "sub_district_type": null, "village": "昆玉村", "village_category": "Rural", "village_code": "13729427877" }, "geometry": { "type": "Point", "coordinates": [ 78.4169444, 35.6122685 ] } },
{ "type": "Feature", "properties": { "id": 1846, "state": "Ladakh", "state_code": null, "district": "LEH", "district_code": 3.0, "sub_district": null, "sub_district_code": null, "sub_district_type": null, "village": "天文村", "village_category": "Rural", "village_code": "13729427878" }, "geometry": { "type": "Point", "coordinates": [ 78.178248, 35.3331798 ] } },
{ "type": "Feature", "properties": { "id": 1847, "state": "Ladakh", "state_code": null, "district": "LEH", "district_code": 3.0, "sub_district": null, "sub_district_code": null, "sub_district_type": null, "village": "河岔口村", "village_category": "Rural", "village_code": "13729427879" }, "geometry": { "type": "Point", "coordinates": [ 78.7779191, 35.2654768 ] } },
{ "type": "Feature", "properties": { "id": 1848, "state": "Ladakh", "state_code": null, "district": "LEH", "district_code": 3.0, "sub_district": null, "sub_district_code": null, "sub_district_type": null, "village": "铁隆滩村", "village_category": "Rural", "village_code": "13729427880" }, "geometry": { "type": "Point", "coordinates": [ 79.4293005, 35.214318 ] } },
{ "type": "Feature", "properties": { "id": 1849, "state": "Ladakh", "state_code": null, "district": "LEH", "district_code": 3.0, "sub_district": null, "sub_district_code": null, "sub_district_type": null, "village": "火烧云村", "village_category": "Rural", "village_code": "13729427881" }, "geometry": { "type": "Point", "coordinates": [ 79.1284342, 34.6034207 ] } },
{ "type": "Feature", "properties": { "id": 1850, "state": "Ladakh", "state_code": null, "district": "LEH", "district_code": 3.0, "sub_district": null, "sub_district_code": null, "sub_district_type": null, "village": "温泉村", "village_category": "Rural", "village_code": "13729427882" }, "geometry": { "type": "Point", "coordinates": [ 78.9193839, 34.4079628 ] } },
{ "type": "Feature", "properties": { "id": 1851, "state": "Ladakh", "state_code": null, "district": "LEH", "district_code": 3.0, "sub_district": null, "sub_district_code": null, "sub_district_type": null, "village": "شقمہ", "village_category": "Rural", "village_code": "13743963031" }, "geometry": { "type": "Point", "coordinates": [ 75.8589112, 34.6437936 ] } },
{ "type": "Feature", "properties": { "id": 1852, "state": "Ladakh", "state_code": null, "district": "LEH", "district_code": 3.0, "sub_district": null, "sub_district_code": null, "sub_district_type": null, "village": "Unnamed Hamlet", "village_category": "Rural", "village_code": "13866887408" }, "geometry": { "type": "Point", "coordinates": [ 76.0912613, 34.7396124 ] } },
{ "type": "Feature", "properties": { "id": 1853, "state": "Ladakh", "state_code": null, "district": "LEH", "district_code": 3.0, "sub_district": null, "sub_district_code": null, "sub_district_type": null, "village": "Unnamed Hamlet", "village_category": "Rural", "village_code": "13866893131" }, "geometry": { "type": "Point", "coordinates": [ 76.0819398, 34.736275 ] } },
{ "type": "Feature", "properties": { "id": 1854, "state": "Ladakh", "state_code": null, "district": "LEH", "district_code": 3.0, "sub_district": null, "sub_district_code": null, "sub_district_type": null, "village": "Raisha", "village_category": "Rural", "village_code": "13918487652" }, "geometry": { "type": "Point", "coordinates": [ 76.438153, 35.1832666 ] } },
{ "type": "Feature", "properties": { "id": 1855, "state": "Ladakh", "state_code": null, "district": "LEH", "district_code": 3.0, "sub_district": null, "sub_district_code": null, "sub_district_type": null, "village": "普鲁玛唐", "village_category": "Rural", "village_code": "13983357660" }, "geometry": { "type": "Point", "coordinates": [ 79.3562464, 33.0252622 ] } },
{ "type": "Feature", "properties": { "id": 1856, "state": "Ladakh", "state_code": null, "district": "KARGIL", "district_code": 4.0, "sub_district": null, "sub_district_code": null, "sub_district_type": null, "village": "Dyangoochey", "village_category": "Rural", "village_code": "14065603779" }, "geometry": { "type": "Point", "coordinates": [ 76.0727485, 34.4690621 ] } },
{ "type": "Feature", "properties": { "id": 1857, "state": "Ladakh", "state_code": null, "district": "LEH", "district_code": 3.0, "sub_district": null, "sub_district_code": null, "sub_district_type": null, "village": "Tiston", "village_category": "Rural", "village_code": "14069938703" }, "geometry": { "type": "Point", "coordinates": [ 75.4842364, 35.7097854 ] } },
{ "type": "Feature", "properties": { "id": 1858, "state": "Ladakh", "state_code": null, "district": "LEH", "district_code": 3.0, "sub_district": null, "sub_district_code": null, "sub_district_type": null, "village": "Niyil", "village_category": "Rural", "village_code": "14069938704" }, "geometry": { "type": "Point", "coordinates": [ 75.5402313, 35.7136342 ] } },
{ "type": "Feature", "properties": { "id": 1859, "state": "Ladakh", "state_code": null, "district": "LEH", "district_code": 3.0, "sub_district": null, "sub_district_code": null, "sub_district_type": null, "village": "Hyderabad", "village_category": "Rural", "village_code": "14069938705" }, "geometry": { "type": "Point", "coordinates": [ 75.5006194, 35.6596171 ] } },
{ "type": "Feature", "properties": { "id": 1860, "state": "Ladakh", "state_code": null, "district": "LEH", "district_code": 3.0, "sub_district": null, "sub_district_code": null, "sub_district_type": null, "village": "Mungo", "village_category": "Rural", "village_code": "14069938706" }, "geometry": { "type": "Point", "coordinates": [ 75.5276978, 35.6503745 ] } },
{ "type": "Feature", "properties": { "id": 1861, "state": "Ladakh", "state_code": null, "district": "LEH", "district_code": 3.0, "sub_district": null, "sub_district_code": null, "sub_district_type": null, "village": "Thanduro", "village_category": "Rural", "village_code": "14069938707" }, "geometry": { "type": "Point", "coordinates": [ 75.537495, 35.6287683 ] } },
{ "type": "Feature", "properties": { "id": 1862, "state": "Ladakh", "state_code": null, "district": "LEH", "district_code": 3.0, "sub_district": null, "sub_district_code": null, "sub_district_type": null, "village": "یونو", "village_category": "Rural", "village_code": "14069938708" }, "geometry": { "type": "Point", "coordinates": [ 75.5508578, 35.6140619 ] } },
{ "type": "Feature", "properties": { "id": 1863, "state": "Ladakh", "state_code": null, "district": "LEH", "district_code": 3.0, "sub_district": null, "sub_district_code": null, "sub_district_type": null, "village": "Sildi", "village_category": "Rural", "village_code": "14069938709" }, "geometry": { "type": "Point", "coordinates": [ 75.5925612, 35.5684051 ] } },
{ "type": "Feature", "properties": { "id": 1864, "state": "Ladakh", "state_code": null, "district": "LEH", "district_code": 3.0, "sub_district": null, "sub_district_code": null, "sub_district_type": null, "village": "Hurhcus", "village_category": "Rural", "village_code": "14069938710" }, "geometry": { "type": "Point", "coordinates": [ 75.6619317, 35.5258464 ] } },
{ "type": "Feature", "properties": { "id": 1865, "state": "Ladakh", "state_code": null, "district": "LEH", "district_code": 3.0, "sub_district": null, "sub_district_code": null, "sub_district_type": null, "village": "Hashupi", "village_category": "Rural", "village_code": "14069944287" }, "geometry": { "type": "Point", "coordinates": [ 75.6763082, 35.5118785 ] } },
{ "type": "Feature", "properties": { "id": 1866, "state": "Ladakh", "state_code": null, "district": "LEH", "district_code": 3.0, "sub_district": null, "sub_district_code": null, "sub_district_type": null, "village": "Turopi", "village_category": "Rural", "village_code": "14069944288" }, "geometry": { "type": "Point", "coordinates": [ 75.6870518, 35.4940501 ] } },
{ "type": "Feature", "properties": { "id": 1867, "state": "Ladakh", "state_code": null, "district": "LEH", "district_code": 3.0, "sub_district": null, "sub_district_code": null, "sub_district_type": null, "village": "Taros", "village_category": "Rural", "village_code": "14069951775" }, "geometry": { "type": "Point", "coordinates": [ 75.9576412, 35.2682653 ] } },
{ "type": "Feature", "properties": { "id": 1868, "state": "Ladakh", "state_code": null, "district": "LEH", "district_code": 3.0, "sub_district": null, "sub_district_code": null, "sub_district_type": null, "village": "Bamchu", "village_category": "Rural", "village_code": "14069951776" }, "geometry": { "type": "Point", "coordinates": [ 75.9889316, 35.2565893 ] } },
{ "type": "Feature", "properties": { "id": 1869, "state": "Ladakh", "state_code": null, "district": "LEH", "district_code": 3.0, "sub_district": null, "sub_district_code": null, "sub_district_type": null, "village": "Garapo", "village_category": "Rural", "village_code": "14069967101" }, "geometry": { "type": "Point", "coordinates": [ 74.9868717, 36.1753343 ] } },
{ "type": "Feature", "properties": { "id": 1870, "state": "Ladakh", "state_code": null, "district": "LEH", "district_code": 3.0, "sub_district": null, "sub_district_code": null, "sub_district_type": null, "village": "Tarkiching Das", "village_category": "Rural", "village_code": "14069967102" }, "geometry": { "type": "Point", "coordinates": [ 74.9531944, 36.1939104 ] } },
{ "type": "Feature", "properties": { "id": 1871, "state": "Ladakh", "state_code": null, "district": "LEH", "district_code": 3.0, "sub_district": null, "sub_district_code": null, "sub_district_type": null, "village": "Kooti", "village_category": "Rural", "village_code": "14069981731" }, "geometry": { "type": "Point", "coordinates": [ 74.4176002, 35.9734126 ] } },
{ "type": "Feature", "properties": { "id": 1872, "state": "Ladakh", "state_code": null, "district": "LEH", "district_code": 3.0, "sub_district": null, "sub_district_code": null, "sub_district_type": null, "village": "Barit", "village_category": "Rural", "village_code": "14069981732" }, "geometry": { "type": "Point", "coordinates": [ 74.4244727, 36.008865 ] } },
{ "type": "Feature", "properties": { "id": 1873, "state": "Ladakh", "state_code": null, "district": "LEH", "district_code": 3.0, "sub_district": null, "sub_district_code": null, "sub_district_type": null, "village": "Baktor", "village_category": "Rural", "village_code": "14069996833" }, "geometry": { "type": "Point", "coordinates": [ 74.5813741, 35.8698034 ] } },
{ "type": "Feature", "properties": { "id": 1874, "state": "Ladakh", "state_code": null, "district": "LEH", "district_code": 3.0, "sub_district": null, "sub_district_code": null, "sub_district_type": null, "village": "Jugot", "village_category": "Rural", "village_code": "14069997508" }, "geometry": { "type": "Point", "coordinates": [ 74.5408945, 35.7743833 ] } },
{ "type": "Feature", "properties": { "id": 1875, "state": "Ladakh", "state_code": null, "district": "LEH", "district_code": 3.0, "sub_district": null, "sub_district_code": null, "sub_district_type": null, "village": "Barit", "village_category": "Rural", "village_code": "14070094746" }, "geometry": { "type": "Point", "coordinates": [ 74.3398081, 36.1700944 ] } },
{ "type": "Feature", "properties": { "id": 1876, "state": "Ladakh", "state_code": null, "district": "LEH", "district_code": 3.0, "sub_district": null, "sub_district_code": null, "sub_district_type": null, "village": "Narbuchung", "village_category": "Rural", "village_code": "14088367983" }, "geometry": { "type": "Point", "coordinates": [ 75.8012841, 35.3523874 ] } },
{ "type": "Feature", "properties": { "id": 1877, "state": "Ladakh", "state_code": null, "district": "LEH", "district_code": 3.0, "sub_district": null, "sub_district_code": null, "sub_district_type": null, "village": "Bunpa", "village_category": "Rural", "village_code": "14088398630" }, "geometry": { "type": "Point", "coordinates": [ 75.8413757, 35.3373446 ] } },
{ "type": "Feature", "properties": { "id": 1878, "state": "Ladakh", "state_code": null, "district": "LEH", "district_code": 3.0, "sub_district": null, "sub_district_code": null, "sub_district_type": null, "village": "Gone", "village_category": "Rural", "village_code": "14088398631" }, "geometry": { "type": "Point", "coordinates": [ 75.8589644, 35.3140097 ] } },
{ "type": "Feature", "properties": { "id": 1879, "state": "Ladakh", "state_code": null, "district": "LEH", "district_code": 3.0, "sub_district": null, "sub_district_code": null, "sub_district_type": null, "village": "Unnamed Hamlet", "village_category": "Rural", "village_code": "14093175231" }, "geometry": { "type": "Point", "coordinates": [ 75.1370295, 35.0329935 ] } },
{ "type": "Feature", "properties": { "id": 1880, "state": "Ladakh", "state_code": null, "district": "LEH", "district_code": 3.0, "sub_district": null, "sub_district_code": null, "sub_district_type": null, "village": "Unnamed Hamlet", "village_category": "Rural", "village_code": "14093175240" }, "geometry": { "type": "Point", "coordinates": [ 75.1279031, 35.0339138 ] } },
{ "type": "Feature", "properties": { "id": 1881, "state": "Ladakh", "state_code": null, "district": "LEH", "district_code": 3.0, "sub_district": null, "sub_district_code": null, "sub_district_type": null, "village": "Unnamed Hamlet", "village_category": "Rural", "village_code": "14093175241" }, "geometry": { "type": "Point", "coordinates": [ 75.1229204, 35.0355716 ] } },
{ "type": "Feature", "properties": { "id": 1882, "state": "Ladakh", "state_code": null, "district": "LEH", "district_code": 3.0, "sub_district": null, "sub_district_code": null, "sub_district_type": null, "village": "Unnamed Hamlet", "village_category": "Rural", "village_code": "14093175242" }, "geometry": { "type": "Point", "coordinates": [ 75.1116248, 35.0358865 ] } },
{ "type": "Feature", "properties": { "id": 1883, "state": "Ladakh", "state_code": null, "district": "LEH", "district_code": 3.0, "sub_district": null, "sub_district_code": null, "sub_district_type": null, "village": "Rondu", "village_category": "Rural", "village_code": "14104826487" }, "geometry": { "type": "Point", "coordinates": [ 75.2055771, 35.5894694 ] } },
{ "type": "Feature", "properties": { "id": 1884, "state": "Ladakh", "state_code": null, "district": "LEH", "district_code": 3.0, "sub_district": null, "sub_district_code": null, "sub_district_type": null, "village": "Malding", "village_category": "Rural", "village_code": "14104826488" }, "geometry": { "type": "Point", "coordinates": [ 75.2400702, 35.5920245 ] } },
{ "type": "Feature", "properties": { "id": 1885, "state": "Ladakh", "state_code": null, "district": "LEH", "district_code": 3.0, "sub_district": null, "sub_district_code": null, "sub_district_type": null, "village": "Skoyo", "village_category": "Rural", "village_code": "14104826489" }, "geometry": { "type": "Point", "coordinates": [ 75.2542875, 35.5830491 ] } },
{ "type": "Feature", "properties": { "id": 1886, "state": "Ladakh", "state_code": null, "district": "LEH", "district_code": 3.0, "sub_district": null, "sub_district_code": null, "sub_district_type": null, "village": "Pakora", "village_category": "Rural", "village_code": "14104839835" }, "geometry": { "type": "Point", "coordinates": [ 75.3252472, 35.6859678 ] } },
{ "type": "Feature", "properties": { "id": 1887, "state": "Ladakh", "state_code": null, "district": "LEH", "district_code": 3.0, "sub_district": null, "sub_district_code": null, "sub_district_type": null, "village": "Shigarthang", "village_category": "Rural", "village_code": "14104840194" }, "geometry": { "type": "Point", "coordinates": [ 75.342081, 35.3303664 ] } }
]
}
