{
"type": "FeatureCollection",
"name": "manipur_habitations",
"crs": { "type": "name", "properties": { "name": "urn:ogc:def:crs:OGC:1.3:CRS84" } },
"features": [
{ "type": "Feature", "properties": { "id": 1, "state": "Manipur", "state_code": null, "district": "CHURACHANDPUR", "district_code": 274.0, "sub_district": null, "sub_district_code": null, "sub_district_type": null, "village": "Behiang", "village_category": "Rural", "village_code": "245718595" }, "geometry": { "type": "Point", "coordinates": [ 93.553227, 23.9893196 ] } },
{ "type": "Feature", "properties": { "id": 2, "state": "Manipur", "state_code": null, "district": "PHERZAWL", "district_code": 718.0, "sub_district": null, "sub_district_code": null, "sub_district_type": null, "village": "Thanlon", "village_category": "Rural", "village_code": "245720795" }, "geometry": { "type": "Point", "coordinates": [ 93.2832301, 24.2682051 ] } },
{ "type": "Feature", "properties": { "id": 3, "state": "Manipur", "state_code": null, "district": "PHERZAWL", "district_code": 718.0, "sub_district": null, "sub_district_code": null, "sub_district_type": null, "village": "Tinsong", "village_category": "Rural", "village_code": "245721490" }, "geometry": { "type": "Point", "coordinates": [ 93.1968797, 24.2897838 ] } },
{ "type": "Feature", "properties": { "id": 4, "state": "Manipur", "state_code": null, "district": "KAKCHING", "district_code": 651.0, "sub_district": null, "sub_district_code": null, "sub_district_type": null, "village": "Palel", "village_category": "Urban", "village_code": "245722860" }, "geometry": { "type": "Point", "coordinates": [ 94.0262982, 24.450839 ] } },
{ "type": "Feature", "properties": { "id": 5, "state": "Manipur", "state_code": null, "district": "PHERZAWL", "district_code": 718.0, "sub_district": null, "sub_district_code": null, "sub_district_type": null, "village": "Songsang", "village_category": "Rural", "village_code": "245723348" }, "geometry": { "type": "Point", "coordinates": [ 93.3091465, 24.4851016 ] } },
{ "type": "Feature", "properties": { "id": 6, "state": "Manipur", "state_code": null, "district": "THOUBAL", "district_code": 276.0, "sub_district": null, "sub_district_code": null, "sub_district_type": null, "village": "Thoubal", "village_category": "Urban", "village_code": "245724699" }, "geometry": { "type": "Point", "coordinates": [ 93.996871, 24.6386954 ] } },
{ "type": "Feature", "properties": { "id": 7, "state": "Manipur", "state_code": null, "district": "BISHNUPUR", "district_code": 275.0, "sub_district": null, "sub_district_code": null, "sub_district_type": null, "village": "Bishnupur", "village_category": "Urban", "village_code": "245724723" }, "geometry": { "type": "Point", "coordinates": [ 93.7600454, 24.6267287 ] } },
{ "type": "Feature", "properties": { "id": 8, "state": "Manipur", "state_code": null, "district": "NONEY", "district_code": 659.0, "sub_district": null, "sub_district_code": null, "sub_district_type": null, "village": "Nungba", "village_category": "Rural", "village_code": "245725127" }, "geometry": { "type": "Point", "coordinates": [ 93.4175039, 24.7435152 ] } },
{ "type": "Feature", "properties": { "id": 9, "state": "Manipur", "state_code": null, "district": "KAMJANG", "district_code": 670.0, "sub_district": null, "sub_district_code": null, "sub_district_type": null, "village": "Meiti", "village_category": "Rural", "village_code": "245725129" }, "geometry": { "type": "Point", "coordinates": [ 94.4822501, 24.6999755 ] } },
{ "type": "Feature", "properties": { "id": 10, "state": "Manipur", "state_code": null, "district": "THOUBAL", "district_code": 276.0, "sub_district": null, "sub_district_code": null, "sub_district_type": null, "village": "Yairepok", "village_category": "Rural", "village_code": "245725541" }, "geometry": { "type": "Point", "coordinates": [ 94.0470309, 24.6770568 ] } },
{ "type": "Feature", "properties": { "id": 11, "state": "Manipur", "state_code": null, "district": "TAMENGLONG", "district_code": 273.0, "sub_district": null, "sub_district_code": null, "sub_district_type": null, "village": "Oinamlong", "village_category": "Rural", "village_code": "245725745" }, "geometry": { "type": "Point", "coordinates": [ 93.2689248, 24.7421578 ] } },
{ "type": "Feature", "properties": { "id": 12, "state": "Manipur", "state_code": null, "district": "KAMJANG", "district_code": 670.0, "sub_district": null, "sub_district_code": null, "sub_district_type": null, "village": "Kamjong", "village_category": "Urban", "village_code": "245727220" }, "geometry": { "type": "Point", "coordinates": [ 94.5119827, 24.8559107 ] } },
{ "type": "Feature", "properties": { "id": 13, "state": "Manipur", "state_code": null, "district": "TAMENGLONG", "district_code": 273.0, "sub_district": null, "sub_district_code": null, "sub_district_type": null, "village": "Khebuching", "village_category": "Rural", "village_code": "245728037" }, "geometry": { "type": "Point", "coordinates": [ 93.542221, 24.9227185 ] } },
{ "type": "Feature", "properties": { "id": 14, "state": "Manipur", "state_code": null, "district": "SENAPATI", "district_code": 272.0, "sub_district": null, "sub_district_code": null, "sub_district_type": null, "village": "Karong", "village_category": "Rural", "village_code": "245731190" }, "geometry": { "type": "Point", "coordinates": [ 94.0451365, 25.3032632 ] } },
{ "type": "Feature", "properties": { "id": 15, "state": "Manipur", "state_code": null, "district": "UKHRUL", "district_code": 279.0, "sub_district": null, "sub_district_code": null, "sub_district_type": null, "village": "Chingai", "village_category": "Rural", "village_code": "245731955" }, "geometry": { "type": "Point", "coordinates": [ 94.4983523, 25.316892 ] } },
{ "type": "Feature", "properties": { "id": 16, "state": "Manipur", "state_code": null, "district": "UKHRUL", "district_code": 279.0, "sub_district": null, "sub_district_code": null, "sub_district_type": null, "village": "Chingjaroi Khullen", "village_category": "Rural", "village_code": "245733226" }, "geometry": { "type": "Point", "coordinates": [ 94.4184762, 25.4015367 ] } },
{ "type": "Feature", "properties": { "id": 17, "state": "Manipur", "state_code": null, "district": "UKHRUL", "district_code": 279.0, "sub_district": null, "sub_district_code": null, "sub_district_type": null, "village": "Kharasom", "village_category": "Rural", "village_code": "245734443" }, "geometry": { "type": "Point", "coordinates": [ 94.4665553, 25.4537229 ] } },
{ "type": "Feature", "properties": { "id": 18, "state": "Manipur", "state_code": null, "district": "SENAPATI", "district_code": 272.0, "sub_district": null, "sub_district_code": null, "sub_district_type": null, "village": "Chingmai Khullen", "village_category": "Rural", "village_code": "245734491" }, "geometry": { "type": "Point", "coordinates": [ 94.3716175, 25.4687004 ] } },
{ "type": "Feature", "properties": { "id": 19, "state": "Manipur", "state_code": null, "district": "KAKCHING", "district_code": 651.0, "sub_district": null, "sub_district_code": null, "sub_district_type": null, "village": "Kakching", "village_category": "Urban", "village_code": "259186488" }, "geometry": { "type": "Point", "coordinates": [ 93.9835543, 24.4974827 ] } },
{ "type": "Feature", "properties": { "id": 20, "state": "Manipur", "state_code": null, "district": "IMPHAL WEST", "district_code": 277.0, "sub_district": null, "sub_district_code": null, "sub_district_type": null, "village": "Kanglatongbi", "village_category": "Rural", "village_code": "569067297" }, "geometry": { "type": "Point", "coordinates": [ 93.8884306, 24.976683 ] } },
{ "type": "Feature", "properties": { "id": 21, "state": "Manipur", "state_code": null, "district": "SENAPATI", "district_code": 272.0, "sub_district": null, "sub_district_code": null, "sub_district_type": null, "village": "Tadubi", "village_category": "Rural", "village_code": "569068454" }, "geometry": { "type": "Point", "coordinates": [ 94.138926, 25.480713 ] } },
{ "type": "Feature", "properties": { "id": 22, "state": "Manipur", "state_code": null, "district": "KAMJANG", "district_code": 670.0, "sub_district": null, "sub_district_code": null, "sub_district_type": null, "village": "Unnamed Hamlet", "village_category": "Rural", "village_code": "582031637" }, "geometry": { "type": "Point", "coordinates": [ 94.1248098, 24.6187753 ] } },
{ "type": "Feature", "properties": { "id": 23, "state": "Manipur", "state_code": null, "district": "THOUBAL", "district_code": 276.0, "sub_district": null, "sub_district_code": null, "sub_district_type": null, "village": "Unnamed Hamlet", "village_category": "Rural", "village_code": "582031637" }, "geometry": { "type": "Point", "coordinates": [ 94.1248098, 24.6187753 ] } },
{ "type": "Feature", "properties": { "id": 24, "state": "Manipur", "state_code": null, "district": "SENAPATI", "district_code": 272.0, "sub_district": null, "sub_district_code": null, "sub_district_type": null, "village": "Senapati", "village_category": "Urban", "village_code": "830297611" }, "geometry": { "type": "Point", "coordinates": [ 94.0267486, 25.2726634 ] } },
{ "type": "Feature", "properties": { "id": 25, "state": "Manipur", "state_code": null, "district": "JIRIBAM", "district_code": 658.0, "sub_district": null, "sub_district_code": null, "sub_district_type": null, "village": "Jiribam", "village_category": "Urban", "village_code": "1420699824" }, "geometry": { "type": "Point", "coordinates": [ 93.1137269, 24.8098254 ] } },
{ "type": "Feature", "properties": { "id": 26, "state": "Manipur", "state_code": null, "district": "SENAPATI", "district_code": 272.0, "sub_district": null, "sub_district_code": null, "sub_district_type": null, "village": "Paomata", "village_category": "Rural", "village_code": "1848134138" }, "geometry": { "type": "Point", "coordinates": [ 94.206367, 25.476723 ] } },
{ "type": "Feature", "properties": { "id": 27, "state": "Manipur", "state_code": null, "district": "UKHRUL", "district_code": 279.0, "sub_district": null, "sub_district_code": null, "sub_district_type": null, "village": "Tolloi", "village_category": "Rural", "village_code": "1848134156" }, "geometry": { "type": "Point", "coordinates": [ 94.3252128, 25.1909958 ] } },
{ "type": "Feature", "properties": { "id": 28, "state": "Manipur", "state_code": null, "district": "NONEY", "district_code": 659.0, "sub_district": null, "sub_district_code": null, "sub_district_type": null, "village": "Tupul", "village_category": "Rural", "village_code": "1985336562" }, "geometry": { "type": "Point", "coordinates": [ 93.6631495, 24.7822241 ] } },
{ "type": "Feature", "properties": { "id": 29, "state": "Manipur", "state_code": null, "district": "PHERZAWL", "district_code": 718.0, "sub_district": null, "sub_district_code": null, "sub_district_type": null, "village": "Phaipheng", "village_category": "Rural", "village_code": "2084596662" }, "geometry": { "type": "Point", "coordinates": [ 93.4577455, 24.3408423 ] } },
{ "type": "Feature", "properties": { "id": 30, "state": "Manipur", "state_code": null, "district": "PHERZAWL", "district_code": 718.0, "sub_district": null, "sub_district_code": null, "sub_district_type": null, "village": "Unnamed Village", "village_category": "Rural", "village_code": "2084596747" }, "geometry": { "type": "Point", "coordinates": [ 93.2865134, 24.1175624 ] } },
{ "type": "Feature", "properties": { "id": 31, "state": "Manipur", "state_code": null, "district": "PHERZAWL", "district_code": 718.0, "sub_district": null, "sub_district_code": null, "sub_district_type": null, "village": "Unnamed Village", "village_category": "Rural", "village_code": "2084596808" }, "geometry": { "type": "Point", "coordinates": [ 93.3003852, 24.1683205 ] } },
{ "type": "Feature", "properties": { "id": 32, "state": "Manipur", "state_code": null, "district": "CHURACHANDPUR", "district_code": 274.0, "sub_district": null, "sub_district_code": null, "sub_district_type": null, "village": "Henglep", "village_category": "Rural", "village_code": "2084597175" }, "geometry": { "type": "Point", "coordinates": [ 93.5233461, 24.4832559 ] } },
{ "type": "Feature", "properties": { "id": 33, "state": "Manipur", "state_code": null, "district": "PHERZAWL", "district_code": 718.0, "sub_district": null, "sub_district_code": null, "sub_district_type": null, "village": "Ankhasuo", "village_category": "Rural", "village_code": "2084597260" }, "geometry": { "type": "Point", "coordinates": [ 93.0820241, 24.5691322 ] } },
{ "type": "Feature", "properties": { "id": 34, "state": "Manipur", "state_code": null, "district": "JIRIBAM", "district_code": 658.0, "sub_district": null, "sub_district_code": null, "sub_district_type": null, "village": "Unnamed Village", "village_category": "Rural", "village_code": "2084597270" }, "geometry": { "type": "Point", "coordinates": [ 93.0964825, 24.5954308 ] } },
{ "type": "Feature", "properties": { "id": 35, "state": "Manipur", "state_code": null, "district": "JIRIBAM", "district_code": 658.0, "sub_district": null, "sub_district_code": null, "sub_district_type": null, "village": "Chotobekra", "village_category": "Rural", "village_code": "2084597302" }, "geometry": { "type": "Point", "coordinates": [ 93.1044745, 24.6807231 ] } },
{ "type": "Feature", "properties": { "id": 36, "state": "Manipur", "state_code": null, "district": "TAMENGLONG", "district_code": 273.0, "sub_district": null, "sub_district_code": null, "sub_district_type": null, "village": "Kātang", "village_category": "Rural", "village_code": "2084662992" }, "geometry": { "type": "Point", "coordinates": [ 93.5636055, 25.1876061 ] } },
{ "type": "Feature", "properties": { "id": 37, "state": "Manipur", "state_code": null, "district": "NONEY", "district_code": 659.0, "sub_district": null, "sub_district_code": null, "sub_district_type": null, "village": "Khoupum", "village_category": "Rural", "village_code": "2084662993" }, "geometry": { "type": "Point", "coordinates": [ 93.4779304, 24.6823498 ] } },
{ "type": "Feature", "properties": { "id": 38, "state": "Manipur", "state_code": null, "district": "KANGPOKPI", "district_code": 679.0, "sub_district": null, "sub_district_code": null, "sub_district_type": null, "village": "Sopleng", "village_category": "Rural", "village_code": "2084662995" }, "geometry": { "type": "Point", "coordinates": [ 94.0915592, 24.8414334 ] } },
{ "type": "Feature", "properties": { "id": 39, "state": "Manipur", "state_code": null, "district": "KANGPOKPI", "district_code": 679.0, "sub_district": null, "sub_district_code": null, "sub_district_type": null, "village": "Saikul", "village_category": "Urban", "village_code": "2084662997" }, "geometry": { "type": "Point", "coordinates": [ 94.0288671, 25.0595866 ] } },
{ "type": "Feature", "properties": { "id": 40, "state": "Manipur", "state_code": null, "district": "CHANDEL", "district_code": 280.0, "sub_district": null, "sub_district_code": null, "sub_district_type": null, "village": "Unnamed Village", "village_category": "Rural", "village_code": "2084663050" }, "geometry": { "type": "Point", "coordinates": [ 94.0917605, 24.1442056 ] } },
{ "type": "Feature", "properties": { "id": 41, "state": "Manipur", "state_code": null, "district": "IMPHAL EAST", "district_code": 278.0, "sub_district": null, "sub_district_code": null, "sub_district_type": null, "village": "Unnamed Village", "village_category": "Rural", "village_code": "2084663135" }, "geometry": { "type": "Point", "coordinates": [ 94.0046239, 24.804344 ] } },
{ "type": "Feature", "properties": { "id": 42, "state": "Manipur", "state_code": null, "district": "SENAPATI", "district_code": 272.0, "sub_district": null, "sub_district_code": null, "sub_district_type": null, "village": "Unnamed Village", "village_category": "Rural", "village_code": "2084899538" }, "geometry": { "type": "Point", "coordinates": [ 94.0839938, 25.4257208 ] } },
{ "type": "Feature", "properties": { "id": 43, "state": "Manipur", "state_code": null, "district": "SENAPATI", "district_code": 272.0, "sub_district": null, "sub_district_code": null, "sub_district_type": null, "village": "Unnamed Village", "village_category": "Rural", "village_code": "2084899585" }, "geometry": { "type": "Point", "coordinates": [ 94.1173016, 25.4505602 ] } },
{ "type": "Feature", "properties": { "id": 44, "state": "Manipur", "state_code": null, "district": "SENAPATI", "district_code": 272.0, "sub_district": null, "sub_district_code": null, "sub_district_type": null, "village": "Unnamed Village", "village_category": "Rural", "village_code": "2084899623" }, "geometry": { "type": "Point", "coordinates": [ 94.1097566, 25.4635507 ] } },
{ "type": "Feature", "properties": { "id": 45, "state": "Manipur", "state_code": null, "district": "SENAPATI", "district_code": 272.0, "sub_district": null, "sub_district_code": null, "sub_district_type": null, "village": "Unnamed Village", "village_category": "Rural", "village_code": "2084899639" }, "geometry": { "type": "Point", "coordinates": [ 94.099714, 25.4715839 ] } },
{ "type": "Feature", "properties": { "id": 46, "state": "Manipur", "state_code": null, "district": "PHERZAWL", "district_code": 718.0, "sub_district": null, "sub_district_code": null, "sub_district_type": null, "village": "Parbung", "village_category": "Rural", "village_code": "2455512182" }, "geometry": { "type": "Point", "coordinates": [ 93.1072858, 24.2473367 ] } },
{ "type": "Feature", "properties": { "id": 47, "state": "Manipur", "state_code": null, "district": "PHERZAWL", "district_code": 718.0, "sub_district": null, "sub_district_code": null, "sub_district_type": null, "village": "Unnamed Village", "village_category": "Rural", "village_code": "2455513782" }, "geometry": { "type": "Point", "coordinates": [ 93.0853062, 24.2161447 ] } },
{ "type": "Feature", "properties": { "id": 48, "state": "Manipur", "state_code": null, "district": "PHERZAWL", "district_code": 718.0, "sub_district": null, "sub_district_code": null, "sub_district_type": null, "village": "Sipuikawn", "village_category": "Rural", "village_code": "2455514195" }, "geometry": { "type": "Point", "coordinates": [ 93.0363545, 24.2143939 ] } },
{ "type": "Feature", "properties": { "id": 49, "state": "Manipur", "state_code": null, "district": "PHERZAWL", "district_code": 718.0, "sub_district": null, "sub_district_code": null, "sub_district_type": null, "village": "Taithu", "village_category": "Rural", "village_code": "2455548703" }, "geometry": { "type": "Point", "coordinates": [ 93.1268062, 24.301219 ] } },
{ "type": "Feature", "properties": { "id": 50, "state": "Manipur", "state_code": null, "district": "PHERZAWL", "district_code": 718.0, "sub_district": null, "sub_district_code": null, "sub_district_type": null, "village": "Unnamed Village", "village_category": "Rural", "village_code": "2455611096" }, "geometry": { "type": "Point", "coordinates": [ 93.2363256, 24.1997794 ] } },
{ "type": "Feature", "properties": { "id": 51, "state": "Manipur", "state_code": null, "district": "PHERZAWL", "district_code": 718.0, "sub_district": null, "sub_district_code": null, "sub_district_type": null, "village": "Joutung", "village_category": "Rural", "village_code": "2455611807" }, "geometry": { "type": "Point", "coordinates": [ 93.2792364, 24.2059474 ] } },
{ "type": "Feature", "properties": { "id": 52, "state": "Manipur", "state_code": null, "district": "PHERZAWL", "district_code": 718.0, "sub_district": null, "sub_district_code": null, "sub_district_type": null, "village": "Bukpi", "village_category": "Rural", "village_code": "2455612532" }, "geometry": { "type": "Point", "coordinates": [ 93.2390392, 24.211859 ] } },
{ "type": "Feature", "properties": { "id": 53, "state": "Manipur", "state_code": null, "district": "PHERZAWL", "district_code": 718.0, "sub_district": null, "sub_district_code": null, "sub_district_type": null, "village": "Pherzawl", "village_category": "Rural", "village_code": "2455616138" }, "geometry": { "type": "Point", "coordinates": [ 93.1906004, 24.2595653 ] } },
{ "type": "Feature", "properties": { "id": 54, "state": "Manipur", "state_code": null, "district": "PHERZAWL", "district_code": 718.0, "sub_district": null, "sub_district_code": null, "sub_district_type": null, "village": "Suangpekmun", "village_category": "Rural", "village_code": "2455649857" }, "geometry": { "type": "Point", "coordinates": [ 93.2933777, 24.3190404 ] } },
{ "type": "Feature", "properties": { "id": 55, "state": "Manipur", "state_code": null, "district": "PHERZAWL", "district_code": 718.0, "sub_district": null, "sub_district_code": null, "sub_district_type": null, "village": "Bungjang", "village_category": "Rural", "village_code": "2455675390" }, "geometry": { "type": "Point", "coordinates": [ 93.3289808, 24.3459693 ] } },
{ "type": "Feature", "properties": { "id": 56, "state": "Manipur", "state_code": null, "district": "CHURACHANDPUR", "district_code": 274.0, "sub_district": null, "sub_district_code": null, "sub_district_type": null, "village": "Unnamed Village", "village_category": "Rural", "village_code": "2455703754" }, "geometry": { "type": "Point", "coordinates": [ 93.6248039, 24.3321694 ] } },
{ "type": "Feature", "properties": { "id": 57, "state": "Manipur", "state_code": null, "district": "CHURACHANDPUR", "district_code": 274.0, "sub_district": null, "sub_district_code": null, "sub_district_type": null, "village": "Mata Lambulane", "village_category": "Rural", "village_code": "2455704258" }, "geometry": { "type": "Point", "coordinates": [ 93.6456806, 24.335652 ] } },
{ "type": "Feature", "properties": { "id": 58, "state": "Manipur", "state_code": null, "district": "CHURACHANDPUR", "district_code": 274.0, "sub_district": null, "sub_district_code": null, "sub_district_type": null, "village": "Unnamed Hamlet", "village_category": "Rural", "village_code": "2455704478" }, "geometry": { "type": "Point", "coordinates": [ 93.6407135, 24.3384056 ] } },
{ "type": "Feature", "properties": { "id": 59, "state": "Manipur", "state_code": null, "district": "CHURACHANDPUR", "district_code": 274.0, "sub_district": null, "sub_district_code": null, "sub_district_type": null, "village": "Unnamed Village", "village_category": "Rural", "village_code": "2455704914" }, "geometry": { "type": "Point", "coordinates": [ 93.608581, 24.3442249 ] } },
{ "type": "Feature", "properties": { "id": 60, "state": "Manipur", "state_code": null, "district": "CHURACHANDPUR", "district_code": 274.0, "sub_district": null, "sub_district_code": null, "sub_district_type": null, "village": "Unnamed Village", "village_category": "Rural", "village_code": "2455705255" }, "geometry": { "type": "Point", "coordinates": [ 93.5669924, 24.3479247 ] } },
{ "type": "Feature", "properties": { "id": 61, "state": "Manipur", "state_code": null, "district": "TENGNOUPAL", "district_code": 667.0, "sub_district": null, "sub_district_code": null, "sub_district_type": null, "village": "Khongkhang", "village_category": "Rural", "village_code": "2458560284" }, "geometry": { "type": "Point", "coordinates": [ 94.1925765, 24.3567334 ] } },
{ "type": "Feature", "properties": { "id": 62, "state": "Manipur", "state_code": null, "district": "TENGNOUPAL", "district_code": 667.0, "sub_district": null, "sub_district_code": null, "sub_district_type": null, "village": "Unnamed Village", "village_category": "Rural", "village_code": "2458561092" }, "geometry": { "type": "Point", "coordinates": [ 94.2541963, 24.3035053 ] } },
{ "type": "Feature", "properties": { "id": 63, "state": "Manipur", "state_code": null, "district": "TENGNOUPAL", "district_code": 667.0, "sub_district": null, "sub_district_code": null, "sub_district_type": null, "village": "Unnamed Village", "village_category": "Rural", "village_code": "2458565511" }, "geometry": { "type": "Point", "coordinates": [ 94.1036708, 24.4036327 ] } },
{ "type": "Feature", "properties": { "id": 64, "state": "Manipur", "state_code": null, "district": "CHANDEL", "district_code": 280.0, "sub_district": null, "sub_district_code": null, "sub_district_type": null, "village": "Unnamed Village", "village_category": "Rural", "village_code": "2458565602" }, "geometry": { "type": "Point", "coordinates": [ 94.0582464, 24.4115125 ] } },
{ "type": "Feature", "properties": { "id": 65, "state": "Manipur", "state_code": null, "district": "TENGNOUPAL", "district_code": 667.0, "sub_district": null, "sub_district_code": null, "sub_district_type": null, "village": "Tengnoupal", "village_category": "Rural", "village_code": "2458565985" }, "geometry": { "type": "Point", "coordinates": [ 94.1472634, 24.3847802 ] } },
{ "type": "Feature", "properties": { "id": 66, "state": "Manipur", "state_code": null, "district": "UKHRUL", "district_code": 279.0, "sub_district": null, "sub_district_code": null, "sub_district_type": null, "village": "Shangkai", "village_category": "Rural", "village_code": "2459028835" }, "geometry": { "type": "Point", "coordinates": [ 94.1699712, 24.9441324 ] } },
{ "type": "Feature", "properties": { "id": 67, "state": "Manipur", "state_code": null, "district": "KAMJANG", "district_code": 670.0, "sub_district": null, "sub_district_code": null, "sub_district_type": null, "village": "Litan Sareikhong", "village_category": "Rural", "village_code": "2459028966" }, "geometry": { "type": "Point", "coordinates": [ 94.2034664, 24.9510632 ] } },
{ "type": "Feature", "properties": { "id": 68, "state": "Manipur", "state_code": null, "district": "UKHRUL", "district_code": 279.0, "sub_district": null, "sub_district_code": null, "sub_district_type": null, "village": "T. M. Kasom", "village_category": "Rural", "village_code": "2459029260" }, "geometry": { "type": "Point", "coordinates": [ 94.2233731, 24.9637432 ] } },
{ "type": "Feature", "properties": { "id": 69, "state": "Manipur", "state_code": null, "district": "UKHRUL", "district_code": 279.0, "sub_district": null, "sub_district_code": null, "sub_district_type": null, "village": "Chepu Yaolen", "village_category": "Rural", "village_code": "2459029360" }, "geometry": { "type": "Point", "coordinates": [ 94.2228199, 24.9745478 ] } },
{ "type": "Feature", "properties": { "id": 70, "state": "Manipur", "state_code": null, "district": "UKHRUL", "district_code": 279.0, "sub_district": null, "sub_district_code": null, "sub_district_type": null, "village": "Shokvao", "village_category": "Rural", "village_code": "2459029884" }, "geometry": { "type": "Point", "coordinates": [ 94.2608936, 24.9977672 ] } },
{ "type": "Feature", "properties": { "id": 71, "state": "Manipur", "state_code": null, "district": "UKHRUL", "district_code": 279.0, "sub_district": null, "sub_district_code": null, "sub_district_type": null, "village": "Hungpung", "village_category": "Urban", "village_code": "2459047665" }, "geometry": { "type": "Point", "coordinates": [ 94.3456319, 25.0629102 ] } },
{ "type": "Feature", "properties": { "id": 72, "state": "Manipur", "state_code": null, "district": "UKHRUL", "district_code": 279.0, "sub_district": null, "sub_district_code": null, "sub_district_type": null, "village": "Shiroy", "village_category": "Rural", "village_code": "2459081243" }, "geometry": { "type": "Point", "coordinates": [ 94.4192473, 25.1298844 ] } },
{ "type": "Feature", "properties": { "id": 73, "state": "Manipur", "state_code": null, "district": "UKHRUL", "district_code": 279.0, "sub_district": null, "sub_district_code": null, "sub_district_type": null, "village": "Lunghar", "village_category": "Rural", "village_code": "2459082183" }, "geometry": { "type": "Point", "coordinates": [ 94.4373757, 25.1701415 ] } },
{ "type": "Feature", "properties": { "id": 74, "state": "Manipur", "state_code": null, "district": "UKHRUL", "district_code": 279.0, "sub_district": null, "sub_district_code": null, "sub_district_type": null, "village": "Unnamed Town", "village_category": "Urban", "village_code": "2459082772" }, "geometry": { "type": "Point", "coordinates": [ 94.4495991, 25.2025591 ] } },
{ "type": "Feature", "properties": { "id": 75, "state": "Manipur", "state_code": null, "district": "UKHRUL", "district_code": 279.0, "sub_district": null, "sub_district_code": null, "sub_district_type": null, "village": "Unnamed Village", "village_category": "Rural", "village_code": "2459083094" }, "geometry": { "type": "Point", "coordinates": [ 94.4535799, 25.2406385 ] } },
{ "type": "Feature", "properties": { "id": 76, "state": "Manipur", "state_code": null, "district": "UKHRUL", "district_code": 279.0, "sub_district": null, "sub_district_code": null, "sub_district_type": null, "village": "Kalhang Khullen", "village_category": "Rural", "village_code": "2459083161" }, "geometry": { "type": "Point", "coordinates": [ 94.4559946, 25.2488928 ] } },
{ "type": "Feature", "properties": { "id": 77, "state": "Manipur", "state_code": null, "district": "UKHRUL", "district_code": 279.0, "sub_district": null, "sub_district_code": null, "sub_district_type": null, "village": "Unnamed Village", "village_category": "Rural", "village_code": "2459083663" }, "geometry": { "type": "Point", "coordinates": [ 94.4441961, 25.300908 ] } },
{ "type": "Feature", "properties": { "id": 78, "state": "Manipur", "state_code": null, "district": "UKHRUL", "district_code": 279.0, "sub_district": null, "sub_district_code": null, "sub_district_type": null, "village": "Unnamed Village", "village_category": "Rural", "village_code": "2459084007" }, "geometry": { "type": "Point", "coordinates": [ 94.4485004, 25.3546518 ] } },
{ "type": "Feature", "properties": { "id": 79, "state": "Manipur", "state_code": null, "district": "UKHRUL", "district_code": 279.0, "sub_district": null, "sub_district_code": null, "sub_district_type": null, "village": "Jessami", "village_category": "Urban", "village_code": "2459097897" }, "geometry": { "type": "Point", "coordinates": [ 94.5394336, 25.6169442 ] } },
{ "type": "Feature", "properties": { "id": 80, "state": "Manipur", "state_code": null, "district": "CHURACHANDPUR", "district_code": 274.0, "sub_district": null, "sub_district_code": null, "sub_district_type": null, "village": "Singngat", "village_category": "Urban", "village_code": "2501011503" }, "geometry": { "type": "Point", "coordinates": [ 93.5901636, 24.1460781 ] } },
{ "type": "Feature", "properties": { "id": 81, "state": "Manipur", "state_code": null, "district": "PHERZAWL", "district_code": 718.0, "sub_district": null, "sub_district_code": null, "sub_district_type": null, "village": "Songtal", "village_category": "Rural", "village_code": "2501023915" }, "geometry": { "type": "Point", "coordinates": [ 93.368967, 24.1650366 ] } },
{ "type": "Feature", "properties": { "id": 82, "state": "Manipur", "state_code": null, "district": "PHERZAWL", "district_code": 718.0, "sub_district": null, "sub_district_code": null, "sub_district_type": null, "village": "Sinzawl", "village_category": "Rural", "village_code": "2501060639" }, "geometry": { "type": "Point", "coordinates": [ 93.2985594, 24.0934198 ] } },
{ "type": "Feature", "properties": { "id": 83, "state": "Manipur", "state_code": null, "district": "UKHRUL", "district_code": 279.0, "sub_district": null, "sub_district_code": null, "sub_district_type": null, "village": "Paorei", "village_category": "Rural", "village_code": "2584650588" }, "geometry": { "type": "Point", "coordinates": [ 94.3979289, 25.2347515 ] } },
{ "type": "Feature", "properties": { "id": 84, "state": "Manipur", "state_code": null, "district": "UKHRUL", "district_code": 279.0, "sub_district": null, "sub_district_code": null, "sub_district_type": null, "village": "Phungcham", "village_category": "Rural", "village_code": "2584650589" }, "geometry": { "type": "Point", "coordinates": [ 94.3891562, 25.2120942 ] } },
{ "type": "Feature", "properties": { "id": 85, "state": "Manipur", "state_code": null, "district": "UKHRUL", "district_code": 279.0, "sub_district": null, "sub_district_code": null, "sub_district_type": null, "village": "Luirei Simphung", "village_category": "Rural", "village_code": "2584652059" }, "geometry": { "type": "Point", "coordinates": [ 94.43118, 25.2675741 ] } },
{ "type": "Feature", "properties": { "id": 86, "state": "Manipur", "state_code": null, "district": "CHANDEL", "district_code": 280.0, "sub_district": null, "sub_district_code": null, "sub_district_type": null, "village": "Chandel", "village_category": "Urban", "village_code": "2914322362" }, "geometry": { "type": "Point", "coordinates": [ 94.0011081, 24.3312009 ] } },
{ "type": "Feature", "properties": { "id": 87, "state": "Manipur", "state_code": null, "district": "CHURACHANDPUR", "district_code": 274.0, "sub_district": null, "sub_district_code": null, "sub_district_type": null, "village": "Unnamed Hamlet", "village_category": "Rural", "village_code": "3693467685" }, "geometry": { "type": "Point", "coordinates": [ 93.529833, 23.9764033 ] } },
{ "type": "Feature", "properties": { "id": 88, "state": "Manipur", "state_code": null, "district": "CHURACHANDPUR", "district_code": 274.0, "sub_district": null, "sub_district_code": null, "sub_district_type": null, "village": "Hiangtam V", "village_category": "Rural", "village_code": "3693467779" }, "geometry": { "type": "Point", "coordinates": [ 93.570649, 24.0312531 ] } },
{ "type": "Feature", "properties": { "id": 89, "state": "Manipur", "state_code": null, "district": "CHURACHANDPUR", "district_code": 274.0, "sub_district": null, "sub_district_code": null, "sub_district_type": null, "village": "Bualkot", "village_category": "Rural", "village_code": "3693467780" }, "geometry": { "type": "Point", "coordinates": [ 93.5737153, 24.0560051 ] } },
{ "type": "Feature", "properties": { "id": 90, "state": "Manipur", "state_code": null, "district": "CHURACHANDPUR", "district_code": 274.0, "sub_district": null, "sub_district_code": null, "sub_district_type": null, "village": "Unnamed Hamlet", "village_category": "Rural", "village_code": "3693467855" }, "geometry": { "type": "Point", "coordinates": [ 93.5576962, 24.0078817 ] } },
{ "type": "Feature", "properties": { "id": 91, "state": "Manipur", "state_code": null, "district": "BISHNUPUR", "district_code": 275.0, "sub_district": null, "sub_district_code": null, "sub_district_type": null, "village": "Moirang", "village_category": "Urban", "village_code": "3881502677" }, "geometry": { "type": "Point", "coordinates": [ 93.7767476, 24.5005506 ] } },
{ "type": "Feature", "properties": { "id": 92, "state": "Manipur", "state_code": null, "district": "KAMJANG", "district_code": 670.0, "sub_district": null, "sub_district_code": null, "sub_district_type": null, "village": "Nambashi Khullen", "village_category": "Rural", "village_code": "3888044072" }, "geometry": { "type": "Point", "coordinates": [ 94.3568399, 24.6010202 ] } },
{ "type": "Feature", "properties": { "id": 93, "state": "Manipur", "state_code": null, "district": "KAMJANG", "district_code": 670.0, "sub_district": null, "sub_district_code": null, "sub_district_type": null, "village": "Sorbung", "village_category": "Rural", "village_code": "3888171587" }, "geometry": { "type": "Point", "coordinates": [ 94.4043898, 24.6769066 ] } },
{ "type": "Feature", "properties": { "id": 94, "state": "Manipur", "state_code": null, "district": "IMPHAL EAST", "district_code": 278.0, "sub_district": null, "sub_district_code": null, "sub_district_type": null, "village": "Pangei", "village_category": "Rural", "village_code": "3889155120" }, "geometry": { "type": "Point", "coordinates": [ 93.9846836, 24.9101445 ] } },
{ "type": "Feature", "properties": { "id": 95, "state": "Manipur", "state_code": null, "district": "CHURACHANDPUR", "district_code": 274.0, "sub_district": null, "sub_district_code": null, "sub_district_type": null, "village": "Churachandpur", "village_category": "Urban", "village_code": "3911459976" }, "geometry": { "type": "Point", "coordinates": [ 93.6994143, 24.3468839 ] } },
{ "type": "Feature", "properties": { "id": 96, "state": "Manipur", "state_code": null, "district": "TAMENGLONG", "district_code": 273.0, "sub_district": null, "sub_district_code": null, "sub_district_type": null, "village": "Noney", "village_category": "Urban", "village_code": "3927938119" }, "geometry": { "type": "Point", "coordinates": [ 93.6236365, 24.8599146 ] } },
{ "type": "Feature", "properties": { "id": 97, "state": "Manipur", "state_code": null, "district": "TAMENGLONG", "district_code": 273.0, "sub_district": null, "sub_district_code": null, "sub_district_type": null, "village": "Tamei", "village_category": "Rural", "village_code": "3944715076" }, "geometry": { "type": "Point", "coordinates": [ 93.6799505, 25.1581604 ] } },
{ "type": "Feature", "properties": { "id": 98, "state": "Manipur", "state_code": null, "district": "SENAPATI", "district_code": 272.0, "sub_district": null, "sub_district_code": null, "sub_district_type": null, "village": "Unnamed Village", "village_category": "Rural", "village_code": "4242590380" }, "geometry": { "type": "Point", "coordinates": [ 94.2351707, 25.4840439 ] } },
{ "type": "Feature", "properties": { "id": 99, "state": "Manipur", "state_code": null, "district": "SENAPATI", "district_code": 272.0, "sub_district": null, "sub_district_code": null, "sub_district_type": null, "village": "Unnamed Town", "village_category": "Urban", "village_code": "4242599910" }, "geometry": { "type": "Point", "coordinates": [ 94.0981905, 25.4141105 ] } },
{ "type": "Feature", "properties": { "id": 100, "state": "Manipur", "state_code": null, "district": "TAMENGLONG", "district_code": 273.0, "sub_district": null, "sub_district_code": null, "sub_district_type": null, "village": "Tamenglong", "village_category": "Urban", "village_code": "4283849570" }, "geometry": { "type": "Point", "coordinates": [ 93.5039967, 24.9858596 ] } },
{ "type": "Feature", "properties": { "id": 101, "state": "Manipur", "state_code": null, "district": "KAKCHING", "district_code": 651.0, "sub_district": null, "sub_district_code": null, "sub_district_type": null, "village": "Wabagal", "village_category": "Rural", "village_code": "4404464487" }, "geometry": { "type": "Point", "coordinates": [ 93.9378587, 24.5304992 ] } },
{ "type": "Feature", "properties": { "id": 102, "state": "Manipur", "state_code": null, "district": "TENGNOUPAL", "district_code": 667.0, "sub_district": null, "sub_district_code": null, "sub_district_type": null, "village": "Moreh", "village_category": "Urban", "village_code": "5063642841" }, "geometry": { "type": "Point", "coordinates": [ 94.3028748, 24.2481189 ] } },
{ "type": "Feature", "properties": { "id": 103, "state": "Manipur", "state_code": null, "district": "CHANDEL", "district_code": 280.0, "sub_district": null, "sub_district_code": null, "sub_district_type": null, "village": "Chakpi Karong", "village_category": "Rural", "village_code": "5081002538" }, "geometry": { "type": "Point", "coordinates": [ 93.9041514, 24.2075021 ] } },
{ "type": "Feature", "properties": { "id": 104, "state": "Manipur", "state_code": null, "district": "TAMENGLONG", "district_code": 273.0, "sub_district": null, "sub_district_code": null, "sub_district_type": null, "village": "Tousem", "village_category": "Rural", "village_code": "5156615408" }, "geometry": { "type": "Point", "coordinates": [ 93.3725989, 25.1005231 ] } },
{ "type": "Feature", "properties": { "id": 105, "state": "Manipur", "state_code": null, "district": "KAKCHING", "district_code": 651.0, "sub_district": null, "sub_district_code": null, "sub_district_type": null, "village": "Kakching Khunou", "village_category": "Rural", "village_code": "5481995099" }, "geometry": { "type": "Point", "coordinates": [ 93.8971853, 24.4024483 ] } },
{ "type": "Feature", "properties": { "id": 106, "state": "Manipur", "state_code": null, "district": "PHERZAWL", "district_code": 718.0, "sub_district": null, "sub_district_code": null, "sub_district_type": null, "village": "Unnamed Village", "village_category": "Rural", "village_code": "5702255826" }, "geometry": { "type": "Point", "coordinates": [ 93.1504261, 24.1483592 ] } },
{ "type": "Feature", "properties": { "id": 107, "state": "Manipur", "state_code": null, "district": "KANGPOKPI", "district_code": 679.0, "sub_district": null, "sub_district_code": null, "sub_district_type": null, "village": "Kangpokpi", "village_category": "Urban", "village_code": "6197847416" }, "geometry": { "type": "Point", "coordinates": [ 93.9713691, 25.1527725 ] } },
{ "type": "Feature", "properties": { "id": 108, "state": "Manipur", "state_code": null, "district": "BISHNUPUR", "district_code": 275.0, "sub_district": null, "sub_district_code": null, "sub_district_type": null, "village": "Nambol", "village_category": "Rural", "village_code": "6199296686" }, "geometry": { "type": "Point", "coordinates": [ 93.83543, 24.7150244 ] } },
{ "type": "Feature", "properties": { "id": 109, "state": "Manipur", "state_code": null, "district": "THOUBAL", "district_code": 276.0, "sub_district": null, "sub_district_code": null, "sub_district_type": null, "village": "Wangjing", "village_category": "Rural", "village_code": "6199296687" }, "geometry": { "type": "Point", "coordinates": [ 94.0365743, 24.5983875 ] } },
{ "type": "Feature", "properties": { "id": 110, "state": "Manipur", "state_code": null, "district": "THOUBAL", "district_code": 276.0, "sub_district": null, "sub_district_code": null, "sub_district_type": null, "village": "Khangabok", "village_category": "Rural", "village_code": "6199296688" }, "geometry": { "type": "Point", "coordinates": [ 94.0163612, 24.6211149 ] } },
{ "type": "Feature", "properties": { "id": 111, "state": "Manipur", "state_code": null, "district": "IMPHAL WEST", "district_code": 277.0, "sub_district": null, "sub_district_code": null, "sub_district_type": null, "village": "Mayang Imphal", "village_category": "Rural", "village_code": "6201067221" }, "geometry": { "type": "Point", "coordinates": [ 93.8875401, 24.6108831 ] } },
{ "type": "Feature", "properties": { "id": 112, "state": "Manipur", "state_code": null, "district": "BISHNUPUR", "district_code": 275.0, "sub_district": null, "sub_district_code": null, "sub_district_type": null, "village": "Thanga", "village_category": "Rural", "village_code": "6201067247" }, "geometry": { "type": "Point", "coordinates": [ 93.8349849, 24.5343966 ] } },
{ "type": "Feature", "properties": { "id": 113, "state": "Manipur", "state_code": null, "district": "IMPHAL WEST", "district_code": 277.0, "sub_district": null, "sub_district_code": null, "sub_district_type": null, "village": "Sekmai Bazar", "village_category": "Rural", "village_code": "6229198926" }, "geometry": { "type": "Point", "coordinates": [ 93.8810116, 24.9461413 ] } },
{ "type": "Feature", "properties": { "id": 114, "state": "Manipur", "state_code": null, "district": "IMPHAL EAST", "district_code": 278.0, "sub_district": null, "sub_district_code": null, "sub_district_type": null, "village": "Mantripukhri", "village_category": "Rural", "village_code": "6229199172" }, "geometry": { "type": "Point", "coordinates": [ 93.9357018, 24.8503233 ] } },
{ "type": "Feature", "properties": { "id": 115, "state": "Manipur", "state_code": null, "district": "IMPHAL WEST", "district_code": 277.0, "sub_district": null, "sub_district_code": null, "sub_district_type": null, "village": "Lamshang", "village_category": "Rural", "village_code": "6229200259" }, "geometry": { "type": "Point", "coordinates": [ 93.8717687, 24.8197015 ] } },
{ "type": "Feature", "properties": { "id": 116, "state": "Manipur", "state_code": null, "district": "IMPHAL WEST", "district_code": 277.0, "sub_district": null, "sub_district_code": null, "sub_district_type": null, "village": "Lamphelpat", "village_category": "Rural", "village_code": "6229200260" }, "geometry": { "type": "Point", "coordinates": [ 93.9135575, 24.8354077 ] } },
{ "type": "Feature", "properties": { "id": 117, "state": "Manipur", "state_code": null, "district": "IMPHAL WEST", "district_code": 277.0, "sub_district": null, "sub_district_code": null, "sub_district_type": null, "village": "Phayeng", "village_category": "Rural", "village_code": "6229200930" }, "geometry": { "type": "Point", "coordinates": [ 93.8165867, 24.8462441 ] } },
{ "type": "Feature", "properties": { "id": 118, "state": "Manipur", "state_code": null, "district": "CHURACHANDPUR", "district_code": 274.0, "sub_district": null, "sub_district_code": null, "sub_district_type": null, "village": "Munpi", "village_category": "Rural", "village_code": "6229743111" }, "geometry": { "type": "Point", "coordinates": [ 93.5083723, 24.3214844 ] } },
{ "type": "Feature", "properties": { "id": 119, "state": "Manipur", "state_code": null, "district": "IMPHAL EAST", "district_code": 278.0, "sub_district": null, "sub_district_code": null, "sub_district_type": null, "village": "Andro", "village_category": "Rural", "village_code": "6233139095" }, "geometry": { "type": "Point", "coordinates": [ 94.0467274, 24.7547931 ] } },
{ "type": "Feature", "properties": { "id": 120, "state": "Manipur", "state_code": null, "district": "THOUBAL", "district_code": 276.0, "sub_district": null, "sub_district_code": null, "sub_district_type": null, "village": "Heirok", "village_category": "Urban", "village_code": "6233955157" }, "geometry": { "type": "Point", "coordinates": [ 94.0725589, 24.590661 ] } },
{ "type": "Feature", "properties": { "id": 121, "state": "Manipur", "state_code": null, "district": "THOUBAL", "district_code": 276.0, "sub_district": null, "sub_district_code": null, "sub_district_type": null, "village": "Wangkhem", "village_category": "Rural", "village_code": "6233955870" }, "geometry": { "type": "Point", "coordinates": [ 94.0242255, 24.6646464 ] } },
{ "type": "Feature", "properties": { "id": 122, "state": "Manipur", "state_code": null, "district": "IMPHAL WEST", "district_code": 277.0, "sub_district": null, "sub_district_code": null, "sub_district_type": null, "village": "Wangoi", "village_category": "Rural", "village_code": "6234899184" }, "geometry": { "type": "Point", "coordinates": [ 93.9006239, 24.6743619 ] } },
{ "type": "Feature", "properties": { "id": 123, "state": "Manipur", "state_code": null, "district": "NONEY", "district_code": 659.0, "sub_district": null, "sub_district_code": null, "sub_district_type": null, "village": "Gaidimjang II", "village_category": "Rural", "village_code": "6236727597" }, "geometry": { "type": "Point", "coordinates": [ 93.5140657, 24.6912416 ] } },
{ "type": "Feature", "properties": { "id": 124, "state": "Manipur", "state_code": null, "district": "NONEY", "district_code": 659.0, "sub_district": null, "sub_district_code": null, "sub_district_type": null, "village": "Monjrong Khulen", "village_category": "Rural", "village_code": "6236727652" }, "geometry": { "type": "Point", "coordinates": [ 93.4650278, 24.7385685 ] } },
{ "type": "Feature", "properties": { "id": 125, "state": "Manipur", "state_code": null, "district": "NONEY", "district_code": 659.0, "sub_district": null, "sub_district_code": null, "sub_district_type": null, "village": "Monjrong", "village_category": "Rural", "village_code": "6236727653" }, "geometry": { "type": "Point", "coordinates": [ 93.4777307, 24.7916437 ] } },
{ "type": "Feature", "properties": { "id": 126, "state": "Manipur", "state_code": null, "district": "KANGPOKPI", "district_code": 679.0, "sub_district": null, "sub_district_code": null, "sub_district_type": null, "village": "Saparmeina", "village_category": "Rural", "village_code": "6236992441" }, "geometry": { "type": "Point", "coordinates": [ 93.925311, 25.0445213 ] } },
{ "type": "Feature", "properties": { "id": 127, "state": "Manipur", "state_code": null, "district": "IMPHAL WEST", "district_code": 277.0, "sub_district": null, "sub_district_code": null, "sub_district_type": null, "village": "Lilong Chajing", "village_category": "Rural", "village_code": "6236992562" }, "geometry": { "type": "Point", "coordinates": [ 93.9396198, 24.7213432 ] } },
{ "type": "Feature", "properties": { "id": 128, "state": "Manipur", "state_code": null, "district": "BISHNUPUR", "district_code": 275.0, "sub_district": null, "sub_district_code": null, "sub_district_type": null, "village": "Toubul", "village_category": "Rural", "village_code": "6236992857" }, "geometry": { "type": "Point", "coordinates": [ 93.7927508, 24.6225388 ] } },
{ "type": "Feature", "properties": { "id": 129, "state": "Manipur", "state_code": null, "district": "TAMENGLONG", "district_code": 273.0, "sub_district": null, "sub_district_code": null, "sub_district_type": null, "village": "Kaimai", "village_category": "Rural", "village_code": "6237090100" }, "geometry": { "type": "Point", "coordinates": [ 93.259651, 24.7201554 ] } },
{ "type": "Feature", "properties": { "id": 130, "state": "Manipur", "state_code": null, "district": "NONEY", "district_code": 659.0, "sub_district": null, "sub_district_code": null, "sub_district_type": null, "village": "Bolongdai", "village_category": "Rural", "village_code": "6237090329" }, "geometry": { "type": "Point", "coordinates": [ 93.4514397, 24.777924 ] } },
{ "type": "Feature", "properties": { "id": 131, "state": "Manipur", "state_code": null, "district": "BISHNUPUR", "district_code": 275.0, "sub_district": null, "sub_district_code": null, "sub_district_type": null, "village": "Ningthoukhong", "village_category": "Rural", "village_code": "6237186085" }, "geometry": { "type": "Point", "coordinates": [ 93.7646197, 24.571792 ] } },
{ "type": "Feature", "properties": { "id": 132, "state": "Manipur", "state_code": null, "district": "BISHNUPUR", "district_code": 275.0, "sub_district": null, "sub_district_code": null, "sub_district_type": null, "village": "Kumbi", "village_category": "Rural", "village_code": "6237835486" }, "geometry": { "type": "Point", "coordinates": [ 93.8086939, 24.4323128 ] } },
{ "type": "Feature", "properties": { "id": 133, "state": "Manipur", "state_code": null, "district": "BISHNUPUR", "district_code": 275.0, "sub_district": null, "sub_district_code": null, "sub_district_type": null, "village": "Ithai", "village_category": "Rural", "village_code": "6237836939" }, "geometry": { "type": "Point", "coordinates": [ 93.8379461, 24.4275996 ] } },
{ "type": "Feature", "properties": { "id": 134, "state": "Manipur", "state_code": null, "district": "NONEY", "district_code": 659.0, "sub_district": null, "sub_district_code": null, "sub_district_type": null, "village": "Mukti Khulen", "village_category": "Rural", "village_code": "6248175355" }, "geometry": { "type": "Point", "coordinates": [ 93.4085297, 24.6505618 ] } },
{ "type": "Feature", "properties": { "id": 135, "state": "Manipur", "state_code": null, "district": "TAMENGLONG", "district_code": 273.0, "sub_district": null, "sub_district_code": null, "sub_district_type": null, "village": "Sibilong", "village_category": "Rural", "village_code": "6248175392" }, "geometry": { "type": "Point", "coordinates": [ 93.3246249, 24.8024692 ] } },
{ "type": "Feature", "properties": { "id": 136, "state": "Manipur", "state_code": null, "district": "TAMENGLONG", "district_code": 273.0, "sub_district": null, "sub_district_code": null, "sub_district_type": null, "village": "Wairangba", "village_category": "Rural", "village_code": "6248308596" }, "geometry": { "type": "Point", "coordinates": [ 93.574022, 24.9355958 ] } },
{ "type": "Feature", "properties": { "id": 137, "state": "Manipur", "state_code": null, "district": "NONEY", "district_code": 659.0, "sub_district": null, "sub_district_code": null, "sub_district_type": null, "village": "Nungnang", "village_category": "Rural", "village_code": "6248309046" }, "geometry": { "type": "Point", "coordinates": [ 93.5273861, 24.7755207 ] } },
{ "type": "Feature", "properties": { "id": 138, "state": "Manipur", "state_code": null, "district": "NONEY", "district_code": 659.0, "sub_district": null, "sub_district_code": null, "sub_district_type": null, "village": "Okoklong", "village_category": "Rural", "village_code": "6248310634" }, "geometry": { "type": "Point", "coordinates": [ 93.4022426, 24.7840852 ] } },
{ "type": "Feature", "properties": { "id": 139, "state": "Manipur", "state_code": null, "district": "NONEY", "district_code": 659.0, "sub_district": null, "sub_district_code": null, "sub_district_type": null, "village": "Thingou", "village_category": "Rural", "village_code": "6248310635" }, "geometry": { "type": "Point", "coordinates": [ 93.426361, 24.8069931 ] } },
{ "type": "Feature", "properties": { "id": 140, "state": "Manipur", "state_code": null, "district": "TAMENGLONG", "district_code": 273.0, "sub_district": null, "sub_district_code": null, "sub_district_type": null, "village": "Akhui", "village_category": "Rural", "village_code": "6248935883" }, "geometry": { "type": "Point", "coordinates": [ 93.4733427, 24.9156989 ] } },
{ "type": "Feature", "properties": { "id": 141, "state": "Manipur", "state_code": null, "district": "TAMENGLONG", "district_code": 273.0, "sub_district": null, "sub_district_code": null, "sub_district_type": null, "village": "Khongjrong", "village_category": "Rural", "village_code": "6248936585" }, "geometry": { "type": "Point", "coordinates": [ 93.4811157, 24.9660867 ] } },
{ "type": "Feature", "properties": { "id": 142, "state": "Manipur", "state_code": null, "district": "TAMENGLONG", "district_code": 273.0, "sub_district": null, "sub_district_code": null, "sub_district_type": null, "village": "Ileng", "village_category": "Rural", "village_code": "6251548356" }, "geometry": { "type": "Point", "coordinates": [ 93.6902153, 25.3079992 ] } },
{ "type": "Feature", "properties": { "id": 143, "state": "Manipur", "state_code": null, "district": "TAMENGLONG", "district_code": 273.0, "sub_district": null, "sub_district_code": null, "sub_district_type": null, "village": "Geljang", "village_category": "Rural", "village_code": "6251548357" }, "geometry": { "type": "Point", "coordinates": [ 93.7158358, 25.3448599 ] } },
{ "type": "Feature", "properties": { "id": 144, "state": "Manipur", "state_code": null, "district": "TAMENGLONG", "district_code": 273.0, "sub_district": null, "sub_district_code": null, "sub_district_type": null, "village": "Magulong", "village_category": "Rural", "village_code": "6251548792" }, "geometry": { "type": "Point", "coordinates": [ 93.5470175, 25.225587 ] } },
{ "type": "Feature", "properties": { "id": 145, "state": "Manipur", "state_code": null, "district": "PHERZAWL", "district_code": 718.0, "sub_district": null, "sub_district_code": null, "sub_district_type": null, "village": "Ngampabung", "village_category": "Rural", "village_code": "6258352699" }, "geometry": { "type": "Point", "coordinates": [ 93.0949701, 24.4162641 ] } },
{ "type": "Feature", "properties": { "id": 146, "state": "Manipur", "state_code": null, "district": "PHERZAWL", "district_code": 718.0, "sub_district": null, "sub_district_code": null, "sub_district_type": null, "village": "Tolbung", "village_category": "Rural", "village_code": "6258353015" }, "geometry": { "type": "Point", "coordinates": [ 93.1515205, 24.3861404 ] } },
{ "type": "Feature", "properties": { "id": 147, "state": "Manipur", "state_code": null, "district": "PHERZAWL", "district_code": 718.0, "sub_district": null, "sub_district_code": null, "sub_district_type": null, "village": "Phulpui", "village_category": "Rural", "village_code": "6258353031" }, "geometry": { "type": "Point", "coordinates": [ 93.0848193, 24.3845476 ] } },
{ "type": "Feature", "properties": { "id": 148, "state": "Manipur", "state_code": null, "district": "TAMENGLONG", "district_code": 273.0, "sub_district": null, "sub_district_code": null, "sub_district_type": null, "village": "Sonpram", "village_category": "Rural", "village_code": "6376606103" }, "geometry": { "type": "Point", "coordinates": [ 93.5755026, 25.0175038 ] } },
{ "type": "Feature", "properties": { "id": 149, "state": "Manipur", "state_code": null, "district": "TAMENGLONG", "district_code": 273.0, "sub_district": null, "sub_district_code": null, "sub_district_type": null, "village": "Tharon", "village_category": "Rural", "village_code": "6376606248" }, "geometry": { "type": "Point", "coordinates": [ 93.5476398, 25.0502246 ] } },
{ "type": "Feature", "properties": { "id": 150, "state": "Manipur", "state_code": null, "district": "TAMENGLONG", "district_code": 273.0, "sub_district": null, "sub_district_code": null, "sub_district_type": null, "village": "Langmei", "village_category": "Rural", "village_code": "6376606249" }, "geometry": { "type": "Point", "coordinates": [ 93.6696267, 25.1346203 ] } },
{ "type": "Feature", "properties": { "id": 151, "state": "Manipur", "state_code": null, "district": "TAMENGLONG", "district_code": 273.0, "sub_district": null, "sub_district_code": null, "sub_district_type": null, "village": "Kabonram", "village_category": "Rural", "village_code": "6376606250" }, "geometry": { "type": "Point", "coordinates": [ 93.6357343, 25.1122202 ] } },
{ "type": "Feature", "properties": { "id": 152, "state": "Manipur", "state_code": null, "district": "TAMENGLONG", "district_code": 273.0, "sub_district": null, "sub_district_code": null, "sub_district_type": null, "village": "Buning", "village_category": "Rural", "village_code": "6376606251" }, "geometry": { "type": "Point", "coordinates": [ 93.613429, 25.1339598 ] } },
{ "type": "Feature", "properties": { "id": 153, "state": "Manipur", "state_code": null, "district": "TAMENGLONG", "district_code": 273.0, "sub_district": null, "sub_district_code": null, "sub_district_type": null, "village": "Impa", "village_category": "Rural", "village_code": "6376613229" }, "geometry": { "type": "Point", "coordinates": [ 93.5182267, 25.1902992 ] } },
{ "type": "Feature", "properties": { "id": 154, "state": "Manipur", "state_code": null, "district": "TAMENGLONG", "district_code": 273.0, "sub_district": null, "sub_district_code": null, "sub_district_type": null, "village": "Lamlaba", "village_category": "Rural", "village_code": "6376614013" }, "geometry": { "type": "Point", "coordinates": [ 93.6209071, 25.0899617 ] } },
{ "type": "Feature", "properties": { "id": 155, "state": "Manipur", "state_code": null, "district": "TAMENGLONG", "district_code": 273.0, "sub_district": null, "sub_district_code": null, "sub_district_type": null, "village": "Inem", "village_category": "Rural", "village_code": "6376614014" }, "geometry": { "type": "Point", "coordinates": [ 93.4849834, 25.186457 ] } },
{ "type": "Feature", "properties": { "id": 156, "state": "Manipur", "state_code": null, "district": "TAMENGLONG", "district_code": 273.0, "sub_district": null, "sub_district_code": null, "sub_district_type": null, "village": "Atengba", "village_category": "Rural", "village_code": "6377960585" }, "geometry": { "type": "Point", "coordinates": [ 93.3506584, 24.9266061 ] } },
{ "type": "Feature", "properties": { "id": 157, "state": "Manipur", "state_code": null, "district": "TAMENGLONG", "district_code": 273.0, "sub_district": null, "sub_district_code": null, "sub_district_type": null, "village": "Bamgaijang", "village_category": "Rural", "village_code": "6377960586" }, "geometry": { "type": "Point", "coordinates": [ 93.3982301, 24.9358682 ] } },
{ "type": "Feature", "properties": { "id": 158, "state": "Manipur", "state_code": null, "district": "TAMENGLONG", "district_code": 273.0, "sub_district": null, "sub_district_code": null, "sub_district_type": null, "village": "New Magulong", "village_category": "Rural", "village_code": "6381855186" }, "geometry": { "type": "Point", "coordinates": [ 93.4505653, 25.2050674 ] } },
{ "type": "Feature", "properties": { "id": 159, "state": "Manipur", "state_code": null, "district": "TAMENGLONG", "district_code": 273.0, "sub_district": null, "sub_district_code": null, "sub_district_type": null, "village": "Zening", "village_category": "Rural", "village_code": "6381855200" }, "geometry": { "type": "Point", "coordinates": [ 93.443892, 25.1833113 ] } },
{ "type": "Feature", "properties": { "id": 160, "state": "Manipur", "state_code": null, "district": "TAMENGLONG", "district_code": 273.0, "sub_district": null, "sub_district_code": null, "sub_district_type": null, "village": "Ningjām", "village_category": "Rural", "village_code": "6381855201" }, "geometry": { "type": "Point", "coordinates": [ 93.4555435, 25.1339404 ] } },
{ "type": "Feature", "properties": { "id": 161, "state": "Manipur", "state_code": null, "district": "IMPHAL WEST", "district_code": 277.0, "sub_district": null, "sub_district_code": null, "sub_district_type": null, "village": "Tairenpokpi", "village_category": "Rural", "village_code": "6398219538" }, "geometry": { "type": "Point", "coordinates": [ 93.803139, 24.8247642 ] } },
{ "type": "Feature", "properties": { "id": 162, "state": "Manipur", "state_code": null, "district": "CHURACHANDPUR", "district_code": 274.0, "sub_district": null, "sub_district_code": null, "sub_district_type": null, "village": "Tuivelzang", "village_category": "Rural", "village_code": "6449561894" }, "geometry": { "type": "Point", "coordinates": [ 93.5384478, 24.1345222 ] } },
{ "type": "Feature", "properties": { "id": 163, "state": "Manipur", "state_code": null, "district": "CHURACHANDPUR", "district_code": 274.0, "sub_district": null, "sub_district_code": null, "sub_district_type": null, "village": "Mongken", "village_category": "Rural", "village_code": "6449561954" }, "geometry": { "type": "Point", "coordinates": [ 93.5363155, 24.136216 ] } },
{ "type": "Feature", "properties": { "id": 164, "state": "Manipur", "state_code": null, "district": "CHURACHANDPUR", "district_code": 274.0, "sub_district": null, "sub_district_code": null, "sub_district_type": null, "village": "Maukot", "village_category": "Rural", "village_code": "6449563149" }, "geometry": { "type": "Point", "coordinates": [ 93.5383486, 24.1381203 ] } },
{ "type": "Feature", "properties": { "id": 165, "state": "Manipur", "state_code": null, "district": "CHURACHANDPUR", "district_code": 274.0, "sub_district": null, "sub_district_code": null, "sub_district_type": null, "village": "Suangdoh", "village_category": "Rural", "village_code": "6449566318" }, "geometry": { "type": "Point", "coordinates": [ 93.4812407, 24.0891328 ] } },
{ "type": "Feature", "properties": { "id": 166, "state": "Manipur", "state_code": null, "district": "CHURACHANDPUR", "district_code": 274.0, "sub_district": null, "sub_district_code": null, "sub_district_type": null, "village": "Chiangpi", "village_category": "Rural", "village_code": "6449570331" }, "geometry": { "type": "Point", "coordinates": [ 93.4947305, 24.1358831 ] } },
{ "type": "Feature", "properties": { "id": 167, "state": "Manipur", "state_code": null, "district": "CHURACHANDPUR", "district_code": 274.0, "sub_district": null, "sub_district_code": null, "sub_district_type": null, "village": "G Bualzang", "village_category": "Rural", "village_code": "6449575380" }, "geometry": { "type": "Point", "coordinates": [ 93.4737878, 24.1351782 ] } },
{ "type": "Feature", "properties": { "id": 168, "state": "Manipur", "state_code": null, "district": "CHURACHANDPUR", "district_code": 274.0, "sub_district": null, "sub_district_code": null, "sub_district_type": null, "village": "Tuilakzang", "village_category": "Rural", "village_code": "6449582485" }, "geometry": { "type": "Point", "coordinates": [ 93.4786373, 24.1344536 ] } },
{ "type": "Feature", "properties": { "id": 169, "state": "Manipur", "state_code": null, "district": "CHURACHANDPUR", "district_code": 274.0, "sub_district": null, "sub_district_code": null, "sub_district_type": null, "village": "Lungthul T", "village_category": "Rural", "village_code": "6449585930" }, "geometry": { "type": "Point", "coordinates": [ 93.4756188, 24.1144001 ] } },
{ "type": "Feature", "properties": { "id": 170, "state": "Manipur", "state_code": null, "district": "CHURACHANDPUR", "district_code": 274.0, "sub_district": null, "sub_district_code": null, "sub_district_type": null, "village": "Tuima", "village_category": "Rural", "village_code": "6449590070" }, "geometry": { "type": "Point", "coordinates": [ 93.4144215, 24.1314967 ] } },
{ "type": "Feature", "properties": { "id": 171, "state": "Manipur", "state_code": null, "district": "CHURACHANDPUR", "district_code": 274.0, "sub_district": null, "sub_district_code": null, "sub_district_type": null, "village": "Lungthul (D)", "village_category": "Rural", "village_code": "6449592477" }, "geometry": { "type": "Point", "coordinates": [ 93.44178, 24.1512783 ] } },
{ "type": "Feature", "properties": { "id": 172, "state": "Manipur", "state_code": null, "district": "CHURACHANDPUR", "district_code": 274.0, "sub_district": null, "sub_district_code": null, "sub_district_type": null, "village": "Lungthul (L)", "village_category": "Rural", "village_code": "6449594966" }, "geometry": { "type": "Point", "coordinates": [ 93.4435288, 24.1458645 ] } },
{ "type": "Feature", "properties": { "id": 173, "state": "Manipur", "state_code": null, "district": "PHERZAWL", "district_code": 718.0, "sub_district": null, "sub_district_code": null, "sub_district_type": null, "village": "Thuangtam", "village_category": "Rural", "village_code": "6449595742" }, "geometry": { "type": "Point", "coordinates": [ 93.4033984, 24.1546263 ] } },
{ "type": "Feature", "properties": { "id": 174, "state": "Manipur", "state_code": null, "district": "PHERZAWL", "district_code": 718.0, "sub_district": null, "sub_district_code": null, "sub_district_type": null, "village": "Mualnuam", "village_category": "Rural", "village_code": "6449596088" }, "geometry": { "type": "Point", "coordinates": [ 93.3865999, 24.1946679 ] } },
{ "type": "Feature", "properties": { "id": 175, "state": "Manipur", "state_code": null, "district": "PHERZAWL", "district_code": 718.0, "sub_district": null, "sub_district_code": null, "sub_district_type": null, "village": "Khuanggin", "village_category": "Rural", "village_code": "6449600169" }, "geometry": { "type": "Point", "coordinates": [ 93.3261286, 24.1263956 ] } },
{ "type": "Feature", "properties": { "id": 176, "state": "Manipur", "state_code": null, "district": "PHERZAWL", "district_code": 718.0, "sub_district": null, "sub_district_code": null, "sub_district_type": null, "village": "Tipaimukh", "village_category": "Rural", "village_code": "6462162183" }, "geometry": { "type": "Point", "coordinates": [ 93.0251387, 24.2360388 ] } },
{ "type": "Feature", "properties": { "id": 177, "state": "Manipur", "state_code": null, "district": "KAMJANG", "district_code": 670.0, "sub_district": null, "sub_district_code": null, "sub_district_type": null, "village": "Phungyar", "village_category": "Rural", "village_code": "6828345585" }, "geometry": { "type": "Point", "coordinates": [ 94.3577528, 24.814628 ] } },
{ "type": "Feature", "properties": { "id": 178, "state": "Manipur", "state_code": null, "district": "KAMJANG", "district_code": 670.0, "sub_district": null, "sub_district_code": null, "sub_district_type": null, "village": "Kasom Khullen", "village_category": "Rural", "village_code": "6828345685" }, "geometry": { "type": "Point", "coordinates": [ 94.2720293, 24.6756244 ] } },
{ "type": "Feature", "properties": { "id": 179, "state": "Manipur", "state_code": null, "district": "UKHRUL", "district_code": 279.0, "sub_district": null, "sub_district_code": null, "sub_district_type": null, "village": "Shangshak Khullen", "village_category": "Rural", "village_code": "7160628233" }, "geometry": { "type": "Point", "coordinates": [ 94.3366706, 25.0096382 ] } },
{ "type": "Feature", "properties": { "id": 180, "state": "Manipur", "state_code": null, "district": "IMPHAL WEST", "district_code": 277.0, "sub_district": null, "sub_district_code": null, "sub_district_type": null, "village": "Patsoi", "village_category": "Rural", "village_code": "7160726456" }, "geometry": { "type": "Point", "coordinates": [ 93.86693, 24.7872021 ] } },
{ "type": "Feature", "properties": { "id": 181, "state": "Manipur", "state_code": null, "district": "TENGNOUPAL", "district_code": 667.0, "sub_district": null, "sub_district_code": null, "sub_district_type": null, "village": "Machi", "village_category": "Rural", "village_code": "7160914647" }, "geometry": { "type": "Point", "coordinates": [ 94.1422363, 24.5101466 ] } },
{ "type": "Feature", "properties": { "id": 182, "state": "Manipur", "state_code": null, "district": "IMPHAL EAST", "district_code": 278.0, "sub_district": null, "sub_district_code": null, "sub_district_type": null, "village": "Sawombung", "village_category": "Rural", "village_code": "7160939004" }, "geometry": { "type": "Point", "coordinates": [ 94.0111792, 24.8704545 ] } },
{ "type": "Feature", "properties": { "id": 183, "state": "Manipur", "state_code": null, "district": "IMPHAL EAST", "district_code": 278.0, "sub_district": null, "sub_district_code": null, "sub_district_type": null, "village": "Keirao Bitra", "village_category": "Rural", "village_code": "7160939005" }, "geometry": { "type": "Point", "coordinates": [ 93.9806127, 24.7398547 ] } },
{ "type": "Feature", "properties": { "id": 184, "state": "Manipur", "state_code": null, "district": "CHURACHANDPUR", "district_code": 274.0, "sub_district": null, "sub_district_code": null, "sub_district_type": null, "village": "Muallum", "village_category": "Rural", "village_code": "7431176479" }, "geometry": { "type": "Point", "coordinates": [ 93.6245736, 24.187787 ] } },
{ "type": "Feature", "properties": { "id": 185, "state": "Manipur", "state_code": null, "district": "CHURACHANDPUR", "district_code": 274.0, "sub_district": null, "sub_district_code": null, "sub_district_type": null, "village": "S.Zezaw", "village_category": "Rural", "village_code": "7431176480" }, "geometry": { "type": "Point", "coordinates": [ 93.6523962, 24.210427 ] } },
{ "type": "Feature", "properties": { "id": 186, "state": "Manipur", "state_code": null, "district": "CHURACHANDPUR", "district_code": 274.0, "sub_district": null, "sub_district_code": null, "sub_district_type": null, "village": "S. Munhoih", "village_category": "Rural", "village_code": "7431176481" }, "geometry": { "type": "Point", "coordinates": [ 93.6506313, 24.2224133 ] } },
{ "type": "Feature", "properties": { "id": 187, "state": "Manipur", "state_code": null, "district": "CHURACHANDPUR", "district_code": 274.0, "sub_district": null, "sub_district_code": null, "sub_district_type": null, "village": "Lamjang", "village_category": "Rural", "village_code": "7431176482" }, "geometry": { "type": "Point", "coordinates": [ 93.6570954, 24.2458738 ] } },
{ "type": "Feature", "properties": { "id": 188, "state": "Manipur", "state_code": null, "district": "CHURACHANDPUR", "district_code": 274.0, "sub_district": null, "sub_district_code": null, "sub_district_type": null, "village": "Panglian singhat sub.div.", "village_category": "Rural", "village_code": "7431176483" }, "geometry": { "type": "Point", "coordinates": [ 93.6537051, 24.2294627 ] } },
{ "type": "Feature", "properties": { "id": 189, "state": "Manipur", "state_code": null, "district": "CHURACHANDPUR", "district_code": 274.0, "sub_district": null, "sub_district_code": null, "sub_district_type": null, "village": "Killian village", "village_category": "Rural", "village_code": "7431404595" }, "geometry": { "type": "Point", "coordinates": [ 93.6543033, 24.2388064 ] } },
{ "type": "Feature", "properties": { "id": 190, "state": "Manipur", "state_code": null, "district": "CHURACHANDPUR", "district_code": 274.0, "sub_district": null, "sub_district_code": null, "sub_district_type": null, "village": "S. Geltui", "village_category": "Rural", "village_code": "7431404596" }, "geometry": { "type": "Point", "coordinates": [ 93.6576211, 24.2125504 ] } },
{ "type": "Feature", "properties": { "id": 191, "state": "Manipur", "state_code": null, "district": "CHURACHANDPUR", "district_code": 274.0, "sub_district": null, "sub_district_code": null, "sub_district_type": null, "village": "Geljang", "village_category": "Rural", "village_code": "7431404597" }, "geometry": { "type": "Point", "coordinates": [ 93.6592412, 24.258517 ] } },
{ "type": "Feature", "properties": { "id": 192, "state": "Manipur", "state_code": null, "district": "CHURACHANDPUR", "district_code": 274.0, "sub_district": null, "sub_district_code": null, "sub_district_type": null, "village": "Mata", "village_category": "Rural", "village_code": "7431404598" }, "geometry": { "type": "Point", "coordinates": [ 93.6770752, 24.296875 ] } },
{ "type": "Feature", "properties": { "id": 193, "state": "Manipur", "state_code": null, "district": "CHURACHANDPUR", "district_code": 274.0, "sub_district": null, "sub_district_code": null, "sub_district_type": null, "village": "Hiangdung", "village_category": "Rural", "village_code": "7431404600" }, "geometry": { "type": "Point", "coordinates": [ 93.6542147, 24.233787 ] } },
{ "type": "Feature", "properties": { "id": 194, "state": "Manipur", "state_code": null, "district": "CHURACHANDPUR", "district_code": 274.0, "sub_district": null, "sub_district_code": null, "sub_district_type": null, "village": "New Bijang", "village_category": "Rural", "village_code": "7596219110" }, "geometry": { "type": "Point", "coordinates": [ 93.873888, 24.2272933 ] } },
{ "type": "Feature", "properties": { "id": 195, "state": "Manipur", "state_code": null, "district": "CHURACHANDPUR", "district_code": 274.0, "sub_district": null, "sub_district_code": null, "sub_district_type": null, "village": "Jordan", "village_category": "Rural", "village_code": "7596219143" }, "geometry": { "type": "Point", "coordinates": [ 93.7800908, 24.1417483 ] } },
{ "type": "Feature", "properties": { "id": 196, "state": "Manipur", "state_code": null, "district": "BISHNUPUR", "district_code": 275.0, "sub_district": null, "sub_district_code": null, "sub_district_type": null, "village": "M. B, Saiching", "village_category": "Rural", "village_code": "7596232079" }, "geometry": { "type": "Point", "coordinates": [ 93.8597444, 24.3039305 ] } },
{ "type": "Feature", "properties": { "id": 197, "state": "Manipur", "state_code": null, "district": "CHURACHANDPUR", "district_code": 274.0, "sub_district": null, "sub_district_code": null, "sub_district_type": null, "village": "Jangmun", "village_category": "Rural", "village_code": "7596232080" }, "geometry": { "type": "Point", "coordinates": [ 93.8740768, 24.2243622 ] } },
{ "type": "Feature", "properties": { "id": 198, "state": "Manipur", "state_code": null, "district": "CHURACHANDPUR", "district_code": 274.0, "sub_district": null, "sub_district_code": null, "sub_district_type": null, "village": "Khaukual Khuman", "village_category": "Rural", "village_code": "7596275220" }, "geometry": { "type": "Point", "coordinates": [ 93.8589263, 24.2375144 ] } },
{ "type": "Feature", "properties": { "id": 199, "state": "Manipur", "state_code": null, "district": "CHURACHANDPUR", "district_code": 274.0, "sub_district": null, "sub_district_code": null, "sub_district_type": null, "village": "W.JouZang village", "village_category": "Rural", "village_code": "7596275221" }, "geometry": { "type": "Point", "coordinates": [ 93.7837762, 24.1431998 ] } },
{ "type": "Feature", "properties": { "id": 200, "state": "Manipur", "state_code": null, "district": "CHANDEL", "district_code": 280.0, "sub_district": null, "sub_district_code": null, "sub_district_type": null, "village": "Longja", "village_category": "Rural", "village_code": "7596275222" }, "geometry": { "type": "Point", "coordinates": [ 93.8468724, 24.1651087 ] } },
{ "type": "Feature", "properties": { "id": 201, "state": "Manipur", "state_code": null, "district": "CHURACHANDPUR", "district_code": 274.0, "sub_district": null, "sub_district_code": null, "sub_district_type": null, "village": "Mualvom Vangkho", "village_category": "Rural", "village_code": "7596275223" }, "geometry": { "type": "Point", "coordinates": [ 93.8322236, 24.2572222 ] } },
{ "type": "Feature", "properties": { "id": 202, "state": "Manipur", "state_code": null, "district": "CHURACHANDPUR", "district_code": 274.0, "sub_district": null, "sub_district_code": null, "sub_district_type": null, "village": "Phaisan", "village_category": "Rural", "village_code": "7596275224" }, "geometry": { "type": "Point", "coordinates": [ 93.8086938, 24.16389 ] } },
{ "type": "Feature", "properties": { "id": 203, "state": "Manipur", "state_code": null, "district": "CHURACHANDPUR", "district_code": 274.0, "sub_district": null, "sub_district_code": null, "sub_district_type": null, "village": "Singheu", "village_category": "Rural", "village_code": "7596275225" }, "geometry": { "type": "Point", "coordinates": [ 93.8253236, 24.1825558 ] } },
{ "type": "Feature", "properties": { "id": 204, "state": "Manipur", "state_code": null, "district": "CHANDEL", "district_code": 280.0, "sub_district": null, "sub_district_code": null, "sub_district_type": null, "village": "Haikha (L)", "village_category": "Rural", "village_code": "7596275226" }, "geometry": { "type": "Point", "coordinates": [ 93.8428223, 24.1475294 ] } },
{ "type": "Feature", "properties": { "id": 205, "state": "Manipur", "state_code": null, "district": "CHANDEL", "district_code": 280.0, "sub_district": null, "sub_district_code": null, "sub_district_type": null, "village": "Chakap", "village_category": "Rural", "village_code": "7596397063" }, "geometry": { "type": "Point", "coordinates": [ 93.8399939, 24.1433956 ] } },
{ "type": "Feature", "properties": { "id": 206, "state": "Manipur", "state_code": null, "district": "CHANDEL", "district_code": 280.0, "sub_district": null, "sub_district_code": null, "sub_district_type": null, "village": "M.Tolpijang", "village_category": "Rural", "village_code": "7596426158" }, "geometry": { "type": "Point", "coordinates": [ 93.8409045, 24.1374753 ] } },
{ "type": "Feature", "properties": { "id": 207, "state": "Manipur", "state_code": null, "district": "BISHNUPUR", "district_code": 275.0, "sub_district": null, "sub_district_code": null, "sub_district_type": null, "village": "Makhao", "village_category": "Rural", "village_code": "7596426159" }, "geometry": { "type": "Point", "coordinates": [ 93.8613054, 24.3008724 ] } },
{ "type": "Feature", "properties": { "id": 208, "state": "Manipur", "state_code": null, "district": "CHURACHANDPUR", "district_code": 274.0, "sub_district": null, "sub_district_code": null, "sub_district_type": null, "village": "Langvon", "village_category": "Rural", "village_code": "7596429887" }, "geometry": { "type": "Point", "coordinates": [ 93.8385791, 24.2818297 ] } },
{ "type": "Feature", "properties": { "id": 209, "state": "Manipur", "state_code": null, "district": "CHURACHANDPUR", "district_code": 274.0, "sub_district": null, "sub_district_code": null, "sub_district_type": null, "village": "Z. Khomunnuom", "village_category": "Rural", "village_code": "7596429903" }, "geometry": { "type": "Point", "coordinates": [ 93.8429202, 24.2005436 ] } },
{ "type": "Feature", "properties": { "id": 210, "state": "Manipur", "state_code": null, "district": "CHANDEL", "district_code": 280.0, "sub_district": null, "sub_district_code": null, "sub_district_type": null, "village": "Phoikon", "village_category": "Rural", "village_code": "7596429921" }, "geometry": { "type": "Point", "coordinates": [ 93.8375625, 24.1317543 ] } },
{ "type": "Feature", "properties": { "id": 211, "state": "Manipur", "state_code": null, "district": "CHANDEL", "district_code": 280.0, "sub_district": null, "sub_district_code": null, "sub_district_type": null, "village": "T. Phaicham", "village_category": "Rural", "village_code": "7596429948" }, "geometry": { "type": "Point", "coordinates": [ 93.8452732, 24.1593051 ] } },
{ "type": "Feature", "properties": { "id": 212, "state": "Manipur", "state_code": null, "district": "BISHNUPUR", "district_code": 275.0, "sub_district": null, "sub_district_code": null, "sub_district_type": null, "village": "Pantha", "village_category": "Rural", "village_code": "7596429949" }, "geometry": { "type": "Point", "coordinates": [ 93.8599918, 24.3026991 ] } },
{ "type": "Feature", "properties": { "id": 213, "state": "Manipur", "state_code": null, "district": "CHURACHANDPUR", "district_code": 274.0, "sub_district": null, "sub_district_code": null, "sub_district_type": null, "village": "D .Tuinol", "village_category": "Rural", "village_code": "7596429950" }, "geometry": { "type": "Point", "coordinates": [ 93.8604236, 24.2161047 ] } },
{ "type": "Feature", "properties": { "id": 214, "state": "Manipur", "state_code": null, "district": "CHANDEL", "district_code": 280.0, "sub_district": null, "sub_district_code": null, "sub_district_type": null, "village": "Gelngai", "village_category": "Rural", "village_code": "7596429951" }, "geometry": { "type": "Point", "coordinates": [ 93.852094, 24.1678066 ] } },
{ "type": "Feature", "properties": { "id": 215, "state": "Manipur", "state_code": null, "district": "CHURACHANDPUR", "district_code": 274.0, "sub_district": null, "sub_district_code": null, "sub_district_type": null, "village": "Saiboh", "village_category": "Rural", "village_code": "7596430183" }, "geometry": { "type": "Point", "coordinates": [ 93.8390666, 24.2464957 ] } },
{ "type": "Feature", "properties": { "id": 216, "state": "Manipur", "state_code": null, "district": "CHURACHANDPUR", "district_code": 274.0, "sub_district": null, "sub_district_code": null, "sub_district_type": null, "village": "H.Vangmun Village", "village_category": "Rural", "village_code": "7596430184" }, "geometry": { "type": "Point", "coordinates": [ 93.7994718, 24.1503312 ] } },
{ "type": "Feature", "properties": { "id": 217, "state": "Manipur", "state_code": null, "district": "CHANDEL", "district_code": 280.0, "sub_district": null, "sub_district_code": null, "sub_district_type": null, "village": "P. Salem", "village_category": "Rural", "village_code": "7596430299" }, "geometry": { "type": "Point", "coordinates": [ 93.8429893, 24.1529603 ] } },
{ "type": "Feature", "properties": { "id": 218, "state": "Manipur", "state_code": null, "district": "CHURACHANDPUR", "district_code": 274.0, "sub_district": null, "sub_district_code": null, "sub_district_type": null, "village": "T. Lamlai", "village_category": "Rural", "village_code": "7596430337" }, "geometry": { "type": "Point", "coordinates": [ 93.8347824, 24.2727593 ] } },
{ "type": "Feature", "properties": { "id": 219, "state": "Manipur", "state_code": null, "district": "CHURACHANDPUR", "district_code": 274.0, "sub_district": null, "sub_district_code": null, "sub_district_type": null, "village": "Mateijang", "village_category": "Rural", "village_code": "7596430338" }, "geometry": { "type": "Point", "coordinates": [ 93.8410842, 24.2886258 ] } },
{ "type": "Feature", "properties": { "id": 220, "state": "Manipur", "state_code": null, "district": "CHURACHANDPUR", "district_code": 274.0, "sub_district": null, "sub_district_code": null, "sub_district_type": null, "village": "T.K. Gunphai", "village_category": "Rural", "village_code": "7596430385" }, "geometry": { "type": "Point", "coordinates": [ 93.836098, 24.1890544 ] } },
{ "type": "Feature", "properties": { "id": 221, "state": "Manipur", "state_code": null, "district": "BISHNUPUR", "district_code": 275.0, "sub_district": null, "sub_district_code": null, "sub_district_type": null, "village": "Makhao Bungmual", "village_category": "Rural", "village_code": "7596430386" }, "geometry": { "type": "Point", "coordinates": [ 93.857274, 24.3094372 ] } },
{ "type": "Feature", "properties": { "id": 222, "state": "Manipur", "state_code": null, "district": "CHURACHANDPUR", "district_code": 274.0, "sub_district": null, "sub_district_code": null, "sub_district_type": null, "village": "T. Khuangkhai", "village_category": "Rural", "village_code": "7596430413" }, "geometry": { "type": "Point", "coordinates": [ 93.774257, 24.1339182 ] } },
{ "type": "Feature", "properties": { "id": 223, "state": "Manipur", "state_code": null, "district": "CHURACHANDPUR", "district_code": 274.0, "sub_district": null, "sub_district_code": null, "sub_district_type": null, "village": "Sangaikot", "village_category": "Rural", "village_code": "7596430529" }, "geometry": { "type": "Point", "coordinates": [ 93.8392919, 24.2935294 ] } },
{ "type": "Feature", "properties": { "id": 224, "state": "Manipur", "state_code": null, "district": "CHURACHANDPUR", "district_code": 274.0, "sub_district": null, "sub_district_code": null, "sub_district_type": null, "village": "Songgual", "village_category": "Rural", "village_code": "7596430644" }, "geometry": { "type": "Point", "coordinates": [ 93.8501716, 24.2404811 ] } },
{ "type": "Feature", "properties": { "id": 225, "state": "Manipur", "state_code": null, "district": "CHURACHANDPUR", "district_code": 274.0, "sub_district": null, "sub_district_code": null, "sub_district_type": null, "village": "T. Talnuam", "village_category": "Rural", "village_code": "7596430693" }, "geometry": { "type": "Point", "coordinates": [ 93.7877083, 24.1458517 ] } },
{ "type": "Feature", "properties": { "id": 226, "state": "Manipur", "state_code": null, "district": "CHANDEL", "district_code": 280.0, "sub_district": null, "sub_district_code": null, "sub_district_type": null, "village": "Sajik Tampak", "village_category": "Rural", "village_code": "7596430694" }, "geometry": { "type": "Point", "coordinates": [ 93.8399765, 24.1385817 ] } },
{ "type": "Feature", "properties": { "id": 227, "state": "Manipur", "state_code": null, "district": "CHURACHANDPUR", "district_code": 274.0, "sub_district": null, "sub_district_code": null, "sub_district_type": null, "village": "Khoinoi", "village_category": "Rural", "village_code": "7596431936" }, "geometry": { "type": "Point", "coordinates": [ 93.8552946, 24.2155935 ] } },
{ "type": "Feature", "properties": { "id": 228, "state": "Manipur", "state_code": null, "district": "BISHNUPUR", "district_code": 275.0, "sub_district": null, "sub_district_code": null, "sub_district_type": null, "village": "Makhao Tampak", "village_category": "Rural", "village_code": "7596431946" }, "geometry": { "type": "Point", "coordinates": [ 93.8583282, 24.3059411 ] } },
{ "type": "Feature", "properties": { "id": 229, "state": "Manipur", "state_code": null, "district": "CHURACHANDPUR", "district_code": 274.0, "sub_district": null, "sub_district_code": null, "sub_district_type": null, "village": "Hita Khunou", "village_category": "Rural", "village_code": "7596431986" }, "geometry": { "type": "Point", "coordinates": [ 93.7730413, 24.1282521 ] } },
{ "type": "Feature", "properties": { "id": 230, "state": "Manipur", "state_code": null, "district": "CHANDEL", "district_code": 280.0, "sub_district": null, "sub_district_code": null, "sub_district_type": null, "village": "Sarang Tampak", "village_category": "Rural", "village_code": "7596432077" }, "geometry": { "type": "Point", "coordinates": [ 93.8798241, 24.1892403 ] } },
{ "type": "Feature", "properties": { "id": 231, "state": "Manipur", "state_code": null, "district": "CHURACHANDPUR", "district_code": 274.0, "sub_district": null, "sub_district_code": null, "sub_district_type": null, "village": "Kuvan", "village_category": "Rural", "village_code": "7596432122" }, "geometry": { "type": "Point", "coordinates": [ 93.8315014, 24.2627352 ] } },
{ "type": "Feature", "properties": { "id": 232, "state": "Manipur", "state_code": null, "district": "CHURACHANDPUR", "district_code": 274.0, "sub_district": null, "sub_district_code": null, "sub_district_type": null, "village": "Alpha", "village_category": "Rural", "village_code": "7596432244" }, "geometry": { "type": "Point", "coordinates": [ 93.8194247, 24.177309 ] } },
{ "type": "Feature", "properties": { "id": 233, "state": "Manipur", "state_code": null, "district": "CHANDEL", "district_code": 280.0, "sub_district": null, "sub_district_code": null, "sub_district_type": null, "village": "Gelbungjang", "village_category": "Rural", "village_code": "7596432245" }, "geometry": { "type": "Point", "coordinates": [ 93.8396841, 24.1412674 ] } },
{ "type": "Feature", "properties": { "id": 234, "state": "Manipur", "state_code": null, "district": "CHURACHANDPUR", "district_code": 274.0, "sub_district": null, "sub_district_code": null, "sub_district_type": null, "village": "L.Molnoi", "village_category": "Rural", "village_code": "7596432327" }, "geometry": { "type": "Point", "coordinates": [ 93.8322678, 24.1862657 ] } },
{ "type": "Feature", "properties": { "id": 235, "state": "Manipur", "state_code": null, "district": "CHANDEL", "district_code": 280.0, "sub_district": null, "sub_district_code": null, "sub_district_type": null, "village": "Thompijang", "village_category": "Rural", "village_code": "7596432328" }, "geometry": { "type": "Point", "coordinates": [ 93.8434379, 24.1378963 ] } },
{ "type": "Feature", "properties": { "id": 236, "state": "Manipur", "state_code": null, "district": "BISHNUPUR", "district_code": 275.0, "sub_district": null, "sub_district_code": null, "sub_district_type": null, "village": "T. Lailoiphai", "village_category": "Rural", "village_code": "7596432329" }, "geometry": { "type": "Point", "coordinates": [ 93.8642223, 24.2982402 ] } },
{ "type": "Feature", "properties": { "id": 237, "state": "Manipur", "state_code": null, "district": "CHURACHANDPUR", "district_code": 274.0, "sub_district": null, "sub_district_code": null, "sub_district_type": null, "village": "L.Phainom", "village_category": "Rural", "village_code": "7596432413" }, "geometry": { "type": "Point", "coordinates": [ 93.8460718, 24.2073673 ] } },
{ "type": "Feature", "properties": { "id": 238, "state": "Manipur", "state_code": null, "district": "CHURACHANDPUR", "district_code": 274.0, "sub_district": null, "sub_district_code": null, "sub_district_type": null, "village": "D. Moljang", "village_category": "Rural", "village_code": "7596522152" }, "geometry": { "type": "Point", "coordinates": [ 93.7418425, 24.3657844 ] } },
{ "type": "Feature", "properties": { "id": 239, "state": "Manipur", "state_code": null, "district": "IMPHAL WEST", "district_code": 277.0, "sub_district": null, "sub_district_code": null, "sub_district_type": null, "village": "Uchiwa", "village_category": "Rural", "village_code": "7607972977" }, "geometry": { "type": "Point", "coordinates": [ 93.9059931, 24.5818074 ] } },
{ "type": "Feature", "properties": { "id": 240, "state": "Manipur", "state_code": null, "district": "TAMENGLONG", "district_code": 273.0, "sub_district": null, "sub_district_code": null, "sub_district_type": null, "village": "New Namtiram", "village_category": "Rural", "village_code": "7654208926" }, "geometry": { "type": "Point", "coordinates": [ 93.4711218, 25.0616883 ] } },
{ "type": "Feature", "properties": { "id": 241, "state": "Manipur", "state_code": null, "district": "CHURACHANDPUR", "district_code": 274.0, "sub_district": null, "sub_district_code": null, "sub_district_type": null, "village": "Sialbu", "village_category": "Rural", "village_code": "7903872143" }, "geometry": { "type": "Point", "coordinates": [ 93.4576642, 24.1844868 ] } },
{ "type": "Feature", "properties": { "id": 242, "state": "Manipur", "state_code": null, "district": "PHERZAWL", "district_code": 718.0, "sub_district": null, "sub_district_code": null, "sub_district_type": null, "village": "B. Munpi", "village_category": "Rural", "village_code": "7903877890" }, "geometry": { "type": "Point", "coordinates": [ 93.4557034, 24.245624 ] } },
{ "type": "Feature", "properties": { "id": 243, "state": "Manipur", "state_code": null, "district": "SENAPATI", "district_code": 272.0, "sub_district": null, "sub_district_code": null, "sub_district_type": null, "village": "Mao Gate", "village_category": "Rural", "village_code": "8148134767" }, "geometry": { "type": "Point", "coordinates": [ 94.1374149, 25.5136135 ] } },
{ "type": "Feature", "properties": { "id": 244, "state": "Manipur", "state_code": null, "district": "SENAPATI", "district_code": 272.0, "sub_district": null, "sub_district_code": null, "sub_district_type": null, "village": "Maram", "village_category": "Rural", "village_code": "8148134769" }, "geometry": { "type": "Point", "coordinates": [ 94.0953472, 25.4142477 ] } },
{ "type": "Feature", "properties": { "id": 245, "state": "Manipur", "state_code": null, "district": "SENAPATI", "district_code": 272.0, "sub_district": null, "sub_district_code": null, "sub_district_type": null, "village": "Tadubi", "village_category": "Rural", "village_code": "8148134770" }, "geometry": { "type": "Point", "coordinates": [ 94.1380937, 25.4805913 ] } },
{ "type": "Feature", "properties": { "id": 246, "state": "Manipur", "state_code": null, "district": "CHANDEL", "district_code": 280.0, "sub_district": null, "sub_district_code": null, "sub_district_type": null, "village": "Kuljang new Mombi", "village_category": "Rural", "village_code": "8484076954" }, "geometry": { "type": "Point", "coordinates": [ 93.9091641, 24.1527009 ] } },
{ "type": "Feature", "properties": { "id": 247, "state": "Manipur", "state_code": null, "district": "CHANDEL", "district_code": 280.0, "sub_district": null, "sub_district_code": null, "sub_district_type": null, "village": "Khangbarol", "village_category": "Rural", "village_code": "8484076955" }, "geometry": { "type": "Point", "coordinates": [ 94.0392378, 24.1060743 ] } },
{ "type": "Feature", "properties": { "id": 248, "state": "Manipur", "state_code": null, "district": "CHANDEL", "district_code": 280.0, "sub_district": null, "sub_district_code": null, "sub_district_type": null, "village": "Dingpi", "village_category": "Rural", "village_code": "8484076983" }, "geometry": { "type": "Point", "coordinates": [ 93.9848858, 24.0890809 ] } },
{ "type": "Feature", "properties": { "id": 249, "state": "Manipur", "state_code": null, "district": "CHANDEL", "district_code": 280.0, "sub_district": null, "sub_district_code": null, "sub_district_type": null, "village": "L. Molhoi", "village_category": "Rural", "village_code": "8484076984" }, "geometry": { "type": "Point", "coordinates": [ 93.8693735, 24.1689066 ] } },
{ "type": "Feature", "properties": { "id": 250, "state": "Manipur", "state_code": null, "district": "CHANDEL", "district_code": 280.0, "sub_district": null, "sub_district_code": null, "sub_district_type": null, "village": "Unnamed Village", "village_category": "Rural", "village_code": "8484084093" }, "geometry": { "type": "Point", "coordinates": [ 93.8900238, 24.1681358 ] } },
{ "type": "Feature", "properties": { "id": 251, "state": "Manipur", "state_code": null, "district": "CHANDEL", "district_code": 280.0, "sub_district": null, "sub_district_code": null, "sub_district_type": null, "village": "Lonpi", "village_category": "Rural", "village_code": "8484084251" }, "geometry": { "type": "Point", "coordinates": [ 93.914904, 24.1318914 ] } },
{ "type": "Feature", "properties": { "id": 252, "state": "Manipur", "state_code": null, "district": "CHANDEL", "district_code": 280.0, "sub_district": null, "sub_district_code": null, "sub_district_type": null, "village": "T. Bolnoi", "village_category": "Rural", "village_code": "8484084500" }, "geometry": { "type": "Point", "coordinates": [ 94.0000212, 24.0869957 ] } },
{ "type": "Feature", "properties": { "id": 253, "state": "Manipur", "state_code": null, "district": "BISHNUPUR", "district_code": 275.0, "sub_district": null, "sub_district_code": null, "sub_district_type": null, "village": "T. Munnomjang", "village_category": "Rural", "village_code": "8484086795" }, "geometry": { "type": "Point", "coordinates": [ 93.730832, 24.4148511 ] } },
{ "type": "Feature", "properties": { "id": 254, "state": "Manipur", "state_code": null, "district": "CHURACHANDPUR", "district_code": 274.0, "sub_district": null, "sub_district_code": null, "sub_district_type": null, "village": "Pearsonmun", "village_category": "Rural", "village_code": "8484092356" }, "geometry": { "type": "Point", "coordinates": [ 93.673349, 24.3328144 ] } },
{ "type": "Feature", "properties": { "id": 255, "state": "Manipur", "state_code": null, "district": "CHURACHANDPUR", "district_code": 274.0, "sub_district": null, "sub_district_code": null, "sub_district_type": null, "village": "Bungmual", "village_category": "Rural", "village_code": "8484092362" }, "geometry": { "type": "Point", "coordinates": [ 93.6818443, 24.3370544 ] } },
{ "type": "Feature", "properties": { "id": 256, "state": "Manipur", "state_code": null, "district": "CHURACHANDPUR", "district_code": 274.0, "sub_district": null, "sub_district_code": null, "sub_district_type": null, "village": "Unnamed Hamlet", "village_category": "Rural", "village_code": "8484095431" }, "geometry": { "type": "Point", "coordinates": [ 93.8296151, 24.2588692 ] } },
{ "type": "Feature", "properties": { "id": 257, "state": "Manipur", "state_code": null, "district": "CHURACHANDPUR", "district_code": 274.0, "sub_district": null, "sub_district_code": null, "sub_district_type": null, "village": "Unnamed Hamlet", "village_category": "Rural", "village_code": "8484095455" }, "geometry": { "type": "Point", "coordinates": [ 93.825801, 24.2584192 ] } },
{ "type": "Feature", "properties": { "id": 258, "state": "Manipur", "state_code": null, "district": "CHURACHANDPUR", "district_code": 274.0, "sub_district": null, "sub_district_code": null, "sub_district_type": null, "village": "Unnamed Village", "village_category": "Rural", "village_code": "8484095465" }, "geometry": { "type": "Point", "coordinates": [ 93.8266459, 24.2617375 ] } },
{ "type": "Feature", "properties": { "id": 259, "state": "Manipur", "state_code": null, "district": "BISHNUPUR", "district_code": 275.0, "sub_district": null, "sub_district_code": null, "sub_district_type": null, "village": "Saiton", "village_category": "Urban", "village_code": "8484112277" }, "geometry": { "type": "Point", "coordinates": [ 93.7504256, 24.4281026 ] } },
{ "type": "Feature", "properties": { "id": 260, "state": "Manipur", "state_code": null, "district": "PHERZAWL", "district_code": 718.0, "sub_district": null, "sub_district_code": null, "sub_district_type": null, "village": "Phailianbung", "village_category": "Rural", "village_code": "8777055305" }, "geometry": { "type": "Point", "coordinates": [ 93.4687293, 24.2754672 ] } },
{ "type": "Feature", "properties": { "id": 261, "state": "Manipur", "state_code": null, "district": "IMPHAL WEST", "district_code": 277.0, "sub_district": null, "sub_district_code": null, "sub_district_type": null, "village": "Maklang", "village_category": "Rural", "village_code": "8906484781" }, "geometry": { "type": "Point", "coordinates": [ 93.8246798, 24.8084976 ] } },
{ "type": "Feature", "properties": { "id": 262, "state": "Manipur", "state_code": null, "district": "NONEY", "district_code": 659.0, "sub_district": null, "sub_district_code": null, "sub_district_type": null, "village": "Unnamed Hamlet", "village_category": "Rural", "village_code": "9024560307" }, "geometry": { "type": "Point", "coordinates": [ 93.2133829, 24.6589133 ] } },
{ "type": "Feature", "properties": { "id": 263, "state": "Manipur", "state_code": null, "district": "KAMJANG", "district_code": 670.0, "sub_district": null, "sub_district_code": null, "sub_district_type": null, "village": "Louphong", "village_category": "Rural", "village_code": "9195838415" }, "geometry": { "type": "Point", "coordinates": [ 94.1493934, 24.8273066 ] } },
{ "type": "Feature", "properties": { "id": 264, "state": "Manipur", "state_code": null, "district": "KAMJANG", "district_code": 670.0, "sub_district": null, "sub_district_code": null, "sub_district_type": null, "village": "Chadong", "village_category": "Rural", "village_code": "9195838468" }, "geometry": { "type": "Point", "coordinates": [ 94.1481543, 24.8539643 ] } },
{ "type": "Feature", "properties": { "id": 265, "state": "Manipur", "state_code": null, "district": "NONEY", "district_code": 659.0, "sub_district": null, "sub_district_code": null, "sub_district_type": null, "village": "Unnamed Hamlet", "village_category": "Rural", "village_code": "9621177664" }, "geometry": { "type": "Point", "coordinates": [ 93.2202816, 24.6276982 ] } },
{ "type": "Feature", "properties": { "id": 266, "state": "Manipur", "state_code": null, "district": "TENGNOUPAL", "district_code": 667.0, "sub_district": null, "sub_district_code": null, "sub_district_type": null, "village": "Old Narum", "village_category": "Rural", "village_code": "9635135901" }, "geometry": { "type": "Point", "coordinates": [ 94.3205541, 24.4796726 ] } },
{ "type": "Feature", "properties": { "id": 267, "state": "Manipur", "state_code": null, "district": "TENGNOUPAL", "district_code": 667.0, "sub_district": null, "sub_district_code": null, "sub_district_type": null, "village": "Saibol", "village_category": "Rural", "village_code": "9635160085" }, "geometry": { "type": "Point", "coordinates": [ 94.3378261, 24.4897134 ] } },
{ "type": "Feature", "properties": { "id": 268, "state": "Manipur", "state_code": null, "district": "THOUBAL", "district_code": 276.0, "sub_district": null, "sub_district_code": null, "sub_district_type": null, "village": "Waithou", "village_category": "Rural", "village_code": "9638040473" }, "geometry": { "type": "Point", "coordinates": [ 93.9603121, 24.6735788 ] } },
{ "type": "Feature", "properties": { "id": 269, "state": "Manipur", "state_code": null, "district": "THOUBAL", "district_code": 276.0, "sub_district": null, "sub_district_code": null, "sub_district_type": null, "village": "Chaobok", "village_category": "Urban", "village_code": "9638194046" }, "geometry": { "type": "Point", "coordinates": [ 93.9817782, 24.6557921 ] } },
{ "type": "Feature", "properties": { "id": 270, "state": "Manipur", "state_code": null, "district": "TENGNOUPAL", "district_code": 667.0, "sub_district": null, "sub_district_code": null, "sub_district_type": null, "village": "Narum", "village_category": "Rural", "village_code": "9642317844" }, "geometry": { "type": "Point", "coordinates": [ 94.2867265, 24.4541736 ] } },
{ "type": "Feature", "properties": { "id": 271, "state": "Manipur", "state_code": null, "district": "TENGNOUPAL", "district_code": 667.0, "sub_district": null, "sub_district_code": null, "sub_district_type": null, "village": "Youngkhul", "village_category": "Rural", "village_code": "9642338733" }, "geometry": { "type": "Point", "coordinates": [ 94.3449315, 24.5013426 ] } },
{ "type": "Feature", "properties": { "id": 272, "state": "Manipur", "state_code": null, "district": "TENGNOUPAL", "district_code": 667.0, "sub_district": null, "sub_district_code": null, "sub_district_type": null, "village": "Khulsaibung", "village_category": "Rural", "village_code": "9642391972" }, "geometry": { "type": "Point", "coordinates": [ 94.1010912, 24.51548 ] } },
{ "type": "Feature", "properties": { "id": 273, "state": "Manipur", "state_code": null, "district": "TENGNOUPAL", "district_code": 667.0, "sub_district": null, "sub_district_code": null, "sub_district_type": null, "village": "Bongmol", "village_category": "Rural", "village_code": "9642392231" }, "geometry": { "type": "Point", "coordinates": [ 94.2036449, 24.530138 ] } },
{ "type": "Feature", "properties": { "id": 274, "state": "Manipur", "state_code": null, "district": "TENGNOUPAL", "district_code": 667.0, "sub_district": null, "sub_district_code": null, "sub_district_type": null, "village": "Khongbung", "village_category": "Rural", "village_code": "9642392241" }, "geometry": { "type": "Point", "coordinates": [ 94.247913, 24.5382492 ] } },
{ "type": "Feature", "properties": { "id": 275, "state": "Manipur", "state_code": null, "district": "TENGNOUPAL", "district_code": 667.0, "sub_district": null, "sub_district_code": null, "sub_district_type": null, "village": "Maohleng", "village_category": "Rural", "village_code": "9649696280" }, "geometry": { "type": "Point", "coordinates": [ 94.3026332, 24.546799 ] } },
{ "type": "Feature", "properties": { "id": 276, "state": "Manipur", "state_code": null, "district": "KAMJANG", "district_code": 670.0, "sub_district": null, "sub_district_code": null, "sub_district_type": null, "village": "Punomram", "village_category": "Rural", "village_code": "9649696314" }, "geometry": { "type": "Point", "coordinates": [ 94.4000405, 24.590989 ] } },
{ "type": "Feature", "properties": { "id": 277, "state": "Manipur", "state_code": null, "district": "KAMJANG", "district_code": 670.0, "sub_district": null, "sub_district_code": null, "sub_district_type": null, "village": "Kangpat Khullen", "village_category": "Rural", "village_code": "9649701796" }, "geometry": { "type": "Point", "coordinates": [ 94.4705234, 24.6728085 ] } },
{ "type": "Feature", "properties": { "id": 278, "state": "Manipur", "state_code": null, "district": "KAMJANG", "district_code": 670.0, "sub_district": null, "sub_district_code": null, "sub_district_type": null, "village": "Kangpat Centre", "village_category": "Rural", "village_code": "9649701797" }, "geometry": { "type": "Point", "coordinates": [ 94.4852557, 24.6754943 ] } },
{ "type": "Feature", "properties": { "id": 279, "state": "Manipur", "state_code": null, "district": "KAMJANG", "district_code": 670.0, "sub_district": null, "sub_district_code": null, "sub_district_type": null, "village": "Kangpat Khunou", "village_category": "Rural", "village_code": "9649701830" }, "geometry": { "type": "Point", "coordinates": [ 94.4895437, 24.6897372 ] } },
{ "type": "Feature", "properties": { "id": 280, "state": "Manipur", "state_code": null, "district": "PHERZAWL", "district_code": 718.0, "sub_district": null, "sub_district_code": null, "sub_district_type": null, "village": "Kangreng", "village_category": "Rural", "village_code": "9728731317" }, "geometry": { "type": "Point", "coordinates": [ 93.0478084, 24.4746011 ] } },
{ "type": "Feature", "properties": { "id": 281, "state": "Manipur", "state_code": null, "district": "TENGNOUPAL", "district_code": 667.0, "sub_district": null, "sub_district_code": null, "sub_district_type": null, "village": "Gomi", "village_category": "Rural", "village_code": "9820287174" }, "geometry": { "type": "Point", "coordinates": [ 94.1960418, 24.5191967 ] } },
{ "type": "Feature", "properties": { "id": 282, "state": "Manipur", "state_code": null, "district": "TENGNOUPAL", "district_code": 667.0, "sub_district": null, "sub_district_code": null, "sub_district_type": null, "village": "Parengtong", "village_category": "Rural", "village_code": "9820287175" }, "geometry": { "type": "Point", "coordinates": [ 94.1583491, 24.5354656 ] } },
{ "type": "Feature", "properties": { "id": 283, "state": "Manipur", "state_code": null, "district": "TENGNOUPAL", "district_code": 667.0, "sub_district": null, "sub_district_code": null, "sub_district_type": null, "village": "Kambang Khullen", "village_category": "Rural", "village_code": "9820494213" }, "geometry": { "type": "Point", "coordinates": [ 94.2413053, 24.4402976 ] } },
{ "type": "Feature", "properties": { "id": 284, "state": "Manipur", "state_code": null, "district": "TENGNOUPAL", "district_code": 667.0, "sub_district": null, "sub_district_code": null, "sub_district_type": null, "village": "Khampang Khunou", "village_category": "Rural", "village_code": "9820494214" }, "geometry": { "type": "Point", "coordinates": [ 94.276857, 24.4238904 ] } },
{ "type": "Feature", "properties": { "id": 285, "state": "Manipur", "state_code": null, "district": "TENGNOUPAL", "district_code": 667.0, "sub_district": null, "sub_district_code": null, "sub_district_type": null, "village": "Rilam Center", "village_category": "Rural", "village_code": "9820494215" }, "geometry": { "type": "Point", "coordinates": [ 94.287743, 24.4355629 ] } },
{ "type": "Feature", "properties": { "id": 286, "state": "Manipur", "state_code": null, "district": "TENGNOUPAL", "district_code": 667.0, "sub_district": null, "sub_district_code": null, "sub_district_type": null, "village": "Kharou Khulen", "village_category": "Rural", "village_code": "9820494216" }, "geometry": { "type": "Point", "coordinates": [ 94.3003601, 24.428608 ] } },
{ "type": "Feature", "properties": { "id": 287, "state": "Manipur", "state_code": null, "district": "TENGNOUPAL", "district_code": 667.0, "sub_district": null, "sub_district_code": null, "sub_district_type": null, "village": "Kangoi Khunou", "village_category": "Rural", "village_code": "9820496732" }, "geometry": { "type": "Point", "coordinates": [ 94.0788269, 24.460286 ] } },
{ "type": "Feature", "properties": { "id": 288, "state": "Manipur", "state_code": null, "district": "TENGNOUPAL", "district_code": 667.0, "sub_district": null, "sub_district_code": null, "sub_district_type": null, "village": "Unnamed Village", "village_category": "Rural", "village_code": "9820496748" }, "geometry": { "type": "Point", "coordinates": [ 94.093178, 24.4546991 ] } },
{ "type": "Feature", "properties": { "id": 289, "state": "Manipur", "state_code": null, "district": "TENGNOUPAL", "district_code": 667.0, "sub_district": null, "sub_district_code": null, "sub_district_type": null, "village": "Unnamed Village", "village_category": "Rural", "village_code": "9820496749" }, "geometry": { "type": "Point", "coordinates": [ 94.0994961, 24.4521217 ] } },
{ "type": "Feature", "properties": { "id": 290, "state": "Manipur", "state_code": null, "district": "TENGNOUPAL", "district_code": 667.0, "sub_district": null, "sub_district_code": null, "sub_district_type": null, "village": "Khudei Laipham", "village_category": "Rural", "village_code": "9820496750" }, "geometry": { "type": "Point", "coordinates": [ 94.1901853, 24.4285869 ] } },
{ "type": "Feature", "properties": { "id": 291, "state": "Manipur", "state_code": null, "district": "TENGNOUPAL", "district_code": 667.0, "sub_district": null, "sub_district_code": null, "sub_district_type": null, "village": "Sita Khopi", "village_category": "Rural", "village_code": "9820496751" }, "geometry": { "type": "Point", "coordinates": [ 94.2237895, 24.4552944 ] } },
{ "type": "Feature", "properties": { "id": 292, "state": "Manipur", "state_code": null, "district": "TENGNOUPAL", "district_code": 667.0, "sub_district": null, "sub_district_code": null, "sub_district_type": null, "village": "Lamlong Khullen", "village_category": "Rural", "village_code": "9820516009" }, "geometry": { "type": "Point", "coordinates": [ 94.1107906, 24.5111174 ] } },
{ "type": "Feature", "properties": { "id": 293, "state": "Manipur", "state_code": null, "district": "TENGNOUPAL", "district_code": 667.0, "sub_district": null, "sub_district_code": null, "sub_district_type": null, "village": "Unnamed Village", "village_category": "Rural", "village_code": "9820516010" }, "geometry": { "type": "Point", "coordinates": [ 94.1064736, 24.5264039 ] } },
{ "type": "Feature", "properties": { "id": 294, "state": "Manipur", "state_code": null, "district": "TENGNOUPAL", "district_code": 667.0, "sub_district": null, "sub_district_code": null, "sub_district_type": null, "village": "Khunbi", "village_category": "Rural", "village_code": "9820516011" }, "geometry": { "type": "Point", "coordinates": [ 94.0870923, 24.4902491 ] } },
{ "type": "Feature", "properties": { "id": 295, "state": "Manipur", "state_code": null, "district": "TENGNOUPAL", "district_code": 667.0, "sub_district": null, "sub_district_code": null, "sub_district_type": null, "village": "Langgol", "village_category": "Rural", "village_code": "9820516012" }, "geometry": { "type": "Point", "coordinates": [ 94.0753982, 24.4976629 ] } },
{ "type": "Feature", "properties": { "id": 296, "state": "Manipur", "state_code": null, "district": "TENGNOUPAL", "district_code": 667.0, "sub_district": null, "sub_district_code": null, "sub_district_type": null, "village": "Khulsaibung (Karongthel)", "village_category": "Rural", "village_code": "9820516077" }, "geometry": { "type": "Point", "coordinates": [ 94.0926884, 24.5346719 ] } },
{ "type": "Feature", "properties": { "id": 297, "state": "Manipur", "state_code": null, "district": "THOUBAL", "district_code": 276.0, "sub_district": null, "sub_district_code": null, "sub_district_type": null, "village": "Unnamed Village", "village_category": "Rural", "village_code": "9820516094" }, "geometry": { "type": "Point", "coordinates": [ 94.0818333, 24.5202087 ] } },
{ "type": "Feature", "properties": { "id": 298, "state": "Manipur", "state_code": null, "district": "TENGNOUPAL", "district_code": 667.0, "sub_district": null, "sub_district_code": null, "sub_district_type": null, "village": "Khudai Khunou", "village_category": "Rural", "village_code": "9820516109" }, "geometry": { "type": "Point", "coordinates": [ 94.1506225, 24.481794 ] } },
{ "type": "Feature", "properties": { "id": 299, "state": "Manipur", "state_code": null, "district": "TENGNOUPAL", "district_code": 667.0, "sub_district": null, "sub_district_code": null, "sub_district_type": null, "village": "Phungchong", "village_category": "Rural", "village_code": "9820516117" }, "geometry": { "type": "Point", "coordinates": [ 94.1289665, 24.4668867 ] } },
{ "type": "Feature", "properties": { "id": 300, "state": "Manipur", "state_code": null, "district": "TENGNOUPAL", "district_code": 667.0, "sub_district": null, "sub_district_code": null, "sub_district_type": null, "village": "Kharoun Khuno", "village_category": "Rural", "village_code": "9820523117" }, "geometry": { "type": "Point", "coordinates": [ 94.3067545, 24.4361685 ] } },
{ "type": "Feature", "properties": { "id": 301, "state": "Manipur", "state_code": null, "district": "TENGNOUPAL", "district_code": 667.0, "sub_district": null, "sub_district_code": null, "sub_district_type": null, "village": "Moirangthel", "village_category": "Rural", "village_code": "9820523118" }, "geometry": { "type": "Point", "coordinates": [ 94.3929588, 24.4818542 ] } },
{ "type": "Feature", "properties": { "id": 302, "state": "Manipur", "state_code": null, "district": "KAMJANG", "district_code": 670.0, "sub_district": null, "sub_district_code": null, "sub_district_type": null, "village": "Khamlang", "village_category": "Rural", "village_code": "9821970565" }, "geometry": { "type": "Point", "coordinates": [ 94.2615405, 24.695849 ] } },
{ "type": "Feature", "properties": { "id": 303, "state": "Manipur", "state_code": null, "district": "KAMJANG", "district_code": 670.0, "sub_district": null, "sub_district_code": null, "sub_district_type": null, "village": "Hongbei", "village_category": "Rural", "village_code": "9821970587" }, "geometry": { "type": "Point", "coordinates": [ 94.2314429, 24.7199522 ] } },
{ "type": "Feature", "properties": { "id": 304, "state": "Manipur", "state_code": null, "district": "KAMJANG", "district_code": 670.0, "sub_district": null, "sub_district_code": null, "sub_district_type": null, "village": "Unnamed Village", "village_category": "Rural", "village_code": "9821970588" }, "geometry": { "type": "Point", "coordinates": [ 94.2022925, 24.6833949 ] } },
{ "type": "Feature", "properties": { "id": 305, "state": "Manipur", "state_code": null, "district": "KAMJANG", "district_code": 670.0, "sub_district": null, "sub_district_code": null, "sub_district_type": null, "village": "Unnamed Village", "village_category": "Rural", "village_code": "9821970600" }, "geometry": { "type": "Point", "coordinates": [ 94.2092518, 24.6281487 ] } },
{ "type": "Feature", "properties": { "id": 306, "state": "Manipur", "state_code": null, "district": "TENGNOUPAL", "district_code": 667.0, "sub_district": null, "sub_district_code": null, "sub_district_type": null, "village": "Unnamed Village", "village_category": "Rural", "village_code": "9821992042" }, "geometry": { "type": "Point", "coordinates": [ 94.1659512, 24.5784755 ] } },
{ "type": "Feature", "properties": { "id": 307, "state": "Manipur", "state_code": null, "district": "TENGNOUPAL", "district_code": 667.0, "sub_district": null, "sub_district_code": null, "sub_district_type": null, "village": "Khoibu", "village_category": "Rural", "village_code": "9821992043" }, "geometry": { "type": "Point", "coordinates": [ 94.1809535, 24.5547023 ] } },
{ "type": "Feature", "properties": { "id": 308, "state": "Manipur", "state_code": null, "district": "TENGNOUPAL", "district_code": 667.0, "sub_district": null, "sub_district_code": null, "sub_district_type": null, "village": "Semang", "village_category": "Rural", "village_code": "9821992044" }, "geometry": { "type": "Point", "coordinates": [ 94.1959927, 24.5076217 ] } },
{ "type": "Feature", "properties": { "id": 309, "state": "Manipur", "state_code": null, "district": "TENGNOUPAL", "district_code": 667.0, "sub_district": null, "sub_district_code": null, "sub_district_type": null, "village": "Unnamed Village", "village_category": "Rural", "village_code": "9821992045" }, "geometry": { "type": "Point", "coordinates": [ 94.1925319, 24.4728602 ] } },
{ "type": "Feature", "properties": { "id": 310, "state": "Manipur", "state_code": null, "district": "TENGNOUPAL", "district_code": 667.0, "sub_district": null, "sub_district_code": null, "sub_district_type": null, "village": "Khudei Khullen", "village_category": "Rural", "village_code": "9821992046" }, "geometry": { "type": "Point", "coordinates": [ 94.152005, 24.4521489 ] } },
{ "type": "Feature", "properties": { "id": 311, "state": "Manipur", "state_code": null, "district": "TENGNOUPAL", "district_code": 667.0, "sub_district": null, "sub_district_code": null, "sub_district_type": null, "village": "Kangoi Khullen", "village_category": "Rural", "village_code": "9821992047" }, "geometry": { "type": "Point", "coordinates": [ 94.1073704, 24.4647792 ] } },
{ "type": "Feature", "properties": { "id": 312, "state": "Manipur", "state_code": null, "district": "TENGNOUPAL", "district_code": 667.0, "sub_district": null, "sub_district_code": null, "sub_district_type": null, "village": "Phalbung", "village_category": "Rural", "village_code": "9821992048" }, "geometry": { "type": "Point", "coordinates": [ 94.1566069, 24.4066663 ] } },
{ "type": "Feature", "properties": { "id": 313, "state": "Manipur", "state_code": null, "district": "TENGNOUPAL", "district_code": 667.0, "sub_district": null, "sub_district_code": null, "sub_district_type": null, "village": "Loikong", "village_category": "Rural", "village_code": "9821992049" }, "geometry": { "type": "Point", "coordinates": [ 94.1943432, 24.4124536 ] } },
{ "type": "Feature", "properties": { "id": 314, "state": "Manipur", "state_code": null, "district": "TENGNOUPAL", "district_code": 667.0, "sub_district": null, "sub_district_code": null, "sub_district_type": null, "village": "Lamlong Khunou (Lampi)", "village_category": "Rural", "village_code": "9822012165" }, "geometry": { "type": "Point", "coordinates": [ 94.321213, 24.4181016 ] } },
{ "type": "Feature", "properties": { "id": 315, "state": "Manipur", "state_code": null, "district": "TENGNOUPAL", "district_code": 667.0, "sub_district": null, "sub_district_code": null, "sub_district_type": null, "village": "Kwatha", "village_category": "Rural", "village_code": "9822262617" }, "geometry": { "type": "Point", "coordinates": [ 94.2779608, 24.3359345 ] } },
{ "type": "Feature", "properties": { "id": 316, "state": "Manipur", "state_code": null, "district": "TENGNOUPAL", "district_code": 667.0, "sub_district": null, "sub_district_code": null, "sub_district_type": null, "village": "Langkhongching", "village_category": "Rural", "village_code": "9822262632" }, "geometry": { "type": "Point", "coordinates": [ 94.2582829, 24.3499761 ] } },
{ "type": "Feature", "properties": { "id": 317, "state": "Manipur", "state_code": null, "district": "TENGNOUPAL", "district_code": 667.0, "sub_district": null, "sub_district_code": null, "sub_district_type": null, "village": "Chingkhan Yonyer", "village_category": "Rural", "village_code": "9822508284" }, "geometry": { "type": "Point", "coordinates": [ 94.2154187, 24.5666858 ] } },
{ "type": "Feature", "properties": { "id": 318, "state": "Manipur", "state_code": null, "district": "TENGNOUPAL", "district_code": 667.0, "sub_district": null, "sub_district_code": null, "sub_district_type": null, "village": "Thamlai", "village_category": "Rural", "village_code": "9822534539" }, "geometry": { "type": "Point", "coordinates": [ 94.1205123, 24.5729097 ] } },
{ "type": "Feature", "properties": { "id": 319, "state": "Manipur", "state_code": null, "district": "TENGNOUPAL", "district_code": 667.0, "sub_district": null, "sub_district_code": null, "sub_district_type": null, "village": "Wabaching", "village_category": "Rural", "village_code": "9822534540" }, "geometry": { "type": "Point", "coordinates": [ 94.1154355, 24.5812035 ] } },
{ "type": "Feature", "properties": { "id": 320, "state": "Manipur", "state_code": null, "district": "TENGNOUPAL", "district_code": 667.0, "sub_district": null, "sub_district_code": null, "sub_district_type": null, "village": "Unnamed Village", "village_category": "Rural", "village_code": "9822534541" }, "geometry": { "type": "Point", "coordinates": [ 94.1048809, 24.5836343 ] } },
{ "type": "Feature", "properties": { "id": 321, "state": "Manipur", "state_code": null, "district": "TENGNOUPAL", "district_code": 667.0, "sub_district": null, "sub_district_code": null, "sub_district_type": null, "village": "Heinoukhong", "village_category": "Rural", "village_code": "9822534542" }, "geometry": { "type": "Point", "coordinates": [ 94.104541, 24.5719559 ] } },
{ "type": "Feature", "properties": { "id": 322, "state": "Manipur", "state_code": null, "district": "TENGNOUPAL", "district_code": 667.0, "sub_district": null, "sub_district_code": null, "sub_district_type": null, "village": "Ingourok", "village_category": "Rural", "village_code": "9822534543" }, "geometry": { "type": "Point", "coordinates": [ 94.1167123, 24.5487379 ] } },
{ "type": "Feature", "properties": { "id": 323, "state": "Manipur", "state_code": null, "district": "TENGNOUPAL", "district_code": 667.0, "sub_district": null, "sub_district_code": null, "sub_district_type": null, "village": "Konaitong", "village_category": "Rural", "village_code": "9822534544" }, "geometry": { "type": "Point", "coordinates": [ 94.1286326, 24.5512607 ] } },
{ "type": "Feature", "properties": { "id": 324, "state": "Manipur", "state_code": null, "district": "TENGNOUPAL", "district_code": 667.0, "sub_district": null, "sub_district_code": null, "sub_district_type": null, "village": "Thabikeithel", "village_category": "Rural", "village_code": "9822561828" }, "geometry": { "type": "Point", "coordinates": [ 94.1354852, 24.5351111 ] } },
{ "type": "Feature", "properties": { "id": 325, "state": "Manipur", "state_code": null, "district": "KAMJANG", "district_code": 670.0, "sub_district": null, "sub_district_code": null, "sub_district_type": null, "village": "Kashong", "village_category": "Rural", "village_code": "9822592872" }, "geometry": { "type": "Point", "coordinates": [ 94.3795169, 24.5973159 ] } },
{ "type": "Feature", "properties": { "id": 326, "state": "Manipur", "state_code": null, "district": "KAMJANG", "district_code": 670.0, "sub_district": null, "sub_district_code": null, "sub_district_type": null, "village": "Manthou", "village_category": "Rural", "village_code": "9822592873" }, "geometry": { "type": "Point", "coordinates": [ 94.3982337, 24.6236488 ] } },
{ "type": "Feature", "properties": { "id": 327, "state": "Manipur", "state_code": null, "district": "KAMJANG", "district_code": 670.0, "sub_district": null, "sub_district_code": null, "sub_district_type": null, "village": "Unnamed Village", "village_category": "Rural", "village_code": "9822592887" }, "geometry": { "type": "Point", "coordinates": [ 94.4191469, 24.6457186 ] } },
{ "type": "Feature", "properties": { "id": 328, "state": "Manipur", "state_code": null, "district": "KAMJANG", "district_code": 670.0, "sub_district": null, "sub_district_code": null, "sub_district_type": null, "village": "Unnamed Hamlet", "village_category": "Rural", "village_code": "9822592888" }, "geometry": { "type": "Point", "coordinates": [ 94.4685829, 24.6625142 ] } },
{ "type": "Feature", "properties": { "id": 329, "state": "Manipur", "state_code": null, "district": "TENGNOUPAL", "district_code": 667.0, "sub_district": null, "sub_district_code": null, "sub_district_type": null, "village": "Sairel Saisem", "village_category": "Rural", "village_code": "9822612531" }, "geometry": { "type": "Point", "coordinates": [ 94.3437312, 24.5134102 ] } },
{ "type": "Feature", "properties": { "id": 330, "state": "Manipur", "state_code": null, "district": "CHANDEL", "district_code": 280.0, "sub_district": null, "sub_district_code": null, "sub_district_type": null, "village": "Unnamed Village", "village_category": "Rural", "village_code": "9822622902" }, "geometry": { "type": "Point", "coordinates": [ 94.0890708, 24.1635911 ] } },
{ "type": "Feature", "properties": { "id": 331, "state": "Manipur", "state_code": null, "district": "CHANDEL", "district_code": 280.0, "sub_district": null, "sub_district_code": null, "sub_district_type": null, "village": "Unnamed Village", "village_category": "Rural", "village_code": "9822622903" }, "geometry": { "type": "Point", "coordinates": [ 94.1046892, 24.1883069 ] } },
{ "type": "Feature", "properties": { "id": 332, "state": "Manipur", "state_code": null, "district": "CHANDEL", "district_code": 280.0, "sub_district": null, "sub_district_code": null, "sub_district_type": null, "village": "Khunthak", "village_category": "Rural", "village_code": "9822622904" }, "geometry": { "type": "Point", "coordinates": [ 94.1070281, 24.2075269 ] } },
{ "type": "Feature", "properties": { "id": 333, "state": "Manipur", "state_code": null, "district": "CHANDEL", "district_code": 280.0, "sub_district": null, "sub_district_code": null, "sub_district_type": null, "village": "Unnamed Village", "village_category": "Rural", "village_code": "9822622905" }, "geometry": { "type": "Point", "coordinates": [ 94.0653513, 24.2276203 ] } },
{ "type": "Feature", "properties": { "id": 334, "state": "Manipur", "state_code": null, "district": "CHANDEL", "district_code": 280.0, "sub_district": null, "sub_district_code": null, "sub_district_type": null, "village": "Ralruwng", "village_category": "Rural", "village_code": "9822622907" }, "geometry": { "type": "Point", "coordinates": [ 94.1121136, 24.2670279 ] } },
{ "type": "Feature", "properties": { "id": 335, "state": "Manipur", "state_code": null, "district": "CHANDEL", "district_code": 280.0, "sub_district": null, "sub_district_code": null, "sub_district_type": null, "village": "Wamkhu", "village_category": "Rural", "village_code": "9822622908" }, "geometry": { "type": "Point", "coordinates": [ 94.092909, 24.2540578 ] } },
{ "type": "Feature", "properties": { "id": 336, "state": "Manipur", "state_code": null, "district": "CHANDEL", "district_code": 280.0, "sub_district": null, "sub_district_code": null, "sub_district_type": null, "village": "Unnamed Village", "village_category": "Rural", "village_code": "9822622909" }, "geometry": { "type": "Point", "coordinates": [ 94.1297733, 24.2804465 ] } },
{ "type": "Feature", "properties": { "id": 337, "state": "Manipur", "state_code": null, "district": "CHANDEL", "district_code": 280.0, "sub_district": null, "sub_district_code": null, "sub_district_type": null, "village": "Unnamed Village", "village_category": "Rural", "village_code": "9822622910" }, "geometry": { "type": "Point", "coordinates": [ 94.1562091, 24.3139085 ] } },
{ "type": "Feature", "properties": { "id": 338, "state": "Manipur", "state_code": null, "district": "TENGNOUPAL", "district_code": 667.0, "sub_district": null, "sub_district_code": null, "sub_district_type": null, "village": "Chamol", "village_category": "Rural", "village_code": "9822622911" }, "geometry": { "type": "Point", "coordinates": [ 94.1626255, 24.3710937 ] } },
{ "type": "Feature", "properties": { "id": 339, "state": "Manipur", "state_code": null, "district": "CHANDEL", "district_code": 280.0, "sub_district": null, "sub_district_code": null, "sub_district_type": null, "village": "Unnamed Village", "village_category": "Rural", "village_code": "9822622912" }, "geometry": { "type": "Point", "coordinates": [ 94.0957199, 24.357957 ] } },
{ "type": "Feature", "properties": { "id": 340, "state": "Manipur", "state_code": null, "district": "CHANDEL", "district_code": 280.0, "sub_district": null, "sub_district_code": null, "sub_district_type": null, "village": "Unnamed Village", "village_category": "Rural", "village_code": "9822622913" }, "geometry": { "type": "Point", "coordinates": [ 94.0572034, 24.3584457 ] } },
{ "type": "Feature", "properties": { "id": 341, "state": "Manipur", "state_code": null, "district": "CHANDEL", "district_code": 280.0, "sub_district": null, "sub_district_code": null, "sub_district_type": null, "village": "Lamgang Khunou", "village_category": "Rural", "village_code": "9822622914" }, "geometry": { "type": "Point", "coordinates": [ 94.0762873, 24.4001581 ] } },
{ "type": "Feature", "properties": { "id": 342, "state": "Manipur", "state_code": null, "district": "CHANDEL", "district_code": 280.0, "sub_district": null, "sub_district_code": null, "sub_district_type": null, "village": "Unnamed Village", "village_category": "Rural", "village_code": "9822622915" }, "geometry": { "type": "Point", "coordinates": [ 94.0381919, 24.4045501 ] } },
{ "type": "Feature", "properties": { "id": 343, "state": "Manipur", "state_code": null, "district": "CHANDEL", "district_code": 280.0, "sub_district": null, "sub_district_code": null, "sub_district_type": null, "village": "Unnamed Village", "village_category": "Rural", "village_code": "9822622916" }, "geometry": { "type": "Point", "coordinates": [ 94.0286862, 24.4212951 ] } },
{ "type": "Feature", "properties": { "id": 344, "state": "Manipur", "state_code": null, "district": "KAMJANG", "district_code": 670.0, "sub_district": null, "sub_district_code": null, "sub_district_type": null, "village": "Nongman", "village_category": "Rural", "village_code": "9822627974" }, "geometry": { "type": "Point", "coordinates": [ 94.4219799, 24.7142237 ] } },
{ "type": "Feature", "properties": { "id": 345, "state": "Manipur", "state_code": null, "district": "KAMJANG", "district_code": 670.0, "sub_district": null, "sub_district_code": null, "sub_district_type": null, "village": "Unnamed Village", "village_category": "Rural", "village_code": "9822627975" }, "geometry": { "type": "Point", "coordinates": [ 94.3878765, 24.7033754 ] } },
{ "type": "Feature", "properties": { "id": 346, "state": "Manipur", "state_code": null, "district": "KAMJANG", "district_code": 670.0, "sub_district": null, "sub_district_code": null, "sub_district_type": null, "village": "Punge", "village_category": "Rural", "village_code": "9822627976" }, "geometry": { "type": "Point", "coordinates": [ 94.3929249, 24.6878141 ] } },
{ "type": "Feature", "properties": { "id": 347, "state": "Manipur", "state_code": null, "district": "CHANDEL", "district_code": 280.0, "sub_district": null, "sub_district_code": null, "sub_district_type": null, "village": "Paraolon", "village_category": "Rural", "village_code": "9822629759" }, "geometry": { "type": "Point", "coordinates": [ 94.0044144, 24.3535516 ] } },
{ "type": "Feature", "properties": { "id": 348, "state": "Manipur", "state_code": null, "district": "CHANDEL", "district_code": 280.0, "sub_district": null, "sub_district_code": null, "sub_district_type": null, "village": "Unnamed Village", "village_category": "Rural", "village_code": "9822629761" }, "geometry": { "type": "Point", "coordinates": [ 94.0332321, 24.3762452 ] } },
{ "type": "Feature", "properties": { "id": 349, "state": "Manipur", "state_code": null, "district": "CHANDEL", "district_code": 280.0, "sub_district": null, "sub_district_code": null, "sub_district_type": null, "village": "Unnamed Village", "village_category": "Rural", "village_code": "9822629762" }, "geometry": { "type": "Point", "coordinates": [ 94.0095857, 24.3899258 ] } },
{ "type": "Feature", "properties": { "id": 350, "state": "Manipur", "state_code": null, "district": "CHANDEL", "district_code": 280.0, "sub_district": null, "sub_district_code": null, "sub_district_type": null, "village": "Unnamed Village", "village_category": "Rural", "village_code": "9822629763" }, "geometry": { "type": "Point", "coordinates": [ 94.0102294, 24.407513 ] } },
{ "type": "Feature", "properties": { "id": 351, "state": "Manipur", "state_code": null, "district": "CHANDEL", "district_code": 280.0, "sub_district": null, "sub_district_code": null, "sub_district_type": null, "village": "Lamgang Khunkha", "village_category": "Rural", "village_code": "9822629764" }, "geometry": { "type": "Point", "coordinates": [ 94.0434459, 24.3961207 ] } },
{ "type": "Feature", "properties": { "id": 352, "state": "Manipur", "state_code": null, "district": "CHANDEL", "district_code": 280.0, "sub_district": null, "sub_district_code": null, "sub_district_type": null, "village": "Unnamed Village", "village_category": "Rural", "village_code": "9822629765" }, "geometry": { "type": "Point", "coordinates": [ 93.9874414, 24.4246289 ] } },
{ "type": "Feature", "properties": { "id": 353, "state": "Manipur", "state_code": null, "district": "KAMJANG", "district_code": 670.0, "sub_district": null, "sub_district_code": null, "sub_district_type": null, "village": "Mawai", "village_category": "Rural", "village_code": "9822641817" }, "geometry": { "type": "Point", "coordinates": [ 94.336661, 24.6704331 ] } },
{ "type": "Feature", "properties": { "id": 354, "state": "Manipur", "state_code": null, "district": "KAMJANG", "district_code": 670.0, "sub_district": null, "sub_district_code": null, "sub_district_type": null, "village": "Unnamed Village", "village_category": "Rural", "village_code": "9822641818" }, "geometry": { "type": "Point", "coordinates": [ 94.3008563, 24.6474908 ] } },
{ "type": "Feature", "properties": { "id": 355, "state": "Manipur", "state_code": null, "district": "KAMJANG", "district_code": 670.0, "sub_district": null, "sub_district_code": null, "sub_district_type": null, "village": "Unnamed Village", "village_category": "Rural", "village_code": "9822641819" }, "geometry": { "type": "Point", "coordinates": [ 94.2617363, 24.6196928 ] } },
{ "type": "Feature", "properties": { "id": 356, "state": "Manipur", "state_code": null, "district": "TENGNOUPAL", "district_code": 667.0, "sub_district": null, "sub_district_code": null, "sub_district_type": null, "village": "Unnamed Village", "village_category": "Rural", "village_code": "9822649309" }, "geometry": { "type": "Point", "coordinates": [ 94.1051085, 24.5996697 ] } },
{ "type": "Feature", "properties": { "id": 357, "state": "Manipur", "state_code": null, "district": "TENGNOUPAL", "district_code": 667.0, "sub_district": null, "sub_district_code": null, "sub_district_type": null, "village": "Unnamed Village", "village_category": "Rural", "village_code": "9822649310" }, "geometry": { "type": "Point", "coordinates": [ 94.1333447, 24.6166519 ] } },
{ "type": "Feature", "properties": { "id": 358, "state": "Manipur", "state_code": null, "district": "KAMJANG", "district_code": 670.0, "sub_district": null, "sub_district_code": null, "sub_district_type": null, "village": "Unnamed Village", "village_category": "Rural", "village_code": "9822649311" }, "geometry": { "type": "Point", "coordinates": [ 94.1279756, 24.6150346 ] } },
{ "type": "Feature", "properties": { "id": 359, "state": "Manipur", "state_code": null, "district": "KAMJANG", "district_code": 670.0, "sub_district": null, "sub_district_code": null, "sub_district_type": null, "village": "Unnamed Village", "village_category": "Rural", "village_code": "9822649312" }, "geometry": { "type": "Point", "coordinates": [ 94.124337, 24.6267665 ] } },
{ "type": "Feature", "properties": { "id": 360, "state": "Manipur", "state_code": null, "district": "KAMJANG", "district_code": 670.0, "sub_district": null, "sub_district_code": null, "sub_district_type": null, "village": "Unnamed Village", "village_category": "Rural", "village_code": "9822649313" }, "geometry": { "type": "Point", "coordinates": [ 94.1251132, 24.6394381 ] } },
{ "type": "Feature", "properties": { "id": 361, "state": "Manipur", "state_code": null, "district": "KAMJANG", "district_code": 670.0, "sub_district": null, "sub_district_code": null, "sub_district_type": null, "village": "Unnamed Village", "village_category": "Rural", "village_code": "9822649314" }, "geometry": { "type": "Point", "coordinates": [ 94.1522821, 24.636851 ] } },
{ "type": "Feature", "properties": { "id": 362, "state": "Manipur", "state_code": null, "district": "KAMJANG", "district_code": 670.0, "sub_district": null, "sub_district_code": null, "sub_district_type": null, "village": "Unnamed Village", "village_category": "Rural", "village_code": "9822649315" }, "geometry": { "type": "Point", "coordinates": [ 94.1390373, 24.6456559 ] } },
{ "type": "Feature", "properties": { "id": 363, "state": "Manipur", "state_code": null, "district": "KAMJANG", "district_code": 670.0, "sub_district": null, "sub_district_code": null, "sub_district_type": null, "village": "Unnamed Village", "village_category": "Rural", "village_code": "9822649316" }, "geometry": { "type": "Point", "coordinates": [ 94.1560825, 24.6502859 ] } },
{ "type": "Feature", "properties": { "id": 364, "state": "Manipur", "state_code": null, "district": "THOUBAL", "district_code": 276.0, "sub_district": null, "sub_district_code": null, "sub_district_type": null, "village": "Unnamed Village", "village_category": "Rural", "village_code": "9822651717" }, "geometry": { "type": "Point", "coordinates": [ 94.1267951, 24.6702445 ] } },
{ "type": "Feature", "properties": { "id": 365, "state": "Manipur", "state_code": null, "district": "KAMJANG", "district_code": 670.0, "sub_district": null, "sub_district_code": null, "sub_district_type": null, "village": "Unnamed Village", "village_category": "Rural", "village_code": "9822651718" }, "geometry": { "type": "Point", "coordinates": [ 94.1435816, 24.6855272 ] } },
{ "type": "Feature", "properties": { "id": 366, "state": "Manipur", "state_code": null, "district": "KAMJANG", "district_code": 670.0, "sub_district": null, "sub_district_code": null, "sub_district_type": null, "village": "Unnamed Village", "village_category": "Rural", "village_code": "9822651719" }, "geometry": { "type": "Point", "coordinates": [ 94.1672735, 24.6910814 ] } },
{ "type": "Feature", "properties": { "id": 367, "state": "Manipur", "state_code": null, "district": "KAMJANG", "district_code": 670.0, "sub_district": null, "sub_district_code": null, "sub_district_type": null, "village": "Unnamed Village", "village_category": "Rural", "village_code": "9822651720" }, "geometry": { "type": "Point", "coordinates": [ 94.1849979, 24.7052304 ] } },
{ "type": "Feature", "properties": { "id": 368, "state": "Manipur", "state_code": null, "district": "KAMJANG", "district_code": 670.0, "sub_district": null, "sub_district_code": null, "sub_district_type": null, "village": "Unnamed Hamlet", "village_category": "Rural", "village_code": "9822651721" }, "geometry": { "type": "Point", "coordinates": [ 94.1952024, 24.7127523 ] } },
{ "type": "Feature", "properties": { "id": 369, "state": "Manipur", "state_code": null, "district": "KAMJANG", "district_code": 670.0, "sub_district": null, "sub_district_code": null, "sub_district_type": null, "village": "Chongdan", "village_category": "Rural", "village_code": "9822651722" }, "geometry": { "type": "Point", "coordinates": [ 94.2443652, 24.7463898 ] } },
{ "type": "Feature", "properties": { "id": 370, "state": "Manipur", "state_code": null, "district": "KAMJANG", "district_code": 670.0, "sub_district": null, "sub_district_code": null, "sub_district_type": null, "village": "Unnamed Village", "village_category": "Rural", "village_code": "9822651723" }, "geometry": { "type": "Point", "coordinates": [ 94.2194604, 24.7568024 ] } },
{ "type": "Feature", "properties": { "id": 371, "state": "Manipur", "state_code": null, "district": "KANGPOKPI", "district_code": 679.0, "sub_district": null, "sub_district_code": null, "sub_district_type": null, "village": "L. Songphel", "village_category": "Rural", "village_code": "9822651724" }, "geometry": { "type": "Point", "coordinates": [ 94.1247651, 24.7557298 ] } },
{ "type": "Feature", "properties": { "id": 372, "state": "Manipur", "state_code": null, "district": "KANGPOKPI", "district_code": 679.0, "sub_district": null, "sub_district_code": null, "sub_district_type": null, "village": "Itham", "village_category": "Rural", "village_code": "9822651725" }, "geometry": { "type": "Point", "coordinates": [ 94.1282506, 24.7709145 ] } },
{ "type": "Feature", "properties": { "id": 373, "state": "Manipur", "state_code": null, "district": "KANGPOKPI", "district_code": 679.0, "sub_district": null, "sub_district_code": null, "sub_district_type": null, "village": "Unnamed Hamlet", "village_category": "Rural", "village_code": "9822651726" }, "geometry": { "type": "Point", "coordinates": [ 94.1400399, 24.7895911 ] } },
{ "type": "Feature", "properties": { "id": 374, "state": "Manipur", "state_code": null, "district": "KAMJANG", "district_code": 670.0, "sub_district": null, "sub_district_code": null, "sub_district_type": null, "village": "Nongdam", "village_category": "Rural", "village_code": "9822651727" }, "geometry": { "type": "Point", "coordinates": [ 94.1453282, 24.8048445 ] } },
{ "type": "Feature", "properties": { "id": 375, "state": "Manipur", "state_code": null, "district": "KAMJANG", "district_code": 670.0, "sub_district": null, "sub_district_code": null, "sub_district_type": null, "village": "Unnamed Village", "village_category": "Rural", "village_code": "9822651728" }, "geometry": { "type": "Point", "coordinates": [ 94.2348722, 24.8205217 ] } },
{ "type": "Feature", "properties": { "id": 376, "state": "Manipur", "state_code": null, "district": "KAMJANG", "district_code": 670.0, "sub_district": null, "sub_district_code": null, "sub_district_type": null, "village": "Unnamed Village", "village_category": "Rural", "village_code": "9822651729" }, "geometry": { "type": "Point", "coordinates": [ 94.2469203, 24.8097915 ] } },
{ "type": "Feature", "properties": { "id": 377, "state": "Manipur", "state_code": null, "district": "KAMJANG", "district_code": 670.0, "sub_district": null, "sub_district_code": null, "sub_district_type": null, "village": "Unnamed Village", "village_category": "Rural", "village_code": "9822651730" }, "geometry": { "type": "Point", "coordinates": [ 94.3224779, 24.8220698 ] } },
{ "type": "Feature", "properties": { "id": 378, "state": "Manipur", "state_code": null, "district": "KAMJANG", "district_code": 670.0, "sub_district": null, "sub_district_code": null, "sub_district_type": null, "village": "Unnamed Village", "village_category": "Rural", "village_code": "9822651731" }, "geometry": { "type": "Point", "coordinates": [ 94.3837191, 24.8342848 ] } },
{ "type": "Feature", "properties": { "id": 379, "state": "Manipur", "state_code": null, "district": "KAMJANG", "district_code": 670.0, "sub_district": null, "sub_district_code": null, "sub_district_type": null, "village": "Ramphoi", "village_category": "Rural", "village_code": "9822651732" }, "geometry": { "type": "Point", "coordinates": [ 94.4983952, 24.7128848 ] } },
{ "type": "Feature", "properties": { "id": 380, "state": "Manipur", "state_code": null, "district": "KAMJANG", "district_code": 670.0, "sub_district": null, "sub_district_code": null, "sub_district_type": null, "village": "Unnamed Village", "village_category": "Rural", "village_code": "9822651733" }, "geometry": { "type": "Point", "coordinates": [ 94.5005855, 24.7538107 ] } },
{ "type": "Feature", "properties": { "id": 381, "state": "Manipur", "state_code": null, "district": "KAMJANG", "district_code": 670.0, "sub_district": null, "sub_district_code": null, "sub_district_type": null, "village": "Grihang", "village_category": "Rural", "village_code": "9822651734" }, "geometry": { "type": "Point", "coordinates": [ 94.4763954, 24.784992 ] } },
{ "type": "Feature", "properties": { "id": 382, "state": "Manipur", "state_code": null, "district": "KAMJANG", "district_code": 670.0, "sub_district": null, "sub_district_code": null, "sub_district_type": null, "village": "Bungpa Khunou", "village_category": "Rural", "village_code": "9822651735" }, "geometry": { "type": "Point", "coordinates": [ 94.4880343, 24.8195809 ] } },
{ "type": "Feature", "properties": { "id": 383, "state": "Manipur", "state_code": null, "district": "TENGNOUPAL", "district_code": 667.0, "sub_district": null, "sub_district_code": null, "sub_district_type": null, "village": "Unnamed Village", "village_category": "Rural", "village_code": "9822656117" }, "geometry": { "type": "Point", "coordinates": [ 94.0507876, 24.4367291 ] } },
{ "type": "Feature", "properties": { "id": 384, "state": "Manipur", "state_code": null, "district": "TENGNOUPAL", "district_code": 667.0, "sub_district": null, "sub_district_code": null, "sub_district_type": null, "village": "Sarthang", "village_category": "Rural", "village_code": "9822762617" }, "geometry": { "type": "Point", "coordinates": [ 94.2926385, 24.5377597 ] } },
{ "type": "Feature", "properties": { "id": 385, "state": "Manipur", "state_code": null, "district": "TENGNOUPAL", "district_code": 667.0, "sub_district": null, "sub_district_code": null, "sub_district_type": null, "village": "Unnamed Village", "village_category": "Rural", "village_code": "9822762645" }, "geometry": { "type": "Point", "coordinates": [ 94.2671352, 24.5313066 ] } },
{ "type": "Feature", "properties": { "id": 386, "state": "Manipur", "state_code": null, "district": "KAMJANG", "district_code": 670.0, "sub_district": null, "sub_district_code": null, "sub_district_type": null, "village": "Molnom", "village_category": "Rural", "village_code": "9822762646" }, "geometry": { "type": "Point", "coordinates": [ 94.3313689, 24.6118137 ] } },
{ "type": "Feature", "properties": { "id": 387, "state": "Manipur", "state_code": null, "district": "KAMJANG", "district_code": 670.0, "sub_district": null, "sub_district_code": null, "sub_district_type": null, "village": "Tarong", "village_category": "Rural", "village_code": "9822762662" }, "geometry": { "type": "Point", "coordinates": [ 94.2996724, 24.6134009 ] } },
{ "type": "Feature", "properties": { "id": 388, "state": "Manipur", "state_code": null, "district": "KAMJANG", "district_code": 670.0, "sub_district": null, "sub_district_code": null, "sub_district_type": null, "village": "Khunthak", "village_category": "Rural", "village_code": "9822762663" }, "geometry": { "type": "Point", "coordinates": [ 94.2982212, 24.6307207 ] } },
{ "type": "Feature", "properties": { "id": 389, "state": "Manipur", "state_code": null, "district": "KAMJANG", "district_code": 670.0, "sub_district": null, "sub_district_code": null, "sub_district_type": null, "village": "Itham", "village_category": "Rural", "village_code": "9822762676" }, "geometry": { "type": "Point", "coordinates": [ 94.2116711, 24.7903711 ] } },
{ "type": "Feature", "properties": { "id": 390, "state": "Manipur", "state_code": null, "district": "KAMJANG", "district_code": 670.0, "sub_district": null, "sub_district_code": null, "sub_district_type": null, "village": "Monglham", "village_category": "Rural", "village_code": "9822762677" }, "geometry": { "type": "Point", "coordinates": [ 94.1796675, 24.7884511 ] } },
{ "type": "Feature", "properties": { "id": 391, "state": "Manipur", "state_code": null, "district": "TENGNOUPAL", "district_code": 667.0, "sub_district": null, "sub_district_code": null, "sub_district_type": null, "village": "Keipham", "village_category": "Rural", "village_code": "9822762699" }, "geometry": { "type": "Point", "coordinates": [ 94.3072001, 24.5246765 ] } },
{ "type": "Feature", "properties": { "id": 392, "state": "Manipur", "state_code": null, "district": "KAMJANG", "district_code": 670.0, "sub_district": null, "sub_district_code": null, "sub_district_type": null, "village": "Makan", "village_category": "Rural", "village_code": "9822762756" }, "geometry": { "type": "Point", "coordinates": [ 94.3978031, 24.5545506 ] } },
{ "type": "Feature", "properties": { "id": 393, "state": "Manipur", "state_code": null, "district": "TENGNOUPAL", "district_code": 667.0, "sub_district": null, "sub_district_code": null, "sub_district_type": null, "village": "Laiching", "village_category": "Rural", "village_code": "9822762778" }, "geometry": { "type": "Point", "coordinates": [ 94.0385592, 24.5093527 ] } },
{ "type": "Feature", "properties": { "id": 394, "state": "Manipur", "state_code": null, "district": "TENGNOUPAL", "district_code": 667.0, "sub_district": null, "sub_district_code": null, "sub_district_type": null, "village": "Langol Khunou", "village_category": "Rural", "village_code": "9822793547" }, "geometry": { "type": "Point", "coordinates": [ 94.0556509, 24.4898351 ] } },
{ "type": "Feature", "properties": { "id": 395, "state": "Manipur", "state_code": null, "district": "CHANDEL", "district_code": 280.0, "sub_district": null, "sub_district_code": null, "sub_district_type": null, "village": "Purum Chumbang", "village_category": "Rural", "village_code": "9822793563" }, "geometry": { "type": "Point", "coordinates": [ 94.0154248, 24.4213908 ] } },
{ "type": "Feature", "properties": { "id": 396, "state": "Manipur", "state_code": null, "district": "CHANDEL", "district_code": 280.0, "sub_district": null, "sub_district_code": null, "sub_district_type": null, "village": "Phungchung", "village_category": "Rural", "village_code": "9822793576" }, "geometry": { "type": "Point", "coordinates": [ 94.0213147, 24.2920946 ] } },
{ "type": "Feature", "properties": { "id": 397, "state": "Manipur", "state_code": null, "district": "CHANDEL", "district_code": 280.0, "sub_district": null, "sub_district_code": null, "sub_district_type": null, "village": "Khongjol", "village_category": "Rural", "village_code": "9822793594" }, "geometry": { "type": "Point", "coordinates": [ 94.0731639, 24.2915415 ] } },
{ "type": "Feature", "properties": { "id": 398, "state": "Manipur", "state_code": null, "district": "CHANDEL", "district_code": 280.0, "sub_district": null, "sub_district_code": null, "sub_district_type": null, "village": "Libung", "village_category": "Rural", "village_code": "9822805837" }, "geometry": { "type": "Point", "coordinates": [ 94.1904983, 24.2257971 ] } },
{ "type": "Feature", "properties": { "id": 399, "state": "Manipur", "state_code": null, "district": "TENGNOUPAL", "district_code": 667.0, "sub_district": null, "sub_district_code": null, "sub_district_type": null, "village": "Laiching", "village_category": "Rural", "village_code": "9822805838" }, "geometry": { "type": "Point", "coordinates": [ 94.1697219, 24.1815391 ] } },
{ "type": "Feature", "properties": { "id": 400, "state": "Manipur", "state_code": null, "district": "TENGNOUPAL", "district_code": 667.0, "sub_district": null, "sub_district_code": null, "sub_district_type": null, "village": "Unnamed Village", "village_category": "Rural", "village_code": "9822805839" }, "geometry": { "type": "Point", "coordinates": [ 94.1796413, 24.167557 ] } },
{ "type": "Feature", "properties": { "id": 401, "state": "Manipur", "state_code": null, "district": "CHANDEL", "district_code": 280.0, "sub_district": null, "sub_district_code": null, "sub_district_type": null, "village": "Unnamed Village", "village_category": "Rural", "village_code": "9822805841" }, "geometry": { "type": "Point", "coordinates": [ 94.1357981, 24.1164192 ] } },
{ "type": "Feature", "properties": { "id": 402, "state": "Manipur", "state_code": null, "district": "CHURACHANDPUR", "district_code": 274.0, "sub_district": null, "sub_district_code": null, "sub_district_type": null, "village": "Tonjang", "village_category": "Rural", "village_code": "9822829582" }, "geometry": { "type": "Point", "coordinates": [ 93.5587194, 23.992289 ] } },
{ "type": "Feature", "properties": { "id": 403, "state": "Manipur", "state_code": null, "district": "TENGNOUPAL", "district_code": 667.0, "sub_district": null, "sub_district_code": null, "sub_district_type": null, "village": "Unnamed Village", "village_category": "Rural", "village_code": "9822859234" }, "geometry": { "type": "Point", "coordinates": [ 94.1340203, 24.5324751 ] } },
{ "type": "Feature", "properties": { "id": 404, "state": "Manipur", "state_code": null, "district": "TENGNOUPAL", "district_code": 667.0, "sub_district": null, "sub_district_code": null, "sub_district_type": null, "village": "K. Tuinem", "village_category": "Rural", "village_code": "9822859235" }, "geometry": { "type": "Point", "coordinates": [ 94.0740905, 24.4759714 ] } },
{ "type": "Feature", "properties": { "id": 405, "state": "Manipur", "state_code": null, "district": "CHANDEL", "district_code": 280.0, "sub_district": null, "sub_district_code": null, "sub_district_type": null, "village": "Liwa Sarei", "village_category": "Rural", "village_code": "9822859312" }, "geometry": { "type": "Point", "coordinates": [ 94.0169897, 24.366282 ] } },
{ "type": "Feature", "properties": { "id": 406, "state": "Manipur", "state_code": null, "district": "CHANDEL", "district_code": 280.0, "sub_district": null, "sub_district_code": null, "sub_district_type": null, "village": "Unnamed Hamlet", "village_category": "Rural", "village_code": "9822859313" }, "geometry": { "type": "Point", "coordinates": [ 94.0478124, 24.3261841 ] } },
{ "type": "Feature", "properties": { "id": 407, "state": "Manipur", "state_code": null, "district": "CHANDEL", "district_code": 280.0, "sub_district": null, "sub_district_code": null, "sub_district_type": null, "village": "Unnamed Hamlet", "village_category": "Rural", "village_code": "9822859314" }, "geometry": { "type": "Point", "coordinates": [ 94.0542541, 24.3362703 ] } },
{ "type": "Feature", "properties": { "id": 408, "state": "Manipur", "state_code": null, "district": "CHANDEL", "district_code": 280.0, "sub_district": null, "sub_district_code": null, "sub_district_type": null, "village": "Unnamed Village", "village_category": "Rural", "village_code": "9822859315" }, "geometry": { "type": "Point", "coordinates": [ 94.0620937, 24.3357631 ] } },
{ "type": "Feature", "properties": { "id": 409, "state": "Manipur", "state_code": null, "district": "CHANDEL", "district_code": 280.0, "sub_district": null, "sub_district_code": null, "sub_district_type": null, "village": "Unnamed Village", "village_category": "Rural", "village_code": "9822859316" }, "geometry": { "type": "Point", "coordinates": [ 94.0062948, 24.2477546 ] } },
{ "type": "Feature", "properties": { "id": 410, "state": "Manipur", "state_code": null, "district": "CHANDEL", "district_code": 280.0, "sub_district": null, "sub_district_code": null, "sub_district_type": null, "village": "Unnamed Village", "village_category": "Rural", "village_code": "9822859346" }, "geometry": { "type": "Point", "coordinates": [ 93.9698695, 24.2598293 ] } },
{ "type": "Feature", "properties": { "id": 411, "state": "Manipur", "state_code": null, "district": "CHANDEL", "district_code": 280.0, "sub_district": null, "sub_district_code": null, "sub_district_type": null, "village": "Unnamed Village", "village_category": "Rural", "village_code": "9822859347" }, "geometry": { "type": "Point", "coordinates": [ 93.9586272, 24.2311747 ] } },
{ "type": "Feature", "properties": { "id": 412, "state": "Manipur", "state_code": null, "district": "CHANDEL", "district_code": 280.0, "sub_district": null, "sub_district_code": null, "sub_district_type": null, "village": "Unnamed Hamlet", "village_category": "Rural", "village_code": "9822859348" }, "geometry": { "type": "Point", "coordinates": [ 93.9925734, 24.1837399 ] } },
{ "type": "Feature", "properties": { "id": 413, "state": "Manipur", "state_code": null, "district": "CHANDEL", "district_code": 280.0, "sub_district": null, "sub_district_code": null, "sub_district_type": null, "village": "Unnamed Village", "village_category": "Rural", "village_code": "9822859349" }, "geometry": { "type": "Point", "coordinates": [ 94.01551, 24.1190039 ] } },
{ "type": "Feature", "properties": { "id": 414, "state": "Manipur", "state_code": null, "district": "CHANDEL", "district_code": 280.0, "sub_district": null, "sub_district_code": null, "sub_district_type": null, "village": "Unnamed Village", "village_category": "Rural", "village_code": "9822859350" }, "geometry": { "type": "Point", "coordinates": [ 93.9570661, 24.0588491 ] } },
{ "type": "Feature", "properties": { "id": 415, "state": "Manipur", "state_code": null, "district": "CHANDEL", "district_code": 280.0, "sub_district": null, "sub_district_code": null, "sub_district_type": null, "village": "Unnamed Village", "village_category": "Rural", "village_code": "9822859351" }, "geometry": { "type": "Point", "coordinates": [ 93.9636116, 24.0643882 ] } },
{ "type": "Feature", "properties": { "id": 416, "state": "Manipur", "state_code": null, "district": "CHANDEL", "district_code": 280.0, "sub_district": null, "sub_district_code": null, "sub_district_type": null, "village": "Unnamed Village", "village_category": "Rural", "village_code": "9822859352" }, "geometry": { "type": "Point", "coordinates": [ 93.9624476, 24.0229203 ] } },
{ "type": "Feature", "properties": { "id": 417, "state": "Manipur", "state_code": null, "district": "CHANDEL", "district_code": 280.0, "sub_district": null, "sub_district_code": null, "sub_district_type": null, "village": "Unnamed Village", "village_category": "Rural", "village_code": "9822859353" }, "geometry": { "type": "Point", "coordinates": [ 94.0650983, 23.9516204 ] } },
{ "type": "Feature", "properties": { "id": 418, "state": "Manipur", "state_code": null, "district": "CHANDEL", "district_code": 280.0, "sub_district": null, "sub_district_code": null, "sub_district_type": null, "village": "Unnamed Village", "village_category": "Rural", "village_code": "9822859354" }, "geometry": { "type": "Point", "coordinates": [ 94.0717567, 23.9474743 ] } },
{ "type": "Feature", "properties": { "id": 419, "state": "Manipur", "state_code": null, "district": "CHANDEL", "district_code": 280.0, "sub_district": null, "sub_district_code": null, "sub_district_type": null, "village": "Unnamed Village", "village_category": "Rural", "village_code": "9822859355" }, "geometry": { "type": "Point", "coordinates": [ 94.0574092, 23.9388997 ] } },
{ "type": "Feature", "properties": { "id": 420, "state": "Manipur", "state_code": null, "district": "CHANDEL", "district_code": 280.0, "sub_district": null, "sub_district_code": null, "sub_district_type": null, "village": "Unnamed Village", "village_category": "Rural", "village_code": "9822859356" }, "geometry": { "type": "Point", "coordinates": [ 94.0554155, 23.9317412 ] } },
{ "type": "Feature", "properties": { "id": 421, "state": "Manipur", "state_code": null, "district": "CHANDEL", "district_code": 280.0, "sub_district": null, "sub_district_code": null, "sub_district_type": null, "village": "Unnamed Village", "village_category": "Rural", "village_code": "9822859358" }, "geometry": { "type": "Point", "coordinates": [ 94.0916491, 23.9277869 ] } },
{ "type": "Feature", "properties": { "id": 422, "state": "Manipur", "state_code": null, "district": "CHANDEL", "district_code": 280.0, "sub_district": null, "sub_district_code": null, "sub_district_type": null, "village": "Unnamed Hamlet", "village_category": "Rural", "village_code": "9822859359" }, "geometry": { "type": "Point", "coordinates": [ 94.1149572, 23.9274775 ] } },
{ "type": "Feature", "properties": { "id": 423, "state": "Manipur", "state_code": null, "district": "CHURACHANDPUR", "district_code": 274.0, "sub_district": null, "sub_district_code": null, "sub_district_type": null, "village": "Teigathang", "village_category": "Rural", "village_code": "9822867941" }, "geometry": { "type": "Point", "coordinates": [ 93.6333165, 24.0371669 ] } },
{ "type": "Feature", "properties": { "id": 424, "state": "Manipur", "state_code": null, "district": "CHURACHANDPUR", "district_code": 274.0, "sub_district": null, "sub_district_code": null, "sub_district_type": null, "village": "Unnamed Hamlet", "village_category": "Rural", "village_code": "9822867942" }, "geometry": { "type": "Point", "coordinates": [ 93.6707889, 24.0433614 ] } },
{ "type": "Feature", "properties": { "id": 425, "state": "Manipur", "state_code": null, "district": "CHURACHANDPUR", "district_code": 274.0, "sub_district": null, "sub_district_code": null, "sub_district_type": null, "village": "Unnamed Hamlet", "village_category": "Rural", "village_code": "9822867943" }, "geometry": { "type": "Point", "coordinates": [ 93.6623712, 24.0830299 ] } },
{ "type": "Feature", "properties": { "id": 426, "state": "Manipur", "state_code": null, "district": "CHURACHANDPUR", "district_code": 274.0, "sub_district": null, "sub_district_code": null, "sub_district_type": null, "village": "Unnamed Village", "village_category": "Rural", "village_code": "9822867944" }, "geometry": { "type": "Point", "coordinates": [ 93.6318901, 24.1282436 ] } },
{ "type": "Feature", "properties": { "id": 427, "state": "Manipur", "state_code": null, "district": "CHURACHANDPUR", "district_code": 274.0, "sub_district": null, "sub_district_code": null, "sub_district_type": null, "village": "Lanchah", "village_category": "Rural", "village_code": "9822867945" }, "geometry": { "type": "Point", "coordinates": [ 93.6066954, 24.1350375 ] } },
{ "type": "Feature", "properties": { "id": 428, "state": "Manipur", "state_code": null, "district": "CHURACHANDPUR", "district_code": 274.0, "sub_district": null, "sub_district_code": null, "sub_district_type": null, "village": "Saichang", "village_category": "Rural", "village_code": "9822867946" }, "geometry": { "type": "Point", "coordinates": [ 93.6124773, 24.1324399 ] } },
{ "type": "Feature", "properties": { "id": 429, "state": "Manipur", "state_code": null, "district": "CHURACHANDPUR", "district_code": 274.0, "sub_district": null, "sub_district_code": null, "sub_district_type": null, "village": "Unnamed Village", "village_category": "Rural", "village_code": "9822867947" }, "geometry": { "type": "Point", "coordinates": [ 93.6075137, 24.1310123 ] } },
{ "type": "Feature", "properties": { "id": 430, "state": "Manipur", "state_code": null, "district": "CHURACHANDPUR", "district_code": 274.0, "sub_district": null, "sub_district_code": null, "sub_district_type": null, "village": "Unnamed Village", "village_category": "Rural", "village_code": "9822867948" }, "geometry": { "type": "Point", "coordinates": [ 93.6482164, 24.1701115 ] } },
{ "type": "Feature", "properties": { "id": 431, "state": "Manipur", "state_code": null, "district": "CHURACHANDPUR", "district_code": 274.0, "sub_district": null, "sub_district_code": null, "sub_district_type": null, "village": "Unnamed Village", "village_category": "Rural", "village_code": "9822867949" }, "geometry": { "type": "Point", "coordinates": [ 93.6758797, 24.1669842 ] } },
{ "type": "Feature", "properties": { "id": 432, "state": "Manipur", "state_code": null, "district": "CHURACHANDPUR", "district_code": 274.0, "sub_district": null, "sub_district_code": null, "sub_district_type": null, "village": "Unnamed Village", "village_category": "Rural", "village_code": "9822867950" }, "geometry": { "type": "Point", "coordinates": [ 93.7542698, 24.2200432 ] } },
{ "type": "Feature", "properties": { "id": 433, "state": "Manipur", "state_code": null, "district": "CHURACHANDPUR", "district_code": 274.0, "sub_district": null, "sub_district_code": null, "sub_district_type": null, "village": "Unnamed Village", "village_category": "Rural", "village_code": "9822867951" }, "geometry": { "type": "Point", "coordinates": [ 93.7585342, 24.2797096 ] } },
{ "type": "Feature", "properties": { "id": 434, "state": "Manipur", "state_code": null, "district": "CHURACHANDPUR", "district_code": 274.0, "sub_district": null, "sub_district_code": null, "sub_district_type": null, "village": "Unnamed Village", "village_category": "Rural", "village_code": "9822867952" }, "geometry": { "type": "Point", "coordinates": [ 93.7814093, 24.2837452 ] } },
{ "type": "Feature", "properties": { "id": 435, "state": "Manipur", "state_code": null, "district": "CHURACHANDPUR", "district_code": 274.0, "sub_district": null, "sub_district_code": null, "sub_district_type": null, "village": "Unnamed Village", "village_category": "Rural", "village_code": "9822867953" }, "geometry": { "type": "Point", "coordinates": [ 93.7787803, 24.2815422 ] } },
{ "type": "Feature", "properties": { "id": 436, "state": "Manipur", "state_code": null, "district": "CHURACHANDPUR", "district_code": 274.0, "sub_district": null, "sub_district_code": null, "sub_district_type": null, "village": "Unnamed Village", "village_category": "Rural", "village_code": "9822867954" }, "geometry": { "type": "Point", "coordinates": [ 93.7864316, 24.3080295 ] } },
{ "type": "Feature", "properties": { "id": 437, "state": "Manipur", "state_code": null, "district": "CHURACHANDPUR", "district_code": 274.0, "sub_district": null, "sub_district_code": null, "sub_district_type": null, "village": "Unnamed Village", "village_category": "Rural", "village_code": "9822867955" }, "geometry": { "type": "Point", "coordinates": [ 93.7844628, 24.3021952 ] } },
{ "type": "Feature", "properties": { "id": 438, "state": "Manipur", "state_code": null, "district": "CHURACHANDPUR", "district_code": 274.0, "sub_district": null, "sub_district_code": null, "sub_district_type": null, "village": "Unnamed Village", "village_category": "Rural", "village_code": "9822867956" }, "geometry": { "type": "Point", "coordinates": [ 93.7834017, 24.3159263 ] } },
{ "type": "Feature", "properties": { "id": 439, "state": "Manipur", "state_code": null, "district": "CHURACHANDPUR", "district_code": 274.0, "sub_district": null, "sub_district_code": null, "sub_district_type": null, "village": "Unnamed Village", "village_category": "Rural", "village_code": "9822867957" }, "geometry": { "type": "Point", "coordinates": [ 93.7927743, 24.315142 ] } },
{ "type": "Feature", "properties": { "id": 440, "state": "Manipur", "state_code": null, "district": "CHURACHANDPUR", "district_code": 274.0, "sub_district": null, "sub_district_code": null, "sub_district_type": null, "village": "Unnamed Village", "village_category": "Rural", "village_code": "9822867958" }, "geometry": { "type": "Point", "coordinates": [ 93.8005082, 24.3074815 ] } },
{ "type": "Feature", "properties": { "id": 441, "state": "Manipur", "state_code": null, "district": "CHURACHANDPUR", "district_code": 274.0, "sub_district": null, "sub_district_code": null, "sub_district_type": null, "village": "Unnamed Village", "village_category": "Rural", "village_code": "9822867959" }, "geometry": { "type": "Point", "coordinates": [ 93.8062261, 24.3111345 ] } },
{ "type": "Feature", "properties": { "id": 442, "state": "Manipur", "state_code": null, "district": "CHURACHANDPUR", "district_code": 274.0, "sub_district": null, "sub_district_code": null, "sub_district_type": null, "village": "Unnamed Village", "village_category": "Rural", "village_code": "9822867960" }, "geometry": { "type": "Point", "coordinates": [ 93.7941891, 24.3110163 ] } },
{ "type": "Feature", "properties": { "id": 443, "state": "Manipur", "state_code": null, "district": "CHURACHANDPUR", "district_code": 274.0, "sub_district": null, "sub_district_code": null, "sub_district_type": null, "village": "Tuining", "village_category": "Rural", "village_code": "9822867961" }, "geometry": { "type": "Point", "coordinates": [ 93.8194774, 24.3072989 ] } },
{ "type": "Feature", "properties": { "id": 444, "state": "Manipur", "state_code": null, "district": "TENGNOUPAL", "district_code": 667.0, "sub_district": null, "sub_district_code": null, "sub_district_type": null, "village": "Unnamed Village", "village_category": "Rural", "village_code": "9824325962" }, "geometry": { "type": "Point", "coordinates": [ 94.3002805, 24.2919841 ] } },
{ "type": "Feature", "properties": { "id": 445, "state": "Manipur", "state_code": null, "district": "TENGNOUPAL", "district_code": 667.0, "sub_district": null, "sub_district_code": null, "sub_district_type": null, "village": "Unnamed Village", "village_category": "Rural", "village_code": "9824325964" }, "geometry": { "type": "Point", "coordinates": [ 94.3203681, 24.3111824 ] } },
{ "type": "Feature", "properties": { "id": 446, "state": "Manipur", "state_code": null, "district": "CHANDEL", "district_code": 280.0, "sub_district": null, "sub_district_code": null, "sub_district_type": null, "village": "Unnamed Village", "village_category": "Rural", "village_code": "9824333307" }, "geometry": { "type": "Point", "coordinates": [ 94.1639886, 24.2235406 ] } },
{ "type": "Feature", "properties": { "id": 447, "state": "Manipur", "state_code": null, "district": "CHANDEL", "district_code": 280.0, "sub_district": null, "sub_district_code": null, "sub_district_type": null, "village": "Unnamed Village", "village_category": "Rural", "village_code": "9824333308" }, "geometry": { "type": "Point", "coordinates": [ 94.0944423, 24.2590596 ] } },
{ "type": "Feature", "properties": { "id": 448, "state": "Manipur", "state_code": null, "district": "CHANDEL", "district_code": 280.0, "sub_district": null, "sub_district_code": null, "sub_district_type": null, "village": "Unnamed Village", "village_category": "Rural", "village_code": "9824333309" }, "geometry": { "type": "Point", "coordinates": [ 94.041923, 24.3138078 ] } },
{ "type": "Feature", "properties": { "id": 449, "state": "Manipur", "state_code": null, "district": "CHANDEL", "district_code": 280.0, "sub_district": null, "sub_district_code": null, "sub_district_type": null, "village": "Unnamed Village", "village_category": "Rural", "village_code": "9824333310" }, "geometry": { "type": "Point", "coordinates": [ 94.024311, 24.3205497 ] } },
{ "type": "Feature", "properties": { "id": 450, "state": "Manipur", "state_code": null, "district": "CHANDEL", "district_code": 280.0, "sub_district": null, "sub_district_code": null, "sub_district_type": null, "village": "Phiran Lehou", "village_category": "Rural", "village_code": "9824333342" }, "geometry": { "type": "Point", "coordinates": [ 94.0030666, 24.2666327 ] } },
{ "type": "Feature", "properties": { "id": 451, "state": "Manipur", "state_code": null, "district": "CHANDEL", "district_code": 280.0, "sub_district": null, "sub_district_code": null, "sub_district_type": null, "village": "Lamphou Pasna", "village_category": "Rural", "village_code": "9824333354" }, "geometry": { "type": "Point", "coordinates": [ 93.9786133, 24.3028106 ] } },
{ "type": "Feature", "properties": { "id": 452, "state": "Manipur", "state_code": null, "district": "CHANDEL", "district_code": 280.0, "sub_district": null, "sub_district_code": null, "sub_district_type": null, "village": "Liwa Maring", "village_category": "Rural", "village_code": "9824333355" }, "geometry": { "type": "Point", "coordinates": [ 94.0139225, 24.3805228 ] } },
{ "type": "Feature", "properties": { "id": 453, "state": "Manipur", "state_code": null, "district": "CHANDEL", "district_code": 280.0, "sub_district": null, "sub_district_code": null, "sub_district_type": null, "village": "Unnamed Village", "village_category": "Rural", "village_code": "9824624044" }, "geometry": { "type": "Point", "coordinates": [ 93.9189355, 24.3091747 ] } },
{ "type": "Feature", "properties": { "id": 454, "state": "Manipur", "state_code": null, "district": "CHANDEL", "district_code": 280.0, "sub_district": null, "sub_district_code": null, "sub_district_type": null, "village": "Unnamed Village", "village_category": "Rural", "village_code": "9824624045" }, "geometry": { "type": "Point", "coordinates": [ 93.9485417, 24.3545096 ] } },
{ "type": "Feature", "properties": { "id": 455, "state": "Manipur", "state_code": null, "district": "CHANDEL", "district_code": 280.0, "sub_district": null, "sub_district_code": null, "sub_district_type": null, "village": "Unnamed Village", "village_category": "Rural", "village_code": "9824624046" }, "geometry": { "type": "Point", "coordinates": [ 93.9223237, 24.3894986 ] } },
{ "type": "Feature", "properties": { "id": 456, "state": "Manipur", "state_code": null, "district": "CHANDEL", "district_code": 280.0, "sub_district": null, "sub_district_code": null, "sub_district_type": null, "village": "Unnamed Village", "village_category": "Rural", "village_code": "9824624047" }, "geometry": { "type": "Point", "coordinates": [ 93.9139165, 24.3762138 ] } },
{ "type": "Feature", "properties": { "id": 457, "state": "Manipur", "state_code": null, "district": "CHANDEL", "district_code": 280.0, "sub_district": null, "sub_district_code": null, "sub_district_type": null, "village": "Konsen", "village_category": "Rural", "village_code": "9824624048" }, "geometry": { "type": "Point", "coordinates": [ 93.9173954, 24.3538659 ] } },
{ "type": "Feature", "properties": { "id": 458, "state": "Manipur", "state_code": null, "district": "CHANDEL", "district_code": 280.0, "sub_district": null, "sub_district_code": null, "sub_district_type": null, "village": "Unnamed Village", "village_category": "Rural", "village_code": "9824624049" }, "geometry": { "type": "Point", "coordinates": [ 93.8994396, 24.3537833 ] } },
{ "type": "Feature", "properties": { "id": 459, "state": "Manipur", "state_code": null, "district": "CHANDEL", "district_code": 280.0, "sub_district": null, "sub_district_code": null, "sub_district_type": null, "village": "Unnamed Village", "village_category": "Rural", "village_code": "9824624050" }, "geometry": { "type": "Point", "coordinates": [ 93.9032989, 24.3183222 ] } },
{ "type": "Feature", "properties": { "id": 460, "state": "Manipur", "state_code": null, "district": "CHANDEL", "district_code": 280.0, "sub_district": null, "sub_district_code": null, "sub_district_type": null, "village": "Unnamed Hamlet", "village_category": "Rural", "village_code": "9824624051" }, "geometry": { "type": "Point", "coordinates": [ 93.9002187, 24.3283276 ] } },
{ "type": "Feature", "properties": { "id": 461, "state": "Manipur", "state_code": null, "district": "CHANDEL", "district_code": 280.0, "sub_district": null, "sub_district_code": null, "sub_district_type": null, "village": "Unopat", "village_category": "Rural", "village_code": "9824624052" }, "geometry": { "type": "Point", "coordinates": [ 93.8995301, 24.3099838 ] } },
{ "type": "Feature", "properties": { "id": 462, "state": "Manipur", "state_code": null, "district": "KAKCHING", "district_code": 651.0, "sub_district": null, "sub_district_code": null, "sub_district_type": null, "village": "Khambathel", "village_category": "Rural", "village_code": "9824624053" }, "geometry": { "type": "Point", "coordinates": [ 93.8992946, 24.2980613 ] } },
{ "type": "Feature", "properties": { "id": 463, "state": "Manipur", "state_code": null, "district": "KAKCHING", "district_code": 651.0, "sub_district": null, "sub_district_code": null, "sub_district_type": null, "village": "Toupokpi", "village_category": "Rural", "village_code": "9824624054" }, "geometry": { "type": "Point", "coordinates": [ 93.8977726, 24.252541 ] } },
{ "type": "Feature", "properties": { "id": 464, "state": "Manipur", "state_code": null, "district": "CHANDEL", "district_code": 280.0, "sub_district": null, "sub_district_code": null, "sub_district_type": null, "village": "Nungpan", "village_category": "Rural", "village_code": "9824624055" }, "geometry": { "type": "Point", "coordinates": [ 93.9011156, 24.2305748 ] } },
{ "type": "Feature", "properties": { "id": 465, "state": "Manipur", "state_code": null, "district": "CHANDEL", "district_code": 280.0, "sub_district": null, "sub_district_code": null, "sub_district_type": null, "village": "Sambum Phunal", "village_category": "Rural", "village_code": "9824684779" }, "geometry": { "type": "Point", "coordinates": [ 93.9777255, 24.4654678 ] } },
{ "type": "Feature", "properties": { "id": 466, "state": "Manipur", "state_code": null, "district": "CHANDEL", "district_code": 280.0, "sub_district": null, "sub_district_code": null, "sub_district_type": null, "village": "Khudei Khunou", "village_category": "Rural", "village_code": "9824684780" }, "geometry": { "type": "Point", "coordinates": [ 93.9773358, 24.453355 ] } },
{ "type": "Feature", "properties": { "id": 467, "state": "Manipur", "state_code": null, "district": "KAKCHING", "district_code": 651.0, "sub_district": null, "sub_district_code": null, "sub_district_type": null, "village": "Unnamed Hamlet", "village_category": "Rural", "village_code": "9824684781" }, "geometry": { "type": "Point", "coordinates": [ 94.0070796, 24.4507992 ] } },
{ "type": "Feature", "properties": { "id": 468, "state": "Manipur", "state_code": null, "district": "CHANDEL", "district_code": 280.0, "sub_district": null, "sub_district_code": null, "sub_district_type": null, "village": "Unnamed Hamlet", "village_category": "Rural", "village_code": "9824684782" }, "geometry": { "type": "Point", "coordinates": [ 94.0075302, 24.4404266 ] } },
{ "type": "Feature", "properties": { "id": 469, "state": "Manipur", "state_code": null, "district": "KAKCHING", "district_code": 651.0, "sub_district": null, "sub_district_code": null, "sub_district_type": null, "village": "Aimol Khullen", "village_category": "Rural", "village_code": "9824684783" }, "geometry": { "type": "Point", "coordinates": [ 94.0506387, 24.4631827 ] } },
{ "type": "Feature", "properties": { "id": 470, "state": "Manipur", "state_code": null, "district": "TENGNOUPAL", "district_code": 667.0, "sub_district": null, "sub_district_code": null, "sub_district_type": null, "village": "Kangsang", "village_category": "Rural", "village_code": "9824684784" }, "geometry": { "type": "Point", "coordinates": [ 94.038904, 24.4694363 ] } },
{ "type": "Feature", "properties": { "id": 471, "state": "Manipur", "state_code": null, "district": "THOUBAL", "district_code": 276.0, "sub_district": null, "sub_district_code": null, "sub_district_type": null, "village": "Koijam Maring", "village_category": "Rural", "village_code": "9824684785" }, "geometry": { "type": "Point", "coordinates": [ 94.0335775, 24.5269433 ] } },
{ "type": "Feature", "properties": { "id": 472, "state": "Manipur", "state_code": null, "district": "THOUBAL", "district_code": 276.0, "sub_district": null, "sub_district_code": null, "sub_district_type": null, "village": "Unnamed Village", "village_category": "Rural", "village_code": "9824684786" }, "geometry": { "type": "Point", "coordinates": [ 94.0612388, 24.5527217 ] } },
{ "type": "Feature", "properties": { "id": 473, "state": "Manipur", "state_code": null, "district": "THOUBAL", "district_code": 276.0, "sub_district": null, "sub_district_code": null, "sub_district_type": null, "village": "Unnamed Village", "village_category": "Rural", "village_code": "9824684787" }, "geometry": { "type": "Point", "coordinates": [ 94.0810442, 24.5772332 ] } },
{ "type": "Feature", "properties": { "id": 474, "state": "Manipur", "state_code": null, "district": "TENGNOUPAL", "district_code": 667.0, "sub_district": null, "sub_district_code": null, "sub_district_type": null, "village": "Mumlo Ringpam", "village_category": "Rural", "village_code": "9824684788" }, "geometry": { "type": "Point", "coordinates": [ 94.0976095, 24.6215993 ] } },
{ "type": "Feature", "properties": { "id": 475, "state": "Manipur", "state_code": null, "district": "THOUBAL", "district_code": 276.0, "sub_district": null, "sub_district_code": null, "sub_district_type": null, "village": "Unnamed Village", "village_category": "Rural", "village_code": "9824684789" }, "geometry": { "type": "Point", "coordinates": [ 94.0985322, 24.6498809 ] } },
{ "type": "Feature", "properties": { "id": 476, "state": "Manipur", "state_code": null, "district": "THOUBAL", "district_code": 276.0, "sub_district": null, "sub_district_code": null, "sub_district_type": null, "village": "Chandrakhong", "village_category": "Rural", "village_code": "9824684790" }, "geometry": { "type": "Point", "coordinates": [ 94.1222859, 24.6901466 ] } },
{ "type": "Feature", "properties": { "id": 477, "state": "Manipur", "state_code": null, "district": "IMPHAL EAST", "district_code": 278.0, "sub_district": null, "sub_district_code": null, "sub_district_type": null, "village": "Nungbrang", "village_category": "Rural", "village_code": "9824684791" }, "geometry": { "type": "Point", "coordinates": [ 94.1208482, 24.7096216 ] } },
{ "type": "Feature", "properties": { "id": 478, "state": "Manipur", "state_code": null, "district": "KANGPOKPI", "district_code": 679.0, "sub_district": null, "sub_district_code": null, "sub_district_type": null, "village": "Unnamed Hamlet", "village_category": "Rural", "village_code": "9824684792" }, "geometry": { "type": "Point", "coordinates": [ 94.1611028, 24.7365775 ] } },
{ "type": "Feature", "properties": { "id": 479, "state": "Manipur", "state_code": null, "district": "TENGNOUPAL", "district_code": 667.0, "sub_district": null, "sub_district_code": null, "sub_district_type": null, "village": "Unnamed Hamlet", "village_category": "Rural", "village_code": "9825679282" }, "geometry": { "type": "Point", "coordinates": [ 94.1236919, 24.4712184 ] } },
{ "type": "Feature", "properties": { "id": 480, "state": "Manipur", "state_code": null, "district": "TENGNOUPAL", "district_code": 667.0, "sub_district": null, "sub_district_code": null, "sub_district_type": null, "village": "Unnamed Village", "village_category": "Rural", "village_code": "9825679488" }, "geometry": { "type": "Point", "coordinates": [ 94.2376051, 24.260695 ] } },
{ "type": "Feature", "properties": { "id": 481, "state": "Manipur", "state_code": null, "district": "KAMJANG", "district_code": 670.0, "sub_district": null, "sub_district_code": null, "sub_district_type": null, "village": "K. Ashang Khullen", "village_category": "Rural", "village_code": "9827109534" }, "geometry": { "type": "Point", "coordinates": [ 94.4240545, 24.5400735 ] } },
{ "type": "Feature", "properties": { "id": 482, "state": "Manipur", "state_code": null, "district": "KAMJANG", "district_code": 670.0, "sub_district": null, "sub_district_code": null, "sub_district_type": null, "village": "Unnamed Village", "village_category": "Rural", "village_code": "9827109591" }, "geometry": { "type": "Point", "coordinates": [ 94.3626604, 24.7173098 ] } },
{ "type": "Feature", "properties": { "id": 483, "state": "Manipur", "state_code": null, "district": "KAMJANG", "district_code": 670.0, "sub_district": null, "sub_district_code": null, "sub_district_type": null, "village": "Nambashi Khullen", "village_category": "Rural", "village_code": "9827109623" }, "geometry": { "type": "Point", "coordinates": [ 94.348651, 24.7548255 ] } },
{ "type": "Feature", "properties": { "id": 484, "state": "Manipur", "state_code": null, "district": "KAMJANG", "district_code": 670.0, "sub_district": null, "sub_district_code": null, "sub_district_type": null, "village": "Unnamed Village", "village_category": "Rural", "village_code": "9827109661" }, "geometry": { "type": "Point", "coordinates": [ 94.2853502, 24.7325375 ] } },
{ "type": "Feature", "properties": { "id": 485, "state": "Manipur", "state_code": null, "district": "KAMJANG", "district_code": 670.0, "sub_district": null, "sub_district_code": null, "sub_district_type": null, "village": "Unnamed Village", "village_category": "Rural", "village_code": "9827109669" }, "geometry": { "type": "Point", "coordinates": [ 94.2907923, 24.7234305 ] } },
{ "type": "Feature", "properties": { "id": 486, "state": "Manipur", "state_code": null, "district": "KAMJANG", "district_code": 670.0, "sub_district": null, "sub_district_code": null, "sub_district_type": null, "village": "Khambi", "village_category": "Rural", "village_code": "9827109670" }, "geometry": { "type": "Point", "coordinates": [ 94.3551211, 24.7853593 ] } },
{ "type": "Feature", "properties": { "id": 487, "state": "Manipur", "state_code": null, "district": "KANGPOKPI", "district_code": 679.0, "sub_district": null, "sub_district_code": null, "sub_district_type": null, "village": "Unnamed Hamlet", "village_category": "Rural", "village_code": "9827109671" }, "geometry": { "type": "Point", "coordinates": [ 94.1302012, 24.7619361 ] } },
{ "type": "Feature", "properties": { "id": 488, "state": "Manipur", "state_code": null, "district": "KANGPOKPI", "district_code": 679.0, "sub_district": null, "sub_district_code": null, "sub_district_type": null, "village": "Nongpok Keithelmanbi", "village_category": "Rural", "village_code": "9827109672" }, "geometry": { "type": "Point", "coordinates": [ 94.1247989, 24.7314662 ] } },
{ "type": "Feature", "properties": { "id": 489, "state": "Manipur", "state_code": null, "district": "KANGPOKPI", "district_code": 679.0, "sub_district": null, "sub_district_code": null, "sub_district_type": null, "village": "Kaihao", "village_category": "Rural", "village_code": "9827109673" }, "geometry": { "type": "Point", "coordinates": [ 94.1250381, 24.7411755 ] } },
{ "type": "Feature", "properties": { "id": 490, "state": "Manipur", "state_code": null, "district": "IMPHAL EAST", "district_code": 278.0, "sub_district": null, "sub_district_code": null, "sub_district_type": null, "village": "Leirongthel", "village_category": "Rural", "village_code": "9827109674" }, "geometry": { "type": "Point", "coordinates": [ 94.1045404, 24.7000041 ] } },
{ "type": "Feature", "properties": { "id": 491, "state": "Manipur", "state_code": null, "district": "KAMJANG", "district_code": 670.0, "sub_district": null, "sub_district_code": null, "sub_district_type": null, "village": "Unnamed Village", "village_category": "Rural", "village_code": "9827109675" }, "geometry": { "type": "Point", "coordinates": [ 94.1859177, 24.6602794 ] } },
{ "type": "Feature", "properties": { "id": 492, "state": "Manipur", "state_code": null, "district": "KAMJANG", "district_code": 670.0, "sub_district": null, "sub_district_code": null, "sub_district_type": null, "village": "Unnamed Village", "village_category": "Rural", "village_code": "9827109676" }, "geometry": { "type": "Point", "coordinates": [ 94.1710008, 24.6409294 ] } },
{ "type": "Feature", "properties": { "id": 493, "state": "Manipur", "state_code": null, "district": "TENGNOUPAL", "district_code": 667.0, "sub_district": null, "sub_district_code": null, "sub_district_type": null, "village": "Unnamed Hamlet", "village_category": "Rural", "village_code": "9827109677" }, "geometry": { "type": "Point", "coordinates": [ 94.1739049, 24.6001945 ] } },
{ "type": "Feature", "properties": { "id": 494, "state": "Manipur", "state_code": null, "district": "TENGNOUPAL", "district_code": 667.0, "sub_district": null, "sub_district_code": null, "sub_district_type": null, "village": "Unnamed Hamlet", "village_category": "Rural", "village_code": "9827109678" }, "geometry": { "type": "Point", "coordinates": [ 94.1624129, 24.6018311 ] } },
{ "type": "Feature", "properties": { "id": 495, "state": "Manipur", "state_code": null, "district": "TENGNOUPAL", "district_code": 667.0, "sub_district": null, "sub_district_code": null, "sub_district_type": null, "village": "Unnamed Village", "village_category": "Rural", "village_code": "9827109679" }, "geometry": { "type": "Point", "coordinates": [ 94.1402768, 24.5873652 ] } },
{ "type": "Feature", "properties": { "id": 496, "state": "Manipur", "state_code": null, "district": "TENGNOUPAL", "district_code": 667.0, "sub_district": null, "sub_district_code": null, "sub_district_type": null, "village": "Leibi", "village_category": "Rural", "village_code": "9827259430" }, "geometry": { "type": "Point", "coordinates": [ 94.2532031, 24.3952623 ] } },
{ "type": "Feature", "properties": { "id": 497, "state": "Manipur", "state_code": null, "district": "THOUBAL", "district_code": 276.0, "sub_district": null, "sub_district_code": null, "sub_district_type": null, "village": "Tollen", "village_category": "Rural", "village_code": "9827399018" }, "geometry": { "type": "Point", "coordinates": [ 94.0945238, 24.6086146 ] } },
{ "type": "Feature", "properties": { "id": 498, "state": "Manipur", "state_code": null, "district": "TENGNOUPAL", "district_code": 667.0, "sub_district": null, "sub_district_code": null, "sub_district_type": null, "village": "Khunbi Khunou", "village_category": "Rural", "village_code": "9827444173" }, "geometry": { "type": "Point", "coordinates": [ 94.049029, 24.4712128 ] } },
{ "type": "Feature", "properties": { "id": 499, "state": "Manipur", "state_code": null, "district": "TENGNOUPAL", "district_code": 667.0, "sub_district": null, "sub_district_code": null, "sub_district_type": null, "village": "Aimol", "village_category": "Rural", "village_code": "9827504642" }, "geometry": { "type": "Point", "coordinates": [ 94.0419852, 24.4498434 ] } },
{ "type": "Feature", "properties": { "id": 500, "state": "Manipur", "state_code": null, "district": "TENGNOUPAL", "district_code": 667.0, "sub_district": null, "sub_district_code": null, "sub_district_type": null, "village": "Molnom", "village_category": "Rural", "village_code": "9827504675" }, "geometry": { "type": "Point", "coordinates": [ 94.0461041, 24.4434788 ] } },
{ "type": "Feature", "properties": { "id": 501, "state": "Manipur", "state_code": null, "district": "CHANDEL", "district_code": 280.0, "sub_district": null, "sub_district_code": null, "sub_district_type": null, "village": "Molnoi", "village_category": "Rural", "village_code": "9827504696" }, "geometry": { "type": "Point", "coordinates": [ 94.0286003, 24.445304 ] } },
{ "type": "Feature", "properties": { "id": 502, "state": "Manipur", "state_code": null, "district": "TENGNOUPAL", "district_code": 667.0, "sub_district": null, "sub_district_code": null, "sub_district_type": null, "village": "Nungourok", "village_category": "Rural", "village_code": "9827504697" }, "geometry": { "type": "Point", "coordinates": [ 94.0210307, 24.4588427 ] } },
{ "type": "Feature", "properties": { "id": 503, "state": "Manipur", "state_code": null, "district": "TENGNOUPAL", "district_code": 667.0, "sub_district": null, "sub_district_code": null, "sub_district_type": null, "village": "Unnamed Village", "village_category": "Rural", "village_code": "9827839067" }, "geometry": { "type": "Point", "coordinates": [ 94.3112321, 24.4133994 ] } },
{ "type": "Feature", "properties": { "id": 504, "state": "Manipur", "state_code": null, "district": "TENGNOUPAL", "district_code": 667.0, "sub_district": null, "sub_district_code": null, "sub_district_type": null, "village": "Unnamed Village", "village_category": "Rural", "village_code": "9827839147" }, "geometry": { "type": "Point", "coordinates": [ 94.3287199, 24.3582181 ] } },
{ "type": "Feature", "properties": { "id": 505, "state": "Manipur", "state_code": null, "district": "CHANDEL", "district_code": 280.0, "sub_district": null, "sub_district_code": null, "sub_district_type": null, "village": "Lamkang Khunthak", "village_category": "Rural", "village_code": "9827856643" }, "geometry": { "type": "Point", "coordinates": [ 94.1314025, 24.3851212 ] } },
{ "type": "Feature", "properties": { "id": 506, "state": "Manipur", "state_code": null, "district": "KAMJANG", "district_code": 670.0, "sub_district": null, "sub_district_code": null, "sub_district_type": null, "village": "Unnamed Village", "village_category": "Rural", "village_code": "9828065231" }, "geometry": { "type": "Point", "coordinates": [ 94.3978319, 24.6675922 ] } },
{ "type": "Feature", "properties": { "id": 507, "state": "Manipur", "state_code": null, "district": "KAMJANG", "district_code": 670.0, "sub_district": null, "sub_district_code": null, "sub_district_type": null, "village": "Unnamed Village", "village_category": "Rural", "village_code": "9828065396" }, "geometry": { "type": "Point", "coordinates": [ 94.3693681, 24.8522667 ] } },
{ "type": "Feature", "properties": { "id": 508, "state": "Manipur", "state_code": null, "district": "KAMJANG", "district_code": 670.0, "sub_district": null, "sub_district_code": null, "sub_district_type": null, "village": "Unnamed Village", "village_category": "Rural", "village_code": "9828065415" }, "geometry": { "type": "Point", "coordinates": [ 94.3568509, 24.8509452 ] } },
{ "type": "Feature", "properties": { "id": 509, "state": "Manipur", "state_code": null, "district": "KAMJANG", "district_code": 670.0, "sub_district": null, "sub_district_code": null, "sub_district_type": null, "village": "Unnamed Village", "village_category": "Rural", "village_code": "9828065433" }, "geometry": { "type": "Point", "coordinates": [ 94.3117456, 24.8756769 ] } },
{ "type": "Feature", "properties": { "id": 510, "state": "Manipur", "state_code": null, "district": "KAMJANG", "district_code": 670.0, "sub_district": null, "sub_district_code": null, "sub_district_type": null, "village": "Unnamed Village", "village_category": "Rural", "village_code": "9828065450" }, "geometry": { "type": "Point", "coordinates": [ 94.2571527, 24.8932955 ] } },
{ "type": "Feature", "properties": { "id": 511, "state": "Manipur", "state_code": null, "district": "KAMJANG", "district_code": 670.0, "sub_district": null, "sub_district_code": null, "sub_district_type": null, "village": "Unnamed Village", "village_category": "Rural", "village_code": "9828065467" }, "geometry": { "type": "Point", "coordinates": [ 94.2499781, 24.8637738 ] } },
{ "type": "Feature", "properties": { "id": 512, "state": "Manipur", "state_code": null, "district": "KAMJANG", "district_code": 670.0, "sub_district": null, "sub_district_code": null, "sub_district_type": null, "village": "Unnamed Village", "village_category": "Rural", "village_code": "9828065555" }, "geometry": { "type": "Point", "coordinates": [ 94.2622643, 24.7710723 ] } },
{ "type": "Feature", "properties": { "id": 513, "state": "Manipur", "state_code": null, "district": "KANGPOKPI", "district_code": 679.0, "sub_district": null, "sub_district_code": null, "sub_district_type": null, "village": "Pheitaiching", "village_category": "Rural", "village_code": "9828146597" }, "geometry": { "type": "Point", "coordinates": [ 94.0832457, 24.7593886 ] } },
{ "type": "Feature", "properties": { "id": 514, "state": "Manipur", "state_code": null, "district": "KANGPOKPI", "district_code": 679.0, "sub_district": null, "sub_district_code": null, "sub_district_type": null, "village": "Unnamed Village", "village_category": "Rural", "village_code": "9828146598" }, "geometry": { "type": "Point", "coordinates": [ 94.0856802, 24.7554511 ] } },
{ "type": "Feature", "properties": { "id": 515, "state": "Manipur", "state_code": null, "district": "TENGNOUPAL", "district_code": 667.0, "sub_district": null, "sub_district_code": null, "sub_district_type": null, "village": "Satang", "village_category": "Rural", "village_code": "9828163861" }, "geometry": { "type": "Point", "coordinates": [ 94.3534185, 24.3573327 ] } },
{ "type": "Feature", "properties": { "id": 516, "state": "Manipur", "state_code": null, "district": "TENGNOUPAL", "district_code": 667.0, "sub_district": null, "sub_district_code": null, "sub_district_type": null, "village": "Choktong", "village_category": "Rural", "village_code": "9828163869" }, "geometry": { "type": "Point", "coordinates": [ 94.362561, 24.3614175 ] } },
{ "type": "Feature", "properties": { "id": 517, "state": "Manipur", "state_code": null, "district": "TENGNOUPAL", "district_code": 667.0, "sub_district": null, "sub_district_code": null, "sub_district_type": null, "village": "Yangoupokpi", "village_category": "Rural", "village_code": "9828163871" }, "geometry": { "type": "Point", "coordinates": [ 94.3965803, 24.4562389 ] } },
{ "type": "Feature", "properties": { "id": 518, "state": "Manipur", "state_code": null, "district": "TENGNOUPAL", "district_code": 667.0, "sub_district": null, "sub_district_code": null, "sub_district_type": null, "village": "Wakshu", "village_category": "Rural", "village_code": "9828163911" }, "geometry": { "type": "Point", "coordinates": [ 94.328658, 24.4173287 ] } },
{ "type": "Feature", "properties": { "id": 519, "state": "Manipur", "state_code": null, "district": "CHANDEL", "district_code": 280.0, "sub_district": null, "sub_district_code": null, "sub_district_type": null, "village": "Lirungtabi", "village_category": "Rural", "village_code": "9828209849" }, "geometry": { "type": "Point", "coordinates": [ 94.0093237, 24.3805966 ] } },
{ "type": "Feature", "properties": { "id": 520, "state": "Manipur", "state_code": null, "district": "CHANDEL", "district_code": 280.0, "sub_district": null, "sub_district_code": null, "sub_district_type": null, "village": "Liwa Khullen", "village_category": "Rural", "village_code": "9828209850" }, "geometry": { "type": "Point", "coordinates": [ 94.0114347, 24.3736179 ] } },
{ "type": "Feature", "properties": { "id": 521, "state": "Manipur", "state_code": null, "district": "CHANDEL", "district_code": 280.0, "sub_district": null, "sub_district_code": null, "sub_district_type": null, "village": "Unnamed Village", "village_category": "Rural", "village_code": "9828209894" }, "geometry": { "type": "Point", "coordinates": [ 93.9611807, 24.4483653 ] } },
{ "type": "Feature", "properties": { "id": 522, "state": "Manipur", "state_code": null, "district": "KAKCHING", "district_code": 651.0, "sub_district": null, "sub_district_code": null, "sub_district_type": null, "village": "Kanemram", "village_category": "Rural", "village_code": "9828209895" }, "geometry": { "type": "Point", "coordinates": [ 94.0186197, 24.4633794 ] } },
{ "type": "Feature", "properties": { "id": 523, "state": "Manipur", "state_code": null, "district": "TENGNOUPAL", "district_code": 667.0, "sub_district": null, "sub_district_code": null, "sub_district_type": null, "village": "Salemram", "village_category": "Rural", "village_code": "9828209896" }, "geometry": { "type": "Point", "coordinates": [ 94.0203718, 24.4640607 ] } },
{ "type": "Feature", "properties": { "id": 524, "state": "Manipur", "state_code": null, "district": "KAKCHING", "district_code": 651.0, "sub_district": null, "sub_district_code": null, "sub_district_type": null, "village": "Island", "village_category": "Rural", "village_code": "9828209931" }, "geometry": { "type": "Point", "coordinates": [ 94.0273416, 24.4519998 ] } },
{ "type": "Feature", "properties": { "id": 525, "state": "Manipur", "state_code": null, "district": "KAKCHING", "district_code": 651.0, "sub_district": null, "sub_district_code": null, "sub_district_type": null, "village": "Tuishimi", "village_category": "Rural", "village_code": "9828209932" }, "geometry": { "type": "Point", "coordinates": [ 94.0268169, 24.4550302 ] } },
{ "type": "Feature", "properties": { "id": 526, "state": "Manipur", "state_code": null, "district": "KAKCHING", "district_code": 651.0, "sub_district": null, "sub_district_code": null, "sub_district_type": null, "village": "Teraphai", "village_category": "Rural", "village_code": "9828209933" }, "geometry": { "type": "Point", "coordinates": [ 94.0294657, 24.4554518 ] } },
{ "type": "Feature", "properties": { "id": 527, "state": "Manipur", "state_code": null, "district": "KAKCHING", "district_code": 651.0, "sub_district": null, "sub_district_code": null, "sub_district_type": null, "village": "Maringphai", "village_category": "Rural", "village_code": "9828209934" }, "geometry": { "type": "Point", "coordinates": [ 94.0322849, 24.4589449 ] } },
{ "type": "Feature", "properties": { "id": 528, "state": "Manipur", "state_code": null, "district": "KAKCHING", "district_code": 651.0, "sub_district": null, "sub_district_code": null, "sub_district_type": null, "village": "Unnamed Village", "village_category": "Rural", "village_code": "9828209935" }, "geometry": { "type": "Point", "coordinates": [ 94.0328773, 24.452717 ] } },
{ "type": "Feature", "properties": { "id": 529, "state": "Manipur", "state_code": null, "district": "KAKCHING", "district_code": 651.0, "sub_district": null, "sub_district_code": null, "sub_district_type": null, "village": "Beaularam", "village_category": "Rural", "village_code": "9828209936" }, "geometry": { "type": "Point", "coordinates": [ 94.0343522, 24.4578125 ] } },
{ "type": "Feature", "properties": { "id": 530, "state": "Manipur", "state_code": null, "district": "TENGNOUPAL", "district_code": 667.0, "sub_district": null, "sub_district_code": null, "sub_district_type": null, "village": "Tuisen", "village_category": "Rural", "village_code": "9828209937" }, "geometry": { "type": "Point", "coordinates": [ 94.0513476, 24.4704487 ] } },
{ "type": "Feature", "properties": { "id": 531, "state": "Manipur", "state_code": null, "district": "TENGNOUPAL", "district_code": 667.0, "sub_district": null, "sub_district_code": null, "sub_district_type": null, "village": "Laiching Khuman", "village_category": "Rural", "village_code": "9828209938" }, "geometry": { "type": "Point", "coordinates": [ 94.029067, 24.4896745 ] } },
{ "type": "Feature", "properties": { "id": 532, "state": "Manipur", "state_code": null, "district": "KAKCHING", "district_code": 651.0, "sub_district": null, "sub_district_code": null, "sub_district_type": null, "village": "Khangshim", "village_category": "Rural", "village_code": "9828209954" }, "geometry": { "type": "Point", "coordinates": [ 94.0125187, 24.4942765 ] } },
{ "type": "Feature", "properties": { "id": 533, "state": "Manipur", "state_code": null, "district": "TENGNOUPAL", "district_code": 667.0, "sub_district": null, "sub_district_code": null, "sub_district_type": null, "village": "Yamolching", "village_category": "Rural", "village_code": "9828220560" }, "geometry": { "type": "Point", "coordinates": [ 94.1831766, 24.5510963 ] } },
{ "type": "Feature", "properties": { "id": 534, "state": "Manipur", "state_code": null, "district": "TENGNOUPAL", "district_code": 667.0, "sub_district": null, "sub_district_code": null, "sub_district_type": null, "village": "Haikot", "village_category": "Rural", "village_code": "9828220561" }, "geometry": { "type": "Point", "coordinates": [ 94.1804222, 24.5597761 ] } },
{ "type": "Feature", "properties": { "id": 535, "state": "Manipur", "state_code": null, "district": "TENGNOUPAL", "district_code": 667.0, "sub_district": null, "sub_district_code": null, "sub_district_type": null, "village": "Thallem", "village_category": "Rural", "village_code": "9828220562" }, "geometry": { "type": "Point", "coordinates": [ 94.2019155, 24.5544784 ] } },
{ "type": "Feature", "properties": { "id": 536, "state": "Manipur", "state_code": null, "district": "TENGNOUPAL", "district_code": 667.0, "sub_district": null, "sub_district_code": null, "sub_district_type": null, "village": "Thamlai", "village_category": "Rural", "village_code": "9828220563" }, "geometry": { "type": "Point", "coordinates": [ 94.1087552, 24.5748884 ] } },
{ "type": "Feature", "properties": { "id": 537, "state": "Manipur", "state_code": null, "district": "TENGNOUPAL", "district_code": 667.0, "sub_district": null, "sub_district_code": null, "sub_district_type": null, "village": "Wapaching", "village_category": "Rural", "village_code": "9828220564" }, "geometry": { "type": "Point", "coordinates": [ 94.0997409, 24.5762947 ] } },
{ "type": "Feature", "properties": { "id": 538, "state": "Manipur", "state_code": null, "district": "THOUBAL", "district_code": 276.0, "sub_district": null, "sub_district_code": null, "sub_district_type": null, "village": "Kwarok", "village_category": "Rural", "village_code": "9828220565" }, "geometry": { "type": "Point", "coordinates": [ 94.07955, 24.6571653 ] } },
{ "type": "Feature", "properties": { "id": 539, "state": "Manipur", "state_code": null, "district": "THOUBAL", "district_code": 276.0, "sub_district": null, "sub_district_code": null, "sub_district_type": null, "village": "Unnamed Village", "village_category": "Rural", "village_code": "9828220566" }, "geometry": { "type": "Point", "coordinates": [ 94.0688408, 24.6520788 ] } },
{ "type": "Feature", "properties": { "id": 540, "state": "Manipur", "state_code": null, "district": "THOUBAL", "district_code": 276.0, "sub_district": null, "sub_district_code": null, "sub_district_type": null, "village": "Unnamed Village", "village_category": "Rural", "village_code": "9828220567" }, "geometry": { "type": "Point", "coordinates": [ 94.0761101, 24.6482546 ] } },
{ "type": "Feature", "properties": { "id": 541, "state": "Manipur", "state_code": null, "district": "THOUBAL", "district_code": 276.0, "sub_district": null, "sub_district_code": null, "sub_district_type": null, "village": "Kakmayai", "village_category": "Rural", "village_code": "9828220568" }, "geometry": { "type": "Point", "coordinates": [ 94.1015998, 24.6702589 ] } },
{ "type": "Feature", "properties": { "id": 542, "state": "Manipur", "state_code": null, "district": "THOUBAL", "district_code": 276.0, "sub_district": null, "sub_district_code": null, "sub_district_type": null, "village": "Unnamed Village", "village_category": "Rural", "village_code": "9828220569" }, "geometry": { "type": "Point", "coordinates": [ 94.089766, 24.639462 ] } },
{ "type": "Feature", "properties": { "id": 543, "state": "Manipur", "state_code": null, "district": "IMPHAL EAST", "district_code": 278.0, "sub_district": null, "sub_district_code": null, "sub_district_type": null, "village": "Waithou Phunal", "village_category": "Rural", "village_code": "9828220570" }, "geometry": { "type": "Point", "coordinates": [ 93.9780097, 24.7045373 ] } },
{ "type": "Feature", "properties": { "id": 544, "state": "Manipur", "state_code": null, "district": "IMPHAL EAST", "district_code": 278.0, "sub_district": null, "sub_district_code": null, "sub_district_type": null, "village": "Unnamed Village", "village_category": "Rural", "village_code": "9828220571" }, "geometry": { "type": "Point", "coordinates": [ 93.988448, 24.7124659 ] } },
{ "type": "Feature", "properties": { "id": 545, "state": "Manipur", "state_code": null, "district": "IMPHAL EAST", "district_code": 278.0, "sub_district": null, "sub_district_code": null, "sub_district_type": null, "village": "Unnamed Village", "village_category": "Rural", "village_code": "9828220572" }, "geometry": { "type": "Point", "coordinates": [ 93.9714861, 24.682364 ] } },
{ "type": "Feature", "properties": { "id": 546, "state": "Manipur", "state_code": null, "district": "THOUBAL", "district_code": 276.0, "sub_district": null, "sub_district_code": null, "sub_district_type": null, "village": "Unnamed Village", "village_category": "Rural", "village_code": "9828220573" }, "geometry": { "type": "Point", "coordinates": [ 93.9816273, 24.6976119 ] } },
{ "type": "Feature", "properties": { "id": 547, "state": "Manipur", "state_code": null, "district": "IMPHAL EAST", "district_code": 278.0, "sub_district": null, "sub_district_code": null, "sub_district_type": null, "village": "Unnamed Village", "village_category": "Rural", "village_code": "9828220574" }, "geometry": { "type": "Point", "coordinates": [ 93.9900663, 24.7074458 ] } },
{ "type": "Feature", "properties": { "id": 548, "state": "Manipur", "state_code": null, "district": "IMPHAL EAST", "district_code": 278.0, "sub_district": null, "sub_district_code": null, "sub_district_type": null, "village": "Unnamed Village", "village_category": "Rural", "village_code": "9828220575" }, "geometry": { "type": "Point", "coordinates": [ 93.9866499, 24.7169849 ] } },
{ "type": "Feature", "properties": { "id": 549, "state": "Manipur", "state_code": null, "district": "IMPHAL EAST", "district_code": 278.0, "sub_district": null, "sub_district_code": null, "sub_district_type": null, "village": "Unnamed Village", "village_category": "Rural", "village_code": "9828220576" }, "geometry": { "type": "Point", "coordinates": [ 93.9842525, 24.7306172 ] } },
{ "type": "Feature", "properties": { "id": 550, "state": "Manipur", "state_code": null, "district": "KANGPOKPI", "district_code": 679.0, "sub_district": null, "sub_district_code": null, "sub_district_type": null, "village": "Khamu Maring", "village_category": "Rural", "village_code": "9828220577" }, "geometry": { "type": "Point", "coordinates": [ 94.0751379, 24.7216233 ] } },
{ "type": "Feature", "properties": { "id": 551, "state": "Manipur", "state_code": null, "district": "KANGPOKPI", "district_code": 679.0, "sub_district": null, "sub_district_code": null, "sub_district_type": null, "village": "Sharonphai", "village_category": "Rural", "village_code": "9828220578" }, "geometry": { "type": "Point", "coordinates": [ 94.0830601, 24.7247025 ] } },
{ "type": "Feature", "properties": { "id": 552, "state": "Manipur", "state_code": null, "district": "IMPHAL EAST", "district_code": 278.0, "sub_district": null, "sub_district_code": null, "sub_district_type": null, "village": "Unnamed Village", "village_category": "Rural", "village_code": "9828220580" }, "geometry": { "type": "Point", "coordinates": [ 94.0707798, 24.699558 ] } },
{ "type": "Feature", "properties": { "id": 553, "state": "Manipur", "state_code": null, "district": "IMPHAL EAST", "district_code": 278.0, "sub_district": null, "sub_district_code": null, "sub_district_type": null, "village": "Unnamed Village", "village_category": "Rural", "village_code": "9828220581" }, "geometry": { "type": "Point", "coordinates": [ 94.0307783, 24.7241967 ] } },
{ "type": "Feature", "properties": { "id": 554, "state": "Manipur", "state_code": null, "district": "KANGPOKPI", "district_code": 679.0, "sub_district": null, "sub_district_code": null, "sub_district_type": null, "village": "Andro Khunou", "village_category": "Rural", "village_code": "9828220582" }, "geometry": { "type": "Point", "coordinates": [ 94.0663661, 24.7347564 ] } },
{ "type": "Feature", "properties": { "id": 555, "state": "Manipur", "state_code": null, "district": "KANGPOKPI", "district_code": 679.0, "sub_district": null, "sub_district_code": null, "sub_district_type": null, "village": "Kamu Koireng", "village_category": "Rural", "village_code": "9828220583" }, "geometry": { "type": "Point", "coordinates": [ 94.0821411, 24.7316708 ] } },
{ "type": "Feature", "properties": { "id": 556, "state": "Manipur", "state_code": null, "district": "IMPHAL EAST", "district_code": 278.0, "sub_district": null, "sub_district_code": null, "sub_district_type": null, "village": "Sandang Senba Maring", "village_category": "Rural", "village_code": "9828220584" }, "geometry": { "type": "Point", "coordinates": [ 94.0192591, 24.7366344 ] } },
{ "type": "Feature", "properties": { "id": 557, "state": "Manipur", "state_code": null, "district": "IMPHAL EAST", "district_code": 278.0, "sub_district": null, "sub_district_code": null, "sub_district_type": null, "village": "Wangkham", "village_category": "Rural", "village_code": "9828220585" }, "geometry": { "type": "Point", "coordinates": [ 94.0097418, 24.7323515 ] } },
{ "type": "Feature", "properties": { "id": 558, "state": "Manipur", "state_code": null, "district": "IMPHAL EAST", "district_code": 278.0, "sub_district": null, "sub_district_code": null, "sub_district_type": null, "village": "Unnamed Village", "village_category": "Rural", "village_code": "9828220586" }, "geometry": { "type": "Point", "coordinates": [ 94.0080153, 24.7559089 ] } },
{ "type": "Feature", "properties": { "id": 559, "state": "Manipur", "state_code": null, "district": "IMPHAL EAST", "district_code": 278.0, "sub_district": null, "sub_district_code": null, "sub_district_type": null, "village": "Yaipharok", "village_category": "Rural", "village_code": "9828220587" }, "geometry": { "type": "Point", "coordinates": [ 93.9999266, 24.7390247 ] } },
{ "type": "Feature", "properties": { "id": 560, "state": "Manipur", "state_code": null, "district": "IMPHAL EAST", "district_code": 278.0, "sub_district": null, "sub_district_code": null, "sub_district_type": null, "village": "Taoramphai", "village_category": "Rural", "village_code": "9828220588" }, "geometry": { "type": "Point", "coordinates": [ 94.0010769, 24.7470509 ] } },
{ "type": "Feature", "properties": { "id": 561, "state": "Manipur", "state_code": null, "district": "KAMJANG", "district_code": 670.0, "sub_district": null, "sub_district_code": null, "sub_district_type": null, "village": "Skipe", "village_category": "Rural", "village_code": "9831518376" }, "geometry": { "type": "Point", "coordinates": [ 94.5278362, 24.6406644 ] } },
{ "type": "Feature", "properties": { "id": 562, "state": "Manipur", "state_code": null, "district": "KAMJANG", "district_code": 670.0, "sub_district": null, "sub_district_code": null, "sub_district_type": null, "village": "Aishi", "village_category": "Rural", "village_code": "9831518391" }, "geometry": { "type": "Point", "coordinates": [ 94.5903439, 24.7893062 ] } },
{ "type": "Feature", "properties": { "id": 563, "state": "Manipur", "state_code": null, "district": "KAMJANG", "district_code": 670.0, "sub_district": null, "sub_district_code": null, "sub_district_type": null, "village": "Molvailup", "village_category": "Rural", "village_code": "9831518393" }, "geometry": { "type": "Point", "coordinates": [ 94.612896, 24.7906309 ] } },
{ "type": "Feature", "properties": { "id": 564, "state": "Manipur", "state_code": null, "district": "KAMJANG", "district_code": 670.0, "sub_district": null, "sub_district_code": null, "sub_district_type": null, "village": "Kultuh", "village_category": "Rural", "village_code": "9831540925" }, "geometry": { "type": "Point", "coordinates": [ 94.6182507, 24.8195969 ] } },
{ "type": "Feature", "properties": { "id": 565, "state": "Manipur", "state_code": null, "district": "THOUBAL", "district_code": 276.0, "sub_district": null, "sub_district_code": null, "sub_district_type": null, "village": "Unnamed Village", "village_category": "Rural", "village_code": "9832644315" }, "geometry": { "type": "Point", "coordinates": [ 93.9503282, 24.6684426 ] } },
{ "type": "Feature", "properties": { "id": 566, "state": "Manipur", "state_code": null, "district": "THOUBAL", "district_code": 276.0, "sub_district": null, "sub_district_code": null, "sub_district_type": null, "village": "Unnamed Village", "village_category": "Rural", "village_code": "9832644316" }, "geometry": { "type": "Point", "coordinates": [ 93.9499849, 24.6807266 ] } },
{ "type": "Feature", "properties": { "id": 567, "state": "Manipur", "state_code": null, "district": "THOUBAL", "district_code": 276.0, "sub_district": null, "sub_district_code": null, "sub_district_type": null, "village": "Unnamed Village", "village_category": "Rural", "village_code": "9832651817" }, "geometry": { "type": "Point", "coordinates": [ 93.9597052, 24.685016 ] } },
{ "type": "Feature", "properties": { "id": 568, "state": "Manipur", "state_code": null, "district": "THOUBAL", "district_code": 276.0, "sub_district": null, "sub_district_code": null, "sub_district_type": null, "village": "Unnamed Village", "village_category": "Rural", "village_code": "9832651818" }, "geometry": { "type": "Point", "coordinates": [ 93.9713567, 24.6625147 ] } },
{ "type": "Feature", "properties": { "id": 569, "state": "Manipur", "state_code": null, "district": "CHANDEL", "district_code": 280.0, "sub_district": null, "sub_district_code": null, "sub_district_type": null, "village": "Khadungyon Uipo", "village_category": "Rural", "village_code": "9834146705" }, "geometry": { "type": "Point", "coordinates": [ 94.0014106, 24.3366393 ] } },
{ "type": "Feature", "properties": { "id": 570, "state": "Manipur", "state_code": null, "district": "KANGPOKPI", "district_code": 679.0, "sub_district": null, "sub_district_code": null, "sub_district_type": null, "village": "Thoyee", "village_category": "Rural", "village_code": "9834146706" }, "geometry": { "type": "Point", "coordinates": [ 94.1531951, 24.9219028 ] } },
{ "type": "Feature", "properties": { "id": 571, "state": "Manipur", "state_code": null, "district": "IMPHAL EAST", "district_code": 278.0, "sub_district": null, "sub_district_code": null, "sub_district_type": null, "village": "Urangpat", "village_category": "Rural", "village_code": "9834146708" }, "geometry": { "type": "Point", "coordinates": [ 94.1347228, 24.9206772 ] } },
{ "type": "Feature", "properties": { "id": 572, "state": "Manipur", "state_code": null, "district": "IMPHAL EAST", "district_code": 278.0, "sub_district": null, "sub_district_code": null, "sub_district_type": null, "village": "Gwaltabi Kuki", "village_category": "Rural", "village_code": "9834146709" }, "geometry": { "type": "Point", "coordinates": [ 94.1365751, 24.9190639 ] } },
{ "type": "Feature", "properties": { "id": 573, "state": "Manipur", "state_code": null, "district": "KANGPOKPI", "district_code": 679.0, "sub_district": null, "sub_district_code": null, "sub_district_type": null, "village": "Riha", "village_category": "Rural", "village_code": "9834146710" }, "geometry": { "type": "Point", "coordinates": [ 94.1456964, 24.9025863 ] } },
{ "type": "Feature", "properties": { "id": 574, "state": "Manipur", "state_code": null, "district": "TENGNOUPAL", "district_code": 667.0, "sub_district": null, "sub_district_code": null, "sub_district_type": null, "village": "Biyang", "village_category": "Rural", "village_code": "9836198328" }, "geometry": { "type": "Point", "coordinates": [ 94.2614244, 24.5490653 ] } },
{ "type": "Feature", "properties": { "id": 575, "state": "Manipur", "state_code": null, "district": "TENGNOUPAL", "district_code": 667.0, "sub_district": null, "sub_district_code": null, "sub_district_type": null, "village": "Yamolching", "village_category": "Rural", "village_code": "9836198329" }, "geometry": { "type": "Point", "coordinates": [ 94.2693632, 24.5744387 ] } },
{ "type": "Feature", "properties": { "id": 576, "state": "Manipur", "state_code": null, "district": "TAMENGLONG", "district_code": 273.0, "sub_district": null, "sub_district_code": null, "sub_district_type": null, "village": "Lukhambi", "village_category": "Rural", "village_code": "9839806368" }, "geometry": { "type": "Point", "coordinates": [ 93.6058397, 24.8914897 ] } },
{ "type": "Feature", "properties": { "id": 577, "state": "Manipur", "state_code": null, "district": "TAMENGLONG", "district_code": 273.0, "sub_district": null, "sub_district_code": null, "sub_district_type": null, "village": "Pangkibot", "village_category": "Rural", "village_code": "9839806369" }, "geometry": { "type": "Point", "coordinates": [ 93.466015, 24.8757128 ] } },
{ "type": "Feature", "properties": { "id": 578, "state": "Manipur", "state_code": null, "district": "TAMENGLONG", "district_code": 273.0, "sub_district": null, "sub_district_code": null, "sub_district_type": null, "village": "Sempāng", "village_category": "Rural", "village_code": "9839806370" }, "geometry": { "type": "Point", "coordinates": [ 93.4321567, 24.8560355 ] } },
{ "type": "Feature", "properties": { "id": 579, "state": "Manipur", "state_code": null, "district": "BISHNUPUR", "district_code": 275.0, "sub_district": null, "sub_district_code": null, "sub_district_type": null, "village": "Oinām", "village_category": "Rural", "village_code": "9839806372" }, "geometry": { "type": "Point", "coordinates": [ 93.812922, 24.688956 ] } },
{ "type": "Feature", "properties": { "id": 580, "state": "Manipur", "state_code": null, "district": "NONEY", "district_code": 659.0, "sub_district": null, "sub_district_code": null, "sub_district_type": null, "village": "Lamdānmai", "village_category": "Rural", "village_code": "9839806373" }, "geometry": { "type": "Point", "coordinates": [ 93.6576319, 24.7265046 ] } },
{ "type": "Feature", "properties": { "id": 581, "state": "Manipur", "state_code": null, "district": "NONEY", "district_code": 659.0, "sub_district": null, "sub_district_code": null, "sub_district_type": null, "village": "Charoi Chakoklong", "village_category": "Rural", "village_code": "9839806374" }, "geometry": { "type": "Point", "coordinates": [ 93.6351818, 24.7699117 ] } },
{ "type": "Feature", "properties": { "id": 582, "state": "Manipur", "state_code": null, "district": "TAMENGLONG", "district_code": 273.0, "sub_district": null, "sub_district_code": null, "sub_district_type": null, "village": "Haochong", "village_category": "Rural", "village_code": "9839806386" }, "geometry": { "type": "Point", "coordinates": [ 93.6845894, 24.8823883 ] } },
{ "type": "Feature", "properties": { "id": 583, "state": "Manipur", "state_code": null, "district": "TENGNOUPAL", "district_code": 667.0, "sub_district": null, "sub_district_code": null, "sub_district_type": null, "village": "Unnamed Village", "village_category": "Rural", "village_code": "9883572244" }, "geometry": { "type": "Point", "coordinates": [ 94.2672805, 24.2697833 ] } },
{ "type": "Feature", "properties": { "id": 584, "state": "Manipur", "state_code": null, "district": "KAMJANG", "district_code": 670.0, "sub_district": null, "sub_district_code": null, "sub_district_type": null, "village": "Unnamed Village", "village_category": "Rural", "village_code": "9885799453" }, "geometry": { "type": "Point", "coordinates": [ 94.3482394, 24.6351695 ] } },
{ "type": "Feature", "properties": { "id": 585, "state": "Manipur", "state_code": null, "district": "KAMJANG", "district_code": 670.0, "sub_district": null, "sub_district_code": null, "sub_district_type": null, "village": "Unnamed Village", "village_category": "Rural", "village_code": "9885802480" }, "geometry": { "type": "Point", "coordinates": [ 94.3222559, 24.5928878 ] } },
{ "type": "Feature", "properties": { "id": 586, "state": "Manipur", "state_code": null, "district": "BISHNUPUR", "district_code": 275.0, "sub_district": null, "sub_district_code": null, "sub_district_type": null, "village": "Karang", "village_category": "Rural", "village_code": "9930024012" }, "geometry": { "type": "Point", "coordinates": [ 93.8319969, 24.549114 ] } },
{ "type": "Feature", "properties": { "id": 587, "state": "Manipur", "state_code": null, "district": "UKHRUL", "district_code": 279.0, "sub_district": null, "sub_district_code": null, "sub_district_type": null, "village": "Poi", "village_category": "Urban", "village_code": "9952197355" }, "geometry": { "type": "Point", "coordinates": [ 94.556631, 25.2776608 ] } },
{ "type": "Feature", "properties": { "id": 588, "state": "Manipur", "state_code": null, "district": "UKHRUL", "district_code": 279.0, "sub_district": null, "sub_district_code": null, "sub_district_type": null, "village": "Huishu", "village_category": "Rural", "village_code": "9952210833" }, "geometry": { "type": "Point", "coordinates": [ 94.5527135, 25.2460678 ] } },
{ "type": "Feature", "properties": { "id": 589, "state": "Manipur", "state_code": null, "district": "UKHRUL", "district_code": 279.0, "sub_district": null, "sub_district_code": null, "sub_district_type": null, "village": "New Tusom", "village_category": "Rural", "village_code": "9956578566" }, "geometry": { "type": "Point", "coordinates": [ 94.5774823, 25.4224128 ] } },
{ "type": "Feature", "properties": { "id": 590, "state": "Manipur", "state_code": null, "district": "CHANDEL", "district_code": 280.0, "sub_district": null, "sub_district_code": null, "sub_district_type": null, "village": "Unnamed Village", "village_category": "Rural", "village_code": "10074511335" }, "geometry": { "type": "Point", "coordinates": [ 93.9963971, 24.3214873 ] } },
{ "type": "Feature", "properties": { "id": 591, "state": "Manipur", "state_code": null, "district": "CHANDEL", "district_code": 280.0, "sub_district": null, "sub_district_code": null, "sub_district_type": null, "village": "Unnamed Village", "village_category": "Rural", "village_code": "10080204055" }, "geometry": { "type": "Point", "coordinates": [ 94.0142119, 24.4299763 ] } },
{ "type": "Feature", "properties": { "id": 592, "state": "Manipur", "state_code": null, "district": "KAMJANG", "district_code": 670.0, "sub_district": null, "sub_district_code": null, "sub_district_type": null, "village": "Pilong", "village_category": "Rural", "village_code": "10081235768" }, "geometry": { "type": "Point", "coordinates": [ 94.5424546, 24.6648949 ] } },
{ "type": "Feature", "properties": { "id": 593, "state": "Manipur", "state_code": null, "district": "CHANDEL", "district_code": 280.0, "sub_district": null, "sub_district_code": null, "sub_district_type": null, "village": "Unnamed Village", "village_category": "Rural", "village_code": "10106993468" }, "geometry": { "type": "Point", "coordinates": [ 93.9591157, 24.0272159 ] } },
{ "type": "Feature", "properties": { "id": 594, "state": "Manipur", "state_code": null, "district": "CHANDEL", "district_code": 280.0, "sub_district": null, "sub_district_code": null, "sub_district_type": null, "village": "Unnamed Village", "village_category": "Rural", "village_code": "10106993481" }, "geometry": { "type": "Point", "coordinates": [ 93.9376018, 23.9851852 ] } },
{ "type": "Feature", "properties": { "id": 595, "state": "Manipur", "state_code": null, "district": "CHANDEL", "district_code": 280.0, "sub_district": null, "sub_district_code": null, "sub_district_type": null, "village": "Unnamed Village", "village_category": "Rural", "village_code": "10107937695" }, "geometry": { "type": "Point", "coordinates": [ 94.0262637, 24.0581128 ] } },
{ "type": "Feature", "properties": { "id": 596, "state": "Manipur", "state_code": null, "district": "PHERZAWL", "district_code": 718.0, "sub_district": null, "sub_district_code": null, "sub_district_type": null, "village": "Damdiei", "village_category": "Rural", "village_code": "10114946399" }, "geometry": { "type": "Point", "coordinates": [ 93.1751228, 24.3205286 ] } },
{ "type": "Feature", "properties": { "id": 597, "state": "Manipur", "state_code": null, "district": "TENGNOUPAL", "district_code": 667.0, "sub_district": null, "sub_district_code": null, "sub_district_type": null, "village": "Chalson Tengnoupal", "village_category": "Rural", "village_code": "10123992407" }, "geometry": { "type": "Point", "coordinates": [ 94.2409986, 24.1440915 ] } },
{ "type": "Feature", "properties": { "id": 598, "state": "Manipur", "state_code": null, "district": "TENGNOUPAL", "district_code": 667.0, "sub_district": null, "sub_district_code": null, "sub_district_type": null, "village": "Unnamed Village", "village_category": "Rural", "village_code": "10123996327" }, "geometry": { "type": "Point", "coordinates": [ 94.2389661, 24.128634 ] } },
{ "type": "Feature", "properties": { "id": 599, "state": "Manipur", "state_code": null, "district": "CHANDEL", "district_code": 280.0, "sub_district": null, "sub_district_code": null, "sub_district_type": null, "village": "Unnamed Hamlet", "village_category": "Rural", "village_code": "10123996335" }, "geometry": { "type": "Point", "coordinates": [ 94.2192856, 24.1034371 ] } },
{ "type": "Feature", "properties": { "id": 600, "state": "Manipur", "state_code": null, "district": "CHANDEL", "district_code": 280.0, "sub_district": null, "sub_district_code": null, "sub_district_type": null, "village": "Nabin", "village_category": "Rural", "village_code": "10123996343" }, "geometry": { "type": "Point", "coordinates": [ 94.2354869, 24.1070462 ] } },
{ "type": "Feature", "properties": { "id": 601, "state": "Manipur", "state_code": null, "district": "CHANDEL", "district_code": 280.0, "sub_district": null, "sub_district_code": null, "sub_district_type": null, "village": "Gamphajol", "village_category": "Rural", "village_code": "10123996362" }, "geometry": { "type": "Point", "coordinates": [ 94.2232525, 24.0522359 ] } },
{ "type": "Feature", "properties": { "id": 602, "state": "Manipur", "state_code": null, "district": "CHANDEL", "district_code": 280.0, "sub_district": null, "sub_district_code": null, "sub_district_type": null, "village": "Joldam", "village_category": "Rural", "village_code": "10123996375" }, "geometry": { "type": "Point", "coordinates": [ 94.2204321, 24.0261814 ] } },
{ "type": "Feature", "properties": { "id": 603, "state": "Manipur", "state_code": null, "district": "CHANDEL", "district_code": 280.0, "sub_district": null, "sub_district_code": null, "sub_district_type": null, "village": "Unnamed Village", "village_category": "Rural", "village_code": "10123996378" }, "geometry": { "type": "Point", "coordinates": [ 94.134474, 24.0972685 ] } },
{ "type": "Feature", "properties": { "id": 604, "state": "Manipur", "state_code": null, "district": "CHANDEL", "district_code": 280.0, "sub_district": null, "sub_district_code": null, "sub_district_type": null, "village": "Unnamed Village", "village_category": "Rural", "village_code": "10123996391" }, "geometry": { "type": "Point", "coordinates": [ 94.0774333, 24.1149827 ] } },
{ "type": "Feature", "properties": { "id": 605, "state": "Manipur", "state_code": null, "district": "CHANDEL", "district_code": 280.0, "sub_district": null, "sub_district_code": null, "sub_district_type": null, "village": "Unnamed Village", "village_category": "Rural", "village_code": "10123996392" }, "geometry": { "type": "Point", "coordinates": [ 94.0715941, 24.1313922 ] } },
{ "type": "Feature", "properties": { "id": 606, "state": "Manipur", "state_code": null, "district": "CHANDEL", "district_code": 280.0, "sub_district": null, "sub_district_code": null, "sub_district_type": null, "village": "Unnamed Village", "village_category": "Rural", "village_code": "10123996393" }, "geometry": { "type": "Point", "coordinates": [ 94.0926523, 24.1439807 ] } },
{ "type": "Feature", "properties": { "id": 607, "state": "Manipur", "state_code": null, "district": "CHANDEL", "district_code": 280.0, "sub_district": null, "sub_district_code": null, "sub_district_type": null, "village": "Unnamed Village", "village_category": "Rural", "village_code": "10127535455" }, "geometry": { "type": "Point", "coordinates": [ 94.1508427, 24.0415894 ] } },
{ "type": "Feature", "properties": { "id": 608, "state": "Manipur", "state_code": null, "district": "CHANDEL", "district_code": 280.0, "sub_district": null, "sub_district_code": null, "sub_district_type": null, "village": "TS Laijang", "village_category": "Rural", "village_code": "10130973464" }, "geometry": { "type": "Point", "coordinates": [ 94.2424027, 24.0781453 ] } },
{ "type": "Feature", "properties": { "id": 609, "state": "Manipur", "state_code": null, "district": "KAMJANG", "district_code": 670.0, "sub_district": null, "sub_district_code": null, "sub_district_type": null, "village": "Wanglee", "village_category": "Rural", "village_code": "10139136596" }, "geometry": { "type": "Point", "coordinates": [ 94.4132562, 24.520155 ] } },
{ "type": "Feature", "properties": { "id": 610, "state": "Manipur", "state_code": null, "district": "KAMJANG", "district_code": 670.0, "sub_district": null, "sub_district_code": null, "sub_district_type": null, "village": "Namlee", "village_category": "Rural", "village_code": "10139136597" }, "geometry": { "type": "Point", "coordinates": [ 94.4286609, 24.504475 ] } },
{ "type": "Feature", "properties": { "id": 611, "state": "Manipur", "state_code": null, "district": "KAMJANG", "district_code": 670.0, "sub_district": null, "sub_district_code": null, "sub_district_type": null, "village": "Bungpun", "village_category": "Rural", "village_code": "10139136598" }, "geometry": { "type": "Point", "coordinates": [ 94.4307344, 24.56633 ] } },
{ "type": "Feature", "properties": { "id": 612, "state": "Manipur", "state_code": null, "district": "UKHRUL", "district_code": 279.0, "sub_district": null, "sub_district_code": null, "sub_district_type": null, "village": "Unnamed Village", "village_category": "Rural", "village_code": "10864806304" }, "geometry": { "type": "Point", "coordinates": [ 94.5969875, 25.408959 ] } },
{ "type": "Feature", "properties": { "id": 613, "state": "Manipur", "state_code": null, "district": "UKHRUL", "district_code": 279.0, "sub_district": null, "sub_district_code": null, "sub_district_type": null, "village": "Tusom Khullen", "village_category": "Rural", "village_code": "10864806334" }, "geometry": { "type": "Point", "coordinates": [ 94.5862371, 25.4051671 ] } },
{ "type": "Feature", "properties": { "id": 614, "state": "Manipur", "state_code": null, "district": "UKHRUL", "district_code": 279.0, "sub_district": null, "sub_district_code": null, "sub_district_type": null, "village": "Unnamed Hamlet", "village_category": "Rural", "village_code": "10864806560" }, "geometry": { "type": "Point", "coordinates": [ 94.5879127, 25.4130904 ] } },
{ "type": "Feature", "properties": { "id": 615, "state": "Manipur", "state_code": null, "district": "BISHNUPUR", "district_code": 275.0, "sub_district": null, "sub_district_code": null, "sub_district_type": null, "village": "Torbung", "village_category": "Rural", "village_code": "10937724231" }, "geometry": { "type": "Point", "coordinates": [ 93.7168288, 24.428809 ] } },
{ "type": "Feature", "properties": { "id": 616, "state": "Manipur", "state_code": null, "district": "BISHNUPUR", "district_code": 275.0, "sub_district": null, "sub_district_code": null, "sub_district_type": null, "village": "Kangvai", "village_category": "Rural", "village_code": "10945116814" }, "geometry": { "type": "Point", "coordinates": [ 93.7135417, 24.4416719 ] } },
{ "type": "Feature", "properties": { "id": 617, "state": "Manipur", "state_code": null, "district": "KANGPOKPI", "district_code": 679.0, "sub_district": null, "sub_district_code": null, "sub_district_type": null, "village": "Motbung", "village_category": "Rural", "village_code": "10948742530" }, "geometry": { "type": "Point", "coordinates": [ 93.9044646, 24.9994374 ] } },
{ "type": "Feature", "properties": { "id": 618, "state": "Manipur", "state_code": null, "district": "KAKCHING", "district_code": 651.0, "sub_district": null, "sub_district_code": null, "sub_district_type": null, "village": "Sugnu", "village_category": "Urban", "village_code": "10950091370" }, "geometry": { "type": "Point", "coordinates": [ 93.874791, 24.2962998 ] } },
{ "type": "Feature", "properties": { "id": 619, "state": "Manipur", "state_code": null, "district": "KAKCHING", "district_code": 651.0, "sub_district": null, "sub_district_code": null, "sub_district_type": null, "village": "Langching", "village_category": "Rural", "village_code": "10950091393" }, "geometry": { "type": "Point", "coordinates": [ 93.8783166, 24.3023986 ] } },
{ "type": "Feature", "properties": { "id": 620, "state": "Manipur", "state_code": null, "district": "CHURACHANDPUR", "district_code": 274.0, "sub_district": null, "sub_district_code": null, "sub_district_type": null, "village": "Zenhang Lamka", "village_category": "Urban", "village_code": "10959768733" }, "geometry": { "type": "Point", "coordinates": [ 93.7028573, 24.3464882 ] } },
{ "type": "Feature", "properties": { "id": 621, "state": "Manipur", "state_code": null, "district": "SENAPATI", "district_code": 272.0, "sub_district": null, "sub_district_code": null, "sub_district_type": null, "village": "Taphou Kuki", "village_category": "Rural", "village_code": "10960258725" }, "geometry": { "type": "Point", "coordinates": [ 94.0095472, 25.2437844 ] } },
{ "type": "Feature", "properties": { "id": 622, "state": "Manipur", "state_code": null, "district": "SENAPATI", "district_code": 272.0, "sub_district": null, "sub_district_code": null, "sub_district_type": null, "village": "Taphou", "village_category": "Rural", "village_code": "10960258726" }, "geometry": { "type": "Point", "coordinates": [ 94.0129947, 25.2533653 ] } },
{ "type": "Feature", "properties": { "id": 623, "state": "Manipur", "state_code": null, "district": "IMPHAL WEST", "district_code": 277.0, "sub_district": null, "sub_district_code": null, "sub_district_type": null, "village": "Awang Sekmai", "village_category": "Rural", "village_code": "10960258727" }, "geometry": { "type": "Point", "coordinates": [ 93.8829465, 24.9426209 ] } },
{ "type": "Feature", "properties": { "id": 624, "state": "Manipur", "state_code": null, "district": "KANGPOKPI", "district_code": 679.0, "sub_district": null, "sub_district_code": null, "sub_district_type": null, "village": "Aigejang", "village_category": "Rural", "village_code": "10994466804" }, "geometry": { "type": "Point", "coordinates": [ 94.0720455, 24.9707144 ] } },
{ "type": "Feature", "properties": { "id": 625, "state": "Manipur", "state_code": null, "district": "KANGPOKPI", "district_code": 679.0, "sub_district": null, "sub_district_code": null, "sub_district_type": null, "village": "Khamenlok", "village_category": "Rural", "village_code": "10994536505" }, "geometry": { "type": "Point", "coordinates": [ 94.0687681, 24.9716377 ] } },
{ "type": "Feature", "properties": { "id": 626, "state": "Manipur", "state_code": null, "district": "KANGPOKPI", "district_code": 679.0, "sub_district": null, "sub_district_code": null, "sub_district_type": null, "village": "Khopibung", "village_category": "Rural", "village_code": "10994536506" }, "geometry": { "type": "Point", "coordinates": [ 94.0649248, 24.9661582 ] } },
{ "type": "Feature", "properties": { "id": 627, "state": "Manipur", "state_code": null, "district": "KANGPOKPI", "district_code": 679.0, "sub_district": null, "sub_district_code": null, "sub_district_type": null, "village": "Chullouphai", "village_category": "Rural", "village_code": "10994536550" }, "geometry": { "type": "Point", "coordinates": [ 94.0699984, 24.9742399 ] } },
{ "type": "Feature", "properties": { "id": 628, "state": "Manipur", "state_code": null, "district": "PHERZAWL", "district_code": 718.0, "sub_district": null, "sub_district_code": null, "sub_district_type": null, "village": "Vaipheimual", "village_category": "Rural", "village_code": "10996224893" }, "geometry": { "type": "Point", "coordinates": [ 93.2982183, 24.2463849 ] } },
{ "type": "Feature", "properties": { "id": 629, "state": "Manipur", "state_code": null, "district": "CHURACHANDPUR", "district_code": 274.0, "sub_district": null, "sub_district_code": null, "sub_district_type": null, "village": "Lhanjang", "village_category": "Rural", "village_code": "10997475996" }, "geometry": { "type": "Point", "coordinates": [ 93.5928721, 24.3557174 ] } },
{ "type": "Feature", "properties": { "id": 630, "state": "Manipur", "state_code": null, "district": "CHURACHANDPUR", "district_code": 274.0, "sub_district": null, "sub_district_code": null, "sub_district_type": null, "village": "K. Munpi", "village_category": "Rural", "village_code": "10998421979" }, "geometry": { "type": "Point", "coordinates": [ 93.5898358, 24.4776795 ] } },
{ "type": "Feature", "properties": { "id": 631, "state": "Manipur", "state_code": null, "district": "CHURACHANDPUR", "district_code": 274.0, "sub_district": null, "sub_district_code": null, "sub_district_type": null, "village": "Tuilaphai", "village_category": "Rural", "village_code": "10999501603" }, "geometry": { "type": "Point", "coordinates": [ 93.5890244, 24.3403744 ] } },
{ "type": "Feature", "properties": { "id": 632, "state": "Manipur", "state_code": null, "district": "CHURACHANDPUR", "district_code": 274.0, "sub_district": null, "sub_district_code": null, "sub_district_type": null, "village": "T. Gangpijang", "village_category": "Rural", "village_code": "10999501604" }, "geometry": { "type": "Point", "coordinates": [ 93.5890766, 24.3487581 ] } },
{ "type": "Feature", "properties": { "id": 633, "state": "Manipur", "state_code": null, "district": "CHURACHANDPUR", "district_code": 274.0, "sub_district": null, "sub_district_code": null, "sub_district_type": null, "village": "Monglham", "village_category": "Rural", "village_code": "10999578205" }, "geometry": { "type": "Point", "coordinates": [ 93.6082737, 24.4016508 ] } },
{ "type": "Feature", "properties": { "id": 634, "state": "Manipur", "state_code": null, "district": "CHURACHANDPUR", "district_code": 274.0, "sub_district": null, "sub_district_code": null, "sub_district_type": null, "village": "L. Khongbung", "village_category": "Rural", "village_code": "10999578206" }, "geometry": { "type": "Point", "coordinates": [ 93.6044007, 24.4022731 ] } },
{ "type": "Feature", "properties": { "id": 635, "state": "Manipur", "state_code": null, "district": "CHURACHANDPUR", "district_code": 274.0, "sub_district": null, "sub_district_code": null, "sub_district_type": null, "village": "Hengjang", "village_category": "Rural", "village_code": "10999578207" }, "geometry": { "type": "Point", "coordinates": [ 93.6695662, 24.4001439 ] } },
{ "type": "Feature", "properties": { "id": 636, "state": "Manipur", "state_code": null, "district": "CHURACHANDPUR", "district_code": 274.0, "sub_district": null, "sub_district_code": null, "sub_district_type": null, "village": "Gangpichai", "village_category": "Rural", "village_code": "10999578208" }, "geometry": { "type": "Point", "coordinates": [ 93.6803258, 24.4035586 ] } },
{ "type": "Feature", "properties": { "id": 637, "state": "Manipur", "state_code": null, "district": "CHURACHANDPUR", "district_code": 274.0, "sub_district": null, "sub_district_code": null, "sub_district_type": null, "village": "V. Sinai", "village_category": "Rural", "village_code": "10999578209" }, "geometry": { "type": "Point", "coordinates": [ 93.6770548, 24.407336 ] } },
{ "type": "Feature", "properties": { "id": 638, "state": "Manipur", "state_code": null, "district": "CHURACHANDPUR", "district_code": 274.0, "sub_district": null, "sub_district_code": null, "sub_district_type": null, "village": "Vungbuk", "village_category": "Rural", "village_code": "10999578210" }, "geometry": { "type": "Point", "coordinates": [ 93.5844753, 24.3229304 ] } },
{ "type": "Feature", "properties": { "id": 639, "state": "Manipur", "state_code": null, "district": "CHURACHANDPUR", "district_code": 274.0, "sub_district": null, "sub_district_code": null, "sub_district_type": null, "village": "Boljang", "village_category": "Rural", "village_code": "10999578211" }, "geometry": { "type": "Point", "coordinates": [ 93.5854176, 24.314625 ] } },
{ "type": "Feature", "properties": { "id": 640, "state": "Manipur", "state_code": null, "district": "IMPHAL WEST", "district_code": 277.0, "sub_district": null, "sub_district_code": null, "sub_district_type": null, "village": "Bethel", "village_category": "Rural", "village_code": "11015343884" }, "geometry": { "type": "Point", "coordinates": [ 93.8215295, 24.8879176 ] } },
{ "type": "Feature", "properties": { "id": 641, "state": "Manipur", "state_code": null, "district": "BISHNUPUR", "district_code": 275.0, "sub_district": null, "sub_district_code": null, "sub_district_type": null, "village": "Khoijumantabi", "village_category": "Rural", "village_code": "11022224926" }, "geometry": { "type": "Point", "coordinates": [ 93.8395246, 24.3585983 ] } },
{ "type": "Feature", "properties": { "id": 642, "state": "Manipur", "state_code": null, "district": "BISHNUPUR", "district_code": 275.0, "sub_district": null, "sub_district_code": null, "sub_district_type": null, "village": "Langza", "village_category": "Rural", "village_code": "11022360877" }, "geometry": { "type": "Point", "coordinates": [ 93.8204819, 24.3612835 ] } },
{ "type": "Feature", "properties": { "id": 643, "state": "Manipur", "state_code": null, "district": "BISHNUPUR", "district_code": 275.0, "sub_district": null, "sub_district_code": null, "sub_district_type": null, "village": "Sagang", "village_category": "Rural", "village_code": "11022372293" }, "geometry": { "type": "Point", "coordinates": [ 93.8282396, 24.3853279 ] } },
{ "type": "Feature", "properties": { "id": 644, "state": "Manipur", "state_code": null, "district": "CHURACHANDPUR", "district_code": 274.0, "sub_district": null, "sub_district_code": null, "sub_district_type": null, "village": "Khopuibung", "village_category": "Rural", "village_code": "11034596555" }, "geometry": { "type": "Point", "coordinates": [ 93.7375746, 24.3194067 ] } },
{ "type": "Feature", "properties": { "id": 645, "state": "Manipur", "state_code": null, "district": "KANGPOKPI", "district_code": 679.0, "sub_district": null, "sub_district_code": null, "sub_district_type": null, "village": "Leimakhong", "village_category": "Urban", "village_code": "11037619860" }, "geometry": { "type": "Point", "coordinates": [ 93.8405561, 24.9441878 ] } },
{ "type": "Feature", "properties": { "id": 646, "state": "Manipur", "state_code": null, "district": "BISHNUPUR", "district_code": 275.0, "sub_district": null, "sub_district_code": null, "sub_district_type": null, "village": "Leimaram", "village_category": "Rural", "village_code": "11037674994" }, "geometry": { "type": "Point", "coordinates": [ 93.7835465, 24.7154748 ] } },
{ "type": "Feature", "properties": { "id": 647, "state": "Manipur", "state_code": null, "district": "THOUBAL", "district_code": 276.0, "sub_district": null, "sub_district_code": null, "sub_district_type": null, "village": "B. Phainom", "village_category": "Rural", "village_code": "11055046789" }, "geometry": { "type": "Point", "coordinates": [ 94.1079744, 24.6662097 ] } },
{ "type": "Feature", "properties": { "id": 648, "state": "Manipur", "state_code": null, "district": "THOUBAL", "district_code": 276.0, "sub_district": null, "sub_district_code": null, "sub_district_type": null, "village": "Phowaibi", "village_category": "Rural", "village_code": "11057267736" }, "geometry": { "type": "Point", "coordinates": [ 94.1103172, 24.6676783 ] } },
{ "type": "Feature", "properties": { "id": 649, "state": "Manipur", "state_code": null, "district": "THOUBAL", "district_code": 276.0, "sub_district": null, "sub_district_code": null, "sub_district_type": null, "village": "Komla Ching", "village_category": "Rural", "village_code": "11057267738" }, "geometry": { "type": "Point", "coordinates": [ 94.1025922, 24.6813704 ] } },
{ "type": "Feature", "properties": { "id": 650, "state": "Manipur", "state_code": null, "district": "THOUBAL", "district_code": 276.0, "sub_district": null, "sub_district_code": null, "sub_district_type": null, "village": "Mayaikeithel", "village_category": "Rural", "village_code": "11057267739" }, "geometry": { "type": "Point", "coordinates": [ 94.115884, 24.6826564 ] } },
{ "type": "Feature", "properties": { "id": 651, "state": "Manipur", "state_code": null, "district": "CHURACHANDPUR", "district_code": 274.0, "sub_district": null, "sub_district_code": null, "sub_district_type": null, "village": "Songdo", "village_category": "Rural", "village_code": "11063971496" }, "geometry": { "type": "Point", "coordinates": [ 93.7080943, 24.4504036 ] } },
{ "type": "Feature", "properties": { "id": 652, "state": "Manipur", "state_code": null, "district": "CHURACHANDPUR", "district_code": 274.0, "sub_district": null, "sub_district_code": null, "sub_district_type": null, "village": "Yangnomphai", "village_category": "Rural", "village_code": "11064118287" }, "geometry": { "type": "Point", "coordinates": [ 93.7206272, 24.3831848 ] } },
{ "type": "Feature", "properties": { "id": 653, "state": "Manipur", "state_code": null, "district": "CHURACHANDPUR", "district_code": 274.0, "sub_district": null, "sub_district_code": null, "sub_district_type": null, "village": "Boljol", "village_category": "Rural", "village_code": "11064118288" }, "geometry": { "type": "Point", "coordinates": [ 93.7029598, 24.3963079 ] } },
{ "type": "Feature", "properties": { "id": 654, "state": "Manipur", "state_code": null, "district": "CHURACHANDPUR", "district_code": 274.0, "sub_district": null, "sub_district_code": null, "sub_district_type": null, "village": "Bangla", "village_category": "Rural", "village_code": "11064126781" }, "geometry": { "type": "Point", "coordinates": [ 93.7137398, 24.4163463 ] } },
{ "type": "Feature", "properties": { "id": 655, "state": "Manipur", "state_code": null, "district": "CHURACHANDPUR", "district_code": 274.0, "sub_district": null, "sub_district_code": null, "sub_district_type": null, "village": "New Lamka", "village_category": "Rural", "village_code": "11067522187" }, "geometry": { "type": "Point", "coordinates": [ 93.6976183, 24.3301889 ] } },
{ "type": "Feature", "properties": { "id": 656, "state": "Manipur", "state_code": null, "district": "CHURACHANDPUR", "district_code": 274.0, "sub_district": null, "sub_district_code": null, "sub_district_type": null, "village": "Rengkai", "village_category": "Urban", "village_code": "11069941209" }, "geometry": { "type": "Point", "coordinates": [ 93.7047625, 24.3410618 ] } },
{ "type": "Feature", "properties": { "id": 657, "state": "Manipur", "state_code": null, "district": "CHURACHANDPUR", "district_code": 274.0, "sub_district": null, "sub_district_code": null, "sub_district_type": null, "village": "Gelzang", "village_category": "Rural", "village_code": "11069949488" }, "geometry": { "type": "Point", "coordinates": [ 93.6613826, 24.2582289 ] } },
{ "type": "Feature", "properties": { "id": 658, "state": "Manipur", "state_code": null, "district": "CHURACHANDPUR", "district_code": 274.0, "sub_district": null, "sub_district_code": null, "sub_district_type": null, "village": "Zoumun", "village_category": "Rural", "village_code": "11069949489" }, "geometry": { "type": "Point", "coordinates": [ 93.6664823, 24.2569738 ] } },
{ "type": "Feature", "properties": { "id": 659, "state": "Manipur", "state_code": null, "district": "CHURACHANDPUR", "district_code": 274.0, "sub_district": null, "sub_district_code": null, "sub_district_type": null, "village": "Hiangtam Lamka", "village_category": "Urban", "village_code": "11082012094" }, "geometry": { "type": "Point", "coordinates": [ 93.6973632, 24.3450472 ] } },
{ "type": "Feature", "properties": { "id": 660, "state": "Manipur", "state_code": null, "district": "CHURACHANDPUR", "district_code": 274.0, "sub_district": null, "sub_district_code": null, "sub_district_type": null, "village": "Teiyang", "village_category": "Rural", "village_code": "11085995108" }, "geometry": { "type": "Point", "coordinates": [ 93.664488, 24.4516698 ] } },
{ "type": "Feature", "properties": { "id": 661, "state": "Manipur", "state_code": null, "district": "BISHNUPUR", "district_code": 275.0, "sub_district": null, "sub_district_code": null, "sub_district_type": null, "village": "Kwakta", "village_category": "Urban", "village_code": "11087066696" }, "geometry": { "type": "Point", "coordinates": [ 93.7379277, 24.455028 ] } },
{ "type": "Feature", "properties": { "id": 662, "state": "Manipur", "state_code": null, "district": "BISHNUPUR", "district_code": 275.0, "sub_district": null, "sub_district_code": null, "sub_district_type": null, "village": "Phougakchao Ikhai", "village_category": "Rural", "village_code": "11087066697" }, "geometry": { "type": "Point", "coordinates": [ 93.722567, 24.4358328 ] } },
{ "type": "Feature", "properties": { "id": 663, "state": "Manipur", "state_code": null, "district": "CHURACHANDPUR", "district_code": 274.0, "sub_district": null, "sub_district_code": null, "sub_district_type": null, "village": "Zolzam", "village_category": "Rural", "village_code": "11087106241" }, "geometry": { "type": "Point", "coordinates": [ 93.6988831, 24.4042134 ] } },
{ "type": "Feature", "properties": { "id": 664, "state": "Manipur", "state_code": null, "district": "CHURACHANDPUR", "district_code": 274.0, "sub_district": null, "sub_district_code": null, "sub_district_type": null, "village": "Leisang", "village_category": "Rural", "village_code": "11094588103" }, "geometry": { "type": "Point", "coordinates": [ 93.7088044, 24.4070197 ] } },
{ "type": "Feature", "properties": { "id": 665, "state": "Manipur", "state_code": null, "district": "CHURACHANDPUR", "district_code": 274.0, "sub_district": null, "sub_district_code": null, "sub_district_type": null, "village": "Ngathal", "village_category": "Rural", "village_code": "11116454443" }, "geometry": { "type": "Point", "coordinates": [ 93.6937605, 24.3244898 ] } },
{ "type": "Feature", "properties": { "id": 666, "state": "Manipur", "state_code": null, "district": "NONEY", "district_code": 659.0, "sub_district": null, "sub_district_code": null, "sub_district_type": null, "village": "Pinjang Gangluan Part IV", "village_category": "Rural", "village_code": "11163228108" }, "geometry": { "type": "Point", "coordinates": [ 93.6327421, 24.6470733 ] } },
{ "type": "Feature", "properties": { "id": 667, "state": "Manipur", "state_code": null, "district": "CHURACHANDPUR", "district_code": 274.0, "sub_district": null, "sub_district_code": null, "sub_district_type": null, "village": "Unnamed Hamlet", "village_category": "Rural", "village_code": "11163228458" }, "geometry": { "type": "Point", "coordinates": [ 93.5908304, 24.343959 ] } },
{ "type": "Feature", "properties": { "id": 668, "state": "Manipur", "state_code": null, "district": "CHURACHANDPUR", "district_code": 274.0, "sub_district": null, "sub_district_code": null, "sub_district_type": null, "village": "Teikot", "village_category": "Rural", "village_code": "11164800543" }, "geometry": { "type": "Point", "coordinates": [ 93.6370709, 24.1258336 ] } },
{ "type": "Feature", "properties": { "id": 669, "state": "Manipur", "state_code": null, "district": "CHURACHANDPUR", "district_code": 274.0, "sub_district": null, "sub_district_code": null, "sub_district_type": null, "village": "Saipum", "village_category": "Rural", "village_code": "11164800544" }, "geometry": { "type": "Point", "coordinates": [ 93.6906719, 24.2948875 ] } },
{ "type": "Feature", "properties": { "id": 670, "state": "Manipur", "state_code": null, "district": "PHERZAWL", "district_code": 718.0, "sub_district": null, "sub_district_code": null, "sub_district_type": null, "village": "Patpuihmun", "village_category": "Rural", "village_code": "11168089926" }, "geometry": { "type": "Point", "coordinates": [ 93.071299, 24.3534289 ] } },
{ "type": "Feature", "properties": { "id": 671, "state": "Manipur", "state_code": null, "district": "PHERZAWL", "district_code": 718.0, "sub_district": null, "sub_district_code": null, "sub_district_type": null, "village": "Leijangphai", "village_category": "Rural", "village_code": "11171654220" }, "geometry": { "type": "Point", "coordinates": [ 93.3356103, 24.3610392 ] } },
{ "type": "Feature", "properties": { "id": 672, "state": "Manipur", "state_code": null, "district": "CHURACHANDPUR", "district_code": 274.0, "sub_district": null, "sub_district_code": null, "sub_district_type": null, "village": "Hiangmual", "village_category": "Rural", "village_code": "11171654223" }, "geometry": { "type": "Point", "coordinates": [ 93.568679, 24.2517308 ] } },
{ "type": "Feature", "properties": { "id": 673, "state": "Manipur", "state_code": null, "district": "PHERZAWL", "district_code": 718.0, "sub_district": null, "sub_district_code": null, "sub_district_type": null, "village": "Sainouzang", "village_category": "Rural", "village_code": "11172132920" }, "geometry": { "type": "Point", "coordinates": [ 93.356007, 24.3387567 ] } },
{ "type": "Feature", "properties": { "id": 674, "state": "Manipur", "state_code": null, "district": "PHERZAWL", "district_code": 718.0, "sub_district": null, "sub_district_code": null, "sub_district_type": null, "village": "Senvon", "village_category": "Rural", "village_code": "11172427891" }, "geometry": { "type": "Point", "coordinates": [ 93.0467246, 24.1421391 ] } },
{ "type": "Feature", "properties": { "id": 675, "state": "Manipur", "state_code": null, "district": "PHERZAWL", "district_code": 718.0, "sub_district": null, "sub_district_code": null, "sub_district_type": null, "village": "Khuangjang", "village_category": "Rural", "village_code": "11172427901" }, "geometry": { "type": "Point", "coordinates": [ 93.2716417, 24.3518362 ] } },
{ "type": "Feature", "properties": { "id": 676, "state": "Manipur", "state_code": null, "district": "PHERZAWL", "district_code": 718.0, "sub_district": null, "sub_district_code": null, "sub_district_type": null, "village": "Mongon", "village_category": "Rural", "village_code": "11172744276" }, "geometry": { "type": "Point", "coordinates": [ 93.3636859, 24.2891293 ] } },
{ "type": "Feature", "properties": { "id": 677, "state": "Manipur", "state_code": null, "district": "PHERZAWL", "district_code": 718.0, "sub_district": null, "sub_district_code": null, "sub_district_type": null, "village": "Pamzal", "village_category": "Rural", "village_code": "11172744287" }, "geometry": { "type": "Point", "coordinates": [ 93.3722276, 24.3178418 ] } },
{ "type": "Feature", "properties": { "id": 678, "state": "Manipur", "state_code": null, "district": "CHURACHANDPUR", "district_code": 274.0, "sub_district": null, "sub_district_code": null, "sub_district_type": null, "village": "N. Chingphei", "village_category": "Rural", "village_code": "11188906961" }, "geometry": { "type": "Point", "coordinates": [ 93.7197427, 24.5491273 ] } },
{ "type": "Feature", "properties": { "id": 679, "state": "Manipur", "state_code": null, "district": "CHURACHANDPUR", "district_code": 274.0, "sub_district": null, "sub_district_code": null, "sub_district_type": null, "village": "Keirap Khullen", "village_category": "Rural", "village_code": "11188907014" }, "geometry": { "type": "Point", "coordinates": [ 93.7304967, 24.5478335 ] } },
{ "type": "Feature", "properties": { "id": 680, "state": "Manipur", "state_code": null, "district": "CHURACHANDPUR", "district_code": 274.0, "sub_district": null, "sub_district_code": null, "sub_district_type": null, "village": "L. Hengjang", "village_category": "Rural", "village_code": "11200961783" }, "geometry": { "type": "Point", "coordinates": [ 93.5998499, 24.5344384 ] } },
{ "type": "Feature", "properties": { "id": 681, "state": "Manipur", "state_code": null, "district": "KAMJANG", "district_code": 670.0, "sub_district": null, "sub_district_code": null, "sub_district_type": null, "village": "Thawai Kuki", "village_category": "Rural", "village_code": "11216884377" }, "geometry": { "type": "Point", "coordinates": [ 94.1763349, 24.9420536 ] } },
{ "type": "Feature", "properties": { "id": 682, "state": "Manipur", "state_code": null, "district": "CHURACHANDPUR", "district_code": 274.0, "sub_district": null, "sub_district_code": null, "sub_district_type": null, "village": "S. Kotlian", "village_category": "Rural", "village_code": "11222604849" }, "geometry": { "type": "Point", "coordinates": [ 93.7138668, 24.4230921 ] } },
{ "type": "Feature", "properties": { "id": 683, "state": "Manipur", "state_code": null, "district": "CHANDEL", "district_code": 280.0, "sub_district": null, "sub_district_code": null, "sub_district_type": null, "village": "Yangoulen", "village_category": "Rural", "village_code": "11267251604" }, "geometry": { "type": "Point", "coordinates": [ 94.181257, 23.9656177 ] } },
{ "type": "Feature", "properties": { "id": 684, "state": "Manipur", "state_code": null, "district": "NONEY", "district_code": 659.0, "sub_district": null, "sub_district_code": null, "sub_district_type": null, "village": "Gaidimjang", "village_category": "Rural", "village_code": "11292192069" }, "geometry": { "type": "Point", "coordinates": [ 93.5181296, 24.6827768 ] } },
{ "type": "Feature", "properties": { "id": 685, "state": "Manipur", "state_code": null, "district": "TENGNOUPAL", "district_code": 667.0, "sub_district": null, "sub_district_code": null, "sub_district_type": null, "village": "Sibong", "village_category": "Rural", "village_code": "11303886558" }, "geometry": { "type": "Point", "coordinates": [ 94.2341325, 24.3231801 ] } },
{ "type": "Feature", "properties": { "id": 686, "state": "Manipur", "state_code": null, "district": "IMPHAL WEST", "district_code": 277.0, "sub_district": null, "sub_district_code": null, "sub_district_type": null, "village": "Sekmai", "village_category": "Rural", "village_code": "11329929329" }, "geometry": { "type": "Point", "coordinates": [ 93.8864578, 24.9655809 ] } },
{ "type": "Feature", "properties": { "id": 687, "state": "Manipur", "state_code": null, "district": "KANGPOKPI", "district_code": 679.0, "sub_district": null, "sub_district_code": null, "sub_district_type": null, "village": "Kangchup Chingkhong", "village_category": "Rural", "village_code": "11331356731" }, "geometry": { "type": "Point", "coordinates": [ 93.8076968, 24.8599069 ] } },
{ "type": "Feature", "properties": { "id": 688, "state": "Manipur", "state_code": null, "district": "CHANDEL", "district_code": 280.0, "sub_district": null, "sub_district_code": null, "sub_district_type": null, "village": "Lajang", "village_category": "Rural", "village_code": "11333735632" }, "geometry": { "type": "Point", "coordinates": [ 94.1518599, 23.8626544 ] } },
{ "type": "Feature", "properties": { "id": 689, "state": "Manipur", "state_code": null, "district": "CHANDEL", "district_code": 280.0, "sub_district": null, "sub_district_code": null, "sub_district_type": null, "village": "New Somtal", "village_category": "Rural", "village_code": "11333735633" }, "geometry": { "type": "Point", "coordinates": [ 94.1536441, 23.8753602 ] } },
{ "type": "Feature", "properties": { "id": 690, "state": "Manipur", "state_code": null, "district": "IMPHAL EAST", "district_code": 278.0, "sub_district": null, "sub_district_code": null, "sub_district_type": null, "village": "Leitanpokpi", "village_category": "Rural", "village_code": "11361911863" }, "geometry": { "type": "Point", "coordinates": [ 94.0229471, 24.9992623 ] } },
{ "type": "Feature", "properties": { "id": 691, "state": "Manipur", "state_code": null, "district": "CHURACHANDPUR", "district_code": 274.0, "sub_district": null, "sub_district_code": null, "sub_district_type": null, "village": "Kaprang", "village_category": "Rural", "village_code": "11363369445" }, "geometry": { "type": "Point", "coordinates": [ 93.7091093, 24.4100669 ] } },
{ "type": "Feature", "properties": { "id": 692, "state": "Manipur", "state_code": null, "district": "BISHNUPUR", "district_code": 275.0, "sub_district": null, "sub_district_code": null, "sub_district_type": null, "village": "Loklaiphai", "village_category": "Rural", "village_code": "11363369447" }, "geometry": { "type": "Point", "coordinates": [ 93.7174921, 24.422466 ] } },
{ "type": "Feature", "properties": { "id": 693, "state": "Manipur", "state_code": null, "district": "CHURACHANDPUR", "district_code": 274.0, "sub_district": null, "sub_district_code": null, "sub_district_type": null, "village": "Lanva", "village_category": "Rural", "village_code": "11363905036" }, "geometry": { "type": "Point", "coordinates": [ 93.6907699, 24.3286931 ] } },
{ "type": "Feature", "properties": { "id": 694, "state": "Manipur", "state_code": null, "district": "PHERZAWL", "district_code": 718.0, "sub_district": null, "sub_district_code": null, "sub_district_type": null, "village": "Hanship", "village_category": "Rural", "village_code": "11393210153" }, "geometry": { "type": "Point", "coordinates": [ 93.2120699, 24.1594041 ] } },
{ "type": "Feature", "properties": { "id": 695, "state": "Manipur", "state_code": null, "district": "CHURACHANDPUR", "district_code": 274.0, "sub_district": null, "sub_district_code": null, "sub_district_type": null, "village": "Tuibong", "village_category": "Rural", "village_code": "11403315723" }, "geometry": { "type": "Point", "coordinates": [ 93.7014549, 24.3610344 ] } },
{ "type": "Feature", "properties": { "id": 696, "state": "Manipur", "state_code": null, "district": "TENGNOUPAL", "district_code": 667.0, "sub_district": null, "sub_district_code": null, "sub_district_type": null, "village": "Leithao", "village_category": "Rural", "village_code": "11404786578" }, "geometry": { "type": "Point", "coordinates": [ 94.3054841, 24.5095948 ] } },
{ "type": "Feature", "properties": { "id": 697, "state": "Manipur", "state_code": null, "district": "SENAPATI", "district_code": 272.0, "sub_district": null, "sub_district_code": null, "sub_district_type": null, "village": "Kachai", "village_category": "Rural", "village_code": "11494308900" }, "geometry": { "type": "Point", "coordinates": [ 94.2751304, 25.2366784 ] } },
{ "type": "Feature", "properties": { "id": 698, "state": "Manipur", "state_code": null, "district": "UKHRUL", "district_code": 279.0, "sub_district": null, "sub_district_code": null, "sub_district_type": null, "village": "Sumdal", "village_category": "Rural", "village_code": "11494326993" }, "geometry": { "type": "Point", "coordinates": [ 94.2850048, 25.1662124 ] } },
{ "type": "Feature", "properties": { "id": 699, "state": "Manipur", "state_code": null, "district": "UKHRUL", "district_code": 279.0, "sub_district": null, "sub_district_code": null, "sub_district_type": null, "village": "Lower Kachai", "village_category": "Rural", "village_code": "11494410492" }, "geometry": { "type": "Point", "coordinates": [ 94.2282611, 25.1871688 ] } },
{ "type": "Feature", "properties": { "id": 700, "state": "Manipur", "state_code": null, "district": "IMPHAL WEST", "district_code": 277.0, "sub_district": null, "sub_district_code": null, "sub_district_type": null, "village": "Kanto", "village_category": "Rural", "village_code": "11519198400" }, "geometry": { "type": "Point", "coordinates": [ 93.8571658, 24.9383572 ] } },
{ "type": "Feature", "properties": { "id": 701, "state": "Manipur", "state_code": null, "district": "IMPHAL WEST", "district_code": 277.0, "sub_district": null, "sub_district_code": null, "sub_district_type": null, "village": "Kanto Khullen", "village_category": "Rural", "village_code": "11519198401" }, "geometry": { "type": "Point", "coordinates": [ 93.8614037, 24.9348168 ] } },
{ "type": "Feature", "properties": { "id": 702, "state": "Manipur", "state_code": null, "district": "KANGPOKPI", "district_code": 679.0, "sub_district": null, "sub_district_code": null, "sub_district_type": null, "village": "Khunkhu", "village_category": "Rural", "village_code": "11519198402" }, "geometry": { "type": "Point", "coordinates": [ 93.8375567, 24.9527062 ] } },
{ "type": "Feature", "properties": { "id": 703, "state": "Manipur", "state_code": null, "district": "KANGPOKPI", "district_code": 679.0, "sub_district": null, "sub_district_code": null, "sub_district_type": null, "village": "P. Moulding", "village_category": "Rural", "village_code": "11519198403" }, "geometry": { "type": "Point", "coordinates": [ 93.8321728, 24.9450522 ] } },
{ "type": "Feature", "properties": { "id": 704, "state": "Manipur", "state_code": null, "district": "IMPHAL EAST", "district_code": 278.0, "sub_district": null, "sub_district_code": null, "sub_district_type": null, "village": "Nilakuthi", "village_category": "Rural", "village_code": "11520093548" }, "geometry": { "type": "Point", "coordinates": [ 93.9057004, 24.8880954 ] } },
{ "type": "Feature", "properties": { "id": 705, "state": "Manipur", "state_code": null, "district": "JIRIBAM", "district_code": 658.0, "sub_district": null, "sub_district_code": null, "sub_district_type": null, "village": "Bhutangkhal", "village_category": "Rural", "village_code": "11522102651" }, "geometry": { "type": "Point", "coordinates": [ 93.1116327, 24.6609838 ] } },
{ "type": "Feature", "properties": { "id": 706, "state": "Manipur", "state_code": null, "district": "BISHNUPUR", "district_code": 275.0, "sub_district": null, "sub_district_code": null, "sub_district_type": null, "village": "Khousabung", "village_category": "Rural", "village_code": "11522842012" }, "geometry": { "type": "Point", "coordinates": [ 93.7283499, 24.5044921 ] } },
{ "type": "Feature", "properties": { "id": 707, "state": "Manipur", "state_code": null, "district": "IMPHAL WEST", "district_code": 277.0, "sub_district": null, "sub_district_code": null, "sub_district_type": null, "village": "Phumlou", "village_category": "Rural", "village_code": "11524522477" }, "geometry": { "type": "Point", "coordinates": [ 93.8531398, 24.8780714 ] } },
{ "type": "Feature", "properties": { "id": 708, "state": "Manipur", "state_code": null, "district": "IMPHAL WEST", "district_code": 277.0, "sub_district": null, "sub_district_code": null, "sub_district_type": null, "village": "Kameng", "village_category": "Rural", "village_code": "11524522524" }, "geometry": { "type": "Point", "coordinates": [ 93.8852977, 24.8626862 ] } },
{ "type": "Feature", "properties": { "id": 709, "state": "Manipur", "state_code": null, "district": "IMPHAL WEST", "district_code": 277.0, "sub_district": null, "sub_district_code": null, "sub_district_type": null, "village": "Mayang Langjing", "village_category": "Rural", "village_code": "11524522525" }, "geometry": { "type": "Point", "coordinates": [ 93.8600634, 24.857702 ] } },
{ "type": "Feature", "properties": { "id": 710, "state": "Manipur", "state_code": null, "district": "IMPHAL WEST", "district_code": 277.0, "sub_district": null, "sub_district_code": null, "sub_district_type": null, "village": "Lamdeng", "village_category": "Rural", "village_code": "11524522527" }, "geometry": { "type": "Point", "coordinates": [ 93.8747657, 24.8345162 ] } },
{ "type": "Feature", "properties": { "id": 711, "state": "Manipur", "state_code": null, "district": "KAMJANG", "district_code": 670.0, "sub_district": null, "sub_district_code": null, "sub_district_type": null, "village": "Maphou Kuki East", "village_category": "Rural", "village_code": "11535080362" }, "geometry": { "type": "Point", "coordinates": [ 94.1407196, 24.8185665 ] } },
{ "type": "Feature", "properties": { "id": 712, "state": "Manipur", "state_code": null, "district": "KANGPOKPI", "district_code": 679.0, "sub_district": null, "sub_district_code": null, "sub_district_type": null, "village": "Maphou Kuki", "village_category": "Rural", "village_code": "11535107391" }, "geometry": { "type": "Point", "coordinates": [ 94.1348545, 24.8217281 ] } },
{ "type": "Feature", "properties": { "id": 713, "state": "Manipur", "state_code": null, "district": "KAMJANG", "district_code": 670.0, "sub_district": null, "sub_district_code": null, "sub_district_type": null, "village": "Tumukhong", "village_category": "Rural", "village_code": "11535107404" }, "geometry": { "type": "Point", "coordinates": [ 94.1376726, 24.8114706 ] } },
{ "type": "Feature", "properties": { "id": 714, "state": "Manipur", "state_code": null, "district": "KAMJANG", "district_code": 670.0, "sub_district": null, "sub_district_code": null, "sub_district_type": null, "village": "Chahong Khunou", "village_category": "Rural", "village_code": "11554140307" }, "geometry": { "type": "Point", "coordinates": [ 94.6272131, 24.9081797 ] } },
{ "type": "Feature", "properties": { "id": 715, "state": "Manipur", "state_code": null, "district": "KAMJANG", "district_code": 670.0, "sub_district": null, "sub_district_code": null, "sub_district_type": null, "village": "Lakhan", "village_category": "Rural", "village_code": "11554140326" }, "geometry": { "type": "Point", "coordinates": [ 94.5676775, 24.8187031 ] } },
{ "type": "Feature", "properties": { "id": 716, "state": "Manipur", "state_code": null, "district": "KAMJANG", "district_code": 670.0, "sub_district": null, "sub_district_code": null, "sub_district_type": null, "village": "Kongkan", "village_category": "Rural", "village_code": "11554140327" }, "geometry": { "type": "Point", "coordinates": [ 94.5575986, 24.8167549 ] } },
{ "type": "Feature", "properties": { "id": 717, "state": "Manipur", "state_code": null, "district": "KANGPOKPI", "district_code": 679.0, "sub_district": null, "sub_district_code": null, "sub_district_type": null, "village": "Tuisomjang", "village_category": "Rural", "village_code": "11557003740" }, "geometry": { "type": "Point", "coordinates": [ 94.1320384, 24.9641007 ] } },
{ "type": "Feature", "properties": { "id": 718, "state": "Manipur", "state_code": null, "district": "KANGPOKPI", "district_code": 679.0, "sub_district": null, "sub_district_code": null, "sub_district_type": null, "village": "Khongbal Kuki", "village_category": "Rural", "village_code": "11557003741" }, "geometry": { "type": "Point", "coordinates": [ 94.130733, 24.9593533 ] } },
{ "type": "Feature", "properties": { "id": 719, "state": "Manipur", "state_code": null, "district": "NONEY", "district_code": 659.0, "sub_district": null, "sub_district_code": null, "sub_district_type": null, "village": "Kungpi Naosen", "village_category": "Rural", "village_code": "11584778650" }, "geometry": { "type": "Point", "coordinates": [ 93.6836074, 24.6277333 ] } },
{ "type": "Feature", "properties": { "id": 720, "state": "Manipur", "state_code": null, "district": "CHURACHANDPUR", "district_code": 274.0, "sub_district": null, "sub_district_code": null, "sub_district_type": null, "village": "Ukha Loikhai", "village_category": "Rural", "village_code": "11584778667" }, "geometry": { "type": "Point", "coordinates": [ 93.6374428, 24.4603135 ] } },
{ "type": "Feature", "properties": { "id": 721, "state": "Manipur", "state_code": null, "district": "PHERZAWL", "district_code": 718.0, "sub_district": null, "sub_district_code": null, "sub_district_type": null, "village": "Chingmun", "village_category": "Rural", "village_code": "11592309345" }, "geometry": { "type": "Point", "coordinates": [ 93.1725583, 24.7019928 ] } },
{ "type": "Feature", "properties": { "id": 722, "state": "Manipur", "state_code": null, "district": "CHURACHANDPUR", "district_code": 274.0, "sub_district": null, "sub_district_code": null, "sub_district_type": null, "village": "Buksau", "village_category": "Rural", "village_code": "11606705460" }, "geometry": { "type": "Point", "coordinates": [ 93.6033535, 24.2032462 ] } },
{ "type": "Feature", "properties": { "id": 723, "state": "Manipur", "state_code": null, "district": "CHURACHANDPUR", "district_code": 274.0, "sub_district": null, "sub_district_code": null, "sub_district_type": null, "village": "Khochijang", "village_category": "Rural", "village_code": "11608340725" }, "geometry": { "type": "Point", "coordinates": [ 93.6738314, 24.4177669 ] } },
{ "type": "Feature", "properties": { "id": 724, "state": "Manipur", "state_code": null, "district": "NONEY", "district_code": 659.0, "sub_district": null, "sub_district_code": null, "sub_district_type": null, "village": "Thangjing Chiru", "village_category": "Rural", "village_code": "11608897864" }, "geometry": { "type": "Point", "coordinates": [ 93.7207214, 24.7117669 ] } },
{ "type": "Feature", "properties": { "id": 725, "state": "Manipur", "state_code": null, "district": "NONEY", "district_code": 659.0, "sub_district": null, "sub_district_code": null, "sub_district_type": null, "village": "Tingkhai Khullen", "village_category": "Rural", "village_code": "11608897865" }, "geometry": { "type": "Point", "coordinates": [ 93.7214545, 24.7121486 ] } },
{ "type": "Feature", "properties": { "id": 726, "state": "Manipur", "state_code": null, "district": "KAKCHING", "district_code": 651.0, "sub_district": null, "sub_district_code": null, "sub_district_type": null, "village": "Chairel", "village_category": "Rural", "village_code": "11609427139" }, "geometry": { "type": "Point", "coordinates": [ 93.8777066, 24.3405542 ] } },
{ "type": "Feature", "properties": { "id": 727, "state": "Manipur", "state_code": null, "district": "KAKCHING", "district_code": 651.0, "sub_district": null, "sub_district_code": null, "sub_district_type": null, "village": "Wangoo", "village_category": "Rural", "village_code": "11609427140" }, "geometry": { "type": "Point", "coordinates": [ 93.8484814, 24.3849644 ] } },
{ "type": "Feature", "properties": { "id": 728, "state": "Manipur", "state_code": null, "district": "KAKCHING", "district_code": 651.0, "sub_district": null, "sub_district_code": null, "sub_district_type": null, "village": "Mahou", "village_category": "Rural", "village_code": "11609563770" }, "geometry": { "type": "Point", "coordinates": [ 93.896845, 24.3670855 ] } },
{ "type": "Feature", "properties": { "id": 729, "state": "Manipur", "state_code": null, "district": "CHURACHANDPUR", "district_code": 274.0, "sub_district": null, "sub_district_code": null, "sub_district_type": null, "village": "Kolhen", "village_category": "Rural", "village_code": "11615146065" }, "geometry": { "type": "Point", "coordinates": [ 93.4947681, 24.4402087 ] } },
{ "type": "Feature", "properties": { "id": 730, "state": "Manipur", "state_code": null, "district": "CHURACHANDPUR", "district_code": 274.0, "sub_district": null, "sub_district_code": null, "sub_district_type": null, "village": "Kolchung", "village_category": "Rural", "village_code": "11615157973" }, "geometry": { "type": "Point", "coordinates": [ 93.563944, 24.5611963 ] } },
{ "type": "Feature", "properties": { "id": 731, "state": "Manipur", "state_code": null, "district": "CHURACHANDPUR", "district_code": 274.0, "sub_district": null, "sub_district_code": null, "sub_district_type": null, "village": "Gouthang", "village_category": "Rural", "village_code": "11617080670" }, "geometry": { "type": "Point", "coordinates": [ 93.5692247, 24.4725003 ] } },
{ "type": "Feature", "properties": { "id": 732, "state": "Manipur", "state_code": null, "district": "CHURACHANDPUR", "district_code": 274.0, "sub_district": null, "sub_district_code": null, "sub_district_type": null, "village": "Khanpi", "village_category": "Rural", "village_code": "11620146700" }, "geometry": { "type": "Point", "coordinates": [ 93.484647, 24.5374638 ] } },
{ "type": "Feature", "properties": { "id": 733, "state": "Manipur", "state_code": null, "district": "CHURACHANDPUR", "district_code": 274.0, "sub_district": null, "sub_district_code": null, "sub_district_type": null, "village": "Ainujang", "village_category": "Rural", "village_code": "11620146736" }, "geometry": { "type": "Point", "coordinates": [ 93.5142851, 24.5174547 ] } },
{ "type": "Feature", "properties": { "id": 734, "state": "Manipur", "state_code": null, "district": "CHURACHANDPUR", "district_code": 274.0, "sub_district": null, "sub_district_code": null, "sub_district_type": null, "village": "L. Phailen", "village_category": "Rural", "village_code": "11620146745" }, "geometry": { "type": "Point", "coordinates": [ 93.5458484, 24.5421998 ] } },
{ "type": "Feature", "properties": { "id": 735, "state": "Manipur", "state_code": null, "district": "CHURACHANDPUR", "district_code": 274.0, "sub_district": null, "sub_district_code": null, "sub_district_type": null, "village": "Saikot", "village_category": "Rural", "village_code": "11626443479" }, "geometry": { "type": "Point", "coordinates": [ 93.7256481, 24.3337081 ] } },
{ "type": "Feature", "properties": { "id": 736, "state": "Manipur", "state_code": null, "district": "NONEY", "district_code": 659.0, "sub_district": null, "sub_district_code": null, "sub_district_type": null, "village": "K. Songjang", "village_category": "Rural", "village_code": "11632529702" }, "geometry": { "type": "Point", "coordinates": [ 93.6947667, 24.6278102 ] } },
{ "type": "Feature", "properties": { "id": 737, "state": "Manipur", "state_code": null, "district": "NONEY", "district_code": 659.0, "sub_district": null, "sub_district_code": null, "sub_district_type": null, "village": "Dollang", "village_category": "Rural", "village_code": "11632529742" }, "geometry": { "type": "Point", "coordinates": [ 93.674618, 24.6733857 ] } },
{ "type": "Feature", "properties": { "id": 738, "state": "Manipur", "state_code": null, "district": "CHURACHANDPUR", "district_code": 274.0, "sub_district": null, "sub_district_code": null, "sub_district_type": null, "village": "Charoi Khullen", "village_category": "Rural", "village_code": "11632529792" }, "geometry": { "type": "Point", "coordinates": [ 93.7201015, 24.6088545 ] } },
{ "type": "Feature", "properties": { "id": 739, "state": "Manipur", "state_code": null, "district": "CHURACHANDPUR", "district_code": 274.0, "sub_district": null, "sub_district_code": null, "sub_district_type": null, "village": "Chaiba", "village_category": "Rural", "village_code": "11633044286" }, "geometry": { "type": "Point", "coordinates": [ 93.7322136, 24.6147682 ] } },
{ "type": "Feature", "properties": { "id": 740, "state": "Manipur", "state_code": null, "district": "CHURACHANDPUR", "district_code": 274.0, "sub_district": null, "sub_district_code": null, "sub_district_type": null, "village": "Teijang", "village_category": "Rural", "village_code": "11638624078" }, "geometry": { "type": "Point", "coordinates": [ 93.6973922, 24.4379997 ] } },
{ "type": "Feature", "properties": { "id": 741, "state": "Manipur", "state_code": null, "district": "CHURACHANDPUR", "district_code": 274.0, "sub_district": null, "sub_district_code": null, "sub_district_type": null, "village": "Nabil Khuman", "village_category": "Rural", "village_code": "11638741656" }, "geometry": { "type": "Point", "coordinates": [ 93.6422547, 24.5051841 ] } },
{ "type": "Feature", "properties": { "id": 742, "state": "Manipur", "state_code": null, "district": "CHURACHANDPUR", "district_code": 274.0, "sub_district": null, "sub_district_code": null, "sub_district_type": null, "village": "Unnamed Village", "village_category": "Rural", "village_code": "11646983031" }, "geometry": { "type": "Point", "coordinates": [ 93.6685099, 24.5024188 ] } },
{ "type": "Feature", "properties": { "id": 743, "state": "Manipur", "state_code": null, "district": "CHURACHANDPUR", "district_code": 274.0, "sub_district": null, "sub_district_code": null, "sub_district_type": null, "village": "S. Nabil", "village_category": "Rural", "village_code": "11646983104" }, "geometry": { "type": "Point", "coordinates": [ 93.7083887, 24.4960755 ] } },
{ "type": "Feature", "properties": { "id": 744, "state": "Manipur", "state_code": null, "district": "CHURACHANDPUR", "district_code": 274.0, "sub_district": null, "sub_district_code": null, "sub_district_type": null, "village": "Mualsang", "village_category": "Rural", "village_code": "11646983121" }, "geometry": { "type": "Point", "coordinates": [ 93.7201254, 24.4855619 ] } },
{ "type": "Feature", "properties": { "id": 745, "state": "Manipur", "state_code": null, "district": "CHURACHANDPUR", "district_code": 274.0, "sub_district": null, "sub_district_code": null, "sub_district_type": null, "village": "Unnamed Village", "village_category": "Rural", "village_code": "11650657312" }, "geometry": { "type": "Point", "coordinates": [ 93.5480924, 24.1432556 ] } },
{ "type": "Feature", "properties": { "id": 746, "state": "Manipur", "state_code": null, "district": "PHERZAWL", "district_code": 718.0, "sub_district": null, "sub_district_code": null, "sub_district_type": null, "village": "Dialkhai", "village_category": "Rural", "village_code": "11650657324" }, "geometry": { "type": "Point", "coordinates": [ 93.2997594, 24.2287645 ] } },
{ "type": "Feature", "properties": { "id": 747, "state": "Manipur", "state_code": null, "district": "CHURACHANDPUR", "district_code": 274.0, "sub_district": null, "sub_district_code": null, "sub_district_type": null, "village": "Zabellei", "village_category": "Rural", "village_code": "11650657345" }, "geometry": { "type": "Point", "coordinates": [ 93.569634, 24.1814315 ] } },
{ "type": "Feature", "properties": { "id": 748, "state": "Manipur", "state_code": null, "district": "CHURACHANDPUR", "district_code": 274.0, "sub_district": null, "sub_district_code": null, "sub_district_type": null, "village": "Sielmat", "village_category": "Rural", "village_code": "11659437723" }, "geometry": { "type": "Point", "coordinates": [ 93.6969246, 24.350943 ] } },
{ "type": "Feature", "properties": { "id": 749, "state": "Manipur", "state_code": null, "district": "CHURACHANDPUR", "district_code": 274.0, "sub_district": null, "sub_district_code": null, "sub_district_type": null, "village": "Gothol", "village_category": "Rural", "village_code": "11660942649" }, "geometry": { "type": "Point", "coordinates": [ 93.7127953, 24.4560725 ] } },
{ "type": "Feature", "properties": { "id": 750, "state": "Manipur", "state_code": null, "district": "CHURACHANDPUR", "district_code": 274.0, "sub_district": null, "sub_district_code": null, "sub_district_type": null, "village": "Tonglhang", "village_category": "Rural", "village_code": "11660942653" }, "geometry": { "type": "Point", "coordinates": [ 93.698912, 24.469095 ] } },
{ "type": "Feature", "properties": { "id": 751, "state": "Manipur", "state_code": null, "district": "CHURACHANDPUR", "district_code": 274.0, "sub_district": null, "sub_district_code": null, "sub_district_type": null, "village": "Hiangtam K", "village_category": "Rural", "village_code": "11663810088" }, "geometry": { "type": "Point", "coordinates": [ 93.6188839, 24.0590043 ] } },
{ "type": "Feature", "properties": { "id": 752, "state": "Manipur", "state_code": null, "district": "CHURACHANDPUR", "district_code": 274.0, "sub_district": null, "sub_district_code": null, "sub_district_type": null, "village": "Pengjang", "village_category": "Rural", "village_code": "11679258946" }, "geometry": { "type": "Point", "coordinates": [ 93.7061541, 24.4251788 ] } },
{ "type": "Feature", "properties": { "id": 753, "state": "Manipur", "state_code": null, "district": "BISHNUPUR", "district_code": 275.0, "sub_district": null, "sub_district_code": null, "sub_district_type": null, "village": "Haotak Tampha Khunou", "village_category": "Rural", "village_code": "11680153207" }, "geometry": { "type": "Point", "coordinates": [ 93.7841226, 24.4012588 ] } },
{ "type": "Feature", "properties": { "id": 754, "state": "Manipur", "state_code": null, "district": "UKHRUL", "district_code": 279.0, "sub_district": null, "sub_district_code": null, "sub_district_type": null, "village": "Tanrui", "village_category": "Rural", "village_code": "11693707201" }, "geometry": { "type": "Point", "coordinates": [ 94.1667841, 25.1386511 ] } },
{ "type": "Feature", "properties": { "id": 755, "state": "Manipur", "state_code": null, "district": "UKHRUL", "district_code": 279.0, "sub_district": null, "sub_district_code": null, "sub_district_type": null, "village": "Unnamed Village", "village_category": "Rural", "village_code": "11693707221" }, "geometry": { "type": "Point", "coordinates": [ 94.1926992, 25.1339063 ] } },
{ "type": "Feature", "properties": { "id": 756, "state": "Manipur", "state_code": null, "district": "UKHRUL", "district_code": 279.0, "sub_district": null, "sub_district_code": null, "sub_district_type": null, "village": "Sirarakhong", "village_category": "Rural", "village_code": "11694154599" }, "geometry": { "type": "Point", "coordinates": [ 94.2355015, 25.0783562 ] } },
{ "type": "Feature", "properties": { "id": 757, "state": "Manipur", "state_code": null, "district": "UKHRUL", "district_code": 279.0, "sub_district": null, "sub_district_code": null, "sub_district_type": null, "village": "Tuinem", "village_category": "Urban", "village_code": "11694154600" }, "geometry": { "type": "Point", "coordinates": [ 94.2483675, 25.1150723 ] } },
{ "type": "Feature", "properties": { "id": 758, "state": "Manipur", "state_code": null, "district": "UKHRUL", "district_code": 279.0, "sub_district": null, "sub_district_code": null, "sub_district_type": null, "village": "Phalee", "village_category": "Rural", "village_code": "11694154601" }, "geometry": { "type": "Point", "coordinates": [ 94.2841673, 25.1432477 ] } },
{ "type": "Feature", "properties": { "id": 759, "state": "Manipur", "state_code": null, "district": "TAMENGLONG", "district_code": 273.0, "sub_district": null, "sub_district_code": null, "sub_district_type": null, "village": "Irang Khun", "village_category": "Rural", "village_code": "11715764688" }, "geometry": { "type": "Point", "coordinates": [ 93.4973833, 24.8517595 ] } },
{ "type": "Feature", "properties": { "id": 760, "state": "Manipur", "state_code": null, "district": "TAMENGLONG", "district_code": 273.0, "sub_district": null, "sub_district_code": null, "sub_district_type": null, "village": "Unnamed Village", "village_category": "Rural", "village_code": "11715764753" }, "geometry": { "type": "Point", "coordinates": [ 93.5269608, 24.8234014 ] } },
{ "type": "Feature", "properties": { "id": 761, "state": "Manipur", "state_code": null, "district": "TAMENGLONG", "district_code": 273.0, "sub_district": null, "sub_district_code": null, "sub_district_type": null, "village": "Awangkhul", "village_category": "Rural", "village_code": "11715764754" }, "geometry": { "type": "Point", "coordinates": [ 93.5616162, 24.8257311 ] } },
{ "type": "Feature", "properties": { "id": 762, "state": "Manipur", "state_code": null, "district": "CHURACHANDPUR", "district_code": 274.0, "sub_district": null, "sub_district_code": null, "sub_district_type": null, "village": "Thangsi", "village_category": "Rural", "village_code": "11715953782" }, "geometry": { "type": "Point", "coordinates": [ 93.5784824, 24.5117435 ] } },
{ "type": "Feature", "properties": { "id": 763, "state": "Manipur", "state_code": null, "district": "CHURACHANDPUR", "district_code": 274.0, "sub_district": null, "sub_district_code": null, "sub_district_type": null, "village": "Silen", "village_category": "Rural", "village_code": "11715953867" }, "geometry": { "type": "Point", "coordinates": [ 93.6697348, 24.59116 ] } },
{ "type": "Feature", "properties": { "id": 764, "state": "Manipur", "state_code": null, "district": "CHURACHANDPUR", "district_code": 274.0, "sub_district": null, "sub_district_code": null, "sub_district_type": null, "village": "L. Phaikholum", "village_category": "Rural", "village_code": "11715953868" }, "geometry": { "type": "Point", "coordinates": [ 93.6676725, 24.5874081 ] } },
{ "type": "Feature", "properties": { "id": 765, "state": "Manipur", "state_code": null, "district": "BISHNUPUR", "district_code": 275.0, "sub_district": null, "sub_district_code": null, "sub_district_type": null, "village": "Samulamlan", "village_category": "Rural", "village_code": "11772693880" }, "geometry": { "type": "Point", "coordinates": [ 93.8087241, 24.3584315 ] } },
{ "type": "Feature", "properties": { "id": 766, "state": "Manipur", "state_code": null, "district": "BISHNUPUR", "district_code": 275.0, "sub_district": null, "sub_district_code": null, "sub_district_type": null, "village": "Tuiringphaisen", "village_category": "Rural", "village_code": "11772693911" }, "geometry": { "type": "Point", "coordinates": [ 93.799343, 24.3752094 ] } },
{ "type": "Feature", "properties": { "id": 767, "state": "Manipur", "state_code": null, "district": "CHURACHANDPUR", "district_code": 274.0, "sub_district": null, "sub_district_code": null, "sub_district_type": null, "village": "Siden", "village_category": "Rural", "village_code": "11772736498" }, "geometry": { "type": "Point", "coordinates": [ 93.7664574, 24.3788832 ] } },
{ "type": "Feature", "properties": { "id": 768, "state": "Manipur", "state_code": null, "district": "BISHNUPUR", "district_code": 275.0, "sub_district": null, "sub_district_code": null, "sub_district_type": null, "village": "T. Boljang", "village_category": "Rural", "village_code": "11772736499" }, "geometry": { "type": "Point", "coordinates": [ 93.7751175, 24.3795346 ] } },
{ "type": "Feature", "properties": { "id": 769, "state": "Manipur", "state_code": null, "district": "BISHNUPUR", "district_code": 275.0, "sub_district": null, "sub_district_code": null, "sub_district_type": null, "village": "D Hermon", "village_category": "Rural", "village_code": "11772736802" }, "geometry": { "type": "Point", "coordinates": [ 93.7815848, 24.3756656 ] } },
{ "type": "Feature", "properties": { "id": 770, "state": "Manipur", "state_code": null, "district": "TENGNOUPAL", "district_code": 667.0, "sub_district": null, "sub_district_code": null, "sub_district_type": null, "village": "Unnamed Village", "village_category": "Rural", "village_code": "11780358640" }, "geometry": { "type": "Point", "coordinates": [ 94.2125084, 24.207477 ] } },
{ "type": "Feature", "properties": { "id": 771, "state": "Manipur", "state_code": null, "district": "CHANDEL", "district_code": 280.0, "sub_district": null, "sub_district_code": null, "sub_district_type": null, "village": "Thingphai", "village_category": "Rural", "village_code": "11780368889" }, "geometry": { "type": "Point", "coordinates": [ 94.2328145, 24.0639488 ] } },
{ "type": "Feature", "properties": { "id": 772, "state": "Manipur", "state_code": null, "district": "TENGNOUPAL", "district_code": 667.0, "sub_district": null, "sub_district_code": null, "sub_district_type": null, "village": "Unnamed Hamlet", "village_category": "Rural", "village_code": "11780469153" }, "geometry": { "type": "Point", "coordinates": [ 94.2167058, 24.3117595 ] } },
{ "type": "Feature", "properties": { "id": 773, "state": "Manipur", "state_code": null, "district": "KAMJANG", "district_code": 670.0, "sub_district": null, "sub_district_code": null, "sub_district_type": null, "village": "Gambal", "village_category": "Rural", "village_code": "11780487616" }, "geometry": { "type": "Point", "coordinates": [ 94.700363, 25.0123018 ] } },
{ "type": "Feature", "properties": { "id": 774, "state": "Manipur", "state_code": null, "district": "KANGPOKPI", "district_code": 679.0, "sub_district": null, "sub_district_code": null, "sub_district_type": null, "village": "Thangjingpokpi", "village_category": "Rural", "village_code": "11819961956" }, "geometry": { "type": "Point", "coordinates": [ 94.1321838, 24.8096187 ] } },
{ "type": "Feature", "properties": { "id": 775, "state": "Manipur", "state_code": null, "district": "KAMJANG", "district_code": 670.0, "sub_district": null, "sub_district_code": null, "sub_district_type": null, "village": "Nongdam Kuki", "village_category": "Rural", "village_code": "11819962910" }, "geometry": { "type": "Point", "coordinates": [ 94.1520633, 24.8197339 ] } },
{ "type": "Feature", "properties": { "id": 776, "state": "Manipur", "state_code": null, "district": "KANGPOKPI", "district_code": 679.0, "sub_district": null, "sub_district_code": null, "sub_district_type": null, "village": "Island", "village_category": "Rural", "village_code": "11819962911" }, "geometry": { "type": "Point", "coordinates": [ 94.1260626, 24.7798784 ] } },
{ "type": "Feature", "properties": { "id": 777, "state": "Manipur", "state_code": null, "district": "KANGPOKPI", "district_code": 679.0, "sub_district": null, "sub_district_code": null, "sub_district_type": null, "village": "Moirangphurel", "village_category": "Rural", "village_code": "11819962912" }, "geometry": { "type": "Point", "coordinates": [ 94.1303269, 24.7811879 ] } },
{ "type": "Feature", "properties": { "id": 778, "state": "Manipur", "state_code": null, "district": "BISHNUPUR", "district_code": 275.0, "sub_district": null, "sub_district_code": null, "sub_district_type": null, "village": "Naranseina", "village_category": "Rural", "village_code": "11860973511" }, "geometry": { "type": "Point", "coordinates": [ 93.7563318, 24.5166624 ] } },
{ "type": "Feature", "properties": { "id": 779, "state": "Manipur", "state_code": null, "district": "CHURACHANDPUR", "district_code": 274.0, "sub_district": null, "sub_district_code": null, "sub_district_type": null, "village": "Khoirentak Khuman", "village_category": "Rural", "village_code": "11860973526" }, "geometry": { "type": "Point", "coordinates": [ 93.7260665, 24.5172755 ] } },
{ "type": "Feature", "properties": { "id": 780, "state": "Manipur", "state_code": null, "district": "CHURACHANDPUR", "district_code": 274.0, "sub_district": null, "sub_district_code": null, "sub_district_type": null, "village": "Khoirentak Khunou", "village_category": "Rural", "village_code": "11860973527" }, "geometry": { "type": "Point", "coordinates": [ 93.7299909, 24.5123169 ] } },
{ "type": "Feature", "properties": { "id": 781, "state": "Manipur", "state_code": null, "district": "CHURACHANDPUR", "district_code": 274.0, "sub_district": null, "sub_district_code": null, "sub_district_type": null, "village": "Hermontlang", "village_category": "Rural", "village_code": "11860973528" }, "geometry": { "type": "Point", "coordinates": [ 93.7271478, 24.5100183 ] } },
{ "type": "Feature", "properties": { "id": 782, "state": "Manipur", "state_code": null, "district": "BISHNUPUR", "district_code": 275.0, "sub_district": null, "sub_district_code": null, "sub_district_type": null, "village": "Thamnapokpi", "village_category": "Rural", "village_code": "11863294658" }, "geometry": { "type": "Point", "coordinates": [ 93.7585771, 24.5102027 ] } },
{ "type": "Feature", "properties": { "id": 783, "state": "Manipur", "state_code": null, "district": "BISHNUPUR", "district_code": 275.0, "sub_district": null, "sub_district_code": null, "sub_district_type": null, "village": "Terakhongsongbi", "village_category": "Rural", "village_code": "11863297975" }, "geometry": { "type": "Point", "coordinates": [ 93.7399885, 24.4612654 ] } },
{ "type": "Feature", "properties": { "id": 784, "state": "Manipur", "state_code": null, "district": "BISHNUPUR", "district_code": 275.0, "sub_district": null, "sub_district_code": null, "sub_district_type": null, "village": "Tronglaobi", "village_category": "Rural", "village_code": "11863297976" }, "geometry": { "type": "Point", "coordinates": [ 93.7466337, 24.4749002 ] } },
{ "type": "Feature", "properties": { "id": 785, "state": "Manipur", "state_code": null, "district": "BISHNUPUR", "district_code": 275.0, "sub_district": null, "sub_district_code": null, "sub_district_type": null, "village": "Phubala", "village_category": "Rural", "village_code": "11863297977" }, "geometry": { "type": "Point", "coordinates": [ 93.7562762, 24.5341828 ] } },
{ "type": "Feature", "properties": { "id": 786, "state": "Manipur", "state_code": null, "district": "BISHNUPUR", "district_code": 275.0, "sub_district": null, "sub_district_code": null, "sub_district_type": null, "village": "Sunushiphai", "village_category": "Rural", "village_code": "11863297978" }, "geometry": { "type": "Point", "coordinates": [ 93.7555789, 24.5288878 ] } },
{ "type": "Feature", "properties": { "id": 787, "state": "Manipur", "state_code": null, "district": "BISHNUPUR", "district_code": 275.0, "sub_district": null, "sub_district_code": null, "sub_district_type": null, "village": "Ngangkhalawai", "village_category": "Rural", "village_code": "11863297982" }, "geometry": { "type": "Point", "coordinates": [ 93.7578439, 24.5033725 ] } },
{ "type": "Feature", "properties": { "id": 788, "state": "Manipur", "state_code": null, "district": "KANGPOKPI", "district_code": 679.0, "sub_district": null, "sub_district_code": null, "sub_district_type": null, "village": "Satang Kuki", "village_category": "Rural", "village_code": "11866651748" }, "geometry": { "type": "Point", "coordinates": [ 94.0499832, 25.0134759 ] } },
{ "type": "Feature", "properties": { "id": 789, "state": "Manipur", "state_code": null, "district": "KANGPOKPI", "district_code": 679.0, "sub_district": null, "sub_district_code": null, "sub_district_type": null, "village": "Bilei Kuki", "village_category": "Rural", "village_code": "11866678276" }, "geometry": { "type": "Point", "coordinates": [ 94.0434621, 25.017693 ] } },
{ "type": "Feature", "properties": { "id": 790, "state": "Manipur", "state_code": null, "district": "KANGPOKPI", "district_code": 679.0, "sub_district": null, "sub_district_code": null, "sub_district_type": null, "village": "New Boljang", "village_category": "Rural", "village_code": "11866678277" }, "geometry": { "type": "Point", "coordinates": [ 94.0623717, 25.0165992 ] } },
{ "type": "Feature", "properties": { "id": 791, "state": "Manipur", "state_code": null, "district": "IMPHAL EAST", "district_code": 278.0, "sub_district": null, "sub_district_code": null, "sub_district_type": null, "village": "Dolaithabi", "village_category": "Rural", "village_code": "11867586036" }, "geometry": { "type": "Point", "coordinates": [ 94.0283986, 25.0053761 ] } },
{ "type": "Feature", "properties": { "id": 792, "state": "Manipur", "state_code": null, "district": "IMPHAL EAST", "district_code": 278.0, "sub_district": null, "sub_district_code": null, "sub_district_type": null, "village": "Purum Likli", "village_category": "Rural", "village_code": "11867586039" }, "geometry": { "type": "Point", "coordinates": [ 94.0218518, 25.0109419 ] } },
{ "type": "Feature", "properties": { "id": 793, "state": "Manipur", "state_code": null, "district": "IMPHAL EAST", "district_code": 278.0, "sub_district": null, "sub_district_code": null, "sub_district_type": null, "village": "Pukhao Naharup", "village_category": "Rural", "village_code": "11867586058" }, "geometry": { "type": "Point", "coordinates": [ 94.0265437, 24.9917583 ] } },
{ "type": "Feature", "properties": { "id": 794, "state": "Manipur", "state_code": null, "district": "IMPHAL EAST", "district_code": 278.0, "sub_district": null, "sub_district_code": null, "sub_district_type": null, "village": "Taretkhul", "village_category": "Rural", "village_code": "11869480101" }, "geometry": { "type": "Point", "coordinates": [ 94.0401559, 24.9107374 ] } },
{ "type": "Feature", "properties": { "id": 795, "state": "Manipur", "state_code": null, "district": "KANGPOKPI", "district_code": 679.0, "sub_district": null, "sub_district_code": null, "sub_district_type": null, "village": "Govajang", "village_category": "Rural", "village_code": "11869481601" }, "geometry": { "type": "Point", "coordinates": [ 94.0902328, 24.9828573 ] } },
{ "type": "Feature", "properties": { "id": 796, "state": "Manipur", "state_code": null, "district": "IMPHAL EAST", "district_code": 278.0, "sub_district": null, "sub_district_code": null, "sub_district_type": null, "village": "Keibi Hekakmapal", "village_category": "Rural", "village_code": "11869481604" }, "geometry": { "type": "Point", "coordinates": [ 94.0338371, 24.874799 ] } },
{ "type": "Feature", "properties": { "id": 797, "state": "Manipur", "state_code": null, "district": "IMPHAL EAST", "district_code": 278.0, "sub_district": null, "sub_district_code": null, "sub_district_type": null, "village": "Uyumpok", "village_category": "Rural", "village_code": "11869807021" }, "geometry": { "type": "Point", "coordinates": [ 94.0343587, 24.9434781 ] } },
{ "type": "Feature", "properties": { "id": 798, "state": "Manipur", "state_code": null, "district": "KANGPOKPI", "district_code": 679.0, "sub_district": null, "sub_district_code": null, "sub_district_type": null, "village": "Semol", "village_category": "Rural", "village_code": "11870069122" }, "geometry": { "type": "Point", "coordinates": [ 94.1222877, 24.935969 ] } },
{ "type": "Feature", "properties": { "id": 799, "state": "Manipur", "state_code": null, "district": "KANGPOKPI", "district_code": 679.0, "sub_district": null, "sub_district_code": null, "sub_district_type": null, "village": "Khongbal Tangkhul", "village_category": "Rural", "village_code": "11870095809" }, "geometry": { "type": "Point", "coordinates": [ 94.0611986, 24.958701 ] } },
{ "type": "Feature", "properties": { "id": 800, "state": "Manipur", "state_code": null, "district": "IMPHAL EAST", "district_code": 278.0, "sub_district": null, "sub_district_code": null, "sub_district_type": null, "village": "Sinam Kom", "village_category": "Rural", "village_code": "11871709500" }, "geometry": { "type": "Point", "coordinates": [ 93.9706703, 24.9539649 ] } },
{ "type": "Feature", "properties": { "id": 801, "state": "Manipur", "state_code": null, "district": "IMPHAL EAST", "district_code": 278.0, "sub_district": null, "sub_district_code": null, "sub_district_type": null, "village": "Sagolmang", "village_category": "Rural", "village_code": "11871772642" }, "geometry": { "type": "Point", "coordinates": [ 94.0236811, 24.9602329 ] } },
{ "type": "Feature", "properties": { "id": 802, "state": "Manipur", "state_code": null, "district": "IMPHAL EAST", "district_code": 278.0, "sub_district": null, "sub_district_code": null, "sub_district_type": null, "village": "Nongsum", "village_category": "Rural", "village_code": "11872439947" }, "geometry": { "type": "Point", "coordinates": [ 94.053267, 24.954371 ] } },
{ "type": "Feature", "properties": { "id": 803, "state": "Manipur", "state_code": null, "district": "TENGNOUPAL", "district_code": 667.0, "sub_district": null, "sub_district_code": null, "sub_district_type": null, "village": "New Salbung", "village_category": "Rural", "village_code": "11918692376" }, "geometry": { "type": "Point", "coordinates": [ 94.2816254, 24.2071438 ] } },
{ "type": "Feature", "properties": { "id": 804, "state": "Manipur", "state_code": null, "district": "TENGNOUPAL", "district_code": 667.0, "sub_district": null, "sub_district_code": null, "sub_district_type": null, "village": "H. Langcham", "village_category": "Rural", "village_code": "11918692397" }, "geometry": { "type": "Point", "coordinates": [ 94.2837145, 24.2112088 ] } },
{ "type": "Feature", "properties": { "id": 805, "state": "Manipur", "state_code": null, "district": "KANGPOKPI", "district_code": 679.0, "sub_district": null, "sub_district_code": null, "sub_district_type": null, "village": "Waroiching", "village_category": "Rural", "village_code": "11919388250" }, "geometry": { "type": "Point", "coordinates": [ 93.7625926, 24.7404255 ] } },
{ "type": "Feature", "properties": { "id": 806, "state": "Manipur", "state_code": null, "district": "KANGPOKPI", "district_code": 679.0, "sub_district": null, "sub_district_code": null, "sub_district_type": null, "village": "Loibol Khunou", "village_category": "Rural", "village_code": "11919388268" }, "geometry": { "type": "Point", "coordinates": [ 93.7615926, 24.7327558 ] } },
{ "type": "Feature", "properties": { "id": 807, "state": "Manipur", "state_code": null, "district": "BISHNUPUR", "district_code": 275.0, "sub_district": null, "sub_district_code": null, "sub_district_type": null, "village": "Irengbam", "village_category": "Rural", "village_code": "11920252365" }, "geometry": { "type": "Point", "coordinates": [ 93.7862443, 24.6984675 ] } },
{ "type": "Feature", "properties": { "id": 808, "state": "Manipur", "state_code": null, "district": "BISHNUPUR", "district_code": 275.0, "sub_district": null, "sub_district_code": null, "sub_district_type": null, "village": "Yumnam Khunou", "village_category": "Rural", "village_code": "11920279895" }, "geometry": { "type": "Point", "coordinates": [ 93.7924186, 24.6845138 ] } },
{ "type": "Feature", "properties": { "id": 809, "state": "Manipur", "state_code": null, "district": "BISHNUPUR", "district_code": 275.0, "sub_district": null, "sub_district_code": null, "sub_district_type": null, "village": "Yanglem Leikai", "village_category": "Rural", "village_code": "11920279918" }, "geometry": { "type": "Point", "coordinates": [ 93.7844078, 24.6801811 ] } },
{ "type": "Feature", "properties": { "id": 810, "state": "Manipur", "state_code": null, "district": "BISHNUPUR", "district_code": 275.0, "sub_district": null, "sub_district_code": null, "sub_district_type": null, "village": "Keinou Thongkha", "village_category": "Rural", "village_code": "11920279935" }, "geometry": { "type": "Point", "coordinates": [ 93.786029, 24.6745267 ] } },
{ "type": "Feature", "properties": { "id": 811, "state": "Manipur", "state_code": null, "district": "BISHNUPUR", "district_code": 275.0, "sub_district": null, "sub_district_code": null, "sub_district_type": null, "village": "Oinam", "village_category": "Rural", "village_code": "11920279936" }, "geometry": { "type": "Point", "coordinates": [ 93.806831, 24.6927564 ] } },
{ "type": "Feature", "properties": { "id": 812, "state": "Manipur", "state_code": null, "district": "KAKCHING", "district_code": 651.0, "sub_district": null, "sub_district_code": null, "sub_district_type": null, "village": "K Molnom", "village_category": "Rural", "village_code": "11933550715" }, "geometry": { "type": "Point", "coordinates": [ 93.8699197, 24.2328123 ] } },
{ "type": "Feature", "properties": { "id": 813, "state": "Manipur", "state_code": null, "district": "CHANDEL", "district_code": 280.0, "sub_district": null, "sub_district_code": null, "sub_district_type": null, "village": "Phaisan", "village_category": "Rural", "village_code": "11933579372" }, "geometry": { "type": "Point", "coordinates": [ 93.8538297, 24.2121508 ] } },
{ "type": "Feature", "properties": { "id": 814, "state": "Manipur", "state_code": null, "district": "JIRIBAM", "district_code": 658.0, "sub_district": null, "sub_district_code": null, "sub_district_type": null, "village": "Uchathol", "village_category": "Rural", "village_code": "11961414966" }, "geometry": { "type": "Point", "coordinates": [ 93.1478466, 24.7785368 ] } },
{ "type": "Feature", "properties": { "id": 815, "state": "Manipur", "state_code": null, "district": "JIRIBAM", "district_code": 658.0, "sub_district": null, "sub_district_code": null, "sub_district_type": null, "village": "Borobekra", "village_category": "Rural", "village_code": "11967520020" }, "geometry": { "type": "Point", "coordinates": [ 93.0962645, 24.6329021 ] } },
{ "type": "Feature", "properties": { "id": 816, "state": "Manipur", "state_code": null, "district": "TAMENGLONG", "district_code": 273.0, "sub_district": null, "sub_district_code": null, "sub_district_type": null, "village": "Kulbung", "village_category": "Rural", "village_code": "11969072865" }, "geometry": { "type": "Point", "coordinates": [ 93.2003519, 24.7307435 ] } },
{ "type": "Feature", "properties": { "id": 817, "state": "Manipur", "state_code": null, "district": "PHERZAWL", "district_code": 718.0, "sub_district": null, "sub_district_code": null, "sub_district_type": null, "village": "Lower Kharkuplien", "village_category": "Rural", "village_code": "11969109586" }, "geometry": { "type": "Point", "coordinates": [ 93.1129398, 24.5180185 ] } },
{ "type": "Feature", "properties": { "id": 818, "state": "Manipur", "state_code": null, "district": "PHERZAWL", "district_code": 718.0, "sub_district": null, "sub_district_code": null, "sub_district_type": null, "village": "Upper Kharkhuplien", "village_category": "Rural", "village_code": "11969109587" }, "geometry": { "type": "Point", "coordinates": [ 93.1168633, 24.5086905 ] } },
{ "type": "Feature", "properties": { "id": 819, "state": "Manipur", "state_code": null, "district": "JIRIBAM", "district_code": 658.0, "sub_district": null, "sub_district_code": null, "sub_district_type": null, "village": "Savomphai", "village_category": "Rural", "village_code": "11969432789" }, "geometry": { "type": "Point", "coordinates": [ 93.0939142, 24.5772146 ] } },
{ "type": "Feature", "properties": { "id": 820, "state": "Manipur", "state_code": null, "district": "PHERZAWL", "district_code": 718.0, "sub_district": null, "sub_district_code": null, "sub_district_type": null, "village": "Khangbor", "village_category": "Rural", "village_code": "11969432790" }, "geometry": { "type": "Point", "coordinates": [ 93.0738188, 24.5573977 ] } },
{ "type": "Feature", "properties": { "id": 821, "state": "Manipur", "state_code": null, "district": "TAMENGLONG", "district_code": 273.0, "sub_district": null, "sub_district_code": null, "sub_district_type": null, "village": "Ābin", "village_category": "Rural", "village_code": "11972067878" }, "geometry": { "type": "Point", "coordinates": [ 93.2998102, 24.9887008 ] } },
{ "type": "Feature", "properties": { "id": 822, "state": "Manipur", "state_code": null, "district": "TAMENGLONG", "district_code": 273.0, "sub_district": null, "sub_district_code": null, "sub_district_type": null, "village": "Kotlen", "village_category": "Rural", "village_code": "11975124194" }, "geometry": { "type": "Point", "coordinates": [ 93.7493235, 24.8182446 ] } },
{ "type": "Feature", "properties": { "id": 823, "state": "Manipur", "state_code": null, "district": "TAMENGLONG", "district_code": 273.0, "sub_district": null, "sub_district_code": null, "sub_district_type": null, "village": "T. Laijang", "village_category": "Rural", "village_code": "11975138840" }, "geometry": { "type": "Point", "coordinates": [ 93.734582, 24.8104512 ] } },
{ "type": "Feature", "properties": { "id": 824, "state": "Manipur", "state_code": null, "district": "TAMENGLONG", "district_code": 273.0, "sub_district": null, "sub_district_code": null, "sub_district_type": null, "village": "Leishabithol", "village_category": "Rural", "village_code": "11976451262" }, "geometry": { "type": "Point", "coordinates": [ 93.1542717, 24.74265 ] } },
{ "type": "Feature", "properties": { "id": 825, "state": "Manipur", "state_code": null, "district": "KANGPOKPI", "district_code": 679.0, "sub_district": null, "sub_district_code": null, "sub_district_type": null, "village": "Konsakhul", "village_category": "Rural", "village_code": "11978452947" }, "geometry": { "type": "Point", "coordinates": [ 93.8078592, 24.9200027 ] } },
{ "type": "Feature", "properties": { "id": 826, "state": "Manipur", "state_code": null, "district": "KANGPOKPI", "district_code": 679.0, "sub_district": null, "sub_district_code": null, "sub_district_type": null, "village": "Leilon Vaiphei", "village_category": "Rural", "village_code": "11978452948" }, "geometry": { "type": "Point", "coordinates": [ 93.8193197, 24.9271662 ] } },
{ "type": "Feature", "properties": { "id": 827, "state": "Manipur", "state_code": null, "district": "JIRIBAM", "district_code": 658.0, "sub_district": null, "sub_district_code": null, "sub_district_type": null, "village": "Phaitol", "village_category": "Rural", "village_code": "11978641677" }, "geometry": { "type": "Point", "coordinates": [ 93.1567477, 24.7841325 ] } },
{ "type": "Feature", "properties": { "id": 828, "state": "Manipur", "state_code": null, "district": "JIRIBAM", "district_code": 658.0, "sub_district": null, "sub_district_code": null, "sub_district_type": null, "village": "Hilghat", "village_category": "Rural", "village_code": "11978641740" }, "geometry": { "type": "Point", "coordinates": [ 93.146286, 24.7921048 ] } },
{ "type": "Feature", "properties": { "id": 829, "state": "Manipur", "state_code": null, "district": "TAMENGLONG", "district_code": 273.0, "sub_district": null, "sub_district_code": null, "sub_district_type": null, "village": "Kaiphundai", "village_category": "Rural", "village_code": "11978769478" }, "geometry": { "type": "Point", "coordinates": [ 93.2237446, 24.7896862 ] } },
{ "type": "Feature", "properties": { "id": 830, "state": "Manipur", "state_code": null, "district": "JIRIBAM", "district_code": 658.0, "sub_district": null, "sub_district_code": null, "sub_district_type": null, "village": "Choudhurikhal", "village_category": "Rural", "village_code": "11980981784" }, "geometry": { "type": "Point", "coordinates": [ 93.1052222, 24.5886239 ] } },
{ "type": "Feature", "properties": { "id": 831, "state": "Manipur", "state_code": null, "district": "JIRIBAM", "district_code": 658.0, "sub_district": null, "sub_district_code": null, "sub_district_type": null, "village": "Durgapur", "village_category": "Rural", "village_code": "11981270364" }, "geometry": { "type": "Point", "coordinates": [ 93.0969441, 24.5966813 ] } },
{ "type": "Feature", "properties": { "id": 832, "state": "Manipur", "state_code": null, "district": "JIRIBAM", "district_code": 658.0, "sub_district": null, "sub_district_code": null, "sub_district_type": null, "village": "Madhupur", "village_category": "Rural", "village_code": "11981360569" }, "geometry": { "type": "Point", "coordinates": [ 93.0920011, 24.6021667 ] } },
{ "type": "Feature", "properties": { "id": 833, "state": "Manipur", "state_code": null, "district": "IMPHAL WEST", "district_code": 277.0, "sub_district": null, "sub_district_code": null, "sub_district_type": null, "village": "Lower pholjang", "village_category": "Rural", "village_code": "11994686137" }, "geometry": { "type": "Point", "coordinates": [ 93.7856458, 24.7584788 ] } },
{ "type": "Feature", "properties": { "id": 834, "state": "Manipur", "state_code": null, "district": "IMPHAL WEST", "district_code": 277.0, "sub_district": null, "sub_district_code": null, "sub_district_type": null, "village": "Namching", "village_category": "Rural", "village_code": "11994686138" }, "geometry": { "type": "Point", "coordinates": [ 93.7914214, 24.7661331 ] } },
{ "type": "Feature", "properties": { "id": 835, "state": "Manipur", "state_code": null, "district": "KANGPOKPI", "district_code": 679.0, "sub_district": null, "sub_district_code": null, "sub_district_type": null, "village": "Namthanjang Rongmei", "village_category": "Rural", "village_code": "11994687918" }, "geometry": { "type": "Point", "coordinates": [ 93.7865312, 24.7774914 ] } },
{ "type": "Feature", "properties": { "id": 836, "state": "Manipur", "state_code": null, "district": "JIRIBAM", "district_code": 658.0, "sub_district": null, "sub_district_code": null, "sub_district_type": null, "village": "Gularthol", "village_category": "Rural", "village_code": "11994951575" }, "geometry": { "type": "Point", "coordinates": [ 93.1498687, 24.7856437 ] } },
{ "type": "Feature", "properties": { "id": 837, "state": "Manipur", "state_code": null, "district": "PHERZAWL", "district_code": 718.0, "sub_district": null, "sub_district_code": null, "sub_district_type": null, "village": "Suangphumun", "village_category": "Rural", "village_code": "12003249183" }, "geometry": { "type": "Point", "coordinates": [ 93.176039, 24.6498857 ] } },
{ "type": "Feature", "properties": { "id": 838, "state": "Manipur", "state_code": null, "district": "PHERZAWL", "district_code": 718.0, "sub_district": null, "sub_district_code": null, "sub_district_type": null, "village": "Tuaitengmun", "village_category": "Rural", "village_code": "12003263821" }, "geometry": { "type": "Point", "coordinates": [ 93.1772844, 24.6543706 ] } },
{ "type": "Feature", "properties": { "id": 839, "state": "Manipur", "state_code": null, "district": "PHERZAWL", "district_code": 718.0, "sub_district": null, "sub_district_code": null, "sub_district_type": null, "village": "Unnamed Village", "village_category": "Rural", "village_code": "12003263822" }, "geometry": { "type": "Point", "coordinates": [ 93.1334207, 24.6696531 ] } },
{ "type": "Feature", "properties": { "id": 840, "state": "Manipur", "state_code": null, "district": "JIRIBAM", "district_code": 658.0, "sub_district": null, "sub_district_code": null, "sub_district_type": null, "village": "Tuisen", "village_category": "Rural", "village_code": "12003263823" }, "geometry": { "type": "Point", "coordinates": [ 93.1154819, 24.623327 ] } },
{ "type": "Feature", "properties": { "id": 841, "state": "Manipur", "state_code": null, "district": "PHERZAWL", "district_code": 718.0, "sub_district": null, "sub_district_code": null, "sub_district_type": null, "village": "Saikulphai", "village_category": "Rural", "village_code": "12003263857" }, "geometry": { "type": "Point", "coordinates": [ 93.1364756, 24.6660415 ] } },
{ "type": "Feature", "properties": { "id": 842, "state": "Manipur", "state_code": null, "district": "PHERZAWL", "district_code": 718.0, "sub_district": null, "sub_district_code": null, "sub_district_type": null, "village": "Buangmun", "village_category": "Rural", "village_code": "12003265040" }, "geometry": { "type": "Point", "coordinates": [ 93.1221557, 24.61546 ] } },
{ "type": "Feature", "properties": { "id": 843, "state": "Manipur", "state_code": null, "district": "TENGNOUPAL", "district_code": 667.0, "sub_district": null, "sub_district_code": null, "sub_district_type": null, "village": "Penyang", "village_category": "Rural", "village_code": "12020119091" }, "geometry": { "type": "Point", "coordinates": [ 94.1965014, 24.5381585 ] } },
{ "type": "Feature", "properties": { "id": 844, "state": "Manipur", "state_code": null, "district": "JIRIBAM", "district_code": 658.0, "sub_district": null, "sub_district_code": null, "sub_district_type": null, "village": "Mongbung", "village_category": "Rural", "village_code": "12053139945" }, "geometry": { "type": "Point", "coordinates": [ 93.1271337, 24.7566921 ] } },
{ "type": "Feature", "properties": { "id": 845, "state": "Manipur", "state_code": null, "district": "JIRIBAM", "district_code": 658.0, "sub_district": null, "sub_district_code": null, "sub_district_type": null, "village": "Champanagar", "village_category": "Rural", "village_code": "12054051003" }, "geometry": { "type": "Point", "coordinates": [ 93.1175135, 24.768142 ] } },
{ "type": "Feature", "properties": { "id": 846, "state": "Manipur", "state_code": null, "district": "JIRIBAM", "district_code": 658.0, "sub_district": null, "sub_district_code": null, "sub_district_type": null, "village": "Kadamtala", "village_category": "Rural", "village_code": "12054051004" }, "geometry": { "type": "Point", "coordinates": [ 93.1243231, 24.7768227 ] } },
{ "type": "Feature", "properties": { "id": 847, "state": "Manipur", "state_code": null, "district": "JIRIBAM", "district_code": 658.0, "sub_district": null, "sub_district_code": null, "sub_district_type": null, "village": "Sejang", "village_category": "Rural", "village_code": "12054051065" }, "geometry": { "type": "Point", "coordinates": [ 93.1252096, 24.759169 ] } },
{ "type": "Feature", "properties": { "id": 848, "state": "Manipur", "state_code": null, "district": "JIRIBAM", "district_code": 658.0, "sub_district": null, "sub_district_code": null, "sub_district_type": null, "village": "Kashimpur", "village_category": "Rural", "village_code": "12054051107" }, "geometry": { "type": "Point", "coordinates": [ 93.1338979, 24.7378849 ] } },
{ "type": "Feature", "properties": { "id": 849, "state": "Manipur", "state_code": null, "district": "JIRIBAM", "district_code": 658.0, "sub_district": null, "sub_district_code": null, "sub_district_type": null, "village": "Jarolpokpi", "village_category": "Rural", "village_code": "12055365295" }, "geometry": { "type": "Point", "coordinates": [ 93.1409616, 24.7557869 ] } },
{ "type": "Feature", "properties": { "id": 850, "state": "Manipur", "state_code": null, "district": "JIRIBAM", "district_code": 658.0, "sub_district": null, "sub_district_code": null, "sub_district_type": null, "village": "Mongbung Meitei", "village_category": "Rural", "village_code": "12061686038" }, "geometry": { "type": "Point", "coordinates": [ 93.1310154, 24.7585178 ] } },
{ "type": "Feature", "properties": { "id": 851, "state": "Manipur", "state_code": null, "district": "KANGPOKPI", "district_code": 679.0, "sub_district": null, "sub_district_code": null, "sub_district_type": null, "village": "Khoken", "village_category": "Rural", "village_code": "12067060926" }, "geometry": { "type": "Point", "coordinates": [ 93.7859072, 24.8101292 ] } },
{ "type": "Feature", "properties": { "id": 852, "state": "Manipur", "state_code": null, "district": "IMPHAL EAST", "district_code": 278.0, "sub_district": null, "sub_district_code": null, "sub_district_type": null, "village": "Chanung", "village_category": "Rural", "village_code": "12067618145" }, "geometry": { "type": "Point", "coordinates": [ 94.0641813, 24.923648 ] } },
{ "type": "Feature", "properties": { "id": 853, "state": "Manipur", "state_code": null, "district": "IMPHAL EAST", "district_code": 278.0, "sub_district": null, "sub_district_code": null, "sub_district_type": null, "village": "Sekta", "village_category": "Rural", "village_code": "12067618156" }, "geometry": { "type": "Point", "coordinates": [ 94.0371037, 24.8870299 ] } },
{ "type": "Feature", "properties": { "id": 854, "state": "Manipur", "state_code": null, "district": "KANGPOKPI", "district_code": 679.0, "sub_district": null, "sub_district_code": null, "sub_district_type": null, "village": "C. Aisan", "village_category": "Rural", "village_code": "12083729111" }, "geometry": { "type": "Point", "coordinates": [ 94.0660377, 25.0848266 ] } },
{ "type": "Feature", "properties": { "id": 855, "state": "Manipur", "state_code": null, "district": "KANGPOKPI", "district_code": 679.0, "sub_district": null, "sub_district_code": null, "sub_district_type": null, "village": "Molkon", "village_category": "Rural", "village_code": "12083729112" }, "geometry": { "type": "Point", "coordinates": [ 94.0711679, 25.0926841 ] } },
{ "type": "Feature", "properties": { "id": 856, "state": "Manipur", "state_code": null, "district": "KANGPOKPI", "district_code": 679.0, "sub_district": null, "sub_district_code": null, "sub_district_type": null, "village": "Lhungtin", "village_category": "Rural", "village_code": "12083729113" }, "geometry": { "type": "Point", "coordinates": [ 94.1171392, 25.0792157 ] } },
{ "type": "Feature", "properties": { "id": 857, "state": "Manipur", "state_code": null, "district": "KANGPOKPI", "district_code": 679.0, "sub_district": null, "sub_district_code": null, "sub_district_type": null, "village": "Somphung", "village_category": "Rural", "village_code": "12083729114" }, "geometry": { "type": "Point", "coordinates": [ 94.0828069, 25.1252544 ] } },
{ "type": "Feature", "properties": { "id": 858, "state": "Manipur", "state_code": null, "district": "KANGPOKPI", "district_code": 679.0, "sub_district": null, "sub_district_code": null, "sub_district_type": null, "village": "Gallam", "village_category": "Rural", "village_code": "12083729115" }, "geometry": { "type": "Point", "coordinates": [ 94.0859533, 25.1360145 ] } },
{ "type": "Feature", "properties": { "id": 859, "state": "Manipur", "state_code": null, "district": "IMPHAL EAST", "district_code": 278.0, "sub_district": null, "sub_district_code": null, "sub_district_type": null, "village": "Thayong", "village_category": "Rural", "village_code": "12084034571" }, "geometry": { "type": "Point", "coordinates": [ 94.0735635, 24.7988814 ] } },
{ "type": "Feature", "properties": { "id": 860, "state": "Manipur", "state_code": null, "district": "IMPHAL EAST", "district_code": 278.0, "sub_district": null, "sub_district_code": null, "sub_district_type": null, "village": "Tuisenphai", "village_category": "Rural", "village_code": "12084034572" }, "geometry": { "type": "Point", "coordinates": [ 94.0561542, 24.8024168 ] } },
{ "type": "Feature", "properties": { "id": 861, "state": "Manipur", "state_code": null, "district": "IMPHAL EAST", "district_code": 278.0, "sub_district": null, "sub_district_code": null, "sub_district_type": null, "village": "Takhel", "village_category": "Rural", "village_code": "12084034573" }, "geometry": { "type": "Point", "coordinates": [ 94.0468558, 24.8195826 ] } },
{ "type": "Feature", "properties": { "id": 862, "state": "Manipur", "state_code": null, "district": "IMPHAL EAST", "district_code": 278.0, "sub_district": null, "sub_district_code": null, "sub_district_type": null, "village": "Ngariyan", "village_category": "Rural", "village_code": "12084049610" }, "geometry": { "type": "Point", "coordinates": [ 94.0274683, 24.7152842 ] } },
{ "type": "Feature", "properties": { "id": 863, "state": "Manipur", "state_code": null, "district": "IMPHAL EAST", "district_code": 278.0, "sub_district": null, "sub_district_code": null, "sub_district_type": null, "village": "Pukhao Terapur", "village_category": "Rural", "village_code": "12096936527" }, "geometry": { "type": "Point", "coordinates": [ 94.025812, 24.9988819 ] } },
{ "type": "Feature", "properties": { "id": 864, "state": "Manipur", "state_code": null, "district": "IMPHAL EAST", "district_code": 278.0, "sub_district": null, "sub_district_code": null, "sub_district_type": null, "village": "Utonglok", "village_category": "Rural", "village_code": "12096936528" }, "geometry": { "type": "Point", "coordinates": [ 94.0347384, 25.0119013 ] } },
{ "type": "Feature", "properties": { "id": 865, "state": "Manipur", "state_code": null, "district": "KANGPOKPI", "district_code": 679.0, "sub_district": null, "sub_district_code": null, "sub_district_type": null, "village": "H Gelmol", "village_category": "Rural", "village_code": "12096936534" }, "geometry": { "type": "Point", "coordinates": [ 94.0361546, 25.0186033 ] } },
{ "type": "Feature", "properties": { "id": 866, "state": "Manipur", "state_code": null, "district": "IMPHAL EAST", "district_code": 278.0, "sub_district": null, "sub_district_code": null, "sub_district_type": null, "village": "Sadu Koireng", "village_category": "Rural", "village_code": "12096936535" }, "geometry": { "type": "Point", "coordinates": [ 94.0249413, 25.029091 ] } },
{ "type": "Feature", "properties": { "id": 867, "state": "Manipur", "state_code": null, "district": "KANGPOKPI", "district_code": 679.0, "sub_district": null, "sub_district_code": null, "sub_district_type": null, "village": "Gangpiyang", "village_category": "Rural", "village_code": "12096936536" }, "geometry": { "type": "Point", "coordinates": [ 94.0157753, 25.0244174 ] } },
{ "type": "Feature", "properties": { "id": 868, "state": "Manipur", "state_code": null, "district": "KANGPOKPI", "district_code": 679.0, "sub_district": null, "sub_district_code": null, "sub_district_type": null, "village": "Kangchup Chiru", "village_category": "Rural", "village_code": "12115782771" }, "geometry": { "type": "Point", "coordinates": [ 93.7966971, 24.8572375 ] } },
{ "type": "Feature", "properties": { "id": 869, "state": "Manipur", "state_code": null, "district": "KANGPOKPI", "district_code": 679.0, "sub_district": null, "sub_district_code": null, "sub_district_type": null, "village": "Kangchup Makhong", "village_category": "Rural", "village_code": "12115782772" }, "geometry": { "type": "Point", "coordinates": [ 93.7888865, 24.8540704 ] } },
{ "type": "Feature", "properties": { "id": 870, "state": "Manipur", "state_code": null, "district": "KANGPOKPI", "district_code": 679.0, "sub_district": null, "sub_district_code": null, "sub_district_type": null, "village": "Kangchup Ponlen", "village_category": "Rural", "village_code": "12115782780" }, "geometry": { "type": "Point", "coordinates": [ 93.7916294, 24.8665449 ] } },
{ "type": "Feature", "properties": { "id": 871, "state": "Manipur", "state_code": null, "district": "KANGPOKPI", "district_code": 679.0, "sub_district": null, "sub_district_code": null, "sub_district_type": null, "village": "Singda", "village_category": "Rural", "village_code": "12115782791" }, "geometry": { "type": "Point", "coordinates": [ 93.8065438, 24.8749513 ] } },
{ "type": "Feature", "properties": { "id": 872, "state": "Manipur", "state_code": null, "district": "KANGPOKPI", "district_code": 679.0, "sub_district": null, "sub_district_code": null, "sub_district_type": null, "village": "Kangchup Khomunnom", "village_category": "Rural", "village_code": "12115782792" }, "geometry": { "type": "Point", "coordinates": [ 93.8065474, 24.8674222 ] } },
{ "type": "Feature", "properties": { "id": 873, "state": "Manipur", "state_code": null, "district": "KANGPOKPI", "district_code": 679.0, "sub_district": null, "sub_district_code": null, "sub_district_type": null, "village": "Kadangband", "village_category": "Rural", "village_code": "12116409225" }, "geometry": { "type": "Point", "coordinates": [ 93.8157463, 24.8757285 ] } },
{ "type": "Feature", "properties": { "id": 874, "state": "Manipur", "state_code": null, "district": "KANGPOKPI", "district_code": 679.0, "sub_district": null, "sub_district_code": null, "sub_district_type": null, "village": "Kharam Thadoi", "village_category": "Rural", "village_code": "12116409226" }, "geometry": { "type": "Point", "coordinates": [ 93.8182959, 24.8843491 ] } },
{ "type": "Feature", "properties": { "id": 875, "state": "Manipur", "state_code": null, "district": "KANGPOKPI", "district_code": 679.0, "sub_district": null, "sub_district_code": null, "sub_district_type": null, "village": "Haraothel", "village_category": "Rural", "village_code": "12116423924" }, "geometry": { "type": "Point", "coordinates": [ 93.8258168, 24.907476 ] } },
{ "type": "Feature", "properties": { "id": 876, "state": "Manipur", "state_code": null, "district": "KANGPOKPI", "district_code": 679.0, "sub_district": null, "sub_district_code": null, "sub_district_type": null, "village": "Chingdai Khullen", "village_category": "Rural", "village_code": "12119048588" }, "geometry": { "type": "Point", "coordinates": [ 94.0742457, 24.9270145 ] } },
{ "type": "Feature", "properties": { "id": 877, "state": "Manipur", "state_code": null, "district": "KANGPOKPI", "district_code": 679.0, "sub_district": null, "sub_district_code": null, "sub_district_type": null, "village": "L. Chajang", "village_category": "Rural", "village_code": "12119062602" }, "geometry": { "type": "Point", "coordinates": [ 94.0771418, 24.9205898 ] } },
{ "type": "Feature", "properties": { "id": 878, "state": "Manipur", "state_code": null, "district": "KANGPOKPI", "district_code": 679.0, "sub_district": null, "sub_district_code": null, "sub_district_type": null, "village": "Thingjang", "village_category": "Rural", "village_code": "12119062635" }, "geometry": { "type": "Point", "coordinates": [ 94.0743344, 24.9348486 ] } },
{ "type": "Feature", "properties": { "id": 879, "state": "Manipur", "state_code": null, "district": "IMPHAL WEST", "district_code": 277.0, "sub_district": null, "sub_district_code": null, "sub_district_type": null, "village": "Koutruk", "village_category": "Rural", "village_code": "12149550369" }, "geometry": { "type": "Point", "coordinates": [ 93.8295723, 24.893133 ] } },
{ "type": "Feature", "properties": { "id": 880, "state": "Manipur", "state_code": null, "district": "KANGPOKPI", "district_code": 679.0, "sub_district": null, "sub_district_code": null, "sub_district_type": null, "village": "Ireng Naga", "village_category": "Rural", "village_code": "12149818034" }, "geometry": { "type": "Point", "coordinates": [ 93.7964607, 24.8800422 ] } },
{ "type": "Feature", "properties": { "id": 881, "state": "Manipur", "state_code": null, "district": "KANGPOKPI", "district_code": 679.0, "sub_district": null, "sub_district_code": null, "sub_district_type": null, "village": "Kharam Vaiphei", "village_category": "Rural", "village_code": "12149818036" }, "geometry": { "type": "Point", "coordinates": [ 93.7974191, 24.901377 ] } },
{ "type": "Feature", "properties": { "id": 882, "state": "Manipur", "state_code": null, "district": "KANGPOKPI", "district_code": 679.0, "sub_district": null, "sub_district_code": null, "sub_district_type": null, "village": "Makhan", "village_category": "Rural", "village_code": "12150582224" }, "geometry": { "type": "Point", "coordinates": [ 93.8701005, 24.9829137 ] } },
{ "type": "Feature", "properties": { "id": 883, "state": "Manipur", "state_code": null, "district": "KANGPOKPI", "district_code": 679.0, "sub_district": null, "sub_district_code": null, "sub_district_type": null, "village": "Gamgiphai", "village_category": "Rural", "village_code": "12150606288" }, "geometry": { "type": "Point", "coordinates": [ 93.8472702, 24.959185 ] } },
{ "type": "Feature", "properties": { "id": 884, "state": "Manipur", "state_code": null, "district": "IMPHAL WEST", "district_code": 277.0, "sub_district": null, "sub_district_code": null, "sub_district_type": null, "village": "Senjam Chirang", "village_category": "Rural", "village_code": "12154211663" }, "geometry": { "type": "Point", "coordinates": [ 93.8439887, 24.9027156 ] } },
{ "type": "Feature", "properties": { "id": 885, "state": "Manipur", "state_code": null, "district": "IMPHAL WEST", "district_code": 277.0, "sub_district": null, "sub_district_code": null, "sub_district_type": null, "village": "Senjam Khunou", "village_category": "Rural", "village_code": "12154211678" }, "geometry": { "type": "Point", "coordinates": [ 93.8492369, 24.8998048 ] } },
{ "type": "Feature", "properties": { "id": 886, "state": "Manipur", "state_code": null, "district": "KANGPOKPI", "district_code": 679.0, "sub_district": null, "sub_district_code": null, "sub_district_type": null, "village": "Kangchup Geljang", "village_category": "Rural", "village_code": "12154463307" }, "geometry": { "type": "Point", "coordinates": [ 93.8056651, 24.8694949 ] } },
{ "type": "Feature", "properties": { "id": 887, "state": "Manipur", "state_code": null, "district": "KANGPOKPI", "district_code": 679.0, "sub_district": null, "sub_district_code": null, "sub_district_type": null, "village": "Kangchup Tuikon", "village_category": "Rural", "village_code": "12155579995" }, "geometry": { "type": "Point", "coordinates": [ 93.8056647, 24.8652781 ] } },
{ "type": "Feature", "properties": { "id": 888, "state": "Manipur", "state_code": null, "district": "JIRIBAM", "district_code": 658.0, "sub_district": null, "sub_district_code": null, "sub_district_type": null, "village": "Nungphou", "village_category": "Rural", "village_code": "12162532686" }, "geometry": { "type": "Point", "coordinates": [ 93.1087309, 24.7430112 ] } },
{ "type": "Feature", "properties": { "id": 889, "state": "Manipur", "state_code": null, "district": "JIRIBAM", "district_code": 658.0, "sub_district": null, "sub_district_code": null, "sub_district_type": null, "village": "Rashidpur", "village_category": "Rural", "village_code": "12162534726" }, "geometry": { "type": "Point", "coordinates": [ 93.1145811, 24.7605746 ] } },
{ "type": "Feature", "properties": { "id": 890, "state": "Manipur", "state_code": null, "district": "JIRIBAM", "district_code": 658.0, "sub_district": null, "sub_district_code": null, "sub_district_type": null, "village": "Latingkhal", "village_category": "Rural", "village_code": "12170872558" }, "geometry": { "type": "Point", "coordinates": [ 93.0978485, 24.7284108 ] } },
{ "type": "Feature", "properties": { "id": 891, "state": "Manipur", "state_code": null, "district": "JIRIBAM", "district_code": 658.0, "sub_district": null, "sub_district_code": null, "sub_district_type": null, "village": "Berabak", "village_category": "Rural", "village_code": "12170898600" }, "geometry": { "type": "Point", "coordinates": [ 93.1048819, 24.7331673 ] } },
{ "type": "Feature", "properties": { "id": 892, "state": "Manipur", "state_code": null, "district": "KANGPOKPI", "district_code": 679.0, "sub_district": null, "sub_district_code": null, "sub_district_type": null, "village": "Leikhampokpi", "village_category": "Rural", "village_code": "12178834031" }, "geometry": { "type": "Point", "coordinates": [ 93.8740344, 24.991237 ] } },
{ "type": "Feature", "properties": { "id": 893, "state": "Manipur", "state_code": null, "district": "KANGPOKPI", "district_code": 679.0, "sub_district": null, "sub_district_code": null, "sub_district_type": null, "village": "Nakhujang", "village_category": "Rural", "village_code": "12178888429" }, "geometry": { "type": "Point", "coordinates": [ 93.8143623, 24.8800687 ] } },
{ "type": "Feature", "properties": { "id": 894, "state": "Manipur", "state_code": null, "district": "KANGPOKPI", "district_code": 679.0, "sub_district": null, "sub_district_code": null, "sub_district_type": null, "village": "S. Bolen", "village_category": "Rural", "village_code": "12187185176" }, "geometry": { "type": "Point", "coordinates": [ 93.8429028, 25.046445 ] } },
{ "type": "Feature", "properties": { "id": 895, "state": "Manipur", "state_code": null, "district": "TAMENGLONG", "district_code": 273.0, "sub_district": null, "sub_district_code": null, "sub_district_type": null, "village": "Lāngka", "village_category": "Rural", "village_code": "12187185313" }, "geometry": { "type": "Point", "coordinates": [ 93.77607, 25.0471031 ] } },
{ "type": "Feature", "properties": { "id": 896, "state": "Manipur", "state_code": null, "district": "KANGPOKPI", "district_code": 679.0, "sub_district": null, "sub_district_code": null, "sub_district_type": null, "village": "Haijol", "village_category": "Rural", "village_code": "12187185314" }, "geometry": { "type": "Point", "coordinates": [ 93.7969753, 25.0851665 ] } },
{ "type": "Feature", "properties": { "id": 897, "state": "Manipur", "state_code": null, "district": "TAMENGLONG", "district_code": 273.0, "sub_district": null, "sub_district_code": null, "sub_district_type": null, "village": "Lasan", "village_category": "Rural", "village_code": "12187185315" }, "geometry": { "type": "Point", "coordinates": [ 93.7920293, 25.088101 ] } },
{ "type": "Feature", "properties": { "id": 898, "state": "Manipur", "state_code": null, "district": "TAMENGLONG", "district_code": 273.0, "sub_district": null, "sub_district_code": null, "sub_district_type": null, "village": "S. Songpibung", "village_category": "Rural", "village_code": "12187185324" }, "geometry": { "type": "Point", "coordinates": [ 93.7945828, 25.102399 ] } },
{ "type": "Feature", "properties": { "id": 899, "state": "Manipur", "state_code": null, "district": "KANGPOKPI", "district_code": 679.0, "sub_district": null, "sub_district_code": null, "sub_district_type": null, "village": "Riyar Tahar", "village_category": "Rural", "village_code": "12187185370" }, "geometry": { "type": "Point", "coordinates": [ 93.8370354, 25.1133438 ] } },
{ "type": "Feature", "properties": { "id": 900, "state": "Manipur", "state_code": null, "district": "NONEY", "district_code": 659.0, "sub_district": null, "sub_district_code": null, "sub_district_type": null, "village": "Nungsai Chiru", "village_category": "Rural", "village_code": "12187185570" }, "geometry": { "type": "Point", "coordinates": [ 93.7262688, 24.6278927 ] } },
{ "type": "Feature", "properties": { "id": 901, "state": "Manipur", "state_code": null, "district": "KANGPOKPI", "district_code": 679.0, "sub_district": null, "sub_district_code": null, "sub_district_type": null, "village": "Tuikhang Aimol", "village_category": "Rural", "village_code": "12187250258" }, "geometry": { "type": "Point", "coordinates": [ 93.7226889, 24.6393804 ] } },
{ "type": "Feature", "properties": { "id": 902, "state": "Manipur", "state_code": null, "district": "KANGPOKPI", "district_code": 679.0, "sub_district": null, "sub_district_code": null, "sub_district_type": null, "village": "Unnamed Hamlet", "village_category": "Rural", "village_code": "12187273303" }, "geometry": { "type": "Point", "coordinates": [ 93.7210961, 24.6496549 ] } },
{ "type": "Feature", "properties": { "id": 903, "state": "Manipur", "state_code": null, "district": "BISHNUPUR", "district_code": 275.0, "sub_district": null, "sub_district_code": null, "sub_district_type": null, "village": "Bungte Chiru", "village_category": "Rural", "village_code": "12187276598" }, "geometry": { "type": "Point", "coordinates": [ 93.7620887, 24.6815512 ] } },
{ "type": "Feature", "properties": { "id": 904, "state": "Manipur", "state_code": null, "district": "CHURACHANDPUR", "district_code": 274.0, "sub_district": null, "sub_district_code": null, "sub_district_type": null, "village": "Muolvaiphei", "village_category": "Rural", "village_code": "12193632251" }, "geometry": { "type": "Point", "coordinates": [ 93.7162517, 24.3387933 ] } },
{ "type": "Feature", "properties": { "id": 905, "state": "Manipur", "state_code": null, "district": "TAMENGLONG", "district_code": 273.0, "sub_district": null, "sub_district_code": null, "sub_district_type": null, "village": "Thilon", "village_category": "Rural", "village_code": "12205922874" }, "geometry": { "type": "Point", "coordinates": [ 93.393842, 24.9836463 ] } },
{ "type": "Feature", "properties": { "id": 906, "state": "Manipur", "state_code": null, "district": "TAMENGLONG", "district_code": 273.0, "sub_district": null, "sub_district_code": null, "sub_district_type": null, "village": "Thilon", "village_category": "Rural", "village_code": "12205922875" }, "geometry": { "type": "Point", "coordinates": [ 93.3974469, 24.99199 ] } },
{ "type": "Feature", "properties": { "id": 907, "state": "Manipur", "state_code": null, "district": "IMPHAL WEST", "district_code": 277.0, "sub_district": null, "sub_district_code": null, "sub_district_type": null, "village": "New Keithelmanbi", "village_category": "Rural", "village_code": "12219007695" }, "geometry": { "type": "Point", "coordinates": [ 93.7919808, 24.7738808 ] } },
{ "type": "Feature", "properties": { "id": 908, "state": "Manipur", "state_code": null, "district": "KANGPOKPI", "district_code": 679.0, "sub_district": null, "sub_district_code": null, "sub_district_type": null, "village": "Longa Koireng", "village_category": "Rural", "village_code": "12219007696" }, "geometry": { "type": "Point", "coordinates": [ 93.7897378, 24.7764245 ] } },
{ "type": "Feature", "properties": { "id": 909, "state": "Manipur", "state_code": null, "district": "KANGPOKPI", "district_code": 679.0, "sub_district": null, "sub_district_code": null, "sub_district_type": null, "village": "Keithelmanbi", "village_category": "Rural", "village_code": "12219048436" }, "geometry": { "type": "Point", "coordinates": [ 93.9448178, 25.1010247 ] } },
{ "type": "Feature", "properties": { "id": 910, "state": "Manipur", "state_code": null, "district": "KANGPOKPI", "district_code": 679.0, "sub_district": null, "sub_district_code": null, "sub_district_type": null, "village": "Laimaton Thangbuh", "village_category": "Rural", "village_code": "12219142844" }, "geometry": { "type": "Point", "coordinates": [ 93.7418131, 24.6874595 ] } },
{ "type": "Feature", "properties": { "id": 911, "state": "Manipur", "state_code": null, "district": "NONEY", "district_code": 659.0, "sub_district": null, "sub_district_code": null, "sub_district_type": null, "village": "Longsai", "village_category": "Rural", "village_code": "12222698710" }, "geometry": { "type": "Point", "coordinates": [ 93.6670559, 24.6429738 ] } },
{ "type": "Feature", "properties": { "id": 912, "state": "Manipur", "state_code": null, "district": "NONEY", "district_code": 659.0, "sub_district": null, "sub_district_code": null, "sub_district_type": null, "village": "Jouzangtek", "village_category": "Rural", "village_code": "12222698722" }, "geometry": { "type": "Point", "coordinates": [ 93.6865886, 24.6526225 ] } },
{ "type": "Feature", "properties": { "id": 913, "state": "Manipur", "state_code": null, "district": "NONEY", "district_code": 659.0, "sub_district": null, "sub_district_code": null, "sub_district_type": null, "village": "K. Hengmol", "village_category": "Rural", "village_code": "12222698725" }, "geometry": { "type": "Point", "coordinates": [ 93.6818804, 24.6312376 ] } },
{ "type": "Feature", "properties": { "id": 914, "state": "Manipur", "state_code": null, "district": "THOUBAL", "district_code": 276.0, "sub_district": null, "sub_district_code": null, "sub_district_type": null, "village": "Ningel", "village_category": "Rural", "village_code": "12230182383" }, "geometry": { "type": "Point", "coordinates": [ 94.1171553, 24.6738306 ] } },
{ "type": "Feature", "properties": { "id": 915, "state": "Manipur", "state_code": null, "district": "IMPHAL EAST", "district_code": 278.0, "sub_district": null, "sub_district_code": null, "sub_district_type": null, "village": "Yaingangpokpi", "village_category": "Rural", "village_code": "12261075749" }, "geometry": { "type": "Point", "coordinates": [ 94.120641, 24.9117429 ] } },
{ "type": "Feature", "properties": { "id": 916, "state": "Manipur", "state_code": null, "district": "JIRIBAM", "district_code": 658.0, "sub_district": null, "sub_district_code": null, "sub_district_type": null, "village": "Ahamadabad", "village_category": "Rural", "village_code": "12329641076" }, "geometry": { "type": "Point", "coordinates": [ 93.1381461, 24.7318233 ] } },
{ "type": "Feature", "properties": { "id": 917, "state": "Manipur", "state_code": null, "district": "JIRIBAM", "district_code": 658.0, "sub_district": null, "sub_district_code": null, "sub_district_type": null, "village": "Jakuradhor Part-1", "village_category": "Rural", "village_code": "12330873919" }, "geometry": { "type": "Point", "coordinates": [ 93.0956073, 24.6097452 ] } },
{ "type": "Feature", "properties": { "id": 918, "state": "Manipur", "state_code": null, "district": "JIRIBAM", "district_code": 658.0, "sub_district": null, "sub_district_code": null, "sub_district_type": null, "village": "Jakuradhor Part-2", "village_category": "Rural", "village_code": "12330873920" }, "geometry": { "type": "Point", "coordinates": [ 93.0802993, 24.603389 ] } },
{ "type": "Feature", "properties": { "id": 919, "state": "Manipur", "state_code": null, "district": "JIRIBAM", "district_code": 658.0, "sub_district": null, "sub_district_code": null, "sub_district_type": null, "village": "Bhomikpara", "village_category": "Rural", "village_code": "12333966840" }, "geometry": { "type": "Point", "coordinates": [ 93.0823642, 24.6245492 ] } },
{ "type": "Feature", "properties": { "id": 920, "state": "Manipur", "state_code": null, "district": "JIRIBAM", "district_code": 658.0, "sub_district": null, "sub_district_code": null, "sub_district_type": null, "village": "Harinagar", "village_category": "Rural", "village_code": "12334028340" }, "geometry": { "type": "Point", "coordinates": [ 93.0936779, 24.6267368 ] } },
{ "type": "Feature", "properties": { "id": 921, "state": "Manipur", "state_code": null, "district": "JIRIBAM", "district_code": 658.0, "sub_district": null, "sub_district_code": null, "sub_district_type": null, "village": "Lalpani", "village_category": "Rural", "village_code": "12334035592" }, "geometry": { "type": "Point", "coordinates": [ 93.1267904, 24.7655723 ] } },
{ "type": "Feature", "properties": { "id": 922, "state": "Manipur", "state_code": null, "district": "JIRIBAM", "district_code": 658.0, "sub_district": null, "sub_district_code": null, "sub_district_type": null, "village": "Chingdong Leikai", "village_category": "Rural", "village_code": "12334098362" }, "geometry": { "type": "Point", "coordinates": [ 93.1160184, 24.7830774 ] } },
{ "type": "Feature", "properties": { "id": 923, "state": "Manipur", "state_code": null, "district": "TAMENGLONG", "district_code": 273.0, "sub_district": null, "sub_district_code": null, "sub_district_type": null, "village": "Lhangnom", "village_category": "Rural", "village_code": "12338281900" }, "geometry": { "type": "Point", "coordinates": [ 93.1815041, 24.7851589 ] } },
{ "type": "Feature", "properties": { "id": 924, "state": "Manipur", "state_code": null, "district": "TAMENGLONG", "district_code": 273.0, "sub_district": null, "sub_district_code": null, "sub_district_type": null, "village": "Nungkhal", "village_category": "Rural", "village_code": "12339415447" }, "geometry": { "type": "Point", "coordinates": [ 93.1485945, 24.7327893 ] } },
{ "type": "Feature", "properties": { "id": 925, "state": "Manipur", "state_code": null, "district": "JIRIBAM", "district_code": 658.0, "sub_district": null, "sub_district_code": null, "sub_district_type": null, "village": "Sonapur", "village_category": "Rural", "village_code": "12342489805" }, "geometry": { "type": "Point", "coordinates": [ 93.1302471, 24.7705145 ] } },
{ "type": "Feature", "properties": { "id": 926, "state": "Manipur", "state_code": null, "district": "JIRIBAM", "district_code": 658.0, "sub_district": null, "sub_district_code": null, "sub_district_type": null, "village": "Muolzawl", "village_category": "Rural", "village_code": "12343835722" }, "geometry": { "type": "Point", "coordinates": [ 93.1056247, 24.7456254 ] } },
{ "type": "Feature", "properties": { "id": 927, "state": "Manipur", "state_code": null, "district": "JIRIBAM", "district_code": 658.0, "sub_district": null, "sub_district_code": null, "sub_district_type": null, "village": "Gilgal", "village_category": "Rural", "village_code": "12346230220" }, "geometry": { "type": "Point", "coordinates": [ 93.0852755, 24.6995588 ] } },
{ "type": "Feature", "properties": { "id": 928, "state": "Manipur", "state_code": null, "district": "JIRIBAM", "district_code": 658.0, "sub_district": null, "sub_district_code": null, "sub_district_type": null, "village": "Lowarjiri P.T.V.", "village_category": "Rural", "village_code": "12346230233" }, "geometry": { "type": "Point", "coordinates": [ 93.0904709, 24.7138102 ] } },
{ "type": "Feature", "properties": { "id": 929, "state": "Manipur", "state_code": null, "district": "JIRIBAM", "district_code": 658.0, "sub_district": null, "sub_district_code": null, "sub_district_type": null, "village": "Makhabosti", "village_category": "Rural", "village_code": "12346230290" }, "geometry": { "type": "Point", "coordinates": [ 93.0938504, 24.7158839 ] } },
{ "type": "Feature", "properties": { "id": 930, "state": "Manipur", "state_code": null, "district": "TAMENGLONG", "district_code": 273.0, "sub_district": null, "sub_district_code": null, "sub_district_type": null, "village": "Vangaichungpao - Part 2", "village_category": "Rural", "village_code": "12347713952" }, "geometry": { "type": "Point", "coordinates": [ 93.1734864, 24.7541605 ] } },
{ "type": "Feature", "properties": { "id": 931, "state": "Manipur", "state_code": null, "district": "JIRIBAM", "district_code": 658.0, "sub_district": null, "sub_district_code": null, "sub_district_type": null, "village": "Bakhal", "village_category": "Rural", "village_code": "12349615444" }, "geometry": { "type": "Point", "coordinates": [ 93.1018194, 24.776386 ] } },
{ "type": "Feature", "properties": { "id": 932, "state": "Manipur", "state_code": null, "district": "JIRIBAM", "district_code": 658.0, "sub_district": null, "sub_district_code": null, "sub_district_type": null, "village": "Binselu", "village_category": "Rural", "village_code": "12349615458" }, "geometry": { "type": "Point", "coordinates": [ 93.0994993, 24.7541349 ] } },
{ "type": "Feature", "properties": { "id": 933, "state": "Manipur", "state_code": null, "district": "JIRIBAM", "district_code": 658.0, "sub_district": null, "sub_district_code": null, "sub_district_type": null, "village": "Berabak", "village_category": "Rural", "village_code": "12349615459" }, "geometry": { "type": "Point", "coordinates": [ 93.1004721, 24.7472497 ] } },
{ "type": "Feature", "properties": { "id": 934, "state": "Manipur", "state_code": null, "district": "JIRIBAM", "district_code": 658.0, "sub_district": null, "sub_district_code": null, "sub_district_type": null, "village": "Nungchappi", "village_category": "Rural", "village_code": "12349624211" }, "geometry": { "type": "Point", "coordinates": [ 93.1055617, 24.7657844 ] } },
{ "type": "Feature", "properties": { "id": 935, "state": "Manipur", "state_code": null, "district": "JIRIBAM", "district_code": 658.0, "sub_district": null, "sub_district_code": null, "sub_district_type": null, "village": "Ningthembam", "village_category": "Rural", "village_code": "12349624212" }, "geometry": { "type": "Point", "coordinates": [ 93.1025005, 24.771873 ] } },
{ "type": "Feature", "properties": { "id": 936, "state": "Manipur", "state_code": null, "district": "TAMENGLONG", "district_code": 273.0, "sub_district": null, "sub_district_code": null, "sub_district_type": null, "village": "Pangmol", "village_category": "Rural", "village_code": "12363196005" }, "geometry": { "type": "Point", "coordinates": [ 93.2029247, 24.7725868 ] } },
{ "type": "Feature", "properties": { "id": 937, "state": "Manipur", "state_code": null, "district": "TAMENGLONG", "district_code": 273.0, "sub_district": null, "sub_district_code": null, "sub_district_type": null, "village": "Old Kaiphundai", "village_category": "Rural", "village_code": "12363196028" }, "geometry": { "type": "Point", "coordinates": [ 93.2001386, 24.7803235 ] } },
{ "type": "Feature", "properties": { "id": 938, "state": "Manipur", "state_code": null, "district": "JIRIBAM", "district_code": 658.0, "sub_district": null, "sub_district_code": null, "sub_district_type": null, "village": "Sabughat", "village_category": "Rural", "village_code": "12363196029" }, "geometry": { "type": "Point", "coordinates": [ 93.1921793, 24.8229333 ] } },
{ "type": "Feature", "properties": { "id": 939, "state": "Manipur", "state_code": null, "district": "JIRIBAM", "district_code": 658.0, "sub_district": null, "sub_district_code": null, "sub_district_type": null, "village": "Borokhal", "village_category": "Rural", "village_code": "12363196034" }, "geometry": { "type": "Point", "coordinates": [ 93.1892916, 24.80208 ] } },
{ "type": "Feature", "properties": { "id": 940, "state": "Manipur", "state_code": null, "district": "JIRIBAM", "district_code": 658.0, "sub_district": null, "sub_district_code": null, "sub_district_type": null, "village": "Babukhal", "village_category": "Rural", "village_code": "12363196035" }, "geometry": { "type": "Point", "coordinates": [ 93.1814059, 24.7983242 ] } },
{ "type": "Feature", "properties": { "id": 941, "state": "Manipur", "state_code": null, "district": "JIRIBAM", "district_code": 658.0, "sub_district": null, "sub_district_code": null, "sub_district_type": null, "village": "Muktokhal", "village_category": "Rural", "village_code": "12363196036" }, "geometry": { "type": "Point", "coordinates": [ 93.1762561, 24.7916403 ] } },
{ "type": "Feature", "properties": { "id": 942, "state": "Manipur", "state_code": null, "district": "JIRIBAM", "district_code": 658.0, "sub_district": null, "sub_district_code": null, "sub_district_type": null, "village": "Tatbung", "village_category": "Rural", "village_code": "12363196037" }, "geometry": { "type": "Point", "coordinates": [ 93.1745227, 24.7906054 ] } },
{ "type": "Feature", "properties": { "id": 943, "state": "Manipur", "state_code": null, "district": "JIRIBAM", "district_code": 658.0, "sub_district": null, "sub_district_code": null, "sub_district_type": null, "village": "Gamphazol", "village_category": "Rural", "village_code": "12363196038" }, "geometry": { "type": "Point", "coordinates": [ 93.1718975, 24.795585 ] } },
{ "type": "Feature", "properties": { "id": 944, "state": "Manipur", "state_code": null, "district": "TAMENGLONG", "district_code": 273.0, "sub_district": null, "sub_district_code": null, "sub_district_type": null, "village": "Tollen", "village_category": "Rural", "village_code": "12366116797" }, "geometry": { "type": "Point", "coordinates": [ 93.2684314, 24.7211502 ] } },
{ "type": "Feature", "properties": { "id": 945, "state": "Manipur", "state_code": null, "district": "PHERZAWL", "district_code": 718.0, "sub_district": null, "sub_district_code": null, "sub_district_type": null, "village": "Rovakot", "village_category": "Rural", "village_code": "12368519685" }, "geometry": { "type": "Point", "coordinates": [ 93.0360318, 24.1723871 ] } },
{ "type": "Feature", "properties": { "id": 946, "state": "Manipur", "state_code": null, "district": "JIRIBAM", "district_code": 658.0, "sub_district": null, "sub_district_code": null, "sub_district_type": null, "village": "Mullargao", "village_category": "Rural", "village_code": "12372569078" }, "geometry": { "type": "Point", "coordinates": [ 93.1536956, 24.7549757 ] } },
{ "type": "Feature", "properties": { "id": 947, "state": "Manipur", "state_code": null, "district": "JIRIBAM", "district_code": 658.0, "sub_district": null, "sub_district_code": null, "sub_district_type": null, "village": "Guakhal", "village_category": "Rural", "village_code": "12377376284" }, "geometry": { "type": "Point", "coordinates": [ 93.1026742, 24.6295055 ] } },
{ "type": "Feature", "properties": { "id": 948, "state": "Manipur", "state_code": null, "district": "PHERZAWL", "district_code": 718.0, "sub_district": null, "sub_district_code": null, "sub_district_type": null, "village": "Phailian", "village_category": "Rural", "village_code": "12380695921" }, "geometry": { "type": "Point", "coordinates": [ 93.1184494, 24.6353494 ] } },
{ "type": "Feature", "properties": { "id": 949, "state": "Manipur", "state_code": null, "district": "JIRIBAM", "district_code": 658.0, "sub_district": null, "sub_district_code": null, "sub_district_type": null, "village": "B. Huonveng", "village_category": "Rural", "village_code": "12382044767" }, "geometry": { "type": "Point", "coordinates": [ 93.1056718, 24.6736432 ] } },
{ "type": "Feature", "properties": { "id": 950, "state": "Manipur", "state_code": null, "district": "PHERZAWL", "district_code": 718.0, "sub_district": null, "sub_district_code": null, "sub_district_type": null, "village": "P. Munlian", "village_category": "Rural", "village_code": "12387235357" }, "geometry": { "type": "Point", "coordinates": [ 93.1443706, 24.6054585 ] } },
{ "type": "Feature", "properties": { "id": 951, "state": "Manipur", "state_code": null, "district": "JIRIBAM", "district_code": 658.0, "sub_district": null, "sub_district_code": null, "sub_district_type": null, "village": "P. Munte", "village_category": "Rural", "village_code": "12387366326" }, "geometry": { "type": "Point", "coordinates": [ 93.1078371, 24.5660665 ] } },
{ "type": "Feature", "properties": { "id": 952, "state": "Manipur", "state_code": null, "district": "PHERZAWL", "district_code": 718.0, "sub_district": null, "sub_district_code": null, "sub_district_type": null, "village": "Kasurbali", "village_category": "Rural", "village_code": "12388332860" }, "geometry": { "type": "Point", "coordinates": [ 93.0656053, 24.5705634 ] } },
{ "type": "Feature", "properties": { "id": 953, "state": "Manipur", "state_code": null, "district": "JIRIBAM", "district_code": 658.0, "sub_district": null, "sub_district_code": null, "sub_district_type": null, "village": "Thangboipunji", "village_category": "Rural", "village_code": "12389010633" }, "geometry": { "type": "Point", "coordinates": [ 93.087633, 24.5955784 ] } },
{ "type": "Feature", "properties": { "id": 954, "state": "Manipur", "state_code": null, "district": "PHERZAWL", "district_code": 718.0, "sub_district": null, "sub_district_code": null, "sub_district_type": null, "village": "Sartuinek", "village_category": "Rural", "village_code": "12389131484" }, "geometry": { "type": "Point", "coordinates": [ 93.0419008, 24.2988368 ] } },
{ "type": "Feature", "properties": { "id": 955, "state": "Manipur", "state_code": null, "district": "PHERZAWL", "district_code": 718.0, "sub_district": null, "sub_district_code": null, "sub_district_type": null, "village": "Thingkal", "village_category": "Rural", "village_code": "12389187261" }, "geometry": { "type": "Point", "coordinates": [ 93.1071589, 24.4382975 ] } },
{ "type": "Feature", "properties": { "id": 956, "state": "Manipur", "state_code": null, "district": "PHERZAWL", "district_code": 718.0, "sub_district": null, "sub_district_code": null, "sub_district_type": null, "village": "Kangreng", "village_category": "Rural", "village_code": "12389187262" }, "geometry": { "type": "Point", "coordinates": [ 93.1042621, 24.4552051 ] } },
{ "type": "Feature", "properties": { "id": 957, "state": "Manipur", "state_code": null, "district": "PHERZAWL", "district_code": 718.0, "sub_district": null, "sub_district_code": null, "sub_district_type": null, "village": "Kh. Jaikhan", "village_category": "Rural", "village_code": "12389199234" }, "geometry": { "type": "Point", "coordinates": [ 93.1143673, 24.4935487 ] } },
{ "type": "Feature", "properties": { "id": 958, "state": "Manipur", "state_code": null, "district": "TAMENGLONG", "district_code": 273.0, "sub_district": null, "sub_district_code": null, "sub_district_type": null, "village": "Thingtatbung", "village_category": "Rural", "village_code": "12389261809" }, "geometry": { "type": "Point", "coordinates": [ 93.2124026, 24.7521662 ] } },
{ "type": "Feature", "properties": { "id": 959, "state": "Manipur", "state_code": null, "district": "JIRIBAM", "district_code": 658.0, "sub_district": null, "sub_district_code": null, "sub_district_type": null, "village": "Dholakhal", "village_category": "Rural", "village_code": "12391178165" }, "geometry": { "type": "Point", "coordinates": [ 93.1108752, 24.6213824 ] } },
{ "type": "Feature", "properties": { "id": 960, "state": "Manipur", "state_code": null, "district": "TAMENGLONG", "district_code": 273.0, "sub_district": null, "sub_district_code": null, "sub_district_type": null, "village": "Dawltang", "village_category": "Rural", "village_code": "12391620974" }, "geometry": { "type": "Point", "coordinates": [ 93.1493394, 24.7097674 ] } },
{ "type": "Feature", "properties": { "id": 961, "state": "Manipur", "state_code": null, "district": "JIRIBAM", "district_code": 658.0, "sub_district": null, "sub_district_code": null, "sub_district_type": null, "village": "Kamarangkha Khasiya", "village_category": "Rural", "village_code": "12394878686" }, "geometry": { "type": "Point", "coordinates": [ 93.1521156, 24.7790609 ] } },
{ "type": "Feature", "properties": { "id": 962, "state": "Manipur", "state_code": null, "district": "JIRIBAM", "district_code": 658.0, "sub_district": null, "sub_district_code": null, "sub_district_type": null, "village": "Ngahmunphai", "village_category": "Rural", "village_code": "12394878687" }, "geometry": { "type": "Point", "coordinates": [ 93.1552364, 24.7747747 ] } },
{ "type": "Feature", "properties": { "id": 963, "state": "Manipur", "state_code": null, "district": "JIRIBAM", "district_code": 658.0, "sub_district": null, "sub_district_code": null, "sub_district_type": null, "village": "Leishabithol Kuki", "village_category": "Rural", "village_code": "12395672817" }, "geometry": { "type": "Point", "coordinates": [ 93.1510263, 24.7449276 ] } },
{ "type": "Feature", "properties": { "id": 964, "state": "Manipur", "state_code": null, "district": "JIRIBAM", "district_code": 658.0, "sub_district": null, "sub_district_code": null, "sub_district_type": null, "village": "Aglapur", "village_category": "Rural", "village_code": "12396081542" }, "geometry": { "type": "Point", "coordinates": [ 93.1335436, 24.7807281 ] } },
{ "type": "Feature", "properties": { "id": 965, "state": "Manipur", "state_code": null, "district": "TAMENGLONG", "district_code": 273.0, "sub_district": null, "sub_district_code": null, "sub_district_type": null, "village": "Vangaichungpao", "village_category": "Rural", "village_code": "12396486729" }, "geometry": { "type": "Point", "coordinates": [ 93.1878622, 24.7461227 ] } },
{ "type": "Feature", "properties": { "id": 966, "state": "Manipur", "state_code": null, "district": "JIRIBAM", "district_code": 658.0, "sub_district": null, "sub_district_code": null, "sub_district_type": null, "village": "Kamaranga", "village_category": "Rural", "village_code": "12396926967" }, "geometry": { "type": "Point", "coordinates": [ 93.1400503, 24.8002305 ] } },
{ "type": "Feature", "properties": { "id": 967, "state": "Manipur", "state_code": null, "district": "TAMENGLONG", "district_code": 273.0, "sub_district": null, "sub_district_code": null, "sub_district_type": null, "village": "Sibilong", "village_category": "Rural", "village_code": "12398953804" }, "geometry": { "type": "Point", "coordinates": [ 93.3272351, 24.7681965 ] } },
{ "type": "Feature", "properties": { "id": 968, "state": "Manipur", "state_code": null, "district": "JIRIBAM", "district_code": 658.0, "sub_district": null, "sub_district_code": null, "sub_district_type": null, "village": "Khedagar", "village_category": "Rural", "village_code": "12399027058" }, "geometry": { "type": "Point", "coordinates": [ 93.1238266, 24.7207454 ] } },
{ "type": "Feature", "properties": { "id": 969, "state": "Manipur", "state_code": null, "district": "JIRIBAM", "district_code": 658.0, "sub_district": null, "sub_district_code": null, "sub_district_type": null, "village": "Khedarga Khasi", "village_category": "Rural", "village_code": "12399035388" }, "geometry": { "type": "Point", "coordinates": [ 93.1282659, 24.7215782 ] } },
{ "type": "Feature", "properties": { "id": 970, "state": "Manipur", "state_code": null, "district": "JIRIBAM", "district_code": 658.0, "sub_district": null, "sub_district_code": null, "sub_district_type": null, "village": "Khedraga Mikir", "village_category": "Rural", "village_code": "12399035389" }, "geometry": { "type": "Point", "coordinates": [ 93.1223181, 24.7179723 ] } },
{ "type": "Feature", "properties": { "id": 971, "state": "Manipur", "state_code": null, "district": "CHURACHANDPUR", "district_code": 274.0, "sub_district": null, "sub_district_code": null, "sub_district_type": null, "village": "Mollungthu", "village_category": "Rural", "village_code": "12421587398" }, "geometry": { "type": "Point", "coordinates": [ 93.5870382, 24.4572912 ] } },
{ "type": "Feature", "properties": { "id": 972, "state": "Manipur", "state_code": null, "district": "CHURACHANDPUR", "district_code": 274.0, "sub_district": null, "sub_district_code": null, "sub_district_type": null, "village": "L. Khaopijang", "village_category": "Rural", "village_code": "12421587399" }, "geometry": { "type": "Point", "coordinates": [ 93.5595822, 24.4562345 ] } },
{ "type": "Feature", "properties": { "id": 973, "state": "Manipur", "state_code": null, "district": "CHURACHANDPUR", "district_code": 274.0, "sub_district": null, "sub_district_code": null, "sub_district_type": null, "village": "Dahtum", "village_category": "Rural", "village_code": "12421587400" }, "geometry": { "type": "Point", "coordinates": [ 93.5496043, 24.4612945 ] } },
{ "type": "Feature", "properties": { "id": 974, "state": "Manipur", "state_code": null, "district": "BISHNUPUR", "district_code": 275.0, "sub_district": null, "sub_district_code": null, "sub_district_type": null, "village": "New Zalenphai", "village_category": "Rural", "village_code": "12423564141" }, "geometry": { "type": "Point", "coordinates": [ 93.714375, 24.4328883 ] } },
{ "type": "Feature", "properties": { "id": 975, "state": "Manipur", "state_code": null, "district": "BISHNUPUR", "district_code": 275.0, "sub_district": null, "sub_district_code": null, "sub_district_type": null, "village": "Matijang", "village_category": "Rural", "village_code": "12423564142" }, "geometry": { "type": "Point", "coordinates": [ 93.7072341, 24.4311118 ] } },
{ "type": "Feature", "properties": { "id": 976, "state": "Manipur", "state_code": null, "district": "BISHNUPUR", "district_code": 275.0, "sub_district": null, "sub_district_code": null, "sub_district_type": null, "village": "Maichammun", "village_category": "Rural", "village_code": "12423564143" }, "geometry": { "type": "Point", "coordinates": [ 93.7085201, 24.4284065 ] } },
{ "type": "Feature", "properties": { "id": 977, "state": "Manipur", "state_code": null, "district": "CHURACHANDPUR", "district_code": 274.0, "sub_district": null, "sub_district_code": null, "sub_district_type": null, "village": "K. Kotlian", "village_category": "Rural", "village_code": "12423564144" }, "geometry": { "type": "Point", "coordinates": [ 93.7082023, 24.439927 ] } },
{ "type": "Feature", "properties": { "id": 978, "state": "Manipur", "state_code": null, "district": "CHURACHANDPUR", "district_code": 274.0, "sub_district": null, "sub_district_code": null, "sub_district_type": null, "village": "Zikpi Tampak", "village_category": "Rural", "village_code": "12440447900" }, "geometry": { "type": "Point", "coordinates": [ 93.6995537, 24.4210977 ] } },
{ "type": "Feature", "properties": { "id": 979, "state": "Manipur", "state_code": null, "district": "IMPHAL EAST", "district_code": 278.0, "sub_district": null, "sub_district_code": null, "sub_district_type": null, "village": "Sanasabi", "village_category": "Rural", "village_code": "12462716586" }, "geometry": { "type": "Point", "coordinates": [ 94.1287973, 24.9303443 ] } },
{ "type": "Feature", "properties": { "id": 980, "state": "Manipur", "state_code": null, "district": "IMPHAL EAST", "district_code": 278.0, "sub_district": null, "sub_district_code": null, "sub_district_type": null, "village": "Thamnapokpi", "village_category": "Rural", "village_code": "12462716587" }, "geometry": { "type": "Point", "coordinates": [ 94.1220875, 24.9195231 ] } },
{ "type": "Feature", "properties": { "id": 981, "state": "Manipur", "state_code": null, "district": "IMPHAL EAST", "district_code": 278.0, "sub_district": null, "sub_district_code": null, "sub_district_type": null, "village": "Sabungkhok", "village_category": "Rural", "village_code": "12469775929" }, "geometry": { "type": "Point", "coordinates": [ 94.1067067, 24.8950406 ] } },
{ "type": "Feature", "properties": { "id": 982, "state": "Manipur", "state_code": null, "district": "KANGPOKPI", "district_code": 679.0, "sub_district": null, "sub_district_code": null, "sub_district_type": null, "village": "Chingdai Khunou", "village_category": "Rural", "village_code": "12469775975" }, "geometry": { "type": "Point", "coordinates": [ 94.123359, 24.9489763 ] } },
{ "type": "Feature", "properties": { "id": 983, "state": "Manipur", "state_code": null, "district": "KANGPOKPI", "district_code": 679.0, "sub_district": null, "sub_district_code": null, "sub_district_type": null, "village": "K. Nomjang", "village_category": "Rural", "village_code": "12469775976" }, "geometry": { "type": "Point", "coordinates": [ 94.1274485, 24.9462844 ] } },
{ "type": "Feature", "properties": { "id": 984, "state": "Manipur", "state_code": null, "district": "KANGPOKPI", "district_code": 679.0, "sub_district": null, "sub_district_code": null, "sub_district_type": null, "village": "T. Molnoi", "village_category": "Rural", "village_code": "12469790708" }, "geometry": { "type": "Point", "coordinates": [ 94.1336958, 24.9606285 ] } },
{ "type": "Feature", "properties": { "id": 985, "state": "Manipur", "state_code": null, "district": "KANGPOKPI", "district_code": 679.0, "sub_district": null, "sub_district_code": null, "sub_district_type": null, "village": "B. Boljang", "village_category": "Rural", "village_code": "12469844140" }, "geometry": { "type": "Point", "coordinates": [ 94.1301028, 24.9717578 ] } },
{ "type": "Feature", "properties": { "id": 986, "state": "Manipur", "state_code": null, "district": "KANGPOKPI", "district_code": 679.0, "sub_district": null, "sub_district_code": null, "sub_district_type": null, "village": "Sijang", "village_category": "Rural", "village_code": "12469844141" }, "geometry": { "type": "Point", "coordinates": [ 94.1457545, 24.980389 ] } },
{ "type": "Feature", "properties": { "id": 987, "state": "Manipur", "state_code": null, "district": "UKHRUL", "district_code": 279.0, "sub_district": null, "sub_district_code": null, "sub_district_type": null, "village": "Sanakeithel", "village_category": "Rural", "village_code": "12472007230" }, "geometry": { "type": "Point", "coordinates": [ 94.1526326, 25.0340348 ] } },
{ "type": "Feature", "properties": { "id": 988, "state": "Manipur", "state_code": null, "district": "UKHRUL", "district_code": 279.0, "sub_district": null, "sub_district_code": null, "sub_district_type": null, "village": "L. Molnom", "village_category": "Rural", "village_code": "12472012329" }, "geometry": { "type": "Point", "coordinates": [ 94.1559687, 24.9806059 ] } },
{ "type": "Feature", "properties": { "id": 989, "state": "Manipur", "state_code": null, "district": "KANGPOKPI", "district_code": 679.0, "sub_district": null, "sub_district_code": null, "sub_district_type": null, "village": "Samusong", "village_category": "Rural", "village_code": "12473272642" }, "geometry": { "type": "Point", "coordinates": [ 94.1232114, 24.9404168 ] } },
{ "type": "Feature", "properties": { "id": 990, "state": "Manipur", "state_code": null, "district": "KANGPOKPI", "district_code": 679.0, "sub_district": null, "sub_district_code": null, "sub_district_type": null, "village": "Saibol", "village_category": "Rural", "village_code": "12473296802" }, "geometry": { "type": "Point", "coordinates": [ 94.1111369, 24.9318939 ] } },
{ "type": "Feature", "properties": { "id": 991, "state": "Manipur", "state_code": null, "district": "KANGPOKPI", "district_code": 679.0, "sub_district": null, "sub_district_code": null, "sub_district_type": null, "village": "Mongneljang", "village_category": "Rural", "village_code": "12473296803" }, "geometry": { "type": "Point", "coordinates": [ 94.1262939, 24.9059913 ] } },
{ "type": "Feature", "properties": { "id": 992, "state": "Manipur", "state_code": null, "district": "IMPHAL EAST", "district_code": 278.0, "sub_district": null, "sub_district_code": null, "sub_district_type": null, "village": "Kh. Phaipijang", "village_category": "Rural", "village_code": "12473296805" }, "geometry": { "type": "Point", "coordinates": [ 94.1338313, 24.9248874 ] } },
{ "type": "Feature", "properties": { "id": 993, "state": "Manipur", "state_code": null, "district": "KANGPOKPI", "district_code": 679.0, "sub_district": null, "sub_district_code": null, "sub_district_type": null, "village": "Mongyang", "village_category": "Rural", "village_code": "12473296816" }, "geometry": { "type": "Point", "coordinates": [ 94.1410405, 24.9852697 ] } },
{ "type": "Feature", "properties": { "id": 994, "state": "Manipur", "state_code": null, "district": "IMPHAL EAST", "district_code": 278.0, "sub_district": null, "sub_district_code": null, "sub_district_type": null, "village": "Twichin", "village_category": "Rural", "village_code": "12473296930" }, "geometry": { "type": "Point", "coordinates": [ 94.10671, 24.9235644 ] } },
{ "type": "Feature", "properties": { "id": 995, "state": "Manipur", "state_code": null, "district": "KANGPOKPI", "district_code": 679.0, "sub_district": null, "sub_district_code": null, "sub_district_type": null, "village": "Laikot Kharam", "village_category": "Rural", "village_code": "12473296932" }, "geometry": { "type": "Point", "coordinates": [ 94.0861843, 24.904575 ] } },
{ "type": "Feature", "properties": { "id": 996, "state": "Manipur", "state_code": null, "district": "IMPHAL EAST", "district_code": 278.0, "sub_district": null, "sub_district_code": null, "sub_district_type": null, "village": "Laikot Phaijol", "village_category": "Rural", "village_code": "12473296933" }, "geometry": { "type": "Point", "coordinates": [ 94.0872103, 24.9003571 ] } },
{ "type": "Feature", "properties": { "id": 997, "state": "Manipur", "state_code": null, "district": "IMPHAL EAST", "district_code": 278.0, "sub_district": null, "sub_district_code": null, "sub_district_type": null, "village": "Santi Khongbal", "village_category": "Rural", "village_code": "12474229494" }, "geometry": { "type": "Point", "coordinates": [ 94.1171015, 24.9143542 ] } },
{ "type": "Feature", "properties": { "id": 998, "state": "Manipur", "state_code": null, "district": "KANGPOKPI", "district_code": 679.0, "sub_district": null, "sub_district_code": null, "sub_district_type": null, "village": "Laikot Kom", "village_category": "Rural", "village_code": "12474552136" }, "geometry": { "type": "Point", "coordinates": [ 94.0888104, 24.9049631 ] } },
{ "type": "Feature", "properties": { "id": 999, "state": "Manipur", "state_code": null, "district": "IMPHAL EAST", "district_code": 278.0, "sub_district": null, "sub_district_code": null, "sub_district_type": null, "village": "Sabungkhok Khunou", "village_category": "Rural", "village_code": "12474552137" }, "geometry": { "type": "Point", "coordinates": [ 94.1107207, 24.9062859 ] } },
{ "type": "Feature", "properties": { "id": 1000, "state": "Manipur", "state_code": null, "district": "IMPHAL EAST", "district_code": 278.0, "sub_district": null, "sub_district_code": null, "sub_district_type": null, "village": "Seijang", "village_category": "Rural", "village_code": "12479110506" }, "geometry": { "type": "Point", "coordinates": [ 94.0953039, 24.8849947 ] } },
{ "type": "Feature", "properties": { "id": 1001, "state": "Manipur", "state_code": null, "district": "IMPHAL EAST", "district_code": 278.0, "sub_district": null, "sub_district_code": null, "sub_district_type": null, "village": "Tellou", "village_category": "Rural", "village_code": "12479147191" }, "geometry": { "type": "Point", "coordinates": [ 94.0835405, 24.8696383 ] } },
{ "type": "Feature", "properties": { "id": 1002, "state": "Manipur", "state_code": null, "district": "IMPHAL EAST", "district_code": 278.0, "sub_district": null, "sub_district_code": null, "sub_district_type": null, "village": "Chana", "village_category": "Rural", "village_code": "12479147192" }, "geometry": { "type": "Point", "coordinates": [ 94.0770998, 24.8745341 ] } },
{ "type": "Feature", "properties": { "id": 1003, "state": "Manipur", "state_code": null, "district": "IMPHAL EAST", "district_code": 278.0, "sub_district": null, "sub_district_code": null, "sub_district_type": null, "village": "P. Phaimol", "village_category": "Rural", "village_code": "12479293577" }, "geometry": { "type": "Point", "coordinates": [ 94.1108687, 24.9206625 ] } },
{ "type": "Feature", "properties": { "id": 1004, "state": "Manipur", "state_code": null, "district": "KANGPOKPI", "district_code": 679.0, "sub_district": null, "sub_district_code": null, "sub_district_type": null, "village": "Unnamed Village", "village_category": "Rural", "village_code": "12479331830" }, "geometry": { "type": "Point", "coordinates": [ 94.1053863, 24.9168153 ] } },
{ "type": "Feature", "properties": { "id": 1005, "state": "Manipur", "state_code": null, "district": "IMPHAL EAST", "district_code": 278.0, "sub_district": null, "sub_district_code": null, "sub_district_type": null, "village": "New Canaan", "village_category": "Rural", "village_code": "12479369041" }, "geometry": { "type": "Point", "coordinates": [ 94.1219332, 24.9068988 ] } },
{ "type": "Feature", "properties": { "id": 1006, "state": "Manipur", "state_code": null, "district": "IMPHAL EAST", "district_code": 278.0, "sub_district": null, "sub_district_code": null, "sub_district_type": null, "village": "Mayophung", "village_category": "Rural", "village_code": "12479369042" }, "geometry": { "type": "Point", "coordinates": [ 94.1281488, 24.9111344 ] } },
{ "type": "Feature", "properties": { "id": 1007, "state": "Manipur", "state_code": null, "district": "IMPHAL EAST", "district_code": 278.0, "sub_district": null, "sub_district_code": null, "sub_district_type": null, "village": "Gwaltabi", "village_category": "Rural", "village_code": "12479369043" }, "geometry": { "type": "Point", "coordinates": [ 94.1338518, 24.9154812 ] } },
{ "type": "Feature", "properties": { "id": 1008, "state": "Manipur", "state_code": null, "district": "IMPHAL EAST", "district_code": 278.0, "sub_district": null, "sub_district_code": null, "sub_district_type": null, "village": "Leimakhong Mapal", "village_category": "Rural", "village_code": "12479431306" }, "geometry": { "type": "Point", "coordinates": [ 94.0814832, 24.8801728 ] } },
{ "type": "Feature", "properties": { "id": 1009, "state": "Manipur", "state_code": null, "district": "IMPHAL EAST", "district_code": 278.0, "sub_district": null, "sub_district_code": null, "sub_district_type": null, "village": "Molnomphai", "village_category": "Rural", "village_code": "12479431330" }, "geometry": { "type": "Point", "coordinates": [ 94.1065418, 24.9119062 ] } },
{ "type": "Feature", "properties": { "id": 1010, "state": "Manipur", "state_code": null, "district": "UKHRUL", "district_code": 279.0, "sub_district": null, "sub_district_code": null, "sub_district_type": null, "village": "Lamlang Gate", "village_category": "Rural", "village_code": "12479502664" }, "geometry": { "type": "Point", "coordinates": [ 94.2822888, 25.0849101 ] } },
{ "type": "Feature", "properties": { "id": 1011, "state": "Manipur", "state_code": null, "district": "KANGPOKPI", "district_code": 679.0, "sub_district": null, "sub_district_code": null, "sub_district_type": null, "village": "Jalenbung", "village_category": "Rural", "village_code": "12479502668" }, "geometry": { "type": "Point", "coordinates": [ 94.156193, 24.9420556 ] } },
{ "type": "Feature", "properties": { "id": 1012, "state": "Manipur", "state_code": null, "district": "KANGPOKPI", "district_code": 679.0, "sub_district": null, "sub_district_code": null, "sub_district_type": null, "village": "Unnamed Village", "village_category": "Rural", "village_code": "12479502669" }, "geometry": { "type": "Point", "coordinates": [ 94.1512712, 24.9372644 ] } },
{ "type": "Feature", "properties": { "id": 1013, "state": "Manipur", "state_code": null, "district": "KANGPOKPI", "district_code": 679.0, "sub_district": null, "sub_district_code": null, "sub_district_type": null, "village": "Nomjang", "village_category": "Rural", "village_code": "12479519675" }, "geometry": { "type": "Point", "coordinates": [ 94.1306318, 24.9522999 ] } },
{ "type": "Feature", "properties": { "id": 1014, "state": "Manipur", "state_code": null, "district": "KANGPOKPI", "district_code": 679.0, "sub_district": null, "sub_district_code": null, "sub_district_type": null, "village": "Ngarumphung", "village_category": "Rural", "village_code": "12480328163" }, "geometry": { "type": "Point", "coordinates": [ 94.1191267, 24.8955066 ] } },
{ "type": "Feature", "properties": { "id": 1015, "state": "Manipur", "state_code": null, "district": "CHURACHANDPUR", "district_code": 274.0, "sub_district": null, "sub_district_code": null, "sub_district_type": null, "village": "Vaozang", "village_category": "Rural", "village_code": "12513153821" }, "geometry": { "type": "Point", "coordinates": [ 93.6531909, 24.342578 ] } },
{ "type": "Feature", "properties": { "id": 1016, "state": "Manipur", "state_code": null, "district": "CHURACHANDPUR", "district_code": 274.0, "sub_district": null, "sub_district_code": null, "sub_district_type": null, "village": "Old Gelmol", "village_category": "Rural", "village_code": "12513153822" }, "geometry": { "type": "Point", "coordinates": [ 93.6616782, 24.3529551 ] } },
{ "type": "Feature", "properties": { "id": 1017, "state": "Manipur", "state_code": null, "district": "IMPHAL EAST", "district_code": 278.0, "sub_district": null, "sub_district_code": null, "sub_district_type": null, "village": "Isingthembi", "village_category": "Rural", "village_code": "12626604280" }, "geometry": { "type": "Point", "coordinates": [ 93.9935431, 24.965225 ] } },
{ "type": "Feature", "properties": { "id": 1018, "state": "Manipur", "state_code": null, "district": "IMPHAL EAST", "district_code": 278.0, "sub_district": null, "sub_district_code": null, "sub_district_type": null, "village": "Phaknung", "village_category": "Rural", "village_code": "12626604281" }, "geometry": { "type": "Point", "coordinates": [ 94.0088979, 24.8638156 ] } },
{ "type": "Feature", "properties": { "id": 1019, "state": "Manipur", "state_code": null, "district": "CHURACHANDPUR", "district_code": 274.0, "sub_district": null, "sub_district_code": null, "sub_district_type": null, "village": "Tonglon (P)", "village_category": "Rural", "village_code": "12705309086" }, "geometry": { "type": "Point", "coordinates": [ 93.5368323, 24.2411274 ] } },
{ "type": "Feature", "properties": { "id": 1020, "state": "Manipur", "state_code": null, "district": "CHURACHANDPUR", "district_code": 274.0, "sub_district": null, "sub_district_code": null, "sub_district_type": null, "village": "Chaljang", "village_category": "Rural", "village_code": "12705576113" }, "geometry": { "type": "Point", "coordinates": [ 93.757786, 24.1563126 ] } },
{ "type": "Feature", "properties": { "id": 1021, "state": "Manipur", "state_code": null, "district": "CHURACHANDPUR", "district_code": 274.0, "sub_district": null, "sub_district_code": null, "sub_district_type": null, "village": "Khuangnung", "village_category": "Rural", "village_code": "12705662124" }, "geometry": { "type": "Point", "coordinates": [ 93.7166618, 24.3032258 ] } },
{ "type": "Feature", "properties": { "id": 1022, "state": "Manipur", "state_code": null, "district": "CHURACHANDPUR", "district_code": 274.0, "sub_district": null, "sub_district_code": null, "sub_district_type": null, "village": "Tuikham", "village_category": "Rural", "village_code": "12705662125" }, "geometry": { "type": "Point", "coordinates": [ 93.7143551, 24.304448 ] } },
{ "type": "Feature", "properties": { "id": 1023, "state": "Manipur", "state_code": null, "district": "CHURACHANDPUR", "district_code": 274.0, "sub_district": null, "sub_district_code": null, "sub_district_type": null, "village": "Ngurte", "village_category": "Rural", "village_code": "12705662126" }, "geometry": { "type": "Point", "coordinates": [ 93.7190087, 24.2984345 ] } },
{ "type": "Feature", "properties": { "id": 1024, "state": "Manipur", "state_code": null, "district": "CHURACHANDPUR", "district_code": 274.0, "sub_district": null, "sub_district_code": null, "sub_district_type": null, "village": "Thenmuol Khelmuol", "village_category": "Rural", "village_code": "12705662127" }, "geometry": { "type": "Point", "coordinates": [ 93.7220664, 24.2936307 ] } },
{ "type": "Feature", "properties": { "id": 1025, "state": "Manipur", "state_code": null, "district": "CHURACHANDPUR", "district_code": 274.0, "sub_district": null, "sub_district_code": null, "sub_district_type": null, "village": "Daijang", "village_category": "Rural", "village_code": "12705662128" }, "geometry": { "type": "Point", "coordinates": [ 93.7169166, 24.2950486 ] } },
{ "type": "Feature", "properties": { "id": 1026, "state": "Manipur", "state_code": null, "district": "CHURACHANDPUR", "district_code": 274.0, "sub_district": null, "sub_district_code": null, "sub_district_type": null, "village": "Misao Lhavom", "village_category": "Rural", "village_code": "12705662129" }, "geometry": { "type": "Point", "coordinates": [ 93.7133626, 24.2742428 ] } },
{ "type": "Feature", "properties": { "id": 1027, "state": "Manipur", "state_code": null, "district": "CHURACHANDPUR", "district_code": 274.0, "sub_district": null, "sub_district_code": null, "sub_district_type": null, "village": "Benazou Khoken", "village_category": "Rural", "village_code": "12705662130" }, "geometry": { "type": "Point", "coordinates": [ 93.7178822, 24.2527733 ] } },
{ "type": "Feature", "properties": { "id": 1028, "state": "Manipur", "state_code": null, "district": "CHURACHANDPUR", "district_code": 274.0, "sub_district": null, "sub_district_code": null, "sub_district_type": null, "village": "M. Hapimollen", "village_category": "Rural", "village_code": "12705662131" }, "geometry": { "type": "Point", "coordinates": [ 93.7364833, 24.2220421 ] } },
{ "type": "Feature", "properties": { "id": 1029, "state": "Manipur", "state_code": null, "district": "CHURACHANDPUR", "district_code": 274.0, "sub_district": null, "sub_district_code": null, "sub_district_type": null, "village": "S. Gelbung", "village_category": "Rural", "village_code": "12705662132" }, "geometry": { "type": "Point", "coordinates": [ 93.7345387, 24.1979704 ] } },
{ "type": "Feature", "properties": { "id": 1030, "state": "Manipur", "state_code": null, "district": "CHURACHANDPUR", "district_code": 274.0, "sub_district": null, "sub_district_code": null, "sub_district_type": null, "village": "Tuidam", "village_category": "Rural", "village_code": "12705662133" }, "geometry": { "type": "Point", "coordinates": [ 93.7545346, 24.1593215 ] } },
{ "type": "Feature", "properties": { "id": 1031, "state": "Manipur", "state_code": null, "district": "CHURACHANDPUR", "district_code": 274.0, "sub_district": null, "sub_district_code": null, "sub_district_type": null, "village": "K. Janglenphai", "village_category": "Rural", "village_code": "12705662139" }, "geometry": { "type": "Point", "coordinates": [ 93.7680797, 24.1423486 ] } },
{ "type": "Feature", "properties": { "id": 1032, "state": "Manipur", "state_code": null, "district": "CHURACHANDPUR", "district_code": 274.0, "sub_district": null, "sub_district_code": null, "sub_district_type": null, "village": "Tuisomjang", "village_category": "Rural", "village_code": "12708576217" }, "geometry": { "type": "Point", "coordinates": [ 93.6867446, 24.4007463 ] } },
{ "type": "Feature", "properties": { "id": 1033, "state": "Manipur", "state_code": null, "district": "CHURACHANDPUR", "district_code": 274.0, "sub_district": null, "sub_district_code": null, "sub_district_type": null, "village": "T, Kholep", "village_category": "Rural", "village_code": "12708576218" }, "geometry": { "type": "Point", "coordinates": [ 93.6862449, 24.3953962 ] } },
{ "type": "Feature", "properties": { "id": 1034, "state": "Manipur", "state_code": null, "district": "CHANDEL", "district_code": 280.0, "sub_district": null, "sub_district_code": null, "sub_district_type": null, "village": "Twilelon", "village_category": "Rural", "village_code": "12709538203" }, "geometry": { "type": "Point", "coordinates": [ 93.8423402, 24.1397309 ] } },
{ "type": "Feature", "properties": { "id": 1035, "state": "Manipur", "state_code": null, "district": "CHANDEL", "district_code": 280.0, "sub_district": null, "sub_district_code": null, "sub_district_type": null, "village": "Paldai", "village_category": "Rural", "village_code": "12709538204" }, "geometry": { "type": "Point", "coordinates": [ 93.8414796, 24.1484158 ] } },
{ "type": "Feature", "properties": { "id": 1036, "state": "Manipur", "state_code": null, "district": "CHANDEL", "district_code": 280.0, "sub_district": null, "sub_district_code": null, "sub_district_type": null, "village": "K. Phailen", "village_category": "Rural", "village_code": "12714019297" }, "geometry": { "type": "Point", "coordinates": [ 93.8571615, 24.1801748 ] } },
{ "type": "Feature", "properties": { "id": 1037, "state": "Manipur", "state_code": null, "district": "CHANDEL", "district_code": 280.0, "sub_district": null, "sub_district_code": null, "sub_district_type": null, "village": "Teljang", "village_category": "Rural", "village_code": "12714023315" }, "geometry": { "type": "Point", "coordinates": [ 93.8587843, 24.1677196 ] } },
{ "type": "Feature", "properties": { "id": 1038, "state": "Manipur", "state_code": null, "district": "KANGPOKPI", "district_code": 679.0, "sub_district": null, "sub_district_code": null, "sub_district_type": null, "village": "D. Leikot", "village_category": "Rural", "village_code": "12720551275" }, "geometry": { "type": "Point", "coordinates": [ 94.0845381, 24.9771153 ] } },
{ "type": "Feature", "properties": { "id": 1039, "state": "Manipur", "state_code": null, "district": "KANGPOKPI", "district_code": 679.0, "sub_district": null, "sub_district_code": null, "sub_district_type": null, "village": "Thombol", "village_category": "Rural", "village_code": "12720551276" }, "geometry": { "type": "Point", "coordinates": [ 94.0882798, 24.9803368 ] } },
{ "type": "Feature", "properties": { "id": 1040, "state": "Manipur", "state_code": null, "district": "KANGPOKPI", "district_code": 679.0, "sub_district": null, "sub_district_code": null, "sub_district_type": null, "village": "T, Jordanphai", "village_category": "Rural", "village_code": "12720551286" }, "geometry": { "type": "Point", "coordinates": [ 94.1102267, 24.9829502 ] } },
{ "type": "Feature", "properties": { "id": 1041, "state": "Manipur", "state_code": null, "district": "KANGPOKPI", "district_code": 679.0, "sub_district": null, "sub_district_code": null, "sub_district_type": null, "village": "Songjang", "village_category": "Rural", "village_code": "12720551287" }, "geometry": { "type": "Point", "coordinates": [ 94.0915988, 24.9847372 ] } },
{ "type": "Feature", "properties": { "id": 1042, "state": "Manipur", "state_code": null, "district": "KANGPOKPI", "district_code": 679.0, "sub_district": null, "sub_district_code": null, "sub_district_type": null, "village": "Thangal Surung", "village_category": "Rural", "village_code": "12723897088" }, "geometry": { "type": "Point", "coordinates": [ 93.9992468, 25.0356305 ] } },
{ "type": "Feature", "properties": { "id": 1043, "state": "Manipur", "state_code": null, "district": "KANGPOKPI", "district_code": 679.0, "sub_district": null, "sub_district_code": null, "sub_district_type": null, "village": "Y. Langkhong", "village_category": "Rural", "village_code": "12723897089" }, "geometry": { "type": "Point", "coordinates": [ 93.9961489, 25.0291782 ] } },
{ "type": "Feature", "properties": { "id": 1044, "state": "Manipur", "state_code": null, "district": "KANGPOKPI", "district_code": 679.0, "sub_district": null, "sub_district_code": null, "sub_district_type": null, "village": "Lhungjang", "village_category": "Rural", "village_code": "12723897099" }, "geometry": { "type": "Point", "coordinates": [ 93.9629431, 25.0293726 ] } },
{ "type": "Feature", "properties": { "id": 1045, "state": "Manipur", "state_code": null, "district": "KANGPOKPI", "district_code": 679.0, "sub_district": null, "sub_district_code": null, "sub_district_type": null, "village": "T. Lamkajang", "village_category": "Rural", "village_code": "12723909803" }, "geometry": { "type": "Point", "coordinates": [ 93.9678382, 25.0334615 ] } },
{ "type": "Feature", "properties": { "id": 1046, "state": "Manipur", "state_code": null, "district": "KANGPOKPI", "district_code": 679.0, "sub_district": null, "sub_district_code": null, "sub_district_type": null, "village": "Thingsat", "village_category": "Rural", "village_code": "12723909804" }, "geometry": { "type": "Point", "coordinates": [ 93.9312951, 24.9884373 ] } },
{ "type": "Feature", "properties": { "id": 1047, "state": "Manipur", "state_code": null, "district": "KANGPOKPI", "district_code": 679.0, "sub_district": null, "sub_district_code": null, "sub_district_type": null, "village": "Ankhombung Kho", "village_category": "Rural", "village_code": "12723909824" }, "geometry": { "type": "Point", "coordinates": [ 93.9450448, 25.012362 ] } },
{ "type": "Feature", "properties": { "id": 1048, "state": "Manipur", "state_code": null, "district": "KANGPOKPI", "district_code": 679.0, "sub_district": null, "sub_district_code": null, "sub_district_type": null, "village": "Twichamphai", "village_category": "Rural", "village_code": "12723909825" }, "geometry": { "type": "Point", "coordinates": [ 93.9586793, 25.0402709 ] } },
{ "type": "Feature", "properties": { "id": 1049, "state": "Manipur", "state_code": null, "district": "IMPHAL EAST", "district_code": 278.0, "sub_district": null, "sub_district_code": null, "sub_district_type": null, "village": "Phaijang", "village_category": "Rural", "village_code": "12725029044" }, "geometry": { "type": "Point", "coordinates": [ 94.0245797, 25.0458044 ] } },
{ "type": "Feature", "properties": { "id": 1050, "state": "Manipur", "state_code": null, "district": "KANGPOKPI", "district_code": 679.0, "sub_district": null, "sub_district_code": null, "sub_district_type": null, "village": "Leilon Khunou", "village_category": "Rural", "village_code": "12735406494" }, "geometry": { "type": "Point", "coordinates": [ 93.8213502, 24.9276861 ] } },
{ "type": "Feature", "properties": { "id": 1051, "state": "Manipur", "state_code": null, "district": "KANGPOKPI", "district_code": 679.0, "sub_district": null, "sub_district_code": null, "sub_district_type": null, "village": "L. Phaijang", "village_category": "Rural", "village_code": "12735406496" }, "geometry": { "type": "Point", "coordinates": [ 93.8253883, 24.9135881 ] } },
{ "type": "Feature", "properties": { "id": 1052, "state": "Manipur", "state_code": null, "district": "CHURACHANDPUR", "district_code": 274.0, "sub_district": null, "sub_district_code": null, "sub_district_type": null, "village": "Lingsiphai", "village_category": "Rural", "village_code": "12745033473" }, "geometry": { "type": "Point", "coordinates": [ 93.6804055, 24.3044011 ] } },
{ "type": "Feature", "properties": { "id": 1053, "state": "Manipur", "state_code": null, "district": "CHURACHANDPUR", "district_code": 274.0, "sub_district": null, "sub_district_code": null, "sub_district_type": null, "village": "Tangmual", "village_category": "Rural", "village_code": "12745033474" }, "geometry": { "type": "Point", "coordinates": [ 93.6845629, 24.3097544 ] } },
{ "type": "Feature", "properties": { "id": 1054, "state": "Manipur", "state_code": null, "district": "CHURACHANDPUR", "district_code": 274.0, "sub_district": null, "sub_district_code": null, "sub_district_type": null, "village": "Thingkangphai", "village_category": "Rural", "village_code": "12745033491" }, "geometry": { "type": "Point", "coordinates": [ 93.688338, 24.3187327 ] } },
{ "type": "Feature", "properties": { "id": 1055, "state": "Manipur", "state_code": null, "district": "CHURACHANDPUR", "district_code": 274.0, "sub_district": null, "sub_district_code": null, "sub_district_type": null, "village": "Tangnuam", "village_category": "Rural", "village_code": "12745033492" }, "geometry": { "type": "Point", "coordinates": [ 93.6880698, 24.3266272 ] } },
{ "type": "Feature", "properties": { "id": 1056, "state": "Manipur", "state_code": null, "district": "KANGPOKPI", "district_code": 679.0, "sub_district": null, "sub_district_code": null, "sub_district_type": null, "village": "Haijang", "village_category": "Rural", "village_code": "12778371935" }, "geometry": { "type": "Point", "coordinates": [ 93.9723033, 25.1322806 ] } },
{ "type": "Feature", "properties": { "id": 1057, "state": "Manipur", "state_code": null, "district": "KAMJANG", "district_code": 670.0, "sub_district": null, "sub_district_code": null, "sub_district_type": null, "village": "Haijang", "village_category": "Rural", "village_code": "12778478525" }, "geometry": { "type": "Point", "coordinates": [ 94.7044076, 25.0209019 ] } },
{ "type": "Feature", "properties": { "id": 1058, "state": "Manipur", "state_code": null, "district": "TAMENGLONG", "district_code": 273.0, "sub_district": null, "sub_district_code": null, "sub_district_type": null, "village": "New Mandu", "village_category": "Rural", "village_code": "12784837282" }, "geometry": { "type": "Point", "coordinates": [ 93.3195448, 25.0348082 ] } },
{ "type": "Feature", "properties": { "id": 1059, "state": "Manipur", "state_code": null, "district": "TAMENGLONG", "district_code": 273.0, "sub_district": null, "sub_district_code": null, "sub_district_type": null, "village": "Longchai", "village_category": "Rural", "village_code": "12784884823" }, "geometry": { "type": "Point", "coordinates": [ 93.2769513, 24.9272093 ] } },
{ "type": "Feature", "properties": { "id": 1060, "state": "Manipur", "state_code": null, "district": "TAMENGLONG", "district_code": 273.0, "sub_district": null, "sub_district_code": null, "sub_district_type": null, "village": "Longkhalong", "village_category": "Rural", "village_code": "12784884824" }, "geometry": { "type": "Point", "coordinates": [ 93.2618344, 24.8800031 ] } },
{ "type": "Feature", "properties": { "id": 1061, "state": "Manipur", "state_code": null, "district": "JIRIBAM", "district_code": 658.0, "sub_district": null, "sub_district_code": null, "sub_district_type": null, "village": "Kaiphundai", "village_category": "Rural", "village_code": "12784887036" }, "geometry": { "type": "Point", "coordinates": [ 93.2036733, 24.8313378 ] } },
{ "type": "Feature", "properties": { "id": 1062, "state": "Manipur", "state_code": null, "district": "JIRIBAM", "district_code": 658.0, "sub_district": null, "sub_district_code": null, "sub_district_type": null, "village": "Baraikhāl", "village_category": "Rural", "village_code": "12784887037" }, "geometry": { "type": "Point", "coordinates": [ 93.2082814, 24.850002 ] } },
{ "type": "Feature", "properties": { "id": 1063, "state": "Manipur", "state_code": null, "district": "TAMENGLONG", "district_code": 273.0, "sub_district": null, "sub_district_code": null, "sub_district_type": null, "village": "Kandihong", "village_category": "Rural", "village_code": "12785519722" }, "geometry": { "type": "Point", "coordinates": [ 93.311187, 25.0165413 ] } },
{ "type": "Feature", "properties": { "id": 1064, "state": "Manipur", "state_code": null, "district": "TAMENGLONG", "district_code": 273.0, "sub_district": null, "sub_district_code": null, "sub_district_type": null, "village": "New Atengba", "village_category": "Rural", "village_code": "12785519852" }, "geometry": { "type": "Point", "coordinates": [ 93.3160204, 24.9566469 ] } },
{ "type": "Feature", "properties": { "id": 1065, "state": "Manipur", "state_code": null, "district": "TAMENGLONG", "district_code": 273.0, "sub_district": null, "sub_district_code": null, "sub_district_type": null, "village": "Phoklong Khullen", "village_category": "Rural", "village_code": "12785768965" }, "geometry": { "type": "Point", "coordinates": [ 93.3822441, 25.1803985 ] } },
{ "type": "Feature", "properties": { "id": 1066, "state": "Manipur", "state_code": null, "district": "TAMENGLONG", "district_code": 273.0, "sub_district": null, "sub_district_code": null, "sub_district_type": null, "village": "Phoklong Khund", "village_category": "Rural", "village_code": "12785768966" }, "geometry": { "type": "Point", "coordinates": [ 93.4014058, 25.162299 ] } },
{ "type": "Feature", "properties": { "id": 1067, "state": "Manipur", "state_code": null, "district": "TAMENGLONG", "district_code": 273.0, "sub_district": null, "sub_district_code": null, "sub_district_type": null, "village": "Tousem Khullen", "village_category": "Rural", "village_code": "12785768967" }, "geometry": { "type": "Point", "coordinates": [ 93.3764183, 25.1149694 ] } },
{ "type": "Feature", "properties": { "id": 1068, "state": "Manipur", "state_code": null, "district": "TAMENGLONG", "district_code": 273.0, "sub_district": null, "sub_district_code": null, "sub_district_type": null, "village": "Mandu", "village_category": "Rural", "village_code": "12785768968" }, "geometry": { "type": "Point", "coordinates": [ 93.3373761, 25.0622568 ] } },
{ "type": "Feature", "properties": { "id": 1069, "state": "Manipur", "state_code": null, "district": "TAMENGLONG", "district_code": 273.0, "sub_district": null, "sub_district_code": null, "sub_district_type": null, "village": "New Phellong", "village_category": "Rural", "village_code": "12785781077" }, "geometry": { "type": "Point", "coordinates": [ 93.4471321, 25.1059832 ] } },
{ "type": "Feature", "properties": { "id": 1070, "state": "Manipur", "state_code": null, "district": "TAMENGLONG", "district_code": 273.0, "sub_district": null, "sub_district_code": null, "sub_district_type": null, "village": "Phellong", "village_category": "Rural", "village_code": "12785781078" }, "geometry": { "type": "Point", "coordinates": [ 93.4439349, 25.0956263 ] } },
{ "type": "Feature", "properties": { "id": 1071, "state": "Manipur", "state_code": null, "district": "TAMENGLONG", "district_code": 273.0, "sub_district": null, "sub_district_code": null, "sub_district_type": null, "village": "Namtiram", "village_category": "Rural", "village_code": "12785781079" }, "geometry": { "type": "Point", "coordinates": [ 93.4326911, 25.0737827 ] } },
{ "type": "Feature", "properties": { "id": 1072, "state": "Manipur", "state_code": null, "district": "TAMENGLONG", "district_code": 273.0, "sub_district": null, "sub_district_code": null, "sub_district_type": null, "village": "Kātang", "village_category": "Rural", "village_code": "12785832782" }, "geometry": { "type": "Point", "coordinates": [ 93.406899, 25.2284695 ] } },
{ "type": "Feature", "properties": { "id": 1073, "state": "Manipur", "state_code": null, "district": "BISHNUPUR", "district_code": 275.0, "sub_district": null, "sub_district_code": null, "sub_district_type": null, "village": "Siden", "village_category": "Rural", "village_code": "12794974059" }, "geometry": { "type": "Point", "coordinates": [ 93.7368768, 24.4110998 ] } },
{ "type": "Feature", "properties": { "id": 1074, "state": "Manipur", "state_code": null, "district": "BISHNUPUR", "district_code": 275.0, "sub_district": null, "sub_district_code": null, "sub_district_type": null, "village": "Changpikot", "village_category": "Rural", "village_code": "12794974060" }, "geometry": { "type": "Point", "coordinates": [ 93.736658, 24.4085295 ] } },
{ "type": "Feature", "properties": { "id": 1075, "state": "Manipur", "state_code": null, "district": "BISHNUPUR", "district_code": 275.0, "sub_district": null, "sub_district_code": null, "sub_district_type": null, "village": "S. Gangpijang", "village_category": "Rural", "village_code": "12794974061" }, "geometry": { "type": "Point", "coordinates": [ 93.7357393, 24.4048786 ] } },
{ "type": "Feature", "properties": { "id": 1076, "state": "Manipur", "state_code": null, "district": "BISHNUPUR", "district_code": 275.0, "sub_district": null, "sub_district_code": null, "sub_district_type": null, "village": "Lhungjang", "village_category": "Rural", "village_code": "12795207772" }, "geometry": { "type": "Point", "coordinates": [ 93.7359926, 24.4020168 ] } },
{ "type": "Feature", "properties": { "id": 1077, "state": "Manipur", "state_code": null, "district": "BISHNUPUR", "district_code": 275.0, "sub_district": null, "sub_district_code": null, "sub_district_type": null, "village": "Nomjang", "village_category": "Rural", "village_code": "12795207773" }, "geometry": { "type": "Point", "coordinates": [ 93.7358854, 24.4010779 ] } },
{ "type": "Feature", "properties": { "id": 1078, "state": "Manipur", "state_code": null, "district": "CHURACHANDPUR", "district_code": 274.0, "sub_district": null, "sub_district_code": null, "sub_district_type": null, "village": "T. Kananphai", "village_category": "Rural", "village_code": "12795207774" }, "geometry": { "type": "Point", "coordinates": [ 93.7319224, 24.4096054 ] } },
{ "type": "Feature", "properties": { "id": 1079, "state": "Manipur", "state_code": null, "district": "BISHNUPUR", "district_code": 275.0, "sub_district": null, "sub_district_code": null, "sub_district_type": null, "village": "Gotengphai", "village_category": "Rural", "village_code": "12795926751" }, "geometry": { "type": "Point", "coordinates": [ 93.7504996, 24.4167195 ] } },
{ "type": "Feature", "properties": { "id": 1080, "state": "Manipur", "state_code": null, "district": "BISHNUPUR", "district_code": 275.0, "sub_district": null, "sub_district_code": null, "sub_district_type": null, "village": "Dopkon", "village_category": "Rural", "village_code": "12795926756" }, "geometry": { "type": "Point", "coordinates": [ 93.7494938, 24.4149397 ] } },
{ "type": "Feature", "properties": { "id": 1081, "state": "Manipur", "state_code": null, "district": "BISHNUPUR", "district_code": 275.0, "sub_district": null, "sub_district_code": null, "sub_district_type": null, "village": "Leitanpokpi", "village_category": "Rural", "village_code": "12795926759" }, "geometry": { "type": "Point", "coordinates": [ 93.7545297, 24.4137979 ] } },
{ "type": "Feature", "properties": { "id": 1082, "state": "Manipur", "state_code": null, "district": "BISHNUPUR", "district_code": 275.0, "sub_district": null, "sub_district_code": null, "sub_district_type": null, "village": "Khuangmun", "village_category": "Rural", "village_code": "12795926760" }, "geometry": { "type": "Point", "coordinates": [ 93.7508282, 24.4117768 ] } },
{ "type": "Feature", "properties": { "id": 1083, "state": "Manipur", "state_code": null, "district": "BISHNUPUR", "district_code": 275.0, "sub_district": null, "sub_district_code": null, "sub_district_type": null, "village": "Nganukon", "village_category": "Rural", "village_code": "12795926766" }, "geometry": { "type": "Point", "coordinates": [ 93.741754, 24.4207821 ] } },
{ "type": "Feature", "properties": { "id": 1084, "state": "Manipur", "state_code": null, "district": "BISHNUPUR", "district_code": 275.0, "sub_district": null, "sub_district_code": null, "sub_district_type": null, "village": "Kulbung", "village_category": "Rural", "village_code": "12795926767" }, "geometry": { "type": "Point", "coordinates": [ 93.7362783, 24.4239705 ] } },
{ "type": "Feature", "properties": { "id": 1085, "state": "Manipur", "state_code": null, "district": "BISHNUPUR", "district_code": 275.0, "sub_district": null, "sub_district_code": null, "sub_district_type": null, "village": "Saiton Khullen", "village_category": "Rural", "village_code": "12795926773" }, "geometry": { "type": "Point", "coordinates": [ 93.7503483, 24.4230528 ] } },
{ "type": "Feature", "properties": { "id": 1086, "state": "Manipur", "state_code": null, "district": "CHURACHANDPUR", "district_code": 274.0, "sub_district": null, "sub_district_code": null, "sub_district_type": null, "village": "T. Molkot", "village_category": "Rural", "village_code": "12795926776" }, "geometry": { "type": "Point", "coordinates": [ 93.7265974, 24.413424 ] } },
{ "type": "Feature", "properties": { "id": 1087, "state": "Manipur", "state_code": null, "district": "BISHNUPUR", "district_code": 275.0, "sub_district": null, "sub_district_code": null, "sub_district_type": null, "village": "Saiton Khunou", "village_category": "Rural", "village_code": "12795926777" }, "geometry": { "type": "Point", "coordinates": [ 93.7359861, 24.4301081 ] } },
{ "type": "Feature", "properties": { "id": 1088, "state": "Manipur", "state_code": null, "district": "BISHNUPUR", "district_code": 275.0, "sub_district": null, "sub_district_code": null, "sub_district_type": null, "village": "Moirang Mantak", "village_category": "Rural", "village_code": "12795926779" }, "geometry": { "type": "Point", "coordinates": [ 93.7811072, 24.4430106 ] } },
{ "type": "Feature", "properties": { "id": 1089, "state": "Manipur", "state_code": null, "district": "BISHNUPUR", "district_code": 275.0, "sub_district": null, "sub_district_code": null, "sub_district_type": null, "village": "Ngairong", "village_category": "Rural", "village_code": "12795926780" }, "geometry": { "type": "Point", "coordinates": [ 93.7570263, 24.4414538 ] } },
{ "type": "Feature", "properties": { "id": 1090, "state": "Manipur", "state_code": null, "district": "CHURACHANDPUR", "district_code": 274.0, "sub_district": null, "sub_district_code": null, "sub_district_type": null, "village": "Haotak Khullen", "village_category": "Rural", "village_code": "12795926792" }, "geometry": { "type": "Point", "coordinates": [ 93.78754, 24.4000397 ] } },
{ "type": "Feature", "properties": { "id": 1091, "state": "Manipur", "state_code": null, "district": "BISHNUPUR", "district_code": 275.0, "sub_district": null, "sub_district_code": null, "sub_district_type": null, "village": "Haotak Phailen", "village_category": "Rural", "village_code": "12795926793" }, "geometry": { "type": "Point", "coordinates": [ 93.7994891, 24.394823 ] } },
{ "type": "Feature", "properties": { "id": 1092, "state": "Manipur", "state_code": null, "district": "BISHNUPUR", "district_code": 275.0, "sub_district": null, "sub_district_code": null, "sub_district_type": null, "village": "Haotak Vajang Khuman", "village_category": "Rural", "village_code": "12795926794" }, "geometry": { "type": "Point", "coordinates": [ 93.8090131, 24.3936884 ] } },
{ "type": "Feature", "properties": { "id": 1093, "state": "Manipur", "state_code": null, "district": "BISHNUPUR", "district_code": 275.0, "sub_district": null, "sub_district_code": null, "sub_district_type": null, "village": "Lukhumbi", "village_category": "Rural", "village_code": "12795926795" }, "geometry": { "type": "Point", "coordinates": [ 93.8169015, 24.3799791 ] } },
{ "type": "Feature", "properties": { "id": 1094, "state": "Manipur", "state_code": null, "district": "BISHNUPUR", "district_code": 275.0, "sub_district": null, "sub_district_code": null, "sub_district_type": null, "village": "Khonomphai", "village_category": "Rural", "village_code": "12795926799" }, "geometry": { "type": "Point", "coordinates": [ 93.7929185, 24.3695845 ] } },
{ "type": "Feature", "properties": { "id": 1095, "state": "Manipur", "state_code": null, "district": "CHURACHANDPUR", "district_code": 274.0, "sub_district": null, "sub_district_code": null, "sub_district_type": null, "village": "T. Vajang", "village_category": "Rural", "village_code": "12797892586" }, "geometry": { "type": "Point", "coordinates": [ 93.8299965, 24.3032453 ] } },
{ "type": "Feature", "properties": { "id": 1096, "state": "Manipur", "state_code": null, "district": "CHURACHANDPUR", "district_code": 274.0, "sub_district": null, "sub_district_code": null, "sub_district_type": null, "village": "K. Jangnomphai", "village_category": "Rural", "village_code": "12797892587" }, "geometry": { "type": "Point", "coordinates": [ 93.8270546, 24.2959644 ] } },
{ "type": "Feature", "properties": { "id": 1097, "state": "Manipur", "state_code": null, "district": "CHURACHANDPUR", "district_code": 274.0, "sub_district": null, "sub_district_code": null, "sub_district_type": null, "village": "Bungsanglian", "village_category": "Rural", "village_code": "12797892590" }, "geometry": { "type": "Point", "coordinates": [ 93.795932, 24.3570223 ] } },
{ "type": "Feature", "properties": { "id": 1098, "state": "Manipur", "state_code": null, "district": "BISHNUPUR", "district_code": 275.0, "sub_district": null, "sub_district_code": null, "sub_district_type": null, "village": "Haotak Khullen", "village_category": "Rural", "village_code": "12797892591" }, "geometry": { "type": "Point", "coordinates": [ 93.8061433, 24.3530157 ] } },
{ "type": "Feature", "properties": { "id": 1099, "state": "Manipur", "state_code": null, "district": "BISHNUPUR", "district_code": 275.0, "sub_district": null, "sub_district_code": null, "sub_district_type": null, "village": "Chinglangmei", "village_category": "Rural", "village_code": "12797899333" }, "geometry": { "type": "Point", "coordinates": [ 93.8175244, 24.3571292 ] } },
{ "type": "Feature", "properties": { "id": 1100, "state": "Manipur", "state_code": null, "district": "BISHNUPUR", "district_code": 275.0, "sub_district": null, "sub_district_code": null, "sub_district_type": null, "village": "Borayangbi Thoubal Leikai", "village_category": "Rural", "village_code": "12797899334" }, "geometry": { "type": "Point", "coordinates": [ 93.8314283, 24.3618115 ] } },
{ "type": "Feature", "properties": { "id": 1101, "state": "Manipur", "state_code": null, "district": "BISHNUPUR", "district_code": 275.0, "sub_district": null, "sub_district_code": null, "sub_district_type": null, "village": "Borayangbi", "village_category": "Rural", "village_code": "12797899335" }, "geometry": { "type": "Point", "coordinates": [ 93.8374687, 24.3679295 ] } },
{ "type": "Feature", "properties": { "id": 1102, "state": "Manipur", "state_code": null, "district": "BISHNUPUR", "district_code": 275.0, "sub_district": null, "sub_district_code": null, "sub_district_type": null, "village": "Lulumbung", "village_category": "Rural", "village_code": "12797899336" }, "geometry": { "type": "Point", "coordinates": [ 93.8133825, 24.3700452 ] } },
{ "type": "Feature", "properties": { "id": 1103, "state": "Manipur", "state_code": null, "district": "BISHNUPUR", "district_code": 275.0, "sub_district": null, "sub_district_code": null, "sub_district_type": null, "village": "Theikakpi", "village_category": "Rural", "village_code": "12797899337" }, "geometry": { "type": "Point", "coordinates": [ 93.8103315, 24.3677082 ] } },
{ "type": "Feature", "properties": { "id": 1104, "state": "Manipur", "state_code": null, "district": "BISHNUPUR", "district_code": 275.0, "sub_district": null, "sub_district_code": null, "sub_district_type": null, "village": "Chairen", "village_category": "Rural", "village_code": "12798011187" }, "geometry": { "type": "Point", "coordinates": [ 93.8449894, 24.3519288 ] } },
{ "type": "Feature", "properties": { "id": 1105, "state": "Manipur", "state_code": null, "district": "BISHNUPUR", "district_code": 275.0, "sub_district": null, "sub_district_code": null, "sub_district_type": null, "village": "Khodang", "village_category": "Rural", "village_code": "12798011188" }, "geometry": { "type": "Point", "coordinates": [ 93.8436434, 24.3366327 ] } },
{ "type": "Feature", "properties": { "id": 1106, "state": "Manipur", "state_code": null, "district": "CHURACHANDPUR", "district_code": 274.0, "sub_district": null, "sub_district_code": null, "sub_district_type": null, "village": "Khengmual", "village_category": "Rural", "village_code": "12798011189" }, "geometry": { "type": "Point", "coordinates": [ 93.841165, 24.3299608 ] } },
{ "type": "Feature", "properties": { "id": 1107, "state": "Manipur", "state_code": null, "district": "BISHNUPUR", "district_code": 275.0, "sub_district": null, "sub_district_code": null, "sub_district_type": null, "village": "G. Songgel", "village_category": "Rural", "village_code": "12798011190" }, "geometry": { "type": "Point", "coordinates": [ 93.8500537, 24.3115703 ] } },
{ "type": "Feature", "properties": { "id": 1108, "state": "Manipur", "state_code": null, "district": "BISHNUPUR", "district_code": 275.0, "sub_district": null, "sub_district_code": null, "sub_district_type": null, "village": "Leisen Tampak", "village_category": "Rural", "village_code": "12798011191" }, "geometry": { "type": "Point", "coordinates": [ 93.8494797, 24.3161802 ] } },
{ "type": "Feature", "properties": { "id": 1109, "state": "Manipur", "state_code": null, "district": "BISHNUPUR", "district_code": 275.0, "sub_district": null, "sub_district_code": null, "sub_district_type": null, "village": "Patjang", "village_category": "Rural", "village_code": "12798011192" }, "geometry": { "type": "Point", "coordinates": [ 93.842974, 24.3162645 ] } },
{ "type": "Feature", "properties": { "id": 1110, "state": "Manipur", "state_code": null, "district": "KAKCHING", "district_code": 651.0, "sub_district": null, "sub_district_code": null, "sub_district_type": null, "village": "Tangjeng Khunjao", "village_category": "Rural", "village_code": "12798011193" }, "geometry": { "type": "Point", "coordinates": [ 93.8560256, 24.3217445 ] } },
{ "type": "Feature", "properties": { "id": 1111, "state": "Manipur", "state_code": null, "district": "BISHNUPUR", "district_code": 275.0, "sub_district": null, "sub_district_code": null, "sub_district_type": null, "village": "L. Cancnphai", "village_category": "Rural", "village_code": "12798011195" }, "geometry": { "type": "Point", "coordinates": [ 93.846209, 24.3233586 ] } },
{ "type": "Feature", "properties": { "id": 1112, "state": "Manipur", "state_code": null, "district": "BISHNUPUR", "district_code": 275.0, "sub_district": null, "sub_district_code": null, "sub_district_type": null, "village": "Hengken", "village_category": "Rural", "village_code": "12801159209" }, "geometry": { "type": "Point", "coordinates": [ 93.8706667, 24.277532 ] } },
{ "type": "Feature", "properties": { "id": 1113, "state": "Manipur", "state_code": null, "district": "BISHNUPUR", "district_code": 275.0, "sub_district": null, "sub_district_code": null, "sub_district_type": null, "village": "Dongjang", "village_category": "Rural", "village_code": "12801159299" }, "geometry": { "type": "Point", "coordinates": [ 93.8672062, 24.2879598 ] } },
{ "type": "Feature", "properties": { "id": 1114, "state": "Manipur", "state_code": null, "district": "CHURACHANDPUR", "district_code": 274.0, "sub_district": null, "sub_district_code": null, "sub_district_type": null, "village": "Zalenkot", "village_category": "Rural", "village_code": "12801159317" }, "geometry": { "type": "Point", "coordinates": [ 93.8614127, 24.2470565 ] } },
{ "type": "Feature", "properties": { "id": 1115, "state": "Manipur", "state_code": null, "district": "CHURACHANDPUR", "district_code": 274.0, "sub_district": null, "sub_district_code": null, "sub_district_type": null, "village": "Walkhu", "village_category": "Rural", "village_code": "12801338980" }, "geometry": { "type": "Point", "coordinates": [ 93.8593702, 24.2134445 ] } },
{ "type": "Feature", "properties": { "id": 1116, "state": "Manipur", "state_code": null, "district": "TAMENGLONG", "district_code": 273.0, "sub_district": null, "sub_district_code": null, "sub_district_type": null, "village": "Chingkao", "village_category": "Rural", "village_code": "12842950026" }, "geometry": { "type": "Point", "coordinates": [ 93.3107686, 24.8795067 ] } },
{ "type": "Feature", "properties": { "id": 1117, "state": "Manipur", "state_code": null, "district": "TAMENGLONG", "district_code": 273.0, "sub_district": null, "sub_district_code": null, "sub_district_type": null, "village": "Nungkao", "village_category": "Rural", "village_code": "12846931566" }, "geometry": { "type": "Point", "coordinates": [ 93.2851696, 24.8010132 ] } },
{ "type": "Feature", "properties": { "id": 1118, "state": "Manipur", "state_code": null, "district": "TAMENGLONG", "district_code": 273.0, "sub_district": null, "sub_district_code": null, "sub_district_type": null, "village": "Nungkao", "village_category": "Rural", "village_code": "12846931567" }, "geometry": { "type": "Point", "coordinates": [ 93.2812214, 24.8031364 ] } },
{ "type": "Feature", "properties": { "id": 1119, "state": "Manipur", "state_code": null, "district": "TAMENGLONG", "district_code": 273.0, "sub_district": null, "sub_district_code": null, "sub_district_type": null, "village": "Āziurām", "village_category": "Rural", "village_code": "12847455282" }, "geometry": { "type": "Point", "coordinates": [ 93.415879, 25.0293352 ] } },
{ "type": "Feature", "properties": { "id": 1120, "state": "Manipur", "state_code": null, "district": "TAMENGLONG", "district_code": 273.0, "sub_district": null, "sub_district_code": null, "sub_district_type": null, "village": "Pabram", "village_category": "Rural", "village_code": "12847455466" }, "geometry": { "type": "Point", "coordinates": [ 93.3642411, 24.9464915 ] } },
{ "type": "Feature", "properties": { "id": 1121, "state": "Manipur", "state_code": null, "district": "TAMENGLONG", "district_code": 273.0, "sub_district": null, "sub_district_code": null, "sub_district_type": null, "village": "Joute", "village_category": "Rural", "village_code": "12847455467" }, "geometry": { "type": "Point", "coordinates": [ 93.3658504, 24.9513359 ] } },
{ "type": "Feature", "properties": { "id": 1122, "state": "Manipur", "state_code": null, "district": "TAMENGLONG", "district_code": 273.0, "sub_district": null, "sub_district_code": null, "sub_district_type": null, "village": "Saramba", "village_category": "Rural", "village_code": "12847455468" }, "geometry": { "type": "Point", "coordinates": [ 93.4124887, 25.0164732 ] } },
{ "type": "Feature", "properties": { "id": 1123, "state": "Manipur", "state_code": null, "district": "TAMENGLONG", "district_code": 273.0, "sub_district": null, "sub_district_code": null, "sub_district_type": null, "village": "Thilon", "village_category": "Rural", "village_code": "12847455469" }, "geometry": { "type": "Point", "coordinates": [ 93.4007943, 25.0001386 ] } },
{ "type": "Feature", "properties": { "id": 1124, "state": "Manipur", "state_code": null, "district": "TAMENGLONG", "district_code": 273.0, "sub_district": null, "sub_district_code": null, "sub_district_type": null, "village": "Vānchengphāi", "village_category": "Rural", "village_code": "12847456251" }, "geometry": { "type": "Point", "coordinates": [ 93.412435, 24.9651092 ] } },
{ "type": "Feature", "properties": { "id": 1125, "state": "Manipur", "state_code": null, "district": "TAMENGLONG", "district_code": 273.0, "sub_district": null, "sub_district_code": null, "sub_district_type": null, "village": "Taijijong", "village_category": "Rural", "village_code": "12847573256" }, "geometry": { "type": "Point", "coordinates": [ 93.3796906, 24.8941737 ] } },
{ "type": "Feature", "properties": { "id": 1126, "state": "Manipur", "state_code": null, "district": "TAMENGLONG", "district_code": 273.0, "sub_district": null, "sub_district_code": null, "sub_district_type": null, "village": "Tingjang", "village_category": "Rural", "village_code": "12856428314" }, "geometry": { "type": "Point", "coordinates": [ 93.462713, 24.851309 ] } },
{ "type": "Feature", "properties": { "id": 1127, "state": "Manipur", "state_code": null, "district": "NONEY", "district_code": 659.0, "sub_district": null, "sub_district_code": null, "sub_district_type": null, "village": "Kaikao", "village_category": "Rural", "village_code": "12856428315" }, "geometry": { "type": "Point", "coordinates": [ 93.4425616, 24.8446279 ] } },
{ "type": "Feature", "properties": { "id": 1128, "state": "Manipur", "state_code": null, "district": "TAMENGLONG", "district_code": 273.0, "sub_district": null, "sub_district_code": null, "sub_district_type": null, "village": "Longdi Pabram", "village_category": "Rural", "village_code": "12859744299" }, "geometry": { "type": "Point", "coordinates": [ 93.5006475, 25.073841 ] } },
{ "type": "Feature", "properties": { "id": 1129, "state": "Manipur", "state_code": null, "district": "TAMENGLONG", "district_code": 273.0, "sub_district": null, "sub_district_code": null, "sub_district_type": null, "village": "Dailong", "village_category": "Rural", "village_code": "12859745880" }, "geometry": { "type": "Point", "coordinates": [ 93.5226202, 25.0112425 ] } },
{ "type": "Feature", "properties": { "id": 1130, "state": "Manipur", "state_code": null, "district": "TAMENGLONG", "district_code": 273.0, "sub_district": null, "sub_district_code": null, "sub_district_type": null, "village": "Sonpram", "village_category": "Rural", "village_code": "12859746429" }, "geometry": { "type": "Point", "coordinates": [ 93.5917139, 25.0198371 ] } },
{ "type": "Feature", "properties": { "id": 1131, "state": "Manipur", "state_code": null, "district": "TAMENGLONG", "district_code": 273.0, "sub_district": null, "sub_district_code": null, "sub_district_type": null, "village": "Khochal", "village_category": "Rural", "village_code": "12859746626" }, "geometry": { "type": "Point", "coordinates": [ 93.5830396, 25.0260882 ] } },
{ "type": "Feature", "properties": { "id": 1132, "state": "Manipur", "state_code": null, "district": "TAMENGLONG", "district_code": 273.0, "sub_district": null, "sub_district_code": null, "sub_district_type": null, "village": "Lāngparan", "village_category": "Rural", "village_code": "12859747670" }, "geometry": { "type": "Point", "coordinates": [ 93.5425115, 25.1501794 ] } },
{ "type": "Feature", "properties": { "id": 1133, "state": "Manipur", "state_code": null, "district": "TAMENGLONG", "district_code": 273.0, "sub_district": null, "sub_district_code": null, "sub_district_type": null, "village": "Taipram", "village_category": "Rural", "village_code": "12859748605" }, "geometry": { "type": "Point", "coordinates": [ 93.4971392, 25.1129002 ] } },
{ "type": "Feature", "properties": { "id": 1134, "state": "Manipur", "state_code": null, "district": "TAMENGLONG", "district_code": 273.0, "sub_district": null, "sub_district_code": null, "sub_district_type": null, "village": "Thenjāng", "village_category": "Rural", "village_code": "12861486041" }, "geometry": { "type": "Point", "coordinates": [ 93.7536228, 25.162503 ] } },
{ "type": "Feature", "properties": { "id": 1135, "state": "Manipur", "state_code": null, "district": "TAMENGLONG", "district_code": 273.0, "sub_district": null, "sub_district_code": null, "sub_district_type": null, "village": "Punglām", "village_category": "Rural", "village_code": "12861551206" }, "geometry": { "type": "Point", "coordinates": [ 93.5264611, 24.8964412 ] } },
{ "type": "Feature", "properties": { "id": 1136, "state": "Manipur", "state_code": null, "district": "PHERZAWL", "district_code": 718.0, "sub_district": null, "sub_district_code": null, "sub_district_type": null, "village": "Parvachawm", "village_category": "Rural", "village_code": "12873111837" }, "geometry": { "type": "Point", "coordinates": [ 93.128616, 24.1054349 ] } },
{ "type": "Feature", "properties": { "id": 1137, "state": "Manipur", "state_code": null, "district": "UKHRUL", "district_code": 279.0, "sub_district": null, "sub_district_code": null, "sub_district_type": null, "village": "Unnamed Village", "village_category": "Rural", "village_code": "12883065260" }, "geometry": { "type": "Point", "coordinates": [ 94.5412018, 25.3671151 ] } },
{ "type": "Feature", "properties": { "id": 1138, "state": "Manipur", "state_code": null, "district": "UKHRUL", "district_code": 279.0, "sub_district": null, "sub_district_code": null, "sub_district_type": null, "village": "Unnamed Village", "village_category": "Rural", "village_code": "12883065261" }, "geometry": { "type": "Point", "coordinates": [ 94.5545519, 25.3577751 ] } },
{ "type": "Feature", "properties": { "id": 1139, "state": "Manipur", "state_code": null, "district": "UKHRUL", "district_code": 279.0, "sub_district": null, "sub_district_code": null, "sub_district_type": null, "village": "Wahong", "village_category": "Rural", "village_code": "12883065262" }, "geometry": { "type": "Point", "coordinates": [ 94.5521111, 25.4874347 ] } },
{ "type": "Feature", "properties": { "id": 1140, "state": "Manipur", "state_code": null, "district": "TAMENGLONG", "district_code": 273.0, "sub_district": null, "sub_district_code": null, "sub_district_type": null, "village": "Kadi", "village_category": "Rural", "village_code": "12944253040" }, "geometry": { "type": "Point", "coordinates": [ 93.7635469, 25.3009671 ] } },
{ "type": "Feature", "properties": { "id": 1141, "state": "Manipur", "state_code": null, "district": "TAMENGLONG", "district_code": 273.0, "sub_district": null, "sub_district_code": null, "sub_district_type": null, "village": "New Takou", "village_category": "Rural", "village_code": "12944253307" }, "geometry": { "type": "Point", "coordinates": [ 93.703326, 25.2306047 ] } },
{ "type": "Feature", "properties": { "id": 1142, "state": "Manipur", "state_code": null, "district": "TAMENGLONG", "district_code": 273.0, "sub_district": null, "sub_district_code": null, "sub_district_type": null, "village": "Chaton", "village_category": "Rural", "village_code": "12944253716" }, "geometry": { "type": "Point", "coordinates": [ 93.7197411, 25.2793834 ] } },
{ "type": "Feature", "properties": { "id": 1143, "state": "Manipur", "state_code": null, "district": "TAMENGLONG", "district_code": 273.0, "sub_district": null, "sub_district_code": null, "sub_district_type": null, "village": "Chaton", "village_category": "Rural", "village_code": "12944253717" }, "geometry": { "type": "Point", "coordinates": [ 93.7143123, 25.2969611 ] } },
{ "type": "Feature", "properties": { "id": 1144, "state": "Manipur", "state_code": null, "district": "TAMENGLONG", "district_code": 273.0, "sub_district": null, "sub_district_code": null, "sub_district_type": null, "village": "Makuilong", "village_category": "Rural", "village_code": "12944317351" }, "geometry": { "type": "Point", "coordinates": [ 93.7503075, 25.3789735 ] } },
{ "type": "Feature", "properties": { "id": 1145, "state": "Manipur", "state_code": null, "district": "TAMENGLONG", "district_code": 273.0, "sub_district": null, "sub_district_code": null, "sub_district_type": null, "village": "Kuilong", "village_category": "Rural", "village_code": "12944317369" }, "geometry": { "type": "Point", "coordinates": [ 93.7805736, 25.355404 ] } },
{ "type": "Feature", "properties": { "id": 1146, "state": "Manipur", "state_code": null, "district": "TAMENGLONG", "district_code": 273.0, "sub_district": null, "sub_district_code": null, "sub_district_type": null, "village": "New Kuiong", "village_category": "Rural", "village_code": "12944317379" }, "geometry": { "type": "Point", "coordinates": [ 93.7883734, 25.3390615 ] } },
{ "type": "Feature", "properties": { "id": 1147, "state": "Manipur", "state_code": null, "district": "KANGPOKPI", "district_code": 679.0, "sub_district": null, "sub_district_code": null, "sub_district_type": null, "village": "Thonglang Atongba", "village_category": "Rural", "village_code": "12944388468" }, "geometry": { "type": "Point", "coordinates": [ 93.9103543, 25.2393414 ] } },
{ "type": "Feature", "properties": { "id": 1148, "state": "Manipur", "state_code": null, "district": "KANGPOKPI", "district_code": 679.0, "sub_district": null, "sub_district_code": null, "sub_district_type": null, "village": "Thonglang Akutpa", "village_category": "Rural", "village_code": "12944388469" }, "geometry": { "type": "Point", "coordinates": [ 93.9201102, 25.2486117 ] } },
{ "type": "Feature", "properties": { "id": 1149, "state": "Manipur", "state_code": null, "district": "KANGPOKPI", "district_code": 679.0, "sub_district": null, "sub_district_code": null, "sub_district_type": null, "village": "Wakothpa", "village_category": "Rural", "village_code": "12944388470" }, "geometry": { "type": "Point", "coordinates": [ 93.7875921, 25.1612876 ] } },
{ "type": "Feature", "properties": { "id": 1150, "state": "Manipur", "state_code": null, "district": "TAMENGLONG", "district_code": 273.0, "sub_district": null, "sub_district_code": null, "sub_district_type": null, "village": "Chālva", "village_category": "Rural", "village_code": "12944388471" }, "geometry": { "type": "Point", "coordinates": [ 93.7887805, 25.1722295 ] } },
{ "type": "Feature", "properties": { "id": 1151, "state": "Manipur", "state_code": null, "district": "KANGPOKPI", "district_code": 679.0, "sub_district": null, "sub_district_code": null, "sub_district_type": null, "village": "Nāga Tapon", "village_category": "Rural", "village_code": "12944388472" }, "geometry": { "type": "Point", "coordinates": [ 93.8396957, 25.2028511 ] } },
{ "type": "Feature", "properties": { "id": 1152, "state": "Manipur", "state_code": null, "district": "TAMENGLONG", "district_code": 273.0, "sub_district": null, "sub_district_code": null, "sub_district_type": null, "village": "Gelnei", "village_category": "Rural", "village_code": "12944388473" }, "geometry": { "type": "Point", "coordinates": [ 93.8147191, 25.2153459 ] } },
{ "type": "Feature", "properties": { "id": 1153, "state": "Manipur", "state_code": null, "district": "TAMENGLONG", "district_code": 273.0, "sub_district": null, "sub_district_code": null, "sub_district_type": null, "village": "Tuyāng Waichong", "village_category": "Rural", "village_code": "12944388474" }, "geometry": { "type": "Point", "coordinates": [ 93.8468178, 25.2336932 ] } },
{ "type": "Feature", "properties": { "id": 1154, "state": "Manipur", "state_code": null, "district": "TAMENGLONG", "district_code": 273.0, "sub_district": null, "sub_district_code": null, "sub_district_type": null, "village": "Selsi", "village_category": "Rural", "village_code": "12944388475" }, "geometry": { "type": "Point", "coordinates": [ 93.8748623, 25.254509 ] } },
{ "type": "Feature", "properties": { "id": 1155, "state": "Manipur", "state_code": null, "district": "TAMENGLONG", "district_code": 273.0, "sub_district": null, "sub_district_code": null, "sub_district_type": null, "village": "Shongyāngjāng", "village_category": "Rural", "village_code": "12944388476" }, "geometry": { "type": "Point", "coordinates": [ 93.9043962, 25.2775512 ] } },
{ "type": "Feature", "properties": { "id": 1156, "state": "Manipur", "state_code": null, "district": "TAMENGLONG", "district_code": 273.0, "sub_district": null, "sub_district_code": null, "sub_district_type": null, "village": "Maokot", "village_category": "Rural", "village_code": "12944388477" }, "geometry": { "type": "Point", "coordinates": [ 93.8949659, 25.271771 ] } },
{ "type": "Feature", "properties": { "id": 1157, "state": "Manipur", "state_code": null, "district": "TAMENGLONG", "district_code": 273.0, "sub_district": null, "sub_district_code": null, "sub_district_type": null, "village": "Kotlen", "village_category": "Rural", "village_code": "12944388478" }, "geometry": { "type": "Point", "coordinates": [ 93.8855158, 25.2703705 ] } },
{ "type": "Feature", "properties": { "id": 1158, "state": "Manipur", "state_code": null, "district": "TAMENGLONG", "district_code": 273.0, "sub_district": null, "sub_district_code": null, "sub_district_type": null, "village": "Geljāng", "village_category": "Rural", "village_code": "12944388479" }, "geometry": { "type": "Point", "coordinates": [ 93.8976884, 25.2765343 ] } },
{ "type": "Feature", "properties": { "id": 1159, "state": "Manipur", "state_code": null, "district": "TAMENGLONG", "district_code": 273.0, "sub_district": null, "sub_district_code": null, "sub_district_type": null, "village": "Khomunnou", "village_category": "Rural", "village_code": "12944388480" }, "geometry": { "type": "Point", "coordinates": [ 93.8948179, 25.2824838 ] } },
{ "type": "Feature", "properties": { "id": 1160, "state": "Manipur", "state_code": null, "district": "CHANDEL", "district_code": 280.0, "sub_district": null, "sub_district_code": null, "sub_district_type": null, "village": "Shalluk", "village_category": "Rural", "village_code": "12954505164" }, "geometry": { "type": "Point", "coordinates": [ 93.8889172, 24.2035126 ] } },
{ "type": "Feature", "properties": { "id": 1161, "state": "Manipur", "state_code": null, "district": "KAKCHING", "district_code": 651.0, "sub_district": null, "sub_district_code": null, "sub_district_type": null, "village": "Teijang", "village_category": "Rural", "village_code": "12954505165" }, "geometry": { "type": "Point", "coordinates": [ 93.8707241, 24.209098 ] } },
{ "type": "Feature", "properties": { "id": 1162, "state": "Manipur", "state_code": null, "district": "KAKCHING", "district_code": 651.0, "sub_district": null, "sub_district_code": null, "sub_district_type": null, "village": "Y. Thingkangphai", "village_category": "Rural", "village_code": "12956742306" }, "geometry": { "type": "Point", "coordinates": [ 93.8747567, 24.2521888 ] } },
{ "type": "Feature", "properties": { "id": 1163, "state": "Manipur", "state_code": null, "district": "KAKCHING", "district_code": 651.0, "sub_district": null, "sub_district_code": null, "sub_district_type": null, "village": "L. Thingkangphai", "village_category": "Rural", "village_code": "12956742307" }, "geometry": { "type": "Point", "coordinates": [ 93.8783005, 24.2504464 ] } },
{ "type": "Feature", "properties": { "id": 1164, "state": "Manipur", "state_code": null, "district": "KAKCHING", "district_code": 651.0, "sub_district": null, "sub_district_code": null, "sub_district_type": null, "village": "U. Thingkangphai", "village_category": "Rural", "village_code": "12956742312" }, "geometry": { "type": "Point", "coordinates": [ 93.8725814, 24.2410567 ] } },
{ "type": "Feature", "properties": { "id": 1165, "state": "Manipur", "state_code": null, "district": "KAKCHING", "district_code": 651.0, "sub_district": null, "sub_district_code": null, "sub_district_type": null, "village": "K. Phailen", "village_category": "Rural", "village_code": "12956742314" }, "geometry": { "type": "Point", "coordinates": [ 93.8731044, 24.2356484 ] } },
{ "type": "Feature", "properties": { "id": 1166, "state": "Manipur", "state_code": null, "district": "KAKCHING", "district_code": 651.0, "sub_district": null, "sub_district_code": null, "sub_district_type": null, "village": "V. Haipijang", "village_category": "Rural", "village_code": "12956742315" }, "geometry": { "type": "Point", "coordinates": [ 93.8766236, 24.2547977 ] } },
{ "type": "Feature", "properties": { "id": 1167, "state": "Manipur", "state_code": null, "district": "KAKCHING", "district_code": 651.0, "sub_district": null, "sub_district_code": null, "sub_district_type": null, "village": "Singtom", "village_category": "Rural", "village_code": "12956742316" }, "geometry": { "type": "Point", "coordinates": [ 93.8878536, 24.2660019 ] } },
{ "type": "Feature", "properties": { "id": 1168, "state": "Manipur", "state_code": null, "district": "CHANDEL", "district_code": 280.0, "sub_district": null, "sub_district_code": null, "sub_district_type": null, "village": "Julbalching", "village_category": "Rural", "village_code": "12956811935" }, "geometry": { "type": "Point", "coordinates": [ 93.8971483, 24.3107134 ] } },
{ "type": "Feature", "properties": { "id": 1169, "state": "Manipur", "state_code": null, "district": "KAKCHING", "district_code": 651.0, "sub_district": null, "sub_district_code": null, "sub_district_type": null, "village": "Tokpa Ching", "village_category": "Rural", "village_code": "12956811936" }, "geometry": { "type": "Point", "coordinates": [ 93.8980871, 24.3046757 ] } },
{ "type": "Feature", "properties": { "id": 1170, "state": "Manipur", "state_code": null, "district": "CHANDEL", "district_code": 280.0, "sub_district": null, "sub_district_code": null, "sub_district_type": null, "village": "Uchatampak", "village_category": "Rural", "village_code": "12956811937" }, "geometry": { "type": "Point", "coordinates": [ 93.8844374, 24.2960014 ] } },
{ "type": "Feature", "properties": { "id": 1171, "state": "Manipur", "state_code": null, "district": "CHANDEL", "district_code": 280.0, "sub_district": null, "sub_district_code": null, "sub_district_type": null, "village": "Thungcheng", "village_category": "Rural", "village_code": "12956811938" }, "geometry": { "type": "Point", "coordinates": [ 93.8985449, 24.2918786 ] } },
{ "type": "Feature", "properties": { "id": 1172, "state": "Manipur", "state_code": null, "district": "KAKCHING", "district_code": 651.0, "sub_district": null, "sub_district_code": null, "sub_district_type": null, "village": "Sugnu Tribal", "village_category": "Rural", "village_code": "12956811939" }, "geometry": { "type": "Point", "coordinates": [ 93.8787138, 24.2945074 ] } },
{ "type": "Feature", "properties": { "id": 1173, "state": "Manipur", "state_code": null, "district": "KAKCHING", "district_code": 651.0, "sub_district": null, "sub_district_code": null, "sub_district_type": null, "village": "Sugnu Zouveng", "village_category": "Rural", "village_code": "12956811940" }, "geometry": { "type": "Point", "coordinates": [ 93.8787808, 24.2965778 ] } },
{ "type": "Feature", "properties": { "id": 1174, "state": "Manipur", "state_code": null, "district": "CHANDEL", "district_code": 280.0, "sub_district": null, "sub_district_code": null, "sub_district_type": null, "village": "Sokom", "village_category": "Rural", "village_code": "12956811941" }, "geometry": { "type": "Point", "coordinates": [ 93.8839888, 24.2889118 ] } },
{ "type": "Feature", "properties": { "id": 1175, "state": "Manipur", "state_code": null, "district": "KAKCHING", "district_code": 651.0, "sub_district": null, "sub_district_code": null, "sub_district_type": null, "village": "Kotsophai", "village_category": "Rural", "village_code": "12956811942" }, "geometry": { "type": "Point", "coordinates": [ 93.8856517, 24.2730686 ] } },
{ "type": "Feature", "properties": { "id": 1176, "state": "Manipur", "state_code": null, "district": "KAKCHING", "district_code": 651.0, "sub_district": null, "sub_district_code": null, "sub_district_type": null, "village": "Utangpokpi", "village_category": "Rural", "village_code": "12956811943" }, "geometry": { "type": "Point", "coordinates": [ 93.8840189, 24.2775482 ] } },
{ "type": "Feature", "properties": { "id": 1177, "state": "Manipur", "state_code": null, "district": "TAMENGLONG", "district_code": 273.0, "sub_district": null, "sub_district_code": null, "sub_district_type": null, "village": "Nāgājeng", "village_category": "Rural", "village_code": "12961199034" }, "geometry": { "type": "Point", "coordinates": [ 93.6288786, 24.9372594 ] } },
{ "type": "Feature", "properties": { "id": 1178, "state": "Manipur", "state_code": null, "district": "TAMENGLONG", "district_code": 273.0, "sub_district": null, "sub_district_code": null, "sub_district_type": null, "village": "Ejeirong", "village_category": "Rural", "village_code": "12961215139" }, "geometry": { "type": "Point", "coordinates": [ 93.6965346, 24.8951177 ] } },
{ "type": "Feature", "properties": { "id": 1179, "state": "Manipur", "state_code": null, "district": "TAMENGLONG", "district_code": 273.0, "sub_district": null, "sub_district_code": null, "sub_district_type": null, "village": "Chingchen", "village_category": "Rural", "village_code": "12961215140" }, "geometry": { "type": "Point", "coordinates": [ 93.7025428, 24.8807817 ] } },
{ "type": "Feature", "properties": { "id": 1180, "state": "Manipur", "state_code": null, "district": "TAMENGLONG", "district_code": 273.0, "sub_district": null, "sub_district_code": null, "sub_district_type": null, "village": "Phuanchongjāng", "village_category": "Rural", "village_code": "12961215141" }, "geometry": { "type": "Point", "coordinates": [ 93.6526537, 24.9305562 ] } },
{ "type": "Feature", "properties": { "id": 1181, "state": "Manipur", "state_code": null, "district": "TAMENGLONG", "district_code": 273.0, "sub_district": null, "sub_district_code": null, "sub_district_type": null, "village": "Oktān", "village_category": "Rural", "village_code": "12961215142" }, "geometry": { "type": "Point", "coordinates": [ 93.7010112, 24.9238599 ] } },
{ "type": "Feature", "properties": { "id": 1182, "state": "Manipur", "state_code": null, "district": "TAMENGLONG", "district_code": 273.0, "sub_district": null, "sub_district_code": null, "sub_district_type": null, "village": "Kajinglong", "village_category": "Rural", "village_code": "12961215143" }, "geometry": { "type": "Point", "coordinates": [ 93.6773515, 25.0428762 ] } },
{ "type": "Feature", "properties": { "id": 1183, "state": "Manipur", "state_code": null, "district": "TAMENGLONG", "district_code": 273.0, "sub_district": null, "sub_district_code": null, "sub_district_type": null, "village": "Unnamed Hamlet", "village_category": "Rural", "village_code": "12961215145" }, "geometry": { "type": "Point", "coordinates": [ 93.6724377, 25.0103577 ] } },
{ "type": "Feature", "properties": { "id": 1184, "state": "Manipur", "state_code": null, "district": "TAMENGLONG", "district_code": 273.0, "sub_district": null, "sub_district_code": null, "sub_district_type": null, "village": "Thingra", "village_category": "Rural", "village_code": "12961215146" }, "geometry": { "type": "Point", "coordinates": [ 93.6753988, 25.0023945 ] } },
{ "type": "Feature", "properties": { "id": 1185, "state": "Manipur", "state_code": null, "district": "TAMENGLONG", "district_code": 273.0, "sub_district": null, "sub_district_code": null, "sub_district_type": null, "village": "Unnamed Hamlet", "village_category": "Rural", "village_code": "12961215147" }, "geometry": { "type": "Point", "coordinates": [ 93.6726737, 24.9962297 ] } },
{ "type": "Feature", "properties": { "id": 1186, "state": "Manipur", "state_code": null, "district": "TAMENGLONG", "district_code": 273.0, "sub_district": null, "sub_district_code": null, "sub_district_type": null, "village": "Langkhong Khunou", "village_category": "Rural", "village_code": "12961220273" }, "geometry": { "type": "Point", "coordinates": [ 93.5975691, 24.8820276 ] } },
{ "type": "Feature", "properties": { "id": 1187, "state": "Manipur", "state_code": null, "district": "TAMENGLONG", "district_code": 273.0, "sub_district": null, "sub_district_code": null, "sub_district_type": null, "village": "Kabui Khullen", "village_category": "Rural", "village_code": "12961228249" }, "geometry": { "type": "Point", "coordinates": [ 93.6451489, 24.9843538 ] } },
{ "type": "Feature", "properties": { "id": 1188, "state": "Manipur", "state_code": null, "district": "TAMENGLONG", "district_code": 273.0, "sub_district": null, "sub_district_code": null, "sub_district_type": null, "village": "Bhalok", "village_category": "Rural", "village_code": "12961286924" }, "geometry": { "type": "Point", "coordinates": [ 93.5656643, 24.9727539 ] } },
{ "type": "Feature", "properties": { "id": 1189, "state": "Manipur", "state_code": null, "district": "CHURACHANDPUR", "district_code": 274.0, "sub_district": null, "sub_district_code": null, "sub_district_type": null, "village": "Mongjang", "village_category": "Rural", "village_code": "12964496467" }, "geometry": { "type": "Point", "coordinates": [ 93.595353, 24.1429229 ] } },
{ "type": "Feature", "properties": { "id": 1190, "state": "Manipur", "state_code": null, "district": "CHURACHANDPUR", "district_code": 274.0, "sub_district": null, "sub_district_code": null, "sub_district_type": null, "village": "N. Zalenphai", "village_category": "Rural", "village_code": "12964496468" }, "geometry": { "type": "Point", "coordinates": [ 93.5948501, 24.140359 ] } },
{ "type": "Feature", "properties": { "id": 1191, "state": "Manipur", "state_code": null, "district": "TAMENGLONG", "district_code": 273.0, "sub_district": null, "sub_district_code": null, "sub_district_type": null, "village": "Dulen", "village_category": "Rural", "village_code": "12971851081" }, "geometry": { "type": "Point", "coordinates": [ 93.6683822, 25.1859812 ] } },
{ "type": "Feature", "properties": { "id": 1192, "state": "Manipur", "state_code": null, "district": "TAMENGLONG", "district_code": 273.0, "sub_district": null, "sub_district_code": null, "sub_district_type": null, "village": "Middle Katang", "village_category": "Rural", "village_code": "12971851083" }, "geometry": { "type": "Point", "coordinates": [ 93.5881519, 25.1955053 ] } },
{ "type": "Feature", "properties": { "id": 1193, "state": "Manipur", "state_code": null, "district": "TAMENGLONG", "district_code": 273.0, "sub_district": null, "sub_district_code": null, "sub_district_type": null, "village": "Jampi", "village_category": "Rural", "village_code": "12971851084" }, "geometry": { "type": "Point", "coordinates": [ 93.6088049, 25.2017414 ] } },
{ "type": "Feature", "properties": { "id": 1194, "state": "Manipur", "state_code": null, "district": "TAMENGLONG", "district_code": 273.0, "sub_district": null, "sub_district_code": null, "sub_district_type": null, "village": "Lower Katang", "village_category": "Rural", "village_code": "12971851085" }, "geometry": { "type": "Point", "coordinates": [ 93.5994172, 25.1991166 ] } },
{ "type": "Feature", "properties": { "id": 1195, "state": "Manipur", "state_code": null, "district": "TAMENGLONG", "district_code": 273.0, "sub_district": null, "sub_district_code": null, "sub_district_type": null, "village": "Khunophung", "village_category": "Rural", "village_code": "12971851090" }, "geometry": { "type": "Point", "coordinates": [ 93.6424559, 25.212634 ] } },
{ "type": "Feature", "properties": { "id": 1196, "state": "Manipur", "state_code": null, "district": "TAMENGLONG", "district_code": 273.0, "sub_district": null, "sub_district_code": null, "sub_district_type": null, "village": "New Khunophung", "village_category": "Rural", "village_code": "12971856169" }, "geometry": { "type": "Point", "coordinates": [ 93.614856, 25.2141725 ] } },
{ "type": "Feature", "properties": { "id": 1197, "state": "Manipur", "state_code": null, "district": "IMPHAL EAST", "district_code": 278.0, "sub_district": null, "sub_district_code": null, "sub_district_type": null, "village": "Ekouphai", "village_category": "Rural", "village_code": "12975952495" }, "geometry": { "type": "Point", "coordinates": [ 94.0153686, 25.039283 ] } },
{ "type": "Feature", "properties": { "id": 1198, "state": "Manipur", "state_code": null, "district": "IMPHAL EAST", "district_code": 278.0, "sub_district": null, "sub_district_code": null, "sub_district_type": null, "village": "E. Mullam", "village_category": "Rural", "village_code": "12975952496" }, "geometry": { "type": "Point", "coordinates": [ 94.0166326, 25.0435341 ] } },
{ "type": "Feature", "properties": { "id": 1199, "state": "Manipur", "state_code": null, "district": "IMPHAL EAST", "district_code": 278.0, "sub_district": null, "sub_district_code": null, "sub_district_type": null, "village": "Songpehjang", "village_category": "Rural", "village_code": "12976078934" }, "geometry": { "type": "Point", "coordinates": [ 94.0282489, 25.0488272 ] } },
{ "type": "Feature", "properties": { "id": 1200, "state": "Manipur", "state_code": null, "district": "KANGPOKPI", "district_code": 679.0, "sub_district": null, "sub_district_code": null, "sub_district_type": null, "village": "Thangkanphai", "village_category": "Rural", "village_code": "12976078948" }, "geometry": { "type": "Point", "coordinates": [ 94.024514, 25.0580918 ] } },
{ "type": "Feature", "properties": { "id": 1201, "state": "Manipur", "state_code": null, "district": "KANGPOKPI", "district_code": 679.0, "sub_district": null, "sub_district_code": null, "sub_district_type": null, "village": "Makokching", "village_category": "Rural", "village_code": "12976078949" }, "geometry": { "type": "Point", "coordinates": [ 94.0305842, 25.0538565 ] } },
{ "type": "Feature", "properties": { "id": 1202, "state": "Manipur", "state_code": null, "district": "IMPHAL EAST", "district_code": 278.0, "sub_district": null, "sub_district_code": null, "sub_district_type": null, "village": "Maibung Likli", "village_category": "Rural", "village_code": "12976078950" }, "geometry": { "type": "Point", "coordinates": [ 94.0024646, 25.0007184 ] } },
{ "type": "Feature", "properties": { "id": 1203, "state": "Manipur", "state_code": null, "district": "IMPHAL EAST", "district_code": 278.0, "sub_district": null, "sub_district_code": null, "sub_district_type": null, "village": "Khokon", "village_category": "Rural", "village_code": "12976078951" }, "geometry": { "type": "Point", "coordinates": [ 93.9966174, 24.9927424 ] } },
{ "type": "Feature", "properties": { "id": 1204, "state": "Manipur", "state_code": null, "district": "IMPHAL EAST", "district_code": 278.0, "sub_district": null, "sub_district_code": null, "sub_district_type": null, "village": "Pukhao Santipur", "village_category": "Rural", "village_code": "12978049571" }, "geometry": { "type": "Point", "coordinates": [ 94.0401652, 24.9806854 ] } },
{ "type": "Feature", "properties": { "id": 1205, "state": "Manipur", "state_code": null, "district": "KANGPOKPI", "district_code": 679.0, "sub_district": null, "sub_district_code": null, "sub_district_type": null, "village": "Changsang", "village_category": "Rural", "village_code": "12978049572" }, "geometry": { "type": "Point", "coordinates": [ 94.0494596, 24.9914114 ] } },
{ "type": "Feature", "properties": { "id": 1206, "state": "Manipur", "state_code": null, "district": "IMPHAL EAST", "district_code": 278.0, "sub_district": null, "sub_district_code": null, "sub_district_type": null, "village": "Pukhao Laipham", "village_category": "Rural", "village_code": "12978049573" }, "geometry": { "type": "Point", "coordinates": [ 94.0239204, 24.9704122 ] } },
{ "type": "Feature", "properties": { "id": 1207, "state": "Manipur", "state_code": null, "district": "IMPHAL EAST", "district_code": 278.0, "sub_district": null, "sub_district_code": null, "sub_district_type": null, "village": "Pukhao Khabam", "village_category": "Rural", "village_code": "12978049574" }, "geometry": { "type": "Point", "coordinates": [ 94.0238053, 24.9787063 ] } },
{ "type": "Feature", "properties": { "id": 1208, "state": "Manipur", "state_code": null, "district": "IMPHAL EAST", "district_code": 278.0, "sub_district": null, "sub_district_code": null, "sub_district_type": null, "village": "Pukhao Ahallup", "village_category": "Rural", "village_code": "12978049575" }, "geometry": { "type": "Point", "coordinates": [ 94.0211961, 24.9850179 ] } },
{ "type": "Feature", "properties": { "id": 1209, "state": "Manipur", "state_code": null, "district": "IMPHAL EAST", "district_code": 278.0, "sub_district": null, "sub_district_code": null, "sub_district_type": null, "village": "A. Longa Koireng", "village_category": "Rural", "village_code": "12978049576" }, "geometry": { "type": "Point", "coordinates": [ 94.027142, 25.0154287 ] } },
{ "type": "Feature", "properties": { "id": 1210, "state": "Manipur", "state_code": null, "district": "KANGPOKPI", "district_code": 679.0, "sub_district": null, "sub_district_code": null, "sub_district_type": null, "village": "Maojang", "village_category": "Rural", "village_code": "12978318378" }, "geometry": { "type": "Point", "coordinates": [ 94.0611917, 25.0501576 ] } },
{ "type": "Feature", "properties": { "id": 1211, "state": "Manipur", "state_code": null, "district": "KANGPOKPI", "district_code": 679.0, "sub_district": null, "sub_district_code": null, "sub_district_type": null, "village": "Zalenphai", "village_category": "Rural", "village_code": "12978318379" }, "geometry": { "type": "Point", "coordinates": [ 94.0637603, 25.0600372 ] } },
{ "type": "Feature", "properties": { "id": 1212, "state": "Manipur", "state_code": null, "district": "KANGPOKPI", "district_code": 679.0, "sub_district": null, "sub_district_code": null, "sub_district_type": null, "village": "Ng. Phainom", "village_category": "Rural", "village_code": "12978318380" }, "geometry": { "type": "Point", "coordinates": [ 94.0606506, 25.0602725 ] } },
{ "type": "Feature", "properties": { "id": 1213, "state": "Manipur", "state_code": null, "district": "KANGPOKPI", "district_code": 679.0, "sub_district": null, "sub_district_code": null, "sub_district_type": null, "village": "Songphel Khullen", "village_category": "Rural", "village_code": "12988719174" }, "geometry": { "type": "Point", "coordinates": [ 94.0533306, 25.0627979 ] } },
{ "type": "Feature", "properties": { "id": 1214, "state": "Manipur", "state_code": null, "district": "KANGPOKPI", "district_code": 679.0, "sub_district": null, "sub_district_code": null, "sub_district_type": null, "village": "Naphai", "village_category": "Rural", "village_code": "12988748729" }, "geometry": { "type": "Point", "coordinates": [ 94.0780347, 25.0831939 ] } },
{ "type": "Feature", "properties": { "id": 1215, "state": "Manipur", "state_code": null, "district": "KANGPOKPI", "district_code": 679.0, "sub_district": null, "sub_district_code": null, "sub_district_type": null, "village": "T. Gamnom", "village_category": "Rural", "village_code": "12988748730" }, "geometry": { "type": "Point", "coordinates": [ 94.0837092, 25.0857036 ] } },
{ "type": "Feature", "properties": { "id": 1216, "state": "Manipur", "state_code": null, "district": "KANGPOKPI", "district_code": 679.0, "sub_district": null, "sub_district_code": null, "sub_district_type": null, "village": "Waichei", "village_category": "Rural", "village_code": "12988748731" }, "geometry": { "type": "Point", "coordinates": [ 94.081939, 25.0808087 ] } },
{ "type": "Feature", "properties": { "id": 1217, "state": "Manipur", "state_code": null, "district": "KANGPOKPI", "district_code": 679.0, "sub_district": null, "sub_district_code": null, "sub_district_type": null, "village": "Molkon Bazar", "village_category": "Rural", "village_code": "12988748732" }, "geometry": { "type": "Point", "coordinates": [ 94.0768763, 25.0883454 ] } },
{ "type": "Feature", "properties": { "id": 1218, "state": "Manipur", "state_code": null, "district": "KAKCHING", "district_code": 651.0, "sub_district": null, "sub_district_code": null, "sub_district_type": null, "village": "Serou", "village_category": "Rural", "village_code": "13002620846" }, "geometry": { "type": "Point", "coordinates": [ 93.875587, 24.2684881 ] } },
{ "type": "Feature", "properties": { "id": 1219, "state": "Manipur", "state_code": null, "district": "IMPHAL EAST", "district_code": 278.0, "sub_district": null, "sub_district_code": null, "sub_district_type": null, "village": "Ikou", "village_category": "Rural", "village_code": "13004671760" }, "geometry": { "type": "Point", "coordinates": [ 94.0168809, 25.0392302 ] } },
{ "type": "Feature", "properties": { "id": 1220, "state": "Manipur", "state_code": null, "district": "KANGPOKPI", "district_code": 679.0, "sub_district": null, "sub_district_code": null, "sub_district_type": null, "village": "Denglen", "village_category": "Rural", "village_code": "13004689069" }, "geometry": { "type": "Point", "coordinates": [ 94.0802216, 25.1013906 ] } },
{ "type": "Feature", "properties": { "id": 1221, "state": "Manipur", "state_code": null, "district": "KANGPOKPI", "district_code": 679.0, "sub_district": null, "sub_district_code": null, "sub_district_type": null, "village": "S. Khonomphai", "village_category": "Rural", "village_code": "13004689070" }, "geometry": { "type": "Point", "coordinates": [ 94.0935253, 25.0905557 ] } },
{ "type": "Feature", "properties": { "id": 1222, "state": "Manipur", "state_code": null, "district": "KANGPOKPI", "district_code": 679.0, "sub_district": null, "sub_district_code": null, "sub_district_type": null, "village": "Saijang", "village_category": "Rural", "village_code": "13004864669" }, "geometry": { "type": "Point", "coordinates": [ 94.0224865, 25.0659281 ] } },
{ "type": "Feature", "properties": { "id": 1223, "state": "Manipur", "state_code": null, "district": "CHURACHANDPUR", "district_code": 274.0, "sub_district": null, "sub_district_code": null, "sub_district_type": null, "village": "Tonglon (T)", "village_category": "Rural", "village_code": "13007507206" }, "geometry": { "type": "Point", "coordinates": [ 93.5621298, 24.2407112 ] } },
{ "type": "Feature", "properties": { "id": 1224, "state": "Manipur", "state_code": null, "district": "CHURACHANDPUR", "district_code": 274.0, "sub_district": null, "sub_district_code": null, "sub_district_type": null, "village": "Tonglon (K)", "village_category": "Rural", "village_code": "13007507207" }, "geometry": { "type": "Point", "coordinates": [ 93.5460232, 24.2565462 ] } },
{ "type": "Feature", "properties": { "id": 1225, "state": "Manipur", "state_code": null, "district": "CHURACHANDPUR", "district_code": 274.0, "sub_district": null, "sub_district_code": null, "sub_district_type": null, "village": "Unnamed Village", "village_category": "Rural", "village_code": "13007507208" }, "geometry": { "type": "Point", "coordinates": [ 93.5694657, 24.2684487 ] } },
{ "type": "Feature", "properties": { "id": 1226, "state": "Manipur", "state_code": null, "district": "CHURACHANDPUR", "district_code": 274.0, "sub_district": null, "sub_district_code": null, "sub_district_type": null, "village": "Allusingtam", "village_category": "Rural", "village_code": "13007507209" }, "geometry": { "type": "Point", "coordinates": [ 93.5562129, 24.1921471 ] } },
{ "type": "Feature", "properties": { "id": 1227, "state": "Manipur", "state_code": null, "district": "CHURACHANDPUR", "district_code": 274.0, "sub_district": null, "sub_district_code": null, "sub_district_type": null, "village": "Unnamed Village", "village_category": "Rural", "village_code": "13007507223" }, "geometry": { "type": "Point", "coordinates": [ 93.5818213, 24.1891729 ] } },
{ "type": "Feature", "properties": { "id": 1228, "state": "Manipur", "state_code": null, "district": "IMPHAL WEST", "district_code": 277.0, "sub_district": null, "sub_district_code": null, "sub_district_type": null, "village": "Sadar Joute", "village_category": "Rural", "village_code": "13014467132" }, "geometry": { "type": "Point", "coordinates": [ 93.7719005, 24.7371206 ] } },
{ "type": "Feature", "properties": { "id": 1229, "state": "Manipur", "state_code": null, "district": "IMPHAL WEST", "district_code": 277.0, "sub_district": null, "sub_district_code": null, "sub_district_type": null, "village": "Mongbung Tongneh", "village_category": "Rural", "village_code": "13014467135" }, "geometry": { "type": "Point", "coordinates": [ 93.7756167, 24.7393006 ] } },
{ "type": "Feature", "properties": { "id": 1230, "state": "Manipur", "state_code": null, "district": "KANGPOKPI", "district_code": 679.0, "sub_district": null, "sub_district_code": null, "sub_district_type": null, "village": "Khonglong Kabui", "village_category": "Rural", "village_code": "13014467144" }, "geometry": { "type": "Point", "coordinates": [ 93.7851737, 24.7818312 ] } },
{ "type": "Feature", "properties": { "id": 1231, "state": "Manipur", "state_code": null, "district": "IMPHAL WEST", "district_code": 277.0, "sub_district": null, "sub_district_code": null, "sub_district_type": null, "village": "Namgailong", "village_category": "Rural", "village_code": "13014467152" }, "geometry": { "type": "Point", "coordinates": [ 93.7930852, 24.7699048 ] } },
{ "type": "Feature", "properties": { "id": 1232, "state": "Manipur", "state_code": null, "district": "IMPHAL WEST", "district_code": 277.0, "sub_district": null, "sub_district_code": null, "sub_district_type": null, "village": "Leingangpokpi", "village_category": "Rural", "village_code": "13014467153" }, "geometry": { "type": "Point", "coordinates": [ 93.7902235, 24.764479 ] } },
{ "type": "Feature", "properties": { "id": 1233, "state": "Manipur", "state_code": null, "district": "IMPHAL WEST", "district_code": 277.0, "sub_district": null, "sub_district_code": null, "sub_district_type": null, "village": "Kangmong Langoljam", "village_category": "Rural", "village_code": "13014467154" }, "geometry": { "type": "Point", "coordinates": [ 93.7811894, 24.7534105 ] } },
{ "type": "Feature", "properties": { "id": 1234, "state": "Manipur", "state_code": null, "district": "KANGPOKPI", "district_code": 679.0, "sub_district": null, "sub_district_code": null, "sub_district_type": null, "village": "Khoripok", "village_category": "Rural", "village_code": "13014467169" }, "geometry": { "type": "Point", "coordinates": [ 93.7776731, 24.7564442 ] } },
{ "type": "Feature", "properties": { "id": 1235, "state": "Manipur", "state_code": null, "district": "IMPHAL WEST", "district_code": 277.0, "sub_district": null, "sub_district_code": null, "sub_district_type": null, "village": "Unnamed Village", "village_category": "Rural", "village_code": "13014472425" }, "geometry": { "type": "Point", "coordinates": [ 93.7821436, 24.7546017 ] } },
{ "type": "Feature", "properties": { "id": 1236, "state": "Manipur", "state_code": null, "district": "KANGPOKPI", "district_code": 679.0, "sub_district": null, "sub_district_code": null, "sub_district_type": null, "village": "Ichum Keirap", "village_category": "Rural", "village_code": "13014472544" }, "geometry": { "type": "Point", "coordinates": [ 93.765107, 24.7244439 ] } },
{ "type": "Feature", "properties": { "id": 1237, "state": "Manipur", "state_code": null, "district": "KANGPOKPI", "district_code": 679.0, "sub_district": null, "sub_district_code": null, "sub_district_type": null, "village": "Unnamed Village", "village_category": "Rural", "village_code": "13014472545" }, "geometry": { "type": "Point", "coordinates": [ 93.7679569, 24.7158251 ] } },
{ "type": "Feature", "properties": { "id": 1238, "state": "Manipur", "state_code": null, "district": "KANGPOKPI", "district_code": 679.0, "sub_district": null, "sub_district_code": null, "sub_district_type": null, "village": "Tingkai Khunou", "village_category": "Rural", "village_code": "13014472546" }, "geometry": { "type": "Point", "coordinates": [ 93.7710994, 24.7075745 ] } },
{ "type": "Feature", "properties": { "id": 1239, "state": "Manipur", "state_code": null, "district": "BISHNUPUR", "district_code": 275.0, "sub_district": null, "sub_district_code": null, "sub_district_type": null, "village": "Tuikhang", "village_category": "Rural", "village_code": "13014472560" }, "geometry": { "type": "Point", "coordinates": [ 93.7702685, 24.7008066 ] } },
{ "type": "Feature", "properties": { "id": 1240, "state": "Manipur", "state_code": null, "district": "BISHNUPUR", "district_code": 275.0, "sub_district": null, "sub_district_code": null, "sub_district_type": null, "village": "Wainem", "village_category": "Rural", "village_code": "13014472562" }, "geometry": { "type": "Point", "coordinates": [ 93.7649711, 24.6869283 ] } },
{ "type": "Feature", "properties": { "id": 1241, "state": "Manipur", "state_code": null, "district": "KANGPOKPI", "district_code": 679.0, "sub_district": null, "sub_district_code": null, "sub_district_type": null, "village": "Longa Koireng", "village_category": "Rural", "village_code": "13014472564" }, "geometry": { "type": "Point", "coordinates": [ 93.7819748, 24.7944629 ] } },
{ "type": "Feature", "properties": { "id": 1242, "state": "Manipur", "state_code": null, "district": "KANGPOKPI", "district_code": 679.0, "sub_district": null, "sub_district_code": null, "sub_district_type": null, "village": "Thangjing Chiru", "village_category": "Rural", "village_code": "13014472565" }, "geometry": { "type": "Point", "coordinates": [ 93.7814384, 24.8023884 ] } },
{ "type": "Feature", "properties": { "id": 1243, "state": "Manipur", "state_code": null, "district": "BISHNUPUR", "district_code": 275.0, "sub_district": null, "sub_district_code": null, "sub_district_type": null, "village": "Chuangphun Kabui", "village_category": "Rural", "village_code": "13014472855" }, "geometry": { "type": "Point", "coordinates": [ 93.7632283, 24.6647557 ] } },
{ "type": "Feature", "properties": { "id": 1244, "state": "Manipur", "state_code": null, "district": "BISHNUPUR", "district_code": 275.0, "sub_district": null, "sub_district_code": null, "sub_district_type": null, "village": "Joypur Khunou", "village_category": "Rural", "village_code": "13014472857" }, "geometry": { "type": "Point", "coordinates": [ 93.7655215, 24.6449982 ] } },
{ "type": "Feature", "properties": { "id": 1245, "state": "Manipur", "state_code": null, "district": "CHURACHANDPUR", "district_code": 274.0, "sub_district": null, "sub_district_code": null, "sub_district_type": null, "village": "Laimanai Kabui", "village_category": "Rural", "village_code": "13014472858" }, "geometry": { "type": "Point", "coordinates": [ 93.7283059, 24.5594297 ] } },
{ "type": "Feature", "properties": { "id": 1246, "state": "Manipur", "state_code": null, "district": "CHURACHANDPUR", "district_code": 274.0, "sub_district": null, "sub_district_code": null, "sub_district_type": null, "village": "Phunchonjang", "village_category": "Rural", "village_code": "13014472883" }, "geometry": { "type": "Point", "coordinates": [ 93.7189842, 24.4962708 ] } },
{ "type": "Feature", "properties": { "id": 1247, "state": "Manipur", "state_code": null, "district": "CHURACHANDPUR", "district_code": 274.0, "sub_district": null, "sub_district_code": null, "sub_district_type": null, "village": "Molpheitampak", "village_category": "Rural", "village_code": "13014472884" }, "geometry": { "type": "Point", "coordinates": [ 93.7209889, 24.4703057 ] } },
{ "type": "Feature", "properties": { "id": 1248, "state": "Manipur", "state_code": null, "district": "IMPHAL WEST", "district_code": 277.0, "sub_district": null, "sub_district_code": null, "sub_district_type": null, "village": "Thiyam", "village_category": "Rural", "village_code": "13015593683" }, "geometry": { "type": "Point", "coordinates": [ 93.794148, 24.767325 ] } },
{ "type": "Feature", "properties": { "id": 1249, "state": "Manipur", "state_code": null, "district": "IMPHAL WEST", "district_code": 277.0, "sub_district": null, "sub_district_code": null, "sub_district_type": null, "village": "VK Mongbung", "village_category": "Rural", "village_code": "13015595488" }, "geometry": { "type": "Point", "coordinates": [ 93.7792837, 24.7489895 ] } },
{ "type": "Feature", "properties": { "id": 1250, "state": "Manipur", "state_code": null, "district": "KANGPOKPI", "district_code": 679.0, "sub_district": null, "sub_district_code": null, "sub_district_type": null, "village": "Longjang", "village_category": "Rural", "village_code": "13015595489" }, "geometry": { "type": "Point", "coordinates": [ 93.7778588, 24.7773365 ] } },
{ "type": "Feature", "properties": { "id": 1251, "state": "Manipur", "state_code": null, "district": "KANGPOKPI", "district_code": 679.0, "sub_district": null, "sub_district_code": null, "sub_district_type": null, "village": "Manamjang", "village_category": "Rural", "village_code": "13015630552" }, "geometry": { "type": "Point", "coordinates": [ 93.7800176, 24.7515963 ] } },
{ "type": "Feature", "properties": { "id": 1252, "state": "Manipur", "state_code": null, "district": "CHURACHANDPUR", "district_code": 274.0, "sub_district": null, "sub_district_code": null, "sub_district_type": null, "village": "Kangoi Paolian", "village_category": "Rural", "village_code": "13015909231" }, "geometry": { "type": "Point", "coordinates": [ 93.681966, 24.4370712 ] } },
{ "type": "Feature", "properties": { "id": 1253, "state": "Manipur", "state_code": null, "district": "CHURACHANDPUR", "district_code": 274.0, "sub_district": null, "sub_district_code": null, "sub_district_type": null, "village": "V. Kolmun", "village_category": "Rural", "village_code": "13015909232" }, "geometry": { "type": "Point", "coordinates": [ 93.6845138, 24.4348518 ] } },
{ "type": "Feature", "properties": { "id": 1254, "state": "Manipur", "state_code": null, "district": "CHURACHANDPUR", "district_code": 274.0, "sub_district": null, "sub_district_code": null, "sub_district_type": null, "village": "Sijang", "village_category": "Rural", "village_code": "13015909233" }, "geometry": { "type": "Point", "coordinates": [ 93.6720398, 24.436819 ] } },
{ "type": "Feature", "properties": { "id": 1255, "state": "Manipur", "state_code": null, "district": "CHURACHANDPUR", "district_code": 274.0, "sub_district": null, "sub_district_code": null, "sub_district_type": null, "village": "T. Thingjang", "village_category": "Rural", "village_code": "13015909234" }, "geometry": { "type": "Point", "coordinates": [ 93.6911928, 24.4258077 ] } },
{ "type": "Feature", "properties": { "id": 1256, "state": "Manipur", "state_code": null, "district": "CHURACHANDPUR", "district_code": 274.0, "sub_district": null, "sub_district_code": null, "sub_district_type": null, "village": "Zounoi", "village_category": "Rural", "village_code": "13015923602" }, "geometry": { "type": "Point", "coordinates": [ 93.6528564, 24.529712 ] } },
{ "type": "Feature", "properties": { "id": 1257, "state": "Manipur", "state_code": null, "district": "CHURACHANDPUR", "district_code": 274.0, "sub_district": null, "sub_district_code": null, "sub_district_type": null, "village": "Tumjangphai", "village_category": "Rural", "village_code": "13015923766" }, "geometry": { "type": "Point", "coordinates": [ 93.6632106, 24.5909791 ] } },
{ "type": "Feature", "properties": { "id": 1258, "state": "Manipur", "state_code": null, "district": "CHURACHANDPUR", "district_code": 274.0, "sub_district": null, "sub_district_code": null, "sub_district_type": null, "village": "L. Khengjang", "village_category": "Rural", "village_code": "13015923767" }, "geometry": { "type": "Point", "coordinates": [ 93.6661074, 24.5834181 ] } },
{ "type": "Feature", "properties": { "id": 1259, "state": "Manipur", "state_code": null, "district": "CHURACHANDPUR", "district_code": 274.0, "sub_district": null, "sub_district_code": null, "sub_district_type": null, "village": "Hengmol", "village_category": "Rural", "village_code": "13015923768" }, "geometry": { "type": "Point", "coordinates": [ 93.6295087, 24.6031488 ] } },
{ "type": "Feature", "properties": { "id": 1260, "state": "Manipur", "state_code": null, "district": "NONEY", "district_code": 659.0, "sub_district": null, "sub_district_code": null, "sub_district_type": null, "village": "Nungleiband Gangluan Part III", "village_category": "Rural", "village_code": "13015923777" }, "geometry": { "type": "Point", "coordinates": [ 93.6223238, 24.6550427 ] } },
{ "type": "Feature", "properties": { "id": 1261, "state": "Manipur", "state_code": null, "district": "NONEY", "district_code": 659.0, "sub_district": null, "sub_district_code": null, "sub_district_type": null, "village": "Majuron Kuki", "village_category": "Rural", "village_code": "13015923778" }, "geometry": { "type": "Point", "coordinates": [ 93.6587536, 24.6072031 ] } },
{ "type": "Feature", "properties": { "id": 1262, "state": "Manipur", "state_code": null, "district": "NONEY", "district_code": 659.0, "sub_district": null, "sub_district_code": null, "sub_district_type": null, "village": "L. Boljol", "village_category": "Rural", "village_code": "13015923779" }, "geometry": { "type": "Point", "coordinates": [ 93.641155, 24.6314955 ] } },
{ "type": "Feature", "properties": { "id": 1263, "state": "Manipur", "state_code": null, "district": "CHURACHANDPUR", "district_code": 274.0, "sub_district": null, "sub_district_code": null, "sub_district_type": null, "village": "L. Gelmol", "village_category": "Rural", "village_code": "13015923891" }, "geometry": { "type": "Point", "coordinates": [ 93.6736715, 24.6038688 ] } },
{ "type": "Feature", "properties": { "id": 1264, "state": "Manipur", "state_code": null, "district": "CHURACHANDPUR", "district_code": 274.0, "sub_district": null, "sub_district_code": null, "sub_district_type": null, "village": "Molphai", "village_category": "Rural", "village_code": "13015923899" }, "geometry": { "type": "Point", "coordinates": [ 93.6845631, 24.6053891 ] } },
{ "type": "Feature", "properties": { "id": 1265, "state": "Manipur", "state_code": null, "district": "CHURACHANDPUR", "district_code": 274.0, "sub_district": null, "sub_district_code": null, "sub_district_type": null, "village": "K. Lhangnom", "village_category": "Rural", "village_code": "13015923900" }, "geometry": { "type": "Point", "coordinates": [ 93.6881928, 24.6079421 ] } },
{ "type": "Feature", "properties": { "id": 1266, "state": "Manipur", "state_code": null, "district": "NONEY", "district_code": 659.0, "sub_district": null, "sub_district_code": null, "sub_district_type": null, "village": "New Kungpi", "village_category": "Rural", "village_code": "13015923902" }, "geometry": { "type": "Point", "coordinates": [ 93.6886622, 24.611539 ] } },
{ "type": "Feature", "properties": { "id": 1267, "state": "Manipur", "state_code": null, "district": "CHURACHANDPUR", "district_code": 274.0, "sub_district": null, "sub_district_code": null, "sub_district_type": null, "village": "Lamdan", "village_category": "Rural", "village_code": "13015923905" }, "geometry": { "type": "Point", "coordinates": [ 93.6923026, 24.6061093 ] } },
{ "type": "Feature", "properties": { "id": 1268, "state": "Manipur", "state_code": null, "district": "CHURACHANDPUR", "district_code": 274.0, "sub_district": null, "sub_district_code": null, "sub_district_type": null, "village": "Lamdan Kabui", "village_category": "Rural", "village_code": "13015923918" }, "geometry": { "type": "Point", "coordinates": [ 93.7104849, 24.5999464 ] } },
{ "type": "Feature", "properties": { "id": 1269, "state": "Manipur", "state_code": null, "district": "NONEY", "district_code": 659.0, "sub_district": null, "sub_district_code": null, "sub_district_type": null, "village": "Unnamed Village", "village_category": "Rural", "village_code": "13015923996" }, "geometry": { "type": "Point", "coordinates": [ 93.6753584, 24.6085261 ] } },
{ "type": "Feature", "properties": { "id": 1270, "state": "Manipur", "state_code": null, "district": "NONEY", "district_code": 659.0, "sub_district": null, "sub_district_code": null, "sub_district_type": null, "village": "L. Thingphai", "village_category": "Rural", "village_code": "13016191633" }, "geometry": { "type": "Point", "coordinates": [ 93.6390063, 24.6345641 ] } },
{ "type": "Feature", "properties": { "id": 1271, "state": "Manipur", "state_code": null, "district": "NONEY", "district_code": 659.0, "sub_district": null, "sub_district_code": null, "sub_district_type": null, "village": "L. Gamnonphai", "village_category": "Rural", "village_code": "13016191638" }, "geometry": { "type": "Point", "coordinates": [ 93.6521163, 24.6225056 ] } },
{ "type": "Feature", "properties": { "id": 1272, "state": "Manipur", "state_code": null, "district": "NONEY", "district_code": 659.0, "sub_district": null, "sub_district_code": null, "sub_district_type": null, "village": "Loibol Khullen", "village_category": "Rural", "village_code": "13016329544" }, "geometry": { "type": "Point", "coordinates": [ 93.7129887, 24.7323045 ] } },
{ "type": "Feature", "properties": { "id": 1273, "state": "Manipur", "state_code": null, "district": "NONEY", "district_code": 659.0, "sub_district": null, "sub_district_code": null, "sub_district_type": null, "village": "Joupi", "village_category": "Rural", "village_code": "13016467510" }, "geometry": { "type": "Point", "coordinates": [ 93.7064775, 24.6488529 ] } },
{ "type": "Feature", "properties": { "id": 1274, "state": "Manipur", "state_code": null, "district": "NONEY", "district_code": 659.0, "sub_district": null, "sub_district_code": null, "sub_district_type": null, "village": "Gangluan", "village_category": "Rural", "village_code": "13016467511" }, "geometry": { "type": "Point", "coordinates": [ 93.5929048, 24.6550629 ] } },
{ "type": "Feature", "properties": { "id": 1275, "state": "Manipur", "state_code": null, "district": "NONEY", "district_code": 659.0, "sub_district": null, "sub_district_code": null, "sub_district_type": null, "village": "Gangluan II", "village_category": "Rural", "village_code": "13016467512" }, "geometry": { "type": "Point", "coordinates": [ 93.5885462, 24.6486516 ] } },
{ "type": "Feature", "properties": { "id": 1276, "state": "Manipur", "state_code": null, "district": "TAMENGLONG", "district_code": 273.0, "sub_district": null, "sub_district_code": null, "sub_district_type": null, "village": "Charoipandongba Kabui", "village_category": "Rural", "village_code": "13016467660" }, "geometry": { "type": "Point", "coordinates": [ 93.6666253, 24.7920941 ] } },
{ "type": "Feature", "properties": { "id": 1277, "state": "Manipur", "state_code": null, "district": "TAMENGLONG", "district_code": 273.0, "sub_district": null, "sub_district_code": null, "sub_district_type": null, "village": "Kharam Pallen", "village_category": "Rural", "village_code": "13016467661" }, "geometry": { "type": "Point", "coordinates": [ 93.7126989, 24.8130394 ] } },
{ "type": "Feature", "properties": { "id": 1278, "state": "Manipur", "state_code": null, "district": "KANGPOKPI", "district_code": 679.0, "sub_district": null, "sub_district_code": null, "sub_district_type": null, "village": "Khunkhu Naga", "village_category": "Rural", "village_code": "13016467735" }, "geometry": { "type": "Point", "coordinates": [ 93.8523749, 24.9645697 ] } },
{ "type": "Feature", "properties": { "id": 1279, "state": "Manipur", "state_code": null, "district": "KANGPOKPI", "district_code": 679.0, "sub_district": null, "sub_district_code": null, "sub_district_type": null, "village": "Molhoi", "village_category": "Rural", "village_code": "13016467742" }, "geometry": { "type": "Point", "coordinates": [ 93.8290381, 24.9599799 ] } },
{ "type": "Feature", "properties": { "id": 1280, "state": "Manipur", "state_code": null, "district": "TAMENGLONG", "district_code": 273.0, "sub_district": null, "sub_district_code": null, "sub_district_type": null, "village": "Samuk", "village_category": "Rural", "village_code": "13016560988" }, "geometry": { "type": "Point", "coordinates": [ 93.7537111, 24.9331005 ] } },
{ "type": "Feature", "properties": { "id": 1281, "state": "Manipur", "state_code": null, "district": "KANGPOKPI", "district_code": 679.0, "sub_district": null, "sub_district_code": null, "sub_district_type": null, "village": "New Makhan", "village_category": "Rural", "village_code": "13019460483" }, "geometry": { "type": "Point", "coordinates": [ 93.8601283, 24.967079 ] } },
{ "type": "Feature", "properties": { "id": 1282, "state": "Manipur", "state_code": null, "district": "IMPHAL WEST", "district_code": 277.0, "sub_district": null, "sub_district_code": null, "sub_district_type": null, "village": "Kanglatombi Tsipari", "village_category": "Rural", "village_code": "13019460493" }, "geometry": { "type": "Point", "coordinates": [ 93.873888, 24.9729025 ] } },
{ "type": "Feature", "properties": { "id": 1283, "state": "Manipur", "state_code": null, "district": "KANGPOKPI", "district_code": 679.0, "sub_district": null, "sub_district_code": null, "sub_district_type": null, "village": "Gamgiphai", "village_category": "Rural", "village_code": "13019460494" }, "geometry": { "type": "Point", "coordinates": [ 93.8914419, 24.9869028 ] } },
{ "type": "Feature", "properties": { "id": 1284, "state": "Manipur", "state_code": null, "district": "KANGPOKPI", "district_code": 679.0, "sub_district": null, "sub_district_code": null, "sub_district_type": null, "village": "Khengjang", "village_category": "Rural", "village_code": "13019470521" }, "geometry": { "type": "Point", "coordinates": [ 93.8854213, 24.992269 ] } },
{ "type": "Feature", "properties": { "id": 1285, "state": "Manipur", "state_code": null, "district": "KANGPOKPI", "district_code": 679.0, "sub_district": null, "sub_district_code": null, "sub_district_type": null, "village": "Daili", "village_category": "Rural", "village_code": "13019762692" }, "geometry": { "type": "Point", "coordinates": [ 93.9641041, 25.137342 ] } },
{ "type": "Feature", "properties": { "id": 1286, "state": "Manipur", "state_code": null, "district": "KANGPOKPI", "district_code": 679.0, "sub_district": null, "sub_district_code": null, "sub_district_type": null, "village": "Upper Kalapahar", "village_category": "Rural", "village_code": "13019792521" }, "geometry": { "type": "Point", "coordinates": [ 93.9616767, 25.1223427 ] } },
{ "type": "Feature", "properties": { "id": 1287, "state": "Manipur", "state_code": null, "district": "KANGPOKPI", "district_code": 679.0, "sub_district": null, "sub_district_code": null, "sub_district_type": null, "village": "Lower Kalapahar", "village_category": "Rural", "village_code": "13019792522" }, "geometry": { "type": "Point", "coordinates": [ 93.9554164, 25.1120245 ] } },
{ "type": "Feature", "properties": { "id": 1288, "state": "Manipur", "state_code": null, "district": "PHERZAWL", "district_code": 718.0, "sub_district": null, "sub_district_code": null, "sub_district_type": null, "village": "Tuipiphai", "village_category": "Rural", "village_code": "13026728853" }, "geometry": { "type": "Point", "coordinates": [ 93.3415664, 24.3820696 ] } },
{ "type": "Feature", "properties": { "id": 1289, "state": "Manipur", "state_code": null, "district": "TAMENGLONG", "district_code": 273.0, "sub_district": null, "sub_district_code": null, "sub_district_type": null, "village": "Boungjang", "village_category": "Rural", "village_code": "13026892830" }, "geometry": { "type": "Point", "coordinates": [ 93.7300696, 24.7898593 ] } },
{ "type": "Feature", "properties": { "id": 1290, "state": "Manipur", "state_code": null, "district": "KANGPOKPI", "district_code": 679.0, "sub_district": null, "sub_district_code": null, "sub_district_type": null, "village": "S. Laijang", "village_category": "Rural", "village_code": "13026892832" }, "geometry": { "type": "Point", "coordinates": [ 93.7620114, 24.8047355 ] } },
{ "type": "Feature", "properties": { "id": 1291, "state": "Manipur", "state_code": null, "district": "KANGPOKPI", "district_code": 679.0, "sub_district": null, "sub_district_code": null, "sub_district_type": null, "village": "L. Hengjol", "village_category": "Rural", "village_code": "13026892850" }, "geometry": { "type": "Point", "coordinates": [ 93.75832, 24.8098955 ] } },
{ "type": "Feature", "properties": { "id": 1292, "state": "Manipur", "state_code": null, "district": "KANGPOKPI", "district_code": 679.0, "sub_district": null, "sub_district_code": null, "sub_district_type": null, "village": "Pholjang", "village_category": "Rural", "village_code": "13026892851" }, "geometry": { "type": "Point", "coordinates": [ 93.7692836, 24.7936462 ] } },
{ "type": "Feature", "properties": { "id": 1293, "state": "Manipur", "state_code": null, "district": "PHERZAWL", "district_code": 718.0, "sub_district": null, "sub_district_code": null, "sub_district_type": null, "village": "Saichang", "village_category": "Rural", "village_code": "13027256508" }, "geometry": { "type": "Point", "coordinates": [ 93.3675148, 24.4316002 ] } },
{ "type": "Feature", "properties": { "id": 1294, "state": "Manipur", "state_code": null, "district": "BISHNUPUR", "district_code": 275.0, "sub_district": null, "sub_district_code": null, "sub_district_type": null, "village": "Siangai Namdai", "village_category": "Rural", "village_code": "13027256511" }, "geometry": { "type": "Point", "coordinates": [ 93.7619968, 24.6467261 ] } },
{ "type": "Feature", "properties": { "id": 1295, "state": "Manipur", "state_code": null, "district": "BISHNUPUR", "district_code": 275.0, "sub_district": null, "sub_district_code": null, "sub_district_type": null, "village": "Nungsai Chiru", "village_category": "Rural", "village_code": "13027256538" }, "geometry": { "type": "Point", "coordinates": [ 93.7597522, 24.6384847 ] } },
{ "type": "Feature", "properties": { "id": 1296, "state": "Manipur", "state_code": null, "district": "CHURACHANDPUR", "district_code": 274.0, "sub_district": null, "sub_district_code": null, "sub_district_type": null, "village": "Majuron Kabui", "village_category": "Rural", "village_code": "13027263543" }, "geometry": { "type": "Point", "coordinates": [ 93.7310466, 24.5950822 ] } },
{ "type": "Feature", "properties": { "id": 1297, "state": "Manipur", "state_code": null, "district": "CHURACHANDPUR", "district_code": 274.0, "sub_district": null, "sub_district_code": null, "sub_district_type": null, "village": "Kukimun", "village_category": "Rural", "village_code": "13027263544" }, "geometry": { "type": "Point", "coordinates": [ 93.6823923, 24.5921925 ] } },
{ "type": "Feature", "properties": { "id": 1298, "state": "Manipur", "state_code": null, "district": "CHURACHANDPUR", "district_code": 274.0, "sub_district": null, "sub_district_code": null, "sub_district_type": null, "village": "Nahlon", "village_category": "Rural", "village_code": "13027263617" }, "geometry": { "type": "Point", "coordinates": [ 93.6847907, 24.5418217 ] } },
{ "type": "Feature", "properties": { "id": 1299, "state": "Manipur", "state_code": null, "district": "CHURACHANDPUR", "district_code": 274.0, "sub_district": null, "sub_district_code": null, "sub_district_type": null, "village": "K. Geljang", "village_category": "Rural", "village_code": "13028137608" }, "geometry": { "type": "Point", "coordinates": [ 93.7085479, 24.5436301 ] } },
{ "type": "Feature", "properties": { "id": 1300, "state": "Manipur", "state_code": null, "district": "NONEY", "district_code": 659.0, "sub_district": null, "sub_district_code": null, "sub_district_type": null, "village": "Puandaijang", "village_category": "Rural", "village_code": "13030215428" }, "geometry": { "type": "Point", "coordinates": [ 93.6715395, 24.7489323 ] } },
{ "type": "Feature", "properties": { "id": 1301, "state": "Manipur", "state_code": null, "district": "BISHNUPUR", "district_code": 275.0, "sub_district": null, "sub_district_code": null, "sub_district_type": null, "village": "Keirap Khuntak", "village_category": "Rural", "village_code": "13030215483" }, "geometry": { "type": "Point", "coordinates": [ 93.7357111, 24.5863876 ] } },
{ "type": "Feature", "properties": { "id": 1302, "state": "Manipur", "state_code": null, "district": "CHURACHANDPUR", "district_code": 274.0, "sub_district": null, "sub_district_code": null, "sub_district_type": null, "village": "Tokpa Kabui", "village_category": "Rural", "village_code": "13030215484" }, "geometry": { "type": "Point", "coordinates": [ 93.7334379, 24.588223 ] } },
{ "type": "Feature", "properties": { "id": 1303, "state": "Manipur", "state_code": null, "district": "CHURACHANDPUR", "district_code": 274.0, "sub_district": null, "sub_district_code": null, "sub_district_type": null, "village": "Kha Aimol", "village_category": "Rural", "village_code": "13030215538" }, "geometry": { "type": "Point", "coordinates": [ 93.726848, 24.592193 ] } },
{ "type": "Feature", "properties": { "id": 1304, "state": "Manipur", "state_code": null, "district": "BISHNUPUR", "district_code": 275.0, "sub_district": null, "sub_district_code": null, "sub_district_type": null, "village": "Sadu Khoiroi", "village_category": "Rural", "village_code": "13030215540" }, "geometry": { "type": "Point", "coordinates": [ 93.7344527, 24.5746304 ] } },
{ "type": "Feature", "properties": { "id": 1305, "state": "Manipur", "state_code": null, "district": "CHURACHANDPUR", "district_code": 274.0, "sub_district": null, "sub_district_code": null, "sub_district_type": null, "village": "Kokodan Dahlon", "village_category": "Rural", "village_code": "13030215671" }, "geometry": { "type": "Point", "coordinates": [ 93.7326513, 24.5923242 ] } },
{ "type": "Feature", "properties": { "id": 1306, "state": "Manipur", "state_code": null, "district": "CHURACHANDPUR", "district_code": 274.0, "sub_district": null, "sub_district_code": null, "sub_district_type": null, "village": "Kokodan Khullen", "village_category": "Rural", "village_code": "13030215672" }, "geometry": { "type": "Point", "coordinates": [ 93.7342891, 24.5962614 ] } },
{ "type": "Feature", "properties": { "id": 1307, "state": "Manipur", "state_code": null, "district": "CHURACHANDPUR", "district_code": 274.0, "sub_district": null, "sub_district_code": null, "sub_district_type": null, "village": "Langjingmanbi", "village_category": "Rural", "village_code": "13030215704" }, "geometry": { "type": "Point", "coordinates": [ 93.7248285, 24.531934 ] } },
{ "type": "Feature", "properties": { "id": 1308, "state": "Manipur", "state_code": null, "district": "CHURACHANDPUR", "district_code": 274.0, "sub_district": null, "sub_district_code": null, "sub_district_type": null, "village": "Heichanglok", "village_category": "Rural", "village_code": "13030215714" }, "geometry": { "type": "Point", "coordinates": [ 93.7269055, 24.5272993 ] } },
{ "type": "Feature", "properties": { "id": 1309, "state": "Manipur", "state_code": null, "district": "CHURACHANDPUR", "district_code": 274.0, "sub_district": null, "sub_district_code": null, "sub_district_type": null, "village": "Loilamkot", "village_category": "Rural", "village_code": "13030437406" }, "geometry": { "type": "Point", "coordinates": [ 93.7019121, 24.5076661 ] } },
{ "type": "Feature", "properties": { "id": 1310, "state": "Manipur", "state_code": null, "district": "CHURACHANDPUR", "district_code": 274.0, "sub_district": null, "sub_district_code": null, "sub_district_type": null, "village": "S. Lonphai", "village_category": "Rural", "village_code": "13030520978" }, "geometry": { "type": "Point", "coordinates": [ 93.7187384, 24.525437 ] } },
{ "type": "Feature", "properties": { "id": 1311, "state": "Manipur", "state_code": null, "district": "CHURACHANDPUR", "district_code": 274.0, "sub_district": null, "sub_district_code": null, "sub_district_type": null, "village": "New Ningthiching", "village_category": "Rural", "village_code": "13030520979" }, "geometry": { "type": "Point", "coordinates": [ 93.7156101, 24.513034 ] } },
{ "type": "Feature", "properties": { "id": 1312, "state": "Manipur", "state_code": null, "district": "CHURACHANDPUR", "district_code": 274.0, "sub_district": null, "sub_district_code": null, "sub_district_type": null, "village": "Ningthiching", "village_category": "Rural", "village_code": "13030520980" }, "geometry": { "type": "Point", "coordinates": [ 93.7138063, 24.5103556 ] } },
{ "type": "Feature", "properties": { "id": 1313, "state": "Manipur", "state_code": null, "district": "BISHNUPUR", "district_code": 275.0, "sub_district": null, "sub_district_code": null, "sub_district_type": null, "village": "Siangai Namkao", "village_category": "Rural", "village_code": "13030521009" }, "geometry": { "type": "Point", "coordinates": [ 93.7504618, 24.6349323 ] } },
{ "type": "Feature", "properties": { "id": 1314, "state": "Manipur", "state_code": null, "district": "CHANDEL", "district_code": 280.0, "sub_district": null, "sub_district_code": null, "sub_district_type": null, "village": "Purum Khullen", "village_category": "Rural", "village_code": "13036810537" }, "geometry": { "type": "Point", "coordinates": [ 93.9500479, 24.425121 ] } },
{ "type": "Feature", "properties": { "id": 1315, "state": "Manipur", "state_code": null, "district": "CHURACHANDPUR", "district_code": 274.0, "sub_district": null, "sub_district_code": null, "sub_district_type": null, "village": "Khomunnom", "village_category": "Rural", "village_code": "13058761558" }, "geometry": { "type": "Point", "coordinates": [ 93.5953906, 24.1377313 ] } },
{ "type": "Feature", "properties": { "id": 1316, "state": "Manipur", "state_code": null, "district": "PHERZAWL", "district_code": 718.0, "sub_district": null, "sub_district_code": null, "sub_district_type": null, "village": "Gamhui", "village_category": "Rural", "village_code": "13062000961" }, "geometry": { "type": "Point", "coordinates": [ 93.2592469, 24.3546498 ] } },
{ "type": "Feature", "properties": { "id": 1317, "state": "Manipur", "state_code": null, "district": "PHERZAWL", "district_code": 718.0, "sub_district": null, "sub_district_code": null, "sub_district_type": null, "village": "Galkapkot", "village_category": "Rural", "village_code": "13062001083" }, "geometry": { "type": "Point", "coordinates": [ 93.2809842, 24.3492395 ] } },
{ "type": "Feature", "properties": { "id": 1318, "state": "Manipur", "state_code": null, "district": "PHERZAWL", "district_code": 718.0, "sub_district": null, "sub_district_code": null, "sub_district_type": null, "village": "Tieulien", "village_category": "Rural", "village_code": "13063802231" }, "geometry": { "type": "Point", "coordinates": [ 93.042986, 24.422836 ] } },
{ "type": "Feature", "properties": { "id": 1319, "state": "Manipur", "state_code": null, "district": "PHERZAWL", "district_code": 718.0, "sub_district": null, "sub_district_code": null, "sub_district_type": null, "village": "Jeisuo", "village_category": "Rural", "village_code": "13063813652" }, "geometry": { "type": "Point", "coordinates": [ 93.038964, 24.4974736 ] } },
{ "type": "Feature", "properties": { "id": 1320, "state": "Manipur", "state_code": null, "district": "PHERZAWL", "district_code": 718.0, "sub_district": null, "sub_district_code": null, "sub_district_type": null, "village": "Moinador", "village_category": "Rural", "village_code": "13063813653" }, "geometry": { "type": "Point", "coordinates": [ 93.067962, 24.5493839 ] } },
{ "type": "Feature", "properties": { "id": 1321, "state": "Manipur", "state_code": null, "district": "PHERZAWL", "district_code": 718.0, "sub_district": null, "sub_district_code": null, "sub_district_type": null, "village": "Thingkaldor", "village_category": "Rural", "village_code": "13063883935" }, "geometry": { "type": "Point", "coordinates": [ 93.0403348, 24.4409223 ] } },
{ "type": "Feature", "properties": { "id": 1322, "state": "Manipur", "state_code": null, "district": "PHERZAWL", "district_code": 718.0, "sub_district": null, "sub_district_code": null, "sub_district_type": null, "village": "Thingpuikuol", "village_category": "Rural", "village_code": "13063883936" }, "geometry": { "type": "Point", "coordinates": [ 93.0278642, 24.3948391 ] } },
{ "type": "Feature", "properties": { "id": 1323, "state": "Manipur", "state_code": null, "district": "IMPHAL WEST", "district_code": 277.0, "sub_district": null, "sub_district_code": null, "sub_district_type": null, "village": "Sangaithel", "village_category": "Rural", "village_code": "13136702827" }, "geometry": { "type": "Point", "coordinates": [ 93.7918902, 24.8063688 ] } },
{ "type": "Feature", "properties": { "id": 1324, "state": "Manipur", "state_code": null, "district": "IMPHAL WEST", "district_code": 277.0, "sub_district": null, "sub_district_code": null, "sub_district_type": null, "village": "Khumbong", "village_category": "Rural", "village_code": "13136758143" }, "geometry": { "type": "Point", "coordinates": [ 93.8296883, 24.7646048 ] } },
{ "type": "Feature", "properties": { "id": 1325, "state": "Manipur", "state_code": null, "district": "KANGPOKPI", "district_code": 679.0, "sub_district": null, "sub_district_code": null, "sub_district_type": null, "village": "Saheibung", "village_category": "Rural", "village_code": "13136917468" }, "geometry": { "type": "Point", "coordinates": [ 93.7833038, 24.8235083 ] } },
{ "type": "Feature", "properties": { "id": 1326, "state": "Manipur", "state_code": null, "district": "IMPHAL WEST", "district_code": 277.0, "sub_district": null, "sub_district_code": null, "sub_district_type": null, "village": "Kharang Koireng", "village_category": "Rural", "village_code": "13136917472" }, "geometry": { "type": "Point", "coordinates": [ 93.8119454, 24.8527033 ] } },
{ "type": "Feature", "properties": { "id": 1327, "state": "Manipur", "state_code": null, "district": "KANGPOKPI", "district_code": 679.0, "sub_district": null, "sub_district_code": null, "sub_district_type": null, "village": "L. Jangnomphai", "village_category": "Rural", "village_code": "13136917473" }, "geometry": { "type": "Point", "coordinates": [ 93.7921462, 24.8285271 ] } },
{ "type": "Feature", "properties": { "id": 1328, "state": "Manipur", "state_code": null, "district": "KANGPOKPI", "district_code": 679.0, "sub_district": null, "sub_district_code": null, "sub_district_type": null, "village": "New Boljang", "village_category": "Rural", "village_code": "13136917476" }, "geometry": { "type": "Point", "coordinates": [ 93.7804249, 24.8334068 ] } },
{ "type": "Feature", "properties": { "id": 1329, "state": "Manipur", "state_code": null, "district": "KANGPOKPI", "district_code": 679.0, "sub_district": null, "sub_district_code": null, "sub_district_type": null, "village": "Kangchup Songlung", "village_category": "Rural", "village_code": "13151850439" }, "geometry": { "type": "Point", "coordinates": [ 93.8037237, 24.8628959 ] } },
{ "type": "Feature", "properties": { "id": 1330, "state": "Manipur", "state_code": null, "district": "KANGPOKPI", "district_code": 679.0, "sub_district": null, "sub_district_code": null, "sub_district_type": null, "village": "Langdeibung", "village_category": "Rural", "village_code": "13151850441" }, "geometry": { "type": "Point", "coordinates": [ 93.8085383, 24.8572379 ] } },
{ "type": "Feature", "properties": { "id": 1331, "state": "Manipur", "state_code": null, "district": "KANGPOKPI", "district_code": 679.0, "sub_district": null, "sub_district_code": null, "sub_district_type": null, "village": "Kangchup Patjang", "village_category": "Rural", "village_code": "13151850500" }, "geometry": { "type": "Point", "coordinates": [ 93.8072388, 24.8610059 ] } },
{ "type": "Feature", "properties": { "id": 1332, "state": "Manipur", "state_code": null, "district": "KANGPOKPI", "district_code": 679.0, "sub_district": null, "sub_district_code": null, "sub_district_type": null, "village": "Kangchup", "village_category": "Rural", "village_code": "13152185291" }, "geometry": { "type": "Point", "coordinates": [ 93.8096823, 24.8594453 ] } },
{ "type": "Feature", "properties": { "id": 1333, "state": "Manipur", "state_code": null, "district": "CHURACHANDPUR", "district_code": 274.0, "sub_district": null, "sub_district_code": null, "sub_district_type": null, "village": "D. Vaison", "village_category": "Rural", "village_code": "13175815989" }, "geometry": { "type": "Point", "coordinates": [ 93.6891639, 24.405563 ] } },
{ "type": "Feature", "properties": { "id": 1334, "state": "Manipur", "state_code": null, "district": "CHURACHANDPUR", "district_code": 274.0, "sub_district": null, "sub_district_code": null, "sub_district_type": null, "village": "Unnamed Hamlet", "village_category": "Rural", "village_code": "13175834526" }, "geometry": { "type": "Point", "coordinates": [ 93.6960976, 24.4344853 ] } },
{ "type": "Feature", "properties": { "id": 1335, "state": "Manipur", "state_code": null, "district": "CHURACHANDPUR", "district_code": 274.0, "sub_district": null, "sub_district_code": null, "sub_district_type": null, "village": "Gamnom", "village_category": "Rural", "village_code": "13175845253" }, "geometry": { "type": "Point", "coordinates": [ 93.6844448, 24.4139684 ] } },
{ "type": "Feature", "properties": { "id": 1336, "state": "Manipur", "state_code": null, "district": "IMPHAL WEST", "district_code": 277.0, "sub_district": null, "sub_district_code": null, "sub_district_type": null, "village": "Tarung", "village_category": "Rural", "village_code": "13185815338" }, "geometry": { "type": "Point", "coordinates": [ 93.9317861, 24.8367545 ] } },
{ "type": "Feature", "properties": { "id": 1337, "state": "Manipur", "state_code": null, "district": "IMPHAL EAST", "district_code": 278.0, "sub_district": null, "sub_district_code": null, "sub_district_type": null, "village": "Lamlongei", "village_category": "Rural", "village_code": "13185815339" }, "geometry": { "type": "Point", "coordinates": [ 93.9268662, 24.8532582 ] } },
{ "type": "Feature", "properties": { "id": 1338, "state": "Manipur", "state_code": null, "district": "KANGPOKPI", "district_code": 679.0, "sub_district": null, "sub_district_code": null, "sub_district_type": null, "village": "Chanbirok", "village_category": "Rural", "village_code": "13186365554" }, "geometry": { "type": "Point", "coordinates": [ 93.9095054, 24.9466063 ] } },
{ "type": "Feature", "properties": { "id": 1339, "state": "Manipur", "state_code": null, "district": "KANGPOKPI", "district_code": 679.0, "sub_district": null, "sub_district_code": null, "sub_district_type": null, "village": "Khongnangpokpi", "village_category": "Rural", "village_code": "13186365562" }, "geometry": { "type": "Point", "coordinates": [ 93.9144121, 24.9536269 ] } },
{ "type": "Feature", "properties": { "id": 1340, "state": "Manipur", "state_code": null, "district": "IMPHAL WEST", "district_code": 277.0, "sub_district": null, "sub_district_code": null, "sub_district_type": null, "village": "Awang Leikinthabi", "village_category": "Rural", "village_code": "13186365577" }, "geometry": { "type": "Point", "coordinates": [ 93.8968571, 24.9274279 ] } },
{ "type": "Feature", "properties": { "id": 1341, "state": "Manipur", "state_code": null, "district": "SENAPATI", "district_code": 272.0, "sub_district": null, "sub_district_code": null, "sub_district_type": null, "village": "Lakhamai", "village_category": "Rural", "village_code": "13186528647" }, "geometry": { "type": "Point", "coordinates": [ 94.3018947, 25.3904763 ] } },
{ "type": "Feature", "properties": { "id": 1342, "state": "Manipur", "state_code": null, "district": "SENAPATI", "district_code": 272.0, "sub_district": null, "sub_district_code": null, "sub_district_type": null, "village": "Ngamju", "village_category": "Rural", "village_code": "13186528669" }, "geometry": { "type": "Point", "coordinates": [ 94.2245808, 25.2875601 ] } },
{ "type": "Feature", "properties": { "id": 1343, "state": "Manipur", "state_code": null, "district": "TAMENGLONG", "district_code": 273.0, "sub_district": null, "sub_district_code": null, "sub_district_type": null, "village": "C. Phailen", "village_category": "Rural", "village_code": "13186528671" }, "geometry": { "type": "Point", "coordinates": [ 93.7594942, 24.8397972 ] } },
{ "type": "Feature", "properties": { "id": 1344, "state": "Manipur", "state_code": null, "district": "IMPHAL WEST", "district_code": 277.0, "sub_district": null, "sub_district_code": null, "sub_district_type": null, "village": "Mapao Khullen", "village_category": "Rural", "village_code": "13186649016" }, "geometry": { "type": "Point", "coordinates": [ 93.9248783, 24.9548124 ] } },
{ "type": "Feature", "properties": { "id": 1345, "state": "Manipur", "state_code": null, "district": "KANGPOKPI", "district_code": 679.0, "sub_district": null, "sub_district_code": null, "sub_district_type": null, "village": "Mapao Thangal", "village_category": "Rural", "village_code": "13186649017" }, "geometry": { "type": "Point", "coordinates": [ 93.9220888, 24.9408348 ] } },
{ "type": "Feature", "properties": { "id": 1346, "state": "Manipur", "state_code": null, "district": "IMPHAL EAST", "district_code": 278.0, "sub_district": null, "sub_district_code": null, "sub_district_type": null, "village": "Potshangbam Khunou", "village_category": "Rural", "village_code": "13186649019" }, "geometry": { "type": "Point", "coordinates": [ 93.9048422, 24.9013802 ] } },
{ "type": "Feature", "properties": { "id": 1347, "state": "Manipur", "state_code": null, "district": "CHURACHANDPUR", "district_code": 274.0, "sub_district": null, "sub_district_code": null, "sub_district_type": null, "village": "Masemjang", "village_category": "Rural", "village_code": "13190865577" }, "geometry": { "type": "Point", "coordinates": [ 93.7094441, 24.465015 ] } },
{ "type": "Feature", "properties": { "id": 1348, "state": "Manipur", "state_code": null, "district": "CHURACHANDPUR", "district_code": 274.0, "sub_district": null, "sub_district_code": null, "sub_district_type": null, "village": "P. Geljang", "village_category": "Rural", "village_code": "13190865578" }, "geometry": { "type": "Point", "coordinates": [ 93.7161362, 24.4627323 ] } },
{ "type": "Feature", "properties": { "id": 1349, "state": "Manipur", "state_code": null, "district": "BISHNUPUR", "district_code": 275.0, "sub_district": null, "sub_district_code": null, "sub_district_type": null, "village": "Laikamualsau", "village_category": "Rural", "village_code": "13190865592" }, "geometry": { "type": "Point", "coordinates": [ 93.726429, 24.4750066 ] } },
{ "type": "Feature", "properties": { "id": 1350, "state": "Manipur", "state_code": null, "district": "CHURACHANDPUR", "district_code": 274.0, "sub_district": null, "sub_district_code": null, "sub_district_type": null, "village": "Leisanbung", "village_category": "Rural", "village_code": "13190881001" }, "geometry": { "type": "Point", "coordinates": [ 93.7184025, 24.47372 ] } },
{ "type": "Feature", "properties": { "id": 1351, "state": "Manipur", "state_code": null, "district": "TAMENGLONG", "district_code": 273.0, "sub_district": null, "sub_district_code": null, "sub_district_type": null, "village": "Phoikon", "village_category": "Rural", "village_code": "13205535698" }, "geometry": { "type": "Point", "coordinates": [ 93.7662399, 25.1825248 ] } },
{ "type": "Feature", "properties": { "id": 1352, "state": "Manipur", "state_code": null, "district": "KANGPOKPI", "district_code": 679.0, "sub_district": null, "sub_district_code": null, "sub_district_type": null, "village": "Makui Mayangkhang", "village_category": "Rural", "village_code": "13205568424" }, "geometry": { "type": "Point", "coordinates": [ 93.7814725, 25.1327186 ] } },
{ "type": "Feature", "properties": { "id": 1353, "state": "Manipur", "state_code": null, "district": "KANGPOKPI", "district_code": 679.0, "sub_district": null, "sub_district_code": null, "sub_district_type": null, "village": "Saramjou", "village_category": "Rural", "village_code": "13205568427" }, "geometry": { "type": "Point", "coordinates": [ 93.8386407, 25.1031955 ] } },
{ "type": "Feature", "properties": { "id": 1354, "state": "Manipur", "state_code": null, "district": "KANGPOKPI", "district_code": 679.0, "sub_district": null, "sub_district_code": null, "sub_district_type": null, "village": "Makui", "village_category": "Rural", "village_code": "13205568428" }, "geometry": { "type": "Point", "coordinates": [ 93.8181006, 25.1272119 ] } },
{ "type": "Feature", "properties": { "id": 1355, "state": "Manipur", "state_code": null, "district": "KANGPOKPI", "district_code": 679.0, "sub_district": null, "sub_district_code": null, "sub_district_type": null, "village": "Makui Khullen", "village_category": "Rural", "village_code": "13205568429" }, "geometry": { "type": "Point", "coordinates": [ 93.7877902, 25.1302107 ] } },
{ "type": "Feature", "properties": { "id": 1356, "state": "Manipur", "state_code": null, "district": "KANGPOKPI", "district_code": 679.0, "sub_district": null, "sub_district_code": null, "sub_district_type": null, "village": "Makui Naga", "village_category": "Rural", "village_code": "13205568430" }, "geometry": { "type": "Point", "coordinates": [ 93.7878782, 25.1266688 ] } },
{ "type": "Feature", "properties": { "id": 1357, "state": "Manipur", "state_code": null, "district": "KANGPOKPI", "district_code": 679.0, "sub_district": null, "sub_district_code": null, "sub_district_type": null, "village": "Lāloi", "village_category": "Rural", "village_code": "13205568431" }, "geometry": { "type": "Point", "coordinates": [ 93.8145641, 25.1064792 ] } },
{ "type": "Feature", "properties": { "id": 1358, "state": "Manipur", "state_code": null, "district": "THOUBAL", "district_code": 276.0, "sub_district": null, "sub_district_code": null, "sub_district_type": null, "village": "Lilong", "village_category": "Urban", "village_code": "13241541288" }, "geometry": { "type": "Point", "coordinates": [ 93.9408376, 24.7164167 ] } },
{ "type": "Feature", "properties": { "id": 1359, "state": "Manipur", "state_code": null, "district": "THOUBAL", "district_code": 276.0, "sub_district": null, "sub_district_code": null, "sub_district_type": null, "village": "Chingkham Kabui", "village_category": "Rural", "village_code": "13244294048" }, "geometry": { "type": "Point", "coordinates": [ 93.9454134, 24.6825185 ] } },
{ "type": "Feature", "properties": { "id": 1360, "state": "Manipur", "state_code": null, "district": "IMPHAL EAST", "district_code": 278.0, "sub_district": null, "sub_district_code": null, "sub_district_type": null, "village": "Heingang", "village_category": "Rural", "village_code": "13260170826" }, "geometry": { "type": "Point", "coordinates": [ 93.9399124, 24.8448727 ] } },
{ "type": "Feature", "properties": { "id": 1361, "state": "Manipur", "state_code": null, "district": "NONEY", "district_code": 659.0, "sub_district": null, "sub_district_code": null, "sub_district_type": null, "village": "Taodaijang", "village_category": "Rural", "village_code": "13263860989" }, "geometry": { "type": "Point", "coordinates": [ 93.4930166, 24.6786742 ] } },
{ "type": "Feature", "properties": { "id": 1362, "state": "Manipur", "state_code": null, "district": "NONEY", "district_code": 659.0, "sub_district": null, "sub_district_code": null, "sub_district_type": null, "village": "Khongsang", "village_category": "Rural", "village_code": "13264959827" }, "geometry": { "type": "Point", "coordinates": [ 93.4754176, 24.8229869 ] } },
{ "type": "Feature", "properties": { "id": 1363, "state": "Manipur", "state_code": null, "district": "TAMENGLONG", "district_code": 273.0, "sub_district": null, "sub_district_code": null, "sub_district_type": null, "village": "Waphong Inthan", "village_category": "Rural", "village_code": "13274036744" }, "geometry": { "type": "Point", "coordinates": [ 93.7125971, 24.8906678 ] } },
{ "type": "Feature", "properties": { "id": 1364, "state": "Manipur", "state_code": null, "district": "TAMENGLONG", "district_code": 273.0, "sub_district": null, "sub_district_code": null, "sub_district_type": null, "village": "Songlung Kholui", "village_category": "Rural", "village_code": "13274427988" }, "geometry": { "type": "Point", "coordinates": [ 93.7247155, 24.8867581 ] } },
{ "type": "Feature", "properties": { "id": 1365, "state": "Manipur", "state_code": null, "district": "CHURACHANDPUR", "district_code": 274.0, "sub_district": null, "sub_district_code": null, "sub_district_type": null, "village": "Selvung", "village_category": "Rural", "village_code": "13275554639" }, "geometry": { "type": "Point", "coordinates": [ 93.4804976, 24.4913749 ] } },
{ "type": "Feature", "properties": { "id": 1366, "state": "Manipur", "state_code": null, "district": "CHURACHANDPUR", "district_code": 274.0, "sub_district": null, "sub_district_code": null, "sub_district_type": null, "village": "Lailong-S", "village_category": "Rural", "village_code": "13275554640" }, "geometry": { "type": "Point", "coordinates": [ 93.4336608, 24.5083807 ] } },
{ "type": "Feature", "properties": { "id": 1367, "state": "Manipur", "state_code": null, "district": "CHURACHANDPUR", "district_code": 274.0, "sub_district": null, "sub_district_code": null, "sub_district_type": null, "village": "Lailong-L", "village_category": "Rural", "village_code": "13275554650" }, "geometry": { "type": "Point", "coordinates": [ 93.4382719, 24.4973814 ] } },
{ "type": "Feature", "properties": { "id": 1368, "state": "Manipur", "state_code": null, "district": "CHURACHANDPUR", "district_code": 274.0, "sub_district": null, "sub_district_code": null, "sub_district_type": null, "village": "Lailong-L", "village_category": "Rural", "village_code": "13275554651" }, "geometry": { "type": "Point", "coordinates": [ 93.4230889, 24.4831952 ] } },
{ "type": "Feature", "properties": { "id": 1369, "state": "Manipur", "state_code": null, "district": "NONEY", "district_code": 659.0, "sub_district": null, "sub_district_code": null, "sub_district_type": null, "village": "Molcham", "village_category": "Rural", "village_code": "13275554664" }, "geometry": { "type": "Point", "coordinates": [ 93.512251, 24.5659895 ] } },
{ "type": "Feature", "properties": { "id": 1370, "state": "Manipur", "state_code": null, "district": "CHURACHANDPUR", "district_code": 274.0, "sub_district": null, "sub_district_code": null, "sub_district_type": null, "village": "Bolkot", "village_category": "Rural", "village_code": "13275554665" }, "geometry": { "type": "Point", "coordinates": [ 93.5394949, 24.5409225 ] } },
{ "type": "Feature", "properties": { "id": 1371, "state": "Manipur", "state_code": null, "district": "CHURACHANDPUR", "district_code": 274.0, "sub_district": null, "sub_district_code": null, "sub_district_type": null, "village": "Kamkeilon", "village_category": "Rural", "village_code": "13275554671" }, "geometry": { "type": "Point", "coordinates": [ 93.4613521, 24.4659552 ] } },
{ "type": "Feature", "properties": { "id": 1372, "state": "Manipur", "state_code": null, "district": "CHURACHANDPUR", "district_code": 274.0, "sub_district": null, "sub_district_code": null, "sub_district_type": null, "village": "Damjawl", "village_category": "Rural", "village_code": "13275554674" }, "geometry": { "type": "Point", "coordinates": [ 93.5018531, 24.4231187 ] } },
{ "type": "Feature", "properties": { "id": 1373, "state": "Manipur", "state_code": null, "district": "CHURACHANDPUR", "district_code": 274.0, "sub_district": null, "sub_district_code": null, "sub_district_type": null, "village": "Leitan", "village_category": "Rural", "village_code": "13275554680" }, "geometry": { "type": "Point", "coordinates": [ 93.4642335, 24.4293171 ] } },
{ "type": "Feature", "properties": { "id": 1374, "state": "Manipur", "state_code": null, "district": "CHURACHANDPUR", "district_code": 274.0, "sub_district": null, "sub_district_code": null, "sub_district_type": null, "village": "Khengjanglhang", "village_category": "Rural", "village_code": "13275554686" }, "geometry": { "type": "Point", "coordinates": [ 93.4616991, 24.4417207 ] } },
{ "type": "Feature", "properties": { "id": 1375, "state": "Manipur", "state_code": null, "district": "CHURACHANDPUR", "district_code": 274.0, "sub_district": null, "sub_district_code": null, "sub_district_type": null, "village": "Aina", "village_category": "Rural", "village_code": "13275554878" }, "geometry": { "type": "Point", "coordinates": [ 93.459436, 24.3969217 ] } },
{ "type": "Feature", "properties": { "id": 1376, "state": "Manipur", "state_code": null, "district": "CHURACHANDPUR", "district_code": 274.0, "sub_district": null, "sub_district_code": null, "sub_district_type": null, "village": "K. Tuiliphai", "village_category": "Rural", "village_code": "13275554893" }, "geometry": { "type": "Point", "coordinates": [ 93.4753525, 24.4010262 ] } },
{ "type": "Feature", "properties": { "id": 1377, "state": "Manipur", "state_code": null, "district": "CHURACHANDPUR", "district_code": 274.0, "sub_district": null, "sub_district_code": null, "sub_district_type": null, "village": "Lungchong", "village_category": "Rural", "village_code": "13275554903" }, "geometry": { "type": "Point", "coordinates": [ 93.484482, 24.3792453 ] } },
{ "type": "Feature", "properties": { "id": 1378, "state": "Manipur", "state_code": null, "district": "CHURACHANDPUR", "district_code": 274.0, "sub_district": null, "sub_district_code": null, "sub_district_type": null, "village": "Dohjang", "village_category": "Rural", "village_code": "13275778502" }, "geometry": { "type": "Point", "coordinates": [ 93.5298982, 24.4397189 ] } },
{ "type": "Feature", "properties": { "id": 1379, "state": "Manipur", "state_code": null, "district": "CHURACHANDPUR", "district_code": 274.0, "sub_district": null, "sub_district_code": null, "sub_district_type": null, "village": "Santing", "village_category": "Rural", "village_code": "13275778674" }, "geometry": { "type": "Point", "coordinates": [ 93.4346946, 24.3973668 ] } },
{ "type": "Feature", "properties": { "id": 1380, "state": "Manipur", "state_code": null, "district": "CHURACHANDPUR", "district_code": 274.0, "sub_district": null, "sub_district_code": null, "sub_district_type": null, "village": "Konpi", "village_category": "Rural", "village_code": "13275778675" }, "geometry": { "type": "Point", "coordinates": [ 93.4019918, 24.4339469 ] } },
{ "type": "Feature", "properties": { "id": 1381, "state": "Manipur", "state_code": null, "district": "CHURACHANDPUR", "district_code": 274.0, "sub_district": null, "sub_district_code": null, "sub_district_type": null, "village": "Maomual", "village_category": "Rural", "village_code": "13275778682" }, "geometry": { "type": "Point", "coordinates": [ 93.3975862, 24.4226827 ] } },
{ "type": "Feature", "properties": { "id": 1382, "state": "Manipur", "state_code": null, "district": "CHURACHANDPUR", "district_code": 274.0, "sub_district": null, "sub_district_code": null, "sub_district_type": null, "village": "Nungsai", "village_category": "Rural", "village_code": "13275945799" }, "geometry": { "type": "Point", "coordinates": [ 93.4390117, 24.4462223 ] } },
{ "type": "Feature", "properties": { "id": 1383, "state": "Manipur", "state_code": null, "district": "CHURACHANDPUR", "district_code": 274.0, "sub_district": null, "sub_district_code": null, "sub_district_type": null, "village": "Najang", "village_category": "Rural", "village_code": "13279813440" }, "geometry": { "type": "Point", "coordinates": [ 93.5133887, 24.5133727 ] } },
{ "type": "Feature", "properties": { "id": 1384, "state": "Manipur", "state_code": null, "district": "CHURACHANDPUR", "district_code": 274.0, "sub_district": null, "sub_district_code": null, "sub_district_type": null, "village": "Songphu", "village_category": "Rural", "village_code": "13279813573" }, "geometry": { "type": "Point", "coordinates": [ 93.5460787, 24.5504664 ] } },
{ "type": "Feature", "properties": { "id": 1385, "state": "Manipur", "state_code": null, "district": "NONEY", "district_code": 659.0, "sub_district": null, "sub_district_code": null, "sub_district_type": null, "village": "Neilen", "village_category": "Rural", "village_code": "13281236111" }, "geometry": { "type": "Point", "coordinates": [ 93.4700247, 24.5781923 ] } },
{ "type": "Feature", "properties": { "id": 1386, "state": "Manipur", "state_code": null, "district": "NONEY", "district_code": 659.0, "sub_district": null, "sub_district_code": null, "sub_district_type": null, "village": "Chingmei Kabui", "village_category": "Rural", "village_code": "13281236118" }, "geometry": { "type": "Point", "coordinates": [ 93.4516201, 24.6388977 ] } },
{ "type": "Feature", "properties": { "id": 1387, "state": "Manipur", "state_code": null, "district": "CHURACHANDPUR", "district_code": 274.0, "sub_district": null, "sub_district_code": null, "sub_district_type": null, "village": "T. Khonomphai", "village_category": "Rural", "village_code": "13281236120" }, "geometry": { "type": "Point", "coordinates": [ 93.5426788, 24.4518075 ] } },
{ "type": "Feature", "properties": { "id": 1388, "state": "Manipur", "state_code": null, "district": "CHURACHANDPUR", "district_code": 274.0, "sub_district": null, "sub_district_code": null, "sub_district_type": null, "village": "D. Munlui", "village_category": "Rural", "village_code": "13281236163" }, "geometry": { "type": "Point", "coordinates": [ 93.5228146, 24.4285164 ] } },
{ "type": "Feature", "properties": { "id": 1389, "state": "Manipur", "state_code": null, "district": "CHURACHANDPUR", "district_code": 274.0, "sub_district": null, "sub_district_code": null, "sub_district_type": null, "village": "Moldak", "village_category": "Rural", "village_code": "13281236192" }, "geometry": { "type": "Point", "coordinates": [ 93.5224652, 24.3993378 ] } },
{ "type": "Feature", "properties": { "id": 1390, "state": "Manipur", "state_code": null, "district": "KANGPOKPI", "district_code": 679.0, "sub_district": null, "sub_district_code": null, "sub_district_type": null, "village": "Bunglung", "village_category": "Rural", "village_code": "13282216508" }, "geometry": { "type": "Point", "coordinates": [ 94.0416228, 25.0743071 ] } },
{ "type": "Feature", "properties": { "id": 1391, "state": "Manipur", "state_code": null, "district": "KANGPOKPI", "district_code": 679.0, "sub_district": null, "sub_district_code": null, "sub_district_type": null, "village": "Tusam", "village_category": "Rural", "village_code": "13282216509" }, "geometry": { "type": "Point", "coordinates": [ 94.0491866, 25.0757405 ] } },
{ "type": "Feature", "properties": { "id": 1392, "state": "Manipur", "state_code": null, "district": "KANGPOKPI", "district_code": 679.0, "sub_district": null, "sub_district_code": null, "sub_district_type": null, "village": "Tengkonphai", "village_category": "Rural", "village_code": "13282216510" }, "geometry": { "type": "Point", "coordinates": [ 94.0592429, 25.0763422 ] } },
{ "type": "Feature", "properties": { "id": 1393, "state": "Manipur", "state_code": null, "district": "KANGPOKPI", "district_code": 679.0, "sub_district": null, "sub_district_code": null, "sub_district_type": null, "village": "H. Twinomjang", "village_category": "Rural", "village_code": "13282216511" }, "geometry": { "type": "Point", "coordinates": [ 94.0538382, 25.0807393 ] } },
{ "type": "Feature", "properties": { "id": 1394, "state": "Manipur", "state_code": null, "district": "KANGPOKPI", "district_code": 679.0, "sub_district": null, "sub_district_code": null, "sub_district_type": null, "village": "Pangjang", "village_category": "Rural", "village_code": "13282216512" }, "geometry": { "type": "Point", "coordinates": [ 94.0471595, 25.0876505 ] } },
{ "type": "Feature", "properties": { "id": 1395, "state": "Manipur", "state_code": null, "district": "KANGPOKPI", "district_code": 679.0, "sub_district": null, "sub_district_code": null, "sub_district_type": null, "village": "Phaikon", "village_category": "Rural", "village_code": "13282216576" }, "geometry": { "type": "Point", "coordinates": [ 94.0780854, 25.1326639 ] } },
{ "type": "Feature", "properties": { "id": 1396, "state": "Manipur", "state_code": null, "district": "KANGPOKPI", "district_code": 679.0, "sub_district": null, "sub_district_code": null, "sub_district_type": null, "village": "Ichai Goyang", "village_category": "Rural", "village_code": "13283628640" }, "geometry": { "type": "Point", "coordinates": [ 94.0108543, 25.0826061 ] } },
{ "type": "Feature", "properties": { "id": 1397, "state": "Manipur", "state_code": null, "district": "KANGPOKPI", "district_code": 679.0, "sub_district": null, "sub_district_code": null, "sub_district_type": null, "village": "Saikho", "village_category": "Rural", "village_code": "13283628643" }, "geometry": { "type": "Point", "coordinates": [ 94.0029351, 25.0892242 ] } },
{ "type": "Feature", "properties": { "id": 1398, "state": "Manipur", "state_code": null, "district": "KANGPOKPI", "district_code": 679.0, "sub_district": null, "sub_district_code": null, "sub_district_type": null, "village": "L. Haibung", "village_category": "Rural", "village_code": "13286094820" }, "geometry": { "type": "Point", "coordinates": [ 93.9512077, 25.0839857 ] } },
{ "type": "Feature", "properties": { "id": 1399, "state": "Manipur", "state_code": null, "district": "KANGPOKPI", "district_code": 679.0, "sub_district": null, "sub_district_code": null, "sub_district_type": null, "village": "Kahochangbung", "village_category": "Rural", "village_code": "13286094821" }, "geometry": { "type": "Point", "coordinates": [ 93.9498867, 25.0830504 ] } },
{ "type": "Feature", "properties": { "id": 1400, "state": "Manipur", "state_code": null, "district": "KANGPOKPI", "district_code": 679.0, "sub_district": null, "sub_district_code": null, "sub_district_type": null, "village": "Molvom", "village_category": "Rural", "village_code": "13286094822" }, "geometry": { "type": "Point", "coordinates": [ 93.952292, 25.0896032 ] } },
{ "type": "Feature", "properties": { "id": 1401, "state": "Manipur", "state_code": null, "district": "KANGPOKPI", "district_code": 679.0, "sub_district": null, "sub_district_code": null, "sub_district_type": null, "village": "Nungka", "village_category": "Rural", "village_code": "13286094853" }, "geometry": { "type": "Point", "coordinates": [ 94.0201324, 25.0595874 ] } },
{ "type": "Feature", "properties": { "id": 1402, "state": "Manipur", "state_code": null, "district": "KANGPOKPI", "district_code": 679.0, "sub_district": null, "sub_district_code": null, "sub_district_type": null, "village": "Molvom (old)", "village_category": "Rural", "village_code": "13286094901" }, "geometry": { "type": "Point", "coordinates": [ 93.9672266, 25.0870119 ] } },
{ "type": "Feature", "properties": { "id": 1403, "state": "Manipur", "state_code": null, "district": "KANGPOKPI", "district_code": 679.0, "sub_district": null, "sub_district_code": null, "sub_district_type": null, "village": "L. Haibung", "village_category": "Rural", "village_code": "13286309904" }, "geometry": { "type": "Point", "coordinates": [ 93.9512077, 25.0839857 ] } },
{ "type": "Feature", "properties": { "id": 1404, "state": "Manipur", "state_code": null, "district": "KANGPOKPI", "district_code": 679.0, "sub_district": null, "sub_district_code": null, "sub_district_type": null, "village": "Kahochangbung", "village_category": "Rural", "village_code": "13286309905" }, "geometry": { "type": "Point", "coordinates": [ 93.9498867, 25.0830504 ] } },
{ "type": "Feature", "properties": { "id": 1405, "state": "Manipur", "state_code": null, "district": "KANGPOKPI", "district_code": 679.0, "sub_district": null, "sub_district_code": null, "sub_district_type": null, "village": "Molvom", "village_category": "Rural", "village_code": "13286309906" }, "geometry": { "type": "Point", "coordinates": [ 93.952292, 25.0896032 ] } },
{ "type": "Feature", "properties": { "id": 1406, "state": "Manipur", "state_code": null, "district": "IMPHAL WEST", "district_code": 277.0, "sub_district": null, "sub_district_code": null, "sub_district_type": null, "village": "Tingri", "village_category": "Rural", "village_code": "13287043028" }, "geometry": { "type": "Point", "coordinates": [ 93.9075369, 24.921083 ] } },
{ "type": "Feature", "properties": { "id": 1407, "state": "Manipur", "state_code": null, "district": "KANGPOKPI", "district_code": 679.0, "sub_district": null, "sub_district_code": null, "sub_district_type": null, "village": "Mapao Christian", "village_category": "Rural", "village_code": "13287043029" }, "geometry": { "type": "Point", "coordinates": [ 93.9267265, 24.9056112 ] } },
{ "type": "Feature", "properties": { "id": 1408, "state": "Manipur", "state_code": null, "district": "IMPHAL EAST", "district_code": 278.0, "sub_district": null, "sub_district_code": null, "sub_district_type": null, "village": "Yumnam Khunou", "village_category": "Rural", "village_code": "13287043030" }, "geometry": { "type": "Point", "coordinates": [ 93.9922179, 24.9326326 ] } },
{ "type": "Feature", "properties": { "id": 1409, "state": "Manipur", "state_code": null, "district": "IMPHAL EAST", "district_code": 278.0, "sub_district": null, "sub_district_code": null, "sub_district_type": null, "village": "Sinam", "village_category": "Rural", "village_code": "13287043031" }, "geometry": { "type": "Point", "coordinates": [ 93.985224, 24.9480961 ] } },
{ "type": "Feature", "properties": { "id": 1410, "state": "Manipur", "state_code": null, "district": "IMPHAL EAST", "district_code": 278.0, "sub_district": null, "sub_district_code": null, "sub_district_type": null, "village": "Yumnam Khunou", "village_category": "Rural", "village_code": "13287043048" }, "geometry": { "type": "Point", "coordinates": [ 93.9879298, 24.9050684 ] } },
{ "type": "Feature", "properties": { "id": 1411, "state": "Manipur", "state_code": null, "district": "KANGPOKPI", "district_code": 679.0, "sub_district": null, "sub_district_code": null, "sub_district_type": null, "village": "Haipi", "village_category": "Rural", "village_code": "13287995983" }, "geometry": { "type": "Point", "coordinates": [ 93.9357995, 25.1219785 ] } },
{ "type": "Feature", "properties": { "id": 1412, "state": "Manipur", "state_code": null, "district": "KANGPOKPI", "district_code": 679.0, "sub_district": null, "sub_district_code": null, "sub_district_type": null, "village": "Gopibung", "village_category": "Rural", "village_code": "13287995984" }, "geometry": { "type": "Point", "coordinates": [ 93.9346059, 25.1243979 ] } },
{ "type": "Feature", "properties": { "id": 1413, "state": "Manipur", "state_code": null, "district": "CHURACHANDPUR", "district_code": 274.0, "sub_district": null, "sub_district_code": null, "sub_district_type": null, "village": "B. Khonom", "village_category": "Rural", "village_code": "13288674384" }, "geometry": { "type": "Point", "coordinates": [ 93.7204758, 24.4752473 ] } },
{ "type": "Feature", "properties": { "id": 1414, "state": "Manipur", "state_code": null, "district": "BISHNUPUR", "district_code": 275.0, "sub_district": null, "sub_district_code": null, "sub_district_type": null, "village": "Mualngat", "village_category": "Rural", "village_code": "13288674385" }, "geometry": { "type": "Point", "coordinates": [ 93.7269877, 24.4686055 ] } },
{ "type": "Feature", "properties": { "id": 1415, "state": "Manipur", "state_code": null, "district": "CHURACHANDPUR", "district_code": 274.0, "sub_district": null, "sub_district_code": null, "sub_district_type": null, "village": "Thoroilok", "village_category": "Rural", "village_code": "13288674386" }, "geometry": { "type": "Point", "coordinates": [ 93.7178646, 24.4643622 ] } },
{ "type": "Feature", "properties": { "id": 1416, "state": "Manipur", "state_code": null, "district": "CHURACHANDPUR", "district_code": 274.0, "sub_district": null, "sub_district_code": null, "sub_district_type": null, "village": "Pholjang", "village_category": "Rural", "village_code": "13288674387" }, "geometry": { "type": "Point", "coordinates": [ 93.7138519, 24.453032 ] } },
{ "type": "Feature", "properties": { "id": 1417, "state": "Manipur", "state_code": null, "district": "CHURACHANDPUR", "district_code": 274.0, "sub_district": null, "sub_district_code": null, "sub_district_type": null, "village": "T. Chavangphai", "village_category": "Rural", "village_code": "13288674388" }, "geometry": { "type": "Point", "coordinates": [ 93.711936, 24.4524897 ] } },
{ "type": "Feature", "properties": { "id": 1418, "state": "Manipur", "state_code": null, "district": "KANGPOKPI", "district_code": 679.0, "sub_district": null, "sub_district_code": null, "sub_district_type": null, "village": "Wakan", "village_category": "Rural", "village_code": "13289693594" }, "geometry": { "type": "Point", "coordinates": [ 93.9793507, 24.9449484 ] } },
{ "type": "Feature", "properties": { "id": 1419, "state": "Manipur", "state_code": null, "district": "KANGPOKPI", "district_code": 679.0, "sub_district": null, "sub_district_code": null, "sub_district_type": null, "village": "T. Wakanphai", "village_category": "Rural", "village_code": "13289742501" }, "geometry": { "type": "Point", "coordinates": [ 93.9900979, 24.9883905 ] } },
{ "type": "Feature", "properties": { "id": 1420, "state": "Manipur", "state_code": null, "district": "IMPHAL EAST", "district_code": 278.0, "sub_district": null, "sub_district_code": null, "sub_district_type": null, "village": "Unnamed Village", "village_category": "Rural", "village_code": "13289880382" }, "geometry": { "type": "Point", "coordinates": [ 94.0215452, 24.99281 ] } },
{ "type": "Feature", "properties": { "id": 1421, "state": "Manipur", "state_code": null, "district": "IMPHAL EAST", "district_code": 278.0, "sub_district": null, "sub_district_code": null, "sub_district_type": null, "village": "Yumnam Patlou", "village_category": "Rural", "village_code": "13289894502" }, "geometry": { "type": "Point", "coordinates": [ 94.0197382, 24.9508462 ] } },
{ "type": "Feature", "properties": { "id": 1422, "state": "Manipur", "state_code": null, "district": "IMPHAL EAST", "district_code": 278.0, "sub_district": null, "sub_district_code": null, "sub_district_type": null, "village": "Lamboi Khul", "village_category": "Rural", "village_code": "13289894503" }, "geometry": { "type": "Point", "coordinates": [ 94.0441061, 24.9379383 ] } },
{ "type": "Feature", "properties": { "id": 1423, "state": "Manipur", "state_code": null, "district": "IMPHAL EAST", "district_code": 278.0, "sub_district": null, "sub_district_code": null, "sub_district_type": null, "village": "Taret Khul", "village_category": "Rural", "village_code": "13289894508" }, "geometry": { "type": "Point", "coordinates": [ 94.0411222, 24.9242447 ] } },
{ "type": "Feature", "properties": { "id": 1424, "state": "Manipur", "state_code": null, "district": "IMPHAL EAST", "district_code": 278.0, "sub_district": null, "sub_district_code": null, "sub_district_type": null, "village": "Harourou", "village_category": "Rural", "village_code": "13289894509" }, "geometry": { "type": "Point", "coordinates": [ 93.9819136, 24.9121063 ] } },
{ "type": "Feature", "properties": { "id": 1425, "state": "Manipur", "state_code": null, "district": "IMPHAL EAST", "district_code": 278.0, "sub_district": null, "sub_district_code": null, "sub_district_type": null, "village": "Taorem", "village_category": "Rural", "village_code": "13289894510" }, "geometry": { "type": "Point", "coordinates": [ 93.9545899, 24.9044566 ] } },
{ "type": "Feature", "properties": { "id": 1426, "state": "Manipur", "state_code": null, "district": "CHURACHANDPUR", "district_code": 274.0, "sub_district": null, "sub_district_code": null, "sub_district_type": null, "village": "Tollen", "village_category": "Rural", "village_code": "13290637505" }, "geometry": { "type": "Point", "coordinates": [ 93.7056268, 24.4022127 ] } },
{ "type": "Feature", "properties": { "id": 1427, "state": "Manipur", "state_code": null, "district": "CHURACHANDPUR", "district_code": 274.0, "sub_district": null, "sub_district_code": null, "sub_district_type": null, "village": "Monglianphai", "village_category": "Rural", "village_code": "13290637580" }, "geometry": { "type": "Point", "coordinates": [ 93.7060013, 24.4038157 ] } },
{ "type": "Feature", "properties": { "id": 1428, "state": "Manipur", "state_code": null, "district": "KANGPOKPI", "district_code": 679.0, "sub_district": null, "sub_district_code": null, "sub_district_type": null, "village": "Tingpibung", "village_category": "Rural", "village_code": "13299241591" }, "geometry": { "type": "Point", "coordinates": [ 94.1321529, 25.0455373 ] } },
{ "type": "Feature", "properties": { "id": 1429, "state": "Manipur", "state_code": null, "district": "KANGPOKPI", "district_code": 679.0, "sub_district": null, "sub_district_code": null, "sub_district_type": null, "village": "Leplen", "village_category": "Rural", "village_code": "13299241601" }, "geometry": { "type": "Point", "coordinates": [ 94.1474388, 25.0211352 ] } },
{ "type": "Feature", "properties": { "id": 1430, "state": "Manipur", "state_code": null, "district": "KANGPOKPI", "district_code": 679.0, "sub_district": null, "sub_district_code": null, "sub_district_type": null, "village": "Dongsum", "village_category": "Rural", "village_code": "13299241604" }, "geometry": { "type": "Point", "coordinates": [ 94.1430145, 25.0125686 ] } },
{ "type": "Feature", "properties": { "id": 1431, "state": "Manipur", "state_code": null, "district": "UKHRUL", "district_code": 279.0, "sub_district": null, "sub_district_code": null, "sub_district_type": null, "village": "Muolsohoi", "village_category": "Rural", "village_code": "13299241627" }, "geometry": { "type": "Point", "coordinates": [ 94.149197, 24.9993694 ] } },
{ "type": "Feature", "properties": { "id": 1432, "state": "Manipur", "state_code": null, "district": "KANGPOKPI", "district_code": 679.0, "sub_district": null, "sub_district_code": null, "sub_district_type": null, "village": "Makeng Ngamneh", "village_category": "Rural", "village_code": "13299241643" }, "geometry": { "type": "Point", "coordinates": [ 94.0613749, 25.1276187 ] } },
{ "type": "Feature", "properties": { "id": 1433, "state": "Manipur", "state_code": null, "district": "KANGPOKPI", "district_code": 679.0, "sub_district": null, "sub_district_code": null, "sub_district_type": null, "village": "Walpabung", "village_category": "Rural", "village_code": "13299241655" }, "geometry": { "type": "Point", "coordinates": [ 94.0661794, 25.1276339 ] } },
{ "type": "Feature", "properties": { "id": 1434, "state": "Manipur", "state_code": null, "district": "SENAPATI", "district_code": 272.0, "sub_district": null, "sub_district_code": null, "sub_district_type": null, "village": "Makeng Katomei", "village_category": "Rural", "village_code": "13299689825" }, "geometry": { "type": "Point", "coordinates": [ 94.0335169, 25.2904832 ] } },
{ "type": "Feature", "properties": { "id": 1435, "state": "Manipur", "state_code": null, "district": "UKHRUL", "district_code": 279.0, "sub_district": null, "sub_district_code": null, "sub_district_type": null, "village": "Mongkot Chepu", "village_category": "Rural", "village_code": "13308652094" }, "geometry": { "type": "Point", "coordinates": [ 94.1976769, 24.950786 ] } },
{ "type": "Feature", "properties": { "id": 1436, "state": "Manipur", "state_code": null, "district": "UKHRUL", "district_code": 279.0, "sub_district": null, "sub_district_code": null, "sub_district_type": null, "village": "Litan", "village_category": "Rural", "village_code": "13308652095" }, "geometry": { "type": "Point", "coordinates": [ 94.2017485, 24.9549201 ] } },
{ "type": "Feature", "properties": { "id": 1437, "state": "Manipur", "state_code": null, "district": "KAMJANG", "district_code": 670.0, "sub_district": null, "sub_district_code": null, "sub_district_type": null, "village": "Sikibung", "village_category": "Rural", "village_code": "13308652096" }, "geometry": { "type": "Point", "coordinates": [ 94.1832358, 24.94537 ] } },
{ "type": "Feature", "properties": { "id": 1438, "state": "Manipur", "state_code": null, "district": "TAMENGLONG", "district_code": 273.0, "sub_district": null, "sub_district_code": null, "sub_district_type": null, "village": "Khundong Khunkhaiba", "village_category": "Rural", "village_code": "13311753826" }, "geometry": { "type": "Point", "coordinates": [ 93.7114718, 24.9577565 ] } },
{ "type": "Feature", "properties": { "id": 1439, "state": "Manipur", "state_code": null, "district": "NONEY", "district_code": 659.0, "sub_district": null, "sub_district_code": null, "sub_district_type": null, "village": "Phaibong", "village_category": "Rural", "village_code": "13317712603" }, "geometry": { "type": "Point", "coordinates": [ 93.4829455, 24.577509 ] } },
{ "type": "Feature", "properties": { "id": 1440, "state": "Manipur", "state_code": null, "district": "NONEY", "district_code": 659.0, "sub_district": null, "sub_district_code": null, "sub_district_type": null, "village": "Vangtungbung", "village_category": "Rural", "village_code": "13317712609" }, "geometry": { "type": "Point", "coordinates": [ 93.413813, 24.5725089 ] } },
{ "type": "Feature", "properties": { "id": 1441, "state": "Manipur", "state_code": null, "district": "NONEY", "district_code": 659.0, "sub_district": null, "sub_district_code": null, "sub_district_type": null, "village": "Chingmei Kuki", "village_category": "Rural", "village_code": "13317712614" }, "geometry": { "type": "Point", "coordinates": [ 93.4331455, 24.6077297 ] } },
{ "type": "Feature", "properties": { "id": 1442, "state": "Manipur", "state_code": null, "district": "NONEY", "district_code": 659.0, "sub_district": null, "sub_district_code": null, "sub_district_type": null, "village": "Luangpai", "village_category": "Rural", "village_code": "13317712615" }, "geometry": { "type": "Point", "coordinates": [ 93.4794203, 24.6448886 ] } },
{ "type": "Feature", "properties": { "id": 1443, "state": "Manipur", "state_code": null, "district": "NONEY", "district_code": 659.0, "sub_district": null, "sub_district_code": null, "sub_district_type": null, "village": "Khongjanglok", "village_category": "Rural", "village_code": "13317712629" }, "geometry": { "type": "Point", "coordinates": [ 93.5008924, 24.594279 ] } },
{ "type": "Feature", "properties": { "id": 1444, "state": "Manipur", "state_code": null, "district": "NONEY", "district_code": 659.0, "sub_district": null, "sub_district_code": null, "sub_district_type": null, "village": "Muibung", "village_category": "Rural", "village_code": "13317712634" }, "geometry": { "type": "Point", "coordinates": [ 93.4890672, 24.5950198 ] } },
{ "type": "Feature", "properties": { "id": 1445, "state": "Manipur", "state_code": null, "district": "NONEY", "district_code": 659.0, "sub_district": null, "sub_district_code": null, "sub_district_type": null, "village": "Mamong", "village_category": "Rural", "village_code": "13317712636" }, "geometry": { "type": "Point", "coordinates": [ 93.5146928, 24.5728951 ] } },
{ "type": "Feature", "properties": { "id": 1446, "state": "Manipur", "state_code": null, "district": "NONEY", "district_code": 659.0, "sub_district": null, "sub_district_code": null, "sub_district_type": null, "village": "Songkong", "village_category": "Rural", "village_code": "13317712922" }, "geometry": { "type": "Point", "coordinates": [ 93.5297094, 24.5957887 ] } },
{ "type": "Feature", "properties": { "id": 1447, "state": "Manipur", "state_code": null, "district": "IMPHAL EAST", "district_code": 278.0, "sub_district": null, "sub_district_code": null, "sub_district_type": null, "village": "Purum Khunou", "village_category": "Rural", "village_code": "13329382439" }, "geometry": { "type": "Point", "coordinates": [ 94.0249378, 25.0035806 ] } },
{ "type": "Feature", "properties": { "id": 1448, "state": "Manipur", "state_code": null, "district": "IMPHAL EAST", "district_code": 278.0, "sub_district": null, "sub_district_code": null, "sub_district_type": null, "village": "Khongjil Khongjai", "village_category": "Rural", "village_code": "13329382451" }, "geometry": { "type": "Point", "coordinates": [ 94.0239923, 25.0282344 ] } },
{ "type": "Feature", "properties": { "id": 1449, "state": "Manipur", "state_code": null, "district": "IMPHAL WEST", "district_code": 277.0, "sub_district": null, "sub_district_code": null, "sub_district_type": null, "village": "Heibongpokpi", "village_category": "Rural", "village_code": "13332451483" }, "geometry": { "type": "Point", "coordinates": [ 93.8451925, 24.8353179 ] } },
{ "type": "Feature", "properties": { "id": 1450, "state": "Manipur", "state_code": null, "district": "KANGPOKPI", "district_code": 679.0, "sub_district": null, "sub_district_code": null, "sub_district_type": null, "village": "Makeng Ngulrou", "village_category": "Rural", "village_code": "13337063745" }, "geometry": { "type": "Point", "coordinates": [ 94.0514896, 25.0769231 ] } },
{ "type": "Feature", "properties": { "id": 1451, "state": "Manipur", "state_code": null, "district": "KANGPOKPI", "district_code": 679.0, "sub_district": null, "sub_district_code": null, "sub_district_type": null, "village": "Hangoipat", "village_category": "Rural", "village_code": "13337070111" }, "geometry": { "type": "Point", "coordinates": [ 94.0594982, 25.0783265 ] } },
{ "type": "Feature", "properties": { "id": 1452, "state": "Manipur", "state_code": null, "district": "IMPHAL EAST", "district_code": 278.0, "sub_district": null, "sub_district_code": null, "sub_district_type": null, "village": "Changamdabi", "village_category": "Rural", "village_code": "13346962146" }, "geometry": { "type": "Point", "coordinates": [ 94.0771764, 24.6911117 ] } },
{ "type": "Feature", "properties": { "id": 1453, "state": "Manipur", "state_code": null, "district": "KANGPOKPI", "district_code": 679.0, "sub_district": null, "sub_district_code": null, "sub_district_type": null, "village": "Kamuching", "village_category": "Rural", "village_code": "13346962167" }, "geometry": { "type": "Point", "coordinates": [ 94.1187961, 24.722058 ] } },
{ "type": "Feature", "properties": { "id": 1454, "state": "Manipur", "state_code": null, "district": "KANGPOKPI", "district_code": 679.0, "sub_district": null, "sub_district_code": null, "sub_district_type": null, "village": "Bongbal Khullen", "village_category": "Rural", "village_code": "13347754024" }, "geometry": { "type": "Point", "coordinates": [ 94.1287879, 24.7379408 ] } },
{ "type": "Feature", "properties": { "id": 1455, "state": "Manipur", "state_code": null, "district": "KANGPOKPI", "district_code": 679.0, "sub_district": null, "sub_district_code": null, "sub_district_type": null, "village": "Leingangpokpi", "village_category": "Rural", "village_code": "13347754069" }, "geometry": { "type": "Point", "coordinates": [ 94.1302285, 24.7272951 ] } },
{ "type": "Feature", "properties": { "id": 1456, "state": "Manipur", "state_code": null, "district": "KANGPOKPI", "district_code": 679.0, "sub_district": null, "sub_district_code": null, "sub_district_type": null, "village": "Rishophung", "village_category": "Rural", "village_code": "13348953924" }, "geometry": { "type": "Point", "coordinates": [ 94.1178521, 24.7979909 ] } },
{ "type": "Feature", "properties": { "id": 1457, "state": "Manipur", "state_code": null, "district": "KANGPOKPI", "district_code": 679.0, "sub_district": null, "sub_district_code": null, "sub_district_type": null, "village": "Chaningpokpi", "village_category": "Rural", "village_code": "13348953952" }, "geometry": { "type": "Point", "coordinates": [ 94.1155273, 24.7959139 ] } },
{ "type": "Feature", "properties": { "id": 1458, "state": "Manipur", "state_code": null, "district": "KANGPOKPI", "district_code": 679.0, "sub_district": null, "sub_district_code": null, "sub_district_type": null, "village": "Leishiphung", "village_category": "Rural", "village_code": "13348953953" }, "geometry": { "type": "Point", "coordinates": [ 94.1146623, 24.7989271 ] } },
{ "type": "Feature", "properties": { "id": 1459, "state": "Manipur", "state_code": null, "district": "KANGPOKPI", "district_code": 679.0, "sub_district": null, "sub_district_code": null, "sub_district_type": null, "village": "Sadu Chiru", "village_category": "Rural", "village_code": "13354275545" }, "geometry": { "type": "Point", "coordinates": [ 93.7534345, 24.7385803 ] } },
{ "type": "Feature", "properties": { "id": 1460, "state": "Manipur", "state_code": null, "district": "IMPHAL WEST", "district_code": 277.0, "sub_district": null, "sub_district_code": null, "sub_district_type": null, "village": "Kangmong", "village_category": "Rural", "village_code": "13356242964" }, "geometry": { "type": "Point", "coordinates": [ 93.8044166, 24.7391534 ] } },
{ "type": "Feature", "properties": { "id": 1461, "state": "Manipur", "state_code": null, "district": "KANGPOKPI", "district_code": 679.0, "sub_district": null, "sub_district_code": null, "sub_district_type": null, "village": "Leimaram Waroiching", "village_category": "Rural", "village_code": "13356366324" }, "geometry": { "type": "Point", "coordinates": [ 93.7681676, 24.7303018 ] } },
{ "type": "Feature", "properties": { "id": 1462, "state": "Manipur", "state_code": null, "district": "KANGPOKPI", "district_code": 679.0, "sub_district": null, "sub_district_code": null, "sub_district_type": null, "village": "Unnamed Village", "village_category": "Rural", "village_code": "13356537059" }, "geometry": { "type": "Point", "coordinates": [ 93.7514538, 24.7422023 ] } },
{ "type": "Feature", "properties": { "id": 1463, "state": "Manipur", "state_code": null, "district": "KANGPOKPI", "district_code": 679.0, "sub_district": null, "sub_district_code": null, "sub_district_type": null, "village": "Joupi", "village_category": "Rural", "village_code": "13358446865" }, "geometry": { "type": "Point", "coordinates": [ 93.7583855, 24.7420141 ] } },
{ "type": "Feature", "properties": { "id": 1464, "state": "Manipur", "state_code": null, "district": "NONEY", "district_code": 659.0, "sub_district": null, "sub_district_code": null, "sub_district_type": null, "village": "Dolang Khunou", "village_category": "Rural", "village_code": "13359898006" }, "geometry": { "type": "Point", "coordinates": [ 93.7206102, 24.6665728 ] } },
{ "type": "Feature", "properties": { "id": 1465, "state": "Manipur", "state_code": null, "district": "NONEY", "district_code": 659.0, "sub_district": null, "sub_district_code": null, "sub_district_type": null, "village": "Nungang Kabui", "village_category": "Rural", "village_code": "13359988649" }, "geometry": { "type": "Point", "coordinates": [ 93.7290095, 24.6740087 ] } },
{ "type": "Feature", "properties": { "id": 1466, "state": "Manipur", "state_code": null, "district": "CHURACHANDPUR", "district_code": 274.0, "sub_district": null, "sub_district_code": null, "sub_district_type": null, "village": "Zoumunnuam", "village_category": "Rural", "village_code": "13364471712" }, "geometry": { "type": "Point", "coordinates": [ 93.7090122, 24.3486021 ] } },
{ "type": "Feature", "properties": { "id": 1467, "state": "Manipur", "state_code": null, "district": "CHURACHANDPUR", "district_code": 274.0, "sub_district": null, "sub_district_code": null, "sub_district_type": null, "village": "Phaikhothang", "village_category": "Rural", "village_code": "13364471797" }, "geometry": { "type": "Point", "coordinates": [ 93.6912487, 24.2803022 ] } },
{ "type": "Feature", "properties": { "id": 1468, "state": "Manipur", "state_code": null, "district": "CHURACHANDPUR", "district_code": 274.0, "sub_district": null, "sub_district_code": null, "sub_district_type": null, "village": "M. Shimuol", "village_category": "Rural", "village_code": "13364662438" }, "geometry": { "type": "Point", "coordinates": [ 93.697935, 24.2914862 ] } },
{ "type": "Feature", "properties": { "id": 1469, "state": "Manipur", "state_code": null, "district": "CHURACHANDPUR", "district_code": 274.0, "sub_district": null, "sub_district_code": null, "sub_district_type": null, "village": "Mualpi", "village_category": "Rural", "village_code": "13364662439" }, "geometry": { "type": "Point", "coordinates": [ 93.6987092, 24.3022706 ] } },
{ "type": "Feature", "properties": { "id": 1470, "state": "Manipur", "state_code": null, "district": "CHURACHANDPUR", "district_code": 274.0, "sub_district": null, "sub_district_code": null, "sub_district_type": null, "village": "Mualsang", "village_category": "Rural", "village_code": "13364662440" }, "geometry": { "type": "Point", "coordinates": [ 93.6952441, 24.3021025 ] } },
{ "type": "Feature", "properties": { "id": 1471, "state": "Manipur", "state_code": null, "district": "CHURACHANDPUR", "district_code": 274.0, "sub_district": null, "sub_district_code": null, "sub_district_type": null, "village": "Misao Lhahvom", "village_category": "Rural", "village_code": "13364662441" }, "geometry": { "type": "Point", "coordinates": [ 93.6961292, 24.2983501 ] } },
{ "type": "Feature", "properties": { "id": 1472, "state": "Manipur", "state_code": null, "district": "CHURACHANDPUR", "district_code": 274.0, "sub_district": null, "sub_district_code": null, "sub_district_type": null, "village": "Mualkot", "village_category": "Rural", "village_code": "13364662442" }, "geometry": { "type": "Point", "coordinates": [ 93.6993344, 24.3058548 ] } },
{ "type": "Feature", "properties": { "id": 1473, "state": "Manipur", "state_code": null, "district": "CHURACHANDPUR", "district_code": 274.0, "sub_district": null, "sub_district_code": null, "sub_district_type": null, "village": "Laimanai", "village_category": "Rural", "village_code": "13367909052" }, "geometry": { "type": "Point", "coordinates": [ 93.7061451, 24.5836177 ] } },
{ "type": "Feature", "properties": { "id": 1474, "state": "Manipur", "state_code": null, "district": "CHANDEL", "district_code": 280.0, "sub_district": null, "sub_district_code": null, "sub_district_type": null, "village": "Tokpa Ching", "village_category": "Rural", "village_code": "13370683759" }, "geometry": { "type": "Point", "coordinates": [ 93.901308, 24.2973022 ] } },
{ "type": "Feature", "properties": { "id": 1475, "state": "Manipur", "state_code": null, "district": "CHURACHANDPUR", "district_code": 274.0, "sub_district": null, "sub_district_code": null, "sub_district_type": null, "village": "G. Gamphazawl", "village_category": "Rural", "village_code": "13373028555" }, "geometry": { "type": "Point", "coordinates": [ 93.7676839, 24.085957 ] } },
{ "type": "Feature", "properties": { "id": 1476, "state": "Manipur", "state_code": null, "district": "CHURACHANDPUR", "district_code": 274.0, "sub_district": null, "sub_district_code": null, "sub_district_type": null, "village": "Sialshi", "village_category": "Rural", "village_code": "13373028572" }, "geometry": { "type": "Point", "coordinates": [ 93.771353, 24.1130084 ] } },
{ "type": "Feature", "properties": { "id": 1477, "state": "Manipur", "state_code": null, "district": "KANGPOKPI", "district_code": 679.0, "sub_district": null, "sub_district_code": null, "sub_district_type": null, "village": "Aigejang", "village_category": "Rural", "village_code": "13375126863" }, "geometry": { "type": "Point", "coordinates": [ 93.7527002, 24.7118069 ] } },
{ "type": "Feature", "properties": { "id": 1478, "state": "Manipur", "state_code": null, "district": "BISHNUPUR", "district_code": 275.0, "sub_district": null, "sub_district_code": null, "sub_district_type": null, "village": "Kabowakching", "village_category": "Rural", "village_code": "13375741049" }, "geometry": { "type": "Point", "coordinates": [ 93.8071875, 24.7208807 ] } },
{ "type": "Feature", "properties": { "id": 1479, "state": "Manipur", "state_code": null, "district": "BISHNUPUR", "district_code": 275.0, "sub_district": null, "sub_district_code": null, "sub_district_type": null, "village": "Kabowakching Khunou", "village_category": "Rural", "village_code": "13375741067" }, "geometry": { "type": "Point", "coordinates": [ 93.8019036, 24.7256072 ] } },
{ "type": "Feature", "properties": { "id": 1480, "state": "Manipur", "state_code": null, "district": "BISHNUPUR", "district_code": 275.0, "sub_district": null, "sub_district_code": null, "sub_district_type": null, "village": "Balramkhul", "village_category": "Rural", "village_code": "13375741068" }, "geometry": { "type": "Point", "coordinates": [ 93.8158645, 24.7222207 ] } },
{ "type": "Feature", "properties": { "id": 1481, "state": "Manipur", "state_code": null, "district": "KANGPOKPI", "district_code": 679.0, "sub_district": null, "sub_district_code": null, "sub_district_type": null, "village": "Jampi", "village_category": "Rural", "village_code": "13379076565" }, "geometry": { "type": "Point", "coordinates": [ 93.8474836, 25.0007276 ] } },
{ "type": "Feature", "properties": { "id": 1482, "state": "Manipur", "state_code": null, "district": "CHURACHANDPUR", "district_code": 274.0, "sub_district": null, "sub_district_code": null, "sub_district_type": null, "village": "Unnamed Village", "village_category": "Rural", "village_code": "13383152933" }, "geometry": { "type": "Point", "coordinates": [ 93.7015383, 24.4095087 ] } },
{ "type": "Feature", "properties": { "id": 1483, "state": "Manipur", "state_code": null, "district": "CHURACHANDPUR", "district_code": 274.0, "sub_district": null, "sub_district_code": null, "sub_district_type": null, "village": "S. Phaipijang", "village_category": "Rural", "village_code": "13383152934" }, "geometry": { "type": "Point", "coordinates": [ 93.7050319, 24.4122076 ] } },
{ "type": "Feature", "properties": { "id": 1484, "state": "Manipur", "state_code": null, "district": "CHURACHANDPUR", "district_code": 274.0, "sub_district": null, "sub_district_code": null, "sub_district_type": null, "village": "Saidan", "village_category": "Rural", "village_code": "13387626108" }, "geometry": { "type": "Point", "coordinates": [ 93.7196457, 24.3680262 ] } },
{ "type": "Feature", "properties": { "id": 1485, "state": "Manipur", "state_code": null, "district": "CHURACHANDPUR", "district_code": 274.0, "sub_district": null, "sub_district_code": null, "sub_district_type": null, "village": "Dumlian", "village_category": "Rural", "village_code": "13387658725" }, "geometry": { "type": "Point", "coordinates": [ 93.805356, 24.3428575 ] } },
{ "type": "Feature", "properties": { "id": 1486, "state": "Manipur", "state_code": null, "district": "CHURACHANDPUR", "district_code": 274.0, "sub_district": null, "sub_district_code": null, "sub_district_type": null, "village": "T. Gamnom", "village_category": "Rural", "village_code": "13387734064" }, "geometry": { "type": "Point", "coordinates": [ 93.7446338, 24.3206121 ] } },
{ "type": "Feature", "properties": { "id": 1487, "state": "Manipur", "state_code": null, "district": "BISHNUPUR", "district_code": 275.0, "sub_district": null, "sub_district_code": null, "sub_district_type": null, "village": "D. Gellenjang", "village_category": "Rural", "village_code": "13394219269" }, "geometry": { "type": "Point", "coordinates": [ 93.7741736, 24.3770526 ] } },
{ "type": "Feature", "properties": { "id": 1488, "state": "Manipur", "state_code": null, "district": "CHURACHANDPUR", "district_code": 274.0, "sub_district": null, "sub_district_code": null, "sub_district_type": null, "village": "Sihjang", "village_category": "Rural", "village_code": "13394219270" }, "geometry": { "type": "Point", "coordinates": [ 93.7828372, 24.3781978 ] } },
{ "type": "Feature", "properties": { "id": 1489, "state": "Manipur", "state_code": null, "district": "BISHNUPUR", "district_code": 275.0, "sub_district": null, "sub_district_code": null, "sub_district_type": null, "village": "Haotak Keirap", "village_category": "Rural", "village_code": "13394219271" }, "geometry": { "type": "Point", "coordinates": [ 93.7707806, 24.3780304 ] } },
{ "type": "Feature", "properties": { "id": 1490, "state": "Manipur", "state_code": null, "district": "CHURACHANDPUR", "district_code": 274.0, "sub_district": null, "sub_district_code": null, "sub_district_type": null, "village": "O. Songlung", "village_category": "Rural", "village_code": "13438036186" }, "geometry": { "type": "Point", "coordinates": [ 93.7338081, 24.3961956 ] } },
{ "type": "Feature", "properties": { "id": 1491, "state": "Manipur", "state_code": null, "district": "BISHNUPUR", "district_code": 275.0, "sub_district": null, "sub_district_code": null, "sub_district_type": null, "village": "Pumkot Minjang", "village_category": "Rural", "village_code": "13438043861" }, "geometry": { "type": "Point", "coordinates": [ 93.7574003, 24.4100758 ] } },
{ "type": "Feature", "properties": { "id": 1492, "state": "Manipur", "state_code": null, "district": "BISHNUPUR", "district_code": 275.0, "sub_district": null, "sub_district_code": null, "sub_district_type": null, "village": "Lailampat", "village_category": "Rural", "village_code": "13438052422" }, "geometry": { "type": "Point", "coordinates": [ 93.7627583, 24.409671 ] } },
{ "type": "Feature", "properties": { "id": 1493, "state": "Manipur", "state_code": null, "district": "BISHNUPUR", "district_code": 275.0, "sub_district": null, "sub_district_code": null, "sub_district_type": null, "village": "Kha Thingungei", "village_category": "Rural", "village_code": "13443958836" }, "geometry": { "type": "Point", "coordinates": [ 93.7925446, 24.4467726 ] } },
{ "type": "Feature", "properties": { "id": 1494, "state": "Manipur", "state_code": null, "district": "BISHNUPUR", "district_code": 275.0, "sub_district": null, "sub_district_code": null, "sub_district_type": null, "village": "Gamnomphai", "village_category": "Rural", "village_code": "13443958837" }, "geometry": { "type": "Point", "coordinates": [ 93.7467861, 24.419859 ] } },
{ "type": "Feature", "properties": { "id": 1495, "state": "Manipur", "state_code": null, "district": "CHURACHANDPUR", "district_code": 274.0, "sub_district": null, "sub_district_code": null, "sub_district_type": null, "village": "Unnamed Village", "village_category": "Rural", "village_code": "13444031188" }, "geometry": { "type": "Point", "coordinates": [ 93.7503377, 24.322297 ] } },
{ "type": "Feature", "properties": { "id": 1496, "state": "Manipur", "state_code": null, "district": "TENGNOUPAL", "district_code": 667.0, "sub_district": null, "sub_district_code": null, "sub_district_type": null, "village": "Unnamed Village", "village_category": "Rural", "village_code": "13462259282" }, "geometry": { "type": "Point", "coordinates": [ 94.3195313, 24.3025603 ] } },
{ "type": "Feature", "properties": { "id": 1497, "state": "Manipur", "state_code": null, "district": "TAMENGLONG", "district_code": 273.0, "sub_district": null, "sub_district_code": null, "sub_district_type": null, "village": "Sehjang", "village_category": "Rural", "village_code": "13504884094" }, "geometry": { "type": "Point", "coordinates": [ 93.6978873, 24.7900557 ] } },
{ "type": "Feature", "properties": { "id": 1498, "state": "Manipur", "state_code": null, "district": "PHERZAWL", "district_code": 718.0, "sub_district": null, "sub_district_code": null, "sub_district_type": null, "village": "Maite", "village_category": "Rural", "village_code": "13587535190" }, "geometry": { "type": "Point", "coordinates": [ 93.4842824, 24.3433385 ] } },
{ "type": "Feature", "properties": { "id": 1499, "state": "Manipur", "state_code": null, "district": "PHERZAWL", "district_code": 718.0, "sub_district": null, "sub_district_code": null, "sub_district_type": null, "village": "Tuilijang", "village_category": "Rural", "village_code": "13587535191" }, "geometry": { "type": "Point", "coordinates": [ 93.4874994, 24.3406449 ] } },
{ "type": "Feature", "properties": { "id": 1500, "state": "Manipur", "state_code": null, "district": "PHERZAWL", "district_code": 718.0, "sub_district": null, "sub_district_code": null, "sub_district_type": null, "village": "L. Phungchongjang", "village_category": "Rural", "village_code": "13587535192" }, "geometry": { "type": "Point", "coordinates": [ 93.4789763, 24.3092276 ] } },
{ "type": "Feature", "properties": { "id": 1501, "state": "Manipur", "state_code": null, "district": "PHERZAWL", "district_code": 718.0, "sub_district": null, "sub_district_code": null, "sub_district_type": null, "village": "Sinjang", "village_category": "Rural", "village_code": "13587535195" }, "geometry": { "type": "Point", "coordinates": [ 93.3917483, 24.3061812 ] } },
{ "type": "Feature", "properties": { "id": 1502, "state": "Manipur", "state_code": null, "district": "PHERZAWL", "district_code": 718.0, "sub_district": null, "sub_district_code": null, "sub_district_type": null, "village": "Umtal", "village_category": "Rural", "village_code": "13587545819" }, "geometry": { "type": "Point", "coordinates": [ 93.437524, 24.2162951 ] } },
{ "type": "Feature", "properties": { "id": 1503, "state": "Manipur", "state_code": null, "district": "BISHNUPUR", "district_code": 275.0, "sub_district": null, "sub_district_code": null, "sub_district_type": null, "village": "Gelmol", "village_category": "Rural", "village_code": "13590657652" }, "geometry": { "type": "Point", "coordinates": [ 93.7385459, 24.4808049 ] } },
{ "type": "Feature", "properties": { "id": 1504, "state": "Manipur", "state_code": null, "district": "BISHNUPUR", "district_code": 275.0, "sub_district": null, "sub_district_code": null, "sub_district_type": null, "village": "Ujungmakhong", "village_category": "Rural", "village_code": "13590657653" }, "geometry": { "type": "Point", "coordinates": [ 93.7410534, 24.4901323 ] } },
{ "type": "Feature", "properties": { "id": 1505, "state": "Manipur", "state_code": null, "district": "BISHNUPUR", "district_code": 275.0, "sub_district": null, "sub_district_code": null, "sub_district_type": null, "village": "Senpangjar", "village_category": "Rural", "village_code": "13590657654" }, "geometry": { "type": "Point", "coordinates": [ 93.7418862, 24.4958579 ] } },
{ "type": "Feature", "properties": { "id": 1506, "state": "Manipur", "state_code": null, "district": "BISHNUPUR", "district_code": 275.0, "sub_district": null, "sub_district_code": null, "sub_district_type": null, "village": "Kangathei", "village_category": "Rural", "village_code": "13590657655" }, "geometry": { "type": "Point", "coordinates": [ 93.7390796, 24.5044244 ] } },
{ "type": "Feature", "properties": { "id": 1507, "state": "Manipur", "state_code": null, "district": "CHURACHANDPUR", "district_code": 274.0, "sub_district": null, "sub_district_code": null, "sub_district_type": null, "village": "Bunglon", "village_category": "Rural", "village_code": "13590657656" }, "geometry": { "type": "Point", "coordinates": [ 93.7249218, 24.5009319 ] } },
{ "type": "Feature", "properties": { "id": 1508, "state": "Manipur", "state_code": null, "district": "CHURACHANDPUR", "district_code": 274.0, "sub_district": null, "sub_district_code": null, "sub_district_type": null, "village": "Bijang Gangte", "village_category": "Rural", "village_code": "13590657670" }, "geometry": { "type": "Point", "coordinates": [ 93.7200296, 24.4768445 ] } },
{ "type": "Feature", "properties": { "id": 1509, "state": "Manipur", "state_code": null, "district": "CHURACHANDPUR", "district_code": 274.0, "sub_district": null, "sub_district_code": null, "sub_district_type": null, "village": "L. Maovom", "village_category": "Rural", "village_code": "13590657671" }, "geometry": { "type": "Point", "coordinates": [ 93.7145786, 24.4700033 ] } },
{ "type": "Feature", "properties": { "id": 1510, "state": "Manipur", "state_code": null, "district": "CHURACHANDPUR", "district_code": 274.0, "sub_district": null, "sub_district_code": null, "sub_district_type": null, "village": "P. Boljang", "village_category": "Rural", "village_code": "13590657672" }, "geometry": { "type": "Point", "coordinates": [ 93.7184824, 24.4692297 ] } },
{ "type": "Feature", "properties": { "id": 1511, "state": "Manipur", "state_code": null, "district": "CHURACHANDPUR", "district_code": 274.0, "sub_district": null, "sub_district_code": null, "sub_district_type": null, "village": "Bungpilon", "village_category": "Rural", "village_code": "13590657691" }, "geometry": { "type": "Point", "coordinates": [ 93.7023544, 24.469982 ] } },
{ "type": "Feature", "properties": { "id": 1512, "state": "Manipur", "state_code": null, "district": "CHURACHANDPUR", "district_code": 274.0, "sub_district": null, "sub_district_code": null, "sub_district_type": null, "village": "Bijang Tampak", "village_category": "Rural", "village_code": "13593155108" }, "geometry": { "type": "Point", "coordinates": [ 93.7192946, 24.4873369 ] } },
{ "type": "Feature", "properties": { "id": 1513, "state": "Manipur", "state_code": null, "district": "BISHNUPUR", "district_code": 275.0, "sub_district": null, "sub_district_code": null, "sub_district_type": null, "village": "L. Phainom", "village_category": "Rural", "village_code": "13593155140" }, "geometry": { "type": "Point", "coordinates": [ 93.7336549, 24.5033538 ] } },
{ "type": "Feature", "properties": { "id": 1514, "state": "Manipur", "state_code": null, "district": "CHURACHANDPUR", "district_code": 274.0, "sub_district": null, "sub_district_code": null, "sub_district_type": null, "village": "Laimanai Kuki", "village_category": "Rural", "village_code": "13620908700" }, "geometry": { "type": "Point", "coordinates": [ 93.7061373, 24.4682569 ] } },
{ "type": "Feature", "properties": { "id": 1515, "state": "Manipur", "state_code": null, "district": "CHURACHANDPUR", "district_code": 274.0, "sub_district": null, "sub_district_code": null, "sub_district_type": null, "village": "Phoisanbung", "village_category": "Rural", "village_code": "13638936947" }, "geometry": { "type": "Point", "coordinates": [ 93.7164123, 24.4573256 ] } },
{ "type": "Feature", "properties": { "id": 1516, "state": "Manipur", "state_code": null, "district": "BISHNUPUR", "district_code": 275.0, "sub_district": null, "sub_district_code": null, "sub_district_type": null, "village": "Phoisenphai", "village_category": "Rural", "village_code": "13723913893" }, "geometry": { "type": "Point", "coordinates": [ 93.7229751, 24.4493958 ] } },
{ "type": "Feature", "properties": { "id": 1517, "state": "Manipur", "state_code": null, "district": "BISHNUPUR", "district_code": 275.0, "sub_district": null, "sub_district_code": null, "sub_district_type": null, "village": "Ukhatampak", "village_category": "Rural", "village_code": "13723913894" }, "geometry": { "type": "Point", "coordinates": [ 93.7234043, 24.4517031 ] } },
{ "type": "Feature", "properties": { "id": 1518, "state": "Manipur", "state_code": null, "district": "CHANDEL", "district_code": 280.0, "sub_district": null, "sub_district_code": null, "sub_district_type": null, "village": "Khebungphe", "village_category": "Rural", "village_code": "13738262194" }, "geometry": { "type": "Point", "coordinates": [ 93.9238348, 24.1795488 ] } },
{ "type": "Feature", "properties": { "id": 1519, "state": "Manipur", "state_code": null, "district": "KANGPOKPI", "district_code": 679.0, "sub_district": null, "sub_district_code": null, "sub_district_type": null, "village": "South Changoubung", "village_category": "Rural", "village_code": "13748887102" }, "geometry": { "type": "Point", "coordinates": [ 93.9693339, 25.1724192 ] } },
{ "type": "Feature", "properties": { "id": 1520, "state": "Manipur", "state_code": null, "district": "KANGPOKPI", "district_code": 679.0, "sub_district": null, "sub_district_code": null, "sub_district_type": null, "village": "Tumuyon Khullen", "village_category": "Rural", "village_code": "13748887109" }, "geometry": { "type": "Point", "coordinates": [ 93.9796606, 25.1858999 ] } },
{ "type": "Feature", "properties": { "id": 1521, "state": "Manipur", "state_code": null, "district": "KANGPOKPI", "district_code": 679.0, "sub_district": null, "sub_district_code": null, "sub_district_type": null, "village": "Maohing Kuki", "village_category": "Rural", "village_code": "13748887110" }, "geometry": { "type": "Point", "coordinates": [ 93.9582297, 25.1831511 ] } },
{ "type": "Feature", "properties": { "id": 1522, "state": "Manipur", "state_code": null, "district": "KANGPOKPI", "district_code": 679.0, "sub_district": null, "sub_district_code": null, "sub_district_type": null, "village": "Upper Maohing", "village_category": "Rural", "village_code": "13748887111" }, "geometry": { "type": "Point", "coordinates": [ 93.949759, 25.1886269 ] } },
{ "type": "Feature", "properties": { "id": 1523, "state": "Manipur", "state_code": null, "district": "KANGPOKPI", "district_code": 679.0, "sub_district": null, "sub_district_code": null, "sub_district_type": null, "village": "Maohing Nepali", "village_category": "Rural", "village_code": "13748887112" }, "geometry": { "type": "Point", "coordinates": [ 93.9631157, 25.1798044 ] } },
{ "type": "Feature", "properties": { "id": 1524, "state": "Manipur", "state_code": null, "district": "KANGPOKPI", "district_code": 679.0, "sub_district": null, "sub_district_code": null, "sub_district_type": null, "village": "Hengbung", "village_category": "Rural", "village_code": "13749164275" }, "geometry": { "type": "Point", "coordinates": [ 93.998216, 25.2241706 ] } },
{ "type": "Feature", "properties": { "id": 1525, "state": "Manipur", "state_code": null, "district": "UKHRUL", "district_code": 279.0, "sub_district": null, "sub_district_code": null, "sub_district_type": null, "village": "K. Mollen", "village_category": "Rural", "village_code": "13764456786" }, "geometry": { "type": "Point", "coordinates": [ 94.1189322, 25.0680827 ] } },
{ "type": "Feature", "properties": { "id": 1526, "state": "Manipur", "state_code": null, "district": "KANGPOKPI", "district_code": 679.0, "sub_district": null, "sub_district_code": null, "sub_district_type": null, "village": "Gampum", "village_category": "Rural", "village_code": "13764468309" }, "geometry": { "type": "Point", "coordinates": [ 94.1133358, 25.0753424 ] } },
{ "type": "Feature", "properties": { "id": 1527, "state": "Manipur", "state_code": null, "district": "UKHRUL", "district_code": 279.0, "sub_district": null, "sub_district_code": null, "sub_district_type": null, "village": "Khomunnom", "village_category": "Rural", "village_code": "13764468310" }, "geometry": { "type": "Point", "coordinates": [ 94.124239, 25.0921649 ] } },
{ "type": "Feature", "properties": { "id": 1528, "state": "Manipur", "state_code": null, "district": "KANGPOKPI", "district_code": 679.0, "sub_district": null, "sub_district_code": null, "sub_district_type": null, "village": "Jangnoi", "village_category": "Rural", "village_code": "13764468311" }, "geometry": { "type": "Point", "coordinates": [ 94.121597, 25.0986382 ] } },
{ "type": "Feature", "properties": { "id": 1529, "state": "Manipur", "state_code": null, "district": "KANGPOKPI", "district_code": 679.0, "sub_district": null, "sub_district_code": null, "sub_district_type": null, "village": "Gangpikon", "village_category": "Rural", "village_code": "13764468328" }, "geometry": { "type": "Point", "coordinates": [ 94.1198536, 25.0553467 ] } },
{ "type": "Feature", "properties": { "id": 1530, "state": "Manipur", "state_code": null, "district": "UKHRUL", "district_code": 279.0, "sub_district": null, "sub_district_code": null, "sub_district_type": null, "village": "Mullam", "village_category": "Rural", "village_code": "13764737230" }, "geometry": { "type": "Point", "coordinates": [ 94.1924517, 25.033302 ] } },
{ "type": "Feature", "properties": { "id": 1531, "state": "Manipur", "state_code": null, "district": "UKHRUL", "district_code": 279.0, "sub_district": null, "sub_district_code": null, "sub_district_type": null, "village": "Shongphel", "village_category": "Rural", "village_code": "13764743627" }, "geometry": { "type": "Point", "coordinates": [ 94.1851765, 25.0130278 ] } },
{ "type": "Feature", "properties": { "id": 1532, "state": "Manipur", "state_code": null, "district": "KAMJANG", "district_code": 670.0, "sub_district": null, "sub_district_code": null, "sub_district_type": null, "village": "Nampisha", "village_category": "Rural", "village_code": "13812146040" }, "geometry": { "type": "Point", "coordinates": [ 94.5017954, 24.7155284 ] } },
{ "type": "Feature", "properties": { "id": 1533, "state": "Manipur", "state_code": null, "district": "KAMJANG", "district_code": 670.0, "sub_district": null, "sub_district_code": null, "sub_district_type": null, "village": "Wanglee Market", "village_category": "Rural", "village_code": "13812146049" }, "geometry": { "type": "Point", "coordinates": [ 94.4326249, 24.5103226 ] } },
{ "type": "Feature", "properties": { "id": 1534, "state": "Manipur", "state_code": null, "district": "KAMJANG", "district_code": 670.0, "sub_district": null, "sub_district_code": null, "sub_district_type": null, "village": "Namlee Market", "village_category": "Rural", "village_code": "13812146050" }, "geometry": { "type": "Point", "coordinates": [ 94.4268045, 24.5000476 ] } },
{ "type": "Feature", "properties": { "id": 1535, "state": "Manipur", "state_code": null, "district": "KAMJANG", "district_code": 670.0, "sub_district": null, "sub_district_code": null, "sub_district_type": null, "village": "Kangkum", "village_category": "Rural", "village_code": "13812146076" }, "geometry": { "type": "Point", "coordinates": [ 94.4064806, 24.5995684 ] } },
{ "type": "Feature", "properties": { "id": 1536, "state": "Manipur", "state_code": null, "district": "KAMJANG", "district_code": 670.0, "sub_district": null, "sub_district_code": null, "sub_district_type": null, "village": "Lanchah", "village_category": "Rural", "village_code": "13816245044" }, "geometry": { "type": "Point", "coordinates": [ 94.5504289, 25.0281834 ] } },
{ "type": "Feature", "properties": { "id": 1537, "state": "Manipur", "state_code": null, "district": "UKHRUL", "district_code": 279.0, "sub_district": null, "sub_district_code": null, "sub_district_type": null, "village": "Sahamphung", "village_category": "Rural", "village_code": "13816269616" }, "geometry": { "type": "Point", "coordinates": [ 94.5502639, 25.0460307 ] } },
{ "type": "Feature", "properties": { "id": 1538, "state": "Manipur", "state_code": null, "district": "KAMJANG", "district_code": 670.0, "sub_district": null, "sub_district_code": null, "sub_district_type": null, "village": "Roni", "village_category": "Rural", "village_code": "13816269634" }, "geometry": { "type": "Point", "coordinates": [ 94.5698574, 25.0551975 ] } },
{ "type": "Feature", "properties": { "id": 1539, "state": "Manipur", "state_code": null, "district": "KAMJANG", "district_code": 670.0, "sub_district": null, "sub_district_code": null, "sub_district_type": null, "village": "Aloyo", "village_category": "Rural", "village_code": "13817952182" }, "geometry": { "type": "Point", "coordinates": [ 94.4924079, 24.588532 ] } },
{ "type": "Feature", "properties": { "id": 1540, "state": "Manipur", "state_code": null, "district": "KAMJANG", "district_code": 670.0, "sub_district": null, "sub_district_code": null, "sub_district_type": null, "village": "Huimin Thana", "village_category": "Rural", "village_code": "13818907065" }, "geometry": { "type": "Point", "coordinates": [ 94.5561964, 24.7168798 ] } },
{ "type": "Feature", "properties": { "id": 1541, "state": "Manipur", "state_code": null, "district": "KAMJANG", "district_code": 670.0, "sub_district": null, "sub_district_code": null, "sub_district_type": null, "village": "Z. Choro", "village_category": "Rural", "village_code": "13822812425" }, "geometry": { "type": "Point", "coordinates": [ 94.4864215, 24.5738386 ] } },
{ "type": "Feature", "properties": { "id": 1542, "state": "Manipur", "state_code": null, "district": "KANGPOKPI", "district_code": 679.0, "sub_district": null, "sub_district_code": null, "sub_district_type": null, "village": "Kotzim", "village_category": "Rural", "village_code": "13828520652" }, "geometry": { "type": "Point", "coordinates": [ 93.7695476, 24.8639065 ] } },
{ "type": "Feature", "properties": { "id": 1543, "state": "Manipur", "state_code": null, "district": "KAMJANG", "district_code": 670.0, "sub_district": null, "sub_district_code": null, "sub_district_type": null, "village": "Kaka", "village_category": "Rural", "village_code": "13844582340" }, "geometry": { "type": "Point", "coordinates": [ 94.4556399, 24.5617653 ] } },
{ "type": "Feature", "properties": { "id": 1544, "state": "Manipur", "state_code": null, "district": "KANGPOKPI", "district_code": 679.0, "sub_district": null, "sub_district_code": null, "sub_district_type": null, "village": "H. Laikot", "village_category": "Rural", "village_code": "13846671198" }, "geometry": { "type": "Point", "coordinates": [ 93.972124, 25.1646472 ] } },
{ "type": "Feature", "properties": { "id": 1545, "state": "Manipur", "state_code": null, "district": "KANGPOKPI", "district_code": 679.0, "sub_district": null, "sub_district_code": null, "sub_district_type": null, "village": "Veitum Khullen", "village_category": "Rural", "village_code": "13874380711" }, "geometry": { "type": "Point", "coordinates": [ 93.7510505, 24.8206519 ] } },
{ "type": "Feature", "properties": { "id": 1546, "state": "Manipur", "state_code": null, "district": "KANGPOKPI", "district_code": 679.0, "sub_district": null, "sub_district_code": null, "sub_district_type": null, "village": "Ramrei", "village_category": "Rural", "village_code": "13877760195" }, "geometry": { "type": "Point", "coordinates": [ 94.1344628, 24.8850927 ] } },
{ "type": "Feature", "properties": { "id": 1547, "state": "Manipur", "state_code": null, "district": "KAMJANG", "district_code": 670.0, "sub_district": null, "sub_district_code": null, "sub_district_type": null, "village": "Lungphu", "village_category": "Rural", "village_code": "13879258813" }, "geometry": { "type": "Point", "coordinates": [ 94.2496418, 24.9397669 ] } },
{ "type": "Feature", "properties": { "id": 1548, "state": "Manipur", "state_code": null, "district": "KAMJANG", "district_code": 670.0, "sub_district": null, "sub_district_code": null, "sub_district_type": null, "village": "Shingta", "village_category": "Rural", "village_code": "13879258862" }, "geometry": { "type": "Point", "coordinates": [ 94.2497203, 24.908225 ] } },
{ "type": "Feature", "properties": { "id": 1549, "state": "Manipur", "state_code": null, "district": "UKHRUL", "district_code": 279.0, "sub_district": null, "sub_district_code": null, "sub_district_type": null, "village": "Ramva", "village_category": "Rural", "village_code": "13879258863" }, "geometry": { "type": "Point", "coordinates": [ 94.2727077, 25.0045719 ] } },
{ "type": "Feature", "properties": { "id": 1550, "state": "Manipur", "state_code": null, "district": "KAMJANG", "district_code": 670.0, "sub_district": null, "sub_district_code": null, "sub_district_type": null, "village": "Hengyol", "village_category": "Rural", "village_code": "13879292677" }, "geometry": { "type": "Point", "coordinates": [ 94.2313166, 24.9325153 ] } },
{ "type": "Feature", "properties": { "id": 1551, "state": "Manipur", "state_code": null, "district": "UKHRUL", "district_code": 279.0, "sub_district": null, "sub_district_code": null, "sub_district_type": null, "village": "Lamlai Chingphei", "village_category": "Rural", "village_code": "13888871153" }, "geometry": { "type": "Point", "coordinates": [ 94.1653475, 24.9556458 ] } },
{ "type": "Feature", "properties": { "id": 1552, "state": "Manipur", "state_code": null, "district": "KAMJANG", "district_code": 670.0, "sub_district": null, "sub_district_code": null, "sub_district_type": null, "village": "Sikibung Kuki", "village_category": "Rural", "village_code": "13889845797" }, "geometry": { "type": "Point", "coordinates": [ 94.200809, 24.9333825 ] } },
{ "type": "Feature", "properties": { "id": 1553, "state": "Manipur", "state_code": null, "district": "UKHRUL", "district_code": 279.0, "sub_district": null, "sub_district_code": null, "sub_district_type": null, "village": "Huime", "village_category": "Rural", "village_code": "13899903476" }, "geometry": { "type": "Point", "coordinates": [ 94.3152801, 25.2449875 ] } },
{ "type": "Feature", "properties": { "id": 1554, "state": "Manipur", "state_code": null, "district": "UKHRUL", "district_code": 279.0, "sub_district": null, "sub_district_code": null, "sub_district_type": null, "village": "Lungreiphung", "village_category": "Rural", "village_code": "13910539745" }, "geometry": { "type": "Point", "coordinates": [ 94.3642996, 25.0283462 ] } },
{ "type": "Feature", "properties": { "id": 1555, "state": "Manipur", "state_code": null, "district": "UKHRUL", "district_code": 279.0, "sub_district": null, "sub_district_code": null, "sub_district_type": null, "village": "Lungreiphung", "village_category": "Rural", "village_code": "13910917559" }, "geometry": { "type": "Point", "coordinates": [ 94.3642996, 25.0283462 ] } },
{ "type": "Feature", "properties": { "id": 1556, "state": "Manipur", "state_code": null, "district": "KAMJANG", "district_code": 670.0, "sub_district": null, "sub_district_code": null, "sub_district_type": null, "village": "Phange", "village_category": "Rural", "village_code": "13913560981" }, "geometry": { "type": "Point", "coordinates": [ 94.5313641, 24.8541732 ] } },
{ "type": "Feature", "properties": { "id": 1557, "state": "Manipur", "state_code": null, "district": "KAMJANG", "district_code": 670.0, "sub_district": null, "sub_district_code": null, "sub_district_type": null, "village": "Chassad", "village_category": "Rural", "village_code": "13913560982" }, "geometry": { "type": "Point", "coordinates": [ 94.5088864, 24.8693503 ] } },
{ "type": "Feature", "properties": { "id": 1558, "state": "Manipur", "state_code": null, "district": "TAMENGLONG", "district_code": 273.0, "sub_district": null, "sub_district_code": null, "sub_district_type": null, "village": "C. Chalkot", "village_category": "Rural", "village_code": "13923615115" }, "geometry": { "type": "Point", "coordinates": [ 93.7764151, 25.1339526 ] } },
{ "type": "Feature", "properties": { "id": 1559, "state": "Manipur", "state_code": null, "district": "KANGPOKPI", "district_code": 679.0, "sub_district": null, "sub_district_code": null, "sub_district_type": null, "village": "Beleijang", "village_category": "Rural", "village_code": "13923615120" }, "geometry": { "type": "Point", "coordinates": [ 93.799938, 25.0793047 ] } },
{ "type": "Feature", "properties": { "id": 1560, "state": "Manipur", "state_code": null, "district": "KAMJANG", "district_code": 670.0, "sub_district": null, "sub_district_code": null, "sub_district_type": null, "village": "Phaimol", "village_category": "Rural", "village_code": "13927622639" }, "geometry": { "type": "Point", "coordinates": [ 94.5994198, 24.8406549 ] } },
{ "type": "Feature", "properties": { "id": 1561, "state": "Manipur", "state_code": null, "district": "TAMENGLONG", "district_code": 273.0, "sub_district": null, "sub_district_code": null, "sub_district_type": null, "village": "Hengjang", "village_category": "Rural", "village_code": "13936785448" }, "geometry": { "type": "Point", "coordinates": [ 93.7294862, 25.0190393 ] } },
{ "type": "Feature", "properties": { "id": 1562, "state": "Manipur", "state_code": null, "district": "TAMENGLONG", "district_code": 273.0, "sub_district": null, "sub_district_code": null, "sub_district_type": null, "village": "Nurathem", "village_category": "Rural", "village_code": "13936785449" }, "geometry": { "type": "Point", "coordinates": [ 93.7216328, 24.9990726 ] } },
{ "type": "Feature", "properties": { "id": 1563, "state": "Manipur", "state_code": null, "district": "TAMENGLONG", "district_code": 273.0, "sub_district": null, "sub_district_code": null, "sub_district_type": null, "village": "Atang Khunou", "village_category": "Rural", "village_code": "13936825763" }, "geometry": { "type": "Point", "coordinates": [ 93.6897272, 25.0926149 ] } },
{ "type": "Feature", "properties": { "id": 1564, "state": "Manipur", "state_code": null, "district": "TAMENGLONG", "district_code": 273.0, "sub_district": null, "sub_district_code": null, "sub_district_type": null, "village": "Atang Khullen", "village_category": "Rural", "village_code": "13936825764" }, "geometry": { "type": "Point", "coordinates": [ 93.7334785, 25.0730979 ] } },
{ "type": "Feature", "properties": { "id": 1565, "state": "Manipur", "state_code": null, "district": "TAMENGLONG", "district_code": 273.0, "sub_district": null, "sub_district_code": null, "sub_district_type": null, "village": "Longjang", "village_category": "Rural", "village_code": "13938430062" }, "geometry": { "type": "Point", "coordinates": [ 93.7108281, 25.030229 ] } },
{ "type": "Feature", "properties": { "id": 1566, "state": "Manipur", "state_code": null, "district": "KANGPOKPI", "district_code": 679.0, "sub_district": null, "sub_district_code": null, "sub_district_type": null, "village": "Leilon Munlui", "village_category": "Rural", "village_code": "13945668720" }, "geometry": { "type": "Point", "coordinates": [ 93.8160194, 24.9265138 ] } },
{ "type": "Feature", "properties": { "id": 1567, "state": "Manipur", "state_code": null, "district": "CHURACHANDPUR", "district_code": 274.0, "sub_district": null, "sub_district_code": null, "sub_district_type": null, "village": "Mualhoih", "village_category": "Rural", "village_code": "13952481878" }, "geometry": { "type": "Point", "coordinates": [ 93.7075127, 24.4474249 ] } },
{ "type": "Feature", "properties": { "id": 1568, "state": "Manipur", "state_code": null, "district": "KANGPOKPI", "district_code": 679.0, "sub_district": null, "sub_district_code": null, "sub_district_type": null, "village": "K. Lungwiram", "village_category": "Rural", "village_code": "13954735100" }, "geometry": { "type": "Point", "coordinates": [ 93.8334143, 24.9266437 ] } },
{ "type": "Feature", "properties": { "id": 1569, "state": "Manipur", "state_code": null, "district": "SENAPATI", "district_code": 272.0, "sub_district": null, "sub_district_code": null, "sub_district_type": null, "village": "Lower Phaibung", "village_category": "Rural", "village_code": "13955967141" }, "geometry": { "type": "Point", "coordinates": [ 94.362898, 25.3813209 ] } },
{ "type": "Feature", "properties": { "id": 1570, "state": "Manipur", "state_code": null, "district": "SENAPATI", "district_code": 272.0, "sub_district": null, "sub_district_code": null, "sub_district_type": null, "village": "Phaibung Khullen", "village_category": "Rural", "village_code": "13955980801" }, "geometry": { "type": "Point", "coordinates": [ 94.3388082, 25.4271232 ] } },
{ "type": "Feature", "properties": { "id": 1571, "state": "Manipur", "state_code": null, "district": "SENAPATI", "district_code": 272.0, "sub_district": null, "sub_district_code": null, "sub_district_type": null, "village": "Phaibung Khunou", "village_category": "Rural", "village_code": "13955980816" }, "geometry": { "type": "Point", "coordinates": [ 94.3551095, 25.3987466 ] } },
{ "type": "Feature", "properties": { "id": 1572, "state": "Manipur", "state_code": null, "district": "KAMJANG", "district_code": 670.0, "sub_district": null, "sub_district_code": null, "sub_district_type": null, "village": "Kachoupung Kuki", "village_category": "Rural", "village_code": "13957930773" }, "geometry": { "type": "Point", "coordinates": [ 94.7192246, 25.0716117 ] } },
{ "type": "Feature", "properties": { "id": 1573, "state": "Manipur", "state_code": null, "district": "KAMJANG", "district_code": 670.0, "sub_district": null, "sub_district_code": null, "sub_district_type": null, "village": "Phungtha", "village_category": "Rural", "village_code": "13957930775" }, "geometry": { "type": "Point", "coordinates": [ 94.6648621, 25.0964829 ] } },
{ "type": "Feature", "properties": { "id": 1574, "state": "Manipur", "state_code": null, "district": "KAMJANG", "district_code": 670.0, "sub_district": null, "sub_district_code": null, "sub_district_type": null, "village": "Khayang", "village_category": "Rural", "village_code": "13957930789" }, "geometry": { "type": "Point", "coordinates": [ 94.6397382, 25.1007518 ] } },
{ "type": "Feature", "properties": { "id": 1575, "state": "Manipur", "state_code": null, "district": "KAMJANG", "district_code": 670.0, "sub_district": null, "sub_district_code": null, "sub_district_type": null, "village": "Chamu", "village_category": "Rural", "village_code": "13958007001" }, "geometry": { "type": "Point", "coordinates": [ 94.6437816, 25.066961 ] } },
{ "type": "Feature", "properties": { "id": 1576, "state": "Manipur", "state_code": null, "district": "KAMJANG", "district_code": 670.0, "sub_district": null, "sub_district_code": null, "sub_district_type": null, "village": "Hangokaphung", "village_category": "Rural", "village_code": "13958007026" }, "geometry": { "type": "Point", "coordinates": [ 94.6531501, 25.0480684 ] } },
{ "type": "Feature", "properties": { "id": 1577, "state": "Manipur", "state_code": null, "district": "IMPHAL WEST", "district_code": 277.0, "sub_district": null, "sub_district_code": null, "sub_district_type": null, "village": "Shantipur", "village_category": "Rural", "village_code": "13960591353" }, "geometry": { "type": "Point", "coordinates": [ 93.882749, 24.9831815 ] } },
{ "type": "Feature", "properties": { "id": 1578, "state": "Manipur", "state_code": null, "district": "KANGPOKPI", "district_code": 679.0, "sub_district": null, "sub_district_code": null, "sub_district_type": null, "village": "L. Munlai", "village_category": "Rural", "village_code": "13964439000" }, "geometry": { "type": "Point", "coordinates": [ 93.8292791, 24.9187672 ] } },
{ "type": "Feature", "properties": { "id": 1579, "state": "Manipur", "state_code": null, "district": "KANGPOKPI", "district_code": 679.0, "sub_district": null, "sub_district_code": null, "sub_district_type": null, "village": "L. Saronphai", "village_category": "Rural", "village_code": "13964532212" }, "geometry": { "type": "Point", "coordinates": [ 93.832234, 24.9231089 ] } },
{ "type": "Feature", "properties": { "id": 1580, "state": "Manipur", "state_code": null, "district": "SENAPATI", "district_code": 272.0, "sub_district": null, "sub_district_code": null, "sub_district_type": null, "village": "Sorbung", "village_category": "Rural", "village_code": "14008074684" }, "geometry": { "type": "Point", "coordinates": [ 94.1302059, 25.2597021 ] } },
{ "type": "Feature", "properties": { "id": 1581, "state": "Manipur", "state_code": null, "district": "KAMJANG", "district_code": 670.0, "sub_district": null, "sub_district_code": null, "sub_district_type": null, "village": "East Tusom", "village_category": "Rural", "village_code": "14008108769" }, "geometry": { "type": "Point", "coordinates": [ 94.4191038, 24.7940248 ] } },
{ "type": "Feature", "properties": { "id": 1582, "state": "Manipur", "state_code": null, "district": "KAMJANG", "district_code": 670.0, "sub_district": null, "sub_district_code": null, "sub_district_type": null, "village": "Mailiang", "village_category": "Rural", "village_code": "14008108798" }, "geometry": { "type": "Point", "coordinates": [ 94.3499819, 24.7566135 ] } },
{ "type": "Feature", "properties": { "id": 1583, "state": "Manipur", "state_code": null, "district": "KAMJANG", "district_code": 670.0, "sub_district": null, "sub_district_code": null, "sub_district_type": null, "village": "Kumram", "village_category": "Rural", "village_code": "14008108799" }, "geometry": { "type": "Point", "coordinates": [ 94.4349088, 24.743607 ] } },
{ "type": "Feature", "properties": { "id": 1584, "state": "Manipur", "state_code": null, "district": "KAMJANG", "district_code": 670.0, "sub_district": null, "sub_district_code": null, "sub_district_type": null, "village": "Khonglo", "village_category": "Rural", "village_code": "14008108800" }, "geometry": { "type": "Point", "coordinates": [ 94.4201151, 24.6471356 ] } },
{ "type": "Feature", "properties": { "id": 1585, "state": "Manipur", "state_code": null, "district": "TAMENGLONG", "district_code": 273.0, "sub_district": null, "sub_district_code": null, "sub_district_type": null, "village": "Rangkhung Part 1", "village_category": "Rural", "village_code": "14010106151" }, "geometry": { "type": "Point", "coordinates": [ 93.5903024, 24.8595219 ] } },
{ "type": "Feature", "properties": { "id": 1586, "state": "Manipur", "state_code": null, "district": "TAMENGLONG", "district_code": 273.0, "sub_district": null, "sub_district_code": null, "sub_district_type": null, "village": "Rangkhung Part 2", "village_category": "Rural", "village_code": "14010106152" }, "geometry": { "type": "Point", "coordinates": [ 93.569306, 24.8713334 ] } },
{ "type": "Feature", "properties": { "id": 1587, "state": "Manipur", "state_code": null, "district": "TAMENGLONG", "district_code": 273.0, "sub_district": null, "sub_district_code": null, "sub_district_type": null, "village": "Rangkhung Part 3", "village_category": "Rural", "village_code": "14010106153" }, "geometry": { "type": "Point", "coordinates": [ 93.5543783, 24.8764272 ] } },
{ "type": "Feature", "properties": { "id": 1588, "state": "Manipur", "state_code": null, "district": "TAMENGLONG", "district_code": 273.0, "sub_district": null, "sub_district_code": null, "sub_district_type": null, "village": "Taijijang", "village_category": "Rural", "village_code": "14010278393" }, "geometry": { "type": "Point", "coordinates": [ 93.3923333, 24.9272997 ] } },
{ "type": "Feature", "properties": { "id": 1589, "state": "Manipur", "state_code": null, "district": "TAMENGLONG", "district_code": 273.0, "sub_district": null, "sub_district_code": null, "sub_district_type": null, "village": "Vanchengphai", "village_category": "Rural", "village_code": "14010278394" }, "geometry": { "type": "Point", "coordinates": [ 93.3814571, 24.9099873 ] } },
{ "type": "Feature", "properties": { "id": 1590, "state": "Manipur", "state_code": null, "district": "KAMJANG", "district_code": 670.0, "sub_district": null, "sub_district_code": null, "sub_district_type": null, "village": "Chattrik", "village_category": "Rural", "village_code": "14025155772" }, "geometry": { "type": "Point", "coordinates": [ 94.6197867, 24.9578383 ] } },
{ "type": "Feature", "properties": { "id": 1591, "state": "Manipur", "state_code": null, "district": "KAMJANG", "district_code": 670.0, "sub_district": null, "sub_district_code": null, "sub_district_type": null, "village": "Chahong Khunou", "village_category": "Rural", "village_code": "14025166948" }, "geometry": { "type": "Point", "coordinates": [ 94.6321305, 24.8760496 ] } },
{ "type": "Feature", "properties": { "id": 1592, "state": "Manipur", "state_code": null, "district": "KAMJANG", "district_code": 670.0, "sub_district": null, "sub_district_code": null, "sub_district_type": null, "village": "Maokot", "village_category": "Rural", "village_code": "14025166959" }, "geometry": { "type": "Point", "coordinates": [ 94.6164071, 24.9796952 ] } },
{ "type": "Feature", "properties": { "id": 1593, "state": "Manipur", "state_code": null, "district": "KAMJANG", "district_code": 670.0, "sub_district": null, "sub_district_code": null, "sub_district_type": null, "village": "Choro Khunou", "village_category": "Rural", "village_code": "14026488280" }, "geometry": { "type": "Point", "coordinates": [ 94.478963, 24.5692995 ] } },
{ "type": "Feature", "properties": { "id": 1594, "state": "Manipur", "state_code": null, "district": "TENGNOUPAL", "district_code": 667.0, "sub_district": null, "sub_district_code": null, "sub_district_type": null, "village": "Kwatha Khunou", "village_category": "Rural", "village_code": "14041062041" }, "geometry": { "type": "Point", "coordinates": [ 94.3201447, 24.3302902 ] } },
{ "type": "Feature", "properties": { "id": 1595, "state": "Manipur", "state_code": null, "district": "TENGNOUPAL", "district_code": 667.0, "sub_district": null, "sub_district_code": null, "sub_district_type": null, "village": "Motha", "village_category": "Rural", "village_code": "14075124371" }, "geometry": { "type": "Point", "coordinates": [ 94.2819997, 24.2010519 ] } },
{ "type": "Feature", "properties": { "id": 1596, "state": "Manipur", "state_code": null, "district": "CHANDEL", "district_code": 280.0, "sub_district": null, "sub_district_code": null, "sub_district_type": null, "village": "T. Monglen", "village_category": "Rural", "village_code": "14077421308" }, "geometry": { "type": "Point", "coordinates": [ 94.2171765, 24.0176051 ] } },
{ "type": "Feature", "properties": { "id": 1597, "state": "Manipur", "state_code": null, "district": "CHANDEL", "district_code": 280.0, "sub_district": null, "sub_district_code": null, "sub_district_type": null, "village": "Changpol", "village_category": "Rural", "village_code": "14077421658" }, "geometry": { "type": "Point", "coordinates": [ 94.1785153, 24.0413651 ] } },
{ "type": "Feature", "properties": { "id": 1598, "state": "Manipur", "state_code": null, "district": "CHANDEL", "district_code": 280.0, "sub_district": null, "sub_district_code": null, "sub_district_type": null, "village": "Unnamed Hamlet", "village_category": "Rural", "village_code": "14077481594" }, "geometry": { "type": "Point", "coordinates": [ 94.226459, 24.0484142 ] } }
]
}
