{
"type": "FeatureCollection",
"name": "meghalaya_habitations",
"crs": { "type": "name", "properties": { "name": "urn:ogc:def:crs:OGC:1.3:CRS84" } },
"features": [
{ "type": "Feature", "properties": { "id": 1, "state": "Meghalaya", "state_code": null, "district": "EAST JAINTIA HILLS", "district_code": 666.0, "sub_district": null, "sub_district_code": null, "sub_district_type": null, "village": "Khaddum", "village_category": "Rural", "village_code": "245729844" }, "geometry": { "type": "Point", "coordinates": [ 92.4470723, 25.1555595 ] } },
{ "type": "Feature", "properties": { "id": 2, "state": "Meghalaya", "state_code": null, "district": "SOUTH GARO HILLS", "district_code": 295.0, "sub_district": null, "sub_district_code": null, "sub_district_type": null, "village": "Sibbari", "village_category": "Rural", "village_code": "245730192" }, "geometry": { "type": "Point", "coordinates": [ 90.5053143, 25.175148 ] } },
{ "type": "Feature", "properties": { "id": 3, "state": "Meghalaya", "state_code": null, "district": "SOUTH GARO HILLS", "district_code": 295.0, "sub_district": null, "sub_district_code": null, "sub_district_type": null, "village": "Baghmara", "village_category": "Urban", "village_code": "245730239" }, "geometry": { "type": "Point", "coordinates": [ 90.6459328, 25.1927615 ] } },
{ "type": "Feature", "properties": { "id": 4, "state": "Meghalaya", "state_code": null, "district": "WEST GARO HILLS", "district_code": 293.0, "sub_district": null, "sub_district_code": null, "sub_district_type": null, "village": "Burengapara", "village_category": "Rural", "village_code": "245730713" }, "geometry": { "type": "Point", "coordinates": [ 90.1966554, 25.2262983 ] } },
{ "type": "Feature", "properties": { "id": 5, "state": "Meghalaya", "state_code": null, "district": "EAST KHASI HILLS", "district_code": 298.0, "sub_district": null, "sub_district_code": null, "sub_district_type": null, "village": "Sohra (Cherrapunji)", "village_category": "Urban", "village_code": "245731299" }, "geometry": { "type": "Point", "coordinates": [ 91.7292416, 25.2777336 ] } },
{ "type": "Feature", "properties": { "id": 6, "state": "Meghalaya", "state_code": null, "district": "EAST JAINTIA HILLS", "district_code": 666.0, "sub_district": null, "sub_district_code": null, "sub_district_type": null, "village": "Sutnga", "village_category": "Rural", "village_code": "245731637" }, "geometry": { "type": "Point", "coordinates": [ 92.4368022, 25.3702122 ] } },
{ "type": "Feature", "properties": { "id": 7, "state": "Meghalaya", "state_code": null, "district": "EAST KHASI HILLS", "district_code": 298.0, "sub_district": null, "sub_district_code": null, "sub_district_type": null, "village": "Langkyrdem", "village_category": "Rural", "village_code": "245732730" }, "geometry": { "type": "Point", "coordinates": [ 91.8956, 25.3488 ] } },
{ "type": "Feature", "properties": { "id": 8, "state": "Meghalaya", "state_code": null, "district": "EAST JAINTIA HILLS", "district_code": 666.0, "sub_district": null, "sub_district_code": null, "sub_district_type": null, "village": "Khliehriat", "village_category": "Urban", "village_code": "245732875" }, "geometry": { "type": "Point", "coordinates": [ 92.3669702, 25.3587124 ] } },
{ "type": "Feature", "properties": { "id": 9, "state": "Meghalaya", "state_code": null, "district": "EAST KHASI HILLS", "district_code": 298.0, "sub_district": null, "sub_district_code": null, "sub_district_type": null, "village": "Laitmawsiang", "village_category": "Rural", "village_code": "245733093" }, "geometry": { "type": "Point", "coordinates": [ 91.604912, 25.3961613 ] } },
{ "type": "Feature", "properties": { "id": 10, "state": "Meghalaya", "state_code": null, "district": "WEST JAINTIA HILLS", "district_code": 299.0, "sub_district": null, "sub_district_code": null, "sub_district_type": null, "village": "Jowai", "village_category": "Urban", "village_code": "245733742" }, "geometry": { "type": "Point", "coordinates": [ 92.1973181, 25.4434703 ] } },
{ "type": "Feature", "properties": { "id": 11, "state": "Meghalaya", "state_code": null, "district": "WEST GARO HILLS", "district_code": 293.0, "sub_district": null, "sub_district_code": null, "sub_district_type": null, "village": "Adugiri", "village_category": "Rural", "village_code": "245734409" }, "geometry": { "type": "Point", "coordinates": [ 90.2114078, 25.4344617 ] } },
{ "type": "Feature", "properties": { "id": 12, "state": "Meghalaya", "state_code": null, "district": "EASTERN WEST KHASI HILLS", "district_code": 765.0, "sub_district": null, "sub_district_code": null, "sub_district_type": null, "village": "Mairang", "village_category": "Rural", "village_code": "245734694" }, "geometry": { "type": "Point", "coordinates": [ 91.6430723, 25.555762 ] } },
{ "type": "Feature", "properties": { "id": 13, "state": "Meghalaya", "state_code": null, "district": "WEST JAINTIA HILLS", "district_code": 299.0, "sub_district": null, "sub_district_code": null, "sub_district_type": null, "village": "Barato", "village_category": "Rural", "village_code": "245734988" }, "geometry": { "type": "Point", "coordinates": [ 92.4524711, 25.6052549 ] } },
{ "type": "Feature", "properties": { "id": 14, "state": "Meghalaya", "state_code": null, "district": "WEST JAINTIA HILLS", "district_code": 299.0, "sub_district": null, "sub_district_code": null, "sub_district_type": null, "village": "Nartiang", "village_category": "Rural", "village_code": "245735667" }, "geometry": { "type": "Point", "coordinates": [ 92.2170103, 25.5736564 ] } },
{ "type": "Feature", "properties": { "id": 15, "state": "Meghalaya", "state_code": null, "district": "EAST GARO HILLS", "district_code": 294.0, "sub_district": null, "sub_district_code": null, "sub_district_type": null, "village": "Samanda", "village_category": "Rural", "village_code": "245736092" }, "geometry": { "type": "Point", "coordinates": [ 90.4980222, 25.5781778 ] } },
{ "type": "Feature", "properties": { "id": 16, "state": "Meghalaya", "state_code": null, "district": "WEST GARO HILLS", "district_code": 293.0, "sub_district": null, "sub_district_code": null, "sub_district_type": null, "village": "Asananggiri", "village_category": "Rural", "village_code": "245736242" }, "geometry": { "type": "Point", "coordinates": [ 90.281925, 25.6198067 ] } },
{ "type": "Feature", "properties": { "id": 17, "state": "Meghalaya", "state_code": null, "district": "WEST KHASI HILLS", "district_code": 296.0, "sub_district": null, "sub_district_code": null, "sub_district_type": null, "village": "Rambrei", "village_category": "Rural", "village_code": "245736665" }, "geometry": { "type": "Point", "coordinates": [ 91.2154139, 25.5989776 ] } },
{ "type": "Feature", "properties": { "id": 18, "state": "Meghalaya", "state_code": null, "district": "EAST GARO HILLS", "district_code": 294.0, "sub_district": null, "sub_district_code": null, "sub_district_type": null, "village": "Cherano", "village_category": "Rural", "village_code": "245736680" }, "geometry": { "type": "Point", "coordinates": [ 90.6150761, 25.6560145 ] } },
{ "type": "Feature", "properties": { "id": 19, "state": "Meghalaya", "state_code": null, "district": "RI-BHOI", "district_code": 297.0, "sub_district": null, "sub_district_code": null, "sub_district_type": null, "village": "Umroi", "village_category": "Rural", "village_code": "245737555" }, "geometry": { "type": "Point", "coordinates": [ 92.0396547, 25.713886 ] } },
{ "type": "Feature", "properties": { "id": 20, "state": "Meghalaya", "state_code": null, "district": "EAST GARO HILLS", "district_code": 294.0, "sub_district": null, "sub_district_code": null, "sub_district_type": null, "village": "Dambu", "village_category": "Rural", "village_code": "245737768" }, "geometry": { "type": "Point", "coordinates": [ 90.814206, 25.7153107 ] } },
{ "type": "Feature", "properties": { "id": 21, "state": "Meghalaya", "state_code": null, "district": "EAST GARO HILLS", "district_code": 294.0, "sub_district": null, "sub_district_code": null, "sub_district_type": null, "village": "Bangsi", "village_category": "Rural", "village_code": "245738741" }, "geometry": { "type": "Point", "coordinates": [ 90.7405, 25.8031 ] } },
{ "type": "Feature", "properties": { "id": 22, "state": "Meghalaya", "state_code": null, "district": "NORTH GARO HILLS", "district_code": 674.0, "sub_district": null, "sub_district_code": null, "sub_district_type": null, "village": "Bajengdoba", "village_category": "Rural", "village_code": "245739851" }, "geometry": { "type": "Point", "coordinates": [ 90.5052853, 25.895133 ] } },
{ "type": "Feature", "properties": { "id": 23, "state": "Meghalaya", "state_code": null, "district": "WEST GARO HILLS", "district_code": 293.0, "sub_district": null, "sub_district_code": null, "sub_district_type": null, "village": "Phulbari", "village_category": "Rural", "village_code": "245739886" }, "geometry": { "type": "Point", "coordinates": [ 90.023025, 25.8884474 ] } },
{ "type": "Feature", "properties": { "id": 24, "state": "Meghalaya", "state_code": null, "district": "RI-BHOI", "district_code": 297.0, "sub_district": null, "sub_district_code": null, "sub_district_type": null, "village": "Myrdon", "village_category": "Rural", "village_code": "566672796" }, "geometry": { "type": "Point", "coordinates": [ 91.8795426, 25.7558343 ] } },
{ "type": "Feature", "properties": { "id": 25, "state": "Meghalaya", "state_code": null, "district": "RI-BHOI", "district_code": 297.0, "sub_district": null, "sub_district_code": null, "sub_district_type": null, "village": "Umsning", "village_category": "Rural", "village_code": "664138126" }, "geometry": { "type": "Point", "coordinates": [ 91.887263, 25.745534 ] } },
{ "type": "Feature", "properties": { "id": 26, "state": "Meghalaya", "state_code": null, "district": "RI-BHOI", "district_code": 297.0, "sub_district": null, "sub_district_code": null, "sub_district_type": null, "village": "Barapani", "village_category": "Rural", "village_code": "746995482" }, "geometry": { "type": "Point", "coordinates": [ 91.9762547, 25.6943784 ] } },
{ "type": "Feature", "properties": { "id": 27, "state": "Meghalaya", "state_code": null, "district": "WEST JAINTIA HILLS", "district_code": 299.0, "sub_district": null, "sub_district_code": null, "sub_district_type": null, "village": "Dawki", "village_category": "Rural", "village_code": "830103865" }, "geometry": { "type": "Point", "coordinates": [ 92.0215717, 25.1856343 ] } },
{ "type": "Feature", "properties": { "id": 28, "state": "Meghalaya", "state_code": null, "district": "EAST JAINTIA HILLS", "district_code": 666.0, "sub_district": null, "sub_district_code": null, "sub_district_type": null, "village": "Rngat", "village_category": "Rural", "village_code": "1262013875" }, "geometry": { "type": "Point", "coordinates": [ 92.2339472, 25.3365348 ] } },
{ "type": "Feature", "properties": { "id": 29, "state": "Meghalaya", "state_code": null, "district": "EAST KHASI HILLS", "district_code": 298.0, "sub_district": null, "sub_district_code": null, "sub_district_type": null, "village": "Mawsynram", "village_category": "Urban", "village_code": "1262013973" }, "geometry": { "type": "Point", "coordinates": [ 91.5824514, 25.2988198 ] } },
{ "type": "Feature", "properties": { "id": 30, "state": "Meghalaya", "state_code": null, "district": "SOUTH WEST KHASI HILLS", "district_code": 668.0, "sub_district": null, "sub_district_code": null, "sub_district_type": null, "village": "Nolikata", "village_category": "Rural", "village_code": "1262014179" }, "geometry": { "type": "Point", "coordinates": [ 91.2546962, 25.2106682 ] } },
{ "type": "Feature", "properties": { "id": 31, "state": "Meghalaya", "state_code": null, "district": "WEST JAINTIA HILLS", "district_code": 299.0, "sub_district": null, "sub_district_code": null, "sub_district_type": null, "village": "Mynso", "village_category": "Rural", "village_code": "1262014344" }, "geometry": { "type": "Point", "coordinates": [ 92.3276836, 25.5526752 ] } },
{ "type": "Feature", "properties": { "id": 32, "state": "Meghalaya", "state_code": null, "district": "EAST KHASI HILLS", "district_code": 298.0, "sub_district": null, "sub_district_code": null, "sub_district_type": null, "village": "Shella", "village_category": "Rural", "village_code": "1262014463" }, "geometry": { "type": "Point", "coordinates": [ 91.637124, 25.1795147 ] } },
{ "type": "Feature", "properties": { "id": 33, "state": "Meghalaya", "state_code": null, "district": "EAST KHASI HILLS", "district_code": 298.0, "sub_district": null, "sub_district_code": null, "sub_district_type": null, "village": "Mawryngkneng", "village_category": "Rural", "village_code": "1262014578" }, "geometry": { "type": "Point", "coordinates": [ 92.0738394, 25.5508456 ] } },
{ "type": "Feature", "properties": { "id": 34, "state": "Meghalaya", "state_code": null, "district": "WEST JAINTIA HILLS", "district_code": 299.0, "sub_district": null, "sub_district_code": null, "sub_district_type": null, "village": "Muktapur", "village_category": "Rural", "village_code": "1262014635" }, "geometry": { "type": "Point", "coordinates": [ 92.1259474, 25.1651253 ] } },
{ "type": "Feature", "properties": { "id": 35, "state": "Meghalaya", "state_code": null, "district": "WEST KHASI HILLS", "district_code": 296.0, "sub_district": null, "sub_district_code": null, "sub_district_type": null, "village": "Mawshynrut", "village_category": "Urban", "village_code": "1262014743" }, "geometry": { "type": "Point", "coordinates": [ 91.0617256, 25.6614608 ] } },
{ "type": "Feature", "properties": { "id": 36, "state": "Meghalaya", "state_code": null, "district": "SOUTH WEST KHASI HILLS", "district_code": 668.0, "sub_district": null, "sub_district_code": null, "sub_district_type": null, "village": "Balat", "village_category": "Rural", "village_code": "1262014817" }, "geometry": { "type": "Point", "coordinates": [ 91.3771765, 25.1985517 ] } },
{ "type": "Feature", "properties": { "id": 37, "state": "Meghalaya", "state_code": null, "district": "RI-BHOI", "district_code": 297.0, "sub_district": null, "sub_district_code": null, "sub_district_type": null, "village": "Umling", "village_category": "Rural", "village_code": "1262014838" }, "geometry": { "type": "Point", "coordinates": [ 91.8569189, 25.9649616 ] } },
{ "type": "Feature", "properties": { "id": 38, "state": "Meghalaya", "state_code": null, "district": "WEST JAINTIA HILLS", "district_code": 299.0, "sub_district": null, "sub_district_code": null, "sub_district_type": null, "village": "Laskein", "village_category": "Rural", "village_code": "1262014939" }, "geometry": { "type": "Point", "coordinates": [ 92.4344622, 25.5195852 ] } },
{ "type": "Feature", "properties": { "id": 39, "state": "Meghalaya", "state_code": null, "district": "WEST JAINTIA HILLS", "district_code": 299.0, "sub_district": null, "sub_district_code": null, "sub_district_type": null, "village": "Amlarem", "village_category": "Rural", "village_code": "1262014982" }, "geometry": { "type": "Point", "coordinates": [ 92.1066919, 25.2857614 ] } },
{ "type": "Feature", "properties": { "id": 40, "state": "Meghalaya", "state_code": null, "district": "WEST JAINTIA HILLS", "district_code": 299.0, "sub_district": null, "sub_district_code": null, "sub_district_type": null, "village": "Thadlaskein", "village_category": "Rural", "village_code": "1262015020" }, "geometry": { "type": "Point", "coordinates": [ 92.1731031, 25.5033007 ] } },
{ "type": "Feature", "properties": { "id": 41, "state": "Meghalaya", "state_code": null, "district": "EAST JAINTIA HILLS", "district_code": 666.0, "sub_district": null, "sub_district_code": null, "sub_district_type": null, "village": "Saipung", "village_category": "Rural", "village_code": "1262015033" }, "geometry": { "type": "Point", "coordinates": [ 92.6270614, 25.3346109 ] } },
{ "type": "Feature", "properties": { "id": 42, "state": "Meghalaya", "state_code": null, "district": "EAST KHASI HILLS", "district_code": 298.0, "sub_district": null, "sub_district_code": null, "sub_district_type": null, "village": "Nongjri Tishang", "village_category": "Rural", "village_code": "1262015039" }, "geometry": { "type": "Point", "coordinates": [ 91.8029397, 25.1789523 ] } },
{ "type": "Feature", "properties": { "id": 43, "state": "Meghalaya", "state_code": null, "district": "EAST KHASI HILLS", "district_code": 298.0, "sub_district": null, "sub_district_code": null, "sub_district_type": null, "village": "Mawkynrew", "village_category": "Rural", "village_code": "1262015202" }, "geometry": { "type": "Point", "coordinates": [ 92.058728, 25.4574794 ] } },
{ "type": "Feature", "properties": { "id": 44, "state": "Meghalaya", "state_code": null, "district": "EAST JAINTIA HILLS", "district_code": 666.0, "sub_district": null, "sub_district_code": null, "sub_district_type": null, "village": "Bapung", "village_category": "Rural", "village_code": "1262015226" }, "geometry": { "type": "Point", "coordinates": [ 92.309275, 25.4047393 ] } },
{ "type": "Feature", "properties": { "id": 45, "state": "Meghalaya", "state_code": null, "district": "EAST KHASI HILLS", "district_code": 298.0, "sub_district": null, "sub_district_code": null, "sub_district_type": null, "village": "Pynursla", "village_category": "Urban", "village_code": "1262015418" }, "geometry": { "type": "Point", "coordinates": [ 91.9005116, 25.3090785 ] } },
{ "type": "Feature", "properties": { "id": 46, "state": "Meghalaya", "state_code": null, "district": "SOUTH WEST KHASI HILLS", "district_code": 668.0, "sub_district": null, "sub_district_code": null, "sub_district_type": null, "village": "Pyndem Mawthawiong", "village_category": "Rural", "village_code": "1262015648" }, "geometry": { "type": "Point", "coordinates": [ 91.4709994, 25.4319273 ] } },
{ "type": "Feature", "properties": { "id": 47, "state": "Meghalaya", "state_code": null, "district": "SOUTH GARO HILLS", "district_code": 295.0, "sub_district": null, "sub_district_code": null, "sub_district_type": null, "village": "Chokpot", "village_category": "Urban", "village_code": "1262084462" }, "geometry": { "type": "Point", "coordinates": [ 90.4216374, 25.3234752 ] } },
{ "type": "Feature", "properties": { "id": 48, "state": "Meghalaya", "state_code": null, "district": "SOUTH WEST GARO HILLS", "district_code": 660.0, "sub_district": null, "sub_district_code": null, "sub_district_type": null, "village": "Zikzak", "village_category": "Rural", "village_code": "1262084616" }, "geometry": { "type": "Point", "coordinates": [ 89.9074783, 25.3883369 ] } },
{ "type": "Feature", "properties": { "id": 49, "state": "Meghalaya", "state_code": null, "district": "EAST GARO HILLS", "district_code": 294.0, "sub_district": null, "sub_district_code": null, "sub_district_type": null, "village": "Nengkhra", "village_category": "Rural", "village_code": "1262084701" }, "geometry": { "type": "Point", "coordinates": [ 90.6308887, 25.5122108 ] } },
{ "type": "Feature", "properties": { "id": 50, "state": "Meghalaya", "state_code": null, "district": "NORTH GARO HILLS", "district_code": 674.0, "sub_district": null, "sub_district_code": null, "sub_district_type": null, "village": "Resubelpara", "village_category": "Urban", "village_code": "1262084811" }, "geometry": { "type": "Point", "coordinates": [ 90.607134, 25.9041666 ] } },
{ "type": "Feature", "properties": { "id": 51, "state": "Meghalaya", "state_code": null, "district": "SOUTH GARO HILLS", "district_code": 295.0, "sub_district": null, "sub_district_code": null, "sub_district_type": null, "village": "Rewak", "village_category": "Rural", "village_code": "1262085027" }, "geometry": { "type": "Point", "coordinates": [ 90.6440865, 25.3185869 ] } },
{ "type": "Feature", "properties": { "id": 52, "state": "Meghalaya", "state_code": null, "district": "WEST GARO HILLS", "district_code": 293.0, "sub_district": null, "sub_district_code": null, "sub_district_type": null, "village": "Dalu", "village_category": "Urban", "village_code": "1262085093" }, "geometry": { "type": "Point", "coordinates": [ 90.1918773, 25.2394094 ] } },
{ "type": "Feature", "properties": { "id": 53, "state": "Meghalaya", "state_code": null, "district": "WEST GARO HILLS", "district_code": 293.0, "sub_district": null, "sub_district_code": null, "sub_district_type": null, "village": "Selsella", "village_category": "Urban", "village_code": "1262085191" }, "geometry": { "type": "Point", "coordinates": [ 90.0415585, 25.6391885 ] } },
{ "type": "Feature", "properties": { "id": 54, "state": "Meghalaya", "state_code": null, "district": "SOUTH WEST GARO HILLS", "district_code": 660.0, "sub_district": null, "sub_district_code": null, "sub_district_type": null, "village": "Betasing", "village_category": "Rural", "village_code": "1262085246" }, "geometry": { "type": "Point", "coordinates": [ 89.9556811, 25.5132356 ] } },
{ "type": "Feature", "properties": { "id": 55, "state": "Meghalaya", "state_code": null, "district": "SOUTH WEST GARO HILLS", "district_code": 660.0, "sub_district": null, "sub_district_code": null, "sub_district_type": null, "village": "Garobadha", "village_category": "Urban", "village_code": "1262085259" }, "geometry": { "type": "Point", "coordinates": [ 90.023199, 25.5780383 ] } },
{ "type": "Feature", "properties": { "id": 56, "state": "Meghalaya", "state_code": null, "district": "WEST GARO HILLS", "district_code": 293.0, "sub_district": null, "sub_district_code": null, "sub_district_type": null, "village": "Dadenggiri", "village_category": "Urban", "village_code": "1262085291" }, "geometry": { "type": "Point", "coordinates": [ 90.2201182, 25.7616516 ] } },
{ "type": "Feature", "properties": { "id": 57, "state": "Meghalaya", "state_code": null, "district": "WEST KHASI HILLS", "district_code": 296.0, "sub_district": null, "sub_district_code": null, "sub_district_type": null, "village": "Nonshram", "village_category": "Rural", "village_code": "1262085444" }, "geometry": { "type": "Point", "coordinates": [ 90.8653796, 25.598411 ] } },
{ "type": "Feature", "properties": { "id": 58, "state": "Meghalaya", "state_code": null, "district": "WEST GARO HILLS", "district_code": 293.0, "sub_district": null, "sub_district_code": null, "sub_district_type": null, "village": "Bhaitbari", "village_category": "Rural", "village_code": "1262085445" }, "geometry": { "type": "Point", "coordinates": [ 89.9763011, 25.7471513 ] } },
{ "type": "Feature", "properties": { "id": 59, "state": "Meghalaya", "state_code": null, "district": "NORTH GARO HILLS", "district_code": 674.0, "sub_district": null, "sub_district_code": null, "sub_district_type": null, "village": "Dainadubi", "village_category": "Rural", "village_code": "1329752259" }, "geometry": { "type": "Point", "coordinates": [ 90.7904103, 25.8186227 ] } },
{ "type": "Feature", "properties": { "id": 60, "state": "Meghalaya", "state_code": null, "district": "EAST GARO HILLS", "district_code": 294.0, "sub_district": null, "sub_district_code": null, "sub_district_type": null, "village": "Darugiri", "village_category": "Rural", "village_code": "1329752271" }, "geometry": { "type": "Point", "coordinates": [ 90.7588717, 25.6154548 ] } },
{ "type": "Feature", "properties": { "id": 61, "state": "Meghalaya", "state_code": null, "district": "WEST KHASI HILLS", "district_code": 296.0, "sub_district": null, "sub_district_code": null, "sub_district_type": null, "village": "Nongdaju", "village_category": "Rural", "village_code": "1329752276" }, "geometry": { "type": "Point", "coordinates": [ 90.9164463, 25.549578 ] } },
{ "type": "Feature", "properties": { "id": 62, "state": "Meghalaya", "state_code": null, "district": "EAST JAINTIA HILLS", "district_code": 666.0, "sub_district": null, "sub_district_code": null, "sub_district_type": null, "village": "Lad Rymbai", "village_category": "Urban", "village_code": "1728676326" }, "geometry": { "type": "Point", "coordinates": [ 92.3261195, 25.369275 ] } },
{ "type": "Feature", "properties": { "id": 63, "state": "Meghalaya", "state_code": null, "district": "EAST GARO HILLS", "district_code": 294.0, "sub_district": null, "sub_district_code": null, "sub_district_type": null, "village": "Williamnagar", "village_category": "Urban", "village_code": "1811387315" }, "geometry": { "type": "Point", "coordinates": [ 90.60381, 25.506085 ] } },
{ "type": "Feature", "properties": { "id": 64, "state": "Meghalaya", "state_code": null, "district": "EAST GARO HILLS", "district_code": 294.0, "sub_district": null, "sub_district_code": null, "sub_district_type": null, "village": "Rongrengiri", "village_category": "Rural", "village_code": "2037923462" }, "geometry": { "type": "Point", "coordinates": [ 90.5132019, 25.5787085 ] } },
{ "type": "Feature", "properties": { "id": 65, "state": "Meghalaya", "state_code": null, "district": "WEST GARO HILLS", "district_code": 293.0, "sub_district": null, "sub_district_code": null, "sub_district_type": null, "village": "Singrimari", "village_category": "Rural", "village_code": "2037923463" }, "geometry": { "type": "Point", "coordinates": [ 89.8960509, 25.7321481 ] } },
{ "type": "Feature", "properties": { "id": 66, "state": "Meghalaya", "state_code": null, "district": "WEST GARO HILLS", "district_code": 293.0, "sub_district": null, "sub_district_code": null, "sub_district_type": null, "village": "Rongram", "village_category": "Urban", "village_code": "2466236060" }, "geometry": { "type": "Point", "coordinates": [ 90.2518759, 25.5981138 ] } },
{ "type": "Feature", "properties": { "id": 67, "state": "Meghalaya", "state_code": null, "district": "EAST KHASI HILLS", "district_code": 298.0, "sub_district": null, "sub_district_code": null, "sub_district_type": null, "village": "Mawngap", "village_category": "Rural", "village_code": "2492503548" }, "geometry": { "type": "Point", "coordinates": [ 91.7673048, 25.4827558 ] } },
{ "type": "Feature", "properties": { "id": 68, "state": "Meghalaya", "state_code": null, "district": "WEST GARO HILLS", "district_code": 293.0, "sub_district": null, "sub_district_code": null, "sub_district_type": null, "village": "Tura", "village_category": "Urban", "village_code": "2501933129" }, "geometry": { "type": "Point", "coordinates": [ 90.2171526, 25.5125616 ] } },
{ "type": "Feature", "properties": { "id": 69, "state": "Meghalaya", "state_code": null, "district": "EAST KHASI HILLS", "district_code": 298.0, "sub_district": null, "sub_district_code": null, "sub_district_type": null, "village": "Mawlynnong", "village_category": "Rural", "village_code": "3178190161" }, "geometry": { "type": "Point", "coordinates": [ 91.9155148, 25.2019507 ] } },
{ "type": "Feature", "properties": { "id": 70, "state": "Meghalaya", "state_code": null, "district": "EAST KHASI HILLS", "district_code": 298.0, "sub_district": null, "sub_district_code": null, "sub_district_type": null, "village": "Mawphlang", "village_category": "Rural", "village_code": "3489223621" }, "geometry": { "type": "Point", "coordinates": [ 91.758819, 25.454668 ] } },
{ "type": "Feature", "properties": { "id": 71, "state": "Meghalaya", "state_code": null, "district": "EAST KHASI HILLS", "district_code": 298.0, "sub_district": null, "sub_district_code": null, "sub_district_type": null, "village": "Mawkasiang", "village_category": "Rural", "village_code": "3498512460" }, "geometry": { "type": "Point", "coordinates": [ 91.9685187, 25.6009056 ] } },
{ "type": "Feature", "properties": { "id": 72, "state": "Meghalaya", "state_code": null, "district": "EAST KHASI HILLS", "district_code": 298.0, "sub_district": null, "sub_district_code": null, "sub_district_type": null, "village": "Mawpdang", "village_category": "Rural", "village_code": "3498512461" }, "geometry": { "type": "Point", "coordinates": [ 91.9903554, 25.5869193 ] } },
{ "type": "Feature", "properties": { "id": 73, "state": "Meghalaya", "state_code": null, "district": "EAST KHASI HILLS", "district_code": 298.0, "sub_district": null, "sub_district_code": null, "sub_district_type": null, "village": "Tynring", "village_category": "Rural", "village_code": "3498512462" }, "geometry": { "type": "Point", "coordinates": [ 91.983908, 25.5932494 ] } },
{ "type": "Feature", "properties": { "id": 74, "state": "Meghalaya", "state_code": null, "district": "EAST KHASI HILLS", "district_code": 298.0, "sub_district": null, "sub_district_code": null, "sub_district_type": null, "village": "Mawdiangdiang", "village_category": "Rural", "village_code": "3498528953" }, "geometry": { "type": "Point", "coordinates": [ 91.9491415, 25.5974938 ] } },
{ "type": "Feature", "properties": { "id": 75, "state": "Meghalaya", "state_code": null, "district": "EAST KHASI HILLS", "district_code": 298.0, "sub_district": null, "sub_district_code": null, "sub_district_type": null, "village": "Ishyrwat", "village_category": "Rural", "village_code": "3498593553" }, "geometry": { "type": "Point", "coordinates": [ 91.9244343, 25.5908636 ] } },
{ "type": "Feature", "properties": { "id": 76, "state": "Meghalaya", "state_code": null, "district": "SOUTH GARO HILLS", "district_code": 295.0, "sub_district": null, "sub_district_code": null, "sub_district_type": null, "village": "Rongmara", "village_category": "Rural", "village_code": "3588842645" }, "geometry": { "type": "Point", "coordinates": [ 90.7762805, 25.1987795 ] } },
{ "type": "Feature", "properties": { "id": 77, "state": "Meghalaya", "state_code": null, "district": "EAST KHASI HILLS", "district_code": 298.0, "sub_district": null, "sub_district_code": null, "sub_district_type": null, "village": "Nongriat", "village_category": "Rural", "village_code": "3933644721" }, "geometry": { "type": "Point", "coordinates": [ 91.6713764, 25.2510232 ] } },
{ "type": "Feature", "properties": { "id": 78, "state": "Meghalaya", "state_code": null, "district": "WEST KHASI HILLS", "district_code": 296.0, "sub_district": null, "sub_district_code": null, "sub_district_type": null, "village": "Nongstoin", "village_category": "Urban", "village_code": "4021621745" }, "geometry": { "type": "Point", "coordinates": [ 91.2677506, 25.5193851 ] } },
{ "type": "Feature", "properties": { "id": 79, "state": "Meghalaya", "state_code": null, "district": "SOUTH WEST KHASI HILLS", "district_code": 668.0, "sub_district": null, "sub_district_code": null, "sub_district_type": null, "village": "Rangthong", "village_category": "Rural", "village_code": "4021621746" }, "geometry": { "type": "Point", "coordinates": [ 91.3844879, 25.3392061 ] } },
{ "type": "Feature", "properties": { "id": 80, "state": "Meghalaya", "state_code": null, "district": "EAST KHASI HILLS", "district_code": 298.0, "sub_district": null, "sub_district_code": null, "sub_district_type": null, "village": "Mawlong", "village_category": "Rural", "village_code": "4022577378" }, "geometry": { "type": "Point", "coordinates": [ 91.6942083, 25.2126188 ] } },
{ "type": "Feature", "properties": { "id": 81, "state": "Meghalaya", "state_code": null, "district": "SOUTH WEST KHASI HILLS", "district_code": 668.0, "sub_district": null, "sub_district_code": null, "sub_district_type": null, "village": "Unnamed Hamlet", "village_category": "Rural", "village_code": "4022666867" }, "geometry": { "type": "Point", "coordinates": [ 91.3661007, 25.2506771 ] } },
{ "type": "Feature", "properties": { "id": 82, "state": "Meghalaya", "state_code": null, "district": "SOUTH WEST KHASI HILLS", "district_code": 668.0, "sub_district": null, "sub_district_code": null, "sub_district_type": null, "village": "Mawpud", "village_category": "Rural", "village_code": "4022667266" }, "geometry": { "type": "Point", "coordinates": [ 91.3808567, 25.2691086 ] } },
{ "type": "Feature", "properties": { "id": 83, "state": "Meghalaya", "state_code": null, "district": "EAST KHASI HILLS", "district_code": 298.0, "sub_district": null, "sub_district_code": null, "sub_district_type": null, "village": "Unnamed Village", "village_category": "Rural", "village_code": "4022779331" }, "geometry": { "type": "Point", "coordinates": [ 91.6025456, 25.4532273 ] } },
{ "type": "Feature", "properties": { "id": 84, "state": "Meghalaya", "state_code": null, "district": "WEST GARO HILLS", "district_code": 293.0, "sub_district": null, "sub_district_code": null, "sub_district_type": null, "village": "Rongmachokgiri", "village_category": "Rural", "village_code": "4123548023" }, "geometry": { "type": "Point", "coordinates": [ 90.0610231, 25.8093812 ] } },
{ "type": "Feature", "properties": { "id": 85, "state": "Meghalaya", "state_code": null, "district": "EAST KHASI HILLS", "district_code": 298.0, "sub_district": null, "sub_district_code": null, "sub_district_type": null, "village": "Mawsmai", "village_category": "Rural", "village_code": "4571353823" }, "geometry": { "type": "Point", "coordinates": [ 91.7313137, 25.2426195 ] } },
{ "type": "Feature", "properties": { "id": 86, "state": "Meghalaya", "state_code": null, "district": "EAST KHASI HILLS", "district_code": 298.0, "sub_district": null, "sub_district_code": null, "sub_district_type": null, "village": "Nongsawlia", "village_category": "Rural", "village_code": "4571356292" }, "geometry": { "type": "Point", "coordinates": [ 91.7279234, 25.2788113 ] } },
{ "type": "Feature", "properties": { "id": 87, "state": "Meghalaya", "state_code": null, "district": "EAST KHASI HILLS", "district_code": 298.0, "sub_district": null, "sub_district_code": null, "sub_district_type": null, "village": "Naypyingsynn", "village_category": "Rural", "village_code": "4571405213" }, "geometry": { "type": "Point", "coordinates": [ 91.9285139, 25.2033843 ] } },
{ "type": "Feature", "properties": { "id": 88, "state": "Meghalaya", "state_code": null, "district": "EAST KHASI HILLS", "district_code": 298.0, "sub_district": null, "sub_district_code": null, "sub_district_type": null, "village": "Riwai", "village_category": "Rural", "village_code": "4571408897" }, "geometry": { "type": "Point", "coordinates": [ 91.9346626, 25.2047501 ] } },
{ "type": "Feature", "properties": { "id": 89, "state": "Meghalaya", "state_code": null, "district": "EAST KHASI HILLS", "district_code": 298.0, "sub_district": null, "sub_district_code": null, "sub_district_type": null, "village": "Nohwet", "village_category": "Rural", "village_code": "4905897536" }, "geometry": { "type": "Point", "coordinates": [ 91.8934679, 25.2087464 ] } },
{ "type": "Feature", "properties": { "id": 90, "state": "Meghalaya", "state_code": null, "district": "RI-BHOI", "district_code": 297.0, "sub_district": null, "sub_district_code": null, "sub_district_type": null, "village": "Khasi Tribe", "village_category": "Rural", "village_code": "5352503441" }, "geometry": { "type": "Point", "coordinates": [ 91.9298869, 25.7236252 ] } },
{ "type": "Feature", "properties": { "id": 91, "state": "Meghalaya", "state_code": null, "district": "RI-BHOI", "district_code": 297.0, "sub_district": null, "sub_district_code": null, "sub_district_type": null, "village": "Sumer Village", "village_category": "Rural", "village_code": "5352503442" }, "geometry": { "type": "Point", "coordinates": [ 91.9130212, 25.6828584 ] } },
{ "type": "Feature", "properties": { "id": 92, "state": "Meghalaya", "state_code": null, "district": "RI-BHOI", "district_code": 297.0, "sub_district": null, "sub_district_code": null, "sub_district_type": null, "village": "Sumer", "village_category": "Rural", "village_code": "5352503443" }, "geometry": { "type": "Point", "coordinates": [ 91.9076621, 25.6955143 ] } },
{ "type": "Feature", "properties": { "id": 93, "state": "Meghalaya", "state_code": null, "district": "EAST KHASI HILLS", "district_code": 298.0, "sub_district": null, "sub_district_code": null, "sub_district_type": null, "village": "Mawmluh", "village_category": "Rural", "village_code": "5352802717" }, "geometry": { "type": "Point", "coordinates": [ 91.7053699, 25.2557109 ] } },
{ "type": "Feature", "properties": { "id": 94, "state": "Meghalaya", "state_code": null, "district": "EAST KHASI HILLS", "district_code": 298.0, "sub_district": null, "sub_district_code": null, "sub_district_type": null, "village": "Wahlong", "village_category": "Rural", "village_code": "5352802732" }, "geometry": { "type": "Point", "coordinates": [ 91.6975379, 25.2290469 ] } },
{ "type": "Feature", "properties": { "id": 95, "state": "Meghalaya", "state_code": null, "district": "EAST KHASI HILLS", "district_code": 298.0, "sub_district": null, "sub_district_code": null, "sub_district_type": null, "village": "Ryngud", "village_category": "Rural", "village_code": "5352802733" }, "geometry": { "type": "Point", "coordinates": [ 91.7693165, 25.2255166 ] } },
{ "type": "Feature", "properties": { "id": 96, "state": "Meghalaya", "state_code": null, "district": "EAST KHASI HILLS", "district_code": 298.0, "sub_district": null, "sub_district_code": null, "sub_district_type": null, "village": "Sohbar Village", "village_category": "Rural", "village_code": "5352802961" }, "geometry": { "type": "Point", "coordinates": [ 91.7510585, 25.2124328 ] } },
{ "type": "Feature", "properties": { "id": 97, "state": "Meghalaya", "state_code": null, "district": "EAST KHASI HILLS", "district_code": 298.0, "sub_district": null, "sub_district_code": null, "sub_district_type": null, "village": "Laittyra", "village_category": "Rural", "village_code": "5352802962" }, "geometry": { "type": "Point", "coordinates": [ 91.7374889, 25.2107924 ] } },
{ "type": "Feature", "properties": { "id": 98, "state": "Meghalaya", "state_code": null, "district": "EAST KHASI HILLS", "district_code": 298.0, "sub_district": null, "sub_district_code": null, "sub_district_type": null, "village": "Jasir", "village_category": "Rural", "village_code": "5352803475" }, "geometry": { "type": "Point", "coordinates": [ 91.6364211, 25.1964566 ] } },
{ "type": "Feature", "properties": { "id": 99, "state": "Meghalaya", "state_code": null, "district": "EAST KHASI HILLS", "district_code": 298.0, "sub_district": null, "sub_district_code": null, "sub_district_type": null, "village": "Sohsarat", "village_category": "Rural", "village_code": "5352803496" }, "geometry": { "type": "Point", "coordinates": [ 91.6420483, 25.2063002 ] } },
{ "type": "Feature", "properties": { "id": 100, "state": "Meghalaya", "state_code": null, "district": "EAST KHASI HILLS", "district_code": 298.0, "sub_district": null, "sub_district_code": null, "sub_district_type": null, "village": "Nongwar", "village_category": "Rural", "village_code": "5352803497" }, "geometry": { "type": "Point", "coordinates": [ 91.6450202, 25.2178804 ] } },
{ "type": "Feature", "properties": { "id": 101, "state": "Meghalaya", "state_code": null, "district": "EAST KHASI HILLS", "district_code": 298.0, "sub_district": null, "sub_district_code": null, "sub_district_type": null, "village": "Laitiam", "village_category": "Rural", "village_code": "5352807461" }, "geometry": { "type": "Point", "coordinates": [ 91.7508978, 25.2327884 ] } },
{ "type": "Feature", "properties": { "id": 102, "state": "Meghalaya", "state_code": null, "district": "EAST KHASI HILLS", "district_code": 298.0, "sub_district": null, "sub_district_code": null, "sub_district_type": null, "village": "Village", "village_category": "Rural", "village_code": "5353084046" }, "geometry": { "type": "Point", "coordinates": [ 91.6800982, 25.3289572 ] } },
{ "type": "Feature", "properties": { "id": 103, "state": "Meghalaya", "state_code": null, "district": "EAST KHASI HILLS", "district_code": 298.0, "sub_district": null, "sub_district_code": null, "sub_district_type": null, "village": "Mawphu", "village_category": "Rural", "village_code": "5353084090" }, "geometry": { "type": "Point", "coordinates": [ 91.642853, 25.2985034 ] } },
{ "type": "Feature", "properties": { "id": 104, "state": "Meghalaya", "state_code": null, "district": "EAST KHASI HILLS", "district_code": 298.0, "sub_district": null, "sub_district_code": null, "sub_district_type": null, "village": "Jymmang ne Mawshamok", "village_category": "Rural", "village_code": "5353533659" }, "geometry": { "type": "Point", "coordinates": [ 91.6845587, 25.2342077 ] } },
{ "type": "Feature", "properties": { "id": 105, "state": "Meghalaya", "state_code": null, "district": "EAST KHASI HILLS", "district_code": 298.0, "sub_district": null, "sub_district_code": null, "sub_district_type": null, "village": "Tyrna", "village_category": "Rural", "village_code": "5353533660" }, "geometry": { "type": "Point", "coordinates": [ 91.6807794, 25.2411248 ] } },
{ "type": "Feature", "properties": { "id": 106, "state": "Meghalaya", "state_code": null, "district": "EAST KHASI HILLS", "district_code": 298.0, "sub_district": null, "sub_district_code": null, "sub_district_type": null, "village": "Umblai", "village_category": "Rural", "village_code": "5353533661" }, "geometry": { "type": "Point", "coordinates": [ 91.6338998, 25.2792476 ] } },
{ "type": "Feature", "properties": { "id": 107, "state": "Meghalaya", "state_code": null, "district": "EAST KHASI HILLS", "district_code": 298.0, "sub_district": null, "sub_district_code": null, "sub_district_type": null, "village": "Mawsahew", "village_category": "Rural", "village_code": "5353533785" }, "geometry": { "type": "Point", "coordinates": [ 91.6465759, 25.260047 ] } },
{ "type": "Feature", "properties": { "id": 108, "state": "Meghalaya", "state_code": null, "district": "EAST KHASI HILLS", "district_code": 298.0, "sub_district": null, "sub_district_code": null, "sub_district_type": null, "village": "Village", "village_category": "Rural", "village_code": "5353533864" }, "geometry": { "type": "Point", "coordinates": [ 91.6294581, 25.2523984 ] } },
{ "type": "Feature", "properties": { "id": 109, "state": "Meghalaya", "state_code": null, "district": "EAST KHASI HILLS", "district_code": 298.0, "sub_district": null, "sub_district_code": null, "sub_district_type": null, "village": "Tynrong", "village_category": "Rural", "village_code": "5353533865" }, "geometry": { "type": "Point", "coordinates": [ 91.6333634, 25.2466416 ] } },
{ "type": "Feature", "properties": { "id": 110, "state": "Meghalaya", "state_code": null, "district": "EAST KHASI HILLS", "district_code": 298.0, "sub_district": null, "sub_district_code": null, "sub_district_type": null, "village": "Pyndemdkhar", "village_category": "Rural", "village_code": "5353533984" }, "geometry": { "type": "Point", "coordinates": [ 91.6627523, 25.2521728 ] } },
{ "type": "Feature", "properties": { "id": 111, "state": "Meghalaya", "state_code": null, "district": "EAST KHASI HILLS", "district_code": 298.0, "sub_district": null, "sub_district_code": null, "sub_district_type": null, "village": "Mynteng", "village_category": "Rural", "village_code": "5353534186" }, "geometry": { "type": "Point", "coordinates": [ 91.6625002, 25.242965 ] } },
{ "type": "Feature", "properties": { "id": 112, "state": "Meghalaya", "state_code": null, "district": "EAST KHASI HILLS", "district_code": 298.0, "sub_district": null, "sub_district_code": null, "sub_district_type": null, "village": "Mawjyndem", "village_category": "Rural", "village_code": "5353534187" }, "geometry": { "type": "Point", "coordinates": [ 91.6538876, 25.2475489 ] } },
{ "type": "Feature", "properties": { "id": 113, "state": "Meghalaya", "state_code": null, "district": "EAST KHASI HILLS", "district_code": 298.0, "sub_district": null, "sub_district_code": null, "sub_district_type": null, "village": "Mawlakhiat", "village_category": "Rural", "village_code": "5353534188" }, "geometry": { "type": "Point", "coordinates": [ 91.6611108, 25.2562482 ] } },
{ "type": "Feature", "properties": { "id": 114, "state": "Meghalaya", "state_code": null, "district": "EAST KHASI HILLS", "district_code": 298.0, "sub_district": null, "sub_district_code": null, "sub_district_type": null, "village": "Phlangmawsyrpat", "village_category": "Rural", "village_code": "5353534647" }, "geometry": { "type": "Point", "coordinates": [ 91.5949702, 25.2614102 ] } },
{ "type": "Feature", "properties": { "id": 115, "state": "Meghalaya", "state_code": null, "district": "EAST KHASI HILLS", "district_code": 298.0, "sub_district": null, "sub_district_code": null, "sub_district_type": null, "village": "Phlangsynnei", "village_category": "Rural", "village_code": "5353534648" }, "geometry": { "type": "Point", "coordinates": [ 91.6010696, 25.2569905 ] } },
{ "type": "Feature", "properties": { "id": 116, "state": "Meghalaya", "state_code": null, "district": "EAST KHASI HILLS", "district_code": 298.0, "sub_district": null, "sub_district_code": null, "sub_district_type": null, "village": "Lyngkhom", "village_category": "Rural", "village_code": "5353534833" }, "geometry": { "type": "Point", "coordinates": [ 91.60748, 25.2514547 ] } },
{ "type": "Feature", "properties": { "id": 117, "state": "Meghalaya", "state_code": null, "district": "EAST KHASI HILLS", "district_code": 298.0, "sub_district": null, "sub_district_code": null, "sub_district_type": null, "village": "Tyngnger", "village_category": "Rural", "village_code": "5353534834" }, "geometry": { "type": "Point", "coordinates": [ 91.603269, 25.2430414 ] } },
{ "type": "Feature", "properties": { "id": 118, "state": "Meghalaya", "state_code": null, "district": "EAST KHASI HILLS", "district_code": 298.0, "sub_district": null, "sub_district_code": null, "sub_district_type": null, "village": "Tyngnger", "village_category": "Rural", "village_code": "5353534835" }, "geometry": { "type": "Point", "coordinates": [ 91.6102374, 25.235433 ] } },
{ "type": "Feature", "properties": { "id": 119, "state": "Meghalaya", "state_code": null, "district": "EAST KHASI HILLS", "district_code": 298.0, "sub_district": null, "sub_district_code": null, "sub_district_type": null, "village": "Dewsaw", "village_category": "Rural", "village_code": "5353534836" }, "geometry": { "type": "Point", "coordinates": [ 91.61484, 25.2285374 ] } },
{ "type": "Feature", "properties": { "id": 120, "state": "Meghalaya", "state_code": null, "district": "EAST KHASI HILLS", "district_code": 298.0, "sub_district": null, "sub_district_code": null, "sub_district_type": null, "village": "Mawkasaiñ", "village_category": "Rural", "village_code": "5354919912" }, "geometry": { "type": "Point", "coordinates": [ 91.5177494, 25.265073 ] } },
{ "type": "Feature", "properties": { "id": 121, "state": "Meghalaya", "state_code": null, "district": "EAST KHASI HILLS", "district_code": 298.0, "sub_district": null, "sub_district_code": null, "sub_district_type": null, "village": "Lumdiengngan", "village_category": "Rural", "village_code": "5354919914" }, "geometry": { "type": "Point", "coordinates": [ 91.5259194, 25.2578687 ] } },
{ "type": "Feature", "properties": { "id": 122, "state": "Meghalaya", "state_code": null, "district": "EAST KHASI HILLS", "district_code": 298.0, "sub_district": null, "sub_district_code": null, "sub_district_type": null, "village": "Nongrim", "village_category": "Rural", "village_code": "5354919981" }, "geometry": { "type": "Point", "coordinates": [ 91.5192568, 25.2370925 ] } },
{ "type": "Feature", "properties": { "id": 123, "state": "Meghalaya", "state_code": null, "district": "EAST KHASI HILLS", "district_code": 298.0, "sub_district": null, "sub_district_code": null, "sub_district_type": null, "village": "Sohmynken", "village_category": "Rural", "village_code": "5354920009" }, "geometry": { "type": "Point", "coordinates": [ 91.5233928, 25.2425222 ] } },
{ "type": "Feature", "properties": { "id": 124, "state": "Meghalaya", "state_code": null, "district": "EAST KHASI HILLS", "district_code": 298.0, "sub_district": null, "sub_district_code": null, "sub_district_type": null, "village": "Mawdon", "village_category": "Rural", "village_code": "5354920116" }, "geometry": { "type": "Point", "coordinates": [ 91.5587014, 25.2148034 ] } },
{ "type": "Feature", "properties": { "id": 125, "state": "Meghalaya", "state_code": null, "district": "EAST KHASI HILLS", "district_code": 298.0, "sub_district": null, "sub_district_code": null, "sub_district_type": null, "village": "Mawkhan", "village_category": "Rural", "village_code": "5354920117" }, "geometry": { "type": "Point", "coordinates": [ 91.5638941, 25.2162303 ] } },
{ "type": "Feature", "properties": { "id": 126, "state": "Meghalaya", "state_code": null, "district": "EAST KHASI HILLS", "district_code": 298.0, "sub_district": null, "sub_district_code": null, "sub_district_type": null, "village": "Thyllaw", "village_category": "Rural", "village_code": "5354920167" }, "geometry": { "type": "Point", "coordinates": [ 91.5239239, 25.2298428 ] } },
{ "type": "Feature", "properties": { "id": 127, "state": "Meghalaya", "state_code": null, "district": "EAST KHASI HILLS", "district_code": 298.0, "sub_district": null, "sub_district_code": null, "sub_district_type": null, "village": "Langar", "village_category": "Rural", "village_code": "5355167393" }, "geometry": { "type": "Point", "coordinates": [ 91.7678654, 25.2183317 ] } },
{ "type": "Feature", "properties": { "id": 128, "state": "Meghalaya", "state_code": null, "district": "EAST KHASI HILLS", "district_code": 298.0, "sub_district": null, "sub_district_code": null, "sub_district_type": null, "village": "Village", "village_category": "Rural", "village_code": "5355287501" }, "geometry": { "type": "Point", "coordinates": [ 91.7475048, 25.3694493 ] } },
{ "type": "Feature", "properties": { "id": 129, "state": "Meghalaya", "state_code": null, "district": "EAST KHASI HILLS", "district_code": 298.0, "sub_district": null, "sub_district_code": null, "sub_district_type": null, "village": "Village", "village_category": "Rural", "village_code": "5355287589" }, "geometry": { "type": "Point", "coordinates": [ 91.7346919, 25.3860228 ] } },
{ "type": "Feature", "properties": { "id": 130, "state": "Meghalaya", "state_code": null, "district": "EAST KHASI HILLS", "district_code": 298.0, "sub_district": null, "sub_district_code": null, "sub_district_type": null, "village": "Mawkawir", "village_category": "Rural", "village_code": "5359722626" }, "geometry": { "type": "Point", "coordinates": [ 91.653142, 25.2581355 ] } },
{ "type": "Feature", "properties": { "id": 131, "state": "Meghalaya", "state_code": null, "district": "EAST KHASI HILLS", "district_code": 298.0, "sub_district": null, "sub_district_code": null, "sub_district_type": null, "village": "Sohsarat", "village_category": "Rural", "village_code": "5359722851" }, "geometry": { "type": "Point", "coordinates": [ 91.6641444, 25.2174703 ] } },
{ "type": "Feature", "properties": { "id": 132, "state": "Meghalaya", "state_code": null, "district": "EAST KHASI HILLS", "district_code": 298.0, "sub_district": null, "sub_district_code": null, "sub_district_type": null, "village": "Mawryngkhong", "village_category": "Rural", "village_code": "5359722907" }, "geometry": { "type": "Point", "coordinates": [ 91.6316843, 25.2012766 ] } },
{ "type": "Feature", "properties": { "id": 133, "state": "Meghalaya", "state_code": null, "district": "EAST KHASI HILLS", "district_code": 298.0, "sub_district": null, "sub_district_code": null, "sub_district_type": null, "village": "Mayphlong", "village_category": "Rural", "village_code": "5371423637" }, "geometry": { "type": "Point", "coordinates": [ 91.8683946, 25.2035967 ] } },
{ "type": "Feature", "properties": { "id": 134, "state": "Meghalaya", "state_code": null, "district": "EAST KHASI HILLS", "district_code": 298.0, "sub_district": null, "sub_district_code": null, "sub_district_type": null, "village": "Mevi", "village_category": "Rural", "village_code": "5371423638" }, "geometry": { "type": "Point", "coordinates": [ 91.8579876, 25.1947165 ] } },
{ "type": "Feature", "properties": { "id": 135, "state": "Meghalaya", "state_code": null, "district": "EAST KHASI HILLS", "district_code": 298.0, "sub_district": null, "sub_district_code": null, "sub_district_type": null, "village": "Lynnyang", "village_category": "Rural", "village_code": "5371423832" }, "geometry": { "type": "Point", "coordinates": [ 91.8364978, 25.2020289 ] } },
{ "type": "Feature", "properties": { "id": 136, "state": "Meghalaya", "state_code": null, "district": "EAST KHASI HILLS", "district_code": 298.0, "sub_district": null, "sub_district_code": null, "sub_district_type": null, "village": "Wongkalikai", "village_category": "Rural", "village_code": "5371424003" }, "geometry": { "type": "Point", "coordinates": [ 91.8366104, 25.2512412 ] } },
{ "type": "Feature", "properties": { "id": 137, "state": "Meghalaya", "state_code": null, "district": "EAST KHASI HILLS", "district_code": 298.0, "sub_district": null, "sub_district_code": null, "sub_district_type": null, "village": "Mawkliaw", "village_category": "Rural", "village_code": "5371424423" }, "geometry": { "type": "Point", "coordinates": [ 91.8159923, 25.2296341 ] } },
{ "type": "Feature", "properties": { "id": 138, "state": "Meghalaya", "state_code": null, "district": "EAST KHASI HILLS", "district_code": 298.0, "sub_district": null, "sub_district_code": null, "sub_district_type": null, "village": "Kemrang", "village_category": "Rural", "village_code": "5371424424" }, "geometry": { "type": "Point", "coordinates": [ 91.813066, 25.2319974 ] } },
{ "type": "Feature", "properties": { "id": 139, "state": "Meghalaya", "state_code": null, "district": "EAST KHASI HILLS", "district_code": 298.0, "sub_district": null, "sub_district_code": null, "sub_district_type": null, "village": "Mawlatang", "village_category": "Rural", "village_code": "5371424628" }, "geometry": { "type": "Point", "coordinates": [ 91.801971, 25.2415251 ] } },
{ "type": "Feature", "properties": { "id": 140, "state": "Meghalaya", "state_code": null, "district": "EAST KHASI HILLS", "district_code": 298.0, "sub_district": null, "sub_district_code": null, "sub_district_type": null, "village": "Tyrngei", "village_category": "Rural", "village_code": "5371424629" }, "geometry": { "type": "Point", "coordinates": [ 91.798456, 25.2365721 ] } },
{ "type": "Feature", "properties": { "id": 141, "state": "Meghalaya", "state_code": null, "district": "EAST KHASI HILLS", "district_code": 298.0, "sub_district": null, "sub_district_code": null, "sub_district_type": null, "village": "Sohkhmi", "village_category": "Rural", "village_code": "5371425541" }, "geometry": { "type": "Point", "coordinates": [ 91.7774804, 25.236381 ] } },
{ "type": "Feature", "properties": { "id": 142, "state": "Meghalaya", "state_code": null, "district": "EAST KHASI HILLS", "district_code": 298.0, "sub_district": null, "sub_district_code": null, "sub_district_type": null, "village": "Unnamed Hamlet", "village_category": "Rural", "village_code": "5372576399" }, "geometry": { "type": "Point", "coordinates": [ 91.9236025, 25.1935879 ] } },
{ "type": "Feature", "properties": { "id": 143, "state": "Meghalaya", "state_code": null, "district": "EAST KHASI HILLS", "district_code": 298.0, "sub_district": null, "sub_district_code": null, "sub_district_type": null, "village": "Sepplang", "village_category": "Rural", "village_code": "5372576400" }, "geometry": { "type": "Point", "coordinates": [ 91.920113, 25.1997136 ] } },
{ "type": "Feature", "properties": { "id": 144, "state": "Meghalaya", "state_code": null, "district": "EAST KHASI HILLS", "district_code": 298.0, "sub_district": null, "sub_district_code": null, "sub_district_type": null, "village": "Unnamed Hamlet", "village_category": "Rural", "village_code": "5372576401" }, "geometry": { "type": "Point", "coordinates": [ 91.9035691, 25.2157668 ] } },
{ "type": "Feature", "properties": { "id": 145, "state": "Meghalaya", "state_code": null, "district": "EAST KHASI HILLS", "district_code": 298.0, "sub_district": null, "sub_district_code": null, "sub_district_type": null, "village": "Unnamed Hamlet", "village_category": "Rural", "village_code": "5372576484" }, "geometry": { "type": "Point", "coordinates": [ 91.9317377, 25.1982817 ] } },
{ "type": "Feature", "properties": { "id": 146, "state": "Meghalaya", "state_code": null, "district": "EAST KHASI HILLS", "district_code": 298.0, "sub_district": null, "sub_district_code": null, "sub_district_type": null, "village": "Unnamed Hamlet", "village_category": "Rural", "village_code": "5372576511" }, "geometry": { "type": "Point", "coordinates": [ 91.9314212, 25.1815102 ] } },
{ "type": "Feature", "properties": { "id": 147, "state": "Meghalaya", "state_code": null, "district": "EAST KHASI HILLS", "district_code": 298.0, "sub_district": null, "sub_district_code": null, "sub_district_type": null, "village": "Umkren", "village_category": "Rural", "village_code": "5372576826" }, "geometry": { "type": "Point", "coordinates": [ 91.9942465, 25.1868842 ] } },
{ "type": "Feature", "properties": { "id": 148, "state": "Meghalaya", "state_code": null, "district": "EAST KHASI HILLS", "district_code": 298.0, "sub_district": null, "sub_district_code": null, "sub_district_type": null, "village": "Lapalang", "village_category": "Rural", "village_code": "5379579507" }, "geometry": { "type": "Point", "coordinates": [ 91.9623806, 25.1955307 ] } },
{ "type": "Feature", "properties": { "id": 149, "state": "Meghalaya", "state_code": null, "district": "WEST JAINTIA HILLS", "district_code": 299.0, "sub_district": null, "sub_district_code": null, "sub_district_type": null, "village": "Nongtalang", "village_category": "Rural", "village_code": "5379579508" }, "geometry": { "type": "Point", "coordinates": [ 92.0665348, 25.2088483 ] } },
{ "type": "Feature", "properties": { "id": 150, "state": "Meghalaya", "state_code": null, "district": "WEST JAINTIA HILLS", "district_code": 299.0, "sub_district": null, "sub_district_code": null, "sub_district_type": null, "village": "Lamin", "village_category": "Rural", "village_code": "5379579509" }, "geometry": { "type": "Point", "coordinates": [ 92.0286888, 25.2147161 ] } },
{ "type": "Feature", "properties": { "id": 151, "state": "Meghalaya", "state_code": null, "district": "WEST JAINTIA HILLS", "district_code": 299.0, "sub_district": null, "sub_district_code": null, "sub_district_type": null, "village": "Sohkha Myshon", "village_category": "Rural", "village_code": "5379579510" }, "geometry": { "type": "Point", "coordinates": [ 92.0352763, 25.2118623 ] } },
{ "type": "Feature", "properties": { "id": 152, "state": "Meghalaya", "state_code": null, "district": "WEST JAINTIA HILLS", "district_code": 299.0, "sub_district": null, "sub_district_code": null, "sub_district_type": null, "village": "Sohkha Shnong", "village_category": "Rural", "village_code": "5379579511" }, "geometry": { "type": "Point", "coordinates": [ 92.0351851, 25.2150461 ] } },
{ "type": "Feature", "properties": { "id": 153, "state": "Meghalaya", "state_code": null, "district": "WEST JAINTIA HILLS", "district_code": 299.0, "sub_district": null, "sub_district_code": null, "sub_district_type": null, "village": "Sohkha South", "village_category": "Rural", "village_code": "5379579512" }, "geometry": { "type": "Point", "coordinates": [ 92.0414534, 25.2073388 ] } },
{ "type": "Feature", "properties": { "id": 154, "state": "Meghalaya", "state_code": null, "district": "EAST KHASI HILLS", "district_code": 298.0, "sub_district": null, "sub_district_code": null, "sub_district_type": null, "village": "Rasong", "village_category": "Rural", "village_code": "5380914170" }, "geometry": { "type": "Point", "coordinates": [ 91.9139063, 25.4408332 ] } },
{ "type": "Feature", "properties": { "id": 155, "state": "Meghalaya", "state_code": null, "district": "EAST KHASI HILLS", "district_code": 298.0, "sub_district": null, "sub_district_code": null, "sub_district_type": null, "village": "Unnamed Hamlet", "village_category": "Rural", "village_code": "5380915127" }, "geometry": { "type": "Point", "coordinates": [ 91.9019866, 25.430609 ] } },
{ "type": "Feature", "properties": { "id": 156, "state": "Meghalaya", "state_code": null, "district": "EAST KHASI HILLS", "district_code": 298.0, "sub_district": null, "sub_district_code": null, "sub_district_type": null, "village": "Unnamed Hamlet", "village_category": "Rural", "village_code": "5380915128" }, "geometry": { "type": "Point", "coordinates": [ 91.9045937, 25.4268325 ] } },
{ "type": "Feature", "properties": { "id": 157, "state": "Meghalaya", "state_code": null, "district": "EAST KHASI HILLS", "district_code": 298.0, "sub_district": null, "sub_district_code": null, "sub_district_type": null, "village": "Jatah", "village_category": "Rural", "village_code": "5381238695" }, "geometry": { "type": "Point", "coordinates": [ 92.0458281, 25.4089442 ] } },
{ "type": "Feature", "properties": { "id": 158, "state": "Meghalaya", "state_code": null, "district": "EAST KHASI HILLS", "district_code": 298.0, "sub_district": null, "sub_district_code": null, "sub_district_type": null, "village": "Wahmawlein", "village_category": "Rural", "village_code": "5381238696" }, "geometry": { "type": "Point", "coordinates": [ 91.9862214, 25.3796932 ] } },
{ "type": "Feature", "properties": { "id": 159, "state": "Meghalaya", "state_code": null, "district": "EAST KHASI HILLS", "district_code": 298.0, "sub_district": null, "sub_district_code": null, "sub_district_type": null, "village": "Mawkynrew", "village_category": "Rural", "village_code": "5381238697" }, "geometry": { "type": "Point", "coordinates": [ 91.9996995, 25.4338524 ] } },
{ "type": "Feature", "properties": { "id": 160, "state": "Meghalaya", "state_code": null, "district": "EAST KHASI HILLS", "district_code": 298.0, "sub_district": null, "sub_district_code": null, "sub_district_type": null, "village": "Jongksha", "village_category": "Rural", "village_code": "5381238698" }, "geometry": { "type": "Point", "coordinates": [ 91.9679689, 25.4703212 ] } },
{ "type": "Feature", "properties": { "id": 161, "state": "Meghalaya", "state_code": null, "district": "EAST KHASI HILLS", "district_code": 298.0, "sub_district": null, "sub_district_code": null, "sub_district_type": null, "village": "Syntung", "village_category": "Rural", "village_code": "5381302708" }, "geometry": { "type": "Point", "coordinates": [ 92.0535099, 25.3529414 ] } },
{ "type": "Feature", "properties": { "id": 162, "state": "Meghalaya", "state_code": null, "district": "WEST JAINTIA HILLS", "district_code": 299.0, "sub_district": null, "sub_district_code": null, "sub_district_type": null, "village": "Unnamed Hamlet", "village_category": "Rural", "village_code": "5383967460" }, "geometry": { "type": "Point", "coordinates": [ 92.1923303, 25.2514208 ] } },
{ "type": "Feature", "properties": { "id": 163, "state": "Meghalaya", "state_code": null, "district": "EAST JAINTIA HILLS", "district_code": 666.0, "sub_district": null, "sub_district_code": null, "sub_district_type": null, "village": "Unnamed Hamlet", "village_category": "Rural", "village_code": "5383968321" }, "geometry": { "type": "Point", "coordinates": [ 92.2391295, 25.257825 ] } },
{ "type": "Feature", "properties": { "id": 164, "state": "Meghalaya", "state_code": null, "district": "EAST JAINTIA HILLS", "district_code": 666.0, "sub_district": null, "sub_district_code": null, "sub_district_type": null, "village": "Unnamed Hamlet", "village_category": "Rural", "village_code": "5383968322" }, "geometry": { "type": "Point", "coordinates": [ 92.2233796, 25.256156 ] } },
{ "type": "Feature", "properties": { "id": 165, "state": "Meghalaya", "state_code": null, "district": "EAST JAINTIA HILLS", "district_code": 666.0, "sub_district": null, "sub_district_code": null, "sub_district_type": null, "village": "Unnamed Hamlet", "village_category": "Rural", "village_code": "5383968323" }, "geometry": { "type": "Point", "coordinates": [ 92.2300637, 25.262594 ] } },
{ "type": "Feature", "properties": { "id": 166, "state": "Meghalaya", "state_code": null, "district": "EAST JAINTIA HILLS", "district_code": 666.0, "sub_district": null, "sub_district_code": null, "sub_district_type": null, "village": "Unnamed Hamlet", "village_category": "Rural", "village_code": "5383968324" }, "geometry": { "type": "Point", "coordinates": [ 92.2285911, 25.2665915 ] } },
{ "type": "Feature", "properties": { "id": 167, "state": "Meghalaya", "state_code": null, "district": "EAST JAINTIA HILLS", "district_code": 666.0, "sub_district": null, "sub_district_code": null, "sub_district_type": null, "village": "Unnamed Hamlet", "village_category": "Rural", "village_code": "5383968325" }, "geometry": { "type": "Point", "coordinates": [ 92.2227681, 25.2668001 ] } },
{ "type": "Feature", "properties": { "id": 168, "state": "Meghalaya", "state_code": null, "district": "EAST JAINTIA HILLS", "district_code": 666.0, "sub_district": null, "sub_district_code": null, "sub_district_type": null, "village": "Unnamed Hamlet", "village_category": "Rural", "village_code": "5383968326" }, "geometry": { "type": "Point", "coordinates": [ 92.2133052, 25.2630355 ] } },
{ "type": "Feature", "properties": { "id": 169, "state": "Meghalaya", "state_code": null, "district": "WEST JAINTIA HILLS", "district_code": 299.0, "sub_district": null, "sub_district_code": null, "sub_district_type": null, "village": "Lynnongsynn", "village_category": "Rural", "village_code": "5383968521" }, "geometry": { "type": "Point", "coordinates": [ 92.2073239, 25.2070573 ] } },
{ "type": "Feature", "properties": { "id": 170, "state": "Meghalaya", "state_code": null, "district": "WEST JAINTIA HILLS", "district_code": 299.0, "sub_district": null, "sub_district_code": null, "sub_district_type": null, "village": "Unnamed Village", "village_category": "Rural", "village_code": "5383968522" }, "geometry": { "type": "Point", "coordinates": [ 92.1473497, 25.2322746 ] } },
{ "type": "Feature", "properties": { "id": 171, "state": "Meghalaya", "state_code": null, "district": "EAST JAINTIA HILLS", "district_code": 666.0, "sub_district": null, "sub_district_code": null, "sub_district_type": null, "village": "Bataw", "village_category": "Rural", "village_code": "5383989465" }, "geometry": { "type": "Point", "coordinates": [ 92.224018, 25.2351054 ] } },
{ "type": "Feature", "properties": { "id": 172, "state": "Meghalaya", "state_code": null, "district": "EAST KHASI HILLS", "district_code": 298.0, "sub_district": null, "sub_district_code": null, "sub_district_type": null, "village": "Sinai", "village_category": "Rural", "village_code": "5384484158" }, "geometry": { "type": "Point", "coordinates": [ 91.5889192, 25.2237186 ] } },
{ "type": "Feature", "properties": { "id": 173, "state": "Meghalaya", "state_code": null, "district": "EAST KHASI HILLS", "district_code": 298.0, "sub_district": null, "sub_district_code": null, "sub_district_type": null, "village": "Nonglait", "village_category": "Rural", "village_code": "5384484159" }, "geometry": { "type": "Point", "coordinates": [ 91.5878275, 25.2156115 ] } },
{ "type": "Feature", "properties": { "id": 174, "state": "Meghalaya", "state_code": null, "district": "EAST KHASI HILLS", "district_code": 298.0, "sub_district": null, "sub_district_code": null, "sub_district_type": null, "village": "Nongtrai", "village_category": "Rural", "village_code": "5384484160" }, "geometry": { "type": "Point", "coordinates": [ 91.6040897, 25.2105616 ] } },
{ "type": "Feature", "properties": { "id": 175, "state": "Meghalaya", "state_code": null, "district": "EAST KHASI HILLS", "district_code": 298.0, "sub_district": null, "sub_district_code": null, "sub_district_type": null, "village": "Unnamed Hamlet", "village_category": "Rural", "village_code": "5384484161" }, "geometry": { "type": "Point", "coordinates": [ 91.8664098, 25.2230003 ] } },
{ "type": "Feature", "properties": { "id": 176, "state": "Meghalaya", "state_code": null, "district": "EAST KHASI HILLS", "district_code": 298.0, "sub_district": null, "sub_district_code": null, "sub_district_type": null, "village": "Unnamed Hamlet", "village_category": "Rural", "village_code": "5384484162" }, "geometry": { "type": "Point", "coordinates": [ 91.8692207, 25.2171645 ] } },
{ "type": "Feature", "properties": { "id": 177, "state": "Meghalaya", "state_code": null, "district": "EAST KHASI HILLS", "district_code": 298.0, "sub_district": null, "sub_district_code": null, "sub_district_type": null, "village": "Unnamed Hamlet", "village_category": "Rural", "village_code": "5384484163" }, "geometry": { "type": "Point", "coordinates": [ 91.8598652, 25.2061109 ] } },
{ "type": "Feature", "properties": { "id": 178, "state": "Meghalaya", "state_code": null, "district": "EAST KHASI HILLS", "district_code": 298.0, "sub_district": null, "sub_district_code": null, "sub_district_type": null, "village": "Thieddieng Nongrim", "village_category": "Rural", "village_code": "5411122666" }, "geometry": { "type": "Point", "coordinates": [ 91.6261482, 25.2940074 ] } },
{ "type": "Feature", "properties": { "id": 179, "state": "Meghalaya", "state_code": null, "district": "SOUTH WEST KHASI HILLS", "district_code": 668.0, "sub_district": null, "sub_district_code": null, "sub_district_type": null, "village": "Phlangkynshi", "village_category": "Rural", "village_code": "5411122667" }, "geometry": { "type": "Point", "coordinates": [ 91.5203834, 25.3034017 ] } },
{ "type": "Feature", "properties": { "id": 180, "state": "Meghalaya", "state_code": null, "district": "EAST KHASI HILLS", "district_code": 298.0, "sub_district": null, "sub_district_code": null, "sub_district_type": null, "village": "Phudphanblei", "village_category": "Rural", "village_code": "5411122668" }, "geometry": { "type": "Point", "coordinates": [ 91.5675688, 25.2758424 ] } },
{ "type": "Feature", "properties": { "id": 181, "state": "Meghalaya", "state_code": null, "district": "EAST KHASI HILLS", "district_code": 298.0, "sub_district": null, "sub_district_code": null, "sub_district_type": null, "village": "Village", "village_category": "Rural", "village_code": "5411122669" }, "geometry": { "type": "Point", "coordinates": [ 91.5629125, 25.277967 ] } },
{ "type": "Feature", "properties": { "id": 182, "state": "Meghalaya", "state_code": null, "district": "EAST KHASI HILLS", "district_code": 298.0, "sub_district": null, "sub_district_code": null, "sub_district_type": null, "village": "Jynpiat", "village_category": "Rural", "village_code": "5411122878" }, "geometry": { "type": "Point", "coordinates": [ 91.5581891, 25.3039231 ] } },
{ "type": "Feature", "properties": { "id": 183, "state": "Meghalaya", "state_code": null, "district": "EAST KHASI HILLS", "district_code": 298.0, "sub_district": null, "sub_district_code": null, "sub_district_type": null, "village": "Domskong", "village_category": "Rural", "village_code": "5411122879" }, "geometry": { "type": "Point", "coordinates": [ 91.5589857, 25.301132 ] } },
{ "type": "Feature", "properties": { "id": 184, "state": "Meghalaya", "state_code": null, "district": "EAST KHASI HILLS", "district_code": 298.0, "sub_district": null, "sub_district_code": null, "sub_district_type": null, "village": "Mawkaphan", "village_category": "Rural", "village_code": "5411122880" }, "geometry": { "type": "Point", "coordinates": [ 91.5676761, 25.3002445 ] } },
{ "type": "Feature", "properties": { "id": 185, "state": "Meghalaya", "state_code": null, "district": "EAST KHASI HILLS", "district_code": 298.0, "sub_district": null, "sub_district_code": null, "sub_district_type": null, "village": "Unnamed Hamlet", "village_category": "Rural", "village_code": "5460315675" }, "geometry": { "type": "Point", "coordinates": [ 91.9626957, 25.2128912 ] } },
{ "type": "Feature", "properties": { "id": 186, "state": "Meghalaya", "state_code": null, "district": "EAST KHASI HILLS", "district_code": 298.0, "sub_district": null, "sub_district_code": null, "sub_district_type": null, "village": "Unnamed Hamlet", "village_category": "Rural", "village_code": "5460476937" }, "geometry": { "type": "Point", "coordinates": [ 91.9033867, 25.1887337 ] } },
{ "type": "Feature", "properties": { "id": 187, "state": "Meghalaya", "state_code": null, "district": "EAST KHASI HILLS", "district_code": 298.0, "sub_district": null, "sub_district_code": null, "sub_district_type": null, "village": "Unnamed Hamlet", "village_category": "Rural", "village_code": "5460476999" }, "geometry": { "type": "Point", "coordinates": [ 92.0066035, 25.1895807 ] } },
{ "type": "Feature", "properties": { "id": 188, "state": "Meghalaya", "state_code": null, "district": "EAST KHASI HILLS", "district_code": 298.0, "sub_district": null, "sub_district_code": null, "sub_district_type": null, "village": "Unnamed Hamlet", "village_category": "Rural", "village_code": "5460477000" }, "geometry": { "type": "Point", "coordinates": [ 91.9984978, 25.199966 ] } },
{ "type": "Feature", "properties": { "id": 189, "state": "Meghalaya", "state_code": null, "district": "EAST KHASI HILLS", "district_code": 298.0, "sub_district": null, "sub_district_code": null, "sub_district_type": null, "village": "Unnamed Hamlet", "village_category": "Rural", "village_code": "5460477314" }, "geometry": { "type": "Point", "coordinates": [ 91.9793415, 25.1710529 ] } },
{ "type": "Feature", "properties": { "id": 190, "state": "Meghalaya", "state_code": null, "district": "EAST KHASI HILLS", "district_code": 298.0, "sub_district": null, "sub_district_code": null, "sub_district_type": null, "village": "Unnamed Hamlet", "village_category": "Rural", "village_code": "5460478384" }, "geometry": { "type": "Point", "coordinates": [ 91.9869536, 25.2008349 ] } },
{ "type": "Feature", "properties": { "id": 191, "state": "Meghalaya", "state_code": null, "district": "EAST KHASI HILLS", "district_code": 298.0, "sub_district": null, "sub_district_code": null, "sub_district_type": null, "village": "Unnamed Hamlet", "village_category": "Rural", "village_code": "5465366709" }, "geometry": { "type": "Point", "coordinates": [ 91.8844986, 25.1792019 ] } },
{ "type": "Feature", "properties": { "id": 192, "state": "Meghalaya", "state_code": null, "district": "EAST KHASI HILLS", "district_code": 298.0, "sub_district": null, "sub_district_code": null, "sub_district_type": null, "village": "Thieddieng Nongthymmai", "village_category": "Rural", "village_code": "5465498650" }, "geometry": { "type": "Point", "coordinates": [ 91.6240775, 25.2987362 ] } },
{ "type": "Feature", "properties": { "id": 193, "state": "Meghalaya", "state_code": null, "district": "EAST KHASI HILLS", "district_code": 298.0, "sub_district": null, "sub_district_code": null, "sub_district_type": null, "village": "Kynshluid", "village_category": "Rural", "village_code": "5465498829" }, "geometry": { "type": "Point", "coordinates": [ 91.6025636, 25.2815614 ] } },
{ "type": "Feature", "properties": { "id": 194, "state": "Meghalaya", "state_code": null, "district": "EAST KHASI HILLS", "district_code": 298.0, "sub_district": null, "sub_district_code": null, "sub_district_type": null, "village": "Nongshluid", "village_category": "Rural", "village_code": "5465498830" }, "geometry": { "type": "Point", "coordinates": [ 91.6099396, 25.278178 ] } },
{ "type": "Feature", "properties": { "id": 195, "state": "Meghalaya", "state_code": null, "district": "EAST KHASI HILLS", "district_code": 298.0, "sub_district": null, "sub_district_code": null, "sub_district_type": null, "village": "Unnamed Hamlet", "village_category": "Rural", "village_code": "5465546929" }, "geometry": { "type": "Point", "coordinates": [ 91.7443532, 25.3424892 ] } },
{ "type": "Feature", "properties": { "id": 196, "state": "Meghalaya", "state_code": null, "district": "EAST KHASI HILLS", "district_code": 298.0, "sub_district": null, "sub_district_code": null, "sub_district_type": null, "village": "Unnamed Hamlet", "village_category": "Rural", "village_code": "5465546930" }, "geometry": { "type": "Point", "coordinates": [ 91.7180407, 25.3352991 ] } },
{ "type": "Feature", "properties": { "id": 197, "state": "Meghalaya", "state_code": null, "district": "EAST KHASI HILLS", "district_code": 298.0, "sub_district": null, "sub_district_code": null, "sub_district_type": null, "village": "Laitryngew", "village_category": "Rural", "village_code": "5465546931" }, "geometry": { "type": "Point", "coordinates": [ 91.7337799, 25.3276577 ] } },
{ "type": "Feature", "properties": { "id": 198, "state": "Meghalaya", "state_code": null, "district": "EAST KHASI HILLS", "district_code": 298.0, "sub_district": null, "sub_district_code": null, "sub_district_type": null, "village": "Unnamed Hamlet", "village_category": "Rural", "village_code": "5465546955" }, "geometry": { "type": "Point", "coordinates": [ 91.6743314, 25.2955376 ] } },
{ "type": "Feature", "properties": { "id": 199, "state": "Meghalaya", "state_code": null, "district": "EAST KHASI HILLS", "district_code": 298.0, "sub_district": null, "sub_district_code": null, "sub_district_type": null, "village": "Unnamed Hamlet", "village_category": "Rural", "village_code": "5465546956" }, "geometry": { "type": "Point", "coordinates": [ 91.65429, 25.2660724 ] } },
{ "type": "Feature", "properties": { "id": 200, "state": "Meghalaya", "state_code": null, "district": "EAST KHASI HILLS", "district_code": 298.0, "sub_district": null, "sub_district_code": null, "sub_district_type": null, "village": "Unnamed Hamlet", "village_category": "Rural", "village_code": "5465546957" }, "geometry": { "type": "Point", "coordinates": [ 91.6605717, 25.2766355 ] } },
{ "type": "Feature", "properties": { "id": 201, "state": "Meghalaya", "state_code": null, "district": "EAST KHASI HILLS", "district_code": 298.0, "sub_district": null, "sub_district_code": null, "sub_district_type": null, "village": "Unnamed Hamlet", "village_category": "Rural", "village_code": "5465546958" }, "geometry": { "type": "Point", "coordinates": [ 91.6430381, 25.2818985 ] } },
{ "type": "Feature", "properties": { "id": 202, "state": "Meghalaya", "state_code": null, "district": "EAST KHASI HILLS", "district_code": 298.0, "sub_district": null, "sub_district_code": null, "sub_district_type": null, "village": "Unnamed Hamlet", "village_category": "Rural", "village_code": "5465546959" }, "geometry": { "type": "Point", "coordinates": [ 91.6418901, 25.2788232 ] } },
{ "type": "Feature", "properties": { "id": 203, "state": "Meghalaya", "state_code": null, "district": "RI-BHOI", "district_code": 297.0, "sub_district": null, "sub_district_code": null, "sub_district_type": null, "village": "Mawlasnai", "village_category": "Rural", "village_code": "5789836397" }, "geometry": { "type": "Point", "coordinates": [ 92.1411752, 25.7306712 ] } },
{ "type": "Feature", "properties": { "id": 204, "state": "Meghalaya", "state_code": null, "district": "SOUTH WEST GARO HILLS", "district_code": 660.0, "sub_district": null, "sub_district_code": null, "sub_district_type": null, "village": "Ampati", "village_category": "Rural", "village_code": "5945043135" }, "geometry": { "type": "Point", "coordinates": [ 89.9367062, 25.4704958 ] } },
{ "type": "Feature", "properties": { "id": 205, "state": "Meghalaya", "state_code": null, "district": "SOUTH WEST GARO HILLS", "district_code": 660.0, "sub_district": null, "sub_district_code": null, "sub_district_type": null, "village": "Mahendraganj", "village_category": "Rural", "village_code": "5945043728" }, "geometry": { "type": "Point", "coordinates": [ 89.8512983, 25.3034309 ] } },
{ "type": "Feature", "properties": { "id": 206, "state": "Meghalaya", "state_code": null, "district": "EAST KHASI HILLS", "district_code": 298.0, "sub_district": null, "sub_district_code": null, "sub_district_type": null, "village": "Unnamed Hamlet", "village_category": "Rural", "village_code": "6191057894" }, "geometry": { "type": "Point", "coordinates": [ 91.9855749, 25.2089017 ] } },
{ "type": "Feature", "properties": { "id": 207, "state": "Meghalaya", "state_code": null, "district": "WEST JAINTIA HILLS", "district_code": 299.0, "sub_district": null, "sub_district_code": null, "sub_district_type": null, "village": "Unnamed Hamlet", "village_category": "Rural", "village_code": "6191057895" }, "geometry": { "type": "Point", "coordinates": [ 92.0091677, 25.228586 ] } },
{ "type": "Feature", "properties": { "id": 208, "state": "Meghalaya", "state_code": null, "district": "WEST JAINTIA HILLS", "district_code": 299.0, "sub_district": null, "sub_district_code": null, "sub_district_type": null, "village": "Unnamed Hamlet", "village_category": "Rural", "village_code": "6191057896" }, "geometry": { "type": "Point", "coordinates": [ 92.010026, 25.2206563 ] } },
{ "type": "Feature", "properties": { "id": 209, "state": "Meghalaya", "state_code": null, "district": "WEST JAINTIA HILLS", "district_code": 299.0, "sub_district": null, "sub_district_code": null, "sub_district_type": null, "village": "Unnamed Hamlet", "village_category": "Rural", "village_code": "6191057897" }, "geometry": { "type": "Point", "coordinates": [ 92.0211625, 25.2059993 ] } },
{ "type": "Feature", "properties": { "id": 210, "state": "Meghalaya", "state_code": null, "district": "WEST JAINTIA HILLS", "district_code": 299.0, "sub_district": null, "sub_district_code": null, "sub_district_type": null, "village": "Shnongpdeng", "village_category": "Rural", "village_code": "6191064769" }, "geometry": { "type": "Point", "coordinates": [ 92.0088404, 25.2075864 ] } },
{ "type": "Feature", "properties": { "id": 211, "state": "Meghalaya", "state_code": null, "district": "EAST KHASI HILLS", "district_code": 298.0, "sub_district": null, "sub_district_code": null, "sub_district_type": null, "village": "Zingmaham", "village_category": "Rural", "village_code": "6203746159" }, "geometry": { "type": "Point", "coordinates": [ 91.9002324, 25.2068923 ] } },
{ "type": "Feature", "properties": { "id": 212, "state": "Meghalaya", "state_code": null, "district": "RI-BHOI", "district_code": 297.0, "sub_district": null, "sub_district_code": null, "sub_district_type": null, "village": "Ingsaw", "village_category": "Rural", "village_code": "6250024029" }, "geometry": { "type": "Point", "coordinates": [ 92.1392655, 25.824211 ] } },
{ "type": "Feature", "properties": { "id": 213, "state": "Meghalaya", "state_code": null, "district": "EAST JAINTIA HILLS", "district_code": 666.0, "sub_district": null, "sub_district_code": null, "sub_district_type": null, "village": "Umlatodh", "village_category": "Rural", "village_code": "6253407673" }, "geometry": { "type": "Point", "coordinates": [ 92.2770881, 25.1973304 ] } },
{ "type": "Feature", "properties": { "id": 214, "state": "Meghalaya", "state_code": null, "district": "EAST JAINTIA HILLS", "district_code": 666.0, "sub_district": null, "sub_district_code": null, "sub_district_type": null, "village": "Lakadong", "village_category": "Rural", "village_code": "6253407686" }, "geometry": { "type": "Point", "coordinates": [ 92.2668743, 25.1868454 ] } },
{ "type": "Feature", "properties": { "id": 215, "state": "Meghalaya", "state_code": null, "district": "EAST JAINTIA HILLS", "district_code": 666.0, "sub_district": null, "sub_district_code": null, "sub_district_type": null, "village": "Umlynsha", "village_category": "Rural", "village_code": "6253407687" }, "geometry": { "type": "Point", "coordinates": [ 92.2648572, 25.2075816 ] } },
{ "type": "Feature", "properties": { "id": 216, "state": "Meghalaya", "state_code": null, "district": "WEST JAINTIA HILLS", "district_code": 299.0, "sub_district": null, "sub_district_code": null, "sub_district_type": null, "village": "Posadwar", "village_category": "Rural", "village_code": "6253407688" }, "geometry": { "type": "Point", "coordinates": [ 92.2099471, 25.148373 ] } },
{ "type": "Feature", "properties": { "id": 217, "state": "Meghalaya", "state_code": null, "district": "WEST JAINTIA HILLS", "district_code": 299.0, "sub_district": null, "sub_district_code": null, "sub_district_type": null, "village": "Kharkhana", "village_category": "Rural", "village_code": "6253407689" }, "geometry": { "type": "Point", "coordinates": [ 92.2098827, 25.1589585 ] } },
{ "type": "Feature", "properties": { "id": 218, "state": "Meghalaya", "state_code": null, "district": "EAST JAINTIA HILLS", "district_code": 666.0, "sub_district": null, "sub_district_code": null, "sub_district_type": null, "village": "Borghat", "village_category": "Rural", "village_code": "6253407690" }, "geometry": { "type": "Point", "coordinates": [ 92.2281432, 25.1609784 ] } },
{ "type": "Feature", "properties": { "id": 219, "state": "Meghalaya", "state_code": null, "district": "EAST JAINTIA HILLS", "district_code": 666.0, "sub_district": null, "sub_district_code": null, "sub_district_type": null, "village": "Lama", "village_category": "Rural", "village_code": "6253407691" }, "geometry": { "type": "Point", "coordinates": [ 92.2403312, 25.1688245 ] } },
{ "type": "Feature", "properties": { "id": 220, "state": "Meghalaya", "state_code": null, "district": "EAST JAINTIA HILLS", "district_code": 666.0, "sub_district": null, "sub_district_code": null, "sub_district_type": null, "village": "Bataw", "village_category": "Rural", "village_code": "6253408770" }, "geometry": { "type": "Point", "coordinates": [ 92.2438931, 25.2304203 ] } },
{ "type": "Feature", "properties": { "id": 221, "state": "Meghalaya", "state_code": null, "district": "WEST JAINTIA HILLS", "district_code": 299.0, "sub_district": null, "sub_district_code": null, "sub_district_type": null, "village": "Lummarjai", "village_category": "Rural", "village_code": "6253841484" }, "geometry": { "type": "Point", "coordinates": [ 92.2060847, 25.5340774 ] } },
{ "type": "Feature", "properties": { "id": 222, "state": "Meghalaya", "state_code": null, "district": "WEST JAINTIA HILLS", "district_code": 299.0, "sub_district": null, "sub_district_code": null, "sub_district_type": null, "village": "Mupliang", "village_category": "Rural", "village_code": "6253841710" }, "geometry": { "type": "Point", "coordinates": [ 92.2051674, 25.5456553 ] } },
{ "type": "Feature", "properties": { "id": 223, "state": "Meghalaya", "state_code": null, "district": "WEST JAINTIA HILLS", "district_code": 299.0, "sub_district": null, "sub_district_code": null, "sub_district_type": null, "village": "Nongbah", "village_category": "Rural", "village_code": "6253842329" }, "geometry": { "type": "Point", "coordinates": [ 92.2491932, 25.5213947 ] } },
{ "type": "Feature", "properties": { "id": 224, "state": "Meghalaya", "state_code": null, "district": "WEST JAINTIA HILLS", "district_code": 299.0, "sub_district": null, "sub_district_code": null, "sub_district_type": null, "village": "Raliang", "village_category": "Rural", "village_code": "6253845460" }, "geometry": { "type": "Point", "coordinates": [ 92.3935443, 25.4989014 ] } },
{ "type": "Feature", "properties": { "id": 225, "state": "Meghalaya", "state_code": null, "district": "EAST KHASI HILLS", "district_code": 298.0, "sub_district": null, "sub_district_code": null, "sub_district_type": null, "village": "Nongkrem", "village_category": "Rural", "village_code": "6255618606" }, "geometry": { "type": "Point", "coordinates": [ 91.8804216, 25.4970518 ] } },
{ "type": "Feature", "properties": { "id": 226, "state": "Meghalaya", "state_code": null, "district": "EAST KHASI HILLS", "district_code": 298.0, "sub_district": null, "sub_district_code": null, "sub_district_type": null, "village": "Smit", "village_category": "Rural", "village_code": "6255618785" }, "geometry": { "type": "Point", "coordinates": [ 91.9037032, 25.5020874 ] } },
{ "type": "Feature", "properties": { "id": 227, "state": "Meghalaya", "state_code": null, "district": "EAST KHASI HILLS", "district_code": 298.0, "sub_district": null, "sub_district_code": null, "sub_district_type": null, "village": "Lyngshing", "village_category": "Rural", "village_code": "6255619980" }, "geometry": { "type": "Point", "coordinates": [ 91.9902098, 25.3907625 ] } },
{ "type": "Feature", "properties": { "id": 228, "state": "Meghalaya", "state_code": null, "district": "EAST KHASI HILLS", "district_code": 298.0, "sub_district": null, "sub_district_code": null, "sub_district_type": null, "village": "Nongjrong", "village_category": "Rural", "village_code": "6255621436" }, "geometry": { "type": "Point", "coordinates": [ 92.0902884, 25.4789125 ] } },
{ "type": "Feature", "properties": { "id": 229, "state": "Meghalaya", "state_code": null, "district": "EAST KHASI HILLS", "district_code": 298.0, "sub_district": null, "sub_district_code": null, "sub_district_type": null, "village": "Mawsna", "village_category": "Rural", "village_code": "6255622148" }, "geometry": { "type": "Point", "coordinates": [ 92.0820004, 25.4479443 ] } },
{ "type": "Feature", "properties": { "id": 230, "state": "Meghalaya", "state_code": null, "district": "EAST KHASI HILLS", "district_code": 298.0, "sub_district": null, "sub_district_code": null, "sub_district_type": null, "village": "Thodong", "village_category": "Rural", "village_code": "6255622177" }, "geometry": { "type": "Point", "coordinates": [ 91.9575405, 25.5122885 ] } },
{ "type": "Feature", "properties": { "id": 231, "state": "Meghalaya", "state_code": null, "district": "EAST KHASI HILLS", "district_code": 298.0, "sub_district": null, "sub_district_code": null, "sub_district_type": null, "village": "Khliehasem", "village_category": "Rural", "village_code": "6255623311" }, "geometry": { "type": "Point", "coordinates": [ 92.033962, 25.3758546 ] } },
{ "type": "Feature", "properties": { "id": 232, "state": "Meghalaya", "state_code": null, "district": "EAST KHASI HILLS", "district_code": 298.0, "sub_district": null, "sub_district_code": null, "sub_district_type": null, "village": "Mawsna", "village_category": "Rural", "village_code": "6255623378" }, "geometry": { "type": "Point", "coordinates": [ 92.0203685, 25.3617495 ] } },
{ "type": "Feature", "properties": { "id": 233, "state": "Meghalaya", "state_code": null, "district": "EAST KHASI HILLS", "district_code": 298.0, "sub_district": null, "sub_district_code": null, "sub_district_type": null, "village": "Nohron", "village_category": "Rural", "village_code": "6255623671" }, "geometry": { "type": "Point", "coordinates": [ 92.0250463, 25.3397597 ] } },
{ "type": "Feature", "properties": { "id": 234, "state": "Meghalaya", "state_code": null, "district": "EAST KHASI HILLS", "district_code": 298.0, "sub_district": null, "sub_district_code": null, "sub_district_type": null, "village": "Nongryngkoh", "village_category": "Rural", "village_code": "6255623672" }, "geometry": { "type": "Point", "coordinates": [ 92.0122897, 25.3230271 ] } },
{ "type": "Feature", "properties": { "id": 235, "state": "Meghalaya", "state_code": null, "district": "EAST KHASI HILLS", "district_code": 298.0, "sub_district": null, "sub_district_code": null, "sub_district_type": null, "village": "Syangkhnai", "village_category": "Rural", "village_code": "6255624287" }, "geometry": { "type": "Point", "coordinates": [ 92.0857715, 25.3589186 ] } },
{ "type": "Feature", "properties": { "id": 236, "state": "Meghalaya", "state_code": null, "district": "EAST KHASI HILLS", "district_code": 298.0, "sub_district": null, "sub_district_code": null, "sub_district_type": null, "village": "Thynroit", "village_category": "Rural", "village_code": "6255680069" }, "geometry": { "type": "Point", "coordinates": [ 91.9710695, 25.4945243 ] } },
{ "type": "Feature", "properties": { "id": 237, "state": "Meghalaya", "state_code": null, "district": "EAST KHASI HILLS", "district_code": 298.0, "sub_district": null, "sub_district_code": null, "sub_district_type": null, "village": "Mawber", "village_category": "Rural", "village_code": "6255680215" }, "geometry": { "type": "Point", "coordinates": [ 92.0054662, 25.5164181 ] } },
{ "type": "Feature", "properties": { "id": 238, "state": "Meghalaya", "state_code": null, "district": "EAST KHASI HILLS", "district_code": 298.0, "sub_district": null, "sub_district_code": null, "sub_district_type": null, "village": "Laitlyngkot", "village_category": "Rural", "village_code": "6255778045" }, "geometry": { "type": "Point", "coordinates": [ 91.8398371, 25.4467599 ] } },
{ "type": "Feature", "properties": { "id": 239, "state": "Meghalaya", "state_code": null, "district": "EAST KHASI HILLS", "district_code": 298.0, "sub_district": null, "sub_district_code": null, "sub_district_type": null, "village": "Umlympung", "village_category": "Rural", "village_code": "6255781605" }, "geometry": { "type": "Point", "coordinates": [ 91.8170249, 25.4736144 ] } },
{ "type": "Feature", "properties": { "id": 240, "state": "Meghalaya", "state_code": null, "district": "RI-BHOI", "district_code": 297.0, "sub_district": null, "sub_district_code": null, "sub_district_type": null, "village": "Byrnihat", "village_category": "Urban", "village_code": "6286817795" }, "geometry": { "type": "Point", "coordinates": [ 91.8696498, 26.0543348 ] } },
{ "type": "Feature", "properties": { "id": 241, "state": "Meghalaya", "state_code": null, "district": "RI-BHOI", "district_code": 297.0, "sub_district": null, "sub_district_code": null, "sub_district_type": null, "village": "Nongpoh", "village_category": "Urban", "village_code": "6432998596" }, "geometry": { "type": "Point", "coordinates": [ 91.8812907, 25.8989839 ] } },
{ "type": "Feature", "properties": { "id": 242, "state": "Meghalaya", "state_code": null, "district": "RI-BHOI", "district_code": 297.0, "sub_district": null, "sub_district_code": null, "sub_district_type": null, "village": "Jirang", "village_category": "Rural", "village_code": "7162274352" }, "geometry": { "type": "Point", "coordinates": [ 91.5788984, 25.9350067 ] } },
{ "type": "Feature", "properties": { "id": 243, "state": "Meghalaya", "state_code": null, "district": "EASTERN WEST KHASI HILLS", "district_code": 765.0, "sub_district": null, "sub_district_code": null, "sub_district_type": null, "village": "Mawphanlur", "village_category": "Rural", "village_code": "7162274353" }, "geometry": { "type": "Point", "coordinates": [ 91.4532208, 25.5461199 ] } },
{ "type": "Feature", "properties": { "id": 244, "state": "Meghalaya", "state_code": null, "district": "SOUTH WEST KHASI HILLS", "district_code": 668.0, "sub_district": null, "sub_district_code": null, "sub_district_type": null, "village": "Mawkyrwat", "village_category": "Urban", "village_code": "7162274354" }, "geometry": { "type": "Point", "coordinates": [ 91.461997, 25.3670039 ] } },
{ "type": "Feature", "properties": { "id": 245, "state": "Meghalaya", "state_code": null, "district": "EAST KHASI HILLS", "district_code": 298.0, "sub_district": null, "sub_district_code": null, "sub_district_type": null, "village": "Laitkroh", "village_category": "Rural", "village_code": "7162274355" }, "geometry": { "type": "Point", "coordinates": [ 91.7997407, 25.4498237 ] } },
{ "type": "Feature", "properties": { "id": 246, "state": "Meghalaya", "state_code": null, "district": "SOUTH WEST GARO HILLS", "district_code": 660.0, "sub_district": null, "sub_district_code": null, "sub_district_type": null, "village": "Zikzak", "village_category": "Rural", "village_code": "7162321057" }, "geometry": { "type": "Point", "coordinates": [ 89.8601389, 25.4068025 ] } },
{ "type": "Feature", "properties": { "id": 247, "state": "Meghalaya", "state_code": null, "district": "WEST GARO HILLS", "district_code": 293.0, "sub_district": null, "sub_district_code": null, "sub_district_type": null, "village": "Dalu", "village_category": "Rural", "village_code": "7162321058" }, "geometry": { "type": "Point", "coordinates": [ 90.1203346, 25.3145847 ] } },
{ "type": "Feature", "properties": { "id": 248, "state": "Meghalaya", "state_code": null, "district": "SOUTH GARO HILLS", "district_code": 295.0, "sub_district": null, "sub_district_code": null, "sub_district_type": null, "village": "Gasuapara", "village_category": "Rural", "village_code": "7162321059" }, "geometry": { "type": "Point", "coordinates": [ 90.3339136, 25.2289354 ] } },
{ "type": "Feature", "properties": { "id": 249, "state": "Meghalaya", "state_code": null, "district": "WEST GARO HILLS", "district_code": 293.0, "sub_district": null, "sub_district_code": null, "sub_district_type": null, "village": "Tikrikilla", "village_category": "Urban", "village_code": "7162321060" }, "geometry": { "type": "Point", "coordinates": [ 90.2133965, 25.951292 ] } },
{ "type": "Feature", "properties": { "id": 250, "state": "Meghalaya", "state_code": null, "district": "EAST GARO HILLS", "district_code": 294.0, "sub_district": null, "sub_district_code": null, "sub_district_type": null, "village": "Songsak", "village_category": "Rural", "village_code": "7162321061" }, "geometry": { "type": "Point", "coordinates": [ 90.6018877, 25.6504535 ] } },
{ "type": "Feature", "properties": { "id": 251, "state": "Meghalaya", "state_code": null, "district": "EAST GARO HILLS", "district_code": 294.0, "sub_district": null, "sub_district_code": null, "sub_district_type": null, "village": "Dambo Rongjeng", "village_category": "Rural", "village_code": "7162321062" }, "geometry": { "type": "Point", "coordinates": [ 90.7994056, 25.6508984 ] } },
{ "type": "Feature", "properties": { "id": 252, "state": "Meghalaya", "state_code": null, "district": "NORTH GARO HILLS", "district_code": 674.0, "sub_district": null, "sub_district_code": null, "sub_district_type": null, "village": "Kharkutta", "village_category": "Rural", "village_code": "7162321063" }, "geometry": { "type": "Point", "coordinates": [ 90.8971238, 25.9237176 ] } },
{ "type": "Feature", "properties": { "id": 253, "state": "Meghalaya", "state_code": null, "district": "SOUTH WEST GARO HILLS", "district_code": 660.0, "sub_district": null, "sub_district_code": null, "sub_district_type": null, "village": "Gambegre", "village_category": "Rural", "village_code": "7162349311" }, "geometry": { "type": "Point", "coordinates": [ 90.1391315, 25.4660205 ] } },
{ "type": "Feature", "properties": { "id": 254, "state": "Meghalaya", "state_code": null, "district": "SOUTH WEST KHASI HILLS", "district_code": 668.0, "sub_district": null, "sub_district_code": null, "sub_district_type": null, "village": "Nongnah", "village_category": "Rural", "village_code": "7698287402" }, "geometry": { "type": "Point", "coordinates": [ 91.3221685, 25.2680574 ] } },
{ "type": "Feature", "properties": { "id": 255, "state": "Meghalaya", "state_code": null, "district": "EAST KHASI HILLS", "district_code": 298.0, "sub_district": null, "sub_district_code": null, "sub_district_type": null, "village": "Umkhoi", "village_category": "Rural", "village_code": "7838378983" }, "geometry": { "type": "Point", "coordinates": [ 91.9570167, 25.4289227 ] } },
{ "type": "Feature", "properties": { "id": 256, "state": "Meghalaya", "state_code": null, "district": "WEST JAINTIA HILLS", "district_code": 299.0, "sub_district": null, "sub_district_code": null, "sub_district_type": null, "village": "Shangpung", "village_category": "Rural", "village_code": "8325386818" }, "geometry": { "type": "Point", "coordinates": [ 92.3567229, 25.4798471 ] } },
{ "type": "Feature", "properties": { "id": 257, "state": "Meghalaya", "state_code": null, "district": "EAST KHASI HILLS", "district_code": 298.0, "sub_district": null, "sub_district_code": null, "sub_district_type": null, "village": "Synnei", "village_category": "Rural", "village_code": "8792007305" }, "geometry": { "type": "Point", "coordinates": [ 91.6072322, 25.2649417 ] } },
{ "type": "Feature", "properties": { "id": 258, "state": "Meghalaya", "state_code": null, "district": "EAST KHASI HILLS", "district_code": 298.0, "sub_district": null, "sub_district_code": null, "sub_district_type": null, "village": "Mawrapat", "village_category": "Rural", "village_code": "8792575636" }, "geometry": { "type": "Point", "coordinates": [ 91.5293949, 25.2619514 ] } },
{ "type": "Feature", "properties": { "id": 259, "state": "Meghalaya", "state_code": null, "district": "EAST KHASI HILLS", "district_code": 298.0, "sub_district": null, "sub_district_code": null, "sub_district_type": null, "village": "Phlangwanbroi", "village_category": "Rural", "village_code": "8792575637" }, "geometry": { "type": "Point", "coordinates": [ 91.4993347, 25.2533378 ] } },
{ "type": "Feature", "properties": { "id": 260, "state": "Meghalaya", "state_code": null, "district": "EAST KHASI HILLS", "district_code": 298.0, "sub_district": null, "sub_district_code": null, "sub_district_type": null, "village": "Mawsawa", "village_category": "Rural", "village_code": "8792575638" }, "geometry": { "type": "Point", "coordinates": [ 91.5073274, 25.2560346 ] } },
{ "type": "Feature", "properties": { "id": 261, "state": "Meghalaya", "state_code": null, "district": "SOUTH WEST KHASI HILLS", "district_code": 668.0, "sub_district": null, "sub_district_code": null, "sub_district_type": null, "village": "Laitumsaw", "village_category": "Rural", "village_code": "8792581484" }, "geometry": { "type": "Point", "coordinates": [ 91.3623341, 25.2168358 ] } },
{ "type": "Feature", "properties": { "id": 262, "state": "Meghalaya", "state_code": null, "district": "SOUTH WEST KHASI HILLS", "district_code": 668.0, "sub_district": null, "sub_district_code": null, "sub_district_type": null, "village": "Umpung", "village_category": "Rural", "village_code": "8792581485" }, "geometry": { "type": "Point", "coordinates": [ 91.3529559, 25.2198657 ] } },
{ "type": "Feature", "properties": { "id": 263, "state": "Meghalaya", "state_code": null, "district": "SOUTH WEST KHASI HILLS", "district_code": 668.0, "sub_district": null, "sub_district_code": null, "sub_district_type": null, "village": "Phodkylla", "village_category": "Rural", "village_code": "8792581486" }, "geometry": { "type": "Point", "coordinates": [ 91.3507801, 25.2111511 ] } },
{ "type": "Feature", "properties": { "id": 264, "state": "Meghalaya", "state_code": null, "district": "SOUTH WEST KHASI HILLS", "district_code": 668.0, "sub_district": null, "sub_district_code": null, "sub_district_type": null, "village": "Umsieh", "village_category": "Rural", "village_code": "8792581487" }, "geometry": { "type": "Point", "coordinates": [ 91.3375558, 25.2060222 ] } },
{ "type": "Feature", "properties": { "id": 265, "state": "Meghalaya", "state_code": null, "district": "SOUTH WEST KHASI HILLS", "district_code": 668.0, "sub_district": null, "sub_district_code": null, "sub_district_type": null, "village": "Phodkroh", "village_category": "Rural", "village_code": "8792581488" }, "geometry": { "type": "Point", "coordinates": [ 91.3045485, 25.2054659 ] } },
{ "type": "Feature", "properties": { "id": 266, "state": "Meghalaya", "state_code": null, "district": "SOUTH WEST KHASI HILLS", "district_code": 668.0, "sub_district": null, "sub_district_code": null, "sub_district_type": null, "village": "Tlongpleng", "village_category": "Rural", "village_code": "8792583777" }, "geometry": { "type": "Point", "coordinates": [ 91.4436961, 25.2438284 ] } },
{ "type": "Feature", "properties": { "id": 267, "state": "Meghalaya", "state_code": null, "district": "EAST KHASI HILLS", "district_code": 298.0, "sub_district": null, "sub_district_code": null, "sub_district_type": null, "village": "Mawpen", "village_category": "Rural", "village_code": "8792583778" }, "geometry": { "type": "Point", "coordinates": [ 91.4376997, 25.231506 ] } },
{ "type": "Feature", "properties": { "id": 268, "state": "Meghalaya", "state_code": null, "district": "EAST KHASI HILLS", "district_code": 298.0, "sub_district": null, "sub_district_code": null, "sub_district_type": null, "village": "Rangweng", "village_category": "Rural", "village_code": "8792619686" }, "geometry": { "type": "Point", "coordinates": [ 91.4256187, 25.2334397 ] } },
{ "type": "Feature", "properties": { "id": 269, "state": "Meghalaya", "state_code": null, "district": "SOUTH WEST KHASI HILLS", "district_code": 668.0, "sub_district": null, "sub_district_code": null, "sub_district_type": null, "village": "Kynrang", "village_category": "Rural", "village_code": "8792619687" }, "geometry": { "type": "Point", "coordinates": [ 91.4204279, 25.235089 ] } },
{ "type": "Feature", "properties": { "id": 270, "state": "Meghalaya", "state_code": null, "district": "SOUTH WEST KHASI HILLS", "district_code": 668.0, "sub_district": null, "sub_district_code": null, "sub_district_type": null, "village": "Nongthymmai", "village_category": "Rural", "village_code": "8792619688" }, "geometry": { "type": "Point", "coordinates": [ 91.4089693, 25.2406114 ] } },
{ "type": "Feature", "properties": { "id": 271, "state": "Meghalaya", "state_code": null, "district": "EAST KHASI HILLS", "district_code": 298.0, "sub_district": null, "sub_district_code": null, "sub_district_type": null, "village": "Pyndensohsaw", "village_category": "Rural", "village_code": "8792619689" }, "geometry": { "type": "Point", "coordinates": [ 91.4063393, 25.2357199 ] } },
{ "type": "Feature", "properties": { "id": 272, "state": "Meghalaya", "state_code": null, "district": "EAST KHASI HILLS", "district_code": 298.0, "sub_district": null, "sub_district_code": null, "sub_district_type": null, "village": "Jyllep", "village_category": "Rural", "village_code": "8792619690" }, "geometry": { "type": "Point", "coordinates": [ 91.3992847, 25.2334522 ] } },
{ "type": "Feature", "properties": { "id": 273, "state": "Meghalaya", "state_code": null, "district": "EAST KHASI HILLS", "district_code": 298.0, "sub_district": null, "sub_district_code": null, "sub_district_type": null, "village": "Mawpdai", "village_category": "Rural", "village_code": "8792619691" }, "geometry": { "type": "Point", "coordinates": [ 91.3966754, 25.2262988 ] } },
{ "type": "Feature", "properties": { "id": 274, "state": "Meghalaya", "state_code": null, "district": "EAST KHASI HILLS", "district_code": 298.0, "sub_district": null, "sub_district_code": null, "sub_district_type": null, "village": "Khliehriat", "village_category": "Rural", "village_code": "8792619692" }, "geometry": { "type": "Point", "coordinates": [ 91.3922162, 25.2336021 ] } },
{ "type": "Feature", "properties": { "id": 275, "state": "Meghalaya", "state_code": null, "district": "EAST KHASI HILLS", "district_code": 298.0, "sub_district": null, "sub_district_code": null, "sub_district_type": null, "village": "Pomblang", "village_category": "Rural", "village_code": "8792619693" }, "geometry": { "type": "Point", "coordinates": [ 91.3720858, 25.232417 ] } },
{ "type": "Feature", "properties": { "id": 276, "state": "Meghalaya", "state_code": null, "district": "SOUTH WEST KHASI HILLS", "district_code": 668.0, "sub_district": null, "sub_district_code": null, "sub_district_type": null, "village": "Ladmawlongbah", "village_category": "Rural", "village_code": "8792655595" }, "geometry": { "type": "Point", "coordinates": [ 91.2791262, 25.2027811 ] } },
{ "type": "Feature", "properties": { "id": 277, "state": "Meghalaya", "state_code": null, "district": "SOUTH WEST KHASI HILLS", "district_code": 668.0, "sub_district": null, "sub_district_code": null, "sub_district_type": null, "village": "Ranikor", "village_category": "Rural", "village_code": "8792658145" }, "geometry": { "type": "Point", "coordinates": [ 91.2405021, 25.2226272 ] } },
{ "type": "Feature", "properties": { "id": 278, "state": "Meghalaya", "state_code": null, "district": "EAST KHASI HILLS", "district_code": 298.0, "sub_district": null, "sub_district_code": null, "sub_district_type": null, "village": "Kenmynsaw", "village_category": "Rural", "village_code": "8794012568" }, "geometry": { "type": "Point", "coordinates": [ 91.5598284, 25.3104323 ] } },
{ "type": "Feature", "properties": { "id": 279, "state": "Meghalaya", "state_code": null, "district": "EAST KHASI HILLS", "district_code": 298.0, "sub_district": null, "sub_district_code": null, "sub_district_type": null, "village": "Kenbah", "village_category": "Rural", "village_code": "8794012569" }, "geometry": { "type": "Point", "coordinates": [ 91.5570706, 25.308445 ] } },
{ "type": "Feature", "properties": { "id": 280, "state": "Meghalaya", "state_code": null, "district": "EAST KHASI HILLS", "district_code": 298.0, "sub_district": null, "sub_district_code": null, "sub_district_type": null, "village": "Umtyllun", "village_category": "Rural", "village_code": "8898472255" }, "geometry": { "type": "Point", "coordinates": [ 91.5638443, 25.228576 ] } },
{ "type": "Feature", "properties": { "id": 281, "state": "Meghalaya", "state_code": null, "district": "EAST KHASI HILLS", "district_code": 298.0, "sub_district": null, "sub_district_code": null, "sub_district_type": null, "village": "Mawtepïew", "village_category": "Rural", "village_code": "8898472256" }, "geometry": { "type": "Point", "coordinates": [ 91.5607602, 25.2277977 ] } },
{ "type": "Feature", "properties": { "id": 282, "state": "Meghalaya", "state_code": null, "district": "EAST KHASI HILLS", "district_code": 298.0, "sub_district": null, "sub_district_code": null, "sub_district_type": null, "village": "Mawlongbna", "village_category": "Rural", "village_code": "8898472257" }, "geometry": { "type": "Point", "coordinates": [ 91.5617017, 25.2317028 ] } },
{ "type": "Feature", "properties": { "id": 283, "state": "Meghalaya", "state_code": null, "district": "EAST KHASI HILLS", "district_code": 298.0, "sub_district": null, "sub_district_code": null, "sub_district_type": null, "village": "Lawbah", "village_category": "Rural", "village_code": "8898472258" }, "geometry": { "type": "Point", "coordinates": [ 91.5646672, 25.2329039 ] } },
{ "type": "Feature", "properties": { "id": 284, "state": "Meghalaya", "state_code": null, "district": "EAST KHASI HILLS", "district_code": 298.0, "sub_district": null, "sub_district_code": null, "sub_district_type": null, "village": "Tyrsad", "village_category": "Rural", "village_code": "8898674297" }, "geometry": { "type": "Point", "coordinates": [ 91.6642041, 25.410567 ] } },
{ "type": "Feature", "properties": { "id": 285, "state": "Meghalaya", "state_code": null, "district": "EAST KHASI HILLS", "district_code": 298.0, "sub_district": null, "sub_district_code": null, "sub_district_type": null, "village": "Weiloi", "village_category": "Rural", "village_code": "8907279920" }, "geometry": { "type": "Point", "coordinates": [ 91.613267, 25.3624328 ] } },
{ "type": "Feature", "properties": { "id": 286, "state": "Meghalaya", "state_code": null, "district": "EAST KHASI HILLS", "district_code": 298.0, "sub_district": null, "sub_district_code": null, "sub_district_type": null, "village": "Mawspong", "village_category": "Rural", "village_code": "8907279921" }, "geometry": { "type": "Point", "coordinates": [ 91.6307834, 25.3667855 ] } },
{ "type": "Feature", "properties": { "id": 287, "state": "Meghalaya", "state_code": null, "district": "EAST KHASI HILLS", "district_code": 298.0, "sub_district": null, "sub_district_code": null, "sub_district_type": null, "village": "Umlangmar", "village_category": "Rural", "village_code": "8907279922" }, "geometry": { "type": "Point", "coordinates": [ 91.6464226, 25.376714 ] } },
{ "type": "Feature", "properties": { "id": 288, "state": "Meghalaya", "state_code": null, "district": "EAST KHASI HILLS", "district_code": 298.0, "sub_district": null, "sub_district_code": null, "sub_district_type": null, "village": "Kyrphei", "village_category": "Rural", "village_code": "8907279923" }, "geometry": { "type": "Point", "coordinates": [ 91.6546724, 25.3956559 ] } },
{ "type": "Feature", "properties": { "id": 289, "state": "Meghalaya", "state_code": null, "district": "EAST KHASI HILLS", "district_code": 298.0, "sub_district": null, "sub_district_code": null, "sub_district_type": null, "village": "Rampna", "village_category": "Rural", "village_code": "8907279924" }, "geometry": { "type": "Point", "coordinates": [ 91.6543836, 25.3998793 ] } },
{ "type": "Feature", "properties": { "id": 290, "state": "Meghalaya", "state_code": null, "district": "EAST KHASI HILLS", "district_code": 298.0, "sub_district": null, "sub_district_code": null, "sub_district_type": null, "village": "Pongkung", "village_category": "Rural", "village_code": "9186667385" }, "geometry": { "type": "Point", "coordinates": [ 91.5832523, 25.3867942 ] } },
{ "type": "Feature", "properties": { "id": 291, "state": "Meghalaya", "state_code": null, "district": "SOUTH WEST KHASI HILLS", "district_code": 668.0, "sub_district": null, "sub_district_code": null, "sub_district_type": null, "village": "Mawten", "village_category": "Rural", "village_code": "9502336954" }, "geometry": { "type": "Point", "coordinates": [ 91.4695477, 25.3614624 ] } },
{ "type": "Feature", "properties": { "id": 292, "state": "Meghalaya", "state_code": null, "district": "RI-BHOI", "district_code": 297.0, "sub_district": null, "sub_district_code": null, "sub_district_type": null, "village": "Unnamed Village", "village_category": "Rural", "village_code": "10023328693" }, "geometry": { "type": "Point", "coordinates": [ 92.0892065, 26.0042358 ] } },
{ "type": "Feature", "properties": { "id": 293, "state": "Meghalaya", "state_code": null, "district": "RI-BHOI", "district_code": 297.0, "sub_district": null, "sub_district_code": null, "sub_district_type": null, "village": "Unnamed Village", "village_category": "Rural", "village_code": "10023328694" }, "geometry": { "type": "Point", "coordinates": [ 92.0961897, 25.993775 ] } },
{ "type": "Feature", "properties": { "id": 294, "state": "Meghalaya", "state_code": null, "district": "RI-BHOI", "district_code": 297.0, "sub_district": null, "sub_district_code": null, "sub_district_type": null, "village": "Unnamed Village", "village_category": "Rural", "village_code": "10023328695" }, "geometry": { "type": "Point", "coordinates": [ 92.09776, 25.9670376 ] } },
{ "type": "Feature", "properties": { "id": 295, "state": "Meghalaya", "state_code": null, "district": "RI-BHOI", "district_code": 297.0, "sub_district": null, "sub_district_code": null, "sub_district_type": null, "village": "Unnamed Village", "village_category": "Rural", "village_code": "10023328696" }, "geometry": { "type": "Point", "coordinates": [ 92.0889848, 25.9240458 ] } },
{ "type": "Feature", "properties": { "id": 296, "state": "Meghalaya", "state_code": null, "district": "RI-BHOI", "district_code": 297.0, "sub_district": null, "sub_district_code": null, "sub_district_type": null, "village": "Unnamed Village", "village_category": "Rural", "village_code": "10023328697" }, "geometry": { "type": "Point", "coordinates": [ 92.1179705, 25.7544844 ] } },
{ "type": "Feature", "properties": { "id": 297, "state": "Meghalaya", "state_code": null, "district": "WEST GARO HILLS", "district_code": 293.0, "sub_district": null, "sub_district_code": null, "sub_district_type": null, "village": "Unnamed Village", "village_category": "Rural", "village_code": "10044448578" }, "geometry": { "type": "Point", "coordinates": [ 90.180156, 25.2253775 ] } },
{ "type": "Feature", "properties": { "id": 298, "state": "Meghalaya", "state_code": null, "district": "WEST GARO HILLS", "district_code": 293.0, "sub_district": null, "sub_district_code": null, "sub_district_type": null, "village": "Unnamed Village", "village_category": "Rural", "village_code": "10044448579" }, "geometry": { "type": "Point", "coordinates": [ 90.1737036, 25.2305193 ] } },
{ "type": "Feature", "properties": { "id": 299, "state": "Meghalaya", "state_code": null, "district": "WEST GARO HILLS", "district_code": 293.0, "sub_district": null, "sub_district_code": null, "sub_district_type": null, "village": "Unnamed Village", "village_category": "Rural", "village_code": "10044448580" }, "geometry": { "type": "Point", "coordinates": [ 90.1860406, 25.22963 ] } },
{ "type": "Feature", "properties": { "id": 300, "state": "Meghalaya", "state_code": null, "district": "EAST KHASI HILLS", "district_code": 298.0, "sub_district": null, "sub_district_code": null, "sub_district_type": null, "village": "Meiong", "village_category": "Rural", "village_code": "10570216797" }, "geometry": { "type": "Point", "coordinates": [ 91.8319426, 25.3002473 ] } },
{ "type": "Feature", "properties": { "id": 301, "state": "Meghalaya", "state_code": null, "district": "EAST KHASI HILLS", "district_code": 298.0, "sub_district": null, "sub_district_code": null, "sub_district_type": null, "village": "Lyngshing", "village_category": "Rural", "village_code": "10570230615" }, "geometry": { "type": "Point", "coordinates": [ 91.9894068, 25.3893306 ] } },
{ "type": "Feature", "properties": { "id": 302, "state": "Meghalaya", "state_code": null, "district": "EAST KHASI HILLS", "district_code": 298.0, "sub_district": null, "sub_district_code": null, "sub_district_type": null, "village": "Umpdem", "village_category": "Rural", "village_code": "10570239687" }, "geometry": { "type": "Point", "coordinates": [ 91.9198721, 25.40372 ] } },
{ "type": "Feature", "properties": { "id": 303, "state": "Meghalaya", "state_code": null, "district": "EAST KHASI HILLS", "district_code": 298.0, "sub_district": null, "sub_district_code": null, "sub_district_type": null, "village": "Shanghang", "village_category": "Rural", "village_code": "10570246159" }, "geometry": { "type": "Point", "coordinates": [ 92.0919473, 25.4219623 ] } },
{ "type": "Feature", "properties": { "id": 304, "state": "Meghalaya", "state_code": null, "district": "EAST KHASI HILLS", "district_code": 298.0, "sub_district": null, "sub_district_code": null, "sub_district_type": null, "village": "Mawlam", "village_category": "Rural", "village_code": "10570246901" }, "geometry": { "type": "Point", "coordinates": [ 91.8315729, 25.2512614 ] } },
{ "type": "Feature", "properties": { "id": 305, "state": "Meghalaya", "state_code": null, "district": "EAST KHASI HILLS", "district_code": 298.0, "sub_district": null, "sub_district_code": null, "sub_district_type": null, "village": "Khwad", "village_category": "Rural", "village_code": "10570246902" }, "geometry": { "type": "Point", "coordinates": [ 91.9715994, 25.3888379 ] } },
{ "type": "Feature", "properties": { "id": 306, "state": "Meghalaya", "state_code": null, "district": "EAST KHASI HILLS", "district_code": 298.0, "sub_district": null, "sub_district_code": null, "sub_district_type": null, "village": "Mawlyngngot", "village_category": "Rural", "village_code": "10570248059" }, "geometry": { "type": "Point", "coordinates": [ 91.9384518, 25.4065659 ] } },
{ "type": "Feature", "properties": { "id": 307, "state": "Meghalaya", "state_code": null, "district": "WEST JAINTIA HILLS", "district_code": 299.0, "sub_district": null, "sub_district_code": null, "sub_district_type": null, "village": "Pynthorlangtein", "village_category": "Rural", "village_code": "10570248060" }, "geometry": { "type": "Point", "coordinates": [ 92.1554941, 25.4175959 ] } },
{ "type": "Feature", "properties": { "id": 308, "state": "Meghalaya", "state_code": null, "district": "EAST KHASI HILLS", "district_code": 298.0, "sub_district": null, "sub_district_code": null, "sub_district_type": null, "village": "Mawdatap", "village_category": "Rural", "village_code": "10570248227" }, "geometry": { "type": "Point", "coordinates": [ 92.0846868, 25.3583507 ] } },
{ "type": "Feature", "properties": { "id": 309, "state": "Meghalaya", "state_code": null, "district": "EAST KHASI HILLS", "district_code": 298.0, "sub_district": null, "sub_district_code": null, "sub_district_type": null, "village": "Laitsophie", "village_category": "Rural", "village_code": "10570248754" }, "geometry": { "type": "Point", "coordinates": [ 91.9098534, 25.3073054 ] } },
{ "type": "Feature", "properties": { "id": 310, "state": "Meghalaya", "state_code": null, "district": "WEST JAINTIA HILLS", "district_code": 299.0, "sub_district": null, "sub_district_code": null, "sub_district_type": null, "village": "Sohmynting", "village_category": "Rural", "village_code": "10570249434" }, "geometry": { "type": "Point", "coordinates": [ 92.1399929, 25.4425522 ] } },
{ "type": "Feature", "properties": { "id": 311, "state": "Meghalaya", "state_code": null, "district": "EAST KHASI HILLS", "district_code": 298.0, "sub_district": null, "sub_district_code": null, "sub_district_type": null, "village": "Kongthong", "village_category": "Rural", "village_code": "10570249800" }, "geometry": { "type": "Point", "coordinates": [ 91.822014, 25.3289691 ] } },
{ "type": "Feature", "properties": { "id": 312, "state": "Meghalaya", "state_code": null, "district": "WEST JAINTIA HILLS", "district_code": 299.0, "sub_district": null, "sub_district_code": null, "sub_district_type": null, "village": "Kliehtryshi", "village_category": "Rural", "village_code": "10570249801" }, "geometry": { "type": "Point", "coordinates": [ 92.1867949, 25.4832939 ] } },
{ "type": "Feature", "properties": { "id": 313, "state": "Meghalaya", "state_code": null, "district": "EAST KHASI HILLS", "district_code": 298.0, "sub_district": null, "sub_district_code": null, "sub_district_type": null, "village": "Rangphlang", "village_category": "Rural", "village_code": "10570251658" }, "geometry": { "type": "Point", "coordinates": [ 91.9038773, 25.4264385 ] } },
{ "type": "Feature", "properties": { "id": 314, "state": "Meghalaya", "state_code": null, "district": "EAST KHASI HILLS", "district_code": 298.0, "sub_district": null, "sub_district_code": null, "sub_district_type": null, "village": "Wahkhen", "village_category": "Rural", "village_code": "10570251660" }, "geometry": { "type": "Point", "coordinates": [ 91.850201, 25.3467351 ] } },
{ "type": "Feature", "properties": { "id": 315, "state": "Meghalaya", "state_code": null, "district": "EAST KHASI HILLS", "district_code": 298.0, "sub_district": null, "sub_district_code": null, "sub_district_type": null, "village": "Sder", "village_category": "Rural", "village_code": "10570253258" }, "geometry": { "type": "Point", "coordinates": [ 91.8275078, 25.2845223 ] } },
{ "type": "Feature", "properties": { "id": 316, "state": "Meghalaya", "state_code": null, "district": "EAST KHASI HILLS", "district_code": 298.0, "sub_district": null, "sub_district_code": null, "sub_district_type": null, "village": "Mawmang", "village_category": "Rural", "village_code": "10570253259" }, "geometry": { "type": "Point", "coordinates": [ 91.8247152, 25.3152114 ] } },
{ "type": "Feature", "properties": { "id": 317, "state": "Meghalaya", "state_code": null, "district": "EAST KHASI HILLS", "district_code": 298.0, "sub_district": null, "sub_district_code": null, "sub_district_type": null, "village": "Jatah", "village_category": "Rural", "village_code": "10570254229" }, "geometry": { "type": "Point", "coordinates": [ 92.0496538, 25.4091282 ] } },
{ "type": "Feature", "properties": { "id": 318, "state": "Meghalaya", "state_code": null, "district": "EAST KHASI HILLS", "district_code": 298.0, "sub_district": null, "sub_district_code": null, "sub_district_type": null, "village": "Nongkwai", "village_category": "Rural", "village_code": "10570254230" }, "geometry": { "type": "Point", "coordinates": [ 91.9765093, 25.3129615 ] } },
{ "type": "Feature", "properties": { "id": 319, "state": "Meghalaya", "state_code": null, "district": "EAST KHASI HILLS", "district_code": 298.0, "sub_district": null, "sub_district_code": null, "sub_district_type": null, "village": "Ryngngi", "village_category": "Rural", "village_code": "10570254316" }, "geometry": { "type": "Point", "coordinates": [ 91.9522444, 25.3815547 ] } },
{ "type": "Feature", "properties": { "id": 320, "state": "Meghalaya", "state_code": null, "district": "EAST KHASI HILLS", "district_code": 298.0, "sub_district": null, "sub_district_code": null, "sub_district_type": null, "village": "Mawpun Kyrtiang", "village_category": "Rural", "village_code": "10709921605" }, "geometry": { "type": "Point", "coordinates": [ 91.7333449, 25.2645133 ] } },
{ "type": "Feature", "properties": { "id": 321, "state": "Meghalaya", "state_code": null, "district": "EAST KHASI HILLS", "district_code": 298.0, "sub_district": null, "sub_district_code": null, "sub_district_type": null, "village": "Kutmadan", "village_category": "Rural", "village_code": "10709921608" }, "geometry": { "type": "Point", "coordinates": [ 91.7532706, 25.2522136 ] } },
{ "type": "Feature", "properties": { "id": 322, "state": "Meghalaya", "state_code": null, "district": "EAST KHASI HILLS", "district_code": 298.0, "sub_district": null, "sub_district_code": null, "sub_district_type": null, "village": "Suktia", "village_category": "Rural", "village_code": "10709921609" }, "geometry": { "type": "Point", "coordinates": [ 91.7975728, 25.2244649 ] } },
{ "type": "Feature", "properties": { "id": 323, "state": "Meghalaya", "state_code": null, "district": "EAST KHASI HILLS", "district_code": 298.0, "sub_district": null, "sub_district_code": null, "sub_district_type": null, "village": "Bholaganj", "village_category": "Rural", "village_code": "10725655724" }, "geometry": { "type": "Point", "coordinates": [ 91.7416046, 25.1600965 ] } },
{ "type": "Feature", "properties": { "id": 324, "state": "Meghalaya", "state_code": null, "district": "EAST KHASI HILLS", "district_code": 298.0, "sub_district": null, "sub_district_code": null, "sub_district_type": null, "village": "Chaklabasti", "village_category": "Rural", "village_code": "10725655725" }, "geometry": { "type": "Point", "coordinates": [ 91.7374267, 25.1528369 ] } },
{ "type": "Feature", "properties": { "id": 325, "state": "Meghalaya", "state_code": null, "district": "EAST KHASI HILLS", "district_code": 298.0, "sub_district": null, "sub_district_code": null, "sub_district_type": null, "village": "Nayabasti", "village_category": "Rural", "village_code": "10725655726" }, "geometry": { "type": "Point", "coordinates": [ 91.7421247, 25.1554171 ] } },
{ "type": "Feature", "properties": { "id": 326, "state": "Meghalaya", "state_code": null, "district": "EAST KHASI HILLS", "district_code": 298.0, "sub_district": null, "sub_district_code": null, "sub_district_type": null, "village": "Majai", "village_category": "Rural", "village_code": "10725655727" }, "geometry": { "type": "Point", "coordinates": [ 91.7429642, 25.1642072 ] } },
{ "type": "Feature", "properties": { "id": 327, "state": "Meghalaya", "state_code": null, "district": "EAST KHASI HILLS", "district_code": 298.0, "sub_district": null, "sub_district_code": null, "sub_district_type": null, "village": "Lad Sohbar", "village_category": "Rural", "village_code": "10725655745" }, "geometry": { "type": "Point", "coordinates": [ 91.7432165, 25.2091981 ] } },
{ "type": "Feature", "properties": { "id": 328, "state": "Meghalaya", "state_code": null, "district": "EAST KHASI HILLS", "district_code": 298.0, "sub_district": null, "sub_district_code": null, "sub_district_type": null, "village": "Lad Ryngud", "village_category": "Rural", "village_code": "10725655747" }, "geometry": { "type": "Point", "coordinates": [ 91.7428889, 25.2219054 ] } },
{ "type": "Feature", "properties": { "id": 329, "state": "Meghalaya", "state_code": null, "district": "EAST KHASI HILLS", "district_code": 298.0, "sub_district": null, "sub_district_code": null, "sub_district_type": null, "village": "Mawblang", "village_category": "Rural", "village_code": "10725655748" }, "geometry": { "type": "Point", "coordinates": [ 91.7324227, 25.2368023 ] } },
{ "type": "Feature", "properties": { "id": 330, "state": "Meghalaya", "state_code": null, "district": "EAST KHASI HILLS", "district_code": 298.0, "sub_district": null, "sub_district_code": null, "sub_district_type": null, "village": "Nongthymmai", "village_category": "Rural", "village_code": "10725655749" }, "geometry": { "type": "Point", "coordinates": [ 91.733151, 25.2492119 ] } },
{ "type": "Feature", "properties": { "id": 331, "state": "Meghalaya", "state_code": null, "district": "EAST KHASI HILLS", "district_code": 298.0, "sub_district": null, "sub_district_code": null, "sub_district_type": null, "village": "Nohkalikai", "village_category": "Rural", "village_code": "10725662331" }, "geometry": { "type": "Point", "coordinates": [ 91.7155406, 25.2836679 ] } },
{ "type": "Feature", "properties": { "id": 332, "state": "Meghalaya", "state_code": null, "district": "SOUTH GARO HILLS", "district_code": 295.0, "sub_district": null, "sub_district_code": null, "sub_district_type": null, "village": "Emangre", "village_category": "Rural", "village_code": "11763920596" }, "geometry": { "type": "Point", "coordinates": [ 90.5712642, 25.3334542 ] } },
{ "type": "Feature", "properties": { "id": 333, "state": "Meghalaya", "state_code": null, "district": "WEST JAINTIA HILLS", "district_code": 299.0, "sub_district": null, "sub_district_code": null, "sub_district_type": null, "village": "Garampāni", "village_category": "Rural", "village_code": "12188885949" }, "geometry": { "type": "Point", "coordinates": [ 92.634294, 25.5320638 ] } },
{ "type": "Feature", "properties": { "id": 334, "state": "Meghalaya", "state_code": null, "district": "EAST JAINTIA HILLS", "district_code": 666.0, "sub_district": null, "sub_district_code": null, "sub_district_type": null, "village": "Latyrke", "village_category": "Rural", "village_code": "12195541209" }, "geometry": { "type": "Point", "coordinates": [ 92.4591994, 25.3420092 ] } },
{ "type": "Feature", "properties": { "id": 335, "state": "Meghalaya", "state_code": null, "district": "EAST JAINTIA HILLS", "district_code": 666.0, "sub_district": null, "sub_district_code": null, "sub_district_type": null, "village": "Shnongrim", "village_category": "Rural", "village_code": "12195541210" }, "geometry": { "type": "Point", "coordinates": [ 92.5187015, 25.3504254 ] } },
{ "type": "Feature", "properties": { "id": 336, "state": "Meghalaya", "state_code": null, "district": "EAST JAINTIA HILLS", "district_code": 666.0, "sub_district": null, "sub_district_code": null, "sub_district_type": null, "village": "Molasngi", "village_category": "Rural", "village_code": "12195541211" }, "geometry": { "type": "Point", "coordinates": [ 92.5355029, 25.3663641 ] } },
{ "type": "Feature", "properties": { "id": 337, "state": "Meghalaya", "state_code": null, "district": "EAST JAINTIA HILLS", "district_code": 666.0, "sub_district": null, "sub_district_code": null, "sub_district_type": null, "village": "Jalāphet", "village_category": "Rural", "village_code": "12195541212" }, "geometry": { "type": "Point", "coordinates": [ 92.5106442, 25.371851 ] } },
{ "type": "Feature", "properties": { "id": 338, "state": "Meghalaya", "state_code": null, "district": "EAST JAINTIA HILLS", "district_code": 666.0, "sub_district": null, "sub_district_code": null, "sub_district_type": null, "village": "Lāmarsiāng", "village_category": "Rural", "village_code": "12195541213" }, "geometry": { "type": "Point", "coordinates": [ 92.4867082, 25.3601401 ] } },
{ "type": "Feature", "properties": { "id": 339, "state": "Meghalaya", "state_code": null, "district": "EAST JAINTIA HILLS", "district_code": 666.0, "sub_district": null, "sub_district_code": null, "sub_district_type": null, "village": "Lāmarsiāng", "village_category": "Rural", "village_code": "12195541214" }, "geometry": { "type": "Point", "coordinates": [ 92.4848521, 25.3573673 ] } },
{ "type": "Feature", "properties": { "id": 340, "state": "Meghalaya", "state_code": null, "district": "SOUTH GARO HILLS", "district_code": 295.0, "sub_district": null, "sub_district_code": null, "sub_district_type": null, "village": "Tolegre", "village_category": "Rural", "village_code": "12243694657" }, "geometry": { "type": "Point", "coordinates": [ 90.6035731, 25.3846287 ] } },
{ "type": "Feature", "properties": { "id": 341, "state": "Meghalaya", "state_code": null, "district": "EAST JAINTIA HILLS", "district_code": 666.0, "sub_district": null, "sub_district_code": null, "sub_district_type": null, "village": "Miklipārā", "village_category": "Rural", "village_code": "12279692850" }, "geometry": { "type": "Point", "coordinates": [ 92.4271159, 25.0455124 ] } },
{ "type": "Feature", "properties": { "id": 342, "state": "Meghalaya", "state_code": null, "district": "EAST KHASI HILLS", "district_code": 298.0, "sub_district": null, "sub_district_code": null, "sub_district_type": null, "village": "Mawtangor", "village_category": "Rural", "village_code": "12450410523" }, "geometry": { "type": "Point", "coordinates": [ 91.5770961, 25.392168 ] } },
{ "type": "Feature", "properties": { "id": 343, "state": "Meghalaya", "state_code": null, "district": "SOUTH WEST KHASI HILLS", "district_code": 668.0, "sub_district": null, "sub_district_code": null, "sub_district_type": null, "village": "Mawsdei Village", "village_category": "Rural", "village_code": "12450458134" }, "geometry": { "type": "Point", "coordinates": [ 91.5434438, 25.4043572 ] } },
{ "type": "Feature", "properties": { "id": 344, "state": "Meghalaya", "state_code": null, "district": "EAST KHASI HILLS", "district_code": 298.0, "sub_district": null, "sub_district_code": null, "sub_district_type": null, "village": "Umwai", "village_category": "Rural", "village_code": "12462561138" }, "geometry": { "type": "Point", "coordinates": [ 91.6975025, 25.2286259 ] } },
{ "type": "Feature", "properties": { "id": 345, "state": "Meghalaya", "state_code": null, "district": "EAST KHASI HILLS", "district_code": 298.0, "sub_district": null, "sub_district_code": null, "sub_district_type": null, "village": "Pombut", "village_category": "Rural", "village_code": "12462563220" }, "geometry": { "type": "Point", "coordinates": [ 91.8058757, 25.4903889 ] } },
{ "type": "Feature", "properties": { "id": 346, "state": "Meghalaya", "state_code": null, "district": "EAST KHASI HILLS", "district_code": 298.0, "sub_district": null, "sub_district_code": null, "sub_district_type": null, "village": "Umsaw Myllium", "village_category": "Rural", "village_code": "12465317247" }, "geometry": { "type": "Point", "coordinates": [ 91.8565175, 25.5069936 ] } },
{ "type": "Feature", "properties": { "id": 347, "state": "Meghalaya", "state_code": null, "district": "RI-BHOI", "district_code": 297.0, "sub_district": null, "sub_district_code": null, "sub_district_type": null, "village": "Jemānāi", "village_category": "Rural", "village_code": "12875788253" }, "geometry": { "type": "Point", "coordinates": [ 92.0242202, 25.972581 ] } },
{ "type": "Feature", "properties": { "id": 348, "state": "Meghalaya", "state_code": null, "district": "RI-BHOI", "district_code": 297.0, "sub_district": null, "sub_district_code": null, "sub_district_type": null, "village": "Bleshāh", "village_category": "Rural", "village_code": "12875788254" }, "geometry": { "type": "Point", "coordinates": [ 92.0084596, 25.981165 ] } },
{ "type": "Feature", "properties": { "id": 349, "state": "Meghalaya", "state_code": null, "district": "RI-BHOI", "district_code": 297.0, "sub_district": null, "sub_district_code": null, "sub_district_type": null, "village": "Bleshāh", "village_category": "Rural", "village_code": "12875788255" }, "geometry": { "type": "Point", "coordinates": [ 92.0068073, 25.9803741 ] } },
{ "type": "Feature", "properties": { "id": 350, "state": "Meghalaya", "state_code": null, "district": "RI-BHOI", "district_code": 297.0, "sub_district": null, "sub_district_code": null, "sub_district_type": null, "village": "Umden", "village_category": "Rural", "village_code": "12875788256" }, "geometry": { "type": "Point", "coordinates": [ 91.9904136, 25.9640253 ] } },
{ "type": "Feature", "properties": { "id": 351, "state": "Meghalaya", "state_code": null, "district": "RI-BHOI", "district_code": 297.0, "sub_district": null, "sub_district_code": null, "sub_district_type": null, "village": "Nepāli Khunti", "village_category": "Rural", "village_code": "12875788257" }, "geometry": { "type": "Point", "coordinates": [ 92.0346808, 25.9474524 ] } },
{ "type": "Feature", "properties": { "id": 352, "state": "Meghalaya", "state_code": null, "district": "RI-BHOI", "district_code": 297.0, "sub_district": null, "sub_district_code": null, "sub_district_type": null, "village": "Māwlong", "village_category": "Rural", "village_code": "12875788258" }, "geometry": { "type": "Point", "coordinates": [ 92.0373845, 25.9524496 ] } },
{ "type": "Feature", "properties": { "id": 353, "state": "Meghalaya", "state_code": null, "district": "RI-BHOI", "district_code": 297.0, "sub_district": null, "sub_district_code": null, "sub_district_type": null, "village": "Umkon", "village_category": "Rural", "village_code": "12875788259" }, "geometry": { "type": "Point", "coordinates": [ 92.0193386, 25.9614788 ] } },
{ "type": "Feature", "properties": { "id": 354, "state": "Meghalaya", "state_code": null, "district": "RI-BHOI", "district_code": 297.0, "sub_district": null, "sub_district_code": null, "sub_district_type": null, "village": "Sohkhār", "village_category": "Rural", "village_code": "12875788260" }, "geometry": { "type": "Point", "coordinates": [ 92.0098972, 25.9607843 ] } },
{ "type": "Feature", "properties": { "id": 355, "state": "Meghalaya", "state_code": null, "district": "EAST JAINTIA HILLS", "district_code": 666.0, "sub_district": null, "sub_district_code": null, "sub_district_type": null, "village": "Sakwa", "village_category": "Rural", "village_code": "13550836663" }, "geometry": { "type": "Point", "coordinates": [ 92.4590237, 25.2030054 ] } },
{ "type": "Feature", "properties": { "id": 356, "state": "Meghalaya", "state_code": null, "district": "EAST JAINTIA HILLS", "district_code": 666.0, "sub_district": null, "sub_district_code": null, "sub_district_type": null, "village": "Muallian", "village_category": "Rural", "village_code": "13550983409" }, "geometry": { "type": "Point", "coordinates": [ 92.4918365, 25.1983344 ] } },
{ "type": "Feature", "properties": { "id": 357, "state": "Meghalaya", "state_code": null, "district": "EAST JAINTIA HILLS", "district_code": 666.0, "sub_district": null, "sub_district_code": null, "sub_district_type": null, "village": "Tlangmoi", "village_category": "Rural", "village_code": "13568394638" }, "geometry": { "type": "Point", "coordinates": [ 92.4888647, 25.2376214 ] } },
{ "type": "Feature", "properties": { "id": 358, "state": "Meghalaya", "state_code": null, "district": "EAST JAINTIA HILLS", "district_code": 666.0, "sub_district": null, "sub_district_code": null, "sub_district_type": null, "village": "Tangnub", "village_category": "Rural", "village_code": "13568394643" }, "geometry": { "type": "Point", "coordinates": [ 92.4998403, 25.3030259 ] } },
{ "type": "Feature", "properties": { "id": 359, "state": "Meghalaya", "state_code": null, "district": "EAST JAINTIA HILLS", "district_code": 666.0, "sub_district": null, "sub_district_code": null, "sub_district_type": null, "village": "Lelad", "village_category": "Rural", "village_code": "13568394644" }, "geometry": { "type": "Point", "coordinates": [ 92.4955702, 25.3100069 ] } },
{ "type": "Feature", "properties": { "id": 360, "state": "Meghalaya", "state_code": null, "district": "EAST JAINTIA HILLS", "district_code": 666.0, "sub_district": null, "sub_district_code": null, "sub_district_type": null, "village": "Tongseng", "village_category": "Rural", "village_code": "13568394653" }, "geometry": { "type": "Point", "coordinates": [ 92.5014281, 25.32598 ] } },
{ "type": "Feature", "properties": { "id": 361, "state": "Meghalaya", "state_code": null, "district": "EAST JAINTIA HILLS", "district_code": 666.0, "sub_district": null, "sub_district_code": null, "sub_district_type": null, "village": "Umlawang", "village_category": "Rural", "village_code": "13568394662" }, "geometry": { "type": "Point", "coordinates": [ 92.4488836, 25.3463483 ] } },
{ "type": "Feature", "properties": { "id": 362, "state": "Meghalaya", "state_code": null, "district": "EAST JAINTIA HILLS", "district_code": 666.0, "sub_district": null, "sub_district_code": null, "sub_district_type": null, "village": "Thlang Moi", "village_category": "Rural", "village_code": "13572972983" }, "geometry": { "type": "Point", "coordinates": [ 92.4880983, 25.2365167 ] } }
]
}
