{
"type": "FeatureCollection",
"name": "mizoram_habitations",
"crs": { "type": "name", "properties": { "name": "urn:ogc:def:crs:OGC:1.3:CRS84" } },
"features": [
{ "type": "Feature", "properties": { "id": 1, "state": "Mizoram", "state_code": null, "district": "SAIHA", "district_code": 288.0, "sub_district": null, "sub_district_code": null, "sub_district_type": null, "village": "Lomasu", "village_category": "Rural", "village_code": "245702605" }, "geometry": { "type": "Point", "coordinates": [ 92.8481045, 22.1038575 ] } },
{ "type": "Feature", "properties": { "id": 2, "state": "Mizoram", "state_code": null, "district": "LAWNGTLAI", "district_code": 287.0, "sub_district": null, "sub_district_code": null, "sub_district_type": null, "village": "Bunglang", "village_category": "Rural", "village_code": "245704276" }, "geometry": { "type": "Point", "coordinates": [ 92.7581224, 22.3554318 ] } },
{ "type": "Feature", "properties": { "id": 3, "state": "Mizoram", "state_code": null, "district": "LAWNGTLAI", "district_code": 287.0, "sub_district": null, "sub_district_code": null, "sub_district_type": null, "village": "Damdep", "village_category": "Rural", "village_code": "245704318" }, "geometry": { "type": "Point", "coordinates": [ 92.6066242, 22.2947329 ] } },
{ "type": "Feature", "properties": { "id": 4, "state": "Mizoram", "state_code": null, "district": "LAWNGTLAI", "district_code": 287.0, "sub_district": null, "sub_district_code": null, "sub_district_type": null, "village": "Fursuril", "village_category": "Rural", "village_code": "245704838" }, "geometry": { "type": "Point", "coordinates": [ 92.6106233, 22.3851092 ] } },
{ "type": "Feature", "properties": { "id": 5, "state": "Mizoram", "state_code": null, "district": "LAWNGTLAI", "district_code": 287.0, "sub_district": null, "sub_district_code": null, "sub_district_type": null, "village": "Lawngtlai", "village_category": "Urban", "village_code": "245705252" }, "geometry": { "type": "Point", "coordinates": [ 92.898086, 22.5280366 ] } },
{ "type": "Feature", "properties": { "id": 6, "state": "Mizoram", "state_code": null, "district": "SAIHA", "district_code": 288.0, "sub_district": null, "sub_district_code": null, "sub_district_type": null, "village": "Amobyu", "village_category": "Rural", "village_code": "245705514" }, "geometry": { "type": "Point", "coordinates": [ 92.9644327, 22.4347486 ] } },
{ "type": "Feature", "properties": { "id": 7, "state": "Mizoram", "state_code": null, "district": "LAWNGTLAI", "district_code": 287.0, "sub_district": null, "sub_district_code": null, "sub_district_type": null, "village": "Thingeal", "village_category": "Rural", "village_code": "245706849" }, "geometry": { "type": "Point", "coordinates": [ 92.7258302, 22.492193 ] } },
{ "type": "Feature", "properties": { "id": 8, "state": "Mizoram", "state_code": null, "district": "LUNGLEI", "district_code": 286.0, "sub_district": null, "sub_district_code": null, "sub_district_type": null, "village": "Chawngte", "village_category": "Rural", "village_code": "245708239" }, "geometry": { "type": "Point", "coordinates": [ 92.6460055, 22.6216861 ] } },
{ "type": "Feature", "properties": { "id": 9, "state": "Mizoram", "state_code": null, "district": "LAWNGTLAI", "district_code": 287.0, "sub_district": null, "sub_district_code": null, "sub_district_type": null, "village": "Sangau", "village_category": "Rural", "village_code": "245708693" }, "geometry": { "type": "Point", "coordinates": [ 93.0495849, 22.7386718 ] } },
{ "type": "Feature", "properties": { "id": 10, "state": "Mizoram", "state_code": null, "district": "LUNGLEI", "district_code": 286.0, "sub_district": null, "sub_district_code": null, "sub_district_type": null, "village": "Theriat", "village_category": "Rural", "village_code": "245710171" }, "geometry": { "type": "Point", "coordinates": [ 92.7946627, 22.8500584 ] } },
{ "type": "Feature", "properties": { "id": 11, "state": "Mizoram", "state_code": null, "district": "LUNGLEI", "district_code": 286.0, "sub_district": null, "sub_district_code": null, "sub_district_type": null, "village": "Lunglei", "village_category": "Urban", "village_code": "245710288" }, "geometry": { "type": "Point", "coordinates": [ 92.7470391, 22.8931695 ] } },
{ "type": "Feature", "properties": { "id": 12, "state": "Mizoram", "state_code": null, "district": "LUNGLEI", "district_code": 286.0, "sub_district": null, "sub_district_code": null, "sub_district_type": null, "village": "Demagiri", "village_category": "Rural", "village_code": "245710527" }, "geometry": { "type": "Point", "coordinates": [ 92.4472822, 22.9137889 ] } },
{ "type": "Feature", "properties": { "id": 13, "state": "Mizoram", "state_code": null, "district": "LUNGLEI", "district_code": 286.0, "sub_district": null, "sub_district_code": null, "sub_district_type": null, "village": "Lungsen", "village_category": "Rural", "village_code": "245710577" }, "geometry": { "type": "Point", "coordinates": [ 92.7015097, 23.0555992 ] } },
{ "type": "Feature", "properties": { "id": 14, "state": "Mizoram", "state_code": null, "district": "HNAHTHIAL", "district_code": 713.0, "sub_district": null, "sub_district_code": null, "sub_district_type": null, "village": "Thingsei", "village_category": "Rural", "village_code": "245710645" }, "geometry": { "type": "Point", "coordinates": [ 93.1034, 22.9261 ] } },
{ "type": "Feature", "properties": { "id": 15, "state": "Mizoram", "state_code": null, "district": "SERCHHIP", "district_code": 285.0, "sub_district": null, "sub_district_code": null, "sub_district_type": null, "village": "Vantaiphai", "village_category": "Rural", "village_code": "245711589" }, "geometry": { "type": "Point", "coordinates": [ 93.0634787, 23.1302179 ] } },
{ "type": "Feature", "properties": { "id": 16, "state": "Mizoram", "state_code": null, "district": "CHAMPHAI", "district_code": 284.0, "sub_district": null, "sub_district_code": null, "sub_district_type": null, "village": "Farkawn", "village_category": "Rural", "village_code": "245711650" }, "geometry": { "type": "Point", "coordinates": [ 93.2947036, 23.0791316 ] } },
{ "type": "Feature", "properties": { "id": 17, "state": "Mizoram", "state_code": null, "district": "LUNGLEI", "district_code": 286.0, "sub_district": null, "sub_district_code": null, "sub_district_type": null, "village": "Holangchari", "village_category": "Rural", "village_code": "245711703" }, "geometry": { "type": "Point", "coordinates": [ 92.5070961, 23.1118217 ] } },
{ "type": "Feature", "properties": { "id": 18, "state": "Mizoram", "state_code": null, "district": "LUNGLEI", "district_code": 286.0, "sub_district": null, "sub_district_code": null, "sub_district_type": null, "village": "Lungchem", "village_category": "Rural", "village_code": "245711806" }, "geometry": { "type": "Point", "coordinates": [ 92.6871458, 23.1262712 ] } },
{ "type": "Feature", "properties": { "id": 19, "state": "Mizoram", "state_code": null, "district": "CHAMPHAI", "district_code": 284.0, "sub_district": null, "sub_district_code": null, "sub_district_type": null, "village": "Vaphai", "village_category": "Rural", "village_code": "245711908" }, "geometry": { "type": "Point", "coordinates": [ 93.3253721, 23.1480729 ] } },
{ "type": "Feature", "properties": { "id": 20, "state": "Mizoram", "state_code": null, "district": "SERCHHIP", "district_code": 285.0, "sub_district": null, "sub_district_code": null, "sub_district_type": null, "village": "Lungdar", "village_category": "Rural", "village_code": "245712520" }, "geometry": { "type": "Point", "coordinates": [ 93.084297, 23.2127563 ] } },
{ "type": "Feature", "properties": { "id": 21, "state": "Mizoram", "state_code": null, "district": "CHAMPHAI", "district_code": 284.0, "sub_district": null, "sub_district_code": null, "sub_district_type": null, "village": "Leitham", "village_category": "Rural", "village_code": "245712869" }, "geometry": { "type": "Point", "coordinates": [ 93.2705661, 23.2428431 ] } },
{ "type": "Feature", "properties": { "id": 22, "state": "Mizoram", "state_code": null, "district": "SERCHHIP", "district_code": 285.0, "sub_district": null, "sub_district_code": null, "sub_district_type": null, "village": "Thenzawl", "village_category": "Urban", "village_code": "245712879" }, "geometry": { "type": "Point", "coordinates": [ 92.7753393, 23.2812916 ] } },
{ "type": "Feature", "properties": { "id": 23, "state": "Mizoram", "state_code": null, "district": "LUNGLEI", "district_code": 286.0, "sub_district": null, "sub_district_code": null, "sub_district_type": null, "village": "Laisawrai", "village_category": "Rural", "village_code": "245713318" }, "geometry": { "type": "Point", "coordinates": [ 92.475477, 23.2658575 ] } },
{ "type": "Feature", "properties": { "id": 24, "state": "Mizoram", "state_code": null, "district": "MAMIT", "district_code": 281.0, "sub_district": null, "sub_district_code": null, "sub_district_type": null, "village": "Sabual", "village_category": "Rural", "village_code": "245713805" }, "geometry": { "type": "Point", "coordinates": [ 92.5974324, 23.4604451 ] } },
{ "type": "Feature", "properties": { "id": 25, "state": "Mizoram", "state_code": null, "district": "CHAMPHAI", "district_code": 284.0, "sub_district": null, "sub_district_code": null, "sub_district_type": null, "village": "Champhai", "village_category": "Urban", "village_code": "245714304" }, "geometry": { "type": "Point", "coordinates": [ 93.3198879, 23.4787183 ] } },
{ "type": "Feature", "properties": { "id": 26, "state": "Mizoram", "state_code": null, "district": "MAMIT", "district_code": 281.0, "sub_district": null, "sub_district_code": null, "sub_district_type": null, "village": "Phuldungsei", "village_category": "Rural", "village_code": "245714375" }, "geometry": { "type": "Point", "coordinates": [ 92.4200704, 23.4745218 ] } },
{ "type": "Feature", "properties": { "id": 27, "state": "Mizoram", "state_code": null, "district": "CHAMPHAI", "district_code": 284.0, "sub_district": null, "sub_district_code": null, "sub_district_type": null, "village": "N. Kawbung", "village_category": "Rural", "village_code": "245714410" }, "geometry": { "type": "Point", "coordinates": [ 93.3111872, 23.5443969 ] } },
{ "type": "Feature", "properties": { "id": 28, "state": "Mizoram", "state_code": null, "district": "AIZAWL", "district_code": 283.0, "sub_district": null, "sub_district_code": null, "sub_district_type": null, "village": "Aibawk", "village_category": "Rural", "village_code": "245714417" }, "geometry": { "type": "Point", "coordinates": [ 92.6989967, 23.5524462 ] } },
{ "type": "Feature", "properties": { "id": 29, "state": "Mizoram", "state_code": null, "district": "CHAMPHAI", "district_code": 284.0, "sub_district": null, "sub_district_code": null, "sub_district_type": null, "village": "Hnahlan", "village_category": "Rural", "village_code": "245715437" }, "geometry": { "type": "Point", "coordinates": [ 93.382161, 23.6974603 ] } },
{ "type": "Feature", "properties": { "id": 30, "state": "Mizoram", "state_code": null, "district": "MAMIT", "district_code": 281.0, "sub_district": null, "sub_district_code": null, "sub_district_type": null, "village": "Phalleng", "village_category": "Rural", "village_code": "245715530" }, "geometry": { "type": "Point", "coordinates": [ 92.4892503, 23.6980935 ] } },
{ "type": "Feature", "properties": { "id": 31, "state": "Mizoram", "state_code": null, "district": "MAMIT", "district_code": 281.0, "sub_district": null, "sub_district_code": null, "sub_district_type": null, "village": "Serkmun", "village_category": "Rural", "village_code": "245715707" }, "geometry": { "type": "Point", "coordinates": [ 92.3568167, 23.7567597 ] } },
{ "type": "Feature", "properties": { "id": 32, "state": "Mizoram", "state_code": null, "district": "MAMIT", "district_code": 281.0, "sub_district": null, "sub_district_code": null, "sub_district_type": null, "village": "Lengpui", "village_category": "Urban", "village_code": "245716313" }, "geometry": { "type": "Point", "coordinates": [ 92.6287719, 23.8314147 ] } },
{ "type": "Feature", "properties": { "id": 33, "state": "Mizoram", "state_code": null, "district": "SAITUAL", "district_code": 682.0, "sub_district": null, "sub_district_code": null, "sub_district_type": null, "village": "Phullen", "village_category": "Rural", "village_code": "245717775" }, "geometry": { "type": "Point", "coordinates": [ 93.0449629, 23.848709 ] } },
{ "type": "Feature", "properties": { "id": 34, "state": "Mizoram", "state_code": null, "district": "SAITUAL", "district_code": 682.0, "sub_district": null, "sub_district_code": null, "sub_district_type": null, "village": "Teikhang", "village_category": "Rural", "village_code": "245718182" }, "geometry": { "type": "Point", "coordinates": [ 93.3021721, 23.9486331 ] } },
{ "type": "Feature", "properties": { "id": 35, "state": "Mizoram", "state_code": null, "district": "KOLASIB", "district_code": 282.0, "sub_district": null, "sub_district_code": null, "sub_district_type": null, "village": "Twakzawl", "village_category": "Rural", "village_code": "245718266" }, "geometry": { "type": "Point", "coordinates": [ 92.7766281, 23.9536342 ] } },
{ "type": "Feature", "properties": { "id": 36, "state": "Mizoram", "state_code": null, "district": "AIZAWL", "district_code": 283.0, "sub_district": null, "sub_district_code": null, "sub_district_type": null, "village": "Thingsat", "village_category": "Rural", "village_code": "245720464" }, "geometry": { "type": "Point", "coordinates": [ 92.9551609, 24.2293495 ] } },
{ "type": "Feature", "properties": { "id": 37, "state": "Mizoram", "state_code": null, "district": "KOLASIB", "district_code": 282.0, "sub_district": null, "sub_district_code": null, "sub_district_type": null, "village": "Bikhawatlir", "village_category": "Rural", "village_code": "245720768" }, "geometry": { "type": "Point", "coordinates": [ 92.6955025, 24.2891867 ] } },
{ "type": "Feature", "properties": { "id": 38, "state": "Mizoram", "state_code": null, "district": "KOLASIB", "district_code": 282.0, "sub_district": null, "sub_district_code": null, "sub_district_type": null, "village": "Chhimluang", "village_category": "Rural", "village_code": "245722057" }, "geometry": { "type": "Point", "coordinates": [ 92.7175588, 24.3875996 ] } },
{ "type": "Feature", "properties": { "id": 39, "state": "Mizoram", "state_code": null, "district": "SAIHA", "district_code": 288.0, "sub_district": null, "sub_district_code": null, "sub_district_type": null, "village": "Siaha", "village_category": "Urban", "village_code": "830186299" }, "geometry": { "type": "Point", "coordinates": [ 92.9812107, 22.4899565 ] } },
{ "type": "Feature", "properties": { "id": 40, "state": "Mizoram", "state_code": null, "district": "KOLASIB", "district_code": 282.0, "sub_district": null, "sub_district_code": null, "sub_district_type": null, "village": "Bairabi", "village_category": "Urban", "village_code": "856728463" }, "geometry": { "type": "Point", "coordinates": [ 92.5354313, 24.1830512 ] } },
{ "type": "Feature", "properties": { "id": 41, "state": "Mizoram", "state_code": null, "district": "KOLASIB", "district_code": 282.0, "sub_district": null, "sub_district_code": null, "sub_district_type": null, "village": "Bualpui", "village_category": "Rural", "village_code": "856728488" }, "geometry": { "type": "Point", "coordinates": [ 92.6739816, 24.0746847 ] } },
{ "type": "Feature", "properties": { "id": 42, "state": "Mizoram", "state_code": null, "district": "SAIHA", "district_code": 288.0, "sub_district": null, "sub_district_code": null, "sub_district_type": null, "village": "Zyhno", "village_category": "Rural", "village_code": "1795712165" }, "geometry": { "type": "Point", "coordinates": [ 93.0444872, 22.2666427 ] } },
{ "type": "Feature", "properties": { "id": 43, "state": "Mizoram", "state_code": null, "district": "SAIHA", "district_code": 288.0, "sub_district": null, "sub_district_code": null, "sub_district_type": null, "village": "Tuipang", "village_category": "Urban", "village_code": "1795712259" }, "geometry": { "type": "Point", "coordinates": [ 93.0262288, 22.3159369 ] } },
{ "type": "Feature", "properties": { "id": 44, "state": "Mizoram", "state_code": null, "district": "SAIHA", "district_code": 288.0, "sub_district": null, "sub_district_code": null, "sub_district_type": null, "village": "Khopai", "village_category": "Rural", "village_code": "1848820951" }, "geometry": { "type": "Point", "coordinates": [ 93.0251721, 22.1866974 ] } },
{ "type": "Feature", "properties": { "id": 45, "state": "Mizoram", "state_code": null, "district": "SAIHA", "district_code": 288.0, "sub_district": null, "sub_district_code": null, "sub_district_type": null, "village": "Phura", "village_category": "Rural", "village_code": "1848820961" }, "geometry": { "type": "Point", "coordinates": [ 92.9084688, 22.2337642 ] } },
{ "type": "Feature", "properties": { "id": 46, "state": "Mizoram", "state_code": null, "district": "SAIHA", "district_code": 288.0, "sub_district": null, "sub_district_code": null, "sub_district_type": null, "village": "Ahmypi", "village_category": "Rural", "village_code": "1848820962" }, "geometry": { "type": "Point", "coordinates": [ 93.0287408, 22.2188292 ] } },
{ "type": "Feature", "properties": { "id": 47, "state": "Mizoram", "state_code": null, "district": "SAIHA", "district_code": 288.0, "sub_district": null, "sub_district_code": null, "sub_district_type": null, "village": "Vahia", "village_category": "Rural", "village_code": "1848820963" }, "geometry": { "type": "Point", "coordinates": [ 92.9441484, 22.219321 ] } },
{ "type": "Feature", "properties": { "id": 48, "state": "Mizoram", "state_code": null, "district": "AIZAWL", "district_code": 283.0, "sub_district": null, "sub_district_code": null, "sub_district_type": null, "village": "Sairang", "village_category": "Urban", "village_code": "2017884064" }, "geometry": { "type": "Point", "coordinates": [ 92.652259, 23.810344 ] } },
{ "type": "Feature", "properties": { "id": 49, "state": "Mizoram", "state_code": null, "district": "LAWNGTLAI", "district_code": 287.0, "sub_district": null, "sub_district_code": null, "sub_district_type": null, "village": "Bualpul", "village_category": "Rural", "village_code": "2083635814" }, "geometry": { "type": "Point", "coordinates": [ 93.035085, 22.5504124 ] } },
{ "type": "Feature", "properties": { "id": 50, "state": "Mizoram", "state_code": null, "district": "LUNGLEI", "district_code": 286.0, "sub_district": null, "sub_district_code": null, "sub_district_type": null, "village": "Chumkum", "village_category": "Rural", "village_code": "2083635815" }, "geometry": { "type": "Point", "coordinates": [ 92.5618803, 22.8178404 ] } },
{ "type": "Feature", "properties": { "id": 51, "state": "Mizoram", "state_code": null, "district": "MAMIT", "district_code": 281.0, "sub_district": null, "sub_district_code": null, "sub_district_type": null, "village": "Marpeta", "village_category": "Rural", "village_code": "2083635817" }, "geometry": { "type": "Point", "coordinates": [ 92.4035244, 23.2674216 ] } },
{ "type": "Feature", "properties": { "id": 52, "state": "Mizoram", "state_code": null, "district": "LUNGLEI", "district_code": 286.0, "sub_district": null, "sub_district_code": null, "sub_district_type": null, "village": "Mauzam", "village_category": "Rural", "village_code": "2083635818" }, "geometry": { "type": "Point", "coordinates": [ 92.3720563, 23.184429 ] } },
{ "type": "Feature", "properties": { "id": 53, "state": "Mizoram", "state_code": null, "district": "LUNGLEI", "district_code": 286.0, "sub_district": null, "sub_district_code": null, "sub_district_type": null, "village": "Thanlum", "village_category": "Rural", "village_code": "2083635820" }, "geometry": { "type": "Point", "coordinates": [ 92.5854369, 23.1991802 ] } },
{ "type": "Feature", "properties": { "id": 54, "state": "Mizoram", "state_code": null, "district": "LUNGLEI", "district_code": 286.0, "sub_district": null, "sub_district_code": null, "sub_district_type": null, "village": "Tukaw", "village_category": "Rural", "village_code": "2083635822" }, "geometry": { "type": "Point", "coordinates": [ 92.4746585, 23.0487609 ] } },
{ "type": "Feature", "properties": { "id": 55, "state": "Mizoram", "state_code": null, "district": "SERCHHIP", "district_code": 285.0, "sub_district": null, "sub_district_code": null, "sub_district_type": null, "village": "Baktawng", "village_category": "Rural", "village_code": "2083680071" }, "geometry": { "type": "Point", "coordinates": [ 92.8463069, 23.5361311 ] } },
{ "type": "Feature", "properties": { "id": 56, "state": "Mizoram", "state_code": null, "district": "MAMIT", "district_code": 281.0, "sub_district": null, "sub_district_code": null, "sub_district_type": null, "village": "Lallen", "village_category": "Rural", "village_code": "2083680073" }, "geometry": { "type": "Point", "coordinates": [ 92.6065561, 23.654638 ] } },
{ "type": "Feature", "properties": { "id": 57, "state": "Mizoram", "state_code": null, "district": "KOLASIB", "district_code": 282.0, "sub_district": null, "sub_district_code": null, "sub_district_type": null, "village": "Neihbawi", "village_category": "Rural", "village_code": "2083680074" }, "geometry": { "type": "Point", "coordinates": [ 92.7148959, 23.9324847 ] } },
{ "type": "Feature", "properties": { "id": 58, "state": "Mizoram", "state_code": null, "district": "AIZAWL", "district_code": 283.0, "sub_district": null, "sub_district_code": null, "sub_district_type": null, "village": "Vaitin", "village_category": "Rural", "village_code": "2084596890" }, "geometry": { "type": "Point", "coordinates": [ 92.9768319, 24.2245077 ] } },
{ "type": "Feature", "properties": { "id": 59, "state": "Mizoram", "state_code": null, "district": "AIZAWL", "district_code": 283.0, "sub_district": null, "sub_district_code": null, "sub_district_type": null, "village": "Unnamed Village", "village_category": "Rural", "village_code": "2084596898" }, "geometry": { "type": "Point", "coordinates": [ 92.9934782, 24.2317625 ] } },
{ "type": "Feature", "properties": { "id": 60, "state": "Mizoram", "state_code": null, "district": "AIZAWL", "district_code": 283.0, "sub_district": null, "sub_district_code": null, "sub_district_type": null, "village": "Tinghmun", "village_category": "Rural", "village_code": "2084596946" }, "geometry": { "type": "Point", "coordinates": [ 92.9894166, 24.3163133 ] } },
{ "type": "Feature", "properties": { "id": 61, "state": "Mizoram", "state_code": null, "district": "CHAMPHAI", "district_code": 284.0, "sub_district": null, "sub_district_code": null, "sub_district_type": null, "village": "Zokhawthar", "village_category": "Urban", "village_code": "2135982229" }, "geometry": { "type": "Point", "coordinates": [ 93.383898, 23.36595 ] } },
{ "type": "Feature", "properties": { "id": 62, "state": "Mizoram", "state_code": null, "district": "CHAMPHAI", "district_code": 284.0, "sub_district": null, "sub_district_code": null, "sub_district_type": null, "village": "Unnamed Village", "village_category": "Rural", "village_code": "2135988031" }, "geometry": { "type": "Point", "coordinates": [ 93.3778496, 23.1391719 ] } },
{ "type": "Feature", "properties": { "id": 63, "state": "Mizoram", "state_code": null, "district": "CHAMPHAI", "district_code": 284.0, "sub_district": null, "sub_district_code": null, "sub_district_type": null, "village": "Bulfekzawl", "village_category": "Rural", "village_code": "2135988032" }, "geometry": { "type": "Point", "coordinates": [ 93.3651244, 23.3174074 ] } },
{ "type": "Feature", "properties": { "id": 64, "state": "Mizoram", "state_code": null, "district": "LAWNGTLAI", "district_code": 287.0, "sub_district": null, "sub_district_code": null, "sub_district_type": null, "village": "Saikah 'L'", "village_category": "Rural", "village_code": "2454469615" }, "geometry": { "type": "Point", "coordinates": [ 92.9152896, 22.453794 ] } },
{ "type": "Feature", "properties": { "id": 65, "state": "Mizoram", "state_code": null, "district": "HNAHTHIAL", "district_code": 713.0, "sub_district": null, "sub_district_code": null, "sub_district_type": null, "village": "Leite", "village_category": "Rural", "village_code": "2454559255" }, "geometry": { "type": "Point", "coordinates": [ 92.9322516, 22.9064736 ] } },
{ "type": "Feature", "properties": { "id": 66, "state": "Mizoram", "state_code": null, "district": "HNAHTHIAL", "district_code": 713.0, "sub_district": null, "sub_district_code": null, "sub_district_type": null, "village": "Pangzawl", "village_category": "Rural", "village_code": "2454639014" }, "geometry": { "type": "Point", "coordinates": [ 92.8973966, 23.077303 ] } },
{ "type": "Feature", "properties": { "id": 67, "state": "Mizoram", "state_code": null, "district": "SERCHHIP", "district_code": 285.0, "sub_district": null, "sub_district_code": null, "sub_district_type": null, "village": "Serchhip", "village_category": "Urban", "village_code": "2454682914" }, "geometry": { "type": "Point", "coordinates": [ 92.857116, 23.3095426 ] } },
{ "type": "Feature", "properties": { "id": 68, "state": "Mizoram", "state_code": null, "district": "AIZAWL", "district_code": 283.0, "sub_district": null, "sub_district_code": null, "sub_district_type": null, "village": "Seling", "village_category": "Rural", "village_code": "2454725697" }, "geometry": { "type": "Point", "coordinates": [ 92.855424, 23.7228729 ] } },
{ "type": "Feature", "properties": { "id": 69, "state": "Mizoram", "state_code": null, "district": "AIZAWL", "district_code": 283.0, "sub_district": null, "sub_district_code": null, "sub_district_type": null, "village": "Darlawn", "village_category": "Rural", "village_code": "2455229369" }, "geometry": { "type": "Point", "coordinates": [ 92.9287021, 24.0173427 ] } },
{ "type": "Feature", "properties": { "id": 70, "state": "Mizoram", "state_code": null, "district": "AIZAWL", "district_code": 283.0, "sub_district": null, "sub_district_code": null, "sub_district_type": null, "village": "Phaileng", "village_category": "Rural", "village_code": "2455229375" }, "geometry": { "type": "Point", "coordinates": [ 92.9244615, 23.9131629 ] } },
{ "type": "Feature", "properties": { "id": 71, "state": "Mizoram", "state_code": null, "district": "AIZAWL", "district_code": 283.0, "sub_district": null, "sub_district_code": null, "sub_district_type": null, "village": "Sesawng", "village_category": "Rural", "village_code": "2455229535" }, "geometry": { "type": "Point", "coordinates": [ 92.8535921, 23.7501992 ] } },
{ "type": "Feature", "properties": { "id": 72, "state": "Mizoram", "state_code": null, "district": "AIZAWL", "district_code": 283.0, "sub_district": null, "sub_district_code": null, "sub_district_type": null, "village": "Unnamed Village", "village_category": "Rural", "village_code": "2455230056" }, "geometry": { "type": "Point", "coordinates": [ 92.8492349, 23.7777768 ] } },
{ "type": "Feature", "properties": { "id": 73, "state": "Mizoram", "state_code": null, "district": "AIZAWL", "district_code": 283.0, "sub_district": null, "sub_district_code": null, "sub_district_type": null, "village": "Unnamed Village", "village_category": "Rural", "village_code": "2455230589" }, "geometry": { "type": "Point", "coordinates": [ 92.8351672, 23.8025515 ] } },
{ "type": "Feature", "properties": { "id": 74, "state": "Mizoram", "state_code": null, "district": "AIZAWL", "district_code": 283.0, "sub_district": null, "sub_district_code": null, "sub_district_type": null, "village": "Unnamed Village", "village_category": "Rural", "village_code": "2455232081" }, "geometry": { "type": "Point", "coordinates": [ 92.9055361, 23.8560728 ] } },
{ "type": "Feature", "properties": { "id": 75, "state": "Mizoram", "state_code": null, "district": "AIZAWL", "district_code": 283.0, "sub_district": null, "sub_district_code": null, "sub_district_type": null, "village": "Unnamed Village", "village_category": "Rural", "village_code": "2455232806" }, "geometry": { "type": "Point", "coordinates": [ 92.8874832, 23.8608516 ] } },
{ "type": "Feature", "properties": { "id": 76, "state": "Mizoram", "state_code": null, "district": "AIZAWL", "district_code": 283.0, "sub_district": null, "sub_district_code": null, "sub_district_type": null, "village": "Unnamed Village", "village_category": "Rural", "village_code": "2455233111" }, "geometry": { "type": "Point", "coordinates": [ 92.8761201, 23.8694444 ] } },
{ "type": "Feature", "properties": { "id": 77, "state": "Mizoram", "state_code": null, "district": "AIZAWL", "district_code": 283.0, "sub_district": null, "sub_district_code": null, "sub_district_type": null, "village": "Unnamed Village", "village_category": "Rural", "village_code": "2455252685" }, "geometry": { "type": "Point", "coordinates": [ 92.9354467, 23.944376 ] } },
{ "type": "Feature", "properties": { "id": 78, "state": "Mizoram", "state_code": null, "district": "AIZAWL", "district_code": 283.0, "sub_district": null, "sub_district_code": null, "sub_district_type": null, "village": "Unnamed Village", "village_category": "Rural", "village_code": "2455253265" }, "geometry": { "type": "Point", "coordinates": [ 92.9306767, 23.9809523 ] } },
{ "type": "Feature", "properties": { "id": 79, "state": "Mizoram", "state_code": null, "district": "AIZAWL", "district_code": 283.0, "sub_district": null, "sub_district_code": null, "sub_district_type": null, "village": "Unnamed Village", "village_category": "Rural", "village_code": "2455261841" }, "geometry": { "type": "Point", "coordinates": [ 92.9189937, 24.0666506 ] } },
{ "type": "Feature", "properties": { "id": 80, "state": "Mizoram", "state_code": null, "district": "AIZAWL", "district_code": 283.0, "sub_district": null, "sub_district_code": null, "sub_district_type": null, "village": "Ratn", "village_category": "Rural", "village_code": "2455262478" }, "geometry": { "type": "Point", "coordinates": [ 92.9222345, 24.10942 ] } },
{ "type": "Feature", "properties": { "id": 81, "state": "Mizoram", "state_code": null, "district": "AIZAWL", "district_code": 283.0, "sub_district": null, "sub_district_code": null, "sub_district_type": null, "village": "Unnamed Village", "village_category": "Rural", "village_code": "2455486532" }, "geometry": { "type": "Point", "coordinates": [ 92.9439195, 24.1559041 ] } },
{ "type": "Feature", "properties": { "id": 82, "state": "Mizoram", "state_code": null, "district": "AIZAWL", "district_code": 283.0, "sub_district": null, "sub_district_code": null, "sub_district_type": null, "village": "New Vervek", "village_category": "Rural", "village_code": "2455486911" }, "geometry": { "type": "Point", "coordinates": [ 92.9455233, 24.185378 ] } },
{ "type": "Feature", "properties": { "id": 83, "state": "Mizoram", "state_code": null, "district": "MAMIT", "district_code": 281.0, "sub_district": null, "sub_district_code": null, "sub_district_type": null, "village": "Mamit", "village_category": "Urban", "village_code": "2462046982" }, "geometry": { "type": "Point", "coordinates": [ 92.4935815, 23.9160087 ] } },
{ "type": "Feature", "properties": { "id": 84, "state": "Mizoram", "state_code": null, "district": "MAMIT", "district_code": 281.0, "sub_district": null, "sub_district_code": null, "sub_district_type": null, "village": "Tukkaln", "village_category": "Rural", "village_code": "2462049790" }, "geometry": { "type": "Point", "coordinates": [ 92.3693459, 23.9296008 ] } },
{ "type": "Feature", "properties": { "id": 85, "state": "Mizoram", "state_code": null, "district": "KOLASIB", "district_code": 282.0, "sub_district": null, "sub_district_code": null, "sub_district_type": null, "village": "Kawnpui", "village_category": "Rural", "village_code": "2491833515" }, "geometry": { "type": "Point", "coordinates": [ 92.6733229, 24.0474364 ] } },
{ "type": "Feature", "properties": { "id": 86, "state": "Mizoram", "state_code": null, "district": "KOLASIB", "district_code": 282.0, "sub_district": null, "sub_district_code": null, "sub_district_type": null, "village": "Kolasib", "village_category": "Urban", "village_code": "2491833516" }, "geometry": { "type": "Point", "coordinates": [ 92.6773489, 24.2264657 ] } },
{ "type": "Feature", "properties": { "id": 87, "state": "Mizoram", "state_code": null, "district": "SAITUAL", "district_code": 682.0, "sub_district": null, "sub_district_code": null, "sub_district_type": null, "village": "Unnamed Village", "village_category": "Rural", "village_code": "2501069659" }, "geometry": { "type": "Point", "coordinates": [ 93.2149748, 23.9766777 ] } },
{ "type": "Feature", "properties": { "id": 88, "state": "Mizoram", "state_code": null, "district": "SAITUAL", "district_code": 682.0, "sub_district": null, "sub_district_code": null, "sub_district_type": null, "village": "Ngopa", "village_category": "Rural", "village_code": "2501070214" }, "geometry": { "type": "Point", "coordinates": [ 93.2111898, 23.8850497 ] } },
{ "type": "Feature", "properties": { "id": 89, "state": "Mizoram", "state_code": null, "district": "KHAWZAWL", "district_code": 703.0, "sub_district": null, "sub_district_code": null, "sub_district_type": null, "village": "Kawlkulk", "village_category": "Rural", "village_code": "2501374379" }, "geometry": { "type": "Point", "coordinates": [ 93.0827694, 23.6184144 ] } },
{ "type": "Feature", "properties": { "id": 90, "state": "Mizoram", "state_code": null, "district": "SAITUAL", "district_code": 682.0, "sub_district": null, "sub_district_code": null, "sub_district_type": null, "village": "Sachal", "village_category": "Rural", "village_code": "2501392970" }, "geometry": { "type": "Point", "coordinates": [ 92.965428, 23.6929995 ] } },
{ "type": "Feature", "properties": { "id": 91, "state": "Mizoram", "state_code": null, "district": "SAIHA", "district_code": 288.0, "sub_district": null, "sub_district_code": null, "sub_district_type": null, "village": "Bymari", "village_category": "Rural", "village_code": "2518720215" }, "geometry": { "type": "Point", "coordinates": [ 92.8717285, 22.1073105 ] } },
{ "type": "Feature", "properties": { "id": 92, "state": "Mizoram", "state_code": null, "district": "SAIHA", "district_code": 288.0, "sub_district": null, "sub_district_code": null, "sub_district_type": null, "village": "Tokalo", "village_category": "Rural", "village_code": "2518720479" }, "geometry": { "type": "Point", "coordinates": [ 92.8899473, 22.1734016 ] } },
{ "type": "Feature", "properties": { "id": 93, "state": "Mizoram", "state_code": null, "district": "LAWNGTLAI", "district_code": 287.0, "sub_district": null, "sub_district_code": null, "sub_district_type": null, "village": "Unnamed Village", "village_category": "Rural", "village_code": "2518720632" }, "geometry": { "type": "Point", "coordinates": [ 92.7606016, 22.2311226 ] } },
{ "type": "Feature", "properties": { "id": 94, "state": "Mizoram", "state_code": null, "district": "SAIHA", "district_code": 288.0, "sub_district": null, "sub_district_code": null, "sub_district_type": null, "village": "Pala", "village_category": "Rural", "village_code": "2518720634" }, "geometry": { "type": "Point", "coordinates": [ 92.8843798, 22.2548827 ] } },
{ "type": "Feature", "properties": { "id": 95, "state": "Mizoram", "state_code": null, "district": "LAWNGTLAI", "district_code": 287.0, "sub_district": null, "sub_district_code": null, "sub_district_type": null, "village": "Kawrthingdeng", "village_category": "Rural", "village_code": "2518720637" }, "geometry": { "type": "Point", "coordinates": [ 92.7926956, 22.315965 ] } },
{ "type": "Feature", "properties": { "id": 96, "state": "Mizoram", "state_code": null, "district": "SAIHA", "district_code": 288.0, "sub_district": null, "sub_district_code": null, "sub_district_type": null, "village": "Lopu", "village_category": "Rural", "village_code": "2518804531" }, "geometry": { "type": "Point", "coordinates": [ 92.9117228, 22.0694952 ] } },
{ "type": "Feature", "properties": { "id": 97, "state": "Mizoram", "state_code": null, "district": "SAIHA", "district_code": 288.0, "sub_district": null, "sub_district_code": null, "sub_district_type": null, "village": "Laki", "village_category": "Rural", "village_code": "2518842113" }, "geometry": { "type": "Point", "coordinates": [ 93.0100537, 22.1503758 ] } },
{ "type": "Feature", "properties": { "id": 98, "state": "Mizoram", "state_code": null, "district": "SAIHA", "district_code": 288.0, "sub_district": null, "sub_district_code": null, "sub_district_type": null, "village": "Kiasie", "village_category": "Rural", "village_code": "2518842117" }, "geometry": { "type": "Point", "coordinates": [ 92.9244086, 22.2430051 ] } },
{ "type": "Feature", "properties": { "id": 99, "state": "Mizoram", "state_code": null, "district": "KHAWZAWL", "district_code": 703.0, "sub_district": null, "sub_district_code": null, "sub_district_type": null, "village": "Khawzawl", "village_category": "Urban", "village_code": "2917220463" }, "geometry": { "type": "Point", "coordinates": [ 93.1861639, 23.5216539 ] } },
{ "type": "Feature", "properties": { "id": 100, "state": "Mizoram", "state_code": null, "district": "MAMIT", "district_code": 281.0, "sub_district": null, "sub_district_code": null, "sub_district_type": null, "village": "Dapchhuah", "village_category": "Rural", "village_code": "3011847710" }, "geometry": { "type": "Point", "coordinates": [ 92.520604, 23.769425 ] } },
{ "type": "Feature", "properties": { "id": 101, "state": "Mizoram", "state_code": null, "district": "SAIHA", "district_code": 288.0, "sub_district": null, "sub_district_code": null, "sub_district_type": null, "village": "Mawhro", "village_category": "Rural", "village_code": "3158801851" }, "geometry": { "type": "Point", "coordinates": [ 93.10299, 22.2373165 ] } },
{ "type": "Feature", "properties": { "id": 102, "state": "Mizoram", "state_code": null, "district": "SAIHA", "district_code": 288.0, "sub_district": null, "sub_district_code": null, "sub_district_type": null, "village": "Chakhei", "village_category": "Rural", "village_code": "3158802298" }, "geometry": { "type": "Point", "coordinates": [ 93.1390175, 22.2922328 ] } },
{ "type": "Feature", "properties": { "id": 103, "state": "Mizoram", "state_code": null, "district": "SAIHA", "district_code": 288.0, "sub_district": null, "sub_district_code": null, "sub_district_type": null, "village": "Chheihlu", "village_category": "Rural", "village_code": "3158802307" }, "geometry": { "type": "Point", "coordinates": [ 93.0806583, 22.2944678 ] } },
{ "type": "Feature", "properties": { "id": 104, "state": "Mizoram", "state_code": null, "district": "SAIHA", "district_code": 288.0, "sub_district": null, "sub_district_code": null, "sub_district_type": null, "village": "Siata", "village_category": "Rural", "village_code": "3158802416" }, "geometry": { "type": "Point", "coordinates": [ 93.150848, 22.3420783 ] } },
{ "type": "Feature", "properties": { "id": 105, "state": "Mizoram", "state_code": null, "district": "SAIHA", "district_code": 288.0, "sub_district": null, "sub_district_code": null, "sub_district_type": null, "village": "Tisi", "village_category": "Rural", "village_code": "3158802599" }, "geometry": { "type": "Point", "coordinates": [ 93.0636167, 22.3512567 ] } },
{ "type": "Feature", "properties": { "id": 106, "state": "Mizoram", "state_code": null, "district": "SAIHA", "district_code": 288.0, "sub_district": null, "sub_district_code": null, "sub_district_type": null, "village": "Theiri", "village_category": "Rural", "village_code": "3158802941" }, "geometry": { "type": "Point", "coordinates": [ 93.0389569, 22.3684016 ] } },
{ "type": "Feature", "properties": { "id": 107, "state": "Mizoram", "state_code": null, "district": "SAIHA", "district_code": 288.0, "sub_district": null, "sub_district_code": null, "sub_district_type": null, "village": "Chapi Khithie", "village_category": "Rural", "village_code": "3158810882" }, "geometry": { "type": "Point", "coordinates": [ 93.1337616, 22.2057933 ] } },
{ "type": "Feature", "properties": { "id": 108, "state": "Mizoram", "state_code": null, "district": "SAIHA", "district_code": 288.0, "sub_district": null, "sub_district_code": null, "sub_district_type": null, "village": "Chapi", "village_category": "Rural", "village_code": "3158810883" }, "geometry": { "type": "Point", "coordinates": [ 93.1390439, 22.1965447 ] } },
{ "type": "Feature", "properties": { "id": 109, "state": "Mizoram", "state_code": null, "district": "SAITUAL", "district_code": 682.0, "sub_district": null, "sub_district_code": null, "sub_district_type": null, "village": "Unnamed Village", "village_category": "Rural", "village_code": "3702084231" }, "geometry": { "type": "Point", "coordinates": [ 93.2874022, 23.9998139 ] } },
{ "type": "Feature", "properties": { "id": 110, "state": "Mizoram", "state_code": null, "district": "SAITUAL", "district_code": 682.0, "sub_district": null, "sub_district_code": null, "sub_district_type": null, "village": "Vanbawng", "village_category": "Rural", "village_code": "3885088826" }, "geometry": { "type": "Point", "coordinates": [ 93.0498114, 24.0411859 ] } },
{ "type": "Feature", "properties": { "id": 111, "state": "Mizoram", "state_code": null, "district": "SAITUAL", "district_code": 682.0, "sub_district": null, "sub_district_code": null, "sub_district_type": null, "village": "N. Khawlek", "village_category": "Rural", "village_code": "3885089326" }, "geometry": { "type": "Point", "coordinates": [ 93.0204648, 24.067804 ] } },
{ "type": "Feature", "properties": { "id": 112, "state": "Mizoram", "state_code": null, "district": "SAITUAL", "district_code": 682.0, "sub_district": null, "sub_district_code": null, "sub_district_type": null, "village": "Buhban", "village_category": "Rural", "village_code": "3885106214" }, "geometry": { "type": "Point", "coordinates": [ 92.9607604, 23.8153716 ] } },
{ "type": "Feature", "properties": { "id": 113, "state": "Mizoram", "state_code": null, "district": "KOLASIB", "district_code": 282.0, "sub_district": null, "sub_district_code": null, "sub_district_type": null, "village": "Vairengte", "village_category": "Urban", "village_code": "5232413103" }, "geometry": { "type": "Point", "coordinates": [ 92.7604866, 24.4956623 ] } },
{ "type": "Feature", "properties": { "id": 114, "state": "Mizoram", "state_code": null, "district": "MAMIT", "district_code": 281.0, "sub_district": null, "sub_district_code": null, "sub_district_type": null, "village": "Chhimluang", "village_category": "Rural", "village_code": "5232510257" }, "geometry": { "type": "Point", "coordinates": [ 92.3129439, 23.9457823 ] } },
{ "type": "Feature", "properties": { "id": 115, "state": "Mizoram", "state_code": null, "district": "LAWNGTLAI", "district_code": 287.0, "sub_district": null, "sub_district_code": null, "sub_district_type": null, "village": "Hmunnuam", "village_category": "Rural", "village_code": "5380417193" }, "geometry": { "type": "Point", "coordinates": [ 92.7453804, 22.4178126 ] } },
{ "type": "Feature", "properties": { "id": 116, "state": "Mizoram", "state_code": null, "district": "LAWNGTLAI", "district_code": 287.0, "sub_district": null, "sub_district_code": null, "sub_district_type": null, "village": "Unnamed Village", "village_category": "Rural", "village_code": "5380417194" }, "geometry": { "type": "Point", "coordinates": [ 92.6835821, 22.2859198 ] } },
{ "type": "Feature", "properties": { "id": 117, "state": "Mizoram", "state_code": null, "district": "LAWNGTLAI", "district_code": 287.0, "sub_district": null, "sub_district_code": null, "sub_district_type": null, "village": "Unnamed Village", "village_category": "Rural", "village_code": "5380417195" }, "geometry": { "type": "Point", "coordinates": [ 92.6874447, 22.1776391 ] } },
{ "type": "Feature", "properties": { "id": 118, "state": "Mizoram", "state_code": null, "district": "LAWNGTLAI", "district_code": 287.0, "sub_district": null, "sub_district_code": null, "sub_district_type": null, "village": "Unnamed Hamlet", "village_category": "Rural", "village_code": "5380417196" }, "geometry": { "type": "Point", "coordinates": [ 92.6256037, 22.0197317 ] } },
{ "type": "Feature", "properties": { "id": 119, "state": "Mizoram", "state_code": null, "district": "LAWNGTLAI", "district_code": 287.0, "sub_district": null, "sub_district_code": null, "sub_district_type": null, "village": "Unnamed Hamlet", "village_category": "Rural", "village_code": "5380417197" }, "geometry": { "type": "Point", "coordinates": [ 92.6438105, 22.0280962 ] } },
{ "type": "Feature", "properties": { "id": 120, "state": "Mizoram", "state_code": null, "district": "LAWNGTLAI", "district_code": 287.0, "sub_district": null, "sub_district_code": null, "sub_district_type": null, "village": "Unnamed Village", "village_category": "Rural", "village_code": "5380417198" }, "geometry": { "type": "Point", "coordinates": [ 92.6532197, 22.0541017 ] } },
{ "type": "Feature", "properties": { "id": 121, "state": "Mizoram", "state_code": null, "district": "LAWNGTLAI", "district_code": 287.0, "sub_district": null, "sub_district_code": null, "sub_district_type": null, "village": "Unnamed Hamlet", "village_category": "Rural", "village_code": "5380417199" }, "geometry": { "type": "Point", "coordinates": [ 92.6501298, 22.0476381 ] } },
{ "type": "Feature", "properties": { "id": 122, "state": "Mizoram", "state_code": null, "district": "LAWNGTLAI", "district_code": 287.0, "sub_district": null, "sub_district_code": null, "sub_district_type": null, "village": "Unnamed Village", "village_category": "Rural", "village_code": "5380417200" }, "geometry": { "type": "Point", "coordinates": [ 92.6540565, 22.0812307 ] } },
{ "type": "Feature", "properties": { "id": 123, "state": "Mizoram", "state_code": null, "district": "LAWNGTLAI", "district_code": 287.0, "sub_district": null, "sub_district_code": null, "sub_district_type": null, "village": "Parva", "village_category": "Rural", "village_code": "5380417201" }, "geometry": { "type": "Point", "coordinates": [ 92.6462459, 22.0850037 ] } },
{ "type": "Feature", "properties": { "id": 124, "state": "Mizoram", "state_code": null, "district": "LAWNGTLAI", "district_code": 287.0, "sub_district": null, "sub_district_code": null, "sub_district_type": null, "village": "Unnamed Village", "village_category": "Rural", "village_code": "5380417202" }, "geometry": { "type": "Point", "coordinates": [ 92.6065063, 22.0977383 ] } },
{ "type": "Feature", "properties": { "id": 125, "state": "Mizoram", "state_code": null, "district": "LAWNGTLAI", "district_code": 287.0, "sub_district": null, "sub_district_code": null, "sub_district_type": null, "village": "Unnamed Hamlet", "village_category": "Rural", "village_code": "5380417203" }, "geometry": { "type": "Point", "coordinates": [ 92.6059967, 22.1008944 ] } },
{ "type": "Feature", "properties": { "id": 126, "state": "Mizoram", "state_code": null, "district": "LAWNGTLAI", "district_code": 287.0, "sub_district": null, "sub_district_code": null, "sub_district_type": null, "village": "Unnamed Hamlet", "village_category": "Rural", "village_code": "5380417205" }, "geometry": { "type": "Point", "coordinates": [ 92.6389664, 22.1466879 ] } },
{ "type": "Feature", "properties": { "id": 127, "state": "Mizoram", "state_code": null, "district": "LAWNGTLAI", "district_code": 287.0, "sub_district": null, "sub_district_code": null, "sub_district_type": null, "village": "Unnamed Hamlet", "village_category": "Rural", "village_code": "5380417206" }, "geometry": { "type": "Point", "coordinates": [ 92.6078367, 22.1697008 ] } },
{ "type": "Feature", "properties": { "id": 128, "state": "Mizoram", "state_code": null, "district": "LAWNGTLAI", "district_code": 287.0, "sub_district": null, "sub_district_code": null, "sub_district_type": null, "village": "Unnamed Hamlet", "village_category": "Rural", "village_code": "5380417207" }, "geometry": { "type": "Point", "coordinates": [ 92.6069784, 22.1963457 ] } },
{ "type": "Feature", "properties": { "id": 129, "state": "Mizoram", "state_code": null, "district": "LAWNGTLAI", "district_code": 287.0, "sub_district": null, "sub_district_code": null, "sub_district_type": null, "village": "Unnamed Hamlet", "village_category": "Rural", "village_code": "5380417208" }, "geometry": { "type": "Point", "coordinates": [ 92.6063239, 22.205554 ] } },
{ "type": "Feature", "properties": { "id": 130, "state": "Mizoram", "state_code": null, "district": "LAWNGTLAI", "district_code": 287.0, "sub_district": null, "sub_district_code": null, "sub_district_type": null, "village": "Unnamed Village", "village_category": "Rural", "village_code": "5380417209" }, "geometry": { "type": "Point", "coordinates": [ 92.5877738, 22.2753863 ] } },
{ "type": "Feature", "properties": { "id": 131, "state": "Mizoram", "state_code": null, "district": "LAWNGTLAI", "district_code": 287.0, "sub_district": null, "sub_district_code": null, "sub_district_type": null, "village": "Unnamed Village", "village_category": "Rural", "village_code": "5380417210" }, "geometry": { "type": "Point", "coordinates": [ 92.5914431, 22.2510304 ] } },
{ "type": "Feature", "properties": { "id": 132, "state": "Mizoram", "state_code": null, "district": "LAWNGTLAI", "district_code": 287.0, "sub_district": null, "sub_district_code": null, "sub_district_type": null, "village": "Unnamed Hamlet", "village_category": "Rural", "village_code": "5380417211" }, "geometry": { "type": "Point", "coordinates": [ 92.6219465, 22.2382376 ] } },
{ "type": "Feature", "properties": { "id": 133, "state": "Mizoram", "state_code": null, "district": "LAWNGTLAI", "district_code": 287.0, "sub_district": null, "sub_district_code": null, "sub_district_type": null, "village": "Unnamed Village", "village_category": "Rural", "village_code": "5380417212" }, "geometry": { "type": "Point", "coordinates": [ 92.6168436, 22.2383245 ] } },
{ "type": "Feature", "properties": { "id": 134, "state": "Mizoram", "state_code": null, "district": "LAWNGTLAI", "district_code": 287.0, "sub_district": null, "sub_district_code": null, "sub_district_type": null, "village": "Unnamed Hamlet", "village_category": "Rural", "village_code": "5380417213" }, "geometry": { "type": "Point", "coordinates": [ 92.6382838, 22.2377268 ] } },
{ "type": "Feature", "properties": { "id": 135, "state": "Mizoram", "state_code": null, "district": "LAWNGTLAI", "district_code": 287.0, "sub_district": null, "sub_district_code": null, "sub_district_type": null, "village": "Unnamed Village", "village_category": "Rural", "village_code": "5380417214" }, "geometry": { "type": "Point", "coordinates": [ 92.6548442, 22.2373679 ] } },
{ "type": "Feature", "properties": { "id": 136, "state": "Mizoram", "state_code": null, "district": "LAWNGTLAI", "district_code": 287.0, "sub_district": null, "sub_district_code": null, "sub_district_type": null, "village": "Unnamed Village", "village_category": "Rural", "village_code": "5380417215" }, "geometry": { "type": "Point", "coordinates": [ 92.6851702, 22.233791 ] } },
{ "type": "Feature", "properties": { "id": 137, "state": "Mizoram", "state_code": null, "district": "LAWNGTLAI", "district_code": 287.0, "sub_district": null, "sub_district_code": null, "sub_district_type": null, "village": "Unnamed Hamlet", "village_category": "Rural", "village_code": "5380417216" }, "geometry": { "type": "Point", "coordinates": [ 92.7395707, 22.2509261 ] } },
{ "type": "Feature", "properties": { "id": 138, "state": "Mizoram", "state_code": null, "district": "LAWNGTLAI", "district_code": 287.0, "sub_district": null, "sub_district_code": null, "sub_district_type": null, "village": "Unnamed Village", "village_category": "Rural", "village_code": "5380417217" }, "geometry": { "type": "Point", "coordinates": [ 92.754339, 22.2814126 ] } },
{ "type": "Feature", "properties": { "id": 139, "state": "Mizoram", "state_code": null, "district": "LAWNGTLAI", "district_code": 287.0, "sub_district": null, "sub_district_code": null, "sub_district_type": null, "village": "Unnamed Village", "village_category": "Rural", "village_code": "5380417369" }, "geometry": { "type": "Point", "coordinates": [ 92.7953433, 22.2322641 ] } },
{ "type": "Feature", "properties": { "id": 140, "state": "Mizoram", "state_code": null, "district": "LAWNGTLAI", "district_code": 287.0, "sub_district": null, "sub_district_code": null, "sub_district_type": null, "village": "Hmawngbu", "village_category": "Rural", "village_code": "5380417370" }, "geometry": { "type": "Point", "coordinates": [ 92.8065455, 22.1627854 ] } },
{ "type": "Feature", "properties": { "id": 141, "state": "Mizoram", "state_code": null, "district": "LAWNGTLAI", "district_code": 287.0, "sub_district": null, "sub_district_code": null, "sub_district_type": null, "village": "Unnamed Hamlet", "village_category": "Rural", "village_code": "5380417371" }, "geometry": { "type": "Point", "coordinates": [ 92.7550793, 22.2020724 ] } },
{ "type": "Feature", "properties": { "id": 142, "state": "Mizoram", "state_code": null, "district": "LAWNGTLAI", "district_code": 287.0, "sub_district": null, "sub_district_code": null, "sub_district_type": null, "village": "Unnamed Hamlet", "village_category": "Rural", "village_code": "5380417372" }, "geometry": { "type": "Point", "coordinates": [ 92.7635524, 22.162137 ] } },
{ "type": "Feature", "properties": { "id": 143, "state": "Mizoram", "state_code": null, "district": "LAWNGTLAI", "district_code": 287.0, "sub_district": null, "sub_district_code": null, "sub_district_type": null, "village": "Unnamed Hamlet", "village_category": "Rural", "village_code": "5380417410" }, "geometry": { "type": "Point", "coordinates": [ 92.7735597, 22.1324421 ] } },
{ "type": "Feature", "properties": { "id": 144, "state": "Mizoram", "state_code": null, "district": "LAWNGTLAI", "district_code": 287.0, "sub_district": null, "sub_district_code": null, "sub_district_type": null, "village": "Unnamed Hamlet", "village_category": "Rural", "village_code": "5380417419" }, "geometry": { "type": "Point", "coordinates": [ 92.7705932, 22.1486257 ] } },
{ "type": "Feature", "properties": { "id": 145, "state": "Mizoram", "state_code": null, "district": "LAWNGTLAI", "district_code": 287.0, "sub_district": null, "sub_district_code": null, "sub_district_type": null, "village": "Unnamed Hamlet", "village_category": "Rural", "village_code": "5380417420" }, "geometry": { "type": "Point", "coordinates": [ 92.7648747, 22.1473537 ] } },
{ "type": "Feature", "properties": { "id": 146, "state": "Mizoram", "state_code": null, "district": "LAWNGTLAI", "district_code": 287.0, "sub_district": null, "sub_district_code": null, "sub_district_type": null, "village": "Ngenpuitlang", "village_category": "Rural", "village_code": "5380417421" }, "geometry": { "type": "Point", "coordinates": [ 92.7776742, 22.2950625 ] } },
{ "type": "Feature", "properties": { "id": 147, "state": "Mizoram", "state_code": null, "district": "LAWNGTLAI", "district_code": 287.0, "sub_district": null, "sub_district_code": null, "sub_district_type": null, "village": "Unnamed Hamlet", "village_category": "Rural", "village_code": "5380417422" }, "geometry": { "type": "Point", "coordinates": [ 92.7382135, 22.3264971 ] } },
{ "type": "Feature", "properties": { "id": 148, "state": "Mizoram", "state_code": null, "district": "LAWNGTLAI", "district_code": 287.0, "sub_district": null, "sub_district_code": null, "sub_district_type": null, "village": "Unnamed Village", "village_category": "Rural", "village_code": "5380417423" }, "geometry": { "type": "Point", "coordinates": [ 92.6810931, 22.3353893 ] } },
{ "type": "Feature", "properties": { "id": 149, "state": "Mizoram", "state_code": null, "district": "LAWNGTLAI", "district_code": 287.0, "sub_district": null, "sub_district_code": null, "sub_district_type": null, "village": "Unnamed Village", "village_category": "Rural", "village_code": "5380417424" }, "geometry": { "type": "Point", "coordinates": [ 92.7131241, 22.3310673 ] } },
{ "type": "Feature", "properties": { "id": 150, "state": "Mizoram", "state_code": null, "district": "LAWNGTLAI", "district_code": 287.0, "sub_district": null, "sub_district_code": null, "sub_district_type": null, "village": "Unnamed Village", "village_category": "Rural", "village_code": "5380417425" }, "geometry": { "type": "Point", "coordinates": [ 92.641194, 22.3610537 ] } },
{ "type": "Feature", "properties": { "id": 151, "state": "Mizoram", "state_code": null, "district": "LAWNGTLAI", "district_code": 287.0, "sub_district": null, "sub_district_code": null, "sub_district_type": null, "village": "Unnamed Village", "village_category": "Rural", "village_code": "5380417427" }, "geometry": { "type": "Point", "coordinates": [ 92.655183, 22.2913822 ] } },
{ "type": "Feature", "properties": { "id": 152, "state": "Mizoram", "state_code": null, "district": "LAWNGTLAI", "district_code": 287.0, "sub_district": null, "sub_district_code": null, "sub_district_type": null, "village": "Unnamed Village", "village_category": "Rural", "village_code": "5380417428" }, "geometry": { "type": "Point", "coordinates": [ 92.6472759, 22.3830158 ] } },
{ "type": "Feature", "properties": { "id": 153, "state": "Mizoram", "state_code": null, "district": "LAWNGTLAI", "district_code": 287.0, "sub_district": null, "sub_district_code": null, "sub_district_type": null, "village": "Unnamed Village", "village_category": "Rural", "village_code": "5380417429" }, "geometry": { "type": "Point", "coordinates": [ 92.6470935, 22.4293369 ] } },
{ "type": "Feature", "properties": { "id": 154, "state": "Mizoram", "state_code": null, "district": "LAWNGTLAI", "district_code": 287.0, "sub_district": null, "sub_district_code": null, "sub_district_type": null, "village": "Unnamed Village", "village_category": "Rural", "village_code": "5380417430" }, "geometry": { "type": "Point", "coordinates": [ 92.6374054, 22.4330856 ] } },
{ "type": "Feature", "properties": { "id": 155, "state": "Mizoram", "state_code": null, "district": "LAWNGTLAI", "district_code": 287.0, "sub_district": null, "sub_district_code": null, "sub_district_type": null, "village": "Unnamed Village", "village_category": "Rural", "village_code": "5380417431" }, "geometry": { "type": "Point", "coordinates": [ 92.6331246, 22.5004151 ] } },
{ "type": "Feature", "properties": { "id": 156, "state": "Mizoram", "state_code": null, "district": "LAWNGTLAI", "district_code": 287.0, "sub_district": null, "sub_district_code": null, "sub_district_type": null, "village": "Unnamed Village", "village_category": "Rural", "village_code": "5380417432" }, "geometry": { "type": "Point", "coordinates": [ 92.6238549, 22.5463205 ] } },
{ "type": "Feature", "properties": { "id": 157, "state": "Mizoram", "state_code": null, "district": "LAWNGTLAI", "district_code": 287.0, "sub_district": null, "sub_district_code": null, "sub_district_type": null, "village": "Unnamed Village", "village_category": "Rural", "village_code": "5380417433" }, "geometry": { "type": "Point", "coordinates": [ 92.63912, 22.5931011 ] } },
{ "type": "Feature", "properties": { "id": 158, "state": "Mizoram", "state_code": null, "district": "LAWNGTLAI", "district_code": 287.0, "sub_district": null, "sub_district_code": null, "sub_district_type": null, "village": "Unnamed Village", "village_category": "Rural", "village_code": "5380417434" }, "geometry": { "type": "Point", "coordinates": [ 92.6248526, 22.5967967 ] } },
{ "type": "Feature", "properties": { "id": 159, "state": "Mizoram", "state_code": null, "district": "LAWNGTLAI", "district_code": 287.0, "sub_district": null, "sub_district_code": null, "sub_district_type": null, "village": "Hmunlai", "village_category": "Rural", "village_code": "5380417435" }, "geometry": { "type": "Point", "coordinates": [ 92.6721883, 22.5874855 ] } },
{ "type": "Feature", "properties": { "id": 160, "state": "Mizoram", "state_code": null, "district": "LAWNGTLAI", "district_code": 287.0, "sub_district": null, "sub_district_code": null, "sub_district_type": null, "village": "Unnamed Village", "village_category": "Rural", "village_code": "5380417437" }, "geometry": { "type": "Point", "coordinates": [ 92.7044338, 22.5230885 ] } },
{ "type": "Feature", "properties": { "id": 161, "state": "Mizoram", "state_code": null, "district": "LAWNGTLAI", "district_code": 287.0, "sub_district": null, "sub_district_code": null, "sub_district_type": null, "village": "Unnamed Hamlet", "village_category": "Rural", "village_code": "5380417521" }, "geometry": { "type": "Point", "coordinates": [ 92.7609586, 22.1455153 ] } },
{ "type": "Feature", "properties": { "id": 162, "state": "Mizoram", "state_code": null, "district": "LAWNGTLAI", "district_code": 287.0, "sub_district": null, "sub_district_code": null, "sub_district_type": null, "village": "Unnamed Hamlet", "village_category": "Rural", "village_code": "5380417522" }, "geometry": { "type": "Point", "coordinates": [ 92.7598643, 22.1346136 ] } },
{ "type": "Feature", "properties": { "id": 163, "state": "Mizoram", "state_code": null, "district": "CHAMPHAI", "district_code": 284.0, "sub_district": null, "sub_district_code": null, "sub_district_type": null, "village": "Kelkang", "village_category": "Rural", "village_code": "5702255825" }, "geometry": { "type": "Point", "coordinates": [ 93.3188394, 23.4036905 ] } },
{ "type": "Feature", "properties": { "id": 164, "state": "Mizoram", "state_code": null, "district": "CHAMPHAI", "district_code": 284.0, "sub_district": null, "sub_district_code": null, "sub_district_type": null, "village": "Zawsei", "village_category": "Rural", "village_code": "5822801358" }, "geometry": { "type": "Point", "coordinates": [ 93.2024288, 23.1695 ] } },
{ "type": "Feature", "properties": { "id": 165, "state": "Mizoram", "state_code": null, "district": "LUNGLEI", "district_code": 286.0, "sub_district": null, "sub_district_code": null, "sub_district_type": null, "village": "Tiabung", "village_category": "Rural", "village_code": "6188504443" }, "geometry": { "type": "Point", "coordinates": [ 92.4688983, 22.9074872 ] } },
{ "type": "Feature", "properties": { "id": 166, "state": "Mizoram", "state_code": null, "district": "AIZAWL", "district_code": 283.0, "sub_district": null, "sub_district_code": null, "sub_district_type": null, "village": "Durtlang", "village_category": "Rural", "village_code": "6202256842" }, "geometry": { "type": "Point", "coordinates": [ 92.7275973, 23.7816239 ] } },
{ "type": "Feature", "properties": { "id": 167, "state": "Mizoram", "state_code": null, "district": "LUNGLEI", "district_code": 286.0, "sub_district": null, "sub_district_code": null, "sub_district_type": null, "village": "Serkawn", "village_category": "Rural", "village_code": "6202381605" }, "geometry": { "type": "Point", "coordinates": [ 92.7585071, 22.9078282 ] } },
{ "type": "Feature", "properties": { "id": 168, "state": "Mizoram", "state_code": null, "district": "LUNGLEI", "district_code": 286.0, "sub_district": null, "sub_district_code": null, "sub_district_type": null, "village": "Saza", "village_category": "Rural", "village_code": "6202382789" }, "geometry": { "type": "Point", "coordinates": [ 92.7260685, 22.9770041 ] } },
{ "type": "Feature", "properties": { "id": 169, "state": "Mizoram", "state_code": null, "district": "CHAMPHAI", "district_code": 284.0, "sub_district": null, "sub_district_code": null, "sub_district_type": null, "village": "Murlen", "village_category": "Rural", "village_code": "6205513687" }, "geometry": { "type": "Point", "coordinates": [ 93.2848263, 23.6595998 ] } },
{ "type": "Feature", "properties": { "id": 170, "state": "Mizoram", "state_code": null, "district": "CHAMPHAI", "district_code": 284.0, "sub_district": null, "sub_district_code": null, "sub_district_type": null, "village": "Ngur", "village_category": "Rural", "village_code": "6205920888" }, "geometry": { "type": "Point", "coordinates": [ 93.3737039, 23.5384649 ] } },
{ "type": "Feature", "properties": { "id": 171, "state": "Mizoram", "state_code": null, "district": "CHAMPHAI", "district_code": 284.0, "sub_district": null, "sub_district_code": null, "sub_district_type": null, "village": "Vapar", "village_category": "Rural", "village_code": "6205920998" }, "geometry": { "type": "Point", "coordinates": [ 93.3496284, 23.6194993 ] } },
{ "type": "Feature", "properties": { "id": 172, "state": "Mizoram", "state_code": null, "district": "CHAMPHAI", "district_code": 284.0, "sub_district": null, "sub_district_code": null, "sub_district_type": null, "village": "Rapung", "village_category": "Rural", "village_code": "6205920999" }, "geometry": { "type": "Point", "coordinates": [ 93.2019567, 23.683212 ] } },
{ "type": "Feature", "properties": { "id": 173, "state": "Mizoram", "state_code": null, "district": "KHAWZAWL", "district_code": 703.0, "sub_district": null, "sub_district_code": null, "sub_district_type": null, "village": "Tuapui", "village_category": "Rural", "village_code": "6205921914" }, "geometry": { "type": "Point", "coordinates": [ 93.2437817, 23.5884258 ] } },
{ "type": "Feature", "properties": { "id": 174, "state": "Mizoram", "state_code": null, "district": "CHAMPHAI", "district_code": 284.0, "sub_district": null, "sub_district_code": null, "sub_district_type": null, "village": "Tualcheng", "village_category": "Rural", "village_code": "6205938165" }, "geometry": { "type": "Point", "coordinates": [ 93.3035695, 23.724609 ] } },
{ "type": "Feature", "properties": { "id": 175, "state": "Mizoram", "state_code": null, "district": "SAITUAL", "district_code": 682.0, "sub_district": null, "sub_district_code": null, "sub_district_type": null, "village": "Lamzawl", "village_category": "Rural", "village_code": "6206020924" }, "geometry": { "type": "Point", "coordinates": [ 93.20561, 23.8176553 ] } },
{ "type": "Feature", "properties": { "id": 176, "state": "Mizoram", "state_code": null, "district": "CHAMPHAI", "district_code": 284.0, "sub_district": null, "sub_district_code": null, "sub_district_type": null, "village": "Selam", "village_category": "Rural", "village_code": "6206079133" }, "geometry": { "type": "Point", "coordinates": [ 93.2923794, 23.8042521 ] } },
{ "type": "Feature", "properties": { "id": 177, "state": "Mizoram", "state_code": null, "district": "CHAMPHAI", "district_code": 284.0, "sub_district": null, "sub_district_code": null, "sub_district_type": null, "village": "Luagphunllan", "village_category": "Rural", "village_code": "6206079134" }, "geometry": { "type": "Point", "coordinates": [ 93.3052862, 23.7577349 ] } },
{ "type": "Feature", "properties": { "id": 178, "state": "Mizoram", "state_code": null, "district": "CHAMPHAI", "district_code": 284.0, "sub_district": null, "sub_district_code": null, "sub_district_type": null, "village": "Pamcheng", "village_category": "Rural", "village_code": "6206079135" }, "geometry": { "type": "Point", "coordinates": [ 93.2375282, 23.7259694 ] } },
{ "type": "Feature", "properties": { "id": 179, "state": "Mizoram", "state_code": null, "district": "SAITUAL", "district_code": 682.0, "sub_district": null, "sub_district_code": null, "sub_district_type": null, "village": "Kawlbem", "village_category": "Rural", "village_code": "6206079140" }, "geometry": { "type": "Point", "coordinates": [ 93.3070042, 23.8711501 ] } },
{ "type": "Feature", "properties": { "id": 180, "state": "Mizoram", "state_code": null, "district": "MAMIT", "district_code": 281.0, "sub_district": null, "sub_district_code": null, "sub_district_type": null, "village": "Unnamed Village", "village_category": "Rural", "village_code": "6206207754" }, "geometry": { "type": "Point", "coordinates": [ 92.3272776, 23.7118298 ] } },
{ "type": "Feature", "properties": { "id": 181, "state": "Mizoram", "state_code": null, "district": "MAMIT", "district_code": 281.0, "sub_district": null, "sub_district_code": null, "sub_district_type": null, "village": "Unnamed Village", "village_category": "Rural", "village_code": "6206207755" }, "geometry": { "type": "Point", "coordinates": [ 92.4138701, 23.7199631 ] } },
{ "type": "Feature", "properties": { "id": 182, "state": "Mizoram", "state_code": null, "district": "MAMIT", "district_code": 281.0, "sub_district": null, "sub_district_code": null, "sub_district_type": null, "village": "Unnamed Village", "village_category": "Rural", "village_code": "6206207756" }, "geometry": { "type": "Point", "coordinates": [ 92.4409014, 23.7109015 ] } },
{ "type": "Feature", "properties": { "id": 183, "state": "Mizoram", "state_code": null, "district": "MAMIT", "district_code": 281.0, "sub_district": null, "sub_district_code": null, "sub_district_type": null, "village": "W. Phulpui", "village_category": "Rural", "village_code": "6206207758" }, "geometry": { "type": "Point", "coordinates": [ 92.4313581, 23.4097359 ] } },
{ "type": "Feature", "properties": { "id": 184, "state": "Mizoram", "state_code": null, "district": "MAMIT", "district_code": 281.0, "sub_district": null, "sub_district_code": null, "sub_district_type": null, "village": "Silsuri", "village_category": "Rural", "village_code": "6206207760" }, "geometry": { "type": "Point", "coordinates": [ 92.365247, 23.3815692 ] } },
{ "type": "Feature", "properties": { "id": 185, "state": "Mizoram", "state_code": null, "district": "HNAHTHIAL", "district_code": 713.0, "sub_district": null, "sub_district_code": null, "sub_district_type": null, "village": "Rawpui", "village_category": "Rural", "village_code": "6206323710" }, "geometry": { "type": "Point", "coordinates": [ 92.8979874, 23.1465752 ] } },
{ "type": "Feature", "properties": { "id": 186, "state": "Mizoram", "state_code": null, "district": "SERCHHIP", "district_code": 285.0, "sub_district": null, "sub_district_code": null, "sub_district_type": null, "village": "Bungtlang", "village_category": "Rural", "village_code": "6206323711" }, "geometry": { "type": "Point", "coordinates": [ 92.899881, 23.1883527 ] } },
{ "type": "Feature", "properties": { "id": 187, "state": "Mizoram", "state_code": null, "district": "SAITUAL", "district_code": 682.0, "sub_district": null, "sub_district_code": null, "sub_district_type": null, "village": "Maite", "village_category": "Rural", "village_code": "6207231256" }, "geometry": { "type": "Point", "coordinates": [ 92.9938173, 23.5212604 ] } },
{ "type": "Feature", "properties": { "id": 188, "state": "Mizoram", "state_code": null, "district": "SERCHHIP", "district_code": 285.0, "sub_district": null, "sub_district_code": null, "sub_district_type": null, "village": "Hmuntha", "village_category": "Rural", "village_code": "6207231388" }, "geometry": { "type": "Point", "coordinates": [ 92.940731, 23.4925813 ] } },
{ "type": "Feature", "properties": { "id": 189, "state": "Mizoram", "state_code": null, "district": "SERCHHIP", "district_code": 285.0, "sub_district": null, "sub_district_code": null, "sub_district_type": null, "village": "Hualtu", "village_category": "Rural", "village_code": "6207231389" }, "geometry": { "type": "Point", "coordinates": [ 92.9159689, 23.5287367 ] } },
{ "type": "Feature", "properties": { "id": 190, "state": "Mizoram", "state_code": null, "district": "SAITUAL", "district_code": 682.0, "sub_district": null, "sub_district_code": null, "sub_district_type": null, "village": "Lenchim", "village_category": "Rural", "village_code": "6207231390" }, "geometry": { "type": "Point", "coordinates": [ 92.9312897, 23.5989529 ] } },
{ "type": "Feature", "properties": { "id": 191, "state": "Mizoram", "state_code": null, "district": "SAITUAL", "district_code": 682.0, "sub_district": null, "sub_district_code": null, "sub_district_type": null, "village": "Tawizo", "village_category": "Rural", "village_code": "6207231391" }, "geometry": { "type": "Point", "coordinates": [ 92.9578221, 23.5617327 ] } },
{ "type": "Feature", "properties": { "id": 192, "state": "Mizoram", "state_code": null, "district": "SAITUAL", "district_code": 682.0, "sub_district": null, "sub_district_code": null, "sub_district_type": null, "village": "Mualpheng", "village_category": "Rural", "village_code": "6207231392" }, "geometry": { "type": "Point", "coordinates": [ 92.9754281, 23.6097672 ] } },
{ "type": "Feature", "properties": { "id": 193, "state": "Mizoram", "state_code": null, "district": "KOLASIB", "district_code": 282.0, "sub_district": null, "sub_district_code": null, "sub_district_type": null, "village": "N. Hlimen", "village_category": "Rural", "village_code": "6207730210" }, "geometry": { "type": "Point", "coordinates": [ 92.8073072, 24.2351861 ] } },
{ "type": "Feature", "properties": { "id": 194, "state": "Mizoram", "state_code": null, "district": "LUNGLEI", "district_code": 286.0, "sub_district": null, "sub_district_code": null, "sub_district_type": null, "village": "Darngawn", "village_category": "Rural", "village_code": "6208692951" }, "geometry": { "type": "Point", "coordinates": [ 92.5293124, 23.3440142 ] } },
{ "type": "Feature", "properties": { "id": 195, "state": "Mizoram", "state_code": null, "district": "LUNGLEI", "district_code": 286.0, "sub_district": null, "sub_district_code": null, "sub_district_type": null, "village": "Unnamed Village", "village_category": "Rural", "village_code": "6208777872" }, "geometry": { "type": "Point", "coordinates": [ 92.6113665, 23.1746091 ] } },
{ "type": "Feature", "properties": { "id": 196, "state": "Mizoram", "state_code": null, "district": "LUNGLEI", "district_code": 286.0, "sub_district": null, "sub_district_code": null, "sub_district_type": null, "village": "Unnamed Village", "village_category": "Rural", "village_code": "6208778022" }, "geometry": { "type": "Point", "coordinates": [ 92.6545286, 23.2776982 ] } },
{ "type": "Feature", "properties": { "id": 197, "state": "Mizoram", "state_code": null, "district": "LUNGLEI", "district_code": 286.0, "sub_district": null, "sub_district_code": null, "sub_district_type": null, "village": "Tieu", "village_category": "Rural", "village_code": "6208778433" }, "geometry": { "type": "Point", "coordinates": [ 92.5344086, 23.205206 ] } },
{ "type": "Feature", "properties": { "id": 198, "state": "Mizoram", "state_code": null, "district": "LUNGLEI", "district_code": 286.0, "sub_district": null, "sub_district_code": null, "sub_district_type": null, "village": "Unnamed Village", "village_category": "Rural", "village_code": "6208778434" }, "geometry": { "type": "Point", "coordinates": [ 92.4841762, 23.2452696 ] } },
{ "type": "Feature", "properties": { "id": 199, "state": "Mizoram", "state_code": null, "district": "LAWNGTLAI", "district_code": 287.0, "sub_district": null, "sub_district_code": null, "sub_district_type": null, "village": "Tialdawngl", "village_category": "Rural", "village_code": "6210677028" }, "geometry": { "type": "Point", "coordinates": [ 93.0975437, 22.6028388 ] } },
{ "type": "Feature", "properties": { "id": 200, "state": "Mizoram", "state_code": null, "district": "LAWNGTLAI", "district_code": 287.0, "sub_district": null, "sub_district_code": null, "sub_district_type": null, "village": "Archhuang", "village_category": "Rural", "village_code": "6210677029" }, "geometry": { "type": "Point", "coordinates": [ 93.0788702, 22.6321637 ] } },
{ "type": "Feature", "properties": { "id": 201, "state": "Mizoram", "state_code": null, "district": "LAWNGTLAI", "district_code": 287.0, "sub_district": null, "sub_district_code": null, "sub_district_type": null, "village": "Sentetfiang", "village_category": "Rural", "village_code": "6210677032" }, "geometry": { "type": "Point", "coordinates": [ 93.0490923, 22.7132622 ] } },
{ "type": "Feature", "properties": { "id": 202, "state": "Mizoram", "state_code": null, "district": "LAWNGTLAI", "district_code": 287.0, "sub_district": null, "sub_district_code": null, "sub_district_type": null, "village": "Thaltlang", "village_category": "Rural", "village_code": "6210677033" }, "geometry": { "type": "Point", "coordinates": [ 93.0617416, 22.6923982 ] } },
{ "type": "Feature", "properties": { "id": 203, "state": "Mizoram", "state_code": null, "district": "LAWNGTLAI", "district_code": 287.0, "sub_district": null, "sub_district_code": null, "sub_district_type": null, "village": "Cheural", "village_category": "Rural", "village_code": "6210677034" }, "geometry": { "type": "Point", "coordinates": [ 93.0142611, 22.7113125 ] } },
{ "type": "Feature", "properties": { "id": 204, "state": "Mizoram", "state_code": null, "district": "LAWNGTLAI", "district_code": 287.0, "sub_district": null, "sub_district_code": null, "sub_district_type": null, "village": "Rawlbuk", "village_category": "Rural", "village_code": "6210677035" }, "geometry": { "type": "Point", "coordinates": [ 92.9973364, 22.6747583 ] } },
{ "type": "Feature", "properties": { "id": 205, "state": "Mizoram", "state_code": null, "district": "LAWNGTLAI", "district_code": 287.0, "sub_district": null, "sub_district_code": null, "sub_district_type": null, "village": "S. Lungpher", "village_category": "Rural", "village_code": "6210677036" }, "geometry": { "type": "Point", "coordinates": [ 93.0096853, 22.6192698 ] } },
{ "type": "Feature", "properties": { "id": 206, "state": "Mizoram", "state_code": null, "district": "LAWNGTLAI", "district_code": 287.0, "sub_district": null, "sub_district_code": null, "sub_district_type": null, "village": "Siachangkawn", "village_category": "Rural", "village_code": "6210677037" }, "geometry": { "type": "Point", "coordinates": [ 93.0254137, 22.6007984 ] } },
{ "type": "Feature", "properties": { "id": 207, "state": "Mizoram", "state_code": null, "district": "LAWNGTLAI", "district_code": 287.0, "sub_district": null, "sub_district_code": null, "sub_district_type": null, "village": "Vawnbuk", "village_category": "Rural", "village_code": "6210677038" }, "geometry": { "type": "Point", "coordinates": [ 93.077631, 22.595509 ] } },
{ "type": "Feature", "properties": { "id": 208, "state": "Mizoram", "state_code": null, "district": "LUNGLEI", "district_code": 286.0, "sub_district": null, "sub_district_code": null, "sub_district_type": null, "village": "Khawmawi", "village_category": "Rural", "village_code": "6210831107" }, "geometry": { "type": "Point", "coordinates": [ 92.7728569, 22.5044592 ] } },
{ "type": "Feature", "properties": { "id": 209, "state": "Mizoram", "state_code": null, "district": "SAIHA", "district_code": 288.0, "sub_district": null, "sub_district_code": null, "sub_district_type": null, "village": "Khaikhy", "village_category": "Rural", "village_code": "6239245721" }, "geometry": { "type": "Point", "coordinates": [ 92.9265475, 22.0180806 ] } },
{ "type": "Feature", "properties": { "id": 210, "state": "Mizoram", "state_code": null, "district": "SAIHA", "district_code": 288.0, "sub_district": null, "sub_district_code": null, "sub_district_type": null, "village": "Iana", "village_category": "Rural", "village_code": "6512763291" }, "geometry": { "type": "Point", "coordinates": [ 93.1612676, 22.3782814 ] } },
{ "type": "Feature", "properties": { "id": 211, "state": "Mizoram", "state_code": null, "district": "SAIHA", "district_code": 288.0, "sub_district": null, "sub_district_code": null, "sub_district_type": null, "village": "Siatlai", "village_category": "Rural", "village_code": "6512796825" }, "geometry": { "type": "Point", "coordinates": [ 93.0333087, 22.2656407 ] } },
{ "type": "Feature", "properties": { "id": 212, "state": "Mizoram", "state_code": null, "district": "SAIHA", "district_code": 288.0, "sub_district": null, "sub_district_code": null, "sub_district_type": null, "village": "Kaochao 'E'", "village_category": "Rural", "village_code": "6527901625" }, "geometry": { "type": "Point", "coordinates": [ 92.9557516, 22.4015187 ] } },
{ "type": "Feature", "properties": { "id": 213, "state": "Mizoram", "state_code": null, "district": "SAIHA", "district_code": 288.0, "sub_district": null, "sub_district_code": null, "sub_district_type": null, "village": "Amobyu Vaithie", "village_category": "Rural", "village_code": "6586122710" }, "geometry": { "type": "Point", "coordinates": [ 92.9566281, 22.464482 ] } },
{ "type": "Feature", "properties": { "id": 214, "state": "Mizoram", "state_code": null, "district": "SAIHA", "district_code": 288.0, "sub_district": null, "sub_district_code": null, "sub_district_type": null, "village": "Saikao", "village_category": "Rural", "village_code": "6586135957" }, "geometry": { "type": "Point", "coordinates": [ 92.9805461, 22.3614952 ] } },
{ "type": "Feature", "properties": { "id": 215, "state": "Mizoram", "state_code": null, "district": "SAIHA", "district_code": 288.0, "sub_district": null, "sub_district_code": null, "sub_district_type": null, "village": "Saikao Khihthie", "village_category": "Rural", "village_code": "6586135958" }, "geometry": { "type": "Point", "coordinates": [ 92.95503, 22.3657778 ] } },
{ "type": "Feature", "properties": { "id": 216, "state": "Mizoram", "state_code": null, "district": "SAIHA", "district_code": 288.0, "sub_district": null, "sub_district_code": null, "sub_district_type": null, "village": "Tipa 'B'", "village_category": "Rural", "village_code": "6586137905" }, "geometry": { "type": "Point", "coordinates": [ 92.9995917, 22.3096813 ] } },
{ "type": "Feature", "properties": { "id": 217, "state": "Mizoram", "state_code": null, "district": "SAIHA", "district_code": 288.0, "sub_district": null, "sub_district_code": null, "sub_district_type": null, "village": "Lohry (Laty)", "village_category": "Rural", "village_code": "6586140516" }, "geometry": { "type": "Point", "coordinates": [ 92.8979915, 22.331669 ] } },
{ "type": "Feature", "properties": { "id": 218, "state": "Mizoram", "state_code": null, "district": "SAIHA", "district_code": 288.0, "sub_district": null, "sub_district_code": null, "sub_district_type": null, "village": "New Laty", "village_category": "Rural", "village_code": "6586155061" }, "geometry": { "type": "Point", "coordinates": [ 92.921668, 22.3778347 ] } },
{ "type": "Feature", "properties": { "id": 219, "state": "Mizoram", "state_code": null, "district": "SAIHA", "district_code": 288.0, "sub_district": null, "sub_district_code": null, "sub_district_type": null, "village": "Maisa", "village_category": "Rural", "village_code": "6586159894" }, "geometry": { "type": "Point", "coordinates": [ 92.9163858, 22.2844857 ] } },
{ "type": "Feature", "properties": { "id": 220, "state": "Mizoram", "state_code": null, "district": "SAIHA", "district_code": 288.0, "sub_district": null, "sub_district_code": null, "sub_district_type": null, "village": "Amotlah", "village_category": "Rural", "village_code": "6586162171" }, "geometry": { "type": "Point", "coordinates": [ 92.9569121, 22.5715171 ] } },
{ "type": "Feature", "properties": { "id": 221, "state": "Mizoram", "state_code": null, "district": "SAIHA", "district_code": 288.0, "sub_district": null, "sub_district_code": null, "sub_district_type": null, "village": "Miepu", "village_category": "Rural", "village_code": "6586176715" }, "geometry": { "type": "Point", "coordinates": [ 92.9233687, 22.1699708 ] } },
{ "type": "Feature", "properties": { "id": 222, "state": "Mizoram", "state_code": null, "district": "SAIHA", "district_code": 288.0, "sub_district": null, "sub_district_code": null, "sub_district_type": null, "village": "Riasika", "village_category": "Rural", "village_code": "6586180775" }, "geometry": { "type": "Point", "coordinates": [ 92.9479655, 22.5307808 ] } },
{ "type": "Feature", "properties": { "id": 223, "state": "Mizoram", "state_code": null, "district": "SAIHA", "district_code": 288.0, "sub_district": null, "sub_district_code": null, "sub_district_type": null, "village": "Tipi Ferry", "village_category": "Rural", "village_code": "6586189285" }, "geometry": { "type": "Point", "coordinates": [ 92.9379067, 22.5154184 ] } },
{ "type": "Feature", "properties": { "id": 224, "state": "Mizoram", "state_code": null, "district": "SAIHA", "district_code": 288.0, "sub_district": null, "sub_district_code": null, "sub_district_type": null, "village": "Lobo", "village_category": "Rural", "village_code": "6586189768" }, "geometry": { "type": "Point", "coordinates": [ 93.1022563, 22.4714752 ] } },
{ "type": "Feature", "properties": { "id": 225, "state": "Mizoram", "state_code": null, "district": "SAIHA", "district_code": 288.0, "sub_district": null, "sub_district_code": null, "sub_district_type": null, "village": "No-aotlah III", "village_category": "Rural", "village_code": "6586194632" }, "geometry": { "type": "Point", "coordinates": [ 93.0511427, 22.4619442 ] } },
{ "type": "Feature", "properties": { "id": 226, "state": "Mizoram", "state_code": null, "district": "SAIHA", "district_code": 288.0, "sub_district": null, "sub_district_code": null, "sub_district_type": null, "village": "Tisopi", "village_category": "Rural", "village_code": "6586196583" }, "geometry": { "type": "Point", "coordinates": [ 92.9988196, 22.5551622 ] } },
{ "type": "Feature", "properties": { "id": 227, "state": "Mizoram", "state_code": null, "district": "SAIHA", "district_code": 288.0, "sub_district": null, "sub_district_code": null, "sub_district_type": null, "village": "Chhaolo", "village_category": "Rural", "village_code": "6586199424" }, "geometry": { "type": "Point", "coordinates": [ 93.1000236, 22.440204 ] } },
{ "type": "Feature", "properties": { "id": 228, "state": "Mizoram", "state_code": null, "district": "SAIHA", "district_code": 288.0, "sub_district": null, "sub_district_code": null, "sub_district_type": null, "village": "Thiahra", "village_category": "Rural", "village_code": "6586201638" }, "geometry": { "type": "Point", "coordinates": [ 92.9715453, 22.597105 ] } },
{ "type": "Feature", "properties": { "id": 229, "state": "Mizoram", "state_code": null, "district": "SAIHA", "district_code": 288.0, "sub_district": null, "sub_district_code": null, "sub_district_type": null, "village": "No-aotlah", "village_category": "Rural", "village_code": "6586201854" }, "geometry": { "type": "Point", "coordinates": [ 93.0790449, 22.4818623 ] } },
{ "type": "Feature", "properties": { "id": 230, "state": "Mizoram", "state_code": null, "district": "SAIHA", "district_code": 288.0, "sub_district": null, "sub_district_code": null, "sub_district_type": null, "village": "Siasi", "village_category": "Rural", "village_code": "6586208174" }, "geometry": { "type": "Point", "coordinates": [ 93.189889, 22.2787376 ] } },
{ "type": "Feature", "properties": { "id": 231, "state": "Mizoram", "state_code": null, "district": "SAIHA", "district_code": 288.0, "sub_district": null, "sub_district_code": null, "sub_district_type": null, "village": "Theiva", "village_category": "Rural", "village_code": "6586241386" }, "geometry": { "type": "Point", "coordinates": [ 93.014078, 22.3989135 ] } },
{ "type": "Feature", "properties": { "id": 232, "state": "Mizoram", "state_code": null, "district": "LAWNGTLAI", "district_code": 287.0, "sub_district": null, "sub_district_code": null, "sub_district_type": null, "village": "Hruitezawl", "village_category": "Rural", "village_code": "6588373707" }, "geometry": { "type": "Point", "coordinates": [ 92.831027, 22.2446419 ] } },
{ "type": "Feature", "properties": { "id": 233, "state": "Mizoram", "state_code": null, "district": "LAWNGTLAI", "district_code": 287.0, "sub_district": null, "sub_district_code": null, "sub_district_type": null, "village": "Rulkual", "village_category": "Rural", "village_code": "6588409248" }, "geometry": { "type": "Point", "coordinates": [ 92.8772413, 22.3943426 ] } },
{ "type": "Feature", "properties": { "id": 234, "state": "Mizoram", "state_code": null, "district": "LAWNGTLAI", "district_code": 287.0, "sub_district": null, "sub_district_code": null, "sub_district_type": null, "village": "Sabualtlang", "village_category": "Rural", "village_code": "6588411341" }, "geometry": { "type": "Point", "coordinates": [ 92.8085705, 22.1182249 ] } },
{ "type": "Feature", "properties": { "id": 235, "state": "Mizoram", "state_code": null, "district": "LAWNGTLAI", "district_code": 287.0, "sub_district": null, "sub_district_code": null, "sub_district_type": null, "village": "Vanhne R", "village_category": "Rural", "village_code": "6588417781" }, "geometry": { "type": "Point", "coordinates": [ 92.89922, 22.4063783 ] } },
{ "type": "Feature", "properties": { "id": 236, "state": "Mizoram", "state_code": null, "district": "LAWNGTLAI", "district_code": 287.0, "sub_district": null, "sub_district_code": null, "sub_district_type": null, "village": "Saizaw East", "village_category": "Rural", "village_code": "6588443125" }, "geometry": { "type": "Point", "coordinates": [ 92.8325019, 22.3654482 ] } },
{ "type": "Feature", "properties": { "id": 237, "state": "Mizoram", "state_code": null, "district": "SAIHA", "district_code": 288.0, "sub_district": null, "sub_district_code": null, "sub_district_type": null, "village": "Lodaw", "village_category": "Rural", "village_code": "6590383612" }, "geometry": { "type": "Point", "coordinates": [ 92.838029, 22.2755504 ] } },
{ "type": "Feature", "properties": { "id": 238, "state": "Mizoram", "state_code": null, "district": "LAWNGTLAI", "district_code": 287.0, "sub_district": null, "sub_district_code": null, "sub_district_type": null, "village": "Tuidang", "village_category": "Rural", "village_code": "6590409226" }, "geometry": { "type": "Point", "coordinates": [ 92.8284614, 22.2543749 ] } },
{ "type": "Feature", "properties": { "id": 239, "state": "Mizoram", "state_code": null, "district": "LAWNGTLAI", "district_code": 287.0, "sub_district": null, "sub_district_code": null, "sub_district_type": null, "village": "Kaki", "village_category": "Rural", "village_code": "6595802081" }, "geometry": { "type": "Point", "coordinates": [ 92.8422541, 22.1337887 ] } },
{ "type": "Feature", "properties": { "id": 240, "state": "Mizoram", "state_code": null, "district": "MAMIT", "district_code": 281.0, "sub_district": null, "sub_district_code": null, "sub_district_type": null, "village": "Reiek", "village_category": "Rural", "village_code": "6824936286" }, "geometry": { "type": "Point", "coordinates": [ 92.6069355, 23.6992949 ] } },
{ "type": "Feature", "properties": { "id": 241, "state": "Mizoram", "state_code": null, "district": "MAMIT", "district_code": 281.0, "sub_district": null, "sub_district_code": null, "sub_district_type": null, "village": "Zawlnuam", "village_category": "Rural", "village_code": "6824937385" }, "geometry": { "type": "Point", "coordinates": [ 92.3324489, 24.1328901 ] } },
{ "type": "Feature", "properties": { "id": 242, "state": "Mizoram", "state_code": null, "district": "CHAMPHAI", "district_code": 284.0, "sub_district": null, "sub_district_code": null, "sub_district_type": null, "village": "Khawbung", "village_category": "Urban", "village_code": "6826316787" }, "geometry": { "type": "Point", "coordinates": [ 93.2201314, 23.1717094 ] } },
{ "type": "Feature", "properties": { "id": 243, "state": "Mizoram", "state_code": null, "district": "HNAHTHIAL", "district_code": 713.0, "sub_district": null, "sub_district_code": null, "sub_district_type": null, "village": "Hnahthial", "village_category": "Urban", "village_code": "6827118489" }, "geometry": { "type": "Point", "coordinates": [ 92.9285377, 22.9665679 ] } },
{ "type": "Feature", "properties": { "id": 244, "state": "Mizoram", "state_code": null, "district": "SAIHA", "district_code": 288.0, "sub_district": null, "sub_district_code": null, "sub_district_type": null, "village": "Supha", "village_category": "Rural", "village_code": "7047092741" }, "geometry": { "type": "Point", "coordinates": [ 92.9229114, 22.1206073 ] } },
{ "type": "Feature", "properties": { "id": 245, "state": "Mizoram", "state_code": null, "district": "LUNGLEI", "district_code": 286.0, "sub_district": null, "sub_district_code": null, "sub_district_type": null, "village": "West Bunghmun", "village_category": "Rural", "village_code": "7162161882" }, "geometry": { "type": "Point", "coordinates": [ 92.4888753, 23.1820655 ] } },
{ "type": "Feature", "properties": { "id": 246, "state": "Mizoram", "state_code": null, "district": "LUNGLEI", "district_code": 286.0, "sub_district": null, "sub_district_code": null, "sub_district_type": null, "village": "Lungsen", "village_category": "Rural", "village_code": "7162161883" }, "geometry": { "type": "Point", "coordinates": [ 92.5869584, 22.8787651 ] } },
{ "type": "Feature", "properties": { "id": 247, "state": "Mizoram", "state_code": null, "district": "KOLASIB", "district_code": 282.0, "sub_district": null, "sub_district_code": null, "sub_district_type": null, "village": "Bilkhawthlir", "village_category": "Rural", "village_code": "7162182740" }, "geometry": { "type": "Point", "coordinates": [ 92.7192449, 24.3367546 ] } },
{ "type": "Feature", "properties": { "id": 248, "state": "Mizoram", "state_code": null, "district": "KOLASIB", "district_code": 282.0, "sub_district": null, "sub_district_code": null, "sub_district_type": null, "village": "'N' Thingdawl", "village_category": "Rural", "village_code": "7162182741" }, "geometry": { "type": "Point", "coordinates": [ 92.695502, 24.1709132 ] } },
{ "type": "Feature", "properties": { "id": 249, "state": "Mizoram", "state_code": null, "district": "AIZAWL", "district_code": 283.0, "sub_district": null, "sub_district_code": null, "sub_district_type": null, "village": "Thingsulthliah", "village_category": "Rural", "village_code": "7162182743" }, "geometry": { "type": "Point", "coordinates": [ 92.8603506, 23.6905709 ] } },
{ "type": "Feature", "properties": { "id": 250, "state": "Mizoram", "state_code": null, "district": "MAMIT", "district_code": 281.0, "sub_district": null, "sub_district_code": null, "sub_district_type": null, "village": "Hmunpui", "village_category": "Rural", "village_code": "7379321416" }, "geometry": { "type": "Point", "coordinates": [ 92.5813258, 23.8613596 ] } },
{ "type": "Feature", "properties": { "id": 251, "state": "Mizoram", "state_code": null, "district": "LAWNGTLAI", "district_code": 287.0, "sub_district": null, "sub_district_code": null, "sub_district_type": null, "village": "Unnamed Hamlet", "village_category": "Rural", "village_code": "7654257668" }, "geometry": { "type": "Point", "coordinates": [ 92.6611429, 22.1810766 ] } },
{ "type": "Feature", "properties": { "id": 252, "state": "Mizoram", "state_code": null, "district": "AIZAWL", "district_code": 283.0, "sub_district": null, "sub_district_code": null, "sub_district_type": null, "village": "Muallungthu", "village_category": "Rural", "village_code": "8512871396" }, "geometry": { "type": "Point", "coordinates": [ 92.7186227, 23.613375 ] } },
{ "type": "Feature", "properties": { "id": 253, "state": "Mizoram", "state_code": null, "district": "KOLASIB", "district_code": 282.0, "sub_district": null, "sub_district_code": null, "sub_district_type": null, "village": "Mualvum", "village_category": "Rural", "village_code": "9846000394" }, "geometry": { "type": "Point", "coordinates": [ 92.665221, 24.021851 ] } },
{ "type": "Feature", "properties": { "id": 254, "state": "Mizoram", "state_code": null, "district": "CHAMPHAI", "district_code": 284.0, "sub_district": null, "sub_district_code": null, "sub_district_type": null, "village": "Tiangsam", "village_category": "Rural", "village_code": "9917457945" }, "geometry": { "type": "Point", "coordinates": [ 93.3600996, 23.4613569 ] } },
{ "type": "Feature", "properties": { "id": 255, "state": "Mizoram", "state_code": null, "district": "CHAMPHAI", "district_code": 284.0, "sub_district": null, "sub_district_code": null, "sub_district_type": null, "village": "Zotlang", "village_category": "Rural", "village_code": "9917468632" }, "geometry": { "type": "Point", "coordinates": [ 93.3388137, 23.4457269 ] } },
{ "type": "Feature", "properties": { "id": 256, "state": "Mizoram", "state_code": null, "district": "CHAMPHAI", "district_code": 284.0, "sub_district": null, "sub_district_code": null, "sub_district_type": null, "village": "Mualkawi", "village_category": "Rural", "village_code": "9917468717" }, "geometry": { "type": "Point", "coordinates": [ 93.333106, 23.4209201 ] } },
{ "type": "Feature", "properties": { "id": 257, "state": "Mizoram", "state_code": null, "district": "LUNGLEI", "district_code": 286.0, "sub_district": null, "sub_district_code": null, "sub_district_type": null, "village": "Bulungsury", "village_category": "Rural", "village_code": "9917744605" }, "geometry": { "type": "Point", "coordinates": [ 92.4801421, 22.8641644 ] } },
{ "type": "Feature", "properties": { "id": 258, "state": "Mizoram", "state_code": null, "district": "KOLASIB", "district_code": 282.0, "sub_district": null, "sub_district_code": null, "sub_district_type": null, "village": "Hortoki", "village_category": "Rural", "village_code": "9917764822" }, "geometry": { "type": "Point", "coordinates": [ 92.5957775, 24.0626097 ] } },
{ "type": "Feature", "properties": { "id": 259, "state": "Mizoram", "state_code": null, "district": "LAWNGTLAI", "district_code": 287.0, "sub_district": null, "sub_district_code": null, "sub_district_type": null, "village": "Tungasora", "village_category": "Rural", "village_code": "9917804358" }, "geometry": { "type": "Point", "coordinates": [ 92.5375789, 22.6586952 ] } },
{ "type": "Feature", "properties": { "id": 260, "state": "Mizoram", "state_code": null, "district": "LAWNGTLAI", "district_code": 287.0, "sub_district": null, "sub_district_code": null, "sub_district_type": null, "village": "Kamalanagar", "village_category": "Urban", "village_code": "9917849179" }, "geometry": { "type": "Point", "coordinates": [ 92.6418685, 22.618943 ] } },
{ "type": "Feature", "properties": { "id": 261, "state": "Mizoram", "state_code": null, "district": "LAWNGTLAI", "district_code": 287.0, "sub_district": null, "sub_district_code": null, "sub_district_type": null, "village": "Borapansury", "village_category": "Rural", "village_code": "9917849180" }, "geometry": { "type": "Point", "coordinates": [ 92.5234437, 22.7081653 ] } },
{ "type": "Feature", "properties": { "id": 262, "state": "Mizoram", "state_code": null, "district": "LAWNGTLAI", "district_code": 287.0, "sub_district": null, "sub_district_code": null, "sub_district_type": null, "village": "Lungzarhtum", "village_category": "Rural", "village_code": "10095674124" }, "geometry": { "type": "Point", "coordinates": [ 93.0325731, 22.5241903 ] } },
{ "type": "Feature", "properties": { "id": 263, "state": "Mizoram", "state_code": null, "district": "SAIHA", "district_code": 288.0, "sub_district": null, "sub_district_code": null, "sub_district_type": null, "village": "Saihatlangkawn", "village_category": "Rural", "village_code": "10095757591" }, "geometry": { "type": "Point", "coordinates": [ 92.996371, 22.4962327 ] } },
{ "type": "Feature", "properties": { "id": 264, "state": "Mizoram", "state_code": null, "district": "SAITUAL", "district_code": 682.0, "sub_district": null, "sub_district_code": null, "sub_district_type": null, "village": "Unnamed Village", "village_category": "Rural", "village_code": "12012194674" }, "geometry": { "type": "Point", "coordinates": [ 93.2127875, 23.8878169 ] } },
{ "type": "Feature", "properties": { "id": 265, "state": "Mizoram", "state_code": null, "district": "AIZAWL", "district_code": 283.0, "sub_district": null, "sub_district_code": null, "sub_district_type": null, "village": "Saiphai", "village_category": "Rural", "village_code": "12218662745" }, "geometry": { "type": "Point", "coordinates": [ 92.7970505, 24.4129998 ] } },
{ "type": "Feature", "properties": { "id": 266, "state": "Mizoram", "state_code": null, "district": "AIZAWL", "district_code": 283.0, "sub_district": null, "sub_district_code": null, "sub_district_type": null, "village": "Tuirial", "village_category": "Rural", "village_code": "12249036271" }, "geometry": { "type": "Point", "coordinates": [ 92.7987188, 23.7217409 ] } },
{ "type": "Feature", "properties": { "id": 267, "state": "Mizoram", "state_code": null, "district": "AIZAWL", "district_code": 283.0, "sub_district": null, "sub_district_code": null, "sub_district_type": null, "village": "Tuirial", "village_category": "Rural", "village_code": "12249036272" }, "geometry": { "type": "Point", "coordinates": [ 92.8002772, 23.7354056 ] } },
{ "type": "Feature", "properties": { "id": 268, "state": "Mizoram", "state_code": null, "district": "AIZAWL", "district_code": 283.0, "sub_district": null, "sub_district_code": null, "sub_district_type": null, "village": "Tuirini", "village_category": "Rural", "village_code": "12249036273" }, "geometry": { "type": "Point", "coordinates": [ 92.8299773, 23.8482209 ] } },
{ "type": "Feature", "properties": { "id": 269, "state": "Mizoram", "state_code": null, "district": "AIZAWL", "district_code": 283.0, "sub_district": null, "sub_district_code": null, "sub_district_type": null, "village": "Saipum", "village_category": "Rural", "village_code": "12249233747" }, "geometry": { "type": "Point", "coordinates": [ 92.8811485, 24.3556492 ] } },
{ "type": "Feature", "properties": { "id": 270, "state": "Mizoram", "state_code": null, "district": "AIZAWL", "district_code": 283.0, "sub_district": null, "sub_district_code": null, "sub_district_type": null, "village": "Saipum", "village_category": "Rural", "village_code": "12249233748" }, "geometry": { "type": "Point", "coordinates": [ 92.8492302, 24.3531959 ] } },
{ "type": "Feature", "properties": { "id": 271, "state": "Mizoram", "state_code": null, "district": "SAITUAL", "district_code": 682.0, "sub_district": null, "sub_district_code": null, "sub_district_type": null, "village": "Unnamed Village", "village_category": "Rural", "village_code": "12250677878" }, "geometry": { "type": "Point", "coordinates": [ 93.2009053, 23.8016213 ] } },
{ "type": "Feature", "properties": { "id": 272, "state": "Mizoram", "state_code": null, "district": "SAITUAL", "district_code": 682.0, "sub_district": null, "sub_district_code": null, "sub_district_type": null, "village": "Unnamed Hamlet", "village_category": "Rural", "village_code": "12254763203" }, "geometry": { "type": "Point", "coordinates": [ 93.1994945, 23.8635476 ] } },
{ "type": "Feature", "properties": { "id": 273, "state": "Mizoram", "state_code": null, "district": "AIZAWL", "district_code": 283.0, "sub_district": null, "sub_district_code": null, "sub_district_type": null, "village": "Mauchar", "village_category": "Rural", "village_code": "12256431687" }, "geometry": { "type": "Point", "coordinates": [ 92.9207647, 24.353797 ] } },
{ "type": "Feature", "properties": { "id": 274, "state": "Mizoram", "state_code": null, "district": "AIZAWL", "district_code": 283.0, "sub_district": null, "sub_district_code": null, "sub_district_type": null, "village": "Sakawrdai", "village_category": "Rural", "village_code": "12256449181" }, "geometry": { "type": "Point", "coordinates": [ 92.9539275, 24.2276918 ] } },
{ "type": "Feature", "properties": { "id": 275, "state": "Mizoram", "state_code": null, "district": "AIZAWL", "district_code": 283.0, "sub_district": null, "sub_district_code": null, "sub_district_type": null, "village": "Thingsat", "village_category": "Rural", "village_code": "12256461760" }, "geometry": { "type": "Point", "coordinates": [ 92.9403073, 24.1977815 ] } },
{ "type": "Feature", "properties": { "id": 276, "state": "Mizoram", "state_code": null, "district": "AIZAWL", "district_code": 283.0, "sub_district": null, "sub_district_code": null, "sub_district_type": null, "village": "Darlawn", "village_category": "Rural", "village_code": "12256464970" }, "geometry": { "type": "Point", "coordinates": [ 92.9470222, 24.2845258 ] } },
{ "type": "Feature", "properties": { "id": 277, "state": "Mizoram", "state_code": null, "district": "AIZAWL", "district_code": 283.0, "sub_district": null, "sub_district_code": null, "sub_district_type": null, "village": "Palsang", "village_category": "Rural", "village_code": "12256464976" }, "geometry": { "type": "Point", "coordinates": [ 92.9142174, 24.2849512 ] } },
{ "type": "Feature", "properties": { "id": 278, "state": "Mizoram", "state_code": null, "district": "SAITUAL", "district_code": 682.0, "sub_district": null, "sub_district_code": null, "sub_district_type": null, "village": "Unnamed Village", "village_category": "Rural", "village_code": "12260818835" }, "geometry": { "type": "Point", "coordinates": [ 93.1765079, 23.9065547 ] } },
{ "type": "Feature", "properties": { "id": 279, "state": "Mizoram", "state_code": null, "district": "KOLASIB", "district_code": 282.0, "sub_district": null, "sub_district_code": null, "sub_district_type": null, "village": "Buchhang", "village_category": "Rural", "village_code": "12269716838" }, "geometry": { "type": "Point", "coordinates": [ 92.6576829, 24.3356402 ] } },
{ "type": "Feature", "properties": { "id": 280, "state": "Mizoram", "state_code": null, "district": "KOLASIB", "district_code": 282.0, "sub_district": null, "sub_district_code": null, "sub_district_type": null, "village": "Vāirengti", "village_category": "Rural", "village_code": "12269716844" }, "geometry": { "type": "Point", "coordinates": [ 92.7609694, 24.4983667 ] } },
{ "type": "Feature", "properties": { "id": 281, "state": "Mizoram", "state_code": null, "district": "KOLASIB", "district_code": 282.0, "sub_district": null, "sub_district_code": null, "sub_district_type": null, "village": "Phāisen", "village_category": "Rural", "village_code": "12269716846" }, "geometry": { "type": "Point", "coordinates": [ 92.7453804, 24.4614476 ] } },
{ "type": "Feature", "properties": { "id": 282, "state": "Mizoram", "state_code": null, "district": "SAITUAL", "district_code": 682.0, "sub_district": null, "sub_district_code": null, "sub_district_type": null, "village": "Unnamed Hamlet", "village_category": "Rural", "village_code": "12270698048" }, "geometry": { "type": "Point", "coordinates": [ 93.1968713, 23.9387418 ] } },
{ "type": "Feature", "properties": { "id": 283, "state": "Mizoram", "state_code": null, "district": "KOLASIB", "district_code": 282.0, "sub_district": null, "sub_district_code": null, "sub_district_type": null, "village": "Rasdhali", "village_category": "Rural", "village_code": "12272115214" }, "geometry": { "type": "Point", "coordinates": [ 92.5695991, 24.1472431 ] } },
{ "type": "Feature", "properties": { "id": 284, "state": "Mizoram", "state_code": null, "district": "KOLASIB", "district_code": 282.0, "sub_district": null, "sub_district_code": null, "sub_district_type": null, "village": "Meidum", "village_category": "Rural", "village_code": "12272115216" }, "geometry": { "type": "Point", "coordinates": [ 92.5717905, 24.1755356 ] } },
{ "type": "Feature", "properties": { "id": 285, "state": "Mizoram", "state_code": null, "district": "SAITUAL", "district_code": 682.0, "sub_district": null, "sub_district_code": null, "sub_district_type": null, "village": "Unnamed Hamlet", "village_category": "Rural", "village_code": "12273098541" }, "geometry": { "type": "Point", "coordinates": [ 93.1795281, 24.0050766 ] } },
{ "type": "Feature", "properties": { "id": 286, "state": "Mizoram", "state_code": null, "district": "SAITUAL", "district_code": 682.0, "sub_district": null, "sub_district_code": null, "sub_district_type": null, "village": "Unnamed Hamlet", "village_category": "Rural", "village_code": "12273099839" }, "geometry": { "type": "Point", "coordinates": [ 93.1978476, 23.9705287 ] } },
{ "type": "Feature", "properties": { "id": 287, "state": "Mizoram", "state_code": null, "district": "SAITUAL", "district_code": 682.0, "sub_district": null, "sub_district_code": null, "sub_district_type": null, "village": "Unnamed Hamlet", "village_category": "Rural", "village_code": "12273149655" }, "geometry": { "type": "Point", "coordinates": [ 93.1576466, 23.997564 ] } },
{ "type": "Feature", "properties": { "id": 288, "state": "Mizoram", "state_code": null, "district": "SAITUAL", "district_code": 682.0, "sub_district": null, "sub_district_code": null, "sub_district_type": null, "village": "Unnamed Village", "village_category": "Rural", "village_code": "12273250363" }, "geometry": { "type": "Point", "coordinates": [ 93.2318043, 24.0477769 ] } },
{ "type": "Feature", "properties": { "id": 289, "state": "Mizoram", "state_code": null, "district": "SAITUAL", "district_code": 682.0, "sub_district": null, "sub_district_code": null, "sub_district_type": null, "village": "Unnamed Hamlet", "village_category": "Rural", "village_code": "12285140200" }, "geometry": { "type": "Point", "coordinates": [ 93.2275343, 24.0318352 ] } },
{ "type": "Feature", "properties": { "id": 290, "state": "Mizoram", "state_code": null, "district": "SAITUAL", "district_code": 682.0, "sub_district": null, "sub_district_code": null, "sub_district_type": null, "village": "Unnamed Village", "village_category": "Rural", "village_code": "12287883922" }, "geometry": { "type": "Point", "coordinates": [ 93.2131791, 23.9746265 ] } },
{ "type": "Feature", "properties": { "id": 291, "state": "Mizoram", "state_code": null, "district": "SAITUAL", "district_code": 682.0, "sub_district": null, "sub_district_code": null, "sub_district_type": null, "village": "Unnamed Hamlet", "village_category": "Rural", "village_code": "12287884518" }, "geometry": { "type": "Point", "coordinates": [ 93.240602, 23.9894677 ] } },
{ "type": "Feature", "properties": { "id": 292, "state": "Mizoram", "state_code": null, "district": "SAITUAL", "district_code": 682.0, "sub_district": null, "sub_district_code": null, "sub_district_type": null, "village": "Unnamed Hamlet", "village_category": "Rural", "village_code": "12287909156" }, "geometry": { "type": "Point", "coordinates": [ 93.2557511, 23.9831256 ] } },
{ "type": "Feature", "properties": { "id": 293, "state": "Mizoram", "state_code": null, "district": "MAMIT", "district_code": 281.0, "sub_district": null, "sub_district_code": null, "sub_district_type": null, "village": "Kanhmun", "village_category": "Rural", "village_code": "12302763123" }, "geometry": { "type": "Point", "coordinates": [ 92.2968936, 24.2388156 ] } },
{ "type": "Feature", "properties": { "id": 294, "state": "Mizoram", "state_code": null, "district": "SAITUAL", "district_code": 682.0, "sub_district": null, "sub_district_code": null, "sub_district_type": null, "village": "Unnamed Village", "village_category": "Rural", "village_code": "12311893148" }, "geometry": { "type": "Point", "coordinates": [ 93.2921983, 23.9713214 ] } },
{ "type": "Feature", "properties": { "id": 295, "state": "Mizoram", "state_code": null, "district": "SAITUAL", "district_code": 682.0, "sub_district": null, "sub_district_code": null, "sub_district_type": null, "village": "Unnamed Hamlet", "village_category": "Rural", "village_code": "12311893149" }, "geometry": { "type": "Point", "coordinates": [ 93.279492, 23.9903767 ] } },
{ "type": "Feature", "properties": { "id": 296, "state": "Mizoram", "state_code": null, "district": "SAITUAL", "district_code": 682.0, "sub_district": null, "sub_district_code": null, "sub_district_type": null, "village": "Unnamed Hamlet", "village_category": "Rural", "village_code": "12312218434" }, "geometry": { "type": "Point", "coordinates": [ 93.3233785, 23.8707919 ] } },
{ "type": "Feature", "properties": { "id": 297, "state": "Mizoram", "state_code": null, "district": "SAITUAL", "district_code": 682.0, "sub_district": null, "sub_district_code": null, "sub_district_type": null, "village": "Unnamed Hamlet", "village_category": "Rural", "village_code": "12312218444" }, "geometry": { "type": "Point", "coordinates": [ 93.3289863, 23.8714062 ] } },
{ "type": "Feature", "properties": { "id": 298, "state": "Mizoram", "state_code": null, "district": "CHAMPHAI", "district_code": 284.0, "sub_district": null, "sub_district_code": null, "sub_district_type": null, "village": "Unnamed Village", "village_category": "Rural", "village_code": "12315047021" }, "geometry": { "type": "Point", "coordinates": [ 93.2669687, 23.7049155 ] } },
{ "type": "Feature", "properties": { "id": 299, "state": "Mizoram", "state_code": null, "district": "CHAMPHAI", "district_code": 284.0, "sub_district": null, "sub_district_code": null, "sub_district_type": null, "village": "Unnamed Hamlet", "village_category": "Rural", "village_code": "12315701239" }, "geometry": { "type": "Point", "coordinates": [ 93.338616, 23.7510346 ] } },
{ "type": "Feature", "properties": { "id": 300, "state": "Mizoram", "state_code": null, "district": "CHAMPHAI", "district_code": 284.0, "sub_district": null, "sub_district_code": null, "sub_district_type": null, "village": "Unnamed Hamlet", "village_category": "Rural", "village_code": "12317966377" }, "geometry": { "type": "Point", "coordinates": [ 93.3863116, 23.6778399 ] } },
{ "type": "Feature", "properties": { "id": 301, "state": "Mizoram", "state_code": null, "district": "CHAMPHAI", "district_code": 284.0, "sub_district": null, "sub_district_code": null, "sub_district_type": null, "village": "Unnamed Hamlet", "village_category": "Rural", "village_code": "12320063032" }, "geometry": { "type": "Point", "coordinates": [ 93.3639487, 23.6720666 ] } },
{ "type": "Feature", "properties": { "id": 302, "state": "Mizoram", "state_code": null, "district": "CHAMPHAI", "district_code": 284.0, "sub_district": null, "sub_district_code": null, "sub_district_type": null, "village": "Unnamed Hamlet", "village_category": "Rural", "village_code": "12320071661" }, "geometry": { "type": "Point", "coordinates": [ 93.2707201, 23.1491072 ] } },
{ "type": "Feature", "properties": { "id": 303, "state": "Mizoram", "state_code": null, "district": "CHAMPHAI", "district_code": 284.0, "sub_district": null, "sub_district_code": null, "sub_district_type": null, "village": "Unnamed Hamlet", "village_category": "Rural", "village_code": "12320071666" }, "geometry": { "type": "Point", "coordinates": [ 93.2686491, 23.1601623 ] } },
{ "type": "Feature", "properties": { "id": 304, "state": "Mizoram", "state_code": null, "district": "SAITUAL", "district_code": 682.0, "sub_district": null, "sub_district_code": null, "sub_district_type": null, "village": "Unnamed Hamlet", "village_category": "Rural", "village_code": "12320458626" }, "geometry": { "type": "Point", "coordinates": [ 93.3000377, 23.9506948 ] } },
{ "type": "Feature", "properties": { "id": 305, "state": "Mizoram", "state_code": null, "district": "SAITUAL", "district_code": 682.0, "sub_district": null, "sub_district_code": null, "sub_district_type": null, "village": "Unnamed Village", "village_category": "Rural", "village_code": "12320458627" }, "geometry": { "type": "Point", "coordinates": [ 93.3029931, 23.9514859 ] } },
{ "type": "Feature", "properties": { "id": 306, "state": "Mizoram", "state_code": null, "district": "SAITUAL", "district_code": 682.0, "sub_district": null, "sub_district_code": null, "sub_district_type": null, "village": "Unnamed Hamlet", "village_category": "Rural", "village_code": "12320489938" }, "geometry": { "type": "Point", "coordinates": [ 93.3156192, 23.8385355 ] } },
{ "type": "Feature", "properties": { "id": 307, "state": "Mizoram", "state_code": null, "district": "CHAMPHAI", "district_code": 284.0, "sub_district": null, "sub_district_code": null, "sub_district_type": null, "village": "Unnamed Village", "village_category": "Rural", "village_code": "12320560885" }, "geometry": { "type": "Point", "coordinates": [ 93.3797579, 23.7770964 ] } },
{ "type": "Feature", "properties": { "id": 308, "state": "Mizoram", "state_code": null, "district": "CHAMPHAI", "district_code": 284.0, "sub_district": null, "sub_district_code": null, "sub_district_type": null, "village": "Unnamed Village", "village_category": "Rural", "village_code": "12320561159" }, "geometry": { "type": "Point", "coordinates": [ 93.3819772, 23.8096979 ] } },
{ "type": "Feature", "properties": { "id": 309, "state": "Mizoram", "state_code": null, "district": "CHAMPHAI", "district_code": 284.0, "sub_district": null, "sub_district_code": null, "sub_district_type": null, "village": "Unnamed Hamlet", "village_category": "Rural", "village_code": "12320665282" }, "geometry": { "type": "Point", "coordinates": [ 93.3575711, 23.6833134 ] } },
{ "type": "Feature", "properties": { "id": 310, "state": "Mizoram", "state_code": null, "district": "CHAMPHAI", "district_code": 284.0, "sub_district": null, "sub_district_code": null, "sub_district_type": null, "village": "Unnamed Hamlet", "village_category": "Rural", "village_code": "12320725120" }, "geometry": { "type": "Point", "coordinates": [ 93.3587827, 23.6747741 ] } },
{ "type": "Feature", "properties": { "id": 311, "state": "Mizoram", "state_code": null, "district": "CHAMPHAI", "district_code": 284.0, "sub_district": null, "sub_district_code": null, "sub_district_type": null, "village": "Unnamed Village", "village_category": "Rural", "village_code": "12320725184" }, "geometry": { "type": "Point", "coordinates": [ 93.3817589, 23.6602263 ] } },
{ "type": "Feature", "properties": { "id": 312, "state": "Mizoram", "state_code": null, "district": "CHAMPHAI", "district_code": 284.0, "sub_district": null, "sub_district_code": null, "sub_district_type": null, "village": "Unnamed Hamlet", "village_category": "Rural", "village_code": "12320857336" }, "geometry": { "type": "Point", "coordinates": [ 93.3775522, 23.5870644 ] } },
{ "type": "Feature", "properties": { "id": 313, "state": "Mizoram", "state_code": null, "district": "CHAMPHAI", "district_code": 284.0, "sub_district": null, "sub_district_code": null, "sub_district_type": null, "village": "Unnamed Hamlet", "village_category": "Rural", "village_code": "12320857337" }, "geometry": { "type": "Point", "coordinates": [ 93.3794378, 23.5846021 ] } },
{ "type": "Feature", "properties": { "id": 314, "state": "Mizoram", "state_code": null, "district": "CHAMPHAI", "district_code": 284.0, "sub_district": null, "sub_district_code": null, "sub_district_type": null, "village": "Unnamed Hamlet", "village_category": "Rural", "village_code": "12320857338" }, "geometry": { "type": "Point", "coordinates": [ 93.3762212, 23.5844214 ] } },
{ "type": "Feature", "properties": { "id": 315, "state": "Mizoram", "state_code": null, "district": "CHAMPHAI", "district_code": 284.0, "sub_district": null, "sub_district_code": null, "sub_district_type": null, "village": "Unnamed Hamlet", "village_category": "Rural", "village_code": "12320857373" }, "geometry": { "type": "Point", "coordinates": [ 93.3720889, 23.5875358 ] } },
{ "type": "Feature", "properties": { "id": 316, "state": "Mizoram", "state_code": null, "district": "KHAWZAWL", "district_code": 703.0, "sub_district": null, "sub_district_code": null, "sub_district_type": null, "village": "Unnamed Village", "village_category": "Rural", "village_code": "12320944129" }, "geometry": { "type": "Point", "coordinates": [ 93.0812895, 23.6263986 ] } },
{ "type": "Feature", "properties": { "id": 317, "state": "Mizoram", "state_code": null, "district": "KHAWZAWL", "district_code": 703.0, "sub_district": null, "sub_district_code": null, "sub_district_type": null, "village": "Unnamed Village", "village_category": "Rural", "village_code": "12320944382" }, "geometry": { "type": "Point", "coordinates": [ 93.083269, 23.6128569 ] } },
{ "type": "Feature", "properties": { "id": 318, "state": "Mizoram", "state_code": null, "district": "KHAWZAWL", "district_code": 703.0, "sub_district": null, "sub_district_code": null, "sub_district_type": null, "village": "Unnamed Hamlet", "village_category": "Rural", "village_code": "12320958735" }, "geometry": { "type": "Point", "coordinates": [ 93.115522, 23.6104321 ] } },
{ "type": "Feature", "properties": { "id": 319, "state": "Mizoram", "state_code": null, "district": "CHAMPHAI", "district_code": 284.0, "sub_district": null, "sub_district_code": null, "sub_district_type": null, "village": "Unnamed Hamlet", "village_category": "Rural", "village_code": "12321035717" }, "geometry": { "type": "Point", "coordinates": [ 93.1791441, 23.690668 ] } },
{ "type": "Feature", "properties": { "id": 320, "state": "Mizoram", "state_code": null, "district": "CHAMPHAI", "district_code": 284.0, "sub_district": null, "sub_district_code": null, "sub_district_type": null, "village": "Unnamed Hamlet", "village_category": "Rural", "village_code": "12321035724" }, "geometry": { "type": "Point", "coordinates": [ 93.1830045, 23.6957586 ] } },
{ "type": "Feature", "properties": { "id": 321, "state": "Mizoram", "state_code": null, "district": "CHAMPHAI", "district_code": 284.0, "sub_district": null, "sub_district_code": null, "sub_district_type": null, "village": "Unnamed Hamlet", "village_category": "Rural", "village_code": "12321035971" }, "geometry": { "type": "Point", "coordinates": [ 93.2076125, 23.7155246 ] } },
{ "type": "Feature", "properties": { "id": 322, "state": "Mizoram", "state_code": null, "district": "CHAMPHAI", "district_code": 284.0, "sub_district": null, "sub_district_code": null, "sub_district_type": null, "village": "Unnamed Hamlet", "village_category": "Rural", "village_code": "12321035994" }, "geometry": { "type": "Point", "coordinates": [ 93.1983536, 23.6823149 ] } },
{ "type": "Feature", "properties": { "id": 323, "state": "Mizoram", "state_code": null, "district": "CHAMPHAI", "district_code": 284.0, "sub_district": null, "sub_district_code": null, "sub_district_type": null, "village": "Unnamed Village", "village_category": "Rural", "village_code": "12321045221" }, "geometry": { "type": "Point", "coordinates": [ 93.1813259, 23.6997872 ] } },
{ "type": "Feature", "properties": { "id": 324, "state": "Mizoram", "state_code": null, "district": "CHAMPHAI", "district_code": 284.0, "sub_district": null, "sub_district_code": null, "sub_district_type": null, "village": "Unnamed Hamlet", "village_category": "Rural", "village_code": "12323457741" }, "geometry": { "type": "Point", "coordinates": [ 93.3533835, 23.6064796 ] } },
{ "type": "Feature", "properties": { "id": 325, "state": "Mizoram", "state_code": null, "district": "CHAMPHAI", "district_code": 284.0, "sub_district": null, "sub_district_code": null, "sub_district_type": null, "village": "Unnamed Hamlet", "village_category": "Rural", "village_code": "12323457774" }, "geometry": { "type": "Point", "coordinates": [ 93.344957, 23.6287782 ] } },
{ "type": "Feature", "properties": { "id": 326, "state": "Mizoram", "state_code": null, "district": "KHAWZAWL", "district_code": 703.0, "sub_district": null, "sub_district_code": null, "sub_district_type": null, "village": "Unnamed Village", "village_category": "Rural", "village_code": "12323519600" }, "geometry": { "type": "Point", "coordinates": [ 93.1923289, 23.6331444 ] } },
{ "type": "Feature", "properties": { "id": 327, "state": "Mizoram", "state_code": null, "district": "KHAWZAWL", "district_code": 703.0, "sub_district": null, "sub_district_code": null, "sub_district_type": null, "village": "Unnamed Hamlet", "village_category": "Rural", "village_code": "12323544087" }, "geometry": { "type": "Point", "coordinates": [ 93.2035445, 23.5887852 ] } },
{ "type": "Feature", "properties": { "id": 328, "state": "Mizoram", "state_code": null, "district": "KHAWZAWL", "district_code": 703.0, "sub_district": null, "sub_district_code": null, "sub_district_type": null, "village": "Unnamed Hamlet", "village_category": "Rural", "village_code": "12323547093" }, "geometry": { "type": "Point", "coordinates": [ 93.1941342, 23.6003321 ] } },
{ "type": "Feature", "properties": { "id": 329, "state": "Mizoram", "state_code": null, "district": "KHAWZAWL", "district_code": 703.0, "sub_district": null, "sub_district_code": null, "sub_district_type": null, "village": "Unnamed Hamlet", "village_category": "Rural", "village_code": "12323567762" }, "geometry": { "type": "Point", "coordinates": [ 93.2323463, 23.6191064 ] } },
{ "type": "Feature", "properties": { "id": 330, "state": "Mizoram", "state_code": null, "district": "CHAMPHAI", "district_code": 284.0, "sub_district": null, "sub_district_code": null, "sub_district_type": null, "village": "Unnamed Village", "village_category": "Rural", "village_code": "12323594573" }, "geometry": { "type": "Point", "coordinates": [ 93.2597503, 23.6856435 ] } },
{ "type": "Feature", "properties": { "id": 331, "state": "Mizoram", "state_code": null, "district": "CHAMPHAI", "district_code": 284.0, "sub_district": null, "sub_district_code": null, "sub_district_type": null, "village": "Unnamed Hamlet", "village_category": "Rural", "village_code": "12323602554" }, "geometry": { "type": "Point", "coordinates": [ 93.2663272, 23.6782083 ] } },
{ "type": "Feature", "properties": { "id": 332, "state": "Mizoram", "state_code": null, "district": "KHAWZAWL", "district_code": 703.0, "sub_district": null, "sub_district_code": null, "sub_district_type": null, "village": "Unnamed Hamlet", "village_category": "Rural", "village_code": "12323641791" }, "geometry": { "type": "Point", "coordinates": [ 93.2049789, 23.5632434 ] } },
{ "type": "Feature", "properties": { "id": 333, "state": "Mizoram", "state_code": null, "district": "CHAMPHAI", "district_code": 284.0, "sub_district": null, "sub_district_code": null, "sub_district_type": null, "village": "Unnamed Hamlet", "village_category": "Rural", "village_code": "12323651662" }, "geometry": { "type": "Point", "coordinates": [ 93.2301896, 23.6784974 ] } },
{ "type": "Feature", "properties": { "id": 334, "state": "Mizoram", "state_code": null, "district": "KHAWZAWL", "district_code": 703.0, "sub_district": null, "sub_district_code": null, "sub_district_type": null, "village": "Unnamed Hamlet", "village_category": "Rural", "village_code": "12323683306" }, "geometry": { "type": "Point", "coordinates": [ 93.2082353, 23.5969209 ] } },
{ "type": "Feature", "properties": { "id": 335, "state": "Mizoram", "state_code": null, "district": "KHAWZAWL", "district_code": 703.0, "sub_district": null, "sub_district_code": null, "sub_district_type": null, "village": "Unnamed Hamlet", "village_category": "Rural", "village_code": "12323683355" }, "geometry": { "type": "Point", "coordinates": [ 93.2086813, 23.5805296 ] } },
{ "type": "Feature", "properties": { "id": 336, "state": "Mizoram", "state_code": null, "district": "CHAMPHAI", "district_code": 284.0, "sub_district": null, "sub_district_code": null, "sub_district_type": null, "village": "Unnamed Village", "village_category": "Rural", "village_code": "12323833143" }, "geometry": { "type": "Point", "coordinates": [ 93.2920406, 23.2552904 ] } },
{ "type": "Feature", "properties": { "id": 337, "state": "Mizoram", "state_code": null, "district": "KHAWZAWL", "district_code": 703.0, "sub_district": null, "sub_district_code": null, "sub_district_type": null, "village": "Unnamed Hamlet", "village_category": "Rural", "village_code": "12323841788" }, "geometry": { "type": "Point", "coordinates": [ 93.1570559, 23.2002948 ] } },
{ "type": "Feature", "properties": { "id": 338, "state": "Mizoram", "state_code": null, "district": "SAITUAL", "district_code": 682.0, "sub_district": null, "sub_district_code": null, "sub_district_type": null, "village": "Unnamed Hamlet", "village_category": "Rural", "village_code": "12328391991" }, "geometry": { "type": "Point", "coordinates": [ 93.3508408, 23.9520183 ] } },
{ "type": "Feature", "properties": { "id": 339, "state": "Mizoram", "state_code": null, "district": "SAITUAL", "district_code": 682.0, "sub_district": null, "sub_district_code": null, "sub_district_type": null, "village": "Unnamed Hamlet", "village_category": "Rural", "village_code": "12328421453" }, "geometry": { "type": "Point", "coordinates": [ 93.3580184, 23.9385408 ] } },
{ "type": "Feature", "properties": { "id": 340, "state": "Mizoram", "state_code": null, "district": "SAITUAL", "district_code": 682.0, "sub_district": null, "sub_district_code": null, "sub_district_type": null, "village": "Unnamed Hamlet", "village_category": "Rural", "village_code": "12339288953" }, "geometry": { "type": "Point", "coordinates": [ 93.316648, 23.8752818 ] } },
{ "type": "Feature", "properties": { "id": 341, "state": "Mizoram", "state_code": null, "district": "MAMIT", "district_code": 281.0, "sub_district": null, "sub_district_code": null, "sub_district_type": null, "village": "New Eden", "village_category": "Rural", "village_code": "12434513071" }, "geometry": { "type": "Point", "coordinates": [ 92.3212078, 23.9351944 ] } },
{ "type": "Feature", "properties": { "id": 342, "state": "Mizoram", "state_code": null, "district": "MAMIT", "district_code": 281.0, "sub_district": null, "sub_district_code": null, "sub_district_type": null, "village": "Zamuang", "village_category": "Rural", "village_code": "12434556852" }, "geometry": { "type": "Point", "coordinates": [ 92.3977178, 24.1002815 ] } },
{ "type": "Feature", "properties": { "id": 343, "state": "Mizoram", "state_code": null, "district": "MAMIT", "district_code": 281.0, "sub_district": null, "sub_district_code": null, "sub_district_type": null, "village": "Thinghlun", "village_category": "Rural", "village_code": "12434557204" }, "geometry": { "type": "Point", "coordinates": [ 92.3829871, 24.2477912 ] } },
{ "type": "Feature", "properties": { "id": 344, "state": "Mizoram", "state_code": null, "district": "MAMIT", "district_code": 281.0, "sub_district": null, "sub_district_code": null, "sub_district_type": null, "village": "Rengdil", "village_category": "Rural", "village_code": "12434558865" }, "geometry": { "type": "Point", "coordinates": [ 92.3877829, 24.0659404 ] } },
{ "type": "Feature", "properties": { "id": 345, "state": "Mizoram", "state_code": null, "district": "KHAWZAWL", "district_code": 703.0, "sub_district": null, "sub_district_code": null, "sub_district_type": null, "village": "Unnamed Village", "village_category": "Rural", "village_code": "12561176092" }, "geometry": { "type": "Point", "coordinates": [ 93.1361178, 23.5327087 ] } },
{ "type": "Feature", "properties": { "id": 346, "state": "Mizoram", "state_code": null, "district": "CHAMPHAI", "district_code": 284.0, "sub_district": null, "sub_district_code": null, "sub_district_type": null, "village": "Unnamed Village", "village_category": "Rural", "village_code": "12563394096" }, "geometry": { "type": "Point", "coordinates": [ 93.2957054, 23.419272 ] } },
{ "type": "Feature", "properties": { "id": 347, "state": "Mizoram", "state_code": null, "district": "CHAMPHAI", "district_code": 284.0, "sub_district": null, "sub_district_code": null, "sub_district_type": null, "village": "Unnamed Village", "village_category": "Rural", "village_code": "12563425101" }, "geometry": { "type": "Point", "coordinates": [ 93.2519585, 23.3498614 ] } },
{ "type": "Feature", "properties": { "id": 348, "state": "Mizoram", "state_code": null, "district": "CHAMPHAI", "district_code": 284.0, "sub_district": null, "sub_district_code": null, "sub_district_type": null, "village": "Unnamed Village", "village_category": "Rural", "village_code": "12563462038" }, "geometry": { "type": "Point", "coordinates": [ 93.3140563, 23.4752139 ] } },
{ "type": "Feature", "properties": { "id": 349, "state": "Mizoram", "state_code": null, "district": "SERCHHIP", "district_code": 285.0, "sub_district": null, "sub_district_code": null, "sub_district_type": null, "village": "Unnamed Village", "village_category": "Rural", "village_code": "12603670337" }, "geometry": { "type": "Point", "coordinates": [ 93.0847737, 23.0782512 ] } },
{ "type": "Feature", "properties": { "id": 350, "state": "Mizoram", "state_code": null, "district": "SERCHHIP", "district_code": 285.0, "sub_district": null, "sub_district_code": null, "sub_district_type": null, "village": "Unnamed Hamlet", "village_category": "Rural", "village_code": "12603680341" }, "geometry": { "type": "Point", "coordinates": [ 92.9849231, 23.1163449 ] } },
{ "type": "Feature", "properties": { "id": 351, "state": "Mizoram", "state_code": null, "district": "SERCHHIP", "district_code": 285.0, "sub_district": null, "sub_district_code": null, "sub_district_type": null, "village": "Unnamed Village", "village_category": "Rural", "village_code": "12603710626" }, "geometry": { "type": "Point", "coordinates": [ 93.0165839, 23.3543126 ] } },
{ "type": "Feature", "properties": { "id": 352, "state": "Mizoram", "state_code": null, "district": "SERCHHIP", "district_code": 285.0, "sub_district": null, "sub_district_code": null, "sub_district_type": null, "village": "Unnamed Village", "village_category": "Rural", "village_code": "12630331219" }, "geometry": { "type": "Point", "coordinates": [ 92.9276848, 23.2825224 ] } },
{ "type": "Feature", "properties": { "id": 353, "state": "Mizoram", "state_code": null, "district": "KHAWZAWL", "district_code": 703.0, "sub_district": null, "sub_district_code": null, "sub_district_type": null, "village": "Unnamed Village", "village_category": "Rural", "village_code": "12630719118" }, "geometry": { "type": "Point", "coordinates": [ 93.133201, 23.3804712 ] } },
{ "type": "Feature", "properties": { "id": 354, "state": "Mizoram", "state_code": null, "district": "KHAWZAWL", "district_code": 703.0, "sub_district": null, "sub_district_code": null, "sub_district_type": null, "village": "Unnamed Village", "village_category": "Rural", "village_code": "12630719273" }, "geometry": { "type": "Point", "coordinates": [ 93.1383482, 23.3798655 ] } },
{ "type": "Feature", "properties": { "id": 355, "state": "Mizoram", "state_code": null, "district": "KHAWZAWL", "district_code": 703.0, "sub_district": null, "sub_district_code": null, "sub_district_type": null, "village": "Unnamed Village", "village_category": "Rural", "village_code": "12630719720" }, "geometry": { "type": "Point", "coordinates": [ 93.1277507, 23.3806386 ] } },
{ "type": "Feature", "properties": { "id": 356, "state": "Mizoram", "state_code": null, "district": "KHAWZAWL", "district_code": 703.0, "sub_district": null, "sub_district_code": null, "sub_district_type": null, "village": "Unnamed Village", "village_category": "Rural", "village_code": "12630720171" }, "geometry": { "type": "Point", "coordinates": [ 93.1225097, 23.3764088 ] } },
{ "type": "Feature", "properties": { "id": 357, "state": "Mizoram", "state_code": null, "district": "KHAWZAWL", "district_code": 703.0, "sub_district": null, "sub_district_code": null, "sub_district_type": null, "village": "Unnamed Isolated_dwelling", "village_category": "Rural", "village_code": "12648161526" }, "geometry": { "type": "Point", "coordinates": [ 93.1315595, 23.5266709 ] } },
{ "type": "Feature", "properties": { "id": 358, "state": "Mizoram", "state_code": null, "district": "KHAWZAWL", "district_code": 703.0, "sub_district": null, "sub_district_code": null, "sub_district_type": null, "village": "Unnamed Isolated_dwelling", "village_category": "Rural", "village_code": "12648161529" }, "geometry": { "type": "Point", "coordinates": [ 93.1583628, 23.5301433 ] } },
{ "type": "Feature", "properties": { "id": 359, "state": "Mizoram", "state_code": null, "district": "KHAWZAWL", "district_code": 703.0, "sub_district": null, "sub_district_code": null, "sub_district_type": null, "village": "Unnamed Isolated_dwelling", "village_category": "Rural", "village_code": "12648161530" }, "geometry": { "type": "Point", "coordinates": [ 93.1625538, 23.5321881 ] } },
{ "type": "Feature", "properties": { "id": 360, "state": "Mizoram", "state_code": null, "district": "KHAWZAWL", "district_code": 703.0, "sub_district": null, "sub_district_code": null, "sub_district_type": null, "village": "Unnamed Isolated_dwelling", "village_category": "Rural", "village_code": "12648161531" }, "geometry": { "type": "Point", "coordinates": [ 93.1541739, 23.5319286 ] } },
{ "type": "Feature", "properties": { "id": 361, "state": "Mizoram", "state_code": null, "district": "KHAWZAWL", "district_code": 703.0, "sub_district": null, "sub_district_code": null, "sub_district_type": null, "village": "Unnamed Isolated_dwelling", "village_category": "Rural", "village_code": "12650716827" }, "geometry": { "type": "Point", "coordinates": [ 93.115308, 23.5251535 ] } },
{ "type": "Feature", "properties": { "id": 362, "state": "Mizoram", "state_code": null, "district": "KHAWZAWL", "district_code": 703.0, "sub_district": null, "sub_district_code": null, "sub_district_type": null, "village": "Unnamed Isolated_dwelling", "village_category": "Rural", "village_code": "12650716828" }, "geometry": { "type": "Point", "coordinates": [ 93.1142861, 23.5263708 ] } },
{ "type": "Feature", "properties": { "id": 363, "state": "Mizoram", "state_code": null, "district": "KHAWZAWL", "district_code": 703.0, "sub_district": null, "sub_district_code": null, "sub_district_type": null, "village": "Unnamed Isolated_dwelling", "village_category": "Rural", "village_code": "12650738423" }, "geometry": { "type": "Point", "coordinates": [ 93.098807, 23.5071442 ] } },
{ "type": "Feature", "properties": { "id": 364, "state": "Mizoram", "state_code": null, "district": "KHAWZAWL", "district_code": 703.0, "sub_district": null, "sub_district_code": null, "sub_district_type": null, "village": "Unnamed Isolated_dwelling", "village_category": "Rural", "village_code": "12650738424" }, "geometry": { "type": "Point", "coordinates": [ 93.0944887, 23.5041656 ] } },
{ "type": "Feature", "properties": { "id": 365, "state": "Mizoram", "state_code": null, "district": "KHAWZAWL", "district_code": 703.0, "sub_district": null, "sub_district_code": null, "sub_district_type": null, "village": "Unnamed Isolated_dwelling", "village_category": "Rural", "village_code": "12650738425" }, "geometry": { "type": "Point", "coordinates": [ 93.0884618, 23.493211 ] } },
{ "type": "Feature", "properties": { "id": 366, "state": "Mizoram", "state_code": null, "district": "KHAWZAWL", "district_code": 703.0, "sub_district": null, "sub_district_code": null, "sub_district_type": null, "village": "Unnamed Isolated_dwelling", "village_category": "Rural", "village_code": "12650738426" }, "geometry": { "type": "Point", "coordinates": [ 93.0849776, 23.4962581 ] } },
{ "type": "Feature", "properties": { "id": 367, "state": "Mizoram", "state_code": null, "district": "KHAWZAWL", "district_code": 703.0, "sub_district": null, "sub_district_code": null, "sub_district_type": null, "village": "Unnamed Isolated_dwelling", "village_category": "Rural", "village_code": "12650738427" }, "geometry": { "type": "Point", "coordinates": [ 93.114278, 23.5158485 ] } },
{ "type": "Feature", "properties": { "id": 368, "state": "Mizoram", "state_code": null, "district": "KHAWZAWL", "district_code": 703.0, "sub_district": null, "sub_district_code": null, "sub_district_type": null, "village": "Unnamed Isolated_dwelling", "village_category": "Rural", "village_code": "12650748297" }, "geometry": { "type": "Point", "coordinates": [ 93.1015483, 23.5053782 ] } },
{ "type": "Feature", "properties": { "id": 369, "state": "Mizoram", "state_code": null, "district": "SERCHHIP", "district_code": 285.0, "sub_district": null, "sub_district_code": null, "sub_district_type": null, "village": "Unnamed Hamlet", "village_category": "Rural", "village_code": "12652241046" }, "geometry": { "type": "Point", "coordinates": [ 93.0204019, 23.1956716 ] } },
{ "type": "Feature", "properties": { "id": 370, "state": "Mizoram", "state_code": null, "district": "KHAWZAWL", "district_code": 703.0, "sub_district": null, "sub_district_code": null, "sub_district_type": null, "village": "Unnamed Isolated_dwelling", "village_category": "Rural", "village_code": "12654713185" }, "geometry": { "type": "Point", "coordinates": [ 93.1008351, 23.4697088 ] } },
{ "type": "Feature", "properties": { "id": 371, "state": "Mizoram", "state_code": null, "district": "KHAWZAWL", "district_code": 703.0, "sub_district": null, "sub_district_code": null, "sub_district_type": null, "village": "Unnamed Isolated_dwelling", "village_category": "Rural", "village_code": "12654713186" }, "geometry": { "type": "Point", "coordinates": [ 93.1048159, 23.4690361 ] } },
{ "type": "Feature", "properties": { "id": 372, "state": "Mizoram", "state_code": null, "district": "KHAWZAWL", "district_code": 703.0, "sub_district": null, "sub_district_code": null, "sub_district_type": null, "village": "Unnamed Isolated_dwelling", "village_category": "Rural", "village_code": "12654713187" }, "geometry": { "type": "Point", "coordinates": [ 93.1065641, 23.4698769 ] } },
{ "type": "Feature", "properties": { "id": 373, "state": "Mizoram", "state_code": null, "district": "KHAWZAWL", "district_code": 703.0, "sub_district": null, "sub_district_code": null, "sub_district_type": null, "village": "Unnamed Isolated_dwelling", "village_category": "Rural", "village_code": "12654713188" }, "geometry": { "type": "Point", "coordinates": [ 93.1119265, 23.465651 ] } },
{ "type": "Feature", "properties": { "id": 374, "state": "Mizoram", "state_code": null, "district": "KHAWZAWL", "district_code": 703.0, "sub_district": null, "sub_district_code": null, "sub_district_type": null, "village": "Unnamed Isolated_dwelling", "village_category": "Rural", "village_code": "12654713189" }, "geometry": { "type": "Point", "coordinates": [ 93.1039165, 23.4792359 ] } },
{ "type": "Feature", "properties": { "id": 375, "state": "Mizoram", "state_code": null, "district": "KHAWZAWL", "district_code": 703.0, "sub_district": null, "sub_district_code": null, "sub_district_type": null, "village": "Unnamed Isolated_dwelling", "village_category": "Rural", "village_code": "12654713190" }, "geometry": { "type": "Point", "coordinates": [ 93.1100277, 23.4770417 ] } },
{ "type": "Feature", "properties": { "id": 376, "state": "Mizoram", "state_code": null, "district": "KHAWZAWL", "district_code": 703.0, "sub_district": null, "sub_district_code": null, "sub_district_type": null, "village": "Unnamed Isolated_dwelling", "village_category": "Rural", "village_code": "12654713191" }, "geometry": { "type": "Point", "coordinates": [ 93.1096938, 23.4792637 ] } },
{ "type": "Feature", "properties": { "id": 377, "state": "Mizoram", "state_code": null, "district": "SERCHHIP", "district_code": 285.0, "sub_district": null, "sub_district_code": null, "sub_district_type": null, "village": "Unnamed Isolated_dwelling", "village_category": "Rural", "village_code": "12654713192" }, "geometry": { "type": "Point", "coordinates": [ 93.0965457, 23.4466614 ] } },
{ "type": "Feature", "properties": { "id": 378, "state": "Mizoram", "state_code": null, "district": "SERCHHIP", "district_code": 285.0, "sub_district": null, "sub_district_code": null, "sub_district_type": null, "village": "Unnamed Isolated_dwelling", "village_category": "Rural", "village_code": "12654713193" }, "geometry": { "type": "Point", "coordinates": [ 93.0922702, 23.4435901 ] } },
{ "type": "Feature", "properties": { "id": 379, "state": "Mizoram", "state_code": null, "district": "LUNGLEI", "district_code": 286.0, "sub_district": null, "sub_district_code": null, "sub_district_type": null, "village": "Unnamed Village", "village_category": "Rural", "village_code": "12675797243" }, "geometry": { "type": "Point", "coordinates": [ 92.9131465, 22.9025277 ] } },
{ "type": "Feature", "properties": { "id": 380, "state": "Mizoram", "state_code": null, "district": "KHAWZAWL", "district_code": 703.0, "sub_district": null, "sub_district_code": null, "sub_district_type": null, "village": "Unnamed Hamlet", "village_category": "Rural", "village_code": "12680205511" }, "geometry": { "type": "Point", "coordinates": [ 93.0752941, 23.5270882 ] } },
{ "type": "Feature", "properties": { "id": 381, "state": "Mizoram", "state_code": null, "district": "SERCHHIP", "district_code": 285.0, "sub_district": null, "sub_district_code": null, "sub_district_type": null, "village": "Unnamed Village", "village_category": "Rural", "village_code": "12680394314" }, "geometry": { "type": "Point", "coordinates": [ 92.9873765, 23.2177384 ] } },
{ "type": "Feature", "properties": { "id": 382, "state": "Mizoram", "state_code": null, "district": "SERCHHIP", "district_code": 285.0, "sub_district": null, "sub_district_code": null, "sub_district_type": null, "village": "Unnamed Village", "village_category": "Rural", "village_code": "12680394372" }, "geometry": { "type": "Point", "coordinates": [ 92.9661145, 23.2369109 ] } },
{ "type": "Feature", "properties": { "id": 383, "state": "Mizoram", "state_code": null, "district": "SERCHHIP", "district_code": 285.0, "sub_district": null, "sub_district_code": null, "sub_district_type": null, "village": "Unnamed Village", "village_category": "Rural", "village_code": "12680402594" }, "geometry": { "type": "Point", "coordinates": [ 93.0171235, 23.1872396 ] } },
{ "type": "Feature", "properties": { "id": 384, "state": "Mizoram", "state_code": null, "district": "SERCHHIP", "district_code": 285.0, "sub_district": null, "sub_district_code": null, "sub_district_type": null, "village": "Unnamed Village", "village_category": "Rural", "village_code": "12680402595" }, "geometry": { "type": "Point", "coordinates": [ 92.9895759, 23.171579 ] } },
{ "type": "Feature", "properties": { "id": 385, "state": "Mizoram", "state_code": null, "district": "SERCHHIP", "district_code": 285.0, "sub_district": null, "sub_district_code": null, "sub_district_type": null, "village": "Unnamed Village", "village_category": "Rural", "village_code": "12680425143" }, "geometry": { "type": "Point", "coordinates": [ 93.1474138, 23.1184417 ] } },
{ "type": "Feature", "properties": { "id": 386, "state": "Mizoram", "state_code": null, "district": "SERCHHIP", "district_code": 285.0, "sub_district": null, "sub_district_code": null, "sub_district_type": null, "village": "Unnamed Hamlet", "village_category": "Rural", "village_code": "12680432829" }, "geometry": { "type": "Point", "coordinates": [ 93.0371335, 23.2095918 ] } },
{ "type": "Feature", "properties": { "id": 387, "state": "Mizoram", "state_code": null, "district": "SERCHHIP", "district_code": 285.0, "sub_district": null, "sub_district_code": null, "sub_district_type": null, "village": "Unnamed Hamlet", "village_category": "Rural", "village_code": "12680432853" }, "geometry": { "type": "Point", "coordinates": [ 93.0390298, 23.2363558 ] } },
{ "type": "Feature", "properties": { "id": 388, "state": "Mizoram", "state_code": null, "district": "SERCHHIP", "district_code": 285.0, "sub_district": null, "sub_district_code": null, "sub_district_type": null, "village": "Unnamed Village", "village_category": "Rural", "village_code": "12680432985" }, "geometry": { "type": "Point", "coordinates": [ 93.0463321, 23.2304244 ] } },
{ "type": "Feature", "properties": { "id": 389, "state": "Mizoram", "state_code": null, "district": "SERCHHIP", "district_code": 285.0, "sub_district": null, "sub_district_code": null, "sub_district_type": null, "village": "Unnamed Village", "village_category": "Rural", "village_code": "12680433009" }, "geometry": { "type": "Point", "coordinates": [ 93.0447948, 23.233652 ] } },
{ "type": "Feature", "properties": { "id": 390, "state": "Mizoram", "state_code": null, "district": "SERCHHIP", "district_code": 285.0, "sub_district": null, "sub_district_code": null, "sub_district_type": null, "village": "Unnamed Hamlet", "village_category": "Rural", "village_code": "12680435268" }, "geometry": { "type": "Point", "coordinates": [ 92.9038069, 23.5131121 ] } },
{ "type": "Feature", "properties": { "id": 391, "state": "Mizoram", "state_code": null, "district": "SERCHHIP", "district_code": 285.0, "sub_district": null, "sub_district_code": null, "sub_district_type": null, "village": "Unnamed Hamlet", "village_category": "Rural", "village_code": "12680435317" }, "geometry": { "type": "Point", "coordinates": [ 92.9130497, 23.5193894 ] } },
{ "type": "Feature", "properties": { "id": 392, "state": "Mizoram", "state_code": null, "district": "SERCHHIP", "district_code": 285.0, "sub_district": null, "sub_district_code": null, "sub_district_type": null, "village": "Unnamed Hamlet", "village_category": "Rural", "village_code": "12680435343" }, "geometry": { "type": "Point", "coordinates": [ 92.9433309, 23.5043152 ] } },
{ "type": "Feature", "properties": { "id": 393, "state": "Mizoram", "state_code": null, "district": "HNAHTHIAL", "district_code": 713.0, "sub_district": null, "sub_district_code": null, "sub_district_type": null, "village": "Unnamed Hamlet", "village_category": "Rural", "village_code": "12680613268" }, "geometry": { "type": "Point", "coordinates": [ 93.0709182, 22.970787 ] } },
{ "type": "Feature", "properties": { "id": 394, "state": "Mizoram", "state_code": null, "district": "SERCHHIP", "district_code": 285.0, "sub_district": null, "sub_district_code": null, "sub_district_type": null, "village": "Unnamed Village", "village_category": "Rural", "village_code": "12680658217" }, "geometry": { "type": "Point", "coordinates": [ 92.772488, 23.2850694 ] } },
{ "type": "Feature", "properties": { "id": 395, "state": "Mizoram", "state_code": null, "district": "HNAHTHIAL", "district_code": 713.0, "sub_district": null, "sub_district_code": null, "sub_district_type": null, "village": "Unnamed Village", "village_category": "Rural", "village_code": "12680724916" }, "geometry": { "type": "Point", "coordinates": [ 93.1021634, 22.9810793 ] } },
{ "type": "Feature", "properties": { "id": 396, "state": "Mizoram", "state_code": null, "district": "HNAHTHIAL", "district_code": 713.0, "sub_district": null, "sub_district_code": null, "sub_district_type": null, "village": "Unnamed Village", "village_category": "Rural", "village_code": "12680725011" }, "geometry": { "type": "Point", "coordinates": [ 93.1169921, 22.9782838 ] } },
{ "type": "Feature", "properties": { "id": 397, "state": "Mizoram", "state_code": null, "district": "HNAHTHIAL", "district_code": 713.0, "sub_district": null, "sub_district_code": null, "sub_district_type": null, "village": "Unnamed Village", "village_category": "Rural", "village_code": "12680725200" }, "geometry": { "type": "Point", "coordinates": [ 93.0912395, 22.9980597 ] } },
{ "type": "Feature", "properties": { "id": 398, "state": "Mizoram", "state_code": null, "district": "HNAHTHIAL", "district_code": 713.0, "sub_district": null, "sub_district_code": null, "sub_district_type": null, "village": "Unnamed Hamlet", "village_category": "Rural", "village_code": "12680798434" }, "geometry": { "type": "Point", "coordinates": [ 93.0782218, 22.9899031 ] } },
{ "type": "Feature", "properties": { "id": 399, "state": "Mizoram", "state_code": null, "district": "SERCHHIP", "district_code": 285.0, "sub_district": null, "sub_district_code": null, "sub_district_type": null, "village": "Unnamed Hamlet", "village_category": "Rural", "village_code": "12680815593" }, "geometry": { "type": "Point", "coordinates": [ 92.8092032, 23.3085528 ] } },
{ "type": "Feature", "properties": { "id": 400, "state": "Mizoram", "state_code": null, "district": "SERCHHIP", "district_code": 285.0, "sub_district": null, "sub_district_code": null, "sub_district_type": null, "village": "Unnamed Hamlet", "village_category": "Rural", "village_code": "12680815600" }, "geometry": { "type": "Point", "coordinates": [ 92.807601, 23.3120813 ] } },
{ "type": "Feature", "properties": { "id": 401, "state": "Mizoram", "state_code": null, "district": "SERCHHIP", "district_code": 285.0, "sub_district": null, "sub_district_code": null, "sub_district_type": null, "village": "Unnamed Hamlet", "village_category": "Rural", "village_code": "12680820212" }, "geometry": { "type": "Point", "coordinates": [ 92.7917252, 23.3200481 ] } },
{ "type": "Feature", "properties": { "id": 402, "state": "Mizoram", "state_code": null, "district": "SERCHHIP", "district_code": 285.0, "sub_district": null, "sub_district_code": null, "sub_district_type": null, "village": "Unnamed Hamlet", "village_category": "Rural", "village_code": "12680820225" }, "geometry": { "type": "Point", "coordinates": [ 92.7688709, 23.3016971 ] } },
{ "type": "Feature", "properties": { "id": 403, "state": "Mizoram", "state_code": null, "district": "SERCHHIP", "district_code": 285.0, "sub_district": null, "sub_district_code": null, "sub_district_type": null, "village": "Unnamed Hamlet", "village_category": "Rural", "village_code": "12680820235" }, "geometry": { "type": "Point", "coordinates": [ 92.7701664, 23.3035087 ] } },
{ "type": "Feature", "properties": { "id": 404, "state": "Mizoram", "state_code": null, "district": "SERCHHIP", "district_code": 285.0, "sub_district": null, "sub_district_code": null, "sub_district_type": null, "village": "Unnamed Village", "village_category": "Rural", "village_code": "12680820249" }, "geometry": { "type": "Point", "coordinates": [ 92.7858579, 23.3028987 ] } },
{ "type": "Feature", "properties": { "id": 405, "state": "Mizoram", "state_code": null, "district": "SERCHHIP", "district_code": 285.0, "sub_district": null, "sub_district_code": null, "sub_district_type": null, "village": "Unnamed Hamlet", "village_category": "Rural", "village_code": "12680820261" }, "geometry": { "type": "Point", "coordinates": [ 92.7837408, 23.2988816 ] } },
{ "type": "Feature", "properties": { "id": 406, "state": "Mizoram", "state_code": null, "district": "SERCHHIP", "district_code": 285.0, "sub_district": null, "sub_district_code": null, "sub_district_type": null, "village": "Unnamed Village", "village_category": "Rural", "village_code": "12680820318" }, "geometry": { "type": "Point", "coordinates": [ 92.7726226, 23.2861365 ] } },
{ "type": "Feature", "properties": { "id": 407, "state": "Mizoram", "state_code": null, "district": "LUNGLEI", "district_code": 286.0, "sub_district": null, "sub_district_code": null, "sub_district_type": null, "village": "Unnamed Hamlet", "village_category": "Rural", "village_code": "12719929514" }, "geometry": { "type": "Point", "coordinates": [ 92.8207478, 22.9772633 ] } },
{ "type": "Feature", "properties": { "id": 408, "state": "Mizoram", "state_code": null, "district": "KHAWZAWL", "district_code": 703.0, "sub_district": null, "sub_district_code": null, "sub_district_type": null, "village": "Unnamed Hamlet", "village_category": "Rural", "village_code": "12726546889" }, "geometry": { "type": "Point", "coordinates": [ 93.12991, 23.4345068 ] } },
{ "type": "Feature", "properties": { "id": 409, "state": "Mizoram", "state_code": null, "district": "KHAWZAWL", "district_code": 703.0, "sub_district": null, "sub_district_code": null, "sub_district_type": null, "village": "Unnamed Village", "village_category": "Rural", "village_code": "12726546890" }, "geometry": { "type": "Point", "coordinates": [ 93.1254976, 23.4386539 ] } },
{ "type": "Feature", "properties": { "id": 410, "state": "Mizoram", "state_code": null, "district": "HNAHTHIAL", "district_code": 713.0, "sub_district": null, "sub_district_code": null, "sub_district_type": null, "village": "Unnamed Hamlet", "village_category": "Rural", "village_code": "12741989486" }, "geometry": { "type": "Point", "coordinates": [ 93.0548797, 22.8120016 ] } },
{ "type": "Feature", "properties": { "id": 411, "state": "Mizoram", "state_code": null, "district": "HNAHTHIAL", "district_code": 713.0, "sub_district": null, "sub_district_code": null, "sub_district_type": null, "village": "Unnamed Village", "village_category": "Rural", "village_code": "12741989499" }, "geometry": { "type": "Point", "coordinates": [ 93.0379311, 22.8293977 ] } },
{ "type": "Feature", "properties": { "id": 412, "state": "Mizoram", "state_code": null, "district": "HNAHTHIAL", "district_code": 713.0, "sub_district": null, "sub_district_code": null, "sub_district_type": null, "village": "Unnamed Hamlet", "village_category": "Rural", "village_code": "12742087487" }, "geometry": { "type": "Point", "coordinates": [ 92.9331596, 23.0749088 ] } },
{ "type": "Feature", "properties": { "id": 413, "state": "Mizoram", "state_code": null, "district": "HNAHTHIAL", "district_code": 713.0, "sub_district": null, "sub_district_code": null, "sub_district_type": null, "village": "Unnamed Village", "village_category": "Rural", "village_code": "12742129557" }, "geometry": { "type": "Point", "coordinates": [ 93.0999241, 22.8832886 ] } },
{ "type": "Feature", "properties": { "id": 414, "state": "Mizoram", "state_code": null, "district": "HNAHTHIAL", "district_code": 713.0, "sub_district": null, "sub_district_code": null, "sub_district_type": null, "village": "Unnamed Village", "village_category": "Rural", "village_code": "12742196426" }, "geometry": { "type": "Point", "coordinates": [ 93.0827537, 22.9321495 ] } },
{ "type": "Feature", "properties": { "id": 415, "state": "Mizoram", "state_code": null, "district": "HNAHTHIAL", "district_code": 713.0, "sub_district": null, "sub_district_code": null, "sub_district_type": null, "village": "Unnamed Village", "village_category": "Rural", "village_code": "12742196427" }, "geometry": { "type": "Point", "coordinates": [ 93.0945367, 22.9282894 ] } },
{ "type": "Feature", "properties": { "id": 416, "state": "Mizoram", "state_code": null, "district": "HNAHTHIAL", "district_code": 713.0, "sub_district": null, "sub_district_code": null, "sub_district_type": null, "village": "Unnamed Hamlet", "village_category": "Rural", "village_code": "12742196428" }, "geometry": { "type": "Point", "coordinates": [ 93.0849382, 22.9403122 ] } },
{ "type": "Feature", "properties": { "id": 417, "state": "Mizoram", "state_code": null, "district": "SERCHHIP", "district_code": 285.0, "sub_district": null, "sub_district_code": null, "sub_district_type": null, "village": "Unnamed Village", "village_category": "Rural", "village_code": "12771975619" }, "geometry": { "type": "Point", "coordinates": [ 92.7521717, 23.3001964 ] } },
{ "type": "Feature", "properties": { "id": 418, "state": "Mizoram", "state_code": null, "district": "SERCHHIP", "district_code": 285.0, "sub_district": null, "sub_district_code": null, "sub_district_type": null, "village": "Unnamed Village", "village_category": "Rural", "village_code": "12771975620" }, "geometry": { "type": "Point", "coordinates": [ 92.7587217, 23.3018666 ] } },
{ "type": "Feature", "properties": { "id": 419, "state": "Mizoram", "state_code": null, "district": "SERCHHIP", "district_code": 285.0, "sub_district": null, "sub_district_code": null, "sub_district_type": null, "village": "Unnamed Village", "village_category": "Rural", "village_code": "12771975621" }, "geometry": { "type": "Point", "coordinates": [ 92.7650678, 23.2973388 ] } },
{ "type": "Feature", "properties": { "id": 420, "state": "Mizoram", "state_code": null, "district": "SERCHHIP", "district_code": 285.0, "sub_district": null, "sub_district_code": null, "sub_district_type": null, "village": "Unnamed Village", "village_category": "Rural", "village_code": "12771975622" }, "geometry": { "type": "Point", "coordinates": [ 92.7636087, 23.2945008 ] } },
{ "type": "Feature", "properties": { "id": 421, "state": "Mizoram", "state_code": null, "district": "SERCHHIP", "district_code": 285.0, "sub_district": null, "sub_district_code": null, "sub_district_type": null, "village": "Unnamed Village", "village_category": "Rural", "village_code": "12771975627" }, "geometry": { "type": "Point", "coordinates": [ 92.7616668, 23.2871 ] } },
{ "type": "Feature", "properties": { "id": 422, "state": "Mizoram", "state_code": null, "district": "SERCHHIP", "district_code": 285.0, "sub_district": null, "sub_district_code": null, "sub_district_type": null, "village": "Unnamed Village", "village_category": "Rural", "village_code": "12771975628" }, "geometry": { "type": "Point", "coordinates": [ 92.7483845, 23.2880264 ] } },
{ "type": "Feature", "properties": { "id": 423, "state": "Mizoram", "state_code": null, "district": "SERCHHIP", "district_code": 285.0, "sub_district": null, "sub_district_code": null, "sub_district_type": null, "village": "Unnamed Hamlet", "village_category": "Rural", "village_code": "12771975630" }, "geometry": { "type": "Point", "coordinates": [ 92.740193, 23.2831777 ] } },
{ "type": "Feature", "properties": { "id": 424, "state": "Mizoram", "state_code": null, "district": "SERCHHIP", "district_code": 285.0, "sub_district": null, "sub_district_code": null, "sub_district_type": null, "village": "Unnamed Hamlet", "village_category": "Rural", "village_code": "12771975631" }, "geometry": { "type": "Point", "coordinates": [ 92.7384818, 23.3117766 ] } },
{ "type": "Feature", "properties": { "id": 425, "state": "Mizoram", "state_code": null, "district": "SERCHHIP", "district_code": 285.0, "sub_district": null, "sub_district_code": null, "sub_district_type": null, "village": "Unnamed Village", "village_category": "Rural", "village_code": "12783836300" }, "geometry": { "type": "Point", "coordinates": [ 92.9907369, 23.2758931 ] } },
{ "type": "Feature", "properties": { "id": 426, "state": "Mizoram", "state_code": null, "district": "SERCHHIP", "district_code": 285.0, "sub_district": null, "sub_district_code": null, "sub_district_type": null, "village": "Unnamed Hamlet", "village_category": "Rural", "village_code": "12783876833" }, "geometry": { "type": "Point", "coordinates": [ 92.8479849, 23.2482164 ] } },
{ "type": "Feature", "properties": { "id": 427, "state": "Mizoram", "state_code": null, "district": "SERCHHIP", "district_code": 285.0, "sub_district": null, "sub_district_code": null, "sub_district_type": null, "village": "Unnamed Village", "village_category": "Rural", "village_code": "12783876844" }, "geometry": { "type": "Point", "coordinates": [ 92.8517235, 23.2502344 ] } },
{ "type": "Feature", "properties": { "id": 428, "state": "Mizoram", "state_code": null, "district": "SERCHHIP", "district_code": 285.0, "sub_district": null, "sub_district_code": null, "sub_district_type": null, "village": "Unnamed Hamlet", "village_category": "Rural", "village_code": "12783879222" }, "geometry": { "type": "Point", "coordinates": [ 92.8423007, 23.2425184 ] } },
{ "type": "Feature", "properties": { "id": 429, "state": "Mizoram", "state_code": null, "district": "SERCHHIP", "district_code": 285.0, "sub_district": null, "sub_district_code": null, "sub_district_type": null, "village": "Unnamed Hamlet", "village_category": "Rural", "village_code": "12783879736" }, "geometry": { "type": "Point", "coordinates": [ 92.8450659, 23.24825 ] } },
{ "type": "Feature", "properties": { "id": 430, "state": "Mizoram", "state_code": null, "district": "LUNGLEI", "district_code": 286.0, "sub_district": null, "sub_district_code": null, "sub_district_type": null, "village": "Unnamed Village", "village_category": "Rural", "village_code": "12783892059" }, "geometry": { "type": "Point", "coordinates": [ 92.8429237, 23.2365947 ] } },
{ "type": "Feature", "properties": { "id": 431, "state": "Mizoram", "state_code": null, "district": "SERCHHIP", "district_code": 285.0, "sub_district": null, "sub_district_code": null, "sub_district_type": null, "village": "Unnamed Hamlet", "village_category": "Rural", "village_code": "12784187574" }, "geometry": { "type": "Point", "coordinates": [ 93.0492228, 23.2375338 ] } },
{ "type": "Feature", "properties": { "id": 432, "state": "Mizoram", "state_code": null, "district": "SERCHHIP", "district_code": 285.0, "sub_district": null, "sub_district_code": null, "sub_district_type": null, "village": "Lungpho", "village_category": "Rural", "village_code": "12811469927" }, "geometry": { "type": "Point", "coordinates": [ 93.001459, 23.3812222 ] } },
{ "type": "Feature", "properties": { "id": 433, "state": "Mizoram", "state_code": null, "district": "SERCHHIP", "district_code": 285.0, "sub_district": null, "sub_district_code": null, "sub_district_type": null, "village": "Unnamed Village", "village_category": "Rural", "village_code": "12851579870" }, "geometry": { "type": "Point", "coordinates": [ 92.8552168, 23.4627542 ] } },
{ "type": "Feature", "properties": { "id": 434, "state": "Mizoram", "state_code": null, "district": "SERCHHIP", "district_code": 285.0, "sub_district": null, "sub_district_code": null, "sub_district_type": null, "village": "Unnamed Hamlet", "village_category": "Rural", "village_code": "12851619718" }, "geometry": { "type": "Point", "coordinates": [ 92.8575316, 23.4801656 ] } },
{ "type": "Feature", "properties": { "id": 435, "state": "Mizoram", "state_code": null, "district": "SERCHHIP", "district_code": 285.0, "sub_district": null, "sub_district_code": null, "sub_district_type": null, "village": "Unnamed Village", "village_category": "Rural", "village_code": "12852762081" }, "geometry": { "type": "Point", "coordinates": [ 92.866407, 23.4479514 ] } },
{ "type": "Feature", "properties": { "id": 436, "state": "Mizoram", "state_code": null, "district": "SERCHHIP", "district_code": 285.0, "sub_district": null, "sub_district_code": null, "sub_district_type": null, "village": "Unnamed Village", "village_category": "Rural", "village_code": "12853571740" }, "geometry": { "type": "Point", "coordinates": [ 92.8592724, 23.5093 ] } },
{ "type": "Feature", "properties": { "id": 437, "state": "Mizoram", "state_code": null, "district": "SERCHHIP", "district_code": 285.0, "sub_district": null, "sub_district_code": null, "sub_district_type": null, "village": "Unnamed Hamlet", "village_category": "Rural", "village_code": "12853571741" }, "geometry": { "type": "Point", "coordinates": [ 92.8590256, 23.5139264 ] } },
{ "type": "Feature", "properties": { "id": 438, "state": "Mizoram", "state_code": null, "district": "SERCHHIP", "district_code": 285.0, "sub_district": null, "sub_district_code": null, "sub_district_type": null, "village": "Unnamed Hamlet", "village_category": "Rural", "village_code": "12856254739" }, "geometry": { "type": "Point", "coordinates": [ 92.846961, 23.2350761 ] } },
{ "type": "Feature", "properties": { "id": 439, "state": "Mizoram", "state_code": null, "district": "SERCHHIP", "district_code": 285.0, "sub_district": null, "sub_district_code": null, "sub_district_type": null, "village": "Unnamed Hamlet", "village_category": "Rural", "village_code": "12856274538" }, "geometry": { "type": "Point", "coordinates": [ 92.8449561, 23.2399302 ] } },
{ "type": "Feature", "properties": { "id": 440, "state": "Mizoram", "state_code": null, "district": "SERCHHIP", "district_code": 285.0, "sub_district": null, "sub_district_code": null, "sub_district_type": null, "village": "Unnamed Hamlet", "village_category": "Rural", "village_code": "12864394209" }, "geometry": { "type": "Point", "coordinates": [ 92.906962, 23.5110045 ] } },
{ "type": "Feature", "properties": { "id": 441, "state": "Mizoram", "state_code": null, "district": "LAWNGTLAI", "district_code": 287.0, "sub_district": null, "sub_district_code": null, "sub_district_type": null, "village": "Longpuighat", "village_category": "Urban", "village_code": "12872853039" }, "geometry": { "type": "Point", "coordinates": [ 92.6385425, 22.3613271 ] } },
{ "type": "Feature", "properties": { "id": 442, "state": "Mizoram", "state_code": null, "district": "SERCHHIP", "district_code": 285.0, "sub_district": null, "sub_district_code": null, "sub_district_type": null, "village": "Unnamed Village", "village_category": "Rural", "village_code": "12879667476" }, "geometry": { "type": "Point", "coordinates": [ 93.0143791, 23.1477837 ] } },
{ "type": "Feature", "properties": { "id": 443, "state": "Mizoram", "state_code": null, "district": "SAITUAL", "district_code": 682.0, "sub_district": null, "sub_district_code": null, "sub_district_type": null, "village": "Khawlian", "village_category": "Rural", "village_code": "13005440749" }, "geometry": { "type": "Point", "coordinates": [ 93.1269554, 23.9960109 ] } },
{ "type": "Feature", "properties": { "id": 444, "state": "Mizoram", "state_code": null, "district": "SAITUAL", "district_code": 682.0, "sub_district": null, "sub_district_code": null, "sub_district_type": null, "village": "Tangnuam", "village_category": "Rural", "village_code": "13005440783" }, "geometry": { "type": "Point", "coordinates": [ 93.1319361, 24.0179603 ] } },
{ "type": "Feature", "properties": { "id": 445, "state": "Mizoram", "state_code": null, "district": "SERCHHIP", "district_code": 285.0, "sub_district": null, "sub_district_code": null, "sub_district_type": null, "village": "New Serchhip", "village_category": "Rural", "village_code": "13005444801" }, "geometry": { "type": "Point", "coordinates": [ 92.8552038, 23.3333369 ] } },
{ "type": "Feature", "properties": { "id": 446, "state": "Mizoram", "state_code": null, "district": "SERCHHIP", "district_code": 285.0, "sub_district": null, "sub_district_code": null, "sub_district_type": null, "village": "Unnamed Village", "village_category": "Rural", "village_code": "13016024089" }, "geometry": { "type": "Point", "coordinates": [ 92.8552517, 23.3827386 ] } },
{ "type": "Feature", "properties": { "id": 447, "state": "Mizoram", "state_code": null, "district": "SERCHHIP", "district_code": 285.0, "sub_district": null, "sub_district_code": null, "sub_district_type": null, "village": "Unnamed Hamlet", "village_category": "Rural", "village_code": "13016024092" }, "geometry": { "type": "Point", "coordinates": [ 92.8480071, 23.3772952 ] } },
{ "type": "Feature", "properties": { "id": 448, "state": "Mizoram", "state_code": null, "district": "SERCHHIP", "district_code": 285.0, "sub_district": null, "sub_district_code": null, "sub_district_type": null, "village": "Unnamed Village", "village_category": "Rural", "village_code": "13016045701" }, "geometry": { "type": "Point", "coordinates": [ 92.8443807, 23.3802151 ] } },
{ "type": "Feature", "properties": { "id": 449, "state": "Mizoram", "state_code": null, "district": "SERCHHIP", "district_code": 285.0, "sub_district": null, "sub_district_code": null, "sub_district_type": null, "village": "Unnamed Village", "village_category": "Rural", "village_code": "13016045771" }, "geometry": { "type": "Point", "coordinates": [ 92.8440857, 23.3689092 ] } },
{ "type": "Feature", "properties": { "id": 450, "state": "Mizoram", "state_code": null, "district": "SERCHHIP", "district_code": 285.0, "sub_district": null, "sub_district_code": null, "sub_district_type": null, "village": "Unnamed Hamlet", "village_category": "Rural", "village_code": "13016045791" }, "geometry": { "type": "Point", "coordinates": [ 92.8446141, 23.3715561 ] } },
{ "type": "Feature", "properties": { "id": 451, "state": "Mizoram", "state_code": null, "district": "SERCHHIP", "district_code": 285.0, "sub_district": null, "sub_district_code": null, "sub_district_type": null, "village": "Unnamed Village", "village_category": "Rural", "village_code": "13016045841" }, "geometry": { "type": "Point", "coordinates": [ 92.8459364, 23.3896983 ] } },
{ "type": "Feature", "properties": { "id": 452, "state": "Mizoram", "state_code": null, "district": "SERCHHIP", "district_code": 285.0, "sub_district": null, "sub_district_code": null, "sub_district_type": null, "village": "Unnamed Village", "village_category": "Rural", "village_code": "13016045881" }, "geometry": { "type": "Point", "coordinates": [ 92.8436834, 23.3873411 ] } },
{ "type": "Feature", "properties": { "id": 453, "state": "Mizoram", "state_code": null, "district": "SERCHHIP", "district_code": 285.0, "sub_district": null, "sub_district_code": null, "sub_district_type": null, "village": "Unnamed Hamlet", "village_category": "Rural", "village_code": "13016045901" }, "geometry": { "type": "Point", "coordinates": [ 92.8482002, 23.3948286 ] } },
{ "type": "Feature", "properties": { "id": 454, "state": "Mizoram", "state_code": null, "district": "SERCHHIP", "district_code": 285.0, "sub_district": null, "sub_district_code": null, "sub_district_type": null, "village": "Unnamed Hamlet", "village_category": "Rural", "village_code": "13016045970" }, "geometry": { "type": "Point", "coordinates": [ 92.8253075, 23.3945332 ] } },
{ "type": "Feature", "properties": { "id": 455, "state": "Mizoram", "state_code": null, "district": "LUNGLEI", "district_code": 286.0, "sub_district": null, "sub_district_code": null, "sub_district_type": null, "village": "Unnamed Hamlet", "village_category": "Rural", "village_code": "13018930270" }, "geometry": { "type": "Point", "coordinates": [ 92.7115925, 22.7800362 ] } },
{ "type": "Feature", "properties": { "id": 456, "state": "Mizoram", "state_code": null, "district": "SERCHHIP", "district_code": 285.0, "sub_district": null, "sub_district_code": null, "sub_district_type": null, "village": "Unnamed Village", "village_category": "Rural", "village_code": "13025440589" }, "geometry": { "type": "Point", "coordinates": [ 92.7717948, 23.2673002 ] } },
{ "type": "Feature", "properties": { "id": 457, "state": "Mizoram", "state_code": null, "district": "LUNGLEI", "district_code": 286.0, "sub_district": null, "sub_district_code": null, "sub_district_type": null, "village": "Unnamed Hamlet", "village_category": "Rural", "village_code": "13078725899" }, "geometry": { "type": "Point", "coordinates": [ 92.7213506, 22.9249388 ] } },
{ "type": "Feature", "properties": { "id": 458, "state": "Mizoram", "state_code": null, "district": "KOLASIB", "district_code": 282.0, "sub_district": null, "sub_district_code": null, "sub_district_type": null, "village": "Mualkang", "village_category": "Rural", "village_code": "13088680793" }, "geometry": { "type": "Point", "coordinates": [ 92.6567475, 23.9224171 ] } },
{ "type": "Feature", "properties": { "id": 459, "state": "Mizoram", "state_code": null, "district": "SERCHHIP", "district_code": 285.0, "sub_district": null, "sub_district_code": null, "sub_district_type": null, "village": "Unnamed Village", "village_category": "Rural", "village_code": "13162226029" }, "geometry": { "type": "Point", "coordinates": [ 92.9589621, 23.3907936 ] } },
{ "type": "Feature", "properties": { "id": 460, "state": "Mizoram", "state_code": null, "district": "SERCHHIP", "district_code": 285.0, "sub_district": null, "sub_district_code": null, "sub_district_type": null, "village": "Unnamed Village", "village_category": "Rural", "village_code": "13162408649" }, "geometry": { "type": "Point", "coordinates": [ 92.9217907, 23.3616818 ] } },
{ "type": "Feature", "properties": { "id": 461, "state": "Mizoram", "state_code": null, "district": "SERCHHIP", "district_code": 285.0, "sub_district": null, "sub_district_code": null, "sub_district_type": null, "village": "Unnamed Village", "village_category": "Rural", "village_code": "13162411125" }, "geometry": { "type": "Point", "coordinates": [ 92.9289684, 23.3482241 ] } },
{ "type": "Feature", "properties": { "id": 462, "state": "Mizoram", "state_code": null, "district": "LUNGLEI", "district_code": 286.0, "sub_district": null, "sub_district_code": null, "sub_district_type": null, "village": "Unnamed Hamlet", "village_category": "Rural", "village_code": "13167044925" }, "geometry": { "type": "Point", "coordinates": [ 92.6190022, 22.6730121 ] } },
{ "type": "Feature", "properties": { "id": 463, "state": "Mizoram", "state_code": null, "district": "SERCHHIP", "district_code": 285.0, "sub_district": null, "sub_district_code": null, "sub_district_type": null, "village": "Unnamed Hamlet", "village_category": "Rural", "village_code": "13172762713" }, "geometry": { "type": "Point", "coordinates": [ 92.7355727, 23.2839473 ] } },
{ "type": "Feature", "properties": { "id": 464, "state": "Mizoram", "state_code": null, "district": "SERCHHIP", "district_code": 285.0, "sub_district": null, "sub_district_code": null, "sub_district_type": null, "village": "Unnamed Village", "village_category": "Rural", "village_code": "13174979122" }, "geometry": { "type": "Point", "coordinates": [ 92.7819443, 23.2880412 ] } },
{ "type": "Feature", "properties": { "id": 465, "state": "Mizoram", "state_code": null, "district": "LUNGLEI", "district_code": 286.0, "sub_district": null, "sub_district_code": null, "sub_district_type": null, "village": "Unnamed Village", "village_category": "Rural", "village_code": "13227779224" }, "geometry": { "type": "Point", "coordinates": [ 92.9132135, 22.6746814 ] } },
{ "type": "Feature", "properties": { "id": 466, "state": "Mizoram", "state_code": null, "district": "MAMIT", "district_code": 281.0, "sub_district": null, "sub_district_code": null, "sub_district_type": null, "village": "Unnamed Village", "village_category": "Rural", "village_code": "13260119360" }, "geometry": { "type": "Point", "coordinates": [ 92.3743504, 23.8702831 ] } },
{ "type": "Feature", "properties": { "id": 467, "state": "Mizoram", "state_code": null, "district": "MAMIT", "district_code": 281.0, "sub_district": null, "sub_district_code": null, "sub_district_type": null, "village": "Unnamed Hamlet", "village_category": "Rural", "village_code": "13260143739" }, "geometry": { "type": "Point", "coordinates": [ 92.4524617, 23.6895098 ] } },
{ "type": "Feature", "properties": { "id": 468, "state": "Mizoram", "state_code": null, "district": "MAMIT", "district_code": 281.0, "sub_district": null, "sub_district_code": null, "sub_district_type": null, "village": "Unnamed Hamlet", "village_category": "Rural", "village_code": "13260144626" }, "geometry": { "type": "Point", "coordinates": [ 92.4171637, 24.1940506 ] } },
{ "type": "Feature", "properties": { "id": 469, "state": "Mizoram", "state_code": null, "district": "MAMIT", "district_code": 281.0, "sub_district": null, "sub_district_code": null, "sub_district_type": null, "village": "Unnamed Hamlet", "village_category": "Rural", "village_code": "13260144631" }, "geometry": { "type": "Point", "coordinates": [ 92.4884031, 24.150983 ] } },
{ "type": "Feature", "properties": { "id": 470, "state": "Mizoram", "state_code": null, "district": "MAMIT", "district_code": 281.0, "sub_district": null, "sub_district_code": null, "sub_district_type": null, "village": "Unnamed Hamlet", "village_category": "Rural", "village_code": "13260144632" }, "geometry": { "type": "Point", "coordinates": [ 92.6301954, 23.9013759 ] } },
{ "type": "Feature", "properties": { "id": 471, "state": "Mizoram", "state_code": null, "district": "MAMIT", "district_code": 281.0, "sub_district": null, "sub_district_code": null, "sub_district_type": null, "village": "Unnamed Hamlet", "village_category": "Rural", "village_code": "13260144633" }, "geometry": { "type": "Point", "coordinates": [ 92.5756071, 23.9707249 ] } },
{ "type": "Feature", "properties": { "id": 472, "state": "Mizoram", "state_code": null, "district": "MAMIT", "district_code": 281.0, "sub_district": null, "sub_district_code": null, "sub_district_type": null, "village": "Unnamed Hamlet", "village_category": "Rural", "village_code": "13260144634" }, "geometry": { "type": "Point", "coordinates": [ 92.4882315, 23.9862528 ] } },
{ "type": "Feature", "properties": { "id": 473, "state": "Mizoram", "state_code": null, "district": "MAMIT", "district_code": 281.0, "sub_district": null, "sub_district_code": null, "sub_district_type": null, "village": "Unnamed Hamlet", "village_category": "Rural", "village_code": "13260144635" }, "geometry": { "type": "Point", "coordinates": [ 92.5230787, 24.0133827 ] } },
{ "type": "Feature", "properties": { "id": 474, "state": "Mizoram", "state_code": null, "district": "MAMIT", "district_code": 281.0, "sub_district": null, "sub_district_code": null, "sub_district_type": null, "village": "Unnamed Hamlet", "village_category": "Rural", "village_code": "13260144744" }, "geometry": { "type": "Point", "coordinates": [ 92.4668597, 24.1294437 ] } },
{ "type": "Feature", "properties": { "id": 475, "state": "Mizoram", "state_code": null, "district": "MAMIT", "district_code": 281.0, "sub_district": null, "sub_district_code": null, "sub_district_type": null, "village": "Unnamed Hamlet", "village_category": "Rural", "village_code": "13260144745" }, "geometry": { "type": "Point", "coordinates": [ 92.4714088, 24.1210619 ] } },
{ "type": "Feature", "properties": { "id": 476, "state": "Mizoram", "state_code": null, "district": "MAMIT", "district_code": 281.0, "sub_district": null, "sub_district_code": null, "sub_district_type": null, "village": "Unnamed Hamlet", "village_category": "Rural", "village_code": "13260144746" }, "geometry": { "type": "Point", "coordinates": [ 92.4694347, 24.1082925 ] } },
{ "type": "Feature", "properties": { "id": 477, "state": "Mizoram", "state_code": null, "district": "MAMIT", "district_code": 281.0, "sub_district": null, "sub_district_code": null, "sub_district_type": null, "village": "Unnamed Hamlet", "village_category": "Rural", "village_code": "13260144747" }, "geometry": { "type": "Point", "coordinates": [ 92.4411105, 24.0554777 ] } },
{ "type": "Feature", "properties": { "id": 478, "state": "Mizoram", "state_code": null, "district": "MAMIT", "district_code": 281.0, "sub_district": null, "sub_district_code": null, "sub_district_type": null, "village": "Unnamed Hamlet", "village_category": "Rural", "village_code": "13260144748" }, "geometry": { "type": "Point", "coordinates": [ 92.4337291, 24.0045621 ] } },
{ "type": "Feature", "properties": { "id": 479, "state": "Mizoram", "state_code": null, "district": "MAMIT", "district_code": 281.0, "sub_district": null, "sub_district_code": null, "sub_district_type": null, "village": "Unnamed Hamlet", "village_category": "Rural", "village_code": "13260914342" }, "geometry": { "type": "Point", "coordinates": [ 92.5284862, 23.8328139 ] } },
{ "type": "Feature", "properties": { "id": 480, "state": "Mizoram", "state_code": null, "district": "MAMIT", "district_code": 281.0, "sub_district": null, "sub_district_code": null, "sub_district_type": null, "village": "Unnamed Village", "village_category": "Rural", "village_code": "13260921260" }, "geometry": { "type": "Point", "coordinates": [ 92.4345874, 23.2942545 ] } },
{ "type": "Feature", "properties": { "id": 481, "state": "Mizoram", "state_code": null, "district": "MAMIT", "district_code": 281.0, "sub_district": null, "sub_district_code": null, "sub_district_type": null, "village": "Unnamed Village", "village_category": "Rural", "village_code": "13260923473" }, "geometry": { "type": "Point", "coordinates": [ 92.4934244, 23.8159328 ] } },
{ "type": "Feature", "properties": { "id": 482, "state": "Mizoram", "state_code": null, "district": "LUNGLEI", "district_code": 286.0, "sub_district": null, "sub_district_code": null, "sub_district_type": null, "village": "Unnamed Village", "village_category": "Rural", "village_code": "13297325753" }, "geometry": { "type": "Point", "coordinates": [ 92.6575522, 22.680716 ] } },
{ "type": "Feature", "properties": { "id": 483, "state": "Mizoram", "state_code": null, "district": "SERCHHIP", "district_code": 285.0, "sub_district": null, "sub_district_code": null, "sub_district_type": null, "village": "Unnamed Hamlet", "village_category": "Rural", "village_code": "13301213414" }, "geometry": { "type": "Point", "coordinates": [ 92.8761756, 23.273342 ] } },
{ "type": "Feature", "properties": { "id": 484, "state": "Mizoram", "state_code": null, "district": "SERCHHIP", "district_code": 285.0, "sub_district": null, "sub_district_code": null, "sub_district_type": null, "village": "Unnamed Hamlet", "village_category": "Rural", "village_code": "13301213429" }, "geometry": { "type": "Point", "coordinates": [ 92.8746951, 23.2792282 ] } },
{ "type": "Feature", "properties": { "id": 485, "state": "Mizoram", "state_code": null, "district": "SERCHHIP", "district_code": 285.0, "sub_district": null, "sub_district_code": null, "sub_district_type": null, "village": "Unnamed Village", "village_category": "Rural", "village_code": "13301213446" }, "geometry": { "type": "Point", "coordinates": [ 92.8894924, 23.2568929 ] } },
{ "type": "Feature", "properties": { "id": 486, "state": "Mizoram", "state_code": null, "district": "SERCHHIP", "district_code": 285.0, "sub_district": null, "sub_district_code": null, "sub_district_type": null, "village": "Unnamed Hamlet", "village_category": "Rural", "village_code": "13301213453" }, "geometry": { "type": "Point", "coordinates": [ 92.8601012, 23.2589049 ] } },
{ "type": "Feature", "properties": { "id": 487, "state": "Mizoram", "state_code": null, "district": "SERCHHIP", "district_code": 285.0, "sub_district": null, "sub_district_code": null, "sub_district_type": null, "village": "Unnamed Hamlet", "village_category": "Rural", "village_code": "13301213483" }, "geometry": { "type": "Point", "coordinates": [ 92.8581225, 23.2624513 ] } },
{ "type": "Feature", "properties": { "id": 488, "state": "Mizoram", "state_code": null, "district": "SERCHHIP", "district_code": 285.0, "sub_district": null, "sub_district_code": null, "sub_district_type": null, "village": "Unnamed Hamlet", "village_category": "Rural", "village_code": "13301213496" }, "geometry": { "type": "Point", "coordinates": [ 92.8574055, 23.2712846 ] } },
{ "type": "Feature", "properties": { "id": 489, "state": "Mizoram", "state_code": null, "district": "SERCHHIP", "district_code": 285.0, "sub_district": null, "sub_district_code": null, "sub_district_type": null, "village": "Unnamed Village", "village_category": "Rural", "village_code": "13301611276" }, "geometry": { "type": "Point", "coordinates": [ 92.8475618, 23.3448564 ] } },
{ "type": "Feature", "properties": { "id": 490, "state": "Mizoram", "state_code": null, "district": "SERCHHIP", "district_code": 285.0, "sub_district": null, "sub_district_code": null, "sub_district_type": null, "village": "Unnamed Village", "village_category": "Rural", "village_code": "13302004825" }, "geometry": { "type": "Point", "coordinates": [ 92.8586194, 23.3395731 ] } },
{ "type": "Feature", "properties": { "id": 491, "state": "Mizoram", "state_code": null, "district": "SERCHHIP", "district_code": 285.0, "sub_district": null, "sub_district_code": null, "sub_district_type": null, "village": "Unnamed Hamlet", "village_category": "Rural", "village_code": "13302107070" }, "geometry": { "type": "Point", "coordinates": [ 92.8579253, 23.343425 ] } },
{ "type": "Feature", "properties": { "id": 492, "state": "Mizoram", "state_code": null, "district": "SERCHHIP", "district_code": 285.0, "sub_district": null, "sub_district_code": null, "sub_district_type": null, "village": "Unnamed Hamlet", "village_category": "Rural", "village_code": "13302107071" }, "geometry": { "type": "Point", "coordinates": [ 92.862185, 23.3508848 ] } },
{ "type": "Feature", "properties": { "id": 493, "state": "Mizoram", "state_code": null, "district": "SERCHHIP", "district_code": 285.0, "sub_district": null, "sub_district_code": null, "sub_district_type": null, "village": "Unnamed Hamlet", "village_category": "Rural", "village_code": "13302107072" }, "geometry": { "type": "Point", "coordinates": [ 92.8723535, 23.3486266 ] } },
{ "type": "Feature", "properties": { "id": 494, "state": "Mizoram", "state_code": null, "district": "SERCHHIP", "district_code": 285.0, "sub_district": null, "sub_district_code": null, "sub_district_type": null, "village": "Unnamed Village", "village_category": "Rural", "village_code": "13302367951" }, "geometry": { "type": "Point", "coordinates": [ 92.8881946, 23.3351853 ] } },
{ "type": "Feature", "properties": { "id": 495, "state": "Mizoram", "state_code": null, "district": "SERCHHIP", "district_code": 285.0, "sub_district": null, "sub_district_code": null, "sub_district_type": null, "village": "Unnamed Hamlet", "village_category": "Rural", "village_code": "13302385440" }, "geometry": { "type": "Point", "coordinates": [ 92.9324316, 23.2233839 ] } },
{ "type": "Feature", "properties": { "id": 496, "state": "Mizoram", "state_code": null, "district": "SERCHHIP", "district_code": 285.0, "sub_district": null, "sub_district_code": null, "sub_district_type": null, "village": "Unnamed Hamlet", "village_category": "Rural", "village_code": "13302385448" }, "geometry": { "type": "Point", "coordinates": [ 92.9378128, 23.2218945 ] } },
{ "type": "Feature", "properties": { "id": 497, "state": "Mizoram", "state_code": null, "district": "SERCHHIP", "district_code": 285.0, "sub_district": null, "sub_district_code": null, "sub_district_type": null, "village": "Unnamed Hamlet", "village_category": "Rural", "village_code": "13302385469" }, "geometry": { "type": "Point", "coordinates": [ 92.934241, 23.2249735 ] } },
{ "type": "Feature", "properties": { "id": 498, "state": "Mizoram", "state_code": null, "district": "SERCHHIP", "district_code": 285.0, "sub_district": null, "sub_district_code": null, "sub_district_type": null, "village": "Unnamed Village", "village_category": "Rural", "village_code": "13302385479" }, "geometry": { "type": "Point", "coordinates": [ 92.9103255, 23.2355001 ] } },
{ "type": "Feature", "properties": { "id": 499, "state": "Mizoram", "state_code": null, "district": "SERCHHIP", "district_code": 285.0, "sub_district": null, "sub_district_code": null, "sub_district_type": null, "village": "Unnamed Hamlet", "village_category": "Rural", "village_code": "13304990131" }, "geometry": { "type": "Point", "coordinates": [ 93.0037335, 23.1734477 ] } },
{ "type": "Feature", "properties": { "id": 500, "state": "Mizoram", "state_code": null, "district": "SERCHHIP", "district_code": 285.0, "sub_district": null, "sub_district_code": null, "sub_district_type": null, "village": "Unnamed Village", "village_category": "Rural", "village_code": "13308272963" }, "geometry": { "type": "Point", "coordinates": [ 92.8555065, 23.300093 ] } },
{ "type": "Feature", "properties": { "id": 501, "state": "Mizoram", "state_code": null, "district": "SERCHHIP", "district_code": 285.0, "sub_district": null, "sub_district_code": null, "sub_district_type": null, "village": "Unnamed Hamlet", "village_category": "Rural", "village_code": "13308351215" }, "geometry": { "type": "Point", "coordinates": [ 92.8275264, 23.3135712 ] } },
{ "type": "Feature", "properties": { "id": 502, "state": "Mizoram", "state_code": null, "district": "SERCHHIP", "district_code": 285.0, "sub_district": null, "sub_district_code": null, "sub_district_type": null, "village": "Unnamed Hamlet", "village_category": "Rural", "village_code": "13310554475" }, "geometry": { "type": "Point", "coordinates": [ 92.791037, 23.2784817 ] } },
{ "type": "Feature", "properties": { "id": 503, "state": "Mizoram", "state_code": null, "district": "SERCHHIP", "district_code": 285.0, "sub_district": null, "sub_district_code": null, "sub_district_type": null, "village": "Unnamed Hamlet", "village_category": "Rural", "village_code": "13310666607" }, "geometry": { "type": "Point", "coordinates": [ 92.7881643, 23.6243307 ] } },
{ "type": "Feature", "properties": { "id": 504, "state": "Mizoram", "state_code": null, "district": "SERCHHIP", "district_code": 285.0, "sub_district": null, "sub_district_code": null, "sub_district_type": null, "village": "Unnamed Village", "village_category": "Rural", "village_code": "13310789737" }, "geometry": { "type": "Point", "coordinates": [ 92.8518068, 23.5708048 ] } },
{ "type": "Feature", "properties": { "id": 505, "state": "Mizoram", "state_code": null, "district": "SERCHHIP", "district_code": 285.0, "sub_district": null, "sub_district_code": null, "sub_district_type": null, "village": "Unnamed Hamlet", "village_category": "Rural", "village_code": "13310789738" }, "geometry": { "type": "Point", "coordinates": [ 92.8172046, 23.5900476 ] } },
{ "type": "Feature", "properties": { "id": 506, "state": "Mizoram", "state_code": null, "district": "SERCHHIP", "district_code": 285.0, "sub_district": null, "sub_district_code": null, "sub_district_type": null, "village": "Unnamed Hamlet", "village_category": "Rural", "village_code": "13310789777" }, "geometry": { "type": "Point", "coordinates": [ 92.8224161, 23.5740889 ] } },
{ "type": "Feature", "properties": { "id": 507, "state": "Mizoram", "state_code": null, "district": "SERCHHIP", "district_code": 285.0, "sub_district": null, "sub_district_code": null, "sub_district_type": null, "village": "Unnamed Hamlet", "village_category": "Rural", "village_code": "13310789778" }, "geometry": { "type": "Point", "coordinates": [ 92.7731886, 23.5794616 ] } },
{ "type": "Feature", "properties": { "id": 508, "state": "Mizoram", "state_code": null, "district": "AIZAWL", "district_code": 283.0, "sub_district": null, "sub_district_code": null, "sub_district_type": null, "village": "Unnamed Hamlet", "village_category": "Rural", "village_code": "13310789779" }, "geometry": { "type": "Point", "coordinates": [ 92.7728396, 23.5815406 ] } },
{ "type": "Feature", "properties": { "id": 509, "state": "Mizoram", "state_code": null, "district": "SERCHHIP", "district_code": 285.0, "sub_district": null, "sub_district_code": null, "sub_district_type": null, "village": "Unnamed Hamlet", "village_category": "Rural", "village_code": "13310789792" }, "geometry": { "type": "Point", "coordinates": [ 92.7723715, 23.5759597 ] } },
{ "type": "Feature", "properties": { "id": 510, "state": "Mizoram", "state_code": null, "district": "SERCHHIP", "district_code": 285.0, "sub_district": null, "sub_district_code": null, "sub_district_type": null, "village": "Unnamed Hamlet", "village_category": "Rural", "village_code": "13310789793" }, "geometry": { "type": "Point", "coordinates": [ 92.8082728, 23.5990512 ] } },
{ "type": "Feature", "properties": { "id": 511, "state": "Mizoram", "state_code": null, "district": "SERCHHIP", "district_code": 285.0, "sub_district": null, "sub_district_code": null, "sub_district_type": null, "village": "Unnamed Village", "village_category": "Rural", "village_code": "13310792177" }, "geometry": { "type": "Point", "coordinates": [ 92.8130901, 23.6058348 ] } },
{ "type": "Feature", "properties": { "id": 512, "state": "Mizoram", "state_code": null, "district": "LUNGLEI", "district_code": 286.0, "sub_district": null, "sub_district_code": null, "sub_district_type": null, "village": "Unnamed Village", "village_category": "Rural", "village_code": "13335635109" }, "geometry": { "type": "Point", "coordinates": [ 92.8280509, 22.9019239 ] } },
{ "type": "Feature", "properties": { "id": 513, "state": "Mizoram", "state_code": null, "district": "LUNGLEI", "district_code": 286.0, "sub_district": null, "sub_district_code": null, "sub_district_type": null, "village": "Unnamed Village", "village_category": "Rural", "village_code": "13335637062" }, "geometry": { "type": "Point", "coordinates": [ 92.8303702, 22.903434 ] } },
{ "type": "Feature", "properties": { "id": 514, "state": "Mizoram", "state_code": null, "district": "LUNGLEI", "district_code": 286.0, "sub_district": null, "sub_district_code": null, "sub_district_type": null, "village": "Unnamed Hamlet", "village_category": "Rural", "village_code": "13335637063" }, "geometry": { "type": "Point", "coordinates": [ 92.8311521, 22.9008644 ] } },
{ "type": "Feature", "properties": { "id": 515, "state": "Mizoram", "state_code": null, "district": "LUNGLEI", "district_code": 286.0, "sub_district": null, "sub_district_code": null, "sub_district_type": null, "village": "Unnamed Hamlet", "village_category": "Rural", "village_code": "13335637082" }, "geometry": { "type": "Point", "coordinates": [ 92.8386046, 22.8876938 ] } },
{ "type": "Feature", "properties": { "id": 516, "state": "Mizoram", "state_code": null, "district": "LUNGLEI", "district_code": 286.0, "sub_district": null, "sub_district_code": null, "sub_district_type": null, "village": "Unnamed Hamlet", "village_category": "Rural", "village_code": "13337861930" }, "geometry": { "type": "Point", "coordinates": [ 92.7699441, 22.9174017 ] } },
{ "type": "Feature", "properties": { "id": 517, "state": "Mizoram", "state_code": null, "district": "LUNGLEI", "district_code": 286.0, "sub_district": null, "sub_district_code": null, "sub_district_type": null, "village": "Unnamed Hamlet", "village_category": "Rural", "village_code": "13337861995" }, "geometry": { "type": "Point", "coordinates": [ 92.769641, 22.9129226 ] } },
{ "type": "Feature", "properties": { "id": 518, "state": "Mizoram", "state_code": null, "district": "LUNGLEI", "district_code": 286.0, "sub_district": null, "sub_district_code": null, "sub_district_type": null, "village": "Unnamed Hamlet", "village_category": "Rural", "village_code": "13337862008" }, "geometry": { "type": "Point", "coordinates": [ 92.7700621, 22.9110103 ] } },
{ "type": "Feature", "properties": { "id": 519, "state": "Mizoram", "state_code": null, "district": "LUNGLEI", "district_code": 286.0, "sub_district": null, "sub_district_code": null, "sub_district_type": null, "village": "Unnamed Village", "village_category": "Rural", "village_code": "13337862018" }, "geometry": { "type": "Point", "coordinates": [ 92.7768803, 22.9109659 ] } },
{ "type": "Feature", "properties": { "id": 520, "state": "Mizoram", "state_code": null, "district": "LUNGLEI", "district_code": 286.0, "sub_district": null, "sub_district_code": null, "sub_district_type": null, "village": "Unnamed Hamlet", "village_category": "Rural", "village_code": "13337862062" }, "geometry": { "type": "Point", "coordinates": [ 92.7792191, 22.9161788 ] } },
{ "type": "Feature", "properties": { "id": 521, "state": "Mizoram", "state_code": null, "district": "LUNGLEI", "district_code": 286.0, "sub_district": null, "sub_district_code": null, "sub_district_type": null, "village": "Unnamed Village", "village_category": "Rural", "village_code": "13337862083" }, "geometry": { "type": "Point", "coordinates": [ 92.7768132, 22.9162578 ] } },
{ "type": "Feature", "properties": { "id": 522, "state": "Mizoram", "state_code": null, "district": "LUNGLEI", "district_code": 286.0, "sub_district": null, "sub_district_code": null, "sub_district_type": null, "village": "Unnamed Hamlet", "village_category": "Rural", "village_code": "13337862105" }, "geometry": { "type": "Point", "coordinates": [ 92.7740586, 22.9167643 ] } },
{ "type": "Feature", "properties": { "id": 523, "state": "Mizoram", "state_code": null, "district": "LUNGLEI", "district_code": 286.0, "sub_district": null, "sub_district_code": null, "sub_district_type": null, "village": "Unnamed Hamlet", "village_category": "Rural", "village_code": "13337862314" }, "geometry": { "type": "Point", "coordinates": [ 92.7834275, 22.9176685 ] } },
{ "type": "Feature", "properties": { "id": 524, "state": "Mizoram", "state_code": null, "district": "LUNGLEI", "district_code": 286.0, "sub_district": null, "sub_district_code": null, "sub_district_type": null, "village": "Unnamed Hamlet", "village_category": "Rural", "village_code": "13337862508" }, "geometry": { "type": "Point", "coordinates": [ 92.7707165, 22.879457 ] } },
{ "type": "Feature", "properties": { "id": 525, "state": "Mizoram", "state_code": null, "district": "LUNGLEI", "district_code": 286.0, "sub_district": null, "sub_district_code": null, "sub_district_type": null, "village": "Unnamed Hamlet", "village_category": "Rural", "village_code": "13337862528" }, "geometry": { "type": "Point", "coordinates": [ 92.7852944, 22.8902952 ] } },
{ "type": "Feature", "properties": { "id": 526, "state": "Mizoram", "state_code": null, "district": "LUNGLEI", "district_code": 286.0, "sub_district": null, "sub_district_code": null, "sub_district_type": null, "village": "Unnamed Hamlet", "village_category": "Rural", "village_code": "13337862553" }, "geometry": { "type": "Point", "coordinates": [ 92.7819376, 22.8904891 ] } },
{ "type": "Feature", "properties": { "id": 527, "state": "Mizoram", "state_code": null, "district": "LUNGLEI", "district_code": 286.0, "sub_district": null, "sub_district_code": null, "sub_district_type": null, "village": "Unnamed Hamlet", "village_category": "Rural", "village_code": "13337862586" }, "geometry": { "type": "Point", "coordinates": [ 92.7824686, 22.8898936 ] } },
{ "type": "Feature", "properties": { "id": 528, "state": "Mizoram", "state_code": null, "district": "LUNGLEI", "district_code": 286.0, "sub_district": null, "sub_district_code": null, "sub_district_type": null, "village": "Unnamed Village", "village_category": "Rural", "village_code": "13337939371" }, "geometry": { "type": "Point", "coordinates": [ 92.825439, 22.8623998 ] } },
{ "type": "Feature", "properties": { "id": 529, "state": "Mizoram", "state_code": null, "district": "LUNGLEI", "district_code": 286.0, "sub_district": null, "sub_district_code": null, "sub_district_type": null, "village": "Unnamed Village", "village_category": "Rural", "village_code": "13337939553" }, "geometry": { "type": "Point", "coordinates": [ 92.8220326, 22.8573578 ] } },
{ "type": "Feature", "properties": { "id": 530, "state": "Mizoram", "state_code": null, "district": "LUNGLEI", "district_code": 286.0, "sub_district": null, "sub_district_code": null, "sub_district_type": null, "village": "Unnamed Hamlet", "village_category": "Rural", "village_code": "13337939558" }, "geometry": { "type": "Point", "coordinates": [ 92.8165877, 22.8541905 ] } },
{ "type": "Feature", "properties": { "id": 531, "state": "Mizoram", "state_code": null, "district": "LUNGLEI", "district_code": 286.0, "sub_district": null, "sub_district_code": null, "sub_district_type": null, "village": "Unnamed Village", "village_category": "Rural", "village_code": "13337939575" }, "geometry": { "type": "Point", "coordinates": [ 92.8166574, 22.8516187 ] } },
{ "type": "Feature", "properties": { "id": 532, "state": "Mizoram", "state_code": null, "district": "LUNGLEI", "district_code": 286.0, "sub_district": null, "sub_district_code": null, "sub_district_type": null, "village": "Unnamed Hamlet", "village_category": "Rural", "village_code": "13337939598" }, "geometry": { "type": "Point", "coordinates": [ 92.8166681, 22.8496759 ] } },
{ "type": "Feature", "properties": { "id": 533, "state": "Mizoram", "state_code": null, "district": "LUNGLEI", "district_code": 286.0, "sub_district": null, "sub_district_code": null, "sub_district_type": null, "village": "Unnamed Village", "village_category": "Rural", "village_code": "13337939608" }, "geometry": { "type": "Point", "coordinates": [ 92.8136426, 22.8498811 ] } },
{ "type": "Feature", "properties": { "id": 534, "state": "Mizoram", "state_code": null, "district": "LUNGLEI", "district_code": 286.0, "sub_district": null, "sub_district_code": null, "sub_district_type": null, "village": "Unnamed Hamlet", "village_category": "Rural", "village_code": "13337939737" }, "geometry": { "type": "Point", "coordinates": [ 92.8175855, 22.8479754 ] } },
{ "type": "Feature", "properties": { "id": 535, "state": "Mizoram", "state_code": null, "district": "LUNGLEI", "district_code": 286.0, "sub_district": null, "sub_district_code": null, "sub_district_type": null, "village": "Unnamed Hamlet", "village_category": "Rural", "village_code": "13337939777" }, "geometry": { "type": "Point", "coordinates": [ 92.8148416, 22.8473203 ] } },
{ "type": "Feature", "properties": { "id": 536, "state": "Mizoram", "state_code": null, "district": "LUNGLEI", "district_code": 286.0, "sub_district": null, "sub_district_code": null, "sub_district_type": null, "village": "Unnamed Hamlet", "village_category": "Rural", "village_code": "13337939795" }, "geometry": { "type": "Point", "coordinates": [ 92.8156811, 22.8478963 ] } },
{ "type": "Feature", "properties": { "id": 537, "state": "Mizoram", "state_code": null, "district": "LUNGLEI", "district_code": 286.0, "sub_district": null, "sub_district_code": null, "sub_district_type": null, "village": "Unnamed Village", "village_category": "Rural", "village_code": "13338003908" }, "geometry": { "type": "Point", "coordinates": [ 92.8870118, 22.761884 ] } },
{ "type": "Feature", "properties": { "id": 538, "state": "Mizoram", "state_code": null, "district": "LUNGLEI", "district_code": 286.0, "sub_district": null, "sub_district_code": null, "sub_district_type": null, "village": "Unnamed Village", "village_category": "Rural", "village_code": "13338550911" }, "geometry": { "type": "Point", "coordinates": [ 92.9156578, 22.6143625 ] } },
{ "type": "Feature", "properties": { "id": 539, "state": "Mizoram", "state_code": null, "district": "LUNGLEI", "district_code": 286.0, "sub_district": null, "sub_district_code": null, "sub_district_type": null, "village": "Unnamed Hamlet", "village_category": "Rural", "village_code": "13338731028" }, "geometry": { "type": "Point", "coordinates": [ 92.7648962, 22.8870828 ] } },
{ "type": "Feature", "properties": { "id": 540, "state": "Mizoram", "state_code": null, "district": "LUNGLEI", "district_code": 286.0, "sub_district": null, "sub_district_code": null, "sub_district_type": null, "village": "Unnamed Hamlet", "village_category": "Rural", "village_code": "13338731045" }, "geometry": { "type": "Point", "coordinates": [ 92.7559939, 22.8930824 ] } },
{ "type": "Feature", "properties": { "id": 541, "state": "Mizoram", "state_code": null, "district": "LUNGLEI", "district_code": 286.0, "sub_district": null, "sub_district_code": null, "sub_district_type": null, "village": "Unnamed Hamlet", "village_category": "Rural", "village_code": "13338731065" }, "geometry": { "type": "Point", "coordinates": [ 92.7582537, 22.8911106 ] } },
{ "type": "Feature", "properties": { "id": 542, "state": "Mizoram", "state_code": null, "district": "LUNGLEI", "district_code": 286.0, "sub_district": null, "sub_district_code": null, "sub_district_type": null, "village": "Unnamed Village", "village_category": "Rural", "village_code": "13338765768" }, "geometry": { "type": "Point", "coordinates": [ 92.7624232, 22.8842213 ] } },
{ "type": "Feature", "properties": { "id": 543, "state": "Mizoram", "state_code": null, "district": "LUNGLEI", "district_code": 286.0, "sub_district": null, "sub_district_code": null, "sub_district_type": null, "village": "Unnamed Hamlet", "village_category": "Rural", "village_code": "13339901096" }, "geometry": { "type": "Point", "coordinates": [ 92.876, 22.6441051 ] } },
{ "type": "Feature", "properties": { "id": 544, "state": "Mizoram", "state_code": null, "district": "LUNGLEI", "district_code": 286.0, "sub_district": null, "sub_district_code": null, "sub_district_type": null, "village": "Unnamed Hamlet", "village_category": "Rural", "village_code": "13339901122" }, "geometry": { "type": "Point", "coordinates": [ 92.8813925, 22.6358474 ] } },
{ "type": "Feature", "properties": { "id": 545, "state": "Mizoram", "state_code": null, "district": "LUNGLEI", "district_code": 286.0, "sub_district": null, "sub_district_code": null, "sub_district_type": null, "village": "Unnamed Hamlet", "village_category": "Rural", "village_code": "13339901304" }, "geometry": { "type": "Point", "coordinates": [ 92.8579098, 22.6643113 ] } },
{ "type": "Feature", "properties": { "id": 546, "state": "Mizoram", "state_code": null, "district": "LUNGLEI", "district_code": 286.0, "sub_district": null, "sub_district_code": null, "sub_district_type": null, "village": "Unnamed Hamlet", "village_category": "Rural", "village_code": "13339976661" }, "geometry": { "type": "Point", "coordinates": [ 92.8793661, 22.6024698 ] } },
{ "type": "Feature", "properties": { "id": 547, "state": "Mizoram", "state_code": null, "district": "LUNGLEI", "district_code": 286.0, "sub_district": null, "sub_district_code": null, "sub_district_type": null, "village": "Unnamed Hamlet", "village_category": "Rural", "village_code": "13339976714" }, "geometry": { "type": "Point", "coordinates": [ 92.8776388, 22.6109369 ] } },
{ "type": "Feature", "properties": { "id": 548, "state": "Mizoram", "state_code": null, "district": "LUNGLEI", "district_code": 286.0, "sub_district": null, "sub_district_code": null, "sub_district_type": null, "village": "Unnamed Village", "village_category": "Rural", "village_code": "13339977134" }, "geometry": { "type": "Point", "coordinates": [ 92.8736383, 22.6175713 ] } },
{ "type": "Feature", "properties": { "id": 549, "state": "Mizoram", "state_code": null, "district": "LUNGLEI", "district_code": 286.0, "sub_district": null, "sub_district_code": null, "sub_district_type": null, "village": "Unnamed Village", "village_category": "Rural", "village_code": "13339977135" }, "geometry": { "type": "Point", "coordinates": [ 92.871066, 22.6238328 ] } },
{ "type": "Feature", "properties": { "id": 550, "state": "Mizoram", "state_code": null, "district": "LUNGLEI", "district_code": 286.0, "sub_district": null, "sub_district_code": null, "sub_district_type": null, "village": "Unnamed Hamlet", "village_category": "Rural", "village_code": "13339977164" }, "geometry": { "type": "Point", "coordinates": [ 92.8710701, 22.6257379 ] } },
{ "type": "Feature", "properties": { "id": 551, "state": "Mizoram", "state_code": null, "district": "LUNGLEI", "district_code": 286.0, "sub_district": null, "sub_district_code": null, "sub_district_type": null, "village": "Unnamed Village", "village_category": "Rural", "village_code": "13340068077" }, "geometry": { "type": "Point", "coordinates": [ 92.7143311, 22.8737781 ] } },
{ "type": "Feature", "properties": { "id": 552, "state": "Mizoram", "state_code": null, "district": "LUNGLEI", "district_code": 286.0, "sub_district": null, "sub_district_code": null, "sub_district_type": null, "village": "Unnamed Hamlet", "village_category": "Rural", "village_code": "13344001562" }, "geometry": { "type": "Point", "coordinates": [ 92.8054887, 22.8140586 ] } },
{ "type": "Feature", "properties": { "id": 553, "state": "Mizoram", "state_code": null, "district": "LUNGLEI", "district_code": 286.0, "sub_district": null, "sub_district_code": null, "sub_district_type": null, "village": "Unnamed Village", "village_category": "Rural", "village_code": "13344001941" }, "geometry": { "type": "Point", "coordinates": [ 92.8090963, 22.805996 ] } },
{ "type": "Feature", "properties": { "id": 554, "state": "Mizoram", "state_code": null, "district": "LUNGLEI", "district_code": 286.0, "sub_district": null, "sub_district_code": null, "sub_district_type": null, "village": "Unnamed Village", "village_category": "Rural", "village_code": "13344001979" }, "geometry": { "type": "Point", "coordinates": [ 92.8067869, 22.810622 ] } },
{ "type": "Feature", "properties": { "id": 555, "state": "Mizoram", "state_code": null, "district": "LUNGLEI", "district_code": 286.0, "sub_district": null, "sub_district_code": null, "sub_district_type": null, "village": "Unnamed Village", "village_category": "Rural", "village_code": "13344002099" }, "geometry": { "type": "Point", "coordinates": [ 92.8046975, 22.8163356 ] } },
{ "type": "Feature", "properties": { "id": 556, "state": "Mizoram", "state_code": null, "district": "LUNGLEI", "district_code": 286.0, "sub_district": null, "sub_district_code": null, "sub_district_type": null, "village": "Unnamed Hamlet", "village_category": "Rural", "village_code": "13344002148" }, "geometry": { "type": "Point", "coordinates": [ 92.8035843, 22.8294705 ] } },
{ "type": "Feature", "properties": { "id": 557, "state": "Mizoram", "state_code": null, "district": "LUNGLEI", "district_code": 286.0, "sub_district": null, "sub_district_code": null, "sub_district_type": null, "village": "Unnamed Hamlet", "village_category": "Rural", "village_code": "13344002165" }, "geometry": { "type": "Point", "coordinates": [ 92.8033456, 22.8321453 ] } },
{ "type": "Feature", "properties": { "id": 558, "state": "Mizoram", "state_code": null, "district": "LUNGLEI", "district_code": 286.0, "sub_district": null, "sub_district_code": null, "sub_district_type": null, "village": "Unnamed Hamlet", "village_category": "Rural", "village_code": "13344002179" }, "geometry": { "type": "Point", "coordinates": [ 92.8031525, 22.8341452 ] } },
{ "type": "Feature", "properties": { "id": 559, "state": "Mizoram", "state_code": null, "district": "LUNGLEI", "district_code": 286.0, "sub_district": null, "sub_district_code": null, "sub_district_type": null, "village": "Unnamed Hamlet", "village_category": "Rural", "village_code": "13344009852" }, "geometry": { "type": "Point", "coordinates": [ 92.7475208, 22.8772354 ] } },
{ "type": "Feature", "properties": { "id": 560, "state": "Mizoram", "state_code": null, "district": "LUNGLEI", "district_code": 286.0, "sub_district": null, "sub_district_code": null, "sub_district_type": null, "village": "Unnamed Village", "village_category": "Rural", "village_code": "13344047412" }, "geometry": { "type": "Point", "coordinates": [ 92.765497, 22.868613 ] } },
{ "type": "Feature", "properties": { "id": 561, "state": "Mizoram", "state_code": null, "district": "LUNGLEI", "district_code": 286.0, "sub_district": null, "sub_district_code": null, "sub_district_type": null, "village": "Unnamed Village", "village_category": "Rural", "village_code": "13344047418" }, "geometry": { "type": "Point", "coordinates": [ 92.758373, 22.8659686 ] } },
{ "type": "Feature", "properties": { "id": 562, "state": "Mizoram", "state_code": null, "district": "LUNGLEI", "district_code": 286.0, "sub_district": null, "sub_district_code": null, "sub_district_type": null, "village": "Unnamed Village", "village_category": "Rural", "village_code": "13344047539" }, "geometry": { "type": "Point", "coordinates": [ 92.7544838, 22.8625085 ] } },
{ "type": "Feature", "properties": { "id": 563, "state": "Mizoram", "state_code": null, "district": "LUNGLEI", "district_code": 286.0, "sub_district": null, "sub_district_code": null, "sub_district_type": null, "village": "Unnamed Village", "village_category": "Rural", "village_code": "13344047580" }, "geometry": { "type": "Point", "coordinates": [ 92.7537811, 22.8590138 ] } },
{ "type": "Feature", "properties": { "id": 564, "state": "Mizoram", "state_code": null, "district": "LUNGLEI", "district_code": 286.0, "sub_district": null, "sub_district_code": null, "sub_district_type": null, "village": "Unnamed Hamlet", "village_category": "Rural", "village_code": "13344047693" }, "geometry": { "type": "Point", "coordinates": [ 92.758601, 22.8496784 ] } },
{ "type": "Feature", "properties": { "id": 565, "state": "Mizoram", "state_code": null, "district": "LUNGLEI", "district_code": 286.0, "sub_district": null, "sub_district_code": null, "sub_district_type": null, "village": "Unnamed Hamlet", "village_category": "Rural", "village_code": "13344047718" }, "geometry": { "type": "Point", "coordinates": [ 92.7628604, 22.8487935 ] } },
{ "type": "Feature", "properties": { "id": 566, "state": "Mizoram", "state_code": null, "district": "LUNGLEI", "district_code": 286.0, "sub_district": null, "sub_district_code": null, "sub_district_type": null, "village": "Unnamed Village", "village_category": "Rural", "village_code": "13344213830" }, "geometry": { "type": "Point", "coordinates": [ 92.7358291, 22.8852691 ] } },
{ "type": "Feature", "properties": { "id": 567, "state": "Mizoram", "state_code": null, "district": "LUNGLEI", "district_code": 286.0, "sub_district": null, "sub_district_code": null, "sub_district_type": null, "village": "Unnamed Village", "village_category": "Rural", "village_code": "13344213872" }, "geometry": { "type": "Point", "coordinates": [ 92.7314866, 22.8857139 ] } },
{ "type": "Feature", "properties": { "id": 568, "state": "Mizoram", "state_code": null, "district": "LUNGLEI", "district_code": 286.0, "sub_district": null, "sub_district_code": null, "sub_district_type": null, "village": "Unnamed Village", "village_category": "Rural", "village_code": "13344345168" }, "geometry": { "type": "Point", "coordinates": [ 92.6182061, 22.6722635 ] } },
{ "type": "Feature", "properties": { "id": 569, "state": "Mizoram", "state_code": null, "district": "LUNGLEI", "district_code": 286.0, "sub_district": null, "sub_district_code": null, "sub_district_type": null, "village": "Unnamed Hamlet", "village_category": "Rural", "village_code": "13344351201" }, "geometry": { "type": "Point", "coordinates": [ 92.619794, 22.6742385 ] } },
{ "type": "Feature", "properties": { "id": 570, "state": "Mizoram", "state_code": null, "district": "LUNGLEI", "district_code": 286.0, "sub_district": null, "sub_district_code": null, "sub_district_type": null, "village": "Unnamed Hamlet", "village_category": "Rural", "village_code": "13344351324" }, "geometry": { "type": "Point", "coordinates": [ 92.6178836, 22.6741562 ] } },
{ "type": "Feature", "properties": { "id": 571, "state": "Mizoram", "state_code": null, "district": "LUNGLEI", "district_code": 286.0, "sub_district": null, "sub_district_code": null, "sub_district_type": null, "village": "Unnamed Hamlet", "village_category": "Rural", "village_code": "13344351325" }, "geometry": { "type": "Point", "coordinates": [ 92.6185387, 22.6737435 ] } },
{ "type": "Feature", "properties": { "id": 572, "state": "Mizoram", "state_code": null, "district": "LAWNGTLAI", "district_code": 287.0, "sub_district": null, "sub_district_code": null, "sub_district_type": null, "village": "Unnamed Hamlet", "village_category": "Rural", "village_code": "13344351514" }, "geometry": { "type": "Point", "coordinates": [ 92.6228571, 22.6652469 ] } },
{ "type": "Feature", "properties": { "id": 573, "state": "Mizoram", "state_code": null, "district": "LAWNGTLAI", "district_code": 287.0, "sub_district": null, "sub_district_code": null, "sub_district_type": null, "village": "Unnamed Hamlet", "village_category": "Rural", "village_code": "13344351542" }, "geometry": { "type": "Point", "coordinates": [ 92.6241955, 22.6634252 ] } },
{ "type": "Feature", "properties": { "id": 574, "state": "Mizoram", "state_code": null, "district": "LAWNGTLAI", "district_code": 287.0, "sub_district": null, "sub_district_code": null, "sub_district_type": null, "village": "Unnamed Hamlet", "village_category": "Rural", "village_code": "13344351590" }, "geometry": { "type": "Point", "coordinates": [ 92.6246206, 22.6587175 ] } },
{ "type": "Feature", "properties": { "id": 575, "state": "Mizoram", "state_code": null, "district": "LUNGLEI", "district_code": 286.0, "sub_district": null, "sub_district_code": null, "sub_district_type": null, "village": "Unnamed Hamlet", "village_category": "Rural", "village_code": "13345277820" }, "geometry": { "type": "Point", "coordinates": [ 92.8386623, 22.6942157 ] } },
{ "type": "Feature", "properties": { "id": 576, "state": "Mizoram", "state_code": null, "district": "LUNGLEI", "district_code": 286.0, "sub_district": null, "sub_district_code": null, "sub_district_type": null, "village": "Unnamed Hamlet", "village_category": "Rural", "village_code": "13345277982" }, "geometry": { "type": "Point", "coordinates": [ 92.8446946, 22.6758942 ] } },
{ "type": "Feature", "properties": { "id": 577, "state": "Mizoram", "state_code": null, "district": "LUNGLEI", "district_code": 286.0, "sub_district": null, "sub_district_code": null, "sub_district_type": null, "village": "Unnamed Hamlet", "village_category": "Rural", "village_code": "13345278002" }, "geometry": { "type": "Point", "coordinates": [ 92.8467397, 22.6756034 ] } },
{ "type": "Feature", "properties": { "id": 578, "state": "Mizoram", "state_code": null, "district": "LUNGLEI", "district_code": 286.0, "sub_district": null, "sub_district_code": null, "sub_district_type": null, "village": "Unnamed Hamlet", "village_category": "Rural", "village_code": "13345278050" }, "geometry": { "type": "Point", "coordinates": [ 92.8478488, 22.6781934 ] } },
{ "type": "Feature", "properties": { "id": 579, "state": "Mizoram", "state_code": null, "district": "LUNGLEI", "district_code": 286.0, "sub_district": null, "sub_district_code": null, "sub_district_type": null, "village": "Unnamed Hamlet", "village_category": "Rural", "village_code": "13345278051" }, "geometry": { "type": "Point", "coordinates": [ 92.8493375, 22.6777281 ] } },
{ "type": "Feature", "properties": { "id": 580, "state": "Mizoram", "state_code": null, "district": "LUNGLEI", "district_code": 286.0, "sub_district": null, "sub_district_code": null, "sub_district_type": null, "village": "Unnamed Hamlet", "village_category": "Rural", "village_code": "13345278052" }, "geometry": { "type": "Point", "coordinates": [ 92.8520867, 22.6779805 ] } },
{ "type": "Feature", "properties": { "id": 581, "state": "Mizoram", "state_code": null, "district": "LUNGLEI", "district_code": 286.0, "sub_district": null, "sub_district_code": null, "sub_district_type": null, "village": "Unnamed Hamlet", "village_category": "Rural", "village_code": "13345278301" }, "geometry": { "type": "Point", "coordinates": [ 92.8420606, 22.6782305 ] } },
{ "type": "Feature", "properties": { "id": 582, "state": "Mizoram", "state_code": null, "district": "LUNGLEI", "district_code": 286.0, "sub_district": null, "sub_district_code": null, "sub_district_type": null, "village": "Unnamed Village", "village_category": "Rural", "village_code": "13345278315" }, "geometry": { "type": "Point", "coordinates": [ 92.8222257, 22.6895326 ] } },
{ "type": "Feature", "properties": { "id": 583, "state": "Mizoram", "state_code": null, "district": "LUNGLEI", "district_code": 286.0, "sub_district": null, "sub_district_code": null, "sub_district_type": null, "village": "Unnamed Village", "village_category": "Rural", "village_code": "13345279015" }, "geometry": { "type": "Point", "coordinates": [ 92.8384289, 22.7020635 ] } },
{ "type": "Feature", "properties": { "id": 584, "state": "Mizoram", "state_code": null, "district": "LUNGLEI", "district_code": 286.0, "sub_district": null, "sub_district_code": null, "sub_district_type": null, "village": "Unnamed Village", "village_category": "Rural", "village_code": "13345279021" }, "geometry": { "type": "Point", "coordinates": [ 92.8410454, 22.7144968 ] } },
{ "type": "Feature", "properties": { "id": 585, "state": "Mizoram", "state_code": null, "district": "LUNGLEI", "district_code": 286.0, "sub_district": null, "sub_district_code": null, "sub_district_type": null, "village": "Unnamed Village", "village_category": "Rural", "village_code": "13345279027" }, "geometry": { "type": "Point", "coordinates": [ 92.8385979, 22.7091946 ] } },
{ "type": "Feature", "properties": { "id": 586, "state": "Mizoram", "state_code": null, "district": "LUNGLEI", "district_code": 286.0, "sub_district": null, "sub_district_code": null, "sub_district_type": null, "village": "Unnamed Village", "village_category": "Rural", "village_code": "13345315339" }, "geometry": { "type": "Point", "coordinates": [ 92.8513759, 22.6688085 ] } },
{ "type": "Feature", "properties": { "id": 587, "state": "Mizoram", "state_code": null, "district": "LUNGLEI", "district_code": 286.0, "sub_district": null, "sub_district_code": null, "sub_district_type": null, "village": "Unnamed Village", "village_category": "Rural", "village_code": "13345315370" }, "geometry": { "type": "Point", "coordinates": [ 92.8459096, 22.6722982 ] } },
{ "type": "Feature", "properties": { "id": 588, "state": "Mizoram", "state_code": null, "district": "LUNGLEI", "district_code": 286.0, "sub_district": null, "sub_district_code": null, "sub_district_type": null, "village": "Unnamed Village", "village_category": "Rural", "village_code": "13345315398" }, "geometry": { "type": "Point", "coordinates": [ 92.8460517, 22.6743004 ] } },
{ "type": "Feature", "properties": { "id": 589, "state": "Mizoram", "state_code": null, "district": "LUNGLEI", "district_code": 286.0, "sub_district": null, "sub_district_code": null, "sub_district_type": null, "village": "Unnamed Hamlet", "village_category": "Rural", "village_code": "13345375483" }, "geometry": { "type": "Point", "coordinates": [ 92.7761131, 22.5081563 ] } },
{ "type": "Feature", "properties": { "id": 590, "state": "Mizoram", "state_code": null, "district": "LUNGLEI", "district_code": 286.0, "sub_district": null, "sub_district_code": null, "sub_district_type": null, "village": "Unnamed Hamlet", "village_category": "Rural", "village_code": "13345412362" }, "geometry": { "type": "Point", "coordinates": [ 92.8495091, 22.6564725 ] } },
{ "type": "Feature", "properties": { "id": 591, "state": "Mizoram", "state_code": null, "district": "LAWNGTLAI", "district_code": 287.0, "sub_district": null, "sub_district_code": null, "sub_district_type": null, "village": "Unnamed Village", "village_category": "Rural", "village_code": "13345638658" }, "geometry": { "type": "Point", "coordinates": [ 92.7770841, 22.5110405 ] } },
{ "type": "Feature", "properties": { "id": 592, "state": "Mizoram", "state_code": null, "district": "LUNGLEI", "district_code": 286.0, "sub_district": null, "sub_district_code": null, "sub_district_type": null, "village": "Unnamed Hamlet", "village_category": "Rural", "village_code": "13347497400" }, "geometry": { "type": "Point", "coordinates": [ 92.8409864, 22.7682959 ] } },
{ "type": "Feature", "properties": { "id": 593, "state": "Mizoram", "state_code": null, "district": "LUNGLEI", "district_code": 286.0, "sub_district": null, "sub_district_code": null, "sub_district_type": null, "village": "Unnamed Village", "village_category": "Rural", "village_code": "13347497414" }, "geometry": { "type": "Point", "coordinates": [ 92.8447401, 22.7676912 ] } },
{ "type": "Feature", "properties": { "id": 594, "state": "Mizoram", "state_code": null, "district": "LUNGLEI", "district_code": 286.0, "sub_district": null, "sub_district_code": null, "sub_district_type": null, "village": "Unnamed Village", "village_category": "Rural", "village_code": "13347527048" }, "geometry": { "type": "Point", "coordinates": [ 92.6991391, 22.6342234 ] } },
{ "type": "Feature", "properties": { "id": 595, "state": "Mizoram", "state_code": null, "district": "LUNGLEI", "district_code": 286.0, "sub_district": null, "sub_district_code": null, "sub_district_type": null, "village": "Unnamed Hamlet", "village_category": "Rural", "village_code": "13422196101" }, "geometry": { "type": "Point", "coordinates": [ 92.7811718, 23.0515275 ] } },
{ "type": "Feature", "properties": { "id": 596, "state": "Mizoram", "state_code": null, "district": "LUNGLEI", "district_code": 286.0, "sub_district": null, "sub_district_code": null, "sub_district_type": null, "village": "Unnamed Village", "village_category": "Rural", "village_code": "13422196102" }, "geometry": { "type": "Point", "coordinates": [ 92.7839372, 23.0458336 ] } },
{ "type": "Feature", "properties": { "id": 597, "state": "Mizoram", "state_code": null, "district": "LUNGLEI", "district_code": 286.0, "sub_district": null, "sub_district_code": null, "sub_district_type": null, "village": "Unnamed Village", "village_category": "Rural", "village_code": "13422196106" }, "geometry": { "type": "Point", "coordinates": [ 92.7716339, 23.052179 ] } },
{ "type": "Feature", "properties": { "id": 598, "state": "Mizoram", "state_code": null, "district": "LUNGLEI", "district_code": 286.0, "sub_district": null, "sub_district_code": null, "sub_district_type": null, "village": "Unnamed Village", "village_category": "Rural", "village_code": "13602813670" }, "geometry": { "type": "Point", "coordinates": [ 92.3658062, 23.1591813 ] } },
{ "type": "Feature", "properties": { "id": 599, "state": "Mizoram", "state_code": null, "district": "SAITUAL", "district_code": 682.0, "sub_district": null, "sub_district_code": null, "sub_district_type": null, "village": "Unnamed Village", "village_category": "Rural", "village_code": "13918382976" }, "geometry": { "type": "Point", "coordinates": [ 93.0535126, 23.8152309 ] } },
{ "type": "Feature", "properties": { "id": 600, "state": "Mizoram", "state_code": null, "district": "SAITUAL", "district_code": 682.0, "sub_district": null, "sub_district_code": null, "sub_district_type": null, "village": "Unnamed Village", "village_category": "Rural", "village_code": "13918382977" }, "geometry": { "type": "Point", "coordinates": [ 93.0146205, 23.8998603 ] } },
{ "type": "Feature", "properties": { "id": 601, "state": "Mizoram", "state_code": null, "district": "AIZAWL", "district_code": 283.0, "sub_district": null, "sub_district_code": null, "sub_district_type": null, "village": "Unnamed Hamlet", "village_category": "Rural", "village_code": "13918382978" }, "geometry": { "type": "Point", "coordinates": [ 92.8931794, 24.0672501 ] } },
{ "type": "Feature", "properties": { "id": 602, "state": "Mizoram", "state_code": null, "district": "SAITUAL", "district_code": 682.0, "sub_district": null, "sub_district_code": null, "sub_district_type": null, "village": "Unnamed Village", "village_category": "Rural", "village_code": "13918382979" }, "geometry": { "type": "Point", "coordinates": [ 93.0857205, 23.857842 ] } },
{ "type": "Feature", "properties": { "id": 603, "state": "Mizoram", "state_code": null, "district": "SAITUAL", "district_code": 682.0, "sub_district": null, "sub_district_code": null, "sub_district_type": null, "village": "Unnamed Village", "village_category": "Rural", "village_code": "13918382980" }, "geometry": { "type": "Point", "coordinates": [ 93.1203153, 23.9268582 ] } },
{ "type": "Feature", "properties": { "id": 604, "state": "Mizoram", "state_code": null, "district": "SAITUAL", "district_code": 682.0, "sub_district": null, "sub_district_code": null, "sub_district_type": null, "village": "Unnamed Village", "village_category": "Rural", "village_code": "13918382981" }, "geometry": { "type": "Point", "coordinates": [ 93.0413159, 23.956524 ] } },
{ "type": "Feature", "properties": { "id": 605, "state": "Mizoram", "state_code": null, "district": "AIZAWL", "district_code": 283.0, "sub_district": null, "sub_district_code": null, "sub_district_type": null, "village": "Unnamed Hamlet", "village_category": "Rural", "village_code": "13918382982" }, "geometry": { "type": "Point", "coordinates": [ 92.89027, 24.0265133 ] } },
{ "type": "Feature", "properties": { "id": 606, "state": "Mizoram", "state_code": null, "district": "SAITUAL", "district_code": 682.0, "sub_district": null, "sub_district_code": null, "sub_district_type": null, "village": "Unnamed Village", "village_category": "Rural", "village_code": "13918382983" }, "geometry": { "type": "Point", "coordinates": [ 93.0351609, 24.0070956 ] } },
{ "type": "Feature", "properties": { "id": 607, "state": "Mizoram", "state_code": null, "district": "SAITUAL", "district_code": 682.0, "sub_district": null, "sub_district_code": null, "sub_district_type": null, "village": "Unnamed Hamlet", "village_category": "Rural", "village_code": "13918382984" }, "geometry": { "type": "Point", "coordinates": [ 93.1457621, 24.0450023 ] } },
{ "type": "Feature", "properties": { "id": 608, "state": "Mizoram", "state_code": null, "district": "LUNGLEI", "district_code": 286.0, "sub_district": null, "sub_district_code": null, "sub_district_type": null, "village": "Unnamed Hamlet", "village_category": "Rural", "village_code": "13946072588" }, "geometry": { "type": "Point", "coordinates": [ 92.8741468, 22.6328688 ] } },
{ "type": "Feature", "properties": { "id": 609, "state": "Mizoram", "state_code": null, "district": "LUNGLEI", "district_code": 286.0, "sub_district": null, "sub_district_code": null, "sub_district_type": null, "village": "Unnamed Hamlet", "village_category": "Rural", "village_code": "13964400715" }, "geometry": { "type": "Point", "coordinates": [ 92.7491435, 22.9743124 ] } },
{ "type": "Feature", "properties": { "id": 610, "state": "Mizoram", "state_code": null, "district": "CHAMPHAI", "district_code": 284.0, "sub_district": null, "sub_district_code": null, "sub_district_type": null, "village": "Unnamed Hamlet", "village_category": "Rural", "village_code": "13969922892" }, "geometry": { "type": "Point", "coordinates": [ 93.3486146, 23.1133451 ] } }
]
}
