{"type":"FeatureCollection","features":[{"id":"0","type":"Feature","properties":{"state":"PUDUCHERRY","state_code":"34","district":"PUDUCHERRY","district_code":"635","sub_district_code":"05909","sub_district_type":"TALUK","village":"PUDUCHERRY","village_category":"URBAN","village_code":"804036"},"geometry":{"type":"Polygon","coordinates":[[[79.83721,11.95707,0.0],[79.84078,11.95633,0.0],[79.83775,11.9443,0.0],[79.83697,11.93557,0.0],[79.83406,11.92306,0.0],[79.82993,11.9095,0.0],[79.82823,11.90891,0.0],[79.82789,11.91018,0.0],[79.82877,11.91168,0.0],[79.82975,11.91162,0.0],[79.82969,11.91453,0.0],[79.83036,11.91539,0.0],[79.82003,11.91953,0.0],[79.81694,11.91928,0.0],[79.81605,11.91835,0.0],[79.81495,11.91896,0.0],[79.8208,11.93105,0.0],[79.82236,11.93132,0.0],[79.82184,11.9321,0.0],[79.8236,11.9344,0.0],[79.82381,11.93731,0.0],[79.82713,11.94353,0.0],[79.82831,11.94432,0.0],[79.83085,11.95098,0.0],[79.82983,11.95228,0.0],[79.83189,11.95764,0.0],[79.83302,11.95677,0.0],[79.83721,11.95707,0.0]]]}},{"id":"1","type":"Feature","properties":{"state":"PUDUCHERRY","state_code":"34","district":"PUDUCHERRY","district_code":"635","sub_district_code":"05909","sub_district_type":"TALUK","village":"POORNANKUPPAM","village_category":"RURAL","village_code":"644920"},"geometry":{"type":"Polygon","coordinates":[[[79.80805,11.83751,0.0],[79.80738,11.8375,0.0],[79.80635,11.83832,0.0],[79.80626,11.84183,0.0],[79.8079,11.84466,0.0],[79.80767,11.84618,0.0],[79.80571,11.84679,0.0],[79.80582,11.84896,0.0],[79.80418,11.85084,0.0],[79.80408,11.85263,0.0],[79.80544,11.85378,0.0],[79.80565,11.86011,0.0],[79.80762,11.86075,0.0],[79.80764,11.86218,0.0],[79.80564,11.86286,0.0],[79.80395,11.8651,0.0],[79.80162,11.86509,0.0],[79.80262,11.86823,0.0],[79.80488,11.86928,0.0],[79.80444,11.87044,0.0],[79.8062,11.87861,0.0],[79.80743,11.87844,0.0],[79.80777,11.87607,0.0],[79.81013,11.87454,0.0],[79.81284,11.87545,0.0],[79.81818,11.8726,0.0],[79.8205,11.87224,0.0],[79.81507,11.85917,0.0],[79.80805,11.83751,0.0]]]}},{"id":"2","type":"Feature","properties":{"state":"PUDUCHERRY","state_code":"34","district":"PUDUCHERRY","district_code":"635","sub_district_code":"05909","sub_district_type":"TALUK","village":"THAVALAKUPPAM","village_category":"URBAN","village_code":"644919"},"geometry":{"type":"Polygon","coordinates":[[[79.80395,11.8651,0.0],[79.80564,11.86286,0.0],[79.80764,11.86218,0.0],[79.80762,11.86075,0.0],[79.80565,11.86011,0.0],[79.80544,11.85378,0.0],[79.80408,11.85263,0.0],[79.80285,11.85432,0.0],[79.80172,11.85388,0.0],[79.80126,11.85504,0.0],[79.78994,11.85522,0.0],[79.7991,11.88171,0.0],[79.80698,11.88099,0.0],[79.80511,11.87495,0.0],[79.8044,11.87015,0.0],[79.80488,11.86928,0.0],[79.80262,11.86823,0.0],[79.8019,11.86505,0.0],[79.80395,11.8651,0.0]]]}},{"id":"3","type":"Feature","properties":{"state":"PUDUCHERRY","state_code":"34","district":"PUDUCHERRY","district_code":"635","sub_district_code":"05911","sub_district_type":"TALUK","village":"PERUNGALUR","village_category":"RURAL","village_code":"644957"},"geometry":{"type":"Polygon","coordinates":[[[79.7601,11.87598,0.0],[79.75727,11.87676,0.0],[79.7574,11.86807,0.0],[79.75463,11.86748,0.0],[79.75426,11.87129,0.0],[79.75105,11.87206,0.0],[79.7512,11.88122,0.0],[79.75217,11.88131,0.0],[79.75241,11.8848,0.0],[79.75398,11.88615,0.0],[79.75558,11.88403,0.0],[79.75982,11.88393,0.0],[79.76036,11.8814,0.0],[79.76145,11.88132,0.0],[79.76259,11.87918,0.0],[79.76487,11.87828,0.0],[79.76511,11.8768,0.0],[79.7601,11.87598,0.0]]]}},{"id":"4","type":"Feature","properties":{"state":"PUDUCHERRY","state_code":"34","district":"PUDUCHERRY","district_code":"635","sub_district_code":"05911","sub_district_type":"TALUK","village":"ARIYUR","village_category":"RURAL","village_code":"644951"},"geometry":{"type":"Polygon","coordinates":[[[79.69632,11.91899,0.0],[79.71874,11.91908,0.0],[79.71842,11.91359,0.0],[79.70768,11.9137,0.0],[79.70759,11.90522,0.0],[79.70946,11.90491,0.0],[79.70936,11.90329,0.0],[79.70896,11.90146,0.0],[79.70779,11.9016,0.0],[79.70666,11.89971,0.0],[79.70571,11.89487,0.0],[79.69604,11.89479,0.0],[79.69658,11.90274,0.0],[79.69849,11.90289,0.0],[79.69877,11.90546,0.0],[79.69875,11.90829,0.0],[79.69632,11.90872,0.0],[79.69632,11.91899,0.0]]]}},{"id":"5","type":"Feature","properties":{"state":"PUDUCHERRY","state_code":"34","district":"PUDUCHERRY","district_code":"635","sub_district_code":"05911","sub_district_type":"TALUK","village":"URUVAIYARU","village_category":"RURAL","village_code":"644955"},"geometry":{"type":"Polygon","coordinates":[[[79.75254,11.8946,0.0],[79.75465,11.8908,0.0],[79.75403,11.88623,0.0],[79.75275,11.8848,0.0],[79.75087,11.88672,0.0],[79.74749,11.88664,0.0],[79.7474,11.88567,0.0],[79.74413,11.88619,0.0],[79.74529,11.89792,0.0],[79.74658,11.90005,0.0],[79.74732,11.90501,0.0],[79.75278,11.90587,0.0],[79.75254,11.8946,0.0]]]}},{"id":"6","type":"Feature","properties":{"state":"PUDUCHERRY","state_code":"34","district":"PUDUCHERRY","district_code":"635","sub_district_code":"05911","sub_district_type":"TALUK","village":"MANAKUPPAM","village_category":"RURAL","village_code":"644958"},"geometry":{"type":"Polygon","coordinates":[[[79.69893,11.86136,0.0],[79.69605,11.8604,0.0],[79.69725,11.87408,0.0],[79.69973,11.87418,0.0],[79.69893,11.86136,0.0]]]}},{"id":"7","type":"Feature","properties":{"state":"PUDUCHERRY","state_code":"34","district":"PUDUCHERRY","district_code":"635","sub_district_code":"05911","sub_district_type":"TALUK","village":"KIZHUR","village_category":"RURAL","village_code":"644952"},"geometry":{"type":"Polygon","coordinates":[[[79.70566,11.89388,0.0],[79.70913,11.89371,0.0],[79.7103,11.89294,0.0],[79.71004,11.8918,0.0],[79.70941,11.89201,0.0],[79.70894,11.88906,0.0],[79.70013,11.88933,0.0],[79.69738,11.88884,0.0],[79.69689,11.88691,0.0],[79.6952,11.88667,0.0],[79.68585,11.88706,0.0],[79.68564,11.88132,0.0],[79.67478,11.8813,0.0],[79.67454,11.89196,0.0],[79.68343,11.89206,0.0],[79.68354,11.88929,0.0],[79.68749,11.88925,0.0],[79.68761,11.89472,0.0],[79.70571,11.89487,0.0],[79.70566,11.89388,0.0]]]}},{"id":"8","type":"Feature","properties":{"state":"PUDUCHERRY","state_code":"34","district":"PUDUCHERRY","district_code":"635","sub_district_code":"05912","sub_district_type":"TALUK","village":"Korkadu","village_category":"RURAL","village_code":"644965"},"geometry":{"type":"Polygon","coordinates":[[[79.74168,11.88648,0.0],[79.7428,11.88723,0.0],[79.74296,11.88629,0.0],[79.74577,11.88639,0.0],[79.74666,11.88564,0.0],[79.74765,11.88586,0.0],[79.74749,11.88664,0.0],[79.75087,11.88672,0.0],[79.75248,11.88489,0.0],[79.75217,11.88131,0.0],[79.7512,11.88122,0.0],[79.75134,11.87296,0.0],[79.75104,11.87202,0.0],[79.74967,11.87188,0.0],[79.74856,11.86812,0.0],[79.73849,11.86904,0.0],[79.73658,11.8698,0.0],[79.73645,11.87075,0.0],[79.73449,11.87061,0.0],[79.73459,11.87232,0.0],[79.73166,11.87253,0.0],[79.73199,11.87365,0.0],[79.73467,11.87384,0.0],[79.73536,11.88129,0.0],[79.73427,11.88176,0.0],[79.73358,11.88476,0.0],[79.73364,11.88614,0.0],[79.73533,11.88732,0.0],[79.74168,11.88648,0.0]]]}},{"id":"9","type":"Feature","properties":{"state":"PUDUCHERRY","state_code":"34","district":"PUDUCHERRY","district_code":"635","sub_district_code":"05912","sub_district_type":"TALUK","village":"Parikkalpattu","village_category":"RURAL","village_code":"644981"},"geometry":{"type":"Polygon","coordinates":[[[79.7533,11.79584,0.0],[79.76092,11.7947,0.0],[79.76639,11.79236,0.0],[79.76373,11.79052,0.0],[79.76192,11.79102,0.0],[79.76085,11.78685,0.0],[79.75984,11.78709,0.0],[79.75966,11.78632,0.0],[79.75853,11.78606,0.0],[79.75696,11.78059,0.0],[79.75637,11.78051,0.0],[79.75575,11.77561,0.0],[79.7483,11.77624,0.0],[79.74103,11.78017,0.0],[79.7421,11.78137,0.0],[79.74387,11.78793,0.0],[79.7444,11.79587,0.0],[79.7533,11.79584,0.0]]]}},{"id":"10","type":"Feature","properties":{"state":"PUDUCHERRY","state_code":"34","district":"PUDUCHERRY","district_code":"635","sub_district_code":"05912","sub_district_type":"TALUK","village":"Irulansanthi","village_category":"RURAL","village_code":"644977"},"geometry":{"type":"Polygon","coordinates":[[[79.72985,11.81001,0.0],[79.73,11.80901,0.0],[79.73566,11.80885,0.0],[79.73554,11.79864,0.0],[79.73498,11.79742,0.0],[79.73055,11.7973,0.0],[79.72934,11.7951,0.0],[79.72313,11.7951,0.0],[79.72359,11.80276,0.0],[79.72556,11.80286,0.0],[79.72391,11.81057,0.0],[79.72985,11.81001,0.0]]]}},{"id":"11","type":"Feature","properties":{"state":"PUDUCHERRY","state_code":"34","district":"PUDUCHERRY","district_code":"635","sub_district_code":"05912","sub_district_type":"TALUK","village":"Embalam","village_category":"RURAL","village_code":"644964"},"geometry":{"type":"Polygon","coordinates":[[[79.73187,11.86257,0.0],[79.72503,11.86177,0.0],[79.72065,11.86294,0.0],[79.71936,11.85764,0.0],[79.71937,11.8527,0.0],[79.71883,11.85274,0.0],[79.71673,11.85636,0.0],[79.7164,11.86017,0.0],[79.71427,11.86168,0.0],[79.71417,11.86284,0.0],[79.71286,11.8632,0.0],[79.71313,11.86445,0.0],[79.71244,11.86463,0.0],[79.71182,11.868,0.0],[79.70813,11.86983,0.0],[79.70932,11.88312,0.0],[79.71407,11.88412,0.0],[79.71432,11.88148,0.0],[79.71741,11.88132,0.0],[79.71757,11.88026,0.0],[79.71926,11.88162,0.0],[79.72296,11.88201,0.0],[79.72432,11.88309,0.0],[79.72738,11.88209,0.0],[79.72928,11.8845,0.0],[79.73008,11.88448,0.0],[79.72989,11.88585,0.0],[79.73367,11.88612,0.0],[79.73427,11.88176,0.0],[79.73536,11.88129,0.0],[79.73538,11.87853,0.0],[79.73467,11.87384,0.0],[79.73179,11.87319,0.0],[79.73166,11.87253,0.0],[79.73459,11.87232,0.0],[79.73452,11.86879,0.0],[79.73287,11.86734,0.0],[79.73187,11.86257,0.0]]]}},{"id":"12","type":"Feature","properties":{"state":"PUDUCHERRY","state_code":"34","district":"PUDUCHERRY","district_code":"635","sub_district_code":"05912","sub_district_type":"TALUK","village":"KARAYAMPATHUR","village_category":"RURAL","village_code":"644975"},"geometry":{"type":"Polygon","coordinates":[[[79.64457,11.83272,0.0],[79.65496,11.83188,0.0],[79.6563,11.83065,0.0],[79.66011,11.83001,0.0],[79.65978,11.82807,0.0],[79.6606,11.82595,0.0],[79.67107,11.82399,0.0],[79.67047,11.81491,0.0],[79.665,11.81493,0.0],[79.66266,11.81316,0.0],[79.65974,11.81303,0.0],[79.64796,11.81556,0.0],[79.64679,11.81634,0.0],[79.64711,11.8193,0.0],[79.64499,11.82008,0.0],[79.64485,11.82192,0.0],[79.64062,11.82364,0.0],[79.64365,11.82639,0.0],[79.64457,11.83272,0.0]]]}},{"id":"13","type":"Feature","properties":{"state":"PUDUCHERRY","state_code":"34","district":"PUDUCHERRY","district_code":"635","sub_district_code":"05912","sub_district_type":"TALUK","village":"Manapattu","village_category":"RURAL","village_code":"644979"},"geometry":{"type":"Polygon","coordinates":[[[79.79584,11.78552,0.0],[79.78469,11.7879,0.0],[79.78619,11.79216,0.0],[79.78209,11.79367,0.0],[79.7804,11.79508,0.0],[79.7729,11.79642,0.0],[79.77314,11.79793,0.0],[79.76225,11.80166,0.0],[79.76346,11.80664,0.0],[79.76343,11.81019,0.0],[79.76954,11.81061,0.0],[79.77584,11.80843,0.0],[79.78541,11.80669,0.0],[79.79092,11.8046,0.0],[79.79268,11.80735,0.0],[79.79959,11.80652,0.0],[79.79584,11.78552,0.0]]]}},{"id":"14","type":"Feature","properties":{"state":"PUDUCHERRY","state_code":"34","district":"PUDUCHERRY","district_code":"635","sub_district_code":"05912","sub_district_type":"TALUK","village":"Kirumampakkam","village_category":"URBAN","village_code":"644971"},"geometry":{"type":"Polygon","coordinates":[[[79.79638,11.81728,0.0],[79.7953,11.81476,0.0],[79.78523,11.81925,0.0],[79.77934,11.82312,0.0],[79.77305,11.82237,0.0],[79.77354,11.82682,0.0],[79.77419,11.82694,0.0],[79.77471,11.82908,0.0],[79.77624,11.82885,0.0],[79.77752,11.83151,0.0],[79.78317,11.83243,0.0],[79.78657,11.83164,0.0],[79.78794,11.82973,0.0],[79.79166,11.82809,0.0],[79.79345,11.8282,0.0],[79.79498,11.82951,0.0],[79.79683,11.82882,0.0],[79.79557,11.82577,0.0],[79.79788,11.82489,0.0],[79.79832,11.82808,0.0],[79.80035,11.82921,0.0],[79.80089,11.83172,0.0],[79.79766,11.83369,0.0],[79.79414,11.83219,0.0],[79.79405,11.83393,0.0],[79.79805,11.83517,0.0],[79.79823,11.83914,0.0],[79.80033,11.83941,0.0],[79.80205,11.83509,0.0],[79.8071,11.83393,0.0],[79.80463,11.83352,0.0],[79.80706,11.83349,0.0],[79.80696,11.83261,0.0],[79.80195,11.81607,0.0],[79.79638,11.81728,0.0]]]}},{"id":"15","type":"Feature","properties":{"state":"PUDUCHERRY","state_code":"34","district":"PUDUCHERRY","district_code":"635","sub_district_code":"05912","sub_district_type":"TALUK","village":"Aranganoor","village_category":"RURAL","village_code":"644970"},"geometry":{"type":"Polygon","coordinates":[[[79.75956,11.83315,0.0],[79.75746,11.83261,0.0],[79.75631,11.83316,0.0],[79.75356,11.83186,0.0],[79.75369,11.83068,0.0],[79.75201,11.82893,0.0],[79.75197,11.82726,0.0],[79.7445,11.82692,0.0],[79.74371,11.83529,0.0],[79.73753,11.83642,0.0],[79.7383,11.83817,0.0],[79.73738,11.84429,0.0],[79.73842,11.84429,0.0],[79.73902,11.8422,0.0],[79.73954,11.84274,0.0],[79.7508,11.83981,0.0],[79.7508,11.83913,0.0],[79.75427,11.83877,0.0],[79.76133,11.83495,0.0],[79.75956,11.83315,0.0]]]}},{"id":"16","type":"Feature","properties":{"state":"PUDUCHERRY","state_code":"34","district":"PUDUCHERRY","district_code":"635","sub_district_code":"05912","sub_district_type":"TALUK","village":"KADUVANUR","village_category":"RURAL","village_code":"644974"},"geometry":{"type":"Polygon","coordinates":[[[79.69338,11.81372,0.0],[79.69466,11.8196,0.0],[79.69455,11.82337,0.0],[79.7015,11.82323,0.0],[79.70243,11.81595,0.0],[79.7042,11.81467,0.0],[79.70422,11.81314,0.0],[79.69338,11.81372,0.0]]]}},{"id":"17","type":"Feature","properties":{"state":"PUDUCHERRY","state_code":"34","district":"PUDUCHERRY","district_code":"635","sub_district_code":"05912","sub_district_type":"TALUK","village":"MANAMEDU","village_category":"RURAL","village_code":"644976"},"geometry":{"type":"Polygon","coordinates":[[[79.67483,11.80406,0.0],[79.67632,11.81366,0.0],[79.68803,11.81275,0.0],[79.6887,11.80987,0.0],[79.69029,11.80895,0.0],[79.69004,11.80299,0.0],[79.68943,11.80215,0.0],[79.68431,11.80204,0.0],[79.68073,11.79712,0.0],[79.67962,11.79693,0.0],[79.67483,11.80406,0.0]]]}},{"id":"18","type":"Feature","properties":{"state":"PUDUCHERRY","state_code":"34","district":"PUDUCHERRY","district_code":"635","sub_district_code":"05912","sub_district_type":"TALUK","village":"PANAYADIKUPPAM","village_category":"RURAL","village_code":"644969"},"geometry":{"type":"Polygon","coordinates":[[[79.65472,11.84122,0.0],[79.66133,11.83954,0.0],[79.66146,11.83529,0.0],[79.66013,11.82999,0.0],[79.6563,11.83065,0.0],[79.65496,11.83188,0.0],[79.64461,11.83272,0.0],[79.64569,11.83402,0.0],[79.64574,11.8423,0.0],[79.64681,11.84256,0.0],[79.64713,11.84458,0.0],[79.64974,11.84438,0.0],[79.65472,11.84122,0.0]]]}},{"id":"19","type":"Feature","properties":{"state":"PUDUCHERRY","state_code":"34","district":"PUDUCHERRY","district_code":"635","sub_district_code":"05909","sub_district_type":"TALUK","village":"ABISHEKAPAKKAM","village_category":"URBAN","village_code":"644918"},"geometry":{"type":"Polygon","coordinates":[[[79.78994,11.85522,0.0],[79.7766,11.85665,0.0],[79.77499,11.85597,0.0],[79.77562,11.86041,0.0],[79.77658,11.86206,0.0],[79.7752,11.86449,0.0],[79.77733,11.8649,0.0],[79.77735,11.8664,0.0],[79.77832,11.86621,0.0],[79.77851,11.8632,0.0],[79.78526,11.86286,0.0],[79.78732,11.87174,0.0],[79.78796,11.87377,0.0],[79.78947,11.87528,0.0],[79.78993,11.87816,0.0],[79.79302,11.87711,0.0],[79.79335,11.87848,0.0],[79.79207,11.87893,0.0],[79.79286,11.88175,0.0],[79.7991,11.88171,0.0],[79.78994,11.85522,0.0]]]}},{"id":"20","type":"Feature","properties":{"state":"PUDUCHERRY","state_code":"34","district":"PUDUCHERRY","district_code":"635","sub_district_code":"05909","sub_district_type":"TALUK","village":"THIMMANAICKENPALAYAM","village_category":"RURAL","village_code":"644917"},"geometry":{"type":"Polygon","coordinates":[[[79.78011,11.84803,0.0],[79.77779,11.84652,0.0],[79.7771,11.84019,0.0],[79.77533,11.83768,0.0],[79.76961,11.8383,0.0],[79.76674,11.84044,0.0],[79.76455,11.84772,0.0],[79.76198,11.84908,0.0],[79.76303,11.85206,0.0],[79.76535,11.8519,0.0],[79.7664,11.85834,0.0],[79.76969,11.85822,0.0],[79.77051,11.86265,0.0],[79.76943,11.86391,0.0],[79.76909,11.8666,0.0],[79.76985,11.86833,0.0],[79.77017,11.8752,0.0],[79.77293,11.87544,0.0],[79.77336,11.87468,0.0],[79.77413,11.8769,0.0],[79.77615,11.87847,0.0],[79.77888,11.87786,0.0],[79.78032,11.87834,0.0],[79.78063,11.87765,0.0],[79.7796,11.86898,0.0],[79.778,11.86627,0.0],[79.77735,11.8664,0.0],[79.77733,11.8649,0.0],[79.7752,11.86449,0.0],[79.77658,11.86206,0.0],[79.77562,11.86041,0.0],[79.77499,11.85597,0.0],[79.77652,11.85665,0.0],[79.78179,11.85579,0.0],[79.78011,11.84803,0.0]]]}},{"id":"21","type":"Feature","properties":{"state":"PUDUCHERRY","state_code":"34","district":"PUDUCHERRY","district_code":"635","sub_district_code":"05909","sub_district_type":"TALUK","village":"ARIANKUPPAM","village_category":"URBAN","village_code":"644921"},"geometry":{"type":"Polygon","coordinates":[[[79.82433,11.88727,0.0],[79.82262,11.88793,0.0],[79.81972,11.88744,0.0],[79.81907,11.8876,0.0],[79.81938,11.88876,0.0],[79.8133,11.89018,0.0],[79.81391,11.89232,0.0],[79.81279,11.89327,0.0],[79.80578,11.89293,0.0],[79.80111,11.8945,0.0],[79.8011,11.89507,0.0],[79.79815,11.89498,0.0],[79.79706,11.89407,0.0],[79.79636,11.89978,0.0],[79.8058,11.90073,0.0],[79.80948,11.89932,0.0],[79.80959,11.89846,0.0],[79.81187,11.8973,0.0],[79.81559,11.90031,0.0],[79.81763,11.90512,0.0],[79.81861,11.90487,0.0],[79.82158,11.90664,0.0],[79.82149,11.90571,0.0],[79.82307,11.90562,0.0],[79.82247,11.90391,0.0],[79.82824,11.90205,0.0],[79.82433,11.88727,0.0]]]}},{"id":"22","type":"Feature","properties":{"state":"PUDUCHERRY","state_code":"34","district":"PUDUCHERRY","district_code":"635","sub_district_code":"05909","sub_district_type":"TALUK","village":"MANAVELY (CT)","village_category":"URBAN","village_code":"644922"},"geometry":{"type":"MultiPolygon","coordinates":[[[[79.7933,11.88412,0.0],[79.79324,11.88461,0.0],[79.79417,11.88459,0.0],[79.7933,11.88412,0.0]]],[[[79.8205,11.87224,0.0],[79.81818,11.8726,0.0],[79.81284,11.87545,0.0],[79.81013,11.87454,0.0],[79.80777,11.87607,0.0],[79.80743,11.87844,0.0],[79.8062,11.87861,0.0],[79.80694,11.88103,0.0],[79.80127,11.88187,0.0],[79.79364,11.88159,0.0],[79.7947,11.88364,0.0],[79.79461,11.88775,0.0],[79.7971,11.89405,0.0],[79.79815,11.89498,0.0],[79.8011,11.89507,0.0],[79.80111,11.8945,0.0],[79.80578,11.89293,0.0],[79.81279,11.89327,0.0],[79.81391,11.89232,0.0],[79.8133,11.89018,0.0],[79.81405,11.88977,0.0],[79.81938,11.88876,0.0],[79.81907,11.8876,0.0],[79.81972,11.88744,0.0],[79.82262,11.88793,0.0],[79.82433,11.88727,0.0],[79.82251,11.87598,0.0],[79.8205,11.87224,0.0]]]]}},{"id":"23","type":"Feature","properties":{"state":"PUDUCHERRY","state_code":"34","district":"PUDUCHERRY","district_code":"635","sub_district_code":"05911","sub_district_type":"TALUK","village":"THIRUKANCHI","village_category":"RURAL","village_code":"644956"},"geometry":{"type":"MultiPolygon","coordinates":[[[[79.77522,11.90164,0.0],[79.77238,11.9017,0.0],[79.7723,11.90242,0.0],[79.76969,11.90285,0.0],[79.7714,11.90432,0.0],[79.77537,11.90434,0.0],[79.77522,11.90164,0.0]]],[[[79.76828,11.87615,0.0],[79.76444,11.8759,0.0],[79.76511,11.8768,0.0],[79.76487,11.87828,0.0],[79.76259,11.87918,0.0],[79.76145,11.88132,0.0],[79.76036,11.8814,0.0],[79.76033,11.88349,0.0],[79.75546,11.88408,0.0],[79.75399,11.88613,0.0],[79.75465,11.8908,0.0],[79.75437,11.8922,0.0],[79.75325,11.89234,0.0],[79.75222,11.89739,0.0],[79.75278,11.90587,0.0],[79.75694,11.90461,0.0],[79.75984,11.89865,0.0],[79.76409,11.89477,0.0],[79.7649,11.89658,0.0],[79.7694,11.89665,0.0],[79.76917,11.90027,0.0],[79.77303,11.90027,0.0],[79.77299,11.89894,0.0],[79.77207,11.89893,0.0],[79.77051,11.89051,0.0],[79.77123,11.89014,0.0],[79.77113,11.88697,0.0],[79.77221,11.88615,0.0],[79.77195,11.88471,0.0],[79.77077,11.88377,0.0],[79.77366,11.88326,0.0],[79.77341,11.88146,0.0],[79.77249,11.87571,0.0],[79.76901,11.87467,0.0],[79.76828,11.87615,0.0]]]]}},{"id":"24","type":"Feature","properties":{"state":"PUDUCHERRY","state_code":"34","district":"PUDUCHERRY","district_code":"635","sub_district_code":"05911","sub_district_type":"TALUK","village":"Odiampet","village_category":"URBAN","village_code":"644960"},"geometry":{"type":"Polygon","coordinates":[[[79.78458,11.92759,0.0],[79.78475,11.92513,0.0],[79.78964,11.92474,0.0],[79.78958,11.92248,0.0],[79.79253,11.92267,0.0],[79.79218,11.92075,0.0],[79.79454,11.91981,0.0],[79.79417,11.91703,0.0],[79.78464,11.91804,0.0],[79.78273,11.90453,0.0],[79.78136,11.90305,0.0],[79.77797,11.90503,0.0],[79.77585,11.90536,0.0],[79.77546,11.90443,0.0],[79.77101,11.90417,0.0],[79.76908,11.90156,0.0],[79.76825,11.90165,0.0],[79.76798,11.9004,0.0],[79.76917,11.90027,0.0],[79.7694,11.89665,0.0],[79.7649,11.89658,0.0],[79.76468,11.89978,0.0],[79.76599,11.90262,0.0],[79.76643,11.90608,0.0],[79.76555,11.90643,0.0],[79.76539,11.91185,0.0],[79.76415,11.91368,0.0],[79.76038,11.91424,0.0],[79.76064,11.91898,0.0],[79.77199,11.91959,0.0],[79.77241,11.92176,0.0],[79.78049,11.92221,0.0],[79.78085,11.92426,0.0],[79.78295,11.9245,0.0],[79.78369,11.92771,0.0],[79.78458,11.92759,0.0]]]}},{"id":"25","type":"Feature","properties":{"state":"PUDUCHERRY","state_code":"34","district":"PUDUCHERRY","district_code":"635","sub_district_code":"05911","sub_district_type":"TALUK","village":"KURUMBAPET (CT)","village_category":"URBAN","village_code":"804038"},"geometry":{"type":"Polygon","coordinates":[[[79.77368,11.94263,0.0],[79.7726,11.93098,0.0],[79.76679,11.93074,0.0],[79.76692,11.92856,0.0],[79.77102,11.92656,0.0],[79.77135,11.92502,0.0],[79.77787,11.92523,0.0],[79.77782,11.92413,0.0],[79.77225,11.92334,0.0],[79.77199,11.91959,0.0],[79.76064,11.91898,0.0],[79.7608,11.9226,0.0],[79.75704,11.92313,0.0],[79.75707,11.92382,0.0],[79.75532,11.9239,0.0],[79.75524,11.92507,0.0],[79.75709,11.92576,0.0],[79.75728,11.92782,0.0],[79.76307,11.92803,0.0],[79.76292,11.93025,0.0],[79.76144,11.93027,0.0],[79.76085,11.93323,0.0],[79.7611,11.94065,0.0],[79.76004,11.94052,0.0],[79.76042,11.94356,0.0],[79.76384,11.94321,0.0],[79.76526,11.94452,0.0],[79.77196,11.94364,0.0],[79.77368,11.94263,0.0]]]}},{"id":"26","type":"Feature","properties":{"state":"PUDUCHERRY","state_code":"34","district":"PUDUCHERRY","district_code":"635","sub_district_code":"05911","sub_district_type":"TALUK","village":"VILLIANUR","village_category":"URBAN","village_code":"644959"},"geometry":{"type":"Polygon","coordinates":[[[79.74926,11.92254,0.0],[79.75083,11.92262,0.0],[79.75113,11.92147,0.0],[79.75107,11.92047,0.0],[79.75009,11.92047,0.0],[79.75003,11.91981,0.0],[79.75694,11.92022,0.0],[79.75704,11.92313,0.0],[79.7608,11.9226,0.0],[79.76038,11.91424,0.0],[79.7651,11.91292,0.0],[79.76555,11.90643,0.0],[79.76643,11.90608,0.0],[79.76599,11.90262,0.0],[79.76468,11.89978,0.0],[79.76464,11.89484,0.0],[79.76,11.89844,0.0],[79.75627,11.90504,0.0],[79.7533,11.90593,0.0],[79.74616,11.90492,0.0],[79.74107,11.90531,0.0],[79.7369,11.91,0.0],[79.7379,11.91233,0.0],[79.73797,11.91802,0.0],[79.74535,11.91784,0.0],[79.74583,11.92169,0.0],[79.74395,11.92575,0.0],[79.74461,11.92858,0.0],[79.7466,11.92869,0.0],[79.74848,11.92721,0.0],[79.74963,11.92774,0.0],[79.74926,11.92254,0.0]]]}},{"id":"27","type":"Feature","properties":{"state":"PUDUCHERRY","state_code":"34","district":"PUDUCHERRY","district_code":"635","sub_district_code":"05912","sub_district_type":"TALUK","village":"Utchimedu","village_category":"RURAL","village_code":"644980"},"geometry":{"type":"Polygon","coordinates":[[[79.76092,11.7947,0.0],[79.76225,11.80166,0.0],[79.77314,11.79793,0.0],[79.7729,11.79642,0.0],[79.7804,11.79508,0.0],[79.78209,11.79367,0.0],[79.78619,11.79216,0.0],[79.78424,11.78604,0.0],[79.78108,11.78435,0.0],[79.78071,11.78094,0.0],[79.77025,11.78262,0.0],[79.76973,11.78318,0.0],[79.77112,11.7893,0.0],[79.76937,11.78917,0.0],[79.76911,11.79041,0.0],[79.76092,11.7947,0.0]]]}},{"id":"28","type":"Feature","properties":{"state":"PUDUCHERRY","state_code":"34","district":"PUDUCHERRY","district_code":"635","sub_district_code":"05912","sub_district_type":"TALUK","village":"Kuruvinatham","village_category":"RURAL","village_code":"644982"},"geometry":{"type":"Polygon","coordinates":[[[79.73588,11.79609,0.0],[79.74441,11.79595,0.0],[79.74387,11.78793,0.0],[79.7421,11.78137,0.0],[79.74103,11.78017,0.0],[79.73382,11.78101,0.0],[79.72986,11.78009,0.0],[79.72528,11.78289,0.0],[79.72148,11.78778,0.0],[79.71905,11.78597,0.0],[79.71265,11.7916,0.0],[79.71377,11.79647,0.0],[79.71652,11.7959,0.0],[79.71733,11.79608,0.0],[79.71746,11.79729,0.0],[79.71931,11.79724,0.0],[79.72304,11.79614,0.0],[79.72313,11.7951,0.0],[79.72934,11.7951,0.0],[79.73155,11.79776,0.0],[79.7341,11.79781,0.0],[79.73588,11.79609,0.0]]]}},{"id":"29","type":"Feature","properties":{"state":"PUDUCHERRY","state_code":"34","district":"PUDUCHERRY","district_code":"635","sub_district_code":"05912","sub_district_type":"TALUK","village":"Seliamedu","village_category":"RURAL","village_code":"644973"},"geometry":{"type":"Polygon","coordinates":[[[79.76486,11.82453,0.0],[79.76968,11.82319,0.0],[79.76961,11.82179,0.0],[79.76925,11.82037,0.0],[79.76394,11.81926,0.0],[79.76356,11.81588,0.0],[79.76528,11.8153,0.0],[79.76538,11.81401,0.0],[79.76785,11.81352,0.0],[79.76853,11.81278,0.0],[79.76825,11.81077,0.0],[79.76168,11.81,0.0],[79.75883,11.81053,0.0],[79.75887,11.8123,0.0],[79.74538,11.8126,0.0],[79.74655,11.81573,0.0],[79.74659,11.82056,0.0],[79.7445,11.82692,0.0],[79.75197,11.82726,0.0],[79.75201,11.82893,0.0],[79.75369,11.83068,0.0],[79.75356,11.83186,0.0],[79.75631,11.83316,0.0],[79.75746,11.83261,0.0],[79.75956,11.83315,0.0],[79.76113,11.83494,0.0],[79.76538,11.83265,0.0],[79.76486,11.82453,0.0]]]}},{"id":"30","type":"Feature","properties":{"state":"PUDUCHERRY","state_code":"34","district":"PUDUCHERRY","district_code":"635","sub_district_code":"05912","sub_district_type":"TALUK","village":"Pillaiyarkuppam","village_category":"URBAN","village_code":"644972"},"geometry":{"type":"Polygon","coordinates":[[[79.79959,11.80652,0.0],[79.79268,11.80735,0.0],[79.79092,11.8046,0.0],[79.78541,11.80669,0.0],[79.77782,11.80854,0.0],[79.77756,11.80801,0.0],[79.76826,11.81076,0.0],[79.76853,11.81278,0.0],[79.76785,11.81352,0.0],[79.76538,11.81401,0.0],[79.76528,11.8153,0.0],[79.76356,11.81587,0.0],[79.76393,11.81923,0.0],[79.76925,11.82037,0.0],[79.76971,11.82369,0.0],[79.77323,11.82234,0.0],[79.77934,11.82312,0.0],[79.79336,11.81524,0.0],[79.7938,11.81575,0.0],[79.79532,11.81476,0.0],[79.79638,11.81728,0.0],[79.80195,11.81607,0.0],[79.79959,11.80652,0.0]]]}},{"id":"31","type":"Feature","properties":{"state":"PUDUCHERRY","state_code":"34","district":"PUDUCHERRY","district_code":"635","sub_district_code":"05912","sub_district_type":"TALUK","village":"KARKLAMPAKKAM","village_category":"RURAL","village_code":"644966"},"geometry":{"type":"Polygon","coordinates":[[[79.7533,11.8657,0.0],[79.7543,11.86557,0.0],[79.75432,11.86458,0.0],[79.75346,11.86464,0.0],[79.75347,11.86174,0.0],[79.7542,11.86148,0.0],[79.75346,11.85783,0.0],[79.75426,11.85087,0.0],[79.74888,11.84858,0.0],[79.74287,11.84859,0.0],[79.74268,11.85167,0.0],[79.74336,11.85174,0.0],[79.74343,11.85309,0.0],[79.74425,11.85316,0.0],[79.74436,11.85653,0.0],[79.74335,11.85988,0.0],[79.74237,11.86059,0.0],[79.74236,11.86294,0.0],[79.7401,11.86494,0.0],[79.73294,11.86579,0.0],[79.73287,11.86734,0.0],[79.73452,11.86879,0.0],[79.73449,11.87061,0.0],[79.73645,11.87075,0.0],[79.73658,11.8698,0.0],[79.73923,11.86888,0.0],[79.74856,11.86812,0.0],[79.74972,11.87195,0.0],[79.75216,11.87196,0.0],[79.75426,11.87129,0.0],[79.75439,11.86723,0.0],[79.7533,11.8657,0.0]]]}},{"id":"32","type":"Feature","properties":{"state":"PUDUCHERRY","state_code":"34","district":"PUDUCHERRY","district_code":"635","sub_district_code":"05912","sub_district_type":"TALUK","village":"Bahur","village_category":"RURAL","village_code":"644978"},"geometry":{"type":"Polygon","coordinates":[[[79.74371,11.83529,0.0],[79.74388,11.82829,0.0],[79.74659,11.82056,0.0],[79.74655,11.81573,0.0],[79.74538,11.8126,0.0],[79.75887,11.8123,0.0],[79.75883,11.81053,0.0],[79.76343,11.81019,0.0],[79.76285,11.80273,0.0],[79.76161,11.79979,0.0],[79.76092,11.7947,0.0],[79.7533,11.79584,0.0],[79.73588,11.79609,0.0],[79.7348,11.79678,0.0],[79.73603,11.80208,0.0],[79.73602,11.81253,0.0],[79.73458,11.81395,0.0],[79.73487,11.81745,0.0],[79.73317,11.81844,0.0],[79.73309,11.82327,0.0],[79.73186,11.82447,0.0],[79.73261,11.83357,0.0],[79.72887,11.83666,0.0],[79.74371,11.83529,0.0]]]}},{"id":"33","type":"Feature","properties":{"state":"PUDUCHERRY","state_code":"34","district":"PUDUCHERRY","district_code":"635","sub_district_code":"05912","sub_district_type":"TALUK","village":"KARIAMANNIKAM","village_category":"RURAL","village_code":"644962"},"geometry":{"type":"Polygon","coordinates":[[[79.62436,11.89137,0.0],[79.62446,11.88939,0.0],[79.62978,11.88871,0.0],[79.63061,11.87043,0.0],[79.60813,11.87036,0.0],[79.60854,11.87663,0.0],[79.61613,11.8819,0.0],[79.61834,11.88513,0.0],[79.6209,11.89152,0.0],[79.62436,11.89137,0.0]]]}},{"id":"34","type":"Feature","properties":{"state":"PUDUCHERRY","state_code":"34","district":"PUDUCHERRY","district_code":"635","sub_district_code":"05912","sub_district_type":"TALUK","village":"ERIPAKKAM","village_category":"RURAL","village_code":"644963"},"geometry":{"type":"Polygon","coordinates":[[[79.63061,11.87043,0.0],[79.63012,11.88111,0.0],[79.63572,11.88112,0.0],[79.63558,11.88905,0.0],[79.6412,11.88698,0.0],[79.64144,11.88123,0.0],[79.64877,11.88103,0.0],[79.64885,11.87046,0.0],[79.63061,11.87043,0.0]]]}},{"id":"35","type":"Feature","properties":{"state":"PUDUCHERRY","state_code":"34","district":"PUDUCHERRY","district_code":"635","sub_district_code":"05912","sub_district_type":"TALUK","village":"MADUKARAI","village_category":"RURAL","village_code":"644961"},"geometry":{"type":"Polygon","coordinates":[[[79.60813,11.87036,0.0],[79.61728,11.87081,0.0],[79.6191,11.87031,0.0],[79.61944,11.86204,0.0],[79.61389,11.86232,0.0],[79.61263,11.86185,0.0],[79.61258,11.86055,0.0],[79.61025,11.85957,0.0],[79.60665,11.85982,0.0],[79.60521,11.85827,0.0],[79.60181,11.85841,0.0],[79.60253,11.87197,0.0],[79.60236,11.87286,0.0],[79.60106,11.87242,0.0],[79.59968,11.88353,0.0],[79.60594,11.88111,0.0],[79.60854,11.87663,0.0],[79.60813,11.87036,0.0]]]}},{"id":"36","type":"Feature","properties":{"state":"PUDUCHERRY","state_code":"34","district":"PUDUCHERRY","district_code":"635","sub_district_code":"05912","sub_district_type":"TALUK","village":"PANDASHOZHANOOR","village_category":"RURAL","village_code":"644967"},"geometry":{"type":"Polygon","coordinates":[[[79.6573,11.87015,0.0],[79.65726,11.8684,0.0],[79.65822,11.86832,0.0],[79.65814,11.86756,0.0],[79.66223,11.86707,0.0],[79.66226,11.86562,0.0],[79.66358,11.86535,0.0],[79.66286,11.86118,0.0],[79.66143,11.8607,0.0],[79.66034,11.85678,0.0],[79.65766,11.85406,0.0],[79.65763,11.85287,0.0],[79.65119,11.85039,0.0],[79.64735,11.85037,0.0],[79.64087,11.85247,0.0],[79.64157,11.85669,0.0],[79.64149,11.87049,0.0],[79.6573,11.87015,0.0]]]}},{"id":"37","type":"Feature","properties":{"state":"PUDUCHERRY","state_code":"34","district":"PUDUCHERRY","district_code":"635","sub_district_code":"05912","sub_district_type":"TALUK","village":"NETTAPAKKAM","village_category":"RURAL","village_code":"644968"},"geometry":{"type":"Polygon","coordinates":[[[79.64149,11.87049,0.0],[79.64103,11.85199,0.0],[79.62651,11.85493,0.0],[79.62861,11.8705,0.0],[79.64149,11.87049,0.0]]]}},{"id":"38","type":"Feature","properties":{"state":"PUDUCHERRY","state_code":"34","district":"PUDUCHERRY","district_code":"635","sub_district_code":"05911","sub_district_type":"TALUK","village":"SATHAMANGALAM","village_category":"RURAL","village_code":"644953"},"geometry":{"type":"Polygon","coordinates":[[[79.71189,11.89072,0.0],[79.71316,11.89195,0.0],[79.71384,11.891,0.0],[79.71689,11.89299,0.0],[79.71887,11.89017,0.0],[79.72175,11.8903,0.0],[79.72181,11.88921,0.0],[79.72389,11.88833,0.0],[79.7251,11.88908,0.0],[79.72384,11.88977,0.0],[79.7231,11.89177,0.0],[79.72448,11.89191,0.0],[79.72488,11.89101,0.0],[79.72931,11.89003,0.0],[79.72918,11.88859,0.0],[79.73028,11.88761,0.0],[79.73112,11.88791,0.0],[79.72987,11.88583,0.0],[79.73008,11.88448,0.0],[79.72928,11.8845,0.0],[79.72738,11.88209,0.0],[79.72432,11.88309,0.0],[79.72296,11.88201,0.0],[79.71926,11.88162,0.0],[79.71757,11.88026,0.0],[79.71741,11.88132,0.0],[79.71432,11.88148,0.0],[79.71407,11.88412,0.0],[79.70937,11.88311,0.0],[79.70926,11.89026,0.0],[79.70941,11.89201,0.0],[79.71189,11.89072,0.0]]]}},{"id":"39","type":"Feature","properties":{"state":"PUDUCHERRY","state_code":"34","district":"PUDUCHERRY","district_code":"635","sub_district_code":"05911","sub_district_type":"TALUK","village":"MANGALAM","village_category":"RURAL","village_code":"644954"},"geometry":{"type":"Polygon","coordinates":[[[79.74658,11.90005,0.0],[79.74529,11.89792,0.0],[79.74407,11.88627,0.0],[79.74296,11.88629,0.0],[79.7428,11.88723,0.0],[79.74168,11.88648,0.0],[79.73523,11.88731,0.0],[79.73422,11.88616,0.0],[79.7299,11.88585,0.0],[79.73112,11.88796,0.0],[79.73028,11.88761,0.0],[79.72918,11.88859,0.0],[79.72892,11.89017,0.0],[79.72915,11.89192,0.0],[79.73008,11.89187,0.0],[79.73023,11.90079,0.0],[79.73113,11.90074,0.0],[79.73122,11.90339,0.0],[79.73376,11.90433,0.0],[79.73898,11.90465,0.0],[79.74068,11.90561,0.0],[79.74732,11.90501,0.0],[79.74658,11.90005,0.0]]]}},{"id":"40","type":"Feature","properties":{"state":"PUDUCHERRY","state_code":"34","district":"PUDUCHERRY","district_code":"635","sub_district_code":"05911","sub_district_type":"TALUK","village":"GOODAPAKKAM","village_category":"RURAL","village_code":"644948"},"geometry":{"type":"Polygon","coordinates":[[[79.71746,11.92858,0.0],[79.71844,11.93517,0.0],[79.72155,11.94565,0.0],[79.73542,11.94006,0.0],[79.73426,11.92902,0.0],[79.73006,11.92979,0.0],[79.73063,11.92693,0.0],[79.72986,11.92385,0.0],[79.7282,11.92346,0.0],[79.72627,11.92167,0.0],[79.72075,11.92684,0.0],[79.71746,11.92858,0.0]]]}},{"id":"41","type":"Feature","properties":{"state":"PUDUCHERRY","state_code":"34","district":"PUDUCHERRY","district_code":"635","sub_district_code":"05911","sub_district_type":"TALUK","village":"KATTERY","village_category":"RURAL","village_code":"644927"},"geometry":{"type":"Polygon","coordinates":[[[79.70432,12.03133,0.0],[79.70476,12.02778,0.0],[79.70252,12.01575,0.0],[79.70276,12.01002,0.0],[79.70389,12.00984,0.0],[79.70381,12.00907,0.0],[79.70539,12.00782,0.0],[79.70861,12.00667,0.0],[79.70865,12.00449,0.0],[79.71148,12.00374,0.0],[79.71095,12.00254,0.0],[79.71235,12.00075,0.0],[79.71456,11.99983,0.0],[79.71508,11.99776,0.0],[79.71735,11.99701,0.0],[79.7169,11.99518,0.0],[79.71821,11.99478,0.0],[79.71759,11.99235,0.0],[79.71651,11.99269,0.0],[79.71686,11.99379,0.0],[79.71251,11.9954,0.0],[79.71051,11.99836,0.0],[79.7021,12.00145,0.0],[79.69906,12.0032,0.0],[79.69595,12.0068,0.0],[79.69371,12.00616,0.0],[79.69391,12.00718,0.0],[79.69261,12.00782,0.0],[79.69279,12.01227,0.0],[79.69445,12.01417,0.0],[79.69792,12.02184,0.0],[79.69919,12.02819,0.0],[79.69845,12.03064,0.0],[79.69919,12.03274,0.0],[79.70432,12.03133,0.0]]]}},{"id":"42","type":"Feature","properties":{"state":"PUDUCHERRY","state_code":"34","district":"PUDUCHERRY","district_code":"635","sub_district_code":"05911","sub_district_type":"TALUK","village":"THUTIPET","village_category":"RURAL","village_code":"644944"},"geometry":{"type":"Polygon","coordinates":[[[79.7112,11.97771,0.0],[79.71283,11.98628,0.0],[79.71644,11.98444,0.0],[79.72056,11.99221,0.0],[79.72807,11.99118,0.0],[79.72874,11.99339,0.0],[79.73114,11.99269,0.0],[79.73046,11.99051,0.0],[79.7298,11.99062,0.0],[79.72858,11.98563,0.0],[79.72612,11.98595,0.0],[79.72468,11.97999,0.0],[79.72327,11.97761,0.0],[79.72332,11.97444,0.0],[79.71935,11.97412,0.0],[79.71853,11.97071,0.0],[79.71604,11.9707,0.0],[79.71298,11.9726,0.0],[79.7127,11.9741,0.0],[79.71078,11.97448,0.0],[79.71133,11.97587,0.0],[79.71024,11.97633,0.0],[79.7112,11.97771,0.0]]]}},{"id":"43","type":"Feature","properties":{"state":"PUDUCHERRY","state_code":"34","district":"PUDUCHERRY","district_code":"635","sub_district_code":"05911","sub_district_type":"TALUK","village":"Sedarapet","village_category":"URBAN","village_code":"644942"},"geometry":{"type":"Polygon","coordinates":[[[79.75549,11.9885,0.0],[79.75485,11.98679,0.0],[79.75375,11.98664,0.0],[79.75367,11.98548,0.0],[79.75287,11.98568,0.0],[79.75247,11.98476,0.0],[79.7488,11.98464,0.0],[79.73998,11.98717,0.0],[79.73947,11.99125,0.0],[79.74193,12.00101,0.0],[79.74285,12.00322,0.0],[79.74401,12.00287,0.0],[79.74505,12.00414,0.0],[79.74685,12.00755,0.0],[79.76217,12.00277,0.0],[79.76206,11.99245,0.0],[79.75966,11.98937,0.0],[79.75549,11.9885,0.0]]]}},{"id":"44","type":"Feature","properties":{"state":"PUDUCHERRY","state_code":"34","district":"PUDUCHERRY","district_code":"635","sub_district_code":"05911","sub_district_type":"TALUK","village":"KUPPAM","village_category":"RURAL","village_code":"644928"},"geometry":{"type":"Polygon","coordinates":[[[79.71995,11.99232,0.0],[79.71819,11.99232,0.0],[79.7175,11.98982,0.0],[79.70519,11.99397,0.0],[79.70512,11.99346,0.0],[79.70191,11.99381,0.0],[79.70112,11.99173,0.0],[79.69978,11.99144,0.0],[79.69425,11.99176,0.0],[79.69289,11.98952,0.0],[79.68476,11.9912,0.0],[79.68526,11.99362,0.0],[79.68845,11.99372,0.0],[79.68919,11.99821,0.0],[79.69158,11.99806,0.0],[79.69371,12.00616,0.0],[79.69592,12.0068,0.0],[79.69923,12.00307,0.0],[79.71051,11.99836,0.0],[79.71251,11.9954,0.0],[79.71686,11.99379,0.0],[79.71651,11.99269,0.0],[79.71995,11.99232,0.0]]]}},{"id":"45","type":"Feature","properties":{"state":"PUDUCHERRY","state_code":"34","district":"PUDUCHERRY","district_code":"635","sub_district_code":"05911","sub_district_type":"TALUK","village":"PUDUKUPPAM","village_category":"RURAL","village_code":"644926"},"geometry":{"type":"Polygon","coordinates":[[[79.69451,12.03498,0.0],[79.69611,12.03323,0.0],[79.6993,12.03302,0.0],[79.69845,12.03066,0.0],[79.69919,12.02819,0.0],[79.69792,12.02184,0.0],[79.69445,12.01417,0.0],[79.69279,12.01227,0.0],[79.69225,12.00947,0.0],[79.68976,12.0094,0.0],[79.6898,12.01007,0.0],[79.68846,12.01008,0.0],[79.6885,12.01169,0.0],[79.68587,12.01277,0.0],[79.68413,12.0218,0.0],[79.68599,12.02708,0.0],[79.68834,12.02729,0.0],[79.68863,12.02845,0.0],[79.6905,12.02815,0.0],[79.69214,12.03461,0.0],[79.69451,12.03498,0.0]]]}},{"id":"46","type":"Feature","properties":{"state":"PUDUCHERRY","state_code":"34","district":"PUDUCHERRY","district_code":"635","sub_district_code":"05911","sub_district_type":"TALUK","village":"SUTHUKENY","village_category":"RURAL","village_code":"644925"},"geometry":{"type":"Polygon","coordinates":[[[79.68587,12.01277,0.0],[79.6886,12.01159,0.0],[79.68846,12.01008,0.0],[79.6922,12.0094,0.0],[79.69261,12.00782,0.0],[79.69391,12.00718,0.0],[79.69158,11.99806,0.0],[79.6871,11.99769,0.0],[79.68381,11.99859,0.0],[79.6835,12.0,0.0],[79.68211,12.00031,0.0],[79.68077,11.99846,0.0],[79.67554,11.99873,0.0],[79.67535,11.99662,0.0],[79.67369,11.99649,0.0],[79.67459,12.00577,0.0],[79.67431,12.00717,0.0],[79.67169,12.00952,0.0],[79.67404,12.01583,0.0],[79.67413,12.01814,0.0],[79.67582,12.02176,0.0],[79.68201,12.02113,0.0],[79.68305,12.02194,0.0],[79.68439,12.02177,0.0],[79.68587,12.01277,0.0]]]}},{"id":"47","type":"Feature","properties":{"state":"PUDUCHERRY","state_code":"34","district":"PUDUCHERRY","district_code":"635","sub_district_code":"05911","sub_district_type":"TALUK","village":"THETTHAMPAKKAM","village_category":"RURAL","village_code":"644929"},"geometry":{"type":"Polygon","coordinates":[[[79.68845,11.99372,0.0],[79.68526,11.99362,0.0],[79.68411,11.98895,0.0],[79.68347,11.98907,0.0],[79.68285,11.98666,0.0],[79.68169,11.98569,0.0],[79.68168,11.98351,0.0],[79.68076,11.98325,0.0],[79.67418,11.99217,0.0],[79.67369,11.99649,0.0],[79.67535,11.99662,0.0],[79.67554,11.99873,0.0],[79.68077,11.99846,0.0],[79.68211,12.00031,0.0],[79.6835,12.0,0.0],[79.68381,11.99859,0.0],[79.6871,11.99769,0.0],[79.68917,11.99801,0.0],[79.68845,11.99372,0.0]]]}},{"id":"48","type":"Feature","properties":{"state":"PUDUCHERRY","state_code":"34","district":"PUDUCHERRY","district_code":"635","sub_district_code":"05911","sub_district_type":"TALUK","village":"KODATHUR","village_category":"RURAL","village_code":"644930"},"geometry":{"type":"Polygon","coordinates":[[[79.65699,11.99159,0.0],[79.65884,12.00038,0.0],[79.65832,12.00449,0.0],[79.66045,12.01114,0.0],[79.66171,12.01236,0.0],[79.67187,12.01033,0.0],[79.67169,12.00952,0.0],[79.67431,12.00717,0.0],[79.67459,12.00577,0.0],[79.67366,11.99392,0.0],[79.67164,11.99357,0.0],[79.6705,11.99189,0.0],[79.66719,11.99076,0.0],[79.66281,11.9905,0.0],[79.6626,11.98972,0.0],[79.66123,11.98953,0.0],[79.65699,11.99159,0.0]]]}},{"id":"49","type":"Feature","properties":{"state":"PUDUCHERRY","state_code":"34","district":"PUDUCHERRY","district_code":"635","sub_district_code":"05911","sub_district_type":"TALUK","village":"Thondamanatham","village_category":"URBAN","village_code":"644945"},"geometry":{"type":"Polygon","coordinates":[[[79.72403,11.97155,0.0],[79.73048,11.97056,0.0],[79.73426,11.96777,0.0],[79.73302,11.96299,0.0],[79.7334,11.96201,0.0],[79.73576,11.96087,0.0],[79.73561,11.95945,0.0],[79.72935,11.96015,0.0],[79.72798,11.95646,0.0],[79.72591,11.95688,0.0],[79.72602,11.95814,0.0],[79.72294,11.95947,0.0],[79.71674,11.95613,0.0],[79.71021,11.95749,0.0],[79.71056,11.95942,0.0],[79.7142,11.96009,0.0],[79.71616,11.97097,0.0],[79.71853,11.97071,0.0],[79.71935,11.97412,0.0],[79.72324,11.97443,0.0],[79.72403,11.97155,0.0]]]}},{"id":"50","type":"Feature","properties":{"state":"PUDUCHERRY","state_code":"34","district":"PUDUCHERRY","district_code":"635","sub_district_code":"05911","sub_district_type":"TALUK","village":"OLAIVAIKAL","village_category":"RURAL","village_code":"644949"},"geometry":{"type":"Polygon","coordinates":[[[79.73777,11.93486,0.0],[79.7404,11.93442,0.0],[79.7408,11.93273,0.0],[79.74338,11.93278,0.0],[79.74364,11.92951,0.0],[79.74356,11.92886,0.0],[79.74022,11.92824,0.0],[79.73751,11.92866,0.0],[79.73825,11.91996,0.0],[79.7379,11.91233,0.0],[79.7369,11.91,0.0],[79.73206,11.91393,0.0],[79.72627,11.92167,0.0],[79.7282,11.92346,0.0],[79.72986,11.92385,0.0],[79.73063,11.92693,0.0],[79.73006,11.92979,0.0],[79.73426,11.92902,0.0],[79.73542,11.94006,0.0],[79.73794,11.94016,0.0],[79.73777,11.93486,0.0]]]}},{"id":"51","type":"Feature","properties":{"state":"PUDUCHERRY","state_code":"34","district":"PUDUCHERRY","district_code":"635","sub_district_code":"05911","sub_district_type":"TALUK","village":"OUSSUDU","village_category":"RURAL","village_code":"644950"},"geometry":{"type":"Polygon","coordinates":[[[79.74974,11.93879,0.0],[79.74901,11.93613,0.0],[79.74963,11.92774,0.0],[79.74848,11.92721,0.0],[79.74648,11.9287,0.0],[79.74461,11.92858,0.0],[79.74409,11.92767,0.0],[79.74395,11.92575,0.0],[79.74583,11.92169,0.0],[79.74535,11.91784,0.0],[79.73807,11.91805,0.0],[79.73751,11.92866,0.0],[79.74022,11.92824,0.0],[79.74359,11.92887,0.0],[79.7434,11.93276,0.0],[79.7408,11.93273,0.0],[79.7404,11.93442,0.0],[79.73778,11.93484,0.0],[79.73793,11.9403,0.0],[79.73568,11.93993,0.0],[79.72869,11.94296,0.0],[79.72877,11.94368,0.0],[79.73124,11.94301,0.0],[79.73328,11.94401,0.0],[79.73578,11.96076,0.0],[79.7334,11.96201,0.0],[79.73302,11.96299,0.0],[79.7343,11.96746,0.0],[79.7336,11.96868,0.0],[79.74426,11.96449,0.0],[79.74974,11.93879,0.0]]]}},{"id":"52","type":"Feature","properties":{"state":"PUDUCHERRY","state_code":"34","district":"PUDUCHERRY","district_code":"635","sub_district_code":"05911","sub_district_type":"TALUK","village":"RAMANATHAPURAM","village_category":"RURAL","village_code":"644946"},"geometry":{"type":"Polygon","coordinates":[[[79.71477,11.95301,0.0],[79.71164,11.95709,0.0],[79.71674,11.95613,0.0],[79.72294,11.95947,0.0],[79.72602,11.95814,0.0],[79.72591,11.95688,0.0],[79.72798,11.95646,0.0],[79.72935,11.96015,0.0],[79.73561,11.95945,0.0],[79.73328,11.94401,0.0],[79.73223,11.94324,0.0],[79.72877,11.94368,0.0],[79.72868,11.94296,0.0],[79.71239,11.94903,0.0],[79.71477,11.95301,0.0]]]}},{"id":"53","type":"Feature","properties":{"state":"PUDUCHERRY","state_code":"34","district":"PUDUCHERRY","district_code":"635","sub_district_code":"05911","sub_district_type":"TALUK","village":"SELLIPET","village_category":"RURAL","village_code":"644936"},"geometry":{"type":"Polygon","coordinates":[[[79.70078,11.95864,0.0],[79.70298,11.95338,0.0],[79.70699,11.94762,0.0],[79.70745,11.94168,0.0],[79.70981,11.9345,0.0],[79.71179,11.93172,0.0],[79.70667,11.93385,0.0],[79.70619,11.93743,0.0],[79.70384,11.94077,0.0],[79.69753,11.94241,0.0],[79.69581,11.94815,0.0],[79.6942,11.95023,0.0],[79.69118,11.95166,0.0],[79.69334,11.95659,0.0],[79.69521,11.96485,0.0],[79.70078,11.95864,0.0]]]}},{"id":"54","type":"Feature","properties":{"state":"PUDUCHERRY","state_code":"34","district":"PUDUCHERRY","district_code":"635","sub_district_code":"05911","sub_district_type":"TALUK","village":"PILLAIYARKUPPAM","village_category":"RURAL","village_code":"644947"},"geometry":{"type":"Polygon","coordinates":[[[79.70416,11.96727,0.0],[79.70609,11.96621,0.0],[79.71011,11.96567,0.0],[79.71116,11.96729,0.0],[79.71418,11.9667,0.0],[79.71438,11.96739,0.0],[79.71514,11.96724,0.0],[79.7142,11.96009,0.0],[79.71056,11.95942,0.0],[79.71019,11.95756,0.0],[79.71156,11.957,0.0],[79.71476,11.95302,0.0],[79.71455,11.95202,0.0],[79.71239,11.94903,0.0],[79.70985,11.95056,0.0],[79.70923,11.94757,0.0],[79.70707,11.94711,0.0],[79.70298,11.95338,0.0],[79.70078,11.95864,0.0],[79.69907,11.96019,0.0],[79.70155,11.96514,0.0],[79.70313,11.96558,0.0],[79.70329,11.96685,0.0],[79.70416,11.96727,0.0]]]}},{"id":"55","type":"Feature","properties":{"state":"PUDUCHERRY","state_code":"34","district":"PUDUCHERRY","district_code":"635","sub_district_code":"05911","sub_district_type":"TALUK","village":"KARASOOR","village_category":"RURAL","village_code":"644943"},"geometry":{"type":"Polygon","coordinates":[[[79.73947,11.99125,0.0],[79.73998,11.98717,0.0],[79.74798,11.98484,0.0],[79.74337,11.98041,0.0],[79.74404,11.97721,0.0],[79.73536,11.97875,0.0],[79.72987,11.98276,0.0],[79.72986,11.9853,0.0],[79.72858,11.98563,0.0],[79.7298,11.99062,0.0],[79.73046,11.99051,0.0],[79.73165,11.99376,0.0],[79.73305,11.99333,0.0],[79.73443,11.99703,0.0],[79.7373,11.99755,0.0],[79.73793,12.00072,0.0],[79.74206,12.00122,0.0],[79.73947,11.99125,0.0]]]}},{"id":"56","type":"Feature","properties":{"state":"PUDUCHERRY","state_code":"34","district":"PUDUCHERRY","district_code":"635","sub_district_code":"05911","sub_district_type":"TALUK","village":"SORAPET","village_category":"RURAL","village_code":"644934"},"geometry":{"type":"Polygon","coordinates":[[[79.66261,11.9692,0.0],[79.66592,11.96797,0.0],[79.67274,11.96747,0.0],[79.67237,11.96247,0.0],[79.67584,11.96045,0.0],[79.67639,11.95901,0.0],[79.67933,11.95919,0.0],[79.67962,11.9581,0.0],[79.6808,11.95809,0.0],[79.68188,11.95595,0.0],[79.68352,11.95561,0.0],[79.68324,11.95393,0.0],[79.6848,11.95378,0.0],[79.68456,11.95289,0.0],[79.68002,11.95166,0.0],[79.67708,11.94793,0.0],[79.67586,11.94763,0.0],[79.67232,11.948,0.0],[79.66398,11.95123,0.0],[79.658,11.95027,0.0],[79.65774,11.95259,0.0],[79.65431,11.95329,0.0],[79.6529,11.95769,0.0],[79.6532,11.96101,0.0],[79.65408,11.96089,0.0],[79.65392,11.95918,0.0],[79.66002,11.95839,0.0],[79.65996,11.96211,0.0],[79.66185,11.96205,0.0],[79.66261,11.9692,0.0]]]}},{"id":"57","type":"Feature","properties":{"state":"PUDUCHERRY","state_code":"34","district":"PUDUCHERRY","district_code":"635","sub_district_code":"05911","sub_district_type":"TALUK","village":"VAMBUPET","village_category":"RURAL","village_code":"644935"},"geometry":{"type":"Polygon","coordinates":[[[79.68188,11.95595,0.0],[79.6812,11.9577,0.0],[79.67962,11.9581,0.0],[79.67942,11.95916,0.0],[79.67639,11.95901,0.0],[79.67584,11.96045,0.0],[79.67237,11.96247,0.0],[79.67274,11.96747,0.0],[79.67705,11.96746,0.0],[79.67724,11.96862,0.0],[79.67847,11.96846,0.0],[79.67899,11.97176,0.0],[79.68638,11.97258,0.0],[79.68819,11.96912,0.0],[79.68306,11.95572,0.0],[79.68188,11.95595,0.0]]]}},{"id":"58","type":"Feature","properties":{"state":"PUDUCHERRY","state_code":"34","district":"PUDUCHERRY","district_code":"635","sub_district_code":"05911","sub_district_type":"TALUK","village":"KALITHIRTHALKUPPAM","village_category":"RURAL","village_code":"644938"},"geometry":{"type":"Polygon","coordinates":[[[79.63329,11.93479,0.0],[79.63928,11.93494,0.0],[79.63946,11.93195,0.0],[79.64267,11.93206,0.0],[79.64225,11.92637,0.0],[79.64111,11.92641,0.0],[79.64052,11.92431,0.0],[79.63866,11.9241,0.0],[79.63868,11.92202,0.0],[79.64088,11.92202,0.0],[79.64067,11.91878,0.0],[79.62899,11.91867,0.0],[79.62794,11.91896,0.0],[79.62692,11.92174,0.0],[79.61795,11.92488,0.0],[79.61816,11.94039,0.0],[79.61927,11.94354,0.0],[79.62395,11.94327,0.0],[79.62944,11.9455,0.0],[79.63404,11.94364,0.0],[79.63329,11.93479,0.0]]]}},{"id":"59","type":"Feature","properties":{"state":"PUDUCHERRY","state_code":"34","district":"PUDUCHERRY","district_code":"635","sub_district_code":"05911","sub_district_type":"TALUK","village":"Sanyasikuppam","village_category":"RURAL","village_code":"644937"},"geometry":{"type":"Polygon","coordinates":[[[79.65972,11.93509,0.0],[79.65158,11.93467,0.0],[79.65165,11.93235,0.0],[79.64904,11.9318,0.0],[79.64532,11.93158,0.0],[79.64394,11.93257,0.0],[79.63946,11.93195,0.0],[79.63928,11.93494,0.0],[79.63324,11.93514,0.0],[79.63406,11.94385,0.0],[79.64035,11.94092,0.0],[79.64712,11.94513,0.0],[79.652,11.94433,0.0],[79.65202,11.94683,0.0],[79.65294,11.9487,0.0],[79.65691,11.94817,0.0],[79.65643,11.94669,0.0],[79.65791,11.94495,0.0],[79.65833,11.94228,0.0],[79.66034,11.94191,0.0],[79.66064,11.93726,0.0],[79.65972,11.93509,0.0]]]}},{"id":"60","type":"Feature","properties":{"state":"PUDUCHERRY","state_code":"34","district":"PUDUCHERRY","district_code":"635","sub_district_code":"05911","sub_district_type":"TALUK","village":"Thiruvandarkoil","village_category":"URBAN","village_code":"644941"},"geometry":{"type":"Polygon","coordinates":[[[79.67016,11.92669,0.0],[79.67021,11.91885,0.0],[79.66283,11.91864,0.0],[79.66282,11.91683,0.0],[79.66132,11.91685,0.0],[79.66127,11.91611,0.0],[79.6629,11.91606,0.0],[79.66268,11.91335,0.0],[79.65626,11.91337,0.0],[79.65645,11.91844,0.0],[79.65166,11.91888,0.0],[79.65174,11.9216,0.0],[79.65404,11.92191,0.0],[79.65432,11.92405,0.0],[79.65619,11.92423,0.0],[79.65764,11.9292,0.0],[79.65725,11.93085,0.0],[79.6535,11.931,0.0],[79.6525,11.93238,0.0],[79.65165,11.93235,0.0],[79.65158,11.93467,0.0],[79.65972,11.93509,0.0],[79.66054,11.93726,0.0],[79.66409,11.93705,0.0],[79.66417,11.93836,0.0],[79.66839,11.93818,0.0],[79.66921,11.93782,0.0],[79.66989,11.93169,0.0],[79.67147,11.93154,0.0],[79.67016,11.92669,0.0]]]}},{"id":"61","type":"Feature","properties":{"state":"PUDUCHERRY","state_code":"34","district":"PUDUCHERRY","district_code":"635","sub_district_code":"05911","sub_district_type":"TALUK","village":"Thirubuvanai","village_category":"URBAN","village_code":"644940"},"geometry":{"type":"Polygon","coordinates":[[[79.64832,11.90801,0.0],[79.648,11.91863,0.0],[79.64071,11.9189,0.0],[79.64088,11.92202,0.0],[79.63868,11.92202,0.0],[79.63866,11.9241,0.0],[79.64052,11.92431,0.0],[79.64111,11.92641,0.0],[79.64225,11.92637,0.0],[79.64267,11.93206,0.0],[79.64391,11.93257,0.0],[79.64532,11.93158,0.0],[79.65249,11.93238,0.0],[79.6535,11.931,0.0],[79.65726,11.93085,0.0],[79.65764,11.92917,0.0],[79.6562,11.92424,0.0],[79.65432,11.92405,0.0],[79.65404,11.92191,0.0],[79.65163,11.92139,0.0],[79.65166,11.91888,0.0],[79.65645,11.91844,0.0],[79.65612,11.90818,0.0],[79.64832,11.90801,0.0]]]}},{"id":"62","type":"Feature","properties":{"state":"PUDUCHERRY","state_code":"34","district":"PUDUCHERRY","district_code":"635","sub_district_code":"05911","sub_district_type":"TALUK","village":"MADAGADIPET","village_category":"RURAL","village_code":"644939"},"geometry":{"type":"Polygon","coordinates":[[[79.64045,11.90211,0.0],[79.63011,11.90215,0.0],[79.6256,11.90378,0.0],[79.62794,11.91896,0.0],[79.648,11.91863,0.0],[79.64832,11.90801,0.0],[79.64095,11.90811,0.0],[79.64045,11.90211,0.0]]]}},{"id":"63","type":"Feature","properties":{"state":"PUDUCHERRY","state_code":"34","district":"PUDUCHERRY","district_code":"635","sub_district_code":"05911","sub_district_type":"TALUK","village":"MANALIPET","village_category":"RURAL","village_code":"644923"},"geometry":{"type":"Polygon","coordinates":[[[79.6297,12.01764,0.0],[79.62853,12.01906,0.0],[79.62812,12.02334,0.0],[79.62668,12.02356,0.0],[79.62711,12.02667,0.0],[79.62622,12.02683,0.0],[79.62636,12.02935,0.0],[79.62565,12.02959,0.0],[79.62586,12.03066,0.0],[79.62493,12.03078,0.0],[79.62516,12.0317,0.0],[79.62837,12.03153,0.0],[79.63286,12.03007,0.0],[79.63358,12.02905,0.0],[79.63457,12.02944,0.0],[79.6358,12.02748,0.0],[79.63859,12.02578,0.0],[79.6297,12.01764,0.0]]]}},{"id":"64","type":"Feature","properties":{"state":"PUDUCHERRY","state_code":"34","district":"PUDUCHERRY","district_code":"635","sub_district_code":"05911","sub_district_type":"TALUK","village":"VADHANUR","village_category":"RURAL","village_code":"644933"},"geometry":{"type":"Polygon","coordinates":[[[79.63948,11.97622,0.0],[79.63917,11.9736,0.0],[79.64117,11.96992,0.0],[79.64784,11.96735,0.0],[79.64647,11.95932,0.0],[79.64513,11.95937,0.0],[79.64467,11.9583,0.0],[79.64549,11.9575,0.0],[79.64631,11.95376,0.0],[79.64163,11.95327,0.0],[79.64258,11.94239,0.0],[79.64021,11.9409,0.0],[79.63556,11.94367,0.0],[79.63224,11.94393,0.0],[79.62842,11.94538,0.0],[79.6288,11.96064,0.0],[79.62666,11.96354,0.0],[79.62715,11.96794,0.0],[79.62802,11.97011,0.0],[79.63009,11.97011,0.0],[79.63066,11.97442,0.0],[79.63155,11.97405,0.0],[79.63238,11.97805,0.0],[79.63948,11.97622,0.0]]]}},{"id":"65","type":"Feature","properties":{"state":"PUDUCHERRY","state_code":"34","district":"PUDUCHERRY","district_code":"635","sub_district_code":"05911","sub_district_type":"TALUK","village":"MANNADIPET","village_category":"RURAL","village_code":"644932"},"geometry":{"type":"Polygon","coordinates":[[[79.6356,11.99606,0.0],[79.6354,11.9953,0.0],[79.64151,11.99188,0.0],[79.64132,11.99089,0.0],[79.64058,11.99096,0.0],[79.63997,11.98813,0.0],[79.63918,11.98827,0.0],[79.63807,11.98615,0.0],[79.63607,11.97748,0.0],[79.63238,11.97805,0.0],[79.63155,11.97405,0.0],[79.63066,11.97442,0.0],[79.63009,11.97011,0.0],[79.62802,11.97011,0.0],[79.6276,11.96785,0.0],[79.62217,11.96891,0.0],[79.62212,11.96989,0.0],[79.61851,11.96981,0.0],[79.61867,11.97105,0.0],[79.62441,11.97561,0.0],[79.62439,11.97658,0.0],[79.6235,11.97863,0.0],[79.62386,11.98183,0.0],[79.62173,11.98207,0.0],[79.62099,11.98251,0.0],[79.62109,11.98371,0.0],[79.61808,11.98478,0.0],[79.61817,11.98657,0.0],[79.61656,11.98728,0.0],[79.61664,11.98869,0.0],[79.62319,11.98847,0.0],[79.6241,11.99027,0.0],[79.63087,11.99007,0.0],[79.63223,11.99719,0.0],[79.6356,11.99606,0.0]]]}},{"id":"66","type":"Feature","properties":{"state":"PUDUCHERRY","state_code":"34","district":"PUDUCHERRY","district_code":"635","sub_district_code":"05911","sub_district_type":"TALUK","village":"KUNITCHAMPET","village_category":"RURAL","village_code":"644931"},"geometry":{"type":"Polygon","coordinates":[[[79.64386,12.00541,0.0],[79.64165,11.99811,0.0],[79.63646,11.99849,0.0],[79.6356,11.99606,0.0],[79.63223,11.99719,0.0],[79.63087,11.99007,0.0],[79.6241,11.99027,0.0],[79.62594,11.99962,0.0],[79.61911,11.99979,0.0],[79.62098,12.0138,0.0],[79.62436,12.01399,0.0],[79.62781,12.01569,0.0],[79.63108,12.01951,0.0],[79.63514,12.02217,0.0],[79.63663,12.02408,0.0],[79.63614,12.01726,0.0],[79.63711,12.01697,0.0],[79.63703,12.01529,0.0],[79.63853,12.01433,0.0],[79.6382,12.00823,0.0],[79.64386,12.00541,0.0]]]}},{"id":"67","type":"Feature","properties":{"state":"PUDUCHERRY","state_code":"34","district":"PUDUCHERRY","district_code":"635","sub_district_code":"05911","sub_district_type":"TALUK","village":"CHETTYPET","village_category":"RURAL","village_code":"644924"},"geometry":{"type":"Polygon","coordinates":[[[79.6382,12.00823,0.0],[79.63853,12.01433,0.0],[79.63703,12.01529,0.0],[79.63711,12.01697,0.0],[79.63614,12.01726,0.0],[79.63663,12.02408,0.0],[79.63925,12.02658,0.0],[79.64132,12.02736,0.0],[79.64618,12.02517,0.0],[79.64755,12.02348,0.0],[79.64926,12.02292,0.0],[79.65025,12.02116,0.0],[79.64821,12.01921,0.0],[79.64509,12.00514,0.0],[79.6422,12.00587,0.0],[79.6382,12.00823,0.0]]]}},{"id":"68","type":"Feature","properties":{"state":"PUDUCHERRY","state_code":"34","district":"KARAIKAL","district_code":"637","sub_district_code":"05914","sub_district_type":"TALUK","village":"Thalatheru","village_category":"URBAN","village_code":"948032"},"geometry":{"type":"Polygon","coordinates":[[[79.84966,10.94307,0.0],[79.8484,10.94005,0.0],[79.84182,10.93859,0.0],[79.84064,10.93857,0.0],[79.83863,10.94049,0.0],[79.83575,10.94052,0.0],[79.83563,10.94165,0.0],[79.8323,10.94158,0.0],[79.82871,10.94041,0.0],[79.82847,10.94106,0.0],[79.81195,10.94046,0.0],[79.81071,10.93953,0.0],[79.81012,10.94146,0.0],[79.80867,10.94242,0.0],[79.80943,10.94389,0.0],[79.80805,10.94767,0.0],[79.82026,10.94733,0.0],[79.82912,10.94963,0.0],[79.83475,10.94915,0.0],[79.8397,10.95022,0.0],[79.85269,10.95098,0.0],[79.85248,10.94334,0.0],[79.84966,10.94307,0.0]]]}},{"id":"69","type":"Feature","properties":{"state":"PUDUCHERRY","state_code":"34","district":"KARAIKAL","district_code":"637","sub_district_code":"05914","sub_district_type":"TALUK","village":"Keezhaiyur (North)","village_category":"RURAL","village_code":"644991"},"geometry":{"type":"Polygon","coordinates":[[[79.84574,10.86553,0.0],[79.84526,10.86631,0.0],[79.84373,10.86615,0.0],[79.84388,10.86686,0.0],[79.84058,10.8668,0.0],[79.84092,10.87013,0.0],[79.83627,10.87097,0.0],[79.83612,10.87558,0.0],[79.83314,10.87567,0.0],[79.83398,10.87858,0.0],[79.83246,10.87962,0.0],[79.83264,10.88226,0.0],[79.83694,10.88408,0.0],[79.84185,10.88377,0.0],[79.84746,10.88488,0.0],[79.85107,10.88658,0.0],[79.85053,10.88557,0.0],[79.85127,10.8848,0.0],[79.85074,10.8838,0.0],[79.85147,10.88254,0.0],[79.85165,10.87629,0.0],[79.85073,10.86603,0.0],[79.84574,10.86553,0.0]]]}},{"id":"70","type":"Feature","properties":{"state":"PUDUCHERRY","state_code":"34","district":"KARAIKAL","district_code":"637","sub_district_code":"05914","sub_district_type":"TALUK","village":"Keezhaiyur (South)","village_category":"RURAL","village_code":"644992"},"geometry":{"type":"Polygon","coordinates":[[[79.84984,10.85822,0.0],[79.85045,10.85323,0.0],[79.84836,10.85335,0.0],[79.83583,10.8499,0.0],[79.83102,10.8506,0.0],[79.82949,10.86409,0.0],[79.83097,10.86446,0.0],[79.82988,10.86656,0.0],[79.83145,10.86907,0.0],[79.83062,10.87119,0.0],[79.83269,10.87152,0.0],[79.8336,10.8707,0.0],[79.83539,10.87136,0.0],[79.8408,10.87022,0.0],[79.84058,10.8668,0.0],[79.84388,10.86686,0.0],[79.84373,10.86615,0.0],[79.84526,10.86631,0.0],[79.84574,10.86553,0.0],[79.85069,10.86603,0.0],[79.84984,10.85822,0.0]]]}},{"id":"71","type":"Feature","properties":{"state":"PUDUCHERRY","state_code":"34","district":"KARAIKAL","district_code":"637","sub_district_code":"05914","sub_district_type":"TALUK","village":"KEEZHAVOOR","village_category":"RURAL","village_code":"645006"},"geometry":{"type":"Polygon","coordinates":[[[79.80767,10.93877,0.0],[79.80792,10.93741,0.0],[79.81104,10.93795,0.0],[79.81184,10.93678,0.0],[79.81181,10.93468,0.0],[79.81283,10.93427,0.0],[79.81375,10.93241,0.0],[79.8154,10.93223,0.0],[79.81583,10.93321,0.0],[79.81764,10.93354,0.0],[79.8204,10.93226,0.0],[79.82067,10.93075,0.0],[79.8179,10.93056,0.0],[79.81778,10.92935,0.0],[79.81585,10.93032,0.0],[79.81507,10.92883,0.0],[79.81311,10.92942,0.0],[79.80911,10.92858,0.0],[79.80873,10.91999,0.0],[79.80817,10.91739,0.0],[79.80701,10.9173,0.0],[79.80248,10.92002,0.0],[79.79611,10.92209,0.0],[79.79431,10.9218,0.0],[79.79377,10.92412,0.0],[79.79565,10.92611,0.0],[79.80101,10.92641,0.0],[79.80122,10.9285,0.0],[79.80383,10.92865,0.0],[79.80475,10.92951,0.0],[79.80493,10.93109,0.0],[79.80267,10.93142,0.0],[79.80282,10.93578,0.0],[79.79815,10.93527,0.0],[79.79831,10.93813,0.0],[79.80767,10.93877,0.0]]]}},{"id":"72","type":"Feature","properties":{"state":"PUDUCHERRY","state_code":"34","district":"KARAIKAL","district_code":"637","sub_district_code":"05914","sub_district_type":"TALUK","village":"Kottucherry","village_category":"URBAN","village_code":"644987"},"geometry":{"type":"Polygon","coordinates":[[[79.81964,10.95691,0.0],[79.8122,10.95773,0.0],[79.81238,10.96148,0.0],[79.80937,10.97053,0.0],[79.82794,10.97099,0.0],[79.83066,10.9704,0.0],[79.83281,10.96854,0.0],[79.83467,10.96837,0.0],[79.841,10.96838,0.0],[79.84324,10.96975,0.0],[79.8499,10.96919,0.0],[79.85363,10.96973,0.0],[79.85291,10.95709,0.0],[79.81964,10.95691,0.0]]]}},{"id":"73","type":"Feature","properties":{"state":"PUDUCHERRY","state_code":"34","district":"KARAIKAL","district_code":"637","sub_district_code":"05914","sub_district_type":"TALUK","village":"POLAGAM","village_category":"RURAL","village_code":"644993"},"geometry":{"type":"Polygon","coordinates":[[[79.81071,10.86087,0.0],[79.81192,10.85977,0.0],[79.81816,10.8634,0.0],[79.82372,10.8643,0.0],[79.82502,10.86505,0.0],[79.82504,10.86624,0.0],[79.82745,10.86577,0.0],[79.82791,10.86289,0.0],[79.8296,10.86314,0.0],[79.83102,10.8506,0.0],[79.8294,10.85132,0.0],[79.82762,10.85058,0.0],[79.82711,10.84824,0.0],[79.82539,10.84798,0.0],[79.82093,10.84506,0.0],[79.81954,10.84883,0.0],[79.81814,10.85009,0.0],[79.81398,10.84963,0.0],[79.80858,10.85467,0.0],[79.80807,10.85636,0.0],[79.80879,10.85751,0.0],[79.80767,10.8601,0.0],[79.80739,10.86458,0.0],[79.80966,10.86586,0.0],[79.81071,10.86087,0.0]]]}},{"id":"74","type":"Feature","properties":{"state":"PUDUCHERRY","state_code":"34","district":"KARAIKAL","district_code":"637","sub_district_code":"05914","sub_district_type":"TALUK","village":"POOVAM","village_category":"RURAL","village_code":"644984"},"geometry":{"type":"Polygon","coordinates":[[[79.84045,11.00401,0.0],[79.83917,10.99617,0.0],[79.84248,10.99613,0.0],[79.84301,10.99339,0.0],[79.84415,10.99358,0.0],[79.8445,10.99214,0.0],[79.84572,10.99165,0.0],[79.84543,10.98952,0.0],[79.84196,10.98925,0.0],[79.8353,10.99102,0.0],[79.83201,10.98409,0.0],[79.82894,10.98435,0.0],[79.83035,10.99312,0.0],[79.83048,11.00123,0.0],[79.83123,11.00253,0.0],[79.83062,11.00386,0.0],[79.83247,11.00429,0.0],[79.8367,11.00314,0.0],[79.84045,11.00401,0.0]]]}},{"id":"75","type":"Feature","properties":{"state":"PUDUCHERRY","state_code":"34","district":"KARAIKAL","district_code":"637","sub_district_code":"05914","sub_district_type":"TALUK","village":"Thirumalarayanpattinam","village_category":"URBAN","village_code":"644995"},"geometry":{"type":"MultiPolygon","coordinates":[[[[79.81073,10.88016,0.0],[79.80998,10.87785,0.0],[79.80722,10.8778,0.0],[79.80619,10.87973,0.0],[79.80652,10.88105,0.0],[79.80776,10.88167,0.0],[79.8096,10.88133,0.0],[79.81073,10.88016,0.0]]],[[[79.81116,10.88123,0.0],[79.81195,10.88141,0.0],[79.81303,10.88046,0.0],[79.81549,10.88118,0.0],[79.8194,10.88045,0.0],[79.82083,10.88157,0.0],[79.82288,10.88061,0.0],[79.82322,10.88146,0.0],[79.82424,10.88147,0.0],[79.82409,10.88076,0.0],[79.82493,10.88057,0.0],[79.82614,10.8822,0.0],[79.82691,10.88167,0.0],[79.82861,10.88229,0.0],[79.82939,10.88349,0.0],[79.8287,10.88454,0.0],[79.8293,10.88398,0.0],[79.8299,10.88246,0.0],[79.83264,10.88226,0.0],[79.83246,10.87962,0.0],[79.83398,10.87858,0.0],[79.83314,10.87567,0.0],[79.83612,10.87558,0.0],[79.83627,10.87097,0.0],[79.83062,10.87119,0.0],[79.83145,10.86907,0.0],[79.82988,10.86656,0.0],[79.83096,10.86444,0.0],[79.82969,10.86443,0.0],[79.8296,10.86314,0.0],[79.82791,10.86289,0.0],[79.82745,10.86577,0.0],[79.82504,10.86624,0.0],[79.82483,10.86975,0.0],[79.82368,10.86968,0.0],[79.8225,10.87397,0.0],[79.8169,10.87434,0.0],[79.81324,10.87561,0.0],[79.81108,10.87531,0.0],[79.81116,10.88123,0.0]]]]}},{"id":"76","type":"Feature","properties":{"state":"PUDUCHERRY","state_code":"34","district":"KARAIKAL","district_code":"637","sub_district_code":"05914","sub_district_type":"TALUK","village":"THIRUVATTAKUDY","village_category":"RURAL","village_code":"644985"},"geometry":{"type":"Polygon","coordinates":[[[79.85382,10.98322,0.0],[79.85363,10.96973,0.0],[79.8499,10.96919,0.0],[79.84324,10.96975,0.0],[79.841,10.96838,0.0],[79.83848,10.96831,0.0],[79.83281,10.96854,0.0],[79.8321,10.96941,0.0],[79.83203,10.9712,0.0],[79.83104,10.9716,0.0],[79.83053,10.97321,0.0],[79.83076,10.97458,0.0],[79.8325,10.97494,0.0],[79.8334,10.97707,0.0],[79.83201,10.98409,0.0],[79.8353,10.99102,0.0],[79.84154,10.98931,0.0],[79.84538,10.98947,0.0],[79.84572,10.99165,0.0],[79.8445,10.99214,0.0],[79.84415,10.99358,0.0],[79.84301,10.99339,0.0],[79.84262,10.99497,0.0],[79.84648,10.99496,0.0],[79.84729,10.99563,0.0],[79.84881,10.99445,0.0],[79.85151,10.9943,0.0],[79.85021,10.99059,0.0],[79.85022,10.98787,0.0],[79.85188,10.98563,0.0],[79.85179,10.9841,0.0],[79.85382,10.98322,0.0]]]}},{"id":"77","type":"Feature","properties":{"state":"PUDUCHERRY","state_code":"34","district":"KARAIKAL","district_code":"637","sub_district_code":"05914","sub_district_type":"TALUK","village":"Vanjoor","village_category":"RURAL","village_code":"644994"},"geometry":{"type":"Polygon","coordinates":[[[79.85045,10.85323,0.0],[79.851,10.84837,0.0],[79.85129,10.8344,0.0],[79.85055,10.82839,0.0],[79.83095,10.82783,0.0],[79.83023,10.83742,0.0],[79.82946,10.83755,0.0],[79.82947,10.83842,0.0],[79.83033,10.83861,0.0],[79.8276,10.85057,0.0],[79.82949,10.85132,0.0],[79.83583,10.8499,0.0],[79.85045,10.85323,0.0]]]}},{"id":"78","type":"Feature","properties":{"state":"PUDUCHERRY","state_code":"34","district":"KARAIKAL","district_code":"637","sub_district_code":"05914","sub_district_type":"TALUK","village":"Varitchikudy (North)","village_category":"RURAL","village_code":"644983"},"geometry":{"type":"Polygon","coordinates":[[[79.83048,11.00123,0.0],[79.83035,10.99312,0.0],[79.82893,10.98437,0.0],[79.83201,10.98409,0.0],[79.83243,10.98266,0.0],[79.82579,10.98279,0.0],[79.82636,10.98589,0.0],[79.81883,10.98713,0.0],[79.81715,10.98931,0.0],[79.80426,10.98768,0.0],[79.80429,10.98872,0.0],[79.80335,10.98903,0.0],[79.80486,10.99111,0.0],[79.80384,10.9925,0.0],[79.80575,10.99254,0.0],[79.80536,10.99153,0.0],[79.80617,10.99134,0.0],[79.8066,10.99268,0.0],[79.80524,10.99511,0.0],[79.8039,10.99528,0.0],[79.80418,10.99701,0.0],[79.80923,10.99921,0.0],[79.81207,10.99841,0.0],[79.81376,10.99906,0.0],[79.81474,11.00148,0.0],[79.81419,11.00285,0.0],[79.81641,11.00261,0.0],[79.81856,10.99894,0.0],[79.82079,10.99795,0.0],[79.82148,11.00109,0.0],[79.82369,11.00045,0.0],[79.82498,10.99843,0.0],[79.82807,10.99802,0.0],[79.82836,11.00051,0.0],[79.83061,11.00327,0.0],[79.83116,11.00202,0.0],[79.83048,11.00123,0.0]]]}},{"id":"79","type":"Feature","properties":{"state":"PUDUCHERRY","state_code":"34","district":"KARAIKAL","district_code":"637","sub_district_code":"05914","sub_district_type":"TALUK","village":"Varitchikudy (South) (CT)","village_category":"URBAN","village_code":"644986"},"geometry":{"type":"Polygon","coordinates":[[[79.8082,10.98866,0.0],[79.81715,10.98931,0.0],[79.81883,10.98713,0.0],[79.82636,10.98589,0.0],[79.82579,10.98279,0.0],[79.83243,10.98266,0.0],[79.8334,10.97707,0.0],[79.8325,10.97494,0.0],[79.83076,10.97458,0.0],[79.83053,10.97321,0.0],[79.83104,10.9716,0.0],[79.83203,10.9712,0.0],[79.83209,10.96943,0.0],[79.82794,10.97099,0.0],[79.80937,10.97053,0.0],[79.80914,10.97347,0.0],[79.8067,10.97463,0.0],[79.80365,10.98109,0.0],[79.79967,10.98266,0.0],[79.79951,10.98425,0.0],[79.8005,10.98539,0.0],[79.80181,10.98554,0.0],[79.80278,10.98756,0.0],[79.80417,10.98645,0.0],[79.80426,10.98768,0.0],[79.8082,10.98866,0.0]]]}},{"id":"80","type":"Feature","properties":{"state":"PUDUCHERRY","state_code":"34","district":"KARAIKAL","district_code":"637","sub_district_code":"05915","sub_district_type":"TALUK","village":"AMBAGARATHUR","village_category":"RURAL","village_code":"645001"},"geometry":{"type":"Polygon","coordinates":[[[79.73597,10.95931,0.0],[79.7361,10.95707,0.0],[79.73374,10.95637,0.0],[79.73362,10.95475,0.0],[79.73264,10.95445,0.0],[79.73252,10.95337,0.0],[79.73397,10.95282,0.0],[79.73295,10.95226,0.0],[79.73265,10.95096,0.0],[79.72621,10.95062,0.0],[79.72576,10.95137,0.0],[79.72472,10.95056,0.0],[79.72401,10.95141,0.0],[79.71994,10.95163,0.0],[79.71954,10.95696,0.0],[79.72047,10.95775,0.0],[79.71978,10.95814,0.0],[79.72038,10.95833,0.0],[79.72183,10.96484,0.0],[79.72142,10.96683,0.0],[79.72024,10.96798,0.0],[79.72145,10.9689,0.0],[79.72202,10.96797,0.0],[79.72284,10.96882,0.0],[79.72391,10.9687,0.0],[79.72409,10.96981,0.0],[79.72698,10.96891,0.0],[79.73007,10.96931,0.0],[79.73048,10.97021,0.0],[79.73183,10.96919,0.0],[79.7325,10.96971,0.0],[79.73461,10.96919,0.0],[79.7345,10.96696,0.0],[79.73847,10.96813,0.0],[79.73878,10.96535,0.0],[79.73968,10.96449,0.0],[79.74093,10.96636,0.0],[79.7448,10.96574,0.0],[79.74574,10.96505,0.0],[79.74592,10.96327,0.0],[79.74514,10.96173,0.0],[79.74531,10.95639,0.0],[79.73597,10.95931,0.0]],[[79.71983,10.95662,0.0],[79.72003,10.95488,0.0],[79.72041,10.95409,0.0],[79.72159,10.95401,0.0],[79.72163,10.95564,0.0],[79.71983,10.95662,0.0]]]}},{"id":"81","type":"Feature","properties":{"state":"PUDUCHERRY","state_code":"34","district":"KARAIKAL","district_code":"637","sub_district_code":"05915","sub_district_type":"TALUK","village":"Devamapuram","village_category":"RURAL","village_code":"645003"},"geometry":{"type":"Polygon","coordinates":[[[79.7564,10.96004,0.0],[79.75801,10.96019,0.0],[79.75841,10.96103,0.0],[79.75958,10.96008,0.0],[79.76532,10.96019,0.0],[79.76688,10.95881,0.0],[79.76733,10.95591,0.0],[79.76918,10.95429,0.0],[79.7702,10.95019,0.0],[79.77316,10.94978,0.0],[79.77423,10.94687,0.0],[79.77426,10.94562,0.0],[79.77309,10.94637,0.0],[79.77366,10.94349,0.0],[79.77492,10.94222,0.0],[79.77476,10.93688,0.0],[79.76625,10.93695,0.0],[79.75995,10.93531,0.0],[79.75688,10.93587,0.0],[79.75582,10.93779,0.0],[79.75649,10.94189,0.0],[79.7557,10.94492,0.0],[79.75589,10.9463,0.0],[79.75699,10.94682,0.0],[79.75706,10.94865,0.0],[79.75537,10.95236,0.0],[79.75648,10.95475,0.0],[79.75554,10.9555,0.0],[79.7564,10.96004,0.0]]]}},{"id":"82","type":"Feature","properties":{"state":"PUDUCHERRY","state_code":"34","district":"KARAIKAL","district_code":"637","sub_district_code":"05914","sub_district_type":"TALUK","village":"Kizhamanai","village_category":"RURAL","village_code":"644989"},"geometry":{"type":"Polygon","coordinates":[[[79.80704,10.90393,0.0],[79.80761,10.90255,0.0],[79.80493,10.90162,0.0],[79.80394,10.90049,0.0],[79.80473,10.89519,0.0],[79.80259,10.8937,0.0],[79.80268,10.89114,0.0],[79.79971,10.88974,0.0],[79.79992,10.88781,0.0],[79.7978,10.88739,0.0],[79.79742,10.88811,0.0],[79.79488,10.8874,0.0],[79.79484,10.88894,0.0],[79.7959,10.88971,0.0],[79.79571,10.89145,0.0],[79.7939,10.89151,0.0],[79.79264,10.89455,0.0],[79.79038,10.89522,0.0],[79.79057,10.89052,0.0],[79.78506,10.88941,0.0],[79.7847,10.8886,0.0],[79.78293,10.88998,0.0],[79.78287,10.89453,0.0],[79.78894,10.89489,0.0],[79.78893,10.89681,0.0],[79.79108,10.89678,0.0],[79.79195,10.8951,0.0],[79.7925,10.89767,0.0],[79.79431,10.89812,0.0],[79.79413,10.89908,0.0],[79.79237,10.89995,0.0],[79.79134,10.90487,0.0],[79.79698,10.90173,0.0],[79.79993,10.90278,0.0],[79.8031,10.9022,0.0],[79.80464,10.90332,0.0],[79.80369,10.90574,0.0],[79.80437,10.90719,0.0],[79.80686,10.90861,0.0],[79.80861,10.90815,0.0],[79.80704,10.90393,0.0]]]}},{"id":"83","type":"Feature","properties":{"state":"PUDUCHERRY","state_code":"34","district":"KARAIKAL","district_code":"637","sub_district_code":"05915","sub_district_type":"TALUK","village":"KURUMBAGARAM","village_category":"RURAL","village_code":"644996"},"geometry":{"type":"MultiPolygon","coordinates":[[[[79.74795,10.99042,0.0],[79.74679,10.99037,0.0],[79.74686,10.99201,0.0],[79.74783,10.99223,0.0],[79.74795,10.99042,0.0]]],[[[79.7585,11.00197,0.0],[79.75955,10.99915,0.0],[79.76029,10.99914,0.0],[79.76172,11.00175,0.0],[79.76315,10.99937,0.0],[79.76439,10.99973,0.0],[79.76644,10.99794,0.0],[79.76805,10.99836,0.0],[79.77067,10.99662,0.0],[79.77208,10.99786,0.0],[79.7739,10.9978,0.0],[79.77412,10.99362,0.0],[79.77309,10.98595,0.0],[79.7737,10.98413,0.0],[79.77496,10.98384,0.0],[79.775,10.98136,0.0],[79.77597,10.98125,0.0],[79.77745,10.97884,0.0],[79.77756,10.97419,0.0],[79.76949,10.97372,0.0],[79.769,10.9784,0.0],[79.767,10.97976,0.0],[79.75869,10.9811,0.0],[79.75876,10.98327,0.0],[79.75764,10.98306,0.0],[79.75705,10.98379,0.0],[79.75265,10.98256,0.0],[79.75281,10.98806,0.0],[79.74766,10.98814,0.0],[79.74865,10.98969,0.0],[79.74828,10.99234,0.0],[79.74907,10.9955,0.0],[79.74769,10.99605,0.0],[79.7492,10.99872,0.0],[79.74815,10.99939,0.0],[79.74731,11.00261,0.0],[79.75233,11.00262,0.0],[79.75353,11.00152,0.0],[79.75565,11.00375,0.0],[79.75678,11.00336,0.0],[79.75665,11.00204,0.0],[79.7585,11.00197,0.0]]]]}},{"id":"84","type":"Feature","properties":{"state":"PUDUCHERRY","state_code":"34","district":"KARAIKAL","district_code":"637","sub_district_code":"05915","sub_district_type":"TALUK","village":"MELAKASAKUDY","village_category":"RURAL","village_code":"645000"},"geometry":{"type":"Polygon","coordinates":[[[79.7899,10.96872,0.0],[79.78932,10.96273,0.0],[79.79597,10.96353,0.0],[79.79579,10.95835,0.0],[79.79873,10.95771,0.0],[79.79985,10.9577,0.0],[79.80012,10.95849,0.0],[79.81145,10.9579,0.0],[79.81301,10.95711,0.0],[79.81358,10.94761,0.0],[79.80806,10.94768,0.0],[79.80943,10.94389,0.0],[79.80867,10.94242,0.0],[79.79565,10.94762,0.0],[79.79081,10.94891,0.0],[79.78821,10.94844,0.0],[79.7851,10.95036,0.0],[79.7858,10.9577,0.0],[79.78315,10.968,0.0],[79.78319,10.9703,0.0],[79.7899,10.96872,0.0]]]}},{"id":"85","type":"Feature","properties":{"state":"PUDUCHERRY","state_code":"34","district":"KARAIKAL","district_code":"637","sub_district_code":"05915","sub_district_type":"TALUK","village":"Nallazhundur","village_category":"RURAL","village_code":"645002"},"geometry":{"type":"Polygon","coordinates":[[[79.7462,10.95611,0.0],[79.74906,10.9586,0.0],[79.7564,10.95894,0.0],[79.75554,10.9555,0.0],[79.75648,10.95475,0.0],[79.75537,10.95236,0.0],[79.75706,10.94865,0.0],[79.75699,10.94682,0.0],[79.75339,10.94659,0.0],[79.75264,10.94437,0.0],[79.74728,10.9434,0.0],[79.74626,10.94214,0.0],[79.7448,10.94245,0.0],[79.74403,10.94157,0.0],[79.74132,10.94108,0.0],[79.73773,10.94144,0.0],[79.73306,10.94009,0.0],[79.73157,10.94465,0.0],[79.7327,10.94537,0.0],[79.73218,10.94718,0.0],[79.73396,10.94839,0.0],[79.73729,10.94846,0.0],[79.73763,10.95271,0.0],[79.73623,10.95297,0.0],[79.73688,10.95688,0.0],[79.7361,10.95707,0.0],[79.73597,10.95931,0.0],[79.7462,10.95611,0.0]]]}},{"id":"86","type":"Feature","properties":{"state":"PUDUCHERRY","state_code":"34","district":"KARAIKAL","district_code":"637","sub_district_code":"05915","sub_district_type":"TALUK","village":"NEDUNKADU","village_category":"RURAL","village_code":"644999"},"geometry":{"type":"Polygon","coordinates":[[[79.75966,10.96951,0.0],[79.75968,10.97256,0.0],[79.75691,10.97323,0.0],[79.75479,10.97259,0.0],[79.7542,10.97644,0.0],[79.75302,10.97701,0.0],[79.75273,10.97809,0.0],[79.75543,10.97819,0.0],[79.75545,10.97985,0.0],[79.75852,10.98006,0.0],[79.75869,10.9811,0.0],[79.76696,10.97978,0.0],[79.76898,10.97842,0.0],[79.76949,10.97372,0.0],[79.77297,10.97361,0.0],[79.7832,10.97032,0.0],[79.78469,10.9617,0.0],[79.78262,10.96097,0.0],[79.78175,10.96164,0.0],[79.77476,10.96199,0.0],[79.76657,10.95876,0.0],[79.76446,10.96107,0.0],[79.76275,10.96152,0.0],[79.7612,10.96515,0.0],[79.76211,10.96675,0.0],[79.75966,10.96951,0.0]]]}},{"id":"87","type":"Feature","properties":{"state":"PUDUCHERRY","state_code":"34","district":"KARAIKAL","district_code":"637","sub_district_code":"05914","sub_district_type":"TALUK","village":"Neravy","village_category":"URBAN","village_code":"644990"},"geometry":{"type":"Polygon","coordinates":[[[79.83242,10.89348,0.0],[79.82876,10.89342,0.0],[79.82856,10.89226,0.0],[79.82727,10.89216,0.0],[79.82793,10.8892,0.0],[79.82714,10.88752,0.0],[79.82737,10.88524,0.0],[79.8287,10.88454,0.0],[79.82905,10.88322,0.0],[79.82672,10.88458,0.0],[79.82217,10.8848,0.0],[79.81096,10.88814,0.0],[79.8068,10.88779,0.0],[79.80557,10.88867,0.0],[79.80458,10.89124,0.0],[79.80268,10.89114,0.0],[79.80259,10.8937,0.0],[79.80405,10.89428,0.0],[79.80476,10.89613,0.0],[79.80692,10.89679,0.0],[79.80691,10.89873,0.0],[79.80806,10.90005,0.0],[79.81602,10.89913,0.0],[79.82358,10.90136,0.0],[79.83152,10.90039,0.0],[79.83242,10.89348,0.0]]]}},{"id":"88","type":"Feature","properties":{"state":"PUDUCHERRY","state_code":"34","district":"KARAIKAL","district_code":"637","sub_district_code":"05915","sub_district_type":"TALUK","village":"PETTAI","village_category":"RURAL","village_code":"645011"},"geometry":{"type":"Polygon","coordinates":[[[79.80565,10.91056,0.0],[79.80881,10.91107,0.0],[79.80865,10.90834,0.0],[79.80686,10.90861,0.0],[79.80437,10.90719,0.0],[79.80369,10.90574,0.0],[79.80464,10.90332,0.0],[79.8031,10.9022,0.0],[79.79993,10.90278,0.0],[79.79687,10.90177,0.0],[79.79397,10.90397,0.0],[79.79211,10.90762,0.0],[79.79067,10.90854,0.0],[79.78724,10.90816,0.0],[79.78414,10.90637,0.0],[79.78183,10.90674,0.0],[79.78019,10.90946,0.0],[79.77919,10.90869,0.0],[79.777,10.90958,0.0],[79.77587,10.90833,0.0],[79.77468,10.90838,0.0],[79.77294,10.90904,0.0],[79.77258,10.91015,0.0],[79.77347,10.91287,0.0],[79.77542,10.91278,0.0],[79.77808,10.91485,0.0],[79.77758,10.91944,0.0],[79.77844,10.92017,0.0],[79.77811,10.92143,0.0],[79.77914,10.92194,0.0],[79.78065,10.92196,0.0],[79.7808,10.91964,0.0],[79.78242,10.91857,0.0],[79.78523,10.91893,0.0],[79.79039,10.91335,0.0],[79.79126,10.91334,0.0],[79.79199,10.9145,0.0],[79.79238,10.91841,0.0],[79.79301,10.91971,0.0],[79.79425,10.92014,0.0],[79.79431,10.9218,0.0],[79.79611,10.92209,0.0],[79.80554,10.9185,0.0],[79.80565,10.91056,0.0]]]}},{"id":"89","type":"Feature","properties":{"state":"PUDUCHERRY","state_code":"34","district":"KARAIKAL","district_code":"637","sub_district_code":"05915","sub_district_type":"TALUK","village":"PONBETHY","village_category":"RURAL","village_code":"644997"},"geometry":{"type":"Polygon","coordinates":[[[79.77807,10.99934,0.0],[79.77901,10.99905,0.0],[79.77819,10.99723,0.0],[79.78413,10.99473,0.0],[79.78436,10.99684,0.0],[79.78753,10.99709,0.0],[79.78681,10.99509,0.0],[79.78869,10.99289,0.0],[79.78889,10.99143,0.0],[79.78832,10.99002,0.0],[79.78637,10.99049,0.0],[79.7881,10.98838,0.0],[79.78853,10.98636,0.0],[79.78991,10.98594,0.0],[79.79027,10.98769,0.0],[79.79073,10.98748,0.0],[79.79145,10.98607,0.0],[79.79089,10.98452,0.0],[79.79199,10.98415,0.0],[79.79272,10.98269,0.0],[79.79321,10.97837,0.0],[79.79247,10.97674,0.0],[79.79325,10.97446,0.0],[79.79441,10.97462,0.0],[79.79468,10.97264,0.0],[79.79466,10.96987,0.0],[79.7935,10.96831,0.0],[79.78629,10.96939,0.0],[79.77322,10.9732,0.0],[79.77307,10.9737,0.0],[79.77459,10.9741,0.0],[79.77756,10.97419,0.0],[79.77783,10.9752,0.0],[79.77706,10.97975,0.0],[79.77583,10.98135,0.0],[79.775,10.98136,0.0],[79.77496,10.98384,0.0],[79.7737,10.98413,0.0],[79.77309,10.98598,0.0],[79.77412,10.99362,0.0],[79.7739,10.9978,0.0],[79.77685,10.99777,0.0],[79.77807,10.99934,0.0]]]}},{"id":"90","type":"Feature","properties":{"state":"PUDUCHERRY","state_code":"34","district":"KARAIKAL","district_code":"637","sub_district_code":"05915","sub_district_type":"TALUK","village":"PUTHAKUDY","village_category":"RURAL","village_code":"644998"},"geometry":{"type":"Polygon","coordinates":[[[79.80365,10.98109,0.0],[79.8067,10.97463,0.0],[79.80914,10.97347,0.0],[79.8092,10.97092,0.0],[79.81238,10.96148,0.0],[79.8122,10.95775,0.0],[79.80012,10.95849,0.0],[79.79982,10.95769,0.0],[79.79852,10.95772,0.0],[79.79576,10.95837,0.0],[79.79597,10.96353,0.0],[79.7893,10.96276,0.0],[79.7899,10.96872,0.0],[79.7935,10.96831,0.0],[79.79471,10.97033,0.0],[79.79441,10.97462,0.0],[79.79325,10.97446,0.0],[79.79247,10.97674,0.0],[79.79321,10.9784,0.0],[79.79272,10.98269,0.0],[79.79199,10.98415,0.0],[79.79089,10.98452,0.0],[79.79145,10.98607,0.0],[79.79456,10.98262,0.0],[79.80365,10.98109,0.0]]]}},{"id":"91","type":"Feature","properties":{"state":"PUDUCHERRY","state_code":"34","district":"KARAIKAL","district_code":"637","sub_district_code":"05915","sub_district_type":"TALUK","village":"SELLUR","village_category":"RURAL","village_code":"645010"},"geometry":{"type":"Polygon","coordinates":[[[79.76391,10.91383,0.0],[79.76376,10.9237,0.0],[79.7647,10.9238,0.0],[79.76393,10.92824,0.0],[79.76446,10.92832,0.0],[79.76441,10.93197,0.0],[79.77441,10.93217,0.0],[79.77462,10.92834,0.0],[79.77593,10.92452,0.0],[79.77846,10.9207,0.0],[79.77758,10.91944,0.0],[79.77808,10.91485,0.0],[79.77542,10.91278,0.0],[79.77344,10.91284,0.0],[79.77265,10.91084,0.0],[79.77294,10.90904,0.0],[79.76521,10.911,0.0],[79.76333,10.9125,0.0],[79.76331,10.91374,0.0],[79.76391,10.91383,0.0]]]}},{"id":"92","type":"Feature","properties":{"state":"PUDUCHERRY","state_code":"34","district":"KARAIKAL","district_code":"637","sub_district_code":"05915","sub_district_type":"TALUK","village":"SETHUR","village_category":"RURAL","village_code":"645009"},"geometry":{"type":"MultiPolygon","coordinates":[[[[79.73945,10.92,0.0],[79.73855,10.91994,0.0],[79.73876,10.92139,0.0],[79.73945,10.92,0.0]]],[[[79.7228,10.93779,0.0],[79.72233,10.93471,0.0],[79.72213,10.93562,0.0],[79.72073,10.93568,0.0],[79.72077,10.93684,0.0],[79.72213,10.93683,0.0],[79.7228,10.93779,0.0]]],[[[79.73266,10.9404,0.0],[79.73391,10.94003,0.0],[79.73773,10.94144,0.0],[79.74132,10.94108,0.0],[79.74403,10.94157,0.0],[79.7448,10.94245,0.0],[79.74626,10.94214,0.0],[79.74728,10.9434,0.0],[79.75264,10.94437,0.0],[79.75339,10.94659,0.0],[79.75589,10.9463,0.0],[79.75651,10.9404,0.0],[79.75582,10.93779,0.0],[79.75705,10.93578,0.0],[79.7565,10.93376,0.0],[79.7532,10.93348,0.0],[79.75341,10.92841,0.0],[79.75134,10.92883,0.0],[79.75013,10.92784,0.0],[79.74885,10.92841,0.0],[79.74796,10.92749,0.0],[79.74566,10.92799,0.0],[79.74432,10.9269,0.0],[79.74272,10.92712,0.0],[79.74283,10.92428,0.0],[79.73969,10.92423,0.0],[79.73884,10.92278,0.0],[79.73832,10.92383,0.0],[79.73912,10.92424,0.0],[79.73907,10.9256,0.0],[79.73749,10.92578,0.0],[79.73748,10.92447,0.0],[79.73554,10.92411,0.0],[79.73475,10.92488,0.0],[79.73516,10.92715,0.0],[79.73267,10.92785,0.0],[79.73253,10.92719,0.0],[79.7307,10.92687,0.0],[79.73047,10.92747,0.0],[79.72955,10.92684,0.0],[79.72969,10.9277,0.0],[79.72814,10.92821,0.0],[79.72679,10.92754,0.0],[79.72677,10.9283,0.0],[79.72437,10.92913,0.0],[79.72498,10.92963,0.0],[79.72482,10.93162,0.0],[79.72553,10.93177,0.0],[79.72571,10.93397,0.0],[79.72679,10.93464,0.0],[79.72913,10.9336,0.0],[79.72905,10.93572,0.0],[79.72656,10.93571,0.0],[79.72662,10.93488,0.0],[79.72593,10.93486,0.0],[79.7249,10.93572,0.0],[79.725,10.93509,0.0],[79.72321,10.93473,0.0],[79.72326,10.93563,0.0],[79.7247,10.93568,0.0],[79.7248,10.93681,0.0],[79.72741,10.93682,0.0],[79.72755,10.93745,0.0],[79.72616,10.93835,0.0],[79.72543,10.93803,0.0],[79.7256,10.93974,0.0],[79.72429,10.9415,0.0],[79.72563,10.94293,0.0],[79.72966,10.94311,0.0],[79.7297,10.94373,0.0],[79.73162,10.94432,0.0],[79.73266,10.9404,0.0]]]]}},{"id":"93","type":"Feature","properties":{"state":"PUDUCHERRY","state_code":"34","district":"KARAIKAL","district_code":"637","sub_district_code":"05915","sub_district_type":"TALUK","village":"SORAKUDY","village_category":"RURAL","village_code":"645004"},"geometry":{"type":"Polygon","coordinates":[[[79.78501,10.96135,0.0],[79.7859,10.95572,0.0],[79.7851,10.95036,0.0],[79.78375,10.94914,0.0],[79.78186,10.95008,0.0],[79.7813,10.94786,0.0],[79.77953,10.94717,0.0],[79.78348,10.93197,0.0],[79.78204,10.93175,0.0],[79.78249,10.92936,0.0],[79.78102,10.92856,0.0],[79.78045,10.92454,0.0],[79.77642,10.92402,0.0],[79.77462,10.92834,0.0],[79.77459,10.93399,0.0],[79.77016,10.93525,0.0],[79.77007,10.93669,0.0],[79.77476,10.93688,0.0],[79.77492,10.94222,0.0],[79.77366,10.94349,0.0],[79.77309,10.94637,0.0],[79.77426,10.94562,0.0],[79.77423,10.94687,0.0],[79.77316,10.94978,0.0],[79.7702,10.95019,0.0],[79.76918,10.95429,0.0],[79.76733,10.95591,0.0],[79.76687,10.95878,0.0],[79.77047,10.96061,0.0],[79.77577,10.96169,0.0],[79.78501,10.96135,0.0]]]}},{"id":"94","type":"Feature","properties":{"state":"PUDUCHERRY","state_code":"34","district":"KARAIKAL","district_code":"637","sub_district_code":"05915","sub_district_type":"TALUK","village":"SUPRAYAPURAM","village_category":"RURAL","village_code":"645005"},"geometry":{"type":"Polygon","coordinates":[[[79.78821,10.94844,0.0],[79.79081,10.94891,0.0],[79.79565,10.94762,0.0],[79.80898,10.94234,0.0],[79.81048,10.94078,0.0],[79.81104,10.93795,0.0],[79.80792,10.93741,0.0],[79.80767,10.93877,0.0],[79.80576,10.93902,0.0],[79.78256,10.93612,0.0],[79.77953,10.94717,0.0],[79.7813,10.94786,0.0],[79.78186,10.95008,0.0],[79.78351,10.94913,0.0],[79.7851,10.95036,0.0],[79.78821,10.94844,0.0]]]}},{"id":"95","type":"Feature","properties":{"state":"PUDUCHERRY","state_code":"34","district":"KARAIKAL","district_code":"637","sub_district_code":"05915","sub_district_type":"TALUK","village":"THENNANKUDY","village_category":"RURAL","village_code":"645008"},"geometry":{"type":"Polygon","coordinates":[[[79.77019,10.93506,0.0],[79.77459,10.93399,0.0],[79.77441,10.93217,0.0],[79.76441,10.93197,0.0],[79.76446,10.92832,0.0],[79.76393,10.92824,0.0],[79.7647,10.9238,0.0],[79.76376,10.9237,0.0],[79.76356,10.92186,0.0],[79.76389,10.91379,0.0],[79.75925,10.91655,0.0],[79.75447,10.91608,0.0],[79.75394,10.91388,0.0],[79.74349,10.91408,0.0],[79.74358,10.91559,0.0],[79.74472,10.9157,0.0],[79.74449,10.91842,0.0],[79.74507,10.9185,0.0],[79.74462,10.91881,0.0],[79.7433,10.91846,0.0],[79.74317,10.91767,0.0],[79.74179,10.91774,0.0],[79.74179,10.91841,0.0],[79.74329,10.91856,0.0],[79.74272,10.92712,0.0],[79.74432,10.9269,0.0],[79.74566,10.92799,0.0],[79.74796,10.92749,0.0],[79.74885,10.92841,0.0],[79.75013,10.92784,0.0],[79.75134,10.92883,0.0],[79.75341,10.92841,0.0],[79.7532,10.93348,0.0],[79.75649,10.93373,0.0],[79.75705,10.93578,0.0],[79.75995,10.93531,0.0],[79.76625,10.93695,0.0],[79.77007,10.93669,0.0],[79.77019,10.93506,0.0]]]}},{"id":"96","type":"Feature","properties":{"state":"PUDUCHERRY","state_code":"34","district":"KARAIKAL","district_code":"637","sub_district_code":"05915","sub_district_type":"TALUK","village":"THIRUNALLAR","village_category":"RURAL","village_code":"645007"},"geometry":{"type":"Polygon","coordinates":[[[79.79818,10.93526,0.0],[79.80282,10.93578,0.0],[79.80267,10.93142,0.0],[79.80493,10.93109,0.0],[79.80475,10.92951,0.0],[79.80383,10.92865,0.0],[79.80122,10.9285,0.0],[79.80101,10.92641,0.0],[79.79614,10.92625,0.0],[79.79439,10.92515,0.0],[79.79377,10.92412,0.0],[79.79425,10.92014,0.0],[79.79246,10.91861,0.0],[79.79225,10.91537,0.0],[79.79126,10.91334,0.0],[79.79003,10.9135,0.0],[79.78908,10.91546,0.0],[79.78523,10.91893,0.0],[79.78242,10.91857,0.0],[79.7808,10.91964,0.0],[79.78065,10.92196,0.0],[79.77778,10.92169,0.0],[79.77651,10.92402,0.0],[79.78045,10.92454,0.0],[79.78102,10.92856,0.0],[79.78249,10.92936,0.0],[79.78204,10.93175,0.0],[79.78348,10.93197,0.0],[79.78256,10.93612,0.0],[79.79728,10.93817,0.0],[79.79831,10.93813,0.0],[79.79818,10.93526,0.0]]]}},{"id":"97","type":"Feature","properties":{"state":"PUDUCHERRY","state_code":"34","district":"KARAIKAL","district_code":"637","sub_district_code":"05914","sub_district_type":"TALUK","village":"Vizhidiur","village_category":"RURAL","village_code":"64988"},"geometry":{"type":"Polygon","coordinates":[[[79.75811,10.8923,0.0],[79.75803,10.89044,0.0],[79.75718,10.88979,0.0],[79.75574,10.89076,0.0],[79.75644,10.89164,0.0],[79.75603,10.89496,0.0],[79.75794,10.89636,0.0],[79.75879,10.89615,0.0],[79.75884,10.89713,0.0],[79.76259,10.89789,0.0],[79.76272,10.89944,0.0],[79.76407,10.89997,0.0],[79.76237,10.90062,0.0],[79.76227,10.90199,0.0],[79.76132,10.90193,0.0],[79.76122,10.90061,0.0],[79.76231,10.90057,0.0],[79.76234,10.89936,0.0],[79.76119,10.89931,0.0],[79.76171,10.90018,0.0],[79.76037,10.9008,0.0],[79.76033,10.89862,0.0],[79.75794,10.89842,0.0],[79.75731,10.8964,0.0],[79.75786,10.9018,0.0],[79.75814,10.9011,0.0],[79.75927,10.90089,0.0],[79.75931,10.90143,0.0],[79.75831,10.90203,0.0],[79.75896,10.90388,0.0],[79.75851,10.90528,0.0],[79.75742,10.90586,0.0],[79.75738,10.90817,0.0],[79.75899,10.90915,0.0],[79.76029,10.91247,0.0],[79.76276,10.91344,0.0],[79.7645,10.91185,0.0],[79.76306,10.90686,0.0],[79.76342,10.90638,0.0],[79.76369,10.90696,0.0],[79.76364,10.90514,0.0],[79.76421,10.90478,0.0],[79.76459,10.90545,0.0],[79.76448,10.90369,0.0],[79.76255,10.9034,0.0],[79.76262,10.90169,0.0],[79.76388,10.90186,0.0],[79.76452,10.90348,0.0],[79.76536,10.90355,0.0],[79.76555,10.90198,0.0],[79.76425,10.90188,0.0],[79.76587,10.90177,0.0],[79.76599,10.90102,0.0],[79.76802,10.90221,0.0],[79.76754,10.90367,0.0],[79.76636,10.90358,0.0],[79.76595,10.9054,0.0],[79.76409,10.90614,0.0],[79.76399,10.90699,0.0],[79.76518,10.90788,0.0],[79.76517,10.91102,0.0],[79.76943,10.91042,0.0],[79.77468,10.90838,0.0],[79.77587,10.90833,0.0],[79.77739,10.90958,0.0],[79.77707,10.90703,0.0],[79.7784,10.90714,0.0],[79.77962,10.90507,0.0],[79.77704,10.90511,0.0],[79.77728,10.89658,0.0],[79.76551,10.89614,0.0],[79.7656,10.89442,0.0],[79.76699,10.89436,0.0],[79.76783,10.8926,0.0],[79.76433,10.89257,0.0],[79.7643,10.89191,0.0],[79.76387,10.89251,0.0],[79.75811,10.8923,0.0]],[[79.76181,10.90502,0.0],[79.76153,10.90505,0.0],[79.7614,10.90478,0.0],[79.76181,10.90502,0.0]],[[79.75866,10.90098,0.0],[79.75839,10.90008,0.0],[79.75857,10.90011,0.0],[79.75866,10.90098,0.0]],[[79.75878,10.90036,0.0],[79.75907,10.9004,0.0],[79.75907,10.90059,0.0],[79.75878,10.90036,0.0]],[[79.76636,10.90058,0.0],[79.76633,10.89962,0.0],[79.76705,10.89967,0.0],[79.76706,10.89859,0.0],[79.76818,10.89868,0.0],[79.7681,10.8999,0.0],[79.76731,10.89994,0.0],[79.76963,10.89998,0.0],[79.77029,10.90079,0.0],[79.76777,10.90181,0.0],[79.76636,10.90058,0.0]],[[79.77122,10.90084,0.0],[79.77165,10.90006,0.0],[79.7718,10.90007,0.0],[79.77175,10.90097,0.0],[79.77122,10.90084,0.0]],[[79.77129,10.89894,0.0],[79.7718,10.89894,0.0],[79.77163,10.89922,0.0],[79.77129,10.89894,0.0]],[[79.75741,10.89542,0.0],[79.75745,10.89575,0.0],[79.7573,10.89573,0.0],[79.75741,10.89542,0.0]],[[79.77011,10.90285,0.0],[79.77014,10.90229,0.0],[79.77071,10.90223,0.0],[79.77011,10.90285,0.0]],[[79.76927,10.90392,0.0],[79.7692,10.90374,0.0],[79.76952,10.90372,0.0],[79.76927,10.90392,0.0]]]}},{"id":"98","type":"Feature","properties":{"state":"PUDUCHERRY","state_code":"34","district":"PUDUCHERRY","district_code":"635","sub_district_code":"05910","sub_district_type":"TALUK","village":"Thattanchavady","village_category":"URBAN","village_code":null},"geometry":{"type":"Polygon","coordinates":[[[79.80726,11.94719,0.0],[79.80877,11.94733,0.0],[79.8084,11.94534,0.0],[79.80908,11.94341,0.0],[79.81174,11.944,0.0],[79.81072,11.94098,0.0],[79.79939,11.94197,0.0],[79.78753,11.93951,0.0],[79.78447,11.93999,0.0],[79.77693,11.93901,0.0],[79.77349,11.93939,0.0],[79.77368,11.94263,0.0],[79.77196,11.94364,0.0],[79.77359,11.94898,0.0],[79.77553,11.94997,0.0],[79.77579,11.95197,0.0],[79.7769,11.95189,0.0],[79.77738,11.95357,0.0],[79.78006,11.95369,0.0],[79.78063,11.95579,0.0],[79.78136,11.95564,0.0],[79.78155,11.95643,0.0],[79.78411,11.95584,0.0],[79.78612,11.96045,0.0],[79.78855,11.96027,0.0],[79.7884,11.95967,0.0],[79.78952,11.95918,0.0],[79.78977,11.95979,0.0],[79.79137,11.95965,0.0],[79.80311,11.95299,0.0],[79.8053,11.9534,0.0],[79.80726,11.94719,0.0]]]}},{"id":"99","type":"Feature","properties":{"state":"PUDUCHERRY","state_code":"34","district":"PUDUCHERRY","district_code":"635","sub_district_code":"05910","sub_district_type":"TALUK","village":"Pillaichavady","village_category":"URBAN","village_code":"937514"},"geometry":{"type":"Polygon","coordinates":[[[79.85689,12.00626,0.0],[79.85327,12.00841,0.0],[79.84055,12.01276,0.0],[79.84403,12.02242,0.0],[79.84463,12.03409,0.0],[79.84557,12.03386,0.0],[79.84602,12.03496,0.0],[79.84835,12.03362,0.0],[79.85336,12.03247,0.0],[79.85143,12.0256,0.0],[79.85249,12.02527,0.0],[79.85497,12.02521,0.0],[79.85558,12.02698,0.0],[79.85891,12.0261,0.0],[79.85945,12.02789,0.0],[79.86204,12.02714,0.0],[79.86499,12.02811,0.0],[79.86679,12.02739,0.0],[79.85689,12.00626,0.0]]]}},{"id":"100","type":"Feature","properties":{"state":"PUDUCHERRY","state_code":"34","district":"PUDUCHERRY","district_code":"635","sub_district_code":"05910","sub_district_type":"TALUK","village":"Alankuppam","village_category":"URBAN","village_code":"937515"},"geometry":{"type":"Polygon","coordinates":[[[79.79867,12.02571,0.0],[79.8058,12.02398,0.0],[79.80433,12.01922,0.0],[79.80307,12.0189,0.0],[79.80152,12.01689,0.0],[79.79904,12.01679,0.0],[79.79141,12.01788,0.0],[79.78871,12.01906,0.0],[79.78979,12.0231,0.0],[79.78878,12.0271,0.0],[79.79434,12.02545,0.0],[79.79867,12.02571,0.0]]]}},{"id":"101","type":"Feature","properties":{"state":"PUDUCHERRY","state_code":"34","district":"PUDUCHERRY","district_code":"635","sub_district_code":"05910","sub_district_type":"TALUK","village":"Kalapet","village_category":"URBAN","village_code":"937516"},"geometry":{"type":"Polygon","coordinates":[[[79.86279,12.0279,0.0],[79.86204,12.02714,0.0],[79.85945,12.02789,0.0],[79.85891,12.0261,0.0],[79.85558,12.02698,0.0],[79.85497,12.02521,0.0],[79.85249,12.02527,0.0],[79.85143,12.0256,0.0],[79.85336,12.03247,0.0],[79.84835,12.03362,0.0],[79.84602,12.03496,0.0],[79.84557,12.03386,0.0],[79.84463,12.03409,0.0],[79.85005,12.05091,0.0],[79.86734,12.0453,0.0],[79.87343,12.04144,0.0],[79.86679,12.02739,0.0],[79.86279,12.0279,0.0]]]}},{"id":"102","type":"Feature","properties":{"state":"PUDUCHERRY","state_code":"34","district":"PUDUCHERRY","district_code":"635","sub_district_code":"05910","sub_district_type":"TALUK","village":"Karuvadikuppam","village_category":"URBAN","village_code":"937520"},"geometry":{"type":"Polygon","coordinates":[[[79.82152,11.96636,0.0],[79.82457,11.96203,0.0],[79.82799,11.95926,0.0],[79.83189,11.95764,0.0],[79.82983,11.95228,0.0],[79.82917,11.95318,0.0],[79.82818,11.95263,0.0],[79.82503,11.95402,0.0],[79.8246,11.95339,0.0],[79.82403,11.95433,0.0],[79.82066,11.95375,0.0],[79.81656,11.95708,0.0],[79.80499,11.95749,0.0],[79.80608,11.96828,0.0],[79.81108,11.9778,0.0],[79.81522,11.97951,0.0],[79.81776,11.97856,0.0],[79.82152,11.96636,0.0]]]}},{"id":"103","type":"Feature","properties":{"state":"PUDUCHERRY","state_code":"34","district":"PUDUCHERRY","district_code":"635","sub_district_code":"05910","sub_district_type":"TALUK","village":"Saram","village_category":"URBAN","village_code":"804037"},"geometry":{"type":"Polygon","coordinates":[[[79.83085,11.95098,0.0],[79.82831,11.94432,0.0],[79.82713,11.94353,0.0],[79.82484,11.93834,0.0],[79.82377,11.93705,0.0],[79.81907,11.93753,0.0],[79.81282,11.94087,0.0],[79.81072,11.94098,0.0],[79.81174,11.944,0.0],[79.81053,11.94418,0.0],[79.81013,11.94326,0.0],[79.8088,11.9439,0.0],[79.80877,11.94733,0.0],[79.80729,11.94716,0.0],[79.8056,11.95191,0.0],[79.805,11.95748,0.0],[79.81656,11.95708,0.0],[79.82066,11.95375,0.0],[79.82403,11.95433,0.0],[79.8246,11.95339,0.0],[79.82503,11.95402,0.0],[79.82818,11.95263,0.0],[79.82917,11.95318,0.0],[79.83085,11.95098,0.0]]]}},{"id":"104","type":"Feature","properties":{"state":"PUDUCHERRY","state_code":"34","district":"PUDUCHERRY","district_code":"635","sub_district_code":"05910","sub_district_type":"TALUK","village":"Reddiarpalayam","village_category":"URBAN","village_code":"937518"},"geometry":{"type":"Polygon","coordinates":[[[79.80733,11.93392,0.0],[79.80577,11.93345,0.0],[79.80545,11.93186,0.0],[79.80985,11.93152,0.0],[79.81047,11.9248,0.0],[79.79826,11.92363,0.0],[79.7979,11.92007,0.0],[79.79545,11.92012,0.0],[79.7953,11.91942,0.0],[79.79218,11.92075,0.0],[79.79253,11.92267,0.0],[79.78958,11.92248,0.0],[79.78962,11.92463,0.0],[79.79008,11.92541,0.0],[79.79148,11.92525,0.0],[79.79158,11.92644,0.0],[79.79057,11.92764,0.0],[79.79082,11.93083,0.0],[79.78997,11.93428,0.0],[79.79048,11.93503,0.0],[79.7919,11.93427,0.0],[79.79625,11.93421,0.0],[79.79838,11.93993,0.0],[79.79785,11.94177,0.0],[79.80829,11.94154,0.0],[79.80733,11.93392,0.0]]]}},{"id":"105","type":"Feature","properties":{"state":"PUDUCHERRY","state_code":"34","district":"PUDUCHERRY","district_code":"635","sub_district_code":"05910","sub_district_type":"TALUK","village":"OZHUKARAI","village_category":"URBAN","village_code":"937513"},"geometry":{"type":"Polygon","coordinates":[[[79.78475,11.92513,0.0],[79.78458,11.92759,0.0],[79.78321,11.92775,0.0],[79.78295,11.9245,0.0],[79.78085,11.92426,0.0],[79.78049,11.92221,0.0],[79.77241,11.92176,0.0],[79.77225,11.92334,0.0],[79.77682,11.92371,0.0],[79.77782,11.92413,0.0],[79.77787,11.92523,0.0],[79.77135,11.92502,0.0],[79.77102,11.92656,0.0],[79.76831,11.9283,0.0],[79.76715,11.92823,0.0],[79.76668,11.93059,0.0],[79.7726,11.93098,0.0],[79.77349,11.93939,0.0],[79.77693,11.93901,0.0],[79.78447,11.93999,0.0],[79.78753,11.93951,0.0],[79.79785,11.94177,0.0],[79.79838,11.93993,0.0],[79.79625,11.93421,0.0],[79.7919,11.93427,0.0],[79.79048,11.93503,0.0],[79.78998,11.9343,0.0],[79.79082,11.93083,0.0],[79.79068,11.92703,0.0],[79.79158,11.92644,0.0],[79.79148,11.92525,0.0],[79.79008,11.92541,0.0],[79.78962,11.92463,0.0],[79.78475,11.92513,0.0]]]}},{"id":"106","type":"Feature","properties":{"state":"PUDUCHERRY","state_code":"34","district":"PUDUCHERRY","district_code":"635","sub_district_code":"05909","sub_district_type":"TALUK","village":"Kommapakkam","village_category":"URBAN","village_code":"947968"},"geometry":{"type":"Polygon","coordinates":[[[79.79306,11.91601,0.0],[79.7916,11.91592,0.0],[79.79319,11.91221,0.0],[79.79304,11.90835,0.0],[79.79123,11.90764,0.0],[79.79071,11.90608,0.0],[79.7891,11.90572,0.0],[79.7879,11.9008,0.0],[79.78476,11.90122,0.0],[79.78371,11.90058,0.0],[79.78136,11.90305,0.0],[79.78307,11.90588,0.0],[79.78464,11.91804,0.0],[79.794,11.91704,0.0],[79.79306,11.91601,0.0]]]}},{"id":"107","type":"Feature","properties":{"state":"PUDUCHERRY","state_code":"34","district":"PUDUCHERRY","district_code":"635","sub_district_code":"05909","sub_district_type":"TALUK","village":"Murungapakkam","village_category":"URBAN","village_code":"947969"},"geometry":{"type":"Polygon","coordinates":[[[79.81189,11.91171,0.0],[79.81129,11.91144,0.0],[79.81153,11.91082,0.0],[79.81323,11.911,0.0],[79.81295,11.90902,0.0],[79.81435,11.90576,0.0],[79.81763,11.90512,0.0],[79.81559,11.90031,0.0],[79.81189,11.89731,0.0],[79.80959,11.89846,0.0],[79.80948,11.89932,0.0],[79.80405,11.90077,0.0],[79.79534,11.89972,0.0],[79.79159,11.89724,0.0],[79.78833,11.897,0.0],[79.78424,11.9006,0.0],[79.78476,11.90122,0.0],[79.7879,11.9008,0.0],[79.7891,11.90572,0.0],[79.79071,11.90608,0.0],[79.79123,11.90764,0.0],[79.79304,11.90835,0.0],[79.79319,11.91221,0.0],[79.7916,11.91592,0.0],[79.79306,11.91601,0.0],[79.79408,11.91703,0.0],[79.79409,11.91516,0.0],[79.80093,11.91438,0.0],[79.80231,11.91967,0.0],[79.80622,11.91974,0.0],[79.80659,11.91516,0.0],[79.81209,11.91435,0.0],[79.81189,11.91171,0.0]]]}},{"id":"108","type":"Feature","properties":{"state":"PUDUCHERRY","state_code":"34","district":"PUDUCHERRY","district_code":"635","sub_district_code":"05909","sub_district_type":"TALUK","village":"Thengaithittu","village_category":"URBAN","village_code":"937557"},"geometry":{"type":"Polygon","coordinates":[[[79.82247,11.90391,0.0],[79.82307,11.90562,0.0],[79.82149,11.90571,0.0],[79.82158,11.90664,0.0],[79.81861,11.90487,0.0],[79.81435,11.90576,0.0],[79.81295,11.90902,0.0],[79.81323,11.911,0.0],[79.81153,11.91082,0.0],[79.81129,11.91144,0.0],[79.81242,11.91488,0.0],[79.81387,11.91513,0.0],[79.8169,11.91927,0.0],[79.82003,11.91953,0.0],[79.83037,11.91537,0.0],[79.82969,11.91453,0.0],[79.82975,11.91162,0.0],[79.82877,11.91168,0.0],[79.82789,11.91018,0.0],[79.82823,11.90891,0.0],[79.82993,11.9095,0.0],[79.82812,11.90207,0.0],[79.82247,11.90391,0.0]]]}},{"id":"109","type":"Feature","properties":{"state":"PUDUCHERRY","state_code":"34","district":"PUDUCHERRY","district_code":"635","sub_district_code":"05909","sub_district_type":"TALUK","village":"Pudupalayam","village_category":"URBAN","village_code":"937556"},"geometry":{"type":"Polygon","coordinates":[[[79.81282,11.94087,0.0],[79.81907,11.93753,0.0],[79.82377,11.93705,0.0],[79.8236,11.9344,0.0],[79.82184,11.9321,0.0],[79.82236,11.93132,0.0],[79.8208,11.93105,0.0],[79.81845,11.92621,0.0],[79.81047,11.9248,0.0],[79.80985,11.93152,0.0],[79.80546,11.93182,0.0],[79.80577,11.93345,0.0],[79.80733,11.93392,0.0],[79.80829,11.94154,0.0],[79.81282,11.94087,0.0]]]}},{"id":"110","type":"Feature","properties":{"state":"PUDUCHERRY","state_code":"34","district":"PUDUCHERRY","district_code":"635","sub_district_code":"05909","sub_district_type":"TALUK","village":"Olandai","village_category":"URBAN","village_code":"947959"},"geometry":{"type":"Polygon","coordinates":[[[79.81847,11.92619,0.0],[79.81495,11.91896,0.0],[79.81597,11.91815,0.0],[79.81387,11.91513,0.0],[79.81302,11.91546,0.0],[79.81207,11.91434,0.0],[79.80659,11.91516,0.0],[79.80622,11.91974,0.0],[79.80231,11.91967,0.0],[79.80093,11.91438,0.0],[79.794,11.91526,0.0],[79.79454,11.91981,0.0],[79.7979,11.92007,0.0],[79.79826,11.92363,0.0],[79.81847,11.92619,0.0]]]}},{"id":"111","type":"Feature","properties":{"state":"PUDUCHERRY","state_code":"34","district":"KARAIKAL","district_code":"637","sub_district_code":"05914","sub_district_type":"TALUK","village":"Akkaravattam","village_category":"URBAN","village_code":"948025"},"geometry":{"type":"Polygon","coordinates":[[[79.84746,10.88488,0.0],[79.84185,10.88377,0.0],[79.83694,10.88408,0.0],[79.8334,10.88234,0.0],[79.8308,10.88212,0.0],[79.82737,10.88524,0.0],[79.82714,10.88752,0.0],[79.82792,10.88973,0.0],[79.82719,10.89105,0.0],[79.82728,10.8922,0.0],[79.82856,10.89226,0.0],[79.82876,10.89342,0.0],[79.83242,10.89348,0.0],[79.83152,10.90039,0.0],[79.83336,10.90065,0.0],[79.83312,10.90209,0.0],[79.83607,10.90536,0.0],[79.83715,10.90558,0.0],[79.83986,10.90377,0.0],[79.84197,10.9051,0.0],[79.84677,10.90578,0.0],[79.84773,10.90718,0.0],[79.8478,10.91055,0.0],[79.84915,10.91194,0.0],[79.8522,10.91204,0.0],[79.85075,10.88645,0.0],[79.84746,10.88488,0.0]]]}},{"id":"112","type":"Feature","properties":{"state":"PUDUCHERRY","state_code":"34","district":"KARAIKAL","district_code":"637","sub_district_code":"05914","sub_district_type":"TALUK","village":"Oduthurai","village_category":"URBAN","village_code":"948031"},"geometry":{"type":"Polygon","coordinates":[[[79.84777,10.9105,0.0],[79.84773,10.90718,0.0],[79.84696,10.90588,0.0],[79.84197,10.9051,0.0],[79.83986,10.90377,0.0],[79.83635,10.90557,0.0],[79.83316,10.90216,0.0],[79.83315,10.90047,0.0],[79.82208,10.90128,0.0],[79.81914,10.89994,0.0],[79.81419,10.89908,0.0],[79.80904,10.90028,0.0],[79.80691,10.89873,0.0],[79.80692,10.89679,0.0],[79.80476,10.89613,0.0],[79.80394,10.90049,0.0],[79.80493,10.90162,0.0],[79.80761,10.90255,0.0],[79.80704,10.90393,0.0],[79.80836,10.9062,0.0],[79.80871,10.9089,0.0],[79.83138,10.91151,0.0],[79.83126,10.91083,0.0],[79.84915,10.91194,0.0],[79.84777,10.9105,0.0]]]}},{"id":"113","type":"Feature","properties":{"state":"PUDUCHERRY","state_code":"34","district":"KARAIKAL","district_code":"637","sub_district_code":"05914","sub_district_type":"TALUK","village":"Kizhavely","village_category":"URBAN","village_code":"948030"},"geometry":{"type":"Polygon","coordinates":[[[79.83806,10.91136,0.0],[79.83694,10.91556,0.0],[79.83768,10.9227,0.0],[79.83852,10.9232,0.0],[79.83752,10.92384,0.0],[79.83804,10.93066,0.0],[79.84818,10.93177,0.0],[79.84926,10.9273,0.0],[79.85203,10.92769,0.0],[79.85254,10.91674,0.0],[79.8522,10.91204,0.0],[79.83806,10.91136,0.0]]]}},{"id":"114","type":"Feature","properties":{"state":"PUDUCHERRY","state_code":"34","district":"KARAIKAL","district_code":"637","sub_district_code":"05914","sub_district_type":"TALUK","village":"Dharmapuram","village_category":"URBAN","village_code":"948026"},"geometry":{"type":"Polygon","coordinates":[[[79.82578,10.92642,0.0],[79.82507,10.9249,0.0],[79.82533,10.91819,0.0],[79.83142,10.91149,0.0],[79.80969,10.9086,0.0],[79.80871,10.9089,0.0],[79.80881,10.91107,0.0],[79.80565,10.91056,0.0],[79.80554,10.9185,0.0],[79.80699,10.9173,0.0],[79.80817,10.91739,0.0],[79.80921,10.9237,0.0],[79.80911,10.92858,0.0],[79.81311,10.92942,0.0],[79.81507,10.92883,0.0],[79.81585,10.93032,0.0],[79.81778,10.92935,0.0],[79.8179,10.93056,0.0],[79.82232,10.93083,0.0],[79.82578,10.92642,0.0]]]}},{"id":"115","type":"Feature","properties":{"state":"PUDUCHERRY","state_code":"34","district":"KARAIKAL","district_code":"637","sub_district_code":"05914","sub_district_type":"TALUK","village":"KARAIKAL","village_category":"URBAN","village_code":"948027"},"geometry":{"type":"Polygon","coordinates":[[[79.83752,10.92384,0.0],[79.83852,10.9232,0.0],[79.83768,10.9227,0.0],[79.83694,10.91556,0.0],[79.83806,10.91136,0.0],[79.83126,10.91083,0.0],[79.83138,10.91217,0.0],[79.82533,10.91819,0.0],[79.82507,10.9249,0.0],[79.82578,10.92642,0.0],[79.82232,10.93083,0.0],[79.82675,10.93124,0.0],[79.82959,10.92922,0.0],[79.83369,10.93001,0.0],[79.83289,10.93184,0.0],[79.83582,10.93195,0.0],[79.83808,10.93141,0.0],[79.83752,10.92384,0.0]]]}},{"id":"116","type":"Feature","properties":{"state":"PUDUCHERRY","state_code":"34","district":"KARAIKAL","district_code":"637","sub_district_code":"05914","sub_district_type":"TALUK","village":"Kovilpattu","village_category":"URBAN","village_code":null},"geometry":{"type":"Polygon","coordinates":[[[79.84926,10.9273,0.0],[79.84818,10.93177,0.0],[79.83804,10.93066,0.0],[79.83808,10.93141,0.0],[79.83582,10.93195,0.0],[79.83289,10.93184,0.0],[79.83369,10.93001,0.0],[79.82959,10.92922,0.0],[79.82675,10.93124,0.0],[79.82067,10.93075,0.0],[79.8204,10.93226,0.0],[79.81764,10.93354,0.0],[79.81583,10.93321,0.0],[79.8154,10.93223,0.0],[79.81395,10.93234,0.0],[79.81181,10.93468,0.0],[79.81071,10.93953,0.0],[79.81195,10.94046,0.0],[79.82847,10.94106,0.0],[79.82871,10.94041,0.0],[79.8323,10.94158,0.0],[79.83563,10.94165,0.0],[79.83575,10.94052,0.0],[79.83863,10.94049,0.0],[79.84064,10.93857,0.0],[79.84182,10.93859,0.0],[79.8484,10.94005,0.0],[79.84966,10.94307,0.0],[79.85264,10.94335,0.0],[79.85188,10.92767,0.0],[79.84926,10.9273,0.0]]]}},{"id":"117","type":"Feature","properties":{"state":"PUDUCHERRY","state_code":"34","district":"KARAIKAL","district_code":"637","sub_district_code":"05914","sub_district_type":"TALUK","village":"Kizhakasakudy","village_category":"URBAN","village_code":"948028"},"geometry":{"type":"Polygon","coordinates":[[[79.8397,10.95022,0.0],[79.83475,10.94915,0.0],[79.82912,10.94963,0.0],[79.82108,10.94741,0.0],[79.81442,10.94744,0.0],[79.81339,10.94807,0.0],[79.81317,10.95669,0.0],[79.8121,10.95753,0.0],[79.84481,10.95656,0.0],[79.85305,10.95711,0.0],[79.85254,10.95099,0.0],[79.8397,10.95022,0.0]]]}},{"id":"118","type":"Feature","properties":{"state":"PUDUCHERRY","state_code":"34","district":"PUDUCHERRY","district_code":"635","sub_district_code":"05913","sub_district_type":"TALUK","village":"Pallur","village_category":null,"village_code":null},"geometry":{"type":"Polygon","coordinates":[[[75.55534,11.72147,0.0],[75.55444,11.7197,0.0],[75.55135,11.71905,0.0],[75.54995,11.71719,0.0],[75.54829,11.71689,0.0],[75.5478,11.71543,0.0],[75.54578,11.71751,0.0],[75.54404,11.71751,0.0],[75.54373,11.7165,0.0],[75.54226,11.71663,0.0],[75.5415,11.71553,0.0],[75.5376,11.71607,0.0],[75.5373,11.71894,0.0],[75.53653,11.7193,0.0],[75.53424,11.71682,0.0],[75.53156,11.71588,0.0],[75.53888,11.72648,0.0],[75.53848,11.73113,0.0],[75.53912,11.73288,0.0],[75.54783,11.73191,0.0],[75.5515,11.7304,0.0],[75.55553,11.72739,0.0],[75.55534,11.72147,0.0]]]}},{"id":"119","type":"Feature","properties":{"state":"PUDUCHERRY","state_code":"34","district":"PUDUCHERRY","district_code":"635","sub_district_code":"05908","sub_district_type":"TALUK","village":"ADIVIPALAM","village_category":"URBAN","village_code":"<Null>"},"geometry":{"type":"Polygon","coordinates":[[[82.23917,16.71623,0.0],[82.23269,16.71814,0.0],[82.22755,16.71774,0.0],[82.22223,16.72237,0.0],[82.22023,16.72218,0.0],[82.21589,16.72743,0.0],[82.21802,16.72818,0.0],[82.21715,16.7326,0.0],[82.22008,16.73223,0.0],[82.22829,16.72857,0.0],[82.23188,16.72775,0.0],[82.23423,16.72572,0.0],[82.24298,16.72236,0.0],[82.24877,16.72242,0.0],[82.2576,16.72039,0.0],[82.26404,16.7223,0.0],[82.27051,16.72195,0.0],[82.27328,16.72609,0.0],[82.27557,16.72729,0.0],[82.28087,16.72734,0.0],[82.28741,16.72608,0.0],[82.28948,16.72651,0.0],[82.29478,16.73196,0.0],[82.29539,16.72811,0.0],[82.29751,16.72497,0.0],[82.28721,16.71433,0.0],[82.27413,16.70687,0.0],[82.26622,16.70552,0.0],[82.25174,16.70565,0.0],[82.23917,16.71623,0.0]]]}},{"id":"120","type":"Feature","properties":{"state":"PUDUCHERRY","state_code":"34","district":"PUDUCHERRY","district_code":"635","sub_district_code":"05913","sub_district_type":null,"village":"Chalakkara","village_category":"<Null>","village_code":null},"geometry":{"type":"Polygon","coordinates":[[[75.53156,11.71588,0.0],[75.52914,11.71676,0.0],[75.52783,11.71601,0.0],[75.52807,11.71844,0.0],[75.52708,11.72057,0.0],[75.52754,11.72149,0.0],[75.52656,11.72606,0.0],[75.52898,11.73034,0.0],[75.53082,11.73096,0.0],[75.53172,11.73466,0.0],[75.53912,11.73288,0.0],[75.53848,11.73113,0.0],[75.53888,11.72648,0.0],[75.53156,11.71588,0.0]]]}},{"id":"121","type":"Feature","properties":{"state":"PUDUCHERRY","state_code":"34","district":"PUDUCHERRY","district_code":"635","sub_district_code":"05913","sub_district_type":"TALUK","village":"Kallayee","village_category":"<Null>","village_code":null},"geometry":{"type":"Polygon","coordinates":[[[75.53451,11.71325,0.0],[75.5371,11.71333,0.0],[75.53737,11.71218,0.0],[75.53235,11.71011,0.0],[75.53083,11.71021,0.0],[75.53176,11.70896,0.0],[75.531,11.70826,0.0],[75.52908,11.70908,0.0],[75.52903,11.70979,0.0],[75.53056,11.71044,0.0],[75.53079,11.71362,0.0],[75.53218,11.71393,0.0],[75.53156,11.71588,0.0],[75.5325,11.71621,0.0],[75.53316,11.71409,0.0],[75.53451,11.71325,0.0]]]}},{"id":"122","type":"Feature","properties":{"state":"PUDUCHERRY","state_code":"34","district":"PUDUCHERRY","district_code":"635","sub_district_code":"05913","sub_district_type":"TALUK","village":"MAHE","village_category":null,"village_code":"958035"},"geometry":{"type":"Polygon","coordinates":[[[75.53375,11.69799,0.0],[75.53232,11.69911,0.0],[75.5316,11.69876,0.0],[75.53133,11.7003,0.0],[75.52904,11.70129,0.0],[75.52886,11.70228,0.0],[75.53305,11.7058,0.0],[75.53426,11.70901,0.0],[75.53826,11.70961,0.0],[75.54423,11.70454,0.0],[75.54218,11.70182,0.0],[75.54166,11.69601,0.0],[75.53964,11.69597,0.0],[75.53618,11.69361,0.0],[75.53375,11.69799,0.0]]]}},{"id":"123","type":"Feature","properties":{"state":"PUDUCHERRY","state_code":"34","district":"PUDUCHERRY","district_code":"635","sub_district_code":"05913","sub_district_type":"TALUK","village":"Pandakkal","village_category":null,"village_code":"948037"},"geometry":{"type":"Polygon","coordinates":[[[75.53862,11.76014,0.0],[75.53935,11.76086,0.0],[75.54136,11.75937,0.0],[75.5441,11.7591,0.0],[75.54644,11.75627,0.0],[75.54472,11.75353,0.0],[75.54449,11.74646,0.0],[75.54298,11.74294,0.0],[75.54335,11.74136,0.0],[75.54207,11.73719,0.0],[75.54324,11.7344,0.0],[75.54465,11.73412,0.0],[75.54475,11.73267,0.0],[75.53602,11.73355,0.0],[75.53607,11.73435,0.0],[75.54011,11.73491,0.0],[75.54146,11.73889,0.0],[75.54169,11.74295,0.0],[75.54026,11.74847,0.0],[75.53906,11.74918,0.0],[75.53744,11.74866,0.0],[75.53744,11.75038,0.0],[75.53472,11.7526,0.0],[75.53438,11.75638,0.0],[75.53189,11.75759,0.0],[75.53123,11.75871,0.0],[75.53575,11.76105,0.0],[75.53623,11.7627,0.0],[75.53831,11.76272,0.0],[75.53862,11.76014,0.0]]]}},{"id":"124","type":"Feature","properties":{"state":"PUDUCHERRY","state_code":"34","district":"PUDUCHERRY","district_code":"635","sub_district_code":"05908","sub_district_type":"TALUK","village":"Mettakur","village_category":"URBAN","village_code":"948041"},"geometry":{"type":"Polygon","coordinates":[[[82.20869,16.73985,0.0],[82.20675,16.74288,0.0],[82.21109,16.74727,0.0],[82.21127,16.75001,0.0],[82.21264,16.75259,0.0],[82.21491,16.75314,0.0],[82.21955,16.74946,0.0],[82.21978,16.75172,0.0],[82.22126,16.75298,0.0],[82.22264,16.75604,0.0],[82.22212,16.75667,0.0],[82.22004,16.7561,0.0],[82.2212,16.75811,0.0],[82.2243,16.75597,0.0],[82.22541,16.75638,0.0],[82.22666,16.75984,0.0],[82.22796,16.76073,0.0],[82.22879,16.76013,0.0],[82.23176,16.75609,0.0],[82.23198,16.75474,0.0],[82.22948,16.7529,0.0],[82.22451,16.75279,0.0],[82.22516,16.74927,0.0],[82.22262,16.74781,0.0],[82.21839,16.74136,0.0],[82.21813,16.73909,0.0],[82.21682,16.73898,0.0],[82.21657,16.73727,0.0],[82.21579,16.7376,0.0],[82.21522,16.73587,0.0],[82.21197,16.73728,0.0],[82.20933,16.73339,0.0],[82.206,16.73512,0.0],[82.20869,16.73985,0.0]]]}},{"id":"125","type":"Feature","properties":{"state":"PUDUCHERRY","state_code":"34","district":"PUDUCHERRY","district_code":"635","sub_district_code":"05908","sub_district_type":"TALUK","village":"KANKALAPET","village_category":"URBAN","village_code":"948040"},"geometry":{"type":"Polygon","coordinates":[[[82.18636,16.73,0.0],[82.18629,16.73706,0.0],[82.18825,16.73702,0.0],[82.18947,16.7358,0.0],[82.19093,16.73659,0.0],[82.19746,16.73466,0.0],[82.20592,16.73501,0.0],[82.20933,16.73339,0.0],[82.2079,16.73025,0.0],[82.19474,16.731,0.0],[82.19449,16.73015,0.0],[82.18636,16.73,0.0]]]}},{"id":"126","type":"Feature","properties":{"state":"PUDUCHERRY","state_code":"34","district":"PUDUCHERRY","district_code":"635","sub_district_code":"05908","sub_district_type":"TALUK","village":"France-Thippa","village_category":"URBAN","village_code":"948039"},"geometry":{"type":"Polygon","coordinates":[[[82.19335,16.72163,0.0],[82.19474,16.731,0.0],[82.2079,16.73025,0.0],[82.21655,16.7273,0.0],[82.21828,16.72383,0.0],[82.21921,16.72383,0.0],[82.22023,16.72218,0.0],[82.22223,16.72237,0.0],[82.22755,16.71774,0.0],[82.21183,16.71805,0.0],[82.20547,16.71736,0.0],[82.19335,16.72163,0.0]]]}},{"id":"127","type":"Feature","properties":{"state":"PUDUCHERRY","state_code":"34","district":"PUDUCHERRY","district_code":"635","sub_district_code":"05908","sub_district_type":"TALUK","village":"Iskitippah","village_category":"URBAN","village_code":"<Null>"},"geometry":{"type":"Polygon","coordinates":[[[82.30308,16.74631,0.0],[82.30551,16.74813,0.0],[82.3138,16.72932,0.0],[82.31265,16.72475,0.0],[82.30916,16.71674,0.0],[82.30366,16.71095,0.0],[82.2945,16.70447,0.0],[82.2887,16.7019,0.0],[82.28012,16.70073,0.0],[82.27406,16.69734,0.0],[82.26674,16.69459,0.0],[82.25174,16.70565,0.0],[82.26622,16.70552,0.0],[82.27413,16.70687,0.0],[82.28491,16.71273,0.0],[82.29751,16.72497,0.0],[82.29499,16.72922,0.0],[82.2954,16.73308,0.0],[82.30308,16.74631,0.0]]]}},{"id":"128","type":"Feature","properties":{"state":"PUDUCHERRY","state_code":"34","district":"PUDUCHERRY","district_code":"635","sub_district_code":"05908","sub_district_type":"TALUK","village":"YANAM","village_category":"URBAN","village_code":"948042"},"geometry":{"type":"Polygon","coordinates":[[[82.21828,16.73684,0.0],[82.21691,16.73189,0.0],[82.21802,16.72818,0.0],[82.21546,16.72735,0.0],[82.2079,16.73025,0.0],[82.21197,16.73728,0.0],[82.21522,16.73587,0.0],[82.21579,16.7376,0.0],[82.21657,16.73727,0.0],[82.21682,16.73898,0.0],[82.2181,16.73908,0.0],[82.21828,16.73684,0.0]]]}}],"name":"puducherry_soi_villages","attribution":"Village boundaries: Survey of India, Government of India"}