{"type":"FeatureCollection","features":[{"id":"0","type":"Feature","properties":{"state":"Sikkim","state_code":"11","district":"Gyalshing","district_code":"242","sub_district":"Yuksom","sub_district_code":"6323","sub_district_type":"Sub_Division","village":"Topung","village_category":"Rural","village_code":"260992"},"geometry":{"type":"Polygon","coordinates":[[[88.1213,27.35965],[88.13518,27.34989],[88.13853,27.34888],[88.14142,27.34169],[88.14134,27.33816],[88.14247,27.33574],[88.13831,27.33657],[88.12911,27.34162],[88.12835,27.34337],[88.12276,27.34724],[88.12138,27.35025],[88.11833,27.3504],[88.11487,27.35666],[88.11782,27.3661],[88.12067,27.36327],[88.1213,27.35965]]]}},{"id":"1","type":"Feature","properties":{"state":"Sikkim","state_code":"11","district":"Gyalshing","district_code":"242","sub_district":"Yuksom","sub_district_code":"6323","sub_district_type":"Sub_Division","village":"Timbrong","village_category":"Rural","village_code":"260991"},"geometry":{"type":"Polygon","coordinates":[[[88.1577,27.33824],[88.14869,27.3349],[88.14694,27.33585],[88.14289,27.33534],[88.14139,27.33799],[88.14142,27.34169],[88.13853,27.34888],[88.14703,27.35114],[88.14732,27.34769],[88.15117,27.34255],[88.15313,27.34077],[88.15553,27.34078],[88.1577,27.33824]]]}},{"id":"2","type":"Feature","properties":{"state":"Sikkim","state_code":"11","district":"Gyalshing","district_code":"242","sub_district":"Yuksom","sub_district_code":"6323","sub_district_type":"Sub_Division","village":"Melli Aching","village_category":"Rural","village_code":"260989"},"geometry":{"type":"Polygon","coordinates":[[[88.1788,27.33956],[88.17071,27.34126],[88.16646,27.3403],[88.16656,27.3484],[88.16534,27.35215],[88.1671,27.35261],[88.17064,27.352],[88.17287,27.34875],[88.17513,27.34976],[88.17571,27.3489],[88.17835,27.34837],[88.17858,27.34923],[88.18052,27.34819],[88.18147,27.35289],[88.18855,27.35318],[88.18902,27.35025],[88.1885,27.34919],[88.18915,27.34796],[88.18836,27.34631],[88.1849,27.34171],[88.18368,27.3416],[88.18284,27.34254],[88.1788,27.33956]]]}},{"id":"3","type":"Feature","properties":{"state":"Sikkim","state_code":"11","district":"Gyalshing","district_code":"242","sub_district":"Yuksom","sub_district_code":"6323","sub_district_type":"Sub_Division","village":"Melli","village_category":"Rural","village_code":"260988"},"geometry":{"type":"Polygon","coordinates":[[[88.18841,27.35331],[88.18147,27.35289],[88.18052,27.34819],[88.17858,27.34923],[88.17835,27.34837],[88.17571,27.3489],[88.17513,27.34976],[88.17273,27.34879],[88.17064,27.352],[88.1671,27.35261],[88.16362,27.35183],[88.16403,27.35582],[88.16602,27.3609],[88.16542,27.3634],[88.16671,27.36388],[88.17842,27.36257],[88.18401,27.36015],[88.18832,27.35995],[88.18913,27.35891],[88.18819,27.3556],[88.18841,27.35331]]]}},{"id":"4","type":"Feature","properties":{"state":"Sikkim","state_code":"11","district":"Gyalshing","district_code":"242","sub_district":"Yuksom","sub_district_code":"6323","sub_district_type":"Sub_Division","village":"Thingling II","village_category":"Rural","village_code":"260987"},"geometry":{"type":"Polygon","coordinates":[[[88.19395,27.36908],[88.19239,27.3684],[88.19226,27.36279],[88.191,27.35905],[88.18401,27.36015],[88.17695,27.36272],[88.17662,27.36604],[88.17538,27.36626],[88.17406,27.36805],[88.17454,27.36907],[88.17369,27.37199],[88.1744,27.37429],[88.1717,27.37673],[88.17185,27.37735],[88.17335,27.37864],[88.18507,27.37443],[88.18752,27.37459],[88.19232,27.37126],[88.19395,27.36908]]]}},{"id":"5","type":"Feature","properties":{"state":"Sikkim","state_code":"11","district":"Gyalshing","district_code":"242","sub_district":"Yuksom","sub_district_code":"6323","sub_district_type":"Sub_Division","village":"Khechodpalri","village_category":"Rural","village_code":"260985"},"geometry":{"type":"Polygon","coordinates":[[[88.15735,27.3719],[88.15835,27.36928],[88.16097,27.3677],[88.16159,27.36646],[88.15848,27.3661],[88.15729,27.36496],[88.16566,27.3639],[88.16602,27.3609],[88.16403,27.35582],[88.16349,27.35215],[88.15797,27.35255],[88.15796,27.35424],[88.153,27.35652],[88.14764,27.35848],[88.14323,27.35894],[88.14277,27.36064],[88.14143,27.36235],[88.13904,27.36344],[88.13855,27.36517],[88.13701,27.3652],[88.13568,27.36415],[88.13277,27.36497],[88.13002,27.36811],[88.12917,27.37066],[88.12964,27.37269],[88.13566,27.37516],[88.13726,27.37723],[88.14228,27.37568],[88.1438,27.3722],[88.14853,27.37019],[88.15192,27.37043],[88.15465,27.37199],[88.15735,27.3719]]]}},{"id":"6","type":"Feature","properties":{"state":"Sikkim","state_code":"11","district":"Gyalshing","district_code":"242","sub_district":"Yuksom","sub_district_code":"6323","sub_district_type":"Sub_Division","village":"Tsozo","village_category":"Rural","village_code":"260984"},"geometry":{"type":"Polygon","coordinates":[[[88.16609,27.4081],[88.16305,27.40544],[88.16054,27.40128],[88.16107,27.39897],[88.16258,27.39698],[88.16232,27.39412],[88.16364,27.39112],[88.1642,27.38705],[88.16403,27.38436],[88.15951,27.38309],[88.1595,27.3745],[88.16015,27.37268],[88.161,27.36758],[88.15922,27.36839],[88.15773,27.3703],[88.15703,27.37403],[88.15755,27.37563],[88.15306,27.37593],[88.14854,27.38149],[88.14216,27.38396],[88.14073,27.39173],[88.15266,27.4006],[88.16158,27.40904],[88.16601,27.40962],[88.16609,27.4081]]]}},{"id":"7","type":"Feature","properties":{"state":"Sikkim","state_code":"11","district":"Gyalshing","district_code":"242","sub_district":"Yuksom","sub_district_code":"6323","sub_district_type":"Sub_Division","village":"Thingling I","village_category":"Rural","village_code":"260986"},"geometry":{"type":"Polygon","coordinates":[[[88.1717,27.37673],[88.1744,27.37429],[88.17369,27.37199],[88.17454,27.36907],[88.17406,27.36805],[88.17538,27.36626],[88.17662,27.36604],[88.17695,27.36272],[88.15713,27.36515],[88.15848,27.3661],[88.16159,27.36646],[88.1595,27.3745],[88.15951,27.38309],[88.1641,27.38444],[88.16669,27.3824],[88.16751,27.37961],[88.16694,27.37743],[88.16798,27.37658],[88.1717,27.37673]]]}},{"id":"8","type":"Feature","properties":{"state":"Sikkim","state_code":"11","district":"Gyalshing","district_code":"242","sub_district":"Yuksom","sub_district_code":"6323","sub_district_type":"Sub_Division","village":"Melli Singlitam","village_category":"Rural","village_code":"260990"},"geometry":{"type":"Polygon","coordinates":[[[88.15584,27.35412],[88.15797,27.35255],[88.16534,27.35215],[88.16591,27.35147],[88.16657,27.34834],[88.16646,27.3403],[88.16338,27.33903],[88.16059,27.33957],[88.15934,27.33824],[88.1577,27.33824],[88.15553,27.34078],[88.15232,27.34129],[88.14732,27.34769],[88.14703,27.35114],[88.14845,27.35259],[88.15584,27.35412]]]}},{"id":"9","type":"Feature","properties":{"state":"Sikkim","state_code":"11","district":"Gyalshing","district_code":"242","sub_district":"Yuksom","sub_district_code":"6323","sub_district_type":"Sub_Division","village":"Gangyap","village_category":"Rural","village_code":"261011"},"geometry":{"type":"Polygon","coordinates":[[[88.27135,27.40133],[88.27157,27.3973],[88.27402,27.39568],[88.27575,27.39558],[88.27797,27.39096],[88.28019,27.39382],[88.28557,27.39465],[88.28799,27.39225],[88.28747,27.38786],[88.28571,27.38432],[88.27826,27.37657],[88.26941,27.36546],[88.26754,27.36835],[88.26504,27.3704],[88.26263,27.37114],[88.25883,27.37564],[88.25529,27.37682],[88.25154,27.37654],[88.25069,27.38105],[88.2529,27.38437],[88.2463,27.38946],[88.24364,27.39046],[88.24184,27.39479],[88.23977,27.39674],[88.23954,27.39909],[88.24353,27.39985],[88.24861,27.3983],[88.2503,27.39947],[88.25042,27.40064],[88.25222,27.4006],[88.25529,27.40246],[88.26087,27.40178],[88.26349,27.40275],[88.26617,27.40113],[88.26725,27.40237],[88.27135,27.40133]]]}},{"id":"10","type":"Feature","properties":{"state":"Sikkim","state_code":"11","district":"Gyalshing","district_code":"242","sub_district":"Yuksom","sub_district_code":"6323","sub_district_type":"Sub_Division","village":"Lasso","village_category":"Rural","village_code":"261012"},"geometry":{"type":"Polygon","coordinates":[[[88.26555,27.3701],[88.26941,27.36546],[88.26726,27.36178],[88.26743,27.35393],[88.26014,27.35485],[88.25623,27.35682],[88.25503,27.35666],[88.25164,27.35297],[88.25249,27.34972],[88.2498,27.34846],[88.24727,27.34851],[88.24633,27.34627],[88.24429,27.34627],[88.2435,27.34909],[88.24188,27.35097],[88.2348,27.35498],[88.23417,27.35725],[88.2347,27.36099],[88.23897,27.3658],[88.24103,27.36602],[88.24974,27.37219],[88.2486,27.37593],[88.24958,27.37841],[88.25106,27.3795],[88.25177,27.37633],[88.25529,27.37682],[88.25869,27.37572],[88.26263,27.37114],[88.26555,27.3701]]]}},{"id":"11","type":"Feature","properties":{"state":"Sikkim","state_code":"11","district":"Gyalshing","district_code":"242","sub_district":"Yuksom","sub_district_code":"6323","sub_district_type":"Sub_Division","village":"Tashiding","village_category":"Rural","village_code":"261013"},"geometry":{"type":"Polygon","coordinates":[[[88.25682,27.35657],[88.26014,27.35485],[88.26743,27.35393],[88.26919,27.35177],[88.28007,27.34573],[88.28257,27.3428],[88.2831,27.33928],[88.28034,27.33209],[88.28072,27.32777],[88.27616,27.32401],[88.26861,27.32027],[88.26221,27.3253],[88.25636,27.32855],[88.2532,27.3287],[88.25064,27.33283],[88.24734,27.33628],[88.24729,27.33712],[88.24899,27.33878],[88.24658,27.34273],[88.24742,27.3448],[88.24633,27.34627],[88.24663,27.34762],[88.24727,27.34851],[88.2498,27.34846],[88.25249,27.34972],[88.25192,27.35363],[88.25503,27.35666],[88.25682,27.35657]]]}},{"id":"12","type":"Feature","properties":{"state":"Sikkim","state_code":"11","district":"Gyalshing","district_code":"242","sub_district":"Dentam","sub_district_code":"6322","sub_district_type":"Sub_Division","village":"Hee","village_category":"Rural","village_code":"261035"},"geometry":{"type":"Polygon","coordinates":[[[88.16602,27.28667],[88.16718,27.28243],[88.16632,27.2779],[88.16821,27.27513],[88.16442,27.27507],[88.16268,27.27393],[88.16652,27.26497],[88.15179,27.25547],[88.14863,27.26601],[88.14902,27.26791],[88.1468,27.2746],[88.14623,27.28019],[88.14848,27.28141],[88.15905,27.28186],[88.15968,27.28341],[88.16307,27.28588],[88.16602,27.28667]]]}},{"id":"13","type":"Feature","properties":{"state":"Sikkim","state_code":"11","district":"Gyalshing","district_code":"242","sub_district":"Dentam","sub_district_code":"6322","sub_district_type":"Sub_Division","village":"Hee Patal","village_category":"Rural","village_code":"261036"},"geometry":{"type":"Polygon","coordinates":[[[88.18166,27.26141],[88.18613,27.26089],[88.18919,27.25822],[88.18843,27.25711],[88.18267,27.25663],[88.18061,27.25772],[88.1763,27.25822],[88.17237,27.26087],[88.15704,27.25211],[88.15396,27.25426],[88.15138,27.25459],[88.16047,27.26154],[88.16872,27.26629],[88.17238,27.26577],[88.18166,27.26141]]]}},{"id":"14","type":"Feature","properties":{"state":"Sikkim","state_code":"11","district":"Gyalshing","district_code":"242","sub_district":"Dentam","sub_district_code":"6322","sub_district_type":"Sub_Division","village":"Radhukhanu","village_category":"Rural","village_code":"261034"},"geometry":{"type":"Polygon","coordinates":[[[88.14623,27.28019],[88.1468,27.2746],[88.14902,27.26791],[88.14863,27.26601],[88.15121,27.25841],[88.15155,27.25473],[88.14666,27.25478],[88.14424,27.2534],[88.13819,27.25972],[88.13286,27.26035],[88.12776,27.25892],[88.12585,27.26492],[88.12575,27.26936],[88.12506,27.27072],[88.1229,27.27185],[88.12444,27.27299],[88.12443,27.27698],[88.12615,27.27701],[88.12756,27.27863],[88.1301,27.27845],[88.13291,27.27992],[88.13602,27.28039],[88.13898,27.28069],[88.14129,27.27976],[88.14623,27.28019]]]}},{"id":"15","type":"Feature","properties":{"state":"Sikkim","state_code":"11","district":"Gyalshing","district_code":"242","sub_district":"Dentam","sub_district_code":"6322","sub_district_type":"Sub_Division","village":"Sangkhu","village_category":"Rural","village_code":"261033"},"geometry":{"type":"Polygon","coordinates":[[[88.12443,27.27698],[88.12444,27.27299],[88.1229,27.27185],[88.12506,27.27072],[88.12575,27.26936],[88.12587,27.26484],[88.12723,27.25967],[88.12823,27.25865],[88.12345,27.25833],[88.1188,27.25434],[88.11605,27.2501],[88.11559,27.24608],[88.11433,27.24502],[88.10694,27.24401],[88.10234,27.25364],[88.10413,27.25616],[88.10681,27.26451],[88.10916,27.26624],[88.10773,27.27242],[88.10798,27.27542],[88.10688,27.27738],[88.10911,27.2792],[88.11366,27.27803],[88.11657,27.2787],[88.12443,27.27698]]]}},{"id":"16","type":"Feature","properties":{"state":"Sikkim","state_code":"11","district":"Gyalshing","district_code":"242","sub_district":"Gyalshing","sub_district_code":"1549","sub_district_type":"Sub_Division","village":"Tikjya","village_category":"Rural","village_code":"261018"},"geometry":{"type":"Polygon","coordinates":[[[88.1894,27.29415],[88.18641,27.30074],[88.18446,27.30144],[88.18267,27.30512],[88.18092,27.30563],[88.17922,27.30857],[88.1773,27.30957],[88.1777,27.3117],[88.17571,27.31598],[88.17925,27.3153],[88.17993,27.31365],[88.18357,27.31386],[88.18547,27.31447],[88.18893,27.31814],[88.19856,27.32186],[88.19934,27.31949],[88.19775,27.31378],[88.19776,27.31228],[88.19893,27.31058],[88.19817,27.30807],[88.19664,27.30785],[88.19444,27.30329],[88.19237,27.30251],[88.18973,27.29715],[88.1894,27.29415]]]}},{"id":"17","type":"Feature","properties":{"state":"Sikkim","state_code":"11","district":"Gyalshing","district_code":"242","sub_district":"Gyalshing","sub_district_code":"1549","sub_district_type":"Sub_Division","village":"Lingchom","village_category":"Rural","village_code":"261019"},"geometry":{"type":"Polygon","coordinates":[[[88.1894,27.29415],[88.19184,27.293],[88.1948,27.28937],[88.18882,27.28946],[88.18626,27.28675],[88.17893,27.28708],[88.17693,27.28486],[88.17561,27.2866],[88.16869,27.28471],[88.16652,27.28519],[88.16589,27.28631],[88.1668,27.28966],[88.16635,27.29344],[88.16403,27.2951],[88.16641,27.29716],[88.16367,27.29985],[88.16373,27.30174],[88.16154,27.30787],[88.1615,27.30872],[88.1627,27.30921],[88.16292,27.31179],[88.17365,27.31454],[88.17571,27.31598],[88.1777,27.3117],[88.1773,27.30957],[88.17922,27.30857],[88.18092,27.30563],[88.18267,27.30512],[88.18446,27.30144],[88.18641,27.30074],[88.1894,27.29415]]]}},{"id":"18","type":"Feature","properties":{"state":"Sikkim","state_code":"11","district":"Gyalshing","district_code":"242","sub_district":"Gyalshing","sub_district_code":"1549","sub_district_type":"Sub_Division","village":"Sardong","village_category":"Rural","village_code":"261020"},"geometry":{"type":"Polygon","coordinates":[[[88.16466,27.28668],[88.16168,27.29306],[88.15385,27.29587],[88.14586,27.30317],[88.14819,27.30319],[88.15059,27.30557],[88.15576,27.30803],[88.1615,27.30872],[88.16215,27.30481],[88.16373,27.30174],[88.16367,27.29985],[88.16641,27.29716],[88.16405,27.29535],[88.1663,27.29355],[88.1668,27.28986],[88.16602,27.28667],[88.16466,27.28668]]]}},{"id":"19","type":"Feature","properties":{"state":"Sikkim","state_code":"11","district":"Gyalshing","district_code":"242","sub_district":"Gyalshing","sub_district_code":"1549","sub_district_type":"Sub_Division","village":"Lungzik","village_category":"Rural","village_code":"261021"},"geometry":{"type":"Polygon","coordinates":[[[88.14586,27.30317],[88.15385,27.29587],[88.16192,27.29282],[88.16466,27.28668],[88.16019,27.28388],[88.15925,27.28194],[88.14848,27.28141],[88.14293,27.29093],[88.1406,27.29829],[88.14213,27.30206],[88.14586,27.30317]]]}},{"id":"20","type":"Feature","properties":{"state":"Sikkim","state_code":"11","district":"Gyalshing","district_code":"242","sub_district":"Gyalshing","sub_district_code":"1549","sub_district_type":"Sub_Division","village":"Yangthang","village_category":"Rural","village_code":"261017"},"geometry":{"type":"Polygon","coordinates":[[[88.21087,27.32319],[88.2108,27.3213],[88.21217,27.31891],[88.21209,27.31663],[88.21308,27.31458],[88.2119,27.30631],[88.21279,27.3023],[88.21441,27.30088],[88.21619,27.29646],[88.21609,27.29517],[88.21395,27.29536],[88.21079,27.29302],[88.21272,27.29141],[88.21256,27.28964],[88.21341,27.28972],[88.21425,27.29149],[88.21606,27.29093],[88.21802,27.28857],[88.21883,27.28881],[88.21834,27.28724],[88.21578,27.2883],[88.20832,27.28866],[88.20535,27.28774],[88.19937,27.28823],[88.19716,27.28962],[88.1948,27.28937],[88.19184,27.293],[88.1894,27.29415],[88.18973,27.29709],[88.19237,27.30251],[88.19444,27.30329],[88.19664,27.30785],[88.19817,27.30807],[88.19893,27.31058],[88.19776,27.31228],[88.19775,27.31378],[88.19934,27.31949],[88.19856,27.32186],[88.20273,27.3224],[88.20631,27.32155],[88.20709,27.32351],[88.21087,27.32319]]]}},{"id":"21","type":"Feature","properties":{"state":"Sikkim","state_code":"11","district":"Gyalshing","district_code":"242","sub_district":"Dentam","sub_district_code":"6322","sub_district_type":"Sub_Division","village":"Sapong","village_category":"Rural","village_code":"261022"},"geometry":{"type":"Polygon","coordinates":[[[88.14848,27.28141],[88.1434,27.27983],[88.13898,27.28069],[88.13396,27.27991],[88.13202,27.28333],[88.13155,27.28799],[88.13324,27.29398],[88.13066,27.30054],[88.13208,27.30106],[88.13367,27.30057],[88.1349,27.30154],[88.14179,27.30111],[88.1406,27.29829],[88.14293,27.29093],[88.14848,27.28141]]]}},{"id":"22","type":"Feature","properties":{"state":"Sikkim","state_code":"11","district":"Gyalshing","district_code":"242","sub_district":"Dentam","sub_district_code":"6322","sub_district_type":"Sub_Division","village":"Bongten","village_category":"Rural","village_code":"261023"},"geometry":{"type":"Polygon","coordinates":[[[88.13396,27.27991],[88.12851,27.27833],[88.11936,27.28262],[88.11743,27.28649],[88.11774,27.29057],[88.11639,27.29186],[88.11465,27.29579],[88.11957,27.29807],[88.12471,27.29616],[88.12797,27.29685],[88.12803,27.29833],[88.13066,27.30054],[88.13324,27.29398],[88.13155,27.28799],[88.13202,27.28333],[88.13396,27.27991]]]}},{"id":"23","type":"Feature","properties":{"state":"Sikkim","state_code":"11","district":"Gyalshing","district_code":"242","sub_district":"Dentam","sub_district_code":"6322","sub_district_type":"Sub_Division","village":"Srinagi","village_category":"Rural","village_code":"261024"},"geometry":{"type":"Polygon","coordinates":[[[88.11465,27.29579],[88.11639,27.29186],[88.11774,27.29057],[88.11743,27.28649],[88.11911,27.28288],[88.1275,27.27888],[88.12615,27.27701],[88.11657,27.2787],[88.11319,27.27807],[88.1112,27.27908],[88.10864,27.27914],[88.10778,27.28039],[88.10797,27.28279],[88.10634,27.28662],[88.10705,27.28884],[88.1066,27.29445],[88.11046,27.29335],[88.11465,27.29579]]]}},{"id":"24","type":"Feature","properties":{"state":"Sikkim","state_code":"11","district":"Gyalshing","district_code":"242","sub_district":"Dentam","sub_district_code":"6322","sub_district_type":"Sub_Division","village":"Liching","village_category":"Rural","village_code":"261025"},"geometry":{"type":"Polygon","coordinates":[[[88.10864,27.27914],[88.10631,27.27706],[88.10295,27.27671],[88.10304,27.27894],[88.10105,27.28228],[88.09945,27.28872],[88.10086,27.29144],[88.10283,27.29238],[88.10256,27.29191],[88.10649,27.29221],[88.10705,27.28884],[88.10634,27.28662],[88.10864,27.27914]]]}},{"id":"25","type":"Feature","properties":{"state":"Sikkim","state_code":"11","district":"Gyalshing","district_code":"242","sub_district":"Dentam","sub_district_code":"6322","sub_district_type":"Sub_Division","village":"Gyaten","village_category":"Rural","village_code":"261026"},"geometry":{"type":"Polygon","coordinates":[[[88.10283,27.29238],[88.1008,27.29138],[88.09945,27.28887],[88.10105,27.28228],[88.10304,27.27894],[88.10295,27.27671],[88.09189,27.27831],[88.08547,27.28206],[88.07954,27.28227],[88.07488,27.28392],[88.07166,27.28665],[88.07506,27.28865],[88.08046,27.29734],[88.08558,27.29696],[88.08861,27.29573],[88.09455,27.29583],[88.10283,27.29238]]]}},{"id":"26","type":"Feature","properties":{"state":"Sikkim","state_code":"11","district":"Gyalshing","district_code":"242","sub_district":"Dentam","sub_district_code":"6322","sub_district_type":"Sub_Division","village":"Karmatar","village_category":"Rural","village_code":"261027"},"geometry":{"type":"Polygon","coordinates":[[[88.08046,27.29734],[88.07506,27.28865],[88.07166,27.28665],[88.06647,27.28852],[88.06638,27.29272],[88.06481,27.29684],[88.05932,27.29943],[88.05932,27.30184],[88.05803,27.304],[88.05294,27.30504],[88.04954,27.30711],[88.0474,27.30704],[88.05286,27.31402],[88.06037,27.31923],[88.06236,27.32167],[88.06552,27.32039],[88.06446,27.3187],[88.06369,27.31373],[88.06213,27.31125],[88.06675,27.31044],[88.07034,27.30676],[88.07484,27.29642],[88.07661,27.29445],[88.07913,27.29766],[88.08046,27.29734]]]}},{"id":"27","type":"Feature","properties":{"state":"Sikkim","state_code":"11","district":"Gyalshing","district_code":"242","sub_district":"Gyalshing","sub_district_code":"1549","sub_district_type":"Sub_Division","village":"Bhaluthang","village_category":"Rural","village_code":"261003"},"geometry":{"type":"Polygon","coordinates":[[[88.21808,27.3591],[88.2228,27.35946],[88.22155,27.35705],[88.22041,27.35036],[88.22175,27.34728],[88.22165,27.34508],[88.22279,27.3432],[88.22884,27.34125],[88.22968,27.33902],[88.2279,27.33685],[88.22826,27.33615],[88.22322,27.33713],[88.22127,27.33563],[88.2222,27.33439],[88.2185,27.33526],[88.21505,27.33394],[88.21479,27.33121],[88.21197,27.33036],[88.20728,27.33395],[88.20481,27.33709],[88.2044,27.33891],[88.20464,27.34144],[88.20622,27.34254],[88.20854,27.34611],[88.20887,27.34867],[88.2112,27.35382],[88.20999,27.35638],[88.20993,27.35877],[88.21238,27.3588],[88.2146,27.36041],[88.21808,27.3591]]]}},{"id":"28","type":"Feature","properties":{"state":"Sikkim","state_code":"11","district":"Gyalshing","district_code":"242","sub_district":"Gyalshing","sub_district_code":"1549","sub_district_type":"Sub_Division","village":"Gyalshing Nagar Panchayat","village_category":"Fully_Urban","village_code":"801417"},"geometry":{"type":"Polygon","coordinates":[[[88.22188,27.32528],[88.21619,27.32705],[88.21454,27.32922],[88.21833,27.33069],[88.22177,27.32956],[88.22532,27.32665],[88.22188,27.32528]]]}},{"id":"29","type":"Feature","properties":{"state":"Sikkim","state_code":"11","district":"Gyalshing","district_code":"242","sub_district":"Gyalshing","sub_district_code":"1549","sub_district_type":"Sub_Division","village":"Gyalshing Forest Block (Part)","village_category":"Rural","village_code":"261048"},"geometry":{"type":"Polygon","coordinates":[[[88.22704,27.31934],[88.23211,27.31759],[88.23758,27.31787],[88.23452,27.31545],[88.23343,27.31347],[88.23169,27.31323],[88.23405,27.30527],[88.2338,27.3039],[88.23479,27.3009],[88.23738,27.29838],[88.24634,27.29355],[88.24614,27.29066],[88.24117,27.28795],[88.22942,27.28544],[88.22759,27.28638],[88.21834,27.28724],[88.21883,27.28881],[88.21802,27.28857],[88.21606,27.29093],[88.21462,27.29149],[88.21323,27.29034],[88.21341,27.28972],[88.21256,27.28964],[88.21272,27.29141],[88.21079,27.29302],[88.21395,27.29536],[88.21611,27.29517],[88.21674,27.29579],[88.22026,27.30266],[88.22095,27.30657],[88.2238,27.3101],[88.22333,27.31223],[88.22637,27.31832],[88.22704,27.31934]]]}},{"id":"30","type":"Feature","properties":{"state":"Sikkim","state_code":"11","district":"Gyalshing","district_code":"242","sub_district":"Gyalshing","sub_district_code":"1549","sub_district_type":"Sub_Division","village":"Omchung","village_category":"Rural","village_code":"261014"},"geometry":{"type":"Polygon","coordinates":[[[88.26664,27.32192],[88.26912,27.31936],[88.26827,27.31757],[88.26515,27.3161],[88.26334,27.31285],[88.25804,27.30822],[88.25672,27.30579],[88.2567,27.30141],[88.25422,27.29954],[88.24422,27.29685],[88.24145,27.29762],[88.24018,27.29897],[88.23738,27.29838],[88.23479,27.3009],[88.23169,27.31323],[88.23343,27.31347],[88.23452,27.31545],[88.23945,27.31957],[88.24258,27.31972],[88.24592,27.31745],[88.25511,27.31924],[88.25829,27.32108],[88.26185,27.31984],[88.26392,27.32012],[88.26542,27.32173],[88.26664,27.32192]]]}},{"id":"31","type":"Feature","properties":{"state":"Sikkim","state_code":"11","district":"Gyalshing","district_code":"242","sub_district":"Gyalshing","sub_district_code":"1549","sub_district_type":"Sub_Division","village":"Yangtey","village_category":"Rural","village_code":"261001"},"geometry":{"type":"Polygon","coordinates":[[[88.26664,27.32192],[88.26482,27.32138],[88.26391,27.32011],[88.26185,27.31984],[88.25829,27.32108],[88.25511,27.31924],[88.25075,27.3189],[88.24638,27.31748],[88.24132,27.32],[88.2367,27.31762],[88.2287,27.31828],[88.22704,27.31934],[88.22763,27.32171],[88.22936,27.32408],[88.22959,27.32969],[88.22773,27.33184],[88.22477,27.33282],[88.22127,27.33563],[88.22376,27.33723],[88.22776,27.33615],[88.23327,27.33691],[88.24469,27.33551],[88.24734,27.33628],[88.25064,27.33283],[88.2532,27.3287],[88.25636,27.32855],[88.26664,27.32192]]]}},{"id":"32","type":"Feature","properties":{"state":"Sikkim","state_code":"11","district":"Gyalshing","district_code":"242","sub_district":"Gyalshing","sub_district_code":"1549","sub_district_type":"Sub_Division","village":"Unglok","village_category":"Rural","village_code":"261002"},"geometry":{"type":"Polygon","coordinates":[[[88.2228,27.35946],[88.22534,27.35791],[88.2337,27.35567],[88.24188,27.35097],[88.24373,27.34863],[88.24395,27.34634],[88.24633,27.34627],[88.24734,27.34521],[88.24658,27.34273],[88.24899,27.33878],[88.24729,27.33712],[88.24734,27.33628],[88.24469,27.33551],[88.23327,27.33691],[88.22826,27.33615],[88.2279,27.33685],[88.22968,27.33902],[88.22939,27.34066],[88.22269,27.34328],[88.22043,27.34999],[88.22155,27.35705],[88.2228,27.35946]]]}},{"id":"33","type":"Feature","properties":{"state":"Sikkim","state_code":"11","district":"Gyalshing","district_code":"242","sub_district":"Gyalshing","sub_district_code":"1549","sub_district_type":"Sub_Division","village":"Kyongsa","village_category":"Rural","village_code":"261016"},"geometry":{"type":"Polygon","coordinates":[[[88.22704,27.31934],[88.22333,27.31223],[88.2238,27.3101],[88.22095,27.30657],[88.21916,27.3],[88.21609,27.29517],[88.21532,27.29897],[88.21279,27.3023],[88.2119,27.30631],[88.21308,27.31458],[88.21209,27.31663],[88.21217,27.31891],[88.2108,27.3213],[88.21087,27.32319],[88.21531,27.32274],[88.21624,27.32348],[88.22377,27.32241],[88.22436,27.32094],[88.22704,27.31934]]]}},{"id":"34","type":"Feature","properties":{"state":"Sikkim","state_code":"11","district":"Gyalshing","district_code":"242","sub_district":"Yuksom","sub_district_code":"6323","sub_district_type":"Sub_Division","village":"Yuksom","village_category":"Rural","village_code":"260981"},"geometry":{"type":"Polygon","coordinates":[[[88.18152,27.41571],[88.18562,27.4048],[88.18192,27.40051],[88.18025,27.39235],[88.18273,27.39079],[88.18574,27.3832],[88.19127,27.38164],[88.19226,27.37862],[88.1902,27.3778],[88.19082,27.37643],[88.18899,27.37374],[88.18003,27.37595],[88.17335,27.37864],[88.1717,27.37673],[88.16787,27.3766],[88.16686,27.37759],[88.16751,27.37961],[88.16669,27.3824],[88.16406,27.38449],[88.16368,27.39095],[88.16232,27.39412],[88.16258,27.39698],[88.16107,27.39897],[88.16054,27.40128],[88.16305,27.40544],[88.16828,27.41023],[88.16943,27.41224],[88.16998,27.41617],[88.17383,27.41673],[88.18152,27.41571]]]}},{"id":"35","type":"Feature","properties":{"state":"Sikkim","state_code":"11","district":"Gyalshing","district_code":"242","sub_district":"Yuksom","sub_district_code":"6323","sub_district_type":"Sub_Division","village":"Dubdi","village_category":"Rural","village_code":"260980"},"geometry":{"type":"Polygon","coordinates":[[[88.20124,27.39335],[88.19824,27.3907],[88.19554,27.38654],[88.19258,27.38467],[88.19159,27.38133],[88.18583,27.38311],[88.18273,27.39079],[88.18024,27.39237],[88.18192,27.40051],[88.18562,27.4048],[88.1841,27.4096],[88.18911,27.4058],[88.1957,27.40242],[88.1982,27.39616],[88.20083,27.39523],[88.20124,27.39335]]]}},{"id":"36","type":"Feature","properties":{"state":"Sikkim","state_code":"11","district":"Gyalshing","district_code":"242","sub_district":"Yuksom","sub_district_code":"6323","sub_district_type":"Sub_Division","village":"Labing","village_category":"Rural","village_code":"260983"},"geometry":{"type":"Polygon","coordinates":[[[88.21231,27.38564],[88.21045,27.38276],[88.21181,27.38103],[88.21189,27.37951],[88.20931,27.37559],[88.2096,27.37317],[88.20851,27.37362],[88.20897,27.37246],[88.20331,27.3706],[88.20592,27.36748],[88.2077,27.3671],[88.20871,27.36568],[88.20719,27.36209],[88.20559,27.36083],[88.20162,27.36248],[88.19604,27.36644],[88.19232,27.37126],[88.18899,27.37374],[88.19082,27.37643],[88.1902,27.3778],[88.19226,27.37862],[88.19144,27.38049],[88.19258,27.38467],[88.19554,27.38654],[88.19824,27.3907],[88.2016,27.39368],[88.20399,27.3939],[88.20725,27.39098],[88.20919,27.38653],[88.21231,27.38564]]]}},{"id":"37","type":"Feature","properties":{"state":"Sikkim","state_code":"11","district":"Gyalshing","district_code":"242","sub_district":"Yuksom","sub_district_code":"6323","sub_district_type":"Sub_Division","village":"Gerethang","village_category":"Rural","village_code":"260982"},"geometry":{"type":"Polygon","coordinates":[[[88.22515,27.36783],[88.22431,27.36526],[88.22053,27.36123],[88.22119,27.35981],[88.21808,27.3591],[88.2146,27.36041],[88.21238,27.3588],[88.20975,27.35878],[88.20559,27.36083],[88.20719,27.36209],[88.20871,27.36568],[88.2077,27.3671],[88.20592,27.36748],[88.20331,27.3706],[88.20897,27.37246],[88.20851,27.37362],[88.2096,27.37317],[88.20931,27.37559],[88.21189,27.37951],[88.21181,27.38103],[88.21045,27.38276],[88.21231,27.38564],[88.21321,27.3849],[88.21476,27.37985],[88.21736,27.37676],[88.21922,27.37268],[88.22515,27.36783]]]}},{"id":"38","type":"Feature","properties":{"state":"Sikkim","state_code":"11","district":"Gyalshing","district_code":"242","sub_district":"Yuksom","sub_district_code":"6323","sub_district_type":"Sub_Division","village":"Arithang","village_category":"Rural","village_code":"261005"},"geometry":{"type":"Polygon","coordinates":[[[88.23565,27.39218],[88.23686,27.38973],[88.23627,27.38786],[88.23661,27.38405],[88.23495,27.38003],[88.23505,27.37845],[88.23265,27.37756],[88.23092,27.37298],[88.22515,27.36783],[88.21922,27.37268],[88.21736,27.37676],[88.21476,27.37985],[88.21259,27.38558],[88.222,27.38895],[88.22364,27.39079],[88.22793,27.39039],[88.23064,27.39199],[88.23565,27.39218]]]}},{"id":"39","type":"Feature","properties":{"state":"Sikkim","state_code":"11","district":"Gyalshing","district_code":"242","sub_district":"Yuksom","sub_district_code":"6323","sub_district_type":"Sub_Division","village":"Chongrang","village_category":"Rural","village_code":"261004"},"geometry":{"type":"Polygon","coordinates":[[[88.2347,27.39912],[88.23691,27.39801],[88.23954,27.39909],[88.23977,27.39674],[88.24184,27.39479],[88.24364,27.39046],[88.2463,27.38946],[88.2529,27.38437],[88.25073,27.38123],[88.25106,27.3795],[88.24882,27.37697],[88.24974,27.37219],[88.23743,27.36425],[88.23467,27.36088],[88.23417,27.35725],[88.2348,27.35498],[88.22888,27.35735],[88.22534,27.35791],[88.22127,27.35972],[88.22049,27.36087],[88.22431,27.36526],[88.22515,27.36783],[88.23092,27.37298],[88.2323,27.37715],[88.23517,27.37875],[88.23495,27.38003],[88.23661,27.38405],[88.23627,27.38786],[88.23686,27.38973],[88.23516,27.39439],[88.23388,27.39541],[88.2329,27.39786],[88.2347,27.39912]]]}},{"id":"40","type":"Feature","properties":{"state":"Sikkim","state_code":"11","district":"Gyalshing","district_code":"242","sub_district":"Yuksom","sub_district_code":"6323","sub_district_type":"Sub_Division","village":"Dhupidara","village_category":"Rural","village_code":"261008"},"geometry":{"type":"Polygon","coordinates":[[[88.26744,27.44901],[88.26557,27.4463],[88.26505,27.4439],[88.26762,27.4395],[88.26944,27.43393],[88.27117,27.43276],[88.27065,27.43116],[88.26635,27.43131],[88.26583,27.42824],[88.26751,27.42611],[88.26629,27.42227],[88.26541,27.423],[88.26279,27.42271],[88.26224,27.4242],[88.26004,27.42525],[88.25676,27.42973],[88.25158,27.43069],[88.25013,27.4339],[88.24726,27.43331],[88.24313,27.43526],[88.23691,27.44016],[88.23583,27.44007],[88.25211,27.45431],[88.26243,27.45552],[88.26744,27.44901]]]}},{"id":"41","type":"Feature","properties":{"state":"Sikkim","state_code":"11","district":"Gyalshing","district_code":"242","sub_district":"Yuksom","sub_district_code":"6323","sub_district_type":"Sub_Division","village":"Labdang","village_category":"Rural","village_code":"261007"},"geometry":{"type":"Polygon","coordinates":[[[88.25995,27.42562],[88.25869,27.42269],[88.25617,27.4212],[88.25335,27.4178],[88.24863,27.41608],[88.23893,27.42398],[88.2326,27.43615],[88.23334,27.43957],[88.23682,27.4402],[88.24378,27.43492],[88.24763,27.43319],[88.25013,27.4339],[88.25158,27.43069],[88.25676,27.42973],[88.25995,27.42562]]]}},{"id":"42","type":"Feature","properties":{"state":"Sikkim","state_code":"11","district":"Gyalshing","district_code":"242","sub_district":"Yuksom","sub_district_code":"6323","sub_district_type":"Sub_Division","village":"Kongri","village_category":"Rural","village_code":"261006"},"geometry":{"type":"Polygon","coordinates":[[[88.25995,27.42562],[88.26224,27.4242],[88.26295,27.42262],[88.26552,27.42298],[88.26935,27.41999],[88.27125,27.42084],[88.27301,27.41943],[88.27524,27.41914],[88.28014,27.41666],[88.28141,27.41668],[88.28145,27.41764],[88.28073,27.41884],[88.27904,27.41946],[88.27898,27.42069],[88.28128,27.42147],[88.2853,27.42087],[88.28597,27.41848],[88.28464,27.41743],[88.28493,27.41441],[88.28427,27.41385],[88.28584,27.41201],[88.28504,27.40986],[88.28175,27.41095],[88.27992,27.40788],[88.2781,27.40861],[88.271,27.40808],[88.27035,27.40678],[88.27177,27.4042],[88.27135,27.40133],[88.26725,27.40237],[88.26617,27.40113],[88.26349,27.40275],[88.26087,27.40178],[88.25529,27.40246],[88.25222,27.4006],[88.25042,27.40064],[88.2503,27.39947],[88.24861,27.3983],[88.24318,27.39988],[88.23691,27.39801],[88.2347,27.39912],[88.23445,27.40009],[88.23699,27.39978],[88.2406,27.40311],[88.2408,27.40592],[88.2422,27.4081],[88.24767,27.41159],[88.25325,27.41277],[88.25342,27.41329],[88.24863,27.41608],[88.25335,27.4178],[88.25617,27.4212],[88.25869,27.42269],[88.25995,27.42562]]]}},{"id":"43","type":"Feature","properties":{"state":"Sikkim","state_code":"11","district":"Gyalshing","district_code":"242","sub_district":"Yuksom","sub_district_code":"6323","sub_district_type":"Sub_Division","village":"Mangnam","village_category":"Rural","village_code":"261010"},"geometry":{"type":"Polygon","coordinates":[[[88.30063,27.45443],[88.30993,27.45477],[88.30977,27.45016],[88.31081,27.44628],[88.30804,27.43912],[88.31112,27.43577],[88.3111,27.42941],[88.30225,27.42605],[88.30002,27.42309],[88.29507,27.42084],[88.29376,27.41942],[88.28932,27.41252],[88.28716,27.40471],[88.28815,27.40199],[88.29063,27.39987],[88.28799,27.39225],[88.28557,27.39465],[88.28245,27.39424],[88.28001,27.39372],[88.27818,27.39087],[88.27564,27.39569],[88.27402,27.39568],[88.27157,27.3973],[88.27177,27.4042],[88.27043,27.40729],[88.27111,27.40813],[88.27776,27.4086],[88.2801,27.40793],[88.28168,27.41094],[88.28504,27.40986],[88.28587,27.41179],[88.28427,27.41365],[88.28493,27.41441],[88.28445,27.41693],[88.28597,27.41848],[88.2853,27.42087],[88.28644,27.42258],[88.2849,27.42602],[88.2846,27.42964],[88.28639,27.43408],[88.28333,27.43862],[88.28324,27.44214],[88.28751,27.44229],[88.28787,27.44345],[88.29224,27.44462],[88.2941,27.44844],[88.2939,27.45336],[88.29469,27.45443],[88.29879,27.45502],[88.30063,27.45443]]]}},{"id":"44","type":"Feature","properties":{"state":"Sikkim","state_code":"11","district":"Gyalshing","district_code":"242","sub_district":"Yuksom","sub_district_code":"6323","sub_district_type":"Sub_Division","village":"Narkhola","village_category":"Rural","village_code":"261009"},"geometry":{"type":"Polygon","coordinates":[[[88.28193,27.44736],[88.28333,27.43862],[88.28639,27.43408],[88.2846,27.42964],[88.28484,27.42626],[88.28635,27.42204],[88.2853,27.42087],[88.28128,27.42147],[88.27886,27.42057],[88.27904,27.41946],[88.28127,27.41799],[88.28101,27.41658],[88.27301,27.41943],[88.27125,27.42084],[88.26923,27.42005],[88.26629,27.42227],[88.26751,27.42611],[88.26591,27.42798],[88.26598,27.43028],[88.2669,27.43158],[88.27065,27.43116],[88.27117,27.43276],[88.26944,27.43393],[88.26762,27.4395],[88.26567,27.44228],[88.26504,27.44404],[88.26568,27.44652],[88.26885,27.45016],[88.27498,27.45403],[88.28193,27.44736]]]}},{"id":"45","type":"Feature","properties":{"state":"Sikkim","state_code":"11","district":"Gyalshing","district_code":"242","sub_district":"Dentam","sub_district_code":"6322","sub_district_type":"Sub_Division","village":"Dentam","village_category":"Rural","village_code":"261032"},"geometry":{"type":"Polygon","coordinates":[[[88.10295,27.27671],[88.10688,27.27738],[88.10798,27.27542],[88.10773,27.27242],[88.10921,27.26661],[88.10867,27.26542],[88.10681,27.26451],[88.10643,27.26311],[88.10526,27.26412],[88.10529,27.26718],[88.10075,27.26724],[88.10126,27.26981],[88.09979,27.27267],[88.09709,27.27337],[88.09305,27.27701],[88.09448,27.27816],[88.09732,27.2771],[88.10295,27.27671]]]}},{"id":"46","type":"Feature","properties":{"state":"Sikkim","state_code":"11","district":"Gyalshing","district_code":"242","sub_district":"Dentam","sub_district_code":"6322","sub_district_type":"Sub_Division","village":"Mangmo","village_category":"Rural","village_code":"261031"},"geometry":{"type":"Polygon","coordinates":[[[88.09355,27.27797],[88.09331,27.27627],[88.09714,27.27334],[88.09979,27.27267],[88.10126,27.26981],[88.10075,27.26724],[88.10529,27.26718],[88.10526,27.26412],[88.10618,27.26318],[88.10413,27.25616],[88.1025,27.2535],[88.10127,27.25402],[88.09372,27.25331],[88.09394,27.26012],[88.09292,27.26206],[88.09358,27.26968],[88.09183,27.27096],[88.09046,27.27558],[88.09166,27.27842],[88.09355,27.27797]]]}},{"id":"47","type":"Feature","properties":{"state":"Sikkim","state_code":"11","district":"Gyalshing","district_code":"242","sub_district":"Dentam","sub_district_code":"6322","sub_district_type":"Sub_Division","village":"Begha","village_category":"Rural","village_code":"261030"},"geometry":{"type":"Polygon","coordinates":[[[88.09166,27.27842],[88.09054,27.27411],[88.09205,27.27059],[88.09358,27.26968],[88.09293,27.26191],[88.09394,27.26012],[88.09402,27.25642],[88.0931,27.25229],[88.09053,27.25149],[88.08736,27.25231],[88.08206,27.25795],[88.07457,27.26183],[88.07005,27.26056],[88.06972,27.26151],[88.07102,27.26239],[88.07376,27.26834],[88.07589,27.26938],[88.07775,27.27193],[88.0785,27.27604],[88.08656,27.27609],[88.09006,27.2779],[88.09057,27.27903],[88.09166,27.27842]]]}},{"id":"48","type":"Feature","properties":{"state":"Sikkim","state_code":"11","district":"Gyalshing","district_code":"242","sub_district":"Dentam","sub_district_code":"6322","sub_district_type":"Sub_Division","village":"Maneybong","village_category":"Rural","village_code":"261029"},"geometry":{"type":"Polygon","coordinates":[[[88.07166,27.28665],[88.07488,27.28392],[88.07954,27.28227],[88.08547,27.28206],[88.09057,27.27903],[88.09006,27.2779],[88.08656,27.27609],[88.0785,27.27604],[88.07775,27.27193],[88.07589,27.26938],[88.07376,27.26834],[88.07102,27.26239],[88.06974,27.26122],[88.06718,27.26181],[88.06146,27.26077],[88.06048,27.26421],[88.05773,27.26838],[88.05498,27.27081],[88.05155,27.27177],[88.04429,27.271],[88.04032,27.27228],[88.03766,27.27342],[88.03566,27.27755],[88.03859,27.27841],[88.04301,27.28141],[88.04579,27.2812],[88.04733,27.2852],[88.05134,27.2867],[88.05258,27.28828],[88.05596,27.29006],[88.05665,27.29097],[88.05651,27.29375],[88.06009,27.2968],[88.06471,27.29696],[88.06638,27.29272],[88.06647,27.28852],[88.07166,27.28665]]]}},{"id":"49","type":"Feature","properties":{"state":"Sikkim","state_code":"11","district":"Gyalshing","district_code":"242","sub_district":"Gyalshing","sub_district_code":"1549","sub_district_type":"Sub_Division","village":"Sindrangbong","village_category":"Rural","village_code":"260993"},"geometry":{"type":"Polygon","coordinates":[[[88.11782,27.3661],[88.11487,27.35666],[88.1123,27.35873],[88.10933,27.3561],[88.10655,27.35583],[88.1059,27.35718],[88.0977,27.35896],[88.09416,27.36194],[88.09032,27.36265],[88.08825,27.36405],[88.08625,27.36713],[88.08323,27.36779],[88.08177,27.37175],[88.08533,27.37451],[88.08615,27.37212],[88.08863,27.37119],[88.09189,27.37191],[88.0941,27.37346],[88.09652,27.3735],[88.09937,27.372],[88.10074,27.36953],[88.10279,27.36832],[88.10742,27.3666],[88.10881,27.36712],[88.11328,27.36443],[88.11782,27.3661]]]}},{"id":"50","type":"Feature","properties":{"state":"Sikkim","state_code":"11","district":"Gyalshing","district_code":"242","sub_district":"Gyalshing","sub_district_code":"1549","sub_district_type":"Sub_Division","village":"Darap","village_category":"Rural","village_code":"260995"},"geometry":{"type":"Polygon","coordinates":[[[88.17232,27.32549],[88.16815,27.32543],[88.16497,27.32307],[88.16226,27.31953],[88.15768,27.3182],[88.15358,27.31522],[88.15244,27.31566],[88.15269,27.31719],[88.15094,27.31815],[88.148,27.32226],[88.14641,27.32256],[88.14242,27.32637],[88.14008,27.32604],[88.13574,27.32302],[88.13546,27.32432],[88.1376,27.32693],[88.13815,27.33051],[88.14101,27.332],[88.14193,27.33546],[88.14694,27.33585],[88.14869,27.3349],[88.15655,27.33809],[88.15934,27.33824],[88.16053,27.33956],[88.16338,27.33903],[88.1646,27.33997],[88.16448,27.33679],[88.17232,27.32549]]]}},{"id":"51","type":"Feature","properties":{"state":"Sikkim","state_code":"11","district":"Gyalshing","district_code":"242","sub_district":"Gyalshing","sub_district_code":"1549","sub_district_type":"Sub_Division","village":"Sindrang","village_category":"Rural","village_code":"260996"},"geometry":{"type":"Polygon","coordinates":[[[88.1788,27.33956],[88.18183,27.33432],[88.18466,27.33153],[88.18528,27.32711],[88.17399,27.32867],[88.17232,27.32549],[88.16448,27.33679],[88.1646,27.33997],[88.1695,27.34049],[88.17071,27.34126],[88.1788,27.33956]]]}},{"id":"52","type":"Feature","properties":{"state":"Sikkim","state_code":"11","district":"Gyalshing","district_code":"242","sub_district":"Gyalshing","sub_district_code":"1549","sub_district_type":"Sub_Division","village":"Singyang","village_category":"Rural","village_code":"260997"},"geometry":{"type":"Polygon","coordinates":[[[88.18523,27.34208],[88.19034,27.33807],[88.19285,27.33756],[88.19492,27.33567],[88.19639,27.3333],[88.19642,27.33136],[88.19763,27.33063],[88.1979,27.32807],[88.19928,27.32586],[88.19886,27.32519],[88.19385,27.32366],[88.18737,27.32776],[88.18517,27.32786],[88.18466,27.33153],[88.18183,27.33432],[88.1788,27.33956],[88.18284,27.34254],[88.18383,27.34156],[88.18523,27.34208]]]}},{"id":"53","type":"Feature","properties":{"state":"Sikkim","state_code":"11","district":"Gyalshing","district_code":"242","sub_district":"Gyalshing","sub_district_code":"1549","sub_district_type":"Sub_Division","village":"Chumbong","village_category":"Rural","village_code":"260999"},"geometry":{"type":"Polygon","coordinates":[[[88.20993,27.35877],[88.20999,27.35638],[88.2112,27.35382],[88.20887,27.34867],[88.20854,27.34611],[88.20484,27.34145],[88.20019,27.34539],[88.19658,27.34686],[88.19449,27.34906],[88.18902,27.35025],[88.18818,27.35504],[88.18855,27.35777],[88.18913,27.35891],[88.19145,27.35941],[88.19278,27.3689],[88.19436,27.36881],[88.19604,27.36644],[88.20162,27.36248],[88.20993,27.35877]]]}},{"id":"54","type":"Feature","properties":{"state":"Sikkim","state_code":"11","district":"Gyalshing","district_code":"242","sub_district":"Gyalshing","sub_district_code":"1549","sub_district_type":"Sub_Division","village":"Nambu","village_category":"Rural","village_code":"260994"},"geometry":{"type":"Polygon","coordinates":[[[88.11487,27.35666],[88.11833,27.3504],[88.12138,27.35025],[88.12276,27.34724],[88.12835,27.34337],[88.12911,27.34162],[88.13831,27.33657],[88.14247,27.33574],[88.1416,27.33515],[88.14101,27.332],[88.13804,27.33033],[88.1376,27.32693],[88.13547,27.32438],[88.13574,27.32302],[88.13249,27.32354],[88.13237,27.32484],[88.13015,27.32657],[88.12423,27.3258],[88.12043,27.32685],[88.11899,27.32891],[88.12151,27.33069],[88.12149,27.33605],[88.1198,27.33926],[88.11757,27.34016],[88.11493,27.34368],[88.11094,27.34642],[88.10614,27.35586],[88.10933,27.3561],[88.1123,27.35873],[88.11487,27.35666]]]}},{"id":"55","type":"Feature","properties":{"state":"Sikkim","state_code":"11","district":"Gyalshing","district_code":"242","sub_district":"Gyalshing","sub_district_code":"1549","sub_district_type":"Sub_Division","village":"Naku","village_category":"Rural","village_code":"260998"},"geometry":{"type":"Polygon","coordinates":[[[88.20464,27.34144],[88.20481,27.33709],[88.2073,27.33393],[88.21075,27.33139],[88.21016,27.3298],[88.2072,27.32868],[88.20483,27.32618],[88.20252,27.32532],[88.19948,27.32555],[88.1979,27.32807],[88.19763,27.33063],[88.19642,27.33136],[88.19639,27.3333],[88.1943,27.33641],[88.19034,27.33807],[88.18523,27.34208],[88.18836,27.34631],[88.18915,27.34781],[88.1885,27.34919],[88.18972,27.35024],[88.19449,27.34906],[88.19658,27.34686],[88.20368,27.34296],[88.20464,27.34144]]]}},{"id":"56","type":"Feature","properties":{"state":"Sikkim","state_code":"11","district":"Gyalshing","district_code":"242","sub_district":"Dentam","sub_district_code":"6322","sub_district_type":"Sub_Division","village":"Pechrek","village_category":"Rural","village_code":"261037"},"geometry":{"type":"Polygon","coordinates":[[[88.18599,27.26597],[88.18148,27.26298],[88.18166,27.26141],[88.17238,27.26577],[88.16872,27.26629],[88.16652,27.26497],[88.16268,27.27417],[88.16442,27.27507],[88.16821,27.27513],[88.16632,27.2779],[88.16718,27.28243],[88.16652,27.28519],[88.16869,27.28471],[88.17561,27.2866],[88.17693,27.28486],[88.17843,27.28694],[88.18248,27.28706],[88.18241,27.28649],[88.18046,27.28636],[88.17931,27.28413],[88.17863,27.28009],[88.17672,27.27566],[88.17765,27.2734],[88.17692,27.27176],[88.1787,27.26895],[88.17924,27.26971],[88.17998,27.26937],[88.18059,27.26757],[88.18307,27.26808],[88.18426,27.2665],[88.18599,27.26597]]]}},{"id":"57","type":"Feature","properties":{"state":"Sikkim","state_code":"11","district":"Gyalshing","district_code":"242","sub_district":"Dentam","sub_district_code":"6322","sub_district_type":"Sub_Division","village":"Berthang","village_category":"Rural","village_code":"261040"},"geometry":{"type":"Polygon","coordinates":[[[88.23109,27.28572],[88.23336,27.2762],[88.23074,27.26827],[88.22982,27.26652],[88.22724,27.26461],[88.22651,27.26208],[88.2219,27.25934],[88.21567,27.25779],[88.20601,27.25858],[88.20664,27.26202],[88.20973,27.26559],[88.2098,27.26769],[88.21093,27.2681],[88.21491,27.26695],[88.21599,27.26888],[88.21696,27.26896],[88.22038,27.27267],[88.21904,27.27475],[88.22028,27.27963],[88.22234,27.28006],[88.22102,27.28197],[88.22155,27.28655],[88.22408,27.28684],[88.22926,27.28545],[88.23109,27.28572]]]}},{"id":"58","type":"Feature","properties":{"state":"Sikkim","state_code":"11","district":"Gyalshing","district_code":"242","sub_district":"Dentam","sub_district_code":"6322","sub_district_type":"Sub_Division","village":"Bermiok","village_category":"Rural","village_code":"261039"},"geometry":{"type":"Polygon","coordinates":[[[88.21294,27.28799],[88.21578,27.2883],[88.22155,27.28655],[88.22102,27.28197],[88.22234,27.28006],[88.22005,27.27908],[88.21904,27.27475],[88.22038,27.27267],[88.21696,27.26896],[88.21599,27.26888],[88.21511,27.26709],[88.21073,27.26813],[88.2098,27.26769],[88.20973,27.26559],[88.20664,27.26202],[88.20608,27.26016],[88.20601,27.25858],[88.20844,27.25788],[88.20491,27.25616],[88.20107,27.25801],[88.20183,27.25916],[88.20109,27.26068],[88.2019,27.26072],[88.20176,27.26391],[88.20271,27.26538],[88.20009,27.27027],[88.19979,27.27309],[88.20157,27.27909],[88.20395,27.28025],[88.20513,27.28197],[88.2067,27.28233],[88.20752,27.2847],[88.20685,27.28845],[88.21151,27.28866],[88.21294,27.28799]]]}},{"id":"59","type":"Feature","properties":{"state":"Sikkim","state_code":"11","district":"Gyalshing","district_code":"242","sub_district":"Dentam","sub_district_code":"6322","sub_district_type":"Sub_Division","village":"Martam","village_category":"Rural","village_code":"261038"},"geometry":{"type":"Polygon","coordinates":[[[88.20685,27.28845],[88.20752,27.2847],[88.2067,27.28233],[88.20513,27.28197],[88.20395,27.28025],[88.20157,27.27909],[88.19979,27.27309],[88.20003,27.27047],[88.2016,27.26836],[88.20214,27.2657],[88.1999,27.26608],[88.1993,27.2652],[88.19936,27.26279],[88.20114,27.2605],[88.20016,27.25858],[88.19536,27.26014],[88.18931,27.26622],[88.18719,27.26499],[88.18426,27.2665],[88.18307,27.26808],[88.18063,27.26754],[88.17974,27.26956],[88.17855,27.2691],[88.17692,27.27176],[88.17765,27.2734],[88.17671,27.27554],[88.18046,27.28636],[88.18639,27.28677],[88.18843,27.28926],[88.18972,27.28962],[88.19681,27.28967],[88.19937,27.28823],[88.20535,27.28774],[88.20685,27.28845]]]}},{"id":"60","type":"Feature","properties":{"state":"Sikkim","state_code":"11","district":"Gyalshing","district_code":"242","sub_district":"Dentam","sub_district_code":"6322","sub_district_type":"Sub_Division","village":"Sopakha","village_category":"Rural","village_code":"261028"},"geometry":{"type":"Polygon","coordinates":[[[88.03566,27.27755],[88.03451,27.27864],[88.03421,27.28123],[88.03939,27.28644],[88.04542,27.2906],[88.04717,27.29508],[88.04533,27.30369],[88.0474,27.30704],[88.04954,27.30711],[88.05294,27.30504],[88.05803,27.304],[88.05932,27.30184],[88.05932,27.29943],[88.06338,27.29701],[88.06009,27.2968],[88.0569,27.29412],[88.05622,27.29302],[88.05655,27.29065],[88.05258,27.28828],[88.05134,27.2867],[88.04745,27.28531],[88.04579,27.2812],[88.04301,27.28141],[88.03859,27.27841],[88.03566,27.27755]]]}},{"id":"61","type":"Feature","properties":{"state":"Sikkim","state_code":"11","district":"Gyalshing","district_code":"242","sub_district":"Yuksom","sub_district_code":"6323","sub_district_type":"Sub_Division","village":"Forest","village_category":"Others","village_code":null},"geometry":{"type":"Polygon","coordinates":[[[88.21077,27.55662],[88.21429,27.5528],[88.23042,27.54554],[88.23187,27.54262],[88.23165,27.51858],[88.23748,27.4751],[88.23744,27.46717],[88.24103,27.46088],[88.24518,27.46022],[88.25496,27.46555],[88.25631,27.4669],[88.25793,27.47105],[88.26059,27.47351],[88.26871,27.47436],[88.27476,27.47774],[88.27818,27.47765],[88.28172,27.46954],[88.2869,27.46664],[88.29425,27.47416],[88.29812,27.47675],[88.30316,27.46975],[88.30086,27.46828],[88.29981,27.46562],[88.30007,27.46424],[88.3027,27.46099],[88.30909,27.45859],[88.30993,27.45477],[88.29469,27.45443],[88.2939,27.45336],[88.2941,27.44844],[88.29224,27.44462],[88.28787,27.44345],[88.28751,27.44229],[88.2835,27.44212],[88.28193,27.44736],[88.27498,27.45403],[88.26744,27.44901],[88.26243,27.45552],[88.2518,27.45412],[88.23583,27.44007],[88.23334,27.43957],[88.23259,27.43619],[88.23893,27.42398],[88.24477,27.41885],[88.25342,27.41329],[88.25325,27.41277],[88.24776,27.41163],[88.24437,27.40959],[88.2411,27.40669],[88.2406,27.40311],[88.23896,27.40131],[88.23699,27.39978],[88.23445,27.40009],[88.2347,27.39912],[88.2329,27.39786],[88.23388,27.39541],[88.23516,27.39439],[88.23565,27.39218],[88.23064,27.39199],[88.22793,27.39039],[88.22364,27.39079],[88.222,27.38895],[88.2131,27.38567],[88.20919,27.38653],[88.20725,27.39098],[88.20399,27.3939],[88.20124,27.39335],[88.20083,27.39523],[88.1982,27.39616],[88.19574,27.40237],[88.18911,27.4058],[88.1841,27.4096],[88.18152,27.41571],[88.17383,27.41673],[88.16998,27.41617],[88.16935,27.41196],[88.16733,27.40907],[88.16609,27.4081],[88.16601,27.40962],[88.16158,27.40904],[88.15266,27.4006],[88.14073,27.39173],[88.14216,27.38396],[88.14854,27.38149],[88.15306,27.37593],[88.15755,27.37563],[88.15735,27.3719],[88.15465,27.37199],[88.15192,27.37043],[88.14853,27.37019],[88.1438,27.3722],[88.14228,27.37568],[88.13726,27.37723],[88.13566,27.37516],[88.13258,27.3744],[88.12917,27.37181],[88.13002,27.36811],[88.1336,27.3644],[88.13568,27.36415],[88.13701,27.3652],[88.13855,27.36517],[88.13904,27.36344],[88.14143,27.36235],[88.14277,27.36064],[88.14323,27.35894],[88.151,27.35731],[88.15783,27.35432],[88.15789,27.35317],[88.15584,27.35412],[88.15097,27.35322],[88.14845,27.35259],[88.14618,27.35061],[88.13903,27.34877],[88.13518,27.34989],[88.12511,27.35686],[88.12242,27.3683],[88.10623,27.38121],[88.06476,27.40827],[88.05192,27.41405],[88.05559,27.41829],[88.05819,27.41845],[88.06022,27.42079],[88.06749,27.42518],[88.07409,27.42681],[88.07315,27.43078],[88.07506,27.43322],[88.06782,27.43834],[88.07244,27.44582],[88.06725,27.44948],[88.06703,27.45153],[88.06435,27.45365],[88.0663,27.45507],[88.06686,27.45787],[88.06052,27.46077],[88.05936,27.46356],[88.05718,27.46577],[88.05714,27.46691],[88.0537,27.46878],[88.05158,27.47139],[88.04859,27.47242],[88.04414,27.4781],[88.04554,27.48152],[88.04416,27.48418],[88.04408,27.48941],[88.04508,27.49349],[88.04417,27.49606],[88.04662,27.50095],[88.04922,27.50198],[88.05058,27.50393],[88.05515,27.50444],[88.05732,27.50675],[88.05786,27.5092],[88.06187,27.51217],[88.0581,27.51572],[88.05842,27.52042],[88.0594,27.52068],[88.06101,27.5249],[88.06626,27.52733],[88.0655,27.52947],[88.06187,27.52999],[88.05954,27.5319],[88.05865,27.53482],[88.05952,27.53544],[88.0612,27.54029],[88.06426,27.54201],[88.06501,27.54425],[88.06716,27.54463],[88.0688,27.54626],[88.06826,27.55057],[88.06906,27.55491],[88.07506,27.55746],[88.07862,27.56041],[88.08114,27.56515],[88.07944,27.5682],[88.07771,27.56887],[88.07548,27.57157],[88.07747,27.57525],[88.08055,27.57753],[88.07911,27.57909],[88.0806,27.58034],[88.08183,27.58422],[88.08923,27.59444],[88.09302,27.59788],[88.10623,27.60262],[88.10902,27.60639],[88.11282,27.609],[88.11404,27.61105],[88.11256,27.61449],[88.1138,27.61621],[88.16324,27.60487],[88.1841,27.59733],[88.18931,27.59243],[88.19736,27.58268],[88.20207,27.5754],[88.20464,27.56788],[88.21077,27.55662]]]}},{"id":"62","type":"Feature","properties":{"state":"Sikkim","state_code":"11","district":"Gyalshing","district_code":"242","sub_district":"Dentam","sub_district_code":"6322","sub_district_type":"Sub_Division","village":"Barphok","village_category":"Rural","village_code":"261041"},"geometry":{"type":"Polygon","coordinates":[[[88.25483,27.26463],[88.25169,27.26355],[88.25081,27.264],[88.25069,27.26556],[88.24898,27.2668],[88.24785,27.26961],[88.2465,27.2702],[88.24356,27.26979],[88.24028,27.27058],[88.239,27.26909],[88.23964,27.26853],[88.23867,27.26747],[88.23877,27.26583],[88.23697,27.26686],[88.23359,27.26726],[88.2338,27.26968],[88.2315,27.27034],[88.23133,27.27101],[88.23336,27.2762],[88.23109,27.28572],[88.24181,27.28816],[88.24614,27.29066],[88.24682,27.2862],[88.24643,27.28119],[88.24829,27.278],[88.24909,27.27823],[88.25046,27.27706],[88.25247,27.26715],[88.25483,27.26463]]]}},{"id":"63","type":"Feature","properties":{"state":"Sikkim","state_code":"11","district":"Gyalshing","district_code":"242","sub_district":"Dentam","sub_district_code":"6322","sub_district_type":"Sub_Division","village":"Chingthang","village_category":"Rural","village_code":"261042"},"geometry":{"type":"Polygon","coordinates":[[[88.25695,27.30145],[88.24925,27.29035],[88.25282,27.29083],[88.25468,27.28894],[88.25665,27.28882],[88.2558,27.28615],[88.25782,27.28046],[88.25817,27.27687],[88.26046,27.27359],[88.25922,27.27274],[88.2609,27.2708],[88.25849,27.26815],[88.25832,27.26651],[88.25589,27.26415],[88.25491,27.2643],[88.25247,27.26715],[88.25046,27.27706],[88.24909,27.27823],[88.24829,27.278],[88.24643,27.28119],[88.24634,27.29355],[88.23757,27.29839],[88.24018,27.29897],[88.24145,27.29762],[88.24422,27.29685],[88.25422,27.29954],[88.25695,27.30145]]]}},{"id":"64","type":"Feature","properties":{"state":"Sikkim","state_code":"11","district":"Gyalshing","district_code":"242","sub_district":"Dentam","sub_district_code":"6322","sub_district_type":"Sub_Division","village":"Megyong","village_category":"Rural","village_code":"261043"},"geometry":{"type":"Polygon","coordinates":[[[88.26878,27.28317],[88.27667,27.27672],[88.28074,27.2767],[88.28078,27.27344],[88.28279,27.27133],[88.27974,27.27022],[88.27488,27.26636],[88.26958,27.26626],[88.26377,27.26393],[88.26071,27.26689],[88.25831,27.26728],[88.2609,27.2708],[88.25922,27.27274],[88.26046,27.27359],[88.25817,27.27687],[88.25782,27.28046],[88.25608,27.28535],[88.25765,27.28622],[88.26134,27.28283],[88.26254,27.28483],[88.26442,27.28233],[88.26971,27.28882],[88.27049,27.2885],[88.27111,27.28638],[88.26878,27.28317]]]}},{"id":"65","type":"Feature","properties":{"state":"Sikkim","state_code":"11","district":"Gyalshing","district_code":"242","sub_district":"Dentam","sub_district_code":"6322","sub_district_type":"Sub_Division","village":"Meyong","village_category":"Rural","village_code":"261044"},"geometry":{"type":"Polygon","coordinates":[[[88.28279,27.27118],[88.2841,27.2663],[88.28368,27.26042],[88.28188,27.2554],[88.28163,27.25161],[88.27879,27.25311],[88.26624,27.25611],[88.26183,27.25979],[88.25565,27.26124],[88.25595,27.26435],[88.25852,27.26728],[88.26071,27.26689],[88.26377,27.26393],[88.26958,27.26626],[88.27488,27.26636],[88.27974,27.27022],[88.28279,27.27118]]]}},{"id":"66","type":"Feature","properties":{"state":"Sikkim","state_code":"11","district":"Gyalshing","district_code":"242","sub_district":"Gyalshing","sub_district_code":"1549","sub_district_type":"Sub_Division","village":"Pelling Forest Block","village_category":"Rural","village_code":"261049"},"geometry":{"type":"Polygon","coordinates":[[[88.12511,27.35686],[88.1213,27.35965],[88.12089,27.3628],[88.11844,27.36601],[88.11328,27.36443],[88.10881,27.36712],[88.10742,27.3666],[88.10279,27.36832],[88.10074,27.36953],[88.09937,27.372],[88.09652,27.3735],[88.0941,27.37346],[88.09189,27.37191],[88.08863,27.37119],[88.08615,27.37212],[88.08533,27.37451],[88.08177,27.37175],[88.08323,27.36779],[88.08625,27.36713],[88.08825,27.36405],[88.09032,27.36265],[88.09416,27.36194],[88.0977,27.35896],[88.10368,27.358],[88.10661,27.35653],[88.10615,27.3558],[88.1109,27.34648],[88.11493,27.34368],[88.11757,27.34016],[88.1198,27.33926],[88.12149,27.33605],[88.12151,27.33069],[88.11899,27.32891],[88.12043,27.32685],[88.12439,27.32578],[88.13015,27.32657],[88.13238,27.32483],[88.13242,27.32359],[88.13419,27.32286],[88.13712,27.32373],[88.14008,27.32604],[88.14242,27.32637],[88.14641,27.32256],[88.148,27.32226],[88.15094,27.31815],[88.15269,27.31719],[88.15272,27.31535],[88.15406,27.31539],[88.1577,27.31821],[88.16226,27.31953],[88.16497,27.32307],[88.16815,27.32543],[88.17277,27.32572],[88.17396,27.32867],[88.18528,27.32711],[88.18517,27.32786],[88.18667,27.32799],[88.19432,27.32363],[88.19928,27.32586],[88.20267,27.32532],[88.20447,27.32594],[88.2072,27.32868],[88.21038,27.33008],[88.21068,27.32621],[88.20132,27.32365],[88.16978,27.31828],[88.15301,27.31194],[88.13764,27.3104],[88.12157,27.31142],[88.10975,27.31417],[88.08489,27.32441],[88.06681,27.33588],[88.06486,27.34114],[88.06362,27.34085],[88.0613,27.34476],[88.06149,27.34727],[88.05898,27.35135],[88.05762,27.35621],[88.05325,27.35836],[88.05073,27.35843],[88.04749,27.36174],[88.04684,27.36417],[88.04183,27.37029],[88.0417,27.37344],[88.04484,27.37987],[88.04406,27.38477],[88.04511,27.38827],[88.04472,27.38964],[88.04578,27.39269],[88.04576,27.3958],[88.04842,27.40103],[88.0468,27.40593],[88.04963,27.40725],[88.05077,27.41306],[88.05192,27.41405],[88.06476,27.40827],[88.10623,27.38121],[88.12242,27.3683],[88.12511,27.35686]]]}},{"id":"67","type":"Feature","properties":{"state":"Sikkim","state_code":"11","district":"Gyalshing","district_code":"242","sub_district":"Dentam","sub_district_code":"6322","sub_district_type":"Sub_Division","village":"Legship Forest Block","village_category":"Rural","village_code":"261050"},"geometry":{"type":"Polygon","coordinates":[[[88.27721,27.30139],[88.27665,27.29966],[88.27487,27.29877],[88.26923,27.29902],[88.26857,27.29696],[88.26941,27.29492],[88.27035,27.2941],[88.27302,27.29417],[88.27076,27.29012],[88.26888,27.29042],[88.26971,27.28882],[88.26442,27.28233],[88.26254,27.28483],[88.26134,27.28283],[88.25765,27.28622],[88.25608,27.28535],[88.25665,27.28882],[88.25468,27.28894],[88.25289,27.29081],[88.24925,27.29035],[88.25695,27.30145],[88.2602,27.3023],[88.26657,27.29891],[88.27361,27.30135],[88.27568,27.30035],[88.27721,27.30139]]]}},{"id":"68","type":"Feature","properties":{"state":"Sikkim","state_code":"11","district":"Gyalshing","district_code":"242","sub_district":"Gyalshing","sub_district_code":"1549","sub_district_type":"Sub_Division","village":"Gyalsing","village_category":"Rural","village_code":"261015"},"geometry":{"type":"Polygon","coordinates":[[[88.21846,27.33526],[88.22226,27.33468],[88.22773,27.33184],[88.22959,27.32969],[88.22936,27.32408],[88.22763,27.32171],[88.22704,27.31934],[88.22436,27.32094],[88.22377,27.32241],[88.21624,27.32348],[88.21531,27.32274],[88.21091,27.32318],[88.21035,27.33201],[88.21197,27.33036],[88.21348,27.33069],[88.21479,27.33121],[88.21505,27.33394],[88.21846,27.33526]],[[88.21639,27.33023],[88.21454,27.32922],[88.21475,27.32852],[88.2193,27.32546],[88.22188,27.32528],[88.22532,27.32662],[88.22037,27.33017],[88.21639,27.33023]]]}},{"id":"69","type":"Feature","properties":{"state":"Sikkim","state_code":"11","district":"Gyalshing","district_code":"242","sub_district":"Dentam","sub_district_code":"6322","sub_district_type":"Sub_Division","village":"Dentam Forest Block","village_category":"Rural","village_code":"261051"},"geometry":{"type":"Polygon","coordinates":[[[88.21068,27.32621],[88.21091,27.32318],[88.20709,27.32351],[88.20631,27.32155],[88.20273,27.3224],[88.19406,27.32062],[88.18806,27.31765],[88.18547,27.31447],[88.18357,27.31386],[88.17993,27.31365],[88.17925,27.3153],[88.176,27.31631],[88.17365,27.31454],[88.16298,27.31183],[88.1627,27.30921],[88.15576,27.30803],[88.15059,27.30557],[88.14819,27.30319],[88.14498,27.30315],[88.14213,27.30206],[88.14179,27.30111],[88.13604,27.30158],[88.13362,27.30056],[88.13178,27.30099],[88.12803,27.29833],[88.12797,27.29685],[88.12471,27.29616],[88.11934,27.29802],[88.1129,27.29524],[88.11046,27.29335],[88.1066,27.29445],[88.10673,27.29234],[88.10341,27.29183],[88.09455,27.29583],[88.08848,27.29575],[88.08558,27.29696],[88.07913,27.29766],[88.07661,27.29445],[88.07484,27.29642],[88.07034,27.30676],[88.06675,27.31044],[88.06213,27.31125],[88.06369,27.31373],[88.06446,27.3187],[88.06552,27.32039],[88.06236,27.32167],[88.06037,27.31923],[88.05286,27.31402],[88.0474,27.30704],[88.04533,27.30369],[88.04717,27.29508],[88.04542,27.2906],[88.03939,27.28644],[88.03421,27.28123],[88.03451,27.27864],[88.03566,27.27755],[88.03211,27.27784],[88.03285,27.28072],[88.03205,27.28639],[88.03419,27.28758],[88.03511,27.28925],[88.03706,27.28998],[88.03852,27.29188],[88.04124,27.29114],[88.04315,27.2915],[88.04474,27.2935],[88.04222,27.29978],[88.04087,27.30137],[88.04146,27.30389],[88.04489,27.30964],[88.04879,27.31281],[88.04894,27.31503],[88.04982,27.31529],[88.04938,27.31829],[88.0523,27.32422],[88.05974,27.32834],[88.06006,27.33005],[88.06226,27.33302],[88.06631,27.33566],[88.08489,27.32441],[88.10975,27.31417],[88.12157,27.31142],[88.13764,27.3104],[88.15301,27.31194],[88.16978,27.31828],[88.20132,27.32365],[88.21068,27.32621]]]}},{"id":"70","type":"Feature","properties":{"state":"Sikkim","state_code":"11","district":"Gangtok","district_code":"244","sub_district":"Rabdang","sub_district_code":"7222","sub_district_type":"Sub_Division","village":"Chadey","village_category":"Rural","village_code":"261259"},"geometry":{"type":"Polygon","coordinates":[[[88.50184,27.34921],[88.50301,27.3434],[88.50046,27.34033],[88.50104,27.33865],[88.50035,27.33555],[88.50157,27.33577],[88.49749,27.33419],[88.49533,27.33207],[88.48699,27.33113],[88.48289,27.32941],[88.47923,27.33754],[88.47895,27.34102],[88.49247,27.34798],[88.49992,27.34983],[88.50184,27.34921]]]}},{"id":"71","type":"Feature","properties":{"state":"Sikkim","state_code":"11","district":"Gangtok","district_code":"244","sub_district":"Rabdang","sub_district_code":"7222","sub_district_type":"Sub_Division","village":"Lingzey","village_category":"Rural","village_code":"261262"},"geometry":{"type":"Polygon","coordinates":[[[88.47895,27.34102],[88.47952,27.33977],[88.47964,27.33859],[88.47922,27.33759],[88.48036,27.3347],[88.47958,27.33469],[88.47885,27.33249],[88.47684,27.33092],[88.47502,27.32722],[88.47105,27.32276],[88.47064,27.32039],[88.46816,27.32089],[88.46718,27.32002],[88.46518,27.32074],[88.46362,27.31679],[88.46473,27.31366],[88.46185,27.31378],[88.45765,27.31608],[88.45399,27.31641],[88.45523,27.31933],[88.45769,27.31951],[88.45832,27.32158],[88.45898,27.32073],[88.45967,27.32163],[88.45853,27.32246],[88.45915,27.32384],[88.4609,27.32496],[88.46197,27.32421],[88.46208,27.32572],[88.46066,27.32562],[88.46018,27.32674],[88.46173,27.32735],[88.46313,27.33165],[88.46485,27.33306],[88.46382,27.33385],[88.46413,27.33464],[88.46266,27.33531],[88.46342,27.33668],[88.46503,27.33617],[88.46565,27.33735],[88.46732,27.33741],[88.46951,27.33875],[88.47105,27.33619],[88.4736,27.33659],[88.47639,27.34015],[88.47569,27.34042],[88.47544,27.34201],[88.47803,27.34166],[88.47797,27.34014],[88.47937,27.33995],[88.47895,27.34102]]]}},{"id":"72","type":"Feature","properties":{"state":"Sikkim","state_code":"11","district":"Gangtok","district_code":"244","sub_district":"Rabdang","sub_district_code":"7222","sub_district_type":"Sub_Division","village":"Patuk","village_category":"Rural","village_code":"261263"},"geometry":{"type":"Polygon","coordinates":[[[88.50184,27.34921],[88.49992,27.34983],[88.49247,27.34798],[88.48598,27.34416],[88.4808,27.34226],[88.47893,27.34099],[88.47937,27.33995],[88.47797,27.34014],[88.47803,27.34166],[88.47544,27.34201],[88.47569,27.34042],[88.47639,27.34015],[88.4736,27.33659],[88.47105,27.33619],[88.46951,27.33875],[88.46732,27.33741],[88.46565,27.33735],[88.46503,27.33617],[88.46303,27.337],[88.46717,27.34506],[88.46631,27.34632],[88.46878,27.35301],[88.47534,27.35346],[88.47832,27.35627],[88.48313,27.35671],[88.49019,27.36087],[88.49765,27.35645],[88.50003,27.35305],[88.5024,27.35149],[88.50184,27.34921]]]}},{"id":"73","type":"Feature","properties":{"state":"Sikkim","state_code":"11","district":"Gangtok","district_code":"244","sub_district":"Rabdang","sub_district_code":"7222","sub_district_type":"Sub_Division","village":"Simik","village_category":"Rural","village_code":"261260"},"geometry":{"type":"Polygon","coordinates":[[[88.48289,27.32941],[88.47814,27.32893],[88.47915,27.32593],[88.47738,27.32362],[88.47787,27.3229],[88.47729,27.3219],[88.4785,27.31957],[88.4773,27.31601],[88.47765,27.31014],[88.47711,27.30728],[88.47425,27.30605],[88.4752,27.30878],[88.47501,27.31392],[88.46821,27.31321],[88.46877,27.31681],[88.47047,27.31932],[88.47105,27.32276],[88.47502,27.32722],[88.47684,27.33092],[88.47885,27.33249],[88.47958,27.33469],[88.48036,27.3347],[88.48289,27.32941]]]}},{"id":"74","type":"Feature","properties":{"state":"Sikkim","state_code":"11","district":"Gangtok","district_code":"244","sub_district":"Rabdang","sub_district_code":"7222","sub_district_type":"Sub_Division","village":"Tumin","village_category":"Rural","village_code":"261258"},"geometry":{"type":"Polygon","coordinates":[[[88.52333,27.36254],[88.52754,27.36329],[88.52811,27.36151],[88.52986,27.34906],[88.52925,27.34553],[88.52643,27.34165],[88.52273,27.33026],[88.52093,27.32846],[88.5178,27.32821],[88.51511,27.32632],[88.513,27.32604],[88.51045,27.32714],[88.50874,27.32578],[88.506,27.32623],[88.506,27.33093],[88.50704,27.33377],[88.50333,27.33587],[88.50035,27.33555],[88.50104,27.33865],[88.50046,27.34033],[88.503,27.34332],[88.50184,27.34921],[88.50244,27.35142],[88.50003,27.35305],[88.49568,27.35809],[88.49019,27.36087],[88.49406,27.36459],[88.49742,27.3638],[88.50084,27.36618],[88.5048,27.36651],[88.51023,27.36575],[88.51225,27.36414],[88.51721,27.36291],[88.5195,27.3636],[88.52333,27.36254]]]}},{"id":"75","type":"Feature","properties":{"state":"Sikkim","state_code":"11","district":"Gangtok","district_code":"244","sub_district":"Gangtok","sub_district_code":"1553","sub_district_type":"Sub_Division","village":"Tathangchen","village_category":"Rural","village_code":"261308"},"geometry":{"type":"Polygon","coordinates":[[[88.63066,27.33402],[88.62937,27.33098],[88.62604,27.32822],[88.62423,27.32496],[88.62476,27.324],[88.62351,27.32352],[88.61713,27.31604],[88.6107,27.31906],[88.61214,27.32051],[88.61101,27.32235],[88.61298,27.32291],[88.61509,27.32513],[88.61385,27.326],[88.6136,27.32833],[88.61528,27.33035],[88.61723,27.33169],[88.61764,27.33121],[88.62091,27.33225],[88.62174,27.33132],[88.62622,27.33026],[88.62966,27.33403],[88.63066,27.33402]]]}},{"id":"76","type":"Feature","properties":{"state":"Sikkim","state_code":"11","district":"Gangtok","district_code":"244","sub_district":"Gangtok","sub_district_code":"1553","sub_district_type":"Sub_Division","village":"Syari","village_category":"Rural","village_code":"261309"},"geometry":{"type":"Polygon","coordinates":[[[88.61713,27.31604],[88.61093,27.30341],[88.60858,27.30218],[88.6085,27.29959],[88.60747,27.2994],[88.60543,27.30066],[88.60664,27.30225],[88.60527,27.30377],[88.60556,27.30595],[88.60464,27.30672],[88.60767,27.31049],[88.60811,27.31235],[88.60693,27.31386],[88.60822,27.31555],[88.6102,27.31645],[88.61058,27.319],[88.61713,27.31604]]]}},{"id":"77","type":"Feature","properties":{"state":"Sikkim","state_code":"11","district":"Gangtok","district_code":"244","sub_district":"Gangtok","sub_district_code":"1553","sub_district_type":"Sub_Division","village":"Rongyek","village_category":"Rural","village_code":"261307"},"geometry":{"type":"Polygon","coordinates":[[[88.64862,27.37111],[88.65135,27.36937],[88.65202,27.36795],[88.65621,27.36773],[88.65659,27.3661],[88.65776,27.36519],[88.65779,27.36159],[88.65872,27.36035],[88.65684,27.3581],[88.65699,27.35576],[88.65523,27.35045],[88.65137,27.35292],[88.65061,27.35436],[88.64848,27.35423],[88.64877,27.3549],[88.64786,27.35549],[88.6479,27.36192],[88.64905,27.36372],[88.64738,27.36685],[88.64851,27.36861],[88.64862,27.37111]]]}},{"id":"78","type":"Feature","properties":{"state":"Sikkim","state_code":"11","district":"Gangtok","district_code":"244","sub_district":"Rabdang","sub_district_code":"7222","sub_district_type":"Sub_Division","village":"Byang Sang","village_category":"Rural","village_code":"261275"},"geometry":{"type":"Polygon","coordinates":[[[88.49408,27.30519],[88.50162,27.30061],[88.50076,27.28389],[88.50011,27.28046],[88.49902,27.28045],[88.49936,27.27839],[88.49489,27.27621],[88.49368,27.2813],[88.49399,27.28401],[88.49303,27.28466],[88.49341,27.28597],[88.49064,27.28746],[88.48571,27.28626],[88.48314,27.28778],[88.48578,27.28905],[88.49132,27.29463],[88.49278,27.29719],[88.49221,27.3008],[88.49408,27.30519]]]}},{"id":"79","type":"Feature","properties":{"state":"Sikkim","state_code":"11","district":"Gangtok","district_code":"244","sub_district":"Rabdang","sub_district_code":"7222","sub_district_type":"Sub_Division","village":"Tshalumthang","village_category":"Rural","village_code":"261272"},"geometry":{"type":"Polygon","coordinates":[[[88.52114,27.29362],[88.52289,27.29241],[88.52358,27.28891],[88.52805,27.28802],[88.52852,27.28261],[88.53029,27.28094],[88.53133,27.27775],[88.53093,27.27146],[88.52505,27.26664],[88.52376,27.26895],[88.51836,27.2728],[88.52058,27.27607],[88.52089,27.27872],[88.51988,27.28047],[88.52013,27.28226],[88.51948,27.2829],[88.51803,27.28264],[88.51983,27.28997],[88.51974,27.29235],[88.52114,27.29362]]]}},{"id":"80","type":"Feature","properties":{"state":"Sikkim","state_code":"11","district":"Gangtok","district_code":"244","sub_district":"Rabdang","sub_district_code":"7222","sub_district_type":"Sub_Division","village":"Chisopani","village_category":"Rural","village_code":"261271"},"geometry":{"type":"Polygon","coordinates":[[[88.4962,27.26099],[88.50102,27.26454],[88.50128,27.26843],[88.50579,27.26859],[88.50578,27.27086],[88.50378,27.27142],[88.50422,27.27471],[88.50583,27.27513],[88.5168,27.26689],[88.52148,27.26461],[88.52091,27.26217],[88.52343,27.26181],[88.52068,27.26026],[88.518,27.26111],[88.51611,27.25998],[88.513,27.26021],[88.5077,27.25606],[88.50251,27.25595],[88.49891,27.25268],[88.49583,27.25262],[88.49264,27.25126],[88.49293,27.25557],[88.4956,27.2574],[88.49503,27.25865],[88.4962,27.26099]]]}},{"id":"81","type":"Feature","properties":{"state":"Sikkim","state_code":"11","district":"Gangtok","district_code":"244","sub_district":"Rabdang","sub_district_code":"7222","sub_district_type":"Sub_Division","village":"Namgeythang","village_category":"Rural","village_code":"261274"},"geometry":{"type":"Polygon","coordinates":[[[88.49489,27.27621],[88.49253,27.2732],[88.49253,27.27213],[88.49129,27.2733],[88.48762,27.26993],[88.48702,27.27153],[88.48307,27.27271],[88.48089,27.27476],[88.48204,27.27739],[88.4804,27.27794],[88.47983,27.27983],[88.47539,27.28082],[88.47572,27.28363],[88.47895,27.28638],[88.48314,27.28778],[88.48595,27.28622],[88.49097,27.2874],[88.49341,27.28597],[88.49303,27.28466],[88.49399,27.28401],[88.49368,27.2813],[88.49489,27.27621]]]}},{"id":"82","type":"Feature","properties":{"state":"Sikkim","state_code":"11","district":"Gangtok","district_code":"244","sub_district":"Rabdang","sub_district_code":"7222","sub_district_type":"Sub_Division","village":"Nazitam","village_category":"Rural","village_code":"261278"},"geometry":{"type":"Polygon","coordinates":[[[88.51884,27.31156],[88.52548,27.31043],[88.52784,27.30916],[88.5326,27.3033],[88.53434,27.29852],[88.53428,27.2974],[88.5304,27.29567],[88.52961,27.29165],[88.52637,27.28873],[88.52349,27.28898],[88.52289,27.29241],[88.52109,27.29368],[88.521,27.29733],[88.51696,27.30177],[88.51544,27.31327],[88.51884,27.31156]]]}},{"id":"83","type":"Feature","properties":{"state":"Sikkim","state_code":"11","district":"Gangtok","district_code":"244","sub_district":"Rabdang","sub_district_code":"7222","sub_district_type":"Sub_Division","village":"Phengyong","village_category":"Rural","village_code":"261276"},"geometry":{"type":"Polygon","coordinates":[[[88.5096,27.30054],[88.50992,27.29822],[88.51307,27.29384],[88.51567,27.29186],[88.51744,27.29348],[88.51961,27.29413],[88.52071,27.29365],[88.51973,27.29233],[88.51848,27.28305],[88.51797,27.28262],[88.51056,27.28427],[88.50856,27.28377],[88.50616,27.28207],[88.50611,27.2812],[88.50483,27.2814],[88.50588,27.27871],[88.5051,27.27831],[88.50365,27.27909],[88.50255,27.27698],[88.4994,27.2783],[88.499,27.28028],[88.50011,27.28046],[88.50076,27.28389],[88.5016,27.29993],[88.50493,27.30705],[88.5096,27.30054]]]}},{"id":"84","type":"Feature","properties":{"state":"Sikkim","state_code":"11","district":"Gangtok","district_code":"244","sub_district":"Rabdang","sub_district_code":"7222","sub_district_type":"Sub_Division","village":"Rabdang","village_category":"Rural","village_code":"261273"},"geometry":{"type":"Polygon","coordinates":[[[88.51058,27.28427],[88.51975,27.28278],[88.51988,27.28047],[88.52083,27.27931],[88.52058,27.27607],[88.51836,27.2728],[88.52376,27.26895],[88.52505,27.26664],[88.52286,27.26656],[88.52077,27.26484],[88.5168,27.26689],[88.50597,27.27512],[88.50428,27.27469],[88.50247,27.27572],[88.50321,27.27878],[88.5051,27.27831],[88.5059,27.27874],[88.50483,27.2814],[88.50603,27.28116],[88.50616,27.28207],[88.50844,27.2837],[88.51058,27.28427]]]}},{"id":"85","type":"Feature","properties":{"state":"Sikkim","state_code":"11","district":"Gangtok","district_code":"244","sub_district":"Rabdang","sub_district_code":"7222","sub_district_type":"Sub_Division","village":"Sakyong","village_category":"Rural","village_code":"261270"},"geometry":{"type":"Polygon","coordinates":[[[88.50255,27.27698],[88.50247,27.27572],[88.50404,27.2751],[88.50454,27.2738],[88.5038,27.27132],[88.50578,27.27086],[88.50579,27.2686],[88.50128,27.26843],[88.50102,27.26454],[88.49616,27.26093],[88.49648,27.2637],[88.49452,27.26465],[88.49244,27.2646],[88.48617,27.26143],[88.48076,27.2639],[88.48195,27.26719],[88.4869,27.27112],[88.48786,27.27005],[88.49129,27.2733],[88.49239,27.27202],[88.49416,27.27576],[88.49785,27.27813],[88.5002,27.27836],[88.50255,27.27698]]]}},{"id":"86","type":"Feature","properties":{"state":"Sikkim","state_code":"11","district":"Gangtok","district_code":"244","sub_district":"Rabdang","sub_district_code":"7222","sub_district_type":"Sub_Division","village":"Sirwani","village_category":"Rural","village_code":"261269"},"geometry":{"type":"Polygon","coordinates":[[[88.47073,27.27066],[88.47074,27.27516],[88.4716,27.27606],[88.47159,27.27752],[88.47431,27.2789],[88.47595,27.28091],[88.47909,27.28033],[88.4804,27.27794],[88.48186,27.27793],[88.48191,27.27597],[88.48089,27.27476],[88.48239,27.27311],[88.48722,27.27123],[88.48174,27.267],[88.48076,27.2639],[88.47626,27.26554],[88.47658,27.26594],[88.47477,27.26674],[88.47418,27.26881],[88.47073,27.27066]]]}},{"id":"87","type":"Feature","properties":{"state":"Sikkim","state_code":"11","district":"Gangtok","district_code":"244","sub_district":"Rabdang","sub_district_code":"7222","sub_district_type":"Sub_Division","village":"Tirkutam","village_category":"Rural","village_code":"261277"},"geometry":{"type":"Polygon","coordinates":[[[88.51538,27.31262],[88.51696,27.30177],[88.521,27.29733],[88.52153,27.29533],[88.52142,27.29386],[88.51744,27.29348],[88.51624,27.29178],[88.5131,27.29381],[88.51152,27.29594],[88.50991,27.29824],[88.50971,27.30044],[88.50842,27.30142],[88.50521,27.30715],[88.50847,27.30747],[88.51168,27.31036],[88.51386,27.31029],[88.51538,27.31262]]]}},{"id":"88","type":"Feature","properties":{"state":"Sikkim","state_code":"11","district":"Gangtok","district_code":"244","sub_district":"Gangtok","sub_district_code":"1553","sub_district_type":"Sub_Division","village":"Kambal","village_category":"Rural","village_code":"261255"},"geometry":{"type":"Polygon","coordinates":[[[88.53104,27.38989],[88.52803,27.38558],[88.52,27.38841],[88.51717,27.39149],[88.51315,27.39213],[88.50871,27.39154],[88.4953,27.39532],[88.5,27.40657],[88.50231,27.40982],[88.50994,27.41143],[88.51434,27.41678],[88.52012,27.40056],[88.53104,27.38989]]]}},{"id":"89","type":"Feature","properties":{"state":"Sikkim","state_code":"11","district":"Gangtok","district_code":"244","sub_district":"Gangtok","sub_district_code":"1553","sub_district_type":"Sub_Division","village":"Rakdong","village_category":"Rural","village_code":"261253"},"geometry":{"type":"Polygon","coordinates":[[[88.56309,27.42888],[88.56911,27.42353],[88.57919,27.41792],[88.57773,27.41065],[88.57861,27.40868],[88.57772,27.40762],[88.57662,27.40052],[88.5748,27.39709],[88.57462,27.39512],[88.574,27.3941],[88.57247,27.39457],[88.57087,27.39284],[88.56885,27.39263],[88.5672,27.39082],[88.56631,27.39162],[88.56644,27.39304],[88.56522,27.39349],[88.56589,27.39684],[88.56496,27.40016],[88.56336,27.39973],[88.56041,27.40254],[88.55924,27.40266],[88.5536,27.40146],[88.55207,27.39815],[88.54919,27.40109],[88.5435,27.40287],[88.54143,27.40465],[88.54,27.40865],[88.54027,27.4111],[88.53606,27.41637],[88.53257,27.42274],[88.53842,27.42471],[88.54334,27.43123],[88.54573,27.43223],[88.54985,27.43258],[88.55716,27.43067],[88.55958,27.42918],[88.56309,27.42888]]]}},{"id":"90","type":"Feature","properties":{"state":"Sikkim","state_code":"11","district":"Gangtok","district_code":"244","sub_district":"Gangtok","sub_district_code":"1553","sub_district_type":"Sub_Division","village":"Raleykhesey","village_category":"Rural","village_code":"261257"},"geometry":{"type":"Polygon","coordinates":[[[88.52666,27.36294],[88.52333,27.36254],[88.5195,27.3636],[88.51721,27.36291],[88.51225,27.36414],[88.51024,27.36574],[88.50598,27.3665],[88.50098,27.36623],[88.49738,27.3638],[88.49406,27.36459],[88.49501,27.36821],[88.49507,27.37368],[88.50067,27.37568],[88.5058,27.37563],[88.50768,27.37466],[88.51694,27.37586],[88.51881,27.37511],[88.52161,27.37605],[88.52274,27.3755],[88.52494,27.37666],[88.52585,27.37078],[88.5249,27.36588],[88.52666,27.36294]]]}},{"id":"91","type":"Feature","properties":{"state":"Sikkim","state_code":"11","district":"Gangtok","district_code":"244","sub_district":"Gangtok","sub_district_code":"1553","sub_district_type":"Sub_Division","village":"Samdong","village_category":"Rural","village_code":"261256"},"geometry":{"type":"Polygon","coordinates":[[[88.52803,27.38558],[88.52641,27.3846],[88.52478,27.38198],[88.52585,27.38037],[88.52497,27.37671],[88.52274,27.3755],[88.52161,27.37605],[88.51881,27.37511],[88.51694,27.37586],[88.50763,27.37466],[88.5058,27.37563],[88.50067,27.37568],[88.49507,27.37368],[88.49419,27.37904],[88.49408,27.3876],[88.4953,27.39532],[88.50871,27.39154],[88.51315,27.39213],[88.51717,27.39149],[88.52,27.38841],[88.52803,27.38558]]]}},{"id":"92","type":"Feature","properties":{"state":"Sikkim","state_code":"11","district":"Gangtok","district_code":"244","sub_district":"Gangtok","sub_district_code":"1553","sub_district_type":"Sub_Division","village":"Tintek","village_category":"Rural","village_code":"261254"},"geometry":{"type":"Polygon","coordinates":[[[88.55207,27.39815],[88.55021,27.39822],[88.54966,27.39699],[88.5472,27.39621],[88.54538,27.39406],[88.54238,27.39283],[88.53971,27.3928],[88.53792,27.39175],[88.53264,27.39239],[88.53078,27.38998],[88.52012,27.40056],[88.51434,27.41678],[88.52004,27.4203],[88.53257,27.42274],[88.53606,27.41637],[88.54027,27.4111],[88.54,27.40865],[88.54127,27.40481],[88.5435,27.40287],[88.54919,27.40109],[88.55207,27.39815]]]}},{"id":"93","type":"Feature","properties":{"state":"Sikkim","state_code":"11","district":"Gangtok","district_code":"244","sub_district":"Gangtok","sub_district_code":"1553","sub_district_type":"Sub_Division","village":"Chuba","village_category":"Rural","village_code":"261286"},"geometry":{"type":"Polygon","coordinates":[[[88.56174,27.297],[88.57432,27.29573],[88.57601,27.29387],[88.57664,27.29133],[88.58013,27.28881],[88.58094,27.28732],[88.58039,27.28508],[88.58082,27.27861],[88.58395,27.27814],[88.58528,27.2765],[88.58521,27.27527],[88.58139,27.27359],[88.57853,27.27028],[88.57468,27.27015],[88.57317,27.26877],[88.57098,27.26839],[88.5709,27.27043],[88.57152,27.26953],[88.57285,27.27127],[88.57264,27.27373],[88.56985,27.27607],[88.56732,27.27604],[88.56865,27.27965],[88.56669,27.27994],[88.5623,27.28366],[88.5603,27.28683],[88.55753,27.28842],[88.5608,27.29076],[88.5636,27.29443],[88.56351,27.2954],[88.56153,27.29583],[88.55974,27.29788],[88.56174,27.297]]]}},{"id":"94","type":"Feature","properties":{"state":"Sikkim","state_code":"11","district":"Gangtok","district_code":"244","sub_district":"Gangtok","sub_district_code":"1553","sub_district_type":"Sub_Division","village":"Chinzey","village_category":"Rural","village_code":"261293"},"geometry":{"type":"Polygon","coordinates":[[[88.59049,27.3086],[88.59325,27.30783],[88.59387,27.30577],[88.59498,27.3051],[88.59197,27.30341],[88.58985,27.30317],[88.58807,27.30141],[88.5842,27.30036],[88.57474,27.30066],[88.57042,27.29944],[88.56708,27.30093],[88.56284,27.30074],[88.56281,27.3027],[88.57248,27.30572],[88.5785,27.30674],[88.58155,27.30487],[88.58442,27.30536],[88.58828,27.30801],[88.59049,27.3086]]]}},{"id":"95","type":"Feature","properties":{"state":"Sikkim","state_code":"11","district":"Gangtok","district_code":"244","sub_district":"Gangtok","sub_district_code":"1553","sub_district_type":"Sub_Division","village":"Marchak","village_category":"Rural","village_code":"261290"},"geometry":{"type":"Polygon","coordinates":[[[88.59445,27.30478],[88.59925,27.30141],[88.60106,27.30187],[88.60228,27.3013],[88.60146,27.2988],[88.60196,27.29847],[88.5997,27.29722],[88.60133,27.29608],[88.60108,27.29365],[88.60221,27.2935],[88.60182,27.29171],[88.59698,27.2906],[88.59083,27.29068],[88.58905,27.2889],[88.5878,27.28989],[88.5877,27.29144],[88.58218,27.29324],[88.57956,27.29291],[88.5766,27.29571],[88.56174,27.297],[88.55974,27.29788],[88.5582,27.29973],[88.56708,27.30093],[88.56982,27.29946],[88.57699,27.30085],[88.5842,27.30036],[88.58807,27.30141],[88.58985,27.30317],[88.59445,27.30478]]]}},{"id":"96","type":"Feature","properties":{"state":"Sikkim","state_code":"11","district":"Gangtok","district_code":"244","sub_district":"Gangtok","sub_district_code":"1553","sub_district_type":"Sub_Division","village":"Namin","village_category":"Rural","village_code":"261289"},"geometry":{"type":"Polygon","coordinates":[[[88.57662,27.2957],[88.57956,27.29291],[88.58218,27.29324],[88.5877,27.29144],[88.5878,27.28989],[88.58898,27.28945],[88.58902,27.28661],[88.58629,27.28665],[88.58533,27.28333],[88.58376,27.28272],[88.58287,27.284],[88.58092,27.28272],[88.58039,27.28508],[88.58094,27.28732],[88.58013,27.28881],[88.57664,27.29133],[88.57601,27.29387],[88.57435,27.29569],[88.57662,27.2957]]]}},{"id":"97","type":"Feature","properties":{"state":"Sikkim","state_code":"11","district":"Gangtok","district_code":"244","sub_district":"Gangtok","sub_district_code":"1553","sub_district_type":"Sub_Division","village":"Namli","village_category":"Rural","village_code":"261287"},"geometry":{"type":"Polygon","coordinates":[[[88.60481,27.29119],[88.60451,27.28994],[88.6023,27.28814],[88.60165,27.284],[88.59932,27.28365],[88.59835,27.28236],[88.5999,27.2806],[88.59781,27.2782],[88.59812,27.27609],[88.5973,27.27587],[88.59644,27.27375],[88.59507,27.2737],[88.59419,27.275],[88.59299,27.27423],[88.58658,27.27516],[88.58507,27.2767],[88.58452,27.2777],[88.58701,27.27932],[88.58774,27.28107],[88.58976,27.28118],[88.59218,27.28315],[88.59151,27.28419],[88.59216,27.28498],[88.59221,27.28865],[88.59061,27.29061],[88.59698,27.2906],[88.59935,27.29147],[88.60088,27.29102],[88.60187,27.29181],[88.60185,27.29335],[88.60323,27.29371],[88.60481,27.29119]]]}},{"id":"98","type":"Feature","properties":{"state":"Sikkim","state_code":"11","district":"Gangtok","district_code":"244","sub_district":"Gangtok","sub_district_code":"1553","sub_district_type":"Sub_Division","village":"Rawtey Rumtek","village_category":"Rural","village_code":"261292"},"geometry":{"type":"Polygon","coordinates":[[[88.59386,27.32354],[88.59161,27.31685],[88.59297,27.31539],[88.59246,27.3132],[88.59442,27.31229],[88.59482,27.31072],[88.59325,27.30783],[88.58945,27.30842],[88.58442,27.30536],[88.58345,27.30809],[88.58588,27.31183],[88.58559,27.31326],[88.58393,27.31327],[88.58319,27.31427],[88.583,27.31367],[88.57932,27.3137],[88.57971,27.31435],[88.57886,27.31554],[88.57985,27.31675],[88.57902,27.31629],[88.57783,27.31755],[88.57768,27.3194],[88.58037,27.32257],[88.58023,27.32422],[88.58106,27.32432],[88.58167,27.32337],[88.58262,27.32422],[88.58764,27.32432],[88.58857,27.32336],[88.59329,27.32442],[88.59386,27.32354]]]}},{"id":"99","type":"Feature","properties":{"state":"Sikkim","state_code":"11","district":"Gangtok","district_code":"244","sub_district":"Gangtok","sub_district_code":"1553","sub_district_type":"Sub_Division","village":"Sajong Rumtek","village_category":"Rural","village_code":"261291"},"geometry":{"type":"Polygon","coordinates":[[[88.58407,27.32657],[88.58233,27.32354],[88.58023,27.32422],[88.58037,27.32257],[88.57757,27.31897],[88.57873,27.31651],[88.57985,27.31675],[88.57886,27.31554],[88.57971,27.31435],[88.57932,27.3137],[88.583,27.31367],[88.58319,27.31427],[88.58393,27.31327],[88.58559,27.31326],[88.58588,27.31183],[88.58345,27.30809],[88.58442,27.30536],[88.58121,27.30488],[88.5785,27.30674],[88.56794,27.30434],[88.56728,27.3055],[88.56297,27.3036],[88.56087,27.30472],[88.55977,27.30425],[88.5591,27.30601],[88.56289,27.30832],[88.56423,27.3081],[88.56583,27.30897],[88.56532,27.31436],[88.56448,27.3151],[88.56477,27.31671],[88.56643,27.31658],[88.568,27.31847],[88.56851,27.31774],[88.57001,27.31779],[88.5709,27.31893],[88.57083,27.32069],[88.57216,27.32144],[88.57247,27.32087],[88.57295,27.32248],[88.57543,27.32325],[88.57525,27.32413],[88.57376,27.32465],[88.57385,27.32595],[88.57538,27.3249],[88.57684,27.32613],[88.5783,27.32597],[88.57705,27.32431],[88.57776,27.32394],[88.57941,27.32429],[88.58093,27.32582],[88.58407,27.32657]]]}},{"id":"100","type":"Feature","properties":{"state":"Sikkim","state_code":"11","district":"Gangtok","district_code":"244","sub_district":"Gangtok","sub_district_code":"1553","sub_district_type":"Sub_Division","village":"Tumlabong","village_category":"Rural","village_code":"261288"},"geometry":{"type":"Polygon","coordinates":[[[88.59058,27.29059],[88.59224,27.28846],[88.59216,27.28498],[88.59151,27.28419],[88.5922,27.28331],[88.59127,27.28198],[88.58774,27.28107],[88.58701,27.27932],[88.58452,27.2777],[88.5824,27.27876],[88.58087,27.27851],[88.58092,27.28272],[88.58287,27.284],[88.58376,27.28272],[88.58533,27.28333],[88.58604,27.28637],[88.58898,27.28656],[88.589,27.28886],[88.59058,27.29059]]]}},{"id":"101","type":"Feature","properties":{"state":"Sikkim","state_code":"11","district":"Gangtok","district_code":"244","sub_district":"Gangtok","sub_district_code":"1553","sub_district_type":"Sub_Division","village":"Barbing","village_category":"Rural","village_code":"261296"},"geometry":{"type":"Polygon","coordinates":[[[88.6059,27.34124],[88.60278,27.33546],[88.60269,27.33341],[88.60037,27.3314],[88.59996,27.32888],[88.59494,27.32614],[88.59391,27.3235],[88.59329,27.32442],[88.59059,27.3237],[88.59045,27.32835],[88.59101,27.32876],[88.5901,27.33249],[88.59169,27.34041],[88.59494,27.34339],[88.59605,27.34322],[88.59982,27.34517],[88.60044,27.34188],[88.60267,27.34303],[88.60433,27.34084],[88.6059,27.34124]]]}},{"id":"102","type":"Feature","properties":{"state":"Sikkim","state_code":"11","district":"Gangtok","district_code":"244","sub_district":"Gangtok","sub_district_code":"1553","sub_district_type":"Sub_Division","village":"Luing","village_category":"Rural","village_code":"261305"},"geometry":{"type":"Polygon","coordinates":[[[88.61326,27.38081],[88.61934,27.37932],[88.623,27.37407],[88.62235,27.37228],[88.62078,27.37136],[88.6235,27.3697],[88.61958,27.36591],[88.61904,27.36352],[88.61701,27.36274],[88.6162,27.36145],[88.613,27.36138],[88.61095,27.35984],[88.61029,27.3576],[88.60621,27.35571],[88.60586,27.35708],[88.60368,27.35819],[88.59985,27.36279],[88.59746,27.36916],[88.59825,27.37123],[88.59803,27.37418],[88.60116,27.37575],[88.6022,27.37508],[88.60551,27.38067],[88.60878,27.37889],[88.61003,27.38032],[88.61326,27.38081]]]}},{"id":"103","type":"Feature","properties":{"state":"Sikkim","state_code":"11","district":"Gangtok","district_code":"244","sub_district":"Gangtok","sub_district_code":"1553","sub_district_type":"Sub_Division","village":"Lingdum","village_category":"Rural","village_code":"261299"},"geometry":{"type":"Polygon","coordinates":[[[88.58551,27.35509],[88.59256,27.3429],[88.59039,27.33554],[88.5909,27.33408],[88.5901,27.33249],[88.59101,27.32876],[88.59045,27.32835],[88.59056,27.32357],[88.58288,27.32423],[88.58301,27.32571],[88.58443,27.3272],[88.58141,27.33045],[88.58197,27.33231],[88.58147,27.33398],[88.57779,27.33584],[88.57597,27.33968],[88.57399,27.34025],[88.57223,27.34371],[88.5684,27.34468],[88.56492,27.34434],[88.56121,27.348],[88.55704,27.34966],[88.5578,27.35252],[88.55975,27.35303],[88.56062,27.35475],[88.564,27.35701],[88.56543,27.35688],[88.56881,27.35261],[88.57053,27.35402],[88.57248,27.35337],[88.57574,27.35399],[88.57744,27.35484],[88.57836,27.35645],[88.58551,27.35509]]]}},{"id":"104","type":"Feature","properties":{"state":"Sikkim","state_code":"11","district":"Gangtok","district_code":"244","sub_district":"Gangtok","sub_district_code":"1553","sub_district_type":"Sub_Division","village":"Parbing","village_category":"Rural","village_code":"261306"},"geometry":{"type":"Polygon","coordinates":[[[88.59452,27.37411],[88.59802,27.37397],[88.59761,27.36839],[88.59985,27.36279],[88.60154,27.36086],[88.59859,27.35952],[88.59705,27.35998],[88.59541,27.35925],[88.59039,27.35921],[88.58992,27.35818],[88.5868,27.35708],[88.58602,27.35775],[88.58698,27.35882],[88.58742,27.36442],[88.59013,27.37218],[88.59106,27.37278],[88.59366,27.37231],[88.59452,27.37411]]]}},{"id":"105","type":"Feature","properties":{"state":"Sikkim","state_code":"11","district":"Gangtok","district_code":"244","sub_district":"Gangtok","sub_district_code":"1553","sub_district_type":"Sub_Division","village":"Ranka","village_category":"Rural","village_code":"261294"},"geometry":{"type":"Polygon","coordinates":[[[88.60452,27.3577],[88.60658,27.35569],[88.60658,27.34589],[88.6059,27.34124],[88.60466,27.34083],[88.60273,27.34302],[88.60044,27.34188],[88.59963,27.34644],[88.59688,27.34636],[88.59748,27.3482],[88.59539,27.34799],[88.59543,27.34945],[88.59455,27.34937],[88.59428,27.35038],[88.59331,27.3503],[88.58993,27.35268],[88.59041,27.35345],[88.59473,27.3545],[88.59985,27.35413],[88.60206,27.35501],[88.60165,27.35668],[88.60379,27.35653],[88.60452,27.3577]]]}},{"id":"106","type":"Feature","properties":{"state":"Sikkim","state_code":"11","district":"Gangtok","district_code":"244","sub_district":"Gangtok","sub_district_code":"1553","sub_district_type":"Sub_Division","village":"Rey-Mindu","village_category":"Rural","village_code":"261297"},"geometry":{"type":"Polygon","coordinates":[[[88.55421,27.33327],[88.56052,27.33187],[88.56405,27.33452],[88.57191,27.33089],[88.57393,27.3275],[88.58128,27.32832],[88.58431,27.32693],[88.57827,27.32399],[88.57703,27.32414],[88.5783,27.32597],[88.57684,27.32613],[88.57538,27.3249],[88.57385,27.32595],[88.57376,27.32465],[88.57551,27.32341],[88.57472,27.32252],[88.57295,27.32248],[88.57247,27.32087],[88.57216,27.32144],[88.57083,27.32069],[88.5709,27.31893],[88.57001,27.31779],[88.56767,27.31838],[88.56643,27.31658],[88.56413,27.31694],[88.55899,27.3136],[88.55825,27.31709],[88.55518,27.31644],[88.5535,27.31743],[88.551,27.31754],[88.54911,27.32065],[88.55263,27.3225],[88.5529,27.32366],[88.54997,27.32347],[88.54712,27.32634],[88.54801,27.3304],[88.55224,27.3349],[88.55308,27.33518],[88.55421,27.33327]]]}},{"id":"107","type":"Feature","properties":{"state":"Sikkim","state_code":"11","district":"Gangtok","district_code":"244","sub_district":"Gangtok","sub_district_code":"1553","sub_district_type":"Sub_Division","village":"Rey-Brock","village_category":"Rural","village_code":"261298"},"geometry":{"type":"Polygon","coordinates":[[[88.56492,27.34434],[88.56857,27.34466],[88.57299,27.34306],[88.57389,27.34036],[88.57581,27.33986],[88.57779,27.33584],[88.58147,27.33398],[88.58196,27.33209],[88.58135,27.33059],[88.58262,27.32857],[88.58418,27.32792],[88.58431,27.32693],[88.58128,27.32832],[88.57393,27.3275],[88.57191,27.33089],[88.56408,27.33449],[88.56391,27.3376],[88.56258,27.33741],[88.56128,27.33559],[88.55951,27.336],[88.55839,27.33667],[88.55801,27.33996],[88.55579,27.34211],[88.554,27.34201],[88.55704,27.34966],[88.56121,27.348],[88.56492,27.34434]]]}},{"id":"108","type":"Feature","properties":{"state":"Sikkim","state_code":"11","district":"Gangtok","district_code":"244","sub_district":"Gangtok","sub_district_code":"1553","sub_district_type":"Sub_Division","village":"Sangtong","village_category":"Rural","village_code":"261295"},"geometry":{"type":"Polygon","coordinates":[[[88.60154,27.36086],[88.60466,27.3579],[88.60379,27.35653],[88.60162,27.35665],[88.60209,27.35531],[88.60154,27.35474],[88.5994,27.35399],[88.5949,27.35453],[88.59015,27.35323],[88.59012,27.35231],[88.59543,27.34945],[88.59534,27.34803],[88.59748,27.3482],[88.59687,27.34637],[88.59951,27.3465],[88.60007,27.34526],[88.59605,27.34322],[88.59494,27.34339],[88.59279,27.34112],[88.59167,27.34093],[88.59247,27.34216],[88.5923,27.34401],[88.58546,27.35517],[88.58594,27.35773],[88.58724,27.35699],[88.58847,27.35816],[88.58992,27.35818],[88.59039,27.35921],[88.59541,27.35925],[88.59705,27.35998],[88.59859,27.35952],[88.60154,27.36086]]]}},{"id":"109","type":"Feature","properties":{"state":"Sikkim","state_code":"11","district":"Gangtok","district_code":"244","sub_district":"Gangtok","sub_district_code":"1553","sub_district_type":"Sub_Division","village":"Bhusuk","village_category":"Rural","village_code":"261314"},"geometry":{"type":"Polygon","coordinates":[[[88.66222,27.35823],[88.66146,27.3564],[88.66717,27.35474],[88.66821,27.34951],[88.66298,27.34905],[88.66045,27.35065],[88.65492,27.35012],[88.65682,27.35633],[88.66003,27.35774],[88.66222,27.35823]]]}},{"id":"110","type":"Feature","properties":{"state":"Sikkim","state_code":"11","district":"Gangtok","district_code":"244","sub_district":"Gangtok","sub_district_code":"1553","sub_district_type":"Sub_Division","village":"Naitam","village_category":"Rural","village_code":"261311"},"geometry":{"type":"Polygon","coordinates":[[[88.62805,27.32958],[88.63016,27.32574],[88.63458,27.32112],[88.63296,27.31896],[88.63093,27.31875],[88.62957,27.31693],[88.62865,27.31126],[88.6271,27.30935],[88.63019,27.30906],[88.63083,27.3082],[88.63416,27.30941],[88.63343,27.31057],[88.63383,27.31145],[88.63809,27.31365],[88.64388,27.31448],[88.64863,27.31383],[88.65096,27.31505],[88.65478,27.31265],[88.66028,27.31568],[88.66816,27.31148],[88.6649,27.30853],[88.65627,27.30528],[88.64693,27.29939],[88.64296,27.2985],[88.63982,27.30135],[88.63803,27.3014],[88.6378,27.30421],[88.63602,27.30365],[88.63369,27.30454],[88.63321,27.30682],[88.62731,27.30833],[88.62482,27.30783],[88.6297,27.31795],[88.62889,27.31933],[88.62952,27.32208],[88.6309,27.32211],[88.62568,27.32734],[88.62619,27.32841],[88.62805,27.32958]]]}},{"id":"111","type":"Feature","properties":{"state":"Sikkim","state_code":"11","district":"Gangtok","district_code":"244","sub_district":"Gangtok","sub_district_code":"1553","sub_district_type":"Sub_Division","village":"Namong","village_category":"Rural","village_code":"261312"},"geometry":{"type":"Polygon","coordinates":[[[88.63256,27.33081],[88.6379,27.32553],[88.63702,27.32426],[88.63509,27.32351],[88.63458,27.32112],[88.63016,27.32574],[88.62805,27.32958],[88.62971,27.33165],[88.63256,27.33081]]]}},{"id":"112","type":"Feature","properties":{"state":"Sikkim","state_code":"11","district":"Gangtok","district_code":"244","sub_district":"Gangtok","sub_district_code":"1553","sub_district_type":"Sub_Division","village":"Nandok","village_category":"Rural","village_code":"261310"},"geometry":{"type":"Polygon","coordinates":[[[88.61707,27.31596],[88.62351,27.32352],[88.62471,27.32393],[88.62432,27.32517],[88.62568,27.32734],[88.62638,27.32722],[88.62732,27.32523],[88.6309,27.32211],[88.62952,27.32208],[88.62889,27.31933],[88.6297,27.31795],[88.62482,27.30783],[88.62731,27.30833],[88.63321,27.30682],[88.6339,27.30439],[88.63604,27.30365],[88.6378,27.30421],[88.63804,27.30164],[88.63616,27.30069],[88.63357,27.30204],[88.62639,27.30239],[88.62249,27.30099],[88.61713,27.30118],[88.61553,27.29906],[88.61237,27.29935],[88.6106,27.29809],[88.6094,27.29888],[88.60766,27.29766],[88.6071,27.2957],[88.60767,27.29497],[88.6066,27.29453],[88.60465,27.29072],[88.6039,27.29352],[88.60121,27.29343],[88.60133,27.29608],[88.5997,27.29722],[88.60257,27.29878],[88.60454,27.30093],[88.60847,27.29955],[88.60858,27.30218],[88.61093,27.30341],[88.61707,27.31596]]]}},{"id":"113","type":"Feature","properties":{"state":"Sikkim","state_code":"11","district":"Gangtok","district_code":"244","sub_district":"Gangtok","sub_district_code":"1553","sub_district_type":"Sub_Division","village":"Lingdok","village_category":"Rural","village_code":"261301"},"geometry":{"type":"Polygon","coordinates":[[[88.60926,27.41704],[88.6124,27.41923],[88.61557,27.41948],[88.61678,27.41768],[88.61744,27.41252],[88.61945,27.40999],[88.61424,27.40623],[88.61032,27.40215],[88.60882,27.40162],[88.60866,27.39971],[88.60397,27.39529],[88.60226,27.39233],[88.60259,27.38927],[88.60209,27.38936],[88.60035,27.39272],[88.6004,27.39641],[88.59928,27.39647],[88.59867,27.39886],[88.59847,27.40463],[88.59927,27.40736],[88.59788,27.41062],[88.59806,27.41403],[88.59935,27.41679],[88.60926,27.41704]]]}},{"id":"114","type":"Feature","properties":{"state":"Sikkim","state_code":"11","district":"Gangtok","district_code":"244","sub_district":"Gangtok","sub_district_code":"1553","sub_district_type":"Sub_Division","village":"Namphong","village_category":"Rural","village_code":"261300"},"geometry":{"type":"Polygon","coordinates":[[[88.59935,27.41679],[88.59806,27.41403],[88.59788,27.41062],[88.59927,27.40736],[88.59844,27.40285],[88.59928,27.39647],[88.59334,27.39655],[88.59033,27.39571],[88.58742,27.39379],[88.58415,27.39351],[88.58051,27.39126],[88.5788,27.39105],[88.57765,27.38889],[88.57669,27.3886],[88.57119,27.38808],[88.5672,27.39082],[88.56885,27.39263],[88.57087,27.39284],[88.57247,27.39457],[88.574,27.3941],[88.57462,27.39512],[88.5748,27.39709],[88.57662,27.40052],[88.57772,27.40762],[88.57861,27.40868],[88.57773,27.41065],[88.57919,27.41792],[88.58724,27.41733],[88.59207,27.41577],[88.5972,27.41745],[88.59935,27.41679]]]}},{"id":"115","type":"Feature","properties":{"state":"Sikkim","state_code":"11","district":"Gangtok","district_code":"244","sub_district":"Gangtok","sub_district_code":"1553","sub_district_type":"Sub_Division","village":"Navey","village_category":"Rural","village_code":"261302"},"geometry":{"type":"Polygon","coordinates":[[[88.61945,27.40999],[88.62704,27.40655],[88.63339,27.40505],[88.62979,27.39988],[88.62695,27.39815],[88.6253,27.39538],[88.62374,27.39436],[88.62329,27.3922],[88.6205,27.38753],[88.61278,27.38847],[88.61192,27.38779],[88.60259,27.38927],[88.60217,27.39215],[88.60397,27.39529],[88.60866,27.39971],[88.60882,27.40162],[88.61301,27.4043],[88.61424,27.40623],[88.61757,27.40819],[88.61767,27.40914],[88.61945,27.40999]]]}},{"id":"116","type":"Feature","properties":{"state":"Sikkim","state_code":"11","district":"Gangtok","district_code":"244","sub_district":"Gangtok","sub_district_code":"1553","sub_district_type":"Sub_Division","village":"Penlong","village_category":"Rural","village_code":"261304"},"geometry":{"type":"Polygon","coordinates":[[[88.61876,27.38178],[88.62325,27.38165],[88.62647,27.38064],[88.62862,27.38073],[88.62994,27.38174],[88.63798,27.38134],[88.63584,27.37701],[88.6388,27.37618],[88.63906,27.37418],[88.64031,27.37394],[88.63754,27.37149],[88.63658,27.37201],[88.63387,27.37109],[88.62926,27.37095],[88.62421,27.3683],[88.62269,27.36828],[88.62341,27.36991],[88.62129,27.37064],[88.6207,27.3717],[88.62227,27.37219],[88.623,27.37407],[88.61954,27.3797],[88.61658,27.38271],[88.61876,27.38178]]]}},{"id":"117","type":"Feature","properties":{"state":"Sikkim","state_code":"11","district":"Gangtok","district_code":"244","sub_district":"Gangtok","sub_district_code":"1553","sub_district_type":"Sub_Division","village":"Shotak","village_category":"Rural","village_code":"261303"},"geometry":{"type":"Polygon","coordinates":[[[88.63674,27.40315],[88.65459,27.39912],[88.65423,27.39816],[88.65718,27.39573],[88.65749,27.39304],[88.65924,27.39067],[88.65953,27.38873],[88.65753,27.3895],[88.6545,27.39226],[88.65438,27.39327],[88.65281,27.39179],[88.6527,27.39012],[88.65073,27.38922],[88.65043,27.38604],[88.64862,27.3853],[88.64308,27.38649],[88.6405,27.38333],[88.6387,27.38269],[88.63747,27.38364],[88.63562,27.38307],[88.63448,27.38146],[88.62994,27.38174],[88.62819,27.38064],[88.61885,27.38176],[88.61658,27.38271],[88.62024,27.38637],[88.62374,27.39436],[88.6253,27.39538],[88.62695,27.39815],[88.62979,27.39988],[88.63339,27.40505],[88.63674,27.40315]]]}},{"id":"118","type":"Feature","properties":{"state":"Sikkim","state_code":"11","district":"Gangtok","district_code":"244","sub_district":"Rabdang","sub_district_code":"7222","sub_district_type":"Sub_Division","village":"Aritar","village_category":"Rural","village_code":"261261"},"geometry":{"type":"Polygon","coordinates":[[[88.46847,27.32071],[88.47064,27.32039],[88.46877,27.31681],[88.4682,27.31321],[88.47503,27.31388],[88.4752,27.30878],[88.47408,27.30542],[88.46854,27.30514],[88.46932,27.30688],[88.46878,27.30742],[88.46547,27.3056],[88.46539,27.30747],[88.46326,27.30685],[88.46134,27.30873],[88.4625,27.30878],[88.46325,27.31174],[88.46598,27.3118],[88.46702,27.31311],[88.46664,27.31606],[88.46528,27.31642],[88.4652,27.31741],[88.46399,27.31797],[88.46516,27.32071],[88.46718,27.32002],[88.46847,27.32071]]]}},{"id":"119","type":"Feature","properties":{"state":"Sikkim","state_code":"11","district":"Gangtok","district_code":"244","sub_district":"Rabdang","sub_district_code":"7222","sub_district_type":"Sub_Division","village":"Beng Khamdong","village_category":"Rural","village_code":"261267"},"geometry":{"type":"Polygon","coordinates":[[[88.49221,27.2996],[88.49278,27.29719],[88.48869,27.29178],[88.4851,27.2886],[88.47747,27.28543],[88.47554,27.28311],[88.47623,27.28564],[88.47568,27.29126],[88.47686,27.29959],[88.48078,27.29934],[88.4816,27.29796],[88.4847,27.29934],[88.49221,27.2996]]]}},{"id":"120","type":"Feature","properties":{"state":"Sikkim","state_code":"11","district":"Gangtok","district_code":"244","sub_district":"Rabdang","sub_district_code":"7222","sub_district_type":"Sub_Division","village":"Dungdung","village_category":"Rural","village_code":"261265"},"geometry":{"type":"Polygon","coordinates":[[[88.4625,27.30878],[88.46046,27.30938],[88.45908,27.30736],[88.45978,27.30677],[88.45902,27.30587],[88.45923,27.3047],[88.46098,27.30386],[88.46003,27.30268],[88.46223,27.3029],[88.46107,27.30106],[88.46205,27.29985],[88.46432,27.29936],[88.46377,27.29771],[88.46494,27.29663],[88.46389,27.2949],[88.46488,27.29407],[88.46635,27.29478],[88.46766,27.29308],[88.46805,27.2896],[88.46927,27.29007],[88.46898,27.28695],[88.46567,27.28533],[88.46433,27.28658],[88.46223,27.29168],[88.46042,27.28953],[88.45398,27.28929],[88.44712,27.29877],[88.44826,27.30543],[88.44745,27.31111],[88.44827,27.31353],[88.45126,27.31769],[88.4636,27.31356],[88.46474,27.31376],[88.4638,27.31773],[88.4652,27.31741],[88.46528,27.31642],[88.46668,27.31598],[88.46702,27.31311],[88.46598,27.3118],[88.46325,27.31174],[88.4625,27.30878]]]}},{"id":"121","type":"Feature","properties":{"state":"Sikkim","state_code":"11","district":"Gangtok","district_code":"244","sub_district":"Rabdang","sub_district_code":"7222","sub_district_type":"Sub_Division","village":"Khamdong","village_category":"Rural","village_code":"261268"},"geometry":{"type":"Polygon","coordinates":[[[88.47686,27.29959],[88.47568,27.29126],[88.47623,27.28564],[88.47539,27.28074],[88.47431,27.2789],[88.47159,27.27752],[88.4716,27.27606],[88.47074,27.27516],[88.47072,27.27064],[88.4696,27.27121],[88.46806,27.27513],[88.46359,27.28112],[88.46193,27.28817],[88.45901,27.28948],[88.46054,27.2896],[88.46226,27.29167],[88.46501,27.28543],[88.46768,27.28609],[88.46914,27.28727],[88.46927,27.29007],[88.46805,27.2896],[88.46766,27.29308],[88.46635,27.29478],[88.46488,27.29407],[88.46389,27.2949],[88.46494,27.29663],[88.46377,27.29771],[88.46432,27.29936],[88.47114,27.2986],[88.47686,27.29959]]]}},{"id":"122","type":"Feature","properties":{"state":"Sikkim","state_code":"11","district":"Gangtok","district_code":"244","sub_district":"Rabdang","sub_district_code":"7222","sub_district_type":"Sub_Division","village":"Singbel","village_category":"Rural","village_code":"261264"},"geometry":{"type":"Polygon","coordinates":[[[88.46633,27.35383],[88.46878,27.35301],[88.46631,27.34632],[88.46717,27.34506],[88.46334,27.33804],[88.46266,27.33531],[88.46413,27.33464],[88.46382,27.33385],[88.46485,27.33306],[88.46313,27.33165],[88.46173,27.32735],[88.46018,27.32674],[88.46066,27.32562],[88.46208,27.32572],[88.46197,27.32421],[88.4609,27.32496],[88.45915,27.32384],[88.45853,27.32246],[88.45971,27.32169],[88.45908,27.32083],[88.45832,27.32158],[88.45769,27.31951],[88.45527,27.31937],[88.45399,27.31641],[88.45348,27.31658],[88.45126,27.31769],[88.45318,27.31959],[88.45318,27.324],[88.45525,27.32894],[88.45527,27.33542],[88.45706,27.33804],[88.46236,27.34286],[88.46239,27.35096],[88.46633,27.35383]]]}},{"id":"123","type":"Feature","properties":{"state":"Sikkim","state_code":"11","district":"Gangtok","district_code":"244","sub_district":"Rabdang","sub_district_code":"7222","sub_district_type":"Sub_Division","village":"Thangsing","village_category":"Rural","village_code":"261266"},"geometry":{"type":"Polygon","coordinates":[[[88.46088,27.30939],[88.46326,27.30685],[88.46539,27.30747],[88.46547,27.3056],[88.46884,27.30741],[88.46932,27.30688],[88.46847,27.30518],[88.46984,27.30547],[88.47008,27.30483],[88.47147,27.30568],[88.47408,27.30542],[88.47472,27.30646],[88.47761,27.30777],[88.48733,27.30806],[88.49408,27.30519],[88.49221,27.2996],[88.4847,27.29934],[88.4816,27.29796],[88.48078,27.29934],[88.47777,27.2999],[88.46813,27.29858],[88.46205,27.29985],[88.46107,27.30106],[88.46223,27.3029],[88.46007,27.30262],[88.46098,27.30386],[88.45923,27.3047],[88.45901,27.30562],[88.45978,27.30677],[88.45907,27.30731],[88.45959,27.30847],[88.46088,27.30939]]]}},{"id":"124","type":"Feature","properties":{"state":"Sikkim","state_code":"11","district":"Gangtok","district_code":"244","sub_district":"Gangtok","sub_district_code":"1553","sub_district_type":"Sub_Division","village":"Gnathang (CT)","village_category":"Partly_Urban","village_code":"261315"},"geometry":{"type":"MultiPolygon","coordinates":[[[[88.82933,27.31691],[88.83137,27.31659],[88.82908,27.31595],[88.82933,27.31691]]],[[[88.82998,27.31822],[88.82941,27.31722],[88.82869,27.31749],[88.82998,27.31822]]],[[[88.82954,27.3146],[88.82616,27.31459],[88.82447,27.31843],[88.82851,27.31716],[88.82954,27.3146]]],[[[88.81929,27.32101],[88.816,27.31431],[88.81541,27.31122],[88.81327,27.31115],[88.81317,27.30923],[88.80957,27.30917],[88.80876,27.30991],[88.80929,27.31463],[88.80625,27.31816],[88.81074,27.3189],[88.81513,27.32376],[88.81929,27.32101]]]]}},{"id":"125","type":"Feature","properties":{"state":"Sikkim","state_code":"11","district":"Gangtok","district_code":"244","sub_district":"Gangtok","sub_district_code":"1553","sub_district_type":"Sub_Division","village":"Forest","village_category":"Others","village_code":null},"geometry":{"type":"Polygon","coordinates":[[[88.78206,27.41495],[88.80741,27.41003],[88.8062,27.4068],[88.80953,27.40497],[88.81258,27.40125],[88.81659,27.40234],[88.81843,27.40146],[88.82096,27.39858],[88.82331,27.39058],[88.83051,27.38997],[88.83139,27.38583],[88.83595,27.3823],[88.83767,27.37916],[88.84575,27.38488],[88.85003,27.38392],[88.85334,27.38479],[88.85663,27.3844],[88.8595,27.38523],[88.86095,27.38654],[88.86216,27.38401],[88.86197,27.38193],[88.86428,27.37865],[88.86305,27.37505],[88.86281,27.36982],[88.86675,27.36581],[88.87462,27.36271],[88.8762,27.36021],[88.88109,27.36041],[88.88165,27.35799],[88.88063,27.35254],[88.88194,27.35098],[88.88537,27.35115],[88.88203,27.34625],[88.88223,27.34476],[88.88402,27.34252],[88.89147,27.33911],[88.89505,27.33218],[88.89962,27.33277],[88.90312,27.33121],[88.90578,27.32859],[88.91265,27.32954],[88.9154,27.33071],[88.9192,27.32797],[88.91926,27.32062],[88.91857,27.31829],[88.91607,27.31602],[88.91367,27.30992],[88.9087,27.30366],[88.87204,27.29953],[88.85845,27.29942],[88.82043,27.29704],[88.81286,27.29764],[88.74612,27.30594],[88.73963,27.30957],[88.73241,27.31497],[88.71768,27.32167],[88.71232,27.32266],[88.6791,27.30619],[88.66561,27.29708],[88.6651,27.29984],[88.66972,27.30399],[88.67079,27.30635],[88.67074,27.30872],[88.66797,27.31168],[88.66109,27.31565],[88.65929,27.31541],[88.65478,27.31265],[88.65096,27.31505],[88.64863,27.31383],[88.64388,27.31448],[88.63809,27.31365],[88.63383,27.31145],[88.63343,27.31057],[88.63416,27.30941],[88.63083,27.3082],[88.63019,27.30906],[88.62707,27.30937],[88.62865,27.31126],[88.62957,27.31693],[88.63093,27.31875],[88.63291,27.31894],[88.63394,27.31993],[88.63509,27.32351],[88.63702,27.32426],[88.6379,27.32553],[88.63394,27.33007],[88.62971,27.33165],[88.63006,27.33326],[88.63337,27.33714],[88.63736,27.33852],[88.63977,27.34119],[88.64741,27.34563],[88.64988,27.34593],[88.65492,27.35012],[88.66045,27.35065],[88.66298,27.34905],[88.66821,27.34951],[88.66717,27.35474],[88.66146,27.3564],[88.66237,27.35685],[88.66222,27.35823],[88.65682,27.35633],[88.65686,27.35816],[88.65872,27.36035],[88.65779,27.36159],[88.65776,27.36519],[88.65659,27.3661],[88.65621,27.36773],[88.65202,27.36795],[88.65135,27.36937],[88.64866,27.37114],[88.64851,27.36861],[88.64738,27.36685],[88.64905,27.36372],[88.64789,27.36176],[88.64786,27.3555],[88.64875,27.35454],[88.64699,27.35344],[88.64458,27.35585],[88.64252,27.35624],[88.64023,27.3549],[88.64004,27.35307],[88.63911,27.35225],[88.63425,27.35378],[88.63762,27.3616],[88.63957,27.36859],[88.6404,27.36919],[88.64017,27.37231],[88.64096,27.37333],[88.63906,27.37418],[88.6388,27.37618],[88.63584,27.37701],[88.63601,27.37847],[88.63806,27.38128],[88.63448,27.38146],[88.63565,27.38309],[88.63765,27.38365],[88.6387,27.38269],[88.64061,27.38337],[88.64308,27.38649],[88.64857,27.38529],[88.65039,27.386],[88.65073,27.38922],[88.6527,27.39012],[88.65281,27.39179],[88.6539,27.39317],[88.65753,27.3895],[88.65953,27.38873],[88.65924,27.39067],[88.65749,27.39304],[88.65718,27.39573],[88.65423,27.39816],[88.65459,27.39912],[88.65359,27.39969],[88.67599,27.39896],[88.68269,27.39698],[88.68987,27.39722],[88.69488,27.40061],[88.70605,27.41101],[88.71206,27.41556],[88.72355,27.41814],[88.74314,27.41341],[88.75519,27.41233],[88.76053,27.41501],[88.76898,27.42152],[88.77334,27.42039],[88.78206,27.41495]],[[88.81072,27.31889],[88.80625,27.31816],[88.80929,27.31463],[88.80851,27.3102],[88.80957,27.30917],[88.81317,27.30923],[88.81327,27.31115],[88.81541,27.31122],[88.816,27.31431],[88.81929,27.32101],[88.81513,27.32376],[88.81072,27.31889]],[[88.82998,27.31822],[88.82869,27.31749],[88.82941,27.31722],[88.82998,27.31822]],[[88.82802,27.31731],[88.82496,27.31828],[88.82447,27.31843],[88.82616,27.31459],[88.82954,27.3146],[88.82802,27.31731]],[[88.83137,27.31659],[88.82933,27.31691],[88.82908,27.31595],[88.83137,27.31659]]]}},{"id":"126","type":"Feature","properties":{"state":"Sikkim","state_code":"11","district":"Gangtok","district_code":"244","sub_district":"Rabdang","sub_district_code":"7222","sub_district_type":"Sub_Division","village":"Forest","village_category":"Others","village_code":null},"geometry":{"type":"Polygon","coordinates":[[[88.56702,27.39091],[88.55539,27.38],[88.54856,27.37116],[88.55301,27.35719],[88.55725,27.35034],[88.554,27.34201],[88.55579,27.34211],[88.55801,27.33996],[88.55839,27.33667],[88.55951,27.336],[88.56128,27.33559],[88.56258,27.33741],[88.56391,27.3376],[88.56405,27.33452],[88.56003,27.33181],[88.55421,27.33327],[88.5531,27.33516],[88.55231,27.33493],[88.54801,27.3304],[88.54712,27.32634],[88.54997,27.32347],[88.5529,27.32366],[88.55263,27.3225],[88.54911,27.32065],[88.55121,27.31736],[88.5535,27.31743],[88.55518,27.31644],[88.55825,27.31709],[88.55899,27.3136],[88.56175,27.31582],[88.56495,27.31706],[88.56448,27.3151],[88.56532,27.31436],[88.56583,27.30897],[88.56423,27.3081],[88.56289,27.30832],[88.55898,27.30583],[88.55977,27.30425],[88.56087,27.30472],[88.56245,27.30358],[88.56728,27.3055],[88.56793,27.30431],[88.56279,27.30269],[88.56284,27.30074],[88.5582,27.29973],[88.55585,27.3042],[88.55332,27.30624],[88.55367,27.30925],[88.55056,27.31085],[88.54722,27.31638],[88.54219,27.31944],[88.53923,27.31748],[88.53677,27.31858],[88.53596,27.32023],[88.5325,27.32113],[88.52668,27.31157],[88.52915,27.30898],[88.52912,27.30781],[88.52548,27.31043],[88.51884,27.31156],[88.51544,27.31327],[88.51386,27.31029],[88.51168,27.31036],[88.50847,27.30747],[88.50493,27.30705],[88.5016,27.29993],[88.50038,27.30175],[88.49697,27.30406],[88.48764,27.30805],[88.47711,27.30728],[88.47789,27.31279],[88.4773,27.31601],[88.4785,27.31957],[88.47729,27.3219],[88.47787,27.3229],[88.47738,27.32362],[88.47915,27.32593],[88.47814,27.32893],[88.48234,27.32985],[88.48332,27.32941],[88.48699,27.33113],[88.49149,27.33205],[88.49532,27.33206],[88.49749,27.33419],[88.5025,27.33602],[88.50704,27.33377],[88.506,27.33093],[88.50575,27.32659],[88.50639,27.32607],[88.50899,27.32584],[88.51045,27.32714],[88.513,27.32604],[88.51511,27.32632],[88.5178,27.32821],[88.52093,27.32846],[88.52266,27.33013],[88.52643,27.34165],[88.52925,27.34553],[88.52986,27.34906],[88.5281,27.36154],[88.52754,27.36329],[88.52659,27.36295],[88.5249,27.36588],[88.52585,27.37078],[88.52497,27.37804],[88.52585,27.38037],[88.52478,27.38197],[88.53264,27.39239],[88.53792,27.39175],[88.53971,27.3928],[88.54246,27.39285],[88.54538,27.39406],[88.5472,27.39621],[88.54966,27.39699],[88.55021,27.39822],[88.552,27.39809],[88.5536,27.40146],[88.55924,27.40266],[88.56041,27.40254],[88.56336,27.39973],[88.56531,27.39975],[88.56589,27.39684],[88.56522,27.39349],[88.56644,27.39304],[88.56616,27.39214],[88.56702,27.39091]]]}},{"id":"127","type":"Feature","properties":{"state":"Sikkim","state_code":"11","district":"Gangtok","district_code":"244","sub_district":"Rabdang","sub_district_code":"7222","sub_district_type":"Sub_Division","village":"Singtam Nagar Panchayat","village_category":"Fully_Urban","village_code":"801422"},"geometry":{"type":"Polygon","coordinates":[[[88.49783,27.25237],[88.49898,27.24863],[88.4904,27.24534],[88.48974,27.25091],[88.48912,27.25102],[88.48912,27.25111],[88.49187,27.25105],[88.4963,27.2527],[88.49783,27.25237]]]}},{"id":"128","type":"Feature","properties":{"state":"Sikkim","state_code":"11","district":"Gangtok","district_code":"244","sub_district":"Rabdang","sub_district_code":"7222","sub_district_type":"Sub_Division","village":"Martam","village_category":"Rural","village_code":"261279"},"geometry":{"type":"Polygon","coordinates":[[[88.5325,27.32113],[88.53596,27.32023],[88.53677,27.31858],[88.53923,27.31748],[88.54219,27.31944],[88.54722,27.31638],[88.55056,27.31085],[88.55367,27.30925],[88.55332,27.30624],[88.55585,27.3042],[88.55733,27.30051],[88.56152,27.29584],[88.56351,27.2954],[88.56362,27.29464],[88.5608,27.29076],[88.55751,27.28853],[88.5603,27.28683],[88.56357,27.28268],[88.55497,27.28148],[88.55242,27.27848],[88.54893,27.27838],[88.54218,27.27299],[88.53926,27.27176],[88.53857,27.27052],[88.5393,27.26976],[88.53823,27.26916],[88.53661,27.27063],[88.5349,27.27],[88.53093,27.27146],[88.53094,27.27929],[88.52852,27.28261],[88.52848,27.28732],[88.52637,27.28873],[88.52961,27.29165],[88.5304,27.29567],[88.53433,27.29749],[88.5326,27.3033],[88.52977,27.30607],[88.52915,27.30898],[88.52668,27.31154],[88.53118,27.31991],[88.5325,27.32113]]]}},{"id":"129","type":"Feature","properties":{"state":"Sikkim","state_code":"11","district":"Gangtok","district_code":"244","sub_district":"Rabdang","sub_district_code":"7222","sub_district_type":"Sub_Division","village":"Singtam Forest Block","village_category":"Rural","village_code":"261326"},"geometry":{"type":"Polygon","coordinates":[[[88.49452,27.26465],[88.49648,27.2637],[88.49644,27.26055],[88.49503,27.25865],[88.4956,27.2574],[88.49293,27.25557],[88.49264,27.25126],[88.48973,27.25114],[88.48727,27.25665],[88.48617,27.26143],[88.49244,27.2646],[88.49452,27.26465]]]}},{"id":"130","type":"Feature","properties":{"state":"Sikkim","state_code":"11","district":"Gangtok","district_code":"244","sub_district":"Gangtok","sub_district_code":"1553","sub_district_type":"Sub_Division","village":"Pangthang Forest Block","village_category":"Rural","village_code":"261320"},"geometry":{"type":"Polygon","coordinates":[[[88.59334,27.39655],[88.6004,27.39641],[88.60035,27.39272],[88.60192,27.38942],[88.61192,27.38779],[88.61278,27.38847],[88.6205,27.38753],[88.62018,27.38629],[88.61658,27.38271],[88.61954,27.3797],[88.61984,27.37838],[88.61879,27.37971],[88.61587,27.38051],[88.61135,27.38078],[88.60878,27.37889],[88.60551,27.38067],[88.6022,27.37508],[88.60116,27.37575],[88.59802,27.37397],[88.59458,27.37415],[88.59366,27.37231],[88.59022,27.37232],[88.58749,27.36472],[88.58698,27.35882],[88.58529,27.35643],[88.58551,27.35509],[88.57836,27.35645],[88.57744,27.35484],[88.57574,27.35399],[88.57248,27.35337],[88.57053,27.35402],[88.56881,27.35261],[88.56543,27.35688],[88.564,27.35701],[88.56062,27.35475],[88.55975,27.35303],[88.5578,27.35252],[88.55725,27.35034],[88.55301,27.35719],[88.54856,27.37116],[88.55539,27.38],[88.56702,27.39091],[88.57119,27.38808],[88.57669,27.3886],[88.57765,27.38889],[88.5788,27.39105],[88.58051,27.39126],[88.58415,27.39351],[88.58742,27.39379],[88.59033,27.39571],[88.59334,27.39655]]]}},{"id":"131","type":"Feature","properties":{"state":"Sikkim","state_code":"11","district":"Mangan","district_code":"241","sub_district":"Dzongu","sub_district_code":"6321","sub_district_type":"Sub_Division","village":"Gor Taryang","village_category":"Rural","village_code":"260948"},"geometry":{"type":"Polygon","coordinates":[[[88.55605,27.48365],[88.5534,27.48219],[88.55291,27.4797],[88.55353,27.47625],[88.55073,27.46835],[88.54897,27.46578],[88.54852,27.45866],[88.54522,27.45231],[88.53494,27.45419],[88.53566,27.45659],[88.53452,27.45771],[88.5327,27.45768],[88.52999,27.46045],[88.52685,27.46155],[88.52157,27.4616],[88.51966,27.46372],[88.51971,27.46514],[88.51495,27.46434],[88.5122,27.46595],[88.51981,27.468],[88.52251,27.46799],[88.52523,27.47125],[88.5252,27.47837],[88.52241,27.47884],[88.5211,27.48088],[88.51648,27.48427],[88.51885,27.48806],[88.52166,27.48903],[88.52221,27.49009],[88.52616,27.48546],[88.53159,27.48676],[88.53747,27.48497],[88.54047,27.48664],[88.54461,27.48737],[88.54554,27.48712],[88.5459,27.4855],[88.54683,27.48492],[88.5535,27.48651],[88.55605,27.48365]]]}},{"id":"132","type":"Feature","properties":{"state":"Sikkim","state_code":"11","district":"Mangan","district_code":"241","sub_district":"Dzongu","sub_district_code":"6321","sub_district_type":"Sub_Division","village":"Sangtok Sagyong","village_category":"Rural","village_code":"260947"},"geometry":{"type":"Polygon","coordinates":[[[88.5122,27.46595],[88.51495,27.46434],[88.51971,27.46514],[88.51966,27.46372],[88.52157,27.4616],[88.52685,27.46155],[88.52999,27.46045],[88.5327,27.45768],[88.53452,27.45771],[88.53566,27.45659],[88.53494,27.45419],[88.54522,27.45231],[88.54575,27.44872],[88.54468,27.44409],[88.5454,27.44054],[88.54469,27.43853],[88.54517,27.432],[88.54334,27.43123],[88.53842,27.42471],[88.53254,27.42273],[88.52501,27.43917],[88.52389,27.44001],[88.52178,27.43892],[88.51664,27.43964],[88.51638,27.44238],[88.50779,27.44584],[88.50839,27.44881],[88.51098,27.44852],[88.50873,27.45243],[88.50651,27.454],[88.5081,27.46619],[88.5122,27.46595]]]}},{"id":"133","type":"Feature","properties":{"state":"Sikkim","state_code":"11","district":"Mangan","district_code":"241","sub_district":"Dzongu","sub_district_code":"6321","sub_district_type":"Sub_Division","village":"Lum","village_category":"Rural","village_code":"260946"},"geometry":{"type":"Polygon","coordinates":[[[88.50839,27.44881],[88.50779,27.44584],[88.51638,27.44238],[88.51664,27.43964],[88.52178,27.43892],[88.52397,27.44],[88.52535,27.43884],[88.53254,27.42273],[88.52004,27.4203],[88.51474,27.41725],[88.50994,27.41143],[88.50544,27.42033],[88.50016,27.42146],[88.49952,27.42271],[88.4938,27.42483],[88.491,27.4274],[88.48162,27.42859],[88.48045,27.43014],[88.47456,27.43344],[88.47241,27.43587],[88.46799,27.43771],[88.46538,27.44167],[88.46442,27.44976],[88.4652,27.45181],[88.46725,27.4525],[88.46782,27.45574],[88.46927,27.45599],[88.47205,27.4556],[88.47408,27.45085],[88.47626,27.45147],[88.49023,27.45035],[88.49545,27.44629],[88.50541,27.44749],[88.50839,27.44881]]]}},{"id":"134","type":"Feature","properties":{"state":"Sikkim","state_code":"11","district":"Mangan","district_code":"241","sub_district":"Chungthang","sub_district_code":"1547","sub_district_type":"Sub_Division","village":"Chungthang","village_category":"Rural","village_code":"260927"},"geometry":{"type":"Polygon","coordinates":[[[88.71646,27.6662],[88.71977,27.6628],[88.70808,27.65701],[88.70984,27.65186],[88.70368,27.64621],[88.70384,27.6426],[88.70483,27.64192],[88.7071,27.64237],[88.70747,27.64122],[88.7154,27.64268],[88.72165,27.63784],[88.72209,27.63601],[88.71228,27.62926],[88.7169,27.62765],[88.717,27.62572],[88.7213,27.61936],[88.72184,27.60793],[88.72752,27.60284],[88.72767,27.59784],[88.73129,27.59248],[88.72474,27.58989],[88.72317,27.59386],[88.72143,27.59508],[88.71971,27.59555],[88.71761,27.59482],[88.71126,27.59584],[88.70446,27.59931],[88.69993,27.60733],[88.69979,27.61446],[88.6971,27.61852],[88.69459,27.62706],[88.69095,27.63329],[88.68986,27.63619],[88.69099,27.63684],[88.68682,27.63914],[88.68591,27.64083],[88.68121,27.64244],[88.67625,27.64178],[88.66601,27.64757],[88.66286,27.6497],[88.66155,27.65309],[88.65764,27.65651],[88.65613,27.65955],[88.64441,27.66751],[88.64722,27.66946],[88.64746,27.67087],[88.65149,27.67032],[88.652,27.66924],[88.65357,27.66909],[88.65828,27.66582],[88.66083,27.66149],[88.66755,27.65819],[88.66713,27.65506],[88.67231,27.65127],[88.67628,27.65237],[88.67981,27.65233],[88.69043,27.65579],[88.69114,27.66111],[88.69019,27.67087],[88.70405,27.67644],[88.7053,27.67351],[88.70442,27.66873],[88.70536,27.66672],[88.70648,27.6663],[88.7109,27.66989],[88.71468,27.67083],[88.71646,27.6662]]]}},{"id":"135","type":"Feature","properties":{"state":"Sikkim","state_code":"11","district":"Mangan","district_code":"241","sub_district":"Chungthang","sub_district_code":"1547","sub_district_type":"Sub_Division","village":"Shipyer","village_category":"Rural","village_code":"260928"},"geometry":{"type":"Polygon","coordinates":[[[88.70064,27.60589],[88.70446,27.59931],[88.7056,27.59852],[88.71126,27.59584],[88.7174,27.59446],[88.7137,27.59092],[88.70971,27.59152],[88.70584,27.5911],[88.70325,27.58764],[88.68642,27.58509],[88.67776,27.5815],[88.67097,27.5776],[88.66715,27.57443],[88.66353,27.57526],[88.66009,27.57418],[88.65034,27.5671],[88.64715,27.56601],[88.64231,27.5672],[88.64467,27.57284],[88.64415,27.57795],[88.64624,27.59193],[88.65154,27.59415],[88.65602,27.59501],[88.66448,27.59466],[88.68013,27.60053],[88.67961,27.60597],[88.68317,27.61177],[88.69043,27.60978],[88.69415,27.60968],[88.69835,27.60597],[88.70064,27.60589]]]}},{"id":"136","type":"Feature","properties":{"state":"Sikkim","state_code":"11","district":"Mangan","district_code":"241","sub_district":"Chungthang","sub_district_code":"1547","sub_district_type":"Sub_Division","village":"Toong","village_category":"Rural","village_code":"260929"},"geometry":{"type":"Polygon","coordinates":[[[88.72465,27.58989],[88.72112,27.58926],[88.72029,27.58742],[88.71689,27.58502],[88.71594,27.58307],[88.70943,27.58232],[88.70777,27.57925],[88.70383,27.57624],[88.69921,27.5767],[88.69577,27.58],[88.69396,27.58382],[88.69396,27.58601],[88.69641,27.58699],[88.70326,27.58765],[88.70446,27.59],[88.70613,27.59122],[88.71443,27.59116],[88.71746,27.59494],[88.7196,27.59554],[88.72317,27.59386],[88.72465,27.58989]]]}},{"id":"137","type":"Feature","properties":{"state":"Sikkim","state_code":"11","district":"Mangan","district_code":"241","sub_district":"Chungthang","sub_district_code":"1547","sub_district_type":"Sub_Division","village":"Naganamgor","village_category":"Rural","village_code":"260934"},"geometry":{"type":"Polygon","coordinates":[[[88.69921,27.5767],[88.69908,27.57359],[88.69555,27.57444],[88.69509,27.57401],[88.69602,27.57305],[88.69482,27.57113],[88.69149,27.5715],[88.69171,27.56844],[88.68158,27.56877],[88.68152,27.56587],[88.68241,27.5655],[88.68255,27.56355],[88.67982,27.55678],[88.67747,27.55844],[88.6742,27.56579],[88.66803,27.57063],[88.66715,27.57443],[88.67097,27.5776],[88.67808,27.58167],[88.68642,27.58509],[88.69396,27.58601],[88.69452,27.58215],[88.69921,27.5767]]]}},{"id":"138","type":"Feature","properties":{"state":"Sikkim","state_code":"11","district":"Mangan","district_code":"241","sub_district":"Dzongu","sub_district_code":"6321","sub_district_type":"Sub_Division","village":"Barfok","village_category":"Rural","village_code":"260951"},"geometry":{"type":"Polygon","coordinates":[[[88.54599,27.56213],[88.559,27.55875],[88.56103,27.55902],[88.56411,27.55684],[88.57321,27.55659],[88.57793,27.55341],[88.57933,27.5486],[88.5838,27.54499],[88.581,27.54168],[88.57957,27.53704],[88.57809,27.53884],[88.57636,27.53945],[88.56375,27.5383],[88.55832,27.53895],[88.55226,27.54165],[88.53491,27.54344],[88.52422,27.54759],[88.51963,27.54779],[88.52718,27.55769],[88.5374,27.55903],[88.54599,27.56213]]]}},{"id":"139","type":"Feature","properties":{"state":"Sikkim","state_code":"11","district":"Mangan","district_code":"241","sub_district":"Dzongu","sub_district_code":"6321","sub_district_type":"Sub_Division","village":"Goan samdong","village_category":"Rural","village_code":"260949"},"geometry":{"type":"Polygon","coordinates":[[[88.56399,27.5018],[88.56192,27.49714],[88.56076,27.49131],[88.55664,27.4838],[88.55315,27.48659],[88.54669,27.48494],[88.54554,27.48712],[88.54461,27.48737],[88.54047,27.48664],[88.53747,27.48497],[88.53159,27.48676],[88.52616,27.48546],[88.52221,27.49009],[88.52286,27.49136],[88.52496,27.49031],[88.52598,27.49366],[88.52887,27.49664],[88.53237,27.49847],[88.53351,27.50072],[88.53329,27.50208],[88.52959,27.50238],[88.52768,27.50388],[88.5275,27.50721],[88.52563,27.50974],[88.5262,27.51235],[88.5279,27.51167],[88.52977,27.50899],[88.53277,27.5082],[88.53765,27.50914],[88.53977,27.50666],[88.54286,27.50571],[88.54413,27.50425],[88.54839,27.50539],[88.5534,27.50398],[88.55949,27.50344],[88.56399,27.5018]]]}},{"id":"140","type":"Feature","properties":{"state":"Sikkim","state_code":"11","district":"Mangan","district_code":"241","sub_district":"Dzongu","sub_district_code":"6321","sub_district_type":"Sub_Division","village":"Hee Gyathang","village_category":"Rural","village_code":"260950"},"geometry":{"type":"Polygon","coordinates":[[[88.57957,27.53704],[88.5795,27.52892],[88.58095,27.52585],[88.57932,27.52104],[88.576,27.51635],[88.57276,27.51357],[88.56917,27.50741],[88.56399,27.5018],[88.55949,27.50344],[88.5534,27.50398],[88.54839,27.50539],[88.54413,27.50425],[88.54286,27.50571],[88.53977,27.50666],[88.53765,27.50914],[88.53277,27.5082],[88.52964,27.50905],[88.5279,27.51167],[88.5262,27.51235],[88.52401,27.51766],[88.52502,27.52119],[88.52835,27.523],[88.5232,27.52392],[88.52026,27.53206],[88.51559,27.53561],[88.50723,27.53514],[88.50439,27.53863],[88.50642,27.54022],[88.50987,27.54114],[88.51788,27.54523],[88.51963,27.54779],[88.52312,27.54773],[88.53491,27.54344],[88.55226,27.54165],[88.55832,27.53895],[88.56375,27.5383],[88.57636,27.53945],[88.57809,27.53884],[88.57957,27.53704]]]}},{"id":"141","type":"Feature","properties":{"state":"Sikkim","state_code":"11","district":"Mangan","district_code":"241","sub_district":"Dzongu","sub_district_code":"6321","sub_district_type":"Sub_Division","village":"Lingdong","village_category":"Rural","village_code":"260952"},"geometry":{"type":"Polygon","coordinates":[[[88.55622,27.56524],[88.56344,27.56513],[88.56701,27.56812],[88.57516,27.56985],[88.57606,27.56909],[88.57936,27.57028],[88.5813,27.56929],[88.58506,27.56916],[88.58773,27.56754],[88.59325,27.56599],[88.59435,27.56344],[88.59071,27.55931],[88.59014,27.55572],[88.58717,27.55086],[88.58741,27.54812],[88.5838,27.54499],[88.57933,27.5486],[88.57793,27.55341],[88.57321,27.55659],[88.56411,27.55684],[88.56103,27.55902],[88.559,27.55875],[88.55659,27.55967],[88.55497,27.56255],[88.55622,27.56524]]]}},{"id":"142","type":"Feature","properties":{"state":"Sikkim","state_code":"11","district":"Mangan","district_code":"241","sub_district":"Kabi","sub_district_code":"6320","sub_district_type":"Sub_Division","village":"Tingchim","village_category":"Rural","village_code":"260957"},"geometry":{"type":"Polygon","coordinates":[[[88.583,27.51884],[88.58852,27.51416],[88.59699,27.51048],[88.5962,27.50623],[88.59624,27.49632],[88.5905,27.48897],[88.59143,27.48648],[88.58983,27.48642],[88.58603,27.48839],[88.58362,27.48735],[88.58005,27.48765],[88.57967,27.48884],[88.57871,27.48876],[88.58043,27.48943],[88.57866,27.49048],[88.57881,27.49198],[88.57586,27.4935],[88.57566,27.49279],[88.57399,27.49352],[88.57229,27.49483],[88.5732,27.49627],[88.57093,27.49602],[88.56959,27.49842],[88.56893,27.49756],[88.56583,27.50082],[88.56392,27.50158],[88.56917,27.50741],[88.57276,27.51357],[88.576,27.51635],[88.57832,27.51971],[88.583,27.51884]]]}},{"id":"143","type":"Feature","properties":{"state":"Sikkim","state_code":"11","district":"Mangan","district_code":"241","sub_district":"Kabi","sub_district_code":"6320","sub_district_type":"Sub_Division","village":"Upper Mangshila","village_category":"Rural","village_code":"260958"},"geometry":{"type":"Polygon","coordinates":[[[88.59143,27.48648],[88.59228,27.48378],[88.58454,27.47098],[88.5763,27.47378],[88.57591,27.47925],[88.57461,27.4808],[88.57121,27.48311],[88.56859,27.48664],[88.56311,27.48765],[88.56204,27.48911],[88.56001,27.48987],[88.56392,27.50158],[88.56583,27.50082],[88.56893,27.49756],[88.56959,27.49842],[88.57093,27.49602],[88.5732,27.49627],[88.57229,27.49483],[88.57399,27.49352],[88.57566,27.49279],[88.57586,27.4935],[88.57881,27.49198],[88.57866,27.49048],[88.58043,27.48943],[88.57952,27.4896],[88.57871,27.48876],[88.57967,27.48884],[88.58005,27.48765],[88.58362,27.48735],[88.58603,27.48839],[88.58983,27.48642],[88.59143,27.48648]]]}},{"id":"144","type":"Feature","properties":{"state":"Sikkim","state_code":"11","district":"Mangan","district_code":"241","sub_district":"Kabi","sub_district_code":"6320","sub_district_type":"Sub_Division","village":"Lower Mangshila","village_category":"Rural","village_code":"260959"},"geometry":{"type":"Polygon","coordinates":[[[88.56001,27.48987],[88.56204,27.48911],[88.56311,27.48765],[88.56859,27.48664],[88.57121,27.48311],[88.57591,27.47925],[88.5763,27.47378],[88.57471,27.47364],[88.56568,27.4764],[88.56317,27.47609],[88.56342,27.47422],[88.56526,27.47383],[88.56495,27.47228],[88.56298,27.47161],[88.56333,27.46936],[88.56627,27.4691],[88.56583,27.46773],[88.56637,27.46727],[88.56506,27.46666],[88.55668,27.46713],[88.55095,27.46895],[88.55353,27.47625],[88.55291,27.4797],[88.5534,27.48219],[88.55701,27.48413],[88.56001,27.48987]]]}},{"id":"145","type":"Feature","properties":{"state":"Sikkim","state_code":"11","district":"Mangan","district_code":"241","sub_district":"Kabi","sub_district_code":"6320","sub_district_type":"Sub_Division","village":"Namok","village_category":"Rural","village_code":"260960"},"geometry":{"type":"Polygon","coordinates":[[[88.5763,27.47378],[88.58454,27.47098],[88.58588,27.46533],[88.58315,27.45457],[88.58023,27.45168],[88.57564,27.4524],[88.57071,27.45662],[88.57248,27.45951],[88.56675,27.46154],[88.56679,27.46299],[88.5644,27.46462],[88.56531,27.46532],[88.56506,27.46666],[88.56637,27.46727],[88.56583,27.46773],[88.56627,27.4691],[88.56348,27.46911],[88.56318,27.46973],[88.56298,27.47161],[88.56495,27.47228],[88.56525,27.4737],[88.56342,27.47422],[88.56353,27.47635],[88.5763,27.47378]]]}},{"id":"146","type":"Feature","properties":{"state":"Sikkim","state_code":"11","district":"Mangan","district_code":"241","sub_district":"Kabi","sub_district_code":"6320","sub_district_type":"Sub_Division","village":"Swayam","village_category":"Rural","village_code":"260961"},"geometry":{"type":"Polygon","coordinates":[[[88.58023,27.45168],[88.57191,27.4426],[88.56549,27.44456],[88.56391,27.44426],[88.55978,27.44907],[88.55667,27.45007],[88.55652,27.4547],[88.55769,27.45436],[88.55678,27.45711],[88.55393,27.45835],[88.5518,27.46072],[88.54895,27.46137],[88.54928,27.46656],[88.55095,27.46895],[88.55668,27.46713],[88.56506,27.46666],[88.56531,27.46532],[88.56444,27.46446],[88.56679,27.46299],[88.56675,27.46154],[88.57248,27.45951],[88.57071,27.45662],[88.57564,27.4524],[88.58023,27.45168]]]}},{"id":"147","type":"Feature","properties":{"state":"Sikkim","state_code":"11","district":"Mangan","district_code":"241","sub_district":"Kabi","sub_district_code":"6320","sub_district_type":"Sub_Division","village":"Tanek","village_category":"Rural","village_code":"260962"},"geometry":{"type":"Polygon","coordinates":[[[88.55457,27.45802],[88.55646,27.45737],[88.5575,27.45602],[88.55769,27.45436],[88.55651,27.45467],[88.55683,27.44984],[88.55978,27.44907],[88.56391,27.44426],[88.56549,27.44456],[88.57191,27.4426],[88.57059,27.43523],[88.56309,27.42888],[88.55958,27.42918],[88.55716,27.43067],[88.54985,27.43258],[88.54517,27.432],[88.54469,27.43853],[88.5454,27.44054],[88.54468,27.44409],[88.54574,27.44778],[88.54514,27.45204],[88.54562,27.45362],[88.54852,27.45866],[88.54895,27.46137],[88.5518,27.46072],[88.55457,27.45802]]]}},{"id":"148","type":"Feature","properties":{"state":"Sikkim","state_code":"11","district":"Mangan","district_code":"241","sub_district":"Kabi","sub_district_code":"6320","sub_district_type":"Sub_Division","village":"Ramthang","village_category":"Rural","village_code":"260963"},"geometry":{"type":"Polygon","coordinates":[[[88.59219,27.44932],[88.591,27.44558],[88.59084,27.43906],[88.58919,27.43631],[88.59144,27.43151],[88.58997,27.42584],[88.59172,27.41583],[88.58724,27.41733],[88.58023,27.41762],[88.57607,27.41925],[88.56511,27.4265],[88.56309,27.42888],[88.57059,27.43523],[88.57191,27.4426],[88.57556,27.44671],[88.57997,27.4472],[88.58506,27.44966],[88.59016,27.45026],[88.59219,27.44932]]]}},{"id":"149","type":"Feature","properties":{"state":"Sikkim","state_code":"11","district":"Mangan","district_code":"241","sub_district":"Kabi","sub_district_code":"6320","sub_district_type":"Sub_Division","village":"Rongong","village_category":"Rural","village_code":"260964"},"geometry":{"type":"Polygon","coordinates":[[[88.60263,27.44018],[88.60337,27.43699],[88.60194,27.43547],[88.60292,27.43005],[88.60634,27.42591],[88.60924,27.41704],[88.60149,27.41638],[88.5972,27.41745],[88.59172,27.41583],[88.58997,27.42584],[88.59144,27.43151],[88.58919,27.43631],[88.59084,27.43906],[88.591,27.44558],[88.59219,27.44932],[88.5955,27.45035],[88.59823,27.44813],[88.59955,27.44086],[88.60263,27.44018]]]}},{"id":"150","type":"Feature","properties":{"state":"Sikkim","state_code":"11","district":"Mangan","district_code":"241","sub_district":"Kabi","sub_district_code":"6320","sub_district_type":"Sub_Division","village":"Tumlong","village_category":"Rural","village_code":"260965"},"geometry":{"type":"Polygon","coordinates":[[[88.6141,27.4389],[88.60632,27.43983],[88.6005,27.44323],[88.59844,27.45205],[88.60115,27.46123],[88.60854,27.46068],[88.61084,27.46153],[88.61413,27.45153],[88.62009,27.44929],[88.62378,27.44682],[88.62792,27.44581],[88.62895,27.44338],[88.63184,27.44146],[88.63053,27.43538],[88.62812,27.43451],[88.62589,27.43488],[88.62381,27.43742],[88.62136,27.43847],[88.61528,27.43775],[88.6141,27.4389]]]}},{"id":"151","type":"Feature","properties":{"state":"Sikkim","state_code":"11","district":"Mangan","district_code":"241","sub_district":"Kabi","sub_district_code":"6320","sub_district_type":"Sub_Division","village":"Phodong","village_category":"Rural","village_code":"260966"},"geometry":{"type":"Polygon","coordinates":[[[88.6036,27.44084],[88.6141,27.4389],[88.61528,27.43775],[88.62136,27.43847],[88.62346,27.43768],[88.62667,27.43455],[88.63053,27.43538],[88.63049,27.4293],[88.6238,27.42191],[88.62151,27.42196],[88.61505,27.41917],[88.6124,27.41923],[88.60924,27.41704],[88.60634,27.42591],[88.60292,27.43005],[88.60196,27.43566],[88.60337,27.43699],[88.60263,27.44018],[88.6036,27.44084]]]}},{"id":"152","type":"Feature","properties":{"state":"Sikkim","state_code":"11","district":"Mangan","district_code":"241","sub_district":"Dzongu","sub_district_code":"6321","sub_district_type":"Sub_Division","village":"Salimpakyel","village_category":"Rural","village_code":"260940"},"geometry":{"type":"Polygon","coordinates":[[[88.64763,27.59752],[88.6447,27.58442],[88.64415,27.57795],[88.64467,27.57284],[88.64231,27.5672],[88.63845,27.56839],[88.62943,27.57361],[88.62707,27.5768],[88.62102,27.5751],[88.61337,27.57668],[88.59984,27.57143],[88.59951,27.57297],[88.59681,27.57542],[88.59276,27.58185],[88.58986,27.58338],[88.58684,27.58912],[88.58529,27.59009],[88.58834,27.59167],[88.58835,27.59283],[88.59168,27.59618],[88.60128,27.60018],[88.6025,27.6078],[88.60167,27.61177],[88.60196,27.61864],[88.60522,27.62764],[88.60562,27.63485],[88.61076,27.63784],[88.6197,27.63499],[88.62493,27.63426],[88.62729,27.62825],[88.62999,27.62469],[88.62909,27.62271],[88.62635,27.62053],[88.62635,27.61552],[88.63051,27.61399],[88.6331,27.60842],[88.63563,27.60732],[88.63437,27.60399],[88.6337,27.59678],[88.64108,27.59604],[88.64413,27.59826],[88.64763,27.59752]]]}},{"id":"153","type":"Feature","properties":{"state":"Sikkim","state_code":"11","district":"Mangan","district_code":"241","sub_district":"Dzongu","sub_district_code":"6321","sub_district_type":"Sub_Division","village":"Lingthem","village_category":"Rural","village_code":"260941"},"geometry":{"type":"Polygon","coordinates":[[[88.58529,27.59009],[88.58684,27.58912],[88.58986,27.58338],[88.59276,27.58185],[88.59681,27.57542],[88.59984,27.57236],[88.59889,27.56895],[88.59435,27.56344],[88.59325,27.56599],[88.58773,27.56754],[88.58506,27.56916],[88.5813,27.56929],[88.57936,27.57028],[88.57606,27.56909],[88.57516,27.56985],[88.56701,27.56812],[88.56344,27.56513],[88.55622,27.56524],[88.55758,27.57046],[88.55634,27.57828],[88.55873,27.58645],[88.56233,27.58828],[88.56457,27.59102],[88.56696,27.59716],[88.56924,27.59977],[88.57087,27.59914],[88.57384,27.59948],[88.57973,27.59682],[88.58453,27.5936],[88.58529,27.59009]]]}},{"id":"154","type":"Feature","properties":{"state":"Sikkim","state_code":"11","district":"Mangan","district_code":"241","sub_district":"Dzongu","sub_district_code":"6321","sub_district_type":"Sub_Division","village":"Lingdem","village_category":"Rural","village_code":"260942"},"geometry":{"type":"Polygon","coordinates":[[[88.55202,27.62835],[88.55345,27.62673],[88.55354,27.6223],[88.556,27.61833],[88.55885,27.60693],[88.5635,27.60322],[88.56693,27.60305],[88.56972,27.60125],[88.56678,27.5968],[88.56491,27.59146],[88.56233,27.58828],[88.5588,27.5866],[88.55627,27.57762],[88.54602,27.58407],[88.54677,27.58866],[88.54504,27.58965],[88.54076,27.59662],[88.53794,27.59661],[88.53522,27.59845],[88.5344,27.60109],[88.53498,27.60359],[88.53012,27.61107],[88.53023,27.61305],[88.5331,27.61751],[88.53436,27.618],[88.53004,27.62416],[88.53203,27.63281],[88.53054,27.63369],[88.53058,27.63451],[88.53229,27.63843],[88.53243,27.64147],[88.5354,27.64535],[88.54285,27.64237],[88.54611,27.63997],[88.55154,27.63322],[88.55202,27.62835]]]}},{"id":"155","type":"Feature","properties":{"state":"Sikkim","state_code":"11","district":"Mangan","district_code":"241","sub_district":"Dzongu","sub_district_code":"6321","sub_district_type":"Sub_Division","village":"Tingbong","village_category":"Rural","village_code":"260943"},"geometry":{"type":"Polygon","coordinates":[[[88.6003,27.61684],[88.6025,27.6078],[88.6012,27.60005],[88.59306,27.59705],[88.58835,27.59283],[88.58834,27.59167],[88.58529,27.59009],[88.58453,27.5936],[88.57973,27.59682],[88.57384,27.59948],[88.56989,27.59931],[88.56902,27.60016],[88.56947,27.60184],[88.56693,27.60305],[88.5635,27.60322],[88.55885,27.60693],[88.556,27.61833],[88.55354,27.6223],[88.55345,27.62673],[88.55202,27.62835],[88.55443,27.62938],[88.55527,27.63098],[88.5573,27.63122],[88.55872,27.63664],[88.56297,27.64221],[88.56497,27.64349],[88.56526,27.64509],[88.56663,27.64587],[88.57305,27.63647],[88.57649,27.63492],[88.57616,27.63248],[88.57786,27.6277],[88.57994,27.62455],[88.58413,27.62428],[88.58689,27.62954],[88.59312,27.62716],[88.6003,27.61684]]]}},{"id":"156","type":"Feature","properties":{"state":"Sikkim","state_code":"11","district":"Mangan","district_code":"241","sub_district":"Dzongu","sub_district_code":"6321","sub_district_type":"Sub_Division","village":"Lingzya","village_category":"Rural","village_code":"260944"},"geometry":{"type":"Polygon","coordinates":[[[88.5698,27.6469],[88.56526,27.64509],[88.56497,27.64349],[88.56297,27.64221],[88.55872,27.63664],[88.5573,27.63122],[88.55527,27.63098],[88.55443,27.62938],[88.55202,27.62835],[88.55154,27.63322],[88.54611,27.63997],[88.54285,27.64237],[88.5354,27.64535],[88.53433,27.64946],[88.53596,27.65242],[88.53667,27.65649],[88.54006,27.65953],[88.53637,27.66146],[88.53532,27.66649],[88.53774,27.6712],[88.54135,27.6759],[88.54726,27.68124],[88.54885,27.68091],[88.54968,27.68338],[88.552,27.68542],[88.56605,27.6947],[88.57556,27.70545],[88.57848,27.70896],[88.58277,27.7229],[88.58583,27.72825],[88.58823,27.72916],[88.59272,27.72656],[88.59058,27.71016],[88.57875,27.68809],[88.56624,27.6803],[88.56105,27.66923],[88.54982,27.65422],[88.56069,27.65181],[88.57158,27.65137],[88.57271,27.65005],[88.57056,27.64847],[88.5698,27.6469]]]}},{"id":"157","type":"Feature","properties":{"state":"Sikkim","state_code":"11","district":"Mangan","district_code":"241","sub_district":"Dzongu","sub_district_code":"6321","sub_district_type":"Sub_Division","village":"Pentong","village_category":"Rural","village_code":"260945"},"geometry":{"type":"Polygon","coordinates":[[[88.53532,27.66649],[88.53637,27.66146],[88.54006,27.65953],[88.53667,27.65649],[88.53596,27.65242],[88.53433,27.64946],[88.5354,27.64535],[88.53238,27.64135],[88.53229,27.63843],[88.53054,27.63369],[88.5275,27.63478],[88.52415,27.63772],[88.52584,27.6425],[88.51786,27.64368],[88.51613,27.64205],[88.50704,27.6481],[88.50248,27.64729],[88.50455,27.65526],[88.49724,27.65689],[88.49364,27.65999],[88.49479,27.66911],[88.49684,27.67683],[88.48406,27.68002],[88.48612,27.68841],[88.51841,27.6807],[88.52288,27.67787],[88.52209,27.66997],[88.52846,27.66805],[88.53131,27.66536],[88.53532,27.66649]]]}},{"id":"158","type":"Feature","properties":{"state":"Sikkim","state_code":"11","district":"Mangan","district_code":"241","sub_district":"Kabi","sub_district_code":"6320","sub_district_type":"Sub_Division","village":"Chawang","village_category":"Rural","village_code":"260967"},"geometry":{"type":"Polygon","coordinates":[[[88.63398,27.46438],[88.63608,27.46144],[88.63681,27.45883],[88.63811,27.45807],[88.63813,27.45623],[88.64017,27.45241],[88.63658,27.4489],[88.63577,27.44616],[88.63375,27.4451],[88.63184,27.44146],[88.62895,27.44338],[88.62792,27.44581],[88.62378,27.44682],[88.62009,27.44929],[88.61413,27.45153],[88.61022,27.46333],[88.61403,27.46843],[88.61729,27.46987],[88.62013,27.46929],[88.62337,27.47181],[88.63233,27.46999],[88.63398,27.46438]]]}},{"id":"159","type":"Feature","properties":{"state":"Sikkim","state_code":"11","district":"Mangan","district_code":"241","sub_district":"Kabi","sub_district_code":"6320","sub_district_type":"Sub_Division","village":"Phamtam","village_category":"Rural","village_code":"260968"},"geometry":{"type":"Polygon","coordinates":[[[88.64017,27.45241],[88.63813,27.45623],[88.63811,27.45807],[88.63681,27.45883],[88.63608,27.46144],[88.63397,27.46442],[88.63383,27.46799],[88.63544,27.47015],[88.63691,27.47586],[88.63839,27.47596],[88.64092,27.47408],[88.64643,27.46758],[88.6453,27.45742],[88.6444,27.45549],[88.64017,27.45241]]]}},{"id":"160","type":"Feature","properties":{"state":"Sikkim","state_code":"11","district":"Mangan","district_code":"241","sub_district":"Kabi","sub_district_code":"6320","sub_district_type":"Sub_Division","village":"Men Rongong","village_category":"Rural","village_code":"260969"},"geometry":{"type":"Polygon","coordinates":[[[88.65102,27.44688],[88.64009,27.45231],[88.6444,27.45549],[88.6453,27.45742],[88.64643,27.46758],[88.64384,27.47126],[88.63844,27.47606],[88.64122,27.4781],[88.64587,27.47711],[88.65016,27.47718],[88.65564,27.47376],[88.66094,27.47507],[88.66293,27.47405],[88.66621,27.47094],[88.66539,27.46523],[88.66737,27.45684],[88.66558,27.45686],[88.66304,27.45394],[88.66115,27.44934],[88.65799,27.44994],[88.65309,27.44845],[88.65187,27.4458],[88.65102,27.44688]]]}},{"id":"161","type":"Feature","properties":{"state":"Sikkim","state_code":"11","district":"Mangan","district_code":"241","sub_district":"Kabi","sub_district_code":"6320","sub_district_type":"Sub_Division","village":"Pani Phensong","village_category":"Rural","village_code":"260970"},"geometry":{"type":"Polygon","coordinates":[[[88.63969,27.45211],[88.64296,27.45119],[88.64539,27.4492],[88.65172,27.44617],[88.65079,27.44433],[88.65064,27.44003],[88.65203,27.4359],[88.65355,27.43415],[88.65302,27.43099],[88.64202,27.42894],[88.63731,27.42895],[88.63444,27.42775],[88.63153,27.42957],[88.63049,27.4293],[88.63012,27.43016],[88.63119,27.44012],[88.63375,27.4451],[88.63577,27.44616],[88.63658,27.4489],[88.63969,27.45211]]]}},{"id":"162","type":"Feature","properties":{"state":"Sikkim","state_code":"11","district":"Mangan","district_code":"241","sub_district":"Kabi","sub_district_code":"6320","sub_district_type":"Sub_Division","village":"Tingda","village_category":"Rural","village_code":"260973"},"geometry":{"type":"Polygon","coordinates":[[[88.64647,27.41605],[88.65619,27.4142],[88.65697,27.41216],[88.66081,27.41144],[88.66169,27.40965],[88.66211,27.40427],[88.66057,27.40274],[88.65406,27.40076],[88.65359,27.39969],[88.63674,27.40315],[88.63322,27.40513],[88.62704,27.40655],[88.62139,27.4095],[88.62564,27.41171],[88.62869,27.41446],[88.63409,27.41458],[88.63503,27.41368],[88.6434,27.41486],[88.64647,27.41605]]]}},{"id":"163","type":"Feature","properties":{"state":"Sikkim","state_code":"11","district":"Mangan","district_code":"241","sub_district":"Kabi","sub_district_code":"6320","sub_district_type":"Sub_Division","village":"Labi","village_category":"Rural","village_code":"260971"},"geometry":{"type":"Polygon","coordinates":[[[88.68561,27.45273],[88.68349,27.45069],[88.68063,27.45004],[88.67293,27.44574],[88.66914,27.44222],[88.66689,27.43607],[88.6626,27.4326],[88.65726,27.43289],[88.65302,27.43099],[88.65355,27.43415],[88.65199,27.436],[88.65054,27.4413],[88.65079,27.44433],[88.65291,27.44825],[88.65799,27.44994],[88.66115,27.44934],[88.66296,27.45249],[88.66291,27.45377],[88.66556,27.45685],[88.6669,27.45659],[88.67559,27.46001],[88.67686,27.46347],[88.68052,27.46653],[88.68666,27.46582],[88.68759,27.46448],[88.68559,27.4608],[88.68666,27.45681],[88.68561,27.45273]]]}},{"id":"164","type":"Feature","properties":{"state":"Sikkim","state_code":"11","district":"Mangan","district_code":"241","sub_district":"Kabi","sub_district_code":"6320","sub_district_type":"Sub_Division","village":"Kabi","village_category":"Rural","village_code":"260972"},"geometry":{"type":"Polygon","coordinates":[[[88.66627,27.43008],[88.66366,27.4334],[88.66229,27.43163],[88.65952,27.43234],[88.66365,27.42973],[88.66182,27.42584],[88.66229,27.4232],[88.6596,27.41904],[88.65448,27.41476],[88.65209,27.41566],[88.64647,27.41605],[88.6434,27.41486],[88.63503,27.41368],[88.63409,27.41458],[88.62869,27.41446],[88.62564,27.41171],[88.62139,27.4095],[88.61945,27.40999],[88.61744,27.41252],[88.61678,27.41768],[88.61557,27.41948],[88.62151,27.42196],[88.6238,27.42191],[88.63081,27.42953],[88.63533,27.42772],[88.63731,27.42895],[88.64099,27.42882],[88.65161,27.43062],[88.65726,27.43289],[88.6626,27.4326],[88.66689,27.43607],[88.66922,27.44234],[88.67423,27.44666],[88.68079,27.45011],[88.68349,27.45069],[88.68561,27.45273],[88.68763,27.45173],[88.69538,27.45456],[88.69536,27.45372],[88.69219,27.45176],[88.68909,27.45121],[88.68524,27.44692],[88.68394,27.44696],[88.68273,27.4445],[88.68286,27.44289],[88.6797,27.44047],[88.67655,27.43504],[88.67827,27.43371],[88.67516,27.43273],[88.67389,27.43018],[88.67095,27.42827],[88.66757,27.42805],[88.66639,27.42726],[88.66627,27.43008]]]}},{"id":"165","type":"Feature","properties":{"state":"Sikkim","state_code":"11","district":"Mangan","district_code":"241","sub_district":"Mangan","sub_district_code":"1548","sub_district_type":"Sub_Division","village":"Kazor","village_category":"Rural","village_code":"260938"},"geometry":{"type":"Polygon","coordinates":[[[88.59984,27.57143],[88.6103,27.5756],[88.61151,27.56764],[88.61094,27.56484],[88.61301,27.56391],[88.61339,27.56064],[88.6105,27.56085],[88.60922,27.56273],[88.60703,27.56147],[88.60651,27.55901],[88.60231,27.55678],[88.60097,27.55496],[88.59833,27.5562],[88.59655,27.55834],[88.59288,27.55987],[88.59192,27.56071],[88.59889,27.56895],[88.59984,27.57143]]]}},{"id":"166","type":"Feature","properties":{"state":"Sikkim","state_code":"11","district":"Mangan","district_code":"241","sub_district":"Mangan","sub_district_code":"1548","sub_district_type":"Sub_Division","village":"Meyong","village_category":"Rural","village_code":"260935"},"geometry":{"type":"Polygon","coordinates":[[[88.66715,27.57443],[88.66803,27.57063],[88.6742,27.56579],[88.67747,27.55844],[88.67982,27.55678],[88.67828,27.55524],[88.67522,27.55473],[88.67197,27.55626],[88.6702,27.55587],[88.66745,27.55741],[88.66512,27.55768],[88.66124,27.56327],[88.65739,27.56523],[88.65925,27.56899],[88.6584,27.57135],[88.65923,27.5736],[88.66353,27.57526],[88.66715,27.57443]]]}},{"id":"167","type":"Feature","properties":{"state":"Sikkim","state_code":"11","district":"Mangan","district_code":"241","sub_district":"Mangan","sub_district_code":"1548","sub_district_type":"Sub_Division","village":"Nampatam","village_category":"Rural","village_code":"260956"},"geometry":{"type":"Polygon","coordinates":[[[88.59699,27.51048],[88.58607,27.51574],[88.58529,27.51654],[88.58644,27.51891],[88.58893,27.52031],[88.59543,27.52008],[88.59987,27.52149],[88.60356,27.52103],[88.60592,27.52208],[88.60916,27.52159],[88.6119,27.52232],[88.61764,27.5257],[88.62129,27.52155],[88.62412,27.51408],[88.6244,27.50565],[88.62144,27.49947],[88.61713,27.49558],[88.61365,27.49887],[88.60878,27.50825],[88.60234,27.51021],[88.59699,27.51048]]]}},{"id":"168","type":"Feature","properties":{"state":"Sikkim","state_code":"11","district":"Mangan","district_code":"241","sub_district":"Mangan","sub_district_code":"1548","sub_district_type":"Sub_Division","village":"Pakshep","village_category":"Rural","village_code":"260937"},"geometry":{"type":"Polygon","coordinates":[[[88.61333,27.54624],[88.61026,27.5477],[88.60305,27.55456],[88.60347,27.5573],[88.60651,27.55901],[88.60703,27.56147],[88.60922,27.56273],[88.61012,27.5611],[88.61187,27.56044],[88.6128,27.55771],[88.61268,27.55235],[88.61411,27.54884],[88.61333,27.54624]]]}},{"id":"169","type":"Feature","properties":{"state":"Sikkim","state_code":"11","district":"Mangan","district_code":"241","sub_district":"Mangan","sub_district_code":"1548","sub_district_type":"Sub_Division","village":"Ringhim","village_category":"Rural","village_code":"260955"},"geometry":{"type":"Polygon","coordinates":[[[88.60159,27.53941],[88.60533,27.53778],[88.61273,27.52922],[88.61764,27.5257],[88.6119,27.52232],[88.60916,27.52159],[88.60592,27.52208],[88.60356,27.52103],[88.59987,27.52149],[88.59543,27.52008],[88.58956,27.52022],[88.59008,27.52139],[88.5896,27.52238],[88.59078,27.52345],[88.59165,27.52623],[88.5912,27.53118],[88.59447,27.53107],[88.59609,27.53295],[88.60027,27.535],[88.60129,27.53662],[88.60159,27.53941]]]}},{"id":"170","type":"Feature","properties":{"state":"Sikkim","state_code":"11","district":"Mangan","district_code":"241","sub_district":"Mangan","sub_district_code":"1548","sub_district_type":"Sub_Division","village":"Sentam","village_category":"Rural","village_code":"260939"},"geometry":{"type":"Polygon","coordinates":[[[88.63077,27.57307],[88.62796,27.56713],[88.62294,27.56093],[88.62343,27.55903],[88.62281,27.55747],[88.6241,27.55264],[88.62318,27.54803],[88.62352,27.54524],[88.62277,27.54513],[88.62198,27.54251],[88.61831,27.54046],[88.61747,27.54344],[88.61494,27.54454],[88.61333,27.54624],[88.61411,27.54889],[88.61268,27.55235],[88.6128,27.55771],[88.61179,27.56052],[88.61339,27.56064],[88.61349,27.56135],[88.61297,27.56397],[88.61094,27.56484],[88.61151,27.56764],[88.6103,27.5756],[88.61488,27.57667],[88.62102,27.5751],[88.62707,27.5768],[88.62918,27.57383],[88.63077,27.57307]]]}},{"id":"171","type":"Feature","properties":{"state":"Sikkim","state_code":"11","district":"Mangan","district_code":"241","sub_district":"Mangan","sub_district_code":"1548","sub_district_type":"Sub_Division","village":"Singchit","village_category":"Rural","village_code":"260936"},"geometry":{"type":"Polygon","coordinates":[[[88.67033,27.55587],[88.66316,27.5527],[88.6497,27.54485],[88.6351,27.54547],[88.62566,27.54192],[88.62424,27.54256],[88.6235,27.5453],[88.62318,27.54803],[88.6241,27.55264],[88.62281,27.55747],[88.62343,27.55903],[88.62294,27.56093],[88.62796,27.56713],[88.63077,27.57307],[88.6405,27.56741],[88.64715,27.56601],[88.65233,27.56824],[88.65915,27.57352],[88.6584,27.57135],[88.65925,27.56899],[88.65739,27.56523],[88.66124,27.56327],[88.66458,27.55795],[88.67033,27.55587]]]}},{"id":"172","type":"Feature","properties":{"state":"Sikkim","state_code":"11","district":"Mangan","district_code":"241","sub_district":"Mangan","sub_district_code":"1548","sub_district_type":"Sub_Division","village":"Singhik","village_category":"Rural","village_code":"260954"},"geometry":{"type":"Polygon","coordinates":[[[88.59192,27.56071],[88.59655,27.55834],[88.59833,27.5562],[88.60075,27.555],[88.60352,27.5574],[88.60305,27.55456],[88.6049,27.55245],[88.60788,27.55051],[88.61026,27.5477],[88.61747,27.54344],[88.61945,27.53746],[88.61827,27.53071],[88.6158,27.53023],[88.61158,27.5312],[88.60533,27.53778],[88.60282,27.53915],[88.59721,27.54007],[88.59121,27.54503],[88.5897,27.54715],[88.58741,27.54812],[88.58717,27.55086],[88.59014,27.55572],[88.59071,27.55931],[88.59192,27.56071]],[[88.60199,27.54068],[88.60404,27.54367],[88.60284,27.54593],[88.59833,27.54646],[88.59612,27.54538],[88.59579,27.54346],[88.59733,27.54144],[88.59912,27.54061],[88.60199,27.54068]]]}},{"id":"173","type":"Feature","properties":{"state":"Sikkim","state_code":"11","district":"Mangan","district_code":"241","sub_district":"Mangan","sub_district_code":"1548","sub_district_type":"Sub_Division","village":"Zimchung","village_category":"Rural","village_code":"260953"},"geometry":{"type":"Polygon","coordinates":[[[88.58529,27.51654],[88.583,27.51884],[88.57832,27.51971],[88.58095,27.52585],[88.5795,27.52892],[88.58001,27.53051],[88.57939,27.5358],[88.58186,27.54303],[88.58741,27.54812],[88.5897,27.54715],[88.59121,27.54503],[88.59721,27.54007],[88.60159,27.53941],[88.60129,27.53662],[88.60027,27.535],[88.59609,27.53295],[88.59447,27.53107],[88.5912,27.53118],[88.59165,27.52623],[88.59078,27.52345],[88.5896,27.52238],[88.59,27.52109],[88.58956,27.52022],[88.58644,27.51891],[88.58529,27.51654]]]}},{"id":"174","type":"Feature","properties":{"state":"Sikkim","state_code":"11","district":"Mangan","district_code":"241","sub_district":"Chungthang","sub_district_code":"1547","sub_district_type":"Sub_Division","village":"Forest","village_category":"Others","village_code":null},"geometry":{"type":"Polygon","coordinates":[[[88.65081,28.09682],[88.65538,28.09371],[88.65686,28.09004],[88.66135,28.08964],[88.66434,28.08741],[88.6654,28.08542],[88.66516,28.08264],[88.6664,28.07978],[88.66668,28.0761],[88.67206,28.07234],[88.67844,28.07146],[88.68135,28.07691],[88.68681,28.07794],[88.69344,28.07763],[88.6972,28.07593],[88.70325,28.07626],[88.70955,28.07764],[88.72042,28.07433],[88.73485,28.07435],[88.7471,28.07604],[88.75629,28.07597],[88.76565,28.07047],[88.77093,28.06587],[88.77415,28.0623],[88.7776,28.05412],[88.78378,28.05395],[88.78741,28.05038],[88.79288,28.04864],[88.79385,28.0434],[88.79758,28.04094],[88.80307,28.03181],[88.80588,28.02916],[88.80777,28.02843],[88.81359,28.02244],[88.81688,28.02068],[88.82015,28.02147],[88.82263,28.02086],[88.83628,28.01481],[88.83779,28.00854],[88.83798,28.00049],[88.83928,27.99774],[88.84371,27.99325],[88.84381,27.99042],[88.84317,27.98538],[88.8414,27.98174],[88.84299,27.97526],[88.84084,27.96634],[88.8424,27.96363],[88.84289,27.95278],[88.84177,27.94956],[88.84134,27.94415],[88.83871,27.94273],[88.83921,27.94065],[88.83765,27.93663],[88.83694,27.92878],[88.84358,27.92881],[88.85265,27.92578],[88.86041,27.92715],[88.8637,27.92134],[88.87002,27.9156],[88.86933,27.913],[88.87015,27.91015],[88.86918,27.90759],[88.86953,27.90544],[88.87217,27.90119],[88.87181,27.89852],[88.88263,27.89077],[88.88066,27.88662],[88.88078,27.88228],[88.87849,27.87973],[88.87781,27.87576],[88.87937,27.86716],[88.88505,27.86154],[88.88767,27.85618],[88.8813,27.84975],[88.88176,27.84695],[88.88051,27.84459],[88.87994,27.84008],[88.88207,27.83763],[88.88269,27.83427],[88.88055,27.83179],[88.88045,27.82918],[88.87171,27.82559],[88.8639,27.81969],[88.85578,27.81508],[88.85834,27.8111],[88.85891,27.80733],[88.8581,27.8042],[88.86023,27.80295],[88.85966,27.80098],[88.86123,27.79879],[88.86145,27.79699],[88.85982,27.79469],[88.85928,27.79023],[88.85492,27.7835],[88.85468,27.7775],[88.85591,27.77077],[88.85356,27.76917],[88.85328,27.76448],[88.85449,27.76295],[88.85445,27.75642],[88.85609,27.75229],[88.85839,27.75394],[88.85989,27.7539],[88.86161,27.75249],[88.86409,27.74666],[88.8636,27.74425],[88.86514,27.74225],[88.85942,27.73811],[88.85866,27.73378],[88.85669,27.73167],[88.85751,27.72682],[88.85579,27.72521],[88.85559,27.72243],[88.85424,27.72012],[88.85593,27.7185],[88.8563,27.71655],[88.8547,27.71635],[88.85263,27.71449],[88.8498,27.71439],[88.83979,27.71123],[88.83798,27.70629],[88.83827,27.70379],[88.84263,27.70288],[88.8436,27.70016],[88.84604,27.69807],[88.84766,27.69356],[88.84234,27.68418],[88.84192,27.6822],[88.84243,27.68058],[88.84438,27.67965],[88.84457,27.67709],[88.84759,27.67544],[88.84839,27.66801],[88.84309,27.65991],[88.83913,27.65698],[88.83825,27.65493],[88.83572,27.65362],[88.83551,27.65034],[88.83385,27.64951],[88.83153,27.64666],[88.82885,27.64586],[88.82795,27.64426],[88.82278,27.64353],[88.81946,27.64639],[88.81677,27.64718],[88.81526,27.64609],[88.81413,27.64245],[88.81157,27.63878],[88.81119,27.63654],[88.80868,27.63444],[88.80852,27.63112],[88.80652,27.62865],[88.80491,27.62351],[88.80801,27.62204],[88.81166,27.61839],[88.80823,27.6134],[88.80633,27.60892],[88.80744,27.60523],[88.80908,27.60296],[88.80754,27.6015],[88.80473,27.59436],[88.80314,27.59434],[88.79469,27.59025],[88.79142,27.5865],[88.78837,27.58493],[88.79083,27.58116],[88.79129,27.5751],[88.78801,27.57479],[88.78444,27.57328],[88.78139,27.56992],[88.77,27.57126],[88.76714,27.56954],[88.76432,27.56643],[88.76381,27.5646],[88.77257,27.55685],[88.77393,27.55379],[88.77386,27.55185],[88.74818,27.55302],[88.7219,27.55812],[88.69938,27.57679],[88.70383,27.57624],[88.70777,27.57925],[88.70943,27.58232],[88.71595,27.58308],[88.71689,27.58502],[88.72029,27.58742],[88.72113,27.58927],[88.73129,27.59248],[88.72767,27.59784],[88.72752,27.60284],[88.72184,27.60793],[88.7213,27.61936],[88.717,27.62572],[88.7169,27.62765],[88.71228,27.62926],[88.72209,27.63601],[88.72165,27.63784],[88.7154,27.64268],[88.70747,27.64122],[88.7071,27.64237],[88.70483,27.64192],[88.70384,27.6426],[88.70368,27.64621],[88.70984,27.65186],[88.70808,27.65701],[88.71977,27.6628],[88.718,27.66449],[88.7209,27.66933],[88.72489,27.67171],[88.72745,27.67211],[88.72835,27.67414],[88.73903,27.67895],[88.74391,27.67887],[88.74718,27.68143],[88.74605,27.68735],[88.74409,27.69013],[88.74218,27.69534],[88.74466,27.69873],[88.74383,27.70106],[88.74763,27.70516],[88.74651,27.7089],[88.74704,27.71266],[88.74547,27.72215],[88.74693,27.7253],[88.74992,27.72368],[88.75873,27.72767],[88.75686,27.73477],[88.7631,27.74078],[88.77044,27.73986],[88.77463,27.74142],[88.77372,27.74497],[88.76936,27.74792],[88.76493,27.74637],[88.75971,27.74644],[88.75554,27.7536],[88.75318,27.75584],[88.74681,27.77211],[88.74208,27.77668],[88.73739,27.77853],[88.73605,27.77653],[88.73578,27.77313],[88.73864,27.7707],[88.7431,27.76434],[88.74407,27.75918],[88.74189,27.75259],[88.73964,27.741],[88.73629,27.7399],[88.72971,27.72723],[88.72618,27.72327],[88.73094,27.72261],[88.73373,27.72068],[88.72919,27.71312],[88.72876,27.71009],[88.73107,27.70787],[88.73091,27.70472],[88.73319,27.69998],[88.73382,27.69568],[88.7332,27.69097],[88.72523,27.68412],[88.72086,27.68225],[88.71164,27.68273],[88.7085,27.6791],[88.70405,27.67644],[88.69019,27.67087],[88.69114,27.66111],[88.69043,27.65579],[88.67981,27.65233],[88.67628,27.65237],[88.67226,27.65127],[88.66713,27.65506],[88.66755,27.65819],[88.66083,27.66149],[88.65828,27.66582],[88.65357,27.66909],[88.652,27.66924],[88.65149,27.67032],[88.64792,27.67091],[88.64969,27.67172],[88.65,27.67421],[88.64868,27.67681],[88.64804,27.68142],[88.65001,27.68512],[88.65019,27.68652],[88.64907,27.68706],[88.65057,27.68995],[88.64673,27.69085],[88.64603,27.69214],[88.64655,27.69594],[88.64393,27.69517],[88.64059,27.69661],[88.63896,27.70056],[88.63756,27.70175],[88.63656,27.70108],[88.63339,27.70596],[88.63327,27.70902],[88.63467,27.71275],[88.6325,27.71734],[88.6324,27.72235],[88.63094,27.72288],[88.63116,27.72446],[88.62811,27.73162],[88.6283,27.73807],[88.63156,27.74335],[88.63163,27.74708],[88.63695,27.75678],[88.63702,27.76035],[88.6361,27.76233],[88.63752,27.76598],[88.6373,27.76893],[88.63881,27.77086],[88.64014,27.7752],[88.6395,27.77875],[88.64091,27.77976],[88.63921,27.7867],[88.63971,27.79187],[88.63786,27.79608],[88.63681,27.80292],[88.63715,27.80557],[88.63895,27.80811],[88.64363,27.81016],[88.64597,27.81238],[88.63949,27.81183],[88.63744,27.8109],[88.63592,27.81132],[88.63502,27.81339],[88.6322,27.81583],[88.63228,27.8176],[88.63991,27.8269],[88.6395,27.82755],[88.63596,27.82588],[88.63329,27.82756],[88.63292,27.82675],[88.63565,27.82444],[88.63377,27.82396],[88.63469,27.8221],[88.63428,27.82131],[88.63225,27.81923],[88.6309,27.81589],[88.62767,27.81333],[88.62808,27.81229],[88.63204,27.81144],[88.63159,27.8073],[88.63234,27.80607],[88.6328,27.79959],[88.63548,27.79393],[88.63539,27.79006],[88.63313,27.78443],[88.63503,27.77991],[88.63352,27.77826],[88.63426,27.77504],[88.63357,27.77248],[88.63361,27.76128],[88.63262,27.75243],[88.63077,27.75037],[88.63024,27.74606],[88.62642,27.74014],[88.62629,27.7381],[88.62272,27.73825],[88.62277,27.73657],[88.6253,27.73378],[88.62641,27.72983],[88.62312,27.72809],[88.62492,27.72515],[88.62447,27.7174],[88.62886,27.7149],[88.62888,27.71165],[88.63117,27.70879],[88.63126,27.70519],[88.63543,27.70007],[88.63726,27.7003],[88.63363,27.69673],[88.63823,27.69593],[88.63832,27.69442],[88.6427,27.69439],[88.64132,27.69405],[88.64111,27.68889],[88.63769,27.67279],[88.64218,27.67183],[88.64509,27.67011],[88.6473,27.67029],[88.64718,27.66942],[88.64446,27.66744],[88.65613,27.65955],[88.65764,27.65651],[88.66155,27.65309],[88.66289,27.64967],[88.67039,27.64557],[88.67396,27.64273],[88.67625,27.64178],[88.68121,27.64244],[88.68585,27.64085],[88.68682,27.63914],[88.69099,27.63684],[88.68986,27.63619],[88.69095,27.63329],[88.69459,27.62706],[88.6971,27.61852],[88.69979,27.61446],[88.69987,27.60761],[88.70064,27.60589],[88.69835,27.60597],[88.69415,27.60968],[88.69043,27.60978],[88.68317,27.61177],[88.67961,27.60597],[88.68014,27.60054],[88.66835,27.59572],[88.66448,27.59466],[88.65588,27.59499],[88.65154,27.59415],[88.64624,27.59193],[88.64978,27.60667],[88.64615,27.6243],[88.63597,27.63751],[88.61946,27.6543],[88.60683,27.66533],[88.60717,27.6851],[88.60259,27.72308],[88.59287,27.73578],[88.57904,27.74282],[88.48706,27.73804],[88.40303,27.72914],[88.31162,27.71207],[88.24637,27.69723],[88.19516,27.68772],[88.15405,27.69202],[88.15114,27.69609],[88.15084,27.69853],[88.14963,27.69914],[88.14872,27.70178],[88.14757,27.7028],[88.14909,27.70488],[88.14903,27.70815],[88.1528,27.71172],[88.15537,27.71735],[88.15451,27.72054],[88.15447,27.72854],[88.15617,27.73611],[88.15795,27.73794],[88.15848,27.74057],[88.16287,27.73977],[88.16594,27.74104],[88.16991,27.74114],[88.17421,27.74292],[88.17592,27.74561],[88.17837,27.74618],[88.17892,27.74995],[88.17767,27.75844],[88.18228,27.76262],[88.18366,27.7667],[88.18179,27.76941],[88.1822,27.77577],[88.18546,27.77714],[88.18957,27.78228],[88.19529,27.78626],[88.19717,27.79117],[88.19397,27.79641],[88.19197,27.79692],[88.18742,27.8011],[88.18561,27.81058],[88.17927,27.81545],[88.17409,27.81737],[88.17359,27.8206],[88.18284,27.82312],[88.18801,27.82546],[88.19144,27.82948],[88.19255,27.83296],[88.19563,27.8353],[88.20182,27.83672],[88.2028,27.8388],[88.2019,27.8425],[88.19837,27.84586],[88.19738,27.84879],[88.19768,27.85115],[88.19639,27.85379],[88.19416,27.85483],[88.18901,27.85438],[88.18556,27.85653],[88.18321,27.857],[88.17895,27.85648],[88.17407,27.86266],[88.16706,27.86606],[88.16493,27.8683],[88.15781,27.87066],[88.15475,27.87072],[88.15312,27.87303],[88.14899,27.87641],[88.14408,27.87795],[88.14007,27.87741],[88.13669,27.88123],[88.13501,27.88162],[88.13624,27.88454],[88.13794,27.88564],[88.1399,27.88915],[88.1343,27.89705],[88.13083,27.89892],[88.12263,27.90837],[88.12191,27.9117],[88.11958,27.916],[88.12125,27.92197],[88.12549,27.92453],[88.13065,27.92575],[88.13049,27.92937],[88.13207,27.93287],[88.13472,27.93548],[88.13786,27.93715],[88.1356,27.94399],[88.13275,27.94718],[88.12939,27.94937],[88.13434,27.95132],[88.14521,27.96408],[88.14885,27.96079],[88.1543,27.9574],[88.16389,27.95768],[88.16511,27.95597],[88.17056,27.95245],[88.17907,27.94919],[88.18547,27.94349],[88.18991,27.94289],[88.19534,27.94416],[88.20059,27.94169],[88.20534,27.94156],[88.2066,27.94195],[88.20495,27.9484],[88.20556,27.95571],[88.20646,27.95968],[88.20796,27.96166],[88.21275,27.96427],[88.21476,27.96306],[88.22505,27.96042],[88.22915,27.9659],[88.23717,27.97085],[88.24151,27.95715],[88.24739,27.94979],[88.24877,27.94543],[88.25108,27.94235],[88.2541,27.94528],[88.26112,27.94713],[88.26473,27.95614],[88.26624,27.9573],[88.26819,27.95713],[88.27394,27.9545],[88.27564,27.9547],[88.28056,27.95705],[88.28604,27.96626],[88.29334,27.96582],[88.29995,27.96728],[88.30347,27.96581],[88.30821,27.96711],[88.31117,27.97029],[88.3132,27.97084],[88.31541,27.97651],[88.31792,27.9788],[88.32597,27.97624],[88.3304,27.97318],[88.33193,27.97478],[88.33672,27.98415],[88.34134,27.98556],[88.34566,27.98502],[88.35227,27.98995],[88.36227,27.9887],[88.36958,27.98933],[88.37115,27.98987],[88.37177,27.99108],[88.37701,27.98987],[88.379,27.98523],[88.38091,27.98307],[88.38618,27.98142],[88.38739,27.97944],[88.39907,27.97804],[88.4006,27.98092],[88.40302,27.98263],[88.4068,27.98173],[88.41077,27.98328],[88.41149,27.98506],[88.41083,27.98808],[88.41222,27.9945],[88.4147,27.99888],[88.41823,28.00082],[88.42461,28.0016],[88.43059,28.00809],[88.43476,28.00799],[88.44375,28.00938],[88.45638,28.01492],[88.46079,28.01455],[88.46238,28.01615],[88.46782,28.01714],[88.47263,28.02661],[88.47444,28.03387],[88.47853,28.03847],[88.48033,28.04249],[88.48247,28.04373],[88.48805,28.04448],[88.49562,28.05393],[88.49655,28.0539],[88.50448,28.04782],[88.50962,28.04119],[88.51968,28.04355],[88.52185,28.03629],[88.52351,28.03499],[88.52753,28.03777],[88.53271,28.03332],[88.54364,28.03325],[88.5508,28.03757],[88.55107,28.03935],[88.54897,28.04308],[88.5487,28.04681],[88.55176,28.05482],[88.55392,28.06738],[88.55622,28.07348],[88.55255,28.08142],[88.5597,28.08393],[88.56349,28.08854],[88.56627,28.09033],[88.57071,28.08879],[88.57494,28.08462],[88.58148,28.08299],[88.584,28.08331],[88.58788,28.08728],[88.59123,28.08926],[88.59742,28.0886],[88.60259,28.08917],[88.60214,28.09205],[88.60523,28.0976],[88.6116,28.09905],[88.61934,28.09808],[88.61771,28.11],[88.6177,28.11778],[88.60858,28.1226],[88.60996,28.12869],[88.62402,28.12618],[88.62874,28.12442],[88.63435,28.11957],[88.63707,28.11611],[88.64595,28.09875],[88.65081,28.09682]],[[88.77771,27.96166],[88.77685,27.95705],[88.77723,27.95236],[88.77952,27.95155],[88.78263,27.95169],[88.78382,27.95531],[88.7866,27.95614],[88.78804,27.96041],[88.78499,27.96935],[88.7827,27.97111],[88.77607,27.96765],[88.77771,27.96166]],[[88.74324,27.78089],[88.73978,27.77985],[88.74002,27.77869],[88.74424,27.77681],[88.74485,27.77776],[88.74324,27.78089]],[[88.66107,27.7634],[88.66596,27.76367],[88.66632,27.76665],[88.66418,27.7688],[88.66195,27.76696],[88.65968,27.76647],[88.65948,27.76519],[88.66107,27.7634]]]}},{"id":"175","type":"Feature","properties":{"state":"Sikkim","state_code":"11","district":"Mangan","district_code":"241","sub_district":"Kabi","sub_district_code":"6320","sub_district_type":"Sub_Division","village":"Forest","village_category":"Others","village_code":null},"geometry":{"type":"Polygon","coordinates":[[[88.67639,27.48177],[88.69666,27.47144],[88.71629,27.4672],[88.73997,27.46223],[88.77133,27.45781],[88.78442,27.45865],[88.78319,27.45608],[88.783,27.45311],[88.78364,27.45202],[88.78255,27.44965],[88.78929,27.44681],[88.79634,27.44731],[88.7945,27.44553],[88.79429,27.44048],[88.79166,27.43843],[88.79557,27.42826],[88.79642,27.42724],[88.79987,27.42644],[88.80082,27.42259],[88.80904,27.4234],[88.80738,27.42135],[88.80481,27.41505],[88.80683,27.41314],[88.80741,27.41003],[88.78206,27.41495],[88.77334,27.42039],[88.76898,27.42152],[88.76053,27.41501],[88.75519,27.41233],[88.74314,27.41341],[88.72355,27.41814],[88.71206,27.41556],[88.70605,27.41101],[88.69488,27.40061],[88.68987,27.39722],[88.68269,27.39698],[88.67599,27.39896],[88.65359,27.39969],[88.65406,27.40076],[88.66057,27.40274],[88.66211,27.40427],[88.66169,27.40965],[88.66081,27.41144],[88.65697,27.41216],[88.65619,27.4142],[88.65474,27.41493],[88.6596,27.41904],[88.66229,27.4232],[88.66182,27.42584],[88.66365,27.42973],[88.65952,27.43234],[88.66229,27.43163],[88.66366,27.4334],[88.66442,27.4329],[88.66627,27.43008],[88.66639,27.42726],[88.66757,27.42805],[88.671,27.42829],[88.67389,27.43018],[88.67516,27.43273],[88.67827,27.43371],[88.67655,27.43504],[88.6797,27.44047],[88.68286,27.44289],[88.68273,27.4445],[88.68394,27.44696],[88.68543,27.44705],[88.68909,27.45121],[88.69219,27.45176],[88.69563,27.45402],[88.69519,27.45479],[88.68763,27.45173],[88.68583,27.45229],[88.68666,27.45681],[88.68559,27.4608],[88.68759,27.46448],[88.68666,27.46582],[88.68124,27.46661],[88.67686,27.46347],[88.67566,27.46005],[88.66737,27.45684],[88.66539,27.46523],[88.66621,27.47094],[88.66094,27.47507],[88.65564,27.47376],[88.65016,27.47718],[88.64587,27.47711],[88.64122,27.4781],[88.63834,27.47586],[88.63683,27.47582],[88.63544,27.47015],[88.63383,27.46799],[88.63398,27.46438],[88.63233,27.46999],[88.62337,27.47181],[88.62013,27.46929],[88.61729,27.46987],[88.61403,27.46843],[88.61022,27.46333],[88.61084,27.46153],[88.60854,27.46068],[88.60115,27.46123],[88.59844,27.45205],[88.6005,27.44323],[88.6036,27.44084],[88.60271,27.44016],[88.59955,27.44086],[88.59823,27.44813],[88.5955,27.45035],[88.59219,27.44932],[88.59016,27.45026],[88.58504,27.44966],[88.57997,27.4472],[88.57556,27.44671],[88.5776,27.44908],[88.5859,27.45239],[88.59218,27.45895],[88.59721,27.46667],[88.60746,27.47517],[88.62984,27.48374],[88.64778,27.48743],[88.67639,27.48177]]]}},{"id":"176","type":"Feature","properties":{"state":"Sikkim","state_code":"11","district":"Mangan","district_code":"241","sub_district":"Dzongu","sub_district_code":"6321","sub_district_type":"Sub_Division","village":"Forest","village_category":"Others","village_code":null},"geometry":{"type":"Polygon","coordinates":[[[88.59287,27.73578],[88.60259,27.72308],[88.60717,27.6851],[88.60683,27.66533],[88.61946,27.6543],[88.63597,27.63751],[88.64615,27.6243],[88.64978,27.60667],[88.64763,27.59752],[88.64413,27.59826],[88.64108,27.59604],[88.6337,27.59678],[88.63437,27.60399],[88.63563,27.60732],[88.6331,27.60842],[88.63051,27.61399],[88.62635,27.61552],[88.62635,27.62053],[88.62909,27.62271],[88.62999,27.62469],[88.62729,27.62825],[88.62493,27.63426],[88.6197,27.63499],[88.61076,27.63784],[88.60562,27.63485],[88.60522,27.62764],[88.60196,27.61864],[88.60167,27.61177],[88.6003,27.61684],[88.59312,27.62716],[88.58689,27.62954],[88.58413,27.62428],[88.57976,27.62477],[88.57616,27.63248],[88.57649,27.63492],[88.57305,27.63647],[88.56663,27.64587],[88.5698,27.6469],[88.57056,27.64847],[88.57271,27.65005],[88.57158,27.65137],[88.56069,27.65181],[88.54982,27.65422],[88.56105,27.66923],[88.56624,27.6803],[88.57875,27.68809],[88.58708,27.70353],[88.59058,27.71016],[88.59207,27.72013],[88.59272,27.72656],[88.58972,27.72832],[88.58792,27.72922],[88.5858,27.72821],[88.5814,27.72015],[88.57848,27.70896],[88.57556,27.70545],[88.56605,27.6947],[88.552,27.68542],[88.54968,27.68338],[88.54885,27.68091],[88.54726,27.68124],[88.54135,27.6759],[88.53517,27.66643],[88.53131,27.66536],[88.52846,27.66805],[88.52209,27.66997],[88.52288,27.67787],[88.51841,27.6807],[88.48612,27.68841],[88.48406,27.68002],[88.49684,27.67683],[88.49479,27.66911],[88.49364,27.65999],[88.49724,27.65689],[88.50455,27.65526],[88.50248,27.64729],[88.50704,27.6481],[88.51613,27.64205],[88.51786,27.64368],[88.52584,27.6425],[88.52415,27.63772],[88.5275,27.63478],[88.53202,27.63284],[88.53004,27.62416],[88.53436,27.618],[88.53309,27.6175],[88.53017,27.61295],[88.53006,27.61133],[88.53498,27.60359],[88.5344,27.60109],[88.53518,27.59854],[88.53794,27.59661],[88.54076,27.59662],[88.54504,27.58965],[88.54677,27.58866],[88.54602,27.58407],[88.55627,27.57762],[88.55758,27.57046],[88.55497,27.56262],[88.55659,27.55967],[88.54599,27.56213],[88.5374,27.55903],[88.52718,27.55769],[88.51788,27.54523],[88.50987,27.54114],[88.50642,27.54022],[88.50439,27.53863],[88.50723,27.53514],[88.51559,27.53561],[88.52026,27.53206],[88.5232,27.52392],[88.52835,27.523],[88.52502,27.52119],[88.52401,27.51766],[88.5262,27.51235],[88.52564,27.50969],[88.5275,27.50721],[88.52782,27.50369],[88.52959,27.50238],[88.53328,27.50208],[88.53352,27.50074],[88.53237,27.49847],[88.52887,27.49664],[88.52598,27.49366],[88.52496,27.49031],[88.52286,27.49136],[88.52166,27.48903],[88.51869,27.4879],[88.51653,27.48451],[88.51817,27.48252],[88.5211,27.48088],[88.52241,27.47884],[88.5252,27.47837],[88.52521,27.47121],[88.52248,27.46798],[88.51981,27.468],[88.51127,27.46582],[88.5081,27.46619],[88.50651,27.454],[88.50873,27.45243],[88.51098,27.44848],[88.50844,27.44902],[88.50541,27.44749],[88.49545,27.44629],[88.49023,27.45035],[88.47626,27.45147],[88.47408,27.45085],[88.47205,27.4556],[88.46916,27.45599],[88.46782,27.45574],[88.46725,27.4525],[88.4652,27.45181],[88.4648,27.45061],[88.46353,27.45147],[88.45636,27.45231],[88.43742,27.45265],[88.41152,27.44751],[88.39474,27.45453],[88.37813,27.46444],[88.37611,27.4692],[88.3756,27.47371],[88.36493,27.494],[88.36403,27.51903],[88.3524,27.53124],[88.34639,27.53461],[88.32664,27.55339],[88.32554,27.55494],[88.32168,27.56816],[88.3101,27.57735],[88.30728,27.57846],[88.29819,27.57845],[88.29159,27.57688],[88.27406,27.57021],[88.24829,27.56176],[88.24158,27.5581],[88.23533,27.55289],[88.23042,27.54554],[88.21429,27.5528],[88.21024,27.55719],[88.20464,27.56788],[88.20207,27.5754],[88.19736,27.58268],[88.18931,27.59243],[88.1841,27.59733],[88.16324,27.60487],[88.1138,27.61621],[88.11697,27.62017],[88.11661,27.62404],[88.11991,27.62765],[88.11698,27.62981],[88.12063,27.63843],[88.12021,27.64525],[88.12452,27.65],[88.13027,27.65351],[88.13215,27.6562],[88.13734,27.6574],[88.1385,27.65833],[88.13915,27.66037],[88.14204,27.66317],[88.1437,27.66373],[88.14721,27.67467],[88.14694,27.67934],[88.15405,27.69202],[88.19516,27.68772],[88.24637,27.69723],[88.31162,27.71207],[88.40303,27.72914],[88.48706,27.73804],[88.57904,27.74282],[88.59287,27.73578]]]}},{"id":"177","type":"Feature","properties":{"state":"Sikkim","state_code":"11","district":"Mangan","district_code":"241","sub_district":"Mangan","sub_district_code":"1548","sub_district_type":"Sub_Division","village":"Forest","village_category":"Others","village_code":null},"geometry":{"type":"Polygon","coordinates":[[[88.74818,27.55302],[88.77386,27.55185],[88.77325,27.54753],[88.77518,27.54452],[88.7731,27.54076],[88.77733,27.53256],[88.78332,27.52918],[88.78517,27.53074],[88.79095,27.53156],[88.79243,27.53004],[88.79277,27.52474],[88.78838,27.52214],[88.78903,27.51779],[88.79059,27.5158],[88.78977,27.51315],[88.78752,27.51148],[88.78563,27.50654],[88.78693,27.50367],[88.78332,27.5004],[88.78332,27.49549],[88.78657,27.48817],[88.7829,27.48294],[88.78062,27.4812],[88.78342,27.47705],[88.78372,27.47475],[88.78066,27.47283],[88.77701,27.46886],[88.77936,27.46258],[88.78442,27.45865],[88.77133,27.45781],[88.73997,27.46223],[88.71629,27.4672],[88.69666,27.47144],[88.67639,27.48177],[88.64778,27.48743],[88.62984,27.48374],[88.60746,27.47517],[88.59721,27.46667],[88.59218,27.45895],[88.5859,27.45239],[88.5776,27.44908],[88.58315,27.45457],[88.58588,27.46533],[88.58454,27.47098],[88.59228,27.48378],[88.5905,27.48897],[88.59624,27.49632],[88.5962,27.50623],[88.59699,27.51048],[88.60234,27.51021],[88.60878,27.50825],[88.61365,27.49887],[88.61713,27.49558],[88.62144,27.49947],[88.62399,27.50471],[88.62422,27.51373],[88.62129,27.52155],[88.61146,27.53112],[88.6158,27.53023],[88.61833,27.53076],[88.61945,27.53746],[88.61831,27.54046],[88.62198,27.54251],[88.62277,27.54513],[88.62352,27.54524],[88.62424,27.54256],[88.62566,27.54192],[88.6351,27.54547],[88.6497,27.54485],[88.66316,27.5527],[88.67033,27.55587],[88.67197,27.55626],[88.67522,27.55473],[88.67626,27.55535],[88.6776,27.55494],[88.67978,27.55655],[88.68253,27.5634],[88.68241,27.5655],[88.68152,27.56587],[88.68158,27.56877],[88.69171,27.56844],[88.69149,27.5715],[88.69482,27.57113],[88.69602,27.57305],[88.69509,27.57401],[88.69555,27.57444],[88.69908,27.57359],[88.69928,27.57679],[88.7219,27.55812],[88.74818,27.55302]]]}},{"id":"178","type":"Feature","properties":{"state":"Sikkim","state_code":"11","district":"Mangan","district_code":"241","sub_district":"Mangan","sub_district_code":"1548","sub_district_type":"Sub_Division","village":"Mangan Nagar Panchayat","village_category":"Fully_Urban","village_code":"801416"},"geometry":{"type":"Polygon","coordinates":[[[88.60199,27.54068],[88.59912,27.54061],[88.59733,27.54144],[88.59579,27.54346],[88.59612,27.54538],[88.59833,27.54646],[88.60284,27.54593],[88.60404,27.54367],[88.60199,27.54068]]]}},{"id":"179","type":"Feature","properties":{"state":"Sikkim","state_code":"11","district":"Namchi","district_code":"243","sub_district":"Yangang","sub_district_code":"6324","sub_district_type":"Sub Division","village":"Satam","village_category":"Rural","village_code":"261244"},"geometry":{"type":"Polygon","coordinates":[[[88.42196,27.30603],[88.41894,27.30587],[88.41622,27.3076],[88.40939,27.31578],[88.39939,27.33002],[88.40388,27.33296],[88.40479,27.33164],[88.40411,27.33034],[88.4101,27.33003],[88.41338,27.32831],[88.41657,27.32797],[88.41596,27.32542],[88.42103,27.3244],[88.42096,27.32332],[88.42464,27.32032],[88.42578,27.32044],[88.42798,27.32267],[88.42592,27.31912],[88.42778,27.31781],[88.42748,27.31653],[88.42956,27.31466],[88.43131,27.31486],[88.43139,27.31378],[88.43522,27.31295],[88.43614,27.3107],[88.43258,27.3107],[88.43116,27.30989],[88.43257,27.30715],[88.43274,27.30406],[88.42791,27.30502],[88.42526,27.30466],[88.42196,27.30603]]]}},{"id":"180","type":"Feature","properties":{"state":"Sikkim","state_code":"11","district":"Namchi","district_code":"243","sub_district":"Yangang","sub_district_code":"6324","sub_district_type":"Sub Division","village":"Gagyong","village_category":"Rural","village_code":"261241"},"geometry":{"type":"Polygon","coordinates":[[[88.44062,27.33313],[88.43935,27.32364],[88.4396,27.31633],[88.43891,27.31436],[88.43729,27.31371],[88.43614,27.3107],[88.43522,27.31295],[88.43139,27.31378],[88.43131,27.31486],[88.42948,27.31469],[88.42748,27.31653],[88.42778,27.31781],[88.42597,27.31876],[88.42884,27.32446],[88.42807,27.32639],[88.42644,27.32632],[88.4265,27.32791],[88.42816,27.32943],[88.42811,27.33457],[88.42973,27.33574],[88.43384,27.33551],[88.43403,27.33348],[88.44062,27.33313]]]}},{"id":"181","type":"Feature","properties":{"state":"Sikkim","state_code":"11","district":"Namchi","district_code":"243","sub_district":"Yangang","sub_district_code":"6324","sub_district_type":"Sub Division","village":"Yangang","village_category":"Rural","village_code":"261243"},"geometry":{"type":"Polygon","coordinates":[[[88.39656,27.33964],[88.40211,27.34019],[88.40295,27.34107],[88.40587,27.33789],[88.41532,27.33832],[88.41609,27.33662],[88.41838,27.33559],[88.42034,27.33995],[88.42078,27.34411],[88.42489,27.34321],[88.42514,27.34148],[88.42398,27.33974],[88.42343,27.33557],[88.42394,27.3348],[88.42824,27.33419],[88.42816,27.32943],[88.42684,27.32856],[88.42638,27.32654],[88.42807,27.32639],[88.42872,27.32323],[88.42578,27.32044],[88.42464,27.32032],[88.42096,27.32332],[88.42103,27.3244],[88.41596,27.32542],[88.41657,27.32797],[88.41338,27.32831],[88.4101,27.33003],[88.40411,27.33034],[88.40479,27.33164],[88.40388,27.33296],[88.39939,27.33002],[88.39805,27.33687],[88.39656,27.33964]]]}},{"id":"182","type":"Feature","properties":{"state":"Sikkim","state_code":"11","district":"Namchi","district_code":"243","sub_district":"Yangang","sub_district_code":"6324","sub_district_type":"Sub Division","village":"Rangang","village_category":"Rural","village_code":"261242"},"geometry":{"type":"Polygon","coordinates":[[[88.4261,27.3666],[88.43134,27.36117],[88.43321,27.36067],[88.43346,27.3596],[88.43132,27.35444],[88.43661,27.34418],[88.43378,27.33553],[88.43073,27.33603],[88.4281,27.3341],[88.42349,27.33529],[88.425,27.3431],[88.42078,27.34411],[88.41841,27.35559],[88.41851,27.35936],[88.41994,27.35964],[88.42255,27.36332],[88.4261,27.3666]]]}},{"id":"183","type":"Feature","properties":{"state":"Sikkim","state_code":"11","district":"Namchi","district_code":"243","sub_district":"Yangang","sub_district_code":"6324","sub_district_type":"Sub Division","village":"Namphok","village_category":"Rural","village_code":"261240"},"geometry":{"type":"Polygon","coordinates":[[[88.45524,27.33071],[88.4547,27.32696],[88.45318,27.324],[88.45318,27.31959],[88.44827,27.31353],[88.44745,27.31111],[88.44783,27.30815],[88.44134,27.30538],[88.43845,27.30557],[88.43768,27.30463],[88.43592,27.30465],[88.43514,27.30348],[88.43327,27.30337],[88.43241,27.30766],[88.43116,27.30989],[88.43258,27.3107],[88.43614,27.3107],[88.43729,27.31371],[88.43909,27.31474],[88.44062,27.33313],[88.44242,27.33365],[88.45198,27.33077],[88.45524,27.33071]]]}},{"id":"184","type":"Feature","properties":{"state":"Sikkim","state_code":"11","district":"Namchi","district_code":"243","sub_district":"Yangang","sub_district_code":"6324","sub_district_type":"Sub Division","village":"Sripatam","village_category":"Rural","village_code":"261239"},"geometry":{"type":"Polygon","coordinates":[[[88.43378,27.33553],[88.43661,27.34418],[88.43132,27.35444],[88.43346,27.3596],[88.43317,27.36062],[88.43614,27.35637],[88.44017,27.35259],[88.44453,27.3496],[88.44939,27.34931],[88.45098,27.348],[88.45142,27.34628],[88.45399,27.34451],[88.45535,27.34127],[88.45768,27.33844],[88.45527,27.33542],[88.45524,27.33071],[88.45198,27.33077],[88.44242,27.33365],[88.43962,27.33299],[88.43403,27.33348],[88.43378,27.33553]]]}},{"id":"185","type":"Feature","properties":{"state":"Sikkim","state_code":"11","district":"Namchi","district_code":"243","sub_district":"Namchi","sub_district_code":"1551","sub_district_type":"Sub Division","village":"Chumlok","village_category":"Rural","village_code":"261106"},"geometry":{"type":"Polygon","coordinates":[[[88.33252,27.21317],[88.32858,27.21237],[88.32718,27.21122],[88.32534,27.21155],[88.32338,27.20805],[88.32046,27.20606],[88.31869,27.20588],[88.31455,27.20166],[88.30893,27.21269],[88.30769,27.21908],[88.31118,27.21959],[88.3123,27.22072],[88.31604,27.22102],[88.31738,27.22044],[88.31834,27.22112],[88.3254,27.21665],[88.32717,27.21594],[88.32877,27.2163],[88.32966,27.21457],[88.33252,27.21317]]]}},{"id":"186","type":"Feature","properties":{"state":"Sikkim","state_code":"11","district":"Namchi","district_code":"243","sub_district":"Namchi","sub_district_code":"1551","sub_district_type":"Sub Division","village":"Sanghanath","village_category":"Rural","village_code":"261223"},"geometry":{"type":"Polygon","coordinates":[[[88.30232,27.27119],[88.30656,27.26344],[88.30556,27.26047],[88.30569,27.25532],[88.30868,27.24797],[88.3081,27.24208],[88.30933,27.23731],[88.30817,27.23185],[88.30197,27.22804],[88.29789,27.22976],[88.29115,27.23086],[88.28835,27.23275],[88.28354,27.24079],[88.28156,27.25275],[88.28368,27.26042],[88.28405,27.26562],[88.28283,27.27058],[88.28801,27.27121],[88.28931,27.27257],[88.29402,27.27151],[88.29774,27.26875],[88.30083,27.27098],[88.30232,27.27119]]]}},{"id":"187","type":"Feature","properties":{"state":"Sikkim","state_code":"11","district":"Namchi","district_code":"243","sub_district":"Namchi","sub_district_code":"1551","sub_district_type":"Sub Division","village":"Omchu","village_category":"Rural","village_code":"261105"},"geometry":{"type":"Polygon","coordinates":[[[88.344,27.25167],[88.35376,27.24798],[88.35372,27.24612],[88.35507,27.24364],[88.35255,27.24361],[88.34895,27.2408],[88.34054,27.23921],[88.33412,27.23487],[88.33061,27.22969],[88.32291,27.22763],[88.32154,27.22517],[88.31881,27.22414],[88.31924,27.22195],[88.31766,27.22055],[88.31289,27.22083],[88.31118,27.21959],[88.30769,27.21908],[88.30596,27.22414],[88.30197,27.22804],[88.30822,27.23194],[88.30933,27.23731],[88.3081,27.24208],[88.30868,27.24797],[88.31384,27.24801],[88.32176,27.2455],[88.33415,27.2471],[88.344,27.25167]]]}},{"id":"188","type":"Feature","properties":{"state":"Sikkim","state_code":"11","district":"Namchi","district_code":"243","sub_district":"Namchi","sub_district_code":"1551","sub_district_type":"Sub Division","village":"Wak","village_category":"Rural","village_code":"261107"},"geometry":{"type":"Polygon","coordinates":[[[88.35498,27.24077],[88.35122,27.23327],[88.35121,27.23158],[88.34544,27.22547],[88.34487,27.22197],[88.34118,27.21645],[88.33937,27.21606],[88.33859,27.21306],[88.33364,27.21197],[88.33245,27.21371],[88.32966,27.21457],[88.32877,27.2163],[88.32717,27.21594],[88.3254,27.21665],[88.3183,27.22111],[88.31924,27.22195],[88.31881,27.22414],[88.32154,27.22517],[88.32291,27.22763],[88.33061,27.22969],[88.33412,27.23487],[88.34073,27.23931],[88.34907,27.24084],[88.35255,27.24361],[88.35507,27.24364],[88.35498,27.24077]]]}},{"id":"189","type":"Feature","properties":{"state":"Sikkim","state_code":"11","district":"Namchi","district_code":"243","sub_district":"Namchi","sub_district_code":"1551","sub_district_type":"Sub Division","village":"Tingrithang","village_category":"Rural","village_code":"261111"},"geometry":{"type":"Polygon","coordinates":[[[88.36086,27.21933],[88.3626,27.21834],[88.3642,27.21522],[88.36768,27.21125],[88.36715,27.20771],[88.37044,27.20032],[88.37037,27.19608],[88.36907,27.19591],[88.36586,27.19799],[88.36578,27.19606],[88.36322,27.19735],[88.35401,27.20517],[88.35096,27.20933],[88.34881,27.20913],[88.357,27.2189],[88.36086,27.21933]]]}},{"id":"190","type":"Feature","properties":{"state":"Sikkim","state_code":"11","district":"Namchi","district_code":"243","sub_district":"Namchi","sub_district_code":"1551","sub_district_type":"Sub Division","village":"Pabong","village_category":"Rural","village_code":"261113"},"geometry":{"type":"Polygon","coordinates":[[[88.36686,27.23052],[88.36595,27.22481],[88.36421,27.22321],[88.36233,27.22274],[88.36086,27.21933],[88.357,27.2189],[88.35014,27.21134],[88.34399,27.20245],[88.34109,27.20013],[88.33881,27.20103],[88.33338,27.20561],[88.33027,27.21061],[88.33094,27.2118],[88.33265,27.21137],[88.33393,27.21231],[88.33862,27.21309],[88.33937,27.21606],[88.34118,27.21645],[88.34487,27.22197],[88.34544,27.22547],[88.34865,27.2282],[88.35128,27.23266],[88.35328,27.23215],[88.35763,27.22747],[88.35908,27.22793],[88.36184,27.22729],[88.36223,27.22933],[88.36331,27.22886],[88.36351,27.22785],[88.36466,27.23021],[88.36686,27.23052]]]}},{"id":"191","type":"Feature","properties":{"state":"Sikkim","state_code":"11","district":"Namchi","district_code":"243","sub_district":"Namchi","sub_district_code":"1551","sub_district_type":"Sub Division","village":"Pakjer","village_category":"Rural","village_code":"261114"},"geometry":{"type":"Polygon","coordinates":[[[88.33289,27.21284],[88.33364,27.21197],[88.33265,27.21137],[88.33094,27.2118],[88.33027,27.21061],[88.33341,27.20557],[88.33881,27.20103],[88.34109,27.20013],[88.33926,27.19763],[88.33715,27.19618],[88.33341,27.19729],[88.32981,27.1964],[88.32444,27.19681],[88.31957,27.19437],[88.31742,27.1943],[88.31455,27.20166],[88.31869,27.20588],[88.32046,27.20606],[88.32338,27.20805],[88.32534,27.21155],[88.32718,27.21122],[88.32865,27.21239],[88.33289,27.21284]]]}},{"id":"192","type":"Feature","properties":{"state":"Sikkim","state_code":"11","district":"Namchi","district_code":"243","sub_district":"Namchi","sub_district_code":"1551","sub_district_type":"Sub Division","village":"Kateng Bokrong","village_category":"Rural","village_code":"261163"},"geometry":{"type":"Polygon","coordinates":[[[88.4611,27.16314],[88.4646,27.15841],[88.46619,27.15132],[88.46761,27.15028],[88.4674,27.1458],[88.4683,27.14519],[88.46875,27.14124],[88.46984,27.14084],[88.4712,27.13447],[88.46154,27.13241],[88.45993,27.1291],[88.45632,27.12645],[88.45489,27.12137],[88.45006,27.1254],[88.45029,27.12848],[88.44849,27.13575],[88.44999,27.13792],[88.45019,27.13962],[88.44933,27.14109],[88.45063,27.14467],[88.44874,27.15042],[88.44996,27.15206],[88.44964,27.15435],[88.45022,27.15596],[88.45147,27.15541],[88.45308,27.15737],[88.45684,27.15519],[88.45838,27.15608],[88.45894,27.15744],[88.46,27.15735],[88.46096,27.15868],[88.45896,27.16213],[88.4611,27.16314]]]}},{"id":"193","type":"Feature","properties":{"state":"Sikkim","state_code":"11","district":"Namchi","district_code":"243","sub_district":"Namchi","sub_district_code":"1551","sub_district_type":"Sub Division","village":"Pamphok","village_category":"Rural","village_code":"261193"},"geometry":{"type":"Polygon","coordinates":[[[88.4784,27.15758],[88.47946,27.15374],[88.48084,27.15229],[88.47957,27.15],[88.48116,27.14635],[88.47918,27.14596],[88.47892,27.14469],[88.47963,27.14378],[88.48156,27.14417],[88.48462,27.14293],[88.48546,27.14097],[88.48471,27.13989],[88.47862,27.13904],[88.47225,27.14164],[88.47033,27.14472],[88.46979,27.14076],[88.46902,27.14103],[88.4683,27.14519],[88.4674,27.1458],[88.46761,27.15028],[88.46619,27.15132],[88.4646,27.15841],[88.46378,27.1592],[88.46528,27.16085],[88.46717,27.15845],[88.46837,27.15803],[88.46868,27.15948],[88.46938,27.15996],[88.47031,27.15894],[88.47155,27.1615],[88.47287,27.16127],[88.47398,27.16239],[88.47369,27.15927],[88.4784,27.15758]]]}},{"id":"194","type":"Feature","properties":{"state":"Sikkim","state_code":"11","district":"Namchi","district_code":"243","sub_district":"Namchi","sub_district_code":"1551","sub_district_type":"Sub Division","village":"Donok","village_category":"Rural","village_code":"261194"},"geometry":{"type":"Polygon","coordinates":[[[88.50734,27.15875],[88.50909,27.15916],[88.5103,27.15827],[88.51044,27.15095],[88.50822,27.14837],[88.50456,27.14719],[88.5052,27.14963],[88.50286,27.15197],[88.50455,27.15182],[88.50389,27.15232],[88.50449,27.15528],[88.5031,27.1594],[88.50339,27.16111],[88.50528,27.16216],[88.50581,27.16],[88.50734,27.15875]]]}},{"id":"195","type":"Feature","properties":{"state":"Sikkim","state_code":"11","district":"Namchi","district_code":"243","sub_district":"Namchi","sub_district_code":"1551","sub_district_type":"Sub Division","village":"Turung","village_category":"Rural","village_code":"261191"},"geometry":{"type":"Polygon","coordinates":[[[88.50525,27.16217],[88.50339,27.16111],[88.5031,27.1594],[88.50437,27.15643],[88.50453,27.15349],[88.50389,27.15232],[88.50455,27.15182],[88.50286,27.15197],[88.5052,27.14963],[88.50396,27.14273],[88.49873,27.14286],[88.49872,27.1444],[88.49754,27.14499],[88.49071,27.14463],[88.48638,27.14982],[88.48444,27.14945],[88.48609,27.15583],[88.48454,27.16137],[88.48583,27.17063],[88.48485,27.17278],[88.48379,27.17277],[88.48155,27.17483],[88.48096,27.17647],[88.48298,27.17646],[88.48503,27.17764],[88.48632,27.17968],[88.48951,27.18131],[88.49017,27.17635],[88.49288,27.17424],[88.49518,27.17296],[88.49649,27.17341],[88.50146,27.17219],[88.50392,27.16821],[88.50405,27.16491],[88.50525,27.16217]]]}},{"id":"196","type":"Feature","properties":{"state":"Sikkim","state_code":"11","district":"Namchi","district_code":"243","sub_district":"Namchi","sub_district_code":"1551","sub_district_type":"Sub Division","village":"Paleytam","village_category":"Rural","village_code":"261164"},"geometry":{"type":"Polygon","coordinates":[[[88.46378,27.1592],[88.45936,27.16616],[88.46015,27.17237],[88.46143,27.17265],[88.46209,27.17382],[88.46377,27.17261],[88.46643,27.17267],[88.46707,27.17044],[88.46678,27.16651],[88.46755,27.16619],[88.46694,27.16559],[88.46696,27.1655],[88.46878,27.16139],[88.46837,27.15803],[88.46717,27.15845],[88.46528,27.16085],[88.46378,27.1592]]]}},{"id":"197","type":"Feature","properties":{"state":"Sikkim","state_code":"11","district":"Namchi","district_code":"243","sub_district":"Namchi","sub_district_code":"1551","sub_district_type":"Sub Division","village":"Nagi","village_category":"Rural","village_code":"261166"},"geometry":{"type":"Polygon","coordinates":[[[88.46383,27.19131],[88.46407,27.18531],[88.46523,27.18089],[88.46915,27.17645],[88.47179,27.17594],[88.47293,27.17475],[88.47167,27.17423],[88.46966,27.17475],[88.4677,27.17398],[88.46728,27.17275],[88.46551,27.17256],[88.46377,27.17261],[88.46209,27.17382],[88.46143,27.17265],[88.46015,27.17237],[88.45936,27.16616],[88.4611,27.16314],[88.45889,27.16187],[88.46096,27.15868],[88.45684,27.15519],[88.45308,27.15737],[88.45196,27.15678],[88.44936,27.1577],[88.45157,27.16731],[88.45075,27.17085],[88.45115,27.17292],[88.44794,27.1744],[88.44833,27.17836],[88.45063,27.18415],[88.45591,27.18806],[88.45983,27.18953],[88.46205,27.18951],[88.46383,27.19131]]]}},{"id":"198","type":"Feature","properties":{"state":"Sikkim","state_code":"11","district":"Namchi","district_code":"243","sub_district":"Namchi","sub_district_code":"1551","sub_district_type":"Sub Division","village":"Mamring","village_category":"Rural","village_code":"261195"},"geometry":{"type":"Polygon","coordinates":[[[88.50726,27.18147],[88.50733,27.17681],[88.51123,27.17342],[88.50929,27.17182],[88.50597,27.17164],[88.50502,27.17178],[88.5026,27.17477],[88.50233,27.17665],[88.50016,27.1782],[88.5009,27.1794],[88.49941,27.17934],[88.49846,27.18041],[88.49618,27.18097],[88.49543,27.18256],[88.49753,27.18281],[88.49917,27.17992],[88.50046,27.1797],[88.50287,27.18092],[88.50726,27.18147]]]}},{"id":"199","type":"Feature","properties":{"state":"Sikkim","state_code":"11","district":"Namchi","district_code":"243","sub_district":"Ravangla","sub_district_code":"1552","sub_district_type":"Sub Division","village":"Tinkitam","village_category":"Rural","village_code":"261224"},"geometry":{"type":"Polygon","coordinates":[[[88.34051,27.2657],[88.33845,27.26284],[88.33812,27.25829],[88.33373,27.25423],[88.32803,27.24603],[88.32115,27.24556],[88.31384,27.24801],[88.30868,27.24797],[88.30569,27.25532],[88.30556,27.26047],[88.30656,27.26344],[88.30232,27.27119],[88.30389,27.27228],[88.30658,27.27052],[88.31089,27.27466],[88.31354,27.27258],[88.31416,27.2694],[88.3164,27.26825],[88.3176,27.26628],[88.31987,27.26559],[88.32028,27.26335],[88.3223,27.26278],[88.32364,27.26407],[88.32594,27.26358],[88.32813,27.26472],[88.33034,27.26428],[88.33764,27.26647],[88.34051,27.2657]]]}},{"id":"200","type":"Feature","properties":{"state":"Sikkim","state_code":"11","district":"Namchi","district_code":"243","sub_district":"Ravangla","sub_district_code":"1552","sub_district_type":"Sub Division","village":"Hingdam","village_category":"Rural","village_code":"261219"},"geometry":{"type":"Polygon","coordinates":[[[88.28157,27.3031],[88.28454,27.30113],[88.28495,27.29667],[88.28366,27.29216],[88.27973,27.28843],[88.27842,27.28098],[88.27511,27.27828],[88.26878,27.28317],[88.27111,27.28638],[88.26888,27.29042],[88.27076,27.29012],[88.27302,27.29417],[88.27023,27.29417],[88.26857,27.29696],[88.26939,27.29926],[88.27487,27.29877],[88.27665,27.29966],[88.27721,27.30163],[88.28157,27.3031]]]}},{"id":"201","type":"Feature","properties":{"state":"Sikkim","state_code":"11","district":"Namchi","district_code":"243","sub_district":"Ravangla","sub_district_code":"1552","sub_district_type":"Sub Division","village":"Lamaten","village_category":"Rural","village_code":"261220"},"geometry":{"type":"Polygon","coordinates":[[[88.28126,27.30417],[88.28818,27.30293],[88.29189,27.30064],[88.29553,27.30179],[88.29652,27.29892],[88.29509,27.29474],[88.29133,27.28863],[88.29211,27.28295],[88.28781,27.27928],[88.28603,27.27563],[88.28602,27.27384],[88.2826,27.27196],[88.28078,27.27344],[88.28074,27.2767],[88.27667,27.27672],[88.27511,27.27828],[88.27842,27.28098],[88.27973,27.28843],[88.28366,27.29216],[88.28495,27.29667],[88.28454,27.30113],[88.28139,27.30322],[88.28126,27.30417]]]}},{"id":"202","type":"Feature","properties":{"state":"Sikkim","state_code":"11","district":"Namchi","district_code":"243","sub_district":"Ravangla","sub_district_code":"1552","sub_district_type":"Sub Division","village":"Tingmo","village_category":"Rural","village_code":"261222"},"geometry":{"type":"Polygon","coordinates":[[[88.29555,27.30185],[88.30275,27.30164],[88.30754,27.29878],[88.31013,27.29856],[88.31199,27.29581],[88.31412,27.29243],[88.31315,27.29009],[88.31422,27.28491],[88.31348,27.27688],[88.30624,27.27043],[88.30389,27.27228],[88.29753,27.26876],[88.29402,27.27151],[88.28901,27.27259],[88.28801,27.27121],[88.28283,27.27058],[88.2826,27.27196],[88.28602,27.27384],[88.28603,27.27563],[88.28781,27.27928],[88.29211,27.28295],[88.29133,27.28863],[88.29509,27.29474],[88.29652,27.29886],[88.29555,27.30185]]]}},{"id":"203","type":"Feature","properties":{"state":"Sikkim","state_code":"11","district":"Namchi","district_code":"243","sub_district":"Ravangla","sub_district_code":"1552","sub_district_type":"Sub Division","village":"Mangbrue","village_category":"Rural","village_code":"261221"},"geometry":{"type":"Polygon","coordinates":[[[88.27847,27.30983],[88.27967,27.30898],[88.28157,27.3031],[88.27721,27.30163],[88.27576,27.30036],[88.27361,27.30135],[88.27216,27.30071],[88.27314,27.30805],[88.27847,27.30983]]]}},{"id":"204","type":"Feature","properties":{"state":"Sikkim","state_code":"11","district":"Namchi","district_code":"243","sub_district":"Ravangla","sub_district_code":"1552","sub_district_type":"Sub Division","village":"Rayong","village_category":"Rural","village_code":"261225"},"geometry":{"type":"Polygon","coordinates":[[[88.34051,27.2657],[88.33848,27.26659],[88.33034,27.26428],[88.32813,27.26472],[88.32594,27.26358],[88.32364,27.26407],[88.3223,27.26278],[88.32028,27.26335],[88.31987,27.26559],[88.3176,27.26628],[88.3164,27.26825],[88.31416,27.2694],[88.31354,27.27258],[88.31089,27.27466],[88.31358,27.27716],[88.31398,27.28689],[88.31676,27.28635],[88.32345,27.29128],[88.32942,27.29259],[88.33115,27.28999],[88.33024,27.28927],[88.336,27.28322],[88.33548,27.28247],[88.33646,27.28052],[88.33549,27.27655],[88.3399,27.27349],[88.34081,27.26952],[88.34051,27.2657]]]}},{"id":"205","type":"Feature","properties":{"state":"Sikkim","state_code":"11","district":"Namchi","district_code":"243","sub_district":"Namchi","sub_district_code":"1551","sub_district_type":"Sub Division","village":"Deu","village_category":"Rural","village_code":"261247"},"geometry":{"type":"Polygon","coordinates":[[[88.4351,27.28112],[88.42984,27.27665],[88.42809,27.27237],[88.42577,27.27015],[88.42436,27.27097],[88.42275,27.27479],[88.41994,27.27474],[88.41782,27.27362],[88.41447,27.27412],[88.41318,27.27313],[88.40985,27.27421],[88.40832,27.27294],[88.40859,27.27092],[88.40778,27.26972],[88.40472,27.26879],[88.40383,27.26747],[88.40342,27.26608],[88.40465,27.26221],[88.40212,27.26165],[88.40124,27.26043],[88.39475,27.26395],[88.38999,27.26467],[88.38762,27.26624],[88.38598,27.26887],[88.38608,27.27149],[88.3889,27.27097],[88.39434,27.27311],[88.39728,27.27283],[88.39964,27.2744],[88.40391,27.27497],[88.40764,27.27715],[88.40963,27.27992],[88.41325,27.28028],[88.41721,27.28265],[88.42083,27.28328],[88.42273,27.28278],[88.43214,27.28921],[88.43232,27.2858],[88.43347,27.28443],[88.43098,27.28262],[88.43073,27.28323],[88.4299,27.28267],[88.43034,27.28165],[88.43106,27.28236],[88.43311,27.28233],[88.4351,27.28112]]]}},{"id":"206","type":"Feature","properties":{"state":"Sikkim","state_code":"11","district":"Namchi","district_code":"243","sub_district":"Namchi","sub_district_code":"1551","sub_district_type":"Sub Division","village":"Ben","village_category":"Rural","village_code":"261246"},"geometry":{"type":"Polygon","coordinates":[[[88.39032,27.2715],[88.39181,27.27351],[88.39161,27.27491],[88.39436,27.27639],[88.39712,27.27995],[88.39641,27.28193],[88.39793,27.28346],[88.39825,27.28588],[88.39739,27.2869],[88.39794,27.28954],[88.40126,27.29019],[88.4016,27.29211],[88.40341,27.29217],[88.40545,27.29366],[88.40784,27.29172],[88.40827,27.29248],[88.41271,27.29037],[88.41422,27.29099],[88.41653,27.29581],[88.41861,27.29724],[88.42174,27.30119],[88.42117,27.30301],[88.42196,27.30603],[88.42526,27.30466],[88.42791,27.30502],[88.43438,27.30337],[88.43845,27.30557],[88.44134,27.30538],[88.44783,27.30815],[88.44826,27.30543],[88.44698,27.29994],[88.44784,27.29708],[88.44696,27.29652],[88.44497,27.29691],[88.44365,27.29554],[88.44096,27.29457],[88.44045,27.29275],[88.43785,27.29094],[88.43447,27.29118],[88.43357,27.28979],[88.42868,27.28737],[88.42485,27.28369],[88.42261,27.28276],[88.42083,27.28328],[88.41721,27.28265],[88.41325,27.28028],[88.40963,27.27992],[88.40764,27.27715],[88.40391,27.27497],[88.39964,27.2744],[88.39728,27.27283],[88.39434,27.27311],[88.39032,27.2715]]]}},{"id":"207","type":"Feature","properties":{"state":"Sikkim","state_code":"11","district":"Namchi","district_code":"243","sub_district":"Namchi","sub_district_code":"1551","sub_district_type":"Sub Division","village":"Namprik","village_category":"Rural","village_code":"261245"},"geometry":{"type":"Polygon","coordinates":[[[88.4145,27.30956],[88.4176,27.30652],[88.42196,27.30603],[88.42216,27.30495],[88.42117,27.30301],[88.42174,27.30119],[88.41861,27.29724],[88.41653,27.29581],[88.41416,27.29095],[88.41271,27.29037],[88.40827,27.29248],[88.40784,27.29172],[88.40554,27.29366],[88.40341,27.29217],[88.40168,27.29217],[88.40149,27.29038],[88.40075,27.28997],[88.3948,27.28988],[88.39161,27.28889],[88.39001,27.28902],[88.38952,27.29018],[88.38199,27.28999],[88.38125,27.28938],[88.37862,27.2903],[88.37778,27.29136],[88.3773,27.2956],[88.38347,27.29894],[88.389,27.30144],[88.3991,27.30197],[88.40466,27.3045],[88.40622,27.30374],[88.40701,27.30455],[88.40969,27.30486],[88.41128,27.3058],[88.41253,27.30851],[88.4145,27.30956]]]}},{"id":"208","type":"Feature","properties":{"state":"Sikkim","state_code":"11","district":"Namchi","district_code":"243","sub_district":"Namchi","sub_district_code":"1551","sub_district_type":"Sub Division","village":"Tanak","village_category":"Rural","village_code":"261185"},"geometry":{"type":"Polygon","coordinates":[[[88.46292,27.28306],[88.46523,27.27895],[88.46272,27.2785],[88.46107,27.27514],[88.45694,27.27518],[88.45359,27.27018],[88.44833,27.26923],[88.44468,27.27023],[88.44052,27.26813],[88.44042,27.27256],[88.43894,27.27282],[88.44061,27.27426],[88.43777,27.27689],[88.43974,27.27686],[88.44324,27.28038],[88.45008,27.28061],[88.45522,27.28195],[88.45573,27.28083],[88.45758,27.28461],[88.46193,27.28817],[88.46292,27.28306]]]}},{"id":"209","type":"Feature","properties":{"state":"Sikkim","state_code":"11","district":"Namchi","district_code":"243","sub_district":"Namchi","sub_district_code":"1551","sub_district_type":"Sub Division","village":"Tarku","village_category":"Rural","village_code":"261184"},"geometry":{"type":"Polygon","coordinates":[[[88.44802,27.29678],[88.45398,27.28929],[88.4596,27.28945],[88.46193,27.28817],[88.45758,27.28461],[88.45573,27.28083],[88.45522,27.28195],[88.45008,27.28061],[88.44324,27.28038],[88.43974,27.27686],[88.43797,27.27698],[88.4359,27.27584],[88.43161,27.27802],[88.4351,27.28112],[88.43311,27.28233],[88.43106,27.28236],[88.43034,27.28165],[88.4299,27.28267],[88.43073,27.28323],[88.43098,27.28262],[88.43347,27.28443],[88.43232,27.2858],[88.43214,27.28921],[88.43474,27.2913],[88.43756,27.29083],[88.43985,27.2921],[88.44096,27.29457],[88.44365,27.29554],[88.44497,27.29691],[88.44802,27.29678]]]}},{"id":"210","type":"Feature","properties":{"state":"Sikkim","state_code":"11","district":"Namchi","district_code":"243","sub_district":"Jorethang","sub_district_code":"6325","sub_district_type":"Sub Division","village":"Sumbuk","village_category":"Rural","village_code":"261134"},"geometry":{"type":"Polygon","coordinates":[[[88.37891,27.10237],[88.37524,27.10147],[88.37323,27.10184],[88.37187,27.09902],[88.37091,27.1008],[88.36634,27.10211],[88.37044,27.10762],[88.37166,27.1077],[88.37217,27.10951],[88.37654,27.10949],[88.37934,27.11295],[88.38092,27.11067],[88.37994,27.10816],[88.38087,27.10735],[88.3798,27.10517],[88.38019,27.10382],[88.37891,27.10237]]]}},{"id":"211","type":"Feature","properties":{"state":"Sikkim","state_code":"11","district":"Namchi","district_code":"243","sub_district":"Jorethang","sub_district_code":"6325","sub_district_type":"Sub Division","village":"Kartikey","village_category":"Rural","village_code":"261133"},"geometry":{"type":"Polygon","coordinates":[[[88.37226,27.10952],[88.37166,27.1077],[88.37044,27.10762],[88.36634,27.10211],[88.36438,27.10384],[88.36274,27.11095],[88.36067,27.1154],[88.35902,27.11687],[88.36558,27.12007],[88.37083,27.11948],[88.37607,27.11614],[88.37156,27.11145],[88.37226,27.10952]]]}},{"id":"212","type":"Feature","properties":{"state":"Sikkim","state_code":"11","district":"Namchi","district_code":"243","sub_district":"Jorethang","sub_district_code":"6325","sub_district_type":"Sub Division","village":"Suntaley","village_category":"Rural","village_code":"261135"},"geometry":{"type":"Polygon","coordinates":[[[88.38113,27.13492],[88.37774,27.12796],[88.37937,27.12329],[88.37838,27.11663],[88.37915,27.1162],[88.37888,27.11289],[88.37654,27.10949],[88.37226,27.10952],[88.37156,27.11145],[88.37607,27.11614],[88.37083,27.11948],[88.36697,27.12031],[88.36415,27.12002],[88.36643,27.12402],[88.36782,27.12474],[88.36852,27.12893],[88.37345,27.13302],[88.37307,27.13424],[88.37573,27.13611],[88.37714,27.13894],[88.38113,27.13492]]]}},{"id":"213","type":"Feature","properties":{"state":"Sikkim","state_code":"11","district":"Namchi","district_code":"243","sub_district":"Jorethang","sub_district_code":"6325","sub_district_type":"Sub Division","village":"Salghari","village_category":"Rural","village_code":"261121"},"geometry":{"type":"Polygon","coordinates":[[[88.28938,27.12773],[88.28882,27.13096],[88.28308,27.13445],[88.28001,27.13356],[88.27733,27.1316],[88.27738,27.13393],[88.28114,27.13477],[88.28226,27.13578],[88.28436,27.14232],[88.29987,27.13487],[88.29829,27.13248],[88.29615,27.13337],[88.29556,27.13448],[88.29398,27.13457],[88.29432,27.13321],[88.2926,27.13206],[88.2916,27.12938],[88.29213,27.12778],[88.28938,27.12773]]]}},{"id":"214","type":"Feature","properties":{"state":"Sikkim","state_code":"11","district":"Namchi","district_code":"243","sub_district":"Jorethang","sub_district_code":"6325","sub_district_type":"Sub Division","village":"Dorop","village_category":"Rural","village_code":"261123"},"geometry":{"type":"Polygon","coordinates":[[[88.31317,27.12882],[88.31082,27.12507],[88.30627,27.12792],[88.30229,27.12929],[88.29918,27.12833],[88.29842,27.12593],[88.29722,27.12518],[88.29128,27.1277],[88.29213,27.12778],[88.2916,27.12938],[88.2926,27.13206],[88.29432,27.13321],[88.29398,27.13457],[88.29556,27.13448],[88.29615,27.13337],[88.29829,27.13248],[88.29979,27.13477],[88.30054,27.13392],[88.30197,27.13446],[88.30444,27.13354],[88.30804,27.13614],[88.30958,27.13229],[88.31167,27.12954],[88.31317,27.12882]]]}},{"id":"215","type":"Feature","properties":{"state":"Sikkim","state_code":"11","district":"Namchi","district_code":"243","sub_district":"Jorethang","sub_district_code":"6325","sub_district_type":"Sub Division","village":"Dhargaon","village_category":"Rural","village_code":"261122"},"geometry":{"type":"Polygon","coordinates":[[[88.32125,27.13199],[88.31902,27.12755],[88.31743,27.12671],[88.3166,27.12768],[88.31167,27.12954],[88.30958,27.13229],[88.30804,27.13614],[88.30444,27.13354],[88.30197,27.13446],[88.30054,27.13392],[88.29953,27.13517],[88.3015,27.13932],[88.30348,27.13916],[88.30417,27.14099],[88.30499,27.13912],[88.30687,27.14097],[88.3061,27.13817],[88.3093,27.14108],[88.31233,27.14156],[88.31358,27.14051],[88.31448,27.1437],[88.31543,27.14481],[88.31664,27.14459],[88.31745,27.14592],[88.32049,27.13795],[88.32125,27.13199]]]}},{"id":"216","type":"Feature","properties":{"state":"Sikkim","state_code":"11","district":"Namchi","district_code":"243","sub_district":"Jorethang","sub_district_code":"6325","sub_district_type":"Sub Division","village":"Chisopani","village_category":"Rural","village_code":"261120"},"geometry":{"type":"Polygon","coordinates":[[[88.30178,27.13953],[88.29955,27.13515],[88.29378,27.13746],[88.28436,27.14232],[88.28299,27.14796],[88.28421,27.14994],[88.28652,27.14796],[88.29472,27.14576],[88.29552,27.14597],[88.29648,27.14818],[88.29749,27.1481],[88.29911,27.14582],[88.30229,27.14387],[88.30125,27.14088],[88.30178,27.13953]]]}},{"id":"217","type":"Feature","properties":{"state":"Sikkim","state_code":"11","district":"Namchi","district_code":"243","sub_district":"Jorethang","sub_district_code":"6325","sub_district_type":"Sub Division","village":"Tinik","village_category":"Rural","village_code":"261119"},"geometry":{"type":"Polygon","coordinates":[[[88.30075,27.15433],[88.30581,27.15249],[88.30503,27.15155],[88.30662,27.1512],[88.30624,27.14982],[88.30757,27.14811],[88.30902,27.14766],[88.30868,27.14681],[88.3075,27.14663],[88.30758,27.14522],[88.30511,27.14458],[88.30276,27.14258],[88.30417,27.14099],[88.30348,27.13916],[88.30125,27.14006],[88.30229,27.14387],[88.29911,27.14582],[88.29749,27.1481],[88.29648,27.14818],[88.29552,27.14597],[88.29472,27.14576],[88.28652,27.14796],[88.28421,27.14994],[88.28982,27.15742],[88.29747,27.15335],[88.30075,27.15433]]]}},{"id":"218","type":"Feature","properties":{"state":"Sikkim","state_code":"11","district":"Namchi","district_code":"243","sub_district":"Namchi","sub_district_code":"1551","sub_district_type":"Sub Division","village":"Sukrabarey","village_category":"Rural","village_code":"261155"},"geometry":{"type":"Polygon","coordinates":[[[88.438,27.10952],[88.43187,27.10853],[88.42457,27.11011],[88.42224,27.10959],[88.42135,27.11041],[88.41824,27.11074],[88.41778,27.1121],[88.41625,27.11204],[88.4119,27.11437],[88.40925,27.11598],[88.40823,27.11794],[88.40666,27.11824],[88.40538,27.12007],[88.40422,27.12757],[88.40474,27.12894],[88.40598,27.12915],[88.40627,27.12761],[88.40959,27.1237],[88.4123,27.12277],[88.4161,27.11955],[88.41832,27.12089],[88.42404,27.12193],[88.42495,27.11902],[88.43516,27.11091],[88.438,27.10952]]]}},{"id":"219","type":"Feature","properties":{"state":"Sikkim","state_code":"11","district":"Namchi","district_code":"243","sub_district":"Namchi","sub_district_code":"1551","sub_district_type":"Sub Division","village":"Suntaley","village_category":"Rural","village_code":"261154"},"geometry":{"type":"Polygon","coordinates":[[[88.43029,27.13302],[88.4349,27.13032],[88.43646,27.1272],[88.43915,27.12556],[88.44372,27.12553],[88.44582,27.12646],[88.45084,27.12518],[88.45489,27.12137],[88.45394,27.11917],[88.44726,27.11473],[88.44607,27.11553],[88.44523,27.1152],[88.443,27.1108],[88.438,27.10952],[88.43527,27.11084],[88.42495,27.11902],[88.42408,27.1211],[88.42404,27.12193],[88.42676,27.12223],[88.42501,27.12615],[88.42715,27.12702],[88.42717,27.12814],[88.42589,27.12902],[88.42962,27.13064],[88.43029,27.13302]]]}},{"id":"220","type":"Feature","properties":{"state":"Sikkim","state_code":"11","district":"Namchi","district_code":"243","sub_district":"Namchi","sub_district_code":"1551","sub_district_type":"Sub Division","village":"Sadam","village_category":"Rural","village_code":"261156"},"geometry":{"type":"Polygon","coordinates":[[[88.4084,27.14051],[88.41446,27.14083],[88.41851,27.14241],[88.42364,27.14229],[88.42582,27.13688],[88.42772,27.13441],[88.43029,27.13302],[88.42962,27.13064],[88.42574,27.1287],[88.42728,27.12784],[88.42715,27.12702],[88.42501,27.12615],[88.42676,27.12223],[88.42202,27.12187],[88.4161,27.11955],[88.4123,27.12277],[88.40959,27.1237],[88.40507,27.12955],[88.40399,27.1349],[88.4084,27.14051]]]}},{"id":"221","type":"Feature","properties":{"state":"Sikkim","state_code":"11","district":"Namchi","district_code":"243","sub_district":"Namchi","sub_district_code":"1551","sub_district_type":"Sub Division","village":"Rabitar","village_category":"Rural","village_code":"261157"},"geometry":{"type":"Polygon","coordinates":[[[88.42364,27.14229],[88.41851,27.14241],[88.41446,27.14083],[88.4084,27.14051],[88.40834,27.14718],[88.40506,27.14871],[88.40415,27.15073],[88.40409,27.15209],[88.40648,27.15524],[88.40512,27.1576],[88.40338,27.1582],[88.40297,27.15953],[88.4058,27.1655],[88.40862,27.16452],[88.41032,27.16227],[88.41255,27.16148],[88.4163,27.15633],[88.41785,27.15547],[88.41909,27.15574],[88.42094,27.15369],[88.42364,27.14229]]]}},{"id":"222","type":"Feature","properties":{"state":"Sikkim","state_code":"11","district":"Namchi","district_code":"243","sub_district":"Namchi","sub_district_code":"1551","sub_district_type":"Sub Division","village":"Kamaray","village_category":"Rural","village_code":"261146"},"geometry":{"type":"Polygon","coordinates":[[[88.38918,27.1106],[88.38846,27.10295],[88.38682,27.10186],[88.37891,27.10237],[88.38019,27.10382],[88.3798,27.10517],[88.38087,27.10735],[88.37994,27.10816],[88.38092,27.11067],[88.3788,27.11324],[88.37919,27.11687],[88.38172,27.11815],[88.38261,27.11725],[88.3832,27.11799],[88.38418,27.11552],[88.38693,27.11414],[88.38918,27.1106]]]}},{"id":"223","type":"Feature","properties":{"state":"Sikkim","state_code":"11","district":"Namchi","district_code":"243","sub_district":"Namchi","sub_district_code":"1551","sub_district_type":"Sub Division","village":"Lungchuk","village_category":"Rural","village_code":"261145"},"geometry":{"type":"Polygon","coordinates":[[[88.39747,27.13854],[88.39652,27.13605],[88.3965,27.13292],[88.39517,27.13135],[88.38998,27.11728],[88.38918,27.1106],[88.38693,27.11414],[88.38418,27.11552],[88.3832,27.11799],[88.38261,27.11725],[88.38172,27.11815],[88.37838,27.11663],[88.37937,27.12329],[88.37774,27.12796],[88.38216,27.13614],[88.38928,27.13925],[88.39259,27.14363],[88.39747,27.13854]]]}},{"id":"224","type":"Feature","properties":{"state":"Sikkim","state_code":"11","district":"Namchi","district_code":"243","sub_district":"Namchi","sub_district_code":"1551","sub_district_type":"Sub Division","village":"Rong","village_category":"Rural","village_code":"261136"},"geometry":{"type":"Polygon","coordinates":[[[88.37714,27.13894],[88.37573,27.13611],[88.37307,27.13424],[88.37345,27.13302],[88.36852,27.12893],[88.36782,27.12474],[88.36643,27.12402],[88.36388,27.11937],[88.35902,27.11687],[88.35813,27.11811],[88.35496,27.11945],[88.35164,27.12613],[88.35374,27.13073],[88.35347,27.13285],[88.35507,27.13763],[88.35978,27.13769],[88.36046,27.13705],[88.36311,27.13831],[88.36636,27.13843],[88.37046,27.14075],[88.37562,27.142],[88.37627,27.14156],[88.37572,27.14051],[88.37714,27.13894]]]}},{"id":"225","type":"Feature","properties":{"state":"Sikkim","state_code":"11","district":"Namchi","district_code":"243","sub_district":"Namchi","sub_district_code":"1551","sub_district_type":"Sub Division","village":"Palum","village_category":"Rural","village_code":"261137"},"geometry":{"type":"Polygon","coordinates":[[[88.35928,27.14893],[88.36336,27.15232],[88.36594,27.14954],[88.36786,27.1451],[88.37215,27.14294],[88.37166,27.14117],[88.36636,27.13843],[88.36311,27.13831],[88.36046,27.13705],[88.35978,27.13769],[88.35507,27.13763],[88.35557,27.14421],[88.35735,27.14822],[88.35928,27.14893]]]}},{"id":"226","type":"Feature","properties":{"state":"Sikkim","state_code":"11","district":"Namchi","district_code":"243","sub_district":"Namchi","sub_district_code":"1551","sub_district_type":"Sub Division","village":"Singtam","village_category":"Rural","village_code":"261138"},"geometry":{"type":"Polygon","coordinates":[[[88.3813,27.14737],[88.3787,27.14699],[88.37704,27.14874],[88.37636,27.14555],[88.37123,27.14297],[88.36786,27.1451],[88.36594,27.14954],[88.36336,27.15232],[88.36533,27.15396],[88.37608,27.15508],[88.3813,27.14737]]]}},{"id":"227","type":"Feature","properties":{"state":"Sikkim","state_code":"11","district":"Namchi","district_code":"243","sub_district":"Namchi","sub_district_code":"1551","sub_district_type":"Sub Division","village":"Bul","village_category":"Rural","village_code":"261139"},"geometry":{"type":"Polygon","coordinates":[[[88.39196,27.15909],[88.39301,27.15772],[88.39326,27.1553],[88.38982,27.15395],[88.38912,27.15025],[88.38732,27.14941],[88.38706,27.14603],[88.38615,27.14509],[88.3813,27.14737],[88.37608,27.15508],[88.37779,27.15536],[88.37797,27.15649],[88.38024,27.15832],[88.38139,27.15758],[88.38383,27.1577],[88.38716,27.15854],[88.38875,27.16036],[88.39196,27.15909]]]}},{"id":"228","type":"Feature","properties":{"state":"Sikkim","state_code":"11","district":"Namchi","district_code":"243","sub_district":"Namchi","sub_district_code":"1551","sub_district_type":"Sub Division","village":"Ramang","village_category":"Rural","village_code":"261173"},"geometry":{"type":"Polygon","coordinates":[[[88.44417,27.21299],[88.44982,27.20936],[88.45144,27.20525],[88.44635,27.20237],[88.44137,27.20107],[88.43469,27.20045],[88.43305,27.20097],[88.43098,27.20025],[88.42761,27.20145],[88.42436,27.19946],[88.42113,27.20009],[88.42047,27.20203],[88.41844,27.20119],[88.41719,27.20251],[88.41401,27.20201],[88.41239,27.20281],[88.41029,27.20595],[88.40906,27.20987],[88.40739,27.21065],[88.40632,27.21248],[88.41017,27.21375],[88.41884,27.21315],[88.4207,27.21697],[88.42252,27.21541],[88.43222,27.21171],[88.43617,27.21143],[88.4396,27.21019],[88.44417,27.21299]]]}},{"id":"229","type":"Feature","properties":{"state":"Sikkim","state_code":"11","district":"Namchi","district_code":"243","sub_district":"Namchi","sub_district_code":"1551","sub_district_type":"Sub Division","village":"Nijameng","village_category":"Rural","village_code":"261174"},"geometry":{"type":"Polygon","coordinates":[[[88.4207,27.21697],[88.42441,27.22251],[88.42562,27.2203],[88.4308,27.2168],[88.4363,27.21605],[88.44078,27.21708],[88.44285,27.21589],[88.44417,27.21299],[88.4396,27.21019],[88.43617,27.21143],[88.43222,27.21171],[88.42252,27.21541],[88.4207,27.21697]]]}},{"id":"230","type":"Feature","properties":{"state":"Sikkim","state_code":"11","district":"Namchi","district_code":"243","sub_district":"Ravangla","sub_district_code":"1552","sub_district_type":"Sub Division","village":"Lingding","village_category":"Rural","village_code":"261208"},"geometry":{"type":"Polygon","coordinates":[[[88.30164,27.36345],[88.30266,27.36274],[88.30493,27.36317],[88.30763,27.36176],[88.30911,27.36239],[88.30991,27.36087],[88.31088,27.36108],[88.3119,27.35775],[88.31066,27.35559],[88.31087,27.35234],[88.30723,27.3501],[88.30234,27.349],[88.29912,27.34586],[88.29713,27.34576],[88.29136,27.34293],[88.28975,27.34319],[88.28691,27.34008],[88.28305,27.33988],[88.2822,27.34358],[88.27815,27.34682],[88.27921,27.34967],[88.28506,27.35336],[88.28643,27.353],[88.28707,27.35697],[88.29054,27.35769],[88.29196,27.36059],[88.29498,27.36102],[88.29582,27.36235],[88.30164,27.36345]]]}},{"id":"231","type":"Feature","properties":{"state":"Sikkim","state_code":"11","district":"Namchi","district_code":"243","sub_district":"Ravangla","sub_district_code":"1552","sub_district_type":"Sub Division","village":"Ralong","village_category":"Rural","village_code":"261209"},"geometry":{"type":"Polygon","coordinates":[[[88.32047,27.38881],[88.32226,27.38579],[88.32147,27.38365],[88.31986,27.38292],[88.31929,27.3791],[88.31758,27.37733],[88.31666,27.3776],[88.31496,27.37582],[88.31419,27.37595],[88.31275,27.37283],[88.3136,27.3729],[88.31405,27.37023],[88.31672,27.3673],[88.32414,27.36449],[88.32775,27.36457],[88.32914,27.36264],[88.32574,27.36198],[88.32481,27.35973],[88.32156,27.35743],[88.31629,27.35586],[88.31017,27.35149],[88.31113,27.35312],[88.31066,27.35559],[88.3119,27.35775],[88.31143,27.36039],[88.31052,27.36136],[88.30991,27.36087],[88.30911,27.36239],[88.30763,27.36176],[88.30493,27.36317],[88.30266,27.36274],[88.3016,27.36346],[88.29582,27.36235],[88.29498,27.36102],[88.29196,27.36059],[88.29223,27.36221],[88.29363,27.36354],[88.29372,27.3658],[88.29582,27.3669],[88.29696,27.36629],[88.29947,27.37139],[88.30163,27.37278],[88.30427,27.37628],[88.30752,27.38171],[88.30729,27.38477],[88.31147,27.38611],[88.31342,27.38762],[88.31828,27.38733],[88.32047,27.38881]]]}},{"id":"232","type":"Feature","properties":{"state":"Sikkim","state_code":"11","district":"Namchi","district_code":"243","sub_district":"Ravangla","sub_district_code":"1552","sub_district_type":"Sub Division","village":"Namlung","village_category":"Rural","village_code":"261207"},"geometry":{"type":"Polygon","coordinates":[[[88.30729,27.38477],[88.30752,27.38171],[88.30427,27.37628],[88.30163,27.37278],[88.29947,27.37139],[88.29696,27.36629],[88.29582,27.3669],[88.29372,27.3658],[88.29363,27.36354],[88.2922,27.36215],[88.29173,27.35939],[88.28994,27.3573],[88.28707,27.35697],[88.28643,27.353],[88.28506,27.35336],[88.28069,27.35093],[88.27921,27.34967],[88.27815,27.34682],[88.26828,27.35258],[88.2673,27.35452],[88.26753,27.36268],[88.27826,27.37657],[88.28571,27.38432],[88.28744,27.38776],[88.28972,27.38557],[88.29599,27.38564],[88.29966,27.38699],[88.30373,27.38579],[88.3061,27.38636],[88.30729,27.38477]]]}},{"id":"233","type":"Feature","properties":{"state":"Sikkim","state_code":"11","district":"Namchi","district_code":"243","sub_district":"Ravangla","sub_district_code":"1552","sub_district_type":"Sub Division","village":"Polok","village_category":"Rural","village_code":"261206"},"geometry":{"type":"Polygon","coordinates":[[[88.32047,27.38881],[88.31828,27.38733],[88.31327,27.38758],[88.31162,27.38618],[88.30729,27.38477],[88.3061,27.38636],[88.30373,27.38579],[88.29966,27.38699],[88.29599,27.38564],[88.28972,27.38557],[88.28744,27.38776],[88.28825,27.39354],[88.29063,27.3993],[88.29037,27.40037],[88.29522,27.39842],[88.29906,27.40344],[88.30964,27.40426],[88.31173,27.40531],[88.31348,27.40534],[88.31558,27.39429],[88.32047,27.38881]]]}},{"id":"234","type":"Feature","properties":{"state":"Sikkim","state_code":"11","district":"Namchi","district_code":"243","sub_district":"Ravangla","sub_district_code":"1552","sub_district_type":"Sub Division","village":"Borong","village_category":"Rural","village_code":"261205"},"geometry":{"type":"Polygon","coordinates":[[[88.33181,27.43165],[88.33394,27.43069],[88.33032,27.42695],[88.32999,27.41646],[88.32482,27.41654],[88.32182,27.41434],[88.31678,27.41504],[88.31399,27.41088],[88.31348,27.40534],[88.30964,27.40426],[88.29906,27.40344],[88.29522,27.39842],[88.28981,27.4007],[88.28737,27.4031],[88.28842,27.41011],[88.29045,27.41466],[88.29507,27.42084],[88.30002,27.42309],[88.30225,27.42605],[88.31076,27.42897],[88.31152,27.42998],[88.31308,27.43021],[88.31816,27.4277],[88.3238,27.43221],[88.33181,27.43165]]]}},{"id":"235","type":"Feature","properties":{"state":"Sikkim","state_code":"11","district":"Namchi","district_code":"243","sub_district":"Ravangla","sub_district_code":"1552","sub_district_type":"Sub Division","village":"Phamtam","village_category":"Rural","village_code":"261204"},"geometry":{"type":"Polygon","coordinates":[[[88.3143,27.4623],[88.32314,27.45645],[88.32704,27.4558],[88.32616,27.45169],[88.32411,27.44981],[88.32326,27.44722],[88.32363,27.44568],[88.32633,27.44234],[88.3272,27.43897],[88.33394,27.43069],[88.33142,27.43185],[88.3238,27.43221],[88.31816,27.4277],[88.31308,27.43021],[88.31122,27.42991],[88.31112,27.43577],[88.30804,27.43912],[88.31081,27.44628],[88.30977,27.45016],[88.30974,27.45741],[88.30721,27.4598],[88.30418,27.46041],[88.30767,27.46258],[88.3143,27.4623]]]}},{"id":"236","type":"Feature","properties":{"state":"Sikkim","state_code":"11","district":"Namchi","district_code":"243","sub_district":"Ravangla","sub_district_code":"1552","sub_district_type":"Sub Division","village":"Sada","village_category":"Rural","village_code":"261203"},"geometry":{"type":"Polygon","coordinates":[[[88.3143,27.4623],[88.30767,27.46258],[88.30418,27.46041],[88.30182,27.46164],[88.2998,27.46505],[88.30173,27.46933],[88.30543,27.4697],[88.30851,27.47303],[88.30977,27.47799],[88.30676,27.48173],[88.31092,27.48295],[88.31249,27.48589],[88.31707,27.48259],[88.31648,27.48124],[88.31878,27.47863],[88.31966,27.47509],[88.31677,27.47193],[88.31609,27.46694],[88.31385,27.46409],[88.3143,27.4623]]]}},{"id":"237","type":"Feature","properties":{"state":"Sikkim","state_code":"11","district":"Namchi","district_code":"243","sub_district":"Ravangla","sub_district_code":"1552","sub_district_type":"Sub Division","village":"Barfung","village_category":"Rural","village_code":"261213"},"geometry":{"type":"Polygon","coordinates":[[[88.33073,27.34264],[88.32998,27.34036],[88.33129,27.33109],[88.32939,27.32497],[88.33871,27.32875],[88.35056,27.33074],[88.35495,27.3327],[88.3648,27.33512],[88.36558,27.33485],[88.36352,27.33387],[88.36354,27.33297],[88.3655,27.32953],[88.36356,27.32826],[88.36373,27.32703],[88.36752,27.3194],[88.37144,27.31799],[88.37139,27.3156],[88.37224,27.31433],[88.36302,27.31323],[88.35381,27.3228],[88.34291,27.32044],[88.33998,27.31788],[88.3372,27.31687],[88.3306,27.31728],[88.3216,27.3163],[88.31527,27.32036],[88.31411,27.32186],[88.3083,27.32338],[88.30685,27.32619],[88.30542,27.32806],[88.30451,27.32789],[88.30108,27.33303],[88.30611,27.33245],[88.30716,27.33346],[88.30923,27.33341],[88.31089,27.33505],[88.31208,27.33518],[88.31215,27.33628],[88.31429,27.33641],[88.31533,27.33778],[88.32323,27.34034],[88.32589,27.34222],[88.32798,27.34191],[88.3295,27.34316],[88.33073,27.34264]]]}},{"id":"238","type":"Feature","properties":{"state":"Sikkim","state_code":"11","district":"Namchi","district_code":"243","sub_district":"Ravangla","sub_district_code":"1552","sub_district_type":"Sub Division","village":"Jarrong","village_category":"Rural","village_code":"261212"},"geometry":{"type":"Polygon","coordinates":[[[88.31842,27.33896],[88.31533,27.33778],[88.31429,27.33641],[88.31215,27.33628],[88.31208,27.33518],[88.31089,27.33505],[88.30937,27.33346],[88.30716,27.33346],[88.30611,27.33245],[88.30111,27.33329],[88.29223,27.33135],[88.2906,27.33182],[88.28949,27.331],[88.28581,27.33164],[88.28318,27.32976],[88.28087,27.32946],[88.28032,27.33022],[88.28305,27.33988],[88.28691,27.34008],[88.28975,27.34319],[88.29136,27.34293],[88.29713,27.34576],[88.29912,27.34586],[88.30234,27.349],[88.31017,27.35149],[88.31249,27.35078],[88.31305,27.34987],[88.31288,27.348],[88.3112,27.3454],[88.31247,27.34224],[88.31146,27.33983],[88.31198,27.33872],[88.31292,27.33834],[88.31655,27.33962],[88.31842,27.33896]]]}},{"id":"239","type":"Feature","properties":{"state":"Sikkim","state_code":"11","district":"Namchi","district_code":"243","sub_district":"Ravangla","sub_district_code":"1552","sub_district_type":"Sub Division","village":"Deythang","village_category":"Rural","village_code":"261211"},"geometry":{"type":"Polygon","coordinates":[[[88.31017,27.35149],[88.31629,27.35586],[88.32156,27.35743],[88.32481,27.35973],[88.32574,27.36198],[88.32925,27.36265],[88.32997,27.35455],[88.32848,27.34867],[88.33141,27.34459],[88.33117,27.3427],[88.3295,27.34316],[88.32798,27.34191],[88.32589,27.34222],[88.32129,27.33963],[88.31842,27.33896],[88.31655,27.33962],[88.31241,27.33836],[88.31146,27.33983],[88.31247,27.34224],[88.3112,27.3454],[88.31288,27.348],[88.31305,27.34987],[88.31249,27.35078],[88.31017,27.35149]]]}},{"id":"240","type":"Feature","properties":{"state":"Sikkim","state_code":"11","district":"Namchi","district_code":"243","sub_district":"Ravangla","sub_district_code":"1552","sub_district_type":"Sub Division","village":"Sangmo","village_category":"Rural","village_code":"261226"},"geometry":{"type":"Polygon","coordinates":[[[88.4145,27.30956],[88.41253,27.30851],[88.41128,27.3058],[88.40969,27.30486],[88.40701,27.30455],[88.40622,27.30374],[88.40466,27.3045],[88.3991,27.30197],[88.389,27.30144],[88.37753,27.29564],[88.37403,27.30061],[88.37416,27.30188],[88.37677,27.30408],[88.37773,27.30775],[88.37985,27.31093],[88.38222,27.31155],[88.38546,27.30977],[88.38437,27.31565],[88.3858,27.31868],[88.38987,27.32013],[88.39378,27.3247],[88.3961,27.32477],[88.39898,27.32685],[88.40095,27.32728],[88.4145,27.30956]]]}},{"id":"241","type":"Feature","properties":{"state":"Sikkim","state_code":"11","district":"Namchi","district_code":"243","sub_district":"Ravangla","sub_district_code":"1552","sub_district_type":"Sub Division","village":"Rabong","village_category":"Rural","village_code":"261227"},"geometry":{"type":"Polygon","coordinates":[[[88.38647,27.35593],[88.38964,27.34626],[88.39273,27.34154],[88.39523,27.33915],[88.39656,27.33964],[88.39744,27.33813],[88.39914,27.3305],[88.40095,27.32728],[88.39844,27.32665],[88.3961,27.32477],[88.39378,27.3247],[88.39216,27.32329],[88.39122,27.3211],[88.38615,27.31902],[88.38499,27.31778],[88.38438,27.31469],[88.38546,27.30977],[88.38269,27.31143],[88.38099,27.31143],[88.37929,27.3104],[88.37792,27.30816],[88.37422,27.31136],[88.37139,27.3156],[88.37144,27.31799],[88.37358,27.31926],[88.37365,27.32457],[88.37274,27.32542],[88.37264,27.32792],[88.37364,27.33117],[88.37492,27.33219],[88.37158,27.33314],[88.36997,27.33659],[88.36699,27.33546],[88.36965,27.35412],[88.38647,27.35593]]]}},{"id":"242","type":"Feature","properties":{"state":"Sikkim","state_code":"11","district":"Namchi","district_code":"243","sub_district":"Ravangla","sub_district_code":"1552","sub_district_type":"Sub Division","village":"Rabong Bazar","village_category":"Rural","village_code":"648237"},"geometry":{"type":"Polygon","coordinates":[[[88.37144,27.31799],[88.36752,27.3194],[88.36356,27.32826],[88.3655,27.32953],[88.36352,27.33387],[88.36997,27.33659],[88.37158,27.33314],[88.37492,27.33219],[88.37364,27.33117],[88.37264,27.32792],[88.37274,27.32542],[88.37365,27.32457],[88.37358,27.31926],[88.37144,27.31799]]]}},{"id":"243","type":"Feature","properties":{"state":"Sikkim","state_code":"11","district":"Namchi","district_code":"243","sub_district":"Jorethang","sub_district_code":"6325","sub_district_type":"Sub Division","village":"Sangbung","village_category":"Rural","village_code":"261127"},"geometry":{"type":"Polygon","coordinates":[[[88.3207,27.15652],[88.32003,27.15237],[88.31846,27.15046],[88.31447,27.15004],[88.31255,27.14534],[88.31277,27.14395],[88.31529,27.14464],[88.31437,27.14352],[88.314,27.14085],[88.31337,27.14046],[88.31339,27.14125],[88.31233,27.14156],[88.3093,27.14108],[88.3061,27.13817],[88.30681,27.14102],[88.30494,27.13914],[88.30276,27.14258],[88.30511,27.14458],[88.30758,27.14522],[88.3075,27.14663],[88.30868,27.14681],[88.30902,27.14766],[88.30757,27.14811],[88.30624,27.14982],[88.30662,27.1512],[88.30503,27.15155],[88.30581,27.15249],[88.3043,27.15268],[88.30605,27.15688],[88.30697,27.15688],[88.31055,27.16016],[88.31093,27.1576],[88.31173,27.15897],[88.31474,27.15874],[88.31569,27.15951],[88.31817,27.1568],[88.3207,27.15652]]]}},{"id":"244","type":"Feature","properties":{"state":"Sikkim","state_code":"11","district":"Namchi","district_code":"243","sub_district":"Jorethang","sub_district_code":"6325","sub_district_type":"Sub Division","village":"Poklok","village_category":"Rural","village_code":"261118"},"geometry":{"type":"Polygon","coordinates":[[[88.30618,27.17466],[88.30901,27.17309],[88.31108,27.17033],[88.32111,27.16273],[88.32227,27.1609],[88.32459,27.15976],[88.32718,27.15575],[88.31843,27.15668],[88.31569,27.15951],[88.31474,27.15874],[88.31173,27.15897],[88.31093,27.1576],[88.31055,27.16016],[88.30697,27.15688],[88.30605,27.15688],[88.30429,27.15273],[88.30075,27.15433],[88.29747,27.15335],[88.28982,27.15742],[88.29118,27.15996],[88.289,27.16444],[88.28932,27.16548],[88.29182,27.1672],[88.29831,27.16908],[88.29938,27.17478],[88.30287,27.17871],[88.30401,27.17923],[88.30618,27.17466]]]}},{"id":"245","type":"Feature","properties":{"state":"Sikkim","state_code":"11","district":"Namchi","district_code":"243","sub_district":"Jorethang","sub_district_code":"6325","sub_district_type":"Sub Division","village":"Denchung","village_category":"Rural","village_code":"261117"},"geometry":{"type":"Polygon","coordinates":[[[88.32319,27.17892],[88.32785,27.17445],[88.33208,27.17192],[88.33398,27.1681],[88.33449,27.16463],[88.33614,27.16253],[88.33951,27.15478],[88.33794,27.1548],[88.33663,27.15592],[88.33535,27.15541],[88.33145,27.15635],[88.32999,27.15754],[88.32718,27.15575],[88.32459,27.15976],[88.32227,27.1609],[88.32111,27.16273],[88.31108,27.17033],[88.30846,27.17353],[88.30549,27.17498],[88.30543,27.17721],[88.30401,27.17923],[88.30689,27.18176],[88.31702,27.18603],[88.32064,27.18301],[88.32319,27.17892]]]}},{"id":"246","type":"Feature","properties":{"state":"Sikkim","state_code":"11","district":"Namchi","district_code":"243","sub_district":"Namchi","sub_district_code":"1551","sub_district_type":"Sub Division","village":"Khanamtek","village_category":"Rural","village_code":"261192"},"geometry":{"type":"Polygon","coordinates":[[[88.47997,27.17388],[88.48475,27.17289],[88.48583,27.17063],[88.48454,27.16137],[88.48609,27.15583],[88.48451,27.14956],[88.48336,27.14935],[88.48116,27.14635],[88.47957,27.15],[88.48084,27.15229],[88.47946,27.15374],[88.47783,27.16116],[88.47642,27.16478],[88.47403,27.16653],[88.47501,27.17096],[88.4743,27.17245],[88.47515,27.17336],[88.47673,27.17257],[88.47997,27.17388]]]}},{"id":"247","type":"Feature","properties":{"state":"Sikkim","state_code":"11","district":"Namchi","district_code":"243","sub_district":"Namchi","sub_district_code":"1551","sub_district_type":"Sub Division","village":"Nalamkolbong","village_category":"Rural","village_code":"261165"},"geometry":{"type":"Polygon","coordinates":[[[88.47512,27.17315],[88.4743,27.17245],[88.47501,27.17096],[88.47403,27.16653],[88.47646,27.16472],[88.4784,27.15758],[88.47369,27.15927],[88.47398,27.16239],[88.47287,27.16127],[88.47155,27.1615],[88.47031,27.15894],[88.46938,27.15996],[88.46869,27.15949],[88.46835,27.16353],[88.46696,27.1655],[88.46755,27.16619],[88.46678,27.16651],[88.46654,27.17315],[88.46728,27.17275],[88.4677,27.17398],[88.46991,27.1748],[88.47272,27.17458],[88.47512,27.17315]]]}},{"id":"248","type":"Feature","properties":{"state":"Sikkim","state_code":"11","district":"Namchi","district_code":"243","sub_district":"Namchi","sub_district_code":"1551","sub_district_type":"Sub Division","village":"Maneydara","village_category":"Rural","village_code":"261167"},"geometry":{"type":"Polygon","coordinates":[[[88.49069,27.19374],[88.49422,27.18885],[88.49765,27.18931],[88.49751,27.18808],[88.49075,27.18791],[88.49012,27.18644],[88.48738,27.18427],[88.48094,27.17642],[88.4809,27.17563],[88.48375,27.17275],[88.47997,27.17388],[88.47673,27.17257],[88.47491,27.17322],[88.47179,27.17594],[88.46915,27.17645],[88.46525,27.1809],[88.4678,27.18108],[88.47319,27.18456],[88.47928,27.18616],[88.486,27.1916],[88.48871,27.19204],[88.49069,27.19374]]]}},{"id":"249","type":"Feature","properties":{"state":"Sikkim","state_code":"11","district":"Namchi","district_code":"243","sub_district":"Namchi","sub_district_code":"1551","sub_district_type":"Sub Division","village":"Kabrey","village_category":"Rural","village_code":"261168"},"geometry":{"type":"Polygon","coordinates":[[[88.48425,27.20491],[88.48917,27.19871],[88.49006,27.19855],[88.49069,27.19374],[88.48871,27.19204],[88.486,27.1916],[88.47928,27.18616],[88.47319,27.18456],[88.4678,27.18108],[88.46523,27.18089],[88.46407,27.18531],[88.46383,27.19131],[88.46676,27.19255],[88.47073,27.1916],[88.47108,27.19273],[88.47274,27.19272],[88.47126,27.19606],[88.47179,27.19667],[88.47252,27.19602],[88.47632,27.19832],[88.47888,27.19885],[88.48189,27.19862],[88.4817,27.19992],[88.47885,27.20155],[88.4797,27.2041],[88.48175,27.20345],[88.48425,27.20491]]]}},{"id":"250","type":"Feature","properties":{"state":"Sikkim","state_code":"11","district":"Namchi","district_code":"243","sub_district":"Namchi","sub_district_code":"1551","sub_district_type":"Sub Division","village":"Karek","village_category":"Rural","village_code":"261169"},"geometry":{"type":"Polygon","coordinates":[[[88.48177,27.21496],[88.48425,27.2049],[88.48175,27.20345],[88.4797,27.2041],[88.47885,27.20157],[88.4817,27.19992],[88.48189,27.19862],[88.47888,27.19885],[88.47632,27.19832],[88.47252,27.19602],[88.47179,27.19667],[88.47126,27.19606],[88.47274,27.19272],[88.47108,27.19273],[88.47085,27.19165],[88.46676,27.19255],[88.46532,27.19147],[88.4635,27.19136],[88.46205,27.18951],[88.45983,27.18953],[88.45418,27.18711],[88.45702,27.19894],[88.45639,27.20211],[88.45544,27.20214],[88.45534,27.20572],[88.45144,27.20525],[88.45412,27.20718],[88.46966,27.21207],[88.47409,27.21145],[88.47728,27.21308],[88.47963,27.2128],[88.48177,27.21496]]]}},{"id":"251","type":"Feature","properties":{"state":"Sikkim","state_code":"11","district":"Namchi","district_code":"243","sub_district":"Namchi","sub_district_code":"1551","sub_district_type":"Sub Division","village":"Chuba","village_category":"Rural","village_code":"261171"},"geometry":{"type":"Polygon","coordinates":[[[88.44005,27.20102],[88.4398,27.19747],[88.43645,27.19005],[88.43567,27.18543],[88.43388,27.18227],[88.43101,27.18661],[88.42948,27.1862],[88.42836,27.18516],[88.42914,27.18354],[88.42838,27.18189],[88.42491,27.17823],[88.42155,27.17662],[88.41936,27.1767],[88.41831,27.1753],[88.41528,27.17525],[88.41813,27.18424],[88.41671,27.18788],[88.41818,27.189],[88.41857,27.19414],[88.42026,27.19585],[88.41993,27.19774],[88.42106,27.20018],[88.42453,27.19948],[88.42778,27.20147],[88.43098,27.20025],[88.43305,27.20097],[88.43469,27.20045],[88.44005,27.20102]]]}},{"id":"252","type":"Feature","properties":{"state":"Sikkim","state_code":"11","district":"Namchi","district_code":"243","sub_district":"Namchi","sub_district_code":"1551","sub_district_type":"Sub Division","village":"Phong","village_category":"Rural","village_code":"261170"},"geometry":{"type":"Polygon","coordinates":[[[88.45639,27.20211],[88.45688,27.19656],[88.45418,27.18711],[88.4525,27.18497],[88.45063,27.18415],[88.44859,27.17856],[88.44657,27.1795],[88.446,27.18157],[88.44341,27.1833],[88.44238,27.18508],[88.43825,27.18318],[88.43448,27.17977],[88.43394,27.18006],[88.43388,27.18227],[88.43578,27.18574],[88.43645,27.19005],[88.4398,27.19747],[88.44005,27.20102],[88.44635,27.20237],[88.45144,27.20525],[88.45534,27.20572],[88.45544,27.20214],[88.45639,27.20211]]]}},{"id":"253","type":"Feature","properties":{"state":"Sikkim","state_code":"11","district":"Namchi","district_code":"243","sub_district":"Namchi","sub_district_code":"1551","sub_district_type":"Sub Division","village":"Perbing","village_category":"Rural","village_code":"261172"},"geometry":{"type":"Polygon","coordinates":[[[88.42106,27.20018],[88.41993,27.19774],[88.42026,27.19585],[88.41857,27.19414],[88.41818,27.189],[88.41671,27.18788],[88.41813,27.18424],[88.41732,27.1832],[88.41688,27.1789],[88.41488,27.17496],[88.41163,27.17421],[88.41066,27.17626],[88.40821,27.17746],[88.40422,27.18339],[88.4024,27.18458],[88.40259,27.1874],[88.40105,27.1909],[88.40098,27.19305],[88.40179,27.19414],[88.39737,27.19765],[88.39746,27.20394],[88.39888,27.20488],[88.40101,27.20868],[88.40373,27.20959],[88.40632,27.21248],[88.40739,27.21065],[88.40906,27.20987],[88.41029,27.20595],[88.41223,27.20293],[88.41401,27.20201],[88.41719,27.20251],[88.41844,27.20119],[88.42047,27.20203],[88.42106,27.20018]]]}},{"id":"254","type":"Feature","properties":{"state":"Sikkim","state_code":"11","district":"Namchi","district_code":"243","sub_district":"Jorethang","sub_district_code":"6325","sub_district_type":"Sub Division","village":"Paiyong","village_category":"Rural","village_code":"261153"},"geometry":{"type":"Polygon","coordinates":[[[88.46781,27.11374],[88.4668,27.10888],[88.4634,27.10783],[88.45969,27.10889],[88.45937,27.11028],[88.45793,27.11101],[88.45497,27.1076],[88.45523,27.10523],[88.45308,27.10411],[88.45286,27.10324],[88.4492,27.10265],[88.4469,27.1007],[88.44525,27.10035],[88.44566,27.09362],[88.43933,27.09571],[88.43605,27.09807],[88.43464,27.10023],[88.42583,27.10276],[88.42187,27.10937],[88.42457,27.11011],[88.43187,27.10853],[88.43883,27.10989],[88.44372,27.10932],[88.44186,27.10821],[88.44341,27.10739],[88.45098,27.10954],[88.45297,27.1115],[88.45608,27.11205],[88.45753,27.11311],[88.46375,27.11145],[88.46781,27.11374]]]}},{"id":"255","type":"Feature","properties":{"state":"Sikkim","state_code":"11","district":"Namchi","district_code":"243","sub_district":"Jorethang","sub_district_code":"6325","sub_district_type":"Sub Division","village":"Panchgharey","village_category":"Rural","village_code":"261147"},"geometry":{"type":"Polygon","coordinates":[[[88.40675,27.09573],[88.40609,27.095],[88.40645,27.09309],[88.40497,27.09209],[88.40233,27.09171],[88.39853,27.09265],[88.39383,27.09555],[88.38874,27.09701],[88.38955,27.09843],[88.38955,27.10187],[88.39043,27.10195],[88.39039,27.10306],[88.39152,27.10356],[88.39673,27.1034],[88.39967,27.10427],[88.40071,27.10205],[88.40322,27.1017],[88.4044,27.09819],[88.40675,27.09573]]]}},{"id":"256","type":"Feature","properties":{"state":"Sikkim","state_code":"11","district":"Namchi","district_code":"243","sub_district":"Jorethang","sub_district_code":"6325","sub_district_type":"Sub Division","village":"Mellidara","village_category":"Rural","village_code":"261152"},"geometry":{"type":"Polygon","coordinates":[[[88.44566,27.09362],[88.44645,27.0917],[88.44867,27.09018],[88.44471,27.08681],[88.44281,27.08619],[88.44093,27.09131],[88.43902,27.08976],[88.43708,27.08941],[88.43644,27.0867],[88.43481,27.08602],[88.43451,27.08752],[88.43338,27.08791],[88.43101,27.09116],[88.41463,27.09507],[88.41457,27.0972],[88.41518,27.0992],[88.41739,27.10019],[88.41948,27.10293],[88.42093,27.10319],[88.42144,27.10575],[88.42047,27.10737],[88.42187,27.10937],[88.42583,27.10276],[88.43464,27.10023],[88.43605,27.09807],[88.43933,27.09571],[88.44566,27.09362]]]}},{"id":"257","type":"Feature","properties":{"state":"Sikkim","state_code":"11","district":"Namchi","district_code":"243","sub_district":"Jorethang","sub_district_code":"6325","sub_district_type":"Sub Division","village":"Ramabong","village_category":"Rural","village_code":"261149"},"geometry":{"type":"Polygon","coordinates":[[[88.42215,27.10965],[88.42047,27.10737],[88.42144,27.10575],[88.42093,27.10319],[88.41948,27.10293],[88.41739,27.10019],[88.41518,27.0992],[88.41451,27.09437],[88.41281,27.09466],[88.41193,27.0935],[88.40972,27.09367],[88.40836,27.09598],[88.40675,27.09573],[88.4044,27.09819],[88.40322,27.1017],[88.40071,27.10205],[88.39969,27.10419],[88.40105,27.10622],[88.40028,27.10943],[88.40264,27.11106],[88.40391,27.11072],[88.40559,27.11474],[88.40904,27.11656],[88.41625,27.11204],[88.41778,27.1121],[88.41824,27.11074],[88.42135,27.11041],[88.42215,27.10965]]]}},{"id":"258","type":"Feature","properties":{"state":"Sikkim","state_code":"11","district":"Namchi","district_code":"243","sub_district":"Jorethang","sub_district_code":"6325","sub_district_type":"Sub Division","village":"Turuk","village_category":"Rural","village_code":"261148"},"geometry":{"type":"Polygon","coordinates":[[[88.40399,27.1349],[88.40511,27.1301],[88.40422,27.12757],[88.40488,27.12134],[88.40596,27.11904],[88.40823,27.11794],[88.40904,27.11656],[88.40559,27.11474],[88.40391,27.11072],[88.40264,27.11106],[88.40028,27.10943],[88.40105,27.10622],[88.39967,27.10427],[88.39018,27.10309],[88.38846,27.10403],[88.38939,27.1088],[88.38915,27.11346],[88.39191,27.12278],[88.39517,27.13135],[88.3965,27.13292],[88.39652,27.13605],[88.39747,27.13854],[88.39872,27.13746],[88.40119,27.1371],[88.40399,27.1349]]]}},{"id":"259","type":"Feature","properties":{"state":"Sikkim","state_code":"11","district":"Namchi","district_code":"243","sub_district":"Namchi","sub_district_code":"1551","sub_district_type":"Sub Division","village":"passi","village_category":"Rural","village_code":"261162"},"geometry":{"type":"Polygon","coordinates":[[[88.45006,27.1254],[88.44582,27.12646],[88.44372,27.12553],[88.43915,27.12556],[88.43646,27.1272],[88.4349,27.13032],[88.43284,27.13169],[88.43401,27.13781],[88.43558,27.13624],[88.44025,27.13604],[88.44121,27.13857],[88.4406,27.14268],[88.4416,27.14479],[88.44064,27.14554],[88.44123,27.14601],[88.44016,27.14727],[88.44033,27.14834],[88.44298,27.14931],[88.44118,27.15141],[88.44277,27.15187],[88.44463,27.15034],[88.4457,27.15312],[88.4477,27.15398],[88.44989,27.15289],[88.44874,27.15042],[88.45063,27.14467],[88.44933,27.14109],[88.45019,27.13962],[88.44999,27.13792],[88.44849,27.13575],[88.45029,27.12848],[88.45006,27.1254]]]}},{"id":"260","type":"Feature","properties":{"state":"Sikkim","state_code":"11","district":"Namchi","district_code":"243","sub_district":"Namchi","sub_district_code":"1551","sub_district_type":"Sub Division","village":"Rateypani","village_category":"Rural","village_code":"261161"},"geometry":{"type":"Polygon","coordinates":[[[88.43284,27.13169],[88.42772,27.13441],[88.42582,27.13688],[88.42319,27.14354],[88.42289,27.1476],[88.42149,27.14937],[88.42062,27.15398],[88.42111,27.15623],[88.42724,27.16105],[88.42797,27.15717],[88.42942,27.15682],[88.43112,27.15872],[88.43222,27.15776],[88.43346,27.1547],[88.43787,27.14971],[88.43909,27.14604],[88.44071,27.14453],[88.44121,27.13857],[88.44019,27.1359],[88.43558,27.13624],[88.43401,27.13781],[88.43284,27.13169]]]}},{"id":"261","type":"Feature","properties":{"state":"Sikkim","state_code":"11","district":"Namchi","district_code":"243","sub_district":"Namchi","sub_district_code":"1551","sub_district_type":"Sub Division","village":"Bikmat","village_category":"Rural","village_code":"261160"},"geometry":{"type":"Polygon","coordinates":[[[88.45196,27.15678],[88.45147,27.15541],[88.45005,27.15579],[88.44944,27.15307],[88.4477,27.15398],[88.44572,27.15314],[88.44463,27.15034],[88.44277,27.15187],[88.44118,27.15141],[88.44298,27.14931],[88.44033,27.14834],[88.44016,27.14727],[88.44123,27.14601],[88.44064,27.14554],[88.4416,27.14479],[88.44093,27.14295],[88.43787,27.14971],[88.43346,27.1547],[88.43255,27.15738],[88.43112,27.15872],[88.43078,27.15763],[88.42942,27.15682],[88.42871,27.15724],[88.42974,27.16227],[88.42806,27.1645],[88.43698,27.16723],[88.44025,27.16626],[88.44174,27.16501],[88.44476,27.16501],[88.44744,27.16183],[88.449,27.15796],[88.45196,27.15678]]]}},{"id":"262","type":"Feature","properties":{"state":"Sikkim","state_code":"11","district":"Namchi","district_code":"243","sub_district":"Namchi","sub_district_code":"1551","sub_district_type":"Sub Division","village":"Rabikhola","village_category":"Rural","village_code":"261158"},"geometry":{"type":"Polygon","coordinates":[[[88.42551,27.16489],[88.42495,27.16413],[88.42657,27.16278],[88.42868,27.16357],[88.42974,27.16227],[88.42871,27.15724],[88.42797,27.15717],[88.42728,27.15842],[88.42724,27.16105],[88.42125,27.15645],[88.42062,27.15398],[88.41909,27.15574],[88.41785,27.15547],[88.4163,27.15633],[88.41255,27.16148],[88.41032,27.16227],[88.40862,27.16452],[88.4058,27.1655],[88.40524,27.16798],[88.40755,27.17019],[88.40999,27.16931],[88.41656,27.16471],[88.41775,27.16661],[88.42019,27.16774],[88.42233,27.16722],[88.42378,27.16494],[88.42551,27.16489]]]}},{"id":"263","type":"Feature","properties":{"state":"Sikkim","state_code":"11","district":"Namchi","district_code":"243","sub_district":"Namchi","sub_district_code":"1551","sub_district_type":"Sub Division","village":"Tangzi","village_category":"Rural","village_code":"261159"},"geometry":{"type":"Polygon","coordinates":[[[88.44833,27.17836],[88.44794,27.1744],[88.45115,27.17292],[88.45075,27.17085],[88.45157,27.16731],[88.44936,27.1577],[88.44744,27.16183],[88.44496,27.1649],[88.44174,27.16501],[88.44025,27.16626],[88.43698,27.16723],[88.4286,27.16486],[88.42806,27.1645],[88.42868,27.16357],[88.4267,27.16275],[88.42503,27.16397],[88.42576,27.16555],[88.42477,27.16846],[88.42627,27.17273],[88.42823,27.17341],[88.43483,27.17257],[88.43457,27.17476],[88.43591,27.17606],[88.43437,27.17972],[88.43825,27.18318],[88.44238,27.18508],[88.44341,27.1833],[88.446,27.18157],[88.44657,27.1795],[88.44833,27.17836]]]}},{"id":"264","type":"Feature","properties":{"state":"Sikkim","state_code":"11","district":"Namchi","district_code":"243","sub_district":"Namchi","sub_district_code":"1551","sub_district_type":"Sub Division","village":"Salleybong","village_category":"Rural","village_code":"261142"},"geometry":{"type":"Polygon","coordinates":[[[88.3818,27.1593],[88.37797,27.15649],[88.37777,27.15535],[88.36735,27.15404],[88.36573,27.15496],[88.36594,27.15885],[88.3674,27.16336],[88.36644,27.16689],[88.37125,27.1736],[88.37272,27.18078],[88.37535,27.17641],[88.37683,27.17076],[88.3742,27.16769],[88.37705,27.16635],[88.37759,27.16734],[88.37957,27.16777],[88.38115,27.16669],[88.38193,27.16745],[88.38519,27.16634],[88.38343,27.16552],[88.38238,27.16288],[88.3827,27.16117],[88.3818,27.1593]]]}},{"id":"265","type":"Feature","properties":{"state":"Sikkim","state_code":"11","district":"Namchi","district_code":"243","sub_district":"Namchi","sub_district_code":"1551","sub_district_type":"Sub Division","village":"Maniram","village_category":"Rural","village_code":"261144"},"geometry":{"type":"Polygon","coordinates":[[[88.39196,27.15909],[88.38875,27.16036],[88.38716,27.15854],[88.38383,27.1577],[88.38139,27.15758],[88.38027,27.15833],[88.38203,27.15965],[88.38343,27.16552],[88.38523,27.1664],[88.38422,27.17032],[88.38651,27.17126],[88.39481,27.18161],[88.40021,27.17774],[88.40089,27.17621],[88.40082,27.17446],[88.39905,27.17281],[88.40023,27.17],[88.39824,27.16387],[88.39896,27.1624],[88.4006,27.16213],[88.39196,27.15909]]]}},{"id":"266","type":"Feature","properties":{"state":"Sikkim","state_code":"11","district":"Namchi","district_code":"243","sub_district":"Namchi","sub_district_code":"1551","sub_district_type":"Sub Division","village":"Phalidara","village_category":"Rural","village_code":"261143"},"geometry":{"type":"Polygon","coordinates":[[[88.39432,27.18058],[88.38651,27.17126],[88.38422,27.17032],[88.38519,27.16634],[88.38193,27.16745],[88.38115,27.16669],[88.37957,27.16777],[88.37759,27.16734],[88.37705,27.16635],[88.3742,27.16769],[88.37683,27.17076],[88.37535,27.17641],[88.37269,27.18011],[88.3723,27.18747],[88.37454,27.18854],[88.37547,27.18822],[88.38042,27.19308],[88.38857,27.19031],[88.39088,27.18296],[88.39432,27.18058]]]}},{"id":"267","type":"Feature","properties":{"state":"Sikkim","state_code":"11","district":"Namchi","district_code":"243","sub_district":"Yangang","sub_district_code":"6324","sub_district_type":"Sub Division","village":"Naybrum","village_category":"Rural","village_code":"261238"},"geometry":{"type":"Polygon","coordinates":[[[88.44639,27.3783],[88.4498,27.37337],[88.44952,27.3682],[88.45337,27.36471],[88.456,27.36069],[88.46065,27.35801],[88.46419,27.35847],[88.46759,27.35386],[88.46633,27.35383],[88.46239,27.35096],[88.46236,27.34286],[88.45768,27.33844],[88.45535,27.34127],[88.45399,27.34451],[88.45179,27.34586],[88.45104,27.34793],[88.44959,27.34923],[88.44485,27.34947],[88.44017,27.35259],[88.43614,27.35637],[88.43321,27.36067],[88.43134,27.36117],[88.42787,27.36444],[88.43363,27.36524],[88.43714,27.36482],[88.44135,27.37154],[88.44478,27.37425],[88.44639,27.3783]]]}},{"id":"268","type":"Feature","properties":{"state":"Sikkim","state_code":"11","district":"Namchi","district_code":"243","sub_district":"Yangang","sub_district_code":"6324","sub_district_type":"Sub Division","village":"Tokdey","village_category":"Rural","village_code":"261236"},"geometry":{"type":"Polygon","coordinates":[[[88.4699,27.37346],[88.47244,27.37267],[88.47766,27.37219],[88.48273,27.37038],[88.48472,27.37102],[88.48572,27.37034],[88.48836,27.37042],[88.4901,27.37128],[88.49525,27.37171],[88.49432,27.36502],[88.4933,27.36329],[88.48884,27.35987],[88.48313,27.35671],[88.47832,27.35627],[88.47634,27.3544],[88.47492,27.35965],[88.47206,27.36497],[88.46926,27.36695],[88.47019,27.36954],[88.4699,27.37346]]]}},{"id":"269","type":"Feature","properties":{"state":"Sikkim","state_code":"11","district":"Namchi","district_code":"243","sub_district":"Yangang","sub_district_code":"6324","sub_district_type":"Sub Division","village":"Mangzing","village_category":"Rural","village_code":"261237"},"geometry":{"type":"Polygon","coordinates":[[[88.46926,27.36695],[88.47206,27.36497],[88.47492,27.35965],[88.47634,27.3544],[88.47534,27.35346],[88.46878,27.35301],[88.46419,27.35847],[88.46065,27.35801],[88.456,27.36069],[88.45337,27.36471],[88.44944,27.3683],[88.4498,27.37337],[88.44725,27.37794],[88.45202,27.38063],[88.45678,27.38072],[88.45886,27.37983],[88.46618,27.3743],[88.46926,27.36695]]]}},{"id":"270","type":"Feature","properties":{"state":"Sikkim","state_code":"11","district":"Namchi","district_code":"243","sub_district":"Yangang","sub_district_code":"6324","sub_district_type":"Sub Division","village":"Kolthang","village_category":"Rural","village_code":"261235"},"geometry":{"type":"Polygon","coordinates":[[[88.49413,27.38343],[88.49525,27.37171],[88.48679,27.3703],[88.48472,27.37102],[88.48205,27.37045],[88.47081,27.37363],[88.47337,27.38035],[88.47544,27.38127],[88.47945,27.38021],[88.48654,27.38241],[88.49413,27.38343]]]}},{"id":"271","type":"Feature","properties":{"state":"Sikkim","state_code":"11","district":"Namchi","district_code":"243","sub_district":"Yangang","sub_district_code":"6324","sub_district_type":"Sub Division","village":"Lingmo","village_category":"Rural","village_code":"261233"},"geometry":{"type":"Polygon","coordinates":[[[88.44982,27.39651],[88.45414,27.39521],[88.45664,27.39201],[88.45895,27.39114],[88.46422,27.38952],[88.47181,27.38943],[88.47367,27.38835],[88.47068,27.38576],[88.47072,27.38504],[88.47138,27.38526],[88.47373,27.38294],[88.47251,27.38217],[88.4725,27.38057],[88.47339,27.38013],[88.47237,27.37856],[88.4717,27.37464],[88.4699,27.37346],[88.47019,27.36954],[88.46926,27.36695],[88.46619,27.37428],[88.46416,27.37631],[88.45682,27.38072],[88.45149,27.38047],[88.44989,27.38315],[88.44982,27.39651]]]}},{"id":"272","type":"Feature","properties":{"state":"Sikkim","state_code":"11","district":"Namchi","district_code":"243","sub_district":"Yangang","sub_district_code":"6324","sub_district_type":"Sub Division","village":"Pepthang","village_category":"Rural","village_code":"261234"},"geometry":{"type":"Polygon","coordinates":[[[88.48507,27.39116],[88.49449,27.39124],[88.49413,27.38343],[88.48654,27.38241],[88.47945,27.38021],[88.47561,27.38131],[88.47455,27.38042],[88.4725,27.38057],[88.47254,27.3823],[88.47365,27.38343],[88.47138,27.38526],[88.47072,27.38504],[88.47068,27.38576],[88.47253,27.38769],[88.47472,27.38889],[88.48507,27.39116]]]}},{"id":"273","type":"Feature","properties":{"state":"Sikkim","state_code":"11","district":"Namchi","district_code":"243","sub_district":"Yangang","sub_district_code":"6324","sub_district_type":"Sub Division","village":"Kau","village_category":"Rural","village_code":"261232"},"geometry":{"type":"Polygon","coordinates":[[[88.4523,27.39567],[88.45285,27.39938],[88.45645,27.40435],[88.45847,27.40565],[88.46489,27.40222],[88.46609,27.4008],[88.47144,27.39896],[88.47296,27.39279],[88.47209,27.38936],[88.46422,27.38952],[88.45664,27.39201],[88.45451,27.39496],[88.4523,27.39567]]]}},{"id":"274","type":"Feature","properties":{"state":"Sikkim","state_code":"11","district":"Namchi","district_code":"243","sub_district":"Yangang","sub_district_code":"6324","sub_district_type":"Sub Division","village":"Lower Paiyong","village_category":"Rural","village_code":"261230"},"geometry":{"type":"Polygon","coordinates":[[[88.47633,27.40818],[88.48052,27.40497],[88.4894,27.40311],[88.49677,27.39942],[88.49449,27.39124],[88.48507,27.39116],[88.47367,27.38835],[88.47209,27.38936],[88.47301,27.39327],[88.47168,27.39873],[88.47426,27.39677],[88.47486,27.395],[88.47598,27.39477],[88.47831,27.40206],[88.47635,27.40443],[88.47562,27.40764],[88.47633,27.40818]]]}},{"id":"275","type":"Feature","properties":{"state":"Sikkim","state_code":"11","district":"Namchi","district_code":"243","sub_district":"Jorethang","sub_district_code":"6325","sub_district_type":"Sub Division","village":"Salghari","village_category":"Rural","village_code":"801420"},"geometry":{"type":"Polygon","coordinates":[[[88.28938,27.12773],[88.28693,27.12667],[88.28383,27.12747],[88.27901,27.13187],[88.27705,27.13075],[88.27648,27.13378],[88.27738,27.13393],[88.27733,27.1316],[88.28001,27.13356],[88.28308,27.13445],[88.28882,27.13096],[88.28938,27.12773]]]}},{"id":"276","type":"Feature","properties":{"state":"Sikkim","state_code":"11","district":"Namchi","district_code":"243","sub_district":"Yangang","sub_district_code":"6324","sub_district_type":"Sub Division","village":"Upper Paiyong","village_category":"Rural","village_code":"261231"},"geometry":{"type":"Polygon","coordinates":[[[88.45994,27.41935],[88.46027,27.41837],[88.46412,27.41853],[88.46564,27.41665],[88.47039,27.41649],[88.46973,27.41311],[88.476,27.40861],[88.47635,27.40443],[88.47831,27.40206],[88.47598,27.39477],[88.47482,27.39504],[88.47426,27.39677],[88.47249,27.39766],[88.47225,27.39876],[88.46609,27.4008],[88.46489,27.40222],[88.45847,27.40565],[88.46255,27.41183],[88.45884,27.41496],[88.45686,27.41422],[88.45483,27.41509],[88.45994,27.41935]]]}},{"id":"277","type":"Feature","properties":{"state":"Sikkim","state_code":"11","district":"Namchi","district_code":"243","sub_district":"Yangang","sub_district_code":"6324","sub_district_type":"Sub Division","village":"Lingi","village_category":"Rural","village_code":"261229"},"geometry":{"type":"Polygon","coordinates":[[[88.50994,27.41143],[88.50231,27.40982],[88.5,27.40657],[88.49677,27.39942],[88.4894,27.40311],[88.47987,27.4053],[88.46973,27.41311],[88.47039,27.41649],[88.46564,27.41665],[88.46412,27.41853],[88.46027,27.41837],[88.45994,27.41935],[88.46358,27.42252],[88.46629,27.42664],[88.46622,27.42779],[88.46881,27.42935],[88.47366,27.43425],[88.48045,27.43014],[88.48162,27.42859],[88.491,27.4274],[88.4938,27.42483],[88.49952,27.42271],[88.50016,27.42146],[88.50544,27.42033],[88.50994,27.41143]]]}},{"id":"278","type":"Feature","properties":{"state":"Sikkim","state_code":"11","district":"Namchi","district_code":"243","sub_district":"Yangang","sub_district_code":"6324","sub_district_type":"Sub Division","village":"Sokpay","village_category":"Rural","village_code":"261228"},"geometry":{"type":"Polygon","coordinates":[[[88.44738,27.45237],[88.46452,27.45101],[88.46554,27.44133],[88.4671,27.43996],[88.46799,27.43771],[88.47208,27.43609],[88.47366,27.43425],[88.46881,27.42935],[88.46622,27.42779],[88.46606,27.4262],[88.46189,27.42041],[88.45406,27.41503],[88.45056,27.42019],[88.44883,27.42072],[88.44816,27.42487],[88.44494,27.42887],[88.44288,27.43909],[88.44437,27.44289],[88.44748,27.44725],[88.44687,27.45157],[88.44738,27.45237]]]}},{"id":"279","type":"Feature","properties":{"state":"Sikkim","state_code":"11","district":"Namchi","district_code":"243","sub_district":"Namchi","sub_district_code":"1551","sub_district_type":"Sub Division","village":"Assangthan","village_category":"Rural","village_code":"261128"},"geometry":{"type":"Polygon","coordinates":[[[88.32931,27.15659],[88.3294,27.14982],[88.33244,27.14919],[88.33353,27.14977],[88.33394,27.14723],[88.32809,27.14399],[88.32503,27.13591],[88.32125,27.13199],[88.32049,27.13795],[88.31751,27.14585],[88.31624,27.14435],[88.31543,27.14481],[88.31295,27.14396],[88.31256,27.14542],[88.3145,27.15011],[88.31846,27.15046],[88.31999,27.15224],[88.3207,27.15652],[88.32731,27.1558],[88.32772,27.15451],[88.32931,27.15659]]]}},{"id":"280","type":"Feature","properties":{"state":"Sikkim","state_code":"11","district":"Namchi","district_code":"243","sub_district":"Namchi","sub_district_code":"1551","sub_district_type":"Sub Division","village":"Kitam","village_category":"Rural","village_code":"261132"},"geometry":{"type":"Polygon","coordinates":[[[88.35902,27.11687],[88.35393,27.11316],[88.35382,27.11203],[88.34987,27.10962],[88.34249,27.11144],[88.33756,27.11149],[88.33738,27.1122],[88.33779,27.1145],[88.34223,27.11429],[88.342,27.11634],[88.34325,27.11784],[88.34599,27.11593],[88.34718,27.11599],[88.34967,27.1183],[88.35205,27.11787],[88.35483,27.11969],[88.35813,27.11811],[88.35902,27.11687]]]}},{"id":"281","type":"Feature","properties":{"state":"Sikkim","state_code":"11","district":"Namchi","district_code":"243","sub_district":"Namchi","sub_district_code":"1551","sub_district_type":"Sub Division","village":"Goom","village_category":"Rural","village_code":"261124"},"geometry":{"type":"Polygon","coordinates":[[[88.33873,27.12103],[88.33949,27.119],[88.33785,27.11478],[88.3376,27.1115],[88.33542,27.10976],[88.32976,27.11061],[88.32698,27.1138],[88.32559,27.11856],[88.32391,27.12103],[88.31968,27.12369],[88.32091,27.12505],[88.32164,27.13001],[88.32851,27.12815],[88.32869,27.12591],[88.32975,27.12583],[88.33152,27.12377],[88.33529,27.12374],[88.33873,27.12103]]]}},{"id":"282","type":"Feature","properties":{"state":"Sikkim","state_code":"11","district":"Namchi","district_code":"243","sub_district":"Namchi","sub_district_code":"1551","sub_district_type":"Sub Division","village":"Manpur","village_category":"Rural","village_code":"261131"},"geometry":{"type":"Polygon","coordinates":[[[88.34325,27.11784],[88.34381,27.12218],[88.34215,27.12351],[88.34215,27.12625],[88.33952,27.12899],[88.33918,27.13678],[88.34035,27.13549],[88.34153,27.13064],[88.34807,27.12617],[88.35168,27.12574],[88.35483,27.11969],[88.35205,27.11787],[88.34967,27.1183],[88.34718,27.11599],[88.34599,27.11593],[88.34325,27.11784]]]}},{"id":"283","type":"Feature","properties":{"state":"Sikkim","state_code":"11","district":"Namchi","district_code":"243","sub_district":"Namchi","sub_district_code":"1551","sub_district_type":"Sub Division","village":"Sorok","village_category":"Rural","village_code":"261125"},"geometry":{"type":"Polygon","coordinates":[[[88.33949,27.119],[88.33893,27.12265],[88.33661,27.12704],[88.33457,27.12861],[88.33364,27.13228],[88.33462,27.13738],[88.33311,27.14316],[88.33394,27.14717],[88.33784,27.14098],[88.33967,27.13549],[88.33889,27.13253],[88.33952,27.12899],[88.34215,27.12625],[88.34215,27.12351],[88.34381,27.12218],[88.3433,27.11799],[88.342,27.11634],[88.34223,27.11429],[88.33779,27.1145],[88.33949,27.119]]]}},{"id":"284","type":"Feature","properties":{"state":"Sikkim","state_code":"11","district":"Namchi","district_code":"243","sub_district":"Namchi","sub_district_code":"1551","sub_district_type":"Sub Division","village":"Shyampani","village_category":"Rural","village_code":"261126"},"geometry":{"type":"Polygon","coordinates":[[[88.33394,27.14717],[88.33311,27.14316],[88.33462,27.13738],[88.33364,27.13228],[88.33457,27.12861],[88.33661,27.12704],[88.33893,27.12265],[88.33873,27.12103],[88.33529,27.12374],[88.33152,27.12377],[88.32975,27.12583],[88.32869,27.12591],[88.32851,27.12815],[88.32164,27.13001],[88.32519,27.13494],[88.32809,27.14399],[88.33394,27.14717]]]}},{"id":"285","type":"Feature","properties":{"state":"Sikkim","state_code":"11","district":"Namchi","district_code":"243","sub_district":"Namchi","sub_district_code":"1551","sub_district_type":"Sub Division","village":"Mikkhola","village_category":"Rural","village_code":"261130"},"geometry":{"type":"Polygon","coordinates":[[[88.33353,27.14977],[88.33733,27.14884],[88.33849,27.1466],[88.34031,27.14566],[88.34091,27.14384],[88.34252,27.14329],[88.34288,27.14707],[88.35055,27.14692],[88.35553,27.14374],[88.35519,27.13822],[88.35347,27.13285],[88.35374,27.13073],[88.35168,27.12574],[88.34807,27.12617],[88.34153,27.13064],[88.34035,27.13549],[88.33861,27.13768],[88.33572,27.14517],[88.33394,27.14717],[88.33353,27.14977]]]}},{"id":"286","type":"Feature","properties":{"state":"Sikkim","state_code":"11","district":"Namchi","district_code":"243","sub_district":"Namchi","sub_district_code":"1551","sub_district_type":"Sub Division","village":"Kopchey","village_category":"Rural","village_code":"261129"},"geometry":{"type":"Polygon","coordinates":[[[88.34601,27.16386],[88.34906,27.16047],[88.34976,27.15774],[88.35039,27.15881],[88.35235,27.15695],[88.35611,27.15724],[88.35884,27.15319],[88.35928,27.14893],[88.35735,27.14822],[88.35553,27.14374],[88.35055,27.14692],[88.34288,27.14707],[88.34252,27.14329],[88.34091,27.14384],[88.34031,27.14566],[88.33861,27.14647],[88.33716,27.14897],[88.3294,27.14982],[88.32938,27.15655],[88.32772,27.15451],[88.32731,27.1558],[88.32999,27.15754],[88.33145,27.15635],[88.33535,27.15541],[88.33663,27.15592],[88.33794,27.1548],[88.33951,27.15478],[88.34114,27.15677],[88.34241,27.16094],[88.34452,27.16323],[88.3455,27.16663],[88.34685,27.16773],[88.34552,27.16655],[88.34639,27.16547],[88.34601,27.16386]]]}},{"id":"287","type":"Feature","properties":{"state":"Sikkim","state_code":"11","district":"Namchi","district_code":"243","sub_district":"Ravangla","sub_district_code":"1552","sub_district_type":"Sub Division","village":"Legship","village_category":"Rural","village_code":"261218"},"geometry":{"type":"Polygon","coordinates":[[[88.26246,27.31218],[88.26515,27.3161],[88.26819,27.31747],[88.26912,27.31936],[88.26861,27.32027],[88.273,27.32278],[88.2771,27.31463],[88.27847,27.30983],[88.27314,27.30805],[88.27216,27.30071],[88.26657,27.29891],[88.2602,27.3023],[88.2567,27.30141],[88.2572,27.30685],[88.26086,27.31133],[88.26246,27.31218]]]}},{"id":"288","type":"Feature","properties":{"state":"Sikkim","state_code":"11","district":"Namchi","district_code":"243","sub_district":"Namchi","sub_district_code":"1551","sub_district_type":"Sub Division","village":"Majhitar Forest Block (Part)","village_category":"Rural","village_code":"261198"},"geometry":{"type":"Polygon","coordinates":[[[88.37669,27.10161],[88.38117,27.10213],[88.38682,27.10186],[88.38293,27.09912],[88.38221,27.10016],[88.37954,27.09919],[88.37643,27.09972],[88.37304,27.10173],[88.37669,27.10161]]]}},{"id":"289","type":"Feature","properties":{"state":"Sikkim","state_code":"11","district":"Namchi","district_code":"243","sub_district":"Ravangla","sub_district_code":"1552","sub_district_type":"Sub Division","village":"Lingzo","village_category":"Rural","village_code":"261217"},"geometry":{"type":"Polygon","coordinates":[[[88.28371,27.3054],[88.28098,27.30435],[88.28009,27.30801],[88.27915,27.30971],[88.27849,27.30964],[88.2771,27.31463],[88.273,27.32278],[88.27616,27.32401],[88.28099,27.32844],[88.28494,27.32752],[88.2898,27.32082],[88.29339,27.31786],[88.29573,27.3137],[88.29336,27.31359],[88.29308,27.31228],[88.29095,27.31148],[88.28863,27.30883],[88.28752,27.30967],[88.28371,27.3054]]]}},{"id":"290","type":"Feature","properties":{"state":"Sikkim","state_code":"11","district":"Namchi","district_code":"243","sub_district":"Ravangla","sub_district_code":"1552","sub_district_type":"Sub Division","village":"Dalep","village_category":"Rural","village_code":"261216"},"geometry":{"type":"Polygon","coordinates":[[[88.30161,27.31356],[88.30031,27.31315],[88.29975,27.31005],[88.29762,27.30882],[88.29705,27.3073],[88.29503,27.30635],[88.29466,27.30531],[88.28813,27.30634],[88.28374,27.30534],[88.28752,27.30967],[88.28863,27.30883],[88.29095,27.31148],[88.29308,27.31228],[88.29336,27.31359],[88.29573,27.3137],[88.29339,27.31786],[88.2898,27.32082],[88.28494,27.32752],[88.28099,27.32844],[88.28087,27.32946],[88.28318,27.32976],[88.28581,27.33164],[88.28949,27.331],[88.29131,27.33165],[88.29336,27.32955],[88.29628,27.32146],[88.29841,27.3205],[88.30144,27.31596],[88.30161,27.31356]]]}},{"id":"291","type":"Feature","properties":{"state":"Sikkim","state_code":"11","district":"Namchi","district_code":"243","sub_district":"Ravangla","sub_district_code":"1552","sub_district_type":"Sub Division","village":"Bakhim","village_category":"Rural","village_code":"261214"},"geometry":{"type":"Polygon","coordinates":[[[88.31865,27.31828],[88.32214,27.31625],[88.3205,27.31151],[88.31632,27.30827],[88.31449,27.30489],[88.30886,27.30127],[88.31013,27.29856],[88.30754,27.29878],[88.30275,27.30164],[88.29621,27.3021],[88.29189,27.30064],[88.28818,27.30293],[88.28126,27.30417],[88.28138,27.3048],[88.28804,27.30634],[88.29409,27.30509],[88.29975,27.31005],[88.30045,27.3133],[88.30171,27.31356],[88.30488,27.31146],[88.3074,27.31188],[88.30994,27.31087],[88.31262,27.31271],[88.31305,27.31434],[88.31564,27.31706],[88.31815,27.31737],[88.31865,27.31828]]]}},{"id":"292","type":"Feature","properties":{"state":"Sikkim","state_code":"11","district":"Namchi","district_code":"243","sub_district":"Ravangla","sub_district_code":"1552","sub_district_type":"Sub Division","village":"Kewzing","village_category":"Rural","village_code":"261215"},"geometry":{"type":"Polygon","coordinates":[[[88.30161,27.31356],[88.30144,27.31596],[88.29841,27.3205],[88.29628,27.32146],[88.29336,27.32955],[88.29131,27.33165],[88.30104,27.33328],[88.3083,27.32338],[88.31411,27.32186],[88.31527,27.32036],[88.31967,27.318],[88.31865,27.31828],[88.31815,27.31737],[88.31564,27.31706],[88.31305,27.31434],[88.31262,27.31271],[88.30994,27.31087],[88.3074,27.31188],[88.30484,27.31147],[88.30161,27.31356]]]}},{"id":"293","type":"Feature","properties":{"state":"Sikkim","state_code":"11","district":"Namchi","district_code":"243","sub_district":"Namchi","sub_district_code":"1551","sub_district_type":"Sub Division","village":"Aifaltar","village_category":"Rural","village_code":"261181"},"geometry":{"type":"Polygon","coordinates":[[[88.4484,27.26925],[88.44779,27.26672],[88.44522,27.26656],[88.44094,27.26136],[88.44076,27.259],[88.43867,27.25632],[88.43499,27.25304],[88.43238,27.25267],[88.43546,27.25431],[88.43556,27.25919],[88.43531,27.25975],[88.4322,27.25912],[88.4298,27.26078],[88.43009,27.26186],[88.43564,27.2623],[88.43505,27.26395],[88.43656,27.26624],[88.43617,27.26773],[88.44074,27.26818],[88.44502,27.27027],[88.4484,27.26925]]]}},{"id":"294","type":"Feature","properties":{"state":"Sikkim","state_code":"11","district":"Namchi","district_code":"243","sub_district":"Namchi","sub_district_code":"1551","sub_district_type":"Sub Division","village":"Temi","village_category":"Rural","village_code":"261183"},"geometry":{"type":"Polygon","coordinates":[[[88.43161,27.27802],[88.43582,27.27584],[88.43761,27.27672],[88.44029,27.27471],[88.44061,27.27426],[88.43894,27.27282],[88.44042,27.27256],[88.44052,27.26813],[88.43584,27.26771],[88.43361,27.26671],[88.42668,27.26981],[88.42615,27.27068],[88.42809,27.27237],[88.42984,27.27665],[88.43161,27.27802]]]}},{"id":"295","type":"Feature","properties":{"state":"Sikkim","state_code":"11","district":"Namchi","district_code":"243","sub_district":"Namchi","sub_district_code":"1551","sub_district_type":"Sub Division","village":"Gangchung","village_category":"Rural","village_code":"261180"},"geometry":{"type":"Polygon","coordinates":[[[88.45357,27.24544],[88.45177,27.23779],[88.44985,27.23459],[88.43942,27.23579],[88.43875,27.23554],[88.43911,27.23437],[88.43837,27.23316],[88.43364,27.2326],[88.43164,27.23072],[88.42701,27.23101],[88.42665,27.23249],[88.42765,27.23345],[88.42737,27.23585],[88.42806,27.23681],[88.43858,27.24191],[88.44414,27.24261],[88.44764,27.24183],[88.45068,27.24478],[88.45357,27.24544]]]}},{"id":"296","type":"Feature","properties":{"state":"Sikkim","state_code":"11","district":"Namchi","district_code":"243","sub_district":"Namchi","sub_district_code":"1551","sub_district_type":"Sub Division","village":"Jaubari","village_category":"Rural","village_code":"261110"},"geometry":{"type":"Polygon","coordinates":[[[88.38449,27.22275],[88.38304,27.22212],[88.38,27.21577],[88.38134,27.21419],[88.38106,27.20958],[88.38051,27.20775],[88.37717,27.20371],[88.37594,27.19799],[88.37625,27.19573],[88.37279,27.19351],[88.37216,27.19492],[88.37037,27.19608],[88.37044,27.20032],[88.36715,27.20771],[88.36768,27.21125],[88.3642,27.21522],[88.3626,27.21834],[88.36086,27.21933],[88.3625,27.2229],[88.36736,27.22494],[88.36959,27.22453],[88.37231,27.22526],[88.3748,27.22804],[88.37805,27.22814],[88.38054,27.22716],[88.38449,27.22275]]]}},{"id":"297","type":"Feature","properties":{"state":"Sikkim","state_code":"11","district":"Namchi","district_code":"243","sub_district":"Namchi","sub_district_code":"1551","sub_district_type":"Sub Division","village":"Chemchey","village_category":"Rural","village_code":"261108"},"geometry":{"type":"Polygon","coordinates":[[[88.36686,27.23052],[88.36466,27.23021],[88.36351,27.22785],[88.36331,27.22886],[88.36223,27.22933],[88.36184,27.22729],[88.35908,27.22793],[88.35763,27.22747],[88.35328,27.23215],[88.35164,27.23227],[88.35122,27.23327],[88.35531,27.24127],[88.35543,27.24],[88.35731,27.23943],[88.35743,27.23869],[88.36023,27.23942],[88.36153,27.24077],[88.36228,27.24338],[88.36727,27.24313],[88.3666,27.23926],[88.36686,27.23052]]]}},{"id":"298","type":"Feature","properties":{"state":"Sikkim","state_code":"11","district":"Namchi","district_code":"243","sub_district":"Namchi","sub_district_code":"1551","sub_district_type":"Sub Division","village":"Damthang","village_category":"Rural","village_code":"261109"},"geometry":{"type":"Polygon","coordinates":[[[88.38229,27.24348],[88.384,27.23989],[88.38456,27.23407],[88.38842,27.22731],[88.38682,27.22564],[88.38653,27.22402],[88.38436,27.22282],[88.38066,27.22707],[88.37805,27.22814],[88.37473,27.22802],[88.37304,27.22562],[88.37051,27.22473],[88.36542,27.22441],[88.36694,27.22789],[88.36815,27.23889],[88.37101,27.24628],[88.37422,27.24442],[88.37619,27.24214],[88.37886,27.24483],[88.38071,27.24331],[88.38229,27.24348]]]}},{"id":"299","type":"Feature","properties":{"state":"Sikkim","state_code":"11","district":"Namchi","district_code":"243","sub_district":"Namchi","sub_district_code":"1551","sub_district_type":"Sub Division","village":"Boomtar","village_category":"Rural","village_code":"261140"},"geometry":{"type":"Polygon","coordinates":[[[88.36513,27.15389],[88.35914,27.14897],[88.35932,27.15127],[88.35683,27.15995],[88.35712,27.1622],[88.35571,27.16489],[88.35619,27.16683],[88.35884,27.16567],[88.35577,27.17147],[88.35888,27.17415],[88.35924,27.1727],[88.36187,27.173],[88.36199,27.17136],[88.36352,27.17215],[88.36474,27.17091],[88.3648,27.16924],[88.36729,27.16409],[88.36551,27.1563],[88.36587,27.15468],[88.36735,27.15404],[88.36513,27.15389]]]}},{"id":"300","type":"Feature","properties":{"state":"Sikkim","state_code":"11","district":"Namchi","district_code":"243","sub_district":"Namchi","sub_district_code":"1551","sub_district_type":"Sub Division","village":"Tinzir","village_category":"Rural","village_code":"261116"},"geometry":{"type":"Polygon","coordinates":[[[88.34787,27.17306],[88.34688,27.17218],[88.34733,27.16837],[88.3455,27.16663],[88.34452,27.16323],[88.34241,27.16094],[88.34114,27.15677],[88.33979,27.155],[88.33449,27.16463],[88.33398,27.1681],[88.33182,27.17149],[88.33969,27.17307],[88.34361,27.17256],[88.34787,27.17306]]]}},{"id":"301","type":"Feature","properties":{"state":"Sikkim","state_code":"11","district":"Namchi","district_code":"243","sub_district":"Namchi","sub_district_code":"1551","sub_district_type":"Sub Division","village":"Namchi Municipal Corporation","village_category":"Fully_Urban","village_code":"801419"},"geometry":{"type":"Polygon","coordinates":[[[88.35148,27.16464],[88.34793,27.16616],[88.34799,27.16903],[88.35163,27.17009],[88.35372,27.17364],[88.35318,27.17106],[88.35478,27.17146],[88.35526,27.16665],[88.35148,27.16464]]]}},{"id":"302","type":"Feature","properties":{"state":"Sikkim","state_code":"11","district":"Namchi","district_code":"243","sub_district":"Namchi","sub_district_code":"1551","sub_district_type":"Sub Division","village":"Singthang","village_category":"Rural","village_code":"261141"},"geometry":{"type":"Polygon","coordinates":[[[88.3723,27.18747],[88.37272,27.18078],[88.37012,27.17127],[88.36644,27.16689],[88.36352,27.17215],[88.36199,27.17136],[88.36187,27.173],[88.35924,27.1727],[88.35891,27.17415],[88.35708,27.17312],[88.35577,27.17147],[88.35884,27.16567],[88.35619,27.16683],[88.35571,27.16489],[88.35712,27.1622],[88.35769,27.15572],[88.35668,27.15573],[88.35611,27.15724],[88.35224,27.157],[88.35039,27.15881],[88.34976,27.15774],[88.34906,27.16047],[88.34767,27.16082],[88.34612,27.16358],[88.34639,27.16547],[88.34552,27.16655],[88.34733,27.16837],[88.34688,27.17218],[88.34946,27.17451],[88.34685,27.17969],[88.34795,27.18112],[88.3495,27.18115],[88.34973,27.18367],[88.3522,27.1834],[88.35678,27.18564],[88.3617,27.18638],[88.36486,27.18631],[88.36478,27.18386],[88.3684,27.18502],[88.36971,27.18654],[88.37014,27.18611],[88.3723,27.18747]],[[88.35372,27.17364],[88.35163,27.17009],[88.34799,27.16903],[88.34793,27.16616],[88.34941,27.16506],[88.35211,27.16476],[88.35526,27.16665],[88.35478,27.17146],[88.35318,27.17106],[88.35372,27.17364]]]}},{"id":"303","type":"Feature","properties":{"state":"Sikkim","state_code":"11","district":"Namchi","district_code":"243","sub_district":"Namchi","sub_district_code":"1551","sub_district_type":"Sub Division","village":"Kamrang","village_category":"Rural","village_code":"261115"},"geometry":{"type":"Polygon","coordinates":[[[88.33522,27.19625],[88.34029,27.18764],[88.34429,27.18389],[88.34973,27.18367],[88.3495,27.18115],[88.34795,27.18112],[88.34685,27.17969],[88.34945,27.17464],[88.34825,27.173],[88.33969,27.17307],[88.33445,27.17165],[88.33193,27.17197],[88.32785,27.17445],[88.32672,27.17636],[88.32319,27.17892],[88.32064,27.18301],[88.31731,27.18558],[88.31704,27.18847],[88.31418,27.19156],[88.31441,27.19301],[88.31693,27.19517],[88.31759,27.19422],[88.31948,27.19435],[88.32444,27.19681],[88.32981,27.1964],[88.33251,27.19732],[88.33522,27.19625]]]}},{"id":"304","type":"Feature","properties":{"state":"Sikkim","state_code":"11","district":"Namchi","district_code":"243","sub_district":"Namchi","sub_district_code":"1551","sub_district_type":"Sub Division","village":"Mamley","village_category":"Rural","village_code":"261112"},"geometry":{"type":"Polygon","coordinates":[[[88.36564,27.19612],[88.36406,27.19581],[88.36317,27.19406],[88.36188,27.19345],[88.36405,27.18727],[88.35669,27.18597],[88.35484,27.18435],[88.35202,27.18336],[88.34489,27.18339],[88.34029,27.18764],[88.33516,27.19572],[88.33554,27.19634],[88.33748,27.19622],[88.33926,27.19763],[88.34006,27.19935],[88.34399,27.20245],[88.34881,27.20913],[88.3503,27.2097],[88.35401,27.20517],[88.35726,27.20303],[88.36239,27.19786],[88.36564,27.19612]]]}},{"id":"305","type":"Feature","properties":{"state":"Sikkim","state_code":"11","district":"Namchi","district_code":"243","sub_district":"Namchi","sub_district_code":"1551","sub_district_type":"Sub Division","village":"Tshalamthang","village_category":"Rural","village_code":"261190"},"geometry":{"type":"Polygon","coordinates":[[[88.48467,27.22742],[88.4852,27.22265],[88.48071,27.21928],[88.48063,27.21743],[88.48177,27.21496],[88.48033,27.21323],[88.47728,27.21308],[88.47409,27.21145],[88.46966,27.21207],[88.46959,27.21346],[88.4757,27.21986],[88.47081,27.2284],[88.47127,27.22908],[88.46884,27.23272],[88.46853,27.23462],[88.47017,27.2341],[88.47688,27.23792],[88.48072,27.23609],[88.48639,27.23545],[88.48467,27.22742]]]}},{"id":"306","type":"Feature","properties":{"state":"Sikkim","state_code":"11","district":"Namchi","district_code":"243","sub_district":"Namchi","sub_district_code":"1551","sub_district_type":"Sub Division","village":"Bermiok","village_category":"Rural","village_code":"261176"},"geometry":{"type":"Polygon","coordinates":[[[88.46853,27.23462],[88.46884,27.23272],[88.47127,27.22908],[88.47081,27.2284],[88.47232,27.22642],[88.46602,27.22908],[88.46324,27.23163],[88.46035,27.2318],[88.45814,27.23292],[88.45517,27.23256],[88.45355,27.2298],[88.45039,27.22954],[88.44881,27.23051],[88.4456,27.23042],[88.44374,27.23096],[88.44231,27.23387],[88.43879,27.2356],[88.44166,27.23591],[88.44683,27.2352],[88.44789,27.23433],[88.44985,27.23459],[88.45149,27.23708],[88.45265,27.24133],[88.45764,27.24523],[88.46128,27.24416],[88.46031,27.23813],[88.46853,27.23462]]]}},{"id":"307","type":"Feature","properties":{"state":"Sikkim","state_code":"11","district":"Namchi","district_code":"243","sub_district":"Namchi","sub_district_code":"1551","sub_district_type":"Sub Division","village":"Thangsing","village_category":"Rural","village_code":"261177"},"geometry":{"type":"Polygon","coordinates":[[[88.46191,27.25026],[88.46417,27.24848],[88.46413,27.2474],[88.46502,27.24746],[88.46537,27.24569],[88.46821,27.2441],[88.46952,27.2415],[88.46944,27.24002],[88.47027,27.23983],[88.47072,27.23855],[88.47688,27.23792],[88.46989,27.23406],[88.46031,27.23813],[88.46115,27.24426],[88.45733,27.24522],[88.45265,27.24133],[88.45321,27.2446],[88.45514,27.24644],[88.45838,27.24773],[88.45845,27.24907],[88.46035,27.24936],[88.46081,27.24843],[88.46191,27.25026]]]}},{"id":"308","type":"Feature","properties":{"state":"Sikkim","state_code":"11","district":"Namchi","district_code":"243","sub_district":"Namchi","sub_district_code":"1551","sub_district_type":"Sub Division","village":"Tokdey","village_category":"Rural","village_code":"261179"},"geometry":{"type":"Polygon","coordinates":[[[88.47177,27.24022],[88.46944,27.24002],[88.46952,27.2415],[88.46821,27.2441],[88.46537,27.24569],[88.46502,27.24746],[88.46395,27.24758],[88.46417,27.24848],[88.46325,27.24858],[88.46245,27.25034],[88.46081,27.24843],[88.46035,27.24936],[88.45845,27.24907],[88.45838,27.24773],[88.45518,27.24646],[88.45321,27.2446],[88.45455,27.25032],[88.46067,27.25561],[88.46131,27.25495],[88.46309,27.25621],[88.46544,27.25577],[88.46916,27.2516],[88.4696,27.24831],[88.47155,27.24538],[88.47177,27.24022]]]}},{"id":"309","type":"Feature","properties":{"state":"Sikkim","state_code":"11","district":"Namchi","district_code":"243","sub_district":"Namchi","sub_district_code":"1551","sub_district_type":"Sub Division","village":"Namphing","village_category":"Rural","village_code":"261189"},"geometry":{"type":"Polygon","coordinates":[[[88.48974,27.25091],[88.49024,27.24389],[88.48735,27.23889],[88.48639,27.23545],[88.48072,27.23609],[88.47688,27.23809],[88.47267,27.23811],[88.47173,27.23875],[88.47364,27.23894],[88.47526,27.24237],[88.47548,27.24153],[88.47695,27.24136],[88.47761,27.24238],[88.47685,27.24333],[88.47801,27.24539],[88.47627,27.24757],[88.47675,27.24961],[88.47924,27.25029],[88.48189,27.25341],[88.48551,27.25443],[88.48726,27.25666],[88.48984,27.25197],[88.48974,27.25101],[88.48909,27.25104],[88.48974,27.25091]]]}},{"id":"310","type":"Feature","properties":{"state":"Sikkim","state_code":"11","district":"Namchi","district_code":"243","sub_district":"Namchi","sub_district_code":"1551","sub_district_type":"Sub Division","village":"Tokal","village_category":"Rural","village_code":"261178"},"geometry":{"type":"Polygon","coordinates":[[[88.47477,27.26674],[88.47298,27.26584],[88.47583,27.26241],[88.47417,27.26],[88.47408,27.25911],[88.47617,27.25798],[88.47423,27.25305],[88.47678,27.24971],[88.47627,27.24757],[88.47801,27.24539],[88.47685,27.24333],[88.47768,27.24261],[88.47701,27.24137],[88.47487,27.24211],[88.47364,27.23894],[88.47136,27.23836],[88.47027,27.23983],[88.47177,27.24022],[88.472,27.24357],[88.4696,27.24831],[88.4692,27.25152],[88.46544,27.25577],[88.46305,27.25623],[88.46293,27.25823],[88.46465,27.2628],[88.46764,27.26265],[88.4697,27.26383],[88.47143,27.26637],[88.47137,27.26844],[88.47391,27.26903],[88.47477,27.26674]]]}},{"id":"311","type":"Feature","properties":{"state":"Sikkim","state_code":"11","district":"Namchi","district_code":"243","sub_district":"Namchi","sub_district_code":"1551","sub_district_type":"Sub Division","village":"Rashep","village_category":"Rural","village_code":"261188"},"geometry":{"type":"Polygon","coordinates":[[[88.47477,27.26674],[88.48591,27.2617],[88.48726,27.25666],[88.48551,27.25443],[88.48189,27.25341],[88.47933,27.25036],[88.47721,27.24956],[88.47423,27.25305],[88.47617,27.25798],[88.47408,27.25911],[88.47417,27.26],[88.47583,27.26241],[88.47298,27.26584],[88.47477,27.26674]]]}},{"id":"312","type":"Feature","properties":{"state":"Sikkim","state_code":"11","district":"Namchi","district_code":"243","sub_district":"Namchi","sub_district_code":"1551","sub_district_type":"Sub Division","village":"Doring","village_category":"Rural","village_code":"261187"},"geometry":{"type":"Polygon","coordinates":[[[88.46465,27.2628],[88.46314,27.25932],[88.46308,27.25597],[88.459,27.25469],[88.45458,27.25028],[88.45634,27.25519],[88.45554,27.25712],[88.456,27.25848],[88.45779,27.26051],[88.45848,27.26023],[88.46077,27.26198],[88.46196,27.26163],[88.46222,27.26289],[88.46356,27.2634],[88.46465,27.2628]]]}},{"id":"313","type":"Feature","properties":{"state":"Sikkim","state_code":"11","district":"Namchi","district_code":"243","sub_district":"Namchi","sub_district_code":"1551","sub_district_type":"Sub Division","village":"Pabung (Gangchung)","village_category":"Rural","village_code":"261186"},"geometry":{"type":"Polygon","coordinates":[[[88.45643,27.25594],[88.45363,27.24594],[88.44971,27.24416],[88.44764,27.24183],[88.44181,27.24254],[88.44149,27.24394],[88.44302,27.24809],[88.44301,27.2502],[88.44811,27.25186],[88.45044,27.25567],[88.45198,27.25682],[88.45554,27.25712],[88.45643,27.25594]]]}},{"id":"314","type":"Feature","properties":{"state":"Sikkim","state_code":"11","district":"Namchi","district_code":"243","sub_district":"Namchi","sub_district_code":"1551","sub_district_type":"Sub Division","village":"Melli Forest Block (Part)","village_category":"Rural","village_code":"261200"},"geometry":{"type":"Polygon","coordinates":[[[88.50022,27.14329],[88.51272,27.1435],[88.51305,27.14053],[88.5112,27.13724],[88.50593,27.13661],[88.49967,27.13091],[88.49878,27.12906],[88.49901,27.12551],[88.49774,27.12382],[88.49579,27.12352],[88.48999,27.12583],[88.48748,27.12592],[88.48623,27.12489],[88.48571,27.12119],[88.48451,27.12081],[88.47808,27.12277],[88.47101,27.13529],[88.46978,27.14071],[88.47033,27.14472],[88.47178,27.14197],[88.47479,27.14024],[88.47862,27.13904],[88.48479,27.13992],[88.48546,27.14153],[88.48462,27.14293],[88.48156,27.14417],[88.47963,27.14378],[88.47897,27.14536],[88.47961,27.14615],[88.48147,27.14634],[88.48336,27.14935],[88.48638,27.14982],[88.49071,27.14463],[88.49754,27.14499],[88.49865,27.14448],[88.49873,27.14286],[88.49962,27.14256],[88.50022,27.14329]]]}},{"id":"315","type":"Feature","properties":{"state":"Sikkim","state_code":"11","district":"Namchi","district_code":"243","sub_district":"Jorethang","sub_district_code":"6325","sub_district_type":"Sub Division","village":"Melli Forest Block (Part)","village_category":"Rural","village_code":"261200"},"geometry":{"type":"Polygon","coordinates":[[[88.47808,27.12277],[88.47541,27.12171],[88.46781,27.11374],[88.46375,27.11145],[88.45753,27.11311],[88.45608,27.11205],[88.45297,27.1115],[88.45098,27.10954],[88.44327,27.10738],[88.44186,27.10821],[88.44372,27.10932],[88.438,27.10952],[88.44331,27.11097],[88.44365,27.11306],[88.44523,27.1152],[88.44607,27.11553],[88.44726,27.11473],[88.45394,27.11917],[88.45581,27.12319],[88.45632,27.12645],[88.45993,27.1291],[88.4616,27.13244],[88.47111,27.13443],[88.47101,27.13529],[88.47808,27.12277]]]}},{"id":"316","type":"Feature","properties":{"state":"Sikkim","state_code":"11","district":"Namchi","district_code":"243","sub_district":"Namchi","sub_district_code":"1551","sub_district_type":"Sub Division","village":"Mamring Forest Block","village_category":"Rural","village_code":"261202"},"geometry":{"type":"Polygon","coordinates":[[[88.50726,27.18147],[88.50287,27.18092],[88.50046,27.1797],[88.49917,27.17992],[88.49753,27.18281],[88.49543,27.18256],[88.49618,27.18097],[88.49846,27.18041],[88.49941,27.17934],[88.5009,27.1794],[88.50016,27.1782],[88.50233,27.17665],[88.5026,27.17477],[88.50502,27.17178],[88.50929,27.17182],[88.51334,27.17406],[88.51876,27.17252],[88.52122,27.17355],[88.52125,27.17223],[88.52758,27.16651],[88.53116,27.1655],[88.5314,27.16368],[88.52812,27.15947],[88.52764,27.1574],[88.5319,27.15609],[88.53352,27.15456],[88.53204,27.14982],[88.52097,27.14871],[88.51824,27.14643],[88.51709,27.14255],[88.51305,27.14053],[88.51272,27.1435],[88.50408,27.1429],[88.50456,27.14719],[88.50822,27.14837],[88.51044,27.15095],[88.51055,27.15644],[88.5098,27.15898],[88.50804,27.15847],[88.50581,27.16],[88.50405,27.16491],[88.50392,27.16821],[88.50146,27.17219],[88.49649,27.17341],[88.49518,27.17296],[88.49288,27.17424],[88.49017,27.17635],[88.48951,27.18131],[88.48632,27.17968],[88.48503,27.17764],[88.48298,27.17646],[88.48096,27.17647],[88.49075,27.18791],[88.49751,27.18808],[88.49765,27.18931],[88.50726,27.18147]]]}},{"id":"317","type":"Feature","properties":{"state":"Sikkim","state_code":"11","district":"Namchi","district_code":"243","sub_district":"Ravangla","sub_district_code":"1552","sub_district_type":"Sub Division","village":"Ralong Forest Block","village_category":"Rural","village_code":"261250"},"geometry":{"type":"Polygon","coordinates":[[[88.36493,27.494],[88.3756,27.47371],[88.37611,27.4692],[88.37813,27.46444],[88.39474,27.45453],[88.41152,27.44751],[88.41177,27.4344],[88.41485,27.41695],[88.41106,27.40558],[88.40443,27.39205],[88.40253,27.36366],[88.39612,27.35341],[88.3894,27.34781],[88.38647,27.35593],[88.36965,27.35412],[88.36699,27.33546],[88.35844,27.33372],[88.35056,27.33074],[88.34001,27.32912],[88.32939,27.32497],[88.33129,27.33109],[88.32998,27.34043],[88.33144,27.34443],[88.32848,27.34867],[88.32997,27.35455],[88.32925,27.36265],[88.32775,27.36457],[88.32414,27.36449],[88.31672,27.3673],[88.31405,27.37023],[88.3136,27.3729],[88.31275,27.37283],[88.31419,27.37595],[88.31496,27.37582],[88.31666,27.3776],[88.31758,27.37733],[88.31927,27.37907],[88.31986,27.38292],[88.32147,27.38365],[88.32226,27.38579],[88.32094,27.38844],[88.31558,27.39429],[88.31316,27.40701],[88.31399,27.41088],[88.31678,27.41504],[88.32182,27.41434],[88.32482,27.41654],[88.32999,27.41646],[88.33032,27.42695],[88.33398,27.43078],[88.3272,27.43897],[88.32633,27.44234],[88.32363,27.44568],[88.32326,27.44722],[88.32411,27.44981],[88.32616,27.45169],[88.32704,27.4558],[88.32314,27.45645],[88.3143,27.4623],[88.31385,27.46409],[88.31609,27.46694],[88.31677,27.47193],[88.31965,27.47503],[88.31878,27.47863],[88.31648,27.48124],[88.31707,27.48259],[88.31249,27.48589],[88.31092,27.48295],[88.30676,27.48173],[88.3096,27.47842],[88.30981,27.47651],[88.30786,27.47201],[88.30527,27.46962],[88.30351,27.46918],[88.29812,27.47675],[88.29425,27.47416],[88.2869,27.46664],[88.28172,27.46954],[88.27818,27.47765],[88.27476,27.47774],[88.26871,27.47436],[88.26059,27.47351],[88.25793,27.47105],[88.25631,27.4669],[88.25496,27.46555],[88.24518,27.46022],[88.24103,27.46088],[88.23744,27.46717],[88.23748,27.4751],[88.23165,27.51858],[88.23187,27.54262],[88.23042,27.54554],[88.23533,27.55289],[88.24158,27.5581],[88.24829,27.56176],[88.27406,27.57021],[88.29159,27.57688],[88.29819,27.57845],[88.30728,27.57846],[88.31287,27.57562],[88.32168,27.56816],[88.32554,27.55494],[88.32664,27.55339],[88.34639,27.53461],[88.3524,27.53124],[88.36403,27.51903],[88.36493,27.494]]]}},{"id":"318","type":"Feature","properties":{"state":"Sikkim","state_code":"11","district":"Namchi","district_code":"243","sub_district":"Jorethang","sub_district_code":"6325","sub_district_type":"Sub Division","village":"Jorethang Forest Block (Part)","village_category":"Rural","village_code":"261199"},"geometry":{"type":"Polygon","coordinates":[[[88.32164,27.13001],[88.32091,27.12505],[88.31968,27.12369],[88.32194,27.12227],[88.31953,27.12024],[88.31645,27.12179],[88.31534,27.12615],[88.31082,27.12507],[88.31317,27.12882],[88.31743,27.12671],[88.31895,27.12748],[88.32125,27.13199],[88.32453,27.13521],[88.32596,27.13783],[88.32454,27.13367],[88.32164,27.13001]]]}},{"id":"319","type":"Feature","properties":{"state":"Sikkim","state_code":"11","district":"Namchi","district_code":"243","sub_district":"Jorethang","sub_district_code":"6325","sub_district_type":"Sub Division","village":"Majhitar Forest Block (Part)","village_category":"Rural","village_code":"261198"},"geometry":{"type":"Polygon","coordinates":[[[88.36634,27.10211],[88.37091,27.1008],[88.37187,27.09902],[88.37303,27.10037],[88.37304,27.10173],[88.37643,27.09972],[88.37954,27.09919],[88.38221,27.10016],[88.38293,27.09912],[88.38846,27.10295],[88.38846,27.10403],[88.39039,27.10306],[88.39044,27.10224],[88.38955,27.10187],[88.38955,27.09843],[88.38874,27.09701],[88.39383,27.09555],[88.39853,27.09265],[88.40233,27.09171],[88.40497,27.09209],[88.40645,27.09309],[88.40609,27.095],[88.4074,27.09599],[88.40836,27.09598],[88.40972,27.09367],[88.41093,27.09335],[88.41281,27.09466],[88.41427,27.09459],[88.41458,27.09065],[88.41779,27.08942],[88.41828,27.08717],[88.42186,27.08637],[88.42193,27.08765],[88.4236,27.08705],[88.42381,27.08786],[88.42497,27.08798],[88.4263,27.08691],[88.42791,27.08846],[88.43188,27.08781],[88.43291,27.08636],[88.4337,27.08782],[88.43451,27.08752],[88.43481,27.08602],[88.43589,27.08614],[88.43695,27.08928],[88.43902,27.08976],[88.44096,27.0913],[88.44281,27.08619],[88.44471,27.08681],[88.44867,27.09018],[88.44576,27.0927],[88.44519,27.10029],[88.4469,27.1007],[88.4492,27.10265],[88.45282,27.10322],[88.45308,27.10411],[88.45523,27.10523],[88.45497,27.1076],[88.45793,27.11101],[88.45937,27.11028],[88.45969,27.10889],[88.4634,27.10783],[88.4668,27.10888],[88.46645,27.10274],[88.46197,27.09838],[88.46098,27.09279],[88.45958,27.09058],[88.45445,27.08786],[88.45053,27.08389],[88.43926,27.08241],[88.4344,27.07973],[88.43456,27.08258],[88.43127,27.08107],[88.42988,27.08258],[88.4286,27.08257],[88.42518,27.08468],[88.42501,27.08242],[88.42249,27.08372],[88.42155,27.08343],[88.41103,27.08895],[88.39922,27.09025],[88.39251,27.09355],[88.38737,27.09494],[88.37489,27.09748],[88.37037,27.09728],[88.36557,27.09594],[88.35875,27.09601],[88.35682,27.09738],[88.35715,27.10021],[88.35604,27.10102],[88.34952,27.0998],[88.3457,27.10692],[88.34139,27.11012],[88.33784,27.10983],[88.33537,27.10675],[88.32944,27.10777],[88.32489,27.10637],[88.32266,27.10458],[88.32154,27.10475],[88.32092,27.10605],[88.32338,27.10903],[88.32351,27.11146],[88.32741,27.11331],[88.32976,27.11061],[88.33161,27.10983],[88.33542,27.10976],[88.33684,27.11141],[88.3394,27.11165],[88.34987,27.10962],[88.35382,27.11203],[88.35393,27.11316],[88.35902,27.11687],[88.36067,27.1154],[88.36274,27.11095],[88.36438,27.10384],[88.36634,27.10211]]]}},{"id":"320","type":"Feature","properties":{"state":"Sikkim","state_code":"11","district":"Namchi","district_code":"243","sub_district":"Jorethang","sub_district_code":"6325","sub_district_type":"Sub Division","village":"Kerbari","village_category":"Rural","village_code":"261151"},"geometry":{"type":"Polygon","coordinates":[[[88.4328,27.07936],[88.43085,27.08047],[88.42579,27.0815],[88.42226,27.08315],[88.42249,27.08372],[88.42501,27.08242],[88.42518,27.08468],[88.4286,27.08257],[88.42988,27.08258],[88.43127,27.08107],[88.43456,27.08258],[88.4344,27.07973],[88.4328,27.07936]]]}},{"id":"321","type":"Feature","properties":{"state":"Sikkim","state_code":"11","district":"Namchi","district_code":"243","sub_district":"Jorethang","sub_district_code":"6325","sub_district_type":"Sub Division","village":"Kerbari","village_category":"Rural","village_code":"261150"},"geometry":{"type":"Polygon","coordinates":[[[88.43338,27.08791],[88.43291,27.08636],[88.43188,27.08781],[88.42791,27.08846],[88.4263,27.08691],[88.42497,27.08798],[88.42381,27.08786],[88.4236,27.08705],[88.42193,27.08765],[88.42186,27.08637],[88.41837,27.08712],[88.41779,27.08942],[88.41458,27.09065],[88.41408,27.0922],[88.41463,27.09507],[88.4208,27.09312],[88.42954,27.09197],[88.43244,27.08976],[88.43338,27.08791]]]}},{"id":"322","type":"Feature","properties":{"state":"Sikkim","state_code":"11","district":"Namchi","district_code":"243","sub_district":"Namchi","sub_district_code":"1551","sub_district_type":"Sub Division","village":"Forest","village_category":"Forest_Village","village_code":null},"geometry":{"type":"Polygon","coordinates":[[[88.4244,27.27092],[88.43269,27.26687],[88.43603,27.26774],[88.43655,27.26722],[88.43506,27.26403],[88.43564,27.2623],[88.43066,27.26209],[88.42986,27.26146],[88.43042,27.26],[88.4322,27.25912],[88.43531,27.25975],[88.43556,27.25919],[88.43546,27.25431],[88.43238,27.25267],[88.43454,27.25307],[88.44307,27.25022],[88.44149,27.24394],[88.44181,27.24254],[88.43858,27.24191],[88.42806,27.23681],[88.42737,27.23585],[88.42765,27.23345],[88.42665,27.23249],[88.42701,27.23101],[88.43164,27.23072],[88.43364,27.2326],[88.43837,27.23316],[88.43911,27.23437],[88.43879,27.2356],[88.44231,27.23387],[88.44374,27.23096],[88.44585,27.23035],[88.45355,27.2298],[88.45517,27.23256],[88.45814,27.23292],[88.46035,27.2318],[88.46324,27.23163],[88.46695,27.22867],[88.46139,27.22281],[88.44795,27.21939],[88.44208,27.21661],[88.44044,27.21712],[88.43482,27.21604],[88.4308,27.2168],[88.42562,27.2203],[88.42441,27.22251],[88.42228,27.22001],[88.41884,27.21315],[88.41007,27.21374],[88.40638,27.21255],[88.40373,27.20959],[88.40101,27.20868],[88.39888,27.20488],[88.39746,27.20394],[88.3971,27.19839],[88.39844,27.19637],[88.40179,27.19414],[88.40098,27.19305],[88.40105,27.1909],[88.40259,27.1874],[88.4024,27.18458],[88.40422,27.18339],[88.40821,27.17746],[88.41066,27.17626],[88.41163,27.17421],[88.41488,27.17496],[88.41497,27.17557],[88.41607,27.17496],[88.41831,27.1753],[88.41936,27.1767],[88.42155,27.17662],[88.42491,27.17823],[88.42838,27.18189],[88.42914,27.18354],[88.42838,27.18521],[88.43101,27.18661],[88.43394,27.18224],[88.43442,27.17855],[88.43591,27.17606],[88.43457,27.17476],[88.43483,27.17257],[88.42666,27.17326],[88.42477,27.16846],[88.42555,27.16753],[88.42551,27.16489],[88.42378,27.16494],[88.42233,27.16722],[88.42019,27.16774],[88.41775,27.16661],[88.41656,27.16471],[88.40985,27.16939],[88.40724,27.17017],[88.40583,27.16898],[88.40524,27.16798],[88.40591,27.16506],[88.40297,27.15953],[88.40338,27.1582],[88.40512,27.1576],[88.40648,27.15524],[88.40409,27.15209],[88.40415,27.15073],[88.40506,27.14871],[88.40833,27.14721],[88.40856,27.14306],[88.40834,27.14035],[88.40452,27.13508],[88.40344,27.13487],[88.40119,27.1371],[88.39863,27.1375],[88.39287,27.14374],[88.38928,27.13925],[88.38304,27.13676],[88.38105,27.13494],[88.37573,27.14049],[88.37627,27.14156],[88.37565,27.14199],[88.37162,27.14112],[88.37225,27.14341],[88.37636,27.14555],[88.37704,27.14874],[88.3787,27.14699],[88.3813,27.14737],[88.38615,27.14509],[88.38706,27.14603],[88.38732,27.14941],[88.38912,27.15025],[88.38982,27.15395],[88.39326,27.1553],[88.39301,27.15772],[88.39196,27.15909],[88.4006,27.16213],[88.39896,27.1624],[88.39824,27.16387],[88.40023,27.17],[88.39905,27.17281],[88.40094,27.17473],[88.40043,27.17746],[88.39677,27.18066],[88.39548,27.18073],[88.39481,27.18161],[88.39432,27.18058],[88.39306,27.18184],[88.39153,27.18203],[88.38857,27.19031],[88.3808,27.19324],[88.37547,27.18822],[88.37454,27.18854],[88.37014,27.18611],[88.36971,27.18654],[88.3684,27.18502],[88.36478,27.18386],[88.36486,27.18631],[88.3617,27.18638],[88.35678,27.18564],[88.35474,27.18417],[88.3539,27.18404],[88.35669,27.18597],[88.36405,27.18727],[88.36188,27.19345],[88.36317,27.19406],[88.36406,27.19581],[88.36578,27.19606],[88.36579,27.19798],[88.37202,27.19505],[88.37279,27.19351],[88.37625,27.19573],[88.37594,27.19799],[88.37717,27.20371],[88.38051,27.20775],[88.38106,27.20958],[88.38134,27.21419],[88.38,27.21577],[88.38304,27.22212],[88.38653,27.22402],[88.38682,27.22564],[88.38844,27.22681],[88.38741,27.22985],[88.38601,27.23051],[88.38604,27.23213],[88.38456,27.23407],[88.384,27.23989],[88.38229,27.24348],[88.39223,27.25664],[88.40124,27.26043],[88.40212,27.26165],[88.40445,27.26191],[88.40474,27.26305],[88.40342,27.26608],[88.40383,27.26747],[88.40472,27.26879],[88.40778,27.26972],[88.40859,27.27092],[88.40832,27.27294],[88.41025,27.27441],[88.41318,27.27313],[88.41447,27.27412],[88.41782,27.27362],[88.41994,27.27474],[88.42275,27.27479],[88.4244,27.27092]]]}},{"id":"323","type":"Feature","properties":{"state":"Sikkim","state_code":"11","district":"Namchi","district_code":"243","sub_district":"Ravangla","sub_district_code":"1552","sub_district_type":"Sub Division","village":"Forest","village_category":"Forest_Village","village_code":null},"geometry":{"type":"Polygon","coordinates":[[[88.37224,27.31433],[88.37422,27.31136],[88.37792,27.30816],[88.37677,27.30408],[88.37395,27.30108],[88.37749,27.29543],[88.37777,27.29139],[88.37857,27.29033],[88.38125,27.28938],[88.38199,27.28999],[88.38952,27.29018],[88.39001,27.28902],[88.39161,27.28889],[88.39788,27.29016],[88.39739,27.2869],[88.39821,27.28519],[88.39792,27.28343],[88.39641,27.28193],[88.39712,27.27995],[88.39662,27.27904],[88.39436,27.27639],[88.39161,27.27491],[88.39181,27.27351],[88.39032,27.2715],[88.3889,27.27097],[88.38608,27.27149],[88.38598,27.26887],[88.38762,27.26624],[88.38999,27.26467],[88.39475,27.26395],[88.40084,27.26061],[88.39223,27.25664],[88.38229,27.24348],[88.38071,27.24331],[88.37886,27.24483],[88.37619,27.24214],[88.37422,27.24442],[88.37101,27.24628],[88.36815,27.23889],[88.36697,27.2303],[88.3666,27.23926],[88.36727,27.24313],[88.36228,27.24338],[88.36153,27.24077],[88.36023,27.23942],[88.35741,27.23869],[88.35731,27.23943],[88.35543,27.24],[88.35561,27.24111],[88.35498,27.24077],[88.35507,27.24364],[88.35372,27.24612],[88.35376,27.24798],[88.34412,27.25167],[88.33677,27.24794],[88.32803,27.24606],[88.33373,27.25423],[88.33816,27.25834],[88.33845,27.26284],[88.3405,27.26566],[88.34085,27.26859],[88.3399,27.27349],[88.33552,27.27649],[88.33646,27.28052],[88.33548,27.28247],[88.336,27.28322],[88.33024,27.28927],[88.33115,27.28999],[88.32942,27.29259],[88.32345,27.29128],[88.31676,27.28635],[88.31439,27.2865],[88.31315,27.29009],[88.31412,27.29243],[88.30886,27.30127],[88.31449,27.30489],[88.31775,27.30983],[88.32002,27.31088],[88.32216,27.3163],[88.3306,27.31728],[88.3372,27.31687],[88.33998,27.31788],[88.34291,27.32044],[88.34611,27.3213],[88.35381,27.3228],[88.36302,27.31323],[88.37224,27.31433]]]}},{"id":"324","type":"Feature","properties":{"state":"Sikkim","state_code":"11","district":"Namchi","district_code":"243","sub_district":"Yangang","sub_district_code":"6324","sub_district_type":"Sub Division","village":"Forest","village_category":"Forest_Village","village_code":null},"geometry":{"type":"Polygon","coordinates":[[[88.41177,27.4344],[88.41152,27.44751],[88.43742,27.45265],[88.44738,27.45237],[88.44687,27.45157],[88.44748,27.44725],[88.44437,27.44289],[88.44288,27.43909],[88.44494,27.42887],[88.44816,27.42487],[88.44883,27.42072],[88.45056,27.42019],[88.45405,27.41503],[88.45686,27.41422],[88.45884,27.41496],[88.46261,27.41161],[88.4587,27.40541],[88.45648,27.40439],[88.45285,27.39938],[88.4523,27.39567],[88.44982,27.39651],[88.44944,27.38508],[88.45154,27.38003],[88.44761,27.37859],[88.44713,27.37766],[88.44639,27.3783],[88.44478,27.37425],[88.44135,27.37154],[88.43714,27.36482],[88.43363,27.36524],[88.42787,27.36444],[88.4261,27.3666],[88.42153,27.36227],[88.41994,27.35964],[88.41851,27.35936],[88.41841,27.35559],[88.42078,27.34411],[88.42034,27.33995],[88.41838,27.33559],[88.41609,27.33662],[88.41532,27.33832],[88.40587,27.33789],[88.40295,27.34107],[88.40211,27.34019],[88.39789,27.34013],[88.39523,27.33915],[88.39169,27.34289],[88.3894,27.34781],[88.39612,27.35341],[88.40253,27.36366],[88.40443,27.39205],[88.41106,27.40558],[88.41485,27.41695],[88.41177,27.4344]]]}},{"id":"325","type":"Feature","properties":{"state":"Sikkim","state_code":"11","district":"Namchi","district_code":"243","sub_district":"Namchi","sub_district_code":"1551","sub_district_type":"Sub Division","village":"Temi Forest Block","village_category":"Rural","village_code":"261196"},"geometry":{"type":"Polygon","coordinates":[[[88.4696,27.27121],[88.47368,27.26914],[88.47137,27.26844],[88.47143,27.26637],[88.4697,27.26383],[88.46764,27.26265],[88.46339,27.2634],[88.46222,27.26289],[88.4626,27.26247],[88.46167,27.26147],[88.46077,27.26198],[88.45848,27.26023],[88.45779,27.26051],[88.45558,27.25713],[88.45198,27.25682],[88.45044,27.25567],[88.44811,27.25186],[88.44307,27.25022],[88.43454,27.25307],[88.44047,27.25841],[88.44094,27.26136],[88.44464,27.26609],[88.44596,27.26705],[88.44779,27.26672],[88.44846,27.26928],[88.45402,27.27046],[88.45694,27.27518],[88.46107,27.27514],[88.46272,27.2785],[88.46512,27.27888],[88.46806,27.27513],[88.4696,27.27121]]]}},{"id":"326","type":"Feature","properties":{"state":"Sikkim","state_code":"11","district":"Namchi","district_code":"243","sub_district":"Namchi","sub_district_code":"1551","sub_district_type":"Sub Division","village":"Jorethang Forest Block (Part)","village_category":"Rural","village_code":"261199"},"geometry":{"type":"Polygon","coordinates":[[[88.31953,27.12024],[88.32194,27.12227],[88.32391,27.12103],[88.32559,27.11856],[88.32741,27.11331],[88.32351,27.11146],[88.32238,27.11399],[88.32285,27.11764],[88.31953,27.12024]]]}},{"id":"327","type":"Feature","properties":{"state":"Sikkim","state_code":"11","district":"Pakyong","district_code":"741","sub_district":"Rangpo","sub_district_code":"6326","sub_district_type":"Sub_Division","village":"Mangthan","village_category":"Rural","village_code":"261280"},"geometry":{"type":"Polygon","coordinates":[[[88.55829,27.28158],[88.56061,27.27944],[88.56103,27.27265],[88.56325,27.26776],[88.56021,27.2661],[88.55878,27.26613],[88.55073,27.27058],[88.54275,27.26584],[88.54181,27.2661],[88.53864,27.27034],[88.53926,27.27176],[88.54218,27.27299],[88.54893,27.27838],[88.55228,27.27843],[88.55444,27.28126],[88.55829,27.28158]]]}},{"id":"328","type":"Feature","properties":{"state":"Sikkim","state_code":"11","district":"Pakyong","district_code":"741","sub_district":"Rangpo","sub_district_code":"6326","sub_district_type":"Sub_Division","village":"Sumin","village_category":"Rural","village_code":"261281"},"geometry":{"type":"Polygon","coordinates":[[[88.5393,27.26976],[88.54066,27.26789],[88.54317,27.25894],[88.54984,27.25665],[88.55249,27.25686],[88.55542,27.25548],[88.5572,27.25119],[88.55756,27.24615],[88.55231,27.24348],[88.54909,27.24324],[88.53596,27.24765],[88.53206,27.25071],[88.52695,27.25291],[88.52526,27.25628],[88.52292,27.25742],[88.52068,27.26026],[88.52343,27.26181],[88.52068,27.26262],[88.52237,27.26623],[88.52505,27.26664],[88.53096,27.27149],[88.5349,27.27],[88.53661,27.27063],[88.53819,27.26917],[88.5393,27.26976]]]}},{"id":"329","type":"Feature","properties":{"state":"Sikkim","state_code":"11","district":"Pakyong","district_code":"741","sub_district":"Rangpo","sub_district_code":"6326","sub_district_type":"Sub_Division","village":"Lingchey","village_category":"Rural","village_code":"261282"},"geometry":{"type":"Polygon","coordinates":[[[88.49762,27.25158],[88.50199,27.25576],[88.50727,27.25589],[88.513,27.26021],[88.51611,27.25998],[88.518,27.26111],[88.51963,27.26104],[88.52259,27.25782],[88.52175,27.25157],[88.5227,27.24903],[88.52476,27.24812],[88.5244,27.24653],[88.51911,27.24498],[88.51456,27.24076],[88.50918,27.23743],[88.50707,27.23738],[88.50425,27.23852],[88.50185,27.2407],[88.49762,27.25158]]]}},{"id":"330","type":"Feature","properties":{"state":"Sikkim","state_code":"11","district":"Pakyong","district_code":"741","sub_district":"Rangpo","sub_district_code":"6326","sub_district_type":"Sub_Division","village":"West Pendam","village_category":"Rural","village_code":"261283"},"geometry":{"type":"Polygon","coordinates":[[[88.50707,27.23738],[88.51434,27.23687],[88.51615,27.23445],[88.51489,27.23193],[88.51526,27.23064],[88.51665,27.22992],[88.51434,27.22546],[88.51365,27.22136],[88.51074,27.2167],[88.51434,27.2141],[88.51824,27.2087],[88.51881,27.20582],[88.51777,27.20445],[88.52021,27.20696],[88.52577,27.2065],[88.52957,27.20708],[88.53124,27.2095],[88.53515,27.20736],[88.53529,27.20631],[88.52335,27.20251],[88.51516,27.19741],[88.51457,27.20095],[88.51311,27.19943],[88.50946,27.19856],[88.50735,27.19896],[88.50654,27.19806],[88.50494,27.19837],[88.50314,27.19743],[88.49632,27.19823],[88.49382,27.19702],[88.49314,27.19506],[88.49403,27.19221],[88.49212,27.19132],[88.49015,27.1951],[88.48998,27.19869],[88.48917,27.19871],[88.48391,27.20556],[88.48327,27.21082],[88.48055,27.21787],[88.48133,27.22023],[88.4852,27.22265],[88.48467,27.22742],[88.48693,27.23789],[88.48998,27.24313],[88.4904,27.24534],[88.49898,27.24863],[88.50185,27.2407],[88.50425,27.23852],[88.50707,27.23738]],[[88.49535,27.21267],[88.49836,27.2129],[88.50579,27.21122],[88.50727,27.20846],[88.50668,27.20206],[88.51058,27.20393],[88.51194,27.20793],[88.5116,27.2098],[88.50858,27.21328],[88.50139,27.21613],[88.49733,27.23042],[88.49227,27.23071],[88.49218,27.22784],[88.49514,27.22532],[88.4958,27.22363],[88.49277,27.21687],[88.49372,27.21403],[88.49535,27.21267]]]}},{"id":"331","type":"Feature","properties":{"state":"Sikkim","state_code":"11","district":"Pakyong","district_code":"741","sub_district":"Pakyong","sub_district_code":"1554","sub_district_type":"Sub_Division","village":"Amba","village_category":"Rural","village_code":"261344"},"geometry":{"type":"Polygon","coordinates":[[[88.64703,27.2478],[88.64954,27.24748],[88.65089,27.24474],[88.65063,27.23855],[88.65198,27.2345],[88.65069,27.23338],[88.64858,27.2334],[88.64605,27.22983],[88.64328,27.2306],[88.64119,27.22814],[88.63926,27.22063],[88.63752,27.2199],[88.6368,27.21751],[88.63858,27.21346],[88.64274,27.20955],[88.63633,27.205],[88.63483,27.20569],[88.63443,27.20688],[88.63367,27.20644],[88.63006,27.20764],[88.63048,27.20851],[88.62859,27.20982],[88.62996,27.21053],[88.62283,27.2147],[88.62293,27.2208],[88.6217,27.2258],[88.62276,27.22667],[88.62387,27.22981],[88.62604,27.23145],[88.62896,27.23666],[88.6302,27.2375],[88.63104,27.24004],[88.63044,27.24201],[88.63264,27.2449],[88.63431,27.2453],[88.63708,27.24439],[88.63913,27.24594],[88.64374,27.24569],[88.64703,27.2478]]]}},{"id":"332","type":"Feature","properties":{"state":"Sikkim","state_code":"11","district":"Pakyong","district_code":"741","sub_district":"Pakyong","sub_district_code":"1554","sub_district_type":"Sub_Division","village":"Taza","village_category":"Rural","village_code":"261343"},"geometry":{"type":"Polygon","coordinates":[[[88.63025,27.25256],[88.63392,27.25228],[88.63166,27.25024],[88.62919,27.24417],[88.63045,27.24304],[88.63027,27.24115],[88.63104,27.24004],[88.63024,27.23757],[88.62896,27.23666],[88.62604,27.23145],[88.62387,27.22981],[88.62276,27.22667],[88.6217,27.2258],[88.62293,27.2208],[88.62249,27.2163],[88.62361,27.21388],[88.62996,27.21053],[88.62859,27.20982],[88.63048,27.20851],[88.63006,27.20764],[88.63367,27.20644],[88.63443,27.20688],[88.63483,27.20569],[88.63633,27.205],[88.6336,27.20292],[88.62767,27.20442],[88.62323,27.20294],[88.61919,27.20328],[88.6107,27.20149],[88.61156,27.20422],[88.61099,27.20623],[88.61275,27.21089],[88.61386,27.21922],[88.6137,27.22096],[88.61181,27.2238],[88.61347,27.2363],[88.61113,27.23967],[88.61115,27.24103],[88.60952,27.24245],[88.61074,27.2457],[88.61014,27.24777],[88.61278,27.25073],[88.61677,27.25236],[88.6281,27.25371],[88.63025,27.25256]]]}},{"id":"333","type":"Feature","properties":{"state":"Sikkim","state_code":"11","district":"Pakyong","district_code":"741","sub_district":"Rongli","sub_district_code":"1555","sub_district_type":"Sub_Division","village":"Dalapchand","village_category":"Rural","village_code":"261368"},"geometry":{"type":"Polygon","coordinates":[[[88.66897,27.21035],[88.67044,27.20938],[88.67753,27.20972],[88.6807,27.20863],[88.68871,27.20786],[88.69039,27.20444],[88.68993,27.20412],[88.69221,27.20207],[88.69259,27.20061],[88.69028,27.18865],[88.69082,27.18692],[88.69329,27.18461],[88.69098,27.18119],[88.68621,27.1812],[88.6857,27.18298],[88.68525,27.18239],[88.68323,27.18294],[88.68035,27.18241],[88.67904,27.18277],[88.67777,27.1845],[88.67373,27.18464],[88.67001,27.18653],[88.66975,27.18752],[88.66668,27.18803],[88.66566,27.18934],[88.66646,27.19047],[88.66498,27.19027],[88.66388,27.19106],[88.66377,27.19351],[88.66679,27.19716],[88.66388,27.19782],[88.66268,27.19893],[88.66429,27.19885],[88.66973,27.20178],[88.66897,27.20236],[88.6696,27.20293],[88.66926,27.20468],[88.67038,27.20537],[88.66883,27.20912],[88.66897,27.21035]]]}},{"id":"334","type":"Feature","properties":{"state":"Sikkim","state_code":"11","district":"Pakyong","district_code":"741","sub_district":"Rongli","sub_district_code":"1555","sub_district_type":"Sub_Division","village":"Lingtam","village_category":"Rural","village_code":"261359"},"geometry":{"type":"Polygon","coordinates":[[[88.77277,27.24471],[88.76959,27.24165],[88.76603,27.24111],[88.76531,27.24032],[88.7635,27.22979],[88.76369,27.2249],[88.76257,27.22291],[88.76038,27.22257],[88.75831,27.22096],[88.75147,27.22062],[88.7511,27.22259],[88.74706,27.22313],[88.74682,27.22239],[88.74582,27.22263],[88.74538,27.22406],[88.74401,27.22309],[88.74434,27.21895],[88.7434,27.21845],[88.74265,27.21904],[88.74166,27.22208],[88.74313,27.22359],[88.73754,27.23025],[88.73654,27.23043],[88.74176,27.23941],[88.74331,27.24597],[88.74457,27.24723],[88.7464,27.24827],[88.74811,27.24775],[88.7541,27.25015],[88.76071,27.24962],[88.76505,27.24766],[88.76746,27.24741],[88.76911,27.24556],[88.77277,27.24471]]]}},{"id":"335","type":"Feature","properties":{"state":"Sikkim","state_code":"11","district":"Pakyong","district_code":"741","sub_district":"Rongli","sub_district_code":"1555","sub_district_type":"Sub_Division","village":"North-Regu","village_category":"Rural","village_code":"261364"},"geometry":{"type":"Polygon","coordinates":[[[88.73131,27.21762],[88.73985,27.21672],[88.74346,27.21418],[88.74623,27.21385],[88.75,27.21114],[88.75388,27.20637],[88.75569,27.20592],[88.75766,27.20275],[88.75975,27.20158],[88.75325,27.18893],[88.7502,27.19229],[88.74944,27.18906],[88.75129,27.18803],[88.75548,27.18165],[88.75148,27.17038],[88.74751,27.16711],[88.73963,27.16527],[88.73656,27.16202],[88.73339,27.16128],[88.72786,27.15766],[88.72495,27.15741],[88.72661,27.16517],[88.72148,27.17089],[88.72238,27.17336],[88.72473,27.17467],[88.72704,27.17799],[88.72544,27.17995],[88.72419,27.18555],[88.72576,27.18924],[88.72424,27.19292],[88.72507,27.19592],[88.72359,27.19762],[88.72328,27.19955],[88.7247,27.20319],[88.72092,27.20471],[88.72599,27.20837],[88.72755,27.20759],[88.72967,27.20829],[88.73049,27.21349],[88.72888,27.2166],[88.73131,27.21762]]]}},{"id":"336","type":"Feature","properties":{"state":"Sikkim","state_code":"11","district":"Pakyong","district_code":"741","sub_district":"Rongli","sub_district_code":"1555","sub_district_type":"Sub_Division","village":"Phadamchen","village_category":"Rural","village_code":"261360"},"geometry":{"type":"Polygon","coordinates":[[[88.77548,27.24353],[88.77436,27.23993],[88.77599,27.23892],[88.77655,27.23705],[88.77846,27.23699],[88.77949,27.23606],[88.78192,27.23678],[88.78313,27.2389],[88.78514,27.23955],[88.78797,27.23914],[88.79253,27.23588],[88.79469,27.23603],[88.79708,27.23734],[88.79941,27.23704],[88.79642,27.23403],[88.7951,27.2303],[88.79389,27.2292],[88.79237,27.2285],[88.78765,27.22854],[88.78334,27.22458],[88.77982,27.22281],[88.77806,27.22313],[88.77735,27.22457],[88.76916,27.22215],[88.76402,27.22231],[88.76269,27.2231],[88.76369,27.2249],[88.7635,27.22979],[88.76558,27.24074],[88.76959,27.24165],[88.77277,27.24471],[88.77548,27.24353]]]}},{"id":"337","type":"Feature","properties":{"state":"Sikkim","state_code":"11","district":"Pakyong","district_code":"741","sub_district":"Rongli","sub_district_code":"1555","sub_district_type":"Sub_Division","village":"Premlakha","village_category":"Rural","village_code":"261361"},"geometry":{"type":"Polygon","coordinates":[[[88.79656,27.22836],[88.79528,27.22319],[88.79409,27.22231],[88.79364,27.21085],[88.791,27.20913],[88.78632,27.20382],[88.78448,27.20677],[88.78544,27.20812],[88.78615,27.21331],[88.78339,27.2151],[88.78008,27.21509],[88.77851,27.21636],[88.77504,27.21611],[88.77298,27.21739],[88.76916,27.22233],[88.77427,27.22318],[88.77712,27.22457],[88.77806,27.22313],[88.77982,27.22281],[88.78334,27.22458],[88.78765,27.22854],[88.793,27.22867],[88.795,27.23018],[88.79611,27.23356],[88.79941,27.23704],[88.79747,27.2289],[88.79656,27.22836]]]}},{"id":"338","type":"Feature","properties":{"state":"Sikkim","state_code":"11","district":"Pakyong","district_code":"741","sub_district":"Rongli","sub_district_code":"1555","sub_district_type":"Sub_Division","village":"Singaneydara","village_category":"Rural","village_code":"261362"},"geometry":{"type":"Polygon","coordinates":[[[88.76402,27.22231],[88.7693,27.22219],[88.77298,27.21739],[88.77504,27.21611],[88.77851,27.21636],[88.78008,27.21509],[88.78339,27.2151],[88.78615,27.21331],[88.78544,27.20812],[88.78448,27.20677],[88.78581,27.20472],[88.7807,27.20713],[88.77327,27.2046],[88.76449,27.19847],[88.76033,27.19786],[88.75861,27.19967],[88.75975,27.20158],[88.75766,27.20275],[88.75569,27.20592],[88.75388,27.20637],[88.75181,27.20851],[88.75805,27.21429],[88.75586,27.21719],[88.75557,27.2209],[88.75831,27.22096],[88.76038,27.22257],[88.76281,27.22315],[88.76402,27.22231]]]}},{"id":"339","type":"Feature","properties":{"state":"Sikkim","state_code":"11","district":"Pakyong","district_code":"741","sub_district":"Rongli","sub_district_code":"1555","sub_district_type":"Sub_Division","village":"South-Regu","village_category":"Rural","village_code":"261365"},"geometry":{"type":"Polygon","coordinates":[[[88.72092,27.20471],[88.7247,27.20319],[88.72328,27.19955],[88.72359,27.19762],[88.72507,27.19592],[88.72424,27.19292],[88.72576,27.18924],[88.72419,27.18555],[88.72544,27.17995],[88.72704,27.17799],[88.72473,27.17467],[88.72238,27.17336],[88.72148,27.17089],[88.72661,27.16517],[88.7249,27.1582],[88.72278,27.15839],[88.71757,27.16365],[88.71224,27.16713],[88.71062,27.17406],[88.7131,27.1785],[88.70957,27.18316],[88.70865,27.18233],[88.70223,27.18247],[88.70357,27.19202],[88.70529,27.19434],[88.70561,27.19651],[88.70964,27.19899],[88.70844,27.20077],[88.71266,27.20103],[88.71856,27.20456],[88.72092,27.20471]]]}},{"id":"340","type":"Feature","properties":{"state":"Sikkim","state_code":"11","district":"Pakyong","district_code":"741","sub_district":"Rongli","sub_district_code":"1555","sub_district_type":"Sub_Division","village":"Subaneydara","village_category":"Rural","village_code":"261363"},"geometry":{"type":"Polygon","coordinates":[[[88.73759,27.23018],[88.74313,27.22359],[88.74166,27.22208],[88.7434,27.21845],[88.74434,27.21895],[88.74401,27.22309],[88.74538,27.22406],[88.74582,27.22263],[88.74682,27.22239],[88.74706,27.22313],[88.7511,27.22259],[88.75147,27.22062],[88.75557,27.2209],[88.75586,27.21719],[88.75805,27.21429],[88.75171,27.20845],[88.75,27.21114],[88.74623,27.21385],[88.74346,27.21418],[88.73985,27.21672],[88.73568,27.21649],[88.73117,27.21759],[88.72888,27.2166],[88.73051,27.21328],[88.73018,27.20919],[88.72929,27.20796],[88.72748,27.20759],[88.72599,27.20837],[88.72314,27.20664],[88.72189,27.20484],[88.71819,27.20441],[88.71266,27.20103],[88.70422,27.20105],[88.70398,27.20327],[88.7064,27.20547],[88.70704,27.20735],[88.71182,27.21043],[88.71486,27.21106],[88.71762,27.21404],[88.71797,27.21915],[88.72402,27.22089],[88.72646,27.22421],[88.72886,27.22413],[88.73245,27.22622],[88.73523,27.22956],[88.73759,27.23018]]]}},{"id":"341","type":"Feature","properties":{"state":"Sikkim","state_code":"11","district":"Pakyong","district_code":"741","sub_district":"Rongli","sub_district_code":"1555","sub_district_type":"Sub_Division","village":"Changeylakha","village_category":"Rural","village_code":"261366"},"geometry":{"type":"Polygon","coordinates":[[[88.69808,27.20214],[88.70158,27.20046],[88.7048,27.20131],[88.70844,27.20077],[88.70964,27.19899],[88.70539,27.1962],[88.70529,27.19434],[88.70357,27.19202],[88.70216,27.18243],[88.7014,27.18549],[88.69832,27.18582],[88.69809,27.18478],[88.69455,27.18407],[88.69082,27.18692],[88.69029,27.18846],[88.69151,27.19247],[88.6912,27.1951],[88.69199,27.1982],[88.69354,27.19789],[88.6978,27.19976],[88.69808,27.20214]]]}},{"id":"342","type":"Feature","properties":{"state":"Sikkim","state_code":"11","district":"Pakyong","district_code":"741","sub_district":"Rongli","sub_district_code":"1555","sub_district_type":"Sub_Division","village":"Chujachen","village_category":"Rural","village_code":"261367"},"geometry":{"type":"Polygon","coordinates":[[[88.71803,27.21917],[88.71762,27.21404],[88.71459,27.21091],[88.71182,27.21043],[88.71035,27.20918],[88.70435,27.21091],[88.69468,27.21068],[88.69272,27.20977],[88.69039,27.20444],[88.68844,27.20805],[88.6807,27.20863],[88.67753,27.20972],[88.67044,27.20938],[88.66934,27.21036],[88.66791,27.2102],[88.66756,27.21244],[88.66856,27.21248],[88.67257,27.21651],[88.67412,27.2168],[88.67564,27.21886],[88.67794,27.21879],[88.6782,27.2199],[88.67893,27.21993],[88.67759,27.22194],[88.67858,27.22254],[88.68174,27.22207],[88.68563,27.22334],[88.68784,27.22502],[88.69263,27.22335],[88.69341,27.22518],[88.70046,27.22734],[88.70251,27.23181],[88.71148,27.23422],[88.71485,27.23613],[88.7172,27.23139],[88.71573,27.2306],[88.71531,27.22766],[88.71322,27.22676],[88.71091,27.22275],[88.71296,27.22273],[88.71446,27.22098],[88.71375,27.22023],[88.71425,27.21991],[88.71803,27.21917]]]}},{"id":"343","type":"Feature","properties":{"state":"Sikkim","state_code":"11","district":"Pakyong","district_code":"741","sub_district":"Rongli","sub_district_code":"1555","sub_district_type":"Sub_Division","village":"Lamaten","village_category":"Rural","village_code":"261358"},"geometry":{"type":"Polygon","coordinates":[[[88.74006,27.25234],[88.74219,27.24961],[88.74341,27.24465],[88.74065,27.23712],[88.73709,27.23182],[88.73654,27.23043],[88.73751,27.23003],[88.73523,27.22956],[88.73245,27.22622],[88.72909,27.22425],[88.72646,27.22421],[88.72402,27.22089],[88.72192,27.22079],[88.71841,27.21912],[88.71399,27.22005],[88.71446,27.22098],[88.71296,27.22273],[88.71115,27.22231],[88.71108,27.22397],[88.71331,27.22687],[88.71531,27.22766],[88.71572,27.23058],[88.7172,27.23139],[88.71485,27.23613],[88.71646,27.2396],[88.7197,27.24264],[88.71796,27.24582],[88.7188,27.2499],[88.72254,27.24979],[88.72569,27.25108],[88.73602,27.25256],[88.74006,27.25234]]]}},{"id":"344","type":"Feature","properties":{"state":"Sikkim","state_code":"11","district":"Pakyong","district_code":"741","sub_district":"Rongli","sub_district_code":"1555","sub_district_type":"Sub_Division","village":"Rolep","village_category":"Rural","village_code":"261357"},"geometry":{"type":"Polygon","coordinates":[[[88.73247,27.2842],[88.74066,27.28233],[88.74271,27.28311],[88.74878,27.28189],[88.74845,27.27805],[88.74341,27.27548],[88.74354,27.27418],[88.74152,27.27166],[88.74109,27.26629],[88.74386,27.26519],[88.74305,27.25947],[88.74006,27.25234],[88.73602,27.25256],[88.72569,27.25108],[88.72254,27.24979],[88.71913,27.24975],[88.7176,27.25955],[88.718,27.26224],[88.71943,27.26415],[88.72201,27.26565],[88.72327,27.26911],[88.72277,27.27196],[88.727,27.27522],[88.72909,27.28203],[88.73055,27.2839],[88.73247,27.2842]]]}},{"id":"345","type":"Feature","properties":{"state":"Sikkim","state_code":"11","district":"Pakyong","district_code":"741","sub_district":"Rongli","sub_district_code":"1555","sub_district_type":"Sub_Division","village":"Rongli Bazar","village_category":"Urban","village_code":"648241"},"geometry":{"type":"Polygon","coordinates":[[[88.69505,27.20595],[88.70067,27.20436],[88.70422,27.20105],[88.70136,27.20048],[88.69834,27.20224],[88.6978,27.19976],[88.69276,27.19774],[88.6928,27.19834],[88.69199,27.1982],[88.69233,27.20186],[88.68993,27.20412],[88.69254,27.20482],[88.69478,27.2066],[88.69505,27.20595]]]}},{"id":"346","type":"Feature","properties":{"state":"Sikkim","state_code":"11","district":"Pakyong","district_code":"741","sub_district":"Rongli","sub_district_code":"1555","sub_district_type":"Sub_Division","village":"Aritar","village_category":"Rural","village_code":"261372"},"geometry":{"type":"Polygon","coordinates":[[[88.66353,27.1921],[88.66468,27.19042],[88.66646,27.19047],[88.66566,27.18934],[88.66667,27.18804],[88.66975,27.18752],[88.67001,27.18653],[88.67248,27.18522],[88.67777,27.1845],[88.67904,27.18277],[88.68035,27.18241],[88.68323,27.18294],[88.68525,27.18239],[88.6857,27.18298],[88.68615,27.18133],[88.68553,27.18158],[88.68487,27.17988],[88.68098,27.17964],[88.67801,27.17838],[88.67102,27.173],[88.66684,27.16851],[88.66233,27.16129],[88.66026,27.16055],[88.65732,27.16195],[88.65335,27.16193],[88.65145,27.16485],[88.64579,27.166],[88.6465,27.16669],[88.64544,27.16705],[88.6468,27.16844],[88.6453,27.1698],[88.64606,27.17147],[88.64449,27.17212],[88.64496,27.17307],[88.64185,27.17482],[88.64394,27.17576],[88.64381,27.179],[88.64633,27.17996],[88.64727,27.18125],[88.64672,27.18326],[88.64741,27.18358],[88.64736,27.18495],[88.64558,27.19044],[88.64742,27.19181],[88.64868,27.1869],[88.65029,27.18562],[88.6505,27.18742],[88.65157,27.18833],[88.65627,27.18719],[88.66249,27.19047],[88.66353,27.1921]]]}},{"id":"347","type":"Feature","properties":{"state":"Sikkim","state_code":"11","district":"Pakyong","district_code":"741","sub_district":"Rongli","sub_district_code":"1555","sub_district_type":"Sub_Division","village":"Mulukey","village_category":"Rural","village_code":"261370"},"geometry":{"type":"Polygon","coordinates":[[[88.65739,27.21086],[88.65657,27.21016],[88.6566,27.20807],[88.65557,27.20612],[88.65429,27.2064],[88.65333,27.20572],[88.64961,27.20148],[88.65035,27.19887],[88.6512,27.19881],[88.65095,27.19769],[88.64688,27.19299],[88.64376,27.19392],[88.64055,27.19805],[88.63873,27.19797],[88.63705,27.19667],[88.63639,27.19851],[88.63385,27.20001],[88.63264,27.20262],[88.64751,27.2132],[88.65215,27.21349],[88.65739,27.21086]]]}},{"id":"348","type":"Feature","properties":{"state":"Sikkim","state_code":"11","district":"Pakyong","district_code":"741","sub_district":"Rongli","sub_district_code":"1555","sub_district_type":"Sub_Division","village":"Rhenock","village_category":"Rural","village_code":"261376"},"geometry":{"type":"Polygon","coordinates":[[[88.64376,27.19392],[88.64768,27.19219],[88.64558,27.19044],[88.64736,27.18495],[88.64741,27.18358],[88.64672,27.18326],[88.64727,27.18125],[88.64596,27.17976],[88.64408,27.17931],[88.64381,27.18037],[88.64214,27.17873],[88.64109,27.17909],[88.63757,27.18317],[88.63323,27.18408],[88.63368,27.18553],[88.63306,27.18753],[88.63108,27.18618],[88.63044,27.18605],[88.6314,27.18188],[88.63319,27.18156],[88.63541,27.17933],[88.63623,27.17993],[88.6366,27.17807],[88.63762,27.17831],[88.63813,27.17729],[88.63947,27.17304],[88.64187,27.17476],[88.64496,27.17307],[88.64449,27.17212],[88.64606,27.17147],[88.6453,27.1698],[88.6468,27.16844],[88.64544,27.16705],[88.6465,27.16669],[88.64315,27.1651],[88.63978,27.16484],[88.63551,27.16668],[88.63424,27.17259],[88.63102,27.17426],[88.62859,27.17702],[88.62671,27.17755],[88.62597,27.18037],[88.62289,27.17936],[88.62232,27.18037],[88.62276,27.18209],[88.62026,27.18208],[88.62276,27.1838],[88.62583,27.18423],[88.62993,27.18833],[88.63139,27.18655],[88.63307,27.18773],[88.63748,27.19323],[88.63705,27.19667],[88.63873,27.19797],[88.64068,27.198],[88.64376,27.19392]]]}},{"id":"349","type":"Feature","properties":{"state":"Sikkim","state_code":"11","district":"Pakyong","district_code":"741","sub_district":"Rongli","sub_district_code":"1555","sub_district_type":"Sub_Division","village":"Rhenock Bazar","village_category":"Urban","village_code":"261376"},"geometry":{"type":"Polygon","coordinates":[[[88.63311,27.18705],[88.63368,27.18553],[88.63323,27.18408],[88.63757,27.18317],[88.64109,27.17909],[88.64214,27.17873],[88.64391,27.18033],[88.64382,27.17557],[88.63947,27.17304],[88.63813,27.17729],[88.63762,27.17831],[88.6366,27.17807],[88.63623,27.17993],[88.63541,27.17933],[88.63319,27.18156],[88.6314,27.18188],[88.63044,27.18605],[88.63311,27.18705]]]}},{"id":"350","type":"Feature","properties":{"state":"Sikkim","state_code":"11","district":"Pakyong","district_code":"741","sub_district":"Rongli","sub_district_code":"1555","sub_district_type":"Sub_Division","village":"Sudunglakha","village_category":"Rural","village_code":"261369"},"geometry":{"type":"Polygon","coordinates":[[[88.66254,27.21297],[88.66756,27.21244],[88.66791,27.2102],[88.66897,27.21035],[88.6689,27.20883],[88.67004,27.20749],[88.67038,27.20537],[88.66926,27.20468],[88.6696,27.20293],[88.66897,27.20236],[88.66973,27.20178],[88.66429,27.19885],[88.66268,27.19893],[88.65798,27.19308],[88.65559,27.1924],[88.65113,27.19335],[88.64899,27.19232],[88.64688,27.19299],[88.65095,27.19769],[88.6512,27.19881],[88.65035,27.19887],[88.64961,27.20148],[88.65333,27.20572],[88.65429,27.2064],[88.65557,27.20612],[88.6566,27.20807],[88.65661,27.21024],[88.65991,27.211],[88.66254,27.21297]]]}},{"id":"351","type":"Feature","properties":{"state":"Sikkim","state_code":"11","district":"Pakyong","district_code":"741","sub_district":"Rongli","sub_district_code":"1555","sub_district_type":"Sub_Division","village":"Tarpin","village_category":"Rural","village_code":"261371"},"geometry":{"type":"Polygon","coordinates":[[[88.6327,27.20303],[88.6339,27.19995],[88.63643,27.19848],[88.63747,27.19321],[88.63417,27.18872],[88.63139,27.18655],[88.62993,27.18833],[88.62583,27.18423],[88.62276,27.1838],[88.62048,27.18196],[88.61894,27.18335],[88.61535,27.18182],[88.6128,27.18194],[88.60371,27.18623],[88.60137,27.18576],[88.59974,27.18854],[88.59795,27.18981],[88.5967,27.18885],[88.59596,27.18939],[88.59959,27.19166],[88.60114,27.19425],[88.60114,27.19646],[88.60437,27.19655],[88.60471,27.19883],[88.60786,27.20006],[88.60798,27.20275],[88.60991,27.20162],[88.61211,27.20152],[88.61919,27.20328],[88.62556,27.20337],[88.62767,27.20442],[88.6327,27.20303]]]}},{"id":"352","type":"Feature","properties":{"state":"Sikkim","state_code":"11","district":"Pakyong","district_code":"741","sub_district":"Pakyong","sub_district_code":"1554","sub_district_type":"Sub_Division","village":"Namcheybong","village_category":"Rural","village_code":"261333"},"geometry":{"type":"Polygon","coordinates":[[[88.56357,27.28268],[88.56865,27.27965],[88.56871,27.27892],[88.56732,27.27604],[88.56985,27.27607],[88.57271,27.27361],[88.57285,27.27127],[88.57161,27.26958],[88.57078,27.27008],[88.57125,27.26827],[88.57468,27.27015],[88.57853,27.27028],[88.58139,27.27359],[88.585,27.27505],[88.58528,27.2765],[88.58658,27.27516],[88.58932,27.27459],[88.59314,27.27423],[88.59419,27.275],[88.59586,27.27346],[88.5981,27.27618],[88.60295,27.27561],[88.60631,27.27335],[88.6084,27.27043],[88.60963,27.26561],[88.60846,27.26284],[88.60948,27.26148],[88.60789,27.26021],[88.60823,27.25871],[88.60611,27.25865],[88.60476,27.25987],[88.60244,27.25955],[88.60355,27.2577],[88.60225,27.25733],[88.59409,27.25813],[88.59205,27.25568],[88.58493,27.25112],[88.58074,27.25117],[88.57522,27.24731],[88.57257,27.24826],[88.569,27.24761],[88.56579,27.24392],[88.5626,27.24403],[88.55894,27.24243],[88.55466,27.23734],[88.53911,27.23636],[88.52916,27.23657],[88.52605,27.23826],[88.52164,27.23858],[88.51387,27.23675],[88.50918,27.23743],[88.51465,27.24082],[88.51911,27.24498],[88.5244,27.24653],[88.52476,27.24812],[88.52275,27.24893],[88.52175,27.25157],[88.52259,27.25782],[88.52526,27.25628],[88.52695,27.25291],[88.53206,27.25071],[88.53551,27.24786],[88.54707,27.24352],[88.55231,27.24348],[88.55756,27.24615],[88.5572,27.25119],[88.55542,27.25548],[88.55249,27.25686],[88.54984,27.25665],[88.54317,27.25894],[88.54066,27.26789],[88.54275,27.26584],[88.55073,27.27058],[88.55545,27.26741],[88.56025,27.26611],[88.56325,27.26776],[88.56103,27.27265],[88.56061,27.27944],[88.55809,27.2818],[88.56357,27.28268]]]}},{"id":"353","type":"Feature","properties":{"state":"Sikkim","state_code":"11","district":"Pakyong","district_code":"741","sub_district":"Pakyong","sub_district_code":"1554","sub_district_type":"Sub_Division","village":"Pachey","village_category":"Rural","village_code":"261332"},"geometry":{"type":"Polygon","coordinates":[[[88.60963,27.26561],[88.61376,27.26488],[88.61684,27.26287],[88.62111,27.26166],[88.63109,27.26016],[88.63166,27.25963],[88.63076,27.25893],[88.63185,27.25774],[88.63065,27.25663],[88.63325,27.2559],[88.63525,27.25645],[88.63761,27.25871],[88.6408,27.2555],[88.64218,27.2571],[88.64039,27.25974],[88.64547,27.26157],[88.64379,27.25637],[88.6461,27.25215],[88.64552,27.25084],[88.64795,27.25048],[88.65089,27.24786],[88.6484,27.24726],[88.64703,27.2478],[88.64374,27.24569],[88.63913,27.24594],[88.63708,27.24439],[88.63326,27.24523],[88.63044,27.24201],[88.63045,27.24304],[88.62919,27.24417],[88.63065,27.24843],[88.63366,27.2524],[88.63016,27.25257],[88.6281,27.25371],[88.61677,27.25236],[88.61278,27.25073],[88.61078,27.24865],[88.61184,27.25286],[88.60986,27.25465],[88.61071,27.25509],[88.60981,27.25605],[88.61037,27.25647],[88.60977,27.2563],[88.60781,27.25982],[88.60948,27.26148],[88.60846,27.26282],[88.60866,27.26409],[88.60963,27.26561]]]}},{"id":"354","type":"Feature","properties":{"state":"Sikkim","state_code":"11","district":"Pakyong","district_code":"741","sub_district":"Pakyong","sub_district_code":"1554","sub_district_type":"Sub_Division","village":"Pakyong-Bazar","village_category":"Urban","village_code":"648239"},"geometry":{"type":"Polygon","coordinates":[[[88.60154,27.25308],[88.60007,27.2542],[88.60197,27.25628],[88.60111,27.25731],[88.60355,27.2577],[88.60264,27.2596],[88.60476,27.25987],[88.60611,27.25865],[88.60818,27.25876],[88.60938,27.25796],[88.61071,27.25509],[88.6097,27.25508],[88.61058,27.25382],[88.60949,27.2529],[88.60674,27.25441],[88.60597,27.25367],[88.60536,27.25436],[88.60154,27.25308]]]}},{"id":"355","type":"Feature","properties":{"state":"Sikkim","state_code":"11","district":"Pakyong","district_code":"741","sub_district":"Pakyong","sub_district_code":"1554","sub_district_type":"Sub_Division","village":"Kartok","village_category":"Rural","village_code":"261338"},"geometry":{"type":"Polygon","coordinates":[[[88.59389,27.25802],[88.60111,27.25731],[88.60197,27.25625],[88.60007,27.2542],[88.60133,27.25312],[88.60536,27.25436],[88.60597,27.25367],[88.60674,27.25441],[88.60949,27.2529],[88.61058,27.25382],[88.61184,27.25286],[88.61031,27.24681],[88.60766,27.24812],[88.60509,27.24792],[88.60212,27.25152],[88.6002,27.25049],[88.5992,27.25096],[88.59941,27.24941],[88.5984,27.24854],[88.59893,27.24635],[88.59782,27.24497],[88.59494,27.24495],[88.59304,27.24611],[88.58819,27.24713],[88.58549,27.24481],[88.58277,27.24504],[88.57762,27.24358],[88.5755,27.24496],[88.57522,27.24731],[88.57863,27.25011],[88.58235,27.25147],[88.58493,27.25112],[88.59205,27.25568],[88.59389,27.25802]]]}},{"id":"356","type":"Feature","properties":{"state":"Sikkim","state_code":"11","district":"Pakyong","district_code":"741","sub_district":"Pakyong","sub_district_code":"1554","sub_district_type":"Sub_Division","village":"Chuchenpheri","village_category":"Rural","village_code":"261352"},"geometry":{"type":"Polygon","coordinates":[[[88.70193,27.27199],[88.70685,27.27149],[88.71171,27.26938],[88.71408,27.26685],[88.7189,27.26648],[88.72106,27.26493],[88.71838,27.26301],[88.71759,27.25975],[88.71887,27.25121],[88.71796,27.24582],[88.7197,27.24264],[88.71646,27.2396],[88.71583,27.23719],[88.71422,27.2357],[88.70981,27.23365],[88.70251,27.23181],[88.70202,27.23322],[88.69546,27.24032],[88.69478,27.24233],[88.69553,27.24287],[88.69447,27.24578],[88.69207,27.24834],[88.69272,27.25848],[88.69358,27.26051],[88.6958,27.26223],[88.69764,27.27055],[88.70074,27.27318],[88.70193,27.27199]]]}},{"id":"357","type":"Feature","properties":{"state":"Sikkim","state_code":"11","district":"Pakyong","district_code":"741","sub_district":"Pakyong","sub_district_code":"1554","sub_district_type":"Sub_Division","village":"Latuk","village_category":"Rural","village_code":"261353"},"geometry":{"type":"Polygon","coordinates":[[[88.73558,27.28394],[88.73036,27.28375],[88.72842,27.28076],[88.727,27.27522],[88.72277,27.27196],[88.72321,27.2687],[88.72106,27.26493],[88.7189,27.26648],[88.71408,27.26685],[88.71162,27.26943],[88.7065,27.2716],[88.7014,27.27213],[88.70074,27.27318],[88.7055,27.27786],[88.70976,27.28048],[88.71025,27.28169],[88.70927,27.28386],[88.71079,27.28532],[88.71189,27.28816],[88.7164,27.29025],[88.71806,27.28952],[88.71891,27.29275],[88.72028,27.2937],[88.72179,27.29366],[88.72401,27.29114],[88.72787,27.29033],[88.73014,27.29443],[88.7327,27.29372],[88.73426,27.29165],[88.73406,27.28708],[88.73564,27.28564],[88.73558,27.28394]]]}},{"id":"358","type":"Feature","properties":{"state":"Sikkim","state_code":"11","district":"Pakyong","district_code":"741","sub_district":"Pakyong","sub_district_code":"1554","sub_district_type":"Sub_Division","village":"Machong","village_category":"Rural","village_code":"261351"},"geometry":{"type":"Polygon","coordinates":[[[88.68612,27.24934],[88.69346,27.24505],[88.69546,27.24032],[88.70204,27.23319],[88.70251,27.23181],[88.70046,27.22734],[88.69341,27.22518],[88.69263,27.22335],[88.68784,27.22502],[88.68563,27.22334],[88.68174,27.22207],[88.67858,27.22254],[88.67759,27.22194],[88.67394,27.22402],[88.67286,27.22588],[88.66968,27.22841],[88.66301,27.23158],[88.66623,27.23412],[88.66852,27.23911],[88.66936,27.23876],[88.67129,27.24012],[88.67457,27.24074],[88.67554,27.23999],[88.67557,27.24108],[88.67765,27.2419],[88.67695,27.24234],[88.67799,27.24284],[88.67869,27.24226],[88.68009,27.24313],[88.67952,27.24421],[88.6812,27.24622],[88.6848,27.24601],[88.68463,27.24925],[88.68612,27.24934]]]}},{"id":"359","type":"Feature","properties":{"state":"Sikkim","state_code":"11","district":"Pakyong","district_code":"741","sub_district":"Pakyong","sub_district_code":"1554","sub_district_type":"Sub_Division","village":"Parkha","village_category":"Rural","village_code":"261349"},"geometry":{"type":"Polygon","coordinates":[[[88.66322,27.27044],[88.66901,27.26773],[88.67345,27.26895],[88.67636,27.26866],[88.67662,27.26741],[88.67862,27.26546],[88.67781,27.26188],[88.68262,27.25361],[88.68121,27.25083],[88.67671,27.24979],[88.67444,27.24733],[88.67126,27.24624],[88.6684,27.24158],[88.66674,27.24202],[88.66378,27.25589],[88.66579,27.25878],[88.67043,27.26218],[88.67032,27.26326],[88.66688,27.26475],[88.66685,27.26612],[88.66551,27.26691],[88.66104,27.2671],[88.65916,27.26865],[88.6591,27.26945],[88.66322,27.27044]]]}},{"id":"360","type":"Feature","properties":{"state":"Sikkim","state_code":"11","district":"Pakyong","district_code":"741","sub_district":"Pakyong","sub_district_code":"1554","sub_district_type":"Sub_Division","village":"Riwa","village_category":"Rural","village_code":"261350"},"geometry":{"type":"Polygon","coordinates":[[[88.68255,27.25286],[88.68464,27.24923],[88.68491,27.24611],[88.6812,27.24622],[88.67954,27.24423],[88.68028,27.24345],[88.67941,27.24246],[88.67695,27.24234],[88.67765,27.2419],[88.67557,27.24108],[88.67554,27.23999],[88.67457,27.24074],[88.67129,27.24012],[88.66936,27.23876],[88.66852,27.23911],[88.66716,27.23686],[88.66674,27.24202],[88.66844,27.24161],[88.67126,27.24624],[88.67444,27.24733],[88.67671,27.24979],[88.68121,27.25083],[88.68165,27.25242],[88.68255,27.25286]]]}},{"id":"361","type":"Feature","properties":{"state":"Sikkim","state_code":"11","district":"Pakyong","district_code":"741","sub_district":"Pakyong","sub_district_code":"1554","sub_district_type":"Sub_Division","village":"Thekabong","village_category":"Rural","village_code":"261348"},"geometry":{"type":"Polygon","coordinates":[[[88.6591,27.26945],[88.66104,27.2671],[88.66362,27.26739],[88.66679,27.26619],[88.66688,27.26475],[88.66999,27.2638],[88.67043,27.26218],[88.66579,27.25878],[88.66381,27.25598],[88.66491,27.25131],[88.66135,27.25522],[88.65847,27.25604],[88.65617,27.25547],[88.6568,27.25406],[88.65644,27.25149],[88.65749,27.24905],[88.65702,27.24682],[88.65782,27.24562],[88.65768,27.24055],[88.651,27.24016],[88.65109,27.24381],[88.64954,27.24748],[88.6509,27.24788],[88.64795,27.25048],[88.64557,27.25075],[88.64554,27.25148],[88.64834,27.25351],[88.65014,27.25935],[88.65279,27.26128],[88.655,27.26564],[88.6591,27.26945]]]}},{"id":"362","type":"Feature","properties":{"state":"Sikkim","state_code":"11","district":"Pakyong","district_code":"741","sub_district":"Rangpo","sub_district_code":"6326","sub_district_type":"Sub_Division","village":"Central Pendam","village_category":"Rural","village_code":"261284"},"geometry":{"type":"Polygon","coordinates":[[[88.55104,27.23742],[88.55123,27.23573],[88.54985,27.23572],[88.54986,27.23454],[88.54835,27.23437],[88.54554,27.23621],[88.54443,27.23555],[88.54364,27.23343],[88.5453,27.23319],[88.54573,27.23134],[88.54472,27.23063],[88.54478,27.22968],[88.54277,27.23131],[88.54189,27.22993],[88.54231,27.22896],[88.54043,27.22969],[88.54085,27.22786],[88.53854,27.2268],[88.53693,27.22292],[88.53832,27.2232],[88.53942,27.22218],[88.53906,27.21944],[88.53754,27.21953],[88.53644,27.22133],[88.53549,27.22048],[88.53498,27.22118],[88.53255,27.22135],[88.53155,27.2202],[88.5324,27.21867],[88.53165,27.21723],[88.53321,27.21581],[88.53341,27.21376],[88.53587,27.21224],[88.53841,27.21247],[88.54111,27.21404],[88.54345,27.21248],[88.54673,27.21511],[88.54992,27.21419],[88.54904,27.21374],[88.5513,27.21052],[88.55166,27.20674],[88.54926,27.20651],[88.54854,27.20485],[88.55008,27.20356],[88.5462,27.20193],[88.54576,27.20087],[88.54625,27.1996],[88.54787,27.19893],[88.54834,27.1929],[88.55109,27.19434],[88.55508,27.19488],[88.55734,27.19339],[88.56382,27.19328],[88.55632,27.18539],[88.55294,27.18344],[88.54832,27.18269],[88.54298,27.18318],[88.54055,27.18082],[88.53928,27.1772],[88.53548,27.17918],[88.53274,27.17379],[88.53096,27.17217],[88.52463,27.17389],[88.51961,27.1734],[88.51876,27.17252],[88.51449,27.17398],[88.51123,27.17342],[88.50733,27.17681],[88.50726,27.18147],[88.50549,27.18345],[88.49842,27.18926],[88.49443,27.1888],[88.49249,27.19038],[88.49212,27.19132],[88.49386,27.1918],[88.49413,27.19265],[88.49314,27.19506],[88.49382,27.19702],[88.49643,27.19826],[88.50147,27.19733],[88.50494,27.19837],[88.50654,27.19806],[88.50753,27.19899],[88.50946,27.19856],[88.51312,27.19944],[88.51457,27.20095],[88.51516,27.19741],[88.52229,27.20203],[88.53479,27.20579],[88.53533,27.20671],[88.53124,27.2095],[88.52957,27.20708],[88.52577,27.2065],[88.52021,27.20696],[88.51777,27.20445],[88.51881,27.20582],[88.51824,27.2087],[88.51434,27.2141],[88.51074,27.21668],[88.51365,27.22136],[88.51434,27.22546],[88.51665,27.22992],[88.51498,27.23133],[88.51615,27.23445],[88.51434,27.23687],[88.52164,27.23858],[88.52605,27.23826],[88.52916,27.23657],[88.53953,27.23638],[88.55104,27.23742]],[[88.51943,27.18928],[88.51962,27.18739],[88.52142,27.18474],[88.51842,27.18686],[88.51057,27.18824],[88.50974,27.18668],[88.5101,27.18166],[88.51102,27.18174],[88.51125,27.18282],[88.51557,27.18305],[88.51743,27.1828],[88.52047,27.18088],[88.5225,27.18121],[88.52481,27.18458],[88.52498,27.18796],[88.52386,27.18951],[88.52051,27.19018],[88.51943,27.18928]]]}},{"id":"363","type":"Feature","properties":{"state":"Sikkim","state_code":"11","district":"Pakyong","district_code":"741","sub_district":"Rangpo","sub_district_code":"6326","sub_district_type":"Sub_Division","village":"East-Pendam","village_category":"Rural","village_code":"261336"},"geometry":{"type":"Polygon","coordinates":[[[88.57335,27.24794],[88.57522,27.24731],[88.57585,27.24413],[88.58145,27.24192],[88.58376,27.2369],[88.58858,27.23603],[88.59034,27.23416],[88.5903,27.22698],[88.5918,27.22411],[88.59023,27.21859],[88.59111,27.21696],[88.59413,27.21563],[88.59729,27.21269],[88.59728,27.20755],[88.59946,27.19977],[88.59798,27.1987],[88.58073,27.19918],[88.57673,27.20134],[88.58082,27.20907],[88.58337,27.2114],[88.58645,27.21284],[88.58326,27.21341],[88.58259,27.21391],[88.58362,27.21409],[88.58277,27.21503],[88.57973,27.21523],[88.57587,27.21277],[88.57645,27.21525],[88.57768,27.21618],[88.57728,27.21721],[88.57916,27.21904],[88.57723,27.22478],[88.57757,27.22651],[88.5788,27.22777],[88.57996,27.23445],[88.58106,27.23631],[88.57871,27.23874],[88.57268,27.23942],[88.57212,27.24182],[88.56579,27.24392],[88.569,27.24761],[88.57335,27.24794]]]}},{"id":"364","type":"Feature","properties":{"state":"Sikkim","state_code":"11","district":"Pakyong","district_code":"741","sub_district":"Rangpo","sub_district_code":"6326","sub_district_type":"Sub_Division","village":"Kamarey Bhasmey","village_category":"Rural","village_code":"261335"},"geometry":{"type":"Polygon","coordinates":[[[88.60068,27.19849],[88.60442,27.20185],[88.60787,27.20287],[88.60786,27.20006],[88.60471,27.19883],[88.60437,27.19655],[88.60114,27.19646],[88.60114,27.19425],[88.59959,27.19166],[88.59596,27.18939],[88.5967,27.18885],[88.59558,27.18785],[88.59413,27.18811],[88.59327,27.19098],[88.59223,27.19126],[88.59025,27.19033],[88.58986,27.18734],[88.58879,27.18636],[88.58715,27.18721],[88.58719,27.19004],[88.58594,27.19039],[88.58333,27.1876],[88.58104,27.18881],[88.56663,27.18477],[88.56247,27.1857],[88.55632,27.18539],[88.56382,27.19328],[88.55734,27.19339],[88.55508,27.19488],[88.55109,27.19434],[88.54834,27.1929],[88.54787,27.19893],[88.54625,27.1996],[88.54576,27.20087],[88.5462,27.20193],[88.55008,27.20356],[88.54854,27.20485],[88.54926,27.20651],[88.55166,27.20674],[88.5513,27.21052],[88.54904,27.21374],[88.55235,27.21427],[88.55168,27.21571],[88.55306,27.21736],[88.55247,27.2186],[88.55369,27.219],[88.55341,27.22147],[88.55275,27.22161],[88.55779,27.22471],[88.55937,27.22491],[88.56331,27.22398],[88.56282,27.22292],[88.56448,27.22308],[88.5656,27.22037],[88.56922,27.22061],[88.57241,27.22524],[88.57462,27.22621],[88.5736,27.22868],[88.57639,27.23106],[88.57881,27.22838],[88.57723,27.22478],[88.57824,27.22259],[88.57784,27.22144],[88.57917,27.2191],[88.57728,27.21721],[88.57768,27.21618],[88.57645,27.21525],[88.57587,27.21277],[88.57973,27.21523],[88.58277,27.21503],[88.58362,27.21409],[88.58259,27.21391],[88.58326,27.21341],[88.58645,27.21284],[88.58337,27.2114],[88.58082,27.20907],[88.57673,27.20134],[88.58073,27.19918],[88.59705,27.19845],[88.59946,27.19977],[88.60068,27.19849]]]}},{"id":"365","type":"Feature","properties":{"state":"Sikkim","state_code":"11","district":"Pakyong","district_code":"741","sub_district":"Rangpo","sub_district_code":"6326","sub_district_type":"Sub_Division","village":"Pachak","village_category":"Rural","village_code":"261334"},"geometry":{"type":"Polygon","coordinates":[[[88.55105,27.23742],[88.55466,27.23734],[88.55894,27.24243],[88.56175,27.24367],[88.56619,27.24392],[88.57212,27.24182],[88.57268,27.23942],[88.57881,27.23869],[88.58111,27.236],[88.57996,27.23445],[88.57873,27.22855],[88.57807,27.22992],[88.57623,27.23101],[88.5736,27.22868],[88.57462,27.22621],[88.57241,27.22524],[88.56976,27.22097],[88.5656,27.22037],[88.56448,27.22308],[88.56282,27.22292],[88.56331,27.22398],[88.55941,27.2249],[88.55779,27.22471],[88.55263,27.22171],[88.5518,27.22347],[88.55282,27.22588],[88.55181,27.22749],[88.5529,27.22952],[88.55207,27.23046],[88.55298,27.23163],[88.551,27.23273],[88.55168,27.23433],[88.54961,27.23495],[88.54985,27.23572],[88.55123,27.23573],[88.55105,27.23742]]]}},{"id":"366","type":"Feature","properties":{"state":"Sikkim","state_code":"11","district":"Pakyong","district_code":"741","sub_district":"Rangpo","sub_district_code":"6326","sub_district_type":"Sub_Division","village":"Sajong","village_category":"Rural","village_code":"261285"},"geometry":{"type":"Polygon","coordinates":[[[88.53906,27.22717],[88.54085,27.22786],[88.54043,27.22969],[88.54233,27.22898],[88.54189,27.22993],[88.54277,27.23131],[88.54478,27.22968],[88.54472,27.23063],[88.54572,27.23128],[88.54531,27.23316],[88.54364,27.23343],[88.54443,27.23555],[88.54554,27.23621],[88.54835,27.23437],[88.55029,27.23505],[88.55168,27.23433],[88.551,27.23273],[88.55298,27.23162],[88.55204,27.23031],[88.5529,27.22952],[88.55181,27.22686],[88.55282,27.22588],[88.55182,27.22313],[88.55341,27.22147],[88.55369,27.219],[88.55247,27.2186],[88.55308,27.21743],[88.55168,27.21571],[88.55203,27.2139],[88.54673,27.21511],[88.54345,27.21248],[88.54111,27.21404],[88.53671,27.21217],[88.53343,27.21374],[88.53321,27.21581],[88.53165,27.21723],[88.5324,27.21867],[88.53155,27.2202],[88.53255,27.22135],[88.53498,27.22118],[88.53549,27.22048],[88.5363,27.22137],[88.53754,27.21953],[88.53906,27.21944],[88.53942,27.22218],[88.53832,27.2232],[88.53693,27.22281],[88.53906,27.22717]]]}},{"id":"367","type":"Feature","properties":{"state":"Sikkim","state_code":"11","district":"Pakyong","district_code":"741","sub_district":"Pakyong","sub_district_code":"1554","sub_district_type":"Sub_Division","village":"Chalamthang","village_category":"Rural","village_code":"261339"},"geometry":{"type":"Polygon","coordinates":[[[88.60239,27.2511],[88.60509,27.24792],[88.60766,27.24812],[88.6105,27.2467],[88.60952,27.24245],[88.61115,27.24103],[88.6113,27.23957],[88.60919,27.24155],[88.60962,27.24055],[88.60716,27.24064],[88.60771,27.23773],[88.59846,27.2356],[88.59715,27.23935],[88.59751,27.24231],[88.59879,27.24463],[88.5984,27.24856],[88.59941,27.24941],[88.5992,27.25096],[88.6002,27.25049],[88.60239,27.2511]]]}},{"id":"368","type":"Feature","properties":{"state":"Sikkim","state_code":"11","district":"Pakyong","district_code":"741","sub_district":"Pakyong","sub_district_code":"1554","sub_district_type":"Sub_Division","village":"Dikling-Pacheykhani","village_category":"Rural","village_code":"261340"},"geometry":{"type":"Polygon","coordinates":[[[88.6095,27.24138],[88.61347,27.2363],[88.61181,27.2238],[88.60777,27.22327],[88.60536,27.22412],[88.60541,27.22574],[88.60045,27.22552],[88.59964,27.22647],[88.6014,27.22929],[88.59776,27.23091],[88.59922,27.23207],[88.60206,27.23187],[88.6027,27.23242],[88.59878,27.23563],[88.60771,27.23773],[88.60716,27.24064],[88.60948,27.2405],[88.6095,27.24138]]]}},{"id":"369","type":"Feature","properties":{"state":"Sikkim","state_code":"11","district":"Pakyong","district_code":"741","sub_district":"Pakyong","sub_district_code":"1554","sub_district_type":"Sub_Division","village":"Dikling","village_category":"Rural","village_code":"261337"},"geometry":{"type":"Polygon","coordinates":[[[88.58762,27.24707],[88.59289,27.24616],[88.59504,27.24492],[88.59853,27.24539],[88.59715,27.23935],[88.59764,27.23651],[88.60253,27.23208],[88.59922,27.23207],[88.59521,27.22997],[88.59031,27.22923],[88.59046,27.23378],[88.5896,27.2355],[88.58376,27.2369],[88.58145,27.24192],[88.57886,27.24248],[88.57585,27.24413],[88.57549,27.24472],[88.57762,27.24358],[88.58277,27.24504],[88.58549,27.24481],[88.58762,27.24707]]]}},{"id":"370","type":"Feature","properties":{"state":"Sikkim","state_code":"11","district":"Pakyong","district_code":"741","sub_district":"Pakyong","sub_district_code":"1554","sub_district_type":"Sub_Division","village":"Lossing","village_category":"Rural","village_code":"261341"},"geometry":{"type":"Polygon","coordinates":[[[88.59775,27.2311],[88.6014,27.22929],[88.59964,27.22647],[88.60107,27.22486],[88.59978,27.21869],[88.5986,27.21675],[88.59611,27.21712],[88.5928,27.21581],[88.59023,27.21859],[88.5918,27.22411],[88.5903,27.22698],[88.59031,27.22923],[88.59775,27.2311]]]}},{"id":"371","type":"Feature","properties":{"state":"Sikkim","state_code":"11","district":"Pakyong","district_code":"741","sub_district":"Pakyong","sub_district_code":"1554","sub_district_type":"Sub_Division","village":"Pacheykhani","village_category":"Rural","village_code":"261342"},"geometry":{"type":"Polygon","coordinates":[[[88.60541,27.22574],[88.60536,27.22412],[88.60768,27.22329],[88.61072,27.22409],[88.61198,27.22362],[88.61374,27.22082],[88.61378,27.21661],[88.61259,27.21021],[88.61099,27.20623],[88.61156,27.20422],[88.6107,27.20149],[88.60665,27.20295],[88.60069,27.19848],[88.59864,27.20105],[88.59728,27.20755],[88.59729,27.21269],[88.59371,27.2157],[88.59611,27.21712],[88.5986,27.21675],[88.59978,27.21869],[88.60082,27.22551],[88.60541,27.22574]]]}},{"id":"372","type":"Feature","properties":{"state":"Sikkim","state_code":"11","district":"Pakyong","district_code":"741","sub_district":"Pakyong","sub_district_code":"1554","sub_district_type":"Sub_Division","village":"Bering","village_category":"Rural","village_code":"261346"},"geometry":{"type":"Polygon","coordinates":[[[88.65765,27.24049],[88.65768,27.23885],[88.662,27.2363],[88.66638,27.23695],[88.66223,27.23308],[88.6606,27.23246],[88.65793,27.23277],[88.65628,27.23175],[88.65512,27.23036],[88.65557,27.22849],[88.65713,27.22843],[88.65814,27.22657],[88.65928,27.2268],[88.66527,27.223],[88.66879,27.2236],[88.67141,27.22088],[88.6782,27.2199],[88.67794,27.21879],[88.67564,27.21886],[88.67412,27.2168],[88.67191,27.21602],[88.66856,27.21248],[88.66254,27.21297],[88.66061,27.21156],[88.65965,27.21285],[88.65593,27.21286],[88.65115,27.21768],[88.6506,27.22308],[88.64942,27.22467],[88.64899,27.22762],[88.64919,27.22938],[88.65053,27.23022],[88.65193,27.23313],[88.65066,27.2394],[88.651,27.24016],[88.65765,27.24049]]]}},{"id":"373","type":"Feature","properties":{"state":"Sikkim","state_code":"11","district":"Pakyong","district_code":"741","sub_district":"Pakyong","sub_district_code":"1554","sub_district_type":"Sub_Division","village":"Linkey","village_category":"Rural","village_code":"261347"},"geometry":{"type":"Polygon","coordinates":[[[88.66491,27.25131],[88.66579,27.24574],[88.66683,27.24381],[88.66716,27.23686],[88.66621,27.2341],[88.66298,27.23162],[88.66968,27.22841],[88.67286,27.22588],[88.67394,27.22402],[88.67686,27.2227],[88.67893,27.21993],[88.67159,27.22081],[88.66879,27.2236],[88.66527,27.223],[88.65928,27.2268],[88.65814,27.22657],[88.65713,27.22843],[88.65552,27.22854],[88.65512,27.23036],[88.65628,27.23175],[88.65793,27.23277],[88.6606,27.23246],[88.66223,27.23308],[88.66638,27.23695],[88.66208,27.23628],[88.65767,27.23887],[88.65782,27.24562],[88.65702,27.2468],[88.65749,27.24905],[88.65644,27.25149],[88.6568,27.25406],[88.65617,27.25547],[88.65847,27.25604],[88.66135,27.25522],[88.66491,27.25131]]]}},{"id":"374","type":"Feature","properties":{"state":"Sikkim","state_code":"11","district":"Pakyong","district_code":"741","sub_district":"Pakyong","sub_district_code":"1554","sub_district_type":"Sub_Division","village":"Tareythang","village_category":"Rural","village_code":"261345"},"geometry":{"type":"Polygon","coordinates":[[[88.65198,27.2345],[88.65143,27.23176],[88.64919,27.22938],[88.64899,27.22762],[88.64942,27.22467],[88.6506,27.22308],[88.65115,27.21768],[88.65538,27.21312],[88.65965,27.21285],[88.66061,27.21156],[88.65739,27.21086],[88.65215,27.21349],[88.64908,27.21367],[88.64538,27.212],[88.64274,27.20955],[88.63823,27.21398],[88.6368,27.21751],[88.63699,27.21895],[88.63923,27.22057],[88.64116,27.22806],[88.64296,27.23038],[88.64605,27.22983],[88.64858,27.2334],[88.65069,27.23338],[88.65198,27.2345]]]}},{"id":"375","type":"Feature","properties":{"state":"Sikkim","state_code":"11","district":"Pakyong","district_code":"741","sub_district":"Rongli","sub_district_code":"1555","sub_district_type":"Sub_Division","village":"Rhenock Forest Block","village_category":"Rural","village_code":"261375"},"geometry":{"type":"Polygon","coordinates":[[[88.66377,27.19351],[88.66249,27.19047],[88.65627,27.18719],[88.65157,27.18833],[88.6505,27.18742],[88.65029,27.18562],[88.649,27.18631],[88.64742,27.19001],[88.64778,27.19245],[88.65114,27.19335],[88.65582,27.1924],[88.65845,27.19328],[88.66268,27.19893],[88.66388,27.19782],[88.66679,27.19716],[88.66377,27.19351]]]}},{"id":"376","type":"Feature","properties":{"state":"Sikkim","state_code":"11","district":"Pakyong","district_code":"741","sub_district":"Pakyong","sub_district_code":"1554","sub_district_type":"Sub_Division","village":"Aho","village_category":"Rural","village_code":"261330"},"geometry":{"type":"Polygon","coordinates":[[[88.61427,27.26453],[88.60963,27.26561],[88.60832,27.27061],[88.60478,27.27453],[88.60132,27.27607],[88.59801,27.27637],[88.5998,27.27755],[88.60434,27.27831],[88.60903,27.27761],[88.61302,27.27601],[88.61131,27.27824],[88.61185,27.2807],[88.61097,27.28194],[88.61237,27.28316],[88.61353,27.28282],[88.61373,27.28387],[88.61523,27.28352],[88.6177,27.28501],[88.61895,27.28185],[88.62007,27.28168],[88.62076,27.28029],[88.61873,27.27698],[88.61854,27.27492],[88.61651,27.27325],[88.61641,27.27119],[88.61736,27.26979],[88.61684,27.2691],[88.61784,27.26869],[88.61651,27.2665],[88.6145,27.26561],[88.61427,27.26453]]]}},{"id":"377","type":"Feature","properties":{"state":"Sikkim","state_code":"11","district":"Pakyong","district_code":"741","sub_district":"Pakyong","sub_district_code":"1554","sub_district_type":"Sub_Division","village":"Changey-Santi","village_category":"Rural","village_code":"261331"},"geometry":{"type":"Polygon","coordinates":[[[88.62496,27.28492],[88.639,27.28261],[88.64172,27.28001],[88.64382,27.27956],[88.63892,27.27927],[88.63463,27.27584],[88.63271,27.27536],[88.63133,27.27098],[88.63215,27.27009],[88.63237,27.26609],[88.62968,27.26481],[88.63194,27.26265],[88.63078,27.26143],[88.62705,27.26089],[88.62111,27.26166],[88.61684,27.26287],[88.61427,27.26453],[88.6145,27.26561],[88.61651,27.2665],[88.61784,27.26869],[88.61684,27.2691],[88.61736,27.26979],[88.61641,27.27119],[88.61651,27.27325],[88.61854,27.27492],[88.61873,27.27698],[88.62076,27.28029],[88.62007,27.28168],[88.61895,27.28185],[88.6177,27.28501],[88.62214,27.28611],[88.62496,27.28492]]]}},{"id":"378","type":"Feature","properties":{"state":"Sikkim","state_code":"11","district":"Pakyong","district_code":"741","sub_district":"Pakyong","sub_district_code":"1554","sub_district_type":"Sub_Division","village":"Yangtam","village_category":"Rural","village_code":"261329"},"geometry":{"type":"Polygon","coordinates":[[[88.60161,27.28383],[88.60198,27.28233],[88.60343,27.28274],[88.60476,27.28045],[88.61052,27.28259],[88.61184,27.28074],[88.61132,27.27821],[88.61304,27.27603],[88.60903,27.27761],[88.60434,27.27831],[88.5998,27.27755],[88.59801,27.27637],[88.59781,27.2782],[88.59995,27.2809],[88.59835,27.28236],[88.59932,27.28365],[88.60161,27.28383]]]}},{"id":"379","type":"Feature","properties":{"state":"Sikkim","state_code":"11","district":"Pakyong","district_code":"741","sub_district":"Pakyong","sub_district_code":"1554","sub_district_type":"Sub_Division","village":"Assam","village_category":"Rural","village_code":"261316"},"geometry":{"type":"Polygon","coordinates":[[[88.66826,27.3114],[88.67074,27.30873],[88.67079,27.30635],[88.66972,27.30399],[88.6651,27.29984],[88.66557,27.29589],[88.66371,27.29222],[88.65823,27.28677],[88.65538,27.28513],[88.65529,27.28404],[88.65196,27.28241],[88.64789,27.28272],[88.64545,27.28181],[88.64263,27.28474],[88.63562,27.28946],[88.63373,27.28915],[88.63142,27.29025],[88.63226,27.29103],[88.62786,27.29571],[88.62769,27.2975],[88.62286,27.30004],[88.62283,27.30113],[88.62624,27.30236],[88.6312,27.3024],[88.63616,27.30069],[88.63804,27.30164],[88.63962,27.30144],[88.64143,27.29939],[88.64459,27.29846],[88.65404,27.30331],[88.65627,27.30528],[88.6649,27.30853],[88.66826,27.3114]]]}},{"id":"380","type":"Feature","properties":{"state":"Sikkim","state_code":"11","district":"Pakyong","district_code":"741","sub_district":"Pakyong","sub_district_code":"1554","sub_district_type":"Sub_Division","village":"Chota Singtam","village_category":"Rural","village_code":"261328"},"geometry":{"type":"Polygon","coordinates":[[[88.63807,27.28768],[88.64263,27.28474],[88.64547,27.28182],[88.64376,27.27959],[88.64172,27.28001],[88.639,27.28261],[88.62473,27.28496],[88.62215,27.28611],[88.61899,27.28579],[88.61523,27.28352],[88.61373,27.28387],[88.61341,27.28276],[88.61209,27.28304],[88.61173,27.28203],[88.6094,27.28256],[88.6053,27.28048],[88.60403,27.28087],[88.60343,27.28274],[88.60211,27.28225],[88.60147,27.28323],[88.6023,27.28814],[88.60451,27.28994],[88.60592,27.29254],[88.60914,27.29119],[88.61941,27.29063],[88.63807,27.28768]]]}},{"id":"381","type":"Feature","properties":{"state":"Sikkim","state_code":"11","district":"Pakyong","district_code":"741","sub_district":"Pakyong","sub_district_code":"1554","sub_district_type":"Sub_Division","village":"Forest","village_category":"Rural","village_code":null},"geometry":{"type":"Polygon","coordinates":[[[88.76842,27.30299],[88.76732,27.30192],[88.76665,27.29842],[88.76209,27.29272],[88.76086,27.28977],[88.7547,27.28724],[88.75283,27.28474],[88.7467,27.28242],[88.74249,27.28312],[88.74066,27.28233],[88.73562,27.2839],[88.73564,27.28564],[88.73406,27.28708],[88.73422,27.29175],[88.7327,27.29372],[88.73072,27.29439],[88.72957,27.29396],[88.72787,27.29033],[88.72365,27.29131],[88.72097,27.29381],[88.71894,27.29279],[88.71806,27.28952],[88.7164,27.29025],[88.71217,27.28843],[88.71079,27.28532],[88.70927,27.28386],[88.71025,27.28169],[88.70976,27.28048],[88.7055,27.27786],[88.70201,27.27401],[88.69779,27.27091],[88.6958,27.26223],[88.69358,27.26051],[88.69272,27.25848],[88.69207,27.24834],[88.69447,27.24578],[88.69522,27.2423],[88.69305,27.24536],[88.68611,27.24935],[88.68437,27.24955],[88.68181,27.2555],[88.67781,27.26188],[88.67862,27.26546],[88.67613,27.26878],[88.67345,27.26895],[88.66901,27.26773],[88.66319,27.27045],[88.65908,27.26946],[88.655,27.26564],[88.65279,27.26128],[88.65014,27.25935],[88.64834,27.25351],[88.6461,27.25215],[88.64379,27.25637],[88.64547,27.26157],[88.64039,27.25974],[88.64218,27.2571],[88.6408,27.2555],[88.63761,27.25871],[88.63474,27.25623],[88.63121,27.25623],[88.63065,27.25663],[88.63185,27.25774],[88.63077,27.25915],[88.63155,27.25991],[88.62907,27.2608],[88.62729,27.26031],[88.62734,27.26125],[88.63198,27.26216],[88.62968,27.26481],[88.63237,27.26609],[88.63215,27.27009],[88.63133,27.27098],[88.63271,27.27536],[88.63463,27.27584],[88.63892,27.27927],[88.64379,27.27949],[88.64615,27.28229],[88.65196,27.28241],[88.6552,27.28398],[88.65538,27.28513],[88.65817,27.28672],[88.66156,27.29076],[88.66323,27.29155],[88.66561,27.29708],[88.66775,27.29802],[88.67238,27.30223],[88.71232,27.32266],[88.71768,27.32167],[88.73241,27.31497],[88.73963,27.30957],[88.74612,27.30594],[88.76842,27.30299]]]}},{"id":"382","type":"Feature","properties":{"state":"Sikkim","state_code":"11","district":"Pakyong","district_code":"741","sub_district":"Rongli","sub_district_code":"1555","sub_district_type":"Sub_Division","village":"Phademchen Forest Block","village_category":"Rural","village_code":"261373"},"geometry":{"type":"Polygon","coordinates":[[[88.9087,27.30366],[88.90942,27.29916],[88.91157,27.29577],[88.91356,27.29009],[88.90843,27.28205],[88.90774,27.27704],[88.90329,27.27259],[88.89973,27.27419],[88.89768,27.27019],[88.88657,27.26796],[88.88166,27.26496],[88.87911,27.26114],[88.86659,27.26463],[88.83143,27.26218],[88.82816,27.25724],[88.8031,27.24784],[88.8042,27.23648],[88.80274,27.23295],[88.80205,27.22777],[88.80327,27.22],[88.79881,27.20758],[88.79647,27.20577],[88.78909,27.19383],[88.78923,27.1891],[88.7882,27.18458],[88.78676,27.18199],[88.7839,27.18189],[88.77885,27.18353],[88.76961,27.18052],[88.76461,27.17702],[88.7624,27.17259],[88.75719,27.16539],[88.7581,27.16122],[88.75721,27.15867],[88.75946,27.15608],[88.76008,27.15218],[88.75688,27.1482],[88.7493,27.14744],[88.74606,27.14426],[88.746,27.14285],[88.74412,27.14049],[88.73862,27.1354],[88.72896,27.13627],[88.72411,27.13834],[88.72201,27.14179],[88.71781,27.14331],[88.71705,27.15597],[88.71614,27.15977],[88.71248,27.16248],[88.71012,27.16684],[88.70544,27.16885],[88.70134,27.1741],[88.69153,27.17839],[88.68487,27.17988],[88.68553,27.18158],[88.69098,27.18119],[88.69329,27.18461],[88.69455,27.18407],[88.69809,27.18478],[88.69832,27.18582],[88.7014,27.18549],[88.70216,27.18243],[88.70865,27.18233],[88.70957,27.18316],[88.7131,27.1785],[88.71062,27.17406],[88.71224,27.16713],[88.71757,27.16365],[88.72278,27.15839],[88.72513,27.1583],[88.72495,27.15741],[88.72786,27.15766],[88.73339,27.16128],[88.73656,27.16202],[88.73963,27.16527],[88.74751,27.16711],[88.75148,27.17038],[88.75548,27.18165],[88.75129,27.18803],[88.74944,27.18906],[88.75,27.19147],[88.7502,27.19229],[88.75325,27.18893],[88.75861,27.19967],[88.76033,27.19786],[88.76449,27.19847],[88.77327,27.2046],[88.7807,27.20713],[88.78581,27.20472],[88.78632,27.20382],[88.791,27.20913],[88.79364,27.21085],[88.79409,27.22231],[88.7958,27.22446],[88.79613,27.22804],[88.79747,27.2289],[88.79935,27.23717],[88.79708,27.23734],[88.79469,27.23603],[88.79253,27.23588],[88.78797,27.23914],[88.78514,27.23955],[88.78313,27.2389],[88.78192,27.23678],[88.77949,27.23606],[88.77846,27.23699],[88.77656,27.23704],[88.77599,27.23892],[88.77436,27.23993],[88.77547,27.24354],[88.769,27.2456],[88.76746,27.24741],[88.76505,27.24766],[88.76071,27.24962],[88.7541,27.25015],[88.74811,27.24775],[88.74634,27.24825],[88.74331,27.24597],[88.74266,27.24617],[88.74215,27.24969],[88.74006,27.25234],[88.74305,27.25947],[88.74395,27.26383],[88.74386,27.26519],[88.74109,27.26629],[88.74139,27.27108],[88.74354,27.27418],[88.74341,27.27548],[88.74845,27.27805],[88.74878,27.28189],[88.7467,27.28242],[88.75283,27.28474],[88.7547,27.28724],[88.76086,27.28977],[88.76209,27.29272],[88.76665,27.29842],[88.76732,27.30192],[88.76842,27.30299],[88.82043,27.29704],[88.85845,27.29942],[88.87204,27.29953],[88.9087,27.30366]]]}},{"id":"383","type":"Feature","properties":{"state":"Sikkim","state_code":"11","district":"Pakyong","district_code":"741","sub_district":"Rangpo","sub_district_code":"6326","sub_district_type":"Sub_Division","village":"Rangpo Nagar Panchayat","village_category":"Urban","village_code":"801423"},"geometry":{"type":"Polygon","coordinates":[[[88.51943,27.18928],[88.52051,27.19018],[88.52386,27.18951],[88.52498,27.18796],[88.52481,27.18458],[88.5225,27.18121],[88.52047,27.18088],[88.51743,27.1828],[88.51557,27.18305],[88.51125,27.18282],[88.51102,27.18174],[88.5101,27.18166],[88.50974,27.18668],[88.51057,27.18824],[88.51842,27.18686],[88.52142,27.18474],[88.51962,27.18739],[88.51943,27.18928]]]}},{"id":"384","type":"Feature","properties":{"state":"Sikkim","state_code":"11","district":"Pakyong","district_code":"741","sub_district":"Rongli","sub_district_code":"1555","sub_district_type":"Sub_Division","village":"Rongli Forest Block","village_category":"Rural","village_code":"261374"},"geometry":{"type":"Polygon","coordinates":[[[88.70957,27.20926],[88.70704,27.20735],[88.7064,27.20547],[88.7041,27.20347],[88.7041,27.20138],[88.70067,27.20436],[88.69674,27.20574],[88.69574,27.20527],[88.69478,27.2066],[88.69254,27.20482],[88.69089,27.20486],[88.69272,27.20977],[88.69468,27.21068],[88.70435,27.21091],[88.70957,27.20926]]]}},{"id":"385","type":"Feature","properties":{"state":"Sikkim","state_code":"11","district":"Pakyong","district_code":"741","sub_district":"Rangpo","sub_district_code":"6326","sub_district_type":"Sub_Division","village":"Rangpo Forest Block","village_category":"Rural","village_code":"261327"},"geometry":{"type":"Polygon","coordinates":[[[88.50139,27.21613],[88.50858,27.21328],[88.5116,27.2098],[88.51177,27.207],[88.51004,27.20353],[88.50668,27.20206],[88.50727,27.20846],[88.50579,27.21122],[88.49836,27.2129],[88.49595,27.21243],[88.49372,27.21403],[88.49293,27.21813],[88.4958,27.22363],[88.49514,27.22532],[88.49218,27.22784],[88.49227,27.23071],[88.49733,27.23042],[88.50139,27.21613]]]}},{"id":"386","type":"Feature","properties":{"state":"Sikkim","state_code":"11","district":"Soreng","district_code":"740","sub_district":"Soreng","sub_district_code":"1550","sub_district_type":"Sub_Division","village":"Zoom","village_category":"Rural","village_code":"261099"},"geometry":{"type":"Polygon","coordinates":[[[88.27839,27.14767],[88.27926,27.14841],[88.28346,27.14878],[88.28295,27.14632],[88.28445,27.14311],[88.28237,27.13608],[88.27839,27.13904],[88.27722,27.13887],[88.2749,27.14125],[88.27021,27.14201],[88.2666,27.13614],[88.2574,27.13458],[88.25765,27.13162],[88.25642,27.13075],[88.24838,27.13494],[88.24776,27.13634],[88.24718,27.1431],[88.25202,27.14566],[88.25247,27.14907],[88.25438,27.15192],[88.25531,27.15602],[88.26262,27.15402],[88.27158,27.1496],[88.27839,27.14767]]]}},{"id":"387","type":"Feature","properties":{"state":"Sikkim","state_code":"11","district":"Soreng","district_code":"740","sub_district":"Soreng","sub_district_code":"1550","sub_district_type":"Sub_Division","village":"Chumbong","village_category":"Rural","village_code":"261098"},"geometry":{"type":"Polygon","coordinates":[[[88.24718,27.1431],[88.24757,27.13719],[88.24848,27.13468],[88.24729,27.13454],[88.24467,27.1315],[88.24325,27.13204],[88.24269,27.13039],[88.24142,27.13017],[88.24369,27.12601],[88.24489,27.12175],[88.24278,27.11982],[88.22894,27.11914],[88.22168,27.12439],[88.2196,27.12511],[88.21945,27.12847],[88.21547,27.13177],[88.21605,27.1342],[88.21795,27.13517],[88.21925,27.13743],[88.21983,27.13997],[88.22203,27.1397],[88.22394,27.14085],[88.22754,27.14062],[88.22882,27.14282],[88.23384,27.14745],[88.23483,27.1462],[88.24096,27.14496],[88.24226,27.14372],[88.24718,27.1431]]]}},{"id":"388","type":"Feature","properties":{"state":"Sikkim","state_code":"11","district":"Soreng","district_code":"740","sub_district":"Soreng","sub_district_code":"1550","sub_district_type":"Sub_Division","village":"Soreng","village_category":"Rural","village_code":"261094"},"geometry":{"type":"Polygon","coordinates":[[[88.19926,27.17629],[88.19941,27.17343],[88.20525,27.1716],[88.20677,27.16855],[88.20635,27.16594],[88.20222,27.16435],[88.20385,27.16213],[88.2049,27.15863],[88.20274,27.1575],[88.2021,27.15626],[88.20395,27.15172],[88.20208,27.14981],[88.20266,27.14694],[88.20675,27.14124],[88.2061,27.13993],[88.2064,27.13592],[88.208,27.13327],[88.21241,27.13045],[88.21216,27.12991],[88.20572,27.13346],[88.20431,27.13337],[88.20144,27.13143],[88.19923,27.13328],[88.19716,27.13319],[88.1949,27.13487],[88.19386,27.1341],[88.19164,27.13858],[88.19116,27.14358],[88.18864,27.15054],[88.18525,27.15528],[88.18317,27.15655],[88.18263,27.15812],[88.17511,27.16534],[88.17636,27.16676],[88.17569,27.16824],[88.17785,27.16848],[88.18238,27.16699],[88.18972,27.16741],[88.1893,27.16904],[88.19137,27.17233],[88.19494,27.17448],[88.19608,27.17664],[88.19926,27.17629]]]}},{"id":"389","type":"Feature","properties":{"state":"Sikkim","state_code":"11","district":"Soreng","district_code":"740","sub_district":"Soreng","sub_district_code":"1550","sub_district_type":"Sub_Division","village":"Singling","village_category":"Rural","village_code":"261077"},"geometry":{"type":"Polygon","coordinates":[[[88.20185,27.19815],[88.20205,27.19671],[88.19879,27.19162],[88.19915,27.18735],[88.20186,27.18429],[88.20346,27.18356],[88.20328,27.18217],[88.20482,27.18138],[88.20675,27.17846],[88.20909,27.17813],[88.21084,27.17596],[88.20849,27.17663],[88.20548,27.17623],[88.20441,27.17764],[88.20213,27.17813],[88.19926,27.17629],[88.19608,27.17664],[88.19496,27.1745],[88.19137,27.17233],[88.19001,27.17049],[88.18929,27.16896],[88.18972,27.16741],[88.18238,27.16699],[88.17785,27.16848],[88.17558,27.16822],[88.17616,27.16703],[88.17291,27.16711],[88.17304,27.17044],[88.17532,27.17173],[88.17444,27.17371],[88.1752,27.17447],[88.17817,27.17436],[88.1791,27.17552],[88.17913,27.17947],[88.17986,27.18107],[88.18199,27.18379],[88.18575,27.18542],[88.18867,27.19299],[88.19072,27.19578],[88.19423,27.19804],[88.19863,27.19939],[88.20185,27.19815]]]}},{"id":"390","type":"Feature","properties":{"state":"Sikkim","state_code":"11","district":"Soreng","district_code":"740","sub_district":"Soreng","sub_district_code":"1550","sub_district_type":"Sub_Division","village":"Malbasey","village_category":"Rural","village_code":"261095"},"geometry":{"type":"Polygon","coordinates":[[[88.22303,27.15686],[88.22692,27.15445],[88.22785,27.15228],[88.2326,27.14949],[88.23384,27.14745],[88.22882,27.14282],[88.22754,27.14062],[88.22394,27.14085],[88.22203,27.1397],[88.21986,27.14],[88.21795,27.13517],[88.21538,27.13297],[88.2155,27.1317],[88.21375,27.13196],[88.21255,27.13032],[88.21176,27.13058],[88.20801,27.13326],[88.20644,27.13584],[88.2061,27.13993],[88.20675,27.14124],[88.20252,27.14725],[88.2021,27.14991],[88.20395,27.15172],[88.2021,27.15626],[88.20274,27.1575],[88.2049,27.15863],[88.20385,27.16213],[88.20222,27.16435],[88.21123,27.16681],[88.21084,27.16845],[88.212,27.17106],[88.21177,27.17266],[88.21305,27.17448],[88.21555,27.17318],[88.218,27.16501],[88.22003,27.1622],[88.22083,27.16237],[88.22163,27.15964],[88.22341,27.15894],[88.22303,27.15686]]]}},{"id":"391","type":"Feature","properties":{"state":"Sikkim","state_code":"11","district":"Soreng","district_code":"740","sub_district":"Soreng","sub_district_code":"1550","sub_district_type":"Sub_Division","village":"Upper Fambong","village_category":"Rural","village_code":"261091"},"geometry":{"type":"Polygon","coordinates":[[[88.12563,27.1438],[88.12974,27.14327],[88.13487,27.14107],[88.1399,27.14087],[88.1502,27.13627],[88.14966,27.13551],[88.15048,27.13509],[88.15336,27.13582],[88.15774,27.13563],[88.1602,27.13705],[88.16223,27.13624],[88.1631,27.13263],[88.16238,27.13181],[88.15947,27.13315],[88.15493,27.13362],[88.14757,27.13268],[88.14634,27.13085],[88.14519,27.12521],[88.1462,27.12103],[88.14844,27.11827],[88.14571,27.1175],[88.14087,27.11999],[88.12928,27.1323],[88.1262,27.1326],[88.12481,27.13666],[88.12071,27.13973],[88.11913,27.14435],[88.1265,27.14195],[88.12563,27.1438]]]}},{"id":"392","type":"Feature","properties":{"state":"Sikkim","state_code":"11","district":"Soreng","district_code":"740","sub_district":"Soreng","sub_district_code":"1550","sub_district_type":"Sub_Division","village":"Rumbuk","village_category":"Rural","village_code":"261081"},"geometry":{"type":"Polygon","coordinates":[[[88.15307,27.15303],[88.15485,27.1515],[88.15549,27.148],[88.16031,27.13928],[88.15675,27.13745],[88.15053,27.1359],[88.1399,27.14087],[88.13487,27.14107],[88.12974,27.14327],[88.12563,27.1438],[88.12575,27.14596],[88.12768,27.15036],[88.13029,27.15184],[88.13008,27.15578],[88.13177,27.15612],[88.13358,27.15943],[88.13427,27.1596],[88.13507,27.15745],[88.13874,27.15653],[88.14216,27.15251],[88.14923,27.15216],[88.15307,27.15303]]]}},{"id":"393","type":"Feature","properties":{"state":"Sikkim","state_code":"11","district":"Soreng","district_code":"740","sub_district":"Soreng","sub_district_code":"1550","sub_district_type":"Sub_Division","village":"Lungchok","village_category":"Rural","village_code":"261088"},"geometry":{"type":"Polygon","coordinates":[[[88.16432,27.11784],[88.16402,27.11581],[88.16097,27.11259],[88.15443,27.11436],[88.15191,27.11382],[88.14636,27.12096],[88.14891,27.12197],[88.15157,27.12132],[88.1569,27.12233],[88.16123,27.12075],[88.16211,27.11947],[88.16166,27.12123],[88.16244,27.12233],[88.16432,27.11784]]]}},{"id":"394","type":"Feature","properties":{"state":"Sikkim","state_code":"11","district":"Soreng","district_code":"740","sub_district":"Soreng","sub_district_code":"1550","sub_district_type":"Sub_Division","village":"Lower Fambong","village_category":"Rural","village_code":"261089"},"geometry":{"type":"Polygon","coordinates":[[[88.14815,27.13279],[88.15677,27.12773],[88.15773,27.12663],[88.1583,27.12327],[88.16191,27.12178],[88.16213,27.11949],[88.16123,27.12075],[88.1569,27.12233],[88.15157,27.12132],[88.14891,27.12197],[88.1462,27.12103],[88.14519,27.12525],[88.14645,27.1312],[88.14815,27.13279]]]}},{"id":"395","type":"Feature","properties":{"state":"Sikkim","state_code":"11","district":"Soreng","district_code":"740","sub_district":"Soreng","sub_district_code":"1550","sub_district_type":"Sub_Division","village":"Dhallan (Daramdin)","village_category":"Rural","village_code":"261090"},"geometry":{"type":"Polygon","coordinates":[[[88.16833,27.13287],[88.17812,27.12963],[88.17587,27.12981],[88.17442,27.12801],[88.17232,27.12736],[88.1706,27.12263],[88.16755,27.12274],[88.16639,27.11973],[88.1644,27.11778],[88.16246,27.12232],[88.1604,27.12191],[88.1583,27.12327],[88.15773,27.12663],[88.15677,27.12773],[88.14814,27.13281],[88.15758,27.13358],[88.16238,27.13181],[88.16318,27.13328],[88.16223,27.13624],[88.1602,27.13705],[88.15716,27.13553],[88.15336,27.13582],[88.15156,27.13502],[88.14966,27.13551],[88.15208,27.13591],[88.15334,27.13707],[88.15728,27.13764],[88.16031,27.13928],[88.16507,27.13754],[88.16833,27.13287]]]}},{"id":"396","type":"Feature","properties":{"state":"Sikkim","state_code":"11","district":"Soreng","district_code":"740","sub_district":"Soreng","sub_district_code":"1550","sub_district_type":"Sub_Division","village":"Burikhop(Rumbuk)","village_category":"Rural","village_code":"261080"},"geometry":{"type":"Polygon","coordinates":[[[88.14535,27.17865],[88.15125,27.17212],[88.15193,27.17024],[88.1516,27.1682],[88.15443,27.1616],[88.15279,27.15511],[88.15309,27.15296],[88.14923,27.15216],[88.14225,27.15248],[88.13869,27.15658],[88.13679,27.15661],[88.13434,27.15842],[88.13475,27.16173],[88.13592,27.1628],[88.13576,27.16425],[88.13756,27.16816],[88.13751,27.17009],[88.13441,27.17445],[88.13546,27.17734],[88.13477,27.17886],[88.13005,27.18213],[88.1266,27.18293],[88.12694,27.18632],[88.12596,27.18907],[88.12624,27.19053],[88.12732,27.19076],[88.131,27.18889],[88.13383,27.18931],[88.13765,27.18844],[88.14535,27.17865]]]}},{"id":"397","type":"Feature","properties":{"state":"Sikkim","state_code":"11","district":"Soreng","district_code":"740","sub_district":"Soreng","sub_district_code":"1550","sub_district_type":"Sub_Division","village":"Tikpur","village_category":"Rural","village_code":"261085"},"geometry":{"type":"Polygon","coordinates":[[[88.11913,27.14435],[88.12071,27.13973],[88.12481,27.13666],[88.1262,27.1326],[88.12928,27.1323],[88.13928,27.12155],[88.13613,27.11815],[88.13573,27.12028],[88.13334,27.12136],[88.12329,27.12111],[88.1198,27.12484],[88.11414,27.12807],[88.11174,27.13118],[88.10834,27.13176],[88.10637,27.1311],[88.10621,27.13587],[88.1088,27.13887],[88.10849,27.14588],[88.116,27.1466],[88.11913,27.14435]]]}},{"id":"398","type":"Feature","properties":{"state":"Sikkim","state_code":"11","district":"Soreng","district_code":"740","sub_district":"Soreng","sub_district_code":"1550","sub_district_type":"Sub_Division","village":"Ribdi","village_category":"Rural","village_code":"261083"},"geometry":{"type":"Polygon","coordinates":[[[88.10186,27.15504],[88.09842,27.1597],[88.09423,27.15673],[88.09327,27.15681],[88.09271,27.15575],[88.08793,27.15396],[88.08787,27.15779],[88.08664,27.16161],[88.0871,27.16422],[88.08541,27.16597],[88.08619,27.16751],[88.08854,27.16744],[88.08983,27.16632],[88.09393,27.16681],[88.09523,27.16882],[88.09908,27.17108],[88.09885,27.17295],[88.09998,27.1736],[88.1006,27.17538],[88.10514,27.17671],[88.11056,27.17325],[88.11121,27.16874],[88.11199,27.16818],[88.10469,27.16337],[88.10122,27.1579],[88.10307,27.15609],[88.10289,27.15496],[88.10186,27.15504]]]}},{"id":"399","type":"Feature","properties":{"state":"Sikkim","state_code":"11","district":"Soreng","district_code":"740","sub_district":"Soreng","sub_district_code":"1550","sub_district_type":"Sub_Division","village":"Timburbong","village_category":"Rural","village_code":"261092"},"geometry":{"type":"Polygon","coordinates":[[[88.18381,27.13198],[88.18057,27.1324],[88.17972,27.13013],[88.17863,27.12967],[88.17426,27.13072],[88.17349,27.13495],[88.17391,27.13964],[88.1731,27.14251],[88.1713,27.14352],[88.16958,27.14624],[88.16843,27.14906],[88.1689,27.15165],[88.16742,27.1525],[88.16822,27.15282],[88.16837,27.15409],[88.16954,27.15415],[88.16774,27.15674],[88.1682,27.15829],[88.16971,27.15877],[88.17079,27.16065],[88.1708,27.16448],[88.17256,27.16713],[88.17623,27.16695],[88.17511,27.16534],[88.18263,27.15812],[88.18317,27.15655],[88.18525,27.15528],[88.18864,27.15054],[88.19031,27.14661],[88.19073,27.14494],[88.18859,27.1419],[88.18415,27.14411],[88.1813,27.14371],[88.17942,27.14429],[88.18079,27.1401],[88.18409,27.13627],[88.18381,27.13198]]]}},{"id":"400","type":"Feature","properties":{"state":"Sikkim","state_code":"11","district":"Soreng","district_code":"740","sub_district":"Soreng","sub_district_code":"1550","sub_district_type":"Sub_Division","village":"Tharpu","village_category":"Rural","village_code":"261093"},"geometry":{"type":"Polygon","coordinates":[[[88.19386,27.1341],[88.19203,27.13248],[88.18958,27.13322],[88.18658,27.13239],[88.18575,27.13095],[88.18469,27.13088],[88.18381,27.13198],[88.18364,27.13747],[88.18079,27.1401],[88.17942,27.14429],[88.1813,27.14371],[88.18415,27.14411],[88.18859,27.1419],[88.19073,27.14494],[88.19164,27.13858],[88.19386,27.1341]]]}},{"id":"401","type":"Feature","properties":{"state":"Sikkim","state_code":"11","district":"Soreng","district_code":"740","sub_district":"Soreng","sub_district_code":"1550","sub_district_type":"Sub_Division","village":"Karthok","village_category":"Rural","village_code":"261078"},"geometry":{"type":"Polygon","coordinates":[[[88.17426,27.13072],[88.16833,27.13287],[88.16507,27.13754],[88.1604,27.13914],[88.15549,27.148],[88.15422,27.15341],[88.15842,27.15434],[88.16043,27.15569],[88.16347,27.15459],[88.16696,27.15448],[88.16784,27.15568],[88.16916,27.15547],[88.16954,27.15415],[88.16837,27.15409],[88.16822,27.15282],[88.16742,27.1525],[88.1689,27.15165],[88.16843,27.14906],[88.16958,27.14624],[88.1713,27.14352],[88.1731,27.14251],[88.17391,27.13964],[88.17349,27.13495],[88.17426,27.13072]]]}},{"id":"402","type":"Feature","properties":{"state":"Sikkim","state_code":"11","district":"Soreng","district_code":"740","sub_district":"Soreng","sub_district_code":"1550","sub_district_type":"Sub_Division","village":"Burikhop","village_category":"Rural","village_code":"261079"},"geometry":{"type":"Polygon","coordinates":[[[88.17181,27.17434],[88.17333,27.16792],[88.1708,27.16448],[88.17079,27.16065],[88.16971,27.15877],[88.1682,27.15829],[88.16799,27.15569],[88.16707,27.15453],[88.16347,27.15459],[88.16043,27.15569],[88.15842,27.15434],[88.15422,27.15341],[88.15413,27.15239],[88.15307,27.15303],[88.15279,27.15511],[88.15443,27.1616],[88.1516,27.1682],[88.15193,27.17024],[88.15125,27.17212],[88.14877,27.17561],[88.15177,27.17756],[88.15619,27.18828],[88.16438,27.18178],[88.16613,27.18125],[88.17181,27.17434]]]}},{"id":"403","type":"Feature","properties":{"state":"Sikkim","state_code":"11","district":"Soreng","district_code":"740","sub_district":"Soreng","sub_district_code":"1550","sub_district_type":"Sub_Division","village":"Samsing","village_category":"Rural","village_code":"261071"},"geometry":{"type":"Polygon","coordinates":[[[88.27679,27.17906],[88.28193,27.1789],[88.28632,27.1759],[88.28744,27.17615],[88.28849,27.17479],[88.29107,27.17561],[88.29899,27.1723],[88.29907,27.17065],[88.29802,27.16885],[88.29182,27.1672],[88.28909,27.16523],[88.29118,27.15996],[88.28982,27.15742],[88.28488,27.16031],[88.2809,27.16155],[88.27268,27.16126],[88.27038,27.1632],[88.27105,27.16457],[88.27007,27.16505],[88.26151,27.16327],[88.25966,27.1712],[88.26122,27.17217],[88.26487,27.17204],[88.26956,27.17688],[88.27144,27.17673],[88.27178,27.17754],[88.27432,27.17748],[88.27679,27.17906]]]}},{"id":"404","type":"Feature","properties":{"state":"Sikkim","state_code":"11","district":"Soreng","district_code":"740","sub_district":"Soreng","sub_district_code":"1550","sub_district_type":"Sub_Division","village":"Mendo Gaon","village_category":"Rural","village_code":"261096"},"geometry":{"type":"Polygon","coordinates":[[[88.20849,27.17663],[88.21267,27.17508],[88.21673,27.17644],[88.21919,27.17524],[88.22359,27.17625],[88.22491,27.17427],[88.22484,27.17303],[88.2298,27.17048],[88.23168,27.16779],[88.2339,27.16666],[88.23483,27.16697],[88.23524,27.1658],[88.23195,27.16352],[88.22897,27.16337],[88.22688,27.16226],[88.22452,27.15795],[88.22303,27.15686],[88.22341,27.15894],[88.22163,27.15964],[88.22083,27.16237],[88.22003,27.1622],[88.218,27.16501],[88.21586,27.17245],[88.21443,27.17398],[88.21257,27.17452],[88.21194,27.1732],[88.212,27.17106],[88.21084,27.16845],[88.21123,27.16681],[88.20671,27.16587],[88.20677,27.16855],[88.20525,27.1716],[88.1994,27.17344],[88.19925,27.17635],[88.20213,27.17813],[88.20441,27.17764],[88.20548,27.17623],[88.20849,27.17663]]]}},{"id":"405","type":"Feature","properties":{"state":"Sikkim","state_code":"11","district":"Soreng","district_code":"740","sub_district":"Soreng","sub_district_code":"1550","sub_district_type":"Sub_Division","village":"Gelling","village_category":"Rural","village_code":"261072"},"geometry":{"type":"Polygon","coordinates":[[[88.2807,27.16158],[88.28982,27.15742],[88.28346,27.14878],[88.27926,27.14841],[88.27848,27.14766],[88.27158,27.1496],[88.26262,27.15402],[88.25531,27.15602],[88.2563,27.16019],[88.26038,27.16066],[88.26151,27.16327],[88.26298,27.16398],[88.26454,27.16345],[88.26532,27.16451],[88.27088,27.16484],[88.27032,27.16331],[88.27268,27.16126],[88.2807,27.16158]]]}},{"id":"406","type":"Feature","properties":{"state":"Sikkim","state_code":"11","district":"Soreng","district_code":"740","sub_district":"Soreng","sub_district_code":"1550","sub_district_type":"Sub_Division","village":"Chakung","village_category":"Rural","village_code":"261097"},"geometry":{"type":"Polygon","coordinates":[[[88.25141,27.17165],[88.25966,27.1712],[88.26127,27.16557],[88.26137,27.16178],[88.26038,27.16066],[88.2563,27.16019],[88.25438,27.15192],[88.25247,27.14907],[88.25202,27.14566],[88.24737,27.14301],[88.24226,27.14372],[88.24096,27.14496],[88.23481,27.14621],[88.23262,27.14947],[88.2295,27.1509],[88.22785,27.15228],[88.22692,27.15445],[88.22303,27.15686],[88.22452,27.15795],[88.22648,27.16186],[88.22819,27.16302],[88.23195,27.16352],[88.23449,27.16565],[88.23536,27.16457],[88.23875,27.1635],[88.23941,27.16245],[88.24194,27.16237],[88.24375,27.16377],[88.24458,27.16632],[88.24669,27.16792],[88.24839,27.17071],[88.25141,27.17165]]]}},{"id":"407","type":"Feature","properties":{"state":"Sikkim","state_code":"11","district":"Soreng","district_code":"740","sub_district":"Soreng","sub_district_code":"1550","sub_district_type":"Sub_Division","village":"Suntaley","village_category":"Rural","village_code":"261073"},"geometry":{"type":"Polygon","coordinates":[[[88.25451,27.18835],[88.25714,27.18275],[88.26023,27.18142],[88.26797,27.17592],[88.2678,27.17484],[88.26525,27.17228],[88.26122,27.17217],[88.2603,27.17115],[88.25788,27.17093],[88.2496,27.17156],[88.2496,27.18145],[88.24852,27.1843],[88.24635,27.18661],[88.24552,27.1902],[88.24944,27.18822],[88.25451,27.18835]]]}},{"id":"408","type":"Feature","properties":{"state":"Sikkim","state_code":"11","district":"Soreng","district_code":"740","sub_district":"Soreng","sub_district_code":"1550","sub_district_type":"Sub_Division","village":"Khanisherbong","village_category":"Rural","village_code":"261074"},"geometry":{"type":"Polygon","coordinates":[[[88.23185,27.16772],[88.23297,27.17187],[88.23447,27.17424],[88.23559,27.18024],[88.23561,27.18224],[88.23468,27.18383],[88.23826,27.18619],[88.23897,27.18841],[88.24336,27.19015],[88.24549,27.19022],[88.24635,27.18661],[88.24852,27.1843],[88.2496,27.18145],[88.24987,27.17116],[88.24811,27.17042],[88.24669,27.16792],[88.24458,27.16632],[88.24375,27.16377],[88.24194,27.16237],[88.23941,27.16245],[88.23875,27.1635],[88.23536,27.16457],[88.23494,27.16687],[88.23185,27.16772]]]}},{"id":"409","type":"Feature","properties":{"state":"Sikkim","state_code":"11","district":"Soreng","district_code":"740","sub_district":"Soreng","sub_district_code":"1550","sub_district_type":"Sub_Division","village":"Chota Samdong","village_category":"Rural","village_code":"261076"},"geometry":{"type":"Polygon","coordinates":[[[88.22158,27.202],[88.22104,27.20176],[88.22201,27.20024],[88.22072,27.19486],[88.22132,27.18911],[88.22246,27.18691],[88.22176,27.18485],[88.2237,27.18068],[88.22568,27.17867],[88.22471,27.17828],[88.22426,27.17498],[88.22359,27.17625],[88.21919,27.17524],[88.21678,27.17644],[88.21155,27.17532],[88.20909,27.17813],[88.20675,27.17846],[88.20482,27.18138],[88.20328,27.18217],[88.20346,27.18356],[88.19923,27.18725],[88.19879,27.19162],[88.20205,27.19671],[88.20191,27.1982],[88.20593,27.1973],[88.20857,27.19507],[88.2111,27.19441],[88.2123,27.19623],[88.21302,27.19599],[88.21441,27.19734],[88.21486,27.19817],[88.21412,27.20012],[88.21469,27.2007],[88.22085,27.20274],[88.22158,27.202]]]}},{"id":"410","type":"Feature","properties":{"state":"Sikkim","state_code":"11","district":"Soreng","district_code":"740","sub_district":"Soreng","sub_district_code":"1550","sub_district_type":"Sub_Division","village":"Arubotey","village_category":"Rural","village_code":"261075"},"geometry":{"type":"Polygon","coordinates":[[[88.23897,27.18841],[88.23826,27.18619],[88.23467,27.18381],[88.23561,27.18224],[88.23559,27.18024],[88.23447,27.17424],[88.23182,27.16768],[88.2298,27.17048],[88.22465,27.17331],[88.22468,27.17816],[88.22568,27.17867],[88.2237,27.18068],[88.22176,27.18485],[88.22246,27.18691],[88.22132,27.18911],[88.22072,27.19486],[88.22201,27.20028],[88.22105,27.20179],[88.22234,27.20224],[88.22831,27.20152],[88.23361,27.19228],[88.23897,27.18841]]]}},{"id":"411","type":"Feature","properties":{"state":"Sikkim","state_code":"11","district":"Soreng","district_code":"740","sub_district":"Mangalbarey","sub_district_code":"7233","sub_district_type":"Sub_Division","village":"Bara Samdong","village_category":"Rural","village_code":"261060"},"geometry":{"type":"Polygon","coordinates":[[[88.21467,27.24245],[88.21321,27.23843],[88.21128,27.2371],[88.20749,27.22969],[88.21165,27.22795],[88.21019,27.22711],[88.20347,27.22743],[88.20146,27.22894],[88.19998,27.22863],[88.19602,27.23127],[88.18889,27.23167],[88.18593,27.23292],[88.18302,27.23573],[88.18556,27.23606],[88.18596,27.23694],[88.1851,27.23854],[88.18693,27.24027],[88.19321,27.24336],[88.19562,27.24608],[88.1968,27.24967],[88.19883,27.25116],[88.20632,27.24927],[88.21011,27.24548],[88.21467,27.24245]]]}},{"id":"412","type":"Feature","properties":{"state":"Sikkim","state_code":"11","district":"Soreng","district_code":"740","sub_district":"Mangalbarey","sub_district_code":"7233","sub_district_type":"Sub_Division","village":"Boom","village_category":"Rural","village_code":"261058"},"geometry":{"type":"Polygon","coordinates":[[[88.23427,27.24277],[88.24154,27.23778],[88.24222,27.23877],[88.24428,27.23796],[88.24541,27.23896],[88.24849,27.23918],[88.24813,27.23756],[88.24913,27.23249],[88.25083,27.22949],[88.24848,27.224],[88.24936,27.22075],[88.24909,27.21865],[88.24989,27.21734],[88.24954,27.21597],[88.24469,27.2174],[88.24523,27.21819],[88.24473,27.21872],[88.24362,27.21807],[88.24281,27.21923],[88.23979,27.21976],[88.23969,27.22201],[88.23833,27.2229],[88.23637,27.2229],[88.23638,27.22362],[88.23301,27.22514],[88.23072,27.22474],[88.22948,27.22593],[88.22623,27.22688],[88.22765,27.22871],[88.22825,27.22836],[88.22801,27.23205],[88.22878,27.23236],[88.23057,27.23658],[88.22995,27.23833],[88.22522,27.24172],[88.22464,27.24415],[88.22792,27.24442],[88.22969,27.24316],[88.23427,27.24277]]]}},{"id":"413","type":"Feature","properties":{"state":"Sikkim","state_code":"11","district":"Soreng","district_code":"740","sub_district":"Mangalbarey","sub_district_code":"7233","sub_district_type":"Sub_Division","village":"Reshi","village_category":"Rural","village_code":"261059"},"geometry":{"type":"Polygon","coordinates":[[[88.22623,27.22688],[88.22172,27.22486],[88.2214,27.22687],[88.22048,27.22762],[88.22008,27.22665],[88.21907,27.22662],[88.20756,27.22945],[88.21036,27.23569],[88.21321,27.23843],[88.21467,27.24245],[88.21701,27.24166],[88.22053,27.2435],[88.22462,27.2441],[88.22621,27.24058],[88.22995,27.23833],[88.23055,27.23641],[88.22873,27.23227],[88.22801,27.23205],[88.22825,27.22836],[88.22765,27.22871],[88.22623,27.22688]]]}},{"id":"414","type":"Feature","properties":{"state":"Sikkim","state_code":"11","district":"Soreng","district_code":"740","sub_district":"Mangalbarey","sub_district_code":"7233","sub_district_type":"Sub_Division","village":"Rinchenpong","village_category":"Rural","village_code":"261054"},"geometry":{"type":"Polygon","coordinates":[[[88.24058,27.27037],[88.24695,27.27006],[88.24785,27.26961],[88.24902,27.26674],[88.25073,27.26551],[88.25081,27.264],[88.25169,27.26355],[88.25483,27.26463],[88.25627,27.26318],[88.25565,27.26118],[88.25498,27.26235],[88.25211,27.26157],[88.25005,27.25823],[88.25189,27.25649],[88.25321,27.2503],[88.25222,27.24967],[88.25264,27.24866],[88.2514,27.24862],[88.25109,27.24603],[88.2516,27.24231],[88.25293,27.24023],[88.25119,27.24155],[88.24997,27.24155],[88.2491,27.24129],[88.24863,27.2392],[88.24541,27.23896],[88.24436,27.23797],[88.24229,27.23878],[88.24154,27.23778],[88.24003,27.23827],[88.23383,27.24308],[88.23343,27.24548],[88.22948,27.25262],[88.2275,27.25929],[88.22558,27.26149],[88.22656,27.26217],[88.22727,27.26466],[88.22998,27.26672],[88.23102,27.27009],[88.232,27.27049],[88.2338,27.26968],[88.23359,27.26726],[88.23697,27.26686],[88.23877,27.26583],[88.23867,27.26747],[88.23964,27.26853],[88.23903,27.26917],[88.24058,27.27037]]]}},{"id":"415","type":"Feature","properties":{"state":"Sikkim","state_code":"11","district":"Soreng","district_code":"740","sub_district":"Mangalbarey","sub_district_code":"7233","sub_district_type":"Sub_Division","village":"Sribadam","village_category":"Rural","village_code":"261061"},"geometry":{"type":"Polygon","coordinates":[[[88.20434,27.22741],[88.20173,27.22683],[88.20161,27.22456],[88.19977,27.22264],[88.19936,27.22037],[88.19722,27.21931],[88.19636,27.21984],[88.19347,27.21925],[88.19102,27.22115],[88.18791,27.22029],[88.18219,27.22185],[88.18127,27.22342],[88.17781,27.22534],[88.1761,27.23245],[88.18384,27.23505],[88.18593,27.23292],[88.18889,27.23167],[88.19628,27.23121],[88.19998,27.22863],[88.20146,27.22894],[88.20434,27.22741]]]}},{"id":"416","type":"Feature","properties":{"state":"Sikkim","state_code":"11","district":"Soreng","district_code":"740","sub_district":"Mangalbarey","sub_district_code":"7233","sub_district_type":"Sub_Division","village":"Tadong","village_category":"Rural","village_code":"261053"},"geometry":{"type":"Polygon","coordinates":[[[88.23427,27.24277],[88.22527,27.24441],[88.21899,27.24262],[88.21459,27.24601],[88.21311,27.25138],[88.21033,27.25581],[88.20983,27.25425],[88.21091,27.25149],[88.20972,27.2504],[88.20545,27.25335],[88.205,27.2565],[88.20846,27.25794],[88.21567,27.25779],[88.22085,27.25898],[88.22558,27.26149],[88.2275,27.25929],[88.22948,27.25262],[88.23427,27.24277]]]}},{"id":"417","type":"Feature","properties":{"state":"Sikkim","state_code":"11","district":"Soreng","district_code":"740","sub_district":"Mangalbarey","sub_district_code":"7233","sub_district_type":"Sub_Division","village":"Tinzerbung","village_category":"Rural","village_code":"261066"},"geometry":{"type":"Polygon","coordinates":[[[88.30197,27.22804],[88.30515,27.2251],[88.30109,27.22375],[88.30022,27.2211],[88.29756,27.21944],[88.29804,27.21894],[88.2973,27.21742],[88.29576,27.21735],[88.29635,27.2167],[88.29362,27.21274],[88.28522,27.22083],[88.28312,27.22151],[88.28091,27.22351],[88.28322,27.22571],[88.28372,27.22773],[88.2849,27.22808],[88.28339,27.23106],[88.28475,27.23246],[88.2871,27.23128],[88.28856,27.23257],[88.29115,27.23086],[88.29789,27.22976],[88.30197,27.22804]]]}},{"id":"418","type":"Feature","properties":{"state":"Sikkim","state_code":"11","district":"Soreng","district_code":"740","sub_district":"Mangalbarey","sub_district_code":"7233","sub_district_type":"Sub_Division","village":"Suldung","village_category":"Rural","village_code":"261067"},"geometry":{"type":"Polygon","coordinates":[[[88.30513,27.22507],[88.30705,27.22183],[88.30844,27.21445],[88.31,27.21042],[88.30634,27.20926],[88.30469,27.20565],[88.30227,27.20427],[88.29538,27.20324],[88.29422,27.20546],[88.29513,27.20739],[88.29441,27.2113],[88.2933,27.2126],[88.29635,27.2167],[88.29576,27.21735],[88.29726,27.21738],[88.29804,27.21894],[88.29756,27.21944],[88.30022,27.2211],[88.30109,27.22375],[88.30513,27.22507]]]}},{"id":"419","type":"Feature","properties":{"state":"Sikkim","state_code":"11","district":"Soreng","district_code":"740","sub_district":"Mangalbarey","sub_district_code":"7233","sub_district_type":"Sub_Division","village":"Segeng","village_category":"Rural","village_code":"261070"},"geometry":{"type":"Polygon","coordinates":[[[88.25714,27.18275],[88.25266,27.19099],[88.2569,27.19808],[88.25673,27.20079],[88.262,27.19937],[88.26282,27.19841],[88.27118,27.19796],[88.27379,27.19851],[88.27658,27.19229],[88.2752,27.18833],[88.27537,27.18607],[88.27695,27.18336],[88.27733,27.18057],[88.27873,27.17905],[88.27679,27.17906],[88.27444,27.17752],[88.27178,27.17754],[88.27144,27.17673],[88.26956,27.17688],[88.26888,27.17584],[88.26797,27.17592],[88.26023,27.18142],[88.25714,27.18275]]]}},{"id":"420","type":"Feature","properties":{"state":"Sikkim","state_code":"11","district":"Soreng","district_code":"740","sub_district":"Mangalbarey","sub_district_code":"7233","sub_district_type":"Sub_Division","village":"Mabong","village_category":"Rural","village_code":"261069"},"geometry":{"type":"Polygon","coordinates":[[[88.28977,27.19609],[88.29332,27.19135],[88.2978,27.17777],[88.29982,27.17532],[88.29864,27.17206],[88.29107,27.17561],[88.28849,27.17479],[88.28744,27.17615],[88.28632,27.1759],[88.28193,27.1789],[88.27873,27.17905],[88.27721,27.18086],[88.27709,27.18295],[88.27518,27.18737],[88.27658,27.19229],[88.27379,27.19851],[88.27573,27.19931],[88.28045,27.19763],[88.28547,27.19703],[88.28641,27.19337],[88.28779,27.19283],[88.28977,27.19609]]]}},{"id":"421","type":"Feature","properties":{"state":"Sikkim","state_code":"11","district":"Soreng","district_code":"740","sub_district":"Mangalbarey","sub_district_code":"7233","sub_district_type":"Sub_Division","village":"Kamling","village_category":"Rural","village_code":"261068"},"geometry":{"type":"Polygon","coordinates":[[[88.2978,27.1778],[88.29473,27.18816],[88.28978,27.1963],[88.29704,27.1995],[88.29779,27.20077],[88.29538,27.20324],[88.30227,27.20427],[88.30469,27.20565],[88.30634,27.20926],[88.31,27.21042],[88.31669,27.19663],[88.31693,27.19517],[88.31441,27.19301],[88.31411,27.19189],[88.31704,27.18847],[88.31716,27.18631],[88.30689,27.18176],[88.29982,27.17532],[88.2978,27.1778]]]}},{"id":"422","type":"Feature","properties":{"state":"Sikkim","state_code":"11","district":"Soreng","district_code":"740","sub_district":"Mangalbarey","sub_district_code":"7233","sub_district_type":"Sub_Division","village":"Takothang","village_category":"Rural","village_code":"261064"},"geometry":{"type":"Polygon","coordinates":[[[88.27568,27.19932],[88.27138,27.19797],[88.26394,27.19826],[88.25667,27.20081],[88.25478,27.20385],[88.25427,27.2146],[88.25641,27.21244],[88.26839,27.21331],[88.26946,27.21429],[88.26917,27.21646],[88.27263,27.21914],[88.27501,27.21978],[88.27615,27.21729],[88.27829,27.20608],[88.27979,27.20351],[88.28191,27.20196],[88.28132,27.20152],[88.28182,27.20072],[88.2759,27.20015],[88.27568,27.19932]]]}},{"id":"423","type":"Feature","properties":{"state":"Sikkim","state_code":"11","district":"Soreng","district_code":"740","sub_district":"Mangalbarey","sub_district_code":"7233","sub_district_type":"Sub_Division","village":"Pareng Gaon","village_category":"Rural","village_code":"261063"},"geometry":{"type":"Polygon","coordinates":[[[88.24469,27.2174],[88.25427,27.2146],[88.25478,27.20385],[88.25673,27.20079],[88.257,27.19895],[88.25442,27.19316],[88.25279,27.19151],[88.25066,27.19165],[88.24772,27.1923],[88.24388,27.19509],[88.23782,27.19274],[88.23237,27.19704],[88.22933,27.20217],[88.22906,27.2032],[88.23044,27.20464],[88.23088,27.20877],[88.2325,27.2115],[88.23215,27.21489],[88.23097,27.21535],[88.23076,27.21849],[88.23335,27.22058],[88.23458,27.22337],[88.23587,27.22385],[88.23637,27.2229],[88.23958,27.2222],[88.23979,27.21976],[88.24281,27.21923],[88.24362,27.21807],[88.24473,27.21872],[88.24523,27.21819],[88.24469,27.2174]]]}},{"id":"424","type":"Feature","properties":{"state":"Sikkim","state_code":"11","district":"Soreng","district_code":"740","sub_district":"Mangalbarey","sub_district_code":"7233","sub_district_type":"Sub_Division","village":"Deythang","village_category":"Rural","village_code":"261062"},"geometry":{"type":"Polygon","coordinates":[[[88.22623,27.22688],[88.22948,27.22593],[88.23072,27.22474],[88.23301,27.22514],[88.23521,27.2239],[88.23335,27.22058],[88.23076,27.21849],[88.23097,27.21535],[88.22559,27.21428],[88.22405,27.21314],[88.22356,27.21147],[88.22169,27.21373],[88.21814,27.2126],[88.21598,27.20898],[88.21606,27.20796],[88.21696,27.20781],[88.21626,27.20718],[88.21194,27.20973],[88.2106,27.21375],[88.20798,27.21374],[88.20166,27.21048],[88.19893,27.21452],[88.19767,27.21934],[88.1946,27.21907],[88.19678,27.21467],[88.19552,27.2139],[88.19068,27.21526],[88.18841,27.21721],[88.18821,27.2203],[88.1895,27.22088],[88.19122,27.2211],[88.19361,27.21924],[88.19636,27.21984],[88.19722,27.21931],[88.19936,27.22037],[88.19977,27.22264],[88.20161,27.22456],[88.202,27.22704],[88.21019,27.22711],[88.21199,27.22806],[88.21973,27.22657],[88.22048,27.22762],[88.2214,27.22687],[88.22172,27.22486],[88.22623,27.22688]]]}},{"id":"425","type":"Feature","properties":{"state":"Sikkim","state_code":"11","district":"Soreng","district_code":"740","sub_district":"Mangalbarey","sub_district_code":"7233","sub_district_type":"Sub_Division","village":"Chuchen","village_category":"Rural","village_code":"261065"},"geometry":{"type":"Polygon","coordinates":[[[88.28309,27.22153],[88.28522,27.22083],[88.29412,27.21196],[88.29513,27.20739],[88.29422,27.20546],[88.29779,27.20077],[88.29563,27.19853],[88.28981,27.19633],[88.28779,27.19283],[88.28641,27.19337],[88.28547,27.19703],[88.27568,27.19917],[88.2759,27.20015],[88.28182,27.20072],[88.28132,27.20152],[88.28191,27.20196],[88.27979,27.20351],[88.27829,27.20608],[88.27615,27.21729],[88.27501,27.21978],[88.27706,27.22123],[88.27831,27.2211],[88.27835,27.22238],[88.28091,27.22351],[88.28309,27.22153]]]}},{"id":"426","type":"Feature","properties":{"state":"Sikkim","state_code":"11","district":"Soreng","district_code":"740","sub_district":"Mangalbarey","sub_district_code":"7233","sub_district_type":"Sub_Division","village":"Hathidung","village_category":"Rural","village_code":"261057"},"geometry":{"type":"Polygon","coordinates":[[[88.25112,27.24158],[88.25581,27.23943],[88.25917,27.23987],[88.26107,27.23912],[88.26106,27.23792],[88.26263,27.23875],[88.264,27.23817],[88.26377,27.23469],[88.26566,27.23226],[88.26519,27.23118],[88.27061,27.22733],[88.27395,27.22269],[88.27692,27.2211],[88.27625,27.22018],[88.27214,27.21885],[88.26917,27.21646],[88.26913,27.21352],[88.25641,27.21244],[88.25383,27.21502],[88.24954,27.21597],[88.24989,27.21734],[88.24909,27.21865],[88.24936,27.22075],[88.24848,27.224],[88.25083,27.22949],[88.24913,27.23249],[88.24813,27.23777],[88.2491,27.24129],[88.25112,27.24158]]]}},{"id":"427","type":"Feature","properties":{"state":"Sikkim","state_code":"11","district":"Soreng","district_code":"740","sub_district":"Mangalbarey","sub_district_code":"7233","sub_district_type":"Sub_Division","village":"Sangadorji","village_category":"Rural","village_code":"261055"},"geometry":{"type":"Polygon","coordinates":[[[88.25565,27.26124],[88.26183,27.25979],[88.26624,27.25611],[88.27879,27.25311],[88.28163,27.25161],[88.28406,27.2398],[88.28131,27.23817],[88.27543,27.23642],[88.27189,27.23806],[88.27087,27.23971],[88.26845,27.24029],[88.26476,27.24045],[88.26093,27.23921],[88.25877,27.23992],[88.25299,27.23983],[88.2516,27.24231],[88.25109,27.24603],[88.2514,27.24862],[88.25264,27.24866],[88.25222,27.24967],[88.25321,27.2503],[88.25189,27.25649],[88.25005,27.25823],[88.25231,27.2617],[88.25498,27.26235],[88.25565,27.26124]]]}},{"id":"428","type":"Feature","properties":{"state":"Sikkim","state_code":"11","district":"Soreng","district_code":"740","sub_district":"Mangalbarey","sub_district_code":"7233","sub_district_type":"Sub_Division","village":"Jeel","village_category":"Rural","village_code":"261056"},"geometry":{"type":"Polygon","coordinates":[[[88.28856,27.23257],[88.2871,27.23128],[88.28583,27.23245],[88.28399,27.23202],[88.28339,27.23106],[88.2849,27.22808],[88.28372,27.22773],[88.28313,27.22558],[88.28062,27.22325],[88.27835,27.22238],[88.27831,27.2211],[88.27692,27.2211],[88.27395,27.22269],[88.27061,27.22733],[88.26519,27.23118],[88.26566,27.23226],[88.26377,27.23469],[88.26428,27.23786],[88.26265,27.23876],[88.26106,27.23792],[88.26093,27.23921],[88.26476,27.24045],[88.26845,27.24029],[88.27087,27.23971],[88.27189,27.23806],[88.27543,27.23642],[88.28131,27.23817],[88.28406,27.2398],[88.28856,27.23257]]]}},{"id":"429","type":"Feature","properties":{"state":"Sikkim","state_code":"11","district":"Soreng","district_code":"740","sub_district":"Soreng","sub_district_code":"1550","sub_district_type":"Sub_Division","village":"Nayabazar Forest Block","village_category":"Rural","village_code":"261104"},"geometry":{"type":"Polygon","coordinates":[[[88.27722,27.13887],[88.27839,27.13904],[88.28226,27.13578],[88.2806,27.13457],[88.27648,27.13378],[88.27705,27.13075],[88.27421,27.13083],[88.27248,27.12815],[88.26839,27.12951],[88.26566,27.12768],[88.26278,27.12784],[88.25906,27.12526],[88.25477,27.12436],[88.24858,27.12435],[88.24642,27.12205],[88.24489,27.12175],[88.24369,27.12601],[88.24142,27.13017],[88.24269,27.13039],[88.24325,27.13204],[88.24467,27.1315],[88.24838,27.13494],[88.2527,27.13313],[88.25505,27.13098],[88.25677,27.13088],[88.25765,27.13162],[88.2574,27.13458],[88.2666,27.13614],[88.27021,27.14201],[88.2749,27.14125],[88.27722,27.13887]],[[88.27247,27.13455],[88.27417,27.13659],[88.27234,27.13818],[88.27043,27.1381],[88.26917,27.13612],[88.27113,27.13431],[88.27247,27.13455]]]}},{"id":"430","type":"Feature","properties":{"state":"Sikkim","state_code":"11","district":"Soreng","district_code":"740","sub_district":"Soreng","sub_district_code":"1550","sub_district_type":"Sub_Division","village":"Forest","village_category":"Others","village_code":null},"geometry":{"type":"Polygon","coordinates":[[[88.03566,27.27755],[88.03766,27.27342],[88.04032,27.27228],[88.04429,27.271],[88.05155,27.27177],[88.05498,27.27081],[88.05773,27.26838],[88.06048,27.26421],[88.06146,27.26077],[88.06759,27.26181],[88.07005,27.26056],[88.07457,27.26183],[88.08206,27.25795],[88.08736,27.25231],[88.09038,27.25151],[88.0931,27.25229],[88.09383,27.25335],[88.10195,27.25402],[88.10694,27.24401],[88.11908,27.23505],[88.13022,27.22863],[88.13707,27.2234],[88.13607,27.21469],[88.13278,27.20414],[88.13035,27.20037],[88.12951,27.1956],[88.12771,27.19401],[88.12673,27.1921],[88.12732,27.19076],[88.12627,27.19058],[88.12596,27.18907],[88.12683,27.18765],[88.1266,27.18293],[88.13009,27.18211],[88.13498,27.17853],[88.13546,27.17731],[88.13441,27.17445],[88.13718,27.17107],[88.13756,27.16816],[88.13422,27.15959],[88.13229,27.15808],[88.13177,27.15612],[88.13008,27.15578],[88.13029,27.15184],[88.12715,27.14938],[88.12558,27.14462],[88.1265,27.14195],[88.12158,27.14305],[88.116,27.1466],[88.10615,27.14557],[88.09678,27.14728],[88.0897,27.14696],[88.08924,27.14874],[88.09344,27.15173],[88.09427,27.15323],[88.09742,27.15359],[88.10025,27.15496],[88.10289,27.15496],[88.10307,27.15609],[88.10122,27.1579],[88.10469,27.16337],[88.11188,27.16794],[88.11121,27.16874],[88.1111,27.17252],[88.10514,27.17671],[88.10185,27.17576],[88.1006,27.17538],[88.09998,27.1736],[88.09885,27.17295],[88.09907,27.17106],[88.09523,27.16882],[88.09393,27.16681],[88.08983,27.16632],[88.08854,27.16744],[88.08619,27.16751],[88.0873,27.16928],[88.08673,27.17273],[88.08328,27.17275],[88.07963,27.17108],[88.07741,27.1729],[88.07976,27.17437],[88.07874,27.17668],[88.07854,27.18035],[88.07266,27.1878],[88.07433,27.19281],[88.07802,27.19696],[88.07933,27.20083],[88.07564,27.20309],[88.07169,27.20416],[88.06552,27.20916],[88.0644,27.21105],[88.06466,27.21431],[88.05282,27.21341],[88.05057,27.21441],[88.04757,27.21747],[88.04389,27.21923],[88.03951,27.21927],[88.03775,27.22053],[88.03269,27.22107],[88.02926,27.22015],[88.02743,27.22085],[88.02611,27.22042],[88.02392,27.21944],[88.02211,27.21692],[88.01659,27.21497],[88.01404,27.21324],[88.01236,27.21611],[88.01453,27.22109],[88.01676,27.22314],[88.01715,27.2255],[88.0189,27.22498],[88.01975,27.23139],[88.01928,27.23568],[88.02162,27.23752],[88.02463,27.23762],[88.02431,27.24208],[88.02678,27.24604],[88.02783,27.24947],[88.03089,27.24991],[88.0303,27.25525],[88.0312,27.2615],[88.03069,27.26285],[88.03188,27.2649],[88.03161,27.26924],[88.03043,27.27194],[88.03112,27.2762],[88.03211,27.27784],[88.03566,27.27755]]]}},{"id":"431","type":"Feature","properties":{"state":"Sikkim","state_code":"11","district":"Soreng","district_code":"740","sub_district":"Mangalbarey","sub_district_code":"7233","sub_district_type":"Sub_Division","village":"Sribadam Forest Block","village_category":"Rural","village_code":"261103"},"geometry":{"type":"Polygon","coordinates":[[[88.1999,27.26608],[88.20269,27.26517],[88.20176,27.26391],[88.2019,27.26072],[88.20133,27.26082],[88.20109,27.26068],[88.20183,27.25916],[88.20107,27.25801],[88.20496,27.25614],[88.20615,27.25247],[88.20972,27.2504],[88.21091,27.25149],[88.20983,27.25425],[88.21033,27.25581],[88.21311,27.25138],[88.21459,27.24601],[88.21899,27.24262],[88.21701,27.24166],[88.2156,27.24189],[88.21011,27.24548],[88.20632,27.24927],[88.19883,27.25116],[88.1968,27.24967],[88.19562,27.24608],[88.19321,27.24336],[88.18934,27.24173],[88.18513,27.23857],[88.18596,27.23692],[88.18556,27.23606],[88.18321,27.2361],[88.18377,27.23499],[88.1761,27.23245],[88.17781,27.22534],[88.18127,27.22342],[88.18219,27.22185],[88.18821,27.2203],[88.18842,27.21718],[88.19059,27.21532],[88.17022,27.2095],[88.15664,27.20168],[88.14975,27.19619],[88.14743,27.19234],[88.14475,27.19303],[88.13413,27.20084],[88.13038,27.2004],[88.13278,27.20414],[88.13607,27.21469],[88.13707,27.2234],[88.13022,27.22863],[88.11908,27.23505],[88.10768,27.24402],[88.11397,27.24483],[88.11559,27.24608],[88.11605,27.2501],[88.1188,27.25434],[88.12345,27.25833],[88.12794,27.25857],[88.13286,27.26035],[88.13819,27.25972],[88.14424,27.2534],[88.14666,27.25478],[88.15049,27.25475],[88.15396,27.25426],[88.15701,27.2521],[88.17235,27.26086],[88.1763,27.25822],[88.18061,27.25772],[88.18259,27.25665],[88.18843,27.25711],[88.18916,27.25826],[88.18618,27.26086],[88.18166,27.26141],[88.18148,27.26298],[88.18599,27.26597],[88.1877,27.26494],[88.18983,27.26596],[88.19536,27.26014],[88.20016,27.25858],[88.20114,27.2605],[88.19936,27.26279],[88.1993,27.2652],[88.1999,27.26608]]]}},{"id":"432","type":"Feature","properties":{"state":"Sikkim","state_code":"11","district":"Soreng","district_code":"740","sub_district":"Soreng","sub_district_code":"1550","sub_district_type":"Sub_Division","village":"Soreng Forest Block","village_category":"Rural","village_code":"261102"},"geometry":{"type":"Polygon","coordinates":[[[88.23097,27.21535],[88.23215,27.21489],[88.2325,27.2115],[88.23088,27.20877],[88.23044,27.20464],[88.22906,27.2032],[88.23237,27.19704],[88.23782,27.19274],[88.24227,27.19477],[88.24493,27.19492],[88.24806,27.19214],[88.25279,27.19151],[88.25451,27.18835],[88.24944,27.18822],[88.24491,27.19034],[88.24013,27.18844],[88.23861,27.18857],[88.23361,27.19228],[88.22831,27.20152],[88.22158,27.202],[88.22085,27.20274],[88.21682,27.2016],[88.21412,27.20013],[88.21486,27.19817],[88.2111,27.19441],[88.20857,27.19507],[88.20593,27.1973],[88.19863,27.19939],[88.19423,27.19804],[88.19058,27.19562],[88.18867,27.19299],[88.18575,27.18542],[88.18199,27.18379],[88.17986,27.18107],[88.17913,27.17947],[88.1791,27.17552],[88.17817,27.17436],[88.17506,27.17442],[88.17444,27.17371],[88.17528,27.17166],[88.17308,27.17049],[88.17181,27.17434],[88.16613,27.18125],[88.16438,27.18178],[88.15441,27.18975],[88.14882,27.19274],[88.14761,27.19247],[88.14975,27.19619],[88.15664,27.20168],[88.17022,27.2095],[88.19059,27.21532],[88.19552,27.2139],[88.19656,27.21437],[88.1946,27.21907],[88.19595,27.21956],[88.19826,27.2188],[88.19863,27.21521],[88.20166,27.21048],[88.20798,27.21374],[88.2106,27.21375],[88.21194,27.20973],[88.21626,27.20718],[88.21696,27.20781],[88.21606,27.20796],[88.21598,27.20898],[88.21814,27.2126],[88.22169,27.21373],[88.22356,27.21147],[88.22405,27.21314],[88.22559,27.21428],[88.23097,27.21535]]]}},{"id":"433","type":"Feature","properties":{"state":"Sikkim","state_code":"11","district":"Soreng","district_code":"740","sub_district":"Soreng","sub_district_code":"1550","sub_district_type":"Sub_Division","village":"Bhareng","village_category":"Rural","village_code":"261082"},"geometry":{"type":"Polygon","coordinates":[[[88.0873,27.16928],[88.08492,27.16568],[88.07963,27.17108],[88.08328,27.17275],[88.08673,27.17273],[88.0873,27.16928]]]}},{"id":"434","type":"Feature","properties":{"state":"Sikkim","state_code":"11","district":"Soreng","district_code":"740","sub_district":"Soreng","sub_district_code":"1550","sub_district_type":"Sub_Division","village":"Okhrey","village_category":"Rural","village_code":"261084"},"geometry":{"type":"Polygon","coordinates":[[[88.10186,27.15504],[88.09427,27.15323],[88.09344,27.15173],[88.08925,27.14867],[88.0897,27.14696],[88.09678,27.14728],[88.10126,27.14614],[88.10849,27.14588],[88.1088,27.13887],[88.10621,27.13587],[88.10637,27.1311],[88.10081,27.13284],[88.09671,27.1328],[88.09474,27.13652],[88.08885,27.14326],[88.08894,27.14539],[88.08775,27.14615],[88.08813,27.14964],[88.08746,27.15159],[88.08857,27.15439],[88.09271,27.15575],[88.09327,27.15681],[88.09423,27.15673],[88.09842,27.1597],[88.10186,27.15504]]]}},{"id":"435","type":"Feature","properties":{"state":"Sikkim","state_code":"11","district":"Soreng","district_code":"740","sub_district":"Soreng","sub_district_code":"1550","sub_district_type":"Sub_Division","village":"Siktam","village_category":"Rural","village_code":"261086"},"geometry":{"type":"Polygon","coordinates":[[[88.13571,27.11781],[88.13928,27.12155],[88.14571,27.1175],[88.14844,27.11827],[88.15123,27.11431],[88.1513,27.11234],[88.15068,27.11192],[88.15054,27.11342],[88.14949,27.11391],[88.14616,27.11186],[88.14472,27.11195],[88.14454,27.11481],[88.14371,27.11568],[88.13891,27.11391],[88.13663,27.11465],[88.13539,27.11657],[88.13571,27.11781]]]}},{"id":"436","type":"Feature","properties":{"state":"Sikkim","state_code":"11","district":"Soreng","district_code":"740","sub_district":"Soreng","sub_district_code":"1550","sub_district_type":"Sub_Division","village":"Salandang","village_category":"Rural","village_code":"261087"},"geometry":{"type":"Polygon","coordinates":[[[88.15075,27.11028],[88.1513,27.11234],[88.15119,27.11434],[88.15191,27.11382],[88.15443,27.11436],[88.1584,27.11323],[88.15731,27.11053],[88.15635,27.11],[88.15178,27.10958],[88.15075,27.11028]]]}},{"id":"437","type":"Feature","properties":{"state":"Sikkim","state_code":"11","district":"Soreng","district_code":"740","sub_district":"Soreng","sub_district_code":"1550","sub_district_type":"Sub_Division","village":"Naya-Bazar Jorethang (Nagar Panchayat) (Part)","village_category":"Fully_Urban","village_code":"801420"},"geometry":{"type":"Polygon","coordinates":[[[88.27247,27.13455],[88.27113,27.13431],[88.26917,27.13612],[88.27043,27.1381],[88.27234,27.13818],[88.27417,27.13659],[88.27247,27.13455]]]}},{"id":"438","type":"Feature","properties":{"state":"Sikkim","state_code":"11","district":"Soreng","district_code":"740","sub_district":"Soreng","sub_district_code":"1550","sub_district_type":"Sub_Division","village":"Dodak","village_category":"Rural","village_code":"648238"},"geometry":{"type":"Polygon","coordinates":[[[88.14614,27.19225],[88.14886,27.19272],[88.15619,27.18828],[88.15177,27.17756],[88.14877,27.17561],[88.14535,27.17865],[88.13883,27.18761],[88.13455,27.1892],[88.13128,27.18885],[88.1287,27.18961],[88.12673,27.1921],[88.12943,27.19542],[88.13035,27.20037],[88.13253,27.20107],[88.13413,27.20084],[88.13736,27.19791],[88.13924,27.1976],[88.14475,27.19303],[88.14614,27.19225]]]}},{"id":"439","type":"Feature","properties":{"state":"Sikkim","state_code":"11","district":"Gangtok","district_code":"244","sub_district":"Gangtok","sub_district_code":"1553","sub_district_type":"Sub_Division","village":"Gangtok Municipal Corporation","village_category":"Fully_Urban","village_code":"801421"},"geometry":{"type":"Polygon","coordinates":[[[88.64696,27.35345],[88.65061,27.35436],[88.65137,27.35292],[88.65523,27.35045],[88.65228,27.3474],[88.65061,27.34709],[88.64979,27.34589],[88.64741,27.34563],[88.63977,27.34119],[88.63736,27.33852],[88.63337,27.33714],[88.62622,27.33026],[88.62174,27.33132],[88.62091,27.33225],[88.61764,27.33121],[88.61723,27.33169],[88.61403,27.32931],[88.61385,27.326],[88.61509,27.32513],[88.61298,27.32291],[88.61101,27.32235],[88.61214,27.32051],[88.61057,27.31899],[88.6102,27.31645],[88.60822,27.31555],[88.60694,27.31389],[88.60811,27.31235],[88.60767,27.31049],[88.60464,27.30672],[88.60556,27.30595],[88.60527,27.30377],[88.60664,27.30225],[88.60543,27.30066],[88.60407,27.30073],[88.60196,27.29847],[88.60146,27.2988],[88.60212,27.30153],[88.59925,27.30141],[88.59445,27.30478],[88.59498,27.3051],[88.59401,27.30557],[88.59323,27.30755],[88.59484,27.31168],[88.59246,27.3132],[88.59298,27.31532],[88.59168,27.31746],[88.59461,27.3257],[88.59982,27.32875],[88.60046,27.33157],[88.60269,27.33341],[88.60278,27.33546],[88.6059,27.34124],[88.60678,27.34889],[88.60658,27.35569],[88.61029,27.3576],[88.61114,27.36005],[88.613,27.36138],[88.6162,27.36145],[88.61701,27.36274],[88.61904,27.36352],[88.61958,27.36591],[88.6219,27.36828],[88.62421,27.3683],[88.62926,27.37095],[88.63387,27.37109],[88.63658,27.37201],[88.63754,27.37149],[88.64038,27.37394],[88.64096,27.37333],[88.64017,27.37231],[88.6404,27.36919],[88.63957,27.36859],[88.63762,27.3616],[88.63425,27.35378],[88.63911,27.35225],[88.64004,27.35307],[88.64023,27.3549],[88.64252,27.35624],[88.64466,27.3558],[88.64696,27.35345]]]}},{"id":"440","type":"Feature","properties":{"state":"Sikkim","state_code":"11","district":"Namchi","district_code":"243","sub_district":"Namchi","sub_district_code":"1551","sub_district_type":"Sub Division","village":"Burul","village_category":"Forest_Village","village_code":"261175"},"geometry":{"type":"Polygon","coordinates":[[[88.47233,27.22643],[88.4757,27.21986],[88.46959,27.21346],[88.46966,27.21207],[88.45412,27.20718],[88.45144,27.20525],[88.44982,27.20936],[88.44417,27.21299],[88.44208,27.21661],[88.44795,27.21939],[88.46139,27.22281],[88.46695,27.22867],[88.47233,27.22643]]]}},{"id":"441","type":"Feature","properties":{"state":"Sikkim","state_code":"11","district":"Pakyong","district_code":"741","sub_district":"Pakyong","sub_district_code":"1554","sub_district_type":"Sub_Division","village":"Lingey","village_category":"Rural","village_code":"261317"},"geometry":{"type":"Polygon","coordinates":[[[88.63807,27.28768],[88.61941,27.29063],[88.60914,27.29119],[88.60592,27.29254],[88.6066,27.29453],[88.60767,27.29497],[88.60711,27.29532],[88.60742,27.29725],[88.60847,27.2984],[88.60952,27.29887],[88.61073,27.29811],[88.61261,27.29938],[88.61553,27.29906],[88.61704,27.30115],[88.61931,27.30067],[88.6209,27.30152],[88.62276,27.30104],[88.62308,27.29969],[88.62769,27.2975],[88.62786,27.29571],[88.63226,27.29103],[88.63142,27.29025],[88.63373,27.28915],[88.63562,27.28946],[88.63807,27.28768]]]}},{"id":"442","type":"Feature","properties":{"state":"Sikkim","state_code":"11","district":"Mangan","district_code":"241","sub_district":"Chungthang","sub_district_code":"1547","sub_district_type":"Sub_Division","village":"Lachen","village_category":"Rural","village_code":"260925"},"geometry":{"type":"Polygon","coordinates":[[[88.66578,27.76355],[88.66107,27.7634],[88.65948,27.76519],[88.65968,27.76647],[88.66195,27.76696],[88.66418,27.7688],[88.66632,27.76665],[88.66578,27.76355]]]}},{"id":"443","type":"Feature","properties":{"state":"Sikkim","state_code":"11","district":"Mangan","district_code":"241","sub_district":"Chungthang","sub_district_code":"1547","sub_district_type":"Sub_Division","village":"Lachen","village_category":"Rural","village_code":"260925"},"geometry":{"type":"Polygon","coordinates":[[[88.63964,27.82733],[88.63228,27.8176],[88.6322,27.81583],[88.63502,27.81339],[88.63592,27.81132],[88.63744,27.8109],[88.63949,27.81183],[88.64597,27.81238],[88.64363,27.81016],[88.63895,27.80811],[88.63715,27.80557],[88.63681,27.80292],[88.63786,27.79608],[88.63971,27.79187],[88.63921,27.7867],[88.64091,27.77976],[88.6395,27.77875],[88.64014,27.7752],[88.63881,27.77086],[88.6373,27.76893],[88.63752,27.76598],[88.6361,27.76233],[88.63702,27.76035],[88.63695,27.75678],[88.63163,27.74708],[88.63156,27.74335],[88.6283,27.73807],[88.62811,27.73162],[88.63116,27.72446],[88.63094,27.72288],[88.6324,27.72235],[88.6325,27.71734],[88.63467,27.71275],[88.63327,27.70902],[88.63339,27.70596],[88.63656,27.70108],[88.63756,27.70175],[88.63896,27.70056],[88.64059,27.69661],[88.64393,27.69517],[88.64655,27.69594],[88.64603,27.69214],[88.64673,27.69085],[88.65057,27.68995],[88.64907,27.68706],[88.65019,27.68652],[88.65001,27.68512],[88.64804,27.68142],[88.64868,27.67681],[88.65,27.67421],[88.64966,27.6716],[88.6473,27.67029],[88.64509,27.67011],[88.64218,27.67183],[88.63769,27.67279],[88.64111,27.68889],[88.64132,27.69405],[88.6427,27.69439],[88.63832,27.69442],[88.63823,27.69593],[88.63363,27.69673],[88.63726,27.7003],[88.63543,27.70007],[88.63126,27.70519],[88.63117,27.70879],[88.62888,27.71165],[88.62886,27.7149],[88.62447,27.7174],[88.62492,27.72515],[88.62312,27.72809],[88.62641,27.72983],[88.6253,27.73378],[88.62277,27.73657],[88.62273,27.73826],[88.62629,27.7381],[88.62642,27.74014],[88.63024,27.74606],[88.63077,27.75037],[88.63262,27.75243],[88.63361,27.76128],[88.63357,27.77248],[88.63426,27.77504],[88.63352,27.77826],[88.63503,27.77991],[88.63312,27.78435],[88.63345,27.78655],[88.63538,27.78995],[88.63548,27.79393],[88.63279,27.79962],[88.63234,27.80607],[88.63159,27.80733],[88.63204,27.81144],[88.62808,27.81229],[88.62767,27.81333],[88.6309,27.81589],[88.63225,27.81923],[88.63428,27.82131],[88.63469,27.8221],[88.63377,27.82396],[88.63565,27.82444],[88.63292,27.82675],[88.63329,27.82756],[88.63596,27.82588],[88.63964,27.82733]]]}},{"id":"444","type":"Feature","properties":{"state":"Sikkim","state_code":"11","district":"Mangan","district_code":"241","sub_district":"Chungthang","sub_district_code":"1547","sub_district_type":"Sub_Division","village":"Lachen","village_category":"Rural","village_code":"260925"},"geometry":{"type":"Polygon","coordinates":[[[88.78275,27.9519],[88.77955,27.95155],[88.77723,27.95236],[88.77685,27.95705],[88.77771,27.96172],[88.77602,27.96718],[88.77689,27.96835],[88.78233,27.97127],[88.78499,27.96935],[88.78804,27.96041],[88.7866,27.95614],[88.78382,27.95531],[88.78275,27.9519]]]}},{"id":"445","type":"Feature","properties":{"state":"Sikkim","state_code":"11","district":"Mangan","district_code":"241","sub_district":"Chungthang","sub_district_code":"1547","sub_district_type":"Sub_Division","village":"Lachung","village_category":"Rural","village_code":"260926"},"geometry":{"type":"Polygon","coordinates":[[[88.73739,27.77853],[88.74382,27.77544],[88.74622,27.77202],[88.74681,27.77211],[88.75318,27.75584],[88.75554,27.7536],[88.75969,27.74646],[88.76493,27.74637],[88.76936,27.74792],[88.77372,27.74497],[88.77463,27.74142],[88.77044,27.73986],[88.7631,27.74078],[88.75686,27.73477],[88.75873,27.72767],[88.74992,27.72368],[88.74693,27.7253],[88.74547,27.72215],[88.74704,27.71266],[88.74651,27.7089],[88.74763,27.70516],[88.74383,27.70106],[88.74466,27.69873],[88.74218,27.69534],[88.74409,27.69013],[88.74605,27.68735],[88.74718,27.68143],[88.74391,27.67887],[88.73903,27.67895],[88.72835,27.67414],[88.72745,27.67211],[88.72489,27.67171],[88.7209,27.66933],[88.71806,27.6647],[88.71646,27.6662],[88.71468,27.67083],[88.7109,27.66989],[88.70623,27.6662],[88.70442,27.66821],[88.7053,27.67351],[88.70405,27.67644],[88.7085,27.6791],[88.71164,27.68273],[88.72086,27.68225],[88.72523,27.68412],[88.7332,27.69097],[88.73382,27.69568],[88.73319,27.69998],[88.73091,27.70472],[88.73107,27.70787],[88.72876,27.71009],[88.72919,27.71312],[88.73373,27.72068],[88.73094,27.72261],[88.72618,27.72327],[88.72971,27.72723],[88.73629,27.7399],[88.73964,27.741],[88.7411,27.74614],[88.74189,27.75259],[88.74407,27.75918],[88.74319,27.76404],[88.73864,27.7707],[88.73578,27.77313],[88.73605,27.77653],[88.73739,27.77853]]]}},{"id":"446","type":"Feature","properties":{"state":"Sikkim","state_code":"11","district":"Mangan","district_code":"241","sub_district":"Chungthang","sub_district_code":"1547","sub_district_type":"Sub_Division","village":"Lachung","village_category":"Rural","village_code":"260926"},"geometry":{"type":"Polygon","coordinates":[[[88.74315,27.78096],[88.74485,27.77776],[88.74424,27.77681],[88.74029,27.77845],[88.73978,27.77985],[88.74315,27.78096]]]}}],"name":"sikkim_soi_villages","attribution":"Village boundaries: Survey of India, Government of India"}