station_code,station_name,category,source_url
ADI,Ahmedabad,NSG1,https://railway-stations-classification.pages.dev/
ANVT,ANAND VIHAR TERMINAL,NSG1,https://railway-stations-classification.pages.dev/
MS,Chennai Egmore,NSG1,https://railway-stations-classification.pages.dev/
DR,Dadar,NSG1P,https://railway-stations-classification.pages.dev/
DLI,DELHI JN,NSG1,https://railway-stations-classification.pages.dev/
GKP,Gorakhpur Jn,NSG1,https://railway-stations-classification.pages.dev/
NZM,HAZRAT NIZAMUDDIN JN,NSG1,https://railway-stations-classification.pages.dev/
HWH,HOWRAH,NSG1,https://railway-stations-classification.pages.dev/
JP,JAIPUR,NSG1,https://railway-stations-classification.pages.dev/
KYN,Kalyan,NSG1,https://railway-stations-classification.pages.dev/
SBC,KSR BENGALURU,NSG1,https://railway-stations-classification.pages.dev/
LTT,Lokmanya Tilak Terminus,NSG1,https://railway-stations-classification.pages.dev/
MAS,MGR Chennai Central,NSG1,https://railway-stations-classification.pages.dev/
MMCT,Mumbai Central,NSG1P,https://railway-stations-classification.pages.dev/
CSMT,Mumbai CSMT,NSG1,https://railway-stations-classification.pages.dev/
NGP,Nagpur,NSG1,https://railway-stations-classification.pages.dev/
NDLS,NEW DELHI,NSG1,https://railway-stations-classification.pages.dev/
PNVL,Panvel,NSG1P,https://railway-stations-classification.pages.dev/
PNBE,Patna Jn,NSG1,https://railway-stations-classification.pages.dev/
PUNE,Pune,NSG1,https://railway-stations-classification.pages.dev/
SDAH,SEALDAH,NSG1P,https://railway-stations-classification.pages.dev/
SC,SECUNDERABAD,NSG1,https://railway-stations-classification.pages.dev/
ST,Surat,NSG1,https://railway-stations-classification.pages.dev/
TBM,Tambaram,NSG1P,https://railway-stations-classification.pages.dev/
TNA,Thane,NSG1P,https://railway-stations-classification.pages.dev/
BSB,VARANASI,NSG1,https://railway-stations-classification.pages.dev/
BZA,VIJAYAWADA,NSG1,https://railway-stations-classification.pages.dev/
VSKP,VISAKHAPATNAM,NSG1,https://railway-stations-classification.pages.dev/
AGC,AGRA CANTT,NSG2,https://railway-stations-classification.pages.dev/
AII,Ajmer,NSG2,https://railway-stations-classification.pages.dev/
UMB,AMBALA CANTT JN,NSG2,https://railway-stations-classification.pages.dev/
ASR,AMRITSAR Jn,NSG2,https://railway-stations-classification.pages.dev/
AJJ,Arakkonam jn,NSG2P,https://railway-stations-classification.pages.dev/
ASN,ASANSOL,NSG2,https://railway-stations-classification.pages.dev/
AWB,AURANGABAD,NSG2,https://railway-stations-classification.pages.dev/
AVD,Avadi,NSG2P,https://railway-stations-classification.pages.dev/
BSBS,Banaras,NSG2,https://railway-stations-classification.pages.dev/
BDC,BANDEL JN,NSG2P,https://railway-stations-classification.pages.dev/
BDTS,Bandra Terminus,NSG2,https://railway-stations-classification.pages.dev/
BWN,BARDDHAMAN,NSG2,https://railway-stations-classification.pages.dev/
BE,BAREILLYJN,NSG2,https://railway-stations-classification.pages.dev/
BGP,BHAGALPUR,NSG2,https://railway-stations-classification.pages.dev/
BPL,BHOPAL JN,NSG2,https://railway-stations-classification.pages.dev/
BBS,BHUBANESWAR,NSG2,https://railway-stations-classification.pages.dev/
BSL,Bhusawal,NSG2,https://railway-stations-classification.pages.dev/
BKN,BIKANER JN,NSG2,https://railway-stations-classification.pages.dev/
BSP,Bilaspur,NSG2,https://railway-stations-classification.pages.dev/
BAM,BRAHMAPUR,NSG2,https://railway-stations-classification.pages.dev/
CDG,CHANDIGARH,NSG2,https://railway-stations-classification.pages.dev/
CGL,Chengalpattu jn,NSG2P,https://railway-stations-classification.pages.dev/
CPR,Chhapra Jn,NSG2,https://railway-stations-classification.pages.dev/
CBE,Coimbatore jn,NSG2,https://railway-stations-classification.pages.dev/
DNR,Danapur,NSG2,https://railway-stations-classification.pages.dev/
DBG,Darbhanga,NSG2,https://railway-stations-classification.pages.dev/
DDN,DEHRA DUN,NSG2,https://railway-stations-classification.pages.dev/
DEE,DELHI SARAI ROHILLA,NSG2,https://railway-stations-classification.pages.dev/
DHN,Dhanbad Jn,NSG2,https://railway-stations-classification.pages.dev/
DURG,DURG,NSG2,https://railway-stations-classification.pages.dev/
ERS,Ernakulam jn,NSG2,https://railway-stations-classification.pages.dev/
ERN,Ernakulam town,NSG2,https://railway-stations-classification.pages.dev/
ED,Erode Jn,NSG2,https://railway-stations-classification.pages.dev/
GIMB,Gandhidham,NSG2,https://railway-stations-classification.pages.dev/
GAYA,Gaya,NSG2,https://railway-stations-classification.pages.dev/
GZB,GHAZIABAD JN,NSG2,https://railway-stations-classification.pages.dev/
GNT,GUNTUR,NSG2,https://railway-stations-classification.pages.dev/
GHY,Guwahati,NSG2,https://railway-stations-classification.pages.dev/
GWL,Gwalior Jn,NSG2,https://railway-stations-classification.pages.dev/
HW,HARIDWAR JN,NSG2,https://railway-stations-classification.pages.dev/
HTE,Hatia,NSG2,https://railway-stations-classification.pages.dev/
NED,HAZUR SAHIB NANDED,NSG2,https://railway-stations-classification.pages.dev/
HYB,HYDERABAD,NSG2,https://railway-stations-classification.pages.dev/
INDB,Indore,NSG2,https://railway-stations-classification.pages.dev/
JBP,JABALPUR,NSG2,https://railway-stations-classification.pages.dev/
JUC,JALANDHAR CITYJn,NSG2,https://railway-stations-classification.pages.dev/
JAT,JAMMU TAWI,NSG2,https://railway-stations-classification.pages.dev/
JSME,JASIDIH,NSG2,https://railway-stations-classification.pages.dev/
JU,JODHPUR JN,NSG2,https://railway-stations-classification.pages.dev/
KCG,KACHEGUDA,NSG2,https://railway-stations-classification.pages.dev/
KLBG,KALABURAGI,NSG2,https://railway-stations-classification.pages.dev/
KYQ,Kamakhya Jn,NSG2,https://railway-stations-classification.pages.dev/
CAN,Kannur,NSG2,https://railway-stations-classification.pages.dev/
CNB,KANPUR CENTRAL,NSG2,https://railway-stations-classification.pages.dev/
KIR,Katihar,NSG2,https://railway-stations-classification.pages.dev/
KPD,Katpadi,NSG2,https://railway-stations-classification.pages.dev/
KGP,Kharagpur,NSG2,https://railway-stations-classification.pages.dev/
KOAA,KOLKATA,NSG2,https://railway-stations-classification.pages.dev/
QLN,Kollam jn,NSG2,https://railway-stations-classification.pages.dev/
KOTA,KOTA JN,NSG2,https://railway-stations-classification.pages.dev/
CLT,Kozhikkode,NSG2,https://railway-stations-classification.pages.dev/
LPI,LINGAMPALLI,NSG2,https://railway-stations-classification.pages.dev/
LKO,LUCKNOW,NSG2,https://railway-stations-classification.pages.dev/
LJN,Lucknow jn,NSG2,https://railway-stations-classification.pages.dev/
LDH,LUDHIANA Jn,NSG2,https://railway-stations-classification.pages.dev/
MDU,Madurai jn,NSG2,https://railway-stations-classification.pages.dev/
MLDT,MALDA TOWN,NSG2,https://railway-stations-classification.pages.dev/
MAQ,Mangalore Central,NSG2,https://railway-stations-classification.pages.dev/
MTJ,MATHURA JN,NSG2,https://railway-stations-classification.pages.dev/
MAU,Mau Jn,NSG2,https://railway-stations-classification.pages.dev/
MB,MORADABAD JN,NSG2,https://railway-stations-classification.pages.dev/
MFP,Muzaffarpur Jn,NSG2,https://railway-stations-classification.pages.dev/
MYS,Mysuru,NSG2,https://railway-stations-classification.pages.dev/
NH,NAIHATI JN,NSG2P,https://railway-stations-classification.pages.dev/
NK,Nasik Road,NSG2,https://railway-stations-classification.pages.dev/
NJP,New Jalpaiguri,NSG2,https://railway-stations-classification.pages.dev/
PGT,Palakkad jn,NSG2,https://railway-stations-classification.pages.dev/
PPTA,Patliputra,NSG2,https://railway-stations-classification.pages.dev/
PCOI,PRAYAGRAJ CHEOKI,NSG2,https://railway-stations-classification.pages.dev/
PRYJ,PRAYAGRAJ JN,NSG2,https://railway-stations-classification.pages.dev/
DDU,PtDeen Dayal Upadhyaya Jn,NSG2,https://railway-stations-classification.pages.dev/
PURI,PURI,NSG2,https://railway-stations-classification.pages.dev/
R,Raipur,NSG2,https://railway-stations-classification.pages.dev/
RJY,RAJAHMUNDRY,NSG2,https://railway-stations-classification.pages.dev/
RJPB,Rajendra Nagar,NSG2,https://railway-stations-classification.pages.dev/
RJT,Rajkot,NSG2,https://railway-stations-classification.pages.dev/
RNC,Ranchi,NSG2,https://railway-stations-classification.pages.dev/
RKMP,RANI KAMALAPATI,NSG2,https://railway-stations-classification.pages.dev/
RTM,Ratlam,NSG2,https://railway-stations-classification.pages.dev/
RU,RENIGUNTA Jn,NSG2,https://railway-stations-classification.pages.dev/
ROU,Rourkela,NSG2,https://railway-stations-classification.pages.dev/
SBIB,Sabarmati (BG),NSG2,https://railway-stations-classification.pages.dev/
SA,Salem jn,NSG2,https://railway-stations-classification.pages.dev/
SPJ,Samastipur Jn,NSG2,https://railway-stations-classification.pages.dev/
STA,SATNA,NSG2,https://railway-stations-classification.pages.dev/
SHM,Shalimar,NSG2,https://railway-stations-classification.pages.dev/
SVDK,SHRI MATA VAISHNO DEVI KATRA,NSG2,https://railway-stations-classification.pages.dev/
SMVB,SMVT Benglure,NSG2,https://railway-stations-classification.pages.dev/
SUR,SOLAPUR,NSG2,https://railway-stations-classification.pages.dev/
UBL,SSS HUBBALLI,NSG2,https://railway-stations-classification.pages.dev/
TATA,Tatanagar,NSG2,https://railway-stations-classification.pages.dev/
TCR,Thrisur,NSG2,https://railway-stations-classification.pages.dev/
TPJ,Tiruchchirappalli jn,NSG2,https://railway-stations-classification.pages.dev/
TEN,Tirunelveli jn,NSG2,https://railway-stations-classification.pages.dev/
TPTY,TIRUPATI,NSG2,https://railway-stations-classification.pages.dev/
TRL,Tiruvallur,NSG2P,https://railway-stations-classification.pages.dev/
TVC,Tiruvananthapuram central,NSG2,https://railway-stations-classification.pages.dev/
UDZ,Udaipur City,NSG2,https://railway-stations-classification.pages.dev/
UJN,Ujjain,NSG2,https://railway-stations-classification.pages.dev/
VGLJ,V laxmibi Jhansi Jn,NSG2,https://railway-stations-classification.pages.dev/
BRC,Vadodara,NSG2,https://railway-stations-classification.pages.dev/
VAPI,Vapi,NSG2,https://railway-stations-classification.pages.dev/
YPR,YESVANTPUR,NSG2,https://railway-stations-classification.pages.dev/
ABR,Aburoad,NSG3,https://railway-stations-classification.pages.dev/
AGTL,Agartala,NSG3,https://railway-stations-classification.pages.dev/
AF,AGRA FORT,NSG3,https://railway-stations-classification.pages.dev/
ANG,Ahmednagar,NSG3,https://railway-stations-classification.pages.dev/
ASH,Aishbagh,NSG3,https://railway-stations-classification.pages.dev/
ABP,AKBARPUR,NSG3,https://railway-stations-classification.pages.dev/
AK,Akola,NSG3,https://railway-stations-classification.pages.dev/
ALLP,Alappuzha,NSG3,https://railway-stations-classification.pages.dev/
ALJN,ALIGARH JN,NSG3,https://railway-stations-classification.pages.dev/
AWY,Aluva,NSG3,https://railway-stations-classification.pages.dev/
AWR,ALWAR,NSG3,https://railway-stations-classification.pages.dev/
AMI,Amravati,NSG3,https://railway-stations-classification.pages.dev/
AKP,ANAKAPALLE,NSG3,https://railway-stations-classification.pages.dev/
ANND,Anand,NSG3,https://railway-stations-classification.pages.dev/
ATP,ANANTAPUR,NSG3,https://railway-stations-classification.pages.dev/
AKV,Ankleshwar,NSG3,https://railway-stations-classification.pages.dev/
AUBR,Anugrah Narayan Road,NSG3,https://railway-stations-classification.pages.dev/
APR,Anuppur,NSG3,https://railway-stations-classification.pages.dev/
ARA,Ara,NSG3,https://railway-stations-classification.pages.dev/
ASK,Arsikere,NSG3,https://railway-stations-classification.pages.dev/
ASV,Asarva,NSG3,https://railway-stations-classification.pages.dev/
AYC,AYODHYA CANTT,NSG3,https://railway-stations-classification.pages.dev/
AY,AYODHYA DHAM JN,NSG3,https://railway-stations-classification.pages.dev/
AMH,Azamgarh,NSG3,https://railway-stations-classification.pages.dev/
BPB,Badarpur Jn,NSG3,https://railway-stations-classification.pages.dev/
BD,Badnera,NSG3,https://railway-stations-classification.pages.dev/
BNZ,Badshahnagar,NSG3,https://railway-stations-classification.pages.dev/
BKP,Bakhtiyarpur Jn,NSG3,https://railway-stations-classification.pages.dev/
BLGR,BALANGIR,NSG3,https://railway-stations-classification.pages.dev/
BLS,Baleshwar,NSG3,https://railway-stations-classification.pages.dev/
BAY,BALLARI,NSG3,https://railway-stations-classification.pages.dev/
BPQ,Ballarshah,NSG3,https://railway-stations-classification.pages.dev/
BUI,Ballia,NSG3,https://railway-stations-classification.pages.dev/
BNDA,Banda Jn,NSG3,https://railway-stations-classification.pages.dev/
BKI,BANDIKUI,NSG3,https://railway-stations-classification.pages.dev/
BNC,BANGALORE CANTONMENT,NSG3,https://railway-stations-classification.pages.dev/
BWT,BANGARPET,NSG3,https://railway-stations-classification.pages.dev/
BMKI,Bapudham Motihari,NSG3,https://railway-stations-classification.pages.dev/
BBK,BARABANKI,NSG3,https://railway-stations-classification.pages.dev/
BJU,Barauni Jn,NSG3,https://railway-stations-classification.pages.dev/
BME,BARMER,NSG3,https://railway-stations-classification.pages.dev/
BOE,Barsoi,NSG3,https://railway-stations-classification.pages.dev/
BST,Basti,NSG3,https://railway-stations-classification.pages.dev/
BTI,BATHINDA JN,NSG3,https://railway-stations-classification.pages.dev/
BEAS,BEAS Jn,NSG3,https://railway-stations-classification.pages.dev/
BMT,BEGUMPET,NSG3,https://railway-stations-classification.pages.dev/
BGS,Begusarai,NSG3,https://railway-stations-classification.pages.dev/
BGM,BELAGAVI,NSG3,https://railway-stations-classification.pages.dev/
BPC,BERHAMPORE COURT,NSG3P,https://railway-stations-classification.pages.dev/
BTH,Bettiah,NSG3,https://railway-stations-classification.pages.dev/
BZU,Betul,NSG3,https://railway-stations-classification.pages.dev/
BOY,BHADOHI,NSG3,https://railway-stations-classification.pages.dev/
BHC,BHADRAK,NSG3,https://railway-stations-classification.pages.dev/
BGKT,BHAGAT-KI-KOTHI,NSG3,https://railway-stations-classification.pages.dev/
BTE,BHARATPUR,NSG3,https://railway-stations-classification.pages.dev/
BH,Bharuch,NSG3,https://railway-stations-classification.pages.dev/
BYT,Bhatapara,NSG3,https://railway-stations-classification.pages.dev/
BVC,Bhavnagar Terminus,NSG3,https://railway-stations-classification.pages.dev/
BHL,Bhilwara,NSG3,https://railway-stations-classification.pages.dev/
BVRT,BHIMAVARAM TOWN,NSG3,https://railway-stations-classification.pages.dev/
BNW,BHIWANI JN,NSG3,https://railway-stations-classification.pages.dev/
BHUJ,Bhuj,NSG3,https://railway-stations-classification.pages.dev/
BIDR,BIDAR,NSG3,https://railway-stations-classification.pages.dev/
BINA,BINA JN,NSG3,https://railway-stations-classification.pages.dev/
BKSC,Bokaro Steel City,NSG3,https://railway-stations-classification.pages.dev/
BHP,BOLPUR SHANTINIKETAN,NSG3,https://railway-stations-classification.pages.dev/
BXR,Buxar,NSG3,https://railway-stations-classification.pages.dev/
CKP,Chakradharpur,NSG3,https://railway-stations-classification.pages.dev/
CPH,Champa,NSG3,https://railway-stations-classification.pages.dev/
CD,Chandrapur,NSG3,https://railway-stations-classification.pages.dev/
CHZ,CHARLAPALLI,NSG3,https://railway-stations-classification.pages.dev/
CNGR,Chengannur,NSG3,https://railway-stations-classification.pages.dev/
CYI,Chhayapuri,NSG3,https://railway-stations-classification.pages.dev/
CLX,CHIRALA,NSG3,https://railway-stations-classification.pages.dev/
CKTD,Chitrakutdham Karwi,NSG3,https://railway-stations-classification.pages.dev/
COR,Chittorgarh,NSG3,https://railway-stations-classification.pages.dev/
CUR,CHURU,NSG3,https://railway-stations-classification.pages.dev/
HX,CUDDAPAH Jn,NSG3,https://railway-stations-classification.pages.dev/
CTC,CUTTACK,NSG3,https://railway-stations-classification.pages.dev/
DTO,Daltonganj,NSG3,https://railway-stations-classification.pages.dev/
DMO,DAMOH,NSG3,https://railway-stations-classification.pages.dev/
DD,Daund,NSG3,https://railway-stations-classification.pages.dev/
DVG,Davangere,NSG3,https://railway-stations-classification.pages.dev/
DOS,Dehri-On-Son,NSG3,https://railway-stations-classification.pages.dev/
DEC,DELHI CANTT,NSG3,https://railway-stations-classification.pages.dev/
DEOS,Deoria Sadar,NSG3,https://railway-stations-classification.pages.dev/
DWX,Dewas,NSG3,https://railway-stations-classification.pages.dev/
DMM,DHARMAVARAM Jn,NSG3,https://railway-stations-classification.pages.dev/
DWR,DHARWAD,NSG3,https://railway-stations-classification.pages.dev/
DBRG,Dibrugarh,NSG3,https://railway-stations-classification.pages.dev/
DMV,Dimapur,NSG3,https://railway-stations-classification.pages.dev/
DG,Dindigul jn,NSG3,https://railway-stations-classification.pages.dev/
DGR,DURGAPUR,NSG3,https://railway-stations-classification.pages.dev/
DWK,Dwarka,NSG3,https://railway-stations-classification.pages.dev/
EE,ELURU,NSG3,https://railway-stations-classification.pages.dev/
ETW,ETAWAH,NSG3,https://railway-stations-classification.pages.dev/
FA,Falna,NSG3,https://railway-stations-classification.pages.dev/
FDB,FARIDABAD,NSG3,https://railway-stations-classification.pages.dev/
FBD,Farrukhabad,NSG3,https://railway-stations-classification.pages.dev/
FTP,FATEHPUR,NSG3,https://railway-stations-classification.pages.dev/
FZR,FIROZPUR CANTT Jn,NSG3,https://railway-stations-classification.pages.dev/
GADJ,GANDHINAGAR,NSG3,https://railway-stations-classification.pages.dev/
GGC,GANGAPUR CITY,NSG3,https://railway-stations-classification.pages.dev/
GCT,Ghazipur City,NSG3,https://railway-stations-classification.pages.dev/
GTNR,Gomti nagar,NSG3,https://railway-stations-classification.pages.dev/
GD,Gonda Jn,NSG3,https://railway-stations-classification.pages.dev/
G,Gondia,NSG3,https://railway-stations-classification.pages.dev/
GDV,GUDIVADA,NSG3,https://railway-stations-classification.pages.dev/
GDR,GUDUR,NSG3,https://railway-stations-classification.pages.dev/
GI,Guduvancheri,NSG3P,https://railway-stations-classification.pages.dev/
GTL,GUNTAKAL Jn,NSG3,https://railway-stations-classification.pages.dev/
GGN,GURGAON,NSG3,https://railway-stations-classification.pages.dev/
HJP,Hajipur Jn,NSG3,https://railway-stations-classification.pages.dev/
HMH,HANUMANGARH JN,NSG3,https://railway-stations-classification.pages.dev/
HRI,HARDOI,NSG3,https://railway-stations-classification.pages.dev/
HIJ,Hijli,NSG3,https://railway-stations-classification.pages.dev/
HSR,HISAR JN,NSG3,https://railway-stations-classification.pages.dev/
HPT,HOSAPETE,NSG3,https://railway-stations-classification.pages.dev/
ET,ITARSI JN,NSG3,https://railway-stations-classification.pages.dev/
JSM,JAISALMER,NSG3,https://railway-stations-classification.pages.dev/
JJKR,JAJPUR KEONJHAR ROAD,NSG3,https://railway-stations-classification.pages.dev/
JRC,JALANDHAR CANTT Jn,NSG3,https://railway-stations-classification.pages.dev/
JL,Jalgaon,NSG3,https://railway-stations-classification.pages.dev/
J,JALNA,NSG3,https://railway-stations-classification.pages.dev/
JMP,JAMALPUR,NSG3,https://railway-stations-classification.pages.dev/
JAM,Jamnagar,NSG3,https://railway-stations-classification.pages.dev/
JNH,JANGHAI,NSG3,https://railway-stations-classification.pages.dev/
JNU,JAUNPUR,NSG3,https://railway-stations-classification.pages.dev/
JYG,Jaynagar,NSG3,https://railway-stations-classification.pages.dev/
JAJ,Jhajha,NSG3,https://railway-stations-classification.pages.dev/
JSG,Jharsuguda,NSG3,https://railway-stations-classification.pages.dev/
JBN,Jogbani,NSG3,https://railway-stations-classification.pages.dev/
JTJ,Jolarpettai,NSG3,https://railway-stations-classification.pages.dev/
JND,Junagarh,NSG3,https://railway-stations-classification.pages.dev/
CCT,KAKINADA TOWN,NSG3,https://railway-stations-classification.pages.dev/
KLK,KALKA,NSG3,https://railway-stations-classification.pages.dev/
CAPE,Kanniyakumari,NSG3,https://railway-stations-classification.pages.dev/
KUN,KARNAL,NSG3,https://railway-stations-classification.pages.dev/
KGQ,Kasargod,NSG3,https://railway-stations-classification.pages.dev/
KGM,Kathgodam,NSG3,https://railway-stations-classification.pages.dev/
KTE,KATNI JN,NSG3,https://railway-stations-classification.pages.dev/
KMZ,KATNI MURWARA,NSG3,https://railway-stations-classification.pages.dev/
KYJ,Kayankulam jn,NSG3,https://railway-stations-classification.pages.dev/
KZJ,KAZIPET,NSG3,https://railway-stations-classification.pages.dev/
KGI,KENGERI,NSG3,https://railway-stations-classification.pages.dev/
KGG,Khagaria Jn,NSG3,https://railway-stations-classification.pages.dev/
KURJ,Khajuraho,NSG3,https://railway-stations-classification.pages.dev/
KLD,Khalilabad,NSG3,https://railway-stations-classification.pages.dev/
KMT,KHAMMAM,NSG3,https://railway-stations-classification.pages.dev/
KNW,Khandwa,NSG3,https://railway-stations-classification.pages.dev/
KUR,KHURDA ROAD JN,NSG3,https://railway-stations-classification.pages.dev/
KNE,Kishanganj,NSG3,https://railway-stations-classification.pages.dev/
KSG,KISHANGARH,NSG3,https://railway-stations-classification.pages.dev/
KIUL,Kiul Jn,NSG3,https://railway-stations-classification.pages.dev/
KCVL,Kochuveli,NSG3,https://railway-stations-classification.pages.dev/
KQR,Koderma Jn,NSG3,https://railway-stations-classification.pages.dev/
KOP,Kolhapur,NSG3,https://railway-stations-classification.pages.dev/
KPG,Kopargaon,NSG3,https://railway-stations-classification.pages.dev/
KRBA,Korba,NSG3,https://railway-stations-classification.pages.dev/
KTYM,Kottayam,NSG3,https://railway-stations-classification.pages.dev/
CVP,Kovilpatti,NSG3,https://railway-stations-classification.pages.dev/
KJM,KRISHNARAJPURAM,NSG3,https://railway-stations-classification.pages.dev/
KMU,Kumbakonam,NSG3,https://railway-stations-classification.pages.dev/
KRNT,KURNOOL CITY,NSG3,https://railway-stations-classification.pages.dev/
KKDE,KURUKSHETRA JN,NSG3,https://railway-stations-classification.pages.dev/
LGH,LALGARH JN,NSG3,https://railway-stations-classification.pages.dev/
LAR,Lalitpur Jn,NSG3,https://railway-stations-classification.pages.dev/
LUR,LATUR,NSG3,https://railway-stations-classification.pages.dev/
LHU,LOHARU JN,NSG3,https://railway-stations-classification.pages.dev/
LNL,Lonavala,NSG3,https://railway-stations-classification.pages.dev/
MBDP,MAA BELHA DEVI DHAM PRATAPGARH JN,NSG3,https://railway-stations-classification.pages.dev/
MBI,Madhubani,NSG3,https://railway-stations-classification.pages.dev/
MDP,MADHUPUR,NSG3,https://railway-stations-classification.pages.dev/
MSH,Mahesana,NSG3,https://railway-stations-classification.pages.dev/
MBA,Mahoba Jn,NSG3,https://railway-stations-classification.pages.dev/
MYR,MAIHAR,NSG3,https://railway-stations-classification.pages.dev/
MBM,Mambalam,NSG3P,https://railway-stations-classification.pages.dev/
MCI,MANCHIRYAL,NSG3,https://railway-stations-classification.pages.dev/
MAJN,Mangalore jn,NSG3,https://railway-stations-classification.pages.dev/
MMR,Manmad,NSG3,https://railway-stations-classification.pages.dev/
MALM,MANTHRALAYAM ROAD,NSG3,https://railway-stations-classification.pages.dev/
MXN,Mariani,NSG3,https://railway-stations-classification.pages.dev/
MCTM,MARTYR CAPTAIN TUSHAR MAHAJAN,NSG3,https://railway-stations-classification.pages.dev/
MJ,Marwar Jn,NSG3,https://railway-stations-classification.pages.dev/
MV,Mayiladuthurai jn,NSG3,https://railway-stations-classification.pages.dev/
MTC,MEERUT CITYJN,NSG3,https://railway-stations-classification.pages.dev/
MRJ,Miraj,NSG3,https://railway-stations-classification.pages.dev/
MZP,MIRZAPUR,NSG3,https://railway-stations-classification.pages.dev/
MKA,Mokama,NSG3,https://railway-stations-classification.pages.dev/
MRA,Morena,NSG3,https://railway-stations-classification.pages.dev/
MOZ,MUZAFFARNAGAR,NSG3,https://railway-stations-classification.pages.dev/
ND,Nadiad,NSG3,https://railway-stations-classification.pages.dev/
NGT,Nagappattinam,NSG3,https://railway-stations-classification.pages.dev/
NSL,NAGARSOL,NSG3,https://railway-stations-classification.pages.dev/
NGO,NAGAUR,NSG3,https://railway-stations-classification.pages.dev/
NAD,Nagda,NSG3,https://railway-stations-classification.pages.dev/
NCJ,Nagercoil jn,NSG3,https://railway-stations-classification.pages.dev/
NHLN,Naharlagun,NSG3,https://railway-stations-classification.pages.dev/
NDB,Nandurbar,NSG3,https://railway-stations-classification.pages.dev/
NS,NARASAPUR,NSG3,https://railway-stations-classification.pages.dev/
NKE,Narkatiaganj,NSG3,https://railway-stations-classification.pages.dev/
NNA,Naugachia,NSG3,https://railway-stations-classification.pages.dev/
NVS,Navsari,NSG3,https://railway-stations-classification.pages.dev/
NLR,NELLORE,NSG3,https://railway-stations-classification.pages.dev/
NOQ,New Alipurduar,NSG3,https://railway-stations-classification.pages.dev/
NBQ,New Bongaigaon Jn,NSG3,https://railway-stations-classification.pages.dev/
NCB,New Coochbehar,NSG3,https://railway-stations-classification.pages.dev/
NFK,NEW FARAKKA,NSG3,https://railway-stations-classification.pages.dev/
NTSK,New Tinsukia,NSG3,https://railway-stations-classification.pages.dev/
NZB,NIZAMABAD,NSG3,https://railway-stations-classification.pages.dev/
ITR,Nsb itwari,NSG3,https://railway-stations-classification.pages.dev/
OGL,ONGOLE,NSG3,https://railway-stations-classification.pages.dev/
OTP,Ottappalam,NSG3,https://railway-stations-classification.pages.dev/
PNU,Palanpur,NSG3,https://railway-stations-classification.pages.dev/
PSA,PALASA,NSG3,https://railway-stations-classification.pages.dev/
PMY,PALI MARWAR,NSG3,https://railway-stations-classification.pages.dev/
PNP,PANIPAT JN,NSG3,https://railway-stations-classification.pages.dev/
PNME,Parashnath,NSG3,https://railway-stations-classification.pages.dev/
PBN,PARBHANI Jn,NSG3,https://railway-stations-classification.pages.dev/
PTKC,PATHANKOT CANTT,NSG3,https://railway-stations-classification.pages.dev/
PAY,Payyannur,NSG3,https://railway-stations-classification.pages.dev/
PER,Perambur,NSG3,https://railway-stations-classification.pages.dev/
PGW,PHAGWARA Jn,NSG3,https://railway-stations-classification.pages.dev/
FL,PHULERA,NSG3,https://railway-stations-classification.pages.dev/
PGK,PILI BANGAN,NSG3,https://railway-stations-classification.pages.dev/
PPI,PIPARIYA,NSG3,https://railway-stations-classification.pages.dev/
PYGS,PRAYAGRAJ SANGAM,NSG3,https://railway-stations-classification.pages.dev/
PRR,Purulia,NSG3,https://railway-stations-classification.pages.dev/
QLD,Quilandi,NSG3,https://railway-stations-classification.pages.dev/
RBL,RAE-BARELI JN,NSG3,https://railway-stations-classification.pages.dev/
RC,RAICHUR,NSG3,https://railway-stations-classification.pages.dev/
RIG,Raigarh,NSG3,https://railway-stations-classification.pages.dev/
RJN,Rajnandgaon,NSG3,https://railway-stations-classification.pages.dev/
RMD,Ramanathapuram,NSG3,https://railway-stations-classification.pages.dev/
RMM,Rameswaram,NSG3,https://railway-stations-classification.pages.dev/
RMU,RAMPUR,NSG3,https://railway-stations-classification.pages.dev/
RPH,RAMPUR HAT,NSG3,https://railway-stations-classification.pages.dev/
RNY,Rangiya Jn,NSG3,https://railway-stations-classification.pages.dev/
RXL,Raxaul,NSG3,https://railway-stations-classification.pages.dev/
RGDA,RAYAGADA,NSG3,https://railway-stations-classification.pages.dev/
REWA,REWA,NSG3,https://railway-stations-classification.pages.dev/
RE,REWARI,NSG3,https://railway-stations-classification.pages.dev/
RGS,RINGUS,NSG3,https://railway-stations-classification.pages.dev/
ROK,ROHTAK JN,NSG3,https://railway-stations-classification.pages.dev/
RK,ROORKEE,NSG3,https://railway-stations-classification.pages.dev/
SRE,SAHARANPUR JN,NSG3,https://railway-stations-classification.pages.dev/
SHC,Saharsa,NSG3,https://railway-stations-classification.pages.dev/
SNSI,Sainagar Shirdih,NSG3,https://railway-stations-classification.pages.dev/
SKI,Sakri,NSG3,https://railway-stations-classification.pages.dev/
SLO,SAMALKOT,NSG3,https://railway-stations-classification.pages.dev/
SBP,SAMBALPUR,NSG3,https://railway-stations-classification.pages.dev/
SSM,Sasaram,NSG3,https://railway-stations-classification.pages.dev/
SGO,SAUGOR,NSG3,https://railway-stations-classification.pages.dev/
SWM,SAWAI MADHOPUR JN,NSG3,https://railway-stations-classification.pages.dev/
SHG,SHAHGANJ,NSG3,https://railway-stations-classification.pages.dev/
SPN,SHAHJAHANPUR JN,NSG3,https://railway-stations-classification.pages.dev/
SEG,Shegaon,NSG3,https://railway-stations-classification.pages.dev/
SHRN,SHIRDARAMNAGAR,NSG3,https://railway-stations-classification.pages.dev/
SMET,Shivamogga Town,NSG3,https://railway-stations-classification.pages.dev/
SRR,Shoranur jn,NSG3,https://railway-stations-classification.pages.dev/
SGNR,SHRI GANGANAGAR,NSG3,https://railway-stations-classification.pages.dev/
SDDN,Sidhharh Nagar,NSG3,https://railway-stations-classification.pages.dev/
SIKR,SIKAR,NSG3,https://railway-stations-classification.pages.dev/
SCL,Silchar,NSG3,https://railway-stations-classification.pages.dev/
SGUJ,Siliguri Jn,NSG3,https://railway-stations-classification.pages.dev/
SMI,Sitamarhi,NSG3,https://railway-stations-classification.pages.dev/
SV,Siwan Jn,NSG3,https://railway-stations-classification.pages.dev/
SNP,SONIPAT,NSG3P,https://railway-stations-classification.pages.dev/
KHT,SRI KALAHASTI,NSG3,https://railway-stations-classification.pages.dev/
CHE,SRIKAKULAM,NSG3,https://railway-stations-classification.pages.dev/
SFG,SUBEDAR GANJ,NSG3,https://railway-stations-classification.pages.dev/
SLN,SULTANPUR,NSG3,https://railway-stations-classification.pages.dev/
SOG,SURATGARH JN,NSG3,https://railway-stations-classification.pages.dev/
SUNR,Surendranagar,NSG3,https://railway-stations-classification.pages.dev/
TDD,TADEPALLIGUDEM,NSG3,https://railway-stations-classification.pages.dev/
TEL,TENALI,NSG3,https://railway-stations-classification.pages.dev/
TSI,Tenkasi jn,NSG3,https://railway-stations-classification.pages.dev/
TLY,Thalassery,NSG3,https://railway-stations-classification.pages.dev/
TJ,Thanjavur jn,NSG3,https://railway-stations-classification.pages.dev/
TUP,Tiruppur,NSG3,https://railway-stations-classification.pages.dev/
TIR,Tirur,NSG3,https://railway-stations-classification.pages.dev/
TRVL,Tiruvalla,NSG3,https://railway-stations-classification.pages.dev/
TIG,TITLAGARH,NSG3,https://railway-stations-classification.pages.dev/
TDL,TUNDLA JN,NSG3,https://railway-stations-classification.pages.dev/
TUNI,TUNI,NSG3,https://railway-stations-classification.pages.dev/
TN,Tuticorin,NSG3,https://railway-stations-classification.pages.dev/
UDN,Udhana,NSG3,https://railway-stations-classification.pages.dev/
ON,UNNAO,NSG3,https://railway-stations-classification.pages.dev/
USL,Uslapur,NSG3,https://railway-stations-classification.pages.dev/
BDJ,Vadakara,NSG3,https://railway-stations-classification.pages.dev/
BL,Valsad,NSG3,https://railway-stations-classification.pages.dev/
BCY,Varanasi City,NSG3,https://railway-stations-classification.pages.dev/
VAK,Varkalashivagiri,NSG3,https://railway-stations-classification.pages.dev/
VSG,VASCO-DA-GAMA,NSG3,https://railway-stations-classification.pages.dev/
VRL,Veraval,NSG3,https://railway-stations-classification.pages.dev/
BHS,VIDISHA,NSG3,https://railway-stations-classification.pages.dev/
BJP,VIJAYAPURA,NSG3,https://railway-stations-classification.pages.dev/
VM,Villupuram jn,NSG3,https://railway-stations-classification.pages.dev/
VG,Viramgam,NSG3,https://railway-stations-classification.pages.dev/
VPT,Virudhunagar jn,NSG3,https://railway-stations-classification.pages.dev/
VZM,VIZIANAGARAM,NSG3,https://railway-stations-classification.pages.dev/
WL,WARANGAL,NSG3,https://railway-stations-classification.pages.dev/
WR,Wardha,NSG3,https://railway-stations-classification.pages.dev/
YG,YADGIR,NSG3,https://railway-stations-classification.pages.dev/
YJUD,YAMUNANAGAR JUD,NSG3,https://railway-stations-classification.pages.dev/
YNK,YELAHANKA,NSG3,https://railway-stations-classification.pages.dev/
YNRK,YOG N RISHIKESH,NSG3,https://railway-stations-classification.pages.dev/
ABS,ABOHAR,NSG4,https://railway-stations-classification.pages.dev/
ADB,ADILABAD,NSG4,https://railway-stations-classification.pages.dev/
AD,ADONI,NSG4,https://railway-stations-classification.pages.dev/
ADRA,Adra,NSG4,https://railway-stations-classification.pages.dev/
AJNI,Ajni,NSG4,https://railway-stations-classification.pages.dev/
AKT,Akaltara,NSG4,https://railway-stations-classification.pages.dev/
AN,Amalner,NSG4,https://railway-stations-classification.pages.dev/
ANLG,Aman Lodge,NSG4P,https://railway-stations-classification.pages.dev/
AADR,AMB ANDAURA,NSG4,https://railway-stations-classification.pages.dev/
ABKP,Ambikapur,NSG4,https://railway-stations-classification.pages.dev/
AB,Ambur,NSG4,https://railway-stations-classification.pages.dev/
AME,AMETHI,NSG4,https://railway-stations-classification.pages.dev/
ANDN,Anand nagar Jn,NSG4,https://railway-stations-classification.pages.dev/
AFK,Angamali for kaladi,NSG4,https://railway-stations-classification.pages.dev/
ANGL,ANGUL,NSG4,https://railway-stations-classification.pages.dev/
ANV,ANNAVARAM,NSG4,https://railway-stations-classification.pages.dev/
ARK,ARAKU,NSG4,https://railway-stations-classification.pages.dev/
ARQ,Arraria Court,NSG4,https://railway-stations-classification.pages.dev/
ATE,Atarra,NSG4,https://railway-stations-classification.pages.dev/
ARJ,Aunrihar Jn,NSG4,https://railway-stations-classification.pages.dev/
BV,Babhnan,NSG4,https://railway-stations-classification.pages.dev/
BUG,Bagaha,NSG4,https://railway-stations-classification.pages.dev/
BGK,BAGALKOT,NSG4,https://railway-stations-classification.pages.dev/
BGZ,BAHADURGARH,NSG4,https://railway-stations-classification.pages.dev/
BLT,BALOTRA JN,NSG4,https://railway-stations-classification.pages.dev/
BALU,BALUGAON,NSG4,https://railway-stations-classification.pages.dev/
BLGT,Balurghat,NSG4,https://railway-stations-classification.pages.dev/
BQA,Bankura,NSG4,https://railway-stations-classification.pages.dev/
BNKI,Banmankhi,NSG4,https://railway-stations-classification.pages.dev/
BPP,BAPATLA,NSG4,https://railway-stations-classification.pages.dev/
BC,Bareilly city,NSG4,https://railway-stations-classification.pages.dev/
BRGA,BARGARH ROAD,NSG4,https://railway-stations-classification.pages.dev/
BARH,Barh,NSG4,https://railway-stations-classification.pages.dev/
BHW,BARHARWA,NSG4,https://railway-stations-classification.pages.dev/
BNY,Barhni,NSG4,https://railway-stations-classification.pages.dev/
BPO,Baripada,NSG4,https://railway-stations-classification.pages.dev/
BRKA,Barkakana Jn,NSG4,https://railway-stations-classification.pages.dev/
BPRD,Barpeta Road,NSG4,https://railway-stations-classification.pages.dev/
BSX,BASAR,NSG4,https://railway-stations-classification.pages.dev/
BER,Beawar,NSG4,https://railway-stations-classification.pages.dev/
BHRJ,Bechraji,NSG4,https://railway-stations-classification.pages.dev/
BFR,Bekal Fort (FLAG),NSG4,https://railway-stations-classification.pages.dev/
BEB,BELDANGA,NSG4P,https://railway-stations-classification.pages.dev/
BLTR,Belthara Road,NSG4,https://railway-stations-classification.pages.dev/
BTQ,Betnoti,NSG4,https://railway-stations-classification.pages.dev/
BBU,Bhabua Road,NSG4,https://railway-stations-classification.pages.dev/
BDCR,BHADRACHALAM ROAD,NSG4,https://railway-stations-classification.pages.dev/
BRD,Bhandara road,NSG4,https://railway-stations-classification.pages.dev/
BTT,Bhatni Jn,NSG4,https://railway-stations-classification.pages.dev/
BWM,BHAWANI MANDI,NSG4,https://railway-stations-classification.pages.dev/
BHET,Bhestan,NSG4,https://railway-stations-classification.pages.dev/
BPHB,Bhilai Power House,NSG4,https://railway-stations-classification.pages.dev/
BVRM,BHIMAVARAM Jn,NSG4,https://railway-stations-classification.pages.dev/
BIRD,Bhiwandi Road,NSG4P,https://railway-stations-classification.pages.dev/
BIM,Billimora,NSG4P,https://railway-stations-classification.pages.dev/
RRB,Birur,NSG4,https://railway-stations-classification.pages.dev/
VSU,Bishnupur,NSG4,https://railway-stations-classification.pages.dev/
VBL,BOBBILI,NSG4,https://railway-stations-classification.pages.dev/
BTD,Botad,NSG4,https://railway-stations-classification.pages.dev/
BUDI,BUNDI,NSG4,https://railway-stations-classification.pages.dev/
BAU,Burhanpur,NSG4,https://railway-stations-classification.pages.dev/
BUW,Burhwal Jn,NSG4,https://railway-stations-classification.pages.dev/
CAA,Chakia,NSG4,https://railway-stations-classification.pages.dev/
CSN,Chalisgaon,NSG4,https://railway-stations-classification.pages.dev/
CAF,Chanda fort,NSG4,https://railway-stations-classification.pages.dev/
CH,CHANDAUSI JN,NSG4,https://railway-stations-classification.pages.dev/
CRP,Chandrapura Jn,NSG4,https://railway-stations-classification.pages.dev/
CGY,Changanacheri,NSG4,https://railway-stations-classification.pages.dev/
CBD,Changrabandha,NSG4,https://railway-stations-classification.pages.dev/
CPK,Chaparmukh Jn,NSG4,https://railway-stations-classification.pages.dev/
CAP,CHATRAPUR,NSG4,https://railway-stations-classification.pages.dev/
SRTL,Cherthala,NSG4,https://railway-stations-classification.pages.dev/
CWA,Chhindwara,NSG4,https://railway-stations-classification.pages.dev/
CDM,Chidambaram,NSG4,https://railway-stations-classification.pages.dev/
CTO,CHITTOOR,NSG4,https://railway-stations-classification.pages.dev/
ONR,Coonoor,NSG4,https://railway-stations-classification.pages.dev/
DBA,Dabra,NSG4,https://railway-stations-classification.pages.dev/
DER,DADRI,NSG4,https://railway-stations-classification.pages.dev/
DHD,Dahod,NSG4,https://railway-stations-classification.pages.dev/
DKNT,DAKANIYA TALAV,NSG4,https://railway-stations-classification.pages.dev/
DSS,Dalsinghsarai,NSG4,https://railway-stations-classification.pages.dev/
DJ,Darjeeling,NSG4,https://railway-stations-classification.pages.dev/
DAA,Datia,NSG4,https://railway-stations-classification.pages.dev/
DO,DAUSA,NSG4,https://railway-stations-classification.pages.dev/
DNA,DEGANA JN,NSG4,https://railway-stations-classification.pages.dev/
DSJ,DELHI SAFDARJUNG,NSG4,https://railway-stations-classification.pages.dev/
DSA,DELHI SHAHDRA,NSG4,https://railway-stations-classification.pages.dev/
DDL,DHANDARI KALAN,NSG4,https://railway-stations-classification.pages.dev/
DMR,Dharmanagar,NSG4,https://railway-stations-classification.pages.dev/
DHO,Dhaulpur,NSG4,https://railway-stations-classification.pages.dev/
DMC,Dhemaji,NSG4,https://railway-stations-classification.pages.dev/
DBB,Dhubri,NSG4,https://railway-stations-classification.pages.dev/
DQG,Dhupguri,NSG4,https://railway-stations-classification.pages.dev/
DGHA,Digha,NSG4,https://railway-stations-classification.pages.dev/
DLN,Dildarnagar Jn,NSG4,https://railway-stations-classification.pages.dev/
DGG,Dongargarh,NSG4,https://railway-stations-classification.pages.dev/
DADN,Dr Ambedkar Nagar,NSG4,https://railway-stations-classification.pages.dev/
DDA,Duraundha Jn,NSG4,https://railway-stations-classification.pages.dev/
DPA,DURGAPURA,NSG4,https://railway-stations-classification.pages.dev/
EKNR,Ekta Nagar,NSG4,https://railway-stations-classification.pages.dev/
FK,Ferok,NSG4,https://railway-stations-classification.pages.dev/
FZD,FIROZABAD,NSG4,https://railway-stations-classification.pages.dev/
FKG,Furkating,NSG4,https://railway-stations-classification.pages.dev/
GDG,GADAG,NSG4,https://railway-stations-classification.pages.dev/
GAR,GADARWARA,NSG4,https://railway-stations-classification.pages.dev/
GNU,GANAUR,NSG4P,https://railway-stations-classification.pages.dev/
GNC,Gandhinagar,NSG4,https://railway-stations-classification.pages.dev/
BAQ,GANJ BASODA,NSG4,https://railway-stations-classification.pages.dev/
GHD,Garhwa Road Jn,NSG4,https://railway-stations-classification.pages.dev/
GTS,Ghatsila,NSG4,https://railway-stations-classification.pages.dev/
GDA,Godhara,NSG4,https://railway-stations-classification.pages.dev/
GMO,Gomoh,NSG4,https://railway-stations-classification.pages.dev/
GY,GOOTYJn,NSG4,https://railway-stations-classification.pages.dev/
GUNA,GUNA,NSG4,https://railway-stations-classification.pages.dev/
GUV,Guruvayur,NSG4,https://railway-stations-classification.pages.dev/
GYN,Gyanpur Road,NSG4,https://railway-stations-classification.pages.dev/
HDW,Haldwani,NSG4,https://railway-stations-classification.pages.dev/
HAPA,Hapa,NSG4,https://railway-stations-classification.pages.dev/
HPU,HAPUR JN,NSG4,https://railway-stations-classification.pages.dev/
HD,HARDA,NSG4,https://railway-stations-classification.pages.dev/
HMY,Harmuti,NSG4,https://railway-stations-classification.pages.dev/
HAS,Hassan,NSG4,https://railway-stations-classification.pages.dev/
HTZ,Hathidah Jn,NSG4,https://railway-stations-classification.pages.dev/
HVR,Haveri,NSG4,https://railway-stations-classification.pages.dev/
HZD,Hazaribagh Road,NSG4,https://railway-stations-classification.pages.dev/
HAN,HINDAUN CITY,NSG4,https://railway-stations-classification.pages.dev/
HUP,HINDUPUR,NSG4,https://railway-stations-classification.pages.dev/
HJI,Hojai,NSG4,https://railway-stations-classification.pages.dev/
HSRA,HOSUR,NSG4,https://railway-stations-classification.pages.dev/
IPM,ICHCHAPURAM,NSG4,https://railway-stations-classification.pages.dev/
IDH,IDGAH,NSG4,https://railway-stations-classification.pages.dev/
JDB,JAGDALPUR,NSG4,https://railway-stations-classification.pages.dev/
JER,Jaleswar,NSG4,https://railway-stations-classification.pages.dev/
JOR,JALOR,NSG4,https://railway-stations-classification.pages.dev/
JPE,Jalpaiguri Road,NSG4,https://railway-stations-classification.pages.dev/
JMU,Jamui,NSG4,https://railway-stations-classification.pages.dev/
JPL,Japla,NSG4,https://railway-stations-classification.pages.dev/
JOP,JAUNPUR CITY,NSG4,https://railway-stations-classification.pages.dev/
JMKR,JAWALAMUKHI ROAD,NSG4,https://railway-stations-classification.pages.dev/
JHD,Jehanabad,NSG4P,https://railway-stations-classification.pages.dev/
JI,Jhusi,NSG4,https://railway-stations-classification.pages.dev/
JIND,JIND JN,NSG4,https://railway-stations-classification.pages.dev/
JTTN,Jorhat Town,NSG4,https://railway-stations-classification.pages.dev/
DRU,Kadur,NSG4,https://railway-stations-classification.pages.dev/
COA,KAKINADA PORT,NSG4,https://railway-stations-classification.pages.dev/
KMC,KAMAREDDI,NSG4,https://railway-stations-classification.pages.dev/
KP,Kamptee,NSG4,https://railway-stations-classification.pages.dev/
CJ,Kanchipuram,NSG4,https://railway-stations-classification.pages.dev/
KZE,Kanhangad,NSG4,https://railway-stations-classification.pages.dev/
KJN,Kannauj,NSG4,https://railway-stations-classification.pages.dev/
CPA,Kanpur Anwarganj,NSG4,https://railway-stations-classification.pages.dev/
KBJ,KANTABANJI,NSG4,https://railway-stations-classification.pages.dev/
KKDI,Karaikkudi jn,NSG4,https://railway-stations-classification.pages.dev/
KXJ,Karimganjjn,NSG4,https://railway-stations-classification.pages.dev/
CRLM,KARMELARAM,NSG4,https://railway-stations-classification.pages.dev/
KPY,Karunagapalli,NSG4P,https://railway-stations-classification.pages.dev/
KRR,Karur jn,NSG4,https://railway-stations-classification.pages.dev/
KSJ,Kasganj Jn,NSG4,https://railway-stations-classification.pages.dev/
KPV,Kashipur,NSG4,https://railway-stations-classification.pages.dev/
KTHU,KATHUA,NSG4,https://railway-stations-classification.pages.dev/
KTES,KATNI SOUTH,NSG4,https://railway-stations-classification.pages.dev/
KVZ,KAVALI,NSG4,https://railway-stations-classification.pages.dev/
KSNG,KESINGA,NSG4,https://railway-stations-classification.pages.dev/
KGLE,KHAGRAGHAT ROAD,NSG4,https://railway-stations-classification.pages.dev/
KRND,Khorasan Road,NSG4,https://railway-stations-classification.pages.dev/
KRJ,KHURJA JN,NSG4,https://railway-stations-classification.pages.dev/
KOJ,Kokrajhar,NSG4,https://railway-stations-classification.pages.dev/
KBL,KOPPAL,NSG4,https://railway-stations-classification.pages.dev/
KRPU,KORAPUT,NSG4,https://railway-stations-classification.pages.dev/
KSV,KOSI KALAN,NSG4,https://railway-stations-classification.pages.dev/
KTQ,Kudra,NSG4,https://railway-stations-classification.pages.dev/
KZT,Kulitturai,NSG4,https://railway-stations-classification.pages.dev/
KWV,KURDUWADI,NSG4,https://railway-stations-classification.pages.dev/
KTU,Kuttipuram,NSG4,https://railway-stations-classification.pages.dev/
LKU,Lalkuan,NSG4,https://railway-stations-classification.pages.dev/
LD,LONDA,NSG4,https://railway-stations-classification.pages.dev/
LKR,Luckeesarai Jn,NSG4,https://railway-stations-classification.pages.dev/
LMG,Lumding Jn,NSG4,https://railway-stations-classification.pages.dev/
MTM,MACHILIPATNAM,NSG4,https://railway-stations-classification.pages.dev/
MML,MADAN MAHAL,NSG4,https://railway-stations-classification.pages.dev/
MBNR,MAHABUBNAGAR,NSG4,https://railway-stations-classification.pages.dev/
MSMD,MAHASAMUND,NSG4,https://railway-stations-classification.pages.dev/
MABD,MAHBUBABAD,NSG4,https://railway-stations-classification.pages.dev/
MAHE,Mahe,NSG4,https://railway-stations-classification.pages.dev/
MKN,MAKRANA JN,NSG4,https://railway-stations-classification.pages.dev/
MKU,Malkapur,NSG4,https://railway-stations-classification.pages.dev/
MDS,Mandsaur,NSG4,https://railway-stations-classification.pages.dev/
MYA,MANDYA,NSG4,https://railway-stations-classification.pages.dev/
MAG,MANGALAGIRI,NSG4,https://railway-stations-classification.pages.dev/
MKP,Manikpur,NSG4,https://railway-stations-classification.pages.dev/
MAN,Maninagar,NSG4,https://railway-stations-classification.pages.dev/
MUR,Mankapur jn,NSG4,https://railway-stations-classification.pages.dev/
MQ,Mannargudi,NSG4,https://railway-stations-classification.pages.dev/
MNE,Mansi Jn,NSG4,https://railway-stations-classification.pages.dev/
MRK,MARKAPURAM ROAD,NSG4,https://railway-stations-classification.pages.dev/
MBNL,MARWAR BHINMAL,NSG4,https://railway-stations-classification.pages.dev/
MAE,Matheran,NSG4P,https://railway-stations-classification.pages.dev/
MVJ,Mavli,NSG4,https://railway-stations-classification.pages.dev/
MCSC,MCS Chhatarpur,NSG4,https://railway-stations-classification.pages.dev/
MDN,Medinipur,NSG4,https://railway-stations-classification.pages.dev/
MLMR,Melmaruvathur,NSG4,https://railway-stations-classification.pages.dev/
MNDP,Mendipathar,NSG4,https://railway-stations-classification.pages.dev/
MTD,MERTA ROAD JN,NSG4,https://railway-stations-classification.pages.dev/
MTP,Mettupalaiyam,NSG4,https://railway-stations-classification.pages.dev/
MDNR,MODINAGAR,NSG4P,https://railway-stations-classification.pages.dev/
MURI,Muri,NSG4,https://railway-stations-classification.pages.dev/
MBB,MURSHIDABAD,NSG4P,https://railway-stations-classification.pages.dev/
NBD,NAJIBABAD JN,NSG4,https://railway-stations-classification.pages.dev/
NLDA,NALGONDA,NSG4,https://railway-stations-classification.pages.dev/
NDL,NANDYAL,NSG4,https://railway-stations-classification.pages.dev/
NNO,NANGLOI,NSG4P,https://railway-stations-classification.pages.dev/
NUR,NARELA,NSG4P,https://railway-stations-classification.pages.dev/
NDPM,NARMADAPURAM,NSG4,https://railway-stations-classification.pages.dev/
NU,NARSINGHPUR,NSG4,https://railway-stations-classification.pages.dev/
NHLG,New Haflong,NSG4,https://railway-stations-classification.pages.dev/
NDD,NIDADAVOLU Jn,NSG4,https://railway-stations-classification.pages.dev/
NHH,NIHALGARH,NSG4,https://railway-stations-classification.pages.dev/
NMH,Nimach,NSG4,https://railway-stations-classification.pages.dev/
NSZ,NISHATPURA,NSG4,https://railway-stations-classification.pages.dev/
NOK,NOKHA,NSG4,https://railway-stations-classification.pages.dev/
NOLI,NOLI,NSG4P,https://railway-stations-classification.pages.dev/
OKHA,Okha,NSG4,https://railway-stations-classification.pages.dev/
ORAI,Orai,NSG4,https://railway-stations-classification.pages.dev/
PKR,PAKUR,NSG4,https://railway-stations-classification.pages.dev/
PKO,PALAKOLLU,NSG4,https://railway-stations-classification.pages.dev/
PLMX,PALAMPUR HIMACHAL,NSG4,https://railway-stations-classification.pages.dev/
PLNI,Palani,NSG4,https://railway-stations-classification.pages.dev/
PLJ,Palej,NSG4P,https://railway-stations-classification.pages.dev/
PIT,Palitana,NSG4,https://railway-stations-classification.pages.dev/
PWL,PALWAL,NSG4P,https://railway-stations-classification.pages.dev/
PVR,PANDHARPUR,NSG4,https://railway-stations-classification.pages.dev/
PMK,Paramakkudi,NSG4,https://railway-stations-classification.pages.dev/
PRLI,PARLI VAIJNATH,NSG4,https://railway-stations-classification.pages.dev/
PTN,Patan,NSG4,https://railway-stations-classification.pages.dev/
PTK,PATHANKOT Jn,NSG4,https://railway-stations-classification.pages.dev/
PTA,PATIALA,NSG4,https://railway-stations-classification.pages.dev/
PNC,Patna Saheb,NSG4,https://railway-stations-classification.pages.dev/
PDPL,PEDDAPALLI Jn,NSG4,https://railway-stations-classification.pages.dev/
PND,Pendra Road,NSG4,https://railway-stations-classification.pages.dev/
PRGL,Perungalathur (FLAG),NSG4P,https://railway-stations-classification.pages.dev/
PHD,Phaphund,NSG4,https://railway-stations-classification.pages.dev/
PHR,PHILLAUR Jn,NSG4,https://railway-stations-classification.pages.dev/
PBE,Pilibhit,NSG4P,https://railway-stations-classification.pages.dev/
PAP,PITHAPURAM,NSG4,https://railway-stations-classification.pages.dev/
PTJ,Podanur jn,NSG4,https://railway-stations-classification.pages.dev/
PBR,Porbandar,NSG4,https://railway-stations-classification.pages.dev/
PRG,PRAYAG,NSG4,https://railway-stations-classification.pages.dev/
PRRB,Prayagraj Rambag,NSG4,https://railway-stations-classification.pages.dev/
PDY,Puducherry,NSG4,https://railway-stations-classification.pages.dev/
PAU,PURNA Jn,NSG4,https://railway-stations-classification.pages.dev/
RGJ,Raiganj,NSG4,https://railway-stations-classification.pages.dev/
RKM,RAJA-KI-MANDI,NSG4,https://railway-stations-classification.pages.dev/
RJPM,Rajapalayam,NSG4,https://railway-stations-classification.pages.dev/
RGD,Rajgir,NSG4,https://railway-stations-classification.pages.dev/
RPJ,RAJPURA JN,NSG4,https://railway-stations-classification.pages.dev/
RDM,RAMAGUNDAM,NSG4,https://railway-stations-classification.pages.dev/
RMGM,RAMANAGARAM,NSG4P,https://railway-stations-classification.pages.dev/
RDRA,RAMDEVRA,NSG4,https://railway-stations-classification.pages.dev/
RMA,RAMGANJ MANDI,NSG4,https://railway-stations-classification.pages.dev/
RTK,Ramtek,NSG4,https://railway-stations-classification.pages.dev/
RPAN,Rangapara North,NSG4,https://railway-stations-classification.pages.dev/
RNG,RANIGANJ,NSG4,https://railway-stations-classification.pages.dev/
RTGH,RATANAGARH JN,NSG4,https://railway-stations-classification.pages.dev/
RNQ,Renukut,NSG4,https://railway-stations-classification.pages.dev/
RKSH,RISHIKESH,NSG4,https://railway-stations-classification.pages.dev/
RUPC,Rudrapur city,NSG4,https://railway-stations-classification.pages.dev/
SDLP,SADULPUR JN,NSG4,https://railway-stations-classification.pages.dev/
SGL,Sagauli,NSG4,https://railway-stations-classification.pages.dev/
SBB,SAHIBABAD,NSG4P,https://railway-stations-classification.pages.dev/
SBG,SAHIBGANJ,NSG4,https://railway-stations-classification.pages.dev/
SIOB,Samakhayali,NSG4,https://railway-stations-classification.pages.dev/
SM,Samsi,NSG4,https://railway-stations-classification.pages.dev/
SCI,SANCHI,NSG4,https://railway-stations-classification.pages.dev/
SLI,Sangli,NSG4,https://railway-stations-classification.pages.dev/
STR,Satara,NSG4,https://railway-stations-classification.pages.dev/
SSPN,SATHYA SAI PRASANTI NILAYAM,NSG4,https://railway-stations-classification.pages.dev/
SAP,SATTENAPALLE,NSG4,https://railway-stations-classification.pages.dev/
SRT,Sattur,NSG4,https://railway-stations-classification.pages.dev/
SEM,SEDAM,NSG4,https://railway-stations-classification.pages.dev/
SEH,Sehore,NSG4,https://railway-stations-classification.pages.dev/
SEGM,Sewagram,NSG4,https://railway-stations-classification.pages.dev/
SDL,Shahdol,NSG4,https://railway-stations-classification.pages.dev/
SSB,SHAKUR BASTI,NSG4,https://railway-stations-classification.pages.dev/
SVPI,SHIVPURI,NSG4,https://railway-stations-classification.pages.dev/
SID,Siddhpur,NSG4,https://railway-stations-classification.pages.dev/
SLGR,Simaluguri,NSG4,https://railway-stations-classification.pages.dev/
SCM,SIMHACHALAM,NSG4,https://railway-stations-classification.pages.dev/
SKL,Singaperumalkoil,NSG4P,https://railway-stations-classification.pages.dev/
SKM,SINGARAYAKONDA,NSG4,https://railway-stations-classification.pages.dev/
SGRL,Singrauli,NSG4,https://railway-stations-classification.pages.dev/
SIR,SIRHIND JN,NSG4,https://railway-stations-classification.pages.dev/
SKZR,SIRPUR KAGAZNAGAR,NSG4,https://railway-stations-classification.pages.dev/
SSA,SIRSA,NSG4,https://railway-stations-classification.pages.dev/
STP,Sitapur,NSG4,https://railway-stations-classification.pages.dev/
SGAC,SOGARIA,NSG4,https://railway-stations-classification.pages.dev/
SMNH,Somnath,NSG4,https://railway-stations-classification.pages.dev/
SGD,Songadh,NSG4,https://railway-stations-classification.pages.dev/
SEE,Sonpur,NSG4,https://railway-stations-classification.pages.dev/
SINA,SRINAGAR,NSG4,https://railway-stations-classification.pages.dev/
S,Srirangapatna,NSG4,https://railway-stations-classification.pages.dev/
SBHR,SubramanyaRoad,NSG4,https://railway-stations-classification.pages.dev/
SZM,SUBZI MANDI,NSG4,https://railway-stations-classification.pages.dev/
SUJH,SUJANGARH,NSG4,https://railway-stations-classification.pages.dev/
SPE,Sullurupeta,NSG4,https://railway-stations-classification.pages.dev/
SGG,SULTANGANJ,NSG4,https://railway-stations-classification.pages.dev/
SIP,Suraimanpur,NSG4,https://railway-stations-classification.pages.dev/
TU,TADIPATRI,NSG4,https://railway-stations-classification.pages.dev/
TDU,TANDUR,NSG4,https://railway-stations-classification.pages.dev/
TNKU,TANUKU,NSG4,https://railway-stations-classification.pages.dev/
TEA,Taregna,NSG4P,https://railway-stations-classification.pages.dev/
TLD,Tilda-Neora,NSG4,https://railway-stations-classification.pages.dev/
TSK,Tinsukia,NSG4,https://railway-stations-classification.pages.dev/
TCN,Tiruchendur,NSG4,https://railway-stations-classification.pages.dev/
TRT,Tiruttani,NSG4P,https://railway-stations-classification.pages.dev/
TNM,Tiruvannamalai,NSG4,https://railway-stations-classification.pages.dev/
TVR,Tiruvarur jn,NSG4,https://railway-stations-classification.pages.dev/
TRTR,Tripunittura,NSG4,https://railway-stations-classification.pages.dev/
TLR,Tulsipur,NSG4,https://railway-stations-classification.pages.dev/
TK,TUMAKURU,NSG4,https://railway-stations-classification.pages.dev/
UAM,Udagamandalam,NSG4,https://railway-stations-classification.pages.dev/
UDGR,UDGIR,NSG4,https://railway-stations-classification.pages.dev/
ULL,Ullal,NSG4,https://railway-stations-classification.pages.dev/
UMR,Umaria,NSG4,https://railway-stations-classification.pages.dev/
UHL,UNA HIMACHAL,NSG4,https://railway-stations-classification.pages.dev/
UJA,Unja,NSG4,https://railway-stations-classification.pages.dev/
VLY,Valliyur,NSG4,https://railway-stations-classification.pages.dev/
VDR,Vandalur,NSG4P,https://railway-stations-classification.pages.dev/
VKB,VIKARABAD Jn,NSG4,https://railway-stations-classification.pages.dev/
VRI,Vriddhachalam jn,NSG4,https://railway-stations-classification.pages.dev/
WADI,WADI,NSG4,https://railway-stations-classification.pages.dev/
WKR,Wankaner,NSG4,https://railway-stations-classification.pages.dev/
WHM,WASHIM,NSG4,https://railway-stations-classification.pages.dev/
WFD,WHITEFIELD,NSG4,https://railway-stations-classification.pages.dev/
YADD,YADADRI,NSG4,https://railway-stations-classification.pages.dev/
YA,YERRAGUNTLA,NSG4,https://railway-stations-classification.pages.dev/
AHA,ABHAIPUR,NSG5,https://railway-stations-classification.pages.dev/
ULD,ACHALDA,NSG5,https://railway-stations-classification.pages.dev/
AH,ACHHNERA JN,NSG5,https://railway-stations-classification.pages.dev/
ANDI,ADARSH NAGAR DELHI,NSG5,https://railway-stations-classification.pages.dev/
AI,Adipur,NSG5,https://railway-stations-classification.pages.dev/
ADTP,Adityapur,NSG5,https://railway-stations-classification.pages.dev/
ADT,Aduturai,NSG5,https://railway-stations-classification.pages.dev/
AMP,AHAMADPUR JN,NSG5,https://railway-stations-classification.pages.dev/
AJP,Ajjampur,NSG5,https://railway-stations-classification.pages.dev/
AKOR,AKALKOT ROAD,NSG5,https://railway-stations-classification.pages.dev/
AKN,AKBARNAGAR,NSG5,https://railway-stations-classification.pages.dev/
AKVD,AKIVIDU,NSG5,https://railway-stations-classification.pages.dev/
AKD,Akodia,NSG5,https://railway-stations-classification.pages.dev/
LMT,ALAMATTI,NSG5,https://railway-stations-classification.pages.dev/
AMG,ALAMNAGAR,NSG5,https://railway-stations-classification.pages.dev/
ALER,ALER,NSG5,https://railway-stations-classification.pages.dev/
APDJ,Alipurduar Jn,NSG5,https://railway-stations-classification.pages.dev/
AUB,Alluabari Road,NSG5,https://railway-stations-classification.pages.dev/
LWR,ALNAWAR,NSG5,https://railway-stations-classification.pages.dev/
AML,Amalsad,NSG5,https://railway-stations-classification.pages.dev/
UBC,AMBALA CITY,NSG5,https://railway-stations-classification.pages.dev/
AMPA,Ambalapuzha,NSG5,https://railway-stations-classification.pages.dev/
ABLE,Ambale,NSG5,https://railway-stations-classification.pages.dev/
ASD,Ambasamudram,NSG5,https://railway-stations-classification.pages.dev/
ABSA,Ambassa,NSG5,https://railway-stations-classification.pages.dev/
AMB,AMBODALA,NSG5,https://railway-stations-classification.pages.dev/
AGN,Amgaon,NSG5,https://railway-stations-classification.pages.dev/
AGI,Amguri,NSG5,https://railway-stations-classification.pages.dev/
AMLA,Amla,NSG5,https://railway-stations-classification.pages.dev/
AAL,Amlai,NSG5,https://railway-stations-classification.pages.dev/
AMRO,AMROHA,NSG5,https://railway-stations-classification.pages.dev/
ANF,Anandapuram,NSG5,https://railway-stations-classification.pages.dev/
ANSB,ANANDPUR SAHIB,NSG5,https://railway-stations-classification.pages.dev/
ANT,ANANTNAG,NSG5,https://railway-stations-classification.pages.dev/
APT,ANAPARTHI,NSG5,https://railway-stations-classification.pages.dev/
ANR,Anara,NSG5,https://railway-stations-classification.pages.dev/
UDL,ANDAL,NSG5,https://railway-stations-classification.pages.dev/
AAM,Angadipuram,NSG5,https://railway-stations-classification.pages.dev/
AJE,Anjar,NSG5,https://railway-stations-classification.pages.dev/
AJI,ANJI SHAHABAD,NSG5,https://railway-stations-classification.pages.dev/
ANPR,Anpara,NSG5,https://railway-stations-classification.pages.dev/
APH,ANUPGARH,NSG5,https://railway-stations-classification.pages.dev/
AO,AONLA,NSG5,https://railway-stations-classification.pages.dev/
ALU,Ariyalur,NSG5,https://railway-stations-classification.pages.dev/
APK,Aruppukkottai,NSG5,https://railway-stations-classification.pages.dev/
JOB,ASALPUR JOBNER,NSG5,https://railway-stations-classification.pages.dev/
ASKN,ASHOK NAGAR,NSG5,https://railway-stations-classification.pages.dev/
ATU,Attur,NSG5,https://railway-stations-classification.pages.dev/
AZR,Azamnagar,NSG5,https://railway-stations-classification.pages.dev/
AZ,AZIMGANJ,NSG5,https://railway-stations-classification.pages.dev/
BAB,Babina,NSG5,https://railway-stations-classification.pages.dev/
BBA,BABRALA,NSG5,https://railway-stations-classification.pages.dev/
BCN,BACHHRAWAN,NSG5,https://railway-stations-classification.pages.dev/
BCA,Bachwara Jn,NSG5,https://railway-stations-classification.pages.dev/
BDM,BADAMI,NSG5,https://railway-stations-classification.pages.dev/
BEM,Badaun,NSG5,https://railway-stations-classification.pages.dev/
BHD,BADLI,NSG5,https://railway-stations-classification.pages.dev/
BSE,BADSHAHPUR,NSG5,https://railway-stations-classification.pages.dev/
BGBR,BAGBAHRA,NSG5,https://railway-stations-classification.pages.dev/
BORA,Bagdogra,NSG5,https://railway-stations-classification.pages.dev/
BPM,BAGHPAT ROAD,NSG5,https://railway-stations-classification.pages.dev/
BHI,Baheri,NSG5,https://railway-stations-classification.pages.dev/
BJ,BAHJOI,NSG5,https://railway-stations-classification.pages.dev/
BRK,Bahraich,NSG5,https://railway-stations-classification.pages.dev/
BDME,BAIDHYANATHDHAM,NSG5,https://railway-stations-classification.pages.dev/
BRH,Baikuntpur Road,NSG5,https://railway-stations-classification.pages.dev/
BGU,Bairgania,NSG5,https://railway-stations-classification.pages.dev/
BYPL,BAIYYAPPANAHALLI,NSG5,https://railway-stations-classification.pages.dev/
BTC,Balaghat,NSG5,https://railway-stations-classification.pages.dev/
BLM,BALAMAU JN,NSG5,https://railway-stations-classification.pages.dev/
BLU,Balhaur,NSG5,https://railway-stations-classification.pages.dev/
BVH,BALLABGARH,NSG5,https://railway-stations-classification.pages.dev/
BLP,Balrampur,NSG5,https://railway-stations-classification.pages.dev/
BMI,Bamania,NSG5,https://railway-stations-classification.pages.dev/
BMB,Bamra,NSG5,https://railway-stations-classification.pages.dev/
BPF,BANAPURA,NSG5,https://railway-stations-classification.pages.dev/
BNQ,Banarhat,NSG5,https://railway-stations-classification.pages.dev/
BNLW,BANASTHALI NIWAI,NSG5,https://railway-stations-classification.pages.dev/
BAND,BANASWADI,NSG5,https://railway-stations-classification.pages.dev/
BNU,BANDAKPUR,NSG5,https://railway-stations-classification.pages.dev/
BNCE,BANGALORE EAST,NSG5,https://railway-stations-classification.pages.dev/
BGY,Bangiriposi,NSG5,https://railway-stations-classification.pages.dev/
BAHL,BANIHAL,NSG5,https://railway-stations-classification.pages.dev/
BAKA,BANKA,NSG5,https://railway-stations-classification.pages.dev/
BKH,BANKHEDI,NSG5,https://railway-stations-classification.pages.dev/
BANO,Bano,NSG5,https://railway-stations-classification.pages.dev/
BNTL,Bantwala,NSG5,https://railway-stations-classification.pages.dev/
BBM,Barabhum,NSG5,https://railway-stations-classification.pages.dev/
BUA,Baradwar,NSG5,https://railway-stations-classification.pages.dev/
BHLE,BARAHAT,NSG5,https://railway-stations-classification.pages.dev/
BRR,BARAKAR,NSG5,https://railway-stations-classification.pages.dev/
BRMT,Baramati,NSG5,https://railway-stations-classification.pages.dev/
BAZ,BARAN,NSG5,https://railway-stations-classification.pages.dev/
RAA,BARARA,NSG5,https://railway-stations-classification.pages.dev/
BTU,BARAUT,NSG5,https://railway-stations-classification.pages.dev/
BBN,Barbil,NSG5,https://railway-stations-classification.pages.dev/
BIY,Bardoli,NSG5,https://railway-stations-classification.pages.dev/
BRGW,BARGAWAN,NSG5,https://railway-stations-classification.pages.dev/
BRYA,Barhiya,NSG5,https://railway-stations-classification.pages.dev/
BUP,BARIARPUR,NSG5,https://railway-stations-classification.pages.dev/
BNG,Barnagar,NSG5,https://railway-stations-classification.pages.dev/
BNN,BARNALA,NSG5,https://railway-stations-classification.pages.dev/
BRPL,BARPALI,NSG5,https://railway-stations-classification.pages.dev/
BJR,Barrajpur,NSG5,https://railway-stations-classification.pages.dev/
BTW,BARSI TOWN,NSG5,https://railway-stations-classification.pages.dev/
BRWD,Barwadih,NSG5,https://railway-stations-classification.pages.dev/
BSRX,BASAVANA BAGEWADI ROAD,NSG5,https://railway-stations-classification.pages.dev/
BMF,BASMAT,NSG5,https://railway-stations-classification.pages.dev/
BANE,BASNI,NSG5,https://railway-stations-classification.pages.dev/
BTS,Basta,NSG5,https://railway-stations-classification.pages.dev/
BSKH,BASUKINATH,NSG5,https://railway-stations-classification.pages.dev/
BAT,BATALA Jn,NSG5,https://railway-stations-classification.pages.dev/
BWL,BAWAL,NSG5,https://railway-stations-classification.pages.dev/
BXN,BAYANA JN,NSG5,https://railway-stations-classification.pages.dev/
BUT,BAYTU,NSG5,https://railway-stations-classification.pages.dev/
BZLE,BAZARSAU,NSG5,https://railway-stations-classification.pages.dev/
BPZ,Bazpur,NSG5,https://railway-stations-classification.pages.dev/
BELA,Bela,NSG5,https://railway-stations-classification.pages.dev/
BAP,Belapur,NSG5,https://railway-stations-classification.pages.dev/
BTX,Belatal,NSG5,https://railway-stations-classification.pages.dev/
BLDA,Belda,NSG5,https://railway-stations-classification.pages.dev/
BPA,BELLAMPALLI,NSG5,https://railway-stations-classification.pages.dev/
BEHR,BEOHARI,NSG5,https://railway-stations-classification.pages.dev/
BCH,Berchha,NSG5,https://railway-stations-classification.pages.dev/
BTY,BETHUADAHARI,NSG5,https://railway-stations-classification.pages.dev/
BCOB,Bhachau,NSG5,https://railway-stations-classification.pages.dev/
BDVT,Bhadravathi,NSG5,https://railway-stations-classification.pages.dev/
VAA,Bhaga,NSG5,https://railway-stations-classification.pages.dev/
BQG,BHAGWANGOLA,NSG5,https://railway-stations-classification.pages.dev/
BNR,Bhagwanpur,NSG5,https://railway-stations-classification.pages.dev/
BKNG,Bhaktinagar,NSG5,https://railway-stations-classification.pages.dev/
BHLK,BHALKI,NSG5,https://railway-stations-classification.pages.dev/
BKRD,Bhaluka Road,NSG5,https://railway-stations-classification.pages.dev/
BNVD,Bhanwad,NSG5,https://railway-stations-classification.pages.dev/
BNT,BHARTHANA,NSG5,https://railway-stations-classification.pages.dev/
BSZ,Bharwa sumerpur,NSG5,https://railway-stations-classification.pages.dev/
BRE,BHARWARI,NSG5,https://railway-stations-classification.pages.dev/
BHTR,Bhatpar Rani,NSG5,https://railway-stations-classification.pages.dev/
BHT,BHATTU,NSG5,https://railway-stations-classification.pages.dev/
BVP,Bhavnagar Para,NSG5,https://railway-stations-classification.pages.dev/
BWIP,BHAWANIPATNA,NSG5,https://railway-stations-classification.pages.dev/
BLD,Bhilad,NSG5,https://railway-stations-classification.pages.dev/
BLDI,Bhildi Jn,NSG5,https://railway-stations-classification.pages.dev/
BIX,Bhind,NSG5,https://railway-stations-classification.pages.dev/
BPR,Bhojipura,NSG5,https://railway-stations-classification.pages.dev/
BOJ,Bhojo,NSG5,https://railway-stations-classification.pages.dev/
BOKR,BHOKAR,NSG5,https://railway-stations-classification.pages.dev/
BGQ,BHONGAON,NSG5,https://railway-stations-classification.pages.dev/
BG,BHONGIR,NSG5,https://railway-stations-classification.pages.dev/
BTSR,BHUTESHWAR,NSG5,https://railway-stations-classification.pages.dev/
BID,BIDADI,NSG5,https://railway-stations-classification.pages.dev/
BEHS,Bihar Sharif,NSG5,https://railway-stations-classification.pages.dev/
BEA,Bihiya,NSG5,https://railway-stations-classification.pages.dev/
BTA,Bihta,NSG5,https://railway-stations-classification.pages.dev/
BJNR,Bijaynagar,NSG5,https://railway-stations-classification.pages.dev/
BJF,Bijni,NSG5,https://railway-stations-classification.pages.dev/
BJO,BIJNOR,NSG5,https://railway-stations-classification.pages.dev/
BJRI,Bijuri,NSG5,https://railway-stations-classification.pages.dev/
BLQR,Bilaspur Road,NSG5,https://railway-stations-classification.pages.dev/
MAKR,BINA MALKHEDI,NSG5,https://railway-stations-classification.pages.dev/
BNV,Binnaguri,NSG5,https://railway-stations-classification.pages.dev/
BRS,Birsinghpur,NSG5,https://railway-stations-classification.pages.dev/
BSUR,Bisalpur,NSG5,https://railway-stations-classification.pages.dev/
BSPR,Bishrampur,NSG5,https://railway-stations-classification.pages.dev/
BTTR,BITRAGUNTA,NSG5,https://railway-stations-classification.pages.dev/
BTRI,Bitroi,NSG5,https://railway-stations-classification.pages.dev/
BRRG,BIYAVRA RAJGARH,NSG5,https://railway-stations-classification.pages.dev/
BDNK,Bodinayakkanur,NSG5,https://railway-stations-classification.pages.dev/
BXJ,Bokajan,NSG5,https://railway-stations-classification.pages.dev/
BKRO,Bokaro Thermal,NSG5,https://railway-stations-classification.pages.dev/
BQI,Bommidi,NSG5,https://railway-stations-classification.pages.dev/
BNGN,Bongaigaon,NSG5,https://railway-stations-classification.pages.dev/
BXY,Bordhai,NSG5,https://railway-stations-classification.pages.dev/
BRJN,Brajarajnagar,NSG5,https://railway-stations-classification.pages.dev/
BAL,Budalur,NSG5,https://railway-stations-classification.pages.dev/
BLZ,BUDHLADA,NSG5,https://railway-stations-classification.pages.dev/
BSC,BULANDSHAHR,NSG5,https://railway-stations-classification.pages.dev/
BNDP,Buniyadpur,NSG5,https://railway-stations-classification.pages.dev/
BUH,Burhar,NSG5,https://railway-stations-classification.pages.dev/
BURN,Burnpur,NSG5,https://railway-stations-classification.pages.dev/
BYD,Byadgi,NSG5,https://railway-stations-classification.pages.dev/
CBK,CHACHAURA-BINAGANJ,NSG5,https://railway-stations-classification.pages.dev/
CBSA,Chaibasa,NSG5,https://railway-stations-classification.pages.dev/
CKU,Chakulia,NSG5,https://railway-stations-classification.pages.dev/
CKI,Chalakudi,NSG5,https://railway-stations-classification.pages.dev/
CHM,Chalthan,NSG5,https://railway-stations-classification.pages.dev/
CMNR,Chamarajanagar,NSG5,https://railway-stations-classification.pages.dev/
CNA,Chanderia,NSG5,https://railway-stations-classification.pages.dev/
CNI,Chandil,NSG5,https://railway-stations-classification.pages.dev/
CLDY,Chandoliya,NSG5,https://railway-stations-classification.pages.dev/
CPS,CHANDPUR SIAU,NSG5,https://railway-stations-classification.pages.dev/
CDGR,Chandrakona Rd,NSG5,https://railway-stations-classification.pages.dev/
CND,Chandur,NSG5,https://railway-stations-classification.pages.dev/
CPT,CHANNAPATNA,NSG5,https://railway-stations-classification.pages.dev/
CAI,Chanpatia,NSG5,https://railway-stations-classification.pages.dev/
CI,Chapra Kacheri,NSG5,https://railway-stations-classification.pages.dev/
CKD,CHARKHI DADRI,NSG5,https://railway-stations-classification.pages.dev/
CHV,Charvattur,NSG5,https://railway-stations-classification.pages.dev/
CMU,CHAUMAHLA,NSG5,https://railway-stations-classification.pages.dev/
CC,Chauri-Chaura,NSG5,https://railway-stations-classification.pages.dev/
CKB,CHAUTH KA BARWARA,NSG5,https://railway-stations-classification.pages.dev/
CPP,CHEEPURUPALLI,NSG5,https://railway-stations-classification.pages.dev/
CNPA,CHENNARAYANAPATNA,NSG5,https://railway-stations-classification.pages.dev/
CAG,CHHABRA GUGOR,NSG5,https://railway-stations-classification.pages.dev/
CAER,CHHANERA,NSG5,https://railway-stations-classification.pages.dev/
CTKT,CHHOTI KHATU,NSG5,https://railway-stations-classification.pages.dev/
BAW,CHIKBANAVAR,NSG5,https://railway-stations-classification.pages.dev/
JRU,Chikjajur,NSG5,https://railway-stations-classification.pages.dev/
CHSM,Chinna salem,NSG5,https://railway-stations-classification.pages.dev/
CRWA,CHIRAWA,NSG5,https://railway-stations-classification.pages.dev/
CRY,Chirayinkil (FLAG),NSG5,https://railway-stations-classification.pages.dev/
CHRM,Chirmiri,NSG5,https://railway-stations-classification.pages.dev/
CTA,Chitradurga,NSG5,https://railway-stations-classification.pages.dev/
CT,CHITTAPUR,NSG5,https://railway-stations-classification.pages.dev/
CRJ,CHITTARANJAN,NSG5,https://railway-stations-classification.pages.dev/
CHL,CHOLA,NSG5,https://railway-stations-classification.pages.dev/
COM,CHOMU SAMOD,NSG5,https://railway-stations-classification.pages.dev/
CPU,Chopan,NSG5,https://railway-stations-classification.pages.dev/
CAR,CHUNAR JN,NSG5,https://railway-stations-classification.pages.dev/
CLJ,Colonel ganj,NSG5,https://railway-stations-classification.pages.dev/
CSZ,COSSIMBAZAR,NSG5,https://railway-stations-classification.pages.dev/
CUPJ,Cuddalore port jn,NSG5,https://railway-stations-classification.pages.dev/
CBM,CUMBUM,NSG5,https://railway-stations-classification.pages.dev/
DBR,DABHAURA,NSG5,https://railway-stations-classification.pages.dev/
DUB,DABTARA,NSG5,https://railway-stations-classification.pages.dev/
DKBJ,DAHAR KA BALAJI,NSG5,https://railway-stations-classification.pages.dev/
DLO,Dalgaon,NSG5,https://railway-stations-classification.pages.dev/
DAL,Daliganj,NSG5,https://railway-stations-classification.pages.dev/
DLK,Dalkhola,NSG5,https://railway-stations-classification.pages.dev/
DRZ,Dallirajhara,NSG5,https://railway-stations-classification.pages.dev/
DMW,DALMAU,NSG5,https://railway-stations-classification.pages.dev/
DMNJ,DAMANJODI,NSG5,https://railway-stations-classification.pages.dev/
DKDE,DANKAUR,NSG5,https://railway-stations-classification.pages.dev/
DYD,DARYABAD,NSG5,https://railway-stations-classification.pages.dev/
DRO,Daryaoganj,NSG5,https://railway-stations-classification.pages.dev/
DZA,DASUYA,NSG5,https://railway-stations-classification.pages.dev/
DLPC,DAULATPUR CHAUK,NSG5,https://railway-stations-classification.pages.dev/
DDCC,Daund Cord Line,NSG5,https://railway-stations-classification.pages.dev/
DMH,Dauram Madhepura,NSG5,https://railway-stations-classification.pages.dev/
DEB,DEBAGRAM,NSG5,https://railway-stations-classification.pages.dev/
DEEG,DEEG,NSG5,https://railway-stations-classification.pages.dev/
DKGN,Dekargaon,NSG5,https://railway-stations-classification.pages.dev/
DKZ,DELHI KISHANGANJ,NSG5,https://railway-stations-classification.pages.dev/
DSB,DELHI SADAR BAZAR,NSG5,https://railway-stations-classification.pages.dev/
DBD,DEOBAND,NSG5,https://railway-stations-classification.pages.dev/
DGHR,DEOGHAR,NSG5,https://railway-stations-classification.pages.dev/
DRL,Derol,NSG5,https://railway-stations-classification.pages.dev/
DES,Desari,NSG5,https://railway-stations-classification.pages.dev/
DSO,DESHNOKE,NSG5,https://railway-stations-classification.pages.dev/
DKO,Devakottai road (FLAG),NSG5,https://railway-stations-classification.pages.dev/
DVL,Devlali,NSG5,https://railway-stations-classification.pages.dev/
DMN,Dhamangaon,NSG5,https://railway-stations-classification.pages.dev/
DPR,DHAMPUR,NSG5,https://railway-stations-classification.pages.dev/
DCK,Dhandhuka,NSG5,https://railway-stations-classification.pages.dev/
DQN,DHANERA,NSG5,https://railway-stations-classification.pages.dev/
DNK,DHANKYA,NSG5,https://railway-stations-classification.pages.dev/
DNM,DHANMANDAL,NSG5,https://railway-stations-classification.pages.dev/
DXG,Dharangaon,NSG5,https://railway-stations-classification.pages.dev/
DRH,DHARHARA,NSG5,https://railway-stations-classification.pages.dev/
DHW,DHARIWAL,NSG5,https://railway-stations-classification.pages.dev/
DAB,DHARMABAD,NSG5,https://railway-stations-classification.pages.dev/
DPJ,DHARMAPURI,NSG5,https://railway-stations-classification.pages.dev/
DAS,Dhasa Jn,NSG5,https://railway-stations-classification.pages.dev/
DNKL,DHENKANAL,NSG5,https://railway-stations-classification.pages.dev/
DLJ,Dhola Jn,NSG5,https://railway-stations-classification.pages.dev/
DOL,Dholi,NSG5,https://railway-stations-classification.pages.dev/
DHNE,DHONE Jn,NSG5,https://railway-stations-classification.pages.dev/
DHG,Dhrangandhra,NSG5,https://railway-stations-classification.pages.dev/
DHI,Dhule,NSG5,https://railway-stations-classification.pages.dev/
DGLE,DHULIANGANGA,NSG5,https://railway-stations-classification.pages.dev/
DUI,DHURI JN,NSG5,https://railway-stations-classification.pages.dev/
DBRT,Dibrugarh Town,NSG5,https://railway-stations-classification.pages.dev/
DIA,DIDWANA,NSG5,https://railway-stations-classification.pages.dev/
DWDI,Dighwa Dubauli,NSG5,https://railway-stations-classification.pages.dev/
DGA,Dighwara,NSG5,https://railway-stations-classification.pages.dev/
DNN,DINA NAGAR,NSG5,https://railway-stations-classification.pages.dev/
DHH,Dinhata,NSG5,https://railway-stations-classification.pages.dev/
DPU,Diphu,NSG5,https://railway-stations-classification.pages.dev/
DISA,Disa,NSG5,https://railway-stations-classification.pages.dev/
DHE,Dobhi,NSG5,https://railway-stations-classification.pages.dev/
DBU,DODBALLAPUR,NSG5,https://railway-stations-classification.pages.dev/
DKD,DONAKONDA,NSG5,https://railway-stations-classification.pages.dev/
DDE,Dondaicha,NSG5,https://railway-stations-classification.pages.dev/
DKJ,DORNAKAL Jn,NSG5,https://railway-stations-classification.pages.dev/
DUJ,DUBRAJPUR,NSG5,https://railway-stations-classification.pages.dev/
DUD,DUDHANI,NSG5,https://railway-stations-classification.pages.dev/
DXN,Dudhi Nagar,NSG5,https://railway-stations-classification.pages.dev/
DJG,Duliajan,NSG5,https://railway-stations-classification.pages.dev/
DLR,Dullahpur,NSG5,https://railway-stations-classification.pages.dev/
DUMK,DUMKA,NSG5,https://railway-stations-classification.pages.dev/
DURE,Dumraon,NSG5,https://railway-stations-classification.pages.dev/
DNRP,Dungarpur,NSG5,https://railway-stations-classification.pages.dev/
DVD,DUVVADA,NSG5,https://railway-stations-classification.pages.dev/
DWP,DWARAPUDI,NSG5,https://railway-stations-classification.pages.dev/
EKM,Ekambarakuppam (FLAG),NSG5,https://railway-stations-classification.pages.dev/
EKR,Ekangarsarai,NSG5,https://railway-stations-classification.pages.dev/
EKC,EKCHARI,NSG5,https://railway-stations-classification.pages.dev/
EKMA,Ekma,NSG5,https://railway-stations-classification.pages.dev/
YLM,ELAMANCHILI,NSG5,https://railway-stations-classification.pages.dev/
ENB,ELLENABAD,NSG5,https://railway-stations-classification.pages.dev/
ERL,Eraniel,NSG5,https://railway-stations-classification.pages.dev/
ETM,Ettumanur,NSG5,https://railway-stations-classification.pages.dev/
FKM,Fakiragram Jn,NSG5,https://railway-stations-classification.pages.dev/
FLK,Falakata,NSG5,https://railway-stations-classification.pages.dev/
FDN,FARIDABAD NEW TOWN,NSG5,https://railway-stations-classification.pages.dev/
FDK,FARIDKOT,NSG5,https://railway-stations-classification.pages.dev/
FTD,Fatehabad - Chandrawati Ganj Jn,NSG5,https://railway-stations-classification.pages.dev/
FGR,Fatehgarh,NSG5,https://railway-stations-classification.pages.dev/
FAN,Fatehnagar,NSG5,https://railway-stations-classification.pages.dev/
FPS,FATEHPUR SHEKHAWATI,NSG5,https://railway-stations-classification.pages.dev/
FUT,Fatuha,NSG5,https://railway-stations-classification.pages.dev/
FKA,FAZILKA Jn,NSG5,https://railway-stations-classification.pages.dev/
FBG,Forbesganj,NSG5,https://railway-stations-classification.pages.dev/
GCH,GACHHIPURA,NSG5,https://railway-stations-classification.pages.dev/
GWD,GADWAL,NSG5,https://railway-stations-classification.pages.dev/
GMR,Gahmar,NSG5,https://railway-stations-classification.pages.dev/
GJL,GAJRAULA JN,NSG5,https://railway-stations-classification.pages.dev/
GJS,GAJSINGHPUR,NSG5,https://railway-stations-classification.pages.dev/
GMH,Gamharia,NSG5,https://railway-stations-classification.pages.dev/
GUR,GANAGAPUR ROAD,NSG5,https://railway-stations-classification.pages.dev/
GG,Gandhigram,NSG5,https://railway-stations-classification.pages.dev/
GNH,GANGAKHER,NSG5,https://railway-stations-classification.pages.dev/
GRMP,Gangarampur,NSG5,https://railway-stations-classification.pages.dev/
GGVT,GANGAVATHI,NSG5,https://railway-stations-classification.pages.dev/
GWA,Gangdundwara,NSG5,https://railway-stations-classification.pages.dev/
GJUT,GANGSAR JAITU,NSG5,https://railway-stations-classification.pages.dev/
GBA,Garbeta,NSG5,https://railway-stations-classification.pages.dev/
GHH,GARHI HARSARU JN,NSG5,https://railway-stations-classification.pages.dev/
GRMR,GARHI MANIKPUR,NSG5,https://railway-stations-classification.pages.dev/
GMS,GARHMUKTESAR,NSG5,https://railway-stations-classification.pages.dev/
GHQ,Garhwa,NSG5,https://railway-stations-classification.pages.dev/
GOH,GAROT,NSG5,https://railway-stations-classification.pages.dev/
GP,Garposh,NSG5,https://railway-stations-classification.pages.dev/
GBD,GAURIBIDANUR,NSG5,https://railway-stations-classification.pages.dev/
GNG,GAURIGANJ,NSG5,https://railway-stations-classification.pages.dev/
GZO,Gazole,NSG5,https://railway-stations-classification.pages.dev/
GTJT,GETOR JAGATPURA,NSG5,https://railway-stations-classification.pages.dev/
GNP,GHANPUR,NSG5,https://railway-stations-classification.pages.dev/
GTM,Ghatampur,NSG5,https://railway-stations-classification.pages.dev/
GPB,GHATAPRABHA,NSG5,https://railway-stations-classification.pages.dev/
GT,GHATKESAR,NSG5,https://railway-stations-classification.pages.dev/
GGA,GHOGHA,NSG5,https://railway-stations-classification.pages.dev/
GDYA,Ghoradongri,NSG5,https://railway-stations-classification.pages.dev/
GRH,Ghorasahan,NSG5,https://railway-stations-classification.pages.dev/
GID,GIDDALUR,NSG5,https://railway-stations-classification.pages.dev/
GDB,GIDDARBAHA,NSG5,https://railway-stations-classification.pages.dev/
GHR,Gidhaur,NSG5,https://railway-stations-classification.pages.dev/
GRD,GIRIDIH,NSG5,https://railway-stations-classification.pages.dev/
GLPT,Goalpara Town,NSG5,https://railway-stations-classification.pages.dev/
GODA,GODDA,NSG5,https://railway-stations-classification.pages.dev/
GAMI,GOGAMERI,NSG5,https://railway-stations-classification.pages.dev/
GOM,Gogamukh,NSG5,https://railway-stations-classification.pages.dev/
GPZ,Gohpur,NSG5,https://railway-stations-classification.pages.dev/
GKK,GOKAK ROAD,NSG5,https://railway-stations-classification.pages.dev/
GK,Golagokarannath,NSG5,https://railway-stations-classification.pages.dev/
GKJ,Golakganj,NSG5,https://railway-stations-classification.pages.dev/
GMIA,Gomia,NSG5,https://railway-stations-classification.pages.dev/
GDL,Gondal,NSG5,https://railway-stations-classification.pages.dev/
GNA,GONEANA BHAI JAGTA,NSG5,https://railway-stations-classification.pages.dev/
GOPG,Gopalganj,NSG5,https://railway-stations-classification.pages.dev/
GRL,Goraul,NSG5,https://railway-stations-classification.pages.dev/
GOGH,Gosaigaonhat,NSG5,https://railway-stations-classification.pages.dev/
GGJ,GOSHAINGANJ,NSG5,https://railway-stations-classification.pages.dev/
GOTN,GOTAN,NSG5,https://railway-stations-classification.pages.dev/
GZM,GOUR MALDA,NSG5,https://railway-stations-classification.pages.dev/
GDO,GOVERDHAN,NSG5,https://railway-stations-classification.pages.dev/
GOY,GOVIND PURI,NSG5,https://railway-stations-classification.pages.dev/
GBX,Govindpur Rd,NSG5,https://railway-stations-classification.pages.dev/
GRG,Gowarighat,NSG5,https://railway-stations-classification.pages.dev/
GYM,Gudiyatham,NSG5,https://railway-stations-classification.pages.dev/
GVL,GUDLAVALLERU,NSG5,https://railway-stations-classification.pages.dev/
GNPR,GUNUPUR,NSG5,https://railway-stations-classification.pages.dev/
GRRU,Guraru,NSG5,https://railway-stations-classification.pages.dev/
GSP,GURDASPUR,NSG5,https://railway-stations-classification.pages.dev/
GHJ,Gurshahaiganj,NSG5,https://railway-stations-classification.pages.dev/
GHS,GURU HARSAHAI,NSG5,https://railway-stations-classification.pages.dev/
GKH,GUSKARA,NSG5,https://railway-stations-classification.pages.dev/
HDP,Hadapsar,NSG5,https://railway-stations-classification.pages.dev/
HDN,Haidarnagar,NSG5,https://railway-stations-classification.pages.dev/
HLDR,HALDAUR,NSG5,https://railway-stations-classification.pages.dev/
HDB,Haldibari,NSG5,https://railway-stations-classification.pages.dev/
HVD,Halvad,NSG5,https://railway-stations-classification.pages.dev/
HSDA,HANSDIHA,NSG5,https://railway-stations-classification.pages.dev/
HNS,HANSI,NSG5,https://railway-stations-classification.pages.dev/
HMO,HANUMANGARH TOWN,NSG5,https://railway-stations-classification.pages.dev/
HGL,HARANGUL,NSG5,https://railway-stations-classification.pages.dev/
HRR,Harihar,NSG5,https://railway-stations-classification.pages.dev/
HIR,Harinagar,NSG5,https://railway-stations-classification.pages.dev/
HAD,Haripad,NSG5,https://railway-stations-classification.pages.dev/
HSK,HARISHANKAR ROAD,NSG5,https://railway-stations-classification.pages.dev/
HCR,Harishchandrapur,NSG5,https://railway-stations-classification.pages.dev/
HRT,Harnaut,NSG5,https://railway-stations-classification.pages.dev/
HPP,Harpalpur,NSG5,https://railway-stations-classification.pages.dev/
HPO,Hasanpur Road,NSG5,https://railway-stations-classification.pages.dev/
HSA,Hasimara,NSG5,https://railway-stations-classification.pages.dev/
HTK,Hathkalangale,NSG5,https://railway-stations-classification.pages.dev/
HTC,Hathras City,NSG5,https://railway-stations-classification.pages.dev/
HRS,HATHRAS JN,NSG5,https://railway-stations-classification.pages.dev/
HZBN,Hazaribagh Town,NSG5,https://railway-stations-classification.pages.dev/
HIL,Hilsa,NSG5,https://railway-stations-classification.pages.dev/
HEM,HIMAYATNAGAR,NSG5,https://railway-stations-classification.pages.dev/
HMT,Himmatnagar,NSG5,https://railway-stations-classification.pages.dev/
HGT,Hinganghat,NSG5,https://railway-stations-classification.pages.dev/
HNL,HINGOLI,NSG5,https://railway-stations-classification.pages.dev/
HRNR,HIRA NAGAR,NSG5,https://railway-stations-classification.pages.dev/
HKG,HIRAKUD,NSG5,https://railway-stations-classification.pages.dev/
HLAR,HOLE ALUR,NSG5,https://railway-stations-classification.pages.dev/
HLN,Holenarsipur,NSG5,https://railway-stations-classification.pages.dev/
HSX,HOSHIARPUR,NSG5,https://railway-stations-classification.pages.dev/
HG,HOTGI,NSG5,https://railway-stations-classification.pages.dev/
IGP,Igatpuri,NSG5,https://railway-stations-classification.pages.dev/
IAA,Indara Jn,NSG5,https://railway-stations-classification.pages.dev/
IDR,INDI ROAD,NSG5,https://railway-stations-classification.pages.dev/
IDG,INDRAGARH SUMERGANJ,NSG5,https://railway-stations-classification.pages.dev/
IJK,Irinjalakuda,NSG5,https://railway-stations-classification.pages.dev/
ISHN,Ishanagar,NSG5,https://railway-stations-classification.pages.dev/
IPR,Islampur,NSG5,https://railway-stations-classification.pages.dev/
IZN,Izzatnagar,NSG5,https://railway-stations-classification.pages.dev/
JCL,JADCHERLA,NSG5,https://railway-stations-classification.pages.dev/
JUDW,JAGADHRI WORKSHOP,NSG5,https://railway-stations-classification.pages.dev/
JID,Jagi Road,NSG5,https://railway-stations-classification.pages.dev/
JRMG,Jairamnagar,NSG5,https://railway-stations-classification.pages.dev/
JAIS,JAIS,NSG5,https://railway-stations-classification.pages.dev/
JES,JAITSAR,NSG5,https://railway-stations-classification.pages.dev/
JTW,JAITWAR,NSG5,https://railway-stations-classification.pages.dev/
JHL,JAKHAL JN,NSG5,https://railway-stations-classification.pages.dev/
JKN,Jakhanian,NSG5,https://railway-stations-classification.pages.dev/
JBD,JALALABAD,NSG5,https://railway-stations-classification.pages.dev/
JLS,JALESAR ROAD,NSG5,https://railway-stations-classification.pages.dev/
JPG,Jalpaiguri,NSG5,https://railway-stations-classification.pages.dev/
JMDG,JAMMALAMADUGU,NSG5,https://railway-stations-classification.pages.dev/
JMKT,JAMMIKUNTA,NSG5,https://railway-stations-classification.pages.dev/
JMT,JAMTARA,NSG5,https://railway-stations-classification.pages.dev/
JNR,Janakpurroad,NSG5,https://railway-stations-classification.pages.dev/
ZN,JANGAON,NSG5,https://railway-stations-classification.pages.dev/
JRLE,JANGIPUR ROAD,NSG5,https://railway-stations-classification.pages.dev/
NIA,Janjgir-Niala,NSG5,https://railway-stations-classification.pages.dev/
JAO,Jaora,NSG5,https://railway-stations-classification.pages.dev/
JLD,Jarwal Road,NSG5,https://railway-stations-classification.pages.dev/
JWB,Jawaibandh,NSG5,https://railway-stations-classification.pages.dev/
JSP,Jaysingpur,NSG5,https://railway-stations-classification.pages.dev/
JJR,Jejuri,NSG5,https://railway-stations-classification.pages.dev/
JLR,Jetalsar Jn,NSG5,https://railway-stations-classification.pages.dev/
JEUR,JEUR,NSG5,https://railway-stations-classification.pages.dev/
JYP,JEYPORE,NSG5,https://railway-stations-classification.pages.dev/
JLWC,JHALAWAR CITY,NSG5,https://railway-stations-classification.pages.dev/
JAA,Jhalida,NSG5,https://railway-stations-classification.pages.dev/
JGM,Jhargram,NSG5,https://railway-stations-classification.pages.dev/
JSGR,JHARSUGUDA ROAD,NSG5,https://railway-stations-classification.pages.dev/
JJK,JHINJHAK,NSG5,https://railway-stations-classification.pages.dev/
JJN,JHUNJHUNU,NSG5,https://railway-stations-classification.pages.dev/
JJG,JIAGANJ,NSG5,https://railway-stations-classification.pages.dev/
JVN,Joravarnagar,NSG5,https://railway-stations-classification.pages.dev/
JOC,Joychandipahar,NSG5,https://railway-stations-classification.pages.dev/
JNRD,JUNAGARH ROAD,NSG5,https://railway-stations-classification.pages.dev/
JNO,Junnardeo,NSG5,https://railway-stations-classification.pages.dev/
KBPR,Kabakaputtur,NSG5,https://railway-stations-classification.pages.dev/
KDNL,Kadayanallur,NSG5,https://railway-stations-classification.pages.dev/
KRY,KADIRI,NSG5,https://railway-stations-classification.pages.dev/
CLG,KAHALGAON,NSG5,https://railway-stations-classification.pages.dev/
KKLR,KAIKALURU,NSG5,https://railway-stations-classification.pages.dev/
KMJ,Kaimganj,NSG5,https://railway-stations-classification.pages.dev/
KLE,KAITHAL,NSG5,https://railway-stations-classification.pages.dev/
KJH,KAJRA-,NSG5,https://railway-stations-classification.pages.dev/
KNL,KALANWALI,NSG5,https://railway-stations-classification.pages.dev/
KPP,Kalapipal,NSG5,https://railway-stations-classification.pages.dev/
KAP,Kalianpur,NSG5,https://railway-stations-classification.pages.dev/
KAJ,Kaliyaganj,NSG5,https://railway-stations-classification.pages.dev/
KLL,Kalol,NSG5,https://railway-stations-classification.pages.dev/
KPI,Kalpi,NSG5,https://railway-stations-classification.pages.dev/
KAPG,KALUPARA GHAT,NSG5,https://railway-stations-classification.pages.dev/
KAMG,Kamakhyaguri,NSG5,https://railway-stations-classification.pages.dev/
KLJ,Kamalganj,NSG5,https://railway-stations-classification.pages.dev/
KWM,Kampur,NSG5,https://railway-stations-classification.pages.dev/
KML,Kamtaul,NSG5,https://railway-stations-classification.pages.dev/
KKU,KANAKPURA,NSG5,https://railway-stations-classification.pages.dev/
KNLS,Kanalaus,NSG5,https://railway-stations-classification.pages.dev/
KPQ,Kannapuram,NSG5,https://railway-stations-classification.pages.dev/
KIN,Kapasan,NSG5,https://railway-stations-classification.pages.dev/
CPJ,Kaptanganj Jn,NSG5,https://railway-stations-classification.pages.dev/
KXH,KAPURTHALA,NSG5,https://railway-stations-classification.pages.dev/
KRD,Karad,NSG5,https://railway-stations-classification.pages.dev/
KIK,Karaikal,NSG5,https://railway-stations-classification.pages.dev/
KTGG,KARATAGI,NSG5,https://railway-stations-classification.pages.dev/
KY,KARELI,NSG5,https://railway-stations-classification.pages.dev/
CRR,Karhagola Road,NSG5,https://railway-stations-classification.pages.dev/
KRMR,KARIMNAGAR,NSG5,https://railway-stations-classification.pages.dev/
KEI,KASHI,NSG5,https://railway-stations-classification.pages.dev/
KATI,Kathi,NSG5,https://railway-stations-classification.pages.dev/
KTH,Katrasgarh,NSG5,https://railway-stations-classification.pages.dev/
CTM,Kattangulathur,NSG5P,https://railway-stations-classification.pages.dev/
KZK,Kazhakuttom,NSG5,https://railway-stations-classification.pages.dev/
KDG,Kedgaon,NSG5,https://railway-stations-classification.pages.dev/
KDJR,KENDUJHARGARH,NSG5,https://railway-stations-classification.pages.dev/
KDM,KESAMUDRAM,NSG5,https://railway-stations-classification.pages.dev/
JVN,Keshod,NSG5,https://railway-stations-classification.pages.dev/
KESR,KESRI SINGHPUR,NSG5,https://railway-stations-classification.pages.dev/
KUH,Khachroad,NSG5,https://railway-stations-classification.pages.dev/
KZA,Khada,NSG5,https://railway-stations-classification.pages.dev/
KGA,KHAGA,NSG5,https://railway-stations-classification.pages.dev/
KRH,KHAIRTHAL,NSG5,https://railway-stations-classification.pages.dev/
KLRE,Khalari,NSG5,https://railway-stations-classification.pages.dev/
KIT,KHALLIKOTA,NSG5,https://railway-stations-classification.pages.dev/
KTJ,KHALTIPUR,NSG5,https://railway-stations-classification.pages.dev/
KMBL,Khambaliya,NSG5,https://railway-stations-classification.pages.dev/
KNN,KHANNA,NSG5,https://railway-stations-classification.pages.dev/
KHGP,Kharagapur,NSG5,https://railway-stations-classification.pages.dev/
KARR,KHARAR,NSG5,https://railway-stations-classification.pages.dev/
KRAR,KHARIAR ROAD,NSG5,https://railway-stations-classification.pages.dev/
KHS,Kharsia,NSG5,https://railway-stations-classification.pages.dev/
KAT,KHATAULI,NSG5,https://railway-stations-classification.pages.dev/
KHMA,Khatima,NSG5,https://railway-stations-classification.pages.dev/
KEX,KHEKRA,NSG5,https://railway-stations-classification.pages.dev/
KL,KHERLI,NSG5,https://railway-stations-classification.pages.dev/
KKN,KHIRKIYA,NSG5,https://railway-stations-classification.pages.dev/
KRBP,Khudiram Bose Pusa,NSG5,https://railway-stations-classification.pages.dev/
KYE,KHURAI,NSG5,https://railway-stations-classification.pages.dev/
KOO,Khusropur,NSG5,https://railway-stations-classification.pages.dev/
KHH,Kichha,NSG5,https://railway-stations-classification.pages.dev/
KIM,Kim,NSG5,https://railway-stations-classification.pages.dev/
KNVT,KINWAT,NSG5,https://railway-stations-classification.pages.dev/
KER,Kirihrapur,NSG5,https://railway-stations-classification.pages.dev/
KOV,Kirloskarwadi,NSG5,https://railway-stations-classification.pages.dev/
KQN,Kodaikkanal road,NSG5,https://railway-stations-classification.pages.dev/
KOU,KODURU,NSG5,https://railway-stations-classification.pages.dev/
KSB,Kosamba,NSG5,https://railway-stations-classification.pages.dev/
KSI,KOSLI,NSG5,https://railway-stations-classification.pages.dev/
KBM,KOTABOMMALI,NSG5,https://railway-stations-classification.pages.dev/
KTW,KOTDWARA,NSG5,https://railway-stations-classification.pages.dev/
KQK,Kotikulam,NSG5,https://railway-stations-classification.pages.dev/
KKP,KOTKAPURA Jn,NSG5,https://railway-stations-classification.pages.dev/
KTMA,Kotma,NSG5,https://railway-stations-classification.pages.dev/
KKZ,Kottarakara,NSG5,https://railway-stations-classification.pages.dev/
KTV,KOTTAVALASA,NSG5,https://railway-stations-classification.pages.dev/
KSN,KRISHNA,NSG5,https://railway-stations-classification.pages.dev/
KRP,KRISHNAPUR,NSG5,https://railway-stations-classification.pages.dev/
KRNR,Krishnarajanagar,NSG5,https://railway-stations-classification.pages.dev/
KMNC,KUCHAMAN CITY,NSG5,https://railway-stations-classification.pages.dev/
KUD,KUDACHI,NSG5,https://railway-stations-classification.pages.dev/
KLT,Kulitalai,NSG5,https://railway-stations-classification.pages.dev/
KLAR,Kulpahar,NSG5,https://railway-stations-classification.pages.dev/
ULT,KULTI,NSG5,https://railway-stations-classification.pages.dev/
KMME,KUMARDUBI,NSG5,https://railway-stations-classification.pages.dev/
KUGT,Kumarghat,NSG5,https://railway-stations-classification.pages.dev/
KMQ,Kumbla,NSG5,https://railway-stations-classification.pages.dev/
KDPR,Kumedpur Jn,NSG5,https://railway-stations-classification.pages.dev/
KHNM,KUNDA HARNAM GANJ,NSG5,https://railway-stations-classification.pages.dev/
KIGL,KUNIGAL,NSG5,https://railway-stations-classification.pages.dev/
KPN,KUPPAM,NSG5,https://railway-stations-classification.pages.dev/
KUE,Kursela,NSG5,https://railway-stations-classification.pages.dev/
KZB,Kurumbur (FLAG),NSG5,https://railway-stations-classification.pages.dev/
LAV,Labha,NSG5,https://railway-stations-classification.pages.dev/
LAU,LADNUN,NSG5,https://railway-stations-classification.pages.dev/
LSI,Laheriasarai,NSG5,https://railway-stations-classification.pages.dev/
LKE,LAKHERI,NSG5,https://railway-stations-classification.pages.dev/
LMP,Lakhimpur,NSG5,https://railway-stations-classification.pages.dev/
LKN,Lakhminia,NSG5,https://railway-stations-classification.pages.dev/
LRJ,LAKSAR JN,NSG5,https://railway-stations-classification.pages.dev/
LGO,LAL GOPAL GANJ,NSG5,https://railway-stations-classification.pages.dev/
LLJ,LALGANJ,NSG5,https://railway-stations-classification.pages.dev/
LGL,LALGOLA,NSG5,https://railway-stations-classification.pages.dev/
LLI,Lalgudi,NSG5,https://railway-stations-classification.pages.dev/
LBA,LAMBHUA,NSG5,https://railway-stations-classification.pages.dev/
LKA,Lanka,NSG5,https://railway-stations-classification.pages.dev/
LRD,Lar Road,NSG5,https://railway-stations-classification.pages.dev/
LS,Lasalgaon,NSG5,https://railway-stations-classification.pages.dev/
LSR,LASUR,NSG5,https://railway-stations-classification.pages.dev/
LTHR,Latehar,NSG5,https://railway-stations-classification.pages.dev/
LTRR,LATUR ROAD,NSG5,https://railway-stations-classification.pages.dev/
LNH,LAXMANGARH SIKAR,NSG5,https://railway-stations-classification.pages.dev/
LMNR,Laxmibainagar,NSG5,https://railway-stations-classification.pages.dev/
LEDO,Ledo,NSG5,https://railway-stations-classification.pages.dev/
LMO,Liliyamota,NSG5,https://railway-stations-classification.pages.dev/
LM,Limbadi,NSG5,https://railway-stations-classification.pages.dev/
LAD,Lohardaga,NSG5,https://railway-stations-classification.pages.dev/
LNK,LOHIAN KHAS Jn,NSG5,https://railway-stations-classification.pages.dev/
LNN,Lonand,NSG5,https://railway-stations-classification.pages.dev/
LC,Lucknow city,NSG5,https://railway-stations-classification.pages.dev/
LUNI,LUNI JN,NSG5,https://railway-stations-classification.pages.dev/
LKS,LUNKARANSAR,NSG5,https://railway-stations-classification.pages.dev/
MCDA,MAA CHANDIKA DEVI DHAM ANTU,NSG5,https://railway-stations-classification.pages.dev/
MCLA,MACHERLA,NSG5,https://railway-stations-classification.pages.dev/
MPL,MADANAPALLE ROAD,NSG5,https://railway-stations-classification.pages.dev/
MDJN,Madar,NSG5,https://railway-stations-classification.pages.dev/
MAD,MADDUR,NSG5,https://railway-stations-classification.pages.dev/
MDR,MADHIRA,NSG5,https://railway-stations-classification.pages.dev/
MDKD,Madhukunda,NSG5P,https://railway-stations-classification.pages.dev/
MHJ,MAHAJAN,NSG5,https://railway-stations-classification.pages.dev/
MHD,Mahemdavad & Kheda Rd,NSG5,https://railway-stations-classification.pages.dev/
MHRG,MAHENDRAGARH,NSG5,https://railway-stations-classification.pages.dev/
MSK,Maheshkhut,NSG5,https://railway-stations-classification.pages.dev/
MNO,Mahnar Road,NSG5,https://railway-stations-classification.pages.dev/
MHV,Mahuva,NSG5,https://railway-stations-classification.pages.dev/
MLN,Mailani Jn,NSG5,https://railway-stations-classification.pages.dev/
MNQ,MAINPURI,NSG5,https://railway-stations-classification.pages.dev/
MW,Mairwa,NSG5,https://railway-stations-classification.pages.dev/
MJBT,Majbat,NSG5,https://railway-stations-classification.pages.dev/
MJL,Majhaulia,NSG5,https://railway-stations-classification.pages.dev/
MDE,Makhdumpur Gaya,NSG5,https://railway-stations-classification.pages.dev/
MXH,MAKHU,NSG5,https://railway-stations-classification.pages.dev/
MKRN,MAKRONIA,NSG5,https://railway-stations-classification.pages.dev/
MKC,Maksi,NSG5,https://railway-stations-classification.pages.dev/
MET,MALERKOTLA,NSG5,https://railway-stations-classification.pages.dev/
MLHA,Malia Hatina,NSG5,https://railway-stations-classification.pages.dev/
MLPR,MALIPUR,NSG5,https://railway-stations-classification.pages.dev/
MLV,MALLARPUR,NSG5,https://railway-stations-classification.pages.dev/
MOT,MALOUT,NSG5,https://railway-stations-classification.pages.dev/
MLO,MALUR,NSG5,https://railway-stations-classification.pages.dev/
MNM,Manamadurai jn,NSG5,https://railway-stations-classification.pages.dev/
MPA,Manaparai,NSG5,https://railway-stations-classification.pages.dev/
MRE,MANAURI,NSG5,https://railway-stations-classification.pages.dev/
MNF,MANDA ROAD,NSG5,https://railway-stations-classification.pages.dev/
MMM,Mandapam,NSG5,https://railway-stations-classification.pages.dev/
MDLE,MANDARHILL,NSG5,https://railway-stations-classification.pages.dev/
MURD,MANDAWAR MAHWA ROAD,NSG5,https://railway-stations-classification.pages.dev/
ADR,MANDI ADAMPUR,NSG5,https://railway-stations-classification.pages.dev/
MABA,MANDI BAMORA,NSG5,https://railway-stations-classification.pages.dev/
MBY,MANDI DABWALI,NSG5,https://railway-stations-classification.pages.dev/
MDDP,MANDI DIP,NSG5,https://railway-stations-classification.pages.dev/
GVG,MANDI GOBIND GARH,NSG5,https://railway-stations-classification.pages.dev/
MDGR,Manendragarh,NSG5,https://railway-stations-classification.pages.dev/
MJS,Manjeshwar,NSG5,https://railway-stations-classification.pages.dev/
MNAE,MANKAR,NSG5,https://railway-stations-classification.pages.dev/
MOU,Manoharpur,NSG5,https://railway-stations-classification.pages.dev/
MSZ,MANSA,NSG5,https://railway-stations-classification.pages.dev/
MUGR,MANUGURU,NSG5,https://railway-stations-classification.pages.dev/
MVO,MANWATH ROAD,NSG5,https://railway-stations-classification.pages.dev/
MRG,Margherita,NSG5,https://railway-stations-classification.pages.dev/
MAY,MARIAHU,NSG5,https://railway-stations-classification.pages.dev/
MKM,MARIKUPPAM,NSG5P,https://railway-stations-classification.pages.dev/
MDW,MARWAR MUNDWA,NSG5,https://railway-stations-classification.pages.dev/
MWJ,MARWASGRAM,NSG5,https://railway-stations-classification.pages.dev/
MHC,Mashrakh,NSG5,https://railway-stations-classification.pages.dev/
MSW,Maskanwa,NSG5,https://railway-stations-classification.pages.dev/
MHBA,Mathabhanga,NSG5,https://railway-stations-classification.pages.dev/
MRT,Mathura Cantt,NSG5,https://railway-stations-classification.pages.dev/
MRPR,Mau Ranipur,NSG5,https://railway-stations-classification.pages.dev/
MAUR,MAUR,NSG5,https://railway-stations-classification.pages.dev/
MVLK,Mavelikara,NSG5,https://railway-stations-classification.pages.dev/
MUT,MEERUT CANT,NSG5,https://railway-stations-classification.pages.dev/
MGN,Meghnagar,NSG5,https://railway-stations-classification.pages.dev/
MAI,Mehsi,NSG5,https://railway-stations-classification.pages.dev/
MJA,MEJA ROAD,NSG5,https://railway-stations-classification.pages.dev/
MIL,MILAK,NSG5,https://railway-stations-classification.pages.dev/
MRGA,MIRYALAGUDA,NSG5,https://railway-stations-classification.pages.dev/
MZC,MIRZACHAUKI,NSG5,https://railway-stations-classification.pages.dev/
MTHP,Mithapur,NSG5,https://railway-stations-classification.pages.dev/
MYG,Miyamgam Karjan,NSG5,https://railway-stations-classification.pages.dev/
MON,MODRAN,NSG5,https://railway-stations-classification.pages.dev/
MOGA,MOGA,NSG5,https://railway-stations-classification.pages.dev/
MBP,Mohibullapur,NSG5,https://railway-stations-classification.pages.dev/
MOG,Mohiuddin Nagar,NSG5,https://railway-stations-classification.pages.dev/
MKSR,MOKALSAR,NSG5,https://railway-stations-classification.pages.dev/
MRHT,Moranhat,NSG5,https://railway-stations-classification.pages.dev/
MAP,Morappur,NSG5,https://railway-stations-classification.pages.dev/
MVI,Moravi,NSG5,https://railway-stations-classification.pages.dev/
MGAE,MORGRAM,NSG5,https://railway-stations-classification.pages.dev/
MRND,MORINDA,NSG5,https://railway-stations-classification.pages.dev/
MTR,Motipur,NSG5,https://railway-stations-classification.pages.dev/
MLY,MOULA ALI,NSG5,https://railway-stations-classification.pages.dev/
MOO,MUDDANURU,NSG5,https://railway-stations-classification.pages.dev/
MUE,MUDKHED Jn,NSG5,https://railway-stations-classification.pages.dev/
MMA,Muhammadabad(Gohna),NSG5,https://railway-stations-classification.pages.dev/
MDJ,Muhammadganj,NSG5,https://railway-stations-classification.pages.dev/
MEX,MUKERIAN,NSG5,https://railway-stations-classification.pages.dev/
MKS,MUKTSAR,NSG5,https://railway-stations-classification.pages.dev/
MKDD,MUKUNDWADI,NSG5,https://railway-stations-classification.pages.dev/
MCU,MULACALACHERUVU,NSG5,https://railway-stations-classification.pages.dev/
MTY,Multai,NSG5,https://railway-stations-classification.pages.dev/
MNV,MUNGAOLI,NSG5,https://railway-stations-classification.pages.dev/
MGR,MUNGER,NSG5,https://railway-stations-classification.pages.dev/
MNGD,MUNIGUDA,NSG5,https://railway-stations-classification.pages.dev/
MRB,MUNIRABAD,NSG5,https://railway-stations-classification.pages.dev/
MRR,MURARAI,NSG5,https://railway-stations-classification.pages.dev/
MZS,Murkongselek,NSG5,https://railway-stations-classification.pages.dev/
MRIJ,Murliganj,NSG5,https://railway-stations-classification.pages.dev/
MZR,Murtizapur Jn,NSG5,https://railway-stations-classification.pages.dev/
MFKA,MUSAFIRKHANA,NSG5,https://railway-stations-classification.pages.dev/
NBA,NABHA,NSG5,https://railway-stations-classification.pages.dev/
NBG,Nabinagar Road,NSG5,https://railway-stations-classification.pages.dev/
NBI,NADBAI,NSG5,https://railway-stations-classification.pages.dev/
NDKD,NADIKUDE Jn,NSG5,https://railway-stations-classification.pages.dev/
NGAN,Nagaon,NSG5,https://railway-stations-classification.pages.dev/
NUQ,Nagaruntari,NSG5,https://railway-stations-classification.pages.dev/
NJT,Nagercoil Town,NSG5,https://railway-stations-classification.pages.dev/
NGG,NAGINA,NSG5,https://railway-stations-classification.pages.dev/
NCR,Nagore,NSG5,https://railway-stations-classification.pages.dev/
NHK,Naharkatia,NSG5,https://railway-stations-classification.pages.dev/
NYN,NAINI JN,NSG5,https://railway-stations-classification.pages.dev/
NIR,Nainpur,NSG5,https://railway-stations-classification.pages.dev/
JEA,Nakaha Jungle,NSG5,https://railway-stations-classification.pages.dev/
NRO,NAKODAR Jn,NSG5,https://railway-stations-classification.pages.dev/
NLD,Nalanda,NSG5,https://railway-stations-classification.pages.dev/
NLV,Nalbari,NSG5,https://railway-stations-classification.pages.dev/
NHT,NALHATI JN,NSG5,https://railway-stations-classification.pages.dev/
NW,NALWAR,NSG5,https://railway-stations-classification.pages.dev/
NMKL,Namakkal,NSG5,https://railway-stations-classification.pages.dev/
NAM,Namrup,NSG5,https://railway-stations-classification.pages.dev/
NGN,Nandgaon,NSG5,https://railway-stations-classification.pages.dev/
NN,Nandura,NSG5,https://railway-stations-classification.pages.dev/
NLDM,NANGAL DAM,NSG5,https://railway-stations-classification.pages.dev/
NNN,Nanguneri,NSG5,https://railway-stations-classification.pages.dev/
NTW,Nanjangud Town,NSG5,https://railway-stations-classification.pages.dev/
NPS,NAPASAR,NSG5,https://railway-stations-classification.pages.dev/
NRT,NARASARAOPET,NSG5,https://railway-stations-classification.pages.dev/
NNR,Narayanpur,NSG5,https://railway-stations-classification.pages.dev/
NDN,Nardana,NSG5,https://railway-stations-classification.pages.dev/
NRKR,Narkhed,NSG5,https://railway-stations-classification.pages.dev/
NNL,NARNAUL,NSG5,https://railway-stations-classification.pages.dev/
NRP,NARSIPATNAM ROAD,NSG5,https://railway-stations-classification.pages.dev/
NRW,NARWANA JN,NSG5,https://railway-stations-classification.pages.dev/
NSD,Nasirabad,NSG5,https://railway-stations-classification.pages.dev/
NWP,NAUPADA,NSG5,https://railway-stations-classification.pages.dev/
NTV,Nautanva,NSG5,https://railway-stations-classification.pages.dev/
NUD,Navagadh,NSG5,https://railway-stations-classification.pages.dev/
NWU,Navapur,NSG5,https://railway-stations-classification.pages.dev/
NAC,NAWA CITY,NSG5,https://railway-stations-classification.pages.dev/
NWD,Nawadah,NSG5,https://railway-stations-classification.pages.dev/
NWH,NAWALGARH,NSG5,https://railway-stations-classification.pages.dev/
NPD,NAWAPARA ROAD,NSG5,https://railway-stations-classification.pages.dev/
NYGT,NAYAGARH TOWN,NSG5,https://railway-stations-classification.pages.dev/
NYH,NAYANDAHALLI,NSG5,https://railway-stations-classification.pages.dev/
NYP,Nayudupeta,NSG5,https://railway-stations-classification.pages.dev/
NZT,Nazareth,NSG5,https://railway-stations-classification.pages.dev/
NMK,NEEM KA THANA,NSG5,https://railway-stations-classification.pages.dev/
NKD,NEKONDA,NSG5,https://railway-stations-classification.pages.dev/
NPNR,Nepanagar,NSG5,https://railway-stations-classification.pages.dev/
NAVI,New Amravati,NSG5,https://railway-stations-classification.pages.dev/
NBJU,New Barauni Jn,NSG5,https://railway-stations-classification.pages.dev/
NGNT,NEW GUNTUR,NSG5,https://railway-stations-classification.pages.dev/
NKMG,New Karimganj,NSG5,https://railway-stations-classification.pages.dev/
NMZ,New Mal Jn,NSG5,https://railway-stations-classification.pages.dev/
NMX,New Maynaguri,NSG5,https://railway-stations-classification.pages.dev/
NMM,New Misamari,NSG5,https://railway-stations-classification.pages.dev/
NYY,Neyyatinkara,NSG5,https://railway-stations-classification.pages.dev/
NMJ,Nidamangalam,NSG5,https://railway-stations-classification.pages.dev/
NDO,NIDUBROLU,NSG5,https://railway-stations-classification.pages.dev/
NIL,Nilambur road,NSG5,https://railway-stations-classification.pages.dev/
NLE,Nileshwar,NSG5,https://railway-stations-classification.pages.dev/
NBH,Nimbahera,NSG5,https://railway-stations-classification.pages.dev/
NILE,NIMTITA,NSG5,https://railway-stations-classification.pages.dev/
NR,Niphad,NSG5,https://railway-stations-classification.pages.dev/
NKP,NIRAKARPUR,NSG5,https://railway-stations-classification.pages.dev/
NEW,Niwari,NSG5,https://railway-stations-classification.pages.dev/
NHR,NOHAR,NSG5,https://railway-stations-classification.pages.dev/
NLP,North Lakhimpur,NSG5,https://railway-stations-classification.pages.dev/
NZD,NUZIVIDU,NSG5,https://railway-stations-classification.pages.dev/
ODC,Oddanchatram,NSG5,https://railway-stations-classification.pages.dev/
OGM,OORGAUM,NSG5,https://railway-stations-classification.pages.dev/
OSN,OSIYAN,NSG5,https://railway-stations-classification.pages.dev/
UMD,OSMANABAD,NSG5,https://railway-stations-classification.pages.dev/
PCH,PACHHAPUR,NSG5,https://railway-stations-classification.pages.dev/
PC,Pachora,NSG5,https://railway-stations-classification.pages.dev/
PFR,PACHORA ROAD,NSG5,https://railway-stations-classification.pages.dev/
PPW,Pachperwa,NSG5,https://railway-stations-classification.pages.dev/
PDH,Padadhari,NSG5,https://railway-stations-classification.pages.dev/
POU,Padrauna,NSG5,https://railway-stations-classification.pages.dev/
PRP,Paharpur,NSG5,https://railway-stations-classification.pages.dev/
PAK,PAKALA Jn,NSG5,https://railway-stations-classification.pages.dev/
PGTN,Palakkad town,NSG5,https://railway-stations-classification.pages.dev/
PM,PALAM,NSG5,https://railway-stations-classification.pages.dev/
PBKS,Pambakovil shandy,NSG5,https://railway-stations-classification.pages.dev/
PAN,PANAGARH,NSG5,https://railway-stations-classification.pages.dev/
PAW,PANDABESWAR,NSG5,https://railway-stations-classification.pages.dev/
PANP,Pandavapura,NSG5,https://railway-stations-classification.pages.dev/
PAR,Pandhurna,NSG5,https://railway-stations-classification.pages.dev/
PNKD,PANKI DHAM,NSG5,https://railway-stations-classification.pages.dev/
PRT,Panruti,NSG5,https://railway-stations-classification.pages.dev/
PML,Papanasam (FLAG),NSG5,https://railway-stations-classification.pages.dev/
PRDP,PARADEEP,NSG5,https://railway-stations-classification.pages.dev/
PGI,Parapanangadi,NSG5,https://railway-stations-classification.pages.dev/
PUX,Parasia,NSG5,https://railway-stations-classification.pages.dev/
PASA,Parassala,NSG5,https://railway-stations-classification.pages.dev/
PVU,Paravur,NSG5,https://railway-stations-classification.pages.dev/
PLH,PARLAKHEMUNDI,NSG5,https://railway-stations-classification.pages.dev/
PSB,Parsabad,NSG5,https://railway-stations-classification.pages.dev/
PTU,PARTUR,NSG5,https://railway-stations-classification.pages.dev/
PVP,PARVATHIPURAM,NSG5,https://railway-stations-classification.pages.dev/
PVPT,PARVATHIPURAM TOWN,NSG5,https://railway-stations-classification.pages.dev/
PSR,Pasraha,NSG5,https://railway-stations-classification.pages.dev/
PTRD,PATAUDI ROAD,NSG5,https://railway-stations-classification.pages.dev/
PHA,PATHARIA,NSG5,https://railway-stations-classification.pages.dev/
PTI,Patiyali,NSG5,https://railway-stations-classification.pages.dev/
PTRU,Patratu,NSG5,https://railway-stations-classification.pages.dev/
PTB,Pattambi,NSG5,https://railway-stations-classification.pages.dev/
PKT,Pattukottai,NSG5,https://railway-stations-classification.pages.dev/
PAZ,Payangadi,NSG5,https://railway-stations-classification.pages.dev/
PAV,PEDANA,NSG5,https://railway-stations-classification.pages.dev/
PEN,Pen,NSG5,https://railway-stations-classification.pages.dev/
PKD,PENUKONDA,NSG5,https://railway-stations-classification.pages.dev/
PJ,Peppeganj,NSG5,https://railway-stations-classification.pages.dev/
PLCJ,PHALODI JN,NSG5,https://railway-stations-classification.pages.dev/
PFM,PHAPHAMAU,NSG5,https://railway-stations-classification.pages.dev/
PLP,PHULPUR,NSG5,https://railway-stations-classification.pages.dev/
PUS,Phusro,NSG5,https://railway-stations-classification.pages.dev/
PGRL,PIDUGURALLA,NSG5,https://railway-stations-classification.pages.dev/
PIL,PILER,NSG5,https://railway-stations-classification.pages.dev/
PKW,PILKHUA,NSG5,https://railway-stations-classification.pages.dev/
PDWA,Pindwara,NSG5,https://railway-stations-classification.pages.dev/
PIP,Piplia,NSG5,https://railway-stations-classification.pages.dev/
PPC,Pipraich,NSG5,https://railway-stations-classification.pages.dev/
PVRD,Piravam road,NSG5,https://railway-stations-classification.pages.dev/
PPT,PIRPAINTI,NSG5,https://railway-stations-classification.pages.dev/
PLY,PLASSEY,NSG5,https://railway-stations-classification.pages.dev/
POK,POKARAN,NSG5,https://railway-stations-classification.pages.dev/
PHN,Pokhrayan,NSG5,https://railway-stations-classification.pages.dev/
POY,Pollachi,NSG5,https://railway-stations-classification.pages.dev/
PDU,PONDURU,NSG5,https://railway-stations-classification.pages.dev/
PNE,PRANTIK,NSG5,https://railway-stations-classification.pages.dev/
PRDT,PRODDATUR,NSG5,https://railway-stations-classification.pages.dev/
PDKT,Pudukkotai,NSG5,https://railway-stations-classification.pages.dev/
PLO,Pulgaon,NSG5,https://railway-stations-classification.pages.dev/
PUU,Punalur,NSG5,https://railway-stations-classification.pages.dev/
PP,Puranpur,NSG5,https://railway-stations-classification.pages.dev/
PRNA,Purnia,NSG5,https://railway-stations-classification.pages.dev/
PRNC,Purniacourt,NSG5,https://railway-stations-classification.pages.dev/
PUT,Puttur,NSG5,https://railway-stations-classification.pages.dev/
RFJ,Rafiganj,NSG5,https://railway-stations-classification.pages.dev/
RGU,Ragaul,NSG5,https://railway-stations-classification.pages.dev/
RPR,Raghunathpur,NSG5,https://railway-stations-classification.pages.dev/
RKB,RAI KA BAGH PALACE,NSG5,https://railway-stations-classification.pages.dev/
RSNR,RAI SINGH NAGAR,NSG5,https://railway-stations-classification.pages.dev/
RAIR,RAIRAKHOL,NSG5,https://railway-stations-classification.pages.dev/
RWL,RAIWALA JN,NSG5,https://railway-stations-classification.pages.dev/
RJK,RAJA-KA-SAHASPUR JN,NSG5,https://railway-stations-classification.pages.dev/
RJR,RAJALDESAR,NSG5,https://railway-stations-classification.pages.dev/
RHG,RAJGARH,NSG5,https://railway-stations-classification.pages.dev/
RJG,RAJGRAM,NSG5,https://railway-stations-classification.pages.dev/
RKSN,Rajkharsawan,NSG5,https://railway-stations-classification.pages.dev/
RJL,RAJMAHAL,NSG5,https://railway-stations-classification.pages.dev/
RJA,Rajnagar,NSG5,https://railway-stations-classification.pages.dev/
RLA,Rajula Jn,NSG5,https://railway-stations-classification.pages.dev/
RMN,RAMAN,NSG5,https://railway-stations-classification.pages.dev/
RMV,RAMAVARAPPADU,NSG5,https://railway-stations-classification.pages.dev/
RMT,Ramgarh Cantt,NSG5,https://railway-stations-classification.pages.dev/
RGH,Ramgarhwa,NSG5,https://railway-stations-classification.pages.dev/
RMR,Ramnagar,NSG5,https://railway-stations-classification.pages.dev/
PUL,RAMPURA PHUL,NSG5,https://railway-stations-classification.pages.dev/
RPZ,Ranapratap Ngr,NSG5,https://railway-stations-classification.pages.dev/
RRME,Ranchi Road,NSG5,https://railway-stations-classification.pages.dev/
RANI,Rani,NSG5,https://railway-stations-classification.pages.dev/
RNR,Ranibennur,NSG5,https://railway-stations-classification.pages.dev/
RNV,RANIWARA,NSG5,https://railway-stations-classification.pages.dev/
RSR,Rasra,NSG5,https://railway-stations-classification.pages.dev/
RV,Raver,NSG5,https://railway-stations-classification.pages.dev/
RPO,Rawatpur,NSG5,https://railway-stations-classification.pages.dev/
RDG,RAYADURG,NSG5,https://railway-stations-classification.pages.dev/
RYP,RAYANAPADU,NSG5,https://railway-stations-classification.pages.dev/
RBG,RAYBAG,NSG5,https://railway-stations-classification.pages.dev/
RJP,RAZAMPETA,NSG5,https://railway-stations-classification.pages.dev/
REJ,REJINAGAR,NSG5,https://railway-stations-classification.pages.dev/
REN,REN,NSG5,https://railway-stations-classification.pages.dev/
RGL,RENGALI,NSG5,https://railway-stations-classification.pages.dev/
RNW,RENWAL,NSG5,https://railway-stations-classification.pages.dev/
RAL,REPALLE,NSG5,https://railway-stations-classification.pages.dev/
ROHA,Roha,NSG5,https://railway-stations-classification.pages.dev/
RPAR,ROOP NAGAR,NSG5,https://railway-stations-classification.pages.dev/
ROA,Rosera Ghat,NSG5,https://railway-stations-classification.pages.dev/
RGO,ROTEGAON,NSG5,https://railway-stations-classification.pages.dev/
RDN,Rudain,NSG5,https://railway-stations-classification.pages.dev/
RDL,RUDAULI,NSG5,https://railway-stations-classification.pages.dev/
ROP,Rupsa,NSG5,https://railway-stations-classification.pages.dev/
RURA,RURA,NSG5,https://railway-stations-classification.pages.dev/
RTA,RUTHIYAI,NSG5,https://railway-stations-classification.pages.dev/
SBT,Sabarmati Jn,NSG5,https://railway-stations-classification.pages.dev/
SCH,Sachin,NSG5,https://railway-stations-classification.pages.dev/
SDT,Sadat,NSG5,https://railway-stations-classification.pages.dev/
SDS,SADULSHAHAR,NSG5,https://railway-stations-classification.pages.dev/
SDI,SAGARDIGHI,NSG5,https://railway-stations-classification.pages.dev/
SRF,SagarJambagaru,NSG5,https://railway-stations-classification.pages.dev/
SHSK,SAHASRAKUND,NSG5,https://railway-stations-classification.pages.dev/
STW,Sahatwar,NSG5,https://railway-stations-classification.pages.dev/
SWRT,Sahawar Town,NSG5,https://railway-stations-classification.pages.dev/
SKJ,Sahibpur Kamal,NSG5,https://railway-stations-classification.pages.dev/
SASN,SAHIBZADA AJITSINGH,NSG5,https://railway-stations-classification.pages.dev/
SPP,Sahpur Patoree,NSG5,https://railway-stations-classification.pages.dev/
SADP,SAIDAPUR,NSG5,https://railway-stations-classification.pages.dev/
SNT,SAINTHIA JN,NSG5,https://railway-stations-classification.pages.dev/
SKF,SAKHOTI TANDA,NSG5,https://railway-stations-classification.pages.dev/
SKLR,Sakleshpur,NSG5,https://railway-stations-classification.pages.dev/
SKT,Sakti,NSG5,https://railway-stations-classification.pages.dev/
SALE,SALAR,NSG5,https://railway-stations-classification.pages.dev/
SLNA,Salauna,NSG5,https://railway-stations-classification.pages.dev/
SXT,Salem town,NSG5,https://railway-stations-classification.pages.dev/
SRU,Salempur Jn,NSG5,https://railway-stations-classification.pages.dev/
SMK,SAMALKHA,NSG5,https://railway-stations-classification.pages.dev/
SLY,Samalpatti,NSG5,https://railway-stations-classification.pages.dev/
SBPY,SAMBALPUR CITY,NSG5,https://railway-stations-classification.pages.dev/
SMR,SAMDARI,NSG5,https://railway-stations-classification.pages.dev/
SPZ,SAMPLA,NSG5,https://railway-stations-classification.pages.dev/
SNF,SANATHNAGAR,NSG5,https://railway-stations-classification.pages.dev/
SAN,SANDILA,NSG5,https://railway-stations-classification.pages.dev/
SNGN,SANGANER,NSG5,https://railway-stations-classification.pages.dev/
SGRA,SANGARIYA,NSG5,https://railway-stations-classification.pages.dev/
SGLA,SANGOLA,NSG5,https://railway-stations-classification.pages.dev/
SAG,SANGRUR,NSG5,https://railway-stations-classification.pages.dev/
SJN,Sanjan,NSG5,https://railway-stations-classification.pages.dev/
SNKL,Sankarankovil,NSG5,https://railway-stations-classification.pages.dev/
SGE,Sankaridurg,NSG5,https://railway-stations-classification.pages.dev/
SVM,SANVORDEM,NSG5,https://railway-stations-classification.pages.dev/
SMZ,Sarai Mir,NSG5,https://railway-stations-classification.pages.dev/
SGAM,SARAIGRAM,NSG5,https://railway-stations-classification.pages.dev/
SEJ,Sarkhej,NSG5,https://railway-stations-classification.pages.dev/
SRNT,Sarnath,NSG5,https://railway-stations-classification.pages.dev/
SZR,Sarupathar,NSG5,https://railway-stations-classification.pages.dev/
STKT,Sasthankotta,NSG5,https://railway-stations-classification.pages.dev/
STNL,SATNALI,NSG5,https://railway-stations-classification.pages.dev/
SASR,Sausar,NSG5,https://railway-stations-classification.pages.dev/
SVKD,Savarkundla,NSG5,https://railway-stations-classification.pages.dev/
SHK,Seheikpura,NSG5,https://railway-stations-classification.pages.dev/
SELU,SELU,NSG5,https://railway-stations-classification.pages.dev/
SMO,Semapur,NSG5,https://railway-stations-classification.pages.dev/
SCT,Sengottai,NSG5,https://railway-stations-classification.pages.dev/
SEO,SEOHARA,NSG5,https://railway-stations-classification.pages.dev/
SEY,Seoni,NSG5,https://railway-stations-classification.pages.dev/
SHNR,SHADNAGAR,NSG5,https://railway-stations-classification.pages.dev/
SDB,SHAHABAD,NSG5,https://railway-stations-classification.pages.dev/
SFY,SHAJAPUR,NSG5,https://railway-stations-classification.pages.dev/
SKTN,Shaktinagar,NSG5,https://railway-stations-classification.pages.dev/
SGZ,SHAMGARH,NSG5,https://railway-stations-classification.pages.dev/
SMQL,SHAMLI,NSG5,https://railway-stations-classification.pages.dev/
SSD,Shamsabad,NSG5,https://railway-stations-classification.pages.dev/
SRJ,SHANKARGARH,NSG5,https://railway-stations-classification.pages.dev/
SKP,SHANKARPALLI,NSG5,https://railway-stations-classification.pages.dev/
SKB,SHIKOHABAD JN,NSG5,https://railway-stations-classification.pages.dev/
SML,SHIMLA,NSG5,https://railway-stations-classification.pages.dev/
SVRP,SHIVNARAYANPUR,NSG5,https://railway-stations-classification.pages.dev/
SOT,Shohratgarh,NSG5,https://railway-stations-classification.pages.dev/
SDN,Sholavandan,NSG5,https://railway-stations-classification.pages.dev/
SHU,Sholinghur,NSG5,https://railway-stations-classification.pages.dev/
SBGA,SHRAVANABELAGOLA,NSG5,https://railway-stations-classification.pages.dev/
SRW,SHRI KARANPUR,NSG5,https://railway-stations-classification.pages.dev/
SRID,SHRIDHAM,NSG5,https://railway-stations-classification.pages.dev/
SMPR,SHRIMADHOPUR,NSG5,https://railway-stations-classification.pages.dev/
SJP,Shujalpur,NSG5,https://railway-stations-classification.pages.dev/
SMPA,SHYAMPURA,NSG5,https://railway-stations-classification.pages.dev/
SRTN,Sibsagar Town,NSG5,https://railway-stations-classification.pages.dev/
SD,Sidhauli,NSG5,https://railway-stations-classification.pages.dev/
SOJN,Sihor Jn,NSG5,https://railway-stations-classification.pages.dev/
SHR,SIHORA ROAD,NSG5,https://railway-stations-classification.pages.dev/
SKA,SikandraRao,NSG5,https://railway-stations-classification.pages.dev/
SPTR,Silapathar,NSG5,https://railway-stations-classification.pages.dev/
SBV,Simri Bakhtiarpur,NSG5,https://railway-stations-classification.pages.dev/
STL,SIMULTALA,NSG5,https://railway-stations-classification.pages.dev/
SNK,Sindkheda,NSG5,https://railway-stations-classification.pages.dev/
SINI,Sini,NSG5,https://railway-stations-classification.pages.dev/
SRO,SIRATHU,NSG5,https://railway-stations-classification.pages.dev/
SY,Sirkazhi,NSG5,https://railway-stations-classification.pages.dev/
SBZ,Siswa Bazar,NSG5,https://railway-stations-classification.pages.dev/
STN,SITARAMPUR,NSG5,https://railway-stations-classification.pages.dev/
SURI,SIURI,NSG5,https://railway-stations-classification.pages.dev/
SVGA,Sivaganga,NSG5,https://railway-stations-classification.pages.dev/
SVKS,Sivakasi,NSG5,https://railway-stations-classification.pages.dev/
SMVJ,SMVJ,NSG5,https://railway-stations-classification.pages.dev/
SGP,SOHAGPUR,NSG5,https://railway-stations-classification.pages.dev/
SOD,Sojat Road,NSG5,https://railway-stations-classification.pages.dev/
SOS,Somesar,NSG5,https://railway-stations-classification.pages.dev/
SPT,SOMPETA,NSG5,https://railway-stations-classification.pages.dev/
SBDR,SONBHADRA,NSG5,https://railway-stations-classification.pages.dev/
SONI,Soni,NSG5,https://railway-stations-classification.pages.dev/
SXZM,SOPORE,NSG5,https://railway-stations-classification.pages.dev/
SORO,Soro,NSG5,https://railway-stations-classification.pages.dev/
SRNK,Soron,NSG5,https://railway-stations-classification.pages.dev/
SDGH,SRI DUNGARGARAH,NSG5,https://railway-stations-classification.pages.dev/
SKN,SRI KRISHNA NAGAR,NSG5,https://railway-stations-classification.pages.dev/
SRGM,Srirangam,NSG5,https://railway-stations-classification.pages.dev/
SVPR,Srivilliputtur,NSG5,https://railway-stations-classification.pages.dev/
SPLE,SUJNIPARA,NSG5,https://railway-stations-classification.pages.dev/
SFMU,SUNAM UDHAM S W,NSG5,https://railway-stations-classification.pages.dev/
SOU,Supaul,NSG5,https://railway-stations-classification.pages.dev/
SRGH,SURAJGARH,NSG5,https://railway-stations-classification.pages.dev/
SJQ,Surajpur Road,NSG5,https://railway-stations-classification.pages.dev/
SRGT,Surendranagar Gate,NSG5,https://railway-stations-classification.pages.dev/
SAW,SURYAWAN,NSG5,https://railway-stations-classification.pages.dev/
SVA,SUWASRA,NSG5,https://railway-stations-classification.pages.dev/
TSD,TAHSIL BHADRA,NSG5,https://railway-stations-classification.pages.dev/
TQA,TAKIA,NSG5,https://railway-stations-classification.pages.dev/
TBT,Talbahat,NSG5,https://railway-stations-classification.pages.dev/
TLHR,TALCHER,NSG5,https://railway-stations-classification.pages.dev/
TLHD,TALCHER ROAD,NSG5,https://railway-stations-classification.pages.dev/
TLGP,Talguppa,NSG5,https://railway-stations-classification.pages.dev/
TOI,Tamkuhi Raod,NSG5,https://railway-stations-classification.pages.dev/
TPU,Tanakpur,NSG5,https://railway-stations-classification.pages.dev/
TNL,Tangla,NSG5,https://railway-stations-classification.pages.dev/
TA,Tanur,NSG5,https://railway-stations-classification.pages.dev/
TPZ,TAPRI JN,NSG5,https://railway-stations-classification.pages.dev/
TKE,Tarikere,NSG5,https://railway-stations-classification.pages.dev/
TQM,Telem,NSG5,https://railway-stations-classification.pages.dev/
TLMR,Teliamura,NSG5,https://railway-stations-classification.pages.dev/
TENI,Teni,NSG5,https://railway-stations-classification.pages.dev/
TET,Tetulmari,NSG5,https://railway-stations-classification.pages.dev/
TKG,Thakurganj,NSG5,https://railway-stations-classification.pages.dev/
THAN,Than,NSG5,https://railway-stations-classification.pages.dev/
THB,Thanabihpur,NSG5,https://railway-stations-classification.pages.dev/
THDR,Thandla Rd,NSG5,https://railway-stations-classification.pages.dev/
THE,Thawe Jn,NSG5,https://railway-stations-classification.pages.dev/
TDN,Thirupparankundram,NSG5,https://railway-stations-classification.pages.dev/
TKMG,Tikamgarh,NSG5,https://railway-stations-classification.pages.dev/
TKRI,TIKRI,NSG5,https://railway-stations-classification.pages.dev/
TIU,TILARU,NSG5,https://railway-stations-classification.pages.dev/
TIA,Tilaya,NSG5,https://railway-stations-classification.pages.dev/
TLH,TILHAR,NSG5,https://railway-stations-classification.pages.dev/
TBN,TIMARNI,NSG5,https://railway-stations-classification.pages.dev/
TMV,Tindivanam,NSG5,https://railway-stations-classification.pages.dev/
TPH,TINPAHAR,NSG5,https://railway-stations-classification.pages.dev/
TTR,Tiptur,NSG5,https://railway-stations-classification.pages.dev/
TRO,Tirora,NSG5,https://railway-stations-classification.pages.dev/
TP,Tiruchchirappalli fort,NSG5,https://railway-stations-classification.pages.dev/
TRK,Tirukkovilur,NSG5,https://railway-stations-classification.pages.dev/
TMQ,Tirumangalam,NSG5,https://railway-stations-classification.pages.dev/
TPT,Tirupattur,NSG5,https://railway-stations-classification.pages.dev/
TDPR,Tiruppadirippuliyur,NSG5,https://railway-stations-classification.pages.dev/
TTL,Tiruttangal (FLAG),NSG5,https://railway-stations-classification.pages.dev/
TRB,Tiruverumbur,NSG5,https://railway-stations-classification.pages.dev/
TUN,TOHANA,NSG5,https://railway-stations-classification.pages.dev/
TNGL,TORANAGALLU,NSG5,https://railway-stations-classification.pages.dev/
TORI,Tori Jn,NSG5,https://railway-stations-classification.pages.dev/
TKD,TUGALAKABAD,NSG5,https://railway-stations-classification.pages.dev/
TMR,Tumsar road,NSG5,https://railway-stations-classification.pages.dev/
TUVR,Turavur,NSG5,https://railway-stations-classification.pages.dev/
TCL,TYAKAL,NSG5P,https://railway-stations-classification.pages.dev/
ULG,Udalguri,NSG5,https://railway-stations-classification.pages.dev/
UDT,Udumalaippettai,NSG5,https://railway-stations-classification.pages.dev/
UVD,Udvada,NSG5,https://railway-stations-classification.pages.dev/
UGR,UGARKHURD,NSG5,https://railway-stations-classification.pages.dev/
UJH,Ujhani,NSG5,https://railway-stations-classification.pages.dev/
UKA,UKHRA,NSG5,https://railway-stations-classification.pages.dev/
UBR,Umbergaon,NSG5,https://railway-stations-classification.pages.dev/
UMRI,UMRI,NSG5,https://railway-stations-classification.pages.dev/
UCR,UNCHAHAR,NSG5,https://railway-stations-classification.pages.dev/
URD,Untari Road,NSG5,https://railway-stations-classification.pages.dev/
URI,Uruli,NSG5,https://railway-stations-classification.pages.dev/
VDG,Vadnagar,NSG5,https://railway-stations-classification.pages.dev/
VDL,Vaithisvarankoil,NSG5,https://railway-stations-classification.pages.dev/
MEJ,Vanchi maniyachi,NSG5,https://railway-stations-classification.pages.dev/
VN,Vaniyambadi,NSG5,https://railway-stations-classification.pages.dev/
VNB,Vaniyambalam,NSG5,https://railway-stations-classification.pages.dev/
VDE,VEDAYAPALEM,NSG5,https://railway-stations-classification.pages.dev/
VLNK,Velanganni,NSG5,https://railway-stations-classification.pages.dev/
VLR,Vellore cantonment,NSG5,https://railway-stations-classification.pages.dev/
VKI,VENKATAGIRI,NSG5,https://railway-stations-classification.pages.dev/
VDS,VIDYASAGAR,NSG5,https://railway-stations-classification.pages.dev/
VJPJ,VIJAYPUR JAMMU,NSG5,https://railway-stations-classification.pages.dev/
VMA,VIKRAMGARH ALOT,NSG5,https://railway-stations-classification.pages.dev/
BDL,VINDHYACHAL,NSG5,https://railway-stations-classification.pages.dev/
VKN,VINUKONDA,NSG5,https://railway-stations-classification.pages.dev/
VVM,VIRAVASARAM,NSG5,https://railway-stations-classification.pages.dev/
VRR,Virpur,NSG5,https://railway-stations-classification.pages.dev/
VNE,Vishwanath Charali,NSG5,https://railway-stations-classification.pages.dev/
VNG,Visnagar,NSG5,https://railway-stations-classification.pages.dev/
VYA,Vyara,NSG5,https://railway-stations-classification.pages.dev/
WKI,Wadakancheri,NSG5,https://railway-stations-classification.pages.dev/
WSA,Wadsa,NSG5,https://railway-stations-classification.pages.dev/
WAIR,WAIR,NSG5,https://railway-stations-classification.pages.dev/
WJR,Walajaroad,NSG5,https://railway-stations-classification.pages.dev/
WPR,WANAPARTI ROAD,NSG5,https://railway-stations-classification.pages.dev/
WRS,Warisaleganj,NSG5,https://railway-stations-classification.pages.dev/
WRR,Warora,NSG5,https://railway-stations-classification.pages.dev/
YLG,YALVIGI,NSG5,https://railway-stations-classification.pages.dev/
YFP,Yusufpur,NSG5,https://railway-stations-classification.pages.dev/
ZBD,ZAFRABAD,NSG5,https://railway-stations-classification.pages.dev/
ZB,ZAHIRABAD,NSG5,https://railway-stations-classification.pages.dev/
ZNA,Zamania,NSG5,https://railway-stations-classification.pages.dev/
AVP,Abhanpur,NSG6,https://railway-stations-classification.pages.dev/
AYU,Abhayapuri Assam,NSG6,https://railway-stations-classification.pages.dev/
ELP,Achalpur,NSG6,https://railway-stations-classification.pages.dev/
ACG,Achegaon,NSG6,https://railway-stations-classification.pages.dev/
ADX,Adapur,NSG6,https://railway-stations-classification.pages.dev/
AKI,Adarki,NSG6,https://railway-stations-classification.pages.dev/
ADD,Adas Road,NSG6,https://railway-stations-classification.pages.dev/
AAR,Adesar,NSG6,https://railway-stations-classification.pages.dev/
ADTL,ADHARTAL,NSG6,https://railway-stations-classification.pages.dev/
ADQ,Adhikari,NSG6,https://railway-stations-classification.pages.dev/
AHZ,ADHINPUR,NSG6,https://railway-stations-classification.pages.dev/
ADF,Adina,NSG6,https://railway-stations-classification.pages.dev/
AMM,Adirampattinam,NSG6,https://railway-stations-classification.pages.dev/
AHO,Adrash Nagar,NSG6,https://railway-stations-classification.pages.dev/
ADE,Adri Road,NSG6,https://railway-stations-classification.pages.dev/
AGM,Agaram sibbandi,NSG6,https://railway-stations-classification.pages.dev/
AGD,Agasod,NSG6,https://railway-stations-classification.pages.dev/
AGX,Agastiampalli,NSG6,https://railway-stations-classification.pages.dev/
AWP,AGHWANPUR,NSG6,https://railway-stations-classification.pages.dev/
AGMN,Agomoni,NSG6,https://railway-stations-classification.pages.dev/
AGY,AGORI KHAS,NSG6,https://railway-stations-classification.pages.dev/
AGA,AGRA CITY,NSG6,https://railway-stations-classification.pages.dev/
AUL,Agsauli,NSG6,https://railway-stations-classification.pages.dev/
AGT,Agthori,NSG6,https://railway-stations-classification.pages.dev/
AHJU,AHJU,NSG6,https://railway-stations-classification.pages.dev/
AHH,AHMED GARH,NSG6,https://railway-stations-classification.pages.dev/
AIG,AIGAWAN,NSG6,https://railway-stations-classification.pages.dev/
AIT,Ait Jn,NSG6,https://railway-stations-classification.pages.dev/
ATMO,AITHAL,NSG6,https://railway-stations-classification.pages.dev/
AJR,AJAIBPUR,NSG6,https://railway-stations-classification.pages.dev/
ANI,Ajanti,NSG6,https://railway-stations-classification.pages.dev/
AIA,AJERKA,NSG6,https://railway-stations-classification.pages.dev/
AJ,AJGAIN,NSG6,https://railway-stations-classification.pages.dev/
AJH,AJHAI,NSG6,https://railway-stations-classification.pages.dev/
AJIT,AJIT,NSG6,https://railway-stations-classification.pages.dev/
AJL,AJITWAL,NSG6,https://railway-stations-classification.pages.dev/
AJN,Ajnod,NSG6,https://railway-stations-classification.pages.dev/
AKE,AKANAPET,NSG6,https://railway-stations-classification.pages.dev/
AKJ,AKBARGANJ,NSG6,https://railway-stations-classification.pages.dev/
API,Akkaraippatti,NSG6,https://railway-stations-classification.pages.dev/
AKK,Akkihebbal,NSG6,https://railway-stations-classification.pages.dev/
AKLA,AKLERA,NSG6,https://railway-stations-classification.pages.dev/
AKR,Akolner,NSG6,https://railway-stations-classification.pages.dev/
AKW,Akona,NSG6,https://railway-stations-classification.pages.dev/
AYRN,Akshaywat Rai Nagar,NSG6,https://railway-stations-classification.pages.dev/
ALAI,ALAI,NSG6,https://railway-stations-classification.pages.dev/
ALK,Alakkudi,NSG6,https://railway-stations-classification.pages.dev/
ALAL,ALAL,NSG6,https://railway-stations-classification.pages.dev/
ALM,ALAMANDA,NSG6,https://railway-stations-classification.pages.dev/
ALMG,Alamganj,NSG6,https://railway-stations-classification.pages.dev/
ALMR,Alampar,NSG6,https://railway-stations-classification.pages.dev/
ALPR,ALAMPUR ROAD,NSG6,https://railway-stations-classification.pages.dev/
ALN,Alandi,NSG6,https://railway-stations-classification.pages.dev/
ALP,Alapakam,NSG6,https://railway-stations-classification.pages.dev/
ALAU,Alau,NSG6,https://railway-stations-classification.pages.dev/
ALUH,Alauli ###,NSG6,https://railway-stations-classification.pages.dev/
AWL,ALAWALPUR,NSG6,https://railway-stations-classification.pages.dev/
AWH,Alewahi,NSG6,https://railway-stations-classification.pages.dev/
ALGP,Algapur,NSG6,https://railway-stations-classification.pages.dev/
ALJ,Aliganj,NSG6,https://railway-stations-classification.pages.dev/
APD,Alipurduar,NSG6,https://railway-stations-classification.pages.dev/
ARPR,Alirajpur,NSG6,https://railway-stations-classification.pages.dev/
ALB,Aliya wada,NSG6,https://railway-stations-classification.pages.dev/
ALNI,ALNIYA,NSG6,https://railway-stations-classification.pages.dev/
ATM,Altagram,NSG6,https://railway-stations-classification.pages.dev/
ALUR,ALUR,NSG6,https://railway-stations-classification.pages.dev/
AWT,Alwar tirunagari (FLAG),NSG6,https://railway-stations-classification.pages.dev/
AGZ,AMAGURA,NSG6,https://railway-stations-classification.pages.dev/
AMW,AMANWADI,NSG6,https://railway-stations-classification.pages.dev/
AVC,Amaravathicolony,NSG6,https://railway-stations-classification.pages.dev/
AGR,Amargarh,NSG6,https://railway-stations-classification.pages.dev/
APJ,AMARPUR JORASI,NSG6,https://railway-stations-classification.pages.dev/
APA,Amarpura,NSG6,https://railway-stations-classification.pages.dev/
AXA,Amarsar,NSG6,https://railway-stations-classification.pages.dev/
AMS,AMAUSI,NSG6,https://railway-stations-classification.pages.dev/
AGB,AMBAGAON,NSG6,https://railway-stations-classification.pages.dev/
ABX,AMBARI,NSG6,https://railway-stations-classification.pages.dev/
ABFC,Ambari Falakata,NSG6,https://railway-stations-classification.pages.dev/
ABRV,Ambari Richhavi,NSG6,https://railway-stations-classification.pages.dev/
ABI,Ambaturai,NSG6,https://railway-stations-classification.pages.dev/
AAP,AMBIYA PUR,NSG6,https://railway-stations-classification.pages.dev/
ABD,Ambli road,NSG6,https://railway-stations-classification.pages.dev/
UMN,Ambliyasan,NSG6,https://railway-stations-classification.pages.dev/
UDR,AMDARA,NSG6,https://railway-stations-classification.pages.dev/
AMIN,AMIN,NSG6,https://railway-stations-classification.pages.dev/
AMGA,Amjonga,NSG6,https://railway-stations-classification.pages.dev/
AMLI,AMLI,NSG6,https://railway-stations-classification.pages.dev/
ALS,Amlori Sarsar,NSG6,https://railway-stations-classification.pages.dev/
ANB,AMMANABROLU,NSG6,https://railway-stations-classification.pages.dev/
AMSA,Ammasandra,NSG6,https://railway-stations-classification.pages.dev/
AMO,Amolwa,NSG6,https://railway-stations-classification.pages.dev/
AONI,Amoni,NSG6,https://railway-stations-classification.pages.dev/
ARD,Amrada,NSG6,https://railway-stations-classification.pages.dev/
AE,Amreli,NSG6,https://railway-stations-classification.pages.dev/
AMC,Amritapura,NSG6,https://railway-stations-classification.pages.dev/
ANP,Anandatandavapuram,NSG6,https://railway-stations-classification.pages.dev/
ANU,Anangur,NSG6,https://railway-stations-classification.pages.dev/
AEH,Anant Paith,NSG6,https://railway-stations-classification.pages.dev/
ANE,ANANTARAJUPET,NSG6,https://railway-stations-classification.pages.dev/
ANAS,Anas,NSG6,https://railway-stations-classification.pages.dev/
ADPT,Andipatti,NSG6,https://railway-stations-classification.pages.dev/
AEK,ANEKAL ROAD,NSG6,https://railway-stations-classification.pages.dev/
AAG,ANGAR,NSG6,https://railway-stations-classification.pages.dev/
ARG,Angarghat,NSG6,https://railway-stations-classification.pages.dev/
ANK,Ankai,NSG6,https://railway-stations-classification.pages.dev/
ANH,Ankorha,NSG6,https://railway-stations-classification.pages.dev/
AKS,Ankuspur,NSG6,https://railway-stations-classification.pages.dev/
ANNG,Anna nagar,NSG6,https://railway-stations-classification.pages.dev/
NGR,ANNIGERI,NSG6,https://railway-stations-classification.pages.dev/
AAGH,Antagarh,NSG6,https://railway-stations-classification.pages.dev/
ATH,ANTAH,NSG6,https://railway-stations-classification.pages.dev/
ARI,Antri,NSG6,https://railway-stations-classification.pages.dev/
AUS,ANUP SHAHR,NSG6,https://railway-stations-classification.pages.dev/
APG,ANUPGANJ,NSG6,https://railway-stations-classification.pages.dev/
APL,APPIKATLA,NSG6,https://railway-stations-classification.pages.dev/
APTA,Apta,NSG6,https://railway-stations-classification.pages.dev/
ARAG,ARAG,NSG6,https://railway-stations-classification.pages.dev/
AAY,Aralvaymoli,NSG6,https://railway-stations-classification.pages.dev/
AKM,Arambakkam,NSG6,https://railway-stations-classification.pages.dev/
ARN,ARAND,NSG6,https://railway-stations-classification.pages.dev/
ANMD,ARANG MAHANANDI,NSG6,https://railway-stations-classification.pages.dev/
ATQ,Arantangi,NSG6,https://railway-stations-classification.pages.dev/
ARR,Araria,NSG6,https://railway-stations-classification.pages.dev/
ARL,AraulMakanpur,NSG6,https://railway-stations-classification.pages.dev/
AVLI,ARAVALLI,NSG6,https://railway-stations-classification.pages.dev/
AVK,Aravankadu,NSG6,https://railway-stations-classification.pages.dev/
ACPR,Archipathar,NSG6,https://railway-stations-classification.pages.dev/
ARGD,Arigada,NSG6,https://railway-stations-classification.pages.dev/
AS,ARJANSAR,NSG6,https://railway-stations-classification.pages.dev/
AJU,Arjuni,NSG6,https://railway-stations-classification.pages.dev/
ARMU,ARMOOR,NSG6,https://railway-stations-classification.pages.dev/
ARE,ARNETHA,NSG6,https://railway-stations-classification.pages.dev/
ARV,Arni road,NSG6,https://railway-stations-classification.pages.dev/
ARNA,ARNIA,NSG6,https://railway-stations-classification.pages.dev/
ANY,Arumuganeri,NSG6,https://railway-stations-classification.pages.dev/
ARCL,Arunachal,NSG6,https://railway-stations-classification.pages.dev/
AFR,ASAFPUR,NSG6,https://railway-stations-classification.pages.dev/
ASB,Asanboni,NSG6,https://railway-stations-classification.pages.dev/
AST,ASAOTI,NSG6,https://railway-stations-classification.pages.dev/
AAS,ASARANADA,NSG6,https://railway-stations-classification.pages.dev/
ASE,ASAUDAH,NSG6,https://railway-stations-classification.pages.dev/
AQG,ASHAPURA GOMAT,NSG6,https://railway-stations-classification.pages.dev/
AP,Ashokapuram,NSG6,https://railway-stations-classification.pages.dev/
ASAF,ASIFABAD ROAD,NSG6,https://railway-stations-classification.pages.dev/
AGQ,Asirgarh Road,NSG6,https://railway-stations-classification.pages.dev/
ANA,ASLANA,NSG6,https://railway-stations-classification.pages.dev/
ASL,Aslaoda,NSG6,https://railway-stations-classification.pages.dev/
ASLU,ASLU,NSG6,https://railway-stations-classification.pages.dev/
ASP,ASPARI,NSG6,https://railway-stations-classification.pages.dev/
ABO,ASTHAL BOHAR,NSG6,https://railway-stations-classification.pages.dev/
ATWN,Asthwan,NSG6,https://railway-stations-classification.pages.dev/
AV,Asvali,NSG6,https://railway-stations-classification.pages.dev/
ATA,Ata,NSG6,https://railway-stations-classification.pages.dev/
ATT,ATARI,NSG6,https://railway-stations-classification.pages.dev/
AA,Ataria,NSG6,https://railway-stations-classification.pages.dev/
AEL,ATELI,NSG6,https://railway-stations-classification.pages.dev/
ATL,Athmal Gola,NSG6,https://railway-stations-classification.pages.dev/
ASCE,ATHSARAI,NSG6,https://railway-stations-classification.pages.dev/
ATDA,Atladara,NSG6,https://railway-stations-classification.pages.dev/
ARP,ATRAMPUR,NSG6,https://railway-stations-classification.pages.dev/
AUR,ATRAULI ROAD,NSG6,https://railway-stations-classification.pages.dev/
ATRU,ATRU,NSG6,https://railway-stations-classification.pages.dev/
ATS,ATTABIRA,NSG6,https://railway-stations-classification.pages.dev/
ATR,Attar,NSG6,https://railway-stations-classification.pages.dev/
AL,ATTILI,NSG6,https://railway-stations-classification.pages.dev/
ATUL,Atul,NSG6,https://railway-stations-classification.pages.dev/
AJRE,Aujuri,NSG6,https://railway-stations-classification.pages.dev/
AUNG,AUNG,NSG6,https://railway-stations-classification.pages.dev/
OSA,AUSA ROAD,NSG6,https://railway-stations-classification.pages.dev/
AVS,Auvaneeswarem,NSG6,https://railway-stations-classification.pages.dev/
AUWA,Auwa,NSG6,https://railway-stations-classification.pages.dev/
ATPA,AWANTIPURA,NSG6,https://railway-stations-classification.pages.dev/
AWPR,Awapur,NSG6,https://railway-stations-classification.pages.dev/
ATNR,Awtar Nagar,NSG6,https://railway-stations-classification.pages.dev/
AYI,Ayingudi,NSG6,https://railway-stations-classification.pages.dev/
AYR,Ayyalur,NSG6,https://railway-stations-classification.pages.dev/
AZA,Azara,NSG6,https://railway-stations-classification.pages.dev/
ACLE,AZIMGANJ CITY,NSG6,https://railway-stations-classification.pages.dev/
BGNR,B G NAGAR,NSG6,https://railway-stations-classification.pages.dev/
BAD,BAAD,NSG6,https://railway-stations-classification.pages.dev/
BBDE,BABARPUR,NSG6,https://railway-stations-classification.pages.dev/
BTP,BABATPUR,NSG6,https://railway-stations-classification.pages.dev/
BBD,BABLAD,NSG6,https://railway-stations-classification.pages.dev/
BBO,BABUGARH,NSG6,https://railway-stations-classification.pages.dev/
BUPH,Babupeth,NSG6,https://railway-stations-classification.pages.dev/
BCHL,BACHELI,NSG6,https://railway-stations-classification.pages.dev/
BDBA,BADABANDHA,NSG6,https://railway-stations-classification.pages.dev/
BAGL,Badagopal,NSG6,https://railway-stations-classification.pages.dev/
BMPR,Badampahar,NSG6,https://railway-stations-classification.pages.dev/
BPG,Badarpurgh,NSG6,https://railway-stations-classification.pages.dev/
BDWS,BADARWAS,NSG6,https://railway-stations-classification.pages.dev/
BUS,Badausa,NSG6,https://railway-stations-classification.pages.dev/
BWZ,BADDOWAL,NSG6,https://railway-stations-classification.pages.dev/
BDHL,BADHAL,NSG6,https://railway-stations-classification.pages.dev/
BHK,BadhariKalan,NSG6,https://railway-stations-classification.pages.dev/
BDWA,Badhwabara,NSG6,https://railway-stations-classification.pages.dev/
BI,Badisadri,NSG6,https://railway-stations-classification.pages.dev/
BHB,Badlaghat,NSG6,https://railway-stations-classification.pages.dev/
BUDM,BADMAL,NSG6,https://railway-stations-classification.pages.dev/
BDU,BADNAPUR,NSG6,https://railway-stations-classification.pages.dev/
BWS,BADWASI,NSG6,https://railway-stations-classification.pages.dev/
BCJ,Bagaha Bishnupur,NSG6,https://railway-stations-classification.pages.dev/
BGHI,BAGAHAI ROAD,NSG6,https://railway-stations-classification.pages.dev/
BGA,Bagalia,NSG6,https://railway-stations-classification.pages.dev/
BEH,Bagdehi,NSG6,https://railway-stations-classification.pages.dev/
BGPA,Bageshapura,NSG6,https://railway-stations-classification.pages.dev/
BGH,BAGHAULI,NSG6,https://railway-stations-classification.pages.dev/
BBE,Baghibardiha,NSG6,https://railway-stations-classification.pages.dev/
BJQ,BAGHORA,NSG6,https://railway-stations-classification.pages.dev/
BGPL,BAGHUAPAL,NSG6,https://railway-stations-classification.pages.dev/
BMA,Bagmar,NSG6,https://railway-stations-classification.pages.dev/
BGTA,BAGRA TAWA,NSG6,https://railway-stations-classification.pages.dev/
BRQ,Bagrakot,NSG6,https://railway-stations-classification.pages.dev/
BQN,Bagri Nagar,NSG6,https://railway-stations-classification.pages.dev/
BWB,BAGWALI,NSG6,https://railway-stations-classification.pages.dev/
HAB,BAH,NSG6,https://railway-stations-classification.pages.dev/
BSS,BAHADUR SINGH WALA,NSG6,https://railway-stations-classification.pages.dev/
BPD,BAHADURPUR,NSG6,https://railway-stations-classification.pages.dev/
BDO,Bahalda Road,NSG6,https://railway-stations-classification.pages.dev/
BIP,Bahilpurwa,NSG6,https://railway-stations-classification.pages.dev/
BHM,BAHRAM,NSG6,https://railway-stations-classification.pages.dev/
BGUA,BAIGUDA,NSG6,https://railway-stations-classification.pages.dev/
BIZ,Baihata,NSG6,https://railway-stations-classification.pages.dev/
BATL,Baihatola,NSG6,https://railway-stations-classification.pages.dev/
BJPL,BAIJNATH PAPROLA,NSG6,https://railway-stations-classification.pages.dev/
BYP,Baijnathpur,NSG6,https://railway-stations-classification.pages.dev/
BALR,Baitalpur,NSG6,https://railway-stations-classification.pages.dev/
BTV,BAITARNI ROAD,NSG6,https://railway-stations-classification.pages.dev/
BRU,Baiuroganj,NSG6,https://railway-stations-classification.pages.dev/
BLA,BAJALTA,NSG6,https://railway-stations-classification.pages.dev/
BJPD,BAJIPADA,NSG6,https://railway-stations-classification.pages.dev/
BJT,Bajpatti,NSG6,https://railway-stations-classification.pages.dev/
BJG,Bajrangarh,NSG6,https://railway-stations-classification.pages.dev/
BJW,Bajwa,NSG6,https://railway-stations-classification.pages.dev/
BAKL,Bakal,NSG6,https://railway-stations-classification.pages.dev/
BQE,Bakanian Bhaunri,NSG6,https://railway-stations-classification.pages.dev/
BKPR,Bakaspur,NSG6,https://railway-stations-classification.pages.dev/
BKHR,Bakhari,NSG6,https://railway-stations-classification.pages.dev/
BQQ,BAKHLETA,NSG6,https://railway-stations-classification.pages.dev/
VKD,Bakhrabad,NSG6,https://railway-stations-classification.pages.dev/
BKSA,BAKHSHA,NSG6,https://railway-stations-classification.pages.dev/
BKKS,BAKKAS,NSG6,https://railway-stations-classification.pages.dev/
BK,BAKRA ROAD,NSG6,https://railway-stations-classification.pages.dev/
BKRL,Bakrol,NSG6,https://railway-stations-classification.pages.dev/
BKT,Bakshi Ka talab,NSG6,https://railway-stations-classification.pages.dev/
BKTL,Baktal,NSG6,https://railway-stations-classification.pages.dev/
BKLE,BAKUDIH,NSG6,https://railway-stations-classification.pages.dev/
BKLA,Bakulha,NSG6,https://railway-stations-classification.pages.dev/
BLRD,Bala Road,NSG6,https://railway-stations-classification.pages.dev/
BABR,BALANAGAR,NSG6,https://railway-stations-classification.pages.dev/
BLPE,BALAPALLE,NSG6,https://railway-stations-classification.pages.dev/
BLW,BALAWALI,NSG6,https://railway-stations-classification.pages.dev/
BALE,BALE,NSG6,https://railway-stations-classification.pages.dev/
BAHI,Balenahalli,NSG6,https://railway-stations-classification.pages.dev/
BLR,BALGANUR,NSG6,https://railway-stations-classification.pages.dev/
BAE,BALIAKHERI,NSG6,https://railway-stations-classification.pages.dev/
BVU,Balipara,NSG6,https://railway-stations-classification.pages.dev/
BPBS,BALLALPUR,NSG6,https://railway-stations-classification.pages.dev/
BLKR,Ballekere,NSG6,https://railway-stations-classification.pages.dev/
BXA,Balod,NSG6,https://railway-stations-classification.pages.dev/
BPRH,Balpur,NSG6,https://railway-stations-classification.pages.dev/
BBL,BALRAI,NSG6,https://railway-stations-classification.pages.dev/
BLSD,BALSAMAND,NSG6,https://railway-stations-classification.pages.dev/
BLRG,Balsiring,NSG6,https://railway-stations-classification.pages.dev/
WAB,Balva,NSG6,https://railway-stations-classification.pages.dev/
BAWA,BALWARA,NSG6,https://railway-stations-classification.pages.dev/
BXT,Bamanhat,NSG6,https://railway-stations-classification.pages.dev/
BMHR,BAMANHERI,NSG6,https://railway-stations-classification.pages.dev/
BMWS,BAMANWAS,NSG6,https://railway-stations-classification.pages.dev/
BMU,BAMHRAULI,NSG6,https://railway-stations-classification.pages.dev/
BMY,Bamiana,NSG6,https://railway-stations-classification.pages.dev/
BMLL,BAMLA,NSG6,https://railway-stations-classification.pages.dev/
BMZ,Bamour Gaon,NSG6,https://railway-stations-classification.pages.dev/
BMSN,BAMSIN,NSG6,https://railway-stations-classification.pages.dev/
BMGN,Bamunigaon,NSG6,https://railway-stations-classification.pages.dev/
BAMR,BAMUR,NSG6,https://railway-stations-classification.pages.dev/
BGNP,BANAGANAPALLE,NSG6,https://railway-stations-classification.pages.dev/
BYN,Banahi,NSG6,https://railway-stations-classification.pages.dev/
BNO,BANAR,NSG6,https://railway-stations-classification.pages.dev/
BNS,Banas,NSG6,https://railway-stations-classification.pages.dev/
BSN,Banasandra,NSG6,https://railway-stations-classification.pages.dev/
BVR,Banavar,NSG6,https://railway-stations-classification.pages.dev/
BNSA,Banbasa,NSG6,https://railway-stations-classification.pages.dev/
BDW,Bandanwara,NSG6,https://railway-stations-classification.pages.dev/
BXK,Bandarkhal,NSG6,https://railway-stations-classification.pages.dev/
BDPL,BANDARUPALLE,NSG6,https://railway-stations-classification.pages.dev/
BR,BANDH BARETHA,NSG6,https://railway-stations-classification.pages.dev/
BNF,Bandhua,NSG6,https://railway-stations-classification.pages.dev/
BDKN,BANDHUAKALAN,NSG6,https://railway-stations-classification.pages.dev/
BSW,Baneswar,NSG6,https://railway-stations-classification.pages.dev/
BXB,BANGA,NSG6,https://railway-stations-classification.pages.dev/
BGAN,Bangain,NSG6,https://railway-stations-classification.pages.dev/
BJY,Bangalbaree,NSG6,https://railway-stations-classification.pages.dev/
BGMU,BANGARMAU,NSG6,https://railway-stations-classification.pages.dev/
BOD,Bangrod,NSG6,https://railway-stations-classification.pages.dev/
BNGM,Bangurgram,NSG6,https://railway-stations-classification.pages.dev/
BGKA,Bangurkela,NSG6,https://railway-stations-classification.pages.dev/
BANI,BANI,NSG6,https://railway-stations-classification.pages.dev/
BSDA,BANIYA SANDA DHORA,NSG6,https://railway-stations-classification.pages.dev/
BIYA,BANIYANA,NSG6,https://railway-stations-classification.pages.dev/
BKG,Bankaghat,NSG6,https://railway-stations-classification.pages.dev/
BTK,Bankata,NSG6,https://railway-stations-classification.pages.dev/
BNKJ,Bankeyganj,NSG6,https://railway-stations-classification.pages.dev/
BAO,Banmor,NSG6,https://railway-stations-classification.pages.dev/
BNA,BANNIKOPPA,NSG6,https://railway-stations-classification.pages.dev/
BPS,BANPAS,NSG6,https://railway-stations-classification.pages.dev/
BNSP,BANSAPAHAR,NSG6,https://railway-stations-classification.pages.dev/
BCD,Bansdih Road,NSG6,https://railway-stations-classification.pages.dev/
BSBR,BANSHLAI BRIDGE,NSG6,https://railway-stations-classification.pages.dev/
BIQ,BANSI PAHARPUR,NSG6,https://railway-stations-classification.pages.dev/
BQSP,Bansipur,NSG6,https://railway-stations-classification.pages.dev/
BZS,Bansjora,NSG6,https://railway-stations-classification.pages.dev/
BSPX,Banspani,NSG6,https://railway-stations-classification.pages.dev/
BLL,BANTANAHAL,NSG6,https://railway-stations-classification.pages.dev/
BTRA,BANTHRA,NSG6,https://railway-stations-classification.pages.dev/
BWC,BANWALI,NSG6,https://railway-stations-classification.pages.dev/
BOTI,BAORI THIKRIA,NSG6,https://railway-stations-classification.pages.dev/
BAF,BAP,NSG6,https://railway-stations-classification.pages.dev/
BAR,Bar,NSG6,https://railway-stations-classification.pages.dev/
BGD,BARA GUDHA,NSG6,https://railway-stations-classification.pages.dev/
BRM,Barabamboo,NSG6,https://railway-stations-classification.pages.dev/
BBI,BARABANI,NSG6,https://railway-stations-classification.pages.dev/
BCQ,BARACHAK,NSG6,https://railway-stations-classification.pages.dev/
BDS,Baradighi,NSG6,https://railway-stations-classification.pages.dev/
BNM,BARAGAON,NSG6,https://railway-stations-classification.pages.dev/
BAKT,Barahara Kothi,NSG6,https://railway-stations-classification.pages.dev/
BRHU,Barahu,NSG6,https://railway-stations-classification.pages.dev/
BRGM,Baraigram Jn,NSG6,https://railway-stations-classification.pages.dev/
BJMD,Barajamda,NSG6,https://railway-stations-classification.pages.dev/
BARL,BARAL,NSG6,https://railway-stations-classification.pages.dev/
BAA,BARALA,NSG6,https://railway-stations-classification.pages.dev/
BRML,BARAMULLA,NSG6,https://railway-stations-classification.pages.dev/
BRAG,BARANG,NSG6,https://railway-stations-classification.pages.dev/
BRPS,BARAPALASI,NSG6,https://railway-stations-classification.pages.dev/
BUJ,Barauni Flag,NSG6,https://railway-stations-classification.pages.dev/
BWW,Barawaha,NSG6,https://railway-stations-classification.pages.dev/
BRLA,Barayala Chaurai,NSG6,https://railway-stations-classification.pages.dev/
BBTR,Barbatpur,NSG6,https://railway-stations-classification.pages.dev/
BRYC,BAREILLYCANTT,NSG6,https://railway-stations-classification.pages.dev/
BJD,Barejadi Nandej,NSG6,https://railway-stations-classification.pages.dev/
BRZ,BARETA,NSG6,https://railway-stations-classification.pages.dev/
BET,BARETH,NSG6,https://railway-stations-classification.pages.dev/
BRG,BARGARH,NSG6,https://railway-stations-classification.pages.dev/
BUQ,Bargi,NSG6,https://railway-stations-classification.pages.dev/
BRN,BARHAN JN,NSG6,https://railway-stations-classification.pages.dev/
BAGJ,Barharaganj,NSG6,https://railway-stations-classification.pages.dev/
BRHI,Barhi,NSG6,https://railway-stations-classification.pages.dev/
BARI,BARI,NSG6,https://railway-stations-classification.pages.dev/
BBMN,BARI BRAHMANA,NSG6,https://railway-stations-classification.pages.dev/
BKTU,BARI KHATU,NSG6,https://railway-stations-classification.pages.dev/
BRPM,Baripur Mandala,NSG6,https://railway-stations-classification.pages.dev/
BPRA,Baripura,NSG6,https://railway-stations-classification.pages.dev/
BRW,BARIWALA,NSG6,https://railway-stations-classification.pages.dev/
BKA,BARKHERA,NSG6,https://railway-stations-classification.pages.dev/
BICI,Barkichanpi,NSG6,https://railway-stations-classification.pages.dev/
BRKP,Barkipona,NSG6,https://railway-stations-classification.pages.dev/
BSYA,Barkisalaiya,NSG6,https://railway-stations-classification.pages.dev/
BLAX,Barlai,NSG6,https://railway-stations-classification.pages.dev/
BLNG,Barlanga,NSG6,https://railway-stations-classification.pages.dev/
BRLF,Barlongfer,NSG6,https://railway-stations-classification.pages.dev/
BRMA,BARMASIA,NSG6,https://railway-stations-classification.pages.dev/
BOF,BAROG,NSG6,https://railway-stations-classification.pages.dev/
BXP,Barpathar,NSG6,https://railway-stations-classification.pages.dev/
BYS,Barsali,NSG6,https://railway-stations-classification.pages.dev/
BARS,BARSANA,NSG6,https://railway-stations-classification.pages.dev/
BSQ,BARSI TAKLI,NSG6,https://railway-stations-classification.pages.dev/
BZO,BARSOLA,NSG6,https://railway-stations-classification.pages.dev/
BXF,Barsuan,NSG6,https://railway-stations-classification.pages.dev/
BBGN,Barua Bamungaon,NSG6,https://railway-stations-classification.pages.dev/
BRCK,Baruachak,NSG6,https://railway-stations-classification.pages.dev/
BRUD,BARUD,NSG6,https://railway-stations-classification.pages.dev/
BUE,Baruna,NSG6,https://railway-stations-classification.pages.dev/
BNDI,BARUNDANI,NSG6,https://railway-stations-classification.pages.dev/
BAV,BARUVA,NSG6,https://railway-stations-classification.pages.dev/
BWR,Barwa Sagar,NSG6,https://railway-stations-classification.pages.dev/
BXC,BARWALA,NSG6,https://railway-stations-classification.pages.dev/
BRL,Barwala Rd,NSG6,https://railway-stations-classification.pages.dev/
BYHA,BARYARAM,NSG6,https://railway-stations-classification.pages.dev/
BZY,Basai,NSG6,https://railway-stations-classification.pages.dev/
BDXT,BASAI DHANKOT,NSG6,https://railway-stations-classification.pages.dev/
BSPL,BASAMPALLE,NSG6,https://railway-stations-classification.pages.dev/
BSTP,BASANTAPUR,NSG6,https://railway-stations-classification.pages.dev/
BSI,Basbari,NSG6,https://railway-stations-classification.pages.dev/
BED,BASERI,NSG6,https://railway-stations-classification.pages.dev/
BTG,BASHARATGANJ,NSG6,https://railway-stations-classification.pages.dev/
BSKR,BASI KIRATPUR,NSG6,https://railway-stations-classification.pages.dev/
BAI,BASSI,NSG6,https://railway-stations-classification.pages.dev/
BSSL,BASSI BERISAL,NSG6,https://railway-stations-classification.pages.dev/
BSPN,BASSI PATHANAN,NSG6,https://railway-stations-classification.pages.dev/
BDUA,Basudeopur Chandail,NSG6,https://railway-stations-classification.pages.dev/
BSGN,Basugaon,NSG6,https://railway-stations-classification.pages.dev/
BU,BASWA,NSG6,https://railway-stations-classification.pages.dev/
BSLE,BATASPUR,NSG6,https://railway-stations-classification.pages.dev/
BTIC,BATHINDA CANTT,NSG6,https://railway-stations-classification.pages.dev/
BTF,Bathnaha,NSG6,https://railway-stations-classification.pages.dev/
VLA,Bavla,NSG6,https://railway-stations-classification.pages.dev/
BWK,BAWANI KHERA,NSG6,https://railway-stations-classification.pages.dev/
BZGT,Bazarghat Halt,NSG6,https://railway-stations-classification.pages.dev/
BZJT,BAZIDA JATAN,NSG6,https://railway-stations-classification.pages.dev/
BCMR,Bechimari,NSG6,https://railway-stations-classification.pages.dev/
BEDM,BEDHAM,NSG6,https://railway-stations-classification.pages.dev/
BNKM,Beena Ekma,NSG6,https://railway-stations-classification.pages.dev/
BYZA,BEGUNIA,NSG6,https://railway-stations-classification.pages.dev/
BEHJ,BEHAJ,NSG6,https://railway-stations-classification.pages.dev/
BEG,BEHTAGOKAL,NSG6,https://railway-stations-classification.pages.dev/
BLGA,Belagula,NSG6,https://railway-stations-classification.pages.dev/
BLK,Belakoba,NSG6,https://railway-stations-classification.pages.dev/
BIG,Belgahna,NSG6,https://railway-stations-classification.pages.dev/
BYL,Belha,NSG6,https://railway-stations-classification.pages.dev/
BELD,BELKHERA,NSG6,https://railway-stations-classification.pages.dev/
BMKD,BELLAMKONDA,NSG6,https://railway-stations-classification.pages.dev/
BENA,Belonia,NSG6,https://railway-stations-classification.pages.dev/
BPH,Belpahar,NSG6,https://railway-stations-classification.pages.dev/
BXM,Belranyan,NSG6,https://railway-stations-classification.pages.dev/
BLSN,BELSONDA,NSG6,https://railway-stations-classification.pages.dev/
BWD,Belvandi,NSG6,https://railway-stations-classification.pages.dev/
BPE,Benapur,NSG6,https://railway-stations-classification.pages.dev/
BEJ,BENIGANJ,NSG6,https://railway-stations-classification.pages.dev/
BS,BENISAR,NSG6,https://railway-stations-classification.pages.dev/
BEHI,Bennehalli,NSG6,https://railway-stations-classification.pages.dev/
BRNA,Berawanya,NSG6,https://railway-stations-classification.pages.dev/
BRMO,Bermo,NSG6,https://railway-stations-classification.pages.dev/
BERO,Bero,NSG6,https://railway-stations-classification.pages.dev/
BES,Bes,NSG6,https://railway-stations-classification.pages.dev/
BSRL,BESROLI,NSG6,https://railway-stations-classification.pages.dev/
BMH,BETAMCHERLA,NSG6,https://railway-stations-classification.pages.dev/
BYXA,Betgara,NSG6,https://railway-stations-classification.pages.dev/
BTPD,BETHAMPUDI,NSG6,https://railway-stations-classification.pages.dev/
BNL,BEVINAHALU,NSG6,https://railway-stations-classification.pages.dev/
BAH,Bhabhar,NSG6,https://railway-stations-classification.pages.dev/
BFT,BHABTA,NSG6,https://railway-stations-classification.pages.dev/
BBC,BHACHHBAR,NSG6,https://railway-stations-classification.pages.dev/
BDIN,BHADAIYAN,NSG6,https://railway-stations-classification.pages.dev/
BDN,BHADAN,NSG6,https://railway-stations-classification.pages.dev/
BUU,BHADANPUR,NSG6,https://railway-stations-classification.pages.dev/
BWH,Bhadaura,NSG6,https://railway-stations-classification.pages.dev/
BBAI,Bhadbhunja,NSG6,https://railway-stations-classification.pages.dev/
BDI,Bhadli,NSG6,https://railway-stations-classification.pages.dev/
BDRN,Bhadran,NSG6,https://railway-stations-classification.pages.dev/
BDRI,BHADRAULI,NSG6,https://railway-stations-classification.pages.dev/
BHDR,BHADRI,NSG6,https://railway-stations-classification.pages.dev/
BAWD,Bhadwad,NSG6,https://railway-stations-classification.pages.dev/
BJM,Bhagavathipuram,NSG6,https://railway-stations-classification.pages.dev/
BAGA,BHAGEGA,NSG6,https://railway-stations-classification.pages.dev/
BGTN,BHAGTAN WALA,NSG6,https://railway-stations-classification.pages.dev/
BGDS,Bhagwanpur Desua,NSG6,https://railway-stations-classification.pages.dev/
BNSR,BHAGWANSAR,NSG6,https://railway-stations-classification.pages.dev/
BZK,BHAINI KHURD,NSG6,https://railway-stations-classification.pages.dev/
BSA,BHAINSA,NSG6,https://railway-stations-classification.pages.dev/
BHRB,Bhairabi,NSG6,https://railway-stations-classification.pages.dev/
BOG,Bhairongarh,NSG6,https://railway-stations-classification.pages.dev/
BKPT,BHAKARAPETA,NSG6,https://railway-stations-classification.pages.dev/
BLMR,Bhalukmora,NSG6,https://railway-stations-classification.pages.dev/
BHNG,Bhalukpong,NSG6,https://railway-stations-classification.pages.dev/
BUL,Bhalulata,NSG6,https://railway-stations-classification.pages.dev/
BLMK,BHALUMASKA,NSG6,https://railway-stations-classification.pages.dev/
BLNI,BHALWANI,NSG6,https://railway-stations-classification.pages.dev/
BNBR,Bhanagabazzar,NSG6,https://railway-stations-classification.pages.dev/
BNP,BHANAPUR,NSG6,https://railway-stations-classification.pages.dev/
BHA,BHANDAI,NSG6,https://railway-stations-classification.pages.dev/
BUX,Bhandak,NSG6,https://railway-stations-classification.pages.dev/
BHME,Bhandaridah,NSG6,https://railway-stations-classification.pages.dev/
BDKD,Bhandarkund,NSG6,https://railway-stations-classification.pages.dev/
BXG,Bhanga,NSG6,https://railway-stations-classification.pages.dev/
BNGL,BHANGALA,NSG6,https://railway-stations-classification.pages.dev/
VZR,Bhanjpur,NSG6,https://railway-stations-classification.pages.dev/
BKD,Bhankoda,NSG6,https://railway-stations-classification.pages.dev/
BAK,BHANKRI,NSG6,https://railway-stations-classification.pages.dev/
BHNS,BHANSI,NSG6,https://railway-stations-classification.pages.dev/
BPTP,Bhanupratappur,NSG6,https://railway-stations-classification.pages.dev/
BHTK,Bhanwar Tonk,NSG6,https://railway-stations-classification.pages.dev/
BTKP,Bharat Kup,NSG6,https://railway-stations-classification.pages.dev/
BARJ,BHARATGARH,NSG6,https://railway-stations-classification.pages.dev/
BTKD,BHARATKUND,NSG6,https://railway-stations-classification.pages.dev/
BWRA,Bharatwada,NSG6,https://railway-stations-classification.pages.dev/
BRMR,BHARMAR,NSG6,https://railway-stations-classification.pages.dev/
BHRL,BHAROLI Jn,NSG6,https://railway-stations-classification.pages.dev/
BSDL,BHARSENDI,NSG6,https://railway-stations-classification.pages.dev/
BHTL,Bhatel,NSG6,https://railway-stations-classification.pages.dev/
BHTA,Bhatiya,NSG6,https://railway-stations-classification.pages.dev/
BPU,BHAUPUR,NSG6,https://railway-stations-classification.pages.dev/
BVNR,Bhavaninagar,NSG6,https://railway-stations-classification.pages.dev/
BHY,Bhayavadar,NSG6,https://railway-stations-classification.pages.dev/
BDH,BHEDIA,NSG6,https://railway-stations-classification.pages.dev/
BIPR,BHEEMPURA,NSG6,https://railway-stations-classification.pages.dev/
BEP,BHEER PUR,NSG6,https://railway-stations-classification.pages.dev/
BHJA,BHEJA,NSG6,https://railway-stations-classification.pages.dev/
BLV,Bhelwa,NSG6,https://railway-stations-classification.pages.dev/
BRGT,BHERAGHAT,NSG6,https://railway-stations-classification.pages.dev/
BILA,BHESLANA,NSG6,https://railway-stations-classification.pages.dev/
BGVN,BHIGWAN,NSG6,https://railway-stations-classification.pages.dev/
BKC,BHIKAMKOR,NSG6,https://railway-stations-classification.pages.dev/
BKF,Bhikhnathori#,NSG6,https://railway-stations-classification.pages.dev/
BKU,BHIKNUR,NSG6,https://railway-stations-classification.pages.dev/
BIA,Bhilai,NSG6,https://railway-stations-classification.pages.dev/
BQR,BhilaiNagar,NSG6,https://railway-stations-classification.pages.dev/
BVQ,Bhilavdi,NSG6,https://railway-stations-classification.pages.dev/
BHGN,Bhilgaon,NSG6,https://railway-stations-classification.pages.dev/
BMD,BHIMADOLU,NSG6,https://railway-stations-classification.pages.dev/
BIML,Bhimal,NSG6,https://railway-stations-classification.pages.dev/
BMC,Bhimalgondi,NSG6,https://railway-stations-classification.pages.dev/
BMN,Bhimana,NSG6,https://railway-stations-classification.pages.dev/
BMQ,BHIMARLAI,NSG6,https://railway-stations-classification.pages.dev/
BMGA,BHIMGARA,NSG6,https://railway-stations-classification.pages.dev/
BMKJ,BHIMKHOJ,NSG6,https://railway-stations-classification.pages.dev/
BNH,Bhimnath,NSG6,https://railway-stations-classification.pages.dev/
BZM,Bhimsen,NSG6,https://railway-stations-classification.pages.dev/
BWA,Bhinwalia,NSG6,https://railway-stations-classification.pages.dev/
BIK,Bhirakheri,NSG6,https://railway-stations-classification.pages.dev/
BRI,BHIRINGI,NSG6,https://railway-stations-classification.pages.dev/
BTO,BHITAURA,NSG6,https://railway-stations-classification.pages.dev/
BYH,Bhiti,NSG6,https://railway-stations-classification.pages.dev/
BHWR,Bhitiharawa Ashram,NSG6,https://railway-stations-classification.pages.dev/
BHTN,BHITONI,NSG6,https://railway-stations-classification.pages.dev/
BNWC,BHIWANI CITY,NSG6,https://railway-stations-classification.pages.dev/
BWV,Bhiwapur,NSG6,https://railway-stations-classification.pages.dev/
BDMJ,BHODWAL MAJRI,NSG6,https://railway-stations-classification.pages.dev/
BPRS,BHOGPUR SIRWAL,NSG6,https://railway-stations-classification.pages.dev/
BJE,Bhojudih,NSG6,https://railway-stations-classification.pages.dev/
BHV,Bhoma,NSG6,https://railway-stations-classification.pages.dev/
BON,BHONRA,NSG6,https://railway-stations-classification.pages.dev/
BPKA,Bhopalka,NSG6,https://railway-stations-classification.pages.dev/
BFPA,Bhopatpura,NSG6,https://railway-stations-classification.pages.dev/
BRTK,Bhortex,NSG6,https://railway-stations-classification.pages.dev/
BCB,Bhowrah,NSG6,https://railway-stations-classification.pages.dev/
BHAN,Bhoyani,NSG6,https://railway-stations-classification.pages.dev/
Bhua,Bhua,NSG6,https://railway-stations-classification.pages.dev/
BBSN,BHUBANESWAR NEW,NSG6,https://railway-stations-classification.pages.dev/
BCU,BHUCHCHU,NSG6,https://railway-stations-classification.pages.dev/
BPK,Bhugaon,NSG6,https://railway-stations-classification.pages.dev/
BLO,BHULON,NSG6,https://railway-stations-classification.pages.dev/
BEF,Bhupadeopur,NSG6,https://railway-stations-classification.pages.dev/
BSJ,Bhupalsagar,NSG6,https://railway-stations-classification.pages.dev/
BHKD,Bhurkunda,NSG6,https://railway-stations-classification.pages.dev/
BSDP,BHUSANDPUR,NSG6,https://railway-stations-classification.pages.dev/
BN,BIBINAGAR,NSG6,https://railway-stations-classification.pages.dev/
BHWA,Bichhiwara,NSG6,https://railway-stations-classification.pages.dev/
BHPI,BICHHUPALI,NSG6,https://railway-stations-classification.pages.dev/
BIC,Bichia,NSG6,https://railway-stations-classification.pages.dev/
BCP,BICHPURI,NSG6,https://railway-stations-classification.pages.dev/
BDNP,BIDANPUR,NSG6,https://railway-stations-classification.pages.dev/
BIGA,BIGGA,NSG6,https://railway-stations-classification.pages.dev/
BQP,BIGHAPUR,NSG6,https://railway-stations-classification.pages.dev/
BHZ,Bihara,NSG6,https://railway-stations-classification.pages.dev/
BHGJ,Bihariganj,NSG6,https://railway-stations-classification.pages.dev/
BJI,Bijauli,NSG6,https://railway-stations-classification.pages.dev/
BJV,Bijauria,NSG6,https://railway-stations-classification.pages.dev/
VST,BIJAYSOTA,NSG6,https://railway-stations-classification.pages.dev/
BJBA,BIJBIARA,NSG6,https://railway-stations-classification.pages.dev/
BJK,BIJORA,NSG6,https://railway-stations-classification.pages.dev/
BJA,Bijrotha,NSG6,https://railway-stations-classification.pages.dev/
BWSN,BIJWASAN,NSG6,https://railway-stations-classification.pages.dev/
BVL,BIKKAVOLU,NSG6,https://railway-stations-classification.pages.dev/
XBKJ,Bikramganj,NSG6,https://railway-stations-classification.pages.dev/
BMR,BIKRAMPUR,NSG6,https://railway-stations-classification.pages.dev/
BKSL,BIKRAMSILA,NSG6,https://railway-stations-classification.pages.dev/
BLPA,Bilasipara,NSG6,https://railway-stations-classification.pages.dev/
BILD,Bildi,NSG6,https://railway-stations-classification.pages.dev/
BLWR,Bileshwar,NSG6,https://railway-stations-classification.pages.dev/
BZG,BILGA,NSG6,https://railway-stations-classification.pages.dev/
BLG,BILHARGHAT,NSG6,https://railway-stations-classification.pages.dev/
BILK,Bilkha,NSG6,https://railway-stations-classification.pages.dev/
BXLL,Billi Jn,NSG6,https://railway-stations-classification.pages.dev/
BFP,BILOCHPURA,NSG6,https://railway-stations-classification.pages.dev/
BLPU,BILPUR,NSG6,https://railway-stations-classification.pages.dev/
BWI,BILWAI,NSG6,https://railway-stations-classification.pages.dev/
BUF,Bimalgarh,NSG6,https://railway-stations-classification.pages.dev/
BMBE,BIMBARI,NSG6,https://railway-stations-classification.pages.dev/
VNK,Binaiki,NSG6,https://railway-stations-classification.pages.dev/
BUR,Bindaura,NSG6,https://railway-stations-classification.pages.dev/
BKO,BINDKI ROAD,NSG6,https://railway-stations-classification.pages.dev/
BKTB,Bindukuri,NSG6,https://railway-stations-classification.pages.dev/
BIR,BIR,NSG6,https://railway-stations-classification.pages.dev/
BDWL,BIRADHWAL,NSG6,https://railway-stations-classification.pages.dev/
BRMD,Biramdih,NSG6,https://railway-stations-classification.pages.dev/
BMK,BIRANG KHERA,NSG6,https://railway-stations-classification.pages.dev/
BRPT,BIRAPATTI,NSG6,https://railway-stations-classification.pages.dev/
BIRP,Birarajpur,NSG6,https://railway-stations-classification.pages.dev/
BRRI,Birari,NSG6,https://railway-stations-classification.pages.dev/
BIRL,Biraul,NSG6,https://railway-stations-classification.pages.dev/
BLNR,Birlanagar,NSG6,https://railway-stations-classification.pages.dev/
BRMP,Birmitrapur,NSG6,https://railway-stations-classification.pages.dev/
BEO,BIROHI,NSG6,https://railway-stations-classification.pages.dev/
BRLY,Biroliya,NSG6,https://railway-stations-classification.pages.dev/
BIB,Birpur,NSG6,https://railway-stations-classification.pages.dev/
BRST,BIRPURUSOTHAMPUR,NSG6,https://railway-stations-classification.pages.dev/
BRA,Birsola,NSG6,https://railway-stations-classification.pages.dev/
BIWK,Bisalwas Kalan,NSG6,https://railway-stations-classification.pages.dev/
BSM,BISANATHAM,NSG6,https://railway-stations-classification.pages.dev/
BLGH,Bishalgarh,NSG6,https://railway-stations-classification.pages.dev/
BSPH,BISHANPUR HARYANA,NSG6,https://railway-stations-classification.pages.dev/
BISH,BISHENGARH,NSG6,https://railway-stations-classification.pages.dev/
BEU,Bisheshwarganj,NSG6,https://railway-stations-classification.pages.dev/
BHRM,Bishramganj,NSG6,https://railway-stations-classification.pages.dev/
BZR,Bisra,NSG6,https://railway-stations-classification.pages.dev/
BMCK,BISSAM CUTTACK,NSG6,https://railway-stations-classification.pages.dev/
BUB,BISSAU,NSG6,https://railway-stations-classification.pages.dev/
BGSF,BISUGIR SHAREEF,NSG6,https://railway-stations-classification.pages.dev/
BIS,Biswa Bridge,NSG6,https://railway-stations-classification.pages.dev/
BVN,Biswan,NSG6,https://railway-stations-classification.pages.dev/
BTHL,Bithauli Flag,NSG6,https://railway-stations-classification.pages.dev/
BW,BIWAI,NSG6,https://railway-stations-classification.pages.dev/
BOBS,BOBAS,NSG6,https://railway-stations-classification.pages.dev/
BCHN,Bochsan Jn,NSG6,https://railway-stations-classification.pages.dev/
BODG,Bodagram (PH),NSG6,https://railway-stations-classification.pages.dev/
BBW,Bodarwar,NSG6,https://railway-stations-classification.pages.dev/
BDVR,BODDAVARA,NSG6,https://railway-stations-classification.pages.dev/
BDXX,BODEARAPUR,NSG6,https://railway-stations-classification.pages.dev/
BDE,Bodeli,NSG6,https://railway-stations-classification.pages.dev/
BHBK,BODHADI BUJRUG,NSG6,https://railway-stations-classification.pages.dev/
BDHN,BODHAN,NSG6,https://railway-stations-classification.pages.dev/
BDWD,Bodwad,NSG6,https://railway-stations-classification.pages.dev/
BGND,Boginadi,NSG6,https://railway-stations-classification.pages.dev/
BVO,BOGOLU,NSG6,https://railway-stations-classification.pages.dev/
BGBI,Bogribari,NSG6,https://railway-stations-classification.pages.dev/
BNE,BOHANI,NSG6,https://railway-stations-classification.pages.dev/
BONA,BOINDA,NSG6,https://railway-stations-classification.pages.dev/
BOKO,Boko,NSG6,https://railway-stations-classification.pages.dev/
BLX,Bolai,NSG6,https://railway-stations-classification.pages.dev/
BLC,BOLDA,NSG6,https://railway-stations-classification.pages.dev/
BLND,BOLINA DOABA,NSG6,https://railway-stations-classification.pages.dev/
BLSA,BOLSA,NSG6,https://railway-stations-classification.pages.dev/
BOM,BOMADRA,NSG6,https://railway-stations-classification.pages.dev/
BOMN,Bommagondanakere,NSG6,https://railway-stations-classification.pages.dev/
BUM,BOMMASAMUDRAM,NSG6,https://railway-stations-classification.pages.dev/
BKL,BONAKALU,NSG6,https://railway-stations-classification.pages.dev/
BNDM,Bondamunda,NSG6,https://railway-stations-classification.pages.dev/
BDAG,BONIDANGA,NSG6,https://railway-stations-classification.pages.dev/
BOW,BORAWAR,NSG6,https://railway-stations-classification.pages.dev/
BIO,Bordi,NSG6,https://railway-stations-classification.pages.dev/
BDLN,Bordoloni,NSG6,https://railway-stations-classification.pages.dev/
BGN,Borgaon,NSG6,https://railway-stations-classification.pages.dev/
BFD,Borhat,NSG6,https://railway-stations-classification.pages.dev/
BRB,BORIBIAL,NSG6,https://railway-stations-classification.pages.dev/
BRND,Boridand,NSG6,https://railway-stations-classification.pages.dev/
BOK,Borkhedi,NSG6,https://railway-stations-classification.pages.dev/
BOT,BOROTI,NSG6,https://railway-stations-classification.pages.dev/
BGHU,BORRAGUHALU,NSG6,https://railway-stations-classification.pages.dev/
BTL,Bortalao,NSG6,https://railway-stations-classification.pages.dev/
BWCN,Bowaichandi,NSG6,https://railway-stations-classification.pages.dev/
BXHT,Boxirhat,NSG6,https://railway-stations-classification.pages.dev/
BRT,Brahmavart,NSG6,https://railway-stations-classification.pages.dev/
BMP,Brahmpuri,NSG6,https://railway-stations-classification.pages.dev/
BRSQ,BRAR SQUARE,NSG6,https://railway-stations-classification.pages.dev/
BMJ,Bridgman ganj,NSG6,https://railway-stations-classification.pages.dev/
BINR,BRIJ NAGAR,NSG6,https://railway-stations-classification.pages.dev/
BXQ,BRUNDAMAL,NSG6,https://railway-stations-classification.pages.dev/
BDY,Buddireddippatti,NSG6,https://railway-stations-classification.pages.dev/
BDGM,BUDGAM,NSG6,https://railway-stations-classification.pages.dev/
BDPK,BUDHAPANK,NSG6,https://railway-stations-classification.pages.dev/
BDHY,BUDHI,NSG6,https://railway-stations-classification.pages.dev/
BDMA,Budhma,NSG6,https://railway-stations-classification.pages.dev/
BNI,BUDNI,NSG6,https://railway-stations-classification.pages.dev/
BEY,BUGGANAPALLE CEMENT NAGAR,NSG6,https://railway-stations-classification.pages.dev/
BHX,BULLUANA,NSG6,https://railway-stations-classification.pages.dev/
BEK,BUNDKI,NSG6,https://railway-stations-classification.pages.dev/
BPW,Burhpura,NSG6,https://railway-stations-classification.pages.dev/
BTR,BUTARI,NSG6,https://railway-stations-classification.pages.dev/
BTBR,Butibori,NSG6,https://railway-stations-classification.pages.dev/
BDRL,Byadarahalli,NSG6,https://railway-stations-classification.pages.dev/
BYY,BYREE,NSG6,https://railway-stations-classification.pages.dev/
CM,Campierganj,NSG6,https://railway-stations-classification.pages.dev/
CSM,CANSAULIM,NSG6,https://railway-stations-classification.pages.dev/
CRX,Carron,NSG6,https://railway-stations-classification.pages.dev/
CLR,CASTLE ROCK,NSG6,https://railway-stations-classification.pages.dev/
CV,Cauvery,NSG6,https://railway-stations-classification.pages.dev/
CHB,Chabua,NSG6,https://railway-stations-classification.pages.dev/
CHCR,Chacher,NSG6,https://railway-stations-classification.pages.dev/
CNPR,Chainpur,NSG6,https://railway-stations-classification.pages.dev/
CW,Chainwa,NSG6,https://railway-stations-classification.pages.dev/
CJL,CHAJLI,NSG6,https://railway-stations-classification.pages.dev/
CKLA,CHAK BANWALA,NSG6,https://railway-stations-classification.pages.dev/
CKDL,CHAK DAYALA,NSG6,https://railway-stations-classification.pages.dev/
CRWL,CHAK RAKHWAL,NSG6,https://railway-stations-classification.pages.dev/
CSR,Chak Sikandar,NSG6,https://railway-stations-classification.pages.dev/
CKH,Chakand,NSG6,https://railway-stations-classification.pages.dev/
CHK,CHAKERI,NSG6,https://railway-stations-classification.pages.dev/
CKRD,Chakmakrand,NSG6,https://railway-stations-classification.pages.dev/
CAJ,CHAKRAJ MAL,NSG6,https://railway-stations-classification.pages.dev/
CKS,CHAKSU,NSG6,https://railway-stations-classification.pages.dev/
CKX,CHAKUR,NSG6,https://railway-stations-classification.pages.dev/
CLC,Chalala,NSG6,https://railway-stations-classification.pages.dev/
CLI,Chalgeri,NSG6,https://railway-stations-classification.pages.dev/
CKW,Chalkhoa,NSG6,https://railway-stations-classification.pages.dev/
CHKE,Challakere,NSG6,https://railway-stations-classification.pages.dev/
CLPE,CHALLAVARIPALLE,NSG6,https://railway-stations-classification.pages.dev/
CLD,Chalsa,NSG6,https://railway-stations-classification.pages.dev/
CMX,CHAMAGRAM,NSG6,https://railway-stations-classification.pages.dev/
CJR,Chamaraj,NSG6,https://railway-stations-classification.pages.dev/
CMJ,Chamarajapuram,NSG6,https://railway-stations-classification.pages.dev/
CJQ,Champajharan,NSG6,https://railway-stations-classification.pages.dev/
CPN,Champaner Rd,NSG6,https://railway-stations-classification.pages.dev/
CHU,CHAMPION,NSG6,https://railway-stations-classification.pages.dev/
CHRU,Chamraua,NSG6,https://railway-stations-classification.pages.dev/
CMR,CHAMROLA,NSG6,https://railway-stations-classification.pages.dev/
CAMU,Chamua,NSG6,https://railway-stations-classification.pages.dev/
CSMA,Chanasama,NSG6,https://railway-stations-classification.pages.dev/
CCL,Chanchelav,NSG6,https://railway-stations-classification.pages.dev/
CBX,CHAND BHAN,NSG6,https://railway-stations-classification.pages.dev/
CNDN,CHANDAN,NSG6,https://railway-stations-classification.pages.dev/
CNR,CHANDAR GOA,NSG6,https://railway-stations-classification.pages.dev/
CNBI,CHANDARI,NSG6,https://railway-stations-classification.pages.dev/
CDMR,Chandauli Majhwar,NSG6,https://railway-stations-classification.pages.dev/
CNL,Chandawal,NSG6,https://railway-stations-classification.pages.dev/
CNDM,CHANDI MANDIR,NSG6,https://railway-stations-classification.pages.dev/
CHD,Chandia Road,NSG6,https://railway-stations-classification.pages.dev/
CIKR,CHANDIKHOLE RD,NSG6,https://railway-stations-classification.pages.dev/
CPE,Chandiposh,NSG6,https://railway-stations-classification.pages.dev/
CDK,Chandkheda,NSG6,https://railway-stations-classification.pages.dev/
CDI,Chandni,NSG6,https://railway-stations-classification.pages.dev/
CDD,Chandod,NSG6,https://railway-stations-classification.pages.dev/
CNK,CHANDOK,NSG6,https://railway-stations-classification.pages.dev/
CGI,CHANDRAGIRI,NSG6,https://railway-stations-classification.pages.dev/
CNE,Chandranathpur,NSG6,https://railway-stations-classification.pages.dev/
CNDB,Chandur Bazar,NSG6,https://railway-stations-classification.pages.dev/
CGS,Changsari,NSG6,https://railway-stations-classification.pages.dev/
CHNN,CHANNANI,NSG6,https://railway-stations-classification.pages.dev/
CSDR,CHANNASANDRA,NSG6,https://railway-stations-classification.pages.dev/
CX,Chanol,NSG6,https://railway-stations-classification.pages.dev/
CAPG,Chapaguri,NSG6,https://railway-stations-classification.pages.dev/
CHAA,Chapar,NSG6,https://railway-stations-classification.pages.dev/
CPQ,Chaprakata,NSG6,https://railway-stations-classification.pages.dev/
CJS,CHARAMULA KUSUMI,NSG6,https://railway-stations-classification.pages.dev/
CRW,CHARAUD,NSG6,https://railway-stations-classification.pages.dev/
CBT,CHARBATIA,NSG6,https://railway-stations-classification.pages.dev/
CBG,Charbhuja Road,NSG6,https://railway-stations-classification.pages.dev/
CRN,Charegaon,NSG6,https://railway-stations-classification.pages.dev/
CGX,Chargola,NSG6,https://railway-stations-classification.pages.dev/
CHRI,Charhi,NSG6,https://railway-stations-classification.pages.dev/
CGF,Chariali,NSG6,https://railway-stations-classification.pages.dev/
CRC,Charkhari Road,NSG6,https://railway-stations-classification.pages.dev/
CRK,CHARKHERA,NSG6,https://railway-stations-classification.pages.dev/
CKKD,CHARKHERA KHURD,NSG6,https://railway-stations-classification.pages.dev/
CHAR,CHARMAL,NSG6,https://railway-stations-classification.pages.dev/
CHJ,CHATA,NSG6,https://railway-stations-classification.pages.dev/
CTJ,CHATAINI,NSG6,https://railway-stations-classification.pages.dev/
CAT,Chatarhat,NSG6,https://railway-stations-classification.pages.dev/
CTS,CHATARIPUT,NSG6,https://railway-stations-classification.pages.dev/
CTR,CHATRA,NSG6,https://railway-stations-classification.pages.dev/
CHPT,Chatrappatti,NSG6,https://railway-stations-classification.pages.dev/
CBR,Chaubepur,NSG6,https://railway-stations-classification.pages.dev/
CBH,Chaubey,NSG6,https://railway-stations-classification.pages.dev/
CHBS,CHAUBISI,NSG6,https://railway-stations-classification.pages.dev/
CDB,Chaudhuri Bandh,NSG6,https://railway-stations-classification.pages.dev/
CKM,CHAUKIMAN,NSG6,https://railway-stations-classification.pages.dev/
CNH,Chaunrah,NSG6,https://railway-stations-classification.pages.dev/
CHUH,Chaurai,NSG6,https://railway-stations-classification.pages.dev/
CRKR,CHAURAKHERI,NSG6,https://railway-stations-classification.pages.dev/
CSA,Chausa,NSG6,https://railway-stations-classification.pages.dev/
CROA,Chautara,NSG6,https://railway-stations-classification.pages.dev/
CVD,Chavadipalaiyam,NSG6,https://railway-stations-classification.pages.dev/
CVJ,Chavaj,NSG6,https://railway-stations-classification.pages.dev/
CHLK,Chavalkhede,NSG6,https://railway-stations-classification.pages.dev/
CHA,CHAWAPAIL,NSG6,https://railway-stations-classification.pages.dev/
CGON,Chaygaon,NSG6,https://railway-stations-classification.pages.dev/
CEM,CHEEKATEEGALAPALEM,NSG6,https://railway-stations-classification.pages.dev/
CGTA,CHEGUNTA,NSG6,https://railway-stations-classification.pages.dev/
CMZ,CHELAMA,NSG6,https://railway-stations-classification.pages.dev/
CHPD,Cheppad,NSG6,https://railway-stations-classification.pages.dev/
SMD,Cheran mahadevi,NSG6,https://railway-stations-classification.pages.dev/
CEL,CHERBROLU,NSG6,https://railway-stations-classification.pages.dev/
CVV,CHERUVUMADHAVARAM,NSG6,https://railway-stations-classification.pages.dev/
CTND,Chettinad,NSG6,https://railway-stations-classification.pages.dev/
CJW,CHHAJAWA,NSG6,https://railway-stations-classification.pages.dev/
CHLR,CHHALESAR,NSG6,https://railway-stations-classification.pages.dev/
CHNR,CHHAN ARORIAN,NSG6,https://railway-stations-classification.pages.dev/
CDRL,CHHANDRAULI,NSG6,https://railway-stations-classification.pages.dev/
CHP,Chhapi,NSG6,https://railway-stations-classification.pages.dev/
CHPG,Chhapra Gramin,NSG6,https://railway-stations-classification.pages.dev/
CHRA,Chharra,NSG6,https://railway-stations-classification.pages.dev/
CJN,Chhatna,NSG6,https://railway-stations-classification.pages.dev/
CHH,CHHAUKHANDI,NSG6,https://railway-stations-classification.pages.dev/
CAO,Chhauradano,NSG6,https://railway-stations-classification.pages.dev/
CIA,CHHEHARTA,NSG6,https://railway-stations-classification.pages.dev/
CHN,CHHINA,NSG6,https://railway-stations-classification.pages.dev/
CTW,CHHINTANWALA,NSG6,https://railway-stations-classification.pages.dev/
CPDR,Chhipadohar,NSG6,https://railway-stations-classification.pages.dev/
COD,CHHOTA GUDA,NSG6,https://railway-stations-classification.pages.dev/
COO,CHHOTI ODAI,NSG6,https://railway-stations-classification.pages.dev/
CCP,Chhuchhapura,NSG6,https://railway-stations-classification.pages.dev/
CLF,Chhulha,NSG6,https://railway-stations-classification.pages.dev/
CCK,Chichaki,NSG6,https://railway-stations-classification.pages.dev/
CCD,Chichonda,NSG6,https://railway-stations-classification.pages.dev/
CCA,CHIGICHERLA,NSG6,https://railway-stations-classification.pages.dev/
CEU,CHIHERU,NSG6,https://railway-stations-classification.pages.dev/
CTH,CHIKALTHAN,NSG6,https://railway-stations-classification.pages.dev/
CKNA,Chikana,NSG6,https://railway-stations-classification.pages.dev/
CIK,CHIKASANA,NSG6,https://railway-stations-classification.pages.dev/
CBP,CHIKBALLAPUR,NSG6,https://railway-stations-classification.pages.dev/
CMGR,Chikmagalur,NSG6,https://railway-stations-classification.pages.dev/
CKNI,Chikni Road,NSG6,https://railway-stations-classification.pages.dev/
CKR,CHIKODI ROAD,NSG6,https://railway-stations-classification.pages.dev/
CK,CHIKSUGUR,NSG6,https://railway-stations-classification.pages.dev/
CLU,CHILAKALAPUDI,NSG6,https://railway-stations-classification.pages.dev/
CIL,CHILBILA,NSG6,https://railway-stations-classification.pages.dev/
CIH,Chilhia,NSG6,https://railway-stations-classification.pages.dev/
CLDR,CHILIKDARA,NSG6,https://railway-stations-classification.pages.dev/
CLKA,CHILKA,NSG6,https://railway-stations-classification.pages.dev/
CHR,Chilkahar,NSG6,https://railway-stations-classification.pages.dev/
CLO,CHILO,NSG6,https://railway-stations-classification.pages.dev/
CLW,Chilwaria,NSG6,https://railway-stations-classification.pages.dev/
CMW,CHIMALPAHAD,NSG6,https://railway-stations-classification.pages.dev/
CMDP,CHIMIDIPALLI,NSG6,https://railway-stations-classification.pages.dev/
CJM,CHINAGANJAM,NSG6,https://railway-stations-classification.pages.dev/
CNC,CHINCHLI,NSG6,https://railway-stations-classification.pages.dev/
CPD,Chinchpada,NSG6,https://railway-stations-classification.pages.dev/
CGV,Chingavanam,NSG6,https://railway-stations-classification.pages.dev/
CBU,Chinnababu samudram,NSG6,https://railway-stations-classification.pages.dev/
CIV,CHINNARAVUR,NSG6,https://railway-stations-classification.pages.dev/
CCI,CHINNEKUNTAPALLI,NSG6,https://railway-stations-classification.pages.dev/
CPLE,CHINPAI,NSG6,https://railway-stations-classification.pages.dev/
CKN,CHINTAKANI,NSG6,https://railway-stations-classification.pages.dev/
CLE,CHINTALPALLI,NSG6,https://railway-stations-classification.pages.dev/
CNN,Chintaman Ganesh,NSG6,https://railway-stations-classification.pages.dev/
CMY,CHINTAMANI,NSG6,https://railway-stations-classification.pages.dev/
CHMG,CHINTPURNI MARG,NSG6,https://railway-stations-classification.pages.dev/
CID,Chiraidongri,NSG6,https://railway-stations-classification.pages.dev/
CGN,Chirgaon,NSG6,https://railway-stations-classification.pages.dev/
CIRL,Chirula,NSG6,https://railway-stations-classification.pages.dev/
CBN,Chit Baragaon,NSG6,https://railway-stations-classification.pages.dev/
CTHR,CHITAHRA,NSG6,https://railway-stations-classification.pages.dev/
CTL,Chital,NSG6,https://railway-stations-classification.pages.dev/
CIT,Chitali,NSG6,https://railway-stations-classification.pages.dev/
CTF,CHITGIDDA,NSG6,https://railway-stations-classification.pages.dev/
CHIT,Chithari Halt,NSG6,https://railway-stations-classification.pages.dev/
CTT,Chitrasani,NSG6,https://railway-stations-classification.pages.dev/
CTRE,Chitteri,NSG6,https://railway-stations-classification.pages.dev/
CTYL,CHITYALA,NSG6,https://railway-stations-classification.pages.dev/
CDL,CHODIALA,NSG6,https://railway-stations-classification.pages.dev/
CGH,CHOLANG,NSG6,https://railway-stations-classification.pages.dev/
CWI,CHONDI,NSG6,https://railway-stations-classification.pages.dev/
CJA,Chongajan,NSG6,https://railway-stations-classification.pages.dev/
CRL,Choral,NSG6,https://railway-stations-classification.pages.dev/
CRND,Choranda,NSG6,https://railway-stations-classification.pages.dev/
CVR,Chorvad Road,NSG6,https://railway-stations-classification.pages.dev/
CAM,CHOTA AMBANA,NSG6,https://railway-stations-classification.pages.dev/
CTD,Chottaudepur,NSG6,https://railway-stations-classification.pages.dev/
CUE,Choupale,NSG6,https://railway-stations-classification.pages.dev/
CWT,CHOWHATTA,NSG6,https://railway-stations-classification.pages.dev/
CKG,Chowka ghat,NSG6,https://railway-stations-classification.pages.dev/
CWLE,CHOWRIGACHA,NSG6,https://railway-stations-classification.pages.dev/
CDA,Chuda,NSG6,https://railway-stations-classification.pages.dev/
CRU,CHUDAWA,NSG6,https://railway-stations-classification.pages.dev/
CWDA,CHUHRIWALA DHANNA,NSG6,https://railway-stations-classification.pages.dev/
CBZ,Churaibari,NSG6,https://railway-stations-classification.pages.dev/
CHTL,CHURARU TAKARLA,NSG6,https://railway-stations-classification.pages.dev/
CRV,Chureb,NSG6,https://railway-stations-classification.pages.dev/
CUK,CHURK,NSG6,https://railway-stations-classification.pages.dev/
CHRK,Churki,NSG6,https://railway-stations-classification.pages.dev/
CMA,Cinamara,NSG6,https://railway-stations-classification.pages.dev/
CBJ,CLUTTERBUCKGANJ,NSG6,https://railway-stations-classification.pages.dev/
CBF,Coimbatore north jn,NSG6,https://railway-stations-classification.pages.dev/
COB,Coochbehar,NSG6,https://railway-stations-classification.pages.dev/
COL,COROMANDEL,NSG6,https://railway-stations-classification.pages.dev/
DB,Dabhoi Jn,NSG6,https://railway-stations-classification.pages.dev/
DBLA,DABLA,NSG6,https://railway-stations-classification.pages.dev/
DBI,DABLI RATHAN,NSG6,https://railway-stations-classification.pages.dev/
DBF,DABPAL,NSG6,https://railway-stations-classification.pages.dev/
DPH,Dadhapara,NSG6,https://railway-stations-classification.pages.dev/
DDV,DADHDEVI,NSG6,https://railway-stations-classification.pages.dev/
DRHI,DAGAR KHEDI,NSG6,https://railway-stations-classification.pages.dev/
DAO,Daghora,NSG6,https://railway-stations-classification.pages.dev/
DAP,DAGMAGPUR,NSG6,https://railway-stations-classification.pages.dev/
DGS,Dagori,NSG6,https://railway-stations-classification.pages.dev/
DAU,DAGRU,NSG6,https://railway-stations-classification.pages.dev/
DAE,Dahegaon,NSG6,https://railway-stations-classification.pages.dev/
DGFJ,Dahej,NSG6,https://railway-stations-classification.pages.dev/
DZB,DAHINA-ZAINABAD,NSG6,https://railway-stations-classification.pages.dev/
DAC,Dahinsara,NSG6,https://railway-stations-classification.pages.dev/
DWA,Dailwara,NSG6,https://railway-stations-classification.pages.dev/
DK,Dakor,NSG6,https://railway-stations-classification.pages.dev/
DL,Daladi,NSG6,https://railway-stations-classification.pages.dev/
DLF,Dalan,NSG6,https://railway-stations-classification.pages.dev/
DLD,Dalauda,NSG6,https://railway-stations-classification.pages.dev/
DVM,Dalbhumgarh,NSG6,https://railway-stations-classification.pages.dev/
DLDE,Daldali,NSG6,https://railway-stations-classification.pages.dev/
DLQ,DALELNAGAR,NSG6,https://railway-stations-classification.pages.dev/
DLSR,DALHOUSIE ROAD,NSG6,https://railway-stations-classification.pages.dev/
DLP,DALPATPUR,NSG6,https://railway-stations-classification.pages.dev/
DDM,Dam Dim,NSG6,https://railway-stations-classification.pages.dev/
DCU,DAMALCHERUVU,NSG6,https://railway-stations-classification.pages.dev/
DCA,Damchara,NSG6,https://railway-stations-classification.pages.dev/
DME,Damnagar,NSG6,https://railway-stations-classification.pages.dev/
DMA,Damodar,NSG6,https://railway-stations-classification.pages.dev/
DPL,Danauli Phulwaria,NSG6,https://railway-stations-classification.pages.dev/
DED,DANDELI,NSG6,https://railway-stations-classification.pages.dev/
DNRA,DANDHERA,NSG6,https://railway-stations-classification.pages.dev/
DNQ,Dandkhora,NSG6,https://railway-stations-classification.pages.dev/
DNEA,Danea,NSG6,https://railway-stations-classification.pages.dev/
DNW,Dangarwa,NSG6,https://railway-stations-classification.pages.dev/
DPS,Dangoaposi,NSG6,https://railway-stations-classification.pages.dev/
DTX,Dangtal,NSG6,https://railway-stations-classification.pages.dev/
DHWN,Daniawan,NSG6,https://railway-stations-classification.pages.dev/
DSPT,Danishpet,NSG6,https://railway-stations-classification.pages.dev/
DNT,Dantan,NSG6,https://railway-stations-classification.pages.dev/
DWZ,DANTEWARA,NSG6,https://railway-stations-classification.pages.dev/
DAR,DANWAR,NSG6,https://railway-stations-classification.pages.dev/
DJA,Daotuhaja,NSG6,https://railway-stations-classification.pages.dev/
DHPR,DAPPER,NSG6,https://railway-stations-classification.pages.dev/
DARA,DARA,NSG6,https://railway-stations-classification.pages.dev/
DRGJ,Daraganj,NSG6,https://railway-stations-classification.pages.dev/
DRV,Darauli,NSG6,https://railway-stations-classification.pages.dev/
DZP,DARAZPUR,NSG6,https://railway-stations-classification.pages.dev/
DKS,Darekasa,NSG6,https://railway-stations-classification.pages.dev/
DPC,DARLIPUT,NSG6,https://railway-stations-classification.pages.dev/
DAJ,DAROJI ROAD,NSG6,https://railway-stations-classification.pages.dev/
DTL,Darritola,NSG6,https://railway-stations-classification.pages.dev/
DRG,DARSHANNAGAR,NSG6,https://railway-stations-classification.pages.dev/
DYP,DARYAPUR,NSG6,https://railway-stations-classification.pages.dev/
DST,Dasampatti,NSG6,https://railway-stations-classification.pages.dev/
DS,DASNA,NSG6,https://railway-stations-classification.pages.dev/
DSPL,DASPALLA,NSG6,https://railway-stations-classification.pages.dev/
DRTP,DASRATHPUR,NSG6,https://railway-stations-classification.pages.dev/
DAQ,DAUD KHAN,NSG6,https://railway-stations-classification.pages.dev/
DDP,Daudpur,NSG6,https://railway-stations-classification.pages.dev/
DLB,DAULATABAD,NSG6,https://railway-stations-classification.pages.dev/
DOC,DAUN KALAN,NSG6,https://railway-stations-classification.pages.dev/
DNJ,Daundaj,NSG6,https://railway-stations-classification.pages.dev/
DOZ,Daurai,NSG6,https://railway-stations-classification.pages.dev/
DRLA,DAURALA,NSG6,https://railway-stations-classification.pages.dev/
DSNI,DAUSNI,NSG6,https://railway-stations-classification.pages.dev/
DBSI,DAYA BASTI,NSG6,https://railway-stations-classification.pages.dev/
DRB,Debari,NSG6,https://railway-stations-classification.pages.dev/
DAKD,Dekakund,NSG6,https://railway-stations-classification.pages.dev/
DEG,DELANG,NSG6,https://railway-stations-classification.pages.dev/
DAZ,DELHI AZADPUR,NSG6,https://railway-stations-classification.pages.dev/
DVA,Delvada,NSG6,https://railway-stations-classification.pages.dev/
DGPP,DENGLI PIMPALGAON,NSG6,https://railway-stations-classification.pages.dev/
DOBH,DEOBAHAL,NSG6,https://railway-stations-classification.pages.dev/
DFR,DEOGAON ROAD,NSG6,https://railway-stations-classification.pages.dev/
DJHR,Deojhar,NSG6,https://railway-stations-classification.pages.dev/
DELI,Deoli,NSG6,https://railway-stations-classification.pages.dev/
DRGM,DEORAGRAM,NSG6,https://railway-stations-classification.pages.dev/
DELO,DEORAKOT,NSG6,https://railway-stations-classification.pages.dev/
DRN,Deoranian,NSG6,https://railway-stations-classification.pages.dev/
DOE,DEORI,NSG6,https://railway-stations-classification.pages.dev/
DOTL,Deotal,NSG6,https://railway-stations-classification.pages.dev/
DEP,DEPALSAR,NSG6,https://railway-stations-classification.pages.dev/
DBNK,DERA BABA NANAK,NSG6,https://railway-stations-classification.pages.dev/
DSLP,Deshalpur,NSG6,https://railway-stations-classification.pages.dev/
DSPN,Despran,NSG6,https://railway-stations-classification.pages.dev/
DUR,DESUR ROAD,NSG6,https://railway-stations-classification.pages.dev/
DET,Det,NSG6,https://railway-stations-classification.pages.dev/
DTJ,Detroj,NSG6,https://railway-stations-classification.pages.dev/
DAV,DEVALGAON AVCHAR,NSG6,https://railway-stations-classification.pages.dev/
DHL,DEVANAHALLI,NSG6,https://railway-stations-classification.pages.dev/
VNR,Devanur,NSG6,https://railway-stations-classification.pages.dev/
DAD,Devaragudda,NSG6,https://railway-stations-classification.pages.dev/
DPE,DEVARAPALLI,NSG6,https://railway-stations-classification.pages.dev/
DEV,DEVARAYI,NSG6,https://railway-stations-classification.pages.dev/
DKC,DEVARKADRA,NSG6,https://railway-stations-classification.pages.dev/
DKN,DEVNGONTHI,NSG6,https://railway-stations-classification.pages.dev/
DPZ,DEVPURA,NSG6,https://railway-stations-classification.pages.dev/
DEW,Dewalgaon,NSG6,https://railway-stations-classification.pages.dev/
DWG,DEWANGANJ,NSG6,https://railway-stations-classification.pages.dev/
DWT,Dewanhat,NSG6,https://railway-stations-classification.pages.dev/
DABN,DHABAN,NSG6,https://railway-stations-classification.pages.dev/
DBN,DHABLAN,NSG6,https://railway-stations-classification.pages.dev/
DHRY,Dhaipukhuri,NSG6,https://railway-stations-classification.pages.dev/
DQL,Dhalaibi,NSG6,https://railway-stations-classification.pages.dev/
DLGN,DHALGAON,NSG6,https://railway-stations-classification.pages.dev/
DMGN,Dhamalgaon,NSG6,https://railway-stations-classification.pages.dev/
DHT,Dhamaraghat,NSG6,https://railway-stations-classification.pages.dev/
DDX,DHAMDHAMIA,NSG6,https://railway-stations-classification.pages.dev/
DNE,DHAMNI,NSG6,https://railway-stations-classification.pages.dev/
DAM,DHAMORA,NSG6,https://railway-stations-classification.pages.dev/
DTN,DHAMTAN SAHIB,NSG6,https://railway-stations-classification.pages.dev/
DTR,Dhamtari,NSG6,https://railway-stations-classification.pages.dev/
DN,DHANARI,NSG6,https://railway-stations-classification.pages.dev/
DNRE,DHANAURI,NSG6,https://railway-stations-classification.pages.dev/
DAN,DHANETA,NSG6,https://railway-stations-classification.pages.dev/
DAG,Dhang,NSG6,https://railway-stations-classification.pages.dev/
DHNR,DHANORA,NSG6,https://railway-stations-classification.pages.dev/
DIR,DHANPUR,NSG6,https://railway-stations-classification.pages.dev/
DSR,Dhansiri,NSG6,https://railway-stations-classification.pages.dev/
DNX,DHANSU,NSG6,https://railway-stations-classification.pages.dev/
DHQ,Dharakhoh,NSG6,https://railway-stations-classification.pages.dev/
DMP,DHARAMPUR HIMACHAL,NSG6,https://railway-stations-classification.pages.dev/
DML,Dharamtul,NSG6,https://railway-stations-classification.pages.dev/
DRS,Dhareshwar,NSG6,https://railway-stations-classification.pages.dev/
DARI,Dhari,NSG6,https://railway-stations-classification.pages.dev/
DRQ,Dharminya,NSG6,https://railway-stations-classification.pages.dev/
DKI,DHARMKUNDI,NSG6,https://railway-stations-classification.pages.dev/
DUM,DHARMUI-JAGHINA,NSG6,https://railway-stations-classification.pages.dev/
DHR,DHARNAODA,NSG6,https://railway-stations-classification.pages.dev/
DHY,DHARODI,NSG6,https://railway-stations-classification.pages.dev/
DIH,Dharuadih,NSG6,https://railway-stations-classification.pages.dev/
DRR,DHARUR,NSG6,https://railway-stations-classification.pages.dev/
DWLE,DHAUNI,NSG6,https://railway-stations-classification.pages.dev/
DUA,Dhaura,NSG6,https://railway-stations-classification.pages.dev/
DHS,DHAVALAS,NSG6,https://railway-stations-classification.pages.dev/
DHA,Dheena,NSG6,https://railway-stations-classification.pages.dev/
DKJR,Dhekiajuli Road,NSG6,https://railway-stations-classification.pages.dev/
DWD,Dhekvad,NSG6,https://railway-stations-classification.pages.dev/
DGW,DHIGAWARA,NSG6,https://railway-stations-classification.pages.dev/
DIW,DHILWAN,NSG6,https://railway-stations-classification.pages.dev/
DHRR,DHIRERA,NSG6,https://railway-stations-classification.pages.dev/
DPP,DHIRPUR,NSG6,https://railway-stations-classification.pages.dev/
DHKR,DHODA KHERI,NSG6,https://railway-stations-classification.pages.dev/
DOD,Dhodhar,NSG6,https://railway-stations-classification.pages.dev/
DOH,Dhodramohor,NSG6,https://railway-stations-classification.pages.dev/
DKY,DHOKI,NSG6,https://railway-stations-classification.pages.dev/
DHMZ,DHOLA MAJRA,NSG6,https://railway-stations-classification.pages.dev/
DPK,DHOLIPAL,NSG6,https://railway-stations-classification.pages.dev/
DOK,Dholka,NSG6,https://railway-stations-classification.pages.dev/
DJI,Dhoraji,NSG6,https://railway-stations-classification.pages.dev/
DKRA,DHUANKHERI,NSG6,https://railway-stations-classification.pages.dev/
DHU,DHUBULIA,NSG6,https://railway-stations-classification.pages.dev/
DKT,DHULKOT,NSG6,https://railway-stations-classification.pages.dev/
DPRA,Dhupdhara,NSG6,https://railway-stations-classification.pages.dev/
DTV,Dhutra,NSG6,https://railway-stations-classification.pages.dev/
DWL,Dhuwala,NSG6,https://railway-stations-classification.pages.dev/
DIB,DIBAI,NSG6,https://railway-stations-classification.pages.dev/
DBLG,Dibolong,NSG6,https://railway-stations-classification.pages.dev/
DHP,DICHPALLI,NSG6,https://railway-stations-classification.pages.dev/
DJD,Didarganj Road,NSG6,https://railway-stations-classification.pages.dev/
DGU,Digaru,NSG6,https://railway-stations-classification.pages.dev/
DBY,Digboi,NSG6,https://railway-stations-classification.pages.dev/
DXD,DIGOD,NSG6,https://railway-stations-classification.pages.dev/
DXR,Digsar,NSG6,https://railway-stations-classification.pages.dev/
DMT,DIGUVAMETTA,NSG6,https://railway-stations-classification.pages.dev/
DKE,Dihakho,NSG6,https://railway-stations-classification.pages.dev/
DKM,Dikom,NSG6,https://railway-stations-classification.pages.dev/
DIL,DILAWARNAGAR,NSG6,https://railway-stations-classification.pages.dev/
DVJ,Dilidiwanganj,NSG6,https://railway-stations-classification.pages.dev/
DMK,DILIMILI,NSG6,https://railway-stations-classification.pages.dev/
DLW,Dilwa,NSG6,https://railway-stations-classification.pages.dev/
DING,DING,NSG6,https://railway-stations-classification.pages.dev/
DWI,Dingwahi,NSG6,https://railway-stations-classification.pages.dev/
DKGS,Dinkar Gram Simaria,NSG6,https://railway-stations-classification.pages.dev/
DPLN,DIPLANA,NSG6,https://railway-stations-classification.pages.dev/
DTC,Ditokcherra,NSG6,https://railway-stations-classification.pages.dev/
DTP,DIVITIPALLI,NSG6,https://railway-stations-classification.pages.dev/
DWNA,DIWANA,NSG6,https://railway-stations-classification.pages.dev/
DTRD,DIYATRA ROAD,NSG6,https://railway-stations-classification.pages.dev/
DEOR,Diyodar,NSG6,https://railway-stations-classification.pages.dev/
DBHL,DOBH BAHALI,NSG6,https://railway-stations-classification.pages.dev/
DBL,DODBELE,NSG6,https://railway-stations-classification.pages.dev/
DPI,Doddampatti,NSG6,https://railway-stations-classification.pages.dev/
DOX,Dohna,NSG6,https://railway-stations-classification.pages.dev/
DKLU,DOIKALU,NSG6,https://railway-stations-classification.pages.dev/
DWO,DOIWALA,NSG6,https://railway-stations-classification.pages.dev/
DKWA,DOKWA,NSG6,https://railway-stations-classification.pages.dev/
DMG,Domingarh,NSG6,https://railway-stations-classification.pages.dev/
DOI,Domohani,NSG6,https://railway-stations-classification.pages.dev/
DGN,Dongargaon,NSG6,https://railway-stations-classification.pages.dev/
DGBZ,Dongribuzurg,NSG6,https://railway-stations-classification.pages.dev/
DNV,DONKINAVALASA,NSG6,https://railway-stations-classification.pages.dev/
DOA,DORAHA,NSG6,https://railway-stations-classification.pages.dev/
DVR,Doravari chatram,NSG6,https://railway-stations-classification.pages.dev/
DUBH,Dubha,NSG6,https://railway-stations-classification.pages.dev/
DBW,Dubia,NSG6,https://railway-stations-classification.pages.dev/
DUE,Dudahi,NSG6,https://railway-stations-classification.pages.dev/
DDDA,DUDDEDA,NSG6,https://railway-stations-classification.pages.dev/
DYK,DudhiaKhurd,NSG6,https://railway-stations-classification.pages.dev/
DDNI,Dudhnoi,NSG6,https://railway-stations-classification.pages.dev/
DKX,DUDHWAKHARA,NSG6,https://railway-stations-classification.pages.dev/
DUK,DUDIA,NSG6,https://railway-stations-classification.pages.dev/
DDW,Dudwa,NSG6,https://railway-stations-classification.pages.dev/
DDY,DUDWINDI,NSG6,https://railway-stations-classification.pages.dev/
DUN,DUGANPUR,NSG6,https://railway-stations-classification.pages.dev/
DIG,DUGGIRALA,NSG6,https://railway-stations-classification.pages.dev/
DOKY,DUKHERI,NSG6,https://railway-stations-classification.pages.dev/
DRA,DULARIYA,NSG6,https://railway-stations-classification.pages.dev/
DLC,DULMERA,NSG6,https://railway-stations-classification.pages.dev/
DUS,DULRASAR,NSG6,https://railway-stations-classification.pages.dev/
DY,DUMARIYA,NSG6,https://railway-stations-classification.pages.dev/
DMZ,Dumdangi,NSG6,https://railway-stations-classification.pages.dev/
DMF,Dumetra,NSG6,https://railway-stations-classification.pages.dev/
DUMR,Dumra,NSG6,https://railway-stations-classification.pages.dev/
DMBR,Dumri Bihar,NSG6,https://railway-stations-classification.pages.dev/
DMRT,DUMURIPUT,NSG6,https://railway-stations-classification.pages.dev/
DOR,DUNDARA,NSG6,https://railway-stations-classification.pages.dev/
DDCE,DUNDI,NSG6,https://railway-stations-classification.pages.dev/
DOB,DUNDLOD MUKANDGARH,NSG6,https://railway-stations-classification.pages.dev/
DGI,Dungri,NSG6,https://railway-stations-classification.pages.dev/
DJX,DUNGRIPALI,NSG6,https://railway-stations-classification.pages.dev/
DUU,DUPADU,NSG6,https://railway-stations-classification.pages.dev/
DGO,Durgauti,NSG6,https://railway-stations-classification.pages.dev/
DAYG,Duriyaganj,NSG6,https://railway-stations-classification.pages.dev/
DSI,DUSI,NSG6,https://railway-stations-classification.pages.dev/
DSK,Duskheda,NSG6,https://railway-stations-classification.pages.dev/
BARD,DUVRI KALAN,NSG6,https://railway-stations-classification.pages.dev/
EDN,Edamann,NSG6,https://railway-stations-classification.pages.dev/
EVA,Edavai (FLAG),NSG6,https://railway-stations-classification.pages.dev/
EDD,EDDULADODDI,NSG6,https://railway-stations-classification.pages.dev/
EKL,EK DIL,NSG6,https://railway-stations-classification.pages.dev/
EKI,Eklakhi,NSG6,https://railway-stations-classification.pages.dev/
EL,Elamanur,NSG6,https://railway-stations-classification.pages.dev/
ETR,Elattur,NSG6,https://railway-stations-classification.pages.dev/
ELR,Elavur,NSG6,https://railway-stations-classification.pages.dev/
ERC,Erich Road,NSG6,https://railway-stations-classification.pages.dev/
EDU,Eriodu,NSG6,https://railway-stations-classification.pages.dev/
YP,ERRUPALEM,NSG6,https://railway-stations-classification.pages.dev/
ETAH,ETAH,NSG6,https://railway-stations-classification.pages.dev/
ETK,Etakkot,NSG6,https://railway-stations-classification.pages.dev/
ETUE,ETMADPUR,NSG6,https://railway-stations-classification.pages.dev/
ETP,Ettapur road,NSG6,https://railway-stations-classification.pages.dev/
ETMD,Ettimadai,NSG6,https://railway-stations-classification.pages.dev/
EKN,Ezhukone (FLAG),NSG6,https://railway-stations-classification.pages.dev/
FAR,FARAH,NSG6,https://railway-stations-classification.pages.dev/
FN,FARUKHNAGAR,NSG6,https://railway-stations-classification.pages.dev/
FSP,FATEH SINGHPURA,NSG6,https://railway-stations-classification.pages.dev/
FAB,FATEHABAD,NSG6,https://railway-stations-classification.pages.dev/
FGCN,FATEHGARH CHURIAN,NSG6,https://railway-stations-classification.pages.dev/
FTS,FATEHPUR-SIKRI,NSG6,https://railway-stations-classification.pages.dev/
FTH,FATUHI,NSG6,https://railway-stations-classification.pages.dev/
FLCK,Fazalchak,NSG6,https://railway-stations-classification.pages.dev/
FZL,FAZALPUR,NSG6,https://railway-stations-classification.pages.dev/
PHS,FEROZESHAH,NSG6,https://railway-stations-classification.pages.dev/
FZP,FIROZPUR CITYJn,NSG6,https://railway-stations-classification.pages.dev/
FTG,FURSATGANJ,NSG6,https://railway-stations-classification.pages.dev/
FYZ,FYZULLAHPUR,NSG6,https://railway-stations-classification.pages.dev/
GHLE,GADADHARPUR,NSG6,https://railway-stations-classification.pages.dev/
GKD,Gadhkada,NSG6,https://railway-stations-classification.pages.dev/
GDW,GADHWALA,NSG6,https://railway-stations-classification.pages.dev/
GNR,GADIGANURU,NSG6,https://railway-stations-classification.pages.dev/
GDD,GADRA ROAD,NSG6,https://railway-stations-classification.pages.dev/
GAO,Gaigaon,NSG6,https://railway-stations-classification.pages.dev/
GAW,Gainjahwa,NSG6,https://railway-stations-classification.pages.dev/
GIR,Gainsari Jn,NSG6,https://railway-stations-classification.pages.dev/
GAE,GAIPURA,NSG6,https://railway-stations-classification.pages.dev/
GIL,Gaisal,NSG6,https://railway-stations-classification.pages.dev/
GPI,GAJAPATHINAGARAM,NSG6,https://railway-stations-classification.pages.dev/
GAJB,GAJARA BAHARA,NSG6,https://railway-stations-classification.pages.dev/
GJJ,GAJJELAKONDA,NSG6,https://railway-stations-classification.pages.dev/
GJN,GAJNER,NSG6,https://railway-stations-classification.pages.dev/
GJWL,GAJWEL,NSG6,https://railway-stations-classification.pages.dev/
GAA,Galan,NSG6,https://railway-stations-classification.pages.dev/
GAGA,Galgalia,NSG6,https://railway-stations-classification.pages.dev/
GLI,GALSI,NSG6,https://railway-stations-classification.pages.dev/
GUD,Galudih,NSG6,https://railway-stations-classification.pages.dev/
GRF,Gambhiri Road,NSG6,https://railway-stations-classification.pages.dev/
GAJ,GANESHGANJ,NSG6,https://railway-stations-classification.pages.dev/
GAG,Ganga Ghat,NSG6,https://railway-stations-classification.pages.dev/
GADM,Gangadham,NSG6,https://railway-stations-classification.pages.dev/
GDRA,GANGADHARA,NSG6,https://railway-stations-classification.pages.dev/
GNGD,GANGADHARPUR,NSG6,https://railway-stations-classification.pages.dev/
GGAR,Gangadhra,NSG6,https://railway-stations-classification.pages.dev/
GANG,GANGAGANJ,NSG6,https://railway-stations-classification.pages.dev/
GDN,Gangaikondan,NSG6,https://railway-stations-classification.pages.dev/
GJ,Gangajhari,NSG6,https://railway-stations-classification.pages.dev/
GNNA,GANGANIA,NSG6,https://railway-stations-classification.pages.dev/
GGLE,GANGATIKURI,NSG6,https://railway-stations-classification.pages.dev/
GPY,GANGAYAPALLE,NSG6,https://railway-stations-classification.pages.dev/
GNN,GANGINENI,NSG6,https://railway-stations-classification.pages.dev/
GGR,Gangrar,NSG6,https://railway-stations-classification.pages.dev/
GAQ,Ganj Khwaja,NSG6,https://railway-stations-classification.pages.dev/
GAM,GANJAM,NSG6,https://railway-stations-classification.pages.dev/
GALE,GANKAR,NSG6,https://railway-stations-classification.pages.dev/
GWM,GANNAVARAM,NSG6,https://railway-stations-classification.pages.dev/
GARA,Garaha,NSG6,https://railway-stations-classification.pages.dev/
GSR,GARH SHANKAR,NSG6,https://railway-stations-classification.pages.dev/
GGGS,Garha,NSG6,https://railway-stations-classification.pages.dev/
GQN,Garhani,NSG6,https://railway-stations-classification.pages.dev/
GBN,Garhbanali,NSG6,https://railway-stations-classification.pages.dev/
GEB,Garhbaruari,NSG6,https://railway-stations-classification.pages.dev/
GRB,Garhdhrubeswar,NSG6,https://railway-stations-classification.pages.dev/
GRHI,GARHI,NSG6,https://railway-stations-classification.pages.dev/
GIS,GARHI SANDRA,NSG6,https://railway-stations-classification.pages.dev/
GUG,Garhjaipur,NSG6,https://railway-stations-classification.pages.dev/
GRM,Garhmau,NSG6,https://railway-stations-classification.pages.dev/
GNK,Garhnokha,NSG6,https://railway-stations-classification.pages.dev/
DSKG,Garhpura,NSG6,https://railway-stations-classification.pages.dev/
GVI,GARIVIDI,NSG6,https://railway-stations-classification.pages.dev/
JRJE,Garjee,NSG6,https://railway-stations-classification.pages.dev/
GLA,GARLA,NSG6,https://railway-stations-classification.pages.dev/
GDE,GARLADINNE,NSG6,https://railway-stations-classification.pages.dev/
GSB,GARNA SAHIB,NSG6,https://railway-stations-classification.pages.dev/
GPH,Garposh,NSG6,https://railway-stations-classification.pages.dev/
GSDH,Garsanda,NSG6,https://railway-stations-classification.pages.dev/
GRBL,GARUDABILLI,NSG6,https://railway-stations-classification.pages.dev/
GDWR,Garudeshwar,NSG6,https://railway-stations-classification.pages.dev/
GTW,Gatora,NSG6,https://railway-stations-classification.pages.dev/
GAI,Gauchari,NSG6,https://railway-stations-classification.pages.dev/
GDGN,GAUDGAON,NSG6,https://railway-stations-classification.pages.dev/
GAH,Gaunaha#,NSG6,https://railway-stations-classification.pages.dev/
GAUR,Gaur,NSG6,https://railway-stations-classification.pages.dev/
GRX,GAURA,NSG6,https://railway-stations-classification.pages.dev/
GB,Gauri Bazar,NSG6,https://railway-stations-classification.pages.dev/
GUP,Gauripur,NSG6,https://railway-stations-classification.pages.dev/
GTST,Gautam Sthan,NSG6,https://railway-stations-classification.pages.dev/
GATD,Gautamdhara,NSG6,https://railway-stations-classification.pages.dev/
GPX,Gautampura Rd,NSG6,https://railway-stations-classification.pages.dev/
GBE,Gayabari,NSG6,https://railway-stations-classification.pages.dev/
GZKA,GAZIKA,NSG6,https://railway-stations-classification.pages.dev/
GZL,GAZULAPALLI,NSG6,https://railway-stations-classification.pages.dev/
GEK,GEGAL AKHRI,NSG6,https://railway-stations-classification.pages.dev/
GLTA,GEHLOTA,NSG6,https://railway-stations-classification.pages.dev/
GER,Geratpur,NSG6,https://railway-stations-classification.pages.dev/
GAD,Gevra Road,NSG6,https://railway-stations-classification.pages.dev/
GHG,GHAGGHAR,NSG6,https://railway-stations-classification.pages.dev/
GHT,Ghagharaghat,NSG6,https://railway-stations-classification.pages.dev/
GHGL,GHAGWAL,NSG6,https://railway-stations-classification.pages.dev/
GKX,GHAL KALAN,NSG6,https://railway-stations-classification.pages.dev/
GNS,Ghansore,NSG6,https://railway-stations-classification.pages.dev/
GHNH,GHANTAKHAL NIDHIPUR,NSG6,https://railway-stations-classification.pages.dev/
GRA,GHARAUNDA,NSG6,https://railway-stations-classification.pages.dev/
GYL,GHARYALA,NSG6,https://railway-stations-classification.pages.dev/
GSO,GHASO,NSG6,https://railway-stations-classification.pages.dev/
GPC,GHAT PINDRAI,NSG6,https://railway-stations-classification.pages.dev/
GKB,GHAT-KA-VARANA,NSG6,https://railway-stations-classification.pages.dev/
GEA,GHATERA,NSG6,https://railway-stations-classification.pages.dev/
GHAI,GHATIGAON,NSG6,https://railway-stations-classification.pages.dev/
GTU,GHATNANDUR,NSG6,https://railway-stations-classification.pages.dev/
GATL,GHATOLI,NSG6,https://railway-stations-classification.pages.dev/
GTP,Ghatpuri,NSG6,https://railway-stations-classification.pages.dev/
GZT,Ghazipur Ghat,NSG6,https://railway-stations-classification.pages.dev/
GHE,GHEVRA,NSG6,https://railway-stations-classification.pages.dev/
GILA,GHIALA,NSG6,https://railway-stations-classification.pages.dev/
GGH,Ghoghardiha,NSG6,https://railway-stations-classification.pages.dev/
GOE,Ghograpar,NSG6,https://railway-stations-classification.pages.dev/
GDX,Ghoksadanga,NSG6,https://railway-stations-classification.pages.dev/
GVD,Gholvad,NSG6,https://railway-stations-classification.pages.dev/
GRMA,GHORMARA,NSG6,https://railway-stations-classification.pages.dev/
GOS,GHOSRANA,NSG6,https://railway-stations-classification.pages.dev/
GSD,Ghosunda,NSG6,https://railway-stations-classification.pages.dev/
GWH,Ghoswar,NSG6,https://railway-stations-classification.pages.dev/
GO,Ghoti,NSG6,https://railway-stations-classification.pages.dev/
GH,Ghughuli,NSG6,https://railway-stations-classification.pages.dev/
GHUM,Ghum,NSG6,https://railway-stations-classification.pages.dev/
GGT,Ghunghuti,NSG6,https://railway-stations-classification.pages.dev/
GTI,Ghutai,NSG6,https://railway-stations-classification.pages.dev/
GTK,Ghutku,NSG6,https://railway-stations-classification.pages.dev/
GZS,GIANI ZAIL SINGH SANDHWA,NSG6,https://railway-stations-classification.pages.dev/
GIZ,GIDAM,NSG6,https://railway-stations-classification.pages.dev/
GOD,GIDDAR PINDI,NSG6,https://railway-stations-classification.pages.dev/
GII,Gidhni,NSG6,https://railway-stations-classification.pages.dev/
GILL,GILL,NSG6,https://railway-stations-classification.pages.dev/
GIN,GINIGERA,NSG6,https://railway-stations-classification.pages.dev/
GIW,Girdharpur,NSG6,https://railway-stations-classification.pages.dev/
GW,GIRWAR,NSG6,https://railway-stations-classification.pages.dev/
GADH,GOALDIH,NSG6,https://railway-stations-classification.pages.dev/
GBRI,Goberwahi,NSG6,https://railway-stations-classification.pages.dev/
GDQ,GODAMGURA,NSG6,https://railway-stations-classification.pages.dev/
GSL,Godapiasal,NSG6,https://railway-stations-classification.pages.dev/
GVN,GODAVARI,NSG6,https://railway-stations-classification.pages.dev/
GBQ,GODBHAGA,NSG6,https://railway-stations-classification.pages.dev/
GS,Godhaneswar,NSG6,https://railway-stations-classification.pages.dev/
GNQ,Godhni,NSG6,https://railway-stations-classification.pages.dev/
GOA,Gohad Road Halt,NSG6,https://railway-stations-classification.pages.dev/
GHNA,GOHANA,NSG6,https://railway-stations-classification.pages.dev/
GOL,Goilkera,NSG6,https://railway-stations-classification.pages.dev/
GWSB,GOINDWAL SAHIB,NSG6,https://railway-stations-classification.pages.dev/
GKA,Gokhula,NSG6,https://railway-stations-classification.pages.dev/
GRE,Gola Road,NSG6,https://railway-stations-classification.pages.dev/
GLGT,Golaghat,NSG6,https://railway-stations-classification.pages.dev/
GTA,GOLANTHRA,NSG6,https://railway-stations-classification.pages.dev/
GJH,Goldenganj,NSG6,https://railway-stations-classification.pages.dev/
GOLE,GOLE,NSG6,https://railway-stations-classification.pages.dev/
GHA,GOLEHWALA,NSG6,https://railway-stations-classification.pages.dev/
GHL,GOLHALLI,NSG6,https://railway-stations-classification.pages.dev/
GLY,GOLLAPALLI,NSG6,https://railway-stations-classification.pages.dev/
GLP,GOLLAPROLU,NSG6,https://railway-stations-classification.pages.dev/
GMGM,Gomangalam,NSG6,https://railway-stations-classification.pages.dev/
GDK,Gonda Kachehri,NSG6,https://railway-stations-classification.pages.dev/
GNL,Gongle,NSG6,https://railway-stations-classification.pages.dev/
GNPA,Gonpura,NSG6,https://railway-stations-classification.pages.dev/
GDBR,Goonda Bihar,NSG6,https://railway-stations-classification.pages.dev/
GPNB,Gopinathpur Nilgiri,NSG6,https://railway-stations-classification.pages.dev/
GPP,Gopjam,NSG6,https://railway-stations-classification.pages.dev/
GRKN,GORAKHNATH,NSG6,https://railway-stations-classification.pages.dev/
GKC,Gorakhpur Cantt,NSG6,https://railway-stations-classification.pages.dev/
GPJ,GORAPUR,NSG6,https://railway-stations-classification.pages.dev/
GRY,GORAYA,NSG6,https://railway-stations-classification.pages.dev/
GVR,Goreswar,NSG6,https://railway-stations-classification.pages.dev/
GRJA,Gorinja,NSG6,https://railway-stations-classification.pages.dev/
GIO,GORIYAN,NSG6,https://railway-stations-classification.pages.dev/
GUMI,Gorumahisani,NSG6,https://railway-stations-classification.pages.dev/
GSGB,GOSAINGRAM,NSG6,https://railway-stations-classification.pages.dev/
GSPR,GOSALPUR,NSG6,https://railway-stations-classification.pages.dev/
GTE,Gothaj,NSG6,https://railway-stations-classification.pages.dev/
GTX,Gothangam,NSG6,https://railway-stations-classification.pages.dev/
GTLM,GOTLAM,NSG6,https://railway-stations-classification.pages.dev/
GTD,Gourinathdham,NSG6,https://railway-stations-classification.pages.dev/
GVH,GOVINDGARH,NSG6,https://railway-stations-classification.pages.dev/
GGWT,GOVINDGARH (WHITE TIGER),NSG6,https://railway-stations-classification.pages.dev/
GND,GOVINDGARH MALIKPUR,NSG6,https://railway-stations-classification.pages.dev/
GVMR,GOVINDI MARWAR,NSG6,https://railway-stations-classification.pages.dev/
GOVR,Govingnagar,NSG6,https://railway-stations-classification.pages.dev/
GUA,GUA,NSG6,https://railway-stations-classification.pages.dev/
GBB,GUBBI,NSG6,https://railway-stations-classification.pages.dev/
GDI,GUDGERI,NSG6,https://railway-stations-classification.pages.dev/
GA,GUDHA,NSG6,https://railway-stations-classification.pages.dev/
GDM,Gudma,NSG6,https://railway-stations-classification.pages.dev/
GDP,GUDUPALLI,NSG6,https://railway-stations-classification.pages.dev/
GJD,Gujhandi,NSG6,https://railway-stations-classification.pages.dev/
GLG,GULABGANJ,NSG6,https://railway-stations-classification.pages.dev/
GLH,GULAOTHI,NSG6,https://railway-stations-classification.pages.dev/
GPU,GULAPALYAMU,NSG6,https://railway-stations-classification.pages.dev/
GUB,Gularbhoj,NSG6,https://railway-stations-classification.pages.dev/
GUH,GULDHAR,NSG6,https://railway-stations-classification.pages.dev/
GED,GULEDAGUDDA ROAD,NSG6,https://railway-stations-classification.pages.dev/
GULR,GULER,NSG6,https://railway-stations-classification.pages.dev/
GGD,GULLAGUDA,NSG6,https://railway-stations-classification.pages.dev/
GLU,GULLIPADU,NSG6,https://railway-stations-classification.pages.dev/
GLMA,Gulma,NSG6,https://railway-stations-classification.pages.dev/
GZH,Gulzarbagh,NSG6,https://railway-stations-classification.pages.dev/
GMDA,GUMADA,NSG6,https://railway-stations-classification.pages.dev/
GMAN,GUMANI,NSG6,https://railway-stations-classification.pages.dev/
GUZ,Gumanihat,NSG6,https://railway-stations-classification.pages.dev/
GMG,Gumgaon,NSG6,https://railway-stations-classification.pages.dev/
GMM,GUMMAN,NSG6,https://railway-stations-classification.pages.dev/
GTF,GUMTHAL,NSG6,https://railway-stations-classification.pages.dev/
GMTO,Gumto,NSG6,https://railway-stations-classification.pages.dev/
GALA,GUNADALA,NSG6,https://railway-stations-classification.pages.dev/
GDZ,Gundardehl,NSG6,https://railway-stations-classification.pages.dev/
GKM,GUNDLAKAMMA,NSG6,https://railway-stations-classification.pages.dev/
GUU,GUNDRATIMADUGU,NSG6,https://railway-stations-classification.pages.dev/
GVB,GUNERU BAMORI,NSG6,https://railway-stations-classification.pages.dev/
GEOR,Gunjaria,NSG6,https://railway-stations-classification.pages.dev/
GNJ,GUNJI,NSG6,https://railway-stations-classification.pages.dev/
GMD,GURAMKHEDI,NSG6,https://railway-stations-classification.pages.dev/
GRNA,Gurhanwa,NSG6,https://railway-stations-classification.pages.dev/
GRI,Guriya,NSG6,https://railway-stations-classification.pages.dev/
GQL,GURLA,NSG6,https://railway-stations-classification.pages.dev/
GMX,Gurmura,NSG6,https://railway-stations-classification.pages.dev/
GRN,GURNAY,NSG6,https://railway-stations-classification.pages.dev/
GAP,Gurpa,NSG6,https://railway-stations-classification.pages.dev/
GRO,GURRA,NSG6,https://railway-stations-classification.pages.dev/
GJTA,GURUDIJHATIA,NSG6,https://railway-stations-classification.pages.dev/
GSW,GURUSAR SEHNEWALA,NSG6,https://railway-stations-classification.pages.dev/
HWX,Habaipur,NSG6,https://railway-stations-classification.pages.dev/
HHT,Habbanaghatta,NSG6,https://railway-stations-classification.pages.dev/
HBW,HABIBWALA,NSG6,https://railway-stations-classification.pages.dev/
HLB,Hadalabhal,NSG6,https://railway-stations-classification.pages.dev/
HDD,HADDINAGUNDU,NSG6,https://railway-stations-classification.pages.dev/
HDGR,HADGON ROAD,NSG6,https://railway-stations-classification.pages.dev/
HYA,HADIAYA,NSG6,https://railway-stations-classification.pages.dev/
HM,Hadmatiya,NSG6,https://railway-stations-classification.pages.dev/
HYL,HADYAL,NSG6,https://railway-stations-classification.pages.dev/
HZR,HAFIZPUR,NSG6,https://railway-stations-classification.pages.dev/
HGI,HAGARI,NSG6,https://railway-stations-classification.pages.dev/
HBI,HAGARIBOMMANAHALLI,NSG6,https://railway-stations-classification.pages.dev/
HBN,Haibargaon,NSG6,https://railway-stations-classification.pages.dev/
HGH,HAIDERGARH,NSG6,https://railway-stations-classification.pages.dev/
HKD,Hailakandi,NSG6,https://railway-stations-classification.pages.dev/
HKP,HAKIMPUR,NSG6,https://railway-stations-classification.pages.dev/
HBU,HALBURGA,NSG6,https://railway-stations-classification.pages.dev/
HLDD,Haldi Road,NSG6,https://railway-stations-classification.pages.dev/
HIP,Haldipada,NSG6,https://railway-stations-classification.pages.dev/
HLV,Haliyuru (Block),NSG6,https://railway-stations-classification.pages.dev/
HLKH,HALLIKED-B,NSG6,https://railway-stations-classification.pages.dev/
HIKD,HALLIKED-K,NSG6,https://railway-stations-classification.pages.dev/
HOJ,Hamiltonganj,NSG6,https://railway-stations-classification.pages.dev/
HMR,HAMIRA,NSG6,https://railway-stations-classification.pages.dev/
HMG,Hamirgarh,NSG6,https://railway-stations-classification.pages.dev/
HAR,Hamirour road,NSG6,https://railway-stations-classification.pages.dev/
HME,HAMRE,NSG6,https://railway-stations-classification.pages.dev/
HNK,HANAKERE,NSG6,https://railway-stations-classification.pages.dev/
HNPA,HANDAPA,NSG6,https://railway-stations-classification.pages.dev/
HDK,Handiakhas,NSG6,https://railway-stations-classification.pages.dev/
HWT,HANWANT,NSG6,https://railway-stations-classification.pages.dev/
HPHI,Harapanahalli,NSG6,https://railway-stations-classification.pages.dev/
HUFP,Harauli Fatehpur,NSG6,https://railway-stations-classification.pages.dev/
HRN,HARAUNI,NSG6,https://railway-stations-classification.pages.dev/
HCP,HARCHANDPUR,NSG6,https://railway-stations-classification.pages.dev/
HDE,Hardasbigha,NSG6,https://railway-stations-classification.pages.dev/
HDT,Hardattpur,NSG6,https://railway-stations-classification.pages.dev/
HDWL,HARDOWAL,NSG6,https://railway-stations-classification.pages.dev/
HDU,HARDUA,NSG6,https://railway-stations-classification.pages.dev/
HGJ,HARDUAGANJ,NSG6,https://railway-stations-classification.pages.dev/
HA,Hargaon,NSG6,https://railway-stations-classification.pages.dev/
HCNR,HARICHANDANPUR,NSG6,https://railway-stations-classification.pages.dev/
HDS,HARIDASPUR,NSG6,https://railway-stations-classification.pages.dev/
HRNS,HARINSING,NSG6,https://railway-stations-classification.pages.dev/
HP,Haripur,NSG6,https://railway-stations-classification.pages.dev/
HPGM,HARIPURGRAM JN,NSG6,https://railway-stations-classification.pages.dev/
HRSN,Harisinga,NSG6,https://railway-stations-classification.pages.dev/
HKL,Harkia Khal,NSG6,https://railway-stations-classification.pages.dev/
RLP,HARLAPUR,NSG6,https://railway-stations-classification.pages.dev/
HRLI,HARLAYA,NSG6,https://railway-stations-classification.pages.dev/
HRGR,Harnagar,NSG6,https://railway-stations-classification.pages.dev/
HRPG,HARPALGANJ,NSG6,https://railway-stations-classification.pages.dev/
HR,HARPALU,NSG6,https://railway-stations-classification.pages.dev/
HRV,Harrad,NSG6,https://railway-stations-classification.pages.dev/
HRW,HARRAWALA,NSG6,https://railway-stations-classification.pages.dev/
HRB,Harri,NSG6,https://railway-stations-classification.pages.dev/
HRDR,HARSAR DEHRI,NSG6,https://railway-stations-classification.pages.dev/
HSI,HARSAULI,NSG6,https://railway-stations-classification.pages.dev/
HSY,HarsinghpurGowa,NSG6,https://railway-stations-classification.pages.dev/
HRH,HARTHALA,NSG6,https://railway-stations-classification.pages.dev/
HRBR,Harubera,NSG6,https://railway-stations-classification.pages.dev/
HSP,HASANPARTHI ROAD,NSG6,https://railway-stations-classification.pages.dev/
HAQ,HASTAVARAMU,NSG6,https://railway-stations-classification.pages.dev/
HN,Hathbandh,NSG6,https://railway-stations-classification.pages.dev/
HTZU,Hathidah Upper,NSG6,https://railway-stations-classification.pages.dev/
HRF,HATHRAS QUILLAH,NSG6,https://railway-stations-classification.pages.dev/
HTW,Hathua,NSG6,https://railway-stations-classification.pages.dev/
HATB,HATIBARI,NSG6,https://railway-stations-classification.pages.dev/
HTL,Hatikhali,NSG6,https://railway-stations-classification.pages.dev/
HTT,Hatta road,NSG6,https://railway-stations-classification.pages.dev/
HTD,Hatundi,NSG6,https://railway-stations-classification.pages.dev/
HWR,Hatwar,NSG6,https://railway-stations-classification.pages.dev/
HYT,Hayaghat,NSG6,https://railway-stations-classification.pages.dev/
HEB,HEBBAL,NSG6,https://railway-stations-classification.pages.dev/
HBS,HEBSUR,NSG6,https://railway-stations-classification.pages.dev/
HLE,HEELALIGE,NSG6,https://railway-stations-classification.pages.dev/
HJL,HEJJALA,NSG6,https://railway-stations-classification.pages.dev/
HK,HELAK,NSG6,https://railway-stations-classification.pages.dev/
HML,Helem,NSG6,https://railway-stations-classification.pages.dev/
HMP,HEMPUR,NSG6,https://railway-stations-classification.pages.dev/
HNDR,Hendegir,NSG6,https://railway-stations-classification.pages.dev/
HER,HER,NSG6,https://railway-stations-classification.pages.dev/
HNSL,Hesalong,NSG6,https://railway-stations-classification.pages.dev/
HET,Hetampur,NSG6,https://railway-stations-classification.pages.dev/
HLX,Hilara,NSG6,https://railway-stations-classification.pages.dev/
HGR,Himgir,NSG6,https://railway-stations-classification.pages.dev/
HMI,HIMMATANA,NSG6,https://railway-stations-classification.pages.dev/
HMQ,HIMMATPURA,NSG6,https://railway-stations-classification.pages.dev/
HNM,HINAUTA RAMBAN,NSG6,https://railway-stations-classification.pages.dev/
HIND,HIND,NSG6,https://railway-stations-classification.pages.dev/
HND,HINDOL ROAD,NSG6,https://railway-stations-classification.pages.dev/
HMK,HINDUMALKOTE,NSG6,https://railway-stations-classification.pages.dev/
HPKA,HINOTIA PIPALKHERA,NSG6,https://railway-stations-classification.pages.dev/
HNG,HIRANGAON,NSG6,https://railway-stations-classification.pages.dev/
HPR,Hirapur,NSG6,https://railway-stations-classification.pages.dev/
HRG,Hirdagarh,NSG6,https://railway-stations-classification.pages.dev/
HDM,Hirdamali,NSG6,https://railway-stations-classification.pages.dev/
HHL,HIREHALLI,NSG6,https://railway-stations-classification.pages.dev/
HQR,HIRENANDURU,NSG6,https://railway-stations-classification.pages.dev/
HISE,HIRISAVE,NSG6,https://railway-stations-classification.pages.dev/
HDA,HIRNODA,NSG6,https://railway-stations-classification.pages.dev/
HRE,Hirodih,NSG6,https://railway-stations-classification.pages.dev/
HSL,Hisvahal,NSG6,https://railway-stations-classification.pages.dev/
HDL,HODAL,NSG6,https://railway-stations-classification.pages.dev/
HLK,Holalkere,NSG6,https://railway-stations-classification.pages.dev/
HUK,HOLAMBI KALAN,NSG6,https://railway-stations-classification.pages.dev/
HBL,HOMBAL,NSG6,https://railway-stations-classification.pages.dev/
HVL,Honnavalli Road,NSG6,https://railway-stations-classification.pages.dev/
HAH,Hosaagrahara,NSG6,https://railway-stations-classification.pages.dev/
HSD,HosadurgaRoad,NSG6,https://railway-stations-classification.pages.dev/
LKT,HULKOTI,NSG6,https://railway-stations-classification.pages.dev/
HMA,HUMMA,NSG6,https://railway-stations-classification.pages.dev/
HMBD,HUMNABAD,NSG6,https://railway-stations-classification.pages.dev/
HHD,HUNSIHADGIL,NSG6,https://railway-stations-classification.pages.dev/
HSQ,HUSAINPUR,NSG6,https://railway-stations-classification.pages.dev/
IB,Ib,NSG6,https://railway-stations-classification.pages.dev/
ICL,Ichauli,NSG6,https://railway-stations-classification.pages.dev/
ICG,Ichchangadu,NSG6,https://railway-stations-classification.pages.dev/
IPL,Idappalli,NSG6,https://railway-stations-classification.pages.dev/
IDAR,Idar,NSG6,https://railway-stations-classification.pages.dev/
IKD,Ikdori,NSG6,https://railway-stations-classification.pages.dev/
IKK,IKKAR,NSG6,https://railway-stations-classification.pages.dev/
IKR,Iklehra,NSG6,https://railway-stations-classification.pages.dev/
IK,IKRAN,NSG6,https://railway-stations-classification.pages.dev/
ILO,Illoo,NSG6,https://railway-stations-classification.pages.dev/
IMLI,Imli,NSG6,https://railway-stations-classification.pages.dev/
IHP,INCHHAPURI,NSG6,https://railway-stations-classification.pages.dev/
IDL,INDALVAI,NSG6,https://railway-stations-classification.pages.dev/
IBL,Indrabil,NSG6,https://railway-stations-classification.pages.dev/
IDP,INDUPALLI,NSG6,https://railway-stations-classification.pages.dev/
IGR,Ingur,NSG6,https://railway-stations-classification.pages.dev/
INK,INTEKANNE,NSG6,https://railway-stations-classification.pages.dev/
ITE,Intiathoke,NSG6,https://railway-stations-classification.pages.dev/
IQG,Iqbalgarh,NSG6,https://railway-stations-classification.pages.dev/
IQB,IQBALPUR,NSG6,https://railway-stations-classification.pages.dev/
IDGJ,IRADATGANJ,NSG6,https://railway-stations-classification.pages.dev/
EGU,IRANAGALLU,NSG6,https://railway-stations-classification.pages.dev/
ISA,ISARDA,NSG6,https://railway-stations-classification.pages.dev/
ISH,ISARWARA,NSG6,https://railway-stations-classification.pages.dev/
ESV,ISIVI,NSG6,https://railway-stations-classification.pages.dev/
ISM,ISMAILA HARYANA,NSG6,https://railway-stations-classification.pages.dev/
IMGE,Ismailpur,NSG6,https://railway-stations-classification.pages.dev/
IKI,ITIKYALA,NSG6,https://railway-stations-classification.pages.dev/
ITA,Itola,NSG6,https://railway-stations-classification.pages.dev/
JBX,Jabri,NSG6,https://railway-stations-classification.pages.dev/
JBS,JADOLI KA BAS,NSG6,https://railway-stations-classification.pages.dev/
JRKT,JADRAMAKUNTI,NSG6,https://railway-stations-classification.pages.dev/
JFG,JAFARGANJ,NSG6,https://railway-stations-classification.pages.dev/
JGD,JAGADISHPUR,NSG6,https://railway-stations-classification.pages.dev/
JNX,JAGANNATH JI,NSG6,https://railway-stations-classification.pages.dev/
JNP,JAGANNATHAPUR,NSG6,https://railway-stations-classification.pages.dev/
JTB,Jagatbela,NSG6,https://railway-stations-classification.pages.dev/
JDL,JAGDEVWALA,NSG6,https://railway-stations-classification.pages.dev/
JGJ,JAGESHARGANJ,NSG6,https://railway-stations-classification.pages.dev/
JGBR,Jageswar Bihar,NSG6,https://railway-stations-classification.pages.dev/
JBK,JAGGAMBHOTLA KRISHNAPURAM,NSG6,https://railway-stations-classification.pages.dev/
JGN,JAGRAON,NSG6,https://railway-stations-classification.pages.dev/
JHDC,Jahanabad Court,NSG6,https://railway-stations-classification.pages.dev/
JBR,Jahangirabadraj,NSG6,https://railway-stations-classification.pages.dev/
JKH,JAHANIKHERA,NSG6,https://railway-stations-classification.pages.dev/
JJT,JAI JAI WANTI,NSG6,https://railway-stations-classification.pages.dev/
JMM,Jai Murti Nagar,NSG6,https://railway-stations-classification.pages.dev/
JJJ,JAIJON DOABA,NSG6,https://railway-stations-classification.pages.dev/
JNT,JAINTIPURA,NSG6,https://railway-stations-classification.pages.dev/
JYM,Jaisamand Road,NSG6,https://railway-stations-classification.pages.dev/
JTI,Jaithari,NSG6,https://railway-stations-classification.pages.dev/
JTU,JAITIPUR,NSG6,https://railway-stations-classification.pages.dev/
JJA,JAJAN PATTI,NSG6,https://railway-stations-classification.pages.dev/
JJ,JAJAU,NSG6,https://railway-stations-classification.pages.dev/
JWL,JAJIWAL,NSG6,https://railway-stations-classification.pages.dev/
JKB,Jakhalabandha,NSG6,https://railway-stations-classification.pages.dev/
JKPR,JAKHAPURA JN,NSG6,https://railway-stations-classification.pages.dev/
JHA,Jakhaura,NSG6,https://railway-stations-classification.pages.dev/
JHN,Jakhim,NSG6,https://railway-stations-classification.pages.dev/
JLN,Jakhlaun,NSG6,https://railway-stations-classification.pages.dev/
JKHI,JAKHOD KHERA,NSG6,https://railway-stations-classification.pages.dev/
JKO,JAKKALACHERUVU,NSG6,https://railway-stations-classification.pages.dev/
JKAR,JAKLAIR,NSG6,https://railway-stations-classification.pages.dev/
JLL,JALALGANJ,NSG6,https://railway-stations-classification.pages.dev/
JAG,Jalalgarh,NSG6,https://railway-stations-classification.pages.dev/
JGP,Jalalpur,NSG6,https://railway-stations-classification.pages.dev/
JPD,JALALPUR DHAI,NSG6,https://railway-stations-classification.pages.dev/
JM,Jalamb JN,NSG6,https://railway-stations-classification.pages.dev/
JSC,JALESAR CITY,NSG6,https://railway-stations-classification.pages.dev/
JIL,Jalila Road,NSG6,https://railway-stations-classification.pages.dev/
JNRI,JALINDRI,NSG6,https://railway-stations-classification.pages.dev/
JA,Jaliya,NSG6,https://railway-stations-classification.pages.dev/
JALD,Jaliya Devani,NSG6,https://railway-stations-classification.pages.dev/
JAC,JALSU,NSG6,https://railway-stations-classification.pages.dev/
JDGP,Jamalda Gopalpur,NSG6,https://railway-stations-classification.pages.dev/
JPS,JAMALPUR SHAIKHAN,NSG6,https://railway-stations-classification.pages.dev/
WTJ,Jamavan Thali,NSG6,https://railway-stations-classification.pages.dev/
JMV,Jambhara,NSG6,https://railway-stations-classification.pages.dev/
JMB,Jambusar Jn,NSG6,https://railway-stations-classification.pages.dev/
JMD,Jamda,NSG6,https://railway-stations-classification.pages.dev/
JMG,Jamga,NSG6,https://railway-stations-classification.pages.dev/
JMI,Jamguri,NSG6,https://railway-stations-classification.pages.dev/
JMRA,Jamira,NSG6,https://railway-stations-classification.pages.dev/
JMQ,JAMIRGHATA,NSG6,https://railway-stations-classification.pages.dev/
JDH,Jamjodhpur,NSG6,https://railway-stations-classification.pages.dev/
JMS,JAMSAR,NSG6,https://railway-stations-classification.pages.dev/
JME,JAMSHER KHAS,NSG6,https://railway-stations-classification.pages.dev/
JMN,Jamuanwan,NSG6,https://railway-stations-classification.pages.dev/
JMK,Jamunamukh,NSG6,https://railway-stations-classification.pages.dev/
JKM,JANAKAMPET,NSG6,https://railway-stations-classification.pages.dev/
JNL,JANDIALA,NSG6,https://railway-stations-classification.pages.dev/
JNE,JANIYANA,NSG6,https://railway-stations-classification.pages.dev/
JNKR,Jankinagar,NSG6,https://railway-stations-classification.pages.dev/
JOA,JANWAL,NSG6,https://railway-stations-classification.pages.dev/
JRA,Jaraikela,NSG6,https://railway-stations-classification.pages.dev/
JSV,Jarandeshwar,NSG6,https://railway-stations-classification.pages.dev/
JAN,Jarangdih,NSG6,https://railway-stations-classification.pages.dev/
JRPD,JARAPADA,NSG6,https://railway-stations-classification.pages.dev/
JRT,JARATI,NSG6,https://railway-stations-classification.pages.dev/
JDW,JARAUDA NARA,NSG6,https://railway-stations-classification.pages.dev/
JRJ,JARGAON,NSG6,https://railway-stations-classification.pages.dev/
JARI,JARI,NSG6,https://railway-stations-classification.pages.dev/
JD,Jarod,NSG6,https://railway-stations-classification.pages.dev/
JRLI,Jaroli,NSG6,https://railway-stations-classification.pages.dev/
JSA,JASAI,NSG6,https://railway-stations-classification.pages.dev/
JDA,Jasoda,NSG6,https://railway-stations-classification.pages.dev/
JSR,JASRA,NSG6,https://railway-stations-classification.pages.dev/
JGR,JASWANT NAGAR,NSG6,https://railway-stations-classification.pages.dev/
JTDM,Jat Dumri Jn ^,NSG6,https://railway-stations-classification.pages.dev/
JSKA,JATAULA JORI SAMPKA,NSG6,https://railway-stations-classification.pages.dev/
JTRD,JATH ROAD,NSG6,https://railway-stations-classification.pages.dev/
JGLP,Jatinga Lumpur,NSG6,https://railway-stations-classification.pages.dev/
JTR,Jatkanhar,NSG6,https://railway-stations-classification.pages.dev/
JTS,JATUSANA,NSG6,https://railway-stations-classification.pages.dev/
JW,JATWARA,NSG6,https://railway-stations-classification.pages.dev/
JUK,JAULKA,NSG6,https://railway-stations-classification.pages.dev/
JKR,Jaulkheda,NSG6,https://railway-stations-classification.pages.dev/
JWO,Jawad road,NSG6,https://railway-stations-classification.pages.dev/
JAL,Jawali,NSG6,https://railway-stations-classification.pages.dev/
JWLS,JAWANWALA SHAHR,NSG6,https://railway-stations-classification.pages.dev/
JKT,Jekot,NSG6,https://railway-stations-classification.pages.dev/
JNZ,JENAL,NSG6,https://railway-stations-classification.pages.dev/
JEN,JENAPUR,NSG6,https://railway-stations-classification.pages.dev/
JEP,JEONATHPUR,NSG6,https://railway-stations-classification.pages.dev/
JRK,JERUWA KHERA,NSG6,https://railway-stations-classification.pages.dev/
JCH,JETHA CHANDAN,NSG6,https://railway-stations-classification.pages.dev/
JTY,Jethi,NSG6,https://railway-stations-classification.pages.dev/
JTIN,Jethian,NSG6,https://railway-stations-classification.pages.dev/
JTP,Jetpur,NSG6,https://railway-stations-classification.pages.dev/
JPI,JHADUPUDI,NSG6,https://railway-stations-classification.pages.dev/
JGI,Jhagadia,NSG6,https://railway-stations-classification.pages.dev/
JHJ,JHAJJAR,NSG6,https://railway-stations-classification.pages.dev/
JK,JHAKOLARI,NSG6,https://railway-stations-classification.pages.dev/
JHW,JHALAWAR ROAD,NSG6,https://railway-stations-classification.pages.dev/
JAPN,JHALRAPATAN,NSG6,https://railway-stations-classification.pages.dev/
JLW,Jhalwara,NSG6,https://railway-stations-classification.pages.dev/
JHBN,JHAMATPUR BAHARAN,NSG6,https://railway-stations-classification.pages.dev/
JJP,Jhanjharpur,NSG6,https://railway-stations-classification.pages.dev/
JPH,Jhantipahari,NSG6,https://railway-stations-classification.pages.dev/
JTL,JHAPATER DHAL,NSG6,https://railway-stations-classification.pages.dev/
JREA,JHAREDA,NSG6,https://railway-stations-classification.pages.dev/
JKP,Jharekapur,NSG6,https://railway-stations-classification.pages.dev/
JRL,JHARLI,NSG6,https://railway-stations-classification.pages.dev/
JRQ,Jharokhas,NSG6,https://railway-stations-classification.pages.dev/
JDI,Jharradih,NSG6,https://railway-stations-classification.pages.dev/
JRTB,JHARTARBHA,NSG6,https://railway-stations-classification.pages.dev/
JWS,Jharwasa,NSG6,https://railway-stations-classification.pages.dev/
JAU,Jhaua,NSG6,https://railway-stations-classification.pages.dev/
JLHI,Jhilahi,NSG6,https://railway-stations-classification.pages.dev/
JLY,Jhilmili,NSG6,https://railway-stations-classification.pages.dev/
JHMR,Jhimri,NSG6,https://railway-stations-classification.pages.dev/
JHG,JHINGURA,NSG6,https://railway-stations-classification.pages.dev/
JNK,Jhinkpani,NSG6,https://railway-stations-classification.pages.dev/
JHIR,JHIR,NSG6,https://railway-stations-classification.pages.dev/
JTH,JHOK TEHAL SINGH,NSG6,https://railway-stations-classification.pages.dev/
JUL,Jhulasan,NSG6,https://railway-stations-classification.pages.dev/
JUP,JHUNPA,NSG6,https://railway-stations-classification.pages.dev/
JIA,JIGNA,NSG6,https://railway-stations-classification.pages.dev/
JLLO,JILLO,NSG6,https://railway-stations-classification.pages.dev/
JMPT,JIMIDIPETA,NSG6,https://railway-stations-classification.pages.dev/
JCY,JIND CITY,NSG6,https://railway-stations-classification.pages.dev/
JNTR,JINTI ROAD,NSG6,https://railway-stations-classification.pages.dev/
ZRDE,Jiradai,NSG6,https://railway-stations-classification.pages.dev/
JRBM,Jiribam,NSG6,https://railway-stations-classification.pages.dev/
JIGT,Jirighat,NSG6,https://railway-stations-classification.pages.dev/
JRNA,Jirinia,NSG6,https://railway-stations-classification.pages.dev/
JRO,Jiron,NSG6,https://railway-stations-classification.pages.dev/
JKZ,JITA KHERI,NSG6,https://railway-stations-classification.pages.dev/
JITE,Jite,NSG6,https://railway-stations-classification.pages.dev/
JWN,JIWAN ARAIN,NSG6,https://railway-stations-classification.pages.dev/
JDR,Jiwdhara,NSG6,https://railway-stations-classification.pages.dev/
GNND,JNANDAS KANDRA,NSG6,https://railway-stations-classification.pages.dev/
JOBA,JOBA,NSG6,https://railway-stations-classification.pages.dev/
JOBT,Jobat,NSG6,https://railway-stations-classification.pages.dev/
JUCT,JODHPUR CANTT,NSG6,https://railway-stations-classification.pages.dev/
JOM,JOGI MAGRA,NSG6,https://railway-stations-classification.pages.dev/
JGA,Jogiara,NSG6,https://railway-stations-classification.pages.dev/
JGF,Jogidih,NSG6,https://railway-stations-classification.pages.dev/
JPZ,Jogighopa,NSG6,https://railway-stations-classification.pages.dev/
JDNX,JOGINDER NAGAR,NSG6,https://railway-stations-classification.pages.dev/
JOKT,Jokatte,NSG6,https://railway-stations-classification.pages.dev/
JIBI,Jolaibari,NSG6,https://railway-stations-classification.pages.dev/
JON,Jonha,NSG6,https://railway-stations-classification.pages.dev/
JPO,Joraalapur,NSG6,https://railway-stations-classification.pages.dev/
JOQ,Jorai,NSG6,https://railway-stations-classification.pages.dev/
JRZ,JORANDA ROAD,NSG6,https://railway-stations-classification.pages.dev/
JTN,Jotana,NSG6,https://railway-stations-classification.pages.dev/
JUBS,Jubba Sahani,NSG6,https://railway-stations-classification.pages.dev/
JGJN,Jugijan,NSG6,https://railway-stations-classification.pages.dev/
JOH,JUHARPURA,NSG6,https://railway-stations-classification.pages.dev/
JUJA,JUJUMORA,NSG6,https://railway-stations-classification.pages.dev/
JKE,JUKEHI,NSG6,https://railway-stations-classification.pages.dev/
JNA,JULANA,NSG6,https://railway-stations-classification.pages.dev/
JLF,JULMI,NSG6,https://railway-stations-classification.pages.dev/
JML,JUMNAL,NSG6,https://railway-stations-classification.pages.dev/
JAKA,JUNAKHERA,NSG6,https://railway-stations-classification.pages.dev/
JBG,JUNG BAHADURGANJ,NSG6,https://railway-stations-classification.pages.dev/
JTO,JUTOGH,NSG6,https://railway-stations-classification.pages.dev/
JUR,JUTURU,NSG6,https://railway-stations-classification.pages.dev/
JWP,JWALAPUR,NSG6,https://railway-stations-classification.pages.dev/
KBR,Kabrai,NSG6,https://railway-stations-classification.pages.dev/
KCHV,Kachchanavilai (FLAG),NSG6,https://railway-stations-classification.pages.dev/
KHRA,KACHERA,NSG6,https://railway-stations-classification.pages.dev/
KWN,Kachewani,NSG6,https://railway-stations-classification.pages.dev/
KWH,Kachhwa Road,NSG6,https://railway-stations-classification.pages.dev/
KAU,Kachna,NSG6,https://railway-stations-classification.pages.dev/
KVU,Kadakavur,NSG6,https://railway-stations-classification.pages.dev/
KDO,Kadakola,NSG6,https://railway-stations-classification.pages.dev/
KN,Kadalundi,NSG6,https://railway-stations-classification.pages.dev/
KDU,Kadambur,NSG6,https://railway-stations-classification.pages.dev/
KADI,Kadi,NSG6,https://railway-stations-classification.pages.dev/
KDQ,Kadipur,NSG6,https://railway-stations-classification.pages.dev/
KYM,KADIYAM,NSG6,https://railway-stations-classification.pages.dev/
KFPR,KAFURPUR,NSG6,https://railway-stations-classification.pages.dev/
KEY,Kagankarai,NSG6,https://railway-stations-classification.pages.dev/
KRAI,Kaher,NSG6,https://railway-stations-classification.pages.dev/
KH,KAHILIA,NSG6,https://railway-stations-classification.pages.dev/
KYT,KAILAHAT,NSG6,https://railway-stations-classification.pages.dev/
KQS,Kailaras,NSG6,https://railway-stations-classification.pages.dev/
KIV,KAILSA,NSG6,https://railway-stations-classification.pages.dev/
KMA,KAIMA,NSG6,https://railway-stations-classification.pages.dev/
KPXR,KAIPADAR ROAD,NSG6,https://railway-stations-classification.pages.dev/
KAI,KAIRLA,NSG6,https://railway-stations-classification.pages.dev/
KCZ,KAIRON,NSG6,https://railway-stations-classification.pages.dev/
KTCH,Kaithalkuchi,NSG6,https://railway-stations-classification.pages.dev/
KJ,Kajgaon,NSG6,https://railway-stations-classification.pages.dev/
KJME,KAJORA GRAM,NSG6,https://railway-stations-classification.pages.dev/
KYF,Kajrat Nawadih,NSG6,https://railway-stations-classification.pages.dev/
KAPE,KAKAPORA,NSG6,https://railway-stations-classification.pages.dev/
KKHT,Kakarghatti,NSG6,https://railway-stations-classification.pages.dev/
KKLU,KAKLUR,NSG6,https://railway-stations-classification.pages.dev/
KKJ,KAKORI,NSG6,https://railway-stations-classification.pages.dev/
KKGM,KAKRIGUMA,NSG6,https://railway-stations-classification.pages.dev/
KKL,KALA BAKRA,NSG6,https://railway-stations-classification.pages.dev/
KQE,Kalaakhar,NSG6,https://railway-stations-classification.pages.dev/
KLGA,KALAGAR,NSG6,https://railway-stations-classification.pages.dev/
KKQ,Kalaikunda,NSG6,https://railway-stations-classification.pages.dev/
KKD,Kalakund,NSG6,https://railway-stations-classification.pages.dev/
KMH,KALAMALLA,NSG6,https://railway-stations-classification.pages.dev/
KLMR,Kalamasseri,NSG6,https://railway-stations-classification.pages.dev/
KALM,Kalambh,NSG6,https://railway-stations-classification.pages.dev/
KALB,Kalambha,NSG6,https://railway-stations-classification.pages.dev/
KLNK,KALANAUR KALAN,NSG6,https://railway-stations-classification.pages.dev/
KLGN,Kalangani,NSG6,https://railway-stations-classification.pages.dev/
KNZ,KALANOUR,NSG6,https://railway-stations-classification.pages.dev/
KCM,KALASAMUDRAM,NSG6,https://railway-stations-classification.pages.dev/
KIY,KALAYAT,NSG6,https://railway-stations-classification.pages.dev/
KCF,Kalchini,NSG6,https://railway-stations-classification.pages.dev/
KLDI,KALDHARI,NSG6,https://railway-stations-classification.pages.dev/
KM,KALEM,NSG6,https://railway-stations-classification.pages.dev/
KCP,KALGUPUR,NSG6,https://railway-stations-classification.pages.dev/
KAH,KALHAR,NSG6,https://railway-stations-classification.pages.dev/
KCI,KALIKIRI,NSG6,https://railway-stations-classification.pages.dev/
KPK,KALIPAHARI,NSG6,https://railway-stations-classification.pages.dev/
KSH,Kalisindhi,NSG6,https://railway-stations-classification.pages.dev/
KKGT,Kalkalighat,NSG6,https://railway-stations-classification.pages.dev/
KLGM,Kallagam,NSG6,https://railway-stations-classification.pages.dev/
KKPM,Kallakkudi palanganatham,NSG6,https://railway-stations-classification.pages.dev/
KAL,Kallal,NSG6,https://railway-stations-classification.pages.dev/
KUL,Kallayi,NSG6,https://railway-stations-classification.pages.dev/
KIC,Kallidaikurichi (FLAG),NSG6,https://railway-stations-classification.pages.dev/
KGD,Kalligudi,NSG6,https://railway-stations-classification.pages.dev/
KLU,KALLURU,NSG6,https://railway-stations-classification.pages.dev/
KSWR,Kalmeshwar,NSG6,https://railway-stations-classification.pages.dev/
KLTR,Kalmitar,NSG6,https://railway-stations-classification.pages.dev/
KFC,Kalpattichatram,NSG6,https://railway-stations-classification.pages.dev/
KAO,KALUBATHAN,NSG6,https://railway-stations-classification.pages.dev/
KAV,Kalumna,NSG6,https://railway-stations-classification.pages.dev/
KLG,Kalunga,NSG6,https://railway-stations-classification.pages.dev/
KXE,KALYANCHAK,NSG6,https://railway-stations-classification.pages.dev/
KYNT,KALYANKOT,NSG6,https://railway-stations-classification.pages.dev/
KPRD,KALYANPUR ROAD,NSG6,https://railway-stations-classification.pages.dev/
KMPU,KAMALAPUR,NSG6,https://railway-stations-classification.pages.dev/
KKM,KAMALAPURAM,NSG6,https://railway-stations-classification.pages.dev/
KMNR,KAMALNAGAR,NSG6,https://railway-stations-classification.pages.dev/
KLPG,Kamalpur Gram,NSG6,https://railway-stations-classification.pages.dev/
KMLR,KAMALUR,NSG6,https://railway-stations-classification.pages.dev/
KXL,Kamarbandha,NSG6,https://railway-stations-classification.pages.dev/
KBI,KAMBARGANVI,NSG6,https://railway-stations-classification.pages.dev/
KBK,Kamblighat,NSG6,https://railway-stations-classification.pages.dev/
KMP,Kamlapur,NSG6,https://railway-stations-classification.pages.dev/
KXF,Kampil Road,NSG6,https://railway-stations-classification.pages.dev/
KMNG,Kamranga,NSG6,https://railway-stations-classification.pages.dev/
KKET,Kamrupkhetri,NSG6,https://railway-stations-classification.pages.dev/
KNKT,Kanakot,NSG6,https://railway-stations-classification.pages.dev/
KNLP,KANAMALOPALLE,NSG6,https://railway-stations-classification.pages.dev/
KNRN,Kanaroan,NSG6,https://railway-stations-classification.pages.dev/
KASR,KANAS ROAD,NSG6,https://railway-stations-classification.pages.dev/
KNSR,KANASAR,NSG6,https://railway-stations-classification.pages.dev/
KNS,KANCHAUSI,NSG6,https://railway-stations-classification.pages.dev/
KDZ,KANDAGHAT,NSG6,https://railway-stations-classification.pages.dev/
KDMD,Kandambakkam,NSG6,https://railway-stations-classification.pages.dev/
KDRP,KANDARPUR,NSG6,https://railway-stations-classification.pages.dev/
KDLR,KANDEL ROAD,NSG6,https://railway-stations-classification.pages.dev/
KQL,KANDHLA,NSG6,https://railway-stations-classification.pages.dev/
KND,Kandra,NSG6,https://railway-stations-classification.pages.dev/
KNDI,KANDRORI,NSG6,https://railway-stations-classification.pages.dev/
KGX,KANGINHAL,NSG6,https://railway-stations-classification.pages.dev/
KGRA,KANGRA,NSG6,https://railway-stations-classification.pages.dev/
KGMR,KANGRA MANDIR,NSG6,https://railway-stations-classification.pages.dev/
KNHN,Kanhan,NSG6,https://railway-stations-classification.pages.dev/
KNRG,KANHARGOAN NAKA,NSG6,https://railway-stations-classification.pages.dev/
KNGN,kanhegaon,NSG6,https://railway-stations-classification.pages.dev/
KANJ,Kanij,NSG6,https://railway-stations-classification.pages.dev/
KNNK,KANINA KHAS,NSG6,https://railway-stations-classification.pages.dev/
KNB,Kaniyambadi,NSG6,https://railway-stations-classification.pages.dev/
KBRV,Kanjari Boriyavi,NSG6,https://railway-stations-classification.pages.dev/
KJKD,Kanjikode,NSG6,https://railway-stations-classification.pages.dev/
KXB,KANJIYA,NSG6,https://railway-stations-classification.pages.dev/
KKAH,KANKAHA,NSG6,https://railway-stations-classification.pages.dev/
KHE,KANKATHER,NSG6,https://railway-stations-classification.pages.dev/
KKA,Kanki,NSG6,https://railway-stations-classification.pages.dev/
KMM,Kannamangalam,NSG6,https://railway-stations-classification.pages.dev/
CS,Kannur south,NSG6,https://railway-stations-classification.pages.dev/
KANO,KANOH,NSG6,https://railway-stations-classification.pages.dev/
KUT,KANOTA,NSG6,https://railway-stations-classification.pages.dev/
CPB,KANPUR LEFT BANK,NSG6,https://railway-stations-classification.pages.dev/
KSNA,Kansar Nawada,NSG6,https://railway-stations-classification.pages.dev/
KXN,Kansbahal,NSG6,https://railway-stations-classification.pages.dev/
KANS,Kansiyanes,NSG6,https://railway-stations-classification.pages.dev/
KSQ,KANSPUR GNGAULI,NSG6,https://railway-stations-classification.pages.dev/
QSR,KANSRAO,NSG6,https://railway-stations-classification.pages.dev/
KIZ,Kansudhi,NSG6,https://railway-stations-classification.pages.dev/
KTD,Kantadih,NSG6,https://railway-stations-classification.pages.dev/
KPL,KANTAKAPALLI,NSG6,https://railway-stations-classification.pages.dev/
KNT,KANTH,NSG6,https://railway-stations-classification.pages.dev/
KTI,Kanti,NSG6,https://railway-stations-classification.pages.dev/
KIW,KANWALPURA,NSG6,https://railway-stations-classification.pages.dev/
KUW,KANWAR,NSG6,https://railway-stations-classification.pages.dev/
KAWT,KANWAT,NSG6,https://railway-stations-classification.pages.dev/
KAOT,Kaotha,NSG6,https://railway-stations-classification.pages.dev/
KVC,Kaparpura,NSG6,https://railway-stations-classification.pages.dev/
KIS,KAPILAS ROAD,NSG6,https://railway-stations-classification.pages.dev/
KPZ,KAPREN,NSG6,https://railway-stations-classification.pages.dev/
KEH,KAPSETHI,NSG6,https://railway-stations-classification.pages.dev/
KRLR,Karaila Road Jn,NSG6,https://railway-stations-classification.pages.dev/
KHV,KARAINTHI,NSG6,https://railway-stations-classification.pages.dev/
KJG,KARAJGI,NSG6,https://railway-stations-classification.pages.dev/
KKB,KARAK-BEL,NSG6,https://railway-stations-classification.pages.dev/
KRKD,Karakad,NSG6,https://railway-stations-classification.pages.dev/
KVLS,KARAKAVALASA,NSG6,https://railway-stations-classification.pages.dev/
KAY,Karamadai,NSG6,https://railway-stations-classification.pages.dev/
KEB,Karambeli,NSG6,https://railway-stations-classification.pages.dev/
KMS,Karamnasa,NSG6,https://railway-stations-classification.pages.dev/
KRMA,KARAMTOLA,NSG6,https://railway-stations-classification.pages.dev/
KAJG,KARANJGAON,NSG6,https://railway-stations-classification.pages.dev/
KPO,KARANPURA,NSG6,https://railway-stations-classification.pages.dev/
KPTO,KARANPURATO,NSG6,https://railway-stations-classification.pages.dev/
KRAP,KARAPA,NSG6,https://railway-stations-classification.pages.dev/
KRQ,Karari,NSG6,https://railway-stations-classification.pages.dev/
KWO,Karauta,NSG6,https://railway-stations-classification.pages.dev/
KRV,KARAVADI,NSG6,https://railway-stations-classification.pages.dev/
KBN,KARBIGWAN,NSG6,https://railway-stations-classification.pages.dev/
KCN,KARCHANA,NSG6,https://railway-stations-classification.pages.dev/
KDHA,Karchha,NSG6,https://railway-stations-classification.pages.dev/
RDI,Kardi,NSG6,https://railway-stations-classification.pages.dev/
KEG,KARENGI,NSG6,https://railway-stations-classification.pages.dev/
KRA,KAREPALLI,NSG6,https://railway-stations-classification.pages.dev/
KGB,Kargi Road,NSG6,https://railway-stations-classification.pages.dev/
KAHL,KARHAL,NSG6,https://railway-stations-classification.pages.dev/
KYX,KARHIYA-BHADOLI,NSG6,https://railway-stations-classification.pages.dev/
KMDR,Karimuddinpur,NSG6,https://railway-stations-classification.pages.dev/
KRS,Karisath,NSG6,https://railway-stations-classification.pages.dev/
KRJR,Karjara,NSG6,https://railway-stations-classification.pages.dev/
KARJ,KARJHAUSA,NSG6,https://railway-stations-classification.pages.dev/
KRJD,Karjoda,NSG6,https://railway-stations-classification.pages.dev/
KRTA,Karkatta,NSG6,https://railway-stations-classification.pages.dev/
KKI,Karkeli,NSG6,https://railway-stations-classification.pages.dev/
KEK,KARKHELI,NSG6,https://railway-stations-classification.pages.dev/
KMV,KARMAD,NSG6,https://railway-stations-classification.pages.dev/
KMHT,Karmahat,NSG6,https://railway-stations-classification.pages.dev/
KAR,KARNA,NSG6,https://railway-stations-classification.pages.dev/
KNSN,KARNA SUBARNA,NSG6,https://railway-stations-classification.pages.dev/
KOA,Karonda,NSG6,https://railway-stations-classification.pages.dev/
KJZ,Karonji,NSG6,https://railway-stations-classification.pages.dev/
KRTR,Karota Patner,NSG6,https://railway-stations-classification.pages.dev/
KPGM,Karpurigram,NSG6,https://railway-stations-classification.pages.dev/
KRRA,Karra,NSG6,https://railway-stations-classification.pages.dev/
KRE,KARTARPUR,NSG6,https://railway-stations-classification.pages.dev/
KUC,Karukutty,NSG6,https://railway-stations-classification.pages.dev/
KGZ,Karunguzhi,NSG6,https://railway-stations-classification.pages.dev/
KPPR,Karuppur,NSG6,https://railway-stations-classification.pages.dev/
KVLR,KARUVALLI,NSG6,https://railway-stations-classification.pages.dev/
KWD,Karwandiya,NSG6,https://railway-stations-classification.pages.dev/
KUB,Kasba,NSG6,https://railway-stations-classification.pages.dev/
KBSN,Kasbe Sukene,NSG6,https://railway-stations-classification.pages.dev/
KJC,Kasganj city,NSG6,https://railway-stations-classification.pages.dev/
KSC,Kashichak,NSG6,https://railway-stations-classification.pages.dev/
KSPR,Kashipura Sarar,NSG6,https://railway-stations-classification.pages.dev/
KSTH,kashti,NSG6,https://railway-stations-classification.pages.dev/
KSTA,Kastha,NSG6,https://railway-stations-classification.pages.dev/
KBU,KASU BEGU,NSG6,https://railway-stations-classification.pages.dev/
KXX,KATA ROAD,NSG6,https://railway-stations-classification.pages.dev/
KTDD,KATAIYADANDI,NSG6,https://railway-stations-classification.pages.dev/
KTX,Katakhal Jn,NSG6,https://railway-stations-classification.pages.dev/
KGE,Katangi,NSG6,https://railway-stations-classification.pages.dev/
KTKD,KATANGI KHURD,NSG6,https://railway-stations-classification.pages.dev/
KZW,KATAR SINGH WALA,NSG6,https://railway-stations-classification.pages.dev/
KTRH,Katareah,NSG6,https://railway-stations-classification.pages.dev/
KTRI,Katari,NSG6,https://railway-stations-classification.pages.dev/
KTHE,KATEHRI,NSG6,https://railway-stations-classification.pages.dev/
KTP,Katepurna,NSG6,https://railway-stations-classification.pages.dev/
KGF,KATGHAR,NSG6,https://railway-stations-classification.pages.dev/
KTPR,Kathalpukhuri,NSG6,https://railway-stations-classification.pages.dev/
KTRR,Kathara Road,NSG6,https://railway-stations-classification.pages.dev/
KKT,Kathkuiyan,NSG6,https://railway-stations-classification.pages.dev/
KEJ,KATHLEEGHAT,NSG6,https://railway-stations-classification.pages.dev/
KNG,KATHU NANGAL,NSG6,https://railway-stations-classification.pages.dev/
KTWS,KATHUWAS,NSG6,https://railway-stations-classification.pages.dev/
KFK,Katka,NSG6,https://railway-stations-classification.pages.dev/
KKAS,Katkamsandi,NSG6,https://railway-stations-classification.pages.dev/
KLCR,Katlicherra,NSG6,https://railway-stations-classification.pages.dev/
KTCE,KATOGHAN,NSG6,https://railway-stations-classification.pages.dev/
KATL,Katol,NSG6,https://railway-stations-classification.pages.dev/
KTO,Katora,NSG6,https://railway-stations-classification.pages.dev/
KTOR,KATORIYA,NSG6,https://railway-stations-classification.pages.dev/
KTRD,Katosan Road,NSG6,https://railway-stations-classification.pages.dev/
KEA,Katra,NSG6,https://railway-stations-classification.pages.dev/
KQQ,KAUKUNTLA,NSG6,https://railway-stations-classification.pages.dev/
KLI,KAULI,NSG6,https://railway-stations-classification.pages.dev/
KLSX,KAULSERI,NSG6,https://railway-stations-classification.pages.dev/
KUF,KAURAH,NSG6,https://railway-stations-classification.pages.dev/
KAA,KAURARA,NSG6,https://railway-stations-classification.pages.dev/
KPE,Kauwapur,NSG6,https://railway-stations-classification.pages.dev/
KVN,Kavanur,NSG6,https://railway-stations-classification.pages.dev/
KVA,KAVAS,NSG6,https://railway-stations-classification.pages.dev/
KVK,KAVATHE-MAHANKAL,NSG6,https://railway-stations-classification.pages.dev/
KAVI,Kavi,NSG6,https://railway-stations-classification.pages.dev/
KVM,KAVUTARAM,NSG6,https://railway-stations-classification.pages.dev/
KWGN,KAWARGAON,NSG6,https://railway-stations-classification.pages.dev/
KZY,Kayalpattinam (FLAG),NSG6,https://railway-stations-classification.pages.dev/
QMRS,KAYAMSAR,NSG6,https://railway-stations-classification.pages.dev/
KAYR,Kayar,NSG6,https://railway-stations-classification.pages.dev/
KV,Kayavarohan,NSG6,https://railway-stations-classification.pages.dev/
KZJT,KAZIPET TOWN,NSG6,https://railway-stations-classification.pages.dev/
KCKI,Kechki,NSG6,https://railway-stations-classification.pages.dev/
KRUR,Keeranur,NSG6,https://railway-stations-classification.pages.dev/
KKG,KEKATUMAR,NSG6,https://railway-stations-classification.pages.dev/
KEV,KELA DEVI,NSG6,https://railway-stations-classification.pages.dev/
KMLM,KELAMANGALAM,NSG6,https://railway-stations-classification.pages.dev/
KLOD,Kelod,NSG6,https://railway-stations-classification.pages.dev/
KEZ,Kelzar,NSG6,https://railway-stations-classification.pages.dev/
KEM,KEM,NSG6,https://railway-stations-classification.pages.dev/
KNPS,kendposi,NSG6,https://railway-stations-classification.pages.dev/
KENP,KENDRAPARA,NSG6,https://railway-stations-classification.pages.dev/
KNPR,KENDRAPARA ROAD,NSG6,https://railway-stations-classification.pages.dev/
KED,KENDUAPADA,NSG6,https://railway-stations-classification.pages.dev/
KDKN,Kendukana,NSG6,https://railway-stations-classification.pages.dev/
KLZ,Keolari,NSG6,https://railway-stations-classification.pages.dev/
KETI,Keoti,NSG6,https://railway-stations-classification.pages.dev/
KCT,Kerakat,NSG6,https://railway-stations-classification.pages.dev/
KPJG,KEREJANGA,NSG6,https://railway-stations-classification.pages.dev/
KVJ,Keshavganj,NSG6,https://railway-stations-classification.pages.dev/
KOLI,KESHOLI,NSG6,https://railway-stations-classification.pages.dev/
KPTN,KESHORAI PATAN,NSG6,https://railway-stations-classification.pages.dev/
KES,KESRI,NSG6,https://railway-stations-classification.pages.dev/
KDY,Kettandapatti,NSG6,https://railway-stations-classification.pages.dev/
KXT,Ketti,NSG6,https://railway-stations-classification.pages.dev/
KTGA,KEUTIGURA,NSG6,https://railway-stations-classification.pages.dev/
KDPA,KHADAPA,NSG6,https://railway-stations-classification.pages.dev/
KDT,KHADARPET,NSG6,https://railway-stations-classification.pages.dev/
KDSB,KHADUR SAHIB,NSG6,https://railway-stations-classification.pages.dev/
KB,Khairabad avadh,NSG6,https://railway-stations-classification.pages.dev/
KYH,Khairah,NSG6,https://railway-stations-classification.pages.dev/
KHRY,KHAIRAHI,NSG6,https://railway-stations-classification.pages.dev/
KID,Khairar Jn,NSG6,https://railway-stations-classification.pages.dev/
KJI,Khajauli,NSG6,https://railway-stations-classification.pages.dev/
KHJ,Khajraha,NSG6,https://railway-stations-classification.pages.dev/
KJA,KHAJURAHAT,NSG6,https://railway-stations-classification.pages.dev/
KJW,KHAJWANA,NSG6,https://railway-stations-classification.pages.dev/
KKK,Khakhariya,NSG6,https://railway-stations-classification.pages.dev/
KHPL,KHALIAPALI,NSG6,https://railway-stations-classification.pages.dev/
KIP,KHALILPUR,NSG6,https://railway-stations-classification.pages.dev/
KSF,KHALISPUR,NSG6,https://railway-stations-classification.pages.dev/
KMNN,KHAMANON,NSG6,https://railway-stations-classification.pages.dev/
CBY,Khambat,NSG6,https://railway-stations-classification.pages.dev/
KVH,Khambel,NSG6,https://railway-stations-classification.pages.dev/
KMN,Khamgaon,NSG6,https://railway-stations-classification.pages.dev/
KMKD,Khamkhed,NSG6,https://railway-stations-classification.pages.dev/
KAN,KHANA JN,NSG6,https://railway-stations-classification.pages.dev/
KHNP,KHANAPUR,NSG6,https://railway-stations-classification.pages.dev/
KNP,KHANAPUR,NSG6,https://railway-stations-classification.pages.dev/
KAD,Khandala,NSG6,https://railway-stations-classification.pages.dev/
KADA,Khandala,NSG6,https://railway-stations-classification.pages.dev/
KBH,Khandbara,NSG6,https://railway-stations-classification.pages.dev/
KNDL,KHANDEL,NSG6,https://railway-stations-classification.pages.dev/
KHDI,Khanderi,NSG6,https://railway-stations-classification.pages.dev/
KYO,Khandikar,NSG6,https://railway-stations-classification.pages.dev/
KNDP,KHANDIP,NSG6,https://railway-stations-classification.pages.dev/
KHBJ,KHANNA BANJARI,NSG6,https://railway-stations-classification.pages.dev/
KNF,Khanoodih,NSG6,https://railway-stations-classification.pages.dev/
KHF,Khantapara,NSG6,https://railway-stations-classification.pages.dev/
KRI,Khapri,NSG6,https://railway-stations-classification.pages.dev/
KPKD,Khapri kheda,NSG6,https://railway-stations-classification.pages.dev/
KRHT,Kharahat,NSG6,https://railway-stations-classification.pages.dev/
KRZ,KHARAWAR,NSG6,https://railway-stations-classification.pages.dev/
KARI,KHARI,NSG6,https://railway-stations-classification.pages.dev/
KXG,KHARIA KHANGAR,NSG6,https://railway-stations-classification.pages.dev/
KHQ,Kharik,NSG6,https://railway-stations-classification.pages.dev/
KXK,KHARKHAUDA,NSG6,https://railway-stations-classification.pages.dev/
KPB,Kharpokhara,NSG6,https://railway-stations-classification.pages.dev/
KRSA,Kharsaliya,NSG6,https://railway-stations-classification.pages.dev/
KRW,Kharwa,NSG6,https://railway-stations-classification.pages.dev/
KRCD,Kharwa Chanda,NSG6,https://railway-stations-classification.pages.dev/
KSA,KHASA,NSG6,https://railway-stations-classification.pages.dev/
KHAT,Khat,NSG6,https://railway-stations-classification.pages.dev/
KHTG,Khatgaon,NSG6,https://railway-stations-classification.pages.dev/
KWP,KHATIPURA,NSG6,https://railway-stations-classification.pages.dev/
KHHJ,KHATKAR KALAN JHANDA JI,NSG6,https://railway-stations-classification.pages.dev/
KDBM,Khedbrahma,NSG6,https://railway-stations-classification.pages.dev/
KQW,KHEDULI,NSG6,https://railway-stations-classification.pages.dev/
KEMK,KHEM KARAN,NSG6,https://railway-stations-classification.pages.dev/
KSO,Khemasuli,NSG6,https://railway-stations-classification.pages.dev/
KLH,Khemli,NSG6,https://railway-stations-classification.pages.dev/
KHKN,KHERA KALAN,NSG6,https://railway-stations-classification.pages.dev/
KSW,KHERI SALWA,NSG6,https://railway-stations-classification.pages.dev/
KW,Khervadi,NSG6,https://railway-stations-classification.pages.dev/
KS,KHETA SARAI,NSG6,https://railway-stations-classification.pages.dev/
KJV,Khijadiya,NSG6,https://railway-stations-classification.pages.dev/
KZQ,Khimel,NSG6,https://railway-stations-classification.pages.dev/
KNNA,KHINANIYAN,NSG6,https://railway-stations-classification.pages.dev/
KHD,Khodiyar,NSG6,https://railway-stations-classification.pages.dev/
KDMR,Khodiyar Mandir,NSG6,https://railway-stations-classification.pages.dev/
KOI,Khodri,NSG6,https://railway-stations-classification.pages.dev/
KHOH,Khoh,NSG6,https://railway-stations-classification.pages.dev/
KBY,Khoirabari,NSG6,https://railway-stations-classification.pages.dev/
KJP,Khojeepura,NSG6,https://railway-stations-classification.pages.dev/
KWJ,KHOJEWALA,NSG6,https://railway-stations-classification.pages.dev/
KGBP,Khongsang,NSG6,https://railway-stations-classification.pages.dev/
KGS,Khongsara,NSG6,https://railway-stations-classification.pages.dev/
KHC,Khorana,NSG6,https://railway-stations-classification.pages.dev/
KORI,KHORI,NSG6,https://railway-stations-classification.pages.dev/
KHKT,Khotkhoti,NSG6,https://railway-stations-classification.pages.dev/
KZX,KHUDA KURALA,NSG6,https://railway-stations-classification.pages.dev/
KDJ,Khudaganj,NSG6,https://railway-stations-classification.pages.dev/
KDJB,Khudaganj Bazar,NSG6,https://railway-stations-classification.pages.dev/
KUKA,KHUI KHERA,NSG6,https://railway-stations-classification.pages.dev/
KURN,KHUKRANA HALT,NSG6,https://railway-stations-classification.pages.dev/
KDRD,Khuldil Road,NSG6,https://railway-stations-classification.pages.dev/
KJL,Khumgaon Burti,NSG6,https://railway-stations-classification.pages.dev/
KKNA,KHUNKHUNA,NSG6,https://railway-stations-classification.pages.dev/
KHUT,KHUNTLA,NSG6,https://railway-stations-classification.pages.dev/
KRT,Khurahat,NSG6,https://railway-stations-classification.pages.dev/
KURT,KHURDA TOWN,NSG6,https://railway-stations-classification.pages.dev/
KUPR,KHURDPUR,NSG6,https://railway-stations-classification.pages.dev/
KHU,Khurhand,NSG6,https://railway-stations-classification.pages.dev/
KWE,Khurial,NSG6,https://railway-stations-classification.pages.dev/
KJY,KHURJA CITY,NSG6,https://railway-stations-classification.pages.dev/
KTHA,KHUTAHA,NSG6,https://railway-stations-classification.pages.dev/
KHTN,Khutauna#,NSG6,https://railway-stations-classification.pages.dev/
KKRD,Kikakui Road,NSG6,https://railway-stations-classification.pages.dev/
QRP,KILA RAIPUR,NSG6,https://railway-stations-classification.pages.dev/
KZH,KILA ZAFARGARH,NSG6,https://railway-stations-classification.pages.dev/
KKY,Kilakadaiyam,NSG6,https://railway-stations-classification.pages.dev/
KLQ,Kilikollur,NSG6,https://railway-stations-classification.pages.dev/
KII,Kille,NSG6,https://railway-stations-classification.pages.dev/
KIU,KINANA,NSG6,https://railway-stations-classification.pages.dev/
CNV,Kinattukkadavu,NSG6,https://railway-stations-classification.pages.dev/
KRDL,KIRANDUL,NSG6,https://railway-stations-classification.pages.dev/
KLB,KIRAOLI,NSG6,https://railway-stations-classification.pages.dev/
KRTH,Kirathgarh,NSG6,https://railway-stations-classification.pages.dev/
KART,KIRATPUR SAHIB,NSG6,https://railway-stations-classification.pages.dev/
KNHR,KIRNAHAR,NSG6,https://railway-stations-classification.pages.dev/
KRC,KIRODA,NSG6,https://railway-stations-classification.pages.dev/
KDTR,Kirodimal nagar,NSG6,https://railway-stations-classification.pages.dev/
KSP,Kisanpur,NSG6,https://railway-stations-classification.pages.dev/
KGBS,KISHANGARH BALAWAS,NSG6,https://railway-stations-classification.pages.dev/
KMNP,KISHANMANPURA,NSG6,https://railway-stations-classification.pages.dev/
KITA,Kita,NSG6,https://railway-stations-classification.pages.dev/
KXM,KITHAM,NSG6,https://railway-stations-classification.pages.dev/
KWI,Kiwarli,NSG6,https://railway-stations-classification.pages.dev/
KYZ,Kizhapuliyur (FLAG),NSG6,https://railway-stations-classification.pages.dev/
KVL,Kizhvelur,NSG6,https://railway-stations-classification.pages.dev/
CHTS,Kochi harbour terminus,NSG6,https://railway-stations-classification.pages.dev/
KAG,Kodaganur,NSG6,https://railway-stations-classification.pages.dev/
KJJ,KODAVALURU,NSG6,https://railway-stations-classification.pages.dev/
KODI,KODI,NSG6,https://railway-stations-classification.pages.dev/
KODR,Kodinar,NSG6,https://railway-stations-classification.pages.dev/
KMD,Kodumudi,NSG6,https://railway-stations-classification.pages.dev/
KWR,Koelwar,NSG6,https://railway-stations-classification.pages.dev/
KRSW,KOHAR SINGH WALA,NSG6,https://railway-stations-classification.pages.dev/
KOHR,KOHIR DECCAN,NSG6,https://railway-stations-classification.pages.dev/
KOHL,Kohli,NSG6,https://railway-stations-classification.pages.dev/
KLKA,KOILAKUNTLA,NSG6,https://railway-stations-classification.pages.dev/
KEPR,KOIRIPUR,NSG6,https://railway-stations-classification.pages.dev/
KOKA,Koka,NSG6,https://railway-stations-classification.pages.dev/
KKPR,Kokpara,NSG6,https://railway-stations-classification.pages.dev/
KLGR,Kolaigram,NSG6,https://railway-stations-classification.pages.dev/
KOLR,KOLANUR,NSG6,https://railway-stations-classification.pages.dev/
KQZ,KOLAR,NSG6,https://railway-stations-classification.pages.dev/
KLRS,KOLARAS,NSG6,https://railway-stations-classification.pages.dev/
KLS,Kolathur,NSG6,https://railway-stations-classification.pages.dev/
KLYT,KOLAYAT,NSG6,https://railway-stations-classification.pages.dev/
KFF,Kolde,NSG6,https://railway-stations-classification.pages.dev/
KLGD,Kollengode,NSG6,https://railway-stations-classification.pages.dev/
CLN,Kollidam,NSG6,https://railway-stations-classification.pages.dev/
KMK,KOMAKHAN,NSG6,https://railway-stations-classification.pages.dev/
KMAQ,KOMALI,NSG6,https://railway-stations-classification.pages.dev/
KMX,KOMATIPALLI,NSG6,https://railway-stations-classification.pages.dev/
KNH,Konch,NSG6,https://railway-stations-classification.pages.dev/
KQA,KONDAGUNTA,NSG6,https://railway-stations-classification.pages.dev/
KI,KONDAPALLI,NSG6,https://railway-stations-classification.pages.dev/
KDP,KONDAPURAM,NSG6,https://railway-stations-classification.pages.dev/
KDF,KONDHOUR,NSG6,https://railway-stations-classification.pages.dev/
KPS,Kopa Samhota,NSG6,https://railway-stations-classification.pages.dev/
KPLE,KOPAI,NSG6,https://railway-stations-classification.pages.dev/
KPLR,KOPAR LAHAR,NSG6,https://railway-stations-classification.pages.dev/
KFA,Koparia,NSG6,https://railway-stations-classification.pages.dev/
KDE,Koradacheri,NSG6,https://railway-stations-classification.pages.dev/
KRIH,KORAI,NSG6,https://railway-stations-classification.pages.dev/
KRLA,KORATLA,NSG6,https://railway-stations-classification.pages.dev/
KRG,Koregaon,NSG6,https://railway-stations-classification.pages.dev/
KUK,KORUKONDA,NSG6,https://railway-stations-classification.pages.dev/
KSE,Kosad,NSG6,https://railway-stations-classification.pages.dev/
KSAE,KOSAI,NSG6,https://railway-stations-classification.pages.dev/
KO,KOSGI,NSG6,https://railway-stations-classification.pages.dev/
KVQ,Kosiara,NSG6,https://railway-stations-classification.pages.dev/
KOZ,KOSMA,NSG6,https://railway-stations-classification.pages.dev/
KTF,KOT FATEH,NSG6,https://railway-stations-classification.pages.dev/
KLP,KOTALPUKUR,NSG6,https://railway-stations-classification.pages.dev/
KRL,Kotarlia,NSG6,https://railway-stations-classification.pages.dev/
QTR,Kothara,NSG6,https://railway-stations-classification.pages.dev/
KTHD,Kothari Road,NSG6,https://railway-stations-classification.pages.dev/
KTGD,Kothgangad,NSG6,https://railway-stations-classification.pages.dev/
KOTI,KOTI,NSG6,https://railway-stations-classification.pages.dev/
KPLH,KOTIPALLI,NSG6,https://railway-stations-classification.pages.dev/
KPRR,KOTPAR ROAD,NSG6,https://railway-stations-classification.pages.dev/
KTRA,Kotra,NSG6,https://railway-stations-classification.pages.dev/
KSX,Kotshila,NSG6,https://railway-stations-classification.pages.dev/
KTY,KOTTURU,NSG6,https://railway-stations-classification.pages.dev/
KVR,KOVVURU,NSG6,https://railway-stations-classification.pages.dev/
KOWN,Kowang,NSG6,https://railway-stations-classification.pages.dev/
KCC,KRISHNA CANAL JN,NSG6,https://railway-stations-classification.pages.dev/
KRSL,Krishna Shilla,NSG6,https://railway-stations-classification.pages.dev/
KRNI,Krishnai,NSG6,https://railway-stations-classification.pages.dev/
KEF,KRISHNAMMAKONA,NSG6,https://railway-stations-classification.pages.dev/
KPU,KRISHNAPURAM,NSG6,https://railway-stations-classification.pages.dev/
KTNR,Krityanand Nagar,NSG6,https://railway-stations-classification.pages.dev/
KRMD,Kuarmunda,NSG6,https://railway-stations-classification.pages.dev/
KBP,KUBERPUR,NSG6,https://railway-stations-classification.pages.dev/
QXR,KUCHESAR ROAD,NSG6,https://railway-stations-classification.pages.dev/
KCA,Kuchman,NSG6,https://railway-stations-classification.pages.dev/
KON,Kudalnagar,NSG6,https://railway-stations-classification.pages.dev/
KDN,KUDATINI,NSG6,https://railway-stations-classification.pages.dev/
KUHI,Kuhi,NSG6,https://railway-stations-classification.pages.dev/
KUU,KUHURI,NSG6,https://railway-stations-classification.pages.dev/
KUJU,Kuju,NSG6,https://railway-stations-classification.pages.dev/
KUI,KULALI,NSG6,https://railway-stations-classification.pages.dev/
KIJ,Kuldiha,NSG6,https://railway-stations-classification.pages.dev/
QLM,KULEM,NSG6,https://railway-stations-classification.pages.dev/
KUA,Kulharia,NSG6,https://railway-stations-classification.pages.dev/
KU,Kulikarai,NSG6,https://railway-stations-classification.pages.dev/
KLA,KULWA,NSG6,https://railway-stations-classification.pages.dev/
KMGE,Kumahu,NSG6,https://railway-stations-classification.pages.dev/
KRMG,Kumaramangalam,NSG6,https://railway-stations-classification.pages.dev/
KUMB,Kumarbag,NSG6,https://railway-stations-classification.pages.dev/
KMRJ,Kumarganj,NSG6,https://railway-stations-classification.pages.dev/
KMTI,KUMARHATTI DAGSHAI,NSG6,https://railway-stations-classification.pages.dev/
KUMM,Kumbalam,NSG6,https://railway-stations-classification.pages.dev/
KHRJ,KUMBHRAJ,NSG6,https://railway-stations-classification.pages.dev/
KMND,Kumendi,NSG6,https://railway-stations-classification.pages.dev/
KMEZ,KUMHAR MARENGA,NSG6,https://railway-stations-classification.pages.dev/
KMI,Kumhari,NSG6,https://railway-stations-classification.pages.dev/
KMSD,KUMHARSODRA,NSG6,https://railway-stations-classification.pages.dev/
KBQ,KUMRABAD ROHINI,NSG6,https://railway-stations-classification.pages.dev/
KMSI,Kumsi,NSG6,https://railway-stations-classification.pages.dev/
KUND,KUND,NSG6,https://railway-stations-classification.pages.dev/
KVG,KUNDANGANJ,NSG6,https://railway-stations-classification.pages.dev/
KUV,Kundara,NSG6,https://railway-stations-classification.pages.dev/
KD,KUNDARKHI,NSG6,https://railway-stations-classification.pages.dev/
KDHL,Kundela,NSG6,https://railway-stations-classification.pages.dev/
KNO,KUNDGOL,NSG6,https://railway-stations-classification.pages.dev/
KDI,Kundli,NSG6,https://railway-stations-classification.pages.dev/
KWC,Kundwa Chainpur,NSG6,https://railway-stations-classification.pages.dev/
KNRT,KUNERU,NSG6,https://railway-stations-classification.pages.dev/
KKV,Kunkavav,NSG6,https://railway-stations-classification.pages.dev/
KZU,Kunki,NSG6,https://railway-stations-classification.pages.dev/
KNRI,KUNURI,NSG6,https://railway-stations-classification.pages.dev/
KUP,KUP,NSG6,https://railway-stations-classification.pages.dev/
KGL,KUPGAL,NSG6,https://railway-stations-classification.pages.dev/
KBA,KURABALAKOTA,NSG6,https://railway-stations-classification.pages.dev/
KRLI,KURALI,NSG6,https://railway-stations-classification.pages.dev/
KKS,KURASTIKALAN,NSG6,https://railway-stations-classification.pages.dev/
KBE,KUREBHAR,NSG6,https://railway-stations-classification.pages.dev/
KUQ,Kuretha,NSG6,https://railway-stations-classification.pages.dev/
KQT,KURGUNTA,NSG6,https://railway-stations-classification.pages.dev/
KAGA,Kurhagada,NSG6,https://railway-stations-classification.pages.dev/
KHI,Kurhani,NSG6,https://railway-stations-classification.pages.dev/
KCD,KURICHEDU,NSG6,https://railway-stations-classification.pages.dev/
KJPD,Kurinjipadi,NSG6,https://railway-stations-classification.pages.dev/
KRKR,Kurkura,NSG6,https://railway-stations-classification.pages.dev/
KRLS,KURLASI,NSG6,https://railway-stations-classification.pages.dev/
KGN,Kurseong,NSG6,https://railway-stations-classification.pages.dev/
KUKT,KURUKOTTA,NSG6,https://railway-stations-classification.pages.dev/
KUM,Kurum,NSG6,https://railway-stations-classification.pages.dev/
KRPP,Kuruppantara,NSG6,https://railway-stations-classification.pages.dev/
KIKA,KURWAI-KETHORA,NSG6,https://railway-stations-classification.pages.dev/
KTA,KUSHTALA,NSG6,https://railway-stations-classification.pages.dev/
KSY,Kusiargaon,NSG6,https://railway-stations-classification.pages.dev/
KHM,Kusmhi,NSG6,https://railway-stations-classification.pages.dev/
KSU,Kustaur,NSG6,https://railway-stations-classification.pages.dev/
KUG,KUSUGAL,NSG6,https://railway-stations-classification.pages.dev/
KYS,Kusumkasa,NSG6,https://railway-stations-classification.pages.dev/
KDS,Kusunda,NSG6,https://railway-stations-classification.pages.dev/
KTM,Kutralam,NSG6,https://railway-stations-classification.pages.dev/
KRKP,KYARKOP,NSG6,https://railway-stations-classification.pages.dev/
KIAT,KYATSANDRA,NSG6,https://railway-stations-classification.pages.dev/
LBN,LABAN,NSG6,https://railway-stations-classification.pages.dev/
LBP,LABPUR,NSG6,https://railway-stations-classification.pages.dev/
LMN,LACHHMANPUR,NSG6,https://railway-stations-classification.pages.dev/
LIJ,Lachmiganj,NSG6,https://railway-stations-classification.pages.dev/
LIR,Lachmipur,NSG6,https://railway-stations-classification.pages.dev/
LHN,LACHYAN,NSG6,https://railway-stations-classification.pages.dev/
LDX,LADDA,NSG6,https://railway-stations-classification.pages.dev/
LDM,LADERMER HALT,NSG6,https://railway-stations-classification.pages.dev/
LDW,LADHOWAL,NSG6,https://railway-stations-classification.pages.dev/
LDK,LADHUKA,NSG6,https://railway-stations-classification.pages.dev/
LR,LADPURA,NSG6,https://railway-stations-classification.pages.dev/
LGCE,LAGARGAWAN,NSG6,https://railway-stations-classification.pages.dev/
LHB,LAHABON,NSG6,https://railway-stations-classification.pages.dev/
LT,Lahavit,NSG6,https://railway-stations-classification.pages.dev/
LHLL,LAHLI,NSG6,https://railway-stations-classification.pages.dev/
LHL,Lahowal,NSG6,https://railway-stations-classification.pages.dev/
LMM,LAILAKH MAMALKHA,NSG6,https://railway-stations-classification.pages.dev/
LMY,Laimekuri,NSG6,https://railway-stations-classification.pages.dev/
LPNR,LAJPAT NAGAR,NSG6,https://railway-stations-classification.pages.dev/
LKBL,Lakha Bawal,NSG6,https://railway-stations-classification.pages.dev/
LMC,Lakhamanchi,NSG6,https://railway-stations-classification.pages.dev/
LKW,LAKHEWALI,NSG6,https://railway-stations-classification.pages.dev/
LKY,LAKHMAPUR,NSG6,https://railway-stations-classification.pages.dev/
LKNA,LAKHNA,NSG6,https://railway-stations-classification.pages.dev/
LAK,Lakho,NSG6,https://railway-stations-classification.pages.dev/
LAE,Lakholi,NSG6,https://railway-stations-classification.pages.dev/
LKNR,Lakhpatnagar,NSG6,https://railway-stations-classification.pages.dev/
LTR,Lakhtar,NSG6,https://railway-stations-classification.pages.dev/
LKDM,LAKHUDARAM,NSG6,https://railway-stations-classification.pages.dev/
LKKD,Lakkadkot,NSG6,https://railway-stations-classification.pages.dev/
LDY,Lakkiti,NSG6,https://railway-stations-classification.pages.dev/
LKD,Lakodara,NSG6,https://railway-stations-classification.pages.dev/
LKMR,LAKSHMIPUR ROAD,NSG6,https://railway-stations-classification.pages.dev/
LXA,Lakwa,NSG6,https://railway-stations-classification.pages.dev/
LLKN,LAL KALAN,NSG6,https://railway-stations-classification.pages.dev/
LLBR,Lalabazar,NSG6,https://railway-stations-classification.pages.dev/
LP,Lalapet,NSG6,https://railway-stations-classification.pages.dev/
LCAE,LALBAGH COURT ROAD,NSG6,https://railway-stations-classification.pages.dev/
LLJP,Lalganj Pakri,NSG6,https://railway-stations-classification.pages.dev/
LLTG,LALITAGIRI,NSG6,https://railway-stations-classification.pages.dev/
LLP,Lalitgram,NSG6,https://railway-stations-classification.pages.dev/
LLR,Lalpur,NSG6,https://railway-stations-classification.pages.dev/
LRU,LALPUR UMRI,NSG6,https://railway-stations-classification.pages.dev/
LPJ,Lalpurjam,NSG6,https://railway-stations-classification.pages.dev/
LLU,LALRU,NSG6,https://railway-stations-classification.pages.dev/
LLST,LALSOT,NSG6,https://railway-stations-classification.pages.dev/
LMA,Lambiya,NSG6,https://railway-stations-classification.pages.dev/
LKG,Lamsakhang,NSG6,https://railway-stations-classification.pages.dev/
LTA,Lamta,NSG6,https://railway-stations-classification.pages.dev/
LDR,LANDAURA,NSG6,https://railway-stations-classification.pages.dev/
LCT,Langcholie T,NSG6,https://railway-stations-classification.pages.dev/
LGT,Langting,NSG6,https://railway-stations-classification.pages.dev/
LJR,LANJIGARH ROAD,NSG6,https://railway-stations-classification.pages.dev/
LPN,Laopani,NSG6,https://railway-stations-classification.pages.dev/
LPG,LAPANGA,NSG6,https://railway-stations-classification.pages.dev/
LPK,Lapetkata,NSG6,https://railway-stations-classification.pages.dev/
LBO,Latabor,NSG6,https://railway-stations-classification.pages.dev/
LTG,Lataguri,NSG6,https://railway-stations-classification.pages.dev/
LTMD,Latemda,NSG6,https://railway-stations-classification.pages.dev/
LAT,Lathi,NSG6,https://railway-stations-classification.pages.dev/
LTD,Lathidad,NSG6,https://railway-stations-classification.pages.dev/
LTK,Lathikata,NSG6,https://railway-stations-classification.pages.dev/
LTI,Latteri,NSG6,https://railway-stations-classification.pages.dev/
LKQ,Laukahabazar#,NSG6,https://railway-stations-classification.pages.dev/
LXD,Laxmannath Road,NSG6,https://railway-stations-classification.pages.dev/
LYD,Layabad,NSG6,https://railway-stations-classification.pages.dev/
LHA,LEHRA GAGA,NSG6,https://railway-stations-classification.pages.dev/
LHM,LEHRA MUHABBAT,NSG6,https://railway-stations-classification.pages.dev/
LLGM,LELLIGUMMA,NSG6,https://railway-stations-classification.pages.dev/
LDA,LIDORA KHURD,NSG6,https://railway-stations-classification.pages.dev/
LBI,Lilabari,NSG6,https://railway-stations-classification.pages.dev/
LPR,Lilapur Road,NSG6,https://railway-stations-classification.pages.dev/
LBG,LIMBGAON,NSG6,https://railway-stations-classification.pages.dev/
LMK,Limkheda,NSG6,https://railway-stations-classification.pages.dev/
LIG,Linga,NSG6,https://railway-stations-classification.pages.dev/
LPJL,LINGAMPET JAGTIAL,NSG6,https://railway-stations-classification.pages.dev/
LGRE,LINGIRI,NSG6,https://railway-stations-classification.pages.dev/
LNT,Lingti,NSG6,https://railway-stations-classification.pages.dev/
LDE,Lodhikhera,NSG6,https://railway-stations-classification.pages.dev/
LOM,Lodhma,NSG6,https://railway-stations-classification.pages.dev/
LDP,LODIPUR BISHENPUR,NSG6,https://railway-stations-classification.pages.dev/
LNO,Lohanaroad,NSG6,https://railway-stations-classification.pages.dev/
LAP,LOHAPUR,NSG6,https://railway-stations-classification.pages.dev/
LOG,LOHGARA,NSG6,https://railway-stations-classification.pages.dev/
LHD,LOHOGAD,NSG6,https://railway-stations-classification.pages.dev/
LOT,LOHTA,NSG6,https://railway-stations-classification.pages.dev/
LSX,LOISINGHA,NSG6,https://railway-stations-classification.pages.dev/
LCR,Lokur,NSG6,https://railway-stations-classification.pages.dev/
LONI,Loni,NSG6,https://railway-stations-classification.pages.dev/
LOA,Lorha,NSG6,https://railway-stations-classification.pages.dev/
LAN,Lotana,NSG6,https://railway-stations-classification.pages.dev/
LPH,Lotapahar,NSG6,https://railway-stations-classification.pages.dev/
LHBK,Lothal Bhurki,NSG6,https://railway-stations-classification.pages.dev/
LOGH,LOTTEGOLHALLI,NSG6,https://railway-stations-classification.pages.dev/
LOV,Lovedale,NSG6,https://railway-stations-classification.pages.dev/
LNR,LUNI RICHHA,NSG6,https://railway-stations-classification.pages.dev/
LDU,Lunidhar,NSG6,https://railway-stations-classification.pages.dev/
LXR,Lunsariya,NSG6,https://railway-stations-classification.pages.dev/
LUSA,LUSA,NSG6,https://railway-stations-classification.pages.dev/
LSD,Lusadia,NSG6,https://railway-stations-classification.pages.dev/
LAL,Lushala,NSG6,https://railway-stations-classification.pages.dev/
MBDD,MAA BARAHI DEVI DHAM,NSG6,https://railway-stations-classification.pages.dev/
MABN,MABAN,NSG6,https://railway-stations-classification.pages.dev/
MCV,MACHARYA,NSG6,https://railway-stations-classification.pages.dev/
MKRD,MACHKUND ROAD,NSG6,https://railway-stations-classification.pages.dev/
MNC,MADANKATA,NSG6,https://railway-stations-classification.pages.dev/
MDT,Madarihat,NSG6,https://railway-stations-classification.pages.dev/
MWRN,Madawarani,NSG6,https://railway-stations-classification.pages.dev/
MKR,MADDIKERA,NSG6,https://railway-stations-classification.pages.dev/
MDU,MADDURU,NSG6,https://railway-stations-classification.pages.dev/
MA,MADHA,NSG6,https://railway-stations-classification.pages.dev/
MID,Madhi,NSG6,https://railway-stations-classification.pages.dev/
MAH,MADHOGANJ,NSG6,https://railway-stations-classification.pages.dev/
MDPB,MADHOPUR PUNJAB,NSG6,https://railway-stations-classification.pages.dev/
MBS,Madhosingh,NSG6,https://railway-stations-classification.pages.dev/
MDUN,MADHURANAGAR,NSG6,https://railway-stations-classification.pages.dev/
MLDE,MADLAUDA,NSG6,https://railway-stations-classification.pages.dev/
MFX,MADRAHA,NSG6,https://railway-stations-classification.pages.dev/
MDKI,Madukarai,NSG6,https://railway-stations-classification.pages.dev/
MES,Madurai east (FLAG),NSG6,https://railway-stations-classification.pages.dev/
MMK,Maduranthagam,NSG6,https://railway-stations-classification.pages.dev/
MAEL,Mael,NSG6,https://railway-stations-classification.pages.dev/
MWF,Magardaha,NSG6,https://railway-stations-classification.pages.dev/
MGW,MAGARWARA,NSG6,https://railway-stations-classification.pages.dev/
MHH,Maghar,NSG6,https://railway-stations-classification.pages.dev/
DC,Magudanchavadi,NSG6,https://railway-stations-classification.pages.dev/
MCZ,Mahabuang,NSG6,https://railway-stations-classification.pages.dev/
MMH,Mahadanapuram,NSG6,https://railway-stations-classification.pages.dev/
MDVK,MAHADEOKHEDI,NSG6,https://railway-stations-classification.pages.dev/
MHDA,Mahadiya,NSG6,https://railway-stations-classification.pages.dev/
MFM,MAHALAM,NSG6,https://railway-stations-classification.pages.dev/
MMV,Mahalimarup,NSG6,https://railway-stations-classification.pages.dev/
MAHM,MAHAM,NSG6,https://railway-stations-classification.pages.dev/
MMC,MAHAMANDIR,NSG6,https://railway-stations-classification.pages.dev/
MHN,Mahanadi,NSG6,https://railway-stations-classification.pages.dev/
MJP,MAHARAJPUR,NSG6,https://railway-stations-classification.pages.dev/
MWP,MAHARANI PASCHIM,NSG6,https://railway-stations-classification.pages.dev/
MMD,MAHESHAMUNDA,NSG6,https://railway-stations-classification.pages.dev/
MHHR,MAHESRA,NSG6,https://railway-stations-classification.pages.dev/
MEP,MAHIDPUR ROAD,NSG6,https://railway-stations-classification.pages.dev/
MPLR,MAHIPAL ROAD,NSG6,https://railway-stations-classification.pages.dev/
MAHI,MAHIPUR,NSG6,https://railway-stations-classification.pages.dev/
MIH,MAHIRAWAN,NSG6,https://railway-stations-classification.pages.dev/
MMB,Mahmudabad avadh,NSG6,https://railway-stations-classification.pages.dev/
MAHO,MAHOLI,NSG6,https://railway-stations-classification.pages.dev/
MHRL,Mahrail#,NSG6,https://railway-stations-classification.pages.dev/
MFH,MAHRAULI,NSG6,https://railway-stations-classification.pages.dev/
MFQ,MAHROI,NSG6,https://railway-stations-classification.pages.dev/
MMLN,Mahuamilan,NSG6,https://railway-stations-classification.pages.dev/
MHQ,Mahuda,NSG6,https://railway-stations-classification.pages.dev/
MUGA,MAHUGARHA,NSG6,https://railway-stations-classification.pages.dev/
MXR,Mahur,NSG6,https://railway-stations-classification.pages.dev/
MXY,Mahuriya,NSG6,https://railway-stations-classification.pages.dev/
MWW,MAHWA,NSG6,https://railway-stations-classification.pages.dev/
MHL,Mahwal,NSG6,https://railway-stations-classification.pages.dev/
MBG,Maibang,NSG6,https://railway-stations-classification.pages.dev/
MIR,Maijapur,NSG6,https://railway-stations-classification.pages.dev/
MINJ,MAIKALGANJ,NSG6,https://railway-stations-classification.pages.dev/
MTL,Mailam,NSG6,https://railway-stations-classification.pages.dev/
MBO,Mairabari,NSG6,https://railway-stations-classification.pages.dev/
MASK,MAISAR KHANA,NSG6,https://railway-stations-classification.pages.dev/
MTO,MAITHA,NSG6,https://railway-stations-classification.pages.dev/
MVRD,Maivadi road,NSG6,https://railway-stations-classification.pages.dev/
MZQ,Majgaon Assam,NSG6,https://railway-stations-classification.pages.dev/
MZHL,MAJHAULI,NSG6,https://railway-stations-classification.pages.dev/
MJG,MAJHGAWAN,NSG6,https://railway-stations-classification.pages.dev/
MJHR,MAJHIARI,NSG6,https://railway-stations-classification.pages.dev/
MJZ,MajholaPakaiya,NSG6,https://railway-stations-classification.pages.dev/
MJRI,Majri,NSG6,https://railway-stations-classification.pages.dev/
MJKN,Majri Khadan,NSG6,https://railway-stations-classification.pages.dev/
MKL,MAKALIDURGA,NSG6,https://railway-stations-classification.pages.dev/
MU,Makansar,NSG6,https://railway-stations-classification.pages.dev/
MPR,Makarpura,NSG6,https://railway-stations-classification.pages.dev/
MNR,MAKHAN PUR,NSG6,https://railway-stations-classification.pages.dev/
MKHI,MAKHI,NSG6,https://railway-stations-classification.pages.dev/
MKJ,MAKKAJIPALLI,NSG6,https://railway-stations-classification.pages.dev/
MQP,Makrandpur,NSG6,https://railway-stations-classification.pages.dev/
MKTL,MAKTHAL,NSG6,https://railway-stations-classification.pages.dev/
MKDI,MAKUDI,NSG6,https://railway-stations-classification.pages.dev/
MJN,Makum,NSG6,https://railway-stations-classification.pages.dev/
MALA,Mala,NSG6,https://railway-stations-classification.pages.dev/
MFZ,Malahar,NSG6,https://railway-stations-classification.pages.dev/
MKH,MALAKHERA,NSG6,https://railway-stations-classification.pages.dev/
MLAR,Malanpur,NSG6,https://railway-stations-classification.pages.dev/
MAAR,MALAR,NSG6,https://railway-stations-classification.pages.dev/
MLZ,MALARNA,NSG6,https://railway-stations-classification.pages.dev/
MLS,Malasa,NSG6,https://railway-stations-classification.pages.dev/
MLT,MALATIPATPUR,NSG6,https://railway-stations-classification.pages.dev/
MLBZ,Malbazar,NSG6,https://railway-stations-classification.pages.dev/
MLFC,Malda Court,NSG6,https://railway-stations-classification.pages.dev/
MLG,Malhargarh,NSG6,https://railway-stations-classification.pages.dev/
ML,MALHAUR,NSG6,https://railway-stations-classification.pages.dev/
MLD,MALIHABAD,NSG6,https://railway-stations-classification.pages.dev/
MHTR,MALIHATI TALIBPUR ROAD,NSG6,https://railway-stations-classification.pages.dev/
MKPT,MALIKPETH,NSG6,https://railway-stations-classification.pages.dev/
MALB,Maliya Miyana,NSG6,https://railway-stations-classification.pages.dev/
MLK,MALKAPURAM,NSG6,https://railway-stations-classification.pages.dev/
MLQ,Malkera,NSG6,https://railway-stations-classification.pages.dev/
MQR,MALKHAID ROAD,NSG6,https://railway-stations-classification.pages.dev/
MLR,Malkhed,NSG6,https://railway-stations-classification.pages.dev/
MLC,MALKISAR,NSG6,https://railway-stations-classification.pages.dev/
MWX,MALLANWALA KHAS,NSG6,https://railway-stations-classification.pages.dev/
MLW,MALLANWAN,NSG6,https://railway-stations-classification.pages.dev/
MLP,MALLAPUR,NSG6,https://railway-stations-classification.pages.dev/
MLSA,MALLASANDRA,NSG6,https://railway-stations-classification.pages.dev/
MLMG,MALLEMADUGU,NSG6,https://railway-stations-classification.pages.dev/
MWM,MALLESWARAM,NSG6,https://railway-stations-classification.pages.dev/
MVG,MALLIGURA,NSG6,https://railway-stations-classification.pages.dev/
MVW,MALLIVEEDU,NSG6,https://railway-stations-classification.pages.dev/
MYL,MALLIYALA,NSG6,https://railway-stations-classification.pages.dev/
MALR,Mallur,NSG6,https://railway-stations-classification.pages.dev/
MLSU,MALSAILU,NSG6,https://railway-stations-classification.pages.dev/
MLSR,Malsar,NSG6,https://railway-stations-classification.pages.dev/
MQS,MALSIAN SHAHKOT,NSG6,https://railway-stations-classification.pages.dev/
MTDI,MALTEKDI,NSG6,https://railway-stations-classification.pages.dev/
MLM,MALTHAN,NSG6,https://railway-stations-classification.pages.dev/
MLU,MALUGUR,NSG6,https://railway-stations-classification.pages.dev/
MLKA,Maluka,NSG6,https://railway-stations-classification.pages.dev/
MXP,MALUPOTA,NSG6,https://railway-stations-classification.pages.dev/
MWH,MALWAN,NSG6,https://railway-stations-classification.pages.dev/
MBW,MALWARA,NSG6,https://railway-stations-classification.pages.dev/
MRM,MAMANDURU,NSG6,https://railway-stations-classification.pages.dev/
MMP,Mambalapattu,NSG6,https://railway-stations-classification.pages.dev/
MANA,Mana,NSG6,https://railway-stations-classification.pages.dev/
MVF,MANABAR,NSG6,https://railway-stations-classification.pages.dev/
MKG,MANAKNAGAR,NSG6,https://railway-stations-classification.pages.dev/
MNSR,MANAKSAR,NSG6,https://railway-stations-classification.pages.dev/
MNZ,MANANI,NSG6,https://railway-stations-classification.pages.dev/
MNP,Mananpur,NSG6,https://railway-stations-classification.pages.dev/
MOW,MANANWALA,NSG6,https://railway-stations-classification.pages.dev/
MCS,MANCHESWAR,NSG6,https://railway-stations-classification.pages.dev/
MGF,Mandagere,NSG6,https://railway-stations-classification.pages.dev/
MDL,Mandal,NSG6,https://railway-stations-classification.pages.dev/
MLGH,MANDALGARH,NSG6,https://railway-stations-classification.pages.dev/
MMZ,MANDAMARRI,NSG6,https://railway-stations-classification.pages.dev/
MMS,MANDASA ROAD,NSG6,https://railway-stations-classification.pages.dev/
MDVL,MANDAVALLI,NSG6,https://railway-stations-classification.pages.dev/
MDWI,MANDAWARI,NSG6,https://railway-stations-classification.pages.dev/
MYD,Manderdisa,NSG6,https://railway-stations-classification.pages.dev/
MDA,MandhanaJn,NSG6,https://railway-stations-classification.pages.dev/
MDH,Mandhar,NSG6,https://railway-stations-classification.pages.dev/
MNDR,MANDI DHANAURA,NSG6,https://railway-stations-classification.pages.dev/
MNDH,Mandir Hausad,NSG6,https://railway-stations-classification.pages.dev/
MFR,Mandla fort,NSG6,https://railway-stations-classification.pages.dev/
MDB,MANDOR,NSG6,https://railway-stations-classification.pages.dev/
MDPA,Mandpiya,NSG6,https://railway-stations-classification.pages.dev/
MXK,MANDRAK,NSG6,https://railway-stations-classification.pages.dev/
MWA,Mandwa,NSG6,https://railway-stations-classification.pages.dev/
MANE,MANESHWAR,NSG6,https://railway-stations-classification.pages.dev/
MAM,Mangalmahudi,NSG6,https://railway-stations-classification.pages.dev/
MUM,MANGAPATNAM,NSG6,https://railway-stations-classification.pages.dev/
MLI,Mangliawas,NSG6,https://railway-stations-classification.pages.dev/
MGG,Mangliyagaon,NSG6,https://railway-stations-classification.pages.dev/
MGLP,MANGOLPURI,NSG6,https://railway-stations-classification.pages.dev/
MXJ,Mangurjan,NSG6,https://railway-stations-classification.pages.dev/
MHU,MANHERU,NSG6,https://railway-stations-classification.pages.dev/
MIA,MANIA,NSG6,https://railway-stations-classification.pages.dev/
MGI,Manigachhi,NSG6,https://railway-stations-classification.pages.dev/
MGLE,MANIGRAM,NSG6,https://railway-stations-classification.pages.dev/
MHI,Manihari,NSG6,https://railway-stations-classification.pages.dev/
MKGD,MANIKAGODA,NSG6,https://railway-stations-classification.pages.dev/
MAGH,MANIKGARH,NSG6,https://railway-stations-classification.pages.dev/
MIM,Maniram,NSG6,https://railway-stations-classification.pages.dev/
MGKP,MANISINGH KA PURA,NSG6,https://railway-stations-classification.pages.dev/
MIYN,Maniyan,NSG6,https://railway-stations-classification.pages.dev/
MJV,Manjhagarh,NSG6,https://railway-stations-classification.pages.dev/
MJPB,Manjhra purab,NSG6,https://railway-stations-classification.pages.dev/
MZZ,MANJURI ROAD,NSG6,https://railway-stations-classification.pages.dev/
MKB,Mankatha,NSG6,https://railway-stations-classification.pages.dev/
MNUR,Mannanur,NSG6,https://railway-stations-classification.pages.dev/
MNJ,MANOHAR GANJ,NSG6,https://railway-stations-classification.pages.dev/
MOB,MANOHARABAD,NSG6,https://railway-stations-classification.pages.dev/
MOA,MANOPAD,NSG6,https://railway-stations-classification.pages.dev/
MPO,Manpur Jn,NSG6,https://railway-stations-classification.pages.dev/
MPG,ManpurNagaria,NSG6,https://railway-stations-classification.pages.dev/
MSP,MANSURPUR,NSG6,https://railway-stations-classification.pages.dev/
MMPL,MANTAPAMPALLE,NSG6,https://railway-stations-classification.pages.dev/
MVH,MANTATTI,NSG6,https://railway-stations-classification.pages.dev/
MANU,Manu,NSG6,https://railway-stations-classification.pages.dev/
MUBR,Manu Bazar,NSG6,https://railway-stations-classification.pages.dev/
MBL,MANUBOLU,NSG6,https://railway-stations-classification.pages.dev/
MNVL,MANWAL,NSG6,https://railway-stations-classification.pages.dev/
MQN,MANYAMKONDA,NSG6,https://railway-stations-classification.pages.dev/
MZGI,MANZURGARHI,NSG6,https://railway-stations-classification.pages.dev/
MADA,MAONDA,NSG6,https://railway-stations-classification.pages.dev/
MRDG,Maradanga,NSG6,https://railway-stations-classification.pages.dev/
MHA,Marahra,NSG6,https://railway-stations-classification.pages.dev/
MJY,Maramjhiri,NSG6,https://railway-stations-classification.pages.dev/
MZU,MARANDAHALLI,NSG6,https://railway-stations-classification.pages.dev/
MAKM,Mararikulam,NSG6,https://railway-stations-classification.pages.dev/
MEW,Marhaura,NSG6,https://railway-stations-classification.pages.dev/
MRC,MARICHETHAL,NSG6,https://railway-stations-classification.pages.dev/
MRKL,MARIKAL,NSG6,https://railway-stations-classification.pages.dev/
MIU,MARIPAT,NSG6,https://railway-stations-classification.pages.dev/
MRJD,Marjadwa,NSG6,https://railway-stations-classification.pages.dev/
MKO,Markona,NSG6,https://railway-stations-classification.pages.dev/
MKD,MARKUNDI,NSG6,https://railway-stations-classification.pages.dev/
MRL,Maroli,NSG6,https://railway-stations-classification.pages.dev/
MXA,Marouda,NSG6,https://railway-stations-classification.pages.dev/
MRF,MARPALLI,NSG6,https://railway-stations-classification.pages.dev/
MSGR,MARSHAGHAI ROAD,NSG6,https://railway-stations-classification.pages.dev/
MRV,MARSUL,NSG6,https://railway-stations-classification.pages.dev/
MR,MARTUR,NSG6,https://railway-stations-classification.pages.dev/
MBGA,MARWAR BAGRA,NSG6,https://railway-stations-classification.pages.dev/
MBT,MARWAR BITHRI,NSG6,https://railway-stations-classification.pages.dev/
MCPE,MARWAR CHHAPARI,NSG6,https://railway-stations-classification.pages.dev/
MKHR,MARWAR KHARA,NSG6,https://railway-stations-classification.pages.dev/
KOF,MARWAR KORI,NSG6,https://railway-stations-classification.pages.dev/
MWT,MARWAR LOHAWAT,NSG6,https://railway-stations-classification.pages.dev/
MMY,MARWAR MATHANIYA,NSG6,https://railway-stations-classification.pages.dev/
MSQ,MARWAR RATANPUR,NSG6,https://railway-stations-classification.pages.dev/
ME,MASAIPET,NSG6,https://railway-stations-classification.pages.dev/
MSS,Masarahalli,NSG6,https://railway-stations-classification.pages.dev/
MST,MASIT,NSG6,https://railway-stations-classification.pages.dev/
MSOD,MASODHA,NSG6,https://railway-stations-classification.pages.dev/
MXD,Masor road,NSG6,https://railway-stations-classification.pages.dev/
NSDN,MASUDAN,NSG6,https://railway-stations-classification.pages.dev/
MSR,Masur,NSG6,https://railway-stations-classification.pages.dev/
MTV,MATALKUNTA,NSG6,https://railway-stations-classification.pages.dev/
MRQ,Matari,NSG6,https://railway-stations-classification.pages.dev/
MZX,Matatila,NSG6,https://railway-stations-classification.pages.dev/
MTH,Mataundh,NSG6,https://railway-stations-classification.pages.dev/
MT,Matera,NSG6,https://railway-stations-classification.pages.dev/
MTA,MATHELA,NSG6,https://railway-stations-classification.pages.dev/
MTUR,Mathur,NSG6,https://railway-stations-classification.pages.dev/
MUW,MATHURAPUR,NSG6,https://railway-stations-classification.pages.dev/
MTB,MATLABPUR,NSG6,https://railway-stations-classification.pages.dev/
MTU,MATMARI,NSG6,https://railway-stations-classification.pages.dev/
MQA,Matoda,NSG6,https://railway-stations-classification.pages.dev/
MEM,MAUAIMA,NSG6,https://railway-stations-classification.pages.dev/
MZH,Mauhari,NSG6,https://railway-stations-classification.pages.dev/
MVPM,Mavelipalaiyam,NSG6,https://railway-stations-classification.pages.dev/
MVC,Mavinakere,NSG6,https://railway-stations-classification.pages.dev/
MAA,Mawal,NSG6,https://railway-stations-classification.pages.dev/
MYK,Mayakonda,NSG6,https://railway-stations-classification.pages.dev/
MYU,Mayanur,NSG6,https://railway-stations-classification.pages.dev/
MYGD,Maynaguriroad,NSG6,https://railway-stations-classification.pages.dev/
MYY,Mayyanad,NSG6,https://railway-stations-classification.pages.dev/
MZMA,MAZHOM,NSG6,https://railway-stations-classification.pages.dev/
MGME,Mccluskieganj,NSG6,https://railway-stations-classification.pages.dev/
MCRD,Mecheri road,NSG6,https://railway-stations-classification.pages.dev/
MDAK,MEDAK,NSG6,https://railway-stations-classification.pages.dev/
MPU,MEDAPADU,NSG6,https://railway-stations-classification.pages.dev/
MGRP,MEGHRAJ PURA,NSG6,https://railway-stations-classification.pages.dev/
MGWN,MEHGAWAN,NSG6,https://railway-stations-classification.pages.dev/
MWUE,MEHRAWAL,NSG6,https://railway-stations-classification.pages.dev/
MEKM,Melakkonnakkulam,NSG6,https://railway-stations-classification.pages.dev/
MP,Melappalayam (HALT),NSG6,https://railway-stations-classification.pages.dev/
MBU,Melpattambakkam,NSG6,https://railway-stations-classification.pages.dev/
MPI,Melpatti,NSG6,https://railway-stations-classification.pages.dev/
MEU,Mendu,NSG6,https://railway-stations-classification.pages.dev/
MQX,Meralgram,NSG6,https://railway-stations-classification.pages.dev/
MRDL,MERAMANDALI,NSG6,https://railway-stations-classification.pages.dev/
MEC,MERTA CITY,NSG6,https://railway-stations-classification.pages.dev/
MESR,Mesra,NSG6,https://railway-stations-classification.pages.dev/
MTPI,METPALLI,NSG6,https://railway-stations-classification.pages.dev/
MER,Metpanjra,NSG6,https://railway-stations-classification.pages.dev/
MTE,Mettur (FLAG),NSG6,https://railway-stations-classification.pages.dev/
MTDM,Metturdam,NSG6,https://railway-stations-classification.pages.dev/
MWE,MEWA NAWADA,NSG6,https://railway-stations-classification.pages.dev/
MWD,Mhasavad,NSG6,https://railway-stations-classification.pages.dev/
MNPR,MIANPUR,NSG6,https://railway-stations-classification.pages.dev/
MGE,Migrendisa,NSG6,https://railway-stations-classification.pages.dev/
MIN,Mihinpurwa,NSG6,https://railway-stations-classification.pages.dev/
MQG,Milangarh,NSG6,https://railway-stations-classification.pages.dev/
MVN,Milavittan,NSG6,https://railway-stations-classification.pages.dev/
MXM,Minatchipuram,NSG6,https://railway-stations-classification.pages.dev/
MNL,MINCHNAL,NSG6,https://railway-stations-classification.pages.dev/
MPLI,Minnampalli,NSG6,https://railway-stations-classification.pages.dev/
MK,MIRANPUR KATRA,NSG6,https://railway-stations-classification.pages.dev/
MCQ,Mirchadhori,NSG6,https://railway-stations-classification.pages.dev/
MIQ,MIRHAKUR,NSG6,https://railway-stations-classification.pages.dev/
MQL,MIRKHAL,NSG6,https://railway-stations-classification.pages.dev/
MRTL,MIRTHAL,NSG6,https://railway-stations-classification.pages.dev/
MRZA,Mirza,NSG6,https://railway-stations-classification.pages.dev/
MZL,MIRZAPALLI,NSG6,https://railway-stations-classification.pages.dev/
MBV,MIRZAPUR BACHHOD,NSG6,https://railway-stations-classification.pages.dev/
MSMI,Misamari,NSG6,https://railway-stations-classification.pages.dev/
MFL,MISRAULI,NSG6,https://railway-stations-classification.pages.dev/
MSTH,MISRIKH TIRATH,NSG6,https://railway-stations-classification.pages.dev/
MSO,MISROD,NSG6,https://railway-stations-classification.pages.dev/
MTI,MITAWALI,NSG6,https://railway-stations-classification.pages.dev/
MEE,Mithai,NSG6,https://railway-stations-classification.pages.dev/
MINA,MIYANA,NSG6,https://railway-stations-classification.pages.dev/
MG,MODEL GRAM,NSG6,https://railway-stations-classification.pages.dev/
MLB,MODNIMB,NSG6,https://railway-stations-classification.pages.dev/
MDPR,Modpur,NSG6,https://railway-stations-classification.pages.dev/
MNGR,MOHAN NAGAR,NSG6,https://railway-stations-classification.pages.dev/
MOJ,MOHANA,NSG6,https://railway-stations-classification.pages.dev/
MLJ,MOHANLALGANJ,NSG6,https://railway-stations-classification.pages.dev/
MONR,Mohanur,NSG6,https://railway-stations-classification.pages.dev/
MHF,MOHARI,NSG6,https://railway-stations-classification.pages.dev/
MXS,Mohasa,NSG6,https://railway-stations-classification.pages.dev/
MUZ,MOHIUDDINPUR,NSG6,https://railway-stations-classification.pages.dev/
MHP,Mohmmadpur,NSG6,https://railway-stations-classification.pages.dev/
MO,MOHOL,NSG6,https://railway-stations-classification.pages.dev/
MOY,MOHRI,NSG6,https://railway-stations-classification.pages.dev/
MAKH,Mokhampura,NSG6,https://railway-stations-classification.pages.dev/
MXL,MOKHOLI,NSG6,https://railway-stations-classification.pages.dev/
MKMN,MOKHRA-MADINA,NSG6,https://railway-stations-classification.pages.dev/
MGV,MOLAGAVALLI,NSG6,https://railway-stations-classification.pages.dev/
MOMU,Molakalmuru,NSG6,https://railway-stations-classification.pages.dev/
MIO,MOLISAR,NSG6,https://railway-stations-classification.pages.dev/
MOF,MONDH,NSG6,https://railway-stations-classification.pages.dev/
MOR,Mor,NSG6,https://railway-stations-classification.pages.dev/
MROA,MORA,NSG6,https://railway-stations-classification.pages.dev/
MORA,Moraiya,NSG6,https://railway-stations-classification.pages.dev/
MKX,MORAK,NSG6,https://railway-stations-classification.pages.dev/
MOI,Moribera,NSG6,https://railway-stations-classification.pages.dev/
MORY,Moriya,NSG6,https://railway-stations-classification.pages.dev/
MRSH,Morshi,NSG6,https://railway-stations-classification.pages.dev/
MRTD,MORTHAD,NSG6,https://railway-stations-classification.pages.dev/
MXO,Morthala,NSG6,https://railway-stations-classification.pages.dev/
MRN,Morwani,NSG6,https://railway-stations-classification.pages.dev/
MOTA,MOTA,NSG6,https://railway-stations-classification.pages.dev/
MWQ,MOTARI HALT,NSG6,https://railway-stations-classification.pages.dev/
MOTH,Moth,NSG6,https://railway-stations-classification.pages.dev/
MTLA,Mothala,NSG6,https://railway-stations-classification.pages.dev/
MKRL,Moti Koral,NSG6,https://railway-stations-classification.pages.dev/
MOTC,MOTICHUR,NSG6,https://railway-stations-classification.pages.dev/
MOTG,Motiganj,NSG6,https://railway-stations-classification.pages.dev/
MCO,Motihari Court,NSG6,https://railway-stations-classification.pages.dev/
MTPC,MOTIPURA CHAUKI,NSG6,https://railway-stations-classification.pages.dev/
MTSI,Motisadli,NSG6,https://railway-stations-classification.pages.dev/
MTMI,MOTUMARRI,NSG6,https://railway-stations-classification.pages.dev/
OTR,MOTURU,NSG6,https://railway-stations-classification.pages.dev/
MZM,MUAZZAMPUR NARAIN JN,NSG6,https://railway-stations-classification.pages.dev/
MDXR,Mudaria,NSG6,https://railway-stations-classification.pages.dev/
MGB,MUDIGUBBA,NSG6,https://railway-stations-classification.pages.dev/
MDLA,MUDLANA,NSG6,https://railway-stations-classification.pages.dev/
MFJ,Muftiganj,NSG6,https://railway-stations-classification.pages.dev/
MGD,MUGAD,NSG6,https://railway-stations-classification.pages.dev/
MGL,MUGALALLI,NSG6,https://railway-stations-classification.pages.dev/
MGC,MUGAT,NSG6,https://railway-stations-classification.pages.dev/
MMU,MUGMA,NSG6,https://railway-stations-classification.pages.dev/
MJE,Mujnai,NSG6,https://railway-stations-classification.pages.dev/
MKSP,Mukhasa parur,NSG6,https://railway-stations-classification.pages.dev/
MKPR,Muktapur,NSG6,https://railway-stations-classification.pages.dev/
MKT,Muktiara Balwada,NSG6,https://railway-stations-classification.pages.dev/
MCN,Mukundarayapuram,NSG6,https://railway-stations-classification.pages.dev/
MFA,Mukuria,NSG6,https://railway-stations-classification.pages.dev/
MME,Mul maroda,NSG6,https://railway-stations-classification.pages.dev/
MGK,Mulagunnathukavu,NSG6,https://railway-stations-classification.pages.dev/
MNTT,Mulanturutti,NSG6,https://railway-stations-classification.pages.dev/
MAR,MULANUR,NSG6,https://railway-stations-classification.pages.dev/
MOL,Muli Road,NSG6,https://railway-stations-classification.pages.dev/
MLX,MULLANPUR,NSG6,https://railway-stations-classification.pages.dev/
MVD,MULVAD,NSG6,https://railway-stations-classification.pages.dev/
MBF,MUNABAO,NSG6,https://railway-stations-classification.pages.dev/
MND,Munderwa,NSG6,https://railway-stations-classification.pages.dev/
MPH,MUNDHA PANDEY,NSG6,https://railway-stations-classification.pages.dev/
MLKN,MUNDHAL KALAN,NSG6,https://railway-stations-classification.pages.dev/
MVE,MUNDHEWADI,NSG6,https://railway-stations-classification.pages.dev/
MNU,Mundikota,NSG6,https://railway-stations-classification.pages.dev/
MYP,Mundiyambakkam,NSG6,https://railway-stations-classification.pages.dev/
MGKM,Mungiakami,NSG6,https://railway-stations-classification.pages.dev/
MNPT,MUNGILIPATTU,NSG6,https://railway-stations-classification.pages.dev/
MUK,MUNUMAKA,NSG6,https://railway-stations-classification.pages.dev/
MUPA,Mupa,NSG6,https://railway-stations-classification.pages.dev/
MDF,Muradih,NSG6,https://railway-stations-classification.pages.dev/
MUD,MURADNAGAR,NSG6,https://railway-stations-classification.pages.dev/
MGM,MURAGACHHA,NSG6,https://railway-stations-classification.pages.dev/
MRHA,MURAHARA,NSG6,https://railway-stations-classification.pages.dev/
MRTA,Muraitha,NSG6,https://railway-stations-classification.pages.dev/
MMVR,Murgamahadev Road,NSG6,https://railway-stations-classification.pages.dev/
MSRP,MURHESI RAMPUR,NSG6,https://railway-stations-classification.pages.dev/
MUP,Murhipar,NSG6,https://railway-stations-classification.pages.dev/
MRBL,MURIBAHAL,NSG6,https://railway-stations-classification.pages.dev/
MSN,Mursan,NSG6,https://railway-stations-classification.pages.dev/
MSDR,MURSHADPUR,NSG6,https://railway-stations-classification.pages.dev/
MPLM,Murthipalaiyam,NSG6,https://railway-stations-classification.pages.dev/
MUH,Murtiha,NSG6,https://railway-stations-classification.pages.dev/
MQU,Murukkampuzha,NSG6,https://railway-stations-classification.pages.dev/
MUA,Musra,NSG6,https://railway-stations-classification.pages.dev/
MFB,MUSTAFABAD,NSG6,https://railway-stations-classification.pages.dev/
MSV,Mustara,NSG6,https://railway-stations-classification.pages.dev/
MMDA,Muthalamada,NSG6,https://railway-stations-classification.pages.dev/
MTGE,Muthani,NSG6,https://railway-stations-classification.pages.dev/
MTNL,Muttarasanallur,NSG6,https://railway-stations-classification.pages.dev/
MYJ,Myheji,NSG6,https://railway-stations-classification.pages.dev/
MPF,Myuirpur Road,NSG6,https://railway-stations-classification.pages.dev/
NIU,Nabipur,NSG6,https://railway-stations-classification.pages.dev/
NDU,Nadaul,NSG6,https://railway-stations-classification.pages.dev/
NDW,Nadwan,NSG6,https://railway-stations-classification.pages.dev/
NHY,Nagahanahalli,NSG6,https://railway-stations-classification.pages.dev/
NGL,NAGAL,NSG6,https://railway-stations-classification.pages.dev/
NPL,NAGALAPALLI,NSG6,https://railway-stations-classification.pages.dev/
NGS,NAGANSUR,NSG6,https://railway-stations-classification.pages.dev/
NGE,Nagar,NSG6,https://railway-stations-classification.pages.dev/
NGD,Nagardevla,NSG6,https://railway-stations-classification.pages.dev/
NG,Nagari,NSG6,https://railway-stations-classification.pages.dev/
NRS,NAGARIA SADAT,NSG6,https://railway-stations-classification.pages.dev/
NGF,NAGARNABI,NSG6,https://railway-stations-classification.pages.dev/
NRR,NAGARUR,NSG6,https://railway-stations-classification.pages.dev/
NWA,Nagarwara,NSG6,https://railway-stations-classification.pages.dev/
NGM,NAGASAMUDRAM,NSG6,https://railway-stations-classification.pages.dev/
NVF,Nagavangala,NSG6,https://railway-stations-classification.pages.dev/
NAB,Nagbhir,NSG6,https://railway-stations-classification.pages.dev/
NRDP,NAGIREDDIPALLI,NSG6,https://railway-stations-classification.pages.dev/
NJA,Nagjua,NSG6,https://railway-stations-classification.pages.dev/
NGTN,Nagothane,NSG6,https://railway-stations-classification.pages.dev/
NKB,Nagrakata,NSG6,https://railway-stations-classification.pages.dev/
NGI,Nagri,NSG6,https://railway-stations-classification.pages.dev/
NGRT,NAGROTA,NSG6,https://railway-stations-classification.pages.dev/
NGRS,NAGROTA SURIYAN,NSG6,https://railway-stations-classification.pages.dev/
NKI,Naikheri,NSG6,https://railway-stations-classification.pages.dev/
NLN,Nailalung,NSG6,https://railway-stations-classification.pages.dev/
NM,NAIMISHARANYA,NSG6,https://railway-stations-classification.pages.dev/
NCH,Nakachari,NSG6,https://railway-stations-classification.pages.dev/
NKU,Nakardei,NSG6,https://railway-stations-classification.pages.dev/
NKDO,NAKKANADODDI,NSG6,https://railway-stations-classification.pages.dev/
NAK,Naksalbari,NSG6,https://railway-stations-classification.pages.dev/
NKX,NAKTI SEMRA,NSG6,https://railway-stations-classification.pages.dev/
NAL,NAL,NSG6,https://railway-stations-classification.pages.dev/
NLC,Naliya Cantt,NSG6,https://railway-stations-classification.pages.dev/
NLY,Naliya SPL,NSG6,https://railway-stations-classification.pages.dev/
NCU,NALLACHERUVU,NSG6,https://railway-stations-classification.pages.dev/
NLPD,NALLAPDU,NSG6,https://railway-stations-classification.pages.dev/
NBR,NAMBUR,NSG6,https://railway-stations-classification.pages.dev/
NKM,Namkom,NSG6,https://railway-stations-classification.pages.dev/
NLI,Namli,NSG6,https://railway-stations-classification.pages.dev/
NMT,Namtiali,NSG6,https://railway-stations-classification.pages.dev/
NANA,Nana,NSG6,https://railway-stations-classification.pages.dev/
NNKR,NANAKSAR,NSG6,https://railway-stations-classification.pages.dev/
NNX,NANAUTA,NSG6,https://railway-stations-classification.pages.dev/
NLA,NANCHERLA,NSG6,https://railway-stations-classification.pages.dev/
NDKR,Nandakumar,NSG6,https://railway-stations-classification.pages.dev/
NRE,NANDALUR,NSG6,https://railway-stations-classification.pages.dev/
NDPR,NANDAPUR,NSG6,https://railway-stations-classification.pages.dev/
NDJ,Nandganj,NSG6,https://railway-stations-classification.pages.dev/
NDK,Nandkhas,NSG6,https://railway-stations-classification.pages.dev/
NNNL,Nandni Lagunia,NSG6,https://railway-stations-classification.pages.dev/
NHM,Nandol Dehgam,NSG6,https://railway-stations-classification.pages.dev/
NDBT,NANDPUR BHATAULI,NSG6,https://railway-stations-classification.pages.dev/
NDE,Nandre,NSG6,https://railway-stations-classification.pages.dev/
NNU,NANGAL MUNDI,NSG6,https://railway-stations-classification.pages.dev/
NNM,Nannilam,NSG6,https://railway-stations-classification.pages.dev/
NNP,Nanpara,NSG6,https://railway-stations-classification.pages.dev/
NJN,Naojan,NSG6,https://railway-stations-classification.pages.dev/
NRI,NARAINA,NSG6,https://railway-stations-classification.pages.dev/
NQR,NARAJ MARTHAPUR,NSG6,https://railway-stations-classification.pages.dev/
NNGE,Narangi,NSG6,https://railway-stations-classification.pages.dev/
NRGR,Naranjipur,NSG6,https://railway-stations-classification.pages.dev/
NANR,NARANPUR,NSG6,https://railway-stations-classification.pages.dev/
NSGR,NARASINGHGARH,NSG6,https://railway-stations-classification.pages.dev/
NRYP,NARAYANAPURAM,NSG6,https://railway-stations-classification.pages.dev/
NYA,Narayangarh,NSG6,https://railway-stations-classification.pages.dev/
NPBR,NARAYANPUR BAZAR,NSG6,https://railway-stations-classification.pages.dev/
NNW,NARAYANPUR TATWARA,NSG6,https://railway-stations-classification.pages.dev/
NRN,Narhan,NSG6,https://railway-stations-classification.pages.dev/
NOI,NARIAOLI,NSG6,https://railway-stations-classification.pages.dev/
NKK,Narikkudi,NSG6,https://railway-stations-classification.pages.dev/
NRJ,Narimogaru,NSG6,https://railway-stations-classification.pages.dev/
NPX,NARINDARPURA,NSG6,https://railway-stations-classification.pages.dev/
NRD,Naroda,NSG6,https://railway-stations-classification.pages.dev/
NPV,Narpatganj,NSG6,https://railway-stations-classification.pages.dev/
NASP,NARSINGAPALLE,NSG6,https://railway-stations-classification.pages.dev/
NRWI,NARWASI,NSG6,https://railway-stations-classification.pages.dev/
NAS,NASRALA,NSG6,https://railway-stations-classification.pages.dev/
NES,Natesar,NSG6,https://railway-stations-classification.pages.dev/
NDT,Nathdwara,NSG6,https://railway-stations-classification.pages.dev/
NAT,NATHNAGAR,NSG6,https://railway-stations-classification.pages.dev/
NKH,NATHUKHERI,NSG6,https://railway-stations-classification.pages.dev/
NTZ,NATHWANA,NSG6,https://railway-stations-classification.pages.dev/
NGW,Nauganwan,NSG6,https://railway-stations-classification.pages.dev/
NLH,NAULTHA,NSG6,https://railway-stations-classification.pages.dev/
NRMH,Nava Raipur,NSG6,https://railway-stations-classification.pages.dev/
NVLN,NAVALGAON,NSG6,https://railway-stations-classification.pages.dev/
NVG,Navegaon,NSG6,https://railway-stations-classification.pages.dev/
NVT,NAVIPET,NSG6,https://railway-stations-classification.pages.dev/
NVU,NAVLUR,NSG6,https://railway-stations-classification.pages.dev/
NSS,NAWAN SHAHR DOABA Jn,NSG6,https://railway-stations-classification.pages.dev/
NAW,NAWANDGI,NSG6,https://railway-stations-classification.pages.dev/
GZN,NAYA GHAZIABAD,NSG6,https://railway-stations-classification.pages.dev/
NYK,NAYA KHARADIA,NSG6,https://railway-stations-classification.pages.dev/
NYO,Nayagaon,NSG6,https://railway-stations-classification.pages.dev/
NGPK,NAYAGAON PURA KUMARA,NSG6,https://railway-stations-classification.pages.dev/
NYG,NAYAGARH,NSG6,https://railway-stations-classification.pages.dev/
NWC,Nayanagar,NSG6,https://railway-stations-classification.pages.dev/
NI,Naydongri,NSG6,https://railway-stations-classification.pages.dev/
NRPA,Nayrayanpur Anant,NSG6,https://railway-stations-classification.pages.dev/
NZG,Nazarbaug,NSG6,https://railway-stations-classification.pages.dev/
NAZJ,Nazirganj,NSG6,https://railway-stations-classification.pages.dev/
NSI,Nekruseni,NSG6,https://railway-stations-classification.pages.dev/
NMGA,NELAMANGALA,NSG6,https://railway-stations-classification.pages.dev/
NPM,Nellikuppam,NSG6,https://railway-stations-classification.pages.dev/
NML,NELLIMARLA,NSG6,https://railway-stations-classification.pages.dev/
NMLU,NEMAKALLU,NSG6,https://railway-stations-classification.pages.dev/
NEM,Nemam,NSG6,https://railway-stations-classification.pages.dev/
NEO,Neora,NSG6,https://railway-stations-classification.pages.dev/
NPR,Nepalganj Road,NSG6,https://railway-stations-classification.pages.dev/
NRF,Neralakatte,NSG6,https://railway-stations-classification.pages.dev/
NRG,NERGUNDI JN,NSG6,https://railway-stations-classification.pages.dev/
AYVN,New Aryankavu,NSG6,https://railway-stations-classification.pages.dev/
NBS,New Baneswar,NSG6,https://railway-stations-classification.pages.dev/
NCBD,New Changrabandha,NSG6,https://railway-stations-classification.pages.dev/
NQH,New Domohani,NSG6,https://railway-stations-classification.pages.dev/
NGMP,NEW GARH MADHUPUR,NSG6,https://railway-stations-classification.pages.dev/
NGTG,New Gitaldaha,NSG6,https://railway-stations-classification.pages.dev/
NHGJ,New Harangajao,NSG6,https://railway-stations-classification.pages.dev/
NMDA,NEW MORINDA,NSG6,https://railway-stations-classification.pages.dev/
NSCL,New Silchar,NSG6,https://railway-stations-classification.pages.dev/
NSBG,New Sissiborgaon,NSG6,https://railway-stations-classification.pages.dev/
NVL,Neyveli,NSG6,https://railway-stations-classification.pages.dev/
NBP,NIBHAPUR,NSG6,https://railway-stations-classification.pages.dev/
NBUE,NIBKARORI,NSG6,https://railway-stations-classification.pages.dev/
NDM,NIDAMANURU,NSG6,https://railway-stations-classification.pages.dev/
NDV,NIDAVANDA,NSG6,https://railway-stations-classification.pages.dev/
NDNI,Nidhani,NSG6,https://railway-stations-classification.pages.dev/
NDZ,NIDIGALLU,NSG6,https://railway-stations-classification.pages.dev/
NTU,Nigatpur,NSG6,https://railway-stations-classification.pages.dev/
NIQ,Nigaura,NSG6,https://railway-stations-classification.pages.dev/
NHN,NIGOHAN,NSG6,https://railway-stations-classification.pages.dev/
NOH,Nigohi,NSG6,https://railway-stations-classification.pages.dev/
NKW,NILAKANTHESWAR,NSG6,https://railway-stations-classification.pages.dev/
NLBR,Nilambazar,NSG6,https://railway-stations-classification.pages.dev/
NGRD,Nilgiri Road,NSG6,https://railway-stations-classification.pages.dev/
NLKR,NILOKHERI,NSG6,https://railway-stations-classification.pages.dev/
NKR,Nimarkheri,NSG6,https://railway-stations-classification.pages.dev/
NBL,NIMBAL,NSG6,https://railway-stations-classification.pages.dev/
NB,Nimbhora,NSG6,https://railway-stations-classification.pages.dev/
NIM,Nimdih,NSG6,https://railway-stations-classification.pages.dev/
NMG,Nimiaghat,NSG6,https://railway-stations-classification.pages.dev/
NMD,NIMODA,NSG6,https://railway-stations-classification.pages.dev/
NDH,NINDHAR BENAR,NSG6,https://railway-stations-classification.pages.dev/
NGA,Ningala,NSG6,https://railway-stations-classification.pages.dev/
NPI,Nipania,NSG6,https://railway-stations-classification.pages.dev/
NIRA,Nira,NSG6,https://railway-stations-classification.pages.dev/
NMA,Nirmali,NSG6,https://railway-stations-classification.pages.dev/
NSA,Nishangara,NSG6,https://railway-stations-classification.pages.dev/
NTR,NITTUR,NSG6,https://railway-stations-classification.pages.dev/
NWR,NIWAR,NSG6,https://railway-stations-classification.pages.dev/
NWB,NIWAS ROAD,NSG6,https://railway-stations-classification.pages.dev/
NIP,NIZAMPUR,NSG6,https://railway-stations-classification.pages.dev/
NBX,Nizbarganj,NSG6,https://railway-stations-classification.pages.dev/
NJB,Nizbari,NSG6,https://railway-stations-classification.pages.dev/
NCA,Nizchatia,NSG6,https://railway-stations-classification.pages.dev/
NRX,NOADAR DHAL,NSG6,https://railway-stations-classification.pages.dev/
NOMD,Noamundi,NSG6,https://railway-stations-classification.pages.dev/
NGWN,NOGANWAN,NSG6,https://railway-stations-classification.pages.dev/
NKRA,NOKHRA,NSG6,https://railway-stations-classification.pages.dev/
NNHT,NONIHAT,NSG6,https://railway-stations-classification.pages.dev/
NRA,Noonkhar,NSG6,https://railway-stations-classification.pages.dev/
NRLR,NORLA ROAD,NSG6,https://railway-stations-classification.pages.dev/
NPK,North panakudi,NSG6,https://railway-stations-classification.pages.dev/
NOSM,NOSSAM,NSG6,https://railway-stations-classification.pages.dev/
NRZB,Nowrozabad,NSG6,https://railway-stations-classification.pages.dev/
NUA,NUA,NSG6,https://railway-stations-classification.pages.dev/
NUGN,NUAGAN,NSG6,https://railway-stations-classification.pages.dev/
NXN,Nuagaon,NSG6,https://railway-stations-classification.pages.dev/
NXNR,NUAGAON ROAD,NSG6,https://railway-stations-classification.pages.dev/
NDPU,NUDURUPADU,NSG6,https://railway-stations-classification.pages.dev/
NMGY,Numaligarh,NSG6,https://railway-stations-classification.pages.dev/
NRM,NURMAHAL,NSG6,https://railway-stations-classification.pages.dev/
NUPR,NURPUR ROAD,NSG6,https://railway-stations-classification.pages.dev/
NPH,NURPURA,NSG6,https://railway-stations-classification.pages.dev/
NRY,NyoriaHusenpur,NSG6,https://railway-stations-classification.pages.dev/
OTN,Oating,NSG6,https://railway-stations-classification.pages.dev/
ODG,OBAIDULLA GANJ,NSG6,https://railway-stations-classification.pages.dev/
OBR,Obradam,NSG6,https://railway-stations-classification.pages.dev/
OBM,OBULAPURAM,NSG6,https://railway-stations-classification.pages.dev/
OBVP,OBULAVARIPALLI,NSG6,https://railway-stations-classification.pages.dev/
OCR,Ochira,NSG6,https://railway-stations-classification.pages.dev/
ORH,ODDARAHALLI,NSG6,https://railway-stations-classification.pages.dev/
ODE,Ode,NSG6,https://railway-stations-classification.pages.dev/
ODHA,Odha,NSG6,https://railway-stations-classification.pages.dev/
OCH,ODHANIYA CHACHA,NSG6,https://railway-stations-classification.pages.dev/
OHV,ODHAVA,NSG6,https://railway-stations-classification.pages.dev/
ODUR,Odur,NSG6,https://railway-stations-classification.pages.dev/
OKD,Okhamadhi,NSG6,https://railway-stations-classification.pages.dev/
OKA,OKHLA,NSG6,https://railway-stations-classification.pages.dev/
OLA,Olakur,NSG6,https://railway-stations-classification.pages.dev/
OLP,Olapur,NSG6,https://railway-stations-classification.pages.dev/
OMLF,Old Malda,NSG6,https://railway-stations-classification.pages.dev/
OLR,Ollur,NSG6,https://railway-stations-classification.pages.dev/
OML,Omalur,NSG6,https://railway-stations-classification.pages.dev/
OM,Omkareshwar Rd,NSG6,https://railway-stations-classification.pages.dev/
ODM,Ondagram,NSG6,https://railway-stations-classification.pages.dev/
OND,Onlajhori,NSG6,https://railway-stations-classification.pages.dev/
VNM,ONTIMITTA,NSG6,https://railway-stations-classification.pages.dev/
ODB,Oodlabari,NSG6,https://railway-stations-classification.pages.dev/
OTD,OOTWARD,NSG6,https://railway-stations-classification.pages.dev/
ORC,Orcha,NSG6,https://railway-stations-classification.pages.dev/
ORGA,Orga,NSG6,https://railway-stations-classification.pages.dev/
JDPR,Oro(Jagdishpur),NSG6,https://railway-stations-classification.pages.dev/
ORR,ORR,NSG6,https://railway-stations-classification.pages.dev/
ORW,Orwara,NSG6,https://railway-stations-classification.pages.dev/
OV,Otivakkam,NSG6,https://railway-stations-classification.pages.dev/
OTK,Ottakovil,NSG6,https://railway-stations-classification.pages.dev/
PAI,PABAI,NSG6,https://railway-stations-classification.pages.dev/
PQY,PABLI KHAS,NSG6,https://railway-stations-classification.pages.dev/
PCKM,Pachakuppam,NSG6,https://railway-stations-classification.pages.dev/
PNDI,PACHANDI,NSG6,https://railway-stations-classification.pages.dev/
PCMK,PACHAR MALIKPUR,NSG6,https://railway-stations-classification.pages.dev/
PNWN,Pachawan,NSG6,https://railway-stations-classification.pages.dev/
PCK,Pachrukhi,NSG6,https://railway-stations-classification.pages.dev/
PLRD,Padaliya Road,NSG6,https://railway-stations-classification.pages.dev/
PARH,PADARKHEDA,NSG6,https://railway-stations-classification.pages.dev/
PDGN,padhegaon,NSG6,https://railway-stations-classification.pages.dev/
PDMA,Padma,NSG6,https://railway-stations-classification.pages.dev/
PDRA,Padra,NSG6,https://railway-stations-classification.pages.dev/
PNJ,Padriganj,NSG6,https://railway-stations-classification.pages.dev/
PDP,Padse,NSG6,https://railway-stations-classification.pages.dev/
PFU,PADUA,NSG6,https://railway-stations-classification.pages.dev/
PGU,PADUGUPADU,NSG6,https://railway-stations-classification.pages.dev/
PGA,PAGARA,NSG6,https://railway-stations-classification.pages.dev/
PGL,PAGDHAL,NSG6,https://railway-stations-classification.pages.dev/
PGDI,PAGIDIRAI,NSG6,https://railway-stations-classification.pages.dev/
PCX,PAGLA CHANDI,NSG6,https://railway-stations-classification.pages.dev/
PRE,PAHARA,NSG6,https://railway-stations-classification.pages.dev/
PHLG,Pahlejaghat Jn,NSG6,https://railway-stations-classification.pages.dev/
PMI,Paimar,NSG6,https://railway-stations-classification.pages.dev/
PPE,Paitepur,NSG6,https://railway-stations-classification.pages.dev/
PJA,PAJIAN,NSG6,https://railway-stations-classification.pages.dev/
PKRD,PAKARIA ROAD,NSG6,https://railway-stations-classification.pages.dev/
PKJN,Pakhajan,NSG6,https://railway-stations-classification.pages.dev/
PKX,PAKHRAULI,NSG6,https://railway-stations-classification.pages.dev/
PKK,PAKKI,NSG6,https://railway-stations-classification.pages.dev/
PK,PAKNI,NSG6,https://railway-stations-classification.pages.dev/
PKC,Pakra,NSG6,https://railway-stations-classification.pages.dev/
PCLI,Palachauri,NSG6,https://railway-stations-classification.pages.dev/
PALM,Palaiyam,NSG6,https://railway-stations-classification.pages.dev/
PCV,PALAKKODU,NSG6,https://railway-stations-classification.pages.dev/
PAE,PALANA,NSG6,https://railway-stations-classification.pages.dev/
PUE,Palari,NSG6,https://railway-stations-classification.pages.dev/
PAL,PALASNER,NSG6,https://railway-stations-classification.pages.dev/
PCO,Palayamkottai (FLAG),NSG6,https://railway-stations-classification.pages.dev/
PLD,Paldhi,NSG6,https://railway-stations-classification.pages.dev/
PLA,Palia,NSG6,https://railway-stations-classification.pages.dev/
PLK,Paliakalan,NSG6,https://railway-stations-classification.pages.dev/
PBV,PALIBA,NSG6,https://railway-stations-classification.pages.dev/
PUM,Pallipuram,NSG6,https://railway-stations-classification.pages.dev/
PLSN,PALSANA,NSG6,https://railway-stations-classification.pages.dev/
PLV,Palsi,NSG6,https://railway-stations-classification.pages.dev/
PALR,Palur,NSG6,https://railway-stations-classification.pages.dev/
PMN,Paman,NSG6,https://railway-stations-classification.pages.dev/
PBM,Pamban,NSG6,https://railway-stations-classification.pages.dev/
PMD,PAMIDI,NSG6,https://railway-stations-classification.pages.dev/
PMPE,PAMPUR,NSG6,https://railway-stations-classification.pages.dev/
PNGI,Panangudi,NSG6,https://railway-stations-classification.pages.dev/
PAM,PANAPAKAM,NSG6,https://railway-stations-classification.pages.dev/
PNB,Panbari,NSG6,https://railway-stations-classification.pages.dev/
PGC,Panchgachhia,NSG6,https://railway-stations-classification.pages.dev/
PNGM,Panchgram,NSG6,https://railway-stations-classification.pages.dev/
PCR,PANCHRA,NSG6,https://railway-stations-classification.pages.dev/
PNVT,Panchratna,NSG6,https://railway-stations-classification.pages.dev/
PHRH,PANCHRUKHI,NSG6,https://railway-stations-classification.pages.dev/
PDV,Pandaravadai,NSG6,https://railway-stations-classification.pages.dev/
PDW,Pandaul,NSG6,https://railway-stations-classification.pages.dev/
PNDP,PANDILLAPALLI,NSG6,https://railway-stations-classification.pages.dev/
KZQ,Pandoli,NSG6,https://railway-stations-classification.pages.dev/
PRSL,Pandrasali,NSG6,https://railway-stations-classification.pages.dev/
PASR,PANDURANGA SWAMY ROAD,NSG6,https://railway-stations-classification.pages.dev/
PLM,Paneli Moti,NSG6,https://railway-stations-classification.pages.dev/
PNF,PANGAON,NSG6,https://railway-stations-classification.pages.dev/
PJR,PANGRI,NSG6,https://railway-stations-classification.pages.dev/
PNHI,PANHAI,NSG6,https://railway-stations-classification.pages.dev/
PNHR,PANIHAR,NSG6,https://railway-stations-classification.pages.dev/
PHI,Panikhaiti,NSG6,https://railway-stations-classification.pages.dev/
PASG,Panisagar,NSG6,https://railway-stations-classification.pages.dev/
PNT,Panitola,NSG6,https://railway-stations-classification.pages.dev/
PNYA,Paniyahawa,NSG6,https://railway-stations-classification.pages.dev/
PJB,Paniyajob,NSG6,https://railway-stations-classification.pages.dev/
PJK,PANJ-KOSI,NSG6,https://railway-stations-classification.pages.dev/
PJN,Panjhan,NSG6,https://railway-stations-classification.pages.dev/
PJP,Panjipara,NSG6,https://railway-stations-classification.pages.dev/
PAO,Panoli,NSG6,https://railway-stations-classification.pages.dev/
PPO,Panposh,NSG6,https://railway-stations-classification.pages.dev/
PBW,Pantnagar,NSG6,https://railway-stations-classification.pages.dev/
PNM,PANYAM,NSG6,https://railway-stations-classification.pages.dev/
PJGM,PANZGOM,NSG6,https://railway-stations-classification.pages.dev/
PPEA,PAPARERA,NSG6,https://railway-stations-classification.pages.dev/
PPY,PAPATPALLI,NSG6,https://railway-stations-classification.pages.dev/
PPKD,Paprakund,NSG6,https://railway-stations-classification.pages.dev/
PRDL,Paradol,NSG6,https://railway-stations-classification.pages.dev/
PRY,Paraiya,NSG6,https://railway-stations-classification.pages.dev/
PAJ,PARAJ,NSG6,https://railway-stations-classification.pages.dev/
PATR,Paramjeevar Tarajeevar,NSG6,https://railway-stations-classification.pages.dev/
PS,Paras,NSG6,https://railway-stations-classification.pages.dev/
PRN,Parauna,NSG6,https://railway-stations-classification.pages.dev/
PQU,PARBANA MAU,NSG6,https://railway-stations-classification.pages.dev/
PRB,Parbati,NSG6,https://railway-stations-classification.pages.dev/
PBB,Parbatonia,NSG6,https://railway-stations-classification.pages.dev/
PHQ,Pardhade,NSG6,https://railway-stations-classification.pages.dev/
PAD,Pardi,NSG6,https://railway-stations-classification.pages.dev/
PRWD,PAREWADI,NSG6,https://railway-stations-classification.pages.dev/
PIH,PARHIHARA,NSG6,https://railway-stations-classification.pages.dev/
PIC,Paricha,NSG6,https://railway-stations-classification.pages.dev/
PRKL,Parikkal,NSG6,https://railway-stations-classification.pages.dev/
PSL,PARISAL,NSG6,https://railway-stations-classification.pages.dev/
PQN,PARIYAWAN KALA KANKAR ROAD,NSG6,https://railway-stations-classification.pages.dev/
PRK,PARKHAM,NSG6,https://railway-stations-classification.pages.dev/
PLL,Parli,NSG6,https://railway-stations-classification.pages.dev/
PRU,PARLU,NSG6,https://railway-stations-classification.pages.dev/
PMS,Parmalkasa,NSG6,https://railway-stations-classification.pages.dev/
PMQ,PARMANAND,NSG6,https://railway-stations-classification.pages.dev/
PMU,Parmanandpur,NSG6,https://railway-stations-classification.pages.dev/
PRZ,Parsa,NSG6,https://railway-stations-classification.pages.dev/
PKRA,PARSA KHERA,NSG6,https://railway-stations-classification.pages.dev/
PATI,Parsa tewari,NSG6,https://railway-stations-classification.pages.dev/
PRBZ,Parsabazar,NSG6,https://railway-stations-classification.pages.dev/
PSZ,Parsauni,NSG6,https://railway-stations-classification.pages.dev/
PSN,Parsendi,NSG6,https://railway-stations-classification.pages.dev/
PRF,PARSIPUR,NSG6,https://railway-stations-classification.pages.dev/
PSV,PARSNEU,NSG6,https://railway-stations-classification.pages.dev/
PSD,PARSODA,NSG6,https://railway-stations-classification.pages.dev/
PSLI,PARSOLI,NSG6,https://railway-stations-classification.pages.dev/
PPB,PARTABPURA,NSG6,https://railway-stations-classification.pages.dev/
PRTP,PARTAPUR,NSG6,https://railway-stations-classification.pages.dev/
PBC,PARVATSAR CITY,NSG6,https://railway-stations-classification.pages.dev/
PVZ,PARVEZPUR,NSG6,https://railway-stations-classification.pages.dev/
PAS,Pasur,NSG6,https://railway-stations-classification.pages.dev/
PATA,PATA,NSG6,https://railway-stations-classification.pages.dev/
PLU,PATAKOTTACHERUVU,NSG6,https://railway-stations-classification.pages.dev/
PTP,Patalpani,NSG6,https://railway-stations-classification.pages.dev/
PTS,Patansaongi,NSG6,https://railway-stations-classification.pages.dev/
PTRE,Patara,NSG6,https://railway-stations-classification.pages.dev/
PAA,Patas,NSG6,https://railway-stations-classification.pages.dev/
PSJ,Patasahi,NSG6,https://railway-stations-classification.pages.dev/
PU,PATCHUR,NSG6,https://railway-stations-classification.pages.dev/
PTNR,PATEL NAGAR,NSG6,https://railway-stations-classification.pages.dev/
PEE,Paterhi,NSG6,https://railway-stations-classification.pages.dev/
PTKD,Patharkandi,NSG6,https://railway-stations-classification.pages.dev/
PKB,Patharkhola,NSG6,https://railway-stations-classification.pages.dev/
PTLI,PATHAULI,NSG6,https://railway-stations-classification.pages.dev/
PEH,Patherdih,NSG6,https://railway-stations-classification.pages.dev/
PRI,PATHRI,NSG6,https://railway-stations-classification.pages.dev/
PBL,Pathshala,NSG6,https://railway-stations-classification.pages.dev/
PTLD,Patiladaha,NSG6,https://railway-stations-classification.pages.dev/
PT,PATLI,NSG6,https://railway-stations-classification.pages.dev/
PTHD,PATOHAN,NSG6,https://railway-stations-classification.pages.dev/
PTH,PATRANGA,NSG6,https://railway-stations-classification.pages.dev/
PTTN,PATTAN,NSG6,https://railway-stations-classification.pages.dev/
PAX,PATTI,NSG6,https://railway-stations-classification.pages.dev/
PTWA,PATWARA,NSG6,https://railway-stations-classification.pages.dev/
PAVI,Pavi,NSG6,https://railway-stations-classification.pages.dev/
PCM,Pavurchatram,NSG6,https://railway-stations-classification.pages.dev/
POE,Pawapuri Road,NSG6,https://railway-stations-classification.pages.dev/
PDR,Payagpur,NSG6,https://railway-stations-classification.pages.dev/
PYOL,Payyoli (FLAG),NSG6,https://railway-stations-classification.pages.dev/
PDKN,PEDAKAKANI HALT,NSG6,https://railway-stations-classification.pages.dev/
PKPU,PEDAKURAPADU,NSG6,https://railway-stations-classification.pages.dev/
PYA,Pedapariya,NSG6,https://railway-stations-classification.pages.dev/
PVD,PEDAVADLAPUDI,NSG6,https://railway-stations-classification.pages.dev/
PPZ,PEDDAMPET,NSG6,https://railway-stations-classification.pages.dev/
PDKM,Peddanayakkanpalaiyam (FLAG),NSG6,https://railway-stations-classification.pages.dev/
PKBS,PEEPLI KA BAS,NSG6,https://railway-stations-classification.pages.dev/
PHWR,PEHOWA ROAD,NSG6,https://railway-stations-classification.pages.dev/
PBP,PEMBARTHI,NSG6,https://railway-stations-classification.pages.dev/
PEC,Pencharthal,NSG6,https://railway-stations-classification.pages.dev/
PDL,PENDEKALLU,NSG6,https://railway-stations-classification.pages.dev/
PDT,PENDURTHI,NSG6,https://railway-stations-classification.pages.dev/
PNDM,Pennadam (FLAG),NSG6,https://railway-stations-classification.pages.dev/
PEM,Peralam,NSG6,https://railway-stations-classification.pages.dev/
PEI,Perani,NSG6,https://railway-stations-classification.pages.dev/
PVI,Peravurani,NSG6,https://railway-stations-classification.pages.dev/
PG,PERGAON,NSG6,https://railway-stations-classification.pages.dev/
PRCA,PERICHERLA,NSG6,https://railway-stations-classification.pages.dev/
PRND,Perinad,NSG6,https://railway-stations-classification.pages.dev/
PYK,Periyakottai,NSG6,https://railway-stations-classification.pages.dev/
PRNT,PERIYANAGATHUNAI,NSG6,https://railway-stations-classification.pages.dev/
PGN,Perugamani,NSG6,https://railway-stations-classification.pages.dev/
PY,Perundurai,NSG6,https://railway-stations-classification.pages.dev/
PTD,Petlad Jn,NSG6,https://railway-stations-classification.pages.dev/
PEA,Pettai (FLAG),NSG6,https://railway-stations-classification.pages.dev/
PLI,Pettaivaytalai,NSG6,https://railway-stations-classification.pages.dev/
PKGM,Phakhoagarm,NSG6,https://railway-stations-classification.pages.dev/
PUD,Phanda,NSG6,https://railway-stations-classification.pages.dev/
PD,Pharadhan,NSG6,https://railway-stations-classification.pages.dev/
PHY,Phariha,NSG6,https://railway-stations-classification.pages.dev/
PEP,Phephna Jn,NSG6,https://railway-stations-classification.pages.dev/
PES,Phesar,NSG6,https://railway-stations-classification.pages.dev/
PDJ,Phiding,NSG6,https://railway-stations-classification.pages.dev/
PPM,PHIRANGIPURAM,NSG6,https://railway-stations-classification.pages.dev/
FLD,Phulad,NSG6,https://railway-stations-classification.pages.dev/
PWS,Phulwari Shariff,NSG6,https://railway-stations-classification.pages.dev/
PLJE,Phulwaritanr,NSG6,https://railway-stations-classification.pages.dev/
FSG,Phursungi,NSG6,https://railway-stations-classification.pages.dev/
PBA,Piardoba,NSG6,https://railway-stations-classification.pages.dev/
PCQ,PICHKURIR DHAL,NSG6,https://railway-stations-classification.pages.dev/
PLMD,Pilamedu,NSG6,https://railway-stations-classification.pages.dev/
PIGT,PILIGHAT,NSG6,https://railway-stations-classification.pages.dev/
PKY,PILKHANI,NSG6,https://railway-stations-classification.pages.dev/
PDZ,PILODA,NSG6,https://railway-stations-classification.pages.dev/
PIO,Pilol,NSG6,https://railway-stations-classification.pages.dev/
PKDE,PILU KHERA,NSG6,https://railway-stations-classification.pages.dev/
PMKT,Pimpalkhuti,NSG6,https://railway-stations-classification.pages.dev/
PKE,Pimpar Khed,NSG6,https://railway-stations-classification.pages.dev/
PRGR,PINARGARIA,NSG6,https://railway-stations-classification.pages.dev/
PQL,PINDIAL,NSG6,https://railway-stations-classification.pages.dev/
PDE,Pindrai,NSG6,https://railway-stations-classification.pages.dev/
PLW,Pingleashwar,NSG6,https://railway-stations-classification.pages.dev/
PIZ,PINGLI,NSG6,https://railway-stations-classification.pages.dev/
PNGR,PINGORA,NSG6,https://railway-stations-classification.pages.dev/
POR,PIPALDA ROAD,NSG6,https://railway-stations-classification.pages.dev/
PLS,Pipalsana,NSG6,https://railway-stations-classification.pages.dev/
PPR,PIPAR ROAD JN,NSG6,https://railway-stations-classification.pages.dev/
PED,Pipardahi,NSG6,https://railway-stations-classification.pages.dev/
PWK,PIPARIYA KALAN,NSG6,https://railway-stations-classification.pages.dev/
PPU,PIPARPUR,NSG6,https://railway-stations-classification.pages.dev/
POF,PIPARSAND,NSG6,https://railway-stations-classification.pages.dev/
PPLI,Pipli,NSG6,https://railway-stations-classification.pages.dev/
PPD,Piplod Jn,NSG6,https://railway-stations-classification.pages.dev/
PPG,Piploda Bagla,NSG6,https://railway-stations-classification.pages.dev/
PPA,Pipra,NSG6,https://railway-stations-classification.pages.dev/
PADH,Pipradih,NSG6,https://railway-stations-classification.pages.dev/
PPRH,Piprahan,NSG6,https://railway-stations-classification.pages.dev/
PIA,PIPRAIGAON,NSG6,https://railway-stations-classification.pages.dev/
PPH,Pipridih,NSG6,https://railway-stations-classification.pages.dev/
PUO,Pir – Umrod,NSG6,https://railway-stations-classification.pages.dev/
PIRO,Piro,NSG6,https://railway-stations-classification.pages.dev/
PIS,Piska,NSG6,https://railway-stations-classification.pages.dev/
PMR,PITAMBARPUR,NSG6,https://railway-stations-classification.pages.dev/
POKL,Pivkol,NSG6,https://railway-stations-classification.pages.dev/
PCZ,POCHARAM,NSG6,https://railway-stations-classification.pages.dev/
PKNS,POKHARNI NARASINHA,NSG6,https://railway-stations-classification.pages.dev/
PKF,Pokla,NSG6,https://railway-stations-classification.pages.dev/
PEL,Polireddypalem,NSG6,https://railway-stations-classification.pages.dev/
PRL,Polur,NSG6,https://railway-stations-classification.pages.dev/
PDGL,PONDUGULA,NSG6,https://railway-stations-classification.pages.dev/
GOC,Ponmalai (golden rock),NSG6,https://railway-stations-classification.pages.dev/
POI,Ponpadi,NSG6,https://railway-stations-classification.pages.dev/
PDO,POODOOR,NSG6,https://railway-stations-classification.pages.dev/
PPJ,POPHLAJ,NSG6,https://railway-stations-classification.pages.dev/
PORA,PORA,NSG6,https://railway-stations-classification.pages.dev/
PRDG,PORADANGA,NSG6,https://railway-stations-classification.pages.dev/
PRNR,PORJANPUR,NSG6,https://railway-stations-classification.pages.dev/
PST,Posoita,NSG6,https://railway-stations-classification.pages.dev/
PFT,Pothahi,NSG6,https://railway-stations-classification.pages.dev/
PTKP,POTKAPALLI,NSG6,https://railway-stations-classification.pages.dev/
POO,POTLAPADU,NSG6,https://railway-stations-classification.pages.dev/
POZ,POTUL,NSG6,https://railway-stations-classification.pages.dev/
PRKD,POWERKHEDA,NSG6,https://railway-stations-classification.pages.dev/
PRH,POWERPET,NSG6,https://railway-stations-classification.pages.dev/
PCC,Prachi Road,NSG6,https://railway-stations-classification.pages.dev/
PKA,Pradhankhunta Jn,NSG6,https://railway-stations-classification.pages.dev/
PQD,Pranpur Road,NSG6,https://railway-stations-classification.pages.dev/
PRJ,Prantij,NSG6,https://railway-stations-classification.pages.dev/
PSPY,PRASANNAYANAPALLI,NSG6,https://railway-stations-classification.pages.dev/
PPV,Pratapganj,NSG6,https://railway-stations-classification.pages.dev/
PRTN,Pratapnagar,NSG6,https://railway-stations-classification.pages.dev/
PMPR,PREMPUR,NSG6,https://railway-stations-classification.pages.dev/
PHV,PRITHIVIGANJ,NSG6,https://railway-stations-classification.pages.dev/
PRUR,PRITHWIRAJPUR,NSG6,https://railway-stations-classification.pages.dev/
PUDI,Pudi,NSG6,https://railway-stations-classification.pages.dev/
PUC,Puduchattiram,NSG6,https://railway-stations-classification.pages.dev/
PUK,Pudukad,NSG6,https://railway-stations-classification.pages.dev/
PDGM,Pudunagaram,NSG6,https://railway-stations-classification.pages.dev/
PGR,Pugalur,NSG6,https://railway-stations-classification.pages.dev/
PRV,Pukkiravari,NSG6,https://railway-stations-classification.pages.dev/
PCL,PULICHERLA,NSG6,https://railway-stations-classification.pages.dev/
PUA,PULLA,NSG6,https://railway-stations-classification.pages.dev/
PMB,Pullambadi,NSG6,https://railway-stations-classification.pages.dev/
PMT,PULLAMPET,NSG6,https://railway-stations-classification.pages.dev/
PHK,Punarakh,NSG6,https://railway-stations-classification.pages.dev/
PCN,Punch Piplia,NSG6,https://railway-stations-classification.pages.dev/
PPK,Punch Pokhria,NSG6,https://railway-stations-classification.pages.dev/
PNW,Pundag,NSG6,https://railway-stations-classification.pages.dev/
PUN,PUNDI,NSG6,https://railway-stations-classification.pages.dev/
PQZ,Pundibari,NSG6,https://railway-stations-classification.pages.dev/
PUG,Punggudi,NSG6,https://railway-stations-classification.pages.dev/
PNQ,Punkunnam,NSG6,https://railway-stations-classification.pages.dev/
PPN,Punpun,NSG6,https://railway-stations-classification.pages.dev/
PB,Puntamba,NSG6,https://railway-stations-classification.pages.dev/
PNI,PURAINI,NSG6,https://railway-stations-classification.pages.dev/
PSE,Pusauli,NSG6,https://railway-stations-classification.pages.dev/
PUHT,Pushkar,NSG6,https://railway-stations-classification.pages.dev/
PPTR,Pushpattur,NSG6,https://railway-stations-classification.pages.dev/
PUSA,Pusla,NSG6,https://railway-stations-classification.pages.dev/
PTT,PUTALAPATTU,NSG6,https://railway-stations-classification.pages.dev/
PVN,Puvanur,NSG6,https://railway-stations-classification.pages.dev/
QDN,QADIAN,NSG6,https://railway-stations-classification.pages.dev/
KPKI,QASIMPUR KHERI,NSG6,https://railway-stations-classification.pages.dev/
QG,QAZIGUND,NSG6,https://railway-stations-classification.pages.dev/
RCG,RACHAGUNNERI,NSG6,https://railway-stations-classification.pages.dev/
RQP,RADHA KISHOREPUR,NSG6,https://railway-stations-classification.pages.dev/
RDF,Radhagaon,NSG6,https://railway-stations-classification.pages.dev/
RAKD,RADHAKUND,NSG6,https://railway-stations-classification.pages.dev/
RDP,Radhikapur,NSG6,https://railway-stations-classification.pages.dev/
RGPM,RAGHAVAPURAM,NSG6,https://railway-stations-classification.pages.dev/
RGV,Raghopur,NSG6,https://railway-stations-classification.pages.dev/
RRS,RAGHU RAJ SINGH,NSG6,https://railway-stations-classification.pages.dev/
RBN,Raghubansh Nagar,NSG6,https://railway-stations-classification.pages.dev/
RCTC,RAGHUNATH PUR,NSG6,https://railway-stations-classification.pages.dev/
RGP,RAGHUNATHPALLI,NSG6,https://railway-stations-classification.pages.dev/
RAHA,Raha,NSG6,https://railway-stations-classification.pages.dev/
RHMA,RAHAMA,NSG6,https://railway-stations-classification.pages.dev/
RTWS,RAHATWAS,NSG6,https://railway-stations-classification.pages.dev/
RNBT,RAHENBATA,NSG6,https://railway-stations-classification.pages.dev/
RBD,RAHIMABAD,NSG6,https://railway-stations-classification.pages.dev/
RMP,Rahimatpur,NSG6,https://railway-stations-classification.pages.dev/
RMNR,RAHMATNAGAR,NSG6,https://railway-stations-classification.pages.dev/
RHU,RAHON,NSG6,https://railway-stations-classification.pages.dev/
RRI,Rahuri,NSG6,https://railway-stations-classification.pages.dev/
RAI,RAIBHA,NSG6,https://railway-stations-classification.pages.dev/
RBJ,Raibojha,NSG6,https://railway-stations-classification.pages.dev/
RGQ,Raigarh Road,NSG6,https://railway-stations-classification.pages.dev/
RLR,Railaroad,NSG6,https://railway-stations-classification.pages.dev/
RPHR,RAIPUR HARYANA,NSG6,https://railway-stations-classification.pages.dev/
RRP,Rairangpur,NSG6,https://railway-stations-classification.pages.dev/
RSI,RAISI,NSG6,https://railway-stations-classification.pages.dev/
RVK,Raja Bhat Khawa,NSG6,https://railway-stations-classification.pages.dev/
RTB,Raja Talab,NSG6,https://railway-stations-classification.pages.dev/
RNN,RAJANKUNTI,NSG6,https://railway-stations-classification.pages.dev/
RPV,Rajapatti,NSG6,https://railway-stations-classification.pages.dev/
RJGR,RAJATH GARH,NSG6,https://railway-stations-classification.pages.dev/
RJI,Rajawari,NSG6,https://railway-stations-classification.pages.dev/
RBH,RAJBANDH,NSG6,https://railway-stations-classification.pages.dev/
RJO,Rajendra Pul,NSG6,https://railway-stations-classification.pages.dev/
RJQ,Rajendranagar,NSG6,https://railway-stations-classification.pages.dev/
RJW,Rajewadi,NSG6,https://railway-stations-classification.pages.dev/
RGT,Rajghat,NSG6,https://railway-stations-classification.pages.dev/
RG,RAJGHAT NARORA,NSG6,https://railway-stations-classification.pages.dev/
RHR,Rajhura,NSG6,https://railway-stations-classification.pages.dev/
RIM,Rajim Jn,NSG6,https://railway-stations-classification.pages.dev/
RJS,RAJIYASAR,NSG6,https://railway-stations-classification.pages.dev/
RKZ,RAJKIAWAS,NSG6,https://railway-stations-classification.pages.dev/
ROL,Rajoli,NSG6,https://railway-stations-classification.pages.dev/
ROS,Rajosi,NSG6,https://railway-stations-classification.pages.dev/
RSKA,RAJSUNAKHALA,NSG6,https://railway-stations-classification.pages.dev/
RJU,Rajula City,NSG6,https://railway-stations-classification.pages.dev/
RHE,Rakhamines,NSG6,https://railway-stations-classification.pages.dev/
RHI,RAKHI HALT,NSG6,https://railway-stations-classification.pages.dev/
RKH,Rakhial,NSG6,https://railway-stations-classification.pages.dev/
RKJE,Rakhitpur,NSG6,https://railway-stations-classification.pages.dev/
RMC,RAM CHAURA ROAD,NSG6,https://railway-stations-classification.pages.dev/
RBCS,RAMACHANDRAPURAM,NSG6,https://railway-stations-classification.pages.dev/
RGI,Ramagiri,NSG6,https://railway-stations-classification.pages.dev/
RAMR,Ramaipur,NSG6,https://railway-stations-classification.pages.dev/
RMO,Ramakona,NSG6,https://railway-stations-classification.pages.dev/
RMNP,RAMANNAPET,NSG6,https://railway-stations-classification.pages.dev/
RAM,RAMAPURAM,NSG6,https://railway-stations-classification.pages.dev/
RBA,RAMBHA,NSG6,https://railway-stations-classification.pages.dev/
RBZ,Rambhadrapur,NSG6,https://railway-stations-classification.pages.dev/
RDS,RAMDAS,NSG6,https://railway-stations-classification.pages.dev/
RD,Ramdayalu Nagar,NSG6,https://railway-stations-classification.pages.dev/
RGB,RAMGANGA,NSG6,https://railway-stations-classification.pages.dev/
RAH,RAMGARH,NSG6,https://railway-stations-classification.pages.dev/
RSWT,RAMGARH SHEKHAWATI,NSG6,https://railway-stations-classification.pages.dev/
RKI,Ramkanali,NSG6,https://railway-stations-classification.pages.dev/
RKL,Ramkola,NSG6,https://railway-stations-classification.pages.dev/
RAK,RAMKOT,NSG6,https://railway-stations-classification.pages.dev/
RMF,Ramna,NSG6,https://railway-stations-classification.pages.dev/
RMRB,Ramnagar bengal,NSG6,https://railway-stations-classification.pages.dev/
RMJK,RAMNAGAR ROAD (J&K),NSG6,https://railway-stations-classification.pages.dev/
RTR,Ramnathpur,NSG6,https://railway-stations-classification.pages.dev/
RTRA,Ramnathpur,NSG6,https://railway-stations-classification.pages.dev/
RA,Ramparda,NSG6,https://railway-stations-classification.pages.dev/
RMPB,Rampur Bazar,NSG6,https://railway-stations-classification.pages.dev/
RDUM,Rampur Dumra,NSG6,https://railway-stations-classification.pages.dev/
RPMN,RAMPUR MANIHARAN,NSG6,https://railway-stations-classification.pages.dev/
RMB,RAMPURA BERI,NSG6,https://railway-stations-classification.pages.dev/
RSG,Ramsagar,NSG6,https://railway-stations-classification.pages.dev/
RXN,RAMSAN,NSG6,https://railway-stations-classification.pages.dev/
RMSR,RAMSINGHPUR,NSG6,https://railway-stations-classification.pages.dev/
RNL,Ranala,NSG6,https://railway-stations-classification.pages.dev/
RWO,Ranavav,NSG6,https://railway-stations-classification.pages.dev/
RCJ,Ranayla Jasnia,NSG6,https://railway-stations-classification.pages.dev/
RDHP,Randhanpur,NSG6,https://railway-stations-classification.pages.dev/
RDBR,RANDIA BAUDPUR,NSG6,https://railway-stations-classification.pages.dev/
RXR,Rangapahar,NSG6,https://railway-stations-classification.pages.dev/
RNI,Rangapani,NSG6,https://railway-stations-classification.pages.dev/
RXRX,Rangaphar Crossing,NSG6,https://railway-stations-classification.pages.dev/
RGM,RANGAPURAM,NSG6,https://railway-stations-classification.pages.dev/
REPI,RANGEPALLI,NSG6,https://railway-stations-classification.pages.dev/
RGJI,Rangjuli,NSG6,https://railway-stations-classification.pages.dev/
RMH,RANGMAHAL,NSG6,https://railway-stations-classification.pages.dev/
RTG,Rangtonk,NSG6,https://railway-stations-classification.pages.dev/
RGBP,Ranigaidinliu,NSG6,https://railway-stations-classification.pages.dev/
RQJ,Raninagar Jalpaiguri,NSG6,https://railway-stations-classification.pages.dev/
RNX,Ranipatra,NSG6,https://railway-stations-classification.pages.dev/
RNRD,Ranipur Road,NSG6,https://railway-stations-classification.pages.dev/
RNTL,Ranital,NSG6,https://railway-stations-classification.pages.dev/
RNJD,Ranjangaon Road,NSG6,https://railway-stations-classification.pages.dev/
RNE,RANJANI,NSG6,https://railway-stations-classification.pages.dev/
RNO,Ranoli,NSG6,https://railway-stations-classification.pages.dev/
RUR,Ranpur,NSG6,https://railway-stations-classification.pages.dev/
RNB,RANPURA,NSG6,https://railway-stations-classification.pages.dev/
RTJ,Rantej,NSG6,https://railway-stations-classification.pages.dev/
RNT,RANTHAMBHOR,NSG6,https://railway-stations-classification.pages.dev/
RUJ,Ranuj,NSG6,https://railway-stations-classification.pages.dev/
RTI,Raoti,NSG6,https://railway-stations-classification.pages.dev/
RES,RASAULI,NSG6,https://railway-stations-classification.pages.dev/
RDK,RASHIDPUR KHORI,NSG6,https://railway-stations-classification.pages.dev/
RASP,Rasipuram,NSG6,https://railway-stations-classification.pages.dev/
RSM,Rasmara,NSG6,https://railway-stations-classification.pages.dev/
RYS,RASUIYA,NSG6,https://railway-stations-classification.pages.dev/
RUB,RASULABAD,NSG6,https://railway-stations-classification.pages.dev/
RPGU,Rasulpur gogamau,NSG6,https://railway-stations-classification.pages.dev/
RKK,RATANGARH KANAKWAL,NSG6,https://railway-stations-classification.pages.dev/
RPUR,RATANPUR,NSG6,https://railway-stations-classification.pages.dev/
RTP,Ratanpura,NSG6,https://railway-stations-classification.pages.dev/
RTU,Ratansarai,NSG6,https://railway-stations-classification.pages.dev/
RSH,RATANSHAHAR,NSG6,https://railway-stations-classification.pages.dev/
RDDE,RATHDHANA,NSG6,https://railway-stations-classification.pages.dev/
RKN,RatiKaNagla,NSG6,https://railway-stations-classification.pages.dev/
RIKA,RATIKHEDA,NSG6,https://railway-stations-classification.pages.dev/
RAU,Rau,NSG6,https://railway-stations-classification.pages.dev/
RWA,Rautara,NSG6,https://railway-stations-classification.pages.dev/
RZN,RAUZAGAON,NSG6,https://railway-stations-classification.pages.dev/
RVS,Ravanasamudram (FLAG),NSG6,https://railway-stations-classification.pages.dev/
RVKH,RAVINDRAKHANI,NSG6,https://railway-stations-classification.pages.dev/
RDT,RAVTHA ROAD,NSG6,https://railway-stations-classification.pages.dev/
RWJ,RAWANJNA DUNGAR,NSG6,https://railway-stations-classification.pages.dev/
RAY,Ray,NSG6,https://railway-stations-classification.pages.dev/
RAYA,Raya,NSG6,https://railway-stations-classification.pages.dev/
RY,Rayaka,NSG6,https://railway-stations-classification.pages.dev/
RYC,RAYAKKOTTAI,NSG6,https://railway-stations-classification.pages.dev/
RLO,RAYALCHERUVU,NSG6,https://railway-stations-classification.pages.dev/
RRU,Rayaru,NSG6,https://railway-stations-classification.pages.dev/
RECH,RECHNI ROAD,NSG6,https://railway-stations-classification.pages.dev/
REM,REDDIGUDEM,NSG6,https://railway-stations-classification.pages.dev/
RLL,REGADIPALLI,NSG6,https://railway-stations-classification.pages.dev/
REG,REGUPALEM,NSG6,https://railway-stations-classification.pages.dev/
RET,Rentiya,NSG6,https://railway-stations-classification.pages.dev/
RBK,REOTI BAHORA KHERA,NSG6,https://railway-stations-classification.pages.dev/
RTN,RETANG,NSG6,https://railway-stations-classification.pages.dev/
RRL,Rewral,NSG6,https://railway-stations-classification.pages.dev/
RBR,Ribada,NSG6,https://railway-stations-classification.pages.dev/
RCGT,Richughuda,NSG6,https://railway-stations-classification.pages.dev/
RIGA,Riga,NSG6,https://railway-stations-classification.pages.dev/
RDD,Rikhabdev road,NSG6,https://railway-stations-classification.pages.dev/
RSA,Risama,NSG6,https://railway-stations-classification.pages.dev/
RS,Risia,NSG6,https://railway-stations-classification.pages.dev/
REI,RITHI,NSG6,https://railway-stations-classification.pages.dev/
ROB,Robertson,NSG6,https://railway-stations-classification.pages.dev/
RLK,ROHAL KHURD,NSG6,https://railway-stations-classification.pages.dev/
RNA,ROHANA KALAN,NSG6,https://railway-stations-classification.pages.dev/
RT,ROHAT,NSG6,https://railway-stations-classification.pages.dev/
RLS,ROMANA ALBEL SINGH,NSG6,https://railway-stations-classification.pages.dev/
RXM,ROOMA,NSG6,https://railway-stations-classification.pages.dev/
RORA,Rora,NSG6,https://railway-stations-classification.pages.dev/
RRW,RORAN WALA,NSG6,https://railway-stations-classification.pages.dev/
RHN,Roshanpur,NSG6,https://railway-stations-classification.pages.dev/
RUL,ROULI,NSG6,https://railway-stations-classification.pages.dev/
RWTB,Rowta Bagan,NSG6,https://railway-stations-classification.pages.dev/
ROZA,ROZA JN,NSG6,https://railway-stations-classification.pages.dev/
RKD,Rukdi,NSG6,https://railway-stations-classification.pages.dev/
RMY,RUKMAPUR,NSG6,https://railway-stations-classification.pages.dev/
RUI,Rukni,NSG6,https://railway-stations-classification.pages.dev/
RDE,RUNDHI,NSG6,https://railway-stations-classification.pages.dev/
RNJ,Runija,NSG6,https://railway-stations-classification.pages.dev/
RNH,Runkhera,NSG6,https://railway-stations-classification.pages.dev/
RNKA,RUNKUTA,NSG6,https://railway-stations-classification.pages.dev/
RUSD,Runni Saidpur,NSG6,https://railway-stations-classification.pages.dev/
RPI,Rupaheli,NSG6,https://railway-stations-classification.pages.dev/
RUP,Rupaigaon,NSG6,https://railway-stations-classification.pages.dev/
RUM,RUPAMAU,NSG6,https://railway-stations-classification.pages.dev/
RPD,Rupaund,NSG6,https://railway-stations-classification.pages.dev/
RBS,RUPBAS,NSG6,https://railway-stations-classification.pages.dev/
RNPR,RUPNARAYANPUR,NSG6,https://railway-stations-classification.pages.dev/
RPRD,RUPRA ROAD,NSG6,https://railway-stations-classification.pages.dev/
SBL,Sabalgarh,NSG6,https://railway-stations-classification.pages.dev/
SBDP,Sabdalpur Jn,NSG6,https://railway-stations-classification.pages.dev/
SR,Sabli Road,NSG6,https://railway-stations-classification.pages.dev/
SBO,SABOUR,NSG6,https://railway-stations-classification.pages.dev/
SBRM,Sabroom,NSG6,https://railway-stations-classification.pages.dev/
SSPR,SADASHIBAPUR,NSG6,https://railway-stations-classification.pages.dev/
SSPD,SADASHIVPET ROAD,NSG6,https://railway-stations-classification.pages.dev/
SSZ,SADDA SINGHWALA,NSG6,https://railway-stations-classification.pages.dev/
SDY,SADHOO GARH,NSG6,https://railway-stations-classification.pages.dev/
SDE,Sadisopur,NSG6,https://railway-stations-classification.pages.dev/
SDUA,SADURA,NSG6,https://railway-stations-classification.pages.dev/
SGJ,SAFDARGANJ,NSG6,https://railway-stations-classification.pages.dev/
SFH,SAFEDABAD,NSG6,https://railway-stations-classification.pages.dev/
SFDE,SAFIDON,NSG6,https://railway-stations-classification.pages.dev/
SFPR,SAFIPUR,NSG6,https://railway-stations-classification.pages.dev/
SFR,Safrai,NSG6,https://railway-stations-classification.pages.dev/
SGDP,SAGADAPATA,NSG6,https://railway-stations-classification.pages.dev/
SAO,SAGAONI,NSG6,https://railway-stations-classification.pages.dev/
STE,Sagarakatte,NSG6,https://railway-stations-classification.pages.dev/
SAGM,SAGMA,NSG6,https://railway-stations-classification.pages.dev/
SOGR,Sagra,NSG6,https://railway-stations-classification.pages.dev/
SDG,Sahdai Buzurg,NSG6,https://railway-stations-classification.pages.dev/
SAHL,Saheli,NSG6,https://railway-stations-classification.pages.dev/
SAJH,Sahja Halt,NSG6,https://railway-stations-classification.pages.dev/
SWA,Sahjanwa,NSG6,https://railway-stations-classification.pages.dev/
SNL,SAHNEWAL Jn,NSG6,https://railway-stations-classification.pages.dev/
SYK,SAID KHANPUR,NSG6,https://railway-stations-classification.pages.dev/
SYJ,Saidraja,NSG6,https://railway-stations-classification.pages.dev/
SQJ,SAILA KHURD,NSG6,https://railway-stations-classification.pages.dev/
SFC,SAINTALA,NSG6,https://railway-stations-classification.pages.dev/
SYH,Saiyedpur Bhitri,NSG6,https://railway-stations-classification.pages.dev/
SJRR,Sajerpar,NSG6,https://railway-stations-classification.pages.dev/
SJM,SAJUMA,NSG6,https://railway-stations-classification.pages.dev/
SLD,Sakaldiha,NSG6,https://railway-stations-classification.pages.dev/
SKAR,SAKARIYA,NSG6,https://railway-stations-classification.pages.dev/
SHYP,Sakharayapatna,NSG6,https://railway-stations-classification.pages.dev/
SIL,SAKHI GOPAL,NSG6,https://railway-stations-classification.pages.dev/
SK,SAKHUN,NSG6,https://railway-stations-classification.pages.dev/
SLJ,SAKRIGALI,NSG6,https://railway-stations-classification.pages.dev/
SKGH,SAKTESH GARH,NSG6,https://railway-stations-classification.pages.dev/
SLBN,Salai Banwa,NSG6,https://railway-stations-classification.pages.dev/
SYA,SALAIA,NSG6,https://railway-stations-classification.pages.dev/
SLKX,Salakati,NSG6,https://railway-stations-classification.pages.dev/
SMT,SALAMATPUR,NSG6,https://railway-stations-classification.pages.dev/
SPAK,SALAMPURA ARNIYA KHURD,NSG6,https://railway-stations-classification.pages.dev/
SLS,SALANPUR,NSG6,https://railway-stations-classification.pages.dev/
SLRP,SALARPUR,NSG6,https://railway-stations-classification.pages.dev/
SZ,SALAWAS,NSG6,https://railway-stations-classification.pages.dev/
SXX,Salbari,NSG6,https://railway-stations-classification.pages.dev/
SLB,Salboni,NSG6,https://railway-stations-classification.pages.dev/
SCA,Salchapra,NSG6,https://railway-stations-classification.pages.dev/
SQQ,SALEGAON,NSG6,https://railway-stations-classification.pages.dev/
SKS,Salekasa,NSG6,https://railway-stations-classification.pages.dev/
SAMT,Salem market,NSG6,https://railway-stations-classification.pages.dev/
SLHA,SALHANA,NSG6,https://railway-stations-classification.pages.dev/
SCKR,SALICHAUKA ROAD,NSG6,https://railway-stations-classification.pages.dev/
SMBH,Salimpur Bihar,NSG6,https://railway-stations-classification.pages.dev/
SMM,Saliyamangalam,NSG6,https://railway-stations-classification.pages.dev/
SLKR,Salka Road,NSG6,https://railway-stations-classification.pages.dev/
SRI,Salmari,NSG6,https://railway-stations-classification.pages.dev/
SLR,SALOGRA,NSG6,https://railway-stations-classification.pages.dev/
SLON,Salona,NSG6,https://railway-stations-classification.pages.dev/
SLP,Salpa,NSG6,https://railway-stations-classification.pages.dev/
SYL,SALPURA,NSG6,https://railway-stations-classification.pages.dev/
SAL,Salwa,NSG6,https://railway-stations-classification.pages.dev/
SMLA,Samalaya,NSG6,https://railway-stations-classification.pages.dev/
SAMN,Samani,NSG6,https://railway-stations-classification.pages.dev/
SMF,SAMAR GOPALPUR,NSG6,https://railway-stations-classification.pages.dev/
SER,Samayanallur,NSG6,https://railway-stations-classification.pages.dev/
SMBX,SAMBA,NSG6,https://railway-stations-classification.pages.dev/
SHTS,SAMBAHAL HATIM SARAI,NSG6,https://railway-stations-classification.pages.dev/
SBR,SAMBHAR LAKE,NSG6,https://railway-stations-classification.pages.dev/
SMU,SAMBHU,NSG6,https://railway-stations-classification.pages.dev/
SXB,SAMBRE,NSG6,https://railway-stations-classification.pages.dev/
SHW,SAMHON,NSG6,https://railway-stations-classification.pages.dev/
SMLT,SAMLOTI,NSG6,https://railway-stations-classification.pages.dev/
SMC,Samnapur,NSG6,https://railway-stations-classification.pages.dev/
SPGR,SAMPIGE ROAD,NSG6,https://railway-stations-classification.pages.dev/
SMRL,SAMRALA,NSG6,https://railway-stations-classification.pages.dev/
DSVS,SAMUDHRAVALLI,NSG6,https://railway-stations-classification.pages.dev/
SMTA,Samuktala Road,NSG6,https://railway-stations-classification.pages.dev/
SAU,Sanand,NSG6,https://railway-stations-classification.pages.dev/
SWD,Sanawad,NSG6,https://railway-stations-classification.pages.dev/
SLKN,SANDAL KALAN,NSG6,https://railway-stations-classification.pages.dev/
SDSL,Sandasal,NSG6,https://railway-stations-classification.pages.dev/
SNX,SANEH ROAD,NSG6,https://railway-stations-classification.pages.dev/
SGDN,SANGALDAN,NSG6,https://railway-stations-classification.pages.dev/
SJL,SANGAM JAGARLAMUDI,NSG6,https://railway-stations-classification.pages.dev/
SGRR,SANGAR,NSG6,https://railway-stations-classification.pages.dev/
SGF,SANGAT,NSG6,https://railway-stations-classification.pages.dev/
SAC,Sanichara,NSG6,https://railway-stations-classification.pages.dev/
SJMA,SANJAMALA,NSG6,https://railway-stations-classification.pages.dev/
SANK,Sank,NSG6,https://railway-stations-classification.pages.dev/
SNKR,Sanka,NSG6,https://railway-stations-classification.pages.dev/
SNQ,SANKARPUR,NSG6,https://railway-stations-classification.pages.dev/
SKVL,SANKVAL,NSG6,https://railway-stations-classification.pages.dev/
SNSR,Sanosara,NSG6,https://railway-stations-classification.pages.dev/
SOA,Sanosara,NSG6,https://railway-stations-classification.pages.dev/
SAT,Sant Road,NSG6,https://railway-stations-classification.pages.dev/
SNLR,Santal Pur,NSG6,https://railway-stations-classification.pages.dev/
SNTD,Santaldih,NSG6,https://railway-stations-classification.pages.dev/
SAB,SANTAMGULURU,NSG6,https://railway-stations-classification.pages.dev/
STRB,Santir Bazar,NSG6,https://railway-stations-classification.pages.dev/
SONR,Saoner,NSG6,https://railway-stations-classification.pages.dev/
SPX,Sapatgram,NSG6,https://railway-stations-classification.pages.dev/
SPK,Sapekhati,NSG6,https://railway-stations-classification.pages.dev/
SDH,Saradhana,NSG6,https://railway-stations-classification.pages.dev/
SRBA,Saragbundia,NSG6,https://railway-stations-classification.pages.dev/
SAI,Sarai,NSG6,https://railway-stations-classification.pages.dev/
SBJ,SARAI BANJARA,NSG6,https://railway-stations-classification.pages.dev/
SB,SARAI BHOPAT,NSG6,https://railway-stations-classification.pages.dev/
SYC,SARAI CHANDI,NSG6,https://railway-stations-classification.pages.dev/
SVZ,SARAI HARKHU,NSG6,https://railway-stations-classification.pages.dev/
SQN,SARAI KANSARAI,NSG6,https://railway-stations-classification.pages.dev/
SRGR,Saraigarh,NSG6,https://railway-stations-classification.pages.dev/
SFW,SARANGPUR,NSG6,https://railway-stations-classification.pages.dev/
SAPR,Sarangpur Rd,NSG6,https://railway-stations-classification.pages.dev/
SYU,Sarayan,NSG6,https://railway-stations-classification.pages.dev/
SBRA,Sarbahara,NSG6,https://railway-stations-classification.pages.dev/
SDGM,Sardargram,NSG6,https://railway-stations-classification.pages.dev/
SANR,Sardarnagar,NSG6,https://railway-stations-classification.pages.dev/
SRDR,SARDARSAHAR,NSG6,https://railway-stations-classification.pages.dev/
SUA,Sardiha,NSG6,https://railway-stations-classification.pages.dev/
SSSR,Sareri,NSG6,https://railway-stations-classification.pages.dev/
SGV,SARGACHHI,NSG6,https://railway-stations-classification.pages.dev/
SRGP,SARGIPALI,NSG6,https://railway-stations-classification.pages.dev/
SUJ,Sarju,NSG6,https://railway-stations-classification.pages.dev/
SKNP,Sarkanpur,NSG6,https://railway-stations-classification.pages.dev/
SIQ,SARKONI,NSG6,https://railway-stations-classification.pages.dev/
SMND,Sarmatanr,NSG6,https://railway-stations-classification.pages.dev/
SRM,SARNA,NSG6,https://railway-stations-classification.pages.dev/
SOJ,SAROJINI NAGAR,NSG6,https://railway-stations-classification.pages.dev/
SRL,Sarola,NSG6,https://railway-stations-classification.pages.dev/
SZB,Sarona,NSG6,https://railway-stations-classification.pages.dev/
SZA,Sarotraroad,NSG6,https://railway-stations-classification.pages.dev/
SSW,SARSAWA,NSG6,https://railway-stations-classification.pages.dev/
SRSI,Sarsi,NSG6,https://railway-stations-classification.pages.dev/
SSKI,Sarsoki,NSG6,https://railway-stations-classification.pages.dev/
SRPR,SARUPSAR JN,NSG6,https://railway-stations-classification.pages.dev/
SVD,SARWARI,NSG6,https://railway-stations-classification.pages.dev/
SLU,Sasalu,NSG6,https://railway-stations-classification.pages.dev/
SSU,Sasamusa,NSG6,https://railway-stations-classification.pages.dev/
SASG,Sasangir,NSG6,https://railway-stations-classification.pages.dev/
SNS,SASNI,NSG6,https://railway-stations-classification.pages.dev/
SSN,SASON,NSG6,https://railway-stations-classification.pages.dev/
SSV,Saswad Road,NSG6,https://railway-stations-classification.pages.dev/
SZF,Satbahini,NSG6,https://railway-stations-classification.pages.dev/
STJT,Sathajagat,NSG6,https://railway-stations-classification.pages.dev/
SAHI,Sathi,NSG6,https://railway-stations-classification.pages.dev/
SAA,Sathiaon,NSG6,https://railway-stations-classification.pages.dev/
SWF,SATHIN ROAD,NSG6,https://railway-stations-classification.pages.dev/
SNIE,SATHNARAINI,NSG6,https://railway-stations-classification.pages.dev/
SUT,SATLANA,NSG6,https://railway-stations-classification.pages.dev/
STD,SATROD,NSG6,https://railway-stations-classification.pages.dev/
SQD,Sattirakkudi,NSG6,https://railway-stations-classification.pages.dev/
STUR,SATULUR,NSG6,https://railway-stations-classification.pages.dev/
SCO,SATUNA,NSG6,https://railway-stations-classification.pages.dev/
SNH,SAUNSHI,NSG6,https://railway-stations-classification.pages.dev/
SYM,SAVALYAPURAM,NSG6,https://railway-stations-classification.pages.dev/
SVNR,SAVANUR,NSG6,https://railway-stations-classification.pages.dev/
SAV,Savda,NSG6,https://railway-stations-classification.pages.dev/
SVB,Savni,NSG6,https://railway-stations-classification.pages.dev/
SVG,SAWALGI,NSG6,https://railway-stations-classification.pages.dev/
SYN,Sayan,NSG6,https://railway-stations-classification.pages.dev/
SYWN,SAYIED SARAWAN,NSG6,https://railway-stations-classification.pages.dev/
SNM,SEETHANAGARAM,NSG6,https://railway-stations-classification.pages.dev/
SW,Sehramau,NSG6,https://railway-stations-classification.pages.dev/
SEQ,SEKHA,NSG6,https://railway-stations-classification.pages.dev/
SLX,Selenghat,NSG6,https://railway-stations-classification.pages.dev/
SLOR,Seloo Road,NSG6,https://railway-stations-classification.pages.dev/
SRKI,SEMAKHEDI,NSG6,https://railway-stations-classification.pages.dev/
SES,Semari,NSG6,https://railway-stations-classification.pages.dev/
SRA,Semra,NSG6,https://railway-stations-classification.pages.dev/
SCE,Senchoa Jn,NSG6,https://railway-stations-classification.pages.dev/
SEU,Sendra,NSG6,https://railway-stations-classification.pages.dev/
SNDI,Sendurai,NSG6,https://railway-stations-classification.pages.dev/
SXR,Serndanur,NSG6,https://railway-stations-classification.pages.dev/
STH,Sethal,NSG6,https://railway-stations-classification.pages.dev/
SF,SETTIGUNTA,NSG6,https://railway-stations-classification.pages.dev/
SET,SETTIHALLI,NSG6,https://railway-stations-classification.pages.dev/
SVL,Sevaliya,NSG6,https://railway-stations-classification.pages.dev/
SVUR,Sevur,NSG6,https://railway-stations-classification.pages.dev/
SWNR,SEWA NAGAR,NSG6,https://railway-stations-classification.pages.dev/
SWE,SEWAITH,NSG6,https://railway-stations-classification.pages.dev/
SWPR,SEWAPURI,NSG6,https://railway-stations-classification.pages.dev/
SWAR,SEWAR,NSG6,https://railway-stations-classification.pages.dev/
SDNR,Seydunganallur,NSG6,https://railway-stations-classification.pages.dev/
SHDR,SHADHORAGAON,NSG6,https://railway-stations-classification.pages.dev/
SHDM,SHAHABAD MARKANDA,NSG6,https://railway-stations-classification.pages.dev/
SMDP,SHAHABAD MUHAMMADPUR,NSG6,https://railway-stations-classification.pages.dev/
SZN,Shahbaznagar,NSG6,https://railway-stations-classification.pages.dev/
SG,Shahgarh,NSG6,https://railway-stations-classification.pages.dev/
SSC,Shahi,NSG6,https://railway-stations-classification.pages.dev/
SAR,SHAHZAD NAGAR,NSG6,https://railway-stations-classification.pages.dev/
STSN,SHAITANSINGHANAGAR,NSG6,https://railway-stations-classification.pages.dev/
SCQ,SHAM CHAURASI,NSG6,https://railway-stations-classification.pages.dev/
SMKR,Sham Kauria,NSG6,https://railway-stations-classification.pages.dev/
SMP,Shambupura,NSG6,https://railway-stations-classification.pages.dev/
SJS,Shamlaji Road,NSG6,https://railway-stations-classification.pages.dev/
SSDT,SHAMSHABAD TOWN,NSG6,https://railway-stations-classification.pages.dev/
SBTJ,SHANIDEV DHAM BISHNATHGANJ,NSG6,https://railway-stations-classification.pages.dev/
SQK,SHANKAR,NSG6,https://railway-stations-classification.pages.dev/
SANI,Shanki,NSG6,https://railway-stations-classification.pages.dev/
SIGA,SHANTHIGRAMA,NSG6,https://railway-stations-classification.pages.dev/
SHH,Shapur,NSG6,https://railway-stations-classification.pages.dev/
SED,SHEDBAL,NSG6,https://railway-stations-classification.pages.dev/
SEI,SHENDRI,NSG6,https://railway-stations-classification.pages.dev/
SNE,Shenoli,NSG6,https://railway-stations-classification.pages.dev/
SOE,Sheopur Kalan,NSG6,https://railway-stations-classification.pages.dev/
SRKN,SHEREKAN,NSG6,https://railway-stations-classification.pages.dev/
SGA,SHERGARH,NSG6,https://railway-stations-classification.pages.dev/
SBW,Shewbabudih,NSG6,https://railway-stations-classification.pages.dev/
SKY,Shikara,NSG6,https://railway-stations-classification.pages.dev/
SHIV,Shindawane,NSG6,https://railway-stations-classification.pages.dev/
SHF,Shirud,NSG6,https://railway-stations-classification.pages.dev/
SIW,Shirwade,NSG6,https://railway-stations-classification.pages.dev/
SSG,Shiu Sagar Road,NSG6,https://railway-stations-classification.pages.dev/
CSB,SHIVAJI BRIDGE,NSG6,https://railway-stations-classification.pages.dev/
SHV,Shivani,NSG6,https://railway-stations-classification.pages.dev/
SAS,SHIVDASPURA PADAMPURA,NSG6,https://railway-stations-classification.pages.dev/
SHNG,SHIVNAGAR,NSG6,https://railway-stations-classification.pages.dev/
SVW,SHIVNI SHIVAPUR,NSG6,https://railway-stations-classification.pages.dev/
SOP,SHIVPUR,NSG6,https://railway-stations-classification.pages.dev/
SWC,Shivrampur,NSG6,https://railway-stations-classification.pages.dev/
SGS,SHOGHI,NSG6,https://railway-stations-classification.pages.dev/
SHLK,SHOLAKA,NSG6,https://railway-stations-classification.pages.dev/
SIM,Shri Amirgarh,NSG6,https://railway-stations-classification.pages.dev/
SBLJ,SHRI BALAJI,NSG6,https://railway-stations-classification.pages.dev/
SHGN,SHRI GHASI NAGAR,NSG6,https://railway-stations-classification.pages.dev/
SKPA,SHRI KALYANPURA,NSG6,https://railway-stations-classification.pages.dev/
NGZ,Shri Kshetra Nagjhari,NSG6,https://railway-stations-classification.pages.dev/
SIBR,Shribar,NSG6,https://railway-stations-classification.pages.dev/
SBLT,SHRIBHADRIYA LATHI,NSG6,https://railway-stations-classification.pages.dev/
SGND,Shrigonda Road,NSG6,https://railway-stations-classification.pages.dev/
SUP,SHRUNGAVARAPUKOTA,NSG6,https://railway-stations-classification.pages.dev/
SJT,SHUJATPUR,NSG6,https://railway-stations-classification.pages.dev/
SIE,SIDDAMPALLI,NSG6,https://railway-stations-classification.pages.dev/
SIPT,SIDDIPET,NSG6,https://railway-stations-classification.pages.dev/
SQW,Sidhwalia,NSG6,https://railway-stations-classification.pages.dev/
SDWR,Sidhwar^^,NSG6,https://railway-stations-classification.pages.dev/
IDT,SIDLAGHATTA,NSG6,https://railway-stations-classification.pages.dev/
SDMK,SIDMUKH,NSG6,https://railway-stations-classification.pages.dev/
SGDM,SIGDAM,NSG6,https://railway-stations-classification.pages.dev/
SQS,Sigsigi,NSG6,https://railway-stations-classification.pages.dev/
SIHO,Siho,NSG6,https://railway-stations-classification.pages.dev/
SIJU,SIJU,NSG6,https://railway-stations-classification.pages.dev/
SJA,Sijua,NSG6,https://railway-stations-classification.pages.dev/
SKQ,SIKANDAR PUR,NSG6,https://railway-stations-classification.pages.dev/
SKIP,SIKARIPARA,NSG6,https://railway-stations-classification.pages.dev/
SKPI,SIKARPAI,NSG6,https://railway-stations-classification.pages.dev/
SFK,SIKIR,NSG6,https://railway-stations-classification.pages.dev/
SIKD,Sikroda Kwanri,NSG6,https://railway-stations-classification.pages.dev/
STF,Sikta,NSG6,https://railway-stations-classification.pages.dev/
ILA,Silaiman,NSG6,https://railway-stations-classification.pages.dev/
SZY,SILAKJHORI,NSG6,https://railway-stations-classification.pages.dev/
SOB,Silanibari,NSG6,https://railway-stations-classification.pages.dev/
SILO,Silao,NSG6,https://railway-stations-classification.pages.dev/
SLT,Silaut,NSG6,https://railway-stations-classification.pages.dev/
SHTT,Silghat Town,NSG6,https://railway-stations-classification.pages.dev/
SLTH,Sillakkudi,NSG6,https://railway-stations-classification.pages.dev/
SLF,Silli,NSG6,https://railway-stations-classification.pages.dev/
SILP,SILPARA,NSG6,https://railway-stations-classification.pages.dev/
SGUT,Siluguri Town,NSG6,https://railway-stations-classification.pages.dev/
SLH,Silyari,NSG6,https://railway-stations-classification.pages.dev/
SMBL,SIMBHOOLI,NSG6,https://railway-stations-classification.pages.dev/
SMCP,Simen Chapari,NSG6,https://railway-stations-classification.pages.dev/
SMLG,SIMILIGUDA,NSG6,https://railway-stations-classification.pages.dev/
SMH,Simraha,NSG6,https://railway-stations-classification.pages.dev/
SYE,Sindewahi,NSG6,https://railway-stations-classification.pages.dev/
SNNR,SINDHANUR,NSG6,https://railway-stations-classification.pages.dev/
SDD,Sindhavadar,NSG6,https://railway-stations-classification.pages.dev/
SNI,Sindi,NSG6,https://railway-stations-classification.pages.dev/
SDBH,Sindri Block Hut,NSG6,https://railway-stations-classification.pages.dev/
SNDT,Sindri Town,NSG6,https://railway-stations-classification.pages.dev/
SFZ,SINDURIA-KACHARI,NSG6,https://railway-stations-classification.pages.dev/
SYW,SINDURWAN,NSG6,https://railway-stations-classification.pages.dev/
SPRD,SINGAPUR ROAD,NSG6,https://railway-stations-classification.pages.dev/
SNGM,SINGARAMBHA,NSG6,https://railway-stations-classification.pages.dev/
SGW,Singawal,NSG6,https://railway-stations-classification.pages.dev/
SQB,Singhabad,NSG6,https://railway-stations-classification.pages.dev/
SIPA,Singhopokharia,NSG6,https://railway-stations-classification.pages.dev/
SNGP,Singhpur,NSG6,https://railway-stations-classification.pages.dev/
SPDM,Singhpurdumra,NSG6,https://railway-stations-classification.pages.dev/
SNCA,Singra,NSG6,https://railway-stations-classification.pages.dev/
SRY,Sirari,NSG6,https://railway-stations-classification.pages.dev/
SRAS,SIRAS,NSG6,https://railway-stations-classification.pages.dev/
SIRD,SIRD,NSG6,https://railway-stations-classification.pages.dev/
SRPM,SIRIPURAM,NSG6,https://railway-stations-classification.pages.dev/
SRJM,Sirjam,NSG6,https://railway-stations-classification.pages.dev/
SIF,SIRLI,NSG6,https://railway-stations-classification.pages.dev/
SRMT,SIRMUTTRA,NSG6,https://railway-stations-classification.pages.dev/
SCP,SIRNAPALLI,NSG6,https://railway-stations-classification.pages.dev/
SRUR,SIRPUR TOWN,NSG6,https://railway-stations-classification.pages.dev/
SSL,SIRSAUL,NSG6,https://railway-stations-classification.pages.dev/
SS,Sirsoli,NSG6,https://railway-stations-classification.pages.dev/
SSKA,SISARKA,NSG6,https://railway-stations-classification.pages.dev/
STBJ,SITABANJI,NSG6,https://railway-stations-classification.pages.dev/
STLR,Sitalpur,NSG6,https://railway-stations-classification.pages.dev/
SPC,SITAPUR CITYJN,NSG6,https://railway-stations-classification.pages.dev/
SEV,Sithalavai (FLAG),NSG6,https://railway-stations-classification.pages.dev/
STLI,Sithouli,NSG6,https://railway-stations-classification.pages.dev/
SZV,SIVADI,NSG6,https://railway-stations-classification.pages.dev/
SPV,Sivapur,NSG6,https://railway-stations-classification.pages.dev/
SVQ,Sivok,NSG6,https://railway-stations-classification.pages.dev/
SVN,SIVUNGAON,NSG6,https://railway-stations-classification.pages.dev/
SWDE,SIWAHA,NSG6,https://railway-stations-classification.pages.dev/
SWNI,SIWANI,NSG6,https://railway-stations-classification.pages.dev/
SBD,SLEEMANABAD RAOD,NSG6,https://railway-stations-classification.pages.dev/
SOHL,SOHAL,NSG6,https://railway-stations-classification.pages.dev/
SAWN,SOHANSRA,NSG6,https://railway-stations-classification.pages.dev/
SLW,SOHAWAL,NSG6,https://railway-stations-classification.pages.dev/
SJTR,Sojitra,NSG6,https://railway-stations-classification.pages.dev/
SGM,Solagampatti,NSG6,https://railway-stations-classification.pages.dev/
SOL,SOLAN,NSG6,https://railway-stations-classification.pages.dev/
SLZ,SOLARI,NSG6,https://railway-stations-classification.pages.dev/
SOLR,SOLUR,NSG6,https://railway-stations-classification.pages.dev/
SLM,SOMALAPURAM,NSG6,https://railway-stations-classification.pages.dev/
SKPT,SOMANAYAKANAPATTI,NSG6,https://railway-stations-classification.pages.dev/
SNO,Somanur,NSG6,https://railway-stations-classification.pages.dev/
SDV,SOMIDEVIPALLE,NSG6,https://railway-stations-classification.pages.dev/
SOM,SOMNA,NSG6,https://railway-stations-classification.pages.dev/
SOPR,Somna Prahpur,NSG6,https://railway-stations-classification.pages.dev/
SOQ,SOMPUR,NSG6,https://railway-stations-classification.pages.dev/
SMNE,Somtane,NSG6,https://railway-stations-classification.pages.dev/
SEB,Son Nagar Jn,NSG6,https://railway-stations-classification.pages.dev/
SSCR,SONACHARA,NSG6,https://railway-stations-classification.pages.dev/
SAD,Sonada,NSG6,https://railway-stations-classification.pages.dev/
SVH,SONADANGA,NSG6,https://railway-stations-classification.pages.dev/
SOR,Sonagir,NSG6,https://railway-stations-classification.pages.dev/
SYZ,Sonai,NSG6,https://railway-stations-classification.pages.dev/
SXN,Sonakhan,NSG6,https://railway-stations-classification.pages.dev/
SI,Sonali,NSG6,https://railway-stations-classification.pages.dev/
SONA,Sonamukhi,NSG6,https://railway-stations-classification.pages.dev/
SBM,Sonbarsa Kachahari,NSG6,https://railway-stations-classification.pages.dev/
SNV,Sondad,NSG6,https://railway-stations-classification.pages.dev/
SNN,Sonegaon,NSG6,https://railway-stations-classification.pages.dev/
SNPU,SONEPUR,NSG6,https://railway-stations-classification.pages.dev/
SIC,SONIC,NSG6,https://railway-stations-classification.pages.dev/
SNYN,Soniyana,NSG6,https://railway-stations-classification.pages.dev/
SNKB,Sonkhamb,NSG6,https://railway-stations-classification.pages.dev/
SQL,SONTALAI,NSG6,https://railway-stations-classification.pages.dev/
SWR,Sonua,NSG6,https://railway-stations-classification.pages.dev/
SNBR,Sonuabari,NSG6,https://railway-stations-classification.pages.dev/
SWO,SONWARA,NSG6,https://railway-stations-classification.pages.dev/
SBE,Sorbhog,NSG6,https://railway-stations-classification.pages.dev/
SPQ,Sorupeta,NSG6,https://railway-stations-classification.pages.dev/
SBBJ,SRI BALA BRAMESHWARA JOGULAMABA,NSG6,https://railway-stations-classification.pages.dev/
SBNR,SRI VIJAINAGAR,NSG6,https://railway-stations-classification.pages.dev/
SNAR,SRINAGAR,NSG6,https://railway-stations-classification.pages.dev/
SVS,SRINIVASPURA,NSG6,https://railway-stations-classification.pages.dev/
SRPN,Sripani,NSG6,https://railway-stations-classification.pages.dev/
SPGN,Sripuriagaon,NSG6,https://railway-stations-classification.pages.dev/
SAGR,SRIRAJ NAGAR,NSG6,https://railway-stations-classification.pages.dev/
SRNR,SRIRAMNAGAR,NSG6,https://railway-stations-classification.pages.dev/
SRPB,Srirampur (Assam),NSG6,https://railway-stations-classification.pages.dev/
SRMR,SRIRAMPURAM,NSG6,https://railway-stations-classification.pages.dev/
SVV,Srivaikuntam,NSG6,https://railway-stations-classification.pages.dev/
SPF,STUARTPURAM,NSG6,https://railway-stations-classification.pages.dev/
SUBR,Subhagpur,NSG6,https://railway-stations-classification.pages.dev/
SHN,SUCHAN KOTLI,NSG6,https://railway-stations-classification.pages.dev/
SCPD,SUCHIPIND Jn,NSG6,https://railway-stations-classification.pages.dev/
SDMD,Sudamdih,NSG6,https://railway-stations-classification.pages.dev/
SUD,Sudhani,NSG6,https://railway-stations-classification.pages.dev/
SDRA,SUDHRANA,NSG6,https://railway-stations-classification.pages.dev/
SUX,Sudiyur,NSG6,https://railway-stations-classification.pages.dev/
SDF,SUDSAR,NSG6,https://railway-stations-classification.pages.dev/
SSIA,Suisa,NSG6,https://railway-stations-classification.pages.dev/
SJNP,SUJANPUR,NSG6,https://railway-stations-classification.pages.dev/
SUW,SUKHI SEWANIYAN,NSG6,https://railway-stations-classification.pages.dev/
SKHV,Sukhovi,NSG6,https://railway-stations-classification.pages.dev/
SKND,SUKINDA ROAD,NSG6,https://railway-stations-classification.pages.dev/
SN,Sukna,NSG6,https://railway-stations-classification.pages.dev/
SOY,Sukrimangela,NSG6,https://railway-stations-classification.pages.dev/
SQF,Sukritipur,NSG6,https://railway-stations-classification.pages.dev/
SUKU,SUKU,NSG6,https://railway-stations-classification.pages.dev/
SLHP,SULAH HIMACHAL,NSG6,https://railway-stations-classification.pages.dev/
SUL,SULDHAL,NSG6,https://railway-stations-classification.pages.dev/
SBH,SULEBHAVI,NSG6,https://railway-stations-classification.pages.dev/
SGRE,SULGARE,NSG6,https://railway-stations-classification.pages.dev/
STBD,SULTANABAD,NSG6,https://railway-stations-classification.pages.dev/
SQR,SULTANPUR LODHI,NSG6,https://railway-stations-classification.pages.dev/
SUU,Sulur road,NSG6,https://railway-stations-classification.pages.dev/
SMV,Sumaoli,NSG6,https://railway-stations-classification.pages.dev/
SMBR,SUMBER,NSG6,https://railway-stations-classification.pages.dev/
SUMR,SUMER,NSG6,https://railway-stations-classification.pages.dev/
SUDV,SUMMADEVI,NSG6,https://railway-stations-classification.pages.dev/
SHZ,SUMMER HILL,NSG6,https://railway-stations-classification.pages.dev/
SUM,Summit,NSG6,https://railway-stations-classification.pages.dev/
SMRR,SUMRERI,NSG6,https://railway-stations-classification.pages.dev/
SPL,Sundaraperumal Koil,NSG6,https://railway-stations-classification.pages.dev/
SDAM,Sundhiamau,NSG6,https://railway-stations-classification.pages.dev/
SDLK,SUNDLAK,NSG6,https://railway-stations-classification.pages.dev/
SUPP,SUPPALAPADU,NSG6,https://railway-stations-classification.pages.dev/
SRX,SURANUSSI,NSG6,https://railway-stations-classification.pages.dev/
SDM,SURAREDDIPALEM,NSG6,https://railway-stations-classification.pages.dev/
SSGJ,SURASARAIGHAT-JHARA,NSG6,https://railway-stations-classification.pages.dev/
SURP,SURATPURA JN,NSG6,https://railway-stations-classification.pages.dev/
SGBJ,SURGAON BANJARI,NSG6,https://railway-stations-classification.pages.dev/
SJKL,Surjakamal,NSG6,https://railway-stations-classification.pages.dev/
SLRD,SURLA ROAD,NSG6,https://railway-stations-classification.pages.dev/
SPO,SURPURA,NSG6,https://railway-stations-classification.pages.dev/
SBGB,Sutei Badagan,NSG6,https://railway-stations-classification.pages.dev/
SWS,SUWANSA,NSG6,https://railway-stations-classification.pages.dev/
SDLE,SWADINPUR,NSG6,https://railway-stations-classification.pages.dev/
SNC,Swaminarayan Chapia,NSG6,https://railway-stations-classification.pages.dev/
SRPJ,Swarup Ganj,NSG6,https://railway-stations-classification.pages.dev/
TADA,Tada,NSG6,https://railway-stations-classification.pages.dev/
TAE,Tadali,NSG6,https://railway-stations-classification.pages.dev/
TPY,TADIKALPUDI,NSG6,https://railway-stations-classification.pages.dev/
TAA,TADLAPUSAPALLI,NSG6,https://railway-stations-classification.pages.dev/
TDK,Tadoki,NSG6,https://railway-stations-classification.pages.dev/
TDK,Taduku,NSG6,https://railway-stations-classification.pages.dev/
TVL,TADWAL,NSG6,https://railway-stations-classification.pages.dev/
TID,Tagdi,NSG6,https://railway-stations-classification.pages.dev/
TJSP,TAJ SULTANPUR,NSG6,https://railway-stations-classification.pages.dev/
TJP,Tajpur,NSG6,https://railway-stations-classification.pages.dev/
TKR,Takari,NSG6,https://railway-stations-classification.pages.dev/
TKHE,Takarkhede,NSG6,https://railway-stations-classification.pages.dev/
TKP,TAKIPUR,NSG6,https://railway-stations-classification.pages.dev/
TKI,Takli,NSG6,https://railway-stations-classification.pages.dev/
TSL,TAKSAL,NSG6,https://railway-stations-classification.pages.dev/
TAKU,Taku,NSG6,https://railway-stations-classification.pages.dev/
TABU,Talaburu,NSG6,https://railway-stations-classification.pages.dev/
TAY,Talaiyuthu,NSG6,https://railway-stations-classification.pages.dev/
TLKH,TALAKHAJURI,NSG6,https://railway-stations-classification.pages.dev/
THKU,Talaku,NSG6,https://railway-stations-classification.pages.dev/
TAV,Talala Jn,NSG6,https://railway-stations-classification.pages.dev/
TMD,TALAMADLA,NSG6,https://railway-stations-classification.pages.dev/
TLNR,Talanallur,NSG6,https://railway-stations-classification.pages.dev/
TLRA,TALARA,NSG6,https://railway-stations-classification.pages.dev/
TLZ,TALAVLI,NSG6,https://railway-stations-classification.pages.dev/
TLC,TALCHHAPAR,NSG6,https://railway-stations-classification.pages.dev/
TLE,Talgaria,NSG6,https://railway-stations-classification.pages.dev/
THJ,TALHERI BAZURG,NSG6,https://railway-stations-classification.pages.dev/
TIT,TALIT,NSG6,https://railway-stations-classification.pages.dev/
TLJ,TALJHARI,NSG6,https://railway-stations-classification.pages.dev/
TSS,TALLI SAIDA SAHU,NSG6,https://railway-stations-classification.pages.dev/
TLN,Talni,NSG6,https://railway-stations-classification.pages.dev/
TOD,Talod,NSG6,https://railway-stations-classification.pages.dev/
TUD,Talodhi road,NSG6,https://railway-stations-classification.pages.dev/
TLV,TALVADYA,NSG6,https://railway-stations-classification.pages.dev/
TWB,TALWANDI,NSG6,https://railway-stations-classification.pages.dev/
TLI,TALWARA JHIL,NSG6,https://railway-stations-classification.pages.dev/
TMP,Tamaraipadi,NSG6,https://railway-stations-classification.pages.dev/
TAO,Tamna,NSG6,https://railway-stations-classification.pages.dev/
TMA,Tamuria,NSG6,https://railway-stations-classification.pages.dev/
TKU,TANAKALLU,NSG6,https://railway-stations-classification.pages.dev/
TDO,TANDA URMAR,NSG6,https://railway-stations-classification.pages.dev/
TNI,Tandarai,NSG6,https://railway-stations-classification.pages.dev/
TDRD,Tandaroad,NSG6,https://railway-stations-classification.pages.dev/
TNGN,Tangani,NSG6,https://railway-stations-classification.pages.dev/
TGM,Tangarmunda,NSG6,https://railway-stations-classification.pages.dev/
TGRL,TANGIRIAPAL,NSG6,https://railway-stations-classification.pages.dev/
TRA,TANGRA,NSG6,https://railway-stations-classification.pages.dev/
TGB,Tangrabasuli,NSG6,https://railway-stations-classification.pages.dev/
TNR,TANGUTURU,NSG6,https://railway-stations-classification.pages.dev/
TKN,Tankuppa,NSG6,https://railway-stations-classification.pages.dev/
TPO,TANTPUR,NSG6,https://railway-stations-classification.pages.dev/
TAPA,TAPA,NSG6,https://railway-stations-classification.pages.dev/
TAP,TAPANG,NSG6,https://railway-stations-classification.pages.dev/
TOP,TAPASI,NSG6,https://railway-stations-classification.pages.dev/
TKUR,Tappa Khajuria,NSG6,https://railway-stations-classification.pages.dev/
TVI,TARADEVI,NSG6,https://railway-stations-classification.pages.dev/
TAN,Tarana Road,NSG6,https://railway-stations-classification.pages.dev/
TRAH,Taranga Hill,NSG6,https://railway-stations-classification.pages.dev/
TRN,Taraon,NSG6,https://railway-stations-classification.pages.dev/
TRR,TARAORI,NSG6,https://railway-stations-classification.pages.dev/
TPF,TARAPITH ROAD,NSG6,https://railway-stations-classification.pages.dev/
TAZ,Targaon,NSG6,https://railway-stations-classification.pages.dev/
TRJ,Tariasujan,NSG6,https://railway-stations-classification.pages.dev/
TRG,Tarighat,NSG6,https://railway-stations-classification.pages.dev/
TLU,TARLUPADU,NSG6,https://railway-stations-classification.pages.dev/
TTO,TARN TARAN Jn,NSG6,https://railway-stations-classification.pages.dev/
TRS,Tarsarai,NSG6,https://railway-stations-classification.pages.dev/
TR,TARUR,NSG6,https://railway-stations-classification.pages.dev/
TATI,Tati,NSG6,https://railway-stations-classification.pages.dev/
TBH,Tatibahar,NSG6,https://railway-stations-classification.pages.dev/
TAC,TATICHERLA,NSG6,https://railway-stations-classification.pages.dev/
TIS,Tatisilwai,NSG6,https://railway-stations-classification.pages.dev/
TIP,Tattaparai,NSG6,https://railway-stations-classification.pages.dev/
TVG,TAVARGATTI,NSG6,https://railway-stations-classification.pages.dev/
TEO,Teegaon,NSG6,https://railway-stations-classification.pages.dev/
TGA,Teghra,NSG6,https://railway-stations-classification.pages.dev/
TKA,Tehraka,NSG6,https://railway-stations-classification.pages.dev/
TSF,Tehsil Fatehpur,NSG6,https://railway-stations-classification.pages.dev/
THA,Tehta,NSG6,https://railway-stations-classification.pages.dev/
TNPR,Tejnarayanpur,NSG6,https://railway-stations-classification.pages.dev/
TKBG,Teka Bigha,NSG6,https://railway-stations-classification.pages.dev/
TKV,Tekanwas,NSG6,https://railway-stations-classification.pages.dev/
TQR,Tektar,NSG6,https://railway-stations-classification.pages.dev/
TLGI,Teligi,NSG6,https://railway-stations-classification.pages.dev/
TELO,Telo,NSG6,https://railway-stations-classification.pages.dev/
TETA,Telta,NSG6,https://railway-stations-classification.pages.dev/
TGQ,Tenganmada,NSG6,https://railway-stations-classification.pages.dev/
TML,Tenmalai,NSG6,https://railway-stations-classification.pages.dev/
TYAE,TENYA,NSG6,https://railway-stations-classification.pages.dev/
TTLA,Tetelia,NSG6,https://railway-stations-classification.pages.dev/
TTU,TETTU,NSG6,https://railway-stations-classification.pages.dev/
TYK,THABALKE,NSG6,https://railway-stations-classification.pages.dev/
THM,THAIYAT HAMIRA,NSG6,https://railway-stations-classification.pages.dev/
TKTB,Thakurbari,NSG6,https://railway-stations-classification.pages.dev/
TKC,Thakurkuchi,NSG6,https://railway-stations-classification.pages.dev/
TUG,Thalangai,NSG6,https://railway-stations-classification.pages.dev/
THEA,THALERA,NSG6,https://railway-stations-classification.pages.dev/
TLWA,Thalwara,NSG6,https://railway-stations-classification.pages.dev/
THAM,Tham,NSG6,https://railway-stations-classification.pages.dev/
THBN,THANA BHAWAN,NSG6,https://railway-stations-classification.pages.dev/
TNDE,THANESAR CITY,NSG6,https://railway-stations-classification.pages.dev/
TGDE,THANGUNDI,NSG6,https://railway-stations-classification.pages.dev/
TNW,THAPARNAGAR,NSG6,https://railway-stations-classification.pages.dev/
TB,Tharbitia,NSG6,https://railway-stations-classification.pages.dev/
TAR,Tharsa,NSG6,https://railway-stations-classification.pages.dev/
THW,THARWAI,NSG6,https://railway-stations-classification.pages.dev/
TAS,Thasara,NSG6,https://railway-stations-classification.pages.dev/
TTQ,Thathankulam (FLAG),NSG6,https://railway-stations-classification.pages.dev/
TGE,Thekeraguri,NSG6,https://railway-stations-classification.pages.dev/
TBU,THERBAN,NSG6,https://railway-stations-classification.pages.dev/
TGBP,Thingou,NSG6,https://railway-stations-classification.pages.dev/
THV,THIRUBALI,NSG6,https://railway-stations-classification.pages.dev/
TUY,Thiruthuraiyur,NSG6,https://railway-stations-classification.pages.dev/
THL,Thiruvalam,NSG6,https://railway-stations-classification.pages.dev/
TDV,THONDEBHAVI,NSG6,https://railway-stations-classification.pages.dev/
THUR,THURIA,NSG6,https://railway-stations-classification.pages.dev/
TIBI,TIBI,NSG6,https://railway-stations-classification.pages.dev/
TIHU,Tihu,NSG6,https://railway-stations-classification.pages.dev/
TIK,TIK,NSG6,https://railway-stations-classification.pages.dev/
TKLE,TIKANI,NSG6,https://railway-stations-classification.pages.dev/
TKYR,TIKARIA,NSG6,https://railway-stations-classification.pages.dev/
TKWD,TIKEKARWADI,NSG6,https://railway-stations-classification.pages.dev/
TKT,Tikkotti,NSG6,https://railway-stations-classification.pages.dev/
TRE,Tikri,NSG6,https://railway-stations-classification.pages.dev/
TQN,Tikunia,NSG6,https://railway-stations-classification.pages.dev/
TKJ,TILAK BRIDGE,NSG6,https://railway-stations-classification.pages.dev/
TKWA,Tilakwada,NSG6,https://railway-stations-classification.pages.dev/
TLT,TILATI,NSG6,https://railway-stations-classification.pages.dev/
TBB,TILBHITA,NSG6,https://railway-stations-classification.pages.dev/
TBX,Tilbhum,NSG6,https://railway-stations-classification.pages.dev/
TDLE,TILDANGA,NSG6,https://railway-stations-classification.pages.dev/
TAM,Tillaivilagam,NSG6,https://railway-stations-classification.pages.dev/
TIL,Tilrath,NSG6,https://railway-stations-classification.pages.dev/
TWL,TILWARA,NSG6,https://railway-stations-classification.pages.dev/
TBA,Timba road,NSG6,https://railway-stations-classification.pages.dev/
TBV,Timbarva,NSG6,https://railway-stations-classification.pages.dev/
TIM,TIMMANACHERLA,NSG6,https://railway-stations-classification.pages.dev/
TMX,TIMMAPUR,NSG6,https://railway-stations-classification.pages.dev/
TMT,Timtala,NSG6,https://railway-stations-classification.pages.dev/
TGT,TINAI GHAT,NSG6,https://railway-stations-classification.pages.dev/
TDH,Tindharia,NSG6,https://railway-stations-classification.pages.dev/
TII,Tingrai,NSG6,https://railway-stations-classification.pages.dev/
TH,Tinich,NSG6,https://railway-stations-classification.pages.dev/
TMH,Tinmile Hat,NSG6,https://railway-stations-classification.pages.dev/
TNT,Tinnappatti,NSG6,https://railway-stations-classification.pages.dev/
TPK,Tipkai,NSG6,https://railway-stations-classification.pages.dev/
TPPI,TIPPARTI,NSG6,https://railway-stations-classification.pages.dev/
TASA,TIPPASANDRA,NSG6,https://railway-stations-classification.pages.dev/
TRDI,Tirodi,NSG6,https://railway-stations-classification.pages.dev/
TCNR,TIRUCHANUR,NSG6,https://railway-stations-classification.pages.dev/
TPTN,Tiruchchirappalli town,NSG6,https://railway-stations-classification.pages.dev/
TCH,Tiruchchuli,NSG6,https://railway-stations-classification.pages.dev/
TUL,Tiruldih,NSG6,https://railway-stations-classification.pages.dev/
TMLP,Tirumalpur,NSG6,https://railway-stations-classification.pages.dev/
TYM,Tirumayam,NSG6,https://railway-stations-classification.pages.dev/
TNK,Tirunelikaval,NSG6,https://railway-stations-classification.pages.dev/
TYT,Tirunelveli town,NSG6,https://railway-stations-classification.pages.dev/
TUA,Tirunnavaya,NSG6,https://railway-stations-classification.pages.dev/
TPC,Tiruppachetti,NSG6,https://railway-stations-classification.pages.dev/
TVN,Tiruppuvanam,NSG6,https://railway-stations-classification.pages.dev/
TTP,Tiruturaipundi jn,NSG6,https://railway-stations-classification.pages.dev/
TVP,Tiruvananthapuram pettah (FLAG),NSG6,https://railway-stations-classification.pages.dev/
TVNL,Tiruvennainallur road,NSG6,https://railway-stations-classification.pages.dev/
TISI,Tisi,NSG6,https://railway-stations-classification.pages.dev/
TSA,TISUA,NSG6,https://railway-stations-classification.pages.dev/
TTB,Titabar,NSG6,https://railway-stations-classification.pages.dev/
TT,Titte,NSG6,https://railway-stations-classification.pages.dev/
TIW,TIVARI,NSG6,https://railway-stations-classification.pages.dev/
TDP,TODARPUR,NSG6,https://railway-stations-classification.pages.dev/
TPQ,TOKAPAL,NSG6,https://railway-stations-classification.pages.dev/
THN,Tolahunse,NSG6,https://railway-stations-classification.pages.dev/
TMKA,TOMKA,NSG6,https://railway-stations-classification.pages.dev/
TNGM,TONDALAGOPAVARAM,NSG6,https://railway-stations-classification.pages.dev/
TPSA,Top Sarthua,NSG6,https://railway-stations-classification.pages.dev/
TPP,TOPPUR,NSG6,https://railway-stations-classification.pages.dev/
TRAN,Torang,NSG6,https://railway-stations-classification.pages.dev/
TPM,Totiyapalaiyam,NSG6,https://railway-stations-classification.pages.dev/
TZD,Tozhupedu,NSG6,https://railway-stations-classification.pages.dev/
TKQ,Trikarpur (FLAG),NSG6,https://railway-stations-classification.pages.dev/
TLMD,TRILOCHAN MAHADEV,NSG6,https://railway-stations-classification.pages.dev/
TEG,TRIVEDIGANJ,NSG6,https://railway-stations-classification.pages.dev/
TSR,TSUNDURU,NSG6,https://railway-stations-classification.pages.dev/
TFGN,Tufanganj,NSG6,https://railway-stations-classification.pages.dev/
TGL,TUGGALI,NSG6,https://railway-stations-classification.pages.dev/
THO,Tulin,NSG6,https://railway-stations-classification.pages.dev/
TGP,Tuljapur,NSG6,https://railway-stations-classification.pages.dev/
TLAM,Tulsi Ashram Tslm,NSG6,https://railway-stations-classification.pages.dev/
TLGR,TULSI NAGAR,NSG6,https://railway-stations-classification.pages.dev/
TY,Tulukapatti,NSG6,https://railway-stations-classification.pages.dev/
TMLU,TUMMALACHERUVU,NSG6,https://railway-stations-classification.pages.dev/
TAT,TUMMANAMGUTTA,NSG6,https://railway-stations-classification.pages.dev/
TUNG,Tung,NSG6,https://railway-stations-classification.pages.dev/
TKB,Tupkadih,NSG6,https://railway-stations-classification.pages.dev/
TRKR,TURAIKELA,NSG6,https://railway-stations-classification.pages.dev/
TJM,Turinjapuram,NSG6,https://railway-stations-classification.pages.dev/
TKPY,TURKAPALLI,NSG6,https://railway-stations-classification.pages.dev/
TUR,Turki,NSG6,https://railway-stations-classification.pages.dev/
TZR,TURKI ROAD,NSG6,https://railway-stations-classification.pages.dev/
TWG,Twining Ganj,NSG6,https://railway-stations-classification.pages.dev/
UBN,UBARNI,NSG6,https://railway-stations-classification.pages.dev/
UCA,UCHANA,NSG6,https://railway-stations-classification.pages.dev/
UCP,Uchippuli,NSG6,https://railway-stations-classification.pages.dev/
UDPU,Udaipur,NSG6,https://railway-stations-classification.pages.dev/
UDPR,Udaipura,NSG6,https://railway-stations-classification.pages.dev/
UKR,Udalkachhar,NSG6,https://railway-stations-classification.pages.dev/
UDMR,UDI MOR JN,NSG6,https://railway-stations-classification.pages.dev/
UMS,UDRAMSAR,NSG6,https://railway-stations-classification.pages.dev/
URGR,UG RATNAGIRI RD,NSG6,https://railway-stations-classification.pages.dev/
UGN,Ugaon,NSG6,https://railway-stations-classification.pages.dev/
URPR,UGRASENPUR,NSG6,https://railway-stations-classification.pages.dev/
UJ,Ujalvav,NSG6,https://railway-stations-classification.pages.dev/
UJP,Ujiarpur,NSG6,https://railway-stations-classification.pages.dev/
USD,Ukai Songadh,NSG6,https://railway-stations-classification.pages.dev/
UKN,UKLANA,NSG6,https://railway-stations-classification.pages.dev/
UPD,ULAVAPADU,NSG6,https://railway-stations-classification.pages.dev/
UKD,ULINDAKONDA,NSG6,https://railway-stations-classification.pages.dev/
ULN,ULNA BHARI,NSG6,https://railway-stations-classification.pages.dev/
ULU,Ulundurpet,NSG6,https://railway-stations-classification.pages.dev/
UTA,UMAR TALI,NSG6,https://railway-stations-classification.pages.dev/
UMPD,Umarpada,NSG6,https://railway-stations-classification.pages.dev/
UMED,UMED,NSG6,https://railway-stations-classification.pages.dev/
UMNR,Umesh Nagar,NSG6,https://railway-stations-classification.pages.dev/
UMRA,Umra,NSG6,https://railway-stations-classification.pages.dev/
UMM,UMRAM,NSG6,https://railway-stations-classification.pages.dev/
ULA,Umranala,NSG6,https://railway-stations-classification.pages.dev/
URR,Umred,NSG6,https://railway-stations-classification.pages.dev/
UNA,Una,NSG6,https://railway-stations-classification.pages.dev/
UNI,Unai & Vansada Road,NSG6,https://railway-stations-classification.pages.dev/
UNLA,Unaula,NSG6,https://railway-stations-classification.pages.dev/
UCH,UNCHAULIA,NSG6,https://railway-stations-classification.pages.dev/
UND,UNCHDIH,NSG6,https://railway-stations-classification.pages.dev/
UHR,UNCHHERA,NSG6,https://railway-stations-classification.pages.dev/
UCB,UNCHI BASSI,NSG6,https://railway-stations-classification.pages.dev/
UNDI,UNDI,NSG6,https://railway-stations-classification.pages.dev/
UNL,Unhel,NSG6,https://railway-stations-classification.pages.dev/
URL,Unjalur,NSG6,https://railway-stations-classification.pages.dev/
UNK,UNKAL,NSG6,https://railway-stations-classification.pages.dev/
URML,UPARMAL,NSG6,https://railway-stations-classification.pages.dev/
UA,Upleta,NSG6,https://railway-stations-classification.pages.dev/
OPL,UPPAL,NSG6,https://railway-stations-classification.pages.dev/
UAA,Uppala,NSG6,https://railway-stations-classification.pages.dev/
UPL,UPPALURU,NSG6,https://railway-stations-classification.pages.dev/
UPW,UPPALVAI,NSG6,https://railway-stations-classification.pages.dev/
UGD,UPPUGUNDURU,NSG6,https://railway-stations-classification.pages.dev/
UXN,UREN,NSG6,https://railway-stations-classification.pages.dev/
URGA,Urga,NSG6,https://railway-stations-classification.pages.dev/
URK,Urkura,NSG6,https://railway-stations-classification.pages.dev/
ULM,URLAM,NSG6,https://railway-stations-classification.pages.dev/
URMA,Urma,NSG6,https://railway-stations-classification.pages.dev/
URG,Ushargaon,NSG6,https://railway-stations-classification.pages.dev/
USLP,Usilampatti,NSG6,https://railway-stations-classification.pages.dev/
UB,Uskabazar,NSG6,https://railway-stations-classification.pages.dev/
UPR,USMANPUR,NSG6,https://railway-stations-classification.pages.dev/
USRA,Usra,NSG6,https://railway-stations-classification.pages.dev/
UTL,UTARLAI,NSG6,https://railway-stations-classification.pages.dev/
UTD,Utarsanda,NSG6,https://railway-stations-classification.pages.dev/
UTR,UTRAITIA,NSG6,https://railway-stations-classification.pages.dev/
URN,Utran,NSG6,https://railway-stations-classification.pages.dev/
UMG,Uttangal mangalam,NSG6,https://railway-stations-classification.pages.dev/
UTP,Uttripura,NSG6,https://railway-stations-classification.pages.dev/
UKL,Uttukuli,NSG6,https://railway-stations-classification.pages.dev/
VPH,Vachaspati Nagar#,NSG6,https://railway-stations-classification.pages.dev/
VAL,Vadal,NSG6,https://railway-stations-classification.pages.dev/
VLU,Vadalur,NSG6,https://railway-stations-classification.pages.dev/
VDM,Vadamadurai,NSG6,https://railway-stations-classification.pages.dev/
WDN,VADGAON NILA,NSG6,https://railway-stations-classification.pages.dev/
VDV,Vadia Devli,NSG6,https://railway-stations-classification.pages.dev/
VDP,Vadipatti,NSG6,https://railway-stations-classification.pages.dev/
VXD,Vadod,NSG6,https://railway-stations-classification.pages.dev/
VD,Vagadia,NSG6,https://railway-stations-classification.pages.dev/
VGRA,Vagara,NSG6,https://railway-stations-classification.pages.dev/
VGL,Vaghli,NSG6,https://railway-stations-classification.pages.dev/
VARD,Vaikam road,NSG6,https://railway-stations-classification.pages.dev/
VSHI,Vaishali,NSG6,https://railway-stations-classification.pages.dev/
VPJ,Vaiyampatti,NSG6,https://railway-stations-classification.pages.dev/
WKA,VAKAV,NSG6,https://railway-stations-classification.pages.dev/
VLDE,Valadi,NSG6,https://railway-stations-classification.pages.dev/
VAPM,Valapattanam,NSG6,https://railway-stations-classification.pages.dev/
VLT,Valathoor,NSG6,https://railway-stations-classification.pages.dev/
VLG,VALIGONDA,NSG6,https://railway-stations-classification.pages.dev/
VV,Valivade,NSG6,https://railway-stations-classification.pages.dev/
VTK,Vallatholnagar,NSG6,https://railway-stations-classification.pages.dev/
VLI,Vallikunnu (FLAG),NSG6,https://railway-stations-classification.pages.dev/
VKNR,Valmikinagar Road,NSG6,https://railway-stations-classification.pages.dev/
WLA,VALTOHA,NSG6,https://railway-stations-classification.pages.dev/
VBR,Vambori,NSG6,https://railway-stations-classification.pages.dev/
VNGP,Vangaichungpao,NSG6,https://railway-stations-classification.pages.dev/
VRN,VANGANUR,NSG6,https://railway-stations-classification.pages.dev/
VNRD,Vani Road,NSG6,https://railway-stations-classification.pages.dev/
VNJ,Vanjipalayam,NSG6,https://railway-stations-classification.pages.dev/
VNTD,Vantada,NSG6,https://railway-stations-classification.pages.dev/
VRX,Varahi,NSG6,https://railway-stations-classification.pages.dev/
VNA,Varangaon,NSG6,https://railway-stations-classification.pages.dev/
VRE,Varedia,NSG6,https://railway-stations-classification.pages.dev/
VRM,Varnama,NSG6,https://railway-stations-classification.pages.dev/
VTJ,Vartej,NSG6,https://railway-stations-classification.pages.dev/
VDA,Vasad Jn,NSG6,https://railway-stations-classification.pages.dev/
VASO,Vaso,NSG6,https://railway-stations-classification.pages.dev/
VTP,Vastrapur,NSG6,https://railway-stations-classification.pages.dev/
VTA,Vatva,NSG6,https://railway-stations-classification.pages.dev/
VKG,Vavadi Khurd,NSG6,https://railway-stations-classification.pages.dev/
WWA,Vavaniya,NSG6,https://railway-stations-classification.pages.dev/
VLD,VAYALPAD,NSG6,https://railway-stations-classification.pages.dev/
VDH,Vedchha,NSG6,https://railway-stations-classification.pages.dev/
VRQ,Veerarakiyam,NSG6,https://railway-stations-classification.pages.dev/
VJA,VEJANDLA,NSG6,https://railway-stations-classification.pages.dev/
VDI,VELDURTI,NSG6,https://railway-stations-classification.pages.dev/
VEL,Vellanur,NSG6,https://railway-stations-classification.pages.dev/
VEI,Velliyanai,NSG6,https://railway-stations-classification.pages.dev/
VML,VEMULAPADU,NSG6,https://railway-stations-classification.pages.dev/
VMU,VEMURU,NSG6,https://railway-stations-classification.pages.dev/
VDD,VENDODU,NSG6,https://railway-stations-classification.pages.dev/
VKR,Venkat Nagar,NSG6,https://railway-stations-classification.pages.dev/
VKT,VENKATACHALAM,NSG6,https://railway-stations-classification.pages.dev/
VPL,VENKATAMPALLE,NSG6,https://railway-stations-classification.pages.dev/
VKM,Venkatesapuram,NSG6,https://railway-stations-classification.pages.dev/
VGA,Vepagunta,NSG6,https://railway-stations-classification.pages.dev/
VKA,VERKA Jn,NSG6,https://railway-stations-classification.pages.dev/
VTM,VETAPALEM,NSG6,https://railway-stations-classification.pages.dev/
VPDA,Vidyapati Dham,NSG6,https://railway-stations-classification.pages.dev/
VJD,Vijapadi Road,NSG6,https://railway-stations-classification.pages.dev/
VJF,Vijapur,NSG6,https://railway-stations-classification.pages.dev/
VZ,Vijayamangalam,NSG6,https://railway-stations-classification.pages.dev/
VJR,VIJAYNAGAR,NSG6,https://railway-stations-classification.pages.dev/
VJP,VIJAYPUR,NSG6,https://railway-stations-classification.pages.dev/
VRG,Vikramnagar,NSG6,https://railway-stations-classification.pages.dev/
VKH,Vikran Road,NSG6,https://railway-stations-classification.pages.dev/
VVN,Vikravandi,NSG6,https://railway-stations-classification.pages.dev/
VL,Vilad,NSG6,https://railway-stations-classification.pages.dev/
VYK,Vilayatkalan Road,NSG6,https://railway-stations-classification.pages.dev/
VGM,Vinnamangalam,NSG6,https://railway-stations-classification.pages.dev/
VRPD,Virapandy road,NSG6,https://railway-stations-classification.pages.dev/
VP,VIRAPUR,NSG6,https://railway-stations-classification.pages.dev/
VRH,VIRBHADRA HALT,NSG6,https://railway-stations-classification.pages.dev/
VPR,Visapur,NSG6,https://railway-stations-classification.pages.dev/
VSW,Visawadar,NSG6,https://railway-stations-classification.pages.dev/
VNUP,VISHNUPURAM,NSG6,https://railway-stations-classification.pages.dev/
VS,Vishvamitri Jn(BG),NSG6,https://railway-stations-classification.pages.dev/
VVB,VIVEK VIHAR,NSG6,https://railway-stations-classification.pages.dev/
VRBD,VRINDABAN ROAD,NSG6,https://railway-stations-classification.pages.dev/
BDB,VRINDAVAN,NSG6,https://railway-stations-classification.pages.dev/
VC,VYASA COLONY,NSG6,https://railway-stations-classification.pages.dev/
VYS,VYASANAKERI,NSG6,https://railway-stations-classification.pages.dev/
VYN,VYASNAGAR,NSG6,https://railway-stations-classification.pages.dev/
WDG,Wadegaon,NSG6,https://railway-stations-classification.pages.dev/
WC,Wadhvan City,NSG6,https://railway-stations-classification.pages.dev/
WDR,WADIARAM,NSG6,https://railway-stations-classification.pages.dev/
WADO,Wadoda,NSG6,https://railway-stations-classification.pages.dev/
WDS,WADSINGE,NSG6,https://railway-stations-classification.pages.dev/
WGI,Waghai,NSG6,https://railway-stations-classification.pages.dev/
WGA,Waghoda,NSG6,https://railway-stations-classification.pages.dev/
WGR,Waghodiya,NSG6,https://railway-stations-classification.pages.dev/
WG,Wagholi,NSG6,https://railway-stations-classification.pages.dev/
WJ,Walajabad,NSG6,https://railway-stations-classification.pages.dev/
WRA,Walayar,NSG6,https://railway-stations-classification.pages.dev/
WLGN,Walgaon,NSG6,https://railway-stations-classification.pages.dev/
WLH,Walha,NSG6,https://railway-stations-classification.pages.dev/
WDL,WANDAL,NSG6,https://railway-stations-classification.pages.dev/
WP,WANGAPALLI,NSG6,https://railway-stations-classification.pages.dev/
WANI,Wani,NSG6,https://railway-stations-classification.pages.dev/
WSJ,Wansjaliya,NSG6,https://railway-stations-classification.pages.dev/
WRI,Waraseoni,NSG6,https://railway-stations-classification.pages.dev/
OYR,WARIA,NSG6,https://railway-stations-classification.pages.dev/
WOC,Warud Orange City,NSG6,https://railway-stations-classification.pages.dev/
WSB,WASHIMBE,NSG6,https://railway-stations-classification.pages.dev/
WTR,Wathar,NSG6,https://railway-stations-classification.pages.dev/
WZJ,Wazerganj,NSG6,https://railway-stations-classification.pages.dev/
WEL,Wellington,NSG6,https://railway-stations-classification.pages.dev/
WENA,Wena,NSG6,https://railway-stations-classification.pages.dev/
WH,West Hill,NSG6,https://railway-stations-classification.pages.dev/
WIRR,WIRUR,NSG6,https://railway-stations-classification.pages.dev/
WDM,Wyndhamganj,NSG6,https://railway-stations-classification.pages.dev/
YADA,YADAVALLI,NSG6,https://railway-stations-classification.pages.dev/
YDLP,YADLAPUR,NSG6,https://railway-stations-classification.pages.dev/
JAB,YAMUNA BRIDGE,NSG6,https://railway-stations-classification.pages.dev/
JSB,Yamuna South Bank,NSG6,https://railway-stations-classification.pages.dev/
YTL,Yavatmal,NSG6,https://railway-stations-classification.pages.dev/
YDM,Yedamangala,NSG6,https://railway-stations-classification.pages.dev/
YY,YEDIYURU,NSG6,https://railway-stations-classification.pages.dev/
YSI,YEDSHI,NSG6,https://railway-stations-classification.pages.dev/
YGL,YELGUR,NSG6,https://railway-stations-classification.pages.dev/
Y,YELIYUR,NSG6,https://railway-stations-classification.pages.dev/
YLK,YELLAKARU,NSG6,https://railway-stations-classification.pages.dev/
YL,Yeola,NSG6,https://railway-stations-classification.pages.dev/
YS,YERMARAS,NSG6,https://railway-stations-classification.pages.dev/
YPD,YERPEDU,NSG6,https://railway-stations-classification.pages.dev/
YGD,YERRAGUDIPAD,NSG6,https://railway-stations-classification.pages.dev/
YAD,Yeulkhed,NSG6,https://railway-stations-classification.pages.dev/
YT,Yevat,NSG6,https://railway-stations-classification.pages.dev/
ZPL,ZANGALAPALLE,NSG6,https://railway-stations-classification.pages.dev/
ZW,Zawar,NSG6,https://railway-stations-classification.pages.dev/
ZP,ZERPUR PALI,NSG6,https://railway-stations-classification.pages.dev/
