name,code,zone,state,address,longitude,latitude
Badhal,BDHL,NWR,Rajasthan,"Kishangarh Renwal, Rajasthan",75.4516454,27.2520587
XX-BECE,XX-BECE,,,,,
XX-BSPY,XX-BSPY,,,,,
YY-BPLC,YY-BPLC,,,,,
KICHHA,KHH,NER,Uttar Pradesh,"Kichha, Uttar Pradesh",79.519746,28.913427000000002
Sherekan,SRKN,NWR,Rajasthan,"MDR 89, Rajasthan",74.43499088287354,29.55519806064484
Bhukarka,BKKA,NWR,Rajasthan,"Bhukarka, Rajasthan",74.75103096105158,29.238227312503696
Nohar,NHR,NWR,Rajasthan,"State Highway 36, Rajasthan",74.77362781763077,29.192562738768984
Perungudi,PRGD,SR,Tamil Nadu,"Chennai, Tamil Nadu",80.231363,12.975217
Khinaniyan,KNNA,NWR,Haryana,"State Highway 23, Haryana",74.7179570607841,29.345637263205944
JAULKHERA,JKR,,,,78.216684,21.838466
BARSALI,BYS,,,,78.03136099999999,21.909813
GIRWAR,GW,,,,78.936311,23.838185999999997
DANGIDHAR,DGD,,,,79.019912,23.871771000000003
DHODHAR,DOD,WR,Madhya Pradesh,"Dhodar, Madhya Pradesh",75.10354600000001,23.770740999999997
GANESHGANJ,GAJ,,,,79.074633,23.895862
Jayanagar Majilpur Halt,JNM,ER,West Bengal,"Jaynagar, West Bengal",88.415324,22.168635
NASIRABAD,NSD,NWR,Rajasthan,"Nasirabad, Rajasthan",74.71699100000001,26.294459999999997
PATHARIA,PHA,,,,79.192899,23.905726
NIZAMABAD,NZB,SCR,Andhra Pradesh,"Nizamabad, Andhra Pradesh",78.103238,18.679164999999998
RAJENDRA PUL,RJO,,,,86.01054599999999,25.387446999999998
ADUTURAI,ADT,SR,Tamil Nadu,"Aduthurai, Tamil Nadu",79.478668,11.009165
KUMBAKONAM,KMU,SR,Tamil Nadu,"Kumbakonam, Tamil Nadu",79.388644,10.952962
MANAMADURAI JN,MNM,SR,Tamil Nadu,"Sivaganga, Tamil Nadu",78.45351,9.681538999999999
GORAKHPUR JN,GKP,,,,83.381499,26.759311
BJUP,BJUP,,,,,
VARNAMA,VRM,,,,73.16928300000001,22.184274000000002
GORAKHPUR CANT,GKC,,,,83.416821,26.750649
ITOLA,ITA,,,,73.156746,22.149889
CIKA,CIKA,,,,,
XX-CPHO,XX-CPHO,,,,,
BARAUT,BTU,NR,Uttar Pradesh,"Baraut, Uttar Pradesh",77.273006,29.09692
Moga,MOGA,NR,Punjab,"Moga, Punjab",75.16846699999999,30.817296
SAMAKHIALI JN,SIOB,,,,70.503394,23.309819
LLHW,LLHW,,,,,
Rasheedpura Khori,RDK,NWR,Rajasthan,"MDR 87, Rajasthan",75.087121,27.713786000000002
PEDDAVADIAPUDI,PVD,,,,80.612645,16.414205000000003
ELLAMANCHILI,YLM,,,,82.85262,17.553652000000003
Chatrappatti,CHPT,,,,77.655113,10.476970999999999
JARWAL ROAD,JLD,,,,81.540406,27.120389
BRAJRAJNAGAR,BRJN,,,,83.923653,21.822718000000002
COLONELGANJ,CLJ,,,,81.69417800000001,27.137698
KATHOLA,KTHL,,,,81.8556626477,27.1465555756
MUNDERWA,MND,,,,82.903373,26.776435
SAINAGAR SHIRDI,SNSI,CR,Maharashtra,"Near New Bus Stand Shirdi Sainagar, Maharashtra",74.4806877,19.780792299999998
DHOLA JN,DLJ,WR,Gujarat,"Dhola, Gujarat",71.738273,21.822549000000002
PHAGWARA JN,PGW,,,,75.7655019775,31.217555749800002
YY-BINP,YY-BINP,,,,,
Jhunpa,JUP,?,Rajasthan,"NH 65, Rajasthan",75.521553,28.777449
XX-JSGB,XX-JSGB,,,,,
JHARSUGUDA JN,JSG,,,,84.017427,21.862274
KARCHHUE,KYW,,,,84.20715351199999,26.2311244405
MAHENDRANATH,MHRN,,,,84.509909,26.000739
TAPPA KHAJURIAY,TKVR,,,,84.688889,25.807401000000002
DODDAMPATTI,DPI,,,,78.42225009,12.18134581
SREE,SREE,,,,,
ASHAPURA GOMAT,AQG,NWR,Rajasthan,"National Highway 15, Rajasthan",71.892665,26.950232
NEYKKARAPATTI,NEA,,,,78.09669699999999,11.612765
GORAUL,GRL,,,,85.318477,25.931048999999998
DKJC,DKJC,,,,,
KURHANI,KHI,,,,85.339288,25.979631
TIRUPPUR VANJIPALAYAM,VNJ,,,,77.26580200000001,11.117790999999999
COIMBATORE NORTH,CBF,,,,76.954304,11.019937
AMBALA CANT JN,UMB,,,,76.826966,30.338918
SIRATHU,SRO,,,,81.31786,25.650642
SHUJAATPUR,SJT,,,,81.401934,25.605607000000003
BIDANPUR,BDNP,,,,81.44201699999999,25.585017
MOTIPURA CHAUKI,MTPC,WCR,Rajasthan,"Motipura, Rajasthan",77.04829951629999,24.6093382288
HATHIDAH JN,HTZ,,,,85.987826,25.367027
TINSUKIA GOODS,TSKG,,,,,
DUDHNOI,DDNI,NFR,Assam,"Dudhnoi Railway Station, Assam",90.76188,26.001459
RUNDHI,RDE,,,,77.350991,28.067751
ITAUNJA,IJ,NER,Uttar Pradesh,"Itaunja, Uttar Pradesh",80.89123400000001,27.081066999999997
Ramsar,RMX,NWR,Rajasthan,"Barmer, Rajasthan",70.866078,25.722252
PILIBHIT JN,PBE,NER,Uttar Pradesh,"Pilibhit, Uttar Pradesh",79.813946,28.614977999999997
Rampura Beri,RMB,NWR,Rajasthan,"Rampura Bhal, Rajasthan",75.64547982849999,28.5301320576
MUGHAL SARAI JN,MGS,,,,83.11925000000001,25.278149
Ramgarh Shekhawati,RSWT,NWR,Rajasthan,"Ramgarh, Rajasthan",74.993046,28.169397
BAKAINA HALT,BKNA,,,,78.27473099999999,29.035800000000002
HOSHANGABAD,HBD,,,,77.715594,22.75274
ASLANA,ANA,,,,79.319493,23.860522
BUDNI,BNI,,,,77.6812826,22.7871143
YY-IDHW,YY-IDHW,,,,,
DHAMALGAON,DMGN,NFR,Assam,"A T Rd, Assam",94.85656900000001,27.325566
LAKDIKAPUL,LKPL,SCR,Andhra Pradesh,"Hyderabad, Andhra Pradesh",78.463527,17.404048000000003
BARUD,BRUD,WCR,Madhya Pradesh,"Khandwa, Madhya Pradesh",76.814085,22.052142
DEVLALI,DVL,,,,73.83729,19.897509
Jurtara,JRTR,,,,79.76127199999999,22.253004999999998
REWA,REWA,WCR,Madhya Pradesh,"Rewa, Madhya Pradesh",81.250615,24.537122
DHOLKA,DOK,WR,Gujarat,"Bagodara Dholka, Gujarat",72.433842,22.731982
NANDESARI,NDR,,,,73.0952734283,22.418331636999998
MIYAGAM KARJAN,MYG,,,,73.120353,22.050722
MAHOBA,MBA,NCR,Uttar Pradesh,"Junction Point - Khajuraho, Uttar Pradesh",79.849079,25.306914
Jamgaon,JGZ,SECR,Madhya Pradesh,"Bamhani, Madhya Pradesh",80.198945,22.418426
BAGHOI KUSA,BHKH,,,,84.46243313289999,24.8399006513
NOLI,NOLI,NR,Uttar Pradesh,"Ghaziabad, Uttar Pradesh",77.31077099999999,28.746571
SUJRA,SUJR,NR,Uttar Pradesh,"State Highway 57, Uttar Pradesh",77.26134099999999,29.012729
Amod,AMOD,WR,Gujarat,"Amod, Gujarat",72.86546467803419,21.990791167399735
LAKODARA,LKD,,,,73.09899399999999,21.991872
Vankal,VKL,WR,Gujarat,"SH 166, Gujarat",73.23136643506587,21.439673931772646
BYCULLA,BY,CR,Maharashtra,"Mumbai, Maharashtra",72.833211,18.97695
BHAGWANPUR,BNR,,,,85.30109021000001,25.858316719999998
Kotturu,KTY,SWR,Tamil Nadu,"Kothur Rd, Tamil Nadu",76.21354088187218,14.826788325296278
Bhalukmara,BLMR,NFR,Assam,"Bhalukmara, Assam",94.143709,26.685532
Anjangaon,ANJ,CR,Maharashtra,"Anjangaon, Maharashtra",77.31896504759789,21.163199753077336
Debagram,DEB,ER,West Bengal,"Debagram, West Bengal",88.306807,23.685277
Achalpur,ELP,CR,Maharashtra,"Dist. Amravati, Maharashtra",77.51926277764142,21.27760302246017
Bethuadahari,BTY,ER,West Bengal,"Bethuadahari, West Bengal",88.384597,23.610275
Warud,WARUD,CR,Maharashtra,"Wardha, Maharashtra",78.65141943097115,20.74690547756532
BVAC,BVAC,,,,,
BVBC,BVBC,,,,,
Velankanni,VLKN,?,Tamil Nadu,"Velankanni, Tamil Nadu",79.84618068672717,10.686877168293023
PUTLACHERUVU,PCU,SCR,Andhra Pradesh,"Putlacheruvu, Andhra Pradesh",81.112395,16.484823
BENNIPATTI PIRAPUR,BNPT,,,,85.3090478906,25.892949366
JALAMB JN,JM,,,,76.573236,20.813007000000002
Gorapur,GPJ,ECoR,Andhra Pradesh,"Jeypore Rd, Andhra Pradesh",82.79406,18.346936
Pattaravakkam,ABEO,SR,,,80.16618146561086,13.114499981582952
SHEGAON,SEG,,,,76.690331,20.801724
Gudru Halt,GDU,SECR,Madhya Pradesh,"Lamta, Madhya Pradesh",80.1163395764,22.2718946035
Balgona,BGNA,ER,West Bengal,"Balgona, West Bengal",87.95045644976199,23.458049719226736
Kalinarayanpur,KLNP,ER,West Bengal,"Ranaghat-Bagula Bypass, West Bengal",88.573216,23.206506
S K NAGJIHARI,NGZ,,,,76.755353,20.761640999999997
PARAS,PS,,,,76.815865,20.724519
Barda,BRDB,SER,West Bengal,"Sutahata, West Bengal",88.08753041,22.15295838
GAIGAON,GAO,,,,76.890093,20.720684
REWRAL,RRL,,,,79.468096,21.261121
KHAT,KHAT,,,,79.550792,21.242242
BHANDARA ROAD,BRD,,,,79.64752299999999,21.238512
KOKA,KOKA,,,,79.71240900000001,21.263021
DAGHORA,DAO,,,,83.678086,21.857535000000002
HEMAGIRI,HGR,,,,83.742815,21.876503999999997
Nainpur Junction,NIR,SECR,Madhya Pradesh,"Nainpur, Madhya Pradesh",80.108853,22.425676
NAKACHARI,NCH,NFR,Assam,"Mariani, Assam",94.3939129431,26.7081333353
ALIPUR DUAR JN,APDJ,NFR,West Bengal,"03564-255091, West Bengal",89.534048,26.523279
BHARWARI,BRE,,,,81.4918665,25.5591917
Jhitkia,JTK,NFR,West Bengal,"National Highway 34, West Bengal",88.05297200000001,25.626133
MANOHARGANJ,MNJ,,,,81.55907499999999,25.524992
SAIYID SARAWAN,SYWN,,,,81.613788,25.494982
MANAURI,MRE,,,,81.662491,25.470171
BAMHRAULI,BMU,,,,81.741641,25.44494
SUBEDARGANJ,SFG,,,,81.789897,25.439879
KOLAKALUR,KLX,,,,80.627521,16.295185999999998
CHILUVUR,CLVR,,,,80.61690800000001,16.379558
KOVVUR,KVR,,,,81.726495,17.007084
GODAVARI,GVN,,,,81.77083,17.007707
KANJIKODE,KJKD,,,,76.75531600000001,10.800919
Sanka,SNKR,SER,West Bengal,"Garh Dhrubeswar, West Bengal",86.616164,23.52693
Binaiki,VNK,SECR,Madhya Pradesh,"Binaiki Railway Station, Madhya Pradesh",79.902424,22.72003
Gocharan,GCN,ER,West Bengal,"Gocharan, West Bengal",88.45836999999999,22.277738
Seoni,SEY,SECR,Madhya Pradesh,"Seoni, Madhya Pradesh",79.545769,22.075431
Sudamdih,SDMD,SER,West Bengal,"Jairampur More to Baliapur, West Bengal",86.44032,23.654478
PCLS,PCLS,,,,,
BARAUNI JN,BJU,,,,85.988748,25.461768000000003
DAMOH,DMO,,,,79.432246,23.836693
ADAS ROAD,ADD,,,,73.0346944543,22.486628078200003
Chalala,CLC,WR,Gujarat,"Chalala, Gujarat",71.16224249999999,21.4155588
RANOLI,RNO,,,,73.1122662115,22.405252095399998
HARIPUR,HP,NWR,Rajasthan,"Pali, Rajasthan",74.024928,26.012397
Kumarghat,KUGT,NFR,Tripura,"Kumarghat, Tripura",92.0348331158,24.1506303119
AURANGABAD,AWB,SCR,Maharashtra,"Aurangabad, Maharashtra",75.31064599999999,19.859276
BEVINAHALU,BNL,SCR,Andhra Pradesh,"Rayalaseema Region, Andhra Pradesh",77.21298975,15.16697376
VMC,VMC,,,,,
SOMNATH,SMNH,WR,Gujarat,"Somnath, Gujarat",70.408254,20.896131999999998
CUDDALORE PORT,CUPJ,SR,Tamil Nadu,"Cuddalore Township, Tamil Nadu",79.766287,11.715119
PALEJ,PLJ,,,,73.072387,21.921578
GOLE,GOLE,NWR,Rajasthan,"National Highway 112, Rajasthan",72.00004,25.891938
BDX,BDX,,,,,
TIRORA,TRO,,,,79.91803499999999,21.415039
JAMGA,JMG,,,,83.564842,21.874971000000002
JMSY,JMSY,,,,,
AHALYAPUR,AHLR,,,,83.824844,26.468381
TENALI JN,TEL,,,,80.640413,16.242409000000002
Tummanamgutta,TAT,SCR,Andhra Pradesh,"Chennai - Anantpur Rd, Andhra Pradesh",78.37926300000001,13.707414
CHAGALLU,CU,,,,81.690558,16.965076999999997
PASIVEDALA,PSDA,,,,81.700939,16.99331
Marwar Bagra,MBGA,NWR,Rajasthan,"SH 31, Rajasthan",72.59376099999999,25.208689
JANIYANA,JNE,NWR,Rajasthan,"State Highway 68, Rajasthan",72.336284,25.827638
SAMDHARI JN,SMR,NWR,Rajasthan,"Barmer, Rajasthan",72.57300699999999,25.837202
SUTLANA,SUT,NWR,Rajasthan,"Dundara, Rajasthan",72.951414,25.970783
PORBANDAR,PBR,WR,Gujarat,"Porbandar, Gujarat",69.615506,21.643597999999997
Chikkandawadi,CKVD,SWR,Karnataka,"Chikkandawadi, Karnataka",76.2025684888,14.137920273699999
Bhaton Ki Gali,BHG,NWR,Rajasthan,"Chomun, Rajasthan",75.712919,27.105646
Hanumangarh Town,HMO,NWR,Rajasthan,"Hanumangarh, Rajasthan",74.33120188303292,29.574220545495677
SARDARNAGAR,SANR,,,,83.494054,26.700858999999998
Giridih,GRD,ER,Jharkhand,"Giridih, Jharkhand",86.3146452,24.182255899999998
CHAURI CHAURA,CC,,,,83.545894,26.673882
KOMATIPALLI,KMPT,,,,79.5158922174,18.023547297
HASANPARTHI RD,HSP,,,,79.50184999999999,18.078262
Gagariya,GGY,NWR,Rajasthan,"State Highway 40, Rajasthan",70.734877,25.741083
NONAPAR,NNPR,,,,83.969786,26.353209
MAIRWA,MW,,,,84.151979,26.240309
TIRUPPUR KULIPALAYAM,KUY,,,,77.3893135876,11.1440279246
PARLI,PLL,,,,76.559421,10.800415
Agartala,AGTL,NFR,Tripura,"Agartala, Tripura",91.278481,23.792417
MANKARAI,MNY,,,,76.500232,10.771526
LAKKITI,LDY,,,,76.434467,10.753217
PALAPPURAM,PLPM,,,,76.398385813,10.7525187905
OTTAPPALAM,OTP,,,,76.377993,10.770046
MANNANUR,MNUR,,,,76.323555,10.749322
JIRADEI,ZRDE,,,,84.256142,26.220819
SIWAN JN,SV,,,,84.359267,26.210724000000003
PACHRUKHI,PCK,,,,84.415667,26.162627999999998
DURAUNDHA JN,DDA,,,,84.45894600000001,26.086973
CHAINWA,CW,,,,84.49649600000001,26.022117
POKRAN,POK,NWR,Rajasthan,"National Highway 15, Rajasthan",71.923129,26.930571
ODHANIYA CHACHA,OCH,NWR,Rajasthan,"National Highway 15, Rajasthan",71.718687,26.972848
EKMA,EKMA,,,,84.53637,25.967099
DAUDPUR,DDP,,,,84.591425,25.90709
KOPA SAMHOTA,KPS,,,,84.65281399999999,25.851866
BITHAULI,BTHL,,,,85.29179,25.817069
GAURI BAZAR,GB,,,,83.667801,26.594934000000002
BAITALPUR,BALR,,,,83.7385572,26.5526634
DEORIA SADAR,DEOS,,,,83.7819590961,26.5076811676
NUNKHAR,NRA,,,,83.880179,26.425483
Agomoni,AGMN,,,,89.786242,26.225947
BHANDUP,BND,,,,72.93723505,19.14200998
AMRITSAR JN,ASR,,,,74.858025,31.631511999999997
MULLURKARA,MUC,,,,76.271415,10.705843
WADAKANCHERI,WKI,,,,76.237041,10.648956
SURATGARH JN,SOG,NWR,Rajasthan,"National Highway 15, Rajasthan",73.90724800000001,29.324152
Sondad,SNV,SECR,Maharashtra,"National Highway 6, Maharashtra",80.094149,21.079845
Kayamsar,QMRS,NWR,Rajasthan,"State Highway 41, Rajasthan",75.000562,28.125576
Aliyabad,AYB,SWR,Karnataka,"Bijapur, Karnataka",75.758306,16.878268000000002
Munabao,MBF,NWR,Rajasthan,"Barmer, Rajasthan",70.276543,25.742614
Chilikidara,CLDR,ECoR,Orissa,"Orissa, Orissa",85.827112,21.243022
Kolayat,KLYT,NWR,Rajasthan,"Kolayat, Rajasthan",72.95507400000001,27.835319
CHALSA JN,CLD,NFR,West Bengal,"Chalsa, West Bengal",88.798213,26.882215
CARRON,CRX,NFR,West Bengal,"National Highway 31C, West Bengal",88.9704,26.880279
ITARSI F CABIN,ETF,,,,77.774856,22.61521
Chandanpahari,CNPI,ER,Jharkhand,"Chandanpahari, Jharkhand",86.953082,24.404224
MIDGHAT,MIG,,,,77.647526,22.828141000000002
BANDAKPUR,BNU,,,,79.575956,23.848205999999998
Chhota Gudha,COD,NWR,Rajasthan,"Ringas, Rajasthan",75.599508,27.293803
CHOKA,CHQ,,,,77.638968,22.864326000000002
MORADABAD,MB,,,,78.765801,28.831621000000002
ISRANA,IRA,NR,Haryana,"Israna, Haryana",76.85285999999999,29.291379
KARACHIYA YARD,KRCA,,,,73.132981,22.380046
BAJVA,BJW,,,,73.1431251,22.3662226
KOLLIDAM,CLN,SR,Tamil Nadu,"Vallampadugai, Tamil Nadu",79.718347,11.332713
OSHI,OSHI,,,,,
CHANDERIYA,CNA,WR,Rajasthan,"Chittorgarh, Rajasthan",74.629979,24.939557999999998
CHARKHARI ROAD,CRC,NCR,Uttar Pradesh,"Charkhari, Uttar Pradesh",79.74565299999999,25.307555999999998
BHATNI JN,BTT,,,,83.934035,26.381257
Cossimbazar,CSZ,ER,West Bengal,"Berhampore, West Bengal",88.266903,24.122264
VAREDIYA,VRE,,,,73.048979,21.85838
NABIPUR,NIU,,,,73.030592,21.807541
KTTY,KTTY,,,,,
CHAVAJ,CVJ,,,,73.010489,21.753134000000003
ANKLESHWAR JN,AKV,,,,73.000633,21.623889
CHANDRANATHPUR,CNE,NFR,Assam,"National Highway 54, Assam",92.71665800000001,24.984962
PANOLI,PAO,,,,72.978371,21.535197
CHANDAWAL,CNL,NWR,Rajasthan,"Pali, Rajasthan",73.86881457700001,25.946542716
BHESANA,BFY,NWR,Rajasthan,"Marwar, Rajasthan",73.7180903,25.82438
HATHURAN,HAT,,,,72.969512,21.501091000000002
Coromandel,COL,SWR,Karnataka,"KGF, Karnataka",78.257278,12.97518
KUDSAD,KDSD,,,,72.91647999999999,21.37682
SAYAN,SYN,,,,72.890287,21.317203
Makrandpur,MQP,NER,Uttar Pradesh,"Aonla- Bareilly Link Rd, Uttar Pradesh",79.290097,28.213407
GOTHANGAM,GTX,,,,72.880104,21.294043
MULANGUNNATHUKAVU,MGK,,,,76.207809,10.596938999999999
CHANAKYAPURI,CNKP,NR,Delhi NCT,"Chanakyapuri, Delhi NCT",77.172004,28.591905
UTRAN,URN,,,,72.85479600000001,21.232602
SURAT,ST,,,,72.840793,21.206568
UDHNA JN,UDN,,,,72.851461,21.171156
VALIVERU,VRU,,,,80.605456,16.188934
MARAMPALLI,MRPL,,,,81.63387399999999,16.843925
NIDADAVOLU JN,NDD,,,,81.67550399999999,16.898297
GUDMA,GDM,,,,80.287678,21.416128
BHUPDEOPUR,BEF,,,,83.25998102000001,21.975035039999998
RAIGARH,RIG,,,,83.39067,21.891288999999997
KOTARLIA,KRL,,,,83.482238,21.883182
Chettinad,CTND,SR,Tamil Nadu,"Kanadukathan, Tamil Nadu",78.775924,10.160613
SHERPUR,SEPR,NR,Uttar Pradesh,"State Highway 51, Uttar Pradesh",78.25287,28.919358
NAVSARI,NVS,WR,Gujarat,"Navsari, Gujarat",72.914294,20.946851
Jalalabad,JBD,NR,Punjab,"Jalalabad, Punjab",74.268446,30.60775
DAM DIM,DDM,NFR,West Bengal,"National Highway 31, West Bengal",88.67133299999999,26.859243000000003
CHITROD,COE,WR,Gujarat,"Kutch, Gujarat",70.655356,23.417869
Chomun Samod,COM,NWR,Rajasthan,"Chomun, Rajasthan",75.70272,27.158223
DHULKOT,DKT,NR,Haryana,"Ambala City, Haryana",76.78753499999999,30.395686
KANWAR,KUW,,,,81.21464405030001,25.7036520692
CHANDAULI MJHWR,CDMR,,,,83.267724,25.261093
IGPX,IGPX,,,,,
KHAGA,KGA,,,,81.102658,25.761853
KATOGHAN,KTCE,,,,81.16560600000001,25.730035
ATHSARAI,ASCE,,,,81.2620300824,25.678728805000002
Carmelaram,CRLM,SWR,Karnataka,"Bengaluru, Karnataka",77.706014,12.907633
CHANDAR,CNR,SWR,Goa,"CHANRA (chandor), Goa",74.047794,15.264834
Chimidipalli,CMDP,ECoR,Andhra Pradesh,"Borra, Andhra Pradesh",83.07686199999999,18.262764
VINDHYACHAL,BDL,,,,82.5020212,25.160771699999998
TISUA,TSA,,,,79.58628900000001,28.136577
Thasra,TAS,WR,Gujarat,"National Highway 59, Gujarat",73.221682,22.797769
GHAGHARA GHAT,GHT,,,,81.5033135022,27.1026834977
BABHNAN,BV,,,,82.500127,26.938525000000002
Chilwariya,CLW,NER,Uttar Pradesh,"Bahraich, Uttar Pradesh",81.69873199999999,27.487001000000003
OKAC,OKAC,,,,,
GAUR,GAUR,,,,82.56115799999999,26.913411
TINICH,TH,,,,82.639707,26.882281000000003
BHATPAR RANI,BHTR,,,,84.03310139999999,26.3104766
TURKI,TUR,,,,85.354709,26.034431
RAM DAYALU NAGAR,RD,,,,85.38359600000001,26.097367
BHITAURA,BTO,,,,79.306506,28.469954
PARSA KHERA,PKRA,,,,79.34185199999999,28.433371
CHANETI,CHTI,,,,79.42916573,28.3087958495
BILPUR,BLPU,,,,79.62578099999999,28.083668
MIRANPUR KATRA,MK,,,,79.674809,28.03708
MILAKPUR HALT,MILA,,,,79.71796182739999,27.988261374
TILHAR,TLH,,,,79.741776,27.972984
CHIRAKKAL,CQL,SR,Kerala,"Kannur district, Kerala",75.353696,11.911049
PUNKUNNAM,PNQ,,,,76.20943,10.535053999999999
THRISUR,TCR,,,,76.207919,10.514790000000001
CHAMARAJANAGAR,CMNR,SWR,Karnataka,"Chamarajnagar, Karnataka",76.932807,11.934891
CHAMARAJAPURAM,CMJ,SWR,Karnataka,"Mysore, Karnataka",76.637861,12.29844
BARKHERA,BKA,,,,77.649646,22.917359
OBAIDULLA GANJ,ODG,,,,77.587299,22.994912
ANCHELI,ACL,WR,Gujarat,"Navsari, Gujarat",72.944978,20.845167
CHORVAD ROAD,CVR,WR,Gujarat,"Gadu, Gujarat",70.290734,21.055196000000002
CHIKALTHANA,CTH,SCR,Maharashtra,"Aurangabad, Maharashtra",75.402851,19.859565
BHARATKUND,BTKD,NR,Uttar Pradesh,"Bikapur, Uttar Pradesh",82.12739309999999,26.6360965
Dhariwal,DHW,NR,Punjab,"Dhariwal, Punjab",75.32156499999999,31.949113
SARAI,SAI,,,,85.27660900000001,25.779962
Chandiposi,CPE,SER,Orissa,"National Highway 23, Orissa",84.915988,22.068676999999997
CHUDAWA,CRU,SCR,Maharashtra,"Hingoli, Maharashtra",77.1169303369,19.1803282622
DHUBRI,DBB,NFR,Assam,"Dhubri, Assam",89.977952,26.023137000000002
PANIPAT JN,PNP,,,,76.96379300000001,29.388948
CHANDPUR SIAU HALT,CPS,NR,Uttar Pradesh,"Chandpur, Uttar Pradesh",78.27585499999999,29.13201
CHANOL,CX,WR,Gujarat,"State Highway 25, Gujarat",70.53884199999999,22.427916
CHAK SIKANDAR,CSR,ECR,Bihar,"Chak Sikander, Bihar",85.365246145,25.6767202377
Charpokhari Halt,CRQ,ECR,Bihar,"Charpokhari, Bihar",84.487603186,25.3615157718
VARANGAON,VNA,,,,75.9006577881,21.0097131944
DHANG,DAG,ECR,Bihar,"Bhang, Bihar",85.353298,26.7174
Charaud,CRW,NWR,Haryana,"National Highway 65, Haryana",75.6466632,29.0094584
BORTALAO,BTL,,,,80.626207,21.218301
KHARSIA,KHS,,,,83.102414,21.99178
ROBERTSON,ROB,,,,83.182508,21.988744
CHAPARMUKH JN,CPK,NFR,Assam,"Chaparmukh, Assam",92.511718,26.202272
Chhintanwala,CTW,NR,Punjab,"Sherpur Sodhian Link Rd, Punjab",76.014229,30.365958000000003
Chitradurg,CTA,SWR,Karnataka,"Chitradurga, Karnataka",76.386431,14.231154
Ambav,AAV,WR,Gujarat,"Ambav, Gujarat",,
MODUKURU,MDKU,,,,80.58380799999999,16.124988000000002
TSUNDURU,TSR,,,,80.58648699999999,16.157497
NAVABPALEM,NBM,,,,81.606702,16.831606
N MAYURBHANJ ROAD,NMBR,,,,87.038724,21.666901
BASTA,BTS,,,,87.0637831,21.7029241
Chhota Udepur,CTD,WR,Gujarat,"Vadodara, Gujarat",74.014286,22.314788
Digboi,DBY,NFR,Assam,"Tinsukia, Assam",95.61698200000001,27.383483
CHONDI,CWI,SCR,Maharashtra,"Parbhani, Maharashtra",77.1556666229,19.430619765
CHANNASANDRA,CSDR,SWR,Karnataka,"Bengaluru, Karnataka",77.6629705685,13.010940720799999
PALAKKAD,PGT,,,,76.641926,10.802091
Mindha,MNHA,NWR,Rajasthan,"Minda to Mandha Bhimsingh Rd, Rajasthan",75.33241,27.112061
DABHODA,DBO,WR,Gujarat,"Dabhoda, Gujarat",72.748038,23.168331000000002
DHABAN,DABN,NWR,Rajasthan,"Sangaria, Rajasthan",74.54288000000001,29.859997
DABLI RATHAN,DBI,NWR,Rajasthan,"Hanumangarh, Rajasthan",74.19093000000001,29.542416
SIDDHPUR,SID,WR,Gujarat,"State Highway 41, Gujarat",72.367959,23.918067
ARIGADA,ARGD,ECR,,,85.466475,23.643461000000002
CHHATAINI,CTJ,WCR,Madhya Pradesh,"Awasthi Sadan Rd, Madhya Pradesh",81.287323,23.994088
KATANGI KHURD,KTKD,WCR,Madhya Pradesh,"State Highway 10, Madhya Pradesh",80.48673398129999,23.7758696073
Choral,CRL,WR,Madhya Pradesh,"SH 27, Madhya Pradesh",75.94413499999999,22.450677
Ambassa,ABSA,NFR,Tripura,"Ambassa, Tripura",91.860783,23.930507
Navalpura,NVP,,,,73.19955399999999,23.289155
Dabka,DBKA,SCR,Madhya Pradesh,"Amlakhurd, Madhya Pradesh",76.720809,21.361353
Champapukur,CQR,ER,West Bengal,"Kholapota, West Bengal",88.80796000000001,22.656633999999997
NAYA AZADPUR,NDAZ,,,,77.166876,28.714564
ADARSH NAGAR DELHI,ANDI,,,,77.16670699999999,28.714205
Churu,CUR,NWR,Rajasthan,"Churu, Rajasthan",74.966203,28.288281
BADLI,BHD,,,,77.1377425,28.746799999999997
KHERA KALAN,KHKN,,,,77.115838,28.769717999999997
HOLAMBI KALAN,HUK,,,,77.102334,28.801187
NARELA,NUR,,,,77.085727,28.846886
Chhindwara Junction,CWA,SECR,Madhya Pradesh,"Chhindwara, Madhya Pradesh",78.953212,22.058201
RATHDHANA,RDDE,,,,77.05914800000001,28.904132
Chandanattop Halt,CTPE,SR,Kerala,"Kilikkollur, Kerala",76.64532,8.932478000000001
HARANA KALAN,HNN,,,,77.039135,28.945425
SONIPAT,SNP,,,,77.017343,28.989423000000002
SANDAL KALAN,SLKN,,,,77.012589,29.063432000000002
RAJLU GARHI,RUG,,,,77.012109,29.090744
GANAUR,GNU,,,,77.01074999999999,29.130776
BHODWAL MAJRI,BDMJ,,,,77.0082364,29.1852092
SAMALKHA,SMK,,,,77.003034,29.240172
DIWANA,DWNA,,,,76.980194,29.318564
BABARPUR,BBDE,,,,76.966178,29.449652
KOHAND,KFU,,,,76.968758,29.494782
GHARAUNDA,GRA,,,,76.96575000000001,29.541636
BAZIDA JATAN,BZJT,,,,76.965812,29.613391
KARNAL,KUN,,,,76.969821,29.694566000000002
BHAINI KHURD,BZK,,,,76.95536200000001,29.751544
TARAORI,TRR,,,,76.93858,29.797906
NILOKHERI,NLKR,,,,76.925491,29.831492
KURUKSHETRA JN,KKDE,,,,76.852795,29.969440000000002
DHANUVACHAPURAM,DAVM,SR,Kerala,"Dhanuvachapuram, Kerala",77.124352,8.378802
CHATTRIPUT,CTS,ECoR,Orissa,"Jeypore, Orissa",82.590027,18.922722
D.A.V.C.H. JALANDHAR,DAVJ,NR,Punjab,"Jalandhar, Punjab",75.56132,31.346977000000003
INDRAPURI,DLPI,NR,Delhi NCT,"Delhi Cantonment, Delhi NCT",77.14358825779999,28.628342466499998
Guwarighat,GRG,SECR,Madhya Pradesh,"Gwarighat, Madhya Pradesh",79.92761300000001,23.110295
DELHI SAFDARJUNG,DSJ,NR,Delhi NCT,"Netaji Nagar, Delhi NCT",77.186969,28.582121
DHURANA,DHRN,NR,Haryana,"Panipat, Haryana",76.803295,29.253606
DUDIA,DUK,NWR,Rajasthan,"Dundara, Rajasthan",72.902042,25.934458
DUROJI,DAJ,SWR,Karnataka,"Bellary, Karnataka",76.70013,15.227107
CHAKIA THERMAL HALT,BTPH,,,,86.01624276369999,25.4012639369
JATHA,JDDA,,,,82.875333703,22.0159803866
JHARRADIH,JDI,,,,83.050747,21.999876
Devakottai Road,DKO,SR,Tamil Nadu,"NH 210, Tamil Nadu",78.761747,10.037610999999998
DIBAI,DIB,NR,Uttar Pradesh,"Dibai, Uttar Pradesh",78.303084,28.19378
JUHI OUTER CABIN,CNJO,,,,80.3239098425,26.4531901925
LAMBIYA,LMA,NWR,Rajasthan,"National Highway 79, Rajasthan",74.58561499999999,25.578333999999998
DBLG,DBLG,,,,,
Devgarh Madriya,DOHM,NWR,Rajasthan,"Devgarh, Rajasthan",73.855552,25.610206
NHLG,NHLG,,,,,
DAYANAND NAGAR,DYE,SCR,Andhra Pradesh,"Secunderabad, Andhra Pradesh",78.53134999999999,17.456247
DABILPUR,DBV,SCR,Andhra Pradesh,"Rangareddy, Andhra Pradesh",78.470315,17.674226
JGLP,JGLP,,,,,
BAHADURGARH,BGZ,NR,Haryana,"Bahadurgarh, Haryana",76.930886,28.700863000000002
PNSR,PNSR,,,,,
DAMNAGAR,DME,WR,Gujarat,"Damnagar, Gujarat",71.509053,21.688346
Aranghata,AG,ER,West Bengal,"Haranath Para Ln, West Bengal",88.613551,23.242037
RELANGI,RLG,SCR,Andhra Pradesh,"Relangi, Andhra Pradesh",81.64411,16.709921
BMY C CABIN,CCAB,,,,81.44306300000001,21.209789
DHONDI,DNDI,SCR,Maharashtra,"State Highway 148, Maharashtra",76.736112,19.106268
NIDUBROLU,NDO,,,,80.557243,16.067904
Fazilka,FKA,NR,Punjab,"Fazilka, Punjab",74.02541699999999,30.408641
TADEPALLIGUDEM,TDD,,,,81.526314,16.809960999999998
PRATTIAPADU,PTPU,,,,81.581431,16.820864999999998
Bardi Halt,BDHT,SECR,Madhya Pradesh,"State Highway 19, Madhya Pradesh",78.822411,21.621177
Dodajala Lake,DJL,SWR,Karnataka,"Hosur Road., Karnataka",77.652122,13.183156
Dhing,DIU,NFR,Assam,"National Highway 37, Assam",92.45086500000001,26.453101
Dugdol,DGQ,NWR,Gujarat,"Dhanera, Gujarat",72.096828,24.631708
Dagru,DAU,NR,Punjab,"Dagru, Punjab",75.047442,30.834858
GHOSHAWAR,GWH,,,,85.24335073670001,25.737421135399998
HAJIPUR JN,HJP,,,,85.2155,25.702909000000002
ENBG,ENBG,,,,,
PUDUKAD,PUK,,,,76.26070700000001,10.420507
NELLAYI,NYI,,,,76.275994,10.392415000000002
UTTUKULI,UKL,,,,77.448615,11.156494
TIRUPPUR,TUP,,,,77.341247,11.108906
SOMANUR,SNO,,,,77.18638,11.087247
SULUR ROAD,SUU,,,,77.11729,11.049634
IRUGUR,IGU,,,,77.06913399999999,11.017199
SINGANALLUR,SHI,,,,77.03945900000001,11.012921
PILAMEDU,PLMD,,,,76.999566,11.033241
COIMBATORE JN,CBE,,,,76.966298,10.997639
PODANUR JN,PTJ,,,,76.990125,10.965425
MADUKARAI,MDKI,,,,76.94295000000001,10.900858
IRINJALAKUDA,IJK,,,,76.280924,10.339456
CHALAKUDI,CKI,,,,76.3218076,10.3017975
DIVINE NAGAR,DINR,,,,76.3363143628,10.2853993721
KORATTI ANGADI,KRAN,,,,76.355901,10.260123
KARUKKUTTY,KUC,,,,76.373077,10.225757
ANGAMALI,AFK,,,,76.37786,10.183676
CHOVVARA,CWR,,,,76.37218899999999,10.133064
Darjeeling,DJ,NFR,West Bengal,"Darjeeling, West Bengal",88.263326,27.038151
ALUVA,AWY,,,,76.356508,10.108163
KALAMASSERY,KLMR,,,,76.32695600000001,10.061818
EDAPPALLY,IPL,,,,76.298271,10.034338
ERNAKULAM TOWN,ERN,,,,76.2861,9.991582000000001
ETTIMADAI,ETMD,,,,76.89715500000001,10.898788
WALAYAR,WRA,,,,76.8376135147,10.8471810329
Dhablan,DBN,NR,Punjab,"Gurudwara Ishar Darbar Rd, Punjab",76.276917865,30.3379133215
Dabpal,DBF,?,Chhattisgarh,"Dabpal, Chhattisgarh",81.488923,18.927979999999998
Dhing Bazar,DBZ,NFR,Assam,"Mathaouri Rd, Assam",92.481039,26.455873
CHULLIMADA,CLMD,,,,76.801793,10.837164999999999
KOTTEKAD,KTKU,,,,76.693457,10.815731
DALMERA,DLC,NWR,Rajasthan,"Bikaner, Rajasthan",73.65658,28.417832
TIRUNETTUR,TNU,,,,76.30765699999999,9.933729
KUMBALAM,KUMM,,,,76.3116,9.906723
AROOR HALT,AROR,,,,76.30283299999999,9.8791031
EZHUPPUNNA,EZP,,,,76.302391,9.820288000000001
TURAVUR,TUVR,,,,76.309979,9.772809
ERNAKULAM JN. C,ERSC,,,,76.28985899999999,9.978060000000001
DHANAPUR ORISSA,DIR,ECoR,Orissa,"National Highway 43, Orissa",82.50739300000001,18.945173
DEORANIAN,DRN,NER,Uttar Pradesh,"SH 37, Uttar Pradesh",79.476473,28.64478
BEGU SARAI,BGS,ECR,Bihar,"06243-222853, Bihar",86.134476,25.425296
BAKHLETA,BQQ,,,,79.96972000000001,23.846381
GULABPURA,GBP,NWR,Rajasthan,"Gulabpura, Rajasthan",74.65595449829999,25.9027951891
RITHI,REI,,,,80.140267,23.904168
MORADABAD WEST,MBWC,,,,78.7596338837,28.83865785
HARTHALA,HRH,,,,78.73559542849999,28.8719872056
GOHAD ROAD,GOA,NCR,Madhya Pradesh,"Bhind, Madhya Pradesh",78.439153,26.480421000000003
DHANORA DECCAN,DHNR,SCR,Maharashtra,"Kinwat, Maharashtra",78.13275402709999,19.465517438899997
ALLAHABAD JN,ALD,,,,81.828816,25.446241
Etah,ETAH,NCR,Uttar Pradesh,"Etah, Uttar Pradesh",78.65391899999999,27.571173
GANDHIGRAM,GG,WR,Gujarat,"Ahmedabad, Gujarat",72.568831,23.02676
BHUSAVAL JN,BSL,,,,75.78867170000001,21.0472812
KOPAR ROAD,KOPR,,,,73.077841,19.211345
GANGATIKURI,GGLE,ER,West Bengal,"State Highway 6, West Bengal",88.087286,23.71822
KARWANDIA,KWD,,,,84.084599,24.953195
Gadra Road,GDD,NWR,Rajasthan,"Gadara, Rajasthan",70.64304,25.743851
SASARAM,SSM,,,,84.019423,24.955926
DHATRIGRAM,DTAE,ER,West Bengal,"Dhatrigram, West Bengal",88.31182199999999,23.277796
SELOO ROAD,SLOR,,,,78.71490899999999,20.776649999999997
SINDI,SNI,,,,78.883342,20.816446
Dhansura,DNUA,WR,Gujarat,"State Highway 68, Gujarat",73.19870999999999,23.351916
SULGARE,SGRD,,,,82.743775,22.019979
BARADWAR,BUA,,,,82.813724,22.011725000000002
SAKTI,SKT,,,,82.956526,22.011785000000003
ERIODU,EDU,SR,Tamil Nadu,"State Highway 74, Tamil Nadu",78.05712899000001,10.515627989999999
SARJU,SUJ,,,,81.648076,27.111885
GANGAIKONDAN,GDN,SR,Tamil Nadu,"Thoothukudi, Tamil Nadu",77.786203,8.830736
LANDAURA,LDR,,,,77.941557,29.814493
DUGANPUR,DUN,,,,79.13019,28.658317
CLUTTER BUCK GANJ,CBJ,,,,79.371946,28.396895
BAREILLY,BE,,,,79.4108444,28.337154299999998
NHGJ,NHGJ,,,,,
DITOKCHERRA,DTC,NFR,Assam,"North Cachar Hills, Assam",92.798715,25.090538
BADURPUR GHAT,BPG,NFR,Assam,"National Highway 53, Assam",92.581099,24.872902
Girdharpur,GIW,NCR,Rajasthan,"State Highway 6, Rajasthan",76.794583,25.845508
RASURIYA,RYS,,,,79.47445900000001,28.26396
NAYAGAON,NYO,,,,85.099366,25.763263
PARMANANDPUR,PMU,,,,85.133951,25.741290999999997
Gainsari Junction,GIR,NER,Uttar Pradesh,"Balrampur, Uttar Pradesh",82.5441789069,27.526839296800002
BAPATLA,BPP,,,,80.46842480000001,15.9086144
APPIKATLA,APL,,,,80.514466,15.970371
MACHAVARAM,MCVM,,,,80.54154100000001,16.025343
CHEBROL,CEL,,,,81.396533,16.819948
Ghogardiha,GGH,ECR,Bihar,"Ghoghardiha, Bihar",86.468503,26.282768
BADAMPUDI,BPY,,,,81.473751,16.828104
AMARDA ROAD,ARD,,,,87.102374,21.734258
PERUNDURAI,PY,,,,77.628672,11.25334
FAQARSAR,FSR,NR,Punjab,"Fakarsar, Punjab",74.57257200000001,30.189431000000003
CHAKITING,CFG,NFR,Assam,"Dhodar Ali, Assam",94.0956546234,26.5616754046
INGUR,IGR,,,,77.587299,11.22501
VIJAYAMANGALAM,VZ,,,,77.522231,11.195525
DOULTA,DLA,,,,78.42932499999999,24.998509000000002
TALBAHAT,TBT,,,,78.414552,25.039255
MATATILA,MZX,,,,78.40284000000001,25.0851
BASAI,BZY,,,,78.394254,25.142923
BABINA,BAB,,,,78.451748,25.237832
KHAJRAHA,KHJ,,,,78.478365,25.304157999999997
BIJAULI,BJI,,,,78.51774610000001,25.3764678
JHANSI A CABIN,JHSA,,,,78.545787,25.41949
JHANSI JN,JHS,,,,78.55298499999999,25.443585
KARARI,KRQ,,,,78.509084,25.530800000000003
DATIA,DAA,,,,78.456356,25.641070000000003
SONAGIR,SOR,,,,78.409099,25.730668
KOTRA,KTRA,,,,78.381661,25.811253999999998
DABRA,DBA,,,,78.331015,25.881197
SIMARIATAL,SMTL,,,,78.3042595734,25.9219956094
ANANT PAITH,AEH,,,,78.2761320917,25.955389501299997
Farhatnagar,FRH,NR,Uttar Pradesh,"Farhatnagar, Uttar Pradesh",80.143212,27.081164
Gautamdhara,GATD,SER,Jharkhand,"Gautamdhara, Jharkhand",85.6329945703,23.3498809788
Gir Gadhara,GEG,WR,Gujarat,"Junagadh, Gujarat",70.919246,20.906347
Phulad,FLD,NWR,Rajasthan,"State Highway 62, Rajasthan",73.81311799999999,25.623979
Ganga Dham,GADM,NER,Uttar Pradesh,"Ganga Dham, Uttar Pradesh",81.930509,27.20976
Dhamtari,DTR,SECR,Chhattisgarh,"Dhamtari, Chhattisgarh",81.550321,20.714515000000002
DHAREWADA,DRW,WR,Gujarat,"Unjha, Gujarat",72.378575,23.960815999999998
KHIMEL,KZQ,NWR,Rajasthan,"Jawai Bandh, Rajasthan",73.279577,25.300189
HARDUA,HDU,,,,80.2834127417,23.9150542164
HALDWANI,HDW,NER,Uttarakhand,"Haldwani, Uttarakhand",79.533732,29.215097
AKALTARA,AKT,,,,82.422049,22.029121
Halbarga,HBU,SCR,Karnataka,"Halbarga, Karnataka",77.298175,17.988470000000003
GANGAKHER,GNH,SCR,Maharashtra,"State Highway 217, Maharashtra",76.755511,18.973377
NAILA,NIA,,,,82.56458900000001,22.022963999999998
KUMAHU,KMGE,,,,83.946305,24.976944
SHIU SAGAR ROAD,SSG,,,,83.895453,24.999464999999997
CHAMPA,CPH,,,,82.665149,22.034731
Gautampura Road,GPX,WR,Madhya Pradesh,"Barnagar, Madhya Pradesh",75.68198989999999,23.2008894
RAIGADH ROAD,RGQ,NWR,Gujarat,"National Highway 8, Gujarat",73.183592,23.596666
GODHANESHWAR,GS,WR,Gujarat,"Bagodara Dholka Link Rd, Gujarat",72.36834,22.68118
Gulaothi,GLH,NR,Uttar Pradesh,"Gulaothi, Uttar Pradesh",77.801799,28.582962
Hasanabad,HNB,ER,West Bengal,"Taki, West Bengal",88.912953,22.570155
PULLA,PUA,,,,81.324846,16.809911
KAIKORAM,KKRM,,,,81.36421899999999,16.815341
JALESWAR,JER,,,,87.22049100000001,21.79749
FAIZULLAPUR,FYZ,,,,80.893347,25.869213
ERODE JN,ED,,,,77.72593400000001,11.327682
Harpalu,HR,NWR,Rajasthan,"Bahal, Rajasthan",75.4910470972,28.569053803099997
RASULABAD,RUB,,,,80.977088,25.826999
SATH NARAINI,SNIE,,,,81.03942,25.795325
DESUR,DUR,SWR,Karnataka,"Desur, Karnataka",74.49801,15.754344
CHINCHLI,CNC,SWR,Karnataka,"Belagavi, Karnataka",74.855323,16.571696999999997
MATLABPUR,MTB,,,,78.656727,28.989821
KANTH,KNT,,,,78.621471,29.059768000000002
MEWA NAWADA,MWE,,,,78.613167,29.118385
SEOHARA,SEO,,,,78.580977,29.204807000000002
CHAKRAJ MAL,CAJ,,,,78.536047,29.249784000000002
DHAMPUR,DPR,,,,78.501588,29.305446
HABIBWALA,HBW,,,,78.47897300000001,29.349034
GADHAKDA,GKD,WR,Gujarat,"Gadhakada Rd, Gujarat",71.38171899999999,21.237962
PURAINI,PNI,,,,78.445574,29.388929
NAGINA,NGG,,,,78.424119,29.437919
BUNDKI,BEK,,,,78.3932854,29.522577000000002
GYANPUR ROAD,GYN,NER,Uttar Pradesh,"Bhadohi District, Uttar Pradesh",82.4272883557,25.280144010999997
MURSHADPUR,MSDR,,,,78.3756456903,29.57239523
NAJIBABAD JN,NBD,,,,78.335733,29.603540000000002
FAZALPUR,FZL,,,,78.27795372130001,29.5937410175
CHANDOK,CNK,,,,78.152782,29.576786
BALAWALI,BLW,,,,78.1124328,29.6274345
RAISI,RSI,,,,78.0664335504,29.6928321018
ADESAR,AAR,WR,Gujarat,"Dist. Kachchh, Gujarat",70.9720505023,23.552978399500002
HARIHAR,HRR,SWR,Karnataka,"Harihar, Karnataka",75.812314,14.515431
Ganguwada,GVA,ECoR,Andhra Pradesh,"Ganguwada, Andhra Pradesh",84.1072235,18.66763705
Gurhi,GUX,SCR,Madhya Pradesh,"Khandwa, Madhya Pradesh",76.58074500000001,21.629554
HANUMANGARH JN,HMH,NWR,Rajasthan,"Hanumangarh, Rajasthan",74.297633,29.614904
Angadippuram,AAM,SR,Kerala,"Angadipuram, Kerala",76.20734300000001,10.979489000000001
PHILLAUR JN,PHR,,,,75.78576100000001,31.016907
LADHOWAL,LDW,,,,75.78581100000001,31.016957
LUDHIANA JN,LDH,,,,75.84787299999999,30.912367
DHANDARIKALAN BLOCK HUT,BHOI,,,,75.87188,30.894741
Kiwar Khed,HKR,SCR,Maharashtra,"State Highway 194, Maharashtra",76.8767,21.186952
DHANDARI KALAN,DDL,,,,75.90949099999999,30.874477
SANAHWAL,SNL,,,,75.9795,30.837436
DORAHA,DOA,,,,76.04330300000001,30.804137
JASPALON,JSPN,,,,76.0801522656,30.7847375851
CHAWAPALL,CHA,,,,76.127464975,30.7594625741
KHANNA,KNN,,,,76.22513400000001,30.707973
GOVINDGARH,GVG,,,,76.2970739075,30.6694834261
SIRHIND JN,SIR,,,,76.383194,30.624222
SADHOO GARH,SDY,,,,76.44847259640001,30.5828632034
SARAI BANJARA,SBJ,,,,76.515682,30.538386
RAJPURA JN,RPJ,,,,76.5940201901,30.486458949
SAMBHU,SMU,,,,76.684143667,30.4290274715
CHODIALA,CDL,,,,77.738546,29.896397999999998
IQBALPUR,IQB,,,,77.803799,29.875114
ROORKEE,RK,,,,77.87417,29.851671
DHANDHERA,DNRA,,,,77.9019227979,29.8434029837
DAUSNI,DSNI,,,,77.979636,29.784745
CHANNAPATNA,CPT,SWR,Karnataka,"Channapatna, Karnataka",77.203824,12.659673000000002
KATHGHAR,KGF,,,,78.796689,28.826066
DALPATPUR,DLP,,,,78.87718699999999,28.820438
MUNDHA PANDE,MPH,,,,78.939038,28.800366999999998
RAMPUR,RMU,,,,79.023419,28.778862999999998
SHAHZAD NAGAR,SAR,,,,79.05214699999999,28.750033000000002
DHAMORA,DAM,,,,79.087745,28.707129000000002
AMBIKA BHAWANI HALT,AABH,,,,84.9690033484,25.751433665
DIGHWARA,DGA,,,,85.003168,25.743938
SITALPUR,STLR,,,,85.03663800000001,25.768739999999998
JIWDHARA,JDR,ECR,Bihar,"Jiwdhara, Bihar",84.906874,26.581722
AGHWANPUR,AWP,,,,78.702865,28.939542
KHARI AMRAPUR,KIA,WR,Gujarat,"State Highway 237, Gujarat",72.913948,23.390711
IBRAHIMPUR,IMR,SWR,Karnataka,"Bijapur, Karnataka",75.719362,16.802926
JUNAGADH JN,JND,WR,Gujarat,"Junagadh, Gujarat",70.457612,21.530606
JALIYA,JA,WR,Gujarat,"Ranuja Village Rd, Gujarat",71.6324910046,21.8163569109
INDUPALLI,IDP,SCR,Andhra Pradesh,"Krishna, Andhra Pradesh",80.87706899999999,16.479094
DODBELE,DBL,SWR,Karnataka,"National Highway 4, Karnataka",77.351193,13.216441000000001
KHURMABAD ROAD,KVD,,,,83.848303,25.021489000000003
Jamadobu,JBO,SER,Jharkhand,"Jharia, Jharkhand",86.410031,23.715138999999997
KUDRA,KTQ,,,,83.79337100000001,25.048552
PUSAULI,PSE,,,,83.72151,25.097235
SITAMPET,STPT,,,,81.211206,16.797409
JHAMATPUR BAHARAN,JHBN,ER,West Bengal,"Goai, West Bengal",88.098669,23.749987
AMBALA CITY,UBC,,,,76.763996,30.378497
JIRAT,JIT,ER,West Bengal,"Jirat, West Bengal",88.461461,23.098255
BHIMADOLU,BMD,,,,81.26109679,16.80848173
Jerthi Dadhia,JDD,NWR,Rajasthan,"MDR 87, Rajasthan",75.2010774705559,27.731618001396782
LAKSHANNATH ROAD,LXD,,,,87.25095300000001,21.842011
JUGIJAN,JGJN,NFR,Assam,"National Highway 36, Assam",92.81771,26.028001
JAMGURI,JMI,NFR,Assam,"National Highway 39, Assam",93.9604479663,26.3877071452
CANSAULIM,CSM,SWR,Goa,"Arossim Beach Rd, Goa",73.897226,15.344532000000001
BURHPURA,BPW,,,,78.42955,25.211179
Indemau,IDM,NR,Uttar Pradesh,"Indemau, Uttar Pradesh",80.767021,26.318344
KASTURI,KSR,,,,81.728838,27.139983
MAIJAPUR,MIR,,,,81.773788,27.141734
Junnor Deo,JNO,CR,Madhya Pradesh,"Dongar Parasia, Madhya Pradesh",78.592052,22.191279
GONDA KACHAHRI,GDK,,,,81.93402688110001,27.1402272205
BARUACHAK,BRCK,,,,82.055181,27.122672
Jogal,JOL,?,Orissa,"Jogal, Orissa",86.88271399999999,21.696442
Ichauli,ICL,NCR,Uttar Pradesh,"Maudaha, Uttar Pradesh",80.178833,25.520955
MOTIGANJ,MOTG,,,,82.103635,27.101387
JHILAHI,JLHI,,,,82.17287785639999,27.072604043299997
Kachna,KAU,NFR,West Bengal,"National Highway 34, West Bengal",88.0246425354,25.6337383216
Bela Bela,BBHL,,,,81.2487596802,26.137192374999998
JANWAL,JOA,SCR,Maharashtra,"Latur, Maharashtra",76.75514700000001,18.559639999999998
Jadar,JADR,WR,Gujarat,"State Highway 9, Gujarat",72.952369,23.745814000000003
Jojwa,JJW,WR,Gujarat,"Vadodara, Gujarat",73.642431,22.253213000000002
MANKAPUR JN,MUR,,,,82.227648,27.039058
LAKHPAT NAGAR,LKNR,,,,82.2775887885,27.0276257858
MASKANWA,MSW,,,,82.3597396039,27.0013792301
ANANGUR,ANU,,,,77.820053,11.396939999999999
Pawapuri Road Halt,POE,,,,85.512918,25.160225
S NARAYAN CHPLA,SNC,,,,82.3961659851,26.9810021017
Hasanbazar Halt,HSB,ECR,Bihar,"Hasan Bazar, Bihar",84.34929577759999,25.2665823122
BAHMAN JYOTIA,BNGY,,,,82.4273550012,26.9662637829
PARSA TEWARI,PATI,,,,82.45215499999999,26.95565
JHUSI,JI,NER,Uttar Pradesh,"NH 2, Uttar Pradesh",81.91664399999999,25.431145
GOVINDNAGAR,GOVR,,,,82.707468,26.864223000000003
BASTI,BST,,,,82.77005899999999,26.815678
ORWARA,ORW,,,,82.83031100000001,26.802388999999998
CHUREB,CRV,,,,82.97763599999999,26.782155
MANANWALA,MOW,,,,74.96656200000001,31.612827000000003
JANDIALA,JNL,,,,75.05441200000001,31.589979
TANGRA,TRA,,,,75.107232,31.576425999999998
Jaswantgarh,JSH,NWR,Rajasthan,"Sujangarh, Rajasthan",74.44396800000001,27.668988
BUTARI,BTR,,,,75.183274,31.556444
BABA BAKALARAYA,BBKR,,,,75.238827,31.541835000000003
BEAS,BEAS,,,,75.2908085,31.5193738
DHILWAN,DIW,,,,75.335011,31.498953
RAMIDI HALT,RYM,,,,75.4078429907,31.4659508779
Kauriaa Jungle,JKI,?,Uttar Pradesh,"National Highway 29, Uttar Pradesh",83.29979800000001,26.881072
HAMIRA,HMR,,,,75.432702,31.45628
KARTARPUR,KRE,,,,75.492544,31.432388
SURA NUSSI,SRX,,,,75.541964,31.380553
Punthottam,POM,,,,79.65731229,10.93262802
Loha,LOHA,NWR,Rajasthan,"Ratangarh, Rajasthan",74.619424,28.006921
BABA SODHAL NAGAR,BBSL,,,,75.5648681348,31.3530203474
JALANDHAR CITY,JUC,,,,75.591499,31.331665
Kurabalakota,KBA,SCR,Andhra Pradesh,"Kurabalakota Railway Station, Andhra Pradesh",78.48584299999999,13.666284000000001
JALANDHAR CANT,JRC,,,,75.63210600000001,31.306235
Ambikeshwar,ABE,NCR,Madhya Pradesh,"State Highway 2, Madhya Pradesh",77.963828,26.368567
CHIHERU,CEU,,,,75.70669127869999,31.262694745
MAULI HALT,MLIH,,,,75.769234,31.175
MAULA ALI,MAUL,,,,75.769544,31.17531
GORAYA,GRY,,,,75.77419300000001,31.129722
Jutogh,JTO,NR,Himachal Pradesh,"Shimla, Himachal Pradesh",77.122043,31.100734
Jamalpur Shaikhan,JPS,?,Punjab,"MDR 101, Punjab",75.857438,29.699949
BHATIAN,BTTN,,,,75.780007,31.071444
PANCHPATIA DEORIA HALT,PPDA,,,,84.9361293799,25.768730655699997
KHARBAO,KHBV,CR,Maharashtra,"Thane, Maharashtra",72.983444,19.297247
KELA DEVI,KEV,WCR,Rajasthan,"Bharatpur, Rajasthan",77.329069,27.015612
KORADACHERI,KDE,SR,Tamil Nadu,"Koradacheri, Tamil Nadu",79.49003499999999,10.771022
SHRI GHASINAGAR,SHGN,,,,76.6268054126,27.086514837299998
KOLAGHAT,QGT,,,,87.879653656,22.434330919300002
BIWAI,BW,,,,76.6960924713,27.110623039700002
KUSMHI,KHM,,,,83.453837,26.72824
NAINI,NYN,,,,81.86004199999999,25.393138
CHITAHRA,CTHR,WCR,Madhya Pradesh,"MDR 11, Madhya Pradesh",80.842854,24.862627000000003
SATNA,STA,WCR,Madhya Pradesh,"Satna, Madhya Pradesh",80.827717,24.568619
KALAS HALT,KALS,SWR,Karnataka,"State Highway 6, Karnataka",75.3899776996,15.08644671
KAILASAPURAM,KLPM,SR,Tamil Nadu,"Thattaparai, Tamil Nadu",77.9946102,8.847387005
Khanapur Deccan,KHNP,SCR,Karnataka,"State Highway 4, Karnataka",77.382161,17.942175
Krishna Ballabh,KBSH,ER,Jharkhand,"Giridih, Jharkhand",86.482965,24.255819
KUKMA,KEMA,WR,Gujarat,"Kutch, Gujarat",69.766265,23.217031
Karaikkudi Junction,KKDI,SR,Tamil Nadu,"Ariyakudi Road, Tamil Nadu",78.79331499999999,10.068518
JIRONA,JXN,?,Maharashtra,"Nanded, Maharashtra",77.95139499999999,19.407451000000002
KARONJI,KJZ,SECR,Chhattisgarh,"Devipur, Chhattisgarh",82.923013,23.282475
Kandaghat,KDZ,NR,Himachal Pradesh,"Kandhaghat, Himachal Pradesh",77.106996,30.965544
Nagapattinam Beach,NPB,SR,Tamil Nadu,"Nagapattinam, Tamil Nadu",79.848443,10.764487
MUNDIKOTA,MNU,,,,79.834833,21.372513
Jiwa Arain,JWN,NR,Punjab,"State Highway 20, Punjab",74.355654,30.673761
KACHEWANI,KWN,,,,79.981657,21.430310000000002
AMGAON,AGN,,,,80.3746491022,21.361292855400002
LNMA,LNMA,,,,,
DURG,DURG,,,,81.291837,21.200326999999998
KAPAN,KPNA,,,,82.494827,22.026018
KIRODIMALNAGAR,KDTR,,,,83.33250699999999,21.926994
MUTHANI,MTGE,,,,83.61914300000001,25.173236999999997
STUARTPURAM,SPF,,,,80.406913,15.868003
ELURU,EE,,,,81.11976200000001,16.717816
DENDULURU,DEL,,,,81.18047200000001,16.781406
ANGUA,AGV,,,,87.26992299999999,21.892581999999997
DANTAN,DNT,,,,87.284055,21.930376
Khutauna,KHTN,ECR,Bihar,"Khutuana, Bihar",86.397414,26.494365000000002
BHABUA ROAD,BBU,,,,83.618913,25.173007
Kasganj City,KJC,NER,Uttar Pradesh,"State Highway 33, Uttar Pradesh",78.658063,27.814972
DURGAUTI,DGO,,,,83.539684,25.207897000000003
MAVELIPALAIYAM,MVPM,,,,77.89921204650001,11.4809140096
SANKARIDURG,SGE,,,,77.870439,11.445732
DHANICHHA,DCX,,,,83.4908372314,25.2271654039
KHAIRAR JN,KID,NCR,Uttar Pradesh,"NH-76 Banda(05192-224813), Uttar Pradesh",80.236073,25.451955
KHOH,KHOH,NCR,Uttar Pradesh,"National Highway 76, Uttar Pradesh",80.979976,25.209491000000003
Kauli,KLI,NR,Punjab,"National Highway 64, Punjab",76.51987899999999,30.418387999999997
KULPAHAR,KLAR,NCR,Uttar Pradesh,"Kulpahar, Uttar Pradesh",79.63751,25.29552
KARAMNASA,KMS,,,,83.430892,25.239738
KHANNA BANJARI,KHBJ,WCR,Madhya Pradesh,"State Highway 11, Madhya Pradesh",80.822716,23.897087
SAIDRAJA,SYJ,,,,83.35118,25.253531
GANJ KHAWAJA,GAQ,,,,83.18436299999999,25.273922000000002
FLYOVER CABIN MUGHALSARAI,FOCM,,,,83.172391,25.289358999999997
Kirakat,KCT,NER,Uttar Pradesh,"Jaunpur, Uttar Pradesh",82.924798,25.645355
KHALILABAD,KLD,,,,83.055073,26.77453
MAGHAR,MHH,,,,83.133741,26.750013
SIHAPAR,SIPR,,,,83.16487227660001,26.757903231
SAHJANWA,SWA,,,,83.2147,26.763075
MALWAN,MWH,,,,80.685594,26.017246
JAGATBELA,JTB,,,,83.278505,26.772224
Krishnarajasagar,KJS,SWR,Karnataka,"Mandya District, Karnataka",76.56702899999999,12.401425999999999
Kalka,KLK,NR,Haryana,"Kalka, Haryana",76.931759,30.837667
PILLAMSHAT,PNS,,,,,
KURASTI KALAN,KKS,,,,80.752455,25.955085
FATEHPUR,FTP,,,,80.801869,25.917489
DOMINGARH,DMG,,,,83.341993,26.765251
BANKATA,BTK,,,,84.09492,26.265917
KALA BAKRA,KKL,NR,Punjab,"Dhogri Rd, Punjab",75.63034779659999,31.4751812122
BARAGOPAL,BAGL,,,,84.906765,25.765088
AWATAR NAGAR,ATNR,,,,84.956774,25.764395999999998
KHOTKHOTI,KHKT,NFR,Assam,"Golaghat Rd, Assam",93.754761,25.952482999999997
ANTRI,ARI,,,,78.2266994458,26.0352337224
KADIPUR SANI HA,KDPS,NER,Uttar Pradesh,"Kadipur Sani, Uttar Pradesh",80.779037,27.862753
KHIRI TOWN,KITN,NER,Uttar Pradesh,"Kheri, Uttar Pradesh",80.788481,27.902943999999998
MANDA ROAD,MNF,,,,82.236678,25.162718
MIRZAPUR,MZP,,,,82.56986900000001,25.13435
JHINGURA,JHG,,,,82.6513464526,25.124474674400002
PAHARA,PRE,,,,82.7247816913,25.1197842638
DAGMAGPUR,DAP,,,,82.800991,25.098881000000002
CHUNAR,CAR,,,,82.874703,25.103351
KAILAHAT,KYT,,,,82.947581,25.155223
AHRAURA ROAD,ARW,,,,83.0188834607,25.1965007241
JEONATHPUR,JEP,,,,83.0618954504,25.2313981241
NEW WEST CABIN,NEWC,,,,83.10921,25.273789999999998
POWERKHEDA,PRKD,,,,77.747363,22.673479
ITAYAKALAN,ITKL,,,,77.5462,23.049837
KOSMA,KOZ,NCR,Uttar Pradesh,"Kosma, Uttar Pradesh",78.837282,27.156663
MANDI DIP,MDDP,,,,77.511077,23.093747
KUTRALAM,KTM,SR,Tamil Nadu,"Kuthalam, Tamil Nadu",79.557389,11.069825000000002
NANDGAON,NGN,,,,74.659526,20.307616
KATAKHAL JN,KTX,NFR,Assam,"Hailakandi, Assam",92.62706700000001,24.83436
Korba,KRBA,SECR,Chhattisgarh,"Korba, Chhattisgarh",82.71301299999999,22.337584
ITARSI JN,ET,,,,77.767128,22.608258
KUDALA SANGAM,KSAR,SWR,Karnataka,"NH 13, Karnataka",75.891059,16.306774
KYATSANDRA,KIAT,SWR,Karnataka,"Tumkur, Karnataka",77.1481127075,13.3161963923
KASHIPURA SARAR,KSPR,,,,73.145838,22.120085999999997
CONTAI ROAD,CNT,,,,87.33984000000001,22.078584
Kuarmunda,KRMD,SER,Orissa,"Sundargarh, Orissa",84.789851,22.286675000000002
GHATERA,GEA,,,,79.6733909,23.8293873
KHAIRATABAD DCN,KQD,SCR,Andhra Pradesh,"Hyderabad, Andhra Pradesh",78.46165,17.414221
Mehuwala Halt,MHUL,,,,75.31496800000001,29.411154
ORKI,ORKI,NR,Rajasthan,"National Highway 15, Rajasthan",73.891318,30.091597
HADIAYA,HYA,NR,Punjab,"Khudi Rd, Punjab",75.477006,30.337054
Malkera Junction,MLQ,SER,Jharkhand,"National Highway 32, Jharkhand",86.29694900000001,23.779733
Kohir Deccan,KOHR,SCR,Andhra Pradesh,"Telangana Region, Andhra Pradesh",77.71197699999999,17.608886
HIMMATPURA,HMQ,NR,Haryana,"Tohana, Haryana",75.860597,29.750497
NABA GRAM KANKU,NBKH,ER,West Bengal,"Nabagram Kakurhati, West Bengal",88.10026,23.661572
AMBIKA KALNA,ABKA,ER,West Bengal,"Kalna, West Bengal",88.353984,23.211377
KHAMARGACHHI,KMAE,ER,West Bengal,"Khamargachi, West Bengal",88.44421,23.054229
IPURUPALEM,IPPM,,,,80.38512200000001,15.851913000000001
Kanina Khas,KNNK,NWR,Haryana,"MDR 124, Haryana",76.300375,28.321248999999998
NUZVID,NZD,,,,80.96152799999999,16.649931
Konch,KNH,NCR,Uttar Pradesh,"Kocha, Uttar Pradesh",79.15770702,25.99510551
VATLUR,VAT,,,,81.044473,16.69451
HAMITONGANJ,HOJ,NFR,West Bengal,"Hamiltonganj, West Bengal",89.416841,26.688907
IPRA,IPRA,,,,,
KHAMKHED,KMKD,,,,76.122339,20.904161000000002
NIKURSINI,NSI,,,,87.30618600000001,22.004654000000002
KOTLI KALAN,KTKL,NR,Punjab,"State Highway 12A, Punjab",75.297550556,30.0411022365
Jhankad Sarala Road,JSRD,?,Orissa,"Jhankad, Orissa",86.304284,20.290186
Dalpat Singhpur,DPT,,,,73.524416,29.929458
BELDA,BLDA,,,,87.33691374,22.07144398
MALKHERI,MAKR,,,,78.223009,24.169924
MAGUDANCHAVADI,DC,,,,77.987264,11.55092
BAGHORA,BJQ,,,,78.2603362,24.1358767
KHURAI,KYE,,,,78.33112799999999,24.051525
SUMRERI,SMRR,,,,78.399411,24.006945
KHEROL,KOY,WR,Gujarat,"State Highway 237, Gujarat",72.934133,23.310434
JALIYA MATH,JLM,WR,Gujarat,"State Highway 68, Gujarat",72.877596,23.227583000000003
JERUWA KHERA,JRK,,,,78.478729,23.973744999999997
KAVERI,CV,,,,77.760945,11.351027
ISARWARA,ISH,,,,78.548987,23.927214
CPMR,CPMR,,,,,
NARIAOLI,NOI,,,,78.604147,23.89567
Kosli,KSI,NWR,Haryana,"Tumna Rd, Haryana",76.464704,28.411947
RATONA,RTZ,,,,78.685372,23.83539
SAUGOR,SGO,,,,78.74292,23.84735
Kundara,KUV,SR,Kerala,"Kundara, Kerala",76.67854899999999,8.960373
DELHI CANTT,DEC,NR,Delhi NCT,"Mayapuri Industrial Area Phase II/Lajwanti Garden, Delhi NCT",77.116577,28.613534
MAKRONIA,MKRN,,,,78.80807700000001,23.867050000000003
LIDHORA KHURD,LDA,,,,78.87232300000001,23.852972
KARHIYA BHADELI,KYX,,,,79.50456299999999,23.858463999999998
GOLA PATI,GTY,,,,79.738652,23.798776
SAGONI,SAO,,,,79.8114389709,23.811896152499997
SALAIA,SYA,,,,79.96911659119999,23.8460764217
Kamalur,KMLR,ECoR,Chhattisgarh,"Kamalur, Chhattisgarh",81.276887,18.854521000000002
MAJHGAWAN PHATA,MJGP,,,,80.3474740967,23.883133289299998
KATNI MURWARA,KMZ,,,,80.4014844,23.8343563
Kendposi,KNPS,SER,Jharkhand,"National Highway 75, Jharkhand",85.73248199999999,22.294845000000002
BINDKI ROAD,BKO,,,,80.580557,26.116562000000002
KANSPUR GUGAULI,KSQ,,,,80.625838,26.074302
NAGOTHANE,NGTN,CR,Maharashtra,"Raigad, Maharashtra",73.14076899999999,18.539932
Khanudih,KNF,SER,Jharkhand,"Bokaro, Jharkhand",86.19215700000001,23.820217999999997
AGASOD,AGD,,,,78.216912,24.234023
KARONDA,KOA,,,,78.265477,24.330273
MOHASA,MXS,,,,78.2889,24.378687
Khori,KORI,NWR,Haryana,"State Highway 26, Haryana",76.498091,28.187268
DHAURA,DUA,,,,78.321791,24.44965
JAKHALAUN,JLN,,,,78.341911,24.547359
JIRON,JRO,,,,78.361937,24.608534000000002
LALITPUR,LAR,,,,78.395791,24.688222
DAILWARA,DWA,,,,78.392945,24.78059
JAKHAURA,JHA,,,,78.400513,24.870821
GHATAKA VARANA,GKB,,,,76.160353,25.506883
LAR ROAD,LRD,NER,Uttar Pradesh,"Deoria, Uttar Pradesh",83.91018299999999,26.21389
LEHRA MUHABBAT,LHM,NR,Punjab,"National Highway 64, Punjab",75.162817,30.236037
JALGAON JN,JL,,,,75.56287499999999,21.018114999999998
ARNETHA,ARE,,,,76.01867416990001,25.3897784806
LIMBGAON,LBG,SCR,Maharashtra,"Huzur Sahib Nanded, Maharashtra",77.2061342529,19.176458097999998
KESHORAI PATAN,KPTN,,,,75.937733,25.324522
GURLA N CABIN,GNCN,,,,75.9046559998,25.2972303873
HIRAPUR,HPR,,,,74.9366600031,20.424540226700003
GURLA N,GQLN,,,,75.90029863459999,25.2936031538
MAISAR KHANA,MASK,NR,Punjab,"State Highway 12A, Punjab",75.13917000000001,30.099805
LAKHABAWAL,LKBL,WR,Gujarat,"Jamnagar, Gujarat",69.99951399999999,22.409215
GURLA W,GQLW,,,,75.8848308038,25.2903301845
Kayalpattinam,KZY,SR,Tamil Nadu,"Arumuganeri, Tamil Nadu",78.09973,8.566912
GURLA,GQL,,,,75.88526800000001,25.270233
SANJALI,SNJL,,,,72.98861337459999,21.5758091157
XX-CLDO,XX-CLDO,,,,,
DDYX,DDYX,,,,,
Korari,KURO,NR,Uttar Pradesh,"State Highway 38, Uttar Pradesh",80.529002,26.48788
XX-SUNB,XX-SUNB,,,,,
KOSAMBA JN,KSB,,,,72.95459799999999,21.464052
KCCN,KCCN,,,,75.879265,25.239081
MNVL,MNVL,,,,,
Kishan Manpura,KMNP,NWR,Rajasthan,"State Highway 19, Rajasthan",75.504945,27.299546000000003
SITARAMPUR,STN,,,,86.896472,23.723864
THAPAR NAGAR,TNW,,,,86.70137,23.769198
MEHSI,MAI,ECR,Bihar,"Mehsi, Bihar",85.096319,26.354898000000002
ALMATTI,LMT,SWR,Karnataka,"Bijapur, Karnataka",75.90050000000001,16.3459
Kharkhauda,KXK,NR,Uttar Pradesh,"State Highway 18, Uttar Pradesh",77.73904300000001,28.833444999999998
Lankalakoderu,LKDU,SCR,Andhra Pradesh,"Lankala Koderu, Andhra Pradesh",81.68124399999999,16.534517
AMBIKAPUR,ABKP,SECR,Chhattisgarh,"Surguja, Chhattisgarh",83.14510899999999,23.137032
LIMBDI,LM,WR,Gujarat,"Limbdi, Gujarat",71.789599,22.566039999999997
LalgopalGanj,LGO,NR,Uttar Pradesh,"Lal Gopalganj, Uttar Pradesh",81.630185,25.642195
CHHAPRA KACHERI,CI,,,,84.74709499999999,25.785987000000002
GOLDINGANJ,GJH,,,,84.827254,25.754174
KAGWAD,KGWD,,,,,
Lohapur,LAP,ER,West Bengal,"Sagardighi Railway Station, West Bengal",87.963719,24.302357
JANDRAPETA,JAQ,,,,80.333681,15.809517
CHIRALA,CLX,,,,80.353602,15.830755
VIRAVALLI,VRVL,,,,80.912201,16.615947
KUP,KUP,NR,Punjab,"Kup Khurd, Punjab",75.852845957,30.6007316295
CHAK RAKHWAL,CRWL,,,,,
LalGanj,LLJ,NR,Uttar Pradesh,"Lalganj, Uttar Pradesh",80.973175,26.172392000000002
CHAUTH KA BARWARA,CKB,,,,76.14905300000001,26.051333
CHAURAKHERI,CRKR,WCR,Rajasthan,"Chaurakher, Rajasthan",77.12201900000001,24.567234000000003
DIGOD,DXD,WCR,Rajasthan,"Kota, Rajasthan",76.01539600000001,25.196344
KAJORAGRAM,KJME,ER,West Bengal,"Near Andal, West Bengal",87.18466500000001,23.615327
Matheran,MAE,CR,Maharashtra,"Matheran, Maharashtra",73.270911,18.989244
Maonda,MADA,NWR,Rajasthan,"State Highway 13, Rajasthan",75.827673,27.809478
VIRAPANDY ROAD,VRPD,,,,78.07458100000001,11.59699
KARBIGWAN,KBN,,,,80.502629,26.200502
AUNG,AUNG,,,,80.544495,26.16423
LONAND,LNN,CR,Maharashtra,"Jn Point Daund /Miraj /Pune, Maharashtra",74.190477,18.040769
SANDALPUR,SLV,,,,78.19639500000001,26.113488
SITHOULI,STLI,,,,78.18700399999999,26.145594
GWALIOR JN,GWL,,,,78.18229199999999,26.216483
RAYARU,RRU,,,,78.12986400000001,26.307454
BANMOR,BAO,,,,78.0989272,26.355565
Kuanriya,KXA,NWR,Rajasthan,"State Highway 12, Rajasthan",74.000153,25.130668
NURABAD,NUB,,,,78.078092,26.406043999999998
SANK,SANK,,,,78.059751,26.430519999999998
MORENA,MRA,,,,78.003442,26.500504
HETAMPUR,HET,,,,77.942969,26.611148
GHER,GHER,,,,77.950981,26.666953
DHAULPUR,DHO,,,,77.90604900000001,26.697592
Kurumbur,KZB,SR,Tamil Nadu,"Thoothukudi, Tamil Nadu",78.03964,8.585754999999999
Nallacheruvu,NCU,SCR,Andhra Pradesh,"Chennai - Anantpur Rd, Andhra Pradesh",78.17773399999999,14.020565
MANIA,MIA,,,,77.91964999999999,26.805806
JAJAU,JJ,,,,77.936725,26.934561
BILOCHPURA AGRA,BFP,,,,77.987169,27.202619000000002
LUKWASA,LWS,WCR,Madhya Pradesh,"Lukwasa, Madhya Pradesh",77.590102,25.110195
RUNKUTA,RNKA,,,,77.89793499999999,27.22285
TUGLAKABAD EAST CABIN,TKEC,,,,77.276461,28.547701
MALA,MALA,NER,Uttar Pradesh,"Pilibhit, Uttar Pradesh",79.916972,28.592851
Mairabari,MBO,NFR,Assam,"Nagaon, Assam",92.421058,26.450839000000002
MAVAL,MAA,NWR,Rajasthan,"National Highway 14, Rajasthan",72.70044,24.432277
KIVARLI,KWI,NWR,Rajasthan,"Shri Amirgadh, Rajasthan",72.8424186963,24.5405071601
SALAI BANWA,SLBN,,,,83.00889543950001,24.421213361299998
DIWR,DIWR,,,,,
CUKI,CUKI,,,,,
NEW KATNI JN,NKJ,,,,80.4204539438,23.8136370394
MANDAPAM,MMM,SR,Tamil Nadu,"National Highway 49, Tamil Nadu",79.157354,9.280516
MAJADA HALT,MJHL,NR,Uttar Pradesh,"Majada Halt, Uttar Pradesh",78.74320900000001,28.461762
MALLEMADUGU,MLMG,SCR,Andhra Pradesh,"Khammam, Andhra Pradesh",80.1605882117,17.3251381906
RATANGAON,RTGN,,,,79.8925106329,23.8365760851
PATOHAN,PTHD,,,,80.1904672913,23.914016508499998
MALSAILU,MLSU,SCR,Maharashtra,"Hingoli, Maharashtra",77.1232376385,19.8680489165
XX-BDXO,XX-BDXO,,,,,
ABOHAR,ABS,NR,Punjab,"Abohar, Punjab",74.19568617739999,30.1393834225
MONGLAJHORA,MONJ,NFR,Assam,"Dhubri Kochugaon Rd, Assam",89.963309,26.259236
MAHPUR,MHO,NER,Uttar Pradesh,"Mahpur Bhimapar Marg, Uttar Pradesh",83.246984,25.605166
GOSALPUR,GSPR,WCR,Madhya Pradesh,"Jabalpur, Madhya Pradesh",80.059225,23.381806
MADAN MAHAL,MML,WCR,Madhya Pradesh,"Jabalpur, Madhya Pradesh",79.920425,23.159475
MALLAPUR,MLP,SWR,Karnataka,"State Highway 30, Karnataka",75.610219,15.672447
Abutara Halt,ABW,NFR,West Bengal,"Dinhata, West Bengal",89.5868746,26.0707762
VAGHLI,VGL,,,,75.074337,20.522648999999998
Mudigubba,MGB,SCR,Andhra Pradesh,"Mudigubba, Andhra Pradesh",77.994996,14.349934000000001
Mokalsar,MKSR,NWR,Rajasthan,"Mokalsar, Rajasthan",72.5180445245,25.625350216
MAYAKONDA,MYK,SWR,Karnataka,"State Highway 47, Karnataka",76.08138100000001,14.284214
DELHI KISHANGANJ,DKZ,NR,Delhi NCT,"Sarai Rohilla, Delhi NCT",77.201256,28.664731999999997
MORAIYA,MORA,WR,Gujarat,"National Highway 8A, Gujarat",72.454814,22.946834
KHARAWAR,KRZ,NR,Haryana,"Kharawar, Haryana",76.681044,28.83154
MUKUNDWADI HALT,MKDD,SCR,Maharashtra,"Aurangabad, Maharashtra",75.367553,19.859544
AMBARI,ABX,SCR,Maharashtra,"Kinwat, Maharashtra",78.2166847791,19.6893606972
BAKTAR NAGAR,BQT,,,,87.15689900000001,23.589945
RANIGANJ,RNG,,,,87.11698,23.602851
NIMCHA,NMC,,,,87.090288,23.626716
KALIPAHARI,KPK,,,,87.01593,23.6652
ASANSOL EAST,ASNE,,,,86.991176,23.686432
ASANSOL JN,ASN,,,,86.975152,23.691441
BARACHAK,BCQ,,,,86.92813299999999,23.706726
Milaoli,MIAL,NCR,Madhya Pradesh,"National Highway 3, Madhya Pradesh",78.120963,26.296423
ZARAP,ZARP,KR,Maharashtra,"Sindhudurg, Maharashtra",73.734105,15.94768
Manigachi,MGI,ECR,Bihar,"Darbhanga, Bihar",86.146605,26.213719
Mahanadi,MHN,NFR,West Bengal,"Pankhabari Rd, West Bengal",88.318628,26.882301000000002
Machhakunda,MKRD,ECoR,Orissa,"Padwa Rd, Orissa",82.666955,18.566875
Manihari,MHI,NFR,Bihar,"Manihari Railway Station, Bihar",87.6197250085,25.343215469
Hillgrove,HLG,SR,Tamil Nadu,"Nilgiris, Tamil Nadu",,
TELAPROLU,TOU,,,,80.890556,16.598822000000002
MADHUKUNDA,MDKD,SER,West Bengal,"Barakar, West Bengal",86.869091,23.626630000000002
PAMPORE,PMPR,,,,80.4835424152,26.2451000771
MIRAJ JN,MRJ,CR,Maharashtra,"Maniknagar Bypass, Maharashtra",74.638839,16.819946
BHANDAI,BHA,,,,77.96680748,27.06906445
MANWAL,MNWL,NR,Jammu and Kashmir,"Jandrah, Jammu and Kashmir",75.13222499999999,32.769105
AGRA CANTT,AGC,,,,77.990153,27.157992
RAJA KI MANDI,RKM,,,,77.996613,27.193811
KITHAM,KXM,,,,77.817054,27.253709
FARAH TOWN,FHT,,,,77.75808599999999,27.318183
MANDAVALLI,MDVL,SCR,Andhra Pradesh,"Mandavalli, Andhra Pradesh",81.1607440393,16.518809308199998
FARAH,FAR,,,,77.743659,27.334474
CHINPAI,CPLE,ER,West Bengal,"National Highway 60, West Bengal",87.46063699999999,23.839677000000002
BAAD,BAD,,,,77.68965184,27.3959406
VRINDABAN ROAD,VRBD,,,,77.622835,27.555461
AJHAI,AJH,,,,77.55842299999999,27.63615
CHATA,CHJ,,,,77.502978,27.711992000000002
KOSI KALAN,KSV,,,,77.445999,27.788551
BANCHARI,BNCR,,,,77.362553,27.953084999999998
MAJRI NANGAL,MJNL,NWR,Rajasthan,"State Highway 52, Rajasthan",76.554869,28.011996999999997
DANISHPET,DSPT,,,,78.1382563446,11.858919162400001
SHOLAKA,SHLK,,,,77.360583,27.973644
PALWAL,PWL,,,,77.34223200000001,28.151841
ASAOTI,AST,,,,77.323569,28.250878
PIYALA BLOCK HUT,PYLA,,,,77.317824,28.288129
BALLABGARH,BVH,,,,77.312775968,28.3408609239
TINNAPPATTI,TNT,,,,78.09880299999999,11.812422
KARUPPUR,KPPR,,,,78.090379,11.724176
FARIDABAD NEW TOWN,FDN,,,,77.30936799999999,28.376247999999997
TUGLAKABAD CABIN,TKDC,,,,77.303032,28.458853
TUGLAKABAD,TKD,,,,77.294046,28.511962999999998
Mihinpurwa,MIN,NER,Uttar Pradesh,"Mihinpurwa, Uttar Pradesh",81.38446715209999,28.0273441203
Mul Marora,MME,SECR,Maharashtra,"Mul, Maharashtra",79.65827900000001,20.053466
MADHOPUR PUNJAB,MDPB,NR,Punjab,"Madhopur, Punjab",75.594728,32.359168000000004
GHIALA,GILA,NR,Punjab,"MDR 42, Punjab",75.64393899999999,32.151615
MUKERIAN,MEX,NR,Punjab,"Mukerian, Punjab",75.61183799999999,31.941873
MALKISAR,MLC,NWR,Rajasthan,"Bikaner, Rajasthan",73.862645,28.654232
KESHAVGANJ,KVJ,NWR,Rajasthan,"Jawai Bandh, Rajasthan",73.07132899999999,24.856164
Nema Halt,NEMA,?,Bihar,"National Highway 22, Bihar",85.0722485132,25.409592285400002
MAYILADUTURAI JN,MV,SR,Tamil Nadu,"Mayiladuthurai, Tamil Nadu",79.62868,11.095237000000001
NIMTITA,NILE,ER,West Bengal,"NH-34, West Bengal",88.00764,24.625338
BALA ROAD,BLRD,WR,Gujarat,"State Highway 19, Gujarat",71.703754,22.80462
MURTI,MRTY,SCR,Maharashtra,"State Highway 169, Maharashtra",76.59157300000001,18.681887
MANJATTIDAL,MCJ,SR,Tamil Nadu,"Mela Kalkandar Kottai Tiruchchirappalli 620011, Tamil Nadu",78.731401,10.792057
VIRAMGAM JN,VG,,,,72.052968,23.129098
ROHINI,RHNE,,,,74.859800722,20.3628714458
SOKALI,XSK,,,,72.09033854249999,23.1031879212
JAKHVADA,JKA,,,,72.1353813153,23.0872076126
VIROCHANNAGAR,VCN,,,,72.1961836121,23.0784842293
BLOCK AND CATCH SIDING CABINE NO.2,TGR2,,,,73.499954,19.701406
MAUHARI,MZH,SECR,Madhya Pradesh,"Amarkantak Rd, Madhya Pradesh",81.769465,23.118661000000003
MULVAD,MVD,SWR,Karnataka,"Bijapur, Karnataka",75.746926,16.620372
NIDVANDA,NDV,SWR,Karnataka,"NH 207, Karnataka",77.2731255127,13.245141950999999
CHHARODI,CE,,,,72.2509186072,23.049123517599998
Murahara,MRHA,?,Bihar,"Murahara, Bihar",86.9345261145,24.9133804384
VASAN IYAWA,WSE,,,,72.3131250098,23.026557611799998
Naranpur,NANR,ECoR,Orissa,"Naranpur Railway Station, Orissa",85.63786800000001,21.617209
SPBK,SPBK,,,,,
SANAND,SAU,,,,72.3847494653,23.024215821600002
GORA GHUMA,GGM,,,,72.454405,23.038847999999998
AMBLI ROAD,ABD,,,,72.494044,23.05437
CHANDLODIYA,CLDY,,,,72.543606,23.074516000000003
Nindhar Benar,NDH,NWR,Rajasthan,"Benad Rd, Rajasthan",75.7290964111,27.003881709799998
KOTA JN,KOTA,,,,75.8805,25.223553
SABARMATI F CABIN,SBTF,,,,72.57010600000001,23.085912
MATAUNDH,MTH,NCR,Uttar Pradesh,"National Highway 76, Uttar Pradesh",80.148507,25.418978
NAGDA JN,NAD,,,,75.41249099999999,23.45592
KHARSALIYA,KRSA,,,,73.55448093439999,22.7050879399
DEROL,DRL,,,,73.462158,22.630205
Nandi Halt,NDY,SWR,Karnataka,"Nandi, Karnataka",77.71248600000001,13.384141999999999
VADODARA JN,BRC,,,,73.181065,22.310756
BAKROL,BKRL,,,,73.4192042773,22.5881026822
THONGANUR,TNGR,,,,78.358665,12.082270000000001
BUDDIREDDIPPATI,BDY,,,,78.3127518,12.044658609999999
BOMMIDI,BQI,,,,78.2462805359,11.984698435
LOKUR,LCR,,,,78.174049,11.927787
MAJGAON ASSAM,MZQ,NFR,Assam,"National HIghway 31, Assam",90.57413700000001,26.430697
CHAMPANER RD JN,CPN,,,,73.393378,22.541916
LOTANA,LAN,,,,73.363557,22.523268
SAMLAYA JN,SMLA,,,,73.302104,22.483966
ALINDRA ROAD,AIR,,,,73.239854,22.440575
PILOL,PIO,,,,73.186675,22.39641
MERALGRAM,MQX,ECR,Jharkhand,"Garhwa, Jharkhand",83.70963400000001,24.19691
CHHAYAPURI,CYI,,,,73.179698,22.388284
Mandhali,MYE,NR,Punjab,"Mandhali, Punjab",75.831855,31.204703000000002
SARASWATINAGAR,SRWN,,,,81.603905,21.251382
MAGARDAHA,MWF,ECR,Uttar Pradesh,"Obra, Uttar Pradesh",82.905844,24.388752999999998
MAHROI,MFQ,WCR,Madhya Pradesh,"State Highway 10, Madhya Pradesh",80.919501,23.951414
LAKHAKHERA,LEK,WCR,Madhya Pradesh,"Lakhakhera, Madhya Pradesh",80.574139,23.7639
NIDAMANURU,NDM,SCR,Andhra Pradesh,"Vijayawada, Andhra Pradesh",80.730551,16.507237
MOTIPUR,MTR,ECR,Bihar,"National Highway 28, Bihar",85.1681972229,26.257038720999997
Murli Halt,MRLI,ER,Jharkhand,"Pakur, Jharkhand",87.77319899999999,25.017163
Madwarani,MWRN,SECR,Chhattisgarh,"Janjgir-Champa, Chhattisgarh",82.711553,22.165407000000002
DDAC,DDAC,,,,,
XX-ANK,XX-ANK,,,,,
ROOMA,RXM,,,,80.43035699999999,26.35704
NIRA,NIRA,CR,Maharashtra,"Satara, Maharashtra",74.20908244200001,18.1049649229
HALT,HALT,,,,,
KULTI,ULT,,,,86.84886999999999,23.737816
Matalkunta,MTV,SCR,Andhra Pradesh,"Telangana Region, Andhra Pradesh",77.56294000000001,17.768291
BARAKAR,BRR,,,,86.818859,23.7416829
KUMARDUBI,KMME,,,,86.794065,23.747453
MUGMA,MMU,,,,86.747614,23.751414
KALUBATHAN,KAO,,,,86.661294,23.758149
PRADHANKHUNTA,PKA,,,,86.515977,23.772589999999997
Misrikh Tirath,MSTH,NR,Uttar Pradesh,"Sitapur, Uttar Pradesh",80.530303,27.422483999999997
Murliganj,MRIJ,ECR,Bihar,"Murliganj, Bihar",87.000446,25.888506
DOKRA HALT,DOKM,,,,86.480808,23.782884
DHANBAD JN,DHN,,,,86.428956,23.790966
MAHGAWAN HALT,MGWN,NR,Uttar Pradesh,"Nawab Yousuf Rd, Uttar Pradesh",82.69625099999999,25.817255999999997
DHONDHA DIH,DDD,NER,Uttar Pradesh,"MDR 94E, Uttar Pradesh",83.79552,25.672848
KHED,KHED,KR,Maharashtra,"Khed, Maharashtra",73.40881499999999,17.712059
ASNOTI,AT,KR,Karnataka,"Uttara Kannada, Karnataka",74.147683,14.876286
Machilipatnam,MTM,SCR,Andhra Pradesh,"Machilipatnam, Andhra Pradesh",81.137763,16.171258
JHUND,JN,,,,71.936146626,23.1606089618
SADLA,SADL,,,,71.850678,23.134597
BHADLI,BDI,,,,75.672912326,21.0236632507
TARSOD,TRW,,,,75.63321499999999,21.025557000000003
AUSA ROAD,OSA,CR,Maharashtra,"State Highway 77, Maharashtra",76.4079921729,18.3772296262
KAJGAON,KJ,,,,75.140405,20.573753
NOMODA,NMD,WCR,Rajasthan,"MDR 111, Rajasthan",76.57945000000001,26.280074
HADGAON ROAD,HDGR,SCR,Maharashtra,"Nanded, Maharashtra",77.722863,19.332338999999997
PRANTIJ,PRJ,WR,Gujarat,"National Highway 8, Gujarat",72.862688,23.439324000000003
CHALISGAON JN,CSN,,,,74.999049,20.464109
VADODARA E CABIN,BRGZ,,,,73.159395,22.363671
NARIYAR,NRV,ECR,Bihar,"Nariyaar, Bihar",85.217642,26.240375999999998
Nyoriya Husenpur,NRY,NER,Uttar Pradesh,"Neoria Husainpur, Uttar Pradesh",79.88966099999999,28.734528
PIPLAJ,PPF,NWR,Rajasthan,"Beawar, Rajasthan",74.377466,26.164809
AMARPURA,APA,NWR,Rajasthan,"Kharwa, Rajasthan",74.249302,26.110972999999998
NAGAR UNTARI,NUQ,ECR,Jharkhand,"Garhwa, Jharkhand",83.51416499999999,24.285735
KOSAD,KSE,,,,72.86573000000001,21.255892
BANGALORE CITY JN,SBC,SWR,Karnataka,"Bengaluru, Karnataka",77.56808299999999,12.977595
TILDA,TLD,,,,81.794586,21.550734
GULEDAGUDDA RD,GED,SWR,Karnataka,"SH 44, Karnataka",75.69565899999999,16.069516
NIMBAL,NBL,SWR,Karnataka,"Bijapur, Karnataka",75.859907,17.118384
Nawagaon,NVG,CR,Madhya Pradesh,"Nayagaon, Madhya Pradesh",78.436386,22.088704
Nilambur Road,NIL,SR,Kerala,"Nilambur, Kerala",76.254779,11.278805
Noamundi,NOMD,SER,Jharkhand,"National Highway 215, Jharkhand",85.513684,22.15311
Achalganj,ACH,NR,Uttar Pradesh,"Bithar, Uttar Pradesh",80.54541499999999,26.444642
Osra,OSRA,WR,Madhya Pradesh,"Madhya Pradesh, Madhya Pradesh",75.77929449999999,23.1782623
Pennada Agraharam,PAGM,SCR,Andhra Pradesh,"West Godavari, Andhra Pradesh",81.577652,16.541296
NAILALUNG,NLN,NFR,Assam,"TV Centre Road, Assam",93.3888097504,25.7743785055
KETTANDAPATTI,KDY,,,,78.57149100000001,12.626458
XX-GTLB,XX-GTLB,,,,,
UPPUGUNDURU,UGD,,,,80.194463,15.650668
XX-TNGC,XX-TNGC,,,,,
XX-HPTB,XX-HPTB,,,,,
CHINNA GANJAM,CJM,,,,80.236773,15.689502
KADAVAKUDURU,KVDU,,,,80.2572977045,15.722540512
OATING,OTN,NFR,Assam,"National Highway 39, Assam",93.9872737866,26.429808896500003
NAZIRA,NZR,NFR,Assam,"Nazira Ali, Assam",94.72847999999999,26.905961
Namanasamudram,NMN,SR,Tamil Nadu,"Namunasamudiran, Tamil Nadu",78.777507,10.327487
Nadiapur,NPU,NFR,Tripura,"Nadiapur, Tripura",92.204092,24.385641000000003
NANAUTA,NNX,NR,Uttar Pradesh,"MDR 2W, Uttar Pradesh",77.442397,29.712202
MATHURA JN,MTJ,,,,77.67311699999999,27.480145
Itwari Jn (Ng),ITRN,,,,79.118302,21.156859
BHUTESHWAR,BTSR,,,,77.66784,27.501369999999998
HODAL,HDL,,,,77.38869,27.886147
OKHLA,OKA,,,,77.264825,28.559332
OEL,OEL,NER,Uttar Pradesh,"Oel, Uttar Pradesh",80.74816,27.819798
PHARADAHAN,PD,NER,Uttar Pradesh,"SH 21, Uttar Pradesh",80.631949,27.993457
MOLAKARAMPATTI,MOLK,,,,78.541815,12.466956
KAGANKARAI,KEY,,,,78.510114,12.412541
KUNNATHUR,KNNT,,,,78.49737599999999,12.360518
SAMALPATTI,SLY,,,,78.484032,12.311594
DASAMPATTI,DST,,,,78.438356,12.251026000000001
MORAPPUR,MAP,,,,78.393874,12.124073000000001
Nishangara,NSA,NER,Uttar Pradesh,"Uttar Pradesh, Uttar Pradesh",81.311271,28.112457
Oorgaum,OGM,SWR,Karnataka,"KGF, Karnataka",78.259747,12.95409
Nayagarh,NYG,?,Orissa,"National Highway 215, Orissa",85.433342,21.839609
Mohanpur,MHUR,ER,Jharkhand,"Mohanpur, Jharkhand",86.78564800000001,24.488460999999997
Coonoor,ONR,SR,Tamil Nadu,"Coonoor, Tamil Nadu",76.791337,11.343714
Obalapuram,OBM,SWR,Andhra Pradesh,"Bellary-Hiriyur Rd, Andhra Pradesh",76.836422,15.009799000000001
KOTAPAR ROAD,KPRR,ECoR,Chhattisgarh,"Bhansuli Kotpad PMGSY Rd, Chhattisgarh",82.30895,19.041434
INDRG,INDRG,,,,,
GNSYM,GNSYM,,,,,
JATPIPLI,JTX,,,,71.7022163385,23.076354329900003
BAJANA,BAJN,,,,71.77207677000001,23.10173524
VASADVA,VSV,,,,71.5952838086,23.0351625148
DHRANGDHRA,DHG,,,,71.4791076,22.9871651
SUKHPUR,SUK,,,,71.243815,23.014848
HALVAD,HVD,,,,71.1829095,23.0185158
DHANALA,DHNL,,,,71.084085,23.009171000000002
DEVALIYA,DVY,,,,71.01248185,23.02777493
KHAKHRECHI,KHXB,,,,70.90346000000001,23.056445
WADHARVA,WDHR,,,,70.828521,23.07645
MALIYA MIYANA,MALB,,,,70.75488469119999,23.103166868099997
KATARIYA,KATR,,,,70.604533,23.289037
VONDH,VONB,,,,70.399876,23.303951
BHACHAU BG,BCOB,,,,70.34497200000001,23.301391
CHIRAI BG,CHIB,,,,70.242149,23.208800999999998
BHIMASAR BG,BMSB,,,,70.174975,23.186504
GANDHIDHAM CABIN,GIMC,,,,70.150716,23.095023
PIPLIA,PIP,WR,Madhya Pradesh,"Panth Pipalia, Madhya Pradesh",75.007483,24.203692999999998
PANGAON,PNF,SCR,Maharashtra,"Pangaon, Maharashtra",76.635315,18.634293
PANIARA,PNRA,NER,Uttar Pradesh,"National Highway 29, Uttar Pradesh",83.525851,25.902065
PARLI VAIJNATH,PRLI,SCR,Maharashtra,"Parli-Vaijnath, Maharashtra",76.524424,18.853005
HARSAR DEHRI,HRDR,NR,Himachal Pradesh,"Harsar Dehri, Himachal Pradesh",76.03849100000001,32.104872
RAKHIYAL,RKH,WR,Gujarat,"Rakhiyal, Gujarat",72.903803,23.260621
PALIA KALAN,PLK,NER,Uttar Pradesh,"Palia Kalan, Uttar Pradesh",80.582392,28.426644
KIZHELUR,KVL,SR,Tamil Nadu,"THIRUKKANNANGUDI Rd, Tamil Nadu",79.743134,10.754287999999999
SHOLINGHUR,SHU,,,,79.484589,13.013974
PIPRA,PPA,ECR,Bihar,"National Highway 28, Bihar",84.98573499999999,26.489784
SABARMATI JN,SBT,,,,72.58928200000001,23.077545999999998
SABARMATI A CABIN,SBTA,,,,72.59293100000001,23.050805
ANAND JN,ANND,,,,72.965733,22.561307
VADOD,VXD,,,,73.00645,22.515278000000002
VASAD JN,VDA,,,,73.05999100000001,22.452351
VISHVAMITRI,VS,,,,73.178656,22.283932999999998
MAKARPURA,MPR,,,,73.175422,22.232706
BHUSAWAL C CABIN,BSCN,,,,75.821624,21.046545
PENDEKALLU,PDL,SCR,Andhra Pradesh,"Kurnool, Andhra Pradesh",77.647361,15.374513
THRISSUR OLLUR HALT,OLR,,,,76.237184,10.473341999999999
BYADARAHALLI,BDRL,SWR,Karnataka,"State Highway 17, Karnataka",76.7520832336,12.5019534049
YELIYUR,Y,SWR,Karnataka,"Bangalore-Mysore Rd, Karnataka",76.82957502260001,12.5106209267
ACHEGAON,ACG,,,,75.934247,20.976217
CHANDARI,CNBI,,,,80.360645,26.428098
RAPARLA HALT,RPRL,,,,80.16912099999999,15.619244
KOTTA PANDILA PALLI,KPLL,,,,80.281949,15.761413999999998
VETAPALEMU,VTM,,,,80.30065,15.783376
IPURUPALEM HALT,IPPN,,,,80.385512,15.852303000000001
Punalur,PUU,SR,Tamil Nadu,"Punalur, Tamil Nadu",76.916104,9.023336
HOJAI,HJI,NFR,Assam,"Hojai Rd. Ph:- 03674-252136., Assam",92.851752,26.001794
Rakhi,RHI,NWR,Rajasthan,"MDR 13, Rajasthan",72.5544692444,25.6871480115
Mahadev Buzurg,MHBG,NER,Uttar Pradesh,"Mahadeva Buzrug, Uttar Pradesh",82.87452,27.451000999999998
Panchgachia,PGC,ECR,Bihar,"Station Rd, Bihar",86.59822100000001,25.969294
GUDAPARTI,GDPT,,,,82.13113915769999,17.0281747457
SAMALKOT JN,SLO,,,,82.168724,17.044827
PITHAPURAM,PAP,,,,82.257512,17.11087
Panduranga Pura,PGP,SCR,Andhra Pradesh,"Manuguru, Andhra Pradesh",80.76459,17.718238
GOLLAPROLU,GLP,,,,82.290817561,17.1516644909
MALLAVARAM,MVRM,,,,82.3152851379,17.1810250515
DURGADA GATE,DGDG,,,,82.3489940906,17.2124765738
RAVIKAMPADU,RVD,,,,82.368151,17.230245
ANNAVARAM,ANV,,,,82.41967700000001,17.269633
Pratapnagar,PRTN,WR,Gujarat,"Vadodara, Gujarat",73.210289,22.281143
TIMMAPURAM,TMPM,,,,82.4504126416,17.288936392500002
RAJGHAT HALT,RGT,,,,87.15507600000001,21.764461999999998
RAMARAJU PALLI,RRJ,SCR,Andhra Pradesh,"Rayalaseema Region, Andhra Pradesh",77.61736699999999,15.041948
KARUVATTA HALT,KVTA,SR,Kerala,"Ashramam- Pulipra, Kerala",76.431242,9.316791
SMYD,SMYD,,,,,
PANELI MOTI,PLM,WR,Gujarat,"Paneli Moti, Gujarat",70.15264699999999,21.874341
Ratangarh Junction,RTGH,NWR,Rajasthan,"Ratangarh, Rajasthan",74.6236025668,28.0665867073
SABARMATI JN,SBI,,,,72.587162,23.072985
Parao Mahna,PMH,NR,Punjab,"Mehna, Punjab",75.272772,30.811762
GUDUVANCHERI,GI,,,,80.057147,12.844886
URAPPAKKAM,UPM,,,,80.07175099999999,12.867247
VANDALUR,VDR,,,,80.08439299999999,12.89128
PERUNGULATTUR,PRGL,,,,80.095486,12.905451
Palsana,PLSN,NWR,Rajasthan,"Palsana, Rajasthan",75.38008,27.484876
Renwal,RNW,NWR,Rajasthan,"Kishangarh Renwal, Rajasthan",75.356234,27.149463
CHITRASANI,CTT,NWR,Gujarat,"Chitrasani, Gujarat",72.488653,24.267557999999998
IQBAL GADH,IQG,NWR,Gujarat,"Banaskantha, Gujarat",72.5337815405,24.3460328561
SAROTRA ROAD,SZA,NWR,Gujarat,"Sarotra, Gujarat",72.592045,24.377144
NANA,NANA,NWR,Rajasthan,"Nana, Rajasthan",73.110095,24.925895
BASIN BRIDGE JN,BBQ,,,,80.27122100000001,13.102361
TIRUMULLAIVAYIL,TMVL,,,,80.13704246809999,13.1155489623
KADAMBATTUR,KBT,,,,79.862172,13.099513
TIRUVALANGADU,TO,,,,79.763145,13.090096
ELAMANUR,EL,SR,Tamil Nadu,"NH 67, Tamil Nadu",78.57336000000001,10.879069
HUBLI SOUTH,SUBL,,,,75.17639000000001,15.332581
RICHHA ROAD,RR,NER,Uttar Pradesh,"State Highway 37, Uttar Pradesh",79.488904,28.717268999999998
RAMGARHWA,RGH,ECR,Bihar,"NH 28A, Bihar",84.7971486487,26.873842826500002
SEMARI,SES,NWR,Rajasthan,"MDR 11, Rajasthan",73.841822,24.07001
PUDUCHATIRAM,PUC,SR,Tamil Nadu,"NH 45A, Tamil Nadu",79.7303939545,11.5405299099
Ranaghat Junction,RHA,ER,West Bengal,"Ranaghat, West Bengal",88.568184,23.173344
PASUPATIKOVIL,PVL,SR,Tamil Nadu,"Ayyampet, Tamil Nadu",79.19204,10.884228
Ranapratapnagar,RPZ,NWR,Rajasthan,"Udaipur, Rajasthan",73.72805600000001,24.582417
RAJAGAMBIRAM,RAGM,SR,Tamil Nadu,"Rajagambeeram, Tamil Nadu",78.409255,9.725053
CHAVADIPALAIYAM,CVD,SR,Tamil Nadu,"SH 84, Tamil Nadu",77.800933,11.255404
Ramchaura,RCRA,NER,Uttar Pradesh,"National Highway 29, Uttar Pradesh",83.26840578,26.9979518998
RAJNAGAR,RJAK,NCR,Madhya Pradesh,"Rajnagar, Madhya Pradesh",79.8769002625,24.903476070500002
DANAULI PHLWRIA,DPL,ECR,Bihar,"Danauli Phlwria, Bihar",86.24940600000001,25.420471
Sanodiya,SFE,NWR,Rajasthan,"Hingonia, Rajasthan",75.279108,27.011243999999998
BHARUCH JN,BH,,,,72.997689,21.706907
BODWAD,BDWD,,,,76.017046,20.9035827
KOLHADI,KLHD,,,,76.058938,20.900243
DHARMADAM,DMD,SR,Kerala,"Kannur District, Kerala",75.46377,11.778949
QUILANDI,QLD,SR,Kerala,"Quilandi, Kerala",75.693924,11.446139
SAKHUN,SK,NWR,Rajasthan,"Ajmer, Rajasthan",75.0911894116,26.7380786343
Harnahalli,HNHL,SWR,Karnataka,"Harnahalli, Karnataka",75.45828601,14.04849031
ARAKKONAM,AJJ,,,,79.667991,13.081512
ANAVARDIKHANPET,AVN,,,,79.56735042999999,13.05050406
RAMAVARAPPADU,RMV,SCR,Andhra Pradesh,"Vijayawada, Andhra Pradesh",80.67971387700001,16.5262013806
GOVINDPURI,GOY,,,,80.313203,26.454423
JOLARPETTAI,JTJ,,,,78.57781999999999,12.560851999999999
KANPUR C PANEL,CPNL,,,,80.31806900000001,26.453654999999998
DIYODAR,DEOR,WR,Gujarat,"Banaskantha, Gujarat",71.770888,24.113489
PIPRALA,PFL,WR,Gujarat,"National Highway 15, Gujarat",71.097619,23.652483999999998
KANPUR GOODS MARSHAL,GMC,,,,80.33955999999999,26.452292
RAHIMATPUR,RMP,CR,Maharashtra,"Satara, Maharashtra",74.17217,17.612152
Rairangpur,RRP,SER,Orissa,"Mayurbhanj, Orissa",86.16420749999999,22.440956
RAJAMUNDRY,RJY,,,,81.783901,16.984159000000002
Pratabpur,PTPR,NER,Uttar Pradesh,"Pilibhit, Uttar Pradesh",79.8145455212,28.4764188903
Rai Singh Nagar,RSNR,NWR,Rajasthan,"Raisinghnagar, Rajasthan",73.450472,29.535956
Ranpura,RNB,NCR,Rajasthan,"Rajpura, Rajasthan",77.44262,26.579427
Risama,RSA,SECR,Chhattisgarh,"Durg Rajhara Rd, Chhattisgarh",81.324776,21.058881000000003
TIRUNINRAVUR,TI,,,,80.026949,13.123744
Ramanujampalli,RLX,SCR,Andhra Pradesh,"Ramanujampalli Station, Andhra Pradesh",77.87191,14.440531
VEPPAMPATTU,VEU,,,,79.998727,13.123937
PULIYAMANGALAM,PLMG,,,,79.6862378271,13.0834968254
KESAVARAM,KSVM,,,,81.879858,16.930994
DWARAPUDI,DWP,,,,81.922661,16.927556
ALWAR,AWR,NWR,Rajasthan,"Alwar, Rajasthan",76.62126500000001,27.559273
ANAPARTI,APT,,,,81.953181,16.935817
BIKKAVOLU,BVL,,,,82.031148067,16.9693168335
PEDABRAMADVAM,PBD,,,,82.078986,16.990821
MEDAPADU,MPU,,,,82.096133,17.005091
CHANDRAMPALEM,CRPM,,,,82.2231096558,17.085409527899998
HAMSAVARAM,HVM,,,,82.484867,17.309946999999998
TUNI,TUNI,,,,82.542462,17.361079999999998
GULLIPADU,GLU,,,,82.63345,17.409805
NARSIPATNAM RD,NRP,,,,82.724605,17.452852
REGUPALEM,REG,,,,82.790267,17.505201
BAYYAVARAM,BVM,,,,82.930592,17.660147
KASIMKOTA,KSK,,,,82.963751,17.673315
ANAKAPALLE,AKP,,,,83.00885099999999,17.695503
THADI,THY,,,,83.06429200000001,17.686438000000003
DUVVADA,DVD,,,,83.152059,17.703843
Rajuli,ROL,SECR,Maharashtra,"Rajoli, Maharashtra",79.703505,20.171116
MUNIRABAD,MRB,SWR,Karnataka,"Munirabad, Karnataka",76.335537,15.308524
Ramtek,RTK,SECR,Maharashtra,"Ramtek, Maharashtra",79.326499,21.400715
Rajim,RIM,SECR,Chhattisgarh,"Nawapara Nagar, Chhattisgarh",81.867426,20.969475
SUJANPUR,SJNP,NR,Punjab,"Sujanpur, Punjab",75.61346499999999,32.31198
SANGARIA,SGRA,NWR,Rajasthan,"Sangariya, Rajasthan",74.466053,29.792507999999998
TAMBARAM,TBM,,,,80.1191573807,12.926035689399999
TAMBARAM SANATORIUM,TBMS,,,,80.131614,12.937978000000001
CHROMEPET,CMP,,,,80.141157,12.951627
PALLAVARAM,PV,,,,80.152451,12.968273
JASRA,JSR,NCR,Uttar Pradesh,"Jasra, Uttar Pradesh",81.774617,25.280002
Subrahmanya Road,SBHR,SWR,Karnataka,"Nettana Railway Station, Karnataka",75.5576150342,12.7312724613
SILCHAR,SCL,NFR,Assam,"03842-263094, Assam",92.786795,24.830337999999998
KOLKATA SHALIMAR,SHM,SER,West Bengal,"Howrah/Kolkata, West Bengal",88.315615,22.555508
SATUNA,SCO,SCR,Maharashtra,"Satona, Maharashtra",76.34805200000001,19.494861
Sugapahari,SAPT,ER,Jharkhand,"Madhupur, Jharkhand",86.5687357202,24.278919666
XX-TNAB,XX-TNAB,,,,,
SALKHAPUR,SAF,NR,Uttar Pradesh,"Kathiravan Paramalpatti Rd, Uttar Pradesh",82.680471,25.655084
NAGPUR,NGP,,,,79.089004,21.153567
SALEKASA,SKS,,,,80.493224,21.30163
SOJAT ROAD,SOD,NWR,Rajasthan,"Pali, Rajasthan",73.75567199999999,25.862203
Sumaoli,SMV,NCR,Madhya Pradesh,"State Highway 2, Madhya Pradesh",77.9154615387,26.372988907099998
SINGRAULI,SGRL,ECR,Madhya Pradesh,"Singrauli, Madhya Pradesh",82.642735,24.204257000000002
Sheikhupur,SKW,NER,Uttar Pradesh,"State Highway 33, Uttar Pradesh",79.10472999999999,28.003861999999998
Sak Bahadurpur,SAK,WR,Gujarat,"Vadodara, Gujarat",73.559848,22.178375
SATHI,SAHI,ECR,Bihar,"Paroraha, Bihar",84.503862,27.015884999999997
SANHERA HALT,SFA,NR,Uttar Pradesh,"Sunehra/Khekra, Uttar Pradesh",77.28233900000001,28.903375
SAFIDON,SFDE,NR,Haryana,"Safidon, Haryana",76.66142400000001,29.39793
SIDHAULI,SD,NER,Uttar Pradesh,"Sidhauli, Uttar Pradesh",80.837587,27.281001999999997
MAHENDRA VADI,MDVE,,,,79.51785100000001,13.022630999999999
ALAMNAGAR,AMG,,,,80.86031200000001,26.84708
SAHADAI BUZURG,SDG,ECR,Bihar,"Buzurg, Bihar",85.4550875531,25.6614908641
Sagadapata,SGDP,ECoR,Orissa,"Orissa, Orissa",85.909396,21.244692
PANKI,PNK,,,,80.236441,26.459172000000002
SIMALUGURI JN,SLGR,NFR,Assam,"way to SLGR, Assam",94.756816,26.917281
SHAHGARH,SG,NER,Uttar Pradesh,"Pilibhit, Uttar Pradesh",80.043015,28.559235
MANGAON,MNI,KR,Maharashtra,"Lonere - Mangaon, Maharashtra",73.275679,18.247286000000003
Karimganj Junction,KXJ,NFR,Assam,"Karimganj Town, Assam",92.373769,24.860717
HARWADA,HAA,KR,Karnataka,"Kochi - Panavel Rd, Karnataka",74.259657,14.740761999999998
ANKOLA,ANKL,KR,Karnataka,"Uttara Kannada, Karnataka",74.332936,14.645347
SAIDABAD,SDC,NER,Uttar Pradesh,"Handia, Uttar Pradesh",82.12019500000001,25.379137
CHENNAI EGMORE,MS,,,,80.260193,13.077677999999999
KARAVADI,KRV,,,,80.11315599999999,15.553014
AMMANABROLU,ANB,,,,80.148353,15.596402
KOLANUKONDA,KAQ,,,,80.604782,16.448173
KRISHNA CANAL,KCC,,,,80.604553,16.477152
Sitapuram Halt,SPRM,ECoR,Orissa,"Paralakhemundi, Orissa",83.982854,18.814443
Shivalingapuram,SLPM,ECoR,Andhra Pradesh,"Coastal Andhra Region, Andhra Pradesh",83.066187,18.196655
VIJAYAWADA JN,BZA,,,,80.61864800000001,16.518262
Rayakkottai,RYC,SWR,Tamil Nadu,"Hosur- Dharmapuri Highway, Tamil Nadu",78.027508,12.514891
GUNADALA,GALA,,,,80.667911,16.537426
Shewbabudih,SBW,SER,Jharkhand,"Sbewbabudi, Jharkhand",86.390668,23.659482
MUSTABADA,MBD,,,,80.73176799999999,16.546882
GANNAVARAM,GWM,,,,80.795715,16.555839
PEDDA AVUTAPALE,PAVP,,,,80.839432,16.562545
Sagardighi,SDI,ER,West Bengal,"Murshidabad District, West Bengal",88.105398,24.287789
Seydunganallur,SDNR,SR,Tamil Nadu,"Thoothukudi, Tamil Nadu",77.834992,8.639358
RATNAL,RUT,WR,Gujarat,"SH 46, Gujarat",69.897403,23.186898
ERNAKULAM JN,ERS,,,,76.290672,9.969541999999999
Dakor,DK,WR,,,73.15859180000001,22.747203
Mangli,MGLI,,,,79.666123,20.643535999999997
Sonadanga,SVH,ER,West Bengal,"National Highway 34, West Bengal",88.354092,23.636393
SAMBA,SMBX,NR,Jammu and Kashmir,"Ram Nagar, Jammu and Kashmir",75.120256,32.528358000000004
Seroni Road,SEX,NCR,Madhya Pradesh,"State Highway 23, Madhya Pradesh",76.88447099999999,25.943966000000003
SOMESAR,SOS,NWR,Rajasthan,"Somesar, Rajasthan",73.450999,25.520225999999997
Suku,SUKU,ECoR,Orissa,"State Highway 48, Orissa",82.726061,18.714329
PARANUR,PWU,,,,79.98366,12.730200000000002
SINGAPERUMAL KOIL,SKL,,,,80.0010589618,12.7624604323
MARAIMALAM NAGAR,MMNK,,,,80.019875,12.796619999999999
KATTANGULATTUR,CTM,,,,80.026118,12.805715
POTHERI HALT,POTI,,,,80.03693,12.820867999999999
TRISULAM,TLM,,,,80.166111,12.98064
MINAMBAKKAM,MN,,,,80.174625,12.98432
PALAVANTHANGAL,PZA,,,,80.186651,12.990115000000001
ST THOMAS MOUNT,STM,,,,80.199392,12.994906
GUINDY,GDY,,,,80.211922,13.007672000000001
SAIDAPET,SP,,,,80.224183,13.02415
MAMBALAM,MBM,,,,80.228164,13.038154
KODAMBAKAM,MKK,,,,80.231305,13.052565999999999
NUNGAMBAKKAM,NBK,,,,80.232742,13.065363
CHENNAI CHETPAT,MSC,,,,80.24337,13.074663000000001
SUKRITIPUR,SQF,NFR,Assam,"K Rd, Assam",92.582849,24.913078000000002
SERNDANUR,SXR,SR,Tamil Nadu,"National Highway 45C, Tamil Nadu",79.518251,11.869105000000001
PAROR,PRAR,NR,Himachal Pradesh,"National Highway 20, Himachal Pradesh",76.460155,32.08098
HANUMANAHALLI,HNH,SWR,Karnataka,"Hiretogaleri, Karnataka",75.9987814502,14.3589476214
SAMPIGE ROAD,SPGR,SWR,Karnataka,"Tumkur, Karnataka",76.760983,13.270203
SAPATGRAM,SPX,NFR,Assam,"Dhubri, Assam",90.10955799999999,26.334709
SADDA SINGHWALA,SSZ,NR,Punjab,"State Highway 12A, Punjab",75.32479556150001,30.0282558081
CHOWRIGACHA,CWLE,ER,West Bengal,"Chowrigacha Railway Station, West Bengal",88.18645099999999,23.942472
LALPUR UMRI,LRU,WCR,Rajasthan,"SH 1, Rajasthan",76.680536,26.429998
MOKHOLI,MXL,WCR,Rajasthan,"MDR 111, Rajasthan",76.460845,26.160967
TORANAGALLU,TNGL,SWR,Karnataka,"Toranagallu, Karnataka",76.66392400000001,15.203137
SISVINHALLI,SVHE,SWR,Karnataka,"Dharwad, Karnataka",75.3193615509,15.4300360491
LAKSHMIPUR,LKX,ER,West Bengal,"Lakshmipur Railway Station, West Bengal",88.302374,23.502512000000003
MIYAGAM KARJAN JUNCTION NG,MYGL,,,,73.119763,22.050131999999998
SHIVRAMPUR,SWC,NCR,Uttar Pradesh,"National Highway 76, Uttar Pradesh",80.82678299999999,25.219375000000003
SINGHPUR DUMRA,SPDM,NCR,Madhya Pradesh,"Singhpurdumra, Madhya Pradesh",79.8964954901,25.065781416
DUMURDAHA,DMLE,ER,West Bengal,"Dumurdahadham, West Bengal",88.43266200000001,23.040053
SARDARGARH,SRZ,NWR,Rajasthan,"Sri Ganganagar, Rajasthan",73.740791,29.364244000000003
DALADI,DL,WR,Gujarat,"Daladi, Gujarat",71.069304,22.585067
VADODARA D CABIN,BRGY,,,,73.159087,22.344458
MUMBAI CST,CSTM,CR,Maharashtra,"Mumbai, Maharashtra",72.836903,18.944481
KANTHAN JN,KNHN,,,,79.238908,21.225502000000002
MALIHABAD,MLD,,,,80.71503200000001,26.930598
GONDIA JN,G,,,,80.190842,21.462435
Semai,SYF,NCR,Madhya Pradesh,"State Highway 2, Madhya Pradesh",77.516308,26.282698
Soorothee,SRTE,NCR,Rajasthan,"Bari, Rajasthan",77.70277399999999,26.657818
DEVBALODA CHARODA,DBEC,,,,81.45049,21.21335
SHORANUR JN,SRR,,,,76.27219600000001,10.758854999999999
LATIA CABIN,LATI,,,,82.402106,22.027897
BELPAHAR,BPH,,,,83.84907630000001,21.827212300000003
Dungarda,DNGD,WR,Gujarat,"Gujarat, Gujarat",,
PHVP,PHVP,,,,,
Shirsai,SSI,CR,Maharashtra,"Daund-Baramati Rd Daund, Maharashtra",74.578044,18.314695999999998
BIR SHIBPUR,BSBP,,,,88.053112,22.473359000000002
MAURIGRAM,MRGM,,,,88.25607790219999,22.5801540304
Sivapur,SPV,SWR,Karnataka,"Bangalore Honavar Rd, Karnataka",75.939298,13.647065
Sagar Jambagaru,SRF,SWR,Karnataka,"Sagar, Karnataka",75.15471199999999,14.142728
Shampura,SMPA,WCR,Rajasthan,"Bhilwara, Rajasthan",75.233108,25.222941000000002
DHANA KHERLI,DXK,NCR,Uttar Pradesh,"Fatehpur Sikri, Uttar Pradesh",77.53577899999999,26.950169
RUPBAS,RBS,NCR,Rajasthan,"Roopvas, Rajasthan",77.5909632294,26.9903803821
FATEHPUR SIKRI,FTS,NCR,Uttar Pradesh,"Agra, Uttar Pradesh",77.670597,27.093989
PATHAULI,PTLI,NCR,Uttar Pradesh,"Agra Fort, Uttar Pradesh",77.924593761,27.1568431942
TANGUTURU,TNR,,,,80.033546,15.337535
ONGOLE,OGL,,,,80.057404,15.498064000000001
ROSHAN MAU,RMW,,,,79.984729,26.479318
MAITHA,MTO,,,,80.025181,26.476492
MADGAON,MAO,KR,Goa,"Madgaon. Ph:- 0832-2712790., Goa",73.97072399999999,15.267911000000002
SAMBRE,SXB,SWR,Karnataka,"Belagavi, Karnataka",74.593121,15.891067999999999
SHENOLI,SNE,CR,Maharashtra,"Shenoli Station, Maharashtra",74.252881,17.200729
SEHRAMAU,SW,NER,Uttar Pradesh,"State Highway 21, Uttar Pradesh",80.296582,28.360763
NAGRAKOTA,NKB,NFR,West Bengal,"Nagrakata, West Bengal",88.917581,26.885533
GAROPARA,GRU,NFR,West Bengal,"National Highway 31C, West Bengal",89.48526169979999,26.6574376742
Shimiliaguda,SMLG,ECoR,Andhra Pradesh,"Way to Araku, Andhra Pradesh",82.95710500000001,18.303639999999998
Taherpur,THP,ER,West Bengal,"State Highway 11, West Bengal",88.54311899999999,23.259379000000003
VYASARPADI JEEVA,VJM,,,,80.256873,13.108338
PERAMBUR,PER,,,,80.24453299999999,13.10702
ANDHERI,ADH,WR,Maharashtra,"Mumbai, Maharashtra",72.84685300000001,19.1174289
Sindewahi,SYE,SECR,Maharashtra,"Bhendala, Maharashtra",79.668805,20.2955
Suskal,SSKL,?,Gujarat,"State Highway 11, Gujarat",73.806077,22.316377000000003
Srungavarapukota,SUP,ECoR,Andhra Pradesh,"Srungavarapu kota, Andhra Pradesh",83.132531,18.116239
CHENGALPATTU,CGL,,,,79.981519,12.692863999999998
CNP,CNP,,,,,
GOT,GOT,NER,Uttar Pradesh,"MDR 65W, Uttar Pradesh",78.82300099999999,28.870965
TAKHA,TKHA,NCR,Uttar Pradesh,"Takha, Uttar Pradesh",78.76725900000001,27.135742999999998
Dharampur Himachal,DMP,NR,Himachal Pradesh,"Dharampur, Himachal Pradesh",77.023914,30.900491
TADWAL,TVL,SWR,Maharashtra,"Mundhewadi, Maharashtra",75.975729,17.393190999999998
UDAIPUR CITY,UDZ,NWR,Rajasthan,"Udaipur, Rajasthan",73.699632,24.566862
UMRA,UMRA,NWR,Rajasthan,"State Highway 32, Rajasthan",73.771734,24.522588
TITTE,TT,SR,Tamil Nadu,"Thanjavur, Tamil Nadu",79.1834,10.844904
Tangarbasuli,TGB,SER,Jharkhand,"Ranchi, Jharkhand",85.0638054443,23.3740319962
KANGRA MANDIR,KGMR,NR,Himachal Pradesh,"Kangra, Himachal Pradesh",76.276521,32.09448999999999
TONDAMANPATTI,TOM,SR,Tamil Nadu,"Tondaimanpatti, Tamil Nadu",78.823761,10.786552
KOTMI SONAN HLT,KTSH,,,,82.360215,22.024158
TIRUVERUMBUR,TRB,SR,Tamil Nadu,"Thiruverumbur, Tamil Nadu",78.776419,10.787167
PIPARIYA,PPI,WCR,Madhya Pradesh,"Piparia, Madhya Pradesh",78.354538,22.753941
XX-BSBC,XX-BSBC,,,,,
MANDWA,MWA,CR,Madhya Pradesh,"East Nimar, Madhya Pradesh",76.389861,21.517291
NEPANAGAR,NPNR,CR,Madhya Pradesh,"East Nimar, Madhya Pradesh",76.397032,21.463933
UPLETA,UA,WR,Gujarat,"Dist. Rajkot, Gujarat",70.282434,21.746916
SAVDA,SAV,CR,Maharashtra,"Jalgaon, Maharashtra",75.91065900000001,21.111116
HOSDURGA ROAD,HSD,SWR,Karnataka,"Nilagiri Rd, Karnataka",76.1332331232,13.8632737545
Tanakallu,TKU,SCR,Andhra Pradesh,"Tanakallu, Andhra Pradesh",78.201224,13.922427
SINGARAYAKONDA,SKM,,,,80.027126,15.253117999999999
AMBIAPUR,AAP,,,,79.826878,26.515363999999998
TIRUPATTUR JN,TPT,,,,78.561419,12.497951
Vayalpad,VLD,SCR,Andhra Pradesh,"Vayalpadu, Andhra Pradesh",78.624967,13.634506
CHHOTA AMBANA,CAM,,,,86.57461305,23.762753179999997
PAPINAYAKNAHALI,PKL,SWR,Karnataka,"Bellary, Karnataka",76.490876,15.236108999999999
LATTERI,LTI,,,,79.06525500000001,12.966994
Topokal,TPQ,ECoR,Chhattisgarh,"Raikot, Chhattisgarh",81.878645,19.007080000000002
KAVANUR,KVN,,,,78.96927299999999,12.948577
CHINTALPALLI,CLE,SCR,Andhra Pradesh,"Narsampet Rd, Andhra Pradesh",79.701487,17.914855999999997
GUDIYATTAM,GYM,,,,78.916157,12.937470999999999
JHINJHAK,JJK,,,,79.734225,26.554994
VALATHOOR,VLT,,,,78.839324,12.889517
UDHAMPUR,UHP,NR,Jammu and Kashmir,"Railway road, Jammu and Kashmir",75.154881,32.92664
MELPATTI,MPI,,,,78.797049,12.859507
AMBUR,AB,,,,78.721266,12.782934
VINNAMANGALAM,VGM,,,,78.67871600000001,12.728899
VANIYAMBADI,VN,,,,78.621651,12.678487
TARGAON,TAZ,CR,Maharashtra,"Satara, Maharashtra",74.155817,17.514242
Tulsipur,TLR,NER,Uttar Pradesh,"Tulasipur, Uttar Pradesh",82.4114096783,27.531769928899998
SANDILA,SAN,,,,80.517354,27.059455
YY-DKJC,YY-DKJC,,,,,
Talgaria,TLE,SER,Jharkhand,"National Highway 32, Jharkhand",86.335511,23.681625999999998
RAHIMABAD,RBD,,,,80.600638797,26.9993432467
KARANJADI,KFD,KR,Maharashtra,"Raigad, Maharashtra",73.404252,17.998115
MELALATHUR,MEH,,,,78.875384,12.917803000000001
Tingrai,TII,NFR,Assam,"National Highway 38, Assam",95.535143,27.464468
UMARDASHI,UM,WR,Gujarat,"Chitrasani, Gujarat",72.4205625555,24.1003209724
VIRINCHIPURAM,VJ,,,,79.024717,12.961297
GANDHIDHAM BG,GIMB,,,,70.14775399999999,23.069086
CHENNAI CENTRAL,MAS,,,,80.27485630000001,13.0847613
PERAMBUR LOCOMOTIVE WORKS,PEW,,,,80.225105,13.107826
SENJI PANAMBAKKAM,SPAM,,,,79.83276000000001,13.093945
THANA BHAWAN,THBN,NR,Uttar Pradesh,"Thana Bhawan, Uttar Pradesh",77.4104337677,29.592663211399998
Tempa,TEP,SECR,Maharashtra,"Tempa, Maharashtra",79.60522300000001,20.678242
MARUDUR,MUQ,SR,Tamil Nadu,"Nagappattinam - Trichy - Karur- Coimbatore - Mettupalayam - Ooty - Gundlupet Road(Vandikara Street), Tamil Nadu",78.45029299999999,10.914737
Vadlamannadu,VMD,SCR,Andhra Pradesh,"Krishna, Andhra Pradesh",81.098875,16.300176
UNDI,UNDI,SCR,Andhra Pradesh,"West Godavari, Andhra Pradesh",81.46418718439999,16.580375476
EKSARI HALT,EKH,ECR,Bihar,"Eksari, Bihar",85.889325,25.134973
Bettahalsoor,TLS,SWR,Karnataka,"Bengaluru, Karnataka",77.60618600000001,13.166875999999998
Tadakalpudi,TPY,SCR,Andhra Pradesh,"Kothagudem To Bhadrachalam Rd, Andhra Pradesh",80.532205,17.530163
Udgir,UDGR,SCR,Maharashtra,"Dist. Latur, Maharashtra",77.1099430353,18.3906018255
KULITTHURAI,KZT,SR,Tamil Nadu,"Marthandam, Tamil Nadu",77.218817,8.302348
PADALAM,PTM,,,,79.95084399999999,12.590197
OTIVAKKAM,OV,,,,79.97565300000001,12.623128
TIRUMANI,TRX,,,,79.988514,12.670639
UKHALI,UKH,SCR,Maharashtra,"State Highway 169, Maharashtra",76.60581400000001,18.912675
Bhaga Junction,VAA,SER,Jharkhand,"Jamadoba, Jharkhand",86.405555,23.723330999999998
SIMARIA,SAE,,,,86.013734,25.410723
KAZIPET TOWN,KZJT,,,,79.517705,17.983151
KAZIPET E CABIN,KZJE,,,,79.561183,17.975697
VELLORE CANT,VLR,SR,Tamil Nadu,"Vellore-632001, Tamil Nadu",79.127493,12.910718
UGARPUR,UGP,NCR,Uttar Pradesh,"Ugarpur, Uttar Pradesh",79.511652,27.351481
Vadhvana,VAN,WR,Gujarat,"Vadodara, Gujarat",73.487264,22.152185
VITHISVARANKOL,VDL,SR,Tamil Nadu,"Pullirukkuvelur, Tamil Nadu",79.703785,11.195825000000001
AONLA,AO,NR,Uttar Pradesh,"Dist. Bareilly, Uttar Pradesh",79.16915,28.296051
DABHAURA,DBR,NCR,Uttar Pradesh,"Dabhaura, Uttar Pradesh",81.30312500000001,25.11793
NARSINGHPUR,NU,WCR,Madhya Pradesh,"Narsimhapur, Madhya Pradesh",79.214385,22.943112
GADARWARA,GAR,WCR,Madhya Pradesh,"Narsinghpur, Madhya Pradesh",78.79173399999999,22.899459
JUJHARPUR,JUH,,,,77.75641,22.604976999999998
KHAMANON,KMNN,,,,76.48869499999999,30.775754
AMLO,AMLO,ECR,,,85.98023400000001,23.768893
AMMASANDRA,AMSA,SWR,Karnataka,"Tumkur, Karnataka",76.71148570000001,13.264571
GORINJA,GRJA,WR,Gujarat,"Khambhalia-Dwarka (SH 6), Gujarat",69.0411941809,22.1759911277
GATORA,GTW,,,,82.22767,22.053427000000003
VELLIYANI,VEI,SR,Tamil Nadu,"Dindigul - Guziliamparai - Karur Rd, Tamil Nadu",78.114795,10.841
DALELNAGAR,DLQ,,,,80.419624,27.118537
VILAVADE,VID,KR,Maharashtra,"Ratnagiri, Maharashtra",73.619321,16.785593
KUMTA,KT,KR,Karnataka,"Kumta, Karnataka",74.420652,14.436871
PHAPHUND,PHD,,,,79.5542552124,26.632118317699998
KANCHAUSI,KNS,,,,79.6354260596,26.59792371
Venkatagiri Kote Halt,VTE,SWR,Karnataka,"National Highway 7, Karnataka",77.73159,13.32831
AMGURI,AGI,NFR,Assam,"Amguri, Assam",94.524011,26.812601
ANUPPAMBATTU,APB,,,,80.23076900000001,13.304293
PONNERI,PON,,,,80.19879900000001,13.332319
KAVARAIPPETTAI,KVP,,,,80.146879,13.36347
GUMMIDIPUNDI,GPD,,,,80.123431,13.409631
ELAVUR,ELR,,,,80.11617799999999,13.458350999999999
ARAMBAKKAM,AKM,,,,80.074371,13.532686
TADA,TADA,,,,80.035435,13.587948
ASHOKAPURAM,AP,SWR,Karnataka,"Mysore, Karnataka",76.635315,12.273762000000001
AKKAMPET,AKAT,,,,80.0188634064,13.6491060718
SULLURUPETA,SPE,,,,80.018161,13.696463
POLIREDDIPALEM,PEL,,,,79.9800264775,13.7594908008
ALLAHABAD CITY,ALY,NER,Uttar Pradesh,"Allahabad(0532-1072), Uttar Pradesh",81.829736,25.442410000000002
DORAVARI CHATRAM,DVR,,,,79.951308,13.814297
VISHRAMBAG,VRB,CR,Maharashtra,"Sangli, Maharashtra",74.602231,16.850569999999998
NAYADUPETA,NYP,,,,79.900898,13.908321
Udwant Nagar Halt,UWNR,ECR,Bihar,"State Highway 12, Bihar",84.61131300000001,25.496532000000002
PEDAPARIYA,PYA,,,,79.875372,14.021481
ODUR,ODUR,,,,79.855368,14.072185000000001
GUDUR JN,GDR,,,,79.845121,14.148227
MANUBOLU,MBL,,,,79.87707,14.226551
KOMMARAPUDI,KMLP,,,,79.893501,14.257776999999999
DUGGIRALA,DIG,,,,80.62356999999999,16.327559
Umred,URR,SECR,Maharashtra,"Umred, Maharashtra",79.330741,20.850672
Tirumayam,TYM,SR,Tamil Nadu,"Pudukkottai, Tamil Nadu",78.759423,10.246016
Unchahar Junction,UCR,NR,Uttar Pradesh,"Unchahar, Uttar Pradesh",81.30014299999999,25.902315
GAROBIGHA HALT,GBHA,?,,,85.46715300000001,24.826792
Amlakhurd,AMX,SCR,Madhya Pradesh,"MSH 6, Madhya Pradesh",76.65068500000001,21.510235
TIRVNLNLUR ROAD,TVNL,,,,79.380205,11.798583
KANDAMBAKKAM,KDMD,,,,79.386975,11.811502
VILLUPURAM JN,VM,,,,79.500101,11.942971
MUNDILYAMPAKKAM,MYP,,,,79.5116865137,11.995680489400002
VIKRAVANDI,VVN,,,,79.538038,12.037928
PERANI,PEI,,,,79.552577,12.104212
NEDI MOLLYANUR,NMO,,,,79.56707,12.128075
MAILAM,MTL,,,,79.60220000000001,12.160501
TINDIVANAM,TMV,,,,79.65133499999999,12.229410999999999
PANCHALAM,PCLM,,,,79.691931,12.275612
OLAKUR,OLA,,,,79.72191900000001,12.306462999999999
KARASANGAL,KSGL,,,,79.749958,12.333838
TOZHUPPEDU,TZD,,,,79.783575,12.367080999999999
ACHARAPAKKAM,ACK,,,,79.821722,12.406776
MELMARUVATTUR,MLMR,,,,79.83380100000001,12.429554
Vachaspati Nagar,VPH,ECR,Bihar,"National Highway 57, Bihar",86.325158,26.400204
PAKKAM,PQM,,,,79.850569,12.465125
Vadtal Swaminarayan,VTL,WR,Gujarat,"Vadtal, Gujarat",72.876748,22.591636
MADURANTAKAM,MMK,,,,79.89308700000001,12.50442
GOREGAON,GMN,WR,Maharashtra,"Mumbai, Maharashtra",72.849389,19.164447
WADRENGDISA,WDA,NFR,Assam,"Diakkawn Rd, Assam",93.177527,25.263973
Bap,BAF,?,Rajasthan,"Jodhpur, Rajasthan",72.32740791990001,27.2881821763
AHMADGARH,AHH,NR,Punjab,"Ahmedgarh, Punjab",75.829518,30.683642000000003
Angai,AGE,NCR,Rajasthan,"Angai, Rajasthan",77.46692,26.606593
ASHTI,AHI,CR,Maharashtra,"State Highway 161, Maharashtra",75.4030697949,17.8447367757
ALAPAKAM,ALP,SR,Tamil Nadu,"NH 45A, Tamil Nadu",79.7272273724,11.6178033436
BHATANGLI,BANL,?,Maharashtra,"MSH3, Maharashtra",76.678145,18.446006999999998
AMAN VADI,AMW,SCR,Maharashtra,"Washim, Maharashtra",77.065281,20.300507
ADIYAKKAMANGALAM,AYM,SR,Tamil Nadu,"Thiruvarur, Tamil Nadu",79.68058,10.756748
ASARVA JN,ASV,WR,Gujarat,"Ahmedabad, Gujarat",72.612937,23.043981000000002
AMMAPET,AMT,SR,Tamil Nadu,"Ammapet, Tamil Nadu",79.31573800000001,10.779506
ATARI,ATT,NR,Punjab,"Atari, Punjab",74.607241,31.594934000000002
JAJAN PATTI,JJA,WCR,Rajasthan,"State Highway 33, Rajasthan",77.573854,27.354893999999998
ARASUR,ARS,SR,Tamil Nadu,"NH 45A, Tamil Nadu",79.72470399999999,11.270467
KHANDIP,KNDP,WCR,Rajasthan,"State Highway 1, Rajasthan",76.911821,26.641030999999998
Yedamangala,YDM,SWR,Karnataka,"Panja Kadaba Rd, Karnataka",75.44308500000001,12.714668
NARAYANPUR TATWAR,NNW,WCR,Rajasthan,"Sawai Madhopur, Rajasthan",76.635578,26.344258999999997
BANDRA,BA,WR,Maharashtra,"Mumbai, Maharashtra",72.84045439,19.05445443
ARNEJ,AEJ,WR,Gujarat,"Arnej, Gujarat",72.268322,22.582088000000002
NANDIYAMPAKKAM,NPKM,,,,80.2758,13.268080999999999
DUNDI,DDCE,WCR,Madhya Pradesh,"Dundi, Madhya Pradesh",80.21665700000001,23.557854000000003
GURRA,GRO,WCR,Madhya Pradesh,"Itarsi, Madhya Pradesh",77.86729,22.632067
KAVALI,KVZ,,,,79.988271,14.915993
TETTU,TTU,,,,80.00582100000001,15.042824
ULAVAPADU,UPD,,,,80.01336400000001,15.167112
KHUTWANSA,KTZ,WCR,Madhya Pradesh,"Hoshangabad, Madhya Pradesh",77.602425,22.545189
KHIRKIYA,KKN,WCR,Madhya Pradesh,"State Highway 15, Madhya Pradesh",76.85944699999999,22.166444000000002
Bhaili,BALI,WR,Gujarat,"Vadodara, Gujarat",73.1319768447429,22.266245011489417
Arantangi,ATQ,SR,Tamil Nadu,"Aranthangi, Tamil Nadu",78.99684813804924,10.164469056963739
AGRADWIP,AGAE,ER,West Bengal,"Agradwip, West Bengal",88.22611699999999,23.58096
DASHNAGAR,DSNR,,,,88.3078029926,22.5986336217
TIKIAPARA,TPKR,,,,88.324322,22.599036
PFMA,PFMA,,,,,
Amalpur,AMLP,WR,Gujarat,"Vadodara, Gujarat",73.508313,22.161144
Anupshahr,AUS,NWR,Rajasthan,"Anupshaher Rd, Rajasthan",75.21122979931533,28.947951113517377
Arvi,ARVI,CR,Maharashtra,"Dist. Wardha, Maharashtra",,
Areli,ARX,NER,Uttar Pradesh,"Areli, Uttar Pradesh",,
Asarma,ASM,WR,Gujarat,"SH 166, Gujarat",,
Alattambadi,ATB,SR,Tamil Nadu,"Mazavarayanallu Rd, Tamil Nadu",,
Atladara,ATDA,WR,Gujarat,"Gujarat, Gujarat",,
Alinagar Tola,ATX,ECR,Bihar,"Purnea, Bihar",,
Aslu,ASLU,NWR,Rajasthan,"National Highway 65, Rajasthan",75.07484199999999,28.368987999999998
Ayingudi,AYI,SR,Tamil Nadu,"Peravurani - Aranthangi Rd, Tamil Nadu",,
GHASARA HALT,GHSR,,,,79.360808,26.72284
ACHALDA,ULD,,,,79.404392,26.701949
Ateli,AEL,NWR,Haryana,"Dist. Mahendragarh, Haryana",76.25310499999999,28.100118
WATHAR,WTR,CR,Maharashtra,"Satara, Maharashtra",74.135767,17.89054
VALHA,WLH,CR,Maharashtra,"Indraprastha Rd, Maharashtra",74.1605539337,18.1836347437
Bandar P.H.,BAAR,?,West Bengal,"Haldia, West Bengal",88.086816,22.052122
Amreli,AE,WR,Gujarat,"Amreli, Gujarat",71.228012,21.607831
MASIT,MST,,,,80.257914,27.269928999999998
BAGHAULI,BGH,,,,80.296314,27.228081
TALOJA PANCHAND,TPND,CR,Maharashtra,"Navi Mumbai, Maharashtra",73.087316,19.078901
ADAVALI,ADVI,KR,Maharashtra,"Ratnagiri, Maharashtra",73.592514,16.921753
AMARGOL,AGL,SWR,Karnataka,"Hubli, Karnataka",75.09820837459999,15.4117921224
ARJANSAR,AS,NWR,Rajasthan,"Bikaner, Rajasthan",73.87196899999999,28.933796
Barhara Kothi,BAKT,ECR,Bihar,"Purnia, Bihar",87.09631900000001,25.776942
Campierganj,CM,NER,Uttar Pradesh,"National Highway 29, Uttar Pradesh",83.267384,27.05777
Dabhoi Junction,DB,WR,Gujarat,"Dabhoi, Gujarat",73.415466,22.137755
ULUNDURPET,ULU,,,,79.317787,11.702177
AMAGURA,AGZ,ECoR,Chhattisgarh,"Markel, Chhattisgarh",82.147342,19.068103
AMBAGAON,AGB,ECoR,Chhattisgarh,"Ambagaon, Chhattisgarh",82.239507,19.062527
MATYAKHERI HALT,MYKR,,,,74.951915,24.309449
B L DASPURI,BBLK,NCR,Uttar Pradesh,"B L Daspuri, Uttar Pradesh",79.36351860779999,27.316999355900002
ARNI ROAD,ARV,SR,Tamil Nadu,"Kalambur, Tamil Nadu",79.209033,12.630801
Bari,BARI,NCR,Rajasthan,"Bari, Rajasthan",77.61817468,26.65005846
Batala Junction,BAT,NR,Punjab,"Batala, Punjab",75.1944316,31.8214816
BABHULGOAN,BBV,CR,Maharashtra,"State Highway 161, Maharashtra",75.383427,17.778326000000003
Arseni,ASI,NR,Uttar Pradesh,"MORADABAD, Uttar Pradesh",80.39386,27.243104
ANDANAPPETTAI,APE,SR,Tamil Nadu,"Pappakoil, Tamil Nadu",79.84409600000001,10.758823
BEOHARI,BEHR,WCR,Madhya Pradesh,"Beohari, Madhya Pradesh",81.3797154,24.0002687
Arjunahalli,ARNH,SWR,Karnataka,"Arjunahalli, Karnataka",76.391729,12.512857
Bagthar,BFG,NCR,Uttar Pradesh,"Bandh, Uttar Pradesh",77.52218902999999,26.79623183
BARA,BBAR,WCR,Madhya Pradesh,"Mahroi, Madhya Pradesh",81.21186200000001,24.001215
Bidyadharpur,BDYP,ER,West Bengal,"Bidyadharpur, West Bengal",88.452872,22.425122
Anakhol,AKL,WR,Gujarat,"State HIghway 133, Gujarat",,
ASAN,ASAN,NR,Haryana,"Panipat, Haryana",76.882594,29.40129
ATUL,ATUL,WR,Gujarat,"Valsad, Gujarat",72.9271335858,20.544593354
Amoni,AONI,NFR,Assam,"Amoni, Assam",92.91960900000001,26.448121
Banosa,BASA,CR,Maharashtra,"Daryapur, Maharashtra",,
Bhatsar,BATS,WR,Gujarat,"Brahmanwada, Gujarat",,
HARDOI,HRI,,,,80.147877,27.399414
BAGHI BARDIHA,BBE,ECR,Bihar,"Baghi Bardiha, Bihar",85.623332,24.953077
BAGHI GHAUSPUR,BFX,ECR,Bihar,"Baghi Ghauspur, Bihar",85.684033,25.051952
Bankapasi,BCF,ER,West Bengal,"Bankapasi, West Bengal",,
BADANAVALU,BDV,SWR,Karnataka,"Nanjungudu-Chamarajanagara Rd, Karnataka",76.74904447,12.075565500000002
Bachar,BCHR,WR,Gujarat,"Palej, Gujarat",,
Buranpudi,BCM,ECR,Bihar,"Supaul, Bihar",,
Bhadsivni,BDKE,CR,Maharashtra,"Bhadsivni, Maharashtra",,
PADUGUPADU,PGU,,,,79.989954,14.496976
KODAVALURU,KJJ,,,,79.99490800000001,14.564331
TALAMANCHI,TMC,,,,79.998171,14.607124
ALLURU ROAD,AXR,,,,79.989036,14.710541
BITRAGUNTA,BTTR,,,,79.98314599999999,14.768584800000001
S VENKTESWRPALM,SVPM,,,,79.982262,14.806671
KARANPURA,KPO,,,,76.7783649164,27.1230467855
BHUDA,BUDA,,,,76.8145379749,27.1289860174
MANDAWAR MAHUA RD,MURD,,,,76.8508226947,27.1560976594
Anand Nagar,ANDN,NER,Uttar Pradesh,"Pharenda, Uttar Pradesh",83.270698,27.103714
GHOSRANA,GOS,,,,76.90338,27.179904
DANTLA,DTF,,,,76.9610701135,27.1971512117
Bhadran,BDRN,WR,Gujarat,"Borsad, Gujarat",,
KHERLI,KL,,,,77.0364244739,27.2002567722
Arakku,ARK,ECoR,Andhra Pradesh,"Araku, Andhra Pradesh",82.86256,18.333991
TARCHERRA BRLRM,TBL,,,,77.104134,27.205008000000003
Bagetar,BF,NFR,Assam,"North Cachar Hills, Assam",,
NADBAI,NBI,,,,77.2080875122,27.213674308399998
PAPRERA,PPEA,,,,77.308829,27.226004
HELAK,HK,,,,77.378757,27.234442
BHARATPUR JN,BTE,,,,77.488613,27.237106999999998
Attar,ATR,WR,Madhya Pradesh,"East Nimar, Madhya Pradesh",76.204918,21.998734000000002
NOH BACHHAMDI,NHB,,,,77.546395,27.223368999999998
IKRAN,IK,,,,77.608741,27.211065
CHIKSANA,CIK,,,,77.663925,27.199896
Arumuganeri,ANY,SR,Tamil Nadu,"Arumuganeri, Tamil Nadu",78.091842,8.579144
Banka,BAKA,?,Bihar,"Banka, Bihar",86.91169348999999,24.8659010332
ACHHNERA JN,AH,,,,77.7578389026,27.1817602284
TUNDLA JN,TDL,,,,78.233285,27.207747
CHIK BANAVAR,BAW,SWR,Karnataka,"Bengaluru, Karnataka",77.50634099999999,13.073539
PAVUNUR,PVN,,,,79.31580600000001,11.600544
Bugana,BFN,NR,Haryana,"National Highway 65, Haryana",75.8278150574,29.258822195
Anandapuram,ANF,SWR,Karnataka,"Anandapuram, Karnataka",75.209164,14.073324
Barbil,BBN,SER,Odisha,"Kiriburu, Odisha",85.36905800000001,22.104577
HIRANGAON,HNG,,,,78.31461900000001,27.175703000000002
FIROZABAD,FZD,,,,78.386691,27.147415
MAKKHANPUR,MNR,,,,78.4715,27.119485
SHIKOHABAD JN,SKB,,,,78.57495499999999,27.085686
KAURARA,KAA,,,,78.664813,27.029
BHADAN,BDN,,,,78.73749459999999,26.9793918
BALRAI,BBL,,,,78.8237102228,26.9205023929
JASWANTNAGAR,JGR,,,,78.893731,26.872978000000003
SARAI BHOPAT,SB,,,,78.94470899999999,26.837847
ETAWAH,ETW,,,,79.021502,26.785970000000002
EKDIL,EKL,,,,79.116455,26.76628
BHARTHANA,BNT,,,,79.2163612,26.7502248
DABOLIM,DBM,SWR,Goa,"Mormugao, Goa",73.849937,15.389334
AUWA,AUWA,NWR,Rajasthan,"Somesar, Rajasthan",73.564613,25.665207000000002
JAIPUR,JP,,,,75.786923,26.920203
Beldanga,BEB,ER,West Bengal,"Beldanga, West Bengal",88.2429681,23.9320594
BOHALI,BHLI,CR,Maharashtra,"State Highway 161, Maharashtra",75.27417043950001,17.5887732682
BHAINSWAN,BASN,NR,Haryana,"Gohana, Haryana",76.680769,29.094392
Bhayna,BHNA,ER,West Bengal,"Mamjoan Rd, West Bengal",88.64165885999999,23.31226134
BHANDARIDAH,BHME,ECR,,,86.05509864230001,23.7566729304
BHUCHCHU,BCU,NR,Punjab,"Bhucho Mandi, Punjab",75.0951862,30.209881999999997
BHILWARA,BHL,NWR,Rajasthan,"Bhilwara, Rajasthan",74.63077340000001,25.3435508
KAVAS,KVA,NWR,Rajasthan,"NH-112 Barmer-Jodhpur Hwy, Rajasthan",71.538716,25.867466
BANDANWARA,BDW,NWR,Rajasthan,"Bandanwara, Rajasthan",74.6913786,26.1253008
Bijauria,BJV,NER,Uttar Pradesh,"Bareilly, Uttar Pradesh",79.65527399999999,28.574785
Barhaj Bazar,BHJ,NER,Uttar Pradesh,"Barhaj, Uttar Pradesh",83.731497,26.283912
DAHANU ROAD,DRD,WR,Maharashtra,"Dahanu, Maharashtra",72.74336799999999,19.991217
BHAJERA,BJRA,,,,76.6568744922,27.100774588100002
BASAI DHANKOT,BDXT,NR,Haryana,"Gurgaon, Haryana",76.983187,28.464735
Bochasan Junction,BCHN,WR,Gujarat,"Anand, Gujarat",72.847673,22.402073
Bhattu,BHT,NWR,Haryana,"Bhattu Kalan, Haryana",75.34013,29.387323
SIHORA ROAD,SHR,WCR,Madhya Pradesh,"Jabalpur, Madhya Pradesh",80.110265,23.467136
SURGAON BANJARI,SGBJ,WCR,Madhya Pradesh,"Khandwa, Madhya Pradesh",76.544215,21.946109
Bhader,BADR,WR,Gujarat,"Amreli, Gujarat",70.928979,21.36507
TITVALA,TLA,,,,73.202714,19.296504000000002
BAJUD,BJUD,WR,Gujarat,"State Highway 31, Gujarat",71.82792500000001,21.736131
KUDALNAGAR,KON,,,,78.108666,9.944876
Budhsinghwala,BDSW,NWR,Rajasthan,"Hanumangarh, Rajasthan",74.22266067937016,29.831708406844584
BEAWAR,BER,NWR,Rajasthan,"Beawar, Rajasthan",74.3149711,26.1089078
Bogada,BGDA,?,Orissa,"Bogada, Orissa",86.5881717944,20.2787142311
Awa Garh,AWG,NCR,Uttar Pradesh,"Awagarh, Uttar Pradesh",78.47340000000001,27.464247
SHAHBAZ KULI,SBK,NER,Uttar Pradesh,"Shahbaz Quli, Uttar Pradesh",83.67465299999999,25.632101000000002
ENNORE,ENR,,,,80.32212448269999,13.218195717099999
NELLORE SOUTH,NLS,,,,79.983464,14.444474999999999
AMRITVEL,AVL,WR,Gujarat,"Amrutwel Rd, Gujarat",71.679671,21.077372
NELLORE,NLR,,,,79.989383,14.460592
Bhagdara,BGR,CR,Maharashtra,"Bhagdara, Maharashtra",,
BAGALIA,BGA,SER,West Bengal,"Purulia, West Bengal",86.51904643,23.44693617
BERO,BERO,SER,West Bengal,"Purulia, West Bengal",86.72660900000001,23.548271
XX-MEJB,XX-MEJB,,,,,
Barhara,BHHT,?,Bihar,"Barhara, Bihar",,
MAKUDAN VIRAPANDI BLOCK HUT,DVBH,,,,78.037941,11.580796
Avati,AVT,SWR,Karnataka,"Avati, Karnataka",77.72667899999999,13.299092
XX-KJMB,XX-KJMB,,,,,
Bhoj Padra,BHOJ,WR,Gujarat,"Vadodara Jambusar, Gujarat",,
Bamhani Banjur,BIV,SECR,Madhya Pradesh,"Bamhani, Madhya Pradesh",80.324566,22.438916000000003
Budge Budge,BGB,ER,West Bengal,"Kolkata, West Bengal",88.19469228000001,22.49310248
Baghara Road,BHRD,SER,,,,
DDBC,DDBC,,,,,
UMESHNAGAR,UMNR,ECR,Bihar,"National Highway 31, Bihar",86.431195,25.461085
Bhitiharwa Ashram,BHWR,ECR,Bihar,"Pashchim Champaran, Bihar",,
BASUDEBPUR,BDBP,ER,Bihar,"Basudebpur, Bihar",87.98253549799999,24.6355270351
MULI ROAD,MOL,WR,Gujarat,"Surendranagar, Gujarat",71.43486,22.676562
AZARA,AZA,NFR,Assam,"Guwahati, Assam",91.613927,26.099339999999998
Balenahalli,BAHI,SWR,Karnataka,"State Highway 48, Karnataka",76.56637599999999,14.250321000000001
BHUDPUR,BDHP,NR,Uttar Pradesh,"State Highway 57, Uttar Pradesh",77.29116829590001,29.218093878
SAMHON,SHW,,,,79.320694,26.734186
PATA,PATA,,,,79.4794183441,26.6666191003
PARA JANI HALT,PJY,,,,79.634896,26.596933
RURA,RURA,,,,79.908216,26.485377
BHAUPUR,BPU,,,,80.12429014,26.46811536
KANPUR CENTRAL,CNB,,,,80.350966,26.454240000000002
CHAKERI,CHK,,,,80.40654599999999,26.381159999999998
SIRSAUL,SSL,,,,80.462852,26.297301
RAMVA,RAMA,,,,80.8532993597,25.8911534211
Bhikhna Thori,BKF,ECR,Bihar,"WestChamparan, Bihar",84.61057,27.333596
Bagha Jatin,BGJT,ER,West Bengal,"Kolkata, West Bengal",88.387421,22.482615000000003
Baghuapal,BGPL,ECoR,Orissa,"Orissa, Orissa",86.013166,21.042219
Bihar Sharif,BEHS,ECR,Bihar,"06112-222306, Bihar",85.5390747,25.206116
Bhairabi,BHRB,?,Mizoram,"Kolasib, Mizoram",92.54106045,24.19545969
BIRADHWAL,BDWL,NWR,Rajasthan,"National Highway 15, Rajasthan",73.896516228,29.1741168151
BASNI,BANE,NWR,Rajasthan,"Jodhpur, Rajasthan",73.010639,26.222963
BIHARA,BHZ,NFR,Assam,"K Rd, Assam",92.689054,24.9628178
BAHERI,BHI,NER,Uttar Pradesh,"SH 37, Uttar Pradesh",79.5003221,28.777391
BADLA GHAT,BHB,ECR,Bihar,"Bihar, Bihar",86.5871439,25.553762900000002
BIJAINAGAR,BJNR,NWR,Rajasthan,"Bijainagar, Rajasthan",74.65305889999999,25.931003
BAGAHAI ROAD,BGHI,WCR,Madhya Pradesh,"Baghai Road, Madhya Pradesh",81.018663,24.555903
BADODAR,BDDR,WR,Gujarat,"National Highway 8D, Gujarat",70.295846,21.361072999999998
Birnagar,BIJ,ER,West Bengal,"Birnagar, West Bengal",88.55125199999999,23.2358754
BIJNOR,BJO,NR,Uttar Pradesh,"Bijnor, Uttar Pradesh",78.14680469999999,29.3856298
BEHULA,BHLA,ER,West Bengal,"Behula, West Bengal",88.4287921,23.181967399999998
BILASPUR ROAD,BLQR,NER,Uttar Pradesh,"Rampur, Uttar Pradesh",79.254263,28.865600999999998
Barahat,BHLE,ER,Bihar,"State Highway 19, Bihar",87.0100837976,24.9206004744
BALAGARH,BGAE,ER,West Bengal,"Balagarh, West Bengal",88.4525522,23.1215453
BIJURI,BJRI,SECR,Madhya Pradesh,"Shahdol, Madhya Pradesh",82.1189461,23.250338600000003
BHATIYA,BHTA,WR,Gujarat,"National Highway 8E, Gujarat",69.2803623,22.0881542
BOKARO THERMAL,BKRO,ECR,,,85.87557819999999,23.7851503
CHACHER,CHCR,,,,79.354918,21.241422
DHANOLI,DNL,,,,80.42759080629999,21.3221098696
Lalitgram,LLP,ECR,Bihar,"Lalitgram, Bihar",87.01226592063904,26.35666473117378
NAYDONGRI,NI,,,,74.8366330817,20.3484309504
HOWRAH JN. CABIN,HJN,,,,88.342811,22.583533
PIMPAR KHED,PKE,,,,74.7559997266,20.307455334
PANJHAN,PJN,,,,74.606561,20.275504
HISVAHAL,HSL,,,,74.57099,20.283239000000002
PANEVADI,PNV,,,,74.494903,20.26527
MANMAD JN,MMR,,,,74.438305,20.249887
BLOCK AND CATCH SIDING CABINE NO.3,TGR3,,,,73.485951,19.674468
BADANAGUPPE,BDGP,SWR,Karnataka,"SH 57, Karnataka",76.861228,11.990316
KALYAN JN,KYN,,,,73.12974,19.234716000000002
PITAMBARPUR,PMR,,,,79.538072,28.200105
BANSI PAHARPUR,BIQ,NCR,Rajasthan,"Rupbas, Rajasthan",77.457241,26.93277
CHITRAPUR HALT,CTTP,KR,Karnataka,"Uttara Kannada, Karnataka",74.536566,14.036147999999999
Brahmanwada,BMDI,WR,Gujarat,"State Highway 7, Gujarat",,
BORHAT,BFD,NFR,Assam,"Nahar Rd, Assam",95.277512,27.164263
BELGAUM,BGM,SWR,Karnataka,"Belgaum, Karnataka",74.5095639,15.8492433
BAIRGANIA,BGU,ECR,Bihar,"Barahwa Pool Rd, Bihar",85.27333399999999,26.738281999999998
Biggabas Ramsara,BGRM,NWR,Rajasthan,"National Highway 11, Rajasthan",74.20154742999999,28.04769242
BEML Nagar,BEML,SWR,Karnataka,"KGF, Karnataka",78.24197815000001,12.9786413
BAKSHI KA TALAB,BKT,NER,Uttar Pradesh,"Bakshi Ka Talab, Uttar Pradesh",80.922331,26.983452
Bhopatpur,BFPA,NER,Uttar Pradesh,"Bhopatpur, Uttar Pradesh",79.8051375,28.375464097400002
BIJAPUR,BJP,SWR,Karnataka,"Bijapur, Karnataka",75.7400012,16.8310603
Bheslana,BILA,NWR,Rajasthan,"Jobner to Nawa Rd, Rajasthan",75.304187,27.065209000000003
VEJANDLA,VJA,SCR,Andhra Pradesh,"Guntur, Andhra Pradesh",80.519729,16.237226
SANGAM JAGARLAMUDI,SJL,SCR,Andhra Pradesh,"High School Rd, Andhra Pradesh",80.570521,16.246589
Bodeli,BDE,WR,Gujarat,"Vadodara, Gujarat",73.71657979999999,22.2701906
GCAB,GCAB,,,,81.431558,21.204607999999997
BHILAI,BIA,,,,81.4217238,21.202598300000002
BHILAI POWER HOUSE,BPHB,,,,81.375901,21.208119
BHILAI NAGAR,BQR,,,,81.33434510000001,21.2013382
BARKA,BADK,NR,Uttar Pradesh,"State Highway 57, Uttar Pradesh",77.2733021582,29.0725646906
Badakhandita,BDKT,ECoR,Orissa,"State Highway 12, Orissa",86.08383554000001,20.365448699999998
Bela,BELA,ECR,Bihar,"Gaya, Bihar",84.981353,24.97843
VEDAYAPALEM,VDE,,,,79.957106,14.404478
TIRUVALLUR,TRL,,,,79.913105,13.115764
Bidar,BIDR,SCR,Karnataka,"Bidar, Karnataka",77.5137793,17.9116836
WIMCO NAGAR,WCN,,,,80.305807,13.180491
KATHIVAKKAM,KAVM,,,,80.31674199999999,13.204343999999999
VENKATACHALAM,VKT,,,,79.92732000000001,14.327256
Bahram,BHM,NR,Punjab,"Behram, Punjab",75.894193,31.197575
Bageshapura,BGPA,SWR,Karnataka,"Bageshapura, Karnataka",76.2293551874,13.143803441600001
Becharji,BHRJ,WR,Gujarat,"State Highway 7, Gujarat",72.02941299999999,23.516602
SURAREDDIPALEM,SDM,,,,80.045682,15.407571
POWERPET,PRH,,,,81.106602,16.713189
UNGUTURU,VGT,,,,81.42356000000001,16.824498
BRAHMANAGUDEM,BMGM,,,,81.67527695,16.930258209999998
KADIYAN,KYM,,,,81.832674,16.914337999999997
BALABHADRAPURAM,BBPM,,,,82.00037565999999,16.96580143
NARASINGAPALLI,NASP,,,,82.891038,17.606751
GOPALAPATNAM,GPT,,,,83.214877,17.748818
BAKHRABAD,VKD,,,,87.36345,22.118541
NARAYANGARH,NYA,,,,87.380456,22.174233
BENAPUR,BPE,,,,87.37624084000001,22.271352309999997
HIJILLI,HIJ,,,,87.32016899999999,22.319921
BONA KALU,BKL,SCR,Andhra Pradesh,"Bonakalu, Andhra Pradesh",80.261499,17.031591000000002
BHULON,BLO,WCR,Rajasthan,"Kota, Rajasthan",76.968812,24.635909
BAMANHERI,BMHR,NR,Uttar Pradesh,"Muzaffarnagar, Uttar Pradesh",77.70639,29.514761999999997
BARMER,BME,NWR,Rajasthan,"Barmer, Rajasthan",71.397067,25.744521900000002
BOLDA,BLC,SCR,Maharashtra,"Parbhani, Maharashtra",77.2735908,19.5520321
BAKAYANWALA,BKWA,NR,Rajasthan,"Diwan Khera, Rajasthan",73.98581800000001,30.143292
BHILDI,BLDI,WR,Gujarat,"Bhildi, Gujarat",72.008187,24.194251
BAHJOI,BJ,NR,Uttar Pradesh,"Bahjoi, Uttar Pradesh",78.6315064,28.401499599999998
AHMEDABAD JN,ADIJ,,,,72.60171600000001,23.025715
Bhimasar,BMSR,WR,Gujarat,"Kutch, Gujarat",70.88691945187747,23.533660939738297
BILESHWAR,BLWR,WR,Gujarat,"Rajkot, Gujarat",70.830427,22.382129
BUDHAKHERA,BKDE,NR,Haryana,"SH 14, Haryana",76.557193,29.378719
BMY H CABIN,HCAB,,,,81.46489100000001,21.220990999999998
KORUKKUPET JN,KOK,,,,80.27837727340001,13.120489801700002
BHAYAVADAR,BHY,WR,Gujarat,"Sahid Kharachia, Gujarat",70.23614485659999,21.8478371804
VALSAD,BL,WR,Gujarat,"Valsad, Gujarat",72.9335291,20.6085595
TONDIARPETTAI,TNP,,,,80.28092114379999,13.1262400028
BANSAPAHAR,BNSP,WCR,Uttar Pradesh,"Uttar Pradesh, Uttar Pradesh",81.050022,25.055505
ULUBARIA,ULB,,,,88.093209,22.472428
Balrampur,BLP,NER,Uttar Pradesh,"Balrampur, Uttar Pradesh",82.16066989870001,27.4158206073
V.O.C. NAGAR,VOC,,,,80.28745678409999,13.140301627300001
CHITTERI,CTRE,,,,79.597909,13.068171999999999
THALANGAI,TUG,,,,79.42612799999999,13.003678
ANUPGARH,APH,NWR,Rajasthan,"Sri Ganganagar, Rajasthan",73.2045643,29.1968977
WALAJAH ROAD JN,WJR,,,,79.360511,12.970676
BAIJNATH MANDIR,BJMR,NR,Himachal Pradesh,"Baijnath, Himachal Pradesh",76.65152893999999,32.052625660000004
MUKUNDARAYAPURM,MCN,,,,79.289067,12.977678
TIRUVOTTIYUR,TVT,,,,80.296454,13.160025
Bhavdhari,BOTR,NWR,Haryana,"Bhiwani, Haryana",,
Bhojasar,BOX,NWR,Rajasthan,"State Highway 8, Rajasthan",,
BIKRAMPUR,BMR,WCR,Madhya Pradesh,"Balaghat, Madhya Pradesh",79.586316,23.082226
Benipur Halt,BPAH,ECR,Bihar,"Darbhanga, Bihar",,
BANKHEDI,BKH,WCR,Madhya Pradesh,"Bankheri, Madhya Pradesh",78.5379969,22.7748819
Akra,AKRA,ER,West Bengal,"Kolkata, West Bengal",88.249021,22.514668
BANAPURA,BPF,WCR,Madhya Pradesh,"Seoni Malwa, Madhya Pradesh",77.4807316095,22.4703575471
BALLEKERE HALT,BLKR,SWR,Karnataka,"National Highway 206, Karnataka",76.023514,13.502322000000001
SUCHINDRAM,SUCH,SR,Tamil Nadu,"Suchindram, Tamil Nadu",77.466792,8.149479
Bojawas,BJWS,NWR,Haryana,"State Highway 24, Haryana",76.25286799999999,28.312786
Belagula,BLGA,SWR,Karnataka,"Belagula, Karnataka",76.5887032642,12.385698676899999
BALLI,BLLI,KR,Goa,"Bali, Goa",74.0209756,15.151725800000001
Bara Jamda,BJMD,SER,Jharkhand,"Kiriburu, Jharkhand",85.41239200000001,22.1665327
Bramhapuri,BMP,SECR,Maharashtra,"Brahmapuri, Maharashtra",79.867537,20.603943
Bichia,BIC,NER,Uttar Pradesh,"Bichia, Uttar Pradesh",81.2720808,28.1830705
Bilkha,BILK,WR,Gujarat,"Bilkha, Gujarat",70.6004021,21.443078399999997
Badampahar,BMPR,SER,Orissa,"National Highway 6, Orissa",86.18081819999999,22.2640234
Bamangram,BMGR,NFR,West Bengal,"Hemtabad, West Bengal",88.1912832245,25.622139865799998
Banpur,BPN,ER,West Bengal,"Banpur-Majhdia Rd, West Bengal",88.76185515,23.45186861
Bamla,BMLL,NWR,Haryana,"State Highway 16A, Haryana",76.244079,28.832463999999998
Bamhni,BMW,SECR,Maharashtra,"Nagpur, Maharashtra",79.364152,20.922361
KORATTUR,KOTR,,,,80.184062,13.113345
PERAMBUR CARRIAGE WORKS,PCW,,,,80.23865900000001,13.107240000000001
VILLIVAKKAM,VLK,,,,80.209621,13.110062
Bellenahalli,BNHL,SWR,Karnataka,"Chitradurga, Karnataka",76.554391,14.243859
PATTARAVKKAM,PVM,,,,80.166656,13.114872
AMBATTUR,ABU,,,,80.1525249074,13.114305980800001
ANNANUR,ANNR,,,,80.126743,13.116018
Kumsi,KMSI,,,,75.402042,14.051954
AVADI,AVD,,,,80.10051800000001,13.118247
HINDU COLLEGE,HC,,,,80.074903,13.118538
PATTABIRAM,PAB,,,,80.06542400000001,13.11926
NEMILICHERRY HALT,NEC,,,,80.045378,13.121643
SEVVAPET ROAD,SVR,,,,79.96668799999999,13.124996999999999
PUTLUR HALT,PTLR,,,,79.93709999999999,13.122922
EGATTUR HALT,EGT,,,,79.88406,13.106198
Bhojudih Junction,BJE,SER,Jharkhand,"Jairampur More to Baliapur, Jharkhand",86.4469993,23.642174999999998
MANUR,MAF,,,,79.801508,13.096025
MOSUR,MSU,,,,79.7188409808,13.0857348949
MELPAKKAM,MLPM,,,,79.659245,13.080671
MARUDALAM,MRLM,,,,79.399298,12.99726
BAZPUR,BPZ,NER,Uttarakhand,"Bazpur, Uttarakhand",79.1463827,29.1578998
BAREILLY,BRY,NER,Uttar Pradesh,"Bareilly, Uttar Pradesh",79.4109744,28.3372843
BALLALPUR,BQZ,ER,West Bengal,"Farakka, West Bengal",87.91224299999999,24.747459000000003
BARNALA,BNN,NR,Punjab,"Barnala, Punjab",75.5492466,30.370396799999998
BINJHOL HALT,BNJL,NR,Haryana,"Panipat, Haryana",76.92378099999999,29.344605
KALAMNA,KAV,,,,79.140955,21.168195
BHIMNATH,BNH,WR,Gujarat,"Bhimnath, Gujarat",71.92503,22.245963
BHANVAD,BNVD,WR,Gujarat,"Bhanvad, Gujarat",69.79885780000001,21.9330444
Baraigram Junction,BRGM,NFR,Assam,"National Highway 44, Assam",92.344106,24.684059
BISHRAMPUR,BSPR,SECR,Chhattisgarh,"District Sarguja, Chhattisgarh",82.98289000000001,23.179178
BAIKUNTHPUR RD,BRH,SECR,Chhattisgarh,"NH 78, Chhattisgarh",82.5298836,23.317286
SALWA,SAL,,,,79.292976,21.236542
Bhatkal,BTKL,KR,Karnataka,"Bhatkal, Karnataka",74.56730199046433,13.987012001486875
THARSA,TAR,,,,79.41467,21.256602
TUMSAR ROAD,TMR,,,,79.75141900000001,21.342437
GANGAJHARI,GJ,,,,80.058885,21.443153
BHAGWANSAR,BNSR,NWR,Rajasthan,"Bhagwan Sar, Rajasthan",73.859791,29.343806
PANIAJOB,PJB,,,,80.693768,21.183732000000003
TIRUVALAM,THL,,,,79.245745,12.974779
Bhanohad Punjab,BQH,NR,Punjab,"Bhanohad, Punjab",75.70970576,30.85173825
SEVUR,SVUR,,,,79.189821,12.971785
KATPADI JN,KPD,,,,79.13534100000001,12.972734
BARIPURA,BPRA,NCR,Uttar Pradesh,"National Highway 86, Uttar Pradesh",79.943488,25.340728000000002
PACHACHAKUPAM,PCKM,,,,78.757365,12.822656
Baripur Mandala,BRPM,WR,Gujarat,"Mandala, Gujarat",,
Bharthali,BRTL,WR,Gujarat,"National Highway 8, Gujarat",,
DONGARGARH,DGG,,,,80.759857,21.185492
Baripada,BPO,SER,Orissa,"Baripada, Orissa",86.73709000000001,21.9227408
Borsad,BO,WR,Gujarat,"Borsad, Gujarat",72.909158,22.401548000000002
JATKANHAR,JTR,,,,80.821965,21.1798
Banisar,BS,NWR,Rajasthan,"Benisar, Rajasthan",73.8954879211,28.067563416
ANTAH,ATH,WCR,Rajasthan,"Antah, Rajasthan",76.3072684,25.1611771
BHONRA,BON,WCR,Rajasthan,"Kota, Rajasthan",76.1976736633,25.171061136400002
Bhatgaon,BOV,SECR,Chhattisgarh,"Bhatgaon, Chhattisgarh",81.71272400000001,21.171626
MUSRA,MUA,,,,80.879372,21.152966
BANGALORE EAST,BNCE,SWR,Karnataka,"Bengaluru, Karnataka",77.6184701,13.001479999999999
KNDV,KNDV,,,,,
Baruipur Junction,BRP,ER,West Bengal,"Baruipur, West Bengal",88.431647,22.366657999999997
ITEHAR,AAH,NCR,Madhya Pradesh,"State Highway 19, Madhya Pradesh",78.683783,26.562635
RAYAT PURA,RYT,NCR,Madhya Pradesh,"National Highway 92, Madhya Pradesh",78.38188099999999,26.456937
BHADROLI,BBY,NCR,Madhya Pradesh,"Gwalior, Madhya Pradesh",78.181356,26.30595
BAKAL,BAKL,,,,80.940946,21.123637
Bathna Krittibas Halt,BTKB,ER,West Bengal,"Bathna Krittibas, West Bengal",88.48266943,23.236313600000003
GONDA JN,GD,,,,81.97815200000001,27.154613
Akashi,AKZ,SER,Jharkhand,"Ranchi, Jharkhand",84.8877858557,23.385124400800002
BANDH BARETA,BR,NCR,Rajasthan,"Dumariya, Rajasthan",77.364108,26.910367
DHANETA,DAN,,,,79.264748,28.512293999999997
CHAKRA ROAD,CKYD,NER,Uttar Pradesh,"Chakara Road Halt, Uttar Pradesh",83.672178,26.001213
MURHIPAR,MUP,,,,81.14815399999999,21.183141
BHOKE,BOKE,KR,Maharashtra,"Maharashtra, Maharashtra",73.3810615,17.0490546
RASMARA,RSM,,,,81.2164,21.204118
PARDHANDE,PHQ,,,,75.3769414349,20.7292951895
PACHORA JN,PC,,,,75.34831,20.668385
Basukinath,BSKH,ER,Jharkhand,"Basukinath, Jharkhand",87.045099,24.388941000000003
Bhesana Manknaj,BSKN,WR,Gujarat,"State Highway 41, Gujarat",72.3312086395,23.4987569498
GALAN,GAA,,,,75.27700034419999,20.6095998065
NAGARDEVLA,NGD,,,,75.1981061108,20.6030016547
ASVALI,AV,,,,73.751085,19.817370999999998
PADLI,PI,,,,73.66573299999999,19.783928
GHOTI,GO,,,,73.63594400000001,19.722911
IGATPURI,IGP,,,,73.56237899999999,19.694053
SHAHAD,SHAD,,,,73.158611,19.244702
ASAUDAH,ASE,NR,Haryana,"Delhi-Rohtak Corridor, Haryana",76.85877285,28.73653776
ASTHAL BOHAR,ABO,NR,Haryana,"Rohtak, Haryana",76.629155,28.857765
KILA ZAFARGARH,KZH,NR,Haryana,"NH 71, Haryana",76.4289531995,29.0805810005
BHANKALA HALT,BNQL,NR,Uttar Pradesh,"State Highway 57, Uttar Pradesh",77.4743493237,29.845590837699998
BANKURA,BQA,SER,West Bengal,"Bankura, West Bengal",87.07468750000001,23.224387099999998
Barauli,BRLI,NCR,Uttar Pradesh,"National Highway 11B, Uttar Pradesh",77.424988,26.552056
Balpur Halt,BPRH,SECR,Chhattisgarh,"Umreli, Chhattisgarh",82.694138,22.115136
Banmankhi Junction,BNKI,ECR,Bihar,"Purnia, Bihar",87.193664,25.885092
ATTIPPATTU,AIP,,,,80.2889459058,13.2611631708
MINJUR,MJR,,,,80.26019199999999,13.281979
Brace Bridge,BRJ,ER,West Bengal,"Kolkata, West Bengal",88.301496,22.517861
Bazurghat,BZGT,NFR,Assam,"Bazurghat, Assam",92.38341799999999,24.607593
Algapur,ALGP,?,Assam,"Hailakandi, Assam",92.59591800000001,24.754753
TARANA ROAD,TAN,,,,76.06701699999999,23.264582
DOIWALA,DWO,NR,Uttarakhand,"Dehradun, Uttarakhand",78.12218,30.175451000000002
BRAR SQUARE,BRSQ,NR,Delhi NCT,"Delhi Cantonment, Delhi NCT",77.14079000000001,28.613526
KHATAULI,KAT,NR,Uttar Pradesh,"Khatauli, Uttar Pradesh",77.736988,29.273712
Bissau,BUB,NWR,Rajasthan,"Bissau, Rajasthan",75.0612084,28.2401014
PABLI KHAS,PQY,NR,Uttar Pradesh,"Meerut, Uttar Pradesh",77.698335,29.05601
GULDHAR,GUH,NR,Uttar Pradesh,"Ghaziabad, Uttar Pradesh",77.455792,28.703751999999998
BORDI ROAD,BRRD,WR,Gujarat,"Bordi, Gujarat",72.766138,20.122424
BHAIROGANJ,BRU,ECR,Bihar,"Bhairoganj, Bihar",84.24239742,27.151418149999998
BETTIAH,BTH,ECR,Bihar,"Bettiah, Bihar",84.5229561,26.8058847
MALKAPUR,MKU,,,,76.202946,20.891974
BHARSENDI,BSDL,WCR,Madhya Pradesh,"Sidhi, Madhya Pradesh",82.06039,24.036488
Bulandshahr,BSC,NR,Uttar Pradesh,"Bulandshahr, Uttar Pradesh",77.8482415,28.3919187
Betheria Ghola,BTPG,ER,West Bengal,"Betheria Ghola, West Bengal",88.573321,22.350122
Bethampurdi,BTPD,SCR,Andhra Pradesh,"Kothagudem To Bhadrachalam Rd, Andhra Pradesh",80.573657,17.543986
BASHARATGANJ,BTG,NR,Uttar Pradesh,"Bareilly, Uttar Pradesh",79.2851956,28.288009
BHATINDA CANTT,BTIC,NR,Punjab,"State Highway 17, Punjab",74.954044,30.19088
ALAL,ALL,NR,Punjab,"Mullowal, Punjab",75.72074952000001,30.377724999999998
WADODA,WADO,,,,76.279846955,20.8885446711
KHUMGAON BURTI,KJL,,,,76.401107,20.866943
NANDURA,NN,,,,76.46015799999999,20.838889
BOTAD JN,BTD,WR,Gujarat,"Botad, Gujarat",71.6655966,22.182870599999998
BASWA,BU,NWR,Haryana,"Alwar, Haryana",76.575644,27.149686000000003
AKOLA JN,AK,,,,77.005497,20.723084
DAREKASA,DKS,,,,80.580751,21.271299000000003
Buglanwali,BUGL,NWR,Rajasthan,"Hanumangarh, Rajasthan",74.23897337168455,29.79175066957987
BASAR,BSX,SCR,Andhra Pradesh,"Basara, Andhra Pradesh",77.938506,18.86512
Baddowal,BWZ,NR,Punjab,"Baddowa, Punjab",75.742678,30.862116999999998
BARSI TAKLI,BSQ,SCR,Maharashtra,"Dist. Akola, Maharashtra",77.060902,20.576054000000003
PARAKHEDA,PARH,WCR,Madhya Pradesh,"Shivpuri, Madhya Pradesh",77.642772,25.705583
BIRLANAGAR,BLNR,,,,78.1953108,26.237555
Bargi,BUQ,SECR,Madhya Pradesh,"Bargi Nagar - Ghansore Rd, Madhya Pradesh",79.875125,22.995932999999997
SIKRODA KWANRI,SIKD,,,,77.96285300000001,26.569564
Bhupalsagar,BSJ,NWR,Rajasthan,"Rajsamand, Rajasthan",74.2116131934,24.8477620899
Bisharpara Kodaliya,BRPK,ER,West Bengal,"Kolkata, West Bengal",88.434731,22.676284
TULUKAPATI,TY,SR,Tamil Nadu,"National Highway 7, Tamil Nadu",77.936903,9.467438999999999
Basulyasutahata,BYSA,SER,West Bengal,"Haldia, West Bengal",88.13056325,22.12030128
BARGARH,BRG,NCR,Uttar Pradesh,"Kaushambi, Uttar Pradesh",81.4500584753,25.164270416300003
KASARA,KSRA,,,,73.472003,19.647159
OOMBERMALI,OMB,,,,73.422651,19.628026000000002
Marahra,MH,CR,,,85.446664,25.100178
KHARDI,KE,,,,73.393442,19.579952
THANSIT,THS,,,,73.35181299999999,19.549981
Bhagsar,BSGR,NR,Punjab,"Ramgarh Chungha, Punjab",74.40197699999999,30.452385
ATGAON,ATG,,,,73.3276912396,19.5031813038
ASANGAON,ASO,,,,73.307859,19.439277999999998
VASIND,VSD,,,,73.26768899999999,19.406422
KHADAVLI,KDV,,,,73.21871043,19.35621892
AMBIVLI,ABY,,,,73.17171,19.267587
DIVA,DIVA,,,,73.041905,19.188394
MUMBAI SANDHURST ROAD,SNRD,CR,Maharashtra,"Mumbai, Maharashtra",72.839733,18.962311
Banga,BXB,NR,Punjab,"Nawan Shahar, Punjab",75.999562,31.177139
THANE,TNA,,,,72.97541700000001,19.185757000000002
Bahminiwala,BVW,NR,Punjab,"State Highway 20, Punjab",74.19313199999999,30.548939999999998
MULUND,MLND,,,,72.956933,19.172355
KAURHA,KUF,,,,80.102675,27.462683
KARNA,KAR,,,,80.19623499999999,27.32161
NAHUR,NHU,,,,72.946683,19.154646
Betnoti,BTQ,SER,Orissa,"Betnoti, Orissa",86.8435187,21.741339999999997
BANASANDRA,BSN,SWR,Karnataka,"SH19, Karnataka",76.659317,13.265332
MORI BERA,MOI,NWR,Rajasthan,"Nana, Rajasthan",73.136306,25.035574999999998
BIROLIYA,BRLY,NWR,Rajasthan,"Biroliya Rd, Rajasthan",73.192517,25.170546
ROHAT,RT,NWR,Rajasthan,"SH 64, Rajasthan",73.0953188199,25.921475609399998
BAGEVADI RD,BSRX,SWR,Karnataka,"Bagevadi, Karnataka",75.82814753,16.47986853
ATTIPPATTU PUDU NAGAR,AIPP,,,,80.299606,13.249326
Bilga,BZG,NR,Punjab,"Bilga, Punjab",75.66684099999999,31.058267
LAKHAMANCHI,LMC,WR,Gujarat,"State Highway 113, Gujarat",71.14841382110001,22.5718124104
Baidyanathdham Deoghar,BDME,ER,Jharkhand,"Deoghar, Jharkhand",86.6920701,24.4892623
BARSI TOWN,BTW,CR,Maharashtra,"Barshi, Maharashtra",75.718169,18.240993
Barwaha,BWW,WR,Madhya Pradesh,"Barwah, Madhya Pradesh",76.0302621,22.255445899999998
JAWAN WALA SHEHAR,JWLS,NR,Himachal Pradesh,"Jawan Wala Shehar, Himachal Pradesh",76.003772,32.14165
KIM,KIM,,,,72.926702,21.399697
Chandlodiya,CDLD,WR,Gujarat,"Ahmadabad, Gujarat",,
Chandeshwarsthan,CDMA,ECR,Bihar,"Chandeshwarsthan, Bihar",,
SAMAYANALLUR,SER,,,,78.035087,9.981546
Chandod,CDD,WR,Gujarat,"State Highway 160, Gujarat",73.45218163914979,21.99195697308774
DADHAPARA,DPH,,,,82.123182,22.028156
JAIRAMNAGAR,JRMG,,,,82.29651100000001,22.034344
UGAON,UGN,,,,74.136829,20.122591999999997
Bamanhat,BXT,NFR,West Bengal,"Kurigram Nageshwari Rd, West Bengal",89.62797752581537,26.076284459879247
BANDARKHAL,BXK,NFR,Assam,"Diakkawn Rd, Assam",92.80071699999999,25.069785
BAHMAN DIWANA,BWX,NR,Punjab,"Behman Diwana, Punjab",74.849153,30.225526
BARYA RAM,BYHA,NR,Uttar Pradesh,"THAKUR Rd, Uttar Pradesh",82.22659200000001,25.566931
CHARKHERA,CRK,WCR,Madhya Pradesh,"Harda, Madhya Pradesh",77.171177,22.367273
BHADUTALA,BUTA,SER,West Bengal,"Lalgarh-Medinipur Road, West Bengal",87.3208,22.485657
CHANDRAKONA RD,CDGR,SER,West Bengal,"Chandrakona Rd, West Bengal",87.340588,22.739076
BARSOLA,BZO,NR,Haryana,"District Jind, Haryana",76.231711,29.394379
DINDIGUL JN,DG,,,,77.985472,10.35381
VELLODU,VO,,,,77.951415,10.317775999999999
AMBATURAI,ABI,,,,77.924468,10.272226
KODAIKANAL ROAD,KQN,,,,77.909593,10.179613000000002
VADIPPATTI,VDP,,,,77.945674,10.086114
CHADOTAR,CDQ,WR,Gujarat,"National Highway 14, Gujarat",72.37251094,24.18394723
BAWAL,BWL,NWR,Haryana,"Bawal, Haryana",76.572402,28.070281
BHIMAVARAM TOWN,BVRT,SCR,Andhra Pradesh,"Bhimavaram, Andhra Pradesh",81.516853,16.547348
BAGRI NAGAR,BQN,NWR,Rajasthan,"Marwar, Rajasthan",73.787801,25.895725000000002
KARUPPATTI,KYR,,,,77.94839300000001,10.044464999999999
SHOLAVANDAN,SDN,,,,77.96508200000001,10.02227
Chikhli Road,CIO,WR,Gujarat,"SH 179, Gujarat",,
BAGAHA,BUG,ECR,Bihar,"Bagaha, Bihar",84.066991,27.130045000000003
CHANPATIA,CAI,ECR,Bihar,"Sikta-Mainatad Rd, Bihar",84.53063900000001,26.94163
CHAKIA,CAA,ECR,Bihar,"Chakia, Bihar",85.04636,26.417182
Chikna,CKNA,ECR,,,,
BELRAYAN,BXM,NER,Uttar Pradesh,"Tikapur, Uttar Pradesh",80.915268,28.379381
BHILAVDI,BVQ,CR,Maharashtra,"Sangli, Maharashtra",74.51678100000001,17.008048
ANARA,ANR,SER,West Bengal,"Purulia, West Bengal",86.559763,23.481082
Balwant Pura Chelasi,BWPL,NWR,Rajasthan,"Jhunjhunu, Rajasthan",75.44328689999999,27.9104715
Chataud,CATD,SECR,,,81.73716,21.015051
Chiraidongri,CID,SECR,Madhya Pradesh,"Chiraidongri, Madhya Pradesh",80.287402,22.411417999999998
KATHGHAR RIGHT BANK,KGFR,,,,78.8082265295,28.832108335
KATHGHAR EAST,KGFE,,,,78.8095,28.832685
Bihariganj,BHGJ,ECR,Bihar,"Kishanganj, Bihar",86.992655,25.732598999999997
HATHIGADH,HTGR,WR,Gujarat,"SH 115, Gujarat",71.444628,21.620099999999997
Chandkhira Bagn,CHBN,NFR,Assam,"National Highway 44, Assam",92.287381,24.515852
YY-MMRX,YY-MMRX,,,,,
MEKKUDI,MKY,SR,Tamil Nadu,"Nagappattinam - Trichy - Karur- Coimbatore - Mettupalayam - Ooty - Gundlupet Road(Vandikara Street), Tamil Nadu",78.628737,10.87109
MILAK,MIL,,,,79.16411699999999,28.612475
NAGARIA SADAT,NRS,,,,79.205555,28.550179
Barwala,BXC,NR,Haryana,"Barwala, Haryana",75.88703100000001,29.367534
BALAMU JN,BLM,,,,80.352497,27.167362999999998
UMAR TALI,UTA,,,,80.473465,27.086986
Charbhuja Road,CBG,NWR,Rajasthan,"Amet, Rajasthan",73.946241,25.352227999999997
HONNAVAR,HNA,KR,Karnataka,"Honavar, Karnataka",74.433196,14.316931
SENAPURA,SEN,KR,Karnataka,"Udupi, Karnataka",74.6840119482,13.717680182199999
Chargola,CGX,NFR,Assam,"National Highway 44, Assam",92.416794,24.845883999999998
TAMARAIPADI,TMP,,,,78.0445917407,10.4023417558
VADAMADURA,VDM,,,,78.1021599634,10.4363355768
AYYALUR,AYR,,,,78.157049,10.483391
KALPATTICHATRAM,KFC,,,,78.2343675623,10.518065672899999
VALYAMPATTI,VPJ,,,,78.3098143988,10.544055019
CHETTIYAPATTI,CII,,,,78.3662318384,10.575644554
BHAYANDAR,BYR,WR,Maharashtra,"Thane, Maharashtra",72.85303900000001,19.311766
BHANDU MOTIDAU,BHU,WR,Gujarat,"Mahesana, Gujarat",72.38933899999999,23.709061000000002
Canning,CG,ER,West Bengal,"Canning, West Bengal",88.667458,22.313264
Changotola,CGLA,?,,,80.11878948120001,22.2299461588
CHAKKI BANK,CHKB,NR,Punjab,"Pathankot, Punjab",75.636651,32.259653
Junair Halt,JAR,,,,85.2506963452,25.273607371900003
CHANDAUSI JN,CH,NR,Uttar Pradesh,"Chandausi, Uttar Pradesh",78.780268,28.458626000000002
BSLX,BSLX,,,,,
DUNGRI,DGI,WR,Gujarat,"NH 8, Gujarat",72.949119,20.687336000000002
BISWA BRIDGE,BIS,,,,76.33919345,20.885157149999998
YEULKHED,YAD,,,,77.07497000000001,20.724559000000003
Kath Kuiyan,KKT,,,,84.0478709076,26.8568018382
BORGAON,BGN,,,,77.1796502,20.7290593
DUDWINDI,DDY,NR,Punjab,"Kapurthala, Punjab",75.258143,31.237553
KATEPURNA,KTP,,,,77.25938099999999,20.723777
SUMMIT,SUM,,,,74.3431299774,20.2117506011
LASALGAON,LS,,,,74.22597599999999,20.154847999999998
DEHRADUN,DDN,NR,Uttarakhand,"Dehradun, Uttarakhand",78.0336011,30.3140377
MURTAJAPUR,MZR,,,,77.35482499999999,20.736468000000002
CHANDRESAL,CDSL,WCR,Rajasthan,"Kota, Rajasthan",75.943986,25.212948
CHANDIGARH,CDG,NR,Chandigarh,"Darua, Chandigarh",76.82208,30.7019773
MANA,MANA,,,,77.469063,20.761491
MANDURA,MNDA,,,,77.52258400000001,20.78015
KAPTANGANJ JN,CPJ,NER,Uttar Pradesh,"Captainganj, Uttar Pradesh",83.69990700000001,26.926388
ASWANI HALT,AWS,ECR,Bihar,"Bagaha, Bihar",84.051843,27.15958
KURAM,KUM,,,,77.58733000000001,20.808396000000002
TAKLI,TKI,,,,77.65695,20.833253
KAKORI,KKJ,,,,80.79835,26.885454000000003
LUCKNOW WEST (ALH),LNWT,,,,80.909614,26.829443
DESARI,DES,ECR,Bihar,"Vaishali, Bihar",85.4087656586,25.6683593565
NIPHAD,NR,,,,74.079481,20.096584
BADNERA JN,BD,,,,77.73231969999999,20.8567925
BARKUR,BKJ,KR,Karnataka,"Udupi, Karnataka",74.75968040000001,13.477458799999999
BEKAL FORT,BFR,SR,Kerala,"Pallikere, Kerala",75.04278599999999,12.385524
Dilmili,DMK,ECoR,Chhattisgarh,"National Highway 16, Chhattisgarh",81.737851,18.987443
Deoghar,DGHR,ER,Jharkhand,"Deoghar, Jharkhand",86.69712126,24.51178242
Alur Halt,ALUR,SWR,Karnataka,"Hassan - Alur Rd, Karnataka",75.99049337,12.98251226
TIMTALA,TMT,,,,77.79476000000001,20.812496
MALKHED,MLR,,,,77.862831,20.821793
CHANDUR,CND,,,,77.9821558,20.8045192
DIPORE,DIP,,,,78.040981,20.79317
DHAMANGAON,DMN,,,,78.138054,20.784674000000003
TALNI,TLN,,,,78.230026,20.754248
PULGAON JN,PLO,,,,78.318111,20.726734
KAOTHA,KAOT,,,,78.376203,20.737041
DAHEGAON,DAE,,,,78.463093,20.729315
WARDHA JN,WR,,,,78.594157,20.732777
SEVAGRAM,SEGM,,,,78.619225,20.739076
WARUD,VADR,,,,78.65067138549999,20.7471655405
TULJAPUR,TGP,,,,78.808237,20.800701
BORKHEDI,BOK,,,,78.97444766000001,20.860176040000002
BUTI BORI,BTBR,,,,79.01362896,20.91847276
CHAND BHAN,CBX,NR,Punjab,"Jaitu, Punjab",74.88002100000001,30.445148
GUMGAON,GMG,,,,79.030314,20.993595999999997
DEVARAYI,DEV,SWR,Karnataka,"State Highway 34, Karnataka",74.57136412999999,15.44947863
KHAPTI,KRI,,,,79.048839,21.049338
AJNI,AJNI,,,,79.0825197485,21.1268588122
KAMPTEE,KP,,,,79.197947,21.21172
CHENGEL,CGA,,,,88.13891000000001,22.486845
Dongri Buzurg,DGBZ,SECR,Maharashtra,"State Highway 251, Maharashtra",79.676645,21.573844
BAURIA JN,BVA,,,,88.1635216052,22.5035911202
NALPUR,NALR,,,,88.185699,22.529208
Deeg,DEEG,NCR,Rajasthan,"Bharatpur, Rajasthan",77.32451142,27.48655053
ABADA,ABB,,,,88.19939199999999,22.547877
SANKRALL,SEL,,,,88.2090743463,22.5613094942
ANDUL,ADL,,,,88.239643,22.575169
SANTRAGACHI JN,SRC,,,,88.284011,22.58393
RAMRAJATALA,RMJ,,,,88.295438,22.587778
Durganagar,DGNR,ER,West Bengal,"Kolkata, West Bengal",88.419,22.650758
MANAPARAI,MPA,,,,78.4177652356,10.6075620105
BHILGAON,BHGN,NFR,Assam,"National Highway 39, Assam",93.926117,26.354394000000003
SAMUDRAM,SMDM,,,,78.493545,10.652687
KOLATUR,KLS,,,,78.547696,10.700678
CHABUA,CHB,NFR,Assam,"Chabua, Assam",95.1720581342,27.481420709000002
DEOKALI,DEO,NER,Uttar Pradesh,"State Highway 90, Uttar Pradesh",80.705156,27.977317000000003
CHHAN ARORIAN,CHNR,NR,Jammu and Kashmir,"Chhan Arorian, Jammu and Kashmir",75.35904533,32.46131096
BUDHI,BDHY,NR,Jammu and Kashmir,"Kathua, Jammu and Kashmir",75.432931,32.440429
CHAK KALAN,CKKN,NR,Punjab,"National Highway 1A, Punjab",75.623498,32.083103
BHANGALA,BNGL,NR,Punjab,"National Highway 1A, Punjab",75.61231335209999,32.0195148161
Chakdaha,CDH,ER,West Bengal,"Chakdaha, West Bengal",88.529672,23.078406
CHOLANG,CGH,NR,Punjab,"Adda Cholang, Punjab",75.639894,31.617259999999998
DAHISAR,DIC,WR,Maharashtra,"Mumbai, Maharashtra",72.859587,19.250166
Chhina,CHN,NR,Punjab,"Ghuman Kalan Rd, Punjab",75.271993,31.902255
Maliya,MLYA,ER,West Bengal,"Maliya, West Bengal",88.136281,22.831668
Dhamua,DMU,ER,West Bengal,"Sherpur Dhamua Rd, West Bengal",88.392178,22.290179
DERAWAN HALT,DON,SER,Jharkhand,"Derawan, Jharkhand",76.104438,23.230256999999998
BILASPUR JN,BSP,,,,82.167585,22.057473
Dharmaj,DMJ,WR,Gujarat,"State Highway 6, Gujarat",,
DAULATABAD,DLB,SCR,Maharashtra,"Maharashtra., Maharashtra",75.210494,19.916367
DHAMARA GHAT,DHT,ECR,Bihar,"Bihar, Bihar",86.599522,25.590821
DHALGAON,DLGN,CR,Maharashtra,"Jath Rd, Maharashtra",74.9887134,17.120967200000003
DHOKI,DKY,CR,Maharashtra,"Dhoki Town, Maharashtra",76.10298900000001,18.353216
DALHOGI ROAD,DLSR,?,,,75.75084299999999,32.289064
Deoraha Baba Road,DRBR,NER,,,83.87109099999999,26.283979000000002
DULLAHAPUR,DLR,NER,Uttar Pradesh,"SH 67, Uttar Pradesh",83.423264,25.799898
DCAB,DCAB,,,,81.477969,21.226612
DIHAKHO,DKE,NFR,Assam,"Diakkawn Rd, Assam",93.126587,25.427907
BHILAI CABIN,CABN,,,,81.499084,21.236052
DANEA,DNEA,ECR,,,85.658334,23.799131
Diplana,DPLN,NWR,Rajasthan,"State Highway 36, Rajasthan",74.88112287595868,29.182572629698868
KUMHARI,KMI,,,,81.516054,21.243782
Davol,DOW,WR,,,72.953112,22.39911
DHARNAODA,DHR,WCR,Rajasthan,"Dharnawada, Rajasthan",77.09925299999999,24.592205
SARONA CABIN,SZB,,,,81.5736163281,21.2532719083
DAPPAR,DHPR,NR,Punjab,"National Highway 22, Punjab",76.8075098584,30.5176409515
RAIPUR JN,R,,,,81.629328,21.256462000000003
W R S COLONY PH,WRC,,,,81.639183,21.277967999999998
URKURA,URK,,,,81.644569,21.289034
Dumra,DUMR,ECR,Bihar,"NH 77, Bihar",85.533639,26.576993
DISA,DISA,WR,Gujarat,"Disa, Gujarat",72.1796003,24.237125199999998
CHERUKUVADA,CKV,SCR,Andhra Pradesh,"Cherukawada, Andhra Pradesh",81.42156278,16.58967159
LUCKNOW,LKO,,,,80.925291,26.830675
OLD DELHI,DLI,NR,Delhi NCT,"Shyama Prasad Mukherji Marg, Delhi NCT",77.228356,28.661815999999998
Dholikua,DOLK,WR,Gujarat,"Gujarat, Gujarat",,
MANDHAR,MDH,,,,81.704606,21.33807
SILIARI,SLH,,,,81.755534,21.426336000000003
BAIKUNTH,BKTH,,,,81.7800294,21.4976724
CHARVATTUR,CHV,SR,Kerala,"Kasaragod district, Kerala",75.15435,12.213321
CHANDERA,CDRA,SR,Kerala,"Kasaragod, Kerala",75.168292,12.179818
BELHA,BYL,,,,82.077189,21.961973
PUNGGUDI,PUG,,,,78.620151,10.748083000000001
TIRUCHIRAPPALLI,TPJ,,,,78.685355,10.794067
CHAKARBHATHA,CHBT,,,,82.112168,22.003082
Diyatara Road,DTRD,?,Rajasthan,"Diyatra, Rajasthan",72.8399187915,27.733596247399998
IB,IB,,,,83.94878100000001,21.815777
Darsana Border,DSNB,?,Bangladesh,"Chuadanga, Bangladesh",,
KHARAGPUR JN,KGP,,,,87.32845599999999,22.341431999999998
PHULESWAR,FLR,,,,88.11604889590001,22.4778756365
Dinhata,DHH,NFR,West Bengal,"Dinhata, West Bengal",89.5868746,26.0707762
Dakshin Durgapur,DKDP,ER,West Bengal,"Dakshin Durgapur, West Bengal",88.399338,22.308871
To Darjeeling,DJRZ,NFR,West Bengal,"Darjeeling, West Bengal",88.3332302,26.8521353
DULIAJAN,DJG,NFR,Assam,"Duliajan, Assam",95.30695200000001,27.367712
DIKOM,DKM,NFR,Assam,"A T Rd, Assam",95.0806742816,27.4642265659
Dhachna,DHNA,NFR,Bihar,"National Highway 34, Bihar",87.9869386938,25.6464732123
Jethian,JTIN,,,,85.3141277319,24.929548151899997
Durgapuri,DURP,NCR,Madhya Pradesh,"Khojeepura, Madhya Pradesh",,
Dharmanagar,DMR,NFR,Tripura,"Dharmanagar, Tripura",92.16824700000001,24.366946
Dhapdhapi,DPDP,ER,West Bengal,"Dhapdhapi, West Bengal",88.459855,22.315994
Ellenabad,ENB,NWR,Rajasthan,"State Highway 23, Rajasthan",74.6579341054894,29.44410399265112
Dullabcherra,DLCR,NFR,Assam,"Anipur Nivia Rd, Assam",92.477671,24.505297000000002
Devi Halt,DVH,SECR,Madhya Pradesh,"Devi, Madhya Pradesh",78.86207,21.706411
Dagaon,DGX,NFR,Assam,"Mathaouri Rd, Assam",92.61368900000001,26.444446
Dokwa,DKWA,NWR,Rajasthan,"National Highway 65, Rajasthan",75.32336400000001,28.579787000000003
Dudda,DUH,SWR,Karnataka,"Dudda, Karnataka",76.2042468,13.08842214
Dhule,DHI,CR,Maharashtra,"Dhule, Maharashtra",74.768847,20.887752
Dhubulia,DHU,ER,West Bengal,"Nadia, West Bengal",88.441145,23.483546
Donigal,DOGL,SWR,Karnataka,"Mangalore - Bangalore Hwy, Karnataka",75.73412167570001,12.9040478098
DARASURAM,DSM,SR,Tamil Nadu,"Kumbakonam, Tamil Nadu",79.35638399999999,10.944384000000001
DEWAS,DWX,WR,Madhya Pradesh,"Dewas, Madhya Pradesh",76.051191,22.977556
DUNDARA,DOR,NWR,Rajasthan,"Dhundhara, Rajasthan",72.796892,25.895799
Dauram Madhepura,DMH,ECR,Bihar,"Madhepura, Bihar",86.782638,25.908513
Dholipal,DPK,NWR,Rajasthan,"Dholipal, Rajasthan",74.25159995444119,29.76082671390587
ADARSHNAGAR,AHO,NWR,Rajasthan,"Ajmer, Rajasthan",74.653432493,26.411579930800002
Dina Nagar,DNN,NR,Punjab,"Dinanagar, Punjab",75.467351,32.134789
Darliput,DPC,ECoR,Orissa,"Darliput, Orissa",82.74651899999999,18.365186
DWARKA,DWK,WR,Gujarat,"Dwarka, Gujarat",68.980434,22.251023
RAJ NANDGAON,RJN,,,,81.039019,21.101186000000002
Darwha Moti Bagh Junction,DWM,CR,Maharashtra,"Darwha, Maharashtra",,
DAURAI,DOZ,NWR,Rajasthan,"Madar, Rajasthan",74.619546,26.395604000000002
PARMALKASA,PMS,,,,81.09869,21.140859000000003
Daun Kalan,DOC,NR,Punjab,"National Highway 64, Punjab",76.4585689563,30.3792190643
MARAUDA,MXA,SECR,Chhattisgarh,"Bhilai, Chhattisgarh",81.35973,21.15958
Kalinagar,ER08,ER,West Bengal,"State Highway 6, West Bengal",,
BARAHMUAFI,BQF,WCR,Uttar Pradesh,"Uttar Pradesh, Uttar Pradesh",81.009932,25.039892
DEORI,DOE,WCR,Madhya Pradesh,"Jabalpur, Madhya Pradesh",80.009808,23.298434999999998
DAGARHKERI,DRHI,WCR,Madhya Pradesh,"State Highway 15, Madhya Pradesh",76.8264017633,22.0812732116
DONGARGAON,DGN,CR,Madhya Pradesh,"Borgaon, Madhya Pradesh",76.36406699999999,21.641314
KASBE-SUKENE,KBSN,,,,74.02714900000001,20.072296
KHERVADI,KW,,,,73.973978,20.046948
ODHA,ODHA,,,,73.910456,20.01601
NASIK ROAD,NK,,,,73.841897,19.947627
LAHAVIT,LT,,,,73.815119,19.852905
KANJUR MARG,KJMG,,,,72.928041,19.128181
GHATKOPAR,GC,,,,72.908591,19.085984999999997
LOKMANYA TILAK TERM,LTT,,,,72.89173899999999,19.070320000000002
Debari,DRB,NWR,Rajasthan,"Debari, Rajasthan",73.805352,24.606987
FAKHARPUR HALT,FAP,NR,Uttar Pradesh,"Fakharpur, Uttar Pradesh",77.293521,28.846965
DELHI SHAHDARA,DSA,NR,Delhi NCT,"Circular Rd, Delhi NCT",77.293154,28.673098
GHAZIPUR GHAT,GZT,NER,Uttar Pradesh,"Ghazipur, Uttar Pradesh",83.60480199999999,25.600279999999998
PERUGAMANI,PGN,SR,Tamil Nadu,"Nagappattinam - Trichy - Karur- Coimbatore - Mettupalayam - Ooty - Gundlupet Road(Vandikara Street), Tamil Nadu",78.54751,10.889271
DIMAPUR,DMV,NFR,Nagaland,"Dimapur, Nagaland",93.72781599999999,25.905701999999998
DUDH SAGAR WATER FALLS,DWF,SWR,Karnataka,"National Highway 4A, Karnataka",74.31403358,15.31333714
PHURSUNGI,FSG,CR,Maharashtra,"Phursungi, Maharashtra",74.026016,18.455828999999998
Phulia,FLU,ER,West Bengal,"Fulia, West Bengal",88.49634,23.229896999999998
Dangoaposi,DPS,SER,Jharkhand,"Nurda, Jharkhand",85.59273,22.167964
Durga Chak Town,DZKT,SER,West Bengal,"Haldia, West Bengal",88.136032,22.066831
Mumbai Elphinstone Road,EPR,WR,Maharashtra,"Mumbai, Maharashtra",72.835426,19.00694
Eraligu,ELL,NFR,Assam,"Eraligu, Assam",92.33263099999999,24.665398
DILDARNAGAR JN,DLN,,,,83.668324,25.419424
Daniyawan Bazar Halt,DNWH,?,Bihar,"Daniawan, Bihar",85.2908951074,25.4345036206
AHIMANPUR,AHM,NER,Uttar Pradesh,"St Ravidas Nagar, Uttar Pradesh",82.511544,25.252404
FALNA,FA,NWR,Rajasthan,"Falna, Rajasthan",73.23495299999999,25.235808
Dodh,DODH,NR,Punjab,"State Highway 20, Punjab",74.52193700000001,30.841607
DARAGANJ,DRGJ,NER,Uttar Pradesh,"Allahabad, Uttar Pradesh",81.87998999999999,25.44265
Dhanera,DQN,NWR,Gujarat,"Dhanera, Gujarat",72.032364,24.506528
Dumka,DUMK,ER,Jharkhand,"Dumka, Jharkhand",87.254975,24.289527
SRIRANGAM,SRGM,,,,78.696348,10.857918
PONMALAI GOLDEN ROCK,GOC,,,,78.709755,10.791837
Durgachak,DZK,SER,West Bengal,"Haldia, West Bengal",88.15527399999999,22.082011
TIRUCHIRAPALI TOWN,TPTN,,,,78.702834,10.829084
UTTAMARKOVIL,UKV,,,,78.702346,10.877948
PICHCHANDARKOVL,BXS,,,,78.720236,10.881112
VALADI,VLDE,,,,78.757917,10.872869000000001
MANDURAI,MAND,,,,78.78619599999999,10.873068
LALGUDI,LLI,,,,78.813672,10.875733
KATTUR,KTTR,,,,78.855173,10.895833999999999
PULLAMBADI,PMB,,,,78.91757299999999,10.940214
KALLAKKUDI PLGH,KKPM,,,,78.948759,10.966118999999999
KALLAGAM,KLGM,,,,79.00542629819999,11.0256145326
SILLAKKUDI,SLTH,,,,79.0368619916,11.095633418
ARIYALUR,ALU,,,,79.06831799999999,11.150035
OTTAKOVIL,OTK,,,,79.109674,11.222726000000002
VELLUR HALT,VER,,,,79.13844999999999,11.242453000000001
SENDURAI,SNDI,,,,79.168778,11.256462
MATHUR,MTUR,,,,79.20580299999999,11.318107
ICHCHANGADU,ICG,,,,79.2197551199,11.371003803499999
PENNADAM,PNDM,,,,79.219978,11.397962999999999
TALANALLUR,TLNR,,,,79.24125000000001,11.436374
VRIDDHACHALM TN,VRT,,,,79.279462,11.482273000000001
DOSAPADU,DPD,SCR,Andhra Pradesh,"Krishna, Andhra Pradesh",80.938771,16.468807
Gogameri,GAMI,NWR,Rajasthan,"MDR 18, Rajasthan",75.03507563844323,29.160244032368652
GHARNI,GANI,?,Maharashtra,"MSH3, Maharashtra",76.758368,18.476969999999998
DEVTHANA,DVN,SCR,Maharashtra,"Nanded, Maharashtra",77.689981,19.274562
DUHAI,DXH,NR,Uttar Pradesh,"Uttar Pradesh, Uttar Pradesh",77.480363,28.730283
Dhauni,DWLE,ER,Bihar,"Dhauni, Bihar",86.9930409827,25.010329682000002
DHURI JN,DUI,NR,Punjab,"Dhuri, Punjab",75.86660300000001,30.372740999999998
Fatehpur Shekhawati,FPS,NWR,Rajasthan,"Fatehpur, Rajasthan",74.971043,28.000728000000002
DWARKAGANJ,DWJ,NR,Uttar Pradesh,"Sultanpur, Uttar Pradesh",82.109076,26.316418
DOMBIVILI,DI,,,,73.0869,19.218218
VIKHROLI,VK,,,,72.928312,19.11196
VIDYAVIHAR,VVH,,,,72.897181,19.079258
VANGAON,VGN,WR,Maharashtra,"Thane, Maharashtra",72.76318500000001,19.882845
GoldingGanj,GALG,?,Bihar,"GoldingGanj, Bihar",,
Ekangarsarai,EKR,ECR,Bihar,"Ekangar Sarai, Bihar",85.2322638,25.2224815
GURGAON,GGN,NR,Haryana,"Gurgaon, Haryana",77.010739,28.489165
DATEWAS,DTW,NR,Punjab,"Bareta, Punjab",75.616682,29.893255
Nangi,NAI,ER,West Bengal,"Kolkata, West Bengal",88.223984,22.500255999999997
Farukhnagar,FN,NR,Haryana,"Gurgaon, Haryana",76.828486,28.467066
GONDAL,GDL,WR,Gujarat,"Gondal, Gujarat",70.79558800000001,21.972471
Gawnaha,GAH,ECR,Bihar,"Pashchim Champaran, Bihar",84.52017599999999,27.269838999999997
GHATLA,GAL,NWR,Rajasthan,"State Highway 14, Rajasthan",76.628452,27.731813000000002
ADIPUR,AI,WR,Gujarat,"Dist. Kachchh, Gujarat",70.0786586,23.077052700000003
MUMBAI CHINCHPOKLI,CHG,CR,Maharashtra,"Mumbai, Maharashtra",72.832659,18.986789
Dantewara,DWZ,ECoR,Chhattisgarh,"Dantewada, Chhattisgarh",81.35453600000001,18.907733
DIGSAR,DXR,WR,Gujarat,"State Highway 17, Gujarat",71.499375,22.712403000000002
Fatehabad Chowk Junction,FTD,WR,Madhya Pradesh,"Indore, Madhya Pradesh",75.673338,23.009106
Dahina Zainabad,DZB,NWR,Haryana,"Tumna Rd, Haryana",76.39169434200001,28.291078574500002
TIRUMALPUR,TMLP,SR,Tamil Nadu,"Tirumalpur, Tamil Nadu",79.67348799999999,12.956333
KANCHIPURAM EAST,CJE,SR,Tamil Nadu,"Kanchipuram, Tamil Nadu",79.7120436792,12.841137186300001
DUBRAJPUR,DUJ,ER,West Bengal,"Dubrajpur, West Bengal",87.378973,23.803358
DIGARU,DGU,NFR,Assam,"Digaru, Assam",91.977861,26.173306
BARAHU,BRHU,NFR,Assam,"National Highway 37, Assam",92.1395124182,26.1204333815
DHARAMTUL,DML,NFR,Assam,"Dharamtul, Assam",92.36716,26.189127
Bhagirathpur,BHGP,NER,Uttar Pradesh,"National Highway 29, Uttar Pradesh",83.38771,27.326628
DHALPUKHURI,DHRY,NFR,Assam,"Hojai Rd, Assam",92.880626,25.981050999999997
BAR LANGFER S,BRLF,NFR,Assam,"Lumding, Assam",93.225136,25.755626
SELENG HAT,SLX,NFR,Assam,"National Highway 61, Assam",94.4827626898,26.783438032899998
DIBRUGARH,DBRG,NFR,Assam,"Dibrugarh, Assam",94.93525791020001,27.463606565899997
DILAWARNAGAR,DIL,,,,80.6674744,26.9601891
NANDGANJ,NDJ,NER,Uttar Pradesh,"National Highway 29, Uttar Pradesh",83.396867,25.54457
DIYURI,DYU,NER,Uttar Pradesh,"Diyuri, Uttar Pradesh",79.87601000000001,28.603253
JAMMU TAWI,JAT,NR,Jammu and Kashmir,"Jammu Cantt, Jammu and Kashmir",74.880117,32.706975
KANDRORI,KNDI,NR,Himachal Pradesh,"District Kangra Pin- 176402, Himachal Pradesh",75.668807,32.184403
Daryapur,DYP,NR,Uttar Pradesh,"National Highway 24B, Uttar Pradesh",81.248588,26.182799
BIRANG KHERA,BMK,NWR,Punjab,"MDR 105, Punjab",74.63586428650001,29.9125697133
DHIRERA,DHRR,NWR,Rajasthan,"Bikaner, Rajasthan",73.616355,28.363519
CHIT BARAGAON,CBN,NER,Uttar Pradesh,"Chitbaragaon, Uttar Pradesh",84.00154,25.744108999999998
CHHAPRA,CPR,,,,84.725004,25.788320000000002
DUMRI JUARA,DRI,,,,84.869395,25.748425
SONPUR JN,SEE,,,,85.16685100000001,25.696849
Faridaha Halt,FRDH,NER,Uttar Pradesh,"Aunrihar, Uttar Pradesh",83.12602199999999,25.557959
KALOL JN,KLL,WR,Gujarat,"Kalol, Gujarat",72.50363,23.244576000000002
DANGARWA,DNW,WR,Gujarat,"Jagudan, Gujarat",72.44125299999999,23.401485
CHHAPI,CHP,WR,Gujarat,"Banaskantha, Gujarat",72.40022099999999,24.034518000000002
SIROHI ROAD,SOH,NWR,Rajasthan,"Pindwara, Rajasthan",73.039834,24.791042
TUTICORIN,TN,SR,Tamil Nadu,"Thoothukudi, Tamil Nadu",78.15535899999999,8.806109000000001
GARHBETA,GBA,SER,West Bengal,"Medinipur, West Bengal",87.320972,22.844562
ELIMALA,ELM,SR,Kerala,"Kannur District, Kerala",75.2308476031,12.0686868024
Garha,GARA,ECR,Bihar,"NH 77, Bihar",85.52096599999999,26.426289
Gajner,GJN,NWR,Rajasthan,"National Highway 15, Rajasthan",73.0615538,27.9358522
Garia,GIA,ER,West Bengal,"Kolkata, West Bengal",88.404673,22.465958999999998
ERANIEL,ERL,SR,Tamil Nadu,"Kanyakumari, Tamil Nadu",77.308161,8.212549
VRIDHACHALAM JN,VRI,,,,79.316073,11.534965
MEPPULIYUR,MPLY,,,,79.30663799999999,11.676385
PARIKKAL,PRKL,,,,79.370923,11.778527
KARUNGUZHI,KGZ,,,,79.91149,12.531918999999998
PANDILLAPALLI,PNDP,SCR,Andhra Pradesh,"Pandillapalli Railway Station, Andhra Pradesh",80.17023400000001,17.171933
GULVANCHI,GLV,CR,Maharashtra,"Jath Rd, Maharashtra",75.05678,17.172707
GARHI HARSARU,GHH,NR,Haryana,"Gurgaon, Haryana",76.929697,28.43755
GOP JAM,GOP,WR,Gujarat,"State Highway 27, Gujarat",69.90809078,22.0539696502
Gundardehi,GDZ,SECR,Chhattisgarh,"Gundardehi, Chhattisgarh",81.302351,20.948836
GIDDARBAHA,GDB,NR,Punjab,"Giddarbaha, Punjab",74.663342,30.201319
Gajuwala,GJW,NR,Punjab,"State Highway 2, Punjab",75.871735,29.585509000000002
GUMIA,GMIA,ECR,,,85.82892199999999,23.802650999999997
GODHA,GDHA,NR,Uttar Pradesh,"Godha, Uttar Pradesh",78.141225,28.005897
Ghoom,GHUM,NFR,West Bengal,"Darjeeling, West Bengal",88.254223,27.008643
Ganpatpura,GNPT,WR,Gujarat,"Gujarat, Gujarat",,
LAKSAR JN,LRJ,,,,78.019628,29.754037999999998
GARSANDA HALT,GSDH,ECR,Jharkhand,"Garsanda, Jharkhand",86.011307,25.142617
Ghadela Halt,GELA,SECR,Madhya Pradesh,"State Highway 19, Madhya Pradesh",78.888017,21.714043999999998
GARHWA,GHQ,ECR,Jharkhand,"Garhwa, Jharkhand",83.8132154,24.1751953
GUDIVADA JN,GDV,SCR,Andhra Pradesh,"Krishna District, Andhra Pradesh",80.987594,16.429888
GONDWALI,GNDI,WCR,Madhya Pradesh,"Bargawa, Madhya Pradesh",82.519981,24.217437999999998
KASHI,KEI,,,,83.031939,25.326563999999998
BABA BHAGWAN RAM HALT,BBRM,,,,83.0384061804,25.315887671800002
VYASNAGAR,VYN,,,,83.071351,25.29701
Garhnokha,GNK,ECR,Bihar,"State Highway 12, Bihar",84.12283778,25.09724423
BLOCK HUT B,BHBV,,,,83.102203,25.274869
VARANASI JN,BSB,,,,82.986468,25.327281
DHARMKUNDI,DKI,WCR,Madhya Pradesh,"Hoshangabad, Madhya Pradesh",77.5510144354,22.5120383739
NANGAL,NGL,NR,Uttar Pradesh,"Saharanpur, Uttar Pradesh",77.62227,29.832554
MUZAFFARNAGAR,MOZ,NR,Uttar Pradesh,"MuzaffarNagar, Uttar Pradesh",77.707807,29.468689
DAURALA,DRLA,NR,Uttar Pradesh,"Meerut, Uttar Pradesh",77.70616000000001,29.114015000000002
MODINAGAR,MDNR,NR,Uttar Pradesh,"Ghaziabad, Uttar Pradesh",77.571716,28.827907
BHIRINGI,BRI,WCR,Madhya Pradesh,"Harda, Madhya Pradesh",76.941024,22.227752
Gede,GEDE,ER,West Bengal,"R 748, West Bengal",88.786737,23.491197
THAKRULI,THK,,,,73.09767799999999,19.225768000000002
GHEVRA,GHE,NR,Delhi NCT,"Ghevra, Delhi NCT",76.99853599999999,28.691982000000003
GOLEHWALA,GHA,NR,Punjab,"Golehwala, Punjab",74.70440599999999,30.789872
Gainjahwa,GAW,NER,Uttar Pradesh,"MDR 10E, Uttar Pradesh",82.24506478820001,27.4546557588
Gahndran Halt,GNZ,NR,Punjab,"Malsian Rd, Punjab",75.424279,31.117935
MGSO,MGSO,,,,,
GHUGHULI,GH,NER,Uttar Pradesh,"Ghughli Bazar, Uttar Pradesh",83.7137745453,27.0539516142
DLWS,DLWS,,,,,
SARAI JAGDISH,SJGH,NER,Uttar Pradesh,"National Highway 2, Uttar Pradesh",82.365134,25.30009
KAMAN ROAD,KARD,CR,Maharashtra,"Section 2, Maharashtra",72.919123,19.33655
Govindpuri,GOV,NCR,Uttar Pradesh,"Kanpur, Uttar Pradesh",,
AMALSAD,AML,WR,Gujarat,"Amalsad, Gujarat",72.956092,20.811373000000003
Gopalpurgram,GPLG,ER,West Bengal,"Contai Nandakumar Rd, West Bengal",,
Gourdaha Halt,GQD,ER,West Bengal,"Gourdaha, West Bengal",,
Gumtali Halt,GTQ,NR,Punjab,"Gumtali, Punjab",75.636453,31.065852
Ghelda,GLD,WR,Gujarat,"State Highway 133, Gujarat",72.20310172849999,23.3616934176
LAKSAR NORTH CABIN,LRJC,,,,78.00175999999999,29.767009
GHAZIPUR CITY,GCT,NER,Uttar Pradesh,"Ghazipur, Uttar Pradesh",83.568045,25.583144
Garhi Sandra,GIS,NCR,Rajasthan,"Dholpur, Rajasthan",77.76513,26.668256
GURUVAYUR,GUV,SR,Kerala,"Guruvayoor 0487-2556820, Kerala",76.045457,10.596896
EOCM,EOCM,,,,83.196038,25.315812
KUCHMAN,KCA,,,,83.21503,25.318877999999998
SAKALDIHA,SLD,,,,83.289193,25.331472
TULSI ASHRAM,TLAM,,,,83.35123571720001,25.3422743391
DHEENA,DHA,,,,83.423069,25.354392
DATIVLI,DTVL,CR,Maharashtra,"Kalyan Shilphata Rd, Maharashtra",73.059049,19.187012
KALAMBOLI GOODS,KLMG,CR,Maharashtra,"Navi Mumbai, Maharashtra",73.11494900000001,19.035116
BAHORA CHANDIL,BHCL,,,,83.489726,25.364918
ZAMANIA,ZNA,,,,83.54365,25.373856
DARAULI,DRV,,,,83.60180199999999,25.393753
USIA KHAS,USK,,,,83.706967,25.434324
PEN,PEN,CR,Maharashtra,"Pen, Maharashtra",73.0867978516,18.735604455900003
Gokhula,GKA,ECR,Bihar,"Dhaminaha, Bihar",84.53976300000001,27.069813
CHEMANCHERI,CMC,SR,Kerala,"Dist. Kozhikode, Kerala",75.720039,11.405279
ELATTUR,ETR,SR,Kerala,"Kozhikode district, Kerala",75.741119,11.346337
Gandhi Park Halt,GPBN,?,,,77.893393,18.652065999999998
KOZHIKODE,CLT,SR,Kerala,"Calicut, Kerala",75.780407,11.246234
FEROK,FK,SR,Kerala,"Feroke, Kerala",75.8302845,11.174972200000001
PARPANANGADI,PGI,SR,Kerala,"Parappanangadi, Kerala",75.861006,11.045910000000001
BHARATHAPUZHA H,BPZA,,,,76.290829,10.758913999999999
VALLATHOL NAGAR,VTK,,,,76.280933,10.731563
BHADAURA,BWH,,,,83.738354,25.4504253
Goriyan,GIO,NWR,Rajasthan,"National Highway 11, Rajasthan",75.26559,27.547928
GARLA,GLA,SCR,Andhra Pradesh,"Garla, Andhra Pradesh",80.139236,17.487076
GIDARPINDI,GOD,NR,Punjab,"Jalandhar, Punjab",75.12451399999999,31.152633
Govind Garh,GVH,NCR,Rajasthan,"Govindgarh, Rajasthan",76.98805800000001,27.499556
GARHDHRUBESWAR,GRB,SER,West Bengal,"Purulia, West Bengal",86.617006,23.509341
Gangiwara,GNW,CR,Madhya Pradesh,"Chhindwara, Madhya Pradesh",78.846139,22.097988
PHLG,PHLG,,,,,
GURIYA,GRI,NWR,Rajasthan,"Pali, Rajasthan",73.955291,25.998261
Habibpur,HBE,ER,West Bengal,"National Highway 34, West Bengal",88.538423,23.211966999999998
GOWDAVALLI,GWV,SCR,Andhra Pradesh,"Rangareddy, Andhra Pradesh",78.46819099999999,17.609541
Golaghat,GLGT,NFR,Assam,"Golaghat, Assam",93.9611898,26.508626
MADHAVNAGAR ROA,MDRR,WCR,Madhya Pradesh,"Madhavnagar, Madhya Pradesh",80.3948243298,23.7866102083
GURAMKHEDI,GMD,WCR,Madhya Pradesh,"Sohagpur, Madhya Pradesh",78.0778207251,22.682206476
Hogla,HGA,ER,West Bengal,"Hogla H, West Bengal",88.452384,22.255044
BAGRA TAWA,BGTA,WCR,Madhya Pradesh,"Bagra Tawa, Madhya Pradesh",77.9937073,22.6307113
AJARAKA,AIA,NWR,Rajasthan,"Ajaraka, Rajasthan",76.56420899999999,27.959391
GUNJI,GNJ,SWR,Karnataka,"Belagavi, Karnataka",74.47936741759999,15.5431155625
Venkatagiri Kote Halt,H,SWR,Karnataka,"Venkatagiri Kote, Karnataka",,
GHATPRABHA,GPB,SWR,Karnataka,"Ghatprabha, Karnataka",74.7598229541,16.240718896
GOTRA HALT,GTRA,NR,Uttar Pradesh,"Gotra, Uttar Pradesh",77.30096,28.807889
GAHLOTA,GLTA,NWR,Rajasthan,"Kishangarh, Rajasthan",74.967556543,26.6723715203
GONEANA,GNA,NR,Punjab,"Goniana, Punjab",74.90948,30.318715
Gajsinghpur,GJS,NWR,Rajasthan,"State Highway 3, Rajasthan",73.436739,29.658053
GANGSAR JAITU,GJUT,NR,Punjab,"Jaitu, Punjab",74.87951100000001,30.445082000000003
GHUMASAN,GUS,WR,Gujarat,"State Highway 41, Gujarat",72.449853,23.378698999999997
Ghosunda,GSD,NWR,Rajasthan,"Chittaurgarh, Rajasthan",74.53452700000001,24.871222
HARPAR BOCHAHA,HBP,ECR,Bihar,"Pagra Rd, Bihar",85.75716073,25.6034373373
MARIYAL GANGAVA,MRLA,,,,,
Gajulaguden,GLE,SCR,Andhra Pradesh,"Gajulaguden, Andhra Pradesh",80.657904,17.609727
Gopalganj,GOPG,NER,Bihar,"Harkhua, Bihar",84.43554700000001,26.454202
GOKARNA ROAD,GOK,KR,Karnataka,"Uttara Kannada, Karnataka",74.36719699999999,14.582791
KANNUR SOUTH,CS,SR,Kerala,"Kannur, Kerala",75.400253,11.866899
Gongle,GNL,SECR,Maharashtra,"Gondia, Maharashtra",80.147349,21.222011000000002
ETAKKOT,ETK,SR,Kerala,"NH 17, Kerala",75.44379699999999,11.806194999999999
Garhani,GQN,ECR,Bihar,"Garhani, Bihar",84.5696156628,25.4118931462
Gandhinagar Capital,GNC,WR,Gujarat,"Gandhinagar, Gujarat",72.62916200000001,23.233379
Harangajao,HJO,NFR,Assam,"North Cachar Hills, Assam",,
Gua,GUA,SER,Jharkhand,"Kiriburu, Jharkhand",85.381896,22.218519
Haranya Kheri,HKH,WR,Madhya Pradesh,"National Highway 3, Madhya Pradesh",75.776745,22.583661
Gudlavalleru,GVL,SCR,Andhra Pradesh,"Gudlavalleru, Andhra Pradesh",81.046037,16.348371
Greenways Road,GWYR,SR,Tamil Nadu,"Chennai, Tamil Nadu",80.25171539,13.0202759
Gurdaspur,GSP,NR,Punjab,"Gurdaspur, Punjab",75.420769,32.044111
Hailakandi,HKD,?,Assam,"Hailakandi, Assam",92.56789,24.680276000000003
Gunupur,GNPR,ECoR,Orissa,"Gunupur, Orissa",83.8099599005,19.069058897799998
GULER,GULR,NR,Himachal Pradesh,"State Highway 22, Himachal Pradesh",76.151266,32.004278
GURSAR SHNEWALA,GSW,NWR,Punjab,"Bagwali, Punjab",74.8861198969,30.138926513900003
Harsud,HRD,WCR,Madhya Pradesh,"Harsud, Madhya Pradesh",,
HAPA,HAPA,WR,Gujarat,"Jamnagar, Gujarat",70.11814,22.468974
NEW GHAZIABAD,GZN,NR,Uttar Pradesh,"Ghaziabad, Uttar Pradesh",77.43800800000001,28.674404
Hansiawas,HSWS,NWR,Rajasthan,"Hansiawas, Rajasthan",,
HOSPET JN,HPT,SWR,Karnataka,"Hospet, Karnataka",76.38578,15.286807
Haldia,HLZ,SER,West Bengal,"Sutahata, West Bengal",88.06589,22.045284
HIMAYATNAGAR,HEM,SCR,Maharashtra,"Nanded, Maharashtra",77.868855,19.416708999999997
HATUNDI,HTD,NWR,Rajasthan,"Ajmer, Rajasthan",74.6445661014,26.354279161199997
HOLE ALUR,HLAR,SWR,Karnataka,"Badami Rd, Karnataka",75.64646099999999,15.81959
HARPALPUR,HPP,NCR,Madhya Pradesh,"Dist - Chhatarpur, Madhya Pradesh",79.33546100000001,25.290501
GODAPIASAL,GSL,SER,West Bengal,"Godapiasal, West Bengal",87.320806,22.530677
HALDAUR,HLDR,NR,Uttar Pradesh,"State Highway 76, Uttar Pradesh",78.275060462,29.290081553100002
GHOLVAD,GVD,WR,Maharashtra,"Gholvad, Maharashtra",72.73799100000001,20.08688
HASIMARA,HSA,NFR,West Bengal,"Hasimara, West Bengal",89.347661,26.72689
GOMTA,GTT,WR,Gujarat,"Gomta, Gujarat",70.72970199999999,21.873814999999997
GUMTHAL,GTF,NR,Uttar Pradesh,"Raja Ka Sahaspur, Uttar Pradesh",78.757645,28.484002
HARSAULI,HSI,NWR,Rajasthan,"Harsoli, Rajasthan",76.615189,27.864848000000002
Harish Nagar Halt,HRSR,ER,West Bengal,"BSF Rd, West Bengal",88.77798899999999,23.469777
GHASO,GSO,NR,Haryana,"District Jind, Haryana",76.14336899999999,29.531288
HANAKERE,HNK,SWR,Karnataka,"Mandya, Karnataka",76.979837,12.565639000000001
AJMER JN,AII,NWR,Rajasthan,"Ajmer, Rajasthan",74.63746400000001,26.456612
Hilsa,HIL,ECR,Bihar,"Hilsa, Bihar",85.277079,25.317354
Geong,GXG,NR,Haryana,"Haryana, Haryana",76.466397041,29.8223584375
Haibargaon,HBN,NFR,Assam,"Nagaon, Assam",92.672506,26.355638
Hirnawali,HLW,NWR,Rajasthan,"Hirnawali, Rajasthan",74.27241649478674,29.710120646310926
Harnaut,HRT,ECR,Bihar,"Harnaut, Bihar",85.5407224109,25.371762836200002
Hadobhangi Halt,HBF,ECoR,Orissa,"Paralakhemundi, Orissa",83.94176085389999,18.8219370968
Hathras Kila,HRF,NCR,Uttar Pradesh,"Hathras(05722-242803), Uttar Pradesh",78.05801798589528,27.594876304064115
Garhpura,GRPA,ECR,Bihar,"Begusarai, Bihar",86.209037,25.65472
Hisar,HSR,NWR,Haryana,"Hisar, Haryana",75.724305,29.152341
Ghatampur,GTM,NCR,Uttar Pradesh,"Ghatampur, Uttar Pradesh",80.174712,26.151304
Ghormara,GRMA,ER,Jharkhand,"Deoghar, Jharkhand",86.86392,24.442298
Palakkodu,PCV,SWR,Tamil Nadu,"Dharmapuri, Tamil Nadu",78.072073,12.297417999999999
Hosa Agrahara,HAH,SWR,Karnataka,"Hosa Agrahara, Karnataka",76.3618194318,12.570459617700001
Harapatti,HPI,?,Bihar,"State Highway 65, Bihar",87.092628,25.881401999999998
INDI ROAD,IDR,SWR,Karnataka,"Bijapur, Karnataka",75.919616,17.211288999999997
HALDI ROAD,HLDD,NER,Uttarakhand,"NH 87, Uttarakhand",79.45967900000001,29.039597
IZZATNAGAR,IZN,NER,Uttar Pradesh,"Bareilly, Uttar Pradesh",79.421171,28.388265999999998
HUSAINPUR,HSQ,NR,Punjab,"Kapurthala, Punjab",75.320851,31.301125
HINAUTARAMBAN,HNM,WCR,Madhya Pradesh,"Satna, Madhya Pradesh",80.94306200000001,24.575192
HILARA,HLX,NFR,Assam,"Cachar, Assam",92.62051100000001,24.951767
Indira Nagar,INDR,SR,Tamil Nadu,"Chennai, Tamil Nadu",,
HYDERABAD DECCAN,HYB,SCR,Andhra Pradesh,"Hyderabad, Andhra Pradesh",78.467377,17.393362999999997
JAICHOLI,JCU,WCR,Rajasthan,"SH 1, Rajasthan",77.397778,27.131193
HATKANAGALE,HTK,CR,Maharashtra,"Hatkanangale, Maharashtra",74.42206700000001,16.748424
HIMMATNAGAR,HMT,WR,Gujarat,"Himatnagar, Gujarat",72.960358,23.591655
JAMNAGAR,JAM,WR,Gujarat,"Jamnagar, Gujarat",70.053879,22.493992
HARDUAGANJ,HGJ,NCR,Uttar Pradesh,"Aligarh, Uttar Pradesh",78.1280258472,27.9904756211
HIMMATANA,HMI,NR,Punjab,"SH 11, Punjab",75.867119,30.458736
HARPUR NAG HALT,HRNG,ECR,Bihar,"National Highway 28, Bihar",85.07713600000001,26.386419
HARIDWAR JN,HW,NR,Uttarakhand,"Haridwar, Uttarakhand",78.15489899999999,29.947787
Indore Junction MG,INDM,WR,Madhya Pradesh,"Indore, Madhya Pradesh",75.868072,22.717139
INCHHAPURI,IHP,NR,Haryana,"Gurgaon, Haryana",76.7189807,28.319499
HABAIPUR,HWX,NFR,Assam,"Station Rd, Assam",92.98586300000001,25.871926
HAMARAPUR,HMRR,CR,Maharashtra,"Raigad, Maharashtra",73.086161,18.81964
HIND,HIND,NR,Uttar Pradesh,"State Highway 57, Uttar Pradesh",77.3634743811,29.530388830099998
HITNAL,HTNL,SWR,Karnataka,"National Highway 63, Karnataka",76.291469,15.335637
HEJJALA,HJL,SWR,Karnataka,"Bengaluru, Karnataka",77.4184168683,12.8482854964
Jogendranagar,JGNR,NFR,Tripura,"Agartala, Tripura",91.310464,23.812162
HAVERI,HVR,SWR,Karnataka,"Haveri, Karnataka",75.410686,14.7943
JAGDEVWALA,JDL,NWR,Rajasthan,"Bikaner, Rajasthan",73.455749812,28.3108582783
HEGGERE HALT,HEI,SWR,Karnataka,"Heggere, Karnataka",77.048296,13.341342
HIREHALI,HHL,SWR,Karnataka,"NH 4, Karnataka",77.1887639459,13.2815759392
Jadabpur,JDP,ER,West Bengal,"Kolkata, West Bengal",88.37469700000001,22.495442
Jehanabad,JHD,ECR,Bihar,"Jahanabad, Bihar",84.989964,25.224705
Hadmadiya,HRM,WR,Gujarat,"Junagadh, Gujarat",70.841154,20.934947
Hirdamali,HDM,SECR,Maharashtra,"Gondia, Maharashtra",80.197137,21.342807
Jhanjharpur Bazar Halt,JJPR,?,Bihar,"Jhanjharpur, Bihar",,
Jari,JARI,NWR,Gujarat,"Dhanera, Gujarat",72.061232,24.587316
Hathua,HTW,NER,Bihar,"Hathua, Bihar",84.3402527405,26.3689018769
Haliyuru,HLV,SWR,Karnataka,"State Highway 48, Karnataka",76.336804,14.222474
Bhetasi,BETI,WR,,,73.03223700000001,22.421623999999998
Kamalnagar,KMNR,SCR,Karnataka,"Kamal Nagar, Karnataka",77.178835,18.240644
Jalal Khali,JKL,?,West Bengal,"State Highway 11, West Bengal",88.513628,23.347507999999998
Hatpuraini,HPLE,ER,Bihar,"Bhagalpur, Bihar",86.9850695752,25.1558255368
Jagraon,JGN,NR,Punjab,"Jagraon, Punjab",75.47275900000001,30.801197
Hampapura,HPA,SWR,Karnataka,"Hampapura, Karnataka",76.39466399999999,12.479685
Mai Halt,IAM,?,,,84.9878194543,25.156632436000002
Jehanabad Court,JHDC,ECR,Bihar,"National Highway 83, Bihar",84.98415622680001,25.2011434752
Jalor,JOR,NWR,Rajasthan,"Jalor, Rajasthan",72.63429,25.35418
JABALPUR,JBP,WCR,Madhya Pradesh,"Jabalpur, Madhya Pradesh",79.950919,23.164636
Irgaon,IRN,SER,Jharkhand,"Lohardaga, Jharkhand",84.78325099999999,23.421550999999997
JETHUKE,JHK,NR,Punjab,"Jettuke, Punjab",75.318381,30.288215
JULANA,JNA,NR,Haryana,"Julana, Haryana",76.396508,29.120124
IDALHOND,IDJ,SWR,Karnataka,"Garlgunj - Idalhond Rd, Karnataka",74.51814539669999,15.7079285213
INDALVAI,IDL,SCR,Andhra Pradesh,"Indalvai, Andhra Pradesh",78.244351,18.548665
JEJURI,JJR,CR,Maharashtra,"Pune, Maharashtra",74.171451,18.286557
JIRIBAM,JRBM,NFR,Assam,"Rd, Assam",93.12437581,24.79884918
Jirania,JRNA,NFR,Tripura,"Jirania Railway Station, Tripura",91.43198600000001,23.827373
JIND CITY,JCY,NR,Haryana,"Jind, Haryana",76.317477,29.309693
JOGINDER NAGAR,JDNX,NR,Himachal Pradesh,"Joginder Nagar, Himachal Pradesh",76.788887,31.988433
IRINGAL,IGL,SR,Kerala,"Kochi - Panavel Rd, Kerala",75.608869,11.548117000000001
AILAM,AILM,NR,Uttar Pradesh,"State Highway 57, Uttar Pradesh",77.2915349414,29.2719947091
Jeonara Ph,JONR,SECR,Madhya Pradesh,"Nainpur, Madhya Pradesh",80.073534,22.467657
Jakanur,JAK,SWR,Karnataka,"Badami Rd, Karnataka",75.650291,15.845019
INDRABIL,IBL,SER,West Bengal,"Purulia District, West Bengal",86.78164699999999,23.445293999999997
JOGESHWARI,JOS,WR,Maharashtra,"Mumbai, Maharashtra",72.84906600000001,19.136550999999997
JAGUDAN,JDN,WR,Gujarat,"Mehsana, Gujarat",72.40164899999999,23.521841
Purab Sarai,PBS,ER,Bihar,"Munger, Bihar",,
JANGIGANJ,JGG,NER,Uttar Pradesh,"Allahabad, Uttar Pradesh",82.35067155089999,25.3053173094
Jamner,JMNR,CR,Maharashtra,"Jamner, Maharashtra",75.77482301741838,20.80642760713478
Jatinga,JTG,NFR,Assam,"Jatinga, Assam",93.00795843824744,25.132585153047003
Jambusar Junction,JMB,WR,Gujarat,"Bharuch Jambusar, Gujarat",,
Jambusar City,JMBC,WR,Gujarat,"Jambusar, Gujarat",,
Jetpur,JTP,WR,Gujarat,"Jetpur, Gujarat",70.615184,21.735312999999998
Jamira,JMRA,?,Assam,"Bairabi Rd, Assam",92.527405,24.307199
Jonha,JONA,SER,Jharkhand,"State Highway 2, Jharkhand",,
Jagdishpur Halt,JPAH,ECR,Bihar,"Darbhanga, Bihar",,
Jambur,JBB,WR,Gujarat,"Jambur, Gujarat",70.593046,21.032797000000002
Itky,ITKY,SER,Jharkhand,"Ranchi, Jharkhand",85.1270959845,23.3522113974
Jhunjhunun,JJN,NWR,Rajasthan,"Jhunjhunu, Rajasthan",75.39017865434289,28.106884063857194
Jabugam,JBU,WR,Gujarat,"Vadodara, Gujarat",73.76050000000001,22.28593
Jorhat Town,JTTN,NFR,Assam,"Jorhat, Assam",94.217106,26.750692
Jhabelwali,JBW,NR,Punjab,"State Highway 16, Punjab",74.602033,30.510447
Jasai,JSA,?,Rajasthan,"State Highway 40, Rajasthan",71.24586000000001,25.716785
Idar,IDAR,WR,Gujarat,"Sabarkantha, Gujarat",73.01088,23.835435
Jhilo,JLLO,NWR,Rajasthan,"State Highway 13, Rajasthan",75.890113,27.850784
Hafizpur,HZR,NR,Uttar Pradesh,"Hafizpur, Uttar Pradesh",77.785833,28.671653
Jakolari,JK,NR,Punjab,"National Highway 15, Punjab",75.545676,32.218706
Jora Alapur,JPO,NCR,Madhya Pradesh,"Joura, Madhya Pradesh",77.802358,26.344599
Jamtara Paraswara,JPV,SECR,Madhya Pradesh,"Howbadh Jabalpur, Madhya Pradesh",79.960351,23.091963999999997
JARGAON,JRJ,NR,Uttar Pradesh,"Chandausi, Uttar Pradesh",78.768653,28.560472
JATH ROAD,JTRD,CR,Maharashtra,"State Highway 71, Maharashtra",75.110555,17.2166
KUSLAMB,KCB,CR,Maharashtra,"State Highway 77, Maharashtra",75.777193,18.274834000000002
KACHNARA ROAD,KCNR,WR,Madhya Pradesh,"State Highway 31, Madhya Pradesh",75.101751,23.829547
JAWAD ROAD,JWO,WR,Rajasthan,"National Highway 79, Rajasthan",74.764389,24.557577000000002
JAI SAMAND ROAD,JYM,NWR,Rajasthan,"Dengari, Rajasthan",73.86827000000001,24.22064
KARENGI,KEG,NR,Uttar Pradesh,"Karengi, Uttar Pradesh",79.041353,28.346844
JAISALMER,JSM,NWR,Rajasthan,"Jaisalmer, Rajasthan",70.92823899999999,26.91655
JAGI ROAD,JID,NFR,Assam,"Jagiroad, Assam",92.197461,26.126113999999998
JAKHANIAN,JKN,NER,Uttar Pradesh,"State Highway 67, Uttar Pradesh",83.369563,25.740942
KACHHPURA,KEQ,WCR,Madhya Pradesh,"Jabalpur, Madhya Pradesh",79.903128,23.168783
JORAVASAN,JRS,WR,Gujarat,"Joravasan, Gujarat",72.96576,20.729778
JETALSAR JN,JLR,WR,Gujarat,"Rajkot, Gujarat",70.57391,21.729374
JUNEHTA,JHT,WCR,Madhya Pradesh,"State Highway 22, Madhya Pradesh",78.596143,22.78247
KHAIRATABAD,KB,NER,Uttar Pradesh,"Sitapur National Highway 24, Uttar Pradesh",80.740844,27.521338
JIRA ROAD,JIR,WR,Gujarat,"SH 236, Gujarat",71.345267,21.450312
JAI JAI WANTI,JJT,NR,Haryana,"Jind, Haryana",76.36926500000001,29.16948
JHAREKAPUR,JKP,NER,Uttar Pradesh,"Sitapur, Uttar Pradesh",80.728934,27.680642
Yamuna South Bank,JSB,NCR,Uttar Pradesh,"Uttar Pradesh, Uttar Pradesh",80.226651,25.902334
JHANTIPAHARI,JPH,?,West Bengal,"Bankura District, West Bengal",86.904491,23.353362999999998
Janakinagar,JNKR,ECR,Bihar,"Chapra, Bihar",87.116949,25.881604
KAGANGARH,KAGR,NR,Punjab,"MDR 102, Punjab",75.739115,29.839460000000003
Kukra Khapa,KFP,SECR,Madhya Pradesh,"State Highway 19, Madhya Pradesh",78.897525,21.825569
Kalanad,KALD,SR,Kerala,"Kizur Rd, Kerala",,
Kalana,KALN,NWR,Rajasthan,"MDR 18, Rajasthan",,
Kottapalem,KAPM,ECoR,Andhra Pradesh,"Vishakhapatnam, Andhra Pradesh",,
Khubagaon,KBGN,CR,Maharashtra,"Khubagaon, Maharashtra",,
JEYPORE,JYP,?,Orissa,"Jeypore, Orissa",82.55467900000001,18.896375
Jakhod Khera,JKHI,NWR,Haryana,"Jakhodlkhera, Haryana",75.57373,29.209394
Kachhia Bridge,KCO,NER,Uttar Pradesh,"State Highway 33, Uttar Pradesh",78.863805,27.944171
Kavi,KAVI,WR,Gujarat,"Bharuch, Gujarat",88.39808402583003,22.47229104660886
Jhinkpani,JNK,SER,Jharkhand,"Jorapokhar, Jharkhand",85.77066197879999,22.4200106276
KAIRLA,KAI,NWR,Rajasthan,"Pali, Rajasthan",73.1955095032,25.8474354519
JIYAPURAM,JPM,?,Tamil Nadu,"NH 67, Tamil Nadu",78.606343,10.873546000000001
Kaichar,KCY,ER,West Bengal,"Kaichar, West Bengal",,
Kadampura,KDRA,ECR,Bihar,"Kadampura, Bihar",,
Jugpura,JRG,?,Orissa,"Mayurbhanj, Orissa",86.912796,21.668795
Juharpura,JOH,NWR,Rajasthan,"State Highway 69, Rajasthan",74.84733,28.199319000000003
Jodhka,JOK,?,Haryana,"Sirsa, Haryana",75.218369,29.493381999999997
Jatdumri Halt,JTDM,?,,,85.0950627991,25.474492932500002
Villianur,VI,SR,Puducherry,"NH 45A, Puducherry",79.757506,11.919269000000002
Jaksi,JKS,WR,Gujarat,"State HIghway 138, Gujarat",72.1076480029,23.222302523099998
Karea Kadambagachhi,KBGH,ER,West Bengal,"State Highway 2, West Bengal",88.534887,22.705299
Jharili,JRL,NWR,Haryana,"Jhajjar, Haryana",76.374648,28.50653
Jhawar,JHWR,NR,Punjab,"National Highway 15, Punjab",75.377777,32.002349
Kaliyaganj,KAJ,NFR,West Bengal,"RaiGanj, West Bengal",88.330404,25.6393
KUREBHAR,KBE,NR,Uttar Pradesh,"MDR 66E, Uttar Pradesh",82.111598,26.409469
KATHGODAM,KGM,NER,Uttarakhand,"Kathgodam, Uttarakhand",79.54633,29.266583
KUDGI,KDGI,SWR,Karnataka,"NH 13, Karnataka",75.811482,16.530215
Khatkar Kalan,KHHJ,NR,Punjab,"Nawan Shahar, Punjab",76.02555000000001,31.166967
KUNDALGARH,KDLG,NWR,Rajasthan,"Dungarpur, Rajasthan",73.81051,24.02828
KALCHINI,KCF,NFR,West Bengal,"NH 31C, West Bengal",89.447487,26.687507
JAVALE,JVA,CR,Maharashtra,"State Highway 71, Maharashtra",75.157805,17.298963
JARAUNA,JUA,NR,Uttar Pradesh,"Alamganj, Uttar Pradesh",82.399136,25.557129999999997
JAYASINGPUR,JSP,CR,Maharashtra,"Jaysingpur, Maharashtra",74.551613,16.791339
KAMBRGANVI,KBI,SWR,Karnataka,"State Highway 34, Karnataka",74.875061,15.459597
KODIYAR MANDIR,KDMR,WR,Gujarat,"SH 21, Gujarat",72.00460199999999,21.739200999999998
Khai Phemeki,KIQ,NR,Punjab,"State Highway 20, Punjab",74.55121799999999,30.901616999999998
JWALAPUR,JWP,NR,Uttarakhand,"Jwalapur, Uttarakhand",78.120775,29.928457
KABRAI,KBR,NCR,Uttar Pradesh,"National Highway 76, Uttar Pradesh",80.0382402954,25.385191218099997
KHONKER,KCR,WCR,Madhya Pradesh,"Shivpuri, Madhya Pradesh",77.578988,25.316453
KARIGANURU,KGW,SWR,Karnataka,"Bellary, Karnataka",76.43343,15.251727
KOPPAL,KBL,SWR,Karnataka,"Koppal, Karnataka",76.14395900000001,15.353868
KENGERI,KGI,SWR,Karnataka,"Bengaluru, Karnataka",77.48431,12.918047
KASU BEGU,KBU,NR,Punjab,"Kasu Begu, Punjab",74.671641,30.856795
KANGINHAL,KGX,SWR,Karnataka,"Gadag, Karnataka",75.719041,15.447816999999999
KHAR,KHAR,WR,Maharashtra,"Mumbai, Maharashtra",72.840078,19.069166
KANDIVLI,KILE,WR,Maharashtra,"Mumbai, Maharashtra",72.852098,19.204551
JETHI,JTY,NWR,Gujarat,"BANASKANTHA, Gujarat",72.507154,24.291967
Jaisingder,JSD,?,Rajasthan,"Barmer, Rajasthan",70.35885900000001,25.755537
Khiria Khurd,KIE,NER,Uttar Pradesh,"Shahbaznagar, Uttar Pradesh",,
Kalkalighat,KKGT,NFR,Assam,"National Highway 44, Assam",92.2952717633,24.5804202061
Bommagundanakere,BOMN,SWR,Karnataka,"Bellary-Hiriyur Rd, Karnataka",76.68023,14.591669999999999
Karaimadai,KAY,SR,Tamil Nadu,"Karamadai, Tamil Nadu",76.957617,11.238610999999999
Khakharia,KKK,WR,Gujarat,"State Highway 110, Gujarat",70.932064,21.653052
Kaili,KALI,NR,Uttar Pradesh,"State Highway 18, Uttar Pradesh",77.75277,28.785394
Kaikala,KKAE,ER,West Bengal,"State Highway 2, West Bengal",88.09337895,22.83998676
Jhoktahal Singh,JTH,NR,Punjab,"Jhoktahal Sing, Punjab",74.495544,30.80909
Juriagaon,JRX,NFR,Assam,"Mathaouri Rd, Assam",92.644475,26.441079000000002
Kang Khurd,KGKD,NR,Punjab,"Kang Khurd, Punjab",75.213236,31.126338
Kakraha Rest House,KARH,NER,Uttar Pradesh,"State Highway 26, Uttar Pradesh",81.420529,27.998447
Katlicherra,KLCR,?,Assam,"Bairabi Rd, Assam",92.547042,24.453018
Kashinagar Halt,KHGR,ER,West Bengal,"Kashinagar, West Bengal",88.20132346,21.90539421
Kachchanvilai,KCHV,SR,Tamil Nadu,"Thoothukudi, Tamil Nadu",78.022519,8.579343999999999
Khed Brahma,KDBM,WR,Gujarat,"Khedbrahma, Gujarat",73.041259,24.029405999999998
Jatusana,JTS,NWR,Haryana,"Nanagal Pathani Rd, Haryana",76.52110400000001,28.331448
Kunda Harnamganj,KHNM,NR,Uttar Pradesh,"Kunda, Uttar Pradesh",81.509547,25.714175
KONDAPALLI,KI,SCR,Andhra Pradesh,"Kondapalli, Andhra Pradesh",80.54669299999999,16.623242
KILLE,KII,SR,Tamil Nadu,"NH 45A, Tamil Nadu",79.722552,11.43755
KAMALPURGRAM,KLPG,SECR,Chhattisgarh,"National Highway 78, Chhattisgarh",83.080298,23.166227
KOPARIA,KFA,ECR,Bihar,"Bihar, Bihar",86.59816,25.661041
KHANDERI,KHDI,WR,Gujarat,"Rajkot, Gujarat",70.716676,22.361075999999997
KHORANA,KHC,WR,Gujarat,"State Highway 113, Gujarat",70.82999099999999,22.39349
KADAMBUR,KDU,SR,Tamil Nadu,"Kadambur, Tamil Nadu",77.86363300000001,9.002019
KUDATINI,KDN,SWR,Karnataka,"Bellary, Karnataka",76.76356899999999,15.215160000000001
KARAK BEL,KKB,WCR,Madhya Pradesh,"Karak Bel, Madhya Pradesh",79.34125900000001,22.992315
KARAJGI,KJG,SWR,Karnataka,"haveri, Karnataka",75.407636,14.851426
KARAMBELI,KEB,WR,Gujarat,"National Highway 8, Gujarat",72.90153400000001,20.316435
Kelzar,KEZ,SECR,Maharashtra,"Chandrapur, Maharashtra",79.56394,19.98294
Kelanpur,KEP,WR,Gujarat,"SH 11, Gujarat",73.277017,22.233139
Kundhela,KDHL,WR,Gujarat,"Vadodara, Gujarat",73.28142,22.227958
Kesri Singhpur,KESR,NWR,Rajasthan,"Kesrisinghpur, Rajasthan",73.61854,29.950588999999997
KALAMBOLI,KLMC,CR,Maharashtra,"Navi Mumbai., Maharashtra",73.11480900000001,19.035625
KASARAGOD,KGQ,SR,Kerala,"Kasaragod, Kerala",74.987652,12.491175
KALI ROAD,KLRD,WR,Gujarat,"Ahmedabad, Gujarat",72.57787300000001,23.097473
KARNAWAS,KNGT,NWR,Haryana,"Karnawas, Haryana",76.590073,28.130539000000002
PARISAL,PSL,NWR,Rajasthan,"Khairthal, Rajasthan",76.61526599999999,27.669476
ANJAR,AJE,WR,Gujarat,"Anjar, Gujarat",70.0366109,23.1194723
Khaigaon,KHA,WCR,Madhya Pradesh,"East Nimar, Madhya Pradesh",76.48125700000001,22.011786
KETOHALLI,KHLL,SWR,Karnataka,"Bengaluru, Karnataka",77.335544,12.758925999999999
KOLHANA HALT,KLNA,?,Bihar,"Kothana, Bihar",85.188728,24.810754
Khojeepura,KJP,NCR,Madhya Pradesh,"Khojeepura, Madhya Pradesh",76.851134,25.918097
Kalv Amba,KMB,WR,Gujarat,"Gujarat, Gujarat",,
Kalikapur,KLKR,ER,West Bengal,"Kalikapur Staion Rd, West Bengal",88.47502999999999,22.412606
Kandari,KNDR,WR,Gujarat,"Gujarat, Gujarat",,
Kangam,KNGM,WR,Gujarat,"Gujarat, Gujarat",,
Kalwan Halt,KLW,ER,West Bengal,"Kalwan, West Bengal",88.256019,22.076525
Kendri,KDRI,SECR,Chhattisgarh,"Kendri, Chhattisgarh",81.729967,21.131542
Khunkhuna,KKNA,NWR,Rajasthan,"State Highway 60, Rajasthan",74.49286000000001,27.277760999999998
Kanaibazar,KNBR,NFR,Assam,"National Highway 44, Assam",92.326722,24.638740000000002
Khachera,KHRA,NWR,Rajasthan,"State Highway 37, Rajasthan",75.6489122412,27.530759924999998
Kelod,KLOD,SECR,Maharashtra,"Kelod, Maharashtra",78.891017,21.470222
Khatu,KHTU,NWR,Rajasthan,"Khatu Khurd, Rajasthan",74.331631,27.116118
Kundara East,KFV,SR,Kerala,"Kollam-Tirumangalam Rd, Kerala",76.691337,8.969608
Keolari,KLZ,SECR,Madhya Pradesh,"State Highway 11A, Madhya Pradesh",79.90885,22.374838
Kaithal,KLE,NR,Haryana,"Haryana, Haryana",76.397796,29.792735
Karukhirharnagar Halt,KKNH,ECR,,,86.61649100000001,25.891166
SULAH HIMACHAL PRADESH,SLHP,NR,Himachal Pradesh,"Sulah, Himachal Pradesh",76.475805,32.070953
Kottarakara,KKZ,SR,Kerala,"Kottarakkara, Kerala",76.765986,9.000279
Kalayat,KIY,NR,Haryana,"Haryana, Haryana",76.2281810498,29.679483800099998
Kuldiha,KIJ,SER,Orissa,"Mayurbhanj, Orissa",86.27664089999999,22.3331028
KALAMB ROAD,KMRD,CR,Maharashtra,"Tadwale, Maharashtra",76.04934,18.371892000000003
KAMAREDDI,KMC,SCR,Andhra Pradesh,"Kamareddi, Andhra Pradesh",78.335858,18.32586
KIRAOLI,KLB,NCR,Uttar Pradesh,"Kiraoli, Uttar Pradesh",77.78581199999999,27.133898
KINWAT,KNVT,SCR,Maharashtra,"Kinwat, Maharashtra",78.20243500000001,19.618502
KHARI JHALU,KJLU,NR,Uttar Pradesh,"Jhalu, Uttar Pradesh",78.21890400000001,29.331864
KARAINTHI,KHV,NR,Haryana,"NH 71, Haryana",76.4817815491,29.0138203113
KINANA,KIU,NR,Haryana,"Brarkhera, Haryana",76.336659,29.227482
KALWAN,KLWN,NR,Haryana,"MDR 111, Haryana",75.952638,29.701333
KOT KAPURA,KKP,NR,Punjab,"Kotkapura, Punjab",74.818173,30.578495999999998
KULITALAI,KLT,SR,Tamil Nadu,"Kulithalai, Tamil Nadu",78.42089299999999,10.932727
KAMRUP KHETRI,KKET,NFR,Assam,"Khetri, Assam",92.08187667179999,26.1271784614
KALEEM,KM,SWR,Goa,"Kalay Railway Station, Goa",74.18884299999999,15.293341
KHANAPUR,KNP,SWR,Karnataka,"Khanapur, Karnataka",74.49975681459999,15.6379344079
Paharsar,PRSR,NWR,Rajasthan,"Paharsar, Rajasthan",75.41038356721401,28.764429948734062
KAMLI,KMLI,WR,Gujarat,"Chhapi, Gujarat",72.375949,23.863182
SHINDAWANE,SHIV,CR,Maharashtra,"Walti Goan, Maharashtra",74.163601,18.434555000000003
KANKAVALI,KKW,KR,Maharashtra,"Kankavli, Maharashtra",73.71987089999999,16.2587773
KUMBLA,KMQ,SR,Kerala,"Kumbla, Kerala",74.943503,12.590263
Kandanur Puduvayal,KNPL,SR,Tamil Nadu,"State Highway 28, Tamil Nadu",,
Kora,KORA,WR,Gujarat,"Gujarat, Gujarat",,
Kural,KORL,WR,Gujarat,"Vadodara Jambusar, Gujarat",,
Kilikollur,KLQ,SR,Kerala,"Kollam, Kerala",76.6327939999,8.9182952655
Kinkhed,KQV,CR,Maharashtra,"State Highway 201, Maharashtra",,
Kevdi,KR,WR,Gujarat,"SH 166, Gujarat",,
Khandel,KNDL,NWR,Rajasthan,"MDR 59, Rajasthan",75.2798777728,26.9529472159
Kharak,KHRK,NWR,Haryana,"kharak Village, Haryana",76.308694,28.83755
Khapri Kheda,KPKD,SECR,Maharashtra,"State Highway 243, Maharashtra",79.11366699999999,21.279557
Koti,KOTI,NR,Himachal Pradesh,"National Highway 22, Himachal Pradesh",76.994519,30.852821
Kollikhutaha,KKTA,ER,Bihar,"State Highway 19, Bihar",86.987831,25.18966
Kakrala,KKRL,NR,Punjab,"Nabha, Punjab",76.074534,30.367614999999997
Khurja City,KJY,NR,Uttar Pradesh,"Sikri, Uttar Pradesh",77.84116100000001,28.252454
KALACHAND,KQI,NFR,Assam,"Diakkawn Rd, Assam",93.13311999999999,25.339050999999998
KASHIPUR,KPV,NER,Uttarakhand,"Kashipur, Uttarakhand",78.96071,29.204978
KANAKOT,KNKT,WR,Gujarat,"State Highway 113, Gujarat",70.876238,22.488122
KODI,KODI,SCR,Maharashtra,"Ranjani, Maharashtra",76.00525300000001,19.710119
KUNDGOL,KNO,SWR,Karnataka,"Kundgol, Karnataka",75.250168,15.258352
KATHUA,KTHU,NR,Jammu and Kashmir,"Kathua, Jammu and Kashmir",75.551922,32.397897
KOT FATTEH,KTF,NR,Punjab,"Bathinda, Punjab",75.087931,30.120715999999998
KHAIRTHAL,KRH,NWR,Rajasthan,"Khairthal, Rajasthan",76.64170412169999,27.797324415
Kodinar,KODR,WR,Gujarat,"Kodinar, Gujarat",70.695807,20.797371000000002
Kailaras,KQS,NCR,Madhya Pradesh,"Kailaras, Madhya Pradesh",77.62065939360001,26.3046614487
Karanjali Halt,KRJN,ER,West Bengal,"Tengrabichi, West Bengal",,
Karanja Town,KRJT,CR,Maharashtra,"Karanja, Maharashtra",,
KUSUGALI,KUG,SWR,Karnataka,"National Highway 63, Karnataka",75.233643,15.392095
KISHANGARH,KSG,NWR,Rajasthan,"Kishangarh, Rajasthan",74.855553,26.588968
KARJARA,KRJR,ECR,Bihar,"State Highway 8, Bihar",85.151844,24.808297
KAROTA PATRI HALT,KRTR,?,,,86.0377370813,25.152408658800002
KOLAD,KOL,KR,Maharashtra,"Kolad, Maharashtra",73.223871,18.392294
KARMALI,KRMI,KR,Goa,"Karmali North, Goa",73.9246644,15.490212900000001
Kumaramangalam,KRMG,SR,Tamil Nadu,"Avur Rd, Tamil Nadu",78.724107,10.696433
Kosadi Halt,KSAI,WR,Gujarat,"Mosali, Gujarat",,
Khusta Buzurg,KSBG,CR,Maharashtra,"Amravati, Maharashtra",,
KANNAPURAM,KPQ,SR,Kerala,"Kannur District, Kerala",75.31381,11.984076
Kharar,KRHR,NR,Punjab,"Kharar, Punjab",76.6360420268029,30.726293624427043
Karanja,KRJA,CR,Maharashtra,"Karanja, Maharashtra",77.48152183368802,20.491825750710376
Karona Halt,KRON,?,,,85.00541057619999,25.263396537800002
Kayasthagram,KTGM,NFR,Assam,"National Highway 44, Assam",92.353216,24.721172
Kashinagar Halt,KNGR,ECoR,Orissa,"State Highway 34, Orissa",83.87569620789999,18.8568644473
Karaboh,KRBO,SECR,Madhya Pradesh,"SH 26, Madhya Pradesh",79.26235799999999,22.054579999999998
Kanchrapara,KPA,ER,West Bengal,"Kanchrapara, West Bengal",88.451231,22.946024
Kapustalni,KTNI,CR,Maharashtra,"Amravati, Maharashtra",,
Kirtyanand Nagar,KTNR,ECR,Bihar,"Purnea, Bihar",,
Krishnamohan Halt,KRXM,ER,West Bengal,"Krishnamohan, West Bengal",88.449759,22.330258
Kurud,KRX,SECR,,,81.696451,20.833165
Koradih,KRDH,SECR,Maharashtra,"Nagpur, Maharashtra",79.10140100000001,21.249152
Kotturpuram,KTPM,SR,Tamil Nadu,"Chennai, Tamil Nadu",80.24820899999999,13.013835
Krishnapur,KRP,ER,West Bengal,"Lalgola, West Bengal",88.25613200000001,24.406330999999998
Kuwanthal,KUTL,NWR,Rajasthan,"Pali, Rajasthan",73.918994,25.498041
Karkend,KRKN,SER,West Bengal,"Karkend, West Bengal",86.369799,23.765615
Kasturba Nagar,KTBR,SR,Tamil Nadu,"Chennai, Tamil Nadu",80.248086,13.005609
Kanad,KNAD,WR,Gujarat,"Bhavnagar, Gujarat",71.9263402661,21.649251036200003
Kiroda,KRC,NWR,Rajasthan,"Degana, Rajasthan",74.311248,26.991165000000002
KURAWAN,KRO,WCR,Madhya Pradesh,"Harda, Madhya Pradesh",76.888706,22.191568
KOSAI,KSAE,SCR,Maharashtra,"Kinwat, Maharashtra",78.334546145,19.6395023854
KATKOLA JN,KTLA,WR,Gujarat,"Katkola Junction, Gujarat",69.8841357111,21.8521799207
KURANGA,KRGA,WR,Gujarat,"Jamnagar, Gujarat",69.171715,22.061244
KHARWA CHANDA,KRCD,NWR,Rajasthan,"Kharwa Chanda, Rajasthan",73.794095,24.417762999999997
VIRAR,VR,WR,Maharashtra,"Thane, Maharashtra",72.811737,19.454407
KANTI,KTI,ECR,Bihar,"Kanti, Bihar",85.285092,26.198944
KUSHTAUR,KSU,SER,West Bengal,"Purulia, West Bengal",86.498336,23.430415999999997
KOTH GANGAD,KTGD,WR,Gujarat,"Koth, Gujarat",72.3016887134,22.6282749467
KATORA,KTO,SECR,Chhattisgarh,"Patna, Chhattisgarh",82.7112187811,23.3115927105
Kayavarohan,KV,WR,Gujarat,"Kayavarohan, Gujarat",,
Kevdi Road,KVO,WR,Gujarat,"Gujarat, Gujarat",,
KESHOD,KSD,WR,Gujarat,"Keshod, Gujarat",70.252274,21.297662
KHASA,KSA,NR,Punjab,"Khasa, Punjab",74.714584,31.610411
KHARIKATIA,KQY,NFR,Assam,"Dhodar Ali, Assam",94.248092,26.615923
KHETA SARAI,KS,NR,Uttar Pradesh,"Nawab Yousuf Rd, Uttar Pradesh",82.6886636169,25.965774583199998
KOTHAR,KTR,NWR,Rajasthan,"Pali, Rajasthan",73.123647,24.980982
Kakdwip,KWDP,ER,West Bengal,"National Highway 117, West Bengal",88.19387900000001,21.8796
NAMTIALI,NMT,NFR,Assam,"National Highway 61, Assam",94.619336,26.851588
KYARKOP,KRKP,SWR,Karnataka,"Dharwad, Karnataka",74.96794799999999,15.442249
KUDACHI,KUD,SWR,Karnataka,"Kudchi, Karnataka",74.85868699999999,16.62608
KOREGAON,KRG,CR,Maharashtra,"Koregaon, Maharashtra",74.147622,17.690976
KOTIKULAM,KQK,SR,Kerala,"Bekal, Kerala",75.024008,12.423507
Kumtha Khurd,KTKR,SCR,Maharashtra,"State Highway 217, Maharashtra",77.0092961456,18.4218389359
KUTTIPPURAM,KTU,SR,Kerala,"Kuttippuram, Kerala",76.03339700000001,10.845723999999999
KRISHNAI,KRNI,NFR,Assam,"NH 37, Assam",90.68256799999999,26.070884
Kuhi,KUHI,SECR,Maharashtra,"Nagpur, Maharashtra",79.35072000000001,21.007558
Kokalda,KXD,CR,Maharashtra,"Amravati, Maharashtra",,
Kazipara Barasat,KZPB,ER,West Bengal,"Station Rd, West Bengal",,
Kathalal,KTAL,WR,Gujarat,"Kathalal, Gujarat",72.986389,22.899659
Kulathur,KUTR,SR,Tamil Nadu,"Keeranur, Tamil Nadu",78.79207688,10.57217515
Lathi,LAT,WR,Gujarat,"Lathi, Gujarat",71.386531,21.73935
Katwa,KWF,ER,West Bengal,"Katwa, West Bengal",88.123575,23.639805
Khairah,KYH,NER,Bihar,"Saran, Bihar",84.760114,25.861013
Kalyanpur,KYP,ER,West Bengal,"Baruipur, West Bengal",88.414597,22.343456
Kathana,KTNA,WR,Gujarat,"Bhadran, Gujarat",72.752631,22.235720999999998
Keeranur,KRUR,SR,Tamil Nadu,"Keeranur, Tamil Nadu",78.787292,10.576654999999999
Kathuwas,KTWS,NWR,Haryana,"State Highway 26, Haryana",76.3437941406,28.1331067668
Kadiri,KRY,SCR,Andhra Pradesh,"Kadiri, Andhra Pradesh",78.165591,14.114788
KUMARBAGH,KUMB,ECR,Bihar,"Kumarbagh, Bihar",84.51158,26.874522000000002
LAKHO,LAK,ECR,Bihar,"Lakho, Bihar",86.205004,25.416359999999997
KAVATHE MAHANKL,KVK,CR,Maharashtra,"Jath Rd, Maharashtra",74.94491099999999,17.007517
KUDIKADU,KXO,SR,Tamil Nadu,"Poondi, Tamil Nadu",79.241642,10.775636
Lakshmikantpur,LKPR,ER,West Bengal,"Lakshmikantapur, West Bengal",88.321958,22.110055
LUSHALA,LAL,WR,Gujarat,"State Highway 99, Gujarat",70.32629040219999,21.3918244015
KHOJEWALA,KWJ,NR,Punjab,"Kapurthala, Punjab",75.47495599999999,31.359247
KAPURTHALA,KXH,NR,Punjab,"Kapurthala, Punjab",75.38272400000001,31.366846
Ling,LING,CR,Maharashtra,"Ling, Maharashtra",87.3615834955126,25.290391816004586
KUAKHERA HALT,KZS,NR,Uttar Pradesh,"Chandausi, Uttar Pradesh",78.76651700000001,28.546470999999997
KAVALANDE,KVE,SWR,Karnataka,"SH 57, Karnataka",76.799272,12.033304
KAMPUR,KWM,NFR,Assam,"Kampur, Assam",92.6577872687,26.1606011328
KATAR SINGHWALA,KZW,NR,Punjab,"State Highway 17, Punjab",75.01084399999999,30.154130000000002
KULITTURAI WEST,KZTW,SR,Tamil Nadu,"Kanyakumari, Tamil Nadu",77.209792,8.323734
Lachhmangarh Sikar,LNH,NWR,Rajasthan,"Laxmangarh, Rajasthan",75.034114,27.832586
Khumtai,KUTI,NFR,Assam,"Khumtai, Assam",93.86427300000001,26.626403999999997
Lokdhikhera,LDE,SECR,Madhya Pradesh,"Sausar, Madhya Pradesh",78.855877,21.582533
Ladkhed,LDD,CR,Maharashtra,"SH 212, Maharashtra",,
Kulukkalur,KZC,SR,Kerala,"Kulukkallur, Kerala",76.23944300000001,10.868287
Ledarmer,LDM,NWR,Rajasthan,"Jalor, Rajasthan",72.34701899999999,25.055439
Lower Haflong,LFG,NFR,Assam,"Haflong, Assam",,
Lehgaon,LGN,CR,Maharashtra,"Amravati, Maharashtra",,
Lal Kuan,LKKA,NER,Uttarakhand,"Lalkuan, Uttarakhand",,
Limbara,LMB,WR,Gujarat,"SH 166, Gujarat",,
Kalyani,KYI,ER,West Bengal,"Kalyani, West Bengal",88.467499,22.969219
Kudni,KUDN,NR,Punjab,"MDR 101, Punjab",75.8447011951,29.777708816700002
Ketti,KXT,SR,Tamil Nadu,"Granduff Rd, Tamil Nadu",76.736915,11.381409
Lachmipur,LIR,NER,,,83.379037,27.25415
Linga,LIG,SECR,Madhya Pradesh,"Linga, Madhya Pradesh",78.936403,21.963575000000002
Ladhuka,LDK,NR,Punjab,"State Highway 20, Punjab",74.119614,30.49849
Khairatiya Bandh Road,KYBR,NER,Uttar Pradesh,"Khairatiya, Uttar Pradesh",81.081765,28.272292
Ledo,LEDO,NFR,Assam,"Ledo, Assam",95.725374,27.288435
Latabor,LBO,SECR,Chhattisgarh,"Latabore, Chhattisgarh",81.26577,20.789828
Kariha,KYY,NR,Punjab,"Kariha, Punjab",76.068043,31.146278
Kusumkasa,KYS,SECR,Chhattisgarh,"Kusumkasa, Chhattisgarh",81.087812,20.637273
Kottaiyur,KTYR,SR,Tamil Nadu,"Kottaiyur, Tamil Nadu",78.786317,10.112077
Lalgola,LGL,ER,West Bengal,"Lalgola, West Bengal",88.257513,24.421152
Khambhel,KVH,WR,Gujarat,"State Highway 7, Gujarat",72.042973,23.610866
LAKHMINIA,LKN,ECR,Bihar,"Bihar, Bihar",86.309269,25.426072
LANGARPETH,LNP,CR,Maharashtra,"Jath Rd, Maharashtra",74.96712500000001,17.084723
LAKSHMIBAI NAGAR,LMNR,WR,Madhya Pradesh,"Indore, Madhya Pradesh",75.858526,22.742296
LOTHAL BHURKI,LHBK,WR,Gujarat,"State Highway 1, Gujarat",72.222393,22.55299
LAJPAT NAGAR,LPNR,NR,Delhi NCT,"Lajpat Nagar, Delhi NCT",77.244136,28.57927
Chepauk,MCPK,SR,Tamil Nadu,"Chennai, Tamil Nadu",80.28015,13.061372
LASUR,LSR,SCR,Maharashtra,"Aurangabad, Maharashtra",75.01148900000001,19.926081
LAMANA,LNA,NWR,Rajasthan,"Beawar, Rajasthan",74.46563,26.244934
LOHGARA,LOG,NCR,Uttar Pradesh,"Lohgara, Uttar Pradesh",81.73019000000001,25.250449999999997
DANTRA,DTRA,,,,75.149207,26.772568999999997
Lebutala,LBTL,ER,West Bengal,"Lebutala, West Bengal",88.640107,22.666791
LATHIDAD,LTD,WR,Gujarat,"Tajpar Rd, Gujarat",71.702802,22.090056
LALRU,LLU,NR,Punjab,"Lalru, Punjab",76.7941,30.479756
LALPUR JAM,LPJ,WR,Gujarat,"Lalpur, Gujarat",69.9524202618,22.194537580600002
Lakhpuri,LPU,CR,Maharashtra,"Lakhpuri, Maharashtra",,
Lasina,LSN,CR,Maharashtra,"Lasina, Maharashtra",,
Lamta,LTA,SECR,Madhya Pradesh,"Lamta, Madhya Pradesh",80.1244293225,22.1390377316
LEHRA GAGA,LHA,NR,Punjab,"Sangrur, Punjab",75.810079,29.937832
RANCHI ROAD,RRME,ECR,,,85.51160300000001,23.665992000000003
LAKSHMINARAYANAPURAM,LKSH,SCR,Andhra Pradesh,"L Narayanapuram, Andhra Pradesh",81.592567,16.600703
Mavur Road,MARD,SR,Tamil Nadu,"State Highway 23, Tamil Nadu",,
Mangudi,MAX,SR,Tamil Nadu,"State Highway 23, Tamil Nadu",,
ALNAVAR JN,LWR,SWR,Karnataka,"Alnavar, Karnataka",74.738116,15.424244
Mobha Road,MBH,WR,Gujarat,"Vadodara Jambusar, Gujarat",,
LAKADIYA,LKZ,WR,Gujarat,"Lakadia, Gujarat",70.58674500000001,23.339664
LAKHTAR,LTR,WR,Gujarat,"Lakhtar, Gujarat",71.77672700000001,22.873403
LILAPUR ROAD,LPR,WR,Gujarat,"State Highway 17, Gujarat",71.862567,22.954447
LILIYA MOTA,LMO,WR,Gujarat,"Liliya Mota, Gujarat",71.372863,21.540317
Lachhmanpur,LMN,NR,Uttar Pradesh,"Unchahar, Uttar Pradesh",81.25726300000001,26.050472
LAOPANI,LPN,NFR,Assam,"National Highway 37, Assam",92.59598917299999,26.2003076494
LANKA,LKA,NFR,Assam,"Lanka, Assam",92.958001,25.914426
Chintadripet,MCPT,SR,Tamil Nadu,"Chennai, Tamil Nadu",80.274188,13.07406
LAMSAKHANG,LKG,NFR,Assam,"Lamsakhan Rd, Assam",93.046846,25.796536
LANGCHOLIET,LCT,NFR,Assam,"TV Centre Road, Assam",93.3046356757,25.759322935
LONGPATIA,LPTA,NFR,Assam,"Nabhokotia Rd, Assam",95.0953363135,27.0797307213
LAHOAL,LHL,NFR,Assam,"A T Rd, Assam",94.999525,27.4525
Manu,MANU,NFR,Tripura,"Manu, Tripura",91.9989317505,23.9881925448
Mallikpur,MAK,ER,West Bengal,"Kolkata, West Bengal",88.43331500000001,22.396985
Lakhewali,LKW,NR,Punjab,"Court Rd, Punjab",74.341781,30.447834
Lohna Road,LNO,ECR,Bihar,"Naruar, Bihar",86.229057,26.220882
Loharwara,LHW,NWR,Rajasthan,"Sikar Rd, Rajasthan",75.67687000000001,27.19839
Lathikata,LTK,SER,Orissa,"Latkata, Orissa",84.89496100000001,22.131808
Lihuri Halt,LRI,ECoR,Andhra Pradesh,"Lihuri Rd, Andhra Pradesh",83.849833,18.913242
Lahli,LHLL,NWR,Haryana,"State Highway 16, Haryana",76.44533799999999,28.854316999999998
Malhar,MAAR,?,Rajasthan,"Jodhpur, Rajasthan",72.37553642820001,27.2041163361
Linch,LCH,WR,Gujarat,"State Highway 41, Gujarat",72.3554837085,23.526717930500002
MADHIRA,MDR,SCR,Andhra Pradesh,"K.Ponnavaram, Andhra Pradesh",80.366849,16.921826
MANDOR,MDB,NWR,Rajasthan,"Jodhpur, Rajasthan",73.042126,26.350708
THIRUTHURAIYUR,TUY,SR,Tamil Nadu,"Thiruthuraiyur Railway Station Rd, Tamil Nadu",79.534813,11.823788
MANDAL,MDL,NWR,Rajasthan,"Mandal, Rajasthan",74.59395891049999,25.439631738299997
MODPUR,MDPR,WR,Gujarat,"Khambhalia-Lalpur, Gujarat",69.81170376339999,22.2625878623
MEDRA,MDRA,WR,Gujarat,"National Highway 8, Gujarat",72.712778,23.13609
Mandla Fort,MFR,SECR,Madhya Pradesh,"Mandla Fort, Madhya Pradesh",80.355908,22.586017
Madhada,MDHA,WR,Gujarat,"Bhavnagar, Gujarat",71.90539757810001,21.608000903100002
Madanpur Halt,MDNP,ER,Jharkhand,"Madanpur, Jharkhand",,
MAUR,MAUR,NR,Punjab,"Maur Mandi, Punjab",75.22772,30.062745999999997
MURADI,MDF,SER,West Bengal,"Barakar, West Bengal",86.80929,23.593092000000002
MUNDLANA,MDLA,NR,Haryana,"Panipat, Haryana",76.757452,29.212025
VAGHPURA,VU,,,,71.34996600000001,23.781878
MAU AIMMA,MEM,NR,Uttar Pradesh,"Allahabad, Uttar Pradesh",81.91377,25.698324
MALETHU KANAK,MEQ,NR,Uttar Pradesh,"Bikapur, Uttar Pradesh",82.124891,26.60377
MADHOSINGH,MBS,NER,Uttar Pradesh,"SH 5, Uttar Pradesh",82.552278,25.249931
Mandar Vidyapith Halt,MDVB,ER,Bihar,"Mandar, Bihar",87.0202584961,24.8344029798
Manik Chauree Halt,MCF,SECR,Chhattisgarh,"Manikchauri, Chhattisgarh",81.783198,21.004164000000003
Mulacalacheruvu,MCU,SCR,Andhra Pradesh,"Mulakalacheruvu, Andhra Pradesh",78.26482899999999,13.802188000000001
MADAR,MD,NWR,Rajasthan,"Ajmer, Rajasthan",74.68722700000001,26.465014
Marwar Bhinmal,MBNL,NWR,Rajasthan,"Bhinmal, Rajasthan",72.275398,25.000632999999997
MADURE,MADR,KR,Maharashtra,"Sawantwadi Vengurla Rd, Maharashtra",73.80896700000001,15.812975
MANKI,MANK,KR,Karnataka,"Manki, Karnataka",74.4932361584,14.1744388792
Munger,MGR,ER,Bihar,"Munger, Bihar",,
MANGALORE JN,MAJN,SR,Karnataka,"Mangalore, Karnataka",74.88006,12.866193
MANDI DABWALI,MBY,NWR,Haryana,"Mandi Dabwali, Haryana",74.700155,29.966227
Mailongdisa,MGX,NFR,Assam,"Mailongdisa, Assam",,
MAHE,MAHE,SR,Puducherry,"Mahe, Puducherry",75.546967,11.699226999999999
MALAD,MDD,WR,Maharashtra,"Mumbai, Maharashtra",72.84917,19.187089
Mungiakami,MGKM,NFR,Tripura,"Mungiyakami, Tripura",91.7101089758,23.8838302513
Mandar Hill,MDLE,ER,Bihar,"Mandar, Bihar",87.02615830570001,24.8060780645
Ajitwal,AJL,NR,Punjab,"Ajitwal, Punjab",75.33981800000001,30.807611
Madhabpur,MDBP,ER,West Bengal,"State Highway 3, West Bengal",88.347323,22.119207
Ajnod,AJN,WR,Madhya Pradesh,"Indore, Madhya Pradesh",75.738947,22.931326000000002
Masaudhi Court Halt,MDCR,?,Bihar,"National Highway 22, Bihar",85.0439060474,25.366289184800003
Manendragarh,MDGR,SECR,Madhya Pradesh,"Manendragarh, Madhya Pradesh",82.197734,23.219746999999998
Modelgram,MG,NR,Punjab,"Ludhiana, Punjab",75.83618299999999,30.891527
Methai,MEE,ECR,,,86.72458900000001,25.907006000000003
Marhaura,MEW,NER,Bihar,"National Highway 28B, Bihar",84.850984,25.969081
Layabad,LYD,SER,Jharkhand,"Loyabad, Jharkhand",86.351907,23.773417
Majhdia,MIJ,ER,West Bengal,"Banpur-Majhdia Rd, West Bengal",88.719031,23.414561999999997
Malwara,MBW,NWR,Rajasthan,"Marwara, Rajasthan",72.26700809939999,24.7994691685
Masrakh,MHC,NER,Bihar,"Mashrakh, Bihar",84.8085433154,26.1022287466
Malegaon Vyenku,MGVK,SECR,Maharashtra,"National Highway 69, Maharashtra",78.956134,21.37586
MAHALAM,MFM,NR,Punjab,"State Highway 20, Punjab",74.706748,31.018428
MALERKOTLA,MET,NR,Punjab,"Maler Kotla, Punjab",75.87169200000001,30.529403
Mhow,MHOW,WR,Madhya Pradesh,"Mhow, Madhya Pradesh",75.771097,22.55518
MIYANA,MINA,WCR,Madhya Pradesh,"Guna, Madhya Pradesh",77.472164,24.85653
MIRHAKUR,MIQ,NCR,Uttar Pradesh,"Idgah Agra, Uttar Pradesh",77.8660122473,27.151203539700003
Malsar,MLSR,WR,Gujarat,"Sinor, Gujarat",73.31641039811075,21.88940753391553
MANIKPUR JN,MKP,NCR,Uttar Pradesh,"Manikpur, Uttar Pradesh",81.09365700000001,25.063492
MADURAI EAST,MES,SR,Tamil Nadu,"Madurai, Tamil Nadu",78.134188,9.908505
Mahrail,MHRL,ECR,Bihar,"Mahrail, Bihar",86.284783,26.294081000000002
MANIGRAM,MGLE,ER,West Bengal,"Lalgola, West Bengal",88.107881626,24.3428549076
MANAKLAO,MLH,NWR,Rajasthan,"State Highway 61, Rajasthan",73.003204,26.485986
VALIVADE,VV,CR,Maharashtra,"Valivade, Maharashtra",74.298965,16.703574
BAPUDHAM MOTIHARI,MKI,ECR,Bihar,"Motihari, Bihar",84.90525,26.655520000000003
MAHWAL,MHL,ECR,Bihar,"Muzaffarpur, Bihar",85.12631435489999,26.301858406599997
MAHIMBA,MHMB,SCR,Maharashtra,"Nanded, Maharashtra",78.076322,19.419884999999997
AJJAMPUR,AJP,SWR,Karnataka,"Ajjampur, Karnataka",76.0097415,13.7283327
Mahadevpara,MHDP,WR,Gujarat,"State Highway 9, Gujarat",72.949202,23.677025
MIRA ROAD,MIRA,WR,Maharashtra,"Mira Bhayandar, Maharashtra",72.856072,19.280299
MAJORDA,MJO,KR,Goa,"South Goa, Goa",73.922408,15.314045
MAGARPUR,MGRR,NCR,Uttar Pradesh,"Mau Ranipur, Uttar Pradesh",78.858785,25.322705000000003
MUJNAL,MJE,NFR,West Bengal,"National Highway 31C, West Bengal",89.191957,26.693327999999998
Moti Koral,MKRL,WR,Gujarat,"Maninageshwar Rd, Gujarat",,
MIHRAWAN,MIH,NR,Uttar Pradesh,"Nawab Yousuf Rd, Uttar Pradesh",82.694333,25.871178
MUMBAI MAHIM JN,MM,WR,Maharashtra,"Mumbai, Maharashtra",72.84687600000001,19.040547
Manipur Bagan,MOAR,?,Assam,"Bairabi Rd, Assam",92.54072000000001,24.400845
MANJESHWAR,MJS,SR,Kerala,"NH 17, Kerala",74.887582,12.724197
Morgram,MGAE,ER,West Bengal,"Murshidabad Distt., West Bengal",88.018413,24.304919
MYSORE NEW GOOD,MNGT,SWR,Karnataka,"Mysore, Karnataka",76.642542,12.338553999999998
Manheru,MHU,NWR,Haryana,"Bhiwani, Haryana",76.203117,28.701227
Makum Junction,MJN,NFR,Assam,"Makum, Assam",95.440958,27.485742
Light House,MLHS,SR,Tamil Nadu,"Chennai, Tamil Nadu",80.276539,13.044645999999998
Muragacha,MGM,ER,West Bengal,"Nadia, West Bengal",88.421243,23.529636
Mota Miya Mangrol,MNGV,WR,Gujarat,"Mosali, Gujarat",,
Manali Halt,MNLI,SR,Tamil Nadu,"State Highway 23, Tamil Nadu",,
Mandaveli,MNDY,SR,Tamil Nadu,"Chennai, Tamil Nadu",80.260507,13.027861000000001
Mohadi Pragane Laling,MHAD,CR,Maharashtra,"Dhule, Maharashtra",74.77978399999999,20.863002
Mighauna,MIW,NER,Uttar Pradesh,"Mighauna, Uttar Pradesh",79.826515,28.24322
Molisar,MIO,NWR,Rajasthan,"Churu, Rajasthan",74.739025,28.13104
Mahudha,MHUA,WR,Gujarat,"Madhuda, Gujarat",72.946947,22.817129
Mulewal Khaihra,MLKH,NR,Punjab,"Neewa Meianwal, Punjab",75.29969399999999,31.102966
Manamadurai East,MNME,SR,Tamil Nadu,"Manamadurai, Tamil Nadu",78.45434999999999,9.697777
Monacherra,MNCR,?,,,92.550058,24.611951
Manjhagarh,MJV,NER,Bihar,"National Highway 28, Bihar",84.504257,26.417226
MOTICHUR,MOTC,NR,Uttarakhand,"Haridwar, Uttarakhand",78.177678,29.981150000000003
MALIYA HATINA,MLHA,WR,Gujarat,"Malia, Gujarat",70.29970100000001,21.15957
MODNIMB,MLB,CR,Maharashtra,"Shetfal, Maharashtra",75.4055439008,17.9165477096
MINCHNAL,MNL,SWR,Karnataka,"Bijapur, Karnataka",75.822432,16.971395
MALAKHERA,MKH,NWR,Rajasthan,"Mala Khera, Rajasthan",76.618982,27.390236
MALHARGARH,MLG,WR,Madhya Pradesh,"Malhargarh, Madhya Pradesh",74.972666,24.265618
MARKUNDI,MKD,WCR,Madhya Pradesh,"State Highway 11, Madhya Pradesh",80.947114,25.017393
MUDKHED,MUE,SCR,Maharashtra,"Mudkhed, Maharashtra",77.509661,19.148087
MANDI DHANAURA,MNDR,NR,Uttar Pradesh,"Jyotiba Phule Nagar, Uttar Pradesh",78.26149799999999,28.953119
MALLAPPA GATE,MLGT,SCR,Andhra Pradesh,"Guntakal, Andhra Pradesh",77.387152,15.225027
MAINPURI,MNQ,NCR,Uttar Pradesh,"Mainpuri, Uttar Pradesh",79.034774,27.216507
MALLASANDRA,MLSA,SWR,Karnataka,"NH 206, Karnataka",77.015018,13.335173
Muktsar,MKS,NR,Punjab,"Muktsar, Punjab",74.514271,30.47821
Mallannagar,MQW,NER,Uttar Pradesh,"State Highway 33, Uttar Pradesh",,
Manund,MRD,WR,Gujarat,"State HIghway 55, Gujarat",,
MAHIPAL ROAD,MPLR,ER,West Bengal,"Lalgola, West Bengal",88.1911711557,24.2875453877
MAKRAULI,MKLI,NR,Haryana,"Rohtak, Haryana",76.62755,28.946971
MEHNAR ROAD,MNO,ECR,Bihar,"Bihar, Bihar",85.504477691,25.654307800700003
MUMBAI MATUNGA ROAD,MRU,WR,Maharashtra,"Mumbai, Maharashtra",72.847143,19.028606
MAHAMANDIR,MMC,NWR,Rajasthan,"Jodhpur, Rajasthan",73.037935174,26.3087448868
MARWAR MATHANYA,MMY,NWR,Rajasthan,"Mathania, Rajasthan",72.978778,26.532173
MITHAPUR,MTHP,WR,Gujarat,"Jamnagar, Gujarat",69.00869499999999,22.411601
Modran,MON,NWR,Rajasthan,"Jalor, Rajasthan",72.447631,25.187428
MANANI,MNZ,NR,Uttar Pradesh,"State Highway 57, Uttar Pradesh",77.498609,29.884915
AUJARI,AJRE,NFR,Assam,"National Highway 37, Assam",92.266800144,26.1446457224
MAILANI,MLN,NER,Uttar Pradesh,"Lakhimpur Kheri, Uttar Pradesh",80.347318,28.284349000000002
Manshahi,MNS,NFR,Bihar,"National Highway 81, Bihar",87.5881226697,25.4756828749
Marajdwa,MRJD,ECR,Bihar,"Sikta-Mainatad Rd, Bihar",84.60191599999999,27.043053
Mullanpur,MLX,NR,Punjab,"Mullanpur, Punjab",75.66501600000001,30.83811
New Madanpur,MPUR,?,,,87.226329,24.312218
Marwar Ratanpur,MSQ,NWR,Gujarat,"State Highway 128, Gujarat",72.142853,24.67822
Madhyamgram,MMG,ER,West Bengal,"Kolkata, West Bengal",88.45225400000001,22.693938
Mohapani Mal,MPML,SECR,Madhya Pradesh,"State Highway 19, Madhya Pradesh",78.910005,21.812143
Melattur,MLTR,SR,Kerala,"Melattoor, Kerala",76.272805,11.06543
Markahandi U Halt,MQQ,SECR,Madhya Pradesh,"State Highway 26, Madhya Pradesh",79.191328,22.049857000000003
Malsian Shahkot,MQS,NR,Punjab,"Shahkot-Moga Rd, Punjab",75.354756,31.110293
Morkadhana,MKDN,CR,Madhya Pradesh,"Nayagaon, Madhya Pradesh",78.501566,22.11073
MANSA,MSZ,NR,Punjab,"Mansa, Punjab",75.402584,29.989694999999998
MAHIPAL,MPLE,ER,West Bengal,"Lalgola, West Bengal",88.162107,24.30631
MIRKHAL,MQL,SCR,Maharashtra,"Purna, Maharashtra",76.9150573724,19.2036411097
MOTERJHAR,MTJR,NFR,Assam,"Dhubri Kochugaon Rd, Assam",89.864509,26.133968
MASODHA,MSOD,NR,,,82.12533900000001,26.709217000000002
Motijheel,MTJL,NCR,Madhya Pradesh,"Gwalior, Madhya Pradesh",78.142209,26.249743000000002
MASNADIH,MSDH,ECR,,,84.832613,26.958112
MANSURPUR,MSP,NR,Uttar Pradesh,"Muzaffarnagar, Uttar Pradesh",77.719182,29.355377
MAVLI JN,MVJ,NWR,Rajasthan,"Mavli, Rajasthan",73.973721,24.794585
Nabha,NBA,NR,Punjab,"Nabha, Punjab",76.14639600000001,30.363819
MEERUT CANT,MUT,NR,Uttar Pradesh,"Meerut, Uttar Pradesh",77.686937,29.015997000000002
MARWAR LOHWAT,MWT,NWR,Rajasthan,"Jodhpur, Rajasthan",72.58927,26.981256000000002
MEERUT CITY,MTC,NR,Uttar Pradesh,"Meerut, Uttar Pradesh",77.675106,28.977610000000002
MURADNAGAR,MUD,NR,Uttar Pradesh,"Ghaziabad, Uttar Pradesh",77.506774,28.759017
MURHESI RAMPUR,MSRP,WCR,Uttar Pradesh,"SH 33, Uttar Pradesh",77.62741799999999,27.412426
MERTALA PHALEYA,MTFA,ER,West Bengal,"Mertala Phaleya, West Bengal",88.319686,23.479665999999998
MAROLI,MRL,WR,Gujarat,"Maroli, Gujarat",72.88999799999999,21.019949
Mannargudi,MQ,SR,Tamil Nadu,"Mannargudi, Tamil Nadu",79.455639,10.674541000000001
MELAPPALAIYAM,MP,SR,Tamil Nadu,"Tirunelveli, Tamil Nadu",77.7018564789,8.7067184087
BOMBAY MASJID,MSD,CR,Maharashtra,"Mumbai, Maharashtra",72.838561,18.952385
Matania Anantpur,MTAP,ER,West Bengal,"Matania Anantapur Railway Station, West Bengal",,
MAHWA,MWW,NWR,Rajasthan,"Alwar, Rajasthan",76.60887100000001,27.483719999999998
Mumbai Mahalakshmi,MX,WR,Maharashtra,"Mumbai, Maharashtra",72.823908,18.982103
Mutupet,MTT,SR,Tamil Nadu,"Muthupet, Tamil Nadu",,
MANDYA,MYA,SWR,Karnataka,"Mandya, Karnataka",76.897256,12.529176
MULKI,MULK,KR,Karnataka,"Mulki, Karnataka",74.804962,13.068517
Thirumayilai,MTMY,SR,Tamil Nadu,"Chennai, Tamil Nadu",80.267038,13.03497
MIRTHAL,MRTL,NR,Punjab,"Mirthal, Punjab",75.608482,32.112895
MORTHALA,MXO,NWR,Rajasthan,"NH 14, Rajasthan",72.8034186484,24.502604961899998
Matera,MT,NER,Uttar Pradesh,"Bahraich, Uttar Pradesh",81.55344699999999,27.784934
Moabund,MOBD,NFR,Assam,"Mohbondha, Assam",94.071748,26.66857
Mahisadal,MSDL,SER,West Bengal,"Haldia Mechada via Tamluk, West Bengal",88.010799,22.176298999999997
Margherita,MRG,NFR,Assam,"Ledo, Assam",95.6726,27.289315000000002
Maman,MOM,NR,Uttar Pradesh,"National Highway 91, Uttar Pradesh",77.86108700000001,28.330372
Triplicane,MTCN,SR,Tamil Nadu,"Chennai, Tamil Nadu",80.28020599999999,13.054862
MUPA,MUPA,NFR,Assam,"Diakkawn Rd, Assam",93.122747,25.368686
Nanaksar,NNKR,NR,Punjab,"Nanaksar, Punjab",75.419984,30.803353
Murtajapur Town,MZRT,CR,Maharashtra,"Murtajapur, Maharashtra",,
MAINPURI KACHRI,MPUE,NCR,Uttar Pradesh,"Mainpuri Kachri, Uttar Pradesh",79.06563200000001,27.227142
MOHIUDDINPUR,MUZ,NR,Uttar Pradesh,"Meerut, Uttar Pradesh",77.621531,28.885405000000002
Nada,NADA,WR,Gujarat,"Mota Habipura Nada Rd, Gujarat",,
Nowbagh,NBGH,CR,Maharashtra,"Nowbagh, Maharashtra",,
NEOLI,NEI,CR,Maharashtra,"State Highway 77, Maharashtra",76.303949,18.387703000000002
Nokhra,NKRA,?,Rajasthan,"Nokhra, Rajasthan",72.6654016473,27.607994992800002
MALLESWARAM,MWM,SWR,Karnataka,"Bengaluru, Karnataka",77.56320699999999,13.001289
NAGLATULA,NGLT,NCR,Rajasthan,"Bayana, Rajasthan",77.421273,26.92382
Nandlalee Halt,NDLH,?,,,,
MANWATH ROAD,MVO,SCR,Maharashtra,"Parbhani, Maharashtra",76.534516,19.358161
NAGAR,NGE,SECR,Chhattisgarh,"National Highway 78, Chhattisgarh",82.459164,23.315091
MAKHU,MXH,NR,Punjab,"Makhnu, Punjab",74.983505,31.105935
Nagore,NCR,SR,Tamil Nadu,"Nagore, Tamil Nadu",79.846188,10.818430000000001
MIRZAPALI,MZL,SCR,Andhra Pradesh,"Medak, Andhra Pradesh",78.41529899999999,18.017962999999998
KEKATUMAR,KKG,SCR,Maharashtra,"Washim, Maharashtra",77.10081100000001,20.012339
MALLANWALA KHAS,MWX,NR,Punjab,"Mallanwala, Punjab",74.8134271344,31.0470049078
MAHUARIYA,MXY,ECR,Uttar Pradesh,"Sonebhadra, Uttar Pradesh",83.3105186481,24.227740021099997
MAJHAOLI,MZHL,WCR,Madhya Pradesh,"Bargawa, Madhya Pradesh",82.37057999999999,24.136642000000002
MALLIYALA,MYL,SCR,Andhra Pradesh,"Kurnool, Andhra Pradesh",77.77675500000001,15.397805
ANNIGERI,NGR,SWR,Karnataka,"Dist. Dharwad, Karnataka",75.43085099999999,15.432164
MARWASGRAM,MWJ,WCR,Madhya Pradesh,"Madhya Pradesh, Madhya Pradesh",81.836685,24.098212
Nidhani,NDNI,SECR,Madhya Pradesh,"Ghonsor, Madhya Pradesh",80.008415,22.576568
MANJHWE,MZW,ECR,Bihar,"Manjhwe, Bihar",85.306631,24.814294
MAYANOOR,MYU,SR,Tamil Nadu,"NH 67, Tamil Nadu",78.23651100000001,10.954704000000001
NINGALA JN,NGA,WR,Gujarat,"State Highway 117, Gujarat",71.70935200000001,22.0252
NAIGAON,NIG,WR,Maharashtra,"Naigaon West, Maharashtra",72.845954,19.350875
NANDGAON ROAD,NAN,KR,Maharashtra,"Sindhudurg, Maharashtra",73.73056000000001,16.387453999999998
MARIANI JN,MXN,NFR,Assam,"Mariani, Assam",94.30820299999999,26.652434999999997
MAHUTGAON,MUGN,NFR,Assam,"B G Rd, Assam",94.79288199999999,26.962757
NAMRUP,NAM,NFR,Assam,"Borhat, Assam",95.313642,27.19627
MALIGURA,MVG,ECoR,Orissa,"Maligura Station, Orissa",82.638614,18.953174999999998
Nigan,NGX,ER,West Bengal,"Nigan, West Bengal",,
Murthiha,MUH,NER,Uttar Pradesh,"State Highway 26, Uttar Pradesh",81.37814700000001,28.030462
Mettupalayam,MTP,SR,Tamil Nadu,"Mettupalayam, Tamil Nadu",76.934533,11.299729
Nishchindapur,NCP,ER,West Bengal,"Tengrabichi, West Bengal",88.214325,21.973426
Ner Halt,NERH,?,,,84.97536099999999,25.017219
Mayurhat,MYHT,ER,West Bengal,"Mayurhat-Taraknagar Rd, West Bengal",88.661013,23.363017
Nal Halt,NAL,?,Rajasthan,"NH 15, Rajasthan",73.21761215939999,28.038590055100002
Nalikul,NKL,ER,West Bengal,"State Highway 2, West Bengal",88.16622600000001,22.829712999999998
Mavinkere,MVC,SWR,Karnataka,"Mavinkere, Karnataka",76.201872,12.816193
NAGANAHALLI,NHY,SWR,Karnataka,"Mysore District, Karnataka",76.651081,12.380243
NABADWIP DHAM,NDAE,ER,West Bengal,"Nabadwip, West Bengal",88.356472,23.396593
NAGPUR ROAD,NPRD,SECR,Chhattisgarh,"Koria, Chhattisgarh",82.349049,23.279379000000002
NELLAIKUPPAM,NPM,SR,Tamil Nadu,"Nellikuppam, Tamil Nadu",79.66476800000001,11.775944
NEW GUNTUR,NGNT,SCR,Andhra Pradesh,"Guntur City, Andhra Pradesh",80.4582228,16.3100404
NECKLACE ROAD,NLRD,SCR,Andhra Pradesh,"Hyderabad, Andhra Pradesh",78.46287099999999,17.423337999999998
New Barrackpore,NBE,ER,West Bengal,"Kolkata, West Bengal",88.444755,22.687235
Nasrala,NAS,NR,Punjab,"Distt.Hoshiarpur, Punjab",75.84640800000001,31.497981000000003
NAGROTA,NGRT,NR,Himachal Pradesh,"Nagrota Bagwan, Himachal Pradesh",76.38879399999999,32.108728
AJITGILL MATTA,AJTM,NR,Punjab,"Kotkapura Jaitu Rd, Punjab",74.863795,30.483469
NIDUR,NID,SR,Tamil Nadu,"Neivasal, Tamil Nadu",79.645074,11.127231
HUZUR SAHIB NANDED,NED,SCR,Maharashtra,"Nanded, Maharashtra",77.31047799999999,19.160522
NANDRE,NDE,CR,Maharashtra,"Sangli, Maharashtra",74.5590299896,16.964028561899998
NAGAPPATTINAM,NGT,SR,Tamil Nadu,"Nagapattinam, Tamil Nadu",79.845998,10.759221
NORTH PANAKUDI,NPK,SR,Tamil Nadu,"Panakudi, Tamil Nadu",77.582174,8.315971
AKANAPET,AKE,SCR,Andhra Pradesh,"Medak, Andhra Pradesh",78.39630899999999,18.110863
Narpatganj,NPV,ECR,Bihar,"National Highway 57, Bihar",,
Nari Khetri,NRKE,NWR,Rajasthan,"Jhunjhunu, Rajasthan",,
NANDAPUR,NDPR,SCR,Maharashtra,"Hingoli, Maharashtra",77.2376282849,19.5948820434
NEW MAL JN,NMZ,NFR,West Bengal,"National Highway 31. 03562-255097, West Bengal",88.724837,26.87368
NANDOL DEHEGAM,NHM,WR,Gujarat,"Dehegam, Gujarat",72.815845,23.17417
NEMEM,NEM,SR,Kerala,"Thiruvananthapuram, Kerala",77.009693,8.455233
Nadauj,NDU,ECR,Bihar,"Nadaul, Bihar",85.0173352112,25.296538788200003
Rajula City,RJU,WR,Gujarat,"Distt. Amreli, Gujarat",71.45597599999999,21.046574999999997
Namkhana,NMKA,ER,West Bengal,"Namkhana, West Bengal",88.239558,21.772235000000002
Nurmahal,NRM,NR,Punjab,"Philur Nurmahal Rd, Punjab",75.601431,31.081588999999997
New Balarampur Halt,NBPH,ER,West Bengal,"New Balarampur, West Bengal",88.24737400000001,24.051233
Pali,PALI,NWR,Rajasthan,"Pali, Rajasthan",76.450856,28.177004
Nagarwara,NWA,SECR,Madhya Pradesh,"Nainpur, Madhya Pradesh",80.12340101560001,22.210719843299998
Neyamatpur,NYM,ECR,,,84.988344,24.937206
Arunnagar,ARNG,,,,79.9789721362,20.7084913199
Narnaul,NNL,NWR,Haryana,"Narnaul, Haryana",76.123133,28.044396
Nagaon,NGAN,NFR,Assam,"Nagaon, Assam",92.67253075,26.356211990000002
Narayanpur Murli Halt,NRPM,ECR,Bihar,"Saraygarh, Bihar",,
NAGALWANCHA,NVC,SCR,Andhra Pradesh,"Jagannadhapuram To Matkepalli Rd, Andhra Pradesh",80.228517,17.07433
Nareshwar Road,NRUR,WR,Gujarat,"Nareshwar Rd, Gujarat",,
Narwasi,NRWI,NWR,Rajasthan,"MDR 18, Rajasthan",,
NARANJIPUR,NRGR,WR,Madhya Pradesh,"Dewas, Madhya Pradesh",76.00915947140001,23.047142090399998
NALLA SOPARA,NSP,WR,Maharashtra,"Nallasopara station Rd, Maharashtra",72.819464,19.418238000000002
NURPUR ROAD,NUPR,NR,Punjab,"Nurpur, Punjab",75.852903,32.281043
Neuri Halt,NUIH,ECR,Bihar,"Darbhanga, Bihar",,
Nagsar,NXR,ECR,Uttar Pradesh,"Ghazipur, Uttar Pradesh",,
PALAT POTARAM,PAPM,SCR,Andhra Pradesh,"National Highway 7, Andhra Pradesh",78.4544374475,17.7900915824
NARASINGAMPET,NPT,SR,Tamil Nadu,"Thiruvavaduthurai, Tamil Nadu",79.511398,11.034797000000001
NISUI,NSU,NR,Uttar Pradesh,"Aonla- Bareilly Link Rd, Uttar Pradesh",79.236446,28.290931
Nidaghatta,NZH,?,Karnataka,"Bangalore-Mysore Rd, Karnataka",,
,P,?,,,,
NARKATIAGANJ JN,NKE,ECR,Bihar,"Narkatiaganj, Bihar",84.464045,27.105035
NIMSHIRGAON TAMDALGE,NMGT,CR,Maharashtra,"Miraj Rd, Maharashtra",74.486113,16.769023999999998
NANGLOI,NNO,NR,Delhi NCT,"JJ Colony No 1, Delhi NCT",77.05696599999999,28.686261000000002
NAGARSOL,NSL,SCR,Maharashtra,"Nashik, Maharashtra",74.541646,20.102455
NARWANA JN,NRW,NR,Haryana,"Way to Narwana, Haryana",76.109286,29.588632
NIDAMANGALAM,NMJ,SR,Tamil Nadu,"Needamangalam, Tamil Nadu",79.412736,10.773563999999999
NAULTHA,NLH,NR,Haryana,"Brahman Majra, Haryana",76.889707,29.318787999999998
NIWAS ROAD,NWB,WCR,Madhya Pradesh,"Sidhi, Madhya Pradesh",82.013256,24.053618
NARINDARPURA,NPX,NR,Punjab,"Mansa, Punjab",75.476271,29.951767
NURSRATABAD KHARKHAR,NTG,NR,Uttar Pradesh,"State Highway 57, Uttar Pradesh",77.307785,28.775277
Panisagar,PASG,NFR,Tripura,"Panisagar, Tripura",92.149035,24.27276
NIYALISH PARA,NLSF,ER,West Bengal,"Berhampore, West Bengal",88.246367,24.156525000000002
Pindrai,PDE,SECR,Madhya Pradesh,"State Highway 11A, Madhya Pradesh",80.0462042108,22.511799793599998
NANGUNERI,NNN,SR,Tamil Nadu,"Nanguneri, Tamil Nadu",77.66259199999999,8.4891
ONDAGRAM,ODM,SER,West Bengal,"Onda, West Bengal",87.202275,23.147973999999998
NAYANDAHALLI,NYH,SWR,Karnataka,"Bengaluru, Karnataka",77.520696,12.941162
NARANGI,NNGE,NFR,Assam,"Panikhaiti, Assam",91.83577600000001,26.182961000000002
NEW TINSUKIA JN,NTSK,NFR,Assam,"A T Rd, Assam",95.334128,27.479748
ADARKI,AKI,CR,Maharashtra,"Pune, Maharashtra",74.189651,17.918333
Nirmali,NMA,ECR,Bihar,"Supaul, Bihar",86.57461500000001,26.305325
Narasapur,NS,SCR,Andhra Pradesh,"Narsapur, Andhra Pradesh",81.699909,16.445891
Nalanda,NLD,ECR,Bihar,"National Highway 82, Bihar",85.46277400000001,25.122359
Shahi,SSC,NER,Uttar Pradesh,"Shahi, Uttar Pradesh",79.69100300000001,28.588172999999998
NAKTISEMRA,NKX,ECoR,Chhattisgarh,"Jagdalpur, Chhattisgarh",82.07392999999999,19.062273
Ootwar,OTD,NCR,Rajasthan,"Alwar, Rajasthan",76.73256,27.626063
Padra,PDRA,WR,Gujarat,"Padra, Gujarat",73.09017872437835,22.237238915003488
Od,OD,WR,Gujarat,"Od, Gujarat",73.07946299999999,22.65471
Nua,NUA,NWR,Rajasthan,"Jhunjhunu, Rajasthan",75.28570594266057,28.058125832368518
Tuvvur,TUV,SR,Kerala,"Thuvvur, Kerala",76.282913,11.120495
Nasibpur,NSF,ER,West Bengal,"State Highway 2, West Bengal",88.262036,22.804834999999997
Narendrapur Halt,NRPR,ER,West Bengal,"Kolkata, West Bengal",88.41769,22.453419999999998
Nagjua,NJA,SER,Jharkhand,"Ranchi, Jharkhand",84.9668384277,23.3782939954
Nangal Mundi,NNU,NWR,Haryana,"State Highway 24, Haryana",76.499193,28.250468
Bheja,BHJA,ECoR,Orissa,"Bheja Station, Orissa",82.68546380999999,18.47264914
Netra,NTA,ER,West Bengal,"National Highway 117, West Bengal",88.25409499999999,22.208105
Niyazipur Halt,NZP,?,,,84.98843942260001,25.143791455699997
PADMAPUKAR,PDPK,SER,West Bengal,"Howrah, West Bengal",88.3062197015,22.5683088157
PALSAP,PCP,CR,Maharashtra,"State Highway 77, Maharashtra",76.191169,18.357557
PADNUR,PDNR,SWR,Karnataka,"Shegao to Alagi Rd, Karnataka",75.9846818945,17.3223703821
PATHRAD,PARD,SCR,Maharashtra,"Huzur Sahib Nanded, Maharashtra",77.39203,19.18427
PALUR,PALR,SR,Tamil Nadu,"SH 58, Tamil Nadu",79.90699699999999,12.766651
PAKARA ROAD,PKRD,WCR,Madhya Pradesh,"Pakara, Madhya Pradesh",80.505599,24.0512
PUGALUR,PGR,SR,Tamil Nadu,"Karur, Tamil Nadu",77.99070900000001,11.051701999999999
NIWAR,NWR,WCR,Madhya Pradesh,"Katni, Madhya Pradesh",80.3695901074,23.7204627184
OKHA,OKHA,WR,Gujarat,"Okha, Gujarat",69.073775,22.470959999999998
OKHA MADHI,OKD,WR,Gujarat,"NH 8E, Gujarat",69.1038005835,22.0956416097
Nakodar Junction,NRO,NR,Punjab,"Nakodar, Punjab",75.47560800000001,31.111697
NITTUR,NTR,SWR,Karnataka,"NH 206, Karnataka",76.8558716895,13.3016546778
PILI BANGAN,PGK,NWR,Rajasthan,"Pilibanga, Rajasthan",74.079282,29.483825
Paterhi,PEE,NER,Bihar,"Saran, Bihar",84.80548800000001,25.923565
NATHWANA,NTZ,NWR,Rajasthan,"Malkisar, Rajasthan",73.813703,28.563319
NAVAGADH,NUD,WR,Gujarat,"Jetpur, Gujarat",70.61672100000001,21.764344
PIPLI PAKHI KALAN,PKZ,NR,Punjab,"Faridkot, Punjab",74.732879,30.732663
Parhihara,PIH,NWR,Rajasthan,"Sujangarh, Rajasthan",74.559809,27.926801
NAVADE ROAD,NVRD,CR,Maharashtra,"Ghotkamp Koyana vele, Maharashtra",73.102716,19.052388999999998
Aunlajori Junction,OND,SER,Orissa,"Mayurbhanj, Orissa",86.16420749999999,22.440956
NANDIKUR,NAND,,,,74.806474,13.133125
NANJANGUD TOWN,NTW,SWR,Karnataka,"Nanjangudu, Karnataka",76.68442999999999,12.12211
Mumbai Lower Parel,PL,WR,Maharashtra,"Mumbai, Maharashtra",72.82961999999999,18.994919
Neyveli,NVL,SR,Tamil Nadu,"SH 10, Tamil Nadu",79.47622299999999,11.538814
OBRA DAM,OBR,ECR,Uttar Pradesh,"Obra, Uttar Pradesh",82.975949,24.438661
Pagla Chandi,PCX,ER,West Bengal,"National Highway 34, West Bengal",88.303969,23.743195
Pudukkottai,PDKT,SR,Tamil Nadu,"Pudukkottai, Tamil Nadu",78.801946,10.372456999999999
Pipardahi,PED,SECR,Madhya Pradesh,"SH 26, Madhya Pradesh",79.41266,22.052145
Nazareth,NZT,SR,Tamil Nadu,"Thoothukudi, Tamil Nadu",77.976271,8.563997
Pahur,PHU,CR,Maharashtra,"Pahur, Maharashtra",,
Pij,PIJ,WR,Gujarat,"State Highway 149, Gujarat",,
Pallikkara,PKP,SR,Kerala,"Kasaragod, Kerala",,
Prachi Road Junction,PCC,WR,Gujarat,"Jambur, Gujarat",70.68701800000001,20.988298
Pattukottai,PKT,SR,Tamil Nadu,"Pattukkottai, Tamil Nadu",,
Akkihebbalu,AKK,SWR,Karnataka,"Mandya District, Karnataka",76.37759799999999,12.62489
Pencharthal,PEC,NFR,Tripura,"Pecharthal, Tripura",92.10823,24.196225
Nawanshahr Doaba Junction,NSS,NR,Punjab,"Bhaddi, Punjab",76.108571,31.1213
Kohar Singhwala,KRSW,NR,Punjab,"State Highway 20, Punjab",74.44582399999999,30.76024
Phakhoagram,PKGM,NFR,Assam,"Phakhoagram, Assam",92.342438,24.641534
Panjwara Road,PJLE,ER,Bihar,"Mandar, Bihar",87.0136837024,24.8770456448
Ferozeshah,PHS,NR,Punjab,"Firozpur Rd, Punjab",74.78411,30.887454
PATHAKPUR,PHX,NR,Uttar Pradesh,"Chandausi, Uttar Pradesh",78.580494,28.369685
Paradip,PRDP,ECoR,Orissa,"Paradip, Orissa",86.62014099999999,20.280364
PANCHRA,PCR,ER,West Bengal,"Birbhum, West Bengal",87.330151,23.771990000000002
PARMINIYA HALT,PMYA,ECR,Bihar,"Parminiya, Bihar",86.59504241879999,25.826562590800002
PADADHARI,PDH,WR,Gujarat,"Paddhari, Gujarat",70.60534299999999,22.429596
PAIMAR,PMI,ECR,Bihar,"Paimar, Bihar",85.112409,24.806929
PERGAON,PG,SCR,Maharashtra,"Parbhani, Maharashtra",76.67346400000001,19.294984
PINGLI,PIZ,SCR,Maharashtra,"Parbhani, Maharashtra",76.8577266418,19.21840134
KARAMGARH SDRGH,KRSH,,,,74.748627,30.213009
PADLA,PDQ,NWR,Rajasthan,"Padla, Rajasthan",73.778291,24.306134999999998
PANCHTALAVDA ROAD,PCT,WR,Gujarat,"SH 115, Gujarat",71.474264,21.662813
PAGDHAL,PGL,WCR,Madhya Pradesh,"Pagdhal, Madhya Pradesh",77.351451,22.42054
PANIKHAITI,PHI,NFR,Assam,"Chandrapur Rd, Assam",91.8757005432,26.2119648863
Piro,PIRO,ECR,Bihar,"Piro, Bihar",84.4205444342,25.321358352999997
PAPANASAM,PML,SR,Tamil Nadu,"Rajagiri, Tamil Nadu",79.26854200000001,10.922767
PARSEHRA MAL,PMM,NER,Uttar Pradesh,"Parsehra, Uttar Pradesh",80.72917899999999,27.729917
PANIAHWA,PNYA,NER,,,83.933839,27.167486
PARAMAKKUDI,PMK,SR,Tamil Nadu,"Paramagudi, Tamil Nadu",78.591131,9.539071
MUMBAI PAREL,PR,CR,Maharashtra,"Mumbai, Maharashtra",72.83750400000001,19.009045
PIARDOBA,PBA,SER,West Bengal,"Bankura, West Bengal",87.322164,22.956881
PALGHAT TOWN,PGTN,SR,Kerala,"Palakkad, Kerala",76.65216699999999,10.7753892
PANVEL,PNVL,CR,Maharashtra,"Panvel, Maharashtra",73.121756,18.990918999999998
PAYANGADI,PAZ,SR,Kerala,"Kannur District, Kerala",75.2596,12.021507999999999
PERSSANNUR,PEU,SR,Kerala,"Koodallur, Kerala",76.065488,10.840824
Pothahi,PFT,ECR,Bihar,"Pothahi, Bihar",85.098643,25.486605
Punpun Ghat Halt,PNUG,?,,,85.1099123547,25.5255878987
Pimpalgaon,PMGN,CR,Maharashtra,"Pimpalgaon, Maharashtra",,
Pohe,POHE,CR,Maharashtra,"Pohe, Maharashtra",,
Pratapganj,PPV,ECR,Bihar,"Pratapganj, Bihar",,
Piali,PLF,ER,West Bengal,"Champahati To Peyali Rd, West Bengal",88.51744099999999,22.388254
Pargothan,PRGT,CR,Maharashtra,"Wardha, Maharashtra",,
Parikha,PRKA,WR,Gujarat,"Gujarat, Gujarat",,
Purnia Court,PRNC,ECR,Bihar,"Purnia, Bihar",,
Piler,PIL,SCR,Andhra Pradesh,"Piler Station, Andhra Pradesh",78.927499,13.662347
Palitana,PIT,WR,Gujarat,"Palitana, Gujarat",71.82319700000001,21.538300999999997
Pancheberia,PNCB,ER,West Bengal,"Haranath Para Ln, West Bengal",88.599435,23.221017
Phalodi Junction,PLC,NWR,Rajasthan,"Phalodi, Rajasthan",72.366743,27.124794
Pavi,PAVI,WR,Gujarat,"Vadodara, Gujarat",73.840166,22.342282
Pehowa Road,PHWR,NR,Haryana,"Haryana, Haryana",76.6204606189,29.88477778
Partabpura,PPB,NR,Punjab,"Partabpura, Punjab",75.71438400000001,31.052119
Parlakhemundi,PLH,ECoR,Orissa,"Paralakhemundi, Orissa",84.08063800000001,18.786579
Payradanga,PDX,ER,West Bengal,"Payradanga, West Bengal",88.545481,23.128660999999997
Pindarsi,PDS,NR,Haryana,"Haryana, Haryana",76.70440469360001,29.9189828048
Palayankottai,PCO,SR,Tamil Nadu,"Tirunelveli, Tamil Nadu",77.738083,8.709862
Pandoli,PMO,NWR,Rajasthan,"State Highway 9, Rajasthan",74.39939700000001,24.866567
Pawapuri Road,PQE,ECR,Bihar,"Distt Nalanda, Bihar",85.511715,25.159209999999998
PANCHGRAM,PNGM,NFR,Assam,"Panchgram, Assam",92.598318,24.864358
PIPALSANA,PLS,NER,Uttar Pradesh,"State Highway 49, Uttar Pradesh",78.83533,28.952153
PANGRI,PJR,CR,Maharashtra,"State Highway 77, Maharashtra",75.86677300480001,18.283703174
PALAMPUR HIMACHAL,PLMX,NR,Himachal Pradesh,"Palampur, Himachal Pradesh",76.54001000000001,32.069052
PARLU,PRU,NWR,Rajasthan,"Parlu, Rajasthan",72.4319,25.823775
Pirjhalar,PJH,WR,Madhya Pradesh,"Ratlam, Madhya Pradesh",75.5313135,23.2603976
PIPLI,PPLI,WR,Gujarat,"Jamnagar, Gujarat",69.934426,22.345082
PARTAPUR,PRTP,NR,Uttar Pradesh,"Meerut, Uttar Pradesh",77.648699,28.925112000000002
PANDIYAPURAM,PYM,SR,Tamil Nadu,"State HIghway 75, Tamil Nadu",77.971557,8.855091
PAJIAN,PJA,NR,Punjab,"Kapurthala, Punjab",75.288498,31.264295
Rampuri,RAMP,SECR,Madhya Pradesh,"Bamhani, Madhya Pradesh",80.259304,22.410159
PINGORA,PNGR,WCR,Rajasthan,"SH 1, Rajasthan",77.37130900000001,27.087305999999998
Palari,PUE,SECR,Madhya Pradesh,"State Highway 11A, Madhya Pradesh",79.815973,22.301904
Pauta,PUF,NER,Uttar Pradesh,"Pauta, Uttar Pradesh",79.8118731085,28.4516032684
PILU KHERA,PKDE,NR,Haryana,"Jind, Haryana",76.49388,29.354607
Phulwaria,PLWR,NER,Uttar Pradesh,"Phulwaria, Uttar Pradesh",84.255615343,26.4688026951
Padriganj,PNJ,SECR,Madhya Pradesh,"Nainpur, Madhya Pradesh",80.11383797849999,22.3172086118
Rau,RAU,WR,Madhya Pradesh,"Rau, Madhya Pradesh",75.80494999999999,22.633145
Tik,TIK,NR,,,76.52731516850001,29.8508008993
Paradol,PRDL,SECR,Madhya Pradesh,"Manendragarh, Madhya Pradesh",82.188481,23.25057
TIRUNNAVAYA,TUA,SR,Kerala,"Thirunavaya, Kerala",75.985675,10.874721
PUNNAPURA,PNPR,SR,Kerala,"Alappuzha, Kerala",76.333771,9.449651
PUNNAPRA,PUPR,SR,Kerala,"Alappuzha, Kerala",76.342348,9.423187
PHULPUR,PLP,NR,Uttar Pradesh,"Phulpur, Uttar Pradesh",82.091535,25.552533999999998
PRAYAG,PRG,NR,Uttar Pradesh,"Allahabad, Uttar Pradesh",81.867081,25.467939
PALI MARWAR,PMY,NWR,Rajasthan,"Pali, Rajasthan",73.327309,25.790692
Pritam Nagar,PRNG,WR,Madhya Pradesh,"Ratlam, Madhya Pradesh",,
Patna Ghat,PTG,ECR,Bihar,"Sabalpur, Bihar",,
Pathrot,PTRT,CR,Maharashtra,"Amravati, Maharashtra",,
Pirtala,PRTL,ER,West Bengal,"Pirtala, West Bengal",88.28058300000001,24.359325000000002
Parna Nand,PMQ,NR,Punjab,"National Highway 15, Punjab",75.49578699999999,32.169809
Peravurani,PVI,SR,Tamil Nadu,"Peravurani, Tamil Nadu",,
Ras,RAS,WR,Gujarat,"Bhadran, Gujarat",,
Palakollu,PKO,SCR,Andhra Pradesh,"Palakollu, Andhra Pradesh",81.717145,16.522244
Palikona,POA,SCR,Andhra Pradesh,"Bhattiprolu, Andhra Pradesh",80.80435100000001,16.061989
Paradsinga Halt,PSK,SECR,Madhya Pradesh,"Paradsinga, Madhya Pradesh",78.854197,21.541244
Patharkandi,PTKD,NFR,Assam,"Patharkandi, Assam",92.31911,24.604506
Peeplee-ka-bas,PKBS,NWR,Rajasthan,"MDR 59, Rajasthan",75.268809,26.909188999999998
Punsia,PNSA,ER,Bihar,"Punsia, Bihar",87.0037506653,24.9531673111
Krishnashilla,KRSL,ECR,Uttar Pradesh,"Sonebhadra, Uttar Pradesh",82.7684964,24.1550254
Patiala Cantt.,PTE,NR,Punjab,"Patiala, Punjab",76.379064,30.341138
Pirthala Llauda,PLT,NR,Haryana,"Tohana, Haryana",75.866432,29.628831
ROHIRA GHALUGHRA,RHW,NR,Punjab,"Sangrur, Punjab",75.8416662744,30.6369312333
PARKANHATTI,PRKH,SWR,Karnataka,"Parakanhatti, Karnataka",74.695447,16.140169
RETHORAKALAN,RAKL,NCR,Madhya Pradesh,"Malanpur, Madhya Pradesh",78.240156,26.397857000000002
KARDI,RDI,SWR,Karnataka,"Karadi Cross, Karnataka",76.5736995709,13.2673774949
RANIKUND RARAH,RKR,WCR,Rajasthan,"Rarah, Rajasthan",77.55550000000001,27.324191
RAMGANJ,RMGJ,NR,Uttar Pradesh,"State Highway 9, Uttar Pradesh",82.020731,26.049173999999997
PATLI,PT,NR,Haryana,"Gurgaon, Haryana",76.85347200000001,28.399583000000003
PIPALDA ROAD,POR,WCR,Rajasthan,"Baren, Rajasthan",76.616541,24.956611
PATAUDI ROAD,PTRD,NR,Haryana,"Hailley Mandi, Haryana",76.755565,28.350738
PARSODA,PSD,SCR,Maharashtra,"Rotegaon, Maharashtra",74.8751352301,19.953696573000002
POTUL,POZ,SCR,Maharashtra,"Lasur, Maharashtra",75.12177700000001,19.918567
PURUA KHERA,PRKE,NR,Uttar Pradesh,"Bijnour, Uttar Pradesh",78.94859100000001,28.38702
REOTI BAHORA KHERA,RBK,NR,Uttar Pradesh,"Reoti B Khera, Uttar Pradesh",79.107047,28.318709
Vemuru,VMU,SCR,Andhra Pradesh,"Coastal Andhra Region, Andhra Pradesh",80.743187,16.178119
REDIPALAYAM,RDY,SR,Tamil Nadu,"State Highway 58, Tamil Nadu",79.94717999999999,12.736973
PAPRAKUND,PPKD,ECR,Uttar Pradesh,"Obra, Uttar Pradesh",82.93171099999999,24.42109
RAJAPUR ROAD,RAJP,KR,Maharashtra,"Ratnagiri, Maharashtra",73.626565,16.635175
RANI,RANI,NWR,Rajasthan,"Rania, Rajasthan",73.31039,25.347582
PAPPINISSERY,PPNS,SR,Kerala,"Kannur District, Kerala",75.347422,11.941779
Parsa,PRZ,NER,Uttar Pradesh,"Itwa Badhayan Rd, Uttar Pradesh",82.908499,27.435147999999998
Parsoli,PSLI,WCR,Rajasthan,"NH 76, Rajasthan",74.875358,25.113462000000002
Repalle,RAL,SCR,Andhra Pradesh,"Repalle, Andhra Pradesh",80.828736,16.019794
Rajendranagar,RJQ,WR,Madhya Pradesh,"Indore, Madhya Pradesh",75.82954600000001,22.670031
Rahon,RHU,NR,Punjab,"Rahon, Punjab",76.10892366617918,31.059323805951863
Raha,RAHA,NFR,Assam,"Roha, Assam",92.522244,26.225359
Pattabiram East,PRES,SR,Tamil Nadu,"Pattabiram, Tamil Nadu",80.068704,13.145847999999999
Raghunathpur,RCTC,ECoR,Orissa,"Raghunathpur, Orissa",86.14960500000001,20.351679
Parsa Bazar,PRBZ,ECR,Bihar,"NH 83, Bihar",85.11887899999999,25.550023
Rathopur,RGV,ECR,Bihar,"Saraygarh, Bihar",,
Porjanpur,PRNR,?,Orissa,"National Highway 215, Orissa",85.521374,21.789139000000002
Pipalwali Chowk,PPCK,NCR,Madhya Pradesh,"Pipalwali Chowk, Madhya Pradesh",77.470826,26.266253
Rajnarainpur,RNIR,NER,Uttar Pradesh,"State Highway 90, Uttar Pradesh",80.418359,28.313863
Punpun,PPN,ECR,Bihar,"Patna, Bihar",85.09876768800001,25.488229642500002
Raghubans Nagar,RBN,ECR,Bihar,"Raghubans Nagar, Bihar",87.060056,25.756709
Ramakona,RMO,SECR,Madhya Pradesh,"State Highway 19, Madhya Pradesh",78.826509,21.684348999999997
Ramgarh,RAH,NCR,Rajasthan,"Alwar, Rajasthan",76.811256,27.576612
Teneri Halt,TNRI,?,,,85.02551828,25.3146062619
PATTI RAJPURA HALT,PTRJ,NR,Himachal Pradesh,"Majhairan, Himachal Pradesh",76.53987000000001,32.068766000000004
PATWARA,PTWA,WCR,Madhya Pradesh,"Katni, Madhya Pradesh",80.4137045734,23.9143072844
Phulaguri,PUY,NFR,Assam,"National Highway 37, Assam",92.592784,26.270537
RENHAT,RENH,WCR,Madhya Pradesh,"Shivpuri, Madhya Pradesh",77.83368499999999,25.979937999999997
REWARI,RE,NWR,Haryana,"Rewari, Haryana",76.609414,28.202779000000003
RAJGARH,RHG,NWR,Rajasthan,"Rajgarh, Rajasthan",76.607541,27.240827
RANGMAHAL,RMH,NWR,Rajasthan,"Sri Ganganagar, Rajasthan",73.974734,29.405815999999998
RAMPARDA,RA,WR,Gujarat,"Surendranagar, Gujarat",71.352035,22.634966
RANGAULI,RGLI,NCR,Uttar Pradesh,"Mahoba, Uttar Pradesh",79.887282,25.150233
RAMNAGAR,RMR,NER,Uttarakhand,"Ramnagar, Uttarakhand",79.12223900000001,29.390223
RAMKANALI JN,RKI,SER,West Bengal,"Purulia, West Bengal",86.76233599999999,23.579891
KULEM,QLM,SWR,Goa,"South Goa Distt., Goa",74.24423,15.334036
Rahul Road,RRE,ECR,Bihar,"National Highway 31, Bihar",85.5309343896,25.274192601499998
RAMSINGHPUR,RMSR,NWR,Rajasthan,"Ramsinghpur, Rajasthan",73.39886600000001,29.185337
PAYYOLI,PYOL,SR,Kerala,"Payyoli, Kerala",75.617595,11.516715999999999
Rupasibari,RPB,NFR,Assam,"National Highway 44, Assam",92.529502,24.855344
PALLIPPURAM,PUM,SR,Kerala,"Palakkad, Kerala",76.1123604352,10.8413738184
Rajgir,RGD,ECR,Bihar,"Rajgir, Bihar",85.41469699999999,25.033068999999998
Ringas Junction,RGS,NWR,Rajasthan,"Ringas, Rajasthan",75.56360400000001,27.373379
Ratabari,RTBR,NFR,Assam,"Ratabari, Assam",92.416927,24.572086000000002
RANGJULI,RGJI,NFR,Assam,"Rangjuli Railway Station, Assam",90.95595800000001,25.988405
Rupauli,RPLY,ECR,Bihar,"Murliganj, Bihar",87.057937,25.879328
Pirwa,PW,NWR,Rajasthan,"Degana, Rajasthan",74.46727399999999,27.235415
Rayadurg,RDG,SWR,Andhra Pradesh,"Rayadurg, Andhra Pradesh",76.856828,14.705815
Ranu Pipri,RPP,WR,Gujarat,"Gujarat, Gujarat",,
Ramgovindsingh Mahuli Halt,RSMN,?,,,85.11323059809999,25.5318741843
Rajaldesar,RJR,NWR,Rajasthan,"Rajaldesar, Rajasthan",74.47771200000001,28.033672
Rajapatti,RPV,NER,Bihar,"Musepur To Rajapatti Railway Statipn, Bihar",84.80838331540001,26.1808149265
Puranigudam,PUQ,NFR,Assam,"Puranigudam, Assam",92.78676899999999,26.36319
Patara,PTRE,NCR,Uttar Pradesh,"Kanpur Nagar, Uttar Pradesh",80.203446,26.232167999999998
RaiGanj,RGJ,NFR,West Bengal,"Raiganj, West Bengal",88.127696,25.619125
Talodhi Road,TUD,SECR,Maharashtra,"Nagbhir, Maharashtra",79.736073,20.454247000000002
Rajmane,RM,CR,Maharashtra,"Kunzar Rd, Maharashtra",74.941672,20.643085
Raman,RMN,NWR,Punjab,"Rama Mandi, Punjab",74.96208800000001,29.959833999999997
Raipur Hariyana Junction,RPHR,NR,Haryana,"Hisar, Haryana",75.772834,29.158401
Quatabpur,QTP,NR,Haryana,"Haryana, Haryana",76.349742,29.763968
Raibojha,RBJ,NER,Uttar Pradesh,"State Highway 26, Uttar Pradesh",81.471651,27.971208999999998
Rowriah Sdg,RWH,NFR,Assam,"Jorhat, Assam",94.17244099999999,26.721887
RAIWALA,RWL,NR,Uttarakhand,"Rishikesh, Uttarakhand",78.209877,30.032143
RUPAHELI,RPI,NWR,Rajasthan,"Bhilwara, Rajasthan",74.635807,25.771723
ROHANA KALAN,RNA,NR,Uttar Pradesh,"Muzaffarnagar, Uttar Pradesh",77.68575799999999,29.575725
RUKADI,RKD,CR,Maharashtra,"Kolhapur, Maharashtra",74.356715,16.724871999999998
RANJANI,RNE,SCR,Maharashtra,"Jalna, Maharashtra",76.107028,19.646129
RANGAPAHAR CRS,RXRX,NFR,Nagaland,"Diphu Rd, Nagaland",93.715179,25.868228
SANGRUR,SAG,NR,Punjab,"Sangrur, Punjab",75.8305174701,30.2437913998
SAPHALE,SAH,WR,Maharashtra,"Thane, Maharashtra",72.82182599999999,19.576592
RANUJ,RUJ,WR,Gujarat,"Patan, Gujarat",72.21524,23.75937
RANIBENNUR,RNR,SWR,Karnataka,"Ranebennur, Karnataka",75.635054,14.625461
BIRUR JN,RRB,SWR,Karnataka,"Birur, Karnataka",75.974749,13.591101
RIGA,RIGA,ECR,Bihar,"Barahwa, Bihar",85.425711,26.644544
VALLAMPADUGAI,VMP,SR,Tamil Nadu,"Vallampadugai, Tamil Nadu",79.708219,11.350091
RAMESWARAM,RMM,SR,Tamil Nadu,"Rameshwaram, Tamil Nadu",79.306787,9.280973
Samni,SAZ,WR,Gujarat,"Samni, Gujarat",72.92457042261958,21.852581313966382
RAMPURMANI HARA,RPMN,NR,Uttar Pradesh,"Saharanpur, Uttar Pradesh",77.4598714294,29.8055980689
SAS NAGAR MOHALI,SASN,NR,Punjab,"Mohali, Punjab",76.739952,30.666125
RANA BORDI,RNBD,WR,Gujarat,"State Highway 27, Gujarat",69.79191399999999,21.714732
RUKHI,RKX,NR,Haryana,"Sonepat, Haryana",76.679535,29.090127000000003
Ratangarh West,RXW,NWR,Rajasthan,"Ratangarh, Rajasthan",74.61020425893366,28.072785335054363
RENUKUT,RNQ,ECR,Uttar Pradesh,"Sonbhadra, Uttar Pradesh",83.039896,24.203558
ROHA,ROHA,CR,Maharashtra,"Roha, Maharashtra",73.12357712000001,18.44649043
ROHTAK JN,ROK,NR,Haryana,"Rohtak, Haryana",76.57955000000001,28.890904
ROMANA ALBEL SINGH,RLS,NR,Punjab,"Kotkapura Jaitu Rd, Punjab",74.850048,30.510636
Raghuraj Singh,RRS,NR,Uttar Pradesh,"Raghuraj Singh Railway Station, Uttar Pradesh",80.87966899999999,26.255836
RANPUR,RUR,WR,Gujarat,"Ranpur, Gujarat",71.717303,22.359871000000002
Revelganj Ghat,RVT,NER,Bihar,"Ghaghra Bank, Bihar",,
Rankua,RW,WR,Gujarat,"Gujarat, Gujarat",,
Sarahula,SAHA,ECR,Uttar Pradesh,"Dildarnagar, Uttar Pradesh",,
Sonada,SAD,NFR,West Bengal,"Sonada, West Bengal",88.273323,26.960337
Rawat Ganj,RJ,NER,Uttar Pradesh,"National Highway 29, Uttar Pradesh",83.2858752405,26.9578306035
Raghunathbari,RGX,SER,West Bengal,"Panskura - Tamluk Rd, West Bengal",87.797247,22.353228
Runija,RNJ,WR,Madhya Pradesh,"Ujjain, Madhya Pradesh",75.3768327,23.06077
Simariya Kajanwada,SAKA,SECR,Madhya Pradesh,"Mandla Fort, Madhya Pradesh",80.325116,22.439466000000003
Subhas Gram,SBGR,ER,West Bengal,"Kolkata, West Bengal",88.433753,22.413546
Raniwara,RNV,NWR,Rajasthan,"Raniwara, Rajasthan",72.204293,24.750455
Roranwala,RRW,NR,Punjab,"Jandwala Bhimeshah, Punjab",74.25620300000001,30.444112
Ramsan,RXN,NWR,Gujarat,"State Highway 27, Gujarat",72.035777,24.405870999999998
SALCHAPRA,SCA,NFR,Assam,"Salchapra, Assam",92.671939,24.827278
RAYSER,RSJ,WCR,Madhya Pradesh,"Guna, Madhya Pradesh",77.549884,24.915225999999997
SARDAR PATEL ROAD,SDPR,NR,Delhi NCT,"Delhi Cantonment, Delhi NCT",77.167107,28.595813
SLEEMANABAD RD,SBD,WCR,Madhya Pradesh,"Sleemanabad, Madhya Pradesh",80.285208,23.614369
SONBARSA KACHERI,SBM,ECR,Bihar,"Bihar, Bihar",86.59565906430001,25.7938081327
RAYAKA,RY,WR,Gujarat,"SH 1 Dhandhuka to Fadara Rd, Gujarat",72.023569,22.413052999999998
SONDHA ROAD,SCN,NCR,Madhya Pradesh,"National Highway 92, Madhya Pradesh",78.484558,26.498827
BRAHMANPALLI,BMPL,SCR,Andhra Pradesh,"National Highway 7, Andhra Pradesh",78.4501792358,17.832927985
RUDRAPUR CITY,RUPC,NER,Uttarakhand,"Udham Singh Nagar, Uttarakhand",79.379212,28.969281
SALAR,SALE,ER,West Bengal,"Salar, West Bengal",88.111097,23.774579
SELU,SELU,SCR,Maharashtra,"Parbhani, Maharashtra",76.43326400000001,19.448059999999998
SARDARGRAM,SDGM,WR,Gujarat,"Ahmedabad, Gujarat",72.641987,23.070758
SAHEBTALA,SHBA,ER,West Bengal,"Sahebtala, West Bengal",88.200996,23.591585
SAIJ SERTHA RD,SHRD,WR,Gujarat,"Jhulasan, Gujarat",72.520002,23.2126
Sinor,SINR,WR,Gujarat,"Sinor, Gujarat",73.33612949587405,21.91134392138467
SAHERI,SAHR,NER,Uttar Pradesh,"National Highway 29, Uttar Pradesh",83.44911521,25.559103213
Singur,SIU,ER,West Bengal,"Singur, West Bengal",88.228712,22.814558
RASAYANI,RSYI,CR,Maharashtra,"Rasayani, Maharashtra",73.151919,18.894001999999997
SHEDBAL,SED,SWR,Karnataka,"Belagavi, Karnataka",74.752769,16.720293
Shendurni,SDRN,CR,Maharashtra,"Shendurni, Maharashtra",,
RAMSAGAR,RSG,SER,West Bengal,"Bankura, West Bengal",87.277063,23.106248
RAZAGANJ,RZJ,NER,Uttar Pradesh,"Lakhimpur Kheri, Uttar Pradesh",80.632889,27.994397
Sir Gurudas Banerjee Halt,SGBA,ER,West Bengal,"Kolkata, West Bengal",,
ADARSH MANPUR,AHMP,,,,85.91106267820001,25.1344757598
Saharsa Kutchery Halt,SHKY,ECR,Bihar,"Bihra Panchayat, Bihar",,
Sri Ramgarh Halt,SHRG,NWR,Rajasthan,"Ramgarh Railway Station, Rajasthan",,
Sidmukh,SDMK,NWR,Rajasthan,"Sidhmukh, Rajasthan",75.290472144261,28.893890064746117
SALI,SALI,NWR,Rajasthan,"Ajmer, Rajasthan",75.031546,26.705766999999998
Subarnamrigi,SBNM,ER,West Bengal,"Police Station Rd, West Bengal",88.292124,24.27321
Summer Hill,SHZ,NR,Himachal Pradesh,"Shimla, Himachal Pradesh",77.138165,31.107469
RAMNATHPUR,RTR,NER,Uttar Pradesh,"Handia, Uttar Pradesh",82.017775,25.412362
Singhookharia,SIPA,SER,Jharkhand,"National Highway 75, Jharkhand",85.795126,22.498243000000002
Runnisaidpur,RUSD,ECR,Bihar,"Runni, Bihar",85.519694,26.410576
Sindhar,SDZ,NR,Punjab,"Sindhar, Punjab",75.241169,31.110308
Sudsar,SDF,NWR,Rajasthan,"Bikaner, Rajasthan",73.785795,28.012356
Sird,SIRD,?,Rajasthan,"Jodhpur, Rajasthan",72.5964046204,27.5544208128
Sadulpur Junction,SDLP,NWR,Rajasthan,"Rajgarh, Rajasthan",75.386989,28.631138
Saifinagar Halt,SFNR,WR,Madhya Pradesh,"Indore, Madhya Pradesh",75.85342399999999,22.698715
Sohansra,SAWN,NWR,Haryana,"State Highway 24, Haryana",75.8605782111,28.4076088967
Sajuma,SJM,NR,Andhra Pradesh,"High School Rd, Andhra Pradesh",76.296444,29.726968
SEHAL,SEW,NER,Uttar Pradesh,"MDR 65W, Uttar Pradesh",78.822659,28.918565
SULGARE,SGRE,CR,Maharashtra,"Jath Rd, Maharashtra",74.909935,16.914611
SHAMLAJI ROAD,SJS,NWR,Gujarat,"State Highway 5, Gujarat",73.335655,23.621619
SOHAGPUR,SGP,WCR,Madhya Pradesh,"Sohagpur, Madhya Pradesh",78.194338,22.693813
SEKHA,SEQ,NR,Punjab,"Off Rd, Punjab",75.643764,30.380452
Samnapur,SMC,SECR,Madhya Pradesh,"State Highway 11, Madhya Pradesh",80.1564133228,21.9419101772
MAJHAIRAN HIMACHAL,MNHL,NR,Himachal Pradesh,"Majhairan, Himachal Pradesh",76.60279299999999,32.046378
SENGULAM,SGLM,SR,Tamil Nadu,"National Highway 7, Tamil Nadu",77.682861,8.607001
DABTARA,DUB,NR,Uttar Pradesh,"Bisauli, Uttar Pradesh",78.991164,28.368424
SHIBLUN,SHBL,ER,West Bengal,"State Highway 6, West Bengal",88.082999,23.692561
Shrikhanda,SIZ,ER,West Bengal,"Shrikhanda, West Bengal",,
Sojitra,SJTR,WR,Gujarat,"Anand, Gujarat",,
Sukhasan Kothi,SKHK,ECR,Bihar,"Purnia, Bihar",87.15210099999999,25.841387
SARKHEJ,SEJ,WR,Gujarat,"Ahmedabad, Gujarat",72.497486,22.981944000000002
SAHARSA JN,SHC,ECR,Bihar,"Saharsa, Bihar",86.594953,25.875207999999997
Silghat Town,SHTT,NFR,Assam,"Silghat, Assam",92.929931,26.608902
SILIGURU TOWN,SGUT,NFR,West Bengal,"Siligur, West Bengal",88.42960699999999,26.7073
SILIGURI JN,SGUJ,NFR,West Bengal,"Siligur, West Bengal",88.413663,26.723204
Salemgarhmasani,SJSM,NWR,Rajasthan,"Salemgarhmasani, Rajasthan",74.46238562464714,29.550109363942525
SACHIN,SCH,WR,Gujarat,"Sachin, Gujarat",72.874083,21.077673
SUCHIPIND,SCPD,NR,Punjab,"Jalandhar, Punjab",75.621561,31.343172
SITHALAVAI,SEV,SR,Tamil Nadu,"Krishnarayapuram, Tamil Nadu",78.27389099999999,10.958125
SANGMESHWAR,SGR,KR,Maharashtra,"NH 17, Maharashtra",73.546234,17.201998999999997
SONGADH,SGD,WR,Gujarat,"Bhavnagar, Gujarat",71.886759,21.728936
SHEIKPURA,SHK,ECR,Bihar,"Sheikhpura, Bihar",85.854024,25.132088
Simodara,SMDR,WR,Gujarat,"SH 166, Gujarat",,
Somthan,SMTN,CR,Maharashtra,"Somthan, Maharashtra",,
Samaswara,SMSR,SECR,Madhya Pradesh,"SH 26, Madhya Pradesh",79.334804,22.048501
Sikar Junction,SIKR,NWR,Rajasthan,"Sikar, Rajasthan",75.15337799999999,27.616275
Shirud,SHF,CR,Maharashtra,"Shirud, Maharashtra",74.876271,20.735376
Shoghi,SGS,NR,Himachal Pradesh,"Shoghi, Himachal Pradesh",77.12423700000001,31.038759000000002
Suchan Kotli,SHN,NWR,Haryana,"Suchan, Haryana",75.170322,29.515832999999997
Surjyapur,SJPR,ER,West Bengal,"Surjyapur F, West Bengal",88.466557,22.293128
Sham Kauria,SMKR,NER,Bihar,"National Highway 28B, Bihar",84.8330358765,26.035816445600002
Shergarh,SGA,NWR,Punjab,"Bathinda, Punjab",74.947251,30.080230999999998
SULERJAVALGE,SLGE,SWR,Karnataka,"NH 13, Karnataka",75.974841,17.45892
AKIVIDU,AKVD,SCR,Andhra Pradesh,"Coast Andhra, Andhra Pradesh",81.36905499999999,16.582653999999998
SULTANPUR LODI,SQR,NR,Punjab,"Kapurthala, Punjab",75.203016,31.211713
SIRLI,SIF,SCR,Maharashtra,"Parbhani, Maharashtra",77.21222487729999,19.5087818977
SAKHOTI TANDA,SKF,NR,Uttar Pradesh,"Meerut, Uttar Pradesh",77.71804900000001,29.192626
SHAMLI,SMQL,NR,Uttar Pradesh,"Shamli, Uttar Pradesh",77.316231,29.444596999999998
SHRI MAHABIRJI,SMBJ,WCR,Rajasthan,"Karauli, Rajasthan",76.96766400000001,26.684155
SASALU,SLU,SWR,Karnataka,"State Highway 47, Karnataka",76.108388,14.226683
Shankar,SQK,NR,Punjab,"Jalandhar, Punjab",77.1402539871633,28.560827504028268
SALIYAMANGALAM,SMM,SR,Tamil Nadu,"NH 67, Tamil Nadu",79.275262,10.77933
SAKHPUR,SKR,WR,Gujarat,"to railway station, Gujarat",69.833241,21.748997
SONWARSA HALT,SONW,?,,,85.669157,25.043599999999998
Salogra,SLR,NR,Himachal Pradesh,"NH 22, Himachal Pradesh",77.130516,30.934311
SOMPUR ROAD,SOQ,SWR,Karnataka,"Sompur, Karnataka",75.87207,15.421498999999999
SANJAN,SJN,WR,Gujarat,"Sanjan, Gujarat",72.820594,20.19165
Sukinda Road,SKND,ECoR,Orissa,"Duburi, Orissa",86.05375,20.971268
SANKVAL,SKVL,SWR,Goa,"Sancoale, Goa",73.86771300000001,15.370790999999999
SURATHKAL,SL,KR,Karnataka,"Surathkal, Karnataka",74.80617699999999,12.989191
SANJUJE DA AREY,SJDA,SWR,Goa,"CURTORIM, Goa",75.5962538599,15.437494047800001
Shakar Nagar,SKNR,SCR,Andhra Pradesh,"Bodhan, Andhra Pradesh",77.905991,18.659388000000003
Saota,SOF,ER,West Bengal,"Saota, West Bengal",,
SANGLI,SLI,CR,Maharashtra,"Sangli, Maharashtra",74.588939,16.858669000000003
SHIRRAVDE,SIW,CR,Maharashtra,"Satara, Maharashtra",74.1573548438,17.3606825795
SALPA,SLP,CR,Maharashtra,"SH 61, Maharashtra",74.17178775389999,17.963070994400002
Sonaripur,SOI,NER,Uttar Pradesh,"MDR 6C, Uttar Pradesh",80.7274215704,28.4746409298
Sunderabad,SNBD,WR,Madhya Pradesh,"Ratlam, Madhya Pradesh",,
Shripat Shrikhand,SPS,ER,West Bengal,"Shripat Shrikhand, West Bengal",,
Sidhwalia,SQW,NER,Bihar,"Saran, Bihar",84.666995,26.333838
Sankra,SNKX,SECR,,,81.591856,20.747436
Shimoga,SME,SWR,Karnataka,"State Highway 57, Karnataka",75.592671,13.927613
Seonan Halt,SONH,?,,,85.01186038569999,25.285709039300002
Sangrampur,SNU,ER,West Bengal,"State Highway 3, West Bengal",88.32876,22.224929
Sanjha,SJJ,ER,Bihar,"Sanjha, Bihar",87.0008507605,25.0658316907
Salona,SLON,NFR,Assam,"Salona, Assam",92.990043,26.503912999999997
Sujalpur,SJPA,?,West Bengal,"Digha Contai Rd, West Bengal",87.65749699999999,21.763167000000003
Silao,SILO,ECR,Bihar,"Nalanda, Bihar",85.434638,25.078598999999997
Suhsarai,SOW,ECR,Bihar,"National Highway 31, Bihar",85.530032,25.273946
Bolinna Doaba,BLND,NR,Punjab,"Patara Rd, Punjab",75.656972,31.342859999999998
Shakti Nagar,SKTN,ECR,Uttar Pradesh,"Dist. Sonebhadra, Uttar Pradesh",82.704734,24.122899
Sukrimangela,SOY,SECR,Madhya Pradesh,"Shikara - Dhooma Rd, Madhya Pradesh",79.834297,22.90699
Saila Khurd,SQJ,NR,Punjab,"Saila Khurd, Punjab",76.07770599999999,31.292873999999998
Satnaur Badesron,SNB,NR,Punjab,"Satnaur Badesron, Punjab",76.110741,31.257426
Saoner Junction,SONR,SECR,Maharashtra,"Saoner, Maharashtra",78.925046,21.387489000000002
SAROJINI NAGAR,SOJ,NR,Delhi NCT,"Sarojini Nagar, Delhi NCT",77.196287,28.581210000000002
SUPEDI,SPD,WR,Gujarat,"Supedi, Gujarat",70.3763963708,21.758513999399998
SANEH ROAD,SNX,NR,Uttar Pradesh,"Saneh Road, Uttar Pradesh",78.4494025903,29.689652272500002
SEMRA,SRA,ECR,Bihar,"National Highway 28A, Bihar",84.8136981409,26.711946963
Sarsi,SRSI,ECR,Bihar,"State Highway 77, Bihar",87.28521798737347,25.86331602863504
SINGARPUR,SNPR,NCR,Rajasthan,"Rupbas, Rajasthan",77.72370699999999,27.116202
SONIYANA,SNYN,NWR,Rajasthan,"National Highway 79, Rajasthan",74.62566,25.123246
SHANKARGARH,SRJ,NCR,Madhya Pradesh,"Shankargarh, Madhya Pradesh",81.6190324237,25.1813005966
Sikta,STF,ECR,Bihar,"Sikta, Bihar",84.680541,27.024365
Surajgarh,SRGH,NWR,Rajasthan,"Surajgarh, Rajasthan",75.73429978452623,28.30168415387253
SAMRLA,SQE,SCR,Maharashtra,"Dharmabad, Maharashtra",77.793105,18.921849
SAMRAU,SRK,NWR,Rajasthan,"State Highway 61, Rajasthan",72.721146,26.8662
Sohal,SOHL,NR,Punjab,"National Highway 15, Punjab",75.348341,31.974211
Soron,SRNK,NER,Uttar Pradesh,"Soron, Uttar Pradesh",78.748458,27.883353999999997
SONASAN,SNSN,WR,Gujarat,"Salal, Gujarat",72.895784,23.491604000000002
SHRIDHAM,SRID,WCR,Madhya Pradesh,"Shridham, Madhya Pradesh",79.484397,23.033843
SONTALAI,SQL,WCR,Madhya Pradesh,"Itarsi, Madhya Pradesh",77.94977499999999,22.613017999999997
SAMPLA,SPZ,NR,Haryana,"Sampla, Haryana",76.773299,28.781933000000002
SANKHAI,SNHR,WR,Gujarat,"Patan, Gujarat",72.177296,23.796393
SAPEKHATI,SPK,NFR,Assam,"Moran to Naharkatiya Rd, Assam",95.160918,27.110416
Sillipur,SPRA,NCR,Rajasthan,"State Highway 2, Rajasthan",77.031581,26.081657
SANTA CRUZ,STC,WR,Maharashtra,"Mumbai, Maharashtra",72.84133899999999,19.082018
SASVAD ROAD,SSV,CR,Maharashtra,"Sasvad, Maharashtra",73.9546461121,18.4732023111
Supaul,SOU,ECR,Bihar,"Supaul, Bihar",86.603023,26.117556999999998
SIHOR GUJARAT,SOJN,WR,Gujarat,"Shihor, Gujarat",71.957197,21.724798000000003
Kargaon Halt,KRNG,,,,79.41302,20.800933
SANDAI,SNDY,NER,Uttar Pradesh,"Sandai, Uttar Pradesh",79.990982,28.572634
SINDHUDURG,SNDD,KR,Maharashtra,"Oros, Maharashtra",73.67934,16.111322
Sarai Gopal,SPGL,NR,Uttar Pradesh,"Allahabad Bypass, Uttar Pradesh",81.822277,25.548656
Sethal,STH,NER,Uttar Pradesh,"Bareilly, Uttar Pradesh",79.56736599999999,28.543189
Semraon,SRMN,ECR,Bihar,"State Highway 12, Bihar",84.52704197999999,25.395161271299997
S NARAYANAPURAM,STPM,SCR,Andhra Pradesh,"Vijayawada, Andhra Pradesh",80.647908,16.525488
Santoshpur,SSP,ER,West Bengal,"Kolkata, West Bengal",88.272502,22.524414
Sindri Town,SNDT,?,Jharkhand,"Sindri, Jharkhand",86.47988299999999,23.660992
Soron,SRN,NER,Uttar Pradesh,"Soron, Uttar Pradesh",78.748798,27.883694
Sadanapura,SNA,WR,Gujarat,"Sadanapura, Gujarat",73.01247500000001,22.602487999999997
Wanabar,WW,?,,,84.97751000000001,25.006278000000002
Shasan Road,SSRD,ER,West Bengal,"Baruipur, West Bengal",88.434523,22.346539999999997
Saheed Matangini,SMTG,SER,West Bengal,"Medinipur, West Bengal",87.90811500000001,22.301973999999998
Sheopur Kalan,SOE,NCR,Madhya Pradesh,"Sheopur, Madhya Pradesh",76.70038600000001,25.675538
Shri Makri Nath Nagar,SMNN,NWR,Rajasthan,"Churu, Rajasthan",74.824623,28.179883999999998
ANGALAKUDURU,AKU,SCR,Andhra Pradesh,"Coastal Andhra Region, Andhra Pradesh",80.609091,16.245325
GHUTAI,GTI,NCR,Uttar Pradesh,"National Highway 76, Uttar Pradesh",79.4413220264,25.289429766
SEWAR,SWAR,WCR,Rajasthan,"Bharatpur, Rajasthan",77.425499,27.177901
SHAITAN SINGH NAGAR,STSN,NWR,Rajasthan,"State Highway 61, Rajasthan",72.468139,27.052218
MALIHATI TALIBPUR ROAD,MHTR,ER,West Bengal,"Rd, West Bengal",88.126194,23.79372
SURERGOTH,SRRG,NWR,Rajasthan,"State Highway 25, Rajasthan",76.605353,27.18282
SAVAR KUNDLA,SVKD,WR,Gujarat,"Savar Kundla, Gujarat",71.31266699999999,21.335082
SISARKA,SSKA,NR,Uttar Pradesh,"State Highway 43, Uttar Pradesh",78.846279,28.431279
SARERI,SSR,NWR,Rajasthan,"National Highway 79, Rajasthan",74.624105,25.697556000000002
SARNATH,SRNT,NER,Uttar Pradesh,"Varanasi, Uttar Pradesh",83.032634,25.375998
SHIVNI SHIVAPUR,SVW,SCR,Maharashtra,"Akola, Maharashtra",77.048971,20.674328
SURAVALI,SRVX,KR,Goa,"Margao, Goa",73.939328,15.291947
SHOBHASAN,SXS,WR,Gujarat,"State Highway 41, Gujarat",72.394212,23.542306999999997
Sitabanji,STBJ,ECoR,Orissa,"National Highway 215, Orissa",85.79053,21.500203
SANVERDAM CHUCH,SVM,SWR,Goa,"Curchorem, Goa",74.10866,15.264064
SULADHAL,SUL,SWR,Karnataka,"Belagavi, Karnataka",74.67814298520001,16.001728105999998
Surera,SURR,NWR,Rajasthan,"Surera, Rajasthan",,
SIVOK,SVQ,NFR,West Bengal,"Sevoke, West Bengal",88.468742,26.880144
VEMULURIPADU,VMLD,,,,80.294121,16.309801
Sangwi,SWQ,CR,Maharashtra,"Sangwi, Maharashtra",,
Sidhwan,SWG,NR,Punjab,"Sidhwan, Punjab",75.54695000000001,31.095558
SIRARI,SRY,ECR,Bihar,"State Highway 6, Bihar",85.952587,25.132853
Saidanwala,SWX,NR,Punjab,"Saidanwala, Punjab",74.679664,30.917223
Sivaganga,SVGA,SR,Tamil Nadu,"SH 33, Tamil Nadu",78.49906899999999,9.852970000000001
Sirsa,SSA,NWR,Haryana,"Sirsa, Haryana",75.034944,29.539153
Matoda,MQA,,,,73.00914999999999,24.11526
Savni,SVB,WR,Gujarat,"Maljinjava, Gujarat",70.471495,20.994517
Siwan Kachari,SVC,NER,Bihar,"Siwan, Bihar",84.34871700000001,26.226705
Srivaikuntam,SVV,SR,Tamil Nadu,"Thoothukudi, Tamil Nadu",77.906323,8.622475999999999
Sivadevunichkla,SVDC,SCR,Andhra Pradesh,"P.P.Road, Andhra Pradesh",81.65894399999999,16.535628999999997
Satnali,STNL,NWR,Haryana,"Satnali, Haryana",75.966232,28.382338
Amreli Para,AEP,WR,Gujarat,"Amreli, Gujarat",71.2281676154,21.6079811042
Sirsuphal,SSF,CR,Maharashtra,"Daund, Maharashtra",74.572957,18.306268
Sanawad,SWD,WR,Madhya Pradesh,"Sanawad, Madhya Pradesh",76.074567,22.17581
SILA KHERI HALT,SXE,NR,Haryana,"Jind, Haryana",76.612939,29.389883
Tilaivilagam,TAM,SR,Tamil Nadu,"Pattukkotai-Thiruthuraipoondi Rd, Tamil Nadu",,
Taki Road,TKF,ER,West Bengal,"Taki, West Bengal",88.915553,22.587179
Thondaimanallur,TNLR,SR,Tamil Nadu,"Nallur, Tamil Nadu",78.746072,10.623543
THAIR,TER,CR,Maharashtra,"State Highway 77, Maharashtra",76.15003700000001,18.352916
Tiruchitrambalam,TCT,SR,Tamil Nadu,"Musiri - Kulithalai - Manapparai - Pudukottai - Alangudi - Peravoorani - Sethubavachatram Rd, Tamil Nadu",,
SIRKAZHI,SY,SR,Tamil Nadu,"Sirkazhi, Tamil Nadu",79.726353,11.240305
Tarak Nagar,TNX,ER,West Bengal,"Shivniwas Rd, West Bengal",88.680184,23.38018
TAPA,TAPA,NR,Punjab,"Tapa Mandi, Punjab",75.366053,30.302839
SARAI CHANDI,SYC,NR,Uttar Pradesh,"Phulpur, Uttar Pradesh",81.97958463810001,25.5394209652
Takazhi,THZI,SR,Kerala,"Takazhi, Kerala",,
Taj Nagar,TJNR,NR,Haryana,"Gurgaon, Haryana",,
SANKOPARA,SXP,ER,West Bengal,"State Highway 5, West Bengal",87.9344515665,24.7176851264
TIMARNI,TBN,WCR,Madhya Pradesh,"Timarni, Madhya Pradesh",77.2294,22.375860000000003
SINHAN,SYQ,WR,Gujarat,"SH 6, Gujarat",69.7297354559,22.2346247943
Tibi,TIBI,NWR,Rajasthan,"Tibi, Rajasthan",74.50160639360547,29.54286582323833
TALAIYUTHU,TAY,SR,Tamil Nadu,"Thalaiyuthu, Tamil Nadu",77.72944226749999,8.7841938937
TIRUNELVELI,TEN,SR,Tamil Nadu,"Tirunelveli, Tamil Nadu",77.707979,8.73636
SAIYEDPUR BHTRI,SYH,NER,Uttar Pradesh,"Saidpur, Uttar Pradesh",83.23297400000001,25.539724
TOLAHUNSE,THN,SWR,Karnataka,"Tholahunase, Karnataka",75.964562,14.399208
SARUPATHAR,SZR,NFR,Assam,"Sarupathar Road Thana Rd, Assam",93.862021,26.195595
SALPURA,SYL,WCR,Rajasthan,"Kawari, Rajasthan",76.733005,24.773701
TIVARI,TIW,NWR,Rajasthan,"Tinwari, Rajasthan",72.889577,26.554730000000003
TANUR,TA,SR,Kerala,"Malappuram, Kerala",75.880597,10.97954
Tulwara Jhil,TLI,NWR,Rajasthan,"Tibi Railway Station, Rajasthan",,
Talaburu,TABU,SER,Jharkhand,"National Highway 75, Jharkhand",85.75594199999999,22.358169
Tirunellikaval,TNK,SR,Tamil Nadu,"State Highway 23, Tamil Nadu",,
Kishangarh Balawas,KGBS,NWR,Haryana,"Kishengarh, Haryana",76.571554,28.262787
Tilbhum,TBX,NFR,Tripura,"National Highway 44, Tripura",92.245466,24.465833
ATTILI,AL,SCR,Andhra Pradesh,"West Godavari, Andhra Pradesh",81.61636,16.680149999999998
Taldi,TLX,ER,West Bengal,"Taldi Station Rd, West Bengal",88.60875899999999,22.343647
TAKKOLAM,TKO,SR,Tamil Nadu,"Arakkonam, Tamil Nadu",79.677055,13.023783
Taregna,TEA,ECR,Bihar,"Taregna, Bihar",85.038112915,25.3552301906
Teliamura,TLMR,NFR,Tripura,"Teliamura, Tripura",91.617734,23.861247
Telia,TELY,?,Bihar,"Telia, Bihar",87.0262456,24.8058876
SALAWAS,SZ,NWR,Rajasthan,"Luni, Rajasthan",73.01452424259999,26.139957444700002
Tharbitia,TB,ECR,Bihar,"State Highway 76, Bihar",86.657383,26.218533
Tungi Halt,TNGI,?,Bihar,"Bihar Sharif, Bihar",85.52720500000001,25.171993
Tiruchendur,TCN,SR,Tamil Nadu,"Tiruchchendur, Tamil Nadu",78.117118,8.501774
Tarighat,TRG,ECR,Uttar Pradesh,"Ghazipur, Uttar Pradesh",83.60210496000946,25.571721452321867
TIKARIA,TKYR,WCR,Madhya Pradesh,"MDR 11, Madhya Pradesh",80.86436,24.99538
TALVADYA,TLV,WCR,Madhya Pradesh,"East Nimar, Madhya Pradesh",76.4437843848,21.9272990641
Tahsil Bhadra,TSD,NWR,Rajasthan,"Bhadra, Rajasthan",75.16145411878824,29.101436164956112
BELANKI,BLNK,CR,Maharashtra,"Jath Rd, Maharashtra",74.86933565,16.84890756
TARU,TR,SCR,Maharashtra,"Rotegaon Railway Station, Maharashtra",74.590775,20.06888
TALHERI BUZURG,THJ,NR,Uttar Pradesh,"SH 59, Uttar Pradesh",77.64430899999999,29.766916000000002
TILAYA,TIA,ECR,Bihar,"State Highway 8, Bihar",85.401101,24.821998
TIPTUR,TTR,SWR,Karnataka,"Tiptur, Karnataka",76.475987,13.256152
TUMKUR,TK,SWR,Karnataka,"Tumkur, Karnataka",77.10243899999999,13.333033
TOHANA,TUN,NR,Haryana,"Tohana, Haryana",75.904581,29.7266
THAKURKUCHI,TKC,NFR,Assam,"Hatisila, Assam",91.9222836917,26.234006114
TUTI MELUR,TME,SR,Tamil Nadu,"Thoothukudi, Tamil Nadu",78.145808,8.808373999999999
TITABAR,TTB,NFR,Assam,"Titabor, Assam",94.199758,26.602048
TAKARI,TKR,CR,Maharashtra,"Sangli, Maharashtra",74.36337599999999,17.129756
TIRUCHIRAPPALLI PALAKKARAI,TPE,SR,Tamil Nadu,"Tiruchirapalli, Tamil Nadu",78.69366422,10.80725953
Tapona,TPN,CR,Maharashtra,"Tapona, Maharashtra",,
Tikani,TKLE,ER,Bihar,"Tikani, Bihar",86.9932459985,25.108394454899997
Tiruturaipudi Junction,TTP,SR,Tamil Nadu,"Thiruthuraipoondi, Tamil Nadu",,
SARUPSAR JN,SRPR,NWR,Rajasthan,"MDR 103, Rajasthan",73.694891,29.353194
AKSHAYWAT RAI NAGAR,AYRN,ECR,Bihar,"Vaishali, Bihar",85.31541102290001,25.688767621
Talguppa,TLGP,SWR,Karnataka,"Talaguppa, Karnataka",74.914093,14.214011
Talwandi,TWB,NR,Punjab,"Talwandi Bhai, Punjab",74.92363399999999,30.861364000000002
Theh Qalandar,TQL,NR,Punjab,"State Highway 20, Punjab",74.086947,30.463401
TARIGOPPULA,TGU,SCR,Andhra Pradesh,"Krishna, Andhra Pradesh",80.836307,16.485676
THIVIM,THVM,KR,Goa,"North Goa, Goa",73.87610400000001,15.62955
Tarikere Junction,TKE,SWR,Karnataka,"Tarikere, Karnataka",75.812209,13.710886
THOKUR,TOK,KR,Karnataka,"Mangalore, Karnataka",74.829167,12.963579000000001
TOKKOTTU,TKOT,SR,Karnataka,"Ullal, Karnataka",74.858222,12.818211
THALASSERY,TLY,SR,Kerala,"Kannur, Kerala",75.492987,11.75314
TIRUR,TIR,SR,Kerala,"Malappuram, Kerala",75.92186500000001,10.917757
Taramani,TRMN,SR,Tamil Nadu,"Chennai, Tamil Nadu",80.24008199999999,12.978438
Tangiriapal,TGRL,ECoR,Orissa,"Orissa, Orissa",85.925812,21.164083
Thawe Junction,THE,NER,Bihar,"Gopalganj, Bihar",84.394398,26.438991
Thanesar City,TNDE,NR,Haryana,"Haryana, Haryana",76.824336,29.966374000000002
Titwa,TTW,SECR,Madhya Pradesh,"Lamta, Madhya Pradesh",80.13844220089999,21.9959060669
Tamluk,TMZ,SER,West Bengal,"Tamluk, West Bengal",87.91914399999999,22.275813
Talchhapar,TLC,NWR,Rajasthan,"Sujangarh, Rajasthan",74.487037,27.824805
Thara,THR,NCR,Madhya Pradesh,"State Highway 2, Madhya Pradesh",77.8507402155,26.3568878952
Thalera,THEA,WCR,Rajasthan,"Talera, Rajasthan",75.73774364929999,25.3152769684
ALAI,ALJ,NER,Uttarakhand,"National Highway 74, Uttarakhand",78.932709,29.143805999999998
UNDASA MADHAWPU,UDM,WR,Madhya Pradesh,"State Highway 18, Madhya Pradesh",75.97927499999999,23.087044000000002
TURKI ROAD,TZR,WCR,Madhya Pradesh,"Rewa, Madhya Pradesh",81.11757300000001,24.548879000000003
UPLAI,UPI,CR,Maharashtra,"State Highway 77, Maharashtra",75.642724,18.184369
TALOD,TOD,WR,Gujarat,"Talod, Gujarat",72.94796099999999,23.351347999999998
Bhiwani City,BNWC,NWR,Haryana,"Bhiwani, Haryana",76.1442991,28.825698499999998
THIRUVARUR JN,TVR,SR,Tamil Nadu,"Thiruvarur, Tamil Nadu",79.63389799999999,10.764347
TAPRI JN,TPZ,NR,Uttar Pradesh,"Saharanpur, Uttar Pradesh",77.58327200000001,29.915727999999998
UMBARGAM ROAD,UBR,WR,Gujarat,"Umbergaon, Gujarat",72.79082100000001,20.153499
Tezpore,TZTB,NFR,Assam,"Tezpur, Assam",92.78774656355381,26.617781357717547
UTARLAI,UTL,NWR,Rajasthan,"Barmer, Rajasthan",71.44363799999999,25.788344000000002
Tiruvanmiyur,TYMR,SR,Tamil Nadu,"Chennai, Tamil Nadu",80.25119000000001,12.989302
TIPKAI,TPK,NFR,Assam,"Dhubri, Assam",90.047264,26.295354
TIRUVANNAMALAI,TNM,SR,Tamil Nadu,"Thiruvannamalai, Tamil Nadu",79.077782,12.238103
TIRUPPUVANAM,TVN,SR,Tamil Nadu,"Tiruppuvanam, Tamil Nadu",78.258693,9.821456999999999
Taradevi,TVI,NR,Himachal Pradesh,"Shimla, Himachal Pradesh",77.139253,31.0758
TIKUNIA,TQN,NER,Uttar Pradesh,"Tikapur Municipality, Uttar Pradesh",80.981217,28.378823
TENYA,TYAE,ER,West Bengal,"Tenya, West Bengal",88.148864,23.822157
Umarpada,UMPD,WR,Gujarat,"Umarpada to Jumavadi, Gujarat",,
Unai Vansada Road,UNI,WR,Gujarat,"Gujarat, Gujarat",,
Arjuni,AJU,SECR,Maharashtra,"Gondia, Maharashtra",80.022581618,20.8165878335
TIRUPPACHETTI,TPC,SR,Tamil Nadu,"Thiruppachethi, Tamil Nadu",78.344217489,9.773153933800002
TARAON,TRN,NER,Uttar Pradesh,"Tranav Railway Station, Uttar Pradesh",83.311179,25.526193
Tukaithad,TTZ,SCR,Maharashtra,"Akot, Maharashtra",76.670581,21.427444
VILLIYAMBAKKAM,VB,SR,Tamil Nadu,"State Highway 58, Tamil Nadu",79.929175,12.754406
UNCHI BASSI,UCB,NR,Punjab,"National Highway 1A, Punjab",75.643654,31.860857
UJALVAV,UJ,WR,Gujarat,"State Highway 31, Gujarat",71.705115,21.905096
TANUKU,TNKU,SCR,Andhra Pradesh,"131, Andhra Pradesh",81.674075,16.752035
TENNERU,TNRU,SCR,Andhra Pradesh,"Manthena, Andhra Pradesh",80.813991,16.488886
Tarabari,TRBE,NFR,Assam,"Nagaon, Assam",92.68336699999999,26.436293
TETELIA,TTLA,NFR,Assam,"Tetelia-Maloibari Rd, Assam",92.00541,26.135912
Umaria Ispa Halt,UIH,SECR,Madhya Pradesh,"Umaria Ispa, Madhya Pradesh",79.08496134640001,22.055305150200002
Umra Nala,ULA,SECR,Madhya Pradesh,"Umranala Station, Madhya Pradesh",78.879298,21.874783
TANDAVAPURA,TXM,SWR,Karnataka,"Thandavapura, Karnataka",76.678489,12.168831
Taksal,TSL,NR,Himachal Pradesh,"Parwanoo, Himachal Pradesh",76.954267,30.845271
Thuwavi,TWV,WR,Gujarat,"SH 11, Gujarat",73.381517,22.153761
Tinsukia Junction,TSK,NFR,Assam,"Tinsukia, Assam",95.356367,27.4864
Kandarpur,KDRP,ECoR,Orissa,"Jagatsinghpur Rd, Orissa",86.017399,20.396528
Uska Bazar,UB,NER,Uttar Pradesh,"State Highway 1A, Uttar Pradesh",83.12594999999999,27.189993
Udagamandalam,UAM,SR,Tamil Nadu,"Ooty, Tamil Nadu",76.694727,11.404584999999999
Toppur,TPP,SWR,Tamil Nadu,"Dharmapuri, Tamil Nadu",78.070201,11.931538000000002
Vadiya Devli,VDV,WR,Gujarat,"Vadiya, Gujarat",70.853196,21.689791
UKHRA,UKA,ER,West Bengal,"Ukhra, West Bengal",87.232537,23.653692
USMANPUR,UPR,SCR,Maharashtra,"D1, Maharashtra",76.27447,19.532217
UCHIPPULI,UCP,SR,Tamil Nadu,"Uchipuli, Tamil Nadu",79.01509300000001,9.30813
UNCHHERA,UHR,WCR,Madhya Pradesh,"Unchhera, Madhya Pradesh",80.79457,24.38137
USMANABAD,UMD,CR,Maharashtra,"National Highway 211, Maharashtra",76.022663,18.248154
WAGHODA,WGA,CR,Madhya Pradesh,"East Nimar, Madhya Pradesh",76.08875499999999,21.255951999999997
UGAR KHURD,UGR,SWR,Karnataka,"Belgaum, Karnataka",74.822126,16.669705
Vadali,VAE,WR,Gujarat,"Vadali, Gujarat",73.04360399999999,23.948406000000002
Vaso,VASO,WR,Gujarat,"Rampur, Gujarat",,
VADGAON NILA,VDGN,SCR,Maharashtra,"State Highway 169, Maharashtra",76.64117200000001,18.929472999999998
Baijnath Andoli,VDNP,ECR,Bihar,"Baijnath Andoli, Bihar",,
WASHIM,WHM,SCR,Maharashtra,"Washim, Maharashtra",77.147986,20.103101
Velpuru Road,VEP,SCR,Andhra Pradesh,"Station Rd, Andhra Pradesh",,
UMROLI,UOI,WR,Maharashtra,"Boisar, Maharashtra",72.76033699999999,19.754447000000003
VILE PARLE,VLP,WR,Maharashtra,"Mumbai, Maharashtra",72.84363,19.099273999999998
Velachha,VLC,WR,Gujarat,"SH 166, Gujarat",,
Vilegaon,VLN,CR,Maharashtra,"Vilegaon, Maharashtra",,
Valaramanikkam,VMM,SR,Tamil Nadu,"State Highway 28, Tamil Nadu",,
VARAHI,VRX,WR,Gujarat,"Banaskantha, Gujarat",71.43129599999999,23.800674
Virol,VOL,WR,Gujarat,"Anand, Gujarat",,
VAPI,VAPI,WR,Gujarat,"Valsad, Gujarat",72.90912700000001,20.374337999999998
Karanahalli,KRNH,SWR,Karnataka,"Bangalore Honavar Rd, Karnataka",75.934385,13.667160999999998
UDVADA,UVD,WR,Gujarat,"Udvada, Gujarat",72.918698,20.461236
UDUPI,UD,KR,Karnataka,"Udupi, Karnataka",74.771733,13.336341000000001
Velachery,VLCY,SR,Tamil Nadu,"Chennai, Tamil Nadu",80.21921699999999,12.967092000000001
BHANAUR,VNN,NR,Uttar Pradesh,"State Highway 36, Uttar Pradesh",82.530022,25.573159999999998
VEDCHHA,VDH,WR,Gujarat,"Navsari, Gujarat",72.93641500000001,20.874651
VADAL,VAL,WR,Gujarat,"Vadal, Gujarat",70.492663,21.611243
Verka Junction,VKA,NR,Punjab,"Amritsar, Punjab",74.931669,31.665699
Uklana,UKN,NR,Haryana,"State Highway 2, Haryana",75.883133,29.498980000000003
VIDYAPATINAGAR,VPN,ECR,Bihar,"Raod For VIDYAPATI DHAM, Bihar",85.80234268800001,25.601974857400002
UPPALUR,UPL,SCR,Andhra Pradesh,"Krishna, Andhra Pradesh",80.780125,16.492803000000002
UNKAL,UNK,SWR,Karnataka,"Hubli, Karnataka",75.12425499999999,15.377158999999999
ULLAL,ULL,SR,Karnataka,"Someshwar, Karnataka",74.85477900000001,12.791319999999999
VARTEJ,VTJ,WR,Gujarat,"Bhavnagar, Gujarat",72.05519899999999,21.746198
Uttar Radhanagar Halt,UTN,ER,West Bengal,"Sherpur Dhamua Rd, West Bengal",88.383365,22.269458
Vadanam Kurussi Halt,VDKS,SR,Kerala,"Shornur Perinthalmanna Hwy, Kerala",76.252871,10.788139
Una,UNA,WR,Gujarat,"Una, Gujarat",71.036053,20.819025
Una Himachal,UHL,NR,Himachal Pradesh,"Una, Himachal Pradesh",76.27566,31.478782000000002
Umreth,UMH,WR,Gujarat,"Umreth, Gujarat",73.119782,22.693375999999997
Ugu,UGU,NR,Uttar Pradesh,"Unnao, Uttar Pradesh",80.299391,26.804337999999998
VIRBHADRA,VRH,NR,Uttarakhand,"Rishikesh, Uttarakhand",78.251864,30.074509
BISHNUPRIYA,VSPR,ER,West Bengal,"Nabadwip, West Bengal",88.3552,23.413186
Vadaj,VRJ,WR,Gujarat,"State Highway 160, Gujarat",,
Varkhedi,VRKD,CR,Maharashtra,"Jalgaon, Maharashtra",,
Vishvamitri,VSI,WR,Gujarat,"Vadodara, Gujarat",,
Vellanur,VEL,SR,Tamil Nadu,"Pudukkottai, Tamil Nadu",78.796975,10.46709
YEDESHI,YSI,CR,Maharashtra,"National Highway 211, Maharashtra",75.97657,18.317377999999998
Virul,VUL,CR,Maharashtra,"Wardha, Maharashtra",,
VALLIYUR,VLY,SR,Tamil Nadu,"Vallioor, Tamil Nadu",77.61399,8.376159999999999
VELLORE TOWN,VT,SR,Tamil Nadu,"Vellore - 632008, Tamil Nadu",79.125213,12.923646999999999
Vavadi Khurd,VKG,WR,Gujarat,"National Highway 59, Gujarat",73.502962,22.79511
WADIARAM,WDR,SCR,Andhra Pradesh,"Telangana Region, Andhra Pradesh",78.455417,17.972607
VARAKALPATTU,VKP,SR,Tamil Nadu,"State Highway 9, Tamil Nadu",79.704026,11.765793
VALANTARAVAL,VTV,SR,Tamil Nadu,"National Highway 49, Tamil Nadu",78.911814,9.337064
VIRAMDAD,VQD,WR,Gujarat,"Khambhalia-Dwarka (SH 6), Gujarat",69.575526,22.197917
AMBALE,ABLE,CR,Maharashtra,"Malshiras Rd, Maharashtra",74.171511,18.398719
Warudkhed,WRD,CR,Maharashtra,"Wardha, Maharashtra",,
VAITARNA,VTN,WR,Maharashtra,"Thane, Maharashtra",72.849578,19.517672
Bachharpur Halt,XBAC,ECR,Bihar,"Bachharpur, Bihar",,
DEVANUR,VNR,SWR,Karnataka,"National Highway 206, Karnataka",76.08846,13.439281999999999
VALMIKINAGAR RD,VKNR,ECR,Bihar,"National Highway 28B, Bihar",84.034555,27.195058000000003
WEST HILL,WH,SR,Kerala,"Calicut, Kerala",75.765232,11.28603
VAVERA,VVV,WR,Gujarat,"Rajula-Vijapadi Rd, Gujarat",71.441677,21.062395000000002
BAVLA,VLA,WR,Gujarat,"Bavla, Gujarat",72.36512300000001,22.833389
KANYAKUMARI,CAPE,SR,Tamil Nadu,"Kanyakumari, Tamil Nadu",77.542504,8.088028
SADIPUR HALT,XSAD,?,,,85.596052,24.932654
Vaniyambalam,VNB,SR,Kerala,"Vaniyambalam, Kerala",76.260513,11.188459
BISHNUPUR,VSU,SER,West Bengal,"Bishnupur, West Bengal",87.30107100000001,23.065499000000003
VELLAYIL,VLL,SR,Kerala,"Calicut, Kerala",75.77461,11.264509
VEJALKA,VJK,WR,Gujarat,"State Highway 38, Gujarat",71.719118,22.416769
VIRARAKKIYAM,VRQ,SR,Tamil Nadu,"Verarakiyam, Tamil Nadu",78.165859,10.939107
ABU ROAD,ABR,NWR,Rajasthan,"Sirohi Dist, Rajasthan",72.775695,24.470775
Zankhvav,ZKV,WR,Gujarat,"SH 166, Gujarat",73.31783892586827,21.45148506222334
Yavatmal,YTL,CR,Maharashtra,"Yavatmal, Maharashtra",78.11973326839507,20.387302241829445
Vailapuzha,VPZ,SR,Kerala,"Vallapuzha, Kerala",76.252495,10.842075999999999
Valadar,VLDR,WR,Gujarat,"Junagadh, Gujarat",70.724646,20.967861000000003
Balod,BXA,SECR,Chhattisgarh,"Balod, Chhattisgarh",81.205261,20.740984
Yedekumeri,YDK,SWR,Karnataka,"Yedukumeri Station, Karnataka",75.622206,12.823403
Viravasaram,VVM,SCR,Andhra Pradesh,"Palakollu, Andhra Pradesh",81.63254,16.542123999999998
Vavdi,VVD,WR,Gujarat,"State Highway 31, Gujarat",70.793468,21.714204
ERRUPALEM,YP,SCR,Andhra Pradesh,"Yerrupalem, Andhra Pradesh",80.471049,16.825374
AHERWADI,AHD,SWR,Karnataka,"Sholapur, Karnataka",75.99559,17.504915
YELGUR,YGL,SCR,Andhra Pradesh,"Yelgur Station, Andhra Pradesh",79.74703099999999,17.860901
ALAMPUR,ALMR,WR,Gujarat,"State Highway 31, Gujarat",71.699156,21.944012999999998
WANEGAON,WNG,SCR,Maharashtra,"Chudawa, Maharashtra",77.2501103802,19.1668082025
WANI,WANI,CR,Maharashtra,"Wani, Maharashtra",78.962635,20.06638
BADAMI,BDM,SWR,Karnataka,"Bagalkot, Karnataka",75.6767002,15.958918
BAGALKOT,BGK,SWR,Karnataka,"Bagalkot, Karnataka",75.7002383,16.1787931
ASAFPUR,AFR,NR,Uttar Pradesh,"Bijnor, Uttar Pradesh",78.905957,28.405553
WALAJABAD,WJ,SR,Tamil Nadu,"Walajabad, Tamil Nadu",79.81836999999999,12.797321
Wadsa,WSA,SECR,Maharashtra,"Chandrapur, Maharashtra",79.96351299999999,20.624198
BHITONI,BHTN,WCR,Madhya Pradesh,"Jabalpur, Madhya Pradesh",79.6740109,23.142728299999998
ATAMANDA,AMA,NER,Uttar Pradesh,"State Highway 37, Uttar Pradesh",79.468143,28.58606
Zampini,ZPI,SCR,Andhra Pradesh,"Zampani, Andhra Pradesh",80.71400799999999,16.199033
AMARAVILA HALT,AMVA,SR,Kerala,"Thiruvananthapuram, Kerala",77.10036199999999,8.397108999999999
AZIMGANJ CITY,ACLE,ER,West Bengal,"Police Station Rd, West Bengal",88.25887100000001,24.237941
WANSJALIYA,WSJ,WR,Gujarat,"Tarsai - Vansjaliya, Gujarat",69.873569,21.799383000000002
Ahirauli,AHU,NER,Uttar Pradesh,"State Highway 1A, Uttar Pradesh",83.03422499999999,27.30686
BELLARY JN,BAY,SWR,Karnataka,"Bellary, Karnataka",76.921995,15.145135
ALIA BADA,ALB,WR,Gujarat,"Jamnagar, Gujarat",70.210367,22.44677
ATRU,ATRU,WCR,Rajasthan,"Atru, Rajasthan",76.6702185,24.8821354
WAZERGANJ,WZJ,ECR,Bihar,"Gaya, Bihar",85.225637,24.813122
BHIND,BIX,NCR,Madhya Pradesh,"Bhind, Madhya Pradesh",78.77743530000001,26.588904900000003
WANKANER CITY,WKRC,WR,Gujarat,"Wankaner, Gujarat",70.956182,22.611810000000002
BARI BRAHMAN,BBMN,NR,Jammu and Kashmir,"Bari Brahmana, Jammu and Kashmir",74.916171,32.63896
Wena,WENA,ECR,Bihar,"Wena, Bihar",85.5319560193,25.3266239799
BALWA,WAB,WR,Gujarat,"SH 126, Gujarat",69.961069,21.895867000000003
BLOCK HUT BEAS,BLCA,,,,75.61447700000001,32.101414
Zahirabad,ZB,SCR,Andhra Pradesh,"Dist. Medak, Andhra Pradesh",77.61021299999999,17.674958
Zarpur Pali,ZP,NWR,Haryana,"Road to Nangal Mala, Haryana",76.14827000000001,28.281073000000003
Bejnal,BJN,NWR,Rajasthan,"Rajsamand, Rajasthan",73.914959,24.983198
BHAGAT KI KOTHI,BGKT,NWR,Rajasthan,"Jodhpur, Rajasthan",73.0133366,26.2484972
Karnauti Halt,KRNN,,,,85.54704889770001,25.396291565400002
Vellipalayam,VXM,SR,Tamil Nadu,"Nagapattinam, Tamil Nadu",79.843856,10.775837000000001
Amdi Halt,AMDI,SECR,Maharashtra,"Amadi, Maharashtra",79.31875600000001,21.352410000000003
Bishengarh,BISH,NWR,Rajasthan,"Jalor, Rajasthan",72.5752165,25.448874
Yadvendranagar,YDV,NER,Uttar Pradesh,"Yadvendranagar, Uttar Pradesh",82.75140999999999,25.756558
Yedapalli,YDP,SCR,Andhra Pradesh,"Telangana Region, Andhra Pradesh",77.952866,18.678662
Yogendra Dham Halt,YEAM,NER,Uttar Pradesh,"Yogendra Dham, Uttar Pradesh",81.728543,27.454598
Akora,AKW,NCR,Uttar Pradesh,"National Highway 86, Uttar Pradesh",80.139995,25.613687
Anklav,ALV,WR,Gujarat,"Anklav, Gujarat",72.999264,22.392856
BAHADUR SINGH WALA,BSS,NR,Punjab,"SH 11, Punjab",75.858906,30.319025
AZIMGANJ JN,AZ,ER,West Bengal,"Police Station Rd, West Bengal",88.256764,24.219053
ARAG,ARAG,CR,Maharashtra,"Jath Rd, Maharashtra",74.79116400000001,16.823628
Bisheshwarganj,BEU,NER,Uttar Pradesh,"Bisheshwarganj, Uttar Pradesh",81.833817,27.341282
BASBARI,BSI,NFR,Assam,"Dhubri Kochugaon Rd, Assam",89.900353,26.184354000000003
BHOJIPURA JN,BPR,NER,Uttar Pradesh,"SH 37, Uttar Pradesh",79.44724,28.4939826
Alipur Duar,APD,NFR,West Bengal,"Alipurduar, West Bengal",89.520667,26.479307000000002
BULLUANA,BHX,NR,Punjab,"Balluana, Punjab",74.78304,30.217553000000002
BILIMORA JN,BIM,WR,Gujarat,"Bilimora, Gujarat",72.970474,20.763319
BHIKAMKOR,BKC,NWR,Rajasthan,"Jodhpur, Rajasthan",72.78720299999999,26.80763
BOLARUM,BMO,SCR,Andhra Pradesh,"Secunderabad, Andhra Pradesh",78.5154167,17.5335493
BUDHLADA,BLZ,NR,Punjab,"Budhlada, Punjab",75.5496866,29.9217422
Bhalki,BHLK,SCR,Karnataka,"Bhalki, Karnataka",77.228081,18.047011100000002
BADNAPUR,BDU,SCR,Maharashtra,"Jalna, Maharashtra",75.722483,19.873979
BHIMARLAI,BMQ,NWR,Rajasthan,"National Highway 112, Rajasthan",71.88173556,25.89293086
BHANAPUR,BNP,SWR,Karnataka,"National Highway 63, Karnataka",76.036416,15.38694828
BALOTRA JN,BLT,NWR,Rajasthan,"Balotra, Rajasthan",72.248683,25.830070999999997
BAHELIA BUZURG,BFV,NER,Uttar Pradesh,"Bahelia Buzurg, Uttar Pradesh",80.512537,28.046924
Bathua Bazar,BHBR,NER,Uttar Pradesh,"Phulwaria, Uttar Pradesh",84.2321793958,26.4968303633
BHARAT KUP,BTKP,NCR,Uttar Pradesh,"Chitrakoot, Uttar Pradesh",80.76767899999999,25.217166
BHIRA KHERI,BIK,NER,Uttar Pradesh,"Lakhimpur Kheri, Uttar Pradesh",80.486132,28.334799
BAOLI,BAOL,NR,Uttar Pradesh,"Bagpat, Uttar Pradesh",77.278015354,29.140457035199997
BELA TAL,BTX,NCR,Uttar Pradesh,"Chhatarpur, Uttar Pradesh",79.55448188960001,25.2767862477
BOMADRA,BOM,NWR,Rajasthan,"Pali Marwar, Rajasthan",73.43942509,25.78029392
Banspani,BSPX,SER,Orissa,"National Highway 215, Orissa",85.42341227,22.00024281
Birpur,BIB,NCR,Rajasthan,"State Highway 2, Rajasthan",77.174223,26.155568000000002
Arasalu,ARU,SWR,Karnataka,"Arasalu, Karnataka",75.314466,13.999308999999998
Muttampatti,MPC,SWR,Tamil Nadu,"Dharmapuri, Tamil Nadu",78.152895,11.984107
Bhalej,BAJ,WR,Gujarat,"Bhalej, Gujarat",73.034499,22.633029999999998
Aswapuram,AWM,SCR,Andhra Pradesh,"Sarapaka, Andhra Pradesh",80.80126,17.821267000000002
Abhanpur Junction,AVP,SECR,Chhattisgarh,"Raipur, Chhattisgarh",81.74489899999999,21.052203000000002
Bade Arapur,BDXX,ECoR,Chhattisgarh,"Bade Arapur, Chhattisgarh",81.837917,19.011494000000003
Beliaghata Road,BGRD,ER,West Bengal,"State Highway 2, West Bengal",88.607005,22.674548
Ajanti,ANI,WR,Madhya Pradesh,"East Nimar, Madhya Pradesh",76.285956,21.893954
BAYTU,BUT,NWR,Rajasthan,"State Highway 40, Rajasthan",71.76868,25.897537999999997
BHIMGARA,BMGA,ER,West Bengal,"Birbhum, West Bengal",87.28427905,23.73804814
BELTHARA ROAD,BLTR,NER,Uttar Pradesh,"Belthara, Uttar Pradesh",83.841719,26.121418
BHAKTI NAGAR,BKNG,WR,Gujarat,"Rajkot, Gujarat",70.792278,22.282963
Depalsar,DEP,NWR,Rajasthan,"Churu, Rajasthan",74.92033749999999,28.2368573
Bhankoda,BKD,WR,Gujarat,"State Highway 138, Gujarat",72.1277773999,23.270810878299997
DHINOJ,DHJ,WR,Gujarat,"Dhinoj, Gujarat",72.2818798,23.6710024
VARANASI CITY,BCY,NER,Uttar Pradesh,"Varanasi, Uttar Pradesh",83.0141142,25.3341176
BOHANI,BNE,WCR,Madhya Pradesh,"Narsinghpur, Madhya Pradesh",78.9159773981,22.9137476381
MUMBAI DADAR WEST,DDR,WR,Maharashtra,"Mumbai, Maharashtra",72.84346500000001,19.019731
BANGALORE CANT,BNC,SWR,Karnataka,"Bengaluru, Karnataka",77.59932690000001,12.9936735
BISHANPUR HARYANA,BSPH,NR,Haryana,"Bishanpur, Haryana",76.323906,29.274012000000003
BELERHAT,BQY,ER,West Bengal,"State Highway 6, West Bengal",88.28291748000001,23.51930706
DHIGAWARA,DGW,NWR,Rajasthan,"Baswa, Rajasthan",76.613599,27.296265000000002
BOKAJAN,BXJ,NFR,Assam,"Bokajan, Assam",93.779466,26.018425999999998
BHOJO,BOJ,NFR,Assam,"Bhojo Railway Station, Assam",95.03240600000001,27.0635982
MUMBAI BANDRA TERMINUS,BDTS,WR,Maharashtra,"Mumbai, Maharashtra",72.840535,19.061911
Badulipar,BLPR,NFR,Assam,"Badulipar, Assam",93.87912899999999,26.646825
Bhachhbar,BBC,NWR,Rajasthan,"State Highway 40, Rajasthan",71.044404,25.73181
BANKE GANJ,BNKJ,NER,Uttar Pradesh,"Lakhimpur Kheri, Uttar Pradesh",80.416286,28.158478000000002
Didwana,DIA,NWR,Rajasthan,"Didwana, Rajasthan",74.55765600000001,27.406108
BINNAGURI,BNV,NFR,West Bengal,"National Highway 31C, West Bengal",89.05239089999999,26.747088299999998
DALGAON,DLO,NFR,West Bengal,"Birpara, West Bengal",89.136244,26.715384
BOKO,BOKO,NFR,Assam,"National Highway 37, Assam",91.219674,25.999791
Dudhwakhara,DKX,NWR,Rajasthan,"National Highway 65, Rajasthan",75.16531499999999,28.4587
Bariwala,BRW,NR,Punjab,"Mandi Bariwala, Punjab",74.65895300000001,30.532580000000003
BALARAMAPURAM,BRAM,SR,Kerala,"Balaramapuram, Kerala",77.05132087999999,8.430107451
Chinna Babu Samudram,CBU,SR,Tamil Nadu,"Villupuram, Tamil Nadu",79.686417,11.919465
Dahar Ka Balaji,DKBJ,NWR,Rajasthan,"Jaipur, Rajasthan",75.765669,26.944321
Chanda Fort,CAF,SECR,Maharashtra,"Chandrapur, Maharashtra",79.3122585,19.9400612
Biramitrapur,BRMP,SER,Orissa,"Birmitrapur, Orissa",84.7369583,22.3971312
Bangalbaree,BJY,NFR,West Bengal,"State Highway 10A, West Bengal",88.22942499999999,25.626454
Dalmau Junction,DMW,NR,Uttar Pradesh,"Dalmau, Uttar Pradesh",81.05365,26.075249999999997
BERIA DAULAT,BRDT,NER,Uttarakhand,"National Highway 74, Uttarakhand",79.210042,29.13221
DHAURMUI JAGHNA,DUM,WCR,Rajasthan,"State Highway 33, Rajasthan",77.53653800000001,27.292281
ALAKKUDI,ALK,SR,Tamil Nadu,"Alakudi, Tamil Nadu",79.0537095,10.77766297
Bhansi,BHNS,ECoR,Chhattisgarh,"Dhurli-Basenpur Rd, Chhattisgarh",81.26535758,18.77690197
DUMARIYA,DY,WCR,Rajasthan,"State Highway 1, Rajasthan",77.234121,26.864673
GULANA,GLNA,NWR,Rajasthan,"State Highway 25, Rajasthan",76.564974,27.10333
BARWA SAGAR,BWR,NCR,Uttar Pradesh,"Jhansi(0510-2440441), Uttar Pradesh",78.731628,25.351848
CHANDNI,CDI,CR,Madhya Pradesh,"East Nimar, Madhya Pradesh",76.350657,21.427163999999998
BURAHA BHARTHA,BUBT,NCR,Uttar Pradesh,"Buraha Bharthara, Uttar Pradesh",78.67032900000001,27.108219
GHAGGHAR,GHG,NR,Punjab,"National Highway 22, Punjab",76.84804777400001,30.6111449411
GANGRAR,GGR,NWR,Rajasthan,"Gangrar, Rajasthan",74.624757,25.061279000000003
DAOTUHAJA,DJA,NFR,Assam,"National Highway 54, Assam",93.162162,25.227501
DICHPALLI,DHP,SCR,Andhra Pradesh,"Dichpalli, Andhra Pradesh",78.194667,18.613288
DAMODAR JUNCTION,DMA,SER,West Bengal,"Bardhaman, West Bengal",86.908517,23.651021
BYADGI,BYD,SWR,Karnataka,"National Highway 4, Karnataka",75.4900954675,14.6997230018
ARUNACHAL,ARCL,NFR,Assam,"Cachar, Assam",92.742995,24.855593
BHARUR,BZ,NR,Punjab,"Sunam, Punjab",75.8156104224,30.165006839
GINIGERA,GIN,SWR,Karnataka,"Ginigera, Karnataka",76.247613,15.348226
BANAVAR,BVR,SWR,Karnataka,"National Highway 234, Karnataka",76.1400537476,13.395698823
DHUP DHARA,DPRA,NFR,Assam,"National Highway 37, Assam",91.066009,25.979779
DHARWAR,DWR,SWR,Karnataka,"Dharwad, Karnataka",75.004552,15.440386
Dhanpura,DNPR,WR,Gujarat,"State Highway 133, Gujarat",72.212366,23.453415
FURKATING JN,FKG,NFR,Assam,"K B Rd, Assam",94.00269200000001,26.465652000000002
BAGWALI,BWB,NWR,Punjab,"National Highway 64, Punjab",74.772519,30.033151999999998
BHAVANAGAR PARA,BVP,WR,Gujarat,"Bhavnagar, Gujarat",72.11868199999999,21.770889999999998
BHAVNAGAR TERMINUS,BVC,WR,Gujarat,"Bhavnagar, Gujarat",72.141059,21.781668
Dornahalli,DOY,SWR,Karnataka,"Dornahalli, Karnataka",76.42625,12.433086000000001
Bordhal,BXY,CR,Madhya Pradesh,"Amla, Madhya Pradesh",78.348164,21.997011
Digha Flag Station,DGHA,?,West Bengal,"State Highway 57, West Bengal",87.507655,21.622377
Krishnarajanagara,KRNR,SWR,Karnataka,"Krishnarajanagara, Karnataka",76.38862689999999,12.4454105
Ghatpuri,GTP,NER,Uttar Pradesh,"State Highway 33, Uttar Pradesh",79.20593600000001,28.125245999999997
Dalimgaon,DLX,NFR,West Bengal,"Dhankoil to Dalimgaoun, West Bengal",88.38629999999999,25.640548000000003
Bhasila,BSLA,ER,West Bengal,"Bhasila Railway Station, West Bengal",88.65854499999999,22.665494000000002
Dolaji Ka Khera,DJKR,NWR,Rajasthan,"Pali, Rajasthan",73.882498,25.537166
GUNDRATIMADUGU,GUU,SCR,Andhra Pradesh,"Mahbuababad-Badrachalam Rd, Andhra Pradesh",80.079953,17.532281
FATEH SINGHPURA,FSP,WCR,Rajasthan,"State Highway 1, Rajasthan",77.1469610779,26.8216101334
DULARIA,DRA,WCR,Madhya Pradesh,"Itarsi, Madhya Pradesh",77.654362,22.575660999999997
SIKRODA MINA,SKDM,,,,77.002212,26.722854
GADIGANURU,GNR,SWR,Karnataka,"Bellary, Karnataka",76.599178,15.219036000000001
DHURWASIN,DRSN,SECR,Madhya Pradesh,"Parasi, Madhya Pradesh",81.845641,23.129052
GAURIPUR,GUP,NFR,Assam,"Gauripur, Assam",89.952056,26.078321
GANKAR,GALE,ER,West Bengal,"Gankar, West Bengal",88.07289439819999,24.404804119599998
HARKIA KHAL,HKL,WR,Rajasthan,"State Highway 31, Rajasthan",74.91966500000001,24.363234000000002
GUNDLA POCHAMPALLI,GDPL,SCR,Andhra Pradesh,"Rangareddy, Andhra Pradesh",78.488371,17.568097
Falimari,FLM,NFR,West Bengal,"Falimari, West Bengal",89.5868746,26.0707762
JALNA,J,SCR,Maharashtra,"Jalna, Maharashtra",75.893142,19.830781
Jagadishpur,JGD,ER,Jharkhand,"Jagadishpur, Jharkhand",86.525172,24.273027000000003
Ghatwad,GTWD,WR,Gujarat,"Junagadh, Gujarat",70.74961099999999,20.92654
JNANA BHARTI HALT,GNB,SWR,Karnataka,"Mysore Road Bengaluru, Karnataka",77.511242,12.935329000000001
GOHANA,GHNA,NR,Haryana,"Gohana, Haryana",76.68937799999999,29.140297
DINGWAHI,DWI,NCR,Uttar Pradesh,"National Highway 76, Uttar Pradesh",80.414159,25.416805
GUJRAN BALWA,GLBN,NR,Uttar Pradesh,"State Highway 57, Uttar Pradesh",77.301364624,29.4068014069
DHANSIRI,DSR,NFR,Nagaland,"Bridge, Nagaland",93.613598,25.810836
GOLA GOKARANATH,GK,NER,Uttar Pradesh,"Gola, Uttar Pradesh",80.475468,28.084651
DASUYA,DZA,NR,Punjab,"Dasuya, Punjab",75.657932,31.80853
SWARUPGANJ,SRPJ,NWR,Rajasthan,"Sirohi Road, Rajasthan",72.9319259351,24.6581702628
Hansi,HNS,NWR,Haryana,"Hissar, Haryana",75.94724099999999,29.088276999999998
Hadyal,HYL,NWR,Rajasthan,"MDR 97, Rajasthan",75.26504100000001,28.526882999999998
Goverdhan,GDO,NCR,Uttar Pradesh,"Mathura District, Uttar Pradesh",77.46164300000001,27.520546
Jadoli Ka Bas,JBS,NCR,Rajasthan,"Alwar, Rajasthan",76.880759,27.539231
Firozpur City,FZP,NR,Punjab,"Firozpur, Punjab",74.600792,30.962007
Ezhukone,EKN,SR,Kerala,"Kollam-Tirumangalam Rd, Kerala",76.715068,8.979142999999999
Garhshankar,GSR,NR,Punjab,"Garhshankar, Punjab",76.14241700000001,31.21799
Ghosipura,GOPA,NCR,Madhya Pradesh,"Gwalior, Madhya Pradesh",78.150553,26.215133
Urga,URGA,SECR,Chhattisgarh,"Korba, Chhattisgarh",82.736062,22.265791999999998
Ghovarash Ghona,GGV,ER,West Bengal,"Ghoraras Ghona, West Bengal",88.78289199999999,22.651678
Garhi Manikpur,GRMR,NR,Uttar Pradesh,"Garhi Manikpur, Uttar Pradesh",81.40315299999999,25.786329
Dantarda Kalan,DTQ,NCR,Madhya Pradesh,"State Highway 6, Madhya Pradesh",76.71403099999999,25.763299999999997
JALPUR,JLQ,?,Uttar Pradesh,"MDR 65W, Uttar Pradesh",78.870355,29.012363999999998
HARRAD,HRV,SECR,Madhya Pradesh,"Shahdol, Madhya Pradesh",81.90404000000001,23.161136
HIRA NAGAR,HRNR,NR,Jammu and Kashmir,"Hiranagar, Jammu and Kashmir",75.268733,32.487007000000006
JANKAMPET JN,JKM,SCR,Andhra Pradesh,"Nizamabad, Andhra Pradesh",78.05386,18.70264
JOYCHANDI PAHAR,JOC,SER,West Bengal,"Purulia, West Bengal",86.68033899999999,23.516393
HARINAGAR,HIR,ECR,Bihar,"Ramnagar, Bihar",84.324507,27.156647
JUCHANDRA,JCNR,CR,Maharashtra,"NH 8, Maharashtra",72.87245142,19.35986171
Jharkhandi,JKNI,NER,Uttar Pradesh,"MDR 10E, Uttar Pradesh",82.17975597290001,27.4330507545
HARIPPAD,HAD,SR,Kerala,"Haripad 0479-2412714, Kerala",76.46222900000001,9.279602
HURMUJPUR HALT,HMPR,CR,Maharashtra,"Maharashtra, Maharashtra",83.35227499999999,25.721525
JALILA ROAD,JIL,WR,Gujarat,"Botad, Gujarat",71.820315,22.23946
Intiyathok,ITE,NER,Uttar Pradesh,"MDR 10E, Uttar Pradesh",82.0254415802,27.275552861799998
JALIYA DEVANI,JALD,WR,Gujarat,"Ranuja Village Rd, Gujarat",70.399597,22.420182999999998
KADIPUR,KDQ,NER,Uttar Pradesh,"National Highway 29, Uttar Pradesh",83.09130300000001,25.44872
IRADATGANJ,IDGJ,NCR,Uttar Pradesh,"Allahabad, Uttar Pradesh",81.81928099999999,25.317889
HADMATIYA JN,HM,WR,Gujarat,"State Highway 98, Gujarat",70.47043762019999,22.4279053359
JAGANNATH TEMPLE GATE,JGE,SR,Kerala,"Mahe, Kerala",75.507837,11.737975
HATI,HATI,WCR,Madhya Pradesh,"MDR 11, Madhya Pradesh",80.843299,24.68924
HOLALKERE,HLK,SWR,Karnataka,"National Highway 13, Karnataka",76.1300544724,14.038157957300001
JARANDESHWAR,JSV,CR,Maharashtra,"SH 61, Maharashtra",74.0773198273,17.7507667858
Kallkiri,KCI,SCR,Andhra Pradesh,"Punganur Rd, Andhra Pradesh",78.801131,13.643625
KONANUR,KRNU,SWR,Karnataka,"Nanjungudu-Chamarajanagara Rd, Karnataka",76.809835,12.025333999999999
KHEKRA,KEX,NR,Uttar Pradesh,"Tronica City, Uttar Pradesh",77.288916,28.871499999999997
Siwani,SWNI,NWR,Rajasthan,"National Highway 65, Rajasthan",75.6040669287,28.9148353709
JARTI,JRT,?,Orissa,"Jarti Station, Orissa",82.66510099999999,18.890456
HANDIA KHAS,HDK,NER,Uttar Pradesh,"Handia, Uttar Pradesh",82.18941,25.357472
Jhanjharpur,JJP,?,Bihar,"Madhubani, Bihar",86.267833,26.228493
Jorkian,JRKN,NWR,Rajasthan,"Hanumangarh, Rajasthan",74.2221512,29.8325238
Krishnachandrapur,KCV,SER,Orissa,"Mayurbhanj, Orissa",86.82005,21.824613
Jalesar City,JSC,NCR,Uttar Pradesh,"Jalesar, Uttar Pradesh",78.30634,27.459871
Harua Road,HRO,ER,West Bengal,"Harua Road Railway Station, West Bengal",88.689994,22.661628
Astegaon,ASTG,,,,77.927221,21.296402
Iklehra,IKR,CR,Madhya Pradesh,"Dongar Parasia, Madhya Pradesh",78.711385,22.207929
Jitakheri,JKZ,?,Haryana,"Bhiwani, Haryana",75.9873709528,29.0117786412
Habanghata,HHT,SWR,Karnataka,"Habanghata, Karnataka",76.2495220447,13.226848573
KADLIMATTI,KLM,SWR,Karnataka,"State Highway 20, Karnataka",75.796092,16.236489
KARCHHA,KDHA,WR,Madhya Pradesh,"State Highway 18, Madhya Pradesh",75.9098425183,23.1048189579
KHUNDAUR,KDF,NR,Uttar Pradesh,"Ramapur Railway Station, Uttar Pradesh",82.01505399999999,26.020077
KUNTIGHAT,KJU,ER,West Bengal,"Kuntighat Railway Station, West Bengal",88.413149,23.016799000000002
KOTHA PAKKI,KTPK,NR,Rajasthan,"National Highway 15, Rajasthan",73.966186,30.143767
KILANWALI PUNJAB,KLWL,NR,Punjab,"National Highway 15, Punjab",74.11242,30.137221
KHARESHWAR ROAD,KHRS,WR,Gujarat,"State Highway 7, Gujarat",71.9804719385,23.0627851439
Kalgupur,KCP,SCR,Karnataka,"Hulsoor, Karnataka",77.19175,18.163878
KAJGAON TERHWAN,KJTW,NR,Uttar Pradesh,"Kajgaon, Uttar Pradesh",82.70545000000001,25.685669
KHALILPUR,KIP,NR,Haryana,"State Highway 26, Haryana",76.67836199999999,28.274856
KHURHAND,KHU,NCR,Uttar Pradesh,"Atarra, Uttar Pradesh",80.49498,25.352584
KHAJRI,KAW,WCR,Madhya Pradesh,"Shivpuri, Madhya Pradesh",77.617075,25.563233999999998
KIRLOSKARVADI,KOV,CR,Maharashtra,"Sangli, Maharashtra",74.41635799999999,17.084152
Kendujhargarh,KDJR,ECoR,Orissa,"Kendujhar, Orissa",85.62690500000001,21.66029
Tikra Ph,TKRA,?,West Bengal,"State Highway 4, West Bengal",87.531081,21.664080000000002
Khatima,KHMA,NER,Uttarakhand,"Khatima, Uttarakhand",79.969431,28.915440999999998
KHARWA,KRW,NWR,Rajasthan,"Ajmer, Rajasthan",74.42653,26.204383999999997
KARIMUDDIN PUR,KMDR,NER,Uttar Pradesh,"Karimdinpur, Uttar Pradesh",83.860581,25.700369000000002
KARAD,KRD,CR,Maharashtra,"Satara, Maharashtra",74.215686,17.310011
KAMATHE,KMAH,KR,Maharashtra,"Maharashtra, Maharashtra",73.515552,17.477292
KALDHARI,KLDI,SCR,Andhra Pradesh,"Kaldhari Main Rd, Andhra Pradesh",81.678046,16.837853
KAMLAPUR,KMP,NER,Uttar Pradesh,"Kamalpur, Uttar Pradesh",80.822278,27.378437
KADALUNDI,KN,SR,Kerala,"Kozhikode district, Kerala",75.82803299999999,11.133481
KATKA,KFK,NER,Uttar Pradesh,"Mirzapur, Uttar Pradesh",82.634249,25.250251
Kaklur,KKLU,ECoR,Chhattisgarh,"Kaklur, Chhattisgarh",81.619792,18.883305
Jamwala,JVL,WR,Gujarat,"Junagadh, Gujarat",70.772358,20.971057
Marwar Kori,KOF,NWR,Rajasthan,"Jalor, Rajasthan",72.2738395703,24.9119408017
Jetalvad,JTV,WR,Gujarat,"Junagadh, Gujarat",70.82471799999999,21.35276
Kaulseri,KLSX,NR,Punjab,"Sherpur Sodhian, Punjab",75.941435,30.369503
Krishnanagar City Junction,KNJ,ER,West Bengal,"Krishnanagar, West Bengal",88.493636,23.388714
KYATANEAKERI RD,KTK,SWR,Karnataka,"Bijapur, Karnataka",75.821206,17.05336
LOHIAN KHAS JN,LNK,NR,Punjab,"Malsian Rd, Punjab",75.196445,31.165462
LUSADIYA,LSD,NWR,Gujarat,"Lusadiya, Gujarat",73.421111,23.685409999999997
SHUDNIPUR,SPPR,NR,Uttar Pradesh,"State Highway 5, Uttar Pradesh",82.64049800000001,25.626255
LANGTING,LGT,NFR,Assam,"Langting, Assam",93.110265,25.49759
KARUR,KRR,SR,Tamil Nadu,"Karur, Tamil Nadu",78.085087,10.965642
KUMBHAWAS MUNDA,KWMD,NR,Haryana,"Kumbhawas, Haryana",76.660871,28.255391
KULIKARAI,KU,SR,Tamil Nadu,"Thiruvarur - Mannargudi Rd, Tamil Nadu",79.579324,10.766395
Kartauli,KRTL,NER,Uttar Pradesh,"State Highway 33, Uttar Pradesh",79.42761829999999,28.3110435
Kund,KUND,NWR,Haryana,"State Highway 26, Haryana",76.39848079709999,28.145183762800002
MIRCHADHORI,MCQ,ECR,Madhya Pradesh,"National Highway 75, Madhya Pradesh",82.793413,24.291847
Bahalda Road,BDO,SER,Orissa,"Mayurbhanj, Orissa",,
KHUSHAL NAGAR,KSNR,NER,Uttar Pradesh,"Ghughli Bazar, Uttar Pradesh",83.6983925134,26.9877753343
KALYANKOT,KYNT,NWR,Rajasthan,"Kalyankot, Rajasthan",73.637024,29.298804999999998
LUNSERIYA,LXR,WR,Gujarat,"State Highway 113, Gujarat",71.036258,22.585491
LALAPET,LP,SR,Tamil Nadu,"NH 67, Tamil Nadu",78.339233,10.95132
KANDHLA,KQL,NR,Uttar Pradesh,"MDR 22W, Uttar Pradesh",77.293239,29.324701
KHANDRAWALI,KZI,NR,Uttar Pradesh,"State Highway 57, Uttar Pradesh",77.2938848779,29.382584655000002
KAMARBANDHA ALI,KXL,NFR,Assam,"K B Rd, Assam",94.056352,26.529561
LALGARH JN,LGH,NWR,Rajasthan,"Bikaner, Rajasthan",73.313909,28.043638
LAHING,LH,NFR,Assam,"Mudoijan, Assam",94.4371491022,26.7412013647
KARAKKAD,KRKD,SR,Kerala,"Kondayur Rd, Kerala",76.227856,10.782804
LAKHIMPUR,LMP,NER,Uttar Pradesh,"Lakhimpur, Uttar Pradesh",80.777625,27.947414
Murshidabad,MBB,ER,West Bengal,"Berhampore, West Bengal",88.281598,24.176963999999998
Khirsadoh Junction,KUX,CR,Madhya Pradesh,"Chhindwara, Madhya Pradesh",78.798394,22.140449999999998
Kawargaon,KWGN,ECoR,Chhattisgarh,"Kawargaon, Chhattisgarh",81.53352199999999,18.896086
Laiburwa Halt,LBW,NER,Uttar Pradesh,"Laiburwa, Uttar Pradesh",82.4683445782,27.5260420401
Mandalgarh,MLGH,WCR,Rajasthan,"Mandalgarh, Rajasthan",75.08094,25.194176
Ladnun,LAU,NWR,Rajasthan,"Ladnun, Rajasthan",74.4056,27.64255
Maluka,MLKA,SER,Jharkhand,"Jaipur, Jharkhand",85.672936,22.202912
MALARNA,MLZ,WCR,Rajasthan,"Sawai Madhopur, Rajasthan",76.534634,26.231078
Madanpur,MPJ,ER,West Bengal,"Madanpur, West Bengal",88.489717,23.005927999999997
Mangalampeta,MPT,SCR,Andhra Pradesh,"Naravari Palle Rd, Andhra Pradesh",79.074022,13.568344
MACHARYA,MCV,NR,Uttar Pradesh,"Kundarkhi, Uttar Pradesh",78.80370199999999,28.772575
Modasa,MDSA,WR,Gujarat,"way to railwaystation, Gujarat",73.304944,23.451923
Muftiganj,MFJ,NER,Uttar Pradesh,"Jaunpur, Uttar Pradesh",82.827774,25.700913
Molakalmuru,MOMU,SWR,Karnataka,"State Highway 19, Karnataka",76.74572699999999,14.709669
MALOUT,MOT,NR,Punjab,"Malaut, Punjab",74.49550799999999,30.184671
MAMBALAPPATTU JN,MMP,SR,Tamil Nadu,"Mambalapattu, Tamil Nadu",79.37390499,11.95223333
MADARAHA,MFX,NCR,Uttar Pradesh,"National Highway 76, Uttar Pradesh",81.764284,25.273637
MAJHIARI,MJHR,NCR,Uttar Pradesh,"National Highway 76, Uttar Pradesh",81.5188330261,25.1789843066
MAJHAGAWAN,MJG,WCR,Madhya Pradesh,"Majhgawa, Madhya Pradesh",80.811656,24.913389000000002
MOTA JADRA,MQZ,WR,Gujarat,"Mota Jadra Rd, Gujarat",71.704462,21.082538000000003
MANIKALAN HALT,MNKN,NR,Uttar Pradesh,"Nawab Yousuf Rd, Uttar Pradesh",82.691157,25.917549
MOHIUDDINNAGAR,MOG,ECR,Bihar,"Samastipur, Bihar",85.70332322690001,25.606296391399997
MUGAT,MGC,SCR,Maharashtra,"Nanded, Maharashtra",77.427262,19.17485
MORBI,MVI,WR,Gujarat,"Morbi, Gujarat",70.829277,22.825342
MANOHARABAD,MOB,SCR,Andhra Pradesh,"Medak, Andhra Pradesh",78.45439599999999,17.75573
Mallanwan,MLW,NR,Uttar Pradesh,"Mallawan, Uttar Pradesh",80.1583349207,27.0362379616
Madhyampur,MPN,ER,West Bengal,"Madhyampur Railway Station, West Bengal",88.896007,22.619981
MUDDALINGAHALLI,MDLL,SWR,Karnataka,"NH 207, Karnataka",77.3047403595,13.2391442032
MANGALORE CNTL,MAQ,SR,Karnataka,"Mangalore, Karnataka",74.844068,12.862325
MOHIBULLAPUR,MBP,NER,Uttar Pradesh,"Aliganj, Uttar Pradesh",80.938923,26.909235
MANWA,MANW,NER,Uttar Pradesh,"Manwa, Uttar Pradesh",80.849604,27.218852
MANGOLPURI,MGLP,NR,Delhi NCT,"Outter Ring Rd, Delhi NCT",77.0905744531,28.6832457826
MALANPUR,MLAR,NCR,Madhya Pradesh,"National Highway 3, Madhya Pradesh",78.27281099999999,26.413117999999997
Mohari Junction,MHF,NCR,Rajasthan,"State Highway 43, Rajasthan",77.55378492,26.70055271
VANCHIMANIYACHI,MEJ,SR,Tamil Nadu,"Thoothukudi, Tamil Nadu",77.890651,8.882102999999999
Raimehatpur,MTPR,NR,Himachal Pradesh,"Mehatpur, Himachal Pradesh",76.32431100000001,31.405746999999998
MANAKSAR,MNSR,NWR,Rajasthan,"Hanumangarh, Rajasthan",74.383621,29.680074
MIRZA,MRZA,NFR,Assam,"National Highway 37, Assam",91.51740114900001,26.0727512878
MARWAR JN,MJ,NWR,Rajasthan,"Marwar Junction, Rajasthan",73.609301,25.720478999999997
Mordar,MRDD,SCR,Madhya Pradesh,"Khandwa, Madhya Pradesh",76.44924400000001,21.74264
Mordad Tanda,MWK,CR,Maharashtra,"State Highway 22, Maharashtra",74.904782,20.688190000000002
Mahendragarh,MHRG,NWR,Haryana,"Mahendragarh, Haryana",76.14863000000001,28.281433000000003
MANDUADIH,MUV,NER,Uttar Pradesh,"Varanasi, Uttar Pradesh",82.972079,25.300001
Mukhtiar Balwar,MKT,WR,Madhya Pradesh,"SH 27, Madhya Pradesh",75.973751,22.398362
Melakkonnakkulam,MEKM,SR,Tamil Nadu,"National Highway 226, Tamil Nadu",78.46655700000001,9.724592999999999
Majhola Pakarya,MJZ,NER,Uttarakhand,"State Hiughway 29, Uttarakhand",79.899341,28.831681000000003
Mahngarwal Doaba,MGWD,NR,Punjab,"Mahngarwal Doaba, Punjab",76.088969,31.325405
Marikuppam,MKM,SWR,Karnataka,"Kolar Gold Fields, Karnataka",78.263789,12.918968
Mallividu,MVW,ECoR,Andhra Pradesh,"Coastal Andhra Region, Andhra Pradesh",83.17285799999999,17.971931
MANDERDISA,MYD,NFR,Assam,"Diakkawn Rd, Assam",93.123109,25.707319
NEKONDA,NKD,SCR,Andhra Pradesh,"Nekkonda, Andhra Pradesh",79.80459300000001,17.794877999999997
Nurnagar,NRNR,NR,Uttar Pradesh,"Meerut, Uttar Pradesh",77.71298900000001,28.915414000000002
PANTNAGAR,PBW,NER,Uttarakhand,"Pantnagar, Uttarakhand",79.51778,29.017708
NANDPUR BHATAULI,NDBT,NR,Himachal Pradesh,"Nandpur Bhatauli, Himachal Pradesh",76.115499,32.013177
NARAINA VIHAR,NRVR,NR,Delhi NCT,"Inderpuri, Delhi NCT",77.1415966599,28.6376790996
MAHUR,MXR,NFR,Assam,"North Cachar Hills, Assam",93.126299,25.187996
MANZURGARHI,MZGI,NCR,Uttar Pradesh,"Aligarh, Uttar Pradesh",78.10663,27.964290000000002
SIURI,SURI,ER,West Bengal,"Siuri, West Bengal",87.5327,23.890185
MATHELA,MTA,WCR,Madhya Pradesh,"East Nimar, Madhya Pradesh",76.38997105099999,21.8802561555
NAMLI,NLI,WR,Madhya Pradesh,"Namli, Madhya Pradesh",75.067161,23.455521
NIMBAHERA,NBH,WR,Rajasthan,"Nimbahera, Rajasthan",74.694312,24.623252
NONERA,NNE,NCR,Madhya Pradesh,"National Highway 92, Madhya Pradesh",78.333363,26.437569
NAGERCOIL JN,NCJ,SR,Tamil Nadu,"Nagercoil, Tamil Nadu",77.44347,8.17385
NIMBHORA,NB,CR,Maharashtra,"Jalgaon, Maharashtra",75.975186,21.160781
NIVARI,NEW,NCR,Uttar Pradesh,"Jhansi, Uttar Pradesh",78.82007,25.328061
RAMESHWAR NAGAR,RSWN,,,,84.520106,26.980403000000003
NAGAVANGALA,NVF,SWR,Karnataka,"Melanahalli Rd, Karnataka",75.98716300000001,13.661093
MEZENGA S,MZA,NFR,Assam,"Nazira Ali, Assam",94.679344,26.884475000000002
Nawalgarh,NWH,NWR,Rajasthan,"Jhunjhunu, Rajasthan",75.24608317762613,27.844017432134876
NAHARKATIYA,NHK,NFR,Assam,"Naharkatiya, Assam",95.32977500000001,27.289403
Nadwan,NDW,ECR,Bihar,"National Highway 83, Bihar",85.0656737195,25.3966869286
Manuguru,MUGR,SCR,Andhra Pradesh,"Telangana Region, Andhra Pradesh",80.799034,17.925272
NANDANI LAGUNIA,NNNL,ECR,Bihar,"Mahnar Bhartendunagar Rd, Bihar",85.6313754486,25.6254080511
MUTTARASANALLUR,MTNL,SR,Tamil Nadu,"Nagappattinam - Gundlupet Road(Vandikara Street), Tamil Nadu",78.648401,10.865860000000001
NARAINA,NRI,NWR,Rajasthan,"Ajmer, Rajasthan",75.193029,26.796463999999997
NIDI,NIDI,CR,Maharashtra,"Roha, Maharashtra",73.106567,18.472247
NIGATPUR,NTU,NER,Uttar Pradesh,"Mirzapur, Uttar Pradesh",82.758511,25.251216000000003
NIVASAR,NIV,KR,Maharashtra,"Ratnagiri, Maharashtra",73.454552,16.946588000000002
PADUBIDRI,PDD,KR,Karnataka,"Muloor, Karnataka",74.76816500000001,13.197027
NARASAMBUDHI,NBU,SWR,Karnataka,"Nanjangud Taluk, Karnataka",76.70180500000001,12.104692
NAGARGALI,NAG,SWR,Karnataka,"State Highway 34, Karnataka",74.6213530695,15.424554374700001
Nauganwan,NGW,WR,Madhya Pradesh,"Ratlam, Madhya Pradesh",75.1892654,23.414388
Naugarh,NUH,NER,Uttar Pradesh,"Naugarh, Uttar Pradesh",83.08829899999999,27.275029999999997
Padapahar Junction,PDPH,SER,Jharkhand,"National Highway 215, Jharkhand",85.545961,22.156554999999997
Nizampur,NIP,NWR,Rajasthan,"Nizampur, Rajasthan",76.0107869,27.9667684942
PAPATAPALLI,PPY,SCR,Andhra Pradesh,"GUDURU PADU, Andhra Pradesh",80.175744,17.373688
PANCH RUKHI,PHRH,NR,Himachal Pradesh,"National Highway 20, Himachal Pradesh",76.564492,32.056252
RAMPURA PHUL,PUL,NR,Punjab,"Rampura Phul, Punjab",75.23737999999999,30.269357000000003
ROBERTS GANJ,RBGJ,NCR,Uttar Pradesh,"Robertsganj, Uttar Pradesh",83.077822,24.683136
PEOKOL,POKL,NER,Uttar Pradesh,"Deoria, Uttar Pradesh",83.930204,26.340803
RIKHABDEV ROAD,RDD,NWR,Rajasthan,"Kalyanpur, Rajasthan",73.74805500000001,23.997173
PIPRAICH,PPC,NER,Uttar Pradesh,"Gorakhpur Bypass, Uttar Pradesh",83.535848,26.828307
ROTEGAON,RGO,SCR,Maharashtra,"Aurangabad, Maharashtra",74.75787,19.956132
RAM NAGAR J K,RMJK,NR,Jammu and Kashmir,"Jandrah, Jammu and Kashmir",75.14542599999999,32.863528
POLUR,PRL,SR,Tamil Nadu,"Polur, Tamil Nadu",79.13055800000001,12.511327000000001
PIMPALKHUTI,PMKT,CR,Maharashtra,"Pimpalkhuti, Maharashtra",78.581025,19.829473
PANRUTI,PRT,SR,Tamil Nadu,"Panruti, Tamil Nadu",79.555153,11.773239
PARDI,PAD,WR,Gujarat,"Valsad, Gujarat",72.92431099999999,20.513153
PHAPHAMAU JN,PFM,NR,Uttar Pradesh,"Phaphamau, Uttar Pradesh",81.866406,25.524255999999998
PANDARAVADAI,PDV,SR,Tamil Nadu,"Rajagiri, Tamil Nadu",79.242126,10.913696
PANHAI,PNHI,NCR,Uttar Pradesh,"Manikpur, Uttar Pradesh",81.189495,25.081679
NOAPARA MAHISHA,NWMS,ER,West Bengal,"Sagardighi Railway Station, West Bengal",88.13727399999999,24.323279
PANBARI,PNB,NFR,Assam,"Chandrapur, Assam",91.951417,26.226727
OODLABARI,ODB,NFR,West Bengal,"Udlabari, West Bengal",88.624639,26.866793
PALANPUR JN,PNU,WR,Gujarat,"Palanpur, Gujarat",72.430172,24.174433
Palasingi,PLSG,ECoR,Andhra Pradesh,"Palasingi, Andhra Pradesh",83.805056,19.014074
Parasia,PUX,CR,Madhya Pradesh,"Dongar Parasia, Madhya Pradesh",78.76432,22.193186
Pattikkad,PKQ,SR,Kerala,"Pattikad, Kerala",76.23179499999999,11.020627
Peddasana,PDSN,ECoR,Andhra Pradesh,"National Highway 5, Andhra Pradesh",84.18448500000001,18.593147
Petlad Junction,PTD,WR,Gujarat,"Petlad, Gujarat",72.9294731,22.5452909
Palachauri,PCLI,CR,Madhya Pradesh,"Dongar Parasia, Madhya Pradesh",78.659087,22.201012
Palia,PLA,WR,Madhya Pradesh,"Indore, Madhya Pradesh",75.79984999999999,22.829589000000002
Mana,SB04,?,Chhattisgarh,"Mana, Chhattisgarh",81.689931,21.21457
ROSHANPUR,RHN,NER,Uttar Pradesh,"Tanda, Uttar Pradesh",78.887727,29.046556
RANTHAMBHORE,RNT,WCR,Rajasthan,"MDR 111, Rajasthan",76.41000100000001,26.093062999999997
SAGMA,SAGM,WCR,Madhya Pradesh,"Satna, Madhya Pradesh",80.828347,24.622107
Rukni,RUI,SER,West Bengal,"Purulia, West Bengal",86.548025,23.551806
RAVER,RV,CR,Maharashtra,"Jalgaon, Maharashtra",76.044594,21.222201
SIMRI BHAKHTIYARPUR,SBV,ECR,Bihar,"Simri Bakhtiarpur, Bihar",86.5973840167,25.7208597875
RAJEVADI,RJW,CR,Maharashtra,"Malshiras Rd, Maharashtra",74.1551290765,18.384143186099998
KANNAMANGALAM,KMM,,,,79.1611348285,12.753547405299999
Sandhanidhar,SDHR,WR,Gujarat,"Junagadh, Gujarat",70.713698,20.942193
SAHIJPUR,SAHP,WR,Gujarat,"National Highway 8, Gujarat",72.631634,23.061366
Ramnagar Bengal,RMRB,?,West Bengal,"Egra Ramnagar Rd, West Bengal",87.55405,21.677450999999998
SANGAT,SGF,NWR,Punjab,"National Highway 64, Punjab",74.83253,30.088059
SANICHARA,SAC,NCR,Madhya Pradesh,"National Highway 3, Madhya Pradesh",78.198369,26.363371
RORA,RORA,NCR,Uttar Pradesh,"Jhansi, Uttar Pradesh",79.236769,25.293896
SAPE WAMNE,SAPE,KR,Maharashtra,"SH 70, Maharashtra",73.356471,18.085549
RAJIYASAR,RJS,NWR,Rajasthan,"Biradhwal, Rajasthan",73.8421637408,29.0674933054
SETTIHALLY,SET,SWR,Karnataka,"Bangalore-Mysore Rd, Karnataka",77.1419178821,12.6442282946
RAMNA,RMF,ECR,Jharkhand,"Dist. Garhwa, Jharkhand",83.605713,24.239748
Srungavruksham,SGKM,SCR,Andhra Pradesh,"Srungavruksham, Andhra Pradesh",81.601906,16.543756
Rajgoda,RGA,SER,West Bengal,"Rajgoda /RGA Railway Station, West Bengal",87.866472,22.324313
RAJA BHAT KHAWA,RVK,NFR,West Bengal,"Rajabhat Khawa, West Bengal",89.528605351,26.6201438112
RAJA TALAB,RTB,NER,Uttar Pradesh,"Mirzapur, Uttar Pradesh",82.8507290414,25.2639068026
PALLIYADI,PYD,SR,Tamil Nadu,"Kanyakumari, Tamil Nadu",77.259683,8.26515
Sasan Gir,SASG,WR,Gujarat,"SH 111, Gujarat",70.602443,21.168995000000002
Sargachhi,SGV,ER,West Bengal,"Sargachhi, West Bengal",88.244037,24.01772
Rajmahal,RJL,ER,Jharkhand,"State Highway 10, Jharkhand",87.831451,25.052535
Risia,RS,NER,Uttar Pradesh,"Risia Railway Station, Uttar Pradesh",81.605514,27.688822
Rentachintala,RCA,SCR,Andhra Pradesh,"Guntur, Andhra Pradesh",79.549492,16.545258999999998
Ramkot,RAK,NR,Uttar Pradesh,"Ramkot, Uttar Pradesh",80.59740799999999,27.534312
Palpara,PXR,ER,West Bengal,"National Highway 34, West Bengal",88.520722,23.059458
Sri Dungargarh,SDGH,NWR,Rajasthan,"Churu, Rajasthan",74.008011,28.070311
Senchoa Junction,SCE,NFR,Assam,"Senchoa, Assam",92.6424819141,26.3116130653
Sabalgarh,SBL,NCR,Madhya Pradesh,"Sabalgarh, Madhya Pradesh",77.4087421698,26.2512745542
SAHIBPUR KAMAL JN,SKJ,ECR,Bihar,"National Highway 31, Bihar",86.4001292639,25.4270372397
Sarna,SRM,NR,Punjab,"National Highway 15, Punjab",75.57852799999999,32.252678
Shri Karanpur,SRW,NWR,Rajasthan,"State Highway 7B, Rajasthan",73.458716,29.844419000000002
SARKARA,SKX,NER,Uttarakhand,"National Highway 74, Uttarakhand",79.083308,29.166922000000003
SHAMBHUPURA,SMP,WR,Rajasthan,"Shambhupura, Rajasthan",74.641918,24.771439
SUDIYUR,SUX,SR,Tamil Nadu,"Madurai-Rameshwaram Rd, Tamil Nadu",78.48234500000001,9.602939000000001
SANSARPUR,SNRR,WCR,Madhya Pradesh,"National Highway 7, Madhya Pradesh",80.3473074512,23.6789703455
SARWARI,SVD,SCR,Maharashtra,"Ranjani, Maharashtra",75.93969899999999,19.764637
SUR KHAND KA KHEDA,SZK,NWR,Rajasthan,"Kejed, Rajasthan",73.879823,24.118095
Satraon,STZ,NER,Uttar Pradesh,"Deoria, Uttar Pradesh",83.82137900000001,26.283587
SUJNIPARA,SPLE,ER,West Bengal,"National Highway 34, West Bengal",88.03679699999999,24.571584
Chowk,CHOK,,,,73.239613,18.902861
SATUR,SRT,SR,Tamil Nadu,"Sattur, Tamil Nadu",77.92156999999999,9.357545
Alehpur Halt,APRH,,,,84.78898557980001,26.2094647257
SOMRA BAZAR,SOAE,ER,West Bengal,"State Highway 6, West Bengal",88.433032,23.13916
SURAJPUR ROAD,SJQ,SECR,Chhattisgarh,"Surajpur, Chhattisgarh",82.880146,23.289233
SABLI ROAD,SR,WR,Gujarat,"State Highway 17, Gujarat",71.9526427954,23.0348065663
Solan,SOL,NR,Himachal Pradesh,"Solan, Himachal Pradesh",77.097531,30.907937
SANGAR,SGRR,NR,Jammu and Kashmir,"Jammu Cantt, Jammu and Kashmir",75.044078,32.80617
SAMAR GOPALPUR,SMF,NR,Haryana,"NH 71, Haryana",76.51864460750001,28.9608890803
SITAPUR,STP,NER,Uttar Pradesh,"Sitapur, Uttar Pradesh",80.697762,27.558728
Satadhar,STDR,WR,Gujarat,"Junagadh, Gujarat",70.721182,21.283915999999998
SAJANVAR ROAD,SJF,WR,Gujarat,"MDR, Gujarat",71.60840800000001,21.07527
SHAPUR JN,SHH,WR,Gujarat,"Vanthali-Shapur(Sorath) Rd, Gujarat",70.37105700000001,21.478281
Simurali,SMX,ER,West Bengal,"Chakdaha, West Bengal",88.51016399999999,23.041337
Srinagar Rajasthan,SNAR,WCR,Rajasthan,"Rd, Rajasthan",75.5690913623,25.3640471585
SOMTANE,SMNE,CR,Maharashtra,"Kolkhe Village, Maharashtra",73.145524,18.952233
SURENDRANAGAR GATE,SRGT,WR,Gujarat,"Surendranagar, Gujarat",71.636053,22.734565
SAWANTWADI ROAD,SWV,KR,Maharashtra,"SH123, Maharashtra",73.785308,15.866512
SHRI AMIRGADH,SIM,NWR,Rajasthan,"Amirgadh, Rajasthan",72.643675,24.405948
SALHANA,SLHA,WCR,Madhya Pradesh,"State Highway 10, Madhya Pradesh",80.65672125239999,23.820462097900002
Sirmuttra,SRMT,NCR,Rajasthan,"Sir Mathura, Rajasthan",77.375168,26.518904
Somalapuram,SLM,SWR,Andhra Pradesh,"Anantapur Rd, Andhra Pradesh",76.86885600000001,14.914015000000001
Sindri Marshalling Yard,SNMY,ECR,Jharkhand,"Pathardih, Jharkhand",86.46617599999999,23.667035000000002
Sirsala,SRSL,NWR,Rajasthan,"National Highway 65, Rajasthan",75.1294882373,28.4266753002
Sugapahari,SGPA,ER,Jharkhand,"Madhupur, Jharkhand",86.57804878910001,24.2790237518
Sanvrad,SVO,NWR,Rajasthan,"Didwana, Rajasthan",74.518574,27.521887
Sanjhauli Halt,SJV,ECR,Bihar,"State Highway 12, Bihar",84.191033988,25.1438922456
Sherganj,SNZ,NER,Uttar Pradesh,"Sherganj, Uttar Pradesh",79.804862,28.380488999999997
Shimoga Town,SMET,SWR,Karnataka,"Shimoga, Karnataka",75.583174,13.943036999999999
Satsang Nagar Halt,SSNR,ER,Jharkhand,"Deoghar, Jharkhand",86.68168063,24.49030743
Sikosa,SKSO,SECR,Chhattisgarh,"Sikosa, Chhattisgarh",81.285568,20.868216
TILRATH,TIL,ECR,Bihar,"NH 31, Bihar",86.06853100000001,25.441178999999998
UMRAM,UMM,SCR,Andhra Pradesh,"Sitagondi, Andhra Pradesh",78.4373421246,19.661586179100002
TIRUVIDAIMARUTHUR,TDR,SR,Tamil Nadu,"Thiruvidaimaruthur, Tamil Nadu",79.453706,10.990634
Thakurtola,TKH,SER,Orissa,"Mayurbhanj, Orissa",86.97071700000001,21.651992
TRIPAL HALT,TRPL,NR,Himachal Pradesh,"Tripal, Himachal Pradesh",76.204696,32.00601
TALARA,TLRA,NR,Himachal Pradesh,"Raja-ka-Talab, Himachal Pradesh",75.903937,32.239023
TALMADLA,TMD,SCR,Andhra Pradesh,"Telangana Region, Andhra Pradesh",78.356638,18.239215
BHAKRAULI,BHKL,NR,Uttar Pradesh,"State Highway 39, Uttar Pradesh",78.474665,28.308471
TARAVATA,TRWT,WCR,Madhya Pradesh,"Guna, Madhya Pradesh",77.381391,24.74613
WANKANER JN,WKR,WR,Gujarat,"Wankaner, Gujarat",70.96561700000001,22.622552
SIWAITH,SWE,NR,Uttar Pradesh,"Prayag, Uttar Pradesh",81.86926100000001,25.577037999999998
THEKERAGURI,TGE,NFR,Assam,"Ahotguri, Assam",92.40385900000001,26.199171
Tata Sijua Halt,TSAH,SER,Jharkhand,"Sijua, Jharkhand",86.3316696973,23.7745106829
TUGGALI,TGL,SCR,Andhra Pradesh,"Kurnool, Andhra Pradesh",77.53014599999999,15.310975000000001
HUBLI JN,UBL,SWR,Karnataka,"Hubli, Karnataka",75.148104,15.350302000000001
TAGDI,TID,WR,Gujarat,"Tagadi, Gujarat",71.948621,22.296445000000002
ARALAGUPPE,ARGP,SWR,Karnataka,"State Highway 74, Karnataka",76.615439,13.253131999999999
UCHANA,UCA,NR,Haryana,"District Jind, Haryana",76.178544,29.466064000000003
Tarakeswar,TAK,ER,West Bengal,"Tarkeshwar, West Bengal",88.013437,22.882582
AMBLIYASAN,UMN,WR,Gujarat,"Mehsana, Gujarat",72.423181,23.447386
Shahjahanpur,SZP,NER,Uttar Pradesh,"Shahjahanpur, Uttar Pradesh",79.904536,27.893402000000002
Thathankulam,TTQ,SR,Tamil Nadu,"Thoothukudi, Tamil Nadu",77.875152,8.627298
Tajgadh,TJH,WR,Gujarat,"Vadodara, Gujarat",73.90478800000001,22.350958
UKSHI,UKC,KR,Maharashtra,"Maharashtra, Maharashtra",73.4559422882,17.1297597205
UPPALA,UAA,SR,Kerala,"Kasaragod, Kerala",74.906488,12.6698
TRIKARPUR,TKQ,SR,Kerala,"Kannur District, Kerala",75.176143,12.142185
VALAPATTANAM,VAPM,SR,Kerala,"Kannur District, Kerala",75.346365,11.927728
Tung,TUNG,NFR,West Bengal,"NH 55, West Bengal",88.294811,26.921803
TIKKOTTI,TKT,SR,Kerala,"Thikkodi, Kerala",75.626246,11.490426
Ugwe,UGWE,SCR,Maharashtra,"State Highway 204, Maharashtra",77.009265,20.806248999999998
Tirodi,TRDI,SECR,Madhya Pradesh,"Balaghat, Madhya Pradesh",79.724564,21.688066
Takia,TQA,NR,Uttar Pradesh,"State Highway 38, Uttar Pradesh",80.782017,26.311678999999998
Tanakpur,TPU,NER,Uttarakhand,"Tanakpur, Uttarakhand",80.10904500000001,29.067103
Devanhalli,DHL,SWR,Karnataka,"Near Bellary Road Bangalore Rural Dt., Karnataka",77.70463099999999,13.246834
Talala Junction,TAV,WR,Gujarat,"Junagadh, Gujarat",70.522164,21.04184
Tantpur,TPO,NCR,Rajasthan,"Tantpur, Rajasthan",77.47803025,26.83193514
Thallak,THKU,SWR,Karnataka,"Bellary-Hiriyur Rd, Karnataka",76.675366,14.450854
VAGDIYA,VD,WR,Gujarat,"State Highway 113, Gujarat",71.2916898169,22.6141762638
Yerra Goppa Halt,YGA,SWR,Karnataka,"Yerra Goppa, Karnataka",75.64807800000001,15.905354
ASIRGARH ROAD,AGQ,CR,Madhya Pradesh,"State Highway 27, Madhya Pradesh",76.268065,21.378418
ATARIA,AA,NER,Uttar Pradesh,"Sitapur National Highway 24, Uttar Pradesh",80.861033,27.172456999999998
WASUD,WSD,CR,Maharashtra,"solapur, Maharashtra",75.14765299999999,17.377406
AULENDA,AED,NCR,Uttar Pradesh,"Kiraoli, Uttar Pradesh",77.612583,27.029152
AMHERA,ARH,NR,Uttar Pradesh,"Amhera, Uttar Pradesh",78.28580221,29.26223824
SIWAHA,SWDE,NR,Haryana,"Jind, Haryana",76.456292,29.340294
BECHHIWARA,BHWA,NWR,Rajasthan,"Bichhiwara, Rajasthan",73.535256,23.787792
VIRAVADA,VRV,NWR,Gujarat,"National Highway 8, Gujarat",73.07902999999999,23.612331
YALVIGI,YLG,SWR,Karnataka,"Yalvigi, Karnataka",75.4094012659,15.0342535867
ADIHALLI,ADHL,SWR,Karnataka,"National Highway 206, Karnataka",76.3472840454,13.2834201678
WARIGAON NEWADA,WRGN,NR,Uttar Pradesh,"Warigaon, Uttar Pradesh",82.56831600000001,25.586146
APTA,APTA,CR,Maharashtra,"Raigad, Maharashtra",73.152629,18.863471
WADHWAN CITY,WC,WR,Gujarat,"Surendranagar, Gujarat",71.67236,22.702931
ADRA JN,ADRA,SER,West Bengal,"Purulia.Div HQ SER, West Bengal",86.67466499999999,23.495992
Akot,AKOT,SCR,Maharashtra,"Akola, Maharashtra",77.047217,21.095661
BHUJ,BHUJ,WR,Gujarat,"Bhuj, Gujarat",69.6778278,23.2660225
VALLIKUNNU,VLI,SR,Kerala,"Vallikkunnu, Kerala",75.85165099999999,11.09046
ATRAURA,ATRR,NER,Uttar Pradesh,"Handia, Uttar Pradesh",82.314016,25.316112
VELPURU,VPU,SCR,Andhra Pradesh,"Velupuru, Andhra Pradesh",81.662635,16.725963999999998
VIJAYPUR JAMMU,VJPJ,NR,Jammu and Kashmir,"Gadwal, Jammu and Kashmir",75.020996,32.57197
Zindpura,ZNP,NER,Uttar Pradesh,"State Highway 29, Uttar Pradesh",79.849699,28.191347
BHAROLI JUNCTION,BHRL,NR,Punjab,"Bharoli, Punjab",75.61637323000001,32.27104809
Puniyavant,PQT,WR,Gujarat,"Vadodara, Gujarat",73.95733100000001,22.332118
Valavanur,VRA,SR,Tamil Nadu,"Vallavanur, Tamil Nadu",79.573803,11.917402000000001
Bikramganj,XBKJ,ECR,Bihar,"Bikramganj, Bihar",84.27373100000001,25.218913999999998
Bhetaguri,VTG,NFR,West Bengal,"Bhetaguri, West Bengal",89.6653098,26.3029681
Atwa Kursath,ATKS,NR,Uttar Pradesh,"Atwa Kursath, Uttar Pradesh",80.2672099268,27.134570267199997
Wanderjatana,WDJ,NR,Punjab,"State Highway 16, Punjab",74.740729,30.564802
Amravati,AMI,CR,Maharashtra,"Amravati, Maharashtra",77.7577863,20.930082900000002
Bheempura,BIPR,NWR,Rajasthan,"Jalor, Rajasthan",72.39224899999999,25.129644
Atrampur,ARP,NR,Uttar Pradesh,"Atrampur Railway Station, Uttar Pradesh",81.745663,25.572021
Wellington,WEL,SR,Tamil Nadu,"Wellington, Tamil Nadu",76.786078,11.3559
Arkha,ARKA,NR,Uttar Pradesh,"Lucknow Allahabad Rd, Uttar Pradesh",81.331277,25.867316000000002
BIRAMBAD,BAMA,NCR,Rajasthan,"Dumariya, Rajasthan",77.32494000000001,26.922783000000003
ATRAULI ROAD,AUR,NR,Uttar Pradesh,"Dibai, Uttar Pradesh",78.2201080066,28.0971879576
Bhowra Junction,BCB,SER,Jharkhand,"KUSTORE, Jharkhand",86.417009,23.67077
BODHADI BUJRUG,BHBK,SCR,Maharashtra,"Kinwat, Maharashtra",78.1952487683,19.4962759853
BADHADA,BDHA,WR,Gujarat,"Badhada, Gujarat",71.33741400000001,21.2703
BHESTAN,BHET,WR,Gujarat,"Surat, Gujarat",72.8613128,21.1278829
BHANDARTIKURI,BFZ,ER,West Bengal,"State Highway 6, West Bengal",88.32981731,23.43319157
BAIHATOLA,BATL,SECR,Madhya Pradesh,"Boridand, Madhya Pradesh",82.05862,23.231203999999998
BHONGAON,BGQ,NCR,Uttar Pradesh,"Mainpuri, Uttar Pradesh",79.1657234,27.2590416
Borraguhallu,BGHU,ECoR,Andhra Pradesh,"Way to Rly Station, Andhra Pradesh",83.040289,18.275624
BELKHERA,BELD,WCR,Madhya Pradesh,"State Highway 22, Madhya Pradesh",79.299879,22.981891
BHAIRONPUR,BIF,WCR,Madhya Pradesh,"State Highway 15, Madhya Pradesh",77.420409,22.432086
BURHANPUR,BAU,CR,Madhya Pradesh,"Burhanpur, Madhya Pradesh",76.1986787,21.3343976
BIJORA,BJK,WCR,Rajasthan,"Antah, Rajasthan",76.3956989,25.145112400000002
BORDUBI ROAD,BDT,NFR,Assam,"Madhubon to Naoholia Rd, Assam",95.314595,27.399181
BHOGPUR SIRWAL,BPRS,NR,Punjab,"Bhogpur, Punjab",75.6452234,31.556593699999997
BAHILPURWA,BIP,NCR,Uttar Pradesh,"National Highway 76, Uttar Pradesh",80.998599,25.137088000000002
BAGEWADI,BGWD,SWR,Karnataka,"Gokak TQ, Karnataka",74.75360002999999,16.30777084
Bangain,BGAN,NER,Uttar Pradesh,"Bangain, Uttar Pradesh",81.90592400000001,27.238993
BIDADI,BID,SWR,Karnataka,"Bengaluru District, Karnataka",77.39029839999999,12.8004252
Barundini,BNDI,WCR,Rajasthan,"National Highway 76, Rajasthan",74.93010100000001,25.173406
Bhadrachalam Road,BDCR,SCR,Andhra Pradesh,"Kottagudem, Andhra Pradesh",80.616024,17.550365
KALISEN,KISN,,,,87.1624991003,23.1816003962
ABHAYAPURI ASSAM,AYU,NFR,Assam,"Abhayapuri, Assam",90.641696,26.356599
Bhabta,BFT,ER,West Bengal,"Bhabta, West Bengal",88.241584,23.9869677
BHULANPUR,BHLP,NER,Uttar Pradesh,"Varanasi, Uttar Pradesh",82.9575192,25.2878753
Band Hamirpur,BAHP,NR,Uttar Pradesh,"State Highway 38, Uttar Pradesh",80.744382,26.32975
Balsamand,BLSD,NWR,Rajasthan,"Didwana, Rajasthan",74.473873,27.581307
Bebejia,BEE,NFR,Assam,"National Highway 37, Assam",92.640956,26.310185
Barala,BAA,ER,West Bengal,"Murshidabad District, West Bengal",88.039851,24.300532
Badkulla,BDZ,ER,West Bengal,"State Highway 11, West Bengal",88.526557,23.3046657
Bigga,BIGA,NWR,Rajasthan,"National Highway 11, Rajasthan",74.20137015629999,28.0474529072
Beyad,BAYD,WR,Gujarat,"Sabarkantha, Gujarat",73.20732600000001,23.216364
Bhyabla Halt,BBLA,ER,West Bengal,"Basirhat, West Bengal",88.854932,22.654259999999997
Bhoyani,BHAN,WR,Gujarat,"State Highway 133, Gujarat",72.234682,23.358779
Bakra Road,BK,NWR,Rajasthan,"Jalor, Rajasthan",72.487603,25.2130523
Babaganj,BBJ,NER,Uttar Pradesh,"Babaganj, Uttar Pradesh",81.568611,27.964290000000002
Birati,BBT,ER,West Bengal,"Kolkata, West Bengal",88.42761300000001,22.66472
Alewahi,AWH,SECR,Maharashtra,"Palasgaon, Maharashtra",79.71014699999999,20.38793
Budhma,BDMA,ECR,Bihar,"National Highway 107, Bihar",86.85700899999999,25.902768
Bargolai,BGLI,NFR,Assam,"Ledo, Assam",95.703548,27.287485999999998
BARLAI,BLAX,WR,Madhya Pradesh,"Indore, Madhya Pradesh",75.962109,22.894163
BANSH BARIA,BSAE,ER,West Bengal,"Bansberia, West Bengal",88.395641,22.957288000000002
BARYAL HIMACHAL,BRHL,NR,Himachal Pradesh,"Baryal, Himachal Pradesh",76.100072,32.025465000000004
Challakere,CHKE,SWR,Karnataka,"Chitradurga, Karnataka",76.66001700000001,14.315154000000001
BORIDAND,BRND,SECR,Madhya Pradesh,"Shahdol, Madhya Pradesh",82.178765,23.267799
Chirmiri,CHRM,SECR,Chhattisgarh,"Chirimiri, Chhattisgarh",82.34955079999999,23.1894855
BHOPALKA,BPKA,WR,Gujarat,"Jamnagar, Gujarat",69.3687405,22.122780300000002
BHAIRANAYAKANAH,BNKH,SWR,Karnataka,"State Highway 74, Karnataka",77.38339300000001,13.194258
ALANDI,ALN,CR,Maharashtra,"Ramdara Rd, Maharashtra",74.09309499999999,18.451229
BRAYLA CHAURASI,BRLA,WR,Madhya Pradesh,"Badayla Chorasi Rd, Madhya Pradesh",75.0927610413,23.5556827445
Bhagwangola,BQG,ER,West Bengal,"Station Rd, West Bengal",88.309816,24.333178
Barelipur,BQM,CR,Madhya Pradesh,"Nayagaon, Madhya Pradesh",78.407732,22.051583
BANNI KOPPA,BNA,SWR,Karnataka,"National Highway 63, Karnataka",75.94180892,15.40662732
BHIKNUR,BKU,SCR,Andhra Pradesh,"Nizamabad, Andhra Pradesh",78.39915082280001,18.1644907169
BOLSA,BLSA,SCR,Maharashtra,"Dharmabad, Maharashtra",77.7029205847,19.0012905282
BIMBARI,BMBE,SCR,Maharashtra,"Bhokar, Maharashtra",77.631226,19.164065
BHOKAR,BOKR,SCR,Maharashtra,"Bhokar, Maharashtra",77.666535,19.213965
CHHABRA GUGOR,CAG,WCR,Rajasthan,"Baran, Rajasthan",76.850989,24.680339
CHAJAWA,CJW,WCR,Rajasthan,"Baren, Rajasthan",76.580569,25.008594000000002
Baikunth,BKTW,,,,81.777975,21.489690999999997
ADILABAD,ADB,SCR,Andhra Pradesh,"Adilabad, Andhra Pradesh",78.535285,19.680104
BAGPAT ROAD,BPM,NR,Uttar Pradesh,"Bagpat, Uttar Pradesh",77.272589,28.957503
Chinnaravuru,CIV,SCR,Andhra Pradesh,"Tenali, Andhra Pradesh",80.655843,16.224010999999997
CHIPLUN,CHI,KR,Maharashtra,"Chiplun, Maharashtra",73.522429,17.542507399999998
KANNUR,CAN,SR,Kerala,"Kannur, Kerala",75.3683267,11.870694199999999
Barnagar,BNG,WR,Madhya Pradesh,"Barnagar, Madhya Pradesh",75.6111208,23.0304117
Madanapalle Road,MPL,SCR,Andhra Pradesh,"Madanapalle Road Station, Andhra Pradesh",78.55442400000001,13.644442
BAGRAKOT,BRQ,NFR,West Bengal,"National Highway 31, West Bengal",88.58596154,26.87063169
BANARHAT,BNQ,NFR,West Bengal,"National Highway 31C, West Bengal",89.025682,26.797885
Bridgemanganj,BMJ,NER,Uttar Pradesh,"Bridgmanganj, Uttar Pradesh",83.197098,27.195536999999998
Bahraich,BRK,NER,Uttar Pradesh,"Bahraich, Uttar Pradesh",81.6075183,27.581536
Barmi,BRMX,NR,Uttar Pradesh,"Barmi, Uttar Pradesh",80.56082099999999,27.489413
Bhiwani,BNW,NWR,Haryana,"Bhiwani, Haryana",76.1255797,28.7984261
Banbasa,BNSA,NER,Uttarakhand,"H01, Uttarakhand",80.0732101,28.991685
Basirhat,BSHT,ER,West Bengal,"Basirhat, West Bengal",88.86896,22.650516
CHAMRUA,CHRU,NER,Uttarakhand,"Chamrua, Uttarakhand",79.13898800000001,28.796205999999998
ANANDTANDAVPUR,ANP,SR,Tamil Nadu,"Uluthakuppai, Tamil Nadu",79.6576745148,11.143966349
ANGADGERI HALT,ANGR,SWR,Karnataka,"Angadgeri, Karnataka",75.84589116000001,16.451873659999997
ARALVAYMOZHI,AAY,SR,Tamil Nadu,"Dist. Kanniyakumari, Tamil Nadu",77.5292646945,8.2494513612
Akelahanspur Halt,ALNP,NER,Uttar Pradesh,"Akelahanspur, Uttar Pradesh",80.31557099999999,28.34054
BHABHAR,BAH,WR,Gujarat,"SH 72, Gujarat",71.615774,24.065279999999998
ARAON,AON,NCR,Uttar Pradesh,"Araon, Uttar Pradesh",78.692248,27.114343
BAZARSAU,BZLE,ER,West Bengal,"Bazarsau, West Bengal",88.1828793,23.8757926
CHEPPAD HALT,CHPD,SR,Kerala,"Cheppad Railway Station Rd, Kerala",76.47674199999999,9.232679000000001
CHHIDGAON,CGO,WCR,Madhya Pradesh,"Harda, Madhya Pradesh",77.314105,22.406953
Adraj Moti,AJM,WR,Gujarat,"Adraj Moti, Gujarat",72.565608,23.258801000000002
CHIKODI ROAD,CKR,SWR,Karnataka,"Belagavi, Karnataka",74.76949432980001,16.3690477592
VASAI ROAD,BSR,WR,Maharashtra,"Thane Dist., Maharashtra",72.8322217,19.3824486
ARBAGATTA HALT,ABGT,SWR,Karnataka,"State Highway 47, Karnataka",76.13497100000001,13.907468
BISHNATHGANJ,BTJ,NR,Uttar Pradesh,"Pratapgarh, Uttar Pradesh",81.935379,25.801897
BADAUSA,BUS,NCR,Uttar Pradesh,"National Highway 76, Uttar Pradesh",80.651011,25.248423000000003
ANCHURI,ANCR,SER,West Bengal,"National Highway 60A, West Bengal",86.993174,23.283904
Bharwa Sumerpur,BSZ,NCR,Uttar Pradesh,"Hamirpur, Uttar Pradesh",80.167419,25.825412999999998
Baneswar,BSW,NFR,West Bengal,"Baneswar, West Bengal",89.494466,26.388205
PATAN,PTN,WR,Gujarat,"Patan, Gujarat",72.13167200000001,23.853292
Adgaon Buzurg,ABZ,SCR,Maharashtra,"Akola, Maharashtra",76.955924,21.123876
ADARI ROAD,ADE,WR,Gujarat,"kadukada to railway fatak, Gujarat",70.330818,20.986794999999997
Amritapura,AMC,SWR,Karnataka,"State Highway 48, Karnataka",76.24556342560001,14.1395487324
CHUDA,CDA,WR,Gujarat,"State Highway 38, Gujarat",71.7500982013,22.495211350199998
ANKUSPUR,AKS,NER,Uttar Pradesh,"National Highway 29, Uttar Pradesh",83.4940121521,25.5713190547
ANJANI,ANO,KR,Maharashtra,"Anjani, Maharashtra",73.399308,17.620604999999998
Alipur Duar Court,APDC,NFR,West Bengal,"Alipur Duar, West Bengal",89.526808,26.499254999999998
CHANDKHERA ROAD,CDK,WR,Gujarat,"Ahmedabad, Gujarat",72.563224,23.111868
CHINNADAGUDI,CGHD,SWR,Karnataka,"Nanjungudu-Chamarajanagara Rd, Karnataka",76.732445,12.084594000000001
CHARAMULA KUSUM,CJS,ECoR,Chhattisgarh,"Bhansuli Kotpad PMGSY Rd, Chhattisgarh",82.401044,19.020403
Bettadnagenhali,BTGH,SWR,Karnataka,"Amritapura, Karnataka",76.2593350818,14.1738302683
Mandi Adampur,ADR,NWR,Haryana,"Hisar, Haryana",75.468851,29.283136000000002
Bisalpur,BSUR,NER,Uttar Pradesh,"Bisalpur, Uttar Pradesh",79.812599,28.290515999999997
Annechakanahali,ANC,SWR,Karnataka,"Annechakanahali, Karnataka",76.282814,12.7379
Chinnekuntapali,CCI,SCR,Andhra Pradesh,"Chennai - Anantpur Rd, Andhra Pradesh",77.8420563,14.4427884187
Bitrol,BTRI,NER,Uttar Pradesh,"State Highway 33, Uttar Pradesh",78.92398,27.984069
Angadi,AGCI,WR,Gujarat,"National Highway 59, Gujarat",73.282558,22.806751
Amlori Sarsar,ALS,NER,Bihar,"Siwan, Bihar",84.3455775659,26.2947140024
BAHAWAL BASI,BFE,NR,Punjab,"National Highway 15, Punjab",74.279311,30.147265
ASOKHAR,AXK,NCR,Madhya Pradesh,"State Highway 19, Madhya Pradesh",78.55585400000001,26.525539
AMARSAR,AXA,WR,Gujarat,"Rajkot, Gujarat",70.91711000000001,22.585991
BENL,BENL,SWR,Karnataka,"Dam Inspection Rd, Karnataka",75.882249,16.384407
BODARWAR,BBW,NER,Uttar Pradesh,"State Highway 64, Uttar Pradesh",83.6381910315,26.8780004923
Bajakare Halt,BAJE,SWR,Karnataka,"Panja Kadaba Rd, Karnataka",75.508955,12.720476000000001
AMMUGUDA,AMQ,SCR,Andhra Pradesh,"Secunderabad, Andhra Pradesh",78.527215,17.487039
BABRALA,BBA,NR,Uttar Pradesh,"Babrala, Uttar Pradesh",78.4034137,28.2664932
ALWAL,ALW,SCR,Andhra Pradesh,"Secunderabad, Andhra Pradesh",78.515006,17.505779
ATARRA,ATE,NCR,Uttar Pradesh,"Dist. Banda(05192-224813), Uttar Pradesh",80.576491,25.291367
ALAWALPUR,AWL,NR,Punjab,"Jalandhar, Punjab",75.642236,31.425164
AYYAMPET,AZP,SR,Tamil Nadu,"Ayyampet, Tamil Nadu",79.206701,10.896267
ARSIKERE JN,ASK,SWR,Karnataka,"Arasikere, Karnataka",76.2520848,13.314425
BUDALUR,BAL,SR,Tamil Nadu,"SH 99, Tamil Nadu",78.981443,10.782843000000002
BARAN,BAZ,WCR,Rajasthan,"Baran, Rajasthan",76.50512839999999,25.0967701
ARAVALI ROAD,AVRD,KR,Maharashtra,"Kochi - Panavel Rd, Maharashtra",73.53816,17.316531
Barua Bamungaon,BBGN,NFR,Assam,"Barua Bamungaon, Assam",93.944693,26.662157
Anantnag,ANT,NR,Jammu and Kashmir,"Anantnag, Jammu and Kashmir",75.10713108815253,33.738534244499846
Badalpur Ph,BDPA,?,West Bengal,"State Highway 4, West Bengal",87.616227,21.710487
Auvaneeswaram,AVS,SR,Kerala,"Avaneeswaram Pathanapuram Rd, Kerala",76.852807,9.036513
Bodhan,BDHN,SCR,Andhra Pradesh,"Bodhan, Andhra Pradesh",77.8881657,18.645933
Baseri,BED,NCR,Uttar Pradesh,"Baseri, Uttar Pradesh",77.54301509999999,26.74699159
Badhai Balamgarh Halt,BDBG,NR,Punjab,"Badhai Balamgarh, Punjab",74.460168,30.459894
Aravankadu,AVK,SR,Tamil Nadu,"Dist. Nilgiris, Tamil Nadu",76.769203,11.359124
Atwa Muthia Halt,ATW,NR,Uttar Pradesh,"Atwa Muthia, Uttar Pradesh",80.415479,27.273989999999998
Bangarmau,BGMU,NR,Uttar Pradesh,"Bangarmau, Uttar Pradesh",80.22205951000001,26.89181589
Bacheli,BCHL,ECoR,Chhattisgarh,"Dhurli-Basenpur Rd, Chhattisgarh",81.238534,18.703461
Barabar Halt,BBHT,?,Bihar,"Vanavar Halt, Bihar",84.9743682056,25.0558596095
Bhoras Budrukh,BFJ,CR,Maharashtra,"Kargaon Tanda-Chalisgaon Rd, Maharashtra",75.01429200000001,20.538301
Baral,BARL,NR,Uttar Pradesh,"State Highway 18, Uttar Pradesh",77.80997500000001,28.494092
Badabandha Road,BDBA,ECoR,Orissa,"Badabandha, Orissa",86.519951,20.276721000000002
Bara Gudah,BGD,NWR,Haryana,"Bara Gudha, Haryana",75.00164099999999,29.697657
BAJALTA,BLA,NR,Jammu and Kashmir,"Khana Chorgol, Jammu and Kashmir",74.953339,32.762368
BHATEL,BHTL,WR,Gujarat,"Jamnagar, Gujarat",69.4936287,22.164096299999997
TALLI SAIDASAHU,TSS,NR,Punjab,"Talhi Saidasahu, Punjab",74.748404,31.03264
BADARWAS,BDWS,WCR,Madhya Pradesh,"Badarwas, Madhya Pradesh",77.56182792,24.983339819999998
BAIJNATH PAPROLA,BJPL,NR,Himachal Pradesh,"Paprola, Himachal Pradesh",76.632508,32.050368999999996
BANTANAHAL,BLL,SCR,Andhra Pradesh,"Rayalaseema Region, Andhra Pradesh",77.27572365,15.16290019
BAGMAR,BMA,CR,Madhya Pradesh,"East Nimar, Madhya Pradesh",76.3616019397,21.7371288607
BOLWAD,BLWD,CR,Maharashtra,"Bolwad, Maharashtra",74.719998,16.823851
BAMANI,BMNI,CR,Maharashtra,"State Highway 161, Maharashtra",75.23764299999999,17.512801
Barhni,BNY,NER,Uttar Pradesh,"Semari - Bisokhar Rd, Uttar Pradesh",82.7918337,27.4957951
Bhadravati,BDVT,SWR,Karnataka,"Bhadravati, Karnataka",75.702832,13.842428700000001
BAPUDHAM MOTIHARI,BMKI,ECR,Bihar,"Motihari, Bihar",84.90529000000001,26.655732999999998
BHIWANDI ROAD,BIRD,CR,Maharashtra,"Bhiwandi, Maharashtra",73.045654,19.268544000000002
BARI SADRI,BI,NWR,Rajasthan,"Bari Sadri, Rajasthan",74.468715,24.411465
BHILAD,BLD,WR,Gujarat,"Bhilad, Gujarat",72.887446,20.275323200000003
ALMAW,ALMW,NER,Uttar Pradesh,"Allahabad, Uttar Pradesh",82.489941,25.259915
BAGRI SAJJANPUR,BGX,NWR,Rajasthan,"Haripur, Rajasthan",73.821842,25.916759000000003
VASTRAPUR,VTP,WR,Gujarat,"Ahmedabad, Gujarat",72.517982,23.00802
BANDHNATH,BNTH,WR,Gujarat,"Shapur, Gujarat",70.356879,21.434145
BIJOOR,BIJR,KR,Karnataka,"Udupi, Karnataka",74.6420535,13.8221962
BANAS,BNS,NWR,Rajasthan,"Sirohi Road, Rajasthan",72.98872560000001,24.7131638
Bhilpur,BILP,WR,Gujarat,"Vadodara, Gujarat",73.323477,22.196154999999997
BHAGWANPURA,BGPR,NWR,Rajasthan,"Somesar, Rajasthan",73.36331200000001,25.419012000000002
BANTA RAGHUNATHGARH,BGG,NWR,Rajasthan,"Somesar, Rajasthan",73.52738176000001,25.60180707
Bijaipur Road,BJPR,NCR,Madhya Pradesh,"Bijaipur Road, Madhya Pradesh",77.305586,26.196877
Bamiana,BMY,NER,Uttar Pradesh,"To Vishartganj, Uttar Pradesh",79.3291058,28.26312382
Banbihari Gwalipur,BNHR,ECoR,Orissa,"State Highway 12, Orissa",86.20503345,20.33902661
Bhatpura,BHAT,NCR,Madhya Pradesh,"State Highway 2, Madhya Pradesh",77.674711,26.327284000000002
Brij Nagar,BINR,NCR,Rajasthan,"Bharatpur, Rajasthan",77.089708,27.439639
Balikotia,BKS,NFR,Assam,"Mathaouri Rd, Assam",92.57044308,26.46830942
Bir,BIR,WCR,Madhya Pradesh,"East Nimar, Madhya Pradesh",76.547232,22.05264
Bhadri,BHDR,NR,Uttar Pradesh,"National Highway 24B, Uttar Pradesh",81.56775470000001,25.6766583
Bedham,BEDM,NCR,Rajasthan,"State Highway 14, Rajasthan",77.209461,27.453929
BADARPUR JN,BPB,NFR,Assam,"03845-269546., Assam",92.5563227,24.865177499999998
GHAT NANDUR,GTU,SCR,Maharashtra,"Ghat Nadur, Maharashtra",76.563483,18.722977999999998
Bantawala,BNTL,SWR,Karnataka,"Bantwal, Karnataka",75.034456,12.878545
Birahalli,BRBL,SWR,Karnataka,"Birahalli, Karnataka",76.38519600000001,12.667132
BASUCHAK,BSCK,NER,Uttar Pradesh,"Basuchak-Rampur Mangha Rd, Uttar Pradesh",83.34822341,25.53140767
ANDAMPALIAM,AND,SR,Tamil Nadu,"Maniyam St, Tamil Nadu",79.16898527,12.088426380000001
BARETA,BRZ,NR,Punjab,"Bareta, Punjab",75.69240260000001,29.859333900000003
BARGAWAN,BRGW,WCR,Madhya Pradesh,"Bargawa, Madhya Pradesh",82.455989,24.197002
BARSATHI,BSY,NR,Uttar Pradesh,"State Highway 36, Uttar Pradesh",82.473946,25.564132999999998
Bimlagarh Junction,BUF,SER,Orissa,"Sundargarh, Orissa",85.017326,21.964332
BASI KIRATPUR,BSKR,NR,Uttar Pradesh,"Kiratpur, Uttar Pradesh",78.213283,29.497228000000003
CHANDISAR,CDS,WR,Gujarat,"Banaskantha, Gujarat",72.3128162,24.2064915
BHATINDA JN,BTI,NR,Punjab,"Bathinda, Punjab",74.932083,30.209488
BALIMARA,BTZ,NFR,Assam,"Naharkatiya to Nigam Rd, Assam",95.333576,27.236867999999998
PATHANKOT,PTK,NR,Punjab,"NH 20, Punjab",75.644427,32.271804
BHAVANI NAGAR,BVNR,CR,Maharashtra,"Tasgaon Rd, Maharashtra",74.312946,17.156895
Bighapur,BQP,NR,Uttar Pradesh,"State Highway 38, Uttar Pradesh",80.6934544,26.3551471
AMALA NAGAR,AMLR,SR,Kerala,"Thrissur, Kerala",76.171838,10.561834
Balaghat Junction,BTC,SECR,Madhya Pradesh,"Balaghat, Madhya Pradesh",80.19988529999999,21.8116285
Baori Thikria,BOTI,NWR,Rajasthan,"National Highway 11, Rajasthan",75.511335,27.41454869
Barog,BOF,NR,Himachal Pradesh,"Barog, Himachal Pradesh",77.0829696,30.890852900000002
Basantapur,BSTP,ECoR,Orissa,"National Highway 215, Orissa",85.67658999999999,21.548768
Battulapuram,BTM,SCR,Andhra Pradesh,"Battulapuram Station, Andhra Pradesh",78.30580244,13.74759508
Baiswara,BSWA,NR,Uttar Pradesh,"State Highway 38, Uttar Pradesh",80.83471200000001,26.284843000000002
Amin Gaon,AMJ,NFR,Assam,"Guwahati, Assam",,
Ammanur,AMNR,SR,Tamil Nadu,"Mazavarayanallu Rd, Tamil Nadu",,
Berhampore Court,BPC,ER,West Bengal,"Berhampore, West Bengal",88.263642,24.0890841
Atirampattinam,AMM,SR,Tamil Nadu,"Muthupet, Tamil Nadu",79.38580758869648,10.332285228976446
Chirawa,CRWA,NWR,Rajasthan,"SH 13, Rajasthan",75.65068451687694,28.223341365041605
Anakhi,ANKI,WR,Gujarat,"Bharuch, Gujarat",,
Anawal,ANW,WR,Gujarat,"Anawal, Gujarat",,
Banwali,BWC,NWR,Rajasthan,"Sri Ganganagar, Rajasthan",74.029894,29.91997899999999
Barasat,BT,ER,West Bengal,"Kolkata, West Bengal",88.48348299999999,22.723879999999998
Baijnathpur,BYP,ECR,Bihar,"State Highway 59, Bihar",86.653766,25.901014
Bahadurpur,BPD,ER,West Bengal,"Bahadurpur, West Bengal",88.4633792,23.438519499999998
Barsuan,BXF,SER,Odisha,"Sundargarh, Odisha",85.119799,21.847398000000002
Amolwa,AMO,ECR,Bihar,"Pashchim Champaran, Bihar",84.478487,27.211161
BAYANA JN,BXN,WCR,Rajasthan,"Bayana, Rajasthan",77.29713100000001,26.916354000000002
Sukhshena,SKEN,?,,,87.111962,25.790577
DUNGARPUR,DNRP,NWR,Rajasthan,"State Highway 10, Rajasthan",73.69546199999999,23.867175000000003
CHAURE BAZAR,CHBR,NR,Uttar Pradesh,"State Highway 9, Uttar Pradesh",82.118735,26.469531
DUDWA,DDW,NER,Uttar Pradesh,"Dudwa, Uttar Pradesh",80.672161,28.50831
CHOKI SORATH,CKE,WR,Gujarat,"National Highway 8D, Gujarat",70.525813,21.659142000000003
Chilhia,CIH,NER,Uttar Pradesh,"State Highway 1A, Uttar Pradesh",82.990864,27.35207
DHULIAN GANGA,DGLE,ER,West Bengal,"National Highway 34, West Bengal",87.937644,24.672086
CHIDAMBARAM,CDM,SR,Tamil Nadu,"Chidambaram, Tamil Nadu",79.7033411,11.391471000000001
CHHOTI ODAI,COO,WCR,Rajasthan,"SH 25, Rajasthan",76.805294,26.558703
CHAMUA,CAMU,ECR,Bihar,"National Highway 28B, Bihar",84.40083419070001,27.137702177799998
Dethli,DHLI,WR,Gujarat,"State Highway 19, Gujarat",72.10305100000001,23.486172
DAINHAT,DHAE,ER,West Bengal,"Daihaat Rd, West Bengal",88.17026899999999,23.60191
DEVARGUDDA,DAD,SWR,Karnataka,"Hanumanamatti, Karnataka",75.57614099999999,14.66779
Dewalgaon,DEW,SECR,Maharashtra,"Warsa Rd, Maharashtra",80.0792665497,20.8911603401
BIJWASAN,BWSN,NR,Delhi NCT,"Bijwasan, Delhi NCT",77.051292,28.536700000000003
DOBBSPET,DBS,SWR,Karnataka,"Dobbasapete, Karnataka",77.2491554279,13.2331801567
DHANDHUKA,DCK,WR,Gujarat,"Dhandhuka, Gujarat",71.975613,22.384024
Cooch Behar,COB,NFR,West Bengal,"Cooch Behar, West Bengal",89.6653098,26.3029681
Cherukara,CQA,SR,Kerala,"Cherukara, Kerala",76.22811899999999,10.929228
DELHI SARAI ROHILLA,DEE,NR,Delhi NCT,"New Rohtak road, Delhi NCT",77.187106,28.662992
DAYA BASTI,DBSI,NR,Delhi NCT,"Zakhira, Delhi NCT",77.17138999999999,28.667329000000002
Charawan,CWN,NR,Punjab,"State Highway 16, Punjab",74.578082,30.501186999999998
Dundlodh Mukundgarh,DOB,NWR,Rajasthan,"Mukandgarh, Rajasthan",75.23735384456813,27.93879936977548
Bawani Khera,BWK,NWR,Haryana,"Bawani Khera, Haryana",76.032707,28.939509
Baharu,BARU,ER,West Bengal,"Baharu, West Bengal",88.44446,22.205278
DOHNA,DOX,NER,Uttar Pradesh,"State Highway 37, Uttar Pradesh",79.432729,28.434064000000003
DORNAKAL JN,DKJ,SCR,Andhra Pradesh,"Garla, Andhra Pradesh",80.153157,17.445987000000002
GANGAPUR CITY,GGC,WCR,Rajasthan,"Gangapur, Rajasthan",76.72770799999999,26.468979
DHARAMPUR,DMPR,NR,Uttar Pradesh,"National Highway 93, Uttar Pradesh",78.265728,28.150306
DHORAJI,DJI,WR,Gujarat,"Dhoraji, Gujarat",70.44478000000001,21.72217
DALAUDA,DLD,WR,Madhya Pradesh,"Dalauda, Madhya Pradesh",75.105361,23.948636999999998
TAKHRAU,TKRU,NCR,Uttar Pradesh,"Takhrau, Uttar Pradesh",79.212452,27.274196
DUSKHEDA,DSK,CR,Maharashtra,"Jalgaon, Maharashtra",75.839083,21.073708
Ding,DING,NWR,Haryana,"Sirsa, Haryana",75.2606046,29.461053699999997
DHAPARA DHAM,DHPD,ER,West Bengal,"National Highway 34, West Bengal",88.246087,24.195866000000002
DHAMNI,DNE,SCR,Maharashtra,"Hingoli, Maharashtra",77.177888,19.647058
DHIRGANJ,DHRJ,NR,Uttar Pradesh,"State Highway 9, Uttar Pradesh",81.924339,25.745642
GADAG JN,GDG,SWR,Karnataka,"Gadag, Karnataka",75.642481,15.437048
DAUNDAJ,DNJ,CR,Maharashtra,"Indraprastha Rd, Maharashtra",74.176780918,18.2300065666
DAVANGERE,DVG,SWR,Karnataka,"Davanagere, Karnataka",75.92229,14.467834
DEORAGRAM,DRGM,WCR,Madhya Pradesh,"Gajarbahara, Madhya Pradesh",82.35246400000001,24.096925000000002
DAMOY,DMYA,WCR,Madhya Pradesh,"State Highway 11, Madhya Pradesh",80.99678700000001,23.971207999999997
KADUR,DRU,SWR,Karnataka,"Kadur, Karnataka",76.008846,13.552501000000001
DHAMTAN SAHIB,DTN,NR,Haryana,"Jind District, Haryana",76.004006,29.688827
FARIDKOT,FDK,NR,Punjab,"Faridkot, Punjab",74.76137999999999,30.682857
Daulatpur Haryana,DULP,NR,Haryana,"National Highway 65, Haryana",75.88859,29.452122999999997
Dapsaura,DPSR,NCR,Uttar Pradesh,"National Highway 86, Uttar Pradesh",80.202954,25.983503
Dumerta,DMF,SER,Orissa,"Rourkela, Orissa",84.914683,22.185683
Dharmapuri,DPJ,SWR,Tamil Nadu,"Dharmapuri, Tamil Nadu",78.154742,12.126595
Delvada,DVA,WR,Gujarat,"Delvada, Gujarat",71.041529,20.773429
Dumri Khurd,DKU,SECR,Maharashtra,"Dumri Khurd, Maharashtra",79.312269,21.310416
Dhansu,DNX,NR,Haryana,"National Highway 65, Haryana",75.801658,29.211731
Dholi Bhal,DIBL,WR,Gujarat,"Rayaka, Gujarat",72.0826,22.44572
Deshpran Ph,DSPN,?,West Bengal,"Bajkul, West Bengal",87.817047,22.029346999999998
Detroj,DTJ,WR,Gujarat,"State Highway 133, Gujarat",72.1765459082,23.332027810299998
GURNAY,GRN,NR,Punjab,"MDR 102, Punjab",75.80467660219999,29.874366636999998
GILL,GILL,NR,Punjab,"Ludhiana, Punjab",75.848169,30.840521000000003
DARRITOLA,DTL,SECR,Chhattisgarh,"National Highway 78, Chhattisgarh",82.395751,23.289638
Dewan Hat,DWT,NFR,West Bengal,"Dewan, West Bengal",89.6653098,26.3029681
FUNGO HALT,FNO,ECR,Bihar,"Fungo, Bihar",86.6044763025,25.6187302859
FARHEDI,FRD,NR,Uttar Pradesh,"Moradabad- Chandausi Rd, Uttar Pradesh",78.7937161591,28.711716968
GOLAKGANJ,GKJ,NFR,Assam,"Golokganj, Assam",89.83064999999999,26.108359
Fatehpur Chursi,FTC,NR,Uttar Pradesh,"State Highway 38, Uttar Pradesh",80.26179,26.843511
Gangauli,GNGL,NER,Uttar Pradesh,"Jaunpur, Uttar Pradesh",82.86309299999999,25.668107000000003
GOKAK ROAD,GKK,SWR,Karnataka,"Belagavi, Karnataka",74.738839,16.205164
GURLI RAMGARHWA,GRRG,NER,Uttar Pradesh,"Ghughli Bazar, Uttar Pradesh",83.771432,27.185738999999998
FAKHRABAD,FKB,SCR,Andhra Pradesh,"Basara, Andhra Pradesh",77.974481,18.824644
GHORPURI,GPR,CR,Maharashtra,"Pune, Maharashtra",73.893448392,18.5278209233
GOLHALLI,GHL,SWR,Karnataka,"State Highway 74, Karnataka",77.413983,13.148289
Fateh Singhwala,FSW,NWR,Rajasthan,"Sri Ganganagar, Rajasthan",74.029894,29.91997899999999
DUDHIA KHURD,DYK,NER,Uttar Pradesh,"State Highway 21, Uttar Pradesh",80.19780499999999,28.46474
Govindgarh Malikpur,GND,NWR,Rajasthan,"Govindgarh, Rajasthan",75.64500100000001,27.240582
GOREGAON ROAD,GNO,KR,Maharashtra,"Raigad, Maharashtra",73.30253,18.162498
DIWANKHAVATI,DWV,KR,Maharashtra,"Maharashtra, Maharashtra",73.418174,17.855413000000002
GIRIMAIDAN,GMDN,SER,West Bengal,"Kharagpur, West Bengal",87.306151,22.340478
GARNA SAHIB,GSB,NR,Punjab,"National Highway 1A, Punjab",75.65349208250001,31.7805618081
GOKULPUR,GKL,SER,West Bengal,"Midnapore, West Bengal",87.293716,22.375923
GULMA,GLMA,NFR,West Bengal,"National Highway 31, West Bengal",88.403784,26.802802
ISAND,EN,WR,Gujarat,"Khodiyar, Gujarat",72.484975,23.294039
DUDDHINAGAR,DXN,ECR,Uttar Pradesh,"Sonebhadra, Uttar Pradesh",83.21679153630001,24.2090318514
GAJARA BAHARA,GAJB,WCR,Madhya Pradesh,"Gajarbahara, Madhya Pradesh",82.31176099999999,24.05344
Gumman,GMM,NR,Himachal Pradesh,"Parwanoo, Himachal Pradesh",76.97194,30.842438
Gobarwahi,GBRI,SECR,Maharashtra,"State Highway 251, Maharashtra",79.723237,21.514747
Dalli Rajhara,DRZ,SECR,Chhattisgarh,"Dalli Rajhara, Chhattisgarh",81.067973,20.586729
Gir Hadmatiya,GRHM,WR,Gujarat,"Jambur, Gujarat",70.687208,20.988488
Gorakhnath,GRKN,ECoR,Orissa,"Jagatsinghpur, Orissa",86.260098,20.308158000000002
Bagula,BGL,ER,West Bengal,"Bagula, West Bengal",88.64640372000001,23.335464709999997
Guru Harsahai,GHS,NR,Punjab,"Panjeke, Punjab",74.399987,30.715001
Garh Baruari,GEB,ECR,Bihar,"Garh Baruari, Bihar",86.605596,26.019349
Gevra Road,GAD,SECR,Chhattisgarh,"Korba, Chhattisgarh",82.64566,22.348523999999998
Ghori Halt,GHRI,NR,Uttar Pradesh,"sharda nehar, Uttar Pradesh",80.503293,27.373959
Ganjmuradabad,GJMB,NR,Uttar Pradesh,"Sharda Nehar, Uttar Pradesh",80.177008,26.987889000000003
Gaju Halt,GAJU,NR,Uttar Pradesh,"State Highway 25, Uttar Pradesh",80.37297299999999,27.204231
GANGINENI,GNN,SCR,Andhra Pradesh,"Yerrupalem, Andhra Pradesh",80.498954,16.781754
HARRAWALA,HRW,NR,Uttarakhand,"Dehradun, Uttarakhand",78.097705,30.260892
NAGROTA SURIYAM,NGRS,NR,Himachal Pradesh,"State Highway 22, Himachal Pradesh",76.09101,32.051899
Hole Narsipur,HLN,SWR,Karnataka,"Hassan District, Karnataka",76.24646,12.786494999999999
HARANGUL,HGL,CR,Maharashtra,"State Highway 77, Maharashtra",76.48091199999999,18.385198
HOMBAL,HBL,SWR,Karnataka,"Belavaniki, Karnataka",75.576122,15.520135999999999
HARDA,HD,WCR,Madhya Pradesh,"Harda, Madhya Pradesh",77.10084,22.338414
HATIKHALI,HTL,NFR,Assam,"North Cachar Hills, Assam",93.09084800000001,25.611069999999998
JAORA,JAO,WR,Madhya Pradesh,"Jaora, Madhya Pradesh",75.11563199999999,23.627772999999998
HINDUMALKOTE,HMK,NR,Rajasthan,"National Highway 15, Rajasthan",73.925834,30.147102999999998
GHUNAS,GUNS,NR,Punjab,"Ghunas Railway Station, Punjab",75.420592,30.320113000000003
HARGAON,HA,NER,Uttar Pradesh,"Hargaon, Uttar Pradesh",80.728229,27.769192
HAMIRGARH,HMG,NWR,Rajasthan,"Hamirgarh, Rajasthan",74.616939,25.187264
HAGARI,HGI,SCR,Karnataka,"National Highway 63, Karnataka",77.0517473206,15.1512387259
HAPA ROAD,HPRD,WR,Gujarat,"National Highway 8, Gujarat",72.938107,23.540458
PATTAMBI,PTB,SR,Kerala,"Pattambi, Kerala",76.1813366473,10.8019329802
Pabnawa Jasmahinder Halt,PBJM,NR,Haryana,"Haryana, Haryana",76.6527179736,29.895695706599998
HADDINAGUNDU,HDD,SCR,Karnataka,"National Highway 63, Karnataka",76.979148,15.153264
JAMSAR,JMS,?,Rajasthan,"Bikaner, Rajasthan",73.398985,28.24751
GOALPARA TOWN,GLPT,NFR,Assam,"Goalpara Town Rail Station, Assam",90.62065899999999,26.126534999999997
HEBSUR,HBS,SWR,Karnataka,"Hebsur, Karnataka",75.283878,15.42206
GUNTAKONDURU,GUK,SCR,Andhra Pradesh,"P.P.Road, Andhra Pradesh",81.077533,16.45715
JAWALI,JAL,NWR,Rajasthan,"Rania, Rajasthan",73.39687099999999,25.462722
Hazrat Nagar Halt,HZN,NR,Uttar Pradesh,"Hazrat Nagar, Uttar Pradesh",78.665909,28.633331000000002
Haludpukur,HLD,SER,Jharkhand,"State Highway 50, Jharkhand",86.2607646,22.7428208
Ghausganj,GSGJ,NR,Uttar Pradesh,"Ghausganj, Uttar Pradesh",80.2918266571,27.135126874500003
Jambara,JMV,CR,Madhya Pradesh,"Amla, Madhya Pradesh",78.251975,21.943048
Hassan Junction,HAS,SWR,Karnataka,"Hassan, Karnataka",76.117359,13.003182
Hridaypur,HHR,ER,West Bengal,"Madhyamgram, West Bengal",88.470282,22.711098
Her,HER,SCR,Maharashtra,"Latur, Maharashtra",76.97130647339999,18.4269033932
JADARAMA KUNTE,JRKT,SWR,Karnataka,"National Highway 13, Karnataka",75.83866138549999,16.2842670722
JOGIWALA,JGW,NR,Punjab,"State Highway 19, Punjab",75.067432,31.093842
IKKAR,IKK,NR,Uttarakhand,"Haridwar, Uttarakhand",78.099997,29.891989
JETHA CHANDAN,JCH,NWR,Rajasthan,"Chandan, Rajasthan",71.308307,26.999949
KANSRAO,QSR,NR,Uttarakhand,"Dehradun, Uttarakhand",78.1417954028,30.0785698608
JATAULA SAMPHKA,JSKA,NR,Haryana,"Hailley Mandi, Haryana",76.799492,28.372602
JHARWASAA,JWS,NWR,Rajasthan,"Jharwasa, Rajasthan",74.7074,26.210097
JAWLMUKHI ROAD,JMKR,NR,Himachal Pradesh,"Jwalamukhi, Himachal Pradesh",76.226427,32.015744000000005
KANDWAL HALT,KAWL,NR,Himachal Pradesh,"Pathankot, Himachal Pradesh",75.76982299999999,32.282959
KAYAR,KAYR,?,Maharashtra,"State Highway 233, Maharashtra",78.907292,19.90643
JAITWAR,JTW,WCR,Madhya Pradesh,"Jaitwar, Madhya Pradesh",80.863876,24.740226
JAULKA,JUK,SCR,Maharashtra,"Washim, Maharashtra",77.0759090985,20.2854429153
JUKEHI,JKE,WCR,Madhya Pradesh,"Jukehi, Madhya Pradesh",80.432389,23.986873000000003
Kanoh,KANO,NR,Himachal Pradesh,"Sadhupul, Himachal Pradesh",77.11800600000001,30.992082999999997
JIND JN,JIND,NR,Haryana,"Jind, Haryana",76.28961699999999,29.328875999999998
JAM JODHPUR JN,JDH,WR,Gujarat,"Jamjodhpur, Gujarat",70.03138700000001,21.906659
Jakhalabandha,JKB,NFR,Assam,"Jakhalabandha, Assam",92.991109,26.563801
JIVANTI HALT,JVT,ER,West Bengal,"State Highway 11, West Bengal",88.192446,24.080516999999997
JAMUNAMUKH,JMK,NFR,Assam,"National Highway 36, Assam",92.741306,26.108194
Kankroli,KDL,NWR,Rajasthan,"Rajsamand, Rajasthan",73.909586,25.049118999999997
JHAROKHAS,JRQ,ECR,Uttar Pradesh,"National Highway 75, Uttar Pradesh",83.164150647,24.1796156953
Nakaha Jungle,JEA,NER,Uttar Pradesh,"Gorakhpur, Uttar Pradesh",83.360755,26.803135
JOBA,JOBA,WCR,Madhya Pradesh,"Madhya Pradesh, Madhya Pradesh",81.762682,24.096599
JAMUAWAN,JMN,?,Bihar,"Jamuawan, Bihar",85.292477,24.81523
Jaroli,JRLI,?,Orissa,"Juruli, Orissa",85.419294,21.952769
JASIA,JSS,?,Haryana,"National Highway 71A, Haryana",76.649455,29.005748999999998
KASU,KASU,CR,Maharashtra,"Maharashtra, Maharashtra",73.079446,18.64059
Kallai,KAL,SR,Tamil Nadu,"Kallal, Tamil Nadu",78.670312,9.977293
KARWAR,KAWR,KR,Karnataka,"Karwar, Karnataka",74.183139,14.821387
Islampur,IPR,ECR,Bihar,"Islampur, Bihar",85.2173007153,25.138577101499997
JAGDALPUR,JDB,ECoR,Chhattisgarh,"Jagdalpur, Chhattisgarh",82.013757,19.066004
CHANDAGIRIKOPAL,CGKP,SWR,Karnataka,"State Highway 7, Karnataka",76.716049,12.478701999999998
JAWAI BANDH,JWB,NWR,Rajasthan,"Pali, Rajasthan",73.14732500000001,25.114043000000002
Jaijon Doaba,JJJ,NR,Punjab,"Jaijon Doaba, Punjab",76.134971,31.349656
JiaGanj,JJG,ER,West Bengal,"Police Station Rd, West Bengal",88.27698,24.244268
New Garia,NGRI,,,,88.397713,22.4727
Hosur,HSRA,SWR,Tamil Nadu,"Hosur, Tamil Nadu",77.822839,12.717606
Khamil Ghat,KBK,NWR,Rajasthan,"State Highway 61, Rajasthan",73.864884,25.626813000000002
Junichavand,JCN,WR,Gujarat,"Junichavand, Gujarat",70.683667,21.385151
Kansiya Nes,KANS,WR,Gujarat,"State Highway 111, Gujarat",70.64004200000001,21.244101999999998
KESAMUDRAM,KDM,SCR,Andhra Pradesh,"Kesamudram, Andhra Pradesh",79.89647099999999,17.686252
CHINK HILL,CNHL,CR,Maharashtra,"State Highway 77, Maharashtra",75.45468500000001,18.099269000000003
KUNDARKHI,KD,NR,Uttar Pradesh,"Kundarki, Uttar Pradesh",78.7880650638,28.680444428799998
Kakinada Port,COA,SCR,Andhra Pradesh,"Kakinada, Andhra Pradesh",82.240057,16.955204000000002
JANGIPUR ROAD,JRLE,ER,West Bengal,"Raghunathganj, West Bengal",88.04076,24.459515
CHITRAKUTDHAM KARWI,CKTD,NCR,Uttar Pradesh,"Chitrakoot Karvi, Uttar Pradesh",80.922775,25.217610999999998
Kalasumudram,KCM,SCR,Andhra Pradesh,"Chennai - Anantpur Rd, Andhra Pradesh",78.099683,14.21716
KOHDAD,KDK,CR,Madhya Pradesh,"State Highway 15, Madhya Pradesh",76.36547849,21.7026228941
Champion,CHU,SWR,Karnataka,"KGF, Karnataka",78.262564,12.936251
CHAMARAJ,CJR,WR,Gujarat,"State Highway 17, Gujarat",71.555883,22.735539
CHAJLI,CJL,NR,Punjab,"Jakhal Rd, Punjab",75.81228634829999,30.042985535099998
KARKHELI,KEK,SCR,Maharashtra,"Biloli, Maharashtra",77.73819999999999,18.944571
CHAINPUR,CNPR,ECR,,,85.582933,23.729821
KUNDLI,KDI,WR,Gujarat,"State Highway 38, Gujarat",71.68394941769999,22.2788440574
CHHEHARTA,CIA,NR,Punjab,"Amritsar, Punjab",74.794278,31.621878000000002
CANCONA,CNO,KR,Goa,"Ph:-0832-2643331., Goa",74.039454,15.006905999999999
CHONGAJAN,CJA,NFR,Assam,"local Rd, Assam",93.818104,26.062329
CASTLE ROCK,CLR,SWR,Karnataka,"National Highway 4A, Karnataka",74.334484,15.397879
KADAKOLA,KDO,SWR,Karnataka,"Mysore District, Karnataka",76.663729,12.190406999999999
JOGIGHOPA,JPZ,NFR,Assam,"National Highway 31B, Assam",90.576384,26.241537
Chamak,CMK,CR,Maharashtra,"Amravati, Maharashtra",,
Kurseong,KGN,NFR,West Bengal,"Kurseong, West Bengal",88.277001,26.877401000000003
Chhotaki Masaudhi Halt,CKMI,?,,,85.0317514441,25.330397498299998
Kanwat,KAWT,NWR,Rajasthan,"Kanwat, Rajasthan",75.67626636840001,27.5895214437
Chintaman Ganes,CNN,WR,Madhya Pradesh,"Ujjain, Madhya Pradesh",75.741029,23.145849
Cinnamara,CMA,NFR,Assam,"Cinnamora, Assam",94.169432,26.715526999999998
Chima Pahad,CMW,SCR,Andhra Pradesh,"Khammam, Andhra Pradesh",80.463656,17.516012
Chitta Halt,CHTT,NCR,Uttar Pradesh,"Chitta Halt, Uttar Pradesh",77.53707700000001,17.823439
Charkhi Dadri,CKD,NWR,Haryana,"Dist. Bhiwani, Haryana",76.279921,28.600799
Chak Safaura Halt,CKSR,NER,Uttar Pradesh,"Mighauna, Uttar Pradesh",79.842478,28.211203
Chhaprawat,CHWT,NR,Uttar Pradesh,"SH 18, Uttar Pradesh",77.79989095580001,28.541970328
Kodimbala Halt,KDBA,SWR,Karnataka,"Panja Kadaba Rd, Karnataka",75.476631,12.718252
KEMRI,KEMR,NER,Uttar Pradesh,"MDR 33W, Uttar Pradesh",79.19779600000001,28.809864
KHED TEMPLE HALT,KHTX,NWR,Rajasthan,"Tilwara, Rajasthan",72.109226,25.886233999999998
CHOPAN,CPU,ECR,Uttar Pradesh,"Chopan, Uttar Pradesh",83.025843,24.51403
DAHINSARA JN,DAC,WR,Gujarat,"SH 24, Gujarat",70.618291,22.955606999999997
Patsul,PTZ,SCR,Maharashtra,"MSH24, Maharashtra",77.038231,21.0022
KHAJURHAT,KJA,NR,Uttar Pradesh,"Bikapur, Uttar Pradesh",82.126813,26.525308
DEOBAND,DBD,NR,Uttar Pradesh,"Deoband, Uttar Pradesh",77.67087339999999,29.680031500000002
CHURAMAN NAGRI,CRG,WCR,Rajasthan,"SH 33, Rajasthan",77.61766999999999,27.40119
CHITTAURGARH,COR,WR,Rajasthan,"Chittorgarh, Rajasthan",74.623687,24.874340999999998
CAVALRY BARRCKS,CVB,SCR,Andhra Pradesh,"Secunderabad, Andhra Pradesh",78.518694,17.494734
CHURK,CUK,NCR,Uttar Pradesh,"State Highway 14, Uttar Pradesh",83.1032006,24.6496787
Kapasan,KIN,NWR,Rajasthan,"Kapasan, Rajasthan",74.312762,24.86221
KHAIRAHI,KHRY,NCR,Uttar Pradesh,"State Highway 5, Uttar Pradesh",82.9857744763,24.8020366077
DHARMABAD,DAB,SCR,Maharashtra,"Degaon, Maharashtra",77.8493415012,18.888260310099998
MUMBAI CURREY ROAD,CRD,CR,Maharashtra,"Mumbai, Maharashtra",72.83265999999999,18.9937
CHATAR HALT,CTHT,ECR,Bihar,"Chatar, Bihar",85.495374,24.842143999999998
Choranda Junction,CRND,WR,Gujarat,"Choranda, Gujarat",,
KALANAD HALT,KLAD,SR,Kerala,"Kasaragod, Kerala",74.998515,12.467679
DHASA JN,DAS,WR,Gujarat,"Dhasa, Gujarat",71.51800800000001,21.782545
KHODIYAR,KHD,WR,Gujarat,"Sarkhej Gandhinagar Hwy, Gujarat",72.548244,23.156554
CHHATRAL,CTRL,WR,Gujarat,"State Highway 133, Gujarat",72.46851799999999,23.26246
Choti Khatu,CTKT,NWR,Rajasthan,"Degana, Rajasthan",74.35722999999999,27.155534
Kalkund,KKD,WR,Madhya Pradesh,"Mhow, Madhya Pradesh",75.85927000000001,22.47801
Jalalabad DAV College,DAVC,NR,Punjab,"Jalalabad, Punjab",,
Charghat Piparia,CRE,SECR,Madhya Pradesh,"Guwarighat, Madhya Pradesh",79.929889,23.044097
Deula,D,ER,West Bengal,"National Highway 117, West Bengal",88.28148300000001,22.214924
Khijadiya Junction,KJV,WR,Gujarat,"Amreli, Gujarat",71.275556,21.740875
Dhari Junction,DARI,WR,Gujarat,"Dhari, Gujarat",71.027594,21.326767
Diara,DEA,ER,West Bengal,"State Highway 2, West Bengal",88.280471,22.798157
Charegaon,CRN,SECR,Madhya Pradesh,"State Highway 11, Madhya Pradesh",80.1401154919,22.042038383999998
Chital,CTL,WR,Gujarat,"SH 34, Gujarat",71.218128,21.745689
Dadpur,DPUR,,,,83.250076,19.972516
Kharkhari,KHRI,SER,Jharkhand,"National Highway 32, Jharkhand",86.234894,23.760124
Katphal,KFH,CR,Maharashtra,"Baramati, Maharashtra",74.59603216999999,18.23255147
Kurinjipadi,KJPD,SR,Tamil Nadu,"Kurinjippadi, Tamil Nadu",79.595999,11.572583
Khemli,KLH,NWR,Rajasthan,"Khemli, Rajasthan",73.84238599999999,24.690834
Kalanaur Kalan,KLNK,NWR,Haryana,"Kalanaur, Haryana",76.389612,28.8349236
Dhindsa,DDK,NR,Punjab,"Dhindsa, Punjab",74.738503,30.895838
KHAMMAM,KMT,SCR,Andhra Pradesh,"Khammam, Andhra Pradesh",80.138491,17.249347
Devsana,DEU,WR,Gujarat,"State Highway 133, Gujarat",,
Dewa,DEWA,WR,Gujarat,"Dewa, Gujarat",,
KHUTAHA,KTHA,WCR,Madhya Pradesh,"MDR 11, Madhya Pradesh",80.86085,24.802248
DUNGAR JN,DGJ,WR,Gujarat,"Dungar, Gujarat",71.55322600000001,21.078274
KAIMA,KMA,WCR,Madhya Pradesh,"Satna, Madhya Pradesh",80.845912,24.611085
KANHARGAON NAKA,KNRG,SCR,Maharashtra,"Washim, Maharashtra",77.1462260938,19.9439708108
Kelamangalam,KMLM,SWR,Tamil Nadu,"Krishnagiri, Tamil Nadu",77.865703,12.616200000000001
KANTHALIYA ROAD,KTLR,ER,West Bengal,"Khagraghat - Chowrigacha, West Bengal",88.179001,23.991771
KAREPUR,KRPR,SCR,Maharashtra,"State Highway 168, Maharashtra",76.681135,18.589152000000002
KHANDWA,KNW,CR,Madhya Pradesh,"Khandwa, Madhya Pradesh",76.353227,21.823596
Kathunangal,KNG,NR,Punjab,"National Highway 15, Punjab",75.015194,31.7287
Diamond Harbour,DH,ER,West Bengal,"Diamond Harbour, West Bengal",88.18991600000001,22.191902
DHARODI,DHY,NR,Haryana,"MDR 111, Haryana",76.0559746887,29.6399235976
KHANPUR AHIR,KNAR,NWR,Rajasthan,"MDR 61, Rajasthan",76.589847,27.911754000000002
C SHAHU M RAJ KOLHAPUR TERM,KOP,CR,Maharashtra,"Kolhapur, Maharashtra",74.237695,16.70257
KESHOLI,KOLI,WCR,Rajasthan,"Baren, Rajasthan",76.790369,24.727194
DHENGLI PP GOAN,DGPP,SCR,Maharashtra,"Satuna, Maharashtra",76.49169,19.406622
Kothari Road,KTHD,SECR,Chhattisgarh,"Kothari, Chhattisgarh",82.70858000000001,22.156964000000002
KHAMBHALIYA,KMBL,WR,Gujarat,"Khambhalia, Gujarat",69.657344,22.217513
Kirandul,KRDL,ECoR,Chhattisgarh,"Kirandul, Chhattisgarh",81.25813099999999,18.757486
KANALAS JN,KNLS,WR,Gujarat,"Jamnagar, Gujarat",69.896549,22.319955
KODUMUNDA,KODN,SR,Kerala,"Thrithala, Kerala",76.1428790756,10.816930512899999
KARSINDHU,KSDE,NR,Haryana,"Panipat, Haryana",76.731866,29.392008
KASHI CHAK,KSC,ECR,Bihar,"Nalanda, Bihar",85.718754,25.070798999999997
DERGAON HALT,DGNH,?,,,85.75131900000001,25.088974
KURRAIYA,KRYA,NER,Uttar Pradesh,"Chauhan Rd, Uttar Pradesh",80.24421199999999,28.416819
KARJODA,KRJD,NWR,Gujarat,"Chhapi, Gujarat",72.45567100000001,24.218469000000002
QASIMPUR KHERI,KPKI,NR,Uttar Pradesh,"State Highway 57, Uttar Pradesh",77.28593,29.182769999999998
Kumar Sadra,KMSD,ECoR,Chhattisgarh,"National Highway 16, Chhattisgarh",81.671506,18.912986
Kauwapur,KPE,NER,Uttar Pradesh,"MDR 10E, Uttar Pradesh",82.2979015082,27.5158216097
Kashipura,KSUA,WR,Gujarat,"State Highway 59, Gujarat",73.170262,23.120701
Karepalli,KRA,SCR,Andhra Pradesh,"Karepally, Andhra Pradesh",80.27186499999999,17.511408000000003
Katosan Road,KTRD,WR,Gujarat,"State Highway 216, Gujarat",72.246237,23.409181
Dhakuria,DHK,ER,West Bengal,"Kolkata, West Bengal",88.371504,22.51554
Kalanwali,KNL,NWR,Haryana,"Kalanwali, Haryana",74.97985,29.835057
Loharu,LHU,NWR,Haryana,"Bhiwani Distt., Haryana",75.801613,28.427051
DHINDHORA HKMKD,DNHK,WCR,Rajasthan,"Dhindhora, Rajasthan",77.103482,26.803925
LAKHMAPUR,LKY,SWR,Karnataka,"Muttalageri, Karnataka",75.627712,15.870282
Loharpurwa,LPW,NER,Uttar Pradesh,"Loharpurwa, Uttar Pradesh",83.268484,27.082641
LUNSU HALT,LNS,NR,Himachal Pradesh,"Lunsu, Himachal Pradesh",76.1797,32.018944
Lehra,LER,NER,Uttar Pradesh,"Lehra Railway Station Rd, Uttar Pradesh",83.23414199999999,27.161243
MAKRERA,MKRA,NWR,Rajasthan,"Kharwa, Rajasthan",74.5333715979,26.310925310800002
LACHYAN,LHN,SWR,Maharashtra,"Solapur, Maharashtra",75.9717014606,17.2795737583
LAUL,LAUL,CR,Maharashtra,"State Highway 161, Maharashtra",75.3950100488,18.0338728828
KAPARPURA,KVC,ECR,Bihar,"National Highway 28, Bihar",85.309233,26.179892000000002
LODI COLONY,LDCY,NR,Delhi NCT,"Najafkhan Rd, Delhi NCT",77.216548,28.579455000000003
MANDPIYA,MDPA,NWR,Rajasthan,"National Highway 79, Rajasthan",74.63571300000001,25.261369
KATNI,KTE,WCR,Madhya Pradesh,"Katni, Madhya Pradesh",80.400543,23.833385
KARELI,KY,WCR,Madhya Pradesh,"Kareli, Madhya Pradesh",79.066765,22.932344
LINGANENIDODDI,LMD,SCR,Andhra Pradesh,"Rayalaseema Region, Andhra Pradesh",77.703397,15.399929
KATA ROAD,KXX,SCR,Maharashtra,"Washim, Maharashtra",77.11088000000001,20.187338999999998
KHAJURAHO,KURJ,NCR,Madhya Pradesh,"National Highway 75, Madhya Pradesh",79.8900217,24.7969839
HULKOTI,LKT,SWR,Karnataka,"National Highway 63, Karnataka",75.531958,15.434667000000001
Lohardaga,LAD,SER,Jharkhand,"National Highway 75, Jharkhand",84.70733,23.445967
KALSUR,KVS,SWR,Karnataka,"haveri, Karnataka",75.40095653559999,14.888042065499999
KAZIPARA,KZPR,ER,West Bengal,"Khagraghat - Chowrigacha, West Bengal",88.188491,23.909854000000003
LUMDING JN,LMG,NFR,Assam,"Lumding. Ph:-03674-263366, Assam",93.17660000000001,25.750035999999998
LADPURA,LR,NWR,Rajasthan,"Ajmer, Rajasthan",74.728726,26.504385
KHUDDA KORALA,KZX,NR,Punjab,"Khuda, Punjab",75.647484,31.729693
MAHAJAN,MHJ,NWR,Rajasthan,"Mahajan, Rajasthan",73.85366599999999,28.793007
LUNKARANSAR,LKS,NWR,Rajasthan,"Lukhransar, Rajasthan",73.743155,28.493395
MAJBAT,MJBT,,,,92.287814,26.784587
LUNI JN,LUNI,NWR,Rajasthan,"Luni, Rajasthan",73.003175,26.001255999999998
Kathara Road,KTRR,NCR,Uttar Pradesh,"Kanpur Nagar, Uttar Pradesh",80.228735,26.310011
Kuswa,KWW,NCR,Uttar Pradesh,"MDR 106W, Uttar Pradesh",78.40369700000001,27.473814
KUDAL,KUDL,KR,Maharashtra,"Kudal, Maharashtra",73.67813000000001,16.017651
KALLAYI,KUL,SR,Kerala,"Calicut, Kerala",75.788884,11.234606999999999
Kavutaram,KVM,SCR,Andhra Pradesh,"Krishna, Andhra Pradesh",81.069608,16.328919999999997
Dhanori,DNZ,CR,Maharashtra,"SH244, Maharashtra",,
MADDUR,MAD,SWR,Karnataka,"Mandya District, Karnataka",77.049522,12.604742
Khurdpur,KUPR,NR,Punjab,"Adampur, Punjab",75.72317,31.424854
Bidyadabri,BDYR,,,,89.767506,26.271855000000002
Madhoganj,MAH,NR,Uttar Pradesh,"Hardoi, Uttar Pradesh",80.135457,27.117963000000003
Lovedale,LOV,SR,Tamil Nadu,"Ooty, Tamil Nadu",76.704285,11.382403
Laukaha Bazar,LKQ,ECR,Bihar,"Madhubani, Bihar",86.463013,26.543198
Karuvalli,KVLR,SWR,Tamil Nadu,"Salem district, Tamil Nadu",78.027912,11.831114000000001
Lawa Sardargarh,LSG,NWR,Rajasthan,"State Highway 56, Rajasthan",73.948453,25.272755999999998
MAJHOWLIA,MJL,ECR,Bihar,"Vikash Village, Bihar",84.619139,26.802772
Jumnal,JML,,,,75.7141335645,16.723002286099998
MIYONKA BARA,MNKB,NWR,Rajasthan,"Samdhari, Rajasthan",72.728511,25.872726999999998
MAIBANG,MBG,NFR,Assam,"North Cachar Hills, Assam",93.13537099999999,25.30497
MADDIKERA,MKR,SCR,Andhra Pradesh,"Guntakal, Andhra Pradesh",77.411496,15.256635000000001
MANDAPAM CAMP,MC,SR,Tamil Nadu,"Mandapam, Tamil Nadu",79.134997,9.281533
LATUR,LUR,CR,Maharashtra,"Latur, Maharashtra",76.55604899999999,18.429166
Manjhra Purab,MJPB,NER,Uttar Pradesh,"Manjhra Purab, Uttar Pradesh",81.160402,28.300646
LATUR ROAD,LTRR,SCR,Maharashtra,"SH 3, Maharashtra",76.845289,18.506494
MARWAR KHARA,MKHR,NWR,Rajasthan,"Jodhpur, Rajasthan",72.1300715057,27.060569440800002
MAHBUBABAD,MABD,SCR,Andhra Pradesh,"Mahbubabad, Andhra Pradesh",79.999792,17.597561
MANGLIYA GAON,MGG,WR,Madhya Pradesh,"Mangilya, Madhya Pradesh",75.91805099999999,22.815074
MANGELA,MGL,?,Karnataka,"Mugalolli, Karnataka",75.74938300000001,16.223191
MANDASOR,MDS,WR,Madhya Pradesh,"Mandsaur, Madhya Pradesh",75.07634300000001,24.075937000000003
MOKHAMPURA,MAKH,NWR,Rajasthan,"National Highway 79, Rajasthan",74.68323000000001,26.030315
MARIAHU,MAY,NR,Uttar Pradesh,"Mariahu, Uttar Pradesh",82.598166,25.597006
MADLAUDA,MLDE,NR,Haryana,"Panipat, Haryana",76.809711,29.399824
MEDCHAL,MED,SCR,Andhra Pradesh,"Rangareddy, Andhra Pradesh",78.474557,17.639335
MASAIPET,ME,SCR,Andhra Pradesh,"Medak, Andhra Pradesh",78.4669570667,17.8805365542
MADHAVNAGAR,MDVR,CR,Maharashtra,"Sangli, Maharashtra",74.575493,16.886605
KHULDIL ROAD,KDRD,ECR,Uttar Pradesh,"Obra, Uttar Pradesh",82.86161,24.368371999999997
MANGALIYAWAS,MLI,NWR,Rajasthan,"Mangaliyawas, Rajasthan",74.492705,26.278197000000002
MADARIHAT,MDT,NFR,West Bengal,"National Highway 31C, West Bengal",89.274559021,26.694551388
Dighwa Dubauli,DWDI,NER,Bihar,"Saran, Bihar",84.7432486377,26.2652295458
MAHUVA JN,MHV,WR,Gujarat,"Mahuva, Gujarat",71.756011,21.09412
Mahtha Bazar,MHBZ,NER,Uttar Pradesh,"Mahtha Bazar, Uttar Pradesh",82.957379,27.391561
Maniram,MIM,NER,Uttar Pradesh,"National Highway 29, Uttar Pradesh",83.342407,26.838267
Mirzapur Bachhaud,MBV,NWR,Haryana,"State Highway 26, Haryana",76.198447,28.077937000000002
Malad Gaon,MDDG,CR,Maharashtra,"National Highway 9 Daund, Maharashtra",74.596581,18.36212
Manjhlepur,MNJR,NR,Uttar Pradesh,"State Highway 38, Uttar Pradesh",81.178625,25.994578
Mandagere,MGF,SWR,Karnataka,"Mandya District, Karnataka",76.378905,12.730158
Goaldih,GADH,?,Orissa,"Padmapur, Orissa",85.54626499999999,21.726323
Makhdumpur Gaya,MDE,ECR,Bihar,"Jehanabad, Bihar",84.979105,25.077130999999998
Mahuda,MHQ,SER,Jharkhand,"National Highway 32, Jharkhand",86.27078300000001,23.747481
Maheshmunda,MMD,ER,Jharkhand,"Maheshmunda, Jharkhand",86.38903300000001,24.232416
MORANHAT,MRHT,NFR,Assam,"Sibsagar, Assam",94.9193076,27.1829782
MOTIMARI,MTMI,SCR,Andhra Pradesh,"Motimarri Station, Andhra Pradesh",80.320896,16.956602
MILAVITTAN,MVN,SR,Tamil Nadu,"Thoothukudi, Tamil Nadu",78.087335,8.811577000000002
MUNDKA,MQC,NR,Delhi NCT,"Mundka, Delhi NCT",77.0285688654,28.6884911989
MARSUL,MRV,SCR,Maharashtra,"Purna, Maharashtra",77.09815599999999,19.233398
MALLIYAM,MY,SR,Tamil Nadu,"State Highway 64, Tamil Nadu",79.595866,11.079116
MOHANPURA,MOPR,NR,Rajasthan,"National Highway 15, Rajasthan",73.845031,29.992445
MASUR,MSR,CR,Maharashtra,"Satara, Maharashtra",74.14420899999999,17.404241
MARTHIPALAYAM,MPLM,SR,Tamil Nadu,"Erode - Unjalur - Kodumudi - Karur Rd, Tamil Nadu",78.023359,11.021579000000001
NARODA,NRD,WR,Gujarat,"Ahmedabad, Gujarat",72.658017,23.085662
MAHUAWA KHURD,MUUA,NER,Uttar Pradesh,"State Highway 64, Uttar Pradesh",83.59392199999999,26.854361
MAHESANA JN,MSH,WR,Gujarat,"Mehsana, Gujarat",72.388708,23.602623
NILAJE,NIIJ,CR,Maharashtra,"Nilaje, Maharashtra",73.079908,19.155061999999997
MUKKALI,MUKE,SR,Kerala,"Chombala, Kerala",75.55036199999999,11.68423
MANABAR,MVF,ECoR,Orissa,"Manabar Station, Orissa",82.695903,18.839732
MYSORE JN,MYS,SWR,Karnataka,"JLB Road Mysore, Karnataka",76.646013,12.318946
Marpalli,MRF,SCR,Andhra Pradesh,"Veerlapally, Andhra Pradesh",77.771485,17.54542
Masarahalli,MSS,SWR,Karnataka,"Shimoga, Karnataka",75.735905,13.804192
Malatipur,MPE,ER,West Bengal,"Malotipur Railway Station, West Bengal",88.76282300000001,22.651892
Napasar,NPS,NWR,Rajasthan,"Napasar, Rajasthan",73.56399,27.980942000000002
Marandahalli,MZU,SWR,Tamil Nadu,"Dharmapuri, Tamil Nadu",78.01732899999999,12.388944
Malupota,MXP,NR,Punjab,"Phagwara - Mohali Expy, Punjab",75.965393,31.184014
Manpur Nagaria,MPG,NER,Uttar Pradesh,"State Highway 33, Uttar Pradesh",78.818201,27.908304
Mattagajpur,MTND,ECoR,Orissa,"Mattagajpur, Orissa",85.946128,20.441551999999998
PANDABESWAR,PAW,ER,West Bengal,"Bardhaman, West Bengal",87.277416,23.711965
MAIHAR,MYR,WCR,Madhya Pradesh,"Maihar, Madhya Pradesh",80.763148,24.255485
NIBKARORI,NBUE,NCR,Uttar Pradesh,"Nibkarori, Uttar Pradesh",79.40995965580001,27.3287489158
PARBHANI JN,PBN,SCR,Maharashtra,"Parbhani, Maharashtra",76.774119,19.257460000000002
PURNA JN,PAU,SCR,Maharashtra,"Purna, Maharashtra",77.024985,19.180526999999998
OSIYAN,OSN,NWR,Rajasthan,"Osiyan, Rajasthan",72.899779,26.729223
New Gitaldaha,NGTG,NFR,West Bengal,"New Gitaldaha, West Bengal",89.5868746,26.0707762
PAMBAN JN,PBM,SR,Tamil Nadu,"Pamban, Tamil Nadu",79.213482,9.279729
ORDI,ORDI,WR,Rajasthan,"National Highway 79, Rajasthan",74.6304202759,24.835766629899997
Naimisharanya,NM,NR,Uttar Pradesh,"MDR 74C, Uttar Pradesh",80.484435,27.355137
PALAIYAM,PALM,SR,Tamil Nadu,"Karur, Tamil Nadu",78.129081,10.718615000000002
PANCHOT,PHC,WR,Gujarat,"State Highhway 55, Gujarat",72.339879,23.635161999999998
NAWALGOHAN,NVLN,SCR,Maharashtra,"Hingoli, Maharashtra",77.1232722153,19.7986346861
NILESHWAR,NLE,SR,Kerala,"Nileswaram, Kerala",75.13575,12.255885000000001
NAWADIH,NWD,ECR,Bihar,"Nawada, Bihar",85.54864500000001,24.886758
Naya Nangal,NNGL,NR,Punjab,"Near CAN plant nangal, Punjab",76.35421099999999,31.378961
JAIMURTINAGAR F,JMM,,,,85.066065,26.836932
NADAPURAM ROAD,NAU,SR,Kerala,"Madappallly, Kerala",75.575581,11.639509
Nihasta Halt,NHF,NR,Uttar Pradesh,"State Highway 38, Uttar Pradesh",80.92503500000001,26.212312999999998
PANDAVAPURA,PANP,SWR,Karnataka,"SH 19 Junction Mandya District, Karnataka",76.681387,12.463018
NAVALUR,NVU,SWR,Karnataka,"Dharwad - Hubli Hwy, Karnataka",75.055491,15.415517999999999
NEYYATTINKARA,NYY,SR,Kerala,"Thiruvananthapuram, Kerala",77.08111000000001,8.41041
Nangal Pathani Halt,NLQ,NWR,Haryana,"Nangal Pathani, Haryana",76.496786,28.364489
Narimogaru,NRJ,SWR,Karnataka,"Puttur subrahmanya state highway 100, Karnataka",75.29242739200001,12.7463856826
Gandevi,GNV,WR,Gujarat,"Gandevi, Gujarat",,
Narkopi,NRKP,SER,Jharkhand,"Ranchi, Jharkhand",85.0156235815,23.3756204426
Ghonsor,GNS,SECR,Madhya Pradesh,"Ghansor, Madhya Pradesh",79.95091,22.658083
Nanpara Junction,NNP,NER,Uttar Pradesh,"Nanpara, Uttar Pradesh",81.512594,27.859887
Numaligarh,NMGY,NFR,Assam,"NMGY, Assam",93.865713,26.601184
Nepalganj Road,NPR,NER,Uttar Pradesh,"Midwest, Uttar Pradesh",81.60073,28.010872
Nimar Kheri,NKR,WR,Madhya Pradesh,"State Highway 27, Madhya Pradesh",76.150998,22.11119
Nautanwa,NTV,NER,Uttar Pradesh,"Nautanwa, Uttar Pradesh",83.42129700000001,27.42688
Narthamalai,NTM,SR,Tamil Nadu,"Trchy - Pudukottai - Ramanathapuram Rd, Tamil Nadu",78.78913999999999,10.506577
PADIYA NAQLA,PAQ,NER,Uttarakhand,"National Highway 74, Uttarakhand",78.90761,29.085837
PAKHNA,PKNA,NCR,Uttar Pradesh,"Pakhna, Uttar Pradesh",79.304318,27.302522
PARANGIPETTAI,PO,SR,Tamil Nadu,"Parangipettai, Tamil Nadu",79.73604499999999,11.476847000000001
PIPRI DIH,PPH,NER,Uttar Pradesh,"State Highway 67, Uttar Pradesh",83.500574,25.879046
PIPARPUR,PPU,NR,Uttar Pradesh,"State Highway 9, Uttar Pradesh",82.038949,26.137823
PASALAPUDI,PSLP,SCR,Andhra Pradesh,"Putlacheruvu, Andhra Pradesh",81.095153,16.470923000000003
MOTURU,OTR,SCR,Andhra Pradesh,"Coastal Andhra Region, Andhra Pradesh",81.051142,16.439968999999998
PILIODA,PDZ,WCR,Rajasthan,"SH 1, Rajasthan",76.86438199999999,26.606366
PANJ KOSI,PJK,NR,Rajasthan,"Diwan Khera, Rajasthan",74.057408,30.137676000000003
PAKKI,PKK,NR,Punjab,"National Highway 15, Punjab",74.35550400000001,30.164759
NAVIPET,NVT,SCR,Andhra Pradesh,"Nizamabad, Andhra Pradesh",78.013194,18.770457
PENGANGA,PGG,SCR,Maharashtra,"Washim, Maharashtra",77.1230451306,19.9603213601
Paliba,PBV,ECoR,Orissa,"Paliba Station, Orissa",82.695712,18.659914999999998
PARADGAON,PDG,SCR,Maharashtra,"Usmanpur, Maharashtra",76.14738700000001,19.629143
PANDU PINDARA,PPDE,NR,Haryana,"Jind, Haryana",76.37130800000001,29.307976
Pulicherla,PCL,SCR,Andhra Pradesh,"Pulicherla Station, Andhra Pradesh",79.040396,13.598983
BANDA JN,BNDA,NCR,Uttar Pradesh,"Banda(05192-224813), Uttar Pradesh",80.336246,25.477677
KILA RAIPUR,QRP,NR,Punjab,"Delhon Pakhowal Rd, Punjab",75.82748600000001,30.759177
PHALODI JN,PLCJ,NWR,Rajasthan,"Phalodi, Rajasthan",72.36686300000001,27.124914
Payagpur,PDR,NER,Uttar Pradesh,"State Highway 30, Uttar Pradesh",81.776186,27.407067
PORADANGA HALT,PRDG,ER,West Bengal,"Lalgola, West Bengal",88.2261646533,24.2602726462
PASUR,PAS,SR,Tamil Nadu,"Namakkal, Tamil Nadu",77.85708699999999,11.236640999999999
PURBASTHALI,PSAE,ER,West Bengal,"Purbasthali, West Bengal",88.323896,23.453302
PANCHARATNA,PNVT,NFR,Assam,"Makri Rail Station, Assam",90.55599600000001,26.158866
Haflong Hill,HFG,NFR,Assam,"North Cachar Hills, Assam",,
Pachperwa,PPW,NER,Uttar Pradesh,"Semari - Bisokhar Rd, Uttar Pradesh",82.657808,27.528038
PATHARKHOLA S,PKB,NFR,Assam,"NH54, Assam",93.1029777271,25.7789313494
PANITOLA,PNT,NFR,Assam,"A T Rd, Assam",95.2499423993,27.4967510918
Panangudi,PNGI,SR,Tamil Nadu,"Madurai - Thondi Rd, Tamil Nadu",78.612621,9.921169
PACHHAPUR,PCH,SWR,Karnataka,"Rustumpur, Karnataka",74.672174,16.093145
PALSI,PLV,CR,Maharashtra,"Wathar-Koregaon Rd, Maharashtra",74.111907,17.812195000000003
PRASADPUR,PRSP,NER,Uttar Pradesh,"Prasadpur, Uttar Pradesh",80.08117200000001,28.54694
Peppeganj,PJ,NER,Uttar Pradesh,"Sahibganj, Uttar Pradesh",83.294438,26.930569
PANSAR,PN,WR,Gujarat,"Palanpur, Gujarat",72.47975,23.307875
Puducherry,PDY,SR,Puducherry,"South Blvd, Puducherry",79.828127,11.925445999999999
Piska,PIS,SER,Jharkhand,"Ranchi, Jharkhand",85.20610187930001,23.3295427441
Padua,PFU,ECoR,Orissa,"Paduwa Station, Orissa",82.687882,18.396744
Nujella,NUJ,SCR,Andhra Pradesh,"Krishna, Andhra Pradesh",81.022402,16.386599
Hotar,HT,ER,West Bengal,"Sherpur Dhamua Rd, West Bengal",88.39900800000001,22.308540999999998
Pandrasali,PRSL,SER,Jharkhand,"National Highway 75, Jharkhand",85.806909,22.63341
Patapatnam,PHM,ECoR,Andhra Pradesh,"Srikakulam District, Andhra Pradesh",84.081469892,18.7407526287
PALAM,PM,NR,Delhi NCT,"Sadh Nagar I, Delhi NCT",77.09295,28.585656
PATULI,PTAE,ER,West Bengal,"State Highway 6, West Bengal",88.25171385990001,23.5475854116
BINKADAKATTI,BKIT,,,,75.5954738599,15.4367140478
PANDHARPUR,PVR,CR,Maharashtra,"Pandharpur Ph:02186-223227, Maharashtra",75.319283,17.66849
RAJOSI,ROS,NWR,Rajasthan,"MDR 79, Rajasthan",74.671814,26.312897
RAJKOT JN,RJT,WR,Gujarat,"Rajkot, Gujarat",70.803446,22.312206
INDORE JN BG,INDB,WR,Madhya Pradesh,"Indore, Madhya Pradesh",75.868429,22.71757
RAMGIRI,RGI,SWR,Karnataka,"Shivani Rd, Karnataka",76.1254542236,13.9501446899
RAYBAG,RBG,SWR,Karnataka,"Belagavi, Karnataka",74.80682566349999,16.483374512
SHRI VIJAINAGAR,SBNR,NWR,Rajasthan,"Vijaynagar, Rajasthan",73.523389,29.240494
PANIHAR,PNHR,WCR,Madhya Pradesh,"Gwalior, Madhya Pradesh",78.014931,26.099221
KERKHABARI,KRBR,,,,90.625041,26.300344
Parvezpur,PVZ,NWR,Rajasthan,"damkora, Rajasthan",75.728178,28.510828
PURANPUR,PP,NER,Uttar Pradesh,"Puranpur, Uttar Pradesh",80.150951,28.514911
RAJKIAWAS,RKZ,NWR,Rajasthan,"Marwar, Rajasthan",73.52353600000001,25.75038
RAMANAGARAM,RMGM,SWR,Karnataka,"Ramanagara, Karnataka",77.283451,12.720096
KOTHARIYA,RKY,WR,Gujarat,"State Highway 122, Gujarat",70.81438200000001,22.176807
RIBADA,RBR,WR,Gujarat,"State Highway 233, Gujarat",70.80095200000001,22.124961
Chak Pakhhewala,CKA,NR,Punjab,"Chimne Wala, Punjab",74.19716,30.434234
RATNAGIRI,RN,KR,Maharashtra,"Ratnagiri 02352228951, Maharashtra",73.356938,17.002793
Manipuram Cabin,MIX,,,,80.45759,16.29953
Rejinagar,REJ,ER,West Bengal,"National Highway 34, West Bengal",88.259255,23.850089999999998
Rahama,RHMA,ECoR,Orissa,"Nathang, Orissa",86.405224,20.298605
Rampahari,RMPH,NCR,Madhya Pradesh,"State Highway 2, Madhya Pradesh",77.357146,26.2365
Radha Balampur,RDV,NR,Uttar Pradesh,"State Highway 13A, Uttar Pradesh",81.107034,26.083856
Patuwas Mehrana,PUW,NWR,Haryana,"Mehrana, Haryana",76.33368800000001,28.557035
Ragaul,RGU,NCR,Uttar Pradesh,"Maudaha, Uttar Pradesh",80.129683,25.686945
Patiyara,PTYR,NR,Uttar Pradesh,"Patiyara, Uttar Pradesh",80.476502,26.627948
Penumarru,PUMU,SCR,Andhra Pradesh,"Koteparu, Andhra Pradesh",80.77586000000001,16.131433
Rangaliting,RNGG,NFR,Assam,"Rangaliting, Assam",93.918286,26.656417
RAYANAPAD,RYP,SCR,Andhra Pradesh,"Rayanapad Station, Andhra Pradesh",80.562937,16.577504
RAMANATHAPURAM,RMD,SR,Tamil Nadu,"Ramanathapuram, Tamil Nadu",78.83686200000001,9.358387
Safipur,SFPR,NR,Uttar Pradesh,"Unnao, Uttar Pradesh",80.35476700000001,26.744343999999998
Ratan Shahr,RSH,NWR,Rajasthan,"Jhunjhunu, Rajasthan",75.52398098632693,28.158119435028283
Jhilmili,JLY,SECR,Madhya Pradesh,"Jhilmili, Madhya Pradesh",79.154333,22.054052000000002
SINDHAWADAR,SDD,WR,Gujarat,"Sindhavadar, Gujarat",70.894135,22.546528000000002
SITIMANI,SII,SWR,Karnataka,"Dam Inspection Rd, Karnataka",75.865598,16.31992
SAHARSRAKUND,SHSK,SCR,Maharashtra,"Nanded, Maharashtra",78.00795299999999,19.402665
SUNAM,SFM,NR,Punjab,"Sunam, Punjab",75.808761,30.130335000000002
SHRI BHADRIYA LATHI,SBLT,NWR,Rajasthan,"Lathi, Rajasthan",71.515941,27.030421
SISWA BAZAR,SBZ,NER,Uttar Pradesh,"Siswa Bazar, Uttar Pradesh",83.7563490747,27.1495669522
SAGAULI JN,SGL,ECR,Bihar,"Sugauli, Bihar",84.73934,26.758187
SINGWAL,SGW,NWR,Rajasthan,"National Highway 79, Rajasthan",74.68275899999999,26.061014999999998
SARADHNA,SDH,NWR,Rajasthan,"Mangaliyawas, Rajasthan",74.5662047516,26.3404260124
SULEBHAVI,SBH,SWR,Karnataka,"Belagavi, Karnataka",74.641724,15.912563
SADAT,SDT,NER,Uttar Pradesh,"Mahpur Sadat Marg, Uttar Pradesh",83.308384,25.673309
SRINIVASA NAGAR,SHAN,SCR,Andhra Pradesh,"Ramanthapur, Andhra Pradesh",78.4619205481,17.9099557799
SIRNAPALLI,SCP,SCR,Andhra Pradesh,"Sirnapalli, Andhra Pradesh",78.271132,18.487478
RAJAWARI,RJI,NER,Uttar Pradesh,"National Highway 29, Uttar Pradesh",83.130772,25.497689
SENDRA,SEU,NWR,Rajasthan,"Sendra, Rajasthan",74.194143,26.077973999999998
Sakleshpur,SKLR,SWR,Karnataka,"Sakleshpur, Karnataka",75.778745,12.945368
SHIVANI,SHV,SWR,Karnataka,"Shivani Rd, Karnataka",76.0582362866,13.8111396742
RANAVAV,RWO,WR,Gujarat,"Ranavav, Gujarat",69.726078,21.698214
SHIROOR,SHMI,KR,Karnataka,"Uttara Kannada, Karnataka",74.59396600000001,13.930712
SHRIRANGAPATNA,S,SWR,Karnataka,"Mandya District, Karnataka",76.678033,12.4247
RAXAUL JN,RXL,ECR,Bihar,"Raxaul, Bihar",84.84456399999999,26.987018000000003
Sadulshahr,SDS,NWR,Rajasthan,"Sadul Shahar, Rajasthan",74.17270445264876,29.902641430417788
Shri Madhopur,SMPR,NWR,Rajasthan,"Sri Madhopur, Rajasthan",75.59829400000001,27.457628
Sham Chaurasi,SCQ,NR,Punjab,"Distt. Hoshiarpur, Punjab",75.76642,31.45851
Nangal Degrota,NDRT,,,,76.067464,28.367897
Sindri Block Hut,SDBH,ECR,Jharkhand,"Pathardih, Jharkhand",86.447091,23.692944
Jandwala Kharta,JWKA,,,,74.0290537952,30.3576339273
SAMLOTI,SMLT,NR,Himachal Pradesh,"National Highway 20, Himachal Pradesh",76.360945,32.098872
SAKTESGARH,SKGH,NCR,Uttar Pradesh,"Saktesgarh Railway Station, Uttar Pradesh",82.821887,24.999741
SANGANAPUR,SNGR,SCR,Maharashtra,"State Highway 148, Maharashtra",76.7364,19.188596
SHEOPRASADNAGER,SPDR,SECR,Chhattisgarh,"National Highway 78, Chhattisgarh",82.78985700000001,23.303628
SALEMPUR JN,SRU,NER,Uttar Pradesh,"Salempur, Uttar Pradesh",83.923271,26.298048
SONA ARJUNPUR,SNAP,NR,Uttar Pradesh,"State Highway 57, Uttar Pradesh",77.4525283289,29.7582805083
SATTIRAKKUDI,SQD,SR,Tamil Nadu,"Ramanathapuram, Tamil Nadu",78.704868,9.400229
SANKARAGUMMANUR HALT,SNKG,SCR,Andhra Pradesh,"National Highway 63, Andhra Pradesh",77.235523,15.167166
SONI,SONI,NCR,Madhya Pradesh,"SH 19, Madhya Pradesh",78.55522599999999,26.527305000000002
SAMUDRAGARH,SMAE,ER,West Bengal,"Samudragarh, West Bengal",88.324967,23.335767
SAFILGUDA,SFX,SCR,Andhra Pradesh,"Secunderabad, Andhra Pradesh",78.53311000000001,17.461671
SHELGOAN H,SLGH,SCR,Maharashtra,"Mudkhed, Maharashtra",77.5883907849,19.080130931400003
SAUNSHI,SNH,SWR,Karnataka,"Saunshi, Karnataka",75.295781,15.206786
SURSARAIGHAT JH,SSGJ,WCR,Madhya Pradesh,"Shidi, Madhya Pradesh",82.124918,24.023428
Pedana,PAV,SCR,Andhra Pradesh,"Pedana, Andhra Pradesh",81.143792,16.252107000000002
SUJATA PURAM HALT,SJPM,SWR,Karnataka,"Nanjangudu, Karnataka",76.675521,12.140253000000001
SATARA,STR,CR,Maharashtra,"SH 58, Maharashtra",74.063727,17.688361
Sravanur,SRVN,SWR,Karnataka,"Sravanur, Karnataka",76.355604,12.743443
Sikroda,SKU,NCR,Madhya Pradesh,"Morena(0753-2226392), Madhya Pradesh",77.73236299999999,26.336915
SALBONI,SLB,SER,West Bengal,"Salbani, West Bengal",87.321899,22.640971
SIRJAM,SRJM,SER,West Bengal,"Purulia District, West Bengal",86.83509699999999,23.403864
SHAKURBASTI,SSB,NR,Delhi NCT,"Pitampura, Delhi NCT",77.1299115857,28.680227328700003
Shimla,SML,NR,Himachal Pradesh,"Shimla, Himachal Pradesh",77.159932,31.102794
Khario P.H.,KARO,?,,,86.192092,23.835655
Sukna,SN,NFR,West Bengal,"Hill Cart Rd, West Bengal",88.363493,26.790887
Somankatti,SMKT,SWR,Karnataka,"State Highway 30, Karnataka",75.632594,15.766715999999999
Sirhi Itara,SIRA,NCR,Uttar Pradesh,"Sirhiltara, Uttar Pradesh",80.21523499999999,26.367008000000002
Shohratgarh,SOT,NER,Uttar Pradesh,"Railway Station, Uttar Pradesh",82.96929300000001,27.374710999999998
Sirsi Mukhdumpr,SRMP,NR,Uttar Pradesh,"Sirsi Mukhdumpr, Uttar Pradesh",78.635169,28.633209
Suratpura,SURP,NWR,Rajasthan,"National Highway 65, Rajasthan",75.406758,28.661958
Patansaongi,PTS,SECR,Maharashtra,"Nagpur, Maharashtra",79.010677,21.344445
Sirry,SIY,SECR,Chhattisgarh,"National Highway 43, Chhattisgarh",81.731233,20.990441
Kabakaputtur,KBPR,SWR,Karnataka,"Puttur, Karnataka",75.2045015,12.7683965
Sonwara,SWO,NR,Himachal Pradesh,"National Highway 22, Himachal Pradesh",77.004229,30.894075
SIBSAGAR TOWN,SRTN,NFR,Assam,"Sibsagar, Assam",94.643517,26.989967999999998
Jamdha,JMD,CR,Maharashtra,"Jamda, Maharashtra",74.98554700000001,20.574085
THAN JN,THAN,WR,Gujarat,"Thangadh, Gujarat",71.20653300000001,22.578960000000002
TATTAPPARAI,TIP,SR,Tamil Nadu,"State Highway 77, Tamil Nadu",78.022486,8.828581
THANJAVUR,TJ,SR,Tamil Nadu,"Thanjavur, Tamil Nadu",79.138296,10.778085
TIPPAPUR,THPR,SCR,Andhra Pradesh,"National Highway 7, Andhra Pradesh",78.3773798279,18.1941221367
SURENDRANAGAR,SUNR,WR,Gujarat,"Surendra Nagar, Gujarat",71.630056,22.7443
TALMADUGU,TLMG,?,Andhra Pradesh,"Sitagondi, Andhra Pradesh",78.3963542407,19.6417758258
TILONIYA,TL,NWR,Rajasthan,"Ajmer, Rajasthan",74.93419399999999,26.652675
SUNAMAI HALT,SUNM,NR,Uttar Pradesh,"Sunamai, Uttar Pradesh",78.22052500000001,28.097372
THALYAT HAMIRA,THM,NWR,Rajasthan,"Hamira, Rajasthan",71.077426,26.992725999999998
TINAI GHAT,TGT,SWR,Karnataka,"National Highway 4A, Karnataka",74.404471,15.449131999999999
Sevaliya,SVL,WR,Gujarat,"Sevaliya, Gujarat",73.344328,22.807897
TOVALAI,THX,SR,Tamil Nadu,"Thovalai, Tamil Nadu",77.5062158319,8.2282578413
THARWAI,THW,NR,Uttar Pradesh,"Tharwai, Uttar Pradesh",81.91469331479999,25.539218856799998
SAVANUR,SVNR,SWR,Karnataka,"State Highway 6, Karnataka",75.4063188531,14.9617089325
Sagarkatte,STE,SWR,Karnataka,"Sagarkatte, Karnataka",76.4788766602,12.423381703999999
THANA BHAWAN TN,TBTN,NR,Uttar Pradesh,"Thana Bhawan, Uttar Pradesh",77.402047,29.581129999999998
TIMMACHIPURAM,TIC,SR,Tamil Nadu,"Karur, Tamil Nadu",78.37531,10.952368
TANDA URMAR,TDO,NR,Punjab,"Urmar Tanda, Punjab",75.637595,31.672179
Shahbaznagar,SZN,NER,Uttar Pradesh,"Shahbaznagar, Uttar Pradesh",79.88703000000001,27.928906
Sivadi,SZV,SWR,Tamil Nadu,"Dharmapuri, Tamil Nadu",78.118844,12.039871999999999
Timba Road,TBA,WR,Gujarat,"National Highway 59, Gujarat",73.385859,22.781628
Subhagpur,SUBR,NER,Uttar Pradesh,"MDR 10E, Uttar Pradesh",82.01764299999999,27.26251
Saragbundia,SRBA,SECR,Chhattisgarh,"Janjgir-Champa, Chhattisgarh",82.732324,22.212297
Silak Jhori,SZY,ECoR,Chhattisgarh,"National Highway 16, Chhattisgarh",81.672904,18.982188
Takipur,TKP,ER,West Bengal,"National Highway 60, West Bengal",87.92059400000001,24.303242
Sirajnagar Halt,SRJN,ER,West Bengal,"Sirajnagar, West Bengal",88.27076000000001,23.818590999999998
Sondalia,SXC,ER,West Bengal,"Sondalia Railway Station, West Bengal",88.58227500000001,22.682186
Telibandha,TBD,SECR,Chhattisgarh,"Telibandha, Chhattisgarh",81.67053,21.235642
TINDAULI,TNUE,NCR,Uttar Pradesh,"Tindauli, Uttar Pradesh",78.92129,27.183053
TIRUNAGESVARAM,TRM,SR,Tamil Nadu,"Ayyavadi, Tamil Nadu",79.428212,10.975208
TILWARA,TWL,NWR,Rajasthan,"Barmer, Rajasthan",72.078131,25.893262
TURTIPAR,TTI,NER,Uttar Pradesh,"Mujouna Gawn, Uttar Pradesh",83.89084100000001,26.16121
UPPALAVAI,UPW,SCR,Andhra Pradesh,"Uppalwai Main Rd, Andhra Pradesh",78.316108,18.424892
UGRASENPUR,URPR,NR,Uttar Pradesh,"Janghai, Uttar Pradesh",82.189171,25.568212
VALLABHNAGAR,VBN,NWR,Rajasthan,"MDR 36A, Rajasthan",74.018709,24.690424
Tuwa,TUWA,WR,Gujarat,"National Highway 59, Gujarat",73.463163,22.800702
UNJHA,UJA,WR,Gujarat,"Unjha, Gujarat",72.381669,23.796456
VENDRA,VND,SCR,Andhra Pradesh,"Mogollu Rd, Andhra Pradesh",81.56909499999999,16.578434
VIRAPUR,VP,SCR,Andhra Pradesh,"Anantapur, Andhra Pradesh",77.131692,15.158976
TAVARGATTI,TVG,SWR,Karnataka,"State Highway 34, Karnataka",74.6628751227,15.414853643999999
TIRUCHIRAPPALLI FORT,TP,SR,Tamil Nadu,"Tiruchirapalli Fort Station Road, Tamil Nadu",78.688891,10.825594
UNAULA,UNLA,NER,Uttar Pradesh,"Gorakhpur, Uttar Pradesh",83.471435,26.788432
KHARPOKHRA,KPB,ECR,,,84.1526926862,27.1425658407
VERAVAL,VRL,WR,Gujarat,"Veraval, Gujarat",70.370689,20.913351
VEER,VEER,KR,Maharashtra,"Lonere - Mangaon 02145270055, Maharashtra",73.3300770068,18.113401793300003
VAIBHAVWADI RD,VBW,KR,Maharashtra,"Sindhudurg, Maharashtra",73.707645,16.512013
Tehta,THA,ECR,Bihar,"Tehta, Bihar",84.98502287230001,25.1130684669
VERNA,VEN,KR,Goa,"South Goa 0832-2754289, Goa",73.912519,15.353587
Trilokpur,TPB,NER,Uttar Pradesh,"Semari - Bisokhar Rd, Uttar Pradesh",82.701077,27.508190000000003
Dibnapur,DBNR,NER,Uttar Pradesh,"Dibnapur, Uttar Pradesh",79.51619,28.524363
Tomka,TMKA,ECoR,Orissa,"Orissa, Orissa",85.975352,21.107333
Ujhani,UJH,NER,Uttar Pradesh,"Ujhani, Uttar Pradesh",79.01491,27.995236
Ubarni,UBN,NR,Uttar Pradesh,"National Highway 24B, Uttar Pradesh",81.163629,26.118214000000002
Tumsar Town,TMS,SECR,Maharashtra,"State Highway 249, Maharashtra",79.741784,21.383833000000003
Tyada,TXD,ECoR,Andhra Pradesh,"Vishakhapatnam, Andhra Pradesh",83.04218999999999,18.217966999999998
Uttangal Mangalam,UMG,SR,Tamil Nadu,"State Highway 10, Tamil Nadu",79.419161,11.535044000000001
CHENNAI PARK TOWN,MPKT,SR,Tamil Nadu,"Chennai, Tamil Nadu",80.27598499999999,13.07995
WARANGAL,WL,SCR,Andhra Pradesh,"Warangal, Andhra Pradesh",79.604929,17.972477
MAU RANIPUR,MRPR,NCR,Uttar Pradesh,"NH 75, Uttar Pradesh",79.136793,25.261270999999997
VARVALA,VVA,WR,Gujarat,"Jamnagar, Gujarat",68.9678414502,22.2995032641
MAHISGAON,MGO,CR,Maharashtra,"State Highway 77, Maharashtra",75.501817,18.111324
ZAWAR,ZW,NWR,Rajasthan,"National Highway 8, Rajasthan",73.731959,24.358621
WARIS ALEGANJ,WRS,ECR,Bihar,"Warisaliganj, Bihar",85.642177,25.015425
Vazeerpur Halt,VZPH,NER,Uttar Pradesh,"Lilhar Mudia Link Rd, Uttar Pradesh",79.86398899999999,28.148542000000003
JAM WANTHALI,WTJ,WR,Gujarat,"Ranuja Village Rd, Gujarat",70.321802,22.429409
PATHRI,PRI,NR,Uttarakhand,"Haridwar, Uttarakhand",78.076506,29.851996
VENTRAPRAGADA,VPG,SCR,Andhra Pradesh,"Krishna, Andhra Pradesh",80.914447,16.473819
VIVEKANAND PURI HALT,VVKP,NR,Delhi NCT,"Sarai Rohilla, Delhi NCT",77.183702,28.664098
PHUSRO,PUS,ECR,,,86.01025,23.767488999999998
VASCO DA GAMA,VSG,SWR,Goa,"Mormugao, Goa",73.813425,15.397241000000001
Vadali Luter Road,VLTR,WR,Gujarat,"Vadali Luter, Gujarat",73.135398,23.078738
Lekoda,LOD,WR,Madhya Pradesh,"Ujjain, Madhya Pradesh",75.69849099999999,23.075768
VIJAYANAGAR,VJR,SWR,Maharashtra,"Miraj Road, Maharashtra",74.696289906,16.7778119655
VIRPUR,VRR,WR,Gujarat,"Rajkot, Gujarat",70.707212,21.848343
Ore Halt,OREH,?,,,84.991898,24.915065
YUSUFPUR,YFP,NER,Uttar Pradesh,"MDR 94E, Uttar Pradesh",83.74868400000001,25.639006
VIJPADI ROAD,VJD,WR,Gujarat,"Dolti-Rajula Rd, Gujarat",71.449442,21.17981
MANAVASI,MVS,SR,Tamil Nadu,"Manavasi, Tamil Nadu",78.220496,10.934013
VINHERE,VINH,KR,Maharashtra,"Raigad, Maharashtra",73.38400999999999,17.907649
MURDESHWAR,MRDW,KR,Karnataka,"Murudeshwara, Karnataka",74.50524700000001,14.100277
KUNDAPURA,KUDA,KR,Karnataka,"Basrur, Karnataka",74.728366,13.612909
KANHANGAD,KZE,SR,Kerala,"Kanhangad, Kerala",75.08524799999999,12.320267999999999
NARI ROAD,NROD,WR,Gujarat,"SH 6, Gujarat",72.08143399999999,21.758482
Wadegaon,WDG,SECR,Maharashtra,"Warsa Rd, Maharashtra",79.981617,20.76451
Visavadar,VSW,WR,Gujarat,"Visavadar, Gujarat",70.755622,21.341738000000003
Narayanpet Road,NRPD,SCR,Karnataka,"SH 51, Karnataka",,
Solan Brewery,SBY,NR,Himachal Pradesh,"Solan, Himachal Pradesh",,
Kasganj Mg,KSJF,NER,Uttar Pradesh,"Kasganj, Uttar Pradesh",78.64517,27.801268
Wan Road,WND,SCR,Maharashtra,"Dhulghat, Maharashtra",76.82043300000001,21.21501
Vadalur,VLU,SR,Tamil Nadu,"Vadalur, Tamil Nadu",79.547974,11.557654999999999
Vallivedu,VLV,SCR,Andhra Pradesh,"Vallivedu, Andhra Pradesh",79.068221,13.528576
Mani Halt,MANI,ECR,Bihar,"Mani, Bihar",84.23126776609999,25.1739936806
TADLA PUSAPALLI,TAA,SCR,Andhra Pradesh,"Mahbubabad, Andhra Pradesh",79.9541837128,17.626312868499998
CHORGI,CHRG,SWR,Karnataka,"Bijapur, Karnataka",75.869711,17.175076999999998
Saniyad,SNAD,WR,Gujarat,"Palej, Gujarat",,
Sardarshahr,SRDR,NWR,Rajasthan,"SH 6, Rajasthan",74.47905756533146,28.439590510764504
Saraygarh,SRGR,ECR,Bihar,"Saraygarh, Bihar",,
PARTUR,PTU,SCR,Maharashtra,"Jalna, Maharashtra",76.212767,19.575715
AGORI KHAS,AGY,NCR,Uttar Pradesh,"State Highway 5, Uttar Pradesh",83.056105,24.59896
SHIVPURI,SVPI,WCR,Madhya Pradesh,"Shivpuri, Madhya Pradesh",77.638246,25.438444
MASANGAON,MUO,WCR,Madhya Pradesh,"Harda, Madhya Pradesh",77.005257,22.272733000000002
KATWA,KWAE,ER,West Bengal,"Katwa, West Bengal",88.124085,23.640315
VANI ROAD,VNRD,WR,Gujarat,"State Highway 17, Gujarat",72.0035287323,23.0950624331
JARANGDIH,JAN,ECR,,,85.92881,23.769553
BOISAR,BOR,WR,Maharashtra,"Boisar, Maharashtra",72.76189900000001,19.7985273
Waghai,WGI,WR,Gujarat,"Waghai, Gujarat",73.50047372281551,20.772638155885446
BASMAT,BMF,SCR,Maharashtra,"Basmath, Maharashtra",77.15177759640001,19.3334723149
CHARALI,CGF,NFR,Assam,"Madhubon to Naoholia Rd, Assam",95.3509509503,27.4496656596
KANCHIPURAM,CJ,SR,Tamil Nadu,"Kanchipuram, Tamil Nadu",79.70314900000001,12.848947
CHAKDAYALA,CKDL,NR,Jammu and Kashmir,"Chhan Rorian, Jammu and Kashmir",75.304858,32.478914
CHHATNA,CJN,SER,West Bengal,"Chhatna, West Bengal",86.975734,23.305386000000002
SAVARDA,SVX,KR,Maharashtra,"Ratnagiri, Maharashtra",73.515528,17.405007
Udairampur,URP,ER,West Bengal,"Udairampur, West Bengal",88.273732,22.100085
Satrod,STD,NWR,Haryana,"Haryana, Haryana",75.82118,29.108936
Chhanva,CHHU,SER,Orissa,"Mayurbhanj, Orissa",86.194643,22.3355771
PARASHSHALA,PASA,SR,Kerala,"Parassala, Kerala",77.16548966,8.3398400051
KHADAPA,KDPA,ECoR,,,82.445719,19.00582
Nim Ka Thana,NMK,NWR,Rajasthan,"Neem Ka Thana, Rajasthan",75.779691,27.741573
Khelpatta,KLAT,,,,77.872524,21.274489000000003
Murhari Halt,MUHI,,,,85.5330143262,25.341408340100003
Saonga Halt,SZH,SECR,Madhya Pradesh,"Saonga, Madhya Pradesh",78.871166,21.520105
Dum Dum Cantt.,DDC,ER,West Bengal,"Dum Dum Cantt, West Bengal",88.411641,22.636349000000003
Plassey,PLY,ER,West Bengal,"Plassey, West Bengal",88.28447,23.777986000000002
Chakur,CKX,SCR,Maharashtra,"MSH3, Maharashtra",76.8840283246,18.4875607596
Pacharmalikpura,PCMK,NWR,Rajasthan,"State Highway 19, Rajasthan",75.389317,27.201471
Barchi Road,BCRD,CR,Madhya Pradesh,"State Highway 26, Madhya Pradesh",78.311632,21.951502
Bundi,BUDI,WCR,Rajasthan,"Bundi, Rajasthan",75.65069899999999,25.407922
Champajharam,CJQ,SER,Orissa,"National Highway 23, Orissa",84.90421199999999,22.101526
VIKRAMNAGAR,VRG,WR,Madhya Pradesh,"Ujjain, Madhya Pradesh",75.817754,23.162187
BELLARY CANT,BYC,SWR,Karnataka,"Bellary, Karnataka",76.89450500000001,15.150286000000001
BUTEWALA,BWF,NR,Punjab,"Village Sadhara Rd, Punjab",74.896803,31.080357
Sarsonpuri,SPY,SECR,Chhattisgarh,"National Highway 43, Chhattisgarh",81.638003,20.780632
BANIYA SANDA DHORA,BSDA,NWR,Rajasthan,"Barmer, Rajasthan",71.668563,25.860229999999998
BARPATHAR,BXP,NFR,Assam,"Railway Station, Assam",93.899672,26.274562
GAMBHIRI ROAD,GRF,WR,Rajasthan,"National Highway 79, Rajasthan",74.671009,24.693873
BERACH JN CABIN,BEC,,,,74.61523199999999,24.896441999999997
PARAS PANI,PPNI,,,,83.04895300000001,24.38141
Nathdwara,NDT,NWR,Rajasthan,"SH 49, Rajasthan",73.909396,24.92025
JAUNPUR JN,JNU,NR,Uttar Pradesh,"Jaunpur, Uttar Pradesh",82.69969599999999,25.762849
UMRI,UMRI,SCR,Maharashtra,"Nanded, Maharashtra",77.642682,19.0418
BILLI,BXLL,ECR,Uttar Pradesh,"Obra, Uttar Pradesh",83.011944,24.453381
Bahrupiya Halt,BHPA,ER,West Bengal,"Bahirpuya, West Bengal",88.349067,22.22962
SHAHPUR PATOREE,SPP,ECR,Bihar,"Samastipur, Bihar",85.5813,25.639425999999997
Maheshari Sandhuan,MSSD,NR,Punjab,"Firozpur Rd, Punjab",74.992929,30.848579
AISHBAGH,ASSH,,,,80.908616,26.836088
VADAKARA,BDJ,SR,Kerala,"Calicut, Kerala",75.5869409,11.593321399999999
Khairadih Halt,KADH,ECR,Bihar,"Khairadih, Bihar",84.054715,25.035047
BHEDUASOL,BXL,SER,West Bengal,"National Highway 60, West Bengal",87.13517327999999,23.1943639299
AMARPURA RATHAN,AMPR,NWR,Rajasthan,"MDR 103, Rajasthan",74.078953,29.483399000000002
BHINWALIYA,BWA,NWR,Rajasthan,"Pindwara, Rajasthan",73.4924808,25.5596627
Jagnath Road Halt,JNX,NWR,Rajasthan,"Jalor, Rajasthan",72.62821,25.270948
Marwar Balia,MBSK,NWR,Rajasthan,"Marwar, Rajasthan",74.545106,27.357827
Beniganj,BEJ,NR,Uttar Pradesh,"Sitapur, Uttar Pradesh",80.440599,27.299916
Bansadhara Halt,BSDR,ECoR,Andhra Pradesh,"Lihuri Rd, Andhra Pradesh",83.822754,18.970276000000002
Sonarpur Junction,SPR,ER,West Bengal,"Kolkata, West Bengal",88.429773,22.443359
Sonekpur Halt,SPB,NR,Uttar Pradesh,"Bilari, Uttar Pradesh",78.69314200000001,28.630277
Pipla Halt,PQA,SECR,Maharashtra,"Pipla, Maharashtra",79.06675999999999,21.312575
Biraul,BIRL,ECR,Bihar,"Darbhanga, Bihar",86.233733,25.937062
Gurthuri,GRZ,NR,,,76.177379,29.648169000000003
Jaintipura,JNT,?,Punjab,"National Highway 15, Punjab",75.10219199999999,31.773393000000002
Pindkepar Halt,PQH,,,,80.18200300000001,21.304069
Jenal,JNZ,NWR,Gujarat,"Bhildi, Gujarat",72.0377359918,24.3273122158
Pariawan Kalakankar Road,PQN,NR,Uttar Pradesh,"Pwn Klaknder Rd, Uttar Pradesh",81.368601,25.825794000000002
Jamuniatand,JNN,ECR,Jharkhand,"Jamuniatand, Jharkhand",86.191952,23.75454
Chauki Man,CKM,NR,Punjab,"Chauki Maan, Punjab",75.56567299999999,30.814885999999998
Shimoga Bidare,BEI,,,,75.64768061160001,13.9025358525
Budaun,BEM,NER,Uttar Pradesh,"Badaun, Uttar Pradesh",79.1360237,28.0274922
Methi Tikur,METR,,,,80.418467,26.698845
Bhiwapur,BWV,SECR,Maharashtra,"Bhiwapur, Maharashtra",79.51148736,20.76925671
SAWAI MADHOPUR D CABIN,SMDC,,,,76.375851,26.0356
ADITPARA,APQ,,,,69.6779178894,21.67359117
MOTA,MOTA,NCR,Uttar Pradesh,"Mota, Uttar Pradesh",79.2537294641,27.2889777447
SEWA NAGAR,SWNR,NR,Delhi NCT,"South Extension 1, Delhi NCT",77.22770799999999,28.579299000000002
LOLIYA,LO,WR,Gujarat,"State Highway 1, Gujarat",72.166923,22.512244
Nonar Halt,NON,,,,84.3707734497,25.2864711772
HADALA BHAL,HLB,WR,Gujarat,"Limbadi to Hadala Rd, Gujarat",72.13179600000001,22.487223
RAILA ROAD,RLR,NWR,Rajasthan,"Raila, Rajasthan",74.596325,25.630348
ITWAN DUNDAILA,EDA,,,,80.84270550779999,24.939958728
PHIDING,PDJ,,,,93.14983,25.221835000000002
SHAHABAD MOHAMADPUR,SMDP,NR,Delhi NCT,"Dwarka, Delhi NCT",77.071838,28.560927
KOTANA,KTOA,NWR,Rajasthan,"Kotana, Rajasthan",73.72634199999999,23.916929999999997
TURINJAPURAM,TJM,,,,79.090728,12.336963
KOYILVENNI,KYV,SR,Tamil Nadu,"Kovilvenni, Tamil Nadu",79.368646,10.776294
ROHEDNAGAR HALT,ROHN,NR,Haryana,"Delhi-Rohtak Corridor, Haryana",76.8140929907,28.7611280103
SUNDARAPERUMAL KOVIL,SPL,SR,Tamil Nadu,"Thanjavur, Tamil Nadu",79.30063,10.941722
NOYAL,NOY,,,,77.93176899999999,11.060239
KACHHIYANA HALT,KCYN,,,,85.98011055180001,25.1331170814
LORWADA,LW,,,,72.08968,24.217193
EDDULADODDI,EDD,SCR,Andhra Pradesh,"Pyapili, Andhra Pradesh",77.589906,15.329698
HARLAPUR,RLP,SWR,Karnataka,"National Highway 63, Karnataka",75.799259,15.434833000000001
GHORASAHAN,GRH,,,,85.12762727,26.82028731
Nigohi,NOH,NER,Uttar Pradesh,"Nigohi, Uttar Pradesh",79.8785035535,28.0989194076
ALAWALPUR I PUR,AIH,NR,Uttar Pradesh,"Alawalpur, Uttar Pradesh",77.27163889890001,29.0477960432
DIPHU,DPU,NFR,Assam,"Diphu, Assam",93.438384,25.83725
Mathurapur Road,MPRD,ER,West Bengal,"State Highway 3, West Bengal",88.390923,22.140587
DALDALI,DLDE,NFR,Assam,"Diphu, Assam",93.51715200000001,25.820221
LONDA JN,LD,SWR,Karnataka,"Londa, Karnataka",74.496982,15.450273
BHITI,BYH,NER,Uttar Pradesh,"Handia, Uttar Pradesh",82.261348,25.333548
DAMANPUR,DPO,,,,89.53636700000001,26.53866
Halisahar,HLR,ER,West Bengal,"Kanchrapara, West Bengal",88.436792,22.921498999999997
Tejpurwa Halt,TJW,,,,84.819703,25.940085
Heelalige,HLE,SWR,Karnataka,"Chandapura -Dommasandra Road Bengaluru, Karnataka",77.710974,12.813180000000001
Dhapewara,DPW,SECR,Madhya Pradesh,"State Highway 11, Madhya Pradesh",80.1913272595,21.872721159199997
Semmandappatti,SMDT,SWR,Tamil Nadu,"Salem, Tamil Nadu",78.0260572961,11.7955548355
Balwara,BAWA,NWR,Rajasthan,"State Highway 38, Rajasthan",72.5545000909,25.5031445488
Rakhitpur,RKJE,ECR,Jharkhand,"Jairampur More to Baliapur, Jharkhand",86.490871,23.725742
Limarua,LMU,SECR,Madhya Pradesh,"Chiraidongri, Madhya Pradesh",80.349702,22.524250000000002
Kalol Jn,KLLF,,,,72.50348000000001,23.244426
Lain Bazar,LB,,,,84.2806012268,26.429190879300002
Kaniuru Halt,KNYR,SWR,Karnataka,"Kaniyoor, Karnataka",75.365526,12.717207
Ambapendarpur Halt,APP,,,,85.5297094055,25.2669627882
Kadi,KADI,WR,Gujarat,"Kadi, Gujarat",72.326105,23.292133
Anipur,APU,NFR,Assam,"Anipur, Assam",92.43452699999999,24.545735999999998
Amarpur Jorasi,APJ,NWR,Rajasthan,"Narnaul, Rajasthan",76.07610899999999,28.02178
Aruppukkottai,APK,,,,78.10189147,9.524631680999999
Akkaraippatti,API,,,,77.92262799379999,10.3998079865
Kotlakheri,KTKH,WR,Madhya Pradesh,"East Nimar, Madhya Pradesh",76.173654,22.078204
KESARIYA ROAD,KXZ,,,,71.814406,22.908845999999997
SALABAD,SABD,,,,77.310319,26.984965
KHUKRANA,KURN,,,,76.924226,29.400184
KURIA,KXR,,,,85.005407,26.468217
Kalladaka,KLKH,,,,75.05984199999999,12.845834
Bhatariya,BTYA,,,,72.274465,23.438252
RAJA KA SAHASPUR,RJK,NR,Uttar Pradesh,"Bilari, Uttar Pradesh",78.780097,28.626216
KOTMA,KTMA,SECR,Madhya Pradesh,"Kotma, Madhya Pradesh",81.979022,23.202833000000002
BHUSAWAL B CABIN,BSBN,,,,75.822458,21.049919000000003
PASHWASHRAYA,PSRY,,,,88.40378299999999,26.763435
Chak Banwala,CKLA,NR,Punjab,"Chimne Wala, Punjab",74.133437,30.423043
JIRIGHAT,JIGT,,,,93.08687905000001,24.8100917
Kadiyadra,KADR,WR,Gujarat,"State Highway 10, Gujarat",73.057502,23.885219
TAJPUR DEHMA,TJD,NER,Uttar Pradesh,"Gosalpur Rd, Uttar Pradesh",83.92969,25.728138
CHALGERI,CLI,SWR,Karnataka,"Chalageri, Karnataka",75.73529039,14.5614031141
JOGESHWAR BIHAR,JGBR,,,,85.6267,23.746057
SOLDEVANAHALLI,SDVL,SWR,Karnataka,"Bengaluru, Karnataka",77.490385,13.091395
LOLIEM,LOL,,,,74.08778,14.939155
Kirmiti Mendha,KMMD,,,,79.774173,20.593933
KHARIA-PIPRA HALT,KRPC,,,,82.724227,18.807373000000002
BELSIRI,BLRE,,,,92.51446299999999,26.800480999999998
DHARMINIYA,DRQ,,,,84.793439,26.865524999999998
DHOGRI,DRE,NR,Punjab,"Dhogri, Punjab",75.635791,31.40278
KAIKOLUR,KKLR,SCR,Andhra Pradesh,"Kaikalur, Andhra Pradesh",81.21831599999999,16.551026
KAIYAL SEDHAVI,KYSD,WR,Gujarat,"State Highway 217, Gujarat",72.428861,23.427144
Kallur Yedahli,KLYH,SWR,Karnataka,"Kallur Yedahli, Karnataka",76.497258,12.421123999999999
KAIYAL SEDHAVI,KYSB,,,,72.428531,23.426814
Dodhi,DHE,NER,Uttar Pradesh,"Dodhi, Uttar Pradesh",82.998947,25.604879
Baradev,BRDV,NR,Uttar Pradesh,"State Highway 38, Uttar Pradesh",80.4119287744,26.7017793648
Tarrakalan,TKLN,NCR,Madhya Pradesh,"Tarrakalan, Madhya Pradesh",76.901807,25.971659
Makhi,MKHI,NR,Uttar Pradesh,"Unnao, Uttar Pradesh",80.46113700000001,26.661427
Chilakalapudi,CLU,SCR,Andhra Pradesh,"Machilipatnam, Andhra Pradesh",81.162137,16.202721
Bardhana Halt,BRDH,,,,78.799478,22.136014999999997
Parsneu,PSV,,,,74.378783,28.037882999999997
Delhi Hazrat Nizamuddin,HNZM,,,,77.253929,28.58701
Takli Bhansali,TKLB,SECR,Maharashtra,"National Highway 69, Maharashtra",78.983053,21.361133
Patansaongi Town Halt,PSX,SECR,Maharashtra,"Patansaongi, Maharashtra",79.025915,21.335452
Mumbai Central,BCT,WR,Maharashtra,"Mumbai, Maharashtra",72.819383,18.970667
PADAMPUR,PDF,,,,70.836786,23.519468000000003
Tindharia,TDH,NFR,West Bengal,"National Highway 55, West Bengal",88.332848,26.851551
KHADA,KZA,NER,Uttar Pradesh,"Khadda Katai Bharpurva Bandh, Uttar Pradesh",83.868376,27.182926
RAMGANGA,RGBD,,,,79.37463899999999,28.297728
QUBARWALA,QBW,,,,74.417372,30.175886000000002
PIPARAHAN HALT,PPRH,,,,85.246908,26.224332999999998
DET,DET,,,,74.641128,25.01154
ADHICHCHANUR,ACN,,,,79.182478,12.05415
KOPARLAHAR,KPLR,NR,Himachal Pradesh,"National Highway 88, Himachal Pradesh",76.25044299999999,32.05191
MAKANSAR,MU,,,,70.90609338009999,22.7603546992
RISHIKESH,RKSH,NR,Uttarakhand,"Rishikesh, Uttarakhand",78.287498,30.107173
NAZARBAG,NZG,,,,70.855228,22.814612
MUIRPUR ROAD,MPF,,,,83.094386,24.206087
AMRAVATHI COLONY,AVC,,,,75.854093,14.498218999999999
KOLARAS,KLRS,WCR,Madhya Pradesh,"Shivpuri, Madhya Pradesh",77.590411,25.224926
Chanasma Junction,CSMA,WR,Gujarat,"Chanasma, Gujarat",72.11188299999999,23.710492
CHANDAGIRIKOPAL,CGKR,?,Karnataka,"State Highway 7, Karnataka",76.730177,12.485166999999999
BHADORA JAGIR,BDJR,,,,77.41188299999999,24.786919
KODAGANUR,KAG,SWR,Karnataka,"State Highway 47, Karnataka",76.033542879,14.3305086886
BHIMRANA,BMRN,,,,68.992445,22.389889
Chhapra Jn,CAPA,,,,84.724365,25.787896
NDPL,NDPL,,,,78.520612,15.456312
BAR,BAR,NWR,Rajasthan,"Haripur, Rajasthan",74.113189,26.063048
Khanalampura Gy,KJGY,,,,77.58350800000001,29.929192999999998
RAJULA JN,RLA,WR,Gujarat,"Baraf Tana, Gujarat",71.479251,21.103699
Trivikramdeo Nagar,TKND,,,,84.7089663623,26.3019109091
DEVGAM,DVGM,,,,71.59185599999999,23.938342
SONUABARY,SNBR,,,,92.310137,26.172784
HARISINGA,HRSN,,,,91.985001,26.72438
SRIPURIA GAON,SPGN,,,,95.3515292572,27.4659128037
TAJ NAGAR,TNJR,,,,76.82424935060001,28.3853476007
SONALIUM,LIM,,,,74.292427,15.309987
PIPRAN,PPRN,,,,73.928281,29.265794999999997
GOPALPUR,GPPR,,,,70.1030164429,23.083595579100002
BAMANWALI HALT,BMNL,,,,73.555273,28.361736
UDAYPUR KHURD,UDKN,,,,80.178413,28.486234
JHULASAN,JUL,WR,Gujarat,"Mehsana, Gujarat",72.471355,23.326699
Konagavalli Halt,KGVE,,,,75.496473584,14.024984822
Dhakia Tiwari,DOT,NER,Uttar Pradesh,"Dhakia Tiwari, Uttar Pradesh",79.88587199999999,28.028812000000002
Bhairopatti Halt,BHTH,,,,86.90718700000001,25.894911
Mitewani,MTWN,,,,79.712797,21.424028
Kapadvanj,KVNJ,WR,Gujarat,"Kapadvanj, Gujarat",73.078323,23.01905
Nachinda Ph,NCN,,,,87.75496600000001,21.881341
Vina,VINA,,,,72.903227,22.764138999999997
Lakshmiganj,LIJ,,,,83.788161,26.927786
Kulha-Halt,KULH,,,,80.656456,26.369411
Kantakosh Halt,KTKS,,,,87.673891665,25.333656684799998
Shantipur,STB,ER,West Bengal,"National Highway 34, West Bengal",88.435028,23.262660999999998
Nalacheruvu East,NCE,,,,78.1854899005,13.988212499000001
Darsana,DSN,,,,88.795843,23.523411
Tikamgarh,TKMG,,,,78.8406655457,24.7672962666
Nekpur,NKPU,,,,85.338857,24.995699000000002
Kadagaravalli,KGVL,,,,75.696016,12.83778
Madanapur Halt,MDPJ,,,,78.189939,19.549184
Paramjeevar Tarajeevar,PATR,,,,85.448635,26.256947
NULEMURU HALT,NLNR,,,,76.12580920779999,14.007537361799999
LAL KUAN,LKU,NER,Uttarakhand,"Lalkuan, Uttarakhand",79.517641,29.071574
KARANJGAON,KAJG,,,,74.9240362146,19.9493826187
MURUD,MRX,CR,Maharashtra,"State Highway 162, Maharashtra",76.251585,18.380482
SAKARIYA,SKAR,,,,80.90078,24.607481
NALLI,NLL,,,,77.92223899999999,9.269174
PUDUNAGARAM,PDGM,,,,76.684608,10.683752
KALAVAD,KLVD,,,,69.8083238586,21.8996981538
JAKHAL JN,JHL,NR,Haryana,"Jakhal, Haryana",75.8245009833,29.8018131127
Macherla,MCLA,SCR,Andhra Pradesh,"Macherla, Andhra Pradesh",79.4382772,16.4695102
MELENG,MEG,,,,94.305982,26.794394999999998
VAVANIYA,WWA,,,,70.61468985409999,23.0072062075
Dehit,DEIT,,,,75.85015269780001,25.300468743099998
Thamla Mogana,TMGN,,,,73.93477800000001,24.875571
ANAJ MANDI,AMRI,,,,76.605319,28.187504999999998
Banni Mahamman,BMPT,,,,84.778666,25.891285
TEHARKA,TKA,NCR,Uttar Pradesh,"National Highway 75, Uttar Pradesh",78.917318,25.300234
Chikhale,CKHS,,,,73.152541,18.97295
DELHI SHAHDARA BLOCK CABIN,DSBC,,,,77.30022000000001,28.677356999999997
SINDPAN,SDPN,,,,75.03158,24.164576
AHJU,AHJU,NR,Himachal Pradesh,"National Highway 20, Himachal Pradesh",76.690156,32.02843
LAL KALAN,LLKN,,,,76.101493,30.827548999999998
BOLARUM BAZAR,BOZ,SCR,Andhra Pradesh,"Secunderabad, Andhra Pradesh",78.5159651358,17.517847537100003
SIVUNGAON,SVN,SCR,Maharashtra,"Nanded, Maharashtra",77.54447048829999,19.1086533083
PANGARSHINDE HALT,PNSD,,,,77.24009,19.526469000000002
RAJAJAN HALT,RJJN,,,,85.6709042426,25.6149631854
Ambliyasan Jn,UMNF,,,,72.422431,23.446636
PATLIPUTRA,PPTA,,,,85.068505,25.621426
LAKSHMI BAI NAGAR,LKBR,,,,75.85816200000001,22.741887
Dabla,DBLA,NWR,Rajasthan,"National Highway 79, Rajasthan",75.9464005609,27.888685430000002
VIDYAPATIDHAM,VPDA,,,,85.80243268800001,25.602064857400002
GUNTAKAL WEST,GTLW,,,,77.3426508783,15.167523391300001
S M V D KATRA,SVDK,,,,74.935736,32.982814
RANGAPARA NORTH,RPAN,,,,92.682658,26.8215934
VELLARAKKAD,VEK,SR,Kerala,"Vellarakkad Railway Station, Kerala",75.653412,11.4723
CHAYGAON,CGON,NFR,Assam,"National Highway 37, Assam",91.3952511639,26.064069106999998
Gonda Jn,GNAN,,,,81.97761799999999,27.153922
Demai,DIE,,,,73.210181,23.159049
PATHANKOT CANTT,PTKC,,,,75.636044,32.2593
Kharuara Halt,EC31,,,,85.5436173315,25.4316280874
Powai,PWA,,,,95.646229,27.35353
Nagbhir Junction,NAB,SECR,Maharashtra,"Nagbhir, Maharashtra",79.700138,20.579811999999997
Naksalbari,NAK,,,,88.20223499999999,26.682578
Udaipura,UDPR,,,,78.65148636960001,24.775688911699998
Khandwa Jn,KNWF,,,,76.353537,21.823905999999997
Srinivaspur,SVS,,,,78.206169,13.328283
Nimdanri,NMDR,ER,West Bengal,"Madhyampur Station Rd, West Bengal",88.905624,22.608628
Kachhiaa,KCU,NER,Uttar Pradesh,"Badaun, Uttar Pradesh",78.88310899999999,27.973382
Mahiyarpur,MHPR,,,,87.613385199,25.411453041399998
Balaghat,BTCN,,,,80.1994253,21.8111685
Mhope,MHPE,,,,73.19412,18.943255
Jetalsar Jn,JLRF,,,,70.57412,21.729584
Sardar Patel Halt,SDPH,,,,85.424114,25.050378
Imlibigha Halt,IMBG,,,,85.53137103520001,25.3007943293
Kamta,XKA,,,,85.27774552000001,25.336573948
Mahkepar Road,MKZ,,,,79.67892,21.632916
SK Para,SKAP,NFR,Tripura,"National Highway 44, Tripura",91.94712,23.971989
MOOR MARKET,MMCC,,,,80.275222,13.084876000000001
Dekpura Halt,DKR,,,,85.52942276,25.2611531167
KHARAHAT,KRHT,,,,94.74965900000001,27.070551000000002
JARAUDA NARA,JDW,NR,Uttar Pradesh,"MuzaffarNagar, Uttar Pradesh",77.705438,29.42673
Mayar,MAYR,,,,75.86074699999999,29.100107
VENKATESAPURAM,VKM,,,,79.442293656,11.9307785279
SUAHERI,SXQ,,,,78.19083099999999,29.436815999999997
PIRAPPANVALASAI,PPVL,SR,Tamil Nadu,"Pirappan Valasai, Tamil Nadu",79.043777,9.299159000000001
NARA HALT,NARA,,,,76.759969657,29.390441641
KIRIHRAPUR,KER,NER,Uttar Pradesh,"Kirihrapur, Uttar Pradesh",83.73706466189999,26.045500525999998
PALAM VIHAR HALT,PLVR,,,,77.0327645691,28.515463592299998
GOVINDGARH KHOKHAR,GGKR,NR,Punjab,"Govindgarh, Punjab",75.80832813660001,29.992439273899997
PALLEVADA,PLVA,SCR,Andhra Pradesh,"Pallevada, Andhra Pradesh",81.2878959662,16.576700082699997
NANDAIGRAM HALT,NDIM,,,,88.31706186039999,23.311548007099997
MUGAD,MGD,SWR,Karnataka,"State Highway 34, Karnataka",74.915401,15.46241
TRIBENI,TBAE,ER,West Bengal,"Tribeni, West Bengal",88.398096,22.990357999999997
UNJALUR,URL,SR,Tamil Nadu,"Unjalur, Tamil Nadu",77.875839,11.127976
BHASKARPARA,BMM,,,,71.90540899999999,22.988208
DHANAKWADA,DKW,,,,71.823472,24.146307
ILAVELANGAL,IVL,SR,Tamil Nadu,"Ottanatham - Maniyachi Rd, Tamil Nadu",77.87235,8.937878
GIANI ZAIL SINGH SANDHWAN,GZS,NR,Punjab,"Distt Faridkot, Punjab",74.801905,30.613851
Shahibag,SHB,,,,72.600949,23.035546
Bhimalgondi,BMC,SECR,Madhya Pradesh,"State Highway 19, Madhya Pradesh",78.914582,21.740994
Taiabpur,TBR,,,,88.154497,26.392839
BHEMSWADI,BSWD,,,,71.357286,21.485727
THAKURBARI,TKTB,,,,92.699488,26.797642000000003
Ram Chaura Road,RMC,NR,Uttar Pradesh,"National Highway 24B, Uttar Pradesh",81.686954,25.609488
Ghallu,GHLU,,,,74.1078213831,30.2566065213
BHIMANA,BMN,NWR,Rajasthan,"Abu Road, Rajasthan",72.886302,24.595571
PIR DULHE SHAH HALT,PRDH,,,,73.155686,25.873873
Kathleeghat,KEJ,NR,Himachal Pradesh,"Shoghi, Himachal Pradesh",77.103224,31.021478000000002
Maradanga,MRDG,,,,89.55668499999999,26.301078
Maroda,MRDA,,,,79.660732,20.095174
Laluri Khera,LUA,,,,79.74624299999999,28.607969
Kempalsad,KEMP,,,,79.263378,21.087653
Siliguri,SGUD,,,,88.414033,26.723574
Channi Halt,CHNH,,,,73.01665499389999,27.890151968
Kotgaon,KTGO,,,,79.674577,20.625413
Pala,PAAL,,,,78.0183333807,21.3760800242
Suku,SXV,,,,82.726431,18.715021
Naika Road,NARD,,,,85.2923767371,25.4485799037
Radha Kund,RAKD,,,,77.523598,27.537943
Baghmara Halt,BHMA,,,,87.6174634106,25.365523628400002
Zorawar Pura Halt,ZPR,,,,73.44881699999999,29.762905
Omkareshwar Road,OM,WR,Madhya Pradesh,"SH 27, Madhya Pradesh",76.04654,22.215082
Agauthar Halt,AGTR,,,,84.8437572205,26.008145546599998
Natesar,NES,,,,85.2718057104,24.963884576399998
Kanale,KNLE,,,,74.9593667969,14.2250994053
Baramati,BRMT,CR,Maharashtra,"Baramati, Maharashtra",74.5781969,18.1536772
MOHKHUTI,MHKT,,,,94.80821,27.106537
GUNGRANA,GNGR,,,,75.82596,30.714577
MOTIHARI COURT,MCO,,,,84.90543100000001,26.62564
MINATCHIPURAM,MXM,,,,76.87534699999999,10.629748000000001
ONNUPURAM HALT,OPN,,,,79.17972008790001,12.711563669599999
Gidnahali,GDH,,,,77.82513399999999,13.406514
Khui Khera,KUKA,,,,74.0778039648,30.305205841499998
BINJANA,BNJN,,,,75.98680179930001,22.9311978995
Gadhwala,GDW,,,,73.454923,27.970288
MADIMANGALAM,MCL,,,,79.1862,12.598975000000001
BHURJIHA BARAGN,BUGN,,,,80.726312,27.638101
LINK JN. CABIN,LKJN,,,,81.841869,25.356832
JHALRA HALT,JHH,,,,78.17640399999999,29.420302
KATNI SOUTH,KTES,,,,80.401113,23.824725
Kotegangur,KGH,,,,75.5206561768,13.9821624414
CHUCHELA KALAN,CLKN,,,,78.272803,29.014595999999997
GUDGERI,GDI,SWR,Karnataka,"Gudgeri, Karnataka",75.3596044824,15.1249217339
DAYALPUR,DLPR,,,,81.8894849231,25.6322106511
CHAKMAKRAND,CKRD,,,,85.2740297845,25.6975316046
BLOCK CABIN CHAKKI BANK,BHCH,,,,75.651062146,32.2419748422
KARNA SUBARNA,KNSN,ER,West Bengal,"Khagraghat - Chowrigacha, West Bengal",88.176458,24.035537
ALIPURDUAR COLLEGE,APCH,,,,89.5274862292,26.5016791611
CARANZOL,CRZ,,,,74.3061977655,15.3607491302
KANASAR,KNSR,NWR,Rajasthan,"Lalgarh, Rajasthan",73.324726,28.145913
Hansdiha,HSDA,,,,87.0849798193,24.6141943022
GHUMASAN BG,GUSB,,,,72.449413,23.378259
Mohdara Halt,MXZ,,,,79.34702300000001,20.960497
OHANCABIN,OHAN,,,,81.017247,25.102455000000003
BHISTENHATTI,BIE,,,,74.705805,15.41363
Alwar Tirunagri,AWT,SR,Tamil Nadu,"Thoothukudi, Tamil Nadu",77.941809,8.602296
Mududi,MUDI,,,,76.2332042139,13.151294369
Bugia Halt,BUGY,,,,73.608155,29.38048
Ingohta,IGTA,NCR,Uttar Pradesh,"National Highway 86, Uttar Pradesh",80.126678,25.758384
Gangatolia,GNGT,,,,79.986339,22.392169
Dhaulpur,DHOA,,,,77.905659,26.697202
Sher,SHER,,,,84.628290531,26.3516649204
Barkichampi,BICI,,,,84.709751,23.483611
Jabalpur Jn (Ng),JBPN,,,,79.950772,23.164248
Salona Assam,SLQ,,,,92.961877,26.448981
Dhulghat,DGT,SCR,Maharashtra,"Amlakhurd, Maharashtra",76.74963299999999,21.296281999999998
Dighori Buzurg,DGY,,,,79.230454,21.107513
Panoh,PH,,,,76.19991700000001,31.551327999999998
Machriawan,MCY,,,,85.29441999630001,25.4624795686
Karaikal,KIK,,,,79.839712,10.925606
Kuri,KIF,,,,76.8173945569,9.035098526
Patasahi,PSJ,SER,Orissa,"National Highway 23, Orissa",84.923705,22.020127
Jhamat Halt,JLT,,,,83.340382,27.200025999999998
CHINTA KANI,CKN,SCR,Andhra Pradesh,"Chinta Kani Station, Andhra Pradesh",80.201337,17.126458999999997
Chaibasa,CBSA,SER,Jharkhand,"National Highway 75, Jharkhand",85.812342,22.560494000000002
KHAKHRALA ROAD,KKR,,,,70.722232,22.897133
SHERPUR DHIPURA,SPPA,,,,85.8481621063,25.5999397486
Dangarwa,DNWF,,,,72.441313,23.401545
PADSALI,PSS,,,,75.38808359379999,18.0060618945
CHHARRA,CHRA,SER,West Bengal,"Purulia, West Bengal",86.42299399999999,23.375747
POKHARNI NARASIMHA,PKNS,SCR,Maharashtra,"Pokharni Nrsnha, Maharashtra",76.7316388525,19.118747261
BHOJRAS,BHAS,,,,74.63427990000001,25.7882166
HINGOLI DECCAN,HNL,SCR,Maharashtra,"Hingoli, Maharashtra",77.146758,19.726357
ALAL,ALAL,,,,75.72420699999999,30.378176
KHARAR,KARR,,,,76.6360518042,30.7263803992
BHATIEL,BHAL,,,,72.834624,22.477066
AGARAM SIBBANDI,AGM,,,,79.11334699999999,12.414388
ASRA HALT,ASAR,,,,77.29144328,29.249760774200002
CHAUNTRA BHATERH,CTZ,NR,Himachal Pradesh,"Chauntra Bhater, Himachal Pradesh",76.74671000000001,32.005534999999995
MUGAIYUR,MUY,,,,79.30532600000001,11.976522
PAYYANUR,PAY,SR,Kerala,"Kannur District, Kerala",75.195107,12.092248
KARAILA ROAD JN,KRLR,ECR,Madhya Pradesh,"Main Road Singrauli-Jayant, Madhya Pradesh",82.719311,24.261080999999997
DEVALGAON AVCHAR,DAV,SCR,Maharashtra,"Parbhani, Maharashtra",76.60520100000001,19.322430999999998
NOONMATI,NMY,,,,91.806851,26.180382
Vijayawada North East,VNEC,,,,80.630413,16.532028
CHALKHOA,CKW,NFR,Assam,"Dibrugarh, Assam",94.9592046722,27.4656628037
MANDAWARIYA,MNDV,,,,74.890472,26.621071999999998
JULGAON DECCAN,JLG,,,,77.790475,19.384261
TURAKAPALLI,TKPY,,,,77.6285053778,15.0927135285
DEHARE,DAH,,,,74.6741555884,19.2418554705
UDALGURI,ULG,,,,92.094329,26.744291
NEW MISAMARI,NMM,,,,92.57545400000001,26.810166
MISAMARI,MSMI,,,,92.595773,26.811265
Ambika Rohina,AMBR,SCR,Maharashtra,"Ambika Devi Rd, Maharashtra",76.9437206531,18.442254377900003
ORCHHA,ORC,NCR,Uttar Pradesh,"National Highway 75, Uttar Pradesh",78.644228,25.401119
NETHRAVATHI,NTVT,,,,74.856475,12.844375000000001
Hathbandh,HNEO,,,,81.8457729333,21.6319185846
Basi Beriasal,BSSL,WCR,Rajasthan,"Bassi, Rajasthan",74.764318,25.024084
Chichpalli,CIP,,,,79.443249,19.966168
Santaldih,SNTD,SER,West Bengal,"Purulia, West Bengal",86.48312299999999,23.596660999999997
Santinagar Halt,SNTN,,,,88.6377553125,23.292974228200002
Sonthaliya,SNTH,NWR,Rajasthan,"National Highway 11, Rajasthan",75.531666,27.400358
Deepnagar Halt,DPNR,,,,85.48327400000001,25.140667
Gottihalli Halt,GKV,,,,78.155685,13.260622
Jama,JAMA,ER,Jharkhand,"Jama, Jharkhand",87.14492,24.345509
Hiwarkheda,HIVR,,,,78.112944,21.431848000000002
Pandetola,PETA,,,,87.0603205811,24.7415365882
Bhawanipur Kalan,BWP,NER,Uttar Pradesh,"Bhawanipur Kalan, Uttar Pradesh",82.161102,27.415623
Laseri,LSE,,,,75.47962399999999,28.713124
Kunkavav Junction,KKV,WR,Gujarat,"SH 104, Gujarat",70.975052,21.653448
Loknath,LOK,ER,West Bengal,"Loknath Railway Station, West Bengal",88.03392099999999,22.871717999999998
Chakand,CKH,ECR,Bihar,"Chakand, Bihar",84.9954942,24.8901416
Chakarpur,CKK,NER,Uttarakhand,"National Highway 125, Uttarakhand",80.002313,28.951978
DAMCHARA,DCA,NFR,Assam,"Diakkawn Rd, Assam",92.749675,25.012661
MORAN,MOX,,,,94.88840400000001,27.147109999999998
BHARMAR,BRMR,NR,Himachal Pradesh,"State Highway 22, Himachal Pradesh",75.954299,32.167399
CHERUVU MADHAVARAM,CVV,SCR,Andhra Pradesh,"Cheruvu Madhavaram Station, Andhra Pradesh",80.518783,16.746018
WANDAL,WDL,SWR,Karnataka,"Dam Inspection Rd, Karnataka",75.86371000000001,16.416601
VADGAON NILA,WDN,,,,76.643889,18.929059
MOHANA,MOJ,WCR,Madhya Pradesh,"Mohana, Madhya Pradesh",77.83395499999999,25.980207999999998
KARMAD,KMV,SCR,Maharashtra,"Aurangabad, Maharashtra",75.5378981451,19.872663603099998
DHARESHWAR,DRS,NWR,Rajasthan,"Sojat Road, Rajasthan",73.667743,25.777583999999997
KANNJARA HALT,KNJJ,,,,77.2102291101,19.6039649812
BAGWADA,BAGD,,,,72.916866,20.43948
MERIYANA,MRYA,,,,71.415981,21.201567
RAMDEVRA,RDRA,NWR,Rajasthan,"Ramdevra, Rajasthan",71.929837,27.006279
SHRI GANGANAGAR,SGNR,NWR,Rajasthan,"Sri Ganganagar, Rajasthan",73.87141700000001,29.931792
GORAKHPUR EAST,GKPE,,,,83.387390437,26.7587697881
KUWARCHINTAWA,KPCM,,,,84.942114,26.51743
SARANGPUR ROAD,SAPR,WR,Gujarat,"State Highway 38, Gujarat",71.748617,22.236682000000002
GUPTIPARA,GPAE,ER,West Bengal,"Guptipara Railway Station, West Bengal",88.4178,23.197355
WYNDHAMGANJ,WDM,ECR,Uttar Pradesh,"Sonebhadra, Uttar Pradesh",83.401605,24.264112
KODUMUDI,KMD,SR,Tamil Nadu,"Kodumudi, Tamil Nadu",77.885771,11.076073000000001
BHADANPUR,BUU,WCR,Madhya Pradesh,"National Highway 7, Madhya Pradesh",80.679777,24.16808
ITARSI B CABIN,ETB,,,,77.709215,22.591346
KOVILPATTI,CVP,SR,Tamil Nadu,"Kovilpatti, Tamil Nadu",77.872848,9.182578
PALASNER,PAL,WCR,Madhya Pradesh,"Harda, Madhya Pradesh",77.050174,22.304246
Ranolishishu,RNIS,NWR,Rajasthan,"National Highway 11, Rajasthan",75.301025,27.517012
GUBBI,GBB,SWR,Karnataka,"Gubbi, Karnataka",76.939264,13.321429
PERNEM,PERN,KR,Goa,"North Goa, Goa",73.81653700000001,15.707894
NAWAN,NAWN,NWR,Rajasthan,"State Highway 7, Rajasthan",74.353285,29.653071999999998
Adderi,AEX,,,,75.157978,14.141045
Jehanabad Court,JNDO,,,,84.98423622680001,25.2012234752
MANCHILI,MCLE,SCR,Andhra Pradesh,"Coastal Andhra Region, Andhra Pradesh",81.613684,16.662928
Anekal Road,AEK,SWR,Karnataka,"Karnataka, Karnataka",77.71072699999999,12.723885
Damalcheruvu,DCU,SCR,Andhra Pradesh,"National Highway 18, Andhra Pradesh",79.05643400000001,13.478885
Gayabari,GBE,,,,88.260998,26.860039999999998
Gate Karepalli,GKPI,,,,80.25510299999999,17.500295
Karanjali,KNJI,,,,88.245999,22.0353
Bhagega,BAGA,NWR,Rajasthan,"State Highway 37B, Rajasthan",75.72088996,27.677209949999998
Barharagani,BAGJ,,,,83.9195740283,26.921354215
Silpaprabesh,SLPR,,,,88.10654500000001,22.058566000000003
Palani,PLNI,,,,77.52118300000001,10.458722
Chandi Mandir,CNDM,NR,Chandigarh,"Panchkula, Chandigarh",76.88683900000001,30.727071000000002
Chandur Bazar,CNDB,,,,77.741807,21.219451
Murga Mahadev Road,MMVR,,,,85.46586180999999,22.06048608
HUSSAIN SAGAR J,HSJ,,,,78.461904,17.426453000000002
Sarobag,SRBG,,,,86.4760352539,25.272851221
NWBV,NWBV,,,,80.62039399999999,16.529876
JASHAPAR,JSPR,,,,69.87358352049999,21.837130552799998
Rupahigaon,RUP,NFR,Assam,"Nagaon, Assam",92.74226717410001,26.4125623913
RAFALESHWAR,RF,,,,70.8969253271,22.7738973454
SANGOLA,SGLA,CR,Maharashtra,"Sangole, Maharashtra",75.187581,17.435563000000002
BHAINSA,BSA,,,,77.673452,27.391523
BHINDAR,BNNR,,,,74.179638,24.528647
KACHUJOR,KOX,,,,87.4650456,23.8426777354
INTAKANNE,INK,SCR,Andhra Pradesh,"Intikanne Station, Andhra Pradesh",79.860507,17.727522
KAZIPET F CABIN,KZJF,,,,79.57727100000001,17.974824
Jagdishpur,JDPT,,,,86.9846195752,25.1482278323
ULHAS BRIDGE CABIN,UBCN,,,,73.069462,19.246247
RAJGHAT NARORA,RG,NR,Uttar Pradesh,"Babrala, Uttar Pradesh",78.353587,28.235655
SARSADH,SRDH,,,,76.731812,29.184058
INGORALA,IGRL,,,,71.6869809839,21.8234176248
LAGARGAWAN,LGCE,WCR,Madhya Pradesh,"Lagargawan, Madhya Pradesh",80.81431,24.464248
Jagdishpur,JDPR,?,Jharkhand,"Giridih, Jharkhand",86.52550400000001,24.273108999999998
HAUSNAGAR,HSM,,,,87.94988,24.646721000000003
BIJAYSOTA,VST,WCR,Madhya Pradesh,"State Highway 10, Madhya Pradesh",81.11095900000001,23.978724
SHRIKALYANPURA,SKPA,,,,76.094182,25.189878
DALAPATHY SAMUDRAM,DYS,SR,Tamil Nadu,"Dhalapathisamudram, Tamil Nadu",77.638091,8.430572
RAGHUNATHGARH,RGNH,,,,73.65157199999999,29.311679
Karakavalasa,KVLS,ECoR,Andhra Pradesh,"Coastal Andhra Region, Andhra Pradesh",82.991426,18.292228
Sulhani,SULH,NR,Punjab,"Machhi Bugra, Punjab",74.865129,30.871949
QCAB,QCAB,,,,84.88480200000001,22.229374
AZIMGANJ JN CABIN,AJLE,,,,88.257363,24.23827
Xcbn,XCBN,,,,83.16958199999999,25.303843
Totewahi Halt,TWI,,,,79.600455,20.014659
INDAPUR,INP,KR,Maharashtra,"Indapur, Maharashtra",73.24465000000001,18.297688
INNANJE,INJ,,,,74.7612195679,13.2555864292
BARAI JALALPUR,BJLP,NER,Uttar Pradesh,"Sitapur National Highway 24, Uttar Pradesh",80.800122,27.449608
KOLLENGODE,KLGD,,,,76.697715,10.626984
DIVA JN. CABIN,DWJN,,,,73.042923,19.188667
BAHERWA HALT,BRWH,,,,82.7922887817,25.251877498200002
Sultanpur Kalia,STKW,,,,76.8692637848,28.4605176414
Harichandanpur,HCNR,ECoR,Orissa,"Rd, Orissa",85.795395,21.328476000000002
Numaishgarh Halt,NMUE,,,,77.8423063,28.407739616900002
Patal Pani,PTP,WR,Madhya Pradesh,"Mhow, Madhya Pradesh",75.797002,22.514232000000003
Patiala,PTA,NR,Punjab,"Patiala, Punjab",76.4041,30.344248999999998
Devri P.H.,DRPH,SECR,Madhya Pradesh,"Kaladehi, Madhya Pradesh",79.836698,22.85663
Nalkata,NLKT,,,,91.999618396,24.0683888436
Pocharam,PCZ,SCR,Andhra Pradesh,"Khammam To Yellanddu Rd, Andhra Pradesh",80.234583,17.486717000000002
Basuldanga,BSD,ER,West Bengal,"National Highway 117, West Bengal",88.23393947000001,22.20374787
Kodikkalpalaiym,KOM,,,,79.64869900000001,10.786311
Tufanganj,TFGN,,,,89.667639,26.303308
Mowad,MWAD,,,,78.451335,21.455554
Coac,COAC,,,,82.238213,16.964553
Kanchrapara Workshop Gate,KPAW,,,,88.445352,22.935794
Nilambazar,NLBR,NFR,Assam,"NH 44, Assam",92.36512599999999,24.743292
Kumradol,KADL,,,,87.075560105,24.695170582
Sikarpur Halt,SKPR,,,,78.946006,21.984896
Morshi,MRSH,,,,77.995446,21.326057
Churaru Takrala,CHTL,,,,76.166445,31.597665
Surendra Nagar (W) Cabin,SUNW,,,,71.636363,22.734875
Sune,SUNE,,,,71.644706,22.753791000000003
Gokulnagar,XGN,,,,85.30219143549999,25.4879748709
Hoshiarpur,HSX,NR,Punjab,"Phagwara Road-Hoshiarpur, Punjab",75.9055848,31.5240737
SITAPUR CITY (THOMASGANJ),TSG,,,,80.69025900000001,27.569887
GULARBHOJ,GUB,NER,Uttarakhand,"Gular Bhoj Railway Station, Uttarakhand",79.30114461,29.11078373
LAKSAR NORTH CABIN,LRNC,,,,78.0113177722,29.7715518226
Lunidhar,LDU,WR,Gujarat,"State Highway 104, Gujarat",71.085551,21.715431000000002
HONAGANAHALLI,HOH,SWR,Karnataka,"National Highway 218, Karnataka",75.732815,16.679401000000002
SEMLA,SE,,,,70.79367,22.039641
TELI,TELI,,,,79.405133,11.933093999999999
SILSIMAN,ILA,SR,Tamil Nadu,"Silaiman Railway station, Tamil Nadu",78.2001819324,9.8674013383
MANMAD B CABIN,MMRB,,,,74.44955586180001,20.231473570600002
NASIRPUR HALT,NSN,,,,77.109242,28.604529
RESAULI,REP,,,,80.4578628,16.3096804
Kanpur M. G. Goods,COP,,,,80.34196899999999,26.45248
Peralam Jn,PEM,,,,79.656384,10.959358
AMDARA ROAD,UDR,WCR,Madhya Pradesh,"Amdara, Madhya Pradesh",80.5779045111,24.099500875799997
SAFRAI,SFR,NFR,Assam,"Suffry Station Chariali, Assam",94.942883,27.029014999999998
BURNPUR,BURN,SER,West Bengal,"CHITRA CINEMA HALL MORE, West Bengal",86.9386234,23.6719137
KACHUJOR,KQX,,,,87.46277400209999,23.841224628400003
ROWTA BAGAN,RWTB,,,,92.21490999999999,26.736799
CHAURADANO,CAO,,,,85.01767731,26.85049224
RASANA HALT,RSNA,,,,72.256353,24.224697000000003
GURHANWA,GRNA,,,,85.215756,26.74758
Purandarpur,PDPR,NER,Uttar Pradesh,"National Highway 29, Uttar Pradesh",83.34747200000001,27.209982
HUGRAJULI,HJLI,,,,92.35864099999999,26.805203
Nashipur Road,NSO,,,,88.274766,24.21105
Kulti Link Cabin,ULTL,,,,86.865534,23.734566
PAMIDI,PMDB,,,,77.5990888062,14.9811881952
DOMBIVLI CTL,DCTL,,,,73.08419099999999,19.203604
Kolar,KQZ,,,,78.13204400000001,13.124594
SHIVATHAN,SVTN,,,,74.518905,15.477666
Gond Umri,GMI,,,,80.082136,21.003133000000002
BAMUNI GAON,BMGN,,,,91.282876,26.01201
Bhattiprolu,BQU,SCR,Andhra Pradesh,"Bhattiprolu, Andhra Pradesh",80.787953,16.105632000000004
Chikkamanglur,CMGR,,,,75.7887762634,13.3038846483
Bahuara,BURA,,,,84.7834807544,25.8968700235
Bahira Kalibari,BHKA,ER,West Bengal,"Bahira Kalibari Railway Station, West Bengal",88.563588,22.685772
Genoli Road,GNRD,,,,75.152338,25.203127000000002
Baiyyappanahalli,BYPA,,,,77.651853,12.991200000000001
Viramgam D Cabin,VGDC,,,,72.042828,23.137395
Upramal,URML,,,,75.276627,25.247947
Ntpc Exchange Yard Talcher,NEYT,,,,85.20809999999999,20.919626
Jrri,JRRI,,,,83.17854700000001,25.308243
Nishchindapur Market Halt,NCPM,ER,West Bengal,"National Highway 117, West Bengal",88.21710499999999,21.987443000000003
Barwa Kalan,BRSA,,,,83.408343,27.391265999999998
Jawaharpur Kamsan,JWK,,,,78.588278,27.52481
Tmzj,TMZJ,,,,87.933497,22.246668
Hunsenahalli,HUN,,,,77.94645,13.399832
Diyawan Halt,DYW,,,,85.2839236682,25.3817289022
Gahri Bhagi,GHB,,,,74.944234,30.116782999999998
Jhareda,JREA,,,,77.032106,27.476347999999998
JASSOWAL HALT,JSL,,,,75.831803,30.799159
KHOWANG,KOWN,,,,94.895843,27.299563
INDARGARH,IDGH,,,,77.73819999999999,25.775115
BERORE,BROR,,,,73.300793,29.200034
MAHISHADAHARI,MWZ,,,,87.649654,23.916311
CHAILAHA HALT,CHAH,,,,84.89464732670001,26.6748122335
LOHOGAD,LHD,SCR,Maharashtra,"Akola, Maharashtra",77.07850599999999,20.467176
GHAGWAL,GHGL,NR,Jammu and Kashmir,"Vijaypur Jammu, Jammu and Kashmir",75.213604,32.504286
ADHARTAL,ADTL,WCR,Madhya Pradesh,"Jabalpur, Madhya Pradesh",79.972274,23.227389
SISAUNA,SISN,,,,78.28054900000001,29.216155
JASALI,JSI,,,,71.914081,24.169914000000002
Nanwan,NWN,,,,76.014318,28.371336999999997
PARWAKHURD HALT,PRWA,,,,77.764414,19.365201
KUNDWA CHAINPUR,KWC,,,,85.183119,26.771884
KASTLA KASMABAD,KSMB,ECR,Bihar,"Kastla Kasmabad, Bihar",85.79836399999999,25.114943999999998
DHEKIAJILI ROAD,DKJR,,,,92.452548,26.809213999999997
Amb Andora,AADR,,,,76.110391,31.670727
BEHTA HAZIPUR HALT,BHHZ,NR,Uttar Pradesh,"Behta Hazipur, Uttar Pradesh",77.304041,28.719730000000002
MOOKAMBIKA ROAD,BYNR,KR,Karnataka,"Baindur, Karnataka",74.63279,13.87259
KACHHWA ROAD,KWH,NER,Uttar Pradesh,"Kachhwa, Uttar Pradesh",82.706617,25.250465000000002
IBH4,IBH4,,,,82.431192,22.029943999999997
IBH5,IBH5,,,,82.620084,22.019762
IBH6,IBH6,,,,82.73791700000001,22.021243000000002
IBH3,IBH3,,,,82.892472,22.016209999999997
BERMO,BRMO,ECR,,,85.955893,23.772498
IBH1,IBH1,,,,83.625911,21.861847
IBH2,IBH2,,,,83.794136,21.87477
Ibhg,IBHG,,,,81.98842900000001,21.775184
Nageshwadi Halt,NGHW,,,,76.91610235659999,18.4615191344
Singuli Shyam,SISM,,,,75.00444200000001,25.186362
Sisai Gulabrai,SSGR,,,,83.776865,26.282385
Mahansar,MWR,NWR,Rajasthan,"Ramgarh, Rajasthan",75.031292,28.199841000000003
Magardharra Ph,MGDR,,,,80.12555929080001,21.9661929569
Fatehgarh Haryana,FGH,,,,76.243784,28.647921
Dhasa Jn,DASF,,,,71.517978,21.782515
Khurrampur,KAMR,,,,85.2213155725,25.1687228764
Sambhal Hatim Sarai,SHTS,NR,Uttar Pradesh,"Chandausi, Uttar Pradesh",78.568241,28.596912
Bikaner East,BECN,,,,73.368894,27.972495
Periyanaikanpalayam,PKM,SR,Tamil Nadu,"Periyanaickenpalayam, Tamil Nadu",76.948477,11.144776
Ibhe,IBHE,,,,81.815212,21.600830000000002
Suraj Kunda,SRJK,,,,81.20291900000001,26.142698000000003
Ibhf,IBHF,,,,81.89613299999999,21.682533000000003
Ibhc,IBHC,,,,81.741998,21.38637
Parsa Kerwan Halt,PKRH,,,,84.8273760669,26.053610138099998
Titur,TOR,,,,79.288957,21.059452
Tamkuhi Road,TOI,,,,84.228415,26.721823999999998
Barabhati,BFF,,,,80.06084100000001,20.862984
Mora,MROA,,,,77.612747,27.516762
Soma Guddu,SGDV,,,,76.633302,14.288569
Kaniwara,KWB,SECR,Madhya Pradesh,"Kanhiwada, Madhya Pradesh",79.73291400000001,22.218261000000002
Deojhar,DJHR,,,,85.47699312,22.08071726
Deenapatti,DEPI,,,,86.937159,25.89498
Ibha,IBHA,,,,81.384639,21.206629
Dornakal Bye Pass,DKJB,,,,80.157907,17.429209999999998
Jodhpuriya,JUYA,,,,74.81465299999999,25.070196
Dhuri Jn,DUE,,,,84.139379776,26.8008621515
Brij Kishor Halt,BKRH,,,,84.69461,26.31374
Samaguri,SMGR,NFR,Assam,"Samaguri, Assam",92.84983299999999,26.416262999999997
Batadrowa Road,BTDR,NFR,Assam,"Mathaouri Rd, Assam",92.538085,26.466939
Rantej,RTJ,WR,Gujarat,"State Highway 19, Gujarat",72.153828,23.471537
NARKATIAGANJ JN,NRKG,,,,84.46403500000001,27.105025
KHAGRAGHAT ROAD,KGLE,ER,West Bengal,"Khagraghat, West Bengal",88.22648099999999,24.106842
BEDAG,BDK,,,,74.756723,16.823512
PARKHAM,PRK,,,,77.711657,27.299256
DHUWALA,DWL,,,,74.5819742755,25.487150094300002
BAYALUVADDIGERI,BYO,,,,76.533248,15.230476
RAJOMAJRA,RJMA,,,,75.79810400000001,30.375339
LINGTI,LNT,?,Maharashtra,"State Highway 234, Maharashtra",78.901334,19.86677
BANSI BOHERA,BYE,,,,74.38867400000001,24.363232999999997
PIPILIYA ROAD,PPS,,,,70.67825500000001,22.930873000000002
VANCHANGIRI,SQZ,,,,79.6671534143,17.9512834252
Kalhe Majra,KLMJ,,,,76.21149321899999,30.3358409881
KARMAHAT,KMHT,,,,85.5410748871,23.712696086799998
Kollumangudi,KLMD,,,,79.65593299999999,10.980702
VADODARA C CABIN,BDA,,,,73.17783,22.318357
Galgalia,GAGA,,,,88.11348526,26.52752005
NAIK DIH,NAKD,,,,83.466008,25.847026
Khodseoni,KSIH,,,,80.1127146875,21.1558479072
POLLACHI JN,POY,,,,77.001342,10.653079
Bairi Halt,BRIH,,,,84.2113217236,25.158611596700002
SUNDLAK,SDLK,,,,76.455842,25.121481000000003
ISMAILA HARYANA,ISM,NR,Haryana,"National Highway 10, Haryana",76.74656300000001,28.796977000000002
Pachpokharia,PPK,,,,84.981145,26.894084
KIDIYANAGA,KYG,,,,70.768891,23.47934
VEMBUR,VBU,,,,78.0723825452,10.5893388627
Nannilam,NNM,,,,79.6509052,10.8837044
KHANDIKAR,KYO,,,,91.642769,26.463321
Batala Sugar Mills,BATM,,,,75.228493,31.856906
Hisua,HIS,,,,85.417826,24.859600999999998
Lalavadi,LLD,,,,78.189646,21.930346999999998
Ishardaspur,IDS,,,,81.253954,25.947848999999998
Charghat Pipari,CGE,,,,79.922584,23.037538
Durg Link Cabin,DLCB,,,,81.300896,21.197156
Sarsoo,SRSO,,,,85.35368317140001,24.9197820804
Durgapuri,DGPI,,,,76.809686,25.865541
Sidlaghatta,IDT,,,,77.86536472,13.39218973
Bahai,BYQ,,,,81.01527999999999,26.122334
Sipra Bridge,SPBG,,,,75.757499,23.173483
Buramara,BWO,,,,86.650295,22.107567000000003
Periyanagathunai,PRNT,,,,77.9110166815,12.559346408400001
Iffco Cabin,IFFC,,,,72.52010800000001,23.212087
Thakurganj,TKG,,,,88.129704,26.426933
Matigara,MTRA,,,,88.384065,26.716817
Bisapur Kalan Halt,BRKH,SECR,Madhya Pradesh,"State Highway 19, Madhya Pradesh",78.923701,21.914681
Surajpur,SUPR,,,,76.888897,30.782451000000002
Harebetta,HMB,,,,75.593582,12.794145
Sasa Musa,SSU,,,,84.357082,26.527558
Bagadia Ph,BGDI,,,,86.586249,20.279033000000002
Pothia,POT,,,,88.179429,26.310567000000002
Padrauna,POU,,,,83.982606,26.897709199999998
HINDAUN CITY,HAN,WCR,Rajasthan,"Karauli, Rajasthan",77.03168600000001,26.756164000000002
MEGH RAJ PURA,MGRP,NR,Himachal Pradesh,"State Highway 22, Himachal Pradesh",76.07141899999999,32.079397
Ghatparsia Halt,GPSA,,,,79.0528523303,22.0597389624
GHATIGAON,GHAI,WCR,Madhya Pradesh,"Ghatigaon, Madhya Pradesh",77.92678000000001,26.054864000000002
SABARMATI BRIDGE,SBIC,,,,72.58875599999999,23.067094
DESANG,DSX,,,,94.686324,27.056054999999997
Sunak,SUC,,,,73.209986,23.604089
CHARKHERA KHURD,CKKD,,,,76.642615,21.938836
AMBALAPUZHA,AMPA,SR,Kerala,"ph 0477-2272620, Kerala",76.363817,9.386059
SABARMATI D CABIN,SBID,,,,72.57027500000001,23.101488
Sui,SUI,,,,76.0614295142,28.8992313011
MACHROWAR,MHWL,,,,75.636644,31.516333
KHAT LABANA,KTLN,,,,73.8612473071,30.0390118497
Sujangarh,SUJH,NWR,Rajasthan,"Sujangarh, Rajasthan",74.463659,27.708763
NITYANAND DHAM,NTDM,,,,75.057507,23.414967
Tekkali Halt,TEK,ECoR,Andhra Pradesh,"Tekkali, Andhra Pradesh",84.231178,18.605282
SALSALA BARI,SLBS,,,,89.594991,26.486646999999998
BOTAD JN,BTDF,,,,71.6653966,22.182670599999998
SABARMATI SOUTH,SBIS,,,,72.56375499999999,23.083452
Gannaghatta,GJT,,,,78.146705,13.244119000000001
DAULA KOT BHAI,DQV,,,,74.703438,30.206149
LAIHRA KHANA,LHK,,,,75.1389845972,30.2258549701
Dalsanur,DNU,,,,78.171853,13.274642
GRAM KHARIKA,GKHT,,,,85.3879062933,25.6720446969
RAMAKRISHNAPURAM GATE,RKO,SCR,Andhra Pradesh,"Secunderabad, Andhra Pradesh",78.52847299999999,17.476299
Mindala,MWG,,,,79.71680900000001,20.515625999999997
DELHI SHAHDARA A PANEL,DSAP,,,,77.31954,28.673349
SONACHARA,SNCA,,,,91.143131,25.984617
Ramkola,RKL,,,,83.836714,26.90674
Ratangarh Kanakwal,RKK,,,,74.966758,29.922760999999998
Duklangia,DLGS,,,,94.273103,26.692531
Katalpur Halt,KTLP,,,,84.7728427332,26.229288579
Sessa,SETB,,,,94.85767,27.32406
Aurahi,AUI,ECR,Bihar,"Purnia, Bihar",87.135054,25.823021
Aurang Nagar,AUN,,,,75.974542,29.043935
Bangi Nihal Singh,BNLS,,,,74.95528499999999,30.008326
Hamirpur Road,HAR,NCR,Uttar Pradesh,"Hamirpur, Uttar Pradesh",80.190689,26.016513
Water Pipe,WTP,,,,73.290406,19.009064
Shilhauri Halt,SLHI,,,,84.8337491992,25.9530212347
Rangtong,RTG,NFR,West Bengal,"Hill Cart Rd, West Bengal",88.342388,26.836122
Ballupete,BLLT,,,,75.908903,12.969667999999999
Ratan Sarai,RTU,,,,84.573582,26.373540000000002
Sudharana,SDRA,NWR,Haryana,"Sudharana, Haryana",76.425807,28.453681
Bhimavaram Junction,BVRM,SCR,Andhra Pradesh,"Bhimavaram, Andhra Pradesh",81.538335,16.543097
Nilakantheswar,NKW,ECoR,Orissa,"Orissa, Orissa",85.798221,21.426066
Shikara,SKY,SECR,Madhya Pradesh,"Shikara - Dhooma Rd, Madhya Pradesh",79.858161,22.798847000000002
DIJAOBRA,DJB,,,,93.093936,25.5507
BALGANUR,BLR,SWR,Karnataka,"Gadag, Karnataka",75.60251865000001,15.59262851
MUSHARWA HALT,MSHW,,,,84.48696237120001,27.0516270621
CHITHARI HALT,CHIT,,,,79.89076200000001,25.228309
BAJRANGPURA,BRGP,,,,71.7400647568,22.8387443721
BHERAGHAT,BRGT,WCR,Madhya Pradesh,"Bheraghat, Madhya Pradesh",79.7978789,23.1697663
SANAURA,SWU,,,,75.64132599999999,31.579622
MAHDEIYA,MHDA,ECR,Madhya Pradesh,"Singrauli, Madhya Pradesh",82.588309,24.210039
BARGAON GUJAR,BRGJ,,,,76.3562287756,21.7849180856
DHOSAWAS,DHWS,,,,75.051031,23.383691
VADAKANNIKAPURM,VDK,,,,76.686919,10.641667
KACHNARA,KHNR,,,,75.101024,23.808778
MUTHALAMADA,MMDA,,,,76.77172300000001,10.626386
DHUVA,DV,,,,70.9335792004,22.7223787434
Faringapete Halt,FRG,,,,74.957082,12.875341
CHHANSARA,CASA,,,,71.276337,23.767566
SANTALPUR,SNLR,WR,Gujarat,"Santalpur, Gujarat",71.181545,23.759161000000002
SHIVLANKHA,SIA,,,,70.620232,23.380465
Soniyana Mewar,SNMR,,,,73.971244,25.080389
MAHESANA,MSHM,,,,72.38875601560001,23.606146717799998
Shahanagar Timarua,SWW,NCR,Uttar Pradesh,"Shahnagar, Uttar Pradesh",78.25971,27.416456999999998
NAKARDEI,NKV,,,,84.89193900000001,26.948956
MOHINI MANDAL(H,MMDL,,,,85.389062,26.678676999999997
GORESUAR,GVR,,,,91.72046680000001,26.526055630000002
SHORANUR B CABIN,SRRB,,,,76.271,10.759868
KHOIRABARI,KBY,,,,91.840413,26.626143000000003
PCAB,PCAB,,,,84.912165,22.237662
TANGLA,TNL,,,,91.912274,26.658355
Shivwala Tehu,SWT,,,,78.224585,27.382935
Nagpur (Se),NGPB,,,,79.088256,21.145332
PALLAHALLI HALT,PLHL,,,,76.6601677197,12.4115632692
New Jalpaiguri,NJPS,,,,88.442721,26.682355
Barsana,BARS,,,,77.15025299999999,27.443262999999998
Lokmanya Nagar,LKMN,WR,Madhya Pradesh,"Indore, Madhya Pradesh",75.847166,22.691279
Mahesana,MSHF,,,,72.38937,23.603326
Thambawati Nagri,TVTN,,,,74.68691899999999,24.958315
Sipaya,SPYA,,,,84.326498,26.564981
Jubbasahani,JUBS,,,,85.369793,26.17489
Lavan Satyagraha Smarak P.H,LSGS,,,,87.850571,22.096296
Hatpuraini,HPLB,,,,86.9845895752,25.1553455368
Champahati,CHT,ER,West Bengal,"Baruipur-Champahati Rd, West Bengal",88.493624,22.402193
Mohamadpur,MMDP,,,,85.41562499999999,24.877385999999998
Nethranahalli H,NEHL,,,,76.71037,14.674986
Kusmuda Block Station,KBS,,,,82.680149,22.342991
Shrivagilu,SVGL,,,,75.584174,12.755498000000001
Gate Vanampalli,GVP,,,,77.892616,17.448472
GOBINDPUR DUGLI,GOX,,,,83.791513,26.085299
Kaimarkalan,KAKN,NCR,Madhya Pradesh,"Kaimarkalan, Madhya Pradesh",77.22272699999999,26.176561
Bhelwa,BLV,,,,84.77836099999999,26.994131
Balajan,BLF,,,,89.887371,26.09571
Ashapurna Devi,APRD,,,,87.638201,21.727401
Kanivehalli,KNVH,,,,75.8986612061,13.327121199099999
SEPON,SEPN,,,,94.85643400000001,27.117144
HOWBAGH JABALPUR,HBG,WCR,Madhya Pradesh,"Jabalpur, Madhya Pradesh",79.932199,23.156295999999998
BLOCK HUT BASANTPUR,BHBT,,,,75.059067,32.559965
JAMBHALI HALT,JMBL,,,,77.59293500000001,19.167016
TAPASWINARAYAN NAGAR HALT,TNNH,,,,85.445955,26.631615
SITAFALMANDI B,STDB,,,,78.52024899999999,17.428299000000003
AYANDUR,AYD,,,,79.34081,11.966731999999999
AJITKHERI,AJKI,WR,Madhya Pradesh,"Devas, Madhya Pradesh",76.045323,23.040004
MASOBA DONGARGAON,MSDG,,,,75.136269,17.265553999999998
HANSAPORE,HXR,,,,72.925984,20.906867
Madhura Nagar,MDUN,,,,80.6476081836,16.5253522399
DUDH SAGAR,DDS,,,,74.306568,15.31821
KANOR,KFN,,,,74.266275,24.459564
CAPPER QUARRY,CQS,SR,Tamil Nadu,"Cuddalore Township, Tamil Nadu",79.75366600000001,11.694558
AIYANAPURAM,AYN,SR,Tamil Nadu,"Chinnakankeyampatti, Tamil Nadu",78.929033,10.788547000000001
FATUHI,FTH,NR,Rajasthan,"National Highway 15, Rajasthan",73.871319,30.056984
BASUDEOPUR CHANDAIL HALT,BDUA,,,,85.5426915326,25.6487380699
Kolvihir,KLVR,,,,77.854259,21.26585
HUBLI EAST CAB,HBQ,,,,75.155355,15.348063
MITHA,MITA,,,,71.672422,24.082494
BHANWASA,BNWS,,,,75.2170497089,26.8333020399
BHUTAKIA BHIMSA,BUBR,,,,70.908462,23.533540000000002
GEGAL AKHRI,GEK,NWR,Rajasthan,"Kishangarh, Rajasthan",74.775574,26.540366000000002
SILAWAR,SLWR,NR,Uttar Pradesh,"State Highway 57, Uttar Pradesh",77.345001,29.505405
LAJKURA CABIN,LJKR,,,,83.888267,21.809025000000002
MIDNAPORE,MDN,SER,West Bengal,"Medinipur, West Bengal",87.307379,22.42498
METYAL SOHAR,MYX,SER,West Bengal,"West Bengal, West Bengal",86.748784,23.482582
JOGIDIH,JGF,,,,83.052288244,24.2769136737
PIPARIYA KALAN,PWK,WCR,Madhya Pradesh,"State Highway 11, Madhya Pradesh",80.73642199999999,23.859295
Kumarhatti,KMTI,NR,Himachal Pradesh,"Kumarhatti, Himachal Pradesh",77.05598099999999,30.889186
KIRTI NAGAR,KRTN,NR,Delhi NCT,"Kirti Nagar, Delhi NCT",77.145074025,28.6469294838
Tiruchchuli,TCH,,,,78.19753187,9.537360695
ADRA EAST CABIN,ADRE,,,,86.69287100000001,23.492772000000002
Kushal Pura,KLSP,,,,75.764732,28.484266
Terha Halt,TERH,,,,84.8493670618,25.995645525199997
Lokvidyapith Nagar,LVR,NER,Uttar Pradesh,"National Highway 29, Uttar Pradesh",83.306841,27.154414
Lakkavarapukota,LVK,,,,83.14744900000001,18.018465
Jalalpur,JGP,,,,84.311942,26.586308000000002
Bhandewadi Halt,BNWD,,,,79.159229,21.141189
Heria Ph,HEN,,,,87.79556600000001,21.974916
Kaladehi,KDHI,SECR,Madhya Pradesh,"National Highway 7, Madhya Pradesh",79.83489,22.879170000000002
Icbn,ICBN,,,,83.156976,25.296734999999998
Joda Block Cabin,JBCN,,,,85.43383,22.024168000000003
Piprithan,PPTN,,,,88.124798,26.484618
Sukli,SKLI,,,,79.683653,21.677859
Aungari Dham,ANGM,,,,85.2261571069,25.1913324416
Kanthi P Halt,KATI,?,West Bengal,"Kanthi, West Bengal",87.734128,21.788742999999997
Nattrasankottai,NTS,SR,Tamil Nadu,"Madurai - Thondi Rd, Tamil Nadu",78.54142999999999,9.880423
Kandharan Halt,KDHN,,,,75.45245,28.594924
Bewar Bhojan,BWBN,,,,75.5683413623,28.5476822027
Gunrajpur Dhama,GNDM,,,,84.8211345959,26.069449321900002
Khabra Kalan,KBKN,,,,75.412296,29.322476
Khara-Kameri,KRKM,,,,73.929025,25.427702
Jaitsar,JES,,,,73.65228900000001,29.342839
Gangagarh Halt,GGG,,,,78.739109,27.850344000000003
MUNDALARAM,MDLM,,,,75.102087,23.687953
KATAIYA DANDI,KTDD,NCR,Uttar Pradesh,"Kataiya, Uttar Pradesh",81.3984808771,25.149062471199997
KUNURI,KNRI,,,,87.6115177704,23.9163057543
KHERODA,KHW,,,,74.06853600000001,24.570580999999997
AJIT,AJIT,NWR,Rajasthan,"State Highway 68, Rajasthan",72.67795462,25.860076969999998
BARKAKANA AVOIDING CABIN,BKAC,,,,85.46359199999999,23.640520000000002
CHAMUNDA MARG,CMMG,NR,Himachal Pradesh,"Chamunda Marg, Himachal Pradesh",76.421027,32.110941000000004
Aman Lodge,X108,,,,73.27608000000001,18.997761
BALLE-DA-PIR-LA,BLDL,NR,Himachal Pradesh,"Balle da pir larath, Himachal Pradesh",75.932732,32.215731
Gurudas Nagar,GURN,ER,West Bengal,"Diamond Harbour Rd, West Bengal",88.214928,22.199323
SANOSRA,SOA,WR,Gujarat,"State Highway 25, Gujarat",71.7894786566,21.748110299
BAGARPUR HALT,BGRR,,,,78.278043,29.079065999999997
FIROZPUR CANT,FZR,NR,Punjab,"Firozpur, Punjab",74.61843900000001,30.942486
LUMDING JN,LMGF,,,,93.17674000000001,25.750176
Madar Jn,MDJN,,,,74.686507,26.464294
TAKAZHI,TZH,,,,76.408316,9.3702
BORIVALI,BVI,WR,Maharashtra,"Mumbai, Maharashtra",72.85641199999999,19.228739
PENNATHUR HALT,PNTR,,,,79.1235368176,12.849960168399999
GARMADI,GM,,,,71.13394,23.72788
MELPATTAM BAKKAM,MBU,SR,Tamil Nadu,"Pattampakkam, Tamil Nadu",79.622949,11.784898
Bhaner,BANR,,,,72.9756196179,22.879185725
TIRUPPAPPULIYUR,CUD,SR,Tamil Nadu,"Cuddalore, Tamil Nadu",79.753441,11.748845000000001
KATWAR BAZAAR,KWBR,,,,82.448864,25.562644
NIDAGHATTA,NXH,,,,77.0880662097,12.6253503
LALBAGH COURT ROAD,LCAE,ER,West Bengal,"Lalbagh Court Road, West Bengal",88.246307,24.173693
DEKARGAON,DKGN,,,,92.763075,26.681165999999997
Komagata Maru Budge Budge,KBGB,,,,88.19442228000001,22.49283248
BHATKAL,BTJL,KR,Karnataka,"Bhatkal, Karnataka",74.5655589,13.98866
BAGHNAPARA,BGRA,ER,West Bengal,"Kalna-Memari Rd, West Bengal",88.329724,23.242082
MEGHPUR TITODI,MGTD,,,,69.451972,22.138132
LUMDING SOUTH,LMGS,,,,93.163576,25.757118
Dmw Patiala Halt,DMWP,,,,76.42154342159999,30.361156358899997
COSSYE,CSY,,,,87.2896485193,22.4068330073
Dudhaunda,DDNA,NER,Uttar Pradesh,"Aunrihar, Uttar Pradesh",83.084478,25.573305
Mohan Nagar,MNGR,,,,73.523178,29.45876
DALI GANJ,DALF,,,,80.927742,26.875644
Kumara Patnam Bg Sdg,KMPS,,,,75.780127,14.527464
MATANA BUZURG,MABG,,,,75.8671171741,23.1138506265
Ikdori,IKD,NCR,Madhya Pradesh,"State Highway 2, Madhya Pradesh",76.940934,26.037543
Balauda Takun,BLDK,WR,Madhya Pradesh,"State Highway 27, Madhya Pradesh",75.755456,22.877384
Kumaripur Halt,KRMP,,,,87.6057220984,25.4375440848
Gauri Sriram,GSRM,,,,84.1867607922,26.7699800293
Bbra,BBRA,,,,81.53283,16.549141
Junagarh Road,JNRD,,,,82.946083,19.874057
Keshabpur,KSBP,SER,West Bengal,"Haldia Mechada via Tamluk, West Bengal",87.948672,22.221674
Naloi Barwa,BVZ,,,,75.62385717000001,28.96314483
Jalandari,JNRI,,,,75.342247,25.286385000000003
Todikkapulam Halt,TDPM,SR,,,76.268569,11.153243999999999
Khairee Halt,KHR,,,,79.860374,22.343556
Lalabazar,LLBR,?,Assam,"Kalachera Rd, Assam",92.610161,24.561850000000003
Sadashivapet Road,SSPD,SCR,Andhra Pradesh,"Sadashivapet, Andhra Pradesh",77.8728203638,17.4835646427
Chuhriwala Dhanna,CWDA,,,,74.13556886469999,30.212074913600002
Padil,PADL,,,,74.894329,12.874231
JAMUNIA KALAN,JMKL,,,,74.8886623096,24.413060577899998
PRAJAPATI HALT,PJPI,,,,84.50216300000001,26.815895
KALGURKI HALT,KGIH,,,,75.775752,16.585003999999998
Bodavara,BDVR,,,,83.112494,18.175095
BIHAT HALT,BEHT,,,,86.0334555469,25.4497699558
KONDIKOPPA,KNKP,,,,75.469303,15.431087999999999
MATHURAPUR MOR HALT,MRPM,,,,78.4222417542,29.6609552552
Chicholi Buzurg,CCBG,,,,79.912753,20.613113
SINGHAUL HALT,SHHT,,,,86.0966802881,25.4350086438
SEDARAMPATTU,SDPT,,,,79.202726,12.672036
ADAPUR,ADX,,,,84.941759,26.924721
BINDUKURI,BKTB,,,,92.734685,26.709021999999997
KHADKI BAZAR,KDBR,,,,77.832038,19.406761
Dhaniyawan,DHWN,,,,85.2874685571,25.421986000100002
Sitalnagar,STNR,,,,74.245042,28.04419
GULMA KHOLA,GMK,,,,88.43738,26.83822
Netawal,NTWL,,,,74.45849,24.861017
Narkatia Bazar,NKBR,,,,84.38246,26.488339
BARWALA ROAD,BRL,,,,70.714894,22.902131
NIMPURA THROUGH YARD,NPTY,,,,87.26505300000001,22.325255000000002
GURMURA,GMX,,,,83.0477742334,24.3548979309
THANISANDRA,THSA,,,,77.6355093567,13.0578558367
GHORGHAT,GOG,,,,86.58456,25.27073
Kankanadi,KNKD,,,,74.88113670000001,12.866703
RANGAPAHAR,RXR,NFR,Nagaland,"Bridge, Nagaland",93.707766,25.854971000000003
OBRA-A-CABIN,OBAC,,,,82.988313,24.446331
RADHANPUR,RDHP,WR,Gujarat,"Patan, Gujarat",71.58559399999999,23.84693
Sitarampur Link Cabin,STNC,,,,86.885648,23.745854
MUSAHIBPUR,MSBR,,,,75.60945677000001,31.9834478985
BIASPIND,BSPD,,,,75.632658,31.459179
Chaf Halt,CHAF,,,,84.0939686646,26.8285100187
Darbari,DBK,,,,73.10053242309999,27.9655265319
Ibhh,IBHH,,,,82.057491,21.846442
JAGUDAN,JDNM,,,,72.401679,23.521871
Ibhd,IBHD,,,,81.763465,21.443752
Dakshin Barasat,DBT,ER,West Bengal,"Barasat, West Bengal",88.45228599999999,22.226102
Jhulasan,JULF,,,,72.471105,23.326449
Bhawanipatna,BWIP,,,,83.15839799999999,19.93393
Kalajhari,KJR,,,,85.838015,20.369711
Jagudan,JDNF,,,,72.401879,23.522071
Behj,BEHJ,,,,77.396587,27.481951
G. Ramchandrapur,GRCP,,,,83.33018200000001,19.990686
Gugalwa Kirtan,GLKN,,,,75.576076,28.545807
Kenchanalu Halt,KCLA,,,,75.28544676759999,14.017783668700002
Tejnarayanpur,TNPR,,,,87.71098052250001,25.339562331299998
Torniya,TORA,WR,Gujarat,"Torniya, Gujarat",70.497006,21.450802
Borvihir,BRVR,CR,Maharashtra,"Dhule, Maharashtra",74.8417412,20.7843263
Tuiya Pani,TPNI,SECR,Madhya Pradesh,"Pindrai, Madhya Pradesh",80.010141,22.560295999999997
Virkudi,VRK,,,,79.648304,10.817963
Bhuyar Halt,BHRH,,,,79.579542,20.712948
Matia Barghat Halt,MTBG,,,,83.75710400000001,26.941536
Shambhupura C Cabin,SMPC,,,,74.63844900000001,24.792781
Gandhipuram Halt,GHPU,SCR,Andhra Pradesh,"Gandhi Nagar, Andhra Pradesh",80.31352000000001,17.495052
Sitalpur Bengal,STLB,,,,87.672822,21.774098
Haripal,HPL,ER,West Bengal,"State Highway 2, West Bengal",88.11853982,22.8311582
Walgaon,WLGN,,,,77.71074,21.020729000000003
Adhikari,ADQ,,,,88.16988226000001,26.57689211
DAKACHA,DKCH,,,,75.951951,22.859111000000002
KANIYAMBADI,KNB,,,,79.12441763240001,12.809316794699999
NAUGAON,NGON,,,,78.12035800000001,26.130622
VELLALCHERUVU H,VLCA,,,,79.891216,16.132576
SHENDRI,SEI,CR,Maharashtra,"State Highway 77, Maharashtra",75.552627,18.130093
Karahdih Halt,KHDH,,,,85.432679,25.068848
GUR MARKET,GRMT,,,,74.264117,16.701278000000002
MALTEKDI,MTDI,,,,77.33435399999999,19.1674
GHATPINDRAI,GPC,WCR,Madhya Pradesh,"Ghatpindra, Madhya Pradesh",79.26630999999999,22.952676
BHUPIA MAU,VPO,NR,Uttar Pradesh,"Dandupur, Uttar Pradesh",81.970286,25.875223000000002
Benoda,BNOD,,,,78.180007,21.449662999999997
LAKSWA,LXA,NFR,Assam,"Kukurachowa Gaon Rd, Assam",94.8439823962,27.004637018300002
VYASARPADI,VPY,,,,80.256817,13.108535
SAMRALA,SMRL,,,,76.18245499999999,30.824281
ITARSI MARSHALING YARD,ITMA,,,,77.75944219360001,22.6063459486
Chourai,CHUA,,,,79.246686,22.057632
Sukhchain,SCV,,,,74.99009799999999,29.767847
KUCHAVARAM HALT,KUCH,,,,78.4572240295,17.732096310200003
JUNONA HALT,JUNX,,,,77.1618431097,19.476361933099998
Pathardih Bazar,PBQ,,,,86.431257,23.682542
KELVA ROAD,KLV,WR,Maharashtra,"Thane, Maharashtra",72.79082100000001,19.624601000000002
KANCHANPUR ROAD,KNC,WCR,Madhya Pradesh,"Jabalpur, Madhya Pradesh",81.660307,24.065548000000003
LUCKNOW CITY,LCNC,,,,80.91798399999999,26.859254
CHANDLODIYA (B),CLDB,,,,72.543267,23.094443000000002
Jirwan,JRWN,,,,76.501037,21.681178
GANDHI SMRITI,GNST,,,,72.921021,20.920848
KHODIYAR,KHDB,,,,72.54803399999999,23.156344
WALTAIR,WAT,,,,83.29008089999999,17.7223773
AMJONGA,AMGA,,,,90.8529670435,25.9816211386
JITE,JITE,,,,73.119827,18.842284
Pauwara Halt,PUWA,,,,81.332987,21.098924
Tinpheria,TPV,,,,84.292251,26.618891
MADHAPUR ROAD,MADP,,,,69.716415,23.242661000000002
PURA HALT,EC28,,,,85.23955500000001,24.815024
Hirdagarh,HRG,CR,Madhya Pradesh,"Dongar Parasia, Madhya Pradesh",78.517436,22.142795
Matradham Halt,MADM,,,,79.45140099999999,22.048253
Sausar,SASR,SECR,Madhya Pradesh,"Sausar, Madhya Pradesh",78.80252499999999,21.658885
Kuchai,KUCE,,,,86.695652,22.013657
Ghutiari Sharif,GOF,ER,West Bengal,"Ghutiari Shariff, West Bengal",88.552115,22.367665
Burj Mohar,BJMA,,,,74.2058883679,30.185034097
Batasi,BTSI,,,,88.175047,26.606703
Kanjh,KNU,,,,72.1484284265,23.2982849059
Ujjain Jn,UJJN,,,,75.781443,23.178193999999998
Neralakatte Halt,NRF,,,,75.125978,12.816740000000001
Sawai Madhopur D,SWMD,,,,76.362376,26.023661999999998
Bela Halt,BELT,,,,86.99825916260001,25.0382570525
Gurujalas,GZA,,,,79.639066,16.548406999999997
Birari,BRRI,,,,78.50699749019999,24.7313106127
Barara Buzurg,BRRZ,,,,81.08413800000001,26.052652
Benipurgram Halt,BPGR,,,,85.481349,26.317241
SAHUWALA,SHWL,,,,73.812967,29.355217
PARSA NAGAR,PRSN,,,,84.68692399999999,26.776378
AITHAL,ATMO,NR,Uttarakhand,"Haridwar, Uttarakhand",78.0436230264,29.8079295893
AGRAN DHULGAON,AGDL,CR,Maharashtra,"Jath Rd, Maharashtra",74.924993,16.966118
Ghusia Halt,GAHT,,,,84.2479039038,25.1919497817
TIRUKOILUR,TRK,,,,79.22381373900001,11.976052306
SAGPHATA,SXA,,,,76.392141,21.574033
RAISHREE,RSRI,,,,77.591872,25.362076000000002
JO JAGABOR,JO,NWR,Gujarat,"Jo Jagabor, Gujarat",73.45304499999999,23.739452999999997
SIDULI,SXD,,,,87.21232632290001,23.6493523213
MIGRENDISA,MGE,NFR,Assam,"Migrendisa, Assam",93.06155700000001,25.171242
DHABAULI HALT,DHBI,,,,85.3421818591,25.6820902631
SRIKONA,SXO,,,,92.71007999999999,24.837109
VELANKANNI,VLNK,,,,79.846763,10.687498999999999
THARBAN,TBU,,,,77.671001,19.268289
DUMRI BIHAR,DMBR,ECR,,,85.766204,23.807394000000002
AHIRAN,AHN,ER,West Bengal,"National Highway 34, West Bengal",88.04112500000001,24.517687000000002
SAREIGRAM,SGAM,WCR,Madhya Pradesh,"Sidhi, Madhya Pradesh",82.205614,24.039636
Rambhawan Halt,RPWN,,,,85.239275033,25.2547478737
KAZIPARA HALT,KZPE,,,,88.188311,23.909674000000003
Hatighisa,HTA,,,,88.242284,26.687630000000002
NAGLAVI,NGV,,,,74.908742,15.454853
MIANGRAM,MIAN,ER,West Bengal,"Bazarsau, West Bengal",88.17146,23.853212000000003
KOLANALLI,CNY,,,,77.861414,11.173276999999999
KUMARAPURAM,KPM,,,,77.833638,9.088507
SOGARIYA CABIN,SGAC,,,,75.90022099999999,25.230055
PAZHAYA SEEVARAM,PYV,SR,Tamil Nadu,"Palayasivaram, Tamil Nadu",79.8777,12.777131
CHENGMARI,CNM,,,,89.004024,26.863246999999998
NEW GUWAHATI,NGC,,,,91.792236,26.181703
AHERA HALT,AHQ,NR,Uttar Pradesh,"Tatiri, Uttar Pradesh",77.27862400000001,28.926420999999998
SATYAVADA,STVA,SCR,Andhra Pradesh,"Coastal Andhra Region, Andhra Pradesh",81.66986,16.799851999999998
GHORPURI TRANSH,GIT,,,,73.8987694873,18.5259235991
Tariasujan,TRJ,,,,84.270833,26.653609000000003
Oddam Hatram,ODC,,,,77.7465317596,10.4855987634
HARDATTPUR,HDT,NER,Uttar Pradesh,"National Highway 2, Uttar Pradesh",82.9075993964,25.276911474
Radhikapur,RDP,NFR,West Bengal,"State Highway 10A, West Bengal",88.448153,25.643573999999997
Nurpura,NPH,,,,77.852085,26.709463000000003
Nagbhir Jn (Ng),NABN,,,,79.700558,20.580232
Kharuara Halt,KRRH,,,,85.54376733149999,25.4317780874
Duhru,DXU,,,,80.176723,26.083606
Gidam,GIZ,ECoR,Chhattisgarh,"National Highway 16, Chhattisgarh",81.409001,18.934852
Gani Dham Halt,GIF,ER,Bihar,"Gani Dham, Bihar",86.9862695435,25.1634535646
Mahawan Khor Halt,MVKR,,,,83.2768154944,26.975829172700003
Jumapatti,JTT,,,,73.308384,19.004154000000003
Jotana,JTN,,,,72.29427,23.459001999999998
Magra Hat,MGT,ER,West Bengal,"Magra Hat, West Bengal",88.37271299999999,22.242111
Manganallur,MNX,,,,79.6498049,11.024209599999999
Chinta Parru Ha,CTPR,,,,81.70660500000001,16.534799
Kankra Mirzanagar,KMZA,ER,West Bengal,"Mirzanagar, West Bengal",88.721428,22.658005
Kargaon Halt,KRGN,,,,79.41345000000001,20.801363000000002
Pusla,PUSA,,,,78.354883,21.493095999999998
Chintamani,CMY,,,,78.05456539999999,13.410991099999999
Singriawan,SGYW,,,,85.28453529789999,25.4095173407
Dhana Ladanpur,DZL,,,,76.1667579382,28.7502173348
Mohadi Praganel,MAHD,,,,79.726457,21.294083
ANAIMALAI ROAD,ANM,,,,76.935071,10.624894
TANDARAI,TNI,,,,79.1470127649,12.1180073562
BANGARI,BGAR,,,,84.921285,26.538089
Tikauli Rawatpur,TKRP,NR,Uttar Pradesh,"Tikauli Rawatpur Railway Station, Uttar Pradesh",80.613163,26.399047
NAVALGUND RD,NVD,,,,75.354461,15.434894
LUSA,LUSA,NCR,Uttar Pradesh,"State Highway 5, Uttar Pradesh",82.843318,24.876545999999998
CHHANERA,CAER,WCR,Madhya Pradesh,"Chhanera, Madhya Pradesh",76.707775,21.963965
KOTDWARA,KTW,NR,Uttarakhand,"Kotdwara, Uttarakhand",78.52116372309999,29.742927896
BANGURGRAM HALT,BNGM,,,,74.34824731079999,26.1401115488
LACHHIPURA,LAC,,,,74.65329374689999,26.3236717828
Baraw More,BMHT,,,,84.06203632569999,25.0437938949
RANIPUR ROAD,RNRD,NCR,Uttar Pradesh,"Mau Ranipur, Uttar Pradesh",79.055869,25.270917999999998
Shirala,SIRL,,,,77.726017,21.123835999999997
TARSAI,TRSR,,,,69.84803099999999,21.764673
LAKHPAT,LAA,,,,71.028821,23.597666
Ghai Kalan,GKX,,,,75.10891500000001,30.822828
Gankhera Halt,GKT,,,,80.191891,21.389118
BARUANAGAR,BRNR,NFR,Assam,"Moran to Naharkatiya Rd, Assam",95.23363789119999,27.143953401599997
AMNAPUR,ANQ,,,,74.459554,17.049464999999998
NATHAPETTAI,NTT,SR,Tamil Nadu,"Nathapettai - Kaliyanoor Rd, Tamil Nadu",79.75614999999999,12.824069
NAKARDEI,NKU,,,,84.89166900000001,26.948686
RAMRUPNAGAR,RRNH,,,,85.162249,26.790374
PATTABIRAM WEST,PRWS,,,,80.051876,13.120184
Bahir Khanda,BAHW,ER,West Bengal,"State Highway 2, West Bengal",88.071068,22.851949
HARHAR FATEHPUR,HHP,,,,77.38734198969999,29.5622491051
Salar Khurd,SRKR,,,,84.273451449,26.447388357799998
UNAWA AITHOR,UAR,,,,72.38511899999999,23.759404
VIRANI ALUR,VRLR,SR,Tamil Nadu,"Kanyakumari, Tamil Nadu",77.3686992383,8.1946448621
Hiwarkheda,HKNT,,,,78.067716,21.40605
Gzka,GZKA,,,,76.655091,27.607734
Veraval Mg,VRLF,,,,70.370599,20.913261
Masaniwala,MSWA,,,,73.59038699999999,29.399942999999997
Kapurdha Halt,KPDH,SECR,Madhya Pradesh,"SH 26, Madhya Pradesh",79.304203,22.053903000000002
Manwala Kot Bakhtu,MKBH,,,,74.95205,30.040498999999997
Gurha Kemla,GRKA,,,,76.25524899999999,28.313585999999997
Gosaingram,GSGB,ER,West Bengal,"Murshidabad District, West Bengal",88.211777,24.248003
Bhanjpur,VZR,,,,86.73407,21.95074
Takal,TAKL,,,,76.542513,21.649222
New Runnisaidpur Halt,NRSD,,,,85.515932,26.385382
Chik Ballapur,CBP,SWR,Karnataka,"Chik Ballapur, Karnataka",77.7325398,13.4313153
Prithwirajpur,PRUR,,,,73.757001,29.956914
Narikkudi,NKK,,,,78.33712799999999,9.607657999999999
Nyoli Kalan,NKN,,,,75.633124,29.189764
Pipradih,PPDI,,,,86.9944876282,24.9936652146
Bisalehalli,BLHI,,,,75.9666857568,13.4826117961
Doddasiddavanha,DSHI,,,,76.48848000000001,14.209931
Bajekan,BJKN,,,,75.099097,29.524297999999998
Doddanatta Halt,DTT,,,,78.13389600000001,13.374454
Churaibari,CBZ,NFR,Tripura,"Churaibari, Tripura",92.24124800000001,24.433621
Malaka Vemala,MVA,,,,78.053936,14.268888
Bhimal,BIML,NWR,Rajasthan,"Rajsamand, Rajasthan",73.92244020000001,24.7524306
Mahuli Halt,MZB,,,,79.315031,21.033307999999998
Warud Orange City,WOC,,,,78.276164,21.458720999999997
SANHA HALT,SANH,,,,86.3684319092,25.4274073054
IFFCO CABIN,IFCO,,,,72.535718,23.179203
KANGRA,KGRA,NR,Himachal Pradesh,"Kangra, Himachal Pradesh",76.26256500000001,32.085157
MAJRI KHADAN,MJKN,,,,79.01907800000001,20.109731
PAMIDI,PMD,,,,77.5990446368,14.980726541100001
PIRUMADARA,PRM,NER,Uttarakhand,"Nainital District, Uttarakhand",79.045744,29.327364
SIKKAL,SKK,SR,Tamil Nadu,"Sikkal, Tamil Nadu",79.790691,10.753121
RAMGANGA SOUTH,RSC,,,,79.369788,28.295969
PALGHAR,PLG,WR,Maharashtra,"Palghar, Maharashtra",72.77248,19.698038
PIMPLA CHAURE HALT,PPLC,,,,77.13253484500001,19.286454997699998
KALINAGAR,KLNT,,,,88.335819,23.365861
AUNRIHAR JN,ARJ,NER,Uttar Pradesh,"Ghazipur, Uttar Pradesh",83.18727200000001,25.54466
THANDONI,TNDN,,,,78.108515,10.93648
MARWAR BIRTHI,MBT,NWR,Rajasthan,"National Highway 15, Rajasthan",72.290171,27.099589
PIPLEE,PLE,,,,71.530851,23.817141
MOTA SURKA,MTSK,,,,71.924583,21.724542
NARAIKKINAR,NRK,SR,Tamil Nadu,"Palayamkottai - Kolathur - Nagalapuram - Aruppukottai Rd, Tamil Nadu",77.841953,8.862518999999999
GHAUNSPUR,GPW,,,,75.6375275745,31.8706261437
PATHRALA,PTRL,NWR,Punjab,"National Highway 64, Punjab",74.74395299999999,30.006625
Pathardih Junction,PEH,ECR,Jharkhand,"Jairampur More to Baliapur, Jharkhand",86.4345602,23.675524600000003
Nimkana,NIN,,,,86.376438,20.295401
Naikot,NIT,,,,83.396612,27.361006
Kamta Halt,KAMA,,,,85.27791552000001,25.336743948
Nandakumar P.H.,NDKR,?,West Bengal,"Haldia Mechada via Tamluk, West Bengal",87.927872196,22.1909239649
Ratnapur,RNU,,,,76.651361,21.474117
Bamour Gaon,BMZ,NCR,Madhya Pradesh,"National Highway 3, Madhya Pradesh",78.0778607251,26.3484669242
Bhanga,BXG,NFR,Assam,"National Highway 44, Assam",92.457351,24.857347
Bagdogra,BORA,,,,88.32445458000001,26.697770440000003
Pattabiram Military,PTMS,,,,80.05975199999999,13.136714000000001
Lakshmanpur Halt,LHNR,,,,82.3397643762,27.5318304825
Lohanda,LHNA,,,,85.27902379519999,25.3541150645
Kullanchavadi,KLNC,,,,79.667563,11.628136
Pagidirai Halt,PGDI,,,,77.60155400000001,15.283
Jalalpur Dhai,JPD,?,Uttar Pradesh,"State Highway 38, Uttar Pradesh",81.13597700000001,26.021201
Balegundi,BGV,,,,75.11856523189999,14.150947457100001
Bangriposi,BGY,,,,86.501362,22.130678
Kumar Maranga,KMEZ,,,,81.94987,19.038845
Belasar,BLSR,,,,73.653205,27.995122
Sakarayapatna,SHYP,,,,75.92847693120001,13.430423881200001
Jawaharnagar,JWNR,NFR,Tripura,"National Highway 44, Tripura",91.895623,23.924910999999998
Rajalukah,RJLK,,,,86.64224200000001,22.125193
Marwar Ranawas,MRWS,NWR,Rajasthan,"State Highway 61, Rajasthan",73.739883,25.669354
NIMACH,NMH,WR,Madhya Pradesh,"MDR 11A, Madhya Pradesh",74.853025,24.459872999999998
SURAINCHA,SUIA,NER,Uttar Pradesh,"Suraincha, Uttar Pradesh",80.830108,27.33652
SOLGAMPATTI,SGM,SR,Tamil Nadu,"Thirunedukulam To Paper Mill Rd, Tamil Nadu",78.858717,10.785689
DHANARI,DN,NR,Uttar Pradesh,"State Highway 39, Uttar Pradesh",78.50959573360001,28.3284610746
JORAWARNAGAR JN,JVN,WR,Gujarat,"Surendra Nagar, Gujarat",71.641594,22.71246
Ukilerhat Halt,UKLR,ER,West Bengal,"National Highway 117, West Bengal",88.230351,21.824712
KUTHUR,KOQ,SR,Tamil Nadu,"Nagappattinam - Trichy - Karur- Coimbatore - Mettupalayam - Ooty - Gundlupet Road(Vandikara Street), Tamil Nadu",79.718883,10.755434000000001
MARIAMMANKOVIL,MAV,SR,Tamil Nadu,"Mariammankoil Railway Station Rd, Tamil Nadu",79.198201,10.773265
Belandur Road,BLRR,SWR,Karnataka,"Bengaluru, Karnataka",77.706939,12.936565
SHRIMAD DWARAKAPURI,SRDW,NCR,Uttar Pradesh,"Shrimad Dwarakapuri, Uttar Pradesh",79.56963800000001,27.364691
SHANKARPUR BHADAURA,SKBR,WCR,Madhya Pradesh,"Madhya Pradesh, Madhya Pradesh",81.93144699999999,24.083218
SALICHAUKA ROAD,SCKR,WCR,Madhya Pradesh,"Gadarwara, Madhya Pradesh",78.67629099999999,22.833649
Goram Ghat,GGO,NWR,Rajasthan,"Pali, Rajasthan",73.849246,25.635531
PATEL NAGAR,PTNR,NR,Delhi NCT,"Najafgarh Road Industrial Area, Delhi NCT",77.15626035310001,28.660009076599998
BOGRI ROAD,BGO,SER,West Bengal,"Bridge over Krishnanagore, West Bengal",87.325732,22.881747
Bankim Nagar,BNKA,ER,West Bengal,"State Highway 11, West Bengal",88.59190873,23.209058770000002
Satish Samanta P.H.,SSPH,?,West Bengal,"Mahishadal Geonkhali Rd, West Bengal",87.987567,22.194485
RAMGANGA,RGB,NR,Uttar Pradesh,"State Highway 33, Uttar Pradesh",79.375029,28.298118
CHIKJAJUR JN,JRU,SWR,Karnataka,"Chikkajajur, Karnataka",76.138705,14.126112
PETTAIVAYATALAI,PLI,SR,Tamil Nadu,"Pettavaithalai, Tamil Nadu",78.495114,10.898665999999999
ARAVALLI,AVLI,SCR,Andhra Pradesh,"West Godavari, Andhra Pradesh",81.599095,16.620491
KASHANATTI,KHST,,,,74.8295941504,15.4642781905
HONNAVALLI ROAD,HVL,SWR,Karnataka,"National Highway 206, Karnataka",76.39004938960001,13.2744988982
SREE SARADANAGAR HALT,SSNH,SWR,Karnataka,"Tiptur, Karnataka",76.454627,13.260739
Chandsara,CXA,NR,Uttar Pradesh,"Chandsara, Uttar Pradesh",77.725745,28.876213999999997
BHATINDA B CABIN,BTIB,,,,74.940231,30.150805
Anpara,ANPR,ECR,Uttar Pradesh,"Sonebhadra, Uttar Pradesh",82.766166,24.217385999999998
Chitrawad,CTRD,WR,Gujarat,"Chitravad And Borvav Railway Station, Gujarat",70.557048,21.101116
TONDALAGOPAVARAM,TNGM,SCR,Andhra Pradesh,"Tondalagopavaram Station, Andhra Pradesh",80.43078299999999,16.86827
KHERA SANDHAN HALT,KHSN,,,,77.72704800000001,27.240587
KAPURTHALA RAIL COACH FACTORY,RCF,NR,Punjab,"kapurthala, Punjab",75.34282,31.326976000000002
UDALKACHAR,UKR,SECR,Madhya Pradesh,"National Highway 78, Madhya Pradesh",82.291923,23.287243
FATEHA HALT,FAH,,,,85.8714580536,25.598419045
BISALWAS KALAN,BIWK,WR,Rajasthan,"MDR 11A, Rajasthan",74.78308399999999,24.500035299999997
TIRUPADRIPULYUR,TDPR,SR,Tamil Nadu,"Cuddalore, Tamil Nadu",79.753349,11.748883
GUNDLA POCHAMPALLI,GOPL,SCR,Andhra Pradesh,"Telangana Region, Andhra Pradesh",78.48785099999999,17.567577
SHANKAPUR HALT,SNPH,,,,78.4021040503,18.0661191061
TIRUMANTHIKUNAM,TMU,SR,Tamil Nadu,"Nagappattinam - Trichy - Karur- Coimbatore - Mettupalayam - Ooty - Gundlupet Road(Vandikara Street), Tamil Nadu",79.534339,10.767733999999999
PURA HALT,PURA,,,,85.239725,24.815193999999998
Tamuria,TMA,ECR,Bihar,"Bihar, Bihar",86.352761,26.245715
Temburu,TMB,ECoR,Andhra Pradesh,"Paralakhemundi, Andhra Pradesh",84.12696299999999,18.633565
SILAKHEDI,SKBN,,,,76.057298,23.093053
SWAMIMALAI,SWI,SR,Tamil Nadu,"Swamimalai, Tamil Nadu",79.32878500000001,10.942234
RANYAL JASMIYA,RCJ,WR,Madhya Pradesh,"Devas, Madhya Pradesh",76.072554,23.161929
VIVEKA VIHAR,VVB,NR,Delhi NCT,"Jhilmil Industrial Area, Delhi NCT",77.31951000000001,28.673319000000003
DUVRI KALAN,BARD,WCR,Madhya Pradesh,"State Highway 9, Madhya Pradesh",81.507968,23.994180999999998
GAUSHALA,GWS,NER,Uttarakhand,"National Highway 121, Uttarakhand",79.009802,29.298626000000002
NAOJAN,NJN,NFR,Assam,"local Rd, Assam",93.846465,26.13131
KAKINADA TOWN,CCT,SCR,Andhra Pradesh,"East Godavari, Andhra Pradesh",82.2329218,16.9670099
MOKHASA KALVPDI,MVP,SCR,Andhra Pradesh,"Putlacheruvu, Andhra Pradesh",81.13029,16.495533000000002
DIBRUGARH TOWN,DBRT,NFR,Assam,"Dibrugarh, Assam",94.9019739417,27.4781132774
NAGERCOIL TOWN,NJT,SR,Tamil Nadu,"Nagercoil, Tamil Nadu",77.4194318207,8.199571810899998
MAHADANAPURAM,MMH,SR,Tamil Nadu,"Nagappattinam - Gundlupet Road(Vandikara Street), Tamil Nadu",78.299178,10.953711
HANWANT,HWT,NWR,Rajasthan,"Basni, Rajasthan",73.005205,26.059514
Gwalior NG,GWO,NCR,Madhya Pradesh,"Gwalior, Madhya Pradesh",78.182282,26.216473
Kulthamabdullashah Halt,KASH,NR,Punjab,"Kulthamabdullashah, Punjab",75.848386,31.203335000000003
Bamsin,BMSN,NWR,Rajasthan,"SH 66, Rajasthan",72.5442353925,25.762982552100002
Dhaca Cantt.,DHCA,?,Bangladesh,"Dhaka, Bangladesh",90.410617,23.815527
Suprakandi,SAKD,,,,92.37868,24.788432999999998
Khairranji,KRRI,,,,80.03937900000001,22.419012000000002
Ramachandrapur,RCP,NR,Uttar Pradesh,"Lucknow Allahabad Rd, Uttar Pradesh",81.267274,25.996484000000002
Gauntra Halt,GNTR,NR,Uttar Pradesh,"Gauntra, Uttar Pradesh",80.21785643429999,27.134445803800002
Navi Amravati,NAVI,,,,77.732428,20.902137
Fatehnagar,FAN,NWR,Rajasthan,"Fatehnagar, Rajasthan",74.09578200000001,24.81828
Chhuchhapura Junction,CCP,WR,Gujarat,"SH 159, Gujarat",73.594519,22.214729000000002
Chhapra Kacheri Jn.,CIF,,,,84.746619,25.786151
Chicholi,CCO,,,,79.702691,21.458741
Bhairgachhi,BHGH,ER,West Bengal,"Ranaghat-Bagula Bypass, West Bengal",88.634016,23.274779
Bhoma,BHV,SECR,Madhya Pradesh,"State Highway 11A, Madhya Pradesh",79.689457,22.171372
WADWAL NAGNATH,WDLN,SCR,Maharashtra,"Wadwal Nagnath, Maharashtra",76.80741,18.538466
BABA RAGHUNI HALT DWARIKA,BRHD,,,,86.5967982178,25.7600467439
TSAKIBANDA,TKBN,SWR,Andhra Pradesh,"Rayalaseema Region, Andhra Pradesh",77.178109,15.163457000000001
KARAPGAON,KFY,WCR,Madhya Pradesh,"National Highway 26, Madhya Pradesh",78.9845402875,22.9155569073
SOBHAPUR,SXF,WCR,Madhya Pradesh,"State Highway 22, Madhya Pradesh",78.29188099999999,22.727429
BANASANKARAI HA,BNK,SWR,Karnataka,"National Highway 206, Karnataka",76.5230602795,13.2656079329
Boxirhat,BXHT,,,,89.751593,26.307287000000002
MAHRAULI,MFH,,,,77.468815,28.663865
ADHYATMIK NAGAR,AKNR,,,,77.49972700000001,28.679874
DASNA,DS,,,,77.528116,28.690718999999998
PILKHUA,PKW,,,,77.668008,28.712335
KASTLA KASAMBAD,KKMB,,,,77.7102953784,28.7210709953
HAPUR,HPU,,,,77.77957599999999,28.739613
BABUGARH,BBO,,,,77.855523,28.747393000000002
KUCHESAR ROAD,QXR,,,,77.913232,28.746651
SIKHERA MB HALT,SKHR,,,,77.9499696448,28.7567148575
SIMBHOOLI,SMBL,,,,77.98347199999999,28.765190999999998
GARHMUKTESAR,GMS,,,,78.07350799999999,28.781743
GARHMUKTESAR BR,GGB,,,,78.1412204187,28.761399945399997
KANKATHER,KHE,,,,78.180192128,28.8013612636
GAJRAULA JN,GJL,,,,78.250784,28.834937999999998
MAHESRA,MHHR,,,,78.330321,28.856392
KAFURPUR,KFPR,,,,78.3593320288,28.8654124385
AMROHA,AMRO,,,,78.474329,28.892688
KAIALSA,KIV,,,,78.5605679086,28.8802519228
CHAK KALI LAIT,CKLT,,,,78.611771,28.874271
HAKIMPUR,HKP,,,,78.65886363950001,28.8794821589
LODIPUR BISHANPUR,LDP,,,,78.7090987616,28.872301720499998
LODIPUR BISHANP,LPB,,,,78.71802799999999,28.869781
BISRA,BZR,,,,84.998591,22.248412000000002
BHALULATA,BUL,,,,85.060382,22.266491
JARAIKELA,JRA,,,,85.113703,22.309555999999997
MANOHARPUR,MOU,,,,85.196894,22.373359
POSOTIA,PST,,,,85.254753,22.447129
DEROWAN P. HALT,DRWN,,,,85.29977799999999,22.487947
MAHADEV SAL,MXW,,,,85.328849,22.510448
GOILKERA,GOL,,,,85.37935200000001,22.505290000000002
TUNIA,TUX,,,,85.426059,22.540308999999997
SONUA,SWR,,,,85.464081,22.576498
LOTAPAHAR,LPH,,,,85.565671,22.617663
CHAKRADHARPUR,CKP,,,,85.62777100000001,22.678979
BARABAMBO,BRM,,,,85.72902995999999,22.70169729
RAJKHARSAWAN JN,RKSN,,,,85.811158,22.733525
MAHALI MARUP,MMV,,,,85.879316,22.757135
SINI JN,SINI,,,,85.94702600000001,22.78946
BIRBANS,BRBS,,,,86.01393866000001,22.79397464
WADI,WADI,,,,76.99154999999999,17.054312
CHENNAI PARK,MPK,,,,80.27285,13.080627
CHENNAI FORT,MSF,,,,80.28293599999999,13.08354
CHENNAI BEACH,MSB,,,,80.291601,13.09034
ROYAPURAM,RPM,,,,80.29315199999999,13.103503
WASHERMANPET,WST,,,,80.28302000000001,13.1092227
TIMMANACHERLA,TIM,,,,77.394077,15.163466000000001
NAKKANADODDI,NKDO,,,,77.47667899999999,15.165309
PATAKOTTACHERU,PLU,,,,77.521795,15.172077
GOOTY JN,GY,,,,77.625823,15.149208
GOOTY JUNCTION CABIN,GYJ,,,,77.650955,15.140041
JAKKALACHERUVU,JKO,,,,77.726953,15.109121
RAYALCHERUVU,RLO,,,,77.82103500000001,15.055957000000001
VEMULAPADU,VML,,,,77.85137900000001,15.022098
JUTTURU,JUR,,,,77.898103,14.978847
KOMALI,KMQA,,,,77.927597,14.936387
TADIPATRI,TU,,,,77.978985,14.907558000000002
CHALLAVARIPALLI,CLPE,,,,78.034438,14.876728
VANGANUR,VRN,,,,78.080906,14.847442
REGADIPALLI,RLL,,,,78.136002,14.813572
KONDAPURAM,KDP,,,,78.193462,14.773549
MANGAPATNAM,MUM,,,,78.2607534143,14.7366964885
CHINTAKUNTA,CIN,,,,78.3238797852,14.7197004131
MUDDANURU,MOO,,,,78.395393,14.688415
KALAMALIA,KMH,,,,78.470174,14.667107
YERRAGUNTLA,YA,,,,78.534003,14.642328000000001
YERRAGUDIPAD,YGD,,,,78.606374,14.618673
KAMALAPURAM,KKM,,,,78.666113,14.591762
GANGAYAPLLE,GPY,,,,78.71746345,14.55411935
KRISHNAPURAM,KPU,,,,78.776559,14.493468
CUDDAPAH,HX,,,,78.829184,14.451690000000001
KANAMALO PALLE,KNLP,,,,78.925335,14.428768999999999
BHAKARAPET,BKPT,,,,78.97007317,14.4093627
ONTIMITTA,VNM,,,,79.016272,14.392459
MANTAPAMPALLE,MMPL,,,,79.078603,14.321639000000001
NANDALUR,NRE,,,,79.105722,14.264922
HASTAVARMU,HAQ,,,,79.1216,14.218403
RAZAMPETA,RJP,,,,79.15274099999999,14.184524999999999
PULLAMPET,PMT,,,,79.205606,14.120622000000001
REDDIPALLE,RPL,,,,79.22553,14.093157999999999
OBULAVARIPALLI,OBVP,,,,79.268221,14.04083
ANANTARAJUPET,ANE,,,,79.30246799999999,13.999592
KODURU,KOU,,,,79.345687,13.948578
SETTIGUNTA,SF,,,,79.382302,13.87431
BALAPALLE,BLPE,,,,79.403557,13.817150999999999
MAMANDURU,MRM,,,,79.458115,13.745895
PUDI,PUDI,,,,79.510307,13.532380999999999
SRI VENKATAPERU,SVF,,,,79.514324,13.511599
TADUKU,TDK,,,,79.526498,13.502044999999999
PUTTUR,PUT,,,,79.552666,13.439642
VEPAGUNTA,VGA,,,,79.559433,13.395013
EKAMBARAKUPPAM,EKM,,,,79.573126,13.318603999999999
NAGARI,NG,,,,79.579647,13.307882
VENKATA NARASIMHA RAJU VARI PETA,VKZ,,,,79.58186500000001,13.270775
PONPADI,POI,,,,79.588814,13.241368
TIRUTTANI,TRT,,,,79.611386,13.179217000000001
ICHCHIPUTTUR,ICP,,,,79.638907,13.132795
ARAKKONAM JN NORTH,AJJN,,,,79.64842900000001,13.086445000000001
PALASDARI,PDI,,,,73.32055,18.88409
THAKURVADI,TKW,,,,73.353331,18.852865
NAGNATH CABIN,NNCN,,,,73.35913113400001,18.854079332599998
NAGARGALI,NAGC,,,,73.36014800000001,18.815609
MONKEY HILL,MHLC,,,,73.36374599999999,18.769161
KHANDALA,KAD,,,,73.377469,18.755087
LONAVALA,LNL,,,,73.407657,18.748883
MALAVLI,MVL,,,,73.48064000000001,18.743833000000002
KAMSHET,KMST,,,,73.552352,18.766938
KANHE,KNHE,,,,73.59401600000001,18.762352
VADGAON,VDN,,,,73.636925,18.742927
TALEGAON,TGN,,,,73.67201399999999,18.734829
GHORAWADI,GRWD,,,,73.69698199999999,18.720585
SHELARWADI,SLRW,,,,73.705901,18.700940000000003
BEGDAEWADI,BGWI,,,,73.708437,18.700263
BEGDEWADI,BGW,,,,73.70903919999999,18.701176
DEHU ROAD,DEHR,,,,73.734169,18.680176
AKURDI,AKRD,,,,73.76424399999999,18.64812
CHINCHVAD,CCH,,,,73.79139199999999,18.638903
PIMPRI,PMP,,,,73.801991,18.622977
KASAR WADI,KSWD,,,,73.8207010529,18.607555174
DAPODI,DAPD,,,,73.83279900000001,18.58005
KHADKI,KK,,,,73.840513,18.563010000000002
SHIVAJINAGAR,SVJR,,,,73.851147,18.531738
BORIBIAL,BRB,,,,74.6488080432,18.4077648636
MALTHAN,MLM,,,,74.7243673877,18.3689511683
BHIGWAN,BGVN,,,,74.77504200000001,18.317256
JINTI ROAD,JNTR,,,,74.87741682800001,18.3249544651
PAREWADI,PRWD,,,,74.952285,18.289799000000002
WASHIMBE,WSB,,,,75.003799,18.284021
POPHLAJ,PPJ,,,,75.117846,18.292242
JEUR,JEUR,,,,75.16247100000001,18.260933
BHALWANI,BLNI,,,,75.199289,18.212962
KEM,KEM,,,,75.2746262701,18.177508793500003
DHAVALAS,DHS,,,,75.3342619214,18.1296817393
KURDUVADI,KWV,,,,75.41711799999999,18.091348
WADSINGE,WDS,,,,75.4887746527,18.066132304299998
MADHA,MA,,,,75.546507,18.029712
VAKAV,WKA,,,,75.579724,17.988187
ANGAR,AAG,,,,75.599875,17.954256
MALIKPETH,MKPT,,,,75.608752,17.899981999999998
MOHOL,MO,,,,75.675995,17.805205
MUNDHEWADI,MVE,,,,75.7065479559,17.7417646618
PAKNI,PK,,,,75.7788740411,17.7248659449
BALE,BALE,,,,75.8450861792,17.676185604199997
SOLAPUR JN,SUR,,,,75.893401,17.664496
TIKEKARWADI,TKWD,,,,75.933458,17.614967
HOTGI,HG,,,,75.989943,17.565668000000002
TILATI,TLT,,,,76.069348,17.503553
AKALKOT ROAD,AKOR,,,,76.13768900000001,17.450243
NAGANSUR,NGS,,,,76.182913,17.429086
BOROTI,BOT,,,,76.2535626,17.395018500000003
DUDHANI,DUD,,,,76.37871,17.362420999999998
KULALI,KUI,,,,76.47059200000001,17.357949
GAUDGAON,GDGN,,,,76.530953,17.335973000000003
GANAGAPUR ROAD,GUR,,,,76.5903,17.340443
HUNSIHADGIL,HHD,,,,76.646807,17.352906
SAWALGI,SVG,,,,76.71113700000001,17.339489999999998
BABLAD,BBD,,,,76.779259,17.337569
GULBARGA,GR,,,,76.82443799999999,17.314372
HIRENANDURU,HQR,,,,76.872212,17.258215
MARTUR,MR,,,,76.902717,17.199686
SHAHABAD,SDB,,,,76.943513,17.121662999999998
MUMBRA,MBQ,,,,73.02326,19.190223
KALVA,KLVA,,,,72.997651,19.196049
KURLA JN,CLA,,,,72.879375,19.065221
MUMBAI SION,SIN,,,,72.864262,19.047725
MUMBAI MATUNGA,MTN,,,,72.84984200000001,19.027347
MUMBAI DADAR CENTRAL,DR,,,,72.842972,19.017179
VITHALWADI,VLDI,,,,73.149051,19.229233999999998
ULHASNAGAR,ULNR,,,,73.163466,19.218215
AMBARNATH,ABH,,,,73.184756,19.210382000000003
BADLAPUR,BUD,,,,73.2390496,19.166388299999998
VANGANI,VGI,,,,73.300967,19.094299
SHELU,SHLU,,,,73.317386,19.062985
NERAL,NRL,,,,73.318955,19.027113
BHIVPURI ROAD,BVS,,,,73.331324,18.970654999999997
KARJAT,KJT,,,,73.320691,18.911157999999997
BLYC,BLYC,,,,,
BWND,BWND,,,,,
MANGALAGIRI,MAG,,,,80.564992,16.438256
NAMBURU,NBR,,,,80.49582500000001,16.358721
PEDAKAKANI HALT,PDKN,,,,80.48615482999999,16.34323912
BANDARUPALLE,BDPL,,,,80.36280020000001,16.3655265
MANDAPADU,MDPD,,,,80.320507,16.388651999999997
SIRIPURAM,SRPM,,,,80.295123,16.412602999999997
LINGAMGUNTLA,LIN,,,,80.273943,16.439709
PEDDAKURAPADU,PKPU,,,,80.252989,16.459296
GUDIPUDI,GPDE,,,,80.205304,16.433946000000002
SATTENAPALLE,SAP,,,,80.152704,16.405018
DHULIPALLA HALT,DUP,,,,80.0878237878,16.4244756015
REDDIGUDEM,REM,,,,80.0508149304,16.442327720599998
BELLAMKONDA,BMKD,,,,80.006313,16.46998
ANUPALEM,ANPM,,,,79.962595,16.469897
SITARAMAPURAM,STRM,,,,79.9255021252,16.4747594276
PIDUGURALLA,PGRL,,,,79.876294,16.477787000000003
KAMEPALLI,KPH,,,,79.83223332029999,16.5053044215
TUMMALACHERUVU,TMLU,,,,79.80296299999999,16.527651000000002
NADIKODE,NDKD,,,,79.72356500000001,16.590634
PONDUGULA,PDGL,,,,79.65905031369999,16.6762442519
VAJIRABAD,VJRD,,,,79.6451940808,16.686823777
VISHNUPURAM,VNUP,,,,79.6387859326,16.7045104904
DAMARACHERLA,DMCA,,,,79.630821,16.725861
KONDRAPOL,KDGL,,,,79.6010754456,16.785299045400002
KONDRAPOL,KDRL,,,,79.600292,16.784736
MIRYALAGUDA,MRGA,,,,79.533503,16.860392
TIPPARTHI,TPPI,,,,79.42309800000001,17.006536999999998
NALGONDA,NLDA,,,,79.283436,17.06118
SRIRAMPURAM,SRMR,,,,79.212404903,17.1172617982
NARKETPALLI,NKPL,,,,79.179267,17.199276
CHITYALA,CTYL,,,,79.135713114,17.221960824
RAMANNAPET,RMNP,,,,79.087023,17.282344000000002
VANIGONDA,VLG,,,,79.008505,17.366663
MAMDAPUR,MMPR,,,,78.97793132449999,17.3825749479
NAGIREDDIPALLI,NRDP,,,,78.939987,17.422255
BOMMAYAPALLI,BMMP,,,,78.8612265723,17.484445161900002
YY-WADB,YY-WADB,,,,,
YY-MLYB,YY-MLYB,,,,,
KOTHACHERUVU,KTCR,,,,77.76013216189999,14.185769735700001
BASAMPALLE,BSPL,,,,77.74596344999999,14.31123523
SATYA SAI P NILAYAM,SSPN,,,,77.757559,14.160468
NARAYANAPURAM,NRYP,,,,77.696047,14.128972000000001
WDC,WDC,,,,,
SULEHALLI,SUH,,,,77.05225732059999,17.0804109748
AMLX,AMLX,,,,,
AQX,AQX,,,,,
HALKATTA SHARIEF,HLTS,,,,76.9925675,17.017117292
TATICHERLA,TAC,,,,77.59500059450001,14.7483502106
LINGAMPALLI,LPI,,,,78.31677400000001,17.482874000000002
KHADARPET,KDT,,,,77.5427697052,14.9830781091
VENKATAMPALLE,VPL,,,,77.44160447690001,15.0448535871
GULAPALYAMU,GPU,,,,77.39921,15.087043
CHANDANAGAR,CDNR,,,,78.333575,17.487697
HAFIZPETA,HFZ,,,,78.36265499999999,17.482275
HITECH CITY,HTCY,,,,78.38486099999999,17.4694
HANUMAN STATION,HNMN,,,,77.37687315369999,15.1495189968
LALLAGUDA,LGD,,,,78.525617,17.441464
MAULA ALI,MLY,,,,78.55054100000001,17.44041
BORABANDA,BRBD,,,,78.40786013,17.45922612
BHARTNAGAR,BTNR,,,,78.42819281999999,17.46139991
FATEHNAGAR,FNB,,,,78.4502575745,17.4561957266
NATURE CURE HOSPITAL,NCHS,,,,78.45289083,17.44586316
BEGAMPET,BMT,,,,78.4586266,17.4388739
SANJEEVAIAH PARK,SJVP,,,,78.475688,17.435951
JAMES STREET,JET,,,,78.486911,17.433133
SECUNDERABAD JN,SC,,,,78.50148100000001,17.433146999999998
NALWAR,NW,,,,77.019937,16.936043
SHAMPURHALLI,SPHL,,,,77.03309,16.87535
THANGUNDI,TGDE,,,,77.068276,16.803814
YADGIR,YG,,,,77.13036600000001,16.744396
LINGIRI,LGRE,,,,77.188998,16.670289
SAIDAPUR,SADP,,,,77.2497912268,16.5700011556
CHEGUNTA,CGTA,,,,77.30225045,16.48536136
KRISHNA,KSN,,,,77.328563,16.409324
YADALAPUR,YDLP,,,,77.326596,16.384372
CHIKSUGAR,CK,,,,77.343832,16.336647
YERMARAS,YS,,,,77.34747,16.272482
RAICHUR,RC,,,,77.339165,16.192441000000002
MARICHETHAL,MRC,,,,77.30931799999999,16.111362
MATMARI,MTU,,,,77.302973,16.046723
HANUMAPURA,HPH,,,,77.30620283569999,15.9712913703
MANTHRALAYAM RD,MALM,,,,77.299196,15.949035
IRANAGALLU,EGU,,,,77.26376539,15.89181357
KOSGI,KO,,,,77.23640800000001,15.847871999999999
KUPGAL,KGL,,,,77.219229,15.726256
ISIVI,ESV,,,,77.22981399999999,15.65781
ADONI,AD,,,,77.27485,15.617035
NAGARUR,NRR,,,,77.31318399999999,15.542335
ASPARI,ASP,,,,77.356253,15.454804000000001
MOLAGAVALLI,MGV,,,,77.371821,15.357784
NEMAKALLU,NMLU,,,,77.37277900000001,15.297622
NANCHERLA,NLA,,,,77.36883300000001,15.256053
GUNTAKAL JN,GTL,,,,77.36661099999999,15.17556
KALLURU,KLU,,,,77.581419,14.924474
GARLADINNE,GDE,,,,77.592146,14.827323999999999
HALAKATTA,HLKT,,,,76.99057254760001,17.0207708951
CHITTAPUR,CT,,,,77.09045160000001,17.1197808
MALKHAID ROAD,MQR,,,,77.17396099999999,17.147112
SERAM,SEM,,,,77.28353,17.180683000000002
KURGUNTA,KQT,,,,77.359574,17.191165
NAWANDGI,NAW,,,,77.427908244,17.2170998262
MANTATTI,MVH,,,,77.5094807208,17.2276934669
TANDUR,TDU,,,,77.585037,17.25044
RUKMAPUR,RMY,,,,77.67542399999999,17.27365
DHARUR,DRR,,,,77.75853000000001,17.28952
MAILARAM,MWY,,,,77.809709,17.280412
GODAMGURA,GDQ,,,,77.867119,17.29025
VIKARABAD JN,VKB,,,,77.90940900000001,17.337132
CHITGIDDA,CTF,,,,77.963909,17.391231
GULLAGUDA,GGD,,,,78.03277293640001,17.4169638619
RAVALPALLI KALA,RPK,,,,78.084165,17.439968
SHANKARPALLI,SKP,,,,78.131116,17.450825
NAGALAPALLE,NPL,,,,78.229966,17.460567
SANAT NAGAR,SNF,,,,78.4359471722,17.4616070935
JAHANGIRABAD ROAD,JBR,,,,81.2472830347,26.973936860000002
RAFINAGAR,RFR,,,,81.2820328021,26.994136282600003
BINDAURA,BUR,,,,81.3252031305,27.0210232397
SITAFAL MANDI,STPD,,,,78.520289,17.428339
ARTS COLLEGE,ATC,,,,78.51966499999999,17.418129999999998
KACHEGUDA JAMIA OSMANIA,JOO,,,,78.517784,17.411068999999998
VIDYANAGAR,VAR,,,,78.511657,17.402485
LALAGUDA GATE,LGDH,,,,78.52440299999999,17.440355
MALKAJGIRI,MJF,,,,78.529606,17.448392000000002
KODIGEHALLI,KDGH,,,,77.57597160489999,13.063357741399999
ANANTAPUR,ATP,,,,77.59531199999999,14.686478
PRASANNAYA PALLI,PSPY,,,,77.602106203,14.6311777937
ZANGALAPALLE,ZPL,,,,77.640854,14.591854
CHIGICHERLA,CCA,,,,77.68348800000001,14.517474
DHARMAVARAM JN,DMM,,,,77.717115,14.424368999999999
NAGASAMUDRAM,NGM,,,,77.64246703,14.32166253
MAKKAJIPALLI,MKJ,,,,77.62844748,14.19611832
PENUKONDA,PKD,,,,77.592521,14.099641
RANGEPALLI,REPI,,,,77.578036,14.01783
CHAKARLAPALLI,CPL,,,,77.583123,13.99779
MALUGUR,MLU,,,,77.531591,13.866614
HINDUPUR,HUP,,,,77.500362,13.819144000000001
DEVARAPALLE,DPE,,,,77.512236488,13.723806590299999
VIDURASWATTHA,VWA,,,,77.509785,13.665712999999998
GAURIBIDANUR,GBD,,,,77.512781,13.613081000000001
SOMESHWARA,SMWA,,,,77.513961,13.55657
THONDEBHAVI,TDV,,,,77.51457300000001,13.503502999999998
MAKLIDRUG,MKL,,,,77.50903739809999,13.4095451686
CHARLAPALLI,CHZ,,,,78.605619,17.457672000000002
GHATKESAR,GT,,,,78.678217,17.453116
BIBINAGAR,BN,,,,78.794355,17.470511
PAGIDIPALLI,PGDP,,,,78.820893,17.484713000000003
BHONGIR,BG,,,,78.89847,17.524696
RAIGIR,RAG,,,,78.94120199999999,17.550881
WANGAPALLI,WP,,,,78.983664,17.580557000000002
ALER,ALER,,,,79.04834140000001,17.6459553
PEMBARTI,PBP,,,,79.11616,17.692296000000002
JANGAON,ZN,,,,79.15473399999999,17.725115
YASANTAPUR,YSPM,,,,79.20499763309999,17.736740181200002
RAGHUNATHPALLI,RGP,,,,79.2553036017,17.7564788113
IPPUGUDA,IPG,,,,79.3267055493,17.801311539300002
GHANPUR,GNP,,,,79.3768995,17.8506252
NASKHAL,NSKL,,,,79.426237,17.898101
ODDARAHALLI,ORH,,,,77.541461,13.345829
DODBALLAPUR,DBU,,,,77.55016,13.27894
RAJANKUNTI,RNN,,,,77.564915,13.174150999999998
YELHANKA JN,YNK,,,,77.593069,13.102795
VAH,VAH,,,,,
BURGULA HALT,BRGL,,,,78.20522299999999,16.993515
HBL NAGAR,HBLN,,,,78.27355,17.134017
KOTTUR,KOTT,,,,78.28622100000001,17.149739999999998
NPA SHIVARAMPALLI HALT,NSVP,,,,78.4372038177,17.3237142919
YAKUTPURA KACHEGUDA,YKA,,,,78.49171100000001,17.359554
MLYG,MLYG,,,,78.53416999999999,17.455347
MAULA ALI,MLYC,,,,78.548135,17.447219
UPPAL,OPL,,,,79.48098,18.183408
JAMIKUNTA,JMKT,,,,79.476918,18.290021
BISUGIRSHARIF,BGSF,,,,79.483604,18.348122
POTKAPALLI,PTKP,,,,79.4644454974,18.4290619835
ODELA,OEA,,,,79.4497442804,18.456554241099997
KOLNUR,KOLR,,,,79.4199093701,18.496319274500003
KOTTAPALLI,KYOP,,,,79.40385903139999,18.5402681328
PEDDAPALLI,PDPL,,,,79.39208,18.613795999999997
RAGHAVAPURAM,RGPM,,,,79.411187,18.681242
RAMGUNDAM,RDM,,,,79.43509999999999,18.763329
PEDDEMPET,PPZ,,,,79.4268241321,18.802669374
MANCHIRYAL,MCI,,,,79.448848,18.878745000000002
RAVINDRAKHANI,RVKH,,,,79.461396,18.936594000000003
MANDAMARI,MMZ,,,,79.47014800000001,18.971272
BELAMPALLI,BPA,,,,79.4863374,19.053689199999997
RECHNI ROAD,RECH,,,,79.451894,19.140541
REPALLIWADA,RLW,,,,79.430139,19.201953
ASIFABAD ROAD,ASAF,,,,79.416719,19.256682
RALAPET,RLT,,,,79.437787,19.322909
SIRPUR KAGAZNAGAR,SKZR,,,,79.489201,19.345659
VEMPALLI,VEM,,,,79.53458400000001,19.414389
SIRPUR TOWN,SRUR,,,,79.560418,19.479063
MAKUDI,MKDI,,,,79.44826,19.592555
WIRUR,WIRR,,,,79.430571,19.641288000000003
WIHIRGAON,VHGN,,,,79.44081899999999,19.725052
MANIKGARH,MAGH,,,,79.398527,19.787693
BALHARSHAH,BPQ,,,,79.3485858,19.8490173
GONDWANAVISAPUR,GNVR,,,,79.3287230096,19.8826389297
WASANAPURA,VSP,,,,79.327833,19.884978
BABUPETH,BUPH,,,,79.313027,19.923131
CHANDRAPUR,CD,,,,79.300505,19.960126000000002
VIVEKANANDA NAGAR,VVKN,,,,79.259191,19.997086
CHOTIPADOLI,CPW,,,,79.253005,20.000992
TADALI,TAE,,,,79.187503,20.034835
BHANDAK,BUX,,,,79.112528,20.084262
MAJRI JN,MJRI,,,,79.043522,20.139283
WARORA,WRR,,,,79.00994399999999,20.244263
CHIKNI ROAD,CKNI,,,,78.95921700000001,20.325826
NAGARI,NGI,,,,78.889984,20.406983
YENOR,YNA,,,,78.837091,20.508138
HINGANGHAT,HGT,,,,78.83392500000001,20.542631
WAGHOLI,WG,,,,78.767038,20.585085
SONEGAON,SNN,,,,78.709706,20.629319
BHUGAON,BPK,,,,78.6700027,20.6738192
CHITODA,CHJC,,,,78.62974,20.708474
PINDLAI,PQL,,,,79.454715,17.925189
KAZIPET JN,KZJ,,,,79.511025,17.974211
BHOPAL NISHATPURA,NSZ,,,,77.41876900000001,23.278225
SUKHISEWANIYAN,SUW,,,,77.48596599999999,23.34076
BHADBHADAGHAT,BVB,,,,77.535282,23.375165
DEWANGANJ,DWG,,,,77.59286700000001,23.429766
SALAMATPUR,SMT,,,,77.67275,23.461639
SANCHI,SCI,,,,77.735783,23.488096
BETWA CABIN,BTWN,,,,77.787463,23.509200999999997
VIDISHA,BHS,,,,77.8148356,23.5222886
SORAI,SORI,,,,77.848219,23.551699
SUMER,SUMR,,,,77.879427,23.624616
GULABHGANJ,GLG,,,,77.912351,23.684375
PABAI,PAI,,,,77.931259,23.767491
GANJ BASODA,BAQ,,,,77.944826,23.845347
RAO KHEDI,RKRI,,,,77.981122,23.885645
RAUKHERI,RKDI,,,,77.981962,23.886485
BARETH,BET,,,,77.99967978000001,23.91494729
CHULHETA,CLHT,,,,78.018483,23.945912
KALHAR,KAH,,,,78.05717800000001,23.978071
MANDI BAMORA,MABA,,,,78.08243700000001,24.054032
KURWAI KETHORA,KIKA,,,,78.11497800000001,24.117852
MUSTARA,MSV,,,,78.63498,25.496702
GARHMAU,GRM,,,,78.687944,25.506271
PARICHA,PIC,,,,78.73773,25.518402
PARICHAA THERMA,PTSC,,,,78.753962,25.525228
CHIRGAON,CGN,,,,78.805761,25.575053
NANKHAS,NDK,,,,78.872336,25.660949000000002
MOTH,MOTH,,,,78.948673,25.74157
ERICH ROAD,ERC,,,,79.03502499999999,25.820641
PARAUNA,PRN,,,,79.1257213309,25.8668027818
AIT,AIT,,,,79.230436,25.903719000000002
BHUA,BHUA,,,,79.3510848193,25.9455806635
ORAI,ORAI,,,,79.459533963,25.9825370076
ATA,ATA,,,,79.5991430011,26.0445422657
USARGAON,URG,,,,79.680325,26.080448999999998
KALPI,KPI,,,,79.755607,26.119339
CHAUNRAH,CNH,,,,79.782159,26.16506
POKHRAYAN,PHN,,,,79.84088799999999,26.222964
MALASA,MLS,,,,79.907312,26.28889
LALPUR,LLR,,,,79.948516,26.318818
TILAUNCHI,TLNH,,,,80.02677233760001,26.3381999708
PAMAN,PMN,,,,80.08042,26.359934
RASULPURGOGAMAU,RPGU,,,,80.118434,26.376288
BINAUR,BNAR,,,,80.178721,26.402727
BHIMSEN,BZM,,,,80.21814499999999,26.419754
HOLDING LINE,HLIN,,,,80.26021300000001,26.438271
AISHBAGH,ASH,,,,80.90960679930001,26.8373880081
LUCKNOW CITY,LC,,,,80.917866,26.859109
DALIGANJ,DAL,,,,80.927482,26.875384
BADSHAHNAGAR,BNZ,,,,80.9613606,26.8686134
GOMATI NAGAR,GTNR,,,,81.003433,26.860344
RAMGHAT HALT,RMBG,,,,82.2144349255,26.820567771
KATRA,KEA,,,,82.204937,26.842992
NAWABGANJ GONDA,NGB,,,,81.977064,27.153816
TIKRI,TRE,,,,82.070639,27.116135
YESVANTPUR JN,YPR,,,,77.55117399999999,13.022839000000001
KRISHNARAJAPURAM,KJM,,,,77.674016,13.000534
WHITE FIELD SATELLITE,SGWF,,,,77.7614779608,12.9960174083
WHITEFIELD,WFD,,,,77.76130500000001,12.995253
DEVANGONTHI,DKN,,,,77.831087,12.985647
MALUR,MLO,,,,77.940033,12.992108
BYATRAYANHALLI,BFW,,,,77.98850762000001,13.002039739999999
TYAKAL,TCL,,,,78.070518,12.984096000000001
MARALAHALLI,MZV,,,,78.108853,12.988346
BANGARAPET,BWT,,,,78.178188,12.984808
LOTTEGOLLAHALLI,LOGH,,,,77.562257,13.043169
BAIYYAPPANAHALI,BYPL,,,,77.650886,12.990198
BAIYYAPPANAHALLI YARD CABIN,BYPY,,,,77.62557964230001,13.0067311694
BANASWADI,BAND,,,,77.628196,13.00573
HEBBAL,HEB,,,,77.58606,13.042299
VARADAPUR,VRDP,,,,78.1915680487,12.9226601895
KAMASAMUDRAM,KSM,,,,78.200119,12.880706
BISANATTAM,BSM,,,,78.25031624,12.84262771
GUDUPULLI,GDP,,,,78.27491,12.803672
KUPPAM,KPN,,,,78.339549,12.746834
MULANUR,MAR,,,,78.40638899999999,12.661484999999999
PATCHUR,PU,,,,78.4694944,12.586657299999999
SOMANAYAKKANPTI,SKPT,,,,78.54245200000001,12.574922
BOMMASAMUDRAM,BUM,,,,79.176067,13.044566
RAMAPURAM,RAM,,,,79.178793,13.098011999999999
PEYANAPALLI,PYX,,,,79.138282,13.131636
SIDDAMPALLI,SIE,,,,79.137135,13.160644999999999
CHITTOOR,CTO,,,,79.103252,13.219857
RVS NAGAR,RVSN,,,,79.11625703979999,13.2783021967
PUTALAPATTU,PTT,,,,79.098727,13.373419
PAKALA JN,PAK,,,,79.11408,13.451133
PANAPAKAM,PAM,,,,79.210821,13.513241
MUNGILIPATTU,MNPT,,,,79.2410982153,13.5565460528
KOTALA,KEN,,,,79.2872542792,13.6063213389
CHANDRAGIRI,CGI,,,,79.31221500000001,13.61173
TIRUPATI WEST HALT,TPW,,,,79.404624,13.624534
TIRUPATI MAIN,TPTY,,,,79.418968,13.62763
TIRUCHANUR,TCNR,,,,79.455703,13.631300000000001
RENIGUNTA JN,RU,,,,79.50628999999999,13.636261
YERPEDU,YPD,,,,79.578514,13.689108000000001
RACHAGUNNARI,RCG,,,,79.629853,13.714631
SRI KALAHASTI,KHT,,,,79.6830412451,13.7463618318
AKKURTI,AKY,,,,79.6686416895,13.7828960127
YELLAKARU,YLK,,,,79.65057200000001,13.84646
YATALURU,YAL,,,,79.626238,13.893493999999999
VENKATAGIRI,VKI,,,,79.60398699999999,13.943864
NIDIGALLU,NDZ,,,,79.660594,13.988306000000001
VENDODU,VDD,,,,79.72840000000001,14.026947000000002
KONDAGUNTA,KQA,,,,79.79392,14.080027999999999
LUCKNOW JN,LJN,,,,80.91858699999999,26.831967000000002
AGRA CITY,AGA,,,,78.0157752,27.1945731
RAHATWAS,RAWS,,,,77.8327,24.522974
BERAWANYA,BRNA,,,,75.33412200000001,23.465605999999998
KHACHROD,KUH,,,,75.286337,23.442673
RUNKHERA,RNH,,,,75.1888022272,23.413846043299998
BANGROD,BOD,,,,75.1241457,23.3982156
RATLAM EAST CABIN,RTME,,,,75.067019,23.359789999999997
RATLAM JN,RTLM,,,,75.050686,23.340239999999998
RATLAM JN,RTM,,,,75.050826,23.34038
RATLAM A CABIN,RTD,,,,75.042913,23.335631
DR. R K NAGAR,DRRN,,,,75.0060586914,23.310222115
MORWANI,MRN,,,,74.9779687335,23.2764855209
BILDI,BILD,,,,74.91853870000001,23.2255232
RAOTI,RTI,,,,74.87867399999999,23.183572
BHAIRONGARH,BOG,,,,74.7760641077,23.1449211037
BAMNIA,BMI,,,,74.7590158,23.0957635
AMARGARH,AGR,,,,74.747038,23.080689
PANCH PIPILA,PCN,,,,74.737549,23.06329
BAJRANGARH,BJG,,,,74.69499300000001,23.042607
THANDLA RD,THDR,,,,74.666939,23.032708
MEGHNAGAR,MGN,,,,74.539834,22.907459
NAHARGARH,NRH,,,,74.500786,22.873881
ANAS,ANAS,,,,74.421513,22.866009
BORDI,BIO,,,,74.3470986,22.8664871
DHAMARDA,DHMA,,,,74.297046,22.846208
DAHOD,DHD,,,,74.25337400000001,22.843607000000002
RENTIA,RET,,,,74.210847,22.863268
JEKOT,JKT,,,,74.15935400000001,22.865616
USRA,USRA,,,,74.102942,22.842055
MANGAL MAHUDI,MAM,,,,74.058492,22.83578
LIMKHEDA,LMK,,,,73.984515,22.833894
PIPLOD JN,PPD,,,,73.9091,22.819148000000002
SANT ROAD,SAT,,,,73.80040253419999,22.7963945628
CHANCHELAV,CCL,,,,73.71433934,22.795825439999998
KANSUDHI,KIZ,,,,73.64823,22.789343
GODHRA JN,GDA,,,,73.603672,22.776974
BINA JN,BINA,,,,78.1831998,24.170973500000002
GUNA,GUNA,,,,77.314104,24.6405
MAHUGARHA,MUGA,,,,77.24174229549999,24.627745093
RUTHIYAI,RTA,,,,77.175827,24.531922
VIJAY PUR,VJP,,,,77.1624114166,24.493169148
RADOGARH,RGG,,,,77.1547924854,24.435611305000002
KUMBHRAJ,KHRJ,,,,77.079574,24.363097
RAMRI,RMQ,,,,77.051454,24.242752
CHACHAURA BINAGANJ,CBK,,,,77.01660299999999,24.178144
PENCHI,PCF,,,,77.005837,24.138711
SINDURIYA KACHARI,SFZ,,,,76.9259037006,24.0210993429
BIYAVRA RAJGARH,BRRG,,,,76.907007,23.93591
KACHNARIA,KNRA,,,,76.878726,23.883958
KARANWAS,KNWS,,,,76.808926,23.80408
PACHOR ROAD,PFR,,,,76.741609,23.729095
UDYAN KHERI,UDK,,,,76.639447,23.680052
PARHANA MAU,PQU,,,,76.5556067877,23.6266363986
SARANGPUR,SFW,,,,76.4871872211,23.5810641859
SUNERA PIRKHERI,SFF,,,,76.36030299999999,23.474148000000003
SHAJAPUR,SFY,,,,76.297843,23.425074
CHAUHANI,CAZ,,,,76.264491,23.332144
SIROLIYA,SYO,,,,76.225424,23.30556
MAHADEOKHEDI,MDVK,,,,78.193689,24.217392
SEMARKHERI,SRKI,,,,78.177733,24.288941
KANJAI,KXB,,,,78.169132,24.331047
MUNGAOLI,MNV,,,,78.11099,24.402175
GUNERU BAMORI,GVB,,,,78.0625395081,24.4617725676
PIPRAIGAON,PIA,,,,77.964258,24.503643
RAHATWAS,RTWS,,,,77.83266,24.522934000000003
ORR,ORR,,,,77.799315,24.530939
HINOTIA PIPALKHERA,HPKA,,,,77.770415,24.550797000000003
ASHOK NAGAR,ASKN,,,,77.726725,24.58015
RATIKHEDA,RIKA,,,,77.656544,24.59745
SHADHORAGAON,SHDR,,,,77.584671,24.633366
PILIGHAT,PIGT,,,,77.49331000000001,24.660758
PAGARA,PGA,,,,77.44077,24.65577
MABAN,MABN,,,,77.371542,24.641196
INDARA JN,IAA,,,,83.61961099999999,25.987832
MALHOUR,ML,,,,81.0404752448,26.8534491635
JUGAUR,JRR,,,,81.08856127690001,26.881922122
SAFEDABAD,SFH,,,,81.1166012347,26.8978573678
BARABANKI JN,BBK,,,,81.18104,26.935335
MAU JN,MAU,,,,83.564347,25.93948
PALIGARH,PLGH,,,,83.50513000000001,25.959544
KHURAHAT,KRT,,,,83.455442,25.984989000000002
MUHAMMADABAD,MMA,,,,83.376007,26.026235
SATHIAON,SAA,,,,83.28731699999999,26.034194
SIDHARI HALT,SDHA,,,,83.18766740909999,26.0377415583
RASULL,RES,,,,81.2534495215,26.9314225458
AZAMGARH,AMH,,,,83.160614,26.038607
SARAI RANI,RKS,,,,83.12149199999999,26.015838
PHARIHA,PHY,,,,83.0299456195,26.007478447900002
SANJARPUR,SJER,,,,82.97217946560001,26.0173317932
SARAI MIR,SMZ,,,,82.9239538,26.0281419
KHORASON ROAD,KRND,,,,82.867173,26.089745999999998
SAFDARGANJ,SGJ,,,,81.36116,26.914454
DIDARGANJ ROAD,DJD,,,,82.805191,26.092367
KHANJA HALT,KHJA,,,,82.744969,26.088482
SAIDKHANPUR,SYK,,,,81.462176,26.89846
DARYABAD,DYD,,,,81.550114,26.861303
PATRANGA,PTH,,,,81.625869,26.825007
RAUZAGAON,RZN,,,,81.70800700000001,26.785263999999998
RUDAULI,RDL,,,,81.754202,26.762188000000002
GAURIYAMAU,GMU,,,,81.79366,26.757029
BARAGAON,BNM,,,,81.8470278857,26.755374103399998
DEORAKOT,DELO,,,,81.90635800000001,26.754368
SOHWAL,SLW,,,,81.983837,26.753048
SALARPUR,SLRP,,,,82.013173,26.752552
FAIZABAD JN,FD,,,,82.135574,26.768996
ACHARYA NARENDRA DEV NAGAR,ACND,,,,82.156997,26.774576
AYODHYA,AY,,,,82.200604,26.787784
DARSHANNAGAR,DRG,,,,82.2083842694,26.7522286283
BILHAR GHAT,BLG,,,,82.2689979,26.6813068
ULNA BHARI,ULN,,,,82.319243,26.632175
GOSHAINGANJ,GGJ,,,,82.384123,26.569524
KATAHRI,KTHE,,,,82.44776399999999,26.4952
AKBARPUR,ABP,,,,82.539073,26.429818
JAFARGANJ,JFG,,,,82.5823193939,26.360277060599998
MALIPUR,MLPR,,,,82.63130000000001,26.281482
TULSI NAGAR,TLGR,,,,82.651701,26.215063
BILWAI,BWI,,,,82.665181,26.158966
SHAHGANJ JN,SHG,,,,82.679662,26.061399
PHEPHNA JN,PEP,,,,84.05132499999999,25.770309
SAGARPALI,SVI,,,,84.098657,25.758015
HALDHARPUR,HLP,,,,83.67908,25.963348
RATANPURA,RTP,,,,83.744472,25.921924
RAJMALPUR ROAD,RJMP,,,,83.788671,25.892921
RASRA,RSR,,,,83.85785,25.861714
SANWARA,SNRA,,,,83.910076,25.845461
CHILKAHAR,CHR,,,,83.965313,25.82699
JIGNI KHAS,JGKS,,,,84.00627300000001,25.802194
BALLIA,BUI,,,,84.15311999999999,25.76057
BANSDIH ROAD,BCD,,,,84.215238,25.8115832
CHHATA ASCHAURA,CATA,,,,84.253936,25.824617
SAHATWAR,STW,,,,84.295491,25.827831
REOTI,ROI,,,,84.37469,25.833886
DAL CHAPRA,DCP,,,,84.432615,25.82706
SURAIMANPUR,SIP,,,,84.48002199999999,25.80918
BAKULHA,BKLA,,,,84.543411,25.797877
MANJHI,MHT,,,,84.58475899999999,25.828485
REVELGANJ GHAT HALT,RVG,,,,84.6394018433,25.787071962800002
GAUTAMSTHAN,GTST,,,,84.6634794519,25.7868591282
BIJNI,BJF,,,,90.70782700000001,26.497967
PATILADAHA,PTLD,,,,90.78453400000001,26.504091000000003
SORBHOG JN,SBE,,,,90.88828099999999,26.494286000000002
BARPETA ROAD,BPRD,,,,90.9639649,26.5028473
GUAGACHHA,GSA,,,,91.01633199999999,26.501588
SORUPETA,SPQ,,,,91.0760593414,26.4996888512
PATHSALA,PBL,,,,91.176255,26.497475
NIZ-SARIHA HALT,NSRH,,,,91.2211261203,26.4860621389
TIHU,TIHU,,,,91.267699,26.471321
KAITHALKUCHI,KTCH,,,,91.339022,26.450315
NALBARI,NLV,,,,91.440291,26.450629
GHOGRAPUR,GOE,,,,91.539986,26.450741999999998
RANGIYA JN,RNY,,,,91.605929,26.447900999999998
KENDUKANA,KDKN,,,,91.63681,26.374067
BAIHATA,BIZ,,,,91.684343,26.343713
CHANGSARI,CGS,,,,91.693023,26.256204
AGTHORI,AGT,,,,91.686006,26.20089324
KAMAKHYA,KYQ,,,,91.689505,26.156154
GUWAHATI,GHY,,,,91.751851,26.182635
JALPAIGURI ROAD,JPE,,,,88.70945300000001,26.559016999999997
NEW DOMOHANI,NQH,,,,88.786571557,26.569680979
NEW MAYNAGURI,NMX,,,,88.822868,26.578607
BETGARA,BYXA,,,,88.885559,26.612665
ALTAGRAM,ATM,,,,88.946682,26.608131
DHUPGURI,DQG,,,,88.994973,26.573532
KHALAIGRAM,KLGR,,,,89.052194,26.550420000000003
SALBARI,SXX,,,,89.10552673400001,26.5460609943
FALAKATA,FLK,,,,89.19227488279999,26.5383964616
GUMANI HAT,GMZ,,,,89.2392642694,26.4740709229
GUMANI HAT,GUZ,,,,89.2398742694,26.4746809229
GHOKSADANGA,GDX,,,,89.2780105872,26.4228864281
SAJHERPAR,SJRR,,,,89.35227413269999,26.4224452405
PUNDIBARI,PQZ,,,,89.393542,26.413245
NEW COOCH BEHAR,NCB,,,,89.469766,26.353158999999998
NEW BANESWAR,NBS,,,,89.5104217529,26.3950219126
NEW ALIPURDAUR,NOQ,,,,89.541398,26.48572
SAMUKTALA ROAD,SMTA,,,,89.6346837433,26.483337452
KAMAKHYAGURI,KAMG,,,,89.721829,26.484168
JORAI,JOQ,,,,89.8034610461,26.454875498099998
SRIRAMPUR ASSAM,SRPB,,,,89.903914613,26.4269150632
GOSSAIGAON HAT,GOGH,,,,89.9715891956,26.4291071597
GUABARI,GBY,,,,,
CHAUTARA,CROA,,,,90.08572902709999,26.4022417983
PRATAP KHATA,PQK,,,,90.11849600000001,26.386384000000003
FAKIRAGRAM JN,FKM,,,,90.186189,26.365237
SESAPANI,SUF,,,,90.225701,26.386181999999998
KOKRAJHAR,KOJ,,,,90.274125,26.405057
SALAKATI,SLKX,,,,90.357339,26.44577
BASUGAON,BSGN,,,,90.42014999999999,26.460164000000002
DANGTAL,DTX,,,,90.46504900000001,26.465846
NEW BONGAIGAON YARD,NBQY,,,,90.52148600919999,26.4721133248
NEW BONGAIGAON,NBQ,,,,90.53684346440001,26.4758354405
BONGAIGAON,BNGN,,,,90.560548,26.478293
CHAPRAKATA,CPQ,,,,90.6120253168,26.4928550164
JAKPUR,JPR,,,,87.389853,22.362509000000003
MADPUR,MPD,,,,87.44326799999999,22.369694000000003
SHYAM CHAK,SMCK,,,,87.500479,22.363450999999998
BALICHAK,BCK,,,,87.55335416,22.35818589
DUAN,DUAN,,,,87.58821800000001,22.354105
RADHAMOHANPUR,RDU,,,,87.612611,22.356484
HAUR,HAUR,,,,87.655069,22.365254
KHIRAI,KHAI,,,,87.69662799999999,22.374504
PANSKURA,PKU,,,,87.7430237079,22.393102763
PANSKURA EAST OUTER,PKEO,,,,87.773512,22.39974
NARAYAN PAKURIA,NPMR,,,,87.773985,22.399692
BHOGPUR,BOP,,,,87.809079,22.401522
NANDAHGANJA,NDGJ,,,,87.832458,22.404098
MECHEDA,MCA,,,,87.85883,22.414105
KOLAGHAT GOODS,KIG,,,,87.88087399999999,22.435188999999998
DEULTI,DTE,,,,87.914003,22.452857
GHORAGHATA,GGTA,,,,87.94424,22.458315
BAGNAN,BZN,,,,87.97071100000001,22.462515
KULGACHIA,KGY,,,,88.020395,22.472352
ERNAKULAM D CABIN,ERSD,,,,76.306549,9.979712000000001
TRIUPUNITTURA,TRTR,,,,76.352761,9.9501
KURIKAD,KFE,,,,76.37635,9.923276999999999
MULANTURUTTI,MNTT,,,,76.389673,9.901576
KANJIRAMITTAM,KPTM,,,,76.410949,9.862331
TRIVANDRUM CENTRAL,TVC,,,,76.95120999999999,8.486679
TRIVANDRUM PETTAI,TVP,,,,76.931673,8.494524
PIRAVAM ROAD,PVRD,,,,76.454731,9.828669
VAIKAM ROAD,VARD,,,,76.47461100000001,9.777648
KADUTURUTTI HALT,KDTY,,,,76.49260000000001,9.756128
KURUPPANTHARA,KRPP,,,,76.51060899999999,9.734535000000001
ETTUMANUR,ETM,,,,76.545152,9.676196000000001
KUMARANALLUR,KFQ,,,,76.531679,9.617136
KOTTAYAM,KTYM,,,,76.532168,9.594177
CHINGAVANAM,CGV,,,,76.525885,9.537757000000001
CHANGANASERI,CGY,,,,76.54841400000001,9.449881
TIRUVALLA,TRVL,,,,76.580267,9.392148
CHENGANNUR,CNGR,,,,76.608271,9.319504
CHERIYANAD,CYN,,,,76.585087,9.273119000000001
MAVELIKARA,MVLK,,,,76.545692,9.239487
KAYANKULAM JN,KYJ,,,,76.512933,9.182586
OCHIRA,OCR,,,,76.525576,9.132022999999998
KARUNAGAPALLI,KPY,,,,76.54402300000001,9.065268000000001
SASTHANKOTTA,STKT,,,,76.59888294679999,9.0323103106
MUNROTURUTTU,MQO,,,,76.6119083966,8.9949977685
PERINAD,PRND,,,,76.620341,8.947916000000001
KOLLAM JN,QLN,,,,76.59675299999999,8.886586000000001
IRAVIPURAM,IRP,,,,76.623059,8.866947999999999
MAYYANAD,MYY,,,,76.64733100000001,8.837759
PARAVUR,PVU,,,,76.66823799999999,8.815758
KAPPIL,KFI,,,,76.67962999999999,8.779435
EDAVAI,EVA,,,,76.69747699999999,8.762883
VARKALA,VAK,,,,76.722872,8.740732
AKATHUMURI,AMY,,,,76.758792,8.70031
KADAKAVUR,KVU,,,,76.766672,8.679078
CHIRAYINKIL,CRY,,,,76.7853703,8.658337900000001
PERUNGUZHI,PGZ,,,,76.808211,8.631561
MURUKKAMPUZHA,MQU,,,,76.830245,8.613629999999999
KANIYAPURAM,KXP,,,,76.854482,8.587612
KAZHAKUTTAM,KZK,,,,76.872235,8.555848000000001
VELI,VELI,,,,76.8829192029,8.5225364873
KOCHUVELI,KCVL,,,,76.8961,8.509254
BURHWAL,BUW,,,,81.39016,27.087081
CHOWKA GHAT,CKG,,,,81.449932,27.100002
SITAPUR CITY,SPC,,,,80.679695,27.583612
SITAPUR KUTCHERY HALT,STRK,,,,80.6871628082,27.5646029424
SITAPUR CANT,SCC,,,,80.698784,27.559468
TAPPA KHAJURIA,TKUR,,,,80.761641,27.579425
PARSENDI,PSN,,,,80.836816,27.582038
RAMAIPUR HALT,RAMR,,,,80.897107,27.545116
BISWAN,BVN,,,,80.990464292,27.4894825714
SHANKARPUR,SKLP,,,,81.01440500000001,27.447221
SARAYAN,SYU,,,,81.042877,27.396332
BABUPUR,BBPR,,,,81.070314,27.349971
MAHMUDABAD AVADH,MMB,,,,81.114404,27.288294999999998
MUNDA GOPAL ASHRAM,MGPA,,,,81.139283,27.255493
PAINTEPUR,PPE,,,,81.157557,27.230021
TAHSIL FATEHPUR,TSF,,,,81.203969,27.168445000000002
SUNDHIAMAU,SDAM,,,,81.28688016720001,27.121414190200003
BARTARA,BRTA,,,,80.007541,27.837593
UNCHAULIA,UCH,,,,80.068986,27.80926
LAKHNAURIA,LNQ,,,,80.1392638623,27.782774131100002
JUNG BAHADURGNJ,JBG,,,,80.172851,27.768418999999998
MAHMUDPUR SARAIYAN,MZN,,,,80.20962499999999,27.754198000000002
JAHANIKHERA,JKH,,,,80.2393415985,27.743837588199998
MAIKALGANJ,MINJ,,,,80.3378219061,27.7175372166
NERI,NERI,,,,80.393681,27.688832
LALPUR CHANDRA,LCN,,,,80.451791,27.659295999999998
MAHOLI,MAHO,,,,80.47707299999999,27.64872
URDAULI,UDX,,,,80.514006,27.632870999999998
HEMPUR,HMP,,,,80.5626491565,27.6162823291
KATILI,KATA,,,,80.614094,27.616759000000002
BHAGWANPUR DESU,BGDS,,,,85.846025,25.827009999999998
ANGAR GHAT,ARG,,,,85.907174,25.795385
NARHAN,NRN,,,,85.975081,25.746997
RUSERA GHAT,ROA,,,,86.035742,25.746302
MABBI HALT,MABB,,,,86.0634696423,25.7492132968
NAYA NAGAR,NWC,,,,86.111011,25.749917999999997
KHAGARIA JN,KGG,,,,86.46525100000001,25.505891
MANSI JN,MNE,,,,86.554446,25.509398
CHEDHABANNI HALT,CDBN,,,,86.5971965247,25.491823628699997
BARAIPURA HALT,BAPN,,,,86.1373006799,25.7394205815
HASANPUR ROAD,HPO,,,,86.18537099999999,25.714772
SHASAN HALT,SSRH,,,,86.19704200000001,25.685978
DSKG,DSKG,,,,,
SONMA PRANPUR(H,SOPR,,,,86.226371,25.631435999999997
SALAUNA,SLNA,,,,86.260279,25.603476
IMLI,IMLI,,,,86.302557,25.555629
PAHARJAGANGAU,PRGA,,,,86.324828,25.531869
OLAPUR,OLP,,,,86.37012200000001,25.517459
MAHES KHUNT,MSK,,,,86.641818,25.46082
GOUCHHARI,GAI,,,,86.674696,25.438433999999997
PASRAHA,PSR,,,,86.743883,25.403765
BHARATKHAND HALT,BRKD,,,,86.806223,25.400724
BHARATKHAND HALT,BRKB,,,,86.805753,25.400254
NARAYANPUR,NNR,,,,86.85938800000001,25.398348
THANA BIHPUR JN,THB,,,,86.934758,25.393571
BAGRIGRAM HALT,BIGH,,,,86.9852379138,25.391339123
KHARIK,KHQ,,,,87.014958,25.388883
NAUGACHIA,NNA,,,,87.09387,25.385261
KATAREAH,KTRH,,,,87.19483600000001,25.400488
KURSELA,KUE,,,,87.253655,25.440774
BAKHRI,BKHR,,,,87.3353004456,25.4998407393
BARARI BAZAR,BRZR,,,,87.3553198425,25.4900643144
KARAGOLA ROAD,CRR,,,,87.3778270438,25.500006821499998
SEMAPUR,SMO,,,,87.47044100000001,25.524483
NAYATOLA,NYT,,,,87.6025963629,25.5613904376
DANDKHORA,DNQ,,,,87.6422368182,25.5724052479
GORPHAR,GRR,,,,87.67179759090001,25.5854196549
SONALLI,SI,,,,87.7176386707,25.604753957099998
BISHANPUR HALT,BHNP,,,,87.74611696720001,25.614900999
JHAUA,JAU,,,,87.775042724,25.613217456300003
MEENAPUR,MENP,,,,87.8024827136,25.6140514163
SALMARI,SRI,,,,87.8375132959,25.6156715055
BDYD,BDYD,,,,,
SGBB,SGBB,,,,,
BSPC,BSPC,,,,,
BSGS,BSGS,,,,,
VAYALAR,VAY,,,,76.311408,9.741742
SHERTALAI,SRTL,,,,76.325151,9.690992
TIRUVIZHA,TRVZ,,,,76.32628100000001,9.641848
MARARIKULAM,MAKM,,,,76.31801800000001,9.597994
KALAVUR HALT,KAVR,,,,76.318097,9.567254
TUMBOLI,TMPY,,,,76.321857,9.519169999999999
ALLEPPEY,ALLP,,,,76.32247600000001,9.483759
TOTIYAPALAYAM,TPM,,,,77.681926,11.292723
KOMATIPALLI,KMX,,,,83.34104699999999,18.381027
MARADAM HALT,MQJ,,,,83.346343,18.400797
MORAMPUDI,MOD,,,,80.620208194,16.3531150213
GAJAPATINAGARAM,GPI,,,,83.33390200000001,18.293291
GARUDUBILLI,GRBL,,,,83.350493,18.214489999999998
GOTLAM,GTLM,,,,83.39573399999999,18.111319
LADDA,LDX,,,,83.412196,19.102692
JIMIDIPETA,JMPT,,,,83.42234400000001,19.044582000000002
ARGORA,AOR,,,,85.314358,23.347039
KUNERU,KNRT,,,,83.440724,18.966946
GUMADA,GMDA,,,,83.457557,18.889176000000003
PARVATIPURAM TN,PVPT,,,,83.433701,18.783875
PARVATIPURAM,PVP,,,,83.42696600000001,18.770670000000003
NARSIPURAM HALT,NSX,,,,83.406282,18.737614999999998
SITANAGARAM,SNM,,,,83.375524,18.672547
BOBBILI,VBL,,,,83.34572200000001,18.576763999999997
DONKINAVALASA,DNV,,,,83.350942,18.468756
BELGHARIA,BLH,,,,88.389455,22.661900000000003
AGARPARA,AGP,,,,88.384761,22.682505000000003
SODPUR,SEP,,,,88.382193,22.698850999999998
KHARDAHA,KDH,,,,88.37715700000001,22.725065
TITAGARH,TGH,,,,88.37405700000001,22.741680000000002
BARRACKPORE,BP,,,,88.371428,22.7610653
PALTA,PTF,,,,88.369524,22.782449
ICHHAPUR,IP,,,,88.37342,22.799819
SHYAMNAGAR,SNR,,,,88.380423,22.828781
JAGADAL,JGDL,,,,88.39459599999999,22.850814
KANKINARA,KNR,,,,88.40450100000001,22.86517
NAIHATI JN,NH,,,,88.4185,22.888555
GARIFA,GFAE,,,,88.409935,22.908445
HOOGHLY GHAT,HYG,,,,88.3319472,22.5572086
DEONAGAR,DNH,,,,86.16169,23.758691
DUGDA,DDGA,,,,86.16192797000001,23.75873842
LOHRA,LOT,,,,82.93066368230001,25.3156017921
CHAUKHANDI,CHH,,,,82.83483412599999,25.3398947588
SEWAPURI,SWPR,,,,82.76954900000001,25.35077
KAPSETI,KEH,,,,82.717694,25.357848
PARSIPUR,PRF,,,,82.63716199999999,25.37052
BHADOHI,BOY,,,,82.5583597,25.3952636
MONDH,MOF,,,,82.48463699999999,25.427572
SURIAWAN,SAW,,,,82.423665,25.461039999999997
SARAI KANSRAI,SQN,,,,82.34519800000001,25.516633
JANGHAI JN,JNH,,,,82.310962,25.549911
KANPUR BRIDGE LEFT BANK,CPB,,,,80.379316,26.477460999999998
MAGARWARA,MGW,,,,80.428892,26.523705
UNNAO JN,ON,,,,80.486199,26.548354
SONIK,SIC,,,,80.559833,26.586191
AJGAIN,AJ,,,,80.62098800000001,26.61721
KUSUMBHI,KVX,,,,80.6542605011,26.639853447100002
JAITIPUR,JTU,,,,80.68894609920001,26.6635672889
HARAUNI,HRN,,,,80.74800300000001,26.70651
LUCKNOW ALAMBAGH,AMV,,,,80.87313999999999,26.794514000000003
LKOY,LKOY,,,,,
PIPARSAND,POF,,,,80.798664,26.743403999999998
AMAUSI,AMS,,,,80.841544,26.77443
MANAK NAGAR,MKG,,,,80.890615,26.810176
MOHANLALGANJ,MLJ,,,,80.984093,26.687033
KANKAHA,KKAH,,,,81.007582,26.618868
NIGOHAN,NHN,,,,81.045358,26.567225
SHRIRAJNAGAR,SAGR,,,,81.077837,26.522626
BACHHRAWAN,BCN,,,,81.10545649999999,26.4773211
KUNEANGANJ,KVG,,,,81.13642,26.395661
HARCHANDPUR,HCP,,,,81.160841,26.34316
GANGAGANJ,GANG,,,,81.201419,26.291456
RAE BARELI JN,RBL,,,,81.23932,26.232684
RUPAMAU,RUM,,,,81.325346,26.230209
FURSATGANJ,FTG,,,,81.41565100000001,26.244522
JAIS,JAIS,,,,81.51914,26.262162
KASIMPUR,KCJ,,,,81.539941,26.257189
BANI,BANI,,,,81.620936,26.227487999999997
GAURIGANJ,GNG,,,,81.68672600000001,26.20341
TALAKHAJURI,TLKH,,,,81.7361317209,26.1769257746
AMETHI,AME,,,,81.806276,26.153024000000002
MISRAULI,MFL,,,,81.84839619259999,26.114370421700002
SAHAJIPUR HALT,SHJP,,,,81.864192,26.096303
ANTU,ANTU,,,,81.8977879919,26.055162063100003
JAGESHARGANJ,JGJ,,,,81.92886622500001,26.0276401405
CHILBILA JN,CIL,,,,82.004241,25.947331
PARTAPGARH JN,PBH,,,,82.00177799999999,25.913308
PIRTHIGANJ,PHV,,,,82.012834469,25.855539958599998
DANDUPUR,DND,,,,82.040632,25.801595
GAURA,GRX,,,,82.091774,25.749367000000003
SUWANSA,SWS,,,,82.14656199999999,25.698842000000003
BADSHAHPUR,BSE,,,,82.190552,25.652268
NIBHAPUR,NBP,,,,82.24969700000001,25.600347
MANGULI CHOWDWAR,MACR,,,,85.943313,20.529594
KGPW,KGPW,,,,,
GOONDA BIHAR,GDBR,,,,86.08116700000001,23.067871
JHIMRI,JHMR,,,,86.0297573352,23.082344321900003
HASLANG P.H.,HNSL,,,,86.0119228906,23.091614317500003
LATEMDA,LTMD,,,,85.98911700000001,23.098392
BAKARKUDI,BKKI,,,,85.970936,23.095049
TIRALDIH,TUL,,,,85.930834,23.132246
SUISA,SSIA,,,,85.909013,23.196775
TORANG,TRAN,,,,85.858638,23.26814
ILLOO,ILO,,,,85.8587351117,23.291632860900002
ANAND VIHAR TRM,ANVT,,,,77.31521255,28.650503565399998
WAIR,WIR,,,,77.699434,28.347316
SHIVARAMPUR,WSC,,,,78.2071583875,27.244947755000002
GAMHARIA,GMH,,,,86.102793,22.796889
TELO,TELO,,,,86.13389199999999,23.811038
ADITYAPUR,ADTP,,,,86.158954,22.782212
TATANAGAR JN,TATA,,,,86.20056000000001,22.768954
SALGA JHARI,SLJR,,,,86.228747,22.75832
GVDP,GVDP,,,,,
ASANBONI,ASB,,,,86.313908,22.712394
RAKHA MINES,RHE,,,,86.354133,22.674292
GALUDIH,GUD,,,,86.410494,22.648871999999997
GHATSILA,GTS,,,,86.479768,22.58616
DALBHUMGARH,DVM,,,,86.551921,22.506293
KOKPARA,KKPR,,,,86.642797,22.474065
CHAKULIA,CKU,,,,86.721161,22.478149
KANIMAHULI,KNM,,,,86.77839399999999,22.482202
GIDNI,GII,,,,86.853201,22.488471999999998
KHATKURA,KATB,,,,86.93022400000001,22.477455
BIRARAJPUR,BIRP,,,,86.06450201000001,22.8235001
KANDRA,KND,,,,86.047863,22.852966
BARBENDA (RNC DIVISION),BBDA,,,,86.110242,23.420983
KUNKI,KZU,,,,86.067757,22.875933
GARH JAIPUR,GUG,,,,86.142459,23.416141999999997
MANIKUL,MIK,,,,86.066359,22.919528
CHAS ROAD,CAS,,,,86.225425,23.415513
CHANDIL JN,CNI,,,,86.07210900000001,22.956014
GOURINATHDHAM,GTD,,,,86.275105,23.396293999999997
NIMDIH,NIM,,,,86.142118,22.993643
BIRAMDIH,BRMD,,,,86.19920954,23.04578437
BARABHUM,BBM,,,,86.2112372,23.0912864
URMA,URMA,,,,86.253775,23.157777
KANTADIH,KTD,,,,86.29629,23.21838
TAMNA,TAO,,,,86.352313,23.268988
PURULIA JN,PRR,,,,86.37787,23.324911
JHARGRAM,JGM,,,,86.9985316705,22.4549644863
BANSTOLA,BNB,,,,87.062669671,22.420974052600002
SARDIHA,SUA,,,,87.12364500000001,22.380612
KHEMASULI,KSO,,,,87.18486299999999,22.337768
KALAIKUNDA,KKQ,,,,87.24399951,22.32945442
NIMPURA,NMP,,,,87.26468600000001,22.332403
KAPILAS ROAD,KIS,,,,85.993925,20.558554
SRI JHADESHWAR,SJDR,,,,86.0192559912,20.5965342443
BYREE,BYY,,,,86.034947,20.628257
BARITHENGARH,BRTG,,,,86.05967143000001,20.65696901
DHANMANDAL,DNM,,,,86.11228,20.687806
HARIDASPUR,HDS,,,,86.116431,20.725882000000002
NEW GARH MADHOPUR,NGMP,,,,86.07210599999999,20.798857
JENAPUR,JEN,,,,86.06508,20.850842
BRAHMANI PH,BRMI,,,,86.0562098645,20.862952007599997
JAKHAPURA,JKPR,,,,86.06533999999999,20.917821
JAJPUR KEONJHAR ROAD,JJKR,,,,86.132518,20.943544
KORAI HALT,KRIH,,,,86.17599399999999,20.959417000000002
BAITARANI ROAD,BTV,,,,86.23539299999999,20.986995999999998
DULAKHAPATNA,DLPT,,,,86.28087400000001,21.007019
MANJURI ROAD,MZZ,,,,86.319698,21.012135999999998
KENDUAPADA,KED,,,,86.38353099999999,21.030623000000002
KAPALI ROAD,KPLD,,,,86.407911,21.040967000000002
BAUDPUR,BUDR,,,,86.4629040051,21.063446010800003
BHADRAKH,BHC,,,,86.5162305,21.091745799999998
RLJC,RLJC,,,,,
RANITAL,RNTL,,,,86.55647400000001,21.149665
MARKONA,MKO,,,,86.596117,21.195555
SABIRA,SZZ,,,,86.62923699999999,21.236882
SORO,SORO,,,,86.69253900000001,21.291083999999998
BAHANAGA BAZAR,BNBR,,,,86.76172839,21.33613403
PANPANA,PNPN,,,,86.790524,21.358714999999997
KHANTAPARA,KHF,,,,86.822911,21.39628
NILGIRI ROAD,NGRD,,,,86.855469,21.426415000000002
BALASORE,BLS,,,,86.91958199999999,21.500521
TIKIRAPAL HALT,TKPL,,,,86.944638,21.535575
HALDIPADA,HIP,,,,86.996648,21.571438999999998
RUPSA JN,ROP,,,,87.018507,21.621995
LONI,LONI,,,,74.02051399999999,18.491630999999998
URULI,URI,,,,74.13682,18.494237
PUNE JN,PUNE,,,,73.873086,18.529378
GHORPURI WEST,GPRW,,,,73.8917897095,18.531687546900002
HADAPSAR,HDP,,,,73.927844,18.526887000000002
MANJARI BUDRUK,MJBK,,,,73.971424,18.512039
YEVAT,YT,,,,74.2563176276,18.4889359723
KHUTBAV,KTT,,,,74.3154633105,18.4861041325
KEDGAON,KDG,,,,74.3763730994,18.482085398400002
KADETHAN,KDTN,,,,74.42173336430001,18.4778037603
PATAS,PAA,,,,74.4696527191,18.4732663908
DAUND PATAS ROAD,DDAP,,,,74.520934,18.468688
DAUND JN,DD,,,,74.578622,18.463547
DAUND A MMR,DDAM,,,,74.5689755029,18.464752713200003
DAUND GOODS YARD,DDJA,,,,74.5607624341,18.4659368312
KASHTI,KSTH,,,,74.5994004132,18.5252942346
SHRIGONDA ROAD,SGND,,,,74.641466,18.598243
BELVANDI,BWD,,,,74.621981,18.710718
VISAPUR,VPR,,,,74.598861,18.82295
RANJANGAON RD,RNJD,,,,74.60070300000001,18.870972
SAROLA,SRL,,,,74.64829499999999,18.947656000000002
AKOLNER,AKR,,,,74.66906999999999,18.985409
AHMADNAGAR,ANG,,,,74.721882467,19.075519477700002
NIMBLAK,NNB,,,,74.68854097469999,19.1183528756
VILAD,VL,,,,74.675069,19.198579
VAMBORI,VBR,,,,74.684974,19.298579999999998
RAHURI,RRI,,,,74.677702,19.411550000000002
TAKLIMIYA,TKMY,,,,74.679765,19.453844
PADHEGAON,PDGN,,,,74.69233,19.536709000000002
NIPANI VADGAON,NPW,,,,74.70471599999999,19.587951
BELAPUR,BAP,,,,74.6617443079,19.619569311800003
CHITALI,CIT,,,,74.6239138208,19.6913918118
PUNTAMBA,PB,,,,74.621959715,19.762025526800002
KANHEGAON,KNGN,,,,74.57128710079999,19.8172996303
SANVATSAR,SNVR,,,,74.56058409549999,19.8832775017
KOPARGAON,KPG,,,,74.503328,19.902943
YEOLA,YL,,,,74.503246,20.043188999999998
ANKAI,ANK,,,,74.4697560736,20.1510279143
ANKAI KILA,AAK,,,,74.4368553961,20.183180430100002
SHIRSOLI,SS,,,,75.507613,20.932994
MHASAVAD,MWD,,,,75.4584622504,20.870401921
MAHEJI,MYJ,,,,75.424619975,20.7689244313
RICHUGHUTU,RCGT,,,,84.58081,23.659779
DEMU,DEMU,,,,84.52562,23.69708
LATEHAR,LTHR,,,,84.46812,23.725092
BENDI,BFQ,,,,84.416974,23.763612000000002
KUMENDI,KMND,,,,84.352452,23.766868000000002
HEHEGARA HALT (E),HHG,,,,84.258524,23.790124
CHHIPADOHAR,CPDR,,,,84.2023836389,23.8133333478
BARWADIH JN,BRWD,,,,84.11877999999999,23.843836
MANGRA,MAZ,,,,84.111898,23.881768
KECKHI,KCKI,,,,84.146829,23.928362999999997
CHIANKI,CNF,,,,84.11566,23.973902
DALTONGANJ,DTO,,,,84.07484299999999,24.033075
KAJRI,KFT,,,,84.0725284845,24.1067922143
RAJHURA,RHR,,,,84.01554999999999,24.154400000000003
LALGARH BIHAR HALT,LBT,,,,83.979632,24.161147
TOLRA,TRZ,,,,83.923324,24.18584
GARWA ROAD,GHD,,,,83.885116,24.214419
BAGAHABISHUNPUR,BCJ,,,,84.204658,24.811468
BARKISALALYA,BSYA,,,,84.178495,24.773978
ANKORAH AKORHA,ANH,,,,84.169539,24.761166999999997
NABENAGAR ROAD,NBG,,,,84.094044,24.653944
KAJRAT NAWADIH,KYF,,,,84.05014,24.591041
JAPLA,JPL,,,,84.00286600000001,24.538968999999998
HAIDARNAGAR,HDN,,,,83.951049,24.498081
KOSIARA,KVQ,,,,83.908564,24.478657000000002
MUHAMMADGANJ,MDJ,,,,83.869978,24.42644
SATBAHINI,SZF,,,,83.84911,24.386582
UNTARE ROAD,URD,,,,83.834497,24.34094
KARKATA,KRTA,,,,83.837652,24.296038000000003
SIGSIGI,SQS,,,,83.853323,24.260566999999998
RAMGARH CANT,RMT,,,,85.520249,23.617327
BARKAKANA,BRKA,,,,85.469553,23.624159
MAEL,MAEL,,,,85.626042,23.574668000000003
BHURKUNDA,BHKD,,,,85.3721452,23.6375642
BARKIPONA,BRKP,,,,85.64647599999999,23.568766
PATRATU,PTRU,,,,85.30587700000001,23.667024
GOLA ROAD,GRE,,,,85.697139,23.545551
TOKISUD,TKS,,,,85.239282,23.678639
HARUBERA,HRBR,,,,85.76022876969999,23.4999492658
HENDEGIR,HNDR,,,,85.169817,23.697803
SONDIMRA,SND,,,,85.782435799,23.476936582300002
KOLE,KOLE,,,,85.104901,23.695961
BARLANGA,BLNG,,,,85.833473,23.449913
RAY,RAY,,,,85.077816,23.690082
KHALARI,KLRE,,,,85.001627,23.651055
MCCLUSKIEGANJ,MGME,,,,84.940855,23.651781
MAHUAMILAN,MMLN,,,,84.854527,23.662240999999998
TORI,TORI,,,,84.739774,23.680808
CHETAR,CTQ,,,,84.646426,23.682881000000002
K-CABIN BONDAMUNDA,KCAB,,,,84.91385700000001,22.233321
A-CABIN BONDAMUNDA,ACAB,,,,84.945577,22.23969
LINK C-CABIN,LNKC,,,,84.974611,22.267173000000003
RANCHI,RNC,,,,85.33352,23.348811
NAMKON,NKM,,,,85.37667200000001,23.351755
TATISILWAI,TIS,,,,85.435706,23.369844999999998
GANGAGHAT,GAG,,,,85.5070501038,23.3613982411
KHERWA KOCHA,KWKC,,,,85.5948557446,23.360567527599997
JONHA,JON,,,,85.6089136389,23.3589592105
KITA,KITA,,,,85.76424803159999,23.364884802800002
SILLI,SLF,,,,85.82812938660001,23.351563397099998
MURI,MURI,,,,85.8669906885,23.376284371
TULIN,THO,,,,85.902125,23.378363
JHALIDA,JAA,,,,85.97528199999999,23.370005
BEGUN KUDAR,BKDR,,,,86.01258700000001,23.383687
KOTSHILA,KSX,,,,86.079548,23.411691
DAMRU GHUTU,DRGU,,,,86.08981,23.451359999999998
RPMY,RPMY,,,,,
NFKS,NFKS,,,,,
NFKN,NFKN,,,,,
PUNDHAG,PNW,,,,86.08957600000001,23.508909
RADHAGAON,RDF,,,,86.08906499999999,23.59787
BOKARO STEEL CITY A CABIN,BKCA,,,,86.08772599999999,23.649514
BOKARO STEEL CITY,BKSC,,,,86.08501600000001,23.656551
BKSC NORTH CABIN,BKSN,,,,86.078541,23.671356
TUPKADIH,TKB,,,,86.0638904572,23.7136175901
RAJABERA,RJB,,,,86.080936,23.751105
CHANDRAPURA,CRP,,,,86.119775,23.755676
JAMUNIATANR HALT,JNNA,,,,86.1921944211,23.754897530999997
JAMUNI,JMX,,,,86.193727,23.762742
PHULWARTANR,PLJE,,,,86.226577,23.77515
BUDORA,BDQ,,,,86.23544766479999,23.7785572386
TUNDU,TNO,,,,86.252293,23.788733
SONARDIH,SZE,,,,86.265063,23.7915
TENTULLA,TNJE,,,,86.277173,23.790335
KATRASGARH,KTH,,,,86.302399,23.795757000000002
ANGARPATHRA HALT,ANJE,,,,86.319368,23.793062
SIJUA,SJA,,,,86.3297280994,23.7901556866
BANSJORA,BZS,,,,86.354545,23.789931
BASERIA,BZE,,,,86.381653,23.786754
KASUNDA JN,KDS,,,,86.39589356020001,23.7899886114
BHAWANIPUR BIHAR,BWPB,,,,87.8677507141,25.5946164603
MAKURIA,MFA,,,,87.88715343380001,25.6292447936
BARSOI JN,BOE,,,,87.9229421,25.651242200000002
HALDIBARI,HDB,,,,88.78193599999999,26.334952
KASHIABARI,KSBI,,,,88.76856599999999,26.384653999999998
MANDAL GHAT,MDG,,,,88.754758,26.430757
KADABARI HAT,KDX,,,,88.73098599999999,26.476201
JALPAIGURI,JPG,,,,88.723026,26.51816
MOHITNAGAR,MOP,,,,88.669651,26.53055
BABHABGAON HALT,BAHN,,,,87.8098941528,25.4483399037
KHURIAL,KWE,,,,87.82685530639999,25.4911139274
KAMALPUR HALT,KMPH,,,,87.8374616345,25.5183120087
AZAMNAGAR ROAD,AZR,,,,87.8523278357,25.555555642399998
KHEMPUR,KHMP,,,,,
SANJAY GRAM,SJGM,,,,87.890377,25.706241000000002
SUDHANI,SUD,,,,87.87948867189999,25.727853611399997
AJHARAIL,AHL,,,,87.848322,25.781637999999997
TELTA,TETA,,,,87.84221,25.806579
DALKOLHA,DLK,,,,87.83887700000001,25.873416
SURJA KAMAL,SJKL,,,,87.849258,25.935932
KANKI,KKA,,,,87.864524,26.003232999999998
HATWAR,HWR,,,,87.89303199999999,26.044989
TAUHEED,THED,,,,87.9308854236,26.0849205699
KISHANGANJ,KNE,,,,87.949657,26.097746
PANJIPARA,PJP,,,,88.0180577417,26.140165652700002
IKARCHALA,IKC,,,,,
GAISAL,GIL,,,,88.0895072131,26.1848261159
GUNJARIA,GEOR,,,,88.132222,26.218465000000002
ALUABARI ROAD,AUB,,,,88.18561000000001,26.269681
DHULABARI,DBQ,,,,88.231234,26.361571
MANGURJAN,MXJ,,,,88.256909,26.412488
TIN MILE HAT,TMH,,,,88.279995,26.436601
DUMDANGI,DMZ,,,,88.296508,26.47724
CHATTAR HAT,CAT,,,,88.323376,26.548827
NIJBARI,NJB,,,,88.337505,26.587597
RANGAPANI,RNI,,,,88.37438599999999,26.664263000000002
NEW JALPAIGURI,NJP,,,,88.443391,26.683025
AMBARI FALAKATA,ABFC,,,,88.510593,26.641553000000002
BELAKOBA,BLK,,,,88.583312,26.591441
RANINAGAR JALPAIGIRI,RQJ,,,,88.64829300000001,26.544663
SITAMARHI JN,SMI,,,,85.504707,26.594374000000002
BHISA HALT,BHSA,,,,85.533501,26.576528999999997
PARSAUNI,PSZ,,,,85.574611,26.55631
BAJPATTI,BJT,,,,85.62061299999999,26.546976
AWAPUR,AWPR,,,,85.652916,26.508916000000003
BACHHARPUR HALT,BCPR,,,,85.66252866580001,26.4946286292
JANAKPUR ROAD,JNR,,,,85.70085599999999,26.467914
CHANDAUNA HALT,CNX,,,,85.72316500000001,26.440884
JOGIARA,JGA,,,,85.74673274050001,26.407114392700002
DEBRABANDHAULI HALT,DBLI,,,,85.76995,26.384826
MURAITHA,MRTA,,,,85.786612,26.369764999999997
KAMTAUL,KML,,,,85.808624,26.337348000000002
TEKTAR,TQR,,,,85.846291,26.275833
MUHAMMADPUR,MHP,,,,85.852798,26.236878
SHISHO,SHEO,,,,85.863867,26.206032
MUZAFFARPUR JN,MFP,,,,85.378006,26.122311
NARAYANPUR ANANT,NRPA,,,,85.409122,26.089052
SILAUT,SLT,,,,85.44337800000001,26.048926
SIHO,SIHO,,,,85.50594000000001,26.00841
DHOLI,DOL,,,,85.562495,25.976952
DUBAHA,DUBH,,,,85.617108,25.948784999999997
VISHNUPUR BATHUA HALT,VBH,,,,85.64428754389999,25.931020256700002
KHUDIRAM B PUSA,KRBP,,,,85.672677,25.906434
KARPURIGRAM,KPGM,,,,85.72417800000001,25.869802
KURETHA,KUQ,,,,87.64432343200001,25.4955599448
SAHJA HALT,SAJH,,,,87.67395400000001,25.478182
PRANPUR ROAD,PQD,,,,87.70486823670001,25.4623621243
LABHA,LAV,,,,87.74514032169999,25.439646755400002
DILLI DEWAN GANJ,DVJ,,,,87.778612,25.432721
MAHANANDA BGE,MBC,,,,88.0833990649,25.1883357022
KUMARGANJ,KMRJ,,,,88.065592,25.218816
SRIPUR HALT,SRPU,,,,88.0440169482,25.2570761576
SAMSI,SM,,,,88.00975700000001,25.276197
MALAHAR,MFZ,,,,87.95782,25.303708999999998
BHALUKA ROAD F,BKRD,,,,87.9121276,25.3425716
MILANGARH,MQG,,,,87.8962231482,25.368746039300003
HARISCHANDRPUR,HCR,,,,87.867051,25.403999000000002
KUMEDPUR,KDPR,,,,87.80435766599999,25.4334484028
KATIHAR JN,KIR,,,,87.566409,25.548947
MANIYAN,MIYN,,,,87.6069420667,25.5232741031
KATIHAR CBO MB,KIRB,,,,87.578873,25.552735
DALAN,DLF,,,,87.560853,25.6118
RAUTARA,RWA,,,,87.523472,25.674635000000002
RANIPATRA,RNX,,,,87.514183,25.735576
PURNIA JN,PRNA,,,,87.519124,25.790678
KASBA,KUB,,,,87.529476,25.860675
GARH BANAILI,GBN,,,,87.535041,25.915091
JALARGARH,JAG,,,,87.529496,25.953959
SATR HALT,SATR,,,,87.508427,26.001172999999998
KUSIARGAON,KSY,,,,87.47981800000001,26.057858000000003
ARARIYA COURT,ARQ,,,,87.446912,26.114921000000002
ARARIYA,ARR,,,,87.41199809689999,26.137118266799998
HALDITA BIHAR,HOD,,,,87.35900971560001,26.165935176599998
SIMRAHA,SMH,,,,87.32135753540001,26.1944356285
GOGIPOTHIA HALT,GPE,,,,87.284335,26.250043
DHOLBAJA,DLZ,,,,87.27139700000001,26.2748
FORBESGANJ,FBG,,,,87.262803,26.298901
BATHNAHA,BTF,,,,87.237767,26.341854
JOGBANI,JBN,,,,87.263262,26.402263
BELANAGAR,BZL,,,,88.318224,22.661604999999998
BALURGHAT,BLGT,,,,88.757636,25.232648
MALLICKPUR HAT,MKRH,,,,88.676426,25.325703
RAMPUR BAZAR,RMPB,,,,88.60611,25.358763
MALANCHA,MLNH,,,,88.586067,25.368716000000003
GANGARAMPUR,GRMP,,,,88.516447,25.390399
BUNIADPUR,BNDP,,,,88.402088,25.386267
DAULATPUR HAT,DLPH,,,,88.33278722,25.32611273
DEOTALA,DOTL,,,,88.294214,25.274328999999998
MAHANAGAR,MANG,,,,88.251102,25.247077
GAZOLE,GZO,,,,88.19888499999999,25.224984
BONIDANGA,BDAG,,,,87.81052581,24.82345158
BINDUBASINI HAL,BDBS,,,,87.859263,24.792848
TILDANGA,TDLE,,,,87.873801,24.786749
NEW FARAKKA-B-CABIN,NFKB,,,,87.91579300000001,24.782115
NEW FARAKKA JN,NFK,,,,87.915236,24.794558
CHAMAGRAM,CMX,,,,87.96334499999999,24.821334
KHALTIPUR,KTJ,,,,88.021646,24.875742000000002
JAMIRGHATA,JMQ,,,,88.06775999999999,24.916623
GOUR MALDA,GZM,,,,88.11078197,24.947944439999997
MALDA TOWN,MLDT,,,,88.130338,25.015659
OLD MALDA,OMLF,,,,88.143718,25.053174000000002
ADINA,ADF,,,,88.12318,25.114396999999997
EKLAKHI,EKI,,,,88.099492,25.167868000000002
YY-BJUC,YY-BJUC,,,,,
JASODA,JDA,,,,79.820294,27.08393
KHUDLAPUR,KHDP,,,,79.78027300000001,27.098961
GURSAHAIGANJ,GHJ,,,,79.732035,27.118804
MALIKPUR,MLKP,,,,79.690181,27.161781
KHUDAGANJ,KDJ,,,,79.666264,27.184464000000002
SINGHIRAMPUR,SGRP,,,,79.62941099999999,27.262707
KAMALGANJ,KLJ,,,,79.620832,27.292663
YAQUTGANJ,YAG,,,,79.618493,27.32595
FATEHGARH,FGR,,,,79.62159,27.369608
FARRUKHABAD,FBD,,,,79.57173700000001,27.38236
HARSINGPUR GOBA,HSY,,,,79.49825360349999,27.4300235579
SHUKHARULLAPUR,SHX,,,,79.471943,27.44826
SHAMSABAD,SSD,,,,79.438167,27.469911999999997
BHATASA,BHTS,,,,79.38388843,27.50375661
KAIMGANJ,KMJ,,,,79.3272155493,27.5409770085
KAMPIL ROAD,KXF,,,,79.265007,27.567619
RUDAIN,RDN,,,,79.186618,27.579928
BALLUPUR,BAPR,,,,79.1451478125,27.5865985855
DARYAOGONJ,DRO,,,,79.0824955792,27.5980988686
NARTHAR,NHX,,,,79.02313742000001,27.6329307124
PATIALI,PTI,,,,78.9841732028,27.6843201328
GANJ DUNDWARA,GWA,,,,78.939319176,27.7264028171
GARKHA,GRAK,,,,78.8842900433,27.748517604099998
SAHAWAR TOWN,SWRT,,,,78.831344,27.794835
BADHARI KALAN,BHK,,,,78.734589,27.799053
KASGANJ,KSJ,,,,78.64602599999999,27.801887
MARAHRA,MHA,,,,78.55504400000001,27.746474000000003
AGSAULI,AUL,,,,78.44455300000001,27.705676999999998
SIKANDRA RAO,SKA,,,,78.387573,27.684085999999997
BASTOI HALT,BTRO,,,,78.285451,27.66742
RATI KA NAGLA,RKN,,,,78.24056900000001,27.654398
HATHRAS ROAD,HTJ,,,,78.136899,27.622436999999998
MENDU,MEU,,,,78.09995699999999,27.614247
HATHRAS CITY,HTC,,,,78.05506869999999,27.599816899999997
MURSAN,MSN,,,,77.9363,27.574211
SONAI,SYZ,,,,77.88736,27.570504
RAYA,RAYA,,,,77.7868838446,27.5524062276
MATHURA CANT,MRT,,,,77.685113,27.491013
MTUJ,MTUJ,,,,,
KANPUR ANWARGANJ,CPA,,,,80.328444,26.456232999999997
RAWATPUR,RPO,,,,80.298113,26.482981000000002
KALIANPUR,KAP,,,,80.25289199999999,26.503485
MANDHANA JN,MDA,,,,80.222507,26.557002
CHAUBEPUR,CBR,,,,80.21142400000001,26.598927999999997
BARRAJPUR,BJR,,,,80.13867760000001,26.685165899999998
UTRIPURA,UTP,,,,80.095478,26.73974
DHAURSALAR,DUO,,,,80.08140399999999,26.798349
BILHAUR,BLU,,,,80.060383,26.839002
BAKOTHIKHAS,BKTS,,,,80.03776699999999,26.87806
AROUL,ARL,,,,80.01863300000001,26.920662
GANGAWAPUR HALT,GWP,,,,79.9979940411,26.958804182199998
MANI MAU,MNMU,,,,79.9651825488,26.98913852
KANNAUJ,KJN,,,,79.926109,27.026507
KANNAUJ CITY,KJNC,,,,79.909983,27.039814
JALALPUR PANWARA,JPP,,,,79.8736107968,27.0623131608
BAREILLY CITY,BC,,,,79.403718,28.3556564
NEW MORINDA,NMDA,,,,76.518125,30.776469
NANGAL DAM,NLDM,,,,76.37261500000001,31.370543
BHANUPLI,BNLY,,,,76.420351792,31.2990814767
ANANDPUR SAHIB,ANSB,,,,76.50060350000001,31.2305136
KIRATPUR SAHIB,KART,,,,76.563302,31.186811000000002
BHARATGARH,BARJ,,,,76.59140316889999,31.1104617696
GHANAULI,GANL,,,,76.59214300000001,31.025994
RUPNAGAR,RPAR,,,,76.533241,30.972816
MINAPUR,MNPR,,,,76.567332,30.911265
CHATOULI,CTLI,,,,76.580921825,30.856220295700002
KURALI,KRLI,,,,76.57193000000001,30.835005000000002
MORINDA,MRND,,,,76.502461,30.791519
NOGANWAN,NGWN,,,,76.44328700000001,30.738403
BASSI PATHANAM,BSPN,,,,76.4096692,30.6884592
FATEHGARH SAHIB,FGSB,,,,76.38812399999999,30.650726
CCSJ,CCSJ,,,,,
MITAWAL,MTI,,,,78.19892399999999,27.292310999999998
BARHAN,BRN,,,,78.19231699999999,27.32891
DELHI SHAHDARA B PANEL,DSBP,,,,77.342818,28.670746
CHANDER NAGAR,CNJ,,,,77.33120100000001,28.662871000000003
ANAND VIHAR,ANVR,,,,77.3140236,28.6486144
MANDAWALI CHANDER VIHAR,MWC,,,,77.253315,28.613384
CHAMROLA,CMR,,,,78.180143,27.393031999999998
JALESAR ROAD,JLS,,,,78.16993,27.44546
PORA,PORA,,,,78.154207,27.532025
HATHRAS JN,HRS,,,,78.13706699999999,27.62483
SASNI,SNS,,,,78.1224601752,27.704263607599998
MANDRAK,MXK,,,,78.1102865904,27.7686349988
DAUD KHAN,DAQ,,,,78.09879699999999,27.830504
ALIGARH JN,ALJN,,,,78.074559,27.889584
SAHIBABAD,SBB,,,,77.364182,28.674037
GHAZIABAD,GZB,,,,77.431099,28.649702
CHIPYANA BUZURG,CYZ,,,,77.45934600000001,28.627976999999998
MARIPAT,MIU,,,,77.495428,28.586886
DADRI,DER,,,,77.537422,28.537940000000003
BORAKI,BRKY,,,,77.56361700000001,28.507907999999997
AJAIBPUR,AJR,,,,77.59373730349999,28.4728347205
DANKAUR,DKDE,,,,77.64321100000001,28.415313
WAIR,WAIR,,,,77.69926699999999,28.347255
CHOLA,CHL,,,,77.72940894,28.31216512
GANGRAUL,GNRL,,,,77.75473000000001,28.28297
SIKANDARPUR,SKQ,,,,77.783931,28.247759000000002
KHURJA JN,KRJ,,,,77.81903999999999,28.206407000000002
KAMALPUR,KAMP,,,,77.83998100000001,28.182673
DANWAR,DAR,,,,77.88391252,28.129968509999998
SOMNA,SOM,,,,77.948193,28.052674
KULWA,KLA,,,,78.007062,27.982509
MAHRAWAL,MWUE,,,,78.04247000000001,27.937875000000002
KHURDA ROAD JN,KUR,,,,85.70823399999999,20.153076
RETANG,RTN,,,,85.760851,20.199417999999998
SARKANTRA,SRKT,,,,85.79623099999999,20.228282
LINGARAJ TEMPLE ROAD,LGTR,,,,85.81587200000001,20.234947
BHUBANESWAR,BBS,,,,85.84259499999999,20.265388
BANI BIHAR,BNBH,,,,85.852653,20.292611
MANCHESWAR,MCS,,,,85.84486600000001,20.321861
PATIA HALT,PTAB,,,,85.841374,20.349273
BARANG,BRAG,,,,85.832573,20.400699
PURI,PURI,,,,85.839992,19.811459000000003
MALATIPATPUR,MLT,,,,85.83177,19.865258
JANKIDAIPUR,JKDP,,,,85.81927,19.888365
SAKHI GOPAL,SIL,,,,85.816074,19.942882
BIR PURUSHOTTAMPUR,BRST,,,,85.80635131,19.99039983
JENAPUR ROAD,JPRD,,,,85.786572,20.018355
JENAPUR PH,JERD,,,,85.786976,20.018615
DELANG,DEG,,,,85.76695,20.038474
KANAS ROAD,KASR,,,,85.7428,20.06205
MOTARI HALT,MWQ,,,,85.72919200000001,20.090583
HARIPUR GRAM,HPGM,,,,85.707856,20.133571999999997
NARAJ MARTHAPUR,NQR,,,,85.779525,20.459324
SARPESWAR PH,SPSR,,,,85.744973,20.482906
GHANTIKHAL NIDHIPUR,GHNH,,,,85.736186,20.510921999999997
RADHAKISHOREPUR,RQP,,,,85.754538,20.559919999999998
RAJTHAGARH,RJGR,,,,85.741633,20.576104
JORANDA ROAD,JRZ,,,,85.640413,20.623365
KASRAK HALT,KSRK,,,,79.684256,28.025029999999997
SHYAMA CHARANPUR HALT,SCPR,,,,85.616279,20.642413
MUZZAMPUR NARAIN,MZM,,,,78.222356,29.58301
DUKHERI,DOKY,,,,76.8839,30.294992
KESRI,KES,,,,76.933887,30.264574
TANDWAL,TDW,,,,76.98871199999999,30.23388
BARARA,RAA,,,,77.035501,30.213325
MUSTAFABAD,MFB,,,,77.123303,30.181009
DARAZPUR,DZP,,,,77.195721,30.152546
JAGADHRI WORKSHOP,JUDW,,,,77.240819,30.135558
YAMUNANAGAR-JAGADHRI,JUD,,,,77.287602,30.116844
KALANOUR,KNZ,,,,77.341227,30.082428
SARSAWA,SSW,,,,77.42396000000001,30.024226
PILKHANI,PKY,,,,77.472879,29.997528
SAHARANPUR,SRE,,,,77.54173899999999,29.960529
HINDAN CABIN,HNC,,,,77.597212,29.940002
BALIAKHERI,BAE,,,,77.63368,29.9285
SUNEHTI KHARKHARI,SNKE,,,,77.683524,29.913102000000002
YAMUNANAGAR JAGADHARI,YJUD,,,,77.28757996649999,30.1174255334
BLOCK HUT A (BHA),BHAW,,,,80.98059500000001,26.802226
UTRAHTIA,UTR,,,,80.974031,26.763061
BAHADURPUR HALT,BHDH,,,,79.7825431824,27.9522550839
BANTHRA,BTRA,,,,79.82818,27.929239
SHAHJEHANPUR,SPN,,,,79.904605,27.894224
SHAJAHANPURCORT,SXK,,,,79.913517,27.890862000000002
ROZA JN,ROZA,,,,79.956038,27.853121
PT RAM PRASAD BISMIL,PRPM,,,,79.957596,27.814705
MUGHAL SARAI MARSHALING YARD,MGMY,,,,83.1361698425,25.287126389900003
KARAHIA,KKRH,,,,83.771397,25.471614
GAHMAR,GMR,,,,83.80443100000001,25.488685
BARAKALAN,BQW,,,,83.8494928638,25.4915162541
CHAUSA,CSA,,,,83.89633140379999,25.4984911003
KAHILIYA,KH,,,,79.960138,27.775896
ALGAWAN,AIG,,,,79.963236,27.700598000000003
ANJHI SHAHABAD,AJI,,,,79.973314,27.643994
SHARMA,SHRM,,,,80.003288,27.603853
TODARPUR,TDP,,,,80.020029,27.579601
BEHTAGOKUL,BEG,,,,80.054854,27.530433600000002
DILKUSHA CABIN,LBH,,,,80.966867,26.83113
ZAFARABAD JN,ZBD,,,,82.719014,25.708436
SARKONI,SIQ,,,,82.75211999999999,25.643114
JALALGANJ,JLL,,,,82.772465,25.612516
TRILOCHAN MAHDO,TLMD,,,,82.804378,25.564702
KHALISPUR,KSF,,,,82.83174700000001,25.525798
PINDRA ROAD,PDRD,,,,82.851162,25.497052
BABATPUR,BTP,,,,82.8800248,25.453616
BIRAPATTI,BRPT,,,,82.917265,25.398912999999997
SHIUPUR,SOP,,,,82.946972,25.355419
VARANASI YARD,BSBY,,,,82.9751998096,25.3252123487
PAWANI KUMARPUR HALT,PWXP,,,,83.9359635205,25.5276889185
BUXAR,BXR,,,,83.982184,25.562067
BARUNA,BUE,,,,84.08917199999999,25.569781000000003
BAKAS,BKKS,,,,81.051489,26.776082000000002
ANUPGANJ,APG,,,,81.126093,26.757292
RAHMAT NAGAR,RMNR,,,,81.1558950446,26.744797359499998
CHHANDRAULI,CDRL,,,,81.23044,26.699202
TIRBEDIGANJ,TEG,,,,81.281105,26.667533
HAIDERGARH,HGH,,,,81.363162,26.621533
CHAUBISI,CHBS,,,,81.43362396730001,26.576806771900003
AKBARGANJ,AKJ,,,,81.501628,26.531456000000002
SINDURWA,SYW,,,,81.56944,26.492121
NIHALGARH,NHH,,,,81.632581,26.460131
WARIS GANJ HALT,WGJ,,,,81.6954767206,26.434504081500002
ADHINPUR,AHZ,,,,81.726848,26.418478
MUSAFIR KHANA,MFKA,,,,81.79981699999999,26.379585
SHIVNAGAR,SHNG,,,,81.882608,26.336305000000003
BANDHUA KALAN,BDKN,,,,81.99539200000001,26.271965
SULTANPUR,SLN,,,,82.066106,26.263027
PAKHRULI,PKX,,,,82.122568,26.205027
BHADAIYAN,BDIN,,,,82.169148,26.171113000000002
LAMBHUA,LBA,,,,82.223283,26.133687000000002
MAHRANI PACHHIM,MWP,,,,82.288578,26.087672
CHANDA (HALT),CHDA,,,,82.30754300000001,26.063822
KOIRIPUR,KEPR,,,,82.33959499999999,26.02164
NIMA GOPALPUR,NIMG,,,,82.364038,25.992862000000002
HARPALGANJ,HRPG,,,,82.405421,25.947582999999998
SRIKRISHNA NAGAR,SKN,,,,82.447803,25.88403
SARAI HARKHU,SVZ,,,,82.506309,25.835891
BAKHSHA,BKSA,,,,82.57318000000001,25.78236
JAUNPUR CITY,JOP,,,,82.666999,25.734125
JAUNPUR KUTCHERRY,JNUK,,,,82.692607,25.725186
ARA,ARA,,,,84.66259600000001,25.548889
JAMIRA HALT,JMIR,,,,84.70946636229999,25.558928076100003
KULHARIA,KUA,,,,84.757807,25.568172999999998
CPPR,CPPR,,,,,
DUMRAON,DURE,,,,84.14386499999999,25.571984
TWINING GANJ,TWG,,,,84.218022,25.568766
VEER KUNWAR HALT,VKDH,,,,84.254875,25.567584999999998
RAGHUNATHPUR,RPR,,,,84.305227,25.565439
SIKARIA,SKRI,,,,84.34768584109999,25.5633290199
BANAHI,BYN,,,,84.389916,25.561301
AMAR SAHEED JAGDEV P HALT,ASJP,,,,84.409699,25.560087000000003
BIHIYA,BEA,,,,84.448984,25.558893
RAMANAND,RNTE,,,,84.49105300000001,25.554842
SARVODAYA HALT,XSAN,,,,84.5006828052,25.554117487
KAURIYA,KYA,,,,84.5212854932,25.5509123644
KARISATH,KRS,,,,84.563141,25.549488
JAGJIVAN HALT,JGWL,,,,84.630119,25.547891999999997
KOELWAR,KWR,,,,84.792055,25.5687
BLOCK CABIN CHAKKI,VHCH,,,,84.806277,25.559662
PAIL,PAIL,,,,,
BIHTA,BTA,,,,84.8740874,25.560948600000003
PATEL HALT,PATL,,,,84.89852553829999,25.5647952991
SADISOPUR,SDE,,,,84.916992,25.566169000000002
GANDHI HALT,GNHI,,,,84.961546925,25.5720007108
NEORA,NEO,,,,84.986523,25.57459
DANAPUR,DNR,,,,85.044629,25.581921
PHULWARI SHARIF,PWS,,,,85.07942999999999,25.586297
SACHIWALAY HALT,SCY,,,,85.1173521326,25.5962020296
ULTADANGA ROAD,ULR,,,,,
CLWS,CLWS,,,,,
JUNC,JUNC,,,,,
ETYD,ETYD,,,,,
LCAB,LCAB,,,,,
KOLKATA,CP,,,,88.375198,22.566792999999997
TALLA,TALA,,,,88.37956299999999,22.606458
BAGH BAZAR,BBR,,,,88.36524556,22.60512587
SOVABAZAR-AHIRI,SOLA,,,,88.35493799999999,22.597663999999998
BARRA BAZAR,BZB,,,,88.351803,22.590907
BENOY BADAL DINESH GARDENS,BBDB,,,,88.34685800000001,22.577047
EDEN GARDENS,EDG,,,,88.339472,22.565207
PRINCEP GHAT,PPGT,,,,88.33202200000001,22.557153999999997
KHIDIRPUR,KIRP,,,,88.315889,22.5357
REMOUNT ROAD,RMTR,,,,88.316273,22.525427999999998
MAJERHAT,MJT,,,,88.322256,22.518978
NEW ALIPUR (CALCUTTA),NACC,,,,88.33492,22.510862
TOLLY GANJ,TLG,,,,88.346908,22.507909
MILE-FIVEB,MILE,,,,88.343231,22.509943999999997
LAKE GARDENS,LKF,,,,88.35237095000001,22.50794733
BALLYGUNGE JN,BLN,,,,88.37206854,22.51983196
PARK CIRCUS,PQS,,,,88.374176,22.541428999999997
BELG,BELG,,,,,
DHENKANAL,DNKL,,,,85.59087799999999,20.676825
DOKUR,DKUR,,,,77.85341299999999,16.592578000000003
RAJAPUR,RJAP,,,,78.163648,16.859603
DANDI MAL,DNDL,,,,85.53418,20.715235
SAMBALPUR,SBP,,,,83.9603252667,21.4830514376
SAMBALPUR ROAD,SBPD,,,,83.9757114679,21.4779003477
SADASHIBAPUR,SSPR,,,,85.504693,20.735286
MAHADIA PH,MHDB,,,,85.475883,20.750947
HINDOL ROAD,HND,,,,85.424456,20.768563
NAYABAGIRTHIPUR,NBT,,,,85.382445,20.781585
MERAMANDOLIL,MRDL,,,,85.30494300000001,20.802387
BURHAPANKA,BDPK,,,,85.25582286000001,20.853156679999998
TALCHER ROAD,TLHD,,,,85.207934,20.886651
ANGUL,ANGL,,,,85.099994,20.859445
KEREJANGA,KPJG,,,,84.97670600000001,20.855813
JARAPADA,JRPD,,,,84.887597,20.885087
BOINDA,BONA,,,,84.74820639999999,20.9200366
HANDAPA,HNPA,,,,84.684665,20.943324
SARAGIPALLI,SRGP,,,,84.565386,20.98404
BAMUR,BAMR,,,,84.475865,21.006738
RAIRAKHOL,RAIR,,,,84.333562,21.046744999999998
CHARMAL,CHAR,,,,84.204417,21.095391
JUJUMURA,JUJA,,,,84.134611,21.239342
HATIBARI,HATB,,,,84.11793899999999,21.309386
MANESWAR,MANE,,,,84.04398800000001,21.411344
SAMBALPUR CITY,SBPY,,,,84.0076171613,21.4770222859
JASIDIH JN,JSME,,,,86.644255,24.514517
TULSITANR,TTN,,,,86.6144068317,24.568995679700002
LAHABON,LHB,,,,86.6001380908,24.6403400956
TALWA BAZAR,TLB,,,,86.55630277830001,24.694736735
SIMULTALA,STL,,,,86.541782,24.713365
GHORPARAN,GHN,,,,86.4985295715,24.741624780800002
NARGANJO HALT,NRGO,,,,86.4578033173,24.7439751193
RAJLA,RJLA,,,,86.4230669043,24.7563630003
JHAJHA,JAJ,,,,86.399854,24.779456
DADPUR,DPX,,,,86.34907600000001,24.829399000000002
GIDHAUR,GHR,,,,86.324005,24.856169
CHAURA,CUX,,,,86.287062,24.918896
JAMUI,JMU,,,,86.25477500000001,24.971949
KUNDER HALT,KDER,,,,86.1856142041,25.0513208329
BHALUI,BFM,,,,86.172874585,25.0732160325
MANANPUR,MNP,,,,86.15540512449999,25.1049319287
BALAHAPUR HALT,BLHR,,,,86.14781537840001,25.1202705418
BANSIPUR,BSQP,,,,86.1448204578,25.1245132245
LAKHOCHAK HALT,LCK,,,,86.13641071170001,25.139184912599998
MAHESH LETA HALT,MHLT,,,,86.1301575793,25.1511094241
MOR,MOR,,,,85.8567601593,25.43034549
GULZARBAGH,GZH,,,,85.205232,25.597542
PATNA SAHEB,PNC,,,,85.230942,25.585856
DEEDARGANJ,DDGJ,,,,85.2575111389,25.5695431489
BANKA GHAT,BKG,,,,85.27274200000001,25.547008
FATWA,FUT,,,,85.305488,25.50144
BUDHDEVCHAK Y NAGAR,BCYN,,,,85.3313080389,25.4968269712
HARDAS BIGHA,HDE,,,,85.3276678,25.496924
KHUSROPUR,KOO,,,,85.387309,25.484893
MANJHAULIGRAM H,MJM,,,,85.422051,25.478252
KARAUTA,KWO,,,,85.46824000000001,25.468639
SALIM PUR BIHAR,SMBH,,,,85.44577199999999,25.473618
TEKA BIGHA HALT,TKBG,,,,85.485186,25.465009000000002
BAKHTIYARPUR JN,BKP,,,,85.52956400000001,25.456110000000002
JAI PRAKASH MAHULI,JPML,,,,85.600631,25.453799999999998
ATHMAL GOLA,ATL,,,,85.6213724115,25.453014977800002
ACHUARA HALT,ACU,,,,85.661087,25.45273
BARH,BARH,,,,85.70942600000001,25.46165
SAHARI HALT,SHT,,,,85.7277666345,25.475692697299998
RAILEY ENGLISH HALT,RLE,,,,85.75569245480001,25.4829711754
LEMUABAD,LEB,,,,85.7783575873,25.482271329699998
PUNARAKH,PHK,,,,85.803757,25.481495000000002
MEMRAKHABAD,MMKB,,,,85.82685199999999,25.472507999999998
KANHAIPUR,KNHP,,,,85.838512,25.45827
BARHAPUR HALT,BHAD,,,,85.86024300000001,25.427352
SIVNAR HALT,SIVN,,,,85.880824,25.40468
MOKAMEH JN,MKA,,,,85.91304899999999,25.391885
AUNTA HALT,ANAH,,,,85.94936398009999,25.3804334414
PATNA JN,PNBE,,,,85.136824,25.60256
RAJENDRA NAGAR BIHAR,RJPB,,,,85.162449,25.603351
KUMRABAD ROHINI,KBQ,,,,86.64534800000001,24.467308
SANKARPUR,SNQ,,,,86.637552,24.427623
MATHURAPUR,MUW,,,,86.631692,24.386518000000002
NAWAPATRA,NPZ,,,,86.64786699999999,24.318387
MADHUPUR JN,MDP,,,,86.642183,24.270633
JORAMOW,JRW,,,,86.707773,24.201663
MADANKATA,MNC,,,,86.70195,24.140881
VIDYASAGAR,VDS,,,,86.69841500000001,24.103820000000002
KASEETAR,KEE,,,,86.75251,24.004444
JAMTARA,JMT,,,,86.805183,23.958904
BODMA,BM,,,,86.852624,23.897286
CHITTARANJAN,CRJ,,,,86.878036,23.857138000000003
RUPNARAYANPUR,RNPR,,,,86.885481,23.818703000000003
SALANPUR,SLS,,,,86.876395,23.760355
CHAPRAMARI,CPY,,,,88.39220399999999,22.600493
PATIPUKUR,PTKR,,,,88.395055,22.605667999999998
GUNTUR JN,GNT,,,,80.44197299999999,16.300784
NALLAPADU,NLPD,,,,80.397756,16.308263
PERECHERLA,PRCA,,,,80.339519,16.319601000000002
PHIRANGIPURAM,PPM,,,,80.255894,16.292376
NUDURUPADU,NDPU,,,,80.193376,16.273407
SATULUR,STUR,,,,80.13881099999999,16.254465
NARASARAOPET,NRT,,,,80.041607,16.231527
MUNUMAKA,MUK,,,,79.981319,16.190922
SANTAMAGULUR,SAB,,,,79.91505599999999,16.147071
VELLALCHERUVU H,VLE,,,,79.8886640826,16.1317836869
SAVALYAPURAM,SYM,,,,79.81953,16.102801
VINUKONDA,VKN,,,,79.748004,16.050748
CHEEKATEEGALPLM,CEM,,,,79.682842,16.011698
GUNDALUKAMMA,GKM,,,,79.645362,15.985909
KURICHEDU,KCD,,,,79.572175,15.913391
POTLAPADU,POO,,,,79.523864,15.873337
DONAKONDA,DKD,,,,79.484112,15.834631000000002
GAJJELAKONDA,GJJ,,,,79.401298,15.777382
KOLKATA CHITPUR,KOAA,,,,88.385179,22.601174999999998
KANL,KANL,,,,,
ISHAN CHANDI HALT,INCI,,,,87.7396679724,23.3336497763
GALSI,GLI,,,,87.681236,23.358032
PARAJ,PAJ,,,,87.62750500000001,23.387863
MANKAR,MNAE,,,,87.555822,23.420373
PANAGARH,PAN,,,,87.439587,23.443034
RAJBANDH,RBH,,,,87.372314,23.476136
DURGAPUR,DGR,,,,87.297902,23.495046000000002
DURGAPUR COKE OVEN PLANT EXCHANGE YARD SDG WARIA,DCOP,,,,87.298232,23.505136
WARIA,OYR,,,,87.246177,23.537562
PINJRAPOL,POL,,,,87.232307,23.549642
UDL EAST OUTER CABIN,EOC,,,,87.20360799999999,23.569452000000002
ANDAL-EAST/CABIN,UDLE,,,,87.199696,23.57172
ANDAL JN,UDL,,,,87.181194,23.579012000000002
ANDAL WEST CABIN,UDLW,,,,87.168796,23.584024
CHICHAKI,CCK,,,,85.9917268481,24.053224666
GAREA BIHAR,GRBH,,,,85.9155275354,24.1289485964
BHULI,BHN,,,,86.39469277709999,23.8022772592
TETULMARI,TET,,,,86.34357,23.814441
NICHITPUR,NPJE,,,,86.28776500000001,23.825908
MATARI,MRQ,,,,86.239035,23.840519
GOMOH JN,GMO,,,,86.14823,23.873106
BHOLLDIH,BLME,,,,86.116898,23.898444
NIMIAGHAT,NMG,,,,86.07621300000001,23.932092
PARASNATH,PNME,,,,86.037862,23.987971
CHEGRO,CEME,,,,85.964766012,24.0842485151
CHAUDHRIBANDH,CDB,,,,85.9464457367,24.1118528783
KARMABAD BH,KRMB,,,,85.973866,24.07875
HAZARIBAGH ROAD,HZD,,,,85.892035,24.174583
KESHWARI,KSHR,,,,85.86420199999999,24.194872999999998
CHAUBE,CBH,,,,85.8160239368,24.2372952691
DASARA,DSME,,,,85.790855545,24.274602265600002
PARSABAD,PSB,,,,85.73873,24.307559
YADUDIH,YDD,,,,85.70089899999999,24.329874999999998
SARMATANR,SMND,,,,85.65550400000001,24.344874
HIRODIH,HRE,,,,85.596658,24.38304
LARABAD,LRB,,,,85.562123,24.407020999999997
KODERMA,KQR,,,,85.52945799999999,24.434741000000002
GUJHANDI,GJD,,,,85.463683,24.498121
LALBAG BH,LBZ,,,,85.446702,24.509662
DILWA,DLW,,,,85.41970863,24.53731788
NATH GANJ,NGY,,,,85.385094,24.545616
BASKATWA B. H.,BSCP,,,,85.366148,24.547613
YADUGRAM BH,YGM,,,,85.32401399999999,24.543289
GURPA,GAP,,,,85.29708,24.562542
PAHARPUR,PRP,,,,85.204571,24.624931999999998
BANSINALA HALT,BNSL,,,,85.16182409000001,24.66529241
TANKUPPA,TKN,,,,85.119402,24.704046
BANDHUA,BNF,,,,85.06620037,24.75197374
MANPUR JN,MPO,,,,85.044738,24.807111000000003
SHAHEED ISHWAR CHOWDHARY HALT,SICY,,,,85.01490964999999,24.80741419
GAYA JN,GAYA,,,,84.999294,24.803978
WEST CABIN GAYA,WCB,,,,84.971299,24.798676
KASTHA,KSTA,,,,84.921751,24.802484
PARAIYA,PRY,,,,84.85079200000001,24.809464
GURARU,GRRU,,,,84.791831,24.811113
ISMAILPUR,IMGE,,,,84.723433,24.815523000000002
RAFIGANJ,RFJ,,,,84.634804,24.819694000000002
DEO ROAD,DORD,,,,84.5634225305,24.823073676299998
JAKHIM,JHN,,,,84.52567784239999,24.8288034748
PHESAR,PES,,,,84.41808499999999,24.845489
ANUGRAHA NARAYAN ROAD,AUBR,,,,84.3298444,24.855955599999998
CHIRAILA,CPBH,,,,84.269003,24.863478
SON NAGAR,SEB,,,,84.22927299999999,24.882212999999997
ADSR,ADSR,,,,84.19221399999999,24.909345
DEHRI ON SONE,DOS,,,,84.185434,24.914894999999998
PAHALEJA HALT,PHE,,,,84.144817,24.932644
MARKAPUR ROAD,MRK,,,,79.301115,15.714678
RAIBHA,RAI,,,,77.803634,27.181549999999998
BICHPURI,BCP,,,,77.91435,27.176397
IDGAH AGRA JN,IDH,,,,77.997807,27.17265
AGRA FORT,AF,,,,78.0191,27.183308
YAMUNA BRIDGE AGRA,JAB,,,,78.03812699999999,27.191512
CHHALESAR,CHLR,,,,78.084141,27.212079000000003
KUBERPUR,KBP,,,,78.128812,27.221966
ETMADPUR,ETUE,,,,78.197973,27.221535999999997
CHEOKI,COI,,,,81.864916,25.379668
KARCHANA,KCN,,,,81.916127,25.313666
BHEERPUR,BEP,,,,81.98924,25.265024
MEJA ROAD,MJA,,,,82.089337,25.221545
UNCHDIH,UND,,,,82.1633748193,25.1924197817
JIGNA,JIA,,,,82.32555500000001,25.157891
GAIPURA,GAE,,,,82.38624899999999,25.16045
BIROHE,BEO,,,,82.449749,25.173789
BIKANER JN,BKN,,,,73.31659800000001,28.014139
UDRAMSAR,UMS,,,,73.3438365942,27.922973867499998
PALANA,PAE,,,,73.273605,27.845285999999998
DESHNOK,DSO,,,,73.338483,27.791303
SURPURA,SPO,,,,73.442249,27.706677000000003
NOKHA,NOK,,,,73.47484800000001,27.556203
CHILO,CLO,,,,73.52546099999999,27.446624
SHRI BALAJI,SBLJ,,,,73.5373822888,27.416761083900003
ALAI,ALAI,,,,73.58576799999999,27.337097
BADWASI,BWS,,,,73.663015,27.311355
NAGAUR,NGO,,,,73.72357199999999,27.199991
MARWAR MUNDWA,MDW,,,,73.815965,27.063606
KHAJWANA,KJW,,,,73.861764,26.923262
DESWAL,DSL,,,,73.885443,26.850374000000002
MARWAR CHAPRI,MCPE,,,,73.9073942175,26.7834880329
GANDHINAGAR JAIPUR,GADJ,,,,75.79827999999999,26.873067000000002
BETAMCHERLA,BMH,,,,78.148636,15.449372
GETOR JAGATPURA,GTJT,,,,75.832384,26.836925
KHATIPURA,KWP,,,,75.89049800000001,26.835709
KANAUTA,KUT,,,,75.955996106,26.842216007599998
BASSI,BAI,,,,76.047213,26.840616999999998
JHIR,JHIR,,,,76.1146920331,26.852187381900002
KURUMURTHI,KXI,,,,77.863463,16.494924
BANSKHO,BSKO,,,,76.142206,26.856115
TARLUPADU,TLU,,,,79.21946200000001,15.660536
JATWARA,JW,,,,76.2140548169,26.8688202925
CUMBUM,CBM,,,,79.110832,15.592947
KURNOOL TOWN,KRNT,,,,78.032655,15.833715
ALAMPUR ROAD,ALPR,,,,78.047012,15.895657
BHANDANA,BNDN,,,,76.25247399999999,26.878914
JOGULAMBA HALT,SBBJ,,,,78.04160499999999,15.915692
MANOPAD,MOA,,,,77.941968,15.994114
ITKYALA,IKI,,,,77.852531,16.074589
DAUSA,DO,,,,76.330336,26.900046999999997
PEDDADINNE,PDNA,,,,77.83502,16.100078
PUDURU,PDO,,,,77.820931,16.153896999999997
GADWAL,GWD,,,,77.80967199999999,16.22509
BHAN KARI,BAK,,,,76.4094554639,26.962546793999998
AREPALLI HALT,ARPL,,,,77.862369,16.270533999999998
SRIRAMNAGAR,SRNR,,,,77.865894,16.306568
AJAKOLLU,AJK,,,,77.8736361627,16.3467833327
KOLVAGRAM,KVGM,,,,76.46876528439999,26.9894838995
WANPARTI ROAD,WPR,,,,77.88514998289999,16.3820535896
KONNUR,KONN,,,,77.884404,16.424621000000002
KAUKUNTLA,KQQ,,,,77.850451,16.538962
DEVARKADRE,DKC,,,,77.838261,16.630504
KOTAKADRA,KTKA,,,,77.869477,16.668744
MANYAMKONDA,MQN,,,,77.904883,16.683425
MAHBUBNAGAR TOWN HALT,MHBT,,,,77.982649,16.742879000000002
MAHBUBNAGAR,MBNR,,,,77.999429,16.757768
YENUGONDA,YNG,,,,78.036337,16.758073
BANDIKUI JN,BKI,,,,76.56672300000001,27.039271
JAGGAMBOTLA KRISHNAPURAM,JBK,,,,79.071072,15.551155999999999
SOMIDEVIPALLE,SDV,,,,79.038111,15.4534
GUDIMETTA,GMA,,,,79.010485,15.424449000000001
YADA,YADA,,,,,
GIDDALUR,GID,,,,78.925583,15.379008
KISTAMSETTIPALI,KSTE,,,,78.883844,15.372380000000001
DIGUVAMETTA,DMT,,,,78.826206,15.394929999999999
CHALAMA,CMZ,,,,78.695312,15.422638000000001
GAZULAPALLI,GZL,,,,78.600125,15.430850000000001
NANDYAL,NDL,,,,78.472545,15.468024
PANYAM,PNM,,,,78.339158,15.50076
ARNIA,ARNA,,,,76.5171796234,27.0101287751
KRISHNAMA KONA,KEF,,,,78.267907,15.505221
B CEMENT NAGAR,BEY,,,,78.19541209,15.48632233
RANGAPURAM,RGM,,,,78.059153,15.406776
MALKAPURAM,MLK,,,,77.96755599999999,15.368943999999999
BOGOLU,BVO,,,,77.914295,15.473393
DHONE,DHNE,,,,77.865727,15.396729
VELDURTI,VDI,,,,77.927621,15.553699
ULINDAKONDA,UKD,,,,77.968687,15.652934
DUPADU,DUU,,,,78.01325899999999,15.742888
KOTLA,KOLA,,,,78.03755196290001,15.8120341064
DIVITI PALLI,DTP,,,,78.08417499999999,16.740883
CHANDANPUR,CDAE,,,,88.17617700000001,22.8813
PORABAZAR,PBZ,,,,88.15914000000001,22.916427
BELMURI,BMAE,,,,88.15233111,22.93272742
DHANIAKHALI,DNHL,,,,88.143651,22.95019
SIBAICHANDI,SHBC,,,,88.13369,22.974465
CHERAGRAM BH.,CRAE,,,,88.126806,22.993969
HAJIGARH,HIH,,,,88.121403,23.007032
GURAP,GRAE,,,,88.112282,23.02534
JHAPANDANGA,JPQ,,,,88.091187,23.064129
JAUGRAM,JRAE,,,,88.080887,23.078737
NABAGRAM,NBAE,,,,88.06690900000001,23.09918
MASAGRAM,MSAE,,,,88.042182,23.134791
CHANCHAI,CHC,,,,88.025521,23.157905
PALLA ROAD,PRAE,,,,88.00912100000001,23.179393
DANKUNI,DKAE,,,,88.291491,22.677422
GOBRA,GBRA,,,,88.279274,22.695504
JANAI ROAD,JOX,,,,88.26510999999999,22.722379
BEGUMPUR,BPAE,,,,88.255644,22.737627
BARUIPARA,BRPA,,,,88.237381,22.766787
MIRZAPUR BANKIPUR,MBE,,,,88.224626,22.78738
BALARAMBATI,BLAE,,,,88.21216842,22.8068127
KAMARKUNDU,KQU,,,,88.205127,22.821631
KAMARKUNDU,KQLS,,,,88.204309,22.820899
MADHU SUDANPUR,MDSE,,,,88.193499,22.845108
KOLKATA SEALDAH,SDAH,,,,88.374713,22.566758
NARKALDENGA COACHING YARD,NKG,,,,88.37910995610001,22.5719746424
KANKURGACHHI ROAD,KGK,,,,88.385079,22.572603
BIDHAN NAGAR,BNXR,,,,88.391045,22.592432
DUM DUM,DDJ,,,,88.392835,22.621717
BARANAGAR ROAD,BARN,,,,88.37831077,22.6530928
DAKSHINESWAR,DAKE,,,,88.36363519999999,22.6534841
BALLY GHAT,BLYG,,,,88.347431,22.652173
BALIHALT,BLYH,,,,88.33860800000001,22.652604
RAJCHANDRAPUR,RCD,,,,88.321219,22.652739
CC RLY LINK CAB,CCRL,,,,88.315286,22.652855
CCLINK-WEST,CCLW,,,,88.305512,22.657411
GANGA SAHAI,GGSY,,,,86.018783,25.269767
DUMRI HALT,DMRX,,,,86.0283957056,25.2459362417
JADCHERLA,JCL,,,,78.141972,16.752658
DHURANT JWAS HALT,DJS,,,,86.047715,25.220474
JAYNAGAR,JYG,,,,86.134871,26.589465
SAMASTIPUR JN,SPJ,,,,85.78736,25.858304
KORAHIA,KRHA,,,,86.15361374000001,26.529839579999997
KHAJAULI,KJI,,,,86.1614216113,26.4839415697
GARHARA,GHX,,,,86.0053080969,25.4409119004
LALIT LAKSHMIPR,LLPR,,,,86.1562,26.436785
RAJANAGAR,RJA,,,,86.152987,26.401801
HATHIDAH UPPER,HTZU,,,,85.987422,25.351823
MANGARPATTI HALT,MGPI,,,,86.1100315369,26.371005066000002
MADHUBANI,MBI,,,,86.076784,26.348165
BELARI HALT,BLRI,,,,85.79465626460001,25.845989179900002
SALEMPUR HALT,SPRN,,,,86.0816757483,26.30637807
UJIARPUR,UJP,,,,85.799605,25.780378
PANDAUL,PDW,,,,86.0866355896,26.2804866136
NAZIRGANJ,NAZJ,,,,85.80632700000001,25.724315
UGNA HALT,UGNA,,,,86.0925137378,26.2506466399
BASARHIA HALT,BSRA,,,,85.8109824023,25.6921049276
SAKRI JN,SKI,,,,86.078137,26.208947000000002
DALSINGH SARAI,DSS,,,,85.84146519999999,25.6647486
SHAHEED S N SINGH HALT,SSNS,,,,86.04289692260001,26.2010198369
TARSARAI,TRS,,,,86.013311,26.194364999999998
BIJULI HALT,BJIH,,,,85.976126,26.186676
KAKARGHATTI,KKHT,,,,85.94826499999999,26.183484
SATHAJAGAT,STJT,,,,85.86778899539999,25.631007269799998
BACHWARA JN,BCA,,,,85.90014240000001,25.5812576
SIMARIA,DKGS,,,,86.014464,25.411453
MAJNUPUR NAWADA,MPNH,,,,85.9312678741,25.5321961227
TEGHRA,TGA,,,,85.941774,25.511020000000002
BARAUNI FLAG,BUJ,,,,85.96507848819999,25.4735905867
DARBHANGA JN,DBG,,,,85.907575,26.157088
LAHERIA SARAI,LSI,,,,85.903825,26.110633
THALWARA,TLWA,,,,85.89750699999999,26.072734999999998
HAIAGHAT,HYT,,,,85.87821199999999,26.020321
RAMBHADDARPUR,RBZ,,,,85.86518199999999,25.977172
KISHANPUR,KSP,,,,85.840384,25.925351000000003
MUKTAPUR,MKPR,,,,85.79556,25.884676
KHARIAPIPRA HALT,KRPA,,,,86.626717,25.242819
TALL JN,TALL,,,,85.9546829749,25.3787000521
RAMPUR DUMRA,RDUM,,,,86.0006415784,25.3308632845
BARHIYA,BRYA,,,,86.01507679999999,25.2832026
MANKATHA,MKB,,,,86.056352,25.207216
LUCKEESARAI JN,LKR,,,,86.093210587,25.1716617005
KIUL JN,KIUL,,,,86.106198,25.171504
RAMPUR HALT,RMPR,,,,86.1406539392,25.1721586608
DHANAURI,DNRE,,,,86.1591750293,25.1719686608
PAWAI BROHMASTHAN HALT,PWBN,,,,86.1965221936,25.1712233008
UREN,UREN,,,,86.2142016541,25.1712379405
KAJRA,KJH,,,,86.261571,25.182766
GHOGHI BARIARPUR,GIBP,,,,86.3040822156,25.2058083716
ABHAIPUR,AHA,,,,86.32307245909999,25.2159864584
MASUDAN,MSDN,,,,86.3578830731,25.2352713892
DHARHARA,DRH,,,,86.4115380682,25.2578934114
DASHARATHPUR,DRTP,,,,86.46453228029999,25.265181819000002
SAROBAG,SRB,,,,86.4765552539,25.273371220999998
JAMALPUR JN,JMP,,,,86.492285,25.313906
PATAM HALT,PATM,,,,86.5327701855,25.323255198600002
RATANPUR,RPUR,,,,86.57608,25.279794000000003
RISHIKUND,RIKD,,,,86.5623576038,25.294435959199998
BARIARPUR,BUP,,,,86.5740372229,25.2810286076
KALYANPUR ROAD,KPRD,,,,86.5806353711,25.275564886399998
KHARIAPIPRA HALT,KAPP,,,,86.627487,25.243589
GANGANI,GNNA,,,,86.593002,25.265514
KAMARGANJ,KMGH,,,,86.6457233716,25.2369518098
SULTANGANJ,SGG,,,,86.736175,25.24085
ABJUGANJ,AJUG,,,,86.775451,25.242369
MAHESHI,MVV,,,,86.799239,25.236912
AKBARNAGAR,AKN,,,,86.8345333624,25.234880766899998
CHHIT MAKHANPUR,CTMP,,,,86.87393632569999,25.234493190600002
MURARPUR,MPY,,,,86.886908,25.232759
NATHNAGAR,NAT,,,,86.935373,25.237052000000002
BHAGALPUR,BGP,,,,86.9767918,25.241909300000003
SABAUR,SBO,,,,87.045918,25.239083
LAILAKH MAMLKHA,LMM,,,,87.1050667084,25.21827008
GHOGA,GGA,,,,87.16086164,25.2103054225
EKCHARI,EKC,,,,87.2138658521,25.227623048199998
KAHALGAON,CLG,,,,87.2337518945,25.2621879424
BIKRAM SHILA,BKSL,,,,87.3002182,25.30004436
SHIVANARAYANPUR,SVRP,,,,87.3330938318,25.2937259592
LAKSHMIPUR BHORANG,LKB,,,,87.36336,25.288258000000003
PIRPAINTI,PPT,,,,87.4218244568,25.2903753934
AMMAPALLI HALT,AMPL,,,,87.4585745682,25.2724414889
MIRZA CHEUKI,MZC,,,,87.4979796002,25.2587767836
KARAMTOLA,KRMA,,,,87.5531429022,25.2554212612
SAHIBGANJ JN,SBG,,,,87.63457700000001,25.241391999999998
SAKRIGALI JN,SLJ,,,,87.715967,25.243358999999998
MOHARAJPUR,MJP,,,,87.74030800000001,25.219587
KARANPUR ATO,KPTO,,,,87.7340281628,25.136401449999997
TALJHARI,TLJ,,,,87.7416879089,25.0823504143
KALIAN CHAK,KXE,,,,87.736758,25.03452
TINPAHAR JN,TPH,,,,87.7438070306,24.996925863999998
DHAMDHAMIA,DDX,,,,87.7615573059,24.9603876804
GOLLAPALLY,GLY,,,,78.157285,16.818903000000002
SAINTHIA,SNT,,,,87.68120499999999,23.949741
GADADHARPUR,GHLE,,,,87.691891,24.013197
MALLARPUR,MLV,,,,87.726275,24.080029
TARAPITH ROAD,TPF,,,,87.7522050836,24.1265252897
RAMPUR HAT,RPH,,,,87.78214700000001,24.179797
SWADINPUR,SDLE,,,,87.822587,24.253477999999998
NALHATI JN,NHT,,,,87.83867000000001,24.295706
CHATRA,CTR,,,,87.849257,24.372846
MURARAI,MRR,,,,87.85865299999999,24.440886
BANSHLAI BRIDGE,BSBR,,,,87.862439,24.502610999999998
RAJGRAM,RJG,,,,87.86763599999999,24.544607
NAGARNABI,NGF,,,,87.8680748517,24.590321491500003
PAKUR,PKR,,,,87.856054,24.638002
TILBHITA,TBB,,,,87.842581,24.677287999999997
KOTALPUKUR,KLP,,,,87.823724,24.741141
GUMANI,GMAN,,,,87.8052776343,24.798952096399997
JHAPATER DHAL,JTL,,,,87.750181,23.367646
BANPAS,BPS,,,,87.74725106999999,23.40073073
NOADAR DHAL,NRX,,,,87.745014,23.433926999999997
GUSKARA,GKH,,,,87.733397,23.489998
PICHKURIRDHAL,PCQ,,,,87.720914,23.54342
BHEDIA,BDH,,,,87.711813,23.586642
BOLPUR SHANTINIKETAN,BHP,,,,87.698136,23.657804000000002
PRANTIK,PNE,,,,87.693501,23.694435000000002
KOPAI,KPLE,,,,87.689548,23.759063
AHMADPUR JN,AMP,,,,87.6928410938,23.8325090573
BATASPUR,BSLE,,,,87.6806814746,23.8802785594
SAKTIGARH,SKG,,,,87.971782,23.205879
GANGPUR,GRP,,,,87.928116,23.223525000000002
BARDDHAMAN JN,BWN,,,,87.87028099999999,23.249718
PALSIT,PLAE,,,,88.00322154050001,23.197030709800003
TALIT,TIT,,,,87.819122,23.29331
RASULPUR,RSLR,,,,88.039994,23.187229000000002
KHANA JN,KAN,,,,87.769547,23.320577
NIMO,NMF,,,,88.069346,23.180297999999997
MEMARI,MYM,,,,88.095637,23.172935
BANDEL JN,BDC,,,,88.3793623,22.9236565
BAGILA,BGF,,,,88.12200441,23.16014581
HOOGHLY,HGY,,,,88.375632,22.904835
DEBIPUR,DBP,,,,88.15599765809999,23.1446129567
CHUCHURA,CNS,,,,88.3695,22.890190999999998
BAINCHI,BOI,,,,88.196286,23.1191243
CHANDAN NAGAR,CGR,,,,88.354421,22.867469999999997
BAINCHIGRAM,BCGM,,,,88.21629817,23.10588031
MANKUNDU,MUU,,,,88.346368,22.846462000000002
SIMLAGARH,SLG,,,,88.23121300000001,23.095679
PUNDOOAH,PDA,,,,88.270115,23.070861999999998
BHADRESHWAR,BHR,,,,88.34153486,22.8279397
KHANYAN,KHN,,,,88.314472,23.046222
BAIDYABATI,BBAE,,,,88.33203765,22.79549199
TALANDU,TLO,,,,88.345088,23.009788
MAGRA,MUG,,,,88.36829,22.983124999999998
SEORAPHULI,SHE,,,,88.328809,22.774749
ADI SAPTAGRAM,ADST,,,,88.378872,22.95447
SERAMPORE,SRP,,,,88.338031,22.753967999999997
RISHRA,RIS,,,,88.343378,22.726146
KONNAGAR,KOG,,,,88.34183442140001,22.6994528322
HIND MOTOR,HMZ,,,,88.341605,22.683736
UTTARPARA,UPA,,,,88.34131699999999,22.667652
BALLY,BLY,,,,88.3406065536,22.6552655812
BELUR,BEQ,,,,88.33950084,22.635912010000002
LILUAH,LLH,,,,88.339559,22.621521
LILUAH (SORTING YARD),SYAE,,,,88.336795,22.609028
HOWRAH GOODS,HWHG,,,,88.33468799799999,22.5900953465
HOWRAH JN,HWH,,,,88.34099900000001,22.584077999999998
BAKUDI,BKLE,,,,87.7749068933,24.9345107267
BARHARWA JN,BHW,,,,87.77449299999999,24.857748
BONIDANGA LINK CABIN,BDLC,,,,87.798331,24.822167
KORAPUT,KRPU,,,,82.719436,18.792189999999998
KORAPUT B CABIN B.H.,KRPB,,,,82.72400599999999,18.797786
DUMURIPUT,DMRT,,,,82.803933,18.780367000000002
DAMANJODI,DMNJ,,,,82.865768,18.767771
BAIGUDA,BGUA,,,,82.96578736,18.827043709999998
KAKIRIGUMMA,KKGM,,,,83.007309,18.923382
LAXMIPUR ROAD,LKMR,,,,83.104298,19.003986
SINGARAM,SGRM,,,,83.10500400000001,19.110931
TIKIRI,TKRI,,,,83.09910500000001,19.177667000000003
RAULI,RUL,,,,83.16728,19.230268
LELIGUMA,LLGM,,,,83.208299,19.304006
BHALUMASKA,BLMK,,,,83.29429956000001,19.32812783
SIKARPAI,SKPI,,,,83.32010335,19.391899549999998
KEUTGUDA,KTGA,,,,83.368072,19.303471000000002
RAYAGADA,RGDA,,,,83.410505,19.175642
SINGAPURAM ROAD,SPRD,,,,83.403066,19.258673
THERUBALI,THV,,,,83.42130900000001,19.335826
BISSAMCUTTACK,BMCK,,,,83.458973,19.487437999999997
SANSARTALI,SNRL,,,,83.47977300000001,19.529222
MUNIGUDA,MNGD,,,,83.488343,19.62753
DOIKALLU,DKLU,,,,83.48161132000001,19.74188249
AMBODALA,AMB,,,,83.45635247989999,19.8363234649
LANJIGARH ROAD,LJR,,,,83.4003416858,19.9434221772
NORLA ROAD,NRLR,,,,83.373301,20.041394
RUPRA ROAD,RPRD,,,,83.330956,20.08447
KANDEL ROAD,KDLR,,,,83.27892999999999,20.126381000000002
KESINGA,KSNG,,,,83.224709,20.188102999999998
RANGAREDDY GUDA,RRGA,,,,78.18083299999999,16.901936
DHIRPUR,DPP,,,,76.84405122380001,30.0663927023
DHOLA MAZRA,DHMZ,,,,76.854437,30.120677999999998
SHAHBAD MARKNDA,SHDM,,,,76.861554,30.166186
MOHRI,MOY,,,,76.850054,30.255264
PRAGATI MAIDAN,PGMD,,,,77.247277,28.615267999999997
BIJROTHA,BJA,,,,78.4216048,24.9469398
FARIDABAD,FDB,,,,77.30734799999999,28.411473
DELHI H NIZAMUDDIN,NZM,,,,77.254249,28.587329999999998
TILAK BRIDGE,TKJ,,,,77.237995,28.627633
SHIVAJI BRIDGE,CSB,,,,77.226612,28.634101
NEW DELHI,NDLS,,,,77.22000399999999,28.642314
DELHI SADAR BAZAR,DSB,,,,77.216852,28.658656
SUBZI MANDI,SZM,,,,77.199696,28.668683
DELHI AZADPUR,DAZ,,,,77.176713,28.702645999999998
AMIN,AMIN,,,,76.900028,29.904968
DHODA KHEDI,DHKR,,,,76.842512,30.018915000000003
BILASPUR CHORD CABIN,CORD,,,,82.125212,22.082796000000002
USALAPUR,USL,,,,82.111546,22.102548
GHUTKU,GTK,,,,82.085321,22.16819
KALMITAR,KLTR,,,,82.0576347339,22.2342458973
KARGI ROAD,KGB,,,,82.026832,22.297935
SALKAROAD,SLKR,,,,82.010606,22.36745
BELGAHNA,BIG,,,,82.032374,22.431085
TENGANMADA,TGQ,,,,81.99575,22.507027
KHONGSARA,KGS,,,,81.934151,22.551352
BHANWAR TONK,BHTK,,,,81.897794,22.607916
KHODRI,KOI,,,,81.93569600000001,22.665094
SARBAHARA,SBRA,,,,81.91042900000001,22.710501999999998
PENDRA ROAD,PND,,,,81.89917,22.755824999999998
HARRI,HRB,,,,81.882604,22.82794
VENKATNAGRA,VKR,,,,81.872187,22.923269
NIGAURA,NIQ,,,,81.874215,22.961546000000002
JAITHARI,JTI,,,,81.7970919489,23.0451865524
CHHULHA,CLF,,,,81.73707,23.106724
ANUPPUR JN,APR,,,,81.695967,23.117312
AMLAI,AAL,,,,81.593507,23.173469
BURHAR,BUH,,,,81.528406,23.213203999999998
CHHADA,CHDX,,,,81.47142699999999,23.237624
SINGHPUR,SNGP,,,,81.4075072687,23.253960575599997
SHAHDOL,SDL,,,,81.36407299999999,23.285961999999998
BADHWA BARA,BDWA,,,,81.28636818000001,23.2939334
GHUNGHUTI,GGT,,,,81.1862407697,23.3436391121
MUDARIA,MDXR,,,,81.0950669171,23.3586036574
BIRSINGHPUR,BRS,,,,81.0433529,23.367211700000002
NOWROZABAD,NRZB,,,,80.980363,23.394425
KARKELI,KKI,,,,80.919056,23.460957
UMARIA,UMR,,,,80.823244,23.52273
LORHA,LOA,,,,80.75161299999999,23.581228
CHANDIA ROAD,CHD,,,,80.701436,23.6454399
VILAYATKALAN RD,VYK,,,,80.610102,23.708924
RUPAUND,RPD,,,,80.573345,23.731755
JHALWARA,JLW,,,,80.473608,23.772191
BALANAGAR,BABR,,,,78.188891,16.947622000000003
URLAM,ULM,,,,83.989515,18.435565999999998
TILARU,TIU,,,,84.0726809924,18.4704858205
HARISHCHANDRAPURAM,HCM,,,,84.1214378076,18.4790934357
KOTABOMMALI,KBM,,,,84.199842,18.488355
DINDU GOPALA PURAM HALT,DGB,,,,84.241768,18.542976
NAUPADA JN,NWP,,,,84.2829220099,18.5794097271
ROUTHPURAM HALT,RMZ,,,,84.3356803912,18.6209643431
PUNDI,PUN,,,,84.370679,18.665917999999998
PALASA,PSA,,,,84.42209100000001,18.756782
SUMMADEVI,SUDV,,,,84.467259,18.808896999999998
MANDASA ROAD,MMS,,,,84.494113,18.840628000000002
BARUVA,BAV,,,,84.554233,18.900748
SOMPETA,SPT,,,,84.58149999999999,18.981296999999998
JHADUPUDI,JPI,,,,84.613031,19.028201
ICHCHPURAM,IPM,,,,84.680427,19.110752
SURLA ROAD,SLRD,,,,84.719145,19.177016000000002
GOLANTHRA,GTA,,,,84.740668,19.219065
BRAHMAPUR,BAM,,,,84.7966912,19.2961348
JAGAN NATHAPUR,JNP,,,,84.8681439825,19.330648607
NARASIMHAPURA,NRSP,,,,84.9387492847,19.3632939389
CHATRAPUR,CAP,,,,84.97327299999999,19.3589572
CHATRAPUR COURT,CAPC,,,,84.982543,19.358941
GANJAM,GAM,,,,85.046719,19.395827
HUMMA,HMA,,,,85.07588799999999,19.443283
RAMBHA,RBA,,,,85.09407900000001,19.537957
KHALLIKOT,KIT,,,,85.128091,19.611204999999998
KALIJAI,KLJI,,,,85.151414,19.647603999999998
CHILKA,CLKA,,,,85.17991400000001,19.686694
BALUGAON,BALU,,,,85.200953,19.747366
SOLARI,SLZ,,,,85.24778599999999,19.800255
GANGADHARPUR,GNGD,,,,85.29323500000001,19.815673
KUHURI,KUU,,,,85.3527,19.859987
KALUPARA GHAT,KAPG,,,,85.40365100000001,19.896585
MUKETASHWAR,MKTP,,,,85.437914,19.919138
BHUSANDPUR,BSDP,,,,85.4764825,19.951792700000002
NIRAKARPUR,NKP,,,,85.53046400000001,19.991740999999998
GOLABAI,GLBA,,,,85.555928,20.016866
TAPANG,TAP,,,,85.580989,20.052879
DHAULIMUHAN,DLMH,,,,85.60477200000001,20.079331999999997
KAIPADA ROAD,KPXR,,,,85.639666,20.10484
ARGUL,ARGL,,,,85.67088007,20.12442672
VISHAKAPATNAM,VSKP,,,,83.289514,17.72159
MARRIPALEM,MIPM,,,,83.252629,17.7363
SIMHACHALAM,SCM,,,,83.220449,17.744667
SIMHACHALAM NORTH,SCMN,,,,83.209636,17.752094
PENDURTI,PDT,,,,83.195211,17.813498
KOTTAVALASA,KTV,,,,83.18509999999999,17.892374999999998
KANTAKAPALLE,KPL,,,,83.20820499999999,17.954718999999997
ALAMANDA,ALM,,,,83.271604,18.012510000000002
KORUKONDA,KUK,,,,83.320296,18.054196
VIZIANAGRAM JN,VZM,,,,83.39558600000001,18.111374
NELLIMARIA,NML,,,,83.456046,18.183131
GUJJANGIVALASA,GUL,,,,83.5108882898,18.230678746400002
GARIVIDI,GVI,,,,83.5308410095,18.2732681907
CHIPURUPALLE,CPP,,,,83.569608,18.316259000000002
BATUVA,BTVA,,,,83.62409646,18.34308678
SIGADAM,SGDM,,,,83.68144099999999,18.360601
PONDURU,PDU,,,,83.776548,18.362876
DUSI,DUSI,,,,83.857682,18.369969
SRIKAKULAM ROAD,CHE,,,,83.903771,18.408679
SHADNAGAR,SHNR,,,,78.213273,17.064646
CHULI,CUL,,,,71.340823,23.006336
SURBARI,SRBR,,,,70.696477,23.231063000000002
KACHEGUDA,KCG,,,,78.499756,17.389561
MALAKPET KACHEGUDA,MXT,,,,78.494244,17.375398
KACHEGUDA DBR,DQR,,,,78.490284,17.366083
YAKUT PUR(YKA,YAKUT PUR(YKA,,,,,
HUPPUGUDA,HPG,,,,78.48196499999999,17.34071
KACHEGUDA FALAKNUMA,FM,,,,78.474481,17.332197
TIMMAPUR,TMX,,,,78.288344,17.169347000000002
UMDANAGAR,UR,,,,78.393143,17.262932000000003
BUDVEL,BDVL,,,,78.4245182,17.3093773
AHMEDABAD JN,ADI,,,,72.601516,23.025515
KANKARIA,KKF,,,,72.607102,23.008817
MANI NAGAR,MAN,,,,72.610413,23.000142
VATVA,VTA,,,,72.6294363164,22.959728549199998
GERATPUR,GER,,,,72.65515099999999,22.917292
BAREJADI,BJD,,,,72.6778863,22.895426699999998
KANIL,KANJ,,,,72.705473,22.867203999999997
NENPUR,NEP,,,,72.725207,22.847183
MAHEMDAVAD KHEDA RD,MHD,,,,72.752481,22.819556000000002
GOTHAJ,GTE,,,,72.8013557965,22.759953846400002
NADIAD JN,ND,,,,72.855718,22.694105999999998
UTARSANDA,UTD,,,,72.88880999999999,22.654716
KANJARI BORIYAV,KBRV,,,,72.921535,22.614849
NIYOL,NOL,,,,72.902305,21.160311
CHALTHAN,CHM,,,,72.95617,21.157909
BAGUMRA,BGMR,,,,72.996091,21.149694
GANGADHARA,GGAR,,,,73.043566,21.141419000000003
BARDOLI,BIY,,,,73.1058944,21.1342405
TIMBARVA,TBV,,,,73.144398,21.146312
MANGROLLA,MGRL,,,,73.182172,21.156258
MADHI,MID,,,,73.24268000000001,21.145672
KAHET,KRAI,,,,73.294162,21.137196
LOTARVA,LTV,,,,73.202399,21.153797
VYARA,VYA,,,,73.383847,21.118142
KIKAKUI ROAD,KKRD,,,,73.481234,21.12908
DOSVADA,DSD,,,,73.502728,21.130512
UKAI SONGADH,USD,,,,73.55554,21.147743
LAKKADKOT,LKKD,,,,73.603025,21.163562
BHADBHUNJA,BBAI,,,,73.693754,21.166264
NAVAPUR,NWU,,,,73.771183,21.166844
KOLDA,KFF,,,,73.893108,21.165523
CHINCHPADA,CPD,,,,73.93924200000001,21.206379000000002
KHATGAON,KHTG,,,,73.992081,21.26417
KHANDBAARA,KBH,,,,74.101865,21.324398
BHADWAD,BAWD,,,,74.09831697,21.323159150000002
DHEKVAD,DWD,,,,74.13857,21.339179
NANDURBAR,NDB,,,,74.246482,21.374812
CHOUPALE,CUE,,,,74.319097,21.377019
TISI,TISI,,,,74.364777,21.382994
RANALA,RNL,,,,74.47179,21.372813
DONDAICHA,DDE,,,,74.563104,21.331414
VIKHRAN ROAD,VKH,,,,74.617881,21.302739000000003
SONSHELU,SNSL,,,,74.66225600000001,21.274379
SINDKHEDA,SNK,,,,74.73536700000001,21.234022
HOL,HOL,,,,74.784857,21.198376
NARDANA,NDN,,,,74.82874699999999,21.178209
BETAVAD,BEW,,,,74.886199,21.149244
PADSE,PDP,,,,74.924335,21.132043
BHORTEX,BRTK,,,,74.995996,21.102507999999997
AMALNER,AN,,,,75.057314,21.049008999999998
TAKARKHEDE,TKHE,,,,75.167017,21.03491
BHONE,BHNE,,,,75.22247700000001,21.018946
DHARANGAON,DXG,,,,75.286092,21.006447
CHAVALKHEDE,CHLK,,,,75.352237,21.024084000000002
PALDHI,PLD,,,,75.46157,21.022831999999998
NAGPUR MOTI BAGH,MIB,,,,79.088986,21.146062
RAIPUR R-V BLOCK,RVH,,,,81.64428199999999,21.26848
MANDIR HASAUD,MNDH,,,,81.772807,21.226191999999998
LAKHOLI,LAE,,,,81.890652,21.201827
ARANG MAHANADI,ANMD,,,,81.955513,21.189614
BELSONDA,BLSN,,,,82.03562500000001,21.155027
MAHASAMUND,MSMD,,,,82.10389,21.113138000000003
ARAND,ARN,,,,82.183013,21.102097
BHIMKHOJ,BMKJ,,,,82.289327,21.080325
BAGBAHRA,BGBR,,,,82.3841486,21.0462946
KOMAKHAN,KMK,,,,82.45769200000001,20.979703
KHARIAR ROAD,KRAR,,,,82.510513277,20.901385555799997
NAWAPARA ROAD,NPD,,,,82.562564,20.809717
LAKHNA,LKNA,,,,82.662489,20.729266
HARISHANKER RD,HSK,,,,82.7660362524,20.6267890734
TITLAGARH,TIG,,,,83.154382,20.284399
TUREKALA ROAD,TRKR,,,,82.8147164221,20.563094809
SIKIR,SFK,,,,83.199696,20.337936
KANTABANJI,KBJ,,,,82.906517,20.474059
BADMAL,BUDM,,,,83.27114900000001,20.384900000000002
MURIBAHAL,MRBL,,,,83.016704,20.385885000000002
SAINTALA,SFC,,,,83.335045,20.433878
RAHENBATA,RNBT,,,,83.08993099999999,20.329013
DEOGAN ROAD,DFR,,,,83.430063,20.554779
BALANGIR,BLGR,,,,83.494207,20.688591
BALANGIR ROAD,BNRD,,,,83.498557,20.715094
LOISINGHA,LSX,,,,83.514083,20.852667
KHALIPALI,KHPL,,,,83.536231,20.950218
DUNGRIPADI,DJX,,,,83.559213,21.060872999999997
BARPALI,BRPL,,,,83.59487580000001,21.183637700000002
BARGARH ROAD,BRGA,,,,83.642586,21.332902999999998
ATTABIRA,ATS,,,,83.792637,21.388039
GODBHAGA,GBQ,,,,83.856969,21.416457
HIRAKUD,HKG,,,,83.905097,21.479827
JHARSUGUDA R YARD,JSRY,,,,84.0718776697,21.8876435594
DHUTRA,DTV,,,,84.09109799999999,21.896881999999998
PANPALI,PNPL,,,,84.139173,21.915685999999997
BAGDIHI,BEH,,,,84.18631,21.951046
DHARUADIHI,DIH,,,,84.223691,21.995145
BAMRA,BMB,,,,84.291044,22.051355
TANGARMUNDA,TGM,,,,84.35861200000001,22.09407
GARPOS,GPH,,,,84.418434,22.134204
SOGRA,SOGR,,,,84.459478,22.153756
SONAKHAN,SXN,,,,84.519562,22.166579000000002
RAJ GANGPUR,GP,,,,84.58205099999999,22.186062000000003
KANSHBAHAL,KXN,,,,84.66628899999999,22.215278
TALCHER,TLHR,,,,85.200385,20.932262
TALCHER THERMAL,TLTM,,,,85.21416081,20.91053519
TALCHER THERMAL,TTPT,,,,85.21712600000001,20.905032
KALUNGA,KLG,,,,84.73367300000001,22.222144
PANPOSH,PPO,,,,84.804627,22.228538
ROURKELA,ROU,,,,84.86313200000001,22.22844
BONDAMUNDA,BNDM,,,,84.92505809999999,22.2355174
BANGURKELA,BGKA,,,,84.9552704382,22.3505683976
BISPUR,BSPK,,,,84.9464074011,22.3740198995
NUAGAON,NXN,,,,84.94203300000001,22.386583
ORGA,ORGA,,,,84.91578,22.448548
PARBATONIA,PBB,,,,84.949201,22.497616999999998
TATI,TATI,,,,84.918457,22.558381999999998
BARBERA,BRBR,,,,84.8694214429,22.5755618647
KANAROAN,KNRN,,,,84.877026,22.600484
BANO,BANO,,,,84.90298541140001,22.6647837973
MAHABUANG,MCZ,,,,84.9352760571,22.7199286684
KURKURA,KRKR,,,,84.931238,22.763217
PAKRA,PKC,,,,84.93690600000001,22.828158
POKLA,PKF,,,,84.951364,22.89496
BAKASPUR,BKPR,,,,84.9537296552,22.9810196446
JARIAGARH,JGX,,,,84.9866928088,23.0088422742
GOVINDPUR ROAD,GBX,,,,85.0435794019,23.061857490599998
KARRA,KRRA,,,,85.1327416565,23.1219323537
BINGAON,BNGO,,,,85.1658139636,23.1666884029
LODHMA,LOM,,,,85.2001212549,23.2233502762
BALASIRING,BLRG,,,,85.2812029169,23.2691273563
HATIA,HTE,,,,85.308218,23.311612999999998
ITWARI,ITR,,,,79.11923700000001,21.157819
MERTA ROAD JN,MTD,,,,73.917896,26.728077000000003
KHEDULI,KQW,,,,74.014573,26.759393000000003
REN,REN,,,,74.07446200000001,26.788798
JALSU,JAC,,,,74.194547,26.844883
JALSU NANAK,JACN,,,,74.250429,26.868694
DEGANA JN,DNA,,,,74.316388,26.897349
GACHHIPURA,GCH,,,,74.454426,26.953522
BESROLI,BSRL,,,,74.560725,26.990674000000002
BORAWAR,BOW,,,,74.66939656189999,27.0283068063
MAKRANA JN,MKN,,,,74.72314899999999,27.037532
KUCHAMAN CITY,KMNC,,,,74.8514568066,27.0535465396
THATHANA MITHRI,THMR,,,,74.8979728705,27.055138193999998
NAYA KHARADIA,NYK,,,,74.93509671199999,27.0383856624
NAWA CITY,NAC,,,,74.99883200000001,27.029479
GOVINDI MARWAR,GVMR,,,,75.093144,27.03169
GUDHA,GA,,,,75.128292,26.950042
SAMBHAR LAKE,SBR,,,,75.179915,26.904308
PHULERA JN,FL,,,,75.24545599999999,26.872814
HIRNODA,HDA,,,,75.327459,26.885336000000002
DHINDA,DHND,,,,75.361206,26.890931
JODHPUR JN,JU,,,,73.02319,26.283765
RAIKA BAGH,RKB,,,,73.039744,26.291628000000003
JODHPUR CANTT,JUCT,,,,73.075277,26.304264
BANAR,BNO,,,,73.146431,26.33951
JAJIWAL,JWL,,,,73.2228278314,26.3680583662
ASRANADA,AAS,,,,73.30532500000001,26.397374
KHERI SALWA,KSW,,,,73.3907543195,26.4285105345
PIPAR ROAD JN,PPR,,,,73.448703,26.452849999999998
SATHIN ROAD,SWF,,,,73.509748,26.48978
UMED,UMED,,,,73.605896,26.549322
KHARIA KHANGARH,KXG,,,,73.686313,26.609843
GOTAN,GOTN,,,,73.737284,26.652200999999998
JOGI MAGRA,JOM,,,,73.818142,26.697862
SAWAI MADHOPUR,SWM,,,,76.35622,26.018279
KUSHTALA,KTA,,,,76.326705,25.961351
RAWANIA DUNGAR,RWJ,,,,76.313705,25.887841
AMLI,AMLI,,,,76.286156,25.828156
ASALPUR JOBNER,JOB,,,,75.423467,26.900084
INDARGARH,IDG,,,,76.232938,25.727874
BOBAS,BOBS,,,,75.4980458,26.9056364
SHEO SINGH PURA,SHNX,,,,75.567278,26.913378
LAKHERI,LKE,,,,76.192147,25.639864
MISROD,MSO,,,,77.45804600000001,23.168701000000002
HABIBGANJ,HBJ,,,,77.43942899999999,23.221979
BHOPAL JN,BPL,,,,77.4131428577,23.266884384300003
BAIRAGARH,BIH,,,,77.33622,23.273607199999997
BAKANIAN BHAUNR,BQE,,,,77.252499,23.261737
LABAN,LBN,,,,76.207965,25.574304
KAPREN,KPZ,,,,76.08649199999999,25.444815000000002
KOTA JN SOUTH C,KTSC,,,,75.88511100000001,25.198051
DAKANIYA TALAV,DKNT,,,,75.865501,25.145187999999997
DADHDEVI,DDV,,,,75.898016,25.077840000000002
ALNIYA,ALNI,,,,75.90874587280001,25.0316757156
DHANI KASAR,DKQ,,,,75.93221182010001,24.9874595619
RAVTHA ROAD,RDT,,,,75.958203,24.933449
DARA,DARA,,,,76.005784,24.832608999999998
KANWALPURA,KIW,,,,75.98301000000001,24.788625
MORAK,MKX,,,,75.97333900000001,24.730953
RAMGANJ MANDI,RMA,,,,75.939411,24.644606
JHALAWAR ROAD,JHW,,,,75.919686,24.541893
DHUANKHERI,DKRA,,,,75.89805,24.504973000000003
BHAWANI MANDI,BWM,,,,75.82981,24.419472000000003
KURLAS,KRLS,,,,75.7260090143,24.354200582
GAROT,GOH,,,,75.68432197690001,24.2790919912
SHAMGARH,SGZ,,,,75.642842,24.191141000000002
HANSPURA,HNU,,,,75.64670478090001,24.1312068327
SUWASRA,SVA,,,,75.64834400000001,24.069844
NATHUKHERI,NKH,,,,75.64345572270001,24.0200433795
CHAU MAHLA,CMU,,,,75.60086100000001,23.948204999999998
TALAVLI,TLZ,,,,75.596821,23.903499
THURIA,THUR,,,,75.55457,23.833165
VIKRAMGARH ALOT,VMA,,,,75.53837899999999,23.765121
LUNI RICHHA,LNR,,,,75.51367,23.660393
MAHIDPUR ROAD,MEP,,,,75.500338,23.567509
ROHAL KHURD,RLK,,,,75.460561,23.482264
PHANDA,PUD,,,,77.189255,23.232986
PACHWAN,PNWN,,,,77.128302,23.208785000000002
DHANAKYA,DNK,,,,75.605607,26.91819
SEHORE,SEH,,,,77.07788199999999,23.215095
BINDAYAKA,BDYK,,,,75.659572,26.924224
KANAKPURA,KKU,,,,75.702559,26.92883
BAKTAL,BKTL,,,,77.038514,23.234083000000002
PARBATI,PRB,,,,77.012393,23.250527
JABRI,JBX,,,,76.889341,23.294103999999997
KALAPIPAL,KPP,,,,76.834002,23.332775
CHAKROD,CKOD,,,,76.779716546,23.3530905936
SHUJALPUR,SJP,,,,76.72347500000001,23.381235999999998
UJJAIN JN,UJN,,,,75.781403,23.178154
MOHAMMADKHERA,MQE,,,,76.665757,23.384268
AKODIA,AKD,,,,76.599245,23.378255
BOLAI,BLX,,,,76.4864047449,23.361400652599997
KALI SINDH,KSH,,,,76.430306,23.344476
KISONI,KONY,,,,76.371773,23.301733000000002
BERCHHA,BCH,,,,76.33419289999999,23.282480800000002
PIR UMROD,PUO,,,,76.2299643091,23.2558608677
MAKSI,MKC,,,,76.159116,23.251625
SHIVPURA,SVT,,,,76.0076378418,23.2563508677
TAJPUR,TJP,,,,75.9235679364,23.2169677672
PINGLESHWAR,PLW,,,,75.8603440417,23.2111360434
UJN C CABIN,UJNC,,,,75.801153,23.184543
DEVPURA,DPZ,,,,76.251747,26.03271
SURELI,SURL,,,,76.077102,26.118939
ISARDA,ISA,,,,76.030637,26.170515
SIRAS,SRAS,,,,76.00108138670001,26.2571138478
BANSTHALI NIWAI,BNLW,,,,75.93511006349999,26.383927808699998
CHANNANI,CHNN,,,,75.920457,26.49509
CHAKSU,CKS,,,,75.910778,26.592917999999997
SHIVDASPURA PADAMPURA,SAS,,,,75.88328200000001,26.71363
BHATISUDA,BTSD,,,,75.421478,23.392187
PIPLODA BAGLA,PPG,,,,75.433639,23.357472
UNHEL,UNL,,,,75.472209,23.316776
PALSORA MAKRAWA,PSO,,,,75.5315691821,23.260650211799998
ASLAODA,ASL,,,,75.60816015629999,23.231264309
GAMBHIR BR,GRFB,,,,75.637187,23.226323
NAIKHERI,NKI,,,,75.689198,23.196778
SANGANER,SNGN,,,,75.772245,26.814113
DURGAPURA,DPA,,,,75.786436,26.855947
BAIS GODAM,BSGD,,,,75.7898479,26.90199441
GODHANI,GNQ,,,,79.068176,21.21103
BHARATWADA,BWRA,,,,79.0171081,21.231695
KALMESHWAR,KSWR,,,,78.91586099999999,21.229072
KOHLI,KOHL,,,,78.807616,21.273749
SONKHAMB,SNKB,,,,78.725612,21.274259
METPANJRA,MER,,,,78.65915899999999,21.26917
KATOL,KATL,,,,78.590664,21.263201
KALAMBHA,KLBA,,,,78.558413,21.344635
TINKHEDA,TNH,,,,78.523446,21.407727
NARKHER,NRKR,,,,78.52481399999999,21.468725
DARIMETA,DDMT,,,,78.5411,21.536803
PANDHURNA,PAR,,,,78.525394,21.589996
TEEGAON,TEO,,,,78.460308,21.637046
GHUNDANKHAPA,GDKP,,,,78.42563,21.655105000000002
CHICHONDA,CCD,,,,78.352032,21.709709
HATNA PUR,HTN,,,,78.334344,21.761852
MULTAI,MTY,,,,78.26283000000001,21.783543
AMLA JN,AMLA,,,,78.123187,21.919717000000002
MALKAPUR ROAD,MALK,,,,77.967468,21.904426
BETUL,BZU,,,,77.90589700000001,21.896393
MARAMJHIRI,MJY,,,,77.883002,21.946123
DHARAKHOH,DHQ,,,,77.949934,22.009297
GHORADONGRI,GDYA,,,,78.001987,22.126423
BARBATPUR,BBTR,,,,77.920758,22.197033
MAGARDOH,MGRD,,,,77.894738,22.248104
DHODRA MOHAR,DOH,,,,77.875226,22.281504
POLA-PATTHAR,POX,,,,77.85334900000001,22.347657
KALA AKHAR,KQE,,,,77.818115,22.394548999999998
SAHELI,SAHL,,,,77.819849,22.488281
TAKU,TAKU,,,,77.8158087866,22.5155599418
KESLA,KSLA,,,,77.8065090723,22.541216959
KIRATGARH,KRTH,,,,77.77251,22.538155
JUHJARPUR,JHP,,,,77.755836,22.598117000000002
HATHBANDH,HN,,,,81.846233,21.632219
BHATAPARA,BYT,,,,81.946062,21.732464
NIPANIA,NPI,,,,82.044275,21.826434
DAGORI,DGS,,,,82.069143,21.905693
SARALA,SLRA,,,,84.017534,21.511822
SASON,SSN,,,,84.03917034669999,21.5595350543
RENGALI,RGL,,,,84.042299,21.636895
LAPANGA,LPG,,,,84.03998,21.732794
BRUNDAMAL,BXQ,,,,84.016216,21.806503000000003
JHARSUGUDA ROAD,JSGR,,,,84.010526,21.850125
BHUBANESWAR NEW,BBSN,,,,85.83518699999999,20.382175
GOPALPUR BALKDA,GBK,,,,85.87790899999999,20.432634999999998
KATHA JORI,KTJI,,,,85.896353,20.45107
CUTTACK,CTC,,,,85.90156,20.466587999999998
KENDRAPARA ROAD,KNPR,,,,85.917437,20.498481
NERGUNDI,NRG,,,,85.959078,20.538381
MACHAPUR,MZY,,,,85.768912,20.569003
GARUDIJHATIA,GJTA,,,,85.828478,20.570067
BADA PADAGAON,BDPG,,,,85.87382799,20.570588309999998
CHARBATIA,CBT,,,,85.9113306,20.569383900000002
SALAGAON,SQQ,,,,85.957487,20.56434
SIVARAKOTTAI,SVK,,,,77.986107,9.738427999999999
SANKARALINGAPRM,SLGM,,,,77.88414,9.524914
CHOLAPURAM,CPM,,,,77.57086691235357,9.354660443863636
MADURAI JN,MDU,,,,78.11031399999999,9.919907
TIRUPARANKNDRM,TDN,,,,78.065958,9.879446999999999
TIRUMANGALAM,TMQ,,,,77.99090199999999,9.824778
KALLIGUDI,KGD,,,,77.97402,9.695381000000001
VIRUDUNAGAR JN,VPT,,,,77.95773700000001,9.596405
SENGOTTAI,SCT,,,,77.24185,8.9874125
TENKASI JN,TSI,,,,77.30733799999999,8.963993
KADAYNALLUR,KDNL,,,,77.36319769999999,9.085394
PAMBA KOVIL SHANDY,PBKS,,,,77.431001,9.130538
SANKARANKOVIL,SNKL,,,,77.525924,9.176539
RAJAPALAYAM,RJPM,,,,77.561026,9.452404
SRIVILLIPUTTUR,SVPR,,,,77.64494,9.497497
SIVAKASI,SVKS,,,,77.78924400000001,9.463321
TIRUTTANGAL,TTL,,,,77.8108864374,9.4772991528
MUKHASA PARUR,MKSP,,,,79.240919,11.566638000000001
KUTTAKUDI,KKTI,,,,79.154962,11.591907
PUKKIRIVARI,PRV,,,,78.989079,11.633792
SIRUVATTUR,SRVT,,,,78.943922,11.636294000000001
CHINNA SALEM,CHSM,,,,78.873821,11.631062
MELNARIYAPANUR,MLYR,,,,78.814791,11.615910999999999
TALAIVASAL,TVS,,,,78.75084,11.596392
ATTUR,ATU,,,,78.592092,11.594788
PEDANAYAKANPALAYAM,PDKM,,,,78.5053,11.647063000000001
MAGNESITE JN,MGSJ,,,,78.096286,11.696253
ETTAPUR ROAD,ETP,,,,78.468545,11.651009
SALEM JN,SA,,,,78.113415,11.671726000000001
VALAPPADI G HLT,VGE,,,,78.400452,11.654623999999998
MINNAMPALLI,MPLI,,,,78.2849851605,11.671079675900002
AYODHYAPATTANAM,APN,,,,78.233642,11.671392
SALEM EAST,SLME,,,,78.178121,11.662932
SALEM TOWN,SXT,,,,78.162096,11.660046
SALEM MARKET,SAMT,,,,78.142621,11.654084
OMALUR,OML,,,,78.04678001590001,11.7385543
TOLASAMPATTI,TOS,,,,77.979547,11.761619
MECHERI ROAD,MCRD,,,,77.921857,11.804210999999999
METUR DAM,MTDM,,,,77.83200799999999,11.807081
