{"type":"FeatureCollection","name":"Pune_taluka","features":[{"id":"16","type":"Feature","properties":{"osm_id":10351618,"name":"Indapur","admin_level":"6","osm_boundary_type":"boundary"},"geometry":{"type":"Polygon","coordinates":[[[74.71424,18.30711],[74.7133,18.30014],[74.71364,18.28551],[74.71261,18.27585],[74.70742,18.27573],[74.70364,18.27622],[74.70154,18.27687],[74.69896,18.27748],[74.69596,18.27773],[74.69351,18.27765],[74.69004,18.27712],[74.68699,18.27663],[74.68051,18.2761],[74.67716,18.27524],[74.67493,18.27475],[74.67236,18.27378],[74.67175,18.27158],[74.6724,18.26884],[74.67154,18.26603],[74.66991,18.26444],[74.66794,18.26338],[74.66635,18.26224],[74.66377,18.258],[74.66249,18.25173],[74.66098,18.24741],[74.66008,18.24072],[74.65867,18.23143],[74.65699,18.2146],[74.65712,18.20351],[74.66304,18.19845],[74.6654,18.19613],[74.66824,18.19344],[74.66811,18.19124],[74.66626,18.18838],[74.66343,18.1821],[74.66274,18.17113],[74.66266,18.16775],[74.66424,18.16008],[74.67047,18.15119],[74.6736,18.14259],[74.67905,18.13806],[74.68012,18.13602],[74.67948,18.12497],[74.6842,18.11946],[74.68429,18.11322],[74.68386,18.10702],[74.68124,18.1027],[74.67815,18.09707],[74.67527,18.09373],[74.67296,18.08863],[74.66888,18.07965],[74.66708,18.07688],[74.66798,18.07435],[74.66836,18.07276],[74.66785,18.07096],[74.66657,18.06884],[74.66828,18.06698],[74.67021,18.06515],[74.67206,18.06384],[74.67358,18.06288],[74.67506,18.06201],[74.67669,18.06117],[74.67804,18.06064],[74.6792,18.06039],[74.68178,18.06019],[74.68323,18.05988],[74.68422,18.05911],[74.68557,18.05727],[74.68622,18.05478],[74.68622,18.0536],[74.68624,18.05242],[74.68699,18.0483],[74.68826,18.04454],[74.68933,18.04191],[74.69032,18.03954],[74.69135,18.03824],[74.69364,18.03728],[74.69607,18.03726],[74.69768,18.03757],[74.69853,18.03785],[74.70036,18.0384],[74.70192,18.0381],[74.7028,18.03775],[74.70388,18.03683],[74.70441,18.03587],[74.70469,18.03536],[74.70615,18.03238],[74.7072,18.03108],[74.70901,18.03032],[74.71104,18.02924],[74.71282,18.02847],[74.71477,18.02783],[74.71813,18.02869],[74.72071,18.03019],[74.72206,18.03071],[74.72349,18.03089],[74.72458,18.03086],[74.72557,18.03063],[74.72829,18.02938],[74.73236,18.02749],[74.73484,18.02682],[74.73763,18.02687],[74.73958,18.02687],[74.74115,18.02683],[74.74265,18.02634],[74.74372,18.02549],[74.74422,18.0243],[74.74447,18.02324],[74.7446,18.02202],[74.74478,18.02053],[74.74505,18.01896],[74.74585,18.01759],[74.74718,18.0169],[74.74853,18.01651],[74.74952,18.01634],[74.75057,18.01667],[74.75183,18.01761],[74.75374,18.01885],[74.75546,18.02022],[74.75722,18.02134],[74.75889,18.02224],[74.76147,18.02359],[74.76454,18.02418],[74.76675,18.02396],[74.76859,18.023],[74.76988,18.02198],[74.77113,18.02067],[74.77258,18.01912],[74.77424,18.01734],[74.77782,18.01259],[74.77943,18.01124],[74.78115,18.01047],[74.78297,18.01028],[74.78462,18.0102],[74.78696,18.01004],[74.78881,18.00955],[74.79005,18.009],[74.79196,18.00765],[74.79419,18.00496],[74.79604,18.00237],[74.7969,18.00075],[74.79775,17.99969],[74.79874,17.99869],[74.79984,17.99788],[74.80164,17.99737],[74.80342,17.99735],[74.80492,17.99733],[74.80659,17.99782],[74.80795,17.99818],[74.80936,17.99871],[74.81071,17.99939],[74.81277,18.00128],[74.8126,18.00335],[74.81198,18.00547],[74.81138,18.00749],[74.81134,18.0092],[74.81205,18.01106],[74.81307,18.01255],[74.81432,18.01363],[74.81582,18.01461],[74.81717,18.01483],[74.81874,18.0149],[74.81962,18.01451],[74.82052,18.01347],[74.82204,18.01226],[74.82295,18.01132],[74.82571,18.00753],[74.82844,18.00069],[74.82936,17.99708],[74.82977,17.99473],[74.83136,17.99337],[74.83307,17.99277],[74.8344,17.99237],[74.83625,17.99243],[74.83831,17.99318],[74.84003,17.99424],[74.84241,17.99573],[74.84462,17.99665],[74.84651,17.99686],[74.84902,17.99618],[74.85245,17.9951],[74.85466,17.9949],[74.85657,17.99463],[74.85865,17.99426],[74.86035,17.99373],[74.86191,17.99267],[74.86266,17.99163],[74.8632,17.99028],[74.86307,17.98908],[74.86256,17.98735],[74.86054,17.98149],[74.85975,17.97767],[74.8596,17.97573],[74.85923,17.97143],[74.85846,17.96947],[74.85758,17.96836],[74.85524,17.96722],[74.85294,17.96551],[74.84822,17.96051],[74.84603,17.95687],[74.84423,17.95387],[74.84361,17.95161],[74.84359,17.9502],[74.84354,17.94912],[74.84412,17.94785],[74.84507,17.94699],[74.84694,17.94658],[74.84932,17.94601],[74.85153,17.94587],[74.85333,17.94624],[74.85674,17.94738],[74.85966,17.95012],[74.86193,17.95148],[74.86455,17.95216],[74.86704,17.95203],[74.86902,17.95175],[74.86994,17.95136],[74.87043,17.95108],[74.87211,17.94828],[74.87307,17.94577],[74.87376,17.94426],[74.87556,17.94354],[74.87781,17.94332],[74.87998,17.94322],[74.88191,17.94285],[74.88444,17.94242],[74.88775,17.9406],[74.88914,17.93932],[74.89133,17.93821],[74.89285,17.93721],[74.89412,17.93668],[74.89567,17.93713],[74.89708,17.93821],[74.89837,17.9393],[74.90047,17.94111],[74.90285,17.94275],[74.90427,17.94422],[74.90803,17.94495],[74.91144,17.94532],[74.91496,17.94544],[74.91672,17.94524],[74.91886,17.94458],[74.92045,17.94379],[74.92277,17.94273],[74.92581,17.94162],[74.92931,17.94083],[74.93133,17.94079],[74.93341,17.94122],[74.93519,17.9416],[74.93699,17.94171],[74.93837,17.94087],[74.9395,17.93993],[74.94096,17.93881],[74.94171,17.93815],[74.9424,17.93709],[74.94268,17.93587],[74.94283,17.93413],[74.94253,17.93127],[74.94195,17.92944],[74.94152,17.92803],[74.94118,17.9268],[74.9412,17.9257],[74.94193,17.92476],[74.94352,17.92415],[74.94547,17.92396],[74.94989,17.92358],[74.95328,17.92284],[74.95536,17.92176],[74.95708,17.92056],[74.95924,17.91888],[74.96167,17.91788],[74.96577,17.91651],[74.96832,17.91682],[74.97023,17.91715],[74.97268,17.91735],[74.97538,17.91757],[74.97774,17.91764],[74.98019,17.91768],[74.9822,17.91757],[74.98656,17.91696],[74.98875,17.91615],[74.99154,17.91504],[74.99495,17.91392],[74.99853,17.91302],[75.00207,17.91286],[75.00413,17.91235],[75.0063,17.91151],[75.00868,17.91065],[75.01044,17.90988],[75.01229,17.90935],[75.01381,17.90937],[75.01564,17.90941],[75.01755,17.90902],[75.01903,17.90839],[75.01926,17.90679],[75.01961,17.9052],[75.01965,17.90289],[75.01903,17.90063],[75.01995,17.89701],[75.02057,17.8962],[75.02145,17.89556],[75.02368,17.89507],[75.02594,17.89528],[75.02789,17.89607],[75.02937,17.89767],[75.03098,17.89989],[75.03297,17.90189],[75.03505,17.90363],[75.03857,17.9062],[75.0404,17.90608],[75.04265,17.90543],[75.04664,17.90408],[75.04935,17.90345],[75.05123,17.9034],[75.05237,17.90365],[75.05349,17.90512],[75.05351,17.90702],[75.05286,17.90865],[75.05179,17.91026],[75.05016,17.91214],[75.04902,17.91308],[75.04705,17.91506],[75.04568,17.91651],[75.04512,17.91821],[75.04475,17.92037],[75.04538,17.92252],[75.04724,17.92476],[75.04855,17.92578],[75.05042,17.92678],[75.05164,17.92748],[75.05413,17.92795],[75.05656,17.92782],[75.05795,17.92695],[75.05995,17.92531],[75.06198,17.92384],[75.0658,17.92029],[75.06701,17.919],[75.06816,17.91804],[75.07044,17.91725],[75.0716,17.91708],[75.07312,17.91745],[75.07456,17.91819],[75.07589,17.919],[75.07733,17.92004],[75.07887,17.92086],[75.07988,17.92109],[75.08263,17.9219],[75.08482,17.9235],[75.08608,17.92456],[75.08743,17.9268],[75.08754,17.9284],[75.08615,17.92972],[75.08462,17.9307],[75.08314,17.93187],[75.08149,17.93336],[75.07967,17.93677],[75.08007,17.93999],[75.0814,17.9412],[75.08333,17.94185],[75.08542,17.94256],[75.0896,17.94413],[75.09344,17.94583],[75.09677,17.94614],[75.09904,17.94569],[75.10054,17.94477],[75.10177,17.94362],[75.10441,17.94038],[75.10574,17.93873],[75.10765,17.93803],[75.11106,17.93807],[75.11224,17.93897],[75.1134,17.94056],[75.11441,17.94318],[75.11644,17.94742],[75.11986,17.94961],[75.12159,17.95034],[75.12565,17.95171],[75.12822,17.95408],[75.12904,17.95569],[75.12953,17.95795],[75.12891,17.95996],[75.12814,17.9614],[75.12634,17.96238],[75.12462,17.96285],[75.1228,17.96324],[75.12052,17.96398],[75.11865,17.96467],[75.11709,17.96585],[75.11629,17.96685],[75.11565,17.96771],[75.11544,17.96873],[75.11623,17.97051],[75.11741,17.97226],[75.11904,17.97302],[75.12076,17.97328],[75.12284,17.97308],[75.12533,17.97224],[75.13013,17.97012],[75.132,17.96992],[75.13361,17.97036],[75.13539,17.97098],[75.13541,17.97206],[75.13357,17.97308],[75.13213,17.97443],[75.13114,17.97571],[75.12966,17.979],[75.12846,17.98604],[75.12752,17.98979],[75.12604,17.99439],[75.12462,17.99702],[75.12329,17.99839],[75.12134,17.99947],[75.11612,18.00096],[75.11318,18.00098],[75.11174,18.00057],[75.11026,17.99937],[75.10885,17.99775],[75.10818,17.99633],[75.10771,17.99477],[75.1072,17.99288],[75.10668,17.99096],[75.1055,17.98441],[75.1049,17.98118],[75.10411,17.97914],[75.10297,17.97735],[75.10187,17.97653],[75.10041,17.97571],[75.09891,17.97539],[75.09717,17.97553],[75.09518,17.9761],[75.09383,17.97663],[75.08782,17.97951],[75.08434,17.98108],[75.08173,17.98179],[75.07874,17.98212],[75.07679,17.98194],[75.07512,17.98157],[75.06947,17.97955],[75.0675,17.97781],[75.0669,17.97622],[75.06638,17.97404],[75.0654,17.96985],[75.06475,17.96741],[75.06413,17.9653],[75.06269,17.96296],[75.06168,17.96071],[75.06037,17.95834],[75.05941,17.95697],[75.05836,17.95563],[75.05677,17.95375],[75.05063,17.9514],[75.04656,17.95042],[75.04317,17.95008],[75.04074,17.95005],[75.03864,17.95057],[75.03711,17.95148],[75.03555,17.95338],[75.03417,17.95536],[75.03207,17.95714],[75.0289,17.95965],[75.0263,17.9612],[75.02426,17.96224],[75.02263,17.96332],[75.02134,17.96443],[75.0207,17.96563],[75.02046,17.96738],[75.02053,17.96867],[75.02134,17.97181],[75.02392,17.97841],[75.02606,17.98522],[75.02742,17.98843],[75.02883,17.99077],[75.03227,17.99467],[75.03729,17.9999],[75.04012,18.00371],[75.04312,18.0081],[75.04645,18.01269],[75.04746,18.01522],[75.04924,18.01957],[75.05153,18.02394],[75.05501,18.02679],[75.05894,18.02871],[75.06295,18.03044],[75.07402,18.03504],[75.07891,18.03767],[75.08138,18.04069],[75.08318,18.04377],[75.08434,18.04903],[75.08471,18.05342],[75.08518,18.05709],[75.08825,18.0615],[75.09059,18.06476],[75.09507,18.06976],[75.09932,18.07149],[75.10215,18.07259],[75.10951,18.07412],[75.11569,18.07482],[75.12112,18.07463],[75.12468,18.07408],[75.12696,18.07443],[75.12951,18.07508],[75.13097,18.07663],[75.13226,18.07863],[75.13331,18.08506],[75.13395,18.08804],[75.13505,18.09046],[75.13949,18.0956],[75.14335,18.09727],[75.14597,18.09903],[75.1503,18.09997],[75.15417,18.10038],[75.1594,18.10409],[75.16301,18.1087],[75.16365,18.11184],[75.16296,18.11486],[75.16172,18.11722],[75.15992,18.11885],[75.15623,18.12175],[75.14987,18.12309],[75.14369,18.12293],[75.13876,18.12224],[75.13528,18.12142],[75.12872,18.1193],[75.11953,18.11942],[75.11202,18.11926],[75.10644,18.11979],[75.10142,18.12053],[75.09726,18.12089],[75.09597,18.12146],[75.09456,18.12403],[75.09293,18.12799],[75.0913,18.14047],[75.09288,18.14793],[75.09494,18.15287],[75.09816,18.15629],[75.10383,18.16755],[75.10889,18.18443],[75.11219,18.19837],[75.11177,18.21072],[75.10911,18.21875],[75.10262,18.22002],[75.09576,18.21969],[75.08589,18.21851],[75.0816,18.21716],[75.07889,18.215],[75.07567,18.21129],[75.07258,18.20799],[75.0658,18.20245],[75.06083,18.19963],[75.05186,18.19768],[75.04602,18.19674],[75.0422,18.19605],[75.03804,18.19548],[75.03276,18.19405],[75.03048,18.19246],[75.02679,18.1905],[75.02409,18.19009],[75.02083,18.19099],[75.01804,18.19401],[75.01293,18.20298],[75.01091,18.20771],[75.01122,18.21227],[75.01439,18.21737],[75.02104,18.22956],[75.03139,18.24244],[75.0431,18.25051],[75.04563,18.25597],[75.04611,18.25927],[75.04297,18.2622],[75.03997,18.26192],[75.03662,18.26012],[75.03319,18.25821],[75.02727,18.25515],[75.02426,18.25328],[75.01478,18.24888],[75.00298,18.24411],[74.99838,18.24076],[74.99349,18.23962],[74.99027,18.23954],[74.98697,18.24072],[74.98006,18.24358],[74.96984,18.24851],[74.96161,18.25295],[74.9571,18.25731],[74.95534,18.26033],[74.95405,18.26265],[74.95173,18.26534],[74.94744,18.2655],[74.94066,18.26383],[74.93345,18.26257],[74.92968,18.26143],[74.92564,18.25955],[74.92187,18.25915],[74.91178,18.26082],[74.90624,18.2609],[74.90127,18.26029],[74.89697,18.25902],[74.89367,18.25817],[74.8832,18.25315],[74.88084,18.25091],[74.87878,18.2492],[74.87419,18.24859],[74.86959,18.24814],[74.86346,18.24835],[74.85904,18.24777],[74.85286,18.24667],[74.84724,18.2457],[74.84264,18.24517],[74.83861,18.24496],[74.83543,18.2468],[74.8296,18.25156],[74.82063,18.26122],[74.81389,18.26819],[74.80278,18.27858],[74.7993,18.28233],[74.79677,18.28637],[74.79587,18.28979],[74.79617,18.29448],[74.79887,18.29949],[74.80187,18.3012],[74.80388,18.3016],[74.80389,18.30584],[74.80432,18.31248],[74.80338,18.3245],[74.80256,18.32548],[74.80084,18.32609],[74.79891,18.32658],[74.79677,18.32699],[74.79282,18.32748],[74.7896,18.32788],[74.78548,18.32813],[74.7793,18.32911],[74.77454,18.32984],[74.77072,18.33008],[74.76694,18.33045],[74.76342,18.33102],[74.75995,18.33045],[74.75934,18.32784],[74.75849,18.32499],[74.75677,18.32133],[74.75321,18.31725],[74.75076,18.31277],[74.74973,18.30996],[74.74887,18.3076],[74.74849,18.30507],[74.74613,18.30544],[74.7393,18.30641],[74.73278,18.30711],[74.72574,18.30696],[74.7201,18.30713],[74.71424,18.30711]]]}},{"id":"17","type":"Feature","properties":{"osm_id":10351619,"name":"Shirur","admin_level":"6","osm_boundary_type":"boundary"},"geometry":{"type":"Polygon","coordinates":[[[74.04433,18.88501],[74.05669,18.87998],[74.05918,18.87697],[74.06227,18.87323],[74.06528,18.87088],[74.06854,18.86836],[74.07068,18.86731],[74.07497,18.86731],[74.076,18.86649],[74.07841,18.86398],[74.08072,18.86227],[74.08304,18.86121],[74.08553,18.86],[74.09883,18.85017],[74.10218,18.8483],[74.1075,18.84871],[74.11231,18.84936],[74.11669,18.85293],[74.11883,18.85496],[74.12355,18.8578],[74.12664,18.86016],[74.1293,18.86268],[74.13042,18.86633],[74.13033,18.86861],[74.12596,18.8699],[74.12398,18.87161],[74.12398,18.87518],[74.12201,18.87721],[74.11789,18.88006],[74.11489,18.88217],[74.11145,18.88298],[74.10888,18.88412],[74.10802,18.88542],[74.10896,18.88931],[74.11497,18.89882],[74.11171,18.90629],[74.11308,18.91433],[74.11446,18.9179],[74.11729,18.9209],[74.12098,18.92188],[74.12527,18.92139],[74.12999,18.92041],[74.13385,18.91993],[74.13591,18.91993],[74.14063,18.92171],[74.13926,18.92975],[74.14947,18.93771],[74.15505,18.94274],[74.1602,18.94745],[74.16261,18.95118],[74.16484,18.95557],[74.16613,18.95955],[74.16595,18.96312],[74.16338,18.96515],[74.16038,18.96385],[74.15814,18.96239],[74.15548,18.96206],[74.15325,18.96336],[74.15205,18.96531],[74.15068,18.96839],[74.1499,18.97903],[74.14836,18.98552],[74.14415,18.9886],[74.14312,18.99242],[74.14038,18.99396],[74.1372,18.99396],[74.13634,18.99226],[74.13617,18.98909],[74.13583,18.98576],[74.13248,18.98325],[74.12879,18.98154],[74.12476,18.98049],[74.11866,18.98154],[74.11514,18.98032],[74.11162,18.98292],[74.11034,18.9856],[74.10871,18.98747],[74.10793,18.99063],[74.10922,18.99355],[74.11042,18.99623],[74.11077,19.00029],[74.11077,19.00329],[74.11085,19.01035],[74.11034,19.0136],[74.11377,19.0166],[74.11188,19.01904],[74.11377,19.02106],[74.11952,19.02163],[74.12647,19.02196],[74.13634,19.02407],[74.13857,19.02463],[74.14026,19.02777],[74.14115,19.02747],[74.14587,19.02691],[74.15033,19.02261],[74.15488,19.01944],[74.15909,19.01611],[74.16132,19.01336],[74.16518,19.00995],[74.16698,19.00735],[74.16939,19.00573],[74.17342,19.00703],[74.17686,19.00678],[74.18072,19.00605],[74.18329,19.00784],[74.18509,19.01019],[74.18776,19.0136],[74.18984,19.0165],[74.19149,19.01622],[74.19301,19.01634],[74.1946,19.01624],[74.19728,19.01553],[74.19866,19.0148],[74.20014,19.01297],[74.20016,19.01185],[74.19947,19.01049],[74.1987,19.00909],[74.19885,19.00778],[74.19958,19.00607],[74.20057,19.00571],[74.20222,19.00556],[74.20359,19.00587],[74.20462,19.00625],[74.20546,19.00668],[74.20694,19.00745],[74.20981,19.00897],[74.21063,19.0092],[74.21181,19.00916],[74.2126,19.00871],[74.21293,19.0078],[74.21271,19.00686],[74.21267,19.00571],[74.21299,19.00498],[74.214,19.00368],[74.21471,19.00214],[74.21458,19.00114],[74.214,19.00037],[74.21335,18.99974],[74.21202,18.99873],[74.21132,18.99806],[74.21087,18.99682],[74.21093,18.99518],[74.21194,18.99428],[74.21299,18.99376],[74.21346,18.99349],[74.21477,18.99313],[74.21582,18.99319],[74.21666,18.99351],[74.21762,18.99424],[74.21844,18.99481],[74.21904,18.99534],[74.21996,18.9956],[74.22095,18.99546],[74.22189,18.99455],[74.22226,18.99301],[74.22368,18.98994],[74.2249,18.98724],[74.22546,18.98507],[74.22535,18.98367],[74.22453,18.98278],[74.22247,18.98089],[74.22159,18.9798],[74.22054,18.97769],[74.22063,18.9756],[74.22065,18.97422],[74.22101,18.97292],[74.22177,18.97186],[74.2223,18.97121],[74.22297,18.97077],[74.22402,18.9703],[74.22582,18.96981],[74.22812,18.96947],[74.22923,18.96872],[74.23033,18.96795],[74.23151,18.96785],[74.23284,18.96799],[74.23378,18.96837],[74.23492,18.96882],[74.23634,18.96874],[74.23683,18.96833],[74.23719,18.96746],[74.23728,18.9664],[74.23689,18.96517],[74.23573,18.9631],[74.23546,18.96123],[74.23606,18.9608],[74.23664,18.96078],[74.23758,18.96066],[74.2382,18.95989],[74.23855,18.959],[74.2387,18.95814],[74.23833,18.95719],[74.23795,18.95652],[74.23734,18.95577],[74.23659,18.95512],[74.23631,18.95427],[74.23681,18.95307],[74.23801,18.95263],[74.23904,18.95275],[74.24022,18.95285],[74.24284,18.95307],[74.24473,18.95295],[74.24565,18.95297],[74.24685,18.95317],[74.2473,18.95376],[74.24833,18.95465],[74.2491,18.95447],[74.24975,18.95362],[74.25039,18.95196],[74.25084,18.94938],[74.25161,18.94639],[74.25189,18.94534],[74.25254,18.94378],[74.25479,18.94132],[74.25805,18.93935],[74.25964,18.9382],[74.2611,18.93684],[74.26193,18.93434],[74.26256,18.93188],[74.26346,18.93079],[74.2647,18.92872],[74.26676,18.92602],[74.26904,18.92313],[74.26966,18.92108],[74.27037,18.91952],[74.27215,18.91828],[74.27429,18.9167],[74.27554,18.91597],[74.27702,18.91575],[74.27869,18.91613],[74.28011,18.91562],[74.2809,18.91317],[74.28133,18.91112],[74.28187,18.90968],[74.28296,18.90811],[74.2862,18.90533],[74.28723,18.90487],[74.28831,18.90456],[74.28949,18.90462],[74.29114,18.90472],[74.2926,18.90456],[74.29376,18.9042],[74.29481,18.90369],[74.29534,18.90253],[74.29513,18.90052],[74.2947,18.89969],[74.29358,18.89825],[74.29352,18.89723],[74.29389,18.89612],[74.29468,18.89427],[74.29455,18.89256],[74.29423,18.89163],[74.29434,18.88994],[74.29541,18.88692],[74.29884,18.88414],[74.29996,18.8832],[74.30101,18.88178],[74.30159,18.88006],[74.30176,18.8775],[74.3017,18.87624],[74.30165,18.87451],[74.30191,18.8734],[74.30225,18.87252],[74.30333,18.87118],[74.30558,18.87013],[74.30738,18.86921],[74.30792,18.8685],[74.30805,18.86722],[74.30794,18.86631],[74.30723,18.86556],[74.30605,18.86481],[74.30554,18.86398],[74.30573,18.86251],[74.30624,18.86089],[74.30665,18.86],[74.30665,18.85821],[74.30657,18.85658],[74.30685,18.85506],[74.31075,18.85175],[74.31401,18.84929],[74.31681,18.84693],[74.31981,18.8444],[74.32131,18.84186],[74.32238,18.84064],[74.32461,18.83896],[74.32708,18.83762],[74.33453,18.83632],[74.33783,18.83646],[74.3395,18.83676],[74.34081,18.83768],[74.34193,18.83886],[74.34262,18.8402],[74.34304,18.84137],[74.34485,18.84347],[74.34605,18.84454],[74.34807,18.84503],[74.34961,18.84487],[74.35148,18.84444],[74.35289,18.84381],[74.35463,18.84286],[74.35558,18.84198],[74.3568,18.84097],[74.35839,18.84012],[74.36158,18.83943],[74.36472,18.83871],[74.36624,18.83823],[74.36959,18.83542],[74.37231,18.83406],[74.3762,18.83278],[74.37959,18.8313],[74.38435,18.83094],[74.38665,18.83183],[74.38787,18.83217],[74.38942,18.83197],[74.38989,18.83191],[74.39186,18.8315],[74.39304,18.83108],[74.39476,18.83018],[74.39866,18.82519],[74.39914,18.82324],[74.39907,18.82198],[74.39725,18.82056],[74.39448,18.81936],[74.39349,18.81761],[74.3924,18.81558],[74.39122,18.81247],[74.38982,18.80963],[74.38789,18.80866],[74.38648,18.8078],[74.38534,18.80652],[74.38459,18.80374],[74.386,18.7988],[74.38686,18.79586],[74.38823,18.79234],[74.38914,18.78934],[74.38911,18.78747],[74.38907,18.78651],[74.38937,18.78519],[74.38984,18.784],[74.39072,18.78245],[74.39409,18.77959],[74.39536,18.77877],[74.39748,18.77798],[74.39886,18.77753],[74.40068,18.77638],[74.40081,18.77538],[74.4001,18.77367],[74.3992,18.7727],[74.39795,18.77154],[74.39675,18.77049],[74.39471,18.76797],[74.39502,18.76551],[74.39624,18.756],[74.39748,18.75025],[74.39864,18.74399],[74.39933,18.74239],[74.40126,18.74259],[74.40283,18.74251],[74.40495,18.74241],[74.40682,18.74239],[74.40999,18.74257],[74.41377,18.74387],[74.41495,18.74531],[74.4163,18.74643],[74.41759,18.74718],[74.41988,18.74791],[74.42231,18.7485],[74.42463,18.74927],[74.42679,18.74952],[74.42857,18.7484],[74.43104,18.7461],[74.4336,18.74328],[74.43707,18.73985],[74.44081,18.73743],[74.44246,18.73533],[74.44314,18.7334],[74.44317,18.73025],[74.44282,18.72658],[74.44284,18.72416],[74.44338,18.72235],[74.44772,18.72123],[74.45226,18.72147],[74.45675,18.72282],[74.46505,18.72552],[74.46917,18.72493],[74.47276,18.72332],[74.47688,18.71995],[74.47922,18.71765],[74.48052,18.7128],[74.48143,18.70759],[74.48168,18.70306],[74.48052,18.69993],[74.47778,18.69652],[74.47514,18.69284],[74.47488,18.69131],[74.47495,18.68924],[74.47563,18.68652],[74.47909,18.68343],[74.48299,18.67891],[74.48591,18.67717],[74.48758,18.67623],[74.48874,18.67613],[74.49016,18.67654],[74.49183,18.67727],[74.49293,18.67798],[74.49421,18.67875],[74.49552,18.67922],[74.49748,18.6794],[74.49902,18.67928],[74.50065,18.67904],[74.50232,18.67865],[74.50396,18.6779],[74.50531,18.67704],[74.50672,18.67538],[74.50752,18.673],[74.50889,18.67086],[74.50938,18.66914],[74.50947,18.66692],[74.50846,18.66452],[74.50514,18.66166],[74.50099,18.6596],[74.49975,18.65838],[74.49771,18.65747],[74.49548,18.65692],[74.49301,18.65645],[74.49052,18.65606],[74.48988,18.65487],[74.48906,18.65385],[74.48803,18.65194],[74.48767,18.6506],[74.48728,18.64917],[74.48698,18.64818],[74.486,18.64728],[74.48512,18.64694],[74.48372,18.64706],[74.48246,18.64755],[74.48055,18.64842],[74.47842,18.64915],[74.47582,18.6495],[74.47334,18.64899],[74.47256,18.64824],[74.47175,18.647],[74.4714,18.64551],[74.47121,18.64383],[74.47153,18.64183],[74.47263,18.63986],[74.4746,18.63712],[74.47746,18.63419],[74.47973,18.63203],[74.48198,18.63053],[74.48323,18.62988],[74.48473,18.62927],[74.48587,18.62886],[74.48994,18.62809],[74.49318,18.62725],[74.49846,18.62536],[74.50134,18.62483],[74.50314,18.62453],[74.50548,18.62364],[74.50644,18.62178],[74.50657,18.61821],[74.50696,18.61621],[74.5078,18.61438],[74.50887,18.61339],[74.51052,18.61298],[74.5108,18.613],[74.51355,18.61343],[74.51505,18.61326],[74.51732,18.61312],[74.51908,18.61339],[74.52187,18.61426],[74.52524,18.61489],[74.52861,18.61593],[74.52988,18.61648],[74.53181,18.61727],[74.53301,18.61774],[74.5343,18.61804],[74.53582,18.61808],[74.53739,18.61796],[74.53953,18.61725],[74.54247,18.61562],[74.54475,18.61457],[74.54679,18.61381],[74.54816,18.61322],[74.54964,18.61206],[74.55118,18.60989],[74.55194,18.60832],[74.55198,18.60708],[74.55114,18.60596],[74.54844,18.60458],[74.54715,18.60381],[74.54522,18.60204],[74.54415,18.60062],[74.54329,18.59846],[74.5434,18.59559],[74.54395,18.59256],[74.54247,18.58819],[74.54131,18.58599],[74.5408,18.58288],[74.54181,18.58093],[74.54271,18.57944],[74.54496,18.57816],[74.54833,18.577],[74.55106,18.57556],[74.55314,18.57354],[74.5538,18.57147],[74.55503,18.56962],[74.55651,18.56738],[74.55773,18.56639],[74.56024,18.56531],[74.56232,18.56234],[74.56436,18.55835],[74.5658,18.55554],[74.56736,18.55459],[74.56966,18.55371],[74.57309,18.55257],[74.57468,18.5518],[74.57638,18.55093],[74.57773,18.5495],[74.57796,18.54867],[74.57775,18.5471],[74.57764,18.54576],[74.57717,18.54462],[74.57588,18.54389],[74.57462,18.54403],[74.57367,18.54446],[74.57228,18.54531],[74.57077,18.54568],[74.56996,18.54547],[74.56927,18.54444],[74.56923,18.54326],[74.56947,18.54228],[74.56994,18.54161],[74.5711,18.54039],[74.57123,18.53827],[74.57095,18.53652],[74.57032,18.53361],[74.56953,18.53172],[74.56734,18.52753],[74.56528,18.52429],[74.56309,18.52324],[74.56185,18.52254],[74.56138,18.521],[74.56086,18.51962],[74.55983,18.51787],[74.55794,18.51685],[74.55541,18.51607],[74.55305,18.51502],[74.55065,18.51371],[74.5482,18.51078],[74.54636,18.50785],[74.54481,18.50997],[74.54327,18.51095],[74.54039,18.5118],[74.53524,18.51123],[74.53215,18.5081],[74.52777,18.50269],[74.52404,18.4998],[74.5173,18.49499],[74.51494,18.49357],[74.5119,18.49308],[74.50919,18.49377],[74.5067,18.49532],[74.5031,18.49878],[74.50301,18.50016],[74.50288,18.50769],[74.50271,18.51347],[74.5025,18.51827],[74.49971,18.52372],[74.49833,18.53113],[74.49799,18.53325],[74.49705,18.53573],[74.49529,18.53793],[74.48992,18.5409],[74.48666,18.54268],[74.48447,18.54387],[74.48005,18.54509],[74.47765,18.54468],[74.47336,18.54248],[74.47173,18.53813],[74.47211,18.53601],[74.47319,18.53451],[74.47383,18.53284],[74.47366,18.53052],[74.47297,18.52828],[74.47198,18.52633],[74.46997,18.52503],[74.46761,18.52429],[74.46409,18.52462],[74.45937,18.52629],[74.45053,18.53349],[74.44714,18.535],[74.44499,18.53544],[74.44048,18.53699],[74.43731,18.5385],[74.43602,18.54037],[74.43521,18.54362],[74.43418,18.54924],[74.43332,18.55591],[74.42718,18.56181],[74.42134,18.56531],[74.41499,18.5684],[74.40817,18.57161],[74.40559,18.573],[74.40096,18.57483],[74.398,18.57491],[74.39482,18.57454],[74.39117,18.57194],[74.38512,18.57104],[74.37817,18.57015],[74.37409,18.5697],[74.36427,18.56624],[74.36019,18.56372],[74.35714,18.56152],[74.35358,18.55977],[74.34968,18.55957],[74.34714,18.56063],[74.3444,18.56226],[74.34341,18.56697],[74.34221,18.56954],[74.34006,18.57165],[74.33689,18.57259],[74.33255,18.5732],[74.32496,18.57572],[74.32178,18.57861],[74.31985,18.58809],[74.31629,18.59431],[74.31264,18.60273],[74.31084,18.62083],[74.31071,18.62359],[74.31122,18.62608],[74.30942,18.62782],[74.30526,18.63014],[74.29762,18.63681],[74.29504,18.63811],[74.29307,18.63754],[74.29062,18.63543],[74.28779,18.63238],[74.28603,18.63047],[74.28341,18.62717],[74.28165,18.62567],[74.27861,18.62469],[74.27509,18.62473],[74.26839,18.62717],[74.26681,18.62868],[74.26578,18.63079],[74.26565,18.63335],[74.26792,18.64002],[74.27045,18.64157],[74.27341,18.64381],[74.2762,18.64616],[74.27929,18.64873],[74.28114,18.65267],[74.28105,18.65832],[74.28131,18.66084],[74.28148,18.66393],[74.28148,18.66649],[74.28037,18.66991],[74.27929,18.67239],[74.27693,18.67341],[74.27436,18.67267],[74.2705,18.66873],[74.26784,18.66682],[74.26578,18.66613],[74.2638,18.6656],[74.26088,18.66576],[74.25822,18.66662],[74.25646,18.66804],[74.25492,18.66674],[74.25234,18.66381],[74.25011,18.66304],[74.24891,18.66405],[74.24634,18.66389],[74.24294,18.66149],[74.23985,18.65487],[74.23595,18.65153],[74.23346,18.65092],[74.22998,18.65068],[74.22526,18.65015],[74.22338,18.64775],[74.2229,18.64572],[74.22432,18.64198],[74.22526,18.64031],[74.22629,18.63787],[74.22599,18.63486],[74.22303,18.63173],[74.2214,18.63104],[74.21784,18.62957],[74.21522,18.62827],[74.21295,18.62388],[74.21187,18.62176],[74.20947,18.61904],[74.20651,18.6177],[74.20256,18.61705],[74.1996,18.61664],[74.19608,18.61721],[74.1923,18.61794],[74.1905,18.61892],[74.18664,18.61908],[74.1808,18.619],[74.17643,18.62054],[74.17231,18.62209],[74.1675,18.62136],[74.16166,18.61615],[74.15849,18.61379],[74.15548,18.60973],[74.15214,18.60395],[74.1481,18.60338],[74.14467,18.60525],[74.13995,18.60802],[74.13488,18.61103],[74.12991,18.61558],[74.12553,18.61892],[74.11875,18.6212],[74.11626,18.62331],[74.11222,18.62559],[74.10673,18.62925],[74.096,18.63323],[74.08896,18.63291],[74.08579,18.62925],[74.08133,18.62559],[74.07746,18.6251],[74.07454,18.62632],[74.07377,18.62843],[74.0724,18.63266],[74.07077,18.63421],[74.06648,18.63722],[74.0603,18.64226],[74.05635,18.64722],[74.05292,18.65178],[74.05086,18.65446],[74.04871,18.65674],[74.04502,18.65934],[74.04099,18.66048],[74.03352,18.66235],[74.02605,18.66324],[74.01657,18.66401],[74.01245,18.66414],[74.00858,18.66462],[74.00498,18.66576],[73.99957,18.66889],[73.997,18.67308],[73.99901,18.67593],[74.00245,18.67853],[74.00253,18.68129],[74.00004,18.68446],[73.99803,18.68792],[73.99786,18.69007],[74.0012,18.69276],[74.00451,18.69398],[74.00751,18.69324],[74.01146,18.69182],[74.01451,18.69129],[74.01841,18.69093],[74.02124,18.69255],[74.02682,18.69942],[74.03064,18.7143],[74.03369,18.72613],[74.03476,18.73531],[74.03378,18.7408],[74.03493,18.74568],[74.03605,18.74747],[74.03652,18.74893],[74.03317,18.75019],[74.02923,18.75259],[74.02747,18.75433],[74.02549,18.75669],[74.02339,18.75933],[74.02356,18.76287],[74.0197,18.76579],[74.01652,18.76721],[74.01296,18.76843],[74.01099,18.76933],[74.00966,18.77172],[74.00996,18.77579],[74.00794,18.78022],[74.00609,18.7846],[74.00361,18.78733],[74.0015,18.78879],[73.99957,18.79184],[74.00095,18.79777],[73.99923,18.79996],[73.99743,18.80126],[73.99635,18.80321],[73.99798,18.80569],[74.00039,18.80748],[74.00309,18.80788],[74.0067,18.80654],[74.0097,18.80626],[74.01223,18.80626],[74.01463,18.80638],[74.01627,18.80695],[74.01966,18.81142],[74.02142,18.81292],[74.02382,18.81398],[74.03356,18.81357],[74.03399,18.82417],[74.03536,18.83148],[74.03463,18.83888],[74.0336,18.84164],[74.03073,18.84334],[74.0273,18.84395],[74.02395,18.84452],[74.02137,18.84493],[74.02043,18.84558],[74.02112,18.85057],[74.02262,18.8539],[74.02425,18.855],[74.02785,18.85468],[74.02991,18.85545],[74.0309,18.85614],[74.03519,18.86117],[74.03957,18.86982],[74.04309,18.87303],[74.0439,18.8801],[74.04433,18.88501]]]}},{"id":"18","type":"Feature","properties":{"osm_id":10351620,"name":"Daund","admin_level":"6","osm_boundary_type":"boundary"},"geometry":{"type":"Polygon","coordinates":[[[74.19608,18.61721],[74.1996,18.61664],[74.20256,18.61705],[74.20651,18.6177],[74.20947,18.61904],[74.21187,18.62176],[74.21295,18.62388],[74.21522,18.62827],[74.21784,18.62957],[74.2214,18.63104],[74.22303,18.63173],[74.22599,18.63486],[74.22629,18.63787],[74.22526,18.64031],[74.22432,18.64198],[74.2229,18.64572],[74.22338,18.64775],[74.22526,18.65015],[74.22998,18.65068],[74.23346,18.65092],[74.23595,18.65153],[74.23985,18.65487],[74.24294,18.66149],[74.24634,18.66389],[74.24891,18.66405],[74.25011,18.66304],[74.25234,18.66381],[74.25492,18.66674],[74.25646,18.66804],[74.25822,18.66662],[74.26088,18.66576],[74.2638,18.6656],[74.26578,18.66613],[74.26784,18.66682],[74.2705,18.66873],[74.27436,18.67267],[74.27693,18.67341],[74.27929,18.67239],[74.28037,18.66991],[74.28148,18.66649],[74.28148,18.66393],[74.28131,18.66084],[74.28105,18.65832],[74.28114,18.65267],[74.27929,18.64873],[74.2762,18.64616],[74.27341,18.64381],[74.27045,18.64157],[74.26792,18.64002],[74.26565,18.63335],[74.26578,18.63079],[74.26681,18.62868],[74.26839,18.62717],[74.27509,18.62473],[74.27861,18.62469],[74.28165,18.62567],[74.28341,18.62717],[74.28603,18.63047],[74.28779,18.63238],[74.29062,18.63543],[74.29307,18.63754],[74.29504,18.63811],[74.29762,18.63681],[74.30526,18.63014],[74.30942,18.62782],[74.31122,18.62608],[74.31071,18.62359],[74.31084,18.62083],[74.31264,18.60273],[74.31629,18.59431],[74.31985,18.58809],[74.32178,18.57861],[74.32496,18.57572],[74.33255,18.5732],[74.33689,18.57259],[74.34006,18.57165],[74.34221,18.56954],[74.34341,18.56697],[74.3444,18.56226],[74.34714,18.56063],[74.34968,18.55957],[74.35358,18.55977],[74.35714,18.56152],[74.36019,18.56372],[74.36427,18.56624],[74.37409,18.5697],[74.37817,18.57015],[74.38512,18.57104],[74.39117,18.57194],[74.39482,18.57454],[74.398,18.57491],[74.40096,18.57483],[74.40559,18.573],[74.40817,18.57161],[74.41499,18.5684],[74.42134,18.56531],[74.42718,18.56181],[74.43332,18.55591],[74.43418,18.54924],[74.43521,18.54362],[74.43602,18.54037],[74.43731,18.5385],[74.44048,18.53699],[74.44499,18.53544],[74.44714,18.535],[74.45053,18.53349],[74.45937,18.52629],[74.46409,18.52462],[74.46761,18.52429],[74.46997,18.52503],[74.47198,18.52633],[74.47297,18.52828],[74.47366,18.53052],[74.47383,18.53284],[74.47319,18.53451],[74.47211,18.53601],[74.47173,18.53813],[74.47336,18.54248],[74.47765,18.54468],[74.48005,18.54509],[74.48447,18.54387],[74.48666,18.54268],[74.48992,18.5409],[74.49529,18.53793],[74.49705,18.53573],[74.49799,18.53325],[74.49833,18.53113],[74.49971,18.52372],[74.5025,18.51827],[74.50271,18.51347],[74.50288,18.50769],[74.50301,18.50016],[74.5031,18.49878],[74.5067,18.49532],[74.50919,18.49377],[74.5119,18.49308],[74.51494,18.49357],[74.5173,18.49499],[74.52404,18.4998],[74.52777,18.50269],[74.53215,18.5081],[74.53524,18.51123],[74.54039,18.5118],[74.54327,18.51095],[74.54481,18.50997],[74.54636,18.50785],[74.54803,18.50558],[74.55142,18.50069],[74.55494,18.4954],[74.55992,18.49129],[74.56344,18.48897],[74.56884,18.4862],[74.57176,18.48335],[74.57592,18.47851],[74.57695,18.477],[74.57919,18.47354],[74.58189,18.47224],[74.58532,18.47098],[74.58914,18.47102],[74.59322,18.47102],[74.60034,18.46935],[74.60506,18.46935],[74.61064,18.46894],[74.61532,18.46801],[74.61828,18.46679],[74.6206,18.46369],[74.62403,18.46003],[74.62781,18.45641],[74.63163,18.45368],[74.63506,18.45173],[74.6397,18.45022],[74.64322,18.44969],[74.64656,18.44969],[74.65034,18.45087],[74.65347,18.45433],[74.65755,18.45669],[74.66034,18.45771],[74.6639,18.45836],[74.66635,18.45832],[74.66884,18.45852],[74.67098,18.45913],[74.67257,18.46023],[74.67407,18.46227],[74.67446,18.46483],[74.6736,18.46675],[74.6721,18.46809],[74.66969,18.46886],[74.66673,18.46886],[74.66399,18.46846],[74.66055,18.47017],[74.65635,18.47395],[74.65562,18.4755],[74.65558,18.47749],[74.65588,18.47989],[74.65665,18.48352],[74.65755,18.48641],[74.66064,18.49096],[74.66184,18.49153],[74.66442,18.49292],[74.66871,18.49418],[74.67369,18.49377],[74.67918,18.49544],[74.68381,18.49727],[74.68669,18.49915],[74.68948,18.50102],[74.69201,18.5033],[74.69544,18.50496],[74.69974,18.50651],[74.70154,18.50639],[74.70501,18.50562],[74.70785,18.50419],[74.71008,18.50171],[74.71252,18.4989],[74.71703,18.49516],[74.71834,18.49359],[74.72239,18.48877],[74.72467,18.48649],[74.72737,18.48417],[74.72772,18.48164],[74.72647,18.47704],[74.72561,18.4711],[74.72493,18.46573],[74.72351,18.45942],[74.72342,18.44985],[74.72287,18.44448],[74.72141,18.44094],[74.71789,18.43601],[74.71673,18.4299],[74.71673,18.42693],[74.71729,18.42351],[74.71896,18.42078],[74.72089,18.41895],[74.72334,18.41692],[74.72703,18.41325],[74.7278,18.40906],[74.72827,18.40531],[74.72909,18.40222],[74.73188,18.39985],[74.73475,18.39871],[74.73832,18.3977],[74.74235,18.39696],[74.74917,18.39668],[74.75231,18.39713],[74.75462,18.39778],[74.75716,18.39945],[74.76025,18.40213],[74.76527,18.40584],[74.7711,18.40808],[74.77522,18.40946],[74.77861,18.40983],[74.78278,18.4071],[74.78793,18.40454],[74.79376,18.40193],[74.79711,18.39729],[74.79848,18.39428],[74.79981,18.39142],[74.80192,18.38971],[74.80629,18.38686],[74.80917,18.38422],[74.80878,18.38043],[74.80522,18.37399],[74.80072,18.36617],[74.79557,18.36035],[74.79466,18.35803],[74.79406,18.35644],[74.79406,18.35453],[74.79501,18.35281],[74.79797,18.35049],[74.79986,18.34878],[74.80205,18.34658],[74.80617,18.34471],[74.80913,18.34324],[74.81269,18.34182],[74.81724,18.341],[74.82247,18.34055],[74.82629,18.3397],[74.82989,18.33808],[74.83217,18.3351],[74.83183,18.33253],[74.83071,18.3267],[74.83749,18.31831],[74.84088,18.31448],[74.84286,18.31281],[74.84612,18.31016],[74.84736,18.30719],[74.84741,18.30385],[74.84423,18.29957],[74.84093,18.29631],[74.83758,18.2946],[74.83505,18.29358],[74.82878,18.29439],[74.82453,18.29558],[74.8193,18.29745],[74.81565,18.29908],[74.81132,18.30042],[74.80569,18.30197],[74.80388,18.3016],[74.80389,18.30584],[74.80432,18.31248],[74.80338,18.3245],[74.80256,18.32548],[74.80084,18.32609],[74.79891,18.32658],[74.79677,18.32699],[74.79282,18.32748],[74.7896,18.32788],[74.78548,18.32813],[74.7793,18.32911],[74.77454,18.32984],[74.77072,18.33008],[74.76694,18.33045],[74.76342,18.33102],[74.75995,18.33045],[74.75934,18.32784],[74.75849,18.32499],[74.75677,18.32133],[74.75321,18.31725],[74.75076,18.31277],[74.74973,18.30996],[74.74887,18.3076],[74.74849,18.30507],[74.74613,18.30544],[74.7393,18.30641],[74.73278,18.30711],[74.72574,18.30696],[74.7201,18.30713],[74.71424,18.30711],[74.70909,18.30914],[74.70489,18.31037],[74.70068,18.3113],[74.69253,18.31183],[74.67309,18.30902],[74.66871,18.3098],[74.66515,18.31037],[74.66081,18.31175],[74.65699,18.3131],[74.64867,18.31306],[74.64051,18.3122],[74.63283,18.31037],[74.62584,18.30662],[74.62558,18.31884],[74.62515,18.32744],[74.62287,18.33188],[74.61918,18.33681],[74.61914,18.33807],[74.62017,18.33954],[74.62129,18.34121],[74.61944,18.34275],[74.61704,18.34284],[74.61536,18.34304],[74.61073,18.34711],[74.60249,18.35139],[74.59476,18.35481],[74.59125,18.35607],[74.5861,18.35685],[74.58442,18.35391],[74.58138,18.35237],[74.57974,18.35143],[74.57687,18.35098],[74.57635,18.34972],[74.57477,18.34776],[74.57241,18.3463],[74.56781,18.34361],[74.56348,18.34157],[74.55678,18.33774],[74.55309,18.3366],[74.54837,18.33611],[74.54515,18.33538],[74.53756,18.33302],[74.53005,18.3289],[74.52863,18.32658],[74.52468,18.32361],[74.5231,18.32369],[74.52056,18.32483],[74.51722,18.32646],[74.51383,18.32752],[74.51009,18.32801],[74.504,18.32756],[74.49855,18.32626],[74.49683,18.32471],[74.49378,18.32532],[74.49194,18.32626],[74.48851,18.32752],[74.48486,18.32898],[74.48112,18.33013],[74.47688,18.33037],[74.47297,18.33057],[74.4728,18.33359],[74.47323,18.33705],[74.471,18.33949],[74.46808,18.34002],[74.46533,18.34047],[74.46241,18.34096],[74.45786,18.34153],[74.45542,18.34178],[74.45409,18.34324],[74.45357,18.34719],[74.45211,18.34915],[74.44902,18.34972],[74.44366,18.34976],[74.44387,18.35281],[74.44387,18.35453],[74.44357,18.3584],[74.4434,18.36051],[74.44078,18.36027],[74.43812,18.35852],[74.43297,18.35827],[74.43057,18.35872],[74.42915,18.36015],[74.42714,18.36218],[74.42533,18.36487],[74.42297,18.36569],[74.42036,18.36414],[74.41714,18.36243],[74.4113,18.36283],[74.40971,18.36129],[74.40774,18.35998],[74.40619,18.36035],[74.40529,18.36153],[74.40259,18.36165],[74.40053,18.35994],[74.39868,18.3586],[74.39598,18.35848],[74.39293,18.35713],[74.38976,18.35583],[74.38628,18.3544],[74.37997,18.35697],[74.37542,18.35648],[74.37495,18.35856],[74.37457,18.36006],[74.37315,18.36169],[74.37066,18.36434],[74.37045,18.36536],[74.37066,18.36679],[74.3707,18.3687],[74.36972,18.37021],[74.36877,18.37241],[74.3701,18.37554],[74.37036,18.3779],[74.36997,18.37953],[74.36907,18.38039],[74.36753,18.38084],[74.36628,18.38071],[74.36577,18.38145],[74.36585,18.38316],[74.36525,18.38487],[74.36457,18.38642],[74.36186,18.39],[74.35899,18.39309],[74.3556,18.39318],[74.35324,18.39318],[74.35101,18.39257],[74.34843,18.38992],[74.34667,18.38747],[74.34453,18.38568],[74.34259,18.38601],[74.33938,18.38642],[74.33792,18.38511],[74.33277,18.38157],[74.32942,18.38018],[74.32706,18.37929],[74.3244,18.3788],[74.32002,18.37909],[74.31684,18.37839],[74.31337,18.37729],[74.31088,18.37811],[74.30697,18.3788],[74.30672,18.3823],[74.30594,18.38466],[74.30466,18.38719],[74.30191,18.38939],[74.29925,18.39224],[74.29779,18.39574],[74.29307,18.39745],[74.29101,18.4012],[74.29273,18.40641],[74.29762,18.41293],[74.30019,18.42066],[74.30234,18.42433],[74.30294,18.42783],[74.29899,18.43108],[74.29556,18.43125],[74.29298,18.43231],[74.29135,18.43426],[74.28766,18.43385],[74.28423,18.4341],[74.28165,18.4363],[74.27977,18.44012],[74.27865,18.44419],[74.27736,18.44517],[74.27513,18.44248],[74.27444,18.44314],[74.27264,18.44517],[74.26955,18.44411],[74.26629,18.44045],[74.26483,18.43695],[74.26406,18.4345],[74.2602,18.43174],[74.25857,18.43304],[74.25608,18.43687],[74.2529,18.43255],[74.25324,18.43516],[74.24947,18.4363],[74.24509,18.43678],[74.24071,18.43744],[74.23874,18.43532],[74.23582,18.43499],[74.2323,18.43491],[74.22767,18.4345],[74.22295,18.43393],[74.21411,18.43279],[74.20484,18.43271],[74.19737,18.43239],[74.19642,18.43011],[74.18329,18.42823],[74.18063,18.4297],[74.17531,18.4332],[74.16982,18.43442],[74.16561,18.43263],[74.16038,18.42994],[74.1578,18.42848],[74.15171,18.42416],[74.1433,18.42066],[74.14372,18.44501],[74.1439,18.4538],[74.14158,18.46113],[74.14158,18.47033],[74.14536,18.47008],[74.14879,18.47082],[74.1499,18.47318],[74.15093,18.47717],[74.15222,18.4823],[74.15325,18.48498],[74.15291,18.49133],[74.15334,18.49442],[74.15754,18.49613],[74.16115,18.49605],[74.16698,18.49548],[74.17136,18.49467],[74.17394,18.49402],[74.1772,18.49532],[74.17763,18.49776],[74.17849,18.50362],[74.18029,18.51388],[74.17969,18.51778],[74.17952,18.51933],[74.18072,18.52128],[74.18252,18.52503],[74.18372,18.52812],[74.18235,18.53178],[74.17952,18.53365],[74.1754,18.53577],[74.17162,18.53837],[74.17162,18.54106],[74.17076,18.55449],[74.17136,18.56116],[74.17128,18.56986],[74.16939,18.57963],[74.17394,18.58402],[74.179,18.58565],[74.18115,18.5867],[74.18338,18.58841],[74.18827,18.59159],[74.19188,18.59549],[74.19351,18.59818],[74.19454,18.6011],[74.19531,18.60615],[74.19591,18.61225],[74.19608,18.61721]]]}},{"id":"19","type":"Feature","properties":{"osm_id":10351621,"name":"Baramati","admin_level":"6","osm_boundary_type":"boundary"},"geometry":{"type":"Polygon","coordinates":[[[74.21709,18.09679],[74.21885,18.09687],[74.22123,18.09717],[74.22235,18.09785],[74.22432,18.0988],[74.23054,18.09962],[74.23359,18.10019],[74.23497,18.10005],[74.23759,18.09928],[74.24116,18.09842],[74.2441,18.09699],[74.24638,18.0945],[74.24741,18.09258],[74.24831,18.09114],[74.24915,18.09034],[74.25061,18.08918],[74.25288,18.0872],[74.25395,18.08642],[74.25848,18.08463],[74.26206,18.08126],[74.26479,18.07971],[74.26869,18.07879],[74.27063,18.07808],[74.27294,18.07737],[74.27702,18.07571],[74.28035,18.07486],[74.28273,18.07467],[74.28519,18.07529],[74.28745,18.07512],[74.29005,18.07468],[74.29328,18.07433],[74.29571,18.07372],[74.297,18.07231],[74.29753,18.07104],[74.29818,18.06962],[74.29901,18.06862],[74.30058,18.06774],[74.30176,18.06749],[74.30322,18.06749],[74.3044,18.06768],[74.30631,18.06847],[74.30944,18.07129],[74.31094,18.07206],[74.31255,18.07231],[74.31453,18.07247],[74.31665,18.07231],[74.31854,18.07219],[74.31959,18.07268],[74.32094,18.07463],[74.32358,18.07941],[74.32534,18.08296],[74.32663,18.085],[74.32822,18.0863],[74.33079,18.08777],[74.33305,18.08857],[74.33463,18.08869],[74.33708,18.08877],[74.3389,18.08928],[74.34088,18.09054],[74.34193,18.09146],[74.34453,18.09287],[74.34781,18.09426],[74.35128,18.09628],[74.35315,18.09703],[74.35613,18.09674],[74.35751,18.09613],[74.35845,18.09536],[74.35989,18.09426],[74.3607,18.09307],[74.36103,18.09158],[74.36178,18.08877],[74.36207,18.08756],[74.36223,18.0871],[74.36253,18.08669],[74.36304,18.08641],[74.36477,18.08596],[74.36624,18.08557],[74.36736,18.08514],[74.36795,18.08486],[74.36873,18.08439],[74.36919,18.08384],[74.36961,18.08319],[74.37056,18.08097],[74.37231,18.07819],[74.37408,18.07493],[74.37516,18.07376],[74.37595,18.07312],[74.37806,18.07177],[74.3809,18.07017],[74.38249,18.06974],[74.38365,18.06952],[74.38538,18.06952],[74.38606,18.06969],[74.38733,18.07102],[74.38933,18.07225],[74.39103,18.073],[74.39315,18.07333],[74.39432,18.07334],[74.39535,18.07303],[74.39606,18.07287],[74.40216,18.07031],[74.40482,18.0699],[74.4074,18.07059],[74.4095,18.07088],[74.4128,18.07092],[74.41701,18.06913],[74.42061,18.06749],[74.42306,18.06709],[74.42787,18.06627],[74.43671,18.06468],[74.44048,18.06186],[74.4422,18.06015],[74.4431,18.05897],[74.44396,18.05754],[74.44563,18.05656],[74.44752,18.05595],[74.44962,18.05513],[74.45151,18.05395],[74.45237,18.05293],[74.45332,18.05183],[74.45396,18.05019],[74.45469,18.04909],[74.45619,18.04779],[74.45769,18.04705],[74.4592,18.04656],[74.4616,18.04636],[74.46379,18.04648],[74.46634,18.04713],[74.47143,18.04824],[74.4751,18.04924],[74.47829,18.05119],[74.48007,18.05262],[74.48246,18.05411],[74.4866,18.05625],[74.48818,18.05687],[74.49029,18.05701],[74.49185,18.05701],[74.49327,18.05707],[74.49488,18.0575],[74.49664,18.05856],[74.4984,18.05966],[74.50037,18.06015],[74.50368,18.06046],[74.50541,18.06046],[74.50844,18.05909],[74.5105,18.05933],[74.51245,18.06013],[74.51432,18.06066],[74.51601,18.06088],[74.51829,18.0607],[74.52099,18.06003],[74.52576,18.05872],[74.52971,18.05786],[74.53119,18.05766],[74.53333,18.05803],[74.53546,18.05878],[74.5396,18.06035],[74.54254,18.06186],[74.54408,18.06396],[74.54513,18.06574],[74.54633,18.06778],[74.54739,18.06868],[74.54966,18.06925],[74.55417,18.06998],[74.55644,18.07025],[74.56009,18.06933],[74.56241,18.06774],[74.56414,18.06515],[74.56554,18.06307],[74.56702,18.05919],[74.5685,18.05631],[74.56966,18.05527],[74.57142,18.0546],[74.57303,18.05454],[74.57498,18.05468],[74.57655,18.05456],[74.57891,18.05342],[74.57942,18.05236],[74.57964,18.05123],[74.57964,18.04875],[74.57983,18.04817],[74.58071,18.04742],[74.58131,18.04709],[74.58206,18.04666],[74.58298,18.0465],[74.58406,18.04654],[74.58474,18.04677],[74.58534,18.04754],[74.58569,18.04905],[74.5856,18.05042],[74.58582,18.05177],[74.58637,18.05289],[74.58743,18.05436],[74.58931,18.05552],[74.59086,18.05591],[74.59322,18.05558],[74.59446,18.05511],[74.59642,18.05411],[74.59781,18.05299],[74.59972,18.05177],[74.60172,18.05068],[74.60414,18.0483],[74.60549,18.04738],[74.6077,18.04666],[74.60929,18.04662],[74.6115,18.04699],[74.61303,18.0474],[74.61478,18.04779],[74.61721,18.04834],[74.61968,18.04875],[74.62214,18.05005],[74.62468,18.05248],[74.62532,18.05434],[74.62607,18.0558],[74.62712,18.05664],[74.62886,18.05682],[74.63017,18.05638],[74.63225,18.05491],[74.63324,18.05403],[74.63418,18.05299],[74.63506,18.05197],[74.63577,18.05089],[74.63609,18.04964],[74.63614,18.04854],[74.63622,18.04709],[74.63656,18.04601],[74.63704,18.0453],[74.63759,18.04481],[74.63899,18.04424],[74.63972,18.0442],[74.64137,18.04446],[74.64268,18.04583],[74.64362,18.04711],[74.64427,18.04893],[74.6453,18.04995],[74.64631,18.0506],[74.64777,18.05126],[74.64929,18.05217],[74.65043,18.05413],[74.65161,18.05646],[74.65307,18.05854],[74.65377,18.06156],[74.65358,18.06401],[74.65326,18.06568],[74.65343,18.06696],[74.65422,18.06792],[74.65678,18.06902],[74.66004,18.0696],[74.66154,18.06976],[74.66382,18.06994],[74.66506,18.06978],[74.66618,18.06927],[74.66657,18.06884],[74.66785,18.07096],[74.66836,18.07276],[74.66798,18.07435],[74.66708,18.07688],[74.66888,18.07965],[74.67296,18.08863],[74.67527,18.09373],[74.67815,18.09707],[74.68124,18.1027],[74.68386,18.10702],[74.68429,18.11322],[74.6842,18.11946],[74.67948,18.12497],[74.68012,18.13602],[74.67905,18.13806],[74.6736,18.14259],[74.67047,18.15119],[74.66424,18.16008],[74.66266,18.16775],[74.66274,18.17113],[74.66343,18.1821],[74.66626,18.18838],[74.66811,18.19124],[74.66824,18.19344],[74.6654,18.19613],[74.66304,18.19845],[74.65712,18.20351],[74.65699,18.2146],[74.65867,18.23143],[74.66008,18.24072],[74.66098,18.24741],[74.66249,18.25173],[74.66377,18.258],[74.66635,18.26224],[74.66794,18.26338],[74.66991,18.26444],[74.67154,18.26603],[74.6724,18.26884],[74.67175,18.27158],[74.67236,18.27378],[74.67493,18.27475],[74.67716,18.27524],[74.68051,18.2761],[74.68699,18.27663],[74.69004,18.27712],[74.69351,18.27765],[74.69596,18.27773],[74.69896,18.27748],[74.70154,18.27687],[74.70364,18.27622],[74.70742,18.27573],[74.71261,18.27585],[74.71364,18.28551],[74.7133,18.30014],[74.71424,18.30711],[74.70909,18.30914],[74.70489,18.31037],[74.70068,18.3113],[74.69253,18.31183],[74.67309,18.30902],[74.66871,18.3098],[74.66515,18.31037],[74.66081,18.31175],[74.65699,18.3131],[74.64867,18.31306],[74.64051,18.3122],[74.63283,18.31037],[74.62584,18.30662],[74.62558,18.31884],[74.62515,18.32744],[74.62287,18.33188],[74.61918,18.33681],[74.61914,18.33807],[74.62017,18.33954],[74.62129,18.34121],[74.61944,18.34275],[74.61704,18.34284],[74.61536,18.34304],[74.61073,18.34711],[74.60249,18.35139],[74.59476,18.35481],[74.59125,18.35607],[74.5861,18.35685],[74.58442,18.35391],[74.58138,18.35237],[74.57974,18.35143],[74.57687,18.35098],[74.57635,18.34972],[74.57477,18.34776],[74.57241,18.3463],[74.56781,18.34361],[74.56348,18.34157],[74.55678,18.33774],[74.55309,18.3366],[74.54837,18.33611],[74.54515,18.33538],[74.53756,18.33302],[74.53005,18.3289],[74.52863,18.32658],[74.52468,18.32361],[74.5231,18.32369],[74.52056,18.32483],[74.51722,18.32646],[74.51383,18.32752],[74.51009,18.32801],[74.504,18.32756],[74.49855,18.32626],[74.49683,18.32471],[74.49378,18.32532],[74.49194,18.32626],[74.48851,18.32752],[74.48486,18.32898],[74.48112,18.33013],[74.47688,18.33037],[74.47297,18.33057],[74.4728,18.33359],[74.47323,18.33705],[74.471,18.33949],[74.46808,18.34002],[74.46533,18.34047],[74.46241,18.34096],[74.45786,18.34153],[74.45542,18.34178],[74.45409,18.34324],[74.45357,18.34719],[74.45211,18.34915],[74.44902,18.34972],[74.44366,18.34976],[74.44387,18.35281],[74.44387,18.35453],[74.44357,18.3584],[74.4434,18.36051],[74.44078,18.36027],[74.43812,18.35852],[74.43297,18.35827],[74.43057,18.35872],[74.42915,18.36015],[74.42714,18.36218],[74.42533,18.36487],[74.42297,18.36569],[74.42036,18.36414],[74.41714,18.36243],[74.4113,18.36283],[74.40971,18.36129],[74.40774,18.35998],[74.40619,18.36035],[74.40529,18.36153],[74.40259,18.36165],[74.40053,18.35994],[74.39868,18.3586],[74.39598,18.35848],[74.39293,18.35713],[74.38976,18.35583],[74.38628,18.3544],[74.37997,18.35697],[74.37542,18.35648],[74.37495,18.35856],[74.37457,18.36006],[74.37315,18.36169],[74.37066,18.36434],[74.37045,18.36536],[74.37066,18.36679],[74.3707,18.3687],[74.36972,18.37021],[74.36877,18.37241],[74.3701,18.37554],[74.37036,18.3779],[74.36997,18.37953],[74.36907,18.38039],[74.36753,18.38084],[74.36628,18.38071],[74.36577,18.38145],[74.36585,18.38316],[74.36525,18.38487],[74.36457,18.38642],[74.36186,18.39],[74.35899,18.39309],[74.3556,18.39318],[74.35324,18.39318],[74.35101,18.39257],[74.34843,18.38992],[74.34667,18.38747],[74.34453,18.38568],[74.34259,18.38601],[74.33938,18.38642],[74.33792,18.38511],[74.33277,18.38157],[74.32942,18.38018],[74.32706,18.37929],[74.3244,18.3788],[74.32002,18.37909],[74.31684,18.37839],[74.31337,18.37729],[74.31088,18.37811],[74.30697,18.3788],[74.30697,18.37228],[74.31024,18.3573],[74.30981,18.34923],[74.30929,18.34475],[74.30586,18.33766],[74.30071,18.33644],[74.29582,18.33636],[74.29135,18.33587],[74.28706,18.33579],[74.27925,18.3331],[74.27676,18.32935],[74.27556,18.32088],[74.2741,18.31648],[74.27359,18.31273],[74.27213,18.30784],[74.27058,18.30523],[74.26595,18.30393],[74.26509,18.28682],[74.26406,18.27899],[74.26243,18.26889],[74.25891,18.26196],[74.25127,18.25381],[74.24715,18.24818],[74.24509,18.24533],[74.24509,18.24329],[74.24715,18.24174],[74.24852,18.23938],[74.24852,18.23661],[74.24672,18.22951],[74.24646,18.22642],[74.24861,18.22316],[74.24938,18.22104],[74.24921,18.21867],[74.24835,18.21566],[74.24603,18.20318],[74.24732,18.19894],[74.24827,18.1956],[74.25101,18.19225],[74.24672,18.18516],[74.24921,18.181],[74.2505,18.1766],[74.2505,18.17383],[74.2505,18.16779],[74.24698,18.16331],[74.24646,18.15964],[74.24629,18.15499],[74.24054,18.15001],[74.23599,18.14381],[74.2317,18.14259],[74.22835,18.14006],[74.22647,18.13843],[74.22243,18.13647],[74.21908,18.13696],[74.21608,18.13778],[74.21342,18.13802],[74.21119,18.13794],[74.21084,18.13615],[74.21222,18.13476],[74.21548,18.13435],[74.21762,18.13509],[74.21926,18.13492],[74.22089,18.13337],[74.22183,18.13109],[74.22157,18.12725],[74.21865,18.11934],[74.21737,18.11176],[74.21754,18.10605],[74.21709,18.09679]]]}},{"id":"20","type":"Feature","properties":{"osm_id":10351622,"name":"Purandhar","admin_level":"6","osm_boundary_type":"boundary"},"geometry":{"type":"Polygon","coordinates":[[[74.1433,18.42066],[74.15171,18.42416],[74.1578,18.42848],[74.16038,18.42994],[74.16561,18.43263],[74.16982,18.43442],[74.17531,18.4332],[74.18063,18.4297],[74.18329,18.42823],[74.19642,18.43011],[74.19737,18.43239],[74.20484,18.43271],[74.21411,18.43279],[74.22295,18.43393],[74.22767,18.4345],[74.2323,18.43491],[74.23582,18.43499],[74.23874,18.43532],[74.24071,18.43744],[74.24509,18.43678],[74.24947,18.4363],[74.25324,18.43516],[74.2529,18.43255],[74.25608,18.43687],[74.25857,18.43304],[74.2602,18.43174],[74.26406,18.4345],[74.26483,18.43695],[74.26629,18.44045],[74.26955,18.44411],[74.27264,18.44517],[74.27444,18.44314],[74.27513,18.44248],[74.27736,18.44517],[74.27865,18.44419],[74.27977,18.44012],[74.28165,18.4363],[74.28423,18.4341],[74.28766,18.43385],[74.29135,18.43426],[74.29298,18.43231],[74.29556,18.43125],[74.29899,18.43108],[74.30294,18.42783],[74.30234,18.42433],[74.30019,18.42066],[74.29762,18.41293],[74.29273,18.40641],[74.29101,18.4012],[74.29307,18.39745],[74.29779,18.39574],[74.29925,18.39224],[74.30191,18.38939],[74.30466,18.38719],[74.30594,18.38466],[74.30672,18.3823],[74.30697,18.3788],[74.30697,18.37228],[74.31024,18.3573],[74.30981,18.34923],[74.30929,18.34475],[74.30586,18.33766],[74.30071,18.33644],[74.29582,18.33636],[74.29135,18.33587],[74.28706,18.33579],[74.27925,18.3331],[74.27676,18.32935],[74.27556,18.32088],[74.2741,18.31648],[74.27359,18.31273],[74.27213,18.30784],[74.27058,18.30523],[74.26595,18.30393],[74.26509,18.28682],[74.26406,18.27899],[74.26243,18.26889],[74.25891,18.26196],[74.25127,18.25381],[74.24715,18.24818],[74.24509,18.24533],[74.24509,18.24329],[74.24715,18.24174],[74.24852,18.23938],[74.24852,18.23661],[74.24672,18.22951],[74.24646,18.22642],[74.24861,18.22316],[74.24938,18.22104],[74.24921,18.21867],[74.24835,18.21566],[74.24603,18.20318],[74.24732,18.19894],[74.24827,18.1956],[74.25101,18.19225],[74.24672,18.18516],[74.24921,18.181],[74.2505,18.1766],[74.2505,18.17383],[74.2505,18.16779],[74.24698,18.16331],[74.24646,18.15964],[74.24629,18.15499],[74.24054,18.15001],[74.23599,18.14381],[74.2317,18.14259],[74.22835,18.14006],[74.22647,18.13843],[74.22243,18.13647],[74.21908,18.13696],[74.21608,18.13778],[74.21342,18.13802],[74.21119,18.13794],[74.21084,18.13615],[74.21222,18.13476],[74.21548,18.13435],[74.21762,18.13509],[74.21926,18.13492],[74.22089,18.13337],[74.22183,18.13109],[74.22157,18.12725],[74.21865,18.11934],[74.21737,18.11176],[74.21754,18.10605],[74.21709,18.09679],[74.2164,18.09676],[74.21501,18.09693],[74.2134,18.09719],[74.21093,18.09746],[74.20851,18.09762],[74.20767,18.0986],[74.20696,18.0996],[74.20614,18.10072],[74.2055,18.1018],[74.20475,18.10252],[74.20368,18.10319],[74.20198,18.1037],[74.20059,18.10411],[74.19936,18.10411],[74.19818,18.10413],[74.19529,18.10531],[74.19351,18.10647],[74.19273,18.10741],[74.1919,18.10855],[74.19027,18.11021],[74.189,18.11102],[74.18707,18.112],[74.18437,18.11255],[74.18168,18.11161],[74.17713,18.10961],[74.17464,18.10947],[74.17241,18.109],[74.171,18.10843],[74.16838,18.10751],[74.16728,18.10723],[74.16587,18.1069],[74.16499,18.10692],[74.16368,18.10751],[74.16241,18.10804],[74.161,18.10878],[74.15917,18.10984],[74.15763,18.11112],[74.15587,18.11331],[74.15231,18.11863],[74.15115,18.12034],[74.14967,18.12128],[74.14808,18.12175],[74.14525,18.12144],[74.1434,18.12089],[74.14196,18.12008],[74.14029,18.11859],[74.13885,18.11753],[74.13604,18.11755],[74.13456,18.11881],[74.13362,18.12012],[74.13143,18.12224],[74.13057,18.12324],[74.12855,18.12554],[74.12501,18.1288],[74.12358,18.1304],[74.12203,18.1319],[74.12029,18.13274],[74.1181,18.13288],[74.11596,18.13237],[74.11274,18.13072],[74.10875,18.12687],[74.10534,18.12485],[74.1019,18.12316],[74.09871,18.12275],[74.09315,18.12267],[74.08965,18.12295],[74.08381,18.12316],[74.08047,18.12293],[74.07826,18.12275],[74.07547,18.12309],[74.07523,18.12418],[74.07506,18.12609],[74.07452,18.1276],[74.07328,18.12909],[74.07152,18.13058],[74.06959,18.13288],[74.06785,18.13511],[74.06309,18.13717],[74.05852,18.13888],[74.05549,18.13927],[74.05107,18.13951],[74.04856,18.13854],[74.04751,18.14128],[74.04699,18.14614],[74.04695,18.14834],[74.04575,18.14989],[74.04472,18.1516],[74.04373,18.15315],[74.04339,18.15531],[74.04347,18.15853],[74.04622,18.16335],[74.0485,18.16538],[74.0497,18.16726],[74.05171,18.16901],[74.04845,18.17448],[74.04686,18.17607],[74.04579,18.17774],[74.04502,18.18043],[74.04266,18.18439],[74.03592,18.19128],[74.03408,18.19323],[74.03111,18.19637],[74.02923,18.19967],[74.02489,18.2033],[74.02369,18.20457],[74.02184,18.20616],[74.01974,18.20701],[74.01635,18.20665],[74.01588,18.2086],[74.01584,18.21023],[74.01215,18.21182],[74.00764,18.21541],[73.99906,18.21692],[73.99635,18.21961],[73.99489,18.22197],[73.99056,18.22495],[73.98635,18.22625],[73.98481,18.22735],[73.98047,18.22947],[73.98017,18.23119],[73.98005,18.2342],[73.97623,18.23856],[73.97382,18.23999],[73.97129,18.24162],[73.96837,18.2437],[73.96631,18.2461],[73.96567,18.24855],[73.96554,18.25071],[73.96494,18.25299],[73.96275,18.25377],[73.95897,18.25299],[73.95653,18.25189],[73.95365,18.24981],[73.95086,18.247],[73.94833,18.24431],[73.94627,18.24182],[73.94443,18.23783],[73.94138,18.23477],[73.93516,18.23432],[73.93095,18.23437],[73.92619,18.23669],[73.92511,18.2382],[73.92803,18.24191],[73.93074,18.24443],[73.93091,18.24655],[73.93189,18.24945],[73.9325,18.25242],[73.93074,18.25409],[73.92674,18.25625],[73.91996,18.25988],[73.91318,18.26281],[73.91546,18.26921],[73.91893,18.27736],[73.92284,18.28219],[73.92434,18.28404],[73.92829,18.29122],[73.93241,18.29672],[73.9331,18.29802],[73.93297,18.29932],[73.93301,18.30083],[73.93395,18.30222],[73.93589,18.30368],[73.93709,18.30523],[73.93679,18.30788],[73.93404,18.31098],[73.9328,18.31269],[73.93194,18.31403],[73.93022,18.31509],[73.92735,18.31623],[73.92537,18.3177],[73.92524,18.31937],[73.9255,18.32177],[73.9243,18.32369],[73.92177,18.32528],[73.91765,18.32674],[73.91572,18.32715],[73.91335,18.32764],[73.91125,18.32727],[73.90919,18.32597],[73.90778,18.32491],[73.9073,18.32507],[73.90494,18.32609],[73.90224,18.32731],[73.90005,18.32915],[73.89838,18.33114],[73.89632,18.33196],[73.89331,18.33188],[73.8907,18.33261],[73.88932,18.33497],[73.88525,18.3386],[73.88246,18.34023],[73.88216,18.34149],[73.8828,18.34279],[73.88301,18.34463],[73.88168,18.34569],[73.8807,18.34947],[73.88095,18.35155],[73.881,18.35379],[73.88065,18.35693],[73.8801,18.36255],[73.87937,18.36805],[73.88434,18.37228],[73.88512,18.37546],[73.88615,18.37774],[73.88769,18.38124],[73.88829,18.38572],[73.88864,18.38906],[73.88915,18.39297],[73.88683,18.39778],[73.88563,18.40209],[73.89215,18.41097],[73.89464,18.41244],[73.8973,18.41252],[73.89913,18.41199],[73.90297,18.41089],[73.90769,18.41016],[73.91164,18.40959],[73.91636,18.40975],[73.92005,18.41154],[73.92511,18.41472],[73.94048,18.41455],[73.94451,18.41529],[73.95095,18.41496],[73.95593,18.41358],[73.96073,18.40877],[73.97335,18.40649],[73.98314,18.41081],[73.98665,18.41154],[73.99223,18.4117],[73.99953,18.41219],[74.00245,18.4148],[74.00537,18.42017],[74.00957,18.42595],[74.01318,18.42799],[74.01798,18.4306],[74.01927,18.43141],[74.02099,18.43035],[74.02262,18.42889],[74.02588,18.42758],[74.02931,18.42652],[74.033,18.42571],[74.03626,18.42514],[74.03901,18.42221],[74.03953,18.41863],[74.0415,18.41651],[74.04571,18.41512],[74.05206,18.4139],[74.05832,18.41341],[74.06605,18.41268],[74.06957,18.4135],[74.07206,18.41594],[74.07987,18.41854],[74.08399,18.41952],[74.0869,18.42001],[74.09068,18.41871],[74.09283,18.417],[74.09643,18.41512],[74.10115,18.41464],[74.10476,18.41521],[74.10793,18.41626],[74.11351,18.41594],[74.12012,18.41578],[74.1233,18.41618],[74.12716,18.41814],[74.13179,18.42074],[74.13634,18.42196],[74.14012,18.42164],[74.1433,18.42066]]]}},{"id":"21","type":"Feature","properties":{"osm_id":10351623,"name":"Bhor","admin_level":"6","osm_boundary_type":"boundary"},"geometry":{"type":"Polygon","coordinates":[[[73.87937,18.36805],[73.8801,18.36255],[73.88065,18.35693],[73.881,18.35379],[73.88095,18.35155],[73.8807,18.34947],[73.88168,18.34569],[73.88301,18.34463],[73.8828,18.34279],[73.88216,18.34149],[73.88246,18.34023],[73.88525,18.3386],[73.88932,18.33497],[73.8907,18.33261],[73.89331,18.33188],[73.89632,18.33196],[73.89838,18.33114],[73.90005,18.32915],[73.90224,18.32731],[73.90494,18.32609],[73.9073,18.32507],[73.90778,18.32491],[73.90919,18.32597],[73.91125,18.32727],[73.91335,18.32764],[73.91572,18.32715],[73.91765,18.32674],[73.92177,18.32528],[73.9243,18.32369],[73.9255,18.32177],[73.92524,18.31937],[73.92537,18.3177],[73.92735,18.31623],[73.93022,18.31509],[73.93194,18.31403],[73.9328,18.31269],[73.93404,18.31098],[73.93679,18.30788],[73.93709,18.30523],[73.93589,18.30368],[73.93395,18.30222],[73.93301,18.30083],[73.93297,18.29932],[73.9331,18.29802],[73.93241,18.29672],[73.92829,18.29122],[73.92434,18.28404],[73.92284,18.28219],[73.91893,18.27736],[73.91546,18.26921],[73.91318,18.26281],[73.91996,18.25988],[73.92674,18.25625],[73.93074,18.25409],[73.9325,18.25242],[73.93189,18.24945],[73.93091,18.24655],[73.93074,18.24443],[73.92803,18.24191],[73.92511,18.2382],[73.92619,18.23669],[73.93095,18.23437],[73.93516,18.23432],[73.94138,18.23477],[73.94443,18.23783],[73.94627,18.24182],[73.94833,18.24431],[73.95086,18.247],[73.95365,18.24981],[73.95653,18.25189],[73.95897,18.25299],[73.96275,18.25377],[73.96494,18.25299],[73.96554,18.25071],[73.96567,18.24855],[73.96631,18.2461],[73.96837,18.2437],[73.97129,18.24162],[73.97382,18.23999],[73.97623,18.23856],[73.98005,18.2342],[73.98017,18.23119],[73.98047,18.22947],[73.98481,18.22735],[73.98635,18.22625],[73.99056,18.22495],[73.99489,18.22197],[73.99635,18.21961],[73.99906,18.21692],[74.00764,18.21541],[74.01215,18.21182],[74.01584,18.21023],[74.01588,18.2086],[74.01635,18.20665],[74.01974,18.20701],[74.02184,18.20616],[74.02369,18.20457],[74.02489,18.2033],[74.02923,18.19967],[74.03111,18.19637],[74.03408,18.19323],[74.03592,18.19128],[74.04266,18.18439],[74.04502,18.18043],[74.04579,18.17774],[74.04686,18.17607],[74.04845,18.17448],[74.05171,18.16901],[74.0497,18.16726],[74.0485,18.16538],[74.04622,18.16335],[74.04347,18.15853],[74.04339,18.15531],[74.04373,18.15315],[74.04472,18.1516],[74.04575,18.14989],[74.04695,18.14834],[74.04699,18.14614],[74.04751,18.14128],[74.04856,18.13854],[74.04779,18.13825],[74.04538,18.13676],[74.04354,18.13525],[74.04081,18.13413],[74.03796,18.13327],[74.03581,18.13266],[74.03262,18.13237],[74.02957,18.13266],[74.02702,18.13372],[74.02468,18.13482],[74.02193,18.13698],[74.01777,18.14181],[74.01685,18.14263],[74.01451,18.14377],[74.01212,18.14459],[74.01032,18.14559],[74.00873,18.1473],[74.00751,18.14899],[74.00682,18.15156],[74.00663,18.15382],[74.00618,18.15554],[74.00571,18.15713],[74.00506,18.15829],[74.00393,18.15911],[74.0027,18.15911],[74.00105,18.15835],[73.99871,18.15594],[73.99552,18.15415],[73.99313,18.15329],[73.9908,18.15276],[73.98959,18.15262],[73.98753,18.15289],[73.98496,18.15321],[73.9818,18.15444],[73.97698,18.1568],[73.9738,18.15749],[73.97183,18.15823],[73.96966,18.15953],[73.96771,18.16169],[73.9643,18.16522],[73.96067,18.16822],[73.95831,18.17085],[73.95537,18.1734],[73.95041,18.17654],[73.94857,18.17766],[73.9473,18.17874],[73.94591,18.17978],[73.94447,18.18035],[73.94262,18.18027],[73.94112,18.17955],[73.93979,18.17786],[73.93831,18.17478],[73.93749,18.17403],[73.9361,18.17303],[73.93346,18.1726],[73.9285,18.17203],[73.92552,18.17217],[73.92331,18.17171],[73.9217,18.17101],[73.91996,18.16971],[73.9158,18.1672],[73.91194,18.16471],[73.91119,18.16432],[73.90926,18.16351],[73.90795,18.16282],[73.90698,18.16178],[73.90636,18.16045],[73.90548,18.15964],[73.90443,18.15933],[73.90301,18.15953],[73.90172,18.16149],[73.90102,18.16275],[73.90069,18.16424],[73.90035,18.16551],[73.90024,18.16736],[73.89919,18.17005],[73.89842,18.17277],[73.89793,18.17456],[73.89724,18.17643],[73.89703,18.17747],[73.8967,18.17931],[73.89657,18.18041],[73.89617,18.18141],[73.89552,18.1821],[73.89396,18.18243],[73.89271,18.18208],[73.89143,18.18127],[73.88971,18.17976],[73.88735,18.17593],[73.88559,18.17458],[73.88439,18.17358],[73.88383,18.17307],[73.88271,18.1727],[73.88207,18.17258],[73.8811,18.17279],[73.8801,18.17311],[73.87872,18.17385],[73.87799,18.1745],[73.87728,18.17495],[73.87628,18.17546],[73.87482,18.17554],[73.87385,18.17531],[73.87349,18.17468],[73.87316,18.17321],[73.87319,18.17077],[73.87343,18.16941],[73.87323,18.16816],[73.8731,18.16752],[73.87338,18.16621],[73.8736,18.1656],[73.87392,18.16524],[73.87437,18.16501],[73.87488,18.16493],[73.87562,18.16486],[73.87636,18.16486],[73.87725,18.16471],[73.87817,18.16428],[73.87865,18.16373],[73.87924,18.16287],[73.8805,18.161],[73.88218,18.15947],[73.88426,18.15807],[73.88645,18.1567],[73.88842,18.1546],[73.88956,18.15168],[73.88969,18.14991],[73.89029,18.14812],[73.89136,18.14589],[73.89469,18.14167],[73.89559,18.14004],[73.89636,18.1392],[73.89793,18.13839],[73.89921,18.1378],[73.90104,18.13698],[73.90147,18.13574],[73.9014,18.13396],[73.90121,18.13211],[73.90117,18.12823],[73.90074,18.12725],[73.90016,18.12668],[73.89891,18.12601],[73.89739,18.12538],[73.89578,18.12491],[73.89346,18.12426],[73.89074,18.11959],[73.88997,18.11849],[73.88917,18.1173],[73.88849,18.11632],[73.88709,18.11588],[73.88518,18.11557],[73.88256,18.11524],[73.87827,18.11583],[73.87722,18.11626],[73.87585,18.11679],[73.87404,18.11747],[73.87231,18.11787],[73.87046,18.11824],[73.86898,18.11836],[73.86739,18.11877],[73.86574,18.11928],[73.86368,18.11971],[73.86145,18.11959],[73.86151,18.11861],[73.86226,18.11639],[73.864,18.11265],[73.86458,18.11137],[73.86544,18.10996],[73.86686,18.10792],[73.86823,18.10505],[73.86999,18.10201],[73.87151,18.10046],[73.8734,18.09795],[73.87454,18.09426],[73.8761,18.08969],[73.87791,18.08818],[73.87917,18.08708],[73.87967,18.08608],[73.87926,18.0852],[73.87819,18.08365],[73.8722,18.07855],[73.87104,18.07769],[73.8699,18.07637],[73.8692,18.07467],[73.8687,18.07268],[73.86883,18.07062],[73.87048,18.06927],[73.87128,18.06811],[73.87143,18.06676],[73.87119,18.06547],[73.8705,18.06409],[73.87031,18.06211],[73.87059,18.05856],[73.87123,18.05682],[73.8713,18.05566],[73.87115,18.05405],[73.87038,18.05254],[73.86907,18.04885],[73.86838,18.04789],[73.86686,18.04746],[73.86574,18.04689],[73.86535,18.04473],[73.86497,18.04226],[73.86252,18.0381],[73.86121,18.03642],[73.86018,18.03538],[73.85962,18.03448],[73.85829,18.03322],[73.85701,18.03214],[73.85559,18.03169],[73.85424,18.03187],[73.85218,18.03316],[73.85128,18.03355],[73.85083,18.0343],[73.85036,18.03538],[73.84926,18.03634],[73.84821,18.03716],[73.84763,18.03777],[73.84729,18.0385],[73.84679,18.0394],[73.84602,18.03995],[73.84493,18.03973],[73.84433,18.03836],[73.844,18.03626],[73.84327,18.03434],[73.84184,18.03318],[73.8407,18.0323],[73.8395,18.03181],[73.83827,18.03202],[73.83752,18.03265],[73.83645,18.03273],[73.83527,18.03234],[73.83478,18.03195],[73.83366,18.03144],[73.83158,18.03253],[73.8301,18.03108],[73.82928,18.03044],[73.82763,18.02998],[73.82637,18.02991],[73.82497,18.03026],[73.82411,18.03093],[73.82347,18.03236],[73.82229,18.03424],[73.82079,18.03463],[73.81851,18.0345],[73.81506,18.03536],[73.81439,18.03608],[73.8131,18.03705],[73.81203,18.03681],[73.81025,18.03477],[73.80883,18.03383],[73.80647,18.0331],[73.80456,18.03246],[73.80244,18.02926],[73.80154,18.02798],[73.80083,18.02634],[73.8004,18.02561],[73.79933,18.02498],[73.79808,18.02485],[73.79716,18.02522],[73.7957,18.02579],[73.79424,18.02665],[73.79364,18.02608],[73.79317,18.02404],[73.79278,18.02204],[73.79175,18.02132],[73.78875,18.02161],[73.78652,18.02181],[73.78523,18.02314],[73.78405,18.02426],[73.78313,18.02538],[73.7815,18.02657],[73.77974,18.02473],[73.77907,18.02412],[73.778,18.02402],[73.77727,18.02436],[73.77645,18.02508],[73.77588,18.02618],[73.77527,18.02767],[73.77392,18.02751],[73.77268,18.02693],[73.77133,18.0261],[73.76955,18.02504],[73.76791,18.02404],[73.76628,18.02322],[73.76322,18.02475],[73.76081,18.02638],[73.75931,18.02787],[73.75731,18.02981],[73.75611,18.03095],[73.75611,18.03271],[73.75674,18.0342],[73.75729,18.03557],[73.75755,18.03667],[73.7574,18.03763],[73.75551,18.03824],[73.75,18.03797],[73.7477,18.03799],[73.74519,18.03769],[73.74184,18.03754],[73.7371,18.03752],[73.7333,18.03781],[73.73126,18.03818],[73.72955,18.03885],[73.72815,18.03958],[73.72652,18.04048],[73.72541,18.04183],[73.72245,18.04387],[73.72079,18.04422],[73.71974,18.04436],[73.71738,18.04432],[73.71433,18.04395],[73.71131,18.04348],[73.71088,18.04354],[73.70938,18.04389],[73.70854,18.04438],[73.70753,18.04515],[73.70631,18.04605],[73.70496,18.04669],[73.70343,18.04622],[73.70064,18.04434],[73.69616,18.04265],[73.69457,18.04187],[73.69226,18.04099],[73.69047,18.0405],[73.68889,18.03987],[73.68627,18.03863],[73.68354,18.03644],[73.68073,18.03457],[73.67906,18.03314],[73.67747,18.03242],[73.67608,18.03173],[73.67421,18.03079],[73.67277,18.02989],[73.67116,18.02881],[73.66987,18.02773],[73.66799,18.02628],[73.66606,18.02502],[73.66505,18.02485],[73.65865,18.03004],[73.65848,18.03289],[73.65676,18.03432],[73.65548,18.0353],[73.65367,18.0362],[73.65204,18.03632],[73.64981,18.03587],[73.6484,18.03648],[73.64831,18.03718],[73.65046,18.03971],[73.64917,18.04052],[73.64694,18.04179],[73.64398,18.04281],[73.64256,18.04322],[73.6405,18.04436],[73.63925,18.04603],[73.63685,18.04673],[73.63376,18.04673],[73.62998,18.04571],[73.62853,18.04587],[73.62762,18.0466],[73.62672,18.04856],[73.62629,18.04999],[73.62471,18.05126],[73.62312,18.05228],[73.6211,18.05276],[73.61947,18.05317],[73.61763,18.05411],[73.61694,18.05574],[73.61578,18.05893],[73.61389,18.0588],[73.61286,18.05909],[73.612,18.06011],[73.61183,18.06174],[73.61205,18.06276],[73.61278,18.06431],[73.61351,18.06611],[73.61363,18.06774],[73.61462,18.06998],[73.61891,18.07321],[73.62059,18.07467],[73.62041,18.07598],[73.61977,18.07729],[73.61793,18.07843],[73.61625,18.07904],[73.6129,18.07998],[73.60891,18.08059],[73.60711,18.08149],[73.60471,18.08234],[73.60299,18.08169],[73.60218,18.08206],[73.60157,18.08336],[73.60119,18.08479],[73.60205,18.08585],[73.60355,18.08699],[73.60501,18.08818],[73.60651,18.09001],[73.60857,18.09226],[73.60885,18.09312],[73.60896,18.09345],[73.60969,18.09564],[73.60904,18.09764],[73.6075,18.09911],[73.60479,18.10058],[73.60188,18.10197],[73.59969,18.10368],[73.59754,18.10556],[73.59411,18.10759],[73.59346,18.10902],[73.59458,18.11098],[73.59668,18.11326],[73.60024,18.11433],[73.60351,18.12183],[73.60394,18.12334],[73.60587,18.12677],[73.6072,18.12982],[73.60823,18.13223],[73.60844,18.13415],[73.60801,18.13639],[73.60758,18.13806],[73.60707,18.13994],[73.60754,18.14198],[73.60917,18.14116],[73.60977,18.13831],[73.61054,18.13439],[73.60951,18.13109],[73.60878,18.12848],[73.60797,18.12668],[73.60681,18.12444],[73.60539,18.12163],[73.60411,18.11963],[73.60527,18.11865],[73.6078,18.11938],[73.6093,18.1204],[73.61067,18.12212],[73.61265,18.12387],[73.61505,18.12477],[73.61823,18.12297],[73.61969,18.12285],[73.6217,18.12309],[73.62363,18.12322],[73.62595,18.12305],[73.6278,18.1235],[73.62797,18.12428],[73.62745,18.12526],[73.62595,18.12611],[73.62355,18.12652],[73.62226,18.12677],[73.62089,18.12742],[73.62093,18.12827],[73.62612,18.1328],[73.62801,18.13419],[73.62844,18.13529],[73.62857,18.13655],[73.62857,18.13786],[73.62891,18.14022],[73.62998,18.14124],[73.63084,18.14161],[73.6329,18.1419],[73.63376,18.14336],[73.63402,18.14451],[73.63398,18.14577],[73.63445,18.14695],[73.63625,18.14703],[73.63784,18.14675],[73.63883,18.14573],[73.63973,18.14414],[73.64071,18.14214],[73.64123,18.1412],[73.64247,18.14104],[73.64419,18.14186],[73.64612,18.14761],[73.64741,18.15009],[73.64861,18.15189],[73.64968,18.1545],[73.64955,18.15584],[73.64895,18.15739],[73.64895,18.15902],[73.65046,18.1598],[73.65239,18.15988],[73.65359,18.15992],[73.65505,18.15902],[73.65621,18.15764],[73.65775,18.15621],[73.65861,18.15564],[73.66187,18.1549],[73.66397,18.15437],[73.66526,18.15544],[73.66638,18.15723],[73.66651,18.1587],[73.66651,18.16012],[73.6659,18.16139],[73.66479,18.16224],[73.66389,18.16245],[73.66269,18.16379],[73.66273,18.16494],[73.66127,18.16738],[73.66003,18.16897],[73.65797,18.17093],[73.65621,18.17187],[73.65436,18.17277],[73.65221,18.17354],[73.64904,18.17391],[73.64642,18.17407],[73.64342,18.17472],[73.639,18.17615],[73.63586,18.17639],[73.63372,18.17786],[73.63312,18.17672],[73.63252,18.17525],[73.6314,18.17542],[73.62968,18.17595],[73.6275,18.17676],[73.62518,18.17786],[73.62286,18.17904],[73.62033,18.18019],[73.61711,18.18149],[73.61425,18.1832],[73.61595,18.18606],[73.62084,18.19168],[73.62213,18.19967],[73.62213,18.20147],[73.62222,18.20326],[73.6229,18.20514],[73.6235,18.20848],[73.6229,18.21133],[73.62102,18.2137],[73.62239,18.21818],[73.62677,18.2243],[73.629,18.22642],[73.63157,18.23131],[73.63269,18.23375],[73.63346,18.23824],[73.63466,18.24223],[73.63552,18.2481],[73.63801,18.25128],[73.64634,18.24851],[73.65011,18.24769],[73.65543,18.24614],[73.65775,18.2446],[73.65887,18.24109],[73.65861,18.23767],[73.65895,18.23441],[73.6599,18.23163],[73.66153,18.22903],[73.66384,18.22764],[73.66814,18.22642],[73.6714,18.22788],[73.67337,18.22984],[73.67603,18.23261],[73.67878,18.23457],[73.68024,18.23212],[73.68118,18.22951],[73.68299,18.22691],[73.68419,18.22845],[73.68685,18.23082],[73.68856,18.22968],[73.69097,18.22992],[73.69243,18.23131],[73.69483,18.23278],[73.69689,18.23139],[73.69852,18.23049],[73.70007,18.23212],[73.70178,18.23481],[73.70178,18.2375],[73.70161,18.24044],[73.70487,18.24109],[73.70805,18.24158],[73.71114,18.24191],[73.71697,18.24248],[73.72049,18.24337],[73.72736,18.24378],[73.73251,18.24525],[73.73629,18.24443],[73.74101,18.24443],[73.75148,18.24753],[73.75328,18.24794],[73.75474,18.24818],[73.758,18.24826],[73.76135,18.24835],[73.76341,18.24932],[73.76521,18.24957],[73.76676,18.24737],[73.76796,18.24704],[73.77139,18.24631],[73.77465,18.24574],[73.77963,18.24435],[73.78341,18.24313],[73.78856,18.24125],[73.79268,18.23962],[73.79654,18.23897],[73.80109,18.23954],[73.80469,18.23938],[73.81036,18.23889],[73.81113,18.24085],[73.81207,18.24272],[73.81388,18.24443],[73.81516,18.24712],[73.81602,18.24998],[73.81654,18.25454],[73.81165,18.25845],[73.80607,18.26041],[73.80615,18.26285],[73.80795,18.26481],[73.8089,18.26913],[73.80753,18.28078],[73.80529,18.28763],[73.80401,18.28942],[73.80272,18.29219],[73.80298,18.29562],[73.80435,18.29749],[73.80667,18.30083],[73.80787,18.30393],[73.80813,18.3076],[73.80555,18.31126],[73.80212,18.3168],[73.79748,18.31974],[73.79731,18.32267],[73.79723,18.32511],[73.80383,18.33228],[73.8113,18.33448],[73.81268,18.33636],[73.8125,18.33937],[73.8125,18.34141],[73.81242,18.34369],[73.81182,18.34646],[73.81096,18.34833],[73.81156,18.3507],[73.81268,18.35151],[73.81508,18.35094],[73.81894,18.35045],[73.82134,18.35127],[73.82177,18.35387],[73.8216,18.3577],[73.82255,18.35892],[73.82615,18.3564],[73.82761,18.3542],[73.82847,18.35241],[73.83121,18.34923],[73.83044,18.34345],[73.83199,18.34027],[73.83456,18.33864],[73.8386,18.33652],[73.84091,18.33375],[73.84212,18.33228],[73.84272,18.33],[73.8428,18.3278],[73.84357,18.32397],[73.84598,18.32096],[73.84855,18.32137],[73.84933,18.32218],[73.85044,18.32577],[73.85199,18.32797],[73.85422,18.32984],[73.85696,18.33228],[73.85971,18.33522],[73.86229,18.33848],[73.86083,18.34149],[73.85653,18.34679],[73.85267,18.3608],[73.85104,18.36438],[73.84735,18.36813],[73.84126,18.37253],[73.83388,18.38027],[73.83173,18.38491],[73.83121,18.38947],[73.83139,18.39354],[73.84486,18.39778],[73.84975,18.40348],[73.85181,18.39933],[73.85516,18.39827],[73.85679,18.4003],[73.85817,18.40218],[73.86074,18.40144],[73.8634,18.39843],[73.86623,18.39867],[73.86804,18.40128],[73.8707,18.40144],[73.87276,18.39892],[73.87216,18.3959],[73.87156,18.39436],[73.86958,18.39191],[73.8658,18.38939],[73.86168,18.38727],[73.86065,18.38515],[73.86014,18.381],[73.85868,18.37522],[73.85817,18.37106],[73.86074,18.37228],[73.86426,18.37432],[73.86701,18.37261],[73.87216,18.37074],[73.87937,18.36805]]]}},{"id":"22","type":"Feature","properties":{"osm_id":10351624,"name":"Velhe","admin_level":"6","osm_boundary_type":"boundary"},"geometry":{"type":"Polygon","coordinates":[[[73.79748,18.31974],[73.80212,18.3168],[73.80555,18.31126],[73.80813,18.3076],[73.80787,18.30393],[73.80667,18.30083],[73.80435,18.29749],[73.80298,18.29562],[73.80272,18.29219],[73.80401,18.28942],[73.80529,18.28763],[73.80753,18.28078],[73.8089,18.26913],[73.80795,18.26481],[73.80615,18.26285],[73.80607,18.26041],[73.81165,18.25845],[73.81654,18.25454],[73.81602,18.24998],[73.81516,18.24712],[73.81388,18.24443],[73.81207,18.24272],[73.81113,18.24085],[73.81036,18.23889],[73.80469,18.23938],[73.80109,18.23954],[73.79654,18.23897],[73.79268,18.23962],[73.78856,18.24125],[73.78341,18.24313],[73.77963,18.24435],[73.77465,18.24574],[73.77139,18.24631],[73.76796,18.24704],[73.76676,18.24737],[73.76521,18.24957],[73.76341,18.24932],[73.76135,18.24835],[73.758,18.24826],[73.75474,18.24818],[73.75328,18.24794],[73.75148,18.24753],[73.74101,18.24443],[73.73629,18.24443],[73.73251,18.24525],[73.72736,18.24378],[73.72049,18.24337],[73.71697,18.24248],[73.71114,18.24191],[73.70805,18.24158],[73.70487,18.24109],[73.70161,18.24044],[73.70178,18.2375],[73.70178,18.23481],[73.70007,18.23212],[73.69852,18.23049],[73.69689,18.23139],[73.69483,18.23278],[73.69243,18.23131],[73.69097,18.22992],[73.68856,18.22968],[73.68685,18.23082],[73.68419,18.22845],[73.68299,18.22691],[73.68118,18.22951],[73.68024,18.23212],[73.67878,18.23457],[73.67603,18.23261],[73.67337,18.22984],[73.6714,18.22788],[73.66814,18.22642],[73.66384,18.22764],[73.66153,18.22903],[73.6599,18.23163],[73.65895,18.23441],[73.65861,18.23767],[73.65887,18.24109],[73.65775,18.2446],[73.65543,18.24614],[73.65011,18.24769],[73.64634,18.24851],[73.63801,18.25128],[73.63552,18.2481],[73.63466,18.24223],[73.63346,18.23824],[73.63269,18.23375],[73.63157,18.23131],[73.629,18.22642],[73.62677,18.2243],[73.62239,18.21818],[73.62102,18.2137],[73.6229,18.21133],[73.6235,18.20848],[73.6229,18.20514],[73.62222,18.20326],[73.62213,18.20147],[73.62213,18.19967],[73.62084,18.19168],[73.61595,18.18606],[73.61425,18.1832],[73.61329,18.18377],[73.60711,18.18753],[73.60449,18.18871],[73.6023,18.18907],[73.599,18.18952],[73.59784,18.18871],[73.59715,18.18651],[73.59673,18.1821],[73.59647,18.18055],[73.59531,18.17921],[73.59329,18.17807],[73.59179,18.1779],[73.58874,18.17847],[73.58655,18.17839],[73.58325,18.17872],[73.58076,18.18055],[73.57934,18.18231],[73.57849,18.18398],[73.57656,18.18492],[73.57321,18.18565],[73.57072,18.18655],[73.56754,18.18797],[73.56703,18.19128],[73.5666,18.19413],[73.56561,18.19764],[73.56471,18.1998],[73.56368,18.20224],[73.56256,18.20424],[73.56162,18.2062],[73.56089,18.20807],[73.56068,18.20991],[73.56003,18.21239],[73.5587,18.21382],[73.55802,18.21264],[73.55875,18.20995],[73.55913,18.20775],[73.55909,18.20656],[73.55866,18.20571],[73.55742,18.20461],[73.55634,18.20249],[73.55643,18.20008],[73.55699,18.19715],[73.55544,18.19702],[73.55433,18.19825],[73.55287,18.20008],[73.54935,18.20306],[73.54703,18.20457],[73.5454,18.20534],[73.54235,18.20677],[73.54089,18.20762],[73.54038,18.20563],[73.53973,18.20237],[73.53965,18.20073],[73.53964,18.2005],[73.53956,18.19845],[73.53918,18.19649],[73.53849,18.19417],[73.5375,18.19172],[73.53621,18.19018],[73.53454,18.18907],[73.53278,18.18903],[73.53021,18.18834],[73.52866,18.18793],[73.52617,18.18736],[73.52398,18.18646],[73.5221,18.18646],[73.52154,18.18785],[73.52175,18.1896],[73.52222,18.19148],[73.52398,18.19478],[73.52531,18.19654],[73.52647,18.19804],[73.52815,18.19902],[73.52978,18.19996],[73.53227,18.20232],[73.53458,18.20636],[73.53501,18.20766],[73.5348,18.20885],[73.53415,18.21036],[73.5333,18.21137],[73.53175,18.21182],[73.52918,18.21113],[73.52755,18.21076],[73.5254,18.21023],[73.52416,18.21019],[73.52175,18.21031],[73.52089,18.21142],[73.52154,18.21219],[73.5233,18.21296],[73.52493,18.2137],[73.52677,18.21472],[73.52879,18.2159],[73.52973,18.21798],[73.53132,18.22075],[73.5324,18.22177],[73.53497,18.22177],[73.53587,18.2223],[73.53609,18.2236],[73.53664,18.22617],[73.53484,18.22711],[73.53317,18.2278],[73.53111,18.2289],[73.52913,18.22976],[73.52742,18.23045],[73.52566,18.23119],[73.52463,18.23143],[73.52471,18.23269],[73.52501,18.23388],[73.52634,18.23445],[73.52733,18.23351],[73.52815,18.2329],[73.52986,18.23225],[73.53094,18.23335],[73.53064,18.23498],[73.53098,18.2384],[73.53257,18.23975],[73.53446,18.24121],[73.53549,18.24227],[73.53613,18.24431],[73.53591,18.24553],[73.53476,18.2468],[73.53295,18.24806],[73.53141,18.24782],[73.52986,18.24651],[73.52888,18.24684],[73.52815,18.24847],[73.52647,18.24932],[73.5257,18.24761],[73.52317,18.24566],[73.52094,18.2457],[73.51935,18.2457],[73.51725,18.24566],[73.51592,18.24578],[73.51609,18.24724],[73.51643,18.249],[73.51643,18.25026],[73.51626,18.25193],[73.51562,18.25295],[73.5148,18.25373],[73.51338,18.25377],[73.51128,18.25348],[73.50961,18.25311],[73.50922,18.25389],[73.50905,18.25637],[73.50819,18.25646],[73.50579,18.25572],[73.5051,18.25568],[73.50484,18.25609],[73.50411,18.25768],[73.5042,18.25996],[73.50519,18.26086],[73.50682,18.26171],[73.50806,18.26253],[73.51034,18.26379],[73.51111,18.26518],[73.51205,18.26681],[73.51326,18.26827],[73.51416,18.26909],[73.51476,18.27039],[73.51476,18.27194],[73.51394,18.27239],[73.51171,18.27223],[73.50986,18.27206],[73.50785,18.27206],[73.50622,18.27186],[73.50459,18.27231],[73.50364,18.27365],[73.50373,18.27545],[73.50351,18.27699],[73.50317,18.27903],[73.50291,18.28034],[73.50171,18.2816],[73.50038,18.28201],[73.49892,18.28144],[73.49738,18.28046],[73.49566,18.27907],[73.4945,18.27761],[73.49296,18.27651],[73.4912,18.2761],[73.48871,18.27618],[73.48648,18.27577],[73.48509,18.2747],[73.4848,18.27447],[73.48412,18.27392],[73.48201,18.27223],[73.4797,18.27035],[73.47798,18.26844],[73.47781,18.27031],[73.47691,18.27402],[73.47639,18.27573],[73.47592,18.27765],[73.47549,18.27956],[73.47472,18.28136],[73.47463,18.28311],[73.47485,18.28514],[73.47497,18.28653],[73.47463,18.28959],[73.47467,18.2913],[73.47527,18.29281],[73.47575,18.29427],[73.47575,18.29549],[73.47626,18.29765],[73.47648,18.30018],[73.47188,18.30095],[73.47038,18.30095],[73.46824,18.30083],[73.46721,18.30014],[73.46485,18.29888],[73.46279,18.29871],[73.46021,18.29798],[73.45815,18.29794],[73.45639,18.29761],[73.45382,18.29725],[73.45163,18.29761],[73.45026,18.29892],[73.44961,18.30071],[73.44897,18.3025],[73.4479,18.30462],[73.44678,18.30682],[73.44519,18.30776],[73.44382,18.30776],[73.44167,18.30776],[73.43974,18.308],[73.43815,18.30813],[73.43661,18.30796],[73.43451,18.3069],[73.43309,18.3056],[73.4321,18.30454],[73.43069,18.30344],[73.42936,18.3021],[73.42841,18.30059],[73.42742,18.3003],[73.42644,18.30128],[73.42506,18.30258],[73.42391,18.30336],[73.42197,18.30377],[73.4206,18.30417],[73.4197,18.30544],[73.4191,18.30674],[73.41854,18.30841],[73.41764,18.30992],[73.41923,18.31126],[73.42013,18.31191],[73.42176,18.31265],[73.423,18.31338],[73.42416,18.31489],[73.42472,18.31664],[73.42343,18.31746],[73.42193,18.31794],[73.42034,18.3188],[73.42,18.3199],[73.4206,18.32186],[73.42193,18.32788],[73.42202,18.32976],[73.42257,18.33065],[73.42403,18.33139],[73.42575,18.33224],[73.42661,18.33355],[73.4276,18.3355],[73.42953,18.34182],[73.43094,18.34459],[73.43219,18.3467],[73.43369,18.34964],[73.43845,18.35571],[73.43987,18.35807],[73.44026,18.35974],[73.4503,18.35721],[73.45274,18.3566],[73.45425,18.3573],[73.45639,18.3588],[73.45927,18.36047],[73.46223,18.36267],[73.46502,18.36467],[73.46785,18.36585],[73.46987,18.3645],[73.47154,18.36157],[73.47424,18.35888],[73.47828,18.35823],[73.4818,18.35791],[73.48416,18.35689],[73.4866,18.35538],[73.48875,18.35326],[73.49171,18.35245],[73.49798,18.35147],[73.50403,18.35257],[73.50802,18.35212],[73.51145,18.35163],[73.51467,18.35188],[73.51892,18.35428],[73.52428,18.3562],[73.52961,18.35791],[73.53347,18.3608],[73.54364,18.36389],[73.55578,18.36866],[73.56729,18.37334],[73.57093,18.37554],[73.57308,18.37737],[73.5745,18.38006],[73.57445,18.38218],[73.57415,18.38393],[73.57355,18.38536],[73.57158,18.38682],[73.56909,18.38784],[73.56711,18.38849],[73.56445,18.38882],[73.56287,18.38947],[73.56329,18.39114],[73.56364,18.39318],[73.56372,18.39595],[73.56179,18.39892],[73.56008,18.40087],[73.5569,18.40291],[73.55347,18.40454],[73.55055,18.40454],[73.54849,18.40568],[73.54746,18.40763],[73.54694,18.41048],[73.54737,18.41398],[73.55021,18.41521],[73.55587,18.41692],[73.56214,18.41814],[73.57098,18.42229],[73.5799,18.42278],[73.58299,18.42392],[73.58531,18.42555],[73.58771,18.42677],[73.58994,18.42783],[73.59424,18.42954],[73.59724,18.42823],[73.59964,18.42693],[73.60351,18.42555],[73.60694,18.42441],[73.61106,18.42302],[73.61569,18.42164],[73.61827,18.41895],[73.62016,18.41683],[73.62162,18.41407],[73.62308,18.40959],[73.62153,18.40421],[73.61938,18.39973],[73.6181,18.39281],[73.62016,18.39012],[73.6229,18.39077],[73.62582,18.39273],[73.62685,18.39631],[73.62745,18.40055],[73.62677,18.40429],[73.62634,18.4082],[73.62677,18.41048],[73.6314,18.41032],[73.63672,18.40999],[73.64204,18.4091],[73.63998,18.40543],[73.63938,18.40266],[73.64093,18.39876],[73.6423,18.39338],[73.64222,18.38923],[73.64505,18.38768],[73.64668,18.3876],[73.65046,18.38825],[73.65269,18.388],[73.65569,18.38532],[73.6587,18.3845],[73.66127,18.38426],[73.66359,18.38515],[73.66419,18.38133],[73.66445,18.37823],[73.66513,18.37375],[73.66539,18.37131],[73.66728,18.3665],[73.67002,18.36544],[73.67217,18.3687],[73.67397,18.37342],[73.67492,18.37587],[73.67663,18.37807],[73.67921,18.38027],[73.68144,18.38271],[73.68221,18.38605],[73.68118,18.38817],[73.68118,18.39102],[73.68316,18.3924],[73.68693,18.39248],[73.68959,18.39142],[73.69183,18.39102],[73.69474,18.39069],[73.69595,18.38768],[73.69474,18.38263],[73.6938,18.37742],[73.69337,18.37342],[73.69243,18.36878],[73.69363,18.36495],[73.69629,18.36332],[73.70067,18.36349],[73.7017,18.36723],[73.70341,18.37017],[73.7047,18.37057],[73.71105,18.36943],[73.71054,18.36593],[73.70805,18.35917],[73.71097,18.35501],[73.71251,18.35143],[73.71208,18.34084],[73.71354,18.33481],[73.71354,18.33082],[73.71225,18.3265],[73.712,18.31843],[73.71277,18.31648],[73.71526,18.31183],[73.7168,18.30605],[73.71637,18.30238],[73.71569,18.29749],[73.71491,18.29472],[73.71131,18.29154],[73.71277,18.28788],[73.71491,18.28665],[73.718,18.28478],[73.72152,18.28282],[73.72461,18.28168],[73.73002,18.28152],[73.73157,18.28404],[73.73191,18.28918],[73.73397,18.29554],[73.73869,18.29774],[73.74118,18.29871],[73.74264,18.30254],[73.74109,18.30523],[73.73972,18.30866],[73.73809,18.31232],[73.73792,18.31591],[73.74187,18.32047],[73.7429,18.32243],[73.74504,18.32479],[73.74744,18.3265],[73.75053,18.32634],[73.7538,18.32414],[73.75714,18.32153],[73.76015,18.31892],[73.76401,18.31558],[73.76598,18.31045],[73.76813,18.30719],[73.76864,18.30385],[73.76856,18.29888],[73.76933,18.29839],[73.77379,18.29782],[73.77482,18.30067],[73.775,18.30222],[73.77886,18.30279],[73.78057,18.30417],[73.78263,18.30613],[73.7865,18.30849],[73.78967,18.3111],[73.79396,18.31689],[73.79748,18.31974]]]}},{"id":"23","type":"Feature","properties":{"osm_id":10351625,"name":"Mulshi Subdistrict","admin_level":"6","osm_boundary_type":"boundary"},"geometry":{"type":"Polygon","coordinates":[[[73.64204,18.4091],[73.65088,18.4047],[73.65698,18.40266],[73.66299,18.40201],[73.66556,18.40193],[73.66848,18.40144],[73.6708,18.40299],[73.6714,18.40486],[73.67054,18.40641],[73.66899,18.40861],[73.66814,18.41113],[73.66882,18.41366],[73.67114,18.41512],[73.67483,18.41806],[73.68333,18.42416],[73.68547,18.42734],[73.68496,18.42986],[73.67878,18.42921],[73.6744,18.42693],[73.67123,18.42481],[73.66711,18.4218],[73.66419,18.41903],[73.66153,18.41789],[73.65775,18.41911],[73.65578,18.42091],[73.65303,18.42392],[73.652,18.42522],[73.64977,18.42571],[73.64924,18.42571],[73.64685,18.42571],[73.64573,18.42652],[73.64539,18.42889],[73.64539,18.43149],[73.64479,18.43345],[73.64316,18.43345],[73.64024,18.43459],[73.63758,18.43556],[73.63595,18.43874],[73.63466,18.44126],[73.63629,18.44468],[73.64007,18.44753],[73.64591,18.45063],[73.65114,18.45299],[73.65612,18.45462],[73.65947,18.45543],[73.66513,18.45478],[73.66994,18.45494],[73.67655,18.45559],[73.68058,18.45559],[73.68341,18.45576],[73.68882,18.46316],[73.69449,18.46911],[73.69904,18.47025],[73.70522,18.46976],[73.71054,18.46894],[73.71457,18.46813],[73.718,18.46642],[73.71981,18.46707],[73.7265,18.47318],[73.73045,18.47375],[73.73225,18.47456],[73.73157,18.47896],[73.73697,18.48181],[73.73843,18.48694],[73.73895,18.48962],[73.74295,18.48754],[73.7441,18.48364],[73.74619,18.48359],[73.74803,18.48393],[73.75001,18.48654],[73.75116,18.4881],[73.75159,18.48985],[73.75551,18.48767],[73.75877,18.48596],[73.76212,18.48482],[73.76418,18.48482],[73.76641,18.48555],[73.76907,18.48661],[73.77233,18.48889],[73.7692,18.49274],[73.76461,18.49896],[73.76152,18.5038],[73.76053,18.50753],[73.76105,18.51193],[73.76126,18.51811],[73.76109,18.51986],[73.7621,18.52228],[73.763,18.52446],[73.76379,18.52684],[73.76381,18.52733],[73.76379,18.52791],[73.75731,18.52934],[73.75388,18.52934],[73.75113,18.53032],[73.74985,18.53317],[73.75354,18.53609],[73.75937,18.53829],[73.76272,18.54057],[73.7653,18.54269],[73.76537,18.54281],[73.76839,18.54798],[73.76684,18.55066],[73.76627,18.55122],[73.7659,18.55159],[73.76435,18.5531],[73.76425,18.55383],[73.76384,18.55693],[73.76538,18.56051],[73.76461,18.56734],[73.76423,18.56839],[73.76393,18.56923],[73.76388,18.56938],[73.76344,18.57061],[73.76315,18.57141],[73.76246,18.57531],[73.76227,18.58317],[73.76169,18.5876],[73.76229,18.5902],[73.76856,18.58874],[73.77276,18.58858],[73.77508,18.58898],[73.77701,18.58799],[73.77764,18.58738],[73.77914,18.58934],[73.78004,18.59154],[73.78104,18.59354],[73.781,18.59645],[73.78106,18.59831],[73.78026,18.59948],[73.77731,18.60428],[73.78006,18.60891],[73.78186,18.61062],[73.78384,18.61274],[73.78487,18.61469],[73.78538,18.61794],[73.78401,18.61965],[73.77886,18.62632],[73.77825,18.62819],[73.77783,18.62949],[73.77508,18.62876],[73.77233,18.62689],[73.7677,18.62616],[73.76375,18.62721],[73.75946,18.62868],[73.7556,18.63014],[73.75397,18.63331],[73.75388,18.63616],[73.75388,18.63982],[73.75139,18.64202],[73.74719,18.64169],[73.74453,18.64137],[73.74212,18.64234],[73.73981,18.64429],[73.73783,18.64641],[73.73543,18.64421],[73.73405,18.6425],[73.73165,18.6434],[73.72547,18.64763],[73.72333,18.64966],[73.7223,18.653],[73.71989,18.65462],[73.7165,18.65549],[73.71672,18.65462],[73.7156,18.65161],[73.7138,18.64738],[73.71182,18.64486],[73.70659,18.64413],[73.7029,18.64381],[73.69732,18.64372],[73.69114,18.64299],[73.68702,18.64193],[73.68453,18.64112],[73.6817,18.64088],[73.67955,18.6421],[73.67526,18.64153],[73.67346,18.64072],[73.67088,18.63779],[73.66917,18.63575],[73.66487,18.6312],[73.6659,18.62616],[73.66565,18.62144],[73.66402,18.6168],[73.66324,18.61339],[73.66299,18.60989],[73.66359,18.60419],[73.66333,18.59834],[73.65784,18.59744],[73.65475,18.59671],[73.65114,18.59752],[73.64857,18.59858],[73.64676,18.60013],[73.64385,18.60216],[73.64024,18.6033],[73.63526,18.60379],[73.63209,18.60322],[73.62685,18.6033],[73.62565,18.60672],[73.6235,18.61046],[73.61981,18.61331],[73.61252,18.61566],[73.60754,18.61688],[73.60033,18.61819],[73.59449,18.61932],[73.58883,18.62128],[73.58488,18.62258],[73.57973,18.62315],[73.57518,18.62347],[73.56952,18.62323],[73.566,18.62323],[73.55887,18.62559],[73.55175,18.62803],[73.5478,18.62998],[73.54154,18.6338],[73.53501,18.63624],[73.52926,18.63762],[73.52489,18.63771],[73.52222,18.63779],[73.51939,18.6325],[73.51656,18.62925],[73.51338,18.62721],[73.50986,18.62542],[73.50729,18.62274],[73.50283,18.61575],[73.49965,18.60932],[73.49759,18.60501],[73.49562,18.60078],[73.4933,18.59671],[73.49133,18.59427],[73.48995,18.59313],[73.48412,18.5937],[73.47939,18.59427],[73.47287,18.59476],[73.46867,18.59492],[73.46257,18.59622],[73.45674,18.59948],[73.45098,18.60216],[73.44661,18.60875],[73.44541,18.61339],[73.4424,18.61583],[73.43905,18.61753],[73.43648,18.61867],[73.43502,18.61981],[73.43528,18.62453],[73.43614,18.62835],[73.43579,18.63185],[73.43433,18.63291],[73.4309,18.63421],[73.42858,18.63527],[73.42584,18.63657],[73.42597,18.64275],[73.42343,18.64946],[73.4218,18.65324],[73.42176,18.65791],[73.42206,18.66178],[73.42185,18.66605],[73.42391,18.6684],[73.42622,18.66922],[73.42841,18.67032],[73.42824,18.67288],[73.42674,18.67365],[73.42459,18.67373],[73.42094,18.67393],[73.4173,18.67467],[73.41296,18.67528],[73.40996,18.67552],[73.40627,18.67556],[73.40159,18.67645],[73.39434,18.67767],[73.38647,18.67793],[73.3867,18.67463],[73.38558,18.67145],[73.3855,18.66926],[73.38756,18.66706],[73.38902,18.66324],[73.3891,18.66023],[73.3885,18.65588],[73.3882,18.65462],[73.38455,18.65442],[73.38275,18.6532],[73.38099,18.65178],[73.37945,18.65051],[73.37696,18.64885],[73.37588,18.64738],[73.37515,18.64596],[73.37494,18.64498],[73.37206,18.64474],[73.36979,18.64368],[73.36842,18.64238],[73.36763,18.64144],[73.36541,18.63876],[73.36297,18.63697],[73.36013,18.63539],[73.3582,18.63283],[73.3567,18.63104],[73.35558,18.62892],[73.35451,18.62574],[73.35262,18.62018],[73.34889,18.61522],[73.34747,18.61237],[73.34623,18.61318],[73.34498,18.61302],[73.34357,18.61172],[73.34305,18.61009],[73.34267,18.60769],[73.34224,18.60493],[73.34181,18.60334],[73.33932,18.60354],[73.33816,18.60525],[73.33683,18.60639],[73.3355,18.60802],[73.3343,18.60859],[73.33357,18.60607],[73.3334,18.60419],[73.33318,18.60253],[73.33357,18.60098],[73.3343,18.59866],[73.33421,18.59691],[73.33262,18.59537],[73.33095,18.59419],[73.32992,18.59264],[73.33056,18.59004],[73.33108,18.58736],[73.33112,18.58475],[73.33086,18.58235],[73.32945,18.57983],[73.32773,18.57763],[73.32554,18.57503],[73.32344,18.57214],[73.32323,18.56897],[73.32284,18.566],[73.32271,18.5638],[73.32374,18.55737],[73.3264,18.55554],[73.32859,18.55379],[73.33138,18.55229],[73.33344,18.55164],[73.3355,18.55143],[73.33713,18.55184],[73.33923,18.55249],[73.34172,18.55371],[73.34378,18.55396],[73.34932,18.55461],[73.35232,18.55583],[73.35485,18.55729],[73.35855,18.55831],[73.35438,18.55518],[73.34983,18.55082],[73.34812,18.54928],[73.34627,18.54814],[73.34649,18.54553],[73.34606,18.54358],[73.34447,18.54236],[73.34168,18.53988],[73.34138,18.53837],[73.34185,18.53614],[73.34219,18.53402],[73.34267,18.53268],[73.34417,18.5315],[73.34631,18.53194],[73.34872,18.53292],[73.35065,18.53329],[73.35292,18.53353],[73.35451,18.533],[73.35614,18.53203],[73.3582,18.53036],[73.36026,18.52779],[73.36678,18.51994],[73.37082,18.51489],[73.37502,18.51152],[73.38223,18.50558],[73.38464,18.50403],[73.38653,18.50293],[73.38807,18.50297],[73.39082,18.50346],[73.39245,18.50374],[73.39502,18.50472],[73.39665,18.50484],[73.39665,18.50309],[73.3955,18.50171],[73.39339,18.50118],[73.39142,18.5009],[73.3897,18.50016],[73.38751,18.49902],[73.38588,18.49784],[73.38447,18.49483],[73.38219,18.49304],[73.38112,18.49153],[73.37811,18.49088],[73.37704,18.49105],[73.37597,18.49312],[73.3746,18.49341],[73.37412,18.49178],[73.37451,18.49048],[73.37614,18.48905],[73.37726,18.48795],[73.37803,18.48661],[73.37859,18.48466],[73.37919,18.48209],[73.3773,18.48136],[73.37425,18.48116],[73.37224,18.48132],[73.3706,18.48095],[73.36932,18.48034],[73.36781,18.48124],[73.36691,18.48234],[73.36567,18.48392],[73.36477,18.48478],[73.36318,18.48494],[73.36185,18.4851],[73.36082,18.48417],[73.36052,18.4823],[73.36091,18.48067],[73.36103,18.4788],[73.36138,18.47631],[73.3631,18.47204],[73.36335,18.47143],[73.36554,18.46919],[73.36829,18.46768],[73.36987,18.46675],[73.37181,18.46581],[73.37296,18.46536],[73.37365,18.4661],[73.37365,18.46752],[73.37327,18.46915],[73.37421,18.46956],[73.37502,18.4687],[73.3755,18.46862],[73.37605,18.47029],[73.37623,18.47135],[73.37657,18.47354],[73.37708,18.4755],[73.37717,18.47692],[73.37751,18.47888],[73.37786,18.47932],[73.37953,18.47806],[73.38082,18.4766],[73.38202,18.47546],[73.38331,18.47472],[73.38438,18.47603],[73.38408,18.47721],[73.38275,18.4781],[73.38103,18.47965],[73.38112,18.48071],[73.38181,18.48152],[73.38292,18.48323],[73.38365,18.48421],[73.38507,18.48303],[73.38644,18.48238],[73.3876,18.48225],[73.38841,18.4836],[73.38962,18.48531],[73.38876,18.48852],[73.38829,18.49068],[73.38897,18.49259],[73.39095,18.4928],[73.39249,18.4921],[73.39399,18.49121],[73.3955,18.49125],[73.39661,18.49292],[73.39824,18.49528],[73.3997,18.49703],[73.40099,18.49858],[73.40219,18.50106],[73.40352,18.50163],[73.40584,18.50122],[73.40755,18.50073],[73.40846,18.5002],[73.40781,18.49853],[73.40725,18.49613],[73.40665,18.49442],[73.40597,18.49247],[73.40511,18.49048],[73.40459,18.48889],[73.40404,18.48722],[73.40386,18.48555],[73.40382,18.48384],[73.40459,18.48221],[73.40571,18.48083],[73.40708,18.47928],[73.4079,18.47786],[73.40828,18.47586],[73.40635,18.47493],[73.40378,18.47595],[73.40236,18.47623],[73.40056,18.47582],[73.40056,18.4742],[73.40146,18.47257],[73.40232,18.4698],[73.40399,18.46601],[73.40369,18.46447],[73.4018,18.46329],[73.40086,18.46215],[73.40107,18.46007],[73.40146,18.45771],[73.40168,18.45563],[73.40189,18.45372],[73.40249,18.45136],[73.40185,18.44676],[73.3991,18.44619],[73.39648,18.44533],[73.39468,18.44423],[73.39374,18.44228],[73.39365,18.43972],[73.39442,18.43695],[73.39532,18.43336],[73.39914,18.42237],[73.39944,18.41879],[73.39979,18.41569],[73.4,18.4126],[73.40026,18.40853],[73.39957,18.40275],[73.39996,18.40079],[73.40077,18.39949],[73.40271,18.40051],[73.40382,18.40161],[73.40537,18.4012],[73.40618,18.40006],[73.40725,18.39949],[73.40807,18.39949],[73.40901,18.40124],[73.40979,18.40323],[73.41052,18.40462],[73.4118,18.40645],[73.41408,18.40661],[73.41584,18.40556],[73.4176,18.40442],[73.41906,18.40307],[73.42039,18.40099],[73.42163,18.39871],[73.42262,18.39513],[73.42356,18.39277],[73.42412,18.38878],[73.42438,18.38658],[73.42386,18.3819],[73.42365,18.37949],[73.42356,18.37709],[73.42451,18.37432],[73.42609,18.37261],[73.42875,18.3709],[73.43112,18.36951],[73.43305,18.36821],[73.43506,18.36687],[73.43729,18.3652],[73.43957,18.36279],[73.43914,18.36218],[73.44013,18.36076],[73.44026,18.35974],[73.4503,18.35721],[73.45274,18.3566],[73.45425,18.3573],[73.45639,18.3588],[73.45927,18.36047],[73.46223,18.36267],[73.46502,18.36467],[73.46785,18.36585],[73.46987,18.3645],[73.47154,18.36157],[73.47424,18.35888],[73.47828,18.35823],[73.4818,18.35791],[73.48416,18.35689],[73.4866,18.35538],[73.48875,18.35326],[73.49171,18.35245],[73.49798,18.35147],[73.50403,18.35257],[73.50802,18.35212],[73.51145,18.35163],[73.51467,18.35188],[73.51892,18.35428],[73.52428,18.3562],[73.52961,18.35791],[73.53347,18.3608],[73.54364,18.36389],[73.55578,18.36866],[73.56729,18.37334],[73.57093,18.37554],[73.57308,18.37737],[73.5745,18.38006],[73.57445,18.38218],[73.57415,18.38393],[73.57355,18.38536],[73.57158,18.38682],[73.56909,18.38784],[73.56711,18.38849],[73.56445,18.38882],[73.56287,18.38947],[73.56329,18.39114],[73.56364,18.39318],[73.56372,18.39595],[73.56179,18.39892],[73.56008,18.40087],[73.5569,18.40291],[73.55347,18.40454],[73.55055,18.40454],[73.54849,18.40568],[73.54746,18.40763],[73.54694,18.41048],[73.54737,18.41398],[73.55021,18.41521],[73.55587,18.41692],[73.56214,18.41814],[73.57098,18.42229],[73.5799,18.42278],[73.58299,18.42392],[73.58531,18.42555],[73.58771,18.42677],[73.58994,18.42783],[73.59424,18.42954],[73.59724,18.42823],[73.59964,18.42693],[73.60351,18.42555],[73.60694,18.42441],[73.61106,18.42302],[73.61569,18.42164],[73.61827,18.41895],[73.62016,18.41683],[73.62162,18.41407],[73.62308,18.40959],[73.62153,18.40421],[73.61938,18.39973],[73.6181,18.39281],[73.62016,18.39012],[73.6229,18.39077],[73.62582,18.39273],[73.62685,18.39631],[73.62745,18.40055],[73.62677,18.40429],[73.62634,18.4082],[73.62677,18.41048],[73.6314,18.41032],[73.63672,18.40999],[73.64204,18.4091]]]}},{"id":"24","type":"Feature","properties":{"osm_id":10351626,"name":"Pune City Subdistrict","admin_level":"6","osm_boundary_type":"boundary"},"geometry":{"type":"Polygon","coordinates":[[[73.77233,18.48889],[73.7754,18.4874],[73.77673,18.48521],[73.77703,18.48028],[73.78482,18.47993],[73.78744,18.47939],[73.79231,18.47865],[73.79328,18.47739],[73.79504,18.47568],[73.79298,18.47363],[73.79051,18.47171],[73.7871,18.46966],[73.78711,18.4691],[73.78791,18.46928],[73.78887,18.46996],[73.79108,18.47046],[73.79293,18.47125],[73.79357,18.47114],[73.79401,18.47053],[73.79601,18.46996],[73.79836,18.46976],[73.79965,18.46553],[73.80019,18.46154],[73.80135,18.45944],[73.80175,18.45724],[73.79821,18.45594],[73.79542,18.45122],[73.79657,18.44768],[73.80225,18.44717],[73.80697,18.44737],[73.80712,18.44478],[73.80742,18.44362],[73.80954,18.44487],[73.80969,18.4453],[73.81038,18.44725],[73.81116,18.44724],[73.81836,18.44714],[73.81967,18.44713],[73.81798,18.45282],[73.8173,18.45511],[73.81684,18.45667],[73.81302,18.4584],[73.81313,18.45927],[73.81584,18.45964],[73.81598,18.45966],[73.81995,18.46021],[73.82476,18.46229],[73.8257,18.46105],[73.82568,18.45899],[73.82702,18.45838],[73.83083,18.46015],[73.83467,18.46292],[73.83619,18.46483],[73.83943,18.46461],[73.84012,18.46306],[73.84181,18.4631],[73.84194,18.46154],[73.84551,18.46154],[73.84495,18.46015],[73.84286,18.45769],[73.83992,18.45372],[73.84331,18.45273],[73.84503,18.45218],[73.84678,18.45166],[73.8459,18.45078],[73.84512,18.45013],[73.84341,18.44882],[73.8431,18.44857],[73.84202,18.44771],[73.84237,18.44692],[73.84227,18.44584],[73.84284,18.44503],[73.84345,18.44412],[73.84348,18.44318],[73.84371,18.44196],[73.84406,18.44158],[73.84443,18.44123],[73.84729,18.44038],[73.84875,18.44186],[73.84963,18.44157],[73.85044,18.44049],[73.85122,18.44062],[73.85176,18.43926],[73.85268,18.43767],[73.85353,18.43698],[73.85392,18.43514],[73.85493,18.43369],[73.85836,18.43345],[73.85986,18.43538],[73.86291,18.4342],[73.86417,18.43231],[73.86619,18.43282],[73.8692,18.43843],[73.87022,18.43902],[73.87203,18.43756],[73.87432,18.43754],[73.8761,18.43919],[73.87716,18.43723],[73.87774,18.43528],[73.87874,18.43068],[73.87937,18.4295],[73.88014,18.43245],[73.88046,18.4344],[73.88116,18.43748],[73.8813,18.43809],[73.88559,18.44069],[73.89022,18.44082],[73.89005,18.44513],[73.89043,18.44491],[73.89104,18.44456],[73.89333,18.44448],[73.89548,18.43904],[73.89999,18.44],[73.89782,18.4443],[73.89657,18.44975],[73.8973,18.45427],[73.8999,18.45531],[73.90273,18.45675],[73.90522,18.45869],[73.90932,18.45804],[73.91786,18.46109],[73.91923,18.46109],[73.92136,18.46032],[73.92267,18.46025],[73.92348,18.45877],[73.9246,18.45787],[73.92567,18.45812],[73.92707,18.4604],[73.92825,18.46239],[73.92975,18.46304],[73.93681,18.46426],[73.94043,18.46457],[73.94234,18.46768],[73.9435,18.46992],[73.94395,18.472],[73.94438,18.48034],[73.94666,18.48549],[73.94846,18.48952],[73.94912,18.49158],[73.9502,18.4941],[73.95088,18.49402],[73.95578,18.49345],[73.95721,18.50354],[73.95138,18.50476],[73.94842,18.50354],[73.94297,18.50224],[73.94408,18.50553],[73.9452,18.50749],[73.94511,18.5103],[73.93923,18.51074],[73.93245,18.51127],[73.93288,18.51518],[73.93301,18.51872],[73.93318,18.5212],[73.93516,18.52385],[73.94245,18.5247],[73.94305,18.52568],[73.94777,18.52316],[73.9543,18.52287],[73.95584,18.53418],[73.95794,18.53675],[73.9606,18.54134],[73.96185,18.54285],[73.96314,18.54338],[73.96331,18.54452],[73.96996,18.54289],[73.97176,18.54195],[73.97395,18.53943],[73.97537,18.54737],[73.97558,18.552],[73.97502,18.55766],[73.97374,18.56262],[73.97489,18.56939],[73.9749,18.56942],[73.97799,18.56954],[73.97829,18.57112],[73.9812,18.57072],[73.98133,18.5699],[73.98657,18.56978],[73.99382,18.56807],[73.99884,18.5684],[73.99893,18.56966],[74.00399,18.56954],[74.00614,18.57902],[74.0082,18.58312],[74.01605,18.58866],[74.02021,18.59187],[74.02,18.59362],[74.01888,18.59537],[74.0185,18.59919],[74.01614,18.60192],[74.01438,18.6022],[74.0124,18.60505],[74.00747,18.60924],[74.00356,18.61241],[73.9988,18.6096],[73.99348,18.60647],[73.99178,18.60615],[73.98957,18.60582],[73.98631,18.60448],[73.98502,18.60403],[73.98159,18.60192],[73.97966,18.60098],[73.97597,18.60057],[73.97181,18.60057],[73.96927,18.60318],[73.9661,18.60602],[73.96185,18.60578],[73.96155,18.59976],[73.96138,18.59655],[73.95923,18.59659],[73.95868,18.59429],[73.95863,18.59411],[73.95818,18.59233],[73.95707,18.58803],[73.95691,18.58683],[73.95601,18.58028],[73.95623,18.57865],[73.95412,18.57206],[73.95288,18.57112],[73.95245,18.57075],[73.94837,18.56815],[73.94614,18.566],[73.94443,18.56714],[73.94657,18.56856],[73.94627,18.56933],[73.94413,18.57011],[73.94297,18.57316],[73.94477,18.57389],[73.9446,18.57605],[73.94164,18.57645],[73.94185,18.57987],[73.94438,18.5793],[73.94365,18.58231],[73.9431,18.5867],[73.94348,18.59171],[73.93044,18.59496],[73.9273,18.59468],[73.92541,18.59651],[73.92129,18.59691],[73.91722,18.59695],[73.90969,18.59689],[73.90838,18.59691],[73.90795,18.59956],[73.90795,18.60171],[73.9076,18.60428],[73.90649,18.6094],[73.90516,18.61766],[73.88889,18.62087],[73.88546,18.61209],[73.88194,18.59573],[73.86847,18.60045],[73.86546,18.59557],[73.86332,18.58695],[73.8592,18.5867],[73.8598,18.58365],[73.85902,18.58357],[73.85596,18.58262],[73.85368,18.58146],[73.85222,18.57794],[73.85104,18.57513],[73.84928,18.57367],[73.84748,18.573],[73.84497,18.57269],[73.84184,18.57361],[73.83894,18.57503],[73.83739,18.57511],[73.83632,18.57507],[73.8357,18.57505],[73.83424,18.5744],[73.83209,18.5733],[73.83091,18.57068],[73.82911,18.56856],[73.82714,18.5684],[73.82456,18.56897],[73.82096,18.56933],[73.81602,18.56889],[73.81285,18.56811],[73.80963,18.56795],[73.8092,18.56824],[73.80405,18.56921],[73.8019,18.56938],[73.80036,18.56917],[73.79791,18.56828],[73.79641,18.56714],[73.79362,18.56437],[73.79251,18.56376],[73.79113,18.56384],[73.78976,18.56417],[73.78839,18.56535],[73.7883,18.56657],[73.78886,18.56791],[73.78993,18.56909],[73.78989,18.57064],[73.78959,18.57202],[73.78843,18.57271],[73.78418,18.57568],[73.78122,18.57812],[73.78002,18.58085],[73.77903,18.58483],[73.77764,18.58738],[73.77701,18.58799],[73.77508,18.58898],[73.77276,18.58858],[73.76856,18.58874],[73.76229,18.5902],[73.76169,18.5876],[73.76227,18.58317],[73.76246,18.57531],[73.76315,18.57141],[73.76344,18.57061],[73.76388,18.56938],[73.76393,18.56923],[73.76423,18.56839],[73.76461,18.56734],[73.76538,18.56051],[73.76384,18.55693],[73.76425,18.55383],[73.76435,18.5531],[73.7659,18.55159],[73.76627,18.55122],[73.76684,18.55066],[73.76839,18.54798],[73.76537,18.54281],[73.7653,18.54269],[73.76272,18.54057],[73.75937,18.53829],[73.75354,18.53609],[73.74985,18.53317],[73.75113,18.53032],[73.75388,18.52934],[73.75731,18.52934],[73.76379,18.52791],[73.76381,18.52733],[73.76379,18.52684],[73.763,18.52446],[73.7621,18.52228],[73.76109,18.51986],[73.76126,18.51811],[73.76105,18.51193],[73.76053,18.50753],[73.76152,18.5038],[73.76461,18.49896],[73.7692,18.49274],[73.77233,18.48889]]]}},{"id":"25","type":"Feature","properties":{"osm_id":10351627,"name":"Haveli Subdistrict","admin_level":"6","osm_boundary_type":"boundary"},"geometry":{"type":"Polygon","coordinates":[[[73.77764,18.58738],[73.77914,18.58934],[73.78004,18.59154],[73.78104,18.59354],[73.781,18.59645],[73.78106,18.59831],[73.78026,18.59948],[73.77731,18.60428],[73.78006,18.60891],[73.78186,18.61062],[73.78384,18.61274],[73.78487,18.61469],[73.78538,18.61794],[73.78401,18.61965],[73.77886,18.62632],[73.77825,18.62819],[73.77783,18.62949],[73.77508,18.62876],[73.77233,18.62689],[73.7677,18.62616],[73.76375,18.62721],[73.75946,18.62868],[73.7556,18.63014],[73.75397,18.63331],[73.75388,18.63616],[73.75388,18.63982],[73.75139,18.64202],[73.74719,18.64169],[73.74453,18.64137],[73.74212,18.64234],[73.73981,18.64429],[73.73783,18.64641],[73.73543,18.64421],[73.73405,18.6425],[73.73165,18.6434],[73.72547,18.64763],[73.72333,18.64966],[73.7223,18.653],[73.71989,18.65462],[73.7165,18.65549],[73.71629,18.65633],[73.71079,18.65909],[73.71015,18.67227],[73.71135,18.67906],[73.71135,18.68841],[73.71273,18.68894],[73.7159,18.68845],[73.718,18.69654],[73.71822,18.69833],[73.71912,18.70056],[73.71968,18.70312],[73.72066,18.70666],[73.72444,18.70816],[73.72551,18.708],[73.72869,18.70845],[73.73036,18.70759],[73.73272,18.70589],[73.735,18.70426],[73.73938,18.70304],[73.74255,18.70284],[73.7441,18.70455],[73.74504,18.70784],[73.7453,18.71081],[73.74714,18.71377],[73.74869,18.71617],[73.75023,18.71881],[73.75277,18.72219],[73.75525,18.72198],[73.75697,18.72052],[73.7589,18.71877],[73.76092,18.71816],[73.76307,18.7191],[73.76478,18.72101],[73.7653,18.72263],[73.76663,18.72743],[73.76658,18.73312],[73.76753,18.73613],[73.76744,18.73901],[73.77023,18.73946],[73.77521,18.7369],[73.77791,18.73454],[73.78049,18.73283],[73.78392,18.72971],[73.78577,18.72617],[73.7874,18.72137],[73.78808,18.71873],[73.79014,18.71662],[73.79225,18.71394],[73.79851,18.70552],[73.8007,18.70361],[73.80349,18.70292],[73.80508,18.70333],[73.8077,18.70442],[73.80845,18.70473],[73.8101,18.7054],[73.81302,18.70467],[73.81392,18.70373],[73.81396,18.70356],[73.81452,18.70101],[73.81495,18.69812],[73.81504,18.69649],[73.81508,18.69589],[73.81619,18.68885],[73.81731,18.68698],[73.82049,18.68727],[73.82293,18.68841],[73.82568,18.6895],[73.83023,18.69011],[73.83439,18.68987],[73.83834,18.68889],[73.84109,18.68845],[73.84387,18.68865],[73.85302,18.68849],[73.85508,18.68536],[73.85555,18.68452],[73.85692,18.68211],[73.86048,18.6815],[73.86289,18.68345],[73.86443,18.68524],[73.86679,18.68731],[73.86907,18.68873],[73.87104,18.68902],[73.87447,18.6878],[73.87842,18.68576],[73.88095,18.68337],[73.88216,18.68129],[73.88391,18.67963],[73.88559,18.67938],[73.8916,18.67853],[73.8946,18.67755],[73.89688,18.67528],[73.89825,18.6719],[73.89984,18.66865],[73.9019,18.66592],[73.90503,18.66218],[73.90863,18.65844],[73.91215,18.65848],[73.91396,18.65759],[73.91619,18.6558],[73.91889,18.65397],[73.92104,18.65312],[73.92374,18.65328],[73.92563,18.65397],[73.92962,18.65596],[73.93181,18.65771],[73.93447,18.66048],[73.93623,18.66283],[73.9394,18.66271],[73.94043,18.66153],[73.94069,18.6597],[73.94061,18.65735],[73.94052,18.65438],[73.94108,18.65031],[73.94481,18.64527],[73.94752,18.64368],[73.95108,18.64311],[73.95511,18.64141],[73.95726,18.64023],[73.96069,18.63917],[73.96348,18.63828],[73.9667,18.63677],[73.96799,18.63527],[73.96846,18.63453],[73.96837,18.63124],[73.96588,18.62847],[73.96451,18.62644],[73.96284,18.62416],[73.96236,18.62213],[73.96339,18.62038],[73.96511,18.61924],[73.96751,18.61961],[73.97129,18.62172],[73.97627,18.62514],[73.98026,18.62843],[73.98223,18.63157],[73.98399,18.63457],[73.98447,18.63714],[73.98464,18.64096],[73.98455,18.64702],[73.98361,18.64929],[73.98103,18.65088],[73.97919,18.65194],[73.97833,18.6534],[73.97863,18.6558],[73.98047,18.65909],[73.98198,18.66056],[73.98472,18.66129],[73.98691,18.6619],[73.9885,18.66304],[73.98979,18.66471],[73.98901,18.6671],[73.98773,18.67023],[73.98541,18.67223],[73.98442,18.67349],[73.98378,18.67548],[73.98391,18.6782],[73.9864,18.68024],[73.98919,18.68097],[73.99159,18.68007],[73.99245,18.67934],[73.99356,18.67727],[73.99425,18.6758],[73.997,18.67308],[73.99957,18.66889],[74.00498,18.66576],[74.00858,18.66462],[74.01245,18.66414],[74.01657,18.66401],[74.02605,18.66324],[74.03352,18.66235],[74.04099,18.66048],[74.04502,18.65934],[74.04871,18.65674],[74.05086,18.65446],[74.05292,18.65178],[74.05635,18.64722],[74.0603,18.64226],[74.06648,18.63722],[74.07077,18.63421],[74.0724,18.63266],[74.07377,18.62843],[74.07454,18.62632],[74.07746,18.6251],[74.08133,18.62559],[74.08579,18.62925],[74.08896,18.63291],[74.096,18.63323],[74.10673,18.62925],[74.11222,18.62559],[74.11626,18.62331],[74.11875,18.6212],[74.12553,18.61892],[74.12991,18.61558],[74.13488,18.61103],[74.13995,18.60802],[74.14467,18.60525],[74.1481,18.60338],[74.15214,18.60395],[74.15548,18.60973],[74.15849,18.61379],[74.16166,18.61615],[74.1675,18.62136],[74.17231,18.62209],[74.17643,18.62054],[74.1808,18.619],[74.18664,18.61908],[74.1905,18.61892],[74.1923,18.61794],[74.19608,18.61721],[74.19591,18.61225],[74.19531,18.60615],[74.19454,18.6011],[74.19351,18.59818],[74.19188,18.59549],[74.18827,18.59159],[74.18338,18.58841],[74.18115,18.5867],[74.179,18.58565],[74.17394,18.58402],[74.16939,18.57963],[74.17128,18.56986],[74.17136,18.56116],[74.17076,18.55449],[74.17162,18.54106],[74.17162,18.53837],[74.1754,18.53577],[74.17952,18.53365],[74.18235,18.53178],[74.18372,18.52812],[74.18252,18.52503],[74.18072,18.52128],[74.17952,18.51933],[74.17969,18.51778],[74.18029,18.51388],[74.17849,18.50362],[74.17763,18.49776],[74.1772,18.49532],[74.17394,18.49402],[74.17136,18.49467],[74.16698,18.49548],[74.16115,18.49605],[74.15754,18.49613],[74.15334,18.49442],[74.15291,18.49133],[74.15325,18.48498],[74.15222,18.4823],[74.15093,18.47717],[74.1499,18.47318],[74.14879,18.47082],[74.14536,18.47008],[74.14158,18.47033],[74.14158,18.46113],[74.1439,18.4538],[74.14372,18.44501],[74.1433,18.42066],[74.14012,18.42164],[74.13634,18.42196],[74.13179,18.42074],[74.12716,18.41814],[74.1233,18.41618],[74.12012,18.41578],[74.11351,18.41594],[74.10793,18.41626],[74.10476,18.41521],[74.10115,18.41464],[74.09643,18.41512],[74.09283,18.417],[74.09068,18.41871],[74.0869,18.42001],[74.08399,18.41952],[74.07987,18.41854],[74.07206,18.41594],[74.06957,18.4135],[74.06605,18.41268],[74.05832,18.41341],[74.05206,18.4139],[74.04571,18.41512],[74.0415,18.41651],[74.03953,18.41863],[74.03901,18.42221],[74.03626,18.42514],[74.033,18.42571],[74.02931,18.42652],[74.02588,18.42758],[74.02262,18.42889],[74.02099,18.43035],[74.01927,18.43141],[74.01798,18.4306],[74.01318,18.42799],[74.00957,18.42595],[74.00537,18.42017],[74.00245,18.4148],[73.99953,18.41219],[73.99223,18.4117],[73.98665,18.41154],[73.98314,18.41081],[73.97335,18.40649],[73.96073,18.40877],[73.95593,18.41358],[73.95095,18.41496],[73.94451,18.41529],[73.94048,18.41455],[73.92511,18.41472],[73.92005,18.41154],[73.91636,18.40975],[73.91164,18.40959],[73.90769,18.41016],[73.90297,18.41089],[73.89913,18.41199],[73.8973,18.41252],[73.89464,18.41244],[73.89215,18.41097],[73.88563,18.40209],[73.88683,18.39778],[73.88915,18.39297],[73.88864,18.38906],[73.88829,18.38572],[73.88769,18.38124],[73.88615,18.37774],[73.88512,18.37546],[73.88434,18.37228],[73.87937,18.36805],[73.87216,18.37074],[73.86701,18.37261],[73.86426,18.37432],[73.86074,18.37228],[73.85817,18.37106],[73.85868,18.37522],[73.86014,18.381],[73.86065,18.38515],[73.86168,18.38727],[73.8658,18.38939],[73.86958,18.39191],[73.87156,18.39436],[73.87216,18.3959],[73.87276,18.39892],[73.8707,18.40144],[73.86804,18.40128],[73.86623,18.39867],[73.8634,18.39843],[73.86074,18.40144],[73.85817,18.40218],[73.85679,18.4003],[73.85516,18.39827],[73.85181,18.39933],[73.84975,18.40348],[73.84486,18.39778],[73.83139,18.39354],[73.83121,18.38947],[73.83173,18.38491],[73.83388,18.38027],[73.84126,18.37253],[73.84735,18.36813],[73.85104,18.36438],[73.85267,18.3608],[73.85653,18.34679],[73.86083,18.34149],[73.86229,18.33848],[73.85971,18.33522],[73.85696,18.33228],[73.85422,18.32984],[73.85199,18.32797],[73.85044,18.32577],[73.84933,18.32218],[73.84855,18.32137],[73.84598,18.32096],[73.84357,18.32397],[73.8428,18.3278],[73.84272,18.33],[73.84212,18.33228],[73.84091,18.33375],[73.8386,18.33652],[73.83456,18.33864],[73.83199,18.34027],[73.83044,18.34345],[73.83121,18.34923],[73.82847,18.35241],[73.82761,18.3542],[73.82615,18.3564],[73.82255,18.35892],[73.8216,18.3577],[73.82177,18.35387],[73.82134,18.35127],[73.81894,18.35045],[73.81508,18.35094],[73.81268,18.35151],[73.81156,18.3507],[73.81096,18.34833],[73.81182,18.34646],[73.81242,18.34369],[73.8125,18.34141],[73.8125,18.33937],[73.81268,18.33636],[73.8113,18.33448],[73.80383,18.33228],[73.79723,18.32511],[73.79731,18.32267],[73.79748,18.31974],[73.79396,18.31689],[73.78967,18.3111],[73.7865,18.30849],[73.78263,18.30613],[73.78057,18.30417],[73.77886,18.30279],[73.775,18.30222],[73.77482,18.30067],[73.77379,18.29782],[73.76933,18.29839],[73.76856,18.29888],[73.76864,18.30385],[73.76813,18.30719],[73.76598,18.31045],[73.76401,18.31558],[73.76015,18.31892],[73.75714,18.32153],[73.7538,18.32414],[73.75053,18.32634],[73.74744,18.3265],[73.74504,18.32479],[73.7429,18.32243],[73.74187,18.32047],[73.73792,18.31591],[73.73809,18.31232],[73.73972,18.30866],[73.74109,18.30523],[73.74264,18.30254],[73.74118,18.29871],[73.73869,18.29774],[73.73397,18.29554],[73.73191,18.28918],[73.73157,18.28404],[73.73002,18.28152],[73.72461,18.28168],[73.72152,18.28282],[73.718,18.28478],[73.71491,18.28665],[73.71277,18.28788],[73.71131,18.29154],[73.71491,18.29472],[73.71569,18.29749],[73.71637,18.30238],[73.7168,18.30605],[73.71526,18.31183],[73.71277,18.31648],[73.712,18.31843],[73.71225,18.3265],[73.71354,18.33082],[73.71354,18.33481],[73.71208,18.34084],[73.71251,18.35143],[73.71097,18.35501],[73.70805,18.35917],[73.71054,18.36593],[73.71105,18.36943],[73.7047,18.37057],[73.70341,18.37017],[73.7017,18.36723],[73.70067,18.36349],[73.69629,18.36332],[73.69363,18.36495],[73.69243,18.36878],[73.69337,18.37342],[73.6938,18.37742],[73.69474,18.38263],[73.69595,18.38768],[73.69474,18.39069],[73.69183,18.39102],[73.68959,18.39142],[73.68693,18.39248],[73.68316,18.3924],[73.68118,18.39102],[73.68118,18.38817],[73.68221,18.38605],[73.68144,18.38271],[73.67921,18.38027],[73.67663,18.37807],[73.67492,18.37587],[73.67397,18.37342],[73.67217,18.3687],[73.67002,18.36544],[73.66728,18.3665],[73.66539,18.37131],[73.66513,18.37375],[73.66445,18.37823],[73.66419,18.38133],[73.66359,18.38515],[73.66127,18.38426],[73.6587,18.3845],[73.65569,18.38532],[73.65269,18.388],[73.65046,18.38825],[73.64668,18.3876],[73.64505,18.38768],[73.64222,18.38923],[73.6423,18.39338],[73.64093,18.39876],[73.63938,18.40266],[73.63998,18.40543],[73.64204,18.4091],[73.65088,18.4047],[73.65698,18.40266],[73.66299,18.40201],[73.66556,18.40193],[73.66848,18.40144],[73.6708,18.40299],[73.6714,18.40486],[73.67054,18.40641],[73.66899,18.40861],[73.66814,18.41113],[73.66882,18.41366],[73.67114,18.41512],[73.67483,18.41806],[73.68333,18.42416],[73.68547,18.42734],[73.68496,18.42986],[73.67878,18.42921],[73.6744,18.42693],[73.67123,18.42481],[73.66711,18.4218],[73.66419,18.41903],[73.66153,18.41789],[73.65775,18.41911],[73.65578,18.42091],[73.65303,18.42392],[73.652,18.42522],[73.64977,18.42571],[73.64924,18.42571],[73.64685,18.42571],[73.64573,18.42652],[73.64539,18.42889],[73.64539,18.43149],[73.64479,18.43345],[73.64316,18.43345],[73.64024,18.43459],[73.63758,18.43556],[73.63595,18.43874],[73.63466,18.44126],[73.63629,18.44468],[73.64007,18.44753],[73.64591,18.45063],[73.65114,18.45299],[73.65612,18.45462],[73.65947,18.45543],[73.66513,18.45478],[73.66994,18.45494],[73.67655,18.45559],[73.68058,18.45559],[73.68341,18.45576],[73.68882,18.46316],[73.69449,18.46911],[73.69904,18.47025],[73.70522,18.46976],[73.71054,18.46894],[73.71457,18.46813],[73.718,18.46642],[73.71981,18.46707],[73.7265,18.47318],[73.73045,18.47375],[73.73225,18.47456],[73.73157,18.47896],[73.73697,18.48181],[73.73843,18.48694],[73.73895,18.48962],[73.74295,18.48754],[73.7441,18.48364],[73.74619,18.48359],[73.74803,18.48393],[73.75001,18.48654],[73.75116,18.4881],[73.75159,18.48985],[73.75551,18.48767],[73.75877,18.48596],[73.76212,18.48482],[73.76418,18.48482],[73.76641,18.48555],[73.76907,18.48661],[73.77233,18.48889],[73.7754,18.4874],[73.77673,18.48521],[73.77703,18.48028],[73.78482,18.47993],[73.78744,18.47939],[73.79231,18.47865],[73.79328,18.47739],[73.79504,18.47568],[73.79298,18.47363],[73.79051,18.47171],[73.7871,18.46966],[73.78711,18.4691],[73.78791,18.46928],[73.78887,18.46996],[73.79108,18.47046],[73.79293,18.47125],[73.79357,18.47114],[73.79401,18.47053],[73.79601,18.46996],[73.79836,18.46976],[73.79965,18.46553],[73.80019,18.46154],[73.80135,18.45944],[73.80175,18.45724],[73.79821,18.45594],[73.79542,18.45122],[73.79657,18.44768],[73.80225,18.44717],[73.80697,18.44737],[73.80712,18.44478],[73.80742,18.44362],[73.80954,18.44487],[73.80969,18.4453],[73.81038,18.44725],[73.81116,18.44724],[73.81836,18.44714],[73.81967,18.44713],[73.81798,18.45282],[73.8173,18.45511],[73.81684,18.45667],[73.81302,18.4584],[73.81313,18.45927],[73.81584,18.45964],[73.81598,18.45966],[73.81995,18.46021],[73.82476,18.46229],[73.8257,18.46105],[73.82568,18.45899],[73.82702,18.45838],[73.83083,18.46015],[73.83467,18.46292],[73.83619,18.46483],[73.83943,18.46461],[73.84012,18.46306],[73.84181,18.4631],[73.84194,18.46154],[73.84551,18.46154],[73.84495,18.46015],[73.84286,18.45769],[73.83992,18.45372],[73.84331,18.45273],[73.84503,18.45218],[73.84678,18.45166],[73.8459,18.45078],[73.84512,18.45013],[73.84341,18.44882],[73.8431,18.44857],[73.84202,18.44771],[73.84237,18.44692],[73.84227,18.44584],[73.84284,18.44503],[73.84345,18.44412],[73.84348,18.44318],[73.84371,18.44196],[73.84406,18.44158],[73.84443,18.44123],[73.84729,18.44038],[73.84875,18.44186],[73.84963,18.44157],[73.85044,18.44049],[73.85122,18.44062],[73.85176,18.43926],[73.85268,18.43767],[73.85353,18.43698],[73.85392,18.43514],[73.85493,18.43369],[73.85836,18.43345],[73.85986,18.43538],[73.86291,18.4342],[73.86417,18.43231],[73.86619,18.43282],[73.8692,18.43843],[73.87022,18.43902],[73.87203,18.43756],[73.87432,18.43754],[73.8761,18.43919],[73.87716,18.43723],[73.87774,18.43528],[73.87874,18.43068],[73.87937,18.4295],[73.88014,18.43245],[73.88046,18.4344],[73.88116,18.43748],[73.8813,18.43809],[73.88559,18.44069],[73.89022,18.44082],[73.89005,18.44513],[73.89043,18.44491],[73.89104,18.44456],[73.89333,18.44448],[73.89548,18.43904],[73.89999,18.44],[73.89782,18.4443],[73.89657,18.44975],[73.8973,18.45427],[73.8999,18.45531],[73.90273,18.45675],[73.90522,18.45869],[73.90932,18.45804],[73.91786,18.46109],[73.91923,18.46109],[73.92136,18.46032],[73.92267,18.46025],[73.92348,18.45877],[73.9246,18.45787],[73.92567,18.45812],[73.92707,18.4604],[73.92825,18.46239],[73.92975,18.46304],[73.93681,18.46426],[73.94043,18.46457],[73.94234,18.46768],[73.9435,18.46992],[73.94395,18.472],[73.94438,18.48034],[73.94666,18.48549],[73.94846,18.48952],[73.94912,18.49158],[73.9502,18.4941],[73.95088,18.49402],[73.95578,18.49345],[73.95721,18.50354],[73.95138,18.50476],[73.94842,18.50354],[73.94297,18.50224],[73.94408,18.50553],[73.9452,18.50749],[73.94511,18.5103],[73.93923,18.51074],[73.93245,18.51127],[73.93288,18.51518],[73.93301,18.51872],[73.93318,18.5212],[73.93516,18.52385],[73.94245,18.5247],[73.94305,18.52568],[73.94777,18.52316],[73.9543,18.52287],[73.95584,18.53418],[73.95794,18.53675],[73.9606,18.54134],[73.96185,18.54285],[73.96314,18.54338],[73.96331,18.54452],[73.96996,18.54289],[73.97176,18.54195],[73.97395,18.53943],[73.97537,18.54737],[73.97558,18.552],[73.97502,18.55766],[73.97374,18.56262],[73.97489,18.56939],[73.9749,18.56942],[73.97799,18.56954],[73.97829,18.57112],[73.9812,18.57072],[73.98133,18.5699],[73.98657,18.56978],[73.99382,18.56807],[73.99884,18.5684],[73.99893,18.56966],[74.00399,18.56954],[74.00614,18.57902],[74.0082,18.58312],[74.01605,18.58866],[74.02021,18.59187],[74.02,18.59362],[74.01888,18.59537],[74.0185,18.59919],[74.01614,18.60192],[74.01438,18.6022],[74.0124,18.60505],[74.00747,18.60924],[74.00356,18.61241],[73.9988,18.6096],[73.99348,18.60647],[73.99178,18.60615],[73.98957,18.60582],[73.98631,18.60448],[73.98502,18.60403],[73.98159,18.60192],[73.97966,18.60098],[73.97597,18.60057],[73.97181,18.60057],[73.96927,18.60318],[73.9661,18.60602],[73.96185,18.60578],[73.96155,18.59976],[73.96138,18.59655],[73.95923,18.59659],[73.95868,18.59429],[73.95863,18.59411],[73.95818,18.59233],[73.95707,18.58803],[73.95691,18.58683],[73.95601,18.58028],[73.95623,18.57865],[73.95412,18.57206],[73.95288,18.57112],[73.95245,18.57075],[73.94837,18.56815],[73.94614,18.566],[73.94443,18.56714],[73.94657,18.56856],[73.94627,18.56933],[73.94413,18.57011],[73.94297,18.57316],[73.94477,18.57389],[73.9446,18.57605],[73.94164,18.57645],[73.94185,18.57987],[73.94438,18.5793],[73.94365,18.58231],[73.9431,18.5867],[73.94348,18.59171],[73.93044,18.59496],[73.9273,18.59468],[73.92541,18.59651],[73.92129,18.59691],[73.91722,18.59695],[73.90969,18.59689],[73.90838,18.59691],[73.90795,18.59956],[73.90795,18.60171],[73.9076,18.60428],[73.90649,18.6094],[73.90516,18.61766],[73.88889,18.62087],[73.88546,18.61209],[73.88194,18.59573],[73.86847,18.60045],[73.86546,18.59557],[73.86332,18.58695],[73.8592,18.5867],[73.8598,18.58365],[73.85902,18.58357],[73.85596,18.58262],[73.85368,18.58146],[73.85222,18.57794],[73.85104,18.57513],[73.84928,18.57367],[73.84748,18.573],[73.84497,18.57269],[73.84184,18.57361],[73.83894,18.57503],[73.83739,18.57511],[73.83632,18.57507],[73.8357,18.57505],[73.83424,18.5744],[73.83209,18.5733],[73.83091,18.57068],[73.82911,18.56856],[73.82714,18.5684],[73.82456,18.56897],[73.82096,18.56933],[73.81602,18.56889],[73.81285,18.56811],[73.80963,18.56795],[73.8092,18.56824],[73.80405,18.56921],[73.8019,18.56938],[73.80036,18.56917],[73.79791,18.56828],[73.79641,18.56714],[73.79362,18.56437],[73.79251,18.56376],[73.79113,18.56384],[73.78976,18.56417],[73.78839,18.56535],[73.7883,18.56657],[73.78886,18.56791],[73.78993,18.56909],[73.78989,18.57064],[73.78959,18.57202],[73.78843,18.57271],[73.78418,18.57568],[73.78122,18.57812],[73.78002,18.58085],[73.77903,18.58483],[73.77764,18.58738]]]}},{"id":"26","type":"Feature","properties":{"osm_id":10351628,"name":"Mawal Subdistrict","admin_level":"6","osm_boundary_type":"boundary"},"geometry":{"type":"Polygon","coordinates":[[[73.52246,18.9831],[73.52416,18.98093],[73.52531,18.97905],[73.52679,18.97763],[73.52795,18.97647],[73.52864,18.97527],[73.52918,18.97418],[73.53497,18.9664],[73.53656,18.96381],[73.53819,18.96178],[73.53742,18.95987],[73.53793,18.95869],[73.53952,18.95748],[73.54257,18.9552],[73.54913,18.94802],[73.55102,18.9453],[73.55441,18.9438],[73.55742,18.94347],[73.56033,18.94213],[73.56256,18.93978],[73.56574,18.93657],[73.56741,18.93446],[73.56939,18.93247],[73.57055,18.9304],[73.57226,18.92866],[73.57385,18.92845],[73.57776,18.92809],[73.58042,18.92585],[73.58299,18.92289],[73.58336,18.92236],[73.58471,18.92041],[73.58716,18.91623],[73.58932,18.91165],[73.58989,18.91046],[73.59018,18.90984],[73.59066,18.90883],[73.59209,18.9058],[73.59763,18.89821],[73.6026,18.89472],[73.61063,18.89082],[73.6117,18.88684],[73.61265,18.88432],[73.61698,18.88253],[73.61913,18.88164],[73.62192,18.88014],[73.62854,18.87807],[73.6291,18.87789],[73.63269,18.87677],[73.63612,18.876],[73.63728,18.87344],[73.63955,18.87051],[73.64123,18.86812],[73.64204,18.86605],[73.64204,18.86341],[73.6417,18.86073],[73.64166,18.85918],[73.64337,18.85654],[73.64561,18.85415],[73.648,18.85271],[73.64878,18.85224],[73.65282,18.85094],[73.65625,18.84964],[73.65852,18.84858],[73.66024,18.84712],[73.66226,18.84489],[73.66376,18.84249],[73.67058,18.8325],[73.67286,18.8301],[73.67487,18.82909],[73.67646,18.82933],[73.67878,18.83006],[73.68196,18.83047],[73.68526,18.83039],[73.68762,18.82994],[73.68968,18.8288],[73.69183,18.82799],[73.69994,18.8275],[73.7044,18.82742],[73.70942,18.82694],[73.71174,18.82438],[73.71294,18.8217],[73.7147,18.81865],[73.71612,18.81581],[73.71723,18.81365],[73.71942,18.81207],[73.72242,18.81073],[73.72539,18.80991],[73.7368,18.80853],[73.74096,18.80496],[73.74174,18.80264],[73.74131,18.80069],[73.73985,18.79866],[73.73895,18.79419],[73.73466,18.78668],[73.73345,18.78367],[73.73217,18.78123],[73.73002,18.77737],[73.73062,18.77567],[73.73397,18.77201],[73.73607,18.76953],[73.73757,18.76697],[73.73899,18.76563],[73.74049,18.76555],[73.74195,18.76701],[73.74358,18.76864],[73.74538,18.77055],[73.75062,18.7738],[73.75294,18.77424],[73.75641,18.774],[73.7583,18.77355],[73.76397,18.7712],[73.76719,18.76957],[73.76774,18.76778],[73.76809,18.766],[73.76667,18.76392],[73.77032,18.7614],[73.77113,18.75958],[73.77135,18.75685],[73.76882,18.75137],[73.76817,18.74893],[73.76779,18.74669],[73.76783,18.7445],[73.76744,18.73902],[73.75899,18.73913],[73.75618,18.73938],[73.75577,18.73942],[73.75332,18.73995],[73.75118,18.74039],[73.74826,18.74141],[73.7453,18.74206],[73.74277,18.74263],[73.73976,18.74234],[73.73865,18.74052],[73.738,18.73747],[73.73796,18.73474],[73.738,18.7319],[73.73719,18.72942],[73.73659,18.72763],[73.735,18.72605],[73.73405,18.72499],[73.73393,18.71686],[73.73114,18.71613],[73.72878,18.71666],[73.72616,18.71633],[73.72427,18.7132],[73.7238,18.71154],[73.72367,18.70975],[73.72444,18.70816],[73.72066,18.70666],[73.71968,18.70312],[73.71912,18.70056],[73.71822,18.69833],[73.718,18.69654],[73.7159,18.68845],[73.71273,18.68894],[73.71135,18.68841],[73.71135,18.67906],[73.71015,18.67227],[73.71079,18.65909],[73.71629,18.65633],[73.7165,18.65549],[73.71672,18.65462],[73.7156,18.65161],[73.7138,18.64738],[73.71182,18.64486],[73.70659,18.64413],[73.7029,18.64381],[73.69732,18.64372],[73.69114,18.64299],[73.68702,18.64193],[73.68453,18.64112],[73.6817,18.64088],[73.67955,18.6421],[73.67526,18.64153],[73.67346,18.64072],[73.67088,18.63779],[73.66917,18.63575],[73.66487,18.6312],[73.6659,18.62616],[73.66565,18.62144],[73.66402,18.6168],[73.66324,18.61339],[73.66299,18.60989],[73.66359,18.60419],[73.66333,18.59834],[73.65784,18.59744],[73.65475,18.59671],[73.65114,18.59752],[73.64857,18.59858],[73.64676,18.60013],[73.64385,18.60216],[73.64024,18.6033],[73.63526,18.60379],[73.63209,18.60322],[73.62685,18.6033],[73.62565,18.60672],[73.6235,18.61046],[73.61981,18.61331],[73.61252,18.61566],[73.60754,18.61688],[73.60033,18.61819],[73.59449,18.61932],[73.58883,18.62128],[73.58488,18.62258],[73.57973,18.62315],[73.57518,18.62347],[73.56952,18.62323],[73.566,18.62323],[73.55887,18.62559],[73.55175,18.62803],[73.5478,18.62998],[73.54154,18.6338],[73.53501,18.63624],[73.52926,18.63762],[73.52489,18.63771],[73.52222,18.63779],[73.51939,18.6325],[73.51656,18.62925],[73.51338,18.62721],[73.50986,18.62542],[73.50729,18.62274],[73.50283,18.61575],[73.49965,18.60932],[73.49759,18.60501],[73.49562,18.60078],[73.4933,18.59671],[73.49133,18.59427],[73.48995,18.59313],[73.48412,18.5937],[73.47939,18.59427],[73.47287,18.59476],[73.46867,18.59492],[73.46257,18.59622],[73.45674,18.59948],[73.45098,18.60216],[73.44661,18.60875],[73.44541,18.61339],[73.4424,18.61583],[73.43905,18.61753],[73.43648,18.61867],[73.43502,18.61981],[73.43528,18.62453],[73.43614,18.62835],[73.43579,18.63185],[73.43433,18.63291],[73.4309,18.63421],[73.42858,18.63527],[73.42584,18.63657],[73.42597,18.64275],[73.42343,18.64946],[73.4218,18.65324],[73.42176,18.65791],[73.42206,18.66178],[73.42185,18.66605],[73.42391,18.6684],[73.42622,18.66922],[73.42841,18.67032],[73.42824,18.67288],[73.42674,18.67365],[73.42459,18.67373],[73.42094,18.67393],[73.4173,18.67467],[73.41296,18.67528],[73.40996,18.67552],[73.40627,18.67556],[73.40159,18.67645],[73.39434,18.67767],[73.38647,18.67793],[73.3864,18.67889],[73.3855,18.68024],[73.38498,18.68357],[73.38528,18.68576],[73.38575,18.68861],[73.3864,18.69081],[73.38597,18.69398],[73.38314,18.6952],[73.38146,18.69698],[73.38129,18.69934],[73.38103,18.70121],[73.37932,18.70296],[73.37781,18.70381],[73.37687,18.7052],[73.37601,18.70735],[73.37442,18.70955],[73.37296,18.70841],[73.37185,18.70633],[73.37086,18.7045],[73.36938,18.70358],[73.36897,18.70333],[73.36498,18.70178],[73.36309,18.70162],[73.36026,18.70137],[73.35996,18.70198],[73.36005,18.70414],[73.36091,18.70707],[73.36164,18.7095],[73.36065,18.71137],[73.3597,18.7102],[73.35777,18.70865],[73.35584,18.70959],[73.35391,18.70926],[73.35309,18.7069],[73.35245,18.70434],[73.34915,18.69918],[73.34803,18.69824],[73.34717,18.69894],[73.34528,18.69796],[73.34374,18.69605],[73.34352,18.69658],[73.3431,18.69837],[73.34121,18.69902],[73.33893,18.69739],[73.33799,18.69637],[73.33627,18.69577],[73.33421,18.69678],[73.33271,18.69865],[73.33237,18.70081],[73.33395,18.70247],[73.33683,18.70381],[73.34026,18.70597],[73.34511,18.71028],[73.34546,18.71062],[73.34644,18.71168],[73.34674,18.71276],[73.34636,18.71361],[73.34552,18.71459],[73.34507,18.71578],[73.34548,18.7178],[73.34777,18.71932],[73.34966,18.72032],[73.35164,18.72093],[73.35307,18.72137],[73.35402,18.72227],[73.35425,18.72357],[73.35415,18.72483],[73.35382,18.72656],[73.35453,18.73316],[73.35528,18.73428],[73.35584,18.73533],[73.35614,18.73743],[73.35638,18.74261],[73.35691,18.74466],[73.3573,18.74669],[73.35797,18.74911],[73.3587,18.75226],[73.35833,18.75399],[73.35782,18.75545],[73.35666,18.75626],[73.35518,18.75626],[73.35256,18.7561],[73.35093,18.75671],[73.35046,18.75813],[73.3535,18.76134],[73.35644,18.76329],[73.35756,18.76622],[73.35975,18.76874],[73.36043,18.76977],[73.36114,18.77166],[73.36327,18.77502],[73.36348,18.77621],[73.36412,18.77847],[73.36451,18.7804],[73.36481,18.78219],[73.36573,18.78523],[73.36709,18.79029],[73.36732,18.79169],[73.36797,18.79326],[73.36915,18.79397],[73.37088,18.7918],[73.37191,18.78981],[73.37229,18.78893],[73.37352,18.78811],[73.37375,18.78841],[73.37409,18.78878],[73.37452,18.78884],[73.37492,18.7889],[73.37522,18.78907],[73.37566,18.78943],[73.37618,18.79005],[73.3771,18.79122],[73.37836,18.7923],[73.37886,18.79292],[73.37884,18.79314],[73.37873,18.79338],[73.37853,18.79374],[73.37834,18.79414],[73.37822,18.79445],[73.37828,18.7946],[73.37842,18.79487],[73.3786,18.7953],[73.37884,18.79641],[73.37902,18.79758],[73.37904,18.79795],[73.37924,18.79829],[73.37969,18.79866],[73.38058,18.7996],[73.38116,18.80037],[73.38143,18.80084],[73.38158,18.80122],[73.38174,18.80217],[73.38174,18.80411],[73.3816,18.80503],[73.38155,18.80538],[73.38156,18.80628],[73.38168,18.80715],[73.38163,18.80751],[73.38143,18.80789],[73.38103,18.80813],[73.38051,18.80827],[73.37999,18.80859],[73.37953,18.80926],[73.37945,18.81004],[73.37966,18.81093],[73.37996,18.8117],[73.38026,18.81386],[73.38013,18.81499],[73.37902,18.81597],[73.37846,18.81784],[73.3794,18.81889],[73.38322,18.8197],[73.38314,18.82178],[73.38292,18.82576],[73.38404,18.83124],[73.3847,18.83465],[73.38614,18.84212],[73.38619,18.84239],[73.38696,18.84635],[73.38799,18.85265],[73.3903,18.85297],[73.39275,18.85244],[73.39386,18.85159],[73.39605,18.85033],[73.39721,18.84822],[73.39871,18.84627],[73.40142,18.8433],[73.40219,18.84412],[73.40408,18.84741],[73.40541,18.8496],[73.40777,18.85248],[73.41042,18.85595],[73.41206,18.85809],[73.41494,18.85975],[73.41923,18.86109],[73.42365,18.86215],[73.42562,18.8641],[73.4273,18.86605],[73.42914,18.86893],[73.43408,18.87648],[73.43631,18.87957],[73.43725,18.8818],[73.43721,18.88424],[73.43725,18.88724],[73.43751,18.89053],[73.43515,18.89971],[73.43721,18.90003],[73.43888,18.90012],[73.44051,18.90064],[73.4406,18.90239],[73.44043,18.90482],[73.43914,18.90621],[73.43678,18.90722],[73.43485,18.90824],[73.43245,18.9101],[73.43129,18.91213],[73.42983,18.9153],[73.43172,18.91623],[73.43369,18.91583],[73.43704,18.9181],[73.43845,18.92037],[73.43983,18.92196],[73.4403,18.92423],[73.44038,18.92594],[73.44141,18.92821],[73.44322,18.92841],[73.44502,18.92687],[73.44571,18.92533],[73.44764,18.92431],[73.45056,18.92533],[73.45553,18.92683],[73.45699,18.92813],[73.45832,18.92947],[73.45809,18.94094],[73.45774,18.94337],[73.45648,18.94424],[73.45626,18.94552],[73.45738,18.95003],[73.45824,18.95551],[73.45871,18.96074],[73.45942,18.96275],[73.46013,18.96476],[73.46103,18.96628],[73.46277,18.96764],[73.46427,18.96831],[73.46819,18.96837],[73.47236,18.96825],[73.47796,18.96825],[73.47843,18.97367],[73.47847,18.97545],[73.47888,18.9769],[73.47955,18.97821],[73.48028,18.9798],[73.48034,18.97994],[73.48167,18.98083],[73.48375,18.98061],[73.48568,18.98004],[73.48785,18.97903],[73.49064,18.9758],[73.49341,18.97302],[73.49832,18.96927],[73.50115,18.96851],[73.50332,18.96785],[73.50555,18.96728],[73.50804,18.96699],[73.50991,18.96699],[73.51218,18.96793],[73.51358,18.97042],[73.51426,18.97205],[73.51422,18.97314],[73.51413,18.97424],[73.51484,18.97493],[73.51579,18.97621],[73.51714,18.97781],[73.51819,18.97899],[73.51894,18.97953],[73.52025,18.97939],[73.52167,18.9798],[73.52246,18.9831]]]}},{"id":"27","type":"Feature","properties":{"osm_id":10351629,"name":"Khed","admin_level":"6","osm_boundary_type":"boundary"},"geometry":{"type":"Polygon","coordinates":[[[73.76744,18.73902],[73.75899,18.73913],[73.75618,18.73938],[73.75577,18.73942],[73.75332,18.73995],[73.75118,18.74039],[73.74826,18.74141],[73.7453,18.74206],[73.74277,18.74263],[73.73976,18.74234],[73.73865,18.74052],[73.738,18.73747],[73.73796,18.73474],[73.738,18.7319],[73.73719,18.72942],[73.73659,18.72763],[73.735,18.72605],[73.73405,18.72499],[73.73393,18.71686],[73.73114,18.71613],[73.72878,18.71666],[73.72616,18.71633],[73.72427,18.7132],[73.7238,18.71154],[73.72367,18.70975],[73.72444,18.70816],[73.72551,18.708],[73.72869,18.70845],[73.73036,18.70759],[73.73272,18.70589],[73.735,18.70426],[73.73938,18.70304],[73.74255,18.70284],[73.7441,18.70455],[73.74504,18.70784],[73.7453,18.71081],[73.74714,18.71377],[73.74869,18.71617],[73.75023,18.71881],[73.75277,18.72219],[73.75525,18.72198],[73.75697,18.72052],[73.7589,18.71877],[73.76092,18.71816],[73.76307,18.7191],[73.76478,18.72101],[73.7653,18.72263],[73.76663,18.72743],[73.76658,18.73312],[73.76753,18.73613],[73.76744,18.73901],[73.77023,18.73946],[73.77521,18.7369],[73.77791,18.73454],[73.78049,18.73283],[73.78392,18.72971],[73.78577,18.72617],[73.7874,18.72137],[73.78808,18.71873],[73.79014,18.71662],[73.79225,18.71394],[73.79851,18.70552],[73.8007,18.70361],[73.80349,18.70292],[73.80508,18.70333],[73.8077,18.70442],[73.80845,18.70473],[73.8101,18.7054],[73.81302,18.70467],[73.81392,18.70373],[73.81396,18.70356],[73.81452,18.70101],[73.81495,18.69812],[73.81504,18.69649],[73.81508,18.69589],[73.81619,18.68885],[73.81731,18.68698],[73.82049,18.68727],[73.82293,18.68841],[73.82568,18.6895],[73.83023,18.69011],[73.83439,18.68987],[73.83834,18.68889],[73.84109,18.68845],[73.84387,18.68865],[73.85302,18.68849],[73.85508,18.68536],[73.85555,18.68452],[73.85692,18.68211],[73.86048,18.6815],[73.86289,18.68345],[73.86443,18.68524],[73.86679,18.68731],[73.86907,18.68873],[73.87104,18.68902],[73.87447,18.6878],[73.87842,18.68576],[73.88095,18.68337],[73.88216,18.68129],[73.88391,18.67963],[73.88559,18.67938],[73.8916,18.67853],[73.8946,18.67755],[73.89688,18.67528],[73.89825,18.6719],[73.89984,18.66865],[73.9019,18.66592],[73.90503,18.66218],[73.90863,18.65844],[73.91215,18.65848],[73.91396,18.65759],[73.91619,18.6558],[73.91889,18.65397],[73.92104,18.65312],[73.92374,18.65328],[73.92563,18.65397],[73.92962,18.65596],[73.93181,18.65771],[73.93447,18.66048],[73.93623,18.66283],[73.9394,18.66271],[73.94043,18.66153],[73.94069,18.6597],[73.94061,18.65735],[73.94052,18.65438],[73.94108,18.65031],[73.94481,18.64527],[73.94752,18.64368],[73.95108,18.64311],[73.95511,18.64141],[73.95726,18.64023],[73.96069,18.63917],[73.96348,18.63828],[73.9667,18.63677],[73.96799,18.63527],[73.96846,18.63453],[73.96837,18.63124],[73.96588,18.62847],[73.96451,18.62644],[73.96284,18.62416],[73.96236,18.62213],[73.96339,18.62038],[73.96511,18.61924],[73.96751,18.61961],[73.97129,18.62172],[73.97627,18.62514],[73.98026,18.62843],[73.98223,18.63157],[73.98399,18.63457],[73.98447,18.63714],[73.98464,18.64096],[73.98455,18.64702],[73.98361,18.64929],[73.98103,18.65088],[73.97919,18.65194],[73.97833,18.6534],[73.97863,18.6558],[73.98047,18.65909],[73.98198,18.66056],[73.98472,18.66129],[73.98691,18.6619],[73.9885,18.66304],[73.98979,18.66471],[73.98901,18.6671],[73.98773,18.67023],[73.98541,18.67223],[73.98442,18.67349],[73.98378,18.67548],[73.98391,18.6782],[73.9864,18.68024],[73.98919,18.68097],[73.99159,18.68007],[73.99245,18.67934],[73.99356,18.67727],[73.99425,18.6758],[73.997,18.67308],[73.99901,18.67593],[74.00245,18.67853],[74.00253,18.68129],[74.00004,18.68446],[73.99803,18.68792],[73.99786,18.69007],[74.0012,18.69276],[74.00451,18.69398],[74.00751,18.69324],[74.01146,18.69182],[74.01451,18.69129],[74.01841,18.69093],[74.02124,18.69255],[74.02682,18.69942],[74.03064,18.7143],[74.03369,18.72613],[74.03476,18.73531],[74.03378,18.7408],[74.03493,18.74568],[74.03605,18.74747],[74.03652,18.74893],[74.03317,18.75019],[74.02923,18.75259],[74.02747,18.75433],[74.02549,18.75669],[74.02339,18.75933],[74.02356,18.76287],[74.0197,18.76579],[74.01652,18.76721],[74.01296,18.76843],[74.01099,18.76933],[74.00966,18.77172],[74.00996,18.77579],[74.00794,18.78022],[74.00609,18.7846],[74.00361,18.78733],[74.0015,18.78879],[73.99957,18.79184],[74.00095,18.79777],[73.99923,18.79996],[73.99743,18.80126],[73.99635,18.80321],[73.99798,18.80569],[74.00039,18.80748],[74.00309,18.80788],[74.0067,18.80654],[74.0097,18.80626],[74.01223,18.80626],[74.01463,18.80638],[74.01627,18.80695],[74.01966,18.81142],[74.02142,18.81292],[74.02382,18.81398],[74.03356,18.81357],[74.03399,18.82417],[74.03536,18.83148],[74.03463,18.83888],[74.0336,18.84164],[74.03073,18.84334],[74.0273,18.84395],[74.02395,18.84452],[74.02137,18.84493],[74.02043,18.84558],[74.02112,18.85057],[74.02262,18.8539],[74.02425,18.855],[74.02785,18.85468],[74.02991,18.85545],[74.0309,18.85614],[74.03519,18.86117],[74.03957,18.86982],[74.04309,18.87303],[74.0439,18.8801],[74.04433,18.88501],[74.04459,18.88883],[74.04339,18.89106],[74.04133,18.89212],[74.03931,18.89313],[74.03738,18.89419],[74.03395,18.89536],[74.03056,18.89614],[74.02983,18.89768],[74.02987,18.90413],[74.03008,18.90811],[74.03086,18.90994],[74.03154,18.91185],[74.03038,18.91347],[74.02845,18.91522],[74.02528,18.91753],[74.02275,18.92098],[74.01339,18.92525],[74.00983,18.92606],[74.00687,18.92683],[74.00481,18.92817],[74.00026,18.92918],[73.99588,18.92922],[73.99215,18.92959],[73.98781,18.92931],[73.98155,18.92715],[73.97867,18.9263],[73.97777,18.92549],[73.97833,18.92273],[73.97936,18.92135],[73.98077,18.91928],[73.98168,18.9166],[73.98211,18.9114],[73.98163,18.90531],[73.98017,18.90206],[73.97811,18.89662],[73.9758,18.89224],[73.97039,18.89025],[73.9543,18.89407],[73.95035,18.89435],[73.94571,18.89451],[73.94305,18.8952],[73.94168,18.8963],[73.94082,18.89865],[73.93988,18.90491],[73.93717,18.90698],[73.93631,18.90958],[73.93567,18.91112],[73.934,18.91201],[73.93061,18.91303],[73.92361,18.91351],[73.92035,18.91518],[73.91507,18.91692],[73.91121,18.917],[73.90778,18.91721],[73.90348,18.917],[73.89928,18.91648],[73.89726,18.91696],[73.897,18.91903],[73.89653,18.92163],[73.89421,18.93146],[73.89409,18.93377],[73.89434,18.93734],[73.89533,18.94018],[73.89537,18.94213],[73.89473,18.94412],[73.89348,18.94603],[73.89194,18.94717],[73.89091,18.94595],[73.88915,18.94335],[73.88773,18.94286],[73.88808,18.94481],[73.88756,18.94688],[73.8849,18.9468],[73.88216,18.94424],[73.8801,18.94319],[73.87915,18.94972],[73.87821,18.95183],[73.87688,18.95411],[73.8749,18.95626],[73.87181,18.95723],[73.86902,18.95654],[73.86121,18.9608],[73.85868,18.96295],[73.85576,18.96576],[73.85181,18.96925],[73.85036,18.97067],[73.84752,18.9716],[73.84478,18.97306],[73.84448,18.97448],[73.84452,18.97651],[73.84435,18.97951],[73.84315,18.98264],[73.83752,18.98495],[73.83285,18.98633],[73.82855,18.99136],[73.82735,18.99315],[73.82615,18.99493],[73.82298,18.99664],[73.82031,18.99867],[73.81701,18.99859],[73.81465,18.99741],[73.8122,18.99554],[73.80984,18.9938],[73.80808,18.99258],[73.80654,18.99376],[73.80688,18.99566],[73.80856,18.99729],[73.80963,18.99911],[73.80924,19.00102],[73.80735,19.00236],[73.80383,19.0022],[73.80023,19.00106],[73.79735,18.9996],[73.79564,18.99741],[73.79474,18.99652],[73.79298,18.99786],[73.79289,19.00167],[73.79328,19.00483],[73.79414,19.00707],[73.79448,19.00934],[73.79332,19.01088],[73.79036,19.01185],[73.78796,19.01331],[73.78525,19.01413],[73.78354,19.0134],[73.78203,19.01303],[73.78135,19.01392],[73.78096,19.01571],[73.78027,19.01737],[73.77783,19.01709],[73.77547,19.01607],[73.77251,19.01583],[73.77083,19.02196],[73.77045,19.02597],[73.76933,19.02877],[73.76757,19.03096],[73.76581,19.03242],[73.76272,19.03433],[73.75753,19.0362],[73.75238,19.03875],[73.74817,19.04127],[73.74568,19.0424],[73.74238,19.04253],[73.7383,19.0422],[73.73242,19.04159],[73.728,19.04261],[73.72045,19.04869],[73.71637,19.04958],[73.71303,19.05076],[73.70903,19.05092],[73.70612,19.05096],[73.70187,19.05186],[73.69762,19.05348],[73.69067,19.05717],[73.68968,19.06041],[73.68904,19.06374],[73.68273,19.07027],[73.67985,19.07177],[73.67711,19.07303],[73.67397,19.07396],[73.6708,19.07534],[73.66844,19.07562],[73.66565,19.07518],[73.66316,19.07392],[73.66123,19.07274],[73.65977,19.07279],[73.65822,19.07429],[73.65509,19.07327],[73.65324,19.07108],[73.65234,19.06922],[73.65149,19.0654],[73.65028,19.06402],[73.64822,19.06338],[73.64406,19.06317],[73.64007,19.06135],[73.63805,19.06273],[73.63634,19.0639],[73.63359,19.06561],[73.63149,19.06703],[73.62956,19.06816],[73.62861,19.0708],[73.62904,19.07327],[73.62934,19.07522],[73.62771,19.07656],[73.62243,19.07623],[73.61921,19.07656],[73.61681,19.07571],[73.60951,19.07635],[73.60089,19.07599],[73.59801,19.07757],[73.59093,19.0796],[73.5887,19.0785],[73.5866,19.07879],[73.58492,19.07725],[73.57999,19.07412],[73.57793,19.06962],[73.57733,19.06703],[73.57789,19.06609],[73.57836,19.06488],[73.57823,19.06118],[73.57872,19.05885],[73.57806,19.05826],[73.57347,19.05768],[73.56769,19.05695],[73.56169,19.05883],[73.55885,19.06027],[73.55409,19.06064],[73.55203,19.06155],[73.54716,19.06433],[73.5445,19.06488],[73.54428,19.06621],[73.54325,19.06788],[73.54252,19.06991],[73.54111,19.07169],[73.539,19.07216],[73.53707,19.0736],[73.53328,19.07301],[73.53137,19.07317],[73.5292,19.07609],[73.52448,19.08169],[73.52345,19.08086],[73.5216,19.07698],[73.52098,19.07437],[73.52113,19.07161],[73.52156,19.0669],[73.52257,19.06321],[73.52343,19.05875],[73.52448,19.05723],[73.52546,19.05569],[73.52499,19.05504],[73.52364,19.055],[73.52233,19.05532],[73.52062,19.05595],[73.51965,19.05654],[73.51847,19.05741],[73.51772,19.05705],[73.51761,19.05607],[73.5177,19.0548],[73.51776,19.05281],[73.51763,19.05243],[73.51725,19.05127],[73.51643,19.0493],[73.51587,19.04814],[73.51525,19.04715],[73.51523,19.04638],[73.51592,19.0461],[73.51729,19.04626],[73.51868,19.04695],[73.51954,19.04772],[73.52083,19.04831],[73.52225,19.04825],[73.52413,19.04806],[73.52611,19.04792],[73.528,19.04743],[73.52999,19.04715],[73.53379,19.04833],[73.53785,19.04859],[73.5398,19.04875],[73.54074,19.04839],[73.54042,19.04725],[73.53971,19.04632],[73.5383,19.04463],[73.53746,19.04317],[73.53557,19.03841],[73.53443,19.03628],[73.53388,19.03484],[73.53388,19.03346],[73.53422,19.03244],[73.53501,19.03135],[73.53598,19.0308],[73.53759,19.02954],[73.54158,19.02674],[73.54269,19.02488],[73.54317,19.0238],[73.54276,19.02242],[73.54192,19.02046],[73.54089,19.01916],[73.54029,19.01841],[73.54027,19.0177],[73.54068,19.01699],[73.54207,19.01624],[73.54362,19.01459],[73.54482,19.01388],[73.54596,19.01285],[73.54731,19.01208],[73.54855,19.01208],[73.54971,19.0125],[73.55072,19.01287],[73.55169,19.01311],[73.55299,19.01315],[73.55366,19.01275],[73.55355,19.0121],[73.55302,19.01096],[73.55233,19.01001],[73.55164,19.00914],[73.55063,19.00822],[73.54973,19.00757],[73.54847,19.00684],[73.54491,19.00341],[73.54372,19.00264],[73.543,19.0013],[73.54214,19.00023],[73.54064,18.99796],[73.54008,18.99745],[73.53845,18.99731],[73.53742,18.99727],[73.53628,18.99751],[73.53491,18.99777],[73.53426,18.99761],[73.53383,18.99719],[73.53364,18.99668],[73.53364,18.9923],[73.5333,18.99106],[73.5324,18.9901],[73.53162,18.98933],[73.53046,18.9885],[73.52806,18.98771],[73.52654,18.98767],[73.52538,18.98722],[73.52392,18.98576],[73.52308,18.98424],[73.52246,18.9831],[73.52416,18.98093],[73.52531,18.97905],[73.52679,18.97763],[73.52795,18.97647],[73.52864,18.97527],[73.52918,18.97418],[73.53497,18.9664],[73.53656,18.96381],[73.53819,18.96178],[73.53742,18.95987],[73.53793,18.95869],[73.53952,18.95748],[73.54257,18.9552],[73.54913,18.94802],[73.55102,18.9453],[73.55441,18.9438],[73.55742,18.94347],[73.56033,18.94213],[73.56256,18.93978],[73.56574,18.93657],[73.56741,18.93446],[73.56939,18.93247],[73.57055,18.9304],[73.57226,18.92866],[73.57385,18.92845],[73.57776,18.92809],[73.58042,18.92585],[73.58299,18.92289],[73.58336,18.92236],[73.58471,18.92041],[73.58716,18.91623],[73.58932,18.91165],[73.58989,18.91046],[73.59018,18.90984],[73.59066,18.90883],[73.59209,18.9058],[73.59763,18.89821],[73.6026,18.89472],[73.61063,18.89082],[73.6117,18.88684],[73.61265,18.88432],[73.61698,18.88253],[73.61913,18.88164],[73.62192,18.88014],[73.62854,18.87807],[73.6291,18.87789],[73.63269,18.87677],[73.63612,18.876],[73.63728,18.87344],[73.63955,18.87051],[73.64123,18.86812],[73.64204,18.86605],[73.64204,18.86341],[73.6417,18.86073],[73.64166,18.85918],[73.64337,18.85654],[73.64561,18.85415],[73.648,18.85271],[73.64878,18.85224],[73.65282,18.85094],[73.65625,18.84964],[73.65852,18.84858],[73.66024,18.84712],[73.66226,18.84489],[73.66376,18.84249],[73.67058,18.8325],[73.67286,18.8301],[73.67487,18.82909],[73.67646,18.82933],[73.67878,18.83006],[73.68196,18.83047],[73.68526,18.83039],[73.68762,18.82994],[73.68968,18.8288],[73.69183,18.82799],[73.69994,18.8275],[73.7044,18.82742],[73.70942,18.82694],[73.71174,18.82438],[73.71294,18.8217],[73.7147,18.81865],[73.71612,18.81581],[73.71723,18.81365],[73.71942,18.81207],[73.72242,18.81073],[73.72539,18.80991],[73.7368,18.80853],[73.74096,18.80496],[73.74174,18.80264],[73.74131,18.80069],[73.73985,18.79866],[73.73895,18.79419],[73.73466,18.78668],[73.73345,18.78367],[73.73217,18.78123],[73.73002,18.77737],[73.73062,18.77567],[73.73397,18.77201],[73.73607,18.76953],[73.73757,18.76697],[73.73899,18.76563],[73.74049,18.76555],[73.74195,18.76701],[73.74358,18.76864],[73.74538,18.77055],[73.75062,18.7738],[73.75294,18.77424],[73.75641,18.774],[73.7583,18.77355],[73.76397,18.7712],[73.76719,18.76957],[73.76774,18.76778],[73.76809,18.766],[73.76667,18.76392],[73.77032,18.7614],[73.77113,18.75958],[73.77135,18.75685],[73.76882,18.75137],[73.76817,18.74893],[73.76779,18.74669],[73.76783,18.7445],[73.76744,18.73902]]]}},{"id":"28","type":"Feature","properties":{"osm_id":10351630,"name":"Ambegaon","admin_level":"6","osm_boundary_type":"boundary"},"geometry":{"type":"Polygon","coordinates":[[[73.63235,19.2064],[73.6364,19.20439],[73.64074,19.20252],[73.64277,19.20115],[73.64805,19.19823],[73.64934,19.19584],[73.65213,19.19454],[73.65406,19.19361],[73.65492,19.19264],[73.65582,19.19106],[73.65672,19.1902],[73.65818,19.18988],[73.66136,19.19069],[73.66342,19.19114],[73.66698,19.19142],[73.66964,19.19101],[73.67269,19.19033],[73.67548,19.19033],[73.67728,19.19073],[73.67994,19.18923],[73.68213,19.18684],[73.68556,19.18566],[73.68882,19.18749],[73.69161,19.18907],[73.69419,19.19008],[73.69685,19.1898],[73.70114,19.18818],[73.70324,19.18648],[73.70522,19.18441],[73.70586,19.18271],[73.70616,19.18108],[73.70762,19.1776],[73.70552,19.17496],[73.70346,19.17379],[73.70131,19.17217],[73.70122,19.17014],[73.70268,19.1673],[73.70178,19.16613],[73.70105,19.16519],[73.70062,19.16402],[73.7014,19.16159],[73.7029,19.15968],[73.70401,19.1581],[73.70685,19.15559],[73.70728,19.15259],[73.70934,19.14975],[73.71157,19.14926],[73.71311,19.15328],[73.71449,19.15782],[73.71702,19.16074],[73.71985,19.16333],[73.72182,19.1654],[73.72384,19.16564],[73.72504,19.16398],[73.72783,19.16414],[73.73032,19.16422],[73.73427,19.16629],[73.73569,19.16767],[73.73783,19.16961],[73.74139,19.16933],[73.74526,19.16848],[73.74762,19.16678],[73.74899,19.16491],[73.74972,19.1626],[73.75182,19.15887],[73.75345,19.15745],[73.75556,19.15684],[73.75749,19.15948],[73.75937,19.16045],[73.76028,19.15822],[73.76079,19.1566],[73.7641,19.15729],[73.76607,19.15822],[73.76899,19.15765],[73.77169,19.15688],[73.77637,19.15709],[73.77817,19.15636],[73.77821,19.15421],[73.77697,19.15222],[73.77637,19.1502],[73.77864,19.14768],[73.78092,19.14622],[73.78298,19.14549],[73.78954,19.14529],[73.79229,19.14355],[73.79366,19.14111],[73.798,19.13463],[73.80787,19.12952],[73.81413,19.12668],[73.82092,19.12554],[73.82735,19.12409],[73.8331,19.12263],[73.84529,19.11411],[73.85138,19.1116],[73.8555,19.1133],[73.85937,19.11273],[73.86289,19.11022],[73.86821,19.10819],[73.87473,19.10632],[73.87868,19.10519],[73.88306,19.10438],[73.88932,19.10365],[73.90374,19.10568],[73.91602,19.10454],[73.92529,19.10519],[73.92752,19.10519],[73.92992,19.10251],[73.93413,19.10316],[73.9397,19.10219],[73.94271,19.09959],[73.94571,19.09546],[73.9476,19.09229],[73.95103,19.08921],[73.95601,19.08994],[73.96193,19.08954],[73.97112,19.08215],[73.97532,19.07745],[73.97618,19.07502],[73.97962,19.08167],[73.98648,19.08086],[73.98983,19.07883],[73.99095,19.07437],[73.99103,19.06991],[73.99189,19.06715],[73.99223,19.06374],[73.99215,19.0596],[73.99249,19.05684],[73.99532,19.05417],[74.00022,19.05498],[74.00262,19.05279],[74.00468,19.05133],[74.00743,19.05084],[74.01215,19.05474],[74.0133,19.05556],[74.01764,19.05863],[74.0209,19.06123],[74.02339,19.06269],[74.05043,19.06317],[74.05549,19.06358],[74.0609,19.0665],[74.06622,19.06796],[74.06931,19.06926],[74.07057,19.06964],[74.07326,19.07047],[74.07935,19.06974],[74.0831,19.06871],[74.08579,19.06796],[74.08684,19.06771],[74.0906,19.06682],[74.09592,19.06577],[74.10089,19.06212],[74.10218,19.05831],[74.10416,19.05449],[74.10699,19.05246],[74.13162,19.03356],[74.13557,19.02934],[74.14026,19.02777],[74.13857,19.02463],[74.13634,19.02407],[74.12647,19.02196],[74.11952,19.02163],[74.11377,19.02106],[74.11188,19.01904],[74.11377,19.0166],[74.11034,19.0136],[74.11085,19.01035],[74.11077,19.00329],[74.11077,19.00029],[74.11042,18.99623],[74.10922,18.99355],[74.10793,18.99063],[74.10871,18.98747],[74.11034,18.9856],[74.11162,18.98292],[74.11514,18.98032],[74.11866,18.98154],[74.12476,18.98049],[74.12879,18.98154],[74.13248,18.98325],[74.13583,18.98576],[74.13617,18.98909],[74.13634,18.99226],[74.1372,18.99396],[74.14038,18.99396],[74.14312,18.99242],[74.14415,18.9886],[74.14836,18.98552],[74.1499,18.97903],[74.15068,18.96839],[74.15205,18.96531],[74.15325,18.96336],[74.15548,18.96206],[74.15814,18.96239],[74.16038,18.96385],[74.16338,18.96515],[74.16595,18.96312],[74.16613,18.95955],[74.16484,18.95557],[74.16261,18.95118],[74.1602,18.94745],[74.15505,18.94274],[74.14947,18.93771],[74.13926,18.92975],[74.14063,18.92171],[74.13591,18.91993],[74.13385,18.91993],[74.12999,18.92041],[74.12527,18.92139],[74.12098,18.92188],[74.11729,18.9209],[74.11446,18.9179],[74.11308,18.91433],[74.11171,18.90629],[74.11497,18.89882],[74.10896,18.88931],[74.10802,18.88542],[74.10888,18.88412],[74.11145,18.88298],[74.11489,18.88217],[74.11789,18.88006],[74.12201,18.87721],[74.12398,18.87518],[74.12398,18.87161],[74.12596,18.8699],[74.13033,18.86861],[74.13042,18.86633],[74.1293,18.86268],[74.12664,18.86016],[74.12355,18.8578],[74.11883,18.85496],[74.11669,18.85293],[74.11231,18.84936],[74.1075,18.84871],[74.10218,18.8483],[74.09883,18.85017],[74.08553,18.86],[74.08304,18.86121],[74.08072,18.86227],[74.07841,18.86398],[74.076,18.86649],[74.07497,18.86731],[74.07068,18.86731],[74.06854,18.86836],[74.06528,18.87088],[74.06227,18.87323],[74.05918,18.87697],[74.05669,18.87998],[74.04433,18.88501],[74.04459,18.88883],[74.04339,18.89106],[74.04133,18.89212],[74.03931,18.89313],[74.03738,18.89419],[74.03395,18.89536],[74.03056,18.89614],[74.02983,18.89768],[74.02987,18.90413],[74.03008,18.90811],[74.03086,18.90994],[74.03154,18.91185],[74.03038,18.91347],[74.02845,18.91522],[74.02528,18.91753],[74.02275,18.92098],[74.01339,18.92525],[74.00983,18.92606],[74.00687,18.92683],[74.00481,18.92817],[74.00026,18.92918],[73.99588,18.92922],[73.99215,18.92959],[73.98781,18.92931],[73.98155,18.92715],[73.97867,18.9263],[73.97777,18.92549],[73.97833,18.92273],[73.97936,18.92135],[73.98077,18.91928],[73.98168,18.9166],[73.98211,18.9114],[73.98163,18.90531],[73.98017,18.90206],[73.97811,18.89662],[73.9758,18.89224],[73.97039,18.89025],[73.9543,18.89407],[73.95035,18.89435],[73.94571,18.89451],[73.94305,18.8952],[73.94168,18.8963],[73.94082,18.89865],[73.93988,18.90491],[73.93717,18.90698],[73.93631,18.90958],[73.93567,18.91112],[73.934,18.91201],[73.93061,18.91303],[73.92361,18.91351],[73.92035,18.91518],[73.91507,18.91692],[73.91121,18.917],[73.90778,18.91721],[73.90348,18.917],[73.89928,18.91648],[73.89726,18.91696],[73.897,18.91903],[73.89653,18.92163],[73.89421,18.93146],[73.89409,18.93377],[73.89434,18.93734],[73.89533,18.94018],[73.89537,18.94213],[73.89473,18.94412],[73.89348,18.94603],[73.89194,18.94717],[73.89091,18.94595],[73.88915,18.94335],[73.88773,18.94286],[73.88808,18.94481],[73.88756,18.94688],[73.8849,18.9468],[73.88216,18.94424],[73.8801,18.94319],[73.87915,18.94972],[73.87821,18.95183],[73.87688,18.95411],[73.8749,18.95626],[73.87181,18.95723],[73.86902,18.95654],[73.86121,18.9608],[73.85868,18.96295],[73.85576,18.96576],[73.85181,18.96925],[73.85036,18.97067],[73.84752,18.9716],[73.84478,18.97306],[73.84448,18.97448],[73.84452,18.97651],[73.84435,18.97951],[73.84315,18.98264],[73.83752,18.98495],[73.83285,18.98633],[73.82855,18.99136],[73.82735,18.99315],[73.82615,18.99493],[73.82298,18.99664],[73.82031,18.99867],[73.81701,18.99859],[73.81465,18.99741],[73.8122,18.99554],[73.80984,18.9938],[73.80808,18.99258],[73.80654,18.99376],[73.80688,18.99566],[73.80856,18.99729],[73.80963,18.99911],[73.80924,19.00102],[73.80735,19.00236],[73.80383,19.0022],[73.80023,19.00106],[73.79735,18.9996],[73.79564,18.99741],[73.79474,18.99652],[73.79298,18.99786],[73.79289,19.00167],[73.79328,19.00483],[73.79414,19.00707],[73.79448,19.00934],[73.79332,19.01088],[73.79036,19.01185],[73.78796,19.01331],[73.78525,19.01413],[73.78354,19.0134],[73.78203,19.01303],[73.78135,19.01392],[73.78096,19.01571],[73.78027,19.01737],[73.77783,19.01709],[73.77547,19.01607],[73.77251,19.01583],[73.77083,19.02196],[73.77045,19.02597],[73.76933,19.02877],[73.76757,19.03096],[73.76581,19.03242],[73.76272,19.03433],[73.75753,19.0362],[73.75238,19.03875],[73.74817,19.04127],[73.74568,19.0424],[73.74238,19.04253],[73.7383,19.0422],[73.73242,19.04159],[73.728,19.04261],[73.72045,19.04869],[73.71637,19.04958],[73.71303,19.05076],[73.70903,19.05092],[73.70612,19.05096],[73.70187,19.05186],[73.69762,19.05348],[73.69067,19.05717],[73.68968,19.06041],[73.68904,19.06374],[73.68273,19.07027],[73.67985,19.07177],[73.67711,19.07303],[73.67397,19.07396],[73.6708,19.07534],[73.66844,19.07562],[73.66565,19.07518],[73.66316,19.07392],[73.66123,19.07274],[73.65977,19.07279],[73.65822,19.07429],[73.65509,19.07327],[73.65324,19.07108],[73.65234,19.06922],[73.65149,19.0654],[73.65028,19.06402],[73.64822,19.06338],[73.64406,19.06317],[73.64007,19.06135],[73.63805,19.06273],[73.63634,19.0639],[73.63359,19.06561],[73.63149,19.06703],[73.62956,19.06816],[73.62861,19.0708],[73.62904,19.07327],[73.62934,19.07522],[73.62771,19.07656],[73.62243,19.07623],[73.61921,19.07656],[73.61681,19.07571],[73.60951,19.07635],[73.60089,19.07599],[73.59801,19.07757],[73.59093,19.0796],[73.5887,19.0785],[73.5866,19.07879],[73.58492,19.07725],[73.57999,19.07412],[73.57793,19.06962],[73.57733,19.06703],[73.57789,19.06609],[73.57836,19.06488],[73.57823,19.06118],[73.57872,19.05885],[73.57806,19.05826],[73.57347,19.05768],[73.56769,19.05695],[73.56169,19.05883],[73.55885,19.06027],[73.55409,19.06064],[73.55203,19.06155],[73.54716,19.06433],[73.5445,19.06488],[73.54428,19.06621],[73.54325,19.06788],[73.54252,19.06991],[73.54111,19.07169],[73.539,19.07216],[73.53707,19.0736],[73.53328,19.07301],[73.53137,19.07317],[73.5292,19.07609],[73.52448,19.08169],[73.52607,19.08329],[73.52699,19.08384],[73.52733,19.08459],[73.52701,19.0854],[73.52484,19.08603],[73.52285,19.08516],[73.52096,19.08493],[73.52001,19.08467],[73.51823,19.0842],[73.51738,19.08408],[73.51628,19.084],[73.51501,19.08408],[73.51431,19.08483],[73.51407,19.08582],[73.51371,19.08692],[73.51347,19.08814],[73.51302,19.09037],[73.51261,19.09156],[73.51227,19.09266],[73.51205,19.09379],[73.51184,19.09501],[73.51218,19.09586],[73.51321,19.09627],[73.51534,19.09744],[73.51677,19.09834],[73.5174,19.09858],[73.51823,19.09905],[73.51806,19.09986],[73.51804,19.09994],[73.51757,19.10083],[73.51722,19.10217],[73.51725,19.10324],[73.51755,19.10472],[73.51819,19.10665],[73.51937,19.10953],[73.51993,19.11202],[73.52031,19.11498],[73.52062,19.11543],[73.52162,19.11604],[73.52233,19.11679],[73.52276,19.11778],[73.52274,19.119],[73.52207,19.12056],[73.5218,19.12133],[73.52235,19.12267],[73.52325,19.12441],[73.52581,19.12966],[73.52742,19.12857],[73.5284,19.12852],[73.5304,19.12808],[73.53169,19.12794],[73.53358,19.12751],[73.53684,19.12542],[73.53778,19.12423],[73.53918,19.12244],[73.54083,19.1206],[73.54179,19.11892],[73.54164,19.12035],[73.5416,19.12218],[73.54162,19.12331],[73.54164,19.12471],[73.54169,19.12605],[73.54186,19.12769],[73.54218,19.12946],[73.54282,19.13357],[73.54312,19.1357],[73.54398,19.13866],[73.54506,19.14042],[73.54501,19.14162],[73.54383,19.14306],[73.54237,19.14428],[73.54132,19.14472],[73.53982,19.14488],[73.53862,19.14683],[73.53755,19.14886],[73.5351,19.14829],[73.53454,19.14645],[73.53377,19.14616],[73.53317,19.14673],[73.53282,19.1479],[73.53094,19.15285],[73.53038,19.15476],[73.53036,19.15512],[73.53036,19.15517],[73.53031,19.15632],[73.53038,19.15709],[73.53278,19.1577],[73.53394,19.15936],[73.53486,19.15992],[73.53613,19.16047],[73.53752,19.16063],[73.53915,19.16033],[73.54162,19.15899],[73.54197,19.15948],[73.54072,19.16179],[73.53907,19.16473],[73.53849,19.16568],[73.53774,19.16704],[73.53705,19.16864],[73.53628,19.17107],[73.53542,19.17421],[73.53501,19.17622],[73.53486,19.17711],[73.53551,19.17752],[73.53617,19.17727],[73.53716,19.17638],[73.53845,19.17537],[73.54209,19.17648],[73.54357,19.17535],[73.54411,19.17527],[73.544,19.17778],[73.54465,19.17946],[73.54456,19.18159],[73.54403,19.18423],[73.5443,19.18528],[73.54675,19.18508],[73.54915,19.18408],[73.55109,19.1836],[73.55417,19.18212],[73.55589,19.1835],[73.55684,19.18408],[73.55885,19.18573],[73.56066,19.18506],[73.56218,19.18461],[73.56308,19.18421],[73.56469,19.18323],[73.56495,19.18522],[73.56499,19.18822],[73.56508,19.1886],[73.57042,19.19016],[73.57256,19.19124],[73.57595,19.19253],[73.57583,19.19067],[73.57613,19.19014],[73.57763,19.19089],[73.57842,19.19073],[73.57975,19.19033],[73.58239,19.18899],[73.5837,19.18866],[73.5852,19.18915],[73.58653,19.18984],[73.58763,19.19061],[73.59016,19.19116],[73.59185,19.19047],[73.59475,19.19176],[73.5958,19.19306],[73.59668,19.19436],[73.59745,19.19397],[73.59986,19.19207],[73.60063,19.19332],[73.60213,19.19306],[73.60265,19.19369],[73.60552,19.19195],[73.60559,19.19474],[73.60634,19.19507],[73.60851,19.19322],[73.60874,19.19486],[73.60949,19.19695],[73.6102,19.20163],[73.61091,19.20445],[73.61121,19.20733],[73.61222,19.2115],[73.61439,19.21219],[73.61644,19.21243],[73.61878,19.21249],[73.62009,19.2128],[73.62243,19.21339],[73.62247,19.2157],[73.62288,19.21602],[73.62447,19.21387],[73.62612,19.21124],[73.62644,19.20956],[73.62649,19.20777],[73.62698,19.20656],[73.62767,19.20579],[73.62891,19.20536],[73.63013,19.205],[73.63108,19.20502],[73.63235,19.2064]]]}},{"id":"29","type":"Feature","properties":{"osm_id":10351631,"name":"Junnar","admin_level":"6","osm_boundary_type":"boundary"},"geometry":{"type":"Polygon","coordinates":[[[73.63235,19.2064],[73.6364,19.20439],[73.64074,19.20252],[73.64277,19.20115],[73.64805,19.19823],[73.64934,19.19584],[73.65213,19.19454],[73.65406,19.19361],[73.65492,19.19264],[73.65582,19.19106],[73.65672,19.1902],[73.65818,19.18988],[73.66136,19.19069],[73.66342,19.19114],[73.66698,19.19142],[73.66964,19.19101],[73.67269,19.19033],[73.67548,19.19033],[73.67728,19.19073],[73.67994,19.18923],[73.68213,19.18684],[73.68556,19.18566],[73.68882,19.18749],[73.69161,19.18907],[73.69419,19.19008],[73.69685,19.1898],[73.70114,19.18818],[73.70324,19.18648],[73.70522,19.18441],[73.70586,19.18271],[73.70616,19.18108],[73.70762,19.1776],[73.70552,19.17496],[73.70346,19.17379],[73.70131,19.17217],[73.70122,19.17014],[73.70268,19.1673],[73.70178,19.16613],[73.70105,19.16519],[73.70062,19.16402],[73.7014,19.16159],[73.7029,19.15968],[73.70401,19.1581],[73.70685,19.15559],[73.70728,19.15259],[73.70934,19.14975],[73.71157,19.14926],[73.71311,19.15328],[73.71449,19.15782],[73.71702,19.16074],[73.71985,19.16333],[73.72182,19.1654],[73.72384,19.16564],[73.72504,19.16398],[73.72783,19.16414],[73.73032,19.16422],[73.73427,19.16629],[73.73569,19.16767],[73.73783,19.16961],[73.74139,19.16933],[73.74526,19.16848],[73.74762,19.16678],[73.74899,19.16491],[73.74972,19.1626],[73.75182,19.15887],[73.75345,19.15745],[73.75556,19.15684],[73.75749,19.15948],[73.75937,19.16045],[73.76028,19.15822],[73.76079,19.1566],[73.7641,19.15729],[73.76607,19.15822],[73.76899,19.15765],[73.77169,19.15688],[73.77637,19.15709],[73.77817,19.15636],[73.77821,19.15421],[73.77697,19.15222],[73.77637,19.1502],[73.77864,19.14768],[73.78092,19.14622],[73.78298,19.14549],[73.78954,19.14529],[73.79229,19.14355],[73.79366,19.14111],[73.798,19.13463],[73.80787,19.12952],[73.81413,19.12668],[73.82092,19.12554],[73.82735,19.12409],[73.8331,19.12263],[73.84529,19.11411],[73.85138,19.1116],[73.8555,19.1133],[73.85937,19.11273],[73.86289,19.11022],[73.86821,19.10819],[73.87473,19.10632],[73.87868,19.10519],[73.88306,19.10438],[73.88932,19.10365],[73.90374,19.10568],[73.91602,19.10454],[73.92529,19.10519],[73.92752,19.10519],[73.92992,19.10251],[73.93413,19.10316],[73.9397,19.10219],[73.94271,19.09959],[73.94571,19.09546],[73.9476,19.09229],[73.95103,19.08921],[73.95601,19.08994],[73.96193,19.08954],[73.97112,19.08215],[73.97532,19.07745],[73.97618,19.07502],[73.97962,19.08167],[73.98648,19.08086],[73.98983,19.07883],[73.99095,19.07437],[73.99103,19.06991],[73.99189,19.06715],[73.99223,19.06374],[73.99215,19.0596],[73.99249,19.05684],[73.99532,19.05417],[74.00022,19.05498],[74.00262,19.05279],[74.00468,19.05133],[74.00743,19.05084],[74.01215,19.05474],[74.0133,19.05556],[74.01764,19.05863],[74.0209,19.06123],[74.02339,19.06269],[74.05043,19.06317],[74.05549,19.06358],[74.0609,19.0665],[74.06622,19.06796],[74.06931,19.06926],[74.07057,19.06964],[74.07326,19.07047],[74.07935,19.06974],[74.0831,19.06871],[74.08579,19.06796],[74.08684,19.06771],[74.0906,19.06682],[74.09592,19.06577],[74.10089,19.06212],[74.10218,19.05831],[74.10416,19.05449],[74.10699,19.05246],[74.13162,19.03356],[74.13557,19.02934],[74.14026,19.02777],[74.14115,19.02747],[74.14587,19.02691],[74.15033,19.02261],[74.15488,19.01944],[74.15909,19.01611],[74.16132,19.01336],[74.16518,19.00995],[74.16698,19.00735],[74.16939,19.00573],[74.17342,19.00703],[74.17686,19.00678],[74.18072,19.00605],[74.18329,19.00784],[74.18509,19.01019],[74.18776,19.0136],[74.18984,19.0165],[74.18926,19.01713],[74.18896,19.01808],[74.18889,19.0196],[74.18906,19.02104],[74.18928,19.02261],[74.18795,19.02437],[74.18677,19.02498],[74.18552,19.02545],[74.18428,19.02573],[74.18295,19.02593],[74.18166,19.02609],[74.18044,19.02609],[74.17911,19.02636],[74.17739,19.02843],[74.1755,19.03033],[74.17383,19.03143],[74.17495,19.03309],[74.17548,19.03401],[74.17497,19.03537],[74.17357,19.0364],[74.17308,19.03837],[74.17291,19.03971],[74.1728,19.04135],[74.1746,19.04283],[74.17583,19.04352],[74.17659,19.04462],[74.1768,19.04526],[74.1766,19.04584],[74.17667,19.04626],[74.17696,19.04687],[74.1776,19.0468],[74.17829,19.04676],[74.17886,19.04694],[74.17938,19.04725],[74.17986,19.0477],[74.18002,19.04836],[74.18003,19.04846],[74.17997,19.0494],[74.18042,19.05029],[74.18088,19.05064],[74.18136,19.05085],[74.18187,19.05117],[74.18196,19.05134],[74.18203,19.05201],[74.18233,19.05246],[74.18267,19.0527],[74.18332,19.05388],[74.1839,19.05433],[74.18493,19.05474],[74.18567,19.05504],[74.18656,19.0553],[74.18696,19.0556],[74.18712,19.05622],[74.18706,19.05799],[74.18773,19.05887],[74.18828,19.05994],[74.18869,19.06027],[74.18919,19.0602],[74.18971,19.06002],[74.19029,19.05998],[74.19072,19.05997],[74.19127,19.06023],[74.19154,19.06073],[74.19192,19.06261],[74.19196,19.06362],[74.19167,19.06448],[74.19136,19.0652],[74.19126,19.06565],[74.19181,19.06748],[74.19153,19.06848],[74.19111,19.06905],[74.19102,19.06971],[74.19104,19.07028],[74.19108,19.07119],[74.19112,19.07199],[74.19122,19.07248],[74.19076,19.07572],[74.191,19.07698],[74.1914,19.07886],[74.19213,19.07888],[74.19316,19.07908],[74.19323,19.07968],[74.19318,19.08061],[74.19335,19.08161],[74.19353,19.08204],[74.19513,19.08357],[74.1959,19.08456],[74.19739,19.08538],[74.20018,19.08738],[74.20167,19.08816],[74.2022,19.08867],[74.2026,19.0893],[74.20182,19.09003],[74.20081,19.09078],[74.20069,19.09139],[74.20095,19.09217],[74.20095,19.0942],[74.19999,19.09576],[74.19917,19.09718],[74.19861,19.09827],[74.19859,19.09832],[74.19799,19.09955],[74.19778,19.10067],[74.19818,19.10209],[74.19954,19.10462],[74.20005,19.10663],[74.20044,19.10827],[74.20044,19.10831],[74.20054,19.10963],[74.2008,19.11032],[74.20331,19.112],[74.20398,19.11344],[74.20526,19.11533],[74.20702,19.11997],[74.20784,19.12202],[74.20928,19.12417],[74.21005,19.12579],[74.21035,19.12686],[74.21044,19.1281],[74.21127,19.12859],[74.2129,19.12891],[74.21445,19.12936],[74.21584,19.12952],[74.21655,19.12895],[74.21775,19.12859],[74.21895,19.1285],[74.2217,19.12863],[74.22387,19.12855],[74.22496,19.12794],[74.22546,19.1264],[74.22601,19.12536],[74.22722,19.12342],[74.22846,19.12244],[74.23028,19.1221],[74.23237,19.1225],[74.23365,19.12352],[74.23428,19.12449],[74.2349,19.12611],[74.23582,19.13021],[74.2402,19.13805],[74.24269,19.1398],[74.24329,19.14142],[74.24382,19.1432],[74.24393,19.14424],[74.24455,19.1449],[74.24644,19.14531],[74.24769,19.14525],[74.24816,19.14524],[74.24893,19.14523],[74.24979,19.14557],[74.25091,19.1477],[74.25346,19.15099],[74.25593,19.1524],[74.25636,19.15344],[74.25696,19.15494],[74.25764,19.15603],[74.25824,19.15796],[74.26043,19.15877],[74.26249,19.15964],[74.26391,19.16041],[74.26539,19.16142],[74.26674,19.16331],[74.26535,19.16633],[74.26438,19.16742],[74.26384,19.16888],[74.26412,19.17006],[74.26651,19.17415],[74.2664,19.17543],[74.26548,19.17813],[74.26548,19.17954],[74.26605,19.18046],[74.26756,19.18177],[74.27249,19.18552],[74.27678,19.18637],[74.28226,19.18672],[74.2882,19.18672],[74.29438,19.18607],[74.29442,19.18727],[74.29451,19.18917],[74.2953,19.18982],[74.29665,19.18968],[74.29773,19.18931],[74.29921,19.18925],[74.30103,19.19012],[74.3012,19.19132],[74.3024,19.1917],[74.303,19.19144],[74.30346,19.19197],[74.30356,19.19318],[74.30378,19.19444],[74.30573,19.19687],[74.30738,19.19839],[74.30861,19.19922],[74.31002,19.20021],[74.31002,19.20145],[74.31013,19.20281],[74.31041,19.20423],[74.31139,19.2051],[74.31253,19.20532],[74.3135,19.20544],[74.31442,19.20591],[74.31534,19.2064],[74.31661,19.20741],[74.31648,19.20834],[74.31558,19.20964],[74.31397,19.21039],[74.31262,19.21079],[74.31099,19.2111],[74.30912,19.21134],[74.30702,19.21174],[74.30534,19.21213],[74.30356,19.21288],[74.29985,19.21464],[74.29808,19.21591],[74.29779,19.21612],[74.29575,19.21703],[74.29386,19.2177],[74.29178,19.21827],[74.28992,19.21837],[74.28775,19.21853],[74.28389,19.21873],[74.28035,19.21916],[74.27783,19.21946],[74.27586,19.21993],[74.2738,19.22056],[74.27202,19.221],[74.26968,19.22192],[74.26754,19.22364],[74.26542,19.22485],[74.2641,19.22546],[74.2626,19.22599],[74.2614,19.22544],[74.26035,19.22344],[74.25955,19.22248],[74.25878,19.22179],[74.25779,19.22119],[74.25715,19.22076],[74.25451,19.22113],[74.25292,19.22125],[74.25194,19.22096],[74.25116,19.22025],[74.25045,19.21975],[74.24942,19.21963],[74.24857,19.21946],[74.24752,19.21926],[74.24674,19.21892],[74.24661,19.21825],[74.24674,19.21803],[74.24699,19.21769],[74.24697,19.21757],[74.24686,19.21739],[74.24657,19.21727],[74.24633,19.2172],[74.24601,19.21722],[74.24578,19.21699],[74.24507,19.21673],[74.24451,19.21618],[74.24406,19.21559],[74.2438,19.21478],[74.2435,19.21418],[74.24309,19.21389],[74.24258,19.21369],[74.24194,19.21328],[74.2411,19.2128],[74.24003,19.21249],[74.2393,19.21235],[74.23852,19.21207],[74.23788,19.21152],[74.23715,19.2112],[74.23638,19.21104],[74.23571,19.21083],[74.23509,19.21067],[74.23432,19.21075],[74.2337,19.21067],[74.23312,19.21045],[74.23249,19.21008],[74.23187,19.20927],[74.23209,19.20854],[74.23267,19.20789],[74.23239,19.20717],[74.23134,19.20633],[74.23024,19.20556],[74.2293,19.20526],[74.22846,19.20483],[74.22765,19.20415],[74.22702,19.20402],[74.22634,19.20421],[74.22591,19.20441],[74.2249,19.20461],[74.22426,19.20433],[74.22368,19.20483],[74.22292,19.20502],[74.22256,19.20465],[74.2223,19.20406],[74.22215,19.20364],[74.22145,19.20364],[74.22107,19.20381],[74.2205,19.20394],[74.22009,19.20364],[74.21978,19.20316],[74.21926,19.20301],[74.21883,19.20348],[74.21816,19.20378],[74.21699,19.20381],[74.21575,19.20391],[74.21503,19.20401],[74.21357,19.20429],[74.21238,19.20474],[74.21178,19.20501],[74.21095,19.20549],[74.21055,19.20557],[74.21045,19.20559],[74.20846,19.20599],[74.20675,19.20672],[74.2052,19.20712],[74.20389,19.20761],[74.20252,19.20824],[74.20091,19.20876],[74.2005,19.20889],[74.19853,19.20921],[74.19645,19.20929],[74.19372,19.20964],[74.19093,19.20948],[74.18943,19.20982],[74.18823,19.21083],[74.18692,19.21201],[74.18437,19.21385],[74.18151,19.2164],[74.17973,19.21797],[74.1787,19.2189],[74.17752,19.21975],[74.17394,19.22118],[74.17332,19.22171],[74.17275,19.2216],[74.17054,19.22281],[74.16955,19.22337],[74.16856,19.22392],[74.16808,19.22381],[74.16767,19.22328],[74.16663,19.22192],[74.16644,19.22132],[74.16591,19.21961],[74.16532,19.21781],[74.16534,19.21762],[74.16448,19.21608],[74.16379,19.21488],[74.16385,19.21393],[74.164,19.21225],[74.16437,19.21102],[74.16465,19.21009],[74.16528,19.20788],[74.16362,19.20616],[74.16249,19.20583],[74.15888,19.20476],[74.15718,19.20405],[74.15684,19.20665],[74.15666,19.20816],[74.15664,19.20987],[74.15668,19.21212],[74.15537,19.21335],[74.15416,19.2145],[74.15411,19.21458],[74.1539,19.21584],[74.15365,19.21732],[74.15331,19.21948],[74.15528,19.22011],[74.15356,19.22146],[74.15201,19.22146],[74.15188,19.22228],[74.15139,19.22547],[74.14978,19.22519],[74.14673,19.2246],[74.14499,19.22445],[74.14173,19.22415],[74.1392,19.22427],[74.13564,19.22441],[74.13337,19.22366],[74.1304,19.22368],[74.12927,19.22317],[74.12711,19.22218],[74.12672,19.22205],[74.12611,19.22213],[74.12594,19.22227],[74.12511,19.22264],[74.12385,19.22317],[74.12123,19.22433],[74.11735,19.22602],[74.11667,19.22744],[74.11561,19.22966],[74.11556,19.22965],[74.11526,19.22958],[74.11504,19.22949],[74.11438,19.22847],[74.11439,19.22813],[74.11443,19.22618],[74.11397,19.22583],[74.11348,19.22605],[74.11338,19.22663],[74.11332,19.22672],[74.11329,19.22676],[74.11323,19.22682],[74.1131,19.22686],[74.11303,19.22686],[74.11296,19.22683],[74.11249,19.22652],[74.11092,19.22742],[74.11017,19.22821],[74.10949,19.22841],[74.10867,19.22876],[74.10803,19.22868],[74.10775,19.22929],[74.10749,19.22938],[74.10729,19.22929],[74.10655,19.22995],[74.10608,19.2303],[74.10596,19.23038],[74.10584,19.23042],[74.10573,19.23042],[74.10562,19.23039],[74.10513,19.2301],[74.10461,19.23041],[74.10389,19.23004],[74.10345,19.22957],[74.10297,19.23017],[74.10148,19.23065],[74.10146,19.23056],[74.10065,19.23062],[74.10075,19.23106],[74.10083,19.2314],[74.10079,19.2317],[74.10071,19.23241],[74.10061,19.23324],[74.09925,19.23314],[74.09896,19.23289],[74.09843,19.2325],[74.09752,19.23203],[74.09702,19.23221],[74.09707,19.23282],[74.09587,19.23282],[74.09548,19.23312],[74.09516,19.23331],[74.09505,19.23353],[74.09469,19.23403],[74.09434,19.23418],[74.09358,19.23376],[74.09264,19.2346],[74.09193,19.23495],[74.09075,19.23488],[74.08938,19.2355],[74.089,19.23618],[74.08826,19.23729],[74.0872,19.23756],[74.08583,19.23794],[74.08418,19.23841],[74.08417,19.23849],[74.08389,19.23879],[74.08369,19.23853],[74.08401,19.23765],[74.08455,19.2361],[74.08513,19.23434],[74.08475,19.2333],[74.08528,19.23262],[74.08613,19.23199],[74.08719,19.23161],[74.08782,19.23138],[74.08897,19.23143],[74.08985,19.23117],[74.09038,19.23078],[74.09134,19.23039],[74.09195,19.22979],[74.09205,19.22972],[74.09298,19.22844],[74.09325,19.2277],[74.09292,19.22739],[74.09254,19.22752],[74.09216,19.22761],[74.08942,19.22793],[74.08753,19.22892],[74.08694,19.22955],[74.08646,19.23006],[74.08641,19.23015],[74.08525,19.23103],[74.08464,19.23147],[74.08361,19.23218],[74.08163,19.23373],[74.07743,19.23564],[74.07478,19.236],[74.07454,19.23593],[74.07368,19.2354],[74.07167,19.23518],[74.06884,19.23745],[74.0642,19.24123],[74.06183,19.24297],[74.06047,19.24558],[74.05996,19.24565],[74.05733,19.24439],[74.05497,19.24159],[74.05486,19.24166],[74.05422,19.2413],[74.05378,19.24213],[74.05304,19.24287],[74.05141,19.24352],[74.05069,19.24359],[74.04983,19.24328],[74.04988,19.24484],[74.04943,19.24525],[74.04888,19.24735],[74.04918,19.25127],[74.0492,19.25182],[74.04788,19.25185],[74.04755,19.25273],[74.04741,19.25338],[74.04721,19.25453],[74.04687,19.25526],[74.04652,19.256],[74.0459,19.25747],[74.04567,19.25778],[74.04572,19.25786],[74.04562,19.25905],[74.04554,19.25945],[74.04552,19.25976],[74.0456,19.26008],[74.04559,19.26021],[74.04538,19.26104],[74.04538,19.26125],[74.0453,19.2615],[74.04516,19.26165],[74.04506,19.26166],[74.04434,19.26177],[74.04419,19.26178],[74.04397,19.2617],[74.04369,19.26156],[74.0431,19.26118],[74.04245,19.26087],[74.04226,19.26034],[74.04208,19.25983],[74.04182,19.25937],[74.04142,19.25896],[74.04087,19.25852],[74.04069,19.25834],[74.04003,19.25785],[74.03974,19.2576],[74.03936,19.25753],[74.03928,19.25737],[74.03896,19.25699],[74.03858,19.25671],[74.03781,19.25608],[74.03769,19.25604],[74.03687,19.25535],[74.03649,19.25495],[74.03635,19.25473],[74.03609,19.25454],[74.03583,19.25429],[74.03526,19.25351],[74.03418,19.25209],[74.03329,19.25086],[74.03279,19.25014],[74.03267,19.24991],[74.03244,19.2496],[74.0322,19.24941],[74.03144,19.24925],[74.03102,19.24943],[74.03095,19.24966],[74.03097,19.24982],[74.03107,19.24997],[74.03118,19.25016],[74.0313,19.2505],[74.03159,19.25087],[74.03235,19.25207],[74.03248,19.25249],[74.03253,19.25265],[74.03272,19.25287],[74.03283,19.254],[74.03311,19.25493],[74.03315,19.25507],[74.03323,19.25611],[74.03301,19.25789],[74.03279,19.25807],[74.03251,19.25845],[74.03162,19.25963],[74.03065,19.26075],[74.0305,19.26085],[74.02947,19.26211],[74.02893,19.26287],[74.02897,19.26333],[74.02809,19.26437],[74.02772,19.26453],[74.02746,19.26458],[74.02602,19.2662],[74.02325,19.26646],[74.02359,19.2678],[74.02401,19.26826],[74.02454,19.26922],[74.02461,19.2697],[74.02494,19.27026],[74.02591,19.27054],[74.02704,19.27056],[74.02658,19.27236],[74.02606,19.27407],[74.02605,19.27423],[74.02641,19.27462],[74.02642,19.27472],[74.02673,19.27498],[74.02676,19.27507],[74.02721,19.27561],[74.02746,19.27592],[74.02833,19.27605],[74.02926,19.27648],[74.02962,19.27703],[74.02973,19.27712],[74.03,19.27765],[74.03033,19.27918],[74.03044,19.27929],[74.03037,19.27942],[74.02985,19.27994],[74.03007,19.28261],[74.02727,19.28329],[74.02708,19.28336],[74.02718,19.28435],[74.02706,19.2845],[74.02671,19.28479],[74.02589,19.28473],[74.02585,19.28512],[74.02553,19.28574],[74.02552,19.28633],[74.02541,19.28642],[74.02535,19.2867],[74.02505,19.28679],[74.02494,19.28712],[74.02463,19.28723],[74.02371,19.28839],[74.02225,19.28703],[74.02066,19.2868],[74.02042,19.28617],[74.0205,19.28553],[74.02071,19.28527],[74.02043,19.28447],[74.02002,19.28433],[74.01981,19.28351],[74.01766,19.28557],[74.01723,19.28797],[74.01701,19.28868],[74.01694,19.28929],[74.01737,19.28966],[74.01674,19.29166],[74.01617,19.29367],[74.01573,19.29357],[74.01576,19.29312],[74.01572,19.2931],[74.01569,19.29303],[74.01554,19.2926],[74.01534,19.29252],[74.01452,19.29235],[74.01446,19.29247],[74.01382,19.29267],[74.01386,19.29293],[74.01295,19.29441],[74.01181,19.29498],[74.01227,19.2966],[74.01231,19.29729],[74.01241,19.29858],[74.01236,19.29926],[74.01386,19.29909],[74.01551,19.29937],[74.01583,19.2977],[74.01628,19.29739],[74.01689,19.29789],[74.01838,19.29687],[74.01895,19.29584],[74.01901,19.29532],[74.02021,19.2968],[74.02091,19.29672],[74.02117,19.29874],[74.0229,19.29913],[74.02265,19.29995],[74.0235,19.2991],[74.02429,19.29792],[74.02473,19.29861],[74.02533,19.29863],[74.02444,19.30153],[74.02443,19.30185],[74.02518,19.30169],[74.02489,19.30246],[74.02434,19.30334],[74.02419,19.30364],[74.02333,19.30565],[74.02284,19.30679],[74.02233,19.30787],[74.02188,19.3088],[74.02109,19.30903],[74.01992,19.30941],[74.02062,19.3097],[74.02119,19.30963],[74.02157,19.30977],[74.02172,19.3103],[74.02252,19.31022],[74.02448,19.3092],[74.02557,19.3117],[74.02538,19.31284],[74.02515,19.31394],[74.02411,19.31454],[74.02264,19.31323],[74.02247,19.31329],[74.02276,19.31457],[74.02231,19.31508],[74.02173,19.31478],[74.02098,19.31483],[74.01976,19.31536],[74.0195,19.31528],[74.01798,19.31493],[74.01823,19.31546],[74.01893,19.31616],[74.01846,19.31679],[74.01795,19.31725],[74.01793,19.31767],[74.01794,19.3179],[74.01804,19.31803],[74.0184,19.31821],[74.01867,19.31861],[74.01896,19.31936],[74.01877,19.32032],[74.01893,19.3206],[74.01938,19.32076],[74.0195,19.32092],[74.01961,19.32115],[74.01841,19.32165],[74.01772,19.32232],[74.01752,19.32287],[74.01731,19.32333],[74.01699,19.32401],[74.01663,19.32456],[74.01652,19.325],[74.01635,19.32518],[74.01617,19.32579],[74.01424,19.32768],[74.0133,19.32856],[74.01242,19.32877],[74.01243,19.32884],[74.01198,19.32979],[74.01161,19.33036],[74.01157,19.3311],[74.01195,19.33189],[74.01193,19.33327],[74.01186,19.33496],[74.01026,19.33647],[74.01007,19.33659],[74.00733,19.33828],[74.00699,19.33906],[74.00556,19.34036],[74.00368,19.34036],[74.00343,19.3405],[74.00323,19.34049],[74.00205,19.34108],[74.00261,19.34193],[74.00306,19.34249],[74.00311,19.34406],[74.0029,19.34515],[74.00259,19.34699],[74.00253,19.34715],[74.0026,19.34873],[74.00216,19.35063],[74.00219,19.35127],[74.0017,19.353],[74.0015,19.35372],[74.00122,19.35566],[74.00127,19.35579],[74.00059,19.35746],[74.0005,19.35752],[73.99979,19.35912],[73.99901,19.35866],[73.99872,19.35786],[73.99831,19.35684],[73.99795,19.35594],[73.99721,19.3536],[73.99655,19.35282],[73.99592,19.35254],[73.99585,19.35231],[73.9954,19.35212],[73.99475,19.3526],[73.99264,19.35302],[73.99154,19.35229],[73.99103,19.3519],[73.98911,19.35215],[73.98815,19.35085],[73.9877,19.3505],[73.98461,19.34979],[73.98289,19.34939],[73.98175,19.34946],[73.98109,19.34916],[73.97891,19.34967],[73.97877,19.34973],[73.97714,19.3502],[73.97561,19.34973],[73.97268,19.34872],[73.97215,19.35049],[73.97204,19.3519],[73.97175,19.35291],[73.97086,19.35312],[73.97033,19.35355],[73.9694,19.35379],[73.96884,19.35292],[73.9684,19.35207],[73.9677,19.35142],[73.96677,19.35059],[73.9663,19.35011],[73.9655,19.35053],[73.96487,19.35028],[73.96417,19.35021],[73.96357,19.35008],[73.96265,19.34983],[73.96213,19.3498],[73.9584,19.34875],[73.95593,19.34806],[73.95481,19.34754],[73.95384,19.34733],[73.95383,19.34717],[73.95369,19.34492],[73.95477,19.34412],[73.95462,19.34268],[73.95474,19.34258],[73.95538,19.34153],[73.95334,19.34219],[73.95326,19.34196],[73.9534,19.34175],[73.95287,19.34131],[73.9523,19.34096],[73.95116,19.34028],[73.95019,19.33981],[73.94992,19.34022],[73.94975,19.34072],[73.94958,19.34153],[73.94946,19.34237],[73.94892,19.34253],[73.94787,19.34262],[73.94712,19.34249],[73.94676,19.34186],[73.94661,19.34127],[73.94638,19.34033],[73.94582,19.3396],[73.94568,19.33951],[73.94531,19.3395],[73.94426,19.33998],[73.94412,19.34032],[73.94424,19.34073],[73.94437,19.34128],[73.94451,19.34221],[73.94436,19.34345],[73.94442,19.34393],[73.94382,19.34434],[73.94352,19.3442],[73.94346,19.34409],[73.94316,19.34335],[73.94306,19.34262],[73.94266,19.34213],[73.94214,19.34195],[73.94075,19.34246],[73.93932,19.34278],[73.9385,19.34279],[73.93811,19.34196],[73.93847,19.34114],[73.93876,19.34087],[73.93896,19.34066],[73.93907,19.34052],[73.93914,19.34038],[73.93919,19.34018],[73.93917,19.34003],[73.93911,19.33986],[73.93902,19.3397],[73.93873,19.33932],[73.93795,19.33881],[73.9367,19.33851],[73.93591,19.33892],[73.93544,19.33959],[73.93534,19.34008],[73.93492,19.34035],[73.93462,19.34052],[73.93405,19.34078],[73.93349,19.34104],[73.93285,19.34093],[73.93217,19.34034],[73.93118,19.33953],[73.93055,19.33937],[73.92968,19.33963],[73.92945,19.33971],[73.929,19.33978],[73.92841,19.33975],[73.92799,19.33961],[73.92772,19.3394],[73.9278,19.33888],[73.92792,19.33846],[73.92713,19.33851],[73.92663,19.33915],[73.92665,19.33986],[73.9262,19.34076],[73.92523,19.34278],[73.92459,19.34437],[73.92452,19.34461],[73.9246,19.34487],[73.92426,19.34557],[73.92313,19.34579],[73.92285,19.34592],[73.92274,19.34601],[73.92237,19.3465],[73.92194,19.34702],[73.92154,19.34723],[73.92099,19.34783],[73.92059,19.34838],[73.92025,19.34888],[73.92014,19.34937],[73.92009,19.34949],[73.91962,19.35049],[73.91963,19.35157],[73.91996,19.35234],[73.91994,19.35257],[73.91968,19.35344],[73.91934,19.35452],[73.91931,19.35469],[73.91891,19.35535],[73.91817,19.35629],[73.91767,19.35679],[73.91709,19.35734],[73.91626,19.35831],[73.91458,19.36023],[73.91335,19.36198],[73.91334,19.36202],[73.91315,19.36213],[73.9131,19.36216],[73.91294,19.36215],[73.91174,19.36191],[73.90978,19.36156],[73.90779,19.3617],[73.9066,19.36165],[73.90652,19.36156],[73.90589,19.36166],[73.90563,19.36172],[73.90548,19.36172],[73.90528,19.36173],[73.90413,19.36196],[73.90372,19.36243],[73.90214,19.36419],[73.90187,19.36451],[73.90181,19.36453],[73.90179,19.36459],[73.90009,19.36621],[73.8985,19.36756],[73.8977,19.36778],[73.89757,19.36785],[73.89753,19.36783],[73.89611,19.36887],[73.89494,19.3699],[73.89451,19.37026],[73.89295,19.37111],[73.89162,19.37182],[73.89146,19.37192],[73.89143,19.37197],[73.89,19.37216],[73.88827,19.37279],[73.88586,19.37336],[73.88524,19.3731],[73.8847,19.37273],[73.88401,19.37203],[73.8829,19.3711],[73.88248,19.3695],[73.88083,19.36856],[73.87965,19.36731],[73.87934,19.36581],[73.87919,19.36496],[73.87804,19.36321],[73.87695,19.36159],[73.87682,19.36123],[73.87599,19.35994],[73.87496,19.35913],[73.87429,19.35841],[73.87393,19.35823],[73.87306,19.35807],[73.87221,19.35777],[73.87156,19.35746],[73.8682,19.35564],[73.86676,19.35487],[73.86572,19.3555],[73.86531,19.35561],[73.8642,19.35532],[73.86289,19.35536],[73.86255,19.3554],[73.86115,19.35567],[73.86106,19.35569],[73.85826,19.35615],[73.8581,19.35615],[73.85701,19.35607],[73.85652,19.35517],[73.85605,19.35531],[73.85583,19.35555],[73.85377,19.35523],[73.85366,19.3554],[73.85177,19.35721],[73.84924,19.35981],[73.8491,19.35999],[73.84517,19.36274],[73.84106,19.36595],[73.84147,19.36625],[73.84153,19.36647],[73.84156,19.36706],[73.84218,19.36878],[73.84327,19.37053],[73.84331,19.37075],[73.8403,19.37349],[73.83807,19.37567],[73.83746,19.37596],[73.83686,19.37647],[73.83294,19.37768],[73.83209,19.37801],[73.82957,19.37914],[73.82598,19.38119],[73.82363,19.38401],[73.82142,19.38637],[73.81962,19.38687],[73.81726,19.3867],[73.81557,19.38637],[73.81288,19.38743],[73.81264,19.38761],[73.81056,19.39059],[73.80795,19.39269],[73.80439,19.39391],[73.80317,19.39437],[73.80126,19.39475],[73.79813,19.39346],[73.79579,19.39202],[73.79392,19.39094],[73.79022,19.39118],[73.78939,19.39136],[73.78847,19.39047],[73.78076,19.38765],[73.7782,19.38678],[73.78195,19.38014],[73.78334,19.37686],[73.78475,19.37381],[73.78743,19.36742],[73.78917,19.3633],[73.78954,19.36279],[73.79013,19.36197],[73.79156,19.36111],[73.79296,19.36008],[73.79366,19.3584],[73.79319,19.35623],[73.79298,19.35449],[73.7919,19.35071],[73.79231,19.34777],[73.79313,19.34631],[73.79407,19.34476],[73.79508,19.34324],[73.79613,19.3422],[73.79693,19.34063],[73.79705,19.33937],[73.79641,19.33617],[73.79579,19.33342],[73.79544,19.33174],[73.79448,19.33111],[73.79347,19.33123],[73.79229,19.33198],[73.79145,19.33297],[73.79117,19.33443],[73.79111,19.33587],[73.79072,19.33676],[73.78922,19.33674],[73.7877,19.33674],[73.78602,19.33617],[73.78523,19.33522],[73.78414,19.334],[73.78351,19.33334],[73.78291,19.33315],[73.78201,19.33364],[73.78103,19.33443],[73.7795,19.33564],[73.77643,19.33832],[73.77439,19.3402],[73.77321,19.34],[73.77279,19.33894],[73.77287,19.3372],[73.77321,19.33518],[73.77317,19.33315],[73.77296,19.3323],[73.77223,19.33157],[73.77081,19.33133],[73.76894,19.33066],[73.76467,19.32939],[73.76053,19.3291],[73.75809,19.32876],[73.75622,19.32819],[73.75401,19.32678],[73.75045,19.32416],[73.74717,19.32333],[73.74541,19.32313],[73.74408,19.32323],[73.74317,19.32372],[73.74305,19.32451],[73.74414,19.32611],[73.74547,19.32829],[73.74665,19.3305],[73.74779,19.33319],[73.74809,19.33481],[73.74695,19.33534],[73.74506,19.33504],[73.7424,19.3353],[73.73852,19.33431],[73.73225,19.33168],[73.72772,19.33016],[73.72345,19.32858],[73.71903,19.32757],[73.71195,19.32647],[73.70738,19.3254],[73.70547,19.32422],[73.70384,19.32281],[73.70176,19.31971],[73.69889,19.31722],[73.69532,19.31481],[73.69318,19.31335],[73.68917,19.31266],[73.68481,19.31153],[73.6829,19.30964],[73.68234,19.30807],[73.68191,19.3043],[73.68039,19.30355],[73.67807,19.30325],[73.6753,19.30323],[73.67307,19.30264],[73.67247,19.30183],[73.66957,19.29778],[73.66827,19.29452],[73.66822,19.29284],[73.66882,19.29168],[73.67005,19.29067],[73.67155,19.2898],[73.67316,19.28842],[73.67438,19.28706],[73.6756,19.28411],[73.67747,19.28105],[73.67917,19.27929],[73.68013,19.27827],[73.68086,19.2754],[73.68153,19.27443],[73.68322,19.27412],[73.68468,19.2739],[73.6864,19.27301],[73.68775,19.27159],[73.6903,19.26833],[73.69116,19.26511],[73.69204,19.26166],[73.69256,19.25992],[73.69399,19.25836],[73.69431,19.25692],[73.69455,19.25508],[73.69397,19.25305],[73.6918,19.25147],[73.69051,19.25028],[73.68871,19.24864],[73.68798,19.24694],[73.68762,19.24574],[73.68642,19.24487],[73.68558,19.24382],[73.68496,19.24295],[73.68378,19.2423],[73.68228,19.24173],[73.68013,19.24147],[73.67543,19.23987],[73.67198,19.24003],[73.66812,19.23987],[73.66436,19.24022],[73.66342,19.24031],[73.66108,19.24031],[73.65912,19.23898],[73.65758,19.23713],[73.65588,19.23492],[73.65,19.22816],[73.64636,19.22123],[73.64509,19.21973],[73.64009,19.21681],[73.6376,19.21531],[73.63621,19.21343],[73.63569,19.21207],[73.63503,19.21035],[73.6341,19.20868],[73.63235,19.2064]]]}}]}