village,district,village_code,unit,nearest_rail_station,dist_rail_station_km,nearest_icd,dist_icd_km,nearest_port,dist_port_km,nearest_air_cargo,dist_air_cargo_km,nearest_icp,dist_icp_km
John Lawrance (FC),SOUTH ANDAMANS,645541,village,Paradip,1122.81,ICD Bhubaneswar,1173.54,Paradip Port,1116.57,Biju Patnaik International Airport (BBI),1172.93,Zorinpui ICP,1190.47
R.M.Point (FC),SOUTH ANDAMANS,645540,village,Paradip,1162.29,ICD Bhubaneswar,1208.87,Paradip Port,1156.43,Biju Patnaik International Airport (BBI),1208.02,Zorinpui ICP,1266.28
Krishna Nagar (RV),SOUTH ANDAMANS,645520,village,Paradip,1129.27,ICD Bhubaneswar,1179.43,Paradip Port,1123.08,Biju Patnaik International Airport (BBI),1178.79,Zorinpui ICP,1201.77
Radha Nagar (RV),SOUTH ANDAMANS,645521,village,Paradip,1128.45,ICD Bhubaneswar,1178.49,Paradip Port,1122.27,Biju Patnaik International Airport (BBI),1177.84,Zorinpui ICP,1202.52
Lakshmanpur (RV),SOUTH ANDAMANS,645525,village,Paradip,1146.54,ICD Bhubaneswar,1196.3,Paradip Port,1140.38,Biju Patnaik International Airport (BBI),1195.63,Zorinpui ICP,1219.83
Neil Kendra (RV),SOUTH ANDAMANS,645524,village,Paradip,1148.04,ICD Bhubaneswar,1197.84,Paradip Port,1141.88,Biju Patnaik International Airport (BBI),1197.18,Zorinpui ICP,1220.6
Bharatpur (RV),SOUTH ANDAMANS,645359,village,Paradip,1148.52,ICD Bhubaneswar,1198.4,Paradip Port,1142.35,Biju Patnaik International Airport (BBI),1197.73,Zorinpui ICP,1220.17
Ram Nagar (RV),SOUTH ANDAMANS,645526,village,Paradip,1149.94,ICD Bhubaneswar,1199.75,Paradip Port,1143.78,Biju Patnaik International Airport (BBI),1199.08,Zorinpui ICP,1222.01
Sitapur (RV),SOUTH ANDAMANS,645353,village,Paradip,1149.99,ICD Bhubaneswar,1199.9,Paradip Port,1143.82,Biju Patnaik International Airport (BBI),1199.24,Zorinpui ICP,1221.01
Pahargaon part (RV),SOUTH ANDAMANS,645527,village,Paradip,1146.9,ICD Bhubaneswar,1194.52,Paradip Port,1140.94,Biju Patnaik International Airport (BBI),1193.73,Zorinpui ICP,1243.04
Garacharma (CT),SOUTH ANDAMANS,645551,village,Paradip,1147.45,ICD Bhubaneswar,1194.95,Paradip Port,1141.5,Biju Patnaik International Airport (BBI),1194.16,Zorinpui ICP,1244.69
Brookshabad part (RV),SOUTH ANDAMANS,645531,village,Paradip,1150.76,ICD Bhubaneswar,1198.46,Paradip Port,1144.8,Biju Patnaik International Airport (BBI),1197.67,Zorinpui ICP,1245.38
Prothrapur (CT),SOUTH ANDAMANS,645550,village,Paradip,1149.35,ICD Bhubaneswar,1196.92,Paradip Port,1143.39,Biju Patnaik International Airport (BBI),1196.13,Zorinpui ICP,1245.51
Calicut (CT),SOUTH ANDAMANS,645536,village,Paradip,1150.79,ICD Bhubaneswar,1198.27,Paradip Port,1144.85,Biju Patnaik International Airport (BBI),1197.48,Zorinpui ICP,1247.63
Teylorabad (RV),SOUTH ANDAMANS,645533,village,Paradip,1150.56,ICD Bhubaneswar,1197.98,Paradip Port,1144.62,Biju Patnaik International Airport (BBI),1197.19,Zorinpui ICP,1248.04
Sippighat (RV),SOUTH ANDAMANS,645534,village,Paradip,1149.28,ICD Bhubaneswar,1196.49,Paradip Port,1143.35,Biju Patnaik International Airport (BBI),1195.68,Zorinpui ICP,1249.16
Bimilitan (RV) & Kodiyaghat,SOUTH ANDAMANS,645535,village,Paradip,1152.01,ICD Bhubaneswar,1199.35,Paradip Port,1146.08,Biju Patnaik International Airport (BBI),1198.55,Zorinpui ICP,1250.14
Chidiyatapu (RV),SOUTH ANDAMANS,645539,village,Paradip,1157.82,ICD Bhubaneswar,1204.95,Paradip Port,1151.9,Biju Patnaik International Airport (BBI),1204.14,Zorinpui ICP,1256.91
Brichgunj (RV),SOUTH ANDAMANS,645532,village,Paradip,1151.1,ICD Bhubaneswar,1198.72,Paradip Port,1145.15,Biju Patnaik International Airport (BBI),1197.93,Zorinpui ICP,1246.46
Rangachang (RV),SOUTH ANDAMANS,645538,village,Paradip,1153.9,ICD Bhubaneswar,1201.4,Paradip Port,1147.95,Biju Patnaik International Airport (BBI),1200.6,Zorinpui ICP,1249.93
Dollygunj (RV),SOUTH ANDAMANS,645529,village,Paradip,1145.99,ICD Bhubaneswar,1193.57,Paradip Port,1140.04,Biju Patnaik International Airport (BBI),1192.78,Zorinpui ICP,1242.77
Govinda Nagar (RV),SOUTH ANDAMANS,645517,village,Paradip,1128.09,ICD Bhubaneswar,1178.42,Paradip Port,1121.89,Biju Patnaik International Airport (BBI),1177.79,Zorinpui ICP,1199.04
Shyam Nagar (RV),SOUTH ANDAMANS,645519,village,Paradip,1128.66,ICD Bhubaneswar,1178.9,Paradip Port,1122.47,Biju Patnaik International Airport (BBI),1178.25,Zorinpui ICP,1200.54
Viper Island,SOUTH ANDAMANS,,village,Paradip,1143.41,ICD Bhubaneswar,1191.01,Paradip Port,1137.45,Biju Patnaik International Airport (BBI),1190.22,Zorinpui ICP,1240.48
Mohwa Dera (RV),SOUTH ANDAMANS,645472,village,Paradip,1139.83,ICD Bhubaneswar,1186.94,Paradip Port,1133.92,Biju Patnaik International Airport (BBI),1186.12,Zorinpui ICP,1242.7
Mohwa Dera (RV),SOUTH ANDAMANS,645472,village,Paradip,1137.64,ICD Bhubaneswar,1184.78,Paradip Port,1131.73,Biju Patnaik International Airport (BBI),1183.97,Zorinpui ICP,1240.66
Manpur (RV),SOUTH ANDAMANS,645471,village,Paradip,1137.17,ICD Bhubaneswar,1184.43,Paradip Port,1131.25,Biju Patnaik International Airport (BBI),1183.62,Zorinpui ICP,1239.06
Colinpur (RV),SOUTH ANDAMANS,645470,village,Paradip,1135.14,ICD Bhubaneswar,1182.39,Paradip Port,1129.22,Biju Patnaik International Airport (BBI),1181.58,Zorinpui ICP,1237.52
Herbertabad (RV),SOUTH ANDAMANS,645457,village,Paradip,1133.87,ICD Bhubaneswar,1181.22,Paradip Port,1127.94,Biju Patnaik International Airport (BBI),1180.42,Zorinpui ICP,1235.43
Temple Myo (RV),SOUTH ANDAMANS,645455,village,Paradip,1134.9,ICD Bhubaneswar,1182.31,Paradip Port,1128.96,Biju Patnaik International Airport (BBI),1181.51,Zorinpui ICP,1235.65
Tusnabad (RV),SOUTH ANDAMANS,645490,village,Paradip,1137.94,ICD Bhubaneswar,1185.3,Paradip Port,1132.01,Biju Patnaik International Airport (BBI),1184.5,Zorinpui ICP,1238.62
Aniket (RV),SOUTH ANDAMANS,645464,village,Paradip,1136.58,ICD Bhubaneswar,1184.09,Paradip Port,1130.63,Biju Patnaik International Airport (BBI),1183.3,Zorinpui ICP,1235.96
Ferrargunj (RV),SOUTH ANDAMANS,645458,village,Paradip,1136.14,ICD Bhubaneswar,1183.72,Paradip Port,1130.19,Biju Patnaik International Airport (BBI),1182.94,Zorinpui ICP,1234.88
Muslim Basti (RV),SOUTH ANDAMANS,645475,village,Paradip,1140.62,ICD Bhubaneswar,1187.99,Paradip Port,1134.68,Biju Patnaik International Airport (BBI),1187.19,Zorinpui ICP,1240.6
Homfreygunj (RV),SOUTH ANDAMANS,645482,village,Paradip,1147.41,ICD Bhubaneswar,1194.61,Paradip Port,1141.49,Biju Patnaik International Airport (BBI),1193.8,Zorinpui ICP,1247.87
Maymyo (RV),SOUTH ANDAMANS,645483,village,Paradip,1145.09,ICD Bhubaneswar,1192.17,Paradip Port,1139.18,Biju Patnaik International Airport (BBI),1191.36,Zorinpui ICP,1247.23
Hashmatabad (RV),SOUTH ANDAMANS,645485,village,Paradip,1146.96,ICD Bhubaneswar,1194.04,Paradip Port,1141.05,Biju Patnaik International Airport (BBI),1193.22,Zorinpui ICP,1248.73
Bindraban (RV),SOUTH ANDAMANS,645459,village,Paradip,1136.6,ICD Bhubaneswar,1184.24,Paradip Port,1130.65,Biju Patnaik International Airport (BBI),1183.45,Zorinpui ICP,1234.68
Mathura (RV),SOUTH ANDAMANS,645454,village,Paradip,1135.97,ICD Bhubaneswar,1183.67,Paradip Port,1130.0,Biju Patnaik International Airport (BBI),1182.89,Zorinpui ICP,1233.41
Alipur (RV),SOUTH ANDAMANS,645448,village,Paradip,1135.14,ICD Bhubaneswar,1182.89,Paradip Port,1129.17,Biju Patnaik International Airport (BBI),1182.11,Zorinpui ICP,1232.32
Stewartgunj (RV),SOUTH ANDAMANS,645451,village,Paradip,1138.13,ICD Bhubaneswar,1186.03,Paradip Port,1132.15,Biju Patnaik International Airport (BBI),1185.26,Zorinpui ICP,1233.11
Wimberlygunj (CT),SOUTH ANDAMANS,645449,village,Paradip,1136.96,ICD Bhubaneswar,1184.89,Paradip Port,1130.98,Biju Patnaik International Airport (BBI),1184.12,Zorinpui ICP,1231.93
Mannarghat (RV),SOUTH ANDAMANS,645446,village,Paradip,1135.39,ICD Bhubaneswar,1183.38,Paradip Port,1129.4,Biju Patnaik International Airport (BBI),1182.62,Zorinpui ICP,1230.01
Mount Harriet (RV)*,SOUTH ANDAMANS,645450,village,Paradip,1137.68,ICD Bhubaneswar,1185.81,Paradip Port,1131.67,Biju Patnaik International Airport (BBI),1185.05,Zorinpui ICP,1230.31
Malapuram (RV),SOUTH ANDAMANS,645445,village,Paradip,1133.56,ICD Bhubaneswar,1181.61,Paradip Port,1127.56,Biju Patnaik International Airport (BBI),1180.85,Zorinpui ICP,1227.83
Wright Myo (RV),SOUTH ANDAMANS,645443,village,Paradip,1132.7,ICD Bhubaneswar,1180.81,Paradip Port,1126.7,Biju Patnaik International Airport (BBI),1180.05,Zorinpui ICP,1226.62
Kalatang (RV),SOUTH ANDAMANS,645442,village,Paradip,1131.35,ICD Bhubaneswar,1179.5,Paradip Port,1125.34,Biju Patnaik International Airport (BBI),1178.74,Zorinpui ICP,1225.02
Mile Tilek (RV) & Mile Tilek (EFA),SOUTH ANDAMANS,645447,village,Paradip,1128.48,ICD Bhubaneswar,1176.33,Paradip Port,1122.5,Biju Patnaik International Airport (BBI),1175.55,Zorinpui ICP,1225.96
Balughat (RV),SOUTH ANDAMANS,645477,village,Paradip,1141.12,ICD Bhubaneswar,1188.29,Paradip Port,1135.21,Biju Patnaik International Airport (BBI),1187.48,Zorinpui ICP,1243.18
Wandur (RV),SOUTH ANDAMANS,645484,village,Paradip,1144.19,ICD Bhubaneswar,1191.18,Paradip Port,1138.29,Biju Patnaik International Airport (BBI),1190.36,Zorinpui ICP,1247.47
North Bay (RV),SOUTH ANDAMANS,645462,village,Paradip,1141.79,ICD Bhubaneswar,1189.82,Paradip Port,1135.8,Biju Patnaik International Airport (BBI),1189.05,Zorinpui ICP,1234.7
Hope Town (RV),SOUTH ANDAMANS,645461,village,Paradip,1141.3,ICD Bhubaneswar,1189.18,Paradip Port,1135.32,Biju Patnaik International Airport (BBI),1188.4,Zorinpui ICP,1235.85
Shore Point (RV),SOUTH ANDAMANS,645463,village,Paradip,1140.57,ICD Bhubaneswar,1188.37,Paradip Port,1134.59,Biju Patnaik International Airport (BBI),1187.59,Zorinpui ICP,1236.08
Badmash Pahar (RV),SOUTH ANDAMANS,645478,village,Paradip,1142.85,ICD Bhubaneswar,1190.21,Paradip Port,1136.92,Biju Patnaik International Airport (BBI),1189.41,Zorinpui ICP,1242.58
Craikabad (RV),SOUTH ANDAMANS,645479,village,Paradip,1144.11,ICD Bhubaneswar,1191.46,Paradip Port,1138.18,Biju Patnaik International Airport (BBI),1190.66,Zorinpui ICP,1243.65
Namunaghar (RV),SOUTH ANDAMANS,645466,village,Paradip,1139.47,ICD Bhubaneswar,1187.02,Paradip Port,1133.52,Biju Patnaik International Airport (BBI),1186.23,Zorinpui ICP,1237.81
Dundas Point (RV),SOUTH ANDAMANS,645467,village,Paradip,1142.11,ICD Bhubaneswar,1189.75,Paradip Port,1136.15,Biju Patnaik International Airport (BBI),1188.96,Zorinpui ICP,1239.01
Kadakachang (RV),SOUTH ANDAMANS,645460,village,Paradip,1137.81,ICD Bhubaneswar,1185.57,Paradip Port,1131.84,Biju Patnaik International Airport (BBI),1184.79,Zorinpui ICP,1234.32
Govindapuram (RV),SOUTH ANDAMANS,645452,village,Paradip,1138.12,ICD Bhubaneswar,1185.98,Paradip Port,1132.14,Biju Patnaik International Airport (BBI),1185.2,Zorinpui ICP,1233.53
Knapuram (RV),SOUTH ANDAMANS,645453,village,Paradip,1137.4,ICD Bhubaneswar,1185.26,Paradip Port,1131.42,Biju Patnaik International Airport (BBI),1184.49,Zorinpui ICP,1232.98
Shoal Bay (RV),SOUTH ANDAMANS,645440,village,Paradip,1127.86,ICD Bhubaneswar,1176.28,Paradip Port,1121.83,Biju Patnaik International Airport (BBI),1175.54,Zorinpui ICP,1219.44
Guptapara (RV),SOUTH ANDAMANS,645488,village,Paradip,1150.71,ICD Bhubaneswar,1197.75,Paradip Port,1144.8,Biju Patnaik International Airport (BBI),1196.93,Zorinpui ICP,1252.18
Chouldari (RV),SOUTH ANDAMANS,645480,village,Paradip,1145.21,ICD Bhubaneswar,1192.51,Paradip Port,1139.28,Biju Patnaik International Airport (BBI),1191.7,Zorinpui ICP,1245.09
Hobdipur (RV),SOUTH ANDAMANS,645473,village,Paradip,1139.48,ICD Bhubaneswar,1186.76,Paradip Port,1133.56,Biju Patnaik International Airport (BBI),1185.95,Zorinpui ICP,1240.69
Mithakhari (RV),SOUTH ANDAMANS,645468,village,Paradip,1140.78,ICD Bhubaneswar,1188.29,Paradip Port,1134.84,Biju Patnaik International Airport (BBI),1187.5,Zorinpui ICP,1239.34
Ograbraij (RV),SOUTH ANDAMANS,645474,village,Paradip,1140.63,ICD Bhubaneswar,1188.05,Paradip Port,1134.69,Biju Patnaik International Airport (BBI),1187.25,Zorinpui ICP,1240.14
Ramakrishnapur (CT),SOUTH ANDAMANS,645555,village,Paradip,1227.07,ICD Bhubaneswar,1270.87,Paradip Port,1221.46,Visakhapatnam International Airport (VTZ),1265.96,Zorinpui ICP,1347.57
Rabindra Nagar (RV),SOUTH ANDAMANS,645554,village,Paradip,1224.64,ICD Bhubaneswar,1268.44,Paradip Port,1219.02,Visakhapatnam International Airport (VTZ),1263.68,Zorinpui ICP,1345.51
Vivekanandapuram (RV),SOUTH ANDAMANS,645553,village,Paradip,1221.83,ICD Bhubaneswar,1265.68,Paradip Port,1216.21,Visakhapatnam International Airport (VTZ),1261.36,Zorinpui ICP,1342.69
Dugong Creek (OS),SOUTH ANDAMANS,645552,village,Paradip,1221.0,ICD Bhubaneswar,1264.27,Paradip Port,1215.44,Visakhapatnam International Airport (VTZ),1256.74,Zorinpui ICP,1347.82
Netaji Nagar (RV),SOUTH ANDAMANS,645556,village,Paradip,1231.73,ICD Bhubaneswar,1275.32,Paradip Port,1226.13,Visakhapatnam International Airport (VTZ),1268.99,Zorinpui ICP,1353.51
Unnamed,SOUTH ANDAMANS,,village,Paradip,1147.39,ICD Bhubaneswar,1194.74,Paradip Port,1141.45,Biju Patnaik International Airport (BBI),1193.94,Zorinpui ICP,1246.27
Unnamed,SOUTH ANDAMANS,,village,Paradip,1143.3,ICD Bhubaneswar,1190.4,Paradip Port,1137.39,Biju Patnaik International Airport (BBI),1189.58,Zorinpui ICP,1245.6
Unnamed,SOUTH ANDAMANS,,village,Paradip,1149.44,ICD Bhubaneswar,1196.49,Paradip Port,1143.54,Biju Patnaik International Airport (BBI),1195.67,Zorinpui ICP,1251.08
R.M.Point (FC),SOUTH ANDAMANS,,village,Paradip,1155.58,ICD Bhubaneswar,1202.34,Paradip Port,1149.7,Biju Patnaik International Airport (BBI),1201.5,Zorinpui ICP,1258.96
R.M.Point (FC),SOUTH ANDAMANS,,village,Paradip,1157.34,ICD Bhubaneswar,1204.14,Paradip Port,1151.46,Biju Patnaik International Airport (BBI),1203.31,Zorinpui ICP,1259.96
Outram Island,SOUTH ANDAMANS,,village,Paradip,1115.02,ICD Bhubaneswar,1166.48,Paradip Port,1108.72,Biju Patnaik International Airport (BBI),1165.91,Zorinpui ICP,1176.32
Unnamed,SOUTH ANDAMANS,,village,Paradip,1122.41,ICD Bhubaneswar,1173.5,Paradip Port,1116.14,Biju Patnaik International Airport (BBI),1172.91,Zorinpui ICP,1186.15
Hut Bay (CT),SOUTH ANDAMANS,645558,village,Paradip,1235.47,ICD Bhubaneswar,1278.78,Paradip Port,1229.9,Visakhapatnam International Airport (VTZ),1270.66,Zorinpui ICP,1359.45
Sippighat (RV),SOUTH ANDAMANS,645534,village,Paradip,1149.0,ICD Bhubaneswar,1196.32,Paradip Port,1143.07,Biju Patnaik International Airport (BBI),1195.51,Zorinpui ICP,1247.94
South Sentinel Island,SOUTH ANDAMANS,,village,Paradip,1181.28,ICD Bhubaneswar,1224.12,Paradip Port,1175.76,Visakhapatnam International Airport (VTZ),1216.52,Zorinpui ICP,1319.23
South Brother Island,SOUTH ANDAMANS,,village,Paradip,1207.43,ICD Bhubaneswar,1252.17,Paradip Port,1201.73,Biju Patnaik International Airport (BBI),1251.23,Zorinpui ICP,1321.89
Unnamed,SOUTH ANDAMANS,,village,Paradip,1141.45,ICD Bhubaneswar,1189.15,Paradip Port,1135.48,Biju Patnaik International Airport (BBI),1188.36,Zorinpui ICP,1237.87
Unnamed,SOUTH ANDAMANS,,village,Paradip,1140.19,ICD Bhubaneswar,1187.44,Paradip Port,1134.27,Biju Patnaik International Airport (BBI),1186.64,Zorinpui ICP,1241.53
Unnamed,SOUTH ANDAMANS,,village,Paradip,1142.22,ICD Bhubaneswar,1189.49,Paradip Port,1136.3,Biju Patnaik International Airport (BBI),1188.68,Zorinpui ICP,1243.04
Wilson Island,SOUTH ANDAMANS,,village,Paradip,1117.27,ICD Bhubaneswar,1167.9,Paradip Port,1111.04,Biju Patnaik International Airport (BBI),1167.28,Zorinpui ICP,1187.26
Peel Island,SOUTH ANDAMANS,,village,Paradip,1122.64,ICD Bhubaneswar,1173.07,Paradip Port,1116.43,Biju Patnaik International Airport (BBI),1172.44,Zorinpui ICP,1193.68
Nicholson Island,SOUTH ANDAMANS,,village,Paradip,1118.84,ICD Bhubaneswar,1169.24,Paradip Port,1112.63,Biju Patnaik International Airport (BBI),1168.61,Zorinpui ICP,1190.99
Unnamed,SOUTH ANDAMANS,,village,Paradip,1119.61,ICD Bhubaneswar,1170.16,Paradip Port,1113.39,Biju Patnaik International Airport (BBI),1169.53,Zorinpui ICP,1189.95
Unnamed,SOUTH ANDAMANS,,village,Paradip,1120.56,ICD Bhubaneswar,1171.18,Paradip Port,1114.33,Biju Patnaik International Airport (BBI),1170.56,Zorinpui ICP,1189.93
Unnamed,SOUTH ANDAMANS,,village,Paradip,1123.3,ICD Bhubaneswar,1173.65,Paradip Port,1117.1,Biju Patnaik International Airport (BBI),1173.01,Zorinpui ICP,1195.11
Rose Island,SOUTH ANDAMANS,,village,Paradip,1155.74,ICD Bhubaneswar,1205.61,Paradip Port,1149.58,Biju Patnaik International Airport (BBI),1204.95,Zorinpui ICP,1226.03
Unnamed,SOUTH ANDAMANS,,village,Paradip,1150.18,ICD Bhubaneswar,1200.2,Paradip Port,1144.0,Biju Patnaik International Airport (BBI),1199.54,Zorinpui ICP,1219.98
North Cinque Island,SOUTH ANDAMANS,,village,Paradip,1176.99,ICD Bhubaneswar,1223.51,Paradip Port,1171.13,Biju Patnaik International Airport (BBI),1222.66,Zorinpui ICP,1278.78
South Cinque Island,SOUTH ANDAMANS,,village,Paradip,1180.7,ICD Bhubaneswar,1226.96,Paradip Port,1174.86,Biju Patnaik International Airport (BBI),1226.1,Zorinpui ICP,1284.43
East Sister Island,SOUTH ANDAMANS,,village,Paradip,1193.66,ICD Bhubaneswar,1239.67,Paradip Port,1187.84,Biju Patnaik International Airport (BBI),1238.79,Zorinpui ICP,1297.6
Passage Island,SOUTH ANDAMANS,,village,Paradip,1186.88,ICD Bhubaneswar,1232.75,Paradip Port,1181.08,Biju Patnaik International Airport (BBI),1231.87,Zorinpui ICP,1293.55
Twin Islands (Kachhaw,SOUTH ANDAMANS,,village,Paradip,1160.37,ICD Bhubaneswar,1206.35,Paradip Port,1154.56,Biju Patnaik International Airport (BBI),1205.48,Zorinpui ICP,1270.84
Twin Islands (Kachhawa),SOUTH ANDAMANS,,village,Paradip,1159.6,ICD Bhubaneswar,1205.52,Paradip Port,1153.8,Biju Patnaik International Airport (BBI),1204.64,Zorinpui ICP,1270.9
Ross Island,SOUTH ANDAMANS,,village,Paradip,1146.04,ICD Bhubaneswar,1194.0,Paradip Port,1140.05,Biju Patnaik International Airport (BBI),1193.23,Zorinpui ICP,1238.75
Chatham Island,SOUTH ANDAMANS,,village,Paradip,1142.65,ICD Bhubaneswar,1190.47,Paradip Port,1136.67,Biju Patnaik International Airport (BBI),1189.69,Zorinpui ICP,1237.59
Unnamed,SOUTH ANDAMANS,,village,Paradip,1149.09,ICD Bhubaneswar,1196.88,Paradip Port,1143.11,Biju Patnaik International Airport (BBI),1196.11,Zorinpui ICP,1242.97
Unnamed,SOUTH ANDAMANS,,village,Paradip,1149.22,ICD Bhubaneswar,1197.02,Paradip Port,1143.25,Biju Patnaik International Airport (BBI),1196.24,Zorinpui ICP,1243.07
Bejoy Nagar (RV),SOUTH ANDAMANS,645518,village,Paradip,1131.47,ICD Bhubaneswar,1181.76,Paradip Port,1125.26,Biju Patnaik International Airport (BBI),1181.12,Zorinpui ICP,1202.09
Rangachang (RV),SOUTH ANDAMANS,,village,Paradip,1155.74,ICD Bhubaneswar,1203.09,Paradip Port,1149.81,Biju Patnaik International Airport (BBI),1202.29,Zorinpui ICP,1253.0
School Line part (RV),SOUTH ANDAMANS,,village,Paradip,1146.64,ICD Bhubaneswar,1194.41,Paradip Port,1140.67,Biju Patnaik International Airport (BBI),1193.63,Zorinpui ICP,1241.25
Unnamed,SOUTH ANDAMANS,,village,Paradip,1127.01,ICD Bhubaneswar,1177.13,Paradip Port,1120.82,Biju Patnaik International Airport (BBI),1176.48,Zorinpui ICP,1200.48
Unnamed,SOUTH ANDAMANS,,village,Paradip,1134.68,ICD Bhubaneswar,1184.68,Paradip Port,1128.5,Biju Patnaik International Airport (BBI),1184.03,Zorinpui ICP,1207.82
Belle Island,SOUTH ANDAMANS,,village,Paradip,1104.63,ICD Bhubaneswar,1154.04,Paradip Port,1098.51,Biju Patnaik International Airport (BBI),1153.36,Zorinpui ICP,1190.5
Tarmugli Island,SOUTH ANDAMANS,,village,Paradip,1142.18,ICD Bhubaneswar,1188.74,Paradip Port,1136.32,Biju Patnaik International Airport (BBI),1187.9,Zorinpui ICP,1250.25
Snob Island,SOUTH ANDAMANS,,village,Paradip,1145.18,ICD Bhubaneswar,1191.83,Paradip Port,1139.31,Biju Patnaik International Airport (BBI),1190.99,Zorinpui ICP,1251.79
Belle Island,SOUTH ANDAMANS,,village,Paradip,1144.32,ICD Bhubaneswar,1190.94,Paradip Port,1138.46,Biju Patnaik International Airport (BBI),1190.1,Zorinpui ICP,1251.42
Chester Island,SOUTH ANDAMANS,,village,Paradip,1143.6,ICD Bhubaneswar,1190.33,Paradip Port,1137.72,Biju Patnaik International Airport (BBI),1189.49,Zorinpui ICP,1249.66
Grub Island,SOUTH ANDAMANS,,village,Paradip,1144.07,ICD Bhubaneswar,1190.9,Paradip Port,1138.18,Biju Patnaik International Airport (BBI),1190.07,Zorinpui ICP,1249.02
Boat Island (China Pahar),SOUTH ANDAMANS,,village,Paradip,1147.71,ICD Bhubaneswar,1194.16,Paradip Port,1141.86,Biju Patnaik International Airport (BBI),1193.31,Zorinpui ICP,1255.87
Unnamed,SOUTH ANDAMANS,,village,Paradip,1149.44,ICD Bhubaneswar,1196.06,Paradip Port,1143.58,Biju Patnaik International Airport (BBI),1195.22,Zorinpui ICP,1255.52
Unnamed,SOUTH ANDAMANS,,village,Paradip,1147.19,ICD Bhubaneswar,1193.89,Paradip Port,1141.32,Biju Patnaik International Airport (BBI),1193.06,Zorinpui ICP,1252.81
Unnamed,SOUTH ANDAMANS,,village,Paradip,1148.35,ICD Bhubaneswar,1194.95,Paradip Port,1142.49,Biju Patnaik International Airport (BBI),1194.11,Zorinpui ICP,1254.86
Alexandra Island,SOUTH ANDAMANS,,village,Paradip,1146.27,ICD Bhubaneswar,1193.13,Paradip Port,1140.38,Biju Patnaik International Airport (BBI),1192.3,Zorinpui ICP,1250.48
Unnamed,SOUTH ANDAMANS,,village,Paradip,1147.81,ICD Bhubaneswar,1194.6,Paradip Port,1141.93,Biju Patnaik International Airport (BBI),1193.77,Zorinpui ICP,1252.41
Hobday Island,SOUTH ANDAMANS,,village,Paradip,1149.21,ICD Bhubaneswar,1195.98,Paradip Port,1143.33,Biju Patnaik International Airport (BBI),1195.15,Zorinpui ICP,1253.74
Unnamed,SOUTH ANDAMANS,,village,Paradip,1150.54,ICD Bhubaneswar,1197.2,Paradip Port,1144.68,Biju Patnaik International Airport (BBI),1196.36,Zorinpui ICP,1256.03
Pluto Island,SOUTH ANDAMANS,,village,Paradip,1150.24,ICD Bhubaneswar,1197.09,Paradip Port,1144.36,Biju Patnaik International Airport (BBI),1196.26,Zorinpui ICP,1253.82
Unnamed,SOUTH ANDAMANS,,village,Paradip,1149.33,ICD Bhubaneswar,1196.24,Paradip Port,1143.44,Biju Patnaik International Airport (BBI),1195.41,Zorinpui ICP,1252.43
Jolly Boys Island,SOUTH ANDAMANS,,village,Paradip,1152.83,ICD Bhubaneswar,1199.47,Paradip Port,1146.97,Biju Patnaik International Airport (BBI),1198.62,Zorinpui ICP,1258.11
Rifleman Island,SOUTH ANDAMANS,,village,Paradip,1154.13,ICD Bhubaneswar,1200.95,Paradip Port,1148.24,Biju Patnaik International Airport (BBI),1200.12,Zorinpui ICP,1257.18
Kyd Island,SOUTH ANDAMANS,,village,Paradip,1119.48,ICD Bhubaneswar,1168.39,Paradip Port,1113.41,Biju Patnaik International Airport (BBI),1167.68,Zorinpui ICP,1207.56
Petman Island,SOUTH ANDAMANS,,village,Paradip,1116.49,ICD Bhubaneswar,1165.48,Paradip Port,1110.4,Biju Patnaik International Airport (BBI),1164.77,Zorinpui ICP,1204.31
Unnamed,SOUTH ANDAMANS,,village,Paradip,1118.09,ICD Bhubaneswar,1166.99,Paradip Port,1112.02,Biju Patnaik International Airport (BBI),1166.28,Zorinpui ICP,1206.64
Mangrove swamp,SOUTH ANDAMANS,,village,Paradip,1118.53,ICD Bhubaneswar,1167.29,Paradip Port,1112.47,Biju Patnaik International Airport (BBI),1166.57,Zorinpui ICP,1208.38
James Island,SOUTH ANDAMANS,,village,Paradip,1118.12,ICD Bhubaneswar,1166.88,Paradip Port,1112.07,Biju Patnaik International Airport (BBI),1166.16,Zorinpui ICP,1208.18
Petrie Island,SOUTH ANDAMANS,,village,Paradip,1107.08,ICD Bhubaneswar,1155.23,Paradip Port,1101.08,Biju Patnaik International Airport (BBI),1154.48,Zorinpui ICP,1205.86
Defence Island,SOUTH ANDAMANS,,village,Paradip,1110.64,ICD Bhubaneswar,1158.78,Paradip Port,1104.64,Biju Patnaik International Airport (BBI),1158.02,Zorinpui ICP,1208.85
Unnamed,SOUTH ANDAMANS,,village,Paradip,1112.85,ICD Bhubaneswar,1160.93,Paradip Port,1106.86,Biju Patnaik International Airport (BBI),1160.18,Zorinpui ICP,1211.11
Unnamed,SOUTH ANDAMANS,,village,Paradip,1145.75,ICD Bhubaneswar,1193.19,Paradip Port,1139.81,Biju Patnaik International Airport (BBI),1192.39,Zorinpui ICP,1244.07
Unnamed,SOUTH ANDAMANS,,village,Paradip,1145.1,ICD Bhubaneswar,1192.56,Paradip Port,1139.16,Biju Patnaik International Airport (BBI),1191.77,Zorinpui ICP,1243.26
Unnamed,SOUTH ANDAMANS,,village,Paradip,1111.87,ICD Bhubaneswar,1161.11,Paradip Port,1105.76,Biju Patnaik International Airport (BBI),1160.41,Zorinpui ICP,1198.04
Unnamed,SOUTH ANDAMANS,,village,Paradip,1115.53,ICD Bhubaneswar,1164.75,Paradip Port,1109.43,Biju Patnaik International Airport (BBI),1164.06,Zorinpui ICP,1201.15
North Sentinel Island (SA),SOUTH ANDAMANS,,village,Paradip,1126.69,ICD Bhubaneswar,1171.55,Paradip Port,1120.99,Biju Patnaik International Airport (BBI),1170.62,Zorinpui ICP,1255.08
Unnamed,SOUTH ANDAMANS,,village,Paradip,1122.43,ICD Bhubaneswar,1167.34,Paradip Port,1116.73,Biju Patnaik International Airport (BBI),1166.41,Zorinpui ICP,1251.16
Unnamed,SOUTH ANDAMANS,,village,Paradip,1121.59,ICD Bhubaneswar,1166.38,Paradip Port,1115.91,Biju Patnaik International Airport (BBI),1165.44,Zorinpui ICP,1251.75
Unnamed,SOUTH ANDAMANS,,village,Paradip,1130.66,ICD Bhubaneswar,1175.4,Paradip Port,1124.97,Biju Patnaik International Airport (BBI),1174.46,Zorinpui ICP,1259.39
Unnamed,SOUTH ANDAMANS,,village,Paradip,1131.89,ICD Bhubaneswar,1176.72,Paradip Port,1126.2,Biju Patnaik International Airport (BBI),1175.79,Zorinpui ICP,1259.55
Unnamed,SOUTH ANDAMANS,,village,Paradip,1132.21,ICD Bhubaneswar,1177.13,Paradip Port,1126.51,Biju Patnaik International Airport (BBI),1176.2,Zorinpui ICP,1258.98
Unnamed,SOUTH ANDAMANS,,village,Paradip,1127.02,ICD Bhubaneswar,1172.11,Paradip Port,1121.31,Biju Patnaik International Airport (BBI),1171.19,Zorinpui ICP,1253.07
Unnamed,SOUTH ANDAMANS,,village,Paradip,1125.2,ICD Bhubaneswar,1170.32,Paradip Port,1119.47,Biju Patnaik International Airport (BBI),1169.4,Zorinpui ICP,1251.21
Unnamed,SOUTH ANDAMANS,,village,Paradip,1133.25,ICD Bhubaneswar,1180.43,Paradip Port,1127.34,Biju Patnaik International Airport (BBI),1179.62,Zorinpui ICP,1236.72
Tirur (JA),SOUTH ANDAMANS,645509,village,Paradip,1132.55,ICD Bhubaneswar,1179.94,Paradip Port,1126.61,Biju Patnaik International Airport (BBI),1179.14,Zorinpui ICP,1233.97
Caddlegunj (RV) (incl. Sona Pahar & Hazari Bagh (J,SOUTH ANDAMANS,645465,village,Paradip,1136.98,ICD Bhubaneswar,1184.41,Paradip Port,1131.04,Biju Patnaik International Airport (BBI),1183.61,Zorinpui ICP,1237.11
Bambooflat (CT),SOUTH ANDAMANS,,village,Paradip,1139.44,ICD Bhubaneswar,1187.29,Paradip Port,1133.46,Biju Patnaik International Airport (BBI),1186.51,Zorinpui ICP,1234.66
Jirkatang No. 2 (RV)*,SOUTH ANDAMANS,645442,village,Paradip,1124.55,ICD Bhubaneswar,1172.55,Paradip Port,1118.56,Biju Patnaik International Airport (BBI),1171.78,Zorinpui ICP,1221.26
North Brother Island,SOUTH ANDAMANS,,village,Paradip,1204.98,ICD Bhubaneswar,1250.15,Paradip Port,1199.24,Biju Patnaik International Airport (BBI),1249.23,Zorinpui ICP,1315.5
Unnamed,SOUTH ANDAMANS,,village,Paradip,1156.27,ICD Bhubaneswar,1203.27,Paradip Port,1150.37,Biju Patnaik International Airport (BBI),1202.45,Zorinpui ICP,1257.02
Unnamed,SOUTH ANDAMANS,,village,Paradip,1150.71,ICD Bhubaneswar,1198.0,Paradip Port,1144.78,Biju Patnaik International Airport (BBI),1197.19,Zorinpui ICP,1249.58
Dhanikhari (RV),SOUTH ANDAMANS,645481,village,Paradip,1147.38,ICD Bhubaneswar,1194.64,Paradip Port,1141.46,Biju Patnaik International Airport (BBI),1193.83,Zorinpui ICP,1247.28
Unnamed,SOUTH ANDAMANS,,village,Paradip,1115.75,ICD Bhubaneswar,1164.16,Paradip Port,1109.72,Biju Patnaik International Airport (BBI),1163.42,Zorinpui ICP,1209.95
Unnamed,SOUTH ANDAMANS,,village,Paradip,1132.04,ICD Bhubaneswar,1180.46,Paradip Port,1126.02,Biju Patnaik International Airport (BBI),1179.72,Zorinpui ICP,1222.81
Unnamed,SOUTH ANDAMANS,,village,Paradip,1137.9,ICD Bhubaneswar,1185.6,Paradip Port,1131.94,Biju Patnaik International Airport (BBI),1184.81,Zorinpui ICP,1235.08
Unnamed,SOUTH ANDAMANS,,village,Paradip,1138.31,ICD Bhubaneswar,1186.06,Paradip Port,1132.35,Biju Patnaik International Airport (BBI),1185.29,Zorinpui ICP,1234.82
Unnamed,SOUTH ANDAMANS,,village,Paradip,1139.06,ICD Bhubaneswar,1186.82,Paradip Port,1133.09,Biju Patnaik International Airport (BBI),1186.04,Zorinpui ICP,1235.3
Unnamed,SOUTH ANDAMANS,,village,Paradip,1140.14,ICD Bhubaneswar,1187.83,Paradip Port,1134.18,Biju Patnaik International Airport (BBI),1187.05,Zorinpui ICP,1236.93
Unnamed,SOUTH ANDAMANS,,village,Paradip,1152.86,ICD Bhubaneswar,1199.9,Paradip Port,1146.95,Biju Patnaik International Airport (BBI),1199.08,Zorinpui ICP,1253.92
Babby Island,SOUTH ANDAMANS,,village,Paradip,1097.02,ICD Bhubaneswar,1146.66,Paradip Port,1090.89,Biju Patnaik International Airport (BBI),1145.99,Zorinpui ICP,1182.19
Oralkaicha Island,SOUTH ANDAMANS,,village,Paradip,1099.87,ICD Bhubaneswar,1149.62,Paradip Port,1093.72,Biju Patnaik International Airport (BBI),1148.96,Zorinpui ICP,1183.14
Unnamed,SOUTH ANDAMANS,,village,Paradip,1100.38,ICD Bhubaneswar,1150.11,Paradip Port,1094.24,Biju Patnaik International Airport (BBI),1149.45,Zorinpui ICP,1183.78
Bonig Island,SOUTH ANDAMANS,,village,Paradip,1102.58,ICD Bhubaneswar,1152.18,Paradip Port,1096.44,Biju Patnaik International Airport (BBI),1151.51,Zorinpui ICP,1186.85
Unnamed,SOUTH ANDAMANS,,village,Paradip,1125.03,ICD Bhubaneswar,1176.23,Paradip Port,1118.74,Biju Patnaik International Airport (BBI),1175.64,Zorinpui ICP,1186.99
Unnamed,SOUTH ANDAMANS,,village,Paradip,1117.34,ICD Bhubaneswar,1168.85,Paradip Port,1111.03,Biju Patnaik International Airport (BBI),1168.28,Zorinpui ICP,1177.61
Unnamed,SOUTH ANDAMANS,,village,Paradip,1117.08,ICD Bhubaneswar,1168.59,Paradip Port,1110.77,Biju Patnaik International Airport (BBI),1168.02,Zorinpui ICP,1177.33
Unnamed,SOUTH ANDAMANS,,village,Paradip,1116.27,ICD Bhubaneswar,1167.74,Paradip Port,1109.97,Biju Patnaik International Airport (BBI),1167.17,Zorinpui ICP,1177.12
Unnamed,SOUTH ANDAMANS,,village,Paradip,1125.87,ICD Bhubaneswar,1177.18,Paradip Port,1119.58,Biju Patnaik International Airport (BBI),1176.6,Zorinpui ICP,1186.52
Unnamed,SOUTH ANDAMANS,,village,Paradip,1124.1,ICD Bhubaneswar,1175.02,Paradip Port,1117.84,Biju Patnaik International Airport (BBI),1174.42,Zorinpui ICP,1189.36
West Sister Island,SOUTH ANDAMANS,,village,Paradip,1193.71,ICD Bhubaneswar,1239.68,Paradip Port,1187.9,Biju Patnaik International Airport (BBI),1238.8,Zorinpui ICP,1298.07
Clyde Island,SOUTH ANDAMANS,,village,Paradip,1114.14,ICD Bhubaneswar,1162.11,Paradip Port,1108.15,Biju Patnaik International Airport (BBI),1161.35,Zorinpui ICP,1213.23
Montgomery Island,SOUTH ANDAMANS,,village,Paradip,1109.16,ICD Bhubaneswar,1157.11,Paradip Port,1103.18,Biju Patnaik International Airport (BBI),1156.34,Zorinpui ICP,1209.57
South Andaman RF,SOUTH ANDAMANS,,village,Paradip,1121.15,ICD Bhubaneswar,1169.76,Paradip Port,1115.11,Biju Patnaik International Airport (BBI),1169.03,Zorinpui ICP,1212.13
RF,SOUTH ANDAMANS,,village,Paradip,1115.11,ICD Bhubaneswar,1163.99,Paradip Port,1109.04,Biju Patnaik International Airport (BBI),1163.28,Zorinpui ICP,1204.37
Unnamed,SOUTH ANDAMANS,,village,Paradip,1091.27,ICD Bhubaneswar,1140.78,Paradip Port,1085.14,Biju Patnaik International Airport (BBI),1140.1,Zorinpui ICP,1178.99
Stewart Island,NORTH AND MIDDLE ANDAMAN,645291,village,Paradip,1036.75,ICD Bhubaneswar,1090.5,Paradip Port,1030.25,Biju Patnaik International Airport (BBI),1090.07,Zorinpui ICP,1090.3
Nabagram (RV),NORTH AND MIDDLE ANDAMAN,645232,village,Paradip,1024.79,ICD Bhubaneswar,1079.2,Paradip Port,1018.24,Biju Patnaik International Airport (BBI),1078.81,Zorinpui ICP,1073.77
Kishori Nagar (RV),NORTH AND MIDDLE ANDAMAN,645234,village,Paradip,1018.87,ICD Bhubaneswar,1073.1,Paradip Port,1012.32,Biju Patnaik International Airport (BBI),1072.69,Zorinpui ICP,1071.45
Sitanagar (RV),NORTH AND MIDDLE ANDAMAN,645220,village,Paradip,1018.17,ICD Bhubaneswar,1072.86,Paradip Port,1011.59,Biju Patnaik International Airport (BBI),1072.49,Zorinpui ICP,1065.63
Khudirampur (RV),NORTH AND MIDDLE ANDAMAN,645231,village,Paradip,1021.64,ICD Bhubaneswar,1076.43,Paradip Port,1015.04,Biju Patnaik International Airport (BBI),1076.06,Zorinpui ICP,1066.93
Ramakrishnagram (RV),NORTH AND MIDDLE ANDAMAN,645224,village,Paradip,1020.69,ICD Bhubaneswar,1075.65,Paradip Port,1014.09,Biju Patnaik International Airport (BBI),1075.29,Zorinpui ICP,1064.38
Diglipur (RV),NORTH AND MIDDLE ANDAMAN,645223,village,Paradip,1019.44,ICD Bhubaneswar,1074.32,Paradip Port,1012.84,Biju Patnaik International Airport (BBI),1073.96,Zorinpui ICP,1064.22
Subhashgram (RV),NORTH AND MIDDLE ANDAMAN,645222,village,Paradip,1018.32,ICD Bhubaneswar,1073.16,Paradip Port,1011.72,Biju Patnaik International Airport (BBI),1072.8,Zorinpui ICP,1063.89
Madhupur (RV),NORTH AND MIDDLE ANDAMAN,645218,village,Paradip,1016.96,ICD Bhubaneswar,1071.89,Paradip Port,1010.35,Biju Patnaik International Airport (BBI),1071.54,Zorinpui ICP,1061.77
Rabindrapalli (RV),NORTH AND MIDDLE ANDAMAN,645221,village,Paradip,1017.1,ICD Bhubaneswar,1071.9,Paradip Port,1010.5,Biju Patnaik International Airport (BBI),1071.53,Zorinpui ICP,1063.49
Raglachang (RV),NORTH AND MIDDLE ANDAMAN,645381,village,Paradip,1104.95,ICD Bhubaneswar,1154.87,Paradip Port,1098.79,Biju Patnaik International Airport (BBI),1154.21,Zorinpui ICP,1185.34
Wrafter's Creek (RV),NORTH AND MIDDLE ANDAMAN,645384,village,Paradip,1108.54,ICD Bhubaneswar,1158.04,Paradip Port,1102.42,Biju Patnaik International Airport (BBI),1157.36,Zorinpui ICP,1192.64
Swadesh Nagar (RV),NORTH AND MIDDLE ANDAMAN,645318,village,Paradip,1066.84,ICD Bhubaneswar,1118.92,Paradip Port,1060.49,Biju Patnaik International Airport (BBI),1118.39,Zorinpui ICP,1132.01
Santipur (RV),NORTH AND MIDDLE ANDAMAN,645317,village,Paradip,1065.78,ICD Bhubaneswar,1117.99,Paradip Port,1059.41,Biju Patnaik International Airport (BBI),1117.46,Zorinpui ICP,1129.75
Dukennagar (RV),NORTH AND MIDDLE ANDAMAN,645316,village,Paradip,1064.75,ICD Bhubaneswar,1116.86,Paradip Port,1058.39,Biju Patnaik International Airport (BBI),1116.33,Zorinpui ICP,1130.09
Pinakinagar (RV),NORTH AND MIDDLE ANDAMAN,645314,village,Paradip,1063.28,ICD Bhubaneswar,1115.54,Paradip Port,1056.91,Biju Patnaik International Airport (BBI),1115.02,Zorinpui ICP,1127.27
Harinagar (RV),NORTH AND MIDDLE ANDAMAN,645315,village,Paradip,1062.96,ICD Bhubaneswar,1115.14,Paradip Port,1056.59,Biju Patnaik International Airport (BBI),1114.61,Zorinpui ICP,1127.9
Jaipur (RV),NORTH AND MIDDLE ANDAMAN,645313,village,Paradip,1061.32,ICD Bhubaneswar,1113.63,Paradip Port,1054.95,Biju Patnaik International Airport (BBI),1113.11,Zorinpui ICP,1125.26
Kamalapur (RV),NORTH AND MIDDLE ANDAMAN,645312,village,Paradip,1061.51,ICD Bhubaneswar,1113.88,Paradip Port,1055.13,Biju Patnaik International Airport (BBI),1113.36,Zorinpui ICP,1124.74
Mohanpur (RV),NORTH AND MIDDLE ANDAMAN,645241,village,Paradip,1036.17,ICD Bhubaneswar,1089.27,Paradip Port,1029.73,Biju Patnaik International Airport (BBI),1088.8,Zorinpui ICP,1097.28
Borang (RV),NORTH AND MIDDLE ANDAMAN,645240,village,Paradip,1035.03,ICD Bhubaneswar,1088.52,Paradip Port,1028.55,Biju Patnaik International Airport (BBI),1088.08,Zorinpui ICP,1091.99
Jagannath Dera (RV),NORTH AND MIDDLE ANDAMAN,645238,village,Paradip,1032.86,ICD Bhubaneswar,1087.09,Paradip Port,1026.31,Biju Patnaik International Airport (BBI),1086.69,Zorinpui ICP,1081.8
Strait Island (AS),NORTH AND MIDDLE ANDAMAN,645373,village,Paradip,1107.62,ICD Bhubaneswar,1158.31,Paradip Port,1101.38,Biju Patnaik International Airport (BBI),1157.7,Zorinpui ICP,1178.9
Long Island (RV),NORTH AND MIDDLE ANDAMAN,645372,village,Paradip,1090.85,ICD Bhubaneswar,1142.22,Paradip Port,1084.56,Biju Patnaik International Airport (BBI),1141.64,Zorinpui ICP,1158.49
Spike Island (JA)*,NORTH AND MIDDLE ANDAMAN,645438,village,Paradip,1088.73,ICD Bhubaneswar,1138.56,Paradip Port,1082.58,Biju Patnaik International Airport (BBI),1137.89,Zorinpui ICP,1173.72
Saktigarh (RV),NORTH AND MIDDLE ANDAMAN,645366,village,Paradip,1074.69,ICD Bhubaneswar,1126.14,Paradip Port,1068.4,Biju Patnaik International Airport (BBI),1125.57,Zorinpui ICP,1145.17
Laxmanpur (RV),NORTH AND MIDDLE ANDAMAN,645362,village,Paradip,1075.66,ICD Bhubaneswar,1127.18,Paradip Port,1069.36,Biju Patnaik International Airport (BBI),1126.62,Zorinpui ICP,1145.01
Bharatpur (RV),NORTH AND MIDDLE ANDAMAN,645359,village,Paradip,1080.85,ICD Bhubaneswar,1132.33,Paradip Port,1074.55,Biju Patnaik International Airport (BBI),1131.76,Zorinpui ICP,1149.57
Mithila (RV),NORTH AND MIDDLE ANDAMAN,645354,village,Paradip,1079.66,ICD Bhubaneswar,1131.3,Paradip Port,1073.35,Biju Patnaik International Airport (BBI),1130.74,Zorinpui ICP,1146.8
Sitapur (RV),NORTH AND MIDDLE ANDAMAN,645353,village,Paradip,1080.6,ICD Bhubaneswar,1132.26,Paradip Port,1074.28,Biju Patnaik International Airport (BBI),1131.71,Zorinpui ICP,1147.25
Parnasala (RV),NORTH AND MIDDLE ANDAMAN,645357,village,Paradip,1078.09,ICD Bhubaneswar,1129.81,Paradip Port,1071.77,Biju Patnaik International Airport (BBI),1129.25,Zorinpui ICP,1144.73
Rampur (RV),NORTH AND MIDDLE ANDAMAN,645356,village,Paradip,1079.11,ICD Bhubaneswar,1130.87,Paradip Port,1072.78,Biju Patnaik International Airport (BBI),1130.31,Zorinpui ICP,1145.02
Janakpur (RV),NORTH AND MIDDLE ANDAMAN,645351,village,Paradip,1081.08,ICD Bhubaneswar,1132.87,Paradip Port,1074.74,Biju Patnaik International Airport (BBI),1132.32,Zorinpui ICP,1146.15
Nayagarh (RV),NORTH AND MIDDLE ANDAMAN,645382,village,Paradip,1105.1,ICD Bhubaneswar,1154.95,Paradip Port,1098.95,Biju Patnaik International Airport (BBI),1154.28,Zorinpui ICP,1186.27
Rajatgarh (RV),NORTH AND MIDDLE ANDAMAN,645383,village,Paradip,1105.28,ICD Bhubaneswar,1155.01,Paradip Port,1099.13,Biju Patnaik International Airport (BBI),1154.34,Zorinpui ICP,1187.56
Bejoygarh (RV),NORTH AND MIDDLE ANDAMAN,645375,village,Paradip,1093.29,ICD Bhubaneswar,1143.38,Paradip Port,1087.11,Biju Patnaik International Airport (BBI),1142.74,Zorinpui ICP,1174.29
Kadamtala (RV),NORTH AND MIDDLE ANDAMAN,645369,village,Paradip,1085.31,ICD Bhubaneswar,1135.74,Paradip Port,1079.1,Biju Patnaik International Airport (BBI),1135.12,Zorinpui ICP,1164.4
Craggy Island,NORTH AND MIDDLE ANDAMAN,,village,Paradip,1027.75,ICD Bhubaneswar,1082.94,Paradip Port,1021.12,Biju Patnaik International Airport (BBI),1082.59,Zorinpui ICP,1066.8
Unnamed,NORTH AND MIDDLE ANDAMAN,,village,Paradip,1030.28,ICD Bhubaneswar,1084.21,Paradip Port,1023.77,Biju Patnaik International Airport (BBI),1083.79,Zorinpui ICP,1083.46
Unnamed,NORTH AND MIDDLE ANDAMAN,,village,Paradip,1031.08,ICD Bhubaneswar,1085.0,Paradip Port,1024.57,Biju Patnaik International Airport (BBI),1084.57,Zorinpui ICP,1084.21
Unnamed,NORTH AND MIDDLE ANDAMAN,,village,Paradip,1031.81,ICD Bhubaneswar,1085.7,Paradip Port,1025.3,Biju Patnaik International Airport (BBI),1085.27,Zorinpui ICP,1085.05
Sound island,NORTH AND MIDDLE ANDAMAN,,village,Paradip,1043.64,ICD Bhubaneswar,1097.38,Paradip Port,1037.13,Biju Patnaik International Airport (BBI),1096.95,Zorinpui ICP,1095.55
Unnamed,NORTH AND MIDDLE ANDAMAN,,village,Paradip,1050.72,ICD Bhubaneswar,1102.33,Paradip Port,1044.41,Biju Patnaik International Airport (BBI),1101.77,Zorinpui ICP,1125.0
Unnamed,NORTH AND MIDDLE ANDAMAN,,village,Paradip,1045.81,ICD Bhubaneswar,1098.99,Paradip Port,1039.36,Biju Patnaik International Airport (BBI),1098.52,Zorinpui ICP,1103.68
Unnamed,NORTH AND MIDDLE ANDAMAN,,village,Paradip,1045.95,ICD Bhubaneswar,1098.27,Paradip Port,1039.58,Biju Patnaik International Airport (BBI),1097.75,Zorinpui ICP,1113.51
Unnamed,NORTH AND MIDDLE ANDAMAN,,village,Paradip,1046.42,ICD Bhubaneswar,1098.65,Paradip Port,1040.05,Biju Patnaik International Airport (BBI),1098.12,Zorinpui ICP,1114.84
Santanu (RV),NORTH AND MIDDLE ANDAMAN,645370,village,Paradip,1087.24,ICD Bhubaneswar,1137.7,Paradip Port,1081.03,Biju Patnaik International Airport (BBI),1137.08,Zorinpui ICP,1165.66
Uttara (RV),NORTH AND MIDDLE ANDAMAN,645371,village,Paradip,1088.32,ICD Bhubaneswar,1138.85,Paradip Port,1082.11,Biju Patnaik International Airport (BBI),1138.22,Zorinpui ICP,1165.79
Bharatpur (RV),NORTH AND MIDDLE ANDAMAN,645359,village,Paradip,1084.81,ICD Bhubaneswar,1136.27,Paradip Port,1078.51,Biju Patnaik International Airport (BBI),1135.7,Zorinpui ICP,1152.76
Bharatpur (RV),NORTH AND MIDDLE ANDAMAN,645359,village,Paradip,1079.22,ICD Bhubaneswar,1130.52,Paradip Port,1072.94,Biju Patnaik International Airport (BBI),1129.94,Zorinpui ICP,1150.29
Bharatpur (RV),NORTH AND MIDDLE ANDAMAN,645359,village,Paradip,1083.26,ICD Bhubaneswar,1134.94,Paradip Port,1076.93,Biju Patnaik International Airport (BBI),1134.38,Zorinpui ICP,1149.1
Bharatpur (RV),NORTH AND MIDDLE ANDAMAN,645359,village,Paradip,1083.22,ICD Bhubaneswar,1135.02,Paradip Port,1076.89,Biju Patnaik International Airport (BBI),1134.47,Zorinpui ICP,1147.8
Bharatpur (RV),NORTH AND MIDDLE ANDAMAN,645359,village,Paradip,1072.55,ICD Bhubaneswar,1124.87,Paradip Port,1066.17,Biju Patnaik International Airport (BBI),1124.35,Zorinpui ICP,1133.71
Bharatpur (RV),NORTH AND MIDDLE ANDAMAN,645359,village,Paradip,1070.39,ICD Bhubaneswar,1122.67,Paradip Port,1064.02,Biju Patnaik International Airport (BBI),1122.15,Zorinpui ICP,1132.49
Unnamed,NORTH AND MIDDLE ANDAMAN,645359,village,Paradip,1072.41,ICD Bhubaneswar,1123.32,Paradip Port,1066.16,Biju Patnaik International Airport (BBI),1122.72,Zorinpui ICP,1149.23
Ramachandra Nagar (RV),NORTH AND MIDDLE ANDAMAN,645344,village,Paradip,1068.91,ICD Bhubaneswar,1121.08,Paradip Port,1062.54,Biju Patnaik International Airport (BBI),1120.55,Zorinpui ICP,1132.61
Thiruvanchikulam (RV),NORTH AND MIDDLE ANDAMAN,645345,village,Paradip,1069.4,ICD Bhubaneswar,1121.59,Paradip Port,1063.03,Biju Patnaik International Airport (BBI),1121.07,Zorinpui ICP,1132.68
Shivapuram (RV),NORTH AND MIDDLE ANDAMAN,645346,village,Paradip,1072.51,ICD Bhubaneswar,1124.76,Paradip Port,1066.13,Biju Patnaik International Airport (BBI),1124.24,Zorinpui ICP,1134.36
Padmanabhapuram (RV),NORTH AND MIDDLE ANDAMAN,645347,village,Paradip,1074.27,ICD Bhubaneswar,1126.53,Paradip Port,1067.9,Biju Patnaik International Airport (BBI),1126.01,Zorinpui ICP,1135.71
Panchawati (RV),NORTH AND MIDDLE ANDAMAN,645348,village,Paradip,1079.11,ICD Bhubaneswar,1131.28,Paradip Port,1072.75,Biju Patnaik International Airport (BBI),1130.76,Zorinpui ICP,1140.44
Amkunj (RV),NORTH AND MIDDLE ANDAMAN,645349,village,Paradip,1082.41,ICD Bhubaneswar,1134.41,Paradip Port,1076.06,Biju Patnaik International Airport (BBI),1133.87,Zorinpui ICP,1144.83
Nimbutala (RV),NORTH AND MIDDLE ANDAMAN,645350,village,Paradip,1083.77,ICD Bhubaneswar,1135.68,Paradip Port,1077.43,Biju Patnaik International Airport (BBI),1135.13,Zorinpui ICP,1146.93
Desharatpur (RV),NORTH AND MIDDLE ANDAMAN,645352,village,Paradip,1081.74,ICD Bhubaneswar,1133.48,Paradip Port,1075.41,Biju Patnaik International Airport (BBI),1132.93,Zorinpui ICP,1147.26
Bakultala (RV),NORTH AND MIDDLE ANDAMAN,645439,village,Paradip,1077.54,ICD Bhubaneswar,1128.99,Paradip Port,1071.24,Biju Patnaik International Airport (BBI),1128.43,Zorinpui ICP,1147.15
Vishnupur (RV),NORTH AND MIDDLE ANDAMAN,645361,village,Paradip,1079.99,ICD Bhubaneswar,1131.41,Paradip Port,1073.69,Biju Patnaik International Airport (BBI),1130.84,Zorinpui ICP,1149.46
Shyamkund (RV),NORTH AND MIDDLE ANDAMAN,645360,village,Paradip,1077.89,ICD Bhubaneswar,1129.23,Paradip Port,1071.6,Biju Patnaik International Airport (BBI),1128.66,Zorinpui ICP,1148.73
Sabari (RV),NORTH AND MIDDLE ANDAMAN,645358,village,Paradip,1081.21,ICD Bhubaneswar,1132.76,Paradip Port,1074.9,Biju Patnaik International Airport (BBI),1132.2,Zorinpui ICP,1148.95
Kaushalyanagar (RV),NORTH AND MIDDLE ANDAMAN,645365,village,Paradip,1071.75,ICD Bhubaneswar,1123.17,Paradip Port,1065.45,Biju Patnaik International Airport (BBI),1122.61,Zorinpui ICP,1143.09
Urmilapur (RV),NORTH AND MIDDLE ANDAMAN,645363,village,Paradip,1074.33,ICD Bhubaneswar,1125.9,Paradip Port,1068.02,Biju Patnaik International Airport (BBI),1125.34,Zorinpui ICP,1143.4
Kalsi (RV),NORTH AND MIDDLE ANDAMAN,645364,village,Paradip,1073.48,ICD Bhubaneswar,1125.13,Paradip Port,1067.17,Biju Patnaik International Airport (BBI),1124.58,Zorinpui ICP,1141.92
Adojig (RV) (including EFA),NORTH AND MIDDLE ANDAMAN,645374,village,Paradip,1094.16,ICD Bhubaneswar,1144.39,Paradip Port,1087.97,Biju Patnaik International Airport (BBI),1143.75,Zorinpui ICP,1173.57
Bejoygarh (RV),NORTH AND MIDDLE ANDAMAN,645375,village,Paradip,1094.9,ICD Bhubaneswar,1144.98,Paradip Port,1088.72,Biju Patnaik International Airport (BBI),1144.33,Zorinpui ICP,1175.7
Udhaygarh (RV),NORTH AND MIDDLE ANDAMAN,645376,village,Paradip,1096.23,ICD Bhubaneswar,1146.23,Paradip Port,1090.06,Biju Patnaik International Airport (BBI),1145.57,Zorinpui ICP,1177.71
Udhaygarh (RV),NORTH AND MIDDLE ANDAMAN,645376,village,Paradip,1097.07,ICD Bhubaneswar,1147.04,Paradip Port,1090.91,Biju Patnaik International Airport (BBI),1146.39,Zorinpui ICP,1178.6
Nilambur (RV),NORTH AND MIDDLE ANDAMAN,645379,village,Paradip,1100.78,ICD Bhubaneswar,1150.57,Paradip Port,1094.63,Biju Patnaik International Airport (BBI),1149.9,Zorinpui ICP,1183.49
Kanchangarh (RV),NORTH AND MIDDLE ANDAMAN,645378,village,Paradip,1100.25,ICD Bhubaneswar,1150.16,Paradip Port,1094.09,Biju Patnaik International Airport (BBI),1149.5,Zorinpui ICP,1181.8
Sundergarh (RV) (including EFA),NORTH AND MIDDLE ANDAMAN,645377,village,Paradip,1101.96,ICD Bhubaneswar,1152.01,Paradip Port,1095.78,Biju Patnaik International Airport (BBI),1151.36,Zorinpui ICP,1181.55
Abaygarh (RV),NORTH AND MIDDLE ANDAMAN,645380,village,Paradip,1103.92,ICD Bhubaneswar,1153.82,Paradip Port,1097.76,Biju Patnaik International Airport (BBI),1153.16,Zorinpui ICP,1184.69
Aves Island (RV),NORTH AND MIDDLE ANDAMAN,645293,village,Paradip,1045.72,ICD Bhubaneswar,1099.12,Paradip Port,1039.25,Biju Patnaik International Airport (BBI),1098.67,Zorinpui ICP,1101.05
Paresh Nagar (RV),NORTH AND MIDDLE ANDAMAN,645311,village,Paradip,1060.49,ICD Bhubaneswar,1112.91,Paradip Port,1054.1,Biju Patnaik International Airport (BBI),1112.4,Zorinpui ICP,1123.31
Govindpur (RV),NORTH AND MIDDLE ANDAMAN,645310,village,Paradip,1059.22,ICD Bhubaneswar,1111.66,Paradip Port,1052.83,Biju Patnaik International Airport (BBI),1111.15,Zorinpui ICP,1122.15
Profullya Nagar (RV),NORTH AND MIDDLE ANDAMAN,645309,village,Paradip,1056.57,ICD Bhubaneswar,1109.08,Paradip Port,1050.18,Biju Patnaik International Airport (BBI),1108.58,Zorinpui ICP,1119.38
Basantipur (RV),NORTH AND MIDDLE ANDAMAN,645308,village,Paradip,1056.69,ICD Bhubaneswar,1109.14,Paradip Port,1050.3,Biju Patnaik International Airport (BBI),1108.63,Zorinpui ICP,1120.08
Chainpur (RV),NORTH AND MIDDLE ANDAMAN,645306,village,Paradip,1052.63,ICD Bhubaneswar,1104.69,Paradip Port,1046.28,Biju Patnaik International Airport (BBI),1104.16,Zorinpui ICP,1121.45
Hanspuri (RV) (including JPP Camps),NORTH AND MIDDLE ANDAMAN,645305,village,Paradip,1046.73,ICD Bhubaneswar,1098.58,Paradip Port,1040.39,Biju Patnaik International Airport (BBI),1098.03,Zorinpui ICP,1119.26
Pudumadurai (RV),NORTH AND MIDDLE ANDAMAN,645307,village,Paradip,1047.94,ICD Bhubaneswar,1100.19,Paradip Port,1041.58,Biju Patnaik International Airport (BBI),1099.67,Zorinpui ICP,1115.81
Karmatang (RV),NORTH AND MIDDLE ANDAMAN,645298,village,Paradip,1051.95,ICD Bhubaneswar,1105.02,Paradip Port,1045.51,Biju Patnaik International Airport (BBI),1104.55,Zorinpui ICP,1109.46
Rampur (RV),NORTH AND MIDDLE ANDAMAN,645297,village,Paradip,1047.41,ICD Bhubaneswar,1100.56,Paradip Port,1040.96,Biju Patnaik International Airport (BBI),1100.1,Zorinpui ICP,1105.1
Pokadera (RV),NORTH AND MIDDLE ANDAMAN,645295,village,Paradip,1044.03,ICD Bhubaneswar,1097.26,Paradip Port,1037.57,Biju Patnaik International Airport (BBI),1096.8,Zorinpui ICP,1101.69
Mayabunder (RV),NORTH AND MIDDLE ANDAMAN,645294,village,Paradip,1042.84,ICD Bhubaneswar,1096.09,Paradip Port,1036.39,Biju Patnaik International Airport (BBI),1095.63,Zorinpui ICP,1100.62
Danpur (RV),NORTH AND MIDDLE ANDAMAN,645296,village,Paradip,1044.88,ICD Bhubaneswar,1098.04,Paradip Port,1038.43,Biju Patnaik International Airport (BBI),1097.57,Zorinpui ICP,1103.13
Lucknow (RV),NORTH AND MIDDLE ANDAMAN,645299,village,Paradip,1045.16,ICD Bhubaneswar,1098.23,Paradip Port,1038.72,Biju Patnaik International Airport (BBI),1097.76,Zorinpui ICP,1104.38
Devpur (RV),NORTH AND MIDDLE ANDAMAN,645301,village,Paradip,1045.53,ICD Bhubaneswar,1098.45,Paradip Port,1039.1,Biju Patnaik International Airport (BBI),1097.97,Zorinpui ICP,1106.34
Webi (RV),NORTH AND MIDDLE ANDAMAN,645302,village,Paradip,1047.22,ICD Bhubaneswar,1100.11,Paradip Port,1040.79,Biju Patnaik International Airport (BBI),1099.62,Zorinpui ICP,1107.98
Pahalgaon (RV),NORTH AND MIDDLE ANDAMAN,645303,village,Paradip,1046.52,ICD Bhubaneswar,1099.35,Paradip Port,1040.1,Biju Patnaik International Airport (BBI),1098.86,Zorinpui ICP,1108.22
Tugapur (RV),NORTH AND MIDDLE ANDAMAN,645304,village,Paradip,1045.41,ICD Bhubaneswar,1098.01,Paradip Port,1039.01,Biju Patnaik International Airport (BBI),1097.51,Zorinpui ICP,1109.86
Karmatang X (EFA) incl.Bihari Plot (EFA),NORTH AND MIDDLE ANDAMAN,645322,village,Paradip,1053.18,ICD Bhubaneswar,1106.18,Paradip Port,1046.75,Biju Patnaik International Airport (BBI),1105.71,Zorinpui ICP,1111.22
Land Fall Island (Police post),NORTH AND MIDDLE ANDAMAN,645292,village,Paradip,988.2,ICD Bhubaneswar,1044.89,Paradip Port,981.44,Biju Patnaik International Airport (BBI),1044.65,Zorinpui ICP,1019.87
East Island (Police post & Light house),NORTH AND MIDDLE ANDAMAN,645243,village,Paradip,992.34,ICD Bhubaneswar,1049.19,Paradip Port,985.57,Biju Patnaik International Airport (BBI),1048.96,Zorinpui ICP,1020.93
Ramnagar (RV),NORTH AND MIDDLE ANDAMAN,645239,village,Paradip,1034.85,ICD Bhubaneswar,1089.22,Paradip Port,1028.29,Biju Patnaik International Airport (BBI),1088.83,Zorinpui ICP,1081.68
Kalighat (RV),NORTH AND MIDDLE ANDAMAN,645237,village,Paradip,1029.84,ICD Bhubaneswar,1084.05,Paradip Port,1023.3,Biju Patnaik International Airport (BBI),1083.65,Zorinpui ICP,1079.78
Kalighat (RV),NORTH AND MIDDLE ANDAMAN,645237,village,Paradip,1027.77,ICD Bhubaneswar,1082.05,Paradip Port,1021.22,Biju Patnaik International Airport (BBI),1081.66,Zorinpui ICP,1077.41
Nischintapur (RV),NORTH AND MIDDLE ANDAMAN,645236,village,Paradip,1027.51,ICD Bhubaneswar,1081.68,Paradip Port,1020.97,Biju Patnaik International Airport (BBI),1081.27,Zorinpui ICP,1078.53
Madhyamgram (RV),NORTH AND MIDDLE ANDAMAN,645235,village,Paradip,1025.82,ICD Bhubaneswar,1080.08,Paradip Port,1019.27,Biju Patnaik International Airport (BBI),1079.68,Zorinpui ICP,1076.26
Paranghara (RV),NORTH AND MIDDLE ANDAMAN,645233,village,Paradip,1020.43,ICD Bhubaneswar,1074.54,Paradip Port,1013.89,Biju Patnaik International Airport (BBI),1074.13,Zorinpui ICP,1073.95
Krishnapuri (RV),NORTH AND MIDDLE ANDAMAN,645219,village,Paradip,1015.89,ICD Bhubaneswar,1070.72,Paradip Port,1009.29,Biju Patnaik International Airport (BBI),1070.35,Zorinpui ICP,1062.26
Laxmipur (RV),NORTH AND MIDDLE ANDAMAN,645216,village,Paradip,1015.23,ICD Bhubaneswar,1070.29,Paradip Port,1008.62,Biju Patnaik International Airport (BBI),1069.94,Zorinpui ICP,1059.1
Milangram (RV),NORTH AND MIDDLE ANDAMAN,645215,village,Paradip,1010.75,ICD Bhubaneswar,1065.78,Paradip Port,1004.14,Biju Patnaik International Airport (BBI),1065.43,Zorinpui ICP,1056.13
Deshbandhugram (RV),NORTH AND MIDDLE ANDAMAN,645217,village,Paradip,1018.55,ICD Bhubaneswar,1073.6,Paradip Port,1011.93,Biju Patnaik International Airport (BBI),1073.25,Zorinpui ICP,1061.63
Vidyasagarpalli (RV),NORTH AND MIDDLE ANDAMAN,645225,village,Paradip,1020.84,ICD Bhubaneswar,1075.89,Paradip Port,1014.22,Biju Patnaik International Airport (BBI),1075.53,Zorinpui ICP,1063.35
Keralapuram (RV),NORTH AND MIDDLE ANDAMAN,645226,village,Paradip,1021.09,ICD Bhubaneswar,1076.26,Paradip Port,1014.46,Biju Patnaik International Airport (BBI),1075.92,Zorinpui ICP,1062.03
Durgapur (RV),NORTH AND MIDDLE ANDAMAN,645228,village,Paradip,1021.79,ICD Bhubaneswar,1077.02,Paradip Port,1015.16,Biju Patnaik International Airport (BBI),1076.68,Zorinpui ICP,1061.88
Aerial Bay (RV),NORTH AND MIDDLE ANDAMAN,645227,village,Paradip,1020.72,ICD Bhubaneswar,1075.95,Paradip Port,1014.09,Biju Patnaik International Airport (BBI),1075.61,Zorinpui ICP,1061.08
Sagar Dweep (RV),NORTH AND MIDDLE ANDAMAN,645242,village,Paradip,1017.49,ICD Bhubaneswar,1073.17,Paradip Port,1010.82,Biju Patnaik International Airport (BBI),1072.86,Zorinpui ICP,1053.41
Swarajgram (RV),NORTH AND MIDDLE ANDAMAN,645214,village,Paradip,1008.66,ICD Bhubaneswar,1063.81,Paradip Port,1002.04,Biju Patnaik International Airport (BBI),1063.47,Zorinpui ICP,1053.16
Radha Nagar (RV),NORTH AND MIDDLE ANDAMAN,645213,village,Paradip,1005.43,ICD Bhubaneswar,1060.69,Paradip Port,998.8,Biju Patnaik International Airport (BBI),1060.35,Zorinpui ICP,1049.6
Shyam Nagar (EFA),NORTH AND MIDDLE ANDAMAN,645251,village,Paradip,1003.22,ICD Bhubaneswar,1058.55,Paradip Port,996.58,Biju Patnaik International Airport (BBI),1058.22,Zorinpui ICP,1047.12
Shibpur (RV),NORTH AND MIDDLE ANDAMAN,645229,village,Paradip,1025.13,ICD Bhubaneswar,1080.3,Paradip Port,1018.51,Biju Patnaik International Airport (BBI),1079.95,Zorinpui ICP,1065.16
Kalipur (RV),NORTH AND MIDDLE ANDAMAN,645230,village,Paradip,1026.54,ICD Bhubaneswar,1081.59,Paradip Port,1019.93,Biju Patnaik International Airport (BBI),1081.24,Zorinpui ICP,1067.61
Narcondam Island (Police post),NORTH AND MIDDLE ANDAMAN,645244,village,Paradip,1097.29,ICD Bhubaneswar,1158.03,Paradip Port,1090.16,Biju Patnaik International Airport (BBI),1158.04,Zorinpui ICP,1047.88
North Button Island,NORTH AND MIDDLE ANDAMAN,,village,Paradip,1106.95,ICD Bhubaneswar,1158.69,Paradip Port,1100.62,Biju Patnaik International Airport (BBI),1158.14,Zorinpui ICP,1166.83
Middle Button Island,NORTH AND MIDDLE ANDAMAN,,village,Paradip,1107.8,ICD Bhubaneswar,1159.19,Paradip Port,1101.5,Biju Patnaik International Airport (BBI),1158.61,Zorinpui ICP,1171.43
South Button Island,NORTH AND MIDDLE ANDAMAN,,village,Paradip,1112.12,ICD Bhubaneswar,1163.29,Paradip Port,1105.84,Biju Patnaik International Airport (BBI),1162.7,Zorinpui ICP,1177.24
Unnamed,NORTH AND MIDDLE ANDAMAN,,village,Paradip,1043.65,ICD Bhubaneswar,1095.46,Paradip Port,1037.32,Biju Patnaik International Airport (BBI),1094.92,Zorinpui ICP,1117.37
Unnamed,NORTH AND MIDDLE ANDAMAN,,village,Paradip,1042.73,ICD Bhubaneswar,1094.57,Paradip Port,1036.4,Biju Patnaik International Airport (BBI),1094.03,Zorinpui ICP,1116.32
Unnamed,NORTH AND MIDDLE ANDAMAN,,village,Paradip,1042.25,ICD Bhubaneswar,1094.12,Paradip Port,1035.92,Biju Patnaik International Airport (BBI),1093.58,Zorinpui ICP,1115.6
Unnamed,NORTH AND MIDDLE ANDAMAN,,village,Paradip,1041.58,ICD Bhubaneswar,1093.47,Paradip Port,1035.25,Biju Patnaik International Airport (BBI),1092.93,Zorinpui ICP,1114.94
Unnamed,NORTH AND MIDDLE ANDAMAN,,village,Paradip,1041.28,ICD Bhubaneswar,1093.18,Paradip Port,1034.94,Biju Patnaik International Airport (BBI),1092.65,Zorinpui ICP,1114.51
Unnamed,NORTH AND MIDDLE ANDAMAN,,village,Paradip,1041.0,ICD Bhubaneswar,1092.93,Paradip Port,1034.67,Biju Patnaik International Airport (BBI),1092.39,Zorinpui ICP,1114.13
Unnamed,NORTH AND MIDDLE ANDAMAN,,village,Paradip,1041.36,ICD Bhubaneswar,1094.15,Paradip Port,1034.94,Biju Patnaik International Airport (BBI),1093.67,Zorinpui ICP,1104.63
Unnamed,NORTH AND MIDDLE ANDAMAN,,village,Paradip,1041.42,ICD Bhubaneswar,1094.22,Paradip Port,1035.0,Biju Patnaik International Airport (BBI),1093.73,Zorinpui ICP,1104.64
Unnamed,NORTH AND MIDDLE ANDAMAN,,village,Paradip,1041.48,ICD Bhubaneswar,1094.3,Paradip Port,1035.06,Biju Patnaik International Airport (BBI),1093.81,Zorinpui ICP,1104.44
Swamp Island,NORTH AND MIDDLE ANDAMAN,,village,Paradip,1040.57,ICD Bhubaneswar,1093.72,Paradip Port,1034.12,Biju Patnaik International Airport (BBI),1093.25,Zorinpui ICP,1100.07
Temple Island,NORTH AND MIDDLE ANDAMAN,,village,Paradip,1014.49,ICD Bhubaneswar,1070.35,Paradip Port,1007.8,Biju Patnaik International Airport (BBI),1070.05,Zorinpui ICP,1048.98
Turtle Islands,NORTH AND MIDDLE ANDAMAN,,village,Paradip,1016.31,ICD Bhubaneswar,1072.21,Paradip Port,1009.62,Biju Patnaik International Airport (BBI),1071.91,Zorinpui ICP,1049.84
Turtle Islands,NORTH AND MIDDLE ANDAMAN,,village,Paradip,1017.16,ICD Bhubaneswar,1073.03,Paradip Port,1010.47,Biju Patnaik International Airport (BBI),1072.73,Zorinpui ICP,1050.77
Unnamed,NORTH AND MIDDLE ANDAMAN,,village,Paradip,1109.18,ICD Bhubaneswar,1158.75,Paradip Port,1103.04,Biju Patnaik International Airport (BBI),1158.07,Zorinpui ICP,1192.35
Boudeville Island,NORTH AND MIDDLE ANDAMAN,,village,Paradip,1034.64,ICD Bhubaneswar,1087.15,Paradip Port,1028.25,Biju Patnaik International Airport (BBI),1086.65,Zorinpui ICP,1102.78
Entrance Island,NORTH AND MIDDLE ANDAMAN,,village,Paradip,1038.14,ICD Bhubaneswar,1090.74,Paradip Port,1031.75,Biju Patnaik International Airport (BBI),1090.24,Zorinpui ICP,1104.49
Buchanan Island,NORTH AND MIDDLE ANDAMAN,,village,Paradip,1036.36,ICD Bhubaneswar,1088.99,Paradip Port,1029.96,Biju Patnaik International Airport (BBI),1088.49,Zorinpui ICP,1102.76
Sea Serpent island,NORTH AND MIDDLE ANDAMAN,,village,Paradip,1032.98,ICD Bhubaneswar,1085.63,Paradip Port,1026.58,Biju Patnaik International Airport (BBI),1085.13,Zorinpui ICP,1100.0
Ranger Island,NORTH AND MIDDLE ANDAMAN,,village,Paradip,1041.4,ICD Bhubaneswar,1093.77,Paradip Port,1035.02,Biju Patnaik International Airport (BBI),1093.26,Zorinpui ICP,1109.39
Unnamed,NORTH AND MIDDLE ANDAMAN,,village,Paradip,1033.76,ICD Bhubaneswar,1086.38,Paradip Port,1027.36,Biju Patnaik International Airport (BBI),1085.88,Zorinpui ICP,1100.88
Snake island,NORTH AND MIDDLE ANDAMAN,,village,Paradip,1033.99,ICD Bhubaneswar,1086.67,Paradip Port,1027.59,Biju Patnaik International Airport (BBI),1086.18,Zorinpui ICP,1100.45
Surat island,NORTH AND MIDDLE ANDAMAN,,village,Paradip,1037.24,ICD Bhubaneswar,1089.66,Paradip Port,1030.86,Biju Patnaik International Airport (BBI),1089.15,Zorinpui ICP,1105.83
Speke island,NORTH AND MIDDLE ANDAMAN,,village,Paradip,1038.71,ICD Bhubaneswar,1091.1,Paradip Port,1032.33,Biju Patnaik International Airport (BBI),1090.59,Zorinpui ICP,1107.19
Roper Island,NORTH AND MIDDLE ANDAMAN,,village,Paradip,1040.03,ICD Bhubaneswar,1092.36,Paradip Port,1033.66,Biju Patnaik International Airport (BBI),1091.84,Zorinpui ICP,1108.97
Unnamed,NORTH AND MIDDLE ANDAMAN,,village,Paradip,1051.03,ICD Bhubaneswar,1102.5,Paradip Port,1044.73,Biju Patnaik International Airport (BBI),1101.93,Zorinpui ICP,1126.78
Mask Island,NORTH AND MIDDLE ANDAMAN,,village,Paradip,1048.08,ICD Bhubaneswar,1099.77,Paradip Port,1041.76,Biju Patnaik International Airport (BBI),1099.22,Zorinpui ICP,1122.04
Unnamed,NORTH AND MIDDLE ANDAMAN,,village,Paradip,1046.13,ICD Bhubaneswar,1097.9,Paradip Port,1039.81,Biju Patnaik International Airport (BBI),1097.35,Zorinpui ICP,1119.7
Unnamed,NORTH AND MIDDLE ANDAMAN,,village,Paradip,1043.29,ICD Bhubaneswar,1095.07,Paradip Port,1036.97,Biju Patnaik International Airport (BBI),1094.52,Zorinpui ICP,1117.45
Unnamed,NORTH AND MIDDLE ANDAMAN,,village,Paradip,1043.74,ICD Bhubaneswar,1095.58,Paradip Port,1037.42,Biju Patnaik International Airport (BBI),1095.03,Zorinpui ICP,1117.24
Unnamed,NORTH AND MIDDLE ANDAMAN,,village,Paradip,1043.43,ICD Bhubaneswar,1095.25,Paradip Port,1037.11,Biju Patnaik International Airport (BBI),1094.7,Zorinpui ICP,1117.17
Unnamed,NORTH AND MIDDLE ANDAMAN,,village,Paradip,1019.58,ICD Bhubaneswar,1074.83,Paradip Port,1012.95,Biju Patnaik International Airport (BBI),1074.49,Zorinpui ICP,1060.12
Bluff Island(Lurua),NORTH AND MIDDLE ANDAMAN,,village,Paradip,1089.69,ICD Bhubaneswar,1139.39,Paradip Port,1083.55,Biju Patnaik International Airport (BBI),1138.72,Zorinpui ICP,1175.79
Unnamed,NORTH AND MIDDLE ANDAMAN,,village,Paradip,1090.12,ICD Bhubaneswar,1140.34,Paradip Port,1083.94,Biju Patnaik International Airport (BBI),1139.7,Zorinpui ICP,1170.52
Talakaicha Island,NORTH AND MIDDLE ANDAMAN,,village,Paradip,1090.52,ICD Bhubaneswar,1140.66,Paradip Port,1084.34,Biju Patnaik International Airport (BBI),1140.01,Zorinpui ICP,1171.69
Cone Island,NORTH AND MIDDLE ANDAMAN,,village,Paradip,1084.8,ICD Bhubaneswar,1135.95,Paradip Port,1078.53,Biju Patnaik International Airport (BBI),1135.37,Zorinpui ICP,1156.13
Parkinson Island,NORTH AND MIDDLE ANDAMAN,,village,Paradip,1086.76,ICD Bhubaneswar,1138.11,Paradip Port,1080.47,Biju Patnaik International Airport (BBI),1137.53,Zorinpui ICP,1155.54
Unnamed,NORTH AND MIDDLE ANDAMAN,,village,Paradip,1089.21,ICD Bhubaneswar,1139.43,Paradip Port,1083.02,Biju Patnaik International Airport (BBI),1138.8,Zorinpui ICP,1169.73
Unnamed,NORTH AND MIDDLE ANDAMAN,,village,Paradip,1101.83,ICD Bhubaneswar,1152.4,Paradip Port,1095.6,Biju Patnaik International Airport (BBI),1151.78,Zorinpui ICP,1175.73
Flat Island,NORTH AND MIDDLE ANDAMAN,,village,Paradip,1062.67,ICD Bhubaneswar,1113.32,Paradip Port,1056.45,Biju Patnaik International Airport (BBI),1112.7,Zorinpui ICP,1144.66
Hump Island,NORTH AND MIDDLE ANDAMAN,,village,Paradip,1054.59,ICD Bhubaneswar,1105.8,Paradip Port,1048.31,Biju Patnaik International Airport (BBI),1105.22,Zorinpui ICP,1132.28
Unnamed,NORTH AND MIDDLE ANDAMAN,,village,Paradip,1054.91,ICD Bhubaneswar,1106.31,Paradip Port,1048.62,Biju Patnaik International Airport (BBI),1105.74,Zorinpui ICP,1130.51
Unnamed,NORTH AND MIDDLE ANDAMAN,,village,Paradip,1088.65,ICD Bhubaneswar,1138.68,Paradip Port,1082.48,Biju Patnaik International Airport (BBI),1138.03,Zorinpui ICP,1171.41
Unnamed,NORTH AND MIDDLE ANDAMAN,,village,Paradip,1088.91,ICD Bhubaneswar,1139.06,Paradip Port,1082.73,Biju Patnaik International Airport (BBI),1138.42,Zorinpui ICP,1170.34
Talakaicha Island,NORTH AND MIDDLE ANDAMAN,,village,Paradip,1090.5,ICD Bhubaneswar,1140.51,Paradip Port,1084.33,Biju Patnaik International Airport (BBI),1139.85,Zorinpui ICP,1173.13
Merk Bay (AC),NORTH AND MIDDLE ANDAMAN,645422,village,Paradip,1101.73,ICD Bhubaneswar,1152.6,Paradip Port,1095.48,Biju Patnaik International Airport (BBI),1152.0,Zorinpui ICP,1172.38
Unnamed,NORTH AND MIDDLE ANDAMAN,,village,Paradip,1101.93,ICD Bhubaneswar,1152.75,Paradip Port,1095.69,Biju Patnaik International Airport (BBI),1152.14,Zorinpui ICP,1173.16
Unnamed,NORTH AND MIDDLE ANDAMAN,,village,Paradip,1097.87,ICD Bhubaneswar,1148.61,Paradip Port,1091.63,Biju Patnaik International Airport (BBI),1148.0,Zorinpui ICP,1170.79
Mangrove Swamp,NORTH AND MIDDLE ANDAMAN,,village,Paradip,1096.56,ICD Bhubaneswar,1147.34,Paradip Port,1090.32,Biju Patnaik International Airport (BBI),1146.73,Zorinpui ICP,1169.39
Round Island,NORTH AND MIDDLE ANDAMAN,,village,Paradip,1094.52,ICD Bhubaneswar,1145.57,Paradip Port,1088.26,Biju Patnaik International Airport (BBI),1144.98,Zorinpui ICP,1164.81
Guitar Island (Toli tale),NORTH AND MIDDLE ANDAMAN,,village,Paradip,1094.31,ICD Bhubaneswar,1145.43,Paradip Port,1088.04,Biju Patnaik International Airport (BBI),1144.84,Zorinpui ICP,1163.94
Unnamed,NORTH AND MIDDLE ANDAMAN,,village,Paradip,1101.15,ICD Bhubaneswar,1151.74,Paradip Port,1094.93,Biju Patnaik International Airport (BBI),1151.12,Zorinpui ICP,1175.04
Unnamed,NORTH AND MIDDLE ANDAMAN,,village,Paradip,1100.33,ICD Bhubaneswar,1150.84,Paradip Port,1094.11,Biju Patnaik International Airport (BBI),1150.21,Zorinpui ICP,1175.27
Unnamed,NORTH AND MIDDLE ANDAMAN,,village,Paradip,1102.3,ICD Bhubaneswar,1152.78,Paradip Port,1096.09,Biju Patnaik International Airport (BBI),1152.15,Zorinpui ICP,1177.17
Unnamed,NORTH AND MIDDLE ANDAMAN,,village,Paradip,1088.95,ICD Bhubaneswar,1140.17,Paradip Port,1082.67,Biju Patnaik International Airport (BBI),1139.58,Zorinpui ICP,1158.68
Porlob Depot. (FC)*,NORTH AND MIDDLE ANDAMAN,,village,Paradip,1087.85,ICD Bhubaneswar,1138.95,Paradip Port,1081.58,Biju Patnaik International Airport (BBI),1138.36,Zorinpui ICP,1159.08
Unnamed,NORTH AND MIDDLE ANDAMAN,,village,Paradip,1086.41,ICD Bhubaneswar,1137.59,Paradip Port,1080.13,Biju Patnaik International Airport (BBI),1137.0,Zorinpui ICP,1157.09
Unnamed,NORTH AND MIDDLE ANDAMAN,,village,Paradip,1085.73,ICD Bhubaneswar,1136.85,Paradip Port,1079.46,Biju Patnaik International Airport (BBI),1136.26,Zorinpui ICP,1157.25
Oyster Island,NORTH AND MIDDLE ANDAMAN,,village,Paradip,1087.74,ICD Bhubaneswar,1139.02,Paradip Port,1081.45,Biju Patnaik International Airport (BBI),1138.44,Zorinpui ICP,1157.0
Unnamed,NORTH AND MIDDLE ANDAMAN,,village,Paradip,1087.75,ICD Bhubaneswar,1139.06,Paradip Port,1081.46,Biju Patnaik International Airport (BBI),1138.48,Zorinpui ICP,1156.66
Unnamed,NORTH AND MIDDLE ANDAMAN,,village,Paradip,1086.79,ICD Bhubaneswar,1138.04,Paradip Port,1080.5,Biju Patnaik International Airport (BBI),1137.46,Zorinpui ICP,1156.59
Unnamed,NORTH AND MIDDLE ANDAMAN,,village,Paradip,1096.27,ICD Bhubaneswar,1146.12,Paradip Port,1090.12,Biju Patnaik International Airport (BBI),1145.46,Zorinpui ICP,1179.31
Unnamed,NORTH AND MIDDLE ANDAMAN,,village,Paradip,1089.95,ICD Bhubaneswar,1139.79,Paradip Port,1083.8,Biju Patnaik International Airport (BBI),1139.13,Zorinpui ICP,1174.51
Unnamed,NORTH AND MIDDLE ANDAMAN,,village,Paradip,1082.98,ICD Bhubaneswar,1134.0,Paradip Port,1076.72,Biju Patnaik International Airport (BBI),1133.41,Zorinpui ICP,1156.13
Unnamed,NORTH AND MIDDLE ANDAMAN,,village,Paradip,1095.99,ICD Bhubaneswar,1146.22,Paradip Port,1089.8,Biju Patnaik International Airport (BBI),1145.58,Zorinpui ICP,1175.0
Unnamed,NORTH AND MIDDLE ANDAMAN,,village,Paradip,1104.24,ICD Bhubaneswar,1153.85,Paradip Port,1098.11,Biju Patnaik International Airport (BBI),1153.18,Zorinpui ICP,1188.12
Brush Island,NORTH AND MIDDLE ANDAMAN,,village,Paradip,1020.95,ICD Bhubaneswar,1076.38,Paradip Port,1014.3,Biju Patnaik International Airport (BBI),1076.05,Zorinpui ICP,1058.94
Unnamed,NORTH AND MIDDLE ANDAMAN,,village,Paradip,1015.48,ICD Bhubaneswar,1070.8,Paradip Port,1008.84,Biju Patnaik International Airport (BBI),1070.46,Zorinpui ICP,1056.28
Chatham Island,NORTH AND MIDDLE ANDAMAN,,village,Paradip,1017.27,ICD Bhubaneswar,1072.64,Paradip Port,1010.62,Biju Patnaik International Airport (BBI),1072.31,Zorinpui ICP,1056.86
Unnamed,NORTH AND MIDDLE ANDAMAN,,village,Paradip,1104.3,ICD Bhubaneswar,1154.21,Paradip Port,1098.14,Biju Patnaik International Airport (BBI),1153.56,Zorinpui ICP,1184.86
Unnamed,NORTH AND MIDDLE ANDAMAN,,village,Paradip,1108.87,ICD Bhubaneswar,1158.94,Paradip Port,1102.7,Biju Patnaik International Airport (BBI),1158.29,Zorinpui ICP,1186.77
Kala Pahar Island,NORTH AND MIDDLE ANDAMAN,,village,Paradip,1093.63,ICD Bhubaneswar,1144.48,Paradip Port,1087.38,Biju Patnaik International Airport (BBI),1143.87,Zorinpui ICP,1166.34
Lalajig Bay (AC),NORTH AND MIDDLE ANDAMAN,,village,Paradip,1091.05,ICD Bhubaneswar,1142.55,Paradip Port,1084.74,Biju Patnaik International Airport (BBI),1141.98,Zorinpui ICP,1157.13
Unnamed,NORTH AND MIDDLE ANDAMAN,,village,Paradip,1091.58,ICD Bhubaneswar,1142.98,Paradip Port,1085.28,Biju Patnaik International Airport (BBI),1142.41,Zorinpui ICP,1158.61
Unnamed,NORTH AND MIDDLE ANDAMAN,,village,Paradip,1039.8,ICD Bhubaneswar,1091.3,Paradip Port,1033.5,Biju Patnaik International Airport (BBI),1090.74,Zorinpui ICP,1117.87
Unnamed,NORTH AND MIDDLE ANDAMAN,,village,Paradip,1024.57,ICD Bhubaneswar,1076.87,Paradip Port,1018.2,Biju Patnaik International Airport (BBI),1076.35,Zorinpui ICP,1097.68
Unnamed,NORTH AND MIDDLE ANDAMAN,,village,Paradip,1024.81,ICD Bhubaneswar,1077.1,Paradip Port,1018.44,Biju Patnaik International Airport (BBI),1076.58,Zorinpui ICP,1097.88
Unnamed,NORTH AND MIDDLE ANDAMAN,,village,Paradip,1025.02,ICD Bhubaneswar,1077.31,Paradip Port,1018.66,Biju Patnaik International Airport (BBI),1076.79,Zorinpui ICP,1098.1
Interview Island (WLS),NORTH AND MIDDLE ANDAMAN,,village,Paradip,1032.08,ICD Bhubaneswar,1084.22,Paradip Port,1025.72,Biju Patnaik International Airport (BBI),1083.7,Zorinpui ICP,1105.0
Unnamed,NORTH AND MIDDLE ANDAMAN,,village,Paradip,1041.13,ICD Bhubaneswar,1094.2,Paradip Port,1034.69,Biju Patnaik International Airport (BBI),1093.72,Zorinpui ICP,1101.45
Unnamed,NORTH AND MIDDLE ANDAMAN,,village,Paradip,1042.42,ICD Bhubaneswar,1095.54,Paradip Port,1035.97,Biju Patnaik International Airport (BBI),1095.07,Zorinpui ICP,1101.77
Unnamed,NORTH AND MIDDLE ANDAMAN,,village,Paradip,1044.27,ICD Bhubaneswar,1097.4,Paradip Port,1037.82,Biju Patnaik International Airport (BBI),1096.94,Zorinpui ICP,1102.98
Curlew island,NORTH AND MIDDLE ANDAMAN,,village,Paradip,1040.95,ICD Bhubaneswar,1094.21,Paradip Port,1034.49,Biju Patnaik International Airport (BBI),1093.75,Zorinpui ICP,1099.01
Egg island,NORTH AND MIDDLE ANDAMAN,,village,Paradip,1041.24,ICD Bhubaneswar,1094.5,Paradip Port,1034.78,Biju Patnaik International Airport (BBI),1094.04,Zorinpui ICP,1099.3
Orchid island,NORTH AND MIDDLE ANDAMAN,,village,Paradip,1041.46,ICD Bhubaneswar,1094.8,Paradip Port,1034.99,Biju Patnaik International Airport (BBI),1094.34,Zorinpui ICP,1098.51
Unnamed,NORTH AND MIDDLE ANDAMAN,,village,Paradip,1041.21,ICD Bhubaneswar,1094.56,Paradip Port,1034.75,Biju Patnaik International Airport (BBI),1094.11,Zorinpui ICP,1098.25
Unnamed,NORTH AND MIDDLE ANDAMAN,,village,Paradip,1045.78,ICD Bhubaneswar,1098.44,Paradip Port,1039.38,Biju Patnaik International Airport (BBI),1097.95,Zorinpui ICP,1109.49
Unnamed,NORTH AND MIDDLE ANDAMAN,,village,Paradip,1045.1,ICD Bhubaneswar,1097.84,Paradip Port,1038.69,Biju Patnaik International Airport (BBI),1097.35,Zorinpui ICP,1108.1
Unnamed,NORTH AND MIDDLE ANDAMAN,,village,Paradip,1044.72,ICD Bhubaneswar,1097.6,Paradip Port,1038.29,Biju Patnaik International Airport (BBI),1097.12,Zorinpui ICP,1106.21
Unnamed,NORTH AND MIDDLE ANDAMAN,,village,Paradip,1044.14,ICD Bhubaneswar,1097.05,Paradip Port,1037.72,Biju Patnaik International Airport (BBI),1096.57,Zorinpui ICP,1105.5
Unnamed,NORTH AND MIDDLE ANDAMAN,,village,Paradip,1045.26,ICD Bhubaneswar,1098.03,Paradip Port,1038.84,Biju Patnaik International Airport (BBI),1097.54,Zorinpui ICP,1107.8
Unnamed,NORTH AND MIDDLE ANDAMAN,,village,Paradip,1051.33,ICD Bhubaneswar,1103.51,Paradip Port,1044.96,Biju Patnaik International Airport (BBI),1102.98,Zorinpui ICP,1119.07
Unnamed,NORTH AND MIDDLE ANDAMAN,,village,Paradip,1044.62,ICD Bhubaneswar,1097.61,Paradip Port,1038.18,Biju Patnaik International Airport (BBI),1097.13,Zorinpui ICP,1104.92
Unnamed,NORTH AND MIDDLE ANDAMAN,,village,Paradip,994.81,ICD Bhubaneswar,1052.01,Paradip Port,988.01,Biju Patnaik International Airport (BBI),1051.79,Zorinpui ICP,1018.49
Unnamed,NORTH AND MIDDLE ANDAMAN,,village,Paradip,994.96,ICD Bhubaneswar,1052.14,Paradip Port,988.16,Biju Patnaik International Airport (BBI),1051.92,Zorinpui ICP,1018.84
Unnamed,NORTH AND MIDDLE ANDAMAN,,village,Paradip,995.3,ICD Bhubaneswar,1052.5,Paradip Port,988.5,Biju Patnaik International Airport (BBI),1052.28,Zorinpui ICP,1018.85
Unnamed,NORTH AND MIDDLE ANDAMAN,,village,Paradip,995.26,ICD Bhubaneswar,1052.44,Paradip Port,988.45,Biju Patnaik International Airport (BBI),1052.22,Zorinpui ICP,1019.02
Peacock Island,NORTH AND MIDDLE ANDAMAN,,village,Paradip,998.92,ICD Bhubaneswar,1055.48,Paradip Port,992.18,Biju Patnaik International Airport (BBI),1055.23,Zorinpui ICP,1029.25
Unnamed,NORTH AND MIDDLE ANDAMAN,,village,Paradip,995.9,ICD Bhubaneswar,1052.01,Paradip Port,989.19,Biju Patnaik International Airport (BBI),1051.73,Zorinpui ICP,1032.44
Thornhill island,NORTH AND MIDDLE ANDAMAN,,village,Paradip,991.16,ICD Bhubaneswar,1046.94,Paradip Port,984.48,Biju Patnaik International Airport (BBI),1046.64,Zorinpui ICP,1032.99
White Cliff island,NORTH AND MIDDLE ANDAMAN,,village,Paradip,988.52,ICD Bhubaneswar,1044.18,Paradip Port,981.85,Biju Patnaik International Airport (BBI),1043.87,Zorinpui ICP,1032.51
Reef Island,NORTH AND MIDDLE ANDAMAN,,village,Paradip,990.54,ICD Bhubaneswar,1046.05,Paradip Port,983.89,Biju Patnaik International Airport (BBI),1045.73,Zorinpui ICP,1035.75
Paget Island,NORTH AND MIDDLE ANDAMAN,,village,Paradip,994.18,ICD Bhubaneswar,1049.21,Paradip Port,987.57,Biju Patnaik International Airport (BBI),1048.86,Zorinpui ICP,1044.05
Point Island,NORTH AND MIDDLE ANDAMAN,,village,Paradip,994.59,ICD Bhubaneswar,1049.46,Paradip Port,988.0,Biju Patnaik International Airport (BBI),1049.1,Zorinpui ICP,1046.21
Unnamed,NORTH AND MIDDLE ANDAMAN,,village,Paradip,999.6,ICD Bhubaneswar,1054.34,Paradip Port,993.01,Biju Patnaik International Airport (BBI),1053.97,Zorinpui ICP,1051.31
Machua Tikri island,NORTH AND MIDDLE ANDAMAN,,village,Paradip,1014.23,ICD Bhubaneswar,1068.0,Paradip Port,1007.73,Biju Patnaik International Airport (BBI),1067.57,Zorinpui ICP,1073.36
North Reef island,NORTH AND MIDDLE ANDAMAN,,village,Paradip,1015.31,ICD Bhubaneswar,1068.29,Paradip Port,1008.88,Biju Patnaik International Airport (BBI),1067.81,Zorinpui ICP,1083.08
Unnamed,NORTH AND MIDDLE ANDAMAN,,village,Paradip,1016.55,ICD Bhubaneswar,1069.69,Paradip Port,1010.11,Biju Patnaik International Airport (BBI),1069.23,Zorinpui ICP,1082.24
Dot island,NORTH AND MIDDLE ANDAMAN,,village,Paradip,1037.49,ICD Bhubaneswar,1091.37,Paradip Port,1030.98,Biju Patnaik International Airport (BBI),1090.95,Zorinpui ICP,1089.34
Oliver island,NORTH AND MIDDLE ANDAMAN,,village,Paradip,1041.96,ICD Bhubaneswar,1095.94,Paradip Port,1035.44,Biju Patnaik International Airport (BBI),1095.52,Zorinpui ICP,1091.63
Bamboo island,NORTH AND MIDDLE ANDAMAN,,village,Paradip,1033.64,ICD Bhubaneswar,1087.58,Paradip Port,1027.13,Biju Patnaik International Airport (BBI),1087.16,Zorinpui ICP,1085.9
Unnamed,NORTH AND MIDDLE ANDAMAN,,village,Paradip,1000.16,ICD Bhubaneswar,1055.77,Paradip Port,993.5,Biju Patnaik International Airport (BBI),1055.46,Zorinpui ICP,1041.58
Unnamed,NORTH AND MIDDLE ANDAMAN,,village,Paradip,1018.92,ICD Bhubaneswar,1073.45,Paradip Port,1012.35,Biju Patnaik International Airport (BBI),1073.06,Zorinpui ICP,1068.0
Unnamed,NORTH AND MIDDLE ANDAMAN,,village,Paradip,1011.37,ICD Bhubaneswar,1066.53,Paradip Port,1004.74,Biju Patnaik International Airport (BBI),1066.18,Zorinpui ICP,1055.07
Unnamed,NORTH AND MIDDLE ANDAMAN,,village,Paradip,1015.89,ICD Bhubaneswar,1071.09,Paradip Port,1009.27,Biju Patnaik International Airport (BBI),1070.75,Zorinpui ICP,1057.96
Unnamed,NORTH AND MIDDLE ANDAMAN,,village,Paradip,1018.06,ICD Bhubaneswar,1073.19,Paradip Port,1011.44,Biju Patnaik International Airport (BBI),1072.84,Zorinpui ICP,1060.45
Unnamed,NORTH AND MIDDLE ANDAMAN,,village,Paradip,1020.59,ICD Bhubaneswar,1075.84,Paradip Port,1013.95,Biju Patnaik International Airport (BBI),1075.51,Zorinpui ICP,1060.68
Unnamed,NORTH AND MIDDLE ANDAMAN,,village,Paradip,1022.04,ICD Bhubaneswar,1077.3,Paradip Port,1015.4,Biju Patnaik International Airport (BBI),1076.97,Zorinpui ICP,1061.64
Unnamed,NORTH AND MIDDLE ANDAMAN,,village,Paradip,1020.46,ICD Bhubaneswar,1075.63,Paradip Port,1013.83,Biju Patnaik International Airport (BBI),1075.29,Zorinpui ICP,1061.56
Unnamed,NORTH AND MIDDLE ANDAMAN,,village,Paradip,1024.9,ICD Bhubaneswar,1080.15,Paradip Port,1018.26,Biju Patnaik International Airport (BBI),1079.81,Zorinpui ICP,1063.87
Unnamed,NORTH AND MIDDLE ANDAMAN,,village,Paradip,1025.3,ICD Bhubaneswar,1078.73,Paradip Port,1018.83,Biju Patnaik International Airport (BBI),1078.28,Zorinpui ICP,1085.39
Unnamed,NORTH AND MIDDLE ANDAMAN,,village,Paradip,1017.46,ICD Bhubaneswar,1071.64,Paradip Port,1010.93,Biju Patnaik International Airport (BBI),1071.24,Zorinpui ICP,1071.01
Unnamed,NORTH AND MIDDLE ANDAMAN,,village,Paradip,1027.51,ICD Bhubaneswar,1081.58,Paradip Port,1020.98,Biju Patnaik International Airport (BBI),1081.16,Zorinpui ICP,1079.81
Unnamed,NORTH AND MIDDLE ANDAMAN,,village,Paradip,1029.99,ICD Bhubaneswar,1084.19,Paradip Port,1023.45,Biju Patnaik International Airport (BBI),1083.78,Zorinpui ICP,1080.12
Unnamed,NORTH AND MIDDLE ANDAMAN,,village,Paradip,985.25,ICD Bhubaneswar,1041.19,Paradip Port,978.56,Biju Patnaik International Airport (BBI),1040.9,Zorinpui ICP,1026.84
Delgarno Island,NORTH AND MIDDLE ANDAMAN,,village,Paradip,1013.87,ICD Bhubaneswar,1069.97,Paradip Port,1007.16,Biju Patnaik International Airport (BBI),1069.68,Zorinpui ICP,1045.71
Trilby Island,NORTH AND MIDDLE ANDAMAN,,village,Paradip,1011.86,ICD Bhubaneswar,1067.9,Paradip Port,1005.16,Biju Patnaik International Airport (BBI),1067.61,Zorinpui ICP,1045.01
Rocks,NORTH AND MIDDLE ANDAMAN,,village,Paradip,1011.46,ICD Bhubaneswar,1067.59,Paradip Port,1004.75,Biju Patnaik International Airport (BBI),1067.3,Zorinpui ICP,1043.65
Unnamed,NORTH AND MIDDLE ANDAMAN,,village,Paradip,1013.02,ICD Bhubaneswar,1069.25,Paradip Port,1006.3,Biju Patnaik International Airport (BBI),1068.97,Zorinpui ICP,1043.54
Turtle Islands,NORTH AND MIDDLE ANDAMAN,,village,Paradip,1016.95,ICD Bhubaneswar,1072.79,Paradip Port,1010.27,Biju Patnaik International Airport (BBI),1072.49,Zorinpui ICP,1051.14
Unnamed,NORTH AND MIDDLE ANDAMAN,,village,Paradip,1014.61,ICD Bhubaneswar,1070.26,Paradip Port,1007.94,Biju Patnaik International Airport (BBI),1069.94,Zorinpui ICP,1051.66
North Island,NORTH AND MIDDLE ANDAMAN,,village,Paradip,1014.95,ICD Bhubaneswar,1070.44,Paradip Port,1008.3,Biju Patnaik International Airport (BBI),1070.12,Zorinpui ICP,1053.81
Wharf Island,NORTH AND MIDDLE ANDAMAN,,village,Paradip,1014.97,ICD Bhubaneswar,1070.43,Paradip Port,1008.32,Biju Patnaik International Airport (BBI),1070.1,Zorinpui ICP,1054.17
South Island,NORTH AND MIDDLE ANDAMAN,,village,Paradip,1014.71,ICD Bhubaneswar,1070.13,Paradip Port,1008.06,Biju Patnaik International Airport (BBI),1069.8,Zorinpui ICP,1054.39
Jungle Island,NORTH AND MIDDLE ANDAMAN,,village,Paradip,1016.3,ICD Bhubaneswar,1071.87,Paradip Port,1009.64,Biju Patnaik International Airport (BBI),1071.55,Zorinpui ICP,1053.83
Smith (EFA),NORTH AND MIDDLE ANDAMAN,645288,village,Paradip,1019.16,ICD Bhubaneswar,1074.92,Paradip Port,1012.48,Biju Patnaik International Airport (BBI),1074.61,Zorinpui ICP,1053.62
Ox island,NORTH AND MIDDLE ANDAMAN,,village,Paradip,1011.8,ICD Bhubaneswar,1067.04,Paradip Port,1005.17,Biju Patnaik International Airport (BBI),1066.7,Zorinpui ICP,1054.43
Unnamed,NORTH AND MIDDLE ANDAMAN,,village,Paradip,1016.2,ICD Bhubaneswar,1071.37,Paradip Port,1009.58,Biju Patnaik International Airport (BBI),1071.02,Zorinpui ICP,1058.56
Dharmapur (RV),NORTH AND MIDDLE ANDAMAN,,village,Paradip,1068.23,ICD Bhubaneswar,1120.41,Paradip Port,1061.87,Biju Patnaik International Airport (BBI),1119.88,Zorinpui ICP,1132.02
Barren Island,NORTH AND MIDDLE ANDAMAN,,village,Paradip,1162.66,ICD Bhubaneswar,1217.66,Paradip Port,1156.03,Biju Patnaik International Airport (BBI),1217.29,Zorinpui ICP,1172.59
Guitar Island (Toli tale),NORTH AND MIDDLE ANDAMAN,,village,Paradip,1095.48,ICD Bhubaneswar,1146.54,Paradip Port,1089.22,Biju Patnaik International Airport (BBI),1145.95,Zorinpui ICP,1165.47
Colebrooke Island,NORTH AND MIDDLE ANDAMAN,,village,Paradip,1103.06,ICD Bhubaneswar,1153.69,Paradip Port,1096.84,Biju Patnaik International Airport (BBI),1153.08,Zorinpui ICP,1176.09
Colebrooke Island,NORTH AND MIDDLE ANDAMAN,,village,Paradip,1101.5,ICD Bhubaneswar,1152.24,Paradip Port,1095.27,Biju Patnaik International Airport (BBI),1151.63,Zorinpui ICP,1173.68
Lataw (RV),NORTH AND MIDDLE ANDAMAN,645300,village,Paradip,1044.32,ICD Bhubaneswar,1097.26,Paradip Port,1037.89,Biju Patnaik International Airport (BBI),1096.79,Zorinpui ICP,1105.16
Lataw (RV),NORTH AND MIDDLE ANDAMAN,645300,village,Paradip,1044.6,ICD Bhubaneswar,1097.56,Paradip Port,1038.17,Biju Patnaik International Airport (BBI),1097.08,Zorinpui ICP,1105.24
Lataw (RV),NORTH AND MIDDLE ANDAMAN,645300,village,Paradip,1045.34,ICD Bhubaneswar,1098.33,Paradip Port,1038.91,Biju Patnaik International Airport (BBI),1097.85,Zorinpui ICP,1105.48
Gurjon Island,NORTH AND MIDDLE ANDAMAN,,village,Paradip,1044.37,ICD Bhubaneswar,1097.66,Paradip Port,1037.91,Biju Patnaik International Airport (BBI),1097.21,Zorinpui ICP,1101.26
Boudeville Island,NORTH AND MIDDLE ANDAMAN,,village,Paradip,1035.38,ICD Bhubaneswar,1087.83,Paradip Port,1029.0,Biju Patnaik International Airport (BBI),1087.32,Zorinpui ICP,1104.1
Unnamed,NORTH AND MIDDLE ANDAMAN,,village,Paradip,1038.85,ICD Bhubaneswar,1090.94,Paradip Port,1032.5,Biju Patnaik International Airport (BBI),1090.41,Zorinpui ICP,1110.65
Unnamed,NORTH AND MIDDLE ANDAMAN,,village,Paradip,1037.29,ICD Bhubaneswar,1089.49,Paradip Port,1030.93,Biju Patnaik International Airport (BBI),1088.97,Zorinpui ICP,1108.32
Unnamed,NORTH AND MIDDLE ANDAMAN,,village,Paradip,1037.06,ICD Bhubaneswar,1089.18,Paradip Port,1030.71,Biju Patnaik International Airport (BBI),1088.65,Zorinpui ICP,1108.99
Ross Island,NORTH AND MIDDLE ANDAMAN,645288,village,Paradip,1022.38,ICD Bhubaneswar,1077.96,Paradip Port,1015.71,Biju Patnaik International Airport (BBI),1077.64,Zorinpui ICP,1058.2
Unnamed Island,NORTH AND MIDDLE ANDAMAN,,village,Paradip,1033.6,ICD Bhubaneswar,1087.43,Paradip Port,1027.09,Biju Patnaik International Airport (BBI),1087.01,Zorinpui ICP,1086.98
Batti Malv,NICOBARS,,village,KOTABOMMALI,1416.15,ICD Chennai (Tondiarpet),1460.75,Paradip Port,1421.41,Visakhapatnam International Airport (VTZ),1430.78,Zorinpui ICP,1555.91
Teetop,NICOBARS,645013,village,KOTABOMMALI,1379.27,ICD Bhubaneswar,1427.04,Paradip Port,1381.26,Visakhapatnam International Airport (VTZ),1395.78,Zorinpui ICP,1515.94
Megapod Island,NICOBARS,,village,VELANKANNI,1613.49,ICD Chennai (Tondiarpet),1649.01,Karaikal Port,1619.94,Chennai International Airport (MAA),1655.34,Zorinpui ICP,1779.9
Trinket*,NICOBARS,645137,village,KOTABOMMALI,1532.04,ICD Chennai (Tondiarpet),1567.46,Paradip Port,1532.55,Visakhapatnam International Airport (VTZ),1547.01,Zorinpui ICP,1639.75
Tillang Chong Island*,NICOBARS,645033,village,Paradip,1499.1,ICD Bhubaneswar,1541.67,Paradip Port,1493.57,Visakhapatnam International Airport (VTZ),1517.53,Zorinpui ICP,1593.13
Sastri Nagar,NICOBARS,645191,village,VELANKANNI,1626.31,ICD Chennai (Tondiarpet),1661.64,Karaikal Port,1632.75,Chennai International Airport (MAA),1668.0,Zorinpui ICP,1784.32
Gandhi Nagar,NICOBARS,645192,village,VELANKANNI,1625.35,ICD Chennai (Tondiarpet),1660.14,Karaikal Port,1631.74,Chennai International Airport (MAA),1666.53,Zorinpui ICP,1780.9
Laxmi Nagar,NICOBARS,645193,village,VELANKANNI,1623.96,ICD Chennai (Tondiarpet),1658.08,Karaikal Port,1630.28,Chennai International Airport (MAA),1664.51,Zorinpui ICP,1776.48
Vijoy Nagar,NICOBARS,645194,village,VELANKANNI,1623.33,ICD Chennai (Tondiarpet),1656.69,Karaikal Port,1629.59,Chennai International Airport (MAA),1663.17,Zorinpui ICP,1771.87
Joginder Nagar,NICOBARS,645195,village,VELANKANNI,1623.34,ICD Chennai (Tondiarpet),1656.17,Karaikal Port,1629.54,Chennai International Airport (MAA),1662.69,Zorinpui ICP,1768.95
Govinda Nagar,NICOBARS,645199,village,VELANKANNI,1620.93,ICD Chennai (Tondiarpet),1653.09,Karaikal Port,1627.07,Chennai International Airport (MAA),1659.65,Zorinpui ICP,1764.12
Campbell Bay (CT),NICOBARS,645200,village,VELANKANNI,1624.21,ICD Chennai (Tondiarpet),1655.8,Karaikal Port,1630.3,Chennai International Airport (MAA),1662.41,Zorinpui ICP,1762.28
Pulomilo,NICOBARS,645140,village,VELANKANNI,1583.64,ICD Chennai (Tondiarpet),1610.06,Karaikal Port,1589.19,Visakhapatnam International Airport (VTZ),1610.46,Zorinpui ICP,1716.77
Alipa/Alips*,NICOBARS,645085,village,KOTABOMMALI,1538.42,ICD Chennai (Tondiarpet),1568.35,Paradip Port,1541.02,Visakhapatnam International Airport (VTZ),1552.47,Zorinpui ICP,1651.35
Jhoola*,NICOBARS,645046,village,KOTABOMMALI,1530.55,ICD Chennai (Tondiarpet),1554.37,Gangavaram Port,1536.35,Visakhapatnam International Airport (VTZ),1543.31,Zorinpui ICP,1654.6
Unnamed,NICOBARS,,village,KOTABOMMALI,1527.83,ICD Chennai (Tondiarpet),1549.67,Gangavaram Port,1533.21,Visakhapatnam International Airport (VTZ),1540.17,Zorinpui ICP,1655.53
Unnamed,NICOBARS,,village,KOTABOMMALI,1527.73,ICD Chennai (Tondiarpet),1548.79,Gangavaram Port,1532.97,Visakhapatnam International Airport (VTZ),1539.93,Zorinpui ICP,1656.53
Unnamed,NICOBARS,,village,KOTABOMMALI,1535.28,ICD Chennai (Tondiarpet),1556.96,Gangavaram Port,1540.76,Visakhapatnam International Airport (VTZ),1547.72,Zorinpui ICP,1660.54
Unnamed,NICOBARS,,village,KOTABOMMALI,1535.61,ICD Chennai (Tondiarpet),1557.01,Gangavaram Port,1541.04,Visakhapatnam International Airport (VTZ),1548.0,Zorinpui ICP,1661.13
Unnamed,NICOBARS,,village,KOTABOMMALI,1535.11,ICD Chennai (Tondiarpet),1557.09,Gangavaram Port,1540.64,Visakhapatnam International Airport (VTZ),1547.6,Zorinpui ICP,1660.02
Unnamed,NICOBARS,,village,KOTABOMMALI,1535.44,ICD Chennai (Tondiarpet),1557.62,Gangavaram Port,1541.02,Visakhapatnam International Airport (VTZ),1547.98,Zorinpui ICP,1659.98
Unnamed,NICOBARS,,village,KOTABOMMALI,1495.27,ICD Chennai (Tondiarpet),1526.38,Paradip Port,1500.5,Visakhapatnam International Airport (VTZ),1508.8,Zorinpui ICP,1622.34
Unnamed,NICOBARS,,village,KOTABOMMALI,1495.25,ICD Chennai (Tondiarpet),1526.38,Paradip Port,1500.47,Visakhapatnam International Airport (VTZ),1508.79,Zorinpui ICP,1622.3
Unnamed,NICOBARS,,village,KOTABOMMALI,1495.38,ICD Chennai (Tondiarpet),1526.46,Paradip Port,1500.61,Visakhapatnam International Airport (VTZ),1508.9,Zorinpui ICP,1622.44
Aloorang,NICOBARS,645034,village,KOTABOMMALI,1481.46,ICD Chennai (Tondiarpet),1509.63,Gangavaram Port,1487.23,Visakhapatnam International Airport (VTZ),1494.19,Zorinpui ICP,1617.68
Unnamed,NICOBARS,,village,KOTABOMMALI,1494.86,ICD Chennai (Tondiarpet),1522.58,Gangavaram Port,1500.78,Visakhapatnam International Airport (VTZ),1507.74,Zorinpui ICP,1626.66
Unnamed,NICOBARS,,village,Paradip,1500.66,ICD Bhubaneswar,1543.24,Paradip Port,1495.13,Visakhapatnam International Airport (VTZ),1519.06,Zorinpui ICP,1594.46
Unnamed,NICOBARS,,village,Paradip,1500.75,ICD Bhubaneswar,1543.33,Paradip Port,1495.21,Visakhapatnam International Airport (VTZ),1519.15,Zorinpui ICP,1594.54
Unnamed,NICOBARS,,village,Paradip,1502.17,ICD Bhubaneswar,1544.69,Paradip Port,1496.64,Visakhapatnam International Airport (VTZ),1520.14,Zorinpui ICP,1596.37
Nancowry,NICOBARS,,village,KOTABOMMALI,1510.1,ICD Bhubaneswar,1553.12,Paradip Port,1505.22,Visakhapatnam International Airport (VTZ),1527.53,Zorinpui ICP,1605.24
Tahaila,NICOBARS,645028,village,KOTABOMMALI,1461.48,ICD Chennai (Tondiarpet),1495.41,Gangavaram Port,1467.97,Visakhapatnam International Airport (VTZ),1474.94,Zorinpui ICP,1597.57
Unnamed,NICOBARS,,village,KOTABOMMALI,1463.22,ICD Chennai (Tondiarpet),1497.2,Paradip Port,1469.59,Visakhapatnam International Airport (VTZ),1476.72,Zorinpui ICP,1598.57
Unnamed,NICOBARS,,village,KOTABOMMALI,1463.26,ICD Chennai (Tondiarpet),1497.23,Paradip Port,1469.63,Visakhapatnam International Airport (VTZ),1476.76,Zorinpui ICP,1598.61
Unnamed,NICOBARS,,village,KOTABOMMALI,1463.32,ICD Chennai (Tondiarpet),1497.28,Paradip Port,1469.69,Visakhapatnam International Airport (VTZ),1476.81,Zorinpui ICP,1598.66
Unnamed,NICOBARS,,village,KOTABOMMALI,1463.31,ICD Chennai (Tondiarpet),1497.26,Paradip Port,1469.69,Visakhapatnam International Airport (VTZ),1476.81,Zorinpui ICP,1598.68
Unnamed,NICOBARS,,village,KOTABOMMALI,1463.44,ICD Chennai (Tondiarpet),1497.35,Paradip Port,1469.83,Visakhapatnam International Airport (VTZ),1476.93,Zorinpui ICP,1598.8
Unnamed,NICOBARS,,village,Paradip,1496.28,ICD Bhubaneswar,1538.92,Paradip Port,1490.75,Visakhapatnam International Airport (VTZ),1515.24,Zorinpui ICP,1590.0
Unnamed,NICOBARS,,village,VELANKANNI,1579.92,ICD Chennai (Tondiarpet),1608.07,Karaikal Port,1585.63,Visakhapatnam International Airport (VTZ),1612.35,Zorinpui ICP,1725.0
Minlana/Minlan,NICOBARS,645141,village,VELANKANNI,1585.18,ICD Chennai (Tondiarpet),1612.67,Karaikal Port,1590.83,Visakhapatnam International Airport (VTZ),1615.09,Zorinpui ICP,1723.36
Unnamed,NICOBARS,,village,VELANKANNI,1601.45,ICD Chennai (Tondiarpet),1629.87,Karaikal Port,1607.21,Visakhapatnam International Airport (VTZ),1632.58,Zorinpui ICP,1735.04
Pulobed/Lababu,NICOBARS,645164,village,VELANKANNI,1611.21,ICD Chennai (Tondiarpet),1643.88,Karaikal Port,1617.38,Chennai International Airport (MAA),1650.4,Zorinpui ICP,1762.93
Bompoka Island*,NICOBARS,645045,village,KOTABOMMALI,1493.22,ICD Chennai (Tondiarpet),1524.22,Paradip Port,1498.65,Visakhapatnam International Airport (VTZ),1506.69,Zorinpui ICP,1621.19
Uper Tapu*,NICOBARS,645103,village,KOTABOMMALI,1522.7,ICD Chennai (Tondiarpet),1556.67,Paradip Port,1524.56,Visakhapatnam International Airport (VTZ),1537.24,Zorinpui ICP,1635.78
Unnamed,NICOBARS,,village,KOTABOMMALI,1463.44,ICD Chennai (Tondiarpet),1497.31,Paradip Port,1469.84,Visakhapatnam International Airport (VTZ),1476.92,Zorinpui ICP,1598.85
Unnamed,NICOBARS,,village,KOTABOMMALI,1463.48,ICD Chennai (Tondiarpet),1497.33,Paradip Port,1469.89,Visakhapatnam International Airport (VTZ),1476.96,Zorinpui ICP,1598.92
Unnamed,NICOBARS,,village,KOTABOMMALI,1502.13,ICD Bhubaneswar,1544.96,Paradip Port,1497.03,Visakhapatnam International Airport (VTZ),1519.76,Zorinpui ICP,1597.87
Beadnabad (RV),SOUTH ANDAMANS,,village,Paradip,1152.37,ICD Bhubaneswar,1199.85,Paradip Port,1146.42,Biju Patnaik International Airport (BBI),1199.05,Zorinpui ICP,1248.93
WALKER,NICOBARS,,village,VELANKANNI,1623.07,ICD Chennai (Tondiarpet),1659.23,Karaikal Port,1629.58,Chennai International Airport (MAA),1665.53,Zorinpui ICP,1787.64
Boat Rock,NICOBARS,,village,VELANKANNI,1628.88,ICD Chennai (Tondiarpet),1661.57,Karaikal Port,1635.08,Chennai International Airport (MAA),1668.11,Zorinpui ICP,1770.48
UNNAMED ROCK,NICOBARS,,village,VELANKANNI,1627.58,ICD Chennai (Tondiarpet),1660.04,Karaikal Port,1633.76,Chennai International Airport (MAA),1666.59,Zorinpui ICP,1768.62
Snake Rock,NICOBARS,,village,VELANKANNI,1627.72,ICD Chennai (Tondiarpet),1660.17,Karaikal Port,1633.89,Chennai International Airport (MAA),1666.72,Zorinpui ICP,1768.61
UNNAMED ROCK,NICOBARS,,village,VELANKANNI,1627.46,ICD Chennai (Tondiarpet),1659.88,Karaikal Port,1633.63,Chennai International Airport (MAA),1666.43,Zorinpui ICP,1768.34
Cerberus Rock,NICOBARS,,village,VELANKANNI,1626.23,ICD Chennai (Tondiarpet),1658.13,Karaikal Port,1632.35,Chennai International Airport (MAA),1664.72,Zorinpui ICP,1764.88
UNNAMED ROCK,NICOBARS,,village,VELANKANNI,1626.17,ICD Chennai (Tondiarpet),1657.97,Karaikal Port,1632.28,Chennai International Airport (MAA),1664.57,Zorinpui ICP,1764.32
Cone Rock,NICOBARS,,village,VELANKANNI,1626.08,ICD Chennai (Tondiarpet),1657.89,Karaikal Port,1632.19,Chennai International Airport (MAA),1664.48,Zorinpui ICP,1764.3
Paul Rock,NICOBARS,,village,VELANKANNI,1625.65,ICD Chennai (Tondiarpet),1657.11,Karaikal Port,1631.73,Visakhapatnam International Airport (VTZ),1663.66,Zorinpui ICP,1762.1
Ashker Rock,NICOBARS,,village,VELANKANNI,1625.46,ICD Chennai (Tondiarpet),1656.9,Karaikal Port,1631.53,Visakhapatnam International Airport (VTZ),1663.45,Zorinpui ICP,1761.95
Arora Rock,NICOBARS,,village,VELANKANNI,1622.95,ICD Chennai (Tondiarpet),1654.25,Karaikal Port,1629.01,Visakhapatnam International Airport (VTZ),1660.76,Zorinpui ICP,1760.12
PIGEON ISLAND,NICOBARS,,village,VELANKANNI,1618.77,ICD Chennai (Tondiarpet),1649.37,Karaikal Port,1624.76,Visakhapatnam International Airport (VTZ),1654.86,Zorinpui ICP,1754.42
KONDUL I,NICOBARS,645163,village,VELANKANNI,1593.52,ICD Chennai (Tondiarpet),1623.0,Karaikal Port,1599.37,Visakhapatnam International Airport (VTZ),1628.61,Zorinpui ICP,1737.75
Kabra Island,NICOBARS,,village,VELANKANNI,1605.62,ICD Chennai (Tondiarpet),1632.94,Karaikal Port,1611.28,Visakhapatnam International Airport (VTZ),1633.05,Zorinpui ICP,1730.57
MENCHAL ISLAND,NICOBARS,,village,VELANKANNI,1593.49,ICD Chennai (Tondiarpet),1619.36,Karaikal Port,1599.0,Visakhapatnam International Airport (VTZ),1617.68,Zorinpui ICP,1717.56
Daanish Island,NICOBARS,,village,VELANKANNI,1578.24,ICD Chennai (Tondiarpet),1603.6,Karaikal Port,1583.68,Visakhapatnam International Airport (VTZ),1602.39,Zorinpui ICP,1708.77
MEROE ISLAND,NICOBARS,,village,VELANKANNI,1565.73,ICD Chennai (Tondiarpet),1590.95,Karaikal Port,1571.14,Visakhapatnam International Airport (VTZ),1590.75,Zorinpui ICP,1703.31
Unnamed,NICOBARS,,village,KOTABOMMALI,1545.19,ICD Chennai (Tondiarpet),1573.89,Paradip Port,1547.87,Visakhapatnam International Airport (VTZ),1559.11,Zorinpui ICP,1657.38
Sentinel Rock,NICOBARS,,village,KOTABOMMALI,1496.08,ICD Chennai (Tondiarpet),1526.57,Paradip Port,1501.53,Visakhapatnam International Airport (VTZ),1509.5,Zorinpui ICP,1623.68
Unnamed,NICOBARS,,village,KOTABOMMALI,1474.78,ICD Chennai (Tondiarpet),1505.71,Gangavaram Port,1480.95,Visakhapatnam International Airport (VTZ),1487.92,Zorinpui ICP,1609.82
UNNAMED ROCK,NICOBARS,,village,KOTABOMMALI,1509.73,ICD Bhubaneswar,1552.82,Paradip Port,1504.93,Visakhapatnam International Airport (VTZ),1527.13,Zorinpui ICP,1605.19
UNNAMED ISLAND,NICOBARS,,village,KOTABOMMALI,1509.2,ICD Bhubaneswar,1552.27,Paradip Port,1504.38,Visakhapatnam International Airport (VTZ),1526.62,Zorinpui ICP,1604.66
UN NAMED ISLAND,NICOBARS,,village,KOTABOMMALI,1508.9,ICD Bhubaneswar,1551.97,Paradip Port,1504.08,Visakhapatnam International Airport (VTZ),1526.32,Zorinpui ICP,1604.41
ISOLATED ROCK,NICOBARS,,village,KOTABOMMALI,1506.75,ICD Bhubaneswar,1549.76,Paradip Port,1501.86,Visakhapatnam International Airport (VTZ),1524.23,Zorinpui ICP,1602.39
ISOLATED ROCK,NICOBARS,,village,KOTABOMMALI,1506.55,ICD Bhubaneswar,1549.55,Paradip Port,1501.66,Visakhapatnam International Airport (VTZ),1524.03,Zorinpui ICP,1602.22
ISOLATED ROCK,NICOBARS,,village,KOTABOMMALI,1506.45,ICD Bhubaneswar,1549.44,Paradip Port,1501.55,Visakhapatnam International Airport (VTZ),1523.93,Zorinpui ICP,1602.1
ISOLATED ROCK,NICOBARS,,village,KOTABOMMALI,1506.33,ICD Bhubaneswar,1549.32,Paradip Port,1501.43,Visakhapatnam International Airport (VTZ),1523.82,Zorinpui ICP,1601.98
ISOLATED ROCK,NICOBARS,,village,KOTABOMMALI,1506.26,ICD Bhubaneswar,1549.25,Paradip Port,1501.35,Visakhapatnam International Airport (VTZ),1523.76,Zorinpui ICP,1601.89
ISOLATED,NICOBARS,,village,KOTABOMMALI,1505.78,ICD Bhubaneswar,1548.74,Paradip Port,1500.84,Visakhapatnam International Airport (VTZ),1523.29,Zorinpui ICP,1601.41
ISOLATED ROCK,NICOBARS,,village,KOTABOMMALI,1505.6,ICD Bhubaneswar,1548.55,Paradip Port,1500.64,Visakhapatnam International Airport (VTZ),1523.12,Zorinpui ICP,1601.21
ISOLATED ROCK,NICOBARS,,village,KOTABOMMALI,1505.96,ICD Bhubaneswar,1548.8,Paradip Port,1500.86,Visakhapatnam International Airport (VTZ),1523.53,Zorinpui ICP,1601.1
UNNAMED ROCK,NICOBARS,,village,KOTABOMMALI,1503.04,ICD Bhubaneswar,1545.75,Paradip Port,1497.79,Visakhapatnam International Airport (VTZ),1520.71,Zorinpui ICP,1598.19
UNNAMED ROCK,NICOBARS,,village,KOTABOMMALI,1503.1,ICD Bhubaneswar,1545.78,Paradip Port,1497.81,Visakhapatnam International Airport (VTZ),1520.78,Zorinpui ICP,1598.12
UNNAMED ROCK,NICOBARS,,village,KOTABOMMALI,1503.02,ICD Bhubaneswar,1545.71,Paradip Port,1497.74,Visakhapatnam International Airport (VTZ),1520.7,Zorinpui ICP,1598.08
UNNAMED ROCK,NICOBARS,,village,KOTABOMMALI,1503.0,ICD Bhubaneswar,1545.67,Paradip Port,1497.7,Visakhapatnam International Airport (VTZ),1520.69,Zorinpui ICP,1598.01
UNNAMED ROCK,NICOBARS,,village,KOTABOMMALI,1502.91,ICD Bhubaneswar,1545.6,Paradip Port,1497.63,Visakhapatnam International Airport (VTZ),1520.59,Zorinpui ICP,1597.99
UNNAMED ROCK,NICOBARS,,village,KOTABOMMALI,1502.96,ICD Bhubaneswar,1545.57,Paradip Port,1497.58,Visakhapatnam International Airport (VTZ),1520.69,Zorinpui ICP,1597.72
UNNAMED ROCK,NICOBARS,,village,Paradip,1500.0,ICD Bhubaneswar,1542.51,Paradip Port,1494.48,Visakhapatnam International Airport (VTZ),1517.94,Zorinpui ICP,1594.65
PAIRA ROCK,NICOBARS,,village,Paradip,1490.43,ICD Bhubaneswar,1533.15,Paradip Port,1484.88,Visakhapatnam International Airport (VTZ),1510.15,Zorinpui ICP,1584.01
Unnamed,NICOBARS,,village,KOTABOMMALI,1416.24,ICD Chennai (Tondiarpet),1461.37,Paradip Port,1421.24,Visakhapatnam International Airport (VTZ),1430.97,Zorinpui ICP,1555.24
UNNAMED ISLET,SOUTH ANDAMANS,,village,Paradip,1147.1,ICD Bhubaneswar,1193.86,Paradip Port,1141.22,Biju Patnaik International Airport (BBI),1193.02,Zorinpui ICP,1252.22
Snake Islansd,SOUTH ANDAMANS,,village,Paradip,1122.42,ICD Bhubaneswar,1167.16,Paradip Port,1116.74,Biju Patnaik International Airport (BBI),1166.22,Zorinpui ICP,1252.87
Unnamed,SOUTH ANDAMANS,,village,Paradip,1147.84,ICD Bhubaneswar,1195.23,Paradip Port,1141.91,Biju Patnaik International Airport (BBI),1194.43,Zorinpui ICP,1246.27
SNAKE ISLAND,SOUTH ANDAMANS,,village,Paradip,1149.3,ICD Bhubaneswar,1197.1,Paradip Port,1143.33,Biju Patnaik International Airport (BBI),1196.32,Zorinpui ICP,1243.09
Bird Island,SOUTH ANDAMANS,,village,Paradip,1143.7,ICD Bhubaneswar,1191.17,Paradip Port,1137.76,Biju Patnaik International Airport (BBI),1190.38,Zorinpui ICP,1242.09
UNNAMED ROCK,SOUTH ANDAMANS,,village,Paradip,1143.73,ICD Bhubaneswar,1191.57,Paradip Port,1137.75,Biju Patnaik International Airport (BBI),1190.8,Zorinpui ICP,1238.16
UNNAMED ROCK,SOUTH ANDAMANS,,village,Paradip,1143.7,ICD Bhubaneswar,1191.54,Paradip Port,1137.72,Biju Patnaik International Airport (BBI),1190.77,Zorinpui ICP,1238.08
UNNAMED ISLET,SOUTH ANDAMANS,,village,Paradip,1132.9,ICD Bhubaneswar,1180.09,Paradip Port,1126.98,Biju Patnaik International Airport (BBI),1179.28,Zorinpui ICP,1236.34
ISOLATED ROCK,SOUTH ANDAMANS,,village,Paradip,1132.43,ICD Bhubaneswar,1179.62,Paradip Port,1126.51,Biju Patnaik International Airport (BBI),1178.81,Zorinpui ICP,1235.92
POTANMA ISLET,SOUTH ANDAMANS,,village,Paradip,1117.98,ICD Bhubaneswar,1166.85,Paradip Port,1111.92,Biju Patnaik International Airport (BBI),1166.14,Zorinpui ICP,1206.85
ORALKATCHA ISLAND,SOUTH ANDAMANS,,village,Paradip,1100.78,ICD Bhubaneswar,1150.5,Paradip Port,1094.64,Biju Patnaik International Airport (BBI),1149.83,Zorinpui ICP,1184.3
UNNAMED ISLAND,NORTH AND MIDDLE ANDAMAN,,village,Paradip,1097.64,ICD Bhubaneswar,1147.14,Paradip Port,1091.52,Biju Patnaik International Airport (BBI),1146.46,Zorinpui ICP,1184.17
KAIETHA ISLAND,SOUTH ANDAMANS,,village,Paradip,1097.1,ICD Bhubaneswar,1146.67,Paradip Port,1090.97,Biju Patnaik International Airport (BBI),1145.99,Zorinpui ICP,1182.91
UNNAMED ISLET,NORTH AND MIDDLE ANDAMAN,,village,Paradip,1094.81,ICD Bhubaneswar,1144.37,Paradip Port,1088.68,Biju Patnaik International Airport (BBI),1143.7,Zorinpui ICP,1181.2
UNNAMED ISLAND,NORTH AND MIDDLE ANDAMAN,,village,Paradip,1091.36,ICD Bhubaneswar,1141.25,Paradip Port,1085.2,Biju Patnaik International Airport (BBI),1140.59,Zorinpui ICP,1175.01
BARATANG ISLAND,NORTH AND MIDDLE ANDAMAN,,village,Paradip,1098.97,ICD Bhubaneswar,1149.53,Paradip Port,1092.75,Biju Patnaik International Airport (BBI),1148.91,Zorinpui ICP,1173.7
UNNAMED ISLAND,NORTH AND MIDDLE ANDAMAN,,village,Paradip,1101.08,ICD Bhubaneswar,1151.83,Paradip Port,1094.84,Biju Patnaik International Airport (BBI),1151.22,Zorinpui ICP,1173.15
Unnamed,NORTH AND MIDDLE ANDAMAN,,village,Paradip,1095.03,ICD Bhubaneswar,1145.76,Paradip Port,1088.8,Biju Patnaik International Airport (BBI),1145.15,Zorinpui ICP,1168.75
UN NAMED,NORTH AND MIDDLE ANDAMAN,,village,Paradip,1093.98,ICD Bhubaneswar,1144.7,Paradip Port,1087.74,Biju Patnaik International Airport (BBI),1144.09,Zorinpui ICP,1167.98
Unnamed,NORTH AND MIDDLE ANDAMAN,,village,Paradip,1085.46,ICD Bhubaneswar,1136.42,Paradip Port,1079.2,Biju Patnaik International Airport (BBI),1135.83,Zorinpui ICP,1158.74
UN NAMED,NORTH AND MIDDLE ANDAMAN,,village,Paradip,1084.71,ICD Bhubaneswar,1135.7,Paradip Port,1078.45,Biju Patnaik International Airport (BBI),1135.1,Zorinpui ICP,1157.87
UN NAMED ISLAND,NORTH AND MIDDLE ANDAMAN,,village,Paradip,1086.04,ICD Bhubaneswar,1137.52,Paradip Port,1079.73,Biju Patnaik International Airport (BBI),1136.96,Zorinpui ICP,1153.44
UNNAMED ROCK,NORTH AND MIDDLE ANDAMAN,,village,Paradip,1052.22,ICD Bhubaneswar,1103.71,Paradip Port,1045.92,Biju Patnaik International Airport (BBI),1103.15,Zorinpui ICP,1127.38
UN NAMED ISLET,NORTH AND MIDDLE ANDAMAN,,village,Paradip,1051.37,ICD Bhubaneswar,1102.9,Paradip Port,1045.07,Biju Patnaik International Airport (BBI),1102.33,Zorinpui ICP,1126.41
UN NAMED,NORTH AND MIDDLE ANDAMAN,,village,Paradip,1034.48,ICD Bhubaneswar,1087.1,Paradip Port,1028.08,Biju Patnaik International Airport (BBI),1086.61,Zorinpui ICP,1101.44
Jag Rock,NORTH AND MIDDLE ANDAMAN,,village,Paradip,1037.9,ICD Bhubaneswar,1091.26,Paradip Port,1031.43,Biju Patnaik International Airport (BBI),1090.8,Zorinpui ICP,1095.65
Oyster Island,NORTH AND MIDDLE ANDAMAN,,village,Paradip,1041.57,ICD Bhubaneswar,1095.46,Paradip Port,1035.05,Biju Patnaik International Airport (BBI),1095.03,Zorinpui ICP,1092.29
UNNAMED ROCK,NORTH AND MIDDLE ANDAMAN,,village,Paradip,1027.48,ICD Bhubaneswar,1080.56,Paradip Port,1021.04,Biju Patnaik International Airport (BBI),1080.09,Zorinpui ICP,1090.92
Curlew Island,NORTH AND MIDDLE ANDAMAN,,village,Paradip,1035.68,ICD Bhubaneswar,1089.51,Paradip Port,1029.17,Biju Patnaik International Airport (BBI),1089.08,Zorinpui ICP,1088.58
UNNAMED ROCK,NORTH AND MIDDLE ANDAMAN,,village,Paradip,1016.59,ICD Bhubaneswar,1070.34,Paradip Port,1010.09,Biju Patnaik International Airport (BBI),1069.91,Zorinpui ICP,1075.25
SHARK ISLAND,NORTH AND MIDDLE ANDAMAN,,village,Paradip,1008.82,ICD Bhubaneswar,1062.53,Paradip Port,1002.33,Biju Patnaik International Airport (BBI),1062.1,Zorinpui ICP,1070.02
UNNAMED ISLAD,NORTH AND MIDDLE ANDAMAN,,village,Paradip,1027.77,ICD Bhubaneswar,1082.98,Paradip Port,1021.13,Biju Patnaik International Airport (BBI),1082.64,Zorinpui ICP,1066.48
ROWE ISLAND,NORTH AND MIDDLE ANDAMAN,,village,Paradip,1010.5,ICD Bhubaneswar,1064.81,Paradip Port,1003.96,Biju Patnaik International Airport (BBI),1064.41,Zorinpui ICP,1064.44
SOUTH ROCK,NORTH AND MIDDLE ANDAMAN,,village,Paradip,1024.85,ICD Bhubaneswar,1080.27,Paradip Port,1018.2,Biju Patnaik International Airport (BBI),1079.94,Zorinpui ICP,1061.96
BOOJUM ROCK,NORTH AND MIDDLE ANDAMAN,,village,Paradip,1004.06,ICD Bhubaneswar,1058.3,Paradip Port,997.52,Biju Patnaik International Airport (BBI),1057.9,Zorinpui ICP,1060.4
HEINING ROCK,NORTH AND MIDDLE ANDAMAN,,village,Paradip,1004.74,ICD Bhubaneswar,1059.14,Paradip Port,998.19,Biju Patnaik International Airport (BBI),1058.75,Zorinpui ICP,1059.14
UNNAMED ISLET,NORTH AND MIDDLE ANDAMAN,,village,Paradip,1014.02,ICD Bhubaneswar,1069.78,Paradip Port,1007.35,Biju Patnaik International Airport (BBI),1069.47,Zorinpui ICP,1050.0
UNNAMED,NORTH AND MIDDLE ANDAMAN,,village,Paradip,995.17,ICD Bhubaneswar,1050.46,Paradip Port,988.53,Biju Patnaik International Airport (BBI),1050.12,Zorinpui ICP,1041.68
CURSE JI ROCK,NORTH AND MIDDLE ANDAMAN,,village,Paradip,992.79,ICD Bhubaneswar,1049.1,Paradip Port,986.07,Biju Patnaik International Airport (BBI),1048.83,Zorinpui ICP,1027.82
WEDGE ROCK,NORTH AND MIDDLE ANDAMAN,,village,Paradip,993.72,ICD Bhubaneswar,1050.15,Paradip Port,986.98,Biju Patnaik International Airport (BBI),1049.88,Zorinpui ICP,1027.06
CHANNEL ISLET,NORTH AND MIDDLE ANDAMAN,,village,Paradip,989.26,ICD Bhubaneswar,1046.13,Paradip Port,982.48,Biju Patnaik International Airport (BBI),1045.9,Zorinpui ICP,1018.45
FLAT ROCK,NORTH AND MIDDLE ANDAMAN,,village,Paradip,988.24,ICD Bhubaneswar,1045.13,Paradip Port,981.46,Biju Patnaik International Airport (BBI),1044.89,Zorinpui ICP,1017.49
