village,district,district_code,village_code,unit,nearest_nh,dist_nh_km,nearest_expressway,dist_expressway_km,nearest_rail_station,dist_rail_station_km,nearest_freight_terminal,dist_freight_terminal_km,nearest_port,dist_port_km,nearest_icd,dist_icd_km,nearest_icp,dist_icp_km,nearest_air_cargo,dist_air_cargo_km,nearest_mmlp,dist_mmlp_km,nearest_iw_terminal,dist_iw_terminal_km,nearest_fci_depot,dist_fci_depot_km,nearest_toll_plaza,dist_toll_plaza_km
Manipur Bagan,HAILAKANDI,318.0,245721026,village,6,0.02,Belghoria Expressway,457.62,Manipur Bagan,2.22,Bihara,62.81,Kolkata Port (Syama Prasad Mookerjee Port) incl. Haldia Dock Complex,469.0,ICD Amingaon,212.51,Sutarkandi ICP,37.55,Lokpriya Gopinath Bordoloi International Airport (GAU),209.38,MMLP Silchar,52.11,Silchar Terminal,52.11,FCI Depot Silchar,52.11,SRIBHUMI Toll Plaza,51.05
Dengarband,SRIBHUMI,317.0,245722358,village,8,5.54,Belghoria Expressway,434.21,Churaibari,6.98,Bihara,72.12,Kolkata Port (Syama Prasad Mookerjee Port) incl. Haldia Dock Complex,445.75,ICD Amingaon,202.81,Sutarkandi ICP,36.92,Lokpriya Gopinath Bordoloi International Airport (GAU),198.33,MMLP Silchar,66.71,Karimganj Terminal,51.66,FCI Depot Silchar,66.71,SRIBHUMI Toll Plaza,49.14
Katlicherra,HAILAKANDI,318.0,245722452,village,6,0.48,Belghoria Expressway,460.46,Katlicherra,2.07,Bihara,55.18,Kolkata Port (Syama Prasad Mookerjee Port) incl. Haldia Dock Complex,471.94,ICD Amingaon,205.13,Sutarkandi ICP,30.08,Lokpriya Gopinath Bordoloi International Airport (GAU),202.18,MMLP Silchar,45.22,Silchar Terminal,45.22,FCI Depot Silchar,45.22,SRIBHUMI Toll Plaza,43.44
Umednagar,HAILAKANDI,318.0,245724216,village,6,2.12,Belghoria Expressway,470.2,Lalabazar,0.85,Bihara,43.58,Kolkata Port (Syama Prasad Mookerjee Port) incl. Haldia Dock Complex,481.78,ICD Amingaon,198.14,Sutarkandi ICP,24.87,Lokpriya Gopinath Bordoloi International Airport (GAU),195.79,MMLP Silchar,33.1,Silchar Terminal,33.1,FCI Depot Silchar,33.1,SRIBHUMI Toll Plaza,36.65
Pātbāri,CACHAR,316.0,245724579,village,306,10.83,Belghoria Expressway,501.7,JIRIGHAT,27.2,Bihara,48.09,Kolkata Port (Syama Prasad Mookerjee Port) incl. Haldia Dock Complex,513.12,ICD Amingaon,213.5,Sutarkandi ICP,53.77,Lokpriya Gopinath Bordoloi International Airport (GAU),212.89,MMLP Silchar,31.44,Lakhipur Terminal,21.34,FCI Depot Silchar,31.44,CACHAR Toll Plaza,43.22
Pathar Kandi,SRIBHUMI,317.0,245724634,village,8,1.37,Belghoria Expressway,445.65,Patharkandi,0.11,Bihara,53.39,Kolkata Port (Syama Prasad Mookerjee Port) incl. Haldia Dock Complex,457.46,ICD Amingaon,182.34,Sutarkandi ICP,16.59,Lokpriya Gopinath Bordoloi International Airport (GAU),178.43,MMLP Silchar,51.88,Karimganj Terminal,29.38,FCI Depot Silchar,51.88,SRIBHUMI Toll Plaza,27.21
Hailakandi,HAILAKANDI,318.0,245725264,village,6,1.38,Belghoria Expressway,471.23,Hailakandi,0.58,Bihara,32.63,Kolkata Port (Syama Prasad Mookerjee Port) incl. Haldia Dock Complex,482.99,ICD Amingaon,184.44,Sutarkandi ICP,13.89,Lokpriya Gopinath Bordoloi International Airport (GAU),182.2,MMLP Silchar,26.69,Badarpur Terminal,24.21,FCI Depot Silchar,26.69,SRIBHUMI Toll Plaza,23.44
Sonāimukh,CACHAR,316.0,245725657,village,306,5.1,Belghoria Expressway,501.33,SILCHAR,14.74,Bihara,32.04,Kolkata Port (Syama Prasad Mookerjee Port) incl. Haldia Dock Complex,512.97,ICD Amingaon,197.53,Sutarkandi ICP,44.77,Lokpriya Gopinath Bordoloi International Airport (GAU),197.13,MMLP Silchar,15.49,Lakhipur Terminal,13.35,FCI Depot Silchar,15.49,CACHAR Toll Plaza,27.01
Silkuri,CACHAR,316.0,245725775,village,306,4.37,Belghoria Expressway,492.75,SILCHAR,11.22,Bihara,27.28,Kolkata Port (Syama Prasad Mookerjee Port) incl. Haldia Dock Complex,504.44,ICD Amingaon,191.8,Sutarkandi ICP,35.13,Lokpriya Gopinath Bordoloi International Airport (GAU),190.92,MMLP Silchar,11.55,Silchar Terminal,11.55,FCI Depot Silchar,11.55,CACHAR Toll Plaza,23.99
Nilambazar,SRIBHUMI,317.0,245725971,village,8,0.05,Belghoria Expressway,455.65,Nilambazar,1.47,Bihara,40.97,Kolkata Port (Syama Prasad Mookerjee Port) incl. Haldia Dock Complex,467.62,ICD Amingaon,169.26,Sutarkandi ICP,8.37,Lokpriya Gopinath Bordoloi International Airport (GAU),165.95,MMLP Silchar,43.51,Karimganj Terminal,13.92,FCI Depot Silchar,43.51,SRIBHUMI Toll Plaza,11.85
Lakhipur,CACHAR,316.0,245726361,village,37,1.06,Belghoria Expressway,515.94,JIRIGHAT,7.94,Bihara,36.7,Kolkata Port (Syama Prasad Mookerjee Port) incl. Haldia Dock Complex,527.58,ICD Amingaon,199.76,Sutarkandi ICP,57.98,Lokpriya Gopinath Bordoloi International Airport (GAU),200.25,MMLP Silchar,23.24,Lakhipur Terminal,1.37,FCI Depot Silchar,23.24,CACHAR Toll Plaza,30.12
Karimganj,SRIBHUMI,317.0,245726854,village,37,0.02,Belghoria Expressway,463.55,Karimganj Junction,0.71,Bihara,33.53,Kolkata Port (Syama Prasad Mookerjee Port) incl. Haldia Dock Complex,475.63,ICD Amingaon,158.21,Sutarkandi ICP,16.88,Lokpriya Gopinath Bordoloi International Airport (GAU),155.43,MMLP Silchar,40.86,Karimganj Terminal,1.92,FCI Depot Silchar,40.86,SRIBHUMI Toll Plaza,4.29
Udharbond,CACHAR,316.0,245727857,village,27,2.26,Belghoria Expressway,509.01,SILCHAR,10.96,Bihara,21.02,Kolkata Port (Syama Prasad Mookerjee Port) incl. Haldia Dock Complex,520.82,ICD Amingaon,184.21,Sutarkandi ICP,48.13,Lokpriya Gopinath Bordoloi International Airport (GAU),184.52,MMLP Silchar,11.48,Silchar Terminal,11.48,FCI Depot Silchar,11.48,CACHAR Toll Plaza,14.28
Kumbhir,CACHAR,316.0,245728326,village,27,11.11,Belghoria Expressway,519.25,JIRIGHAT,18.54,Bihara,27.48,Kolkata Port (Syama Prasad Mookerjee Port) incl. Haldia Dock Complex,531.09,ICD Amingaon,184.96,Sutarkandi ICP,58.19,Lokpriya Gopinath Bordoloi International Airport (GAU),185.96,MMLP Silchar,21.8,Lakhipur Terminal,17.35,FCI Depot Silchar,21.8,CACHAR Toll Plaza,20.73
Haflong,DIMA HASAO,315.0,245729854,village,627,0.08,Belghoria Expressway,535.51,Jatinga,3.6,Bihara,39.2,Kolkata Port (Syama Prasad Mookerjee Port) incl. Haldia Dock Complex,547.54,ICD Amingaon,171.85,Sutarkandi ICP,75.62,Lokpriya Gopinath Bordoloi International Airport (GAU),174.31,MMLP Silchar,43.05,Lakhipur Terminal,41.45,FCI Depot Silchar,43.05,CACHAR Toll Plaza,35.08
Mahur,DIMA HASAO,315.0,245730074,village,27,0.25,Belghoria Expressway,544.74,MAHUR,1.38,Bihara,48.33,Kolkata Port (Syama Prasad Mookerjee Port) incl. Haldia Dock Complex,556.75,ICD Amingaon,177.94,Sutarkandi ICP,84.33,Lokpriya Gopinath Bordoloi International Airport (GAU),180.9,MMLP Silchar,50.4,Lakhipur Terminal,44.86,FCI Depot Silchar,50.4,CACHAR Toll Plaza,43.71
Maibong,DIMA HASAO,315.0,245731951,village,27,0.26,Belghoria Expressway,552.89,MAIBANG,0.37,Bihara,57.35,Kolkata Port (Syama Prasad Mookerjee Port) incl. Haldia Dock Complex,565.0,ICD Amingaon,171.94,Sutarkandi ICP,94.05,Lokpriya Gopinath Bordoloi International Airport (GAU),175.69,MMLP Silchar,61.84,Lakhipur Terminal,57.89,FCI Depot Silchar,61.84,DIMA HASAO Toll Plaza,47.2
Langting,DIMA HASAO,315.0,245734459,village,27,0.09,Belghoria Expressway,562.28,LANGTING,0.33,Bihara,71.64,Kolkata Port (Syama Prasad Mookerjee Port) incl. Haldia Dock Complex,574.56,ICD Amingaon,159.34,Sutarkandi ICP,108.18,Lokpriya Gopinath Bordoloi International Airport (GAU),164.29,MMLP Silchar,79.36,Lakhipur Terminal,78.37,FCI Depot Dimapur,75.04,DIMA HASAO Toll Plaza,26.12
Lungding,DIMA HASAO,315.0,245735323,village,27,7.65,Belghoria Expressway,573.57,HATIKHALI,8.7,Bihara,84.3,Kolkata Port (Syama Prasad Mookerjee Port) incl. Haldia Dock Complex,585.91,ICD Amingaon,160.26,Sutarkandi ICP,120.76,Lokpriya Gopinath Bordoloi International Airport (GAU),166.08,MMLP Silchar,92.04,Lakhipur Terminal,90.32,FCI Depot Dimapur,63.58,DIMA HASAO Toll Plaza,15.47
Hatikhali,DIMA HASAO,315.0,245736203,village,27,0.05,Belghoria Expressway,569.96,HATIKHALI,3.55,Bihara,84.34,Kolkata Port (Syama Prasad Mookerjee Port) incl. Haldia Dock Complex,582.36,ICD Amingaon,151.6,Dawki ICP,117.23,Lokpriya Gopinath Bordoloi International Airport (GAU),157.53,MMLP Silchar,93.5,Silchar Terminal,93.5,FCI Depot Dimapur,67.87,DIMA HASAO Toll Plaza,10.87
Hatsinigmari,SOUTH SALMARA,664.0,245737700,village,127B,0.39,Belghoria Expressway,365.33,DHUBRI,33.57,Jogighopa,87.28,Kolkata Port (Syama Prasad Mookerjee Port) incl. Haldia Dock Complex,378.41,ICD Siliguri,181.0,Mankachar ICP,31.0,Lokpriya Gopinath Bordoloi International Airport (GAU),170.97,MMLP Jogighopa,86.73,Hatsingimari Ro-Ro Terminal,32.45,FCI Depot Siliguri,183.4,DHUBRI Toll Plaza,45.45
Lumding,HOJAI,720.0,245738612,village,27,1.92,Belghoria Expressway,582.5,LUMDING JN,0.51,Bihara,98.31,Kolkata Port (Syama Prasad Mookerjee Port) incl. Haldia Dock Complex,594.95,ICD Amingaon,153.86,Dawki ICP,128.81,Lokpriya Gopinath Bordoloi International Airport (GAU),160.71,MMLP Silchar,107.3,Silghat Terminal,97.15,FCI Depot Dimapur,57.01,DIMA HASAO Toll Plaza,3.87
Kheroni,WEST KARBI ANAGLONG,752.0,245738804,village,627,0.1,Belghoria Expressway,564.86,LANKA,10.69,Bihara,98.09,Kolkata Port (Syama Prasad Mookerjee Port) incl. Haldia Dock Complex,577.5,ICD Amingaon,122.88,Darranga ICP,107.7,Lokpriya Gopinath Bordoloi International Airport (GAU),129.9,MMLP Silchar,110.82,Silghat Terminal,83.51,FCI Depot Dimapur,83.92,DIMA HASAO Toll Plaza,28.57
Kseh Kyntang,WEST KARBI ANAGLONG,752.0,245739251,village,627,27.22,Belghoria Expressway,517.88,JAGI ROAD,32.73,Baihata,80.31,Kolkata Port (Syama Prasad Mookerjee Port) incl. Haldia Dock Complex,530.76,ICD Amingaon,69.61,Dawki ICP,74.03,Lokpriya Gopinath Bordoloi International Airport (GAU),74.07,MMLP Silchar,119.48,Pandu Terminal (Guwahati),68.47,FCI Depot Shillong,46.75,RI-BHOI Toll Plaza,44.37
Mynser,WEST KARBI ANAGLONG,752.0,245739605,village,627,12.06,Belghoria Expressway,533.67,AUJARI,28.48,Baihata,84.95,Kolkata Port (Syama Prasad Mookerjee Port) incl. Haldia Dock Complex,546.53,ICD Amingaon,77.11,Darranga ICP,75.26,Lokpriya Gopinath Bordoloi International Airport (GAU),83.52,MMLP Silchar,123.21,Pandu Terminal (Guwahati),76.34,FCI Depot Shillong,62.63,NAGAON Toll Plaza,38.1
Lanka,HOJAI,720.0,245740030,village,27,1.05,Belghoria Expressway,575.33,LANKA,1.02,Bihara,107.23,Kolkata Port (Syama Prasad Mookerjee Port) incl. Haldia Dock Complex,587.98,ICD Amingaon,127.87,Darranga ICP,107.85,Lokpriya Gopinath Bordoloi International Airport (GAU),135.59,MMLP Silchar,119.36,Silghat Terminal,75.74,FCI Depot Dimapur,76.42,HOJAI Toll Plaza,25.34
Burakek,KARBI ANGLONG,314.0,245740681,village,29,6.13,Belghoria Expressway,597.49,LANKA,22.4,Bihara,122.35,Kolkata Port (Syama Prasad Mookerjee Port) incl. Haldia Dock Complex,610.1,ICD Amingaon,146.91,Darranga ICP,120.04,Lokpriya Gopinath Bordoloi International Airport (GAU),155.41,MMLP Silchar,132.66,Silghat Terminal,70.98,FCI Depot Dimapur,56.39,DIMA HASAO Toll Plaza,29.08
Loharghat,KAMRUP RURAL,321.0,245740851,village,17,13.05,Belghoria Expressway,472.06,MIRZA,13.09,Baihata,46.51,Kolkata Port (Syama Prasad Mookerjee Port) incl. Haldia Dock Complex,485.24,ICD Amingaon,31.07,Darranga ICP,88.46,Lokpriya Gopinath Bordoloi International Airport (GAU),19.12,MMLP Jogighopa,94.16,Pandu Terminal (Guwahati),29.4,FCI Depot Guwahati,32.2,RI-BHOI Toll Plaza,37.3
Chhaygaon,KAMRUP RURAL,321.0,245742016,village,17,0.01,Belghoria Expressway,473.9,CHAYGAON,1.68,Baihata,43.06,Kolkata Port (Syama Prasad Mookerjee Port) incl. Haldia Dock Complex,487.11,ICD Amingaon,31.74,Darranga ICP,88.29,Lokpriya Gopinath Bordoloi International Airport (GAU),20.05,MMLP Jogighopa,82.61,Pandu Terminal (Guwahati),30.83,FCI Depot Guwahati,35.44,KAMRUP RURAL Toll Plaza,42.62
Baida,GOALPARA,302.0,245742069,village,17,15.22,Belghoria Expressway,418.13,PANCHARATNA,19.47,Jogighopa,27.78,Kolkata Port (Syama Prasad Mookerjee Port) incl. Haldia Dock Complex,431.33,ICD Amingaon,124.77,Golakganj ICP,58.43,Lokpriya Gopinath Bordoloi International Airport (GAU),114.71,MMLP Jogighopa,27.14,Jogighopa Terminal,27.14,FCI Depot Guwahati,129.83,BONGAIGAON Toll Plaza,56.48
Krishnai,GOALPARA,302.0,245742364,village,17,0.18,Belghoria Expressway,430.85,KRISHNAI,4.45,Jogighopa,24.48,Kolkata Port (Syama Prasad Mookerjee Port) incl. Haldia Dock Complex,444.1,ICD Amingaon,100.62,Mankachar ICP,76.03,Lokpriya Gopinath Bordoloi International Airport (GAU),90.4,MMLP Jogighopa,23.92,Jogighopa Terminal,23.92,FCI Depot Guwahati,105.57,BONGAIGAON Toll Plaza,48.48
Harirhat,DHUBRI,301.0,245744465,village,127B,3.06,Belghoria Expressway,408.88,MOTERJHAR,5.86,Jogighopa,73.09,Kolkata Port (Syama Prasad Mookerjee Port) incl. Haldia Dock Complex,421.8,ICD Siliguri,150.35,Golakganj ICP,8.75,Lokpriya Gopinath Bordoloi International Airport (GAU),171.98,MMLP Jogighopa,72.87,Hatsingimari Ro-Ro Terminal,19.81,FCI Depot Siliguri,152.87,DHUBRI Toll Plaza,4.73
Kathiatoli,NAGAON,305.0,245744552,village,27,0.14,Belghoria Expressway,577.23,KAMPUR,8.3,Baihata,104.67,Kolkata Port (Syama Prasad Mookerjee Port) incl. Haldia Dock Complex,590.1,ICD Amingaon,103.75,Darranga ICP,73.96,Lokpriya Gopinath Bordoloi International Airport (GAU),113.42,MMLP Silchar,147.01,Tezpur Terminal,49.05,FCI Depot Guwahati,98.35,HOJAI Toll Plaza,11.58
Bilasipara,DHUBRI,301.0,245744921,village,17,1.4,Belghoria Expressway,429.33,FAKIRAGRAM JN,15.21,Jogighopa,33.74,Kolkata Port (Syama Prasad Mookerjee Port) incl. Haldia Dock Complex,442.44,ICD Amingaon,142.07,Golakganj ICP,41.99,Lokpriya Gopinath Bordoloi International Airport (GAU),133.39,MMLP Jogighopa,33.56,Jogighopa Terminal,33.56,FCI Depot Guwahati,147.8,KOKRAJHAR Toll Plaza,36.25
Jogighopa,BONGAIGAON,319.0,245745347,village,17,0.71,Belghoria Expressway,443.85,JOGIGHOPA,2.12,Jogighopa,2.12,Kolkata Port (Syama Prasad Mookerjee Port) incl. Haldia Dock Complex,457.07,ICD Amingaon,108.65,Golakganj ICP,74.11,Lokpriya Gopinath Bordoloi International Airport (GAU),100.08,MMLP Jogighopa,1.43,Jogighopa Terminal,1.43,FCI Depot Guwahati,114.4,BONGAIGAON Toll Plaza,30.79
Santipur,KARBI ANGLONG,314.0,245746478,village,129,1.38,Belghoria Expressway,670.5,BARPATHAR,5.78,Khongsang,162.68,Kolkata Port (Syama Prasad Mookerjee Port) incl. Haldia Dock Complex,683.03,ICD Amingaon,212.77,Darranga ICP,173.16,Lokpriya Gopinath Bordoloi International Airport (GAU),222.73,MMLP Silchar,190.73,Sengajan (Panbari) Terminal,37.54,FCI Depot Dimapur,44.07,GOLAGHAT Toll Plaza,22.75
Rangia,KAMRUP RURAL,321.0,245748064,village,127D,0.23,Belghoria Expressway,521.28,RANGIYA JN,1.17,Baihata,12.77,Kolkata Port (Syama Prasad Mookerjee Port) incl. Haldia Dock Complex,534.51,ICD Amingaon,29.4,Darranga ICP,48.61,Lokpriya Gopinath Bordoloi International Airport (GAU),36.92,MMLP Jogighopa,104.64,Pandu Terminal (Guwahati),31.53,FCI Depot Guwahati,34.63,KAMRUP RURAL Toll Plaza,17.63
Mangaldoi,DARANG,325.0,245748094,village,15,0.03,Belghoria Expressway,546.74,PANBARI,24.07,Baihata,35.38,Kolkata Port (Syama Prasad Mookerjee Port) incl. Haldia Dock Complex,559.9,ICD Amingaon,44.24,Darranga ICP,14.1,Lokpriya Gopinath Bordoloi International Airport (GAU),56.53,MMLP Jogighopa,144.3,Pandu Terminal (Guwahati),45.64,FCI Depot Guwahati,42.89,KAMRUP RURAL Toll Plaza,33.77
Nalbari,NALBARI,323.0,245748181,village,27,1.46,Belghoria Expressway,510.51,NALBARI,0.73,Baihata,26.77,Kolkata Port (Syama Prasad Mookerjee Port) incl. Haldia Dock Complex,523.76,ICD Amingaon,37.52,Darranga ICP,66.01,Lokpriya Gopinath Bordoloi International Airport (GAU),39.72,MMLP Jogighopa,87.36,Pandu Terminal (Guwahati),39.22,FCI Depot Guwahati,44.05,KAMRUP RURAL Toll Plaza,31.25
Patharughat,DARANG,325.0,245748425,village,15,5.87,Belghoria Expressway,538.28,GORESUAR,17.61,Baihata,22.5,Kolkata Port (Syama Prasad Mookerjee Port) incl. Haldia Dock Complex,551.47,ICD Amingaon,35.47,Darranga ICP,24.0,Lokpriya Gopinath Bordoloi International Airport (GAU),47.42,MMLP Jogighopa,130.05,Pandu Terminal (Guwahati),37.3,FCI Depot Guwahati,36.26,KAMRUP RURAL Toll Plaza,22.34
Dhing,NAGAON,305.0,245748446,village,27,22.38,Belghoria Expressway,578.95,Dhing Bazar,0.27,Baihata,79.08,Kolkata Port (Syama Prasad Mookerjee Port) incl. Haldia Dock Complex,592.0,ICD Amingaon,84.2,Darranga ICP,38.68,Lokpriya Gopinath Bordoloi International Airport (GAU),95.87,MMLP Silchar,179.0,Tezpur Terminal,36.47,FCI Depot Guwahati,80.65,NAGAON Toll Plaza,23.82
Moirabari,MARIGAON,304.0,245748464,village,715A,19.29,Belghoria Expressway,574.61,Mairabari,0.48,Baihata,73.32,Kolkata Port (Syama Prasad Mookerjee Port) incl. Haldia Dock Complex,587.68,ICD Amingaon,78.69,Darranga ICP,33.24,Lokpriya Gopinath Bordoloi International Airport (GAU),90.45,MMLP Silchar,179.69,Tezpur Terminal,41.68,FCI Depot Guwahati,75.28,NAGAON Toll Plaza,25.53
Dhamdhama,NALBARI,323.0,245749553,village,127E,9.31,Belghoria Expressway,523.01,NALBARI,12.43,Baihata,30.86,Kolkata Port (Syama Prasad Mookerjee Port) incl. Haldia Dock Complex,536.27,ICD Amingaon,45.69,Darranga ICP,60.71,Lokpriya Gopinath Bordoloi International Airport (GAU),50.36,MMLP Jogighopa,95.34,Pandu Terminal (Guwahati),47.67,FCI Depot Guwahati,51.65,KAMRUP RURAL Toll Plaza,35.76
Unnamed Village,BAKSA,324.0,245749879,village,127A,7.15,Belghoria Expressway,502.28,SORUPETA,7.41,Jogighopa,61.87,Kolkata Port (Syama Prasad Mookerjee Port) incl. Haldia Dock Complex,515.53,ICD Amingaon,70.91,Darranga ICP,98.21,Lokpriya Gopinath Bordoloi International Airport (GAU),69.22,MMLP Jogighopa,62.39,Jogighopa Terminal,62.39,FCI Depot Guwahati,77.64,BONGAIGAON Toll Plaza,38.78
Kochugaon,KOKRAJHAR,300.0,245749911,village,27,0.58,Belghoria Expressway,456.1,GOSSAIGAON HAT,17.38,Jogighopa,61.54,Kolkata Port (Syama Prasad Mookerjee Port) incl. Haldia Dock Complex,469.05,ICD Siliguri,161.34,Golakganj ICP,55.6,Lokpriya Gopinath Bordoloi International Airport (GAU),157.4,MMLP Jogighopa,61.79,Dhubri Terminal,60.3,FCI Depot Siliguri,163.82,KOKRAJHAR Toll Plaza,17.23
Bagori,NAGAON,305.0,245750035,village,715,0.05,Belghoria Expressway,645.21,Jakhalabandha,28.18,Baihata,158.12,Kolkata Port (Syama Prasad Mookerjee Port) incl. Haldia Dock Complex,658.07,ICD Amingaon,162.45,Darranga ICP,115.32,Lokpriya Gopinath Bordoloi International Airport (GAU),173.67,MMLP Silchar,195.87,Biswanath Ghat Terminal,21.09,FCI Depot Itanagar,63.66,NAGAON Toll Plaza,40.05
Titabor,JORHAT,312.0,245750088,village,702D,13.09,Belghoria Expressway,716.92,TITABAR,1.13,Khongsang,203.2,Kolkata Port (Syama Prasad Mookerjee Port) incl. Haldia Dock Complex,729.48,ICD Amingaon,250.36,Darranga ICP,204.93,Lokpriya Gopinath Bordoloi International Airport (GAU),261.09,MMLP Silchar,236.63,Neamati Terminal,22.74,FCI Depot Jorhat,17.25,GOLAGHAT Toll Plaza,28.46
Kalaigaon,UDALGURI,326.0,245750237,village,15,13.96,Belghoria Expressway,554.46,TANGLA,11.05,Baihata,37.95,Kolkata Port (Syama Prasad Mookerjee Port) incl. Haldia Dock Complex,567.65,ICD Amingaon,51.71,Darranga ICP,12.45,Lokpriya Gopinath Bordoloi International Airport (GAU),63.66,MMLP Jogighopa,142.02,Pandu Terminal (Guwahati),53.53,FCI Depot Guwahati,52.27,KAMRUP RURAL Toll Plaza,38.42
Singri,SONITPUR,306.0,245750616,village,15,9.88,Belghoria Expressway,590.82,Batadrowa Road,16.81,Baihata,83.25,Kolkata Port (Syama Prasad Mookerjee Port) incl. Haldia Dock Complex,603.91,ICD Amingaon,91.45,Darranga ICP,37.85,Lokpriya Gopinath Bordoloi International Airport (GAU),103.59,MMLP Jogighopa,191.06,Tezpur Terminal,31.28,FCI Depot Guwahati,88.93,NAGAON Toll Plaza,38.32
Tezpur,SONITPUR,306.0,245750977,village,715,3.27,Belghoria Expressway,613.57,Tezpore,1.12,Baihata,113.09,Kolkata Port (Syama Prasad Mookerjee Port) incl. Haldia Dock Complex,626.59,ICD Amingaon,119.57,Darranga ICP,68.67,Lokpriya Gopinath Bordoloi International Airport (GAU),131.39,MMLP Silchar,194.52,Tezpur Terminal,1.15,FCI Depot Itanagar,93.43,NAGAON Toll Plaza,9.26
Hudukhata,BAKSA,324.0,245750992,village,127A,6.53,Belghoria Expressway,506.8,SORUPETA,12.38,Baihata,63.92,Kolkata Port (Syama Prasad Mookerjee Port) incl. Haldia Dock Complex,520.05,ICD Amingaon,73.44,Darranga ICP,97.76,Lokpriya Gopinath Bordoloi International Airport (GAU),72.44,MMLP Jogighopa,65.87,Jogighopa Terminal,65.87,FCI Depot Guwahati,80.15,BONGAIGAON Toll Plaza,40.9
Hajua,BAKSA,324.0,245751566,village,127A,0.04,Belghoria Expressway,519.94,PATHSALA,22.24,Baihata,61.68,Kolkata Port (Syama Prasad Mookerjee Port) incl. Haldia Dock Complex,533.19,ICD Amingaon,73.94,Darranga ICP,89.98,Lokpriya Gopinath Bordoloi International Airport (GAU),75.15,MMLP Jogighopa,79.06,Pandu Terminal (Guwahati),75.62,FCI Depot Guwahati,80.46,BONGAIGAON Toll Plaza,53.17
Dhekiajuli,SONITPUR,306.0,245751582,village,15,0.29,Belghoria Expressway,598.28,BELSIRI,10.71,Baihata,87.45,Kolkata Port (Syama Prasad Mookerjee Port) incl. Haldia Dock Complex,611.39,ICD Amingaon,97.17,Darranga ICP,41.05,Lokpriya Gopinath Bordoloi International Airport (GAU),109.44,MMLP Jogighopa,193.58,Tezpur Terminal,32.04,FCI Depot Guwahati,95.22,NAGAON Toll Plaza,40.74
Āmteka,CHIRANG,320.0,245751778,village,127C,7.82,Belghoria Expressway,491.43,CHAPRAKATA,27.31,Jogighopa,53.73,Kolkata Port (Syama Prasad Mookerjee Port) incl. Haldia Dock Complex,504.55,ICD Amingaon,127.22,Golakganj ICP,97.6,Lokpriya Gopinath Bordoloi International Airport (GAU),123.4,MMLP Jogighopa,54.39,Jogighopa Terminal,54.39,FCI Depot Guwahati,133.91,BONGAIGAON Toll Plaza,32.96
Jamugurihat,SONITPUR,306.0,245751784,village,15,1.13,Belghoria Expressway,630.5,Silghat Town,12.41,Baihata,128.72,Kolkata Port (Syama Prasad Mookerjee Port) incl. Haldia Dock Complex,643.51,ICD Amingaon,135.93,Darranga ICP,83.36,Lokpriya Gopinath Bordoloi International Airport (GAU),147.85,MMLP Silchar,205.93,Silghat Terminal,11.65,FCI Depot Itanagar,76.63,NAGAON Toll Plaza,17.94
Subankhata,BAKSA,324.0,245752307,village,127E,0.11,Belghoria Expressway,538.49,NALBARI,34.33,Baihata,52.27,Kolkata Port (Syama Prasad Mookerjee Port) incl. Haldia Dock Complex,551.75,ICD Amingaon,68.29,Darranga ICP,69.63,Lokpriya Gopinath Bordoloi International Airport (GAU),73.37,MMLP Jogighopa,101.6,Pandu Terminal (Guwahati),70.33,FCI Depot Guwahati,73.97,KAMRUP RURAL Toll Plaza,57.08
Udalguri,UDALGURI,326.0,245752537,village,715A,2.95,Belghoria Expressway,576.79,UDALGURI,0.74,Baihata,59.92,Kolkata Port (Syama Prasad Mookerjee Port) incl. Haldia Dock Complex,589.99,ICD Amingaon,74.29,Darranga ICP,21.79,Lokpriya Gopinath Bordoloi International Airport (GAU),86.18,MMLP Jogighopa,159.2,Tezpur Terminal,69.78,FCI Depot Guwahati,74.78,KAMRUP RURAL Toll Plaza,60.8
Goibarigoan,UDALGURI,326.0,245752909,village,715A,27.87,Belghoria Expressway,566.03,HARISINGA,17.36,Baihata,53.12,Kolkata Port (Syama Prasad Mookerjee Port) incl. Haldia Dock Complex,579.27,ICD Amingaon,70.47,Darranga ICP,38.43,Lokpriya Gopinath Bordoloi International Airport (GAU),80.67,MMLP Jogighopa,138.5,Pandu Terminal (Guwahati),72.6,FCI Depot Guwahati,73.31,KAMRUP RURAL Toll Plaza,56.02
Amguri,SIBSAGAR,311.0,245753279,village,2,0.16,Belghoria Expressway,756.88,AMGURI,0.32,Khongsang,237.55,Kolkata Port (Syama Prasad Mookerjee Port) incl. Haldia Dock Complex,769.44,ICD Amingaon,286.67,Darranga ICP,238.61,Lokpriya Gopinath Bordoloi International Airport (GAU),297.74,MMLP Silchar,275.04,Neamati Terminal,34.99,FCI Depot Jorhat,32.01,GOLAGHAT Toll Plaza,60.83
Gingia,BISWANATH,734.0,245753586,village,15,2.69,Belghoria Expressway,660.67,Jakhalabandha,37.93,Baihata,161.29,Kolkata Port (Syama Prasad Mookerjee Port) incl. Haldia Dock Complex,673.63,ICD Amingaon,168.44,Darranga ICP,115.73,Lokpriya Gopinath Bordoloi International Airport (GAU),180.31,MMLP Silchar,221.68,Biswanath Ghat Terminal,13.83,FCI Depot Itanagar,44.92,NAGAON Toll Plaza,46.28
Teok,JORHAT,312.0,245753634,village,715,0.05,Belghoria Expressway,749.99,SELENG HAT,8.45,Khongsang,235.74,Kolkata Port (Syama Prasad Mookerjee Port) incl. Haldia Dock Complex,762.6,ICD Amingaon,277.17,Darranga ICP,228.56,Lokpriya Gopinath Bordoloi International Airport (GAU),288.34,MMLP Silchar,270.77,Neamati Terminal,24.81,FCI Depot Jorhat,22.82,GOLAGHAT Toll Plaza,51.57
Chariduar,SONITPUR,306.0,245753934,village,15,3.96,Belghoria Expressway,630.76,RANGAPARA NORTH,10.59,Baihata,121.16,Kolkata Port (Syama Prasad Mookerjee Port) incl. Haldia Dock Complex,643.85,ICD Amingaon,130.82,Darranga ICP,74.71,Lokpriya Gopinath Bordoloi International Airport (GAU),143.05,MMLP Silchar,220.6,Tezpur Terminal,25.04,FCI Depot Itanagar,83.9,NAGAON Toll Plaza,33.26
Gohpur,BISWANATH,734.0,245753972,village,15,0.0,Belghoria Expressway,691.54,Badulipar,36.37,Baihata,197.48,Kolkata Port (Syama Prasad Mookerjee Port) incl. Haldia Dock Complex,704.42,ICD Amingaon,203.97,Darranga ICP,152.2,Lokpriya Gopinath Bordoloi International Airport (GAU),215.67,MMLP Silchar,237.28,Sengajan (Panbari) Terminal,29.95,FCI Depot Itanagar,22.09,LAKHIMPUR Toll Plaza,31.18
Khairabari,UDALGURI,326.0,245754015,village,715A,0.04,Belghoria Expressway,586.71,UDALGURI,11.79,Baihata,69.81,Kolkata Port (Syama Prasad Mookerjee Port) incl. Haldia Dock Complex,599.92,ICD Amingaon,84.78,Darranga ICP,32.63,Lokpriya Gopinath Bordoloi International Airport (GAU),96.52,MMLP Jogighopa,165.63,Tezpur Terminal,70.02,FCI Depot Guwahati,85.53,KAMRUP RURAL Toll Plaza,71.03
Nazira,SIBSAGAR,311.0,245754553,village,702C,1.36,Belghoria Expressway,780.39,NAZIRA,1.36,Khongsang,257.29,Kolkata Port (Syama Prasad Mookerjee Port) incl. Haldia Dock Complex,792.94,ICD Amingaon,309.44,Darranga ICP,260.51,Lokpriya Gopinath Bordoloi International Airport (GAU),320.61,MMLP Silchar,297.15,Neamati Terminal,56.98,FCI Depot Jorhat,54.98,GOLAGHAT Toll Plaza,83.81
Naryanpur,LAKHIMPUR,307.0,245754786,village,15,0.11,Belghoria Expressway,714.55,Barua Bamungaon,32.7,Baihata,222.32,Kolkata Port (Syama Prasad Mookerjee Port) incl. Haldia Dock Complex,727.38,ICD Amingaon,228.77,Darranga ICP,176.97,Lokpriya Gopinath Bordoloi International Airport (GAU),240.44,MMLP Silchar,253.48,Neamati Terminal,34.52,FCI Depot Itanagar,28.37,LAKHIMPUR Toll Plaza,14.48
Bhutiachang,SONITPUR,306.0,245754927,village,15,21.62,Belghoria Expressway,625.08,MISAMARI,14.27,Baihata,110.9,Kolkata Port (Syama Prasad Mookerjee Port) incl. Haldia Dock Complex,638.22,ICD Amingaon,122.56,Darranga ICP,65.06,Lokpriya Gopinath Bordoloi International Airport (GAU),134.85,MMLP Jogighopa,212.69,Tezpur Terminal,38.72,FCI Depot Itanagar,98.89,NAGAON Toll Plaza,48.36
Nargargaon,LAKHIMPUR,307.0,245755518,village,715K,17.92,Belghoria Expressway,742.03,MELENG,27.33,Khongsang,245.69,Kolkata Port (Syama Prasad Mookerjee Port) incl. Haldia Dock Complex,754.79,ICD Amingaon,259.27,Darranga ICP,207.78,Lokpriya Gopinath Bordoloi International Airport (GAU),270.87,MMLP Silchar,273.19,Neamati Terminal,23.02,FCI Depot Jorhat,28.61,LAKHIMPUR Toll Plaza,32.68
Dimow,SIBSAGAR,311.0,245756072,village,2,0.03,Belghoria Expressway,794.16,KHARAHAT,6.24,Khongsang,277.81,Kolkata Port (Syama Prasad Mookerjee Port) incl. Haldia Dock Complex,806.8,ICD Amingaon,316.33,Darranga ICP,265.2,Lokpriya Gopinath Bordoloi International Airport (GAU),327.83,MMLP Silchar,315.15,Dibrugarh Terminal,41.13,FCI Depot Dibrugarh,41.13,LAKHIMPUR Toll Plaza,87.83
Borhat,CHARAIDEO,704.0,245756524,village,215,12.77,Belghoria Expressway,838.98,BORHAT,0.14,Khongsang,308.01,Kolkata Port (Syama Prasad Mookerjee Port) incl. Haldia Dock Complex,851.49,ICD Amingaon,367.35,Darranga ICP,317.05,Lokpriya Gopinath Bordoloi International Airport (GAU),378.69,MMLP Silchar,352.63,Bogibeel Terminal,38.78,FCI Depot Dibrugarh,48.93,LAKHIMPUR Toll Plaza,140.17
North Lakhimpur,LAKHIMPUR,307.0,245757287,village,15,2.67,Belghoria Expressway,752.91,MELENG,51.95,Baihata,255.36,Kolkata Port (Syama Prasad Mookerjee Port) incl. Haldia Dock Complex,765.77,ICD Amingaon,263.16,Darranga ICP,209.23,Lokpriya Gopinath Bordoloi International Airport (GAU),275.09,MMLP Silchar,291.83,Neamati Terminal,47.85,FCI Depot Itanagar,51.26,LAKHIMPUR Toll Plaza,30.55
Naharkatia,DIBRUGARH,310.0,245757650,village,315A,0.01,Belghoria Expressway,850.52,NAHARKATIYA,0.51,Khongsang,321.73,Kolkata Port (Syama Prasad Mookerjee Port) incl. Haldia Dock Complex,863.07,ICD Amingaon,375.83,Darranga ICP,324.61,Lokpriya Gopinath Bordoloi International Airport (GAU),387.31,MMLP Silchar,365.56,Bogibeel Terminal,34.04,FCI Depot Dibrugarh,45.04,LAKHIMPUR Toll Plaza,146.27
Dejoo,LAKHIMPUR,307.0,245757880,village,15,5.86,Belghoria Expressway,749.6,MELENG,58.85,Baihata,249.73,Kolkata Port (Syama Prasad Mookerjee Port) incl. Haldia Dock Complex,762.5,ICD Amingaon,257.95,Darranga ICP,203.45,Lokpriya Gopinath Bordoloi International Airport (GAU),269.96,MMLP Silchar,292.02,Neamati Terminal,53.28,FCI Depot Itanagar,45.62,LAKHIMPUR Toll Plaza,27.24
Dijmur,DHEMAJI,308.0,245760898,village,515,9.76,Belghoria Expressway,838.88,DIBRUGARH TOWN,15.77,Khongsang,332.89,Kolkata Port (Syama Prasad Mookerjee Port) incl. Haldia Dock Complex,851.68,ICD Amingaon,350.55,Darranga ICP,296.07,Lokpriya Gopinath Bordoloi International Airport (GAU),362.52,MMLP Silchar,367.41,Dibrugarh Terminal,16.43,FCI Depot Dibrugarh,16.43,LAKHIMPUR Toll Plaza,118.01
Dhola,TINSUKIA,309.0,245761687,village,115,1.11,Belghoria Expressway,901.58,Tingrai,32.09,Khongsang,378.66,Kolkata Port (Syama Prasad Mookerjee Port) incl. Haldia Dock Complex,914.25,ICD Amingaon,418.45,Darranga ICP,364.71,Lokpriya Gopinath Bordoloi International Airport (GAU),430.29,MMLP Silchar,420.85,Oriumghat (Sadiya) Terminal,10.29,FCI Depot Dibrugarh,73.13,LAKHIMPUR Toll Plaza,185.57
Kundil Bazar,TINSUKIA,309.0,245762207,village,115,1.74,Belghoria Expressway,915.06,Tingrai,43.77,Khongsang,391.86,Kolkata Port (Syama Prasad Mookerjee Port) incl. Haldia Dock Complex,927.73,ICD Amingaon,431.24,Darranga ICP,377.26,Lokpriya Gopinath Bordoloi International Airport (GAU),443.12,MMLP Silchar,434.35,Oriumghat (Sadiya) Terminal,3.92,FCI Depot Dibrugarh,86.11,LAKHIMPUR Toll Plaza,198.35
Chabua,DIBRUGARH,310.0,299448217,village,15,2.04,Belghoria Expressway,850.97,CHABUA,0.17,Khongsang,331.85,Kolkata Port (Syama Prasad Mookerjee Port) incl. Haldia Dock Complex,863.65,ICD Amingaon,369.14,Darranga ICP,316.17,Lokpriya Gopinath Bordoloi International Airport (GAU),380.89,MMLP Silchar,371.66,Bogibeel Terminal,16.1,FCI Depot Dibrugarh,25.37,LAKHIMPUR Toll Plaza,136.69
Lengeri Gaon,DIBRUGARH,310.0,299448219,village,215,5.27,Belghoria Expressway,826.26,KHOWANG,13.07,Khongsang,305.31,Kolkata Port (Syama Prasad Mookerjee Port) incl. Haldia Dock Complex,838.89,ICD Amingaon,348.0,Darranga ICP,296.23,Lokpriya Gopinath Bordoloi International Airport (GAU),359.58,MMLP Silchar,345.34,Bogibeel Terminal,17.15,FCI Depot Dibrugarh,24.19,LAKHIMPUR Toll Plaza,117.46
Oraog,UDALGURI,326.0,342098065,village,15,0.0,Belghoria Expressway,587.59,MAJBAT,10.22,Baihata,74.08,Kolkata Port (Syama Prasad Mookerjee Port) incl. Haldia Dock Complex,600.74,ICD Amingaon,85.08,Darranga ICP,27.75,Lokpriya Gopinath Bordoloi International Airport (GAU),97.38,MMLP Jogighopa,179.08,Tezpur Terminal,46.42,FCI Depot Guwahati,83.78,NAGAON Toll Plaza,53.41
Rowta,UDALGURI,326.0,342098185,village,15,0.09,Belghoria Expressway,580.61,ROWTA BAGAN,2.77,Baihata,64.94,Kolkata Port (Syama Prasad Mookerjee Port) incl. Haldia Dock Complex,593.79,ICD Amingaon,77.51,Darranga ICP,20.51,Lokpriya Gopinath Bordoloi International Airport (GAU),89.72,MMLP Jogighopa,167.9,Tezpur Terminal,58.63,FCI Depot Guwahati,77.03,NAGAON Toll Plaza,60.42
Bhairab Kund,UDALGURI,326.0,342098225,village,715A,0.11,Belghoria Expressway,588.86,UDALGURI,15.26,Baihata,72.12,Kolkata Port (Syama Prasad Mookerjee Port) incl. Haldia Dock Complex,602.07,ICD Amingaon,87.44,Darranga ICP,36.31,Lokpriya Gopinath Bordoloi International Airport (GAU),99.06,MMLP Jogighopa,166.1,Tezpur Terminal,72.43,FCI Depot Guwahati,88.41,KAMRUP RURAL Toll Plaza,73.54
Helem,BISWANATH,734.0,342099191,village,15,0.11,Belghoria Expressway,678.67,Khumtai,44.67,Baihata,183.41,Kolkata Port (Syama Prasad Mookerjee Port) incl. Haldia Dock Complex,691.57,ICD Amingaon,189.95,Darranga ICP,138.16,Lokpriya Gopinath Bordoloi International Airport (GAU),201.67,MMLP Silchar,229.0,Sengajan (Panbari) Terminal,33.37,FCI Depot Itanagar,29.08,LAKHIMPUR Toll Plaza,44.09
Bishwanath Charaili,BISWANATH,734.0,342099543,village,15,2.25,Belghoria Expressway,646.53,Jakhalabandha,23.67,Baihata,149.3,Kolkata Port (Syama Prasad Mookerjee Port) incl. Haldia Dock Complex,659.49,ICD Amingaon,155.71,Darranga ICP,104.4,Lokpriya Gopinath Bordoloi International Airport (GAU),167.45,MMLP Silchar,209.17,Biswanath Ghat Terminal,0.54,FCI Depot Itanagar,58.96,NAGAON Toll Plaza,32.48
Chutia,BISWANATH,734.0,342099566,village,15,0.07,Belghoria Expressway,639.11,Silghat Town,17.47,Baihata,139.02,Kolkata Port (Syama Prasad Mookerjee Port) incl. Haldia Dock Complex,652.1,ICD Amingaon,145.96,Darranga ICP,93.77,Lokpriya Gopinath Bordoloi International Airport (GAU),157.82,MMLP Silchar,208.56,Biswanath Ghat Terminal,11.11,FCI Depot Itanagar,67.07,NAGAON Toll Plaza,24.69
Khunamukh,SONITPUR,306.0,342099609,village,15,0.07,Belghoria Expressway,630.65,THAKURBARI,14.26,Baihata,124.08,Kolkata Port (Syama Prasad Mookerjee Port) incl. Haldia Dock Complex,643.71,ICD Amingaon,132.69,Darranga ICP,77.89,Lokpriya Gopinath Bordoloi International Airport (GAU),144.83,MMLP Silchar,214.28,Tezpur Terminal,19.08,FCI Depot Itanagar,80.12,NAGAON Toll Plaza,25.81
Balipara,SONITPUR,306.0,342099620,village,15,0.0,Belghoria Expressway,627.56,THAKURBARI,8.3,Baihata,119.11,Kolkata Port (Syama Prasad Mookerjee Port) incl. Haldia Dock Complex,640.64,ICD Amingaon,128.31,Darranga ICP,72.74,Lokpriya Gopinath Bordoloi International Airport (GAU),140.51,MMLP Silchar,216.21,Tezpur Terminal,20.68,FCI Depot Itanagar,85.37,NAGAON Toll Plaza,29.08
Majarbari Ghat,DHEMAJI,308.0,342099922,village,515,13.13,Belghoria Expressway,838.07,DIBRUGARH TOWN,12.71,Khongsang,330.71,Kolkata Port (Syama Prasad Mookerjee Port) incl. Haldia Dock Complex,850.85,ICD Amingaon,350.49,Darranga ICP,296.21,Lokpriya Gopinath Bordoloi International Airport (GAU),362.43,MMLP Silchar,365.71,Dibrugarh Terminal,13.27,FCI Depot Dibrugarh,13.27,LAKHIMPUR Toll Plaza,117.77
Kharupetia,DARANG,325.0,342099988,village,15,0.04,Belghoria Expressway,560.92,ROWTA BAGAN,24.76,Baihata,49.07,Kolkata Port (Syama Prasad Mookerjee Port) incl. Haldia Dock Complex,574.07,ICD Amingaon,58.64,Darranga ICP,5.79,Lokpriya Gopinath Bordoloi International Airport (GAU),70.93,MMLP Jogighopa,157.0,Pandu Terminal (Guwahati),60.03,FCI Depot Guwahati,57.13,KAMRUP METRO Toll Plaza,47.69
Dalgoan,DARANG,325.0,342100005,village,15;715A,0.05,Belghoria Expressway,567.55,ROWTA BAGAN,19.7,Baihata,55.54,Kolkata Port (Syama Prasad Mookerjee Port) incl. Haldia Dock Complex,580.7,ICD Amingaon,65.35,Darranga ICP,9.84,Lokpriya Gopinath Bordoloi International Airport (GAU),77.64,MMLP Jogighopa,162.96,Tezpur Terminal,59.23,FCI Depot Guwahati,63.8,NAGAON Toll Plaza,47.48
Sipajhar,DARANG,325.0,342100221,village,15,0.06,Belghoria Expressway,534.86,THAKURKUCHI,17.94,Baihata,21.59,Kolkata Port (Syama Prasad Mookerjee Port) incl. Haldia Dock Complex,548.04,ICD Amingaon,31.76,Darranga ICP,25.92,Lokpriya Gopinath Bordoloi International Airport (GAU),43.99,MMLP Jogighopa,130.71,Pandu Terminal (Guwahati),33.41,FCI Depot Guwahati,31.67,KAMRUP RURAL Toll Plaza,20.11
Bokakhat,GOLAGHAT,313.0,342100373,village,715,0.02,Belghoria Expressway,673.75,Khumtai,25.82,Baihata,190.25,Kolkata Port (Syama Prasad Mookerjee Port) incl. Haldia Dock Complex,686.53,ICD Amingaon,194.58,Darranga ICP,147.03,Lokpriya Gopinath Bordoloi International Airport (GAU),205.75,MMLP Silchar,212.38,Sengajan (Panbari) Terminal,10.92,FCI Depot Itanagar,48.32,GOLAGHAT Toll Plaza,31.46
Kali Ghat,LAKHIMPUR,307.0,342100459,village,15,15.17,Belghoria Expressway,742.15,MELENG,34.43,Khongsang,250.0,Kolkata Port (Syama Prasad Mookerjee Port) incl. Haldia Dock Complex,754.95,ICD Amingaon,257.16,Darranga ICP,204.95,Lokpriya Gopinath Bordoloi International Airport (GAU),268.86,MMLP Silchar,275.95,Neamati Terminal,29.03,FCI Depot Jorhat,34.98,LAKHIMPUR Toll Plaza,27.41
Pahumara,LAKHIMPUR,307.0,342100465,village,15,0.01,Belghoria Expressway,746.7,MELENG,50.67,Baihata,249.38,Kolkata Port (Syama Prasad Mookerjee Port) incl. Haldia Dock Complex,759.56,ICD Amingaon,257.09,Darranga ICP,203.29,Lokpriya Gopinath Bordoloi International Airport (GAU),269.0,MMLP Silchar,286.23,Neamati Terminal,45.04,FCI Depot Itanagar,45.42,LAKHIMPUR Toll Plaza,24.36
Dergaon,GOLAGHAT,313.0,342100483,village,715,0.09,Belghoria Expressway,707.14,Barua Bamungaon,6.23,Khongsang,209.63,Kolkata Port (Syama Prasad Mookerjee Port) incl. Haldia Dock Complex,719.84,ICD Amingaon,231.58,Darranga ICP,183.67,Lokpriya Gopinath Bordoloi International Airport (GAU),242.72,MMLP Silchar,235.69,Neamati Terminal,21.32,FCI Depot Jorhat,23.14,GOLAGHAT Toll Plaza,6.36
Changsari,KAMRUP RURAL,321.0,342100536,village,27,0.05,Belghoria Expressway,511.0,CHANGSARI,0.84,Baihata,8.83,Kolkata Port (Syama Prasad Mookerjee Port) incl. Haldia Dock Complex,524.19,ICD Amingaon,9.19,Darranga ICP,50.34,Lokpriya Gopinath Bordoloi International Airport (GAU),20.27,MMLP Jogighopa,110.01,Pandu Terminal (Guwahati),11.34,FCI Depot Guwahati,13.49,KAMRUP RURAL Toll Plaza,5.34
Hajo,KAMRUP RURAL,321.0,566672795,village,427,0.29,Belghoria Expressway,499.16,CHANGSARI,16.34,Baihata,18.57,Kolkata Port (Syama Prasad Mookerjee Port) incl. Haldia Dock Complex,512.38,ICD Amingaon,16.83,Darranga ICP,64.99,Lokpriya Gopinath Bordoloi International Airport (GAU),16.58,MMLP Jogighopa,93.33,Pandu Terminal (Guwahati),17.9,FCI Depot Guwahati,23.5,KAMRUP RURAL Toll Plaza,19.69
Dispur,KAMRUP METRO,322.0,566672797,village,27,3.18,Belghoria Expressway,507.17,NEW GUWAHATI,4.43,Baihata,24.4,Kolkata Port (Syama Prasad Mookerjee Port) incl. Haldia Dock Complex,520.32,ICD Amingaon,11.69,Darranga ICP,53.8,Lokpriya Gopinath Bordoloi International Airport (GAU),20.56,MMLP Jogighopa,119.74,Pandu Terminal (Guwahati),11.09,FCI Depot Guwahati,5.39,KAMRUP METRO Toll Plaza,14.56
Jorabat,KAMRUP METRO,322.0,566672798,village,27,0.03,Belghoria Expressway,509.62,NARANGI,9.96,Baihata,32.62,Kolkata Port (Syama Prasad Mookerjee Port) incl. Haldia Dock Complex,522.73,ICD Amingaon,21.26,Darranga ICP,53.64,Lokpriya Gopinath Bordoloi International Airport (GAU),28.69,MMLP Jogighopa,128.64,Pandu Terminal (Guwahati),20.46,FCI Depot Guwahati,14.69,KAMRUP METRO Toll Plaza,6.4
Sonapur,KAMRUP METRO,322.0,566672800,village,27,0.17,Belghoria Expressway,517.49,TETELIA,3.9,Baihata,37.16,Kolkata Port (Syama Prasad Mookerjee Port) incl. Haldia Dock Complex,530.58,ICD Amingaon,29.23,Darranga ICP,48.53,Lokpriya Gopinath Bordoloi International Airport (GAU),37.82,MMLP Jogighopa,137.47,Pandu Terminal (Guwahati),28.82,FCI Depot Guwahati,23.13,KAMRUP METRO Toll Plaza,3.19
Nakhola,MARIGAON,304.0,566672801,village,715A,0.08,Belghoria Expressway,533.93,JAGI ROAD,0.4,Baihata,55.99,Kolkata Port (Syama Prasad Mookerjee Port) incl. Haldia Dock Complex,546.96,ICD Amingaon,51.49,Darranga ICP,47.28,Lokpriya Gopinath Bordoloi International Airport (GAU),60.5,MMLP Silchar,151.47,Pandu Terminal (Guwahati),51.29,FCI Depot Guwahati,45.68,KAMRUP METRO Toll Plaza,25.85
Kumar Gaon,JORHAT,312.0,567371808,village,715K,0.43,Belghoria Expressway,736.16,MELENG,6.81,Khongsang,229.06,Kolkata Port (Syama Prasad Mookerjee Port) incl. Haldia Dock Complex,748.82,ICD Amingaon,260.88,Darranga ICP,211.95,Lokpriya Gopinath Bordoloi International Airport (GAU),272.11,MMLP Silchar,260.52,Neamati Terminal,8.44,FCI Depot Jorhat,9.42,GOLAGHAT Toll Plaza,35.93
Numaligarh,GOLAGHAT,313.0,567378604,village,715,0.05,Belghoria Expressway,682.74,Khumtai,13.45,Khongsang,196.45,Kolkata Port (Syama Prasad Mookerjee Port) incl. Haldia Dock Complex,695.48,ICD Amingaon,206.31,Darranga ICP,159.29,Lokpriya Gopinath Bordoloi International Airport (GAU),217.37,MMLP Silchar,216.46,Sengajan (Panbari) Terminal,2.0,FCI Depot Jorhat,48.4,GOLAGHAT Toll Plaza,19.54
Marigaon,MARIGAON,304.0,567383141,village,715A,3.15,Belghoria Expressway,553.59,DHARAMTUL,7.14,Baihata,65.46,Kolkata Port (Syama Prasad Mookerjee Port) incl. Haldia Dock Complex,566.62,ICD Amingaon,65.61,Darranga ICP,40.33,Lokpriya Gopinath Bordoloi International Airport (GAU),76.14,MMLP Silchar,159.95,Tezpur Terminal,60.93,FCI Depot Guwahati,60.77,NAGAON Toll Plaza,19.33
Samaguri,NAGAON,305.0,567383142,village,127,0.17,Belghoria Expressway,601.85,Samaguri,0.58,Baihata,113.93,Kolkata Port (Syama Prasad Mookerjee Port) incl. Haldia Dock Complex,614.79,ICD Amingaon,117.06,Darranga ICP,74.25,Lokpriya Gopinath Bordoloi International Airport (GAU),128.07,MMLP Silchar,172.44,Silghat Terminal,22.63,FCI Depot Dimapur,103.0,NAGAON Toll Plaza,16.34
Missa,NAGAON,305.0,567383143,village,127,0.1,Belghoria Expressway,613.96,Salona Assam,4.26,Baihata,124.37,Kolkata Port (Syama Prasad Mookerjee Port) incl. Haldia Dock Complex,626.89,ICD Amingaon,128.29,Darranga ICP,82.96,Lokpriya Gopinath Bordoloi International Airport (GAU),139.49,MMLP Silchar,180.25,Silghat Terminal,14.57,FCI Depot Itanagar,91.68,NAGAON Toll Plaza,11.61
Katakhal,HAILAKANDI,318.0,567779839,village,37,0.07,Belghoria Expressway,484.6,KATAKHAL JN,0.52,Bihara,15.26,Kolkata Port (Syama Prasad Mookerjee Port) incl. Haldia Dock Complex,496.49,ICD Amingaon,173.94,Sutarkandi ICP,23.44,Lokpriya Gopinath Bordoloi International Airport (GAU),172.67,MMLP Silchar,14.58,Silchar Terminal,14.58,FCI Depot Silchar,14.58,CACHAR Toll Plaza,17.47
North Salmara,BONGAIGAON,319.0,569210357,village,17,0.18,Belghoria Expressway,460.35,ABHAYAPURI ASSAM,2.03,Jogighopa,14.73,Kolkata Port (Syama Prasad Mookerjee Port) incl. Haldia Dock Complex,473.55,ICD Amingaon,105.29,Golakganj ICP,83.4,Lokpriya Gopinath Bordoloi International Airport (GAU),98.25,MMLP Jogighopa,15.42,Jogighopa Terminal,15.42,FCI Depot Guwahati,111.5,BONGAIGAON Toll Plaza,14.34
Gauripur,DHUBRI,301.0,569366501,village,17,0.15,Belghoria Expressway,404.16,GAURIPUR,1.53,Jogighopa,62.33,Kolkata Port (Syama Prasad Mookerjee Port) incl. Haldia Dock Complex,417.18,ICD Siliguri,166.19,Golakganj ICP,13.3,Lokpriya Gopinath Bordoloi International Airport (GAU),159.07,MMLP Jogighopa,62.0,Dhubri Terminal,7.66,FCI Depot Siliguri,168.71,DHUBRI Toll Plaza,14.02
Sapatgram,KOKRAJHAR,300.0,569366516,village,117A,10.01,Belghoria Expressway,434.11,SAPATGRAM,0.45,Jogighopa,46.94,Kolkata Port (Syama Prasad Mookerjee Port) incl. Haldia Dock Complex,447.14,ICD Amingaon,154.99,Golakganj ICP,37.05,Lokpriya Gopinath Bordoloi International Airport (GAU),146.91,MMLP Jogighopa,46.92,Dhubri Terminal,36.39,FCI Depot Guwahati,160.94,KOKRAJHAR Toll Plaza,20.32
Kokrajhar,KOKRAJHAR,300.0,569366522,village,117A,0.24,Belghoria Expressway,447.54,KOKRAJHAR,0.59,Jogighopa,34.54,Kolkata Port (Syama Prasad Mookerjee Port) incl. Haldia Dock Complex,460.63,ICD Amingaon,140.15,Golakganj ICP,54.18,Lokpriya Gopinath Bordoloi International Airport (GAU),132.73,MMLP Jogighopa,34.74,Jogighopa Terminal,34.74,FCI Depot Guwahati,146.28,KOKRAJHAR Toll Plaza,18.19
Patgaon,KOKRAJHAR,300.0,569366524,village,27,0.1,Belghoria Expressway,462.01,KOKRAJHAR,18.53,Jogighopa,49.92,Kolkata Port (Syama Prasad Mookerjee Port) incl. Haldia Dock Complex,475.04,ICD Amingaon,149.3,Golakganj ICP,63.47,Lokpriya Gopinath Bordoloi International Airport (GAU),143.06,MMLP Jogighopa,50.28,Jogighopa Terminal,50.28,FCI Depot Guwahati,155.7,KOKRAJHAR Toll Plaza,2.03
Dangari,TINSUKIA,309.0,746951099,village,115,0.05,Belghoria Expressway,896.27,Tingrai,26.21,Khongsang,372.65,Kolkata Port (Syama Prasad Mookerjee Port) incl. Haldia Dock Complex,908.93,ICD Amingaon,413.96,Darranga ICP,360.46,Lokpriya Gopinath Bordoloi International Airport (GAU),425.78,MMLP Silchar,415.04,Oriumghat (Sadiya) Terminal,16.29,FCI Depot Dibrugarh,68.66,LAKHIMPUR Toll Plaza,181.16
Abhayapuri,BONGAIGAON,319.0,830103529,village,17,3.5,Belghoria Expressway,458.99,ABHAYAPURI ASSAM,3.46,Jogighopa,13.43,Kolkata Port (Syama Prasad Mookerjee Port) incl. Haldia Dock Complex,472.2,ICD Amingaon,100.72,Golakganj ICP,85.93,Lokpriya Gopinath Bordoloi International Airport (GAU),93.39,MMLP Jogighopa,14.05,Jogighopa Terminal,14.05,FCI Depot Guwahati,106.85,BONGAIGAON Toll Plaza,16.06
Dullabhcherra,SRIBHUMI,317.0,830103551,village,8,11.21,Belghoria Expressway,450.2,Dullabcherra,4.67,Bihara,57.55,Kolkata Port (Syama Prasad Mookerjee Port) incl. Haldia Dock Complex,461.78,ICD Amingaon,198.58,Sutarkandi ICP,25.39,Lokpriya Gopinath Bordoloi International Airport (GAU),195.02,MMLP Silchar,50.82,Karimganj Terminal,42.97,FCI Depot Silchar,50.82,SRIBHUMI Toll Plaza,38.93
Nahorani,GOLAGHAT,313.0,831176590,village,715,5.56,Belghoria Expressway,707.07,Barua Bamungaon,6.12,Khongsang,205.83,Kolkata Port (Syama Prasad Mookerjee Port) incl. Haldia Dock Complex,719.74,ICD Amingaon,233.94,Darranga ICP,186.85,Lokpriya Gopinath Bordoloi International Airport (GAU),244.95,MMLP Silchar,233.39,Neamati Terminal,21.04,FCI Depot Jorhat,21.14,GOLAGHAT Toll Plaza,8.52
Kuwarital,NAGAON,305.0,831311257,village,715,0.22,Belghoria Expressway,618.85,Jakhalabandha,4.92,Baihata,125.21,Kolkata Port (Syama Prasad Mookerjee Port) incl. Haldia Dock Complex,631.8,ICD Amingaon,130.14,Darranga ICP,82.32,Lokpriya Gopinath Bordoloi International Airport (GAU),141.6,MMLP Silchar,187.84,Silghat Terminal,7.1,FCI Depot Itanagar,86.63,NAGAON Toll Plaza,7.19
Raha,NAGAON,305.0,832590772,village,27,0.18,Belghoria Expressway,564.25,Raha,0.71,Baihata,82.53,Kolkata Port (Syama Prasad Mookerjee Port) incl. Haldia Dock Complex,577.21,ICD Amingaon,82.25,Darranga ICP,53.66,Lokpriya Gopinath Bordoloi International Airport (GAU),92.39,MMLP Silchar,153.93,Tezpur Terminal,51.91,FCI Depot Guwahati,77.13,NAGAON Toll Plaza,2.98
Jhanji,SIBSAGAR,311.0,832854432,village,2,0.18,Belghoria Expressway,757.11,AMGURI,4.84,Khongsang,240.27,Kolkata Port (Syama Prasad Mookerjee Port) incl. Haldia Dock Complex,769.7,ICD Amingaon,284.97,Darranga ICP,236.34,Lokpriya Gopinath Bordoloi International Airport (GAU),296.13,MMLP Silchar,276.68,Neamati Terminal,32.61,FCI Depot Jorhat,30.51,GOLAGHAT Toll Plaza,59.31
Duliajan,DIBRUGARH,310.0,957093807,village,315A,1.07,Belghoria Expressway,854.35,DULIAJAN,1.75,Khongsang,327.65,Kolkata Port (Syama Prasad Mookerjee Port) incl. Haldia Dock Complex,866.93,ICD Amingaon,377.63,Darranga ICP,325.86,Lokpriya Gopinath Bordoloi International Airport (GAU),389.19,MMLP Silchar,370.64,Bogibeel Terminal,30.57,FCI Depot Dibrugarh,41.55,LAKHIMPUR Toll Plaza,146.93
Saikhoa Ghat,TINSUKIA,309.0,958035180,village,115,3.85,Belghoria Expressway,899.73,Makum Junction,32.53,Khongsang,377.82,Kolkata Port (Syama Prasad Mookerjee Port) incl. Haldia Dock Complex,912.42,ICD Amingaon,416.05,Darranga ICP,362.21,Lokpriya Gopinath Bordoloi International Airport (GAU),427.91,MMLP Silchar,419.59,Oriumghat (Sadiya) Terminal,11.7,FCI Depot Dibrugarh,70.81,LAKHIMPUR Toll Plaza,183.17
Makum,TINSUKIA,309.0,958035755,village,15,1.13,Belghoria Expressway,871.88,Makum Junction,0.3,Khongsang,345.71,Kolkata Port (Syama Prasad Mookerjee Port) incl. Haldia Dock Complex,884.48,ICD Amingaon,393.23,Darranga ICP,340.79,Lokpriya Gopinath Bordoloi International Airport (GAU),404.88,MMLP Silchar,388.76,Bogibeel Terminal,41.3,FCI Depot Dibrugarh,51.1,LAKHIMPUR Toll Plaza,161.4
Sepon,DIBRUGARH,310.0,980533471,village,2,0.22,Belghoria Expressway,802.14,SEPON,0.5,Khongsang,281.69,Kolkata Port (Syama Prasad Mookerjee Port) incl. Haldia Dock Complex,814.75,ICD Amingaon,326.23,Darranga ICP,275.47,Lokpriya Gopinath Bordoloi International Airport (GAU),337.66,MMLP Silchar,320.96,Bogibeel Terminal,38.13,FCI Depot Dibrugarh,39.32,LAKHIMPUR Toll Plaza,98.59
Bordubi,TINSUKIA,309.0,1013465768,village,315A,0.25,Belghoria Expressway,857.07,BORDUBI ROAD,1.15,Khongsang,331.27,Kolkata Port (Syama Prasad Mookerjee Port) incl. Haldia Dock Complex,869.67,ICD Amingaon,379.41,Darranga ICP,327.38,Lokpriya Gopinath Bordoloi International Airport (GAU),391.01,MMLP Silchar,373.93,Bogibeel Terminal,30.19,FCI Depot Dibrugarh,40.96,LAKHIMPUR Toll Plaza,148.23
Bijni,CHIRANG,320.0,1133036828,village,27,1.86,Belghoria Expressway,476.04,BIJNI,0.63,Jogighopa,30.35,Kolkata Port (Syama Prasad Mookerjee Port) incl. Haldia Dock Complex,489.25,ICD Amingaon,101.87,Golakganj ICP,95.69,Lokpriya Gopinath Bordoloi International Airport (GAU),96.46,MMLP Jogighopa,31.03,Jogighopa Terminal,31.03,FCI Depot Guwahati,108.38,BONGAIGAON Toll Plaza,2.48
Ratacherra,CACHAR,316.0,1262014487,village,6,0.12,Belghoria Expressway,480.83,SUKRITIPUR,17.64,Bihara,23.75,Kolkata Port (Syama Prasad Mookerjee Port) incl. Haldia Dock Complex,493.04,ICD Amingaon,146.61,Sutarkandi ICP,34.02,Lokpriya Gopinath Bordoloi International Airport (GAU),145.21,MMLP Silchar,38.13,Badarpur Terminal,14.96,FCI Depot Silchar,38.13,SRIBHUMI Toll Plaza,21.22
Khanduli,WEST KARBI ANAGLONG,752.0,1262015292,village,627,28.68,Belghoria Expressway,522.86,AUJARI,48.72,Bihara,86.36,Kolkata Port (Syama Prasad Mookerjee Port) incl. Haldia Dock Complex,535.61,ICD Amingaon,89.72,Dawki ICP,71.18,Lokpriya Gopinath Bordoloi International Airport (GAU),93.85,MMLP Silchar,102.47,Pandu Terminal (Guwahati),88.55,FCI Depot Shillong,56.35,NAGAON Toll Plaza,57.41
Dudhnai,GOALPARA,302.0,1329752274,village,217,0.02,Belghoria Expressway,432.44,DUDHNOI,2.87,Jogighopa,34.65,Kolkata Port (Syama Prasad Mookerjee Port) incl. Haldia Dock Complex,445.7,ICD Amingaon,90.68,Mankachar ICP,80.9,Lokpriya Gopinath Bordoloi International Airport (GAU),79.95,MMLP Jogighopa,34.21,Jogighopa Terminal,34.21,FCI Depot Guwahati,95.28,BONGAIGAON Toll Plaza,54.09
Goreswar,TAMULPUR,766.0,1351481042,village,127D,12.5,Belghoria Expressway,534.98,GORESUAR,0.5,Baihata,20.46,Kolkata Port (Syama Prasad Mookerjee Port) incl. Haldia Dock Complex,548.21,ICD Amingaon,38.12,Darranga ICP,36.76,Lokpriya Gopinath Bordoloi International Airport (GAU),47.91,MMLP Jogighopa,117.07,Pandu Terminal (Guwahati),40.29,FCI Depot Guwahati,41.74,KAMRUP RURAL Toll Plaza,23.86
Tihu,NALBARI,323.0,1352601587,village,27,4.29,Belghoria Expressway,503.39,TIHU,0.25,Baihata,42.97,Kolkata Port (Syama Prasad Mookerjee Port) incl. Haldia Dock Complex,516.65,ICD Amingaon,51.29,Darranga ICP,81.68,Lokpriya Gopinath Bordoloi International Airport (GAU),50.46,MMLP Jogighopa,72.8,Pandu Terminal (Guwahati),52.67,FCI Depot Guwahati,58.01,KAMRUP RURAL Toll Plaza,47.23
Howly,BARPETA,303.0,1364843581,village,427,0.03,Belghoria Expressway,482.84,BARPETA ROAD,8.5,Jogighopa,43.52,Kolkata Port (Syama Prasad Mookerjee Port) incl. Haldia Dock Complex,496.09,ICD Amingaon,74.39,Darranga ICP,111.29,Lokpriya Gopinath Bordoloi International Airport (GAU),69.45,MMLP Jogighopa,43.98,Jogighopa Terminal,43.98,FCI Depot Guwahati,80.94,BONGAIGAON Toll Plaza,25.97
Sualkuchi,KAMRUP RURAL,321.0,1380070099,village,17,6.53,Belghoria Expressway,495.3,AZARA,8.76,Baihata,21.93,Kolkata Port (Syama Prasad Mookerjee Port) incl. Haldia Dock Complex,508.5,ICD Amingaon,10.76,Darranga ICP,66.29,Lokpriya Gopinath Bordoloi International Airport (GAU),7.08,MMLP Jogighopa,97.95,Pandu Terminal (Guwahati),10.76,FCI Depot Guwahati,16.46,KAMRUP RURAL Toll Plaza,20.78
Barama,BAKSA,324.0,1403967925,village,127E,0.03,Belghoria Expressway,512.65,KAITHALKUCHI,8.28,Baihata,38.23,Kolkata Port (Syama Prasad Mookerjee Port) incl. Haldia Dock Complex,525.91,ICD Amingaon,49.56,Darranga ICP,73.38,Lokpriya Gopinath Bordoloi International Airport (GAU),51.1,MMLP Jogighopa,82.26,Pandu Terminal (Guwahati),51.24,FCI Depot Guwahati,56.11,KAMRUP RURAL Toll Plaza,42.88
Kakilabari,BAKSA,324.0,1403967931,village,127A,0.89,Belghoria Expressway,524.51,PATHSALA,27.45,Baihata,64.81,Kolkata Port (Syama Prasad Mookerjee Port) incl. Haldia Dock Complex,537.76,ICD Amingaon,77.78,Darranga ICP,90.72,Lokpriya Gopinath Bordoloi International Airport (GAU),79.5,MMLP Jogighopa,82.75,Pandu Terminal (Guwahati),79.52,FCI Depot Guwahati,84.21,BONGAIGAON Toll Plaza,56.05
Pathsala,BAJALI,771.0,1403967946,village,27,0.53,Belghoria Expressway,501.2,PATHSALA,0.84,Baihata,52.6,Kolkata Port (Syama Prasad Mookerjee Port) incl. Haldia Dock Complex,514.46,ICD Amingaon,60.58,Darranga ICP,90.34,Lokpriya Gopinath Bordoloi International Airport (GAU),58.95,MMLP Jogighopa,65.95,Pandu Terminal (Guwahati),61.88,FCI Depot Guwahati,67.31,BONGAIGAON Toll Plaza,45.68
Bordoloni,DHEMAJI,308.0,1437215869,village,15,0.15,Belghoria Expressway,788.85,DHAMALGAON,43.22,Baihata,291.23,Kolkata Port (Syama Prasad Mookerjee Port) incl. Haldia Dock Complex,801.7,ICD Amingaon,299.31,Darranga ICP,244.97,Lokpriya Gopinath Bordoloi International Airport (GAU),311.27,MMLP Silchar,323.34,Dibrugarh Terminal,48.03,FCI Depot Dibrugarh,48.03,LAKHIMPUR Toll Plaza,66.89
Dhemaji,DHEMAJI,308.0,1437215871,village,15,0.01,Belghoria Expressway,803.91,DHAMALGAON,32.91,Khongsang,305.83,Kolkata Port (Syama Prasad Mookerjee Port) incl. Haldia Dock Complex,816.74,ICD Amingaon,314.7,Darranga ICP,260.31,Lokpriya Gopinath Bordoloi International Airport (GAU),326.67,MMLP Silchar,336.46,Dibrugarh Terminal,33.89,FCI Depot Dibrugarh,33.89,LAKHIMPUR Toll Plaza,82.25
Chapakhowa,TINSUKIA,309.0,1437223037,village,115,0.17,Belghoria Expressway,925.16,Tingrai,54.01,Khongsang,402.39,Kolkata Port (Syama Prasad Mookerjee Port) incl. Haldia Dock Complex,937.86,ICD Amingaon,440.47,Darranga ICP,386.23,Lokpriya Gopinath Bordoloi International Airport (GAU),452.38,MMLP Silchar,444.86,Oriumghat (Sadiya) Terminal,13.82,FCI Depot Dibrugarh,95.71,LAKHIMPUR Toll Plaza,207.63
Fakiragram,KOKRAJHAR,300.0,1492148094,village,117A,4.35,Belghoria Expressway,440.18,FAKIRAGRAM JN,0.62,Jogighopa,41.01,Kolkata Port (Syama Prasad Mookerjee Port) incl. Haldia Dock Complex,453.24,ICD Amingaon,148.35,Golakganj ICP,44.7,Lokpriya Gopinath Bordoloi International Airport (GAU),140.55,MMLP Jogighopa,41.08,Jogighopa Terminal,41.08,FCI Depot Guwahati,154.37,KOKRAJHAR Toll Plaza,22.67
Gossaigaon,KOKRAJHAR,300.0,1492149181,village,27,0.67,Belghoria Expressway,440.29,GOSSAIGAON HAT,1.36,Jogighopa,62.39,Kolkata Port (Syama Prasad Mookerjee Port) incl. Haldia Dock Complex,453.23,ICD Siliguri,155.43,Golakganj ICP,39.72,Lokpriya Gopinath Bordoloi International Airport (GAU),161.58,MMLP Jogighopa,62.47,Hatsingimari Ro-Ro Terminal,45.9,FCI Depot Siliguri,157.95,KOKRAJHAR Toll Plaza,3.56
Howraghat,KARBI ANGLONG,314.0,1495287081,village,29,10.27,Belghoria Expressway,594.74,DHALPUKHURI,20.9,Bihara,129.54,Kolkata Port (Syama Prasad Mookerjee Port) incl. Haldia Dock Complex,607.47,ICD Amingaon,133.23,Darranga ICP,103.29,Lokpriya Gopinath Bordoloi International Airport (GAU),142.39,MMLP Silchar,141.31,Silghat Terminal,56.04,FCI Depot Dimapur,71.55,HOJAI Toll Plaza,19.43
Parkhowa Bazaar,KARBI ANGLONG,314.0,1495287082,village,29,0.16,Belghoria Expressway,594.37,JUGIJAN,22.7,Baihata,126.02,Kolkata Port (Syama Prasad Mookerjee Port) incl. Haldia Dock Complex,607.17,ICD Amingaon,125.47,Darranga ICP,92.65,Lokpriya Gopinath Bordoloi International Airport (GAU),135.14,MMLP Silchar,148.85,Silghat Terminal,46.23,FCI Depot Dimapur,81.65,HOJAI Toll Plaza,13.6
Bishwanath Ghat,BISWANATH,734.0,1495483762,village,15,9.17,Belghoria Expressway,642.85,Jakhalabandha,20.11,Baihata,149.01,Kolkata Port (Syama Prasad Mookerjee Port) incl. Haldia Dock Complex,655.77,ICD Amingaon,154.6,Darranga ICP,104.89,Lokpriya Gopinath Bordoloi International Airport (GAU),166.16,MMLP Silchar,202.31,Biswanath Ghat Terminal,7.96,FCI Depot Itanagar,62.89,NAGAON Toll Plaza,30.71
Kaliabor,NAGAON,305.0,1495483768,village,715,0.09,Belghoria Expressway,616.72,Jakhalabandha,6.64,Baihata,123.69,Kolkata Port (Syama Prasad Mookerjee Port) incl. Haldia Dock Complex,629.67,ICD Amingaon,128.43,Darranga ICP,81.11,Lokpriya Gopinath Bordoloi International Airport (GAU),139.84,MMLP Silchar,185.93,Silghat Terminal,8.57,FCI Depot Itanagar,88.76,NAGAON Toll Plaza,6.63
Borghat,NAGAON,305.0,1668476766,village,27,0.57,Belghoria Expressway,584.24,Haibargaon,5.18,Baihata,99.95,Kolkata Port (Syama Prasad Mookerjee Port) incl. Haldia Dock Complex,597.18,ICD Amingaon,101.51,Darranga ICP,64.32,Lokpriya Gopinath Bordoloi International Airport (GAU),112.12,MMLP Silchar,161.45,Tezpur Terminal,35.61,FCI Depot Guwahati,96.75,NAGAON Toll Plaza,17.75
Bebejia,NAGAON,305.0,1668476771,village,27,1.05,Belghoria Expressway,576.99,Bebejia,2.15,Baihata,92.11,Kolkata Port (Syama Prasad Mookerjee Port) incl. Haldia Dock Complex,589.95,ICD Amingaon,93.36,Darranga ICP,58.04,Lokpriya Gopinath Bordoloi International Airport (GAU),103.93,MMLP Silchar,159.98,Tezpur Terminal,40.3,FCI Depot Guwahati,88.57,NAGAON Toll Plaza,9.85
Uriagaon,NAGAON,305.0,1668476775,village,127,0.09,Belghoria Expressway,589.14,Puranigudam,4.61,Baihata,103.87,Kolkata Port (Syama Prasad Mookerjee Port) incl. Haldia Dock Complex,602.07,ICD Amingaon,105.88,Darranga ICP,66.95,Lokpriya Gopinath Bordoloi International Airport (GAU),116.61,MMLP Silchar,164.23,Tezpur Terminal,31.9,FCI Depot Guwahati,101.23,NAGAON Toll Plaza,22.61
Rangapara,SONITPUR,306.0,1668496397,village,15,9.15,Belghoria Expressway,620.8,RANGAPARA NORTH,0.54,Baihata,110.7,Kolkata Port (Syama Prasad Mookerjee Port) incl. Haldia Dock Complex,633.9,ICD Amingaon,120.43,Darranga ICP,64.26,Lokpriya Gopinath Bordoloi International Airport (GAU),132.68,MMLP Silchar,215.89,Tezpur Terminal,22.94,FCI Depot Itanagar,94.18,NAGAON Toll Plaza,32.57
Harmutigaon,LAKHIMPUR,307.0,1676604025,village,15,0.1,Belghoria Expressway,726.78,Barua Bamungaon,51.14,Baihata,228.54,Kolkata Port (Syama Prasad Mookerjee Port) incl. Haldia Dock Complex,739.67,ICD Amingaon,236.24,Darranga ICP,182.47,Lokpriya Gopinath Bordoloi International Airport (GAU),248.17,MMLP Silchar,270.73,Neamati Terminal,46.58,FCI Depot Itanagar,24.86,LAKHIMPUR Toll Plaza,4.77
Kohora,GOLAGHAT,313.0,1681545138,village,715,0.24,Belghoria Expressway,655.72,Jakhalabandha,41.1,Baihata,171.0,Kolkata Port (Syama Prasad Mookerjee Port) incl. Haldia Dock Complex,668.54,ICD Amingaon,175.16,Darranga ICP,128.22,Lokpriya Gopinath Bordoloi International Airport (GAU),186.31,MMLP Silchar,200.48,Sengajan (Panbari) Terminal,29.49,FCI Depot Itanagar,57.35,GOLAGHAT Toll Plaza,50.73
Lalpool,DARANG,325.0,1692837264,village,15;715A,0.13,Belghoria Expressway,573.6,ROWTA BAGAN,10.03,Baihata,58.5,Kolkata Port (Syama Prasad Mookerjee Port) incl. Haldia Dock Complex,586.77,ICD Amingaon,70.55,Darranga ICP,13.27,Lokpriya Gopinath Bordoloi International Airport (GAU),82.79,MMLP Jogighopa,163.0,Tezpur Terminal,61.19,FCI Depot Guwahati,69.9,NAGAON Toll Plaza,56.96
Tumuki,SONITPUR,306.0,1692837269,village,15,0.34,Belghoria Expressway,606.67,BINDUKURI,10.4,Baihata,99.81,Kolkata Port (Syama Prasad Mookerjee Port) incl. Haldia Dock Complex,619.74,ICD Amingaon,108.1,Darranga ICP,54.0,Lokpriya Gopinath Bordoloi International Airport (GAU),120.22,MMLP Silchar,201.61,Tezpur Terminal,17.29,FCI Depot Itanagar,104.47,NAGAON Toll Plaza,26.41
Sherfanguri,KOKRAJHAR,300.0,1692837275,village,27,0.09,Belghoria Expressway,457.71,CHAUTARA,17.34,Jogighopa,54.17,Kolkata Port (Syama Prasad Mookerjee Port) incl. Haldia Dock Complex,470.71,ICD Amingaon,155.77,Golakganj ICP,58.07,Lokpriya Gopinath Bordoloi International Airport (GAU),149.27,MMLP Jogighopa,54.46,Jogighopa Terminal,54.46,FCI Depot Guwahati,162.12,KOKRAJHAR Toll Plaza,9.27
Batamari,SONITPUR,306.0,1692837279,village,715,0.26,Belghoria Expressway,617.95,Tezpore,5.81,Baihata,117.76,Kolkata Port (Syama Prasad Mookerjee Port) incl. Haldia Dock Complex,630.96,ICD Amingaon,124.26,Darranga ICP,73.2,Lokpriya Gopinath Bordoloi International Airport (GAU),136.08,MMLP Silchar,196.4,Tezpur Terminal,4.16,FCI Depot Itanagar,88.81,NAGAON Toll Plaza,8.27
Duminichowki,DARANG,325.0,1692837282,village,15,0.09,Belghoria Expressway,526.26,BAIHATA,13.59,Baihata,13.59,Kolkata Port (Syama Prasad Mookerjee Port) incl. Haldia Dock Complex,539.44,ICD Amingaon,23.22,Darranga ICP,34.75,Lokpriya Gopinath Bordoloi International Airport (GAU),35.33,MMLP Jogighopa,122.96,Pandu Terminal (Guwahati),24.98,FCI Depot Guwahati,23.93,KAMRUP RURAL Toll Plaza,11.38
Jonai,DHEMAJI,308.0,1699239233,village,515,0.21,Belghoria Expressway,877.86,PANITOLA,36.28,Khongsang,367.2,Kolkata Port (Syama Prasad Mookerjee Port) incl. Haldia Dock Complex,890.64,ICD Amingaon,389.14,Darranga ICP,334.29,Lokpriya Gopinath Bordoloi International Airport (GAU),401.15,MMLP Silchar,404.32,Oriumghat (Sadiya) Terminal,42.27,FCI Depot Dibrugarh,49.16,LAKHIMPUR Toll Plaza,156.92
Fakirganj,DHUBRI,301.0,1739922352,village,127B,8.45,Belghoria Expressway,395.21,DHUBRI,12.02,Jogighopa,58.59,Kolkata Port (Syama Prasad Mookerjee Port) incl. Haldia Dock Complex,408.31,ICD Amingaon,159.75,Golakganj ICP,28.68,Lokpriya Gopinath Bordoloi International Airport (GAU),149.49,MMLP Jogighopa,58.09,Dhubri Terminal,11.57,FCI Depot Guwahati,164.7,DHUBRI Toll Plaza,30.85
Bhatiu,DIBRUGARH,310.0,1739986503,village,15,0.95,Belghoria Expressway,847.67,CHABUA,3.44,Khongsang,329.35,Kolkata Port (Syama Prasad Mookerjee Port) incl. Haldia Dock Complex,860.35,ICD Amingaon,365.61,Darranga ICP,312.61,Lokpriya Gopinath Bordoloi International Airport (GAU),377.36,MMLP Silchar,368.77,Bogibeel Terminal,12.56,FCI Depot Dibrugarh,21.9,LAKHIMPUR Toll Plaza,133.14
Dikom,DIBRUGARH,310.0,1739986506,village,15,0.91,Belghoria Expressway,842.84,DIKOM,0.25,Khongsang,325.88,Kolkata Port (Syama Prasad Mookerjee Port) incl. Haldia Dock Complex,855.53,ICD Amingaon,360.33,Darranga ICP,307.27,Lokpriya Gopinath Bordoloi International Airport (GAU),372.09,MMLP Silchar,364.66,Bogibeel Terminal,7.32,FCI Depot Dibrugarh,16.63,LAKHIMPUR Toll Plaza,127.8
Panitola,TINSUKIA,309.0,1739986511,village,15,0.78,Belghoria Expressway,858.38,PANITOLA,0.76,Khongsang,337.22,Kolkata Port (Syama Prasad Mookerjee Port) incl. Haldia Dock Complex,871.04,ICD Amingaon,377.27,Darranga ICP,324.4,Lokpriya Gopinath Bordoloi International Airport (GAU),389.0,MMLP Silchar,377.99,Bogibeel Terminal,24.34,FCI Depot Dibrugarh,33.64,LAKHIMPUR Toll Plaza,144.92
Dett Rupai,TINSUKIA,309.0,1740005438,village,15,1.92,Belghoria Expressway,889.6,Tingrai,15.45,Khongsang,363.46,Kolkata Port (Syama Prasad Mookerjee Port) incl. Haldia Dock Complex,902.22,ICD Amingaon,409.54,Darranga ICP,356.61,Lokpriya Gopinath Bordoloi International Airport (GAU),421.27,MMLP Silchar,406.77,Oriumghat (Sadiya) Terminal,26.26,FCI Depot Dibrugarh,65.15,LAKHIMPUR Toll Plaza,177.13
Tilak Nagar,TINSUKIA,309.0,1740005447,village,15,0.01,Belghoria Expressway,899.66,Tingrai,22.81,Khongsang,372.09,Kolkata Port (Syama Prasad Mookerjee Port) incl. Haldia Dock Complex,912.27,ICD Amingaon,419.93,Darranga ICP,366.98,Lokpriya Gopinath Bordoloi International Airport (GAU),431.66,MMLP Silchar,416.13,Oriumghat (Sadiya) Terminal,20.92,FCI Depot Dibrugarh,75.43,LAKHIMPUR Toll Plaza,187.5
Naguli Ghat,DIBRUGARH,310.0,1740028720,village,15,6.46,Belghoria Expressway,841.46,LAHOAL,8.06,Khongsang,328.47,Kolkata Port (Syama Prasad Mookerjee Port) incl. Haldia Dock Complex,854.19,ICD Amingaon,356.67,Darranga ICP,303.05,Lokpriya Gopinath Bordoloi International Airport (GAU),368.51,MMLP Silchar,365.67,Bogibeel Terminal,10.03,FCI Depot Dibrugarh,11.41,LAKHIMPUR Toll Plaza,123.8
Bohori,BARPETA,303.0,1810911320,village,427,3.08,Belghoria Expressway,476.74,NIZ-SARIHA HALT,26.23,Baihata,54.44,Kolkata Port (Syama Prasad Mookerjee Port) incl. Haldia Dock Complex,489.99,ICD Amingaon,53.88,Darranga ICP,99.51,Lokpriya Gopinath Bordoloi International Airport (GAU),46.9,MMLP Jogighopa,55.2,Pandu Terminal (Guwahati),54.27,FCI Depot Guwahati,60.01,BONGAIGAON Toll Plaza,47.98
Panpur,SONITPUR,306.0,1810911323,village,15,5.53,Belghoria Expressway,627.54,Silghat Town,7.51,Baihata,127.82,Kolkata Port (Syama Prasad Mookerjee Port) incl. Haldia Dock Complex,640.54,ICD Amingaon,134.43,Darranga ICP,82.99,Lokpriya Gopinath Bordoloi International Airport (GAU),146.25,MMLP Silchar,201.06,Silghat Terminal,6.92,FCI Depot Itanagar,78.79,NAGAON Toll Plaza,13.67
Sontoli,KAMRUP RURAL,321.0,1811210915,village,427,14.9,Belghoria Expressway,466.34,SONACHARA,17.2,Jogighopa,55.55,Kolkata Port (Syama Prasad Mookerjee Port) incl. Haldia Dock Complex,479.59,ICD Amingaon,53.92,Darranga ICP,104.67,Lokpriya Gopinath Bordoloi International Airport (GAU),44.64,MMLP Jogighopa,55.58,Pandu Terminal (Guwahati),53.8,FCI Depot Guwahati,59.29,BONGAIGAON Toll Plaza,54.86
Jagduwar,JORHAT,312.0,1934213746,village,715,0.09,Belghoria Expressway,751.99,SELENG HAT,7.15,Khongsang,236.89,Kolkata Port (Syama Prasad Mookerjee Port) incl. Haldia Dock Complex,764.59,ICD Amingaon,279.44,Darranga ICP,230.84,Lokpriya Gopinath Bordoloi International Airport (GAU),290.6,MMLP Silchar,272.37,Neamati Terminal,27.09,FCI Depot Jorhat,25.02,GOLAGHAT Toll Plaza,53.8
Kaliapani,JORHAT,312.0,1934228034,village,715,0.0,Belghoria Expressway,753.18,SELENG HAT,6.56,Khongsang,237.55,Kolkata Port (Syama Prasad Mookerjee Port) incl. Haldia Dock Complex,765.78,ICD Amingaon,280.82,Darranga ICP,232.24,Lokpriya Gopinath Bordoloi International Airport (GAU),291.97,MMLP Silchar,273.3,Neamati Terminal,28.49,FCI Depot Jorhat,26.36,GOLAGHAT Toll Plaza,55.16
Jamuguri,SIBSAGAR,311.0,1937610133,village,2,0.36,Belghoria Expressway,758.77,AMGURI,6.74,Khongsang,242.53,Kolkata Port (Syama Prasad Mookerjee Port) incl. Haldia Dock Complex,771.37,ICD Amingaon,285.91,Darranga ICP,237.02,Lokpriya Gopinath Bordoloi International Airport (GAU),297.11,MMLP Silchar,278.73,Neamati Terminal,33.43,FCI Depot Jorhat,31.73,GOLAGHAT Toll Plaza,60.43
Phulpanisiga,SIBSAGAR,311.0,1937617872,village,2,0.05,Belghoria Expressway,763.06,AMGURI,10.68,Khongsang,247.38,Kolkata Port (Syama Prasad Mookerjee Port) incl. Haldia Dock Complex,775.68,ICD Amingaon,289.11,Darranga ICP,239.78,Lokpriya Gopinath Bordoloi International Airport (GAU),300.36,MMLP Silchar,283.49,Neamati Terminal,36.71,FCI Depot Jorhat,35.61,GOLAGHAT Toll Plaza,64.03
Lahdoigarh,JORHAT,312.0,1939486219,village,715,0.01,Belghoria Expressway,740.31,MELENG,1.95,Khongsang,228.56,Kolkata Port (Syama Prasad Mookerjee Port) incl. Haldia Dock Complex,752.93,ICD Amingaon,267.44,Darranga ICP,219.12,Lokpriya Gopinath Bordoloi International Airport (GAU),278.58,MMLP Silchar,262.15,Neamati Terminal,15.52,FCI Depot Jorhat,12.94,GOLAGHAT Toll Plaza,41.73
Jātinga,DIMA HASAO,315.0,2081915203,village,627,0.01,Belghoria Expressway,534.07,Jatinga,1.37,Bihara,37.65,Kolkata Port (Syama Prasad Mookerjee Port) incl. Haldia Dock Complex,546.07,ICD Amingaon,174.53,Sutarkandi ICP,73.68,Lokpriya Gopinath Bordoloi International Airport (GAU),176.81,MMLP Silchar,40.3,Lakhipur Terminal,37.83,FCI Depot Silchar,40.3,CACHAR Toll Plaza,33.06
Mupa,DIMA HASAO,315.0,2081915944,village,27,0.73,Belghoria Expressway,555.75,MUPA,0.69,Bihara,61.74,Kolkata Port (Syama Prasad Mookerjee Port) incl. Haldia Dock Complex,567.93,ICD Amingaon,166.53,Sutarkandi ICP,98.55,Lokpriya Gopinath Bordoloi International Airport (GAU),170.7,MMLP Silchar,67.76,Lakhipur Terminal,65.3,FCI Depot Silchar,67.76,DIMA HASAO Toll Plaza,39.39
Hajaichak,DIMA HASAO,315.0,2081966210,village,137G,3.08,Belghoria Expressway,566.4,WADRENGDISA,16.44,Khongsang,44.8,Kolkata Port (Syama Prasad Mookerjee Port) incl. Haldia Dock Complex,578.34,ICD Amingaon,193.47,Sutarkandi ICP,105.35,Lokpriya Gopinath Bordoloi International Airport (GAU),197.44,MMLP Silchar,69.83,Lakhipur Terminal,58.51,FCI Depot Silchar,69.83,DIMA HASAO Toll Plaza,58.97
Laisong Bāgān,DIMA HASAO,315.0,2081966224,village,137G,4.82,Belghoria Expressway,568.36,WADRENGDISA,17.72,Khongsang,45.45,Kolkata Port (Syama Prasad Mookerjee Port) incl. Haldia Dock Complex,580.3,ICD Amingaon,194.15,Sutarkandi ICP,107.32,Lokpriya Gopinath Bordoloi International Airport (GAU),198.23,MMLP Silchar,71.81,Lakhipur Terminal,60.4,FCI Depot Silchar,71.81,DIMA HASAO Toll Plaza,58.39
Unnamed Village,CACHAR,316.0,2084597264,village,37,22.2,Belghoria Expressway,514.04,JIRIBAM,23.64,Khongsang,47.9,Kolkata Port (Syama Prasad Mookerjee Port) incl. Haldia Dock Complex,525.38,ICD Amingaon,222.58,Sutarkandi ICP,67.43,Lokpriya Gopinath Bordoloi International Airport (GAU),222.56,MMLP Silchar,41.31,Lakhipur Terminal,23.6,FCI Depot Silchar,41.31,CACHAR Toll Plaza,51.67
Likabali,DHEMAJI,308.0,2164274095,village,515,7.9,Belghoria Expressway,826.66,DIBRUGARH TOWN,27.92,Baihata,326.67,Kolkata Port (Syama Prasad Mookerjee Port) incl. Haldia Dock Complex,839.52,ICD Amingaon,335.39,Darranga ICP,280.26,Lokpriya Gopinath Bordoloi International Airport (GAU),347.45,MMLP Silchar,360.24,Dibrugarh Terminal,29.02,FCI Depot Dibrugarh,29.02,LAKHIMPUR Toll Plaza,104.21
Tamarhat,DHUBRI,301.0,2319238562,village,127B,0.1,Belghoria Expressway,421.7,Bidyadabri,8.64,Jogighopa,71.55,Kolkata Port (Syama Prasad Mookerjee Port) incl. Haldia Dock Complex,434.59,ICD Siliguri,147.08,Golakganj ICP,21.95,Lokpriya Gopinath Bordoloi International Airport (GAU),171.53,MMLP Jogighopa,71.45,Hatsingimari Ro-Ro Terminal,31.57,FCI Depot Siliguri,149.62,DHUBRI Toll Plaza,17.93
Barpathar,GOLAGHAT,313.0,2329495882,village,129,4.5,Belghoria Expressway,673.7,BARPATHAR,0.32,Khongsang,161.79,Kolkata Port (Syama Prasad Mookerjee Port) incl. Haldia Dock Complex,686.2,ICD Amingaon,218.13,Darranga ICP,178.93,Lokpriya Gopinath Bordoloi International Airport (GAU),228.01,MMLP Silchar,191.98,Sengajan (Panbari) Terminal,41.81,FCI Depot Dimapur,43.74,GOLAGHAT Toll Plaza,23.86
Bokajan,KARBI ANGLONG,314.0,2329495972,village,129,0.71,Belghoria Expressway,647.63,BOKAJAN,1.02,Khongsang,132.03,Kolkata Port (Syama Prasad Mookerjee Port) incl. Haldia Dock Complex,660.02,ICD Amingaon,205.91,Darranga ICP,173.46,Lokpriya Gopinath Bordoloi International Airport (GAU),214.77,MMLP Silchar,162.18,Sengajan (Panbari) Terminal,65.13,FCI Depot Dimapur,13.43,GOLAGHAT Toll Plaza,53.38
Barapujia,MARIGAON,304.0,2329587324,village,27,4.93,Belghoria Expressway,566.28,Raha,5.77,Baihata,80.21,Kolkata Port (Syama Prasad Mookerjee Port) incl. Haldia Dock Complex,579.27,ICD Amingaon,80.98,Darranga ICP,49.27,Lokpriya Gopinath Bordoloi International Airport (GAU),91.5,MMLP Silchar,158.99,Tezpur Terminal,48.9,FCI Depot Guwahati,76.15,NAGAON Toll Plaza,5.17
Kahibari,MARIGAON,304.0,2329587325,village,27,7.88,Belghoria Expressway,563.97,Raha,9.25,Baihata,75.8,Kolkata Port (Syama Prasad Mookerjee Port) incl. Haldia Dock Complex,576.97,ICD Amingaon,76.86,Darranga ICP,45.14,Lokpriya Gopinath Bordoloi International Airport (GAU),87.53,MMLP Silchar,160.97,Tezpur Terminal,50.71,FCI Depot Guwahati,72.15,NAGAON Toll Plaza,9.48
Tamulibari,MARIGAON,304.0,2329587327,village,715A,15.1,Belghoria Expressway,567.33,Mairabari,10.91,Baihata,73.3,Kolkata Port (Syama Prasad Mookerjee Port) incl. Haldia Dock Complex,580.37,ICD Amingaon,76.07,Darranga ICP,39.08,Lokpriya Gopinath Bordoloi International Airport (GAU),87.26,MMLP Silchar,168.43,Tezpur Terminal,47.27,FCI Depot Guwahati,71.87,NAGAON Toll Plaza,15.65
Bhawanipur,BAJALI,771.0,2365222325,village,27,0.07,Belghoria Expressway,491.24,SORUPETA,4.2,Jogighopa,53.58,Kolkata Port (Syama Prasad Mookerjee Port) incl. Haldia Dock Complex,504.49,ICD Amingaon,67.59,Darranga ICP,101.67,Lokpriya Gopinath Bordoloi International Airport (GAU),63.98,MMLP Jogighopa,54.03,Jogighopa Terminal,54.03,FCI Depot Guwahati,74.26,BONGAIGAON Toll Plaza,34.61
Sarupeta,BAJALI,771.0,2365222326,village,27,2.92,Belghoria Expressway,495.19,SORUPETA,0.2,Jogighopa,56.49,Kolkata Port (Syama Prasad Mookerjee Port) incl. Haldia Dock Complex,508.45,ICD Amingaon,68.42,Darranga ICP,100.17,Lokpriya Gopinath Bordoloi International Airport (GAU),65.52,MMLP Jogighopa,56.96,Jogighopa Terminal,56.96,FCI Depot Guwahati,75.14,BONGAIGAON Toll Plaza,35.85
Khairabari,UDALGURI,326.0,2385333812,village,127D,22.11,Belghoria Expressway,546.92,KHOIRABARI,3.46,Baihata,31.07,Kolkata Port (Syama Prasad Mookerjee Port) incl. Haldia Dock Complex,560.14,ICD Amingaon,47.98,Darranga ICP,28.52,Lokpriya Gopinath Bordoloi International Airport (GAU),58.65,MMLP Jogighopa,127.85,Pandu Terminal (Guwahati),50.07,FCI Depot Guwahati,50.58,KAMRUP RURAL Toll Plaza,33.52
Mazbat,UDALGURI,326.0,2385333813,village,15,10.18,Belghoria Expressway,592.48,MAJBAT,0.77,Baihata,76.73,Kolkata Port (Syama Prasad Mookerjee Port) incl. Haldia Dock Complex,605.66,ICD Amingaon,89.39,Darranga ICP,32.19,Lokpriya Gopinath Bordoloi International Airport (GAU),101.6,MMLP Jogighopa,178.45,Tezpur Terminal,52.6,FCI Depot Guwahati,88.84,NAGAON Toll Plaza,61.53
Bechimari,DARANG,325.0,2385334057,village,15;715A,0.03,Belghoria Expressway,571.71,ROWTA BAGAN,12.56,Baihata,57.2,Kolkata Port (Syama Prasad Mookerjee Port) incl. Haldia Dock Complex,584.87,ICD Amingaon,68.75,Darranga ICP,11.23,Lokpriya Gopinath Bordoloi International Airport (GAU),81.02,MMLP Jogighopa,162.55,Tezpur Terminal,60.86,FCI Depot Guwahati,67.9,NAGAON Toll Plaza,54.61
Boko,KAMRUP RURAL,321.0,2398002936,village,17,0.26,Belghoria Expressway,457.58,BOKO,2.77,Baihata,60.1,Kolkata Port (Syama Prasad Mookerjee Port) incl. Haldia Dock Complex,470.8,ICD Amingaon,49.67,Darranga ICP,105.91,Lokpriya Gopinath Bordoloi International Airport (GAU),37.87,MMLP Jogighopa,70.04,Pandu Terminal (Guwahati),48.74,FCI Depot Guwahati,53.21,KAMRUP RURAL Toll Plaza,60.12
Daboka,HOJAI,720.0,2468833075,village,27,0.57,Belghoria Expressway,581.76,JUGIJAN,10.37,Baihata,118.54,Kolkata Port (Syama Prasad Mookerjee Port) incl. Haldia Dock Complex,594.55,ICD Amingaon,116.58,Darranga ICP,88.82,Lokpriya Gopinath Bordoloi International Airport (GAU),125.7,MMLP Silchar,139.31,Silghat Terminal,55.0,FCI Depot Dimapur,87.57,HOJAI Toll Plaza,3.29
Manja,KARBI ANGLONG,314.0,2469894280,village,329,0.06,Belghoria Expressway,617.2,DIPHU,14.38,Khongsang,123.29,Kolkata Port (Syama Prasad Mookerjee Port) incl. Haldia Dock Complex,629.69,ICD Amingaon,174.03,Darranga ICP,145.49,Lokpriya Gopinath Bordoloi International Airport (GAU),182.49,MMLP Silchar,139.51,Sengajan (Panbari) Terminal,75.6,FCI Depot Dimapur,29.34,DIMA HASAO Toll Plaza,38.79
Dengaon,KARBI ANGLONG,314.0,2469900614,village,29,0.21,Belghoria Expressway,597.75,Puranigudam,24.05,Baihata,127.33,Kolkata Port (Syama Prasad Mookerjee Port) incl. Haldia Dock Complex,610.56,ICD Amingaon,127.25,Darranga ICP,92.92,Lokpriya Gopinath Bordoloi International Airport (GAU),137.1,MMLP Silchar,152.27,Silghat Terminal,43.2,FCI Depot Dimapur,81.37,HOJAI Toll Plaza,16.81
Srirampur,KOKRAJHAR,300.0,2550872823,village,27,0.08,Belghoria Expressway,437.44,SRIRAMPUR ASSAM,1.35,Jogighopa,69.68,Kolkata Port (Syama Prasad Mookerjee Port) incl. Haldia Dock Complex,450.33,ICD Siliguri,147.88,Golakganj ICP,37.46,Lokpriya Gopinath Bordoloi International Airport (GAU),169.12,MMLP Jogighopa,69.73,Hatsingimari Ro-Ro Terminal,45.62,FCI Depot Siliguri,150.4,KOKRAJHAR Toll Plaza,4.25
Wati Yim,JORHAT,312.0,2682824097,village,702D,0.02,Belghoria Expressway,727.81,MARIANI JN,14.07,Khongsang,204.43,Kolkata Port (Syama Prasad Mookerjee Port) incl. Haldia Dock Complex,740.29,ICD Amingaon,266.69,Darranga ICP,222.39,Lokpriya Gopinath Bordoloi International Airport (GAU),277.22,MMLP Silchar,242.8,Neamati Terminal,35.01,FCI Depot Jorhat,28.57,GOLAGHAT Toll Plaza,44.5
Chungtia Yimsen,JORHAT,312.0,2682824938,village,702D,0.02,Belghoria Expressway,727.78,MARIANI JN,14.05,Khongsang,204.41,Kolkata Port (Syama Prasad Mookerjee Port) incl. Haldia Dock Complex,740.26,ICD Amingaon,266.65,Darranga ICP,222.35,Lokpriya Gopinath Bordoloi International Airport (GAU),277.17,MMLP Silchar,242.78,Neamati Terminal,34.99,FCI Depot Jorhat,28.54,GOLAGHAT Toll Plaza,44.46
Sapekhati,CHARAIDEO,704.0,2885001473,village,215,0.13,Belghoria Expressway,826.31,SAPEKHATI,0.16,Khongsang,296.81,Kolkata Port (Syama Prasad Mookerjee Port) incl. Haldia Dock Complex,838.83,ICD Amingaon,354.77,Darranga ICP,304.71,Lokpriya Gopinath Bordoloi International Airport (GAU),366.08,MMLP Silchar,340.55,Bogibeel Terminal,37.76,FCI Depot Dibrugarh,46.17,LAKHIMPUR Toll Plaza,128.52
Amlakhi,KARBI ANGLONG,314.0,2885039362,village,29,0.18,Belghoria Expressway,621.2,DIPHU,14.76,Khongsang,122.66,Kolkata Port (Syama Prasad Mookerjee Port) incl. Haldia Dock Complex,633.66,ICD Amingaon,179.27,Darranga ICP,150.42,Lokpriya Gopinath Bordoloi International Airport (GAU),187.73,MMLP Silchar,141.57,Sengajan (Panbari) Terminal,74.43,FCI Depot Dimapur,24.16,DIMA HASAO Toll Plaza,42.57
Nikashi,BAKSA,324.0,2885039363,village,127E,5.8,Belghoria Expressway,532.24,TIHU,29.92,Baihata,51.42,Kolkata Port (Syama Prasad Mookerjee Port) incl. Haldia Dock Complex,545.5,ICD Amingaon,66.51,Darranga ICP,73.17,Lokpriya Gopinath Bordoloi International Airport (GAU),70.59,MMLP Jogighopa,95.12,Pandu Terminal (Guwahati),68.47,FCI Depot Guwahati,72.49,KAMRUP RURAL Toll Plaza,56.31
Kalitakuchi,KAMRUP RURAL,321.0,2885039364,village,427,0.1,Belghoria Expressway,500.45,KENDUKANA,16.27,Baihata,18.39,Kolkata Port (Syama Prasad Mookerjee Port) incl. Haldia Dock Complex,513.67,ICD Amingaon,19.28,Darranga ICP,64.81,Lokpriya Gopinath Bordoloi International Airport (GAU),19.57,MMLP Jogighopa,92.11,Pandu Terminal (Guwahati),20.51,FCI Depot Guwahati,26.0,KAMRUP RURAL Toll Plaza,20.24
Patacharkuchi,NALBARI,323.0,2885039365,village,27,0.29,Belghoria Expressway,506.58,TIHU,4.76,Baihata,45.51,Kolkata Port (Syama Prasad Mookerjee Port) incl. Haldia Dock Complex,519.84,ICD Amingaon,54.92,Darranga ICP,82.26,Lokpriya Gopinath Bordoloi International Airport (GAU),54.66,MMLP Jogighopa,73.66,Pandu Terminal (Guwahati),56.39,FCI Depot Guwahati,61.61,KAMRUP RURAL Toll Plaza,49.95
Badlichar,DARANG,325.0,2885091536,village,15;715A,6.04,Belghoria Expressway,570.84,Mairabari,18.85,Baihata,60.61,Kolkata Port (Syama Prasad Mookerjee Port) incl. Haldia Dock Complex,583.97,ICD Amingaon,69.5,Darranga ICP,15.74,Lokpriya Gopinath Bordoloi International Airport (GAU),81.75,MMLP Jogighopa,168.56,Tezpur Terminal,53.54,FCI Depot Guwahati,67.51,NAGAON Toll Plaza,42.76
Bhuragaon,MARIGAON,304.0,2885091537,village,715A,0.08,Belghoria Expressway,557.82,Mairabari,18.94,Baihata,54.28,Kolkata Port (Syama Prasad Mookerjee Port) incl. Haldia Dock Complex,570.92,ICD Amingaon,59.58,Darranga ICP,20.54,Lokpriya Gopinath Bordoloi International Airport (GAU),71.46,MMLP Jogighopa,163.66,Pandu Terminal (Guwahati),60.51,FCI Depot Guwahati,56.45,NAGAON Toll Plaza,34.71
Borghuli,TINSUKIA,309.0,2885143477,village,15,7.92,Belghoria Expressway,869.82,Tinsukia Junction,11.96,Khongsang,349.59,Kolkata Port (Syama Prasad Mookerjee Port) incl. Haldia Dock Complex,882.5,ICD Amingaon,387.19,Darranga ICP,333.83,Lokpriya Gopinath Bordoloi International Airport (GAU),398.99,MMLP Silchar,390.2,Bogibeel Terminal,34.45,FCI Depot Dibrugarh,42.01,LAKHIMPUR Toll Plaza,154.45
Guijan,TINSUKIA,309.0,2885143478,village,15,5.38,Belghoria Expressway,868.61,Tinsukia Junction,9.45,Khongsang,347.63,Kolkata Port (Syama Prasad Mookerjee Port) incl. Haldia Dock Complex,881.27,ICD Amingaon,386.55,Darranga ICP,333.35,Lokpriya Gopinath Bordoloi International Airport (GAU),398.33,MMLP Silchar,388.51,Bogibeel Terminal,33.58,FCI Depot Dibrugarh,41.64,LAKHIMPUR Toll Plaza,153.91
Burisuti,DHEMAJI,308.0,2885248522,village,515,7.04,Belghoria Expressway,854.22,DIKOM,24.54,Khongsang,345.23,Kolkata Port (Syama Prasad Mookerjee Port) incl. Haldia Dock Complex,867.0,ICD Amingaon,366.25,Darranga ICP,311.74,Lokpriya Gopinath Bordoloi International Airport (GAU),378.22,MMLP Silchar,381.23,Dibrugarh Terminal,26.34,FCI Depot Dibrugarh,26.34,LAKHIMPUR Toll Plaza,133.69
Dakhinpat,MAJULI,707.0,2885248524,village,715K,6.52,Belghoria Expressway,743.95,MELENG,13.22,Khongsang,238.69,Kolkata Port (Syama Prasad Mookerjee Port) incl. Haldia Dock Complex,756.65,ICD Amingaon,266.12,Darranga ICP,216.15,Lokpriya Gopinath Bordoloi International Airport (GAU),277.5,MMLP Silchar,269.75,Neamati Terminal,16.27,FCI Depot Jorhat,18.99,GOLAGHAT Toll Plaza,43.18
Nimati,JORHAT,312.0,2885248526,village,715K,0.47,Belghoria Expressway,738.31,MELENG,8.1,Khongsang,231.8,Kolkata Port (Syama Prasad Mookerjee Port) incl. Haldia Dock Complex,750.98,ICD Amingaon,262.25,Darranga ICP,213.01,Lokpriya Gopinath Bordoloi International Airport (GAU),273.53,MMLP Silchar,263.12,Neamati Terminal,10.3,FCI Depot Jorhat,12.13,GOLAGHAT Toll Plaza,37.82
Deodia,MAJULI,707.0,2885275504,village,715K,12.58,Belghoria Expressway,738.5,MELENG,22.21,Khongsang,240.0,Kolkata Port (Syama Prasad Mookerjee Port) incl. Haldia Dock Complex,751.24,ICD Amingaon,257.51,Darranga ICP,206.69,Lokpriya Gopinath Bordoloi International Airport (GAU),269.02,MMLP Silchar,268.15,Neamati Terminal,17.04,FCI Depot Jorhat,22.65,LAKHIMPUR Toll Plaza,34.84
Kaibatra,MAJULI,707.0,2885275505,village,715K,15.49,Belghoria Expressway,739.07,MELENG,25.1,Khongsang,242.14,Kolkata Port (Syama Prasad Mookerjee Port) incl. Haldia Dock Complex,751.82,ICD Amingaon,257.1,Darranga ICP,205.94,Lokpriya Gopinath Bordoloi International Airport (GAU),268.65,MMLP Silchar,269.72,Neamati Terminal,19.68,FCI Depot Jorhat,25.45,LAKHIMPUR Toll Plaza,32.63
Kamalabari,MAJULI,707.0,2885275507,village,715K,11.82,Belghoria Expressway,737.68,MELENG,21.47,Khongsang,238.9,Kolkata Port (Syama Prasad Mookerjee Port) incl. Haldia Dock Complex,750.42,ICD Amingaon,256.99,Darranga ICP,206.28,Lokpriya Gopinath Bordoloi International Airport (GAU),268.48,MMLP Silchar,267.12,Neamati Terminal,15.94,FCI Depot Jorhat,21.6,LAKHIMPUR Toll Plaza,35.12
Birinabari,MAJULI,707.0,2885288331,village,715K,19.1,Belghoria Expressway,727.98,Jorhat Town,24.44,Khongsang,233.85,Kolkata Port (Syama Prasad Mookerjee Port) incl. Haldia Dock Complex,740.75,ICD Amingaon,246.31,Darranga ICP,195.56,Lokpriya Gopinath Bordoloi International Airport (GAU),257.82,MMLP Silchar,259.8,Neamati Terminal,17.17,FCI Depot Jorhat,23.61,LAKHIMPUR Toll Plaza,27.5
Kakarikata,MAJULI,707.0,2885288332,village,715K,14.03,Belghoria Expressway,733.34,Jorhat Town,21.9,Khongsang,236.26,Kolkata Port (Syama Prasad Mookerjee Port) incl. Haldia Dock Complex,746.08,ICD Amingaon,252.39,Darranga ICP,201.73,Lokpriya Gopinath Bordoloi International Airport (GAU),263.89,MMLP Silchar,263.61,Neamati Terminal,15.1,FCI Depot Jorhat,21.35,LAKHIMPUR Toll Plaza,32.0
Gogamukh,DHEMAJI,308.0,2913304438,village,15,0.06,Belghoria Expressway,782.61,DHAMALGAON,53.85,Baihata,282.81,Kolkata Port (Syama Prasad Mookerjee Port) incl. Haldia Dock Complex,795.49,ICD Amingaon,291.25,Darranga ICP,236.46,Lokpriya Gopinath Bordoloi International Airport (GAU),303.27,MMLP Silchar,320.53,Dibrugarh Terminal,58.02,FCI Depot Dibrugarh,58.02,LAKHIMPUR Toll Plaza,59.99
Badarpur,SRIBHUMI,317.0,3158957159,village,37,0.11,Belghoria Expressway,480.26,BADARPUR JN,0.68,Bihara,16.32,Kolkata Port (Syama Prasad Mookerjee Port) incl. Haldia Dock Complex,492.24,ICD Amingaon,166.53,Sutarkandi ICP,20.78,Lokpriya Gopinath Bordoloi International Airport (GAU),165.0,MMLP Silchar,22.23,Badarpur Terminal,7.48,FCI Depot Silchar,22.23,SRIBHUMI Toll Plaza,15.54
Pailapool,CACHAR,316.0,3158968781,village,37,0.22,Belghoria Expressway,519.08,JIRIGHAT,6.42,Bihara,36.37,Kolkata Port (Syama Prasad Mookerjee Port) incl. Haldia Dock Complex,530.76,ICD Amingaon,197.9,Sutarkandi ICP,60.21,Lokpriya Gopinath Bordoloi International Airport (GAU),198.63,MMLP Silchar,24.43,Lakhipur Terminal,5.52,FCI Depot Silchar,24.43,CACHAR Toll Plaza,29.59
Moragang,HAILAKANDI,318.0,3160230156,village,6,7.07,Belghoria Expressway,474.85,Lalabazar,7.92,Bihara,36.42,Kolkata Port (Syama Prasad Mookerjee Port) incl. Haldia Dock Complex,486.5,ICD Amingaon,192.86,Sutarkandi ICP,22.48,Lokpriya Gopinath Bordoloi International Airport (GAU),190.82,MMLP Silchar,26.2,Silchar Terminal,26.2,FCI Depot Silchar,26.2,SRIBHUMI Toll Plaza,32.44
Masimpur,CACHAR,316.0,3160367468,village,306,2.58,Belghoria Expressway,495.4,SILCHAR,7.89,Bihara,24.66,Kolkata Port (Syama Prasad Mookerjee Port) incl. Haldia Dock Complex,507.12,ICD Amingaon,189.75,Sutarkandi ICP,36.63,Lokpriya Gopinath Bordoloi International Airport (GAU),189.06,MMLP Silchar,8.34,Silchar Terminal,8.34,FCI Depot Silchar,8.34,CACHAR Toll Plaza,20.84
Bura Mayang,MARIGAON,304.0,3309060539,village,27,15.65,Belghoria Expressway,532.59,PANBARI,8.16,Baihata,34.13,Kolkata Port (Syama Prasad Mookerjee Port) incl. Haldia Dock Complex,545.71,ICD Amingaon,34.83,Darranga ICP,31.74,Lokpriya Gopinath Bordoloi International Airport (GAU),46.27,MMLP Jogighopa,141.92,Pandu Terminal (Guwahati),35.48,FCI Depot Guwahati,31.01,KAMRUP METRO Toll Plaza,17.82
Diprang,MARIGAON,304.0,3309060540,village,27,8.57,Belghoria Expressway,530.17,KAMRUP KHETRI,7.98,Baihata,40.48,Kolkata Port (Syama Prasad Mookerjee Port) incl. Haldia Dock Complex,543.26,ICD Amingaon,37.8,Darranga ICP,38.32,Lokpriya Gopinath Bordoloi International Airport (GAU),48.14,MMLP Jogighopa,146.18,Pandu Terminal (Guwahati),37.99,FCI Depot Guwahati,32.78,KAMRUP METRO Toll Plaza,15.05
Hilloikhunda,MARIGAON,304.0,3309060541,village,15,15.08,Belghoria Expressway,533.05,PANBARI,8.4,Baihata,33.3,Kolkata Port (Syama Prasad Mookerjee Port) incl. Haldia Dock Complex,546.17,ICD Amingaon,34.62,Darranga ICP,30.76,Lokpriya Gopinath Bordoloi International Airport (GAU),46.19,MMLP Jogighopa,141.38,Pandu Terminal (Guwahati),35.34,FCI Depot Guwahati,31.02,KAMRUP METRO Toll Plaza,18.62
মায়ং,MARIGAON,304.0,3309060542,village,27,14.77,Belghoria Expressway,533.3,PANBARI,9.49,Baihata,36.17,Kolkata Port (Syama Prasad Mookerjee Port) incl. Haldia Dock Complex,546.41,ICD Amingaon,36.46,Darranga ICP,32.14,Lokpriya Gopinath Bordoloi International Airport (GAU),47.74,MMLP Jogighopa,143.81,Pandu Terminal (Guwahati),37.04,FCI Depot Guwahati,32.42,KAMRUP METRO Toll Plaza,18.1
Sanaka,MARIGAON,304.0,3309060543,village,15,15.73,Belghoria Expressway,531.01,PANBARI,6.32,Baihata,31.74,Kolkata Port (Syama Prasad Mookerjee Port) incl. Haldia Dock Complex,544.13,ICD Amingaon,32.52,Darranga ICP,32.3,Lokpriya Gopinath Bordoloi International Airport (GAU),44.06,MMLP Jogighopa,139.49,Pandu Terminal (Guwahati),33.23,FCI Depot Guwahati,28.88,KAMRUP METRO Toll Plaza,16.94
Sildubi,MARIGAON,304.0,3309060544,village,27,13.42,Belghoria Expressway,534.33,DIGARU,12.22,Baihata,39.94,Kolkata Port (Syama Prasad Mookerjee Port) incl. Haldia Dock Complex,547.43,ICD Amingaon,39.43,Darranga ICP,33.53,Lokpriya Gopinath Bordoloi International Airport (GAU),50.39,MMLP Jogighopa,147.2,Pandu Terminal (Guwahati),39.86,FCI Depot Guwahati,34.99,KAMRUP METRO Toll Plaza,18.9
Bhaktagaon,MARIGAON,304.0,3309067377,village,715A,12.01,Belghoria Expressway,535.61,KAMRUP KHETRI,11.5,Baihata,43.41,Kolkata Port (Syama Prasad Mookerjee Port) incl. Haldia Dock Complex,548.7,ICD Amingaon,42.42,Darranga ICP,34.8,Lokpriya Gopinath Bordoloi International Airport (GAU),53.13,MMLP Jogighopa,150.44,Pandu Terminal (Guwahati),42.76,FCI Depot Guwahati,37.73,KAMRUP METRO Toll Plaza,20.53
Bordia,MARIGAON,304.0,3309067378,village,27,14.33,Belghoria Expressway,534.73,PANBARI,12.0,Baihata,39.12,Kolkata Port (Syama Prasad Mookerjee Port) incl. Haldia Dock Complex,547.83,ICD Amingaon,39.09,Darranga ICP,32.5,Lokpriya Gopinath Bordoloi International Airport (GAU),50.19,MMLP Jogighopa,146.65,Pandu Terminal (Guwahati),39.58,FCI Depot Guwahati,34.81,KAMRUP METRO Toll Plaza,19.28
Gobhali,KAMRUP METRO,322.0,3309067379,village,27,12.36,Belghoria Expressway,529.16,PANBARI,5.5,Baihata,33.66,Kolkata Port (Syama Prasad Mookerjee Port) incl. Haldia Dock Complex,542.27,ICD Amingaon,32.6,Darranga ICP,35.3,Lokpriya Gopinath Bordoloi International Airport (GAU),43.7,MMLP Jogighopa,140.38,Pandu Terminal (Guwahati),33.08,FCI Depot Guwahati,28.33,KAMRUP METRO Toll Plaza,14.21
Kajoli,KAMRUP METRO,322.0,3309067380,village,27,14.0,Belghoria Expressway,528.03,PANBARI,3.35,Baihata,29.94,Kolkata Port (Syama Prasad Mookerjee Port) incl. Haldia Dock Complex,541.16,ICD Amingaon,29.68,Darranga ICP,34.81,Lokpriya Gopinath Bordoloi International Airport (GAU),41.12,MMLP Jogighopa,137.02,Pandu Terminal (Guwahati),30.32,FCI Depot Guwahati,25.89,KAMRUP METRO Toll Plaza,14.52
Kamarpur,KAMRUP METRO,322.0,3309067381,village,27,10.8,Belghoria Expressway,529.77,DIGARU,7.53,Baihata,36.54,Kolkata Port (Syama Prasad Mookerjee Port) incl. Haldia Dock Complex,542.88,ICD Amingaon,34.83,Darranga ICP,36.24,Lokpriya Gopinath Bordoloi International Airport (GAU),45.63,MMLP Jogighopa,142.9,Pandu Terminal (Guwahati),35.19,FCI Depot Guwahati,30.23,KAMRUP METRO Toll Plaza,14.35
Niz Lakuk,LAKHIMPUR,307.0,3337652501,village,15,0.24,Belghoria Expressway,731.98,Jorhat Town,48.95,Baihata,235.16,Kolkata Port (Syama Prasad Mookerjee Port) incl. Haldia Dock Complex,744.85,ICD Amingaon,242.64,Darranga ICP,189.19,Lokpriya Gopinath Bordoloi International Airport (GAU),254.52,MMLP Silchar,273.21,Neamati Terminal,41.75,FCI Depot Itanagar,32.0,LAKHIMPUR Toll Plaza,9.75
Tikrikila,GOALPARA,302.0,3440747756,village,217,20.12,Belghoria Expressway,412.54,PANCHARATNA,26.29,Jogighopa,34.03,Kolkata Port (Syama Prasad Mookerjee Port) incl. Haldia Dock Complex,425.73,ICD Amingaon,131.97,Golakganj ICP,52.06,Lokpriya Gopinath Bordoloi International Airport (GAU),121.81,MMLP Jogighopa,33.42,Jogighopa Terminal,33.42,FCI Depot Guwahati,136.97,DHUBRI Toll Plaza,52.69
Boikunthapur,DHEMAJI,308.0,3546651598,village,515,0.03,Belghoria Expressway,859.64,DIKOM,31.24,Khongsang,352.06,Kolkata Port (Syama Prasad Mookerjee Port) incl. Haldia Dock Complex,872.44,ICD Amingaon,370.58,Darranga ICP,315.77,Lokpriya Gopinath Bordoloi International Airport (GAU),382.59,MMLP Silchar,387.66,Dibrugarh Terminal,33.17,FCI Depot Dibrugarh,33.17,LAKHIMPUR Toll Plaza,138.39
Laimekuri,DHEMAJI,308.0,3546733170,village,515,0.01,Belghoria Expressway,861.21,CHABUA,30.13,Khongsang,352.68,Kolkata Port (Syama Prasad Mookerjee Port) incl. Haldia Dock Complex,874.01,ICD Amingaon,372.52,Darranga ICP,317.79,Lokpriya Gopinath Bordoloi International Airport (GAU),384.52,MMLP Silchar,388.66,Dibrugarh Terminal,33.8,FCI Depot Dibrugarh,33.8,LAKHIMPUR Toll Plaza,140.21
Sikari,DHEMAJI,308.0,3546735198,village,515,0.16,Belghoria Expressway,862.76,CHABUA,30.08,Khongsang,353.79,Kolkata Port (Syama Prasad Mookerjee Port) incl. Haldia Dock Complex,875.55,ICD Amingaon,374.18,Darranga ICP,319.47,Lokpriya Gopinath Bordoloi International Airport (GAU),386.18,MMLP Silchar,389.97,Dibrugarh Terminal,34.97,FCI Depot Dibrugarh,34.97,LAKHIMPUR Toll Plaza,141.84
Gali,DHEMAJI,308.0,3546755824,village,515,0.02,Belghoria Expressway,865.13,CHABUA,30.15,Khongsang,355.48,Kolkata Port (Syama Prasad Mookerjee Port) incl. Haldia Dock Complex,877.92,ICD Amingaon,376.73,Darranga ICP,322.04,Lokpriya Gopinath Bordoloi International Airport (GAU),388.72,MMLP Silchar,391.96,Bogibeel Terminal,36.46,FCI Depot Dibrugarh,36.84,LAKHIMPUR Toll Plaza,144.35
Junkareng,DHEMAJI,308.0,3546761360,village,515,0.0,Belghoria Expressway,870.33,PANITOLA,32.02,Khongsang,360.05,Kolkata Port (Syama Prasad Mookerjee Port) incl. Haldia Dock Complex,883.11,ICD Amingaon,381.91,Darranga ICP,327.18,Lokpriya Gopinath Bordoloi International Airport (GAU),393.9,MMLP Silchar,396.87,Bogibeel Terminal,40.6,FCI Depot Dibrugarh,41.71,LAKHIMPUR Toll Plaza,149.55
Kuli Tiniali,DHEMAJI,308.0,3546804846,village,515,0.01,Belghoria Expressway,874.91,PANITOLA,33.2,Khongsang,363.8,Kolkata Port (Syama Prasad Mookerjee Port) incl. Haldia Dock Complex,887.69,ICD Amingaon,386.61,Darranga ICP,331.88,Lokpriya Gopinath Bordoloi International Airport (GAU),398.61,MMLP Silchar,401.02,Oriumghat (Sadiya) Terminal,43.62,FCI Depot Dibrugarh,45.9,LAKHIMPUR Toll Plaza,154.24
Rest-Camp,DHEMAJI,308.0,3547241346,village,515,0.12,Belghoria Expressway,859.61,DIKOM,31.6,Khongsang,352.23,Kolkata Port (Syama Prasad Mookerjee Port) incl. Haldia Dock Complex,872.41,ICD Amingaon,370.46,Darranga ICP,315.63,Lokpriya Gopinath Bordoloi International Airport (GAU),382.47,MMLP Silchar,387.76,Dibrugarh Terminal,33.35,FCI Depot Dibrugarh,33.35,LAKHIMPUR Toll Plaza,138.31
Rakut-Koke:,DHEMAJI,308.0,3547243302,village,515,0.06,Belghoria Expressway,860.38,CHABUA,30.71,Khongsang,352.31,Kolkata Port (Syama Prasad Mookerjee Port) incl. Haldia Dock Complex,873.18,ICD Amingaon,371.51,Darranga ICP,316.75,Lokpriya Gopinath Bordoloi International Airport (GAU),383.52,MMLP Silchar,388.11,Dibrugarh Terminal,33.41,FCI Depot Dibrugarh,33.41,LAKHIMPUR Toll Plaza,139.26
Tako-Gítung,DHEMAJI,308.0,3547246363,village,515,0.13,Belghoria Expressway,861.44,CHABUA,30.13,Khongsang,352.85,Kolkata Port (Syama Prasad Mookerjee Port) incl. Haldia Dock Complex,874.24,ICD Amingaon,372.77,Darranga ICP,318.04,Lokpriya Gopinath Bordoloi International Airport (GAU),384.76,MMLP Silchar,388.86,Dibrugarh Terminal,33.97,FCI Depot Dibrugarh,33.97,LAKHIMPUR Toll Plaza,140.45
Telam Bédum,DHEMAJI,308.0,3547340610,village,515,0.01,Belghoria Expressway,856.78,DIBRUGARH TOWN,32.53,Khongsang,351.22,Kolkata Port (Syama Prasad Mookerjee Port) incl. Haldia Dock Complex,869.6,ICD Amingaon,366.95,Darranga ICP,311.97,Lokpriya Gopinath Bordoloi International Airport (GAU),378.98,MMLP Silchar,386.02,Dibrugarh Terminal,32.8,FCI Depot Dibrugarh,32.8,LAKHIMPUR Toll Plaza,135.07
Dolabari,SONITPUR,306.0,3555194768,village,715,0.04,Belghoria Expressway,617.48,Tezpore,5.0,Baihata,116.29,Kolkata Port (Syama Prasad Mookerjee Port) incl. Haldia Dock Complex,630.5,ICD Amingaon,123.05,Darranga ICP,71.5,Lokpriya Gopinath Bordoloi International Airport (GAU),134.92,MMLP Silchar,197.65,Tezpur Terminal,2.96,FCI Depot Itanagar,89.72,NAGAON Toll Plaza,10.21
Porua Chariali,SONITPUR,306.0,3555194770,village,715,0.05,Belghoria Expressway,615.68,Tezpore,3.89,Baihata,113.8,Kolkata Port (Syama Prasad Mookerjee Port) incl. Haldia Dock Complex,628.7,ICD Amingaon,120.72,Darranga ICP,68.91,Lokpriya Gopinath Bordoloi International Airport (GAU),132.62,MMLP Silchar,197.76,Tezpur Terminal,2.17,FCI Depot Itanagar,91.89,NAGAON Toll Plaza,11.75
Majulipur,DHEMAJI,308.0,3555382456,village,515,0.92,Belghoria Expressway,860.89,CHABUA,31.64,Khongsang,353.11,Kolkata Port (Syama Prasad Mookerjee Port) incl. Haldia Dock Complex,873.69,ICD Amingaon,371.84,Darranga ICP,317.03,Lokpriya Gopinath Bordoloi International Airport (GAU),383.85,MMLP Silchar,388.81,Dibrugarh Terminal,34.21,FCI Depot Dibrugarh,34.21,LAKHIMPUR Toll Plaza,139.65
Bahalpur,DHUBRI,301.0,3677614762,village,17,0.12,Belghoria Expressway,447.55,JOGIGHOPA,13.28,Jogighopa,13.28,Kolkata Port (Syama Prasad Mookerjee Port) incl. Haldia Dock Complex,460.72,ICD Amingaon,119.83,Golakganj ICP,66.61,Lokpriya Gopinath Bordoloi International Airport (GAU),111.96,MMLP Jogighopa,13.56,Jogighopa Terminal,13.56,FCI Depot Guwahati,125.82,BONGAIGAON Toll Plaza,29.85
Bhutiachang,UDALGURI,326.0,3677614763,village,715A,25.08,Belghoria Expressway,568.03,HARISINGA,15.37,Baihata,54.33,Kolkata Port (Syama Prasad Mookerjee Port) incl. Haldia Dock Complex,581.27,ICD Amingaon,71.5,Darranga ICP,36.92,Lokpriya Gopinath Bordoloi International Airport (GAU),81.93,MMLP Jogighopa,141.16,Pandu Terminal (Guwahati),73.61,FCI Depot Guwahati,74.11,KAMRUP RURAL Toll Plaza,57.04
Chamrang,UDALGURI,326.0,3677614764,village,715A,27.14,Belghoria Expressway,570.28,HARISINGA,20.93,Baihata,58.34,Kolkata Port (Syama Prasad Mookerjee Port) incl. Haldia Dock Complex,583.53,ICD Amingaon,75.78,Darranga ICP,42.69,Lokpriya Gopinath Bordoloi International Airport (GAU),85.84,MMLP Jogighopa,140.94,Pandu Terminal (Guwahati),77.91,FCI Depot Guwahati,78.69,KAMRUP RURAL Toll Plaza,61.33
Dotma,KOKRAJHAR,300.0,3677614765,village,27,7.47,Belghoria Expressway,449.5,PRATAP KHATA,9.48,Jogighopa,48.79,Kolkata Port (Syama Prasad Mookerjee Port) incl. Haldia Dock Complex,462.52,ICD Amingaon,153.43,Golakganj ICP,50.82,Lokpriya Gopinath Bordoloi International Airport (GAU),146.34,MMLP Jogighopa,48.99,Jogighopa Terminal,48.99,FCI Depot Guwahati,159.65,KOKRAJHAR Toll Plaza,13.67
Bagānpāra,BAKSA,324.0,3677614766,village,127E,0.35,Belghoria Expressway,529.35,NALBARI,21.8,Baihata,40.57,Kolkata Port (Syama Prasad Mookerjee Port) incl. Haldia Dock Complex,542.6,ICD Amingaon,55.98,Darranga ICP,64.57,Lokpriya Gopinath Bordoloi International Airport (GAU),60.72,MMLP Jogighopa,96.79,Pandu Terminal (Guwahati),57.97,FCI Depot Guwahati,61.83,KAMRUP RURAL Toll Plaza,45.45
Mushalpur,BAKSA,324.0,3677614767,village,127E,5.91,Belghoria Expressway,524.28,TIHU,21.95,Baihata,48.23,Kolkata Port (Syama Prasad Mookerjee Port) incl. Haldia Dock Complex,537.54,ICD Amingaon,62.04,Darranga ICP,75.19,Lokpriya Gopinath Bordoloi International Airport (GAU),65.0,MMLP Jogighopa,88.2,Pandu Terminal (Guwahati),63.88,FCI Depot Guwahati,68.29,KAMRUP RURAL Toll Plaza,53.12
Phutkibari,DHUBRI,301.0,3677614768,village,117A,0.03,Belghoria Expressway,438.19,FAKIRAGRAM JN,4.4,Jogighopa,37.19,Kolkata Port (Syama Prasad Mookerjee Port) incl. Haldia Dock Complex,451.27,ICD Amingaon,145.03,Golakganj ICP,44.95,Lokpriya Gopinath Bordoloi International Airport (GAU),137.03,MMLP Jogighopa,37.21,Jogighopa Terminal,37.21,FCI Depot Guwahati,150.99,KOKRAJHAR Toll Plaza,25.6
Tamulpur,TAMULPUR,766.0,3677614769,village,127D,0.09,Belghoria Expressway,533.15,GORESUAR,16.86,Baihata,30.92,Kolkata Port (Syama Prasad Mookerjee Port) incl. Haldia Dock Complex,546.4,ICD Amingaon,47.94,Darranga ICP,51.65,Lokpriya Gopinath Bordoloi International Airport (GAU),54.89,MMLP Jogighopa,106.2,Pandu Terminal (Guwahati),50.06,FCI Depot Guwahati,53.07,KAMRUP RURAL Toll Plaza,35.57
Barangajuli,UDALGURI,326.0,3677627289,village,127D,24.49,Belghoria Expressway,558.29,KHOIRABARI,12.53,Baihata,44.78,Kolkata Port (Syama Prasad Mookerjee Port) incl. Haldia Dock Complex,571.53,ICD Amingaon,62.15,Darranga ICP,34.72,Lokpriya Gopinath Bordoloi International Airport (GAU),72.33,MMLP Jogighopa,133.0,Pandu Terminal (Guwahati),64.27,FCI Depot Guwahati,65.06,KAMRUP RURAL Toll Plaza,47.69
Bengbari,UDALGURI,326.0,3677627290,village,715A,16.89,Belghoria Expressway,566.51,HARISINGA,3.14,Baihata,50.02,Kolkata Port (Syama Prasad Mookerjee Port) incl. Haldia Dock Complex,579.73,ICD Amingaon,65.98,Darranga ICP,24.55,Lokpriya Gopinath Bordoloi International Airport (GAU),77.29,MMLP Jogighopa,145.53,Pandu Terminal (Guwahati),67.98,FCI Depot Guwahati,67.59,KAMRUP RURAL Toll Plaza,51.79
Paneri,UDALGURI,326.0,3677627291,village,715A,21.94,Belghoria Expressway,563.88,HARISINGA,8.64,Baihata,48.28,Kolkata Port (Syama Prasad Mookerjee Port) incl. Haldia Dock Complex,577.11,ICD Amingaon,64.91,Darranga ICP,28.77,Lokpriya Gopinath Bordoloi International Airport (GAU),75.81,MMLP Jogighopa,140.88,Pandu Terminal (Guwahati),66.97,FCI Depot Guwahati,67.05,KAMRUP RURAL Toll Plaza,50.52
Agia,GOALPARA,302.0,3677642605,village,17,0.15,Belghoria Expressway,430.59,GOALPARA TOWN,7.13,Jogighopa,16.86,Kolkata Port (Syama Prasad Mookerjee Port) incl. Haldia Dock Complex,443.82,ICD Amingaon,110.1,Golakganj ICP,71.93,Lokpriya Gopinath Bordoloi International Airport (GAU),100.37,MMLP Jogighopa,16.18,Jogighopa Terminal,16.18,FCI Depot Guwahati,115.34,BONGAIGAON Toll Plaza,44.79
Lakhipur,GOALPARA,302.0,3677642606,village,17,18.46,Belghoria Expressway,413.19,PANCHARATNA,28.38,Jogighopa,35.11,Kolkata Port (Syama Prasad Mookerjee Port) incl. Haldia Dock Complex,426.36,ICD Amingaon,136.19,Golakganj ICP,46.86,Lokpriya Gopinath Bordoloi International Airport (GAU),126.23,MMLP Jogighopa,34.56,Dhubri Terminal,31.81,FCI Depot Guwahati,141.31,DHUBRI Toll Plaza,47.33
Pancharatna,GOALPARA,302.0,3677642607,village,17,0.15,Belghoria Expressway,436.36,PANCHARATNA,0.85,Jogighopa,9.72,Kolkata Port (Syama Prasad Mookerjee Port) incl. Haldia Dock Complex,449.58,ICD Amingaon,111.08,Golakganj ICP,70.72,Lokpriya Gopinath Bordoloi International Airport (GAU),101.92,MMLP Jogighopa,9.03,Jogighopa Terminal,9.03,FCI Depot Guwahati,116.59,BONGAIGAON Toll Plaza,38.37
Solmari,GOALPARA,302.0,3677642608,village,17,0.22,Belghoria Expressway,434.46,GOALPARA TOWN,4.02,Jogighopa,13.36,Kolkata Port (Syama Prasad Mookerjee Port) incl. Haldia Dock Complex,447.69,ICD Amingaon,108.06,Golakganj ICP,73.7,Lokpriya Gopinath Bordoloi International Airport (GAU),98.59,MMLP Jogighopa,12.7,Jogighopa Terminal,12.7,FCI Depot Guwahati,113.42,BONGAIGAON Toll Plaza,40.95
Hojai,HOJAI,720.0,3964170398,village,27,6.84,Belghoria Expressway,573.23,HOJAI,0.16,Bihara,114.19,Kolkata Port (Syama Prasad Mookerjee Port) incl. Haldia Dock Complex,585.96,ICD Amingaon,116.66,Darranga ICP,94.72,Lokpriya Gopinath Bordoloi International Airport (GAU),124.92,MMLP Silchar,127.32,Silghat Terminal,67.0,FCI Depot Dimapur,86.65,HOJAI Toll Plaza,13.95
Borigaon,MARIGAON,304.0,4160645674,village,27,15.55,Belghoria Expressway,570.92,Dhing,9.08,Baihata,76.32,Kolkata Port (Syama Prasad Mookerjee Port) incl. Haldia Dock Complex,583.95,ICD Amingaon,79.48,Darranga ICP,40.54,Lokpriya Gopinath Bordoloi International Airport (GAU),90.73,MMLP Silchar,169.9,Tezpur Terminal,43.66,FCI Depot Guwahati,75.35,NAGAON Toll Plaza,15.57
Margherita,TINSUKIA,309.0,4192831028,village,315,0.1,Belghoria Expressway,878.61,Margherita,0.03,Khongsang,342.27,Kolkata Port (Syama Prasad Mookerjee Port) incl. Haldia Dock Complex,891.07,ICD Amingaon,408.17,Moreh ICP,356.21,Lokpriya Gopinath Bordoloi International Airport (GAU),419.54,MMLP Silchar,389.89,Oriumghat (Sadiya) Terminal,58.85,FCI Depot Dibrugarh,76.56,LAKHIMPUR Toll Plaza,179.75
Kamba,TINSUKIA,309.0,4193219848,village,315,0.54,Belghoria Expressway,890.46,Ledo,7.75,Khongsang,352.39,Kolkata Port (Syama Prasad Mookerjee Port) incl. Haldia Dock Complex,902.89,ICD Amingaon,420.73,Moreh ICP,363.79,Lokpriya Gopinath Bordoloi International Airport (GAU),432.09,MMLP Silchar,400.95,Oriumghat (Sadiya) Terminal,57.44,FCI Depot Dibrugarh,87.76,LAKHIMPUR Toll Plaza,192.24
Jagun,TINSUKIA,309.0,4193219849,village,315,0.0,Belghoria Expressway,902.68,Ledo,19.87,Khongsang,364.3,Kolkata Port (Syama Prasad Mookerjee Port) incl. Haldia Dock Complex,915.12,ICD Amingaon,432.27,Moreh ICP,374.44,Lokpriya Gopinath Bordoloi International Airport (GAU),443.67,MMLP Silchar,413.12,Oriumghat (Sadiya) Terminal,53.97,FCI Depot Dibrugarh,96.49,LAKHIMPUR Toll Plaza,203.05
Wara,TINSUKIA,309.0,4193235569,village,315;215,4.67,Belghoria Expressway,906.0,Ledo,24.23,Khongsang,365.79,Kolkata Port (Syama Prasad Mookerjee Port) incl. Haldia Dock Complex,918.4,ICD Amingaon,437.28,Moreh ICP,373.94,Lokpriya Gopinath Bordoloi International Airport (GAU),448.62,MMLP Silchar,415.51,Oriumghat (Sadiya) Terminal,60.03,FCI Depot Dibrugarh,103.14,LAKHIMPUR Toll Plaza,208.75
Mungkam,TINSUKIA,309.0,4193235570,village,315;215,4.8,Belghoria Expressway,906.05,Ledo,23.88,Khongsang,366.23,Kolkata Port (Syama Prasad Mookerjee Port) incl. Haldia Dock Complex,918.46,ICD Amingaon,436.89,Moreh ICP,374.77,Lokpriya Gopinath Bordoloi International Airport (GAU),448.25,MMLP Silchar,415.76,Oriumghat (Sadiya) Terminal,58.52,FCI Depot Dibrugarh,102.2,LAKHIMPUR Toll Plaza,208.15
Upper Mallong I,TINSUKIA,309.0,4193235571,village,315,1.6,Belghoria Expressway,886.04,Ledo,4.43,Khongsang,347.65,Kolkata Port (Syama Prasad Mookerjee Port) incl. Haldia Dock Complex,898.47,ICD Amingaon,417.03,Moreh ICP,359.11,Lokpriya Gopinath Bordoloi International Airport (GAU),428.35,MMLP Silchar,396.31,Oriumghat (Sadiya) Terminal,60.7,FCI Depot Dibrugarh,85.96,LAKHIMPUR Toll Plaza,189.07
Mallong II,TINSUKIA,309.0,4193235572,village,315,1.35,Belghoria Expressway,886.89,Ledo,5.03,Khongsang,348.49,Kolkata Port (Syama Prasad Mookerjee Port) incl. Haldia Dock Complex,899.31,ICD Amingaon,417.81,Moreh ICP,359.87,Lokpriya Gopinath Bordoloi International Airport (GAU),429.14,MMLP Silchar,397.16,Oriumghat (Sadiya) Terminal,60.29,FCI Depot Dibrugarh,86.47,LAKHIMPUR Toll Plaza,189.79
Kharang Kong (Cholim Basti),TINSUKIA,309.0,4194553499,village,315,3.45,Belghoria Expressway,896.81,Ledo,14.08,Khongsang,359.31,Kolkata Port (Syama Prasad Mookerjee Port) incl. Haldia Dock Complex,909.26,ICD Amingaon,425.97,Moreh ICP,370.72,Lokpriya Gopinath Bordoloi International Airport (GAU),437.38,MMLP Silchar,407.66,Oriumghat (Sadiya) Terminal,52.76,FCI Depot Dibrugarh,90.46,LAKHIMPUR Toll Plaza,196.72
Kharang Kong,TINSUKIA,309.0,4194553500,village,315,4.2,Belghoria Expressway,896.15,Ledo,13.51,Khongsang,358.85,Kolkata Port (Syama Prasad Mookerjee Port) incl. Haldia Dock Complex,908.6,ICD Amingaon,425.15,Moreh ICP,370.5,Lokpriya Gopinath Bordoloi International Airport (GAU),436.57,MMLP Silchar,407.1,Oriumghat (Sadiya) Terminal,52.32,FCI Depot Dibrugarh,89.55,LAKHIMPUR Toll Plaza,195.86
Ninggam Tai Phake Village,TINSUKIA,309.0,4194553501,village,315,4.74,Belghoria Expressway,896.71,Ledo,14.19,Khongsang,359.58,Kolkata Port (Syama Prasad Mookerjee Port) incl. Haldia Dock Complex,909.17,ICD Amingaon,425.51,Moreh ICP,371.33,Lokpriya Gopinath Bordoloi International Airport (GAU),436.93,MMLP Silchar,407.76,Oriumghat (Sadiya) Terminal,51.54,FCI Depot Dibrugarh,89.55,LAKHIMPUR Toll Plaza,196.1
Hewe Ninggam,TINSUKIA,309.0,4194553502,village,315,6.23,Belghoria Expressway,896.15,Ledo,14.01,Khongsang,359.44,Kolkata Port (Syama Prasad Mookerjee Port) incl. Haldia Dock Complex,908.62,ICD Amingaon,424.57,Moreh ICP,371.62,Lokpriya Gopinath Bordoloi International Airport (GAU),436.01,MMLP Silchar,407.43,Oriumghat (Sadiya) Terminal,50.33,FCI Depot Dibrugarh,88.22,LAKHIMPUR Toll Plaza,195.01
Phulbari,TINSUKIA,309.0,4194553503,village,315,2.28,Belghoria Expressway,903.71,Ledo,21.08,Khongsang,364.71,Kolkata Port (Syama Prasad Mookerjee Port) incl. Haldia Dock Complex,916.14,ICD Amingaon,433.87,Moreh ICP,374.2,Lokpriya Gopinath Bordoloi International Airport (GAU),445.25,MMLP Silchar,413.84,Oriumghat (Sadiya) Terminal,55.97,FCI Depot Dibrugarh,98.64,LAKHIMPUR Toll Plaza,204.88
Lakla,TINSUKIA,309.0,4194555089,village,315,0.17,Belghoria Expressway,904.13,Ledo,21.32,Khongsang,365.71,Kolkata Port (Syama Prasad Mookerjee Port) incl. Haldia Dock Complex,916.57,ICD Amingaon,433.64,Moreh ICP,375.72,Lokpriya Gopinath Bordoloi International Airport (GAU),445.05,MMLP Silchar,414.57,Oriumghat (Sadiya) Terminal,53.72,FCI Depot Dibrugarh,97.57,LAKHIMPUR Toll Plaza,204.34
Malou Pahar,TINSUKIA,309.0,4194555889,village,315,0.73,Belghoria Expressway,884.04,Ledo,1.83,Khongsang,346.21,Kolkata Port (Syama Prasad Mookerjee Port) incl. Haldia Dock Complex,896.47,ICD Amingaon,414.61,Moreh ICP,358.35,Lokpriya Gopinath Bordoloi International Airport (GAU),425.95,MMLP Silchar,394.58,Oriumghat (Sadiya) Terminal,59.99,FCI Depot Dibrugarh,83.37,LAKHIMPUR Toll Plaza,186.53
Lower Mallong I,TINSUKIA,309.0,4194576167,village,315,1.14,Belghoria Expressway,886.03,Ledo,4.11,Khongsang,347.78,Kolkata Port (Syama Prasad Mookerjee Port) incl. Haldia Dock Complex,898.46,ICD Amingaon,416.87,Moreh ICP,359.37,Lokpriya Gopinath Bordoloi International Airport (GAU),428.2,MMLP Silchar,396.37,Oriumghat (Sadiya) Terminal,60.26,FCI Depot Dibrugarh,85.6,LAKHIMPUR Toll Plaza,188.84
Inthem (Singpho village),TINSUKIA,309.0,4196332289,village,315,8.36,Belghoria Expressway,893.34,Ledo,12.22,Khongsang,357.3,Kolkata Port (Syama Prasad Mookerjee Port) incl. Haldia Dock Complex,905.82,ICD Amingaon,421.34,Darranga ICP,370.19,Lokpriya Gopinath Bordoloi International Airport (GAU),432.78,MMLP Silchar,404.95,Oriumghat (Sadiya) Terminal,49.37,FCI Depot Dibrugarh,84.83,LAKHIMPUR Toll Plaza,191.66
Ing Thong (Singpho Village),TINSUKIA,309.0,4196334863,village,315,4.43,Belghoria Expressway,883.2,Bargolai,4.7,Khongsang,347.33,Kolkata Port (Syama Prasad Mookerjee Port) incl. Haldia Dock Complex,895.67,ICD Amingaon,411.88,Darranga ICP,361.02,Lokpriya Gopinath Bordoloi International Airport (GAU),423.29,MMLP Silchar,394.78,Oriumghat (Sadiya) Terminal,54.52,FCI Depot Dibrugarh,78.0,LAKHIMPUR Toll Plaza,182.85
Ketetong Market,TINSUKIA,309.0,4196334864,village,315,4.94,Belghoria Expressway,883.82,Bargolai,5.35,Khongsang,348.04,Kolkata Port (Syama Prasad Mookerjee Port) incl. Haldia Dock Complex,896.29,ICD Amingaon,412.37,Darranga ICP,361.47,Lokpriya Gopinath Bordoloi International Airport (GAU),423.78,MMLP Silchar,395.46,Oriumghat (Sadiya) Terminal,53.87,FCI Depot Dibrugarh,78.17,LAKHIMPUR Toll Plaza,183.25
Ketetong (Singpho Village),TINSUKIA,309.0,4196334865,village,315,5.58,Belghoria Expressway,884.53,Bargolai,5.77,Khongsang,348.72,Kolkata Port (Syama Prasad Mookerjee Port) incl. Haldia Dock Complex,897.0,ICD Amingaon,413.04,Darranga ICP,362.12,Lokpriya Gopinath Bordoloi International Airport (GAU),424.46,MMLP Silchar,396.16,Oriumghat (Sadiya) Terminal,53.51,FCI Depot Dibrugarh,78.66,LAKHIMPUR Toll Plaza,183.88
Dibong (Singpho Village),TINSUKIA,309.0,4196339702,village,315,3.39,Belghoria Expressway,882.17,Margherita,4.54,Khongsang,346.49,Kolkata Port (Syama Prasad Mookerjee Port) incl. Haldia Dock Complex,894.64,ICD Amingaon,410.76,Darranga ICP,359.88,Lokpriya Gopinath Bordoloi International Airport (GAU),422.16,MMLP Silchar,393.84,Oriumghat (Sadiya) Terminal,54.61,FCI Depot Dibrugarh,76.93,LAKHIMPUR Toll Plaza,181.71
Pawaimukh (Tai Khamyang Village),TINSUKIA,309.0,4196339705,village,315,8.25,Belghoria Expressway,870.5,Margherita,9.69,Khongsang,336.16,Kolkata Port (Syama Prasad Mookerjee Port) incl. Haldia Dock Complex,882.99,ICD Amingaon,398.85,Darranga ICP,348.08,Lokpriya Gopinath Bordoloi International Airport (GAU),410.25,MMLP Silchar,382.76,Bogibeel Terminal,56.29,FCI Depot Dibrugarh,67.27,LAKHIMPUR Toll Plaza,170.11
Bisa (Singpho village in Assam),TINSUKIA,309.0,4196342889,village,315,2.95,Belghoria Expressway,888.39,Ledo,5.69,Khongsang,351.1,Kolkata Port (Syama Prasad Mookerjee Port) incl. Haldia Dock Complex,900.84,ICD Amingaon,418.05,Moreh ICP,363.37,Lokpriya Gopinath Bordoloi International Airport (GAU),429.43,MMLP Silchar,399.27,Oriumghat (Sadiya) Terminal,55.92,FCI Depot Dibrugarh,84.59,LAKHIMPUR Toll Plaza,189.32
Kumchai Kong (Singpho Village),TINSUKIA,309.0,4196342890,village,315,5.29,Belghoria Expressway,893.32,Ledo,10.96,Khongsang,356.4,Kolkata Port (Syama Prasad Mookerjee Port) incl. Haldia Dock Complex,905.78,ICD Amingaon,422.2,Moreh ICP,368.6,Lokpriya Gopinath Bordoloi International Airport (GAU),433.61,MMLP Silchar,404.45,Oriumghat (Sadiya) Terminal,52.3,FCI Depot Dibrugarh,86.84,LAKHIMPUR Toll Plaza,192.92
Tipam Phake,DIBRUGARH,310.0,4198158291,village,315A,1.41,Belghoria Expressway,855.64,NAHARKATIYA,6.47,Khongsang,324.98,Kolkata Port (Syama Prasad Mookerjee Port) incl. Haldia Dock Complex,868.17,ICD Amingaon,382.04,Darranga ICP,331.01,Lokpriya Gopinath Bordoloi International Airport (GAU),393.49,MMLP Silchar,369.72,Bogibeel Terminal,40.44,FCI Depot Dibrugarh,51.48,LAKHIMPUR Toll Plaza,152.86
Phaltan Basti,DIBRUGARH,310.0,4198158292,village,315A,1.79,Belghoria Expressway,855.27,NAHARKATIYA,5.67,Khongsang,324.91,Kolkata Port (Syama Prasad Mookerjee Port) incl. Haldia Dock Complex,867.8,ICD Amingaon,381.46,Darranga ICP,330.38,Lokpriya Gopinath Bordoloi International Airport (GAU),392.91,MMLP Silchar,369.51,Bogibeel Terminal,39.57,FCI Depot Dibrugarh,50.61,LAKHIMPUR Toll Plaza,152.17
Namphakey,DIBRUGARH,310.0,4198158293,village,315A,1.53,Belghoria Expressway,853.68,NAHARKATIYA,3.87,Khongsang,323.74,Kolkata Port (Syama Prasad Mookerjee Port) incl. Haldia Dock Complex,866.22,ICD Amingaon,379.67,Darranga ICP,328.56,Lokpriya Gopinath Bordoloi International Airport (GAU),391.13,MMLP Silchar,368.13,Bogibeel Terminal,37.96,FCI Depot Dibrugarh,48.99,LAKHIMPUR Toll Plaza,150.33
NK Darranga,TAMULPUR,766.0,4242463140,village,127D,0.5,Belghoria Expressway,545.13,GORESUAR,35.63,Baihata,51.71,Kolkata Port (Syama Prasad Mookerjee Port) incl. Haldia Dock Complex,558.39,ICD Amingaon,68.64,Darranga ICP,63.6,Lokpriya Gopinath Bordoloi International Airport (GAU),74.95,MMLP Jogighopa,109.48,Pandu Terminal (Guwahati),70.75,FCI Depot Guwahati,73.87,KAMRUP RURAL Toll Plaza,56.34
Naokata,TAMULPUR,766.0,4242479652,village,127D,13.93,Belghoria Expressway,544.52,KHOIRABARI,11.25,Baihata,32.4,Kolkata Port (Syama Prasad Mookerjee Port) incl. Haldia Dock Complex,557.76,ICD Amingaon,50.14,Darranga ICP,37.81,Lokpriya Gopinath Bordoloi International Airport (GAU),59.59,MMLP Jogighopa,120.98,Pandu Terminal (Guwahati),52.3,FCI Depot Guwahati,53.8,KAMRUP RURAL Toll Plaza,35.92
Laisong,DIMA HASAO,315.0,4281853611,village,137G,2.93,Belghoria Expressway,561.94,WADRENGDISA,13.47,Khongsang,44.42,Kolkata Port (Syama Prasad Mookerjee Port) incl. Haldia Dock Complex,573.88,ICD Amingaon,191.27,Sutarkandi ICP,100.9,Lokpriya Gopinath Bordoloi International Airport (GAU),195.01,MMLP Silchar,65.45,Lakhipur Terminal,54.61,FCI Depot Silchar,65.45,DIMA HASAO Toll Plaza,59.72
Tinsukia,TINSUKIA,309.0,4323994882,village,315A,0.02,Belghoria Expressway,865.96,Tinsukia Junction,0.41,Khongsang,341.85,Kolkata Port (Syama Prasad Mookerjee Port) incl. Haldia Dock Complex,878.58,ICD Amingaon,386.28,Darranga ICP,333.66,Lokpriya Gopinath Bordoloi International Airport (GAU),397.96,MMLP Silchar,383.95,Bogibeel Terminal,33.88,FCI Depot Dibrugarh,43.54,LAKHIMPUR Toll Plaza,154.22
Joypur,DIBRUGARH,310.0,4324640177,village,315A,0.13,Belghoria Expressway,854.49,NAHARKATIYA,6.26,Khongsang,323.68,Kolkata Port (Syama Prasad Mookerjee Port) incl. Haldia Dock Complex,867.01,ICD Amingaon,381.14,Darranga ICP,330.19,Lokpriya Gopinath Bordoloi International Airport (GAU),392.58,MMLP Silchar,368.46,Bogibeel Terminal,40.45,FCI Depot Dibrugarh,51.47,LAKHIMPUR Toll Plaza,152.14
Diphu,KARBI ANGLONG,314.0,4332977533,village,329,0.01,Belghoria Expressway,609.71,DIPHU,0.92,Khongsang,109.83,Kolkata Port (Syama Prasad Mookerjee Port) incl. Haldia Dock Complex,622.11,ICD Amingaon,176.46,Darranga ICP,151.94,Lokpriya Gopinath Bordoloi International Airport (GAU),184.24,MMLP Silchar,127.81,Sengajan (Panbari) Terminal,88.3,FCI Depot Dimapur,29.22,DIMA HASAO Toll Plaza,31.77
Digboi,TINSUKIA,309.0,4343368415,village,315,0.03,Belghoria Expressway,880.39,Digboi,1.34,Khongsang,347.85,Kolkata Port (Syama Prasad Mookerjee Port) incl. Haldia Dock Complex,892.91,ICD Amingaon,406.23,Darranga ICP,354.75,Lokpriya Gopinath Bordoloi International Airport (GAU),417.74,MMLP Silchar,393.77,Oriumghat (Sadiya) Terminal,47.5,FCI Depot Dibrugarh,68.78,LAKHIMPUR Toll Plaza,175.95
Sorbogh,BARPETA,303.0,4509196600,village,27,0.78,Belghoria Expressway,484.71,SORBHOG JN,0.37,Jogighopa,40.92,Kolkata Port (Syama Prasad Mookerjee Port) incl. Haldia Dock Complex,497.95,ICD Amingaon,84.52,Golakganj ICP,112.18,Lokpriya Gopinath Bordoloi International Airport (GAU),80.0,MMLP Jogighopa,41.49,Jogighopa Terminal,41.49,FCI Depot Guwahati,91.13,BONGAIGAON Toll Plaza,17.41
Dimow,DHEMAJI,308.0,4509196601,village,515,1.16,Belghoria Expressway,836.02,DIBRUGARH TOWN,22.85,Khongsang,334.52,Kolkata Port (Syama Prasad Mookerjee Port) incl. Haldia Dock Complex,848.86,ICD Amingaon,345.78,Darranga ICP,290.84,Lokpriya Gopinath Bordoloi International Airport (GAU),357.81,MMLP Silchar,367.34,Dibrugarh Terminal,23.77,FCI Depot Dibrugarh,23.77,LAKHIMPUR Toll Plaza,114.0
Phukangaon,DHEMAJI,308.0,4667620988,village,15,0.08,Belghoria Expressway,811.41,DIBRUGARH TOWN,29.78,Baihata,312.99,Kolkata Port (Syama Prasad Mookerjee Port) incl. Haldia Dock Complex,824.25,ICD Amingaon,321.34,Darranga ICP,266.64,Lokpriya Gopinath Bordoloi International Airport (GAU),333.35,MMLP Silchar,344.5,Dibrugarh Terminal,30.87,FCI Depot Dibrugarh,30.87,LAKHIMPUR Toll Plaza,89.32
Huliagaon,DHEMAJI,308.0,4667621489,village,15,8.87,Belghoria Expressway,808.0,DIBRUGARH TOWN,38.73,Baihata,307.45,Kolkata Port (Syama Prasad Mookerjee Port) incl. Haldia Dock Complex,820.88,ICD Amingaon,316.18,Darranga ICP,261.04,Lokpriya Gopinath Bordoloi International Airport (GAU),328.24,MMLP Silchar,344.08,Dibrugarh Terminal,39.83,FCI Depot Dibrugarh,39.83,LAKHIMPUR Toll Plaza,85.39
Silapathar,DHEMAJI,308.0,4668787051,village,515,1.65,Belghoria Expressway,823.91,DIBRUGARH TOWN,20.97,Khongsang,323.04,Kolkata Port (Syama Prasad Mookerjee Port) incl. Haldia Dock Complex,836.74,ICD Amingaon,334.31,Darranga ICP,279.62,Lokpriya Gopinath Bordoloi International Airport (GAU),346.31,MMLP Silchar,355.3,Dibrugarh Terminal,22.1,FCI Depot Dibrugarh,22.1,LAKHIMPUR Toll Plaza,102.14
Sisi Bargaon,DHEMAJI,308.0,4726719498,village,15,0.09,Belghoria Expressway,816.4,DIBRUGARH TOWN,22.31,Khongsang,315.41,Kolkata Port (Syama Prasad Mookerjee Port) incl. Haldia Dock Complex,829.23,ICD Amingaon,327.47,Darranga ICP,273.03,Lokpriya Gopinath Bordoloi International Airport (GAU),339.44,MMLP Silchar,347.49,Dibrugarh Terminal,23.4,FCI Depot Dibrugarh,23.4,LAKHIMPUR Toll Plaza,94.99
Kulajan,DHEMAJI,308.0,4726836613,village,515,0.02,Belghoria Expressway,819.71,DIBRUGARH TOWN,17.57,Khongsang,316.66,Kolkata Port (Syama Prasad Mookerjee Port) incl. Haldia Dock Complex,832.52,ICD Amingaon,331.48,Darranga ICP,277.2,Lokpriya Gopinath Bordoloi International Airport (GAU),343.43,MMLP Silchar,349.58,Dibrugarh Terminal,18.67,FCI Depot Dibrugarh,18.67,LAKHIMPUR Toll Plaza,98.82
Doom Dooma,TINSUKIA,309.0,4740749855,village,15,2.94,Belghoria Expressway,886.43,Tingrai,11.63,Khongsang,359.73,Kolkata Port (Syama Prasad Mookerjee Port) incl. Haldia Dock Complex,899.04,ICD Amingaon,407.03,Darranga ICP,354.27,Lokpriya Gopinath Bordoloi International Airport (GAU),418.73,MMLP Silchar,403.23,Oriumghat (Sadiya) Terminal,30.12,FCI Depot Dibrugarh,63.2,LAKHIMPUR Toll Plaza,174.8
Borhapjan,TINSUKIA,309.0,4740750106,village,15,3.16,Belghoria Expressway,880.08,Makum Junction,7.98,Khongsang,353.78,Kolkata Port (Syama Prasad Mookerjee Port) incl. Haldia Dock Complex,892.69,ICD Amingaon,400.87,Darranga ICP,348.22,Lokpriya Gopinath Bordoloi International Airport (GAU),412.56,MMLP Silchar,397.01,Oriumghat (Sadiya) Terminal,35.52,FCI Depot Dibrugarh,57.54,LAKHIMPUR Toll Plaza,168.77
Ledo,TINSUKIA,309.0,4751245343,village,315,0.02,Belghoria Expressway,884.12,Ledo,1.3,Khongsang,346.66,Kolkata Port (Syama Prasad Mookerjee Port) incl. Haldia Dock Complex,896.56,ICD Amingaon,414.31,Moreh ICP,359.14,Lokpriya Gopinath Bordoloi International Airport (GAU),425.66,MMLP Silchar,394.87,Oriumghat (Sadiya) Terminal,58.77,FCI Depot Dibrugarh,82.46,LAKHIMPUR Toll Plaza,186.01
Tangla,UDALGURI,326.0,4775180839,village,715A,23.79,Belghoria Expressway,557.34,TANGLA,0.35,Baihata,40.71,Kolkata Port (Syama Prasad Mookerjee Port) incl. Haldia Dock Complex,570.56,ICD Amingaon,56.69,Darranga ICP,22.13,Lokpriya Gopinath Bordoloi International Airport (GAU),67.96,MMLP Jogighopa,138.47,Pandu Terminal (Guwahati),58.7,FCI Depot Guwahati,58.44,KAMRUP RURAL Toll Plaza,42.47
Barpeta Road,BARPETA,303.0,4806814527,village,27,1.84,Belghoria Expressway,489.96,BARPETA ROAD,0.35,Jogighopa,47.77,Kolkata Port (Syama Prasad Mookerjee Port) incl. Haldia Dock Complex,503.2,ICD Amingaon,78.29,Darranga ICP,110.96,Lokpriya Gopinath Bordoloi International Airport (GAU),74.5,MMLP Jogighopa,48.3,Jogighopa Terminal,48.3,FCI Depot Guwahati,84.96,BONGAIGAON Toll Plaza,25.11
Unnamed Village,DHUBRI,301.0,4806821432,village,127B,7.49,Belghoria Expressway,391.78,DHUBRI,7.92,Jogighopa,65.44,Kolkata Port (Syama Prasad Mookerjee Port) incl. Haldia Dock Complex,404.85,ICD Amingaon,167.55,Golakganj ICP,22.69,Lokpriya Gopinath Bordoloi International Airport (GAU),157.33,MMLP Jogighopa,64.97,Dhubri Terminal,7.28,FCI Depot Guwahati,172.52,DHUBRI Toll Plaza,25.5
Unnamed Village,DHUBRI,301.0,4806821433,village,127B,4.05,Belghoria Expressway,396.85,DHUBRI,5.14,Jogighopa,61.17,Kolkata Port (Syama Prasad Mookerjee Port) incl. Haldia Dock Complex,409.92,ICD Amingaon,164.46,Golakganj ICP,21.83,Lokpriya Gopinath Bordoloi International Airport (GAU),154.41,MMLP Jogighopa,60.73,Dhubri Terminal,4.7,FCI Depot Guwahati,169.53,DHUBRI Toll Plaza,23.97
Unnamed Hamlet,TINSUKIA,309.0,4885324853,village,115,14.55,Belghoria Expressway,914.86,Makum Junction,52.91,Khongsang,396.9,Kolkata Port (Syama Prasad Mookerjee Port) incl. Haldia Dock Complex,927.6,ICD Amingaon,427.85,Darranga ICP,373.17,Lokpriya Gopinath Bordoloi International Airport (GAU),439.83,MMLP Silchar,437.38,Oriumghat (Sadiya) Terminal,14.19,FCI Depot Dibrugarh,84.71,LAKHIMPUR Toll Plaza,195.31
Unnamed Hamlet,TINSUKIA,309.0,4885324854,village,115,12.74,Belghoria Expressway,912.19,Makum Junction,48.99,Khongsang,393.34,Kolkata Port (Syama Prasad Mookerjee Port) incl. Haldia Dock Complex,924.92,ICD Amingaon,425.84,Darranga ICP,371.33,Lokpriya Gopinath Bordoloi International Airport (GAU),437.8,MMLP Silchar,434.12,Oriumghat (Sadiya) Terminal,10.76,FCI Depot Dibrugarh,82.08,LAKHIMPUR Toll Plaza,193.17
Unnamed Hamlet,TINSUKIA,309.0,4885324855,village,115,12.78,Belghoria Expressway,913.28,Makum Junction,49.89,Khongsang,394.36,Kolkata Port (Syama Prasad Mookerjee Port) incl. Haldia Dock Complex,926.01,ICD Amingaon,426.92,Darranga ICP,372.39,Lokpriya Gopinath Bordoloi International Airport (GAU),438.88,MMLP Silchar,435.18,Oriumghat (Sadiya) Terminal,10.89,FCI Depot Dibrugarh,83.18,LAKHIMPUR Toll Plaza,194.25
Unnamed Hamlet,TINSUKIA,309.0,4885324856,village,115,11.93,Belghoria Expressway,911.13,Makum Junction,47.65,Khongsang,392.07,Kolkata Port (Syama Prasad Mookerjee Port) incl. Haldia Dock Complex,923.86,ICD Amingaon,424.99,Darranga ICP,370.52,Lokpriya Gopinath Bordoloi International Airport (GAU),436.94,MMLP Silchar,432.91,Oriumghat (Sadiya) Terminal,9.9,FCI Depot Dibrugarh,81.06,LAKHIMPUR Toll Plaza,192.28
Islampur,TINSUKIA,309.0,4885384525,village,115,0.1,Belghoria Expressway,921.2,Tingrai,49.51,Khongsang,397.95,Kolkata Port (Syama Prasad Mookerjee Port) incl. Haldia Dock Complex,933.88,ICD Amingaon,437.04,Darranga ICP,382.94,Lokpriya Gopinath Bordoloi International Airport (GAU),448.93,MMLP Silchar,440.55,Oriumghat (Sadiya) Terminal,9.79,FCI Depot Dibrugarh,92.04,LAKHIMPUR Toll Plaza,204.16
Chandkhira,SRIBHUMI,317.0,4885601111,village,208A,0.58,Belghoria Expressway,441.43,Kalkalighat,1.62,Bihara,58.28,Kolkata Port (Syama Prasad Mookerjee Port) incl. Haldia Dock Complex,453.21,ICD Amingaon,185.61,Sutarkandi ICP,21.52,Lokpriya Gopinath Bordoloi International Airport (GAU),181.45,MMLP Silchar,56.21,Karimganj Terminal,34.04,FCI Depot Silchar,56.21,SRIBHUMI Toll Plaza,32.13
Kurijhār,BAKSA,324.0,4911457176,village,127A,16.32,Belghoria Expressway,504.09,GUAGACHHA,14.61,Jogighopa,60.05,Kolkata Port (Syama Prasad Mookerjee Port) incl. Haldia Dock Complex,517.33,ICD Amingaon,82.51,Darranga ICP,107.35,Lokpriya Gopinath Bordoloi International Airport (GAU),80.81,MMLP Jogighopa,60.64,Jogighopa Terminal,60.64,FCI Depot Guwahati,89.23,BONGAIGAON Toll Plaza,33.57
Sonbāri,BAKSA,324.0,4911457375,village,27,15.25,Belghoria Expressway,502.82,GUAGACHHA,13.37,Jogighopa,58.9,Kolkata Port (Syama Prasad Mookerjee Port) incl. Haldia Dock Complex,516.06,ICD Amingaon,82.04,Darranga ICP,107.6,Lokpriya Gopinath Bordoloi International Airport (GAU),80.16,MMLP Jogighopa,59.49,Jogighopa Terminal,59.49,FCI Depot Guwahati,88.76,BONGAIGAON Toll Plaza,32.63
Bilaipur,HAILAKANDI,318.0,5232412908,village,306,4.08,Belghoria Expressway,478.13,Lalabazar,12.53,Bihara,48.2,Kolkata Port (Syama Prasad Mookerjee Port) incl. Haldia Dock Complex,489.58,ICD Amingaon,207.89,Sutarkandi ICP,36.67,Lokpriya Gopinath Bordoloi International Airport (GAU),205.96,MMLP Silchar,34.36,Silchar Terminal,34.36,FCI Depot Silchar,34.36,CACHAR Toll Plaza,46.36
Garamur,MAJULI,707.0,5263416924,village,715K,15.28,Belghoria Expressway,739.31,MELENG,24.88,Khongsang,242.2,Kolkata Port (Syama Prasad Mookerjee Port) incl. Haldia Dock Complex,752.07,ICD Amingaon,257.4,Darranga ICP,206.26,Lokpriya Gopinath Bordoloi International Airport (GAU),268.96,MMLP Silchar,269.86,Neamati Terminal,19.64,FCI Depot Jorhat,25.36,LAKHIMPUR Toll Plaza,32.95
Kurua,DARANG,325.0,5623038906,village,27,11.78,Belghoria Expressway,516.92,PANIKHAITI,6.08,Baihata,17.65,Kolkata Port (Syama Prasad Mookerjee Port) incl. Haldia Dock Complex,530.08,ICD Amingaon,15.15,Darranga ICP,43.61,Lokpriya Gopinath Bordoloi International Airport (GAU),27.17,MMLP Jogighopa,122.16,Pandu Terminal (Guwahati),16.17,FCI Depot Guwahati,13.08,KAMRUP RURAL Toll Plaza,12.84
Tuolpui,DIMA HASAO,315.0,5766103458,village,137G,5.0,Belghoria Expressway,558.72,DAOTUHAJA,10.99,Khongsang,44.74,Kolkata Port (Syama Prasad Mookerjee Port) incl. Haldia Dock Complex,570.66,ICD Amingaon,189.45,Sutarkandi ICP,97.7,Lokpriya Gopinath Bordoloi International Airport (GAU),193.03,MMLP Silchar,62.34,Lakhipur Terminal,52.01,FCI Depot Silchar,62.34,CACHAR Toll Plaza,57.37
Panigaon,LAKHIMPUR,307.0,5775285633,village,15,8.49,Belghoria Expressway,746.79,MELENG,42.18,Baihata,252.36,Kolkata Port (Syama Prasad Mookerjee Port) incl. Haldia Dock Complex,759.62,ICD Amingaon,259.54,Darranga ICP,206.5,Lokpriya Gopinath Bordoloi International Airport (GAU),271.35,MMLP Silchar,282.91,Neamati Terminal,37.45,FCI Depot Jorhat,43.35,LAKHIMPUR Toll Plaza,27.13
Umparoi,WEST KARBI ANAGLONG,752.0,5789836398,village,627,14.06,Belghoria Expressway,530.22,AUJARI,21.63,Baihata,75.99,Kolkata Port (Syama Prasad Mookerjee Port) incl. Haldia Dock Complex,543.13,ICD Amingaon,68.11,Darranga ICP,68.59,Lokpriya Gopinath Bordoloi International Airport (GAU),74.7,MMLP Silchar,129.61,Pandu Terminal (Guwahati),67.36,FCI Depot Shillong,58.94,NAGAON Toll Plaza,38.16
Rombai,WEST KARBI ANAGLONG,752.0,5789836399,village,627,14.39,Belghoria Expressway,529.96,AUJARI,22.89,Baihata,77.16,Kolkata Port (Syama Prasad Mookerjee Port) incl. Haldia Dock Complex,542.86,ICD Amingaon,69.13,Darranga ICP,69.87,Lokpriya Gopinath Bordoloi International Airport (GAU),75.59,MMLP Silchar,128.32,Pandu Terminal (Guwahati),68.35,FCI Depot Shillong,58.65,NAGAON Toll Plaza,38.76
Ale Kunjil,WEST KARBI ANAGLONG,752.0,5789836400,village,627,12.08,Belghoria Expressway,532.32,AUJARI,22.27,Baihata,78.04,Kolkata Port (Syama Prasad Mookerjee Port) incl. Haldia Dock Complex,545.23,ICD Amingaon,70.46,Darranga ICP,69.26,Lokpriya Gopinath Bordoloi International Airport (GAU),77.19,MMLP Silchar,128.94,Pandu Terminal (Guwahati),69.74,FCI Depot Shillong,61.01,NAGAON Toll Plaza,36.59
Rapdang,WEST KARBI ANAGLONG,752.0,5789836401,village,27,20.03,Belghoria Expressway,520.17,JAGI ROAD,21.72,Baihata,69.03,Kolkata Port (Syama Prasad Mookerjee Port) incl. Haldia Dock Complex,533.11,ICD Amingaon,59.31,Darranga ICP,68.68,Lokpriya Gopinath Bordoloi International Airport (GAU),64.87,MMLP Silchar,131.21,Pandu Terminal (Guwahati),58.33,FCI Depot Shillong,49.34,KAMRUP METRO Toll Plaza,34.47
Mawlen,WEST KARBI ANAGLONG,752.0,5789836402,village,27,19.89,Belghoria Expressway,521.58,JAGI ROAD,22.0,Baihata,70.52,Kolkata Port (Syama Prasad Mookerjee Port) incl. Haldia Dock Complex,534.51,ICD Amingaon,61.04,Darranga ICP,69.06,Lokpriya Gopinath Bordoloi International Airport (GAU),66.73,MMLP Silchar,130.37,Pandu Terminal (Guwahati),60.1,FCI Depot Shillong,50.58,KAMRUP METRO Toll Plaza,36.04
Umswai,WEST KARBI ANAGLONG,752.0,5789836403,village,27,18.32,Belghoria Expressway,522.88,JAGI ROAD,20.56,Baihata,69.83,Kolkata Port (Syama Prasad Mookerjee Port) incl. Haldia Dock Complex,535.82,ICD Amingaon,60.7,Darranga ICP,67.63,Lokpriya Gopinath Bordoloi International Airport (GAU),66.65,MMLP Silchar,131.61,Pandu Terminal (Guwahati),59.8,FCI Depot Shillong,51.97,KAMRUP METRO Toll Plaza,35.47
Umswah,WEST KARBI ANAGLONG,752.0,5789836404,village,27,17.77,Belghoria Expressway,523.03,JAGI ROAD,19.77,Baihata,69.04,Kolkata Port (Syama Prasad Mookerjee Port) incl. Haldia Dock Complex,535.97,ICD Amingaon,59.99,Darranga ICP,66.84,Lokpriya Gopinath Bordoloi International Airport (GAU),66.02,MMLP Silchar,132.45,Pandu Terminal (Guwahati),59.11,FCI Depot Shillong,52.22,KAMRUP METRO Toll Plaza,34.7
Chikdamakha,WEST KARBI ANAGLONG,752.0,5789836405,village,27,18.56,Belghoria Expressway,521.81,JAGI ROAD,20.07,Baihata,68.4,Kolkata Port (Syama Prasad Mookerjee Port) incl. Haldia Dock Complex,534.76,ICD Amingaon,59.1,Darranga ICP,67.08,Lokpriya Gopinath Bordoloi International Airport (GAU),64.99,MMLP Silchar,132.51,Pandu Terminal (Guwahati),58.19,FCI Depot Shillong,51.08,KAMRUP METRO Toll Plaza,33.96
Bormarlong,WEST KARBI ANAGLONG,752.0,5789836406,village,27,17.23,Belghoria Expressway,521.44,JAGI ROAD,18.98,Baihata,66.71,Kolkata Port (Syama Prasad Mookerjee Port) incl. Haldia Dock Complex,534.39,ICD Amingaon,57.42,Darranga ICP,65.89,Lokpriya Gopinath Bordoloi International Airport (GAU),63.38,MMLP Silchar,133.97,Pandu Terminal (Guwahati),56.52,FCI Depot Guwahati,50.79,KAMRUP METRO Toll Plaza,32.26
Shitoyi,GOLAGHAT,313.0,5806577175,village,129,3.89,Belghoria Expressway,649.18,BOKAJAN,3.55,Khongsang,130.17,Kolkata Port (Syama Prasad Mookerjee Port) incl. Haldia Dock Complex,661.53,ICD Amingaon,209.8,Darranga ICP,177.82,Lokpriya Gopinath Bordoloi International Airport (GAU),218.56,MMLP Silchar,162.26,Sengajan (Panbari) Terminal,68.28,FCI Depot Dimapur,12.72,GOLAGHAT Toll Plaza,55.19
Chongajan,GOLAGHAT,313.0,5806577176,village,129,7.67,Belghoria Expressway,653.07,CHONGAJAN,6.47,Khongsang,132.3,Kolkata Port (Syama Prasad Mookerjee Port) incl. Haldia Dock Complex,665.41,ICD Amingaon,213.54,Darranga ICP,181.07,Lokpriya Gopinath Bordoloi International Airport (GAU),222.35,MMLP Silchar,165.63,Sengajan (Panbari) Terminal,67.78,FCI Depot Dimapur,16.21,GOLAGHAT Toll Plaza,53.37
Rengmapani,GOLAGHAT,313.0,5806577177,village,29,13.13,Belghoria Expressway,657.36,CHONGAJAN,10.61,Khongsang,133.25,Kolkata Port (Syama Prasad Mookerjee Port) incl. Haldia Dock Complex,669.68,ICD Amingaon,219.12,Darranga ICP,186.53,Lokpriya Gopinath Bordoloi International Airport (GAU),227.93,MMLP Silchar,168.71,Sengajan (Panbari) Terminal,69.75,FCI Depot Dimapur,20.22,GOLAGHAT Toll Plaza,53.59
Ratan,GOLAGHAT,313.0,5806577178,village,29,17.38,Belghoria Expressway,661.56,CHONGAJAN,14.13,Khongsang,135.39,Kolkata Port (Syama Prasad Mookerjee Port) incl. Haldia Dock Complex,673.86,ICD Amingaon,223.53,Darranga ICP,190.57,Lokpriya Gopinath Bordoloi International Airport (GAU),232.38,MMLP Silchar,172.26,Sengajan (Panbari) Terminal,70.42,FCI Depot Dimapur,24.51,GOLAGHAT Toll Plaza,52.91
Tirap Sakan (Yongkuk Village),TINSUKIA,309.0,5819395478,village,215,4.35,Belghoria Expressway,897.62,Ledo,17.5,Khongsang,357.09,Kolkata Port (Syama Prasad Mookerjee Port) incl. Haldia Dock Complex,910.02,ICD Amingaon,429.95,Moreh ICP,365.56,Lokpriya Gopinath Bordoloi International Airport (GAU),441.25,MMLP Silchar,406.89,Oriumghat (Sadiya) Terminal,63.39,FCI Depot Dibrugarh,98.54,LAKHIMPUR Toll Plaza,202.25
Sarthebari,BARPETA,303.0,5839997990,village,427,10.22,Belghoria Expressway,491.58,TIHU,11.92,Baihata,45.24,Kolkata Port (Syama Prasad Mookerjee Port) incl. Haldia Dock Complex,504.83,ICD Amingaon,49.26,Darranga ICP,88.03,Lokpriya Gopinath Bordoloi International Airport (GAU),45.57,MMLP Jogighopa,65.21,Pandu Terminal (Guwahati),50.21,FCI Depot Guwahati,55.9,KAMRUP RURAL Toll Plaza,48.73
Mankachar,SOUTH SALMARA,664.0,5943791367,village,127B,15.52,Belghoria Expressway,345.36,DHUBRI,54.22,Jogighopa,103.99,Kolkata Port (Syama Prasad Mookerjee Port) incl. Haldia Dock Complex,358.47,ICD Siliguri,191.39,Mankachar ICP,26.35,Lokpriya Gopinath Bordoloi International Airport (GAU),180.42,MMLP Jogighopa,103.39,Hatsingimari Ro-Ro Terminal,53.09,FCI Depot Siliguri,193.71,DHUBRI Toll Plaza,65.45
Muktiar,DHEMAJI,308.0,6096685708,village,515,1.84,Belghoria Expressway,858.52,DIKOM,29.29,Khongsang,350.37,Kolkata Port (Syama Prasad Mookerjee Port) incl. Haldia Dock Complex,871.32,ICD Amingaon,369.82,Darranga ICP,315.11,Lokpriya Gopinath Bordoloi International Airport (GAU),381.82,MMLP Silchar,386.16,Dibrugarh Terminal,31.47,FCI Depot Dibrugarh,31.47,LAKHIMPUR Toll Plaza,137.5
Dikhari,DHEMAJI,308.0,6096685710,village,515,2.49,Belghoria Expressway,858.15,DIKOM,28.56,Khongsang,349.77,Kolkata Port (Syama Prasad Mookerjee Port) incl. Haldia Dock Complex,870.95,ICD Amingaon,369.6,Darranga ICP,314.92,Lokpriya Gopinath Bordoloi International Airport (GAU),381.59,MMLP Silchar,385.63,Dibrugarh Terminal,30.87,FCI Depot Dibrugarh,30.87,LAKHIMPUR Toll Plaza,137.23
Ramdhon,DHEMAJI,308.0,6096685711,village,515,2.02,Belghoria Expressway,858.65,DIKOM,28.91,Khongsang,350.26,Kolkata Port (Syama Prasad Mookerjee Port) incl. Haldia Dock Complex,871.44,ICD Amingaon,370.06,Darranga ICP,315.37,Lokpriya Gopinath Bordoloi International Airport (GAU),382.06,MMLP Silchar,386.13,Dibrugarh Terminal,31.35,FCI Depot Dibrugarh,31.35,LAKHIMPUR Toll Plaza,137.7
Koroibari,DHEMAJI,308.0,6096685712,village,515,1.19,Belghoria Expressway,858.72,DIKOM,30.14,Khongsang,350.93,Kolkata Port (Syama Prasad Mookerjee Port) incl. Haldia Dock Complex,871.52,ICD Amingaon,369.83,Darranga ICP,315.06,Lokpriya Gopinath Bordoloi International Airport (GAU),381.83,MMLP Silchar,386.59,Dibrugarh Terminal,32.03,FCI Depot Dibrugarh,32.03,LAKHIMPUR Toll Plaza,137.57
Borodondi,DHEMAJI,308.0,6096685713,village,515,1.13,Belghoria Expressway,858.21,DIKOM,31.1,Khongsang,351.09,Kolkata Port (Syama Prasad Mookerjee Port) incl. Haldia Dock Complex,871.02,ICD Amingaon,369.03,Darranga ICP,314.2,Lokpriya Gopinath Bordoloi International Airport (GAU),381.04,MMLP Silchar,386.49,Dibrugarh Terminal,32.26,FCI Depot Dibrugarh,32.26,LAKHIMPUR Toll Plaza,136.88
Lakhipur Bédum,DHEMAJI,308.0,6096685714,village,515,0.01,Belghoria Expressway,858.61,DIKOM,33.1,Khongsang,352.34,Kolkata Port (Syama Prasad Mookerjee Port) incl. Haldia Dock Complex,871.43,ICD Amingaon,368.99,Darranga ICP,314.06,Lokpriya Gopinath Bordoloi International Airport (GAU),381.02,MMLP Silchar,387.45,Dibrugarh Terminal,33.66,FCI Depot Dibrugarh,33.66,LAKHIMPUR Toll Plaza,137.03
Borhati,DHEMAJI,308.0,6096685715,village,515,1.92,Belghoria Expressway,857.15,DIKOM,31.05,Khongsang,350.37,Kolkata Port (Syama Prasad Mookerjee Port) incl. Haldia Dock Complex,869.96,ICD Amingaon,367.88,Darranga ICP,313.04,Lokpriya Gopinath Bordoloi International Airport (GAU),379.89,MMLP Silchar,385.62,Dibrugarh Terminal,31.62,FCI Depot Dibrugarh,31.62,LAKHIMPUR Toll Plaza,135.76
Golakganj,DHUBRI,301.0,6128048387,village,17,2.09,Belghoria Expressway,400.89,GOLAKGANJ,0.66,Jogighopa,75.16,Kolkata Port (Syama Prasad Mookerjee Port) incl. Haldia Dock Complex,413.82,ICD Siliguri,152.99,Golakganj ICP,0.69,Lokpriya Gopinath Bordoloi International Airport (GAU),172.72,MMLP Jogighopa,74.87,Hatsingimari Ro-Ro Terminal,13.8,FCI Depot Siliguri,155.5,DHUBRI Toll Plaza,3.58
Basbari,KOKRAJHAR,300.0,6148371634,village,127B,3.67,Belghoria Expressway,412.28,BASBARI,0.66,Jogighopa,66.23,Kolkata Port (Syama Prasad Mookerjee Port) incl. Haldia Dock Complex,425.23,ICD Siliguri,156.23,Golakganj ICP,12.13,Lokpriya Gopinath Bordoloi International Airport (GAU),165.24,MMLP Jogighopa,66.01,Hatsingimari Ro-Ro Terminal,18.64,FCI Depot Siliguri,158.75,DHUBRI Toll Plaza,8.98
Maligaon,KAMRUP METRO,322.0,6163787851,village,27,1.98,Belghoria Expressway,502.49,KAMAKHYA,0.75,Baihata,20.0,Kolkata Port (Syama Prasad Mookerjee Port) incl. Haldia Dock Complex,515.66,ICD Amingaon,2.67,Darranga ICP,58.01,Lokpriya Gopinath Bordoloi International Airport (GAU),12.35,MMLP Jogighopa,110.26,Pandu Terminal (Guwahati),1.55,FCI Depot Guwahati,4.31,KAMRUP RURAL Toll Plaza,16.32
Chandrapur,KAMRUP METRO,322.0,6169689391,village,27,12.26,Belghoria Expressway,523.66,THAKURKUCHI,0.37,Baihata,26.45,Kolkata Port (Syama Prasad Mookerjee Port) incl. Haldia Dock Complex,536.79,ICD Amingaon,24.85,Darranga ICP,38.25,Lokpriya Gopinath Bordoloi International Airport (GAU),36.25,MMLP Jogighopa,132.48,Pandu Terminal (Guwahati),25.46,FCI Depot Guwahati,21.05,KAMRUP METRO Toll Plaza,12.42
Dholai,CACHAR,316.0,6231262187,village,306,0.55,Belghoria Expressway,492.22,Lalabazar,23.75,Bihara,42.8,Kolkata Port (Syama Prasad Mookerjee Port) incl. Haldia Dock Complex,503.71,ICD Amingaon,207.07,Sutarkandi ICP,43.47,Lokpriya Gopinath Bordoloi International Airport (GAU),205.99,MMLP Silchar,26.64,Lakhipur Terminal,25.43,FCI Depot Silchar,26.64,CACHAR Toll Plaza,39.11
Jirighāt,CACHAR,316.0,6234572370,village,37,0.03,Belghoria Expressway,525.62,JIRIBAM,1.7,Khongsang,37.64,Kolkata Port (Syama Prasad Mookerjee Port) incl. Haldia Dock Complex,537.23,ICD Amingaon,205.27,Sutarkandi ICP,68.09,Lokpriya Gopinath Bordoloi International Airport (GAU),206.26,MMLP Silchar,32.93,Lakhipur Terminal,11.2,FCI Depot Silchar,32.93,CACHAR Toll Plaza,38.18
Gunjong,DIMA HASAO,315.0,6240693696,village,627,0.06,Belghoria Expressway,543.31,KALACHAND,12.37,Bihara,49.94,Kolkata Port (Syama Prasad Mookerjee Port) incl. Haldia Dock Complex,555.49,ICD Amingaon,161.01,Sutarkandi ICP,86.67,Lokpriya Gopinath Bordoloi International Airport (GAU),164.4,MMLP Silchar,57.37,Silchar Terminal,57.37,FCI Depot Silchar,57.37,DIMA HASAO Toll Plaza,47.25
Sonai,CACHAR,316.0,6241309608,village,306,6.14,Belghoria Expressway,502.52,SILCHAR,14.7,Bihara,31.92,Kolkata Port (Syama Prasad Mookerjee Port) incl. Haldia Dock Complex,514.16,ICD Amingaon,197.39,Sutarkandi ICP,45.69,Lokpriya Gopinath Bordoloi International Airport (GAU),197.06,MMLP Silchar,15.48,Lakhipur Terminal,12.15,FCI Depot Silchar,15.48,CACHAR Toll Plaza,26.69
Irongmara,CACHAR,316.0,6241309610,village,306,9.19,Belghoria Expressway,487.17,SILCHAR,15.98,Bihara,30.2,Kolkata Port (Syama Prasad Mookerjee Port) incl. Haldia Dock Complex,498.84,ICD Amingaon,192.93,Sutarkandi ICP,31.13,Lokpriya Gopinath Bordoloi International Airport (GAU),191.68,MMLP Silchar,16.09,Silchar Terminal,16.09,FCI Depot Silchar,16.09,CACHAR Toll Plaza,27.99
Dwarband,CACHAR,316.0,6241314331,village,6,13.17,Belghoria Expressway,481.69,Lalabazar,12.59,Bihara,35.89,Kolkata Port (Syama Prasad Mookerjee Port) incl. Haldia Dock Complex,493.31,ICD Amingaon,196.46,Sutarkandi ICP,29.38,Lokpriya Gopinath Bordoloi International Airport (GAU),194.83,MMLP Silchar,22.8,Silchar Terminal,22.8,FCI Depot Silchar,22.8,CACHAR Toll Plaza,34.35
Lala,HAILAKANDI,318.0,6241314333,village,6,1.13,Belghoria Expressway,469.09,Lalabazar,0.31,Bihara,44.49,Kolkata Port (Syama Prasad Mookerjee Port) incl. Haldia Dock Complex,480.67,ICD Amingaon,198.43,Sutarkandi ICP,24.77,Lokpriya Gopinath Bordoloi International Airport (GAU),196.01,MMLP Silchar,34.2,Silchar Terminal,34.2,FCI Depot Silchar,34.2,SRIBHUMI Toll Plaza,36.81
Amreng,WEST KARBI ANAGLONG,752.0,6244036969,village,627,1.63,Belghoria Expressway,553.13,HABAIPUR,21.85,Bihara,85.75,Kolkata Port (Syama Prasad Mookerjee Port) incl. Haldia Dock Complex,565.73,ICD Amingaon,121.17,Dawki ICP,98.46,Lokpriya Gopinath Bordoloi International Airport (GAU),127.12,MMLP Silchar,98.98,Silghat Terminal,95.43,FCI Depot Dimapur,91.51,DIMA HASAO Toll Plaza,31.88
Harangajao,DIMA HASAO,315.0,6244305246,village,27,0.68,Belghoria Expressway,519.16,DITOKCHERRA,6.44,Bihara,23.58,Kolkata Port (Syama Prasad Mookerjee Port) incl. Haldia Dock Complex,531.24,ICD Amingaon,163.7,Sutarkandi ICP,60.4,Lokpriya Gopinath Bordoloi International Airport (GAU),165.13,MMLP Silchar,31.75,Silchar Terminal,31.75,FCI Depot Silchar,31.75,CACHAR Toll Plaza,21.03
Malangpa,DIMA HASAO,315.0,6244446903,village,27,11.78,Belghoria Expressway,521.27,DITOKCHERRA,13.44,Bihara,30.06,Kolkata Port (Syama Prasad Mookerjee Port) incl. Haldia Dock Complex,533.45,ICD Amingaon,153.7,Sutarkandi ICP,65.96,Lokpriya Gopinath Bordoloi International Airport (GAU),155.54,MMLP Silchar,41.43,Silchar Terminal,41.43,FCI Depot Silchar,41.43,CACHAR Toll Plaza,29.61
Kumbhirgram,CACHAR,316.0,6245693270,village,37,8.29,Belghoria Expressway,519.04,JIRIGHAT,14.81,Bihara,29.61,Kolkata Port (Syama Prasad Mookerjee Port) incl. Haldia Dock Complex,530.83,ICD Amingaon,188.69,Sutarkandi ICP,58.34,Lokpriya Gopinath Bordoloi International Airport (GAU),189.59,MMLP Silchar,21.62,Lakhipur Terminal,13.55,FCI Depot Silchar,21.62,CACHAR Toll Plaza,22.75
Subhang,CACHAR,316.0,6245693663,village,27,2.6,Belghoria Expressway,505.51,DAMCHARA,8.62,Bihara,11.31,Kolkata Port (Syama Prasad Mookerjee Port) incl. Haldia Dock Complex,517.44,ICD Amingaon,173.55,Sutarkandi ICP,44.53,Lokpriya Gopinath Bordoloi International Airport (GAU),173.78,MMLP Silchar,12.83,Silchar Terminal,12.83,FCI Depot Silchar,12.83,CACHAR Toll Plaza,4.59
Longshep,DIMA HASAO,315.0,6246654287,village,27,1.16,Belghoria Expressway,554.22,MAIBANG,2.88,Bihara,58.3,Kolkata Port (Syama Prasad Mookerjee Port) incl. Haldia Dock Complex,566.31,ICD Amingaon,174.81,Sutarkandi ICP,94.88,Lokpriya Gopinath Bordoloi International Airport (GAU),178.56,MMLP Silchar,62.03,Lakhipur Terminal,57.03,FCI Depot Silchar,62.03,DIMA HASAO Toll Plaza,48.75
Gidingpur,DIMA HASAO,315.0,6246654288,village,27,1.27,Belghoria Expressway,553.99,MAIBANG,1.32,Bihara,58.3,Kolkata Port (Syama Prasad Mookerjee Port) incl. Haldia Dock Complex,566.09,ICD Amingaon,173.24,Sutarkandi ICP,94.95,Lokpriya Gopinath Bordoloi International Airport (GAU),177.03,MMLP Silchar,62.46,Lakhipur Terminal,58.0,FCI Depot Silchar,62.46,DIMA HASAO Toll Plaza,47.43
Thingje,DIMA HASAO,315.0,6247258124,village,137G,8.34,Belghoria Expressway,571.65,WADRENGDISA,19.72,Khongsang,47.5,Kolkata Port (Syama Prasad Mookerjee Port) incl. Haldia Dock Complex,583.6,ICD Amingaon,194.63,Sutarkandi ICP,110.68,Lokpriya Gopinath Bordoloi International Airport (GAU),198.92,MMLP Silchar,75.27,Lakhipur Terminal,63.94,FCI Depot Imphal,73.46,DIMA HASAO Toll Plaza,56.75
Binnakandi,CACHAR,316.0,6247259728,village,37,8.58,Belghoria Expressway,510.07,JIRIGHAT,14.13,Bihara,38.64,Kolkata Port (Syama Prasad Mookerjee Port) incl. Haldia Dock Complex,521.65,ICD Amingaon,203.51,Sutarkandi ICP,54.47,Lokpriya Gopinath Bordoloi International Airport (GAU),203.56,MMLP Silchar,23.06,Lakhipur Terminal,6.66,FCI Depot Silchar,23.06,CACHAR Toll Plaza,32.65
Lakhichara,CACHAR,316.0,6247491664,village,37,3.28,Belghoria Expressway,528.85,JIRIBAM,3.95,Khongsang,35.35,Kolkata Port (Syama Prasad Mookerjee Port) incl. Haldia Dock Complex,540.48,ICD Amingaon,204.61,Sutarkandi ICP,70.69,Lokpriya Gopinath Bordoloi International Airport (GAU),205.82,MMLP Silchar,34.97,Lakhipur Terminal,14.19,FCI Depot Silchar,34.97,CACHAR Toll Plaza,39.14
Diglāng,CACHAR,316.0,6247491758,village,37,7.74,Belghoria Expressway,532.26,JIRIBAM,8.35,Khongsang,33.76,Kolkata Port (Syama Prasad Mookerjee Port) incl. Haldia Dock Complex,543.93,ICD Amingaon,202.99,Sutarkandi ICP,73.28,Lokpriya Gopinath Bordoloi International Airport (GAU),204.45,MMLP Silchar,37.02,Lakhipur Terminal,17.72,FCI Depot Silchar,37.02,CACHAR Toll Plaza,39.85
Kerhlām,DIMA HASAO,315.0,6247909755,village,27,17.99,Belghoria Expressway,542.45,MAHUR,18.55,Khongsang,36.7,Kolkata Port (Syama Prasad Mookerjee Port) incl. Haldia Dock Complex,554.26,ICD Amingaon,194.0,Sutarkandi ICP,81.45,Lokpriya Gopinath Bordoloi International Airport (GAU),196.34,MMLP Silchar,44.92,Lakhipur Terminal,31.76,FCI Depot Silchar,44.92,CACHAR Toll Plaza,42.91
Hāngrum,DIMA HASAO,315.0,6247910684,village,137G,4.1,Belghoria Expressway,558.81,DAOTUHAJA,16.87,Khongsang,37.7,Kolkata Port (Syama Prasad Mookerjee Port) incl. Haldia Dock Complex,570.68,ICD Amingaon,195.78,Sutarkandi ICP,97.63,Lokpriya Gopinath Bordoloi International Airport (GAU),199.17,MMLP Silchar,61.52,Lakhipur Terminal,48.84,FCI Depot Silchar,61.52,CACHAR Toll Plaza,57.93
Baitha-Langso,WEST KARBI ANAGLONG,752.0,6248985957,village,627,0.01,Belghoria Expressway,551.36,JAMUNAMUKH,20.79,Baihata,98.1,Kolkata Port (Syama Prasad Mookerjee Port) incl. Haldia Dock Complex,564.18,ICD Amingaon,92.64,Darranga ICP,79.52,Lokpriya Gopinath Bordoloi International Airport (GAU),100.23,MMLP Silchar,124.87,Tezpur Terminal,74.84,FCI Depot Shillong,81.08,HOJAI Toll Plaza,29.67
Lektheh,WEST KARBI ANAGLONG,752.0,6250025455,village,627,8.36,Belghoria Expressway,536.32,AUJARI,22.15,Baihata,80.03,Kolkata Port (Syama Prasad Mookerjee Port) incl. Haldia Dock Complex,549.21,ICD Amingaon,73.17,Darranga ICP,68.79,Lokpriya Gopinath Bordoloi International Airport (GAU),80.29,MMLP Silchar,129.73,Pandu Terminal (Guwahati),72.54,FCI Depot Shillong,65.0,NAGAON Toll Plaza,33.13
Digar Kharo,DIMA HASAO,315.0,6251245454,village,27,16.43,Belghoria Expressway,570.69,WADRENGDISA,16.19,Khongsang,58.77,Kolkata Port (Syama Prasad Mookerjee Port) incl. Haldia Dock Complex,582.76,ICD Amingaon,183.93,Sutarkandi ICP,110.89,Lokpriya Gopinath Bordoloi International Airport (GAU),188.54,MMLP Silchar,77.03,Lakhipur Terminal,68.96,FCI Depot Dimapur,72.96,DIMA HASAO Toll Plaza,45.08
Bara Digar,DIMA HASAO,315.0,6251245455,village,27,15.96,Belghoria Expressway,571.41,WADRENGDISA,17.26,Khongsang,60.97,Kolkata Port (Syama Prasad Mookerjee Port) incl. Haldia Dock Complex,583.5,ICD Amingaon,182.5,Sutarkandi ICP,111.92,Lokpriya Gopinath Bordoloi International Airport (GAU),187.22,MMLP Silchar,78.35,Lakhipur Terminal,70.74,FCI Depot Dimapur,71.41,DIMA HASAO Toll Plaza,42.91
Fulertal,CACHAR,316.0,6263361653,village,37,0.25,Belghoria Expressway,517.48,JIRIGHAT,6.24,Bihara,38.5,Kolkata Port (Syama Prasad Mookerjee Port) incl. Haldia Dock Complex,529.11,ICD Amingaon,201.25,Sutarkandi ICP,59.8,Lokpriya Gopinath Bordoloi International Airport (GAU),201.81,MMLP Silchar,25.15,Lakhipur Terminal,2.86,FCI Depot Silchar,25.15,CACHAR Toll Plaza,31.88
Karigaon,KOKRAJHAR,300.0,6265884238,village,117A,0.01,Belghoria Expressway,465.5,SALAKATI,11.71,Jogighopa,40.85,Kolkata Port (Syama Prasad Mookerjee Port) incl. Haldia Dock Complex,478.59,ICD Amingaon,137.12,Golakganj ICP,70.31,Lokpriya Gopinath Bordoloi International Airport (GAU),131.06,MMLP Jogighopa,41.31,Jogighopa Terminal,41.31,FCI Depot Guwahati,143.55,KOKRAJHAR Toll Plaza,10.29
Dokmoka,KARBI ANGLONG,314.0,6266333914,village,29,0.01,Belghoria Expressway,602.63,Salona Assam,27.34,Baihata,134.81,Kolkata Port (Syama Prasad Mookerjee Port) incl. Haldia Dock Complex,615.4,ICD Amingaon,134.59,Darranga ICP,100.24,Lokpriya Gopinath Bordoloi International Airport (GAU),144.35,MMLP Silchar,152.1,Silghat Terminal,46.06,FCI Depot Dimapur,74.15,HOJAI Toll Plaza,22.62
Talap,TINSUKIA,309.0,6284459627,village,115,0.07,Belghoria Expressway,893.98,Tingrai,23.11,Khongsang,369.78,Kolkata Port (Syama Prasad Mookerjee Port) incl. Haldia Dock Complex,906.63,ICD Amingaon,412.23,Darranga ICP,358.87,Lokpriya Gopinath Bordoloi International Airport (GAU),424.02,MMLP Silchar,412.36,Oriumghat (Sadiya) Terminal,19.23,FCI Depot Dibrugarh,67.03,LAKHIMPUR Toll Plaza,179.5
Lekhapani,TINSUKIA,309.0,6293977985,village,315,0.03,Belghoria Expressway,894.01,Ledo,11.43,Khongsang,355.52,Kolkata Port (Syama Prasad Mookerjee Port) incl. Haldia Dock Complex,906.44,ICD Amingaon,424.43,Moreh ICP,366.24,Lokpriya Gopinath Bordoloi International Airport (GAU),435.79,MMLP Silchar,404.31,Oriumghat (Sadiya) Terminal,57.32,FCI Depot Dibrugarh,91.03,LAKHIMPUR Toll Plaza,195.88
Umrangso,DIMA HASAO,315.0,6301170168,village,627,0.16,Belghoria Expressway,531.75,DIJAOBRA,35.76,Bihara,59.38,Kolkata Port (Syama Prasad Mookerjee Port) incl. Haldia Dock Complex,544.22,ICD Amingaon,126.84,Dawki ICP,78.16,Lokpriya Gopinath Bordoloi International Airport (GAU),130.42,MMLP Silchar,73.41,Badarpur Terminal,70.74,FCI Depot Silchar,73.41,DIMA HASAO Toll Plaza,46.95
Kalachand,DIMA HASAO,315.0,6336198471,village,27,0.15,Belghoria Expressway,554.93,KALACHAND,0.31,Bihara,60.07,Kolkata Port (Syama Prasad Mookerjee Port) incl. Haldia Dock Complex,567.07,ICD Amingaon,169.44,Sutarkandi ICP,96.86,Lokpriya Gopinath Bordoloi International Airport (GAU),173.44,MMLP Silchar,65.32,Lakhipur Terminal,62.03,FCI Depot Silchar,65.32,DIMA HASAO Toll Plaza,42.92
Baraigram,SRIBHUMI,317.0,6336366881,village,8,0.02,Belghoria Expressway,451.57,Baraigram Junction,0.38,Bihara,45.99,Kolkata Port (Syama Prasad Mookerjee Port) incl. Haldia Dock Complex,463.46,ICD Amingaon,175.57,Sutarkandi ICP,9.62,Lokpriya Gopinath Bordoloi International Airport (GAU),172.01,MMLP Silchar,46.29,Karimganj Terminal,21.06,FCI Depot Silchar,46.29,SRIBHUMI Toll Plaza,18.71
Ramkrishna Nagar,SRIBHUMI,317.0,6338319948,village,6,9.77,Belghoria Expressway,456.34,Anipur,3.52,Bihara,48.6,Kolkata Port (Syama Prasad Mookerjee Port) incl. Haldia Dock Complex,468.01,ICD Amingaon,191.56,Sutarkandi ICP,16.98,Lokpriya Gopinath Bordoloi International Airport (GAU),188.36,MMLP Silchar,42.79,Karimganj Terminal,35.19,FCI Depot Silchar,42.79,SRIBHUMI Toll Plaza,30.63
Hamren,WEST KARBI ANAGLONG,752.0,6464778886,village,627,13.29,Belghoria Expressway,541.2,JUGIJAN,31.07,Bihara,96.51,Kolkata Port (Syama Prasad Mookerjee Port) incl. Haldia Dock Complex,553.96,ICD Amingaon,95.14,Dawki ICP,89.42,Lokpriya Gopinath Bordoloi International Airport (GAU),101.3,MMLP Silchar,111.75,Tezpur Terminal,88.5,FCI Depot Shillong,73.07,HOJAI Toll Plaza,40.49
Kajalgaon,CHIRANG,320.0,6482378186,village,27,0.24,Belghoria Expressway,469.56,NEW BONGAIGAON,4.29,Jogighopa,30.03,Kolkata Port (Syama Prasad Mookerjee Port) incl. Haldia Dock Complex,482.72,ICD Amingaon,118.78,Golakganj ICP,81.67,Lokpriya Gopinath Bordoloi International Airport (GAU),112.9,MMLP Jogighopa,30.67,Jogighopa Terminal,30.67,FCI Depot Guwahati,125.23,BONGAIGAON Toll Plaza,18.71
Borchahaki,CHARAIDEO,704.0,6874965813,village,2,6.28,Belghoria Expressway,806.71,MORAN,5.87,Khongsang,283.67,Kolkata Port (Syama Prasad Mookerjee Port) incl. Haldia Dock Complex,819.3,ICD Amingaon,332.2,Darranga ICP,281.73,Lokpriya Gopinath Bordoloi International Airport (GAU),343.59,MMLP Silchar,324.16,Bogibeel Terminal,37.29,FCI Depot Dibrugarh,40.41,LAKHIMPUR Toll Plaza,105.28
Kamkuh Russa,CHARAIDEO,704.0,6888318382,village,215,6.9,Belghoria Expressway,832.95,BARUANAGAR,8.47,Khongsang,299.67,Kolkata Port (Syama Prasad Mookerjee Port) incl. Haldia Dock Complex,845.42,ICD Amingaon,364.09,Darranga ICP,314.59,Lokpriya Gopinath Bordoloi International Airport (GAU),375.31,MMLP Silchar,345.26,Bogibeel Terminal,46.28,FCI Depot Dibrugarh,55.7,GOLAGHAT Toll Plaza,138.57
Agamoni,DHUBRI,301.0,6993697243,village,17,0.06,Belghoria Expressway,409.04,Agomoni,2.98,Jogighopa,77.82,Kolkata Port (Syama Prasad Mookerjee Port) incl. Haldia Dock Complex,421.91,ICD Siliguri,145.06,Golakganj ICP,11.62,Lokpriya Gopinath Bordoloi International Airport (GAU),176.97,MMLP Jogighopa,77.62,Hatsingimari Ro-Ro Terminal,24.11,FCI Depot Siliguri,147.59,DHUBRI Toll Plaza,8.25
Tulsibari,KAMRUP RURAL,321.0,7017989704,village,127D,0.01,Belghoria Expressway,525.25,RANGIYA JN,6.21,Baihata,19.43,Kolkata Port (Syama Prasad Mookerjee Port) incl. Haldia Dock Complex,538.49,ICD Amingaon,36.19,Darranga ICP,49.37,Lokpriya Gopinath Bordoloi International Airport (GAU),43.34,MMLP Jogighopa,104.4,Pandu Terminal (Guwahati),38.31,FCI Depot Guwahati,41.42,KAMRUP RURAL Toll Plaza,24.21
Mornai,GOALPARA,302.0,7079174910,village,17,10.94,Belghoria Expressway,441.66,KRISHNAI,7.35,Jogighopa,22.46,Kolkata Port (Syama Prasad Mookerjee Port) incl. Haldia Dock Complex,454.91,ICD Amingaon,91.86,Mankachar ICP,87.11,Lokpriya Gopinath Bordoloi International Airport (GAU),82.2,MMLP Jogighopa,22.15,Jogighopa Terminal,22.15,FCI Depot Guwahati,97.11,BONGAIGAON Toll Plaza,40.58
Mendipathar,GOALPARA,302.0,7152463889,village,217,8.2,Belghoria Expressway,418.84,DUDHNOI,15.33,Jogighopa,35.3,Kolkata Port (Syama Prasad Mookerjee Port) incl. Haldia Dock Complex,432.09,ICD Amingaon,106.52,Mankachar ICP,65.31,Lokpriya Gopinath Bordoloi International Airport (GAU),95.58,MMLP Jogighopa,34.67,Jogighopa Terminal,34.67,FCI Depot Guwahati,110.95,BONGAIGAON Toll Plaza,60.85
Kamalpur,KAMRUP RURAL,321.0,7157275460,village,27,0.09,Belghoria Expressway,517.06,BAIHATA,0.66,Baihata,0.66,Kolkata Port (Syama Prasad Mookerjee Port) incl. Haldia Dock Complex,530.27,ICD Amingaon,18.31,Darranga ICP,46.57,Lokpriya Gopinath Bordoloi International Airport (GAU),27.95,MMLP Jogighopa,109.03,Pandu Terminal (Guwahati),20.49,FCI Depot Guwahati,22.84,KAMRUP RURAL Toll Plaza,5.56
Salbari,BAKSA,324.0,7157454052,village,127A,8.24,Belghoria Expressway,509.27,SORUPETA,15.52,Baihata,65.98,Kolkata Port (Syama Prasad Mookerjee Port) incl. Haldia Dock Complex,522.52,ICD Amingaon,76.01,Darranga ICP,98.6,Lokpriya Gopinath Bordoloi International Airport (GAU),75.33,MMLP Jogighopa,67.51,Jogighopa Terminal,67.51,FCI Depot Guwahati,82.7,BONGAIGAON Toll Plaza,41.67
Kampur,NAGAON,305.0,7158274936,village,27,8.07,Belghoria Expressway,569.47,KAMPUR,0.06,Baihata,97.49,Kolkata Port (Syama Prasad Mookerjee Port) incl. Haldia Dock Complex,582.36,ICD Amingaon,95.94,Darranga ICP,69.15,Lokpriya Gopinath Bordoloi International Airport (GAU),105.42,MMLP Silchar,144.66,Tezpur Terminal,53.31,FCI Depot Guwahati,90.43,NAGAON Toll Plaza,14.73
Tingkhong,DIBRUGARH,310.0,7158694224,village,215,8.08,Belghoria Expressway,834.17,BARUANAGAR,9.8,Khongsang,307.32,Kolkata Port (Syama Prasad Mookerjee Port) incl. Haldia Dock Complex,846.73,ICD Amingaon,359.56,Darranga ICP,308.59,Lokpriya Gopinath Bordoloi International Airport (GAU),371.01,MMLP Silchar,350.02,Bogibeel Terminal,28.11,FCI Depot Dibrugarh,37.78,LAKHIMPUR Toll Plaza,130.76
Bhowraguri,KOKRAJHAR,300.0,7158947568,village,27,7.21,Belghoria Expressway,442.34,CHAUTARA,3.66,Jogighopa,54.21,Kolkata Port (Syama Prasad Mookerjee Port) incl. Haldia Dock Complex,455.33,ICD Amingaon,160.67,Golakganj ICP,42.54,Lokpriya Gopinath Bordoloi International Airport (GAU),153.2,MMLP Jogighopa,54.32,Dhubri Terminal,45.61,FCI Depot Siliguri,166.34,KOKRAJHAR Toll Plaza,11.97
Chapar,DHUBRI,301.0,7159004379,village,17,0.17,Belghoria Expressway,442.43,JOGIGHOPA,13.55,Jogighopa,13.55,Kolkata Port (Syama Prasad Mookerjee Port) incl. Haldia Dock Complex,455.6,ICD Amingaon,121.77,Golakganj ICP,62.89,Lokpriya Gopinath Bordoloi International Airport (GAU),113.53,MMLP Jogighopa,13.57,Jogighopa Terminal,13.57,FCI Depot Guwahati,127.64,BONGAIGAON Toll Plaza,34.54
Bagribari,DHUBRI,301.0,7159006604,village,17,0.88,Belghoria Expressway,422.24,TIPKAI,13.91,Jogighopa,43.03,Kolkata Port (Syama Prasad Mookerjee Port) incl. Haldia Dock Complex,435.32,ICD Amingaon,151.05,Golakganj ICP,32.26,Lokpriya Gopinath Bordoloi International Airport (GAU),142.12,MMLP Jogighopa,42.8,Dhubri Terminal,25.31,FCI Depot Guwahati,156.68,DHUBRI Toll Plaza,30.85
Boitamari,BONGAIGAON,319.0,7159010046,village,17,0.89,Belghoria Expressway,453.26,MAJGAON ASSAM,10.59,Jogighopa,13.64,Kolkata Port (Syama Prasad Mookerjee Port) incl. Haldia Dock Complex,466.45,ICD Amingaon,116.16,Golakganj ICP,72.13,Lokpriya Gopinath Bordoloi International Airport (GAU),108.71,MMLP Jogighopa,14.15,Jogighopa Terminal,14.15,FCI Depot Guwahati,122.27,BONGAIGAON Toll Plaza,23.92
Bengtol,CHIRANG,320.0,7159026712,village,127C,7.53,Belghoria Expressway,479.79,NEW BONGAIGAON YARD,18.7,Jogighopa,44.34,Kolkata Port (Syama Prasad Mookerjee Port) incl. Haldia Dock Complex,492.91,ICD Amingaon,127.77,Golakganj ICP,86.53,Lokpriya Gopinath Bordoloi International Airport (GAU),122.88,MMLP Jogighopa,44.96,Jogighopa Terminal,44.96,FCI Depot Guwahati,134.37,KOKRAJHAR Toll Plaza,24.92
Balijana,GOALPARA,302.0,7159046934,village,17,2.03,Belghoria Expressway,428.96,PANCHARATNA,8.6,Jogighopa,17.81,Kolkata Port (Syama Prasad Mookerjee Port) incl. Haldia Dock Complex,442.19,ICD Amingaon,112.25,Golakganj ICP,69.86,Lokpriya Gopinath Bordoloi International Airport (GAU),102.49,MMLP Jogighopa,17.12,Jogighopa Terminal,17.12,FCI Depot Guwahati,117.47,BONGAIGAON Toll Plaza,46.14
Rangjuli,GOALPARA,302.0,7159052459,village,17,0.09,Belghoria Expressway,439.77,RANGJULI,2.88,Jogighopa,46.17,Kolkata Port (Syama Prasad Mookerjee Port) incl. Haldia Dock Complex,453.03,ICD Amingaon,76.51,Mankachar ICP,92.6,Lokpriya Gopinath Bordoloi International Airport (GAU),65.41,MMLP Jogighopa,45.88,Jogighopa Terminal,45.88,FCI Depot Guwahati,80.8,BONGAIGAON Toll Plaza,59.44
Matia,GOALPARA,302.0,7159054303,village,17,11.34,Belghoria Expressway,442.88,DUDHNOI,10.0,Jogighopa,27.93,Kolkata Port (Syama Prasad Mookerjee Port) incl. Haldia Dock Complex,456.14,ICD Amingaon,86.69,Mankachar ICP,89.6,Lokpriya Gopinath Bordoloi International Airport (GAU),76.82,MMLP Jogighopa,27.67,Jogighopa Terminal,27.67,FCI Depot Guwahati,91.83,BONGAIGAON Toll Plaza,43.38
Kalgachia,BARPETA,303.0,7159255409,village,427,11.15,Belghoria Expressway,471.6,SORBHOG JN,14.7,Jogighopa,31.54,Kolkata Port (Syama Prasad Mookerjee Port) incl. Haldia Dock Complex,484.84,ICD Amingaon,81.77,Golakganj ICP,105.83,Lokpriya Gopinath Bordoloi International Airport (GAU),75.35,MMLP Jogighopa,31.96,Jogighopa Terminal,31.96,FCI Depot Guwahati,88.09,BONGAIGAON Toll Plaza,19.96
Srijangram,BONGAIGAON,319.0,7159255410,village,117,6.29,Belghoria Expressway,465.36,ABHAYAPURI ASSAM,6.85,Jogighopa,19.83,Kolkata Port (Syama Prasad Mookerjee Port) incl. Haldia Dock Complex,478.58,ICD Amingaon,97.97,Golakganj ICP,91.17,Lokpriya Gopinath Bordoloi International Airport (GAU),91.27,MMLP Jogighopa,20.45,Jogighopa Terminal,20.45,FCI Depot Guwahati,104.25,BONGAIGAON Toll Plaza,10.29
Palasbari,KAMRUP RURAL,321.0,7159263817,village,17,4.58,Belghoria Expressway,483.73,MIRZA,8.25,Baihata,33.26,Kolkata Port (Syama Prasad Mookerjee Port) incl. Haldia Dock Complex,496.94,ICD Amingaon,23.27,Darranga ICP,78.79,Lokpriya Gopinath Bordoloi International Airport (GAU),13.14,MMLP Jogighopa,86.97,Pandu Terminal (Guwahati),22.76,FCI Depot Guwahati,27.99,KAMRUP RURAL Toll Plaza,33.01
Mukalmua,NALBARI,323.0,7159263818,village,427,0.07,Belghoria Expressway,490.37,KAITHALKUCHI,19.42,Baihata,33.73,Kolkata Port (Syama Prasad Mookerjee Port) incl. Haldia Dock Complex,503.62,ICD Amingaon,33.92,Darranga ICP,79.46,Lokpriya Gopinath Bordoloi International Airport (GAU),29.32,MMLP Jogighopa,76.05,Pandu Terminal (Guwahati),34.63,FCI Depot Guwahati,40.38,KAMRUP RURAL Toll Plaza,36.17
Baghbor,BARPETA,303.0,7159264903,village,427,19.58,Belghoria Expressway,457.4,KRISHNAI,22.84,Jogighopa,26.9,Kolkata Port (Syama Prasad Mookerjee Port) incl. Haldia Dock Complex,470.65,ICD Amingaon,81.56,Golakganj ICP,100.82,Lokpriya Gopinath Bordoloi International Airport (GAU),73.18,MMLP Jogighopa,27.01,Jogighopa Terminal,27.01,FCI Depot Guwahati,87.35,BONGAIGAON Toll Plaza,31.19
Chenga,BARPETA,303.0,7159269209,village,427,0.11,Belghoria Expressway,479.94,NIZ-SARIHA HALT,23.17,Baihata,52.25,Kolkata Port (Syama Prasad Mookerjee Port) incl. Haldia Dock Complex,493.19,ICD Amingaon,52.59,Darranga ICP,96.97,Lokpriya Gopinath Bordoloi International Airport (GAU),46.23,MMLP Jogighopa,57.16,Pandu Terminal (Guwahati),53.09,FCI Depot Guwahati,58.85,BONGAIGAON Toll Plaza,48.33
Goroimari,KAMRUP RURAL,321.0,7159270019,village,17,11.15,Belghoria Expressway,469.97,BAMUNI GAON,10.54,Baihata,49.92,Kolkata Port (Syama Prasad Mookerjee Port) incl. Haldia Dock Complex,483.21,ICD Amingaon,42.99,Darranga ICP,96.36,Lokpriya Gopinath Bordoloi International Airport (GAU),32.9,MMLP Jogighopa,67.75,Pandu Terminal (Guwahati),42.63,FCI Depot Guwahati,47.92,KAMRUP RURAL Toll Plaza,50.85
Chamaria,KAMRUP RURAL,321.0,7159270020,village,17,11.59,Belghoria Expressway,461.03,SONACHARA,8.58,Baihata,59.73,Kolkata Port (Syama Prasad Mookerjee Port) incl. Haldia Dock Complex,474.27,ICD Amingaon,52.47,Darranga ICP,106.18,Lokpriya Gopinath Bordoloi International Airport (GAU),41.85,MMLP Jogighopa,60.6,Pandu Terminal (Guwahati),51.98,FCI Depot Guwahati,57.11,KAMRUP RURAL Toll Plaza,60.68
Nagarbera,KAMRUP RURAL,321.0,7159270021,village,17,15.76,Belghoria Expressway,456.53,RANGJULI,14.56,Jogighopa,43.86,Kolkata Port (Syama Prasad Mookerjee Port) incl. Haldia Dock Complex,469.79,ICD Amingaon,66.95,Mankachar ICP,106.78,Lokpriya Gopinath Bordoloi International Airport (GAU),57.3,MMLP Jogighopa,43.82,Jogighopa Terminal,43.82,FCI Depot Guwahati,72.18,BONGAIGAON Toll Plaza,48.35
Harisinga,UDALGURI,326.0,7159270041,village,715A,14.11,Belghoria Expressway,567.88,HARISINGA,0.32,Baihata,51.1,Kolkata Port (Syama Prasad Mookerjee Port) incl. Haldia Dock Complex,581.09,ICD Amingaon,66.62,Darranga ICP,22.22,Lokpriya Gopinath Bordoloi International Airport (GAU),78.12,MMLP Jogighopa,148.14,Pandu Terminal (Guwahati),68.57,FCI Depot Guwahati,67.91,KAMRUP RURAL Toll Plaza,52.59
Baghmara,BAJALI,771.0,7159287305,village,127A,0.09,Belghoria Expressway,511.15,PATHSALA,12.8,Baihata,57.73,Kolkata Port (Syama Prasad Mookerjee Port) incl. Haldia Dock Complex,524.41,ICD Amingaon,68.28,Darranga ICP,90.49,Lokpriya Gopinath Bordoloi International Airport (GAU),68.26,MMLP Jogighopa,72.02,Pandu Terminal (Guwahati),69.8,FCI Depot Guwahati,74.93,BONGAIGAON Toll Plaza,47.95
Jalah,BAKSA,324.0,7159292586,village,127A,0.87,Belghoria Expressway,515.71,PATHSALA,16.95,Baihata,58.02,Kolkata Port (Syama Prasad Mookerjee Port) incl. Haldia Dock Complex,528.96,ICD Amingaon,69.56,Darranga ICP,88.66,Lokpriya Gopinath Bordoloi International Airport (GAU),70.29,MMLP Jogighopa,76.16,Pandu Terminal (Guwahati),71.18,FCI Depot Guwahati,76.14,BONGAIGAON Toll Plaza,51.41
Doomni,BAKSA,324.0,7159314357,village,127A,8.09,Belghoria Expressway,527.59,NIZ-SARIHA HALT,26.64,Baihata,54.72,Kolkata Port (Syama Prasad Mookerjee Port) incl. Haldia Dock Complex,540.84,ICD Amingaon,68.77,Darranga ICP,79.34,Lokpriya Gopinath Bordoloi International Airport (GAU),71.74,MMLP Jogighopa,89.03,Pandu Terminal (Guwahati),70.63,FCI Depot Guwahati,75.0,KAMRUP RURAL Toll Plaza,59.61
Pipalibari,NALBARI,323.0,7159365221,village,27,9.65,Belghoria Expressway,499.6,KAITHALKUCHI,6.49,Baihata,35.13,Kolkata Port (Syama Prasad Mookerjee Port) incl. Haldia Dock Complex,512.85,ICD Amingaon,41.32,Darranga ICP,77.35,Lokpriya Gopinath Bordoloi International Airport (GAU),39.86,MMLP Jogighopa,75.88,Pandu Terminal (Guwahati),42.56,FCI Depot Guwahati,48.04,KAMRUP RURAL Toll Plaza,38.92
Banekuchi,NALBARI,323.0,7159365222,village,27,0.19,Belghoria Expressway,509.59,NALBARI,5.11,Baihata,31.64,Kolkata Port (Syama Prasad Mookerjee Port) incl. Haldia Dock Complex,522.84,ICD Amingaon,42.0,Darranga ICP,70.03,Lokpriya Gopinath Bordoloi International Airport (GAU),43.42,MMLP Jogighopa,83.72,Pandu Terminal (Guwahati),43.63,FCI Depot Guwahati,48.59,KAMRUP RURAL Toll Plaza,36.12
Kamarkuchi,NALBARI,323.0,7159370809,village,427,7.61,Belghoria Expressway,504.83,NALBARI,11.7,Baihata,20.02,Kolkata Port (Syama Prasad Mookerjee Port) incl. Haldia Dock Complex,518.06,ICD Amingaon,26.87,Darranga ICP,64.49,Lokpriya Gopinath Bordoloi International Airport (GAU),28.36,MMLP Jogighopa,89.58,Pandu Terminal (Guwahati),28.41,FCI Depot Guwahati,33.55,KAMRUP RURAL Toll Plaza,23.55
Ghograpar,NALBARI,323.0,7159375989,village,27,0.05,Belghoria Expressway,516.58,GHOGRAPUR,1.12,Baihata,19.26,Kolkata Port (Syama Prasad Mookerjee Port) incl. Haldia Dock Complex,529.82,ICD Amingaon,33.08,Darranga ICP,56.91,Lokpriya Gopinath Bordoloi International Airport (GAU),38.01,MMLP Jogighopa,96.37,Pandu Terminal (Guwahati),35.04,FCI Depot Guwahati,39.13,KAMRUP RURAL Toll Plaza,24.07
Unnamed Village,KAMRUP RURAL,321.0,7159393392,village,27,8.95,Belghoria Expressway,509.83,KENDUKANA,9.22,Baihata,13.94,Kolkata Port (Syama Prasad Mookerjee Port) incl. Haldia Dock Complex,523.06,ICD Amingaon,23.95,Darranga ICP,58.15,Lokpriya Gopinath Bordoloi International Airport (GAU),28.2,MMLP Jogighopa,95.95,Pandu Terminal (Guwahati),25.78,FCI Depot Guwahati,30.32,KAMRUP RURAL Toll Plaza,17.89
Phuloni,KARBI ANGLONG,314.0,7159950254,village,29,0.03,Belghoria Expressway,606.8,DHALPUKHURI,32.9,Bihara,139.01,Kolkata Port (Syama Prasad Mookerjee Port) incl. Haldia Dock Complex,619.51,ICD Amingaon,142.93,Darranga ICP,109.43,Lokpriya Gopinath Bordoloi International Airport (GAU),152.47,MMLP Silchar,150.1,Silghat Terminal,52.58,FCI Depot Dimapur,64.96,HOJAI Toll Plaza,29.66
Rupahi,NAGAON,305.0,7159953022,village,127,5.88,Belghoria Expressway,594.16,Rupahigaon,0.35,Baihata,103.85,Kolkata Port (Syama Prasad Mookerjee Port) incl. Haldia Dock Complex,607.12,ICD Amingaon,107.16,Darranga ICP,64.47,Lokpriya Gopinath Bordoloi International Airport (GAU),118.27,MMLP Silchar,172.01,Tezpur Terminal,24.33,FCI Depot Guwahati,102.87,NAGAON Toll Plaza,20.71
Morangi,GOLAGHAT,313.0,7159959456,village,129,2.49,Belghoria Expressway,686.48,Numaligarh,5.07,Khongsang,191.89,Kolkata Port (Syama Prasad Mookerjee Port) incl. Haldia Dock Complex,699.16,ICD Amingaon,214.2,Darranga ICP,168.48,Lokpriya Gopinath Bordoloi International Airport (GAU),225.06,MMLP Silchar,215.41,Sengajan (Panbari) Terminal,12.03,FCI Depot Jorhat,41.85,GOLAGHAT Toll Plaza,12.99
Sarupathar,GOLAGHAT,313.0,7159959457,village,129,4.89,Belghoria Expressway,665.63,SARUPATHAR,0.16,Khongsang,152.35,Kolkata Port (Syama Prasad Mookerjee Port) incl. Haldia Dock Complex,678.09,ICD Amingaon,214.18,Darranga ICP,176.97,Lokpriya Gopinath Bordoloi International Airport (GAU),223.76,MMLP Silchar,182.65,Sengajan (Panbari) Terminal,48.5,FCI Depot Dimapur,34.19,GOLAGHAT Toll Plaza,33.04
Mikirbheta,MARIGAON,304.0,7159969715,village,27,11.76,Belghoria Expressway,566.86,Raha,12.67,Baihata,75.47,Kolkata Port (Syama Prasad Mookerjee Port) incl. Haldia Dock Complex,579.88,ICD Amingaon,77.52,Darranga ICP,42.48,Lokpriya Gopinath Bordoloi International Airport (GAU),88.49,MMLP Silchar,165.18,Tezpur Terminal,47.66,FCI Depot Guwahati,73.08,NAGAON Toll Plaza,12.09
Laharighat,MARIGAON,304.0,7159969716,village,715A,10.66,Belghoria Expressway,566.24,Mairabari,8.51,Baihata,64.9,Kolkata Port (Syama Prasad Mookerjee Port) incl. Haldia Dock Complex,579.32,ICD Amingaon,69.86,Darranga ICP,27.61,Lokpriya Gopinath Bordoloi International Airport (GAU),81.6,MMLP Jogighopa,174.27,Tezpur Terminal,50.53,FCI Depot Guwahati,66.43,NAGAON Toll Plaza,27.16
Silonijan,KARBI ANGLONG,314.0,7159979489,village,129,1.1,Belghoria Expressway,675.32,BHILGAON,5.32,Khongsang,167.54,Kolkata Port (Syama Prasad Mookerjee Port) incl. Haldia Dock Complex,687.86,ICD Amingaon,215.88,Darranga ICP,175.32,Lokpriya Gopinath Bordoloi International Airport (GAU),225.97,MMLP Silchar,195.91,Sengajan (Panbari) Terminal,34.76,FCI Depot Dimapur,49.03,GOLAGHAT Toll Plaza,17.78
Khumtai,GOLAGHAT,313.0,7159998707,village,129,5.65,Belghoria Expressway,689.87,Numaligarh,2.72,Khongsang,195.62,Kolkata Port (Syama Prasad Mookerjee Port) incl. Haldia Dock Complex,702.56,ICD Amingaon,216.45,Darranga ICP,170.14,Lokpriya Gopinath Bordoloi International Airport (GAU),227.39,MMLP Silchar,219.25,Sengajan (Panbari) Terminal,12.67,FCI Depot Jorhat,38.91,GOLAGHAT Toll Plaza,10.98
Naobaicha,LAKHIMPUR,307.0,7160009137,village,15,0.21,Belghoria Expressway,742.05,MELENG,49.32,Baihata,245.21,Kolkata Port (Syama Prasad Mookerjee Port) incl. Haldia Dock Complex,754.92,ICD Amingaon,252.79,Darranga ICP,199.18,Lokpriya Gopinath Bordoloi International Airport (GAU),264.68,MMLP Silchar,281.72,Neamati Terminal,42.59,FCI Depot Itanagar,41.53,LAKHIMPUR Toll Plaza,19.92
Dhakuakhana,LAKHIMPUR,307.0,7160147292,village,15,22.86,Belghoria Expressway,776.21,DESANG,28.57,Khongsang,273.93,Kolkata Port (Syama Prasad Mookerjee Port) incl. Haldia Dock Complex,788.97,ICD Amingaon,292.01,Darranga ICP,239.39,Lokpriya Gopinath Bordoloi International Airport (GAU),303.74,MMLP Silchar,305.13,Neamati Terminal,51.51,FCI Depot Dibrugarh,54.17,LAKHIMPUR Toll Plaza,60.16
Bilmukh,LAKHIMPUR,307.0,7160147293,village,15,13.81,Belghoria Expressway,774.75,DESANG,43.31,Baihata,278.93,Kolkata Port (Syama Prasad Mookerjee Port) incl. Haldia Dock Complex,787.57,ICD Amingaon,286.59,Darranga ICP,232.83,Lokpriya Gopinath Bordoloi International Airport (GAU),298.48,MMLP Silchar,308.77,Neamati Terminal,56.96,FCI Depot Dibrugarh,59.02,LAKHIMPUR Toll Plaza,53.71
Kadam,LAKHIMPUR,307.0,7160147294,village,15,0.15,Belghoria Expressway,762.67,MELENG,58.67,Baihata,263.65,Kolkata Port (Syama Prasad Mookerjee Port) incl. Haldia Dock Complex,775.55,ICD Amingaon,271.81,Darranga ICP,217.39,Lokpriya Gopinath Bordoloi International Airport (GAU),283.8,MMLP Silchar,302.1,Neamati Terminal,56.28,FCI Depot Itanagar,59.5,LAKHIMPUR Toll Plaza,40.05
Tengakhat,DIBRUGARH,310.0,7160153703,village,15,11.6,Belghoria Expressway,844.15,CHABUA,10.95,Khongsang,322.16,Kolkata Port (Syama Prasad Mookerjee Port) incl. Haldia Dock Complex,856.78,ICD Amingaon,364.87,Darranga ICP,312.61,Lokpriya Gopinath Bordoloi International Airport (GAU),376.51,MMLP Silchar,362.99,Bogibeel Terminal,15.93,FCI Depot Dibrugarh,26.97,LAKHIMPUR Toll Plaza,133.34
Sadiya,TINSUKIA,309.0,7160154171,village,115,2.63,Belghoria Expressway,913.33,Tingrai,43.38,Khongsang,390.86,Kolkata Port (Syama Prasad Mookerjee Port) incl. Haldia Dock Complex,926.01,ICD Amingaon,429.14,Darranga ICP,375.09,Lokpriya Gopinath Bordoloi International Airport (GAU),441.03,MMLP Silchar,433.04,Oriumghat (Sadiya) Terminal,1.95,FCI Depot Dibrugarh,84.11,LAKHIMPUR Toll Plaza,196.26
Sologuri,CHARAIDEO,704.0,7160154172,village,2,4.25,Belghoria Expressway,798.73,MOHKHUTI,4.12,Khongsang,277.59,Kolkata Port (Syama Prasad Mookerjee Port) incl. Haldia Dock Complex,811.33,ICD Amingaon,323.76,Darranga ICP,273.33,Lokpriya Gopinath Bordoloi International Airport (GAU),335.16,MMLP Silchar,317.07,Bogibeel Terminal,42.27,FCI Depot Dibrugarh,43.43,LAKHIMPUR Toll Plaza,97.19
Krishnanagar,SRIBHUMI,317.0,7160175377,village,8,11.33,Belghoria Expressway,451.54,Dullabcherra,3.59,Bihara,55.61,Kolkata Port (Syama Prasad Mookerjee Port) incl. Haldia Dock Complex,463.14,ICD Amingaon,197.08,Sutarkandi ICP,23.55,Lokpriya Gopinath Bordoloi International Airport (GAU),193.59,MMLP Silchar,49.04,Karimganj Terminal,41.27,FCI Depot Silchar,49.04,SRIBHUMI Toll Plaza,37.12
Algapur,HAILAKANDI,318.0,7160175378,village,6,0.05,Belghoria Expressway,477.78,Algapur,0.84,Bihara,23.69,Kolkata Port (Syama Prasad Mookerjee Port) incl. Haldia Dock Complex,489.62,ICD Amingaon,178.52,Sutarkandi ICP,16.99,Lokpriya Gopinath Bordoloi International Airport (GAU),176.75,MMLP Silchar,19.81,Badarpur Terminal,17.98,FCI Depot Silchar,19.81,SRIBHUMI Toll Plaza,20.81
Katigora,CACHAR,316.0,7160175379,village,37,0.64,Belghoria Expressway,481.92,BADURPUR GHAT,1.01,Bihara,14.68,Kolkata Port (Syama Prasad Mookerjee Port) incl. Haldia Dock Complex,493.9,ICD Amingaon,166.58,Sutarkandi ICP,22.32,Lokpriya Gopinath Bordoloi International Airport (GAU),165.17,MMLP Silchar,20.99,Badarpur Terminal,8.62,FCI Depot Silchar,20.99,SRIBHUMI Toll Plaza,17.12
Pathargaon,JORHAT,312.0,7301485443,village,702D,13.54,Belghoria Expressway,716.59,TITABAR,3.95,Khongsang,201.16,Kolkata Port (Syama Prasad Mookerjee Port) incl. Haldia Dock Complex,729.13,ICD Amingaon,251.43,Darranga ICP,206.45,Lokpriya Gopinath Bordoloi International Airport (GAU),262.08,MMLP Silchar,235.35,Neamati Terminal,25.69,FCI Depot Jorhat,19.99,GOLAGHAT Toll Plaza,29.39
Mariani,JORHAT,312.0,7772225596,village,702D,0.18,Belghoria Expressway,730.47,MARIANI JN,0.84,Khongsang,213.76,Kolkata Port (Syama Prasad Mookerjee Port) incl. Haldia Dock Complex,743.02,ICD Amingaon,263.23,Darranga ICP,217.0,Lokpriya Gopinath Bordoloi International Airport (GAU),274.06,MMLP Silchar,249.12,Neamati Terminal,21.6,FCI Depot Jorhat,15.26,GOLAGHAT Toll Plaza,38.86
Koupati,UDALGURI,326.0,7781806786,village,15;715A,4.45,Belghoria Expressway,572.05,ROWTA BAGAN,17.44,Baihata,60.21,Kolkata Port (Syama Prasad Mookerjee Port) incl. Haldia Dock Complex,585.19,ICD Amingaon,70.0,Darranga ICP,14.19,Lokpriya Gopinath Bordoloi International Airport (GAU),82.29,MMLP Jogighopa,167.42,Tezpur Terminal,54.91,FCI Depot Guwahati,68.37,NAGAON Toll Plaza,46.57
Unnamed Hamlet,NAGAON,305.0,8236648713,village,715,8.86,Belghoria Expressway,627.35,Salona,13.37,Baihata,141.94,Kolkata Port (Syama Prasad Mookerjee Port) incl. Haldia Dock Complex,640.22,ICD Amingaon,145.47,Darranga ICP,100.55,Lokpriya Gopinath Bordoloi International Airport (GAU),156.51,MMLP Silchar,182.88,Silghat Terminal,24.84,FCI Depot Itanagar,80.15,NAGAON Toll Plaza,26.54
Unnamed Hamlet,KARBI ANGLONG,314.0,8236648714,village,715,8.81,Belghoria Expressway,630.09,Salona,16.5,Baihata,145.17,Kolkata Port (Syama Prasad Mookerjee Port) incl. Haldia Dock Complex,642.95,ICD Amingaon,148.7,Darranga ICP,103.71,Lokpriya Gopinath Bordoloi International Airport (GAU),159.72,MMLP Silchar,183.97,Biswanath Ghat Terminal,26.37,FCI Depot Itanagar,77.93,NAGAON Toll Plaza,29.43
Unnamed Hamlet,KARBI ANGLONG,314.0,8236648715,village,715,9.5,Belghoria Expressway,629.87,Salona,16.83,Baihata,145.37,Kolkata Port (Syama Prasad Mookerjee Port) incl. Haldia Dock Complex,642.72,ICD Amingaon,148.81,Darranga ICP,104.01,Lokpriya Gopinath Bordoloi International Airport (GAU),159.81,MMLP Silchar,183.39,Biswanath Ghat Terminal,27.03,FCI Depot Itanagar,78.33,NAGAON Toll Plaza,29.88
Unnamed Hamlet,KARBI ANGLONG,314.0,8236648716,village,715,10.17,Belghoria Expressway,631.84,Salona,19.85,Baihata,148.29,Kolkata Port (Syama Prasad Mookerjee Port) incl. Haldia Dock Complex,644.68,ICD Amingaon,151.63,Darranga ICP,107.02,Lokpriya Gopinath Bordoloi International Airport (GAU),162.59,MMLP Silchar,183.57,Biswanath Ghat Terminal,27.78,FCI Depot Itanagar,77.12,NAGAON Toll Plaza,32.87
Unnamed Hamlet,NAGAON,305.0,8236684922,village,715,8.01,Belghoria Expressway,624.59,Salona,8.91,Baihata,137.67,Kolkata Port (Syama Prasad Mookerjee Port) incl. Haldia Dock Complex,637.47,ICD Amingaon,141.4,Darranga ICP,96.11,Lokpriya Gopinath Bordoloi International Airport (GAU),152.5,MMLP Silchar,182.95,Silghat Terminal,20.82,FCI Depot Itanagar,82.12,NAGAON Toll Plaza,22.12
Unnamed Hamlet,KARBI ANGLONG,314.0,8236684923,village,715,6.0,Belghoria Expressway,623.27,Salona,5.45,Baihata,134.46,Kolkata Port (Syama Prasad Mookerjee Port) incl. Haldia Dock Complex,636.18,ICD Amingaon,138.51,Darranga ICP,92.52,Lokpriya Gopinath Bordoloi International Airport (GAU),149.72,MMLP Silchar,184.38,Silghat Terminal,16.88,FCI Depot Itanagar,82.82,NAGAON Toll Plaza,18.17
Unnamed Hamlet,NAGAON,305.0,8236684924,village,715,5.55,Belghoria Expressway,621.43,Salona,2.86,Baihata,131.62,Kolkata Port (Syama Prasad Mookerjee Port) incl. Haldia Dock Complex,634.35,ICD Amingaon,135.82,Darranga ICP,89.56,Lokpriya Gopinath Bordoloi International Airport (GAU),147.08,MMLP Silchar,184.52,Silghat Terminal,14.43,FCI Depot Itanagar,84.39,NAGAON Toll Plaza,15.23
Unnamed Hamlet,NAGAON,305.0,8236684925,village,715,4.91,Belghoria Expressway,621.87,Salona,3.25,Baihata,131.72,Kolkata Port (Syama Prasad Mookerjee Port) incl. Haldia Dock Complex,634.79,ICD Amingaon,136.0,Darranga ICP,89.54,Lokpriya Gopinath Bordoloi International Airport (GAU),147.28,MMLP Silchar,185.17,Silghat Terminal,13.96,FCI Depot Itanagar,83.91,NAGAON Toll Plaza,15.01
Unnamed Hamlet,NAGAON,305.0,8236684926,village,715,4.24,Belghoria Expressway,622.15,Salona,3.6,Baihata,131.55,Kolkata Port (Syama Prasad Mookerjee Port) incl. Haldia Dock Complex,635.07,ICD Amingaon,135.94,Darranga ICP,89.24,Lokpriya Gopinath Bordoloi International Airport (GAU),147.24,MMLP Silchar,185.87,Silghat Terminal,13.23,FCI Depot Itanagar,83.56,NAGAON Toll Plaza,14.52
Unnamed Hamlet,NAGAON,305.0,8236685977,village,715,0.02,Belghoria Expressway,630.84,Jakhalabandha,9.51,Baihata,139.62,Kolkata Port (Syama Prasad Mookerjee Port) incl. Haldia Dock Complex,643.76,ICD Amingaon,144.38,Darranga ICP,96.63,Lokpriya Gopinath Bordoloi International Airport (GAU),155.75,MMLP Silchar,191.63,Silghat Terminal,17.34,FCI Depot Itanagar,75.04,NAGAON Toll Plaza,21.35
Unnamed Hamlet,NAGAON,305.0,8236685978,village,715,0.65,Belghoria Expressway,630.67,Jakhalabandha,9.84,Baihata,139.88,Kolkata Port (Syama Prasad Mookerjee Port) incl. Haldia Dock Complex,643.58,ICD Amingaon,144.54,Darranga ICP,96.99,Lokpriya Gopinath Bordoloi International Airport (GAU),155.89,MMLP Silchar,191.01,Silghat Terminal,17.9,FCI Depot Itanagar,75.3,NAGAON Toll Plaza,21.72
Unnamed Hamlet,NAGAON,305.0,8236685979,village,715,0.87,Belghoria Expressway,630.82,Jakhalabandha,10.27,Baihata,140.27,Kolkata Port (Syama Prasad Mookerjee Port) incl. Haldia Dock Complex,643.73,ICD Amingaon,144.89,Darranga ICP,97.44,Lokpriya Gopinath Bordoloi International Airport (GAU),156.23,MMLP Silchar,190.81,Silghat Terminal,18.41,FCI Depot Itanagar,75.21,NAGAON Toll Plaza,22.17
Unnamed Hamlet,NAGAON,305.0,8236685981,village,715,1.02,Belghoria Expressway,631.82,Jakhalabandha,11.86,Baihata,141.79,Kolkata Port (Syama Prasad Mookerjee Port) incl. Haldia Dock Complex,644.72,ICD Amingaon,146.33,Darranga ICP,99.02,Lokpriya Gopinath Bordoloi International Airport (GAU),157.65,MMLP Silchar,190.78,Biswanath Ghat Terminal,18.93,FCI Depot Itanagar,74.4,NAGAON Toll Plaza,23.77
Unnamed Hamlet,NAGAON,305.0,8236685982,village,715,1.1,Belghoria Expressway,631.42,Jakhalabandha,11.24,Baihata,141.2,Kolkata Port (Syama Prasad Mookerjee Port) incl. Haldia Dock Complex,644.33,ICD Amingaon,145.77,Darranga ICP,98.4,Lokpriya Gopinath Bordoloi International Airport (GAU),157.09,MMLP Silchar,190.79,Biswanath Ghat Terminal,18.95,FCI Depot Itanagar,74.72,NAGAON Toll Plaza,23.14
Unnamed Hamlet,NAGAON,305.0,8236689624,village,715,0.97,Belghoria Expressway,638.59,Jakhalabandha,20.48,Baihata,150.36,Kolkata Port (Syama Prasad Mookerjee Port) incl. Haldia Dock Complex,651.47,ICD Amingaon,154.73,Darranga ICP,107.64,Lokpriya Gopinath Bordoloi International Airport (GAU),165.98,MMLP Silchar,192.88,Biswanath Ghat Terminal,18.8,FCI Depot Itanagar,68.81,NAGAON Toll Plaza,32.37
Unnamed Hamlet,NAGAON,305.0,8236689625,village,715,0.53,Belghoria Expressway,638.38,Jakhalabandha,19.89,Baihata,149.83,Kolkata Port (Syama Prasad Mookerjee Port) incl. Haldia Dock Complex,651.26,ICD Amingaon,154.26,Darranga ICP,107.05,Lokpriya Gopinath Bordoloi International Airport (GAU),165.52,MMLP Silchar,193.12,Biswanath Ghat Terminal,18.29,FCI Depot Itanagar,68.85,NAGAON Toll Plaza,31.77
Unnamed Hamlet,NAGAON,305.0,8236689626,village,715,2.06,Belghoria Expressway,635.07,Jakhalabandha,16.73,Baihata,146.49,Kolkata Port (Syama Prasad Mookerjee Port) incl. Haldia Dock Complex,647.96,ICD Amingaon,150.83,Darranga ICP,103.87,Lokpriya Gopinath Bordoloi International Airport (GAU),162.09,MMLP Silchar,191.09,Biswanath Ghat Terminal,19.21,FCI Depot Itanagar,71.85,NAGAON Toll Plaza,28.64
Unnamed Hamlet,NAGAON,305.0,8236689627,village,715,2.55,Belghoria Expressway,634.01,Jakhalabandha,15.95,Baihata,145.56,Kolkata Port (Syama Prasad Mookerjee Port) incl. Haldia Dock Complex,646.9,ICD Amingaon,149.86,Darranga ICP,103.04,Lokpriya Gopinath Bordoloi International Airport (GAU),161.1,MMLP Silchar,190.28,Biswanath Ghat Terminal,19.84,FCI Depot Itanagar,72.88,NAGAON Toll Plaza,27.84
Unnamed Hamlet,NAGAON,305.0,8236689628,village,715,2.17,Belghoria Expressway,634.57,Jakhalabandha,16.16,Baihata,145.9,Kolkata Port (Syama Prasad Mookerjee Port) incl. Haldia Dock Complex,647.46,ICD Amingaon,150.25,Darranga ICP,103.3,Lokpriya Gopinath Bordoloi International Airport (GAU),161.51,MMLP Silchar,190.87,Biswanath Ghat Terminal,19.29,FCI Depot Itanagar,72.28,NAGAON Toll Plaza,28.07
Unnamed Hamlet,NAGAON,305.0,8236689629,village,715,1.24,Belghoria Expressway,636.42,Jakhalabandha,17.95,Baihata,147.8,Kolkata Port (Syama Prasad Mookerjee Port) incl. Haldia Dock Complex,649.3,ICD Amingaon,152.19,Darranga ICP,105.11,Lokpriya Gopinath Bordoloi International Airport (GAU),163.45,MMLP Silchar,191.95,Biswanath Ghat Terminal,18.71,FCI Depot Itanagar,70.61,NAGAON Toll Plaza,29.85
Unnamed Hamlet,NAGAON,305.0,8236689630,village,715,0.52,Belghoria Expressway,637.65,Jakhalabandha,18.98,Baihata,148.92,Kolkata Port (Syama Prasad Mookerjee Port) incl. Haldia Dock Complex,650.53,ICD Amingaon,153.37,Darranga ICP,106.14,Lokpriya Gopinath Bordoloi International Airport (GAU),164.64,MMLP Silchar,192.85,Biswanath Ghat Terminal,18.18,FCI Depot Itanagar,69.44,NAGAON Toll Plaza,30.87
Unnamed Hamlet,NAGAON,305.0,8236689631,village,715,0.04,Belghoria Expressway,637.6,Jakhalabandha,18.55,Baihata,148.55,Kolkata Port (Syama Prasad Mookerjee Port) incl. Haldia Dock Complex,650.48,ICD Amingaon,153.05,Darranga ICP,105.7,Lokpriya Gopinath Bordoloi International Airport (GAU),164.34,MMLP Silchar,193.19,Biswanath Ghat Terminal,17.65,FCI Depot Itanagar,69.35,NAGAON Toll Plaza,30.42
Unnamed Hamlet,NAGAON,305.0,8236689632,village,715,0.29,Belghoria Expressway,637.06,Jakhalabandha,17.93,Baihata,147.93,Kolkata Port (Syama Prasad Mookerjee Port) incl. Haldia Dock Complex,649.95,ICD Amingaon,152.43,Darranga ICP,105.08,Lokpriya Gopinath Bordoloi International Airport (GAU),163.72,MMLP Silchar,192.96,Biswanath Ghat Terminal,17.67,FCI Depot Itanagar,69.81,NAGAON Toll Plaza,29.81
Unnamed Hamlet,NAGAON,305.0,8236689633,village,715,0.84,Belghoria Expressway,635.1,Jakhalabandha,15.75,Baihata,145.71,Kolkata Port (Syama Prasad Mookerjee Port) incl. Haldia Dock Complex,647.99,ICD Amingaon,150.22,Darranga ICP,102.91,Lokpriya Gopinath Bordoloi International Airport (GAU),161.51,MMLP Silchar,192.04,Biswanath Ghat Terminal,18.02,FCI Depot Itanagar,71.52,NAGAON Toll Plaza,27.64
Unnamed Hamlet,NAGAON,305.0,8236689634,village,715,0.61,Belghoria Expressway,635.36,Jakhalabandha,15.85,Baihata,145.85,Kolkata Port (Syama Prasad Mookerjee Port) incl. Haldia Dock Complex,648.25,ICD Amingaon,150.38,Darranga ICP,103.01,Lokpriya Gopinath Bordoloi International Airport (GAU),161.69,MMLP Silchar,192.33,Biswanath Ghat Terminal,17.74,FCI Depot Itanagar,71.24,NAGAON Toll Plaza,27.74
Unnamed Hamlet,NAGAON,305.0,8236689635,village,715,0.32,Belghoria Expressway,635.35,Jakhalabandha,15.65,Baihata,145.68,Kolkata Port (Syama Prasad Mookerjee Port) incl. Haldia Dock Complex,648.24,ICD Amingaon,150.24,Darranga ICP,102.8,Lokpriya Gopinath Bordoloi International Airport (GAU),161.56,MMLP Silchar,192.52,Biswanath Ghat Terminal,17.5,FCI Depot Itanagar,71.19,NAGAON Toll Plaza,27.52
Unnamed Hamlet,NAGAON,305.0,8236689636,village,715,0.51,Belghoria Expressway,634.92,Jakhalabandha,15.35,Baihata,145.34,Kolkata Port (Syama Prasad Mookerjee Port) incl. Haldia Dock Complex,647.82,ICD Amingaon,149.87,Darranga ICP,102.51,Lokpriya Gopinath Bordoloi International Airport (GAU),161.18,MMLP Silchar,192.15,Biswanath Ghat Terminal,17.82,FCI Depot Itanagar,71.62,NAGAON Toll Plaza,27.23
Unnamed Hamlet,NAGAON,305.0,8236689637,village,715,0.31,Belghoria Expressway,634.2,Jakhalabandha,14.55,Baihata,144.53,Kolkata Port (Syama Prasad Mookerjee Port) incl. Haldia Dock Complex,647.1,ICD Amingaon,149.06,Darranga ICP,101.71,Lokpriya Gopinath Bordoloi International Airport (GAU),160.37,MMLP Silchar,191.82,Biswanath Ghat Terminal,18.04,FCI Depot Itanagar,72.26,NAGAON Toll Plaza,26.44
Unnamed Hamlet,NAGAON,305.0,8236689638,village,715,3.97,Belghoria Expressway,639.32,Jakhalabandha,24.22,Baihata,153.47,Kolkata Port (Syama Prasad Mookerjee Port) incl. Haldia Dock Complex,652.17,ICD Amingaon,157.42,Darranga ICP,111.23,Lokpriya Gopinath Bordoloi International Airport (GAU),168.55,MMLP Silchar,190.71,Biswanath Ghat Terminal,22.86,FCI Depot Itanagar,69.43,NAGAON Toll Plaza,36.1
Unnamed Hamlet,NAGAON,305.0,8236689639,village,715,3.94,Belghoria Expressway,637.49,Jakhalabandha,21.81,Baihata,151.06,Kolkata Port (Syama Prasad Mookerjee Port) incl. Haldia Dock Complex,650.35,ICD Amingaon,155.07,Darranga ICP,108.8,Lokpriya Gopinath Bordoloi International Airport (GAU),166.22,MMLP Silchar,190.17,Biswanath Ghat Terminal,22.04,FCI Depot Itanagar,70.69,NAGAON Toll Plaza,33.68
Unnamed Hamlet,NAGAON,305.0,8236689640,village,715,2.8,Belghoria Expressway,640.74,Jakhalabandha,24.91,Baihata,154.43,Kolkata Port (Syama Prasad Mookerjee Port) incl. Haldia Dock Complex,653.6,ICD Amingaon,158.51,Darranga ICP,112.02,Lokpriya Gopinath Bordoloi International Airport (GAU),169.67,MMLP Silchar,192.12,Biswanath Ghat Terminal,22.02,FCI Depot Itanagar,67.94,NAGAON Toll Plaza,36.81
Unnamed Hamlet,NAGAON,305.0,8236689641,village,715,0.05,Belghoria Expressway,642.66,Jakhalabandha,25.04,Baihata,154.99,Kolkata Port (Syama Prasad Mookerjee Port) incl. Haldia Dock Complex,655.53,ICD Amingaon,159.36,Darranga ICP,112.19,Lokpriya Gopinath Bordoloi International Airport (GAU),170.61,MMLP Silchar,194.85,Biswanath Ghat Terminal,19.62,FCI Depot Itanagar,65.5,NAGAON Toll Plaza,36.92
Unnamed Hamlet,NAGAON,305.0,8236689642,village,715,0.32,Belghoria Expressway,640.75,Jakhalabandha,22.33,Baihata,152.33,Kolkata Port (Syama Prasad Mookerjee Port) incl. Haldia Dock Complex,653.63,ICD Amingaon,156.79,Darranga ICP,109.46,Lokpriya Gopinath Bordoloi International Airport (GAU),168.07,MMLP Silchar,194.47,Biswanath Ghat Terminal,18.21,FCI Depot Itanagar,66.78,NAGAON Toll Plaza,34.19
Unnamed Hamlet,NAGAON,305.0,8236689643,village,715,1.05,Belghoria Expressway,640.62,Jakhalabandha,23.28,Baihata,153.11,Kolkata Port (Syama Prasad Mookerjee Port) incl. Haldia Dock Complex,653.48,ICD Amingaon,157.4,Darranga ICP,110.44,Lokpriya Gopinath Bordoloi International Airport (GAU),168.62,MMLP Silchar,193.36,Biswanath Ghat Terminal,19.87,FCI Depot Itanagar,67.37,NAGAON Toll Plaza,35.18
Unnamed Hamlet,NAGAON,305.0,8236689644,village,715,0.88,Belghoria Expressway,640.41,Jakhalabandha,22.86,Baihata,152.72,Kolkata Port (Syama Prasad Mookerjee Port) incl. Haldia Dock Complex,653.28,ICD Amingaon,157.04,Darranga ICP,110.03,Lokpriya Gopinath Bordoloi International Airport (GAU),168.27,MMLP Silchar,193.43,Biswanath Ghat Terminal,19.55,FCI Depot Itanagar,67.46,NAGAON Toll Plaza,34.76
Unnamed Hamlet,NAGAON,305.0,8236689645,village,715,1.3,Belghoria Expressway,639.64,Jakhalabandha,22.21,Baihata,152.01,Kolkata Port (Syama Prasad Mookerjee Port) incl. Haldia Dock Complex,652.51,ICD Amingaon,156.3,Darranga ICP,109.37,Lokpriya Gopinath Bordoloi International Airport (GAU),167.52,MMLP Silchar,192.87,Biswanath Ghat Terminal,19.7,FCI Depot Itanagar,68.16,NAGAON Toll Plaza,34.11
Unnamed Hamlet,NAGAON,305.0,8236689646,village,715,0.81,Belghoria Expressway,639.28,Jakhalabandha,21.3,Baihata,151.19,Kolkata Port (Syama Prasad Mookerjee Port) incl. Haldia Dock Complex,652.15,ICD Amingaon,155.55,Darranga ICP,108.46,Lokpriya Gopinath Bordoloi International Airport (GAU),166.8,MMLP Silchar,193.16,Biswanath Ghat Terminal,18.94,FCI Depot Itanagar,68.26,NAGAON Toll Plaza,33.19
Unnamed Hamlet,KARBI ANGLONG,314.0,8236692556,village,29,9.56,Belghoria Expressway,633.07,BOKAJAN,20.51,Khongsang,132.03,Kolkata Port (Syama Prasad Mookerjee Port) incl. Haldia Dock Complex,645.54,ICD Amingaon,186.35,Darranga ICP,154.33,Lokpriya Gopinath Bordoloi International Airport (GAU),195.27,MMLP Silchar,153.54,Sengajan (Panbari) Terminal,63.57,FCI Depot Dimapur,21.65,DIMA HASAO Toll Plaza,54.55
Unnamed Hamlet,KARBI ANGLONG,314.0,8236692557,village,29,9.25,Belghoria Expressway,634.54,BOKAJAN,18.5,Khongsang,131.88,Kolkata Port (Syama Prasad Mookerjee Port) incl. Haldia Dock Complex,647.01,ICD Amingaon,188.37,Darranga ICP,156.3,Lokpriya Gopinath Bordoloi International Airport (GAU),197.28,MMLP Silchar,154.33,Sengajan (Panbari) Terminal,63.47,FCI Depot Dimapur,20.08,DIMA HASAO Toll Plaza,55.95
Unnamed Hamlet,KARBI ANGLONG,314.0,8236692558,village,29,10.77,Belghoria Expressway,636.95,BOKAJAN,16.64,Khongsang,133.21,Kolkata Port (Syama Prasad Mookerjee Port) incl. Haldia Dock Complex,649.42,ICD Amingaon,190.4,Darranga ICP,157.89,Lokpriya Gopinath Bordoloi International Airport (GAU),199.37,MMLP Silchar,156.43,Sengajan (Panbari) Terminal,61.99,FCI Depot Dimapur,19.69,GOLAGHAT Toll Plaza,56.37
Unnamed Hamlet,KARBI ANGLONG,314.0,8236692559,village,29,10.67,Belghoria Expressway,637.58,BOKAJAN,15.47,Khongsang,132.85,Kolkata Port (Syama Prasad Mookerjee Port) incl. Haldia Dock Complex,650.04,ICD Amingaon,191.52,Darranga ICP,159.08,Lokpriya Gopinath Bordoloi International Airport (GAU),200.47,MMLP Silchar,156.61,Sengajan (Panbari) Terminal,62.3,FCI Depot Dimapur,18.7,GOLAGHAT Toll Plaza,56.2
Unnamed Hamlet,KARBI ANGLONG,314.0,8236692560,village,29,9.13,Belghoria Expressway,636.86,BOKAJAN,14.73,Khongsang,131.02,Kolkata Port (Syama Prasad Mookerjee Port) incl. Haldia Dock Complex,649.31,ICD Amingaon,192.09,Darranga ICP,160.12,Lokpriya Gopinath Bordoloi International Airport (GAU),200.96,MMLP Silchar,155.24,Sengajan (Panbari) Terminal,64.12,FCI Depot Dimapur,16.9,GOLAGHAT Toll Plaza,57.63
Unnamed Hamlet,KARBI ANGLONG,314.0,8236692561,village,29,6.42,Belghoria Expressway,633.54,KHOTKHOTI,16.61,Khongsang,128.95,Kolkata Port (Syama Prasad Mookerjee Port) incl. Haldia Dock Complex,645.99,ICD Amingaon,189.48,Darranga ICP,158.17,Lokpriya Gopinath Bordoloi International Airport (GAU),198.26,MMLP Silchar,152.22,Sengajan (Panbari) Terminal,66.29,FCI Depot Dimapur,17.31,DIMA HASAO Toll Plaza,54.89
Unnamed Hamlet,KARBI ANGLONG,314.0,8236692562,village,29,6.0,Belghoria Expressway,633.45,KHOTKHOTI,16.19,Khongsang,128.48,Kolkata Port (Syama Prasad Mookerjee Port) incl. Haldia Dock Complex,645.89,ICD Amingaon,189.76,Darranga ICP,158.57,Lokpriya Gopinath Bordoloi International Airport (GAU),198.52,MMLP Silchar,151.92,Sengajan (Panbari) Terminal,66.75,FCI Depot Dimapur,16.8,DIMA HASAO Toll Plaza,54.81
Unnamed Hamlet,KARBI ANGLONG,314.0,8236692563,village,29,5.15,Belghoria Expressway,630.97,KHOTKHOTI,18.39,Khongsang,127.68,Kolkata Port (Syama Prasad Mookerjee Port) incl. Haldia Dock Complex,643.42,ICD Amingaon,187.23,Darranga ICP,156.39,Lokpriya Gopinath Bordoloi International Airport (GAU),195.96,MMLP Silchar,150.04,Sengajan (Panbari) Terminal,67.78,FCI Depot Dimapur,18.4,DIMA HASAO Toll Plaza,52.32
Unnamed Hamlet,KARBI ANGLONG,314.0,8236692564,village,29,4.5,Belghoria Expressway,629.08,DIMAPUR,19.57,Khongsang,126.89,Kolkata Port (Syama Prasad Mookerjee Port) incl. Haldia Dock Complex,641.54,ICD Amingaon,185.5,Darranga ICP,154.97,Lokpriya Gopinath Bordoloi International Airport (GAU),194.19,MMLP Silchar,148.51,Sengajan (Panbari) Terminal,68.81,FCI Depot Dimapur,19.51,DIMA HASAO Toll Plaza,50.44
Unnamed Hamlet,KARBI ANGLONG,314.0,8236692565,village,29,4.48,Belghoria Expressway,628.19,DALDALI,20.13,Khongsang,127.0,Kolkata Port (Syama Prasad Mookerjee Port) incl. Haldia Dock Complex,640.65,ICD Amingaon,184.29,Darranga ICP,153.8,Lokpriya Gopinath Bordoloi International Airport (GAU),192.98,MMLP Silchar,148.03,Sengajan (Panbari) Terminal,68.91,FCI Depot Dimapur,20.63,DIMA HASAO Toll Plaza,49.56
Unnamed Hamlet,KARBI ANGLONG,314.0,8236692566,village,29,5.6,Belghoria Expressway,628.63,DALDALI,21.21,Khongsang,128.11,Kolkata Port (Syama Prasad Mookerjee Port) incl. Haldia Dock Complex,641.1,ICD Amingaon,183.93,Darranga ICP,153.15,Lokpriya Gopinath Bordoloi International Airport (GAU),192.67,MMLP Silchar,148.87,Sengajan (Panbari) Terminal,67.88,FCI Depot Dimapur,21.42,DIMA HASAO Toll Plaza,50.03
Unnamed Hamlet,KARBI ANGLONG,314.0,8236692567,village,29,6.82,Belghoria Expressway,629.98,KHOTKHOTI,21.28,Khongsang,129.31,Kolkata Port (Syama Prasad Mookerjee Port) incl. Haldia Dock Complex,642.45,ICD Amingaon,184.64,Darranga ICP,153.47,Lokpriya Gopinath Bordoloi International Airport (GAU),193.44,MMLP Silchar,150.31,Sengajan (Panbari) Terminal,66.54,FCI Depot Dimapur,21.4,DIMA HASAO Toll Plaza,51.4
Unnamed Hamlet,KARBI ANGLONG,314.0,8236692568,village,29,7.46,Belghoria Expressway,629.84,KHOTKHOTI,22.13,Khongsang,129.97,Kolkata Port (Syama Prasad Mookerjee Port) incl. Haldia Dock Complex,642.32,ICD Amingaon,183.94,Darranga ICP,152.62,Lokpriya Gopinath Bordoloi International Airport (GAU),192.77,MMLP Silchar,150.57,Sengajan (Panbari) Terminal,66.03,FCI Depot Dimapur,22.33,DIMA HASAO Toll Plaza,51.32
Unnamed Hamlet,KARBI ANGLONG,314.0,8236692569,village,29,7.62,Belghoria Expressway,630.37,KHOTKHOTI,21.67,Khongsang,130.13,Kolkata Port (Syama Prasad Mookerjee Port) incl. Haldia Dock Complex,642.85,ICD Amingaon,184.48,Darranga ICP,153.08,Lokpriya Gopinath Bordoloi International Airport (GAU),193.32,MMLP Silchar,150.97,Sengajan (Panbari) Terminal,65.77,FCI Depot Dimapur,21.97,DIMA HASAO Toll Plaza,51.84
Unnamed Hamlet,KARBI ANGLONG,314.0,8236692570,village,29,8.12,Belghoria Expressway,631.93,KHOTKHOTI,20.25,Khongsang,130.51,Kolkata Port (Syama Prasad Mookerjee Port) incl. Haldia Dock Complex,644.4,ICD Amingaon,186.14,Darranga ICP,154.55,Lokpriya Gopinath Bordoloi International Airport (GAU),194.99,MMLP Silchar,152.08,Sengajan (Panbari) Terminal,65.11,FCI Depot Dimapur,20.86,DIMA HASAO Toll Plaza,53.35
Unnamed Hamlet,KARBI ANGLONG,314.0,8236693017,village,715,8.88,Belghoria Expressway,633.18,Salona,20.32,Baihata,149.02,Kolkata Port (Syama Prasad Mookerjee Port) incl. Haldia Dock Complex,646.02,ICD Amingaon,152.5,Darranga ICP,107.53,Lokpriya Gopinath Bordoloi International Airport (GAU),163.51,MMLP Silchar,185.03,Biswanath Ghat Terminal,26.53,FCI Depot Itanagar,75.65,NAGAON Toll Plaza,33.09
Unnamed Hamlet,NAGAON,305.0,8236693018,village,715,4.05,Belghoria Expressway,635.6,Jakhalabandha,19.52,Baihata,148.73,Kolkata Port (Syama Prasad Mookerjee Port) incl. Haldia Dock Complex,648.47,ICD Amingaon,152.77,Darranga ICP,106.47,Lokpriya Gopinath Bordoloi International Airport (GAU),163.93,MMLP Silchar,189.48,Biswanath Ghat Terminal,21.69,FCI Depot Itanagar,72.13,NAGAON Toll Plaza,31.38
Unnamed Hamlet,NAGAON,305.0,8236693019,village,715,4.86,Belghoria Expressway,633.86,Salona,18.02,Baihata,147.02,Kolkata Port (Syama Prasad Mookerjee Port) incl. Haldia Dock Complex,646.73,ICD Amingaon,151.01,Darranga ICP,104.88,Lokpriya Gopinath Bordoloi International Airport (GAU),162.16,MMLP Silchar,188.36,Biswanath Ghat Terminal,22.26,FCI Depot Itanagar,73.7,NAGAON Toll Plaza,29.88
Unnamed Hamlet,KARBI ANGLONG,314.0,8236698579,village,29,2.41,Belghoria Expressway,610.57,Salona Assam,30.54,Baihata,143.83,Kolkata Port (Syama Prasad Mookerjee Port) incl. Haldia Dock Complex,623.31,ICD Amingaon,143.81,Darranga ICP,108.43,Lokpriya Gopinath Bordoloi International Airport (GAU),153.61,MMLP Silchar,155.19,Silghat Terminal,48.41,FCI Depot Dimapur,66.66,HOJAI Toll Plaza,31.67
Unnamed Hamlet,KARBI ANGLONG,314.0,8236698580,village,29,2.62,Belghoria Expressway,608.52,Salona Assam,28.41,Baihata,140.75,Kolkata Port (Syama Prasad Mookerjee Port) incl. Haldia Dock Complex,621.27,ICD Amingaon,140.79,Darranga ICP,105.39,Lokpriya Gopinath Bordoloi International Airport (GAU),150.62,MMLP Silchar,155.01,Silghat Terminal,46.61,FCI Depot Dimapur,69.54,HOJAI Toll Plaza,28.98
Unnamed Hamlet,KARBI ANGLONG,314.0,8236698581,village,29,3.67,Belghoria Expressway,610.57,Salona Assam,35.44,Bihara,141.41,Kolkata Port (Syama Prasad Mookerjee Port) incl. Haldia Dock Complex,623.28,ICD Amingaon,146.8,Darranga ICP,112.61,Lokpriya Gopinath Bordoloi International Airport (GAU),156.4,MMLP Silchar,152.2,Silghat Terminal,53.24,FCI Depot Dimapur,62.1,HOJAI Toll Plaza,33.68
Unnamed Hamlet,KARBI ANGLONG,314.0,8236698582,village,29,4.28,Belghoria Expressway,611.67,Salona Assam,35.13,Bihara,142.49,Kolkata Port (Syama Prasad Mookerjee Port) incl. Haldia Dock Complex,624.38,ICD Amingaon,147.48,Darranga ICP,112.93,Lokpriya Gopinath Bordoloi International Airport (GAU),157.12,MMLP Silchar,153.25,Silghat Terminal,52.78,FCI Depot Dimapur,61.96,HOJAI Toll Plaza,34.52
Unnamed Hamlet,KARBI ANGLONG,314.0,8236698583,village,29,2.91,Belghoria Expressway,610.27,Salona Assam,34.68,Bihara,141.56,Kolkata Port (Syama Prasad Mookerjee Port) incl. Haldia Dock Complex,622.99,ICD Amingaon,146.09,Darranga ICP,111.79,Lokpriya Gopinath Bordoloi International Airport (GAU),155.71,MMLP Silchar,152.42,Silghat Terminal,52.53,FCI Depot Dimapur,62.92,HOJAI Toll Plaza,33.05
Unnamed Hamlet,KARBI ANGLONG,314.0,8236698584,village,29,2.71,Belghoria Expressway,609.72,Salona Assam,34.98,Bihara,140.96,Kolkata Port (Syama Prasad Mookerjee Port) incl. Haldia Dock Complex,622.44,ICD Amingaon,145.82,Darranga ICP,111.74,Lokpriya Gopinath Bordoloi International Airport (GAU),155.41,MMLP Silchar,151.83,Silghat Terminal,52.89,FCI Depot Dimapur,62.89,HOJAI Toll Plaza,32.69
Unnamed Hamlet,KARBI ANGLONG,314.0,8236698585,village,29,2.26,Belghoria Expressway,609.94,Salona Assam,34.09,Bihara,141.61,Kolkata Port (Syama Prasad Mookerjee Port) incl. Haldia Dock Complex,622.66,ICD Amingaon,145.46,Darranga ICP,111.1,Lokpriya Gopinath Bordoloi International Airport (GAU),155.09,MMLP Silchar,152.53,Silghat Terminal,51.99,FCI Depot Dimapur,63.61,HOJAI Toll Plaza,32.49
Unnamed Hamlet,KARBI ANGLONG,314.0,8236698586,village,29,1.91,Belghoria Expressway,609.4,Salona Assam,34.18,Bihara,141.12,Kolkata Port (Syama Prasad Mookerjee Port) incl. Haldia Dock Complex,622.12,ICD Amingaon,145.07,Darranga ICP,110.87,Lokpriya Gopinath Bordoloi International Airport (GAU),154.68,MMLP Silchar,152.07,Silghat Terminal,52.15,FCI Depot Dimapur,63.76,HOJAI Toll Plaza,32.03
Unnamed Hamlet,KARBI ANGLONG,314.0,8236698587,village,29,2.14,Belghoria Expressway,609.14,Salona Assam,34.81,Bihara,140.57,Kolkata Port (Syama Prasad Mookerjee Port) incl. Haldia Dock Complex,621.85,ICD Amingaon,145.23,Darranga ICP,111.26,Lokpriya Gopinath Bordoloi International Airport (GAU),154.82,MMLP Silchar,151.48,Silghat Terminal,52.8,FCI Depot Dimapur,63.31,HOJAI Toll Plaza,32.07
Unnamed Hamlet,KARBI ANGLONG,314.0,8236698588,village,29,1.58,Belghoria Expressway,608.26,DHALPUKHURI,34.34,Bihara,139.77,Kolkata Port (Syama Prasad Mookerjee Port) incl. Haldia Dock Complex,620.97,ICD Amingaon,144.61,Darranga ICP,110.9,Lokpriya Gopinath Bordoloi International Airport (GAU),154.16,MMLP Silchar,150.72,Silghat Terminal,53.08,FCI Depot Dimapur,63.57,HOJAI Toll Plaza,31.35
Unnamed Hamlet,KARBI ANGLONG,314.0,8236698589,village,29,0.05,Belghoria Expressway,606.81,DHALPUKHURI,32.91,Bihara,139.05,Kolkata Port (Syama Prasad Mookerjee Port) incl. Haldia Dock Complex,619.53,ICD Amingaon,142.91,Darranga ICP,109.4,Lokpriya Gopinath Bordoloi International Airport (GAU),152.46,MMLP Silchar,150.14,Silghat Terminal,52.52,FCI Depot Dimapur,65.0,HOJAI Toll Plaza,29.65
Unnamed Hamlet,KARBI ANGLONG,314.0,8236698590,village,29,0.37,Belghoria Expressway,607.9,Salona Assam,33.65,Bihara,140.23,Kolkata Port (Syama Prasad Mookerjee Port) incl. Haldia Dock Complex,620.63,ICD Amingaon,143.48,Darranga ICP,109.54,Lokpriya Gopinath Bordoloi International Airport (GAU),153.07,MMLP Silchar,151.29,Silghat Terminal,51.81,FCI Depot Dimapur,64.97,HOJAI Toll Plaza,30.4
Unnamed Hamlet,KARBI ANGLONG,314.0,8236698591,village,29,0.66,Belghoria Expressway,606.94,DHALPUKHURI,33.09,Bihara,139.69,Kolkata Port (Syama Prasad Mookerjee Port) incl. Haldia Dock Complex,619.67,ICD Amingaon,142.41,Darranga ICP,108.62,Lokpriya Gopinath Bordoloi International Airport (GAU),152.0,MMLP Silchar,150.84,Silghat Terminal,51.55,FCI Depot Dimapur,65.82,HOJAI Toll Plaza,29.31
Unnamed Hamlet,KARBI ANGLONG,314.0,8236698592,village,29,1.89,Belghoria Expressway,605.5,DHALPUKHURI,31.67,Bihara,138.67,Kolkata Port (Syama Prasad Mookerjee Port) incl. Haldia Dock Complex,618.22,ICD Amingaon,141.08,Darranga ICP,107.63,Lokpriya Gopinath Bordoloi International Airport (GAU),150.64,MMLP Silchar,149.91,Silghat Terminal,51.62,FCI Depot Dimapur,66.73,HOJAI Toll Plaza,27.88
Unnamed Hamlet,KARBI ANGLONG,314.0,8236698593,village,29,2.15,Belghoria Expressway,605.22,DHALPUKHURI,31.48,Bihara,138.94,Kolkata Port (Syama Prasad Mookerjee Port) incl. Haldia Dock Complex,617.96,ICD Amingaon,140.31,Darranga ICP,106.71,Lokpriya Gopinath Bordoloi International Airport (GAU),149.9,MMLP Silchar,150.26,Silghat Terminal,50.84,FCI Depot Dimapur,67.65,HOJAI Toll Plaza,27.23
Unnamed Hamlet,KARBI ANGLONG,314.0,8236698594,village,29,0.13,Belghoria Expressway,608.01,Salona Assam,31.25,Bihara,141.64,Kolkata Port (Syama Prasad Mookerjee Port) incl. Haldia Dock Complex,620.74,ICD Amingaon,142.07,Darranga ICP,107.51,Lokpriya Gopinath Bordoloi International Airport (GAU),151.78,MMLP Silchar,152.86,Silghat Terminal,49.44,FCI Depot Dimapur,67.15,HOJAI Toll Plaza,29.47
Unnamed Hamlet,KARBI ANGLONG,314.0,8236698595,village,29,2.76,Belghoria Expressway,610.86,Salona Assam,33.63,Bihara,142.61,Kolkata Port (Syama Prasad Mookerjee Port) incl. Haldia Dock Complex,623.58,ICD Amingaon,145.92,Darranga ICP,111.22,Lokpriya Gopinath Bordoloi International Airport (GAU),155.6,MMLP Silchar,153.52,Silghat Terminal,51.41,FCI Depot Dimapur,63.66,HOJAI Toll Plaza,33.13
Unnamed Hamlet,KARBI ANGLONG,314.0,8236698596,village,29,3.19,Belghoria Expressway,611.53,Salona Assam,33.05,Bihara,143.49,Kolkata Port (Syama Prasad Mookerjee Port) incl. Haldia Dock Complex,624.26,ICD Amingaon,146.11,Darranga ICP,111.09,Lokpriya Gopinath Bordoloi International Airport (GAU),155.83,MMLP Silchar,154.4,Silghat Terminal,50.74,FCI Depot Dimapur,63.94,HOJAI Toll Plaza,33.51
Unnamed Hamlet,KARBI ANGLONG,314.0,8236698597,village,29,5.1,Belghoria Expressway,613.37,Salona Assam,33.62,Bihara,144.77,Kolkata Port (Syama Prasad Mookerjee Port) incl. Haldia Dock Complex,626.1,ICD Amingaon,147.89,Darranga ICP,112.52,Lokpriya Gopinath Bordoloi International Airport (GAU),157.65,MMLP Silchar,155.56,Silghat Terminal,51.0,FCI Depot Dimapur,62.82,HOJAI Toll Plaza,35.41
Unnamed Hamlet,KARBI ANGLONG,314.0,8236698598,village,29,5.89,Belghoria Expressway,614.4,Salona Assam,32.5,Bihara,146.26,Kolkata Port (Syama Prasad Mookerjee Port) incl. Haldia Dock Complex,627.12,ICD Amingaon,148.01,Darranga ICP,112.09,Lokpriya Gopinath Bordoloi International Airport (GAU),157.84,MMLP Silchar,157.08,Silghat Terminal,49.71,FCI Depot Dimapur,63.6,HOJAI Toll Plaza,35.92
Unnamed Hamlet,KARBI ANGLONG,314.0,8236698599,village,29,3.34,Belghoria Expressway,611.85,Salona Assam,32.12,Bihara,144.26,Kolkata Port (Syama Prasad Mookerjee Port) incl. Haldia Dock Complex,624.58,ICD Amingaon,145.8,Darranga ICP,110.47,Lokpriya Gopinath Bordoloi International Airport (GAU),155.57,MMLP Silchar,155.22,Silghat Terminal,49.76,FCI Depot Dimapur,64.71,HOJAI Toll Plaza,33.45
Unnamed Hamlet,KARBI ANGLONG,314.0,8236698600,village,29,4.47,Belghoria Expressway,612.98,Salona Assam,32.29,Bihara,145.13,Kolkata Port (Syama Prasad Mookerjee Port) incl. Haldia Dock Complex,625.71,ICD Amingaon,146.8,Darranga ICP,111.21,Lokpriya Gopinath Bordoloi International Airport (GAU),156.59,MMLP Silchar,156.02,Silghat Terminal,49.76,FCI Depot Dimapur,64.18,HOJAI Toll Plaza,34.55
Unnamed Hamlet,KARBI ANGLONG,314.0,8236698601,village,29,4.27,Belghoria Expressway,612.74,Salona Assam,31.4,Bihara,145.4,Kolkata Port (Syama Prasad Mookerjee Port) incl. Haldia Dock Complex,625.47,ICD Amingaon,146.08,Darranga ICP,110.33,Lokpriya Gopinath Bordoloi International Airport (GAU),155.9,MMLP Silchar,156.37,Silghat Terminal,48.91,FCI Depot Dimapur,65.09,HOJAI Toll Plaza,34.01
Unnamed Hamlet,KARBI ANGLONG,314.0,8236698602,village,29,3.41,Belghoria Expressway,611.64,Salona Assam,30.53,Baihata,144.61,Kolkata Port (Syama Prasad Mookerjee Port) incl. Haldia Dock Complex,624.38,ICD Amingaon,144.68,Darranga ICP,109.02,Lokpriya Gopinath Bordoloi International Airport (GAU),154.51,MMLP Silchar,156.02,Silghat Terminal,48.23,FCI Depot Dimapur,66.27,HOJAI Toll Plaza,32.69
Unnamed Hamlet,KARBI ANGLONG,314.0,8236698603,village,29,3.35,Belghoria Expressway,611.14,Salona Assam,29.64,Baihata,143.63,Kolkata Port (Syama Prasad Mookerjee Port) incl. Haldia Dock Complex,623.89,ICD Amingaon,143.74,Darranga ICP,107.99,Lokpriya Gopinath Bordoloi International Airport (GAU),153.59,MMLP Silchar,156.18,Silghat Terminal,47.43,FCI Depot Dimapur,67.29,HOJAI Toll Plaza,31.92
Unnamed Hamlet,KARBI ANGLONG,314.0,8236698604,village,29,3.2,Belghoria Expressway,610.22,Salona Assam,28.9,Baihata,142.43,Kolkata Port (Syama Prasad Mookerjee Port) incl. Haldia Dock Complex,622.97,ICD Amingaon,142.54,Darranga ICP,106.84,Lokpriya Gopinath Bordoloi International Airport (GAU),152.39,MMLP Silchar,155.93,Silghat Terminal,46.85,FCI Depot Dimapur,68.33,HOJAI Toll Plaza,30.8
Unnamed Hamlet,NAGAON,305.0,8236698819,village,715,4.67,Belghoria Expressway,639.58,Jakhalabandha,25.17,Baihata,154.25,Kolkata Port (Syama Prasad Mookerjee Port) incl. Haldia Dock Complex,652.43,ICD Amingaon,158.12,Darranga ICP,112.11,Lokpriya Gopinath Bordoloi International Airport (GAU),169.22,MMLP Silchar,190.31,Biswanath Ghat Terminal,23.77,FCI Depot Itanagar,69.52,NAGAON Toll Plaza,37.03
Unnamed Hamlet,KARBI ANGLONG,314.0,8236698820,village,715,7.09,Belghoria Expressway,637.63,Salona,24.59,Baihata,153.49,Kolkata Port (Syama Prasad Mookerjee Port) incl. Haldia Dock Complex,650.47,ICD Amingaon,157.1,Darranga ICP,111.73,Lokpriya Gopinath Bordoloi International Airport (GAU),168.12,MMLP Silchar,187.8,Biswanath Ghat Terminal,25.9,FCI Depot Itanagar,71.9,NAGAON Toll Plaza,36.91
Unnamed Hamlet,NAGAON,305.0,8236698821,village,715,7.98,Belghoria Expressway,634.15,Salona,20.77,Baihata,149.6,Kolkata Port (Syama Prasad Mookerjee Port) incl. Haldia Dock Complex,647.0,ICD Amingaon,153.18,Darranga ICP,107.96,Lokpriya Gopinath Bordoloi International Airport (GAU),164.21,MMLP Silchar,186.06,Biswanath Ghat Terminal,25.69,FCI Depot Itanagar,74.59,NAGAON Toll Plaza,33.33
Unnamed Hamlet,NAGAON,305.0,8236698822,village,715,7.18,Belghoria Expressway,635.26,Salona,21.58,Baihata,150.49,Kolkata Port (Syama Prasad Mookerjee Port) incl. Haldia Dock Complex,648.11,ICD Amingaon,154.14,Darranga ICP,108.73,Lokpriya Gopinath Bordoloi International Airport (GAU),165.18,MMLP Silchar,186.97,Biswanath Ghat Terminal,25.13,FCI Depot Itanagar,73.53,NAGAON Toll Plaza,33.97
Unnamed Hamlet,NAGAON,305.0,8236698823,village,715,6.03,Belghoria Expressway,635.94,Salona,21.56,Baihata,150.54,Kolkata Port (Syama Prasad Mookerjee Port) incl. Haldia Dock Complex,648.79,ICD Amingaon,154.32,Darranga ICP,108.6,Lokpriya Gopinath Bordoloi International Airport (GAU),165.41,MMLP Silchar,188.07,Biswanath Ghat Terminal,24.0,FCI Depot Itanagar,72.59,NAGAON Toll Plaza,33.69
Unnamed Hamlet,NAGAON,305.0,8236698824,village,715,5.41,Belghoria Expressway,636.38,Salona,21.66,Baihata,150.67,Kolkata Port (Syama Prasad Mookerjee Port) incl. Haldia Dock Complex,649.24,ICD Amingaon,154.52,Darranga ICP,108.63,Lokpriya Gopinath Bordoloi International Airport (GAU),165.62,MMLP Silchar,188.69,Biswanath Ghat Terminal,23.41,FCI Depot Itanagar,72.04,NAGAON Toll Plaza,33.65
Unnamed Hamlet,KARBI ANGLONG,314.0,8236701353,village,29,12.2,Belghoria Expressway,615.12,Salona Assam,20.9,Baihata,140.56,Kolkata Port (Syama Prasad Mookerjee Port) incl. Haldia Dock Complex,627.92,ICD Amingaon,141.86,Darranga ICP,102.86,Lokpriya Gopinath Bordoloi International Airport (GAU),152.17,MMLP Silchar,164.85,Silghat Terminal,37.97,FCI Depot Dimapur,74.7,HOJAI Toll Plaza,34.2
Unnamed Hamlet,KARBI ANGLONG,314.0,8236701354,village,29,11.97,Belghoria Expressway,614.77,Salona Assam,20.66,Baihata,140.17,Kolkata Port (Syama Prasad Mookerjee Port) incl. Haldia Dock Complex,627.56,ICD Amingaon,141.45,Darranga ICP,102.49,Lokpriya Gopinath Bordoloi International Airport (GAU),151.76,MMLP Silchar,164.7,Silghat Terminal,37.82,FCI Depot Dimapur,74.97,HOJAI Toll Plaza,33.83
Unnamed Hamlet,KARBI ANGLONG,314.0,8236701355,village,29,12.14,Belghoria Expressway,614.64,Salona Assam,20.01,Baihata,139.65,Kolkata Port (Syama Prasad Mookerjee Port) incl. Haldia Dock Complex,627.44,ICD Amingaon,140.99,Darranga ICP,101.9,Lokpriya Gopinath Bordoloi International Airport (GAU),151.32,MMLP Silchar,165.0,Silghat Terminal,37.21,FCI Depot Dimapur,75.62,HOJAI Toll Plaza,33.68
Unnamed Hamlet,KARBI ANGLONG,314.0,8236701356,village,29,11.84,Belghoria Expressway,614.28,Salona Assam,19.97,Baihata,139.38,Kolkata Port (Syama Prasad Mookerjee Port) incl. Haldia Dock Complex,627.08,ICD Amingaon,140.69,Darranga ICP,101.68,Lokpriya Gopinath Bordoloi International Airport (GAU),151.01,MMLP Silchar,164.73,Silghat Terminal,37.26,FCI Depot Dimapur,75.72,HOJAI Toll Plaza,33.33
Unnamed Hamlet,KARBI ANGLONG,314.0,8236701357,village,29,10.24,Belghoria Expressway,613.82,Salona Assam,22.76,Baihata,140.9,Kolkata Port (Syama Prasad Mookerjee Port) incl. Haldia Dock Complex,626.6,ICD Amingaon,141.89,Darranga ICP,103.72,Lokpriya Gopinath Bordoloi International Airport (GAU),152.09,MMLP Silchar,162.58,Silghat Terminal,40.14,FCI Depot Dimapur,73.09,HOJAI Toll Plaza,33.05
Unnamed Hamlet,KARBI ANGLONG,314.0,8236701358,village,29,12.54,Belghoria Expressway,618.37,Salona Assam,24.77,Baihata,145.17,Kolkata Port (Syama Prasad Mookerjee Port) incl. Haldia Dock Complex,631.15,ICD Amingaon,146.39,Darranga ICP,107.44,Lokpriya Gopinath Bordoloi International Airport (GAU),156.65,MMLP Silchar,165.38,Silghat Terminal,40.94,FCI Depot Dimapur,70.76,HOJAI Toll Plaza,37.73
Kasyābasti,KARBI ANGLONG,314.0,8236701359,village,29,11.28,Belghoria Expressway,616.92,Salona Assam,24.64,Baihata,144.21,Kolkata Port (Syama Prasad Mookerjee Port) incl. Haldia Dock Complex,629.7,ICD Amingaon,145.29,Darranga ICP,106.73,Lokpriya Gopinath Bordoloi International Airport (GAU),155.51,MMLP Silchar,164.1,Silghat Terminal,41.23,FCI Depot Dimapur,70.88,HOJAI Toll Plaza,36.31
Unnamed Hamlet,KARBI ANGLONG,314.0,8236701360,village,29,12.93,Belghoria Expressway,620.18,Salona Assam,27.48,Baihata,148.05,Kolkata Port (Syama Prasad Mookerjee Port) incl. Haldia Dock Complex,632.95,ICD Amingaon,149.17,Darranga ICP,110.37,Lokpriya Gopinath Bordoloi International Airport (GAU),159.39,MMLP Silchar,165.43,Silghat Terminal,43.21,FCI Depot Dimapur,68.13,HOJAI Toll Plaza,39.86
Amrāguri,KARBI ANGLONG,314.0,8236701361,village,29,11.84,Belghoria Expressway,619.04,Salona Assam,27.28,Baihata,147.26,Kolkata Port (Syama Prasad Mookerjee Port) incl. Haldia Dock Complex,631.8,ICD Amingaon,148.29,Darranga ICP,109.78,Lokpriya Gopinath Bordoloi International Airport (GAU),158.48,MMLP Silchar,164.44,Silghat Terminal,43.34,FCI Depot Dimapur,68.25,HOJAI Toll Plaza,38.76
Unnamed Hamlet,KARBI ANGLONG,314.0,8236701362,village,29,11.14,Belghoria Expressway,618.78,Salona Assam,28.36,Baihata,147.84,Kolkata Port (Syama Prasad Mookerjee Port) incl. Haldia Dock Complex,631.54,ICD Amingaon,148.74,Darranga ICP,110.57,Lokpriya Gopinath Bordoloi International Airport (GAU),158.87,MMLP Silchar,163.53,Silghat Terminal,44.53,FCI Depot Dimapur,67.15,HOJAI Toll Plaza,38.74
Unnamed Hamlet,KARBI ANGLONG,314.0,8236701363,village,29,8.93,Belghoria Expressway,615.54,Salona Assam,26.41,Baihata,144.5,Kolkata Port (Syama Prasad Mookerjee Port) incl. Haldia Dock Complex,628.3,ICD Amingaon,145.29,Darranga ICP,107.56,Lokpriya Gopinath Bordoloi International Airport (GAU),155.4,MMLP Silchar,161.77,Silghat Terminal,43.37,FCI Depot Dimapur,69.27,HOJAI Toll Plaza,35.28
Unnamed Hamlet,KARBI ANGLONG,314.0,8236701364,village,29,10.76,Belghoria Expressway,617.86,Salona Assam,27.07,Baihata,146.42,Kolkata Port (Syama Prasad Mookerjee Port) incl. Haldia Dock Complex,630.62,ICD Amingaon,147.35,Darranga ICP,109.13,Lokpriya Gopinath Bordoloi International Airport (GAU),157.51,MMLP Silchar,163.45,Silghat Terminal,43.46,FCI Depot Dimapur,68.44,HOJAI Toll Plaza,37.61
Unnamed Hamlet,KARBI ANGLONG,314.0,8236701365,village,29,9.89,Belghoria Expressway,615.13,Salona Assam,24.47,Baihata,142.94,Kolkata Port (Syama Prasad Mookerjee Port) incl. Haldia Dock Complex,627.9,ICD Amingaon,143.87,Darranga ICP,105.78,Lokpriya Gopinath Bordoloi International Airport (GAU),154.04,MMLP Silchar,162.62,Silghat Terminal,41.53,FCI Depot Dimapur,71.21,HOJAI Toll Plaza,34.55
Unnamed Hamlet,KARBI ANGLONG,314.0,8236701366,village,29,9.15,Belghoria Expressway,613.89,Salona Assam,24.22,Baihata,141.93,Kolkata Port (Syama Prasad Mookerjee Port) incl. Haldia Dock Complex,626.67,ICD Amingaon,142.78,Darranga ICP,104.96,Lokpriya Gopinath Bordoloi International Airport (GAU),152.92,MMLP Silchar,161.73,Silghat Terminal,41.57,FCI Depot Dimapur,71.66,HOJAI Toll Plaza,33.31
Unnamed Hamlet,KARBI ANGLONG,314.0,8236701367,village,29,9.59,Belghoria Expressway,615.58,Salona Assam,25.43,Baihata,143.88,Kolkata Port (Syama Prasad Mookerjee Port) incl. Haldia Dock Complex,628.35,ICD Amingaon,144.76,Darranga ICP,106.78,Lokpriya Gopinath Bordoloi International Airport (GAU),154.9,MMLP Silchar,162.41,Silghat Terminal,42.38,FCI Depot Dimapur,70.22,HOJAI Toll Plaza,35.14
Unnamed Hamlet,KARBI ANGLONG,314.0,8236701387,village,29,18.92,Belghoria Expressway,619.69,Salona Assam,16.8,Baihata,140.51,Kolkata Port (Syama Prasad Mookerjee Port) incl. Haldia Dock Complex,632.51,ICD Amingaon,142.71,Darranga ICP,101.24,Lokpriya Gopinath Bordoloi International Airport (GAU),153.33,MMLP Silchar,171.93,Silghat Terminal,31.97,FCI Depot Dimapur,79.28,NAGAON Toll Plaza,31.39
Unnamed Hamlet,KARBI ANGLONG,314.0,8236701388,village,29,18.53,Belghoria Expressway,619.1,Salona Assam,16.37,Baihata,139.93,Kolkata Port (Syama Prasad Mookerjee Port) incl. Haldia Dock Complex,631.92,ICD Amingaon,142.1,Darranga ICP,100.72,Lokpriya Gopinath Bordoloi International Airport (GAU),152.72,MMLP Silchar,171.59,Silghat Terminal,31.81,FCI Depot Dimapur,79.57,NAGAON Toll Plaza,31.1
Unnamed Hamlet,KARBI ANGLONG,314.0,8236704357,village,329,4.21,Belghoria Expressway,589.97,LANGCHOLIET,4.21,Khongsang,98.57,Kolkata Port (Syama Prasad Mookerjee Port) incl. Haldia Dock Complex,602.35,ICD Amingaon,165.43,Dawki ICP,137.39,Lokpriya Gopinath Bordoloi International Airport (GAU),172.29,MMLP Silchar,109.01,Silghat Terminal,103.57,FCI Depot Dimapur,47.71,DIMA HASAO Toll Plaza,14.59
Unnamed Hamlet,KARBI ANGLONG,314.0,8236704358,village,329,5.82,Belghoria Expressway,589.35,LANGCHOLIET,5.72,Khongsang,96.79,Kolkata Port (Syama Prasad Mookerjee Port) incl. Haldia Dock Complex,601.72,ICD Amingaon,166.36,Sutarkandi ICP,136.97,Lokpriya Gopinath Bordoloi International Airport (GAU),173.12,MMLP Silchar,107.67,Lakhipur Terminal,104.52,FCI Depot Dimapur,48.09,DIMA HASAO Toll Plaza,15.25
Unnamed Hamlet,KARBI ANGLONG,314.0,8236704359,village,329,5.12,Belghoria Expressway,592.18,LANGCHOLIET,4.74,Khongsang,97.25,Kolkata Port (Syama Prasad Mookerjee Port) incl. Haldia Dock Complex,604.54,ICD Amingaon,168.64,Sutarkandi ICP,139.46,Lokpriya Gopinath Bordoloi International Airport (GAU),175.51,MMLP Silchar,109.84,Sengajan (Panbari) Terminal,105.38,FCI Depot Dimapur,45.21,DIMA HASAO Toll Plaza,17.79
Unnamed Hamlet,KARBI ANGLONG,314.0,8236704360,village,329,1.06,Belghoria Expressway,592.59,LANGCHOLIET,1.04,Khongsang,101.25,Kolkata Port (Syama Prasad Mookerjee Port) incl. Haldia Dock Complex,604.99,ICD Amingaon,165.69,Dawki ICP,139.72,Lokpriya Gopinath Bordoloi International Airport (GAU),172.73,MMLP Silchar,112.19,Silghat Terminal,101.22,FCI Depot Dimapur,45.45,DIMA HASAO Toll Plaza,15.8
Unnamed Hamlet,KARBI ANGLONG,314.0,8236704361,village,329,3.06,Belghoria Expressway,590.48,LANGCHOLIET,3.21,Khongsang,99.97,Kolkata Port (Syama Prasad Mookerjee Port) incl. Haldia Dock Complex,602.87,ICD Amingaon,164.75,Dawki ICP,137.7,Lokpriya Gopinath Bordoloi International Airport (GAU),171.68,MMLP Silchar,110.1,Silghat Terminal,102.19,FCI Depot Dimapur,47.42,DIMA HASAO Toll Plaza,14.25
Unnamed Hamlet,KARBI ANGLONG,314.0,8236704362,village,329,2.44,Belghoria Expressway,590.92,LANGCHOLIET,2.67,Khongsang,100.65,Kolkata Port (Syama Prasad Mookerjee Port) incl. Haldia Dock Complex,603.32,ICD Amingaon,164.59,Dawki ICP,138.06,Lokpriya Gopinath Bordoloi International Airport (GAU),171.57,MMLP Silchar,110.76,Silghat Terminal,101.54,FCI Depot Dimapur,47.09,DIMA HASAO Toll Plaza,14.33
Unnamed Hamlet,KARBI ANGLONG,314.0,8236704363,village,329,3.6,Belghoria Expressway,589.67,LANGCHOLIET,3.9,Khongsang,100.4,Kolkata Port (Syama Prasad Mookerjee Port) incl. Haldia Dock Complex,602.07,ICD Amingaon,163.63,Dawki ICP,136.79,Lokpriya Gopinath Bordoloi International Airport (GAU),170.55,MMLP Silchar,109.78,Silghat Terminal,101.61,FCI Depot Dimapur,48.36,DIMA HASAO Toll Plaza,13.14
Unnamed Hamlet,KARBI ANGLONG,314.0,8236704364,village,329,4.8,Belghoria Expressway,588.3,BAR LANGFER S,4.45,Khongsang,99.79,Kolkata Port (Syama Prasad Mookerjee Port) incl. Haldia Dock Complex,600.69,ICD Amingaon,162.86,Dawki ICP,135.45,Lokpriya Gopinath Bordoloi International Airport (GAU),169.72,MMLP Silchar,108.53,Silghat Terminal,102.06,FCI Depot Dimapur,49.69,DIMA HASAO Toll Plaza,12.08
Unnamed Hamlet,KARBI ANGLONG,314.0,8236704365,village,329,3.95,Belghoria Expressway,587.79,BAR LANGFER S,3.36,Khongsang,100.55,Kolkata Port (Syama Prasad Mookerjee Port) incl. Haldia Dock Complex,600.2,ICD Amingaon,161.77,Dawki ICP,134.81,Lokpriya Gopinath Bordoloi International Airport (GAU),168.64,MMLP Silchar,108.6,Silghat Terminal,101.23,FCI Depot Dimapur,50.38,DIMA HASAO Toll Plaza,11.09
Unnamed Hamlet,KARBI ANGLONG,314.0,8236704366,village,329,3.91,Belghoria Expressway,588.34,BAR LANGFER S,3.61,Khongsang,100.67,Kolkata Port (Syama Prasad Mookerjee Port) incl. Haldia Dock Complex,600.74,ICD Amingaon,162.17,Dawki ICP,135.36,Lokpriya Gopinath Bordoloi International Airport (GAU),169.06,MMLP Silchar,109.03,Silghat Terminal,101.16,FCI Depot Dimapur,49.83,DIMA HASAO Toll Plaza,11.59
Unnamed Hamlet,KARBI ANGLONG,314.0,8236704367,village,329,2.74,Belghoria Expressway,588.32,BAR LANGFER S,2.54,Bihara,101.61,Kolkata Port (Syama Prasad Mookerjee Port) incl. Haldia Dock Complex,600.73,ICD Amingaon,161.2,Dawki ICP,135.17,Lokpriya Gopinath Bordoloi International Airport (GAU),168.14,MMLP Silchar,109.64,Silghat Terminal,99.98,FCI Depot Dimapur,50.12,DIMA HASAO Toll Plaza,10.95
Unnamed Hamlet,KARBI ANGLONG,314.0,8236704368,village,329,2.73,Belghoria Expressway,589.29,BAR LANGFER S,3.37,Khongsang,101.91,Kolkata Port (Syama Prasad Mookerjee Port) incl. Haldia Dock Complex,601.7,ICD Amingaon,162.01,Dawki ICP,136.16,Lokpriya Gopinath Bordoloi International Airport (GAU),168.99,MMLP Silchar,110.34,Silghat Terminal,99.99,FCI Depot Dimapur,49.12,DIMA HASAO Toll Plaza,11.93
Unnamed Hamlet,KARBI ANGLONG,314.0,8236704369,village,329,3.39,Belghoria Expressway,589.47,LANGCHOLIET,4.17,Khongsang,101.08,Kolkata Port (Syama Prasad Mookerjee Port) incl. Haldia Dock Complex,601.87,ICD Amingaon,162.87,Dawki ICP,136.47,Lokpriya Gopinath Bordoloi International Airport (GAU),169.82,MMLP Silchar,110.01,Silghat Terminal,100.88,FCI Depot Dimapur,48.73,DIMA HASAO Toll Plaza,12.55
Unnamed Hamlet,KARBI ANGLONG,314.0,8236718820,village,29,5.82,Belghoria Expressway,614.19,Salona Assam,30.83,Baihata,146.61,Kolkata Port (Syama Prasad Mookerjee Port) incl. Haldia Dock Complex,626.93,ICD Amingaon,146.86,Darranga ICP,110.59,Lokpriya Gopinath Bordoloi International Airport (GAU),156.75,MMLP Silchar,157.92,Silghat Terminal,48.08,FCI Depot Dimapur,65.25,HOJAI Toll Plaza,35.16
Unnamed Hamlet,KARBI ANGLONG,314.0,8236718821,village,29,6.1,Belghoria Expressway,613.75,Salona Assam,28.68,Baihata,144.84,Kolkata Port (Syama Prasad Mookerjee Port) incl. Haldia Dock Complex,626.5,ICD Amingaon,145.25,Darranga ICP,108.57,Lokpriya Gopinath Bordoloi International Airport (GAU),155.21,MMLP Silchar,158.85,Silghat Terminal,46.03,FCI Depot Dimapur,67.41,HOJAI Toll Plaza,34.11
Unnamed Hamlet,KARBI ANGLONG,314.0,8236718822,village,29,9.31,Belghoria Expressway,617.1,Salona Assam,28.73,Baihata,147.08,Kolkata Port (Syama Prasad Mookerjee Port) incl. Haldia Dock Complex,629.85,ICD Amingaon,147.78,Darranga ICP,110.19,Lokpriya Gopinath Bordoloi International Airport (GAU),157.84,MMLP Silchar,161.74,Silghat Terminal,45.34,FCI Depot Dimapur,66.83,HOJAI Toll Plaza,37.27
Unnamed Hamlet,KARBI ANGLONG,314.0,8236718823,village,29,5.94,Belghoria Expressway,612.8,Salona Assam,27.56,Baihata,143.42,Kolkata Port (Syama Prasad Mookerjee Port) incl. Haldia Dock Complex,625.56,ICD Amingaon,143.86,Darranga ICP,107.16,Lokpriya Gopinath Bordoloi International Airport (GAU),153.83,MMLP Silchar,158.77,Silghat Terminal,45.11,FCI Depot Dimapur,68.72,HOJAI Toll Plaza,32.92
Unnamed Hamlet,KARBI ANGLONG,314.0,8236718824,village,29,6.91,Belghoria Expressway,614.46,Salona Assam,28.34,Baihata,145.1,Kolkata Port (Syama Prasad Mookerjee Port) incl. Haldia Dock Complex,627.22,ICD Amingaon,145.6,Darranga ICP,108.65,Lokpriya Gopinath Bordoloi International Airport (GAU),155.6,MMLP Silchar,159.66,Silghat Terminal,45.55,FCI Depot Dimapur,67.58,HOJAI Toll Plaza,34.7
Unnamed Hamlet,KARBI ANGLONG,314.0,8236718825,village,29,8.08,Belghoria Expressway,613.67,Salona Assam,25.45,Baihata,142.6,Kolkata Port (Syama Prasad Mookerjee Port) incl. Haldia Dock Complex,626.44,ICD Amingaon,143.31,Darranga ICP,105.86,Lokpriya Gopinath Bordoloi International Airport (GAU),153.4,MMLP Silchar,160.78,Silghat Terminal,42.84,FCI Depot Dimapur,70.53,HOJAI Toll Plaza,33.3
Unnamed Hamlet,KARBI ANGLONG,314.0,8236718826,village,29,8.17,Belghoria Expressway,611.96,Salona Assam,23.83,Baihata,140.28,Kolkata Port (Syama Prasad Mookerjee Port) incl. Haldia Dock Complex,624.74,ICD Amingaon,141.02,Darranga ICP,103.6,Lokpriya Gopinath Bordoloi International Airport (GAU),151.12,MMLP Silchar,160.43,Silghat Terminal,41.59,FCI Depot Dimapur,72.52,HOJAI Toll Plaza,31.36
Unnamed Hamlet,KARBI ANGLONG,314.0,8236718827,village,29,7.52,Belghoria Expressway,612.24,Salona Assam,24.91,Baihata,141.22,Kolkata Port (Syama Prasad Mookerjee Port) incl. Haldia Dock Complex,625.02,ICD Amingaon,141.87,Darranga ICP,104.65,Lokpriya Gopinath Bordoloi International Airport (GAU),151.94,MMLP Silchar,159.97,Silghat Terminal,42.6,FCI Depot Dimapur,71.4,HOJAI Toll Plaza,31.81
Unnamed Hamlet,KARBI ANGLONG,314.0,8236718828,village,29,6.62,Belghoria Expressway,611.15,Salona Assam,25.2,Baihata,140.59,Kolkata Port (Syama Prasad Mookerjee Port) incl. Haldia Dock Complex,623.92,ICD Amingaon,141.13,Darranga ICP,104.27,Lokpriya Gopinath Bordoloi International Airport (GAU),151.16,MMLP Silchar,158.95,Silghat Terminal,43.08,FCI Depot Dimapur,71.48,HOJAI Toll Plaza,30.79
Unnamed Hamlet,KARBI ANGLONG,314.0,8236718829,village,29,5.87,Belghoria Expressway,611.79,Salona Assam,26.67,Baihata,142.07,Kolkata Port (Syama Prasad Mookerjee Port) incl. Haldia Dock Complex,624.55,ICD Amingaon,142.52,Darranga ICP,105.86,Lokpriya Gopinath Bordoloi International Airport (GAU),152.51,MMLP Silchar,158.52,Silghat Terminal,44.41,FCI Depot Dimapur,69.87,HOJAI Toll Plaza,31.73
Unnamed Hamlet,KARBI ANGLONG,314.0,8236718830,village,29,4.81,Belghoria Expressway,611.99,Salona Assam,28.34,Baihata,143.36,Kolkata Port (Syama Prasad Mookerjee Port) incl. Haldia Dock Complex,624.74,ICD Amingaon,143.66,Darranga ICP,107.36,Lokpriya Gopinath Bordoloi International Airport (GAU),153.58,MMLP Silchar,157.64,Silghat Terminal,46.02,FCI Depot Dimapur,68.23,HOJAI Toll Plaza,32.34
Unnamed Hamlet,KARBI ANGLONG,314.0,8236718831,village,29,5.04,Belghoria Expressway,613.0,Salona Assam,29.52,Baihata,144.89,Kolkata Port (Syama Prasad Mookerjee Port) incl. Haldia Dock Complex,625.75,ICD Amingaon,145.16,Darranga ICP,108.89,Lokpriya Gopinath Bordoloi International Airport (GAU),155.07,MMLP Silchar,157.73,Silghat Terminal,47.0,FCI Depot Dimapur,66.8,HOJAI Toll Plaza,33.65
Unnamed Hamlet,KARBI ANGLONG,314.0,8236720222,village,29,13.64,Belghoria Expressway,617.18,Salona Assam,21.67,Baihata,142.38,Kolkata Port (Syama Prasad Mookerjee Port) incl. Haldia Dock Complex,629.97,ICD Amingaon,143.79,Darranga ICP,104.4,Lokpriya Gopinath Bordoloi International Airport (GAU),154.14,MMLP Silchar,166.22,Silghat Terminal,38.12,FCI Depot Dimapur,73.85,HOJAI Toll Plaza,36.27
Unnamed Hamlet,KARBI ANGLONG,314.0,8236720223,village,29,14.07,Belghoria Expressway,618.64,Salona Assam,22.85,Baihata,144.04,Kolkata Port (Syama Prasad Mookerjee Port) incl. Haldia Dock Complex,631.43,ICD Amingaon,145.47,Darranga ICP,105.95,Lokpriya Gopinath Bordoloi International Airport (GAU),155.82,MMLP Silchar,166.85,Silghat Terminal,38.86,FCI Depot Dimapur,72.73,HOJAI Toll Plaza,37.79
Unnamed Hamlet,KARBI ANGLONG,314.0,8236720224,village,29,15.76,Belghoria Expressway,622.07,Salona Assam,25.76,Baihata,147.87,Kolkata Port (Syama Prasad Mookerjee Port) incl. Haldia Dock Complex,634.85,ICD Amingaon,149.37,Darranga ICP,109.53,Lokpriya Gopinath Bordoloi International Airport (GAU),159.72,MMLP Silchar,168.45,Silghat Terminal,40.74,FCI Depot Dimapur,70.27,NAGAON Toll Plaza,40.44
Unnamed Hamlet,KARBI ANGLONG,314.0,8236720225,village,29,17.91,Belghoria Expressway,623.54,Salona Assam,24.78,Baihata,147.89,Kolkata Port (Syama Prasad Mookerjee Port) incl. Haldia Dock Complex,636.33,ICD Amingaon,149.66,Darranga ICP,109.09,Lokpriya Gopinath Bordoloi International Airport (GAU),160.11,MMLP Silchar,170.68,Silghat Terminal,39.07,FCI Depot Dimapur,71.8,NAGAON Toll Plaza,39.08
Unnamed Hamlet,KARBI ANGLONG,314.0,8236720226,village,29,16.98,Belghoria Expressway,619.16,Salona Assam,19.35,Baihata,141.98,Kolkata Port (Syama Prasad Mookerjee Port) incl. Haldia Dock Complex,631.97,ICD Amingaon,143.83,Darranga ICP,103.23,Lokpriya Gopinath Bordoloi International Airport (GAU),154.33,MMLP Silchar,169.64,Silghat Terminal,34.99,FCI Depot Dimapur,76.42,NAGAON Toll Plaza,34.25
Unnamed Hamlet,KARBI ANGLONG,314.0,8236720227,village,29,16.29,Belghoria Expressway,618.15,Salona Assam,18.59,Baihata,140.9,Kolkata Port (Syama Prasad Mookerjee Port) incl. Haldia Dock Complex,630.96,ICD Amingaon,142.73,Darranga ICP,102.25,Lokpriya Gopinath Bordoloi International Airport (GAU),153.23,MMLP Silchar,169.13,Silghat Terminal,34.59,FCI Depot Dimapur,77.05,NAGAON Toll Plaza,33.66
Unnamed Hamlet,KARBI ANGLONG,314.0,8236720228,village,29,15.66,Belghoria Expressway,617.6,Salona Assam,18.73,Baihata,140.68,Kolkata Port (Syama Prasad Mookerjee Port) incl. Haldia Dock Complex,630.41,ICD Amingaon,142.44,Darranga ICP,102.16,Lokpriya Gopinath Bordoloi International Airport (GAU),152.91,MMLP Silchar,168.5,Silghat Terminal,34.96,FCI Depot Dimapur,76.84,NAGAON Toll Plaza,33.91
Unnamed Hamlet,KARBI ANGLONG,314.0,8236720229,village,29,14.06,Belghoria Expressway,616.22,Salona Assam,19.19,Baihata,140.15,Kolkata Port (Syama Prasad Mookerjee Port) incl. Haldia Dock Complex,629.03,ICD Amingaon,141.72,Darranga ICP,101.97,Lokpriya Gopinath Bordoloi International Airport (GAU),152.13,MMLP Silchar,166.92,Silghat Terminal,35.91,FCI Depot Dimapur,76.32,NAGAON Toll Plaza,34.59
Unnamed Hamlet,KARBI ANGLONG,314.0,8236720230,village,29,13.09,Belghoria Expressway,615.23,Salona Assam,19.23,Baihata,139.53,Kolkata Port (Syama Prasad Mookerjee Port) incl. Haldia Dock Complex,628.03,ICD Amingaon,141.01,Darranga ICP,101.55,Lokpriya Gopinath Bordoloi International Airport (GAU),151.38,MMLP Silchar,166.01,Silghat Terminal,36.26,FCI Depot Dimapur,76.33,HOJAI Toll Plaza,34.26
Unnamed Hamlet,KARBI ANGLONG,314.0,8236733855,village,715,15.58,Belghoria Expressway,624.4,Salona,17.3,Baihata,143.19,Kolkata Port (Syama Prasad Mookerjee Port) incl. Haldia Dock Complex,637.24,ICD Amingaon,145.89,Darranga ICP,103.02,Lokpriya Gopinath Bordoloi International Airport (GAU),156.67,MMLP Silchar,176.7,Silghat Terminal,30.44,FCI Depot Dimapur,80.4,NAGAON Toll Plaza,30.97
Unnamed Hamlet,KARBI ANGLONG,314.0,8236733856,village,715,15.89,Belghoria Expressway,623.51,Salona,16.74,Baihata,142.31,Kolkata Port (Syama Prasad Mookerjee Port) incl. Haldia Dock Complex,636.35,ICD Amingaon,144.98,Darranga ICP,102.22,Lokpriya Gopinath Bordoloi International Airport (GAU),155.75,MMLP Silchar,176.17,Silghat Terminal,30.07,FCI Depot Dimapur,80.77,NAGAON Toll Plaza,30.42
Unnamed Hamlet,KARBI ANGLONG,314.0,8236733857,village,715,12.7,Belghoria Expressway,624.58,Salona,14.07,Baihata,141.21,Kolkata Port (Syama Prasad Mookerjee Port) incl. Haldia Dock Complex,637.43,ICD Amingaon,144.29,Darranga ICP,100.51,Lokpriya Gopinath Bordoloi International Airport (GAU),155.19,MMLP Silchar,179.06,Silghat Terminal,26.91,FCI Depot Itanagar,83.5,NAGAON Toll Plaza,27.7
Unnamed Hamlet,NAGAON,305.0,8236733858,village,715,12.55,Belghoria Expressway,623.84,Salona,12.94,Baihata,140.09,Kolkata Port (Syama Prasad Mookerjee Port) incl. Haldia Dock Complex,636.7,ICD Amingaon,143.21,Darranga ICP,99.35,Lokpriya Gopinath Bordoloi International Airport (GAU),154.13,MMLP Silchar,179.05,Silghat Terminal,25.93,FCI Depot Itanagar,83.98,NAGAON Toll Plaza,26.59
Unnamed Hamlet,NAGAON,305.0,8236733859,village,715,13.47,Belghoria Expressway,622.89,Salona,12.89,Baihata,139.51,Kolkata Port (Syama Prasad Mookerjee Port) incl. Haldia Dock Complex,635.75,ICD Amingaon,142.54,Darranga ICP,98.94,Lokpriya Gopinath Bordoloi International Airport (GAU),153.43,MMLP Silchar,178.1,Silghat Terminal,26.17,FCI Depot Dimapur,84.67,NAGAON Toll Plaza,26.56
Unnamed Hamlet,KARBI ANGLONG,314.0,8236733860,village,715,13.68,Belghoria Expressway,623.55,Salona,14.01,Baihata,140.6,Kolkata Port (Syama Prasad Mookerjee Port) incl. Haldia Dock Complex,636.4,ICD Amingaon,143.57,Darranga ICP,100.09,Lokpriya Gopinath Bordoloi International Airport (GAU),154.44,MMLP Silchar,178.01,Silghat Terminal,27.17,FCI Depot Dimapur,83.66,NAGAON Toll Plaza,27.68
Unnamed Hamlet,NAGAON,305.0,8236738777,village,715,11.51,Belghoria Expressway,624.57,Salona,12.6,Baihata,140.24,Kolkata Port (Syama Prasad Mookerjee Port) incl. Haldia Dock Complex,637.43,ICD Amingaon,143.49,Darranga ICP,99.31,Lokpriya Gopinath Bordoloi International Airport (GAU),154.44,MMLP Silchar,180.08,Silghat Terminal,25.28,FCI Depot Itanagar,83.1,NAGAON Toll Plaza,26.18
Unnamed Hamlet,NAGAON,305.0,8236738778,village,715,10.49,Belghoria Expressway,624.95,Salona,11.85,Baihata,139.92,Kolkata Port (Syama Prasad Mookerjee Port) incl. Haldia Dock Complex,637.82,ICD Amingaon,143.31,Darranga ICP,98.79,Lokpriya Gopinath Bordoloi International Airport (GAU),154.31,MMLP Silchar,181.07,Silghat Terminal,24.25,FCI Depot Itanagar,82.47,NAGAON Toll Plaza,25.34
Unnamed Hamlet,NAGAON,305.0,8236738779,village,715,9.89,Belghoria Expressway,625.83,Salona,12.4,Baihata,140.67,Kolkata Port (Syama Prasad Mookerjee Port) incl. Haldia Dock Complex,638.7,ICD Amingaon,144.11,Darranga ICP,99.45,Lokpriya Gopinath Bordoloi International Airport (GAU),155.12,MMLP Silchar,181.71,Silghat Terminal,24.47,FCI Depot Itanagar,81.62,NAGAON Toll Plaza,25.78
Unnamed Hamlet,NAGAON,305.0,8236738780,village,715,9.7,Belghoria Expressway,626.57,Salona,13.2,Baihata,141.54,Kolkata Port (Syama Prasad Mookerjee Port) incl. Haldia Dock Complex,639.44,ICD Amingaon,144.98,Darranga ICP,100.29,Lokpriya Gopinath Bordoloi International Airport (GAU),155.99,MMLP Silchar,182.02,Silghat Terminal,25.05,FCI Depot Itanagar,81.0,NAGAON Toll Plaza,26.52
Unnamed Hamlet,KARBI ANGLONG,314.0,8236738781,village,715,10.21,Belghoria Expressway,628.46,Salona,15.98,Baihata,144.26,Kolkata Port (Syama Prasad Mookerjee Port) incl. Haldia Dock Complex,641.31,ICD Amingaon,147.6,Darranga ICP,103.07,Lokpriya Gopinath Bordoloi International Airport (GAU),158.58,MMLP Silchar,182.22,Silghat Terminal,27.5,FCI Depot Itanagar,79.71,NAGAON Toll Plaza,29.23
Unnamed Hamlet,KARBI ANGLONG,314.0,8236738782,village,715,10.21,Belghoria Expressway,629.83,Salona,17.38,Baihata,145.77,Kolkata Port (Syama Prasad Mookerjee Port) incl. Haldia Dock Complex,642.69,ICD Amingaon,149.14,Darranga ICP,104.53,Lokpriya Gopinath Bordoloi International Airport (GAU),160.12,MMLP Silchar,182.89,Biswanath Ghat Terminal,27.66,FCI Depot Itanagar,78.58,NAGAON Toll Plaza,30.51
Unnamed Hamlet,KARBI ANGLONG,314.0,8236742115,village,715,13.55,Belghoria Expressway,623.27,Salona,13.5,Baihata,140.12,Kolkata Port (Syama Prasad Mookerjee Port) incl. Haldia Dock Complex,636.13,ICD Amingaon,143.12,Darranga ICP,99.58,Lokpriya Gopinath Bordoloi International Airport (GAU),154.0,MMLP Silchar,178.08,Silghat Terminal,26.71,FCI Depot Dimapur,84.13,NAGAON Toll Plaza,27.17
Unnamed Hamlet,NAGAON,305.0,8236742116,village,715,12.17,Belghoria Expressway,623.01,Salona,11.35,Baihata,138.61,Kolkata Port (Syama Prasad Mookerjee Port) incl. Haldia Dock Complex,635.87,ICD Amingaon,141.82,Darranga ICP,97.78,Lokpriya Gopinath Bordoloi International Airport (GAU),152.77,MMLP Silchar,179.26,Silghat Terminal,24.49,FCI Depot Itanagar,84.46,NAGAON Toll Plaza,25.01
Unnamed Hamlet,KARBI ANGLONG,314.0,8236750086,village,127,15.66,Belghoria Expressway,616.2,Salona Assam,12.03,Baihata,135.46,Kolkata Port (Syama Prasad Mookerjee Port) incl. Haldia Dock Complex,629.05,ICD Amingaon,137.79,Darranga ICP,96.14,Lokpriya Gopinath Bordoloi International Airport (GAU),148.48,MMLP Silchar,171.61,Silghat Terminal,28.59,FCI Depot Dimapur,83.57,NAGAON Toll Plaza,27.21
Unnamed Hamlet,NAGAON,305.0,8236753386,village,127,14.61,Belghoria Expressway,619.72,Salona Assam,11.79,Baihata,136.95,Kolkata Port (Syama Prasad Mookerjee Port) incl. Haldia Dock Complex,632.58,ICD Amingaon,139.76,Darranga ICP,96.8,Lokpriya Gopinath Bordoloi International Airport (GAU),150.59,MMLP Silchar,175.67,Silghat Terminal,26.1,FCI Depot Dimapur,85.09,NAGAON Toll Plaza,25.65
Unnamed Hamlet,NAGAON,305.0,8236753387,village,127,13.06,Belghoria Expressway,618.4,Salona Assam,10.04,Baihata,135.18,Kolkata Port (Syama Prasad Mookerjee Port) incl. Haldia Dock Complex,631.27,ICD Amingaon,138.02,Darranga ICP,95.03,Lokpriya Gopinath Bordoloi International Airport (GAU),148.87,MMLP Silchar,175.43,Silghat Terminal,25.02,FCI Depot Dimapur,86.46,NAGAON Toll Plaza,24.22
Unnamed Hamlet,NAGAON,305.0,8236753917,village,715,8.55,Belghoria Expressway,623.74,Salona,8.44,Baihata,137.03,Kolkata Port (Syama Prasad Mookerjee Port) incl. Haldia Dock Complex,636.63,ICD Amingaon,140.69,Darranga ICP,95.57,Lokpriya Gopinath Bordoloi International Airport (GAU),151.78,MMLP Silchar,182.24,Silghat Terminal,20.79,FCI Depot Itanagar,82.96,NAGAON Toll Plaza,21.82
Unnamed Hamlet,NAGAON,305.0,8236753918,village,715,8.61,Belghoria Expressway,623.24,Salona,7.88,Baihata,136.43,Kolkata Port (Syama Prasad Mookerjee Port) incl. Haldia Dock Complex,636.12,ICD Amingaon,140.1,Darranga ICP,95.0,Lokpriya Gopinath Bordoloi International Airport (GAU),151.19,MMLP Silchar,182.06,Silghat Terminal,20.42,FCI Depot Itanagar,83.4,NAGAON Toll Plaza,21.32
Unnamed Hamlet,NAGAON,305.0,8236753919,village,715,9.5,Belghoria Expressway,622.13,Salona,7.46,Baihata,135.64,Kolkata Port (Syama Prasad Mookerjee Port) incl. Haldia Dock Complex,635.02,ICD Amingaon,139.21,Darranga ICP,94.37,Lokpriya Gopinath Bordoloi International Airport (GAU),150.28,MMLP Silchar,181.08,Silghat Terminal,20.55,FCI Depot Itanagar,84.53,NAGAON Toll Plaza,21.07
Unnamed Hamlet,NAGAON,305.0,8236753920,village,715,10.29,Belghoria Expressway,622.11,Salona,8.38,Baihata,136.22,Kolkata Port (Syama Prasad Mookerjee Port) incl. Haldia Dock Complex,634.99,ICD Amingaon,139.68,Darranga ICP,95.1,Lokpriya Gopinath Bordoloi International Airport (GAU),150.71,MMLP Silchar,180.39,Silghat Terminal,21.58,FCI Depot Itanagar,84.74,NAGAON Toll Plaza,22.02
Unnamed Hamlet,NAGAON,305.0,8236753921,village,715,10.84,Belghoria Expressway,621.37,Salona,8.18,Baihata,135.67,Kolkata Port (Syama Prasad Mookerjee Port) incl. Haldia Dock Complex,634.25,ICD Amingaon,139.07,Darranga ICP,94.65,Lokpriya Gopinath Bordoloi International Airport (GAU),150.08,MMLP Silchar,179.77,Silghat Terminal,21.65,FCI Depot Itanagar,85.48,NAGAON Toll Plaza,21.85
Unnamed Hamlet,NAGAON,305.0,8236753922,village,715,11.02,Belghoria Expressway,622.67,Salona,9.82,Baihata,137.44,Kolkata Port (Syama Prasad Mookerjee Port) incl. Haldia Dock Complex,635.54,ICD Amingaon,140.8,Darranga ICP,96.44,Lokpriya Gopinath Bordoloi International Airport (GAU),151.79,MMLP Silchar,179.97,Silghat Terminal,22.94,FCI Depot Itanagar,84.46,NAGAON Toll Plaza,23.46
Unnamed Hamlet,NAGAON,305.0,8236753923,village,715,11.75,Belghoria Expressway,621.85,Salona,9.81,Baihata,136.97,Kolkata Port (Syama Prasad Mookerjee Port) incl. Haldia Dock Complex,634.72,ICD Amingaon,140.23,Darranga ICP,96.12,Lokpriya Gopinath Bordoloi International Airport (GAU),151.2,MMLP Silchar,179.14,Silghat Terminal,23.22,FCI Depot Itanagar,85.33,NAGAON Toll Plaza,23.49
Unnamed Hamlet,NAGAON,305.0,8236753924,village,127,11.64,Belghoria Expressway,620.37,Salona,8.73,Baihata,135.35,Kolkata Port (Syama Prasad Mookerjee Port) incl. Haldia Dock Complex,633.24,ICD Amingaon,138.59,Darranga ICP,94.59,Lokpriya Gopinath Bordoloi International Airport (GAU),149.56,MMLP Silchar,178.45,Silghat Terminal,22.53,FCI Depot Itanagar,86.64,NAGAON Toll Plaza,22.37
Unnamed Hamlet,NAGAON,305.0,8236753925,village,715,12.64,Belghoria Expressway,621.41,Salona,10.42,Baihata,137.07,Kolkata Port (Syama Prasad Mookerjee Port) incl. Haldia Dock Complex,634.28,ICD Amingaon,140.22,Darranga ICP,96.39,Lokpriya Gopinath Bordoloi International Airport (GAU),151.16,MMLP Silchar,178.3,Silghat Terminal,24.0,FCI Depot Itanagar,85.92,NAGAON Toll Plaza,24.09
Unnamed Hamlet,NAGAON,305.0,8236753926,village,715,13.73,Belghoria Expressway,621.01,Salona,11.33,Baihata,137.36,Kolkata Port (Syama Prasad Mookerjee Port) incl. Haldia Dock Complex,633.87,ICD Amingaon,140.37,Darranga ICP,96.89,Lokpriya Gopinath Bordoloi International Airport (GAU),151.27,MMLP Silchar,177.33,Silghat Terminal,25.03,FCI Depot Dimapur,85.95,NAGAON Toll Plaza,24.97
Unnamed Hamlet,NAGAON,305.0,8236753927,village,715,12.82,Belghoria Expressway,622.61,Salona,11.7,Baihata,138.6,Kolkata Port (Syama Prasad Mookerjee Port) incl. Haldia Dock Complex,635.48,ICD Amingaon,141.73,Darranga ICP,97.9,Lokpriya Gopinath Bordoloi International Airport (GAU),152.66,MMLP Silchar,178.62,Silghat Terminal,24.99,FCI Depot Itanagar,84.97,NAGAON Toll Plaza,25.37
Unnamed Hamlet,KARBI ANGLONG,314.0,8236758219,village,29,11.14,Belghoria Expressway,613.61,Salona Assam,20.14,Baihata,139.02,Kolkata Port (Syama Prasad Mookerjee Port) incl. Haldia Dock Complex,626.41,ICD Amingaon,140.26,Darranga ICP,101.48,Lokpriya Gopinath Bordoloi International Airport (GAU),150.56,MMLP Silchar,164.06,Silghat Terminal,37.61,FCI Depot Dimapur,75.66,HOJAI Toll Plaza,32.66
Unnamed Hamlet,KARBI ANGLONG,314.0,8236758220,village,29,10.05,Belghoria Expressway,611.54,Salona Assam,18.97,Baihata,136.71,Kolkata Port (Syama Prasad Mookerjee Port) incl. Haldia Dock Complex,624.34,ICD Amingaon,137.9,Darranga ICP,99.34,Lokpriya Gopinath Bordoloi International Airport (GAU),148.19,MMLP Silchar,163.2,Silghat Terminal,36.93,FCI Depot Dimapur,77.31,HOJAI Toll Plaza,30.57
Unnamed Hamlet,KARBI ANGLONG,314.0,8236758221,village,29,10.65,Belghoria Expressway,612.59,Salona Assam,19.37,Baihata,137.77,Kolkata Port (Syama Prasad Mookerjee Port) incl. Haldia Dock Complex,625.4,ICD Amingaon,139.01,Darranga ICP,100.29,Lokpriya Gopinath Bordoloi International Airport (GAU),149.31,MMLP Silchar,163.74,Silghat Terminal,37.09,FCI Depot Dimapur,76.63,HOJAI Toll Plaza,31.63
Unnamed Hamlet,KARBI ANGLONG,314.0,8236758222,village,29,11.16,Belghoria Expressway,613.15,Salona Assam,19.31,Baihata,138.14,Kolkata Port (Syama Prasad Mookerjee Port) incl. Haldia Dock Complex,625.95,ICD Amingaon,139.43,Darranga ICP,100.55,Lokpriya Gopinath Bordoloi International Airport (GAU),149.74,MMLP Silchar,164.22,Silghat Terminal,36.9,FCI Depot Dimapur,76.56,HOJAI Toll Plaza,32.18
Unnamed Hamlet,KARBI ANGLONG,314.0,8236758223,village,29,11.86,Belghoria Expressway,613.93,Salona Assam,19.29,Baihata,138.69,Kolkata Port (Syama Prasad Mookerjee Port) incl. Haldia Dock Complex,626.73,ICD Amingaon,140.04,Darranga ICP,100.95,Lokpriya Gopinath Bordoloi International Airport (GAU),150.38,MMLP Silchar,164.87,Silghat Terminal,36.68,FCI Depot Dimapur,76.43,HOJAI Toll Plaza,32.96
Unnamed Hamlet,KARBI ANGLONG,314.0,8236758224,village,29,11.89,Belghoria Expressway,613.63,Salona Assam,18.74,Baihata,138.12,Kolkata Port (Syama Prasad Mookerjee Port) incl. Haldia Dock Complex,626.44,ICD Amingaon,139.5,Darranga ICP,100.35,Lokpriya Gopinath Bordoloi International Airport (GAU),149.85,MMLP Silchar,164.98,Silghat Terminal,36.22,FCI Depot Dimapur,77.02,HOJAI Toll Plaza,32.67
Kumoi,MARIGAON,304.0,8399008415,village,27,2.5,Belghoria Expressway,539.49,AUJARI,1.47,Baihata,59.6,Kolkata Port (Syama Prasad Mookerjee Port) incl. Haldia Dock Complex,552.51,ICD Amingaon,56.32,Darranga ICP,46.0,Lokpriya Gopinath Bordoloi International Airport (GAU),65.72,MMLP Silchar,152.19,Pandu Terminal (Guwahati),56.24,FCI Depot Guwahati,50.72,NAGAON Toll Plaza,30.13
Jalalpur,CACHAR,316.0,8432198293,village,6,3.55,Belghoria Expressway,478.28,Bhanga,14.61,Bihara,23.09,Kolkata Port (Syama Prasad Mookerjee Port) incl. Haldia Dock Complex,490.45,ICD Amingaon,150.16,Sutarkandi ICP,29.66,Lokpriya Gopinath Bordoloi International Airport (GAU),148.54,MMLP Silchar,36.15,Badarpur Terminal,10.8,FCI Depot Silchar,36.15,SRIBHUMI Toll Plaza,16.96
Unnamed Isolated_dwelling,KARBI ANGLONG,314.0,8558552543,village,715,17.8,Belghoria Expressway,648.13,Numaligarh,44.49,Khongsang,173.05,Kolkata Port (Syama Prasad Mookerjee Port) incl. Haldia Dock Complex,660.86,ICD Amingaon,175.89,Darranga ICP,133.12,Lokpriya Gopinath Bordoloi International Airport (GAU),186.48,MMLP Silchar,185.61,Sengajan (Panbari) Terminal,32.63,FCI Depot Dimapur,62.75,GOLAGHAT Toll Plaza,46.34
Unnamed Isolated_dwelling,KARBI ANGLONG,314.0,8558552544,village,715,17.7,Belghoria Expressway,647.75,Numaligarh,44.94,Baihata,173.0,Kolkata Port (Syama Prasad Mookerjee Port) incl. Haldia Dock Complex,660.49,ICD Amingaon,175.38,Darranga ICP,132.6,Lokpriya Gopinath Bordoloi International Airport (GAU),185.97,MMLP Silchar,185.47,Sengajan (Panbari) Terminal,33.0,FCI Depot Dimapur,63.03,GOLAGHAT Toll Plaza,46.85
Unnamed Isolated_dwelling,KARBI ANGLONG,314.0,8558552545,village,715,17.9,Belghoria Expressway,647.3,Salona,45.25,Baihata,172.59,Kolkata Port (Syama Prasad Mookerjee Port) incl. Haldia Dock Complex,660.03,ICD Amingaon,174.95,Darranga ICP,132.23,Lokpriya Gopinath Bordoloi International Airport (GAU),185.54,MMLP Silchar,185.11,Sengajan (Panbari) Terminal,33.45,FCI Depot Dimapur,63.0,GOLAGHAT Toll Plaza,47.28
Unnamed Hamlet,KARBI ANGLONG,314.0,8561346702,village,29,4.14,Belghoria Expressway,597.88,Puranigudam,20.21,Baihata,124.61,Kolkata Port (Syama Prasad Mookerjee Port) incl. Haldia Dock Complex,610.7,ICD Amingaon,124.96,Darranga ICP,89.49,Lokpriya Gopinath Bordoloi International Airport (GAU),134.99,MMLP Silchar,155.08,Silghat Terminal,39.83,FCI Depot Dimapur,84.91,HOJAI Toll Plaza,17.17
Unnamed Hamlet,KARBI ANGLONG,314.0,8561346703,village,29,4.39,Belghoria Expressway,598.42,Puranigudam,20.17,Baihata,124.87,Kolkata Port (Syama Prasad Mookerjee Port) incl. Haldia Dock Complex,611.24,ICD Amingaon,125.29,Darranga ICP,89.6,Lokpriya Gopinath Bordoloi International Airport (GAU),135.35,MMLP Silchar,155.59,Silghat Terminal,39.38,FCI Depot Dimapur,84.86,HOJAI Toll Plaza,17.74
Unnamed Hamlet,KARBI ANGLONG,314.0,8561346704,village,29,4.81,Belghoria Expressway,598.86,Samaguri,19.83,Baihata,124.96,Kolkata Port (Syama Prasad Mookerjee Port) incl. Haldia Dock Complex,611.68,ICD Amingaon,125.45,Darranga ICP,89.52,Lokpriya Gopinath Bordoloi International Airport (GAU),135.54,MMLP Silchar,156.14,Silghat Terminal,38.86,FCI Depot Dimapur,84.98,HOJAI Toll Plaza,18.23
Unnamed Hamlet,KARBI ANGLONG,314.0,8561346705,village,29,4.06,Belghoria Expressway,598.79,Samaguri,20.58,Baihata,125.44,Kolkata Port (Syama Prasad Mookerjee Port) incl. Haldia Dock Complex,611.61,ICD Amingaon,125.84,Darranga ICP,90.15,Lokpriya Gopinath Bordoloi International Airport (GAU),135.89,MMLP Silchar,155.57,Silghat Terminal,39.52,FCI Depot Dimapur,84.32,HOJAI Toll Plaza,18.04
Unnamed Hamlet,KARBI ANGLONG,314.0,8561346707,village,29,2.21,Belghoria Expressway,598.66,Puranigudam,22.45,Baihata,126.66,Kolkata Port (Syama Prasad Mookerjee Port) incl. Haldia Dock Complex,611.48,ICD Amingaon,126.86,Darranga ICP,91.73,Lokpriya Gopinath Bordoloi International Airport (GAU),136.82,MMLP Silchar,154.19,Silghat Terminal,41.16,FCI Depot Dimapur,82.66,HOJAI Toll Plaza,17.72
Unnamed Hamlet,KARBI ANGLONG,314.0,8561346708,village,29,0.85,Belghoria Expressway,597.96,Puranigudam,23.5,Baihata,127.05,Kolkata Port (Syama Prasad Mookerjee Port) incl. Haldia Dock Complex,610.77,ICD Amingaon,127.05,Darranga ICP,92.48,Lokpriya Gopinath Bordoloi International Airport (GAU),136.93,MMLP Silchar,152.84,Silghat Terminal,42.58,FCI Depot Dimapur,81.83,HOJAI Toll Plaza,17.0
Unnamed Hamlet,KARBI ANGLONG,314.0,8561346709,village,29,2.12,Belghoria Expressway,597.71,Puranigudam,22.14,Baihata,125.92,Kolkata Port (Syama Prasad Mookerjee Port) incl. Haldia Dock Complex,610.52,ICD Amingaon,126.03,Darranga ICP,91.18,Lokpriya Gopinath Bordoloi International Airport (GAU),135.97,MMLP Silchar,153.57,Silghat Terminal,41.59,FCI Depot Dimapur,83.15,HOJAI Toll Plaza,16.77
Unnamed Hamlet,KARBI ANGLONG,314.0,8561346710,village,29,2.63,Belghoria Expressway,597.91,Puranigudam,21.7,Baihata,125.72,Kolkata Port (Syama Prasad Mookerjee Port) incl. Haldia Dock Complex,610.73,ICD Amingaon,125.9,Darranga ICP,90.85,Lokpriya Gopinath Bordoloi International Airport (GAU),135.87,MMLP Silchar,154.05,Silghat Terminal,41.07,FCI Depot Dimapur,83.51,HOJAI Toll Plaza,17.01
Unnamed Hamlet,KARBI ANGLONG,314.0,8561346711,village,29,3.25,Belghoria Expressway,598.25,Puranigudam,21.23,Baihata,125.56,Kolkata Port (Syama Prasad Mookerjee Port) incl. Haldia Dock Complex,611.07,ICD Amingaon,125.84,Darranga ICP,90.51,Lokpriya Gopinath Bordoloi International Airport (GAU),135.84,MMLP Silchar,154.69,Silghat Terminal,40.41,FCI Depot Dimapur,83.88,HOJAI Toll Plaza,17.41
Unnamed Village,KARBI ANGLONG,314.0,8561346712,village,29,3.95,Belghoria Expressway,600.35,Salona Assam,20.72,Baihata,127.11,Kolkata Port (Syama Prasad Mookerjee Port) incl. Haldia Dock Complex,613.17,ICD Amingaon,127.57,Darranga ICP,91.61,Lokpriya Gopinath Bordoloi International Airport (GAU),137.63,MMLP Silchar,156.16,Silghat Terminal,39.36,FCI Depot Dimapur,82.97,HOJAI Toll Plaza,19.48
Unnamed Hamlet,KARBI ANGLONG,314.0,8561346713,village,29,5.11,Belghoria Expressway,601.58,Salona Assam,19.64,Baihata,127.66,Kolkata Port (Syama Prasad Mookerjee Port) incl. Haldia Dock Complex,614.4,ICD Amingaon,128.29,Darranga ICP,91.82,Lokpriya Gopinath Bordoloi International Airport (GAU),138.41,MMLP Silchar,157.38,Silghat Terminal,38.33,FCI Depot Dimapur,82.94,HOJAI Toll Plaza,20.75
Unnamed Hamlet,KARBI ANGLONG,314.0,8561346714,village,29,4.87,Belghoria Expressway,600.42,Salona Assam,19.84,Baihata,126.43,Kolkata Port (Syama Prasad Mookerjee Port) incl. Haldia Dock Complex,613.25,ICD Amingaon,127.01,Darranga ICP,90.74,Lokpriya Gopinath Bordoloi International Airport (GAU),137.13,MMLP Silchar,156.93,Silghat Terminal,38.43,FCI Depot Dimapur,83.91,HOJAI Toll Plaza,19.69
Unnamed Hamlet,HOJAI,720.0,8561471990,village,29,5.76,Belghoria Expressway,587.06,HOJAI,14.26,Baihata,126.34,Kolkata Port (Syama Prasad Mookerjee Port) incl. Haldia Dock Complex,599.82,ICD Amingaon,124.38,Darranga ICP,96.0,Lokpriya Gopinath Bordoloi International Airport (GAU),133.45,MMLP Silchar,138.89,Silghat Terminal,55.96,FCI Depot Dimapur,79.8,HOJAI Toll Plaza,10.83
Uttar Nayābīl,HOJAI,720.0,8561471991,village,27,5.57,Belghoria Expressway,586.7,HOJAI,13.84,Bihara,125.86,Kolkata Port (Syama Prasad Mookerjee Port) incl. Haldia Dock Complex,599.45,ICD Amingaon,124.39,Darranga ICP,96.25,Lokpriya Gopinath Bordoloi International Airport (GAU),133.42,MMLP Silchar,138.36,Silghat Terminal,56.5,FCI Depot Dimapur,79.69,HOJAI Toll Plaza,10.97
Khālājhār,HOJAI,720.0,8561471992,village,29,7.83,Belghoria Expressway,589.31,DHALPUKHURI,15.97,Bihara,126.74,Kolkata Port (Syama Prasad Mookerjee Port) incl. Haldia Dock Complex,602.04,ICD Amingaon,127.52,Darranga ICP,98.87,Lokpriya Gopinath Bordoloi International Airport (GAU),136.58,MMLP Silchar,138.98,Silghat Terminal,56.53,FCI Depot Dimapur,76.7,HOJAI Toll Plaza,13.93
Unnamed Hamlet,HOJAI,720.0,8561471993,village,29,7.59,Belghoria Expressway,588.86,DHALPUKHURI,15.6,Bihara,126.54,Kolkata Port (Syama Prasad Mookerjee Port) incl. Haldia Dock Complex,601.6,ICD Amingaon,127.05,Darranga ICP,98.5,Lokpriya Gopinath Bordoloi International Airport (GAU),136.09,MMLP Silchar,138.81,Silghat Terminal,56.58,FCI Depot Dimapur,77.14,HOJAI Toll Plaza,13.49
Unnamed Hamlet,HOJAI,720.0,8561471994,village,29,7.05,Belghoria Expressway,588.44,DHALPUKHURI,15.36,Bihara,126.55,Kolkata Port (Syama Prasad Mookerjee Port) incl. Haldia Dock Complex,601.18,ICD Amingaon,126.36,Darranga ICP,97.83,Lokpriya Gopinath Bordoloi International Airport (GAU),135.41,MMLP Silchar,138.88,Silghat Terminal,56.35,FCI Depot Dimapur,77.84,HOJAI Toll Plaza,12.79
Unnamed Hamlet,HOJAI,720.0,8561471995,village,29,6.5,Belghoria Expressway,588.02,HOJAI,15.06,Bihara,126.59,Kolkata Port (Syama Prasad Mookerjee Port) incl. Haldia Dock Complex,600.76,ICD Amingaon,125.66,Darranga ICP,97.13,Lokpriya Gopinath Bordoloi International Airport (GAU),134.72,MMLP Silchar,138.98,Silghat Terminal,56.11,FCI Depot Dimapur,78.56,HOJAI Toll Plaza,12.08
Unnamed Hamlet,HOJAI,720.0,8561471996,village,29,5.4,Belghoria Expressway,587.37,HOJAI,14.65,Baihata,126.23,Kolkata Port (Syama Prasad Mookerjee Port) incl. Haldia Dock Complex,600.13,ICD Amingaon,124.34,Darranga ICP,95.75,Lokpriya Gopinath Bordoloi International Airport (GAU),133.44,MMLP Silchar,139.39,Silghat Terminal,55.47,FCI Depot Dimapur,79.94,HOJAI Toll Plaza,10.7
Unnamed Hamlet,HOJAI,720.0,8561471997,village,29,4.53,Belghoria Expressway,586.9,HOJAI,14.4,Baihata,125.28,Kolkata Port (Syama Prasad Mookerjee Port) incl. Haldia Dock Complex,599.66,ICD Amingaon,123.42,Darranga ICP,94.79,Lokpriya Gopinath Bordoloi International Airport (GAU),132.54,MMLP Silchar,139.64,Silghat Terminal,55.07,FCI Depot Dimapur,80.9,HOJAI Toll Plaza,9.74
Unnamed Hamlet,HOJAI,720.0,8561471998,village,29,4.6,Belghoria Expressway,586.43,HOJAI,13.93,Baihata,125.03,Kolkata Port (Syama Prasad Mookerjee Port) incl. Haldia Dock Complex,599.19,ICD Amingaon,123.12,Darranga ICP,94.68,Lokpriya Gopinath Bordoloi International Airport (GAU),132.22,MMLP Silchar,139.26,Silghat Terminal,55.4,FCI Depot Dimapur,81.12,HOJAI Toll Plaza,9.51
Rowārpār,HOJAI,720.0,8561471999,village,29,4.18,Belghoria Expressway,586.73,HOJAI,14.33,Baihata,124.9,Kolkata Port (Syama Prasad Mookerjee Port) incl. Haldia Dock Complex,599.49,ICD Amingaon,123.06,Darranga ICP,94.41,Lokpriya Gopinath Bordoloi International Airport (GAU),132.19,MMLP Silchar,139.76,Silghat Terminal,54.9,FCI Depot Dimapur,81.28,HOJAI Toll Plaza,9.36
Unnamed Hamlet,HOJAI,720.0,8561472000,village,29,3.56,Belghoria Expressway,586.98,JUGIJAN,14.73,Baihata,124.58,Kolkata Port (Syama Prasad Mookerjee Port) incl. Haldia Dock Complex,599.74,ICD Amingaon,122.83,Darranga ICP,93.91,Lokpriya Gopinath Bordoloi International Airport (GAU),132.0,MMLP Silchar,140.38,Silghat Terminal,54.26,FCI Depot Dimapur,81.65,HOJAI Toll Plaza,9.05
Unnamed Hamlet,HOJAI,720.0,8561472001,village,29,4.89,Belghoria Expressway,587.61,HOJAI,14.99,Baihata,126.01,Kolkata Port (Syama Prasad Mookerjee Port) incl. Haldia Dock Complex,600.37,ICD Amingaon,124.2,Darranga ICP,95.39,Lokpriya Gopinath Bordoloi International Airport (GAU),133.33,MMLP Silchar,139.88,Silghat Terminal,54.95,FCI Depot Dimapur,80.19,HOJAI Toll Plaza,10.47
Unnamed Hamlet,HOJAI,720.0,8561472002,village,29,4.44,Belghoria Expressway,587.46,HOJAI,14.97,Baihata,125.54,Kolkata Port (Syama Prasad Mookerjee Port) incl. Haldia Dock Complex,600.22,ICD Amingaon,123.75,Darranga ICP,94.87,Lokpriya Gopinath Bordoloi International Airport (GAU),132.9,MMLP Silchar,140.13,Silghat Terminal,54.63,FCI Depot Dimapur,80.68,HOJAI Toll Plaza,10.0
Unnamed Hamlet,HOJAI,720.0,8561472003,village,29,6.02,Belghoria Expressway,588.68,HOJAI,15.78,Bihara,127.38,Kolkata Port (Syama Prasad Mookerjee Port) incl. Haldia Dock Complex,601.43,ICD Amingaon,125.85,Darranga ICP,96.97,Lokpriya Gopinath Bordoloi International Airport (GAU),134.96,MMLP Silchar,139.76,Silghat Terminal,55.37,FCI Depot Dimapur,78.53,HOJAI Toll Plaza,12.14
Unnamed Hamlet,HOJAI,720.0,8561472004,village,29,6.24,Belghoria Expressway,589.18,HOJAI,16.24,Bihara,127.64,Kolkata Port (Syama Prasad Mookerjee Port) incl. Haldia Dock Complex,601.92,ICD Amingaon,126.35,Darranga ICP,97.34,Lokpriya Gopinath Bordoloi International Airport (GAU),135.48,MMLP Silchar,139.98,Silghat Terminal,55.27,FCI Depot Dimapur,78.07,HOJAI Toll Plaza,12.62
Unnamed Hamlet,HOJAI,720.0,8561472005,village,29,5.91,Belghoria Expressway,589.09,HOJAI,16.21,Bihara,127.78,Kolkata Port (Syama Prasad Mookerjee Port) incl. Haldia Dock Complex,601.85,ICD Amingaon,126.08,Darranga ICP,97.01,Lokpriya Gopinath Bordoloi International Airport (GAU),135.21,MMLP Silchar,140.14,Silghat Terminal,55.04,FCI Depot Dimapur,78.38,HOJAI Toll Plaza,12.32
Unnamed Hamlet,HOJAI,720.0,8561472006,village,29,5.38,Belghoria Expressway,589.21,HOJAI,16.42,Baihata,127.51,Kolkata Port (Syama Prasad Mookerjee Port) incl. Haldia Dock Complex,601.96,ICD Amingaon,125.8,Darranga ICP,96.55,Lokpriya Gopinath Bordoloi International Airport (GAU),134.96,MMLP Silchar,140.6,Silghat Terminal,54.53,FCI Depot Dimapur,78.77,HOJAI Toll Plaza,12.0
Unnamed Hamlet,HOJAI,720.0,8561472007,village,29,5.54,Belghoria Expressway,590.22,HOJAI,17.41,Baihata,128.16,Kolkata Port (Syama Prasad Mookerjee Port) incl. Haldia Dock Complex,602.97,ICD Amingaon,126.54,Darranga ICP,96.93,Lokpriya Gopinath Bordoloi International Airport (GAU),135.75,MMLP Silchar,141.33,Silghat Terminal,53.97,FCI Depot Dimapur,78.2,HOJAI Toll Plaza,12.72
Unnamed Hamlet,HOJAI,720.0,8561472008,village,29,4.25,Belghoria Expressway,589.33,HOJAI,16.78,Baihata,126.71,Kolkata Port (Syama Prasad Mookerjee Port) incl. Haldia Dock Complex,602.09,ICD Amingaon,125.12,Darranga ICP,95.54,Lokpriya Gopinath Bordoloi International Airport (GAU),134.35,MMLP Silchar,141.48,Silghat Terminal,53.52,FCI Depot Dimapur,79.64,HOJAI Toll Plaza,11.29
Unnamed Hamlet,HOJAI,720.0,8561472009,village,29,3.91,Belghoria Expressway,588.74,HOJAI,16.29,Baihata,126.09,Kolkata Port (Syama Prasad Mookerjee Port) incl. Haldia Dock Complex,601.5,ICD Amingaon,124.47,Darranga ICP,95.02,Lokpriya Gopinath Bordoloi International Airport (GAU),133.69,MMLP Silchar,141.27,Silghat Terminal,53.61,FCI Depot Dimapur,80.23,HOJAI Toll Plaza,10.65
Unnamed Hamlet,HOJAI,720.0,8561472010,village,29,3.09,Belghoria Expressway,588.16,JUGIJAN,15.93,Baihata,125.05,Kolkata Port (Syama Prasad Mookerjee Port) incl. Haldia Dock Complex,600.93,ICD Amingaon,123.46,Darranga ICP,93.99,Lokpriya Gopinath Bordoloi International Airport (GAU),132.69,MMLP Silchar,141.48,Silghat Terminal,53.24,FCI Depot Dimapur,81.28,HOJAI Toll Plaza,9.63
Unnamed Hamlet,HOJAI,720.0,8561472011,village,29,2.39,Belghoria Expressway,588.03,JUGIJAN,15.87,Baihata,124.38,Kolkata Port (Syama Prasad Mookerjee Port) incl. Haldia Dock Complex,600.81,ICD Amingaon,122.85,Darranga ICP,93.24,Lokpriya Gopinath Bordoloi International Airport (GAU),132.12,MMLP Silchar,141.92,Silghat Terminal,52.71,FCI Depot Dimapur,81.99,HOJAI Toll Plaza,9.04
Unnamed Hamlet,HOJAI,720.0,8561472012,village,29,4.83,Belghoria Expressway,589.85,HOJAI,17.18,Baihata,127.43,Kolkata Port (Syama Prasad Mookerjee Port) incl. Haldia Dock Complex,602.61,ICD Amingaon,125.84,Darranga ICP,96.19,Lokpriya Gopinath Bordoloi International Airport (GAU),135.06,MMLP Silchar,141.52,Silghat Terminal,53.63,FCI Depot Dimapur,78.94,HOJAI Toll Plaza,12.01
Gobindanagar,DIMA HASAO,315.0,8717754896,village,627,0.02,Belghoria Expressway,529.71,DIJAOBRA,37.18,Bihara,57.37,Kolkata Port (Syama Prasad Mookerjee Port) incl. Haldia Dock Complex,542.17,ICD Amingaon,127.06,Dawki ICP,76.3,Lokpriya Gopinath Bordoloi International Airport (GAU),130.44,MMLP Silchar,71.55,Badarpur Terminal,68.52,FCI Depot Silchar,71.55,DIMA HASAO Toll Plaza,48.95
4 Kilo,DIMA HASAO,315.0,8717784813,village,627,0.02,Belghoria Expressway,529.53,DIJAOBRA,36.91,Bihara,56.39,Kolkata Port (Syama Prasad Mookerjee Port) incl. Haldia Dock Complex,541.99,ICD Amingaon,128.05,Dawki ICP,76.32,Lokpriya Gopinath Bordoloi International Airport (GAU),131.37,MMLP Silchar,70.52,Badarpur Terminal,67.75,FCI Depot Silchar,70.52,DIMA HASAO Toll Plaza,49.11
New Tumbung,DIMA HASAO,315.0,8717788304,village,627,1.04,Belghoria Expressway,529.44,DIJAOBRA,37.87,Bihara,58.04,Kolkata Port (Syama Prasad Mookerjee Port) incl. Haldia Dock Complex,541.91,ICD Amingaon,125.97,Dawki ICP,75.87,Lokpriya Gopinath Bordoloi International Airport (GAU),129.36,MMLP Silchar,72.34,Badarpur Terminal,68.93,FCI Depot Silchar,72.34,DIMA HASAO Toll Plaza,49.26
Bilbari,SRIBHUMI,317.0,8925188026,village,8,1.98,Belghoria Expressway,443.12,Kalkalighat,1.21,Bihara,55.93,Kolkata Port (Syama Prasad Mookerjee Port) incl. Haldia Dock Complex,454.92,ICD Amingaon,183.13,Sutarkandi ICP,19.12,Lokpriya Gopinath Bordoloi International Airport (GAU),179.05,MMLP Silchar,54.42,Karimganj Terminal,31.22,FCI Depot Silchar,54.42,SRIBHUMI Toll Plaza,29.36
Bor Phake,TINSUKIA,309.0,9091372730,village,315,4.41,Belghoria Expressway,883.9,Bargolai,4.52,Khongsang,347.79,Kolkata Port (Syama Prasad Mookerjee Port) incl. Haldia Dock Complex,896.36,ICD Amingaon,412.75,Moreh ICP,361.5,Lokpriya Gopinath Bordoloi International Airport (GAU),424.15,MMLP Silchar,395.36,Oriumghat (Sadiya) Terminal,54.78,FCI Depot Dibrugarh,78.98,LAKHIMPUR Toll Plaza,183.78
Mounglang,TINSUKIA,309.0,9091372770,village,315,3.23,Belghoria Expressway,884.12,Ledo,3.46,Khongsang,347.61,Kolkata Port (Syama Prasad Mookerjee Port) incl. Haldia Dock Complex,896.57,ICD Amingaon,413.35,Moreh ICP,360.94,Lokpriya Gopinath Bordoloi International Airport (GAU),424.74,MMLP Silchar,395.37,Oriumghat (Sadiya) Terminal,55.85,FCI Depot Dibrugarh,80.09,LAKHIMPUR Toll Plaza,184.56
Nonglai,TINSUKIA,309.0,9091372771,village,315,5.15,Belghoria Expressway,886.94,Ledo,5.91,Khongsang,350.61,Kolkata Port (Syama Prasad Mookerjee Port) incl. Haldia Dock Complex,899.4,ICD Amingaon,415.75,Moreh ICP,363.86,Lokpriya Gopinath Bordoloi International Airport (GAU),427.16,MMLP Silchar,398.32,Oriumghat (Sadiya) Terminal,53.67,FCI Depot Dibrugarh,81.37,LAKHIMPUR Toll Plaza,186.66
Nonglai Nong Tikhak,TINSUKIA,309.0,9091372773,village,315,5.13,Belghoria Expressway,887.15,Ledo,5.94,Khongsang,350.76,Kolkata Port (Syama Prasad Mookerjee Port) incl. Haldia Dock Complex,899.62,ICD Amingaon,416.01,Moreh ICP,363.94,Lokpriya Gopinath Bordoloi International Airport (GAU),427.42,MMLP Silchar,398.5,Oriumghat (Sadiya) Terminal,53.74,FCI Depot Dibrugarh,81.65,LAKHIMPUR Toll Plaza,186.93
Mahaliapara,UDALGURI,326.0,9127379447,village,127D,23.3,Belghoria Expressway,550.26,KHOIRABARI,1.98,Baihata,34.7,Kolkata Port (Syama Prasad Mookerjee Port) incl. Haldia Dock Complex,563.49,ICD Amingaon,51.65,Darranga ICP,28.58,Lokpriya Gopinath Bordoloi International Airport (GAU),62.29,MMLP Jogighopa,129.87,Pandu Terminal (Guwahati),53.75,FCI Depot Guwahati,54.23,KAMRUP RURAL Toll Plaza,37.19
Kumarikata,TAMULPUR,766.0,9127379493,village,127D,0.02,Belghoria Expressway,542.51,GORESUAR,27.5,Baihata,43.97,Kolkata Port (Syama Prasad Mookerjee Port) incl. Haldia Dock Complex,555.76,ICD Amingaon,61.15,Darranga ICP,56.72,Lokpriya Gopinath Bordoloi International Airport (GAU),68.03,MMLP Jogighopa,110.11,Pandu Terminal (Guwahati),63.28,FCI Depot Guwahati,66.19,KAMRUP RURAL Toll Plaza,48.52
Nonaipara,UDALGURI,326.0,9127805313,village,715A,23.64,Belghoria Expressway,570.96,HARISINGA,16.95,Baihata,57.49,Kolkata Port (Syama Prasad Mookerjee Port) incl. Haldia Dock Complex,584.2,ICD Amingaon,74.67,Darranga ICP,38.88,Lokpriya Gopinath Bordoloi International Airport (GAU),85.09,MMLP Jogighopa,143.29,Pandu Terminal (Guwahati),76.78,FCI Depot Guwahati,77.26,KAMRUP RURAL Toll Plaza,60.21
Silbori,DARANG,325.0,9127828291,village,15,9.3,Belghoria Expressway,578.02,ROWTA BAGAN,15.52,Baihata,66.16,Kolkata Port (Syama Prasad Mookerjee Port) incl. Haldia Dock Complex,591.16,ICD Amingaon,76.07,Darranga ICP,19.87,Lokpriya Gopinath Bordoloi International Airport (GAU),88.36,MMLP Jogighopa,172.97,Tezpur Terminal,49.78,FCI Depot Guwahati,74.41,NAGAON Toll Plaza,46.72
জয়্গুখ্ব গাঁও,TINSUKIA,309.0,9171945868,village,15,2.41,Belghoria Expressway,871.69,Tinsukia Junction,6.43,Khongsang,347.93,Kolkata Port (Syama Prasad Mookerjee Port) incl. Haldia Dock Complex,884.33,ICD Amingaon,391.3,Darranga ICP,338.46,Lokpriya Gopinath Bordoloi International Airport (GAU),403.02,MMLP Silchar,389.99,Bogibeel Terminal,38.4,FCI Depot Dibrugarh,47.43,LAKHIMPUR Toll Plaza,158.99
না-মাতাপুং গাঁও,TINSUKIA,309.0,9171945885,village,15,3.37,Belghoria Expressway,874.38,Makum Junction,4.41,Khongsang,349.38,Kolkata Port (Syama Prasad Mookerjee Port) incl. Haldia Dock Complex,887.01,ICD Amingaon,394.67,Darranga ICP,341.96,Lokpriya Gopinath Bordoloi International Airport (GAU),406.37,MMLP Silchar,391.99,Oriumghat (Sadiya) Terminal,39.56,FCI Depot Dibrugarh,51.24,LAKHIMPUR Toll Plaza,162.5
দেন্কা গাঁও,TINSUKIA,309.0,9171959504,village,15,3.54,Belghoria Expressway,873.23,Makum Junction,6.05,Khongsang,349.06,Kolkata Port (Syama Prasad Mookerjee Port) incl. Haldia Dock Complex,885.86,ICD Amingaon,393.01,Darranga ICP,340.19,Lokpriya Gopinath Bordoloi International Airport (GAU),404.72,MMLP Silchar,391.31,Oriumghat (Sadiya) Terminal,39.94,FCI Depot Dibrugarh,49.19,LAKHIMPUR Toll Plaza,160.71
টারজান গাঁও,TINSUKIA,309.0,9171959505,village,15,3.74,Belghoria Expressway,872.96,Makum Junction,7.28,Khongsang,349.27,Kolkata Port (Syama Prasad Mookerjee Port) incl. Haldia Dock Complex,885.6,ICD Amingaon,392.43,Darranga ICP,339.54,Lokpriya Gopinath Bordoloi International Airport (GAU),404.15,MMLP Silchar,391.32,Bogibeel Terminal,39.47,FCI Depot Dibrugarh,48.37,LAKHIMPUR Toll Plaza,160.06
Ikarani 1,DIBRUGARH,310.0,9174932178,village,15,14.07,Belghoria Expressway,835.87,DIKOM,13.27,Khongsang,314.92,Kolkata Port (Syama Prasad Mookerjee Port) incl. Haldia Dock Complex,848.51,ICD Amingaon,356.65,Darranga ICP,304.51,Lokpriya Gopinath Bordoloi International Airport (GAU),368.28,MMLP Silchar,355.16,Bogibeel Terminal,12.44,FCI Depot Dibrugarh,22.73,LAKHIMPUR Toll Plaza,125.35
No. 3 Karmi,TINSUKIA,309.0,9212146099,village,115,12.15,Belghoria Expressway,903.74,Makum Junction,40.53,Khongsang,384.46,Kolkata Port (Syama Prasad Mookerjee Port) incl. Haldia Dock Complex,916.46,ICD Amingaon,418.16,Darranga ICP,363.86,Lokpriya Gopinath Bordoloi International Airport (GAU),430.09,MMLP Silchar,425.27,Oriumghat (Sadiya) Terminal,11.04,FCI Depot Dibrugarh,73.78,LAKHIMPUR Toll Plaza,185.36
Changamari Habi,DIBRUGARH,310.0,9213360762,village,15,5.05,Belghoria Expressway,820.52,DIBRUGARH TOWN,9.22,Khongsang,310.77,Kolkata Port (Syama Prasad Mookerjee Port) incl. Haldia Dock Complex,833.26,ICD Amingaon,335.73,Darranga ICP,282.35,Lokpriya Gopinath Bordoloi International Airport (GAU),347.55,MMLP Silchar,346.21,Dibrugarh Terminal,9.7,FCI Depot Dibrugarh,9.7,LAKHIMPUR Toll Plaza,102.95
Mereli Pathar,DIBRUGARH,310.0,9214904285,village,15,1.75,Belghoria Expressway,852.94,CHABUA,2.16,Khongsang,333.51,Kolkata Port (Syama Prasad Mookerjee Port) incl. Haldia Dock Complex,865.62,ICD Amingaon,371.15,Darranga ICP,318.17,Lokpriya Gopinath Bordoloi International Airport (GAU),382.9,MMLP Silchar,373.48,Bogibeel Terminal,18.11,FCI Depot Dibrugarh,27.23,LAKHIMPUR Toll Plaza,138.69
Pundurimakhâ,WEST KARBI ANAGLONG,752.0,9234777448,village,27,17.69,Belghoria Expressway,523.0,JAGI ROAD,19.6,Baihata,68.8,Kolkata Port (Syama Prasad Mookerjee Port) incl. Haldia Dock Complex,535.94,ICD Amingaon,59.76,Darranga ICP,66.66,Lokpriya Gopinath Bordoloi International Airport (GAU),65.81,MMLP Silchar,132.65,Pandu Terminal (Guwahati),58.88,FCI Depot Shillong,52.22,KAMRUP METRO Toll Plaza,34.47
Unnamed Village,TINSUKIA,309.0,9250835268,village,315;215,3.22,Belghoria Expressway,907.52,Ledo,25.84,Khongsang,367.11,Kolkata Port (Syama Prasad Mookerjee Port) incl. Haldia Dock Complex,919.92,ICD Amingaon,438.89,Moreh ICP,374.97,Lokpriya Gopinath Bordoloi International Airport (GAU),450.23,MMLP Silchar,416.94,Oriumghat (Sadiya) Terminal,60.51,FCI Depot Dibrugarh,104.65,LAKHIMPUR Toll Plaza,210.35
Phukonhabi Gaon,JORHAT,312.0,9281140208,village,702D,11.9,Belghoria Expressway,742.58,NAKACHARI,6.28,Khongsang,221.45,Kolkata Port (Syama Prasad Mookerjee Port) incl. Haldia Dock Complex,755.1,ICD Amingaon,276.43,Darranga ICP,230.04,Lokpriya Gopinath Bordoloi International Airport (GAU),287.26,MMLP Silchar,259.28,Neamati Terminal,30.58,FCI Depot Jorhat,25.22,GOLAGHAT Toll Plaza,51.71
Baghuliaghat,KARBI ANGLONG,314.0,9290944802,village,29,0.95,Belghoria Expressway,603.58,LANKA,28.12,Bihara,128.97,Kolkata Port (Syama Prasad Mookerjee Port) incl. Haldia Dock Complex,616.21,ICD Amingaon,149.49,Darranga ICP,120.16,Lokpriya Gopinath Bordoloi International Airport (GAU),158.34,MMLP Silchar,139.17,Silghat Terminal,66.82,FCI Depot Dimapur,54.61,DIMA HASAO Toll Plaza,35.26
Daflagarh,BISWANATH,734.0,9427289489,village,15,7.27,Belghoria Expressway,685.14,Badulipar,47.6,Baihata,187.49,Kolkata Port (Syama Prasad Mookerjee Port) incl. Haldia Dock Complex,698.06,ICD Amingaon,194.61,Darranga ICP,141.83,Lokpriya Gopinath Bordoloi International Airport (GAU),206.45,MMLP Silchar,236.97,Sengajan (Panbari) Terminal,38.42,FCI Depot Itanagar,21.36,LAKHIMPUR Toll Plaza,38.39
Rajgorh,BISWANATH,734.0,9427289495,village,415,0.08,Belghoria Expressway,695.06,Badulipar,43.22,Baihata,198.0,Kolkata Port (Syama Prasad Mookerjee Port) incl. Haldia Dock Complex,707.96,ICD Amingaon,205.13,Darranga ICP,152.3,Lokpriya Gopinath Bordoloi International Airport (GAU),216.96,MMLP Silchar,243.76,Sengajan (Panbari) Terminal,37.74,FCI Depot Itanagar,14.54,LAKHIMPUR Toll Plaza,27.97
Kakopathar,TINSUKIA,309.0,9450490090,village,15,0.06,Belghoria Expressway,898.96,Tingrai,22.08,Khongsang,371.36,Kolkata Port (Syama Prasad Mookerjee Port) incl. Haldia Dock Complex,911.57,ICD Amingaon,419.31,Darranga ICP,366.38,Lokpriya Gopinath Bordoloi International Airport (GAU),431.04,MMLP Silchar,415.41,Oriumghat (Sadiya) Terminal,21.5,FCI Depot Dibrugarh,74.87,LAKHIMPUR Toll Plaza,186.91
Khagorimaijan,DIBRUGARH,310.0,9566367368,village,15,3.0,Belghoria Expressway,847.67,DIKOM,5.61,Khongsang,331.29,Kolkata Port (Syama Prasad Mookerjee Port) incl. Haldia Dock Complex,860.37,ICD Amingaon,364.39,Darranga ICP,311.09,Lokpriya Gopinath Bordoloi International Airport (GAU),376.18,MMLP Silchar,369.94,Bogibeel Terminal,12.14,FCI Depot Dibrugarh,19.41,LAKHIMPUR Toll Plaza,131.67
Baratichuk,DIBRUGARH,310.0,9566367370,village,15,4.35,Belghoria Expressway,847.33,DIKOM,6.14,Khongsang,331.6,Kolkata Port (Syama Prasad Mookerjee Port) incl. Haldia Dock Complex,860.04,ICD Amingaon,363.68,Darranga ICP,310.29,Lokpriya Gopinath Bordoloi International Airport (GAU),375.49,MMLP Silchar,369.99,Bogibeel Terminal,12.06,FCI Depot Dibrugarh,18.49,LAKHIMPUR Toll Plaza,130.91
Chamoni Gaon,DIBRUGARH,310.0,9566367371,village,15,2.47,Belghoria Expressway,847.52,DIKOM,5.27,Khongsang,330.94,Kolkata Port (Syama Prasad Mookerjee Port) incl. Haldia Dock Complex,860.22,ICD Amingaon,364.36,Darranga ICP,311.1,Lokpriya Gopinath Bordoloi International Airport (GAU),376.16,MMLP Silchar,369.67,Bogibeel Terminal,11.94,FCI Depot Dibrugarh,19.5,LAKHIMPUR Toll Plaza,131.67
Barahi-Da-Pathar,DIBRUGARH,310.0,9566367372,village,15,4.08,Belghoria Expressway,849.46,CHABUA,6.36,Khongsang,332.91,Kolkata Port (Syama Prasad Mookerjee Port) incl. Haldia Dock Complex,862.16,ICD Amingaon,366.12,Darranga ICP,312.79,Lokpriya Gopinath Bordoloi International Airport (GAU),377.92,MMLP Silchar,371.67,Bogibeel Terminal,13.91,FCI Depot Dibrugarh,21.05,LAKHIMPUR Toll Plaza,133.39
Niz-Rahmoria,DIBRUGARH,310.0,9566367373,village,15,3.05,Belghoria Expressway,849.89,CHABUA,5.25,Khongsang,332.89,Kolkata Port (Syama Prasad Mookerjee Port) incl. Haldia Dock Complex,862.59,ICD Amingaon,366.8,Darranga ICP,313.53,Lokpriya Gopinath Bordoloi International Airport (GAU),378.6,MMLP Silchar,371.83,Bogibeel Terminal,14.29,FCI Depot Dibrugarh,21.88,LAKHIMPUR Toll Plaza,134.11
Dhupabor Maijan,DIBRUGARH,310.0,9566367374,village,15,3.51,Belghoria Expressway,851.51,CHABUA,5.63,Khongsang,334.53,Kolkata Port (Syama Prasad Mookerjee Port) incl. Haldia Dock Complex,864.21,ICD Amingaon,368.27,Darranga ICP,314.94,Lokpriya Gopinath Bordoloi International Airport (GAU),380.07,MMLP Silchar,373.5,Bogibeel Terminal,15.92,FCI Depot Dibrugarh,23.19,LAKHIMPUR Toll Plaza,135.54
Gaurisagar Tiniali,SIBSAGAR,311.0,9569488213,village,2,0.02,Belghoria Expressway,766.54,SIBSAGAR TOWN,11.45,Khongsang,251.66,Kolkata Port (Syama Prasad Mookerjee Port) incl. Haldia Dock Complex,779.17,ICD Amingaon,291.49,Darranga ICP,241.75,Lokpriya Gopinath Bordoloi International Airport (GAU),302.8,MMLP Silchar,287.54,Neamati Terminal,39.44,FCI Depot Jorhat,38.86,GOLAGHAT Toll Plaza,66.94
Hati Ghuli,SIBSAGAR,311.0,9569576344,village,2,0.91,Belghoria Expressway,763.59,AMGURI,12.97,Khongsang,249.02,Kolkata Port (Syama Prasad Mookerjee Port) incl. Haldia Dock Complex,776.22,ICD Amingaon,288.77,Darranga ICP,239.17,Lokpriya Gopinath Bordoloi International Airport (GAU),300.06,MMLP Silchar,284.68,Neamati Terminal,36.59,FCI Depot Jorhat,35.92,GOLAGHAT Toll Plaza,64.06
Mathuri Pathar,DHEMAJI,308.0,9587442592,village,515,5.76,Belghoria Expressway,826.18,DIBRUGARH TOWN,25.58,Baihata,326.82,Kolkata Port (Syama Prasad Mookerjee Port) incl. Haldia Dock Complex,839.03,ICD Amingaon,335.42,Darranga ICP,280.42,Lokpriya Gopinath Bordoloi International Airport (GAU),347.46,MMLP Silchar,359.03,Dibrugarh Terminal,26.69,FCI Depot Dibrugarh,26.69,LAKHIMPUR Toll Plaza,103.89
Ghagara Adi,DHEMAJI,308.0,9587442593,village,515,6.22,Belghoria Expressway,827.19,DIBRUGARH TOWN,26.26,Baihata,327.59,Kolkata Port (Syama Prasad Mookerjee Port) incl. Haldia Dock Complex,840.04,ICD Amingaon,336.24,Darranga ICP,281.19,Lokpriya Gopinath Bordoloi International Airport (GAU),348.29,MMLP Silchar,360.23,Dibrugarh Terminal,27.35,FCI Depot Dibrugarh,27.35,LAKHIMPUR Toll Plaza,104.84
Kendugurigaon,DHEMAJI,308.0,9589199698,village,15,3.28,Belghoria Expressway,821.0,DIBRUGARH TOWN,23.27,Khongsang,321.17,Kolkata Port (Syama Prasad Mookerjee Port) incl. Haldia Dock Complex,833.83,ICD Amingaon,331.14,Darranga ICP,276.42,Lokpriya Gopinath Bordoloi International Airport (GAU),343.15,MMLP Silchar,352.97,Dibrugarh Terminal,24.41,FCI Depot Dibrugarh,24.41,LAKHIMPUR Toll Plaza,99.08
Dhekiani Bam,DHEMAJI,308.0,9589199699,village,15,3.06,Belghoria Expressway,820.36,DIBRUGARH TOWN,25.46,Baihata,321.6,Kolkata Port (Syama Prasad Mookerjee Port) incl. Haldia Dock Complex,833.2,ICD Amingaon,330.06,Darranga ICP,275.23,Lokpriya Gopinath Bordoloi International Airport (GAU),342.09,MMLP Silchar,353.01,Dibrugarh Terminal,26.59,FCI Depot Dibrugarh,26.59,LAKHIMPUR Toll Plaza,98.22
Kailashpur,DHEMAJI,308.0,9589199700,village,15,4.93,Belghoria Expressway,822.03,DIBRUGARH TOWN,25.79,Baihata,322.98,Kolkata Port (Syama Prasad Mookerjee Port) incl. Haldia Dock Complex,834.88,ICD Amingaon,331.5,Darranga ICP,276.6,Lokpriya Gopinath Bordoloi International Airport (GAU),343.53,MMLP Silchar,354.89,Dibrugarh Terminal,26.92,FCI Depot Dibrugarh,26.92,LAKHIMPUR Toll Plaza,99.81
Barati Gaon,DHEMAJI,308.0,9589199701,village,15,4.43,Belghoria Expressway,821.91,DIBRUGARH TOWN,24.14,Khongsang,322.57,Kolkata Port (Syama Prasad Mookerjee Port) incl. Haldia Dock Complex,834.75,ICD Amingaon,331.76,Darranga ICP,276.95,Lokpriya Gopinath Bordoloi International Airport (GAU),343.78,MMLP Silchar,354.22,Dibrugarh Terminal,25.28,FCI Depot Dibrugarh,25.28,LAKHIMPUR Toll Plaza,99.85
Malani,DHEMAJI,308.0,9594277341,village,515,5.62,Belghoria Expressway,828.31,DIBRUGARH TOWN,26.04,Baihata,328.72,Kolkata Port (Syama Prasad Mookerjee Port) incl. Haldia Dock Complex,841.16,ICD Amingaon,337.37,Darranga ICP,282.31,Lokpriya Gopinath Bordoloi International Airport (GAU),349.42,MMLP Silchar,361.25,Dibrugarh Terminal,27.12,FCI Depot Dibrugarh,27.12,LAKHIMPUR Toll Plaza,105.97
Bhebeli Gaon,DHEMAJI,308.0,9614163486,village,15,1.69,Belghoria Expressway,815.79,DIBRUGARH TOWN,24.96,Khongsang,316.23,Kolkata Port (Syama Prasad Mookerjee Port) incl. Haldia Dock Complex,828.63,ICD Amingaon,326.24,Darranga ICP,271.64,Lokpriya Gopinath Bordoloi International Airport (GAU),338.23,MMLP Silchar,347.78,Dibrugarh Terminal,26.06,FCI Depot Dibrugarh,26.06,LAKHIMPUR Toll Plaza,94.0
Akajan Miri,DHEMAJI,308.0,9621175763,village,515,0.1,Belghoria Expressway,822.44,DIBRUGARH TOWN,18.16,Khongsang,320.09,Kolkata Port (Syama Prasad Mookerjee Port) incl. Haldia Dock Complex,835.25,ICD Amingaon,333.64,Darranga ICP,279.18,Lokpriya Gopinath Bordoloi International Airport (GAU),345.61,MMLP Silchar,352.83,Dibrugarh Terminal,19.29,FCI Depot Dibrugarh,19.29,LAKHIMPUR Toll Plaza,101.16
Bormuria Chapori,DHEMAJI,308.0,9621175764,village,515,0.38,Belghoria Expressway,821.95,DIBRUGARH TOWN,17.26,Khongsang,319.08,Kolkata Port (Syama Prasad Mookerjee Port) incl. Haldia Dock Complex,834.76,ICD Amingaon,333.45,Darranga ICP,279.07,Lokpriya Gopinath Bordoloi International Airport (GAU),345.41,MMLP Silchar,352.0,Dibrugarh Terminal,18.38,FCI Depot Dibrugarh,18.38,LAKHIMPUR Toll Plaza,100.87
No. 2 Tangani Majgaon,DHEMAJI,308.0,9621475214,village,515,1.63,Belghoria Expressway,820.27,DIBRUGARH TOWN,15.98,Khongsang,316.42,Kolkata Port (Syama Prasad Mookerjee Port) incl. Haldia Dock Complex,833.07,ICD Amingaon,332.39,Darranga ICP,278.19,Lokpriya Gopinath Bordoloi International Airport (GAU),344.32,MMLP Silchar,349.65,Dibrugarh Terminal,17.07,FCI Depot Dibrugarh,17.07,LAKHIMPUR Toll Plaza,99.66
No. 1 Tangani Majgaon,DHEMAJI,308.0,9621475215,village,515,2.08,Belghoria Expressway,821.77,DIBRUGARH TOWN,15.41,Khongsang,317.89,Kolkata Port (Syama Prasad Mookerjee Port) incl. Haldia Dock Complex,834.57,ICD Amingaon,333.77,Darranga ICP,279.53,Lokpriya Gopinath Bordoloi International Airport (GAU),345.71,MMLP Silchar,351.17,Dibrugarh Terminal,16.53,FCI Depot Dibrugarh,16.53,LAKHIMPUR Toll Plaza,101.07
No. 2 Chila Pathar,DHEMAJI,308.0,9627091747,village,515,0.63,Belghoria Expressway,827.27,DIBRUGARH TOWN,19.2,Khongsang,325.45,Kolkata Port (Syama Prasad Mookerjee Port) incl. Haldia Dock Complex,840.09,ICD Amingaon,337.83,Darranga ICP,283.16,Lokpriya Gopinath Bordoloi International Airport (GAU),349.83,MMLP Silchar,358.14,Dibrugarh Terminal,20.3,FCI Depot Dibrugarh,20.3,LAKHIMPUR Toll Plaza,105.61
No. 1 Chila Pathar,DHEMAJI,308.0,9627091748,village,515,0.6,Belghoria Expressway,826.56,DIBRUGARH TOWN,19.17,Khongsang,324.76,Kolkata Port (Syama Prasad Mookerjee Port) incl. Haldia Dock Complex,839.38,ICD Amingaon,337.16,Darranga ICP,282.51,Lokpriya Gopinath Bordoloi International Airport (GAU),349.16,MMLP Silchar,357.43,Dibrugarh Terminal,20.28,FCI Depot Dibrugarh,20.28,LAKHIMPUR Toll Plaza,104.92
Bharaibpur,DHEMAJI,308.0,9627094125,village,515,0.93,Belghoria Expressway,827.51,DIBRUGARH TOWN,18.9,Khongsang,325.53,Kolkata Port (Syama Prasad Mookerjee Port) incl. Haldia Dock Complex,840.33,ICD Amingaon,338.12,Darranga ICP,283.47,Lokpriya Gopinath Bordoloi International Airport (GAU),350.12,MMLP Silchar,358.29,Dibrugarh Terminal,20.0,FCI Depot Dibrugarh,20.0,LAKHIMPUR Toll Plaza,105.88
Silabaligaon,DHEMAJI,308.0,9627094483,village,515,1.29,Belghoria Expressway,827.49,DIBRUGARH TOWN,18.54,Khongsang,325.34,Kolkata Port (Syama Prasad Mookerjee Port) incl. Haldia Dock Complex,840.31,ICD Amingaon,338.18,Darranga ICP,283.55,Lokpriya Gopinath Bordoloi International Airport (GAU),350.18,MMLP Silchar,358.16,Dibrugarh Terminal,19.64,FCI Depot Dibrugarh,19.64,LAKHIMPUR Toll Plaza,105.91
Thekeraguri,DHEMAJI,308.0,9627117726,village,515,0.47,Belghoria Expressway,826.98,DIBRUGARH TOWN,19.36,Khongsang,325.25,Kolkata Port (Syama Prasad Mookerjee Port) incl. Haldia Dock Complex,839.8,ICD Amingaon,337.52,Darranga ICP,282.85,Lokpriya Gopinath Bordoloi International Airport (GAU),349.52,MMLP Silchar,357.9,Dibrugarh Terminal,20.46,FCI Depot Dibrugarh,20.46,LAKHIMPUR Toll Plaza,105.31
Joriguri,DHEMAJI,308.0,9627171489,village,515,2.6,Belghoria Expressway,825.62,DIBRUGARH TOWN,16.41,Khongsang,322.53,Kolkata Port (Syama Prasad Mookerjee Port) incl. Haldia Dock Complex,838.43,ICD Amingaon,336.92,Darranga ICP,282.46,Lokpriya Gopinath Bordoloi International Airport (GAU),348.89,MMLP Silchar,355.64,Dibrugarh Terminal,17.53,FCI Depot Dibrugarh,17.53,LAKHIMPUR Toll Plaza,104.42
Memberchuk,DHEMAJI,308.0,9627171500,village,515,0.35,Belghoria Expressway,823.71,DIBRUGARH TOWN,18.13,Khongsang,321.42,Kolkata Port (Syama Prasad Mookerjee Port) incl. Haldia Dock Complex,836.53,ICD Amingaon,334.78,Darranga ICP,280.28,Lokpriya Gopinath Bordoloi International Airport (GAU),346.76,MMLP Silchar,354.18,Dibrugarh Terminal,19.26,FCI Depot Dibrugarh,19.26,LAKHIMPUR Toll Plaza,102.35
Mishingpur,DHEMAJI,308.0,9627171517,village,515,0.77,Belghoria Expressway,824.19,DIBRUGARH TOWN,18.02,Khongsang,321.86,Kolkata Port (Syama Prasad Mookerjee Port) incl. Haldia Dock Complex,837.0,ICD Amingaon,335.23,Darranga ICP,280.72,Lokpriya Gopinath Bordoloi International Airport (GAU),347.21,MMLP Silchar,354.65,Dibrugarh Terminal,19.15,FCI Depot Dibrugarh,19.15,LAKHIMPUR Toll Plaza,102.81
Archipathar,DHEMAJI,308.0,9628955501,village,515,0.0,Belghoria Expressway,833.1,DIBRUGARH TOWN,22.74,Khongsang,332.19,Kolkata Port (Syama Prasad Mookerjee Port) incl. Haldia Dock Complex,845.94,ICD Amingaon,342.8,Darranga ICP,287.87,Lokpriya Gopinath Bordoloi International Airport (GAU),354.83,MMLP Silchar,364.72,Dibrugarh Terminal,23.74,FCI Depot Dibrugarh,23.74,LAKHIMPUR Toll Plaza,111.04
Jalakia Suti,DHEMAJI,308.0,9628970442,village,515,0.03,Belghoria Expressway,830.1,DIBRUGARH TOWN,20.62,Khongsang,328.68,Kolkata Port (Syama Prasad Mookerjee Port) incl. Haldia Dock Complex,842.93,ICD Amingaon,340.25,Darranga ICP,285.46,Lokpriya Gopinath Bordoloi International Airport (GAU),352.27,MMLP Silchar,361.31,Dibrugarh Terminal,21.68,FCI Depot Dibrugarh,21.68,LAKHIMPUR Toll Plaza,108.24
Majorbari,DHEMAJI,308.0,9646077729,village,515,7.9,Belghoria Expressway,833.55,DIBRUGARH TOWN,13.69,Khongsang,328.28,Kolkata Port (Syama Prasad Mookerjee Port) incl. Haldia Dock Complex,846.35,ICD Amingaon,345.28,Darranga ICP,290.86,Lokpriya Gopinath Bordoloi International Airport (GAU),357.24,MMLP Silchar,362.4,Dibrugarh Terminal,14.61,FCI Depot Dibrugarh,14.61,LAKHIMPUR Toll Plaza,112.7
Yopakan,TINSUKIA,309.0,9660184681,village,315,2.13,Belghoria Expressway,885.13,Ledo,4.11,Khongsang,346.69,Kolkata Port (Syama Prasad Mookerjee Port) incl. Haldia Dock Complex,897.56,ICD Amingaon,416.26,Moreh ICP,358.17,Lokpriya Gopinath Bordoloi International Airport (GAU),427.58,MMLP Silchar,395.37,Oriumghat (Sadiya) Terminal,61.38,FCI Depot Dibrugarh,85.61,LAKHIMPUR Toll Plaza,188.42
Durpai,DHEMAJI,308.0,9706140668,village,15,12.32,Belghoria Expressway,789.88,DIBRUGARH TOWN,58.93,Baihata,287.0,Kolkata Port (Syama Prasad Mookerjee Port) incl. Haldia Dock Complex,802.8,ICD Amingaon,296.09,Darranga ICP,240.55,Lokpriya Gopinath Bordoloi International Airport (GAU),308.21,MMLP Silchar,331.22,Dibrugarh Terminal,59.98,FCI Depot Dibrugarh,59.98,LAKHIMPUR Toll Plaza,67.87
Kanaighat,GOLAGHAT,313.0,9709198476,village,129,0.01,Belghoria Expressway,681.8,Numaligarh,10.79,Khongsang,191.47,Kolkata Port (Syama Prasad Mookerjee Port) incl. Haldia Dock Complex,694.5,ICD Amingaon,208.1,Darranga ICP,162.15,Lokpriya Gopinath Bordoloi International Airport (GAU),219.01,MMLP Silchar,212.96,Sengajan (Panbari) Terminal,6.34,FCI Depot Jorhat,47.34,GOLAGHAT Toll Plaza,18.48
Telgaram,GOLAGHAT,313.0,9709199012,village,129,0.0,Belghoria Expressway,682.0,Numaligarh,10.08,Khongsang,190.66,Kolkata Port (Syama Prasad Mookerjee Port) incl. Haldia Dock Complex,694.7,ICD Amingaon,208.88,Darranga ICP,163.14,Lokpriya Gopinath Bordoloi International Airport (GAU),219.76,MMLP Silchar,212.56,Sengajan (Panbari) Terminal,7.72,FCI Depot Jorhat,46.82,GOLAGHAT Toll Plaza,17.14
Lālpāni,CACHAR,316.0,9839806366,village,37,0.11,Belghoria Expressway,523.17,JIRIGHAT,0.61,Khongsang,40.49,Kolkata Port (Syama Prasad Mookerjee Port) incl. Haldia Dock Complex,534.79,ICD Amingaon,203.06,Sutarkandi ICP,65.29,Lokpriya Gopinath Bordoloi International Airport (GAU),203.94,MMLP Silchar,30.03,Lakhipur Terminal,8.53,FCI Depot Silchar,30.03,CACHAR Toll Plaza,35.4
Rajkhowasuk,CHARAIDEO,704.0,9849518665,village,2,8.03,Belghoria Expressway,803.69,SAFRAI,5.01,Khongsang,279.8,Kolkata Port (Syama Prasad Mookerjee Port) incl. Haldia Dock Complex,816.26,ICD Amingaon,330.21,Darranga ICP,280.07,Lokpriya Gopinath Bordoloi International Airport (GAU),341.55,MMLP Silchar,320.59,Bogibeel Terminal,41.33,FCI Depot Dibrugarh,44.34,LAKHIMPUR Toll Plaza,104.39
Kalain,CACHAR,316.0,9851359676,village,6,0.01,Belghoria Expressway,486.44,HILARA,5.41,Bihara,11.89,Kolkata Port (Syama Prasad Mookerjee Port) incl. Haldia Dock Complex,498.52,ICD Amingaon,158.12,Sutarkandi ICP,30.34,Lokpriya Gopinath Bordoloi International Airport (GAU),157.11,MMLP Silchar,25.47,Badarpur Terminal,11.22,FCI Depot Silchar,25.47,CACHAR Toll Plaza,18.68
Unnamed Village,TINSUKIA,309.0,9936080456,village,315,2.36,Belghoria Expressway,896.5,Ledo,14.42,Khongsang,357.29,Kolkata Port (Syama Prasad Mookerjee Port) incl. Haldia Dock Complex,908.92,ICD Amingaon,427.46,Moreh ICP,367.14,Lokpriya Gopinath Bordoloi International Airport (GAU),438.81,MMLP Silchar,406.45,Oriumghat (Sadiya) Terminal,58.9,FCI Depot Dibrugarh,94.39,LAKHIMPUR Toll Plaza,199.11
Kuhuboto,GOLAGHAT,313.0,9991472612,village,29,4.64,Belghoria Expressway,647.71,KHOTKHOTI,9.88,Khongsang,122.7,Kolkata Port (Syama Prasad Mookerjee Port) incl. Haldia Dock Complex,659.99,ICD Amingaon,214.72,Darranga ICP,184.62,Lokpriya Gopinath Bordoloi International Airport (GAU),223.14,MMLP Silchar,158.07,Sengajan (Panbari) Terminal,77.61,FCI Depot Dimapur,11.82,GOLAGHAT Toll Plaza,63.29
Furkating,GOLAGHAT,313.0,9991966999,village,129,7.18,Belghoria Expressway,693.45,FURKATING JN,0.22,Khongsang,184.01,Kolkata Port (Syama Prasad Mookerjee Port) incl. Haldia Dock Complex,706.01,ICD Amingaon,229.64,Darranga ICP,186.38,Lokpriya Gopinath Bordoloi International Airport (GAU),240.1,MMLP Silchar,214.29,Sengajan (Panbari) Terminal,33.28,FCI Depot Jorhat,36.91,GOLAGHAT Toll Plaza,8.67
Unnamed Village,KAMRUP METRO,322.0,10023328692,village,27,4.48,Belghoria Expressway,522.17,KAMRUP KHETRI,5.93,Baihata,49.46,Kolkata Port (Syama Prasad Mookerjee Port) incl. Haldia Dock Complex,535.22,ICD Amingaon,41.85,Darranga ICP,51.86,Lokpriya Gopinath Bordoloi International Airport (GAU),49.66,MMLP Jogighopa,149.68,Pandu Terminal (Guwahati),41.3,FCI Depot Guwahati,35.55,KAMRUP METRO Toll Plaza,15.8
Unnamed Village,WEST KARBI ANAGLONG,752.0,10023395836,village,627,3.64,Belghoria Expressway,551.0,CHAPARMUKH JN,12.85,Baihata,82.51,Kolkata Port (Syama Prasad Mookerjee Port) incl. Haldia Dock Complex,563.92,ICD Amingaon,78.8,Darranga ICP,62.3,Lokpriya Gopinath Bordoloi International Airport (GAU),87.53,MMLP Silchar,139.6,Tezpur Terminal,67.18,FCI Depot Guwahati,72.92,NAGAON Toll Plaza,18.25
Unnamed Village,WEST KARBI ANAGLONG,752.0,10023395837,village,627,3.24,Belghoria Expressway,550.38,CHAPARMUKH JN,13.28,Baihata,82.06,Kolkata Port (Syama Prasad Mookerjee Port) incl. Haldia Dock Complex,563.3,ICD Amingaon,78.26,Darranga ICP,62.18,Lokpriya Gopinath Bordoloi International Airport (GAU),86.96,MMLP Silchar,139.45,Tezpur Terminal,67.7,FCI Depot Guwahati,72.37,NAGAON Toll Plaza,18.72
Unnamed Village,WEST KARBI ANAGLONG,752.0,10023395885,village,627,3.92,Belghoria Expressway,542.85,DHARAMTUL,13.7,Baihata,75.44,Kolkata Port (Syama Prasad Mookerjee Port) incl. Haldia Dock Complex,555.79,ICD Amingaon,70.66,Darranga ICP,59.88,Lokpriya Gopinath Bordoloi International Airport (GAU),79.01,MMLP Silchar,139.22,Pandu Terminal (Guwahati),70.32,FCI Depot Guwahati,64.62,NAGAON Toll Plaza,24.75
Unnamed Village,WEST KARBI ANAGLONG,752.0,10023395886,village,27,9.57,Belghoria Expressway,533.14,AUJARI,15.13,Baihata,71.18,Kolkata Port (Syama Prasad Mookerjee Port) incl. Haldia Dock Complex,546.08,ICD Amingaon,64.43,Darranga ICP,62.11,Lokpriya Gopinath Bordoloi International Airport (GAU),71.84,MMLP Silchar,136.08,Pandu Terminal (Guwahati),63.85,FCI Depot Guwahati,58.09,NAGAON Toll Plaza,34.24
Unnamed Village,WEST KARBI ANAGLONG,752.0,10023395887,village,27,10.24,Belghoria Expressway,533.77,AUJARI,16.12,Baihata,72.66,Kolkata Port (Syama Prasad Mookerjee Port) incl. Haldia Dock Complex,546.7,ICD Amingaon,65.92,Darranga ICP,63.12,Lokpriya Gopinath Bordoloi International Airport (GAU),73.29,MMLP Silchar,135.06,Pandu Terminal (Guwahati),65.33,FCI Depot Guwahati,59.57,NAGAON Toll Plaza,33.79
Jangraimukh,MAJULI,707.0,10208010964,village,15,24.74,Belghoria Expressway,756.58,MELENG,32.46,Khongsang,257.44,Kolkata Port (Syama Prasad Mookerjee Port) incl. Haldia Dock Complex,769.34,ICD Amingaon,273.21,Darranga ICP,221.21,Lokpriya Gopinath Bordoloi International Airport (GAU),284.87,MMLP Silchar,286.66,Neamati Terminal,33.8,FCI Depot Jorhat,37.95,LAKHIMPUR Toll Plaza,43.32
Retzol,DIMA HASAO,315.0,10226884217,village,27,0.01,Belghoria Expressway,530.32,Jatinga,3.06,Bihara,33.92,Kolkata Port (Syama Prasad Mookerjee Port) incl. Haldia Dock Complex,542.32,ICD Amingaon,173.98,Sutarkandi ICP,69.87,Lokpriya Gopinath Bordoloi International Airport (GAU),176.01,MMLP Silchar,36.59,Lakhipur Terminal,35.32,FCI Depot Silchar,36.59,CACHAR Toll Plaza,29.25
Bihpuria,LAKHIMPUR,307.0,10303891377,village,15,7.75,Belghoria Expressway,723.78,Barua Bamungaon,38.94,Baihata,230.16,Kolkata Port (Syama Prasad Mookerjee Port) incl. Haldia Dock Complex,736.62,ICD Amingaon,236.96,Darranga ICP,184.56,Lokpriya Gopinath Bordoloi International Airport (GAU),248.71,MMLP Silchar,262.61,Neamati Terminal,34.1,FCI Depot Itanagar,31.16,LAKHIMPUR Toll Plaza,10.31
Borshahaki,CHARAIDEO,704.0,10599423093,village,2,8.13,Belghoria Expressway,803.69,SAFRAI,4.9,Khongsang,279.76,Kolkata Port (Syama Prasad Mookerjee Port) incl. Haldia Dock Complex,816.26,ICD Amingaon,330.24,Darranga ICP,280.11,Lokpriya Gopinath Bordoloi International Airport (GAU),341.58,MMLP Silchar,320.56,Bogibeel Terminal,41.4,FCI Depot Dibrugarh,44.43,LAKHIMPUR Toll Plaza,104.45
Disangpani,CHARAIDEO,704.0,10599428771,village,702C,6.43,Belghoria Expressway,802.83,SAFRAI,3.39,Khongsang,278.28,Kolkata Port (Syama Prasad Mookerjee Port) incl. Haldia Dock Complex,815.39,ICD Amingaon,329.97,Darranga ICP,280.02,Lokpriya Gopinath Bordoloi International Airport (GAU),341.29,MMLP Silchar,319.33,Bogibeel Terminal,43.16,FCI Depot Dibrugarh,46.3,LAKHIMPUR Toll Plaza,104.78
Auniati,MAJULI,707.0,10692764768,village,715K,14.06,Belghoria Expressway,733.78,Jorhat Town,22.17,Khongsang,236.73,Kolkata Port (Syama Prasad Mookerjee Port) incl. Haldia Dock Complex,746.53,ICD Amingaon,252.76,Darranga ICP,202.06,Lokpriya Gopinath Bordoloi International Airport (GAU),264.26,MMLP Silchar,264.09,Neamati Terminal,15.43,FCI Depot Jorhat,21.64,LAKHIMPUR Toll Plaza,32.01
Merapani,GOLAGHAT,313.0,10824064061,village,129,21.55,Belghoria Expressway,691.76,JAMGURI,14.97,Khongsang,171.85,Kolkata Port (Syama Prasad Mookerjee Port) incl. Haldia Dock Complex,704.2,ICD Amingaon,237.04,Darranga ICP,196.7,Lokpriya Gopinath Bordoloi International Airport (GAU),247.01,MMLP Silchar,206.98,Sengajan (Panbari) Terminal,49.75,FCI Depot Jorhat,48.19,GOLAGHAT Toll Plaza,25.5
Dishru Village,DIMA HASAO,315.0,11027601106,village,627,0.1,Belghoria Expressway,537.71,MIGRENDISA,5.85,Bihara,41.86,Kolkata Port (Syama Prasad Mookerjee Port) incl. Haldia Dock Complex,549.79,ICD Amingaon,168.88,Sutarkandi ICP,78.55,Lokpriya Gopinath Bordoloi International Airport (GAU),171.59,MMLP Silchar,46.88,Lakhipur Terminal,46.0,FCI Depot Silchar,46.88,CACHAR Toll Plaza,38.25
Hojāl,DIMA HASAO,315.0,11027601107,village,627,0.47,Belghoria Expressway,538.64,MIGRENDISA,7.03,Bihara,43.01,Kolkata Port (Syama Prasad Mookerjee Port) incl. Haldia Dock Complex,550.73,ICD Amingaon,167.87,Sutarkandi ICP,79.76,Lokpriya Gopinath Bordoloi International Airport (GAU),170.69,MMLP Silchar,48.4,Lakhipur Terminal,47.7,FCI Depot Silchar,48.4,CACHAR Toll Plaza,39.58
Lower Mabao,DIMA HASAO,315.0,11027601108,village,627,0.06,Belghoria Expressway,538.4,MIGRENDISA,6.18,Bihara,42.62,Kolkata Port (Syama Prasad Mookerjee Port) incl. Haldia Dock Complex,550.48,ICD Amingaon,168.63,Sutarkandi ICP,79.33,Lokpriya Gopinath Bordoloi International Airport (GAU),171.4,MMLP Silchar,47.74,Lakhipur Terminal,46.81,FCI Depot Silchar,47.74,CACHAR Toll Plaza,39.06
Suklai,UDALGURI,326.0,11033703720,village,127D,20.95,Belghoria Expressway,555.71,KHOIRABARI,13.21,Baihata,43.38,Kolkata Port (Syama Prasad Mookerjee Port) incl. Haldia Dock Complex,568.95,ICD Amingaon,60.96,Darranga ICP,37.31,Lokpriya Gopinath Bordoloi International Airport (GAU),70.8,MMLP Jogighopa,129.59,Pandu Terminal (Guwahati),63.11,FCI Depot Guwahati,64.2,KAMRUP RURAL Toll Plaza,46.58
"BHANJANG BASTI, HAFLONG",DIMA HASAO,315.0,11038715217,village,627,0.29,Belghoria Expressway,535.58,Jatinga,3.16,Bihara,39.22,Kolkata Port (Syama Prasad Mookerjee Port) incl. Haldia Dock Complex,547.61,ICD Amingaon,172.59,Sutarkandi ICP,75.56,Lokpriya Gopinath Bordoloi International Airport (GAU),175.04,MMLP Silchar,42.76,Lakhipur Terminal,40.83,FCI Depot Silchar,42.76,CACHAR Toll Plaza,34.99
Brelang,DIMA HASAO,315.0,11062758505,village,627,0.58,Belghoria Expressway,538.19,MIGRENDISA,4.48,Bihara,42.15,Kolkata Port (Syama Prasad Mookerjee Port) incl. Haldia Dock Complex,550.25,ICD Amingaon,170.25,Sutarkandi ICP,78.75,Lokpriya Gopinath Bordoloi International Airport (GAU),172.96,MMLP Silchar,46.68,Lakhipur Terminal,45.18,FCI Depot Silchar,46.68,CACHAR Toll Plaza,38.34
Jibro,DIMA HASAO,315.0,11062758605,village,627,1.11,Belghoria Expressway,538.07,MIGRENDISA,3.5,Bihara,41.9,Kolkata Port (Syama Prasad Mookerjee Port) incl. Haldia Dock Complex,550.13,ICD Amingaon,171.24,Sutarkandi ICP,78.43,Lokpriya Gopinath Bordoloi International Airport (GAU),173.91,MMLP Silchar,46.06,Lakhipur Terminal,44.19,FCI Depot Silchar,46.06,CACHAR Toll Plaza,37.95
Unnamed Town,NAGAON,305.0,11073061874,village,127,15.21,Belghoria Expressway,593.75,Tarabari,4.71,Baihata,97.72,Kolkata Port (Syama Prasad Mookerjee Port) incl. Haldia Dock Complex,606.76,ICD Amingaon,102.38,Darranga ICP,56.42,Lokpriya Gopinath Bordoloi International Airport (GAU),113.87,MMLP Silchar,179.07,Tezpur Terminal,21.05,FCI Depot Guwahati,98.54,NAGAON Toll Plaza,21.7
Unnamed Village,TINSUKIA,309.0,11079168747,village,315,1.94,Belghoria Expressway,887.81,Ledo,6.24,Khongsang,349.16,Kolkata Port (Syama Prasad Mookerjee Port) incl. Haldia Dock Complex,900.23,ICD Amingaon,418.92,Moreh ICP,360.23,Lokpriya Gopinath Bordoloi International Airport (GAU),430.25,MMLP Silchar,397.96,Oriumghat (Sadiya) Terminal,60.68,FCI Depot Dibrugarh,87.67,LAKHIMPUR Toll Plaza,190.97
Unnamed Village,TINSUKIA,309.0,11079168748,village,315,3.48,Belghoria Expressway,889.64,Ledo,8.59,Khongsang,350.51,Kolkata Port (Syama Prasad Mookerjee Port) incl. Haldia Dock Complex,902.05,ICD Amingaon,421.11,Moreh ICP,360.97,Lokpriya Gopinath Bordoloi International Airport (GAU),432.42,MMLP Silchar,399.56,Oriumghat (Sadiya) Terminal,61.44,FCI Depot Dibrugarh,90.01,LAKHIMPUR Toll Plaza,193.27
Unnamed Village,TINSUKIA,309.0,11079168768,village,215,4.41,Belghoria Expressway,894.05,Ledo,15.07,Khongsang,353.45,Kolkata Port (Syama Prasad Mookerjee Port) incl. Haldia Dock Complex,906.44,ICD Amingaon,426.75,Moreh ICP,362.14,Lokpriya Gopinath Bordoloi International Airport (GAU),438.03,MMLP Silchar,403.26,Oriumghat (Sadiya) Terminal,64.85,FCI Depot Dibrugarh,96.55,LAKHIMPUR Toll Plaza,199.4
Riao,DIMA HASAO,315.0,11090837906,village,627,1.61,Belghoria Expressway,540.72,MIGRENDISA,5.32,Bihara,44.79,Kolkata Port (Syama Prasad Mookerjee Port) incl. Haldia Dock Complex,552.8,ICD Amingaon,170.27,Sutarkandi ICP,81.43,Lokpriya Gopinath Bordoloi International Airport (GAU),173.17,MMLP Silchar,49.37,Lakhipur Terminal,47.41,FCI Depot Silchar,49.37,CACHAR Toll Plaza,41.04
Nānādisa,DIMA HASAO,315.0,11090837907,village,27,1.51,Belghoria Expressway,539.7,MIGRENDISA,1.11,Bihara,43.36,Kolkata Port (Syama Prasad Mookerjee Port) incl. Haldia Dock Complex,551.73,ICD Amingaon,173.71,Sutarkandi ICP,79.69,Lokpriya Gopinath Bordoloi International Airport (GAU),176.43,MMLP Silchar,46.65,Lakhipur Terminal,43.49,FCI Depot Silchar,46.65,CACHAR Toll Plaza,39.1
Wālodisa,DIMA HASAO,315.0,11090838505,village,27,2.13,Belghoria Expressway,541.84,MIGRENDISA,3.18,Bihara,45.58,Kolkata Port (Syama Prasad Mookerjee Port) incl. Haldia Dock Complex,553.89,ICD Amingaon,173.41,Sutarkandi ICP,82.0,Lokpriya Gopinath Bordoloi International Airport (GAU),176.29,MMLP Silchar,49.09,Lakhipur Terminal,45.74,FCI Depot Silchar,49.09,CACHAR Toll Plaza,41.44
Disagisim,DIMA HASAO,315.0,11090838605,village,627,1.94,Belghoria Expressway,540.41,MIGRENDISA,4.88,Bihara,44.43,Kolkata Port (Syama Prasad Mookerjee Port) incl. Haldia Dock Complex,552.48,ICD Amingaon,170.52,Sutarkandi ICP,81.05,Lokpriya Gopinath Bordoloi International Airport (GAU),173.39,MMLP Silchar,48.92,Lakhipur Terminal,46.91,FCI Depot Silchar,48.92,CACHAR Toll Plaza,40.64
Chaparmukh,NAGAON,305.0,11116558152,village,27,1.87,Belghoria Expressway,562.25,CHAPARMUKH JN,0.42,Baihata,82.9,Kolkata Port (Syama Prasad Mookerjee Port) incl. Haldia Dock Complex,575.21,ICD Amingaon,82.01,Darranga ICP,55.46,Lokpriya Gopinath Bordoloi International Airport (GAU),91.92,MMLP Silchar,151.15,Tezpur Terminal,54.38,FCI Depot Guwahati,76.74,NAGAON Toll Plaza,5.23
Garhmari,NAGAON,305.0,11116575937,village,27,0.5,Belghoria Expressway,563.61,Raha,0.75,Baihata,82.5,Kolkata Port (Syama Prasad Mookerjee Port) incl. Haldia Dock Complex,576.57,ICD Amingaon,82.05,Darranga ICP,54.05,Lokpriya Gopinath Bordoloi International Airport (GAU),92.13,MMLP Silchar,153.19,Tezpur Terminal,52.65,FCI Depot Guwahati,76.89,NAGAON Toll Plaza,3.6
Dighali Ati,NAGAON,305.0,11127163093,village,27,0.09,Belghoria Expressway,561.41,CHAPARMUKH JN,1.52,Baihata,81.11,Kolkata Port (Syama Prasad Mookerjee Port) incl. Haldia Dock Complex,574.37,ICD Amingaon,80.33,Darranga ICP,53.8,Lokpriya Gopinath Bordoloi International Airport (GAU),90.3,MMLP Silchar,152.06,Tezpur Terminal,54.75,FCI Depot Guwahati,75.09,NAGAON Toll Plaza,5.8
Jungal Balahu,NAGAON,305.0,11127261397,village,27,0.22,Belghoria Expressway,560.19,CHAPARMUKH JN,3.36,Baihata,79.2,Kolkata Port (Syama Prasad Mookerjee Port) incl. Haldia Dock Complex,573.16,ICD Amingaon,78.44,Darranga ICP,52.27,Lokpriya Gopinath Bordoloi International Airport (GAU),88.45,MMLP Silchar,152.66,Tezpur Terminal,55.59,FCI Depot Guwahati,73.23,NAGAON Toll Plaza,7.16
Rahachaki,NAGAON,305.0,11127267872,village,27,1.11,Belghoria Expressway,564.25,Raha,0.35,Baihata,83.35,Kolkata Port (Syama Prasad Mookerjee Port) incl. Haldia Dock Complex,577.21,ICD Amingaon,82.92,Darranga ICP,54.7,Lokpriya Gopinath Bordoloi International Airport (GAU),92.99,MMLP Silchar,153.05,Tezpur Terminal,52.19,FCI Depot Guwahati,77.75,NAGAON Toll Plaza,3.04
Mulankata,NAGAON,305.0,11127285457,village,27,0.61,Belghoria Expressway,562.57,Raha,2.2,Baihata,81.0,Kolkata Port (Syama Prasad Mookerjee Port) incl. Haldia Dock Complex,575.53,ICD Amingaon,80.55,Darranga ICP,52.87,Lokpriya Gopinath Bordoloi International Airport (GAU),90.65,MMLP Silchar,153.54,Tezpur Terminal,53.38,FCI Depot Guwahati,75.4,NAGAON Toll Plaza,4.74
Hariamukh,NAGAON,305.0,11127293365,village,27,1.97,Belghoria Expressway,565.18,Raha,1.65,Baihata,84.76,Kolkata Port (Syama Prasad Mookerjee Port) incl. Haldia Dock Complex,578.13,ICD Amingaon,84.31,Darranga ICP,55.87,Lokpriya Gopinath Bordoloi International Airport (GAU),94.36,MMLP Silchar,152.67,Tezpur Terminal,51.61,FCI Depot Guwahati,79.13,NAGAON Toll Plaza,2.69
Khaigarh,NAGAON,305.0,11127294474,village,27,0.14,Belghoria Expressway,566.08,Raha,1.79,Baihata,83.98,Kolkata Port (Syama Prasad Mookerjee Port) incl. Haldia Dock Complex,579.04,ICD Amingaon,83.92,Darranga ICP,54.29,Lokpriya Gopinath Bordoloi International Airport (GAU),94.12,MMLP Silchar,154.6,Tezpur Terminal,50.25,FCI Depot Guwahati,78.84,NAGAON Toll Plaza,1.13
Dimou,NAGAON,305.0,11127295700,village,27,0.03,Belghoria Expressway,573.77,Phulaguri,1.07,Baihata,89.88,Kolkata Port (Syama Prasad Mookerjee Port) incl. Haldia Dock Complex,586.73,ICD Amingaon,90.72,Darranga ICP,57.05,Lokpriya Gopinath Bordoloi International Airport (GAU),101.18,MMLP Silchar,158.08,Tezpur Terminal,43.29,FCI Depot Guwahati,85.84,NAGAON Toll Plaza,6.66
Dighaldari,NAGAON,305.0,11127296631,village,27,1.18,Belghoria Expressway,565.49,Raha,1.34,Baihata,84.36,Kolkata Port (Syama Prasad Mookerjee Port) incl. Haldia Dock Complex,578.45,ICD Amingaon,84.07,Darranga ICP,55.16,Lokpriya Gopinath Bordoloi International Airport (GAU),94.18,MMLP Silchar,153.47,Tezpur Terminal,51.09,FCI Depot Guwahati,78.93,NAGAON Toll Plaza,1.99
Kakati Gaon,NAGAON,305.0,11127297515,village,27,3.56,Belghoria Expressway,564.25,Raha,2.91,Baihata,85.38,Kolkata Port (Syama Prasad Mookerjee Port) incl. Haldia Dock Complex,577.19,ICD Amingaon,84.56,Darranga ICP,57.25,Lokpriya Gopinath Bordoloi International Airport (GAU),94.47,MMLP Silchar,150.9,Tezpur Terminal,52.98,FCI Depot Guwahati,79.29,NAGAON Toll Plaza,4.42
Phulaguri,NAGAON,305.0,11127299954,village,27,0.25,Belghoria Expressway,571.32,Phulaguri,1.42,Baihata,88.36,Kolkata Port (Syama Prasad Mookerjee Port) incl. Haldia Dock Complex,584.27,ICD Amingaon,88.85,Darranga ICP,56.57,Lokpriya Gopinath Bordoloi International Airport (GAU),99.19,MMLP Silchar,156.51,Tezpur Terminal,45.65,FCI Depot Guwahati,83.88,NAGAON Toll Plaza,4.32
Ranthali,NAGAON,305.0,11127322373,village,27,0.35,Belghoria Expressway,566.95,Raha,2.75,Baihata,84.17,Kolkata Port (Syama Prasad Mookerjee Port) incl. Haldia Dock Complex,579.91,ICD Amingaon,84.31,Darranga ICP,53.96,Lokpriya Gopinath Bordoloi International Airport (GAU),94.58,MMLP Silchar,155.48,Tezpur Terminal,49.28,FCI Depot Guwahati,79.28,NAGAON Toll Plaza,0.51
Puranigudam,NAGAON,305.0,11132351699,village,127,0.08,Belghoria Expressway,594.84,Puranigudam,1.28,Baihata,108.82,Kolkata Port (Syama Prasad Mookerjee Port) incl. Haldia Dock Complex,607.77,ICD Amingaon,111.25,Darranga ICP,70.69,Lokpriya Gopinath Bordoloi International Airport (GAU),122.09,MMLP Silchar,167.27,Tezpur Terminal,28.37,FCI Depot Dimapur,104.62,NAGAON Toll Plaza,22.44
Gozpuria Gaon,JORHAT,312.0,11132665783,village,715K,1.6,Belghoria Expressway,732.26,Jorhat Town,5.01,Khongsang,225.04,Kolkata Port (Syama Prasad Mookerjee Port) incl. Haldia Dock Complex,744.91,ICD Amingaon,257.79,Darranga ICP,209.25,Lokpriya Gopinath Bordoloi International Airport (GAU),268.97,MMLP Silchar,256.37,Neamati Terminal,5.6,FCI Depot Jorhat,5.32,GOLAGHAT Toll Plaza,32.39
Garmur,JORHAT,312.0,11132670519,village,702D,2.98,Belghoria Expressway,731.38,Jorhat Town,3.81,Khongsang,220.75,Kolkata Port (Syama Prasad Mookerjee Port) incl. Haldia Dock Complex,744.0,ICD Amingaon,259.43,Darranga ICP,211.71,Lokpriya Gopinath Bordoloi International Airport (GAU),270.49,MMLP Silchar,253.48,Neamati Terminal,10.57,FCI Depot Jorhat,5.11,GOLAGHAT Toll Plaza,33.59
Potiagaon,JORHAT,312.0,11132675927,village,715K,0.09,Belghoria Expressway,734.08,Jorhat Town,6.37,Khongsang,226.5,Kolkata Port (Syama Prasad Mookerjee Port) incl. Haldia Dock Complex,746.73,ICD Amingaon,259.51,Darranga ICP,210.87,Lokpriya Gopinath Bordoloi International Airport (GAU),270.7,MMLP Silchar,258.07,Neamati Terminal,7.12,FCI Depot Jorhat,6.91,GOLAGHAT Toll Plaza,34.18
Meteka,NAGAON,305.0,11136547176,village,27,0.72,Belghoria Expressway,565.89,Raha,1.59,Baihata,84.3,Kolkata Port (Syama Prasad Mookerjee Port) incl. Haldia Dock Complex,578.84,ICD Amingaon,84.13,Darranga ICP,54.83,Lokpriya Gopinath Bordoloi International Airport (GAU),94.28,MMLP Silchar,154.02,Tezpur Terminal,50.6,FCI Depot Guwahati,79.02,NAGAON Toll Plaza,1.46
Katahguri,NAGAON,305.0,11160764043,village,27,1.07,Belghoria Expressway,568.77,Phulaguri,4.5,Baihata,85.16,Kolkata Port (Syama Prasad Mookerjee Port) incl. Haldia Dock Complex,581.73,ICD Amingaon,85.6,Darranga ICP,54.04,Lokpriya Gopinath Bordoloi International Airport (GAU),95.96,MMLP Silchar,156.71,Tezpur Terminal,47.47,FCI Depot Guwahati,80.64,NAGAON Toll Plaza,1.7
Saragaon,NAGAON,305.0,11160764044,village,27,0.01,Belghoria Expressway,568.43,Raha,4.11,Baihata,85.7,Kolkata Port (Syama Prasad Mookerjee Port) incl. Haldia Dock Complex,581.39,ICD Amingaon,85.94,Darranga ICP,54.97,Lokpriya Gopinath Bordoloi International Airport (GAU),96.23,MMLP Silchar,155.68,Tezpur Terminal,48.08,FCI Depot Guwahati,80.93,NAGAON Toll Plaza,1.26
Bamunijan,NAGAON,305.0,11162873338,village,27,2.05,Belghoria Expressway,558.72,CHAPARMUKH JN,3.18,Baihata,80.3,Kolkata Port (Syama Prasad Mookerjee Port) incl. Haldia Dock Complex,571.68,ICD Amingaon,78.93,Darranga ICP,54.64,Lokpriya Gopinath Bordoloi International Airport (GAU),88.69,MMLP Silchar,149.84,Tezpur Terminal,57.6,FCI Depot Guwahati,73.57,NAGAON Toll Plaza,8.55
Gospara,NAGAON,305.0,11162885562,village,27,3.46,Belghoria Expressway,558.57,CHAPARMUKH JN,3.56,Baihata,81.73,Kolkata Port (Syama Prasad Mookerjee Port) incl. Haldia Dock Complex,571.51,ICD Amingaon,80.07,Darranga ICP,56.48,Lokpriya Gopinath Bordoloi International Airport (GAU),89.69,MMLP Silchar,148.18,Tezpur Terminal,58.26,FCI Depot Guwahati,74.62,NAGAON Toll Plaza,9.11
Basundhari,NAGAON,305.0,11162914660,village,27,4.34,Belghoria Expressway,559.98,CHAPARMUKH JN,3.44,Baihata,83.78,Kolkata Port (Syama Prasad Mookerjee Port) incl. Haldia Dock Complex,572.91,ICD Amingaon,82.13,Darranga ICP,58.03,Lokpriya Gopinath Bordoloi International Airport (GAU),91.73,MMLP Silchar,147.64,Tezpur Terminal,57.38,FCI Depot Guwahati,76.68,NAGAON Toll Plaza,8.46
Dalimbari,NAGAON,305.0,11162914661,village,27,6.16,Belghoria Expressway,557.35,CHAPARMUKH JN,5.9,Baihata,83.09,Kolkata Port (Syama Prasad Mookerjee Port) incl. Haldia Dock Complex,570.28,ICD Amingaon,80.88,Darranga ICP,58.9,Lokpriya Gopinath Bordoloi International Airport (GAU),90.26,MMLP Silchar,145.47,Tezpur Terminal,60.17,FCI Depot Guwahati,75.31,NAGAON Toll Plaza,11.2
Fakuagram,SRIBHUMI,317.0,11428391449,village,8,7.29,Belghoria Expressway,456.74,Bazurghat,6.51,Bihara,42.68,Kolkata Port (Syama Prasad Mookerjee Port) incl. Haldia Dock Complex,468.56,ICD Amingaon,180.27,Sutarkandi ICP,6.64,Lokpriya Gopinath Bordoloi International Airport (GAU),177.08,MMLP Silchar,40.78,Karimganj Terminal,24.01,FCI Depot Silchar,40.78,SRIBHUMI Toll Plaza,19.88
Mahisashan,SRIBHUMI,317.0,11428541086,village,37,4.0,Belghoria Expressway,454.39,Karimganj Junction,9.46,Bihara,42.57,Kolkata Port (Syama Prasad Mookerjee Port) incl. Haldia Dock Complex,466.48,ICD Amingaon,159.08,Sutarkandi ICP,18.08,Lokpriya Gopinath Bordoloi International Airport (GAU),155.61,MMLP Silchar,48.74,Karimganj Terminal,8.44,FCI Depot Silchar,48.74,SRIBHUMI Toll Plaza,11.82
Gambaribil,KOKRAJHAR,300.0,11597592478,village,27,3.99,Belghoria Expressway,450.73,CHAUTARA,10.91,Jogighopa,55.23,Kolkata Port (Syama Prasad Mookerjee Port) incl. Haldia Dock Complex,463.71,ICD Amingaon,159.42,Golakganj ICP,50.76,Lokpriya Gopinath Bordoloi International Airport (GAU),152.48,MMLP Jogighopa,55.44,Dhubri Terminal,53.92,FCI Depot Guwahati,165.68,KOKRAJHAR Toll Plaza,15.8
Panijani Pt II,KOKRAJHAR,300.0,11637836227,village,27,10.21,Belghoria Expressway,435.89,CHAUTARA,5.02,Jogighopa,53.74,Kolkata Port (Syama Prasad Mookerjee Port) incl. Haldia Dock Complex,448.89,ICD Amingaon,161.38,Golakganj ICP,36.42,Lokpriya Gopinath Bordoloi International Airport (GAU),153.51,MMLP Jogighopa,53.76,Dhubri Terminal,39.12,FCI Depot Siliguri,166.13,KOKRAJHAR Toll Plaza,12.92
Thakthakipara,KOKRAJHAR,300.0,11645320127,village,117A,10.32,Belghoria Expressway,436.03,SAPATGRAM,1.75,Jogighopa,47.53,Kolkata Port (Syama Prasad Mookerjee Port) incl. Haldia Dock Complex,449.06,ICD Amingaon,155.33,Golakganj ICP,38.45,Lokpriya Gopinath Bordoloi International Airport (GAU),147.38,MMLP Jogighopa,47.54,Dhubri Terminal,38.36,FCI Depot Guwahati,161.31,KOKRAJHAR Toll Plaza,19.0
Bamunigaon,KOKRAJHAR,300.0,11645327960,village,117A,9.58,Belghoria Expressway,436.41,SAPATGRAM,1.87,Jogighopa,46.8,Kolkata Port (Syama Prasad Mookerjee Port) incl. Haldia Dock Complex,449.45,ICD Amingaon,154.57,Golakganj ICP,39.06,Lokpriya Gopinath Bordoloi International Airport (GAU),146.62,MMLP Jogighopa,46.81,Dhubri Terminal,38.7,FCI Depot Guwahati,160.55,KOKRAJHAR Toll Plaza,19.63
Mowamari,KOKRAJHAR,300.0,11664417555,village,27,9.17,Belghoria Expressway,444.2,CHAUTARA,3.85,Jogighopa,51.79,Kolkata Port (Syama Prasad Mookerjee Port) incl. Haldia Dock Complex,457.2,ICD Amingaon,157.88,Golakganj ICP,44.86,Lokpriya Gopinath Bordoloi International Airport (GAU),150.49,MMLP Jogighopa,51.92,Dhubri Terminal,47.01,FCI Depot Guwahati,164.03,KOKRAJHAR Toll Plaza,14.86
Kachukata,KOKRAJHAR,300.0,11665030937,village,27,12.27,Belghoria Expressway,442.11,PRATAP KHATA,2.6,Jogighopa,49.07,Kolkata Port (Syama Prasad Mookerjee Port) incl. Haldia Dock Complex,455.13,ICD Amingaon,155.72,Golakganj ICP,43.52,Lokpriya Gopinath Bordoloi International Airport (GAU),148.17,MMLP Jogighopa,49.17,Dhubri Terminal,44.6,FCI Depot Guwahati,161.83,KOKRAJHAR Toll Plaza,16.95
Patakata,KOKRAJHAR,300.0,11665122068,village,27,6.77,Belghoria Expressway,444.87,CHAUTARA,5.37,Jogighopa,54.12,Kolkata Port (Syama Prasad Mookerjee Port) incl. Haldia Dock Complex,457.86,ICD Amingaon,159.99,Golakganj ICP,45.06,Lokpriya Gopinath Bordoloi International Airport (GAU),152.67,MMLP Jogighopa,54.25,Dhubri Terminal,48.07,FCI Depot Guwahati,166.15,KOKRAJHAR Toll Plaza,12.98
Mussalmanpara,KOKRAJHAR,300.0,11665135788,village,27,9.23,Belghoria Expressway,445.74,CHAUTARA,5.35,Jogighopa,51.49,Kolkata Port (Syama Prasad Mookerjee Port) incl. Haldia Dock Complex,458.74,ICD Amingaon,157.19,Golakganj ICP,46.44,Lokpriya Gopinath Bordoloi International Airport (GAU),149.9,MMLP Jogighopa,51.64,Dhubri Terminal,48.49,FCI Depot Guwahati,163.36,KOKRAJHAR Toll Plaza,15.77
Mandia,BARPETA,303.0,11665421732,village,427,7.93,Belghoria Expressway,468.15,BARPETA ROAD,25.39,Jogighopa,37.94,Kolkata Port (Syama Prasad Mookerjee Port) incl. Haldia Dock Complex,481.41,ICD Amingaon,71.06,Golakganj ICP,112.56,Lokpriya Gopinath Bordoloi International Airport (GAU),63.63,MMLP Jogighopa,38.16,Jogighopa Terminal,38.16,FCI Depot Guwahati,77.12,BONGAIGAON Toll Plaza,33.25
Borka,KAMRUP RURAL,321.0,11665940838,village,27,3.78,Belghoria Expressway,510.71,CHANGSARI,4.0,Baihata,6.82,Kolkata Port (Syama Prasad Mookerjee Port) incl. Haldia Dock Complex,523.91,ICD Amingaon,11.32,Darranga ICP,51.48,Lokpriya Gopinath Bordoloi International Airport (GAU),20.82,MMLP Jogighopa,107.06,Pandu Terminal (Guwahati),13.48,FCI Depot Guwahati,16.61,KAMRUP RURAL Toll Plaza,5.7
Sessamukh,KAMRUP RURAL,321.0,11669949212,village,427,0.01,Belghoria Expressway,502.59,CHANGSARI,10.51,Baihata,14.35,Kolkata Port (Syama Prasad Mookerjee Port) incl. Haldia Dock Complex,515.8,ICD Amingaon,11.62,Darranga ICP,60.2,Lokpriya Gopinath Bordoloi International Airport (GAU),15.16,MMLP Jogighopa,99.2,Pandu Terminal (Guwahati),13.07,FCI Depot Guwahati,18.34,KAMRUP RURAL Toll Plaza,14.47
Ushatary,KOKRAJHAR,300.0,11728329945,village,27,9.04,Belghoria Expressway,440.76,CHAUTARA,1.64,Jogighopa,52.73,Kolkata Port (Syama Prasad Mookerjee Port) incl. Haldia Dock Complex,453.76,ICD Amingaon,159.57,Golakganj ICP,41.3,Lokpriya Gopinath Bordoloi International Airport (GAU),151.98,MMLP Jogighopa,52.82,Dhubri Terminal,43.78,FCI Depot Guwahati,165.66,KOKRAJHAR Toll Plaza,13.17
Silghat,NAGAON,305.0,11773337352,village,715,4.41,Belghoria Expressway,621.11,Silghat Town,0.89,Baihata,124.71,Kolkata Port (Syama Prasad Mookerjee Port) incl. Haldia Dock Complex,634.09,ICD Amingaon,130.35,Darranga ICP,80.97,Lokpriya Gopinath Bordoloi International Airport (GAU),141.97,MMLP Silchar,192.71,Silghat Terminal,1.9,FCI Depot Itanagar,84.57,NAGAON Toll Plaza,6.65
Sāpatgrām,KOKRAJHAR,300.0,11907943930,village,117A,9.31,Belghoria Expressway,434.73,SAPATGRAM,0.53,Jogighopa,46.33,Kolkata Port (Syama Prasad Mookerjee Port) incl. Haldia Dock Complex,447.76,ICD Amingaon,154.33,Golakganj ICP,37.81,Lokpriya Gopinath Bordoloi International Airport (GAU),146.28,MMLP Jogighopa,46.32,Dhubri Terminal,36.98,FCI Depot Guwahati,160.29,KOKRAJHAR Toll Plaza,20.66
Tipkai,KOKRAJHAR,300.0,11917509984,village,17,12.43,Belghoria Expressway,427.06,TIPKAI,1.51,Jogighopa,53.45,Kolkata Port (Syama Prasad Mookerjee Port) incl. Haldia Dock Complex,440.07,ICD Amingaon,161.85,Golakganj ICP,28.65,Lokpriya Gopinath Bordoloi International Airport (GAU),153.45,MMLP Jogighopa,53.35,Dhubri Terminal,30.02,FCI Depot Siliguri,167.23,KOKRAJHAR Toll Plaza,19.08
Chechāpāni,KOKRAJHAR,300.0,11917596006,village,117A,2.48,Belghoria Expressway,444.09,SESAPANI,0.4,Jogighopa,37.44,Kolkata Port (Syama Prasad Mookerjee Port) incl. Haldia Dock Complex,457.17,ICD Amingaon,144.0,Golakganj ICP,49.72,Lokpriya Gopinath Bordoloi International Airport (GAU),136.4,MMLP Jogighopa,37.57,Jogighopa Terminal,37.57,FCI Depot Guwahati,150.09,KOKRAJHAR Toll Plaza,19.79
Māgurmāri,KOKRAJHAR,300.0,11917596007,village,117A,3.5,Belghoria Expressway,445.91,SESAPANI,1.69,Jogighopa,38.31,Kolkata Port (Syama Prasad Mookerjee Port) incl. Haldia Dock Complex,458.98,ICD Amingaon,144.32,Golakganj ICP,50.98,Lokpriya Gopinath Bordoloi International Airport (GAU),136.85,MMLP Jogighopa,38.47,Jogighopa Terminal,38.47,FCI Depot Guwahati,150.44,KOKRAJHAR Toll Plaza,17.8
Chechāpāni,KOKRAJHAR,300.0,11917596008,village,117A,2.87,Belghoria Expressway,445.08,SESAPANI,0.8,Jogighopa,37.81,Kolkata Port (Syama Prasad Mookerjee Port) incl. Haldia Dock Complex,458.16,ICD Amingaon,144.08,Golakganj ICP,50.44,Lokpriya Gopinath Bordoloi International Airport (GAU),136.56,MMLP Jogighopa,37.96,Jogighopa Terminal,37.96,FCI Depot Guwahati,150.19,KOKRAJHAR Toll Plaza,18.74
Pātiladaha,BONGAIGAON,319.0,11927098334,village,27,0.96,Belghoria Expressway,480.86,PATILADAHA,1.76,Jogighopa,35.42,Kolkata Port (Syama Prasad Mookerjee Port) incl. Haldia Dock Complex,494.09,ICD Amingaon,92.78,Golakganj ICP,104.47,Lokpriya Gopinath Bordoloi International Airport (GAU),87.83,MMLP Jogighopa,36.05,Jogighopa Terminal,36.05,FCI Depot Guwahati,99.35,BONGAIGAON Toll Plaza,8.96
Pātiladaha,BONGAIGAON,319.0,11927098335,village,27,2.13,Belghoria Expressway,482.43,PATILADAHA,2.8,Jogighopa,37.04,Kolkata Port (Syama Prasad Mookerjee Port) incl. Haldia Dock Complex,495.65,ICD Amingaon,92.1,Golakganj ICP,106.01,Lokpriya Gopinath Bordoloi International Airport (GAU),87.34,MMLP Jogighopa,37.66,Jogighopa Terminal,37.66,FCI Depot Guwahati,98.69,BONGAIGAON Toll Plaza,10.43
Pātiladaha,BONGAIGAON,319.0,11927098336,village,27,2.03,Belghoria Expressway,482.1,PATILADAHA,2.13,Jogighopa,36.63,Kolkata Port (Syama Prasad Mookerjee Port) incl. Haldia Dock Complex,495.32,ICD Amingaon,92.73,Golakganj ICP,105.4,Lokpriya Gopinath Bordoloi International Airport (GAU),87.94,MMLP Jogighopa,37.26,Jogighopa Terminal,37.26,FCI Depot Guwahati,99.32,BONGAIGAON Toll Plaza,9.79
Pānbāri,CHIRANG,320.0,11927098337,village,27,14.16,Belghoria Expressway,493.68,PATILADAHA,13.11,Jogighopa,47.88,Kolkata Port (Syama Prasad Mookerjee Port) incl. Haldia Dock Complex,506.9,ICD Amingaon,95.58,Golakganj ICP,113.14,Lokpriya Gopinath Bordoloi International Airport (GAU),92.26,MMLP Jogighopa,48.54,Jogighopa Terminal,48.54,FCI Depot Guwahati,102.29,BONGAIGAON Toll Plaza,19.28
Pānbāri,CHIRANG,320.0,11927098338,village,27,12.18,Belghoria Expressway,491.77,PATILADAHA,11.14,Jogighopa,45.99,Kolkata Port (Syama Prasad Mookerjee Port) incl. Haldia Dock Complex,504.99,ICD Amingaon,95.1,Golakganj ICP,111.77,Lokpriya Gopinath Bordoloi International Airport (GAU),91.53,MMLP Jogighopa,46.64,Jogighopa Terminal,46.64,FCI Depot Guwahati,101.79,BONGAIGAON Toll Plaza,17.48
Ulubāri,CHIRANG,320.0,11927098339,village,27,10.75,Belghoria Expressway,487.44,PATILADAHA,8.67,Jogighopa,41.65,Kolkata Port (Syama Prasad Mookerjee Port) incl. Haldia Dock Complex,500.65,ICD Amingaon,99.31,Golakganj ICP,105.97,Lokpriya Gopinath Bordoloi International Airport (GAU),95.2,MMLP Jogighopa,42.32,Jogighopa Terminal,42.32,FCI Depot Guwahati,105.97,BONGAIGAON Toll Plaza,12.87
Bānduguri,CHIRANG,320.0,11927098340,village,27,10.06,Belghoria Expressway,484.26,BIJNI,8.04,Jogighopa,38.66,Kolkata Port (Syama Prasad Mookerjee Port) incl. Haldia Dock Complex,497.46,ICD Amingaon,102.24,Golakganj ICP,101.85,Lokpriya Gopinath Bordoloi International Airport (GAU),97.76,MMLP Jogighopa,39.34,Jogighopa Terminal,39.34,FCI Depot Guwahati,108.87,BONGAIGAON Toll Plaza,10.25
Barābāzār,CHIRANG,320.0,11927098612,village,27,7.33,Belghoria Expressway,481.13,BIJNI,7.63,Jogighopa,36.25,Kolkata Port (Syama Prasad Mookerjee Port) incl. Haldia Dock Complex,494.32,ICD Amingaon,106.68,Golakganj ICP,97.02,Lokpriya Gopinath Bordoloi International Airport (GAU),101.87,MMLP Jogighopa,36.94,Jogighopa Terminal,36.94,FCI Depot Guwahati,113.28,BONGAIGAON Toll Plaza,9.98
Rāngaijhora,CHIRANG,320.0,11927115202,village,27,15.72,Belghoria Expressway,485.05,CHAPRAKATA,16.86,Jogighopa,44.0,Kolkata Port (Syama Prasad Mookerjee Port) incl. Haldia Dock Complex,498.21,ICD Amingaon,118.49,Golakganj ICP,94.92,Lokpriya Gopinath Bordoloi International Airport (GAU),114.11,MMLP Jogighopa,44.67,Jogighopa Terminal,44.67,FCI Depot Guwahati,125.14,BONGAIGAON Toll Plaza,22.21
kāla Māila,CHIRANG,320.0,11927115203,village,127C,12.59,Belghoria Expressway,488.64,CHAPRAKATA,22.18,Jogighopa,49.04,Kolkata Port (Syama Prasad Mookerjee Port) incl. Haldia Dock Complex,501.78,ICD Amingaon,122.53,Golakganj ICP,96.61,Lokpriya Gopinath Bordoloi International Airport (GAU),118.48,MMLP Jogighopa,49.71,Jogighopa Terminal,49.71,FCI Depot Guwahati,129.2,BONGAIGAON Toll Plaza,27.55
Āmteka,CHIRANG,320.0,11927115260,village,127C,9.42,Belghoria Expressway,492.49,CHAPRAKATA,27.17,Jogighopa,53.93,Kolkata Port (Syama Prasad Mookerjee Port) incl. Haldia Dock Complex,505.62,ICD Amingaon,125.79,Golakganj ICP,99.09,Lokpriya Gopinath Bordoloi International Airport (GAU),122.09,MMLP Jogighopa,54.59,Jogighopa Terminal,54.59,FCI Depot Guwahati,132.49,BONGAIGAON Toll Plaza,32.32
Āmteka,CHIRANG,320.0,11927115261,village,127C,7.36,Belghoria Expressway,492.53,CHAPRAKATA,28.54,Jogighopa,55.0,Kolkata Port (Syama Prasad Mookerjee Port) incl. Haldia Dock Complex,505.65,ICD Amingaon,127.88,Golakganj ICP,98.44,Lokpriya Gopinath Bordoloi International Airport (GAU),124.17,MMLP Jogighopa,55.65,Jogighopa Terminal,55.65,FCI Depot Guwahati,134.58,BONGAIGAON Toll Plaza,34.08
Āmguribāzār,CHIRANG,320.0,11927115262,village,27,14.69,Belghoria Expressway,483.78,CHAPRAKATA,16.71,Jogighopa,43.48,Kolkata Port (Syama Prasad Mookerjee Port) incl. Haldia Dock Complex,496.93,ICD Amingaon,119.9,Golakganj ICP,93.19,Lokpriya Gopinath Bordoloi International Airport (GAU),115.39,MMLP Jogighopa,44.14,Jogighopa Terminal,44.14,FCI Depot Guwahati,126.53,BONGAIGAON Toll Plaza,22.84
Amraguri,CHIRANG,320.0,11927115338,village,27,12.03,Belghoria Expressway,484.94,BIJNI,12.58,Jogighopa,40.74,Kolkata Port (Syama Prasad Mookerjee Port) incl. Haldia Dock Complex,498.12,ICD Amingaon,109.62,Golakganj ICP,98.75,Lokpriya Gopinath Bordoloi International Airport (GAU),105.23,MMLP Jogighopa,41.43,Jogighopa Terminal,41.43,FCI Depot Guwahati,116.26,BONGAIGAON Toll Plaza,14.95
Mānikpur,BONGAIGAON,319.0,11931556828,village,27,0.11,Belghoria Expressway,478.65,PATILADAHA,3.8,Jogighopa,33.48,Kolkata Port (Syama Prasad Mookerjee Port) incl. Haldia Dock Complex,491.88,ICD Amingaon,91.72,Golakganj ICP,103.53,Lokpriya Gopinath Bordoloi International Airport (GAU),86.48,MMLP Jogighopa,34.1,Jogighopa Terminal,34.1,FCI Depot Guwahati,98.25,BONGAIGAON Toll Plaza,8.81
Mānikpur,BONGAIGAON,319.0,11931556829,village,27,0.56,Belghoria Expressway,477.9,PATILADAHA,4.62,Jogighopa,32.84,Kolkata Port (Syama Prasad Mookerjee Port) incl. Haldia Dock Complex,491.13,ICD Amingaon,91.41,Golakganj ICP,103.21,Lokpriya Gopinath Bordoloi International Airport (GAU),86.07,MMLP Jogighopa,33.45,Jogighopa Terminal,33.45,FCI Depot Guwahati,97.92,BONGAIGAON Toll Plaza,8.91
Garubhāsa,CHIRANG,320.0,11931701529,village,127C,0.26,Belghoria Expressway,468.18,BASUGAON,12.5,Jogighopa,40.6,Kolkata Port (Syama Prasad Mookerjee Port) incl. Haldia Dock Complex,481.28,ICD Amingaon,134.73,Golakganj ICP,73.55,Lokpriya Gopinath Bordoloi International Airport (GAU),128.87,MMLP Jogighopa,41.11,Jogighopa Terminal,41.11,FCI Depot Guwahati,141.2,KOKRAJHAR Toll Plaza,13.2
Tukrajār,CHIRANG,320.0,11931701530,village,127C,4.27,Belghoria Expressway,480.97,DANGTAL,21.57,Jogighopa,47.52,Kolkata Port (Syama Prasad Mookerjee Port) incl. Haldia Dock Complex,494.08,ICD Amingaon,131.28,Golakganj ICP,86.39,Lokpriya Gopinath Bordoloi International Airport (GAU),126.5,MMLP Jogighopa,48.13,Jogighopa Terminal,48.13,FCI Depot Guwahati,137.89,KOKRAJHAR Toll Plaza,23.45
Bengtol,CHIRANG,320.0,11931701531,village,127C,7.56,Belghoria Expressway,479.64,NEW BONGAIGAON YARD,18.56,Jogighopa,44.2,Kolkata Port (Syama Prasad Mookerjee Port) incl. Haldia Dock Complex,492.76,ICD Amingaon,127.74,Golakganj ICP,86.4,Lokpriya Gopinath Bordoloi International Airport (GAU),122.84,MMLP Jogighopa,44.82,Jogighopa Terminal,44.82,FCI Depot Guwahati,134.34,KOKRAJHAR Toll Plaza,24.84
Rānikhata,CHIRANG,320.0,11931701532,village,127C,0.09,Belghoria Expressway,475.19,BASUGAON,19.18,Jogighopa,46.6,Kolkata Port (Syama Prasad Mookerjee Port) incl. Haldia Dock Complex,488.28,ICD Amingaon,136.14,Golakganj ICP,79.44,Lokpriya Gopinath Bordoloi International Airport (GAU),130.87,MMLP Jogighopa,47.15,Jogighopa Terminal,47.15,FCI Depot Guwahati,142.7,KOKRAJHAR Toll Plaza,16.08
Amguri,KOKRAJHAR,300.0,11931701533,village,27,6.06,Belghoria Expressway,468.02,SALAKATI,22.75,Jogighopa,53.36,Kolkata Port (Syama Prasad Mookerjee Port) incl. Haldia Dock Complex,481.04,ICD Amingaon,149.69,Golakganj ICP,69.11,Lokpriya Gopinath Bordoloi International Airport (GAU),143.9,MMLP Jogighopa,53.78,Jogighopa Terminal,53.78,FCI Depot Guwahati,156.17,KOKRAJHAR Toll Plaza,6.24
Malandubi,CHIRANG,320.0,11931701535,village,127C,3.43,Belghoria Expressway,486.8,NEW BONGAIGAON,27.07,Jogighopa,52.76,Kolkata Port (Syama Prasad Mookerjee Port) incl. Haldia Dock Complex,499.9,ICD Amingaon,132.32,Golakganj ICP,91.55,Lokpriya Gopinath Bordoloi International Airport (GAU),128.06,MMLP Jogighopa,53.38,Jogighopa Terminal,53.38,FCI Depot Guwahati,138.98,KOKRAJHAR Toll Plaza,27.75
Āmtika,CHIRANG,320.0,11931701536,village,127C,6.3,Belghoria Expressway,493.77,CHAPRAKATA,30.34,Jogighopa,56.73,Kolkata Port (Syama Prasad Mookerjee Port) incl. Haldia Dock Complex,506.88,ICD Amingaon,129.26,Golakganj ICP,99.2,Lokpriya Gopinath Bordoloi International Airport (GAU),125.64,MMLP Jogighopa,57.38,Jogighopa Terminal,57.38,FCI Depot Guwahati,135.96,KOKRAJHAR Toll Plaza,35.46
Deosri,CHIRANG,320.0,11931701537,village,127C,0.14,Belghoria Expressway,491.56,NEW BONGAIGAON,32.37,Jogighopa,58.1,Kolkata Port (Syama Prasad Mookerjee Port) incl. Haldia Dock Complex,504.66,ICD Amingaon,134.99,Golakganj ICP,95.39,Lokpriya Gopinath Bordoloi International Airport (GAU),131.13,MMLP Jogighopa,58.72,Jogighopa Terminal,58.72,FCI Depot Guwahati,141.68,KOKRAJHAR Toll Plaza,31.07
Kānhibāri,BONGAIGAON,319.0,11979012240,village,117,8.71,Belghoria Expressway,466.62,ABHAYAPURI ASSAM,9.33,Jogighopa,21.57,Kolkata Port (Syama Prasad Mookerjee Port) incl. Haldia Dock Complex,479.84,ICD Amingaon,95.35,Golakganj ICP,93.66,Lokpriya Gopinath Bordoloi International Airport (GAU),88.72,MMLP Jogighopa,22.16,Jogighopa Terminal,22.16,FCI Depot Guwahati,101.64,BONGAIGAON Toll Plaza,10.56
Kānhibāri,BONGAIGAON,319.0,11979012241,village,27,8.79,Belghoria Expressway,467.5,ABHAYAPURI ASSAM,10.45,Jogighopa,22.61,Kolkata Port (Syama Prasad Mookerjee Port) incl. Haldia Dock Complex,480.73,ICD Amingaon,94.43,Golakganj ICP,94.78,Lokpriya Gopinath Bordoloi International Airport (GAU),87.88,MMLP Jogighopa,23.19,Jogighopa Terminal,23.19,FCI Depot Guwahati,100.74,BONGAIGAON Toll Plaza,10.42
Kānhibāri,BONGAIGAON,319.0,11979012242,village,27,9.31,Belghoria Expressway,467.55,ABHAYAPURI ASSAM,11.25,Jogighopa,22.99,Kolkata Port (Syama Prasad Mookerjee Port) incl. Haldia Dock Complex,480.78,ICD Amingaon,93.37,Golakganj ICP,95.53,Lokpriya Gopinath Bordoloi International Airport (GAU),86.79,MMLP Jogighopa,23.55,Jogighopa Terminal,23.55,FCI Depot Guwahati,99.67,BONGAIGAON Toll Plaza,11.22
Kānhibāri,BONGAIGAON,319.0,11979012243,village,27,9.83,Belghoria Expressway,467.43,ABHAYAPURI ASSAM,11.72,Jogighopa,23.12,Kolkata Port (Syama Prasad Mookerjee Port) incl. Haldia Dock Complex,480.66,ICD Amingaon,92.7,Golakganj ICP,95.93,Lokpriya Gopinath Bordoloi International Airport (GAU),86.09,MMLP Jogighopa,23.67,Jogighopa Terminal,23.67,FCI Depot Guwahati,98.99,BONGAIGAON Toll Plaza,11.88
Kirtanpāra,BONGAIGAON,319.0,11979012244,village,27,10.2,Belghoria Expressway,467.57,ABHAYAPURI ASSAM,12.4,Jogighopa,23.53,Kolkata Port (Syama Prasad Mookerjee Port) incl. Haldia Dock Complex,480.81,ICD Amingaon,91.92,Golakganj ICP,96.55,Lokpriya Gopinath Bordoloi International Airport (GAU),85.31,MMLP Jogighopa,24.07,Jogighopa Terminal,24.07,FCI Depot Guwahati,98.21,BONGAIGAON Toll Plaza,12.43
Bāsugaon,CHIRANG,320.0,11999570521,village,27,8.15,Belghoria Expressway,460.05,BASUGAON,0.37,Jogighopa,28.58,Kolkata Port (Syama Prasad Mookerjee Port) incl. Haldia Dock Complex,473.18,ICD Amingaon,127.22,Golakganj ICP,70.07,Lokpriya Gopinath Bordoloi International Airport (GAU),120.59,MMLP Jogighopa,29.06,Jogighopa Terminal,29.06,FCI Depot Guwahati,133.53,KOKRAJHAR Toll Plaza,20.96
Dalāigaon,BONGAIGAON,319.0,11999697371,village,27,1.21,Belghoria Expressway,468.55,BONGAIGAON,1.96,Jogighopa,27.45,Kolkata Port (Syama Prasad Mookerjee Port) incl. Haldia Dock Complex,481.72,ICD Amingaon,115.94,Golakganj ICP,82.36,Lokpriya Gopinath Bordoloi International Airport (GAU),109.93,MMLP Jogighopa,28.1,Jogighopa Terminal,28.1,FCI Depot Guwahati,122.37,BONGAIGAON Toll Plaza,16.1
Dhāligaon,BONGAIGAON,319.0,11999697372,village,27,1.72,Belghoria Expressway,467.68,NEW BONGAIGAON,2.58,Jogighopa,28.14,Kolkata Port (Syama Prasad Mookerjee Port) incl. Haldia Dock Complex,480.84,ICD Amingaon,118.47,Golakganj ICP,80.37,Lokpriya Gopinath Bordoloi International Airport (GAU),112.41,MMLP Jogighopa,28.77,Jogighopa Terminal,28.77,FCI Depot Guwahati,124.89,BONGAIGAON Toll Plaza,18.66
Dhāligaon,BONGAIGAON,319.0,11999697373,village,27,1.88,Belghoria Expressway,467.8,NEW BONGAIGAON,1.54,Jogighopa,27.27,Kolkata Port (Syama Prasad Mookerjee Port) incl. Haldia Dock Complex,480.96,ICD Amingaon,116.85,Golakganj ICP,81.31,Lokpriya Gopinath Bordoloi International Airport (GAU),110.77,MMLP Jogighopa,27.91,Jogighopa Terminal,27.91,FCI Depot Guwahati,123.26,BONGAIGAON Toll Plaza,17.1
Hathidhura,DHUBRI,301.0,12015514824,village,127B,0.07,Belghoria Expressway,424.16,Bidyadabri,10.32,Jogighopa,71.14,Kolkata Port (Syama Prasad Mookerjee Port) incl. Haldia Dock Complex,437.05,ICD Siliguri,146.98,Golakganj ICP,24.38,Lokpriya Gopinath Bordoloi International Airport (GAU),171.18,MMLP Jogighopa,71.07,Hatsingimari Ro-Ro Terminal,33.73,FCI Depot Siliguri,149.51,KOKRAJHAR Toll Plaza,15.65
Charāikhola,KOKRAJHAR,300.0,12015514825,village,117A,4.5,Belghoria Expressway,449.12,KOKRAJHAR,4.38,Jogighopa,30.44,Kolkata Port (Syama Prasad Mookerjee Port) incl. Haldia Dock Complex,462.23,ICD Amingaon,135.56,Golakganj ICP,57.69,Lokpriya Gopinath Bordoloi International Airport (GAU),128.19,MMLP Jogighopa,30.68,Jogighopa Terminal,30.68,FCI Depot Guwahati,141.71,KOKRAJHAR Toll Plaza,19.9
Deoli,GOALPARA,302.0,12036551525,village,17,5.26,Belghoria Expressway,426.25,PANCHARATNA,10.85,Jogighopa,19.96,Kolkata Port (Syama Prasad Mookerjee Port) incl. Haldia Dock Complex,439.47,ICD Amingaon,115.29,Golakganj ICP,67.02,Lokpriya Gopinath Bordoloi International Airport (GAU),105.44,MMLP Jogighopa,19.28,Jogighopa Terminal,19.28,FCI Depot Guwahati,120.47,BONGAIGAON Toll Plaza,48.59
Deoli,GOALPARA,302.0,12036551526,village,17,4.84,Belghoria Expressway,426.98,PANCHARATNA,10.09,Jogighopa,19.2,Kolkata Port (Syama Prasad Mookerjee Port) incl. Haldia Dock Complex,440.21,ICD Amingaon,115.03,Golakganj ICP,67.16,Lokpriya Gopinath Bordoloi International Airport (GAU),105.23,MMLP Jogighopa,18.51,Jogighopa Terminal,18.51,FCI Depot Guwahati,120.23,BONGAIGAON Toll Plaza,47.84
Baikunthapur,GOALPARA,302.0,12036551527,village,17,3.97,Belghoria Expressway,428.21,PANCHARATNA,8.88,Jogighopa,18.02,Kolkata Port (Syama Prasad Mookerjee Port) incl. Haldia Dock Complex,441.43,ICD Amingaon,114.24,Golakganj ICP,67.82,Lokpriya Gopinath Bordoloi International Airport (GAU),104.5,MMLP Jogighopa,17.33,Jogighopa Terminal,17.33,FCI Depot Guwahati,119.47,BONGAIGAON Toll Plaza,46.63
Kālāpāni,BAKSA,324.0,12051457967,village,27,15.01,Belghoria Expressway,502.65,GUAGACHHA,13.07,Jogighopa,58.8,Kolkata Port (Syama Prasad Mookerjee Port) incl. Haldia Dock Complex,515.89,ICD Amingaon,81.76,Darranga ICP,107.45,Lokpriya Gopinath Bordoloi International Airport (GAU),79.86,MMLP Jogighopa,59.39,Jogighopa Terminal,59.39,FCI Depot Guwahati,88.49,BONGAIGAON Toll Plaza,32.61
Kurijhār,BAKSA,324.0,12051457968,village,27,15.4,Belghoria Expressway,502.67,BARPETA ROAD,13.88,Jogighopa,58.5,Kolkata Port (Syama Prasad Mookerjee Port) incl. Haldia Dock Complex,515.91,ICD Amingaon,83.12,Darranga ICP,108.65,Lokpriya Gopinath Bordoloi International Airport (GAU),81.19,MMLP Jogighopa,59.1,Jogighopa Terminal,59.1,FCI Depot Guwahati,89.85,BONGAIGAON Toll Plaza,31.97
Sonbāri,BAKSA,324.0,12051475369,village,27,14.92,Belghoria Expressway,502.32,GUAGACHHA,13.34,Jogighopa,58.28,Kolkata Port (Syama Prasad Mookerjee Port) incl. Haldia Dock Complex,515.56,ICD Amingaon,82.57,Darranga ICP,108.35,Lokpriya Gopinath Bordoloi International Airport (GAU),80.61,MMLP Jogighopa,58.87,Jogighopa Terminal,58.87,FCI Depot Guwahati,89.3,BONGAIGAON Toll Plaza,31.91
Māyangpāra,BAKSA,324.0,12051475373,village,127A,15.87,Belghoria Expressway,505.68,GUAGACHHA,15.9,Jogighopa,61.62,Kolkata Port (Syama Prasad Mookerjee Port) incl. Haldia Dock Complex,518.92,ICD Amingaon,82.6,Darranga ICP,106.59,Lokpriya Gopinath Bordoloi International Airport (GAU),81.14,MMLP Jogighopa,62.21,Jogighopa Terminal,62.21,FCI Depot Guwahati,89.32,BONGAIGAON Toll Plaza,35.02
Rupasi Bāzār,BAKSA,324.0,12051475374,village,127A,8.56,Belghoria Expressway,511.91,SORUPETA,18.4,Baihata,67.05,Kolkata Port (Syama Prasad Mookerjee Port) incl. Haldia Dock Complex,525.15,ICD Amingaon,77.59,Darranga ICP,98.48,Lokpriya Gopinath Bordoloi International Airport (GAU),77.27,MMLP Jogighopa,69.72,Jogighopa Terminal,69.72,FCI Depot Guwahati,84.26,BONGAIGAON Toll Plaza,43.34
Silbāri,BAKSA,324.0,12051475375,village,127A,0.71,Belghoria Expressway,515.25,PATHSALA,17.26,Baihata,59.54,Kolkata Port (Syama Prasad Mookerjee Port) incl. Haldia Dock Complex,528.5,ICD Amingaon,70.94,Darranga ICP,90.24,Lokpriya Gopinath Bordoloi International Airport (GAU),71.51,MMLP Jogighopa,75.2,Pandu Terminal (Guwahati),72.54,FCI Depot Guwahati,77.53,BONGAIGAON Toll Plaza,50.16
Jalah,BAKSA,324.0,12051475376,village,127A,1.86,Belghoria Expressway,515.17,PATHSALA,15.98,Baihata,56.81,Kolkata Port (Syama Prasad Mookerjee Port) incl. Haldia Dock Complex,528.43,ICD Amingaon,68.27,Darranga ICP,87.83,Lokpriya Gopinath Bordoloi International Airport (GAU),68.99,MMLP Jogighopa,76.08,Pandu Terminal (Guwahati),69.89,FCI Depot Guwahati,74.86,BONGAIGAON Toll Plaza,51.68
Jārtāluk,BAKSA,324.0,12051475377,village,127D,7.62,Belghoria Expressway,526.92,GHOGRAPUR,15.64,Baihata,32.28,Kolkata Port (Syama Prasad Mookerjee Port) incl. Haldia Dock Complex,540.17,ICD Amingaon,47.93,Darranga ICP,58.8,Lokpriya Gopinath Bordoloi International Airport (GAU),53.27,MMLP Jogighopa,98.5,Pandu Terminal (Guwahati),49.96,FCI Depot Guwahati,53.67,KAMRUP RURAL Toll Plaza,37.15
Jārtāluk,BAKSA,324.0,12051475378,village,127E,7.61,Belghoria Expressway,526.9,GHOGRAPUR,16.4,Baihata,33.2,Kolkata Port (Syama Prasad Mookerjee Port) incl. Haldia Dock Complex,540.16,ICD Amingaon,48.76,Darranga ICP,59.64,Lokpriya Gopinath Bordoloi International Airport (GAU),53.97,MMLP Jogighopa,97.98,Pandu Terminal (Guwahati),50.78,FCI Depot Guwahati,54.53,KAMRUP RURAL Toll Plaza,38.08
Khāgrābārigaon,BAKSA,324.0,12051475379,village,127E,3.56,Belghoria Expressway,527.59,NALBARI,18.87,Baihata,37.4,Kolkata Port (Syama Prasad Mookerjee Port) incl. Haldia Dock Complex,540.84,ICD Amingaon,52.72,Darranga ICP,62.94,Lokpriya Gopinath Bordoloi International Airport (GAU),57.51,MMLP Jogighopa,96.51,Pandu Terminal (Guwahati),54.72,FCI Depot Guwahati,58.59,KAMRUP RURAL Toll Plaza,42.29
Bagānpāra,BAKSA,324.0,12051475380,village,127E,2.29,Belghoria Expressway,527.97,NALBARI,19.89,Baihata,38.81,Kolkata Port (Syama Prasad Mookerjee Port) incl. Haldia Dock Complex,541.22,ICD Amingaon,54.09,Darranga ICP,63.95,Lokpriya Gopinath Bordoloi International Airport (GAU),58.77,MMLP Jogighopa,96.2,Pandu Terminal (Guwahati),56.07,FCI Depot Guwahati,59.97,KAMRUP RURAL Toll Plaza,43.7
Bagānpāra,BAKSA,324.0,12051475381,village,127E,1.46,Belghoria Expressway,528.71,NALBARI,20.75,Baihata,39.45,Kolkata Port (Syama Prasad Mookerjee Port) incl. Haldia Dock Complex,541.97,ICD Amingaon,54.83,Darranga ICP,64.0,Lokpriya Gopinath Bordoloi International Airport (GAU),59.58,MMLP Jogighopa,96.66,Pandu Terminal (Guwahati),56.82,FCI Depot Guwahati,60.69,KAMRUP RURAL Toll Plaza,44.34
Bagānpāra,BAKSA,324.0,12051475382,village,127E,1.02,Belghoria Expressway,528.51,NALBARI,21.12,Baihata,40.31,Kolkata Port (Syama Prasad Mookerjee Port) incl. Haldia Dock Complex,541.77,ICD Amingaon,55.58,Darranga ICP,64.96,Lokpriya Gopinath Bordoloi International Airport (GAU),60.19,MMLP Jogighopa,96.04,Pandu Terminal (Guwahati),57.56,FCI Depot Guwahati,61.47,KAMRUP RURAL Toll Plaza,45.2
Dhanbīl,BAKSA,324.0,12051475396,village,127E,0.18,Belghoria Expressway,526.65,NALBARI,22.32,Baihata,43.67,Kolkata Port (Syama Prasad Mookerjee Port) incl. Haldia Dock Complex,539.91,ICD Amingaon,58.28,Darranga ICP,69.44,Lokpriya Gopinath Bordoloi International Airport (GAU),62.14,MMLP Jogighopa,92.56,Pandu Terminal (Guwahati),60.21,FCI Depot Guwahati,64.35,KAMRUP RURAL Toll Plaza,48.57
Kātāligaon,BAKSA,324.0,12051475397,village,127E,4.02,Belghoria Expressway,525.31,TIHU,22.57,Baihata,46.84,Kolkata Port (Syama Prasad Mookerjee Port) incl. Haldia Dock Complex,538.57,ICD Amingaon,60.95,Darranga ICP,73.27,Lokpriya Gopinath Bordoloi International Airport (GAU),64.23,MMLP Jogighopa,89.81,Pandu Terminal (Guwahati),62.83,FCI Depot Guwahati,67.14,KAMRUP RURAL Toll Plaza,51.74
Ghorāmāra,BAKSA,324.0,12051475398,village,127E,7.9,Belghoria Expressway,526.0,NALBARI,15.71,Baihata,33.01,Kolkata Port (Syama Prasad Mookerjee Port) incl. Haldia Dock Complex,539.25,ICD Amingaon,48.38,Darranga ICP,60.2,Lokpriya Gopinath Bordoloi International Airport (GAU),53.41,MMLP Jogighopa,97.15,Pandu Terminal (Guwahati),50.38,FCI Depot Guwahati,54.21,KAMRUP RURAL Toll Plaza,37.9
Kadamtola,BAKSA,324.0,12051475399,village,127E,6.04,Belghoria Expressway,527.41,NALBARI,17.52,Baihata,34.78,Kolkata Port (Syama Prasad Mookerjee Port) incl. Haldia Dock Complex,540.66,ICD Amingaon,50.3,Darranga ICP,60.67,Lokpriya Gopinath Bordoloi International Airport (GAU),55.39,MMLP Jogighopa,97.67,Pandu Terminal (Guwahati),52.31,FCI Depot Guwahati,56.09,KAMRUP RURAL Toll Plaza,39.66
Kadamtola,BAKSA,324.0,12051475400,village,127E,5.35,Belghoria Expressway,528.13,NALBARI,18.37,Baihata,35.47,Kolkata Port (Syama Prasad Mookerjee Port) incl. Haldia Dock Complex,541.39,ICD Amingaon,51.08,Darranga ICP,60.71,Lokpriya Gopinath Bordoloi International Airport (GAU),56.23,MMLP Jogighopa,98.07,Pandu Terminal (Guwahati),53.1,FCI Depot Guwahati,56.85,KAMRUP RURAL Toll Plaza,40.34
Simlābāri,BAKSA,324.0,12051475401,village,127E,1.28,Belghoria Expressway,533.59,NALBARI,26.1,Baihata,43.39,Kolkata Port (Syama Prasad Mookerjee Port) incl. Haldia Dock Complex,546.84,ICD Amingaon,59.34,Darranga ICP,64.05,Lokpriya Gopinath Bordoloi International Airport (GAU),64.56,MMLP Jogighopa,100.03,Pandu Terminal (Guwahati),61.37,FCI Depot Guwahati,65.02,KAMRUP RURAL Toll Plaza,48.22
Simlābāri,BAKSA,324.0,12051475402,village,127E,0.11,Belghoria Expressway,532.38,NALBARI,25.54,Baihata,43.72,Kolkata Port (Syama Prasad Mookerjee Port) incl. Haldia Dock Complex,545.64,ICD Amingaon,59.43,Darranga ICP,65.33,Lokpriya Gopinath Bordoloi International Airport (GAU),64.39,MMLP Jogighopa,98.56,Pandu Terminal (Guwahati),61.45,FCI Depot Guwahati,65.2,KAMRUP RURAL Toll Plaza,48.58
Simlābāri,BAKSA,324.0,12051475403,village,127E,0.52,Belghoria Expressway,533.5,NALBARI,27.06,Baihata,45.13,Kolkata Port (Syama Prasad Mookerjee Port) incl. Haldia Dock Complex,546.75,ICD Amingaon,60.92,Darranga ICP,65.91,Lokpriya Gopinath Bordoloi International Airport (GAU),65.92,MMLP Jogighopa,99.13,Pandu Terminal (Guwahati),62.95,FCI Depot Guwahati,66.67,KAMRUP RURAL Toll Plaza,49.98
Simlābāri,BAKSA,324.0,12051475404,village,127E,0.06,Belghoria Expressway,533.03,NALBARI,26.2,Baihata,44.16,Kolkata Port (Syama Prasad Mookerjee Port) incl. Haldia Dock Complex,546.29,ICD Amingaon,59.95,Darranga ICP,65.27,Lokpriya Gopinath Bordoloi International Airport (GAU),64.97,MMLP Jogighopa,99.06,Pandu Terminal (Guwahati),61.97,FCI Depot Guwahati,65.69,KAMRUP RURAL Toll Plaza,49.01
Simlāguri,BONGAIGAON,319.0,12051475516,village,27,5.53,Belghoria Expressway,463.78,NEW BONGAIGAON YARD,1.96,Jogighopa,25.27,Kolkata Port (Syama Prasad Mookerjee Port) incl. Haldia Dock Complex,476.94,ICD Amingaon,119.36,Golakganj ICP,76.98,Lokpriya Gopinath Bordoloi International Airport (GAU),112.95,MMLP Jogighopa,25.86,Jogighopa Terminal,25.86,FCI Depot Guwahati,125.72,BONGAIGAON Toll Plaza,20.47
Bor Dhania,TINSUKIA,309.0,12081695763,village,115,9.87,Belghoria Expressway,929.73,Tingrai,54.05,Khongsang,403.33,Kolkata Port (Syama Prasad Mookerjee Port) incl. Haldia Dock Complex,942.38,ICD Amingaon,447.2,Darranga ICP,393.4,Lokpriya Gopinath Bordoloi International Airport (GAU),459.05,MMLP Silchar,447.29,Oriumghat (Sadiya) Terminal,20.38,FCI Depot Dibrugarh,101.89,LAKHIMPUR Toll Plaza,214.32
Napātia,TINSUKIA,309.0,12081695764,village,115,8.07,Belghoria Expressway,928.34,Tingrai,53.1,Khongsang,402.38,Kolkata Port (Syama Prasad Mookerjee Port) incl. Haldia Dock Complex,940.99,ICD Amingaon,445.59,Darranga ICP,391.75,Lokpriya Gopinath Bordoloi International Airport (GAU),457.44,MMLP Silchar,446.14,Oriumghat (Sadiya) Terminal,18.63,FCI Depot Dibrugarh,100.3,LAKHIMPUR Toll Plaza,212.71
Telikola,TINSUKIA,309.0,12081695765,village,115,3.21,Belghoria Expressway,924.64,Tingrai,50.92,Khongsang,399.98,Kolkata Port (Syama Prasad Mookerjee Port) incl. Haldia Dock Complex,937.31,ICD Amingaon,441.21,Darranga ICP,387.26,Lokpriya Gopinath Bordoloi International Airport (GAU),453.09,MMLP Silchar,443.18,Oriumghat (Sadiya) Terminal,13.91,FCI Depot Dibrugarh,96.03,LAKHIMPUR Toll Plaza,208.33
Majuli,TINSUKIA,309.0,12081695766,village,115,2.75,Belghoria Expressway,924.3,Tingrai,50.77,Khongsang,399.78,Kolkata Port (Syama Prasad Mookerjee Port) incl. Haldia Dock Complex,936.97,ICD Amingaon,440.8,Darranga ICP,386.82,Lokpriya Gopinath Bordoloi International Airport (GAU),452.67,MMLP Silchar,442.92,Oriumghat (Sadiya) Terminal,13.46,FCI Depot Dibrugarh,95.63,LAKHIMPUR Toll Plaza,207.91
Mājhgaon,TINSUKIA,309.0,12081695767,village,115,2.09,Belghoria Expressway,924.52,Tingrai,51.6,Khongsang,400.48,Kolkata Port (Syama Prasad Mookerjee Port) incl. Haldia Dock Complex,937.2,ICD Amingaon,440.69,Darranga ICP,386.64,Lokpriya Gopinath Bordoloi International Airport (GAU),452.58,MMLP Silchar,443.43,Oriumghat (Sadiya) Terminal,13.32,FCI Depot Dibrugarh,95.61,LAKHIMPUR Toll Plaza,207.81
Napātia Āhmogaon,TINSUKIA,309.0,12081695768,village,115,11.57,Belghoria Expressway,931.15,Tingrai,55.14,Khongsang,404.38,Kolkata Port (Syama Prasad Mookerjee Port) incl. Haldia Dock Complex,943.79,ICD Amingaon,448.79,Darranga ICP,395.02,Lokpriya Gopinath Bordoloi International Airport (GAU),460.63,MMLP Silchar,448.5,Oriumghat (Sadiya) Terminal,22.07,FCI Depot Dibrugarh,103.47,LAKHIMPUR Toll Plaza,215.92
Napātia Limbugaon,TINSUKIA,309.0,12081734869,village,13,11.6,Belghoria Expressway,932.2,Tingrai,56.37,Khongsang,405.62,Kolkata Port (Syama Prasad Mookerjee Port) incl. Haldia Dock Complex,944.85,ICD Amingaon,449.64,Darranga ICP,395.82,Lokpriya Gopinath Bordoloi International Airport (GAU),461.49,MMLP Silchar,449.68,Oriumghat (Sadiya) Terminal,22.69,FCI Depot Dibrugarh,104.34,LAKHIMPUR Toll Plaza,216.76
Napātia Limbugaon,TINSUKIA,309.0,12081734870,village,13,11.52,Belghoria Expressway,932.83,Tingrai,57.34,Khongsang,406.62,Kolkata Port (Syama Prasad Mookerjee Port) incl. Haldia Dock Complex,945.48,ICD Amingaon,449.98,Darranga ICP,396.09,Lokpriya Gopinath Bordoloi International Airport (GAU),461.84,MMLP Silchar,450.54,Oriumghat (Sadiya) Terminal,22.81,FCI Depot Dibrugarh,104.72,LAKHIMPUR Toll Plaza,217.1
Napātia Limbugaon,TINSUKIA,309.0,12081734871,village,115,11.34,Belghoria Expressway,933.4,Tingrai,58.27,Khongsang,407.56,Kolkata Port (Syama Prasad Mookerjee Port) incl. Haldia Dock Complex,946.06,ICD Amingaon,450.26,Darranga ICP,396.31,Lokpriya Gopinath Bordoloi International Airport (GAU),462.13,MMLP Silchar,451.34,Oriumghat (Sadiya) Terminal,22.95,FCI Depot Dibrugarh,105.05,LAKHIMPUR Toll Plaza,217.37
Tokājān,TINSUKIA,309.0,12081734872,village,115,6.68,Belghoria Expressway,930.77,Tingrai,57.31,Khongsang,406.4,Kolkata Port (Syama Prasad Mookerjee Port) incl. Haldia Dock Complex,943.44,ICD Amingaon,446.78,Darranga ICP,392.67,Lokpriya Gopinath Bordoloi International Airport (GAU),458.68,MMLP Silchar,449.56,Oriumghat (Sadiya) Terminal,19.49,FCI Depot Dibrugarh,101.78,LAKHIMPUR Toll Plaza,213.91
Ambikāpur,TINSUKIA,309.0,12081734873,village,115,10.64,Belghoria Expressway,933.38,Tingrai,58.62,Khongsang,407.89,Kolkata Port (Syama Prasad Mookerjee Port) incl. Haldia Dock Complex,946.04,ICD Amingaon,450.0,Darranga ICP,396.0,Lokpriya Gopinath Bordoloi International Airport (GAU),461.88,MMLP Silchar,451.53,Oriumghat (Sadiya) Terminal,22.64,FCI Depot Dibrugarh,104.84,LAKHIMPUR Toll Plaza,217.12
Limbu Basti,TINSUKIA,309.0,12081734874,village,115,8.62,Belghoria Expressway,932.18,Tingrai,58.1,Khongsang,407.31,Kolkata Port (Syama Prasad Mookerjee Port) incl. Haldia Dock Complex,944.85,ICD Amingaon,448.45,Darranga ICP,394.38,Lokpriya Gopinath Bordoloi International Airport (GAU),460.34,MMLP Silchar,450.69,Oriumghat (Sadiya) Terminal,21.09,FCI Depot Dibrugarh,103.38,LAKHIMPUR Toll Plaza,215.57
Ambikāpur,TINSUKIA,309.0,12081734875,village,13,10.66,Belghoria Expressway,934.71,Tingrai,59.89,Khongsang,409.16,Kolkata Port (Syama Prasad Mookerjee Port) incl. Haldia Dock Complex,947.37,ICD Amingaon,451.3,Darranga ICP,397.28,Lokpriya Gopinath Bordoloi International Airport (GAU),463.18,MMLP Silchar,452.84,Oriumghat (Sadiya) Terminal,23.93,FCI Depot Dibrugarh,106.15,LAKHIMPUR Toll Plaza,218.41
Ambikāpur,TINSUKIA,309.0,12081734876,village,115,10.61,Belghoria Expressway,934.24,Tingrai,59.85,Khongsang,409.1,Kolkata Port (Syama Prasad Mookerjee Port) incl. Haldia Dock Complex,946.91,ICD Amingaon,450.57,Darranga ICP,396.5,Lokpriya Gopinath Bordoloi International Airport (GAU),462.46,MMLP Silchar,452.61,Oriumghat (Sadiya) Terminal,23.21,FCI Depot Dibrugarh,105.49,LAKHIMPUR Toll Plaza,217.69
Bor Dhania,TINSUKIA,309.0,12081736810,village,115,11.4,Belghoria Expressway,930.21,Tingrai,53.97,Khongsang,403.18,Kolkata Port (Syama Prasad Mookerjee Port) incl. Haldia Dock Complex,942.85,ICD Amingaon,448.09,Darranga ICP,394.37,Lokpriya Gopinath Bordoloi International Airport (GAU),459.92,MMLP Silchar,447.4,Oriumghat (Sadiya) Terminal,21.7,FCI Depot Dibrugarh,102.75,LAKHIMPUR Toll Plaza,215.22
Sunpura,TINSUKIA,309.0,12081736811,village,115,9.83,Belghoria Expressway,927.89,Tingrai,51.71,Khongsang,400.95,Kolkata Port (Syama Prasad Mookerjee Port) incl. Haldia Dock Complex,940.53,ICD Amingaon,445.85,Darranga ICP,392.17,Lokpriya Gopinath Bordoloi International Airport (GAU),457.69,MMLP Silchar,445.1,Oriumghat (Sadiya) Terminal,19.78,FCI Depot Dibrugarh,100.52,LAKHIMPUR Toll Plaza,213.0
Kukuramora,TINSUKIA,309.0,12081736812,village,115,4.54,Belghoria Expressway,924.97,Tingrai,50.4,Khongsang,399.61,Kolkata Port (Syama Prasad Mookerjee Port) incl. Haldia Dock Complex,937.63,ICD Amingaon,442.0,Darranga ICP,388.14,Lokpriya Gopinath Bordoloi International Airport (GAU),453.86,MMLP Silchar,443.09,Oriumghat (Sadiya) Terminal,15.0,FCI Depot Dibrugarh,96.73,LAKHIMPUR Toll Plaza,209.12
Hollogaon,TINSUKIA,309.0,12081736813,village,115,3.06,Belghoria Expressway,923.63,Tingrai,49.44,Khongsang,398.57,Kolkata Port (Syama Prasad Mookerjee Port) incl. Haldia Dock Complex,936.29,ICD Amingaon,440.54,Darranga ICP,386.65,Lokpriya Gopinath Bordoloi International Airport (GAU),452.4,MMLP Silchar,441.92,Oriumghat (Sadiya) Terminal,13.48,FCI Depot Dibrugarh,95.28,LAKHIMPUR Toll Plaza,207.65
Hollogaon,TINSUKIA,309.0,12081736814,village,115,2.22,Belghoria Expressway,923.24,Tingrai,49.41,Khongsang,398.47,Kolkata Port (Syama Prasad Mookerjee Port) incl. Haldia Dock Complex,935.91,ICD Amingaon,439.97,Darranga ICP,386.06,Lokpriya Gopinath Bordoloi International Airport (GAU),451.84,MMLP Silchar,441.7,Oriumghat (Sadiya) Terminal,12.79,FCI Depot Dibrugarh,94.75,LAKHIMPUR Toll Plaza,207.08
Unnamed Hamlet,NAGAON,305.0,12083006313,village,27,2.14,Belghoria Expressway,583.27,Puranigudam,13.54,Baihata,106.71,Kolkata Port (Syama Prasad Mookerjee Port) incl. Haldia Dock Complex,596.15,ICD Amingaon,106.81,Darranga ICP,73.51,Lokpriya Gopinath Bordoloi International Airport (GAU),116.86,MMLP Silchar,152.86,Tezpur Terminal,42.89,FCI Depot Dimapur,101.03,HOJAI Toll Plaza,13.79
Unnamed Village,NAGAON,305.0,12083006348,village,27,0.65,Belghoria Expressway,582.42,KAMPUR,12.92,Baihata,105.23,Kolkata Port (Syama Prasad Mookerjee Port) incl. Haldia Dock Complex,595.31,ICD Amingaon,105.38,Darranga ICP,72.05,Lokpriya Gopinath Bordoloi International Airport (GAU),115.46,MMLP Silchar,153.26,Tezpur Terminal,42.65,FCI Depot Guwahati,100.23,HOJAI Toll Plaza,14.89
Unnamed Village,NAGAON,305.0,12083607347,village,27,3.63,Belghoria Expressway,584.32,Puranigudam,13.52,Baihata,108.21,Kolkata Port (Syama Prasad Mookerjee Port) incl. Haldia Dock Complex,597.2,ICD Amingaon,108.29,Darranga ICP,74.89,Lokpriya Gopinath Bordoloi International Airport (GAU),118.32,MMLP Silchar,152.74,Tezpur Terminal,42.92,FCI Depot Dimapur,99.6,HOJAI Toll Plaza,12.98
Unnamed Village,NAGAON,305.0,12083639098,village,27,3.73,Belghoria Expressway,584.02,Puranigudam,13.98,Baihata,108.26,Kolkata Port (Syama Prasad Mookerjee Port) incl. Haldia Dock Complex,596.9,ICD Amingaon,108.27,Darranga ICP,75.1,Lokpriya Gopinath Bordoloi International Airport (GAU),118.27,MMLP Silchar,152.29,Tezpur Terminal,43.38,FCI Depot Dimapur,99.43,HOJAI Toll Plaza,12.57
Pengri Chārāli,TINSUKIA,309.0,12083852116,village,315,14.08,Belghoria Expressway,894.69,Powai,14.45,Khongsang,360.28,Kolkata Port (Syama Prasad Mookerjee Port) incl. Haldia Dock Complex,907.19,ICD Amingaon,421.02,Darranga ICP,369.49,Lokpriya Gopinath Bordoloi International Airport (GAU),432.53,MMLP Silchar,407.2,Oriumghat (Sadiya) Terminal,43.49,FCI Depot Dibrugarh,82.3,LAKHIMPUR Toll Plaza,190.6
Pātidoi Gosala,TINSUKIA,309.0,12086052752,village,115,2.79,Belghoria Expressway,915.4,Tingrai,44.6,Khongsang,392.52,Kolkata Port (Syama Prasad Mookerjee Port) incl. Haldia Dock Complex,928.08,ICD Amingaon,431.36,Darranga ICP,377.32,Lokpriya Gopinath Bordoloi International Airport (GAU),443.24,MMLP Silchar,434.89,Oriumghat (Sadiya) Terminal,4.0,FCI Depot Dibrugarh,86.29,LAKHIMPUR Toll Plaza,198.47
Burāburi Deopānigaon,TINSUKIA,309.0,12086070242,village,115,6.22,Belghoria Expressway,920.74,Tingrai,52.95,Khongsang,399.9,Kolkata Port (Syama Prasad Mookerjee Port) incl. Haldia Dock Complex,933.45,ICD Amingaon,435.1,Darranga ICP,380.69,Lokpriya Gopinath Bordoloi International Airport (GAU),447.04,MMLP Silchar,441.56,Oriumghat (Sadiya) Terminal,11.35,FCI Depot Dibrugarh,90.85,LAKHIMPUR Toll Plaza,202.35
Dupāani Bargaon,TINSUKIA,309.0,12086070243,village,115,4.06,Belghoria Expressway,917.58,Tingrai,47.25,Khongsang,395.08,Kolkata Port (Syama Prasad Mookerjee Port) incl. Haldia Dock Complex,930.27,ICD Amingaon,433.16,Darranga ICP,379.03,Lokpriya Gopinath Bordoloi International Airport (GAU),445.07,MMLP Silchar,437.34,Oriumghat (Sadiya) Terminal,6.24,FCI Depot Dibrugarh,88.25,LAKHIMPUR Toll Plaza,200.3
Jhiyāgaon,TINSUKIA,309.0,12086070244,village,115,5.96,Belghoria Expressway,914.9,Tingrai,46.39,Khongsang,393.33,Kolkata Port (Syama Prasad Mookerjee Port) incl. Haldia Dock Complex,927.59,ICD Amingaon,430.04,Darranga ICP,375.83,Lokpriya Gopinath Bordoloi International Airport (GAU),441.95,MMLP Silchar,435.19,Oriumghat (Sadiya) Terminal,4.83,FCI Depot Dibrugarh,85.3,LAKHIMPUR Toll Plaza,197.19
Borgora,TINSUKIA,309.0,12086070245,village,115,5.11,Belghoria Expressway,919.84,Tingrai,50.98,Khongsang,398.32,Kolkata Port (Syama Prasad Mookerjee Port) incl. Haldia Dock Complex,932.54,ICD Amingaon,434.66,Darranga ICP,380.35,Lokpriya Gopinath Bordoloi International Airport (GAU),446.58,MMLP Silchar,440.23,Oriumghat (Sadiya) Terminal,9.47,FCI Depot Dibrugarh,90.12,LAKHIMPUR Toll Plaza,201.85
Kundilnagar (Islāmpur),TINSUKIA,309.0,12086070246,village,115,0.34,Belghoria Expressway,920.92,Tingrai,49.24,Khongsang,397.67,Kolkata Port (Syama Prasad Mookerjee Port) incl. Haldia Dock Complex,933.61,ICD Amingaon,436.79,Darranga ICP,382.7,Lokpriya Gopinath Bordoloi International Airport (GAU),448.68,MMLP Silchar,440.27,Oriumghat (Sadiya) Terminal,9.52,FCI Depot Dibrugarh,91.78,LAKHIMPUR Toll Plaza,203.91
Bājalgaon,TINSUKIA,309.0,12086070247,village,115,3.03,Belghoria Expressway,913.68,Tingrai,43.83,Khongsang,391.29,Kolkata Port (Syama Prasad Mookerjee Port) incl. Haldia Dock Complex,926.37,ICD Amingaon,429.43,Darranga ICP,375.36,Lokpriya Gopinath Bordoloi International Airport (GAU),441.32,MMLP Silchar,433.45,Oriumghat (Sadiya) Terminal,2.36,FCI Depot Dibrugarh,84.42,LAKHIMPUR Toll Plaza,196.55
Kundligaon,TINSUKIA,309.0,12086070248,village,115,1.93,Belghoria Expressway,912.43,Tingrai,42.36,Khongsang,389.85,Kolkata Port (Syama Prasad Mookerjee Port) incl. Haldia Dock Complex,925.11,ICD Amingaon,428.37,Darranga ICP,374.36,Lokpriya Gopinath Bordoloi International Airport (GAU),440.26,MMLP Silchar,432.06,Oriumghat (Sadiya) Terminal,1.01,FCI Depot Dibrugarh,83.3,LAKHIMPUR Toll Plaza,195.49
Ghurmura Muluk Chapāri,TINSUKIA,309.0,12086070249,village,115,2.46,Belghoria Expressway,912.1,Tingrai,42.41,Khongsang,389.72,Kolkata Port (Syama Prasad Mookerjee Port) incl. Haldia Dock Complex,924.79,ICD Amingaon,427.93,Darranga ICP,373.9,Lokpriya Gopinath Bordoloi International Airport (GAU),439.82,MMLP Silchar,431.85,Oriumghat (Sadiya) Terminal,0.82,FCI Depot Dibrugarh,82.89,LAKHIMPUR Toll Plaza,195.05
Dibāng Chāpari,TINSUKIA,309.0,12086070250,village,115,4.34,Belghoria Expressway,908.68,Tingrai,39.99,Khongsang,386.66,Kolkata Port (Syama Prasad Mookerjee Port) incl. Haldia Dock Complex,921.37,ICD Amingaon,424.5,Darranga ICP,370.48,Lokpriya Gopinath Bordoloi International Airport (GAU),436.38,MMLP Silchar,428.6,Oriumghat (Sadiya) Terminal,2.89,FCI Depot Dibrugarh,79.44,LAKHIMPUR Toll Plaza,191.61
Chandrāpurgaon,TINSUKIA,309.0,12086070251,village,115,3.54,Belghoria Expressway,916.76,Tingrai,45.95,Khongsang,393.93,Kolkata Port (Syama Prasad Mookerjee Port) incl. Haldia Dock Complex,929.44,ICD Amingaon,432.6,Darranga ICP,378.53,Lokpriya Gopinath Bordoloi International Airport (GAU),444.49,MMLP Silchar,436.3,Oriumghat (Sadiya) Terminal,5.33,FCI Depot Dibrugarh,87.58,LAKHIMPUR Toll Plaza,199.72
Bargolai,TINSUKIA,309.0,12086123173,village,315,0.07,Belghoria Expressway,881.17,Bargolai,0.59,Khongsang,344.01,Kolkata Port (Syama Prasad Mookerjee Port) incl. Haldia Dock Complex,893.62,ICD Amingaon,411.32,Moreh ICP,357.0,Lokpriya Gopinath Bordoloi International Airport (GAU),422.67,MMLP Silchar,392.04,Oriumghat (Sadiya) Terminal,59.61,FCI Depot Dibrugarh,80.05,LAKHIMPUR Toll Plaza,183.12
Bargolaāi,TINSUKIA,309.0,12086123174,village,315,1.01,Belghoria Expressway,880.53,Bargolai,1.41,Khongsang,343.16,Kolkata Port (Syama Prasad Mookerjee Port) incl. Haldia Dock Complex,892.97,ICD Amingaon,410.93,Moreh ICP,356.03,Lokpriya Gopinath Bordoloi International Airport (GAU),422.27,MMLP Silchar,391.28,Oriumghat (Sadiya) Terminal,60.6,FCI Depot Dibrugarh,80.2,LAKHIMPUR Toll Plaza,182.89
Bānsbān,TINSUKIA,309.0,12086123175,village,315,1.79,Belghoria Expressway,879.52,Bargolai,2.09,Khongsang,342.16,Kolkata Port (Syama Prasad Mookerjee Port) incl. Haldia Dock Complex,891.96,ICD Amingaon,410.01,Moreh ICP,355.11,Lokpriya Gopinath Bordoloi International Airport (GAU),421.34,MMLP Silchar,390.26,Oriumghat (Sadiya) Terminal,61.22,FCI Depot Dibrugarh,79.65,LAKHIMPUR Toll Plaza,182.06
Nāmdāng,TINSUKIA,309.0,12086123176,village,315,2.26,Belghoria Expressway,879.43,Bargolai,2.6,Khongsang,341.9,Kolkata Port (Syama Prasad Mookerjee Port) incl. Haldia Dock Complex,891.87,ICD Amingaon,410.11,Moreh ICP,354.7,Lokpriya Gopinath Bordoloi International Airport (GAU),421.44,MMLP Silchar,390.09,Oriumghat (Sadiya) Terminal,61.8,FCI Depot Dibrugarh,80.06,LAKHIMPUR Toll Plaza,182.27
Baghjan Gaon,TINSUKIA,309.0,12086214445,village,15,10.18,Belghoria Expressway,877.03,Makum Junction,13.59,Khongsang,355.02,Kolkata Port (Syama Prasad Mookerjee Port) incl. Haldia Dock Complex,889.69,ICD Amingaon,395.02,Darranga ICP,341.74,Lokpriya Gopinath Bordoloi International Airport (GAU),406.8,MMLP Silchar,396.46,Oriumghat (Sadiya) Terminal,34.73,FCI Depot Dibrugarh,49.95,LAKHIMPUR Toll Plaza,162.33
Philobari,TINSUKIA,309.0,12086256647,village,15,10.79,Belghoria Expressway,898.87,Tingrai,20.79,Khongsang,367.8,Kolkata Port (Syama Prasad Mookerjee Port) incl. Haldia Dock Complex,911.43,ICD Amingaon,421.97,Darranga ICP,369.66,Lokpriya Gopinath Bordoloi International Airport (GAU),433.59,MMLP Silchar,413.31,Oriumghat (Sadiya) Terminal,31.14,FCI Depot Dibrugarh,79.51,LAKHIMPUR Toll Plaza,190.28
Bishunpur,TINSUKIA,309.0,12086256648,village,15,8.67,Belghoria Expressway,896.26,Tingrai,17.97,Khongsang,366.06,Kolkata Port (Syama Prasad Mookerjee Port) incl. Haldia Dock Complex,908.83,ICD Amingaon,418.84,Darranga ICP,366.44,Lokpriya Gopinath Bordoloi International Airport (GAU),430.48,MMLP Silchar,411.16,Oriumghat (Sadiya) Terminal,30.18,FCI Depot Dibrugarh,76.09,LAKHIMPUR Toll Plaza,187.04
Saikhoaghat,TINSUKIA,309.0,12089656704,village,115,2.49,Belghoria Expressway,902.54,Tingrai,33.63,Khongsang,379.98,Kolkata Port (Syama Prasad Mookerjee Port) incl. Haldia Dock Complex,915.21,ICD Amingaon,419.09,Darranga ICP,365.28,Lokpriya Gopinath Bordoloi International Airport (GAU),430.95,MMLP Silchar,422.04,Oriumghat (Sadiya) Terminal,9.06,FCI Depot Dibrugarh,73.82,LAKHIMPUR Toll Plaza,186.21
Lāhoāl Pātra,DIBRUGARH,310.0,12089659247,village,15,0.38,Belghoria Expressway,836.41,LAHOAL,0.88,Khongsang,321.54,Kolkata Port (Syama Prasad Mookerjee Port) incl. Haldia Dock Complex,849.12,ICD Amingaon,353.18,Darranga ICP,300.01,Lokpriya Gopinath Bordoloi International Airport (GAU),364.96,MMLP Silchar,359.35,Bogibeel Terminal,2.67,FCI Depot Dibrugarh,9.44,LAKHIMPUR Toll Plaza,120.55
Nij Lahoāl,DIBRUGARH,310.0,12089659248,village,15,0.55,Belghoria Expressway,834.9,LAHOAL,1.22,Khongsang,320.66,Kolkata Port (Syama Prasad Mookerjee Port) incl. Haldia Dock Complex,847.61,ICD Amingaon,351.41,Darranga ICP,298.2,Lokpriya Gopinath Bordoloi International Airport (GAU),363.2,MMLP Silchar,358.19,Bogibeel Terminal,3.78,FCI Depot Dibrugarh,7.57,LAKHIMPUR Toll Plaza,118.75
Sankalāgaon,GOLAGHAT,313.0,12090132459,village,715,3.52,Belghoria Expressway,688.44,Khumtai,5.31,Khongsang,196.39,Kolkata Port (Syama Prasad Mookerjee Port) incl. Haldia Dock Complex,701.14,ICD Amingaon,214.02,Darranga ICP,167.42,Lokpriya Gopinath Bordoloi International Airport (GAU),225.0,MMLP Silchar,219.05,Sengajan (Panbari) Terminal,9.83,FCI Depot Jorhat,41.0,GOLAGHAT Toll Plaza,12.42
Khimtāi,GOLAGHAT,313.0,12090132460,village,129,4.35,Belghoria Expressway,690.02,Numaligarh,1.54,Khongsang,194.45,Kolkata Port (Syama Prasad Mookerjee Port) incl. Haldia Dock Complex,702.7,ICD Amingaon,217.41,Darranga ICP,171.38,Lokpriya Gopinath Bordoloi International Airport (GAU),228.31,MMLP Silchar,218.61,Sengajan (Panbari) Terminal,14.15,FCI Depot Jorhat,38.36,GOLAGHAT Toll Plaza,11.22
Sonārigaon,GOLAGHAT,313.0,12090132461,village,715,0.5,Belghoria Expressway,685.54,Khumtai,10.2,Khongsang,197.23,Kolkata Port (Syama Prasad Mookerjee Port) incl. Haldia Dock Complex,698.26,ICD Amingaon,209.57,Darranga ICP,162.58,Lokpriya Gopinath Bordoloi International Airport (GAU),220.63,MMLP Silchar,218.23,Sengajan (Panbari) Terminal,5.13,FCI Depot Jorhat,45.16,GOLAGHAT Toll Plaza,16.3
Kamārgaom,GOLAGHAT,313.0,12090132462,village,715,0.22,Belghoria Expressway,685.84,Khumtai,9.97,Khongsang,197.44,Kolkata Port (Syama Prasad Mookerjee Port) incl. Haldia Dock Complex,698.57,ICD Amingaon,209.86,Darranga ICP,162.84,Lokpriya Gopinath Bordoloi International Airport (GAU),220.92,MMLP Silchar,218.49,Sengajan (Panbari) Terminal,5.43,FCI Depot Jorhat,44.87,GOLAGHAT Toll Plaza,16.01
Kamarbandha,GOLAGHAT,313.0,12091744564,village,129,13.67,Belghoria Expressway,701.91,KAMARBANDHA ALI,0.22,Khongsang,192.52,Kolkata Port (Syama Prasad Mookerjee Port) incl. Haldia Dock Complex,714.48,ICD Amingaon,235.76,Darranga ICP,191.24,Lokpriya Gopinath Bordoloi International Airport (GAU),246.39,MMLP Silchar,223.26,Neamati Terminal,31.2,FCI Depot Jorhat,27.96,GOLAGHAT Toll Plaza,13.67
Kamarband Ali,GOLAGHAT,313.0,12091744565,village,129,13.79,Belghoria Expressway,701.96,KAMARBANDHA ALI,0.12,Khongsang,192.36,Kolkata Port (Syama Prasad Mookerjee Port) incl. Haldia Dock Complex,714.53,ICD Amingaon,235.96,Darranga ICP,191.48,Lokpriya Gopinath Bordoloi International Airport (GAU),246.58,MMLP Silchar,223.19,Neamati Terminal,31.34,FCI Depot Jorhat,28.04,GOLAGHAT Toll Plaza,13.82
Bebejiāgaon,JORHAT,312.0,12091863496,village,702D,14.38,Belghoria Expressway,714.93,TITABAR,2.96,Khongsang,201.96,Kolkata Port (Syama Prasad Mookerjee Port) incl. Haldia Dock Complex,727.5,ICD Amingaon,248.27,Darranga ICP,202.9,Lokpriya Gopinath Bordoloi International Airport (GAU),258.99,MMLP Silchar,234.96,Neamati Terminal,23.17,FCI Depot Jorhat,18.04,GOLAGHAT Toll Plaza,26.7
Kumārgaon,JORHAT,312.0,12091863497,village,702D,14.59,Belghoria Expressway,715.18,TITABAR,2.79,Khongsang,201.73,Kolkata Port (Syama Prasad Mookerjee Port) incl. Haldia Dock Complex,727.74,ICD Amingaon,248.82,Darranga ICP,203.55,Lokpriya Gopinath Bordoloi International Airport (GAU),259.53,MMLP Silchar,234.95,Neamati Terminal,23.68,FCI Depot Jorhat,18.43,GOLAGHAT Toll Plaza,27.14
Bagiāelengi Satra,JORHAT,312.0,12091863498,village,715,17.98,Belghoria Expressway,708.11,CHAKITING,2.66,Khongsang,196.27,Kolkata Port (Syama Prasad Mookerjee Port) incl. Haldia Dock Complex,720.68,ICD Amingaon,242.23,Darranga ICP,197.46,Lokpriya Gopinath Bordoloi International Airport (GAU),252.88,MMLP Silchar,228.43,Neamati Terminal,27.69,FCI Depot Jorhat,23.46,GOLAGHAT Toll Plaza,20.21
Birina Sāyak,JORHAT,312.0,12091863499,village,715,18.17,Belghoria Expressway,709.87,CHAKITING,4.53,Khongsang,197.06,Kolkata Port (Syama Prasad Mookerjee Port) incl. Haldia Dock Complex,722.43,ICD Amingaon,244.3,Darranga ICP,199.53,Lokpriya Gopinath Bordoloi International Airport (GAU),254.94,MMLP Silchar,229.74,Neamati Terminal,27.29,FCI Depot Jorhat,22.7,GOLAGHAT Toll Plaza,22.23
Hemelāigaon,JORHAT,312.0,12096003944,village,2,7.08,Belghoria Expressway,747.92,LAHING,2.55,Khongsang,228.72,Kolkata Port (Syama Prasad Mookerjee Port) incl. Haldia Dock Complex,760.48,ICD Amingaon,279.21,Darranga ICP,231.87,Lokpriya Gopinath Bordoloi International Airport (GAU),290.18,MMLP Silchar,265.86,Neamati Terminal,29.46,FCI Depot Jorhat,25.28,GOLAGHAT Toll Plaza,53.55
Simaluguri,SIBSAGAR,311.0,12096003988,village,702C,0.28,Belghoria Expressway,782.18,SIMALUGURI JN,0.34,Khongsang,258.57,Kolkata Port (Syama Prasad Mookerjee Port) incl. Haldia Dock Complex,794.73,ICD Amingaon,311.39,Darranga ICP,262.45,Lokpriya Gopinath Bordoloi International Airport (GAU),322.56,MMLP Silchar,298.71,Neamati Terminal,58.93,FCI Depot Jorhat,56.92,GOLAGHAT Toll Plaza,85.75
Jojoli Panchali,CHARAIDEO,704.0,12097814915,village,702C,7.3,Belghoria Expressway,806.08,SAFRAI,4.36,Khongsang,281.49,Kolkata Port (Syama Prasad Mookerjee Port) incl. Haldia Dock Complex,818.65,ICD Amingaon,332.86,Darranga ICP,282.75,Lokpriya Gopinath Bordoloi International Airport (GAU),344.2,MMLP Silchar,322.64,Bogibeel Terminal,40.37,FCI Depot Dibrugarh,44.03,LAKHIMPUR Toll Plaza,107.03
Tingkhang,DIBRUGARH,310.0,12101473804,village,215,9.38,Belghoria Expressway,834.95,BARUANAGAR,11.29,Khongsang,308.59,Kolkata Port (Syama Prasad Mookerjee Port) incl. Haldia Dock Complex,847.52,ICD Amingaon,359.86,Darranga ICP,308.76,Lokpriya Gopinath Bordoloi International Airport (GAU),371.33,MMLP Silchar,351.1,Bogibeel Terminal,26.62,FCI Depot Dibrugarh,36.43,LAKHIMPUR Toll Plaza,130.73
"Rājgarh ,786611",DIBRUGARH,310.0,12101473809,village,215,2.75,Belghoria Expressway,826.49,SAPEKHATI,9.35,Khongsang,300.45,Kolkata Port (Syama Prasad Mookerjee Port) incl. Haldia Dock Complex,839.06,ICD Amingaon,352.04,Darranga ICP,301.25,Lokpriya Gopinath Bordoloi International Airport (GAU),363.47,MMLP Silchar,342.66,Bogibeel Terminal,28.78,FCI Depot Dibrugarh,36.94,LAKHIMPUR Toll Plaza,123.77
Rājgarhgaon,SIBSAGAR,311.0,12101473810,village,702C,6.39,Belghoria Expressway,797.55,LAKSWA,3.03,Khongsang,273.55,Kolkata Port (Syama Prasad Mookerjee Port) incl. Haldia Dock Complex,810.11,ICD Amingaon,324.94,Darranga ICP,275.16,Lokpriya Gopinath Bordoloi International Airport (GAU),336.23,MMLP Silchar,314.24,Bogibeel Terminal,47.13,FCI Depot Dibrugarh,49.37,GOLAGHAT Toll Plaza,99.9
Pithāguti Grant,DIBRUGARH,310.0,12101473859,village,215,2.08,Belghoria Expressway,819.22,BHOJO,10.66,Khongsang,294.74,Kolkata Port (Syama Prasad Mookerjee Port) incl. Haldia Dock Complex,831.8,ICD Amingaon,344.35,Darranga ICP,293.57,Lokpriya Gopinath Bordoloi International Airport (GAU),355.78,MMLP Silchar,336.12,Bogibeel Terminal,29.6,FCI Depot Dibrugarh,35.78,LAKHIMPUR Toll Plaza,116.24
Nanābāt Namke,DIBRUGARH,310.0,12101473860,village,215,0.36,Belghoria Expressway,822.14,LONGPATIA,10.74,Khongsang,297.19,Kolkata Port (Syama Prasad Mookerjee Port) incl. Haldia Dock Complex,834.71,ICD Amingaon,347.31,Darranga ICP,296.48,Lokpriya Gopinath Bordoloi International Airport (GAU),358.74,MMLP Silchar,338.84,Bogibeel Terminal,28.65,FCI Depot Dibrugarh,35.63,LAKHIMPUR Toll Plaza,119.04
Nām Hulung,TINSUKIA,309.0,12102166434,village,215,6.63,Belghoria Expressway,904.34,Digboi,25.93,Khongsang,372.85,Kolkata Port (Syama Prasad Mookerjee Port) incl. Haldia Dock Complex,916.89,ICD Amingaon,427.39,Darranga ICP,375.01,Lokpriya Gopinath Bordoloi International Airport (GAU),439.02,MMLP Silchar,418.6,Oriumghat (Sadiya) Terminal,29.95,FCI Depot Dibrugarh,84.57,LAKHIMPUR Toll Plaza,195.61
Bara Hulung,TINSUKIA,309.0,12102166435,village,215,7.49,Belghoria Expressway,904.21,Digboi,24.54,Khongsang,370.96,Kolkata Port (Syama Prasad Mookerjee Port) incl. Haldia Dock Complex,916.74,ICD Amingaon,428.78,Darranga ICP,376.75,Lokpriya Gopinath Bordoloi International Airport (GAU),440.37,MMLP Silchar,417.48,Oriumghat (Sadiya) Terminal,35.73,FCI Depot Dibrugarh,87.31,LAKHIMPUR Toll Plaza,197.5
Tālpātāgaon,TINSUKIA,309.0,12102166436,village,215,3.76,Belghoria Expressway,908.11,Digboi,28.39,Khongsang,374.59,Kolkata Port (Syama Prasad Mookerjee Port) incl. Haldia Dock Complex,920.63,ICD Amingaon,432.62,Darranga ICP,380.53,Lokpriya Gopinath Bordoloi International Airport (GAU),444.21,MMLP Silchar,421.27,Oriumghat (Sadiya) Terminal,35.52,FCI Depot Dibrugarh,90.82,LAKHIMPUR Toll Plaza,201.25
Morābāri,TINSUKIA,309.0,12102166437,village,15,2.98,Belghoria Expressway,905.6,Tingrai,27.35,Khongsang,375.65,Kolkata Port (Syama Prasad Mookerjee Port) incl. Haldia Dock Complex,918.18,ICD Amingaon,427.3,Darranga ICP,374.62,Lokpriya Gopinath Bordoloi International Airport (GAU),438.99,MMLP Silchar,420.77,Oriumghat (Sadiya) Terminal,24.62,FCI Depot Dibrugarh,83.46,LAKHIMPUR Toll Plaza,195.15
Morābāri,TINSUKIA,309.0,12102166438,village,15,2.34,Belghoria Expressway,906.47,Tingrai,28.2,Khongsang,376.39,Kolkata Port (Syama Prasad Mookerjee Port) incl. Haldia Dock Complex,919.05,ICD Amingaon,428.21,Darranga ICP,375.53,Lokpriya Gopinath Bordoloi International Airport (GAU),439.9,MMLP Silchar,421.57,Oriumghat (Sadiya) Terminal,24.72,FCI Depot Dibrugarh,84.37,LAKHIMPUR Toll Plaza,196.06
Honjāngoan,TINSUKIA,309.0,12102166439,village,15,0.91,Belghoria Expressway,907.48,Tingrai,29.28,Khongsang,377.7,Kolkata Port (Syama Prasad Mookerjee Port) incl. Haldia Dock Complex,920.06,ICD Amingaon,428.9,Darranga ICP,376.14,Lokpriya Gopinath Bordoloi International Airport (GAU),440.6,MMLP Silchar,422.77,Oriumghat (Sadiya) Terminal,23.4,FCI Depot Dibrugarh,84.82,LAKHIMPUR Toll Plaza,196.66
Tongāna,TINSUKIA,309.0,12102166440,village,15,4.88,Belghoria Expressway,904.29,Tingrai,25.99,Khongsang,373.9,Kolkata Port (Syama Prasad Mookerjee Port) incl. Haldia Dock Complex,916.86,ICD Amingaon,426.42,Darranga ICP,373.85,Lokpriya Gopinath Bordoloi International Airport (GAU),438.09,MMLP Silchar,419.19,Oriumghat (Sadiya) Terminal,26.48,FCI Depot Dibrugarh,82.93,LAKHIMPUR Toll Plaza,194.4
Tinalingaon,TINSUKIA,309.0,12102166441,village,15,4.87,Belghoria Expressway,905.13,Tingrai,26.87,Khongsang,374.28,Kolkata Port (Syama Prasad Mookerjee Port) incl. Haldia Dock Complex,917.7,ICD Amingaon,427.59,Darranga ICP,375.08,Lokpriya Gopinath Bordoloi International Airport (GAU),439.25,MMLP Silchar,419.77,Oriumghat (Sadiya) Terminal,27.62,FCI Depot Dibrugarh,84.29,LAKHIMPUR Toll Plaza,195.64
Bātoni,TINSUKIA,309.0,12102166442,village,15,4.07,Belghoria Expressway,905.06,Tingrai,26.76,Khongsang,374.72,Kolkata Port (Syama Prasad Mookerjee Port) incl. Haldia Dock Complex,917.63,ICD Amingaon,427.1,Darranga ICP,374.5,Lokpriya Gopinath Bordoloi International Airport (GAU),438.77,MMLP Silchar,419.99,Oriumghat (Sadiya) Terminal,26.02,FCI Depot Dibrugarh,83.51,LAKHIMPUR Toll Plaza,195.04
Kailāshpu,TINSUKIA,309.0,12102166443,village,15,3.3,Belghoria Expressway,906.68,Tingrai,28.39,Khongsang,375.95,Kolkata Port (Syama Prasad Mookerjee Port) incl. Haldia Dock Complex,919.24,ICD Amingaon,428.92,Darranga ICP,376.35,Lokpriya Gopinath Bordoloi International Airport (GAU),440.59,MMLP Silchar,421.41,Oriumghat (Sadiya) Terminal,26.7,FCI Depot Dibrugarh,85.4,LAKHIMPUR Toll Plaza,196.9
Nāmghar,TINSUKIA,309.0,12102225945,village,315,8.94,Belghoria Expressway,889.8,Digboi,9.99,Khongsang,356.45,Kolkata Port (Syama Prasad Mookerjee Port) incl. Haldia Dock Complex,902.32,ICD Amingaon,415.58,Darranga ICP,363.98,Lokpriya Gopinath Bordoloi International Airport (GAU),427.1,MMLP Silchar,402.84,Oriumghat (Sadiya) Terminal,43.09,FCI Depot Dibrugarh,76.75,LAKHIMPUR Toll Plaza,185.04
Dhekiājān Bangaon,TINSUKIA,309.0,12102225946,village,315,7.52,Belghoria Expressway,888.56,Digboi,8.78,Khongsang,355.49,Kolkata Port (Syama Prasad Mookerjee Port) incl. Haldia Dock Complex,901.08,ICD Amingaon,414.18,Darranga ICP,362.55,Lokpriya Gopinath Bordoloi International Airport (GAU),425.71,MMLP Silchar,401.75,Oriumghat (Sadiya) Terminal,43.07,FCI Depot Dibrugarh,75.31,LAKHIMPUR Toll Plaza,183.6
Pānbāri (No 2),TINSUKIA,309.0,12102225947,village,315,2.92,Belghoria Expressway,884.12,Digboi,4.81,Khongsang,351.69,Kolkata Port (Syama Prasad Mookerjee Port) incl. Haldia Dock Complex,896.65,ICD Amingaon,409.55,Darranga ICP,357.93,Lokpriya Gopinath Bordoloi International Airport (GAU),421.08,MMLP Silchar,397.61,Oriumghat (Sadiya) Terminal,44.44,FCI Depot Dibrugarh,71.02,LAKHIMPUR Toll Plaza,179.0
Bhimpāthar Bangaon,TINSUKIA,309.0,12102225950,village,315,5.14,Belghoria Expressway,885.73,Digboi,5.91,Khongsang,352.52,Kolkata Port (Syama Prasad Mookerjee Port) incl. Haldia Dock Complex,898.24,ICD Amingaon,411.71,Darranga ICP,360.2,Lokpriya Gopinath Bordoloi International Airport (GAU),423.22,MMLP Silchar,398.8,Oriumghat (Sadiya) Terminal,45.35,FCI Depot Dibrugarh,73.67,LAKHIMPUR Toll Plaza,181.35
Kherjān Bangaon,TINSUKIA,309.0,12102225951,village,315,6.84,Belghoria Expressway,887.61,Digboi,7.79,Khongsang,354.39,Kolkata Port (Syama Prasad Mookerjee Port) incl. Haldia Dock Complex,900.13,ICD Amingaon,413.45,Darranga ICP,361.88,Lokpriya Gopinath Bordoloi International Airport (GAU),424.96,MMLP Silchar,400.7,Oriumghat (Sadiya) Terminal,44.11,FCI Depot Dibrugarh,74.96,LAKHIMPUR Toll Plaza,182.98
Ghurania,DIBRUGARH,310.0,12102228030,village,315A,3.77,Belghoria Expressway,846.17,NAHARKATIYA,4.91,Khongsang,317.94,Kolkata Port (Syama Prasad Mookerjee Port) incl. Haldia Dock Complex,858.72,ICD Amingaon,371.45,Darranga ICP,320.29,Lokpriya Gopinath Bordoloi International Airport (GAU),382.93,MMLP Silchar,361.46,Bogibeel Terminal,31.58,FCI Depot Dibrugarh,42.46,LAKHIMPUR Toll Plaza,142.04
Ghurania,DIBRUGARH,310.0,12102228031,village,315A,5.72,Belghoria Expressway,844.17,NAHARKATIYA,6.93,Khongsang,316.19,Kolkata Port (Syama Prasad Mookerjee Port) incl. Haldia Dock Complex,856.73,ICD Amingaon,369.45,Darranga ICP,318.32,Lokpriya Gopinath Bordoloi International Airport (GAU),380.92,MMLP Silchar,359.56,Bogibeel Terminal,30.64,FCI Depot Dibrugarh,41.42,LAKHIMPUR Toll Plaza,140.13
Morān,DIBRUGARH,310.0,12102473417,village,2,0.41,Belghoria Expressway,811.25,MORANHAT,0.91,Khongsang,291.14,Kolkata Port (Syama Prasad Mookerjee Port) incl. Haldia Dock Complex,823.88,ICD Amingaon,334.03,Darranga ICP,282.76,Lokpriya Gopinath Bordoloi International Airport (GAU),345.54,MMLP Silchar,330.49,Bogibeel Terminal,28.86,FCI Depot Dibrugarh,31.24,LAKHIMPUR Toll Plaza,104.81
Bāmunbāri,DIBRUGARH,310.0,12102473419,village,215,0.04,Belghoria Expressway,820.99,MORANHAT,9.31,Khongsang,300.25,Kolkata Port (Syama Prasad Mookerjee Port) incl. Haldia Dock Complex,833.62,ICD Amingaon,343.14,Darranga ICP,291.56,Lokpriya Gopinath Bordoloi International Airport (GAU),354.69,MMLP Silchar,340.08,Bogibeel Terminal,20.91,FCI Depot Dibrugarh,26.07,LAKHIMPUR Toll Plaza,113.04
Raāngājāngaon,GOLAGHAT,313.0,12104727953,village,129,2.09,Belghoria Expressway,686.84,Golaghat,6.31,Khongsang,183.76,Kolkata Port (Syama Prasad Mookerjee Port) incl. Haldia Dock Complex,699.44,ICD Amingaon,220.24,Darranga ICP,176.48,Lokpriya Gopinath Bordoloi International Airport (GAU),230.8,MMLP Silchar,210.82,Sengajan (Panbari) Terminal,23.91,FCI Depot Jorhat,41.31,GOLAGHAT Toll Plaza,2.18
Raāngājāngaon,GOLAGHAT,313.0,12104727954,village,129,0.47,Belghoria Expressway,688.63,Golaghat,4.97,Khongsang,185.8,Kolkata Port (Syama Prasad Mookerjee Port) incl. Haldia Dock Complex,701.24,ICD Amingaon,221.33,Darranga ICP,177.22,Lokpriya Gopinath Bordoloi International Airport (GAU),231.94,MMLP Silchar,212.88,Sengajan (Panbari) Terminal,23.46,FCI Depot Jorhat,39.39,GOLAGHAT Toll Plaza,1.25
Kāsomārigaon,CHARAIDEO,704.0,12106423898,village,2,6.22,Belghoria Expressway,808.74,MORAN,5.44,Khongsang,285.8,Kolkata Port (Syama Prasad Mookerjee Port) incl. Haldia Dock Complex,821.33,ICD Amingaon,333.9,Darranga ICP,283.31,Lokpriya Gopinath Bordoloi International Airport (GAU),345.31,MMLP Silchar,326.29,Bogibeel Terminal,35.3,FCI Depot Dibrugarh,38.72,LAKHIMPUR Toll Plaza,106.56
Kāsomārigaon,CHARAIDEO,704.0,12106506183,village,2,7.05,Belghoria Expressway,807.67,MORAN,6.4,Khongsang,284.33,Kolkata Port (Syama Prasad Mookerjee Port) incl. Haldia Dock Complex,820.26,ICD Amingaon,333.27,Darranga ICP,282.82,Lokpriya Gopinath Bordoloi International Airport (GAU),344.66,MMLP Silchar,324.97,Bogibeel Terminal,36.89,FCI Depot Dibrugarh,40.3,LAKHIMPUR Toll Plaza,106.35
Barāhigaon,CHARAIDEO,704.0,12106853765,village,702C,4.02,Belghoria Expressway,808.85,BHOJO,4.74,Khongsang,282.45,Kolkata Port (Syama Prasad Mookerjee Port) incl. Haldia Dock Complex,821.4,ICD Amingaon,336.75,Darranga ICP,286.88,Lokpriya Gopinath Bordoloi International Airport (GAU),348.05,MMLP Silchar,324.46,Bogibeel Terminal,41.36,FCI Depot Dibrugarh,46.1,LAKHIMPUR Toll Plaza,111.58
Sonari,CHARAIDEO,704.0,12106856619,village,702C,0.06,Belghoria Expressway,809.82,BHOJO,4.24,Khongsang,281.65,Kolkata Port (Syama Prasad Mookerjee Port) incl. Haldia Dock Complex,822.34,ICD Amingaon,339.1,Darranga ICP,289.56,Lokpriya Gopinath Bordoloi International Airport (GAU),350.34,MMLP Silchar,324.47,Bogibeel Terminal,44.25,FCI Depot Dibrugarh,49.64,GOLAGHAT Toll Plaza,113.72
Lāklāpathār,TINSUKIA,309.0,12106958017,village,315,0.12,Belghoria Expressway,905.08,Ledo,22.26,Khongsang,366.69,Kolkata Port (Syama Prasad Mookerjee Port) incl. Haldia Dock Complex,917.52,ICD Amingaon,434.48,Moreh ICP,376.65,Lokpriya Gopinath Bordoloi International Airport (GAU),445.9,MMLP Silchar,415.54,Oriumghat (Sadiya) Terminal,53.39,FCI Depot Dibrugarh,98.16,LAKHIMPUR Toll Plaza,205.11
Takoupāni,TINSUKIA,309.0,12106958018,village,315,0.02,Belghoria Expressway,905.91,Ledo,23.09,Khongsang,367.56,Kolkata Port (Syama Prasad Mookerjee Port) incl. Haldia Dock Complex,918.35,ICD Amingaon,435.21,Moreh ICP,377.49,Lokpriya Gopinath Bordoloi International Airport (GAU),446.62,MMLP Silchar,416.4,Oriumghat (Sadiya) Terminal,53.06,FCI Depot Dibrugarh,98.66,LAKHIMPUR Toll Plaza,205.76
Namphāi,TINSUKIA,309.0,12106958019,village,315,0.26,Belghoria Expressway,907.03,Ledo,24.21,Khongsang,368.77,Kolkata Port (Syama Prasad Mookerjee Port) incl. Haldia Dock Complex,919.47,ICD Amingaon,436.14,Moreh ICP,378.71,Lokpriya Gopinath Bordoloi International Airport (GAU),447.57,MMLP Silchar,417.58,Oriumghat (Sadiya) Terminal,52.5,FCI Depot Dibrugarh,99.25,LAKHIMPUR Toll Plaza,206.59
Khāmdu,TINSUKIA,309.0,12106962912,village,315;215,4.34,Belghoria Expressway,906.35,Ledo,24.69,Khongsang,366.02,Kolkata Port (Syama Prasad Mookerjee Port) incl. Haldia Dock Complex,918.76,ICD Amingaon,437.74,Moreh ICP,374.03,Lokpriya Gopinath Bordoloi International Airport (GAU),449.08,MMLP Silchar,415.8,Oriumghat (Sadiya) Terminal,60.43,FCI Depot Dibrugarh,103.68,LAKHIMPUR Toll Plaza,209.25
Wokha Garanga,GOLAGHAT,313.0,12117349934,village,129,10.87,Belghoria Expressway,693.75,OATING,4.42,Khongsang,181.41,Kolkata Port (Syama Prasad Mookerjee Port) incl. Haldia Dock Complex,706.28,ICD Amingaon,232.12,Darranga ICP,189.53,Lokpriya Gopinath Bordoloi International Airport (GAU),242.46,MMLP Silchar,213.02,Sengajan (Panbari) Terminal,37.66,FCI Depot Jorhat,38.65,GOLAGHAT Toll Plaza,12.96
Tippomia,JORHAT,312.0,12118106199,village,702D,18.8,Belghoria Expressway,709.89,CHAKITING,9.03,Khongsang,194.19,Kolkata Port (Syama Prasad Mookerjee Port) incl. Haldia Dock Complex,722.42,ICD Amingaon,246.59,Darranga ICP,202.53,Lokpriya Gopinath Bordoloi International Airport (GAU),257.12,MMLP Silchar,228.19,Neamati Terminal,31.27,FCI Depot Jorhat,26.13,GOLAGHAT Toll Plaza,24.41
Rājābāri,JORHAT,312.0,12118106200,village,702D,19.45,Belghoria Expressway,708.21,CHAKITING,10.11,Khongsang,191.96,Kolkata Port (Syama Prasad Mookerjee Port) incl. Haldia Dock Complex,720.73,ICD Amingaon,245.77,Darranga ICP,202.07,Lokpriya Gopinath Bordoloi International Airport (GAU),256.25,MMLP Silchar,226.13,Neamati Terminal,33.45,FCI Depot Jorhat,28.37,GOLAGHAT Toll Plaza,23.81
Mudalgaon,GOLAGHAT,313.0,12118115894,village,129,10.6,Belghoria Expressway,694.26,FURKATING JN,4.08,Khongsang,182.28,Kolkata Port (Syama Prasad Mookerjee Port) incl. Haldia Dock Complex,706.8,ICD Amingaon,232.19,Darranga ICP,189.43,Lokpriya Gopinath Bordoloi International Airport (GAU),242.56,MMLP Silchar,213.76,Sengajan (Panbari) Terminal,37.14,FCI Depot Jorhat,37.83,GOLAGHAT Toll Plaza,12.45
Phechuāl,GOLAGHAT,313.0,12118115895,village,129,10.94,Belghoria Expressway,694.87,FURKATING JN,4.14,Khongsang,182.82,Kolkata Port (Syama Prasad Mookerjee Port) incl. Haldia Dock Complex,707.41,ICD Amingaon,232.69,Darranga ICP,189.85,Lokpriya Gopinath Bordoloi International Airport (GAU),243.07,MMLP Silchar,214.37,Sengajan (Panbari) Terminal,37.31,FCI Depot Jorhat,37.25,GOLAGHAT Toll Plaza,12.65
Baruāgaon,GOLAGHAT,313.0,12118115896,village,129,10.46,Belghoria Expressway,694.66,FURKATING JN,3.65,Khongsang,182.93,Kolkata Port (Syama Prasad Mookerjee Port) incl. Haldia Dock Complex,707.2,ICD Amingaon,232.3,Darranga ICP,189.41,Lokpriya Gopinath Bordoloi International Airport (GAU),242.68,MMLP Silchar,214.32,Sengajan (Panbari) Terminal,36.82,FCI Depot Jorhat,37.22,GOLAGHAT Toll Plaza,12.16
Baruāgaon,GOLAGHAT,313.0,12118115897,village,129,11.62,Belghoria Expressway,695.04,FURKATING JN,4.91,Khongsang,182.5,Kolkata Port (Syama Prasad Mookerjee Port) incl. Haldia Dock Complex,707.58,ICD Amingaon,233.2,Darranga ICP,190.46,Lokpriya Gopinath Bordoloi International Airport (GAU),243.56,MMLP Silchar,214.28,Sengajan (Panbari) Terminal,38.06,FCI Depot Jorhat,37.47,GOLAGHAT Toll Plaza,13.4
Gohāingaon,JORHAT,312.0,12118121101,village,702D,19.99,Belghoria Expressway,706.85,CHAKITING,11.03,Khongsang,190.28,Kolkata Port (Syama Prasad Mookerjee Port) incl. Haldia Dock Complex,719.37,ICD Amingaon,245.03,Darranga ICP,201.59,Lokpriya Gopinath Bordoloi International Airport (GAU),255.47,MMLP Silchar,224.54,Neamati Terminal,35.05,FCI Depot Jorhat,30.02,GOLAGHAT Toll Plaza,23.35
Barhalla,JORHAT,312.0,12118121102,village,129,20.02,Belghoria Expressway,703.17,KAMARBANDHA ALI,11.29,Khongsang,186.77,Kolkata Port (Syama Prasad Mookerjee Port) incl. Haldia Dock Complex,715.68,ICD Amingaon,242.18,Darranga ICP,199.21,Lokpriya Gopinath Bordoloi International Airport (GAU),252.55,MMLP Silchar,220.77,Neamati Terminal,37.99,FCI Depot Jorhat,33.23,GOLAGHAT Toll Plaza,21.27
Khutākata,GOLAGHAT,313.0,12118121103,village,129,18.43,Belghoria Expressway,699.89,FURKATING JN,11.42,Khongsang,183.54,Kolkata Port (Syama Prasad Mookerjee Port) incl. Haldia Dock Complex,712.4,ICD Amingaon,239.77,Darranga ICP,197.26,Lokpriya Gopinath Bordoloi International Airport (GAU),250.08,MMLP Silchar,217.36,Neamati Terminal,40.87,FCI Depot Jorhat,36.31,GOLAGHAT Toll Plaza,20.02
Nagaon,GOLAGHAT,313.0,12118121104,village,129,17.22,Belghoria Expressway,699.04,FURKATING JN,10.22,Khongsang,183.36,Kolkata Port (Syama Prasad Mookerjee Port) incl. Haldia Dock Complex,711.55,ICD Amingaon,238.61,Darranga ICP,196.05,Lokpriya Gopinath Bordoloi International Airport (GAU),248.93,MMLP Silchar,216.82,Neamati Terminal,40.82,FCI Depot Jorhat,36.41,GOLAGHAT Toll Plaza,18.82
Rupkalia,GOLAGHAT,313.0,12118121105,village,129,14.0,Belghoria Expressway,695.91,FURKATING JN,7.45,Khongsang,181.75,Kolkata Port (Syama Prasad Mookerjee Port) incl. Haldia Dock Complex,708.43,ICD Amingaon,235.12,Darranga ICP,192.65,Lokpriya Gopinath Bordoloi International Airport (GAU),245.43,MMLP Silchar,214.33,Sengajan (Panbari) Terminal,40.6,FCI Depot Jorhat,38.01,GOLAGHAT Toll Plaza,15.93
2Rahan Pathār No.2,CHARAIDEO,704.0,12118201332,village,215,0.39,Belghoria Expressway,825.69,SAPEKHATI,3.23,Khongsang,297.36,Kolkata Port (Syama Prasad Mookerjee Port) incl. Haldia Dock Complex,838.22,ICD Amingaon,353.21,Darranga ICP,302.93,Lokpriya Gopinath Bordoloi International Airport (GAU),364.56,MMLP Silchar,340.56,Bogibeel Terminal,34.97,FCI Depot Dibrugarh,43.19,LAKHIMPUR Toll Plaza,126.34
Rahan Pathār No.1,CHARAIDEO,704.0,12118201333,village,215,1.56,Belghoria Expressway,824.25,SAPEKHATI,3.93,Khongsang,296.08,Kolkata Port (Syama Prasad Mookerjee Port) incl. Haldia Dock Complex,836.79,ICD Amingaon,351.81,Darranga ICP,301.56,Lokpriya Gopinath Bordoloi International Airport (GAU),363.16,MMLP Silchar,339.19,Bogibeel Terminal,35.24,FCI Depot Dibrugarh,43.19,LAKHIMPUR Toll Plaza,125.07
Timānbārtani,CHARAIDEO,704.0,12118201334,village,215,3.84,Belghoria Expressway,821.88,LONGPATIA,3.67,Khongsang,293.96,Kolkata Port (Syama Prasad Mookerjee Port) incl. Haldia Dock Complex,834.42,ICD Amingaon,349.5,Darranga ICP,299.31,Lokpriya Gopinath Bordoloi International Airport (GAU),360.84,MMLP Silchar,336.91,Bogibeel Terminal,35.86,FCI Depot Dibrugarh,43.33,LAKHIMPUR Toll Plaza,122.98
Chechasatra,CHARAIDEO,704.0,12118201335,village,215,4.42,Belghoria Expressway,821.3,LONGPATIA,3.33,Khongsang,293.44,Kolkata Port (Syama Prasad Mookerjee Port) incl. Haldia Dock Complex,833.84,ICD Amingaon,348.93,Darranga ICP,298.75,Lokpriya Gopinath Bordoloi International Airport (GAU),360.26,MMLP Silchar,336.35,Bogibeel Terminal,36.01,FCI Depot Dibrugarh,43.36,LAKHIMPUR Toll Plaza,122.45
Miri Pathār,CHARAIDEO,704.0,12118201336,village,215,5.78,Belghoria Expressway,819.85,LONGPATIA,2.32,Khongsang,291.95,Kolkata Port (Syama Prasad Mookerjee Port) incl. Haldia Dock Complex,832.39,ICD Amingaon,347.68,Darranga ICP,297.58,Lokpriya Gopinath Bordoloi International Airport (GAU),359.01,MMLP Silchar,334.85,Bogibeel Terminal,36.94,FCI Depot Dibrugarh,44.02,LAKHIMPUR Toll Plaza,121.47
Longpatiya,CHARAIDEO,704.0,12118201337,village,702,3.63,Belghoria Expressway,819.09,LONGPATIA,0.23,Khongsang,290.45,Kolkata Port (Syama Prasad Mookerjee Port) incl. Haldia Dock Complex,831.62,ICD Amingaon,347.65,Darranga ICP,297.74,Lokpriya Gopinath Bordoloi International Airport (GAU),358.94,MMLP Silchar,333.67,Bogibeel Terminal,39.18,FCI Depot Dibrugarh,46.25,LAKHIMPUR Toll Plaza,122.05
Banhabārigaon,CHARAIDEO,704.0,12118201338,village,702,5.26,Belghoria Expressway,817.03,LONGPATIA,3.36,Khongsang,289.44,Kolkata Port (Syama Prasad Mookerjee Port) incl. Haldia Dock Complex,829.56,ICD Amingaon,344.93,Darranga ICP,294.9,Lokpriya Gopinath Bordoloi International Airport (GAU),356.24,MMLP Silchar,332.14,Bogibeel Terminal,37.96,FCI Depot Dibrugarh,44.46,LAKHIMPUR Toll Plaza,119.01
Hāthīmuriyā īgaom,CHARAIDEO,704.0,12118201339,village,702,5.18,Belghoria Expressway,816.02,BHOJO,2.84,Khongsang,288.55,Kolkata Port (Syama Prasad Mookerjee Port) incl. Haldia Dock Complex,828.56,ICD Amingaon,343.95,Darranga ICP,293.94,Lokpriya Gopinath Bordoloi International Airport (GAU),355.26,MMLP Silchar,331.18,Bogibeel Terminal,38.37,FCI Depot Dibrugarh,44.66,LAKHIMPUR Toll Plaza,118.13
Sāpekhāti,CHARAIDEO,704.0,12118201348,village,215,0.07,Belghoria Expressway,825.89,SAPEKHATI,0.79,Khongsang,296.17,Kolkata Port (Syama Prasad Mookerjee Port) incl. Haldia Dock Complex,838.41,ICD Amingaon,354.59,Darranga ICP,304.6,Lokpriya Gopinath Bordoloi International Airport (GAU),365.89,MMLP Silchar,340.0,Bogibeel Terminal,38.52,FCI Depot Dibrugarh,46.88,LAKHIMPUR Toll Plaza,128.56
Bhojogaon,CHARAIDEO,704.0,12118201349,village,702,4.78,Belghoria Expressway,815.31,BHOJO,2.08,Khongsang,287.76,Kolkata Port (Syama Prasad Mookerjee Port) incl. Haldia Dock Complex,827.84,ICD Amingaon,343.38,Darranga ICP,293.42,Lokpriya Gopinath Bordoloi International Airport (GAU),354.68,MMLP Silchar,330.41,Bogibeel Terminal,39.01,FCI Depot Dibrugarh,45.18,LAKHIMPUR Toll Plaza,117.74
Bhojogaon,CHARAIDEO,704.0,12118201350,village,702,4.16,Belghoria Expressway,814.17,BHOJO,0.94,Khongsang,286.65,Kolkata Port (Syama Prasad Mookerjee Port) incl. Haldia Dock Complex,826.71,ICD Amingaon,342.36,Darranga ICP,292.45,Lokpriya Gopinath Bordoloi International Airport (GAU),353.65,MMLP Silchar,329.27,Bogibeel Terminal,39.72,FCI Depot Dibrugarh,45.69,LAKHIMPUR Toll Plaza,116.91
Bhojo,CHARAIDEO,704.0,12118201351,village,702,3.8,Belghoria Expressway,812.67,BHOJO,0.64,Khongsang,285.37,Kolkata Port (Syama Prasad Mookerjee Port) incl. Haldia Dock Complex,825.21,ICD Amingaon,340.86,Darranga ICP,290.98,Lokpriya Gopinath Bordoloi International Airport (GAU),352.15,MMLP Silchar,327.86,Bogibeel Terminal,40.32,FCI Depot Dibrugarh,45.96,LAKHIMPUR Toll Plaza,115.55
Dillighāt,DIBRUGARH,310.0,12122704335,village,315A,5.02,Belghoria Expressway,845.02,NAMRUP,8.05,Khongsang,311.3,Kolkata Port (Syama Prasad Mookerjee Port) incl. Haldia Dock Complex,857.49,ICD Amingaon,375.28,Darranga ICP,325.34,Lokpriya Gopinath Bordoloi International Airport (GAU),386.56,MMLP Silchar,357.27,Bogibeel Terminal,46.72,FCI Depot Dibrugarh,57.23,LAKHIMPUR Toll Plaza,148.98
Nāmrup,DIBRUGARH,310.0,12122742221,village,315A,9.15,Belghoria Expressway,844.12,NAMRUP,0.25,Khongsang,313.09,Kolkata Port (Syama Prasad Mookerjee Port) incl. Haldia Dock Complex,856.63,ICD Amingaon,372.0,Darranga ICP,321.5,Lokpriya Gopinath Bordoloi International Airport (GAU),383.37,MMLP Silchar,357.81,Bogibeel Terminal,38.95,FCI Depot Dibrugarh,49.53,LAKHIMPUR Toll Plaza,144.22
Nārempathār,CHARAIDEO,704.0,12122742222,village,315A,10.41,Belghoria Expressway,842.98,NAMRUP,1.53,Khongsang,311.69,Kolkata Port (Syama Prasad Mookerjee Port) incl. Haldia Dock Complex,855.49,ICD Amingaon,371.22,Darranga ICP,320.82,Lokpriya Gopinath Bordoloi International Airport (GAU),382.57,MMLP Silchar,356.52,Bogibeel Terminal,39.63,FCI Depot Dibrugarh,50.11,LAKHIMPUR Toll Plaza,143.72
Nārempathār,CHARAIDEO,704.0,12122742223,village,315A,10.64,Belghoria Expressway,842.45,NAMRUP,1.53,Khongsang,311.56,Kolkata Port (Syama Prasad Mookerjee Port) incl. Haldia Dock Complex,854.96,ICD Amingaon,370.38,Darranga ICP,319.91,Lokpriya Gopinath Bordoloi International Airport (GAU),381.74,MMLP Silchar,356.19,Bogibeel Terminal,38.47,FCI Depot Dibrugarh,48.94,LAKHIMPUR Toll Plaza,142.72
Ghilāguri,CHARAIDEO,704.0,12122742224,village,215,11.89,Belghoria Expressway,838.52,BORHAT,2.94,Khongsang,308.62,Kolkata Port (Syama Prasad Mookerjee Port) incl. Haldia Dock Complex,851.04,ICD Amingaon,365.99,Darranga ICP,315.48,Lokpriya Gopinath Bordoloi International Airport (GAU),377.37,MMLP Silchar,352.74,Bogibeel Terminal,35.8,FCI Depot Dibrugarh,45.95,LAKHIMPUR Toll Plaza,138.27
Khariyābhetāgoan,CHARAIDEO,704.0,12122742225,village,215,7.41,Belghoria Expressway,833.9,BARUANAGAR,2.27,Khongsang,304.28,Kolkata Port (Syama Prasad Mookerjee Port) incl. Haldia Dock Complex,846.42,ICD Amingaon,361.61,Darranga ICP,311.24,Lokpriya Gopinath Bordoloi International Airport (GAU),372.97,MMLP Silchar,348.2,Bogibeel Terminal,35.68,FCI Depot Dibrugarh,45.26,LAKHIMPUR Toll Plaza,134.33
Santipu,DIBRUGARH,310.0,12122765792,village,315A,10.93,Belghoria Expressway,841.01,BORHAT,3.35,Khongsang,310.9,Kolkata Port (Syama Prasad Mookerjee Port) incl. Haldia Dock Complex,853.53,ICD Amingaon,368.4,Darranga ICP,317.83,Lokpriya Gopinath Bordoloi International Airport (GAU),379.79,MMLP Silchar,355.16,Bogibeel Terminal,36.28,FCI Depot Dibrugarh,46.66,LAKHIMPUR Toll Plaza,140.49
Sapekhati Chāriali,CHARAIDEO,704.0,12122765793,village,215,0.04,Belghoria Expressway,825.91,SAPEKHATI,3.44,Khongsang,295.16,Kolkata Port (Syama Prasad Mookerjee Port) incl. Haldia Dock Complex,838.41,ICD Amingaon,355.52,Darranga ICP,305.76,Lokpriya Gopinath Bordoloi International Airport (GAU),366.78,MMLP Silchar,339.46,Bogibeel Terminal,41.27,FCI Depot Dibrugarh,49.7,LAKHIMPUR Toll Plaza,130.16
Namrup,DIBRUGARH,310.0,12122765794,village,315A,6.06,Belghoria Expressway,847.25,NAMRUP,4.21,Khongsang,315.2,Kolkata Port (Syama Prasad Mookerjee Port) incl. Haldia Dock Complex,859.76,ICD Amingaon,375.73,Darranga ICP,325.32,Lokpriya Gopinath Bordoloi International Airport (GAU),387.08,MMLP Silchar,360.44,Bogibeel Terminal,42.13,FCI Depot Dibrugarh,52.86,LAKHIMPUR Toll Plaza,148.15
Sāpekhāti,CHARAIDEO,704.0,12122771518,village,215,0.08,Belghoria Expressway,826.38,SAPEKHATI,0.42,Khongsang,296.99,Kolkata Port (Syama Prasad Mookerjee Port) incl. Haldia Dock Complex,838.9,ICD Amingaon,354.73,Darranga ICP,304.65,Lokpriya Gopinath Bordoloi International Airport (GAU),366.05,MMLP Silchar,340.68,Bogibeel Terminal,37.44,FCI Depot Dibrugarh,45.86,LAKHIMPUR Toll Plaza,128.41
Titlāgarh,CHARAIDEO,704.0,12122771519,village,315A,10.21,Belghoria Expressway,841.94,BORHAT,4.03,Khongsang,309.82,Kolkata Port (Syama Prasad Mookerjee Port) incl. Haldia Dock Complex,854.44,ICD Amingaon,371.03,Darranga ICP,320.86,Lokpriya Gopinath Bordoloi International Airport (GAU),382.35,MMLP Silchar,355.01,Bogibeel Terminal,41.97,FCI Depot Dibrugarh,52.33,LAKHIMPUR Toll Plaza,144.15
Barhat Bagisa,CHARAIDEO,704.0,12128136231,village,315A,10.0,Belghoria Expressway,841.86,BORHAT,4.2,Khongsang,309.64,Kolkata Port (Syama Prasad Mookerjee Port) incl. Haldia Dock Complex,854.35,ICD Amingaon,371.05,Darranga ICP,320.91,Lokpriya Gopinath Bordoloi International Airport (GAU),382.36,MMLP Silchar,354.87,Bogibeel Terminal,42.26,FCI Depot Dibrugarh,52.61,LAKHIMPUR Toll Plaza,144.24
Sāpekhāti,CHARAIDEO,704.0,12128136233,village,215,0.09,Belghoria Expressway,825.99,SAPEKHATI,3.74,Khongsang,295.12,Kolkata Port (Syama Prasad Mookerjee Port) incl. Haldia Dock Complex,838.48,ICD Amingaon,355.69,Darranga ICP,305.96,Lokpriya Gopinath Bordoloi International Airport (GAU),366.96,MMLP Silchar,339.47,Bogibeel Terminal,41.56,FCI Depot Dibrugarh,50.01,GOLAGHAT Toll Plaza,130.38
Parbatpur,DIBRUGARH,310.0,12128194967,village,315A,5.87,Belghoria Expressway,847.58,NAMRUP,5.18,Khongsang,315.14,Kolkata Port (Syama Prasad Mookerjee Port) incl. Haldia Dock Complex,860.08,ICD Amingaon,376.37,Darranga ICP,326.04,Lokpriya Gopinath Bordoloi International Airport (GAU),387.71,MMLP Silchar,360.56,Bogibeel Terminal,43.27,FCI Depot Dibrugarh,53.99,LAKHIMPUR Toll Plaza,148.97
Donangiaon,DIBRUGARH,310.0,12128194968,village,315A,6.75,Belghoria Expressway,846.59,NAMRUP,3.27,Khongsang,314.8,Kolkata Port (Syama Prasad Mookerjee Port) incl. Haldia Dock Complex,859.09,ICD Amingaon,374.89,Darranga ICP,324.45,Lokpriya Gopinath Bordoloi International Airport (GAU),386.25,MMLP Silchar,359.91,Bogibeel Terminal,41.3,FCI Depot Dibrugarh,52.0,LAKHIMPUR Toll Plaza,147.23
Kherbartāni,DIBRUGARH,310.0,12128194971,village,215,9.54,Belghoria Expressway,836.55,BARUANAGAR,5.42,Khongsang,307.74,Kolkata Port (Syama Prasad Mookerjee Port) incl. Haldia Dock Complex,849.09,ICD Amingaon,363.3,Darranga ICP,312.64,Lokpriya Gopinath Bordoloi International Airport (GAU),374.7,MMLP Silchar,351.35,Bogibeel Terminal,33.0,FCI Depot Dibrugarh,42.96,LAKHIMPUR Toll Plaza,135.23
Godhāchalong,DIBRUGARH,310.0,12128194972,village,215,11.29,Belghoria Expressway,838.27,BORHAT,5.21,Khongsang,309.2,Kolkata Port (Syama Prasad Mookerjee Port) incl. Haldia Dock Complex,850.81,ICD Amingaon,365.07,Darranga ICP,314.39,Lokpriya Gopinath Bordoloi International Airport (GAU),376.47,MMLP Silchar,352.95,Bogibeel Terminal,33.54,FCI Depot Dibrugarh,43.69,LAKHIMPUR Toll Plaza,136.92
Shil Grant,DIBRUGARH,310.0,12128194973,village,215,10.92,Belghoria Expressway,837.86,BORHAT,4.91,Khongsang,308.67,Kolkata Port (Syama Prasad Mookerjee Port) incl. Haldia Dock Complex,850.4,ICD Amingaon,364.8,Darranga ICP,314.16,Lokpriya Gopinath Bordoloi International Airport (GAU),376.19,MMLP Silchar,352.47,Bogibeel Terminal,33.89,FCI Depot Dibrugarh,43.99,LAKHIMPUR Toll Plaza,136.76
Bartāni,DIBRUGARH,310.0,12128194974,village,215,10.68,Belghoria Expressway,837.68,BORHAT,5.55,Khongsang,308.72,Kolkata Port (Syama Prasad Mookerjee Port) incl. Haldia Dock Complex,850.21,ICD Amingaon,364.43,Darranga ICP,313.75,Lokpriya Gopinath Bordoloi International Airport (GAU),375.83,MMLP Silchar,352.41,Bogibeel Terminal,33.26,FCI Depot Dibrugarh,43.35,LAKHIMPUR Toll Plaza,136.29
Mamorāli,DIBRUGARH,310.0,12128194975,village,315A,11.73,Belghoria Expressway,839.58,BORHAT,3.59,Khongsang,309.85,Kolkata Port (Syama Prasad Mookerjee Port) incl. Haldia Dock Complex,852.11,ICD Amingaon,366.79,Darranga ICP,316.2,Lokpriya Gopinath Bordoloi International Airport (GAU),378.18,MMLP Silchar,353.92,Bogibeel Terminal,35.26,FCI Depot Dibrugarh,45.52,LAKHIMPUR Toll Plaza,138.84
Mamorāli,DIBRUGARH,310.0,12128194976,village,315A,11.95,Belghoria Expressway,839.04,BORHAT,4.17,Khongsang,309.56,Kolkata Port (Syama Prasad Mookerjee Port) incl. Haldia Dock Complex,851.57,ICD Amingaon,366.09,Darranga ICP,315.47,Lokpriya Gopinath Bordoloi International Airport (GAU),377.48,MMLP Silchar,353.51,Bogibeel Terminal,34.58,FCI Depot Dibrugarh,44.8,LAKHIMPUR Toll Plaza,138.07
Palongdhepa,DIBRUGARH,310.0,12128194977,village,315A,8.95,Belghoria Expressway,843.55,NAMRUP,1.35,Khongsang,313.07,Kolkata Port (Syama Prasad Mookerjee Port) incl. Haldia Dock Complex,856.07,ICD Amingaon,371.0,Darranga ICP,320.41,Lokpriya Gopinath Bordoloi International Airport (GAU),382.39,MMLP Silchar,357.54,Bogibeel Terminal,37.37,FCI Depot Dibrugarh,47.94,LAKHIMPUR Toll Plaza,142.99
Barhela,DIBRUGARH,310.0,12128194978,village,315A,9.99,Belghoria Expressway,841.86,NAMRUP,3.09,Khongsang,311.83,Kolkata Port (Syama Prasad Mookerjee Port) incl. Haldia Dock Complex,854.39,ICD Amingaon,369.1,Darranga ICP,318.47,Lokpriya Gopinath Bordoloi International Airport (GAU),380.49,MMLP Silchar,356.07,Bogibeel Terminal,36.05,FCI Depot Dibrugarh,46.52,LAKHIMPUR Toll Plaza,141.04
Barhela,DIBRUGARH,310.0,12128194979,village,315A,10.88,Belghoria Expressway,840.61,BORHAT,3.78,Khongsang,310.78,Kolkata Port (Syama Prasad Mookerjee Port) incl. Haldia Dock Complex,853.14,ICD Amingaon,367.81,Darranga ICP,317.19,Lokpriya Gopinath Bordoloi International Airport (GAU),379.2,MMLP Silchar,354.91,Bogibeel Terminal,35.51,FCI Depot Dibrugarh,45.87,LAKHIMPUR Toll Plaza,139.79
Bortony No 2,DIBRUGARH,310.0,12128194980,village,315A,11.36,Belghoria Expressway,839.54,BORHAT,4.51,Khongsang,310.14,Kolkata Port (Syama Prasad Mookerjee Port) incl. Haldia Dock Complex,852.07,ICD Amingaon,366.47,Darranga ICP,315.81,Lokpriya Gopinath Bordoloi International Airport (GAU),377.87,MMLP Silchar,354.06,Bogibeel Terminal,34.33,FCI Depot Dibrugarh,44.61,LAKHIMPUR Toll Plaza,138.35
Kābola,DIBRUGARH,310.0,12128194981,village,215,9.19,Belghoria Expressway,836.1,BARUANAGAR,4.33,Khongsang,306.96,Kolkata Port (Syama Prasad Mookerjee Port) incl. Haldia Dock Complex,848.63,ICD Amingaon,363.17,Darranga ICP,312.6,Lokpriya Gopinath Bordoloi International Airport (GAU),374.56,MMLP Silchar,350.7,Bogibeel Terminal,33.97,FCI Depot Dibrugarh,43.86,LAKHIMPUR Toll Plaza,135.33
Chrni,DIBRUGARH,310.0,12128194982,village,215,7.28,Belghoria Expressway,834.26,BARUANAGAR,4.6,Khongsang,305.48,Kolkata Port (Syama Prasad Mookerjee Port) incl. Haldia Dock Complex,846.79,ICD Amingaon,361.22,Darranga ICP,310.65,Lokpriya Gopinath Bordoloi International Airport (GAU),372.61,MMLP Silchar,349.03,Bogibeel Terminal,33.31,FCI Depot Dibrugarh,42.95,LAKHIMPUR Toll Plaza,133.42
Shimulguri,DIBRUGARH,310.0,12128194983,village,215,6.19,Belghoria Expressway,833.2,BARUANAGAR,5.15,Khongsang,304.65,Kolkata Port (Syama Prasad Mookerjee Port) incl. Haldia Dock Complex,845.73,ICD Amingaon,360.08,Darranga ICP,309.51,Lokpriya Gopinath Bordoloi International Airport (GAU),371.47,MMLP Silchar,348.08,Bogibeel Terminal,32.91,FCI Depot Dibrugarh,42.41,LAKHIMPUR Toll Plaza,132.28
Māhamara Alikinār,DIBRUGARH,310.0,12128194984,village,215,6.2,Belghoria Expressway,833.15,BARUANAGAR,4.59,Khongsang,304.38,Kolkata Port (Syama Prasad Mookerjee Port) incl. Haldia Dock Complex,845.68,ICD Amingaon,360.22,Darranga ICP,309.69,Lokpriya Gopinath Bordoloi International Airport (GAU),371.6,MMLP Silchar,347.91,Bogibeel Terminal,33.51,FCI Depot Dibrugarh,42.99,LAKHIMPUR Toll Plaza,132.55
Got Pathār,DIBRUGARH,310.0,12128194985,village,215,5.72,Belghoria Expressway,832.6,BARUANAGAR,4.37,Khongsang,303.72,Kolkata Port (Syama Prasad Mookerjee Port) incl. Haldia Dock Complex,845.13,ICD Amingaon,359.82,Darranga ICP,309.35,Lokpriya Gopinath Bordoloi International Airport (GAU),371.2,MMLP Silchar,347.29,Bogibeel Terminal,33.96,FCI Depot Dibrugarh,43.36,LAKHIMPUR Toll Plaza,132.29
Kalyānpur,DIBRUGARH,310.0,12128194986,village,215,4.59,Belghoria Expressway,831.56,BARUANAGAR,5.43,Khongsang,303.0,Kolkata Port (Syama Prasad Mookerjee Port) incl. Haldia Dock Complex,844.1,ICD Amingaon,358.64,Darranga ICP,308.14,Lokpriya Gopinath Bordoloi International Airport (GAU),370.01,MMLP Silchar,346.41,Bogibeel Terminal,33.39,FCI Depot Dibrugarh,42.63,LAKHIMPUR Toll Plaza,131.06
Chapātali,DIBRUGARH,310.0,12128194987,village,215,3.49,Belghoria Expressway,830.21,SAPEKHATI,4.74,Khongsang,301.45,Kolkata Port (Syama Prasad Mookerjee Port) incl. Haldia Dock Complex,842.74,ICD Amingaon,357.6,Darranga ICP,307.21,Lokpriya Gopinath Bordoloi International Airport (GAU),368.96,MMLP Silchar,344.92,Bogibeel Terminal,34.35,FCI Depot Dibrugarh,43.37,LAKHIMPUR Toll Plaza,130.33
Chapātali,DIBRUGARH,310.0,12128194988,village,215,3.08,Belghoria Expressway,829.93,SAPEKHATI,4.79,Khongsang,301.34,Kolkata Port (Syama Prasad Mookerjee Port) incl. Haldia Dock Complex,842.47,ICD Amingaon,357.21,Darranga ICP,306.79,Lokpriya Gopinath Bordoloi International Airport (GAU),368.58,MMLP Silchar,344.74,Bogibeel Terminal,33.98,FCI Depot Dibrugarh,42.96,LAKHIMPUR Toll Plaza,129.88
Bagādād,DIBRUGARH,310.0,12128194989,village,215,1.5,Belghoria Expressway,828.18,SAPEKHATI,3.7,Khongsang,299.71,Kolkata Port (Syama Prasad Mookerjee Port) incl. Haldia Dock Complex,840.71,ICD Amingaon,355.54,Darranga ICP,305.17,Lokpriya Gopinath Bordoloi International Airport (GAU),366.9,MMLP Silchar,343.02,Bogibeel Terminal,34.28,FCI Depot Dibrugarh,42.95,LAKHIMPUR Toll Plaza,128.38
Gariāgaon,JORHAT,312.0,12128302302,village,715,4.44,Belghoria Expressway,721.51,Cinnamara,2.11,Khongsang,213.01,Kolkata Port (Syama Prasad Mookerjee Port) incl. Haldia Dock Complex,734.13,ICD Amingaon,250.08,Darranga ICP,202.92,Lokpriya Gopinath Bordoloi International Airport (GAU),261.07,MMLP Silchar,244.37,Neamati Terminal,11.3,FCI Depot Jorhat,6.83,GOLAGHAT Toll Plaza,24.49
Charāibāhi,JORHAT,312.0,12128302303,village,715,5.88,Belghoria Expressway,719.04,Bhalukmara,1.65,Khongsang,210.39,Kolkata Port (Syama Prasad Mookerjee Port) incl. Haldia Dock Complex,731.66,ICD Amingaon,248.26,Darranga ICP,201.41,Lokpriya Gopinath Bordoloi International Airport (GAU),259.21,MMLP Silchar,241.7,Neamati Terminal,13.65,FCI Depot Jorhat,9.51,GOLAGHAT Toll Plaza,23.05
Dhalājān,JORHAT,312.0,12128302304,village,715,6.2,Belghoria Expressway,717.47,Bhalukmara,2.02,Khongsang,209.16,Kolkata Port (Syama Prasad Mookerjee Port) incl. Haldia Dock Complex,730.08,ICD Amingaon,246.79,Darranga ICP,200.04,Lokpriya Gopinath Bordoloi International Airport (GAU),257.72,MMLP Silchar,240.24,Neamati Terminal,14.67,FCI Depot Jorhat,10.93,GOLAGHAT Toll Plaza,21.76
Chengeli Chetia,JORHAT,312.0,12128302305,village,715,7.67,Belghoria Expressway,713.4,Moabund,4.6,Khongsang,205.77,Kolkata Port (Syama Prasad Mookerjee Port) incl. Haldia Dock Complex,726.02,ICD Amingaon,243.17,Darranga ICP,196.74,Lokpriya Gopinath Bordoloi International Airport (GAU),254.06,MMLP Silchar,236.36,Neamati Terminal,17.91,FCI Depot Jorhat,14.86,GOLAGHAT Toll Plaza,18.92
Jakāi Chuk,JORHAT,312.0,12128302306,village,715,9.36,Belghoria Expressway,712.74,Moabund,6.0,Khongsang,204.31,Kolkata Port (Syama Prasad Mookerjee Port) incl. Haldia Dock Complex,725.35,ICD Amingaon,243.24,Darranga ICP,197.07,Lokpriya Gopinath Bordoloi International Airport (GAU),254.09,MMLP Silchar,235.21,Neamati Terminal,19.38,FCI Depot Jorhat,15.97,GOLAGHAT Toll Plaza,19.7
Chungi,JORHAT,312.0,12128302307,village,715,9.9,Belghoria Expressway,710.85,Moabund,5.41,Khongsang,203.18,Kolkata Port (Syama Prasad Mookerjee Port) incl. Haldia Dock Complex,723.47,ICD Amingaon,241.24,Darranga ICP,195.13,Lokpriya Gopinath Bordoloi International Airport (GAU),252.09,MMLP Silchar,233.65,Neamati Terminal,20.51,FCI Depot Jorhat,17.55,GOLAGHAT Toll Plaza,18.04
Barbām Chungi,JORHAT,312.0,12128302308,village,715,10.38,Belghoria Expressway,711.02,Moabund,6.13,Khongsang,202.86,Kolkata Port (Syama Prasad Mookerjee Port) incl. Haldia Dock Complex,723.63,ICD Amingaon,241.71,Darranga ICP,195.7,Lokpriya Gopinath Bordoloi International Airport (GAU),252.55,MMLP Silchar,233.55,Neamati Terminal,20.81,FCI Depot Jorhat,17.62,GOLAGHAT Toll Plaza,18.76
Nām Chungi,JORHAT,312.0,12128302309,village,715,11.08,Belghoria Expressway,709.64,CHAKITING,5.62,Khongsang,201.91,Kolkata Port (Syama Prasad Mookerjee Port) incl. Haldia Dock Complex,722.25,ICD Amingaon,240.35,Darranga ICP,194.41,Lokpriya Gopinath Bordoloi International Airport (GAU),251.18,MMLP Silchar,232.34,Neamati Terminal,21.8,FCI Depot Jorhat,18.86,GOLAGHAT Toll Plaza,17.8
Rowriya,JORHAT,312.0,12128302310,village,715,3.02,Belghoria Expressway,723.15,Cinnamara,0.46,Khongsang,215.21,Kolkata Port (Syama Prasad Mookerjee Port) incl. Haldia Dock Complex,735.78,ICD Amingaon,250.99,Darranga ICP,203.52,Lokpriya Gopinath Bordoloi International Airport (GAU),262.02,MMLP Silchar,246.41,Neamati Terminal,9.16,FCI Depot Jorhat,4.77,GOLAGHAT Toll Plaza,25.2
Kākadānga,GOLAGHAT,313.0,12128302311,village,715,11.92,Belghoria Expressway,708.59,CHAKITING,5.09,Khongsang,200.99,Kolkata Port (Syama Prasad Mookerjee Port) incl. Haldia Dock Complex,721.2,ICD Amingaon,239.46,Darranga ICP,193.62,Lokpriya Gopinath Bordoloi International Airport (GAU),250.28,MMLP Silchar,231.31,Neamati Terminal,22.76,FCI Depot Jorhat,19.9,GOLAGHAT Toll Plaza,17.41
Āthābārigaon,GOLAGHAT,313.0,12128302312,village,129,15.41,Belghoria Expressway,704.58,CHAKITING,3.98,Khongsang,196.75,Kolkata Port (Syama Prasad Mookerjee Port) incl. Haldia Dock Complex,717.18,ICD Amingaon,236.6,Darranga ICP,191.35,Lokpriya Gopinath Bordoloi International Airport (GAU),247.34,MMLP Silchar,226.95,Neamati Terminal,27.09,FCI Depot Jorhat,24.24,GOLAGHAT Toll Plaza,15.61
Nāgābāt,JORHAT,312.0,12128330703,village,702D,22.13,Belghoria Expressway,699.5,OATING,16.64,Khongsang,179.41,Kolkata Port (Syama Prasad Mookerjee Port) incl. Haldia Dock Complex,711.96,ICD Amingaon,242.64,Darranga ICP,201.15,Lokpriya Gopinath Bordoloi International Airport (GAU),252.79,MMLP Silchar,215.01,Neamati Terminal,46.23,FCI Depot Jorhat,41.23,GOLAGHAT Toll Plaza,25.59
Barhalla,JORHAT,312.0,12128330704,village,129,19.83,Belghoria Expressway,702.87,KAMARBANDHA ALI,11.31,Khongsang,186.49,Kolkata Port (Syama Prasad Mookerjee Port) incl. Haldia Dock Complex,715.37,ICD Amingaon,241.94,Darranga ICP,199.01,Lokpriya Gopinath Bordoloi International Airport (GAU),252.31,MMLP Silchar,220.47,Neamati Terminal,38.22,FCI Depot Jorhat,33.48,GOLAGHAT Toll Plaza,21.1
Dimaugaon,SIBSAGAR,311.0,12133523575,village,2,0.14,Belghoria Expressway,794.0,KHARAHAT,6.32,Khongsang,277.76,Kolkata Port (Syama Prasad Mookerjee Port) incl. Haldia Dock Complex,806.65,ICD Amingaon,316.13,Darranga ICP,264.99,Lokpriya Gopinath Bordoloi International Airport (GAU),327.63,MMLP Silchar,315.05,Dibrugarh Terminal,41.18,FCI Depot Dibrugarh,41.18,LAKHIMPUR Toll Plaza,87.6
Chunpura Gohāigaon,SIBSAGAR,311.0,12133558574,village,702C,0.13,Belghoria Expressway,781.64,SIMALUGURI JN,3.93,Khongsang,259.65,Kolkata Port (Syama Prasad Mookerjee Port) incl. Haldia Dock Complex,794.21,ICD Amingaon,309.62,Darranga ICP,260.37,Lokpriya Gopinath Bordoloi International Airport (GAU),320.85,MMLP Silchar,299.05,Neamati Terminal,57.14,FCI Depot Jorhat,55.49,GOLAGHAT Toll Plaza,84.23
Khowāng,DIBRUGARH,310.0,12134441623,village,2,1.4,Belghoria Expressway,815.56,KHOWANG,2.54,Khongsang,298.94,Kolkata Port (Syama Prasad Mookerjee Port) incl. Haldia Dock Complex,828.23,ICD Amingaon,335.47,Darranga ICP,283.38,Lokpriya Gopinath Bordoloi International Airport (GAU),347.1,MMLP Silchar,336.95,Bogibeel Terminal,21.0,FCI Depot Dibrugarh,21.44,LAKHIMPUR Toll Plaza,104.36
Tipamia,DIBRUGARH,310.0,12135426492,village,215,12.65,Belghoria Expressway,837.24,BARUANAGAR,14.16,Khongsang,311.68,Kolkata Port (Syama Prasad Mookerjee Port) incl. Haldia Dock Complex,849.82,ICD Amingaon,361.29,Darranga ICP,309.94,Lokpriya Gopinath Bordoloi International Airport (GAU),372.79,MMLP Silchar,353.89,Bogibeel Terminal,24.13,FCI Depot Dibrugarh,34.34,LAKHIMPUR Toll Plaza,131.56
Bogaigāon,DIBRUGARH,310.0,12135426493,village,2,8.89,Belghoria Expressway,805.07,Sessa,12.02,Khongsang,290.06,Kolkata Port (Syama Prasad Mookerjee Port) incl. Haldia Dock Complex,817.75,ICD Amingaon,325.07,Darranga ICP,273.16,Lokpriya Gopinath Bordoloi International Airport (GAU),336.68,MMLP Silchar,327.15,Dibrugarh Terminal,28.9,FCI Depot Dibrugarh,28.9,LAKHIMPUR Toll Plaza,94.42
Burhi Khow,DIBRUGARH,310.0,12135426494,village,2,1.99,Belghoria Expressway,819.12,KHOWANG,3.04,Khongsang,301.78,Kolkata Port (Syama Prasad Mookerjee Port) incl. Haldia Dock Complex,831.78,ICD Amingaon,339.13,Darranga ICP,287.01,Lokpriya Gopinath Bordoloi International Airport (GAU),350.76,MMLP Silchar,340.17,Bogibeel Terminal,17.97,FCI Depot Dibrugarh,19.96,LAKHIMPUR Toll Plaza,107.95
Khowāng,DIBRUGARH,310.0,12135426495,village,2,2.59,Belghoria Expressway,814.33,KHOWANG,3.28,Khongsang,298.15,Kolkata Port (Syama Prasad Mookerjee Port) incl. Haldia Dock Complex,827.0,ICD Amingaon,334.08,Darranga ICP,281.96,Lokpriya Gopinath Bordoloi International Airport (GAU),345.71,MMLP Silchar,335.95,Dibrugarh Terminal,21.77,FCI Depot Dibrugarh,21.77,LAKHIMPUR Toll Plaza,102.93
Kāthani,GOLAGHAT,313.0,12135700060,village,715,0.96,Belghoria Expressway,699.9,Rangaliting,3.08,Khongsang,204.79,Kolkata Port (Syama Prasad Mookerjee Port) incl. Haldia Dock Complex,712.61,ICD Amingaon,224.52,Darranga ICP,177.0,Lokpriya Gopinath Bordoloi International Airport (GAU),235.62,MMLP Silchar,229.44,Sengajan (Panbari) Terminal,20.19,FCI Depot Jorhat,30.15,GOLAGHAT Toll Plaza,1.55
Domgaon,GOLAGHAT,313.0,12135700061,village,715,0.86,Belghoria Expressway,699.54,Rangaliting,3.03,Khongsang,204.52,Kolkata Port (Syama Prasad Mookerjee Port) incl. Haldia Dock Complex,712.25,ICD Amingaon,224.2,Darranga ICP,176.7,Lokpriya Gopinath Bordoloi International Airport (GAU),235.29,MMLP Silchar,229.11,Sengajan (Panbari) Terminal,19.85,FCI Depot Jorhat,30.48,GOLAGHAT Toll Plaza,1.77
Bangaon,GOLAGHAT,313.0,12135700062,village,129,10.72,Belghoria Expressway,699.74,Golaghat,8.38,Khongsang,196.03,Kolkata Port (Syama Prasad Mookerjee Port) incl. Haldia Dock Complex,712.37,ICD Amingaon,230.06,Darranga ICP,184.5,Lokpriya Gopinath Bordoloi International Airport (GAU),240.86,MMLP Silchar,224.19,Sengajan (Panbari) Terminal,27.32,FCI Depot Jorhat,28.06,GOLAGHAT Toll Plaza,11.4
Bangaon,GOLAGHAT,313.0,12135700063,village,129,10.32,Belghoria Expressway,699.42,Golaghat,7.65,Khongsang,195.27,Kolkata Port (Syama Prasad Mookerjee Port) incl. Haldia Dock Complex,712.05,ICD Amingaon,230.14,Darranga ICP,184.72,Lokpriya Gopinath Bordoloi International Airport (GAU),240.91,MMLP Silchar,223.6,Sengajan (Panbari) Terminal,27.69,FCI Depot Jorhat,28.45,GOLAGHAT Toll Plaza,10.84
Bangaon,GOLAGHAT,313.0,12135700064,village,129,10.66,Belghoria Expressway,699.94,KAMARBANDHA ALI,6.27,Khongsang,194.5,Kolkata Port (Syama Prasad Mookerjee Port) incl. Haldia Dock Complex,712.56,ICD Amingaon,231.44,Darranga ICP,186.25,Lokpriya Gopinath Bordoloi International Airport (GAU),242.17,MMLP Silchar,223.41,Sengajan (Panbari) Terminal,29.43,FCI Depot Jorhat,28.2,GOLAGHAT Toll Plaza,10.99
Bangaon,GOLAGHAT,313.0,12135700065,village,129,10.01,Belghoria Expressway,699.25,Golaghat,6.94,Khongsang,194.42,Kolkata Port (Syama Prasad Mookerjee Port) incl. Haldia Dock Complex,711.86,ICD Amingaon,230.48,Darranga ICP,185.25,Lokpriya Gopinath Bordoloi International Airport (GAU),241.23,MMLP Silchar,223.02,Sengajan (Panbari) Terminal,28.41,FCI Depot Jorhat,28.77,GOLAGHAT Toll Plaza,10.41
Maliāgaon,GOLAGHAT,313.0,12135700066,village,715,10.39,Belghoria Expressway,701.37,Barua Bamungaon,7.76,Khongsang,198.33,Kolkata Port (Syama Prasad Mookerjee Port) incl. Haldia Dock Complex,714.01,ICD Amingaon,230.82,Darranga ICP,184.87,Lokpriya Gopinath Bordoloi International Airport (GAU),241.67,MMLP Silchar,226.3,Sengajan (Panbari) Terminal,27.4,FCI Depot Jorhat,26.36,GOLAGHAT Toll Plaza,10.58
Kāthkatiāgaon,GOLAGHAT,313.0,12135700067,village,715,9.45,Belghoria Expressway,700.66,Barua Bamungaon,6.86,Khongsang,198.39,Kolkata Port (Syama Prasad Mookerjee Port) incl. Haldia Dock Complex,713.3,ICD Amingaon,229.75,Darranga ICP,183.73,Lokpriya Gopinath Bordoloi International Airport (GAU),240.62,MMLP Silchar,226.0,Sengajan (Panbari) Terminal,26.23,FCI Depot Jorhat,27.07,GOLAGHAT Toll Plaza,9.59
Kāthkatiāgaon,GOLAGHAT,313.0,12135700068,village,715,8.69,Belghoria Expressway,701.09,Barua Bamungaon,6.08,Khongsang,199.19,Kolkata Port (Syama Prasad Mookerjee Port) incl. Haldia Dock Complex,713.74,ICD Amingaon,229.83,Darranga ICP,183.67,Lokpriya Gopinath Bordoloi International Airport (GAU),240.72,MMLP Silchar,226.67,Sengajan (Panbari) Terminal,26.11,FCI Depot Jorhat,26.66,GOLAGHAT Toll Plaza,8.86
Kāthkatiāgaon,GOLAGHAT,313.0,12135700069,village,715,8.44,Belghoria Expressway,701.98,Barua Bamungaon,5.8,Khongsang,200.05,Kolkata Port (Syama Prasad Mookerjee Port) incl. Haldia Dock Complex,714.63,ICD Amingaon,230.52,Darranga ICP,184.24,Lokpriya Gopinath Bordoloi International Airport (GAU),241.42,MMLP Silchar,227.6,Neamati Terminal,26.48,FCI Depot Jorhat,25.79,GOLAGHAT Toll Plaza,8.68
Barua Bāmungaon,GOLAGHAT,313.0,12135700070,village,715,4.8,Belghoria Expressway,705.75,Barua Bamungaon,4.45,Khongsang,205.48,Kolkata Port (Syama Prasad Mookerjee Port) incl. Haldia Dock Complex,718.42,ICD Amingaon,232.28,Darranga ICP,185.14,Lokpriya Gopinath Bordoloi International Airport (GAU),243.3,MMLP Silchar,232.57,Neamati Terminal,22.29,FCI Depot Jorhat,22.68,GOLAGHAT Toll Plaza,6.81
Merapāni,GOLAGHAT,313.0,12135734601,village,129,22.01,Belghoria Expressway,691.08,JAMGURI,16.11,Khongsang,170.4,Kolkata Port (Syama Prasad Mookerjee Port) incl. Haldia Dock Complex,703.52,ICD Amingaon,237.25,Darranga ICP,197.23,Lokpriya Gopinath Bordoloi International Airport (GAU),247.18,MMLP Silchar,205.88,Sengajan (Panbari) Terminal,51.08,FCI Depot Jorhat,49.75,GOLAGHAT Toll Plaza,26.95
Santak,SIBSAGAR,311.0,12144809342,village,702C,6.72,Belghoria Expressway,782.26,SIMALUGURI JN,7.27,Khongsang,255.38,Kolkata Port (Syama Prasad Mookerjee Port) incl. Haldia Dock Complex,794.77,ICD Amingaon,314.19,Darranga ICP,266.0,Lokpriya Gopinath Bordoloi International Airport (GAU),325.25,MMLP Silchar,297.01,Neamati Terminal,62.25,FCI Depot Jorhat,59.54,GOLAGHAT Toll Plaza,88.35
Rajgarh Chariali,SIBSAGAR,311.0,12144941896,village,702C,0.0,Belghoria Expressway,785.17,SIMALUGURI JN,3.29,Khongsang,260.61,Kolkata Port (Syama Prasad Mookerjee Port) incl. Haldia Dock Complex,797.71,ICD Amingaon,314.71,Darranga ICP,265.8,Lokpriya Gopinath Bordoloi International Airport (GAU),325.88,MMLP Silchar,301.25,Bogibeel Terminal,59.6,FCI Depot Jorhat,60.21,GOLAGHAT Toll Plaza,89.05
Chengdharagaon,SIBSAGAR,311.0,12144941897,village,702C,4.18,Belghoria Expressway,782.05,SIMALUGURI JN,4.1,Khongsang,256.53,Kolkata Port (Syama Prasad Mookerjee Port) incl. Haldia Dock Complex,794.58,ICD Amingaon,312.84,Darranga ICP,264.35,Lokpriya Gopinath Bordoloi International Airport (GAU),323.95,MMLP Silchar,297.53,Neamati Terminal,60.62,FCI Depot Jorhat,58.18,GOLAGHAT Toll Plaza,87.03
Gelakey Chariali,SIBSAGAR,311.0,12144952928,village,2,11.37,Belghoria Expressway,770.63,MEZENGA S,9.01,Khongsang,244.95,Kolkata Port (Syama Prasad Mookerjee Port) incl. Haldia Dock Complex,783.13,ICD Amingaon,303.32,Darranga ICP,255.66,Lokpriya Gopinath Bordoloi International Airport (GAU),314.31,MMLP Silchar,285.73,Neamati Terminal,52.19,FCI Depot Jorhat,48.93,GOLAGHAT Toll Plaza,77.56
Hālwāting,SIBSAGAR,311.0,12144953516,village,2,0.23,Belghoria Expressway,758.24,AMGURI,5.59,Khongsang,236.29,Kolkata Port (Syama Prasad Mookerjee Port) incl. Haldia Dock Complex,770.78,ICD Amingaon,289.89,Darranga ICP,242.31,Lokpriya Gopinath Bordoloi International Airport (GAU),300.88,MMLP Silchar,275.0,Neamati Terminal,39.12,FCI Depot Jorhat,35.57,GOLAGHAT Toll Plaza,64.13
Deopāni,SIBSAGAR,311.0,12144953517,village,2,6.7,Belghoria Expressway,765.37,NAMTIALI,7.19,Khongsang,241.05,Kolkata Port (Syama Prasad Mookerjee Port) incl. Haldia Dock Complex,777.89,ICD Amingaon,297.78,Darranga ICP,250.2,Lokpriya Gopinath Bordoloi International Airport (GAU),308.76,MMLP Silchar,281.06,Neamati Terminal,46.86,FCI Depot Jorhat,43.46,GOLAGHAT Toll Plaza,72.04
Deopāni,SIBSAGAR,311.0,12144953518,village,2,8.71,Belghoria Expressway,766.78,NAMTIALI,4.81,Khongsang,243.3,Kolkata Port (Syama Prasad Mookerjee Port) incl. Haldia Dock Complex,779.32,ICD Amingaon,298.25,Darranga ICP,250.37,Lokpriya Gopinath Bordoloi International Airport (GAU),309.28,MMLP Silchar,282.97,Neamati Terminal,46.78,FCI Depot Jorhat,43.69,GOLAGHAT Toll Plaza,72.43
Deopāni,SIBSAGAR,311.0,12144953519,village,2,8.34,Belghoria Expressway,766.54,NAMTIALI,5.6,Khongsang,242.74,Kolkata Port (Syama Prasad Mookerjee Port) incl. Haldia Dock Complex,779.07,ICD Amingaon,298.32,Darranga ICP,250.53,Lokpriya Gopinath Bordoloi International Airport (GAU),309.33,MMLP Silchar,282.54,Neamati Terminal,47.0,FCI Depot Jorhat,43.82,GOLAGHAT Toll Plaza,72.51
Deopāni,SIBSAGAR,311.0,12144953520,village,2,7.34,Belghoria Expressway,765.94,NAMTIALI,6.79,Khongsang,241.69,Kolkata Port (Syama Prasad Mookerjee Port) incl. Haldia Dock Complex,778.46,ICD Amingaon,298.19,Darranga ICP,250.55,Lokpriya Gopinath Bordoloi International Airport (GAU),309.18,MMLP Silchar,281.68,Neamati Terminal,47.15,FCI Depot Jorhat,43.81,GOLAGHAT Toll Plaza,72.43
Athkhel,SIBSAGAR,311.0,12144953521,village,2,9.02,Belghoria Expressway,768.33,NAMTIALI,9.39,Khongsang,242.67,Kolkata Port (Syama Prasad Mookerjee Port) incl. Haldia Dock Complex,780.84,ICD Amingaon,301.38,Darranga ICP,253.9,Lokpriya Gopinath Bordoloi International Airport (GAU),312.35,MMLP Silchar,283.38,Neamati Terminal,50.6,FCI Depot Jorhat,47.15,GOLAGHAT Toll Plaza,75.69
Lāhangaon,SIBSAGAR,311.0,12144953522,village,702C,12.59,Belghoria Expressway,773.26,MEZENGA S,9.59,Khongsang,246.83,Kolkata Port (Syama Prasad Mookerjee Port) incl. Haldia Dock Complex,785.76,ICD Amingaon,306.19,Darranga ICP,258.52,Lokpriya Gopinath Bordoloi International Airport (GAU),317.18,MMLP Silchar,288.02,Neamati Terminal,55.02,FCI Depot Jorhat,51.79,GOLAGHAT Toll Plaza,80.43
Lāhangaon,SIBSAGAR,311.0,12144953523,village,2,13.66,Belghoria Expressway,773.18,MEZENGA S,11.79,Khongsang,245.8,Kolkata Port (Syama Prasad Mookerjee Port) incl. Haldia Dock Complex,785.67,ICD Amingaon,306.95,Darranga ICP,259.52,Lokpriya Gopinath Bordoloi International Airport (GAU),317.9,MMLP Silchar,287.44,Neamati Terminal,56.2,FCI Depot Jorhat,52.78,GOLAGHAT Toll Plaza,81.29
Lāhangaon,SIBSAGAR,311.0,12144953524,village,2,13.49,Belghoria Expressway,773.02,MEZENGA S,10.97,Khongsang,246.01,Kolkata Port (Syama Prasad Mookerjee Port) incl. Haldia Dock Complex,785.51,ICD Amingaon,306.49,Darranga ICP,258.97,Lokpriya Gopinath Bordoloi International Airport (GAU),317.45,MMLP Silchar,287.47,Neamati Terminal,55.58,FCI Depot Jorhat,52.23,GOLAGHAT Toll Plaza,80.79
Nirmoliagaon,SIBSAGAR,311.0,12144953542,village,702C,7.07,Belghoria Expressway,779.0,NAZIRA,6.24,Khongsang,253.1,Kolkata Port (Syama Prasad Mookerjee Port) incl. Haldia Dock Complex,791.52,ICD Amingaon,310.58,Darranga ICP,262.38,Lokpriya Gopinath Bordoloi International Airport (GAU),321.64,MMLP Silchar,294.2,Neamati Terminal,58.63,FCI Depot Jorhat,55.92,GOLAGHAT Toll Plaza,84.74
Garmur Silani,SIBSAGAR,311.0,12144953543,village,702C,8.21,Belghoria Expressway,781.16,SIMALUGURI JN,8.39,Khongsang,253.93,Kolkata Port (Syama Prasad Mookerjee Port) incl. Haldia Dock Complex,793.66,ICD Amingaon,313.56,Darranga ICP,265.53,Lokpriya Gopinath Bordoloi International Airport (GAU),324.59,MMLP Silchar,295.69,Neamati Terminal,61.8,FCI Depot Jorhat,58.95,GOLAGHAT Toll Plaza,87.73
Mirigaon,SIBSAGAR,311.0,12144953556,village,702C,6.02,Belghoria Expressway,781.65,SIMALUGURI JN,6.07,Khongsang,255.34,Kolkata Port (Syama Prasad Mookerjee Port) incl. Haldia Dock Complex,794.17,ICD Amingaon,313.18,Darranga ICP,264.9,Lokpriya Gopinath Bordoloi International Airport (GAU),324.25,MMLP Silchar,296.69,Neamati Terminal,61.15,FCI Depot Jorhat,58.51,GOLAGHAT Toll Plaza,87.34
Silanijāngaon,KARBI ANGLONG,314.0,12149499887,village,129,0.47,Belghoria Expressway,673.72,BHILGAON,6.94,Khongsang,166.52,Kolkata Port (Syama Prasad Mookerjee Port) incl. Haldia Dock Complex,686.26,ICD Amingaon,214.37,Darranga ICP,173.97,Lokpriya Gopinath Bordoloi International Airport (GAU),224.45,MMLP Silchar,194.51,Sengajan (Panbari) Terminal,34.74,FCI Depot Dimapur,47.93,GOLAGHAT Toll Plaza,18.88
Silanijāngaon,KARBI ANGLONG,314.0,12149499888,village,129,0.16,Belghoria Expressway,674.16,BARPATHAR,5.67,Khongsang,165.8,Kolkata Port (Syama Prasad Mookerjee Port) incl. Haldia Dock Complex,686.69,ICD Amingaon,215.57,Darranga ICP,175.38,Lokpriya Gopinath Bordoloi International Airport (GAU),225.61,MMLP Silchar,194.35,Sengajan (Panbari) Terminal,36.23,FCI Depot Dimapur,47.3,GOLAGHAT Toll Plaza,19.53
Uriamghāt,GOLAGHAT,313.0,12149701785,village,129,14.71,Belghoria Expressway,668.98,NAOJAN,9.68,Khongsang,148.94,Kolkata Port (Syama Prasad Mookerjee Port) incl. Haldia Dock Complex,681.38,ICD Amingaon,222.17,Darranga ICP,186.02,Lokpriya Gopinath Bordoloi International Airport (GAU),231.55,MMLP Silchar,182.89,Sengajan (Panbari) Terminal,56.76,FCI Depot Dimapur,33.35,GOLAGHAT Toll Plaza,38.43
Tumpreng,WEST KARBI ANAGLONG,752.0,12149855615,village,627,8.23,Belghoria Expressway,565.74,JUGIJAN,6.85,Baihata,111.08,Kolkata Port (Syama Prasad Mookerjee Port) incl. Haldia Dock Complex,578.51,ICD Amingaon,107.0,Darranga ICP,87.19,Lokpriya Gopinath Bordoloi International Airport (GAU),115.17,MMLP Silchar,127.35,Silghat Terminal,68.41,FCI Depot Dimapur,96.4,HOJAI Toll Plaza,16.09
Donka Molām,WEST KARBI ANAGLONG,752.0,12149855639,village,627,0.04,Belghoria Expressway,556.82,JUGIJAN,15.46,Bihara,105.48,Kolkata Port (Syama Prasad Mookerjee Port) incl. Haldia Dock Complex,569.58,ICD Amingaon,103.68,Darranga ICP,89.18,Lokpriya Gopinath Bordoloi International Airport (GAU),111.1,MMLP Silchar,119.8,Tezpur Terminal,76.71,FCI Depot Shillong,88.26,HOJAI Toll Plaza,25.43
Nilbāgān,HOJAI,720.0,12150302840,village,27,0.15,Belghoria Expressway,581.22,HOJAI,8.54,Bihara,121.8,Kolkata Port (Syama Prasad Mookerjee Port) incl. Haldia Dock Complex,593.98,ICD Amingaon,120.34,Darranga ICP,94.34,Lokpriya Gopinath Bordoloi International Airport (GAU),129.13,MMLP Silchar,134.61,Silghat Terminal,59.77,FCI Depot Dimapur,83.17,HOJAI Toll Plaza,9.16
Dighaljār,HOJAI,720.0,12156213430,village,27,9.87,Belghoria Expressway,589.84,DHALPUKHURI,15.93,Bihara,124.74,Kolkata Port (Syama Prasad Mookerjee Port) incl. Haldia Dock Complex,602.56,ICD Amingaon,130.61,Darranga ICP,102.73,Lokpriya Gopinath Bordoloi International Airport (GAU),139.5,MMLP Silchar,136.69,Silghat Terminal,59.62,FCI Depot Dimapur,73.22,HOJAI Toll Plaza,17.5
Dighaljār,HOJAI,720.0,12156213431,village,27,10.9,Belghoria Expressway,591.08,DHALPUKHURI,17.2,Bihara,126.15,Kolkata Port (Syama Prasad Mookerjee Port) incl. Haldia Dock Complex,603.8,ICD Amingaon,131.04,Darranga ICP,102.55,Lokpriya Gopinath Bordoloi International Airport (GAU),140.01,MMLP Silchar,138.07,Silghat Terminal,58.41,FCI Depot Dimapur,73.03,HOJAI Toll Plaza,17.6
Dighaljar,HOJAI,720.0,12156213432,village,27,9.6,Belghoria Expressway,590.02,DHALPUKHURI,16.26,Bihara,126.06,Kolkata Port (Syama Prasad Mookerjee Port) incl. Haldia Dock Complex,602.75,ICD Amingaon,129.42,Darranga ICP,101.01,Lokpriya Gopinath Bordoloi International Airport (GAU),138.41,MMLP Silchar,138.12,Silghat Terminal,57.87,FCI Depot Dimapur,74.65,HOJAI Toll Plaza,15.98
Borhowa,HOJAI,720.0,12156213433,village,29,10.06,Belghoria Expressway,591.76,DHALPUKHURI,18.0,Bihara,127.48,Kolkata Port (Syama Prasad Mookerjee Port) incl. Haldia Dock Complex,604.49,ICD Amingaon,130.65,Darranga ICP,101.6,Lokpriya Gopinath Bordoloi International Airport (GAU),139.72,MMLP Silchar,139.45,Silghat Terminal,56.94,FCI Depot Dimapur,73.69,HOJAI Toll Plaza,16.99
Sābājpur,HOJAI,720.0,12156213434,village,27,5.7,Belghoria Expressway,586.02,DHALPUKHURI,12.3,Bihara,122.88,Kolkata Port (Syama Prasad Mookerjee Port) incl. Haldia Dock Complex,598.75,ICD Amingaon,126.57,Darranga ICP,99.65,Lokpriya Gopinath Bordoloi International Airport (GAU),135.38,MMLP Silchar,135.17,Silghat Terminal,60.06,FCI Depot Dimapur,77.04,HOJAI Toll Plaza,14.13
Murājār,HOJAI,720.0,12156213435,village,27,6.87,Belghoria Expressway,587.03,DHALPUKHURI,13.19,Bihara,123.17,Kolkata Port (Syama Prasad Mookerjee Port) incl. Haldia Dock Complex,599.75,ICD Amingaon,127.85,Darranga ICP,100.75,Lokpriya Gopinath Bordoloi International Airport (GAU),136.67,MMLP Silchar,135.34,Silghat Terminal,60.18,FCI Depot Dimapur,75.78,HOJAI Toll Plaza,15.26
Chokihola,KARBI ANGLONG,314.0,12156245600,village,129,13.79,Belghoria Expressway,670.73,BHILGAON,19.82,Khongsang,175.1,Kolkata Port (Syama Prasad Mookerjee Port) incl. Haldia Dock Complex,683.36,ICD Amingaon,203.91,Darranga ICP,161.22,Lokpriya Gopinath Bordoloi International Airport (GAU),214.36,MMLP Silchar,197.82,Sengajan (Panbari) Terminal,20.85,FCI Depot Dimapur,57.01,GOLAGHAT Toll Plaza,18.89
Sonāpur,KARBI ANGLONG,314.0,12156285320,village,29,6.9,Belghoria Expressway,611.37,Salona Assam,25.01,Baihata,140.63,Kolkata Port (Syama Prasad Mookerjee Port) incl. Haldia Dock Complex,624.14,ICD Amingaon,141.2,Darranga ICP,104.24,Lokpriya Gopinath Bordoloi International Airport (GAU),151.25,MMLP Silchar,159.23,Silghat Terminal,42.86,FCI Depot Dimapur,71.59,HOJAI Toll Plaza,30.97
Bāthegāon,KARBI ANGLONG,314.0,12164093505,village,129,11.71,Belghoria Expressway,671.59,Numaligarh,20.3,Khongsang,178.36,Kolkata Port (Syama Prasad Mookerjee Port) incl. Haldia Dock Complex,684.24,ICD Amingaon,202.85,Darranga ICP,159.4,Lokpriya Gopinath Bordoloi International Airport (GAU),213.41,MMLP Silchar,200.17,Sengajan (Panbari) Terminal,17.17,FCI Depot Jorhat,56.21,GOLAGHAT Toll Plaza,19.4
Perhen,KARBI ANGLONG,314.0,12164093506,village,129,11.93,Belghoria Expressway,669.0,Numaligarh,23.31,Khongsang,183.53,Kolkata Port (Syama Prasad Mookerjee Port) incl. Haldia Dock Complex,681.71,ICD Amingaon,196.05,Darranga ICP,151.24,Lokpriya Gopinath Bordoloi International Airport (GAU),206.84,MMLP Silchar,202.07,Sengajan (Panbari) Terminal,12.7,FCI Depot Jorhat,60.1,GOLAGHAT Toll Plaza,27.07
Phāngchagāon,GOLAGHAT,313.0,12164093507,village,129,6.79,Belghoria Expressway,676.71,BHILGAON,12.92,Khongsang,175.96,Kolkata Port (Syama Prasad Mookerjee Port) incl. Haldia Dock Complex,689.31,ICD Amingaon,211.54,Darranga ICP,168.97,Lokpriya Gopinath Bordoloi International Airport (GAU),221.95,MMLP Silchar,201.31,Sengajan (Panbari) Terminal,23.68,FCI Depot Jorhat,51.39,GOLAGHAT Toll Plaza,12.31
Kaliani,KARBI ANGLONG,314.0,12164093508,village,129,9.18,Belghoria Expressway,675.48,Numaligarh,17.01,Khongsang,179.85,Kolkata Port (Syama Prasad Mookerjee Port) incl. Haldia Dock Complex,688.13,ICD Amingaon,207.13,Darranga ICP,163.53,Lokpriya Gopinath Bordoloi International Airport (GAU),217.7,MMLP Silchar,202.96,Sengajan (Panbari) Terminal,17.2,FCI Depot Jorhat,52.25,GOLAGHAT Toll Plaza,15.11
Kaolākhāt,GOLAGHAT,313.0,12164093509,village,715,2.8,Belghoria Expressway,670.73,Khumtai,27.49,Baihata,188.16,Kolkata Port (Syama Prasad Mookerjee Port) incl. Haldia Dock Complex,683.51,ICD Amingaon,192.29,Darranga ICP,145.21,Lokpriya Gopinath Bordoloi International Airport (GAU),203.4,MMLP Silchar,209.22,Sengajan (Panbari) Terminal,12.4,FCI Depot Itanagar,51.08,GOLAGHAT Toll Plaza,33.58
Māthani,GOLAGHAT,313.0,12164093510,village,715,0.18,Belghoria Expressway,665.8,Khumtai,34.24,Baihata,181.55,Kolkata Port (Syama Prasad Mookerjee Port) incl. Haldia Dock Complex,678.6,ICD Amingaon,185.85,Darranga ICP,138.47,Lokpriya Gopinath Bordoloi International Airport (GAU),197.02,MMLP Silchar,207.22,Sengajan (Panbari) Terminal,19.16,FCI Depot Itanagar,51.31,GOLAGHAT Toll Plaza,40.14
Kāziranga,GOLAGHAT,313.0,12164093511,village,715,0.0,Belghoria Expressway,655.72,Jakhalabandha,40.91,Baihata,170.84,Kolkata Port (Syama Prasad Mookerjee Port) incl. Haldia Dock Complex,668.54,ICD Amingaon,175.02,Darranga ICP,128.03,Lokpriya Gopinath Bordoloi International Airport (GAU),186.18,MMLP Silchar,200.65,Sengajan (Panbari) Terminal,29.67,FCI Depot Itanagar,57.18,GOLAGHAT Toll Plaza,50.89
Bachāgāon,GOLAGHAT,313.0,12164093512,village,715,0.54,Belghoria Expressway,659.15,Numaligarh,40.59,Baihata,174.97,Kolkata Port (Syama Prasad Mookerjee Port) incl. Haldia Dock Complex,671.96,ICD Amingaon,179.12,Darranga ICP,132.15,Lokpriya Gopinath Bordoloi International Airport (GAU),190.26,MMLP Silchar,202.36,Sengajan (Panbari) Terminal,25.53,FCI Depot Itanagar,55.54,GOLAGHAT Toll Plaza,46.77
Kohora,GOLAGHAT,313.0,12164103837,village,715,0.07,Belghoria Expressway,654.83,Jakhalabandha,39.73,Baihata,169.68,Kolkata Port (Syama Prasad Mookerjee Port) incl. Haldia Dock Complex,667.65,ICD Amingaon,173.89,Darranga ICP,126.85,Lokpriya Gopinath Bordoloi International Airport (GAU),185.06,MMLP Silchar,200.31,Biswanath Ghat Terminal,28.72,FCI Depot Itanagar,57.57,NAGAON Toll Plaza,51.59
Degrāmgaon,KARBI ANGLONG,314.0,12164104130,village,715,8.13,Belghoria Expressway,658.04,Numaligarh,37.46,Baihata,177.97,Kolkata Port (Syama Prasad Mookerjee Port) incl. Haldia Dock Complex,670.81,ICD Amingaon,181.42,Darranga ICP,135.99,Lokpriya Gopinath Bordoloi International Airport (GAU),192.35,MMLP Silchar,197.55,Sengajan (Panbari) Terminal,23.48,FCI Depot Itanagar,61.03,GOLAGHAT Toll Plaza,42.36
Burhaterāng Ānchachegaon,KARBI ANGLONG,314.0,12164104131,village,715,6.87,Belghoria Expressway,657.78,Numaligarh,38.31,Baihata,177.04,Kolkata Port (Syama Prasad Mookerjee Port) incl. Haldia Dock Complex,670.55,ICD Amingaon,180.59,Darranga ICP,134.95,Lokpriya Gopinath Bordoloi International Airport (GAU),191.55,MMLP Silchar,198.0,Sengajan (Panbari) Terminal,24.11,FCI Depot Itanagar,60.37,GOLAGHAT Toll Plaza,43.48
Begaon,KARBI ANGLONG,314.0,12164104132,village,715,4.89,Belghoria Expressway,654.13,Jakhalabandha,42.73,Baihata,172.04,Kolkata Port (Syama Prasad Mookerjee Port) incl. Haldia Dock Complex,666.93,ICD Amingaon,175.72,Darranga ICP,129.84,Lokpriya Gopinath Bordoloi International Airport (GAU),186.73,MMLP Silchar,196.73,Sengajan (Panbari) Terminal,28.79,FCI Depot Itanagar,61.13,GOLAGHAT Toll Plaza,48.61
Langbaigaon,KARBI ANGLONG,314.0,12164104133,village,715,3.88,Belghoria Expressway,656.29,Numaligarh,41.32,Baihata,173.98,Kolkata Port (Syama Prasad Mookerjee Port) incl. Haldia Dock Complex,669.09,ICD Amingaon,177.75,Darranga ICP,131.64,Lokpriya Gopinath Bordoloi International Airport (GAU),188.78,MMLP Silchar,198.47,Sengajan (Panbari) Terminal,26.72,FCI Depot Itanagar,59.48,GOLAGHAT Toll Plaza,46.96
Ranghānggaon,KARBI ANGLONG,314.0,12164104134,village,715,6.27,Belghoria Expressway,657.97,Numaligarh,38.43,Baihata,176.9,Kolkata Port (Syama Prasad Mookerjee Port) incl. Haldia Dock Complex,670.75,ICD Amingaon,180.51,Darranga ICP,134.73,Lokpriya Gopinath Bordoloi International Airport (GAU),191.49,MMLP Silchar,198.46,Sengajan (Panbari) Terminal,24.11,FCI Depot Itanagar,59.86,GOLAGHAT Toll Plaza,43.76
Langkui Pāngso,KARBI ANGLONG,314.0,12164104135,village,715,5.52,Belghoria Expressway,657.24,Numaligarh,39.51,Baihata,175.8,Kolkata Port (Syama Prasad Mookerjee Port) incl. Haldia Dock Complex,670.02,ICD Amingaon,179.45,Darranga ICP,133.59,Lokpriya Gopinath Bordoloi International Airport (GAU),190.44,MMLP Silchar,198.28,Sengajan (Panbari) Terminal,25.11,FCI Depot Itanagar,59.88,GOLAGHAT Toll Plaza,44.91
Letekujān,GOLAGHAT,313.0,12164195689,village,129,3.25,Belghoria Expressway,685.62,Numaligarh,6.25,Khongsang,192.42,Kolkata Port (Syama Prasad Mookerjee Port) incl. Haldia Dock Complex,698.3,ICD Amingaon,212.68,Darranga ICP,166.78,Lokpriya Gopinath Bordoloi International Airport (GAU),223.56,MMLP Silchar,215.32,Sengajan (Panbari) Terminal,10.13,FCI Depot Jorhat,43.03,GOLAGHAT Toll Plaza,14.83
Numaligarh,GOLAGHAT,313.0,12164195690,village,129,1.44,Belghoria Expressway,683.6,Numaligarh,8.26,Khongsang,191.14,Kolkata Port (Syama Prasad Mookerjee Port) incl. Haldia Dock Complex,696.29,ICD Amingaon,210.74,Darranga ICP,164.99,Lokpriya Gopinath Bordoloi International Airport (GAU),221.61,MMLP Silchar,213.6,Sengajan (Panbari) Terminal,9.05,FCI Depot Jorhat,45.06,GOLAGHAT Toll Plaza,15.66
Sangterāng Waphang Hānse,KARBI ANGLONG,314.0,12164228667,village,129,10.32,Belghoria Expressway,671.18,Numaligarh,20.58,Khongsang,182.9,Kolkata Port (Syama Prasad Mookerjee Port) incl. Haldia Dock Complex,683.88,ICD Amingaon,199.33,Darranga ICP,154.77,Lokpriya Gopinath Bordoloi International Airport (GAU),210.07,MMLP Silchar,202.71,Sengajan (Panbari) Terminal,12.32,FCI Depot Jorhat,57.39,GOLAGHAT Toll Plaza,23.5
Lakhaujān,KARBI ANGLONG,314.0,12164229024,village,715,3.53,Belghoria Expressway,663.87,Numaligarh,33.84,Baihata,181.57,Kolkata Port (Syama Prasad Mookerjee Port) incl. Haldia Dock Complex,676.65,ICD Amingaon,185.51,Darranga ICP,138.92,Lokpriya Gopinath Bordoloi International Airport (GAU),196.57,MMLP Silchar,203.89,Sengajan (Panbari) Terminal,18.96,FCI Depot Itanagar,54.95,GOLAGHAT Toll Plaza,40.34
Takbigaon,KARBI ANGLONG,314.0,12164229025,village,715,4.0,Belghoria Expressway,664.49,Numaligarh,32.94,Baihata,182.45,Kolkata Port (Syama Prasad Mookerjee Port) incl. Haldia Dock Complex,677.27,ICD Amingaon,186.36,Darranga ICP,139.83,Lokpriya Gopinath Bordoloi International Airport (GAU),197.42,MMLP Silchar,204.09,Sengajan (Panbari) Terminal,18.09,FCI Depot Itanagar,54.95,GOLAGHAT Toll Plaza,39.5
Rangterenggaon,KARBI ANGLONG,314.0,12164229026,village,715,6.04,Belghoria Expressway,663.2,Numaligarh,33.05,Baihata,182.26,Kolkata Port (Syama Prasad Mookerjee Port) incl. Haldia Dock Complex,675.97,ICD Amingaon,185.97,Darranga ICP,139.89,Lokpriya Gopinath Bordoloi International Airport (GAU),196.96,MMLP Silchar,202.11,Sengajan (Panbari) Terminal,18.6,FCI Depot Itanagar,57.08,GOLAGHAT Toll Plaza,38.96
Tipujān Basti,KARBI ANGLONG,314.0,12164229027,village,715,7.03,Belghoria Expressway,668.06,Numaligarh,27.74,Baihata,187.57,Kolkata Port (Syama Prasad Mookerjee Port) incl. Haldia Dock Complex,680.81,ICD Amingaon,191.31,Darranga ICP,145.09,Lokpriya Gopinath Bordoloi International Airport (GAU),202.31,MMLP Silchar,205.26,Sengajan (Panbari) Terminal,13.28,FCI Depot Itanagar,55.37,GOLAGHAT Toll Plaza,34.18
Tipujān,GOLAGHAT,313.0,12164229028,village,715,6.55,Belghoria Expressway,668.45,Numaligarh,27.61,Baihata,187.72,Kolkata Port (Syama Prasad Mookerjee Port) incl. Haldia Dock Complex,681.21,ICD Amingaon,191.51,Darranga ICP,145.18,Lokpriya Gopinath Bordoloi International Airport (GAU),202.52,MMLP Silchar,205.79,Sengajan (Panbari) Terminal,13.02,FCI Depot Itanagar,54.84,GOLAGHAT Toll Plaza,34.25
Kekang Ādanggaon,KARBI ANGLONG,314.0,12164229029,village,129,4.73,Belghoria Expressway,676.22,Numaligarh,16.99,Khongsang,189.45,Kolkata Port (Syama Prasad Mookerjee Port) incl. Haldia Dock Complex,688.94,ICD Amingaon,201.89,Darranga ICP,156.07,Lokpriya Gopinath Bordoloi International Airport (GAU),212.8,MMLP Silchar,209.11,Sengajan (Panbari) Terminal,5.73,FCI Depot Jorhat,53.45,GOLAGHAT Toll Plaza,23.47
Diethar Pathārgaon,KARBI ANGLONG,314.0,12164229030,village,129,2.46,Belghoria Expressway,678.5,Numaligarh,14.75,Khongsang,190.72,Kolkata Port (Syama Prasad Mookerjee Port) incl. Haldia Dock Complex,691.22,ICD Amingaon,204.15,Darranga ICP,158.16,Lokpriya Gopinath Bordoloi International Airport (GAU),215.07,MMLP Silchar,210.95,Sengajan (Panbari) Terminal,4.58,FCI Depot Jorhat,51.12,GOLAGHAT Toll Plaza,21.92
Tarādon,KARBI ANGLONG,314.0,12164229031,village,129,1.82,Belghoria Expressway,679.14,Numaligarh,14.16,Khongsang,191.13,Kolkata Port (Syama Prasad Mookerjee Port) incl. Haldia Dock Complex,691.86,ICD Amingaon,204.75,Darranga ICP,158.71,Lokpriya Gopinath Bordoloi International Airport (GAU),215.68,MMLP Silchar,211.5,Sengajan (Panbari) Terminal,4.35,FCI Depot Jorhat,50.49,GOLAGHAT Toll Plaza,21.58
Mara Bheti,KARBI ANGLONG,314.0,12164229032,village,129,7.33,Belghoria Expressway,676.32,Numaligarh,15.6,Khongsang,181.96,Kolkata Port (Syama Prasad Mookerjee Port) incl. Haldia Dock Complex,688.98,ICD Amingaon,206.85,Darranga ICP,162.79,Lokpriya Gopinath Bordoloi International Airport (GAU),217.49,MMLP Silchar,204.62,Sengajan (Panbari) Terminal,14.89,FCI Depot Jorhat,51.5,GOLAGHAT Toll Plaza,15.5
Bālijāngaon,KARBI ANGLONG,314.0,12164229033,village,129,13.04,Belghoria Expressway,671.34,BHILGAON,20.69,Khongsang,176.45,Kolkata Port (Syama Prasad Mookerjee Port) incl. Haldia Dock Complex,683.98,ICD Amingaon,203.81,Darranga ICP,160.82,Lokpriya Gopinath Bordoloi International Airport (GAU),214.31,MMLP Silchar,198.92,Sengajan (Panbari) Terminal,19.42,FCI Depot Jorhat,56.38,GOLAGHAT Toll Plaza,18.67
Bālijāngaon,KARBI ANGLONG,314.0,12164229034,village,129,12.68,Belghoria Expressway,672.6,BHILGAON,18.98,Khongsang,176.41,Kolkata Port (Syama Prasad Mookerjee Port) incl. Haldia Dock Complex,685.23,ICD Amingaon,205.55,Darranga ICP,162.63,Lokpriya Gopinath Bordoloi International Airport (GAU),216.03,MMLP Silchar,199.52,Sengajan (Panbari) Terminal,20.05,FCI Depot Jorhat,55.13,GOLAGHAT Toll Plaza,17.08
Chakihola,KARBI ANGLONG,314.0,12164229035,village,129,11.45,Belghoria Expressway,673.42,Numaligarh,19.29,Khongsang,177.68,Kolkata Port (Syama Prasad Mookerjee Port) incl. Haldia Dock Complex,686.06,ICD Amingaon,205.8,Darranga ICP,162.61,Lokpriya Gopinath Bordoloi International Airport (GAU),216.32,MMLP Silchar,200.67,Sengajan (Panbari) Terminal,18.84,FCI Depot Jorhat,54.3,GOLAGHAT Toll Plaza,16.6
Khāgarijān No 2,HOJAI,720.0,12166706377,village,27,6.98,Belghoria Expressway,587.42,HABAIPUR,12.95,Bihara,111.37,Kolkata Port (Syama Prasad Mookerjee Port) incl. Haldia Dock Complex,600.01,ICD Amingaon,143.26,Darranga ICP,120.69,Lokpriya Gopinath Bordoloi International Airport (GAU),151.12,MMLP Silchar,121.89,Silghat Terminal,78.66,FCI Depot Dimapur,60.81,DIMA HASAO Toll Plaza,19.54
Khāgarijān No 1,HOJAI,720.0,12166706378,village,27,5.98,Belghoria Expressway,587.17,HABAIPUR,13.12,Bihara,110.46,Kolkata Port (Syama Prasad Mookerjee Port) incl. Haldia Dock Complex,599.74,ICD Amingaon,144.07,Darranga ICP,121.85,Lokpriya Gopinath Bordoloi International Airport (GAU),151.86,MMLP Silchar,120.87,Silghat Terminal,79.98,FCI Depot Dimapur,60.25,DIMA HASAO Toll Plaza,18.26
Tapanpur,HOJAI,720.0,12166706379,village,27,11.74,Belghoria Expressway,589.62,LANKA,14.43,Bihara,119.88,Kolkata Port (Syama Prasad Mookerjee Port) incl. Haldia Dock Complex,602.29,ICD Amingaon,135.99,Darranga ICP,110.05,Lokpriya Gopinath Bordoloi International Airport (GAU),144.5,MMLP Silchar,131.27,Silghat Terminal,66.74,FCI Depot Dimapur,67.3,HOJAI Toll Plaza,24.52
Thesoajur,KARBI ANGLONG,314.0,12168639585,village,329,0.16,Belghoria Expressway,605.24,DIPHU,4.17,Khongsang,107.99,Kolkata Port (Syama Prasad Mookerjee Port) incl. Haldia Dock Complex,617.64,ICD Amingaon,173.05,Darranga ICP,149.64,Lokpriya Gopinath Bordoloi International Airport (GAU),180.68,MMLP Silchar,124.0,Sengajan (Panbari) Terminal,91.56,FCI Depot Dimapur,33.58,DIMA HASAO Toll Plaza,27.3
Barbāli,HOJAI,720.0,12178495177,village,27,11.49,Belghoria Expressway,591.29,DHALPUKHURI,17.38,Bihara,125.43,Kolkata Port (Syama Prasad Mookerjee Port) incl. Haldia Dock Complex,604.0,ICD Amingaon,132.2,Darranga ICP,104.0,Lokpriya Gopinath Bordoloi International Airport (GAU),141.12,MMLP Silchar,137.24,Silghat Terminal,59.61,FCI Depot Dimapur,71.71,HOJAI Toll Plaza,18.94
Barbāli,HOJAI,720.0,12178495178,village,29,11.44,Belghoria Expressway,591.8,DHALPUKHURI,17.88,Bihara,126.23,Kolkata Port (Syama Prasad Mookerjee Port) incl. Haldia Dock Complex,604.51,ICD Amingaon,132.12,Darranga ICP,103.57,Lokpriya Gopinath Bordoloi International Airport (GAU),141.08,MMLP Silchar,138.05,Silghat Terminal,58.79,FCI Depot Dimapur,71.95,HOJAI Toll Plaza,18.69
Rowārpār,HOJAI,720.0,12178495179,village,29,4.07,Belghoria Expressway,585.94,HOJAI,13.65,Baihata,124.26,Kolkata Port (Syama Prasad Mookerjee Port) incl. Haldia Dock Complex,598.71,ICD Amingaon,122.36,Darranga ICP,93.96,Lokpriya Gopinath Bordoloi International Airport (GAU),131.46,MMLP Silchar,139.34,Silghat Terminal,55.23,FCI Depot Dimapur,81.89,HOJAI Toll Plaza,8.74
Āmbāri,HOJAI,720.0,12178495180,village,29,6.76,Belghoria Expressway,590.34,DHALPUKHURI,17.32,Bihara,128.33,Kolkata Port (Syama Prasad Mookerjee Port) incl. Haldia Dock Complex,603.09,ICD Amingaon,127.45,Darranga ICP,98.1,Lokpriya Gopinath Bordoloi International Airport (GAU),136.61,MMLP Silchar,140.58,Silghat Terminal,54.92,FCI Depot Dimapur,77.12,HOJAI Toll Plaza,13.67
Āmbāri,HOJAI,720.0,12178495181,village,27,6.59,Belghoria Expressway,587.53,DHALPUKHURI,14.46,Bihara,125.76,Kolkata Port (Syama Prasad Mookerjee Port) incl. Haldia Dock Complex,600.27,ICD Amingaon,125.78,Darranga ICP,97.62,Lokpriya Gopinath Bordoloi International Airport (GAU),134.79,MMLP Silchar,138.13,Silghat Terminal,56.97,FCI Depot Dimapur,78.27,HOJAI Toll Plaza,12.39
Chaudhari Bāzār,HOJAI,720.0,12178589445,village,29,10.25,Belghoria Expressway,591.41,LANKA,17.45,Bihara,123.78,Kolkata Port (Syama Prasad Mookerjee Port) incl. Haldia Dock Complex,604.1,ICD Amingaon,134.31,Darranga ICP,106.77,Lokpriya Gopinath Bordoloi International Airport (GAU),143.1,MMLP Silchar,135.37,Silghat Terminal,62.18,FCI Depot Dimapur,69.32,HOJAI Toll Plaza,21.51
Silputātināli,KARBI ANGLONG,314.0,12178589446,village,29,3.96,Belghoria Expressway,599.56,LANKA,24.04,Bihara,126.17,Kolkata Port (Syama Prasad Mookerjee Port) incl. Haldia Dock Complex,612.2,ICD Amingaon,145.68,Darranga ICP,117.27,Lokpriya Gopinath Bordoloi International Airport (GAU),154.43,MMLP Silchar,136.69,Silghat Terminal,66.59,FCI Depot Dimapur,58.05,HOJAI Toll Plaza,32.6
Lāngtarāng,DIMA HASAO,315.0,12184841905,village,627,4.77,Belghoria Expressway,550.06,LANGTING,13.41,Bihara,63.38,Kolkata Port (Syama Prasad Mookerjee Port) incl. Haldia Dock Complex,562.4,ICD Amingaon,148.09,Sutarkandi ICP,99.06,Lokpriya Gopinath Bordoloi International Airport (GAU),152.5,MMLP Silchar,73.41,Silchar Terminal,73.41,FCI Depot Silchar,73.41,DIMA HASAO Toll Plaza,31.73
Sarungdisa,DIMA HASAO,315.0,12184841906,village,627,5.43,Belghoria Expressway,549.44,DIJAOBRA,14.45,Bihara,63.55,Kolkata Port (Syama Prasad Mookerjee Port) incl. Haldia Dock Complex,561.79,ICD Amingaon,146.6,Dawki ICP,98.31,Lokpriya Gopinath Bordoloi International Airport (GAU),151.02,MMLP Silchar,73.86,Silchar Terminal,73.86,FCI Depot Silchar,73.86,DIMA HASAO Toll Plaza,31.72
Dikārbi,DIMA HASAO,315.0,12184841907,village,627,7.07,Belghoria Expressway,550.68,DIJAOBRA,13.42,Bihara,65.2,Kolkata Port (Syama Prasad Mookerjee Port) incl. Haldia Dock Complex,563.04,ICD Amingaon,146.12,Dawki ICP,99.25,Lokpriya Gopinath Bordoloi International Airport (GAU),150.67,MMLP Silchar,75.54,Silchar Terminal,75.54,FCI Depot Silchar,75.54,DIMA HASAO Toll Plaza,30.13
Mazuari,DIMA HASAO,315.0,12184841908,village,27,10.89,Belghoria Expressway,554.22,DIJAOBRA,10.87,Bihara,69.39,Kolkata Port (Syama Prasad Mookerjee Port) incl. Haldia Dock Complex,566.61,ICD Amingaon,145.76,Dawki ICP,102.22,Lokpriya Gopinath Bordoloi International Airport (GAU),150.63,MMLP Silchar,79.66,Silchar Terminal,79.66,FCI Depot Silchar,79.66,DIMA HASAO Toll Plaza,26.02
Lāngyendisa,DIMA HASAO,315.0,12184841909,village,627,10.98,Belghoria Expressway,553.01,DIJAOBRA,12.39,Bihara,68.85,Kolkata Port (Syama Prasad Mookerjee Port) incl. Haldia Dock Complex,565.4,ICD Amingaon,144.37,Dawki ICP,100.84,Lokpriya Gopinath Bordoloi International Airport (GAU),149.19,MMLP Silchar,79.39,Silchar Terminal,79.39,FCI Depot Silchar,79.39,DIMA HASAO Toll Plaza,26.86
Thāijuwāri,DIMA HASAO,315.0,12184841910,village,27,11.89,Belghoria Expressway,554.75,DIJAOBRA,12.29,Bihara,71.5,Kolkata Port (Syama Prasad Mookerjee Port) incl. Haldia Dock Complex,567.16,ICD Amingaon,143.25,Dawki ICP,102.13,Lokpriya Gopinath Bordoloi International Airport (GAU),148.27,MMLP Silchar,82.15,Silchar Terminal,82.15,FCI Depot Silchar,82.15,DIMA HASAO Toll Plaza,24.58
Thāijuwāri,DIMA HASAO,315.0,12184841911,village,27,12.03,Belghoria Expressway,553.97,DIJAOBRA,12.25,Bihara,70.3,Kolkata Port (Syama Prasad Mookerjee Port) incl. Haldia Dock Complex,566.37,ICD Amingaon,143.76,Dawki ICP,101.55,Lokpriya Gopinath Bordoloi International Airport (GAU),148.69,MMLP Silchar,80.9,Silchar Terminal,80.9,FCI Depot Silchar,80.9,DIMA HASAO Toll Plaza,25.59
Lāngdisa,DIMA HASAO,315.0,12184841912,village,27,12.91,Belghoria Expressway,554.38,HATIKHALI,13.37,Bihara,71.9,Kolkata Port (Syama Prasad Mookerjee Port) incl. Haldia Dock Complex,566.8,ICD Amingaon,141.94,Dawki ICP,101.54,Lokpriya Gopinath Bordoloi International Airport (GAU),146.99,MMLP Silchar,82.76,Silchar Terminal,82.76,FCI Depot Silchar,82.76,DIMA HASAO Toll Plaza,24.67
Lāngkol,DIMA HASAO,315.0,12184841913,village,27,14.75,Belghoria Expressway,553.57,HATIKHALI,14.84,Bihara,72.36,Kolkata Port (Syama Prasad Mookerjee Port) incl. Haldia Dock Complex,566.01,ICD Amingaon,139.83,Dawki ICP,100.42,Lokpriya Gopinath Bordoloi International Airport (GAU),144.9,MMLP Silchar,83.54,Silchar Terminal,83.54,FCI Depot Silchar,83.54,DIMA HASAO Toll Plaza,25.19
Jārāmdisa,DIMA HASAO,315.0,12184841914,village,627,14.91,Belghoria Expressway,553.37,HATIKHALI,15.33,Bihara,72.62,Kolkata Port (Syama Prasad Mookerjee Port) incl. Haldia Dock Complex,565.81,ICD Amingaon,139.1,Dawki ICP,100.11,Lokpriya Gopinath Bordoloi International Airport (GAU),144.19,MMLP Silchar,83.9,Silchar Terminal,83.9,FCI Depot Silchar,83.9,DIMA HASAO Toll Plaza,25.33
Lāngkula,DIMA HASAO,315.0,12184841915,village,627,13.58,Belghoria Expressway,553.16,HATIKHALI,16.55,Bihara,73.68,Kolkata Port (Syama Prasad Mookerjee Port) incl. Haldia Dock Complex,565.61,ICD Amingaon,137.17,Dawki ICP,99.6,Lokpriya Gopinath Bordoloi International Airport (GAU),142.32,MMLP Silchar,85.23,Silchar Terminal,85.23,FCI Depot Silchar,85.23,DIMA HASAO Toll Plaza,25.49
Old Gera,DIMA HASAO,315.0,12184841916,village,627,10.95,Belghoria Expressway,554.06,HATIKHALI,18.17,Bihara,76.67,Kolkata Port (Syama Prasad Mookerjee Port) incl. Haldia Dock Complex,566.55,ICD Amingaon,134.34,Dawki ICP,100.05,Lokpriya Gopinath Bordoloi International Airport (GAU),139.71,MMLP Silchar,88.53,Silchar Terminal,88.53,FCI Depot Dimapur,85.6,DIMA HASAO Toll Plaza,24.94
Lārbo,DIMA HASAO,315.0,12184841917,village,627,11.19,Belghoria Expressway,555.64,HATIKHALI,16.66,Bihara,77.55,Kolkata Port (Syama Prasad Mookerjee Port) incl. Haldia Dock Complex,568.12,ICD Amingaon,135.61,Dawki ICP,101.68,Lokpriya Gopinath Bordoloi International Airport (GAU),141.06,MMLP Silchar,89.21,Silchar Terminal,89.21,FCI Depot Dimapur,83.94,DIMA HASAO Toll Plaza,23.29
Railing,DIMA HASAO,315.0,12184841918,village,627,9.3,Belghoria Expressway,556.33,HATIKHALI,17.6,Bihara,79.21,Kolkata Port (Syama Prasad Mookerjee Port) incl. Haldia Dock Complex,568.83,ICD Amingaon,134.38,Dawki ICP,102.19,Lokpriya Gopinath Bordoloi International Airport (GAU),139.96,MMLP Silchar,90.99,Silchar Terminal,90.99,FCI Depot Dimapur,83.75,DIMA HASAO Toll Plaza,22.97
Kaila Disa,DIMA HASAO,315.0,12184841919,village,627,7.46,Belghoria Expressway,556.06,LAMSAKHANG,19.15,Bihara,80.2,Kolkata Port (Syama Prasad Mookerjee Port) incl. Haldia Dock Complex,568.57,ICD Amingaon,132.59,Dawki ICP,101.75,Lokpriya Gopinath Bordoloi International Airport (GAU),138.23,MMLP Silchar,92.19,Silchar Terminal,92.19,FCI Depot Dimapur,84.57,DIMA HASAO Toll Plaza,23.77
Adālāngso,DIMA HASAO,315.0,12184841920,village,627,4.93,Belghoria Expressway,557.7,LAMSAKHANG,17.29,Bihara,82.95,Kolkata Port (Syama Prasad Mookerjee Port) incl. Haldia Dock Complex,570.23,ICD Amingaon,131.39,Dawki ICP,103.23,Lokpriya Gopinath Bordoloi International Airport (GAU),137.25,MMLP Silchar,95.03,Silchar Terminal,95.03,FCI Depot Dimapur,83.77,DIMA HASAO Toll Plaza,23.13
Ardha,DIMA HASAO,315.0,12184841921,village,627,4.38,Belghoria Expressway,558.3,LAMSAKHANG,16.69,Bihara,83.77,Kolkata Port (Syama Prasad Mookerjee Port) incl. Haldia Dock Complex,570.83,ICD Amingaon,131.22,Dawki ICP,103.79,Lokpriya Gopinath Bordoloi International Airport (GAU),137.14,MMLP Silchar,95.84,Silchar Terminal,95.84,FCI Depot Dimapur,83.4,DIMA HASAO Toll Plaza,22.85
Ningthe,DIMA HASAO,315.0,12184841922,village,627,3.62,Belghoria Expressway,558.78,LAMSAKHANG,16.22,Bihara,84.66,Kolkata Port (Syama Prasad Mookerjee Port) incl. Haldia Dock Complex,571.32,ICD Amingaon,130.77,Dawki ICP,104.23,Lokpriya Gopinath Bordoloi International Airport (GAU),136.76,MMLP Silchar,96.77,Silchar Terminal,96.77,FCI Depot Dimapur,83.24,DIMA HASAO Toll Plaza,22.82
Ningthe,DIMA HASAO,315.0,12184841923,village,627,3.6,Belghoria Expressway,559.5,LAMSAKHANG,15.52,Bihara,85.37,Kolkata Port (Syama Prasad Mookerjee Port) incl. Haldia Dock Complex,572.05,ICD Amingaon,130.95,Dawki ICP,104.95,Lokpriya Gopinath Bordoloi International Airport (GAU),137.0,MMLP Silchar,97.44,Silghat Terminal,97.28,FCI Depot Dimapur,82.65,DIMA HASAO Toll Plaza,22.32
Probdisa,DIMA HASAO,315.0,12184841924,village,627,2.65,Belghoria Expressway,559.94,LAMSAKHANG,15.18,Bihara,86.33,Kolkata Port (Syama Prasad Mookerjee Port) incl. Haldia Dock Complex,572.49,ICD Amingaon,130.35,Dawki ICP,105.35,Lokpriya Gopinath Bordoloi International Airport (GAU),136.47,MMLP Silchar,98.45,Silghat Terminal,96.23,FCI Depot Dimapur,82.61,DIMA HASAO Toll Plaza,22.48
Probdisa,DIMA HASAO,315.0,12184841925,village,627,1.75,Belghoria Expressway,560.96,LAMSAKHANG,14.27,Bihara,87.44,Kolkata Port (Syama Prasad Mookerjee Port) incl. Haldia Dock Complex,573.51,ICD Amingaon,130.45,Dawki ICP,106.34,Lokpriya Gopinath Bordoloi International Airport (GAU),136.66,MMLP Silchar,99.53,Silghat Terminal,95.22,FCI Depot Dimapur,81.88,DIMA HASAO Toll Plaza,21.96
Kārbithepa,DIMA HASAO,315.0,12184841926,village,627,0.47,Belghoria Expressway,560.05,LAMSAKHANG,15.54,Bihara,87.83,Kolkata Port (Syama Prasad Mookerjee Port) incl. Haldia Dock Complex,572.61,ICD Amingaon,128.54,Dawki ICP,105.39,Lokpriya Gopinath Bordoloi International Airport (GAU),134.77,MMLP Silchar,100.13,Silghat Terminal,94.4,FCI Depot Dimapur,83.38,DIMA HASAO Toll Plaza,23.72
Washobil,DIMA HASAO,315.0,12184841927,village,627,0.97,Belghoria Expressway,561.19,LAMSAKHANG,14.19,Bihara,88.1,Kolkata Port (Syama Prasad Mookerjee Port) incl. Haldia Dock Complex,573.75,ICD Amingaon,129.95,Dawki ICP,106.56,Lokpriya Gopinath Bordoloi International Airport (GAU),136.21,MMLP Silchar,100.23,Silghat Terminal,94.48,FCI Depot Dimapur,81.95,DIMA HASAO Toll Plaza,22.23
Chhota Wāshling No. 2,DIMA HASAO,315.0,12184841928,village,627,0.48,Belghoria Expressway,561.76,LAMSAKHANG,13.72,Bihara,88.74,Kolkata Port (Syama Prasad Mookerjee Port) incl. Haldia Dock Complex,574.32,ICD Amingaon,129.99,Dawki ICP,107.11,Lokpriya Gopinath Bordoloi International Airport (GAU),136.3,MMLP Silchar,100.85,Silghat Terminal,93.88,FCI Depot Dimapur,81.56,DIMA HASAO Toll Plaza,22.0
Haflong Tiniali,DIMA HASAO,315.0,12184841929,village,627,0.04,Belghoria Expressway,562.04,LAMSAKHANG,13.59,Bihara,89.26,Kolkata Port (Syama Prasad Mookerjee Port) incl. Haldia Dock Complex,574.61,ICD Amingaon,129.75,Dawki ICP,107.39,Lokpriya Gopinath Bordoloi International Airport (GAU),136.1,MMLP Silchar,101.39,Silghat Terminal,93.33,FCI Depot Dimapur,81.5,DIMA HASAO Toll Plaza,22.1
Lāngkri,DIMA HASAO,315.0,12184848890,village,627,0.06,Belghoria Expressway,557.99,LAMSAKHANG,17.55,Bihara,86.33,Kolkata Port (Syama Prasad Mookerjee Port) incl. Haldia Dock Complex,570.56,ICD Amingaon,127.38,Dawki ICP,103.33,Lokpriya Gopinath Bordoloi International Airport (GAU),133.47,MMLP Silchar,98.81,Silghat Terminal,95.59,FCI Depot Dimapur,85.3,DIMA HASAO Toll Plaza,25.4
Lāngkri,DIMA HASAO,315.0,12184848891,village,627,0.62,Belghoria Expressway,557.94,LAMSAKHANG,17.47,Bihara,85.92,Kolkata Port (Syama Prasad Mookerjee Port) incl. Haldia Dock Complex,570.5,ICD Amingaon,127.82,Dawki ICP,103.29,Lokpriya Gopinath Bordoloi International Airport (GAU),133.89,MMLP Silchar,98.36,Silghat Terminal,96.06,FCI Depot Dimapur,85.13,DIMA HASAO Toll Plaza,25.12
Klempu,DIMA HASAO,315.0,12184848892,village,627,2.08,Belghoria Expressway,557.85,LAMSAKHANG,17.29,Bihara,84.9,Kolkata Port (Syama Prasad Mookerjee Port) incl. Haldia Dock Complex,570.41,ICD Amingaon,129.03,Dawki ICP,103.25,Lokpriya Gopinath Bordoloi International Airport (GAU),135.02,MMLP Silchar,97.22,Silchar Terminal,97.22,FCI Depot Dimapur,84.65,DIMA HASAO Toll Plaza,24.38
Klempu,DIMA HASAO,315.0,12184848893,village,627,2.32,Belghoria Expressway,557.52,LAMSAKHANG,17.59,Bihara,84.5,Kolkata Port (Syama Prasad Mookerjee Port) incl. Haldia Dock Complex,570.07,ICD Amingaon,129.05,Dawki ICP,102.92,Lokpriya Gopinath Bordoloi International Airport (GAU),135.01,MMLP Silchar,96.83,Silchar Terminal,96.83,FCI Depot Dimapur,84.87,DIMA HASAO Toll Plaza,24.54
Klempu,DIMA HASAO,315.0,12184848894,village,627,2.58,Belghoria Expressway,557.14,LAMSAKHANG,17.95,Bihara,84.08,Kolkata Port (Syama Prasad Mookerjee Port) incl. Haldia Dock Complex,569.68,ICD Amingaon,129.03,Dawki ICP,102.55,Lokpriya Gopinath Bordoloi International Airport (GAU),134.95,MMLP Silchar,96.42,Silchar Terminal,96.42,FCI Depot Dimapur,85.15,DIMA HASAO Toll Plaza,24.77
New Gera,DIMA HASAO,315.0,12184848895,village,627,8.58,Belghoria Expressway,554.15,HATIKHALI,19.89,Bihara,78.26,Kolkata Port (Syama Prasad Mookerjee Port) incl. Haldia Dock Complex,566.66,ICD Amingaon,132.27,Dawki ICP,99.91,Lokpriya Gopinath Bordoloi International Airport (GAU),137.75,MMLP Silchar,90.36,Silchar Terminal,90.36,FCI Depot Dimapur,86.18,DIMA HASAO Toll Plaza,25.38
Boro Langlai,DIMA HASAO,315.0,12184848896,village,627,0.15,Belghoria Expressway,529.49,DIJAOBRA,36.55,Bihara,55.55,Kolkata Port (Syama Prasad Mookerjee Port) incl. Haldia Dock Complex,541.94,ICD Amingaon,129.03,Dawki ICP,76.48,Lokpriya Gopinath Bordoloi International Airport (GAU),132.31,MMLP Silchar,69.59,Badarpur Terminal,67.12,FCI Depot Silchar,69.59,DIMA HASAO Toll Plaza,49.17
Kurungthar,DIMA HASAO,315.0,12184848898,village,627,3.06,Belghoria Expressway,532.4,DIJAOBRA,33.28,Bihara,56.26,Kolkata Port (Syama Prasad Mookerjee Port) incl. Haldia Dock Complex,544.83,ICD Amingaon,131.46,Dawki ICP,79.64,Lokpriya Gopinath Bordoloi International Airport (GAU),134.93,MMLP Silchar,69.82,Badarpur Terminal,68.7,FCI Depot Silchar,69.82,DIMA HASAO Toll Plaza,46.32
Thāosenpur,DIMA HASAO,315.0,12184848899,village,627,4.15,Belghoria Expressway,534.04,DIJAOBRA,31.33,Bihara,56.5,Kolkata Port (Syama Prasad Mookerjee Port) incl. Haldia Dock Complex,546.47,ICD Amingaon,133.16,Dawki ICP,81.5,Lokpriya Gopinath Bordoloi International Airport (GAU),136.73,MMLP Silchar,69.73,Badarpur Terminal,69.47,FCI Depot Silchar,69.73,DIMA HASAO Toll Plaza,44.78
Khunti,DIMA HASAO,315.0,12184848900,village,627,2.72,Belghoria Expressway,535.2,DIJAOBRA,30.94,Bihara,58.68,Kolkata Port (Syama Prasad Mookerjee Port) incl. Haldia Dock Complex,547.63,ICD Amingaon,131.77,Dawki ICP,82.24,Lokpriya Gopinath Bordoloi International Airport (GAU),135.5,MMLP Silchar,71.97,Badarpur Terminal,71.45,FCI Depot Silchar,71.97,DIMA HASAO Toll Plaza,43.49
Dorbin,DIMA HASAO,315.0,12184851601,village,627,4.16,Belghoria Expressway,536.19,DIJAOBRA,29.62,Bihara,58.62,Kolkata Port (Syama Prasad Mookerjee Port) incl. Haldia Dock Complex,548.62,ICD Amingaon,133.12,Dawki ICP,83.42,Lokpriya Gopinath Bordoloi International Airport (GAU),136.89,MMLP Silchar,71.68,Silchar Terminal,71.68,FCI Depot Silchar,71.68,DIMA HASAO Toll Plaza,42.57
Dithur,DIMA HASAO,315.0,12184851602,village,627,3.94,Belghoria Expressway,536.5,DIJAOBRA,29.44,Bihara,59.04,Kolkata Port (Syama Prasad Mookerjee Port) incl. Haldia Dock Complex,548.93,ICD Amingaon,132.97,Dawki ICP,83.68,Lokpriya Gopinath Bordoloi International Airport (GAU),136.77,MMLP Silchar,72.09,Silchar Terminal,72.09,FCI Depot Silchar,72.09,DIMA HASAO Toll Plaza,42.23
Wāridiplāi,DIMA HASAO,315.0,12184851603,village,627,4.52,Belghoria Expressway,538.14,DIJAOBRA,27.96,Bihara,60.24,Kolkata Port (Syama Prasad Mookerjee Port) incl. Haldia Dock Complex,550.57,ICD Amingaon,133.54,Dawki ICP,85.27,Lokpriya Gopinath Bordoloi International Airport (GAU),137.47,MMLP Silchar,73.1,Silchar Terminal,73.1,FCI Depot Silchar,73.1,DIMA HASAO Toll Plaza,40.6
Wāridiplāi,DIMA HASAO,315.0,12184851604,village,627,4.88,Belghoria Expressway,539.16,DIJAOBRA,27.18,Bihara,61.23,Kolkata Port (Syama Prasad Mookerjee Port) incl. Haldia Dock Complex,551.59,ICD Amingaon,133.6,Dawki ICP,86.21,Lokpriya Gopinath Bordoloi International Airport (GAU),137.62,MMLP Silchar,74.01,Silchar Terminal,74.01,FCI Depot Silchar,74.01,DIMA HASAO Toll Plaza,39.56
Dikārbi,DIMA HASAO,315.0,12184851605,village,627,5.97,Belghoria Expressway,542.34,DIJAOBRA,25.48,Bihara,65.04,Kolkata Port (Syama Prasad Mookerjee Port) incl. Haldia Dock Complex,554.8,ICD Amingaon,132.86,Dawki ICP,88.97,Lokpriya Gopinath Bordoloi International Airport (GAU),137.21,MMLP Silchar,77.68,Silchar Terminal,77.68,FCI Depot Silchar,77.68,DIMA HASAO Toll Plaza,36.3
Bāro Tungkārāng,DIMA HASAO,315.0,12184851607,village,627,8.5,Belghoria Expressway,543.11,DIJAOBRA,23.32,Bihara,63.68,Kolkata Port (Syama Prasad Mookerjee Port) incl. Haldia Dock Complex,555.54,ICD Amingaon,135.84,Dawki ICP,90.23,Lokpriya Gopinath Bordoloi International Airport (GAU),140.14,MMLP Silchar,75.91,Silchar Terminal,75.91,FCI Depot Silchar,75.91,DIMA HASAO Toll Plaza,35.68
Langchiru,DIMA HASAO,315.0,12184851609,village,627,0.32,Belghoria Expressway,533.83,DIJAOBRA,33.0,Bihara,59.2,Kolkata Port (Syama Prasad Mookerjee Port) incl. Haldia Dock Complex,546.29,ICD Amingaon,129.45,Dawki ICP,80.55,Lokpriya Gopinath Bordoloi International Airport (GAU),133.13,MMLP Silchar,72.83,Badarpur Terminal,71.34,FCI Depot Silchar,72.83,DIMA HASAO Toll Plaza,44.81
Umrāngso,DIMA HASAO,315.0,12184851610,village,627,0.07,Belghoria Expressway,532.95,DIJAOBRA,34.07,Bihara,59.1,Kolkata Port (Syama Prasad Mookerjee Port) incl. Haldia Dock Complex,545.41,ICD Amingaon,128.54,Dawki ICP,79.57,Lokpriya Gopinath Bordoloi International Airport (GAU),132.17,MMLP Silchar,72.89,Badarpur Terminal,70.96,FCI Depot Silchar,72.89,DIMA HASAO Toll Plaza,45.7
Umrāngso (16km),DIMA HASAO,315.0,12184851611,village,627,0.06,Belghoria Expressway,534.46,DIJAOBRA,32.84,Bihara,60.3,Kolkata Port (Syama Prasad Mookerjee Port) incl. Haldia Dock Complex,546.92,ICD Amingaon,128.82,Dawki ICP,81.01,Lokpriya Gopinath Bordoloi International Airport (GAU),132.59,MMLP Silchar,73.93,Badarpur Terminal,72.36,FCI Depot Silchar,73.93,DIMA HASAO Toll Plaza,44.2
Umrāngso,DIMA HASAO,315.0,12184851612,village,627,1.37,Belghoria Expressway,537.56,DIJAOBRA,30.82,Bihara,63.37,Kolkata Port (Syama Prasad Mookerjee Port) incl. Haldia Dock Complex,550.04,ICD Amingaon,128.73,Dawki ICP,83.88,Lokpriya Gopinath Bordoloi International Airport (GAU),132.79,MMLP Silchar,76.78,Badarpur Terminal,75.69,FCI Depot Silchar,76.78,DIMA HASAO Toll Plaza,41.15
Umrāngshu,DIMA HASAO,315.0,12184851613,village,627,0.14,Belghoria Expressway,536.89,DIJAOBRA,32.02,Bihara,63.77,Kolkata Port (Syama Prasad Mookerjee Port) incl. Haldia Dock Complex,549.37,ICD Amingaon,127.41,Dawki ICP,83.06,Lokpriya Gopinath Bordoloi International Airport (GAU),131.46,MMLP Silchar,77.35,Badarpur Terminal,75.76,FCI Depot Silchar,77.35,DIMA HASAO Toll Plaza,41.91
Umrāngshu,DIMA HASAO,315.0,12184851614,village,627,0.13,Belghoria Expressway,536.44,DIJAOBRA,32.07,Bihara,63.01,Kolkata Port (Syama Prasad Mookerjee Port) incl. Haldia Dock Complex,548.91,ICD Amingaon,127.8,Dawki ICP,82.69,Lokpriya Gopinath Bordoloi International Airport (GAU),131.79,MMLP Silchar,76.59,Badarpur Terminal,75.04,FCI Depot Silchar,76.59,DIMA HASAO Toll Plaza,42.31
Mangle,DIMA HASAO,315.0,12184851615,village,627,3.34,Belghoria Expressway,540.46,DIJAOBRA,28.07,Bihara,64.95,Kolkata Port (Syama Prasad Mookerjee Port) incl. Haldia Dock Complex,552.93,ICD Amingaon,130.41,Dawki ICP,86.84,Lokpriya Gopinath Bordoloi International Airport (GAU),134.69,MMLP Silchar,77.99,Badarpur Terminal,77.83,FCI Depot Silchar,77.99,DIMA HASAO Toll Plaza,38.23
Diamāi,DIMA HASAO,315.0,12184851617,village,627,8.87,Belghoria Expressway,549.27,HATIKHALI,21.28,Bihara,72.33,Kolkata Port (Syama Prasad Mookerjee Port) incl. Haldia Dock Complex,561.74,ICD Amingaon,132.98,Dawki ICP,95.4,Lokpriya Gopinath Bordoloi International Airport (GAU),137.97,MMLP Silchar,84.56,Silchar Terminal,84.56,FCI Depot Silchar,84.56,DIMA HASAO Toll Plaza,29.55
Lāngkula,DIMA HASAO,315.0,12184851618,village,627,11.97,Belghoria Expressway,551.54,HATIKHALI,18.15,Bihara,72.67,Kolkata Port (Syama Prasad Mookerjee Port) incl. Haldia Dock Complex,564.0,ICD Amingaon,136.02,Dawki ICP,97.94,Lokpriya Gopinath Bordoloi International Airport (GAU),141.08,MMLP Silchar,84.44,Silchar Terminal,84.44,FCI Depot Silchar,84.44,DIMA HASAO Toll Plaza,27.12
Pāklāngso,DIMA HASAO,315.0,12184851619,village,627,13.05,Belghoria Expressway,550.05,DIJAOBRA,17.7,Bihara,69.28,Kolkata Port (Syama Prasad Mookerjee Port) incl. Haldia Dock Complex,562.48,ICD Amingaon,138.56,Dawki ICP,97.01,Lokpriya Gopinath Bordoloi International Airport (GAU),143.37,MMLP Silchar,80.78,Silchar Terminal,80.78,FCI Depot Silchar,80.78,DIMA HASAO Toll Plaza,28.74
Lāngdisa,DIMA HASAO,315.0,12184851620,village,627,13.52,Belghoria Expressway,551.84,DIJAOBRA,15.45,Bihara,69.92,Kolkata Port (Syama Prasad Mookerjee Port) incl. Haldia Dock Complex,564.26,ICD Amingaon,140.59,Dawki ICP,99.01,Lokpriya Gopinath Bordoloi International Airport (GAU),145.47,MMLP Silchar,81.06,Silchar Terminal,81.06,FCI Depot Silchar,81.06,DIMA HASAO Toll Plaza,27.14
Bar Lānghārāng,DIMA HASAO,315.0,12184851622,village,627,10.86,Belghoria Expressway,550.57,DIJAOBRA,15.11,Bihara,67.5,Kolkata Port (Syama Prasad Mookerjee Port) incl. Haldia Dock Complex,562.97,ICD Amingaon,142.17,Dawki ICP,98.21,Lokpriya Gopinath Bordoloi International Airport (GAU),146.87,MMLP Silchar,78.46,Silchar Terminal,78.46,FCI Depot Silchar,78.46,DIMA HASAO Toll Plaza,28.87
Dithur,DIMA HASAO,315.0,12184851626,village,627,8.63,Belghoria Expressway,549.75,DIJAOBRA,14.98,Bihara,65.65,Kolkata Port (Syama Prasad Mookerjee Port) incl. Haldia Dock Complex,562.13,ICD Amingaon,143.66,Dawki ICP,97.83,Lokpriya Gopinath Bordoloi International Airport (GAU),148.23,MMLP Silchar,76.42,Silchar Terminal,76.42,FCI Depot Silchar,76.42,DIMA HASAO Toll Plaza,30.23
Dihāngi,DIMA HASAO,315.0,12184851628,village,627,0.14,Belghoria Expressway,547.52,DIHAKHO,13.46,Bihara,57.93,Kolkata Port (Syama Prasad Mookerjee Port) incl. Haldia Dock Complex,559.8,ICD Amingaon,153.11,Sutarkandi ICP,94.12,Lokpriya Gopinath Bordoloi International Airport (GAU),157.11,MMLP Silchar,67.09,Silchar Terminal,67.09,FCI Depot Silchar,67.09,DIMA HASAO Toll Plaza,37.36
Lāngmāīsādikhrang,DIMA HASAO,315.0,12184851629,village,627,0.81,Belghoria Expressway,548.15,DIHAKHO,13.31,Bihara,58.82,Kolkata Port (Syama Prasad Mookerjee Port) incl. Haldia Dock Complex,560.43,ICD Amingaon,152.69,Sutarkandi ICP,94.98,Lokpriya Gopinath Bordoloi International Airport (GAU),156.77,MMLP Silchar,68.05,Silchar Terminal,68.05,FCI Depot Silchar,68.05,DIMA HASAO Toll Plaza,36.42
Lānglāi No 2,DIMA HASAO,315.0,12184851630,village,627,0.36,Belghoria Expressway,547.0,LANGTING,15.09,Bihara,58.5,Kolkata Port (Syama Prasad Mookerjee Port) incl. Haldia Dock Complex,559.3,ICD Amingaon,150.85,Sutarkandi ICP,94.48,Lokpriya Gopinath Bordoloi International Airport (GAU),154.9,MMLP Silchar,68.14,Silchar Terminal,68.14,FCI Depot Silchar,68.14,DIMA HASAO Toll Plaza,36.58
Lānglāi No 1,DIMA HASAO,315.0,12184851631,village,627,1.78,Belghoria Expressway,548.54,LANGTING,13.61,Bihara,60.04,Kolkata Port (Syama Prasad Mookerjee Port) incl. Haldia Dock Complex,560.84,ICD Amingaon,151.14,Sutarkandi ICP,96.05,Lokpriya Gopinath Bordoloi International Airport (GAU),155.31,MMLP Silchar,69.56,Silchar Terminal,69.56,FCI Depot Silchar,69.56,DIMA HASAO Toll Plaza,35.06
Hārāngajao,DIMA HASAO,315.0,12185046687,village,27,0.31,Belghoria Expressway,518.73,DITOKCHERRA,6.05,Bihara,23.05,Kolkata Port (Syama Prasad Mookerjee Port) incl. Haldia Dock Complex,530.8,ICD Amingaon,163.99,Sutarkandi ICP,59.86,Lokpriya Gopinath Bordoloi International Airport (GAU),165.39,MMLP Silchar,31.14,Silchar Terminal,31.14,FCI Depot Silchar,31.14,CACHAR Toll Plaza,20.43
Kobak,DIMA HASAO,315.0,12185046688,village,627,13.3,Belghoria Expressway,524.29,DITOKCHERRA,21.22,Bihara,36.93,Kolkata Port (Syama Prasad Mookerjee Port) incl. Haldia Dock Complex,536.55,ICD Amingaon,147.36,Sutarkandi ICP,71.83,Lokpriya Gopinath Bordoloi International Airport (GAU),149.62,MMLP Silchar,49.23,Silchar Terminal,49.23,FCI Depot Silchar,49.23,CACHAR Toll Plaza,37.19
Dimādao,DIMA HASAO,315.0,12186828446,village,627,4.6,Belghoria Expressway,546.15,DIJAOBRA,17.85,Bihara,61.32,Kolkata Port (Syama Prasad Mookerjee Port) incl. Haldia Dock Complex,558.51,ICD Amingaon,144.29,Dawki ICP,94.88,Lokpriya Gopinath Bordoloi International Airport (GAU),148.52,MMLP Silchar,72.16,Silchar Terminal,72.16,FCI Depot Silchar,72.16,DIMA HASAO Toll Plaza,34.41
Wāri Lāmpu,DIMA HASAO,315.0,12186828447,village,627,3.63,Belghoria Expressway,543.59,DIJAOBRA,20.54,Bihara,59.79,Kolkata Port (Syama Prasad Mookerjee Port) incl. Haldia Dock Complex,555.96,ICD Amingaon,142.33,Dawki ICP,92.15,Lokpriya Gopinath Bordoloi International Airport (GAU),146.41,MMLP Silchar,71.09,Silchar Terminal,71.09,FCI Depot Silchar,71.09,DIMA HASAO Toll Plaza,36.52
Amardisa,DIMA HASAO,315.0,12186828448,village,627,0.2,Belghoria Expressway,543.43,LANGTING,19.18,Bihara,57.06,Kolkata Port (Syama Prasad Mookerjee Port) incl. Haldia Dock Complex,555.76,ICD Amingaon,146.47,Sutarkandi ICP,92.5,Lokpriya Gopinath Bordoloi International Airport (GAU),150.38,MMLP Silchar,67.69,Silchar Terminal,67.69,FCI Depot Silchar,67.69,DIMA HASAO Toll Plaza,38.28
Dikongmābra,DIMA HASAO,315.0,12186828449,village,627,3.18,Belghoria Expressway,542.45,MUPA,17.91,Bihara,53.67,Kolkata Port (Syama Prasad Mookerjee Port) incl. Haldia Dock Complex,554.73,ICD Amingaon,150.61,Sutarkandi ICP,89.6,Lokpriya Gopinath Bordoloi International Airport (GAU),154.29,MMLP Silchar,63.58,Silchar Terminal,63.58,FCI Depot Silchar,63.58,DIMA HASAO Toll Plaza,41.39
Bāgha,DIMA HASAO,315.0,12186828451,village,627,0.06,Belghoria Expressway,536.22,MUPA,26.04,Bihara,51.35,Kolkata Port (Syama Prasad Mookerjee Port) incl. Haldia Dock Complex,548.55,ICD Amingaon,143.43,Sutarkandi ICP,86.16,Lokpriya Gopinath Bordoloi International Airport (GAU),146.83,MMLP Silchar,63.01,Silchar Terminal,63.01,FCI Depot Silchar,63.01,DIMA HASAO Toll Plaza,44.86
Christian Lānglut,DIMA HASAO,315.0,12186828452,village,627,1.83,Belghoria Expressway,535.51,LANGTING,27.66,Bihara,52.56,Kolkata Port (Syama Prasad Mookerjee Port) incl. Haldia Dock Complex,547.87,ICD Amingaon,140.55,Dawki ICP,84.71,Lokpriya Gopinath Bordoloi International Airport (GAU),143.98,MMLP Silchar,64.73,Silchar Terminal,64.73,FCI Depot Silchar,64.73,DIMA HASAO Toll Plaza,44.67
Choto Lānglut,DIMA HASAO,315.0,12186828453,village,627,2.29,Belghoria Expressway,534.97,LANGTING,28.59,Bihara,53.01,Kolkata Port (Syama Prasad Mookerjee Port) incl. Haldia Dock Complex,547.34,ICD Amingaon,139.12,Dawki ICP,83.83,Lokpriya Gopinath Bordoloi International Airport (GAU),142.56,MMLP Silchar,65.42,Silchar Terminal,65.42,FCI Depot Silchar,65.42,DIMA HASAO Toll Plaza,44.86
Hindu Lānglut,DIMA HASAO,315.0,12186828454,village,627,3.88,Belghoria Expressway,535.73,LANGTING,28.6,Bihara,54.86,Kolkata Port (Syama Prasad Mookerjee Port) incl. Haldia Dock Complex,548.11,ICD Amingaon,137.59,Dawki ICP,84.07,Lokpriya Gopinath Bordoloi International Airport (GAU),141.15,MMLP Silchar,67.42,Silchar Terminal,67.42,FCI Depot Silchar,67.42,DIMA HASAO Toll Plaza,43.7
Bangphiri,DIMA HASAO,315.0,12186828455,village,627,2.44,Belghoria Expressway,532.93,LANGTING,31.28,Bihara,53.02,Kolkata Port (Syama Prasad Mookerjee Port) incl. Haldia Dock Complex,545.32,ICD Amingaon,136.34,Dawki ICP,81.29,Lokpriya Gopinath Bordoloi International Airport (GAU),139.69,MMLP Silchar,65.99,Silchar Terminal,65.99,FCI Depot Silchar,65.99,DIMA HASAO Toll Plaza,46.4
Bangphiri,DIMA HASAO,315.0,12186828456,village,627,1.21,Belghoria Expressway,533.01,LANGTING,30.71,Bihara,52.11,Kolkata Port (Syama Prasad Mookerjee Port) incl. Haldia Dock Complex,545.39,ICD Amingaon,137.69,Dawki ICP,81.73,Lokpriya Gopinath Bordoloi International Airport (GAU),141.0,MMLP Silchar,64.9,Silchar Terminal,64.9,FCI Depot Silchar,64.9,DIMA HASAO Toll Plaza,46.59
New Sangbar,DIMA HASAO,315.0,12186828457,village,627,0.0,Belghoria Expressway,530.75,LANGTING,32.65,Bihara,50.02,Kolkata Port (Syama Prasad Mookerjee Port) incl. Haldia Dock Complex,543.12,ICD Amingaon,137.55,Dawki ICP,79.72,Lokpriya Gopinath Bordoloi International Airport (GAU),140.66,MMLP Silchar,63.05,Silchar Terminal,63.05,FCI Depot Silchar,63.05,DIMA HASAO Toll Plaza,48.94
Raising,DIMA HASAO,315.0,12187250119,village,27,6.99,Belghoria Expressway,521.68,DITOKCHERRA,10.43,Bihara,27.95,Kolkata Port (Syama Prasad Mookerjee Port) incl. Haldia Dock Complex,533.82,ICD Amingaon,158.71,Sutarkandi ICP,64.53,Lokpriya Gopinath Bordoloi International Airport (GAU),160.46,MMLP Silchar,37.75,Silchar Terminal,37.75,FCI Depot Silchar,37.75,CACHAR Toll Plaza,26.46
Indanglo,DIMA HASAO,315.0,12187250120,village,27,9.83,Belghoria Expressway,525.67,DITOKCHERRA,14.54,Bihara,32.12,Kolkata Port (Syama Prasad Mookerjee Port) incl. Haldia Dock Complex,537.82,ICD Amingaon,158.6,Sutarkandi ICP,68.72,Lokpriya Gopinath Bordoloi International Airport (GAU),160.66,MMLP Silchar,41.4,Silchar Terminal,41.4,FCI Depot Silchar,41.4,CACHAR Toll Plaza,30.41
Rānchirām,DIMA HASAO,315.0,12187250121,village,627,12.72,Belghoria Expressway,528.21,Jatinga,16.87,Bihara,35.66,Kolkata Port (Syama Prasad Mookerjee Port) incl. Haldia Dock Complex,540.39,ICD Amingaon,156.53,Sutarkandi ICP,72.1,Lokpriya Gopinath Bordoloi International Airport (GAU),158.85,MMLP Silchar,45.29,Silchar Terminal,45.29,FCI Depot Silchar,45.29,CACHAR Toll Plaza,34.21
Mauldam,DIMA HASAO,315.0,12187250122,village,27,11.52,Belghoria Expressway,521.2,DITOKCHERRA,13.21,Bihara,29.87,Kolkata Port (Syama Prasad Mookerjee Port) incl. Haldia Dock Complex,533.39,ICD Amingaon,153.93,Sutarkandi ICP,65.81,Lokpriya Gopinath Bordoloi International Airport (GAU),155.75,MMLP Silchar,41.19,Silchar Terminal,41.19,FCI Depot Silchar,41.19,CACHAR Toll Plaza,29.38
Jahāi,DIMA HASAO,315.0,12187250123,village,27,11.46,Belghoria Expressway,522.2,DITOKCHERRA,13.66,Bihara,30.55,Kolkata Port (Syama Prasad Mookerjee Port) incl. Haldia Dock Complex,534.38,ICD Amingaon,154.49,Sutarkandi ICP,66.62,Lokpriya Gopinath Bordoloi International Airport (GAU),156.38,MMLP Silchar,41.56,Silchar Terminal,41.56,FCI Depot Silchar,41.56,CACHAR Toll Plaza,29.87
Mālangpa,DIMA HASAO,315.0,12187250124,village,27,12.04,Belghoria Expressway,522.14,DITOKCHERRA,14.06,Bihara,30.82,Kolkata Port (Syama Prasad Mookerjee Port) incl. Haldia Dock Complex,534.32,ICD Amingaon,153.88,Sutarkandi ICP,66.79,Lokpriya Gopinath Bordoloi International Airport (GAU),155.78,MMLP Silchar,42.0,Silchar Terminal,42.0,FCI Depot Silchar,42.0,CACHAR Toll Plaza,30.25
Thāijal,DIMA HASAO,315.0,12187250125,village,27,9.67,Belghoria Expressway,518.6,DITOKCHERRA,10.58,Bihara,26.96,Kolkata Port (Syama Prasad Mookerjee Port) incl. Haldia Dock Complex,530.77,ICD Amingaon,154.54,Sutarkandi ICP,62.89,Lokpriya Gopinath Bordoloi International Airport (GAU),156.14,MMLP Silchar,38.59,Silchar Terminal,38.59,FCI Depot Silchar,38.59,CACHAR Toll Plaza,26.64
Kanipiui,DIMA HASAO,315.0,12187250126,village,27,9.86,Belghoria Expressway,520.63,DITOKCHERRA,11.67,Bihara,28.56,Kolkata Port (Syama Prasad Mookerjee Port) incl. Haldia Dock Complex,532.8,ICD Amingaon,155.29,Sutarkandi ICP,64.69,Lokpriya Gopinath Bordoloi International Airport (GAU),157.03,MMLP Silchar,39.6,Silchar Terminal,39.6,FCI Depot Silchar,39.6,CACHAR Toll Plaza,27.87
Thuruk,DIMA HASAO,315.0,12187250127,village,27,8.45,Belghoria Expressway,519.09,DITOKCHERRA,9.83,Bihara,26.68,Kolkata Port (Syama Prasad Mookerjee Port) incl. Haldia Dock Complex,531.24,ICD Amingaon,155.93,Sutarkandi ICP,62.86,Lokpriya Gopinath Bordoloi International Airport (GAU),157.53,MMLP Silchar,37.81,Silchar Terminal,37.81,FCI Depot Silchar,37.81,CACHAR Toll Plaza,26.02
Khotlir,DIMA HASAO,315.0,12187250128,village,27,15.09,Belghoria Expressway,523.42,DITOKCHERRA,17.03,Bihara,33.45,Kolkata Port (Syama Prasad Mookerjee Port) incl. Haldia Dock Complex,535.64,ICD Amingaon,151.53,Sutarkandi ICP,69.08,Lokpriya Gopinath Bordoloi International Airport (GAU),153.59,MMLP Silchar,45.01,Silchar Terminal,45.01,FCI Depot Silchar,45.01,CACHAR Toll Plaza,33.17
Khārtongsip,DIMA HASAO,315.0,12187250129,village,27,16.08,Belghoria Expressway,522.82,DITOKCHERRA,17.6,Bihara,33.67,Kolkata Port (Syama Prasad Mookerjee Port) incl. Haldia Dock Complex,535.04,ICD Amingaon,150.22,Sutarkandi ICP,69.03,Lokpriya Gopinath Bordoloi International Airport (GAU),152.27,MMLP Silchar,45.61,Silchar Terminal,45.61,FCI Depot Silchar,45.61,CACHAR Toll Plaza,33.65
Khunti,DIMA HASAO,315.0,12187250783,village,627,4.13,Belghoria Expressway,535.13,MUPA,24.36,Bihara,48.03,Kolkata Port (Syama Prasad Mookerjee Port) incl. Haldia Dock Complex,547.42,ICD Amingaon,146.91,Sutarkandi ICP,83.35,Lokpriya Gopinath Bordoloi International Airport (GAU),150.1,MMLP Silchar,59.18,Silchar Terminal,59.18,FCI Depot Silchar,59.18,DIMA HASAO Toll Plaza,47.42
Kanan,DIMA HASAO,315.0,12187250784,village,627,4.53,Belghoria Expressway,534.1,MUPA,25.23,Bihara,47.2,Kolkata Port (Syama Prasad Mookerjee Port) incl. Haldia Dock Complex,546.39,ICD Amingaon,146.55,Sutarkandi ICP,82.43,Lokpriya Gopinath Bordoloi International Airport (GAU),149.66,MMLP Silchar,58.51,Silchar Terminal,58.51,FCI Depot Silchar,58.51,CACHAR Toll Plaza,46.87
Vaitongsip,DIMA HASAO,315.0,12187251505,village,627,8.72,Belghoria Expressway,527.38,DITOKCHERRA,25.77,Bihara,41.47,Kolkata Port (Syama Prasad Mookerjee Port) incl. Haldia Dock Complex,539.67,ICD Amingaon,145.03,Sutarkandi ICP,76.12,Lokpriya Gopinath Bordoloi International Airport (GAU),147.61,MMLP Silchar,53.78,Silchar Terminal,53.78,FCI Depot Silchar,53.78,CACHAR Toll Plaza,41.77
Khudirāng,DIMA HASAO,315.0,12187251870,village,627,7.77,Belghoria Expressway,535.29,MUPA,21.78,Bihara,45.32,Kolkata Port (Syama Prasad Mookerjee Port) incl. Haldia Dock Complex,547.53,ICD Amingaon,151.98,Sutarkandi ICP,81.33,Lokpriya Gopinath Bordoloi International Airport (GAU),155.01,MMLP Silchar,55.42,Silchar Terminal,55.42,FCI Depot Silchar,55.42,CACHAR Toll Plaza,44.25
Khunti,DIMA HASAO,315.0,12187253909,village,627,0.3,Belghoria Expressway,532.27,LANGTING,31.2,Bihara,51.13,Kolkata Port (Syama Prasad Mookerjee Port) incl. Haldia Dock Complex,544.64,ICD Amingaon,138.04,Dawki ICP,81.18,Lokpriya Gopinath Bordoloi International Airport (GAU),141.27,MMLP Silchar,63.95,Silchar Terminal,63.95,FCI Depot Silchar,63.95,DIMA HASAO Toll Plaza,47.45
Khunti,DIMA HASAO,315.0,12187253910,village,627,0.35,Belghoria Expressway,532.25,LANGTING,30.87,Bihara,50.28,Kolkata Port (Syama Prasad Mookerjee Port) incl. Haldia Dock Complex,544.61,ICD Amingaon,139.18,Dawki ICP,81.5,Lokpriya Gopinath Bordoloi International Airport (GAU),142.38,MMLP Silchar,62.94,Silchar Terminal,62.94,FCI Depot Silchar,62.94,DIMA HASAO Toll Plaza,47.76
Khunti,DIMA HASAO,315.0,12187253911,village,627,0.42,Belghoria Expressway,529.42,LANGTING,34.14,Bihara,49.63,Kolkata Port (Syama Prasad Mookerjee Port) incl. Haldia Dock Complex,541.8,ICD Amingaon,136.41,Dawki ICP,78.24,Lokpriya Gopinath Bordoloi International Airport (GAU),139.44,MMLP Silchar,62.93,Badarpur Terminal,62.93,FCI Depot Silchar,62.93,DIMA HASAO Toll Plaza,50.08
Sangbār block,DIMA HASAO,315.0,12187253912,village,627,1.08,Belghoria Expressway,530.38,MUPA,32.51,Bihara,48.99,Kolkata Port (Syama Prasad Mookerjee Port) incl. Haldia Dock Complex,542.74,ICD Amingaon,138.47,Dawki ICP,79.68,Lokpriya Gopinath Bordoloi International Airport (GAU),141.52,MMLP Silchar,61.93,Silchar Terminal,61.93,FCI Depot Silchar,61.93,DIMA HASAO Toll Plaza,49.55
Khunti,DIMA HASAO,315.0,12187253913,village,627,2.73,Belghoria Expressway,527.34,DITOKCHERRA,33.15,Bihara,47.46,Kolkata Port (Syama Prasad Mookerjee Port) incl. Haldia Dock Complex,539.71,ICD Amingaon,136.74,Dawki ICP,76.54,Lokpriya Gopinath Bordoloi International Airport (GAU),139.57,MMLP Silchar,60.94,Badarpur Terminal,60.62,FCI Depot Silchar,60.94,CACHAR Toll Plaza,48.65
Khunti,DIMA HASAO,315.0,12187253914,village,627,2.9,Belghoria Expressway,528.22,DITOKCHERRA,32.09,Bihara,46.84,Kolkata Port (Syama Prasad Mookerjee Port) incl. Haldia Dock Complex,540.58,ICD Amingaon,138.63,Dawki ICP,77.89,Lokpriya Gopinath Bordoloi International Airport (GAU),141.47,MMLP Silchar,60.0,Silchar Terminal,60.0,FCI Depot Silchar,60.0,CACHAR Toll Plaza,47.78
Khunti,DIMA HASAO,315.0,12187253916,village,627,5.09,Belghoria Expressway,529.76,DITOKCHERRA,29.39,Bihara,45.06,Kolkata Port (Syama Prasad Mookerjee Port) incl. Haldia Dock Complex,542.08,ICD Amingaon,143.16,Sutarkandi ICP,79.5,Lokpriya Gopinath Bordoloi International Airport (GAU),146.0,MMLP Silchar,57.4,Silchar Terminal,57.4,FCI Depot Silchar,57.4,CACHAR Toll Plaza,45.4
Sangbār,DIMA HASAO,315.0,12187253917,village,627,4.44,Belghoria Expressway,530.37,MUPA,29.67,Bihara,45.73,Kolkata Port (Syama Prasad Mookerjee Port) incl. Haldia Dock Complex,542.68,ICD Amingaon,143.04,Sutarkandi ICP,80.19,Lokpriya Gopinath Bordoloi International Airport (GAU),145.94,MMLP Silchar,58.03,Silchar Terminal,58.03,FCI Depot Silchar,58.03,CACHAR Toll Plaza,46.04
Khorungma,DIMA HASAO,315.0,12188790698,village,627,0.16,Belghoria Expressway,527.96,LANGTING,36.69,Bihara,51.2,Kolkata Port (Syama Prasad Mookerjee Port) incl. Haldia Dock Complex,540.37,ICD Amingaon,132.7,Dawki ICP,75.95,Lokpriya Gopinath Bordoloi International Airport (GAU),135.72,MMLP Silchar,65.05,Badarpur Terminal,63.43,FCI Depot Silchar,65.05,DIMA HASAO Toll Plaza,51.0
Khrongma,DIMA HASAO,315.0,12188790699,village,627,0.06,Belghoria Expressway,527.57,DIJAOBRA,37.26,Bihara,51.42,Kolkata Port (Syama Prasad Mookerjee Port) incl. Haldia Dock Complex,539.98,ICD Amingaon,131.99,Dawki ICP,75.41,Lokpriya Gopinath Bordoloi International Airport (GAU),134.99,MMLP Silchar,65.38,Badarpur Terminal,63.43,FCI Depot Silchar,65.38,DIMA HASAO Toll Plaza,51.32
Merpung,DIMA HASAO,315.0,12188790700,village,627,0.16,Belghoria Expressway,527.93,DIJAOBRA,36.92,Bihara,51.7,Kolkata Port (Syama Prasad Mookerjee Port) incl. Haldia Dock Complex,540.35,ICD Amingaon,132.04,Dawki ICP,75.75,Lokpriya Gopinath Bordoloi International Airport (GAU),135.08,MMLP Silchar,65.62,Badarpur Terminal,63.77,FCI Depot Silchar,65.62,DIMA HASAO Toll Plaza,50.95
Chota Lobāng,DIMA HASAO,315.0,12188828671,village,627,6.03,Belghoria Expressway,522.23,DITOKCHERRA,39.84,Bihara,51.67,Kolkata Port (Syama Prasad Mookerjee Port) incl. Haldia Dock Complex,534.68,ICD Amingaon,126.45,Dawki ICP,69.28,Lokpriya Gopinath Bordoloi International Airport (GAU),129.12,MMLP Silchar,66.58,Badarpur Terminal,61.53,FCI Depot Silchar,66.58,CACHAR Toll Plaza,54.08
Lobāng,DIMA HASAO,315.0,12188828672,village,627,3.56,Belghoria Expressway,524.63,DITOKCHERRA,39.84,Bihara,52.36,Kolkata Port (Syama Prasad Mookerjee Port) incl. Haldia Dock Complex,537.07,ICD Amingaon,127.85,Dawki ICP,71.78,Lokpriya Gopinath Bordoloi International Airport (GAU),130.71,MMLP Silchar,66.95,Badarpur Terminal,62.97,FCI Depot Silchar,66.95,DIMA HASAO Toll Plaza,54.04
Neepco Colony,DIMA HASAO,315.0,12188885950,village,627,9.28,Belghoria Expressway,525.37,DIJAOBRA,44.96,Bihara,61.74,Kolkata Port (Syama Prasad Mookerjee Port) incl. Haldia Dock Complex,537.9,ICD Amingaon,117.85,Dawki ICP,70.95,Lokpriya Gopinath Bordoloi International Airport (GAU),121.11,MMLP Silchar,76.87,Badarpur Terminal,70.34,FCI Depot Shillong,73.65,DIMA HASAO Toll Plaza,54.17
Phonglangso,DIMA HASAO,315.0,12188885951,village,627,7.27,Belghoria Expressway,524.94,DIJAOBRA,43.9,Bihara,59.12,Kolkata Port (Syama Prasad Mookerjee Port) incl. Haldia Dock Complex,537.45,ICD Amingaon,120.39,Dawki ICP,70.8,Lokpriya Gopinath Bordoloi International Airport (GAU),123.53,MMLP Silchar,74.15,Badarpur Terminal,68.15,FCI Depot Silchar,74.15,DIMA HASAO Toll Plaza,54.15
Khandong,DIMA HASAO,315.0,12188885952,village,627,5.94,Belghoria Expressway,526.83,DIJAOBRA,42.13,Bihara,59.94,Kolkata Port (Syama Prasad Mookerjee Port) incl. Haldia Dock Complex,539.34,ICD Amingaon,121.19,Dawki ICP,72.71,Lokpriya Gopinath Bordoloi International Airport (GAU),124.49,MMLP Silchar,74.77,Badarpur Terminal,69.44,FCI Depot Silchar,74.77,DIMA HASAO Toll Plaza,52.24
Purāna Tlanghoi,DIMA HASAO,315.0,12188888737,village,627,4.26,Belghoria Expressway,525.39,DITOKCHERRA,32.79,Bihara,46.58,Kolkata Port (Syama Prasad Mookerjee Port) incl. Haldia Dock Complex,537.76,ICD Amingaon,135.63,Dawki ICP,74.51,Lokpriya Gopinath Bordoloi International Airport (GAU),138.32,MMLP Silchar,60.4,Badarpur Terminal,59.21,FCI Depot Silchar,60.4,CACHAR Toll Plaza,48.03
Tlanghoi,DIMA HASAO,315.0,12188888738,village,627,2.64,Belghoria Expressway,526.02,DITOKCHERRA,34.78,Bihara,48.44,Kolkata Port (Syama Prasad Mookerjee Port) incl. Haldia Dock Complex,538.41,ICD Amingaon,134.0,Dawki ICP,74.58,Lokpriya Gopinath Bordoloi International Airport (GAU),136.79,MMLP Silchar,62.36,Badarpur Terminal,60.74,FCI Depot Silchar,62.36,CACHAR Toll Plaza,49.98
Binnākāndi,CACHAR,316.0,12197522167,village,37,0.99,Belghoria Expressway,516.85,JIRIGHAT,6.85,Bihara,38.52,Kolkata Port (Syama Prasad Mookerjee Port) incl. Haldia Dock Complex,528.48,ICD Amingaon,201.52,Sutarkandi ICP,59.35,Lokpriya Gopinath Bordoloi International Airport (GAU),202.03,MMLP Silchar,24.93,Lakhipur Terminal,2.41,FCI Depot Silchar,24.93,CACHAR Toll Plaza,31.94
Jaipur,CACHAR,316.0,12197522168,village,37,8.77,Belghoria Expressway,525.61,JIRIGHAT,10.51,Bihara,37.13,Kolkata Port (Syama Prasad Mookerjee Port) incl. Haldia Dock Complex,537.36,ICD Amingaon,194.18,Sutarkandi ICP,65.38,Lokpriya Gopinath Bordoloi International Airport (GAU),195.41,MMLP Silchar,28.7,Lakhipur Terminal,14.24,FCI Depot Silchar,28.7,CACHAR Toll Plaza,30.28
Rāja Bāzār,CACHAR,316.0,12197522169,village,37,7.84,Belghoria Expressway,525.81,JIRIGHAT,8.64,Bihara,38.49,Kolkata Port (Syama Prasad Mookerjee Port) incl. Haldia Dock Complex,537.53,ICD Amingaon,196.11,Sutarkandi ICP,65.91,Lokpriya Gopinath Bordoloi International Airport (GAU),197.31,MMLP Silchar,29.34,Lakhipur Terminal,13.25,FCI Depot Silchar,29.34,CACHAR Toll Plaza,31.62
Molong,CACHAR,316.0,12197522170,village,37,17.89,Belghoria Expressway,536.95,JIRIGHAT,18.66,Khongsang,36.85,Kolkata Port (Syama Prasad Mookerjee Port) incl. Haldia Dock Complex,548.72,ICD Amingaon,195.3,Sutarkandi ICP,76.26,Lokpriya Gopinath Bordoloi International Airport (GAU),197.25,MMLP Silchar,39.56,Lakhipur Terminal,25.25,FCI Depot Silchar,39.56,CACHAR Toll Plaza,38.9
Chaikambao,DIMA HASAO,315.0,12197522190,village,627,2.9,Belghoria Expressway,534.67,Jatinga,8.07,Bihara,39.12,Kolkata Port (Syama Prasad Mookerjee Port) incl. Haldia Dock Complex,546.77,ICD Amingaon,166.53,Sutarkandi ICP,75.89,Lokpriya Gopinath Bordoloi International Airport (GAU),169.08,MMLP Silchar,45.01,Silchar Terminal,45.01,FCI Depot Silchar,45.01,CACHAR Toll Plaza,35.83
Leike,DIMA HASAO,315.0,12197522193,village,137G,14.11,Belghoria Expressway,577.72,WADRENGDISA,25.06,Khongsang,49.74,Kolkata Port (Syama Prasad Mookerjee Port) incl. Haldia Dock Complex,589.68,ICD Amingaon,197.48,Sutarkandi ICP,116.76,Lokpriya Gopinath Bordoloi International Airport (GAU),202.08,MMLP Silchar,81.32,Lakhipur Terminal,69.6,FCI Depot Imphal,71.88,DIMA HASAO Toll Plaza,56.31
Shongkai,DIMA HASAO,315.0,12197523898,village,137G,9.02,Belghoria Expressway,555.58,MAHUR,19.18,Khongsang,34.23,Kolkata Port (Syama Prasad Mookerjee Port) incl. Haldia Dock Complex,567.41,ICD Amingaon,197.72,Sutarkandi ICP,94.47,Lokpriya Gopinath Bordoloi International Airport (GAU),200.83,MMLP Silchar,58.08,Lakhipur Terminal,44.4,FCI Depot Silchar,58.08,CACHAR Toll Plaza,55.3
Nutan Shongkai,DIMA HASAO,315.0,12197523899,village,137G,10.14,Belghoria Expressway,554.3,MAHUR,18.82,Khongsang,34.14,Kolkata Port (Syama Prasad Mookerjee Port) incl. Haldia Dock Complex,566.13,ICD Amingaon,197.43,Sutarkandi ICP,93.21,Lokpriya Gopinath Bordoloi International Airport (GAU),200.47,MMLP Silchar,56.8,Lakhipur Terminal,43.11,FCI Depot Silchar,56.8,CACHAR Toll Plaza,54.11
Diglāng,CACHAR,316.0,12197526320,village,37,6.34,Belghoria Expressway,530.32,JIRIBAM,7.15,Khongsang,35.41,Kolkata Port (Syama Prasad Mookerjee Port) incl. Haldia Dock Complex,541.98,ICD Amingaon,202.35,Sutarkandi ICP,71.39,Lokpriya Gopinath Bordoloi International Airport (GAU),203.7,MMLP Silchar,35.19,Lakhipur Terminal,15.8,FCI Depot Silchar,35.19,CACHAR Toll Plaza,38.33
Purāna Hmārlūshei,DIMA HASAO,315.0,12197526401,village,137G,10.88,Belghoria Expressway,552.16,MAHUR,16.23,Khongsang,36.37,Kolkata Port (Syama Prasad Mookerjee Port) incl. Haldia Dock Complex,564.01,ICD Amingaon,194.84,Sutarkandi ICP,91.01,Lokpriya Gopinath Bordoloi International Airport (GAU),197.81,MMLP Silchar,54.73,Lakhipur Terminal,41.91,FCI Depot Silchar,54.73,CACHAR Toll Plaza,51.66
Nutan Hmārlūshei,DIMA HASAO,315.0,12197526402,village,137G,11.23,Belghoria Expressway,552.4,MAHUR,17.38,Khongsang,35.2,Kolkata Port (Syama Prasad Mookerjee Port) incl. Haldia Dock Complex,564.23,ICD Amingaon,195.98,Sutarkandi ICP,91.28,Lokpriya Gopinath Bordoloi International Airport (GAU),198.94,MMLP Silchar,54.92,Lakhipur Terminal,41.64,FCI Depot Silchar,54.92,CACHAR Toll Plaza,52.1
Muallien,DIMA HASAO,315.0,12197526403,village,27,17.32,Belghoria Expressway,544.8,MAHUR,17.05,Khongsang,36.75,Kolkata Port (Syama Prasad Mookerjee Port) incl. Haldia Dock Complex,556.63,ICD Amingaon,193.76,Sutarkandi ICP,83.73,Lokpriya Gopinath Bordoloi International Airport (GAU),196.27,MMLP Silchar,47.3,Lakhipur Terminal,34.42,FCI Depot Silchar,47.3,CACHAR Toll Plaza,44.87
Leiri,DIMA HASAO,315.0,12197526404,village,137G,14.08,Belghoria Expressway,549.65,MAHUR,17.48,Khongsang,34.97,Kolkata Port (Syama Prasad Mookerjee Port) incl. Haldia Dock Complex,561.48,ICD Amingaon,195.73,Sutarkandi ICP,88.58,Lokpriya Gopinath Bordoloi International Airport (GAU),198.5,MMLP Silchar,52.15,Lakhipur Terminal,38.75,FCI Depot Silchar,52.15,CACHAR Toll Plaza,49.61
Dijung,DIMA HASAO,315.0,12197526405,village,137G,14.3,Belghoria Expressway,549.28,MAHUR,17.19,Khongsang,35.29,Kolkata Port (Syama Prasad Mookerjee Port) incl. Haldia Dock Complex,561.11,ICD Amingaon,195.37,Sutarkandi ICP,88.2,Lokpriya Gopinath Bordoloi International Airport (GAU),198.14,MMLP Silchar,51.78,Lakhipur Terminal,38.5,FCI Depot Silchar,51.78,CACHAR Toll Plaza,49.2
Bālādhan,DIMA HASAO,315.0,12197526406,village,137G,15.35,Belghoria Expressway,547.75,MAHUR,16.18,Khongsang,36.51,Kolkata Port (Syama Prasad Mookerjee Port) incl. Haldia Dock Complex,559.58,ICD Amingaon,194.05,Sutarkandi ICP,86.63,Lokpriya Gopinath Bordoloi International Airport (GAU),196.75,MMLP Silchar,50.27,Lakhipur Terminal,37.46,FCI Depot Silchar,50.27,CACHAR Toll Plaza,47.54
Kumāchara,CACHAR,316.0,12200349721,village,37,15.02,Belghoria Expressway,534.42,JIRIGHAT,15.74,Khongsang,37.33,Kolkata Port (Syama Prasad Mookerjee Port) incl. Haldia Dock Complex,546.18,ICD Amingaon,195.93,Sutarkandi ICP,73.94,Lokpriya Gopinath Bordoloi International Airport (GAU),197.7,MMLP Silchar,37.21,Lakhipur Terminal,22.27,FCI Depot Silchar,37.21,CACHAR Toll Plaza,37.27
Nutan Bāzār,CACHAR,316.0,12200349722,village,37,7.01,Belghoria Expressway,525.37,JIRIGHAT,7.61,Bihara,38.75,Kolkata Port (Syama Prasad Mookerjee Port) incl. Haldia Dock Complex,537.08,ICD Amingaon,196.89,Sutarkandi ICP,65.66,Lokpriya Gopinath Bordoloi International Airport (GAU),198.04,MMLP Silchar,29.17,Lakhipur Terminal,12.38,FCI Depot Silchar,29.17,CACHAR Toll Plaza,31.88
Jaipur,CACHAR,316.0,12200349723,village,37,9.27,Belghoria Expressway,525.94,JIRIGHAT,10.96,Bihara,37.16,Kolkata Port (Syama Prasad Mookerjee Port) incl. Haldia Dock Complex,537.69,ICD Amingaon,193.91,Sutarkandi ICP,65.65,Lokpriya Gopinath Bordoloi International Airport (GAU),195.16,MMLP Silchar,28.95,Lakhipur Terminal,14.75,FCI Depot Silchar,28.95,CACHAR Toll Plaza,30.33
Jaipur,CACHAR,316.0,12200349724,village,37,7.97,Belghoria Expressway,525.49,JIRIGHAT,9.34,Bihara,37.75,Kolkata Port (Syama Prasad Mookerjee Port) incl. Haldia Dock Complex,537.22,ICD Amingaon,195.27,Sutarkandi ICP,65.46,Lokpriya Gopinath Bordoloi International Airport (GAU),196.46,MMLP Silchar,28.83,Lakhipur Terminal,13.43,FCI Depot Silchar,28.83,CACHAR Toll Plaza,30.89
Harīnagar,CACHAR,316.0,12200349725,village,37,11.74,Belghoria Expressway,531.6,JIRIGHAT,12.4,Khongsang,38.03,Kolkata Port (Syama Prasad Mookerjee Port) incl. Haldia Dock Complex,543.34,ICD Amingaon,196.85,Sutarkandi ICP,71.43,Lokpriya Gopinath Bordoloi International Airport (GAU),198.41,MMLP Silchar,34.74,Lakhipur Terminal,18.87,FCI Depot Silchar,34.74,CACHAR Toll Plaza,35.75
Laisong,DIMA HASAO,315.0,12200364577,village,137G,2.92,Belghoria Expressway,567.0,WADRENGDISA,17.75,Khongsang,43.67,Kolkata Port (Syama Prasad Mookerjee Port) incl. Haldia Dock Complex,578.93,ICD Amingaon,194.86,Sutarkandi ICP,105.9,Lokpriya Gopinath Bordoloi International Airport (GAU),198.82,MMLP Silchar,70.24,Lakhipur Terminal,58.51,FCI Depot Silchar,70.24,DIMA HASAO Toll Plaza,60.12
Nutan Nenglo,DIMA HASAO,315.0,12200364578,village,137G,2.67,Belghoria Expressway,566.63,WADRENGDISA,17.31,Khongsang,43.85,Kolkata Port (Syama Prasad Mookerjee Port) incl. Haldia Dock Complex,578.56,ICD Amingaon,194.46,Sutarkandi ICP,105.54,Lokpriya Gopinath Bordoloi International Airport (GAU),198.42,MMLP Silchar,69.91,Lakhipur Terminal,58.28,FCI Depot Silchar,69.91,DIMA HASAO Toll Plaza,59.93
Purāna Paisa,DIMA HASAO,315.0,12205922277,village,27,11.91,Belghoria Expressway,541.62,MAHUR,12.69,Khongsang,42.68,Kolkata Port (Syama Prasad Mookerjee Port) incl. Haldia Dock Complex,553.5,ICD Amingaon,187.86,Sutarkandi ICP,80.44,Lokpriya Gopinath Bordoloi International Airport (GAU),190.32,MMLP Silchar,44.52,Lakhipur Terminal,34.48,FCI Depot Silchar,44.52,CACHAR Toll Plaza,40.76
Lower Bongzawl,DIMA HASAO,315.0,12205922278,village,27,13.07,Belghoria Expressway,543.25,MAHUR,13.0,Khongsang,41.29,Kolkata Port (Syama Prasad Mookerjee Port) incl. Haldia Dock Complex,555.12,ICD Amingaon,189.21,Sutarkandi ICP,82.06,Lokpriya Gopinath Bordoloi International Airport (GAU),191.74,MMLP Silchar,46.04,Lakhipur Terminal,35.33,FCI Depot Silchar,46.04,CACHAR Toll Plaza,42.49
Thīngburg,DIMA HASAO,315.0,12205922368,village,27,8.59,Belghoria Expressway,544.57,MAHUR,8.4,Khongsang,44.94,Kolkata Port (Syama Prasad Mookerjee Port) incl. Haldia Dock Complex,556.49,ICD Amingaon,185.62,Sutarkandi ICP,83.46,Lokpriya Gopinath Bordoloi International Airport (GAU),188.34,MMLP Silchar,48.02,Lakhipur Terminal,39.05,FCI Depot Silchar,48.02,CACHAR Toll Plaza,43.32
Molko,DIMA HASAO,315.0,12205922369,village,27,10.26,Belghoria Expressway,544.88,MAHUR,10.0,Khongsang,43.26,Kolkata Port (Syama Prasad Mookerjee Port) incl. Haldia Dock Complex,556.78,ICD Amingaon,187.27,Sutarkandi ICP,83.72,Lokpriya Gopinath Bordoloi International Airport (GAU),189.97,MMLP Silchar,48.03,Lakhipur Terminal,38.27,FCI Depot Silchar,48.03,CACHAR Toll Plaza,43.76
Khunglung,DIMA HASAO,315.0,12205922929,village,27,12.78,Belghoria Expressway,538.12,Jatinga,15.16,Khongsang,42.46,Kolkata Port (Syama Prasad Mookerjee Port) incl. Haldia Dock Complex,549.98,ICD Amingaon,188.55,Sutarkandi ICP,76.95,Lokpriya Gopinath Bordoloi International Airport (GAU),190.75,MMLP Silchar,40.8,Lakhipur Terminal,30.43,FCI Depot Silchar,40.8,CACHAR Toll Plaza,37.69
Gopikot,DIMA HASAO,315.0,12205922930,village,27,12.93,Belghoria Expressway,538.85,MIGRENDISA,15.43,Khongsang,42.09,Kolkata Port (Syama Prasad Mookerjee Port) incl. Haldia Dock Complex,550.71,ICD Amingaon,188.81,Sutarkandi ICP,77.68,Lokpriya Gopinath Bordoloi International Airport (GAU),191.05,MMLP Silchar,41.53,Lakhipur Terminal,31.01,FCI Depot Silchar,41.53,CACHAR Toll Plaza,38.41
Dauban,DIMA HASAO,315.0,12205989706,village,27,14.73,Belghoria Expressway,534.21,Jatinga,16.64,Bihara,40.83,Kolkata Port (Syama Prasad Mookerjee Port) incl. Haldia Dock Complex,546.04,ICD Amingaon,189.44,Sutarkandi ICP,73.12,Lokpriya Gopinath Bordoloi International Airport (GAU),191.35,MMLP Silchar,36.73,Lakhipur Terminal,25.89,FCI Depot Silchar,36.73,CACHAR Toll Plaza,34.52
Khangnam,DIMA HASAO,315.0,12205989707,village,27,14.17,Belghoria Expressway,536.32,Jatinga,16.27,Khongsang,41.99,Kolkata Port (Syama Prasad Mookerjee Port) incl. Haldia Dock Complex,548.17,ICD Amingaon,189.51,Sutarkandi ICP,75.21,Lokpriya Gopinath Bordoloi International Airport (GAU),191.56,MMLP Silchar,38.88,Lakhipur Terminal,27.97,FCI Depot Silchar,38.88,CACHAR Toll Plaza,36.36
Amarānagar,CACHAR,316.0,12207196740,village,27,5.06,Belghoria Expressway,512.17,DAMCHARA,12.2,Bihara,17.45,Kolkata Port (Syama Prasad Mookerjee Port) incl. Haldia Dock Complex,524.09,ICD Amingaon,175.62,Sutarkandi ICP,51.11,Lokpriya Gopinath Bordoloi International Airport (GAU),176.3,MMLP Silchar,17.39,Silchar Terminal,17.39,FCI Depot Silchar,17.39,CACHAR Toll Plaza,11.15
Pānigrām,CACHAR,316.0,12207197321,village,27,4.1,Belghoria Expressway,512.12,SILCHAR,14.28,Bihara,21.68,Kolkata Port (Syama Prasad Mookerjee Port) incl. Haldia Dock Complex,523.95,ICD Amingaon,182.99,Sutarkandi ICP,51.06,Lokpriya Gopinath Bordoloi International Airport (GAU),183.52,MMLP Silchar,14.72,Silchar Terminal,14.72,FCI Depot Silchar,14.72,CACHAR Toll Plaza,14.8
Pānigrām,CACHAR,316.0,12207197322,village,27,4.75,Belghoria Expressway,512.62,SILCHAR,14.7,Bihara,22.38,Kolkata Port (Syama Prasad Mookerjee Port) incl. Haldia Dock Complex,524.45,ICD Amingaon,183.59,Sutarkandi ICP,51.59,Lokpriya Gopinath Bordoloi International Airport (GAU),184.15,MMLP Silchar,15.16,Silchar Terminal,15.16,FCI Depot Silchar,15.16,CACHAR Toll Plaza,15.51
Duiheng,DIMA HASAO,315.0,12207386719,village,27,2.09,Belghoria Expressway,527.28,Jatinga,6.27,Bihara,30.93,Kolkata Port (Syama Prasad Mookerjee Port) incl. Haldia Dock Complex,539.27,ICD Amingaon,174.11,Sutarkandi ICP,66.72,Lokpriya Gopinath Bordoloi International Airport (GAU),175.91,MMLP Silchar,33.37,Lakhipur Terminal,32.98,FCI Depot Silchar,33.37,CACHAR Toll Plaza,26.1
Ārda,DIMA HASAO,315.0,12207765759,village,27,3.91,Belghoria Expressway,523.8,Jatinga,9.42,Bihara,27.43,Kolkata Port (Syama Prasad Mookerjee Port) incl. Haldia Dock Complex,535.79,ICD Amingaon,172.66,Sutarkandi ICP,63.32,Lokpriya Gopinath Bordoloi International Airport (GAU),174.23,MMLP Silchar,30.51,Silchar Terminal,30.51,FCI Depot Silchar,30.51,CACHAR Toll Plaza,22.7
Athiekpunji,CACHAR,316.0,12208676080,village,27,7.41,Belghoria Expressway,517.32,BANDARKHAL,9.29,Bihara,21.08,Kolkata Port (Syama Prasad Mookerjee Port) incl. Haldia Dock Complex,529.3,ICD Amingaon,172.08,Sutarkandi ICP,56.74,Lokpriya Gopinath Bordoloi International Airport (GAU),173.19,MMLP Silchar,24.39,Silchar Terminal,24.39,FCI Depot Silchar,24.39,CACHAR Toll Plaza,16.12
Bikrampur,CACHAR,316.0,12212645002,village,6,6.42,Belghoria Expressway,491.55,HILARA,4.69,Bihara,5.3,Kolkata Port (Syama Prasad Mookerjee Port) incl. Haldia Dock Complex,503.53,ICD Amingaon,167.03,Sutarkandi ICP,31.55,Lokpriya Gopinath Bordoloi International Airport (GAU),166.33,MMLP Silchar,15.61,Silchar Terminal,15.61,FCI Depot Silchar,15.61,CACHAR Toll Plaza,10.15
Michikūr,DIMA HASAO,315.0,12216958361,village,27,2.16,Belghoria Expressway,513.83,DITOKCHERRA,1.67,Bihara,19.11,Kolkata Port (Syama Prasad Mookerjee Port) incl. Haldia Dock Complex,525.92,ICD Amingaon,160.75,Sutarkandi ICP,55.78,Lokpriya Gopinath Bordoloi International Airport (GAU),161.84,MMLP Silchar,29.67,Silchar Terminal,29.67,FCI Depot Silchar,29.67,CACHAR Toll Plaza,17.88
Saidingbasti,DIMA HASAO,315.0,12216958362,village,27,1.81,Belghoria Expressway,513.14,DITOKCHERRA,0.7,Bihara,18.21,Kolkata Port (Syama Prasad Mookerjee Port) incl. Haldia Dock Complex,525.22,ICD Amingaon,161.27,Sutarkandi ICP,54.91,Lokpriya Gopinath Bordoloi International Airport (GAU),162.3,MMLP Silchar,28.71,Silchar Terminal,28.71,FCI Depot Silchar,28.71,CACHAR Toll Plaza,16.9
Ditokchhara,DIMA HASAO,315.0,12216958363,village,27,1.32,Belghoria Expressway,513.32,DITOKCHERRA,0.59,Bihara,18.19,Kolkata Port (Syama Prasad Mookerjee Port) incl. Haldia Dock Complex,525.4,ICD Amingaon,161.77,Sutarkandi ICP,54.94,Lokpriya Gopinath Bordoloi International Airport (GAU),162.8,MMLP Silchar,28.43,Silchar Terminal,28.43,FCI Depot Silchar,28.43,CACHAR Toll Plaza,16.7
Nāchangjāl,DIMA HASAO,315.0,12216958364,village,27,3.24,Belghoria Expressway,512.29,DITOKCHERRA,1.78,Bihara,17.92,Kolkata Port (Syama Prasad Mookerjee Port) incl. Haldia Dock Complex,524.39,ICD Amingaon,159.96,Sutarkandi ICP,54.47,Lokpriya Gopinath Bordoloi International Airport (GAU),160.95,MMLP Silchar,29.22,Silchar Terminal,29.22,FCI Depot Silchar,29.22,CACHAR Toll Plaza,17.17
Disāma,CACHAR,316.0,12216958365,village,27,4.57,Belghoria Expressway,507.33,BANDARKHAL,5.16,Bihara,13.05,Kolkata Port (Syama Prasad Mookerjee Port) incl. Haldia Dock Complex,519.42,ICD Amingaon,160.1,Sutarkandi ICP,49.42,Lokpriya Gopinath Bordoloi International Airport (GAU),160.69,MMLP Silchar,25.89,Silchar Terminal,25.89,FCI Depot Silchar,25.89,CACHAR Toll Plaza,13.45
Disāma,CACHAR,316.0,12216958366,village,27,4.98,Belghoria Expressway,507.31,BANDARKHAL,5.41,Bihara,13.27,Kolkata Port (Syama Prasad Mookerjee Port) incl. Haldia Dock Complex,519.4,ICD Amingaon,159.67,Sutarkandi ICP,49.54,Lokpriya Gopinath Bordoloi International Airport (GAU),160.27,MMLP Silchar,26.28,Silchar Terminal,26.28,FCI Depot Silchar,26.28,CACHAR Toll Plaza,13.82
New Nachangjāl,CACHAR,316.0,12216958367,village,27,5.12,Belghoria Expressway,508.5,DITOKCHERRA,4.46,Bihara,14.47,Kolkata Port (Syama Prasad Mookerjee Port) incl. Haldia Dock Complex,520.59,ICD Amingaon,159.53,Sutarkandi ICP,50.79,Lokpriya Gopinath Bordoloi International Airport (GAU),160.22,MMLP Silchar,27.11,Silchar Terminal,27.11,FCI Depot Silchar,27.11,CACHAR Toll Plaza,14.71
New Zoār,CACHAR,316.0,12216958368,village,27,4.79,Belghoria Expressway,508.88,DITOKCHERRA,4.0,Bihara,14.63,Kolkata Port (Syama Prasad Mookerjee Port) incl. Haldia Dock Complex,520.97,ICD Amingaon,159.91,Sutarkandi ICP,51.04,Lokpriya Gopinath Bordoloi International Airport (GAU),160.62,MMLP Silchar,26.99,Silchar Terminal,26.99,FCI Depot Silchar,26.99,CACHAR Toll Plaza,14.64
Kayāng Deshwālibasti,DIMA HASAO,315.0,12216958369,village,27,0.24,Belghoria Expressway,513.88,DITOKCHERRA,1.44,Bihara,18.39,Kolkata Port (Syama Prasad Mookerjee Port) incl. Haldia Dock Complex,525.95,ICD Amingaon,162.86,Sutarkandi ICP,55.19,Lokpriya Gopinath Bordoloi International Airport (GAU),163.9,MMLP Silchar,27.96,Silchar Terminal,27.96,FCI Depot Silchar,27.96,CACHAR Toll Plaza,16.46
Kayāng Deshwālibasti,DIMA HASAO,315.0,12216958370,village,27,1.15,Belghoria Expressway,513.05,DITOKCHERRA,0.41,Bihara,17.81,Kolkata Port (Syama Prasad Mookerjee Port) incl. Haldia Dock Complex,525.13,ICD Amingaon,162.07,Sutarkandi ICP,54.58,Lokpriya Gopinath Bordoloi International Airport (GAU),163.07,MMLP Silchar,27.97,Silchar Terminal,27.97,FCI Depot Silchar,27.97,CACHAR Toll Plaza,16.25
Kayāng,DIMA HASAO,315.0,12216958371,village,27,1.77,Belghoria Expressway,512.53,DITOKCHERRA,0.27,Bihara,17.5,Kolkata Port (Syama Prasad Mookerjee Port) incl. Haldia Dock Complex,524.62,ICD Amingaon,161.53,Sutarkandi ICP,54.22,Lokpriya Gopinath Bordoloi International Airport (GAU),162.5,MMLP Silchar,28.05,Silchar Terminal,28.05,FCI Depot Silchar,28.05,CACHAR Toll Plaza,16.2
Zoār,CACHAR,316.0,12216958372,village,27,3.54,Belghoria Expressway,510.32,DITOKCHERRA,2.48,Bihara,15.63,Kolkata Port (Syama Prasad Mookerjee Port) incl. Haldia Dock Complex,522.4,ICD Amingaon,160.71,Sutarkandi ICP,52.23,Lokpriya Gopinath Bordoloi International Airport (GAU),161.53,MMLP Silchar,27.2,Silchar Terminal,27.2,FCI Depot Silchar,27.2,CACHAR Toll Plaza,15.02
Sāisi,CACHAR,316.0,12216958373,village,27,2.87,Belghoria Expressway,511.07,DITOKCHERRA,1.72,Bihara,16.26,Kolkata Port (Syama Prasad Mookerjee Port) incl. Haldia Dock Complex,523.16,ICD Amingaon,160.98,Sutarkandi ICP,52.9,Lokpriya Gopinath Bordoloi International Airport (GAU),161.85,MMLP Silchar,27.47,Silchar Terminal,27.47,FCI Depot Silchar,27.47,CACHAR Toll Plaza,15.39
Kayāng,CACHAR,316.0,12216959852,village,27,1.45,Belghoria Expressway,512.2,DITOKCHERRA,0.71,Bihara,16.95,Kolkata Port (Syama Prasad Mookerjee Port) incl. Haldia Dock Complex,524.28,ICD Amingaon,162.08,Sutarkandi ICP,53.71,Lokpriya Gopinath Bordoloi International Airport (GAU),163.02,MMLP Silchar,27.33,Silchar Terminal,27.33,FCI Depot Silchar,27.33,CACHAR Toll Plaza,15.5
Paschim Bāndarkhāl,CACHAR,316.0,12216959854,village,27,0.46,Belghoria Expressway,510.99,BANDARKHAL,1.14,Bihara,15.06,Kolkata Port (Syama Prasad Mookerjee Port) incl. Haldia Dock Complex,523.03,ICD Amingaon,164.18,Sutarkandi ICP,51.86,Lokpriya Gopinath Bordoloi International Airport (GAU),164.98,MMLP Silchar,24.66,Silchar Terminal,24.66,FCI Depot Silchar,24.66,CACHAR Toll Plaza,12.97
Bāndarkhāl,CACHAR,316.0,12216959855,village,27,0.16,Belghoria Expressway,510.88,BANDARKHAL,1.53,Bihara,14.86,Kolkata Port (Syama Prasad Mookerjee Port) incl. Haldia Dock Complex,522.93,ICD Amingaon,164.57,Sutarkandi ICP,51.66,Lokpriya Gopinath Bordoloi International Airport (GAU),165.36,MMLP Silchar,24.25,Silchar Terminal,24.25,FCI Depot Silchar,24.25,CACHAR Toll Plaza,12.62
Kāchūkhāl,CACHAR,316.0,12216959856,village,27,0.47,Belghoria Expressway,507.91,DAMCHARA,3.79,Bihara,11.86,Kolkata Port (Syama Prasad Mookerjee Port) incl. Haldia Dock Complex,519.95,ICD Amingaon,164.41,Sutarkandi ICP,48.66,Lokpriya Gopinath Bordoloi International Airport (GAU),164.97,MMLP Silchar,22.3,Silchar Terminal,22.3,FCI Depot Silchar,22.3,CACHAR Toll Plaza,10.19
Dālung Basti,CACHAR,316.0,12216959857,village,27,0.31,Belghoria Expressway,508.73,BANDARKHAL,3.37,Bihara,12.72,Kolkata Port (Syama Prasad Mookerjee Port) incl. Haldia Dock Complex,520.77,ICD Amingaon,164.33,Sutarkandi ICP,49.52,Lokpriya Gopinath Bordoloi International Airport (GAU),164.96,MMLP Silchar,22.92,Silchar Terminal,22.92,FCI Depot Silchar,22.92,CACHAR Toll Plaza,10.92
Durbintola,CACHAR,316.0,12216959858,village,27,0.19,Belghoria Expressway,507.64,DAMCHARA,3.34,Bihara,11.4,Kolkata Port (Syama Prasad Mookerjee Port) incl. Haldia Dock Complex,519.67,ICD Amingaon,165.29,Sutarkandi ICP,48.16,Lokpriya Gopinath Bordoloi International Airport (GAU),165.82,MMLP Silchar,21.34,Silchar Terminal,21.34,FCI Depot Silchar,21.34,CACHAR Toll Plaza,9.3
Durgāchhara,CACHAR,316.0,12216959859,village,27,0.04,Belghoria Expressway,506.76,DAMCHARA,2.45,Bihara,10.5,Kolkata Port (Syama Prasad Mookerjee Port) incl. Haldia Dock Complex,518.78,ICD Amingaon,165.27,Sutarkandi ICP,47.27,Lokpriya Gopinath Bordoloi International Airport (GAU),165.73,MMLP Silchar,20.8,Silchar Terminal,20.8,FCI Depot Silchar,20.8,CACHAR Toll Plaza,8.61
Tibong,CACHAR,316.0,12216959860,village,27,0.08,Belghoria Expressway,504.49,DAMCHARA,0.53,Bihara,8.17,Kolkata Port (Syama Prasad Mookerjee Port) incl. Haldia Dock Complex,516.51,ICD Amingaon,165.46,Sutarkandi ICP,44.93,Lokpriya Gopinath Bordoloi International Airport (GAU),165.74,MMLP Silchar,19.3,Silchar Terminal,19.3,FCI Depot Silchar,19.3,CACHAR Toll Plaza,6.85
New Jātinga,CACHAR,316.0,12216959861,village,27,0.43,Belghoria Expressway,503.04,DAMCHARA,1.37,Bihara,6.74,Kolkata Port (Syama Prasad Mookerjee Port) incl. Haldia Dock Complex,515.06,ICD Amingaon,165.22,Sutarkandi ICP,43.52,Lokpriya Gopinath Bordoloi International Airport (GAU),165.4,MMLP Silchar,18.79,Silchar Terminal,18.79,FCI Depot Silchar,18.79,CACHAR Toll Plaza,6.3
Dalu,CACHAR,316.0,12218273466,village,27,0.23,Belghoria Expressway,502.46,ARUNACHAL,8.34,Bihara,10.24,Kolkata Port (Syama Prasad Mookerjee Port) incl. Haldia Dock Complex,514.38,ICD Amingaon,174.56,Sutarkandi ICP,41.37,Lokpriya Gopinath Bordoloi International Airport (GAU),174.56,MMLP Silchar,9.78,Silchar Terminal,9.78,FCI Depot Silchar,9.78,CACHAR Toll Plaza,3.66
Barākhola,CACHAR,316.0,12218273467,village,27,0.97,Belghoria Expressway,499.55,CHANDRANATHPUR,6.39,Bihara,6.42,Kolkata Port (Syama Prasad Mookerjee Port) incl. Haldia Dock Complex,511.49,ICD Amingaon,171.47,Sutarkandi ICP,38.73,Lokpriya Gopinath Bordoloi International Airport (GAU),171.3,MMLP Silchar,11.24,Silchar Terminal,11.24,FCI Depot Silchar,11.24,CACHAR Toll Plaza,1.98
Barkhala,CACHAR,316.0,12218273468,village,27,0.42,Belghoria Expressway,500.13,CHANDRANATHPUR,7.26,Bihara,7.47,Kolkata Port (Syama Prasad Mookerjee Port) incl. Haldia Dock Complex,512.06,ICD Amingaon,172.43,Sutarkandi ICP,39.19,Lokpriya Gopinath Bordoloi International Airport (GAU),172.29,MMLP Silchar,10.51,Silchar Terminal,10.51,FCI Depot Silchar,10.51,CACHAR Toll Plaza,2.1
Bhaga Bāzār,CACHAR,316.0,12218662746,village,306,0.76,Belghoria Expressway,487.59,Lalabazar,21.23,Bihara,47.75,Kolkata Port (Syama Prasad Mookerjee Port) incl. Haldia Dock Complex,499.02,ICD Amingaon,210.85,Sutarkandi ICP,43.58,Lokpriya Gopinath Bordoloi International Airport (GAU),209.45,MMLP Silchar,32.1,Lakhipur Terminal,31.72,FCI Depot Silchar,32.1,CACHAR Toll Plaza,44.59
Dīwāngaon,CACHAR,316.0,12222987254,village,37,2.98,Belghoria Expressway,520.4,JIRIGHAT,7.94,Bihara,35.23,Kolkata Port (Syama Prasad Mookerjee Port) incl. Haldia Dock Complex,532.11,ICD Amingaon,195.62,Sutarkandi ICP,60.84,Lokpriya Gopinath Bordoloi International Airport (GAU),196.48,MMLP Silchar,24.52,Lakhipur Terminal,8.33,FCI Depot Silchar,24.52,CACHAR Toll Plaza,28.37
Dīwāngaon,CACHAR,316.0,12222987255,village,37,3.89,Belghoria Expressway,519.74,JIRIGHAT,9.33,Bihara,33.89,Kolkata Port (Syama Prasad Mookerjee Port) incl. Haldia Dock Complex,531.47,ICD Amingaon,194.27,Sutarkandi ICP,59.94,Lokpriya Gopinath Bordoloi International Airport (GAU),195.1,MMLP Silchar,23.49,Lakhipur Terminal,8.86,FCI Depot Silchar,23.49,CACHAR Toll Plaza,27.03
Dīwāngaon,CACHAR,316.0,12222987256,village,37,1.95,Belghoria Expressway,519.78,JIRIGHAT,7.5,Bihara,35.4,Kolkata Port (Syama Prasad Mookerjee Port) incl. Haldia Dock Complex,531.48,ICD Amingaon,196.25,Sutarkandi ICP,60.41,Lokpriya Gopinath Bordoloi International Airport (GAU),197.06,MMLP Silchar,24.25,Lakhipur Terminal,7.3,FCI Depot Silchar,24.25,CACHAR Toll Plaza,28.57
Matinagar,CACHAR,316.0,12224115213,village,306,10.31,Belghoria Expressway,505.06,JIRIGHAT,21.62,Bihara,43.85,Kolkata Port (Syama Prasad Mookerjee Port) incl. Haldia Dock Complex,516.55,ICD Amingaon,209.33,Sutarkandi ICP,53.54,Lokpriya Gopinath Bordoloi International Airport (GAU),208.98,MMLP Silchar,27.35,Lakhipur Terminal,15.34,FCI Depot Silchar,27.35,CACHAR Toll Plaza,38.56
Āmjurghāt,CACHAR,316.0,12224115214,village,37,9.01,Belghoria Expressway,505.47,SILCHAR,17.88,Bihara,34.83,Kolkata Port (Syama Prasad Mookerjee Port) incl. Haldia Dock Complex,517.08,ICD Amingaon,200.17,Sutarkandi ICP,49.3,Lokpriya Gopinath Bordoloi International Airport (GAU),199.99,MMLP Silchar,18.69,Lakhipur Terminal,9.51,FCI Depot Silchar,18.69,CACHAR Toll Plaza,29.26
Kālāgrām,CACHAR,316.0,12224186293,village,306,8.01,Belghoria Expressway,504.85,JIRIGHAT,19.25,Bihara,37.14,Kolkata Port (Syama Prasad Mookerjee Port) incl. Haldia Dock Complex,516.43,ICD Amingaon,202.55,Sutarkandi ICP,49.88,Lokpriya Gopinath Bordoloi International Airport (GAU),202.3,MMLP Silchar,20.79,Lakhipur Terminal,11.02,FCI Depot Silchar,20.79,CACHAR Toll Plaza,31.71
Sadhin Bāzār,CACHAR,316.0,12224186294,village,306,8.66,Belghoria Expressway,505.51,JIRIGHAT,18.63,Bihara,37.42,Kolkata Port (Syama Prasad Mookerjee Port) incl. Haldia Dock Complex,517.09,ICD Amingaon,202.8,Sutarkandi ICP,50.51,Lokpriya Gopinath Bordoloi International Airport (GAU),202.59,MMLP Silchar,21.15,Lakhipur Terminal,10.49,FCI Depot Silchar,21.15,CACHAR Toll Plaza,31.92
Dakshin Mohanpur,CACHAR,316.0,12224186295,village,306,8.33,Belghoria Expressway,505.17,JIRIGHAT,19.18,Bihara,38.17,Kolkata Port (Syama Prasad Mookerjee Port) incl. Haldia Dock Complex,516.73,ICD Amingaon,203.58,Sutarkandi ICP,50.62,Lokpriya Gopinath Bordoloi International Airport (GAU),203.33,MMLP Silchar,21.82,Lakhipur Terminal,11.23,FCI Depot Silchar,21.82,CACHAR Toll Plaza,32.73
Dakshin Mohanpur,CACHAR,316.0,12224186296,village,306,10.25,Belghoria Expressway,507.04,JIRIGHAT,17.61,Bihara,39.39,Kolkata Port (Syama Prasad Mookerjee Port) incl. Haldia Dock Complex,518.59,ICD Amingaon,204.69,Sutarkandi ICP,52.6,Lokpriya Gopinath Bordoloi International Airport (GAU),204.54,MMLP Silchar,23.23,Lakhipur Terminal,10.18,FCI Depot Silchar,23.23,CACHAR Toll Plaza,33.76
Dakshin Mohanpur,CACHAR,316.0,12224186297,village,306,9.15,Belghoria Expressway,505.99,JIRIGHAT,18.36,Bihara,38.33,Kolkata Port (Syama Prasad Mookerjee Port) incl. Haldia Dock Complex,517.56,ICD Amingaon,203.7,Sutarkandi ICP,51.32,Lokpriya Gopinath Bordoloi International Airport (GAU),203.5,MMLP Silchar,22.08,Lakhipur Terminal,10.51,FCI Depot Silchar,22.08,CACHAR Toll Plaza,32.8
Dakshin Mohanpur,CACHAR,316.0,12224186901,village,306,7.56,Belghoria Expressway,504.35,JIRIGHAT,20.1,Bihara,38.43,Kolkata Port (Syama Prasad Mookerjee Port) incl. Haldia Dock Complex,515.91,ICD Amingaon,203.88,Sutarkandi ICP,50.13,Lokpriya Gopinath Bordoloi International Airport (GAU),203.58,MMLP Silchar,21.99,Lakhipur Terminal,12.19,FCI Depot Silchar,21.99,CACHAR Toll Plaza,33.09
Māchhkhāl,CACHAR,316.0,12224186902,village,37,9.89,Belghoria Expressway,510.14,JIRIGHAT,14.77,Bihara,40.6,Kolkata Port (Syama Prasad Mookerjee Port) incl. Haldia Dock Complex,521.7,ICD Amingaon,205.56,Sutarkandi ICP,55.44,Lokpriya Gopinath Bordoloi International Airport (GAU),205.58,MMLP Silchar,24.86,Lakhipur Terminal,8.26,FCI Depot Silchar,24.86,CACHAR Toll Plaza,34.68
Māchhkāl Khās,CACHAR,316.0,12224186903,village,37,10.58,Belghoria Expressway,511.02,JIRIGHAT,14.84,Bihara,42.62,Kolkata Port (Syama Prasad Mookerjee Port) incl. Haldia Dock Complex,522.55,ICD Amingaon,207.53,Sutarkandi ICP,57.05,Lokpriya Gopinath Bordoloi International Airport (GAU),207.58,MMLP Silchar,26.87,Lakhipur Terminal,9.48,FCI Depot Silchar,26.87,CACHAR Toll Plaza,36.67
Māchhkāl,CACHAR,316.0,12224186904,village,37,10.14,Belghoria Expressway,511.58,JIRIGHAT,14.3,Bihara,42.72,Kolkata Port (Syama Prasad Mookerjee Port) incl. Haldia Dock Complex,523.11,ICD Amingaon,207.55,Sutarkandi ICP,57.49,Lokpriya Gopinath Bordoloi International Airport (GAU),207.63,MMLP Silchar,27.07,Lakhipur Terminal,9.17,FCI Depot Silchar,27.07,CACHAR Toll Plaza,36.73
Kābuganj,CACHAR,316.0,12224186905,village,306,0.13,Belghoria Expressway,496.65,SILCHAR,18.97,Bihara,36.13,Kolkata Port (Syama Prasad Mookerjee Port) incl. Haldia Dock Complex,508.23,ICD Amingaon,201.25,Sutarkandi ICP,42.91,Lokpriya Gopinath Bordoloi International Airport (GAU),200.51,MMLP Silchar,19.58,Lakhipur Terminal,18.76,FCI Depot Silchar,19.58,CACHAR Toll Plaza,31.86
Kuwarpār,CACHAR,316.0,12224186906,village,306,1.6,Belghoria Expressway,497.44,SILCHAR,20.81,Bihara,38.03,Kolkata Port (Syama Prasad Mookerjee Port) incl. Haldia Dock Complex,508.99,ICD Amingaon,203.22,Sutarkandi ICP,44.6,Lokpriya Gopinath Bordoloi International Airport (GAU),202.5,MMLP Silchar,21.43,Lakhipur Terminal,18.64,FCI Depot Silchar,21.43,CACHAR Toll Plaza,33.63
Nagdirgrām,CACHAR,316.0,12224186907,village,306,0.14,Belghoria Expressway,496.99,SILCHAR,19.2,Bihara,36.38,Kolkata Port (Syama Prasad Mookerjee Port) incl. Haldia Dock Complex,508.56,ICD Amingaon,201.55,Sutarkandi ICP,43.33,Lokpriya Gopinath Bordoloi International Airport (GAU),200.82,MMLP Silchar,19.81,Lakhipur Terminal,18.51,FCI Depot Silchar,19.81,CACHAR Toll Plaza,32.06
Nagdirgrām,CACHAR,316.0,12224186908,village,306,2.2,Belghoria Expressway,498.98,SILCHAR,19.75,Bihara,37.06,Kolkata Port (Syama Prasad Mookerjee Port) incl. Haldia Dock Complex,510.54,ICD Amingaon,202.41,Sutarkandi ICP,45.29,Lokpriya Gopinath Bordoloi International Airport (GAU),201.8,MMLP Silchar,20.42,Lakhipur Terminal,16.8,FCI Depot Silchar,20.42,CACHAR Toll Plaza,32.44
Nāgātila,CACHAR,316.0,12225450412,village,306,4.41,Belghoria Expressway,496.06,SILCHAR,27.19,Bihara,44.29,Kolkata Port (Syama Prasad Mookerjee Port) incl. Haldia Dock Complex,507.52,ICD Amingaon,209.22,Sutarkandi ICP,47.35,Lokpriya Gopinath Bordoloi International Airport (GAU),208.34,MMLP Silchar,27.78,Lakhipur Terminal,23.03,FCI Depot Silchar,27.78,CACHAR Toll Plaza,40.07
Chengjur,CACHAR,316.0,12225705614,village,37,10.95,Belghoria Expressway,509.5,JIRIGHAT,15.72,Bihara,41.18,Kolkata Port (Syama Prasad Mookerjee Port) incl. Haldia Dock Complex,521.04,ICD Amingaon,206.25,Sutarkandi ICP,55.27,Lokpriya Gopinath Bordoloi International Airport (GAU),206.23,MMLP Silchar,25.28,Lakhipur Terminal,9.34,FCI Depot Silchar,25.28,CACHAR Toll Plaza,35.34
Gangānagar,CACHAR,316.0,12225705624,village,306,11.1,Belghoria Expressway,503.56,JIRIGHAT,24.33,Bihara,46.12,Kolkata Port (Syama Prasad Mookerjee Port) incl. Haldia Dock Complex,515.01,ICD Amingaon,211.6,Sutarkandi ICP,53.82,Lokpriya Gopinath Bordoloi International Airport (GAU),211.14,MMLP Silchar,29.52,Lakhipur Terminal,18.36,FCI Depot Silchar,29.52,CACHAR Toll Plaza,41.03
Pālanghāt,CACHAR,316.0,12225705625,village,306,3.49,Belghoria Expressway,498.19,SILCHAR,22.55,Bihara,39.81,Kolkata Port (Syama Prasad Mookerjee Port) incl. Haldia Dock Complex,509.71,ICD Amingaon,205.06,Sutarkandi ICP,46.19,Lokpriya Gopinath Bordoloi International Airport (GAU),204.36,MMLP Silchar,23.19,Lakhipur Terminal,18.73,FCI Depot Silchar,23.19,CACHAR Toll Plaza,35.31
Sachinpur,CACHAR,316.0,12225705626,village,306,8.99,Belghoria Expressway,500.91,JIRIGHAT,26.63,Bihara,45.83,Kolkata Port (Syama Prasad Mookerjee Port) incl. Haldia Dock Complex,512.36,ICD Amingaon,211.21,Sutarkandi ICP,51.8,Lokpriya Gopinath Bordoloi International Airport (GAU),210.6,MMLP Silchar,29.18,Lakhipur Terminal,20.17,FCI Depot Silchar,29.18,CACHAR Toll Plaza,41.02
Bārai Basti,CACHAR,316.0,12225705627,village,306,8.16,Belghoria Expressway,500.42,JIRIGHAT,26.6,Bihara,44.89,Kolkata Port (Syama Prasad Mookerjee Port) incl. Haldia Dock Complex,511.88,ICD Amingaon,210.26,Sutarkandi ICP,50.88,Lokpriya Gopinath Bordoloi International Airport (GAU),209.63,MMLP Silchar,28.24,Lakhipur Terminal,19.87,FCI Depot Silchar,28.24,CACHAR Toll Plaza,40.14
Kalyānpur,CACHAR,316.0,12225705628,village,306,7.23,Belghoria Expressway,499.6,SILCHAR,27.04,Bihara,44.35,Kolkata Port (Syama Prasad Mookerjee Port) incl. Haldia Dock Complex,511.06,ICD Amingaon,209.66,Sutarkandi ICP,49.95,Lokpriya Gopinath Bordoloi International Airport (GAU),208.99,MMLP Silchar,27.7,Lakhipur Terminal,20.16,FCI Depot Silchar,27.7,CACHAR Toll Plaza,39.69
Dharmi,CACHAR,316.0,12225705629,village,306,6.74,Belghoria Expressway,499.29,SILCHAR,26.49,Bihara,43.79,Kolkata Port (Syama Prasad Mookerjee Port) incl. Haldia Dock Complex,510.77,ICD Amingaon,209.09,Sutarkandi ICP,49.39,Lokpriya Gopinath Bordoloi International Airport (GAU),208.4,MMLP Silchar,27.15,Lakhipur Terminal,20.04,FCI Depot Silchar,27.15,CACHAR Toll Plaza,39.16
Punichara,CACHAR,316.0,12225705630,village,306,5.58,Belghoria Expressway,498.09,SILCHAR,26.28,Bihara,43.52,Kolkata Port (Syama Prasad Mookerjee Port) incl. Haldia Dock Complex,509.57,ICD Amingaon,208.71,Sutarkandi ICP,48.35,Lokpriya Gopinath Bordoloi International Airport (GAU),207.96,MMLP Silchar,26.91,Lakhipur Terminal,20.87,FCI Depot Silchar,26.91,CACHAR Toll Plaza,39.04
Amrāghāt,CACHAR,316.0,12225705631,village,306,10.71,Belghoria Expressway,502.32,JIRIGHAT,26.0,Bihara,47.03,Kolkata Port (Syama Prasad Mookerjee Port) incl. Haldia Dock Complex,513.76,ICD Amingaon,212.48,Sutarkandi ICP,53.53,Lokpriya Gopinath Bordoloi International Airport (GAU),211.93,MMLP Silchar,30.4,Lakhipur Terminal,20.03,FCI Depot Silchar,30.4,CACHAR Toll Plaza,42.09
Bhubandhar No.6,CACHAR,316.0,12225705653,village,306,2.92,Belghoria Expressway,493.37,Lalabazar,26.11,Bihara,46.64,Kolkata Port (Syama Prasad Mookerjee Port) incl. Haldia Dock Complex,504.81,ICD Amingaon,211.09,Sutarkandi ICP,46.99,Lokpriya Gopinath Bordoloi International Airport (GAU),210.03,MMLP Silchar,30.32,Lakhipur Terminal,26.6,FCI Depot Silchar,30.32,CACHAR Toll Plaza,42.74
Bhubandhar No.6,CACHAR,316.0,12225705654,village,306,2.42,Belghoria Expressway,493.28,Lalabazar,25.43,Bihara,44.99,Kolkata Port (Syama Prasad Mookerjee Port) incl. Haldia Dock Complex,504.74,ICD Amingaon,209.44,Sutarkandi ICP,45.76,Lokpriya Gopinath Bordoloi International Airport (GAU),208.39,MMLP Silchar,28.69,Lakhipur Terminal,25.7,FCI Depot Silchar,28.69,CACHAR Toll Plaza,41.12
Bhubandhar No.6,CACHAR,316.0,12225705655,village,306,3.93,Belghoria Expressway,495.07,Lalabazar,27.02,Bihara,44.62,Kolkata Port (Syama Prasad Mookerjee Port) incl. Haldia Dock Complex,506.54,ICD Amingaon,209.39,Sutarkandi ICP,46.84,Lokpriya Gopinath Bordoloi International Airport (GAU),208.45,MMLP Silchar,28.17,Lakhipur Terminal,24.03,FCI Depot Silchar,28.17,CACHAR Toll Plaza,40.52
Bhubandhar,CACHAR,316.0,12225705656,village,306,5.22,Belghoria Expressway,496.4,SILCHAR,28.0,Bihara,45.13,Kolkata Port (Syama Prasad Mookerjee Port) incl. Haldia Dock Complex,507.85,ICD Amingaon,210.09,Sutarkandi ICP,48.15,Lokpriya Gopinath Bordoloi International Airport (GAU),209.22,MMLP Silchar,28.6,Lakhipur Terminal,23.27,FCI Depot Silchar,28.6,CACHAR Toll Plaza,40.86
Lāntugrām,CACHAR,316.0,12229339841,village,306,0.06,Belghoria Expressway,491.79,Lalabazar,23.22,Bihara,42.38,Kolkata Port (Syama Prasad Mookerjee Port) incl. Haldia Dock Complex,503.29,ICD Amingaon,206.56,Sutarkandi ICP,42.85,Lokpriya Gopinath Bordoloi International Airport (GAU),205.46,MMLP Silchar,26.28,Lakhipur Terminal,25.6,FCI Depot Silchar,26.28,CACHAR Toll Plaza,38.76
Gagalghāt,CACHAR,316.0,12229339842,village,306,0.74,Belghoria Expressway,491.17,Lalabazar,23.81,Bihara,46.01,Kolkata Port (Syama Prasad Mookerjee Port) incl. Haldia Dock Complex,502.62,ICD Amingaon,210.02,Sutarkandi ICP,44.93,Lokpriya Gopinath Bordoloi International Airport (GAU),208.84,MMLP Silchar,29.93,Lakhipur Terminal,27.97,FCI Depot Silchar,29.93,CACHAR Toll Plaza,42.41
Debipur,CACHAR,316.0,12229339843,village,306,1.88,Belghoria Expressway,492.67,Lalabazar,25.07,Bihara,45.6,Kolkata Port (Syama Prasad Mookerjee Port) incl. Haldia Dock Complex,504.12,ICD Amingaon,209.93,Sutarkandi ICP,45.74,Lokpriya Gopinath Bordoloi International Airport (GAU),208.84,MMLP Silchar,29.36,Lakhipur Terminal,26.53,FCI Depot Silchar,29.36,CACHAR Toll Plaza,41.8
Debipur,CACHAR,316.0,12229339844,village,306,0.88,Belghoria Expressway,491.67,Lalabazar,23.8,Bihara,44.71,Kolkata Port (Syama Prasad Mookerjee Port) incl. Haldia Dock Complex,503.13,ICD Amingaon,208.84,Sutarkandi ICP,44.37,Lokpriya Gopinath Bordoloi International Airport (GAU),207.71,MMLP Silchar,28.59,Lakhipur Terminal,26.86,FCI Depot Silchar,28.59,CACHAR Toll Plaza,41.07
Sukhtala,CACHAR,316.0,12229339845,village,306,2.87,Belghoria Expressway,494.86,SILCHAR,26.29,Bihara,43.28,Kolkata Port (Syama Prasad Mookerjee Port) incl. Haldia Dock Complex,506.34,ICD Amingaon,208.04,Sutarkandi ICP,45.8,Lokpriya Gopinath Bordoloi International Airport (GAU),207.1,MMLP Silchar,26.86,Lakhipur Terminal,23.44,FCI Depot Silchar,26.86,CACHAR Toll Plaza,39.22
Rekhāthal,CACHAR,316.0,12229339846,village,306,3.18,Belghoria Expressway,496.08,SILCHAR,24.86,Bihara,41.97,Kolkata Port (Syama Prasad Mookerjee Port) incl. Haldia Dock Complex,507.58,ICD Amingaon,206.93,Sutarkandi ICP,45.88,Lokpriya Gopinath Bordoloi International Airport (GAU),206.08,MMLP Silchar,25.46,Lakhipur Terminal,21.7,FCI Depot Silchar,25.46,CACHAR Toll Plaza,37.75
Bitila,CACHAR,316.0,12229339847,village,306,3.1,Belghoria Expressway,496.19,SILCHAR,24.25,Bihara,41.36,Kolkata Port (Syama Prasad Mookerjee Port) incl. Haldia Dock Complex,507.7,ICD Amingaon,206.35,Sutarkandi ICP,45.59,Lokpriya Gopinath Bordoloi International Airport (GAU),205.51,MMLP Silchar,24.84,Lakhipur Terminal,21.29,FCI Depot Silchar,24.84,CACHAR Toll Plaza,37.14
Moroikāndi,CACHAR,316.0,12229339848,village,306,2.73,Belghoria Expressway,495.99,SILCHAR,23.67,Bihara,40.76,Kolkata Port (Syama Prasad Mookerjee Port) incl. Haldia Dock Complex,507.51,ICD Amingaon,205.73,Sutarkandi ICP,45.07,Lokpriya Gopinath Bordoloi International Airport (GAU),204.89,MMLP Silchar,24.26,Lakhipur Terminal,21.17,FCI Depot Silchar,24.26,CACHAR Toll Plaza,36.57
Nandagrām,CACHAR,316.0,12229339849,village,306,3.34,Belghoria Expressway,496.7,SILCHAR,23.42,Bihara,40.57,Kolkata Port (Syama Prasad Mookerjee Port) incl. Haldia Dock Complex,508.22,ICD Amingaon,205.64,Sutarkandi ICP,45.5,Lokpriya Gopinath Bordoloi International Airport (GAU),204.84,MMLP Silchar,24.02,Lakhipur Terminal,20.45,FCI Depot Silchar,24.02,CACHAR Toll Plaza,36.28
Mahādebpur,CACHAR,316.0,12229339850,village,306,0.67,Belghoria Expressway,492.14,Lalabazar,23.78,Bihara,43.19,Kolkata Port (Syama Prasad Mookerjee Port) incl. Haldia Dock Complex,503.63,ICD Amingaon,207.44,Sutarkandi ICP,43.68,Lokpriya Gopinath Bordoloi International Airport (GAU),206.35,MMLP Silchar,27.04,Lakhipur Terminal,25.69,FCI Depot Silchar,27.04,CACHAR Toll Plaza,39.51
Dhalāi,CACHAR,316.0,12229339851,village,306,0.2,Belghoria Expressway,491.17,Lalabazar,22.84,Bihara,43.21,Kolkata Port (Syama Prasad Mookerjee Port) incl. Haldia Dock Complex,502.66,ICD Amingaon,207.25,Sutarkandi ICP,42.94,Lokpriya Gopinath Bordoloi International Airport (GAU),206.1,MMLP Silchar,27.18,Lakhipur Terminal,26.52,FCI Depot Silchar,27.18,CACHAR Toll Plaza,39.67
Bangrām,CACHAR,316.0,12229339852,village,306,1.13,Belghoria Expressway,487.99,Lalabazar,21.27,Bihara,47.1,Kolkata Port (Syama Prasad Mookerjee Port) incl. Haldia Dock Complex,499.42,ICD Amingaon,210.31,Sutarkandi ICP,43.37,Lokpriya Gopinath Bordoloi International Airport (GAU),208.94,MMLP Silchar,31.41,Lakhipur Terminal,31.07,FCI Depot Silchar,31.41,CACHAR Toll Plaza,43.9
Islāmābād,CACHAR,316.0,12229339853,village,306,0.03,Belghoria Expressway,490.14,Lalabazar,22.87,Bihara,46.13,Kolkata Port (Syama Prasad Mookerjee Port) incl. Haldia Dock Complex,501.58,ICD Amingaon,209.9,Sutarkandi ICP,44.24,Lokpriya Gopinath Bordoloi International Airport (GAU),208.66,MMLP Silchar,30.17,Lakhipur Terminal,28.85,FCI Depot Silchar,30.17,CACHAR Toll Plaza,42.67
Saptagrām,CACHAR,316.0,12229339854,village,306,0.74,Belghoria Expressway,489.98,Lalabazar,22.32,Bihara,45.11,Kolkata Port (Syama Prasad Mookerjee Port) incl. Haldia Dock Complex,501.44,ICD Amingaon,208.85,Sutarkandi ICP,43.38,Lokpriya Gopinath Bordoloi International Airport (GAU),207.61,MMLP Silchar,29.2,Lakhipur Terminal,28.44,FCI Depot Silchar,29.2,CACHAR Toll Plaza,41.69
Saoāgrām,CACHAR,316.0,12229339855,village,306,0.06,Belghoria Expressway,490.82,Lalabazar,22.7,Bihara,43.88,Kolkata Port (Syama Prasad Mookerjee Port) incl. Haldia Dock Complex,502.29,ICD Amingaon,207.83,Sutarkandi ICP,43.14,Lokpriya Gopinath Bordoloi International Airport (GAU),206.66,MMLP Silchar,27.88,Lakhipur Terminal,27.14,FCI Depot Silchar,27.88,CACHAR Toll Plaza,40.38
Saptagrām,CACHAR,316.0,12229339856,village,306,0.06,Belghoria Expressway,490.7,Lalabazar,23.12,Bihara,45.39,Kolkata Port (Syama Prasad Mookerjee Port) incl. Haldia Dock Complex,502.16,ICD Amingaon,209.3,Sutarkandi ICP,44.13,Lokpriya Gopinath Bordoloi International Airport (GAU),208.1,MMLP Silchar,29.37,Lakhipur Terminal,28.0,FCI Depot Silchar,29.37,CACHAR Toll Plaza,41.86
Jamalpār,CACHAR,316.0,12249059032,village,306,5.5,Belghoria Expressway,499.37,SILCHAR,24.27,Bihara,41.58,Kolkata Port (Syama Prasad Mookerjee Port) incl. Haldia Dock Complex,510.88,ICD Amingaon,206.91,Sutarkandi ICP,48.12,Lokpriya Gopinath Bordoloi International Airport (GAU),206.25,MMLP Silchar,24.93,Lakhipur Terminal,18.6,FCI Depot Silchar,24.93,CACHAR Toll Plaza,36.93
Kāshital,CACHAR,316.0,12249059033,village,306,10.75,Belghoria Expressway,500.14,JIRIGHAT,30.35,Bihara,50.93,Kolkata Port (Syama Prasad Mookerjee Port) incl. Haldia Dock Complex,511.52,ICD Amingaon,216.21,Sutarkandi ICP,54.6,Lokpriya Gopinath Bordoloi International Airport (GAU),215.48,MMLP Silchar,34.29,Lakhipur Terminal,24.77,FCI Depot Silchar,34.29,CACHAR Toll Plaza,46.26
Nāgākhāl,CACHAR,316.0,12249059034,village,306,12.91,Belghoria Expressway,502.56,JIRIGHAT,28.56,Bihara,51.31,Kolkata Port (Syama Prasad Mookerjee Port) incl. Haldia Dock Complex,513.94,ICD Amingaon,216.73,Sutarkandi ICP,56.43,Lokpriya Gopinath Bordoloi International Airport (GAU),216.13,MMLP Silchar,34.66,Lakhipur Terminal,23.49,FCI Depot Silchar,34.66,CACHAR Toll Plaza,46.39
Mohankhāl,CACHAR,316.0,12249059035,village,306,12.59,Belghoria Expressway,502.89,JIRIGHAT,27.11,Bihara,49.61,Kolkata Port (Syama Prasad Mookerjee Port) incl. Haldia Dock Complex,514.3,ICD Amingaon,215.05,Sutarkandi ICP,55.54,Lokpriya Gopinath Bordoloi International Airport (GAU),214.5,MMLP Silchar,32.97,Lakhipur Terminal,21.79,FCI Depot Silchar,32.97,CACHAR Toll Plaza,44.63
Rakhāltila,CACHAR,316.0,12249059036,village,306,3.22,Belghoria Expressway,496.72,SILCHAR,23.18,Bihara,40.34,Kolkata Port (Syama Prasad Mookerjee Port) incl. Haldia Dock Complex,508.24,ICD Amingaon,205.41,Sutarkandi ICP,45.38,Lokpriya Gopinath Bordoloi International Airport (GAU),204.62,MMLP Silchar,23.79,Lakhipur Terminal,20.31,FCI Depot Silchar,23.79,CACHAR Toll Plaza,36.04
Dulālgrām,CACHAR,316.0,12249059037,village,306,1.49,Belghoria Expressway,493.8,Lalabazar,25.19,Bihara,42.4,Kolkata Port (Syama Prasad Mookerjee Port) incl. Haldia Dock Complex,505.3,ICD Amingaon,206.99,Sutarkandi ICP,44.42,Lokpriya Gopinath Bordoloi International Airport (GAU),206.0,MMLP Silchar,26.07,Lakhipur Terminal,23.88,FCI Depot Silchar,26.07,CACHAR Toll Plaza,38.5
Dulālgrām,CACHAR,316.0,12249059038,village,306,0.82,Belghoria Expressway,493.16,Lalabazar,24.5,Bihara,42.12,Kolkata Port (Syama Prasad Mookerjee Port) incl. Haldia Dock Complex,504.66,ICD Amingaon,206.59,Sutarkandi ICP,43.74,Lokpriya Gopinath Bordoloi International Airport (GAU),205.57,MMLP Silchar,25.86,Lakhipur Terminal,24.3,FCI Depot Silchar,25.86,CACHAR Toll Plaza,38.31
Bitila,CACHAR,316.0,12249059039,village,306,1.79,Belghoria Expressway,494.56,SILCHAR,25.02,Bihara,41.97,Kolkata Port (Syama Prasad Mookerjee Port) incl. Haldia Dock Complex,506.05,ICD Amingaon,206.69,Sutarkandi ICP,44.72,Lokpriya Gopinath Bordoloi International Airport (GAU),205.75,MMLP Silchar,25.57,Lakhipur Terminal,23.02,FCI Depot Silchar,25.57,CACHAR Toll Plaza,37.96
Sukhtala,CACHAR,316.0,12249059040,village,306,2.65,Belghoria Expressway,493.93,Lalabazar,25.74,Bihara,44.01,Kolkata Port (Syama Prasad Mookerjee Port) incl. Haldia Dock Complex,505.4,ICD Amingaon,208.6,Sutarkandi ICP,45.59,Lokpriya Gopinath Bordoloi International Airport (GAU),207.6,MMLP Silchar,27.66,Lakhipur Terminal,24.62,FCI Depot Silchar,27.66,CACHAR Toll Plaza,40.07
Gangānagar,CACHAR,316.0,12249059041,village,306,9.34,Belghoria Expressway,502.22,JIRIGHAT,24.8,Bihara,44.69,Kolkata Port (Syama Prasad Mookerjee Port) incl. Haldia Dock Complex,513.69,ICD Amingaon,210.15,Sutarkandi ICP,52.03,Lokpriya Gopinath Bordoloi International Airport (GAU),209.63,MMLP Silchar,28.06,Lakhipur Terminal,18.28,FCI Depot Silchar,28.06,CACHAR Toll Plaza,39.73
Kānglabasti,CACHAR,316.0,12249059042,village,306,10.18,Belghoria Expressway,503.47,JIRIGHAT,23.78,Bihara,45.01,Kolkata Port (Syama Prasad Mookerjee Port) incl. Haldia Dock Complex,514.94,ICD Amingaon,210.5,Sutarkandi ICP,53.09,Lokpriya Gopinath Bordoloi International Airport (GAU),210.04,MMLP Silchar,28.42,Lakhipur Terminal,17.54,FCI Depot Silchar,28.42,CACHAR Toll Plaza,39.91
Rasunpur,CACHAR,316.0,12249059043,village,306,9.81,Belghoria Expressway,503.82,JIRIGHAT,23.02,Bihara,44.24,Kolkata Port (Syama Prasad Mookerjee Port) incl. Haldia Dock Complex,515.3,ICD Amingaon,209.72,Sutarkandi ICP,52.89,Lokpriya Gopinath Bordoloi International Airport (GAU),209.3,MMLP Silchar,27.66,Lakhipur Terminal,16.64,FCI Depot Silchar,27.66,CACHAR Toll Plaza,39.08
Harinabasti,CACHAR,316.0,12249059044,village,306,8.01,Belghoria Expressway,502.32,JIRIGHAT,23.84,Bihara,42.93,Kolkata Port (Syama Prasad Mookerjee Port) incl. Haldia Dock Complex,513.82,ICD Amingaon,208.4,Sutarkandi ICP,51.07,Lokpriya Gopinath Bordoloi International Airport (GAU),207.91,MMLP Silchar,26.31,Lakhipur Terminal,16.91,FCI Depot Silchar,26.31,CACHAR Toll Plaza,37.93
Barmanbasti,CACHAR,316.0,12249059045,village,306,4.6,Belghoria Expressway,495.23,Lalabazar,27.8,Bihara,46.52,Kolkata Port (Syama Prasad Mookerjee Port) incl. Haldia Dock Complex,506.67,ICD Amingaon,211.29,Sutarkandi ICP,48.24,Lokpriya Gopinath Bordoloi International Airport (GAU),210.34,MMLP Silchar,30.06,Lakhipur Terminal,25.08,FCI Depot Silchar,30.06,CACHAR Toll Plaza,42.4
Sureshnagar,CACHAR,316.0,12249059046,village,306,4.37,Belghoria Expressway,494.48,Lalabazar,27.52,Bihara,47.61,Kolkata Port (Syama Prasad Mookerjee Port) incl. Haldia Dock Complex,505.9,ICD Amingaon,212.25,Sutarkandi ICP,48.46,Lokpriya Gopinath Bordoloi International Airport (GAU),211.24,MMLP Silchar,31.21,Lakhipur Terminal,26.37,FCI Depot Silchar,31.21,CACHAR Toll Plaza,43.57
Rāmmānikyapur,CACHAR,316.0,12249059047,village,306,11.42,Belghoria Expressway,501.6,JIRIGHAT,28.2,Bihara,49.56,Kolkata Port (Syama Prasad Mookerjee Port) incl. Haldia Dock Complex,513.01,ICD Amingaon,214.95,Sutarkandi ICP,54.65,Lokpriya Gopinath Bordoloi International Airport (GAU),214.32,MMLP Silchar,32.91,Lakhipur Terminal,22.62,FCI Depot Silchar,32.91,CACHAR Toll Plaza,44.72
Maniārkhāl,CACHAR,316.0,12249059048,village,306,10.49,Belghoria Expressway,500.65,JIRIGHAT,28.88,Bihara,49.32,Kolkata Port (Syama Prasad Mookerjee Port) incl. Haldia Dock Complex,512.06,ICD Amingaon,214.65,Sutarkandi ICP,53.86,Lokpriya Gopinath Bordoloi International Airport (GAU),213.97,MMLP Silchar,32.67,Lakhipur Terminal,23.09,FCI Depot Silchar,32.67,CACHAR Toll Plaza,44.58
Nutanbasti,CACHAR,316.0,12249059049,village,306,9.39,Belghoria Expressway,500.75,JIRIGHAT,27.31,Bihara,46.81,Kolkata Port (Syama Prasad Mookerjee Port) incl. Haldia Dock Complex,512.19,ICD Amingaon,212.18,Sutarkandi ICP,52.31,Lokpriya Gopinath Bordoloi International Airport (GAU),211.54,MMLP Silchar,30.16,Lakhipur Terminal,21.03,FCI Depot Silchar,30.16,CACHAR Toll Plaza,42.03
Chandrapur,CACHAR,316.0,12249059050,village,306,9.35,Belghoria Expressway,500.21,JIRIGHAT,28.12,Bihara,47.38,Kolkata Port (Syama Prasad Mookerjee Port) incl. Haldia Dock Complex,511.64,ICD Amingaon,212.7,Sutarkandi ICP,52.3,Lokpriya Gopinath Bordoloi International Airport (GAU),212.02,MMLP Silchar,30.73,Lakhipur Terminal,21.87,FCI Depot Silchar,30.73,CACHAR Toll Plaza,42.66
Pingthal,CACHAR,316.0,12249059051,village,306,6.73,Belghoria Expressway,497.72,SILCHAR,28.77,Bihara,45.99,Kolkata Port (Syama Prasad Mookerjee Port) incl. Haldia Dock Complex,509.16,ICD Amingaon,211.1,Sutarkandi ICP,49.66,Lokpriya Gopinath Bordoloi International Airport (GAU),210.3,MMLP Silchar,29.4,Lakhipur Terminal,22.78,FCI Depot Silchar,29.4,CACHAR Toll Plaza,41.56
Bānglāti,CACHAR,316.0,12249059052,village,306,9.48,Belghoria Expressway,501.63,JIRIGHAT,25.83,Bihara,45.6,Kolkata Port (Syama Prasad Mookerjee Port) incl. Haldia Dock Complex,513.09,ICD Amingaon,211.02,Sutarkandi ICP,52.16,Lokpriya Gopinath Bordoloi International Airport (GAU),210.45,MMLP Silchar,28.95,Lakhipur Terminal,19.43,FCI Depot Silchar,28.95,CACHAR Toll Plaza,40.71
Tārāpur,CACHAR,316.0,12249059053,village,306,7.38,Belghoria Expressway,500.19,SILCHAR,26.03,Bihara,43.36,Kolkata Port (Syama Prasad Mookerjee Port) incl. Haldia Dock Complex,511.67,ICD Amingaon,208.72,Sutarkandi ICP,49.78,Lokpriya Gopinath Bordoloi International Airport (GAU),208.1,MMLP Silchar,26.71,Lakhipur Terminal,19.0,FCI Depot Silchar,26.71,CACHAR Toll Plaza,38.62
Burunga,CACHAR,316.0,12249059054,village,306,8.18,Belghoria Expressway,501.71,JIRIGHAT,24.73,Bihara,43.57,Kolkata Port (Syama Prasad Mookerjee Port) incl. Haldia Dock Complex,513.19,ICD Amingaon,209.01,Sutarkandi ICP,51.0,Lokpriya Gopinath Bordoloi International Airport (GAU),208.47,MMLP Silchar,26.93,Lakhipur Terminal,17.88,FCI Depot Silchar,26.93,CACHAR Toll Plaza,38.64
Bantārāpur,CACHAR,316.0,12249059055,village,306,6.62,Belghoria Expressway,500.36,SILCHAR,25.08,Bihara,42.41,Kolkata Port (Syama Prasad Mookerjee Port) incl. Haldia Dock Complex,511.86,ICD Amingaon,207.8,Sutarkandi ICP,49.34,Lokpriya Gopinath Bordoloi International Airport (GAU),207.2,MMLP Silchar,25.76,Lakhipur Terminal,18.25,FCI Depot Silchar,25.76,CACHAR Toll Plaza,37.64
Sundri,CACHAR,316.0,12249059056,village,306,4.65,Belghoria Expressway,499.4,SILCHAR,23.27,Bihara,40.59,Kolkata Port (Syama Prasad Mookerjee Port) incl. Haldia Dock Complex,510.92,ICD Amingaon,205.93,Sutarkandi ICP,47.56,Lokpriya Gopinath Bordoloi International Airport (GAU),205.29,MMLP Silchar,23.94,Lakhipur Terminal,18.02,FCI Depot Silchar,23.94,CACHAR Toll Plaza,35.92
Sundri,CACHAR,316.0,12249059057,village,306,3.67,Belghoria Expressway,499.32,SILCHAR,22.07,Bihara,39.39,Kolkata Port (Syama Prasad Mookerjee Port) incl. Haldia Dock Complex,510.85,ICD Amingaon,204.74,Sutarkandi ICP,46.82,Lokpriya Gopinath Bordoloi International Airport (GAU),204.11,MMLP Silchar,22.74,Lakhipur Terminal,17.48,FCI Depot Silchar,22.74,CACHAR Toll Plaza,34.73
Sundri,CACHAR,316.0,12249059058,village,306,3.25,Belghoria Expressway,498.95,SILCHAR,21.82,Bihara,39.13,Kolkata Port (Syama Prasad Mookerjee Port) incl. Haldia Dock Complex,510.48,ICD Amingaon,204.45,Sutarkandi ICP,46.39,Lokpriya Gopinath Bordoloi International Airport (GAU),203.81,MMLP Silchar,22.49,Lakhipur Terminal,17.7,FCI Depot Silchar,22.49,CACHAR Toll Plaza,34.52
Karimganj,CACHAR,316.0,12249059059,village,306,3.79,Belghoria Expressway,497.79,SILCHAR,23.14,Bihara,40.38,Kolkata Port (Syama Prasad Mookerjee Port) incl. Haldia Dock Complex,509.31,ICD Amingaon,205.58,Sutarkandi ICP,46.22,Lokpriya Gopinath Bordoloi International Airport (GAU),204.85,MMLP Silchar,23.77,Lakhipur Terminal,19.37,FCI Depot Silchar,23.77,CACHAR Toll Plaza,35.93
Durugaon,CACHAR,316.0,12249059060,village,306,4.94,Belghoria Expressway,498.19,SILCHAR,24.26,Bihara,41.52,Kolkata Port (Syama Prasad Mookerjee Port) incl. Haldia Dock Complex,509.7,ICD Amingaon,206.75,Sutarkandi ICP,47.2,Lokpriya Gopinath Bordoloi International Airport (GAU),206.02,MMLP Silchar,24.9,Lakhipur Terminal,19.61,FCI Depot Silchar,24.9,CACHAR Toll Plaza,37.02
Rukni,CACHAR,316.0,12249059061,village,306,4.64,Belghoria Expressway,497.5,SILCHAR,25.17,Bihara,42.38,Kolkata Port (Syama Prasad Mookerjee Port) incl. Haldia Dock Complex,508.99,ICD Amingaon,207.52,Sutarkandi ICP,47.21,Lokpriya Gopinath Bordoloi International Airport (GAU),206.75,MMLP Silchar,25.8,Lakhipur Terminal,20.7,FCI Depot Silchar,25.8,CACHAR Toll Plaza,37.98
Bekirpār,CACHAR,316.0,12264377968,village,306,0.41,Belghoria Expressway,494.08,SILCHAR,22.27,Bihara,39.13,Kolkata Port (Syama Prasad Mookerjee Port) incl. Haldia Dock Complex,505.61,ICD Amingaon,203.81,Sutarkandi ICP,42.56,Lokpriya Gopinath Bordoloi International Airport (GAU),202.88,MMLP Silchar,22.8,Lakhipur Terminal,22.2,FCI Depot Silchar,22.8,CACHAR Toll Plaza,35.23
Pānibhara,CACHAR,316.0,12264377969,village,306,0.17,Belghoria Expressway,493.74,SILCHAR,21.59,Bihara,38.4,Kolkata Port (Syama Prasad Mookerjee Port) incl. Haldia Dock Complex,505.29,ICD Amingaon,203.02,Sutarkandi ICP,41.84,Lokpriya Gopinath Bordoloi International Airport (GAU),202.08,MMLP Silchar,22.11,Silchar Terminal,22.11,FCI Depot Silchar,22.11,CACHAR Toll Plaza,34.56
Nawābil,CACHAR,316.0,12264399898,village,306,9.0,Belghoria Expressway,487.05,Lalabazar,18.12,Bihara,32.88,Kolkata Port (Syama Prasad Mookerjee Port) incl. Haldia Dock Complex,498.68,ICD Amingaon,195.65,Sutarkandi ICP,32.58,Lokpriya Gopinath Bordoloi International Airport (GAU),194.37,MMLP Silchar,18.38,Silchar Terminal,18.38,FCI Depot Silchar,18.38,CACHAR Toll Plaza,30.49
Allenpur,CACHAR,316.0,12264399899,village,306,8.98,Belghoria Expressway,485.65,Lalabazar,16.3,Bihara,36.11,Kolkata Port (Syama Prasad Mookerjee Port) incl. Haldia Dock Complex,497.24,ICD Amingaon,198.43,Sutarkandi ICP,33.35,Lokpriya Gopinath Bordoloi International Airport (GAU),197.03,MMLP Silchar,21.62,Silchar Terminal,21.62,FCI Depot Silchar,21.62,CACHAR Toll Plaza,33.76
Allenpur,CACHAR,316.0,12264399900,village,306,8.89,Belghoria Expressway,486.64,Lalabazar,17.47,Bihara,34.31,Kolkata Port (Syama Prasad Mookerjee Port) incl. Haldia Dock Complex,498.26,ICD Amingaon,196.97,Sutarkandi ICP,33.09,Lokpriya Gopinath Bordoloi International Airport (GAU),195.64,MMLP Silchar,19.75,Silchar Terminal,19.75,FCI Depot Silchar,19.75,CACHAR Toll Plaza,31.9
Borjalenga,CACHAR,316.0,12264408436,village,306,9.98,Belghoria Expressway,486.17,Algapur,16.36,Bihara,31.41,Kolkata Port (Syama Prasad Mookerjee Port) incl. Haldia Dock Complex,497.82,ICD Amingaon,193.78,Sutarkandi ICP,30.83,Lokpriya Gopinath Bordoloi International Airport (GAU),192.46,MMLP Silchar,17.48,Silchar Terminal,17.48,FCI Depot Silchar,17.48,CACHAR Toll Plaza,29.33
Dargākona,CACHAR,316.0,12264408438,village,306,8.0,Belghoria Expressway,488.42,SILCHAR,15.15,Bihara,29.85,Kolkata Port (Syama Prasad Mookerjee Port) incl. Haldia Dock Complex,500.09,ICD Amingaon,193.05,Sutarkandi ICP,32.18,Lokpriya Gopinath Bordoloi International Airport (GAU),191.88,MMLP Silchar,15.31,Silchar Terminal,15.31,FCI Depot Silchar,15.31,CACHAR Toll Plaza,27.39
Pālai,CACHAR,316.0,12264415001,village,306,1.59,Belghoria Expressway,492.33,SILCHAR,21.54,Bihara,38.11,Kolkata Port (Syama Prasad Mookerjee Port) incl. Haldia Dock Complex,503.88,ICD Amingaon,202.45,Sutarkandi ICP,40.51,Lokpriya Gopinath Bordoloi International Airport (GAU),201.42,MMLP Silchar,22.01,Silchar Terminal,22.01,FCI Depot Silchar,22.01,CACHAR Toll Plaza,34.5
Bāshkhāl,CACHAR,316.0,12264415002,village,306,1.04,Belghoria Expressway,493.56,SILCHAR,20.54,Bihara,37.3,Kolkata Port (Syama Prasad Mookerjee Port) incl. Haldia Dock Complex,505.12,ICD Amingaon,201.91,Sutarkandi ICP,41.03,Lokpriya Gopinath Bordoloi International Airport (GAU),200.96,MMLP Silchar,21.05,Silchar Terminal,21.05,FCI Depot Silchar,21.05,CACHAR Toll Plaza,33.51
Sholanambar,CACHAR,316.0,12264415003,village,306,1.05,Belghoria Expressway,494.59,SILCHAR,19.68,Bihara,36.58,Kolkata Port (Syama Prasad Mookerjee Port) incl. Haldia Dock Complex,506.16,ICD Amingaon,201.39,Sutarkandi ICP,41.47,Lokpriya Gopinath Bordoloi International Airport (GAU),200.52,MMLP Silchar,20.22,Silchar Terminal,20.22,FCI Depot Silchar,20.22,CACHAR Toll Plaza,32.64
Bāshkhāl,CACHAR,316.0,12264415004,village,306,1.77,Belghoria Expressway,493.59,SILCHAR,19.66,Bihara,36.41,Kolkata Port (Syama Prasad Mookerjee Port) incl. Haldia Dock Complex,505.16,ICD Amingaon,201.03,Sutarkandi ICP,40.53,Lokpriya Gopinath Bordoloi International Airport (GAU),200.1,MMLP Silchar,20.16,Silchar Terminal,20.16,FCI Depot Silchar,20.16,CACHAR Toll Plaza,32.63
Puthikhāl,CACHAR,316.0,12264415005,village,306,3.14,Belghoria Expressway,492.46,SILCHAR,19.06,Bihara,35.57,Kolkata Port (Syama Prasad Mookerjee Port) incl. Haldia Dock Complex,504.04,ICD Amingaon,199.96,Sutarkandi ICP,39.09,Lokpriya Gopinath Bordoloi International Airport (GAU),198.97,MMLP Silchar,19.52,Silchar Terminal,19.52,FCI Depot Silchar,19.52,CACHAR Toll Plaza,32.01
Puthikhāl,CACHAR,316.0,12264415006,village,306,3.84,Belghoria Expressway,492.32,SILCHAR,18.12,Bihara,34.56,Kolkata Port (Syama Prasad Mookerjee Port) incl. Haldia Dock Complex,503.92,ICD Amingaon,198.93,Sutarkandi ICP,38.39,Lokpriya Gopinath Bordoloi International Airport (GAU),197.95,MMLP Silchar,18.56,Silchar Terminal,18.56,FCI Depot Silchar,18.56,CACHAR Toll Plaza,31.06
Jātinga,CACHAR,316.0,12264415007,village,306,3.92,Belghoria Expressway,492.2,SILCHAR,17.59,Bihara,33.98,Kolkata Port (Syama Prasad Mookerjee Port) incl. Haldia Dock Complex,503.8,ICD Amingaon,198.33,Sutarkandi ICP,37.96,Lokpriya Gopinath Bordoloi International Airport (GAU),197.34,MMLP Silchar,18.02,Silchar Terminal,18.02,FCI Depot Silchar,18.02,CACHAR Toll Plaza,30.52
Jātinga,CACHAR,316.0,12264415008,village,306,3.13,Belghoria Expressway,492.96,SILCHAR,16.63,Bihara,33.16,Kolkata Port (Syama Prasad Mookerjee Port) incl. Haldia Dock Complex,504.57,ICD Amingaon,197.68,Sutarkandi ICP,38.17,Lokpriya Gopinath Bordoloi International Airport (GAU),196.75,MMLP Silchar,17.08,Silchar Terminal,17.08,FCI Depot Silchar,17.08,CACHAR Toll Plaza,29.58
Derby T.E.,CACHAR,316.0,12264415009,village,306,5.39,Belghoria Expressway,490.71,SILCHAR,17.88,Bihara,33.89,Kolkata Port (Syama Prasad Mookerjee Port) incl. Haldia Dock Complex,502.32,ICD Amingaon,197.86,Sutarkandi ICP,36.58,Lokpriya Gopinath Bordoloi International Airport (GAU),196.78,MMLP Silchar,18.25,Silchar Terminal,18.25,FCI Depot Silchar,18.25,CACHAR Toll Plaza,30.71
Narsingpur,CACHAR,316.0,12269405274,village,306,0.05,Belghoria Expressway,496.1,SILCHAR,16.86,Bihara,33.95,Kolkata Port (Syama Prasad Mookerjee Port) incl. Haldia Dock Complex,507.7,ICD Amingaon,199.03,Sutarkandi ICP,41.3,Lokpriya Gopinath Bordoloi International Airport (GAU),198.27,MMLP Silchar,17.44,Silchar Terminal,17.44,FCI Depot Silchar,17.44,CACHAR Toll Plaza,29.79
Āthāratila,CACHAR,316.0,12269405275,village,306,2.16,Belghoria Expressway,493.93,SILCHAR,16.42,Bihara,33.14,Kolkata Port (Syama Prasad Mookerjee Port) incl. Haldia Dock Complex,505.54,ICD Amingaon,197.87,Sutarkandi ICP,39.02,Lokpriya Gopinath Bordoloi International Airport (GAU),197.0,MMLP Silchar,16.91,Silchar Terminal,16.91,FCI Depot Silchar,16.91,CACHAR Toll Plaza,29.39
Panibhara Part II,CACHAR,316.0,12269405276,village,306,3.17,Belghoria Expressway,492.9,SILCHAR,15.98,Bihara,32.46,Kolkata Port (Syama Prasad Mookerjee Port) incl. Haldia Dock Complex,504.52,ICD Amingaon,196.98,Sutarkandi ICP,37.75,Lokpriya Gopinath Bordoloi International Airport (GAU),196.05,MMLP Silchar,16.42,Silchar Terminal,16.42,FCI Depot Silchar,16.42,CACHAR Toll Plaza,28.91
Panibhara Part I,CACHAR,316.0,12269405277,village,306,2.26,Belghoria Expressway,493.79,SILCHAR,15.2,Bihara,31.86,Kolkata Port (Syama Prasad Mookerjee Port) incl. Haldia Dock Complex,505.42,ICD Amingaon,196.57,Sutarkandi ICP,38.23,Lokpriya Gopinath Bordoloi International Airport (GAU),195.7,MMLP Silchar,15.67,Silchar Terminal,15.67,FCI Depot Silchar,15.67,CACHAR Toll Plaza,28.16
Daramkhāl,CACHAR,316.0,12269405278,village,306,3.77,Belghoria Expressway,492.6,SILCHAR,13.64,Bihara,29.89,Kolkata Port (Syama Prasad Mookerjee Port) incl. Haldia Dock Complex,504.26,ICD Amingaon,194.36,Sutarkandi ICP,36.19,Lokpriya Gopinath Bordoloi International Airport (GAU),193.44,MMLP Silchar,14.03,Silchar Terminal,14.03,FCI Depot Silchar,14.03,CACHAR Toll Plaza,26.51
Chotojalenga iV,CACHAR,316.0,12269523287,village,306,10.99,Belghoria Expressway,482.73,Lalabazar,13.34,Bihara,38.13,Kolkata Port (Syama Prasad Mookerjee Port) incl. Haldia Dock Complex,494.3,ICD Amingaon,199.33,Sutarkandi ICP,32.1,Lokpriya Gopinath Bordoloi International Airport (GAU),197.74,MMLP Silchar,24.28,Silchar Terminal,24.28,FCI Depot Silchar,24.28,CACHAR Toll Plaza,36.2
Lamargaon,CACHAR,316.0,12269558083,village,306,2.08,Belghoria Expressway,498.3,SILCHAR,13.93,Bihara,31.23,Kolkata Port (Syama Prasad Mookerjee Port) incl. Haldia Dock Complex,509.94,ICD Amingaon,196.59,Sutarkandi ICP,41.86,Lokpriya Gopinath Bordoloi International Airport (GAU),196.01,MMLP Silchar,14.58,Silchar Terminal,14.58,FCI Depot Silchar,14.58,CACHAR Toll Plaza,26.7
Kājidhar,CACHAR,316.0,12269558084,village,306,3.35,Belghoria Expressway,499.42,SILCHAR,15.24,Bihara,32.58,Kolkata Port (Syama Prasad Mookerjee Port) incl. Haldia Dock Complex,511.04,ICD Amingaon,198.01,Sutarkandi ICP,43.41,Lokpriya Gopinath Bordoloi International Airport (GAU),197.48,MMLP Silchar,15.94,Lakhipur Terminal,15.32,FCI Depot Silchar,15.94,CACHAR Toll Plaza,27.87
Sildubi,CACHAR,316.0,12269573175,village,306,0.72,Belghoria Expressway,495.79,SILCHAR,12.72,Bihara,29.73,Kolkata Port (Syama Prasad Mookerjee Port) incl. Haldia Dock Complex,507.45,ICD Amingaon,194.82,Sutarkandi ICP,39.0,Lokpriya Gopinath Bordoloi International Airport (GAU),194.1,MMLP Silchar,13.27,Silchar Terminal,13.27,FCI Depot Silchar,13.27,CACHAR Toll Plaza,25.69
Phāisen,HAILAKANDI,318.0,12269716839,village,306,3.64,Belghoria Expressway,467.48,Manipur Bagan,13.83,Bihara,63.3,Kolkata Port (Syama Prasad Mookerjee Port) incl. Haldia Dock Complex,478.77,ICD Amingaon,219.0,Sutarkandi ICP,44.37,Lokpriya Gopinath Bordoloi International Airport (GAU),216.39,MMLP Silchar,50.23,Silchar Terminal,50.23,FCI Depot Silchar,50.23,SRIBHUMI Toll Plaza,57.18
Phāisen,HAILAKANDI,318.0,12269716840,village,306,3.43,Belghoria Expressway,468.39,Manipur Bagan,14.11,Bihara,61.99,Kolkata Port (Syama Prasad Mookerjee Port) incl. Haldia Dock Complex,479.69,ICD Amingaon,218.03,Sutarkandi ICP,43.54,Lokpriya Gopinath Bordoloi International Airport (GAU),215.48,MMLP Silchar,48.87,Silchar Terminal,48.87,FCI Depot Silchar,48.87,SRIBHUMI Toll Plaza,56.25
Dhalchhara,HAILAKANDI,318.0,12269716841,village,306,3.62,Belghoria Expressway,473.93,Lalabazar,14.15,Bihara,53.9,Kolkata Port (Syama Prasad Mookerjee Port) incl. Haldia Dock Complex,485.32,ICD Amingaon,212.0,Sutarkandi ICP,38.94,Lokpriya Gopinath Bordoloi International Airport (GAU),209.8,MMLP Silchar,40.42,Silchar Terminal,40.42,FCI Depot Silchar,40.42,SRIBHUMI Toll Plaza,50.78
Dhalchhara,HAILAKANDI,318.0,12269716842,village,306,3.68,Belghoria Expressway,472.54,Lalabazar,15.13,Bihara,55.73,Kolkata Port (Syama Prasad Mookerjee Port) incl. Haldia Dock Complex,483.91,ICD Amingaon,213.31,Sutarkandi ICP,39.8,Lokpriya Gopinath Bordoloi International Airport (GAU),211.02,MMLP Silchar,42.37,Silchar Terminal,42.37,FCI Depot Silchar,42.37,SRIBHUMI Toll Plaza,51.89
Dhalchhara,HAILAKANDI,318.0,12269716843,village,306,3.72,Belghoria Expressway,471.0,Katlicherra,14.66,Bihara,57.74,Kolkata Port (Syama Prasad Mookerjee Port) incl. Haldia Dock Complex,482.35,ICD Amingaon,214.71,Sutarkandi ICP,40.79,Lokpriya Gopinath Bordoloi International Airport (GAU),212.33,MMLP Silchar,44.5,Silchar Terminal,44.5,FCI Depot Silchar,44.5,SRIBHUMI Toll Plaza,53.12
Vāirengti,CACHAR,316.0,12269716845,village,306,0.13,Belghoria Expressway,481.33,Lalabazar,17.0,Bihara,50.23,Kolkata Port (Syama Prasad Mookerjee Port) incl. Haldia Dock Complex,492.74,ICD Amingaon,211.32,Sutarkandi ICP,40.98,Lokpriya Gopinath Bordoloi International Airport (GAU),209.55,MMLP Silchar,35.53,Silchar Terminal,35.53,FCI Depot Silchar,35.53,CACHAR Toll Plaza,47.83
Barthal,HAILAKANDI,318.0,12269716847,village,306,4.07,Belghoria Expressway,476.11,Lalabazar,12.64,Bihara,50.55,Kolkata Port (Syama Prasad Mookerjee Port) incl. Haldia Dock Complex,487.54,ICD Amingaon,209.46,Sutarkandi ICP,37.29,Lokpriya Gopinath Bordoloi International Airport (GAU),207.4,MMLP Silchar,36.93,Silchar Terminal,36.93,FCI Depot Silchar,36.93,SRIBHUMI Toll Plaza,48.65
Srikona,CACHAR,316.0,12279517047,village,37,0.21,Belghoria Expressway,492.41,SRIKONA,0.75,Bihara,13.76,Kolkata Port (Syama Prasad Mookerjee Port) incl. Haldia Dock Complex,504.27,ICD Amingaon,178.06,Sutarkandi ICP,31.29,Lokpriya Gopinath Bordoloi International Airport (GAU),177.31,MMLP Silchar,6.12,Silchar Terminal,6.12,FCI Depot Silchar,6.12,CACHAR Toll Plaza,12.3
Rosekandi,CACHAR,316.0,12279681717,village,306,11.71,Belghoria Expressway,485.08,Algapur,13.46,Bihara,29.17,Kolkata Port (Syama Prasad Mookerjee Port) incl. Haldia Dock Complex,496.77,ICD Amingaon,190.93,Sutarkandi ICP,28.41,Lokpriya Gopinath Bordoloi International Airport (GAU),189.56,MMLP Silchar,16.27,Silchar Terminal,16.27,FCI Depot Silchar,16.27,CACHAR Toll Plaza,27.58
Boālipār,HAILAKANDI,318.0,12279681718,village,6,0.48,Belghoria Expressway,474.2,Algapur,4.26,Bihara,28.67,Kolkata Port (Syama Prasad Mookerjee Port) incl. Haldia Dock Complex,485.99,ICD Amingaon,181.88,Sutarkandi ICP,14.8,Lokpriya Gopinath Bordoloi International Airport (GAU),179.86,MMLP Silchar,23.4,Badarpur Terminal,21.3,FCI Depot Silchar,23.4,SRIBHUMI Toll Plaza,21.98
Algāpur,HAILAKANDI,318.0,12279681719,village,6,0.09,Belghoria Expressway,476.96,Algapur,0.53,Bihara,24.86,Kolkata Port (Syama Prasad Mookerjee Port) incl. Haldia Dock Complex,488.79,ICD Amingaon,179.33,Sutarkandi ICP,16.39,Lokpriya Gopinath Bordoloi International Airport (GAU),177.51,MMLP Silchar,20.58,Badarpur Terminal,18.73,FCI Depot Silchar,20.58,SRIBHUMI Toll Plaza,21.02
Craigpark,CACHAR,316.0,12279692856,village,6,1.72,Belghoria Expressway,485.12,HILARA,10.1,Bihara,15.94,Kolkata Port (Syama Prasad Mookerjee Port) incl. Haldia Dock Complex,497.25,ICD Amingaon,153.34,Sutarkandi ICP,32.09,Lokpriya Gopinath Bordoloi International Airport (GAU),152.26,MMLP Silchar,30.33,Badarpur Terminal,12.11,FCI Depot Silchar,30.33,SRIBHUMI Toll Plaza,21.25
Gonirgram Part-IV,CACHAR,316.0,12279692857,village,37,3.75,Belghoria Expressway,492.25,SRIKONA,3.82,Bihara,10.09,Kolkata Port (Syama Prasad Mookerjee Port) incl. Haldia Dock Complex,504.16,ICD Amingaon,174.11,Sutarkandi ICP,31.12,Lokpriya Gopinath Bordoloi International Airport (GAU),173.39,MMLP Silchar,9.04,Silchar Terminal,9.04,FCI Depot Silchar,9.04,CACHAR Toll Plaza,10.13
Rajnagar,CACHAR,316.0,12279692858,village,37,2.82,Belghoria Expressway,491.86,SRIKONA,2.86,Bihara,11.09,Kolkata Port (Syama Prasad Mookerjee Port) incl. Haldia Dock Complex,503.75,ICD Amingaon,174.98,Sutarkandi ICP,30.68,Lokpriya Gopinath Bordoloi International Airport (GAU),174.22,MMLP Silchar,8.56,Silchar Terminal,8.56,FCI Depot Silchar,8.56,CACHAR Toll Plaza,10.91
Arunāchal,CACHAR,316.0,12279694584,village,37,3.59,Belghoria Expressway,498.14,ARUNACHAL,2.64,Bihara,12.99,Kolkata Port (Syama Prasad Mookerjee Port) incl. Haldia Dock Complex,510.0,ICD Amingaon,178.47,Sutarkandi ICP,37.0,Lokpriya Gopinath Bordoloi International Airport (GAU),178.11,MMLP Silchar,3.81,Silchar Terminal,3.81,FCI Depot Silchar,3.81,CACHAR Toll Plaza,8.74
Rāmnagar,CACHAR,316.0,12279694586,village,37,0.42,Belghoria Expressway,494.3,ARUNACHAL,3.29,Bihara,15.97,Kolkata Port (Syama Prasad Mookerjee Port) incl. Haldia Dock Complex,506.12,ICD Amingaon,180.91,Sutarkandi ICP,33.43,Lokpriya Gopinath Bordoloi International Airport (GAU),180.25,MMLP Silchar,3.31,Silchar Terminal,3.31,FCI Depot Silchar,3.31,CACHAR Toll Plaza,13.17
Pratapi Para,CACHAR,316.0,12282717373,village,27,5.86,Belghoria Expressway,494.58,ARUNACHAL,6.38,Bihara,6.71,Kolkata Port (Syama Prasad Mookerjee Port) incl. Haldia Dock Complex,506.52,ICD Amingaon,171.66,Sutarkandi ICP,33.69,Lokpriya Gopinath Bordoloi International Airport (GAU),171.13,MMLP Silchar,10.54,Silchar Terminal,10.54,FCI Depot Silchar,10.54,CACHAR Toll Plaza,6.98
Niz Fulabri Part-III,CACHAR,316.0,12282717374,village,37,2.46,Belghoria Expressway,487.55,KATAKHAL JN,3.4,Bihara,12.15,Kolkata Port (Syama Prasad Mookerjee Port) incl. Haldia Dock Complex,499.46,ICD Amingaon,172.8,Sutarkandi ICP,26.49,Lokpriya Gopinath Bordoloi International Airport (GAU),171.76,MMLP Silchar,12.88,Silchar Terminal,12.88,FCI Depot Silchar,12.88,CACHAR Toll Plaza,14.26
Khunow,CACHAR,316.0,12282759798,village,37,2.31,Belghoria Expressway,511.99,JIRIGHAT,12.3,Bihara,32.82,Kolkata Port (Syama Prasad Mookerjee Port) incl. Haldia Dock Complex,523.66,ICD Amingaon,196.74,Sutarkandi ICP,53.58,Lokpriya Gopinath Bordoloi International Airport (GAU),197.03,MMLP Silchar,18.84,Lakhipur Terminal,3.76,FCI Depot Silchar,18.84,CACHAR Toll Plaza,26.41
Tolengram,CACHAR,316.0,12282759799,village,37,2.64,Belghoria Expressway,512.68,JIRIGHAT,11.48,Bihara,33.67,Kolkata Port (Syama Prasad Mookerjee Port) incl. Haldia Dock Complex,524.34,ICD Amingaon,197.46,Sutarkandi ICP,54.41,Lokpriya Gopinath Bordoloi International Airport (GAU),197.79,MMLP Silchar,19.73,Lakhipur Terminal,2.87,FCI Depot Silchar,19.73,CACHAR Toll Plaza,27.22
Ainachera T.E.,CACHAR,316.0,12282771682,village,27,14.82,Belghoria Expressway,527.85,Jatinga,17.38,Bihara,35.05,Kolkata Port (Syama Prasad Mookerjee Port) incl. Haldia Dock Complex,539.69,ICD Amingaon,187.52,Sutarkandi ICP,66.78,Lokpriya Gopinath Bordoloi International Airport (GAU),189.04,MMLP Silchar,30.38,Lakhipur Terminal,21.33,FCI Depot Silchar,30.38,CACHAR Toll Plaza,28.56
Sonābārighāt,CACHAR,316.0,12282771683,village,306,1.78,Belghoria Expressway,499.28,SILCHAR,11.01,Bihara,28.36,Kolkata Port (Syama Prasad Mookerjee Port) incl. Haldia Dock Complex,510.95,ICD Amingaon,193.81,Sutarkandi ICP,41.51,Lokpriya Gopinath Bordoloi International Airport (GAU),193.33,MMLP Silchar,11.72,Silchar Terminal,11.72,FCI Depot Silchar,11.72,CACHAR Toll Plaza,23.64
Sonbāraghāt,CACHAR,316.0,12282771684,village,306,0.56,Belghoria Expressway,498.72,SILCHAR,9.87,Bihara,27.21,Kolkata Port (Syama Prasad Mookerjee Port) incl. Haldia Dock Complex,510.4,ICD Amingaon,192.64,Sutarkandi ICP,40.58,Lokpriya Gopinath Bordoloi International Airport (GAU),192.13,MMLP Silchar,10.56,Silchar Terminal,10.56,FCI Depot Silchar,10.56,CACHAR Toll Plaza,22.59
Larāngerpār,CACHAR,316.0,12288765921,village,6,2.72,Belghoria Expressway,480.08,SUKRITIPUR,9.59,Bihara,18.67,Kolkata Port (Syama Prasad Mookerjee Port) incl. Haldia Dock Complex,492.19,ICD Amingaon,155.34,Sutarkandi ICP,26.94,Lokpriya Gopinath Bordoloi International Airport (GAU),153.85,MMLP Silchar,30.8,Badarpur Terminal,6.96,FCI Depot Silchar,30.8,SRIBHUMI Toll Plaza,15.78
Sayedpur,CACHAR,316.0,12288765922,village,6,4.56,Belghoria Expressway,478.51,SUKRITIPUR,9.61,Bihara,19.61,Kolkata Port (Syama Prasad Mookerjee Port) incl. Haldia Dock Complex,490.61,ICD Amingaon,156.33,Sutarkandi ICP,25.12,Lokpriya Gopinath Bordoloi International Airport (GAU),154.71,MMLP Silchar,30.87,Badarpur Terminal,5.21,FCI Depot Silchar,30.87,SRIBHUMI Toll Plaza,13.95
Chandipur,CACHAR,316.0,12288765941,village,6,0.84,Belghoria Expressway,482.45,SUKRITIPUR,11.54,Bihara,18.39,Kolkata Port (Syama Prasad Mookerjee Port) incl. Haldia Dock Complex,494.59,ICD Amingaon,152.52,Sutarkandi ICP,30.63,Lokpriya Gopinath Bordoloi International Airport (GAU),151.23,MMLP Silchar,32.11,Badarpur Terminal,10.67,FCI Depot Silchar,32.11,SRIBHUMI Toll Plaza,19.13
Khelmapur,CACHAR,316.0,12288765942,village,6,0.33,Belghoria Expressway,483.48,SUKRITIPUR,8.36,Bihara,15.69,Kolkata Port (Syama Prasad Mookerjee Port) incl. Haldia Dock Complex,495.59,ICD Amingaon,155.61,Sutarkandi ICP,29.35,Lokpriya Gopinath Bordoloi International Airport (GAU),154.38,MMLP Silchar,28.91,Badarpur Terminal,9.43,FCI Depot Silchar,28.91,SRIBHUMI Toll Plaza,18.91
Srigouri,SRIBHUMI,317.0,12288807058,village,37,0.38,Belghoria Expressway,476.46,Rupasibari,0.83,Bihara,20.02,Kolkata Port (Syama Prasad Mookerjee Port) incl. Haldia Dock Complex,488.46,ICD Amingaon,165.84,Sutarkandi ICP,17.64,Lokpriya Gopinath Bordoloi International Airport (GAU),164.03,MMLP Silchar,25.6,Badarpur Terminal,5.28,FCI Depot Silchar,25.6,SRIBHUMI Toll Plaza,11.76
Māhakāl,SRIBHUMI,317.0,12288807059,village,37,2.04,Belghoria Expressway,472.71,Bhanga,3.9,Bihara,23.8,Kolkata Port (Syama Prasad Mookerjee Port) incl. Haldia Dock Complex,484.69,ICD Amingaon,166.25,Sutarkandi ICP,14.25,Lokpriya Gopinath Bordoloi International Airport (GAU),164.16,MMLP Silchar,28.54,Badarpur Terminal,6.27,FCI Depot Silchar,28.54,SRIBHUMI Toll Plaza,8.58
Mahakal,SRIBHUMI,317.0,12288807060,village,37,0.99,Belghoria Expressway,473.38,Bhanga,3.64,Bihara,23.07,Kolkata Port (Syama Prasad Mookerjee Port) incl. Haldia Dock Complex,485.38,ICD Amingaon,165.39,Sutarkandi ICP,15.29,Lokpriya Gopinath Bordoloi International Airport (GAU),163.36,MMLP Silchar,28.41,Badarpur Terminal,5.21,FCI Depot Silchar,28.41,SRIBHUMI Toll Plaza,8.75
Bhānga,SRIBHUMI,317.0,12288807061,village,37,0.21,Belghoria Expressway,473.14,Bhanga,2.83,Bihara,23.28,Kolkata Port (Syama Prasad Mookerjee Port) incl. Haldia Dock Complex,485.15,ICD Amingaon,164.43,Sutarkandi ICP,15.7,Lokpriya Gopinath Bordoloi International Airport (GAU),162.38,MMLP Silchar,29.15,Badarpur Terminal,4.48,FCI Depot Silchar,29.15,SRIBHUMI Toll Plaza,8.15
Malua,SRIBHUMI,317.0,12288807062,village,37,1.04,Belghoria Expressway,475.62,Rupasibari,1.77,Bihara,20.83,Kolkata Port (Syama Prasad Mookerjee Port) incl. Haldia Dock Complex,487.62,ICD Amingaon,165.32,Sutarkandi ICP,17.17,Lokpriya Gopinath Bordoloi International Airport (GAU),163.46,MMLP Silchar,26.59,Badarpur Terminal,4.68,FCI Depot Silchar,26.59,SRIBHUMI Toll Plaza,10.79
Rajatilla,CACHAR,316.0,12288807071,village,37,1.2,Belghoria Expressway,476.87,Rupasibari,3.42,Bihara,19.58,Kolkata Port (Syama Prasad Mookerjee Port) incl. Haldia Dock Complex,488.89,ICD Amingaon,163.12,Sutarkandi ICP,19.44,Lokpriya Gopinath Bordoloi International Airport (GAU),161.35,MMLP Silchar,26.98,Badarpur Terminal,2.8,FCI Depot Silchar,26.98,SRIBHUMI Toll Plaza,11.46
Harinagar,CACHAR,316.0,12288807072,village,37,2.96,Belghoria Expressway,476.92,Rupasibari,5.44,Bihara,19.74,Kolkata Port (Syama Prasad Mookerjee Port) incl. Haldia Dock Complex,488.97,ICD Amingaon,161.1,Sutarkandi ICP,20.72,Lokpriya Gopinath Bordoloi International Airport (GAU),159.35,MMLP Silchar,28.31,Badarpur Terminal,1.43,FCI Depot Silchar,28.31,SRIBHUMI Toll Plaza,11.41
Bhanga,SRIBHUMI,317.0,12288807073,village,37,0.58,Belghoria Expressway,472.78,Bhanga,1.99,Bihara,23.67,Kolkata Port (Syama Prasad Mookerjee Port) incl. Haldia Dock Complex,484.8,ICD Amingaon,163.01,Sutarkandi ICP,16.39,Lokpriya Gopinath Bordoloi International Airport (GAU),160.93,MMLP Silchar,30.26,Badarpur Terminal,3.63,FCI Depot Silchar,30.26,SRIBHUMI Toll Plaza,7.41
Chutrasāngan,CACHAR,316.0,12290223359,village,27,3.52,Belghoria Expressway,496.92,BIHARA,5.72,Bihara,5.72,Kolkata Port (Syama Prasad Mookerjee Port) incl. Haldia Dock Complex,508.86,ICD Amingaon,171.2,Sutarkandi ICP,36.11,Lokpriya Gopinath Bordoloi International Airport (GAU),170.84,MMLP Silchar,10.94,Silchar Terminal,10.94,FCI Depot Silchar,10.94,CACHAR Toll Plaza,4.52
Kasipur,CACHAR,316.0,12290223383,village,27,2.55,Belghoria Expressway,498.04,BIHARA,5.39,Bihara,5.39,Kolkata Port (Syama Prasad Mookerjee Port) incl. Haldia Dock Complex,509.99,ICD Amingaon,170.8,Sutarkandi ICP,37.3,Lokpriya Gopinath Bordoloi International Airport (GAU),170.53,MMLP Silchar,11.5,Silchar Terminal,11.5,FCI Depot Silchar,11.5,CACHAR Toll Plaza,3.33
Borkhola,CACHAR,316.0,12290223384,village,27,1.01,Belghoria Expressway,499.49,BIHARA,7.12,Bihara,7.12,Kolkata Port (Syama Prasad Mookerjee Port) incl. Haldia Dock Complex,511.43,ICD Amingaon,172.28,Sutarkandi ICP,38.57,Lokpriya Gopinath Bordoloi International Airport (GAU),172.09,MMLP Silchar,10.42,Silchar Terminal,10.42,FCI Depot Silchar,10.42,CACHAR Toll Plaza,2.48
Ratpur,CACHAR,316.0,12290475825,village,37,0.7,Belghoria Expressway,492.89,SRIKONA,1.35,Bihara,12.89,Kolkata Port (Syama Prasad Mookerjee Port) incl. Haldia Dock Complex,504.75,ICD Amingaon,177.36,Sutarkandi ICP,31.73,Lokpriya Gopinath Bordoloi International Airport (GAU),176.64,MMLP Silchar,6.21,Silchar Terminal,6.21,FCI Depot Silchar,6.21,CACHAR Toll Plaza,11.43
Kirishanpur,CACHAR,316.0,12290475826,village,27,5.95,Belghoria Expressway,494.62,ARUNACHAL,5.5,Bihara,7.55,Kolkata Port (Syama Prasad Mookerjee Port) incl. Haldia Dock Complex,506.55,ICD Amingaon,172.53,Sutarkandi ICP,33.63,Lokpriya Gopinath Bordoloi International Airport (GAU),172.0,MMLP Silchar,9.69,Silchar Terminal,9.69,FCI Depot Silchar,9.69,CACHAR Toll Plaza,7.2
Peladahar,CACHAR,316.0,12290475827,village,27,5.11,Belghoria Expressway,495.44,ARUNACHAL,5.62,Bihara,7.22,Kolkata Port (Syama Prasad Mookerjee Port) incl. Haldia Dock Complex,507.37,ICD Amingaon,172.46,Sutarkandi ICP,34.46,Lokpriya Gopinath Bordoloi International Airport (GAU),171.99,MMLP Silchar,9.66,Silchar Terminal,9.66,FCI Depot Silchar,9.66,CACHAR Toll Plaza,6.37
Dighāli,CACHAR,316.0,12290531455,village,37,2.92,Belghoria Expressway,500.8,SILCHAR,3.41,Bihara,15.9,Kolkata Port (Syama Prasad Mookerjee Port) incl. Haldia Dock Complex,512.63,ICD Amingaon,181.24,Sutarkandi ICP,39.82,Lokpriya Gopinath Bordoloi International Airport (GAU),181.03,MMLP Silchar,3.56,Silchar Terminal,3.56,FCI Depot Silchar,3.56,CACHAR Toll Plaza,10.55
Kharilpār,CACHAR,316.0,12290531458,village,37,2.61,Belghoria Expressway,499.35,SILCHAR,2.65,Bihara,15.26,Kolkata Port (Syama Prasad Mookerjee Port) incl. Haldia Dock Complex,511.19,ICD Amingaon,180.73,Sutarkandi ICP,38.35,Lokpriya Gopinath Bordoloi International Airport (GAU),180.42,MMLP Silchar,2.48,Silchar Terminal,2.48,FCI Depot Silchar,2.48,CACHAR Toll Plaza,10.44
Māchhughāt,CACHAR,316.0,12290531498,village,37,2.32,Belghoria Expressway,498.39,SILCHAR,2.84,Bihara,14.59,Kolkata Port (Syama Prasad Mookerjee Port) incl. Haldia Dock Complex,510.24,ICD Amingaon,180.08,Sutarkandi ICP,37.35,Lokpriya Gopinath Bordoloi International Airport (GAU),179.71,MMLP Silchar,2.34,Silchar Terminal,2.34,FCI Depot Silchar,2.34,CACHAR Toll Plaza,10.16
Debpāra,CACHAR,316.0,12290580085,village,27,0.72,Belghoria Expressway,504.5,SILCHAR,6.45,Bihara,18.72,Kolkata Port (Syama Prasad Mookerjee Port) incl. Haldia Dock Complex,516.31,ICD Amingaon,183.44,Sutarkandi ICP,43.66,Lokpriya Gopinath Bordoloi International Airport (GAU),183.45,MMLP Silchar,6.98,Silchar Terminal,6.98,FCI Depot Silchar,6.98,CACHAR Toll Plaza,12.54
Dudhpatli,CACHAR,316.0,12290580086,village,27,2.62,Belghoria Expressway,503.09,SILCHAR,5.5,Bihara,16.52,Kolkata Port (Syama Prasad Mookerjee Port) incl. Haldia Dock Complex,514.93,ICD Amingaon,181.44,Sutarkandi ICP,42.08,Lokpriya Gopinath Bordoloi International Airport (GAU),181.39,MMLP Silchar,5.79,Silchar Terminal,5.79,FCI Depot Silchar,5.79,CACHAR Toll Plaza,10.51
Khoril,CACHAR,316.0,12290580103,village,27,2.69,Belghoria Expressway,500.01,ARUNACHAL,5.36,Bihara,10.56,Kolkata Port (Syama Prasad Mookerjee Port) incl. Haldia Dock Complex,511.9,ICD Amingaon,175.83,Sutarkandi ICP,38.84,Lokpriya Gopinath Bordoloi International Airport (GAU),175.63,MMLP Silchar,7.18,Silchar Terminal,7.18,FCI Depot Silchar,7.18,CACHAR Toll Plaza,5.34
Badripāra,CACHAR,316.0,12290580104,village,27,4.34,Belghoria Expressway,498.32,ARUNACHAL,3.71,Bihara,10.57,Kolkata Port (Syama Prasad Mookerjee Port) incl. Haldia Dock Complex,510.21,ICD Amingaon,176.04,Sutarkandi ICP,37.14,Lokpriya Gopinath Bordoloi International Airport (GAU),175.73,MMLP Silchar,6.29,Silchar Terminal,6.29,FCI Depot Silchar,6.29,CACHAR Toll Plaza,6.41
Māsimpur,CACHAR,316.0,12290580105,village,27,4.66,Belghoria Expressway,499.08,ARUNACHAL,3.73,Bihara,12.07,Kolkata Port (Syama Prasad Mookerjee Port) incl. Haldia Dock Complex,510.95,ICD Amingaon,177.52,Sutarkandi ICP,37.9,Lokpriya Gopinath Bordoloi International Airport (GAU),177.24,MMLP Silchar,5.11,Silchar Terminal,5.11,FCI Depot Silchar,5.11,CACHAR Toll Plaza,7.39
Kharil Bagicha,CACHAR,316.0,12290580111,village,27,0.68,Belghoria Expressway,501.6,ARUNACHAL,7.37,Bihara,10.14,Kolkata Port (Syama Prasad Mookerjee Port) incl. Haldia Dock Complex,513.51,ICD Amingaon,174.87,Sutarkandi ICP,40.48,Lokpriya Gopinath Bordoloi International Airport (GAU),174.8,MMLP Silchar,8.95,Silchar Terminal,8.95,FCI Depot Silchar,8.95,CACHAR Toll Plaza,3.95
Dalughāt,CACHAR,316.0,12290580210,village,27,0.24,Belghoria Expressway,502.15,ARUNACHAL,8.3,Bihara,9.76,Kolkata Port (Syama Prasad Mookerjee Port) incl. Haldia Dock Complex,514.07,ICD Amingaon,174.14,Sutarkandi ICP,41.08,Lokpriya Gopinath Bordoloi International Airport (GAU),174.13,MMLP Silchar,9.94,Silchar Terminal,9.94,FCI Depot Silchar,9.94,CACHAR Toll Plaza,3.22
Dalu,CACHAR,316.0,12290580211,village,27,1.31,Belghoria Expressway,503.25,CHANDRANATHPUR,8.94,Bihara,10.17,Kolkata Port (Syama Prasad Mookerjee Port) incl. Haldia Dock Complex,515.17,ICD Amingaon,173.97,Sutarkandi ICP,42.2,Lokpriya Gopinath Bordoloi International Airport (GAU),174.03,MMLP Silchar,10.82,Silchar Terminal,10.82,FCI Depot Silchar,10.82,CACHAR Toll Plaza,3.34
Gossaipur,CACHAR,316.0,12290596561,village,27,3.33,Belghoria Expressway,503.31,SILCHAR,6.03,Bihara,15.96,Kolkata Port (Syama Prasad Mookerjee Port) incl. Haldia Dock Complex,515.15,ICD Amingaon,180.77,Sutarkandi ICP,42.24,Lokpriya Gopinath Bordoloi International Airport (GAU),180.73,MMLP Silchar,6.24,Silchar Terminal,6.24,FCI Depot Silchar,6.24,CACHAR Toll Plaza,9.83
Jhāpirband,CACHAR,316.0,12290596562,village,27,0.9,Belghoria Expressway,509.14,SILCHAR,11.86,Bihara,18.35,Kolkata Port (Syama Prasad Mookerjee Port) incl. Haldia Dock Complex,521.0,ICD Amingaon,180.67,Sutarkandi ICP,47.99,Lokpriya Gopinath Bordoloi International Airport (GAU),181.05,MMLP Silchar,12.16,Silchar Terminal,12.16,FCI Depot Silchar,12.16,CACHAR Toll Plaza,11.48
Garerband,CACHAR,316.0,12290596563,village,27,2.2,Belghoria Expressway,505.6,SILCHAR,9.5,Bihara,14.82,Kolkata Port (Syama Prasad Mookerjee Port) incl. Haldia Dock Complex,517.48,ICD Amingaon,178.42,Sutarkandi ICP,44.42,Lokpriya Gopinath Bordoloi International Airport (GAU),178.58,MMLP Silchar,9.57,Silchar Terminal,9.57,FCI Depot Silchar,9.57,CACHAR Toll Plaza,8.06
Leburband,CACHAR,316.0,12290596564,village,27,1.4,Belghoria Expressway,506.47,SILCHAR,10.18,Bihara,15.41,Kolkata Port (Syama Prasad Mookerjee Port) incl. Haldia Dock Complex,518.35,ICD Amingaon,178.63,Sutarkandi ICP,45.29,Lokpriya Gopinath Bordoloi International Airport (GAU),178.85,MMLP Silchar,10.3,Silchar Terminal,10.3,FCI Depot Silchar,10.3,CACHAR Toll Plaza,8.59
Gumvom,DIMA HASAO,315.0,12290766905,village,27,7.42,Belghoria Expressway,549.83,MAHUR,7.26,Khongsang,45.5,Kolkata Port (Syama Prasad Mookerjee Port) incl. Haldia Dock Complex,561.78,ICD Amingaon,185.83,Sutarkandi ICP,88.82,Lokpriya Gopinath Bordoloi International Airport (GAU),188.91,MMLP Silchar,53.58,Lakhipur Terminal,44.47,FCI Depot Silchar,53.58,CACHAR Toll Plaza,48.49
Hedelogolo,DIMA HASAO,315.0,12290767150,village,27,2.24,Belghoria Expressway,546.57,MAHUR,1.5,Bihara,50.18,Kolkata Port (Syama Prasad Mookerjee Port) incl. Haldia Dock Complex,558.57,ICD Amingaon,180.12,Sutarkandi ICP,85.97,Lokpriya Gopinath Bordoloi International Airport (GAU),183.14,MMLP Silchar,51.64,Lakhipur Terminal,45.04,FCI Depot Silchar,51.64,CACHAR Toll Plaza,45.38
Longkai,DIMA HASAO,315.0,12290767151,village,27,3.59,Belghoria Expressway,547.56,MAHUR,2.95,Khongsang,49.58,Kolkata Port (Syama Prasad Mookerjee Port) incl. Haldia Dock Complex,559.54,ICD Amingaon,181.55,Sutarkandi ICP,86.83,Lokpriya Gopinath Bordoloi International Airport (GAU),184.61,MMLP Silchar,52.26,Lakhipur Terminal,45.01,FCI Depot Silchar,52.26,CACHAR Toll Plaza,46.29
Nengte,DIMA HASAO,315.0,12290767152,village,27,5.99,Belghoria Expressway,543.53,MAHUR,6.07,Bihara,47.4,Kolkata Port (Syama Prasad Mookerjee Port) incl. Haldia Dock Complex,555.48,ICD Amingaon,182.69,Sutarkandi ICP,82.58,Lokpriya Gopinath Bordoloi International Airport (GAU),185.42,MMLP Silchar,47.6,Lakhipur Terminal,40.05,FCI Depot Silchar,47.6,CACHAR Toll Plaza,42.19
Pangmul,DIMA HASAO,315.0,12290767153,village,27,4.25,Belghoria Expressway,548.03,MAHUR,3.79,Khongsang,48.79,Kolkata Port (Syama Prasad Mookerjee Port) incl. Haldia Dock Complex,560.01,ICD Amingaon,182.38,Sutarkandi ICP,87.24,Lokpriya Gopinath Bordoloi International Airport (GAU),185.44,MMLP Silchar,52.53,Lakhipur Terminal,44.91,FCI Depot Silchar,52.53,CACHAR Toll Plaza,46.73
Rāngāmāti,SRIBHUMI,317.0,12303142202,village,108,4.05,Belghoria Expressway,427.79,Panisagar,14.13,Bihara,84.05,Kolkata Port (Syama Prasad Mookerjee Port) incl. Haldia Dock Complex,439.16,ICD Amingaon,215.08,Sutarkandi ICP,49.75,Lokpriya Gopinath Bordoloi International Airport (GAU),210.31,MMLP Silchar,77.22,Karimganj Terminal,64.85,FCI Depot Silchar,77.22,SRIBHUMI Toll Plaza,62.25
Nīlkāntpur,SRIBHUMI,317.0,12303142203,village,108,5.24,Belghoria Expressway,428.47,Nadiapur,13.58,Bihara,82.9,Kolkata Port (Syama Prasad Mookerjee Port) incl. Haldia Dock Complex,439.86,ICD Amingaon,214.01,Sutarkandi ICP,48.56,Lokpriya Gopinath Bordoloi International Airport (GAU),209.27,MMLP Silchar,76.16,Karimganj Terminal,63.65,FCI Depot Silchar,76.16,SRIBHUMI Toll Plaza,61.05
Katanpur,SRIBHUMI,317.0,12303142204,village,8,7.21,Belghoria Expressway,432.08,Nadiapur,10.13,Bihara,76.32,Kolkata Port (Syama Prasad Mookerjee Port) incl. Haldia Dock Complex,443.56,ICD Amingaon,207.42,Sutarkandi ICP,41.53,Lokpriya Gopinath Bordoloi International Airport (GAU),202.84,MMLP Silchar,70.28,Karimganj Terminal,56.5,FCI Depot Silchar,70.28,SRIBHUMI Toll Plaza,53.92
Katāmani,SRIBHUMI,317.0,12303142205,village,8,6.88,Belghoria Expressway,432.9,Churaibari,8.79,Bihara,74.67,Kolkata Port (Syama Prasad Mookerjee Port) incl. Haldia Dock Complex,444.4,ICD Amingaon,205.6,Sutarkandi ICP,39.72,Lokpriya Gopinath Bordoloi International Airport (GAU),201.06,MMLP Silchar,68.86,Karimganj Terminal,54.6,FCI Depot Silchar,68.86,SRIBHUMI Toll Plaza,52.04
Isābil,SRIBHUMI,317.0,12303142206,village,8,4.84,Belghoria Expressway,434.73,Churaibari,6.84,Bihara,71.38,Kolkata Port (Syama Prasad Mookerjee Port) incl. Haldia Dock Complex,446.28,ICD Amingaon,202.18,Sutarkandi ICP,36.14,Lokpriya Gopinath Bordoloi International Airport (GAU),197.72,MMLP Silchar,66.03,Karimganj Terminal,50.9,FCI Depot Silchar,66.03,SRIBHUMI Toll Plaza,48.37
East Kālāchhara,SRIBHUMI,317.0,12303142207,village,8,4.06,Belghoria Expressway,437.09,Churaibari,8.21,Bihara,69.06,Kolkata Port (Syama Prasad Mookerjee Port) incl. Haldia Dock Complex,448.65,ICD Amingaon,201.27,Sutarkandi ICP,34.05,Lokpriya Gopinath Bordoloi International Airport (GAU),196.94,MMLP Silchar,63.59,Karimganj Terminal,49.2,FCI Depot Silchar,63.59,SRIBHUMI Toll Plaza,46.48
Kālāchhara,SRIBHUMI,317.0,12303142208,village,8,4.07,Belghoria Expressway,435.44,Churaibari,6.91,Bihara,70.45,Kolkata Port (Syama Prasad Mookerjee Port) incl. Haldia Dock Complex,447.0,ICD Amingaon,201.48,Sutarkandi ICP,35.21,Lokpriya Gopinath Bordoloi International Airport (GAU),197.06,MMLP Silchar,65.15,Karimganj Terminal,50.02,FCI Depot Silchar,65.15,SRIBHUMI Toll Plaza,47.46
Kālāchhara,SRIBHUMI,317.0,12303142209,village,8,2.66,Belghoria Expressway,436.45,Churaibari,6.97,Bihara,68.89,Kolkata Port (Syama Prasad Mookerjee Port) incl. Haldia Dock Complex,448.03,ICD Amingaon,200.03,Sutarkandi ICP,33.56,Lokpriya Gopinath Bordoloi International Airport (GAU),195.66,MMLP Silchar,63.77,Karimganj Terminal,48.36,FCI Depot Silchar,63.77,SRIBHUMI Toll Plaza,45.78
Shibergul,SRIBHUMI,317.0,12303142210,village,8,1.72,Belghoria Expressway,437.23,Tilbhum,7.25,Bihara,67.67,Kolkata Port (Syama Prasad Mookerjee Port) incl. Haldia Dock Complex,448.82,ICD Amingaon,198.88,Sutarkandi ICP,32.27,Lokpriya Gopinath Bordoloi International Airport (GAU),194.55,MMLP Silchar,62.72,Karimganj Terminal,47.06,FCI Depot Silchar,62.72,SRIBHUMI Toll Plaza,44.48
Shibergul,SRIBHUMI,317.0,12303142211,village,8,0.68,Belghoria Expressway,438.11,Tilbhum,7.27,Bihara,66.41,Kolkata Port (Syama Prasad Mookerjee Port) incl. Haldia Dock Complex,449.72,ICD Amingaon,197.8,Sutarkandi ICP,30.95,Lokpriya Gopinath Bordoloi International Airport (GAU),193.51,MMLP Silchar,61.59,Karimganj Terminal,45.76,FCI Depot Silchar,61.59,SRIBHUMI Toll Plaza,43.16
Lowairpoa,SRIBHUMI,317.0,12303142212,village,8,0.11,Belghoria Expressway,438.71,Chandkhira Bagn,5.87,Bihara,65.16,Kolkata Port (Syama Prasad Mookerjee Port) incl. Haldia Dock Complex,450.34,ICD Amingaon,196.26,Sutarkandi ICP,29.52,Lokpriya Gopinath Bordoloi International Airport (GAU),192.0,MMLP Silchar,60.62,Karimganj Terminal,44.19,FCI Depot Silchar,60.62,SRIBHUMI Toll Plaza,41.63
Bānglātal,SRIBHUMI,317.0,12308317669,village,8,0.4,Belghoria Expressway,431.69,Churaibari,1.58,Bihara,71.08,Kolkata Port (Syama Prasad Mookerjee Port) incl. Haldia Dock Complex,443.33,ICD Amingaon,196.71,Sutarkandi ICP,34.75,Lokpriya Gopinath Bordoloi International Airport (GAU),192.04,MMLP Silchar,67.28,Karimganj Terminal,47.67,FCI Depot Silchar,67.28,SRIBHUMI Toll Plaza,45.87
Hataiband,SRIBHUMI,317.0,12308351745,village,8,0.52,Belghoria Expressway,439.34,Chandkhira Bagn,6.0,Bihara,64.64,Kolkata Port (Syama Prasad Mookerjee Port) incl. Haldia Dock Complex,450.96,ICD Amingaon,196.24,Sutarkandi ICP,29.09,Lokpriya Gopinath Bordoloi International Airport (GAU),192.02,MMLP Silchar,60.03,Karimganj Terminal,43.93,FCI Depot Silchar,60.03,SRIBHUMI Toll Plaza,41.3
Bāzārghat,SRIBHUMI,317.0,12308501185,village,8,5.88,Belghoria Expressway,431.16,Nadiapur,8.77,Bihara,76.5,Kolkata Port (Syama Prasad Mookerjee Port) incl. Haldia Dock Complex,442.66,ICD Amingaon,206.54,Sutarkandi ICP,41.43,Lokpriya Gopinath Bordoloi International Airport (GAU),201.9,MMLP Silchar,70.74,Karimganj Terminal,56.09,FCI Depot Silchar,70.74,SRIBHUMI Toll Plaza,53.64
Uttar Māgura,SRIBHUMI,317.0,12308501186,village,8,5.58,Belghoria Expressway,431.19,Nadiapur,8.42,Bihara,76.17,Kolkata Port (Syama Prasad Mookerjee Port) incl. Haldia Dock Complex,442.69,ICD Amingaon,205.98,Sutarkandi ICP,41.02,Lokpriya Gopinath Bordoloi International Airport (GAU),201.34,MMLP Silchar,70.51,Karimganj Terminal,55.6,FCI Depot Silchar,70.51,SRIBHUMI Toll Plaza,53.18
Jānpur,SRIBHUMI,317.0,12308501187,village,8,6.6,Belghoria Expressway,432.23,Churaibari,9.08,Bihara,75.49,Kolkata Port (Syama Prasad Mookerjee Port) incl. Haldia Dock Complex,443.72,ICD Amingaon,206.17,Sutarkandi ICP,40.53,Lokpriya Gopinath Bordoloi International Airport (GAU),201.59,MMLP Silchar,69.67,Karimganj Terminal,55.35,FCI Depot Silchar,69.67,SRIBHUMI Toll Plaza,52.82
Solāmana,SRIBHUMI,317.0,12308501188,village,8,6.39,Belghoria Expressway,432.58,Churaibari,8.32,Bihara,74.7,Kolkata Port (Syama Prasad Mookerjee Port) incl. Haldia Dock Complex,444.09,ICD Amingaon,205.24,Sutarkandi ICP,39.64,Lokpriya Gopinath Bordoloi International Airport (GAU),200.68,MMLP Silchar,69.01,Karimganj Terminal,54.41,FCI Depot Silchar,69.01,SRIBHUMI Toll Plaza,51.9
Rauarpār,SRIBHUMI,317.0,12308501189,village,8,5.17,Belghoria Expressway,433.19,Churaibari,6.14,Bihara,72.79,Kolkata Port (Syama Prasad Mookerjee Port) incl. Haldia Dock Complex,444.74,ICD Amingaon,202.59,Sutarkandi ICP,37.4,Lokpriya Gopinath Bordoloi International Airport (GAU),198.05,MMLP Silchar,67.54,Karimganj Terminal,51.88,FCI Depot Silchar,67.54,SRIBHUMI Toll Plaza,49.48
Uttar Solāmana,SRIBHUMI,317.0,12308501190,village,8,5.91,Belghoria Expressway,432.68,Churaibari,7.47,Bihara,74.11,Kolkata Port (Syama Prasad Mookerjee Port) incl. Haldia Dock Complex,444.2,ICD Amingaon,204.31,Sutarkandi ICP,38.92,Lokpriya Gopinath Bordoloi International Airport (GAU),199.75,MMLP Silchar,68.59,Karimganj Terminal,53.56,FCI Depot Silchar,68.59,SRIBHUMI Toll Plaza,51.11
Dakshin Māgura,SRIBHUMI,317.0,12308501472,village,8,7.1,Belghoria Expressway,431.29,Nadiapur,10.09,Bihara,77.38,Kolkata Port (Syama Prasad Mookerjee Port) incl. Haldia Dock Complex,442.76,ICD Amingaon,208.23,Sutarkandi ICP,42.6,Lokpriya Gopinath Bordoloi International Airport (GAU),203.61,MMLP Silchar,71.28,Karimganj Terminal,57.51,FCI Depot Silchar,71.28,SRIBHUMI Toll Plaza,54.96
Dakshin Māgura,SRIBHUMI,317.0,12308501473,village,8,6.1,Belghoria Expressway,430.43,Nadiapur,9.14,Bihara,77.79,Kolkata Port (Syama Prasad Mookerjee Port) incl. Haldia Dock Complex,441.9,ICD Amingaon,207.84,Sutarkandi ICP,42.81,Lokpriya Gopinath Bordoloi International Airport (GAU),203.17,MMLP Silchar,71.88,Karimganj Terminal,57.51,FCI Depot Silchar,71.88,SRIBHUMI Toll Plaza,55.05
Māgurāpunji,SRIBHUMI,317.0,12308501474,village,8,5.98,Belghoria Expressway,430.95,Nadiapur,8.92,Bihara,76.92,Kolkata Port (Syama Prasad Mookerjee Port) incl. Haldia Dock Complex,442.44,ICD Amingaon,207.0,Sutarkandi ICP,41.89,Lokpriya Gopinath Bordoloi International Airport (GAU),202.36,MMLP Silchar,71.1,Karimganj Terminal,56.58,FCI Depot Silchar,71.1,SRIBHUMI Toll Plaza,54.12
Karīmganjbil,SRIBHUMI,317.0,12308501811,village,8,7.96,Belghoria Expressway,434.73,Churaibari,9.51,Bihara,73.16,Kolkata Port (Syama Prasad Mookerjee Port) incl. Haldia Dock Complex,446.23,ICD Amingaon,205.37,Sutarkandi ICP,38.48,Lokpriya Gopinath Bordoloi International Airport (GAU),200.93,MMLP Silchar,67.17,Karimganj Terminal,53.7,FCI Depot Silchar,67.17,SRIBHUMI Toll Plaza,50.98
Basti No. 4,SRIBHUMI,317.0,12308501812,village,8,7.34,Belghoria Expressway,434.78,Churaibari,8.99,Bihara,72.77,Kolkata Port (Syama Prasad Mookerjee Port) incl. Haldia Dock Complex,446.29,ICD Amingaon,204.74,Sutarkandi ICP,37.98,Lokpriya Gopinath Bordoloi International Airport (GAU),200.3,MMLP Silchar,66.89,Karimganj Terminal,53.13,FCI Depot Silchar,66.89,SRIBHUMI Toll Plaza,50.44
Thamua,SRIBHUMI,317.0,12309487497,village,8,2.8,Belghoria Expressway,458.86,Nilambazar,2.61,Bihara,38.15,Kolkata Port (Syama Prasad Mookerjee Port) incl. Haldia Dock Complex,470.79,ICD Amingaon,171.46,Sutarkandi ICP,4.43,Lokpriya Gopinath Bordoloi International Airport (GAU),168.38,MMLP Silchar,39.75,Karimganj Terminal,15.08,FCI Depot Silchar,39.75,SRIBHUMI Toll Plaza,11.3
Sagarpar,SRIBHUMI,317.0,12309487499,village,8,6.4,Belghoria Expressway,462.83,Nilambazar,6.75,Bihara,34.58,Kolkata Port (Syama Prasad Mookerjee Port) incl. Haldia Dock Complex,474.74,ICD Amingaon,172.57,Sutarkandi ICP,2.9,Lokpriya Gopinath Bordoloi International Airport (GAU),169.78,MMLP Silchar,35.56,Karimganj Terminal,16.05,FCI Depot Silchar,35.56,SRIBHUMI Toll Plaza,10.91
Belala,SRIBHUMI,317.0,12310303629,village,6,8.95,Belghoria Expressway,464.66,Nilambazar,9.65,Bihara,33.59,Kolkata Port (Syama Prasad Mookerjee Port) incl. Haldia Dock Complex,476.54,ICD Amingaon,175.08,Sutarkandi ICP,3.48,Lokpriya Gopinath Bordoloi International Airport (GAU),172.42,MMLP Silchar,33.26,Badarpur Terminal,17.89,FCI Depot Silchar,33.26,SRIBHUMI Toll Plaza,13.23
Bachla,SRIBHUMI,317.0,12328405846,village,37,5.45,Belghoria Expressway,469.52,Bhanga,5.71,Bihara,27.24,Kolkata Port (Syama Prasad Mookerjee Port) incl. Haldia Dock Complex,481.48,ICD Amingaon,168.48,Sutarkandi ICP,10.39,Lokpriya Gopinath Bordoloi International Airport (GAU),166.17,MMLP Silchar,30.39,Badarpur Terminal,9.82,FCI Depot Silchar,30.39,SRIBHUMI Toll Plaza,7.91
Khola,SRIBHUMI,317.0,12328405847,village,37,4.95,Belghoria Expressway,467.78,Bhanga,5.4,Bihara,28.82,Kolkata Port (Syama Prasad Mookerjee Port) incl. Haldia Dock Complex,479.75,ICD Amingaon,167.47,Sutarkandi ICP,9.81,Lokpriya Gopinath Bordoloi International Airport (GAU),165.02,MMLP Silchar,32.42,Badarpur Terminal,10.24,FCI Depot Silchar,32.42,SRIBHUMI Toll Plaza,6.17
Mājātkāndi,SRIBHUMI,317.0,12328405848,village,37,5.51,Belghoria Expressway,470.1,Bhanga,6.09,Bihara,26.75,Kolkata Port (Syama Prasad Mookerjee Port) incl. Haldia Dock Complex,482.06,ICD Amingaon,168.95,Sutarkandi ICP,10.6,Lokpriya Gopinath Bordoloi International Airport (GAU),166.68,MMLP Silchar,29.67,Badarpur Terminal,9.88,FCI Depot Silchar,29.67,SRIBHUMI Toll Plaza,8.63
Dattapur,SRIBHUMI,317.0,12328405849,village,37,4.13,Belghoria Expressway,470.68,Bhanga,4.78,Bihara,25.98,Kolkata Port (Syama Prasad Mookerjee Port) incl. Haldia Dock Complex,482.65,ICD Amingaon,167.67,Sutarkandi ICP,11.79,Lokpriya Gopinath Bordoloi International Airport (GAU),165.43,MMLP Silchar,29.67,Badarpur Terminal,8.5,FCI Depot Silchar,29.67,SRIBHUMI Toll Plaza,7.95
Nawājisnagar,SRIBHUMI,317.0,12328405850,village,37,3.08,Belghoria Expressway,466.46,Chargola,3.09,Bihara,29.97,Kolkata Port (Syama Prasad Mookerjee Port) incl. Haldia Dock Complex,478.46,ICD Amingaon,165.25,Sutarkandi ICP,10.88,Lokpriya Gopinath Bordoloi International Airport (GAU),162.7,MMLP Silchar,34.6,Karimganj Terminal,9.74,FCI Depot Silchar,34.6,SRIBHUMI Toll Plaza,3.58
Nandapur,SRIBHUMI,317.0,12328420099,village,37,1.93,Belghoria Expressway,467.31,Chargola,2.28,Bihara,29.11,Kolkata Port (Syama Prasad Mookerjee Port) incl. Haldia Dock Complex,479.32,ICD Amingaon,164.32,Sutarkandi ICP,12.08,Lokpriya Gopinath Bordoloi International Airport (GAU),161.84,MMLP Silchar,34.27,Badarpur Terminal,8.95,FCI Depot Silchar,34.27,SRIBHUMI Toll Plaza,3.13
Nāirgram,SRIBHUMI,317.0,12328420100,village,37,1.19,Belghoria Expressway,467.19,Chargola,1.42,Bihara,29.24,Kolkata Port (Syama Prasad Mookerjee Port) incl. Haldia Dock Complex,479.21,ICD Amingaon,163.46,Sutarkandi ICP,12.77,Lokpriya Gopinath Bordoloi International Airport (GAU),160.97,MMLP Silchar,34.8,Karimganj Terminal,8.53,FCI Depot Silchar,34.8,SRIBHUMI Toll Plaza,2.39
Kamarangi,SRIBHUMI,317.0,12328834488,village,37,5.7,Belghoria Expressway,469.78,Bhanga,6.15,Bihara,27.07,Kolkata Port (Syama Prasad Mookerjee Port) incl. Haldia Dock Complex,481.74,ICD Amingaon,168.98,Sutarkandi ICP,10.32,Lokpriya Gopinath Bordoloi International Airport (GAU),166.68,MMLP Silchar,29.96,Badarpur Terminal,10.07,FCI Depot Silchar,29.96,SRIBHUMI Toll Plaza,8.48
Mokoi Bhanha,SRIBHUMI,317.0,12328994049,village,37,0.02,Belghoria Expressway,473.63,Bhanga,3.25,Bihara,22.78,Kolkata Port (Syama Prasad Mookerjee Port) incl. Haldia Dock Complex,485.64,ICD Amingaon,164.41,Sutarkandi ICP,16.09,Lokpriya Gopinath Bordoloi International Airport (GAU),162.4,MMLP Silchar,28.74,Badarpur Terminal,4.22,FCI Depot Silchar,28.74,SRIBHUMI Toll Plaza,8.61
Anglabazar,SRIBHUMI,317.0,12329000533,village,37,5.35,Belghoria Expressway,473.96,Rupasibari,4.9,Bihara,23.35,Kolkata Port (Syama Prasad Mookerjee Port) incl. Haldia Dock Complex,485.9,ICD Amingaon,170.42,Sutarkandi ICP,13.47,Lokpriya Gopinath Bordoloi International Airport (GAU),168.42,MMLP Silchar,25.53,Badarpur Terminal,9.91,FCI Depot Silchar,25.53,SRIBHUMI Toll Plaza,12.22
Sonādāri,SRIBHUMI,317.0,12338037033,village,37,1.0,Belghoria Expressway,455.75,Karimganj Junction,9.18,Bihara,41.98,Kolkata Port (Syama Prasad Mookerjee Port) incl. Haldia Dock Complex,467.88,ICD Amingaon,155.44,Sutarkandi ICP,21.0,Lokpriya Gopinath Bordoloi International Airport (GAU),152.04,MMLP Silchar,49.4,Karimganj Terminal,7.23,FCI Depot Silchar,49.4,SRIBHUMI Toll Plaza,12.33
Purāuri,SRIBHUMI,317.0,12338037034,village,37,0.28,Belghoria Expressway,456.0,Karimganj Junction,9.42,Bihara,41.98,Kolkata Port (Syama Prasad Mookerjee Port) incl. Haldia Dock Complex,468.14,ICD Amingaon,154.55,Sutarkandi ICP,21.79,Lokpriya Gopinath Bordoloi International Airport (GAU),151.16,MMLP Silchar,49.68,Karimganj Terminal,7.3,FCI Depot Silchar,49.68,SRIBHUMI Toll Plaza,12.69
Lautisi,SRIBHUMI,317.0,12338037035,village,37,0.28,Belghoria Expressway,454.91,Karimganj Junction,11.24,Bihara,43.5,Kolkata Port (Syama Prasad Mookerjee Port) incl. Haldia Dock Complex,467.07,ICD Amingaon,153.13,Sutarkandi ICP,23.6,Lokpriya Gopinath Bordoloi International Airport (GAU),149.65,MMLP Silchar,51.5,Karimganj Terminal,9.0,FCI Depot Silchar,51.5,SRIBHUMI Toll Plaza,14.58
Bāzārghat,SRIBHUMI,317.0,12346963432,village,8,5.94,Belghoria Expressway,452.03,Bazurghat,1.11,Bihara,48.89,Kolkata Port (Syama Prasad Mookerjee Port) incl. Haldia Dock Complex,463.79,ICD Amingaon,185.28,Sutarkandi ICP,13.25,Lokpriya Gopinath Bordoloi International Airport (GAU),181.79,MMLP Silchar,45.73,Karimganj Terminal,29.79,FCI Depot Silchar,45.73,SRIBHUMI Toll Plaza,26.18
Singari,SRIBHUMI,317.0,12358670085,village,8,1.34,Belghoria Expressway,446.16,Patharkandi,2.86,Bihara,53.94,Kolkata Port (Syama Prasad Mookerjee Port) incl. Haldia Dock Complex,457.94,ICD Amingaon,185.15,Sutarkandi ICP,17.39,Lokpriya Gopinath Bordoloi International Airport (GAU),181.29,MMLP Silchar,51.5,Karimganj Terminal,31.57,FCI Depot Silchar,51.5,SRIBHUMI Toll Plaza,28.96
Bhairab Nagar,SRIBHUMI,317.0,12367194791,village,6,5.05,Belghoria Expressway,465.56,Hailakandi,8.0,Bihara,34.52,Kolkata Port (Syama Prasad Mookerjee Port) incl. Haldia Dock Complex,477.39,ICD Amingaon,179.46,Sutarkandi ICP,6.35,Lokpriya Gopinath Bordoloi International Airport (GAU),176.86,MMLP Silchar,31.96,Badarpur Terminal,21.16,FCI Depot Silchar,31.96,SRIBHUMI Toll Plaza,17.62
Gamāri,SRIBHUMI,317.0,12372494831,village,6,6.99,Belghoria Expressway,462.22,Monacherra,7.98,Bihara,39.66,Kolkata Port (Syama Prasad Mookerjee Port) incl. Haldia Dock Complex,473.98,ICD Amingaon,184.05,Sutarkandi ICP,9.12,Lokpriya Gopinath Bordoloi International Airport (GAU),181.23,MMLP Silchar,35.54,Badarpur Terminal,26.71,FCI Depot Silchar,35.54,SRIBHUMI Toll Plaza,22.31
Golerband,SRIBHUMI,317.0,12372494832,village,6,6.0,Belghoria Expressway,461.82,Monacherra,6.4,Bihara,41.25,Kolkata Port (Syama Prasad Mookerjee Port) incl. Haldia Dock Complex,473.55,ICD Amingaon,186.37,Sutarkandi ICP,11.38,Lokpriya Gopinath Bordoloi International Airport (GAU),183.52,MMLP Silchar,36.29,Badarpur Terminal,28.94,FCI Depot Silchar,36.29,SRIBHUMI Toll Plaza,24.65
Chāmāla,SRIBHUMI,317.0,12372494833,village,6,7.69,Belghoria Expressway,459.22,Ratabari,6.67,Bihara,44.2,Kolkata Port (Syama Prasad Mookerjee Port) incl. Haldia Dock Complex,470.94,ICD Amingaon,187.88,Sutarkandi ICP,12.89,Lokpriya Gopinath Bordoloi International Airport (GAU),184.86,MMLP Silchar,39.11,Karimganj Terminal,31.32,FCI Depot Silchar,39.11,SRIBHUMI Toll Plaza,26.48
Tingārgul,SRIBHUMI,317.0,12372494834,village,6,8.58,Belghoria Expressway,458.11,Ratabari,5.5,Bihara,45.42,Kolkata Port (Syama Prasad Mookerjee Port) incl. Haldia Dock Complex,469.82,ICD Amingaon,188.47,Sutarkandi ICP,13.62,Lokpriya Gopinath Bordoloi International Airport (GAU),185.38,MMLP Silchar,40.31,Karimganj Terminal,31.97,FCI Depot Silchar,40.31,SRIBHUMI Toll Plaza,27.26
Kālinagar,SRIBHUMI,317.0,12372494835,village,6,8.91,Belghoria Expressway,457.32,Anipur,4.86,Bihara,47.09,Kolkata Port (Syama Prasad Mookerjee Port) incl. Haldia Dock Complex,469.01,ICD Amingaon,190.3,Sutarkandi ICP,15.55,Lokpriya Gopinath Bordoloi International Airport (GAU),187.16,MMLP Silchar,41.5,Karimganj Terminal,33.84,FCI Depot Silchar,41.5,SRIBHUMI Toll Plaza,29.2
Dalurpār,SRIBHUMI,317.0,12372494889,village,6,9.42,Belghoria Expressway,457.49,Ratabari,5.05,Bihara,45.45,Kolkata Port (Syama Prasad Mookerjee Port) incl. Haldia Dock Complex,469.22,ICD Amingaon,187.62,Sutarkandi ICP,12.92,Lokpriya Gopinath Bordoloi International Airport (GAU),184.49,MMLP Silchar,40.73,Karimganj Terminal,31.18,FCI Depot Silchar,40.73,SRIBHUMI Toll Plaza,26.58
Alambag,CACHAR,316.0,12373756571,village,37,4.14,Belghoria Expressway,487.08,SALCHAPRA,4.09,Bihara,18.64,Kolkata Port (Syama Prasad Mookerjee Port) incl. Haldia Dock Complex,498.9,ICD Amingaon,180.5,Sutarkandi ICP,26.37,Lokpriya Gopinath Bordoloi International Airport (GAU),179.35,MMLP Silchar,10.45,Silchar Terminal,10.45,FCI Depot Silchar,10.45,CACHAR Toll Plaza,18.3
Madhcherra,CACHAR,316.0,12373756572,village,6,10.39,Belghoria Expressway,479.68,Hailakandi,9.88,Bihara,31.68,Kolkata Port (Syama Prasad Mookerjee Port) incl. Haldia Dock Complex,491.36,ICD Amingaon,190.63,Sutarkandi ICP,24.09,Lokpriya Gopinath Bordoloi International Airport (GAU),188.92,MMLP Silchar,20.76,Silchar Terminal,20.76,FCI Depot Silchar,20.76,CACHAR Toll Plaza,31.11
Mesipur,CACHAR,316.0,12373756573,village,6,10.26,Belghoria Expressway,479.69,Hailakandi,9.78,Bihara,31.5,Kolkata Port (Syama Prasad Mookerjee Port) incl. Haldia Dock Complex,491.38,ICD Amingaon,190.43,Sutarkandi ICP,23.97,Lokpriya Gopinath Bordoloi International Airport (GAU),188.72,MMLP Silchar,20.64,Silchar Terminal,20.64,FCI Depot Silchar,20.64,CACHAR Toll Plaza,30.96
Paglanala,CACHAR,316.0,12373756574,village,6,9.58,Belghoria Expressway,477.79,Lalabazar,8.4,Bihara,40.16,Kolkata Port (Syama Prasad Mookerjee Port) incl. Haldia Dock Complex,489.36,ICD Amingaon,199.05,Sutarkandi ICP,29.04,Lokpriya Gopinath Bordoloi International Airport (GAU),197.16,MMLP Silchar,27.62,Silchar Terminal,27.62,FCI Depot Silchar,27.62,CACHAR Toll Plaza,38.98
Aulicherra,HAILAKANDI,318.0,12373756575,village,6,8.13,Belghoria Expressway,476.18,Lalabazar,6.82,Bihara,41.27,Kolkata Port (Syama Prasad Mookerjee Port) incl. Haldia Dock Complex,487.74,ICD Amingaon,199.37,Sutarkandi ICP,28.49,Lokpriya Gopinath Bordoloi International Airport (GAU),197.38,MMLP Silchar,29.08,Silchar Terminal,29.08,FCI Depot Silchar,29.08,SRIBHUMI Toll Plaza,38.97
Munchicherra,CACHAR,316.0,12373756576,village,306,9.25,Belghoria Expressway,478.68,Lalabazar,9.77,Bihara,42.38,Kolkata Port (Syama Prasad Mookerjee Port) incl. Haldia Dock Complex,490.22,ICD Amingaon,201.95,Sutarkandi ICP,31.87,Lokpriya Gopinath Bordoloi International Airport (GAU),200.09,MMLP Silchar,29.14,Silchar Terminal,29.14,FCI Depot Silchar,29.14,CACHAR Toll Plaza,40.85
Nagathal,CACHAR,316.0,12373756577,village,306,8.8,Belghoria Expressway,482.05,Lalabazar,12.95,Bihara,40.92,Kolkata Port (Syama Prasad Mookerjee Port) incl. Haldia Dock Complex,493.59,ICD Amingaon,201.96,Sutarkandi ICP,33.67,Lokpriya Gopinath Bordoloi International Airport (GAU),200.31,MMLP Silchar,26.89,Silchar Terminal,26.89,FCI Depot Silchar,26.89,CACHAR Toll Plaza,38.91
Dholaikhal,CACHAR,316.0,12373756578,village,306A,1.4,Belghoria Expressway,481.62,Lalabazar,24.94,Bihara,59.68,Kolkata Port (Syama Prasad Mookerjee Port) incl. Haldia Dock Complex,492.9,ICD Amingaon,221.03,Sutarkandi ICP,49.64,Lokpriya Gopinath Bordoloi International Airport (GAU),219.2,MMLP Silchar,44.48,Lakhipur Terminal,43.19,FCI Depot Silchar,44.48,CACHAR Toll Plaza,56.92
Indranagar,CACHAR,316.0,12375834697,village,27,6.32,Belghoria Expressway,512.83,BANDARKHAL,11.01,Bihara,17.54,Kolkata Port (Syama Prasad Mookerjee Port) incl. Haldia Dock Complex,524.77,ICD Amingaon,174.46,Sutarkandi ICP,51.88,Lokpriya Gopinath Bordoloi International Airport (GAU),175.21,MMLP Silchar,18.68,Silchar Terminal,18.68,FCI Depot Silchar,18.68,CACHAR Toll Plaza,11.57
Tibong Cherra,CACHAR,316.0,12375834698,village,27,0.24,Belghoria Expressway,503.48,DAMCHARA,0.91,Bihara,7.2,Kolkata Port (Syama Prasad Mookerjee Port) incl. Haldia Dock Complex,515.51,ICD Amingaon,165.16,Sutarkandi ICP,43.99,Lokpriya Gopinath Bordoloi International Airport (GAU),165.37,MMLP Silchar,19.06,Silchar Terminal,19.06,FCI Depot Silchar,19.06,CACHAR Toll Plaza,6.57
Harinagar,CACHAR,316.0,12375834699,village,37,11.9,Belghoria Expressway,532.43,JIRIGHAT,12.64,Khongsang,37.13,Kolkata Port (Syama Prasad Mookerjee Port) incl. Haldia Dock Complex,544.16,ICD Amingaon,197.53,Sutarkandi ICP,72.32,Lokpriya Gopinath Bordoloi International Airport (GAU),199.13,MMLP Silchar,35.63,Lakhipur Terminal,19.45,FCI Depot Silchar,35.63,CACHAR Toll Plaza,36.68
Digli,CACHAR,316.0,12375834700,village,37,6.16,Belghoria Expressway,529.66,JIRIGHAT,7.09,Khongsang,36.24,Kolkata Port (Syama Prasad Mookerjee Port) incl. Haldia Dock Complex,541.33,ICD Amingaon,201.66,Sutarkandi ICP,70.63,Lokpriya Gopinath Bordoloi International Airport (GAU),202.98,MMLP Silchar,34.4,Lakhipur Terminal,15.22,FCI Depot Silchar,34.4,CACHAR Toll Plaza,37.49
Bhuban Hills,CACHAR,316.0,12375838501,village,306,6.62,Belghoria Expressway,503.44,SILCHAR,19.34,Bihara,36.59,Kolkata Port (Syama Prasad Mookerjee Port) incl. Haldia Dock Complex,515.02,ICD Amingaon,202.06,Sutarkandi ICP,48.53,Lokpriya Gopinath Bordoloi International Airport (GAU),201.72,MMLP Silchar,20.11,Lakhipur Terminal,12.21,FCI Depot Silchar,20.11,CACHAR Toll Plaza,31.33
Hadama,CACHAR,316.0,12375838502,village,306A,3.11,Belghoria Expressway,483.84,Lalabazar,21.03,Bihara,52.79,Kolkata Port (Syama Prasad Mookerjee Port) incl. Haldia Dock Complex,495.21,ICD Amingaon,214.79,Sutarkandi ICP,45.01,Lokpriya Gopinath Bordoloi International Airport (GAU),213.13,MMLP Silchar,37.52,Lakhipur Terminal,37.34,FCI Depot Silchar,37.52,CACHAR Toll Plaza,49.96
Asimganj,SRIBHUMI,317.0,12377093745,village,8,1.1,Belghoria Expressway,447.98,Kanaibazar,0.46,Bihara,50.17,Kolkata Port (Syama Prasad Mookerjee Port) incl. Haldia Dock Complex,459.83,ICD Amingaon,178.77,Sutarkandi ICP,13.44,Lokpriya Gopinath Bordoloi International Airport (GAU),174.98,MMLP Silchar,49.61,Karimganj Terminal,25.34,FCI Depot Silchar,49.61,SRIBHUMI Toll Plaza,23.25
Bagarsangan,SRIBHUMI,317.0,12386956769,village,37,4.21,Belghoria Expressway,459.68,Karimganj Junction,8.92,Bihara,39.35,Kolkata Port (Syama Prasad Mookerjee Port) incl. Haldia Dock Complex,471.85,ICD Amingaon,151.44,Sutarkandi ICP,23.92,Lokpriya Gopinath Bordoloi International Airport (GAU),148.32,MMLP Silchar,48.36,Karimganj Terminal,6.3,FCI Depot Silchar,48.36,SRIBHUMI Toll Plaza,12.51
Fakira Bazar,SRIBHUMI,317.0,12386956771,village,37,0.02,Belghoria Expressway,456.75,Karimganj Junction,8.44,Bihara,41.08,Kolkata Port (Syama Prasad Mookerjee Port) incl. Haldia Dock Complex,468.88,ICD Amingaon,155.07,Sutarkandi ICP,21.02,Lokpriya Gopinath Bordoloi International Airport (GAU),151.74,MMLP Silchar,48.7,Karimganj Terminal,6.36,FCI Depot Silchar,48.7,SRIBHUMI Toll Plaza,11.71
Naldari,SRIBHUMI,317.0,12386956772,village,37,3.55,Belghoria Expressway,457.29,Karimganj Junction,11.33,Bihara,42.08,Kolkata Port (Syama Prasad Mookerjee Port) incl. Haldia Dock Complex,469.48,ICD Amingaon,150.42,Sutarkandi ICP,25.49,Lokpriya Gopinath Bordoloi International Airport (GAU),147.1,MMLP Silchar,51.07,Karimganj Terminal,8.76,FCI Depot Silchar,51.07,SRIBHUMI Toll Plaza,14.9
Pānighat,SRIBHUMI,317.0,12386956773,village,37,3.45,Belghoria Expressway,459.24,Karimganj Junction,8.55,Bihara,39.51,Kolkata Port (Syama Prasad Mookerjee Port) incl. Haldia Dock Complex,471.41,ICD Amingaon,152.17,Sutarkandi ICP,23.26,Lokpriya Gopinath Bordoloi International Airport (GAU),149.02,MMLP Silchar,48.26,Karimganj Terminal,5.95,FCI Depot Silchar,48.26,SRIBHUMI Toll Plaza,12.12
Suterkandi,SRIBHUMI,317.0,12386970008,village,37,0.02,Belghoria Expressway,454.35,Karimganj Junction,11.92,Bihara,44.15,Kolkata Port (Syama Prasad Mookerjee Port) incl. Haldia Dock Complex,466.51,ICD Amingaon,152.85,Sutarkandi ICP,24.11,Lokpriya Gopinath Bordoloi International Airport (GAU),149.32,MMLP Silchar,52.18,Karimganj Terminal,9.67,FCI Depot Silchar,52.18,SRIBHUMI Toll Plaza,15.25
Khelma,CACHAR,316.0,12434159470,village,37,0.41,Belghoria Expressway,495.48,ARUNACHAL,2.5,Bihara,15.31,Kolkata Port (Syama Prasad Mookerjee Port) incl. Haldia Dock Complex,507.31,ICD Amingaon,180.51,Sutarkandi ICP,34.54,Lokpriya Gopinath Bordoloi International Airport (GAU),179.94,MMLP Silchar,2.42,Silchar Terminal,2.42,FCI Depot Silchar,2.42,CACHAR Toll Plaza,12.09
Rāmnagar,CACHAR,316.0,12434159471,village,37,0.29,Belghoria Expressway,496.56,SILCHAR,2.09,Bihara,15.79,Kolkata Port (Syama Prasad Mookerjee Port) incl. Haldia Dock Complex,508.39,ICD Amingaon,181.15,Sutarkandi ICP,35.67,Lokpriya Gopinath Bordoloi International Airport (GAU),180.65,MMLP Silchar,1.25,Silchar Terminal,1.25,FCI Depot Silchar,1.25,CACHAR Toll Plaza,12.06
Khelma,CACHAR,316.0,12434159472,village,37,0.2,Belghoria Expressway,495.79,SILCHAR,2.57,Bihara,16.05,Kolkata Port (Syama Prasad Mookerjee Port) incl. Haldia Dock Complex,507.62,ICD Amingaon,181.29,Sutarkandi ICP,34.94,Lokpriya Gopinath Bordoloi International Airport (GAU),180.74,MMLP Silchar,1.81,Silchar Terminal,1.81,FCI Depot Silchar,1.81,CACHAR Toll Plaza,12.61
Bhubirband,SRIBHUMI,317.0,12434521790,village,108,9.75,Belghoria Expressway,437.07,Jamira,13.79,Bihara,79.72,Kolkata Port (Syama Prasad Mookerjee Port) incl. Haldia Dock Complex,448.38,ICD Amingaon,217.99,Sutarkandi ICP,47.83,Lokpriya Gopinath Bordoloi International Airport (GAU),213.73,MMLP Silchar,71.25,Karimganj Terminal,64.57,FCI Depot Silchar,71.25,SRIBHUMI Toll Plaza,61.11
Chhota Bhubirband,SRIBHUMI,317.0,12434521791,village,108,8.27,Belghoria Expressway,436.01,Jamira,14.66,Bihara,81.42,Kolkata Port (Syama Prasad Mookerjee Port) incl. Haldia Dock Complex,447.29,ICD Amingaon,219.41,Sutarkandi ICP,49.51,Lokpriya Gopinath Bordoloi International Airport (GAU),215.09,MMLP Silchar,72.89,Karimganj Terminal,66.2,FCI Depot Silchar,72.89,SRIBHUMI Toll Plaza,62.77
Cherāgi,SRIBHUMI,317.0,12434535898,village,6,13.41,Belghoria Expressway,440.32,Jamira,14.29,Bihara,72.42,Kolkata Port (Syama Prasad Mookerjee Port) incl. Haldia Dock Complex,451.73,ICD Amingaon,210.58,Sutarkandi ICP,39.98,Lokpriya Gopinath Bordoloi International Airport (GAU),206.48,MMLP Silchar,64.69,Karimganj Terminal,56.73,FCI Depot Silchar,64.69,SRIBHUMI Toll Plaza,53.24
Wāngirband,SRIBHUMI,317.0,12434558313,village,8,11.02,Belghoria Expressway,444.59,Dullabcherra,12.11,Bihara,65.89,Kolkata Port (Syama Prasad Mookerjee Port) incl. Haldia Dock Complex,456.08,ICD Amingaon,205.26,Sutarkandi ICP,33.53,Lokpriya Gopinath Bordoloi International Airport (GAU),201.38,MMLP Silchar,58.55,Karimganj Terminal,50.6,FCI Depot Silchar,58.55,SRIBHUMI Toll Plaza,46.9
Nibiāchhara,SRIBHUMI,317.0,12434558314,village,8,11.84,Belghoria Expressway,444.83,Manipur Bagan,12.3,Bihara,66.28,Kolkata Port (Syama Prasad Mookerjee Port) incl. Haldia Dock Complex,456.3,ICD Amingaon,206.1,Sutarkandi ICP,34.19,Lokpriya Gopinath Bordoloi International Airport (GAU),202.24,MMLP Silchar,58.74,Karimganj Terminal,51.35,FCI Depot Silchar,58.74,SRIBHUMI Toll Plaza,47.6
Lāchhara,SRIBHUMI,317.0,12434558315,village,6,10.94,Belghoria Expressway,449.03,Dullabcherra,6.66,Bihara,60.45,Kolkata Port (Syama Prasad Mookerjee Port) incl. Haldia Dock Complex,460.57,ICD Amingaon,201.79,Sutarkandi ICP,28.74,Lokpriya Gopinath Bordoloi International Airport (GAU),198.16,MMLP Silchar,53.16,Karimganj Terminal,46.3,FCI Depot Silchar,53.16,SRIBHUMI Toll Plaza,42.28
Murliband,SRIBHUMI,317.0,12434558316,village,6,11.32,Belghoria Expressway,447.12,Dullabcherra,9.79,Bihara,63.71,Kolkata Port (Syama Prasad Mookerjee Port) incl. Haldia Dock Complex,458.61,ICD Amingaon,204.65,Sutarkandi ICP,32.03,Lokpriya Gopinath Bordoloi International Airport (GAU),200.92,MMLP Silchar,56.1,Karimganj Terminal,49.45,FCI Depot Silchar,56.1,SRIBHUMI Toll Plaza,45.53
Gambhira,SRIBHUMI,317.0,12434558317,village,6,11.21,Belghoria Expressway,446.91,Dullabcherra,10.39,Bihara,64.32,Kolkata Port (Syama Prasad Mookerjee Port) incl. Haldia Dock Complex,458.39,ICD Amingaon,205.34,Sutarkandi ICP,32.74,Lokpriya Gopinath Bordoloi International Airport (GAU),201.6,MMLP Silchar,56.61,Karimganj Terminal,50.17,FCI Depot Silchar,56.61,SRIBHUMI Toll Plaza,46.24
Gambhīrābasti,SRIBHUMI,317.0,12434558318,village,6,10.16,Belghoria Expressway,448.03,Dullabcherra,9.68,Bihara,63.61,Kolkata Port (Syama Prasad Mookerjee Port) incl. Haldia Dock Complex,459.51,ICD Amingaon,205.44,Sutarkandi ICP,32.45,Lokpriya Gopinath Bordoloi International Airport (GAU),201.76,MMLP Silchar,55.7,Karimganj Terminal,50.04,FCI Depot Silchar,55.7,SRIBHUMI Toll Plaza,46.01
Wāngirband,SRIBHUMI,317.0,12434558319,village,8,11.45,Belghoria Expressway,446.34,Dullabcherra,10.17,Bihara,64.0,Kolkata Port (Syama Prasad Mookerjee Port) incl. Haldia Dock Complex,457.84,ICD Amingaon,204.27,Sutarkandi ICP,31.97,Lokpriya Gopinath Bordoloi International Airport (GAU),200.49,MMLP Silchar,56.6,Karimganj Terminal,49.25,FCI Depot Silchar,56.6,SRIBHUMI Toll Plaza,45.42
Wāngirband,SRIBHUMI,317.0,12434558320,village,8,11.48,Belghoria Expressway,447.02,Dullabcherra,9.27,Bihara,63.1,Kolkata Port (Syama Prasad Mookerjee Port) incl. Haldia Dock Complex,458.53,ICD Amingaon,203.62,Sutarkandi ICP,31.13,Lokpriya Gopinath Bordoloi International Airport (GAU),199.88,MMLP Silchar,55.72,Karimganj Terminal,48.48,FCI Depot Silchar,55.72,SRIBHUMI Toll Plaza,44.6
Gambhira,SRIBHUMI,317.0,12434558321,village,6,11.68,Belghoria Expressway,446.83,Dullabcherra,9.89,Bihara,63.77,Kolkata Port (Syama Prasad Mookerjee Port) incl. Haldia Dock Complex,458.32,ICD Amingaon,204.44,Sutarkandi ICP,31.94,Lokpriya Gopinath Bordoloi International Airport (GAU),200.69,MMLP Silchar,56.26,Karimganj Terminal,49.31,FCI Depot Silchar,56.26,SRIBHUMI Toll Plaza,45.42
Lakhipur,SRIBHUMI,317.0,12444448687,village,8,5.26,Belghoria Expressway,443.88,Kanaibazar,5.03,Bihara,53.57,Kolkata Port (Syama Prasad Mookerjee Port) incl. Haldia Dock Complex,455.76,ICD Amingaon,176.93,Sutarkandi ICP,17.31,Lokpriya Gopinath Bordoloi International Airport (GAU),172.86,MMLP Silchar,53.9,Karimganj Terminal,26.08,FCI Depot Silchar,53.9,SRIBHUMI Toll Plaza,25.09
Billibari,SRIBHUMI,317.0,12444581567,village,8,4.55,Belghoria Expressway,449.55,Kayasthagram,5.31,Bihara,47.11,Kolkata Port (Syama Prasad Mookerjee Port) incl. Haldia Dock Complex,461.51,ICD Amingaon,170.74,Sutarkandi ICP,12.87,Lokpriya Gopinath Bordoloi International Airport (GAU),167.01,MMLP Silchar,49.21,Karimganj Terminal,18.24,FCI Depot Silchar,49.21,SRIBHUMI Toll Plaza,17.53
Bilbari,SRIBHUMI,317.0,12444581568,village,8,3.94,Belghoria Expressway,449.97,Baraigram Junction,4.49,Bihara,46.78,Kolkata Port (Syama Prasad Mookerjee Port) incl. Haldia Dock Complex,461.92,ICD Amingaon,171.43,Sutarkandi ICP,12.18,Lokpriya Gopinath Bordoloi International Airport (GAU),167.74,MMLP Silchar,48.63,Karimganj Terminal,18.5,FCI Depot Silchar,48.63,SRIBHUMI Toll Plaza,17.49
Longai,SRIBHUMI,317.0,12444670991,village,37,1.27,Belghoria Expressway,460.89,Karimganj Junction,3.04,Bihara,36.18,Kolkata Port (Syama Prasad Mookerjee Port) incl. Haldia Dock Complex,472.98,ICD Amingaon,158.29,Sutarkandi ICP,16.84,Lokpriya Gopinath Bordoloi International Airport (GAU),155.31,MMLP Silchar,43.16,Karimganj Terminal,2.38,FCI Depot Silchar,43.16,SRIBHUMI Toll Plaza,6.11
Balia,SRIBHUMI,317.0,12444996278,village,8,3.72,Belghoria Expressway,454.83,Nilambazar,4.97,Bihara,41.58,Kolkata Port (Syama Prasad Mookerjee Port) incl. Haldia Dock Complex,466.84,ICD Amingaon,165.78,Sutarkandi ICP,11.76,Lokpriya Gopinath Bordoloi International Airport (GAU),162.39,MMLP Silchar,45.44,Karimganj Terminal,11.48,FCI Depot Silchar,45.44,SRIBHUMI Toll Plaza,11.08
Isaganj,SRIBHUMI,317.0,12444999579,village,8,2.74,Belghoria Expressway,449.7,Baraigram Junction,2.74,Bihara,47.42,Kolkata Port (Syama Prasad Mookerjee Port) incl. Haldia Dock Complex,461.61,ICD Amingaon,173.83,Sutarkandi ICP,11.73,Lokpriya Gopinath Bordoloi International Airport (GAU),170.13,MMLP Silchar,48.44,Karimganj Terminal,20.49,FCI Depot Silchar,48.44,SRIBHUMI Toll Plaza,18.95
Raghurtuk,SRIBHUMI,317.0,12451156095,village,8,4.6,Belghoria Expressway,448.24,Eraligu,4.4,Bihara,48.67,Kolkata Port (Syama Prasad Mookerjee Port) incl. Haldia Dock Complex,460.17,ICD Amingaon,172.89,Sutarkandi ICP,13.41,Lokpriya Gopinath Bordoloi International Airport (GAU),169.08,MMLP Silchar,50.08,Karimganj Terminal,20.58,FCI Depot Silchar,50.08,SRIBHUMI Toll Plaza,19.6
Billbari,SRIBHUMI,317.0,12451156096,village,8,5.3,Belghoria Expressway,448.53,Baraigram Junction,5.41,Bihara,48.19,Kolkata Port (Syama Prasad Mookerjee Port) incl. Haldia Dock Complex,460.48,ICD Amingaon,171.44,Sutarkandi ICP,13.59,Lokpriya Gopinath Bordoloi International Airport (GAU),167.64,MMLP Silchar,50.08,Karimganj Terminal,19.37,FCI Depot Silchar,50.08,SRIBHUMI Toll Plaza,18.7
Tukerbazar,SRIBHUMI,317.0,12451159815,village,8,2.66,Belghoria Expressway,447.84,Eraligu,2.53,Bihara,49.51,Kolkata Port (Syama Prasad Mookerjee Port) incl. Haldia Dock Complex,459.74,ICD Amingaon,175.48,Sutarkandi ICP,13.37,Lokpriya Gopinath Bordoloi International Airport (GAU),171.67,MMLP Silchar,50.06,Karimganj Terminal,22.76,FCI Depot Silchar,50.06,SRIBHUMI Toll Plaza,21.28
Sonatola,SRIBHUMI,317.0,12451419216,village,8,5.05,Belghoria Expressway,445.91,Eraligu,5.03,Bihara,51.12,Kolkata Port (Syama Prasad Mookerjee Port) incl. Haldia Dock Complex,457.83,ICD Amingaon,174.19,Sutarkandi ICP,15.48,Lokpriya Gopinath Bordoloi International Airport (GAU),170.24,MMLP Silchar,52.21,Karimganj Terminal,22.91,FCI Depot Silchar,52.21,SRIBHUMI Toll Plaza,22.11
Kabairbond,SRIBHUMI,317.0,12451667772,village,8,1.84,Belghoria Expressway,445.23,Patharkandi,0.61,Bihara,53.66,Kolkata Port (Syama Prasad Mookerjee Port) incl. Haldia Dock Complex,457.04,ICD Amingaon,182.0,Sutarkandi ICP,16.85,Lokpriya Gopinath Bordoloi International Airport (GAU),178.06,MMLP Silchar,52.3,Karimganj Terminal,29.29,FCI Depot Silchar,52.3,SRIBHUMI Toll Plaza,27.23
Malua,SRIBHUMI,317.0,12453547638,village,37,0.02,Belghoria Expressway,476.17,Rupasibari,2.54,Bihara,20.25,Kolkata Port (Syama Prasad Mookerjee Port) incl. Haldia Dock Complex,488.18,ICD Amingaon,164.11,Sutarkandi ICP,18.3,Lokpriya Gopinath Bordoloi International Airport (GAU),162.29,MMLP Silchar,26.88,Badarpur Terminal,3.52,FCI Depot Silchar,26.88,SRIBHUMI Toll Plaza,10.96
Buranga,SRIBHUMI,317.0,12453654371,village,8,3.13,Belghoria Expressway,460.85,Suprakandi,3.95,Bihara,35.98,Kolkata Port (Syama Prasad Mookerjee Port) incl. Haldia Dock Complex,472.8,ICD Amingaon,170.03,Sutarkandi ICP,5.06,Lokpriya Gopinath Bordoloi International Airport (GAU),167.1,MMLP Silchar,38.17,Karimganj Terminal,13.47,FCI Depot Silchar,38.17,SRIBHUMI Toll Plaza,9.15
Thamua,SRIBHUMI,317.0,12453654372,village,8,2.62,Belghoria Expressway,458.95,Nilambazar,2.54,Bihara,38.01,Kolkata Port (Syama Prasad Mookerjee Port) incl. Haldia Dock Complex,470.89,ICD Amingaon,171.17,Sutarkandi ICP,4.62,Lokpriya Gopinath Bordoloi International Airport (GAU),168.11,MMLP Silchar,39.73,Karimganj Terminal,14.8,FCI Depot Silchar,39.73,SRIBHUMI Toll Plaza,11.02
Namsa,CHARAIDEO,704.0,12498305920,village,702,0.06,Belghoria Expressway,807.88,BHOJO,13.19,Khongsang,276.23,Kolkata Port (Syama Prasad Mookerjee Port) incl. Haldia Dock Complex,820.34,ICD Amingaon,340.52,Darranga ICP,291.9,Lokpriya Gopinath Bordoloi International Airport (GAU),351.62,MMLP Silchar,320.62,Bogibeel Terminal,53.35,FCI Depot Dibrugarh,59.21,GOLAGHAT Toll Plaza,114.7
Amguri Bali,DHEMAJI,308.0,12508542092,village,15,1.45,Belghoria Expressway,815.27,DIBRUGARH TOWN,16.61,Khongsang,309.83,Kolkata Port (Syama Prasad Mookerjee Port) incl. Haldia Dock Complex,828.05,ICD Amingaon,328.64,Darranga ICP,274.83,Lokpriya Gopinath Bordoloi International Airport (GAU),340.53,MMLP Silchar,343.5,Dibrugarh Terminal,17.5,FCI Depot Dibrugarh,17.5,LAKHIMPUR Toll Plaza,95.76
Old Khubing,DIMA HASAO,315.0,12513977050,village,627,4.81,Belghoria Expressway,531.34,Jatinga,6.36,Bihara,35.51,Kolkata Port (Syama Prasad Mookerjee Port) incl. Haldia Dock Complex,543.41,ICD Amingaon,167.05,Sutarkandi ICP,72.25,Lokpriya Gopinath Bordoloi International Airport (GAU),169.33,MMLP Silchar,41.27,Silchar Terminal,41.27,FCI Depot Silchar,41.27,CACHAR Toll Plaza,32.1
Khubing,DIMA HASAO,315.0,12513977201,village,627,4.85,Belghoria Expressway,532.02,Jatinga,7.37,Bihara,36.41,Kolkata Port (Syama Prasad Mookerjee Port) incl. Haldia Dock Complex,544.11,ICD Amingaon,166.17,Sutarkandi ICP,73.18,Lokpriya Gopinath Bordoloi International Airport (GAU),168.53,MMLP Silchar,42.49,Silchar Terminal,42.49,FCI Depot Silchar,42.49,CACHAR Toll Plaza,33.16
Michidui,DIMA HASAO,315.0,12513977203,village,627,5.17,Belghoria Expressway,533.3,Jatinga,10.54,Bihara,38.41,Kolkata Port (Syama Prasad Mookerjee Port) incl. Haldia Dock Complex,545.42,ICD Amingaon,163.56,Sutarkandi ICP,75.22,Lokpriya Gopinath Bordoloi International Airport (GAU),166.09,MMLP Silchar,45.39,Silchar Terminal,45.39,FCI Depot Silchar,45.39,CACHAR Toll Plaza,35.62
Christian Kampāi,DIMA HASAO,315.0,12513977730,village,627,8.25,Belghoria Expressway,532.5,Jatinga,14.14,Bihara,38.77,Kolkata Port (Syama Prasad Mookerjee Port) incl. Haldia Dock Complex,544.65,ICD Amingaon,159.89,Sutarkandi ICP,75.47,Lokpriya Gopinath Bordoloi International Airport (GAU),162.46,MMLP Silchar,47.0,Silchar Terminal,47.0,FCI Depot Silchar,47.0,CACHAR Toll Plaza,36.6
Nchubung,DIMA HASAO,315.0,12513977731,village,627,8.97,Belghoria Expressway,531.15,Jatinga,13.98,Bihara,37.41,Kolkata Port (Syama Prasad Mookerjee Port) incl. Haldia Dock Complex,543.3,ICD Amingaon,159.69,Sutarkandi ICP,74.11,Lokpriya Gopinath Bordoloi International Airport (GAU),162.16,MMLP Silchar,45.81,Silchar Terminal,45.81,FCI Depot Silchar,45.81,CACHAR Toll Plaza,35.31
Gurbāri,DIMA HASAO,315.0,12516605363,village,627,0.61,Belghoria Expressway,540.38,MIGRENDISA,9.31,Bihara,45.19,Kolkata Port (Syama Prasad Mookerjee Port) incl. Haldia Dock Complex,552.5,ICD Amingaon,166.36,Sutarkandi ICP,81.99,Lokpriya Gopinath Bordoloi International Airport (GAU),169.35,MMLP Silchar,51.08,Lakhipur Terminal,50.59,FCI Depot Silchar,51.08,CACHAR Toll Plaza,42.0
Borodisa,DIMA HASAO,315.0,12516605365,village,627,3.47,Belghoria Expressway,539.07,MAIBANG,16.81,Bihara,46.53,Kolkata Port (Syama Prasad Mookerjee Port) incl. Haldia Dock Complex,551.26,ICD Amingaon,157.95,Sutarkandi ICP,83.12,Lokpriya Gopinath Bordoloi International Airport (GAU),161.1,MMLP Silchar,54.93,Silchar Terminal,54.93,FCI Depot Silchar,54.93,CACHAR Toll Plaza,44.55
Longren,DIMA HASAO,315.0,12516605367,village,627,4.47,Belghoria Expressway,537.97,MIGRENDISA,16.44,Bihara,44.98,Kolkata Port (Syama Prasad Mookerjee Port) incl. Haldia Dock Complex,550.15,ICD Amingaon,158.87,Sutarkandi ICP,81.63,Lokpriya Gopinath Bordoloi International Airport (GAU),161.91,MMLP Silchar,53.19,Silchar Terminal,53.19,FCI Depot Silchar,53.19,CACHAR Toll Plaza,42.88
Thangpui,DIMA HASAO,315.0,12516605368,village,627,10.55,Belghoria Expressway,532.19,Jatinga,21.19,Bihara,41.47,Kolkata Port (Syama Prasad Mookerjee Port) incl. Haldia Dock Complex,544.41,ICD Amingaon,153.13,Sutarkandi ICP,77.58,Lokpriya Gopinath Bordoloi International Airport (GAU),155.88,MMLP Silchar,51.58,Silchar Terminal,51.58,FCI Depot Silchar,51.58,CACHAR Toll Plaza,40.36
Laskar,DIMA HASAO,315.0,12516605370,village,627,7.31,Belghoria Expressway,534.27,MIGRENDISA,14.86,Bihara,40.65,Kolkata Port (Syama Prasad Mookerjee Port) incl. Haldia Dock Complex,546.43,ICD Amingaon,159.87,Sutarkandi ICP,77.35,Lokpriya Gopinath Bordoloi International Airport (GAU),162.58,MMLP Silchar,48.77,Silchar Terminal,48.77,FCI Depot Silchar,48.77,CACHAR Toll Plaza,38.45
Nimkai,DIMA HASAO,315.0,12516605371,village,627,5.58,Belghoria Expressway,535.64,MIGRENDISA,12.59,Bihara,41.32,Kolkata Port (Syama Prasad Mookerjee Port) incl. Haldia Dock Complex,547.79,ICD Amingaon,162.14,Sutarkandi ICP,78.11,Lokpriya Gopinath Bordoloi International Airport (GAU),164.89,MMLP Silchar,48.67,Silchar Terminal,48.67,FCI Depot Silchar,48.67,CACHAR Toll Plaza,38.75
Ningal,DIMA HASAO,315.0,12516605372,village,627,5.14,Belghoria Expressway,536.14,MIGRENDISA,12.17,Bihara,41.71,Kolkata Port (Syama Prasad Mookerjee Port) incl. Haldia Dock Complex,548.28,ICD Amingaon,162.59,Sutarkandi ICP,78.51,Lokpriya Gopinath Bordoloi International Airport (GAU),165.36,MMLP Silchar,48.9,Silchar Terminal,48.9,FCI Depot Silchar,48.9,CACHAR Toll Plaza,39.07
Jiri,DIMA HASAO,315.0,12516605373,village,627,4.45,Belghoria Expressway,537.12,MIGRENDISA,13.74,Bihara,43.21,Kolkata Port (Syama Prasad Mookerjee Port) incl. Haldia Dock Complex,549.28,ICD Amingaon,161.21,Sutarkandi ICP,79.97,Lokpriya Gopinath Bordoloi International Airport (GAU),164.11,MMLP Silchar,50.78,Silchar Terminal,50.78,FCI Depot Silchar,50.78,CACHAR Toll Plaza,40.77
Pāija,DIMA HASAO,315.0,12516605374,village,627,5.85,Belghoria Expressway,536.2,MIGRENDISA,15.52,Bihara,42.9,Kolkata Port (Syama Prasad Mookerjee Port) incl. Haldia Dock Complex,548.37,ICD Amingaon,159.36,Sutarkandi ICP,79.57,Lokpriya Gopinath Bordoloi International Airport (GAU),162.24,MMLP Silchar,51.06,Silchar Terminal,51.06,FCI Depot Silchar,51.06,CACHAR Toll Plaza,40.75
Chaptuk,DIMA HASAO,315.0,12516605375,village,627,5.99,Belghoria Expressway,536.68,MUPA,19.5,Bihara,45.07,Kolkata Port (Syama Prasad Mookerjee Port) incl. Haldia Dock Complex,548.9,ICD Amingaon,155.48,Sutarkandi ICP,81.46,Lokpriya Gopinath Bordoloi International Airport (GAU),158.51,MMLP Silchar,54.24,Silchar Terminal,54.24,FCI Depot Silchar,54.24,CACHAR Toll Plaza,43.47
Bongong,DIMA HASAO,315.0,12516661901,village,627,7.24,Belghoria Expressway,535.31,MIGRENDISA,18.65,Bihara,43.26,Kolkata Port (Syama Prasad Mookerjee Port) incl. Haldia Dock Complex,547.52,ICD Amingaon,156.23,Sutarkandi ICP,79.72,Lokpriya Gopinath Bordoloi International Airport (GAU),159.14,MMLP Silchar,52.34,Silchar Terminal,52.34,FCI Depot Silchar,52.34,CACHAR Toll Plaza,41.6
Kajion,DIMA HASAO,315.0,12516662203,village,627,1.89,Belghoria Expressway,539.51,MIGRENDISA,12.14,Bihara,45.07,Kolkata Port (Syama Prasad Mookerjee Port) incl. Haldia Dock Complex,551.65,ICD Amingaon,163.37,Sutarkandi ICP,81.87,Lokpriya Gopinath Bordoloi International Airport (GAU),166.39,MMLP Silchar,51.91,Silchar Terminal,51.91,FCI Depot Silchar,51.91,CACHAR Toll Plaza,42.31
Hokāi,DIMA HASAO,315.0,12516736178,village,627,2.85,Belghoria Expressway,532.73,Jatinga,4.09,Bihara,36.59,Kolkata Port (Syama Prasad Mookerjee Port) incl. Haldia Dock Complex,544.78,ICD Amingaon,169.45,Sutarkandi ICP,73.18,Lokpriya Gopinath Bordoloi International Airport (GAU),171.78,MMLP Silchar,41.35,Silchar Terminal,41.35,FCI Depot Silchar,41.35,CACHAR Toll Plaza,32.78
Bora Robi,DIMA HASAO,315.0,12516771087,village,627,1.37,Belghoria Expressway,533.63,Jatinga,1.79,Bihara,37.28,Kolkata Port (Syama Prasad Mookerjee Port) incl. Haldia Dock Complex,545.66,ICD Amingaon,172.05,Sutarkandi ICP,73.62,Lokpriya Gopinath Bordoloi International Airport (GAU),174.36,MMLP Silchar,40.97,Lakhipur Terminal,39.72,FCI Depot Silchar,40.97,CACHAR Toll Plaza,33.06
Rāwtilla,DIMA HASAO,315.0,12516771088,village,627,2.29,Belghoria Expressway,532.66,Jatinga,2.16,Bihara,36.34,Kolkata Port (Syama Prasad Mookerjee Port) incl. Haldia Dock Complex,544.7,ICD Amingaon,171.27,Sutarkandi ICP,72.75,Lokpriya Gopinath Bordoloi International Airport (GAU),173.54,MMLP Silchar,40.34,Lakhipur Terminal,39.66,FCI Depot Silchar,40.34,CACHAR Toll Plaza,32.22
Christian Hokāi,DIMA HASAO,315.0,12516771090,village,627,2.39,Belghoria Expressway,532.62,Jatinga,2.84,Bihara,36.35,Kolkata Port (Syama Prasad Mookerjee Port) incl. Haldia Dock Complex,544.66,ICD Amingaon,170.61,Sutarkandi ICP,72.83,Lokpriya Gopinath Bordoloi International Airport (GAU),172.89,MMLP Silchar,40.63,Lakhipur Terminal,40.23,FCI Depot Silchar,40.63,CACHAR Toll Plaza,32.34
Dayuring,DIMA HASAO,315.0,12516786918,village,627,4.34,Belghoria Expressway,530.9,Jatinga,4.38,Bihara,34.75,Kolkata Port (Syama Prasad Mookerjee Port) incl. Haldia Dock Complex,542.95,ICD Amingaon,169.06,Sutarkandi ICP,71.34,Lokpriya Gopinath Bordoloi International Airport (GAU),171.26,MMLP Silchar,39.68,Silchar Terminal,39.68,FCI Depot Silchar,39.68,CACHAR Toll Plaza,30.97
Old Dayuring,DIMA HASAO,315.0,12516786919,village,27,3.5,Belghoria Expressway,529.64,Jatinga,4.9,Bihara,33.46,Kolkata Port (Syama Prasad Mookerjee Port) incl. Haldia Dock Complex,541.69,ICD Amingaon,168.92,Sutarkandi ICP,70.05,Lokpriya Gopinath Bordoloi International Airport (GAU),171.02,MMLP Silchar,38.47,Silchar Terminal,38.47,FCI Depot Silchar,38.47,CACHAR Toll Plaza,29.68
No. 5 village,DIMA HASAO,315.0,12516786939,village,27,2.22,Belghoria Expressway,530.42,Jatinga,2.94,Bihara,34.06,Kolkata Port (Syama Prasad Mookerjee Port) incl. Haldia Dock Complex,542.45,ICD Amingaon,171.17,Sutarkandi ICP,70.43,Lokpriya Gopinath Bordoloi International Airport (GAU),173.28,MMLP Silchar,38.06,Lakhipur Terminal,38.03,FCI Depot Silchar,38.06,CACHAR Toll Plaza,29.89
Jātinga,DIMA HASAO,315.0,12516786954,village,627,1.2,Belghoria Expressway,532.71,Jatinga,0.26,Bihara,36.3,Kolkata Port (Syama Prasad Mookerjee Port) incl. Haldia Dock Complex,544.72,ICD Amingaon,173.29,Sutarkandi ICP,72.45,Lokpriya Gopinath Bordoloi International Airport (GAU),175.51,MMLP Silchar,39.41,Lakhipur Terminal,37.83,FCI Depot Silchar,39.41,CACHAR Toll Plaza,31.84
Sampāridisa,DIMA HASAO,315.0,12516787722,village,627,2.22,Belghoria Expressway,538.62,MIGRENDISA,9.25,Bihara,43.46,Kolkata Port (Syama Prasad Mookerjee Port) incl. Haldia Dock Complex,550.73,ICD Amingaon,165.78,Sutarkandi ICP,80.26,Lokpriya Gopinath Bordoloi International Airport (GAU),168.65,MMLP Silchar,49.55,Silchar Terminal,49.55,FCI Depot Silchar,49.55,CACHAR Toll Plaza,40.34
Lower Hirāklio,DIMA HASAO,315.0,12517047788,village,627,8.04,Belghoria Expressway,529.93,Jatinga,10.48,Bihara,35.04,Kolkata Port (Syama Prasad Mookerjee Port) incl. Haldia Dock Complex,542.05,ICD Amingaon,162.92,Sutarkandi ICP,71.84,Lokpriya Gopinath Bordoloi International Airport (GAU),165.2,MMLP Silchar,42.43,Silchar Terminal,42.43,FCI Depot Silchar,42.43,CACHAR Toll Plaza,32.38
Hirāklio,DIMA HASAO,315.0,12517047789,village,627,8.55,Belghoria Expressway,529.67,Jatinga,11.3,Bihara,35.01,Kolkata Port (Syama Prasad Mookerjee Port) incl. Haldia Dock Complex,541.79,ICD Amingaon,162.1,Sutarkandi ICP,71.8,Lokpriya Gopinath Bordoloi International Airport (GAU),164.39,MMLP Silchar,42.72,Silchar Terminal,42.72,FCI Depot Silchar,42.72,CACHAR Toll Plaza,32.51
Jorāi,DIMA HASAO,315.0,12527575495,village,627,0.73,Belghoria Expressway,536.96,MIGRENDISA,7.52,Bihara,41.39,Kolkata Port (Syama Prasad Mookerjee Port) incl. Haldia Dock Complex,549.06,ICD Amingaon,167.2,Sutarkandi ICP,78.14,Lokpriya Gopinath Bordoloi International Airport (GAU),169.9,MMLP Silchar,47.01,Lakhipur Terminal,46.9,FCI Depot Silchar,47.01,CACHAR Toll Plaza,38.02
Bongledīsa,DIMA HASAO,315.0,12527884851,village,27,3.69,Belghoria Expressway,561.06,MUPA,5.58,Bihara,66.36,Kolkata Port (Syama Prasad Mookerjee Port) incl. Haldia Dock Complex,573.22,ICD Amingaon,170.98,Sutarkandi ICP,103.16,Lokpriya Gopinath Bordoloi International Airport (GAU),175.38,MMLP Silchar,71.46,Lakhipur Terminal,67.36,FCI Depot Silchar,71.46,DIMA HASAO Toll Plaza,38.72
Nūtan Hājong,DIMA HASAO,315.0,12527884852,village,27,5.58,Belghoria Expressway,562.8,MUPA,7.52,Khongsang,66.03,Kolkata Port (Syama Prasad Mookerjee Port) incl. Haldia Dock Complex,574.95,ICD Amingaon,172.61,Sutarkandi ICP,104.65,Lokpriya Gopinath Bordoloi International Airport (GAU),177.08,MMLP Silchar,72.65,Lakhipur Terminal,68.0,FCI Depot Silchar,72.65,DIMA HASAO Toll Plaza,38.86
Nūtan Bātāri,DIMA HASAO,315.0,12527884853,village,27,3.47,Belghoria Expressway,560.36,KALACHAND,5.45,Khongsang,65.24,Kolkata Port (Syama Prasad Mookerjee Port) incl. Haldia Dock Complex,572.5,ICD Amingaon,172.01,Sutarkandi ICP,102.13,Lokpriya Gopinath Bordoloi International Airport (GAU),176.31,MMLP Silchar,70.17,Lakhipur Terminal,65.79,FCI Depot Silchar,70.17,DIMA HASAO Toll Plaza,40.41
Mupa Nāiding,DIMA HASAO,315.0,12527884854,village,27,1.52,Belghoria Expressway,556.97,KALACHAND,2.12,Bihara,61.91,Kolkata Port (Syama Prasad Mookerjee Port) incl. Haldia Dock Complex,569.11,ICD Amingaon,171.08,Sutarkandi ICP,98.68,Lokpriya Gopinath Bordoloi International Airport (GAU),175.16,MMLP Silchar,66.8,Lakhipur Terminal,62.87,FCI Depot Silchar,66.8,DIMA HASAO Toll Plaza,42.58
Mupa Hojāi,DIMA HASAO,315.0,12527884855,village,27,0.43,Belghoria Expressway,556.43,MUPA,1.83,Bihara,61.82,Kolkata Port (Syama Prasad Mookerjee Port) incl. Haldia Dock Complex,568.59,ICD Amingaon,168.95,Sutarkandi ICP,98.62,Lokpriya Gopinath Bordoloi International Airport (GAU),173.08,MMLP Silchar,67.25,Lakhipur Terminal,64.01,FCI Depot Silchar,67.25,DIMA HASAO Toll Plaza,41.02
Didāokha,DIMA HASAO,315.0,12527884857,village,27,0.26,Belghoria Expressway,556.69,MUPA,1.02,Bihara,62.53,Kolkata Port (Syama Prasad Mookerjee Port) incl. Haldia Dock Complex,568.87,ICD Amingaon,167.37,Sutarkandi ICP,99.34,Lokpriya Gopinath Bordoloi International Airport (GAU),171.58,MMLP Silchar,68.36,Lakhipur Terminal,65.58,FCI Depot Silchar,68.36,DIMA HASAO Toll Plaza,39.27
Wādrengdīsa,DIMA HASAO,315.0,12527885695,village,27,4.51,Belghoria Expressway,559.61,KALACHAND,5.22,Khongsang,62.71,Kolkata Port (Syama Prasad Mookerjee Port) incl. Haldia Dock Complex,571.73,ICD Amingaon,173.87,Sutarkandi ICP,100.88,Lokpriya Gopinath Bordoloi International Airport (GAU),178.06,MMLP Silchar,68.46,Lakhipur Terminal,63.53,FCI Depot Silchar,68.46,DIMA HASAO Toll Plaza,43.0
Nūtan Dukhāling,DIMA HASAO,315.0,12527887447,village,27,3.32,Belghoria Expressway,556.34,WADRENGDISA,3.14,Khongsang,58.29,Kolkata Port (Syama Prasad Mookerjee Port) incl. Haldia Dock Complex,568.42,ICD Amingaon,176.31,Sutarkandi ICP,96.85,Lokpriya Gopinath Bordoloi International Airport (GAU),180.17,MMLP Silchar,63.76,Lakhipur Terminal,58.14,FCI Depot Silchar,63.76,DIMA HASAO Toll Plaza,48.38
Singphalangdīsa,DIMA HASAO,315.0,12527887448,village,27,2.03,Belghoria Expressway,554.83,MAIBANG,1.63,Bihara,59.33,Kolkata Port (Syama Prasad Mookerjee Port) incl. Haldia Dock Complex,566.95,ICD Amingaon,172.43,Sutarkandi ICP,96.04,Lokpriya Gopinath Bordoloi International Airport (GAU),176.31,MMLP Silchar,63.77,Lakhipur Terminal,59.53,FCI Depot Silchar,63.77,DIMA HASAO Toll Plaza,45.88
Nūtan Gālāphang,DIMA HASAO,315.0,12527887449,village,27,3.6,Belghoria Expressway,556.64,MAIBANG,4.1,Khongsang,59.36,Kolkata Port (Syama Prasad Mookerjee Port) incl. Haldia Dock Complex,568.72,ICD Amingaon,175.48,Sutarkandi ICP,97.33,Lokpriya Gopinath Bordoloi International Airport (GAU),179.39,MMLP Silchar,64.43,Lakhipur Terminal,59.09,FCI Depot Silchar,64.43,DIMA HASAO Toll Plaza,47.28
Jāgdi,DIMA HASAO,315.0,12527887450,village,27,6.61,Belghoria Expressway,559.65,WADRENGDISA,5.72,Khongsang,58.33,Kolkata Port (Syama Prasad Mookerjee Port) incl. Haldia Dock Complex,571.73,ICD Amingaon,177.77,Sutarkandi ICP,100.12,Lokpriya Gopinath Bordoloi International Airport (GAU),181.82,MMLP Silchar,66.87,Lakhipur Terminal,60.67,FCI Depot Silchar,66.87,DIMA HASAO Toll Plaza,47.02
Mupānābdi,DIMA HASAO,315.0,12527887451,village,27,5.91,Belghoria Expressway,559.46,KALACHAND,6.24,Khongsang,60.7,Kolkata Port (Syama Prasad Mookerjee Port) incl. Haldia Dock Complex,571.57,ICD Amingaon,175.58,Sutarkandi ICP,100.35,Lokpriya Gopinath Bordoloi International Airport (GAU),179.69,MMLP Silchar,67.55,Lakhipur Terminal,62.08,FCI Depot Silchar,67.55,DIMA HASAO Toll Plaza,44.89
Purāna Gālāphang,DIMA HASAO,315.0,12527887452,village,27,3.82,Belghoria Expressway,557.65,KALACHAND,4.23,Khongsang,61.71,Kolkata Port (Syama Prasad Mookerjee Port) incl. Haldia Dock Complex,569.76,ICD Amingaon,173.83,Sutarkandi ICP,98.77,Lokpriya Gopinath Bordoloi International Airport (GAU),177.87,MMLP Silchar,66.28,Lakhipur Terminal,61.44,FCI Depot Silchar,66.28,DIMA HASAO Toll Plaza,44.71
Saringyim,JORHAT,312.0,12541240028,village,702D,11.57,Belghoria Expressway,741.26,NAKACHARI,9.06,Khongsang,218.7,Kolkata Port (Syama Prasad Mookerjee Port) incl. Haldia Dock Complex,753.76,ICD Amingaon,276.57,Darranga ICP,230.66,Lokpriya Gopinath Bordoloi International Airport (GAU),287.33,MMLP Silchar,257.15,Neamati Terminal,32.87,FCI Depot Jorhat,27.19,GOLAGHAT Toll Plaza,52.59
Old Kalimābung,DIMA HASAO,315.0,12580150772,village,27,6.72,Belghoria Expressway,528.23,Jatinga,9.08,Bihara,32.8,Kolkata Port (Syama Prasad Mookerjee Port) incl. Haldia Dock Complex,540.32,ICD Amingaon,164.53,Sutarkandi ICP,69.61,Lokpriya Gopinath Bordoloi International Airport (GAU),166.65,MMLP Silchar,39.69,Silchar Terminal,39.69,FCI Depot Silchar,39.69,CACHAR Toll Plaza,29.86
Bolmol,DIMA HASAO,315.0,12580199032,village,27,2.79,Belghoria Expressway,519.89,DITOKCHERRA,7.32,Bihara,24.86,Kolkata Port (Syama Prasad Mookerjee Port) incl. Haldia Dock Complex,531.99,ICD Amingaon,161.94,Sutarkandi ICP,61.65,Lokpriya Gopinath Bordoloi International Airport (GAU),163.48,MMLP Silchar,33.7,Silchar Terminal,33.7,FCI Depot Silchar,33.7,CACHAR Toll Plaza,22.73
Hegbung,DIMA HASAO,315.0,12580199034,village,27,3.2,Belghoria Expressway,521.52,DITOKCHERRA,8.91,Bihara,26.39,Kolkata Port (Syama Prasad Mookerjee Port) incl. Haldia Dock Complex,533.62,ICD Amingaon,162.46,Sutarkandi ICP,63.19,Lokpriya Gopinath Bordoloi International Airport (GAU),164.11,MMLP Silchar,34.77,Silchar Terminal,34.77,FCI Depot Silchar,34.77,CACHAR Toll Plaza,24.04
Lānglāi,DIMA HASAO,315.0,12612911550,village,627,0.21,Belghoria Expressway,546.71,LANGTING,15.59,Bihara,58.93,Kolkata Port (Syama Prasad Mookerjee Port) incl. Haldia Dock Complex,559.02,ICD Amingaon,149.46,Sutarkandi ICP,94.75,Lokpriya Gopinath Bordoloi International Airport (GAU),153.54,MMLP Silchar,68.84,Silchar Terminal,68.84,FCI Depot Silchar,68.84,DIMA HASAO Toll Plaza,36.14
Chanam,DIMA HASAO,315.0,12616073555,village,627,11.3,Belghoria Expressway,531.3,Jatinga,19.69,Bihara,39.95,Kolkata Port (Syama Prasad Mookerjee Port) incl. Haldia Dock Complex,543.51,ICD Amingaon,154.3,Sutarkandi ICP,76.18,Lokpriya Gopinath Bordoloi International Airport (GAU),156.94,MMLP Silchar,49.86,Silchar Terminal,49.86,FCI Depot Silchar,49.86,CACHAR Toll Plaza,38.71
Naya Dimāino,DIMA HASAO,315.0,12616088535,village,627,6.13,Belghoria Expressway,536.89,MUPA,20.15,Bihara,46.55,Kolkata Port (Syama Prasad Mookerjee Port) incl. Haldia Dock Complex,549.14,ICD Amingaon,152.89,Sutarkandi ICP,82.68,Lokpriya Gopinath Bordoloi International Airport (GAU),156.03,MMLP Silchar,56.32,Silchar Terminal,56.32,FCI Depot Silchar,56.32,CACHAR Toll Plaza,45.3
Purāna Kampāi,DIMA HASAO,315.0,12616088536,village,627,9.16,Belghoria Expressway,532.76,Jatinga,16.22,Bihara,39.79,Kolkata Port (Syama Prasad Mookerjee Port) incl. Haldia Dock Complex,544.94,ICD Amingaon,158.01,Sutarkandi ICP,76.38,Lokpriya Gopinath Bordoloi International Airport (GAU),160.66,MMLP Silchar,48.56,Silchar Terminal,48.56,FCI Depot Silchar,48.56,CACHAR Toll Plaza,37.92
Wārīlanglāpbra,DIMA HASAO,315.0,12626084535,village,627,5.53,Belghoria Expressway,548.88,MUPA,7.85,Bihara,56.14,Kolkata Port (Syama Prasad Mookerjee Port) incl. Haldia Dock Complex,561.09,ICD Amingaon,160.65,Sutarkandi ICP,92.84,Lokpriya Gopinath Bordoloi International Airport (GAU),164.49,MMLP Silchar,63.58,Lakhipur Terminal,63.53,FCI Depot Silchar,63.58,DIMA HASAO Toll Plaza,41.26
Motibra,DIMA HASAO,315.0,12626084545,village,27,5.52,Belghoria Expressway,550.82,MUPA,5.14,Bihara,57.27,Kolkata Port (Syama Prasad Mookerjee Port) incl. Haldia Dock Complex,563.01,ICD Amingaon,163.51,Sutarkandi ICP,94.05,Lokpriya Gopinath Bordoloi International Airport (GAU),167.4,MMLP Silchar,63.98,Lakhipur Terminal,62.87,FCI Depot Silchar,63.98,DIMA HASAO Toll Plaza,41.61
Themdoling,DIMA HASAO,315.0,12626084558,village,627,2.57,Belghoria Expressway,545.91,MUPA,11.05,Bihara,53.8,Kolkata Port (Syama Prasad Mookerjee Port) incl. Haldia Dock Complex,558.13,ICD Amingaon,158.31,Sutarkandi ICP,90.4,Lokpriya Gopinath Bordoloi International Airport (GAU),161.99,MMLP Silchar,61.86,Silchar Terminal,61.86,FCI Depot Silchar,61.86,DIMA HASAO Toll Plaza,42.59
Āmlangbra,DIMA HASAO,315.0,12626093175,village,627,2.2,Belghoria Expressway,546.98,MUPA,11.25,Bihara,55.55,Kolkata Port (Syama Prasad Mookerjee Port) incl. Haldia Dock Complex,559.22,ICD Amingaon,156.94,Sutarkandi ICP,92.05,Lokpriya Gopinath Bordoloi International Airport (GAU),160.76,MMLP Silchar,63.9,Silchar Terminal,63.9,FCI Depot Silchar,63.9,DIMA HASAO Toll Plaza,40.5
Dimrābasti,DIMA HASAO,315.0,12626094059,village,627,4.59,Belghoria Expressway,551.79,DIHAKHO,7.85,Bihara,60.05,Kolkata Port (Syama Prasad Mookerjee Port) incl. Haldia Dock Complex,564.03,ICD Amingaon,158.86,Sutarkandi ICP,96.65,Lokpriya Gopinath Bordoloi International Airport (GAU),163.0,MMLP Silchar,67.87,Silchar Terminal,67.87,FCI Depot Silchar,67.87,DIMA HASAO Toll Plaza,36.84
Disigisim,DIMA HASAO,315.0,12626231495,village,627,3.02,Belghoria Expressway,541.92,MIGRENDISA,4.8,Bihara,45.85,Kolkata Port (Syama Prasad Mookerjee Port) incl. Haldia Dock Complex,553.99,ICD Amingaon,171.64,Sutarkandi ICP,82.42,Lokpriya Gopinath Bordoloi International Airport (GAU),174.59,MMLP Silchar,49.99,Lakhipur Terminal,47.32,FCI Depot Silchar,49.99,CACHAR Toll Plaza,41.95
Natunwāri,DIMA HASAO,315.0,12626231496,village,627,2.1,Belghoria Expressway,540.8,MIGRENDISA,4.86,Bihara,44.8,Kolkata Port (Syama Prasad Mookerjee Port) incl. Haldia Dock Complex,552.87,ICD Amingaon,170.75,Sutarkandi ICP,81.41,Lokpriya Gopinath Bordoloi International Airport (GAU),173.64,MMLP Silchar,49.21,Lakhipur Terminal,47.06,FCI Depot Silchar,49.21,CACHAR Toll Plaza,40.99
Jorāi Bātāri,DIMA HASAO,315.0,12626231498,village,27,0.62,Belghoria Expressway,542.25,MIGRENDISA,2.73,Bihara,45.89,Kolkata Port (Syama Prasad Mookerjee Port) incl. Haldia Dock Complex,554.28,ICD Amingaon,174.92,Sutarkandi ICP,82.17,Lokpriya Gopinath Bordoloi International Airport (GAU),177.79,MMLP Silchar,48.88,Lakhipur Terminal,44.86,FCI Depot Silchar,48.88,CACHAR Toll Plaza,41.56
Lailong,DIMA HASAO,315.0,12626231500,village,27,1.92,Belghoria Expressway,546.76,PHIDING,3.77,Bihara,50.5,Kolkata Port (Syama Prasad Mookerjee Port) incl. Haldia Dock Complex,558.81,ICD Amingaon,175.16,Sutarkandi ICP,86.88,Lokpriya Gopinath Bordoloi International Airport (GAU),178.35,MMLP Silchar,53.67,Lakhipur Terminal,49.07,FCI Depot Silchar,53.67,CACHAR Toll Plaza,46.29
Hāgjer,DIMA HASAO,315.0,12626237101,village,627,2.04,Belghoria Expressway,543.28,MIGRENDISA,9.66,Bihara,47.95,Kolkata Port (Syama Prasad Mookerjee Port) incl. Haldia Dock Complex,555.39,ICD Amingaon,167.78,Sutarkandi ICP,84.72,Lokpriya Gopinath Bordoloi International Airport (GAU),170.95,MMLP Silchar,53.4,Lakhipur Terminal,51.93,FCI Depot Silchar,53.4,CACHAR Toll Plaza,44.6
Riāb,DIMA HASAO,315.0,12626237104,village,627,0.61,Belghoria Expressway,541.06,MIGRENDISA,6.94,Bihara,45.37,Kolkata Port (Syama Prasad Mookerjee Port) incl. Haldia Dock Complex,553.15,ICD Amingaon,168.93,Sutarkandi ICP,82.09,Lokpriya Gopinath Bordoloi International Airport (GAU),171.9,MMLP Silchar,50.42,Lakhipur Terminal,48.89,FCI Depot Silchar,50.42,CACHAR Toll Plaza,41.83
Riām Bātāri,DIMA HASAO,315.0,12626237123,village,627,2.79,Belghoria Expressway,542.69,MIGRENDISA,6.12,Bihara,46.75,Kolkata Port (Syama Prasad Mookerjee Port) incl. Haldia Dock Complex,554.77,ICD Amingaon,170.93,Sutarkandi ICP,83.38,Lokpriya Gopinath Bordoloi International Airport (GAU),173.96,MMLP Silchar,51.16,Lakhipur Terminal,48.64,FCI Depot Silchar,51.16,CACHAR Toll Plaza,42.97
Motihojāi,DIMA HASAO,315.0,12626237124,village,627,3.64,Belghoria Expressway,543.79,MIGRENDISA,6.86,Bihara,47.86,Kolkata Port (Syama Prasad Mookerjee Port) incl. Haldia Dock Complex,555.87,ICD Amingaon,171.21,Sutarkandi ICP,84.48,Lokpriya Gopinath Bordoloi International Airport (GAU),174.3,MMLP Silchar,52.21,Lakhipur Terminal,49.44,FCI Depot Silchar,52.21,CACHAR Toll Plaza,44.07
Lāmphu,DIMA HASAO,315.0,12626237125,village,627,4.02,Belghoria Expressway,544.72,PHIDING,8.35,Bihara,48.99,Kolkata Port (Syama Prasad Mookerjee Port) incl. Haldia Dock Complex,556.81,ICD Amingaon,170.22,Sutarkandi ICP,85.68,Lokpriya Gopinath Bordoloi International Airport (GAU),173.42,MMLP Silchar,53.7,Lakhipur Terminal,51.16,FCI Depot Silchar,53.7,CACHAR Toll Plaza,45.35
Rilai,DIMA HASAO,315.0,12626237126,village,27,4.63,Belghoria Expressway,546.9,PHIDING,6.13,Bihara,50.97,Kolkata Port (Syama Prasad Mookerjee Port) incl. Haldia Dock Complex,558.98,ICD Amingaon,172.19,Sutarkandi ICP,87.59,Lokpriya Gopinath Bordoloi International Airport (GAU),175.49,MMLP Silchar,55.13,Lakhipur Terminal,51.62,FCI Depot Silchar,55.13,CACHAR Toll Plaza,47.14
Dījāmdolia,DIMA HASAO,315.0,12626237127,village,27,2.66,Belghoria Expressway,548.92,PHIDING,5.04,Bihara,52.93,Kolkata Port (Syama Prasad Mookerjee Port) incl. Haldia Dock Complex,561.0,ICD Amingaon,173.37,Sutarkandi ICP,89.5,Lokpriya Gopinath Bordoloi International Airport (GAU),176.78,MMLP Silchar,56.81,Lakhipur Terminal,52.68,FCI Depot Silchar,56.81,CACHAR Toll Plaza,49.02
Dījāmbra,DIMA HASAO,315.0,12626237128,village,27,3.72,Belghoria Expressway,548.84,MAIBANG,4.53,Bihara,53.19,Kolkata Port (Syama Prasad Mookerjee Port) incl. Haldia Dock Complex,560.94,ICD Amingaon,171.14,Sutarkandi ICP,89.88,Lokpriya Gopinath Bordoloi International Airport (GAU),174.62,MMLP Silchar,57.75,Lakhipur Terminal,54.42,FCI Depot Silchar,57.75,CACHAR Toll Plaza,49.54
Nūtan Disāo,DIMA HASAO,315.0,12626237129,village,27,4.85,Belghoria Expressway,547.87,MAIBANG,5.73,Bihara,52.84,Kolkata Port (Syama Prasad Mookerjee Port) incl. Haldia Dock Complex,560.0,ICD Amingaon,167.83,Sutarkandi ICP,89.64,Lokpriya Gopinath Bordoloi International Airport (GAU),171.34,MMLP Silchar,58.36,Lakhipur Terminal,56.25,FCI Depot Silchar,58.36,DIMA HASAO Toll Plaza,48.22
Chhota Bātāri,DIMA HASAO,315.0,12626237130,village,627,5.26,Belghoria Expressway,546.91,MAIBANG,6.41,Bihara,51.69,Kolkata Port (Syama Prasad Mookerjee Port) incl. Haldia Dock Complex,559.03,ICD Amingaon,168.33,Sutarkandi ICP,88.47,Lokpriya Gopinath Bordoloi International Airport (GAU),171.75,MMLP Silchar,57.04,Lakhipur Terminal,54.88,FCI Depot Silchar,57.04,CACHAR Toll Plaza,48.35
Phonglo,DIMA HASAO,315.0,12626237131,village,627,3.11,Belghoria Expressway,544.82,MAIBANG,8.82,Bihara,50.02,Kolkata Port (Syama Prasad Mookerjee Port) incl. Haldia Dock Complex,556.96,ICD Amingaon,166.01,Sutarkandi ICP,86.83,Lokpriya Gopinath Bordoloi International Airport (GAU),169.35,MMLP Silchar,56.03,Lakhipur Terminal,54.92,FCI Depot Silchar,56.03,CACHAR Toll Plaza,46.94
Waiongdīsa,DIMA HASAO,315.0,12626237132,village,627,1.18,Belghoria Expressway,542.91,MAIBANG,11.02,Bihara,48.48,Kolkata Port (Syama Prasad Mookerjee Port) incl. Haldia Dock Complex,555.06,ICD Amingaon,164.16,Sutarkandi ICP,85.29,Lokpriya Gopinath Bordoloi International Airport (GAU),167.41,MMLP Silchar,55.04,Lakhipur Terminal,54.83,FCI Depot Silchar,55.04,CACHAR Toll Plaza,45.63
Disāgutu,DIMA HASAO,315.0,12626237134,village,627,0.19,Belghoria Expressway,541.26,MIGRENDISA,12.23,Bihara,46.74,Kolkata Port (Syama Prasad Mookerjee Port) incl. Haldia Dock Complex,553.4,ICD Amingaon,164.05,Sutarkandi ICP,83.55,Lokpriya Gopinath Bordoloi International Airport (GAU),167.18,MMLP Silchar,53.34,Silchar Terminal,53.34,FCI Depot Silchar,53.34,CACHAR Toll Plaza,43.89
Chhota Wāpu,DIMA HASAO,315.0,12626237136,village,627,0.53,Belghoria Expressway,542.16,MIGRENDISA,10.82,Bihara,47.2,Kolkata Port (Syama Prasad Mookerjee Port) incl. Haldia Dock Complex,554.29,ICD Amingaon,165.89,Sutarkandi ICP,84.01,Lokpriya Gopinath Bordoloi International Airport (GAU),169.03,MMLP Silchar,53.24,Lakhipur Terminal,52.59,FCI Depot Silchar,53.24,CACHAR Toll Plaza,44.1
Thāīzupang,DIMA HASAO,315.0,12626237141,village,627,0.16,Belghoria Expressway,546.07,MUPA,13.64,Bihara,55.78,Kolkata Port (Syama Prasad Mookerjee Port) incl. Haldia Dock Complex,558.34,ICD Amingaon,154.26,Sutarkandi ICP,92.08,Lokpriya Gopinath Bordoloi International Airport (GAU),158.11,MMLP Silchar,64.75,Silchar Terminal,64.75,FCI Depot Silchar,64.75,DIMA HASAO Toll Plaza,39.65
Bigaon,DIMA HASAO,315.0,12626237144,village,627,0.04,Belghoria Expressway,537.99,LANGTING,24.56,Bihara,52.79,Kolkata Port (Syama Prasad Mookerjee Port) incl. Haldia Dock Complex,550.32,ICD Amingaon,144.05,Sutarkandi ICP,87.76,Lokpriya Gopinath Bordoloi International Airport (GAU),147.58,MMLP Silchar,64.2,Silchar Terminal,64.2,FCI Depot Silchar,64.2,DIMA HASAO Toll Plaza,43.18
Goīdisa,DIMA HASAO,315.0,12626237146,village,627,2.49,Belghoria Expressway,541.97,MUPA,16.34,Bihara,51.76,Kolkata Port (Syama Prasad Mookerjee Port) incl. Haldia Dock Complex,554.22,ICD Amingaon,153.32,Sutarkandi ICP,87.98,Lokpriya Gopinath Bordoloi International Airport (GAU),156.86,MMLP Silchar,61.13,Silchar Terminal,61.13,FCI Depot Silchar,61.13,DIMA HASAO Toll Plaza,43.45
Dimāino,DIMA HASAO,315.0,12626237147,village,627,5.74,Belghoria Expressway,537.76,MUPA,19.88,Bihara,47.94,Kolkata Port (Syama Prasad Mookerjee Port) incl. Haldia Dock Complex,550.02,ICD Amingaon,151.97,Sutarkandi ICP,83.98,Lokpriya Gopinath Bordoloi International Airport (GAU),155.21,MMLP Silchar,57.86,Silchar Terminal,57.86,FCI Depot Silchar,57.86,CACHAR Toll Plaza,46.78
Nāīdingpur,DIMA HASAO,315.0,12626237151,village,627,2.8,Belghoria Expressway,540.15,MUPA,16.88,Bihara,49.13,Kolkata Port (Syama Prasad Mookerjee Port) incl. Haldia Dock Complex,552.39,ICD Amingaon,154.71,Sutarkandi ICP,85.47,Lokpriya Gopinath Bordoloi International Airport (GAU),158.05,MMLP Silchar,58.28,Silchar Terminal,58.28,FCI Depot Silchar,58.28,DIMA HASAO Toll Plaza,46.22
Hojaīdobolin,DIMA HASAO,315.0,12626237152,village,627,3.03,Belghoria Expressway,540.48,MUPA,17.18,Bihara,50.05,Kolkata Port (Syama Prasad Mookerjee Port) incl. Haldia Dock Complex,552.73,ICD Amingaon,153.55,Sutarkandi ICP,86.28,Lokpriya Gopinath Bordoloi International Airport (GAU),156.96,MMLP Silchar,59.44,Silchar Terminal,59.44,FCI Depot Silchar,59.44,DIMA HASAO Toll Plaza,45.17
Thānālambra,DIMA HASAO,315.0,12626237153,village,627,0.12,Belghoria Expressway,543.23,MUPA,14.01,Bihara,51.84,Kolkata Port (Syama Prasad Mookerjee Port) incl. Haldia Dock Complex,555.46,ICD Amingaon,156.07,Sutarkandi ICP,88.29,Lokpriya Gopinath Bordoloi International Airport (GAU),159.62,MMLP Silchar,60.52,Silchar Terminal,60.52,FCI Depot Silchar,60.52,DIMA HASAO Toll Plaza,43.85
Lāmādisa,DIMA HASAO,315.0,12626237154,village,627,0.49,Belghoria Expressway,542.71,MUPA,13.95,Bihara,50.85,Kolkata Port (Syama Prasad Mookerjee Port) incl. Haldia Dock Complex,554.94,ICD Amingaon,157.04,Sutarkandi ICP,87.38,Lokpriya Gopinath Bordoloi International Airport (GAU),160.52,MMLP Silchar,59.32,Silchar Terminal,59.32,FCI Depot Silchar,59.32,DIMA HASAO Toll Plaza,45.05
Laiya,DIMA HASAO,315.0,12626237155,village,627,0.42,Belghoria Expressway,542.24,MUPA,13.91,Bihara,49.81,Kolkata Port (Syama Prasad Mookerjee Port) incl. Haldia Dock Complex,554.45,ICD Amingaon,158.3,Sutarkandi ICP,86.42,Lokpriya Gopinath Bordoloi International Airport (GAU),161.69,MMLP Silchar,57.99,Silchar Terminal,57.99,FCI Depot Silchar,57.99,DIMA HASAO Toll Plaza,46.4
Goliābra,DIMA HASAO,315.0,12626329430,village,627,0.23,Belghoria Expressway,542.85,MAIBANG,11.72,Bihara,48.87,Kolkata Port (Syama Prasad Mookerjee Port) incl. Haldia Dock Complex,555.01,ICD Amingaon,162.7,Sutarkandi ICP,85.65,Lokpriya Gopinath Bordoloi International Airport (GAU),166.0,MMLP Silchar,55.84,Silchar Terminal,55.84,FCI Depot Silchar,55.84,CACHAR Toll Plaza,46.21
Thaishalinghawer,DIMA HASAO,315.0,12626600248,village,627,0.9,Belghoria Expressway,549.62,DIHAKHO,11.46,Bihara,59.65,Kolkata Port (Syama Prasad Mookerjee Port) incl. Haldia Dock Complex,561.9,ICD Amingaon,154.34,Sutarkandi ICP,95.95,Lokpriya Gopinath Bordoloi International Airport (GAU),158.47,MMLP Silchar,68.5,Silchar Terminal,68.5,FCI Depot Silchar,68.5,DIMA HASAO Toll Plaza,35.87
Chhota Lāngklam,DIMA HASAO,315.0,12646600801,village,627,10.53,Belghoria Expressway,549.95,HATIKHALI,19.64,Bihara,71.57,Kolkata Port (Syama Prasad Mookerjee Port) incl. Haldia Dock Complex,562.41,ICD Amingaon,135.09,Dawki ICP,96.33,Lokpriya Gopinath Bordoloi International Airport (GAU),140.04,MMLP Silchar,83.52,Silchar Terminal,83.52,FCI Depot Silchar,83.52,DIMA HASAO Toll Plaza,28.72
Trilāngso,DIMA HASAO,315.0,12646601777,village,627,8.05,Belghoria Expressway,560.56,LAMSAKHANG,15.01,Bihara,83.02,Kolkata Port (Syama Prasad Mookerjee Port) incl. Haldia Dock Complex,573.06,ICD Amingaon,135.9,Dawki ICP,106.33,Lokpriya Gopinath Bordoloi International Airport (GAU),141.79,MMLP Silchar,94.49,Silchar Terminal,94.49,FCI Depot Dimapur,79.93,DIMA HASAO Toll Plaza,19.13
Hāzāwāri,DIMA HASAO,315.0,12646601778,village,627,4.73,Belghoria Expressway,560.86,LAMSAKHANG,14.14,Bihara,85.36,Kolkata Port (Syama Prasad Mookerjee Port) incl. Haldia Dock Complex,573.38,ICD Amingaon,133.11,Dawki ICP,106.38,Lokpriya Gopinath Bordoloi International Airport (GAU),139.17,MMLP Silchar,97.15,Silchar Terminal,97.15,FCI Depot Dimapur,80.78,DIMA HASAO Toll Plaza,20.29
Phonglodisa,DIMA HASAO,315.0,12646601779,village,627,3.79,Belghoria Expressway,560.43,LAMSAKHANG,14.56,Bihara,85.79,Kolkata Port (Syama Prasad Mookerjee Port) incl. Haldia Dock Complex,572.97,ICD Amingaon,131.85,Dawki ICP,105.9,Lokpriya Gopinath Bordoloi International Airport (GAU),137.94,MMLP Silchar,97.73,Silghat Terminal,97.13,FCI Depot Dimapur,81.61,DIMA HASAO Toll Plaza,21.27
Bara Lāngphār,DIMA HASAO,315.0,12646601780,village,627,0.11,Belghoria Expressway,561.06,LAMSAKHANG,14.75,Bihara,88.93,Kolkata Port (Syama Prasad Mookerjee Port) incl. Haldia Dock Complex,573.62,ICD Amingaon,128.64,Dawki ICP,106.38,Lokpriya Gopinath Bordoloi International Airport (GAU),134.96,MMLP Silchar,101.2,Silghat Terminal,93.38,FCI Depot Dimapur,82.68,DIMA HASAO Toll Plaza,23.29
Lāngphār,DIMA HASAO,315.0,12646601781,village,627,0.27,Belghoria Expressway,559.85,HABAIPUR,15.89,Bihara,88.15,Kolkata Port (Syama Prasad Mookerjee Port) incl. Haldia Dock Complex,572.42,ICD Amingaon,127.82,Dawki ICP,105.18,Lokpriya Gopinath Bordoloi International Airport (GAU),134.06,MMLP Silchar,100.54,Silghat Terminal,93.94,FCI Depot Dimapur,83.86,DIMA HASAO Toll Plaza,24.34
Phānglāngsu,DIMA HASAO,315.0,12646603118,village,627,0.63,Belghoria Expressway,563.82,LAMSAKHANG,11.59,Bihara,89.98,Kolkata Port (Syama Prasad Mookerjee Port) incl. Haldia Dock Complex,576.37,ICD Amingaon,131.6,Dawki ICP,109.19,Lokpriya Gopinath Bordoloi International Airport (GAU),138.02,MMLP Silchar,101.87,Silghat Terminal,93.17,FCI Depot Dimapur,79.45,DIMA HASAO Toll Plaza,20.08
Chhota Wāshling No. 1,DIMA HASAO,315.0,12646603119,village,627,0.85,Belghoria Expressway,563.17,LAMSAKHANG,12.13,Bihara,89.23,Kolkata Port (Syama Prasad Mookerjee Port) incl. Haldia Dock Complex,575.72,ICD Amingaon,131.56,Dawki ICP,108.54,Lokpriya Gopinath Bordoloi International Airport (GAU),137.92,MMLP Silchar,101.14,Silghat Terminal,93.85,FCI Depot Dimapur,79.89,DIMA HASAO Toll Plaza,20.31
Chhota Wāshling No. 2,DIMA HASAO,315.0,12646603120,village,627,0.76,Belghoria Expressway,562.64,LAMSAKHANG,12.69,Bihara,88.97,Kolkata Port (Syama Prasad Mookerjee Port) incl. Haldia Dock Complex,575.2,ICD Amingaon,131.07,Dawki ICP,108.01,Lokpriya Gopinath Bordoloi International Airport (GAU),137.41,MMLP Silchar,100.94,Silghat Terminal,93.96,FCI Depot Dimapur,80.47,DIMA HASAO Toll Plaza,20.87
Chhota Wāshling,DIMA HASAO,315.0,12646603121,village,627,0.29,Belghoria Expressway,563.3,LAMSAKHANG,12.31,Bihara,90.06,Kolkata Port (Syama Prasad Mookerjee Port) incl. Haldia Dock Complex,575.87,ICD Amingaon,130.67,Dawki ICP,108.65,Lokpriya Gopinath Bordoloi International Airport (GAU),137.08,MMLP Silchar,102.07,Silghat Terminal,92.82,FCI Depot Dimapur,80.24,DIMA HASAO Toll Plaza,20.99
Mongle Basti,DIMA HASAO,315.0,12677024696,village,627,7.12,Belghoria Expressway,545.52,HATIKHALI,23.59,Bihara,68.19,Kolkata Port (Syama Prasad Mookerjee Port) incl. Haldia Dock Complex,557.98,ICD Amingaon,133.13,Dawki ICP,91.94,Lokpriya Gopinath Bordoloi International Airport (GAU),137.76,MMLP Silchar,80.6,Silchar Terminal,80.6,FCI Depot Silchar,80.6,DIMA HASAO Toll Plaza,33.14
Dismai Basti,DIMA HASAO,315.0,12677024698,village,627,5.96,Belghoria Expressway,544.14,DIJAOBRA,24.87,Bihara,67.34,Kolkata Port (Syama Prasad Mookerjee Port) incl. Haldia Dock Complex,556.6,ICD Amingaon,132.29,Dawki ICP,90.54,Lokpriya Gopinath Bordoloi International Airport (GAU),136.84,MMLP Silchar,79.93,Silchar Terminal,79.93,FCI Depot Silchar,79.93,DIMA HASAO Toll Plaza,34.53
Dikārbi,DIMA HASAO,315.0,12677041735,village,627,9.76,Belghoria Expressway,545.81,DIJAOBRA,21.44,Bihara,66.3,Kolkata Port (Syama Prasad Mookerjee Port) incl. Haldia Dock Complex,558.25,ICD Amingaon,136.19,Dawki ICP,92.73,Lokpriya Gopinath Bordoloi International Airport (GAU),140.72,MMLP Silchar,78.32,Silchar Terminal,78.32,FCI Depot Silchar,78.32,DIMA HASAO Toll Plaza,32.91
Gāngdāngkro,DIMA HASAO,315.0,12677770178,village,27,2.16,Belghoria Expressway,566.02,LANGTING,4.36,Bihara,74.6,Kolkata Port (Syama Prasad Mookerjee Port) incl. Haldia Dock Complex,578.29,ICD Amingaon,162.54,Sutarkandi ICP,111.26,Lokpriya Gopinath Bordoloi International Airport (GAU),167.66,MMLP Silchar,81.74,Lakhipur Terminal,79.74,FCI Depot Dimapur,71.44,DIMA HASAO Toll Plaza,25.34
Dijāo,DIMA HASAO,315.0,12677770179,village,27,3.26,Belghoria Expressway,566.57,DIJAOBRA,4.8,Bihara,76.38,Kolkata Port (Syama Prasad Mookerjee Port) incl. Haldia Dock Complex,578.87,ICD Amingaon,159.73,Sutarkandi ICP,112.9,Lokpriya Gopinath Bordoloi International Airport (GAU),165.02,MMLP Silchar,84.08,Lakhipur Terminal,82.75,FCI Depot Dimapur,70.63,DIMA HASAO Toll Plaza,21.96
Gireso,DIMA HASAO,315.0,12677778177,village,27,2.38,Belghoria Expressway,561.85,DIJAOBRA,1.93,Bihara,73.67,Kolkata Port (Syama Prasad Mookerjee Port) incl. Haldia Dock Complex,574.19,ICD Amingaon,153.88,Sutarkandi ICP,109.85,Lokpriya Gopinath Bordoloi International Airport (GAU),159.04,MMLP Silchar,82.43,Silchar Terminal,82.43,FCI Depot Dimapur,75.3,DIMA HASAO Toll Plaza,22.0
Gāngdāngbra,DIMA HASAO,315.0,12677779563,village,27,0.16,Belghoria Expressway,562.68,LANGTING,0.71,Bihara,71.99,Kolkata Port (Syama Prasad Mookerjee Port) incl. Haldia Dock Complex,574.96,ICD Amingaon,159.58,Sutarkandi ICP,108.54,Lokpriya Gopinath Bordoloi International Airport (GAU),164.56,MMLP Silchar,79.67,Lakhipur Terminal,78.59,FCI Depot Dimapur,74.64,DIMA HASAO Toll Plaza,25.92
Jumkantol,DIMA HASAO,315.0,12677779564,village,27,0.6,Belghoria Expressway,562.87,LANGTING,0.87,Bihara,72.32,Kolkata Port (Syama Prasad Mookerjee Port) incl. Haldia Dock Complex,575.16,ICD Amingaon,159.32,Sutarkandi ICP,108.86,Lokpriya Gopinath Bordoloi International Airport (GAU),164.33,MMLP Silchar,80.05,Lakhipur Terminal,79.03,FCI Depot Dimapur,74.42,DIMA HASAO Toll Plaza,25.47
Natun Dilokthai,DIMA HASAO,315.0,12677779565,village,27,0.33,Belghoria Expressway,561.73,LANGTING,0.86,Bihara,71.52,Kolkata Port (Syama Prasad Mookerjee Port) incl. Haldia Dock Complex,574.03,ICD Amingaon,158.18,Sutarkandi ICP,108.0,Lokpriya Gopinath Bordoloi International Airport (GAU),163.14,MMLP Silchar,79.47,Lakhipur Terminal,78.8,FCI Depot Dimapur,75.52,DIMA HASAO Toll Plaza,25.66
Purānā Thangew Leikai,DIMA HASAO,315.0,12677779570,village,27,0.04,Belghoria Expressway,564.86,DIJAOBRA,2.17,Bihara,77.15,Kolkata Port (Syama Prasad Mookerjee Port) incl. Haldia Dock Complex,577.21,ICD Amingaon,153.88,Sutarkandi ICP,113.29,Lokpriya Gopinath Bordoloi International Airport (GAU),159.29,MMLP Silchar,85.91,Silchar Terminal,85.91,FCI Depot Dimapur,72.36,DIMA HASAO Toll Plaza,18.58
Māngādi,DIMA HASAO,315.0,12677779571,village,27,11.29,Belghoria Expressway,555.66,DIJAOBRA,11.85,Bihara,72.41,Kolkata Port (Syama Prasad Mookerjee Port) incl. Haldia Dock Complex,568.06,ICD Amingaon,143.43,Dawki ICP,102.97,Lokpriya Gopinath Bordoloi International Airport (GAU),148.52,MMLP Silchar,83.0,Silchar Terminal,83.0,FCI Depot Dimapur,82.16,DIMA HASAO Toll Plaza,23.64
Rangphangdīsa,DIMA HASAO,315.0,12677779572,village,27,4.63,Belghoria Expressway,561.97,HATIKHALI,5.16,Bihara,76.35,Kolkata Port (Syama Prasad Mookerjee Port) incl. Haldia Dock Complex,574.35,ICD Amingaon,149.05,Dawki ICP,109.71,Lokpriya Gopinath Bordoloi International Airport (GAU),154.44,MMLP Silchar,85.94,Silchar Terminal,85.94,FCI Depot Dimapur,75.55,DIMA HASAO Toll Plaza,18.71
Daopher,DIMA HASAO,315.0,12677779573,village,27,5.1,Belghoria Expressway,561.67,HATIKHALI,5.48,Bihara,76.27,Kolkata Port (Syama Prasad Mookerjee Port) incl. Haldia Dock Complex,574.06,ICD Amingaon,148.59,Dawki ICP,109.34,Lokpriya Gopinath Bordoloi International Airport (GAU),153.96,MMLP Silchar,85.93,Silchar Terminal,85.93,FCI Depot Dimapur,75.88,DIMA HASAO Toll Plaza,18.81
Thaidiphang,DIMA HASAO,315.0,12677783074,village,27,1.68,Belghoria Expressway,562.11,DIJAOBRA,2.11,Bihara,73.31,Kolkata Port (Syama Prasad Mookerjee Port) incl. Haldia Dock Complex,574.44,ICD Amingaon,155.22,Sutarkandi ICP,109.59,Lokpriya Gopinath Bordoloi International Airport (GAU),160.34,MMLP Silchar,81.83,Silchar Terminal,81.83,FCI Depot Dimapur,75.03,DIMA HASAO Toll Plaza,22.76
Thaopung Dīsa,DIMA HASAO,315.0,12677783415,village,27,2.27,Belghoria Expressway,560.16,LANGTING,2.88,Bihara,70.62,Kolkata Port (Syama Prasad Mookerjee Port) incl. Haldia Dock Complex,572.47,ICD Amingaon,156.2,Sutarkandi ICP,106.99,Lokpriya Gopinath Bordoloi International Airport (GAU),161.12,MMLP Silchar,78.95,Lakhipur Terminal,78.88,FCI Depot Dimapur,77.02,DIMA HASAO Toll Plaza,25.7
Dāodungkhor,DIMA HASAO,315.0,12688661382,village,27,8.65,Belghoria Expressway,555.55,DIJAOBRA,8.34,Bihara,68.61,Kolkata Port (Syama Prasad Mookerjee Port) incl. Haldia Dock Complex,567.89,ICD Amingaon,149.75,Dawki ICP,104.35,Lokpriya Gopinath Bordoloi International Airport (GAU),154.56,MMLP Silchar,78.19,Silchar Terminal,78.19,FCI Depot Silchar,78.19,DIMA HASAO Toll Plaza,26.45
Thumjāng,DIMA HASAO,315.0,12762993670,village,27,8.63,Belghoria Expressway,553.93,DAOTUHAJA,7.88,Khongsang,45.7,Kolkata Port (Syama Prasad Mookerjee Port) incl. Haldia Dock Complex,565.88,ICD Amingaon,186.75,Sutarkandi ICP,92.96,Lokpriya Gopinath Bordoloi International Airport (GAU),190.09,MMLP Silchar,57.77,Lakhipur Terminal,48.32,FCI Depot Silchar,57.77,CACHAR Toll Plaza,52.58
Nāga Tolpui,DIMA HASAO,315.0,12762993671,village,137G,5.28,Belghoria Expressway,559.03,DAOTUHAJA,10.77,Khongsang,45.36,Kolkata Port (Syama Prasad Mookerjee Port) incl. Haldia Dock Complex,570.98,ICD Amingaon,189.03,Sutarkandi ICP,98.06,Lokpriya Gopinath Bordoloi International Airport (GAU),192.65,MMLP Silchar,62.77,Lakhipur Terminal,52.6,FCI Depot Silchar,62.77,CACHAR Toll Plaza,57.69
Boljāng,DIMA HASAO,315.0,12762993672,village,137G,7.61,Belghoria Expressway,556.53,DAOTUHAJA,8.43,Khongsang,46.31,Kolkata Port (Syama Prasad Mookerjee Port) incl. Haldia Dock Complex,568.49,ICD Amingaon,187.13,Sutarkandi ICP,95.61,Lokpriya Gopinath Bordoloi International Airport (GAU),190.64,MMLP Silchar,60.48,Lakhipur Terminal,50.94,FCI Depot Silchar,60.48,CACHAR Toll Plaza,55.19
Purāna Laikul,DIMA HASAO,315.0,12762993673,village,27,7.39,Belghoria Expressway,554.1,DAOTUHAJA,6.06,Khongsang,47.73,Kolkata Port (Syama Prasad Mookerjee Port) incl. Haldia Dock Complex,566.08,ICD Amingaon,184.97,Sutarkandi ICP,93.29,Lokpriya Gopinath Bordoloi International Airport (GAU),188.38,MMLP Silchar,58.39,Lakhipur Terminal,49.64,FCI Depot Silchar,58.39,CACHAR Toll Plaza,52.79
Yāh,DIMA HASAO,315.0,12763020954,village,27,6.22,Belghoria Expressway,556.76,WADRENGDISA,3.52,Khongsang,52.87,Kolkata Port (Syama Prasad Mookerjee Port) incl. Haldia Dock Complex,568.78,ICD Amingaon,181.33,Sutarkandi ICP,96.47,Lokpriya Gopinath Bordoloi International Airport (GAU),185.05,MMLP Silchar,62.36,Lakhipur Terminal,54.97,FCI Depot Silchar,62.36,DIMA HASAO Toll Plaza,53.16
Ebra,DIMA HASAO,315.0,12763020955,village,27,2.49,Belghoria Expressway,553.32,WADRENGDISA,1.67,Khongsang,54.78,Kolkata Port (Syama Prasad Mookerjee Port) incl. Haldia Dock Complex,565.36,ICD Amingaon,178.31,Sutarkandi ICP,93.29,Lokpriya Gopinath Bordoloi International Airport (GAU),181.88,MMLP Silchar,59.64,Lakhipur Terminal,53.43,FCI Depot Silchar,59.64,CACHAR Toll Plaza,52.68
Thāpa,DIMA HASAO,315.0,12763020956,village,27,4.08,Belghoria Expressway,554.66,WADRENGDISA,1.96,Khongsang,53.8,Kolkata Port (Syama Prasad Mookerjee Port) incl. Haldia Dock Complex,566.69,ICD Amingaon,179.67,Sutarkandi ICP,94.5,Lokpriya Gopinath Bordoloi International Airport (GAU),183.29,MMLP Silchar,60.62,Lakhipur Terminal,53.87,FCI Depot Silchar,60.62,DIMA HASAO Toll Plaza,53.23
Chhota Laisong,DIMA HASAO,315.0,12763020957,village,137G,7.02,Belghoria Expressway,561.79,WADRENGDISA,9.91,Khongsang,48.9,Kolkata Port (Syama Prasad Mookerjee Port) incl. Haldia Dock Complex,573.77,ICD Amingaon,187.21,Sutarkandi ICP,101.05,Lokpriya Gopinath Bordoloi International Airport (GAU),191.08,MMLP Silchar,66.18,Lakhipur Terminal,56.76,FCI Depot Silchar,66.18,DIMA HASAO Toll Plaza,55.4
Hegokulwa,DIMA HASAO,315.0,12763020958,village,137G,6.48,Belghoria Expressway,562.8,WADRENGDISA,10.88,Khongsang,48.66,Kolkata Port (Syama Prasad Mookerjee Port) incl. Haldia Dock Complex,574.79,ICD Amingaon,187.96,Sutarkandi ICP,102.04,Lokpriya Gopinath Bordoloi International Airport (GAU),191.87,MMLP Silchar,67.1,Lakhipur Terminal,57.46,FCI Depot Silchar,67.1,DIMA HASAO Toll Plaza,55.45
Hegokulwa,DIMA HASAO,315.0,12763020959,village,137G,6.84,Belghoria Expressway,562.69,WADRENGDISA,10.57,Khongsang,49.0,Kolkata Port (Syama Prasad Mookerjee Port) incl. Haldia Dock Complex,574.68,ICD Amingaon,187.6,Sutarkandi ICP,101.96,Lokpriya Gopinath Bordoloi International Airport (GAU),191.52,MMLP Silchar,67.06,Lakhipur Terminal,57.55,FCI Depot Silchar,67.06,DIMA HASAO Toll Plaza,55.14
Chhota Laisong,DIMA HASAO,315.0,12763020960,village,137G,7.36,Belghoria Expressway,561.41,WADRENGDISA,9.48,Khongsang,49.12,Kolkata Port (Syama Prasad Mookerjee Port) incl. Haldia Dock Complex,573.4,ICD Amingaon,186.83,Sutarkandi ICP,100.7,Lokpriya Gopinath Bordoloi International Airport (GAU),190.69,MMLP Silchar,65.86,Lakhipur Terminal,56.57,FCI Depot Silchar,65.86,DIMA HASAO Toll Plaza,55.27
Kapilo,DIMA HASAO,315.0,12763020961,village,137G,3.91,Belghoria Expressway,566.98,WADRENGDISA,16.48,Khongsang,45.48,Kolkata Port (Syama Prasad Mookerjee Port) incl. Haldia Dock Complex,578.92,ICD Amingaon,193.23,Sutarkandi ICP,105.96,Lokpriya Gopinath Bordoloi International Airport (GAU),197.25,MMLP Silchar,70.5,Lakhipur Terminal,59.3,FCI Depot Silchar,70.5,DIMA HASAO Toll Plaza,58.29
Sulpīdong,DIMA HASAO,315.0,12763035018,village,137G,17.38,Belghoria Expressway,577.63,WADRENGDISA,23.21,Khongsang,56.25,Kolkata Port (Syama Prasad Mookerjee Port) incl. Haldia Dock Complex,589.66,ICD Amingaon,191.48,Sutarkandi ICP,117.22,Lokpriya Gopinath Bordoloi International Airport (GAU),196.3,MMLP Silchar,82.55,Lakhipur Terminal,72.56,FCI Depot Dimapur,69.13,DIMA HASAO Toll Plaza,49.31
Thlungjang,DIMA HASAO,315.0,12763035019,village,137G,20.3,Belghoria Expressway,580.53,WADRENGDISA,26.0,Khongsang,58.25,Kolkata Port (Syama Prasad Mookerjee Port) incl. Haldia Dock Complex,592.57,ICD Amingaon,192.17,Sutarkandi ICP,120.21,Lokpriya Gopinath Bordoloi International Airport (GAU),197.15,MMLP Silchar,85.61,Lakhipur Terminal,75.61,FCI Depot Dimapur,66.13,DIMA HASAO Toll Plaza,48.43
Thingvom,DIMA HASAO,315.0,12763035022,village,137G,20.44,Belghoria Expressway,579.39,WADRENGDISA,24.8,Khongsang,59.36,Kolkata Port (Syama Prasad Mookerjee Port) incl. Haldia Dock Complex,591.44,ICD Amingaon,190.17,Sutarkandi ICP,119.26,Lokpriya Gopinath Bordoloi International Airport (GAU),195.15,MMLP Silchar,84.88,Lakhipur Terminal,75.38,FCI Depot Dimapur,66.24,DIMA HASAO Toll Plaza,46.71
Mongjang,DIMA HASAO,315.0,12763035023,village,137G,22.7,Belghoria Expressway,581.99,WADRENGDISA,27.4,Khongsang,60.7,Kolkata Port (Syama Prasad Mookerjee Port) incl. Haldia Dock Complex,594.05,ICD Amingaon,191.25,Sutarkandi ICP,121.89,Lokpriya Gopinath Bordoloi International Airport (GAU),196.37,MMLP Silchar,87.5,Lakhipur Terminal,77.85,FCI Depot Dimapur,63.81,DIMA HASAO Toll Plaza,46.53
Tongikro,DIMA HASAO,315.0,12763035024,village,137G,22.87,Belghoria Expressway,579.63,WADRENGDISA,25.21,Khongsang,62.47,Kolkata Port (Syama Prasad Mookerjee Port) incl. Haldia Dock Complex,591.71,ICD Amingaon,187.58,Sutarkandi ICP,119.91,Lokpriya Gopinath Bordoloi International Airport (GAU),192.68,MMLP Silchar,85.95,Lakhipur Terminal,77.19,FCI Depot Dimapur,64.44,DIMA HASAO Toll Plaza,43.5
Kottaibāri,DIMA HASAO,315.0,12763035025,village,27,20.35,Belghoria Expressway,577.3,DIHAKHO,21.81,Khongsang,64.44,Kolkata Port (Syama Prasad Mookerjee Port) incl. Haldia Dock Complex,589.41,ICD Amingaon,183.89,Sutarkandi ICP,118.04,Lokpriya Gopinath Bordoloi International Airport (GAU),188.98,MMLP Silchar,84.56,Lakhipur Terminal,76.73,FCI Depot Dimapur,65.24,DIMA HASAO Toll Plaza,40.54
Kepre,DIMA HASAO,315.0,12763035026,village,27,21.81,Belghoria Expressway,579.55,DIHAKHO,23.41,Khongsang,65.73,Kolkata Port (Syama Prasad Mookerjee Port) incl. Haldia Dock Complex,591.67,ICD Amingaon,184.61,Sutarkandi ICP,120.36,Lokpriya Gopinath Bordoloi International Airport (GAU),189.83,MMLP Silchar,86.89,Lakhipur Terminal,78.95,FCI Depot Dimapur,62.94,DIMA HASAO Toll Plaza,40.01
Kepre,DIMA HASAO,315.0,12763035027,village,27,21.35,Belghoria Expressway,579.8,DIHAKHO,23.05,Khongsang,66.95,Kolkata Port (Syama Prasad Mookerjee Port) incl. Haldia Dock Complex,591.93,ICD Amingaon,183.74,Sutarkandi ICP,120.81,Lokpriya Gopinath Bordoloi International Airport (GAU),189.01,MMLP Silchar,87.51,Lakhipur Terminal,79.81,FCI Depot Dimapur,62.21,DIMA HASAO Toll Plaza,38.82
Kolādīsa,DIMA HASAO,315.0,12763035028,village,27,23.09,Belghoria Expressway,583.28,DIHAKHO,25.43,Khongsang,70.1,Kolkata Port (Syama Prasad Mookerjee Port) incl. Haldia Dock Complex,595.42,ICD Amingaon,183.96,Sutarkandi ICP,124.59,Lokpriya Gopinath Bordoloi International Airport (GAU),189.46,MMLP Silchar,91.45,Lakhipur Terminal,83.85,FCI Depot Dimapur,58.2,DIMA HASAO Toll Plaza,37.15
Dāoblibdīsa,DIMA HASAO,315.0,12763035029,village,27,25.23,Belghoria Expressway,582.61,DIHAKHO,26.85,Khongsang,65.34,Kolkata Port (Syama Prasad Mookerjee Port) incl. Haldia Dock Complex,594.71,ICD Amingaon,187.62,Sutarkandi ICP,123.14,Lokpriya Gopinath Bordoloi International Airport (GAU),192.93,MMLP Silchar,89.35,Lakhipur Terminal,80.73,FCI Depot Dimapur,60.9,DIMA HASAO Toll Plaza,41.87
Prāsadimdik,DIMA HASAO,315.0,12763035030,village,27,27.02,Belghoria Expressway,584.91,DIHAKHO,28.74,Khongsang,66.5,Kolkata Port (Syama Prasad Mookerjee Port) incl. Haldia Dock Complex,597.01,ICD Amingaon,188.68,Sutarkandi ICP,125.45,Lokpriya Gopinath Bordoloi International Airport (GAU),194.1,MMLP Silchar,91.63,Lakhipur Terminal,82.85,FCI Depot Dimapur,58.75,DIMA HASAO Toll Plaza,41.96
Bongkhai,DIMA HASAO,315.0,12763035031,village,137G,27.7,Belghoria Expressway,585.84,DIHAKHO,30.43,Khongsang,65.2,Kolkata Port (Syama Prasad Mookerjee Port) incl. Haldia Dock Complex,597.92,ICD Amingaon,190.74,Sutarkandi ICP,126.11,Lokpriya Gopinath Bordoloi International Airport (GAU),196.14,MMLP Silchar,92.03,Lakhipur Terminal,82.76,FCI Depot Dimapur,58.86,DIMA HASAO Toll Plaza,43.97
Didāodip,DIMA HASAO,315.0,12763154830,village,27,0.09,Belghoria Expressway,551.29,DAOTUHAJA,3.28,Bihara,55.11,Kolkata Port (Syama Prasad Mookerjee Port) incl. Haldia Dock Complex,563.35,ICD Amingaon,175.93,Sutarkandi ICP,91.54,Lokpriya Gopinath Bordoloi International Airport (GAU),179.43,MMLP Silchar,58.32,Lakhipur Terminal,53.09,FCI Depot Silchar,58.32,CACHAR Toll Plaza,50.97
Mādāi Rāja Hājong,DIMA HASAO,315.0,12763154832,village,27,4.51,Belghoria Expressway,549.56,KALACHAND,5.49,Bihara,55.05,Kolkata Port (Syama Prasad Mookerjee Port) incl. Haldia Dock Complex,561.71,ICD Amingaon,166.33,Sutarkandi ICP,91.86,Lokpriya Gopinath Bordoloi International Airport (GAU),170.02,MMLP Silchar,61.01,Lakhipur Terminal,59.19,FCI Depot Silchar,61.01,DIMA HASAO Toll Plaza,45.27
Jāmbirling,DIMA HASAO,315.0,12763154833,village,27,4.6,Belghoria Expressway,549.34,KALACHAND,5.69,Bihara,54.81,Kolkata Port (Syama Prasad Mookerjee Port) incl. Haldia Dock Complex,561.49,ICD Amingaon,166.32,Sutarkandi ICP,91.62,Lokpriya Gopinath Bordoloi International Airport (GAU),170.0,MMLP Silchar,60.77,Lakhipur Terminal,58.98,FCI Depot Silchar,60.77,DIMA HASAO Toll Plaza,45.49
Nātudīsa,DIMA HASAO,315.0,12763154834,village,627,5.0,Belghoria Expressway,547.76,KALACHAND,7.35,Bihara,53.44,Kolkata Port (Syama Prasad Mookerjee Port) incl. Haldia Dock Complex,559.92,ICD Amingaon,165.13,Sutarkandi ICP,90.25,Lokpriya Gopinath Bordoloi International Airport (GAU),168.72,MMLP Silchar,59.71,Lakhipur Terminal,58.48,FCI Depot Silchar,59.71,DIMA HASAO Toll Plaza,46.02
Nābīn,DIMA HASAO,315.0,12763154835,village,627,3.15,Belghoria Expressway,546.65,MUPA,9.12,Bihara,53.14,Kolkata Port (Syama Prasad Mookerjee Port) incl. Haldia Dock Complex,558.83,ICD Amingaon,162.24,Sutarkandi ICP,89.9,Lokpriya Gopinath Bordoloi International Airport (GAU),165.85,MMLP Silchar,60.19,Lakhipur Terminal,59.99,FCI Depot Silchar,60.19,DIMA HASAO Toll Plaza,44.79
Longmalai,DIMA HASAO,315.0,12763154836,village,627,2.97,Belghoria Expressway,546.46,MUPA,9.42,Bihara,53.2,Kolkata Port (Syama Prasad Mookerjee Port) incl. Haldia Dock Complex,558.65,ICD Amingaon,161.48,Sutarkandi ICP,89.94,Lokpriya Gopinath Bordoloi International Airport (GAU),165.1,MMLP Silchar,60.45,Silchar Terminal,60.45,FCI Depot Silchar,60.45,DIMA HASAO Toll Plaza,44.39
Āsrang,DIMA HASAO,315.0,12763154837,village,627,0.83,Belghoria Expressway,543.59,MUPA,12.48,Bihara,50.89,Kolkata Port (Syama Prasad Mookerjee Port) incl. Haldia Dock Complex,555.79,ICD Amingaon,159.28,Sutarkandi ICP,87.54,Lokpriya Gopinath Bordoloi International Airport (GAU),162.75,MMLP Silchar,58.76,Silchar Terminal,58.76,FCI Depot Silchar,58.76,DIMA HASAO Toll Plaza,45.7
Longjai,DIMA HASAO,315.0,12763154838,village,27,4.19,Belghoria Expressway,550.59,KALACHAND,4.73,Bihara,56.23,Kolkata Port (Syama Prasad Mookerjee Port) incl. Haldia Dock Complex,562.76,ICD Amingaon,166.11,Sutarkandi ICP,93.04,Lokpriya Gopinath Bordoloi International Airport (GAU),169.89,MMLP Silchar,62.27,Lakhipur Terminal,60.41,FCI Depot Silchar,62.27,DIMA HASAO Toll Plaza,44.06
Krāmtondolia,DIMA HASAO,315.0,12763154839,village,27,2.81,Belghoria Expressway,552.44,KALACHAND,3.35,Bihara,58.1,Kolkata Port (Syama Prasad Mookerjee Port) incl. Haldia Dock Complex,564.61,ICD Amingaon,166.6,Sutarkandi ICP,94.91,Lokpriya Gopinath Bordoloi International Airport (GAU),170.51,MMLP Silchar,64.04,Lakhipur Terminal,61.84,FCI Depot Silchar,64.04,DIMA HASAO Toll Plaza,42.69
Kimkridīsa,DIMA HASAO,315.0,12763154840,village,27,2.13,Belghoria Expressway,552.84,KALACHAND,2.68,Bihara,58.35,Kolkata Port (Syama Prasad Mookerjee Port) incl. Haldia Dock Complex,565.0,ICD Amingaon,167.29,Sutarkandi ICP,95.16,Lokpriya Gopinath Bordoloi International Airport (GAU),171.2,MMLP Silchar,64.11,Lakhipur Terminal,61.66,FCI Depot Silchar,64.11,DIMA HASAO Toll Plaza,42.92
Mahurpurna,DIMA HASAO,315.0,12763154841,village,27,2.04,Belghoria Expressway,552.7,KALACHAND,2.59,Bihara,58.13,Kolkata Port (Syama Prasad Mookerjee Port) incl. Haldia Dock Complex,564.86,ICD Amingaon,167.54,Sutarkandi ICP,94.94,Lokpriya Gopinath Bordoloi International Airport (GAU),171.44,MMLP Silchar,63.82,Lakhipur Terminal,61.3,FCI Depot Silchar,63.82,DIMA HASAO Toll Plaza,43.29
Mahurwāpu,DIMA HASAO,315.0,12763154842,village,27,1.77,Belghoria Expressway,552.81,KALACHAND,2.31,Bihara,58.15,Kolkata Port (Syama Prasad Mookerjee Port) incl. Haldia Dock Complex,564.96,ICD Amingaon,167.94,Sutarkandi ICP,94.95,Lokpriya Gopinath Bordoloi International Airport (GAU),171.83,MMLP Silchar,63.73,Lakhipur Terminal,61.09,FCI Depot Silchar,63.73,DIMA HASAO Toll Plaza,43.54
Salikāntapur,DIMA HASAO,315.0,12763154843,village,27,0.98,Belghoria Expressway,553.32,KALACHAND,1.62,Bihara,58.38,Kolkata Port (Syama Prasad Mookerjee Port) incl. Haldia Dock Complex,565.46,ICD Amingaon,169.24,Sutarkandi ICP,95.17,Lokpriya Gopinath Bordoloi International Airport (GAU),173.12,MMLP Silchar,63.63,Lakhipur Terminal,60.53,FCI Depot Silchar,63.63,DIMA HASAO Toll Plaza,44.25
Dīsagisim,DIMA HASAO,315.0,12763154844,village,27,2.3,Belghoria Expressway,551.7,KALACHAND,3.23,Bihara,56.91,Kolkata Port (Syama Prasad Mookerjee Port) incl. Haldia Dock Complex,563.84,ICD Amingaon,168.04,Sutarkandi ICP,93.72,Lokpriya Gopinath Bordoloi International Airport (GAU),171.84,MMLP Silchar,62.45,Lakhipur Terminal,59.87,FCI Depot Silchar,62.45,DIMA HASAO Toll Plaza,44.71
Khāuthāmdīsa,DIMA HASAO,315.0,12763155668,village,27,0.06,Belghoria Expressway,552.74,MAIBANG,1.24,Bihara,57.43,Kolkata Port (Syama Prasad Mookerjee Port) incl. Haldia Dock Complex,564.86,ICD Amingaon,170.7,Sutarkandi ICP,94.18,Lokpriya Gopinath Bordoloi International Airport (GAU),174.48,MMLP Silchar,62.26,Lakhipur Terminal,58.74,FCI Depot Silchar,62.26,DIMA HASAO Toll Plaza,46.17
Dāmsodāingphai,DIMA HASAO,315.0,12763155669,village,27,1.08,Belghoria Expressway,551.46,MAIBANG,2.33,Bihara,55.72,Kolkata Port (Syama Prasad Mookerjee Port) incl. Haldia Dock Complex,563.55,ICD Amingaon,172.56,Sutarkandi ICP,92.38,Lokpriya Gopinath Bordoloi International Airport (GAU),176.18,MMLP Silchar,59.96,Lakhipur Terminal,55.91,FCI Depot Silchar,59.96,DIMA HASAO Toll Plaza,49.11
Lungkhor,DIMA HASAO,315.0,12763155670,village,27,0.99,Belghoria Expressway,551.6,MAIBANG,3.24,Bihara,55.68,Kolkata Port (Syama Prasad Mookerjee Port) incl. Haldia Dock Complex,563.68,ICD Amingaon,173.77,Sutarkandi ICP,92.28,Lokpriya Gopinath Bordoloi International Airport (GAU),177.37,MMLP Silchar,59.57,Lakhipur Terminal,55.09,FCI Depot Silchar,59.57,DIMA HASAO Toll Plaza,50.13
Khāilimdīsa,DIMA HASAO,315.0,12763155671,village,27,1.21,Belghoria Expressway,553.35,WADRENGDISA,1.76,Khongsang,57.09,Kolkata Port (Syama Prasad Mookerjee Port) incl. Haldia Dock Complex,565.41,ICD Amingaon,176.22,Sutarkandi ICP,93.67,Lokpriya Gopinath Bordoloi International Airport (GAU),179.86,MMLP Silchar,60.47,Lakhipur Terminal,55.02,FCI Depot Silchar,60.47,DIMA HASAO Toll Plaza,50.93
Nūtan Wādrengdīsa,DIMA HASAO,315.0,12763155672,village,27,2.16,Belghoria Expressway,554.54,WADRENGDISA,1.3,Khongsang,57.06,Kolkata Port (Syama Prasad Mookerjee Port) incl. Haldia Dock Complex,566.6,ICD Amingaon,176.69,Sutarkandi ICP,94.86,Lokpriya Gopinath Bordoloi International Airport (GAU),180.4,MMLP Silchar,61.6,Lakhipur Terminal,55.93,FCI Depot Silchar,61.6,DIMA HASAO Toll Plaza,50.34
Mosāibāri,DIMA HASAO,315.0,12763155673,village,27,3.96,Belghoria Expressway,556.46,WADRENGDISA,2.13,Khongsang,56.7,Kolkata Port (Syama Prasad Mookerjee Port) incl. Haldia Dock Complex,568.52,ICD Amingaon,177.78,Sutarkandi ICP,96.71,Lokpriya Gopinath Bordoloi International Airport (GAU),181.59,MMLP Silchar,63.3,Lakhipur Terminal,57.18,FCI Depot Silchar,63.3,DIMA HASAO Toll Plaza,49.77
Purāna Dukhāling,DIMA HASAO,315.0,12763155674,village,27,5.25,Belghoria Expressway,557.7,WADRENGDISA,3.18,Khongsang,56.28,Kolkata Port (Syama Prasad Mookerjee Port) incl. Haldia Dock Complex,569.76,ICD Amingaon,178.69,Sutarkandi ICP,97.88,Lokpriya Gopinath Bordoloi International Airport (GAU),182.57,MMLP Silchar,64.34,Lakhipur Terminal,57.87,FCI Depot Silchar,64.34,DIMA HASAO Toll Plaza,49.63
Guilung,DIMA HASAO,315.0,12763155675,village,27,9.62,Belghoria Expressway,561.73,WADRENGDISA,7.22,Khongsang,54.67,Kolkata Port (Syama Prasad Mookerjee Port) incl. Haldia Dock Complex,573.77,ICD Amingaon,182.07,Sutarkandi ICP,101.63,Lokpriya Gopinath Bordoloi International Airport (GAU),186.12,MMLP Silchar,67.63,Lakhipur Terminal,59.97,FCI Depot Silchar,67.63,DIMA HASAO Toll Plaza,49.87
Semkhor,DIMA HASAO,315.0,12763155676,village,137G,9.23,Belghoria Expressway,565.82,WADRENGDISA,12.11,Khongsang,51.61,Kolkata Port (Syama Prasad Mookerjee Port) incl. Haldia Dock Complex,577.83,ICD Amingaon,187.08,Sutarkandi ICP,105.28,Lokpriya Gopinath Bordoloi International Airport (GAU),191.23,MMLP Silchar,70.64,Lakhipur Terminal,61.41,FCI Depot Silchar,70.64,DIMA HASAO Toll Plaza,52.21
New Longma,DIMA HASAO,315.0,12772101646,village,27,0.55,Belghoria Expressway,538.09,MIGRENDISA,1.87,Bihara,41.68,Kolkata Port (Syama Prasad Mookerjee Port) incl. Haldia Dock Complex,550.1,ICD Amingaon,175.14,Sutarkandi ICP,77.78,Lokpriya Gopinath Bordoloi International Airport (GAU),177.7,MMLP Silchar,44.32,Lakhipur Terminal,40.81,FCI Depot Silchar,44.32,CACHAR Toll Plaza,37.16
Phura,DIMA HASAO,315.0,12772101647,village,27,0.21,Belghoria Expressway,539.48,MIGRENDISA,1.16,Bihara,43.06,Kolkata Port (Syama Prasad Mookerjee Port) incl. Haldia Dock Complex,551.49,ICD Amingaon,175.73,Sutarkandi ICP,79.14,Lokpriya Gopinath Bordoloi International Airport (GAU),178.37,MMLP Silchar,45.56,Lakhipur Terminal,41.57,FCI Depot Silchar,45.56,CACHAR Toll Plaza,38.52
Longma,DIMA HASAO,315.0,12772101648,village,27,0.78,Belghoria Expressway,538.76,MIGRENDISA,2.5,Bihara,42.35,Kolkata Port (Syama Prasad Mookerjee Port) incl. Haldia Dock Complex,550.76,ICD Amingaon,176.59,Sutarkandi ICP,78.28,Lokpriya Gopinath Bordoloi International Airport (GAU),179.15,MMLP Silchar,44.46,Lakhipur Terminal,40.19,FCI Depot Silchar,44.46,CACHAR Toll Plaza,37.66
Hange,DIMA HASAO,315.0,12772101649,village,27,2.52,Belghoria Expressway,543.92,MAHUR,2.95,Bihara,47.54,Kolkata Port (Syama Prasad Mookerjee Port) incl. Haldia Dock Complex,555.91,ICD Amingaon,179.59,Sutarkandi ICP,83.27,Lokpriya Gopinath Bordoloi International Airport (GAU),182.44,MMLP Silchar,48.94,Lakhipur Terminal,42.76,FCI Depot Silchar,48.94,CACHAR Toll Plaza,42.7
Nomjāng,DIMA HASAO,315.0,12772101650,village,27,3.03,Belghoria Expressway,542.4,MAHUR,4.07,Bihara,46.01,Kolkata Port (Syama Prasad Mookerjee Port) incl. Haldia Dock Complex,554.39,ICD Amingaon,178.72,Sutarkandi ICP,81.8,Lokpriya Gopinath Bordoloi International Airport (GAU),181.49,MMLP Silchar,47.6,Lakhipur Terminal,41.93,FCI Depot Silchar,47.6,CACHAR Toll Plaza,41.21
Nutan Kāpurchhara,DIMA HASAO,315.0,12772142993,village,27,0.77,Belghoria Expressway,524.5,Jatinga,8.91,Bihara,28.27,Kolkata Port (Syama Prasad Mookerjee Port) incl. Haldia Dock Complex,536.54,ICD Amingaon,168.13,Sutarkandi ICP,64.86,Lokpriya Gopinath Bordoloi International Airport (GAU),169.87,MMLP Silchar,33.77,Silchar Terminal,33.77,FCI Depot Silchar,33.77,CACHAR Toll Plaza,24.55
Māilongdisa,DIMA HASAO,315.0,12772142994,village,27,1.4,Belghoria Expressway,524.68,Jatinga,8.96,Bihara,28.52,Kolkata Port (Syama Prasad Mookerjee Port) incl. Haldia Dock Complex,536.73,ICD Amingaon,167.6,Sutarkandi ICP,65.16,Lokpriya Gopinath Bordoloi International Airport (GAU),169.36,MMLP Silchar,34.27,Silchar Terminal,34.27,FCI Depot Silchar,34.27,CACHAR Toll Plaza,24.92
Lālābasti,DIMA HASAO,315.0,12772142995,village,27,0.87,Belghoria Expressway,522.9,DITOKCHERRA,10.46,Bihara,26.83,Kolkata Port (Syama Prasad Mookerjee Port) incl. Haldia Dock Complex,534.95,ICD Amingaon,166.63,Sutarkandi ICP,63.53,Lokpriya Gopinath Bordoloi International Airport (GAU),168.29,MMLP Silchar,33.15,Silchar Terminal,33.15,FCI Depot Silchar,33.15,CACHAR Toll Plaza,23.44
Mahaārājpur,DIMA HASAO,315.0,12772142996,village,27,0.75,Belghoria Expressway,520.57,DITOKCHERRA,7.87,Bihara,24.86,Kolkata Port (Syama Prasad Mookerjee Port) incl. Haldia Dock Complex,532.64,ICD Amingaon,164.4,Sutarkandi ICP,61.66,Lokpriya Gopinath Bordoloi International Airport (GAU),165.93,MMLP Silchar,32.49,Silchar Terminal,32.49,FCI Depot Silchar,32.49,CACHAR Toll Plaza,22.06
Mahaārājpur,DIMA HASAO,315.0,12772142997,village,27,1.16,Belghoria Expressway,521.04,DITOKCHERRA,8.34,Bihara,25.35,Kolkata Port (Syama Prasad Mookerjee Port) incl. Haldia Dock Complex,533.12,ICD Amingaon,164.43,Sutarkandi ICP,62.15,Lokpriya Gopinath Bordoloi International Airport (GAU),165.99,MMLP Silchar,32.91,Silchar Terminal,32.91,FCI Depot Silchar,32.91,CACHAR Toll Plaza,22.53
Chhota Hāflong,DIMA HASAO,315.0,12772143969,village,627,1.83,Belghoria Expressway,532.44,Jatinga,0.93,Bihara,36.04,Kolkata Port (Syama Prasad Mookerjee Port) incl. Haldia Dock Complex,544.46,ICD Amingaon,172.49,Sutarkandi ICP,72.3,Lokpriya Gopinath Bordoloi International Airport (GAU),174.71,MMLP Silchar,39.5,Lakhipur Terminal,38.35,FCI Depot Silchar,39.5,CACHAR Toll Plaza,31.71
Chāikam,DIMA HASAO,315.0,12772143971,village,627,2.84,Belghoria Expressway,534.58,Jatinga,7.77,Bihara,38.96,Kolkata Port (Syama Prasad Mookerjee Port) incl. Haldia Dock Complex,546.67,ICD Amingaon,166.76,Sutarkandi ICP,75.73,Lokpriya Gopinath Bordoloi International Airport (GAU),169.3,MMLP Silchar,44.77,Silchar Terminal,44.77,FCI Depot Silchar,44.77,CACHAR Toll Plaza,35.64
Mahādeo,DIMA HASAO,315.0,12772143974,village,627,0.81,Belghoria Expressway,534.15,Jatinga,2.7,Bihara,37.84,Kolkata Port (Syama Prasad Mookerjee Port) incl. Haldia Dock Complex,546.18,ICD Amingaon,171.49,Sutarkandi ICP,74.26,Lokpriya Gopinath Bordoloi International Airport (GAU),173.86,MMLP Silchar,41.79,Lakhipur Terminal,40.64,FCI Depot Silchar,41.79,CACHAR Toll Plaza,33.73
Hokāi,DIMA HASAO,315.0,12772143975,village,627,3.05,Belghoria Expressway,532.66,Jatinga,4.67,Bihara,36.59,Kolkata Port (Syama Prasad Mookerjee Port) incl. Haldia Dock Complex,544.72,ICD Amingaon,168.89,Sutarkandi ICP,73.23,Lokpriya Gopinath Bordoloi International Airport (GAU),171.22,MMLP Silchar,41.59,Silchar Terminal,41.59,FCI Depot Silchar,41.59,CACHAR Toll Plaza,32.88
Kelelo,DIMA HASAO,315.0,12772143976,village,27,0.14,Belghoria Expressway,536.12,Jatinga,3.47,Bihara,39.71,Kolkata Port (Syama Prasad Mookerjee Port) incl. Haldia Dock Complex,548.12,ICD Amingaon,175.81,Sutarkandi ICP,75.64,Lokpriya Gopinath Bordoloi International Airport (GAU),178.21,MMLP Silchar,41.94,Lakhipur Terminal,38.47,FCI Depot Silchar,41.94,CACHAR Toll Plaza,35.02
Nutan Laikul,DIMA HASAO,315.0,12772143977,village,27,0.47,Belghoria Expressway,536.42,Jatinga,3.99,Bihara,40.03,Kolkata Port (Syama Prasad Mookerjee Port) incl. Haldia Dock Complex,548.41,ICD Amingaon,176.45,Sutarkandi ICP,75.86,Lokpriya Gopinath Bordoloi International Airport (GAU),178.85,MMLP Silchar,42.01,Lakhipur Terminal,38.18,FCI Depot Silchar,42.01,CACHAR Toll Plaza,35.25
Bara Mulkai,DIMA HASAO,315.0,12772151787,village,27,0.21,Belghoria Expressway,521.98,DITOKCHERRA,9.75,Bihara,25.82,Kolkata Port (Syama Prasad Mookerjee Port) incl. Haldia Dock Complex,534.03,ICD Amingaon,167.02,Sutarkandi ICP,62.49,Lokpriya Gopinath Bordoloi International Airport (GAU),168.59,MMLP Silchar,32.03,Silchar Terminal,32.03,FCI Depot Silchar,32.03,CACHAR Toll Plaza,22.35
Rekha,DIMA HASAO,315.0,12772151788,village,27,0.07,Belghoria Expressway,521.07,DITOKCHERRA,8.66,Bihara,25.03,Kolkata Port (Syama Prasad Mookerjee Port) incl. Haldia Dock Complex,533.12,ICD Amingaon,166.04,Sutarkandi ICP,61.76,Lokpriya Gopinath Bordoloi International Airport (GAU),167.57,MMLP Silchar,31.81,Silchar Terminal,31.81,FCI Depot Silchar,31.81,CACHAR Toll Plaza,21.8
Rekha,DIMA HASAO,315.0,12772151789,village,27,0.04,Belghoria Expressway,520.62,DITOKCHERRA,8.15,Bihara,24.65,Kolkata Port (Syama Prasad Mookerjee Port) incl. Haldia Dock Complex,532.68,ICD Amingaon,165.65,Sutarkandi ICP,61.4,Lokpriya Gopinath Bordoloi International Airport (GAU),167.15,MMLP Silchar,31.67,Silchar Terminal,31.67,FCI Depot Silchar,31.67,CACHAR Toll Plaza,21.52
Doloichunga,DIMA HASAO,315.0,12772151790,village,27,0.15,Belghoria Expressway,519.16,DITOKCHERRA,6.74,Bihara,23.22,Kolkata Port (Syama Prasad Mookerjee Port) incl. Haldia Dock Complex,531.22,ICD Amingaon,165.22,Sutarkandi ICP,60.0,Lokpriya Gopinath Bordoloi International Airport (GAU),166.63,MMLP Silchar,30.63,Silchar Terminal,30.63,FCI Depot Silchar,30.63,CACHAR Toll Plaza,20.24
Chhota Mulkai,DIMA HASAO,315.0,12772151791,village,27,0.81,Belghoria Expressway,520.35,DITOKCHERRA,8.34,Bihara,24.16,Kolkata Port (Syama Prasad Mookerjee Port) incl. Haldia Dock Complex,532.39,ICD Amingaon,166.89,Sutarkandi ICP,60.82,Lokpriya Gopinath Bordoloi International Airport (GAU),168.34,MMLP Silchar,30.57,Silchar Terminal,30.57,FCI Depot Silchar,30.57,CACHAR Toll Plaza,20.71
Chhota Kāpurchhara,DIMA HASAO,315.0,12772151792,village,27,0.4,Belghoria Expressway,524.06,Jatinga,9.04,Bihara,27.71,Kolkata Port (Syama Prasad Mookerjee Port) incl. Haldia Dock Complex,536.08,ICD Amingaon,169.21,Sutarkandi ICP,64.18,Lokpriya Gopinath Bordoloi International Airport (GAU),170.89,MMLP Silchar,32.68,Silchar Terminal,32.68,FCI Depot Silchar,32.68,CACHAR Toll Plaza,23.74
Kāpurchhara,DIMA HASAO,315.0,12772151793,village,27,0.21,Belghoria Expressway,523.82,Jatinga,9.45,Bihara,27.55,Kolkata Port (Syama Prasad Mookerjee Port) incl. Haldia Dock Complex,535.86,ICD Amingaon,168.34,Sutarkandi ICP,64.11,Lokpriya Gopinath Bordoloi International Airport (GAU),170.02,MMLP Silchar,32.97,Silchar Terminal,32.97,FCI Depot Silchar,32.97,CACHAR Toll Plaza,23.77
Miyungkro,DIMA HASAO,315.0,12772151794,village,27,0.09,Belghoria Expressway,526.29,Jatinga,6.77,Bihara,29.91,Kolkata Port (Syama Prasad Mookerjee Port) incl. Haldia Dock Complex,538.31,ICD Amingaon,170.26,Sutarkandi ICP,66.29,Lokpriya Gopinath Bordoloi International Airport (GAU),172.08,MMLP Silchar,34.31,Silchar Terminal,34.31,FCI Depot Silchar,34.31,CACHAR Toll Plaza,25.78
Lāmpu,DIMA HASAO,315.0,12772151795,village,27,0.25,Belghoria Expressway,528.14,Jatinga,4.87,Bihara,31.75,Kolkata Port (Syama Prasad Mookerjee Port) incl. Haldia Dock Complex,540.16,ICD Amingaon,171.21,Sutarkandi ICP,68.05,Lokpriya Gopinath Bordoloi International Airport (GAU),173.14,MMLP Silchar,35.69,Silchar Terminal,35.69,FCI Depot Silchar,35.69,CACHAR Toll Plaza,27.49
Retzol,DIMA HASAO,315.0,12772151796,village,27,0.12,Belghoria Expressway,529.15,Jatinga,3.94,Bihara,32.74,Kolkata Port (Syama Prasad Mookerjee Port) incl. Haldia Dock Complex,541.16,ICD Amingaon,173.11,Sutarkandi ICP,68.79,Lokpriya Gopinath Bordoloi International Airport (GAU),175.07,MMLP Silchar,35.78,Lakhipur Terminal,35.26,FCI Depot Silchar,35.78,CACHAR Toll Plaza,28.17
Kāokang,DIMA HASAO,315.0,12772646080,village,27,4.76,Belghoria Expressway,549.75,MAHUR,5.04,Khongsang,48.22,Kolkata Port (Syama Prasad Mookerjee Port) incl. Haldia Dock Complex,561.72,ICD Amingaon,183.28,Sutarkandi ICP,88.93,Lokpriya Gopinath Bordoloi International Airport (GAU),186.44,MMLP Silchar,54.13,Lakhipur Terminal,46.08,FCI Depot Silchar,54.13,CACHAR Toll Plaza,48.43
Kāokang,DIMA HASAO,315.0,12772646081,village,27,4.65,Belghoria Expressway,549.99,MAHUR,5.08,Khongsang,48.39,Kolkata Port (Syama Prasad Mookerjee Port) incl. Haldia Dock Complex,561.96,ICD Amingaon,183.18,Sutarkandi ICP,89.19,Lokpriya Gopinath Bordoloi International Airport (GAU),186.36,MMLP Silchar,54.42,Lakhipur Terminal,46.41,FCI Depot Silchar,54.42,CACHAR Toll Plaza,48.69
Longren,DIMA HASAO,315.0,12772647108,village,627,1.36,Belghoria Expressway,538.05,MIGRENDISA,3.13,Bihara,41.84,Kolkata Port (Syama Prasad Mookerjee Port) incl. Haldia Dock Complex,550.1,ICD Amingaon,171.64,Sutarkandi ICP,78.33,Lokpriya Gopinath Bordoloi International Airport (GAU),174.29,MMLP Silchar,45.85,Lakhipur Terminal,43.82,FCI Depot Silchar,45.85,CACHAR Toll Plaza,37.82
Longkhāo,DIMA HASAO,315.0,12772647111,village,627,1.03,Belghoria Expressway,536.23,MIGRENDISA,6.77,Bihara,40.45,Kolkata Port (Syama Prasad Mookerjee Port) incl. Haldia Dock Complex,548.31,ICD Amingaon,168.04,Sutarkandi ICP,77.17,Lokpriya Gopinath Bordoloi International Airport (GAU),170.67,MMLP Silchar,45.77,Lakhipur Terminal,45.52,FCI Depot Silchar,45.77,CACHAR Toll Plaza,36.95
Bethel,DIMA HASAO,315.0,12772647112,village,627,0.87,Belghoria Expressway,536.28,MIGRENDISA,6.54,Bihara,40.46,Kolkata Port (Syama Prasad Mookerjee Port) incl. Haldia Dock Complex,548.36,ICD Amingaon,168.28,Sutarkandi ICP,77.17,Lokpriya Gopinath Bordoloi International Airport (GAU),170.9,MMLP Silchar,45.69,Lakhipur Terminal,45.34,FCI Depot Silchar,45.69,CACHAR Toll Plaza,36.92
Zion,DIMA HASAO,315.0,12772647113,village,627,1.12,Belghoria Expressway,535.96,MIGRENDISA,6.58,Bihara,40.12,Kolkata Port (Syama Prasad Mookerjee Port) incl. Haldia Dock Complex,548.04,ICD Amingaon,168.32,Sutarkandi ICP,76.82,Lokpriya Gopinath Bordoloi International Airport (GAU),170.91,MMLP Silchar,45.34,Lakhipur Terminal,45.04,FCI Depot Silchar,45.34,CACHAR Toll Plaza,36.57
Honbheng,DIMA HASAO,315.0,12772647121,village,627,0.91,Belghoria Expressway,536.64,MIGRENDISA,3.6,Bihara,40.37,Kolkata Port (Syama Prasad Mookerjee Port) incl. Haldia Dock Complex,548.68,ICD Amingaon,171.81,Sutarkandi ICP,76.82,Lokpriya Gopinath Bordoloi International Airport (GAU),174.35,MMLP Silchar,44.27,Lakhipur Terminal,42.45,FCI Depot Silchar,44.27,CACHAR Toll Plaza,36.29
Semdhikar,DIMA HASAO,315.0,12772647127,village,27,0.06,Belghoria Expressway,545.05,MAHUR,1.3,Bihara,48.64,Kolkata Port (Syama Prasad Mookerjee Port) incl. Haldia Dock Complex,557.06,ICD Amingaon,177.52,Sutarkandi ICP,84.71,Lokpriya Gopinath Bordoloi International Airport (GAU),180.51,MMLP Silchar,50.89,Lakhipur Terminal,45.49,FCI Depot Silchar,50.89,CACHAR Toll Plaza,44.09
Khanunum,DIMA HASAO,315.0,12772647128,village,27,0.65,Belghoria Expressway,544.18,MAHUR,2.55,Bihara,47.79,Kolkata Port (Syama Prasad Mookerjee Port) incl. Haldia Dock Complex,556.2,ICD Amingaon,176.35,Sutarkandi ICP,83.97,Lokpriya Gopinath Bordoloi International Airport (GAU),179.31,MMLP Silchar,50.39,Lakhipur Terminal,45.56,FCI Depot Silchar,50.39,CACHAR Toll Plaza,43.35
Chhota Rongmalāi,DIMA HASAO,315.0,12772647129,village,27,0.23,Belghoria Expressway,543.73,MAHUR,2.53,Bihara,47.32,Kolkata Port (Syama Prasad Mookerjee Port) incl. Haldia Dock Complex,555.74,ICD Amingaon,176.92,Sutarkandi ICP,83.41,Lokpriya Gopinath Bordoloi International Airport (GAU),179.84,MMLP Silchar,49.68,Lakhipur Terminal,44.66,FCI Depot Silchar,49.68,CACHAR Toll Plaza,42.79
Wāphu,DIMA HASAO,315.0,12772647130,village,27,0.38,Belghoria Expressway,541.17,MIGRENDISA,1.65,Bihara,44.76,Kolkata Port (Syama Prasad Mookerjee Port) incl. Haldia Dock Complex,553.19,ICD Amingaon,175.86,Sutarkandi ICP,80.89,Lokpriya Gopinath Bordoloi International Airport (GAU),178.62,MMLP Silchar,47.33,Lakhipur Terminal,43.05,FCI Depot Silchar,47.33,CACHAR Toll Plaza,40.27
Hange,DIMA HASAO,315.0,12772647132,village,27,2.04,Belghoria Expressway,543.98,MAHUR,2.59,Bihara,47.58,Kolkata Port (Syama Prasad Mookerjee Port) incl. Haldia Dock Complex,555.97,ICD Amingaon,179.14,Sutarkandi ICP,83.38,Lokpriya Gopinath Bordoloi International Airport (GAU),182.01,MMLP Silchar,49.15,Lakhipur Terminal,43.16,FCI Depot Silchar,49.15,CACHAR Toll Plaza,42.79
New Zoār,DIMA HASAO,315.0,12777284295,village,27,0.6,Belghoria Expressway,546.56,MAHUR,2.67,Bihara,50.21,Kolkata Port (Syama Prasad Mookerjee Port) incl. Haldia Dock Complex,558.6,ICD Amingaon,176.38,Sutarkandi ICP,86.47,Lokpriya Gopinath Bordoloi International Airport (GAU),179.52,MMLP Silchar,52.97,Lakhipur Terminal,47.9,FCI Depot Silchar,52.97,CACHAR Toll Plaza,45.86
Jembāi,DIMA HASAO,315.0,12777303817,village,27,1.88,Belghoria Expressway,543.31,MIGRENDISA,4.19,Bihara,47.03,Kolkata Port (Syama Prasad Mookerjee Port) incl. Haldia Dock Complex,555.36,ICD Amingaon,174.21,Sutarkandi ICP,83.4,Lokpriya Gopinath Bordoloi International Airport (GAU),177.18,MMLP Silchar,50.33,Lakhipur Terminal,46.47,FCI Depot Silchar,50.33,CACHAR Toll Plaza,42.83
Samserpur,DIMA HASAO,315.0,12778196578,village,27,1.48,Belghoria Expressway,550.8,DAOTUHAJA,0.64,Khongsang,53.1,Kolkata Port (Syama Prasad Mookerjee Port) incl. Haldia Dock Complex,562.82,ICD Amingaon,179.05,Sutarkandi ICP,90.52,Lokpriya Gopinath Bordoloi International Airport (GAU),182.41,MMLP Silchar,56.6,Lakhipur Terminal,50.22,FCI Depot Silchar,56.6,CACHAR Toll Plaza,49.9
Thoi,DIMA HASAO,315.0,12778201165,village,27,0.74,Belghoria Expressway,548.7,PHIDING,2.0,Bihara,52.28,Kolkata Port (Syama Prasad Mookerjee Port) incl. Haldia Dock Complex,560.71,ICD Amingaon,179.19,Sutarkandi ICP,88.29,Lokpriya Gopinath Bordoloi International Airport (GAU),182.4,MMLP Silchar,54.25,Lakhipur Terminal,47.92,FCI Depot Silchar,54.25,CACHAR Toll Plaza,47.68
Naithāng Punji,CACHAR,316.0,12784837283,village,37,14.58,Belghoria Expressway,537.54,JIRIBAM,15.49,Khongsang,32.69,Kolkata Port (Syama Prasad Mookerjee Port) incl. Haldia Dock Complex,549.25,ICD Amingaon,200.25,Sutarkandi ICP,77.52,Lokpriya Gopinath Bordoloi International Airport (GAU),202.11,MMLP Silchar,40.84,Lakhipur Terminal,23.89,FCI Depot Silchar,40.84,CACHAR Toll Plaza,41.63
Tatephāi,DIMA HASAO,315.0,12785501082,village,37,19.01,Belghoria Expressway,545.78,JIRIBAM,23.57,Khongsang,29.82,Kolkata Port (Syama Prasad Mookerjee Port) incl. Haldia Dock Complex,557.52,ICD Amingaon,200.84,Sutarkandi ICP,85.31,Lokpriya Gopinath Bordoloi International Airport (GAU),203.22,MMLP Silchar,48.59,Lakhipur Terminal,32.55,FCI Depot Silchar,48.59,CACHAR Toll Plaza,48.0
Phaipi,DIMA HASAO,315.0,12810534491,village,137G,18.5,Belghoria Expressway,546.44,MAHUR,20.27,Khongsang,33.11,Kolkata Port (Syama Prasad Mookerjee Port) incl. Haldia Dock Complex,558.23,ICD Amingaon,197.39,Sutarkandi ICP,85.57,Lokpriya Gopinath Bordoloi International Airport (GAU),199.9,MMLP Silchar,48.95,Lakhipur Terminal,34.52,FCI Depot Silchar,48.95,CACHAR Toll Plaza,47.31
Nenthe,CACHAR,316.0,12810534492,village,37,20.14,Belghoria Expressway,540.97,JIRIBAM,21.69,Khongsang,34.63,Kolkata Port (Syama Prasad Mookerjee Port) incl. Haldia Dock Complex,552.74,ICD Amingaon,196.54,Sutarkandi ICP,80.24,Lokpriya Gopinath Bordoloi International Airport (GAU),198.72,MMLP Silchar,43.56,Lakhipur Terminal,28.96,FCI Depot Silchar,43.56,CACHAR Toll Plaza,42.55
Rāmbhom,DIMA HASAO,315.0,12810561848,village,37,20.03,Belghoria Expressway,543.34,MAHUR,22.39,Khongsang,32.79,Kolkata Port (Syama Prasad Mookerjee Port) incl. Haldia Dock Complex,555.11,ICD Amingaon,198.04,Sutarkandi ICP,82.67,Lokpriya Gopinath Bordoloi International Airport (GAU),200.34,MMLP Silchar,45.97,Lakhipur Terminal,30.9,FCI Depot Silchar,45.97,CACHAR Toll Plaza,45.01
Mauchār,DIMA HASAO,315.0,12810563320,village,27,19.44,Belghoria Expressway,543.75,MAHUR,19.37,Khongsang,35.19,Kolkata Port (Syama Prasad Mookerjee Port) incl. Haldia Dock Complex,555.56,ICD Amingaon,195.43,Sutarkandi ICP,82.82,Lokpriya Gopinath Bordoloi International Airport (GAU),197.83,MMLP Silchar,46.24,Lakhipur Terminal,32.47,FCI Depot Silchar,46.24,CACHAR Toll Plaza,44.45
Bara Ārkāp,DIMA HASAO,315.0,12810564149,village,27,18.39,Belghoria Expressway,543.88,MAHUR,18.19,Khongsang,36.18,Kolkata Port (Syama Prasad Mookerjee Port) incl. Haldia Dock Complex,555.7,ICD Amingaon,194.4,Sutarkandi ICP,82.87,Lokpriya Gopinath Bordoloi International Airport (GAU),196.83,MMLP Silchar,46.36,Lakhipur Terminal,33.1,FCI Depot Silchar,46.36,CACHAR Toll Plaza,44.25
Phāth,DIMA HASAO,315.0,12832452124,village,27,19.24,Belghoria Expressway,575.12,KALACHAND,20.91,Khongsang,62.12,Kolkata Port (Syama Prasad Mookerjee Port) incl. Haldia Dock Complex,587.22,ICD Amingaon,184.23,Sutarkandi ICP,115.62,Lokpriya Gopinath Bordoloi International Airport (GAU),189.15,MMLP Silchar,81.96,Lakhipur Terminal,73.95,FCI Depot Dimapur,67.95,DIMA HASAO Toll Plaza,42.35
Dārangbra,DIMA HASAO,315.0,12832452738,village,27,13.73,Belghoria Expressway,567.23,WADRENGDISA,12.76,Khongsang,58.07,Kolkata Port (Syama Prasad Mookerjee Port) incl. Haldia Dock Complex,579.3,ICD Amingaon,182.25,Sutarkandi ICP,107.46,Lokpriya Gopinath Bordoloi International Airport (GAU),186.68,MMLP Silchar,73.72,Lakhipur Terminal,66.08,FCI Depot Silchar,73.72,DIMA HASAO Toll Plaza,45.74
Dārangbra,DIMA HASAO,315.0,12832452739,village,27,14.12,Belghoria Expressway,567.3,WADRENGDISA,12.77,Khongsang,57.58,Kolkata Port (Syama Prasad Mookerjee Port) incl. Haldia Dock Complex,579.37,ICD Amingaon,182.73,Sutarkandi ICP,107.46,Lokpriya Gopinath Bordoloi International Airport (GAU),187.14,MMLP Silchar,73.63,Lakhipur Terminal,65.84,FCI Depot Silchar,73.63,DIMA HASAO Toll Plaza,46.22
Dārangibra,DIMA HASAO,315.0,12832452740,village,27,14.9,Belghoria Expressway,573.43,DIHAKHO,16.43,Khongsang,67.17,Kolkata Port (Syama Prasad Mookerjee Port) incl. Haldia Dock Complex,585.57,ICD Amingaon,178.5,Sutarkandi ICP,114.93,Lokpriya Gopinath Bordoloi International Airport (GAU),183.52,MMLP Silchar,82.22,Lakhipur Terminal,75.8,FCI Depot Dimapur,67.33,DIMA HASAO Toll Plaza,36.81
Dārangbra,DIMA HASAO,315.0,12832452741,village,27,13.33,Belghoria Expressway,571.62,DIHAKHO,14.8,Khongsang,66.94,Kolkata Port (Syama Prasad Mookerjee Port) incl. Haldia Dock Complex,583.77,ICD Amingaon,177.4,Sutarkandi ICP,113.19,Lokpriya Gopinath Bordoloi International Airport (GAU),182.33,MMLP Silchar,80.61,Lakhipur Terminal,74.48,FCI Depot Dimapur,68.97,DIMA HASAO Toll Plaza,36.87
Nobdi Langting,DIMA HASAO,315.0,12832452742,village,27,14.98,Belghoria Expressway,571.78,DIHAKHO,16.4,Khongsang,64.59,Kolkata Port (Syama Prasad Mookerjee Port) incl. Haldia Dock Complex,583.91,ICD Amingaon,179.57,Sutarkandi ICP,112.89,Lokpriya Gopinath Bordoloi International Airport (GAU),184.43,MMLP Silchar,79.89,Lakhipur Terminal,73.14,FCI Depot Dimapur,69.66,DIMA HASAO Toll Plaza,39.26
Dīdāmbra,DIMA HASAO,315.0,12832452743,village,27,13.85,Belghoria Expressway,568.52,WADRENGDISA,14.28,Khongsang,59.73,Kolkata Port (Syama Prasad Mookerjee Port) incl. Haldia Dock Complex,580.6,ICD Amingaon,181.62,Sutarkandi ICP,108.95,Lokpriya Gopinath Bordoloi International Airport (GAU),186.16,MMLP Silchar,75.39,Lakhipur Terminal,67.97,FCI Depot Dimapur,74.33,DIMA HASAO Toll Plaza,44.05
Dīdam Kharo,DIMA HASAO,315.0,12832452744,village,27,15.06,Belghoria Expressway,568.79,WADRENGDISA,14.27,Khongsang,58.12,Kolkata Port (Syama Prasad Mookerjee Port) incl. Haldia Dock Complex,580.85,ICD Amingaon,183.21,Sutarkandi ICP,108.97,Lokpriya Gopinath Bordoloi International Airport (GAU),187.72,MMLP Silchar,75.13,Lakhipur Terminal,67.23,FCI Depot Dimapur,74.79,DIMA HASAO Toll Plaza,45.65
Dārangi,DIMA HASAO,315.0,12832452745,village,27,17.15,Belghoria Expressway,572.0,WADRENGDISA,17.58,Khongsang,59.75,Kolkata Port (Syama Prasad Mookerjee Port) incl. Haldia Dock Complex,584.08,ICD Amingaon,183.99,Sutarkandi ICP,112.29,Lokpriya Gopinath Bordoloi International Airport (GAU),188.69,MMLP Silchar,78.49,Lakhipur Terminal,70.44,FCI Depot Dimapur,71.47,DIMA HASAO Toll Plaza,44.21
Hājādīsa,DIMA HASAO,315.0,12832452746,village,27,14.99,Belghoria Expressway,571.01,KALACHAND,16.63,Khongsang,62.26,Kolkata Port (Syama Prasad Mookerjee Port) incl. Haldia Dock Complex,583.12,ICD Amingaon,181.08,Sutarkandi ICP,111.75,Lokpriya Gopinath Bordoloi International Airport (GAU),185.82,MMLP Silchar,78.42,Lakhipur Terminal,71.22,FCI Depot Dimapur,71.21,DIMA HASAO Toll Plaza,41.57
Nablaidisa,DIMA HASAO,315.0,12832452747,village,27,12.07,Belghoria Expressway,568.43,KALACHAND,13.8,Khongsang,63.11,Kolkata Port (Syama Prasad Mookerjee Port) incl. Haldia Dock Complex,580.55,ICD Amingaon,178.59,Sutarkandi ICP,109.44,Lokpriya Gopinath Bordoloi International Airport (GAU),183.24,MMLP Silchar,76.46,Lakhipur Terminal,69.96,FCI Depot Dimapur,73.09,DIMA HASAO Toll Plaza,40.69
Purānā Hājong,DIMA HASAO,315.0,12832453658,village,27,6.48,Belghoria Expressway,562.93,KALACHAND,8.13,Khongsang,63.87,Kolkata Port (Syama Prasad Mookerjee Port) incl. Haldia Dock Complex,575.06,ICD Amingaon,174.59,Sutarkandi ICP,104.33,Lokpriya Gopinath Bordoloi International Airport (GAU),179.0,MMLP Silchar,71.9,Lakhipur Terminal,66.64,FCI Depot Silchar,71.9,DIMA HASAO Toll Plaza,40.84
Hajāiluwa,DIMA HASAO,315.0,12837597586,village,137G,0.58,Belghoria Expressway,564.24,WADRENGDISA,16.19,Khongsang,42.93,Kolkata Port (Syama Prasad Mookerjee Port) incl. Haldia Dock Complex,576.17,ICD Amingaon,193.85,Sutarkandi ICP,103.13,Lokpriya Gopinath Bordoloi International Airport (GAU),197.66,MMLP Silchar,67.46,Lakhipur Terminal,55.88,FCI Depot Silchar,67.46,DIMA HASAO Toll Plaza,60.91
Bara Nenglo,DIMA HASAO,315.0,12837608126,village,137G,0.3,Belghoria Expressway,563.33,DAOTUHAJA,16.29,Khongsang,42.07,Kolkata Port (Syama Prasad Mookerjee Port) incl. Haldia Dock Complex,575.24,ICD Amingaon,194.1,Sutarkandi ICP,102.19,Lokpriya Gopinath Bordoloi International Airport (GAU),197.84,MMLP Silchar,66.45,Lakhipur Terminal,54.72,FCI Depot Silchar,66.45,DIMA HASAO Toll Plaza,61.84
Asālu,DIMA HASAO,315.0,12900355553,village,27,4.36,Belghoria Expressway,550.51,DAOTUHAJA,4.75,Khongsang,48.9,Kolkata Port (Syama Prasad Mookerjee Port) incl. Haldia Dock Complex,562.49,ICD Amingaon,182.84,Sutarkandi ICP,89.76,Lokpriya Gopinath Bordoloi International Airport (GAU),186.06,MMLP Silchar,55.08,Lakhipur Terminal,47.2,FCI Depot Silchar,55.08,CACHAR Toll Plaza,49.23
Imphoi,DIMA HASAO,315.0,12900355554,village,27,6.24,Belghoria Expressway,552.01,DAOTUHAJA,5.97,Khongsang,47.44,Kolkata Port (Syama Prasad Mookerjee Port) incl. Haldia Dock Complex,563.97,ICD Amingaon,184.59,Sutarkandi ICP,91.15,Lokpriya Gopinath Bordoloi International Airport (GAU),187.86,MMLP Silchar,56.22,Lakhipur Terminal,47.62,FCI Depot Silchar,56.22,CACHAR Toll Plaza,50.68
Ngālsung,DIMA HASAO,315.0,12900355594,village,27,9.55,Belghoria Expressway,550.25,MAHUR,9.29,Khongsang,43.38,Kolkata Port (Syama Prasad Mookerjee Port) incl. Haldia Dock Complex,562.17,ICD Amingaon,187.9,Sutarkandi ICP,89.14,Lokpriya Gopinath Bordoloi International Airport (GAU),190.95,MMLP Silchar,53.6,Lakhipur Terminal,43.62,FCI Depot Silchar,53.6,CACHAR Toll Plaza,48.99
Chhota Leikek,DIMA HASAO,315.0,12900355595,village,137G,10.52,Belghoria Expressway,551.42,MAHUR,10.98,Khongsang,41.88,Kolkata Port (Syama Prasad Mookerjee Port) incl. Haldia Dock Complex,563.33,ICD Amingaon,189.56,Sutarkandi ICP,90.27,Lokpriya Gopinath Bordoloi International Airport (GAU),192.64,MMLP Silchar,54.55,Lakhipur Terminal,43.9,FCI Depot Silchar,54.55,CACHAR Toll Plaza,50.24
Bara Leikek,DIMA HASAO,315.0,12900355596,village,27,11.2,Belghoria Expressway,549.65,MAHUR,10.7,Khongsang,41.76,Kolkata Port (Syama Prasad Mookerjee Port) incl. Haldia Dock Complex,561.55,ICD Amingaon,189.29,Sutarkandi ICP,88.49,Lokpriya Gopinath Bordoloi International Airport (GAU),192.25,MMLP Silchar,52.73,Lakhipur Terminal,42.13,FCI Depot Silchar,52.73,CACHAR Toll Plaza,48.52
Hanhchara,JORHAT,312.0,13063074494,village,715,0.01,Belghoria Expressway,754.96,AMGURI,5.46,Khongsang,238.53,Kolkata Port (Syama Prasad Mookerjee Port) incl. Haldia Dock Complex,767.56,ICD Amingaon,282.89,Darranga ICP,234.34,Lokpriya Gopinath Bordoloi International Airport (GAU),294.03,MMLP Silchar,274.68,Neamati Terminal,30.59,FCI Depot Jorhat,28.37,GOLAGHAT Toll Plaza,57.2
Taraso,BISWANATH,734.0,13157898887,village,15,9.03,Belghoria Expressway,680.84,Badulipar,57.16,Baihata,180.2,Kolkata Port (Syama Prasad Mookerjee Port) incl. Haldia Dock Complex,693.8,ICD Amingaon,187.91,Darranga ICP,134.22,Lokpriya Gopinath Bordoloi International Airport (GAU),199.87,MMLP Silchar,238.01,Biswanath Ghat Terminal,33.93,FCI Depot Itanagar,24.77,LAKHIMPUR Toll Plaza,45.26
Rongmala,HOJAI,720.0,13174545278,village,27,0.01,Belghoria Expressway,576.61,LANKA,2.36,Bihara,108.91,Kolkata Port (Syama Prasad Mookerjee Port) incl. Haldia Dock Complex,589.27,ICD Amingaon,127.87,Darranga ICP,107.09,Lokpriya Gopinath Bordoloi International Airport (GAU),135.71,MMLP Silchar,121.03,Silghat Terminal,74.12,FCI Depot Dimapur,76.11,HOJAI Toll Plaza,24.04
Dhal Pukhuri,HOJAI,720.0,13174553597,village,27,3.59,Belghoria Expressway,574.24,DHALPUKHURI,3.71,Bihara,110.03,Kolkata Port (Syama Prasad Mookerjee Port) incl. Haldia Dock Complex,586.92,ICD Amingaon,122.83,Darranga ICP,102.07,Lokpriya Gopinath Bordoloi International Airport (GAU),130.77,MMLP Silchar,122.64,Silghat Terminal,71.83,FCI Depot Dimapur,80.9,HOJAI Toll Plaza,20.13
Unnamed Hamlet,HAILAKANDI,318.0,13260133588,village,6,6.07,Belghoria Expressway,442.68,Jamira,7.95,Bihara,77.36,Kolkata Port (Syama Prasad Mookerjee Port) incl. Haldia Dock Complex,453.96,ICD Amingaon,219.6,Sutarkandi ICP,47.34,Lokpriya Gopinath Bordoloi International Airport (GAU),215.64,MMLP Silchar,67.9,Karimganj Terminal,64.83,FCI Depot Silchar,67.9,SRIBHUMI Toll Plaza,60.89
Unnamed Village,HAILAKANDI,318.0,13260135133,village,6,9.77,Belghoria Expressway,438.35,Jamira,12.45,Bihara,82.29,Kolkata Port (Syama Prasad Mookerjee Port) incl. Haldia Dock Complex,449.58,ICD Amingaon,222.59,Sutarkandi ICP,51.53,Lokpriya Gopinath Bordoloi International Airport (GAU),218.41,MMLP Silchar,73.02,Karimganj Terminal,68.64,FCI Depot Silchar,73.02,SRIBHUMI Toll Plaza,64.96
Unnamed Hamlet,HAILAKANDI,318.0,13260144627,village,6,1.56,Belghoria Expressway,445.98,Bhairabi,3.97,Bihara,82.22,Kolkata Port (Syama Prasad Mookerjee Port) incl. Haldia Dock Complex,457.12,ICD Amingaon,228.08,Sutarkandi ICP,54.65,Lokpriya Gopinath Bordoloi International Airport (GAU),224.3,MMLP Silchar,71.31,Silchar Terminal,71.31,FCI Depot Silchar,71.31,SRIBHUMI Toll Plaza,68.3
Unnamed Hamlet,HAILAKANDI,318.0,13260144628,village,6,5.41,Belghoria Expressway,441.95,Bhairabi,7.24,Bihara,83.63,Kolkata Port (Syama Prasad Mookerjee Port) incl. Haldia Dock Complex,453.11,ICD Amingaon,227.06,Sutarkandi ICP,54.62,Lokpriya Gopinath Bordoloi International Airport (GAU),223.07,MMLP Silchar,73.36,Karimganj Terminal,72.23,FCI Depot Silchar,73.36,SRIBHUMI Toll Plaza,68.21
Unnamed Hamlet,HAILAKANDI,318.0,13260144629,village,6,3.06,Belghoria Expressway,441.72,Bhairabi,5.68,Bihara,88.36,Kolkata Port (Syama Prasad Mookerjee Port) incl. Haldia Dock Complex,452.79,ICD Amingaon,232.69,Sutarkandi ICP,60.09,Lokpriya Gopinath Bordoloi International Airport (GAU),228.69,MMLP Silchar,77.54,Silchar Terminal,77.54,FCI Depot Silchar,77.54,SRIBHUMI Toll Plaza,73.7
Unnamed Hamlet,HAILAKANDI,318.0,13260144630,village,6,4.77,Belghoria Expressway,441.08,Bhairabi,6.37,Bihara,87.09,Kolkata Port (Syama Prasad Mookerjee Port) incl. Haldia Dock Complex,452.18,ICD Amingaon,230.72,Sutarkandi ICP,58.36,Lokpriya Gopinath Bordoloi International Airport (GAU),226.69,MMLP Silchar,76.54,Karimganj Terminal,75.98,FCI Depot Silchar,76.54,SRIBHUMI Toll Plaza,71.95
Alni,CACHAR,316.0,13270195093,village,37,6.41,Belghoria Expressway,516.27,JIRIGHAT,9.4,Bihara,43.14,Kolkata Port (Syama Prasad Mookerjee Port) incl. Haldia Dock Complex,527.83,ICD Amingaon,206.95,Sutarkandi ICP,60.93,Lokpriya Gopinath Bordoloi International Airport (GAU),207.33,MMLP Silchar,28.46,Lakhipur Terminal,7.0,FCI Depot Silchar,28.46,CACHAR Toll Plaza,36.77
Nakapur,DIBRUGARH,310.0,13303052230,village,15,4.62,Belghoria Expressway,856.41,CHABUA,7.54,Khongsang,338.82,Kolkata Port (Syama Prasad Mookerjee Port) incl. Haldia Dock Complex,869.11,ICD Amingaon,373.15,Darranga ICP,319.77,Lokpriya Gopinath Bordoloi International Airport (GAU),384.96,MMLP Silchar,378.13,Bogibeel Terminal,20.8,FCI Depot Dibrugarh,27.96,LAKHIMPUR Toll Plaza,140.39
Chandrapur,CACHAR,316.0,13322541951,village,37,0.08,Belghoria Expressway,509.35,SILCHAR,13.89,Bihara,28.63,Kolkata Port (Syama Prasad Mookerjee Port) incl. Haldia Dock Complex,521.06,ICD Amingaon,192.9,Sutarkandi ICP,50.11,Lokpriya Gopinath Bordoloi International Airport (GAU),193.08,MMLP Silchar,14.71,Lakhipur Terminal,8.0,FCI Depot Silchar,14.71,CACHAR Toll Plaza,22.3
Bhalukmari,HOJAI,720.0,13366626514,village,27,0.01,Belghoria Expressway,577.25,LANKA,3.25,Bihara,109.82,Kolkata Port (Syama Prasad Mookerjee Port) incl. Haldia Dock Complex,589.91,ICD Amingaon,127.78,Darranga ICP,106.6,Lokpriya Gopinath Bordoloi International Airport (GAU),135.68,MMLP Silchar,121.95,Silghat Terminal,73.21,FCI Depot Dimapur,76.05,HOJAI Toll Plaza,23.28
Deopani,CHARAIDEO,704.0,13610046528,village,315A,8.26,Belghoria Expressway,840.94,BORHAT,6.53,Khongsang,307.71,Kolkata Port (Syama Prasad Mookerjee Port) incl. Haldia Dock Complex,853.41,ICD Amingaon,371.15,Darranga ICP,321.28,Lokpriya Gopinath Bordoloi International Airport (GAU),382.43,MMLP Silchar,353.39,Bogibeel Terminal,45.19,FCI Depot Dibrugarh,55.41,LAKHIMPUR Toll Plaza,145.1
Unnamed Village,CHARAIDEO,704.0,13610046539,village,315A,9.73,Belghoria Expressway,840.5,BORHAT,4.79,Khongsang,307.87,Kolkata Port (Syama Prasad Mookerjee Port) incl. Haldia Dock Complex,852.98,ICD Amingaon,370.2,Darranga ICP,320.21,Lokpriya Gopinath Bordoloi International Airport (GAU),381.5,MMLP Silchar,353.27,Bogibeel Terminal,43.46,FCI Depot Dibrugarh,53.67,LAKHIMPUR Toll Plaza,143.83
Unnamed Village,CHARAIDEO,704.0,13610046540,village,315A,11.34,Belghoria Expressway,837.85,BORHAT,5.22,Khongsang,305.21,Kolkata Port (Syama Prasad Mookerjee Port) incl. Haldia Dock Complex,850.34,ICD Amingaon,367.85,Darranga ICP,317.97,Lokpriya Gopinath Bordoloi International Airport (GAU),379.13,MMLP Silchar,350.58,Bogibeel Terminal,43.66,FCI Depot Dibrugarh,53.62,LAKHIMPUR Toll Plaza,141.86
Borsala,SONITPUR,306.0,13983718845,village,15,11.44,Belghoria Expressway,582.42,Mairabari,15.93,Baihata,73.26,Kolkata Port (Syama Prasad Mookerjee Port) incl. Haldia Dock Complex,595.54,ICD Amingaon,81.92,Darranga ICP,27.77,Lokpriya Gopinath Bordoloi International Airport (GAU),94.13,MMLP Jogighopa,180.97,Tezpur Terminal,41.3,FCI Depot Guwahati,79.68,NAGAON Toll Plaza,40.89
