state,district,district_code,pop_2011,is_island,primary_port,primary_port_probability,primary_port_drive_hours,secondary_port,secondary_port_probability,secondary_port_drive_hours,hinterland_category,contestability_index
Andaman and Nicobar Islands,NICOBARS,638.0,35779,False,Paradip Port,19.8,87.64,Deendayal Port (Kandla),13.4,105.87,Highly Contested / Split Hinterland,0.936
Andaman and Nicobar Islands,NORTH AND MIDDLE ANDAMAN,639.0,105930,False,Paradip Port,20.7,69.9,Deendayal Port (Kandla),13.0,88.13,Highly Contested / Split Hinterland,0.924
Andaman and Nicobar Islands,SOUTH ANDAMANS,640.0,238872,False,Paradip Port,20.3,77.48,Deendayal Port (Kandla),13.2,95.7,Highly Contested / Split Hinterland,0.93
Andhra Pradesh,Alluri Sitarama Raju,684.0,3661007,False,Visakhapatnam Port,59.8,3.68,Paradip Port,11.2,13.69,Dominant / Mildly Contested,0.515
Andhra Pradesh,Anakapalli,685.0,1552458,False,Visakhapatnam Port,88.7,1.26,Paradip Port,3.6,11.9,Captive Hinterland,0.149
Andhra Pradesh,Ananthapuramu,553.0,2233808,False,Chennai Port,20.5,6.29,Kamarajar Port (Ennore),17.9,6.4,Highly Contested / Split Hinterland,0.974
Andhra Pradesh,Annamayya,693.0,1458898,False,Chennai Port,30.4,4.17,Kamarajar Port (Ennore),26.1,4.29,Highly Contested / Split Hinterland,0.956
Andhra Pradesh,Bapatla,691.0,1792828,False,Visakhapatnam Port,35.9,7.17,Paradip Port,13.1,17.81,Highly Contested / Split Hinterland,0.773
Andhra Pradesh,Chittoor,554.0,1900506,False,Chennai Port,36.5,3.08,Kamarajar Port (Ennore),30.7,3.2,Highly Contested / Split Hinterland,0.943
Andhra Pradesh,Dr. B.R. Ambedkar Konaseema,687.0,1172319,False,Visakhapatnam Port,52.6,4.15,Paradip Port,10.6,14.79,Dominant / Mildly Contested,0.58
Andhra Pradesh,East Godavari,545.0,1694071,False,Visakhapatnam Port,61.6,3.18,Paradip Port,9.0,13.82,Dominant / Mildly Contested,0.474
Andhra Pradesh,Eluru,688.0,2533959,False,Visakhapatnam Port,50.0,4.54,Paradip Port,11.2,15.18,Dominant / Mildly Contested,0.612
Andhra Pradesh,Guntur,548.0,1074025,False,Visakhapatnam Port,32.9,5.99,Chennai Port,13.9,8.22,Highly Contested / Split Hinterland,0.811
Andhra Pradesh,Kakinada,686.0,1514240,False,Visakhapatnam Port,45.6,5.28,Paradip Port,12.1,15.92,Highly Contested / Split Hinterland,0.666
Andhra Pradesh,Krishna,547.0,2035649,False,Visakhapatnam Port,38.5,6.2,Paradip Port,12.2,16.84,Highly Contested / Split Hinterland,0.737
Andhra Pradesh,Kurnool,552.0,1866517,False,Chennai Port,15.3,8.94,Jawaharlal Nehru Port (JNPT),14.4,11.76,Highly Contested / Split Hinterland,0.99
Andhra Pradesh,NTR,689.0,1763847,False,Visakhapatnam Port,30.2,7.33,Paradip Port,12.1,17.27,Highly Contested / Split Hinterland,0.818
Andhra Pradesh,Nandyal,694.0,2286334,False,Chennai Port,23.5,5.72,Kamarajar Port (Ennore),20.4,5.84,Highly Contested / Split Hinterland,0.969
Andhra Pradesh,Palnadu,690.0,3153668,False,Visakhapatnam Port,26.1,7.89,Chennai Port,15.3,8.88,Highly Contested / Split Hinterland,0.893
Andhra Pradesh,Parvathipuram Manyam,683.0,965360,False,Visakhapatnam Port,67.4,3.06,Paradip Port,10.9,12.5,Dominant / Mildly Contested,0.435
Andhra Pradesh,Prakasam,549.0,2822529,False,Chennai Port,22.6,5.86,Kamarajar Port (Ennore),19.6,5.98,Highly Contested / Split Hinterland,0.97
Andhra Pradesh,Sri Potti Sriramulu Nellore,550.0,2529991,False,Chennai Port,29.1,4.69,Kamarajar Port (Ennore),25.0,4.81,Highly Contested / Split Hinterland,0.96
Andhra Pradesh,Sri Sathya Sai,695.0,1967670,False,Chennai Port,23.1,5.65,Kamarajar Port (Ennore),20.1,5.76,Highly Contested / Split Hinterland,0.97
Andhra Pradesh,Srikakulam,542.0,1942334,False,Visakhapatnam Port,64.4,2.81,Paradip Port,15.3,9.06,Dominant / Mildly Contested,0.51
Andhra Pradesh,Tirupati,692.0,1818614,False,Chennai Port,45.6,2.0,Kamarajar Port (Ennore),37.2,2.12,Highly Contested / Split Hinterland,0.916
Andhra Pradesh,Visakhapatnam,544.0,466714,False,Visakhapatnam Port,94.4,0.77,Paradip Port,1.9,10.94,Captive Hinterland,0.075
Andhra Pradesh,Vizianagaram,543.0,2092958,False,Visakhapatnam Port,81.3,1.81,Paradip Port,6.6,11.25,Captive Hinterland,0.253
Andhra Pradesh,West Godavari,546.0,1146158,False,Visakhapatnam Port,46.6,4.95,Paradip Port,11.5,15.59,Highly Contested / Split Hinterland,0.65
Andhra Pradesh,Y.S.R.,551.0,1954000,False,Chennai Port,29.1,4.46,Kamarajar Port (Ennore),25.0,4.58,Highly Contested / Split Hinterland,0.959
Arunachal Pradesh,ANJAW,260.0,18748,False,Paradip Port,23.9,36.46,Syama Prasad Mookerjee Port (Kolkata/Haldia),17.3,29.51,Highly Contested / Split Hinterland,0.934
Arunachal Pradesh,BICHOM,788.0,26947,False,Paradip Port,23.6,38.31,Syama Prasad Mookerjee Port (Kolkata/Haldia),16.8,31.37,Highly Contested / Split Hinterland,0.932
Arunachal Pradesh,CHANGLANG,253.0,144249,False,Paradip Port,24.2,34.36,Syama Prasad Mookerjee Port (Kolkata/Haldia),17.9,27.42,Highly Contested / Split Hinterland,0.937
Arunachal Pradesh,DIBANG VALLEY,257.0,7871,False,Paradip Port,23.7,37.52,Syama Prasad Mookerjee Port (Kolkata/Haldia),17.0,30.57,Highly Contested / Split Hinterland,0.933
Arunachal Pradesh,EAST KAMENG,247.0,44539,False,Paradip Port,23.7,37.57,Syama Prasad Mookerjee Port (Kolkata/Haldia),17.0,30.62,Highly Contested / Split Hinterland,0.933
Arunachal Pradesh,EAST SIANG,251.0,41837,False,Paradip Port,24.2,34.16,Syama Prasad Mookerjee Port (Kolkata/Haldia),18.0,27.22,Highly Contested / Split Hinterland,0.938
Arunachal Pradesh,KAMLE,733.0,51100,False,Paradip Port,23.8,36.82,Syama Prasad Mookerjee Port (Kolkata/Haldia),17.2,29.88,Highly Contested / Split Hinterland,0.934
Arunachal Pradesh,KEYI PANYOR,789.0,42310,False,Paradip Port,24.0,35.82,Syama Prasad Mookerjee Port (Kolkata/Haldia),17.5,28.87,Highly Contested / Split Hinterland,0.935
Arunachal Pradesh,KRA DAADI,721.0,31538,False,Paradip Port,23.8,37.18,Syama Prasad Mookerjee Port (Kolkata/Haldia),17.1,30.24,Highly Contested / Split Hinterland,0.933
Arunachal Pradesh,KURUNG KUMEY,256.0,62189,False,Paradip Port,23.6,38.11,Syama Prasad Mookerjee Port (Kolkata/Haldia),16.8,31.17,Highly Contested / Split Hinterland,0.932
Arunachal Pradesh,LEPA RADA,729.0,10341,False,Paradip Port,23.9,36.25,Syama Prasad Mookerjee Port (Kolkata/Haldia),17.3,29.31,Highly Contested / Split Hinterland,0.934
Arunachal Pradesh,LOHIT,259.0,93174,False,Paradip Port,24.0,35.44,Syama Prasad Mookerjee Port (Kolkata/Haldia),17.6,28.5,Highly Contested / Split Hinterland,0.936
Arunachal Pradesh,LONGDING,680.0,48699,False,Paradip Port,24.5,32.77,Syama Prasad Mookerjee Port (Kolkata/Haldia),18.5,25.83,Highly Contested / Split Hinterland,0.941
Arunachal Pradesh,LOWER DIBANG VALLEY,258.0,31748,False,Paradip Port,24.2,34.67,Syama Prasad Mookerjee Port (Kolkata/Haldia),17.8,27.73,Highly Contested / Split Hinterland,0.937
Arunachal Pradesh,LOWER SIANG,723.0,30643,False,Paradip Port,23.8,36.91,Syama Prasad Mookerjee Port (Kolkata/Haldia),17.2,29.97,Highly Contested / Split Hinterland,0.934
Arunachal Pradesh,LOWER SUBANSIRI,255.0,8729,False,Paradip Port,23.9,36.0,Syama Prasad Mookerjee Port (Kolkata/Haldia),17.4,29.06,Highly Contested / Split Hinterland,0.935
Arunachal Pradesh,NAMSAI,724.0,47658,False,Paradip Port,24.2,34.3,Syama Prasad Mookerjee Port (Kolkata/Haldia),18.0,27.35,Highly Contested / Split Hinterland,0.938
Arunachal Pradesh,PAKKE KESSANG,726.0,23662,False,Paradip Port,23.9,36.3,Syama Prasad Mookerjee Port (Kolkata/Haldia),17.3,29.36,Highly Contested / Split Hinterland,0.934
Arunachal Pradesh,PAPUMPARE,248.0,144822,False,Paradip Port,24.0,35.44,Syama Prasad Mookerjee Port (Kolkata/Haldia),17.6,28.5,Highly Contested / Split Hinterland,0.936
Arunachal Pradesh,SHI YOMI,730.0,35999,False,Paradip Port,23.4,39.59,Syama Prasad Mookerjee Port (Kolkata/Haldia),16.5,32.64,Highly Contested / Split Hinterland,0.93
Arunachal Pradesh,SIANG,722.0,150926,False,Paradip Port,23.9,35.97,Syama Prasad Mookerjee Port (Kolkata/Haldia),17.4,29.02,Highly Contested / Split Hinterland,0.935
Arunachal Pradesh,TAWANG,245.0,48527,False,Paradip Port,25.4,27.86,Syama Prasad Mookerjee Port (Kolkata/Haldia),20.8,20.92,Highly Contested / Split Hinterland,0.954
Arunachal Pradesh,TIRAP,254.0,54464,False,Paradip Port,24.3,33.51,Syama Prasad Mookerjee Port (Kolkata/Haldia),18.2,26.57,Highly Contested / Split Hinterland,0.939
Arunachal Pradesh,UPPER SIANG,252.0,32360,False,Paradip Port,23.9,36.59,Syama Prasad Mookerjee Port (Kolkata/Haldia),17.2,29.65,Highly Contested / Split Hinterland,0.934
Arunachal Pradesh,UPPER SUBANSIRI,249.0,73724,False,Paradip Port,23.6,38.04,Syama Prasad Mookerjee Port (Kolkata/Haldia),16.8,31.1,Highly Contested / Split Hinterland,0.932
Arunachal Pradesh,WEST KAMENG,246.0,58931,False,Paradip Port,25.5,26.88,Syama Prasad Mookerjee Port (Kolkata/Haldia),21.4,19.93,Highly Contested / Split Hinterland,0.958
Arunachal Pradesh,WEST SIANG,250.0,17992,False,Paradip Port,24.0,35.37,Syama Prasad Mookerjee Port (Kolkata/Haldia),17.6,28.43,Highly Contested / Split Hinterland,0.936
Assam,BAJALI,771.0,347190,False,Syama Prasad Mookerjee Port (Kolkata/Haldia),27.0,13.5,Paradip Port,26.6,20.44,Highly Contested / Split Hinterland,0.996
Assam,BAKSA,324.0,644490,False,Paradip Port,26.6,21.02,Syama Prasad Mookerjee Port (Kolkata/Haldia),26.3,14.07,Highly Contested / Split Hinterland,0.998
Assam,BARPETA,303.0,1249015,False,Paradip Port,26.3,22.72,Syama Prasad Mookerjee Port (Kolkata/Haldia),24.5,15.78,Highly Contested / Split Hinterland,0.982
Assam,BISWANATH,734.0,802369,False,Paradip Port,24.0,35.61,Syama Prasad Mookerjee Port (Kolkata/Haldia),17.6,28.66,Highly Contested / Split Hinterland,0.936
Assam,BONGAIGAON,319.0,732606,False,Syama Prasad Mookerjee Port (Kolkata/Haldia),28.5,12.37,Paradip Port,26.7,19.32,Highly Contested / Split Hinterland,0.982
Assam,CACHAR,316.0,1692478,False,Paradip Port,25.4,27.44,Syama Prasad Mookerjee Port (Kolkata/Haldia),21.0,20.5,Highly Contested / Split Hinterland,0.956
Assam,CHARAIDEO,704.0,430435,False,Paradip Port,24.6,31.88,Syama Prasad Mookerjee Port (Kolkata/Haldia),18.9,24.94,Highly Contested / Split Hinterland,0.942
Assam,CHIRANG,320.0,484461,False,Syama Prasad Mookerjee Port (Kolkata/Haldia),27.7,12.94,Paradip Port,26.7,19.88,Highly Contested / Split Hinterland,0.99
Assam,DARANG,325.0,879320,False,Paradip Port,25.7,25.79,Syama Prasad Mookerjee Port (Kolkata/Haldia),22.1,18.85,Highly Contested / Split Hinterland,0.963
Assam,DHEMAJI,308.0,628833,False,Paradip Port,24.5,32.59,Syama Prasad Mookerjee Port (Kolkata/Haldia),18.6,25.65,Highly Contested / Split Hinterland,0.941
Assam,DHUBRI,301.0,1536110,False,Syama Prasad Mookerjee Port (Kolkata/Haldia),30.6,11.08,Paradip Port,26.8,18.02,Highly Contested / Split Hinterland,0.962
Assam,DIBRUGARH,310.0,1284755,False,Paradip Port,24.5,32.62,Syama Prasad Mookerjee Port (Kolkata/Haldia),18.6,25.68,Highly Contested / Split Hinterland,0.941
Assam,DIMA HASAO,315.0,208267,False,Paradip Port,25.6,26.79,Syama Prasad Mookerjee Port (Kolkata/Haldia),21.4,19.85,Highly Contested / Split Hinterland,0.959
Assam,GOALPARA,302.0,929871,False,Syama Prasad Mookerjee Port (Kolkata/Haldia),27.8,12.92,Paradip Port,26.7,19.86,Highly Contested / Split Hinterland,0.99
Assam,GOLAGHAT,313.0,989342,False,Paradip Port,25.7,26.13,Syama Prasad Mookerjee Port (Kolkata/Haldia),21.8,19.19,Highly Contested / Split Hinterland,0.962
Assam,HAILAKANDI,318.0,638555,False,Paradip Port,25.6,26.36,Syama Prasad Mookerjee Port (Kolkata/Haldia),21.7,19.41,Highly Contested / Split Hinterland,0.961
Assam,HOJAI,720.0,1004841,False,Paradip Port,26.1,24.07,Syama Prasad Mookerjee Port (Kolkata/Haldia),23.4,17.13,Highly Contested / Split Hinterland,0.973
Assam,JORHAT,312.0,661885,False,Paradip Port,25.7,26.14,Syama Prasad Mookerjee Port (Kolkata/Haldia),21.8,19.19,Highly Contested / Split Hinterland,0.962
Assam,KAMRUP METRO,322.0,938849,False,Paradip Port,26.4,21.99,Syama Prasad Mookerjee Port (Kolkata/Haldia),25.2,15.05,Highly Contested / Split Hinterland,0.988
Assam,KAMRUP RURAL,321.0,1739069,False,Paradip Port,26.5,21.29,Syama Prasad Mookerjee Port (Kolkata/Haldia),26.0,14.35,Highly Contested / Split Hinterland,0.995
Assam,KARBI ANGLONG,314.0,655159,False,Paradip Port,25.9,25.04,Syama Prasad Mookerjee Port (Kolkata/Haldia),22.6,18.1,Highly Contested / Split Hinterland,0.967
Assam,KOKRAJHAR,300.0,891372,False,Syama Prasad Mookerjee Port (Kolkata/Haldia),30.5,11.1,Paradip Port,26.8,18.04,Highly Contested / Split Hinterland,0.963
Assam,LAKHIMPUR,307.0,1020821,False,Paradip Port,24.2,34.18,Syama Prasad Mookerjee Port (Kolkata/Haldia),18.0,27.24,Highly Contested / Split Hinterland,0.938
Assam,MAJULI,707.0,442902,False,Paradip Port,24.7,31.58,Syama Prasad Mookerjee Port (Kolkata/Haldia),19.0,24.63,Highly Contested / Split Hinterland,0.943
Assam,MARIGAON,304.0,884980,False,Paradip Port,26.2,23.15,Syama Prasad Mookerjee Port (Kolkata/Haldia),24.1,16.21,Highly Contested / Split Hinterland,0.979
Assam,NAGAON,305.0,1745268,False,Paradip Port,26.2,23.38,Syama Prasad Mookerjee Port (Kolkata/Haldia),23.9,16.44,Highly Contested / Split Hinterland,0.977
Assam,NALBARI,323.0,757493,False,Paradip Port,26.4,22.28,Syama Prasad Mookerjee Port (Kolkata/Haldia),25.0,15.34,Highly Contested / Split Hinterland,0.986
Assam,SIBSAGAR,311.0,688055,False,Paradip Port,24.8,31.11,Syama Prasad Mookerjee Port (Kolkata/Haldia),19.2,24.17,Highly Contested / Split Hinterland,0.944
Assam,SONITPUR,306.0,1098720,False,Paradip Port,26.0,24.63,Syama Prasad Mookerjee Port (Kolkata/Haldia),22.9,17.69,Highly Contested / Split Hinterland,0.969
Assam,SOUTH SALMARA,664.0,255118,False,Paradip Port,26.3,22.84,Syama Prasad Mookerjee Port (Kolkata/Haldia),24.4,15.89,Highly Contested / Split Hinterland,0.982
Assam,SRIBHUMI,317.0,1163257,False,Paradip Port,25.6,26.43,Syama Prasad Mookerjee Port (Kolkata/Haldia),21.7,19.48,Highly Contested / Split Hinterland,0.96
Assam,TAMULPUR,766.0,1388011,False,Paradip Port,26.5,21.55,Syama Prasad Mookerjee Port (Kolkata/Haldia),25.7,14.6,Highly Contested / Split Hinterland,0.992
Assam,TINSUKIA,309.0,1301542,False,Paradip Port,24.4,33.36,Syama Prasad Mookerjee Port (Kolkata/Haldia),18.3,26.41,Highly Contested / Split Hinterland,0.939
Assam,UDALGURI,326.0,817787,False,Paradip Port,25.8,25.45,Syama Prasad Mookerjee Port (Kolkata/Haldia),22.3,18.51,Highly Contested / Split Hinterland,0.965
Assam,WEST KARBI ANAGLONG,752.0,272347,False,Paradip Port,25.1,29.28,Syama Prasad Mookerjee Port (Kolkata/Haldia),20.0,22.33,Highly Contested / Split Hinterland,0.95
Bihar,Araria,209.0,2806898,False,Syama Prasad Mookerjee Port (Kolkata/Haldia),38.4,7.61,Paradip Port,25.8,14.55,Highly Contested / Split Hinterland,0.874
Bihar,Arwal,240.0,661150,False,Paradip Port,35.2,11.71,Syama Prasad Mookerjee Port (Kolkata/Haldia),22.3,10.27,Highly Contested / Split Hinterland,0.872
Bihar,Aurangabad,235.0,2564825,False,Paradip Port,36.2,10.8,Syama Prasad Mookerjee Port (Kolkata/Haldia),23.4,9.36,Highly Contested / Split Hinterland,0.872
Bihar,Banka,225.0,2045923,False,Syama Prasad Mookerjee Port (Kolkata/Haldia),39.1,7.4,Paradip Port,25.7,14.34,Highly Contested / Split Hinterland,0.866
Bihar,Begusarai,222.0,2955569,False,Syama Prasad Mookerjee Port (Kolkata/Haldia),33.1,8.51,Paradip Port,27.4,14.33,Highly Contested / Split Hinterland,0.943
Bihar,Bhagalpur,224.0,3063373,False,Syama Prasad Mookerjee Port (Kolkata/Haldia),43.1,6.37,Paradip Port,25.0,13.31,Highly Contested / Split Hinterland,0.819
Bihar,Bhojpur,231.0,2748353,False,Paradip Port,34.1,12.23,Syama Prasad Mookerjee Port (Kolkata/Haldia),21.4,10.79,Highly Contested / Split Hinterland,0.873
Bihar,Buxar,232.0,1713560,False,Paradip Port,33.7,12.23,Syama Prasad Mookerjee Port (Kolkata/Haldia),21.2,10.79,Highly Contested / Split Hinterland,0.875
Bihar,Darbhanga,215.0,4100963,False,Syama Prasad Mookerjee Port (Kolkata/Haldia),29.4,10.52,Paradip Port,24.9,17.46,Highly Contested / Split Hinterland,0.955
Bihar,Gaya,236.0,4422156,False,Paradip Port,37.6,10.14,Syama Prasad Mookerjee Port (Kolkata/Haldia),24.8,8.7,Highly Contested / Split Hinterland,0.871
Bihar,Gopalganj,217.0,2573785,False,Paradip Port,31.1,15.05,Syama Prasad Mookerjee Port (Kolkata/Haldia),18.7,13.61,Highly Contested / Split Hinterland,0.877
Bihar,Jamui,238.0,1765337,False,Syama Prasad Mookerjee Port (Kolkata/Haldia),30.5,9.38,Paradip Port,28.2,14.78,Highly Contested / Split Hinterland,0.977
Bihar,Jehanabad,239.0,1156211,False,Paradip Port,31.8,14.32,Syama Prasad Mookerjee Port (Kolkata/Haldia),22.6,11.74,Highly Contested / Split Hinterland,0.907
Bihar,Kaimur (Bhabua),233.0,1632430,False,Paradip Port,32.8,12.39,Syama Prasad Mookerjee Port (Kolkata/Haldia),20.6,10.95,Highly Contested / Split Hinterland,0.877
Bihar,Katihar,212.0,3076670,False,Syama Prasad Mookerjee Port (Kolkata/Haldia),42.9,6.44,Paradip Port,25.1,13.38,Highly Contested / Split Hinterland,0.822
Bihar,Khagaria,223.0,1677533,False,Syama Prasad Mookerjee Port (Kolkata/Haldia),33.7,9.37,Paradip Port,26.4,16.31,Highly Contested / Split Hinterland,0.927
Bihar,Kishanganj,210.0,1692838,False,Syama Prasad Mookerjee Port (Kolkata/Haldia),37.1,8.06,Paradip Port,26.1,15.0,Highly Contested / Split Hinterland,0.889
Bihar,Lakhisarai,227.0,961204,False,Syama Prasad Mookerjee Port (Kolkata/Haldia),37.4,7.95,Paradip Port,25.9,14.9,Highly Contested / Split Hinterland,0.886
Bihar,Madhepura,213.0,2004898,False,Syama Prasad Mookerjee Port (Kolkata/Haldia),36.4,8.31,Paradip Port,26.1,15.25,Highly Contested / Split Hinterland,0.898
Bihar,Madhubani,207.0,4584705,False,Syama Prasad Mookerjee Port (Kolkata/Haldia),32.0,9.51,Paradip Port,25.3,16.45,Highly Contested / Split Hinterland,0.934
Bihar,Munger,226.0,1374222,False,Syama Prasad Mookerjee Port (Kolkata/Haldia),39.3,7.32,Paradip Port,25.6,14.26,Highly Contested / Split Hinterland,0.863
Bihar,Muzaffarpur,216.0,4827227,False,Syama Prasad Mookerjee Port (Kolkata/Haldia),27.9,10.68,Paradip Port,25.0,17.16,Highly Contested / Split Hinterland,0.971
Bihar,Nalanda,229.0,2907051,False,Paradip Port,32.4,13.44,Syama Prasad Mookerjee Port (Kolkata/Haldia),23.5,10.86,Highly Contested / Split Hinterland,0.911
Bihar,Nawada,237.0,2210826,False,Paradip Port,32.1,13.97,Syama Prasad Mookerjee Port (Kolkata/Haldia),22.8,11.45,Highly Contested / Split Hinterland,0.907
Bihar,Pashchim Champaran,203.0,3980888,False,Paradip Port,27.3,16.74,Syama Prasad Mookerjee Port (Kolkata/Haldia),21.2,12.98,Highly Contested / Split Hinterland,0.939
Bihar,Patna,230.0,5784679,False,Paradip Port,32.7,12.79,Syama Prasad Mookerjee Port (Kolkata/Haldia),24.7,10.09,Highly Contested / Split Hinterland,0.92
Bihar,Purba Champaran,204.0,5146506,False,Paradip Port,27.0,16.47,Syama Prasad Mookerjee Port (Kolkata/Haldia),24.1,11.76,Highly Contested / Split Hinterland,0.971
Bihar,Purnia,211.0,3251889,False,Syama Prasad Mookerjee Port (Kolkata/Haldia),40.3,7.09,Paradip Port,25.5,14.04,Highly Contested / Split Hinterland,0.853
Bihar,Rohtas,234.0,2984513,False,Paradip Port,34.8,11.29,Syama Prasad Mookerjee Port (Kolkata/Haldia),22.3,9.86,Highly Contested / Split Hinterland,0.874
Bihar,Saharsa,214.0,1883790,False,Syama Prasad Mookerjee Port (Kolkata/Haldia),36.2,8.37,Paradip Port,26.2,15.31,Highly Contested / Split Hinterland,0.9
Bihar,Samastipur,221.0,3912435,False,Syama Prasad Mookerjee Port (Kolkata/Haldia),30.8,9.07,Paradip Port,28.5,14.28,Highly Contested / Split Hinterland,0.977
Bihar,Saran,219.0,3958308,False,Paradip Port,31.3,14.09,Syama Prasad Mookerjee Port (Kolkata/Haldia),24.4,10.93,Highly Contested / Split Hinterland,0.93
Bihar,Sheikhpura,228.0,662779,False,Paradip Port,31.1,13.92,Syama Prasad Mookerjee Port (Kolkata/Haldia),25.3,10.5,Highly Contested / Split Hinterland,0.942
Bihar,Sheohar,205.0,683510,False,Syama Prasad Mookerjee Port (Kolkata/Haldia),28.5,11.32,Paradip Port,25.3,18.27,Highly Contested / Split Hinterland,0.968
Bihar,Sitamarhi,206.0,3260983,False,Syama Prasad Mookerjee Port (Kolkata/Haldia),26.9,11.47,Paradip Port,24.7,18.11,Highly Contested / Split Hinterland,0.979
Bihar,Siwan,218.0,3346257,False,Paradip Port,31.4,14.61,Syama Prasad Mookerjee Port (Kolkata/Haldia),19.0,13.17,Highly Contested / Split Hinterland,0.877
Bihar,Supaul,208.0,2205224,False,Syama Prasad Mookerjee Port (Kolkata/Haldia),35.6,8.56,Paradip Port,26.1,15.5,Highly Contested / Split Hinterland,0.906
Bihar,Vaishali,220.0,3509985,False,Syama Prasad Mookerjee Port (Kolkata/Haldia),27.9,11.4,Paradip Port,24.9,18.34,Highly Contested / Split Hinterland,0.97
Chandigarh,CHANDIGARH,55.0,1055450,False,Deendayal Port (Kandla),34.4,15.48,Paradip Port,13.7,28.41,Highly Contested / Split Hinterland,0.793
Chhattisgarh,BALOD,645.0,1319276,False,Paradip Port,26.4,12.28,Visakhapatnam Port,15.4,12.59,Highly Contested / Split Hinterland,0.89
Chhattisgarh,BALODA BAZAR,646.0,1299581,False,Paradip Port,29.3,11.97,Visakhapatnam Port,17.1,12.29,Highly Contested / Split Hinterland,0.877
Chhattisgarh,BALRAMPUR,642.0,949237,False,Paradip Port,36.9,11.27,Syama Prasad Mookerjee Port (Kolkata/Haldia),23.6,9.83,Highly Contested / Split Hinterland,0.867
Chhattisgarh,BASTAR,414.0,717379,False,Visakhapatnam Port,43.0,5.45,Paradip Port,20.7,11.46,Highly Contested / Split Hinterland,0.777
Chhattisgarh,BEMETARA,644.0,1112540,False,Paradip Port,30.7,10.97,Visakhapatnam Port,17.0,11.63,Highly Contested / Split Hinterland,0.862
Chhattisgarh,BIJAPUR,417.0,252415,False,Visakhapatnam Port,36.3,7.15,Paradip Port,21.8,13.16,Highly Contested / Split Hinterland,0.855
Chhattisgarh,BILASPUR,406.0,1140557,False,Paradip Port,34.9,9.86,Visakhapatnam Port,15.0,12.16,Highly Contested / Split Hinterland,0.801
Chhattisgarh,DAKSHIN BASTAR DANTEWARA,416.0,168700,False,Visakhapatnam Port,38.6,6.49,Paradip Port,21.5,12.5,Highly Contested / Split Hinterland,0.829
Chhattisgarh,DHAMTARI,412.0,803752,False,Paradip Port,27.7,12.35,Visakhapatnam Port,16.1,12.67,Highly Contested / Split Hinterland,0.885
Chhattisgarh,DURG,409.0,899331,False,Paradip Port,30.4,10.3,Visakhapatnam Port,17.6,10.61,Highly Contested / Split Hinterland,0.872
Chhattisgarh,GARIYABAND,647.0,1591045,False,Paradip Port,28.9,12.18,Visakhapatnam Port,16.9,12.49,Highly Contested / Split Hinterland,0.879
Chhattisgarh,GAURELA-PENDRA-MARWAHI,669.0,639668,False,Paradip Port,23.9,16.72,Visakhapatnam Port,13.6,17.39,Highly Contested / Split Hinterland,0.897
Chhattisgarh,JANJGIR - CHAMPA,405.0,930498,False,Paradip Port,39.5,8.73,Syama Prasad Mookerjee Port (Kolkata/Haldia),15.1,10.4,Highly Contested / Split Hinterland,0.757
Chhattisgarh,JASHPUR,402.0,854099,False,Paradip Port,31.1,13.26,Visakhapatnam Port,14.5,15.56,Highly Contested / Split Hinterland,0.835
Chhattisgarh,KAWARDHA (KABIRDHAM),407.0,821339,False,Paradip Port,29.9,11.54,Visakhapatnam Port,16.6,12.21,Highly Contested / Split Hinterland,0.867
Chhattisgarh,KHAIRGARH-CHHUIKHADAN-GANDAI,755.0,444624,False,Paradip Port,28.5,11.82,Visakhapatnam Port,16.6,12.13,Highly Contested / Split Hinterland,0.881
Chhattisgarh,KONDAGAON,648.0,697653,False,Visakhapatnam Port,39.9,6.26,Paradip Port,21.6,12.27,Highly Contested / Split Hinterland,0.817
Chhattisgarh,KORBA,404.0,1211399,False,Paradip Port,33.4,11.04,Visakhapatnam Port,14.9,13.34,Highly Contested / Split Hinterland,0.815
Chhattisgarh,KOREA,400.0,247263,False,Paradip Port,34.9,13.38,Syama Prasad Mookerjee Port (Kolkata/Haldia),21.5,11.94,Highly Contested / Split Hinterland,0.866
Chhattisgarh,MAHASAMUND,411.0,1030211,False,Paradip Port,37.0,8.73,Visakhapatnam Port,16.9,10.4,Highly Contested / Split Hinterland,0.798
Chhattisgarh,MANENDRAGARH-CHIRMIRI-BHARATPUR,758.0,412863,False,Paradip Port,34.4,14.04,Syama Prasad Mookerjee Port (Kolkata/Haldia),21.0,12.61,Highly Contested / Split Hinterland,0.866
Chhattisgarh,MOHLA-MANPUR-AMBAGARH CHOWKI,756.0,468694,False,Paradip Port,24.6,13.08,Visakhapatnam Port,14.4,13.4,Highly Contested / Split Hinterland,0.898
Chhattisgarh,MUNGELI,643.0,885696,False,Paradip Port,33.5,10.98,Visakhapatnam Port,14.9,13.28,Highly Contested / Split Hinterland,0.814
Chhattisgarh,NARAYANPUR,415.0,144234,False,Paradip Port,18.5,18.03,Jawaharlal Nehru Port (JNPT),14.5,15.93,Highly Contested / Split Hinterland,0.96
Chhattisgarh,RAIGARH,403.0,1172143,False,Paradip Port,31.5,12.77,Visakhapatnam Port,14.6,15.07,Highly Contested / Split Hinterland,0.831
Chhattisgarh,RAIPUR,410.0,953024,False,Paradip Port,32.3,9.78,Visakhapatnam Port,18.6,10.09,Highly Contested / Split Hinterland,0.864
Chhattisgarh,RAJNANDGAON,408.0,626305,False,Paradip Port,27.3,11.32,Visakhapatnam Port,15.9,11.63,Highly Contested / Split Hinterland,0.886
Chhattisgarh,SAKTI,759.0,688072,False,Paradip Port,41.7,8.49,Syama Prasad Mookerjee Port (Kolkata/Haldia),15.8,10.16,Highly Contested / Split Hinterland,0.742
Chhattisgarh,SARANGARH-BILAIGARH,757.0,544096,False,Paradip Port,41.6,8.09,Syama Prasad Mookerjee Port (Kolkata/Haldia),15.6,9.76,Highly Contested / Split Hinterland,0.74
Chhattisgarh,SUKMA,649.0,328191,False,Visakhapatnam Port,32.6,7.3,Paradip Port,19.9,13.31,Highly Contested / Split Hinterland,0.873
Chhattisgarh,SURAJPUR,641.0,816860,False,Paradip Port,35.2,13.01,Syama Prasad Mookerjee Port (Kolkata/Haldia),21.8,11.57,Highly Contested / Split Hinterland,0.866
Chhattisgarh,SURGUJA,401.0,604019,False,Paradip Port,35.5,12.67,Syama Prasad Mookerjee Port (Kolkata/Haldia),22.2,11.23,Highly Contested / Split Hinterland,0.866
Chhattisgarh,UTTAR BASTAR KANKER,413.0,770434,False,Paradip Port,23.8,14.01,Visakhapatnam Port,14.0,14.32,Highly Contested / Split Hinterland,0.902
Dadra and Nagar Haveli and Daman and Diu,DADRA AND NAGAR HAVELI,496.0,343164,False,Mumbai Port,44.6,2.79,Jawaharlal Nehru Port (JNPT),37.0,3.61,Highly Contested / Split Hinterland,0.924
Dadra and Nagar Haveli and Daman and Diu,DAMAN,495.0,185686,False,Mumbai Port,43.5,2.93,Jawaharlal Nehru Port (JNPT),36.7,3.75,Highly Contested / Split Hinterland,0.932
Dadra and Nagar Haveli and Daman and Diu,DIU,494.0,49354,False,Deendayal Port (Kandla),56.0,6.64,Jawaharlal Nehru Port (JNPT),13.1,12.79,Dominant / Mildly Contested,0.572
Delhi,CENTRAL,95.0,799575,False,Deendayal Port (Kandla),27.3,17.1,Paradip Port,16.1,24.71,Highly Contested / Split Hinterland,0.888
Delhi,EAST,93.0,1114056,False,Deendayal Port (Kandla),27.2,17.26,Paradip Port,16.1,24.88,Highly Contested / Split Hinterland,0.889
Delhi,NAZUL,,0,False,Deendayal Port (Kandla),27.3,17.12,Paradip Port,16.1,24.75,Highly Contested / Split Hinterland,0.888
Delhi,NEW DELHI,94.0,194984,False,Deendayal Port (Kandla),31.5,15.9,Paradip Port,13.0,28.59,Highly Contested / Split Hinterland,0.814
Delhi,NORTH,91.0,1219269,False,Deendayal Port (Kandla),30.8,17.81,Paradip Port,13.5,30.77,Highly Contested / Split Hinterland,0.827
Delhi,NORTH EAST,92.0,1005683,False,Deendayal Port (Kandla),27.4,17.02,Paradip Port,16.0,24.72,Highly Contested / Split Hinterland,0.886
Delhi,NORTH WEST,90.0,1711505,False,Deendayal Port (Kandla),31.6,15.79,Paradip Port,12.9,28.48,Highly Contested / Split Hinterland,0.813
Delhi,SHAHDARA,676.0,2820107,False,Deendayal Port (Kandla),27.2,17.11,Paradip Port,16.1,24.66,Highly Contested / Split Hinterland,0.889
Delhi,SOUTH,98.0,1647066,False,Deendayal Port (Kandla),31.4,16.0,Paradip Port,13.0,28.69,Highly Contested / Split Hinterland,0.815
Delhi,SOUTH EAST,677.0,1417770,False,Deendayal Port (Kandla),23.3,19.06,Paradip Port,17.6,23.7,Highly Contested / Split Hinterland,0.943
Delhi,SOUTH WEST,97.0,1949768,False,Deendayal Port (Kandla),31.7,15.76,Paradip Port,12.9,28.45,Highly Contested / Split Hinterland,0.813
Delhi,WEST,96.0,2175169,False,Deendayal Port (Kandla),31.6,15.84,Paradip Port,12.9,28.53,Highly Contested / Split Hinterland,0.814
Goa,KUSHAVATI,793.0,422969,False,Mormugao Port,64.0,1.22,New Mangalore Port,13.5,4.76,Dominant / Mildly Contested,0.495
Goa,NORTH GOA,585.0,559190,False,Jawaharlal Nehru Port (JNPT),27.5,7.97,Mumbai Port,12.9,10.94,Highly Contested / Split Hinterland,0.853
Goa,SOUTH GOA,586.0,476386,False,Mormugao Port,90.1,0.46,New Mangalore Port,3.6,4.9,Captive Hinterland,0.135
Gujarat,AHMADABAD,474.0,6496453,False,Deendayal Port (Kandla),67.4,4.72,Jawaharlal Nehru Port (JNPT),9.8,12.18,Dominant / Mildly Contested,0.423
Gujarat,AMRELI,480.0,1427317,False,Deendayal Port (Kandla),64.7,4.98,Jawaharlal Nehru Port (JNPT),10.9,11.73,Dominant / Mildly Contested,0.462
Gujarat,ANAND,482.0,2100423,False,Deendayal Port (Kandla),35.3,7.72,Jawaharlal Nehru Port (JNPT),22.7,8.08,Highly Contested / Split Hinterland,0.874
Gujarat,ARVALLI,650.0,1053947,False,Deendayal Port (Kandla),45.6,6.84,Jawaharlal Nehru Port (JNPT),17.9,9.64,Highly Contested / Split Hinterland,0.723
Gujarat,BANAS KANTHA,469.0,3152346,False,Deendayal Port (Kandla),73.8,4.19,Jawaharlal Nehru Port (JNPT),7.3,13.62,Dominant / Mildly Contested,0.335
Gujarat,BHARUCH,488.0,1521670,False,Jawaharlal Nehru Port (JNPT),29.9,6.37,Mumbai Port,29.5,5.55,Highly Contested / Split Hinterland,0.997
Gujarat,BHAVNAGAR,481.0,2329324,False,Deendayal Port (Kandla),54.6,5.94,Jawaharlal Nehru Port (JNPT),14.6,10.59,Dominant / Mildly Contested,0.6
Gujarat,BOTAD,653.0,1057895,False,Deendayal Port (Kandla),66.9,4.55,Jawaharlal Nehru Port (JNPT),10.4,11.25,Dominant / Mildly Contested,0.435
Gujarat,CHHOTAUDEPUR,654.0,1941542,False,Jawaharlal Nehru Port (JNPT),30.3,7.57,Mumbai Port,29.0,6.74,Highly Contested / Split Hinterland,0.986
Gujarat,DAHOD,485.0,2190352,False,Jawaharlal Nehru Port (JNPT),24.3,10.48,Deendayal Port (Kandla),23.0,13.52,Highly Contested / Split Hinterland,0.987
Gujarat,DANGS,489.0,231744,False,Mumbai Port,32.7,5.0,Jawaharlal Nehru Port (JNPT),32.2,5.82,Highly Contested / Split Hinterland,0.996
Gujarat,DEVBHUMI DWARKA,656.0,846677,False,Deendayal Port (Kandla),76.8,4.6,Jawaharlal Nehru Port (JNPT),6.0,17.18,Captive Hinterland,0.292
Gujarat,GANDHINAGAR,473.0,1401533,False,Deendayal Port (Kandla),57.6,5.76,Jawaharlal Nehru Port (JNPT),13.1,11.29,Dominant / Mildly Contested,0.556
Gujarat,GIR SOMNATH,652.0,564694,False,Deendayal Port (Kandla),54.2,7.14,Jawaharlal Nehru Port (JNPT),13.5,13.28,Dominant / Mildly Contested,0.593
Gujarat,JAMNAGAR,477.0,1707586,False,Deendayal Port (Kandla),67.0,6.0,Jawaharlal Nehru Port (JNPT),8.8,16.4,Dominant / Mildly Contested,0.418
Gujarat,JUNAGADH,479.0,2074644,False,Deendayal Port (Kandla),54.5,7.45,Jawaharlal Nehru Port (JNPT),13.0,14.2,Dominant / Mildly Contested,0.585
Gujarat,KACHCHH,468.0,2090570,False,Deendayal Port (Kandla),88.7,2.74,Jawaharlal Nehru Port (JNPT),2.9,17.37,Captive Hinterland,0.142
Gujarat,KHEDA,483.0,1995596,False,Jawaharlal Nehru Port (JNPT),23.2,11.82,Deendayal Port (Kandla),23.0,14.85,Highly Contested / Split Hinterland,0.998
Gujarat,MAHESANA,471.0,2031996,False,Deendayal Port (Kandla),66.0,4.7,Jawaharlal Nehru Port (JNPT),10.4,11.51,Dominant / Mildly Contested,0.444
Gujarat,MAHISAGAR,655.0,750914,False,Jawaharlal Nehru Port (JNPT),23.2,11.82,Deendayal Port (Kandla),23.0,14.85,Highly Contested / Split Hinterland,0.998
Gujarat,MORBI,657.0,1475820,False,Deendayal Port (Kandla),90.4,2.1,Jawaharlal Nehru Port (JNPT),2.8,13.95,Captive Hinterland,0.124
Gujarat,NARMADA,487.0,595064,False,Jawaharlal Nehru Port (JNPT),28.7,9.04,Mumbai Port,20.7,9.53,Highly Contested / Split Hinterland,0.92
Gujarat,NAVSARI,490.0,1331457,False,Mumbai Port,39.4,3.52,Jawaharlal Nehru Port (JNPT),35.4,4.34,Highly Contested / Split Hinterland,0.96
Gujarat,PANCH MAHALS,484.0,1498314,False,Jawaharlal Nehru Port (JNPT),23.8,11.03,Deendayal Port (Kandla),23.0,14.06,Highly Contested / Split Hinterland,0.992
Gujarat,PATAN,470.0,1362004,False,Deendayal Port (Kandla),79.4,3.37,Jawaharlal Nehru Port (JNPT),6.0,12.88,Captive Hinterland,0.267
Gujarat,PORBANDAR,478.0,593588,False,Deendayal Port (Kandla),69.0,5.52,Jawaharlal Nehru Port (JNPT),8.5,15.74,Dominant / Mildly Contested,0.395
Gujarat,RAJKOT,476.0,2648396,False,Deendayal Port (Kandla),72.6,4.19,Jawaharlal Nehru Port (JNPT),8.2,12.56,Dominant / Mildly Contested,0.356
Gujarat,SABAR KANTHA,472.0,1396009,False,Deendayal Port (Kandla),55.8,5.66,Jawaharlal Nehru Port (JNPT),14.1,10.44,Dominant / Mildly Contested,0.583
Gujarat,SURAT,492.0,6108237,False,Mumbai Port,35.9,4.11,Jawaharlal Nehru Port (JNPT),33.8,4.93,Highly Contested / Split Hinterland,0.978
Gujarat,SURENDRANAGAR,475.0,1660322,False,Deendayal Port (Kandla),82.0,3.06,Jawaharlal Nehru Port (JNPT),5.4,12.8,Captive Hinterland,0.233
Gujarat,TAPI,493.0,807495,False,Mumbai Port,33.8,4.78,Jawaharlal Nehru Port (JNPT),32.9,5.61,Highly Contested / Split Hinterland,0.991
Gujarat,VADODARA,486.0,2284641,False,Jawaharlal Nehru Port (JNPT),26.9,7.02,Deendayal Port (Kandla),26.4,8.86,Highly Contested / Split Hinterland,0.996
Gujarat,VALSAD,491.0,1711120,False,Mumbai Port,43.1,3.02,Jawaharlal Nehru Port (JNPT),36.6,3.85,Highly Contested / Split Hinterland,0.935
Haryana,AMBALA,70.0,1109877,False,Deendayal Port (Kandla),32.3,16.22,Paradip Port,14.6,27.5,Highly Contested / Split Hinterland,0.823
Haryana,BHIWANI,81.0,1163029,False,Deendayal Port (Kandla),30.7,16.41,Paradip Port,13.5,28.32,Highly Contested / Split Hinterland,0.828
Haryana,CHARKI DADRI,732.0,488072,False,Deendayal Port (Kandla),31.9,15.14,Paradip Port,13.2,27.05,Highly Contested / Split Hinterland,0.814
Haryana,FARIDABAD,88.0,1678700,False,Deendayal Port (Kandla),23.4,18.76,Paradip Port,17.6,23.4,Highly Contested / Split Hinterland,0.942
Haryana,FATEHABAD,78.0,980269,False,Deendayal Port (Kandla),38.9,13.57,Paradip Port,11.9,29.25,Highly Contested / Split Hinterland,0.729
Haryana,GURUGRAM,86.0,1524153,False,Deendayal Port (Kandla),31.6,15.87,Paradip Port,12.9,28.56,Highly Contested / Split Hinterland,0.814
Haryana,HISAR,80.0,1699184,False,Deendayal Port (Kandla),35.2,14.93,Paradip Port,12.1,29.85,Highly Contested / Split Hinterland,0.77
Haryana,JHAJJAR,83.0,957466,False,Deendayal Port (Kandla),30.8,15.54,Paradip Port,14.1,26.22,Highly Contested / Split Hinterland,0.832
Haryana,JIND,77.0,1305897,False,Deendayal Port (Kandla),34.1,15.14,Paradip Port,12.8,28.75,Highly Contested / Split Hinterland,0.787
Haryana,KAITHAL,73.0,1086526,False,Deendayal Port (Kandla),35.7,14.98,Paradip Port,12.5,29.64,Highly Contested / Split Hinterland,0.768
Haryana,KARNAL,74.0,1418199,False,Deendayal Port (Kandla),32.2,16.24,Paradip Port,13.2,29.2,Highly Contested / Split Hinterland,0.811
Haryana,KURUKSHETRA,72.0,1003833,False,Deendayal Port (Kandla),33.7,15.7,Paradip Port,12.9,29.47,Highly Contested / Split Hinterland,0.792
Haryana,MAHENDRAGARH,84.0,926603,False,Deendayal Port (Kandla),31.4,15.58,Paradip Port,13.4,27.35,Highly Contested / Split Hinterland,0.82
Haryana,NUH,87.0,1154943,False,Deendayal Port (Kandla),32.4,14.99,Jawaharlal Nehru Port (JNPT),12.8,21.03,Highly Contested / Split Hinterland,0.804
Haryana,PALWAL,89.0,1085056,False,Deendayal Port (Kandla),23.6,18.3,Paradip Port,17.6,22.94,Highly Contested / Split Hinterland,0.94
Haryana,PANCHKULA,69.0,584089,False,Deendayal Port (Kandla),33.9,15.7,Paradip Port,13.8,28.36,Highly Contested / Split Hinterland,0.799
Haryana,PANIPAT,75.0,1254394,False,Deendayal Port (Kandla),30.6,17.01,Paradip Port,13.2,29.7,Highly Contested / Split Hinterland,0.826
Haryana,REWARI,85.0,895419,False,Deendayal Port (Kandla),31.0,16.84,Jawaharlal Nehru Port (JNPT),13.0,22.88,Highly Contested / Split Hinterland,0.819
Haryana,ROHTAK,82.0,1033688,False,Deendayal Port (Kandla),32.1,15.43,Paradip Port,13.0,28.02,Highly Contested / Split Hinterland,0.809
Haryana,SIRSA,79.0,1314516,False,Deendayal Port (Kandla),41.4,12.76,Jawaharlal Nehru Port (JNPT),11.3,22.39,Highly Contested / Split Hinterland,0.699
Haryana,SONIPAT,76.0,1479068,False,Deendayal Port (Kandla),28.9,16.62,Paradip Port,15.1,25.79,Highly Contested / Split Hinterland,0.862
Haryana,YAMUNANAGAR,71.0,1208482,False,Deendayal Port (Kandla),29.7,17.17,Paradip Port,15.3,26.96,Highly Contested / Split Hinterland,0.856
Himachal Pradesh,BILASPUR,30.0,379805,False,Deendayal Port (Kandla),33.4,17.51,Paradip Port,13.7,31.6,Highly Contested / Split Hinterland,0.802
Himachal Pradesh,CHAMBA,23.0,518525,False,Deendayal Port (Kandla),33.7,18.14,Paradip Port,13.2,33.61,Highly Contested / Split Hinterland,0.795
Himachal Pradesh,HAMIRPUR,28.0,452435,False,Deendayal Port (Kandla),34.2,16.84,Paradip Port,13.5,31.1,Highly Contested / Split Hinterland,0.792
Himachal Pradesh,KANGRA,24.0,1514722,False,Deendayal Port (Kandla),34.4,16.96,Paradip Port,13.3,31.73,Highly Contested / Split Hinterland,0.788
Himachal Pradesh,KINNAUR,34.0,84562,False,Deendayal Port (Kandla),30.2,20.02,Paradip Port,14.5,32.75,Highly Contested / Split Hinterland,0.843
Himachal Pradesh,KULLU,26.0,437946,False,Deendayal Port (Kandla),30.6,19.84,Paradip Port,14.4,32.81,Highly Contested / Split Hinterland,0.838
Himachal Pradesh,LAHUL & SPITI,25.0,31725,False,Deendayal Port (Kandla),29.6,21.75,Paradip Port,14.6,35.0,Highly Contested / Split Hinterland,0.85
Himachal Pradesh,MANDI,27.0,1003341,False,Deendayal Port (Kandla),32.1,18.79,Paradip Port,14.0,32.59,Highly Contested / Split Hinterland,0.819
Himachal Pradesh,SHIMLA,33.0,814670,False,Deendayal Port (Kandla),28.9,19.42,Paradip Port,15.5,29.67,Highly Contested / Split Hinterland,0.866
Himachal Pradesh,SIRMAUR,32.0,532571,False,Deendayal Port (Kandla),31.6,17.11,Paradip Port,14.8,28.45,Highly Contested / Split Hinterland,0.832
Himachal Pradesh,SOLAN,31.0,573174,False,Deendayal Port (Kandla),33.4,16.29,Paradip Port,13.9,29.02,Highly Contested / Split Hinterland,0.806
Himachal Pradesh,UNA,29.0,521126,False,Deendayal Port (Kandla),34.9,16.18,Paradip Port,13.3,30.39,Highly Contested / Split Hinterland,0.785
Jammu and Kashmir,ANANTNAG,14.0,1094123,False,Deendayal Port (Kandla),30.0,23.18,Paradip Port,14.0,38.65,Highly Contested / Split Hinterland,0.84
Jammu and Kashmir,BADGAM,2.0,815408,False,Deendayal Port (Kandla),29.3,24.42,Paradip Port,14.1,39.89,Highly Contested / Split Hinterland,0.848
Jammu and Kashmir,BANDIPURA,9.0,618195,False,Deendayal Port (Kandla),28.9,25.03,Paradip Port,14.2,40.49,Highly Contested / Split Hinterland,0.852
Jammu and Kashmir,BARAMULA,8.0,738332,False,Deendayal Port (Kandla),29.1,24.75,Paradip Port,14.1,40.22,Highly Contested / Split Hinterland,0.85
Jammu and Kashmir,DODA,16.0,451445,False,Deendayal Port (Kandla),32.0,20.18,Paradip Port,13.5,35.65,Highly Contested / Split Hinterland,0.815
Jammu and Kashmir,GANDERBAL,11.0,341209,False,Deendayal Port (Kandla),29.2,24.58,Paradip Port,14.1,40.05,Highly Contested / Split Hinterland,0.849
Jammu and Kashmir,JAMMU,21.0,1645043,False,Deendayal Port (Kandla),33.8,18.06,Paradip Port,13.2,33.53,Highly Contested / Split Hinterland,0.794
Jammu and Kashmir,KATHUA,7.0,707130,False,Deendayal Port (Kandla),34.5,17.3,Paradip Port,13.0,32.76,Highly Contested / Split Hinterland,0.785
Jammu and Kashmir,KISHTWAR,18.0,264638,False,Deendayal Port (Kandla),30.5,22.27,Paradip Port,13.8,37.73,Highly Contested / Split Hinterland,0.833
Jammu and Kashmir,KULGAM,15.0,332894,False,Deendayal Port (Kandla),29.6,23.76,Paradip Port,14.0,39.23,Highly Contested / Split Hinterland,0.844
Jammu and Kashmir,KUPWARA,1.0,998407,False,Deendayal Port (Kandla),28.8,25.4,Paradip Port,14.2,40.87,Highly Contested / Split Hinterland,0.854
Jammu and Kashmir,MIRPUR,,0,False,Deendayal Port (Kandla),31.7,20.63,Paradip Port,13.6,36.1,Highly Contested / Split Hinterland,0.819
Jammu and Kashmir,MUZAFFARABAD,,0,False,Deendayal Port (Kandla),28.0,26.92,Paradip Port,14.3,42.38,Highly Contested / Split Hinterland,0.863
Jammu and Kashmir,PULWAMA,12.0,642896,False,Deendayal Port (Kandla),29.8,23.57,Paradip Port,14.0,39.04,Highly Contested / Split Hinterland,0.842
Jammu and Kashmir,PUNCH,5.0,536312,False,Deendayal Port (Kandla),31.2,21.26,Paradip Port,13.7,36.73,Highly Contested / Split Hinterland,0.825
Jammu and Kashmir,RAJAURI,6.0,746023,False,Deendayal Port (Kandla),32.3,19.86,Paradip Port,13.5,35.33,Highly Contested / Split Hinterland,0.812
Jammu and Kashmir,RAMBAN,17.0,325455,False,Deendayal Port (Kandla),29.6,23.82,Paradip Port,14.0,39.29,Highly Contested / Split Hinterland,0.844
Jammu and Kashmir,RIASI,20.0,311577,False,Deendayal Port (Kandla),32.3,19.79,Paradip Port,13.5,35.26,Highly Contested / Split Hinterland,0.812
Jammu and Kashmir,SAMBA,22.0,365817,False,Deendayal Port (Kandla),34.4,17.47,Paradip Port,13.1,32.94,Highly Contested / Split Hinterland,0.787
Jammu and Kashmir,SHUPIYAN,13.0,305383,False,Deendayal Port (Kandla),29.5,24.03,Paradip Port,14.1,39.5,Highly Contested / Split Hinterland,0.846
Jammu and Kashmir,SRINAGAR,10.0,315854,False,Deendayal Port (Kandla),29.6,23.9,Paradip Port,14.0,39.37,Highly Contested / Split Hinterland,0.845
Jammu and Kashmir,UDHAMPUR,19.0,588708,False,Deendayal Port (Kandla),32.5,19.5,Paradip Port,13.4,34.97,Highly Contested / Split Hinterland,0.809
Jharkhand,BOKARO,355.0,2090816,False,Syama Prasad Mookerjee Port (Kolkata/Haldia),41.3,4.86,Paradip Port,34.7,8.11,Highly Contested / Split Hinterland,0.934
Jharkhand,CHATRA,347.0,1084321,False,Paradip Port,39.5,9.04,Syama Prasad Mookerjee Port (Kolkata/Haldia),26.9,7.6,Highly Contested / Split Hinterland,0.874
Jharkhand,DEOGHAR,350.0,1504389,False,Syama Prasad Mookerjee Port (Kolkata/Haldia),31.5,8.84,Paradip Port,29.6,13.78,Highly Contested / Split Hinterland,0.981
Jharkhand,DHANBAD,354.0,2602229,False,Syama Prasad Mookerjee Port (Kolkata/Haldia),48.2,3.85,Paradip Port,31.8,7.45,Highly Contested / Split Hinterland,0.835
Jharkhand,DUMKA,362.0,1328447,False,Syama Prasad Mookerjee Port (Kolkata/Haldia),31.9,9.2,Paradip Port,28.5,14.81,Highly Contested / Split Hinterland,0.966
Jharkhand,EAST SINGHBHUM,357.0,2315456,False,Syama Prasad Mookerjee Port (Kolkata/Haldia),46.1,3.49,Paradip Port,34.6,6.24,Highly Contested / Split Hinterland,0.885
Jharkhand,GARHWA,346.0,1335765,False,Paradip Port,37.7,10.47,Syama Prasad Mookerjee Port (Kolkata/Haldia),24.6,9.03,Highly Contested / Split Hinterland,0.869
Jharkhand,GIRIDIH,349.0,2438126,False,Paradip Port,33.7,12.88,Syama Prasad Mookerjee Port (Kolkata/Haldia),24.6,10.38,Highly Contested / Split Hinterland,0.909
Jharkhand,GODDA,351.0,1328453,False,Syama Prasad Mookerjee Port (Kolkata/Haldia),38.2,7.65,Paradip Port,25.7,14.59,Highly Contested / Split Hinterland,0.876
Jharkhand,GUMLA,366.0,1037050,False,Paradip Port,42.1,8.14,Syama Prasad Mookerjee Port (Kolkata/Haldia),25.0,7.43,Highly Contested / Split Hinterland,0.829
Jharkhand,HAZARIBAGH,360.0,1803408,False,Paradip Port,35.7,12.08,Syama Prasad Mookerjee Port (Kolkata/Haldia),22.5,10.64,Highly Contested / Split Hinterland,0.868
Jharkhand,JAMTARA,363.0,822471,False,Syama Prasad Mookerjee Port (Kolkata/Haldia),52.8,3.77,Paradip Port,27.0,8.49,Dominant / Mildly Contested,0.743
Jharkhand,KHUNTI,365.0,553017,False,Paradip Port,50.8,5.9,Syama Prasad Mookerjee Port (Kolkata/Haldia),24.5,6.12,Dominant / Mildly Contested,0.736
Jharkhand,KODERMA,348.0,462179,False,Paradip Port,31.6,14.74,Syama Prasad Mookerjee Port (Kolkata/Haldia),22.0,12.23,Highly Contested / Split Hinterland,0.904
Jharkhand,LATEHAR,359.0,729952,False,Paradip Port,40.0,8.75,Syama Prasad Mookerjee Port (Kolkata/Haldia),27.5,7.31,Highly Contested / Split Hinterland,0.875
Jharkhand,LOHARDAGA,356.0,466683,False,Paradip Port,40.5,8.13,Syama Prasad Mookerjee Port (Kolkata/Haldia),28.5,6.69,Highly Contested / Split Hinterland,0.881
Jharkhand,PAKUR,353.0,898934,False,Syama Prasad Mookerjee Port (Kolkata/Haldia),34.7,8.86,Paradip Port,26.1,15.8,Highly Contested / Split Hinterland,0.914
Jharkhand,PALAMU,358.0,1948229,False,Paradip Port,37.7,10.09,Syama Prasad Mookerjee Port (Kolkata/Haldia),24.9,8.65,Highly Contested / Split Hinterland,0.871
Jharkhand,RAMGARH,361.0,978312,False,Syama Prasad Mookerjee Port (Kolkata/Haldia),37.7,5.76,Paradip Port,35.2,9.02,Highly Contested / Split Hinterland,0.975
Jharkhand,RANCHI,364.0,2918767,False,Paradip Port,42.6,6.96,Syama Prasad Mookerjee Port (Kolkata/Haldia),31.9,5.52,Highly Contested / Split Hinterland,0.893
Jharkhand,SAHIBGANJ,352.0,1142180,False,Syama Prasad Mookerjee Port (Kolkata/Haldia),49.2,5.23,Paradip Port,23.9,12.17,Highly Contested / Split Hinterland,0.747
Jharkhand,SARAIKELA-KHARSAWAN,369.0,1070376,False,Paradip Port,47.9,5.45,Syama Prasad Mookerjee Port (Kolkata/Haldia),30.8,4.74,Highly Contested / Split Hinterland,0.829
Jharkhand,SIMDEGA,367.0,605300,False,Paradip Port,49.7,6.78,Syama Prasad Mookerjee Port (Kolkata/Haldia),18.6,8.19,Highly Contested / Split Hinterland,0.689
Jharkhand,WEST SINGHBHUM,368.0,1523273,False,Paradip Port,47.6,7.71,Syama Prasad Mookerjee Port (Kolkata/Haldia),17.9,9.29,Highly Contested / Split Hinterland,0.703
Karnataka,B\dar,558.0,1703747,False,Jawaharlal Nehru Port (JNPT),24.6,8.53,Mumbai Port,12.0,11.42,Highly Contested / Split Hinterland,0.874
Karnataka,Bagalkot,556.0,1893171,False,Jawaharlal Nehru Port (JNPT),23.5,7.71,New Mangalore Port,15.4,7.22,Highly Contested / Split Hinterland,0.919
Karnataka,Ballari,565.0,1234167,False,Chennai Port,16.6,8.08,Kamarajar Port (Ennore),14.5,8.19,Highly Contested / Split Hinterland,0.98
Karnataka,Belagavi,555.0,4800550,False,Jawaharlal Nehru Port (JNPT),28.3,7.16,New Mangalore Port,13.2,8.24,Highly Contested / Split Hinterland,0.849
Karnataka,Bengaluru (Rural),583.0,977885,False,New Mangalore Port,23.2,4.71,Chennai Port,18.1,5.99,Highly Contested / Split Hinterland,0.948
Karnataka,Bengaluru (Urban),572.0,9587834,False,New Mangalore Port,15.5,9.25,Chennai Port,14.5,10.54,Highly Contested / Split Hinterland,0.989
Karnataka,Chamarajanagara,578.0,1018520,False,Cochin Port,22.7,7.28,V.O. Chidambaranar Port (Tuticorin),14.4,10.22,Highly Contested / Split Hinterland,0.918
Karnataka,Chikkaballapura,582.0,1258440,False,Chennai Port,19.4,6.09,New Mangalore Port,18.2,5.8,Highly Contested / Split Hinterland,0.988
Karnataka,Chikkamagaluru,570.0,1141674,False,New Mangalore Port,47.8,3.1,Chennai Port,8.8,9.45,Highly Contested / Split Hinterland,0.61
Karnataka,Chitradurga,566.0,1664012,False,New Mangalore Port,25.6,4.88,Chennai Port,12.1,8.4,Highly Contested / Split Hinterland,0.865
Karnataka,Dakshina Kannada,575.0,2151574,False,New Mangalore Port,90.1,0.75,Mormugao Port,1.6,5.78,Captive Hinterland,0.115
Karnataka,Davanagere,567.0,1475264,False,New Mangalore Port,21.4,5.81,Jawaharlal Nehru Port (JNPT),13.5,10.6,Highly Contested / Split Hinterland,0.921
Karnataka,Dharwad,562.0,1848605,False,New Mangalore Port,20.6,5.36,Mormugao Port,18.3,3.8,Highly Contested / Split Hinterland,0.977
Karnataka,Gadag,561.0,1069357,False,New Mangalore Port,19.3,6.23,Jawaharlal Nehru Port (JNPT),18.1,8.95,Highly Contested / Split Hinterland,0.988
Karnataka,Hassan,574.0,1780179,False,New Mangalore Port,53.3,2.49,Chennai Port,9.0,8.0,Dominant / Mildly Contested,0.557
Karnataka,Haveri,564.0,1603218,False,New Mangalore Port,25.7,4.69,Mormugao Port,16.0,4.12,Highly Contested / Split Hinterland,0.903
Karnataka,Kalaburagi,579.0,2572913,False,Jawaharlal Nehru Port (JNPT),24.4,7.94,Mumbai Port,11.4,10.91,Highly Contested / Split Hinterland,0.87
Karnataka,Kodagu,576.0,553550,False,New Mangalore Port,69.1,1.97,Chennai Port,4.5,11.19,Dominant / Mildly Contested,0.355
Karnataka,Kolara,581.0,1532932,False,Chennai Port,27.1,4.4,Kamarajar Port (Ennore),23.3,4.52,Highly Contested / Split Hinterland,0.962
Karnataka,Koppal,560.0,1395373,False,Jawaharlal Nehru Port (JNPT),20.8,8.89,New Mangalore Port,16.2,7.51,Highly Contested / Split Hinterland,0.953
Karnataka,Mandya,573.0,1808685,False,New Mangalore Port,17.7,7.23,Chennai Port,15.6,8.52,Highly Contested / Split Hinterland,0.979
Karnataka,Mysuru,577.0,3000117,False,Cochin Port,26.4,5.89,V.O. Chidambaranar Port (Tuticorin),15.1,8.83,Highly Contested / Split Hinterland,0.887
Karnataka,Raichur,559.0,1934975,False,Jawaharlal Nehru Port (JNPT),16.5,11.14,Chennai Port,13.8,9.84,Highly Contested / Split Hinterland,0.972
Karnataka,Ramanagara,584.0,1081388,False,New Mangalore Port,16.0,8.76,Chennai Port,14.7,10.05,Highly Contested / Split Hinterland,0.987
Karnataka,Shivamogga,568.0,1757263,False,New Mangalore Port,36.6,3.73,Mormugao Port,13.8,4.44,Highly Contested / Split Hinterland,0.772
Karnataka,Tumakuru,571.0,2681129,False,New Mangalore Port,20.2,5.82,Chennai Port,16.8,7.11,Highly Contested / Split Hinterland,0.966
Karnataka,Udupi,569.0,1075786,False,New Mangalore Port,74.0,1.59,Mormugao Port,5.3,5.19,Dominant / Mildly Contested,0.312
Karnataka,Uttara Kannada,563.0,1440198,False,Mormugao Port,29.7,2.58,New Mangalore Port,27.2,4.13,Highly Contested / Split Hinterland,0.975
Karnataka,Vijayanagara,761.0,1694727,False,New Mangalore Port,21.3,6.6,Jawaharlal Nehru Port (JNPT),12.0,12.93,Highly Contested / Split Hinterland,0.907
Karnataka,Vijayapura,557.0,2186331,False,Jawaharlal Nehru Port (JNPT),28.2,6.78,Mumbai Port,12.2,9.75,Highly Contested / Split Hinterland,0.84
Karnataka,Yadgir,580.0,1171730,False,Jawaharlal Nehru Port (JNPT),20.8,9.17,Chennai Port,11.1,10.58,Highly Contested / Split Hinterland,0.904
Kerala,Alappuzha,598.0,2039162,False,Cochin Port,37.4,4.56,V.O. Chidambaranar Port (Tuticorin),17.8,7.64,Highly Contested / Split Hinterland,0.804
Kerala,Ernakulam,595.0,3389018,False,Cochin Port,90.9,0.74,V.O. Chidambaranar Port (Tuticorin),2.7,6.69,Captive Hinterland,0.118
Kerala,Idukki,596.0,967060,False,Cochin Port,62.8,2.16,V.O. Chidambaranar Port (Tuticorin),12.6,6.11,Dominant / Mildly Contested,0.498
Kerala,Kannur,589.0,2536093,False,Cochin Port,29.9,5.81,V.O. Chidambaranar Port (Tuticorin),13.3,10.15,Highly Contested / Split Hinterland,0.834
Kerala,Kasaragod,588.0,1309208,False,New Mangalore Port,79.6,1.39,Mormugao Port,3.2,6.41,Captive Hinterland,0.236
Kerala,Kollam,600.0,2629046,False,Cochin Port,34.2,5.17,V.O. Chidambaranar Port (Tuticorin),17.7,8.25,Highly Contested / Split Hinterland,0.834
Kerala,Kottayam,597.0,1976139,False,Cochin Port,40.1,4.12,V.O. Chidambaranar Port (Tuticorin),17.8,7.21,Highly Contested / Split Hinterland,0.777
Kerala,Kozhikode,591.0,3103973,False,Cochin Port,35.3,4.64,V.O. Chidambaranar Port (Tuticorin),13.2,8.98,Highly Contested / Split Hinterland,0.78
Kerala,Malappuram,592.0,4121325,False,Cochin Port,42.0,3.64,V.O. Chidambaranar Port (Tuticorin),12.8,7.98,Highly Contested / Split Hinterland,0.709
Kerala,Palakkad,593.0,2815996,False,Cochin Port,54.5,2.43,V.O. Chidambaranar Port (Tuticorin),11.2,6.78,Dominant / Mildly Contested,0.567
Kerala,Pathanamthitta,599.0,1188745,False,Cochin Port,39.7,4.18,V.O. Chidambaranar Port (Tuticorin),17.8,7.27,Highly Contested / Split Hinterland,0.781
Kerala,Thiruvananthapuram,601.0,3314311,False,V.O. Chidambaranar Port (Tuticorin),56.8,3.37,Cochin Port,10.7,8.66,Dominant / Mildly Contested,0.54
Kerala,Thrissur,594.0,3130922,False,Cochin Port,79.9,1.24,V.O. Chidambaranar Port (Tuticorin),4.6,7.44,Captive Hinterland,0.247
Kerala,Wayanad,590.0,820395,False,Cochin Port,31.7,5.33,V.O. Chidambaranar Port (Tuticorin),13.2,9.68,Highly Contested / Split Hinterland,0.815
Ladakh,KARGIL,4.0,183859,False,Deendayal Port (Kandla),25.4,31.07,Paradip Port,15.3,44.31,Highly Contested / Split Hinterland,0.899
Ladakh,LEH,3.0,186324,False,Deendayal Port (Kandla),26.4,28.32,Paradip Port,15.1,41.57,Highly Contested / Split Hinterland,0.888
Lakshadweep,Lakshadweep,587.0,64473,False,Cochin Port,18.1,11.5,V.O. Chidambaranar Port (Tuticorin),11.9,15.84,Highly Contested / Split Hinterland,0.938
Madhya Pradesh,AGAR MALWA,735.0,656955,False,Deendayal Port (Kandla),26.0,14.46,Paradip Port,14.3,21.81,Highly Contested / Split Hinterland,0.883
Madhya Pradesh,ALIRAJPUR,465.0,732200,False,Jawaharlal Nehru Port (JNPT),27.6,8.71,Mumbai Port,25.6,7.89,Highly Contested / Split Hinterland,0.98
Madhya Pradesh,ANUPPUR,461.0,748968,False,Paradip Port,24.4,15.41,Visakhapatnam Port,13.9,16.07,Highly Contested / Split Hinterland,0.894
Madhya Pradesh,ASHOKNAGAR,459.0,853626,False,Deendayal Port (Kandla),19.7,19.06,Paradip Port,15.6,23.06,Highly Contested / Split Hinterland,0.959
Madhya Pradesh,BALAGHAT,457.0,1719591,False,Paradip Port,23.8,13.78,Visakhapatnam Port,13.9,14.09,Highly Contested / Split Hinterland,0.902
Madhya Pradesh,BARWANI,441.0,1396704,False,Jawaharlal Nehru Port (JNPT),29.3,8.53,Mumbai Port,21.1,9.02,Highly Contested / Split Hinterland,0.917
Madhya Pradesh,BETUL,447.0,1587756,False,Jawaharlal Nehru Port (JNPT),19.4,11.25,Paradip Port,16.5,16.25,Highly Contested / Split Hinterland,0.971
Madhya Pradesh,BHIND,420.0,1714852,False,Deendayal Port (Kandla),21.1,18.31,Paradip Port,18.9,20.54,Highly Contested / Split Hinterland,0.978
Madhya Pradesh,BHOPAL,444.0,2394281,False,Deendayal Port (Kandla),20.4,16.07,Jawaharlal Nehru Port (JNPT),15.7,15.1,Highly Contested / Split Hinterland,0.953
Madhya Pradesh,BURHANPUR,467.0,764921,False,Jawaharlal Nehru Port (JNPT),30.2,8.53,Mumbai Port,17.8,10.16,Highly Contested / Split Hinterland,0.876
Madhya Pradesh,CHHATARPUR,425.0,1773765,False,Deendayal Port (Kandla),21.1,17.97,Paradip Port,18.7,20.27,Highly Contested / Split Hinterland,0.976
Madhya Pradesh,CHHINDWARA,455.0,1757837,False,Paradip Port,18.9,16.38,Jawaharlal Nehru Port (JNPT),15.9,13.89,Highly Contested / Split Hinterland,0.97
Madhya Pradesh,DAMOH,428.0,1270780,False,Paradip Port,21.4,16.19,Deendayal Port (Kandla),14.6,19.47,Highly Contested / Split Hinterland,0.932
Madhya Pradesh,DATIA,422.0,814930,False,Deendayal Port (Kandla),22.8,16.87,Paradip Port,17.3,20.89,Highly Contested / Split Hinterland,0.945
Madhya Pradesh,DEWAS,437.0,1565515,False,Jawaharlal Nehru Port (JNPT),25.6,10.98,Mumbai Port,18.8,11.47,Highly Contested / Split Hinterland,0.932
Madhya Pradesh,DHAR,438.0,2209040,False,Deendayal Port (Kandla),24.9,13.39,Jawaharlal Nehru Port (JNPT),22.9,11.27,Highly Contested / Split Hinterland,0.98
Madhya Pradesh,DINDORI,453.0,708942,False,Paradip Port,25.1,14.33,Visakhapatnam Port,14.1,15.0,Highly Contested / Split Hinterland,0.891
Madhya Pradesh,GUNA,458.0,1252959,False,Deendayal Port (Kandla),24.0,15.44,Paradip Port,14.7,21.8,Highly Contested / Split Hinterland,0.907
Madhya Pradesh,GWALIOR,421.0,1786914,False,Deendayal Port (Kandla),22.8,16.84,Paradip Port,17.3,20.87,Highly Contested / Split Hinterland,0.945
Madhya Pradesh,HARDA,448.0,572680,False,Jawaharlal Nehru Port (JNPT),18.4,12.98,Paradip Port,16.5,18.19,Highly Contested / Split Hinterland,0.981
Madhya Pradesh,INDORE,439.0,3284305,False,Deendayal Port (Kandla),26.6,13.37,Jawaharlal Nehru Port (JNPT),21.5,12.17,Highly Contested / Split Hinterland,0.949
Madhya Pradesh,JABALPUR,451.0,2462878,False,Paradip Port,21.1,16.56,Deendayal Port (Kandla),13.7,20.5,Highly Contested / Split Hinterland,0.926
Madhya Pradesh,JHABUA,464.0,1032335,False,Jawaharlal Nehru Port (JNPT),24.2,10.69,Deendayal Port (Kandla),22.7,13.89,Highly Contested / Split Hinterland,0.985
Madhya Pradesh,KATNI,450.0,1289000,False,Paradip Port,22.0,15.91,Jawaharlal Nehru Port (JNPT),12.6,17.01,Highly Contested / Split Hinterland,0.906
Madhya Pradesh,KHANDWA,466.0,1318985,False,Jawaharlal Nehru Port (JNPT),18.1,13.63,Paradip Port,16.5,18.84,Highly Contested / Split Hinterland,0.985
Madhya Pradesh,KHARGONE,440.0,1872694,False,Jawaharlal Nehru Port (JNPT),27.5,9.5,Mumbai Port,20.0,9.99,Highly Contested / Split Hinterland,0.924
Madhya Pradesh,MAIHAR,768.0,664617,False,Paradip Port,21.1,17.41,Syama Prasad Mookerjee Port (Kolkata/Haldia),12.4,15.98,Highly Contested / Split Hinterland,0.913
Madhya Pradesh,MANDLA,454.0,1057659,False,Paradip Port,25.4,13.89,Visakhapatnam Port,14.3,14.56,Highly Contested / Split Hinterland,0.889
Madhya Pradesh,MANDSAUR,433.0,1305746,False,Deendayal Port (Kandla),37.3,11.26,Jawaharlal Nehru Port (JNPT),15.5,15.34,Highly Contested / Split Hinterland,0.782
Madhya Pradesh,MAUGANJ,767.0,712157,False,Paradip Port,23.9,16.27,Syama Prasad Mookerjee Port (Kolkata/Haldia),14.2,14.83,Highly Contested / Split Hinterland,0.903
Madhya Pradesh,MORENA,419.0,1970545,False,Deendayal Port (Kandla),22.2,17.65,Paradip Port,17.3,21.51,Highly Contested / Split Hinterland,0.951
Madhya Pradesh,NARMADAPURAM,449.0,1243285,False,Jawaharlal Nehru Port (JNPT),17.8,12.78,Paradip Port,16.2,17.74,Highly Contested / Split Hinterland,0.984
Madhya Pradesh,NARSIMHAPUR,452.0,1095959,False,Paradip Port,19.2,16.65,Jawaharlal Nehru Port (JNPT),14.6,14.99,Highly Contested / Split Hinterland,0.954
Madhya Pradesh,NEEMUCH,432.0,855651,False,Deendayal Port (Kandla),38.6,10.48,Jawaharlal Nehru Port (JNPT),15.5,14.56,Highly Contested / Split Hinterland,0.769
Madhya Pradesh,NIWARI,753.0,373609,False,Deendayal Port (Kandla),22.3,16.1,Paradip Port,17.9,19.33,Highly Contested / Split Hinterland,0.955
Madhya Pradesh,PANDHURNA,769.0,355812,False,Paradip Port,19.0,15.35,Jawaharlal Nehru Port (JNPT),16.5,12.77,Highly Contested / Split Hinterland,0.975
Madhya Pradesh,PANNA,426.0,1016105,False,Paradip Port,19.5,19.35,Deendayal Port (Kandla),16.7,20.31,Highly Contested / Split Hinterland,0.971
Madhya Pradesh,RAISEN,446.0,1334815,False,Paradip Port,16.8,18.82,Jawaharlal Nehru Port (JNPT),16.4,14.61,Highly Contested / Split Hinterland,0.995
Madhya Pradesh,RAJGARH,442.0,1553614,False,Deendayal Port (Kandla),24.3,14.52,Jawaharlal Nehru Port (JNPT),14.7,15.8,Highly Contested / Split Hinterland,0.903
Madhya Pradesh,RATLAM,434.0,1465777,False,Deendayal Port (Kandla),32.2,12.03,Jawaharlal Nehru Port (JNPT),18.5,13.48,Highly Contested / Split Hinterland,0.863
Madhya Pradesh,REWA,430.0,1672831,False,Paradip Port,23.2,16.63,Syama Prasad Mookerjee Port (Kolkata/Haldia),13.8,15.19,Highly Contested / Split Hinterland,0.906
Madhya Pradesh,SAGAR,427.0,2397707,False,Paradip Port,18.4,18.44,Deendayal Port (Kandla),16.7,18.66,Highly Contested / Split Hinterland,0.983
Madhya Pradesh,SATNA,429.0,1566537,False,Deendayal Port (Kandla),20.6,19.79,Paradip Port,18.6,22.09,Highly Contested / Split Hinterland,0.98
Madhya Pradesh,SEHORE,445.0,1290236,False,Deendayal Port (Kandla),20.4,16.17,Jawaharlal Nehru Port (JNPT),15.6,15.24,Highly Contested / Split Hinterland,0.952
Madhya Pradesh,SEONI,456.0,1392695,False,Paradip Port,19.7,16.12,Jawaharlal Nehru Port (JNPT),14.7,14.69,Highly Contested / Split Hinterland,0.95
Madhya Pradesh,SHAHDOL,460.0,1067593,False,Paradip Port,32.7,16.21,Syama Prasad Mookerjee Port (Kolkata/Haldia),19.5,14.78,Highly Contested / Split Hinterland,0.868
Madhya Pradesh,SHAJAPUR,436.0,837664,False,Deendayal Port (Kandla),23.9,15.32,Paradip Port,14.7,21.57,Highly Contested / Split Hinterland,0.908
Madhya Pradesh,SHEOPUR,418.0,692342,False,Deendayal Port (Kandla),26.9,15.9,Paradip Port,15.2,23.6,Highly Contested / Split Hinterland,0.883
Madhya Pradesh,SHIVPURI,423.0,1659993,False,Deendayal Port (Kandla),26.3,14.66,Paradip Port,15.9,20.83,Highly Contested / Split Hinterland,0.896
Madhya Pradesh,SIDHI,462.0,1134388,False,Paradip Port,21.7,18.4,Syama Prasad Mookerjee Port (Kolkata/Haldia),12.7,16.97,Highly Contested / Split Hinterland,0.91
Madhya Pradesh,SINGRAULI,463.0,1186139,False,Paradip Port,21.5,19.04,Syama Prasad Mookerjee Port (Kolkata/Haldia),12.5,17.6,Highly Contested / Split Hinterland,0.91
Madhya Pradesh,TIKAMGARH,424.0,1071848,False,Deendayal Port (Kandla),19.8,17.55,Paradip Port,19.0,18.89,Highly Contested / Split Hinterland,0.992
Madhya Pradesh,UJJAIN,435.0,1992614,False,Deendayal Port (Kandla),24.9,16.25,Paradip Port,14.6,23.61,Highly Contested / Split Hinterland,0.896
Madhya Pradesh,UMARIA,431.0,646430,False,Paradip Port,21.7,17.3,Visakhapatnam Port,12.4,17.97,Highly Contested / Split Hinterland,0.907
Madhya Pradesh,VIDISHA,443.0,1469028,False,Deendayal Port (Kandla),20.1,17.08,Paradip Port,15.4,21.07,Highly Contested / Split Hinterland,0.953
Maharashtra,AHILYANAGAR,522.0,4512419,False,Jawaharlal Nehru Port (JNPT),52.6,3.77,Mumbai Port,16.2,6.66,Dominant / Mildly Contested,0.636
Maharashtra,AKOLA,501.0,1792807,False,Jawaharlal Nehru Port (JNPT),25.1,9.18,Mumbai Port,15.1,10.81,Highly Contested / Split Hinterland,0.9
Maharashtra,AMRAVATI,503.0,2874317,False,Jawaharlal Nehru Port (JNPT),21.6,10.47,Paradip Port,15.6,16.75,Highly Contested / Split Hinterland,0.939
Maharashtra,BEED,523.0,2464450,False,Jawaharlal Nehru Port (JNPT),41.4,5.26,Mumbai Port,15.8,8.16,Highly Contested / Split Hinterland,0.744
Maharashtra,BHANDARA,506.0,1225015,False,Paradip Port,22.7,12.97,Jawaharlal Nehru Port (JNPT),14.1,13.2,Highly Contested / Split Hinterland,0.914
Maharashtra,BULDHANA,500.0,2572145,False,Jawaharlal Nehru Port (JNPT),30.2,7.76,Mumbai Port,17.4,9.38,Highly Contested / Split Hinterland,0.872
Maharashtra,CHANDRAPUR,509.0,2191510,False,Paradip Port,19.0,15.23,Jawaharlal Nehru Port (JNPT),15.8,13.0,Highly Contested / Split Hinterland,0.968
Maharashtra,CHHATRAPATI SAMBHAJI NAGAR,515.0,3642642,False,Jawaharlal Nehru Port (JNPT),39.6,5.23,Mumbai Port,21.0,6.64,Highly Contested / Split Hinterland,0.815
Maharashtra,DHARASHIV,525.0,1642019,False,Jawaharlal Nehru Port (JNPT),32.5,6.48,Mumbai Port,13.7,9.45,Highly Contested / Split Hinterland,0.812
Maharashtra,DHULE,498.0,2039308,False,Jawaharlal Nehru Port (JNPT),33.2,6.83,Mumbai Port,23.4,7.32,Highly Contested / Split Hinterland,0.901
Maharashtra,DHULE,598.0,2039162,False,Jawaharlal Nehru Port (JNPT),33.4,6.78,Mumbai Port,23.4,7.27,Highly Contested / Split Hinterland,0.901
Maharashtra,GADCHIROLI,508.0,1067364,False,Paradip Port,20.4,15.44,Jawaharlal Nehru Port (JNPT),14.4,14.53,Highly Contested / Split Hinterland,0.94
Maharashtra,GONDIA,507.0,1244434,False,Paradip Port,24.8,12.36,Visakhapatnam Port,14.5,12.67,Highly Contested / Split Hinterland,0.897
Maharashtra,HINGOLI,512.0,1200351,False,Jawaharlal Nehru Port (JNPT),24.1,9.05,Mumbai Port,14.5,10.67,Highly Contested / Split Hinterland,0.904
Maharashtra,JALGAON,499.0,4202382,False,Jawaharlal Nehru Port (JNPT),30.9,7.47,Mumbai Port,21.0,8.16,Highly Contested / Split Hinterland,0.902
Maharashtra,JALNA,514.0,1911920,False,Jawaharlal Nehru Port (JNPT),35.7,5.95,Mumbai Port,18.9,7.57,Highly Contested / Split Hinterland,0.832
Maharashtra,KOLHAPUR,530.0,3848517,False,Jawaharlal Nehru Port (JNPT),34.0,6.32,Mumbai Port,14.2,9.29,Highly Contested / Split Hinterland,0.802
Maharashtra,LATUR,524.0,2504658,False,Jawaharlal Nehru Port (JNPT),28.7,7.49,Mumbai Port,13.2,10.39,Highly Contested / Split Hinterland,0.845
Maharashtra,MUMBAI,519.0,2257941,False,Mumbai Port,91.1,0.63,Jawaharlal Nehru Port (JNPT),6.0,3.77,Captive Hinterland,0.15
Maharashtra,MUMBAI SUBURBAN,518.0,8857861,False,Jawaharlal Nehru Port (JNPT),79.4,1.26,Mumbai Port,13.5,3.19,Captive Hinterland,0.341
Maharashtra,NAGPUR,505.0,4622518,False,Paradip Port,19.5,14.38,Jawaharlal Nehru Port (JNPT),16.8,12.0,Highly Contested / Split Hinterland,0.973
Maharashtra,NANDED,511.0,3307560,False,Jawaharlal Nehru Port (JNPT),25.3,8.41,Mumbai Port,13.3,10.76,Highly Contested / Split Hinterland,0.88
Maharashtra,NANDURBAR,497.0,1632928,False,Jawaharlal Nehru Port (JNPT),30.8,7.74,Mumbai Port,21.9,8.23,Highly Contested / Split Hinterland,0.911
Maharashtra,NASHIK,516.0,6075753,False,Jawaharlal Nehru Port (JNPT),37.7,5.27,Mumbai Port,25.7,5.76,Highly Contested / Split Hinterland,0.88
Maharashtra,PALGHAR,681.0,6015627,False,Mumbai Port,46.1,1.85,Jawaharlal Nehru Port (JNPT),44.0,2.2,Highly Contested / Split Hinterland,0.978
Maharashtra,PARBHANI,513.0,1805245,False,Jawaharlal Nehru Port (JNPT),30.6,7.15,Mumbai Port,15.0,9.53,Highly Contested / Split Hinterland,0.844
Maharashtra,PUNE,521.0,9386363,False,Jawaharlal Nehru Port (JNPT),72.0,2.01,Mumbai Port,12.7,4.98,Dominant / Mildly Contested,0.407
Maharashtra,RAIGAD,520.0,2556123,False,Jawaharlal Nehru Port (JNPT),78.0,1.65,Mumbai Port,11.2,4.62,Captive Hinterland,0.333
Maharashtra,RATNAGIRI,528.0,1603560,False,Jawaharlal Nehru Port (JNPT),37.8,5.99,Mumbai Port,15.3,8.96,Highly Contested / Split Hinterland,0.775
Maharashtra,SANGLI,531.0,2799723,False,Jawaharlal Nehru Port (JNPT),40.2,4.95,Mumbai Port,14.6,7.92,Highly Contested / Split Hinterland,0.744
Maharashtra,SATARA,527.0,2982948,False,Jawaharlal Nehru Port (JNPT),49.0,4.05,Mumbai Port,15.6,7.02,Highly Contested / Split Hinterland,0.666
Maharashtra,SINDHUDURG,529.0,842193,False,Jawaharlal Nehru Port (JNPT),31.4,7.0,Mumbai Port,13.8,9.97,Highly Contested / Split Hinterland,0.824
Maharashtra,SOLAPUR,526.0,4277369,False,Jawaharlal Nehru Port (JNPT),42.6,4.71,Mumbai Port,15.0,7.68,Highly Contested / Split Hinterland,0.724
Maharashtra,THANE,517.0,5154199,False,Jawaharlal Nehru Port (JNPT),77.0,1.73,Mumbai Port,11.7,4.7,Captive Hinterland,0.347
Maharashtra,WARDHA,504.0,1292490,False,Paradip Port,18.1,15.05,Jawaharlal Nehru Port (JNPT),17.8,11.58,Highly Contested / Split Hinterland,0.998
Maharashtra,WASHIM,502.0,1171158,False,Jawaharlal Nehru Port (JNPT),26.7,8.33,Mumbai Port,15.7,9.95,Highly Contested / Split Hinterland,0.89
Maharashtra,YAVATMAL,510.0,2757352,False,Jawaharlal Nehru Port (JNPT),17.5,12.02,Paradip Port,16.1,16.57,Highly Contested / Split Hinterland,0.986
Manipur,BISHNUPUR,275.0,196369,False,Paradip Port,25.0,30.03,Syama Prasad Mookerjee Port (Kolkata/Haldia),19.7,23.09,Highly Contested / Split Hinterland,0.947
Manipur,CHANDEL,280.0,115888,False,Paradip Port,24.8,30.65,Syama Prasad Mookerjee Port (Kolkata/Haldia),19.4,23.71,Highly Contested / Split Hinterland,0.946
Manipur,CHURACHANDPUR,274.0,130734,False,Paradip Port,24.9,30.31,Syama Prasad Mookerjee Port (Kolkata/Haldia),19.6,23.36,Highly Contested / Split Hinterland,0.947
Manipur,IMPHAL EAST,278.0,190669,False,Paradip Port,25.1,29.49,Syama Prasad Mookerjee Port (Kolkata/Haldia),19.9,22.55,Highly Contested / Split Hinterland,0.949
Manipur,IMPHAL WEST,277.0,186098,False,Paradip Port,25.0,29.55,Syama Prasad Mookerjee Port (Kolkata/Haldia),19.9,22.6,Highly Contested / Split Hinterland,0.949
Manipur,JIRIBAM,658.0,212583,False,Paradip Port,24.6,32.28,Syama Prasad Mookerjee Port (Kolkata/Haldia),18.7,25.34,Highly Contested / Split Hinterland,0.942
Manipur,KAKCHING,651.0,341043,False,Paradip Port,24.9,30.48,Syama Prasad Mookerjee Port (Kolkata/Haldia),19.5,23.54,Highly Contested / Split Hinterland,0.946
Manipur,KAMJANG,670.0,128385,False,Paradip Port,24.9,30.47,Syama Prasad Mookerjee Port (Kolkata/Haldia),19.5,23.53,Highly Contested / Split Hinterland,0.946
Manipur,KANGPOKPI,679.0,195665,False,Paradip Port,25.1,29.25,Syama Prasad Mookerjee Port (Kolkata/Haldia),20.1,22.31,Highly Contested / Split Hinterland,0.95
Manipur,NONEY,659.0,153758,False,Paradip Port,24.7,31.27,Syama Prasad Mookerjee Port (Kolkata/Haldia),19.1,24.33,Highly Contested / Split Hinterland,0.944
Manipur,PHERZAWL,718.0,318505,False,Paradip Port,24.6,31.95,Syama Prasad Mookerjee Port (Kolkata/Haldia),18.8,25.01,Highly Contested / Split Hinterland,0.942
Manipur,SENAPATI,272.0,217951,False,Paradip Port,25.3,28.22,Syama Prasad Mookerjee Port (Kolkata/Haldia),20.6,21.28,Highly Contested / Split Hinterland,0.953
Manipur,TAMENGLONG,273.0,122620,False,Paradip Port,24.7,31.49,Syama Prasad Mookerjee Port (Kolkata/Haldia),19.0,24.54,Highly Contested / Split Hinterland,0.944
Manipur,TENGNOUPAL,667.0,104556,False,Paradip Port,24.9,30.57,Syama Prasad Mookerjee Port (Kolkata/Haldia),19.4,23.63,Highly Contested / Split Hinterland,0.946
Manipur,THOUBAL,276.0,168293,False,Paradip Port,25.0,29.71,Syama Prasad Mookerjee Port (Kolkata/Haldia),19.8,22.77,Highly Contested / Split Hinterland,0.948
Manipur,UKHRUL,279.0,72676,False,Paradip Port,25.0,29.96,Syama Prasad Mookerjee Port (Kolkata/Haldia),19.7,23.02,Highly Contested / Split Hinterland,0.947
Meghalaya,EAST GARO HILLS,294.0,177723,False,Paradip Port,26.5,21.55,Syama Prasad Mookerjee Port (Kolkata/Haldia),25.7,14.61,Highly Contested / Split Hinterland,0.992
Meghalaya,EAST JAINTIA HILLS,666.0,211614,False,Paradip Port,26.0,24.64,Syama Prasad Mookerjee Port (Kolkata/Haldia),22.9,17.7,Highly Contested / Split Hinterland,0.969
Meghalaya,EAST KHASI HILLS,298.0,821348,False,Paradip Port,26.2,23.42,Syama Prasad Mookerjee Port (Kolkata/Haldia),23.9,16.48,Highly Contested / Split Hinterland,0.977
Meghalaya,EASTERN WEST KHASI HILLS,765.0,85164,False,Paradip Port,26.3,22.9,Syama Prasad Mookerjee Port (Kolkata/Haldia),24.4,15.96,Highly Contested / Split Hinterland,0.981
Meghalaya,NORTH GARO HILLS,674.0,135052,False,Syama Prasad Mookerjee Port (Kolkata/Haldia),26.8,13.65,Paradip Port,26.6,20.6,Highly Contested / Split Hinterland,0.998
Meghalaya,RI-BHOI,297.0,253670,False,Paradip Port,26.4,22.43,Syama Prasad Mookerjee Port (Kolkata/Haldia),24.8,15.49,Highly Contested / Split Hinterland,0.985
Meghalaya,SOUTH GARO HILLS,295.0,136768,False,Paradip Port,26.5,21.71,Syama Prasad Mookerjee Port (Kolkata/Haldia),25.6,14.76,Highly Contested / Split Hinterland,0.991
Meghalaya,SOUTH WEST GARO HILLS,660.0,161540,False,Paradip Port,26.3,22.75,Syama Prasad Mookerjee Port (Kolkata/Haldia),24.5,15.81,Highly Contested / Split Hinterland,0.982
Meghalaya,SOUTH WEST KHASI HILLS,668.0,96783,False,Paradip Port,26.3,22.74,Syama Prasad Mookerjee Port (Kolkata/Haldia),24.5,15.8,Highly Contested / Split Hinterland,0.982
Meghalaya,WEST GARO HILLS,293.0,496469,False,Paradip Port,26.4,22.17,Syama Prasad Mookerjee Port (Kolkata/Haldia),25.1,15.23,Highly Contested / Split Hinterland,0.987
Meghalaya,WEST JAINTIA HILLS,299.0,186439,False,Paradip Port,26.1,23.83,Syama Prasad Mookerjee Port (Kolkata/Haldia),23.5,16.89,Highly Contested / Split Hinterland,0.974
Meghalaya,WEST KHASI HILLS,296.0,204319,False,Paradip Port,26.4,21.98,Syama Prasad Mookerjee Port (Kolkata/Haldia),25.3,15.03,Highly Contested / Split Hinterland,0.989
Mizoram,AIZAWL,283.0,204186,False,Paradip Port,25.1,29.33,Syama Prasad Mookerjee Port (Kolkata/Haldia),20.0,22.39,Highly Contested / Split Hinterland,0.949
Mizoram,CHAMPHAI,284.0,57446,False,Paradip Port,24.8,30.62,Syama Prasad Mookerjee Port (Kolkata/Haldia),19.4,23.68,Highly Contested / Split Hinterland,0.946
Mizoram,HNAHTHIAL,713.0,27077,False,Paradip Port,24.8,30.63,Syama Prasad Mookerjee Port (Kolkata/Haldia),19.4,23.69,Highly Contested / Split Hinterland,0.946
Mizoram,KHAWZAWL,703.0,36751,False,Paradip Port,24.9,30.31,Syama Prasad Mookerjee Port (Kolkata/Haldia),19.5,23.37,Highly Contested / Split Hinterland,0.946
Mizoram,KOLASIB,282.0,76671,False,Paradip Port,25.4,27.46,Syama Prasad Mookerjee Port (Kolkata/Haldia),21.0,20.52,Highly Contested / Split Hinterland,0.956
Mizoram,LAWNGTLAI,287.0,107666,False,Paradip Port,24.5,32.61,Syama Prasad Mookerjee Port (Kolkata/Haldia),18.6,25.67,Highly Contested / Split Hinterland,0.941
Mizoram,LUNGLEI,286.0,116327,False,Paradip Port,24.6,32.04,Syama Prasad Mookerjee Port (Kolkata/Haldia),18.8,25.1,Highly Contested / Split Hinterland,0.942
Mizoram,MAMIT,281.0,76430,False,Paradip Port,25.3,27.91,Syama Prasad Mookerjee Port (Kolkata/Haldia),20.8,20.96,Highly Contested / Split Hinterland,0.954
Mizoram,SAIHA,288.0,38340,False,Paradip Port,24.4,33.1,Syama Prasad Mookerjee Port (Kolkata/Haldia),18.4,26.16,Highly Contested / Split Hinterland,0.94
Mizoram,SAITUAL,682.0,297007,False,Paradip Port,24.9,30.28,Syama Prasad Mookerjee Port (Kolkata/Haldia),19.6,23.33,Highly Contested / Split Hinterland,0.947
Mizoram,SERCHHIP,285.0,59303,False,Paradip Port,25.0,29.8,Syama Prasad Mookerjee Port (Kolkata/Haldia),19.8,22.86,Highly Contested / Split Hinterland,0.948
Nagaland,CHUMOUKEDIMA,711.0,308147,False,Paradip Port,25.5,26.98,Syama Prasad Mookerjee Port (Kolkata/Haldia),21.3,20.04,Highly Contested / Split Hinterland,0.958
Nagaland,DIMAPUR,265.0,30590,False,Paradip Port,25.7,25.86,Syama Prasad Mookerjee Port (Kolkata/Haldia),22.0,18.91,Highly Contested / Split Hinterland,0.963
Nagaland,KIPHIRE,269.0,71224,False,Paradip Port,24.9,30.55,Syama Prasad Mookerjee Port (Kolkata/Haldia),19.4,23.6,Highly Contested / Split Hinterland,0.946
Nagaland,KOHIMA,270.0,229596,False,Paradip Port,25.4,27.6,Syama Prasad Mookerjee Port (Kolkata/Haldia),20.9,20.66,Highly Contested / Split Hinterland,0.955
Nagaland,LONGLENG,268.0,53015,False,Paradip Port,24.8,30.6,Syama Prasad Mookerjee Port (Kolkata/Haldia),19.4,23.66,Highly Contested / Split Hinterland,0.946
Nagaland,MOKOKCHUNG,262.0,198579,False,Paradip Port,25.5,27.07,Syama Prasad Mookerjee Port (Kolkata/Haldia),21.2,20.13,Highly Contested / Split Hinterland,0.957
Nagaland,MON,261.0,262850,False,Paradip Port,24.7,31.3,Syama Prasad Mookerjee Port (Kolkata/Haldia),19.1,24.36,Highly Contested / Split Hinterland,0.944
Nagaland,NIULAND,709.0,30977,False,Paradip Port,25.4,27.44,Syama Prasad Mookerjee Port (Kolkata/Haldia),21.0,20.5,Highly Contested / Split Hinterland,0.956
Nagaland,NOKLAK,708.0,74596,False,Paradip Port,24.6,31.76,Syama Prasad Mookerjee Port (Kolkata/Haldia),18.9,24.82,Highly Contested / Split Hinterland,0.943
Nagaland,PEREN,271.0,100009,False,Paradip Port,25.5,27.07,Syama Prasad Mookerjee Port (Kolkata/Haldia),21.3,20.12,Highly Contested / Split Hinterland,0.958
Nagaland,PHEK,266.0,154411,False,Paradip Port,24.7,31.3,Syama Prasad Mookerjee Port (Kolkata/Haldia),19.1,24.36,Highly Contested / Split Hinterland,0.944
Nagaland,SHAMATOR,712.0,37716,False,Paradip Port,24.7,31.38,Syama Prasad Mookerjee Port (Kolkata/Haldia),19.1,24.44,Highly Contested / Split Hinterland,0.944
Nagaland,TSEMINYU,710.0,51815,False,Paradip Port,25.3,28.32,Syama Prasad Mookerjee Port (Kolkata/Haldia),20.5,21.38,Highly Contested / Split Hinterland,0.953
Nagaland,TUENSANG,267.0,64644,False,Paradip Port,24.5,32.38,Syama Prasad Mookerjee Port (Kolkata/Haldia),18.7,25.44,Highly Contested / Split Hinterland,0.941
Nagaland,WOKHA,264.0,162495,False,Paradip Port,25.1,28.98,Syama Prasad Mookerjee Port (Kolkata/Haldia),20.2,22.04,Highly Contested / Split Hinterland,0.95
Nagaland,ZUNHEBOTO,263.0,147838,False,Paradip Port,25.0,29.99,Syama Prasad Mookerjee Port (Kolkata/Haldia),19.7,23.05,Highly Contested / Split Hinterland,0.947
Odisha,ANUGUL,384.0,1278369,False,Paradip Port,49.5,6.63,Syama Prasad Mookerjee Port (Kolkata/Haldia),17.5,8.3,Highly Contested / Split Hinterland,0.68
Odisha,BALANGIR,393.0,1656214,False,Paradip Port,40.0,7.56,Visakhapatnam Port,23.7,7.68,Highly Contested / Split Hinterland,0.837
Odisha,BALASORE,377.0,2288802,False,Syama Prasad Mookerjee Port (Kolkata/Haldia),44.8,3.41,Paradip Port,33.5,6.11,Highly Contested / Split Hinterland,0.887
Odisha,BARGARH,370.0,1489765,False,Paradip Port,45.3,6.73,Visakhapatnam Port,19.9,8.2,Highly Contested / Split Hinterland,0.746
Odisha,BHADRAK,378.0,1509391,False,Paradip Port,44.9,5.45,Syama Prasad Mookerjee Port (Kolkata/Haldia),29.2,4.71,Highly Contested / Split Hinterland,0.843
Odisha,BOUDH,391.0,437710,False,Paradip Port,50.0,6.06,Visakhapatnam Port,16.8,8.69,Dominant / Mildly Contested,0.668
Odisha,CUTTACK,381.0,2562386,False,Paradip Port,56.4,4.76,Syama Prasad Mookerjee Port (Kolkata/Haldia),15.8,6.85,Dominant / Mildly Contested,0.594
Odisha,DEOGARH,373.0,344217,False,Paradip Port,55.3,5.08,Syama Prasad Mookerjee Port (Kolkata/Haldia),17.7,6.75,Dominant / Mildly Contested,0.624
Odisha,DHENKANAL,383.0,1198423,False,Paradip Port,78.8,2.65,Syama Prasad Mookerjee Port (Kolkata/Haldia),8.0,7.08,Captive Hinterland,0.292
Odisha,GAJAPATI,389.0,597457,False,Visakhapatnam Port,56.5,3.84,Paradip Port,17.1,10.72,Dominant / Mildly Contested,0.606
Odisha,GANJAM,388.0,3509632,False,Visakhapatnam Port,39.5,4.88,Paradip Port,29.0,7.95,Highly Contested / Split Hinterland,0.895
Odisha,JAGATSINGHPUR,380.0,1120376,False,Paradip Port,48.9,5.61,Syama Prasad Mookerjee Port (Kolkata/Haldia),18.4,6.75,Highly Contested / Split Hinterland,0.695
Odisha,JAJAPUR,382.0,1827544,False,Paradip Port,51.5,4.73,Syama Prasad Mookerjee Port (Kolkata/Haldia),23.1,5.12,Dominant / Mildly Contested,0.716
Odisha,JHARSUGUDA,371.0,576512,False,Paradip Port,50.7,6.27,Syama Prasad Mookerjee Port (Kolkata/Haldia),17.6,7.94,Dominant / Mildly Contested,0.668
Odisha,KALAHANDI,395.0,1587808,False,Visakhapatnam Port,34.1,5.9,Paradip Port,31.8,8.32,Highly Contested / Split Hinterland,0.977
Odisha,KANDHAMAL,390.0,736047,False,Visakhapatnam Port,31.8,6.63,Paradip Port,30.9,9.11,Highly Contested / Split Hinterland,0.991
Odisha,KENDRAPARA,379.0,1435800,False,Paradip Port,95.7,1.0,Syama Prasad Mookerjee Port (Kolkata/Haldia),1.7,7.73,Captive Hinterland,0.06
Odisha,KEONJHAR (KENDUJHAR),375.0,1813036,False,Paradip Port,69.6,3.03,Syama Prasad Mookerjee Port (Kolkata/Haldia),15.7,4.98,Dominant / Mildly Contested,0.461
Odisha,KHORDHA,386.0,2328209,False,Paradip Port,43.6,5.66,Visakhapatnam Port,24.6,5.92,Highly Contested / Split Hinterland,0.81
Odisha,KORAPUT,398.0,1331316,False,Visakhapatnam Port,54.0,3.99,Paradip Port,17.6,10.64,Dominant / Mildly Contested,0.636
Odisha,MALKANGIRI,399.0,611009,False,Visakhapatnam Port,43.8,5.29,Paradip Port,18.8,11.94,Highly Contested / Split Hinterland,0.75
Odisha,MAYURBHANJ,376.0,2537032,False,Paradip Port,45.6,5.29,Syama Prasad Mookerjee Port (Kolkata/Haldia),35.2,4.12,Highly Contested / Split Hinterland,0.896
Odisha,NABARANGAPUR,397.0,1255617,False,Visakhapatnam Port,40.5,5.57,Paradip Port,25.3,10.01,Highly Contested / Split Hinterland,0.848
Odisha,NAYAGARH,385.0,968485,False,Paradip Port,43.2,6.51,Visakhapatnam Port,21.3,7.38,Highly Contested / Split Hinterland,0.782
Odisha,NUAPARHA,394.0,610872,False,Paradip Port,34.8,8.96,Visakhapatnam Port,23.6,8.39,Highly Contested / Split Hinterland,0.888
Odisha,PURI,387.0,1661262,False,Paradip Port,46.6,6.05,Visakhapatnam Port,18.9,7.73,Highly Contested / Split Hinterland,0.723
Odisha,RAYAGARHA,396.0,968526,False,Visakhapatnam Port,43.9,5.86,Paradip Port,19.3,13.04,Highly Contested / Split Hinterland,0.754
Odisha,SAMBALPUR,372.0,1018647,False,Paradip Port,51.8,5.96,Syama Prasad Mookerjee Port (Kolkata/Haldia),17.6,7.63,Dominant / Mildly Contested,0.658
Odisha,SUBARNAPUR,392.0,609309,False,Paradip Port,49.1,5.89,Visakhapatnam Port,18.4,7.91,Highly Contested / Split Hinterland,0.692
Odisha,SUNDARGARH,374.0,2104442,False,Paradip Port,54.4,5.5,Syama Prasad Mookerjee Port (Kolkata/Haldia),18.3,7.09,Dominant / Mildly Contested,0.639
Puducherry,KARAIKAL,637.0,213920,False,Chennai Port,21.4,8.64,Kamarajar Port (Ennore),18.8,8.75,Highly Contested / Split Hinterland,0.974
Puducherry,PUDUCHERRY,635.0,1034033,False,Chennai Port,24.3,6.79,Kamarajar Port (Ennore),21.2,6.91,Highly Contested / Split Hinterland,0.969
Punjab,AMRITSAR,49.0,2449828,False,Deendayal Port (Kandla),37.7,15.35,Paradip Port,11.8,32.6,Highly Contested / Split Hinterland,0.741
Punjab,BARNALA,54.0,560976,False,Deendayal Port (Kandla),40.8,13.15,Jawaharlal Nehru Port (JNPT),11.4,22.79,Highly Contested / Split Hinterland,0.706
Punjab,BATHINDA,46.0,1363419,False,Deendayal Port (Kandla),42.7,12.51,Jawaharlal Nehru Port (JNPT),11.5,22.15,Highly Contested / Split Hinterland,0.688
Punjab,FARIDKOT,45.0,607898,False,Deendayal Port (Kandla),41.5,13.12,Jawaharlal Nehru Port (JNPT),11.6,22.76,Highly Contested / Split Hinterland,0.701
Punjab,FATEHGARH SAHIB,40.0,608938,False,Deendayal Port (Kandla),35.1,15.39,Paradip Port,13.2,29.18,Highly Contested / Split Hinterland,0.781
Punjab,FAZILKA,673.0,1098493,False,Deendayal Port (Kandla),41.5,13.14,Jawaharlal Nehru Port (JNPT),11.6,22.78,Highly Contested / Split Hinterland,0.701
Punjab,FIROZPUR,43.0,1116158,False,Deendayal Port (Kandla),40.1,13.77,Jawaharlal Nehru Port (JNPT),11.6,23.4,Highly Contested / Split Hinterland,0.715
Punjab,GURDASPUR,35.0,1957725,False,Deendayal Port (Kandla),36.4,15.9,Paradip Port,12.4,32.05,Highly Contested / Split Hinterland,0.76
Punjab,HOSHIARPUR,38.0,1564614,False,Deendayal Port (Kandla),36.1,15.64,Paradip Port,12.8,30.73,Highly Contested / Split Hinterland,0.767
Punjab,JALANDHAR,37.0,2162051,False,Deendayal Port (Kandla),37.7,14.74,Paradip Port,12.3,30.52,Highly Contested / Split Hinterland,0.746
Punjab,KAPURTHALA,36.0,775913,False,Deendayal Port (Kandla),37.5,14.97,Paradip Port,12.2,30.95,Highly Contested / Split Hinterland,0.748
Punjab,LUDHIANA,41.0,3465593,False,Deendayal Port (Kandla),37.0,14.87,Paradip Port,12.6,29.94,Highly Contested / Split Hinterland,0.756
Punjab,MALER KOTLA,748.0,306601,False,Deendayal Port (Kandla),35.8,15.62,Paradip Port,13.0,30.36,Highly Contested / Split Hinterland,0.771
Punjab,MANSA,47.0,743171,False,Deendayal Port (Kandla),40.0,13.52,Jawaharlal Nehru Port (JNPT),11.4,23.15,Highly Contested / Split Hinterland,0.714
Punjab,MOGA,42.0,941538,False,Deendayal Port (Kandla),40.2,13.56,Jawaharlal Nehru Port (JNPT),11.5,23.2,Highly Contested / Split Hinterland,0.713
Punjab,PATHANKOT,678.0,586929,False,Deendayal Port (Kandla),35.3,16.56,Paradip Port,12.9,32.03,Highly Contested / Split Hinterland,0.776
Punjab,PATIALA,48.0,1855704,False,Deendayal Port (Kandla),37.0,14.65,Paradip Port,12.7,29.38,Highly Contested / Split Hinterland,0.757
Punjab,RUPNAGAR,51.0,651796,False,Deendayal Port (Kandla),34.1,16.12,Paradip Port,13.6,29.46,Highly Contested / Split Hinterland,0.796
Punjab,SANGRUR,53.0,1313771,False,Deendayal Port (Kandla),38.9,13.88,Paradip Port,11.7,30.1,Highly Contested / Split Hinterland,0.728
Punjab,SAS NAGAR (SAHIBZADA AJIT SINGH NAGAR),52.0,1004882,False,Deendayal Port (Kandla),34.6,15.36,Paradip Port,13.5,28.45,Highly Contested / Split Hinterland,0.789
Punjab,SHAHID BHAGAT SINGH NAGAR,39.0,597508,False,Deendayal Port (Kandla),35.3,15.64,Paradip Port,13.3,29.6,Highly Contested / Split Hinterland,0.78
Punjab,SRI MUKTSAR SAHIB,44.0,909149,False,Deendayal Port (Kandla),42.6,12.53,Jawaharlal Nehru Port (JNPT),11.5,22.17,Highly Contested / Split Hinterland,0.689
Punjab,TARN TARAN,50.0,1100684,False,Deendayal Port (Kandla),38.8,14.54,Jawaharlal Nehru Port (JNPT),11.6,24.18,Highly Contested / Split Hinterland,0.728
Rajasthan,AJMER,119.0,2111138,False,Deendayal Port (Kandla),41.6,10.2,Jawaharlal Nehru Port (JNPT),13.4,16.22,Highly Contested / Split Hinterland,0.718
Rajasthan,ALWAR,104.0,2073427,False,Deendayal Port (Kandla),33.7,13.81,Jawaharlal Nehru Port (JNPT),12.8,19.85,Highly Contested / Split Hinterland,0.791
Rajasthan,BALOTRA,785.0,882010,False,Deendayal Port (Kandla),64.2,6.15,Jawaharlal Nehru Port (JNPT),9.1,16.13,Dominant / Mildly Contested,0.449
Rajasthan,BANSWARA,125.0,1803030,False,Deendayal Port (Kandla),28.9,11.5,Jawaharlal Nehru Port (JNPT),21.6,10.96,Highly Contested / Split Hinterland,0.928
Rajasthan,BARAN,128.0,1264478,False,Deendayal Port (Kandla),30.8,12.74,Paradip Port,12.8,22.75,Highly Contested / Split Hinterland,0.82
Rajasthan,BARMER,115.0,1748290,False,Deendayal Port (Kandla),55.2,8.55,Jawaharlal Nehru Port (JNPT),10.7,18.52,Dominant / Mildly Contested,0.554
Rajasthan,BEAWAR,779.0,989943,False,Deendayal Port (Kandla),46.1,9.04,Jawaharlal Nehru Port (JNPT),13.2,15.43,Highly Contested / Split Hinterland,0.671
Rajasthan,BHARATPUR,105.0,1458562,False,Deendayal Port (Kandla),28.2,15.45,Paradip Port,16.0,22.87,Highly Contested / Split Hinterland,0.878
Rajasthan,BHILWARA,122.0,2358644,False,Deendayal Port (Kandla),40.3,9.89,Jawaharlal Nehru Port (JNPT),14.3,14.85,Highly Contested / Split Hinterland,0.74
Rajasthan,BIKANER,101.0,2381561,False,Deendayal Port (Kandla),30.8,17.09,Jawaharlal Nehru Port (JNPT),13.0,23.13,Highly Contested / Split Hinterland,0.821
Rajasthan,BUNDI,121.0,1148813,False,Deendayal Port (Kandla),34.7,11.62,Jawaharlal Nehru Port (JNPT),13.4,16.53,Highly Contested / Split Hinterland,0.787
Rajasthan,CHITTAURGARH,126.0,1562629,False,Deendayal Port (Kandla),44.6,8.55,Jawaharlal Nehru Port (JNPT),14.3,13.62,Highly Contested / Split Hinterland,0.698
Rajasthan,CHURU,102.0,2052727,False,Deendayal Port (Kandla),32.9,14.92,Jawaharlal Nehru Port (JNPT),13.0,20.96,Highly Contested / Split Hinterland,0.801
Rajasthan,DAUSA,109.0,1618863,False,Deendayal Port (Kandla),31.7,14.06,Paradip Port,14.0,24.23,Highly Contested / Split Hinterland,0.823
Rajasthan,DEEG,774.0,1084727,False,Deendayal Port (Kandla),32.0,15.4,Paradip Port,12.8,28.09,Highly Contested / Split Hinterland,0.808
Rajasthan,DHAULPUR,106.0,1214189,False,Deendayal Port (Kandla),28.6,16.7,Paradip Port,14.1,26.87,Highly Contested / Split Hinterland,0.855
Rajasthan,DIDWANA-KUCHAMAN,787.0,1283879,False,Deendayal Port (Kandla),31.3,16.59,Jawaharlal Nehru Port (JNPT),13.0,22.63,Highly Contested / Split Hinterland,0.817
Rajasthan,DUNGARPUR,124.0,1396027,False,Deendayal Port (Kandla),45.5,7.63,Jawaharlal Nehru Port (JNPT),16.7,11.2,Highly Contested / Split Hinterland,0.712
Rajasthan,GANGANAGAR,99.0,2036360,False,Deendayal Port (Kandla),38.9,14.85,Jawaharlal Nehru Port (JNPT),11.8,24.49,Highly Contested / Split Hinterland,0.729
Rajasthan,HANUMANGARH,100.0,1729648,False,Deendayal Port (Kandla),47.2,10.86,Jawaharlal Nehru Port (JNPT),11.5,20.49,Highly Contested / Split Hinterland,0.643
Rajasthan,JAIPUR,110.0,5817193,False,Deendayal Port (Kandla),36.6,11.99,Jawaharlal Nehru Port (JNPT),12.9,18.03,Highly Contested / Split Hinterland,0.763
Rajasthan,JAISALMER,114.0,653530,False,Deendayal Port (Kandla),27.8,21.62,Paradip Port,13.4,35.28,Highly Contested / Split Hinterland,0.856
Rajasthan,JALOR,116.0,1833059,False,Deendayal Port (Kandla),65.4,5.97,Jawaharlal Nehru Port (JNPT),9.0,15.95,Dominant / Mildly Contested,0.435
Rajasthan,JHALAWAR,129.0,1448458,False,Deendayal Port (Kandla),28.6,13.13,Paradip Port,13.6,21.58,Highly Contested / Split Hinterland,0.85
Rajasthan,JHUNJHUNUN,103.0,2146150,False,Deendayal Port (Kandla),32.5,15.24,Jawaharlal Nehru Port (JNPT),13.0,21.28,Highly Contested / Split Hinterland,0.805
Rajasthan,JODHPUR,113.0,2156916,False,Deendayal Port (Kandla),57.0,7.28,Jawaharlal Nehru Port (JNPT),10.8,16.0,Dominant / Mildly Contested,0.538
Rajasthan,KARAULI,107.0,1466707,False,Deendayal Port (Kandla),29.3,15.72,Paradip Port,13.9,25.89,Highly Contested / Split Hinterland,0.846
Rajasthan,KHAIRTHAL-TIJARA,777.0,895501,False,Deendayal Port (Kandla),32.8,14.61,Jawaharlal Nehru Port (JNPT),12.8,20.65,Highly Contested / Split Hinterland,0.8
Rajasthan,KOTA,127.0,1785506,False,Deendayal Port (Kandla),34.6,11.42,Jawaharlal Nehru Port (JNPT),13.3,16.33,Highly Contested / Split Hinterland,0.787
Rajasthan,KOTPUTLI-BEHROR,780.0,1478597,False,Deendayal Port (Kandla),34.1,13.51,Jawaharlal Nehru Port (JNPT),12.8,19.55,Highly Contested / Split Hinterland,0.788
Rajasthan,NAGAUR,112.0,2044363,False,Deendayal Port (Kandla),31.0,16.93,Jawaharlal Nehru Port (JNPT),13.0,22.97,Highly Contested / Split Hinterland,0.82
Rajasthan,PALI,118.0,1642235,False,Deendayal Port (Kandla),49.9,8.32,Jawaharlal Nehru Port (JNPT),12.9,15.09,Highly Contested / Split Hinterland,0.63
Rajasthan,PHALODI,783.0,1545297,False,Deendayal Port (Kandla),29.2,19.2,Paradip Port,13.0,32.85,Highly Contested / Split Hinterland,0.838
Rajasthan,PRATAPGARH,131.0,897461,False,Deendayal Port (Kandla),34.3,10.67,Jawaharlal Nehru Port (JNPT),18.4,12.45,Highly Contested / Split Hinterland,0.841
Rajasthan,RAJSAMAND,123.0,1071283,False,Deendayal Port (Kandla),44.4,8.8,Jawaharlal Nehru Port (JNPT),14.7,13.76,Highly Contested / Split Hinterland,0.703
Rajasthan,SALUMBAR,775.0,686891,False,Deendayal Port (Kandla),44.7,7.96,Jawaharlal Nehru Port (JNPT),16.8,11.53,Highly Contested / Split Hinterland,0.721
Rajasthan,SAWAI MADHOPUR,108.0,1319482,False,Deendayal Port (Kandla),30.3,14.55,Paradip Port,13.0,25.5,Highly Contested / Split Hinterland,0.827
Rajasthan,SIKAR,111.0,2692344,False,Deendayal Port (Kandla),34.2,13.71,Jawaharlal Nehru Port (JNPT),13.0,19.75,Highly Contested / Split Hinterland,0.788
Rajasthan,SIROHI,117.0,1030215,False,Deendayal Port (Kandla),56.3,6.57,Jawaharlal Nehru Port (JNPT),12.1,13.34,Dominant / Mildly Contested,0.558
Rajasthan,TONK,120.0,1407991,False,Deendayal Port (Kandla),32.7,13.07,Jawaharlal Nehru Port (JNPT),13.4,17.98,Highly Contested / Split Hinterland,0.807
Rajasthan,UDAIPUR,130.0,2330313,False,Deendayal Port (Kandla),47.4,7.44,Jawaharlal Nehru Port (JNPT),15.5,11.73,Highly Contested / Split Hinterland,0.681
Sikkim,GANGTOK,244.0,131307,False,Syama Prasad Mookerjee Port (Kolkata/Haldia),30.4,10.99,Paradip Port,26.6,17.93,Highly Contested / Split Hinterland,0.961
Sikkim,GYALSHING,242.0,24289,False,Syama Prasad Mookerjee Port (Kolkata/Haldia),29.2,11.74,Paradip Port,26.5,18.69,Highly Contested / Split Hinterland,0.973
Sikkim,MANGAN,241.0,11540,False,Syama Prasad Mookerjee Port (Kolkata/Haldia),28.3,12.35,Paradip Port,26.5,19.29,Highly Contested / Split Hinterland,0.982
Sikkim,NAMCHI,243.0,395324,False,Syama Prasad Mookerjee Port (Kolkata/Haldia),30.4,11.01,Paradip Port,26.6,17.95,Highly Contested / Split Hinterland,0.962
Sikkim,PAKYONG,702.0,36414,False,Syama Prasad Mookerjee Port (Kolkata/Haldia),30.8,10.8,Paradip Port,26.6,17.74,Highly Contested / Split Hinterland,0.958
Sikkim,SORENG,701.0,11704,False,Syama Prasad Mookerjee Port (Kolkata/Haldia),29.4,11.63,Paradip Port,26.5,18.57,Highly Contested / Split Hinterland,0.972
Tamil Nadu,ARIYALUR,616.0,751485,False,Chennai Port,21.6,8.51,Kamarajar Port (Ennore),18.9,8.63,Highly Contested / Split Hinterland,0.974
Tamil Nadu,CHENGALPATTU,754.0,2319356,False,Chennai Port,29.3,5.01,Kamarajar Port (Ennore),25.4,5.12,Highly Contested / Split Hinterland,0.961
Tamil Nadu,CHENNAI,603.0,4801403,False,Chennai Port,28.9,5.17,Kamarajar Port (Ennore),25.0,5.28,Highly Contested / Split Hinterland,0.962
Tamil Nadu,COIMBATORE,632.0,3475300,False,Cochin Port,42.2,3.09,V.O. Chidambaranar Port (Tuticorin),15.9,5.96,Highly Contested / Split Hinterland,0.737
Tamil Nadu,CUDDALORE,617.0,2614879,False,Chennai Port,23.2,7.44,Kamarajar Port (Ennore),20.3,7.55,Highly Contested / Split Hinterland,0.971
Tamil Nadu,DHARMAPURI,630.0,1497244,False,Chennai Port,16.2,7.11,Cochin Port,16.0,5.82,Highly Contested / Split Hinterland,0.998
Tamil Nadu,DINDIGUL,612.0,2167100,False,V.O. Chidambaranar Port (Tuticorin),31.7,4.2,Cochin Port,24.7,4.58,Highly Contested / Split Hinterland,0.929
Tamil Nadu,ERODE,610.0,2255237,False,Cochin Port,32.7,4.37,V.O. Chidambaranar Port (Tuticorin),15.6,7.31,Highly Contested / Split Hinterland,0.829
Tamil Nadu,KALLAKURICHI,760.0,1594463,False,Chennai Port,23.5,7.26,Kamarajar Port (Ennore),20.5,7.38,Highly Contested / Split Hinterland,0.97
Tamil Nadu,KANCHEEPURAM,604.0,1472624,False,Chennai Port,31.3,4.4,Kamarajar Port (Ennore),27.0,4.51,Highly Contested / Split Hinterland,0.957
Tamil Nadu,KANNIYAKUMARI,629.0,1865666,False,V.O. Chidambaranar Port (Tuticorin),66.2,2.5,Cochin Port,9.1,7.79,Dominant / Mildly Contested,0.429
Tamil Nadu,KARUR,613.0,1066913,False,V.O. Chidambaranar Port (Tuticorin),27.2,5.94,Cochin Port,19.9,6.73,Highly Contested / Split Hinterland,0.926
Tamil Nadu,KRISHNAGIRI,631.0,1879875,False,Chennai Port,17.5,6.72,New Mangalore Port,16.0,6.5,Highly Contested / Split Hinterland,0.985
Tamil Nadu,MADURAI,623.0,3046063,False,V.O. Chidambaranar Port (Tuticorin),42.2,3.11,Cochin Port,26.1,3.9,Highly Contested / Split Hinterland,0.838
Tamil Nadu,MAYILADUTHURAI,696.0,759883,False,Chennai Port,22.3,8.01,Kamarajar Port (Ennore),19.5,8.13,Highly Contested / Split Hinterland,0.972
Tamil Nadu,NAGAPATTINAM,618.0,827350,False,Chennai Port,20.7,9.17,Kamarajar Port (Ennore),18.2,9.28,Highly Contested / Split Hinterland,0.975
Tamil Nadu,NAMAKKAL,609.0,1730664,False,Cochin Port,20.7,5.39,V.O. Chidambaranar Port (Tuticorin),14.5,7.15,Highly Contested / Split Hinterland,0.938
Tamil Nadu,PERAMBALUR,615.0,565375,False,Chennai Port,22.9,7.62,Kamarajar Port (Ennore),20.0,7.73,Highly Contested / Split Hinterland,0.972
Tamil Nadu,PUDUKKOTTAI,621.0,1619897,False,Chennai Port,20.4,9.45,Kamarajar Port (Ennore),17.9,9.57,Highly Contested / Split Hinterland,0.975
Tamil Nadu,RAMANATHAPURAM,626.0,1398496,False,Chennai Port,18.4,11.48,Kamarajar Port (Ennore),16.3,11.6,Highly Contested / Split Hinterland,0.978
Tamil Nadu,RANIPET,750.0,1202775,False,Chennai Port,33.8,3.72,Kamarajar Port (Ennore),28.9,3.83,Highly Contested / Split Hinterland,0.951
Tamil Nadu,SALEM,608.0,3476500,False,Cochin Port,20.7,5.22,Chennai Port,13.9,8.19,Highly Contested / Split Hinterland,0.931
Tamil Nadu,SIVAGANGA,622.0,1325676,False,Chennai Port,19.8,10.04,Kamarajar Port (Ennore),17.4,10.16,Highly Contested / Split Hinterland,0.976
Tamil Nadu,TENKASI,764.0,1281150,False,V.O. Chidambaranar Port (Tuticorin),64.4,2.4,Cochin Port,10.8,6.62,Dominant / Mildly Contested,0.464
Tamil Nadu,THANJAVUR,620.0,2396575,False,Chennai Port,20.8,9.11,Kamarajar Port (Ennore),18.3,9.23,Highly Contested / Split Hinterland,0.975
Tamil Nadu,THE NILGIRIS,611.0,736565,False,Cochin Port,32.4,4.42,V.O. Chidambaranar Port (Tuticorin),15.6,7.36,Highly Contested / Split Hinterland,0.832
Tamil Nadu,THENI,624.0,1255292,False,Cochin Port,40.3,3.42,V.O. Chidambaranar Port (Tuticorin),22.4,5.22,Highly Contested / Split Hinterland,0.821
Tamil Nadu,THIRUVARUR,619.0,1239908,False,Chennai Port,20.1,9.71,Kamarajar Port (Ennore),17.7,9.83,Highly Contested / Split Hinterland,0.976
Tamil Nadu,THOOTHUKUDI,627.0,1815175,False,V.O. Chidambaranar Port (Tuticorin),94.7,0.62,Cochin Port,1.5,7.1,Captive Hinterland,0.068
Tamil Nadu,TIRUCHIRAPPALLI,614.0,2715570,False,Chennai Port,21.7,8.39,Kamarajar Port (Ennore),19.1,8.51,Highly Contested / Split Hinterland,0.973
Tamil Nadu,TIRUNELVELI,628.0,1763169,False,V.O. Chidambaranar Port (Tuticorin),76.9,1.71,Cochin Port,6.7,7.0,Captive Hinterland,0.299
Tamil Nadu,TIRUPATHUR,751.0,1282547,False,Chennai Port,26.7,5.33,Kamarajar Port (Ennore),23.2,5.44,Highly Contested / Split Hinterland,0.965
Tamil Nadu,TIRUPPUR,633.0,2472171,False,Cochin Port,30.7,3.93,V.O. Chidambaranar Port (Tuticorin),23.0,5.0,Highly Contested / Split Hinterland,0.923
Tamil Nadu,TIRUVALLUR,602.0,3719656,False,Chennai Port,56.7,0.73,Kamarajar Port (Ennore),39.6,0.85,Dominant / Mildly Contested,0.829
Tamil Nadu,TIRUVANNAMALAI,606.0,2476153,False,Chennai Port,27.6,5.32,Kamarajar Port (Ennore),23.9,5.44,Highly Contested / Split Hinterland,0.963
Tamil Nadu,VELLORE,605.0,1460431,False,Chennai Port,30.0,4.43,Kamarajar Port (Ennore),25.7,4.55,Highly Contested / Split Hinterland,0.958
Tamil Nadu,VILUPPURAM,607.0,1934795,False,Chennai Port,22.8,7.67,Kamarajar Port (Ennore),20.0,7.78,Highly Contested / Split Hinterland,0.972
Tamil Nadu,VIRUDHUNAGAR,625.0,1883650,False,V.O. Chidambaranar Port (Tuticorin),57.8,2.44,Cochin Port,15.9,5.0,Dominant / Mildly Contested,0.581
Telangana,ADILABAD,532.0,699201,False,Jawaharlal Nehru Port (JNPT),18.9,10.85,Paradip Port,13.9,17.11,Highly Contested / Split Hinterland,0.95
Telangana,BHADRADRI KOTHAGUDEM,739.0,1294266,False,Visakhapatnam Port,26.2,8.41,Paradip Port,16.5,15.06,Highly Contested / Split Hinterland,0.903
Telangana,HANUMAKONDA,731.0,492563,False,Visakhapatnam Port,18.5,10.35,Jawaharlal Nehru Port (JNPT),13.6,12.84,Highly Contested / Split Hinterland,0.951
Telangana,HYDERABAD,536.0,3269292,False,Visakhapatnam Port,16.6,10.38,Jawaharlal Nehru Port (JNPT),14.6,11.56,Highly Contested / Split Hinterland,0.98
Telangana,JAGTIAL,714.0,926412,False,Jawaharlal Nehru Port (JNPT),18.3,10.87,Visakhapatnam Port,15.2,11.77,Highly Contested / Split Hinterland,0.97
Telangana,JANGAON,737.0,600032,False,Visakhapatnam Port,17.3,10.72,Jawaharlal Nehru Port (JNPT),13.4,12.94,Highly Contested / Split Hinterland,0.96
Telangana,JAYASHANKAR BHUPALPALLI,736.0,911861,False,Jawaharlal Nehru Port (JNPT),15.9,13.5,Paradip Port,15.5,17.97,Highly Contested / Split Hinterland,0.996
Telangana,JOGULAMBA GADWAL,744.0,587446,False,Chennai Port,14.9,9.09,Kamarajar Port (Ennore),13.1,9.2,Highly Contested / Split Hinterland,0.982
Telangana,KAMAREDDY,719.0,1233156,False,Jawaharlal Nehru Port (JNPT),22.5,9.87,Mumbai Port,11.6,12.76,Highly Contested / Split Hinterland,0.891
Telangana,KARIMNAGAR,534.0,700317,False,Visakhapatnam Port,17.3,10.9,Jawaharlal Nehru Port (JNPT),15.9,11.84,Highly Contested / Split Hinterland,0.986
Telangana,KHAMMAM,541.0,771379,False,Visakhapatnam Port,32.3,7.72,Paradip Port,12.7,18.36,Highly Contested / Split Hinterland,0.804
Telangana,KUMURAM BHEEM,705.0,789014,False,Paradip Port,17.5,16.71,Jawaharlal Nehru Port (JNPT),16.4,13.23,Highly Contested / Split Hinterland,0.99
Telangana,MAHABUBABAD,738.0,1230836,False,Visakhapatnam Port,21.9,9.34,Paradip Port,14.8,15.99,Highly Contested / Split Hinterland,0.929
Telangana,MAHBUBNAGAR,538.0,504949,False,Jawaharlal Nehru Port (JNPT),15.8,10.9,Visakhapatnam Port,13.7,11.5,Highly Contested / Split Hinterland,0.979
Telangana,MANCHERIAL,697.0,915556,False,Paradip Port,17.5,17.22,Jawaharlal Nehru Port (JNPT),16.2,13.73,Highly Contested / Split Hinterland,0.988
Telangana,MEDAK,535.0,887730,False,Jawaharlal Nehru Port (JNPT),20.4,10.62,Mumbai Port,10.8,13.51,Highly Contested / Split Hinterland,0.904
Telangana,MEDCHAL-MALKAJGIRI,749.0,964325,False,Visakhapatnam Port,16.3,10.74,Jawaharlal Nehru Port (JNPT),14.5,11.88,Highly Contested / Split Hinterland,0.982
Telangana,MULUGU,762.0,1417147,False,Visakhapatnam Port,18.8,11.01,Paradip Port,14.2,17.66,Highly Contested / Split Hinterland,0.954
Telangana,NAGARKURNOOL,743.0,1418001,False,Visakhapatnam Port,16.6,10.05,Chennai Port,15.2,8.62,Highly Contested / Split Hinterland,0.987
Telangana,NALGONDA,539.0,1831916,False,Visakhapatnam Port,19.8,9.62,Jawaharlal Nehru Port (JNPT),12.0,13.48,Highly Contested / Split Hinterland,0.921
Telangana,NARAYANPET,763.0,538952,False,Jawaharlal Nehru Port (JNPT),18.5,10.64,Chennai Port,12.5,10.66,Highly Contested / Split Hinterland,0.94
Telangana,NIRMAL,700.0,654829,False,Jawaharlal Nehru Port (JNPT),20.4,9.73,Visakhapatnam Port,12.1,12.94,Highly Contested / Split Hinterland,0.917
Telangana,NIZAMABAD,533.0,1375277,False,Jawaharlal Nehru Port (JNPT),20.0,9.94,Visakhapatnam Port,12.3,12.95,Highly Contested / Split Hinterland,0.923
Telangana,PEDDAPALLI,715.0,717880,False,Jawaharlal Nehru Port (JNPT),16.7,12.65,Visakhapatnam Port,14.2,13.55,Highly Contested / Split Hinterland,0.975
Telangana,RAJANNA SIRCILLA,717.0,617097,False,Visakhapatnam Port,16.2,12.51,Jawaharlal Nehru Port (JNPT),13.3,14.5,Highly Contested / Split Hinterland,0.972
Telangana,RANGA REDDY,537.0,2419911,False,Visakhapatnam Port,15.6,11.03,Jawaharlal Nehru Port (JNPT),13.7,12.27,Highly Contested / Split Hinterland,0.982
Telangana,SANGAREDDY,740.0,1415084,False,Jawaharlal Nehru Port (JNPT),21.7,10.35,Mumbai Port,11.4,13.24,Highly Contested / Split Hinterland,0.897
Telangana,SIDDIPET,741.0,822585,False,Visakhapatnam Port,16.6,11.54,Jawaharlal Nehru Port (JNPT),13.5,13.54,Highly Contested / Split Hinterland,0.968
Telangana,SURYAPET,745.0,909159,False,Visakhapatnam Port,25.4,8.16,Paradip Port,12.2,17.15,Highly Contested / Split Hinterland,0.869
Telangana,VIKARABAD,747.0,2400971,False,Jawaharlal Nehru Port (JNPT),17.8,10.43,Visakhapatnam Port,13.4,12.02,Highly Contested / Split Hinterland,0.956
Telangana,WANAPARTHY,742.0,505876,False,Chennai Port,14.3,9.17,Jawaharlal Nehru Port (JNPT),13.3,12.09,Highly Contested / Split Hinterland,0.991
Telangana,WARANGAL,540.0,500901,False,Visakhapatnam Port,20.5,9.99,Paradip Port,14.5,16.64,Highly Contested / Split Hinterland,0.94
Telangana,YADADRI BHUVANAGIRI,746.0,856393,False,Visakhapatnam Port,21.0,9.73,Paradip Port,13.4,17.27,Highly Contested / Split Hinterland,0.924
Tripura,DHALAI,291.0,375283,False,Paradip Port,25.3,28.17,Syama Prasad Mookerjee Port (Kolkata/Haldia),20.6,21.23,Highly Contested / Split Hinterland,0.953
Tripura,GOMTI,725.0,464796,False,Paradip Port,24.9,30.34,Syama Prasad Mookerjee Port (Kolkata/Haldia),19.5,23.4,Highly Contested / Split Hinterland,0.946
Tripura,KHOWAI,698.0,584618,False,Paradip Port,25.2,28.64,Syama Prasad Mookerjee Port (Kolkata/Haldia),20.4,21.7,Highly Contested / Split Hinterland,0.952
Tripura,NORTH TRIPURA,292.0,459665,False,Paradip Port,25.2,28.43,Syama Prasad Mookerjee Port (Kolkata/Haldia),20.5,21.49,Highly Contested / Split Hinterland,0.952
Tripura,SEPAHIJALA,699.0,593146,False,Paradip Port,25.0,29.77,Syama Prasad Mookerjee Port (Kolkata/Haldia),19.8,22.83,Highly Contested / Split Hinterland,0.948
Tripura,SOUTH TRIPURA,290.0,402727,False,Paradip Port,24.9,30.51,Syama Prasad Mookerjee Port (Kolkata/Haldia),19.5,23.56,Highly Contested / Split Hinterland,0.946
Tripura,UNAKOTI,706.0,238190,False,Paradip Port,25.4,27.33,Syama Prasad Mookerjee Port (Kolkata/Haldia),21.1,20.38,Highly Contested / Split Hinterland,0.957
Tripura,WEST TRIPURA,289.0,555491,False,Paradip Port,25.1,29.26,Syama Prasad Mookerjee Port (Kolkata/Haldia),20.0,22.32,Highly Contested / Split Hinterland,0.95
Uttar Pradesh,AGRA,146.0,4381442,False,Deendayal Port (Kandla),23.8,17.11,Paradip Port,17.3,21.76,Highly Contested / Split Hinterland,0.935
Uttar Pradesh,ALIGARH,143.0,3586451,False,Deendayal Port (Kandla),24.0,17.99,Paradip Port,18.0,22.52,Highly Contested / Split Hinterland,0.939
Uttar Pradesh,AMBEDKAR NAGAR,178.0,2363239,False,Paradip Port,27.4,16.13,Syama Prasad Mookerjee Port (Kolkata/Haldia),16.3,14.69,Highly Contested / Split Hinterland,0.889
Uttar Pradesh,AMETHI,661.0,1348775,False,Paradip Port,25.7,16.37,Deendayal Port (Kandla),15.3,21.39,Highly Contested / Split Hinterland,0.896
Uttar Pradesh,AMROHA,137.0,1746092,False,Deendayal Port (Kandla),24.7,18.57,Paradip Port,18.1,23.55,Highly Contested / Split Hinterland,0.933
Uttar Pradesh,AURAIYA,162.0,1363331,False,Deendayal Port (Kandla),20.4,19.33,Paradip Port,20.0,20.5,Highly Contested / Split Hinterland,0.996
Uttar Pradesh,AYODHYA,177.0,2375527,False,Paradip Port,25.6,16.94,Deendayal Port (Kandla),15.4,21.94,Highly Contested / Split Hinterland,0.899
Uttar Pradesh,AZAMGARH,191.0,4541835,False,Paradip Port,28.8,14.75,Syama Prasad Mookerjee Port (Kolkata/Haldia),17.5,13.31,Highly Contested / Split Hinterland,0.886
Uttar Pradesh,BAGHPAT,139.0,1292233,False,Deendayal Port (Kandla),27.7,17.09,Paradip Port,15.8,25.16,Highly Contested / Split Hinterland,0.882
Uttar Pradesh,BAHRAICH,180.0,3587503,False,Paradip Port,25.0,19.2,Deendayal Port (Kandla),15.4,24.54,Highly Contested / Split Hinterland,0.904
Uttar Pradesh,BALLIA,193.0,3212493,False,Paradip Port,32.5,13.16,Syama Prasad Mookerjee Port (Kolkata/Haldia),20.1,11.73,Highly Contested / Split Hinterland,0.876
Uttar Pradesh,BALRAMPUR,182.0,2123809,False,Paradip Port,26.0,17.84,Syama Prasad Mookerjee Port (Kolkata/Haldia),15.2,16.4,Highly Contested / Split Hinterland,0.893
Uttar Pradesh,BANDA,170.0,1733256,False,Paradip Port,22.1,17.37,Deendayal Port (Kandla),17.1,19.35,Highly Contested / Split Hinterland,0.95
Uttar Pradesh,BARA BANKI,176.0,3302373,False,Paradip Port,24.1,17.94,Deendayal Port (Kandla),17.4,20.86,Highly Contested / Split Hinterland,0.933
Uttar Pradesh,BAREILLY,150.0,4575611,False,Deendayal Port (Kandla),20.7,20.37,Paradip Port,20.7,21.37,Highly Contested / Split Hinterland,1.0
Uttar Pradesh,BASTI,185.0,2366074,False,Paradip Port,26.7,16.58,Syama Prasad Mookerjee Port (Kolkata/Haldia),15.9,15.14,Highly Contested / Split Hinterland,0.891
Uttar Pradesh,BHADOHI,198.0,1567898,False,Paradip Port,26.9,15.42,Syama Prasad Mookerjee Port (Kolkata/Haldia),16.1,13.99,Highly Contested / Split Hinterland,0.893
Uttar Pradesh,BIJNOR,134.0,3788062,False,Deendayal Port (Kandla),22.4,21.05,Paradip Port,19.3,24.21,Highly Contested / Split Hinterland,0.968
Uttar Pradesh,BUDAUN,149.0,3028019,False,Deendayal Port (Kandla),23.7,18.85,Paradip Port,17.9,23.39,Highly Contested / Split Hinterland,0.943
Uttar Pradesh,BULANDSHAHR,142.0,3599270,False,Deendayal Port (Kandla),24.6,18.52,Paradip Port,17.5,23.91,Highly Contested / Split Hinterland,0.929
Uttar Pradesh,CHANDAULI,196.0,1938147,False,Paradip Port,32.3,12.96,Syama Prasad Mookerjee Port (Kolkata/Haldia),20.1,11.52,Highly Contested / Split Hinterland,0.877
Uttar Pradesh,CHITRAKOOT,171.0,1020100,False,Paradip Port,24.5,16.09,Deendayal Port (Kandla),15.8,20.02,Highly Contested / Split Hinterland,0.913
Uttar Pradesh,DEORIA,190.0,3079826,False,Paradip Port,30.7,14.47,Syama Prasad Mookerjee Port (Kolkata/Haldia),18.6,13.03,Highly Contested / Split Hinterland,0.88
Uttar Pradesh,ETAH,201.0,1702955,False,Deendayal Port (Kandla),24.0,17.7,Paradip Port,18.1,22.01,Highly Contested / Split Hinterland,0.941
Uttar Pradesh,ETAWAH,161.0,1559596,False,Paradip Port,20.5,19.29,Deendayal Port (Kandla),20.5,18.39,Highly Contested / Split Hinterland,1.0
Uttar Pradesh,FARRUKHABAD,159.0,1869531,False,Deendayal Port (Kandla),20.4,19.69,Paradip Port,20.0,20.87,Highly Contested / Split Hinterland,0.997
Uttar Pradesh,FATEHPUR,172.0,2606150,False,Paradip Port,25.4,16.04,Deendayal Port (Kandla),16.1,20.19,Highly Contested / Split Hinterland,0.907
Uttar Pradesh,FIROZABAD,147.0,2467586,False,Deendayal Port (Kandla),23.6,17.17,Paradip Port,19.1,20.49,Highly Contested / Split Hinterland,0.955
Uttar Pradesh,GAUTAM BUDDHA NAGAR,141.0,1538497,False,Deendayal Port (Kandla),25.3,18.21,Paradip Port,17.0,24.29,Highly Contested / Split Hinterland,0.917
Uttar Pradesh,GHAZIABAD,140.0,3306982,False,Deendayal Port (Kandla),26.6,17.49,Paradip Port,16.4,24.56,Highly Contested / Split Hinterland,0.899
Uttar Pradesh,GHAZIPUR,195.0,3613922,False,Paradip Port,31.5,13.25,Syama Prasad Mookerjee Port (Kolkata/Haldia),19.5,11.81,Highly Contested / Split Hinterland,0.88
Uttar Pradesh,GONDA,183.0,3410218,False,Paradip Port,25.6,17.58,Deendayal Port (Kandla),15.4,22.83,Highly Contested / Split Hinterland,0.898
Uttar Pradesh,GORAKHPUR,188.0,4362240,False,Paradip Port,29.3,14.96,Syama Prasad Mookerjee Port (Kolkata/Haldia),17.7,13.52,Highly Contested / Split Hinterland,0.884
Uttar Pradesh,HAMIRPUR,168.0,1009952,False,Paradip Port,20.2,19.05,Deendayal Port (Kandla),17.9,19.49,Highly Contested / Split Hinterland,0.978
Uttar Pradesh,HAPUR,665.0,2576137,False,Deendayal Port (Kandla),25.4,18.01,Paradip Port,17.2,23.91,Highly Contested / Split Hinterland,0.918
Uttar Pradesh,HARDOI,155.0,4085302,False,Paradip Port,21.9,19.12,Deendayal Port (Kandla),18.3,20.35,Highly Contested / Split Hinterland,0.964
Uttar Pradesh,HATHRAS,144.0,1595549,False,Deendayal Port (Kandla),24.3,17.46,Paradip Port,17.9,22.0,Highly Contested / Split Hinterland,0.937
Uttar Pradesh,JALAUN,165.0,1687840,False,Deendayal Port (Kandla),21.0,17.62,Paradip Port,19.6,19.29,Highly Contested / Split Hinterland,0.986
Uttar Pradesh,JAUNPUR,194.0,4490982,False,Paradip Port,28.2,14.92,Syama Prasad Mookerjee Port (Kolkata/Haldia),17.1,13.48,Highly Contested / Split Hinterland,0.888
Uttar Pradesh,JHANSI,166.0,1969320,False,Deendayal Port (Kandla),22.9,15.97,Paradip Port,17.6,19.67,Highly Contested / Split Hinterland,0.947
Uttar Pradesh,KANNAUJ,160.0,1645746,False,Paradip Port,20.1,20.34,Deendayal Port (Kandla),19.8,19.59,Highly Contested / Split Hinterland,0.997
Uttar Pradesh,KANPUR DEHAT,163.0,1758960,False,Paradip Port,22.1,18.18,Deendayal Port (Kandla),19.4,18.73,Highly Contested / Split Hinterland,0.973
Uttar Pradesh,KANPUR NAGAR,164.0,4662665,False,Paradip Port,23.2,17.32,Deendayal Port (Kandla),18.9,18.71,Highly Contested / Split Hinterland,0.957
Uttar Pradesh,KASGANJ,202.0,1406850,False,Deendayal Port (Kandla),23.8,18.5,Paradip Port,17.9,23.04,Highly Contested / Split Hinterland,0.941
Uttar Pradesh,KAUSHAMBI,174.0,1412375,False,Paradip Port,23.6,17.36,Deendayal Port (Kandla),16.3,20.72,Highly Contested / Split Hinterland,0.927
Uttar Pradesh,KHERI,153.0,3976759,False,Paradip Port,21.9,21.49,Deendayal Port (Kandla),17.7,23.26,Highly Contested / Split Hinterland,0.959
Uttar Pradesh,KUSHINAGAR,189.0,3549532,False,Paradip Port,29.2,15.57,Syama Prasad Mookerjee Port (Kolkata/Haldia),18.1,13.84,Highly Contested / Split Hinterland,0.889
Uttar Pradesh,LALITPUR,167.0,1223569,False,Deendayal Port (Kandla),20.5,17.11,Paradip Port,17.4,19.86,Highly Contested / Split Hinterland,0.968
Uttar Pradesh,LUCKNOW,157.0,4576219,False,Paradip Port,23.9,17.59,Deendayal Port (Kandla),17.8,20.03,Highly Contested / Split Hinterland,0.939
Uttar Pradesh,MAHOBA,169.0,901016,False,Paradip Port,19.6,18.49,Deendayal Port (Kandla),19.2,17.86,Highly Contested / Split Hinterland,0.996
Uttar Pradesh,MAHRAJGANJ,187.0,2753342,False,Paradip Port,28.3,16.26,Syama Prasad Mookerjee Port (Kolkata/Haldia),17.0,14.72,Highly Contested / Split Hinterland,0.887
Uttar Pradesh,MAINPURI,148.0,1921981,False,Deendayal Port (Kandla),22.0,18.81,Paradip Port,19.2,21.41,Highly Contested / Split Hinterland,0.972
Uttar Pradesh,MATHURA,145.0,2525210,False,Deendayal Port (Kandla),24.0,17.41,Paradip Port,17.6,22.05,Highly Contested / Split Hinterland,0.936
Uttar Pradesh,MAU,192.0,2228668,False,Paradip Port,31.9,13.9,Syama Prasad Mookerjee Port (Kolkata/Haldia),19.5,12.46,Highly Contested / Split Hinterland,0.876
Uttar Pradesh,MEERUT,138.0,3374014,False,Deendayal Port (Kandla),26.4,17.56,Paradip Port,16.8,24.25,Highly Contested / Split Hinterland,0.904
Uttar Pradesh,MIRZAPUR,199.0,2432275,False,Paradip Port,25.2,16.36,Syama Prasad Mookerjee Port (Kolkata/Haldia),15.0,14.92,Highly Contested / Split Hinterland,0.898
Uttar Pradesh,MORADABAD,135.0,3918702,False,Deendayal Port (Kandla),23.0,19.45,Paradip Port,19.4,22.61,Highly Contested / Split Hinterland,0.964
Uttar Pradesh,MUZAFFARNAGAR,133.0,2728286,False,Deendayal Port (Kandla),26.2,18.13,Paradip Port,16.7,25.01,Highly Contested / Split Hinterland,0.905
Uttar Pradesh,PILIBHIT,151.0,2089107,False,Paradip Port,22.7,20.79,Deendayal Port (Kandla),17.5,23.17,Highly Contested / Split Hinterland,0.948
Uttar Pradesh,PRATAPGARH,173.0,3192816,False,Paradip Port,26.7,15.34,Syama Prasad Mookerjee Port (Kolkata/Haldia),16.0,13.9,Highly Contested / Split Hinterland,0.894
Uttar Pradesh,PRAYAGRAJ,175.0,6180962,False,Paradip Port,26.4,15.01,Syama Prasad Mookerjee Port (Kolkata/Haldia),15.9,13.57,Highly Contested / Split Hinterland,0.895
Uttar Pradesh,RAE BARELI,158.0,2891023,False,Paradip Port,25.5,16.45,Deendayal Port (Kandla),15.7,21.03,Highly Contested / Split Hinterland,0.902
Uttar Pradesh,RAMPUR,136.0,2102783,False,Deendayal Port (Kandla),22.5,19.93,Paradip Port,19.7,22.67,Highly Contested / Split Hinterland,0.972
Uttar Pradesh,SAHARANPUR,132.0,3453626,False,Deendayal Port (Kandla),28.5,17.54,Paradip Port,15.6,26.53,Highly Contested / Split Hinterland,0.871
Uttar Pradesh,SAMBHAL,663.0,2504981,False,Deendayal Port (Kandla),23.4,19.18,Paradip Port,18.1,23.53,Highly Contested / Split Hinterland,0.947
Uttar Pradesh,SANT KABIR NAGAR,186.0,1753973,False,Paradip Port,28.3,15.67,Syama Prasad Mookerjee Port (Kolkata/Haldia),17.0,14.23,Highly Contested / Split Hinterland,0.886
Uttar Pradesh,SHAHJAHANPUR,152.0,2747968,False,Paradip Port,21.7,20.42,Deendayal Port (Kandla),19.3,20.92,Highly Contested / Split Hinterland,0.976
Uttar Pradesh,SHAMLI,662.0,1327507,False,Deendayal Port (Kandla),31.6,16.86,Paradip Port,13.3,29.82,Highly Contested / Split Hinterland,0.818
Uttar Pradesh,SHRAWASTI,181.0,855678,False,Paradip Port,25.1,18.85,Deendayal Port (Kandla),15.4,24.21,Highly Contested / Split Hinterland,0.902
Uttar Pradesh,SIDDHARTHNAGAR,184.0,2548878,False,Paradip Port,27.3,16.84,Syama Prasad Mookerjee Port (Kolkata/Haldia),16.2,15.4,Highly Contested / Split Hinterland,0.889
Uttar Pradesh,SITAPUR,154.0,4488980,False,Paradip Port,23.5,18.8,Deendayal Port (Kandla),17.7,21.32,Highly Contested / Split Hinterland,0.941
Uttar Pradesh,SONBHADRA,200.0,1915840,False,Paradip Port,36.6,11.48,Syama Prasad Mookerjee Port (Kolkata/Haldia),23.4,10.04,Highly Contested / Split Hinterland,0.867
Uttar Pradesh,SULTANPUR,179.0,2294491,False,Paradip Port,26.8,16.4,Syama Prasad Mookerjee Port (Kolkata/Haldia),16.0,14.96,Highly Contested / Split Hinterland,0.891
Uttar Pradesh,UNNAO,156.0,3070319,False,Paradip Port,23.1,17.71,Deendayal Port (Kandla),18.3,19.46,Highly Contested / Split Hinterland,0.952
Uttar Pradesh,VARANASI,197.0,3623118,False,Paradip Port,29.5,14.23,Syama Prasad Mookerjee Port (Kolkata/Haldia),18.0,12.79,Highly Contested / Split Hinterland,0.885
Uttarakhand,ALMORA,64.0,647541,False,Deendayal Port (Kandla),23.3,22.36,Paradip Port,18.6,26.96,Highly Contested / Split Hinterland,0.952
Uttarakhand,BAGESHWAR,63.0,261150,False,Deendayal Port (Kandla),22.2,22.47,Paradip Port,19.4,25.63,Highly Contested / Split Hinterland,0.971
Uttarakhand,CHAMOLI,57.0,404819,False,Deendayal Port (Kandla),24.6,21.83,Paradip Port,17.7,27.92,Highly Contested / Split Hinterland,0.931
Uttarakhand,CHAMPAWAT,65.0,275635,False,Paradip Port,20.6,22.79,Deendayal Port (Kandla),19.8,22.26,Highly Contested / Split Hinterland,0.992
Uttarakhand,DEHRAD@N,60.0,1729450,False,Deendayal Port (Kandla),29.8,17.51,Paradip Port,15.4,27.39,Highly Contested / Split Hinterland,0.856
Uttarakhand,HARIDWAR,68.0,1844441,False,Deendayal Port (Kandla),27.0,18.31,Paradip Port,16.4,25.96,Highly Contested / Split Hinterland,0.894
Uttarakhand,NAINITAL,66.0,950212,False,Deendayal Port (Kandla),21.8,24.05,Paradip Port,19.2,27.23,Highly Contested / Split Hinterland,0.974
Uttarakhand,PAURI GARHWAL,61.0,685772,False,Deendayal Port (Kandla),21.6,24.23,Paradip Port,19.1,27.39,Highly Contested / Split Hinterland,0.975
Uttarakhand,PITHORAGARH,62.0,498558,False,Deendayal Port (Kandla),20.2,24.43,Paradip Port,20.0,25.74,Highly Contested / Split Hinterland,0.999
Uttarakhand,RUDRAPRAYAG,58.0,257203,False,Deendayal Port (Kandla),25.7,20.68,Paradip Port,17.2,27.69,Highly Contested / Split Hinterland,0.915
Uttarakhand,TEHRI GARHWAL,59.0,638232,False,Deendayal Port (Kandla),27.1,19.41,Paradip Port,16.3,27.76,Highly Contested / Split Hinterland,0.891
Uttarakhand,UDHAM SINGH NAGAR,67.0,1555000,False,Deendayal Port (Kandla),22.1,20.34,Paradip Port,19.7,22.92,Highly Contested / Split Hinterland,0.975
Uttarakhand,UTTARKASHI,56.0,338277,False,Deendayal Port (Kandla),27.2,20.48,Paradip Port,16.1,29.47,Highly Contested / Split Hinterland,0.89
West Bengal,ALIPUR DUAR,675.0,1816399,False,Syama Prasad Mookerjee Port (Kolkata/Haldia),32.2,10.19,Paradip Port,26.7,17.13,Highly Contested / Split Hinterland,0.945
West Bengal,BANKURA,339.0,3732273,False,Syama Prasad Mookerjee Port (Kolkata/Haldia),59.2,2.9,Paradip Port,23.9,7.54,Dominant / Mildly Contested,0.648
West Bengal,BIRBH@M,334.0,3627068,False,Syama Prasad Mookerjee Port (Kolkata/Haldia),61.9,3.25,Paradip Port,20.3,9.59,Dominant / Mildly Contested,0.584
West Bengal,DAKSHIN DINAJPUR,331.0,1795926,False,Syama Prasad Mookerjee Port (Kolkata/Haldia),46.9,5.69,Paradip Port,24.6,12.64,Highly Contested / Split Hinterland,0.777
West Bengal,DARJILING,327.0,1222193,False,Syama Prasad Mookerjee Port (Kolkata/Haldia),33.5,9.45,Paradip Port,26.4,16.39,Highly Contested / Split Hinterland,0.929
West Bengal,HAORA,341.0,4998672,False,Syama Prasad Mookerjee Port (Kolkata/Haldia),94.5,0.64,Paradip Port,3.3,7.4,Captive Hinterland,0.088
West Bengal,HUGLI,338.0,5703540,False,Syama Prasad Mookerjee Port (Kolkata/Haldia),86.9,1.31,Paradip Port,7.1,8.95,Captive Hinterland,0.202
West Bengal,JALPAIGURI,328.0,2194584,False,Syama Prasad Mookerjee Port (Kolkata/Haldia),34.7,9.1,Paradip Port,26.6,16.04,Highly Contested / Split Hinterland,0.92
West Bengal,JHARGRAM,727.0,2028878,False,Syama Prasad Mookerjee Port (Kolkata/Haldia),62.2,2.22,Paradip Port,25.1,5.78,Dominant / Mildly Contested,0.629
West Bengal,KALIMPONG,716.0,658530,False,Syama Prasad Mookerjee Port (Kolkata/Haldia),29.0,11.88,Paradip Port,26.5,18.82,Highly Contested / Split Hinterland,0.976
West Bengal,KOCH BIHAR,329.0,2896916,False,Syama Prasad Mookerjee Port (Kolkata/Haldia),32.1,10.25,Paradip Port,26.8,17.2,Highly Contested / Split Hinterland,0.946
West Bengal,KOLKATA,342.0,4774003,False,Syama Prasad Mookerjee Port (Kolkata/Haldia),99.8,0.1,Paradip Port,0.1,8.04,Captive Hinterland,0.004
West Bengal,MALDAH,332.0,4096183,False,Syama Prasad Mookerjee Port (Kolkata/Haldia),51.1,4.92,Paradip Port,23.4,11.86,Dominant / Mildly Contested,0.723
West Bengal,MURSHIDABAD,333.0,7381263,False,Syama Prasad Mookerjee Port (Kolkata/Haldia),54.0,4.75,Paradip Port,21.7,12.38,Dominant / Mildly Contested,0.678
West Bengal,NADIA,336.0,5288972,False,Syama Prasad Mookerjee Port (Kolkata/Haldia),72.7,2.5,Paradip Port,14.1,10.14,Dominant / Mildly Contested,0.414
West Bengal,NORTH TWENTY-FOUR PARGANAS,337.0,6917382,False,Syama Prasad Mookerjee Port (Kolkata/Haldia),89.3,1.12,Paradip Port,5.9,8.75,Captive Hinterland,0.166
West Bengal,PASCHIM BARDDHAMAN,728.0,1838866,False,Syama Prasad Mookerjee Port (Kolkata/Haldia),62.3,2.93,Paradip Port,21.2,8.45,Dominant / Mildly Contested,0.59
West Bengal,PASCHIM MEDINIPUR,344.0,4140171,False,Syama Prasad Mookerjee Port (Kolkata/Haldia),75.8,1.62,Paradip Port,15.0,6.49,Captive Hinterland,0.392
West Bengal,PURBA BARDDHAMAN,335.0,6176571,False,Syama Prasad Mookerjee Port (Kolkata/Haldia),80.1,1.85,Paradip Port,10.6,9.48,Captive Hinterland,0.305
West Bengal,PURBA MEDINIPUR,345.0,5248089,False,Syama Prasad Mookerjee Port (Kolkata/Haldia),72.1,2.13,Paradip Port,16.0,7.98,Dominant / Mildly Contested,0.438
West Bengal,PURULIYA,340.0,3021701,False,Paradip Port,43.3,6.18,Syama Prasad Mookerjee Port (Kolkata/Haldia),34.4,4.73,Highly Contested / Split Hinterland,0.911
West Bengal,SOUTH 24PARGANAS,343.0,8744550,False,Syama Prasad Mookerjee Port (Kolkata/Haldia),79.7,1.94,Paradip Port,10.6,9.88,Captive Hinterland,0.31
West Bengal,UTTAR DINAJPUR,330.0,2973383,False,Syama Prasad Mookerjee Port (Kolkata/Haldia),43.3,6.4,Paradip Port,25.2,13.34,Highly Contested / Split Hinterland,0.819
