village,district,district_code,village_code,unit,nearest_nh,dist_nh_km,nearest_expressway,dist_expressway_km,nearest_rail_station,dist_rail_station_km,nearest_freight_terminal,dist_freight_terminal_km,nearest_port,dist_port_km,nearest_icd,dist_icd_km,nearest_icp,dist_icp_km,nearest_air_cargo,dist_air_cargo_km,nearest_mmlp,dist_mmlp_km,nearest_iw_terminal,dist_iw_terminal_km,nearest_fci_depot,dist_fci_depot_km
Ponchavadi,SOUTH GOA,586,626864,village,566,9.92,Solapur–Chennai Economic Corridor,370.45,SANVERDAM CHUCH,4.61,Wadi,260.2,Mormugao Port,33.29,ICD Mangalore (Panambur),274.3,Rupaidiha ICP,1596.31,Mangaluru International Airport (IXE),271.31,MMLP Pune,353.35,Kottapuram Terminal,608.54,FCI Depot Hubballi,111.35
Conxem,SOUTH GOA,586,626862,village,566,6.29,Solapur–Chennai Economic Corridor,369.84,CHANDAR,9.48,Wadi,264.05,Mormugao Port,30.34,ICD Mangalore (Panambur),280.16,Rupaidiha ICP,1591.61,Mangaluru International Airport (IXE),277.15,MMLP Pune,347.52,Kottapuram Terminal,614.32,FCI Depot Hubballi,112.26
Shiroda,SOUTH GOA,586,626863,village,566,5.06,Solapur–Chennai Economic Corridor,372.81,CHANDAR,7.09,Wadi,265.16,Mormugao Port,28.57,ICD Mangalore (Panambur),278.91,Rupaidiha ICP,1594.58,Mangaluru International Airport (IXE),275.96,MMLP Pune,349.47,Kottapuram Terminal,613.32,FCI Depot Hubballi,114.79
Borim,SOUTH GOA,586,626872,village,566,1.33,Solapur–Chennai Economic Corridor,374.79,CHANDAR,10.91,Wadi,269.48,Mormugao Port,24.66,ICD Mangalore (Panambur),283.04,Rupaidiha ICP,1592.92,Mangaluru International Airport (IXE),280.13,MMLP Pune,345.99,Kottapuram Terminal,617.59,FCI Depot Hubballi,117.8
Nirancal,SOUTH GOA,586,626861,village,748,5.44,Solapur–Chennai Economic Corridor,368.94,CHANDAR,10.53,Wadi,263.93,Mormugao Port,30.78,ICD Mangalore (Panambur),280.82,Rupaidiha ICP,1590.51,Mangaluru International Airport (IXE),277.8,MMLP Pune,346.65,Kottapuram Terminal,614.9,FCI Depot Hubballi,111.59
Vadi,SOUTH GOA,586,626858,village,566,1.68,Mumbai - Pune Expressway,375.6,VERNA,8.15,Wadi,273.07,Mormugao Port,21.1,ICD Mangalore (Panambur),285.5,Rupaidiha ICP,1593.04,Mangaluru International Airport (IXE),282.64,MMLP Pune,344.37,Kottapuram Terminal,620.24,FCI Depot Hubballi,121.09
Telaulim,SOUTH GOA,586,626857,village,566,2.64,Mumbai - Pune Expressway,374.68,VERNA,7.88,Wadi,273.98,Mormugao Port,20.38,ICD Mangalore (Panambur),286.47,Rupaidiha ICP,1592.54,Mangaluru International Airport (IXE),283.62,MMLP Pune,343.52,Kottapuram Terminal,621.23,FCI Depot Hubballi,121.67
Durbhat,SOUTH GOA,586,626856,village,566,2.4,Mumbai - Pune Expressway,374.17,VERNA,6.41,Wadi,275.62,Mormugao Port,18.62,ICD Mangalore (Panambur),287.27,Rupaidiha ICP,1593.1,Mangaluru International Airport (IXE),284.45,MMLP Pune,343.23,Kottapuram Terminal,622.13,FCI Depot Hubballi,123.42
Betora,SOUTH GOA,586,626859,village,566,1.53,Solapur–Chennai Economic Corridor,372.48,CHANDAR,13.1,Wadi,269.33,Mormugao Port,25.78,ICD Mangalore (Panambur),284.98,Rupaidiha ICP,1589.88,Mangaluru International Airport (IXE),282.02,MMLP Pune,343.49,Kottapuram Terminal,619.33,FCI Depot Hubballi,116.16
Codar,SOUTH GOA,586,626860,village,748,2.49,Solapur–Chennai Economic Corridor,369.26,CHANDAR,14.34,Wadi,267.39,Mormugao Port,28.62,ICD Mangalore (Panambur),285.27,Rupaidiha ICP,1587.44,Mangaluru International Airport (IXE),282.25,MMLP Pune,342.4,Kottapuram Terminal,619.35,FCI Depot Hubballi,113.19
Ponda(M CI),SOUTH GOA,586,252082,village,748,0.61,Mumbai - Pune Expressway,373.02,VERNA,11.52,Wadi,272.49,Mormugao Port,23.07,ICD Mangalore (Panambur),287.61,Rupaidiha ICP,1589.24,Mangaluru International Airport (IXE),284.69,MMLP Pune,341.43,Kottapuram Terminal,622.1,FCI Depot Hubballi,118.73
Bandora,SOUTH GOA,586,626869,village,748,1.14,Mumbai - Pune Expressway,371.86,VERNA,9.25,Wadi,275.5,Mormugao Port,19.93,ICD Mangalore (Panambur),289.21,Rupaidiha ICP,1590.03,Mangaluru International Airport (IXE),286.34,MMLP Pune,340.67,Kottapuram Terminal,623.9,FCI Depot Hubballi,121.85
Mercurim (CT),NORTH GOA,585,626735,village,66,0.32,Mumbai - Pune Expressway,368.92,DABOLIM,6.84,Wadi,283.29,Mormugao Port,11.92,ICD Mangalore (Panambur),293.5,Rupaidiha ICP,1592.04,Mangaluru International Airport (IXE),290.76,MMLP Pune,338.77,Kottapuram Terminal,628.63,FCI Depot Hubballi,129.93
Marcaim,SOUTH GOA,586,626867,village,66,3.98,Mumbai - Pune Expressway,369.91,VERNA,7.87,Wadi,279.52,Mormugao Port,16.03,ICD Mangalore (Panambur),291.74,Rupaidiha ICP,1590.55,Mangaluru International Airport (IXE),288.93,MMLP Pune,339.22,Kottapuram Terminal,626.64,FCI Depot Hubballi,125.79
Velinga,SOUTH GOA,586,626854,village,748,1.07,Mumbai - Pune Expressway,369.37,KARMALI,8.48,Wadi,277.35,Mormugao Port,19.22,ICD Mangalore (Panambur),291.72,Rupaidiha ICP,1588.21,Mangaluru International Airport (IXE),288.85,MMLP Pune,338.24,Kottapuram Terminal,626.4,FCI Depot Hubballi,122.71
Candepar,SOUTH GOA,586,626853,village,748,0.24,Solapur–Chennai Economic Corridor,370.47,KARMALI,14.31,Wadi,270.89,Mormugao Port,26.39,ICD Mangalore (Panambur),288.97,Rupaidiha ICP,1585.51,Mangaluru International Airport (IXE),285.97,MMLP Pune,339.08,Kottapuram Terminal,623.13,FCI Depot Hubballi,115.49
Neura-O-Pequeno,NORTH GOA,585,626725,village,66,1.88,Mumbai - Pune Expressway,366.91,KARMALI,5.86,Wadi,284.3,Mormugao Port,12.22,ICD Mangalore (Panambur),295.39,Rupaidiha ICP,1590.24,Mangaluru International Airport (IXE),292.65,MMLP Pune,336.75,Kottapuram Terminal,630.49,FCI Depot Hubballi,130.04
Malpona,NORTH GOA,585,626838,village,748,7.72,Solapur–Chennai Economic Corridor,355.73,KULEM,14.38,Wadi,259.95,Mormugao Port,41.1,ICD Mangalore (Panambur),287.44,Rupaidiha ICP,1576.82,Mangaluru International Airport (IXE),284.16,MMLP Pune,337.58,Kottapuram Terminal,620.17,FCI Depot Hubballi,101.13
Neura-O-Grande,NORTH GOA,585,626726,village,66,1.81,Mumbai - Pune Expressway,368.43,KARMALI,6.82,Wadi,282.46,Mormugao Port,13.34,ICD Mangalore (Panambur),293.69,Rupaidiha ICP,1590.82,Mangaluru International Airport (IXE),290.92,MMLP Pune,338.09,Kottapuram Terminal,628.73,FCI Depot Hubballi,128.61
Siridao,NORTH GOA,585,626724,village,66,0.75,Mumbai - Pune Expressway,366.57,DABOLIM,5.49,Wadi,288.0,Mormugao Port,7.88,ICD Mangalore (Panambur),296.68,Rupaidiha ICP,1592.46,Mangaluru International Airport (IXE),294.02,MMLP Pune,337.01,Kottapuram Terminal,632.01,FCI Depot Hubballi,134.44
Priol,SOUTH GOA,586,626868,village,748,1.89,Mumbai - Pune Expressway,369.45,KARMALI,10.48,Wadi,274.78,Mormugao Port,22.52,ICD Mangalore (Panambur),291.13,Rupaidiha ICP,1586.34,Mangaluru International Airport (IXE),288.19,MMLP Pune,337.89,Kottapuram Terminal,625.56,FCI Depot Hubballi,119.47
Goa Velha,NORTH GOA,585,626734,village,66,0.22,Mumbai - Pune Expressway,367.63,DABOLIM,6.4,Wadi,285.08,Mormugao Port,10.62,ICD Mangalore (Panambur),295.01,Rupaidiha ICP,1591.71,Mangaluru International Airport (IXE),292.3,MMLP Pune,337.67,Kottapuram Terminal,630.21,FCI Depot Hubballi,131.42
Mandur,NORTH GOA,585,626720,village,66,3.71,Mumbai - Pune Expressway,365.99,KARMALI,4.3,Wadi,283.52,Mormugao Port,14.06,ICD Mangalore (Panambur),295.96,Rupaidiha ICP,1588.47,Mangaluru International Airport (IXE),293.18,MMLP Pune,335.59,Kottapuram Terminal,630.94,FCI Depot Hubballi,128.53
Govanem,NORTH GOA,585,626837,village,748,8.31,Solapur–Chennai Economic Corridor,354.76,KULEM,15.53,Wadi,260.35,Mormugao Port,41.83,ICD Mangalore (Panambur),288.83,Rupaidiha ICP,1575.15,Mangaluru International Airport (IXE),285.53,MMLP Pune,336.06,Kottapuram Terminal,621.44,FCI Depot Hubballi,100.72
Ambeli,NORTH GOA,585,626839,village,748,8.75,Solapur–Chennai Economic Corridor,356.61,KULEM,16.25,Wadi,261.81,Mormugao Port,39.94,ICD Mangalore (Panambur),289.13,Rupaidiha ICP,1576.12,Mangaluru International Airport (IXE),285.87,MMLP Pune,336.06,Kottapuram Terminal,621.95,FCI Depot Hubballi,102.57
Usgao,SOUTH GOA,586,626873,village,748,2.29,Solapur–Chennai Economic Corridor,366.8,KARMALI,16.76,Wadi,268.75,Mormugao Port,29.87,ICD Mangalore (Panambur),289.37,Rupaidiha ICP,1582.7,Mangaluru International Airport (IXE),286.3,MMLP Pune,337.82,Kottapuram Terminal,623.21,FCI Depot Hubballi,112.18
Gancim,NORTH GOA,585,626721,village,66,3.03,Mumbai - Pune Expressway,365.28,KARMALI,4.42,Wadi,285.2,Mormugao Port,12.61,ICD Mangalore (Panambur),296.97,Rupaidiha ICP,1588.81,Mangaluru International Airport (IXE),294.21,MMLP Pune,335.11,Kottapuram Terminal,632.03,FCI Depot Hubballi,130.24
Creek,NORTH GOA,585,,village,66,3.79,Mumbai - Pune Expressway,366.32,VASCO DA GAMA,4.48,Wadi,291.12,Mormugao Port,4.4,ICD Mangalore (Panambur),297.81,Rupaidiha ICP,1594.34,Mangaluru International Airport (IXE),295.21,MMLP Pune,337.27,Kottapuram Terminal,633.31,FCI Depot Hubballi,138.13
Vagurbem,SOUTH GOA,586,626851,village,748,4.29,Mumbai - Pune Expressway,367.08,KARMALI,11.39,Wadi,274.15,Mormugao Port,25.37,ICD Mangalore (Panambur),293.09,Rupaidiha ICP,1582.67,Mangaluru International Airport (IXE),290.1,MMLP Pune,335.14,Kottapuram Terminal,627.26,FCI Depot Hubballi,117.21
Bambolim (CT),NORTH GOA,585,626733,village,66,0.78,Mumbai - Pune Expressway,364.43,DABOLIM,7.44,Wadi,289.52,Mormugao Port,8.3,ICD Mangalore (Panambur),298.83,Rupaidiha ICP,1590.85,Mangaluru International Airport (IXE),296.16,MMLP Pune,334.93,Kottapuram Terminal,634.14,FCI Depot Hubballi,135.14
Melauli,NORTH GOA,585,626840,village,748,7.03,Solapur–Chennai Economic Corridor,359.3,KULEM,17.26,Wadi,263.66,Mormugao Port,37.27,ICD Mangalore (Panambur),289.21,Rupaidiha ICP,1577.81,Mangaluru International Airport (IXE),286.0,MMLP Pune,336.44,Kottapuram Terminal,622.32,FCI Depot Hubballi,105.11
Azossim,NORTH GOA,585,626719,village,748,3.53,Mumbai - Pune Expressway,364.96,KARMALI,3.16,Wadi,283.7,Mormugao Port,14.82,ICD Mangalore (Panambur),296.86,Rupaidiha ICP,1587.28,Mangaluru International Airport (IXE),294.06,MMLP Pune,334.49,Kottapuram Terminal,631.78,FCI Depot Hubballi,128.19
Curca,NORTH GOA,585,626723,village,66,0.59,Mumbai - Pune Expressway,364.75,KARMALI,6.82,Wadi,288.19,Mormugao Port,9.49,ICD Mangalore (Panambur),298.19,Rupaidiha ICP,1590.31,Mangaluru International Airport (IXE),295.49,MMLP Pune,335.06,Kottapuram Terminal,633.43,FCI Depot Hubballi,133.67
Queula,SOUTH GOA,586,626871,village,748,1.99,Mumbai - Pune Expressway,374.04,VERNA,9.15,Wadi,273.5,Mormugao Port,21.25,ICD Mangalore (Panambur),286.92,Rupaidiha ICP,1591.35,Mangaluru International Airport (IXE),284.04,MMLP Pune,342.73,Kottapuram Terminal,621.59,FCI Depot Hubballi,120.66
Guleli,NORTH GOA,585,626828,village,748,7.36,Solapur–Chennai Economic Corridor,361.48,KARMALI,20.25,Wadi,267.1,Mormugao Port,34.79,ICD Mangalore (Panambur),291.89,Rupaidiha ICP,1577.23,Mangaluru International Airport (IXE),288.71,MMLP Pune,334.22,Kottapuram Terminal,625.2,FCI Depot Hubballi,108.1
Cuncoliem,SOUTH GOA,586,626849,village,748,1.6,Mumbai - Pune Expressway,365.85,KARMALI,6.66,Wadi,278.56,Mormugao Port,20.62,ICD Mangalore (Panambur),294.97,Rupaidiha ICP,1584.53,Mangaluru International Airport (IXE),292.06,MMLP Pune,334.57,Kottapuram Terminal,629.5,FCI Depot Hubballi,122.17
Damocem,NORTH GOA,585,626831,village,748,8.55,Solapur–Chennai Economic Corridor,359.92,KULEM,20.07,Wadi,266.17,Mormugao Port,36.34,ICD Mangalore (Panambur),292.01,Rupaidiha ICP,1576.11,Mangaluru International Airport (IXE),288.81,MMLP Pune,333.8,Kottapuram Terminal,625.16,FCI Depot Hubballi,106.7
Cujira (OG),NORTH GOA,585,626740,village,66,0.55,Mumbai - Pune Expressway,362.96,KARMALI,7.49,Wadi,290.28,Mormugao Port,9.18,ICD Mangalore (Panambur),300.22,Rupaidiha ICP,1589.54,Mangaluru International Airport (IXE),297.54,MMLP Pune,333.45,Kottapuram Terminal,635.5,FCI Depot Hubballi,135.28
Durgavado (OG),NORTH GOA,585,645599,village,66,2.3,Mumbai - Pune Expressway,362.26,VASCO DA GAMA,8.43,Wadi,293.15,Mormugao Port,7.38,ICD Mangalore (Panambur),301.62,Rupaidiha ICP,1590.69,Mangaluru International Airport (IXE),298.99,MMLP Pune,333.18,Kottapuram Terminal,637.05,FCI Depot Hubballi,138.43
Goalim Moula,NORTH GOA,585,626717,village,748,1.92,Mumbai - Pune Expressway,363.79,KARMALI,3.15,Wadi,285.89,Mormugao Port,13.3,ICD Mangalore (Panambur),298.36,Rupaidiha ICP,1587.41,Mangaluru International Airport (IXE),295.59,MMLP Pune,333.6,Kottapuram Terminal,633.38,FCI Depot Hubballi,130.28
Cundaim,SOUTH GOA,586,626855,village,748,1.07,Mumbai - Pune Expressway,366.63,KARMALI,5.36,Wadi,280.26,Mormugao Port,17.67,ICD Mangalore (Panambur),294.66,Rupaidiha ICP,1586.86,Mangaluru International Airport (IXE),291.81,MMLP Pune,335.73,Kottapuram Terminal,629.41,FCI Depot Hubballi,124.79
Sirsodem,NORTH GOA,585,626835,village,748,9.7,Solapur–Chennai Economic Corridor,352.78,KULEM,17.59,Wadi,260.77,Mormugao Port,43.53,ICD Mangalore (Panambur),291.13,Rupaidiha ICP,1572.15,Mangaluru International Airport (IXE),287.79,MMLP Pune,333.51,Kottapuram Terminal,623.5,FCI Depot Hubballi,99.74
Padeli,NORTH GOA,585,626829,village,748,8.61,Solapur–Chennai Economic Corridor,361.07,KARMALI,20.23,Wadi,267.78,Mormugao Port,35.13,ICD Mangalore (Panambur),293.15,Rupaidiha ICP,1576.0,Mangaluru International Airport (IXE),289.97,MMLP Pune,332.9,Kottapuram Terminal,626.42,FCI Depot Hubballi,108.19
Cotorem,NORTH GOA,585,626832,village,748,9.99,Solapur–Chennai Economic Corridor,357.8,KULEM,19.14,Wadi,264.59,Mormugao Port,38.47,ICD Mangalore (Panambur),291.78,Rupaidiha ICP,1574.89,Mangaluru International Airport (IXE),288.54,MMLP Pune,333.65,Kottapuram Terminal,624.71,FCI Depot Hubballi,104.65
Cotombi,NORTH GOA,585,626760,village,748,6.05,Mumbai - Pune Expressway,365.15,KARMALI,11.71,Wadi,274.6,Mormugao Port,26.6,ICD Mangalore (Panambur),294.87,Rupaidiha ICP,1580.44,Mangaluru International Airport (IXE),291.85,MMLP Pune,333.08,Kottapuram Terminal,628.92,FCI Depot Hubballi,116.64
Querim,SOUTH GOA,586,626850,village,748,3.46,Mumbai - Pune Expressway,366.16,KARMALI,8.67,Wadi,276.7,Mormugao Port,22.8,ICD Mangalore (Panambur),294.35,Rupaidiha ICP,1583.47,Mangaluru International Airport (IXE),291.4,MMLP Pune,334.58,Kottapuram Terminal,628.71,FCI Depot Hubballi,119.96
Birondem,NORTH GOA,585,626830,village,748,9.58,Solapur–Chennai Economic Corridor,359.48,KULEM,20.86,Wadi,266.64,Mormugao Port,36.72,ICD Mangalore (Panambur),293.04,Rupaidiha ICP,1575.04,Mangaluru International Airport (IXE),289.83,MMLP Pune,332.71,Kottapuram Terminal,626.14,FCI Depot Hubballi,106.67
Taleigao,NORTH GOA,585,645598,village,66,3.22,Mumbai - Pune Expressway,362.59,VASCO DA GAMA,7.88,Wadi,293.66,Mormugao Port,6.6,ICD Mangalore (Panambur),301.52,Rupaidiha ICP,1591.46,Mangaluru International Airport (IXE),298.91,MMLP Pune,333.63,Kottapuram Terminal,636.99,FCI Depot Hubballi,139.23
Talaulim,NORTH GOA,585,626716,village,748,1.72,Mumbai - Pune Expressway,362.96,KARMALI,4.14,Wadi,287.59,Mormugao Port,12.19,ICD Mangalore (Panambur),299.48,Rupaidiha ICP,1587.59,Mangaluru International Airport (IXE),296.74,MMLP Pune,332.98,Kottapuram Terminal,634.58,FCI Depot Hubballi,131.94
Pale,NORTH GOA,585,626764,village,748,5.64,Solapur–Chennai Economic Corridor,366.16,KARMALI,15.52,Wadi,271.02,Mormugao Port,30.06,ICD Mangalore (Panambur),293.02,Rupaidiha ICP,1579.51,Mangaluru International Airport (IXE),289.93,MMLP Pune,334.09,Kottapuram Terminal,626.78,FCI Depot Hubballi,112.84
Calapor (CT),NORTH GOA,585,626732,village,66,1.21,Mumbai - Pune Expressway,362.97,VASCO DA GAMA,8.22,Wadi,291.79,Mormugao Port,7.65,ICD Mangalore (Panambur),300.65,Rupaidiha ICP,1590.63,Mangaluru International Airport (IXE),298.0,MMLP Pune,333.73,Kottapuram Terminal,636.03,FCI Depot Hubballi,137.15
Vantem,NORTH GOA,585,626827,village,748,7.69,Solapur–Chennai Economic Corridor,362.95,KARMALI,18.36,Wadi,269.22,Mormugao Port,33.24,ICD Mangalore (Panambur),293.45,Rupaidiha ICP,1577.03,Mangaluru International Airport (IXE),290.3,MMLP Pune,332.98,Kottapuram Terminal,626.89,FCI Depot Hubballi,110.03
Xelopo Curdo,NORTH GOA,585,626833,village,748,10.94,Solapur–Chennai Economic Corridor,355.63,KULEM,18.16,Wadi,262.82,Mormugao Port,40.67,ICD Mangalore (Panambur),291.34,Rupaidiha ICP,1573.82,Mangaluru International Airport (IXE),288.06,MMLP Pune,333.73,Kottapuram Terminal,624.03,FCI Depot Hubballi,102.47
Adcolna,SOUTH GOA,586,626847,village,748,1.14,Mumbai - Pune Expressway,362.92,KARMALI,4.74,Wadi,281.0,Mormugao Port,20.39,ICD Mangalore (Panambur),297.97,Rupaidiha ICP,1582.57,Mangaluru International Airport (IXE),295.06,MMLP Pune,331.76,Kottapuram Terminal,632.5,FCI Depot Hubballi,123.61
Carambolim,NORTH GOA,585,626718,village,748,1.74,Mumbai - Pune Expressway,364.97,KARMALI,3.49,Wadi,282.0,Mormugao Port,16.98,ICD Mangalore (Panambur),296.45,Rupaidiha ICP,1586.02,Mangaluru International Airport (IXE),293.61,MMLP Pune,334.21,Kottapuram Terminal,631.23,FCI Depot Hubballi,126.04
Volvoi,SOUTH GOA,586,626845,village,748,5.28,Mumbai - Pune Expressway,363.35,KARMALI,9.16,Wadi,277.42,Mormugao Port,24.64,ICD Mangalore (Panambur),296.92,Rupaidiha ICP,1580.3,Mangaluru International Airport (IXE),293.93,MMLP Pune,331.59,Kottapuram Terminal,631.12,FCI Depot Hubballi,119.25
Ponocem,NORTH GOA,585,626826,village,748,8.12,Mumbai - Pune Expressway,364.52,KARMALI,16.23,Wadi,271.55,Mormugao Port,31.45,ICD Mangalore (Panambur),295.01,Rupaidiha ICP,1577.04,Mangaluru International Airport (IXE),291.9,MMLP Pune,331.82,Kottapuram Terminal,628.62,FCI Depot Hubballi,112.25
Renovadi (OG),NORTH GOA,585,626738,village,748,0.32,Mumbai - Pune Expressway,360.59,KARMALI,7.71,Wadi,291.91,Mormugao Port,10.51,ICD Mangalore (Panambur),302.57,Rupaidiha ICP,1587.72,Mangaluru International Airport (IXE),299.89,MMLP Pune,331.14,Kottapuram Terminal,637.84,FCI Depot Hubballi,136.03
Savoi Verem,SOUTH GOA,586,626846,village,748,4.83,Mumbai - Pune Expressway,364.41,KARMALI,9.02,Wadi,277.01,Mormugao Port,24.1,ICD Mangalore (Panambur),295.93,Rupaidiha ICP,1581.38,Mangaluru International Airport (IXE),292.95,MMLP Pune,332.69,Kottapuram Terminal,630.18,FCI Depot Hubballi,119.33
Sanvorcem,NORTH GOA,585,626824,village,748,10.92,Solapur–Chennai Economic Corridor,359.06,KARMALI,21.87,Wadi,267.44,Mormugao Port,37.12,ICD Mangalore (Panambur),294.47,Rupaidiha ICP,1573.67,Mangaluru International Airport (IXE),291.25,MMLP Pune,331.22,Kottapuram Terminal,627.52,FCI Depot Hubballi,106.83
Chimbel (CT),NORTH GOA,585,626730,village,748,0.39,Mumbai - Pune Expressway,361.09,KARMALI,4.66,Wadi,289.24,Mormugao Port,12.55,ICD Mangalore (Panambur),301.44,Rupaidiha ICP,1586.41,Mangaluru International Airport (IXE),298.7,MMLP Pune,331.21,Kottapuram Terminal,636.55,FCI Depot Hubballi,132.99
Panelim (OG),NORTH GOA,585,626736,village,748,0.29,Mumbai - Pune Expressway,360.89,KARMALI,3.63,Wadi,288.52,Mormugao Port,13.57,ICD Mangalore (Panambur),301.41,Rupaidiha ICP,1585.63,Mangaluru International Airport (IXE),298.65,MMLP Pune,330.86,Kottapuram Terminal,636.45,FCI Depot Hubballi,131.98
Bainguinim,NORTH GOA,585,626715,village,748,0.45,Mumbai - Pune Expressway,361.31,KARMALI,2.36,Wadi,287.32,Mormugao Port,14.42,ICD Mangalore (Panambur),300.76,Rupaidiha ICP,1585.28,Mangaluru International Airport (IXE),297.97,MMLP Pune,331.12,Kottapuram Terminal,635.73,FCI Depot Hubballi,130.71
Velguem,NORTH GOA,585,626762,village,748,7.67,Mumbai - Pune Expressway,364.03,KARMALI,14.24,Wadi,273.28,Mormugao Port,29.56,ICD Mangalore (Panambur),295.67,Rupaidiha ICP,1577.82,Mangaluru International Airport (IXE),292.59,MMLP Pune,331.59,Kottapuram Terminal,629.46,FCI Depot Hubballi,114.24
Corlim (CT),NORTH GOA,585,626729,village,748,0.25,Mumbai - Pune Expressway,362.15,KARMALI,2.12,Wadi,283.41,Mormugao Port,18.17,ICD Mangalore (Panambur),299.13,Rupaidiha ICP,1583.42,Mangaluru International Airport (IXE),296.27,MMLP Pune,331.35,Kottapuram Terminal,633.84,FCI Depot Hubballi,126.24
Codqui,NORTH GOA,585,626823,village,748,11.75,Solapur–Chennai Economic Corridor,357.64,KULEM,21.45,Wadi,266.33,Mormugao Port,38.54,ICD Mangalore (Panambur),294.24,Rupaidiha ICP,1572.92,Mangaluru International Airport (IXE),290.99,MMLP Pune,331.2,Kottapuram Terminal,627.14,FCI Depot Hubballi,105.44
Carambolim Buzruco,NORTH GOA,585,626821,village,748,12.6,Solapur–Chennai Economic Corridor,354.06,KULEM,20.32,Wadi,263.62,Mormugao Port,42.12,ICD Mangalore (Panambur),293.76,Rupaidiha ICP,1570.97,Mangaluru International Airport (IXE),290.45,MMLP Pune,331.1,Kottapuram Terminal,626.27,FCI Depot Hubballi,101.96
Panaji (CCP),NORTH GOA,585,252071,village,66,4.3,Mumbai - Pune Expressway,361.25,VASCO DA GAMA,9.04,Wadi,295.93,Mormugao Port,7.09,ICD Mangalore (Panambur),303.28,Rupaidiha ICP,1591.37,Mangaluru International Airport (IXE),300.69,MMLP Pune,332.56,Kottapuram Terminal,638.81,FCI Depot Hubballi,141.3
Vaguriem,NORTH GOA,585,626811,village,748,10.22,Mumbai - Pune Expressway,362.82,KARMALI,17.22,Wadi,271.88,Mormugao Port,32.82,ICD Mangalore (Panambur),296.6,Rupaidiha ICP,1574.95,Mangaluru International Airport (IXE),293.46,MMLP Pune,329.97,Kottapuram Terminal,630.08,FCI Depot Hubballi,111.65
Advoi,NORTH GOA,585,626825,village,748,10.03,Solapur–Chennai Economic Corridor,361.18,KARMALI,19.68,Wadi,269.25,Mormugao Port,35.01,ICD Mangalore (Panambur),295.04,Rupaidiha ICP,1574.63,Mangaluru International Airport (IXE),291.86,MMLP Pune,331.06,Kottapuram Terminal,628.3,FCI Depot Hubballi,108.99
Creek,NORTH GOA,585,,village,66,4.8,Mumbai - Pune Expressway,359.91,VASCO DA GAMA,10.42,Wadi,297.32,Mormugao Port,8.28,ICD Mangalore (Panambur),304.77,Rupaidiha ICP,1590.66,Mangaluru International Airport (IXE),302.19,MMLP Pune,331.34,Kottapuram Terminal,640.31,FCI Depot Hubballi,142.3
Codiem,NORTH GOA,585,626812,village,748,10.88,Solapur–Chennai Economic Corridor,361.89,KARMALI,18.76,Wadi,270.79,Mormugao Port,34.36,ICD Mangalore (Panambur),296.5,Rupaidiha ICP,1574.0,Mangaluru International Airport (IXE),293.33,MMLP Pune,329.76,Kottapuram Terminal,629.82,FCI Depot Hubballi,110.2
Betqui,SOUTH GOA,586,626844,village,748,3.39,Mumbai - Pune Expressway,362.01,KARMALI,6.81,Wadi,279.97,Mormugao Port,22.75,ICD Mangalore (Panambur),298.55,Rupaidiha ICP,1580.53,Mangaluru International Airport (IXE),295.6,MMLP Pune,330.56,Kottapuram Terminal,632.91,FCI Depot Hubballi,121.76
Velguem,NORTH GOA,585,626822,village,748,12.95,Solapur–Chennai Economic Corridor,356.05,KULEM,21.13,Wadi,265.32,Mormugao Port,40.12,ICD Mangalore (Panambur),294.28,Rupaidiha ICP,1571.86,Mangaluru International Airport (IXE),291.0,MMLP Pune,330.9,Kottapuram Terminal,627.0,FCI Depot Hubballi,104.0
Cumbarjua (CT),NORTH GOA,585,626728,village,748,1.8,Mumbai - Pune Expressway,360.26,KARMALI,3.4,Wadi,283.96,Mormugao Port,19.68,ICD Mangalore (Panambur),300.85,Rupaidiha ICP,1581.35,Mangaluru International Airport (IXE),297.96,MMLP Pune,329.34,Kottapuram Terminal,635.46,FCI Depot Hubballi,125.89
Surla,NORTH GOA,585,626761,village,748,6.56,Mumbai - Pune Expressway,364.78,KARMALI,12.95,Wadi,273.84,Mormugao Port,28.02,ICD Mangalore (Panambur),295.09,Rupaidiha ICP,1579.3,Mangaluru International Airport (IXE),292.03,MMLP Pune,332.53,Kottapuram Terminal,629.01,FCI Depot Hubballi,115.42
Sanvordem,NORTH GOA,585,626816,village,748,14.22,Solapur–Chennai Economic Corridor,353.98,CASTLE ROCK,21.9,Wadi,264.86,Mormugao Port,42.21,ICD Mangalore (Panambur),295.47,Rupaidiha ICP,1569.61,Mangaluru International Airport (IXE),292.16,MMLP Pune,329.4,Kottapuram Terminal,627.96,FCI Depot Hubballi,102.57
Orgao,SOUTH GOA,586,626866,village,748,2.2,Mumbai - Pune Expressway,360.28,KARMALI,4.35,Wadi,283.16,Mormugao Port,20.64,ICD Mangalore (Panambur),300.66,Rupaidiha ICP,1580.75,Mangaluru International Airport (IXE),297.76,MMLP Pune,329.22,Kottapuram Terminal,635.2,FCI Depot Hubballi,124.88
Reis-Magos,NORTH GOA,585,626699,village,66,1.85,Mumbai - Pune Expressway,358.35,KARMALI,11.7,Wadi,296.1,Mormugao Port,10.45,ICD Mangalore (Panambur),305.59,Rupaidiha ICP,1587.87,Mangaluru International Airport (IXE),302.96,MMLP Pune,329.42,Kottapuram Terminal,641.0,FCI Depot Hubballi,140.03
Valpoi (M Cl),NORTH GOA,585,252079,village,748,13.94,Solapur–Chennai Economic Corridor,357.35,KARMALI,23.22,Wadi,268.18,Mormugao Port,38.92,ICD Mangalore (Panambur),296.96,Rupaidiha ICP,1570.66,Mangaluru International Airport (IXE),293.7,MMLP Pune,328.47,Kottapuram Terminal,629.81,FCI Depot Hubballi,106.25
Sonus Vonvoliem,NORTH GOA,585,626810,village,748,10.3,Mumbai - Pune Expressway,361.26,KARMALI,13.97,Wadi,275.25,Mormugao Port,29.9,ICD Mangalore (Panambur),298.44,Rupaidiha ICP,1575.65,Mangaluru International Airport (IXE),295.36,MMLP Pune,328.85,Kottapuram Terminal,632.19,FCI Depot Hubballi,115.19
Navelim,NORTH GOA,585,626759,village,748,5.96,Mumbai - Pune Expressway,360.73,KARMALI,9.2,Wadi,279.11,Mormugao Port,25.33,ICD Mangalore (Panambur),299.51,Rupaidiha ICP,1578.11,Mangaluru International Airport (IXE),296.51,MMLP Pune,328.97,Kottapuram Terminal,633.66,FCI Depot Hubballi,119.92
Naguem,NORTH GOA,585,626813,village,748,13.31,Solapur–Chennai Economic Corridor,359.78,KARMALI,20.74,Wadi,270.56,Mormugao Port,36.59,ICD Mangalore (Panambur),298.03,Rupaidiha ICP,1571.43,Mangaluru International Airport (IXE),294.82,MMLP Pune,327.85,Kottapuram Terminal,631.12,FCI Depot Hubballi,108.89
Penha-De-Franca,NORTH GOA,585,626701,village,66,0.28,Mumbai - Pune Expressway,357.94,KARMALI,9.6,Wadi,294.48,Mormugao Port,11.88,ICD Mangalore (Panambur),305.43,Rupaidiha ICP,1586.2,Mangaluru International Airport (IXE),302.75,MMLP Pune,328.68,Kottapuram Terminal,640.72,FCI Depot Hubballi,137.82
Pissurlem,NORTH GOA,585,626809,village,748,11.28,Mumbai - Pune Expressway,360.74,KARMALI,15.55,Wadi,274.51,Mormugao Port,31.53,ICD Mangalore (Panambur),298.82,Rupaidiha ICP,1574.29,Mangaluru International Airport (IXE),295.7,MMLP Pune,328.13,Kottapuram Terminal,632.42,FCI Depot Hubballi,113.9
Candolim,NORTH GOA,585,626697,village,66,6.13,Mumbai - Pune Expressway,357.86,VASCO DA GAMA,12.76,Wadi,300.09,Mormugao Port,10.31,ICD Mangalore (Panambur),307.25,Rupaidiha ICP,1590.03,Mangaluru International Airport (IXE),304.7,MMLP Pune,329.59,Kottapuram Terminal,642.85,FCI Depot Hubballi,144.63
Cudcem,NORTH GOA,585,626815,village,748,15.31,Solapur–Chennai Economic Corridor,355.09,KULEM,23.37,Wadi,266.52,Mormugao Port,41.16,ICD Mangalore (Panambur),296.71,Rupaidiha ICP,1569.38,Mangaluru International Airport (IXE),293.41,MMLP Pune,328.34,Kottapuram Terminal,629.31,FCI Depot Hubballi,104.09
Pilerne,NORTH GOA,585,626700,village,66,1.27,Mumbai - Pune Expressway,356.15,KARMALI,12.49,Wadi,297.43,Mormugao Port,12.53,ICD Mangalore (Panambur),307.72,Rupaidiha ICP,1586.04,Mangaluru International Airport (IXE),305.08,MMLP Pune,327.24,Kottapuram Terminal,643.1,FCI Depot Hubballi,140.55
Buimpal,NORTH GOA,585,626807,village,748,13.92,Mumbai - Pune Expressway,359.07,KARMALI,18.29,Wadi,273.87,Mormugao Port,34.41,ICD Mangalore (Panambur),300.28,Rupaidiha ICP,1571.38,Mangaluru International Airport (IXE),297.11,MMLP Pune,326.12,Kottapuram Terminal,633.61,FCI Depot Hubballi,112.08
Amone,NORTH GOA,585,626758,village,748,5.48,Mumbai - Pune Expressway,358.13,KARMALI,7.77,Wadi,282.55,Mormugao Port,24.01,ICD Mangalore (Panambur),302.38,Rupaidiha ICP,1577.38,Mangaluru International Airport (IXE),299.42,MMLP Pune,326.71,Kottapuram Terminal,636.68,FCI Depot Hubballi,122.91
Jua (CT),NORTH GOA,585,626727,village,748,4.08,Mumbai - Pune Expressway,357.69,KARMALI,4.97,Wadi,285.88,Mormugao Port,20.52,ICD Mangalore (Panambur),303.43,Rupaidiha ICP,1579.44,Mangaluru International Airport (IXE),300.54,MMLP Pune,326.84,Kottapuram Terminal,638.03,FCI Depot Hubballi,126.93
Capao,NORTH GOA,585,626708,village,748,4.57,Mumbai - Pune Expressway,356.24,KARMALI,5.8,Wadi,289.93,Mormugao Port,17.96,ICD Mangalore (Panambur),305.57,Rupaidiha ICP,1580.65,Mangaluru International Airport (IXE),302.76,MMLP Pune,325.98,Kottapuram Terminal,640.43,FCI Depot Hubballi,131.28
Cudnem,NORTH GOA,585,626757,village,748,8.08,Mumbai - Pune Expressway,358.49,KARMALI,10.99,Wadi,279.66,Mormugao Port,27.27,ICD Mangalore (Panambur),301.56,Rupaidiha ICP,1575.51,Mangaluru International Airport (IXE),298.54,MMLP Pune,326.58,Kottapuram Terminal,635.58,FCI Depot Hubballi,119.37
Mauzi,NORTH GOA,585,626806,village,748,14.75,Solapur–Chennai Economic Corridor,359.47,KARMALI,21.08,Wadi,271.47,Mormugao Port,37.1,ICD Mangalore (Panambur),299.52,Rupaidiha ICP,1570.08,Mangaluru International Airport (IXE),296.3,MMLP Pune,326.32,Kottapuram Terminal,632.57,FCI Depot Hubballi,109.21
Caranzol,NORTH GOA,585,626820,village,748,12.08,Solapur–Chennai Economic Corridor,350.26,CASTLE ROCK,18.58,Wadi,261.29,Mormugao Port,45.92,ICD Mangalore (Panambur),294.0,Rupaidiha ICP,1568.37,Mangaluru International Airport (IXE),290.62,MMLP Pune,330.34,Kottapuram Terminal,626.06,FCI Depot Hubballi,98.56
Pendral,NORTH GOA,585,626819,village,748,11.55,Solapur–Chennai Economic Corridor,345.99,CASTLE ROCK,17.44,Wadi,259.03,Mormugao Port,50.18,ICD Mangalore (Panambur),294.73,Rupaidiha ICP,1565.14,Mangaluru International Airport (IXE),291.27,MMLP Pune,329.13,Kottapuram Terminal,626.25,FCI Depot Hubballi,94.96
Codvol,NORTH GOA,585,626818,village,748,12.2,Solapur–Chennai Economic Corridor,344.29,CASTLE ROCK,17.84,Wadi,258.6,Mormugao Port,51.9,ICD Mangalore (Panambur),295.63,Rupaidiha ICP,1563.41,Mangaluru International Airport (IXE),292.14,MMLP Pune,328.08,Kottapuram Terminal,626.93,FCI Depot Hubballi,93.8
Davem,NORTH GOA,585,626801,village,748,16.44,Solapur–Chennai Economic Corridor,352.84,CASTLE ROCK,23.37,Wadi,266.03,Mormugao Port,43.5,ICD Mangalore (Panambur),298.0,Rupaidiha ICP,1566.94,Mangaluru International Airport (IXE),294.67,MMLP Pune,326.73,Kottapuram Terminal,630.34,FCI Depot Hubballi,102.59
Salvador-Do-Mundo,NORTH GOA,585,626702,village,66,2.96,Mumbai - Pune Expressway,355.47,KARMALI,9.33,Wadi,294.52,Mormugao Port,14.99,ICD Mangalore (Panambur),307.41,Rupaidiha ICP,1583.07,Mangaluru International Airport (IXE),304.68,MMLP Pune,325.96,Kottapuram Terminal,642.56,FCI Depot Hubballi,136.61
Nagargao,NORTH GOA,585,626804,village,748,17.91,Solapur–Chennai Economic Corridor,354.57,CASTLE ROCK,25.78,Wadi,268.49,Mormugao Port,42.0,ICD Mangalore (Panambur),299.77,Rupaidiha ICP,1566.68,Mangaluru International Airport (IXE),296.47,MMLP Pune,325.23,Kottapuram Terminal,632.3,FCI Depot Hubballi,104.91
Ustem,NORTH GOA,585,626800,village,748,16.42,Solapur–Chennai Economic Corridor,350.42,CASTLE ROCK,22.68,Wadi,264.86,Mormugao Port,45.97,ICD Mangalore (Panambur),298.54,Rupaidiha ICP,1564.98,Mangaluru International Airport (IXE),295.16,MMLP Pune,325.86,Kottapuram Terminal,630.59,FCI Depot Hubballi,100.64
Aturli,NORTH GOA,585,626754,village,748,6.64,Mumbai - Pune Expressway,354.3,KARMALI,7.61,Wadi,289.45,Mormugao Port,20.99,ICD Mangalore (Panambur),307.07,Rupaidiha ICP,1577.72,Mangaluru International Airport (IXE),304.2,MMLP Pune,323.73,Kottapuram Terminal,641.74,FCI Depot Hubballi,129.66
Sankhali (M Cl),NORTH GOA,585,252077,village,748,8.95,Mumbai - Pune Expressway,356.41,KARMALI,11.39,Wadi,281.4,Mormugao Port,27.62,ICD Mangalore (Panambur),303.68,Rupaidiha ICP,1574.1,Mangaluru International Airport (IXE),300.66,MMLP Pune,324.57,Kottapuram Terminal,637.7,FCI Depot Hubballi,120.47
Satorem,NORTH GOA,585,626805,village,748,17.17,Solapur–Chennai Economic Corridor,355.63,KARMALI,24.92,Wadi,269.12,Mormugao Port,40.93,ICD Mangalore (Panambur),299.69,Rupaidiha ICP,1567.44,Mangaluru International Airport (IXE),296.4,MMLP Pune,325.48,Kottapuram Terminal,632.33,FCI Depot Hubballi,105.83
Naroa,NORTH GOA,585,626755,village,748,5.72,Mumbai - Pune Expressway,355.43,KARMALI,6.6,Wadi,288.29,Mormugao Port,20.72,ICD Mangalore (Panambur),305.87,Rupaidiha ICP,1578.31,Mangaluru International Airport (IXE),303.0,MMLP Pune,324.77,Kottapuram Terminal,640.52,FCI Depot Hubballi,128.79
Saligao,NORTH GOA,585,626696,village,66,2.86,Mumbai - Pune Expressway,354.25,THIVIM,13.13,Wadi,300.25,Mormugao Port,13.96,ICD Mangalore (Panambur),310.08,Rupaidiha ICP,1585.63,Mangaluru International Airport (IXE),307.47,MMLP Pune,325.65,Kottapuram Terminal,645.53,FCI Depot Hubballi,143.05
Onda (CT),NORTH GOA,585,626842,village,748,12.25,Mumbai - Pune Expressway,358.03,KARMALI,15.32,Wadi,276.86,Mormugao Port,31.57,ICD Mangalore (Panambur),301.57,Rupaidiha ICP,1572.52,Mangaluru International Airport (IXE),298.46,MMLP Pune,325.53,Kottapuram Terminal,635.19,FCI Depot Hubballi,115.44
Sangolda,NORTH GOA,585,626688,village,66,1.25,Mumbai - Pune Expressway,353.84,THIVIM,11.66,Wadi,299.23,Mormugao Port,14.64,ICD Mangalore (Panambur),310.08,Rupaidiha ICP,1584.39,Mangaluru International Airport (IXE),307.44,MMLP Pune,325.02,Kottapuram Terminal,645.46,FCI Depot Hubballi,141.6
Piligao,NORTH GOA,585,626756,village,748,6.65,Mumbai - Pune Expressway,355.7,KARMALI,7.72,Wadi,285.76,Mormugao Port,23.2,ICD Mangalore (Panambur),305.09,Rupaidiha ICP,1576.68,Mangaluru International Airport (IXE),302.16,MMLP Pune,324.6,Kottapuram Terminal,639.52,FCI Depot Hubballi,125.71
Nagoa,NORTH GOA,585,626674,village,66,3.25,Mumbai - Pune Expressway,352.42,THIVIM,13.01,Wadi,302.27,Mormugao Port,15.7,ICD Mangalore (Panambur),312.14,Rupaidiha ICP,1584.75,Mangaluru International Airport (IXE),309.54,MMLP Pune,324.01,Kottapuram Terminal,647.62,FCI Depot Hubballi,144.62
Zarani,NORTH GOA,585,626799,village,748,15.75,Solapur–Chennai Economic Corridor,347.13,CASTLE ROCK,21.65,Wadi,262.89,Mormugao Port,49.26,ICD Mangalore (Panambur),298.76,Rupaidiha ICP,1562.75,Mangaluru International Airport (IXE),295.32,MMLP Pune,325.25,Kottapuram Terminal,630.41,FCI Depot Hubballi,97.77
Vainguinim,NORTH GOA,585,626753,village,748,7.4,Mumbai - Pune Expressway,353.39,THIVIM,7.84,Wadi,290.87,Mormugao Port,20.78,ICD Mangalore (Panambur),308.15,Rupaidiha ICP,1577.62,Mangaluru International Airport (IXE),305.3,MMLP Pune,322.99,Kottapuram Terminal,642.88,FCI Depot Hubballi,130.98
Carambolim Brama,NORTH GOA,585,626793,village,748,19.38,Solapur–Chennai Economic Corridor,353.48,CASTLE ROCK,26.16,Wadi,268.62,Mormugao Port,43.25,ICD Mangalore (Panambur),300.87,Rupaidiha ICP,1565.14,Mangaluru International Airport (IXE),297.54,MMLP Pune,323.98,Kottapuram Terminal,633.26,FCI Depot Hubballi,104.41
Compordem,NORTH GOA,585,626790,village,748,17.12,Solapur–Chennai Economic Corridor,357.57,KARMALI,23.1,Wadi,271.41,Mormugao Port,39.25,ICD Mangalore (Panambur),301.08,Rupaidiha ICP,1567.63,Mangaluru International Airport (IXE),297.83,MMLP Pune,324.43,Kottapuram Terminal,633.92,FCI Depot Hubballi,108.16
Saleli,NORTH GOA,585,626787,village,748,15.2,Mumbai - Pune Expressway,357.38,KARMALI,18.29,Wadi,275.29,Mormugao Port,34.53,ICD Mangalore (Panambur),301.99,Rupaidiha ICP,1570.23,Mangaluru International Airport (IXE),298.82,MMLP Pune,324.49,Kottapuram Terminal,635.33,FCI Depot Hubballi,112.99
Bastora,NORTH GOA,585,626678,village,66,0.6,Mumbai - Pune Expressway,350.23,THIVIM,7.57,Wadi,299.67,Mormugao Port,18.74,ICD Mangalore (Panambur),313.05,Rupaidiha ICP,1580.11,Mangaluru International Airport (IXE),310.34,MMLP Pune,321.11,Kottapuram Terminal,648.26,FCI Depot Hubballi,140.38
Socorro,NORTH GOA,585,626703,village,66,1.61,Mumbai - Pune Expressway,353.71,THIVIM,9.64,Wadi,297.04,Mormugao Port,15.67,ICD Mangalore (Panambur),309.52,Rupaidiha ICP,1582.66,Mangaluru International Airport (IXE),306.82,MMLP Pune,324.48,Kottapuram Terminal,644.75,FCI Depot Hubballi,138.84
Olaulim,NORTH GOA,585,626686,village,66,5.42,Mumbai - Pune Expressway,352.37,THIVIM,6.62,Wadi,294.72,Mormugao Port,18.84,ICD Mangalore (Panambur),309.95,Rupaidiha ICP,1579.22,Mangaluru International Airport (IXE),307.17,MMLP Pune,322.57,Kottapuram Terminal,644.93,FCI Depot Hubballi,135.3
Cumarconda,NORTH GOA,585,626808,village,748,12.36,Mumbai - Pune Expressway,361.13,KARMALI,18.56,Wadi,272.1,Mormugao Port,34.44,ICD Mangalore (Panambur),298.19,Rupaidiha ICP,1572.75,Mangaluru International Airport (IXE),295.02,MMLP Pune,328.11,Kottapuram Terminal,631.51,FCI Depot Hubballi,110.93
Navelim,NORTH GOA,585,626709,village,748,2.52,Mumbai - Pune Expressway,358.51,KARMALI,4.53,Wadi,289.69,Mormugao Port,15.29,ICD Mangalore (Panambur),303.66,Rupaidiha ICP,1583.42,Mangaluru International Airport (IXE),300.88,MMLP Pune,328.45,Kottapuram Terminal,638.64,FCI Depot Hubballi,132.18
Candola,SOUTH GOA,586,626865,village,748,3.66,Mumbai - Pune Expressway,359.02,KARMALI,5.58,Wadi,283.43,Mormugao Port,21.82,ICD Mangalore (Panambur),301.79,Rupaidiha ICP,1579.29,Mangaluru International Airport (IXE),298.87,MMLP Pune,327.87,Kottapuram Terminal,636.26,FCI Depot Hubballi,124.53
Marra,NORTH GOA,585,626689,village,66,3.27,Mumbai - Pune Expressway,356.5,VASCO DA GAMA,13.79,Wadi,298.79,Mormugao Port,11.75,ICD Mangalore (Panambur),307.87,Rupaidiha ICP,1587.43,Mangaluru International Airport (IXE),305.27,MMLP Pune,327.87,Kottapuram Terminal,643.35,FCI Depot Hubballi,142.37
Goltim,NORTH GOA,585,626710,village,748,2.52,Mumbai - Pune Expressway,358.31,KARMALI,3.88,Wadi,288.69,Mormugao Port,16.6,ICD Mangalore (Panambur),303.57,Rupaidiha ICP,1582.4,Mangaluru International Airport (IXE),300.76,MMLP Pune,328.04,Kottapuram Terminal,638.46,FCI Depot Hubballi,130.81
Sonal,NORTH GOA,585,626817,village,748,15.51,Solapur–Chennai Economic Corridor,351.96,CASTLE ROCK,22.21,Wadi,264.83,Mormugao Port,44.32,ICD Mangalore (Panambur),297.18,Rupaidiha ICP,1567.0,Mangaluru International Airport (IXE),293.83,MMLP Pune,327.41,Kottapuram Terminal,629.43,FCI Depot Hubballi,101.45
Nanorem,NORTH GOA,585,626797,village,748,18.06,Solapur–Chennai Economic Corridor,349.02,CASTLE ROCK,24.06,Wadi,265.55,Mormugao Port,47.61,ICD Mangalore (Panambur),300.63,Rupaidiha ICP,1562.49,Mangaluru International Airport (IXE),297.23,MMLP Pune,323.61,Kottapuram Terminal,632.5,FCI Depot Hubballi,100.32
Calangute,NORTH GOA,585,626695,village,66,4.91,Mumbai - Pune Expressway,353.91,THIVIM,14.87,Wadi,302.38,Mormugao Port,14.24,ICD Mangalore (Panambur),311.04,Rupaidiha ICP,1586.69,Mangaluru International Airport (IXE),308.47,MMLP Pune,325.67,Kottapuram Terminal,646.59,FCI Depot Hubballi,145.47
Pomburpa,NORTH GOA,585,626687,village,66,4.85,Mumbai - Pune Expressway,353.01,THIVIM,7.49,Wadi,295.01,Mormugao Port,17.81,ICD Mangalore (Panambur),309.52,Rupaidiha ICP,1580.26,Mangaluru International Airport (IXE),306.76,MMLP Pune,323.33,Kottapuram Terminal,644.56,FCI Depot Hubballi,135.97
Carapur (CT),NORTH GOA,585,626763,village,748,8.98,Mumbai - Pune Expressway,354.7,KARMALI,10.71,Wadi,284.03,Mormugao Port,26.56,ICD Mangalore (Panambur),305.63,Rupaidiha ICP,1573.92,Mangaluru International Airport (IXE),302.64,MMLP Pune,323.15,Kottapuram Terminal,639.79,FCI Depot Hubballi,122.94
Maloli,NORTH GOA,585,626796,village,748,18.77,Solapur–Chennai Economic Corridor,350.92,CASTLE ROCK,24.99,Wadi,266.94,Mormugao Port,45.77,ICD Mangalore (Panambur),300.85,Rupaidiha ICP,1563.52,Mangaluru International Airport (IXE),297.48,MMLP Pune,323.64,Kottapuram Terminal,632.94,FCI Depot Hubballi,102.11
Naneli,NORTH GOA,585,626792,village,748,19.57,Solapur–Chennai Economic Corridor,355.1,KARMALI,25.72,Wadi,270.73,Mormugao Port,41.92,ICD Mangalore (Panambur),302.28,Rupaidiha ICP,1565.09,Mangaluru International Airport (IXE),298.99,MMLP Pune,322.83,Kottapuram Terminal,634.85,FCI Depot Hubballi,106.47
Paliem,NORTH GOA,585,626679,village,66,1.56,Mumbai - Pune Expressway,351.45,THIVIM,8.31,Wadi,298.88,Mormugao Port,17.59,ICD Mangalore (Panambur),311.85,Rupaidiha ICP,1581.1,Mangaluru International Airport (IXE),309.15,MMLP Pune,322.32,Kottapuram Terminal,647.08,FCI Depot Hubballi,140.0
Zormen,NORTH GOA,585,626788,village,748,17.22,Mumbai - Pune Expressway,356.25,KARMALI,20.53,Wadi,274.7,Mormugao Port,36.8,ICD Mangalore (Panambur),302.97,Rupaidiha ICP,1568.09,Mangaluru International Airport (IXE),299.77,MMLP Pune,323.1,Kottapuram Terminal,636.1,FCI Depot Hubballi,111.57
Vainguinim,NORTH GOA,585,626798,village,748,16.97,Solapur–Chennai Economic Corridor,346.16,CASTLE ROCK,22.75,Wadi,263.36,Mormugao Port,50.38,ICD Mangalore (Panambur),300.2,Rupaidiha ICP,1561.04,Mangaluru International Airport (IXE),296.74,MMLP Pune,323.73,Kottapuram Terminal,631.71,FCI Depot Hubballi,97.56
Xelopo Buzruco,NORTH GOA,585,626794,village,748,21.08,Solapur–Chennai Economic Corridor,353.03,CASTLE ROCK,27.53,Wadi,269.68,Mormugao Port,44.03,ICD Mangalore (Panambur),302.66,Rupaidiha ICP,1563.46,Mangaluru International Airport (IXE),299.33,MMLP Pune,322.14,Kottapuram Terminal,634.99,FCI Depot Hubballi,104.8
Podocem,NORTH GOA,585,626765,village,748,11.13,Mumbai - Pune Expressway,353.73,KARMALI,13.14,Wadi,283.01,Mormugao Port,29.09,ICD Mangalore (Panambur),306.3,Rupaidiha ICP,1571.74,Mangaluru International Airport (IXE),303.27,MMLP Pune,321.86,Kottapuram Terminal,640.26,FCI Depot Hubballi,121.11
Arpora,NORTH GOA,585,626673,village,66,4.36,Mumbai - Pune Expressway,351.16,THIVIM,13.57,Wadi,304.05,Mormugao Port,16.99,ICD Mangalore (Panambur),313.69,Rupaidiha ICP,1584.4,Mangaluru International Airport (IXE),311.11,MMLP Pune,322.95,Kottapuram Terminal,649.21,FCI Depot Hubballi,146.17
Parra,NORTH GOA,585,626675,village,66,2.18,Mumbai - Pune Expressway,350.85,THIVIM,11.41,Wadi,302.48,Mormugao Port,17.33,ICD Mangalore (Panambur),313.42,Rupaidiha ICP,1582.91,Mangaluru International Airport (IXE),310.79,MMLP Pune,322.31,Kottapuram Terminal,648.84,FCI Depot Hubballi,144.11
Sarvona,NORTH GOA,585,626751,village,748,10.11,Mumbai - Pune Expressway,352.9,KARMALI,11.31,Wadi,286.02,Mormugao Port,26.6,ICD Mangalore (Panambur),307.55,Rupaidiha ICP,1573.09,Mangaluru International Airport (IXE),304.57,MMLP Pune,321.51,Kottapuram Terminal,641.77,FCI Depot Hubballi,124.55
Sigonem,NORTH GOA,585,626795,village,748,21.73,Solapur–Chennai Economic Corridor,352.43,CASTLE ROCK,28.0,Wadi,269.91,Mormugao Port,44.8,ICD Mangalore (Panambur),303.48,Rupaidiha ICP,1562.44,Mangaluru International Airport (IXE),300.13,MMLP Pune,321.24,Kottapuram Terminal,635.73,FCI Depot Hubballi,104.64
Morlem,NORTH GOA,585,626786,village,748,14.74,Mumbai - Pune Expressway,354.08,KARMALI,17.37,Wadi,279.13,Mormugao Port,33.6,ICD Mangalore (Panambur),305.43,Rupaidiha ICP,1568.91,Mangaluru International Airport (IXE),302.31,MMLP Pune,321.51,Kottapuram Terminal,638.94,FCI Depot Hubballi,116.22
Nachinola,NORTH GOA,585,626682,village,66,3.4,Mumbai - Pune Expressway,350.68,THIVIM,5.57,Wadi,296.81,Mormugao Port,19.61,ICD Mangalore (Panambur),311.87,Rupaidiha ICP,1578.58,Mangaluru International Airport (IXE),309.11,MMLP Pune,321.09,Kottapuram Terminal,646.91,FCI Depot Hubballi,137.07
Pale,NORTH GOA,585,626783,village,748,20.12,Mumbai - Pune Expressway,354.76,KARMALI,24.12,Wadi,273.56,Mormugao Port,40.41,ICD Mangalore (Panambur),304.3,Rupaidiha ICP,1564.86,Mangaluru International Airport (IXE),301.04,MMLP Pune,321.17,Kottapuram Terminal,637.07,FCI Depot Hubballi,109.18
Verla,NORTH GOA,585,626676,village,66,2.34,Mumbai - Pune Expressway,349.64,THIVIM,10.66,Wadi,302.99,Mormugao Port,18.56,ICD Mangalore (Panambur),314.52,Rupaidiha ICP,1581.74,Mangaluru International Airport (IXE),311.88,MMLP Pune,321.08,Kottapuram Terminal,649.9,FCI Depot Hubballi,144.17
Poriem,NORTH GOA,585,626766,village,748,12.77,Mumbai - Pune Expressway,353.26,KARMALI,14.98,Wadi,281.97,Mormugao Port,31.01,ICD Mangalore (Panambur),306.55,Rupaidiha ICP,1570.21,Mangaluru International Airport (IXE),303.48,MMLP Pune,321.14,Kottapuram Terminal,640.33,FCI Depot Hubballi,119.5
Maem,NORTH GOA,585,626752,village,748,8.91,Mumbai - Pune Expressway,351.96,THIVIM,6.87,Wadi,291.18,Mormugao Port,22.4,ICD Mangalore (Panambur),309.42,Rupaidiha ICP,1575.96,Mangaluru International Airport (IXE),306.55,MMLP Pune,321.44,Kottapuram Terminal,644.07,FCI Depot Hubballi,130.64
Curchirem,NORTH GOA,585,626750,village,748,12.64,Mumbai - Pune Expressway,351.7,THIVIM,13.78,Wadi,284.59,Mormugao Port,29.88,ICD Mangalore (Panambur),308.34,Rupaidiha ICP,1570.26,Mangaluru International Airport (IXE),305.3,MMLP Pune,319.89,Kottapuram Terminal,642.29,FCI Depot Hubballi,122.08
Moira,NORTH GOA,585,626692,village,66,2.21,Mumbai - Pune Expressway,349.06,THIVIM,4.81,Wadi,298.43,Mormugao Port,20.75,ICD Mangalore (Panambur),313.62,Rupaidiha ICP,1577.67,Mangaluru International Airport (IXE),310.87,MMLP Pune,319.58,Kottapuram Terminal,648.67,FCI Depot Hubballi,138.28
Bicholim (M Cl),NORTH GOA,585,252075,village,748,10.76,Mumbai - Pune Expressway,351.25,THIVIM,8.94,Wadi,288.78,Mormugao Port,25.77,ICD Mangalore (Panambur),309.5,Rupaidiha ICP,1573.09,Mangaluru International Airport (IXE),306.55,MMLP Pune,320.19,Kottapuram Terminal,643.86,FCI Depot Hubballi,127.23
Derodem,NORTH GOA,585,626779,village,748,19.54,Solapur–Chennai Economic Corridor,345.05,TINAI GHAT,24.76,Wadi,264.74,Mormugao Port,51.9,ICD Mangalore (Panambur),302.92,Rupaidiha ICP,1558.24,Mangaluru International Airport (IXE),299.44,MMLP Pune,320.91,Kottapuram Terminal,634.28,FCI Depot Hubballi,97.87
Dongurli,NORTH GOA,585,626782,village,748,22.28,Solapur–Chennai Economic Corridor,354.08,KARMALI,27.26,Wadi,272.02,Mormugao Port,43.54,ICD Mangalore (Panambur),304.87,Rupaidiha ICP,1562.42,Mangaluru International Airport (IXE),301.55,MMLP Pune,320.11,Kottapuram Terminal,637.3,FCI Depot Hubballi,106.73
Gonteli,NORTH GOA,585,626768,village,748,16.69,Mumbai - Pune Expressway,351.7,KARMALI,19.08,Wadi,280.39,Mormugao Port,35.17,ICD Mangalore (Panambur),307.76,Rupaidiha ICP,1566.62,Mangaluru International Airport (IXE),304.61,MMLP Pune,319.06,Kottapuram Terminal,641.17,FCI Depot Hubballi,116.59
Codal,NORTH GOA,585,626780,village,748,20.98,Solapur–Chennai Economic Corridor,349.22,CASTLE ROCK,26.93,Wadi,267.96,Mormugao Port,47.97,ICD Mangalore (Panambur),303.62,Rupaidiha ICP,1560.29,Mangaluru International Airport (IXE),300.22,MMLP Pune,320.67,Kottapuram Terminal,635.49,FCI Depot Hubballi,101.87
Querim,NORTH GOA,585,626785,village,748,17.59,Mumbai - Pune Expressway,353.12,KARMALI,20.27,Wadi,277.92,Mormugao Port,36.52,ICD Mangalore (Panambur),306.19,Rupaidiha ICP,1566.46,Mangaluru International Airport (IXE),303.01,MMLP Pune,320.18,Kottapuram Terminal,639.41,FCI Depot Hubballi,114.1
Corjuem,NORTH GOA,585,626683,village,66,6.52,Mumbai - Pune Expressway,350.11,THIVIM,4.18,Wadi,294.56,Mormugao Port,21.93,ICD Mangalore (Panambur),311.75,Rupaidiha ICP,1576.13,Mangaluru International Airport (IXE),308.93,MMLP Pune,320.02,Kottapuram Terminal,646.57,FCI Depot Hubballi,133.97
Aldona,NORTH GOA,585,626704,village,66,4.75,Mumbai - Pune Expressway,350.15,THIVIM,4.38,Wadi,295.91,Mormugao Port,20.9,ICD Mangalore (Panambur),312.06,Rupaidiha ICP,1577.2,Mangaluru International Airport (IXE),309.27,MMLP Pune,320.32,Kottapuram Terminal,646.99,FCI Depot Hubballi,135.67
Anjuna,NORTH GOA,585,626694,village,66,5.62,Mumbai - Pune Expressway,349.22,THIVIM,13.8,Wadi,305.96,Mormugao Port,18.99,ICD Mangalore (Panambur),315.81,Rupaidiha ICP,1583.29,Mangaluru International Airport (IXE),313.23,MMLP Pune,321.16,Kottapuram Terminal,651.34,FCI Depot Hubballi,147.58
Gululem,NORTH GOA,585,626784,village,748,20.19,Mumbai - Pune Expressway,352.83,KARMALI,22.97,Wadi,276.23,Mormugao Port,39.25,ICD Mangalore (Panambur),306.31,Rupaidiha ICP,1564.5,Mangaluru International Airport (IXE),303.08,MMLP Pune,319.51,Kottapuram Terminal,639.25,FCI Depot Hubballi,111.69
Ravona,NORTH GOA,585,626767,village,748,15.78,Mumbai - Pune Expressway,350.97,THIVIM,17.32,Wadi,282.22,Mormugao Port,33.81,ICD Mangalore (Panambur),308.64,Rupaidiha ICP,1567.2,Mangaluru International Airport (IXE),305.53,MMLP Pune,318.6,Kottapuram Terminal,642.22,FCI Depot Hubballi,118.61
Ona,NORTH GOA,585,626748,village,748,13.04,Mumbai - Pune Expressway,349.08,THIVIM,8.51,Wadi,289.73,Mormugao Port,27.73,ICD Mangalore (Panambur),311.53,Rupaidiha ICP,1570.91,Mangaluru International Airport (IXE),308.57,MMLP Pune,317.94,Kottapuram Terminal,645.81,FCI Depot Hubballi,127.34
Siroli,NORTH GOA,585,626769,village,748,18.7,Mumbai - Pune Expressway,350.14,THIVIM,20.19,Wadi,280.61,Mormugao Port,37.04,ICD Mangalore (Panambur),309.21,Rupaidiha ICP,1564.58,Mangaluru International Airport (IXE),306.04,MMLP Pune,317.33,Kottapuram Terminal,642.48,FCI Depot Hubballi,116.06
Maulinguem North,NORTH GOA,585,626749,village,748,13.59,Mumbai - Pune Expressway,349.42,THIVIM,10.72,Wadi,287.88,Mormugao Port,29.23,ICD Mangalore (Panambur),310.9,Rupaidiha ICP,1569.85,Mangaluru International Airport (IXE),307.9,MMLP Pune,317.96,Kottapuram Terminal,645.01,FCI Depot Hubballi,125.15
Assagao,NORTH GOA,585,626672,village,66,3.89,Mumbai - Pune Expressway,347.93,THIVIM,10.67,Wadi,304.45,Mormugao Port,20.23,ICD Mangalore (Panambur),316.3,Rupaidiha ICP,1580.6,Mangaluru International Airport (IXE),313.66,MMLP Pune,319.46,Kottapuram Terminal,651.69,FCI Depot Hubballi,145.14
Marna,NORTH GOA,585,626671,village,66,3.77,Mumbai - Pune Expressway,346.42,THIVIM,9.61,Wadi,304.71,Mormugao Port,21.8,ICD Mangalore (Panambur),317.55,Rupaidiha ICP,1578.87,Mangaluru International Airport (IXE),314.89,MMLP Pune,317.84,Kottapuram Terminal,652.88,FCI Depot Hubballi,144.76
Rivem,NORTH GOA,585,626781,village,748,23.64,Solapur–Chennai Economic Corridor,351.24,CASTLE ROCK,29.68,Wadi,270.93,Mormugao Port,46.54,ICD Mangalore (Panambur),305.82,Rupaidiha ICP,1559.86,Mangaluru International Airport (IXE),302.45,MMLP Pune,318.75,Kottapuram Terminal,637.91,FCI Depot Hubballi,104.68
Mapusa(M Cl),NORTH GOA,585,252061,village,66,0.81,Mumbai - Pune Expressway,348.22,THIVIM,7.0,Wadi,301.25,Mormugao Port,20.56,ICD Mangalore (Panambur),315.09,Rupaidiha ICP,1578.67,Mangaluru International Airport (IXE),312.38,MMLP Pune,319.18,Kottapuram Terminal,650.29,FCI Depot Hubballi,141.36
Mulgao,NORTH GOA,585,626747,village,66,10.06,Mumbai - Pune Expressway,349.14,THIVIM,5.41,Wadi,292.29,Mormugao Port,25.17,ICD Mangalore (Panambur),312.02,Rupaidiha ICP,1573.05,Mangaluru International Airport (IXE),309.12,MMLP Pune,318.5,Kottapuram Terminal,646.56,FCI Depot Hubballi,130.62
Anjunem,NORTH GOA,585,626770,village,748,20.37,Mumbai - Pune Expressway,350.24,THIVIM,22.35,Wadi,279.05,Mormugao Port,38.98,ICD Mangalore (Panambur),308.97,Rupaidiha ICP,1563.31,Mangaluru International Airport (IXE),305.76,MMLP Pune,317.13,Kottapuram Terminal,642.02,FCI Depot Hubballi,114.04
Sircaim,NORTH GOA,585,626669,village,66,5.24,Mumbai - Pune Expressway,346.99,THIVIM,1.03,Wadi,296.98,Mormugao Port,24.28,ICD Mangalore (Panambur),314.9,Rupaidiha ICP,1573.86,Mangaluru International Airport (IXE),312.08,MMLP Pune,317.01,Kottapuram Terminal,649.71,FCI Depot Hubballi,135.48
Quelaudem,NORTH GOA,585,626771,village,748,21.62,Mumbai - Pune Expressway,350.08,THIVIM,23.69,Wadi,278.23,Mormugao Port,40.33,ICD Mangalore (Panambur),309.05,Rupaidiha ICP,1562.31,Mangaluru International Airport (IXE),305.82,MMLP Pune,316.78,Kottapuram Terminal,641.96,FCI Depot Hubballi,112.86
Ivrem Buzruco,NORTH GOA,585,626774,village,748,24.87,Mumbai - Pune Expressway,350.77,KARMALI,27.87,Wadi,274.83,Mormugao Port,44.13,ICD Mangalore (Panambur),308.21,Rupaidiha ICP,1560.11,Mangaluru International Airport (IXE),304.9,MMLP Pune,316.87,Kottapuram Terminal,640.65,FCI Depot Hubballi,108.68
Ivrem Curdo,NORTH GOA,585,626775,village,748,25.47,Mumbai - Pune Expressway,350.97,KARMALI,29.19,Wadi,273.72,Mormugao Port,45.47,ICD Mangalore (Panambur),307.98,Rupaidiha ICP,1559.32,Mangaluru International Airport (IXE),304.65,MMLP Pune,316.86,Kottapuram Terminal,640.26,FCI Depot Hubballi,107.28
Siolim,NORTH GOA,585,626690,village,66,4.81,Mumbai - Pune Expressway,345.51,PERNEM,10.43,Wadi,305.99,Mormugao Port,22.64,ICD Pune,317.04,Rupaidiha ICP,1578.63,Mangaluru International Airport (IXE),316.01,MMLP Pune,317.08,Kottapuram Terminal,654.01,FCI Depot Hubballi,145.91
Choraundem,NORTH GOA,585,626773,village,748,23.92,Mumbai - Pune Expressway,350.58,KARMALI,26.63,Wadi,275.89,Mormugao Port,42.88,ICD Mangalore (Panambur),308.43,Rupaidiha ICP,1560.85,Mangaluru International Airport (IXE),305.15,MMLP Pune,316.87,Kottapuram Terminal,641.03,FCI Depot Hubballi,110.01
Golauli,NORTH GOA,585,626776,village,748,25.35,Solapur–Chennai Economic Corridor,350.97,KARMALI,31.07,Wadi,272.17,Mormugao Port,47.36,ICD Mangalore (Panambur),307.68,Rupaidiha ICP,1558.23,Mangaluru International Airport (IXE),304.31,MMLP Pune,316.86,Kottapuram Terminal,639.72,FCI Depot Hubballi,105.33
Oxel,NORTH GOA,585,626662,village,66,5.07,Mumbai - Pune Expressway,344.09,PERNEM,9.19,Wadi,306.83,Mormugao Port,24.06,ICD Pune,315.62,Rupaidiha ICP,1577.41,Mangaluru International Airport (IXE),317.36,MMLP Pune,315.66,Kottapuram Terminal,655.35,FCI Depot Hubballi,146.3
Tivim,NORTH GOA,585,626670,village,66,2.47,Mumbai - Pune Expressway,346.1,THIVIM,2.77,Wadi,299.66,Mormugao Port,23.83,ICD Mangalore (Panambur),316.33,Rupaidiha ICP,1574.73,Mangaluru International Airport (IXE),313.54,MMLP Pune,316.52,Kottapuram Terminal,651.29,FCI Depot Hubballi,138.4
Satrem,NORTH GOA,585,626778,village,748,23.14,Solapur–Chennai Economic Corridor,345.51,TINAI GHAT,28.06,Wadi,267.78,Mormugao Port,52.25,ICD Mangalore (Panambur),306.48,Rupaidiha ICP,1555.74,Mangaluru International Airport (IXE),303.01,MMLP Pune,317.41,Kottapuram Terminal,637.87,FCI Depot Hubballi,100.02
Agarvado,NORTH GOA,585,626657,village,66,6.38,Mumbai - Pune Expressway,343.08,PERNEM,9.04,Wadi,308.24,Mormugao Port,25.04,ICD Pune,314.78,Rupaidiha ICP,1577.14,Mangaluru International Airport (IXE),318.6,MMLP Pune,314.81,Kottapuram Terminal,656.61,FCI Depot Hubballi,147.56
Camurlim,NORTH GOA,585,626663,village,66,3.46,Mumbai - Pune Expressway,343.64,PERNEM,7.79,Wadi,305.52,Mormugao Port,24.7,ICD Pune,314.88,Rupaidiha ICP,1575.89,Mangaluru International Airport (IXE),317.26,MMLP Pune,314.91,Kottapuram Terminal,655.18,FCI Depot Hubballi,144.49
Adwalpale,NORTH GOA,585,626745,village,66,6.16,Mumbai - Pune Expressway,344.62,THIVIM,2.7,Wadi,296.83,Mormugao Port,27.53,ICD Pune,314.28,Rupaidiha ICP,1570.57,Mangaluru International Airport (IXE),313.94,MMLP Pune,314.32,Kottapuram Terminal,651.43,FCI Depot Hubballi,134.16
Surla,NORTH GOA,585,626777,village,748,26.04,Solapur–Chennai Economic Corridor,348.93,CASTLE ROCK,31.88,Wadi,271.81,Mormugao Port,49.69,ICD Mangalore (Panambur),308.9,Rupaidiha ICP,1555.97,Mangaluru International Airport (IXE),305.5,MMLP Pune,315.38,Kottapuram Terminal,640.7,FCI Depot Hubballi,104.18
Latambarcem,NORTH GOA,585,626744,village,66,10.31,Mumbai - Pune Expressway,344.87,THIVIM,6.71,Wadi,293.54,Mormugao Port,29.87,ICD Pune,313.9,Rupaidiha ICP,1568.26,Mangaluru International Airport (IXE),312.93,MMLP Pune,313.95,Kottapuram Terminal,650.2,FCI Depot Hubballi,130.13
Nadora,NORTH GOA,585,626665,village,66,2.76,Mumbai - Pune Expressway,341.64,THIVIM,4.36,Wadi,300.98,Mormugao Port,28.78,ICD Pune,311.75,Rupaidiha ICP,1569.84,Mangaluru International Airport (IXE),317.43,MMLP Pune,311.8,Kottapuram Terminal,655.03,FCI Depot Hubballi,137.97
Pirna,NORTH GOA,585,626666,village,66,5.35,Mumbai - Pune Expressway,342.46,THIVIM,4.0,Wadi,298.58,Mormugao Port,29.17,ICD Pune,312.2,Rupaidiha ICP,1569.05,Mangaluru International Airport (IXE),316.13,MMLP Pune,312.25,Kottapuram Terminal,653.62,FCI Depot Hubballi,135.35
Dumacem,NORTH GOA,585,626742,village,166S,6.3,Mumbai - Pune Expressway,341.11,THIVIM,6.33,Wadi,297.96,Mormugao Port,31.42,ICD Pune,310.55,Rupaidiha ICP,1566.72,Mangaluru International Airport (IXE),317.07,MMLP Pune,310.6,Kottapuram Terminal,654.43,FCI Depot Hubballi,133.95
Parcem,NORTH GOA,585,626660,village,66,6.41,Mumbai - Pune Expressway,340.62,PERNEM,6.59,Wadi,308.98,Mormugao Port,27.53,ICD Pune,312.19,Rupaidiha ICP,1574.51,Pune Airport (PNQ),319.21,MMLP Pune,312.22,Kottapuram Terminal,658.65,FCI Depot Hubballi,147.37
Tuem,NORTH GOA,585,626655,village,66,3.2,Mumbai - Pune Expressway,340.46,PERNEM,4.28,Wadi,306.42,Mormugao Port,28.08,ICD Pune,311.51,Rupaidiha ICP,1572.42,Pune Airport (PNQ),318.46,MMLP Pune,311.55,Kottapuram Terminal,657.81,FCI Depot Hubballi,144.17
Mandrem,NORTH GOA,585,626659,village,66,9.42,Mumbai - Pune Expressway,340.04,PERNEM,9.69,Wadi,312.37,Mormugao Port,28.23,ICD Pune,312.2,Rupaidiha ICP,1576.18,Pune Airport (PNQ),319.29,MMLP Pune,312.23,Kottapuram Terminal,660.38,FCI Depot Hubballi,151.23
Salem,NORTH GOA,585,626743,village,166S,8.55,Mumbai - Pune Expressway,341.13,THIVIM,9.05,Wadi,295.38,Mormugao Port,33.45,ICD Pune,310.04,Rupaidiha ICP,1564.62,Mangaluru International Airport (IXE),316.45,MMLP Pune,310.1,Kottapuram Terminal,653.62,FCI Depot Hubballi,130.7
Mencurem,NORTH GOA,585,626741,village,166S,4.58,Mumbai - Pune Expressway,339.59,THIVIM,7.15,Wadi,299.59,Mormugao Port,32.31,ICD Pune,309.17,Rupaidiha ICP,1565.96,Pune Airport (PNQ),315.93,MMLP Pune,309.21,Kottapuram Terminal,656.1,FCI Depot Hubballi,135.31
Virnora,NORTH GOA,585,626654,village,66,1.19,Mumbai - Pune Expressway,338.98,PERNEM,2.43,Wadi,306.2,Mormugao Port,29.84,ICD Pune,309.81,Rupaidiha ICP,1570.31,Pune Airport (PNQ),316.74,MMLP Pune,309.85,Kottapuram Terminal,658.81,FCI Depot Hubballi,143.25
Arambol,NORTH GOA,585,626658,village,66,9.8,Mumbai - Pune Expressway,337.82,PERNEM,10.27,Wadi,314.68,Mormugao Port,30.57,ICD Pune,310.19,Rupaidiha ICP,1574.99,Pune Airport (PNQ),317.31,MMLP Pune,310.22,Kottapuram Terminal,662.85,FCI Depot Hubballi,153.08
Dargalim,NORTH GOA,585,626653,village,66,0.36,Mumbai - Pune Expressway,340.26,PERNEM,4.21,Wadi,303.71,Mormugao Port,29.2,ICD Pune,310.75,Rupaidiha ICP,1570.11,Pune Airport (PNQ),317.63,MMLP Pune,310.79,Kottapuram Terminal,656.99,FCI Depot Hubballi,140.74
Ozorim,NORTH GOA,585,626652,village,166S,3.0,Mumbai - Pune Expressway,338.99,PERNEM,6.39,Wadi,301.65,Mormugao Port,31.82,ICD Pune,308.91,Rupaidiha ICP,1566.8,Pune Airport (PNQ),315.72,MMLP Pune,308.95,Kottapuram Terminal,657.22,FCI Depot Hubballi,137.62
Ibrampur,NORTH GOA,585,626650,village,166S,7.1,Mumbai - Pune Expressway,338.54,THIVIM,10.66,Wadi,297.2,Mormugao Port,35.54,ICD Pune,307.48,Rupaidiha ICP,1562.53,Pune Airport (PNQ),314.16,MMLP Pune,307.53,Kottapuram Terminal,656.14,FCI Depot Hubballi,131.81
Querim,NORTH GOA,585,626636,village,66,11.47,Mumbai - Pune Expressway,334.58,PERNEM,12.34,Patas,312.4,Mormugao Port,34.1,ICD Pune,307.31,Rupaidiha ICP,1573.41,Pune Airport (PNQ),314.47,MMLP Pune,307.33,Kottapuram Terminal,666.57,FCI Depot Hubballi,156.07
Paliem,NORTH GOA,585,626637,village,66,9.21,Mumbai - Pune Expressway,335.16,PERNEM,9.94,Patas,312.1,Mormugao Port,33.17,ICD Pune,307.51,Rupaidiha ICP,1572.6,Pune Airport (PNQ),314.63,MMLP Pune,307.53,Kottapuram Terminal,665.29,FCI Depot Hubballi,153.68
Cansarvornem,NORTH GOA,585,626651,village,166S,1.21,Mumbai - Pune Expressway,336.75,PERNEM,6.29,Wadi,302.89,Mormugao Port,34.03,ICD Pune,306.63,Rupaidiha ICP,1564.74,Pune Airport (PNQ),313.44,MMLP Pune,306.67,Kottapuram Terminal,659.3,FCI Depot Hubballi,138.17
Tiracol,NORTH GOA,585,626635,village,66,12.79,Mumbai - Pune Expressway,333.02,PERNEM,13.98,Patas,311.41,Mormugao Port,35.92,ICD Pune,305.97,Rupaidiha ICP,1572.84,Pune Airport (PNQ),313.17,MMLP Pune,305.99,Kottapuram Terminal,668.49,FCI Depot Hubballi,157.89
Pernem,NORTH GOA,585,626639,village,66,0.44,Mumbai - Pune Expressway,336.8,PERNEM,0.63,Wadi,307.07,Mormugao Port,32.14,ICD Pune,307.54,Rupaidiha ICP,1568.1,Pune Airport (PNQ),314.47,MMLP Pune,307.58,Kottapuram Terminal,660.7,FCI Depot Hubballi,143.38
Corgao,NORTH GOA,585,626638,village,66,5.49,Mumbai - Pune Expressway,335.91,PERNEM,6.12,Patas,311.48,Mormugao Port,32.22,ICD Pune,307.67,Rupaidiha ICP,1571.13,Pune Airport (PNQ),314.72,MMLP Pune,307.7,Kottapuram Terminal,663.44,FCI Depot Hubballi,149.9
Varconda,NORTH GOA,585,626642,village,166S,1.02,Mumbai - Pune Expressway,335.22,PERNEM,3.37,Wadi,306.26,Mormugao Port,34.33,ICD Pune,305.6,Rupaidiha ICP,1565.35,Pune Airport (PNQ),312.48,MMLP Pune,305.64,Kottapuram Terminal,661.57,FCI Depot Hubballi,141.7
Alorna,NORTH GOA,585,626649,village,166S,5.35,Mumbai - Pune Expressway,337.01,THIVIM,10.97,Wadi,299.17,Mormugao Port,36.11,ICD Pune,306.16,Rupaidiha ICP,1562.06,Pune Airport (PNQ),312.87,MMLP Pune,306.21,Kottapuram Terminal,657.9,FCI Depot Hubballi,133.62
Chandel,NORTH GOA,585,626648,village,166S,2.08,Mumbai - Pune Expressway,334.33,PERNEM,8.18,Wadi,303.4,Mormugao Port,36.89,ICD Pune,304.0,Rupaidiha ICP,1561.85,Pune Airport (PNQ),310.79,MMLP Pune,304.05,Kottapuram Terminal,661.27,FCI Depot Hubballi,137.76
Uguem,NORTH GOA,585,626644,village,66,0.63,Mumbai - Pune Expressway,332.45,PERNEM,5.14,Patas,305.03,Mormugao Port,36.99,ICD Pune,302.86,Rupaidiha ICP,1563.09,Pune Airport (PNQ),309.75,MMLP Pune,302.9,Kottapuram Terminal,664.25,FCI Depot Hubballi,142.85
Tamboxem,NORTH GOA,585,626645,village,66,0.1,Mumbai - Pune Expressway,331.37,PERNEM,5.99,Patas,304.04,Mormugao Port,38.0,ICD Pune,301.81,Rupaidiha ICP,1562.26,Pune Airport (PNQ),308.7,MMLP Pune,301.85,Kottapuram Terminal,665.31,FCI Depot Hubballi,143.39
Mopa,NORTH GOA,585,626647,village,66,2.58,Mumbai - Pune Expressway,332.5,PERNEM,6.93,Patas,304.18,Mormugao Port,37.73,ICD Pune,302.53,Rupaidiha ICP,1561.66,Pune Airport (PNQ),309.36,MMLP Pune,302.57,Kottapuram Terminal,663.57,FCI Depot Hubballi,140.56
Torxem,NORTH GOA,585,626646,village,66,0.03,Mumbai - Pune Expressway,329.33,MADURE,6.63,Patas,301.09,Mormugao Port,40.83,ICD Pune,299.34,Rupaidiha ICP,1558.89,Pune Airport (PNQ),306.18,MMLP Pune,299.38,Kottapuram Terminal,666.57,FCI Depot Hubballi,141.69
Assodem,NORTH GOA,585,626836,village,748,8.48,Solapur–Chennai Economic Corridor,353.0,KULEM,16.26,Wadi,259.9,Mormugao Port,43.45,ICD Mangalore (Panambur),289.79,Rupaidiha ICP,1573.3,Mangaluru International Airport (IXE),286.46,MMLP Pune,334.86,Kottapuram Terminal,622.2,FCI Depot Hubballi,99.43
Nerul,NORTH GOA,585,626698,village,66,4.1,Mumbai - Pune Expressway,357.92,VASCO DA GAMA,12.39,Wadi,298.38,Mormugao Port,10.26,ICD Mangalore (Panambur),306.64,Rupaidiha ICP,1588.92,Mangaluru International Airport (IXE),304.05,MMLP Pune,329.35,Kottapuram Terminal,642.16,FCI Depot Hubballi,142.59
Batim,NORTH GOA,585,626722,village,66,1.49,Mumbai - Pune Expressway,365.35,KARMALI,5.98,Wadi,286.77,Mormugao Port,10.59,ICD Mangalore (Panambur),297.32,Rupaidiha ICP,1590.04,Mangaluru International Airport (IXE),294.6,MMLP Pune,335.46,Kottapuram Terminal,632.5,FCI Depot Hubballi,132.24
Sirigao,NORTH GOA,585,626746,village,66,8.03,Mumbai - Pune Expressway,348.83,THIVIM,3.6,Wadi,294.13,Mormugao Port,23.99,ICD Mangalore (Panambur),312.7,Rupaidiha ICP,1574.09,Mangaluru International Airport (IXE),309.84,MMLP Pune,318.51,Kottapuram Terminal,647.39,FCI Depot Hubballi,132.8
Ponsuli,NORTH GOA,585,626772,village,748,22.33,Mumbai - Pune Expressway,350.78,KARMALI,24.99,Wadi,276.87,Mormugao Port,41.21,ICD Mangalore (Panambur),308.3,Rupaidiha ICP,1562.07,Mangaluru International Airport (IXE),305.04,MMLP Pune,317.3,Kottapuram Terminal,641.08,FCI Depot Hubballi,111.43
Dabem,NORTH GOA,585,626789,village,748,16.07,Mumbai - Pune Expressway,358.06,KARMALI,21.04,Wadi,272.78,Mormugao Port,37.21,ICD Mangalore (Panambur),301.12,Rupaidiha ICP,1568.96,Mangaluru International Airport (IXE),297.9,MMLP Pune,324.77,Kottapuram Terminal,634.17,FCI Depot Hubballi,110.03
Bombedem,NORTH GOA,585,626802,village,748,17.18,Solapur–Chennai Economic Corridor,354.18,CASTLE ROCK,24.48,Wadi,267.26,Mormugao Port,42.22,ICD Mangalore (Panambur),298.48,Rupaidiha ICP,1567.43,Mangaluru International Airport (IXE),295.17,MMLP Pune,326.45,Kottapuram Terminal,630.97,FCI Depot Hubballi,104.0
Ambedem,NORTH GOA,585,626803,village,748,17.62,Solapur–Chennai Economic Corridor,354.2,CASTLE ROCK,24.99,Wadi,267.72,Mormugao Port,42.27,ICD Mangalore (Panambur),299.07,Rupaidiha ICP,1566.99,Mangaluru International Airport (IXE),295.76,MMLP Pune,325.87,Kottapuram Terminal,631.56,FCI Depot Hubballi,104.28
Edorem,NORTH GOA,585,626791,village,748,18.05,Solapur–Chennai Economic Corridor,355.79,KARMALI,24.85,Wadi,270.14,Mormugao Port,40.97,ICD Mangalore (Panambur),300.91,Rupaidiha ICP,1566.6,Mangaluru International Airport (IXE),297.63,MMLP Pune,324.3,Kottapuram Terminal,633.56,FCI Depot Hubballi,106.49
Ansolem,NORTH GOA,585,626814,village,748,11.55,Solapur–Chennai Economic Corridor,360.04,KARMALI,20.64,Wadi,269.26,Mormugao Port,36.18,ICD Mangalore (Panambur),296.06,Rupaidiha ICP,1573.1,Mangaluru International Airport (IXE),292.86,MMLP Pune,329.84,Kottapuram Terminal,629.2,FCI Depot Hubballi,108.34
Siranguli,NORTH GOA,585,626834,village,748,10.59,Solapur–Chennai Economic Corridor,353.74,KULEM,18.29,Wadi,261.89,Mormugao Port,42.52,ICD Mangalore (Panambur),291.76,Rupaidiha ICP,1572.29,Mangaluru International Airport (IXE),288.44,MMLP Pune,333.03,Kottapuram Terminal,624.24,FCI Depot Hubballi,100.88
Tivrem,SOUTH GOA,586,626843,village,748,1.47,Mumbai - Pune Expressway,361.51,KARMALI,4.57,Wadi,281.98,Mormugao Port,20.71,ICD Mangalore (Panambur),299.38,Rupaidiha ICP,1581.45,Mangaluru International Airport (IXE),296.47,MMLP Pune,330.37,Kottapuram Terminal,633.9,FCI Depot Hubballi,124.06
Boma,SOUTH GOA,586,626848,village,748,0.23,Mumbai - Pune Expressway,364.25,KARMALI,4.71,Wadi,280.56,Mormugao Port,19.57,ICD Mangalore (Panambur),296.74,Rupaidiha ICP,1583.98,Mangaluru International Airport (IXE),293.85,MMLP Pune,333.16,Kottapuram Terminal,631.34,FCI Depot Hubballi,123.81
Curti,SOUTH GOA,586,626870,village,748,0.07,Mumbai - Pune Expressway,372.05,KARMALI,13.85,Wadi,271.45,Mormugao Port,25.01,ICD Mangalore (Panambur),288.27,Rupaidiha ICP,1587.15,Mangaluru International Airport (IXE),285.3,MMLP Pune,340.18,Kottapuram Terminal,622.57,FCI Depot Hubballi,116.78
Arvalem,NORTH GOA,585,917385,village,748,11.3,Mumbai - Pune Expressway,356.53,KARMALI,14.08,Wadi,279.16,Mormugao Port,30.37,ICD Mangalore (Panambur),303.23,Rupaidiha ICP,1572.39,Mangaluru International Airport (IXE),300.15,MMLP Pune,324.28,Kottapuram Terminal,636.99,FCI Depot Hubballi,117.62
Poroscodem,NORTH GOA,585,626640,village,66,0.42,Mumbai - Pune Expressway,333.54,PERNEM,3.02,Patas,307.09,Mormugao Port,35.22,ICD Pune,304.39,Rupaidiha ICP,1565.69,Pune Airport (PNQ),311.33,MMLP Pune,304.43,Kottapuram Terminal,663.97,FCI Depot Hubballi,145.1
Velsao,SOUTH GOA,586,626882,village,566,2.22,Mumbai - Pune Expressway,376.26,CANSAULIM,1.13,Wadi,280.96,Mormugao Port,12.43,ICD Mangalore (Panambur),286.89,Rupaidiha ICP,1599.58,Mangaluru International Airport (IXE),284.23,MMLP Pune,346.4,Kottapuram Terminal,622.26,FCI Depot Hubballi,131.33
Chandor,SOUTH GOA,586,626911,village,66,9.3,Solapur–Chennai Economic Corridor,373.67,CHANDAR,1.26,Wadi,260.49,Mormugao Port,32.87,ICD Mangalore (Panambur),271.64,Rupaidiha ICP,1600.46,Mangaluru International Airport (IXE),268.72,MMLP Pune,356.73,Kottapuram Terminal,606.16,FCI Depot Hubballi,113.89
Loliem,SOUTH GOA,586,627027,village,66,1.41,Solapur–Chennai Economic Corridor,384.46,LOLIEM,0.86,New Makardhokda,235.76,Mormugao Port,60.88,ICD Mangalore (Panambur),236.91,Rupaidiha ICP,1632.12,Mangaluru International Airport (IXE),234.22,MMLP Anantapur,377.24,Kottapuram Terminal,572.22,FCI Depot Hubballi,120.8
Poinguinim,SOUTH GOA,586,627026,village,66,5.23,Solapur–Chennai Economic Corridor,380.73,LOLIEM,4.66,New Makardhokda,239.71,Mormugao Port,57.78,ICD Mangalore (Panambur),240.84,Rupaidiha ICP,1626.85,Mangaluru International Airport (IXE),238.06,MMLP Anantapur,375.63,Kottapuram Terminal,575.91,FCI Depot Hubballi,117.14
Canacona (M CI),SOUTH GOA,586,252100,village,66,0.68,Solapur–Chennai Economic Corridor,384.89,CANCONA,0.59,New Makardhokda,244.51,Mormugao Port,52.12,ICD Mangalore (Panambur),245.67,Rupaidiha ICP,1626.55,Mangaluru International Airport (IXE),242.99,MMLP Anantapur,381.61,Kottapuram Terminal,581.01,FCI Depot Hubballi,121.51
Cotigao,SOUTH GOA,586,627028,village,66,14.91,Solapur–Chennai Economic Corridor,369.27,ASNOTI,13.41,Wadi,231.84,Mormugao Port,65.84,ICD Mangalore (Panambur),236.69,Rupaidiha ICP,1621.78,Mangaluru International Airport (IXE),233.62,MMLP Anantapur,363.07,Kottapuram Terminal,570.76,FCI Depot Hubballi,105.61
Canacona,SOUTH GOA,586,627024,village,66,4.03,Solapur–Chennai Economic Corridor,381.48,CANCONA,4.0,New Makardhokda,245.09,Mormugao Port,52.31,ICD Mangalore (Panambur),246.23,Rupaidiha ICP,1623.74,Mangaluru International Airport (IXE),243.47,MMLP Anantapur,378.77,Kottapuram Terminal,581.35,FCI Depot Hubballi,118.13
Gaodongrem,SOUTH GOA,586,627025,village,66,9.99,Solapur–Chennai Economic Corridor,375.25,LOLIEM,10.29,Wadi,241.37,Mormugao Port,56.86,ICD Mangalore (Panambur),243.54,Rupaidiha ICP,1621.21,Mangaluru International Airport (IXE),240.63,MMLP Anantapur,371.85,Kottapuram Terminal,578.2,FCI Depot Hubballi,111.75
Nundem,SOUTH GOA,586,627019,village,66,17.87,Solapur–Chennai Economic Corridor,367.36,LOLIEM,17.68,Wadi,236.68,Mormugao Port,58.81,ICD Mangalore (Panambur),245.24,Rupaidiha ICP,1614.72,Mangaluru International Airport (IXE),242.16,MMLP Anantapur,365.35,Kottapuram Terminal,579.18,FCI Depot Hubballi,103.92
Agonda,SOUTH GOA,586,627023,village,66,2.31,Solapur–Chennai Economic Corridor,387.66,CANCONA,5.4,New Makardhokda,249.52,Mormugao Port,46.72,ICD Mangalore (Panambur),250.7,Rupaidiha ICP,1625.13,Mangaluru International Airport (IXE),248.08,MMLP Pune,380.86,Kottapuram Terminal,586.19,FCI Depot Hubballi,124.63
Quisconda,SOUTH GOA,586,626963,village,66,7.19,Solapur–Chennai Economic Corridor,377.2,CANCONA,9.03,Wadi,247.24,Mormugao Port,50.26,ICD Mangalore (Panambur),249.72,Rupaidiha ICP,1618.35,Mangaluru International Airport (IXE),246.87,MMLP Anantapur,376.49,Kottapuram Terminal,584.54,FCI Depot Hubballi,114.1
Mangal,SOUTH GOA,586,626968,village,66,15.94,Solapur–Chennai Economic Corridor,369.3,CANCONA,16.16,Wadi,239.02,Mormugao Port,56.74,ICD Mangalore (Panambur),246.43,Rupaidiha ICP,1615.2,Mangaluru International Airport (IXE),243.39,MMLP Anantapur,367.72,Kottapuram Terminal,580.56,FCI Depot Hubballi,105.94
Barcem,SOUTH GOA,586,626961,village,66,1.05,Solapur–Chennai Economic Corridor,383.11,CANCONA,6.22,New Makardhokda,250.45,Mormugao Port,46.67,ICD Mangalore (Panambur),251.6,Rupaidiha ICP,1621.23,Mangaluru International Airport (IXE),248.88,MMLP Pune,378.57,Kottapuram Terminal,586.83,FCI Depot Hubballi,120.17
Corla,SOUTH GOA,586,626966,village,66,9.81,Solapur–Chennai Economic Corridor,374.3,CANCONA,11.7,Wadi,245.13,Mormugao Port,51.38,ICD Mangalore (Panambur),249.75,Rupaidiha ICP,1616.32,Mangaluru International Airport (IXE),246.83,MMLP Anantapur,373.86,Kottapuram Terminal,584.33,FCI Depot Hubballi,111.2
Cazur,SOUTH GOA,586,626967,village,66,13.13,Solapur–Chennai Economic Corridor,371.11,CANCONA,14.57,Wadi,242.22,Mormugao Port,53.53,ICD Mangalore (Panambur),248.98,Rupaidiha ICP,1614.67,Mangaluru International Airport (IXE),245.98,MMLP Anantapur,370.58,Kottapuram Terminal,583.29,FCI Depot Hubballi,107.93
Verlem,SOUTH GOA,586,627020,village,66,23.22,Solapur–Chennai Economic Corridor,361.99,LOLIEM,21.92,Wadi,230.74,Mormugao Port,64.04,ICD Mangalore (Panambur),242.73,Rupaidiha ICP,1612.92,Mangaluru International Airport (IXE),239.52,MMLP Anantapur,359.13,Kottapuram Terminal,576.07,FCI Depot Hubballi,98.42
Gocoldem,SOUTH GOA,586,626962,village,66,4.81,Solapur–Chennai Economic Corridor,378.9,CANCONA,8.58,Wadi,249.75,Mormugao Port,47.99,ICD Mangalore (Panambur),251.49,Rupaidiha ICP,1618.31,Mangaluru International Airport (IXE),248.68,MMLP Pune,377.46,Kottapuram Terminal,586.44,FCI Depot Hubballi,115.95
Cola,SOUTH GOA,586,627022,village,66,6.5,Solapur–Chennai Economic Corridor,389.58,BALLI,9.49,New Makardhokda,255.17,Mormugao Port,40.9,ICD Mangalore (Panambur),256.35,Rupaidiha ICP,1622.64,Mangaluru International Airport (IXE),253.78,MMLP Pune,376.16,Kottapuram Terminal,591.93,FCI Depot Hubballi,127.08
Quedem,SOUTH GOA,586,626960,village,66,1.47,Solapur–Chennai Economic Corridor,384.39,BALLI,6.93,New Makardhokda,253.88,Mormugao Port,43.02,ICD Mangalore (Panambur),255.04,Rupaidiha ICP,1619.77,Mangaluru International Airport (IXE),252.34,MMLP Pune,375.7,Kottapuram Terminal,590.34,FCI Depot Hubballi,121.78
Vichundrem,SOUTH GOA,586,627016,village,66,16.68,Solapur–Chennai Economic Corridor,366.61,CANCONA,19.13,Wadi,239.71,Mormugao Port,54.87,ICD Mangalore (Panambur),250.1,Rupaidiha ICP,1610.88,Mangaluru International Airport (IXE),247.01,MMLP Anantapur,366.97,Kottapuram Terminal,583.99,FCI Depot Hubballi,103.52
Padi,SOUTH GOA,586,626959,village,66,1.78,Solapur–Chennai Economic Corridor,381.08,BALLI,6.79,New Makardhokda,253.47,Mormugao Port,44.31,ICD Mangalore (Panambur),254.61,Rupaidiha ICP,1617.7,Mangaluru International Airport (IXE),251.84,MMLP Pune,375.11,Kottapuram Terminal,589.7,FCI Depot Hubballi,118.44
Neturlim,SOUTH GOA,586,627018,village,66,20.8,Solapur–Chennai Economic Corridor,363.5,CANCONA,21.96,Wadi,235.47,Mormugao Port,58.93,ICD Mangalore (Panambur),247.53,Rupaidiha ICP,1610.61,Mangaluru International Airport (IXE),244.36,MMLP Anantapur,362.85,Kottapuram Terminal,581.07,FCI Depot Hubballi,100.19
Sulcorna,SOUTH GOA,586,626965,village,66,13.25,Solapur–Chennai Economic Corridor,369.62,BALLI,15.78,Wadi,242.97,Mormugao Port,52.0,ICD Mangalore (Panambur),251.5,Rupaidiha ICP,1611.92,Mangaluru International Airport (IXE),248.48,MMLP Anantapur,370.4,Kottapuram Terminal,585.68,FCI Depot Hubballi,106.67
Pirla,SOUTH GOA,586,626964,village,66,9.23,Solapur–Chennai Economic Corridor,373.32,BALLI,12.02,Wadi,246.66,Mormugao Port,48.95,ICD Mangalore (Panambur),252.86,Rupaidiha ICP,1613.5,Mangaluru International Airport (IXE),249.92,MMLP Anantapur,374.41,Kottapuram Terminal,587.37,FCI Depot Hubballi,110.5
Naquerim,SOUTH GOA,586,626952,village,66,7.18,Solapur–Chennai Economic Corridor,389.17,BALLI,7.98,New Makardhokda,257.81,Mormugao Port,38.32,ICD Mangalore (Panambur),258.99,Rupaidiha ICP,1620.51,Mangaluru International Airport (IXE),256.41,MMLP Pune,373.51,Kottapuram Terminal,594.54,FCI Depot Hubballi,126.98
Sigonem,SOUTH GOA,586,627017,village,66,23.49,Solapur–Chennai Economic Corridor,359.35,KALEEM,20.31,Wadi,234.61,Mormugao Port,59.01,ICD Mangalore (Panambur),250.53,Rupaidiha ICP,1605.85,Mangaluru International Airport (IXE),247.27,MMLP Anantapur,360.43,Kottapuram Terminal,583.62,FCI Depot Hubballi,96.26
Maina,SOUTH GOA,586,626957,village,66,5.44,Solapur–Chennai Economic Corridor,376.53,BALLI,8.36,Wadi,250.39,Mormugao Port,45.76,ICD Mangalore (Panambur),254.8,Rupaidiha ICP,1614.38,Mangaluru International Airport (IXE),251.93,MMLP Pune,373.67,Kottapuram Terminal,589.56,FCI Depot Hubballi,113.93
Bendordem,SOUTH GOA,586,626955,village,66,1.25,Solapur–Chennai Economic Corridor,379.93,BALLI,3.42,Wadi,255.39,Mormugao Port,41.1,ICD Mangalore (Panambur),258.39,Rupaidiha ICP,1614.26,Mangaluru International Airport (IXE),255.6,MMLP Pune,371.17,Kottapuram Terminal,593.4,FCI Depot Hubballi,117.75
Curpem,SOUTH GOA,586,627015,village,66,14.73,Solapur–Chennai Economic Corridor,367.31,BALLI,16.5,Wadi,242.83,Mormugao Port,51.41,ICD Mangalore (Panambur),253.63,Rupaidiha ICP,1608.9,Mangaluru International Airport (IXE),250.56,MMLP Anantapur,369.27,Kottapuram Terminal,587.59,FCI Depot Hubballi,104.57
Porteem,SOUTH GOA,586,627011,village,66,18.69,Solapur–Chennai Economic Corridor,363.48,KALEEM,18.01,Wadi,239.48,Mormugao Port,54.33,ICD Mangalore (Panambur),252.91,Rupaidiha ICP,1606.86,Mangaluru International Airport (IXE),249.76,MMLP Anantapur,365.41,Kottapuram Terminal,586.48,FCI Depot Hubballi,100.65
Morpila,SOUTH GOA,586,626953,village,66,3.17,Solapur–Chennai Economic Corridor,384.85,BALLI,4.47,New Makardhokda,257.19,Mormugao Port,39.69,ICD Mangalore (Panambur),258.35,Rupaidiha ICP,1617.81,Mangaluru International Airport (IXE),255.66,MMLP Pune,372.7,Kottapuram Terminal,593.67,FCI Depot Hubballi,122.63
Dongor,SOUTH GOA,586,627009,village,66,22.69,Solapur–Chennai Economic Corridor,359.27,KALEEM,17.24,Wadi,236.87,Mormugao Port,56.57,ICD Mangalore (Panambur),253.59,Rupaidiha ICP,1603.66,Mangaluru International Airport (IXE),250.34,MMLP Anantapur,361.83,Kottapuram Terminal,586.69,FCI Depot Hubballi,96.5
Naiquinim,SOUTH GOA,586,627010,village,66,19.97,Solapur–Chennai Economic Corridor,361.72,KALEEM,15.93,Wadi,239.61,Mormugao Port,53.9,ICD Mangalore (Panambur),254.84,Rupaidiha ICP,1604.37,Mangaluru International Airport (IXE),251.64,MMLP Anantapur,364.69,Kottapuram Terminal,588.22,FCI Depot Hubballi,99.11
Fatorpa,SOUTH GOA,586,626950,village,66,2.89,Solapur–Chennai Economic Corridor,384.8,BALLI,3.22,New Makardhokda,259.94,Mormugao Port,37.04,ICD Mangalore (Panambur),261.1,Rupaidiha ICP,1615.84,Mangaluru International Airport (IXE),258.42,MMLP Pune,370.06,Kottapuram Terminal,596.41,FCI Depot Hubballi,122.94
Colomba,SOUTH GOA,586,627013,village,66,11.58,Solapur–Chennai Economic Corridor,369.86,BALLI,12.91,Wadi,246.64,Mormugao Port,47.67,ICD Mangalore (Panambur),256.29,Rupaidiha ICP,1608.76,Mangaluru International Airport (IXE),253.27,MMLP Pune,370.62,Kottapuram Terminal,590.49,FCI Depot Hubballi,107.45
Viliena,SOUTH GOA,586,627008,village,748,21.94,Solapur–Chennai Economic Corridor,359.06,KALEEM,15.08,Wadi,238.35,Mormugao Port,55.01,ICD Mangalore (Panambur),255.76,Rupaidiha ICP,1602.0,Mangaluru International Airport (IXE),252.51,MMLP Anantapur,362.67,Kottapuram Terminal,588.85,FCI Depot Hubballi,96.56
Velim,SOUTH GOA,586,626921,village,66,4.29,Solapur–Chennai Economic Corridor,386.79,BALLI,5.5,New Makardhokda,262.09,Mormugao Port,34.5,ICD Mangalore (Panambur),263.26,Rupaidiha ICP,1615.77,Mangaluru International Airport (IXE),260.62,MMLP Pune,368.65,Kottapuram Terminal,598.67,FCI Depot Hubballi,125.22
Bali,SOUTH GOA,586,626949,village,66,0.73,Solapur–Chennai Economic Corridor,381.1,BALLI,0.53,Wadi,258.48,Mormugao Port,37.71,ICD Mangalore (Panambur),261.58,Rupaidiha ICP,1612.85,Mangaluru International Airport (IXE),258.81,MMLP Pune,368.46,Kottapuram Terminal,596.66,FCI Depot Hubballi,119.35
Adnem,SOUTH GOA,586,626948,village,66,3.4,Solapur–Chennai Economic Corridor,378.2,BALLI,3.39,Wadi,256.32,Mormugao Port,38.98,ICD Mangalore (Panambur),261.43,Rupaidiha ICP,1610.91,Mangaluru International Airport (IXE),258.6,MMLP Pune,367.78,Kottapuram Terminal,596.31,FCI Depot Hubballi,116.47
Molcopona,SOUTH GOA,586,626945,village,66,13.45,Solapur–Chennai Economic Corridor,367.75,SANVERDAM CHUCH,10.53,Wadi,247.55,Mormugao Port,46.12,ICD Mangalore (Panambur),259.61,Rupaidiha ICP,1605.0,Mangaluru International Airport (IXE),256.56,MMLP Pune,366.95,Kottapuram Terminal,593.63,FCI Depot Hubballi,105.81
Cumbari,SOUTH GOA,586,627007,village,748,23.07,Solapur–Chennai Economic Corridor,355.29,SONALIUM,15.86,Wadi,234.83,Mormugao Port,58.51,ICD Mangalore (Panambur),254.8,Rupaidiha ICP,1600.28,Mangaluru International Airport (IXE),251.47,MMLP Anantapur,358.7,Kottapuram Terminal,587.42,FCI Depot Hubballi,92.64
Rivona,SOUTH GOA,586,627014,village,66,7.59,Solapur–Chennai Economic Corridor,373.6,BALLI,8.67,Wadi,250.69,Mormugao Port,44.07,ICD Mangalore (Panambur),258.14,Rupaidiha ICP,1610.01,Mangaluru International Airport (IXE),255.21,MMLP Pune,369.71,Kottapuram Terminal,592.67,FCI Depot Hubballi,111.43
Undorna,SOUTH GOA,586,626944,village,66,14.94,Solapur–Chennai Economic Corridor,366.27,SANVERDAM CHUCH,10.52,Wadi,246.73,Mormugao Port,46.8,ICD Mangalore (Panambur),259.93,Rupaidiha ICP,1603.79,Mangaluru International Airport (IXE),256.85,MMLP Pune,366.34,Kottapuram Terminal,593.8,FCI Depot Hubballi,104.39
Curdem,SOUTH GOA,586,627012,village,66,16.73,Solapur–Chennai Economic Corridor,364.54,SANVERDAM CHUCH,13.54,Wadi,243.58,Mormugao Port,49.97,ICD Mangalore (Panambur),257.39,Rupaidiha ICP,1604.43,Mangaluru International Airport (IXE),254.26,MMLP Pune,368.46,Kottapuram Terminal,591.08,FCI Depot Hubballi,102.28
Molcarnem,SOUTH GOA,586,626946,village,66,11.62,Solapur–Chennai Economic Corridor,369.74,SANVERDAM CHUCH,9.04,Wadi,250.03,Mormugao Port,43.72,ICD Mangalore (Panambur),261.05,Rupaidiha ICP,1605.33,Mangaluru International Airport (IXE),258.04,MMLP Pune,366.0,Kottapuram Terminal,595.25,FCI Depot Hubballi,108.01
Cavelossim,SOUTH GOA,586,626920,village,66,5.5,Solapur–Chennai Economic Corridor,388.26,BALLI,8.1,New Makardhokda,264.93,Mormugao Port,31.44,ICD Mangalore (Panambur),266.11,Rupaidiha ICP,1614.84,Mangaluru International Airport (IXE),263.49,MMLP Pune,366.44,Kottapuram Terminal,601.59,FCI Depot Hubballi,127.11
Zanodem,SOUTH GOA,586,626943,village,66,13.95,Solapur–Chennai Economic Corridor,367.5,SANVERDAM CHUCH,8.01,Wadi,249.27,Mormugao Port,44.2,ICD Mangalore (Panambur),262.19,Rupaidiha ICP,1603.01,Mangaluru International Airport (IXE),259.13,MMLP Pune,364.41,Kottapuram Terminal,596.18,FCI Depot Hubballi,105.97
Bati,SOUTH GOA,586,627006,village,748,19.86,Solapur–Chennai Economic Corridor,356.64,KALEEM,13.49,Wadi,238.16,Mormugao Port,55.2,ICD Mangalore (Panambur),257.85,Rupaidiha ICP,1598.98,Mangaluru International Airport (IXE),254.56,MMLP Anantapur,361.44,Kottapuram Terminal,590.66,FCI Depot Hubballi,94.42
Salauli,SOUTH GOA,586,627002,village,748,18.01,Solapur–Chennai Economic Corridor,362.97,KALEEM,10.69,Wadi,244.7,Mormugao Port,48.65,ICD Mangalore (Panambur),260.41,Rupaidiha ICP,1601.27,Mangaluru International Airport (IXE),257.25,MMLP Pune,365.24,Kottapuram Terminal,593.95,FCI Depot Hubballi,101.17
Xelpem,SOUTH GOA,586,627001,village,66,16.74,Solapur–Chennai Economic Corridor,364.63,SANVERDAM CHUCH,9.43,Wadi,246.87,Mormugao Port,46.49,ICD Mangalore (Panambur),261.73,Rupaidiha ICP,1601.43,Mangaluru International Airport (IXE),258.61,MMLP Pune,364.27,Kottapuram Terminal,595.44,FCI Depot Hubballi,103.04
Carmona,SOUTH GOA,586,626917,village,66,3.22,Solapur–Chennai Economic Corridor,386.31,MADGAON,7.79,Wadi,267.0,Mormugao Port,29.51,ICD Mangalore (Panambur),268.53,Rupaidiha ICP,1611.69,Mangaluru International Airport (IXE),265.88,MMLP Pune,363.46,Kottapuram Terminal,603.91,FCI Depot Hubballi,125.62
Nagvem,SOUTH GOA,586,626942,village,66,12.92,Solapur–Chennai Economic Corridor,368.9,SANVERDAM CHUCH,6.3,Wadi,251.41,Mormugao Port,42.06,ICD Mangalore (Panambur),263.76,Rupaidiha ICP,1602.84,Mangaluru International Airport (IXE),260.73,MMLP Pune,363.2,Kottapuram Terminal,597.88,FCI Depot Hubballi,107.63
Ambaulim,SOUTH GOA,586,626947,village,66,5.21,Solapur–Chennai Economic Corridor,377.1,BALLI,5.81,Wadi,258.15,Mormugao Port,36.25,ICD Mangalore (Panambur),265.06,Rupaidiha ICP,1607.56,Mangaluru International Airport (IXE),262.21,MMLP Pune,363.98,Kottapuram Terminal,599.86,FCI Depot Hubballi,115.97
Talvorda,SOUTH GOA,586,924823,village,66,3.57,Solapur–Chennai Economic Corridor,378.78,BALLI,5.85,Wadi,260.34,Mormugao Port,34.19,ICD Mangalore (Panambur),266.49,Rupaidiha ICP,1607.73,Mangaluru International Airport (IXE),263.67,MMLP Pune,363.08,Kottapuram Terminal,601.4,FCI Depot Hubballi,117.88
Chinchinim (CT),SOUTH GOA,586,626933,village,66,0.98,Solapur–Chennai Economic Corridor,383.43,BALLI,6.91,Wadi,264.68,Mormugao Port,30.85,ICD Mangalore (Panambur),268.06,Rupaidiha ICP,1609.93,Mangaluru International Airport (IXE),265.34,MMLP Pune,362.98,Kottapuram Terminal,603.27,FCI Depot Hubballi,122.72
Sirvoi,SOUTH GOA,586,626941,village,66,9.91,Solapur–Chennai Economic Corridor,372.21,SANVERDAM CHUCH,6.38,Wadi,254.41,Mormugao Port,39.28,ICD Mangalore (Panambur),264.65,Rupaidiha ICP,1604.46,Mangaluru International Airport (IXE),261.69,MMLP Pune,363.11,Kottapuram Terminal,599.06,FCI Depot Hubballi,111.07
Quepem (MCl),SOUTH GOA,586,252097,village,66,7.07,Solapur–Chennai Economic Corridor,375.24,CHANDAR,6.8,Wadi,257.05,Mormugao Port,36.98,ICD Mangalore (Panambur),265.35,Rupaidiha ICP,1606.06,Mangaluru International Airport (IXE),262.45,MMLP Pune,363.21,Kottapuram Terminal,600.0,FCI Depot Hubballi,114.18
Cotarli,SOUTH GOA,586,627000,village,66,15.79,Solapur–Chennai Economic Corridor,365.78,SANVERDAM CHUCH,7.58,Wadi,248.77,Mormugao Port,44.59,ICD Mangalore (Panambur),263.18,Rupaidiha ICP,1601.16,Mangaluru International Airport (IXE),260.08,MMLP Pune,363.09,Kottapuram Terminal,597.0,FCI Depot Hubballi,104.43
Paroda,SOUTH GOA,586,626912,village,66,6.03,Solapur–Chennai Economic Corridor,376.26,CHANDAR,4.85,Wadi,259.31,Mormugao Port,34.6,ICD Mangalore (Panambur),267.51,Rupaidiha ICP,1605.23,Mangaluru International Airport (IXE),264.64,MMLP Pune,361.4,Kottapuram Terminal,602.24,FCI Depot Hubballi,115.59
Potrem,SOUTH GOA,586,627005,village,748,17.62,Solapur–Chennai Economic Corridor,353.91,SONALIUM,10.33,Wadi,238.16,Mormugao Port,55.47,ICD Mangalore (Panambur),260.47,Rupaidiha ICP,1595.4,Mangaluru International Airport (IXE),257.12,MMLP Anantapur,360.17,Kottapuram Terminal,592.96,FCI Depot Hubballi,92.1
Orlim,SOUTH GOA,586,626916,village,66,2.69,Solapur–Chennai Economic Corridor,386.0,MADGAON,5.67,Wadi,268.41,Mormugao Port,27.4,ICD Mangalore (Panambur),270.86,Rupaidiha ICP,1609.8,Mangaluru International Airport (IXE),268.19,MMLP Pune,361.14,Kottapuram Terminal,606.21,FCI Depot Hubballi,125.75
Sanguem (M Cl),SOUTH GOA,586,252099,village,748,15.24,Solapur–Chennai Economic Corridor,364.96,SANVERDAM CHUCH,7.15,Wadi,248.87,Mormugao Port,44.46,ICD Mangalore (Panambur),264.11,Rupaidiha ICP,1599.95,Mangaluru International Airport (IXE),261.0,MMLP Pune,362.03,Kottapuram Terminal,597.86,FCI Depot Hubballi,103.79
Deussua,SOUTH GOA,586,626918,village,66,1.35,Solapur–Chennai Economic Corridor,384.72,MADGAON,6.16,Wadi,266.6,Mormugao Port,29.05,ICD Mangalore (Panambur),269.52,Rupaidiha ICP,1609.82,Mangaluru International Airport (IXE),266.83,MMLP Pune,361.99,Kottapuram Terminal,604.8,FCI Depot Hubballi,124.25
Tudou,SOUTH GOA,586,627004,village,748,15.53,Solapur–Chennai Economic Corridor,357.56,KALEEM,9.0,Wadi,242.09,Mormugao Port,51.41,ICD Mangalore (Panambur),262.14,Rupaidiha ICP,1596.52,Mangaluru International Airport (IXE),258.88,MMLP Pune,362.65,Kottapuram Terminal,595.09,FCI Depot Hubballi,96.06
Sarzora,SOUTH GOA,586,626914,village,66,1.51,Solapur–Chennai Economic Corridor,381.06,MADGAON,6.49,Wadi,263.58,Mormugao Port,31.09,ICD Mangalore (Panambur),268.82,Rupaidiha ICP,1607.69,Mangaluru International Airport (IXE),266.05,MMLP Pune,361.52,Kottapuram Terminal,603.88,FCI Depot Hubballi,120.54
Chaifi,SOUTH GOA,586,626940,village,66,8.09,Solapur–Chennai Economic Corridor,374.25,CHANDAR,3.82,Wadi,258.52,Mormugao Port,35.06,ICD Mangalore (Panambur),268.36,Rupaidiha ICP,1603.22,Mangaluru International Airport (IXE),265.44,MMLP Pune,360.05,Kottapuram Terminal,602.93,FCI Depot Hubballi,113.78
Avedem,SOUTH GOA,586,626939,village,66,7.14,Solapur–Chennai Economic Corridor,375.26,CHANDAR,3.44,Wadi,259.48,Mormugao Port,34.17,ICD Mangalore (Panambur),268.72,Rupaidiha ICP,1603.66,Mangaluru International Airport (IXE),265.83,MMLP Pune,359.97,Kottapuram Terminal,603.37,FCI Depot Hubballi,114.83
Mulem,SOUTH GOA,586,626913,village,66,4.12,Solapur–Chennai Economic Corridor,378.45,CHANDAR,4.75,Wadi,261.97,Mormugao Port,32.09,ICD Mangalore (Panambur),269.1,Rupaidiha ICP,1605.63,Mangaluru International Airport (IXE),266.28,MMLP Pune,360.48,Kottapuram Terminal,603.98,FCI Depot Hubballi,118.04
Varca (CT),SOUTH GOA,586,626932,village,66,4.19,Solapur–Chennai Economic Corridor,387.47,MADGAON,6.45,Wadi,269.7,Mormugao Port,26.61,ICD Mangalore (Panambur),271.27,Rupaidiha ICP,1610.58,Mangaluru International Airport (IXE),268.63,MMLP Pune,361.24,Kottapuram Terminal,606.69,FCI Depot Hubballi,127.25
Dramapur,SOUTH GOA,586,626908,village,66,0.89,Solapur–Chennai Economic Corridor,382.23,MADGAON,3.81,Wadi,266.2,Mormugao Port,28.31,ICD Mangalore (Panambur),271.39,Rupaidiha ICP,1606.69,Mangaluru International Airport (IXE),268.64,MMLP Pune,359.41,Kottapuram Terminal,606.51,FCI Depot Hubballi,122.18
Uguem,SOUTH GOA,586,627003,village,748,13.84,Solapur–Chennai Economic Corridor,361.64,KALEEM,6.52,Wadi,246.75,Mormugao Port,46.66,ICD Mangalore (Panambur),264.44,Rupaidiha ICP,1597.53,Mangaluru International Airport (IXE),261.26,MMLP Pune,361.08,Kottapuram Terminal,597.85,FCI Depot Hubballi,100.56
Cotombi,SOUTH GOA,586,626938,village,66,7.96,Solapur–Chennai Economic Corridor,374.61,CHANDAR,2.59,Wadi,259.63,Mormugao Port,33.89,ICD Mangalore (Panambur),269.55,Rupaidiha ICP,1602.62,Mangaluru International Airport (IXE),266.65,MMLP Pune,358.99,Kottapuram Terminal,604.15,FCI Depot Hubballi,114.37
Talaulim,SOUTH GOA,586,626907,village,66,1.37,Solapur–Chennai Economic Corridor,384.53,MADGAON,3.43,Wadi,268.56,Mormugao Port,26.38,ICD Mangalore (Panambur),272.5,Rupaidiha ICP,1607.55,Mangaluru International Airport (IXE),269.8,MMLP Pune,359.08,Kottapuram Terminal,607.75,FCI Depot Hubballi,124.64
Xeldem (CT),SOUTH GOA,586,626969,village,66,10.26,Solapur–Chennai Economic Corridor,372.04,SANVERDAM CHUCH,3.89,Wadi,256.72,Mormugao Port,36.71,ICD Mangalore (Panambur),268.0,Rupaidiha ICP,1601.96,Mangaluru International Airport (IXE),265.04,MMLP Pune,359.84,Kottapuram Terminal,602.39,FCI Depot Hubballi,111.54
Patiem,SOUTH GOA,586,626993,village,748,12.73,Solapur–Chennai Economic Corridor,357.03,KALEEM,6.51,Wadi,243.82,Mormugao Port,49.94,ICD Mangalore (Panambur),264.94,Rupaidiha ICP,1594.18,Mangaluru International Airport (IXE),261.66,MMLP Pune,359.85,Kottapuram Terminal,597.83,FCI Depot Hubballi,96.06
Muguli,SOUTH GOA,586,626999,village,748,12.98,Solapur–Chennai Economic Corridor,364.41,SANVERDAM CHUCH,5.73,Wadi,250.2,Mormugao Port,43.19,ICD Mangalore (Panambur),266.42,Rupaidiha ICP,1597.94,Mangaluru International Airport (IXE),263.3,MMLP Pune,359.68,Kottapuram Terminal,600.11,FCI Depot Hubballi,103.7
Curchorem (M Cl),SOUTH GOA,586,252096,village,66,14.04,Solapur–Chennai Economic Corridor,368.26,SANVERDAM CHUCH,3.11,Wadi,253.34,Mormugao Port,40.0,ICD Mangalore (Panambur),266.99,Rupaidiha ICP,1600.1,Mangaluru International Airport (IXE),263.95,MMLP Pune,359.93,Kottapuram Terminal,601.05,FCI Depot Hubballi,107.61
Comproi,SOUTH GOA,586,626998,village,748,12.63,Solapur–Chennai Economic Corridor,366.79,SANVERDAM CHUCH,2.44,Wadi,253.48,Mormugao Port,39.9,ICD Mangalore (Panambur),268.6,Rupaidiha ICP,1597.96,Mangaluru International Airport (IXE),265.53,MMLP Pune,358.05,Kottapuram Terminal,602.52,FCI Depot Hubballi,106.49
Cavorim,SOUTH GOA,586,626910,village,66,6.59,Solapur–Chennai Economic Corridor,376.41,CHANDAR,2.08,Wadi,261.77,Mormugao Port,31.82,ICD Mangalore (Panambur),270.8,Rupaidiha ICP,1602.98,Mangaluru International Airport (IXE),267.93,MMLP Pune,358.28,Kottapuram Terminal,605.52,FCI Depot Hubballi,116.38
Dicarpale,SOUTH GOA,586,626909,village,66,2.68,Solapur–Chennai Economic Corridor,380.37,MADGAON,3.21,Wadi,265.89,Mormugao Port,28.02,ICD Mangalore (Panambur),272.75,Rupaidiha ICP,1604.37,Mangaluru International Airport (IXE),269.96,MMLP Pune,357.54,Kottapuram Terminal,607.75,FCI Depot Hubballi,120.64
Aquem Baixo,SOUTH GOA,586,626929,village,66,1.5,Solapur–Chennai Economic Corridor,381.71,MADGAON,1.92,Wadi,267.29,Mormugao Port,26.77,ICD Mangalore (Panambur),273.43,Rupaidiha ICP,1604.84,Mangaluru International Airport (IXE),270.67,MMLP Pune,357.29,Kottapuram Terminal,608.51,FCI Depot Hubballi,122.09
Maulinguem,SOUTH GOA,586,626994,village,748,10.91,Solapur–Chennai Economic Corridor,358.75,KALEEM,3.99,Wadi,246.54,Mormugao Port,47.27,ICD Mangalore (Panambur),266.9,Rupaidiha ICP,1593.88,Mangaluru International Airport (IXE),263.66,MMLP Pune,358.2,Kottapuram Terminal,599.99,FCI Depot Hubballi,98.19
Sao Jose De Areal (CT),SOUTH GOA,586,626927,village,66,4.41,Solapur–Chennai Economic Corridor,378.57,CHANDAR,3.74,Wadi,264.24,Mormugao Port,29.46,ICD Mangalore (Panambur),272.17,Rupaidiha ICP,1603.51,Mangaluru International Airport (IXE),269.34,MMLP Pune,357.57,Kottapuram Terminal,607.05,FCI Depot Hubballi,118.77
Costi,SOUTH GOA,586,626996,village,748,11.09,Solapur–Chennai Economic Corridor,362.59,KALEEM,4.18,Wadi,249.84,Mormugao Port,43.71,ICD Mangalore (Panambur),267.68,Rupaidiha ICP,1595.83,Mangaluru International Airport (IXE),264.52,MMLP Pune,358.11,Kottapuram Terminal,601.18,FCI Depot Hubballi,102.15
Navelim (CT),SOUTH GOA,586,626930,village,66,0.65,Solapur–Chennai Economic Corridor,382.57,MADGAON,1.79,Wadi,267.85,Mormugao Port,26.39,ICD Mangalore (Panambur),273.4,Rupaidiha ICP,1605.48,Mangaluru International Airport (IXE),270.66,MMLP Pune,357.59,Kottapuram Terminal,608.54,FCI Depot Hubballi,122.92
Coranginim,SOUTH GOA,586,626997,village,748,11.49,Solapur–Chennai Economic Corridor,365.44,SANVERDAM CHUCH,3.48,Wadi,252.79,Mormugao Port,40.66,ICD Mangalore (Panambur),268.95,Rupaidiha ICP,1596.81,Mangaluru International Airport (IXE),265.85,MMLP Pune,357.43,Kottapuram Terminal,602.74,FCI Depot Hubballi,105.24
Adsulim,SOUTH GOA,586,626906,village,66,1.85,Mumbai - Pune Expressway,386.56,SURAVALI,3.23,Wadi,272.56,Mormugao Port,22.25,ICD Mangalore (Panambur),276.19,Rupaidiha ICP,1606.4,Mangaluru International Airport (IXE),273.53,MMLP Pune,356.23,Kottapuram Terminal,611.55,FCI Depot Hubballi,127.42
Assolda,SOUTH GOA,586,626934,village,66,9.9,Solapur–Chennai Economic Corridor,372.96,CHANDAR,2.23,Wadi,259.47,Mormugao Port,33.89,ICD Mangalore (Panambur),270.91,Rupaidiha ICP,1600.5,Mangaluru International Airport (IXE),267.97,MMLP Pune,357.26,Kottapuram Terminal,605.37,FCI Depot Hubballi,113.04
Xelvona,SOUTH GOA,586,626936,village,66,11.68,Solapur–Chennai Economic Corridor,371.2,SANVERDAM CHUCH,2.78,Wadi,258.49,Mormugao Port,34.84,ICD Mangalore (Panambur),271.24,Rupaidiha ICP,1599.05,Mangaluru International Airport (IXE),268.27,MMLP Pune,356.5,Kottapuram Terminal,605.56,FCI Depot Hubballi,111.39
Cana,SOUTH GOA,586,626904,village,66,1.56,Mumbai - Pune Expressway,385.96,SURAVALI,2.52,Wadi,272.55,Mormugao Port,21.99,ICD Mangalore (Panambur),276.68,Rupaidiha ICP,1605.67,Mangaluru International Airport (IXE),274.01,MMLP Pune,355.58,Kottapuram Terminal,612.01,FCI Depot Hubballi,127.04
Dudal,SOUTH GOA,586,626995,village,748,9.71,Solapur–Chennai Economic Corridor,360.34,KALEEM,2.38,Wadi,248.82,Mormugao Port,45.0,ICD Mangalore (Panambur),268.44,Rupaidiha ICP,1593.8,Mangaluru International Airport (IXE),265.24,MMLP Pune,356.96,Kottapuram Terminal,601.71,FCI Depot Hubballi,100.09
Sanvordem (CT),SOUTH GOA,586,627021,village,748,11.59,Solapur–Chennai Economic Corridor,367.55,SANVERDAM CHUCH,1.41,Wadi,255.7,Mormugao Port,37.74,ICD Mangalore (Panambur),270.9,Rupaidiha ICP,1596.81,Mangaluru International Airport (IXE),267.85,MMLP Pune,355.98,Kottapuram Terminal,604.89,FCI Depot Hubballi,107.74
Davorlim (CT),SOUTH GOA,586,626928,village,66,2.9,Solapur–Chennai Economic Corridor,380.67,MADGAON,1.93,Wadi,267.41,Mormugao Port,26.31,ICD Mangalore (Panambur),274.6,Rupaidiha ICP,1603.25,Mangaluru International Airport (IXE),271.82,MMLP Pune,355.84,Kottapuram Terminal,609.61,FCI Depot Hubballi,121.34
Guirdolim,SOUTH GOA,586,626903,village,66,8.18,Solapur–Chennai Economic Corridor,374.82,CHANDAR,0.4,Wadi,261.93,Mormugao Port,31.44,ICD Mangalore (Panambur),272.54,Rupaidiha ICP,1600.61,Mangaluru International Airport (IXE),269.64,MMLP Pune,356.17,Kottapuram Terminal,607.14,FCI Depot Hubballi,115.21
Sernabatim,SOUTH GOA,586,626905,village,66,3.11,Mumbai - Pune Expressway,385.73,SURAVALI,3.2,Wadi,273.97,Mormugao Port,20.93,ICD Mangalore (Panambur),277.25,Rupaidiha ICP,1606.36,Mangaluru International Airport (IXE),274.61,MMLP Pune,355.55,Kottapuram Terminal,612.66,FCI Depot Hubballi,128.61
Antoriem,SOUTH GOA,586,626986,village,748,10.41,Solapur–Chennai Economic Corridor,365.43,SANVERDAM CHUCH,3.28,Wadi,253.88,Mormugao Port,39.68,ICD Mangalore (Panambur),270.43,Rupaidiha ICP,1595.73,Mangaluru International Airport (IXE),267.33,MMLP Pune,355.99,Kottapuram Terminal,604.22,FCI Depot Hubballi,105.55
Dongurli,SOUTH GOA,586,626992,village,748,10.0,Solapur–Chennai Economic Corridor,356.76,KALEEM,4.31,Wadi,245.7,Mormugao Port,48.43,ICD Mangalore (Panambur),267.67,Rupaidiha ICP,1592.05,Mangaluru International Airport (IXE),264.39,MMLP Pune,357.14,Kottapuram Terminal,600.53,FCI Depot Hubballi,96.38
Benaulim (CT),SOUTH GOA,586,626931,village,66,1.89,Solapur–Chennai Economic Corridor,386.74,SURAVALI,3.85,Wadi,272.2,Mormugao Port,22.79,ICD Mangalore (Panambur),275.55,Rupaidiha ICP,1606.96,Mangaluru International Airport (IXE),272.89,MMLP Pune,356.89,Kottapuram Terminal,610.92,FCI Depot Hubballi,127.41
Odxel,SOUTH GOA,586,626991,village,748,10.11,Solapur–Chennai Economic Corridor,353.55,SONALIUM,5.16,Wadi,243.75,Mormugao Port,50.9,ICD Mangalore (Panambur),268.1,Rupaidiha ICP,1589.7,Mangaluru International Airport (IXE),264.76,MMLP Pune,356.27,Kottapuram Terminal,600.59,FCI Depot Hubballi,93.29
Rumbrem,SOUTH GOA,586,626985,village,748,10.15,Solapur–Chennai Economic Corridor,366.63,SANVERDAM CHUCH,2.84,Wadi,255.9,Mormugao Port,37.7,ICD Mangalore (Panambur),272.04,Rupaidiha ICP,1595.36,Mangaluru International Airport (IXE),268.97,MMLP Pune,354.67,Kottapuram Terminal,605.94,FCI Depot Hubballi,107.09
Vanelim,SOUTH GOA,586,626898,village,66,2.06,Mumbai - Pune Expressway,384.94,SURAVALI,1.89,Wadi,273.56,Mormugao Port,20.86,ICD Mangalore (Panambur),277.79,Rupaidiha ICP,1605.11,Mangaluru International Airport (IXE),275.12,MMLP Pune,354.63,Kottapuram Terminal,613.13,FCI Depot Hubballi,127.61
Gaundaulim,SOUTH GOA,586,626896,village,66,3.07,Mumbai - Pune Expressway,383.69,SURAVALI,2.15,Wadi,274.95,Mormugao Port,19.36,ICD Mangalore (Panambur),279.19,Rupaidiha ICP,1604.55,Mangaluru International Airport (IXE),276.53,MMLP Pune,353.5,Kottapuram Terminal,614.56,FCI Depot Hubballi,128.52
Colva,SOUTH GOA,586,626897,village,66,3.13,Mumbai - Pune Expressway,384.45,SURAVALI,2.45,Wadi,274.64,Mormugao Port,19.9,ICD Mangalore (Panambur),278.48,Rupaidiha ICP,1605.26,Mangaluru International Airport (IXE),275.83,MMLP Pune,354.27,Kottapuram Terminal,613.87,FCI Depot Hubballi,128.61
Macasana,SOUTH GOA,586,626902,village,566,8.49,Solapur–Chennai Economic Corridor,372.9,CHANDAR,2.94,Wadi,261.9,Mormugao Port,31.46,ICD Mangalore (Panambur),274.34,Rupaidiha ICP,1597.98,Mangaluru International Airport (IXE),271.39,MMLP Pune,353.93,Kottapuram Terminal,608.78,FCI Depot Hubballi,113.74
Seraulim,SOUTH GOA,586,626899,village,66,0.97,Mumbai - Pune Expressway,384.27,SURAVALI,0.69,Wadi,272.93,Mormugao Port,21.08,ICD Mangalore (Panambur),278.18,Rupaidiha ICP,1603.85,Mangaluru International Airport (IXE),275.48,MMLP Pune,353.81,Kottapuram Terminal,613.44,FCI Depot Hubballi,126.42
Boma,SOUTH GOA,586,626990,village,748,10.03,Solapur–Chennai Economic Corridor,350.55,SONALIUM,2.13,Wadi,242.22,Mormugao Port,53.09,ICD Mangalore (Panambur),268.91,Rupaidiha ICP,1587.23,Mangaluru International Airport (IXE),265.51,MMLP Pune,355.12,Kottapuram Terminal,601.02,FCI Depot Hubballi,90.5
Moissal,SOUTH GOA,586,626983,village,748,10.07,Solapur–Chennai Economic Corridor,368.39,SANVERDAM CHUCH,3.99,Wadi,258.59,Mormugao Port,35.04,ICD Mangalore (Panambur),274.04,Rupaidiha ICP,1595.11,Mangaluru International Airport (IXE),271.0,MMLP Pune,353.13,Kottapuram Terminal,608.09,FCI Depot Hubballi,109.29
Margao (M CI),SOUTH GOA,586,252087,village,66,2.11,Solapur–Chennai Economic Corridor,382.31,MADGAON,1.3,Wadi,269.84,Mormugao Port,23.91,ICD Mangalore (Panambur),276.46,Rupaidiha ICP,1603.08,Mangaluru International Airport (IXE),273.71,MMLP Pune,354.56,Kottapuram Terminal,611.57,FCI Depot Hubballi,123.34
Duncolim,SOUTH GOA,586,626900,village,66,1.02,Mumbai - Pune Expressway,383.14,SURAVALI,0.45,Wadi,273.52,Mormugao Port,20.28,ICD Mangalore (Panambur),279.27,Rupaidiha ICP,1602.86,Mangaluru International Airport (IXE),276.56,MMLP Pune,352.67,Kottapuram Terminal,614.51,FCI Depot Hubballi,126.41
Betalbatim,SOUTH GOA,586,626895,village,66,2.84,Mumbai - Pune Expressway,382.79,MAJORDA,1.95,Wadi,275.32,Mormugao Port,18.76,ICD Mangalore (Panambur),280.02,Rupaidiha ICP,1603.7,Mangaluru International Airport (IXE),277.36,MMLP Pune,352.59,Kottapuram Terminal,615.37,FCI Depot Hubballi,128.41
Bandoli,SOUTH GOA,586,626984,village,748,8.3,Solapur–Chennai Economic Corridor,365.47,SANVERDAM CHUCH,4.7,Wadi,256.2,Mormugao Port,37.68,ICD Mangalore (Panambur),273.54,Rupaidiha ICP,1593.5,Mangaluru International Airport (IXE),270.45,MMLP Pune,352.97,Kottapuram Terminal,607.33,FCI Depot Hubballi,106.32
Gonsua,SOUTH GOA,586,626894,village,66,3.3,Mumbai - Pune Expressway,381.5,MAJORDA,1.78,Wadi,277.01,Mormugao Port,17.03,ICD Mangalore (Panambur),281.54,Rupaidiha ICP,1603.28,Mangaluru International Airport (IXE),278.89,MMLP Pune,351.45,Kottapuram Terminal,616.93,FCI Depot Hubballi,129.67
Calata,SOUTH GOA,586,626891,village,66,1.81,Mumbai - Pune Expressway,381.39,MAJORDA,0.54,Wadi,275.49,Mormugao Port,18.2,ICD Mangalore (Panambur),281.22,Rupaidiha ICP,1602.09,Mangaluru International Airport (IXE),278.53,MMLP Pune,351.09,Kottapuram Terminal,616.5,FCI Depot Hubballi,127.75
Sonauli,SOUTH GOA,586,626989,village,748,10.58,Solapur–Chennai Economic Corridor,347.48,DUDH SAGAR,0.82,Wadi,240.72,Mormugao Port,55.4,ICD Mangalore (Panambur),269.8,Rupaidiha ICP,1584.69,Mangaluru International Airport (IXE),266.34,MMLP Pune,353.93,Kottapuram Terminal,601.51,FCI Depot Hubballi,87.67
Curtorim (CT),SOUTH GOA,586,626926,village,566,6.77,Solapur–Chennai Economic Corridor,376.62,CHANDAR,3.42,Wadi,264.98,Mormugao Port,28.37,ICD Mangalore (Panambur),275.07,Rupaidiha ICP,1600.04,Mangaluru International Airport (IXE),272.2,MMLP Pune,354.21,Kottapuram Terminal,609.8,FCI Depot Hubballi,117.52
Raia (CT),SOUTH GOA,586,626925,village,66,3.52,Solapur–Chennai Economic Corridor,380.22,MADGAON,4.32,Wadi,270.04,Mormugao Port,23.32,ICD Mangalore (Panambur),278.74,Rupaidiha ICP,1599.92,Mangaluru International Airport (IXE),275.94,MMLP Pune,351.72,Kottapuram Terminal,613.7,FCI Depot Hubballi,121.86
Camarconda,SOUTH GOA,586,626982,village,748,8.17,Solapur–Chennai Economic Corridor,367.82,SANVERDAM CHUCH,6.21,Wadi,259.8,Mormugao Port,34.18,ICD Mangalore (Panambur),276.22,Rupaidiha ICP,1593.13,Mangaluru International Airport (IXE),273.17,MMLP Pune,350.88,Kottapuram Terminal,610.22,FCI Depot Hubballi,109.28
Majorda,SOUTH GOA,586,626892,village,66,1.91,Mumbai - Pune Expressway,380.76,MAJORDA,0.52,Wadi,276.48,Mormugao Port,17.22,ICD Mangalore (Panambur),282.0,Rupaidiha ICP,1602.0,Mangaluru International Airport (IXE),279.32,MMLP Pune,350.57,Kottapuram Terminal,617.31,FCI Depot Hubballi,128.56
Nuvem (CT),SOUTH GOA,586,626924,village,66,0.39,Mumbai - Pune Expressway,381.61,SURAVALI,2.28,Wadi,273.53,Mormugao Port,19.95,ICD Mangalore (Panambur),280.54,Rupaidiha ICP,1600.97,Mangaluru International Airport (IXE),277.81,MMLP Pune,351.01,Kottapuram Terminal,615.7,FCI Depot Hubballi,125.46
Calem,SOUTH GOA,586,626988,village,748,6.81,Solapur–Chennai Economic Corridor,354.64,KULEM,3.03,Wadi,246.88,Mormugao Port,48.22,ICD Mangalore (Panambur),271.2,Rupaidiha ICP,1588.14,Mangaluru International Airport (IXE),267.88,MMLP Pune,353.38,Kottapuram Terminal,603.82,FCI Depot Hubballi,95.12
Camurlim,SOUTH GOA,586,626890,village,566,2.01,Solapur–Chennai Economic Corridor,378.87,SURAVALI,6.46,Wadi,270.6,Mormugao Port,22.78,ICD Mangalore (Panambur),280.79,Rupaidiha ICP,1597.45,Mangaluru International Airport (IXE),277.97,MMLP Pune,349.33,Kottapuram Terminal,615.65,FCI Depot Hubballi,121.08
Utorda,SOUTH GOA,586,626893,village,66,1.63,Mumbai - Pune Expressway,379.49,MAJORDA,1.58,Wadi,277.38,Mormugao Port,16.17,ICD Mangalore (Panambur),283.28,Rupaidiha ICP,1601.06,Mangaluru International Airport (IXE),280.6,MMLP Pune,349.33,Kottapuram Terminal,618.59,FCI Depot Hubballi,128.88
Sigao,SOUTH GOA,586,626978,village,748,3.42,Solapur–Chennai Economic Corridor,356.61,KULEM,4.14,Wadi,250.58,Mormugao Port,44.88,ICD Mangalore (Panambur),274.25,Rupaidiha ICP,1587.18,Mangaluru International Airport (IXE),270.98,MMLP Pune,350.68,Kottapuram Terminal,607.1,FCI Depot Hubballi,97.85
Arossim,SOUTH GOA,586,626884,village,66,2.71,Mumbai - Pune Expressway,378.47,CANSAULIM,1.29,Wadi,278.91,Mormugao Port,14.63,ICD Mangalore (Panambur),284.53,Rupaidiha ICP,1600.88,Mangaluru International Airport (IXE),281.87,MMLP Pune,348.47,Kottapuram Terminal,619.89,FCI Depot Hubballi,130.15
Cansaulim,SOUTH GOA,586,626883,village,66,3.06,Mumbai - Pune Expressway,377.29,CANSAULIM,0.14,Wadi,279.77,Mormugao Port,13.66,ICD Mangalore (Panambur),285.72,Rupaidiha ICP,1600.02,Mangaluru International Airport (IXE),283.06,MMLP Pune,347.33,Kottapuram Terminal,621.07,FCI Depot Hubballi,130.49
Codli,SOUTH GOA,586,626981,village,748,5.28,Solapur–Chennai Economic Corridor,364.67,SANVERDAM CHUCH,8.07,Wadi,258.3,Mormugao Port,36.34,ICD Mangalore (Panambur),277.12,Rupaidiha ICP,1590.35,Mangaluru International Airport (IXE),274.01,MMLP Pune,349.32,Kottapuram Terminal,610.82,FCI Depot Hubballi,106.46
Colem,SOUTH GOA,586,626977,village,748,4.48,Solapur–Chennai Economic Corridor,352.06,KULEM,0.72,Wadi,247.29,Mormugao Port,49.09,ICD Mangalore (Panambur),274.1,Rupaidiha ICP,1584.38,Mangaluru International Airport (IXE),270.74,MMLP Pune,350.18,Kottapuram Terminal,606.42,FCI Depot Hubballi,93.35
Caranzol,SOUTH GOA,586,626976,village,748,5.82,Solapur–Chennai Economic Corridor,347.01,CARANZOL,1.63,Wadi,244.48,Mormugao Port,53.38,ICD Mangalore (Panambur),275.06,Rupaidiha ICP,1580.55,Mangaluru International Airport (IXE),271.6,MMLP Pune,348.7,Kottapuram Terminal,606.73,FCI Depot Hubballi,88.68
Verna (CT),SOUTH GOA,586,626923,village,66,1.63,Mumbai - Pune Expressway,377.8,VERNA,3.31,Wadi,275.71,Mormugao Port,17.64,ICD Mangalore (Panambur),284.25,Rupaidiha ICP,1597.77,Mangaluru International Airport (IXE),281.5,MMLP Pune,347.22,Kottapuram Terminal,619.35,FCI Depot Hubballi,125.78
Cuelim,SOUTH GOA,586,626877,village,566,1.78,Mumbai - Pune Expressway,375.83,VERNA,0.96,Wadi,279.89,Mormugao Port,13.45,ICD Mangalore (Panambur),286.94,Rupaidiha ICP,1598.3,Mangaluru International Airport (IXE),284.26,MMLP Pune,345.76,Kottapuram Terminal,622.23,FCI Depot Hubballi,129.77
Loutulim,SOUTH GOA,586,626889,village,566,0.04,Mumbai - Pune Expressway,378.01,VERNA,7.35,Wadi,272.3,Mormugao Port,21.3,ICD Mangalore (Panambur),283.28,Rupaidiha ICP,1595.55,Mangaluru International Airport (IXE),280.45,MMLP Pune,346.89,Kottapuram Terminal,618.12,FCI Depot Hubballi,121.64
Sangod,SOUTH GOA,586,626979,village,748,0.42,Solapur–Chennai Economic Corridor,358.69,KALEEM,7.35,Wadi,254.89,Mormugao Port,41.22,ICD Mangalore (Panambur),278.06,Rupaidiha ICP,1585.72,Mangaluru International Airport (IXE),274.84,MMLP Pune,347.27,Kottapuram Terminal,611.14,FCI Depot Hubballi,100.93
Nagoa,SOUTH GOA,586,626888,village,66,0.57,Mumbai - Pune Expressway,376.2,VERNA,1.19,Wadi,278.18,Mormugao Port,15.19,ICD Mangalore (Panambur),286.19,Rupaidiha ICP,1597.53,Mangaluru International Airport (IXE),283.47,MMLP Pune,345.88,Kottapuram Terminal,621.38,FCI Depot Hubballi,127.86
Pale,SOUTH GOA,586,626878,village,566,1.1,Mumbai - Pune Expressway,374.92,SANKVAL,2.06,Wadi,281.99,Mormugao Port,11.35,ICD Mangalore (Panambur),288.26,Rupaidiha ICP,1598.64,Mangaluru International Airport (IXE),285.61,MMLP Pune,345.12,Kottapuram Terminal,623.63,FCI Depot Hubballi,131.81
Chicolna,SOUTH GOA,586,626880,village,566,2.03,Mumbai - Pune Expressway,373.93,SANKVAL,2.34,Wadi,285.93,Mormugao Port,7.64,ICD Mangalore (Panambur),290.21,Rupaidiha ICP,1600.14,Mangaluru International Airport (IXE),287.63,MMLP Pune,344.69,Kottapuram Terminal,625.76,FCI Depot Hubballi,136.04
Issorcim,SOUTH GOA,586,626879,village,566,1.74,Mumbai - Pune Expressway,373.63,SANKVAL,1.15,Wadi,285.11,Mormugao Port,8.28,ICD Mangalore (Panambur),290.2,Rupaidiha ICP,1599.21,Mangaluru International Airport (IXE),287.59,MMLP Pune,344.23,Kottapuram Terminal,625.69,FCI Depot Hubballi,134.87
Molem,SOUTH GOA,586,626975,village,748,1.15,Solapur–Chennai Economic Corridor,350.53,KULEM,5.8,Wadi,250.08,Mormugao Port,48.45,ICD Mangalore (Panambur),279.13,Rupaidiha ICP,1579.72,Mangaluru International Airport (IXE),275.74,MMLP Pune,345.05,Kottapuram Terminal,611.26,FCI Depot Hubballi,93.36
Dabolim,SOUTH GOA,586,626874,village,566,0.32,Mumbai - Pune Expressway,371.84,DABOLIM,0.2,Wadi,286.51,Mormugao Port,6.83,ICD Mangalore (Panambur),292.04,Rupaidiha ICP,1597.97,Mangaluru International Airport (IXE),289.44,MMLP Pune,342.51,Kottapuram Terminal,627.54,FCI Depot Hubballi,135.56
Cortalim,SOUTH GOA,586,626887,village,66,0.33,Mumbai - Pune Expressway,373.2,VERNA,3.45,Wadi,280.04,Mormugao Port,13.74,ICD Mangalore (Panambur),289.14,Rupaidiha ICP,1595.1,Mangaluru International Airport (IXE),286.41,MMLP Pune,342.91,Kottapuram Terminal,624.29,FCI Depot Hubballi,128.38
Quelossim,SOUTH GOA,586,626876,village,66,1.91,Mumbai - Pune Expressway,372.76,VERNA,5.13,Wadi,278.39,Mormugao Port,15.86,ICD Mangalore (Panambur),289.1,Rupaidiha ICP,1593.35,Mangaluru International Airport (IXE),286.31,MMLP Pune,342.15,Kottapuram Terminal,624.09,FCI Depot Hubballi,126.06
Sancoale,SOUTH GOA,586,626886,village,566,0.26,Mumbai - Pune Expressway,372.29,SANKVAL,2.38,Wadi,283.6,Mormugao Port,9.91,ICD Mangalore (Panambur),290.84,Rupaidiha ICP,1596.51,Mangaluru International Airport (IXE),288.17,MMLP Pune,342.52,Kottapuram Terminal,626.18,FCI Depot Hubballi,132.26
Sancordem,SOUTH GOA,586,626972,village,748,3.56,Solapur–Chennai Economic Corridor,356.52,KULEM,9.15,Wadi,256.08,Mormugao Port,41.87,ICD Mangalore (Panambur),281.61,Rupaidiha ICP,1581.69,Mangaluru International Airport (IXE),278.34,MMLP Pune,343.44,Kottapuram Terminal,614.44,FCI Depot Hubballi,99.92
Chicalim,SOUTH GOA,586,626885,village,566,0.07,Mumbai - Pune Expressway,371.92,DABOLIM,1.34,Wadi,287.57,Mormugao Port,5.8,ICD Mangalore (Panambur),292.3,Rupaidiha ICP,1598.8,Mangaluru International Airport (IXE),289.72,MMLP Pune,342.78,Kottapuram Terminal,627.85,FCI Depot Hubballi,136.89
Mormugao (M Cl),SOUTH GOA,586,252084,village,566,0.55,Mumbai - Pune Expressway,370.55,VASCO DA GAMA,0.34,Wadi,290.52,Mormugao Port,2.99,ICD Mangalore (Panambur),294.3,Rupaidiha ICP,1599.13,Mangaluru International Airport (IXE),291.77,MMLP Pune,341.78,Kottapuram Terminal,629.95,FCI Depot Hubballi,139.7
Darbandora,SOUTH GOA,586,626971,village,748,0.67,Solapur–Chennai Economic Corridor,362.1,KALEEM,12.6,Wadi,260.91,Mormugao Port,36.11,ICD Mangalore (Panambur),283.0,Rupaidiha ICP,1584.3,Mangaluru International Airport (IXE),279.84,MMLP Pune,343.06,Kottapuram Terminal,616.43,FCI Depot Hubballi,105.69
Aglote,SOUTH GOA,586,626973,village,748,5.33,Solapur–Chennai Economic Corridor,357.43,KULEM,12.85,Wadi,259.43,Mormugao Port,39.92,ICD Mangalore (Panambur),285.23,Rupaidiha ICP,1579.58,Mangaluru International Airport (IXE),281.98,MMLP Pune,340.03,Kottapuram Terminal,618.15,FCI Depot Hubballi,101.98
Creek,SOUTH GOA,586,626875,village,366,1.8,Mumbai - Pune Expressway,368.61,VASCO DA GAMA,3.15,Wadi,289.31,Mormugao Port,4.63,ICD Mangalore (Panambur),295.45,Rupaidiha ICP,1595.91,Mangaluru International Airport (IXE),292.85,MMLP Pune,339.46,Kottapuram Terminal,630.95,FCI Depot Hubballi,137.17
Surla,SOUTH GOA,586,626974,village,748,3.52,Solapur–Chennai Economic Corridor,350.16,CASTLE ROCK,11.73,Wadi,254.57,Mormugao Port,47.03,ICD Mangalore (Panambur),285.31,Rupaidiha ICP,1574.88,Mangaluru International Airport (IXE),281.92,MMLP Pune,338.91,Kottapuram Terminal,617.38,FCI Depot Hubballi,95.1
Sirlim,SOUTH GOA,586,626915,village,66,0.26,Solapur–Chennai Economic Corridor,383.56,MADGAON,4.67,Wadi,266.62,Mormugao Port,28.4,ICD Mangalore (Panambur),270.68,Rupaidiha ICP,1608.15,Mangaluru International Airport (IXE),267.96,MMLP Pune,360.51,Kottapuram Terminal,605.89,FCI Depot Hubballi,123.33
Rachol,SOUTH GOA,586,626901,village,566,2.98,Solapur–Chennai Economic Corridor,377.34,MADGAON,6.49,Wadi,268.21,Mormugao Port,25.16,ICD Mangalore (Panambur),278.89,Rupaidiha ICP,1597.76,Mangaluru International Airport (IXE),276.04,MMLP Pune,350.72,Kottapuram Terminal,613.65,FCI Depot Hubballi,119.13
Cavorem,SOUTH GOA,586,626956,village,66,3.9,Solapur–Chennai Economic Corridor,377.28,BALLI,5.13,Wadi,253.67,Mormugao Port,41.93,ICD Mangalore (Panambur),258.63,Rupaidiha ICP,1612.23,Mangaluru International Airport (IXE),255.78,MMLP Pune,370.21,Kottapuram Terminal,593.45,FCI Depot Hubballi,115.15
Cordem,SOUTH GOA,586,626958,village,66,0.86,Solapur–Chennai Economic Corridor,380.74,BALLI,4.94,Wadi,254.63,Mormugao Port,42.6,ICD Mangalore (Panambur),256.51,Rupaidiha ICP,1616.14,Mangaluru International Airport (IXE),253.73,MMLP Pune,373.2,Kottapuram Terminal,591.58,FCI Depot Hubballi,118.32
Tiloi,SOUTH GOA,586,626954,village,66,1.26,Solapur–Chennai Economic Corridor,382.63,BALLI,1.97,Wadi,258.23,Mormugao Port,38.98,ICD Mangalore (Panambur),259.7,Rupaidiha ICP,1615.26,Mangaluru International Airport (IXE),256.97,MMLP Pune,370.72,Kottapuram Terminal,594.89,FCI Depot Hubballi,120.6
Quitol,SOUTH GOA,586,626951,village,66,5.97,Solapur–Chennai Economic Corridor,388.14,BALLI,6.56,New Makardhokda,260.51,Mormugao Port,35.79,ICD Mangalore (Panambur),261.69,Rupaidiha ICP,1617.87,Mangaluru International Airport (IXE),259.08,MMLP Pune,370.6,Kottapuram Terminal,597.18,FCI Depot Hubballi,126.33
Piliem,SOUTH GOA,586,626970,village,748,0.22,Solapur–Chennai Economic Corridor,365.94,SANVERDAM CHUCH,15.52,Wadi,265.23,Mormugao Port,31.71,ICD Mangalore (Panambur),285.35,Rupaidiha ICP,1585.12,Mangaluru International Airport (IXE),282.26,MMLP Pune,341.56,Kottapuram Terminal,619.13,FCI Depot Hubballi,110.07
Hodar,SOUTH GOA,586,626937,village,66,12.38,Solapur–Chennai Economic Corridor,370.23,SANVERDAM CHUCH,1.55,Wadi,257.14,Mormugao Port,36.19,ICD Mangalore (Panambur),270.32,Rupaidiha ICP,1599.05,Mangaluru International Airport (IXE),267.32,MMLP Pune,357.16,Kottapuram Terminal,604.55,FCI Depot Hubballi,110.24
Xic-Xelvona,SOUTH GOA,586,626935,village,66,10.99,Solapur–Chennai Economic Corridor,371.75,SANVERDAM CHUCH,3.11,Wadi,258.44,Mormugao Port,34.9,ICD Mangalore (Panambur),270.64,Rupaidiha ICP,1599.86,Mangaluru International Airport (IXE),267.67,MMLP Pune,357.22,Kottapuram Terminal,605.0,FCI Depot Hubballi,111.8
Angediva,SOUTH GOA,586,627029,village,66,3.68,Bangalore-Mysore Road,382.49,KARWAR,10.46,New Makardhokda,216.58,Mormugao Port,79.45,ICD Mangalore (Panambur),217.76,Rupaidiha ICP,1648.44,Mangaluru International Airport (IXE),215.18,MMLP Anantapur,373.52,Kottapuram Terminal,553.34,FCI Depot Hubballi,127.06
Ella,NORTH GOA,585,626714,village,748,0.18,Mumbai - Pune Expressway,360.67,KARMALI,1.24,Wadi,286.23,Mormugao Port,16.46,ICD Mangalore (Panambur),301.03,Rupaidiha ICP,1583.62,Mangaluru International Airport (IXE),298.2,MMLP Pune,330.2,Kottapuram Terminal,635.87,FCI Depot Hubballi,128.99
Malar,NORTH GOA,585,626711,village,748,3.22,Mumbai - Pune Expressway,357.57,KARMALI,4.3,Wadi,288.21,Mormugao Port,18.05,ICD Mangalore (Panambur),304.06,Rupaidiha ICP,1581.08,Mangaluru International Airport (IXE),301.23,MMLP Pune,327.14,Kottapuram Terminal,638.86,FCI Depot Hubballi,129.81
Chorao,NORTH GOA,585,626706,village,748,4.16,Mumbai - Pune Expressway,356.37,KARMALI,6.36,Wadi,291.2,Mormugao Port,16.57,ICD Mangalore (Panambur),305.79,Rupaidiha ICP,1581.77,Mangaluru International Airport (IXE),303.0,MMLP Pune,326.35,Kottapuram Terminal,640.75,FCI Depot Hubballi,132.93
Calvim,NORTH GOA,585,626685,village,748,7.4,Mumbai - Pune Expressway,353.31,THIVIM,7.37,Wadi,292.33,Mormugao Port,19.55,ICD Mangalore (Panambur),308.58,Rupaidiha ICP,1578.63,Mangaluru International Airport (IXE),305.76,MMLP Pune,323.16,Kottapuram Terminal,643.43,FCI Depot Hubballi,132.78
Ucassaim,NORTH GOA,585,626681,village,66,2.12,Mumbai - Pune Expressway,350.5,THIVIM,6.27,Wadi,298.0,Mormugao Port,19.17,ICD Mangalore (Panambur),312.35,Rupaidiha ICP,1579.23,Mangaluru International Airport (IXE),309.62,MMLP Pune,321.1,Kottapuram Terminal,647.46,FCI Depot Hubballi,138.45
Guirim,NORTH GOA,585,626693,village,66,0.0,Mumbai - Pune Expressway,351.66,THIVIM,9.93,Wadi,300.24,Mormugao Port,16.86,ICD Mangalore (Panambur),312.09,Rupaidiha ICP,1582.35,Mangaluru International Airport (IXE),309.43,MMLP Pune,322.8,Kottapuram Terminal,647.41,FCI Depot Hubballi,141.77
Assonora,NORTH GOA,585,626668,village,66,7.1,Mumbai - Pune Expressway,347.28,THIVIM,2.43,Wadi,295.27,Mormugao Port,25.15,ICD Mangalore (Panambur),314.25,Rupaidiha ICP,1572.91,Mangaluru International Airport (IXE),311.39,MMLP Pune,317.0,Kottapuram Terminal,648.93,FCI Depot Hubballi,133.47
Morgim,NORTH GOA,585,626661,village,66,9.24,Mumbai - Pune Expressway,343.82,PERNEM,11.93,Wadi,310.33,Mormugao Port,24.51,ICD Pune,316.0,Rupaidiha ICP,1579.55,Mangaluru International Airport (IXE),318.79,MMLP Pune,316.03,Kottapuram Terminal,656.9,FCI Depot Hubballi,150.42
Colvale,NORTH GOA,585,626691,village,66,0.09,Mumbai - Pune Expressway,344.88,THIVIM,4.95,Wadi,302.02,Mormugao Port,24.25,ICD Pune,315.58,Rupaidiha ICP,1574.92,Mangaluru International Airport (IXE),315.2,MMLP Pune,315.62,Kottapuram Terminal,653.01,FCI Depot Hubballi,140.75
Santona,SOUTH GOA,586,626987,village,748,8.29,Solapur–Chennai Economic Corridor,363.72,KALEEM,4.32,Wadi,253.69,Mormugao Port,40.17,ICD Mangalore (Panambur),271.78,Rupaidiha ICP,1593.62,Mangaluru International Airport (IXE),268.65,MMLP Pune,354.33,Kottapuram Terminal,605.4,FCI Depot Hubballi,104.19
Murda (CT),NORTH GOA,585,626731,village,66,0.43,Mumbai - Pune Expressway,361.97,KARMALI,7.74,Wadi,291.16,Mormugao Port,9.5,ICD Mangalore (Panambur),301.26,Rupaidiha ICP,1588.92,Mangaluru International Airport (IXE),298.59,MMLP Pune,332.52,Kottapuram Terminal,636.55,FCI Depot Hubballi,135.84
Morombi-O-Pequeno(Merces),NORTH GOA,585,626739,village,66,0.04,Mumbai - Pune Expressway,360.49,KARMALI,8.64,Wadi,292.7,Mormugao Port,9.96,ICD Mangalore (Panambur),302.88,Rupaidiha ICP,1588.16,Mangaluru International Airport (IXE),300.21,MMLP Pune,331.17,Kottapuram Terminal,638.19,FCI Depot Hubballi,136.96
Gangem,SOUTH GOA,586,626852,village,748,4.33,Solapur–Chennai Economic Corridor,364.38,KARMALI,18.25,Wadi,267.9,Mormugao Port,32.08,ICD Mangalore (Panambur),290.38,Rupaidiha ICP,1580.31,Mangaluru International Airport (IXE),287.26,MMLP Pune,336.3,Kottapuram Terminal,623.98,FCI Depot Hubballi,110.26
Conquirem,NORTH GOA,585,626841,village,748,5.41,Solapur–Chennai Economic Corridor,362.39,KULEM,19.47,Wadi,266.37,Mormugao Port,34.09,ICD Mangalore (Panambur),290.08,Rupaidiha ICP,1579.2,Mangaluru International Airport (IXE),286.93,MMLP Pune,336.17,Kottapuram Terminal,623.5,FCI Depot Hubballi,108.31
Ambarim,NORTH GOA,585,626705,village,66,6.62,Mumbai - Pune Expressway,353.31,THIVIM,7.37,Wadi,293.38,Mormugao Port,18.67,ICD Mangalore (Panambur),308.84,Rupaidiha ICP,1579.42,Mangaluru International Airport (IXE),306.05,MMLP Pune,323.36,Kottapuram Terminal,643.78,FCI Depot Hubballi,134.09
Caraim,NORTH GOA,585,626707,village,748,5.7,Mumbai - Pune Expressway,355.14,KARMALI,6.98,Wadi,290.97,Mormugao Port,18.39,ICD Mangalore (Panambur),306.74,Rupaidiha ICP,1579.99,Mangaluru International Airport (IXE),303.93,MMLP Pune,324.94,Kottapuram Terminal,641.6,FCI Depot Hubballi,132.01
Ambelim,SOUTH GOA,586,626922,village,66,2.27,Solapur–Chennai Economic Corridor,384.83,BALLI,4.0,New Makardhokda,262.59,Mormugao Port,34.48,ICD Mangalore (Panambur),263.75,Rupaidiha ICP,1614.0,Mangaluru International Airport (IXE),261.06,MMLP Pune,367.55,Kottapuram Terminal,599.05,FCI Depot Hubballi,123.37
Canca,NORTH GOA,585,626677,village,66,1.16,Mumbai - Pune Expressway,349.89,THIVIM,9.46,Wadi,301.73,Mormugao Port,18.5,ICD Mangalore (Panambur),313.93,Rupaidiha ICP,1581.16,Mangaluru International Airport (IXE),311.27,MMLP Pune,321.12,Kottapuram Terminal,649.26,FCI Depot Hubballi,142.75
Casnem,NORTH GOA,585,626641,village,66,1.01,Mumbai - Pune Expressway,334.57,PERNEM,2.16,Patas,307.8,Mormugao Port,34.37,ICD Pune,305.29,Rupaidiha ICP,1566.12,Pune Airport (PNQ),312.22,MMLP Pune,305.33,Kottapuram Terminal,662.79,FCI Depot Hubballi,144.03
Amberem,NORTH GOA,585,626643,village,66,0.85,Mumbai - Pune Expressway,333.79,PERNEM,3.34,Patas,306.7,Mormugao Port,35.38,ICD Pune,304.37,Rupaidiha ICP,1564.88,Pune Airport (PNQ),311.27,MMLP Pune,304.41,Kottapuram Terminal,663.27,FCI Depot Hubballi,143.39
Chopdem,NORTH GOA,585,626656,village,66,7.42,Mumbai - Pune Expressway,343.14,PERNEM,9.89,Wadi,309.11,Mormugao Port,25.01,ICD Pune,315.0,Rupaidiha ICP,1577.82,Mangaluru International Airport (IXE),318.86,MMLP Pune,315.04,Kottapuram Terminal,656.91,FCI Depot Hubballi,148.64
Cormonem,SOUTH GOA,586,626980,village,748,4.75,Solapur–Chennai Economic Corridor,361.72,KALEEM,4.74,Wadi,254.6,Mormugao Port,40.07,ICD Mangalore (Panambur),274.87,Rupaidiha ICP,1590.04,Mangaluru International Airport (IXE),271.7,MMLP Pune,350.93,Kottapuram Terminal,608.28,FCI Depot Hubballi,103.0
Gandaulim,NORTH GOA,585,626713,village,748,1.63,Mumbai - Pune Expressway,360.04,KARMALI,2.67,Wadi,284.89,Mormugao Port,18.8,ICD Mangalore (Panambur),301.24,Rupaidiha ICP,1581.78,Mangaluru International Airport (IXE),298.37,MMLP Pune,329.27,Kottapuram Terminal,635.92,FCI Depot Hubballi,126.96
Moitem,NORTH GOA,585,626667,village,66,7.54,Mumbai - Pune Expressway,346.41,THIVIM,3.04,Wadi,295.13,Mormugao Port,26.42,ICD Mangalore (Panambur),314.94,Rupaidiha ICP,1571.64,Mangaluru International Airport (IXE),312.06,MMLP Pune,316.0,Kottapuram Terminal,649.54,FCI Depot Hubballi,132.88
Morombi-O-Grande(Merces),NORTH GOA,585,626737,village,748,1.49,Mumbai - Pune Expressway,361.54,KARMALI,6.29,Wadi,290.28,Mormugao Port,10.91,ICD Mangalore (Panambur),301.36,Rupaidiha ICP,1587.74,Mangaluru International Airport (IXE),298.65,MMLP Pune,331.89,Kottapuram Terminal,636.57,FCI Depot Hubballi,134.52
Narao,NORTH GOA,585,626712,village,748,3.48,Mumbai - Pune Expressway,357.66,KARMALI,4.32,Wadi,287.14,Mormugao Port,19.11,ICD Mangalore (Panambur),303.74,Rupaidiha ICP,1580.38,Mangaluru International Airport (IXE),300.88,MMLP Pune,327.04,Kottapuram Terminal,638.45,FCI Depot Hubballi,128.51
Ponolem,NORTH GOA,585,626684,village,748,8.03,Mumbai - Pune Expressway,352.78,THIVIM,6.94,Wadi,292.18,Mormugao Port,20.38,ICD Mangalore (Panambur),308.98,Rupaidiha ICP,1577.82,Mangaluru International Airport (IXE),306.15,MMLP Pune,322.55,Kottapuram Terminal,643.78,FCI Depot Hubballi,132.32
Punola,NORTH GOA,585,626680,village,66,1.57,Mumbai - Pune Expressway,350.7,THIVIM,7.13,Wadi,298.64,Mormugao Port,18.6,ICD Mangalore (Panambur),312.37,Rupaidiha ICP,1579.96,Mangaluru International Airport (IXE),309.65,MMLP Pune,321.45,Kottapuram Terminal,647.54,FCI Depot Hubballi,139.34
Revora,NORTH GOA,585,626664,village,66,1.99,Mumbai - Pune Expressway,343.18,THIVIM,3.2,Wadi,300.69,Mormugao Port,26.97,ICD Pune,313.42,Rupaidiha ICP,1571.67,Mangaluru International Airport (IXE),316.14,MMLP Pune,313.47,Kottapuram Terminal,653.8,FCI Depot Hubballi,138.32
Pernem (M Cl),NORTH GOA,585,252057,village,66,2.29,Mumbai - Pune Expressway,335.58,PERNEM,3.06,Patas,310.06,Mormugao Port,32.74,ICD Pune,306.86,Rupaidiha ICP,1569.07,Pune Airport (PNQ),313.85,MMLP Pune,306.9,Kottapuram Terminal,662.83,FCI Depot Hubballi,147.06
Cuncolim (M Cl),SOUTH GOA,586,252095,village,66,1.19,Solapur–Chennai Economic Corridor,381.32,BALLI,3.25,Wadi,260.78,Mormugao Port,34.81,ICD Mangalore (Panambur),264.61,Rupaidiha ICP,1610.87,Mangaluru International Airport (IXE),261.84,MMLP Pune,365.64,Kottapuram Terminal,599.7,FCI Depot Hubballi,120.05
Assolna,SOUTH GOA,586,626919,village,66,2.3,Solapur–Chennai Economic Corridor,384.98,BALLI,5.72,Wadi,264.33,Mormugao Port,32.27,ICD Mangalore (Panambur),266.03,Rupaidiha ICP,1612.5,Mangaluru International Airport (IXE),263.34,MMLP Pune,365.42,Kottapuram Terminal,601.33,FCI Depot Hubballi,123.88
Virdi,NORTH GOA,585,924826,village,748,7.05,Mumbai - Pune Expressway,356.66,KARMALI,9.08,Wadi,283.08,Mormugao Port,25.2,ICD Mangalore (Panambur),303.75,Rupaidiha ICP,1575.82,Mangaluru International Airport (IXE),300.78,MMLP Pune,325.17,Kottapuram Terminal,637.98,FCI Depot Hubballi,122.78
,SOUTH GOA,586,INGA025,village,566,6.84,Mumbai - Pune Expressway,375.42,VASCO DA GAMA,8.13,New Makardhokda,290.14,Mormugao Port,8.48,ICD Mangalore (Panambur),291.38,Rupaidiha ICP,1606.54,Mangaluru International Airport (IXE),288.99,MMLP Pune,347.43,Kottapuram Terminal,627.27,FCI Depot Hubballi,145.21
,SOUTH GOA,586,INGA024,village,566,6.01,Mumbai - Pune Expressway,374.99,VASCO DA GAMA,7.31,New Makardhokda,290.34,Mormugao Port,7.77,ICD Mangalore (Panambur),291.57,Rupaidiha ICP,1605.79,Mangaluru International Airport (IXE),289.17,MMLP Pune,346.91,Kottapuram Terminal,627.44,FCI Depot Hubballi,144.54
,SOUTH GOA,586,INGA023,village,566,5.43,Mumbai - Pune Expressway,375.03,VASCO DA GAMA,6.77,New Makardhokda,290.08,Mormugao Port,7.48,ICD Mangalore (Panambur),291.31,Rupaidiha ICP,1605.41,Mangaluru International Airport (IXE),288.89,MMLP Pune,346.85,Kottapuram Terminal,627.15,FCI Depot Hubballi,143.78
,SOUTH GOA,586,INGA019,village,566,6.18,Mumbai - Pune Expressway,374.94,VASCO DA GAMA,7.46,New Makardhokda,290.46,Mormugao Port,7.83,ICD Mangalore (Panambur),291.69,Rupaidiha ICP,1605.88,Mangaluru International Airport (IXE),289.29,MMLP Pune,346.9,Kottapuram Terminal,627.56,FCI Depot Hubballi,144.78
,SOUTH GOA,586,INGA017,village,566,5.24,Mumbai - Pune Expressway,375.01,VASCO DA GAMA,6.6,New Makardhokda,290.03,Mormugao Port,7.37,ICD Mangalore (Panambur),291.26,Rupaidiha ICP,1605.27,Mangaluru International Airport (IXE),288.84,MMLP Pune,346.79,Kottapuram Terminal,627.1,FCI Depot Hubballi,143.55
,SOUTH GOA,586,INGA021,village,566,5.4,Mumbai - Pune Expressway,374.97,VASCO DA GAMA,6.74,New Makardhokda,290.14,Mormugao Port,7.42,ICD Mangalore (Panambur),291.37,Rupaidiha ICP,1605.36,Mangaluru International Airport (IXE),288.95,MMLP Pune,346.79,Kottapuram Terminal,627.22,FCI Depot Hubballi,143.79
,SOUTH GOA,586,INGA022,village,566,5.59,Mumbai - Pune Expressway,374.94,VASCO DA GAMA,6.91,New Makardhokda,290.25,Mormugao Port,7.5,ICD Mangalore (Panambur),291.48,Rupaidiha ICP,1605.48,Mangaluru International Airport (IXE),289.07,MMLP Pune,346.79,Kottapuram Terminal,627.33,FCI Depot Hubballi,144.07
,SOUTH GOA,586,INGA020,village,566,5.55,Mumbai - Pune Expressway,374.97,VASCO DA GAMA,6.88,New Makardhokda,290.2,Mormugao Port,7.5,ICD Mangalore (Panambur),291.43,Rupaidiha ICP,1605.47,Mangaluru International Airport (IXE),289.01,MMLP Pune,346.82,Kottapuram Terminal,627.28,FCI Depot Hubballi,143.98
,SOUTH GOA,586,INGA016,village,566,5.17,Mumbai - Pune Expressway,375.0,VASCO DA GAMA,6.53,New Makardhokda,290.02,Mormugao Port,7.33,ICD Mangalore (Panambur),291.24,Rupaidiha ICP,1605.21,Mangaluru International Airport (IXE),288.82,MMLP Pune,346.77,Kottapuram Terminal,627.08,FCI Depot Hubballi,143.46
,SOUTH GOA,586,INGA018,village,566,5.33,Mumbai - Pune Expressway,374.97,VASCO DA GAMA,6.67,New Makardhokda,290.11,Mormugao Port,7.39,ICD Mangalore (Panambur),291.34,Rupaidiha ICP,1605.31,Mangaluru International Airport (IXE),288.92,MMLP Pune,346.78,Kottapuram Terminal,627.18,FCI Depot Hubballi,143.69
,SOUTH GOA,586,INGA015,village,566,4.71,Mumbai - Pune Expressway,375.05,VASCO DA GAMA,6.11,New Makardhokda,289.76,Mormugao Port,7.17,ICD Mangalore (Panambur),290.99,Rupaidiha ICP,1604.87,Mangaluru International Airport (IXE),288.55,MMLP Pune,346.73,Kottapuram Terminal,626.8,FCI Depot Hubballi,142.75
,SOUTH GOA,586,INGA014,village,566,4.45,Mumbai - Pune Expressway,374.89,VASCO DA GAMA,5.85,New Makardhokda,289.86,Mormugao Port,6.97,ICD Mangalore (Panambur),291.08,Rupaidiha ICP,1604.62,Mangaluru International Airport (IXE),288.64,MMLP Pune,346.54,Kottapuram Terminal,626.89,FCI Depot Hubballi,142.56
,SOUTH GOA,586,INGA013,village,566,5.64,Mumbai - Pune Expressway,374.68,VASCO DA GAMA,6.93,New Makardhokda,290.57,Mormugao Port,7.38,ICD Mangalore (Panambur),291.8,Rupaidiha ICP,1605.4,Mangaluru International Airport (IXE),289.39,MMLP Pune,346.57,Kottapuram Terminal,627.66,FCI Depot Hubballi,144.34
,SOUTH GOA,586,INGA008,village,566,5.47,Mumbai - Pune Expressway,374.51,VASCO DA GAMA,6.75,New Makardhokda,290.7,Mormugao Port,7.19,ICD Mangalore (Panambur),291.93,Rupaidiha ICP,1605.21,Mangaluru International Airport (IXE),289.52,MMLP Pune,346.39,Kottapuram Terminal,627.78,FCI Depot Hubballi,144.25
,SOUTH GOA,586,INGA007,village,566,4.79,Mumbai - Pune Expressway,374.47,VASCO DA GAMA,6.12,New Makardhokda,290.51,Mormugao Port,6.82,ICD Mangalore (Panambur),291.74,Rupaidiha ICP,1604.74,Mangaluru International Airport (IXE),289.31,MMLP Pune,346.24,Kottapuram Terminal,627.57,FCI Depot Hubballi,143.47
,SOUTH GOA,586,INGA006,village,566,4.91,Mumbai - Pune Expressway,374.42,VASCO DA GAMA,6.22,New Makardhokda,290.62,Mormugao Port,6.84,ICD Mangalore (Panambur),291.84,Rupaidiha ICP,1604.8,Mangaluru International Airport (IXE),289.42,MMLP Pune,346.21,Kottapuram Terminal,627.68,FCI Depot Hubballi,143.66
,SOUTH GOA,586,INGA012,village,566,4.99,Mumbai - Pune Expressway,374.8,VASCO DA GAMA,6.34,New Makardhokda,290.19,Mormugao Port,7.12,ICD Mangalore (Panambur),291.42,Rupaidiha ICP,1605.0,Mangaluru International Airport (IXE),288.99,MMLP Pune,346.56,Kottapuram Terminal,627.25,FCI Depot Hubballi,143.42
,SOUTH GOA,586,INGA002,village,366,0.56,Mumbai - Pune Expressway,369.99,DABOLIM,2.37,Wadi,286.28,Mormugao Port,7.58,ICD Mangalore (Panambur),293.45,Rupaidiha ICP,1595.52,Mangaluru International Airport (IXE),290.81,MMLP Pune,340.46,Kottapuram Terminal,628.84,FCI Depot Hubballi,134.23
