state,district,villages,rail_station_median_km,rail_station_mean_km,rail_station_within_10km_pct,rail_station_within_25km_pct,rail_station_within_50km_pct,icd_median_km,icd_mean_km,icd_within_10km_pct,icd_within_25km_pct,icd_within_50km_pct,port_median_km,port_mean_km,port_within_10km_pct,port_within_25km_pct,port_within_50km_pct,air_cargo_median_km,air_cargo_mean_km,air_cargo_within_10km_pct,air_cargo_within_25km_pct,air_cargo_within_50km_pct,icp_median_km,icp_mean_km,icp_within_10km_pct,icp_within_25km_pct,icp_within_50km_pct,census2011_population
Andaman and Nicobar Islands,NICOBARS,86,1509.465,1537.1,0.0,0.0,0.0,1550.865,1571.73,0.0,0.0,0.0,1504.6550000000002,1539.43,0.0,0.0,0.0,1526.875,1559.76,0.0,0.0,0.0,1623.06,1660.31,0.0,0.0,0.0,36842.0
Andaman and Nicobar Islands,NORTH AND MIDDLE ANDAMAN,305,1044.14,1050.29,0.0,0.0,0.0,1097.26,1103.18,0.0,0.0,0.0,1037.72,1043.86,0.0,0.0,0.0,1096.8,1102.7,0.0,0.0,0.0,1107.8,1110.2,0.0,0.0,0.0,105597.0
Andaman and Nicobar Islands,SOUTH ANDAMANS,191,1140.62,1141.15,0.0,0.0,0.0,1188.05,1188.87,0.0,0.0,0.0,1134.68,1135.18,0.0,0.0,0.0,1187.25,1187.9,0.0,0.0,0.0,1239.01,1237.27,0.0,0.0,0.0,
Andaman and Nicobar Islands,__STATE__,582,,1176.2039282078642,0.0,0.0,0.0,,1224.370959638863,0.0,0.0,0.0,,1172.039711595841,0.0,0.0,0.0,,1220.9190588251813,0.0,0.0,0.0,,1252.4865410456407,0.0,0.0,0.0,142439.0
Andhra Pradesh,Alluri Sitharama Raju,3428,37.405,36.72,12.485414235705951,31.70945157526254,73.97899649941657,356.96,352.61,0.0,0.0,0.0,93.32,103.3,0.0,0.0,0.6417736289381564,92.19,102.31,0.0,0.0,1.3418903150525088,848.5699999999999,864.08,0.0,0.0,0.0,
Andhra Pradesh,Anakapalli,736,14.66,15.71,35.59782608695652,79.8913043478261,100.0,402.115,404.41,0.0,0.0,0.0,43.195,45.63,0.2717391304347826,13.722826086956522,61.95652173913043,42.285,46.1,0.5434782608695652,12.907608695652172,61.27717391304349,847.755,850.85,0.0,0.0,0.0,
Andhra Pradesh,Ananthapuramu,512,10.74,14.2,47.65625,82.6171875,99.8046875,210.82,208.13,0.0,0.0,0.0,285.43,284.11,0.0,0.0,0.0,186.94,184.84,0.0,0.0,0.0,1477.91,1482.94,0.0,0.0,0.0,
Andhra Pradesh,Annamayya,543,14.11,16.42,37.01657458563536,77.71639042357275,100.0,116.25,117.31,0.0,0.0,0.0,150.54,146.56,0.0,0.0,0.0,139.64,135.26,0.0,0.0,0.0,1446.71,1442.69,0.0,0.0,0.0,
Andhra Pradesh,Bapatla,286,9.265,11.63,53.4965034965035,88.81118881118881,100.0,266.115,262.29,0.0,0.0,0.0,193.525,193.28,0.0,0.0,0.0,255.43,251.75,0.0,0.0,0.0,1166.605,1164.9,0.0,0.0,0.0,
Andhra Pradesh,Chittoor,847,13.25,14.85,37.89846517119244,83.82526564344747,100.0,62.17,61.27,0.1180637544273907,6.8476977567886665,42.14876033057851,147.89,153.59,0.0,0.0,0.0,100.72,101.81,0.0,0.0,0.0,1489.17,1499.99,0.0,0.0,0.0,4174064.0
Andhra Pradesh,Dr. B.R. Ambedkar Konaseema,326,22.27,22.79,11.65644171779141,57.97546012269939,100.0,379.065,379.68,0.0,0.0,0.0,171.475,172.17,0.0,0.0,0.0,174.435,175.11,0.0,0.0,0.0,991.765,993.18,0.0,0.0,0.0,
Andhra Pradesh,East Godavari,271,9.87,11.57,50.92250922509225,91.1439114391144,100.0,346.17,346.97,0.0,0.0,0.0,175.24,172.13,0.0,0.0,0.0,177.17,174.31,0.0,0.0,0.0,984.47,983.96,0.0,0.0,0.0,5154296.0
Andhra Pradesh,Eluru,674,18.505,22.59,34.56973293768546,57.12166172106825,93.47181008902076,294.28,291.54,0.0,0.0,0.0,234.255,231.51,0.0,0.0,0.0,236.12,232.33,0.0,0.0,0.0,1036.4,1034.23,0.0,0.0,0.0,
Andhra Pradesh,Guntur,201,5.67,7.31,73.13432835820896,100.0,100.0,247.58,246.88,0.0,0.0,0.0,227.58,225.94,0.0,0.0,0.0,239.03,239.36,0.0,0.0,0.0,1137.82,1136.78,0.0,0.0,0.0,4887813.0
Andhra Pradesh,Kakinada,421,10.65,12.03,46.79334916864608,96.19952494061758,100.0,397.41,398.44,0.0,0.0,0.0,119.71,116.5,0.0,0.0,0.0,121.97,118.82,0.0,0.0,0.0,935.2,932.75,0.0,0.0,0.0,
Andhra Pradesh,Krishna,497,7.69,8.97,60.160965794768615,99.3963782696177,100.0,292.04,291.76,0.0,0.0,0.0,247.05,244.32,0.0,0.0,0.0,272.63,273.42,0.0,0.0,0.0,1092.46,1093.28,0.0,0.0,0.0,4517398.0
Andhra Pradesh,Kurnool,476,11.04,13.09,46.00840336134453,86.34453781512606,100.0,222.1,223.68,0.0,0.0,0.0,327.34000000000003,320.87,0.0,0.0,0.0,199.95,200.93,0.0,0.0,0.0,1415.52,1417.17,0.0,0.0,0.0,4053463.0
Andhra Pradesh,NTR,317,15.27,15.79,32.17665615141956,82.96529968454259,100.0,218.54,218.25,0.0,0.0,0.0,277.91,278.37,0.0,0.0,0.0,217.11,216.1,0.0,0.0,0.0,1105.76,1101.75,0.0,0.0,0.0,
Andhra Pradesh,Nandyal,489,20.88,22.33,22.290388548057265,59.30470347648262,97.34151329243352,229.44,219.6,0.0,0.0,0.0,232.36,233.49,0.0,0.0,0.0,205.61,196.08,0.0,0.0,0.0,1372.89,1370.6,0.0,0.0,0.0,
Andhra Pradesh,Palnadu,402,9.135,10.19,55.970149253731336,97.01492537313432,100.0,197.9,193.36,0.0,0.0,0.0,240.12,234.2,0.0,0.0,0.0,187.14,183.14,0.0,0.0,0.0,1175.18,1177.29,0.0,0.0,0.0,
Andhra Pradesh,Parvathipuram Manyam,971,15.16,14.41,31.51390319258496,93.61483007209064,100.0,286.18,290.7,0.0,0.0,0.0,121.5,122.43,0.0,0.0,0.0,119.93,119.97,0.0,0.0,0.0,713.4,718.66,0.0,0.0,0.0,
Andhra Pradesh,Prakasam,872,20.585,22.15,27.178899082568808,59.86238532110092,96.55963302752292,231.78,227.0,0.0,0.0,0.0,163.37,163.7,0.0,0.0,0.0,218.23,215.15,0.0,0.0,0.0,1261.08,1265.9,0.0,0.0,0.0,3397448.0
Andhra Pradesh,Sri Potti Sriramulu Nellore,728,22.935,26.26,20.741758241758244,53.15934065934066,87.91208791208791,171.94,175.26,0.0,0.0,0.0,67.675,69.69,1.3736263736263736,8.516483516483516,30.08241758241758,189.79,192.55,0.0,0.0,0.0,1318.56,1317.5,0.0,0.0,0.0,2963557.0
Andhra Pradesh,Sri Sathya Sai,476,10.68,14.36,47.89915966386555,84.66386554621849,98.31932773109244,128.825,130.56,0.0,0.0,0.0,255.245,249.7,0.0,0.0,0.0,104.01,105.7,0.0,0.0,0.0,1506.805,1511.84,0.0,0.0,0.0,
Andhra Pradesh,Srikakulam,1428,6.27,7.92,70.44817927170868,100.0,100.0,256.395,253.85,0.0,0.0,0.0,132.44,133.94,0.0,0.0,0.0,132.99,133.37,0.0,0.0,0.0,687.22,684.79,0.0,0.0,0.0,2703114.0
Andhra Pradesh,Tirupati,1056,7.285,9.54,64.01515151515152,96.68560606060606,100.0,81.805,81.09,0.0,0.0,6.8181818181818175,62.0,64.91,0.0946969696969697,3.4090909090909087,27.935606060606062,105.045,102.86,0.0,0.0,0.8522727272727272,1384.705,1388.22,0.0,0.0,0.0,
Andhra Pradesh,Visakhapatnam,95,7.61,8.89,62.10526315789474,100.0,100.0,364.2,367.73,0.0,0.0,0.0,26.05,25.01,8.421052631578947,44.21052631578947,100.0,24.7,23.27,10.526315789473683,51.578947368421055,100.0,795.19,798.73,0.0,0.0,0.0,4290589.0
Andhra Pradesh,Vizianagaram,970,7.585,8.95,63.91752577319587,99.58762886597938,100.0,329.185,330.29,0.0,0.0,0.0,71.66499999999999,69.86,0.0,1.0309278350515465,23.91752577319588,69.01,67.76,0.0,2.3711340206185567,26.5979381443299,759.46,760.45,0.0,0.0,0.0,2344474.0
Andhra Pradesh,West Godavari,299,5.95,6.59,79.59866220735786,100.0,100.0,343.29,343.04,0.0,0.0,0.0,204.55,205.3,0.0,0.0,0.0,207.06,207.95,0.0,0.0,0.0,1022.36,1023.49,0.0,0.0,0.0,3936966.0
Andhra Pradesh,Y.S.R.,729,18.64,20.13,30.727023319615917,62.002743484224965,99.039780521262,194.27,194.44,0.0,0.0,0.0,166.1,168.5,0.0,0.0,0.0,192.79,193.93,0.0,0.0,0.0,1398.91,1397.96,0.0,0.0,0.0,2882469.0
Andhra Pradesh,__STATE__,18050,,12.548348266753742,39.119113573407205,73.35734072022161,94.0,,258.586876641724,0.0055401662049861,0.3213296398891966,2.376731301939058,,170.54774528126745,0.1163434903047091,1.3905817174515234,7.307479224376731,,173.07915963728232,0.077562326869806,0.925207756232687,4.759002770083103,,1123.4260989963484,0.0,0.0,0.0,45305651.0
Arunachal Pradesh,ANJAW,1,138.59,138.59,0.0,0.0,0.0,545.29,545.29,0.0,0.0,0.0,1033.72,1033.72,0.0,0.0,0.0,557.0,557.0,0.0,0.0,0.0,482.68,482.68,0.0,0.0,0.0,21167.0
Arunachal Pradesh,BICHOM,1,83.75,83.75,0.0,0.0,0.0,176.22,176.22,0.0,0.0,0.0,689.96,689.96,0.0,0.0,0.0,187.85,187.85,0.0,0.0,0.0,121.91,121.91,0.0,0.0,0.0,
Arunachal Pradesh,CHANGLANG,1,32.5,32.5,0.0,0.0,100.0,443.77,443.77,0.0,0.0,0.0,921.35,921.35,0.0,0.0,0.0,455.0,455.0,0.0,0.0,0.0,370.3,370.3,0.0,0.0,0.0,148226.0
Arunachal Pradesh,DIBANG VALLEY,1,160.23,160.23,0.0,0.0,0.0,507.07,507.07,0.0,0.0,0.0,1017.15,1017.15,0.0,0.0,0.0,519.34,519.34,0.0,0.0,0.0,450.15,450.15,0.0,0.0,0.0,8004.0
Arunachal Pradesh,EAST KAMENG,1,88.14,88.14,0.0,0.0,0.0,201.6,201.6,0.0,0.0,0.0,717.86,717.86,0.0,0.0,0.0,213.79,213.79,0.0,0.0,0.0,144.23,144.23,0.0,0.0,0.0,78690.0
Arunachal Pradesh,EAST SIANG,1,64.16,64.16,0.0,0.0,0.0,418.24,418.24,0.0,0.0,0.0,922.08,922.08,0.0,0.0,0.0,430.34,430.34,0.0,0.0,0.0,362.72,362.72,0.0,0.0,0.0,99214.0
Arunachal Pradesh,KAMLE,1,80.04,80.04,0.0,0.0,0.0,290.84,290.84,0.0,0.0,0.0,801.94,801.94,0.0,0.0,0.0,303.09,303.09,0.0,0.0,0.0,234.16,234.16,0.0,0.0,0.0,
Arunachal Pradesh,KEYI PANYOR,1,95.25,95.25,0.0,0.0,0.0,244.05,244.05,0.0,0.0,0.0,756.46,756.46,0.0,0.0,0.0,256.31,256.31,0.0,0.0,0.0,187.19,187.19,0.0,0.0,0.0,
Arunachal Pradesh,KRA DAADI,1,121.03,121.03,0.0,0.0,0.0,281.55,281.55,0.0,0.0,0.0,797.08,797.08,0.0,0.0,0.0,293.83,293.83,0.0,0.0,0.0,224.02,224.02,0.0,0.0,0.0,
Arunachal Pradesh,KURUNG KUMEY,1,134.72,134.72,0.0,0.0,0.0,243.68,243.68,0.0,0.0,0.0,759.39,759.39,0.0,0.0,0.0,255.67,255.67,0.0,0.0,0.0,187.15,187.15,0.0,0.0,0.0,92076.0
Arunachal Pradesh,LEPA RADA,1,51.49,51.49,0.0,0.0,0.0,350.4,350.4,0.0,0.0,0.0,858.72,858.72,0.0,0.0,0.0,362.59,362.59,0.0,0.0,0.0,294.16,294.16,0.0,0.0,0.0,
Arunachal Pradesh,LOHIT,1,84.33,84.33,0.0,0.0,0.0,480.55,480.55,0.0,0.0,0.0,974.74,974.74,0.0,0.0,0.0,492.39,492.39,0.0,0.0,0.0,426.75,426.75,0.0,0.0,0.0,145726.0
Arunachal Pradesh,LONGDING,1,29.23,29.23,0.0,0.0,100.0,363.65,363.65,0.0,0.0,0.0,837.52,837.52,0.0,0.0,0.0,374.56,374.56,0.0,0.0,0.0,302.11,302.11,0.0,0.0,0.0,
Arunachal Pradesh,LOWER DIBANG VALLEY,1,88.68,88.68,0.0,0.0,0.0,465.22,465.22,0.0,0.0,0.0,966.93,966.93,0.0,0.0,0.0,477.28,477.28,0.0,0.0,0.0,409.95,409.95,0.0,0.0,0.0,54080.0
Arunachal Pradesh,LOWER SIANG,1,48.21,48.21,0.0,0.0,100.0,331.93,331.93,0.0,0.0,0.0,839.96,839.96,0.0,0.0,0.0,344.11,344.11,0.0,0.0,0.0,275.84,275.84,0.0,0.0,0.0,
Arunachal Pradesh,LOWER SUBANSIRI,1,93.7,93.7,0.0,0.0,0.0,262.63,262.63,0.0,0.0,0.0,774.03,774.03,0.0,0.0,0.0,274.88,274.88,0.0,0.0,0.0,205.97,205.97,0.0,0.0,0.0,83030.0
Arunachal Pradesh,NAMSAI,1,52.3,52.3,0.0,0.0,0.0,454.05,454.05,0.0,0.0,0.0,944.14,944.14,0.0,0.0,0.0,465.74,465.74,0.0,0.0,0.0,401.32,401.32,0.0,0.0,0.0,
Arunachal Pradesh,PAKKE KESSANG,1,58.37,58.37,0.0,0.0,0.0,178.68,178.68,0.0,0.0,0.0,691.87,691.87,0.0,0.0,0.0,190.95,190.95,0.0,0.0,0.0,121.9,121.9,0.0,0.0,0.0,
Arunachal Pradesh,PAPUMPARE,1,73.95,73.95,0.0,0.0,0.0,223.74,223.74,0.0,0.0,0.0,733.73,733.73,0.0,0.0,0.0,235.92,235.92,0.0,0.0,0.0,167.78,167.78,0.0,0.0,0.0,
Arunachal Pradesh,SHI YOMI,1,151.89,151.89,0.0,0.0,0.0,370.9,370.9,0.0,0.0,0.0,887.18,887.18,0.0,0.0,0.0,383.07,383.07,0.0,0.0,0.0,313.57,313.57,0.0,0.0,0.0,
Arunachal Pradesh,SIANG,1,109.93,109.93,0.0,0.0,0.0,395.39,395.39,0.0,0.0,0.0,908.85,908.85,0.0,0.0,0.0,407.69,407.69,0.0,0.0,0.0,338.06,338.06,0.0,0.0,0.0,
Arunachal Pradesh,TAWANG,1,101.44,101.44,0.0,0.0,0.0,162.73,162.73,0.0,0.0,0.0,658.69,658.69,0.0,0.0,0.0,172.15,172.15,0.0,0.0,0.0,122.38,122.38,0.0,0.0,0.0,49977.0
Arunachal Pradesh,TIRAP,1,25.85,25.85,0.0,0.0,100.0,384.39,384.39,0.0,0.0,0.0,861.04,861.04,0.0,0.0,0.0,395.47,395.47,0.0,0.0,0.0,323.16,323.16,0.0,0.0,0.0,111975.0
Arunachal Pradesh,UPPER SIANG,1,138.6,138.6,0.0,0.0,0.0,427.87,427.87,0.0,0.0,0.0,942.1,942.1,0.0,0.0,0.0,440.17,440.17,0.0,0.0,0.0,370.42,370.42,0.0,0.0,0.0,35320.0
Arunachal Pradesh,UPPER SUBANSIRI,1,112.89,112.89,0.0,0.0,0.0,325.09,325.09,0.0,0.0,0.0,840.56,840.56,0.0,0.0,0.0,337.37,337.37,0.0,0.0,0.0,267.55,267.55,0.0,0.0,0.0,83448.0
Arunachal Pradesh,WEST KAMENG,1,52.99,52.99,0.0,0.0,0.0,143.22,143.22,0.0,0.0,0.0,658.11,658.11,0.0,0.0,0.0,155.0,155.0,0.0,0.0,0.0,88.36,88.36,0.0,0.0,0.0,83947.0
Arunachal Pradesh,WEST SIANG,1,88.15,88.15,0.0,0.0,0.0,350.23,350.23,0.0,0.0,0.0,863.5,863.5,0.0,0.0,0.0,362.53,362.53,0.0,0.0,0.0,292.96,292.96,0.0,0.0,0.0,112274.0
Arunachal Pradesh,__STATE__,27,,79.7158166812188,0.0,0.0,14.814814814814811,,350.3521962483659,0.0,0.0,0.0,,851.6186168624715,0.0,0.0,0.0,,362.1233473608172,0.0,0.0,0.0,,292.2227294611955,0.0,0.0,0.0,1207154.0
Assam,BAJALI,1,3.29,3.29,100.0,100.0,100.0,63.18,63.18,0.0,0.0,0.0,515.23,515.23,0.0,0.0,0.0,61.63,61.63,0.0,0.0,0.0,91.95,91.95,0.0,0.0,0.0,
Assam,BAKSA,1,18.64,18.64,0.0,100.0,100.0,59.57,59.57,0.0,0.0,0.0,534.5,534.5,0.0,0.0,0.0,62.14,62.14,0.0,0.0,0.0,75.27,75.27,0.0,0.0,0.0,950075.0
Assam,BARPETA,1,15.34,15.34,0.0,100.0,100.0,63.78,63.78,0.0,0.0,0.0,494.89,494.89,0.0,0.0,0.0,58.34,58.34,0.0,0.0,0.0,103.84,103.84,0.0,0.0,0.0,1693622.0
Assam,BISWANATH,1,39.48,39.48,0.0,0.0,100.0,172.63,172.63,0.0,0.0,0.0,675.35,675.35,0.0,0.0,0.0,184.37,184.37,0.0,0.0,0.0,121.03,121.03,0.0,0.0,0.0,
Assam,BONGAIGAON,1,2.08,2.08,100.0,100.0,100.0,104.49,104.49,0.0,0.0,0.0,471.02,471.02,0.0,0.0,0.0,97.15,97.15,0.0,0.0,0.0,82.64,82.64,0.0,0.0,0.0,738804.0
Assam,CACHAR,1,12.19,12.19,0.0,100.0,100.0,194.67,194.67,0.0,0.0,0.0,514.61,514.61,0.0,0.0,0.0,194.41,194.41,0.0,0.0,0.0,44.98,44.98,0.0,0.0,100.0,1736617.0
Assam,CHARAIDEO,1,2.81,2.81,100.0,100.0,100.0,345.05,345.05,0.0,0.0,0.0,829.15,829.15,0.0,0.0,0.0,356.34,356.34,0.0,0.0,0.0,295.17,295.17,0.0,0.0,0.0,
Assam,CHIRANG,1,16.7,16.7,0.0,100.0,100.0,114.66,114.66,0.0,0.0,0.0,500.11,500.11,0.0,0.0,0.0,110.47,110.47,0.0,0.0,0.0,98.23,98.23,0.0,0.0,0.0,482162.0
Assam,DARANG,1,23.1,23.1,0.0,100.0,100.0,42.07,42.07,0.0,0.0,100.0,557.96,557.96,0.0,0.0,0.0,54.37,54.37,0.0,0.0,0.0,15.74,15.74,0.0,100.0,100.0,
Assam,DHEMAJI,1,23.0,23.0,0.0,100.0,100.0,330.62,330.62,0.0,0.0,0.0,833.17,833.17,0.0,0.0,0.0,342.63,342.63,0.0,0.0,0.0,275.94,275.94,0.0,0.0,0.0,686133.0
Assam,DHUBRI,1,3.17,3.17,100.0,100.0,100.0,166.81,166.81,0.0,0.0,0.0,417.8,417.8,0.0,0.0,0.0,157.24,157.24,0.0,0.0,0.0,15.13,15.13,0.0,100.0,100.0,1949258.0
Assam,DIBRUGARH,1,5.83,5.83,100.0,100.0,100.0,349.72,349.72,0.0,0.0,0.0,844.38,844.38,0.0,0.0,0.0,361.45,361.45,0.0,0.0,0.0,296.93,296.93,0.0,0.0,0.0,1326335.0
Assam,DIMA HASAO,1,5.74,5.74,100.0,100.0,100.0,161.4,161.4,0.0,0.0,0.0,565.73,565.73,0.0,0.0,0.0,165.58,165.58,0.0,0.0,0.0,97.67,97.67,0.0,0.0,0.0,214102.0
Assam,GOALPARA,1,8.63,8.63,100.0,100.0,100.0,107.1,107.1,0.0,0.0,0.0,441.94,441.94,0.0,0.0,0.0,97.05,97.05,0.0,0.0,0.0,72.72,72.72,0.0,0.0,0.0,1008183.0
Assam,GOLAGHAT,1,8.39,8.39,100.0,100.0,100.0,226.66,226.66,0.0,0.0,0.0,694.63,694.63,0.0,0.0,0.0,236.61,236.61,0.0,0.0,0.0,186.81,186.81,0.0,0.0,0.0,1066888.0
Assam,HAILAKANDI,1,6.14,6.14,100.0,100.0,100.0,204.44,204.44,0.0,0.0,0.0,480.32,480.32,0.0,0.0,0.0,201.98,201.98,0.0,0.0,0.0,30.42,30.42,0.0,0.0,100.0,659296.0
Assam,HOJAI,1,5.68,5.68,100.0,100.0,100.0,129.72,129.72,0.0,0.0,0.0,593.04,593.04,0.0,0.0,0.0,137.8,137.8,0.0,0.0,0.0,107.26,107.26,0.0,0.0,0.0,
Assam,JORHAT,1,3.72,3.72,100.0,100.0,100.0,258.71,258.71,0.0,0.0,0.0,739.14,739.14,0.0,0.0,0.0,269.55,269.55,0.0,0.0,0.0,212.45,212.45,0.0,0.0,0.0,1092256.0
Assam,KAMRUP METRO,1,5.43,5.43,100.0,100.0,100.0,18.43,18.43,0.0,100.0,100.0,524.89,524.89,0.0,0.0,0.0,27.44,27.44,0.0,0.0,100.0,50.38,50.38,0.0,0.0,0.0,
Assam,KAMRUP RURAL,1,11.5,11.5,0.0,100.0,100.0,37.27,37.27,0.0,0.0,100.0,488.71,488.71,0.0,0.0,0.0,27.7,27.7,0.0,0.0,100.0,90.33,90.33,0.0,0.0,0.0,
Assam,KARBI ANGLONG,1,25.6,25.6,0.0,0.0,100.0,174.28,174.28,0.0,0.0,0.0,637.36,637.36,0.0,0.0,0.0,183.29,183.29,0.0,0.0,0.0,142.29,142.29,0.0,0.0,0.0,956313.0
Assam,KOKRAJHAR,1,10.23,10.23,0.0,100.0,100.0,156.3,156.3,0.0,0.0,0.0,463.63,463.63,0.0,0.0,0.0,149.32,149.32,0.0,0.0,0.0,51.2,51.2,0.0,0.0,0.0,887142.0
Assam,LAKHIMPUR,1,42.56,42.56,0.0,0.0,100.0,267.59,267.59,0.0,0.0,0.0,767.37,767.37,0.0,0.0,0.0,279.4,279.4,0.0,0.0,0.0,214.51,214.51,0.0,0.0,0.0,1042137.0
Assam,MAJULI,1,19.19,19.19,0.0,100.0,100.0,265.15,265.15,0.0,0.0,0.0,757.82,757.82,0.0,0.0,0.0,276.63,276.63,0.0,0.0,0.0,214.49,214.49,0.0,0.0,0.0,
Assam,MARIGAON,1,12.9,12.9,0.0,100.0,100.0,61.19,61.19,0.0,0.0,0.0,565.94,565.94,0.0,0.0,0.0,72.16,72.16,0.0,0.0,0.0,33.92,33.92,0.0,0.0,100.0,
Assam,NAGAON,1,4.96,4.96,100.0,100.0,100.0,106.41,106.41,0.0,0.0,0.0,601.58,601.58,0.0,0.0,0.0,117.04,117.04,0.0,0.0,0.0,68.24,68.24,0.0,0.0,0.0,2823768.0
Assam,NALBARI,1,11.46,11.46,0.0,100.0,100.0,33.3,33.3,0.0,0.0,100.0,513.49,513.49,0.0,0.0,0.0,32.38,32.38,0.0,0.0,100.0,71.92,71.92,0.0,0.0,0.0,771639.0
Assam,SIBSAGAR,1,0.35,0.35,100.0,100.0,100.0,302.79,302.79,0.0,0.0,0.0,790.38,790.38,0.0,0.0,0.0,314.13,314.13,0.0,0.0,0.0,252.8,252.8,0.0,0.0,0.0,
Assam,SONITPUR,1,5.77,5.77,100.0,100.0,100.0,114.49,114.49,0.0,0.0,0.0,627.57,627.57,0.0,0.0,0.0,126.71,126.71,0.0,0.0,0.0,58.79,58.79,0.0,0.0,0.0,1924110.0
Assam,SOUTH SALMARA,1,41.27,41.27,0.0,0.0,100.0,182.38,182.38,0.0,0.0,0.0,371.89,371.89,0.0,0.0,0.0,171.09,171.09,0.0,0.0,0.0,24.23,24.23,0.0,100.0,100.0,
Assam,SRIBHUMI,1,2.99,2.99,100.0,100.0,100.0,186.59,186.59,0.0,0.0,0.0,460.89,460.89,0.0,0.0,0.0,182.93,182.93,0.0,0.0,0.0,16.05,16.05,0.0,100.0,100.0,
Assam,TAMULPUR,1,15.92,15.92,0.0,100.0,100.0,50.74,50.74,0.0,0.0,0.0,552.07,552.07,0.0,0.0,0.0,58.59,58.59,0.0,0.0,0.0,47.66,47.66,0.0,0.0,100.0,
Assam,TINSUKIA,1,14.79,14.79,0.0,100.0,100.0,409.26,409.26,0.0,0.0,0.0,901.8,901.8,0.0,0.0,0.0,420.99,420.99,0.0,0.0,0.0,356.36,356.36,0.0,0.0,0.0,1327929.0
Assam,UDALGURI,1,5.92,5.92,100.0,100.0,100.0,67.31,67.31,0.0,0.0,0.0,582.82,582.82,0.0,0.0,0.0,79.12,79.12,0.0,0.0,0.0,17.91,17.91,0.0,100.0,100.0,831668.0
Assam,WEST KARBI ANAGLONG,1,29.51,29.51,0.0,0.0,100.0,95.79,95.79,0.0,0.0,0.0,555.52,555.52,0.0,0.0,0.0,102.1,102.1,0.0,0.0,0.0,89.38,89.38,0.0,0.0,0.0,
Assam,__STATE__,35,,11.07053223011484,48.57142857142857,85.71428571428571,100.0,,173.07022362141166,0.0,2.857142857142857,11.428571428571429,,602.9260298951067,0.0,0.0,0.0,,177.00196026495215,0.0,0.0,8.571428571428571,,117.7844912221672,0.0,14.285714285714285,25.71428571428571,24168437.0
Bihar,Araria,734,11.805,12.73,41.00817438692098,94.55040871934604,100.0,113.585,115.22,0.0,0.0,0.0,405.92,407.62,0.0,0.0,0.0,240.07,237.86,0.0,0.0,0.0,31.5,29.99,7.220708446866484,37.73841961852861,97.95640326975476,2811569.0
Bihar,Arwal,315,21.6,21.35,0.0,79.36507936507937,100.0,63.4,64.57,0.0,0.0,0.9523809523809524,460.55,460.18,0.0,0.0,0.0,59.64,60.36,0.0,0.0,6.666666666666667,199.89,199.27,0.0,0.0,0.0,700843.0
Bihar,Aurangabad,1852,10.16,11.44,49.08207343412527,94.22246220302377,100.0,115.745,116.03,0.0,0.0,0.0,464.285,462.97,0.0,0.0,0.0,111.58,111.9,0.0,0.0,0.0,244.885,244.51,0.0,0.0,0.0,2540073.0
Bihar,Banka,2097,11.95,12.15,40.96328087744397,97.23414401525989,100.0,187.91,186.09,0.0,0.0,0.0,296.71,294.28,0.0,0.0,0.0,192.33,190.53,0.0,0.0,0.0,168.19,169.04,0.0,0.0,0.0,2034763.0
Bihar,Begusarai,1137,4.18,5.18,84.96042216358839,100.0,100.0,94.73,95.46,0.0,0.0,0.0,393.26,391.23,0.0,0.0,0.0,99.95,100.66,0.0,0.0,0.0,151.43,149.21,0.0,0.0,0.0,2970541.0
Bihar,Bhagalpur,1519,4.71,5.58,84.92429229756418,100.0,100.0,186.94,186.98,0.0,0.0,0.0,316.43,316.61,0.0,0.0,0.0,194.76,198.84,0.0,0.0,0.0,131.45,129.78,0.0,0.0,0.0,3037766.0
Bihar,Bhojpur,1194,6.555,7.1,74.28810720268007,100.0,100.0,65.375,63.73,0.0,0.0,17.839195979899497,493.33,494.75,0.0,0.0,0.0,60.1,58.46,0.0,0.0,28.05695142378559,167.625,168.52,0.0,0.0,0.0,2728407.0
Bihar,Buxar,1119,9.75,10.71,51.92135835567471,100.0,100.0,105.52,105.8,0.0,0.0,0.0,531.46,530.82,0.0,0.0,0.0,98.55,96.82,0.0,0.0,0.0,181.53,180.11,0.0,0.0,0.0,1706352.0
Bihar,Darbhanga,1247,7.2,7.71,68.56455493183641,100.0,100.0,102.77,103.96,0.0,0.0,0.0,452.9,449.15,0.0,0.0,0.0,107.58,108.93,0.0,0.0,0.0,124.69,121.73,0.0,0.0,0.0,3937385.0
Bihar,Gaya,2834,12.385000000000002,16.03,42.94283697953423,76.74664784756527,99.7529992942837,104.155,102.4,0.0,0.0,0.0,415.38,413.71,0.0,0.0,0.0,102.605,100.98,0.0,0.0,0.0,253.815,250.71,0.0,0.0,0.0,4391418.0
Bihar,Gopalganj,1525,5.9,7.0,74.09836065573771,100.0,100.0,128.42,124.39,0.0,0.0,0.0,587.43,582.78,0.0,0.0,0.0,125.79,121.85,0.0,0.0,0.0,79.9,81.43,0.0,0.0,0.0,2562012.0
Bihar,Jamui,1507,13.08,13.32,36.03185136031851,92.63437292634372,100.0,154.09,150.76,0.0,0.0,0.0,307.56,309.16,0.0,0.0,0.0,157.79,156.06,0.0,0.0,0.0,203.51,202.79,0.0,0.0,0.0,1760405.0
Bihar,Jehanabad,573,7.17,7.08,77.66143106457243,100.0,100.0,50.26,49.78,0.0,0.0,49.040139616055846,437.34,437.18,0.0,0.0,0.0,47.83,47.65,0.0,0.0,58.46422338568935,198.76,199.0,0.0,0.0,0.0,1125313.0
Bihar,Kaimur (Bhabua),1685,10.76,13.02,45.875370919881306,90.20771513353117,100.0,159.84,160.94,0.0,0.0,0.0,545.04,544.94,0.0,0.0,0.0,87.76,87.18,0.0,0.0,0.0,240.71,240.37,0.0,0.0,0.0,
Bihar,Katihar,1528,4.25,5.19,89.26701570680629,100.0,100.0,138.885,141.56,0.0,0.0,0.0,337.18,336.39,0.0,0.0,0.0,265.4,260.23,0.0,0.0,0.0,82.14,82.26,0.0,0.0,0.0,3071029.0
Bihar,Khagaria,285,5.42,6.49,82.80701754385966,100.0,100.0,149.19,144.74,0.0,0.0,0.0,362.77,362.79,0.0,0.0,0.0,154.32,149.98,0.0,0.0,0.0,120.01,118.22,0.0,0.0,0.0,1666886.0
Bihar,Kishanganj,769,14.0,15.12,40.442132639791936,78.54356306892068,100.0,71.45,69.17,0.0,0.0,15.474642392717817,408.03,407.27,0.0,0.0,0.0,286.5,289.22,0.0,0.0,0.0,66.41,66.85,0.0,0.0,15.084525357607282,1690400.0
Bihar,Lakhisarai,467,3.04,4.23,91.43468950749464,100.0,100.0,111.42,110.54,0.0,0.0,0.0,357.14,357.92,0.0,0.0,0.0,115.74,114.94,0.0,0.0,0.0,172.25,172.31,0.0,0.0,0.0,1000912.0
Bihar,Madhepura,429,10.39,10.42,47.55244755244755,100.0,100.0,171.69,170.51,0.0,0.0,0.0,383.54,381.39,0.0,0.0,0.0,183.01,182.65,0.0,0.0,0.0,72.13,72.11,0.0,0.0,12.12121212121212,2001762.0
Bihar,Madhubani,1090,6.645,7.88,70.45871559633028,100.0,100.0,135.68,136.09,0.0,0.0,0.0,466.61,467.4,0.0,0.0,0.0,140.63,140.85,0.0,0.0,0.0,103.58,100.87,0.0,0.0,0.0,4487379.0
Bihar,Munger,850,6.17,9.19,68.35294117647058,95.05882352941175,100.0,141.87,144.3,0.0,0.0,0.0,345.21500000000003,340.66,0.0,0.0,0.0,146.85,149.14,0.0,0.0,0.0,145.60500000000002,145.67,0.0,0.0,0.0,1367765.0
Bihar,Muzaffarpur,1737,8.26,9.47,56.82210708117444,100.0,100.0,65.32,65.54,0.0,0.0,12.607944732297064,491.52,491.57,0.0,0.0,0.0,67.93,68.12,0.0,0.0,9.096142774899253,105.27,105.31,0.0,0.0,0.0,4801062.0
Bihar,Nalanda,987,6.36,6.73,81.05369807497466,100.0,100.0,51.44,51.29,0.0,1.4184397163120568,45.99797365754812,410.94,410.89,0.0,0.0,0.0,53.84,53.67,0.0,0.60790273556231,40.52684903748733,197.58,198.19,0.0,0.0,0.0,2877653.0
Bihar,Nawada,1057,8.79,9.72,55.81835383159886,98.77010406811732,100.0,96.93,96.19,0.0,0.0,0.0,370.83,371.08,0.0,0.0,0.0,98.45,97.71,0.0,0.0,0.0,239.78,237.86,0.0,0.0,0.0,2219146.0
Bihar,Pashchim Champaran,1463,7.24,8.42,65.34518113465482,99.45317840054685,100.0,177.05,176.09,0.0,0.0,0.0,627.6,627.32,0.0,0.0,0.0,175.85,174.89,0.0,0.0,0.0,47.85,47.21,0.0,6.288448393711551,55.84415584415584,3935042.0
Bihar,Patna,1378,5.37,6.85,77.86647314949202,100.0,100.0,28.68,32.91,3.7735849056603774,40.9288824383164,80.98693759071118,452.1,446.2,0.0,0.0,0.0,26.735,32.06,7.6923076923076925,45.79100145137881,81.78519593613933,172.63,171.28,0.0,0.0,0.0,5838465.0
Bihar,Purba Champaran,1275,7.79,8.62,62.117647058823536,100.0,100.0,111.76,111.57,0.0,0.0,0.0,552.76,553.64,0.0,0.0,0.0,111.67,111.84,0.0,0.0,0.0,50.07,47.19,4.627450980392156,17.568627450980394,49.88235294117647,5099371.0
Bihar,Purnia,1227,9.28,9.51,53.62673186634067,100.0,100.0,128.88,133.14,0.0,0.0,0.0,368.37,367.63,0.0,0.0,0.0,247.4,238.68,0.0,0.0,0.0,67.96,68.59,0.0,0.0,3.015484922575387,3264619.0
Bihar,Rohtas,1980,9.805,10.52,51.06060606060606,99.19191919191918,100.0,123.16,122.83,0.0,0.0,0.0,509.28,508.18,0.0,0.0,0.0,109.32,108.64,0.0,0.0,0.0,220.29,223.28,0.0,0.0,0.0,2959918.0
Bihar,Saharsa,458,9.395,9.61,53.27510917030568,100.0,100.0,142.37,143.93,0.0,0.0,0.0,395.92,396.31,0.0,0.0,0.0,147.785,149.35,0.0,0.0,0.0,90.98,91.68,0.0,0.0,0.0,1900661.0
Bihar,Samastipur,1148,5.385,6.22,82.40418118466899,100.0,100.0,73.27000000000001,75.44,0.0,0.0,8.623693379790941,430.41,430.23,0.0,0.0,0.0,78.42,80.74,0.0,0.0,2.8745644599303137,145.69,146.09,0.0,0.0,0.0,4261566.0
Bihar,Saran,1740,5.125,6.01,83.79310344827586,100.0,100.0,47.82,47.2,0.5747126436781609,12.413793103448276,53.04597701149425,505.78,504.78,0.0,0.0,0.0,45.115,45.08,0.1724137931034483,13.85057471264368,57.81609195402299,119.735,118.64,0.0,0.0,0.0,3951862.0
Bihar,Sheikhpura,287,6.86,7.21,77.00348432055749,100.0,100.0,84.95,85.2,0.0,0.0,0.0,375.87,375.59,0.0,0.0,0.0,88.83,88.94,0.0,0.0,0.0,195.49,195.83,0.0,0.0,0.0,636342.0
Bihar,Sheohar,197,17.27,16.45,8.121827411167512,100.0,100.0,96.05,97.44,0.0,0.0,0.0,523.01,522.64,0.0,0.0,0.0,97.93,99.47,0.0,0.0,0.0,70.34,70.9,0.0,0.0,0.0,656246.0
Bihar,Sitamarhi,815,7.71,9.49,62.94478527607362,95.70552147239265,100.0,117.22,114.86,0.0,0.0,0.0,517.8,518.6,0.0,0.0,0.0,119.69,117.76,0.0,0.0,0.0,83.34,82.04,0.0,0.0,0.1226993865030675,3423574.0
Bihar,Siwan,1514,9.16,9.38,56.07661822985469,100.0,100.0,97.775,98.02,0.0,0.0,0.0,555.63,555.89,0.0,0.0,0.0,94.415,94.69,0.0,0.0,0.0,103.48,102.99,0.0,0.0,0.0,3330464.0
Bihar,Supaul,548,11.96,12.29,39.96350364963504,99.8175182481752,100.0,153.715,154.11,0.0,0.0,0.0,431.38,430.89,0.0,0.0,0.0,188.675,185.29,0.0,0.0,0.0,43.86,47.67,0.0,8.94160583941606,60.4014598540146,2229076.0
Bihar,Vaishali,1515,5.88,7.1,73.3993399339934,100.0,100.0,32.42,31.71,0.066006600660066,27.986798679867984,96.5016501650165,457.95,459.45,0.0,0.0,0.0,36.68,36.03,0.0,16.6996699669967,91.4191419141914,141.72,141.11,0.0,0.0,0.0,3495021.0
Bihar,__STATE__,44082,,8.933821134544347,61.45819155210744,96.63127807268272,99.98412050269953,,105.41630171939424,0.1429154757043691,2.7630325302844696,11.090694614581915,,449.6062889319367,0.0,0.0,0.0,,121.09140136196568,0.2472664579647021,2.565673063835579,10.888798148904314,,129.49694164382782,0.2540719568077673,1.456376752415952,6.145365455287872,102473068.0
Chandigarh,Chandigarh,35,5.04,5.35,94.28571428571428,100.0,100.0,25.93,25.9,0.0,37.142857142857146,100.0,1052.75,1052.96,0.0,0.0,0.0,215.1,215.25,0.0,0.0,0.0,208.53,209.25,0.0,0.0,0.0,1055450.0
Chandigarh,__STATE__,35,,5.35,94.28571428571428,100.0,100.0,,25.9,0.0,37.142857142857146,100.0,,1052.96,0.0,0.0,0.0,,215.25,0.0,0.0,0.0,,209.25,0.0,0.0,0.0,1055450.0
Chhattisgarh,Balod,766,11.505,11.96,41.90600522193211,96.73629242819844,100.0,70.71000000000001,71.69,0.0,0.0,10.835509138381202,396.665,395.74,0.0,0.0,0.0,222.07,222.01,0.0,0.0,0.0,761.665,761.89,0.0,0.0,0.0,
Chhattisgarh,Balodabazar-Bhatapara,755,27.44,25.92,21.456953642384104,46.35761589403973,95.89403973509934,71.67,73.68,0.0,0.0,9.536423841059603,440.51,439.77,0.0,0.0,0.0,324.89,325.48,0.0,0.0,0.0,641.77,641.56,0.0,0.0,0.0,
Chhattisgarh,Balrampur-Ramanujganj,751,47.57,46.71,0.0,6.125166444740346,57.78961384820239,184.31,184.18,0.0,0.0,0.0,452.55,455.56,0.0,0.0,0.0,218.37,217.4,0.0,0.0,0.0,396.25,396.68,0.0,0.0,0.0,
Chhattisgarh,Bastar,622,13.44,16.52,37.62057877813505,74.43729903536978,99.5176848874598,233.855,233.42,0.0,0.0,0.0,209.66,210.1,0.0,0.0,0.0,207.355,207.71,0.0,0.0,0.0,828.375,829.39,0.0,0.0,0.0,1413199.0
Chhattisgarh,Bemetara,699,35.97,34.43,1.2875536480686696,26.32331902718169,89.84263233190272,59.92,57.32,0.0,4.434907010014307,26.60944206008584,476.43,474.99,0.0,0.0,0.0,263.58,262.3,0.0,0.0,0.0,648.93,649.85,0.0,0.0,0.0,
Chhattisgarh,Bijapur,752,49.900000000000006,53.47,1.4627659574468086,11.835106382978724,50.13297872340425,258.685,257.71,0.0,0.0,0.0,282.82,285.2,0.0,0.0,0.0,265.495,265.16,0.0,0.0,0.0,940.345,938.72,0.0,0.0,0.0,255230.0
Chhattisgarh,Bilaspur,708,10.3,11.6,49.293785310734464,94.2090395480226,100.0,110.705,110.8,0.0,0.0,0.0,497.585,496.23,0.0,0.0,0.0,331.68,330.92,0.0,0.0,0.0,589.52,590.53,0.0,0.0,0.0,2663629.0
Chhattisgarh,Dakshin Bastar Dantewada,256,13.075,13.52,36.328125,94.140625,100.0,265.4,265.32,0.0,0.0,0.0,228.885,228.3,0.0,0.0,0.0,227.33,226.78,0.0,0.0,0.0,889.985,890.85,0.0,0.0,0.0,533638.0
Chhattisgarh,Dhamtari,685,18.07,27.5,29.489051094890517,60.72992700729927,77.37226277372264,67.88,72.8,0.0,0.0,23.79562043795621,359.71,352.12,0.0,0.0,0.0,280.79,281.19,0.0,0.0,0.0,755.71,753.78,0.0,0.0,0.0,799781.0
Chhattisgarh,Durg,394,13.27,14.51,36.04060913705584,86.80203045685279,100.0,33.89,32.74,0.7614213197969544,24.873096446700508,98.47715736040608,430.515,428.82,0.0,0.0,0.0,240.86,239.21,0.0,0.0,0.0,708.56,708.61,0.0,0.0,0.0,3343872.0
Chhattisgarh,Gariyaband,751,35.79,38.69,3.1957390146471374,25.03328894806924,72.70306258322236,94.19,106.53,0.0,0.0,6.125166444740346,333.07,320.28,0.0,0.0,0.0,304.87,296.37,0.0,0.0,0.0,724.46,725.49,0.0,0.0,0.0,
Chhattisgarh,Gaurela-Pendra-Marwahi,258,12.32,12.53,40.69767441860465,96.51162790697676,100.0,173.345,175.39,0.0,0.0,0.0,545.4549999999999,543.75,0.0,0.0,0.0,300.35,298.19,0.0,0.0,0.0,525.52,523.39,0.0,0.0,0.0,
Chhattisgarh,Janjgir-Champa,444,10.435,12.67,47.52252252252252,87.16216216216216,100.0,124.58,124.24,0.0,0.0,0.0,456.86,456.53,0.0,0.0,0.0,362.37,361.78,0.0,0.0,0.0,590.505,591.19,0.0,0.0,0.0,
Chhattisgarh,Jashpur,1102,70.35,69.73,0.0,0.0,3.539019963702359,154.8,154.64,0.0,0.0,0.0,368.705,372.59,0.0,0.0,0.0,306.77,302.76,0.0,0.0,0.0,460.88,465.09,0.0,0.0,0.0,851669.0
Chhattisgarh,Kabeerdham,1057,67.63,67.67,0.0,0.0,2.554399243140965,99.07,99.72,0.0,0.0,0.0,518.48,519.32,0.0,0.0,0.0,251.42,249.07,0.0,0.0,0.0,624.01,624.01,0.0,0.0,0.0,822526.0
Chhattisgarh,Khairagarh-Chhuikhadan-Gandai,527,37.11,37.39,0.0,21.82163187855788,77.60910815939279,74.37,75.44,0.0,0.0,0.7590132827324478,476.84,478.1,0.0,0.0,0.0,200.32,201.19,0.0,0.0,0.0,690.92,690.83,0.0,0.0,0.0,
Chhattisgarh,Kondagaon,618,72.535,71.01,0.0,0.0,10.032362459546926,160.075,161.95,0.0,0.0,0.0,279.595,280.3,0.0,0.0,0.0,271.09000000000003,269.64,0.0,0.0,0.0,816.065,816.21,0.0,0.0,0.0,
Chhattisgarh,Korba,808,21.81,21.67,22.8960396039604,58.53960396039604,99.75247524752476,164.51,165.8,0.0,0.0,0.0,474.3,473.86,0.0,0.0,0.0,330.385,326.91,0.0,0.0,0.0,544.125,541.12,0.0,0.0,0.0,1206640.0
Chhattisgarh,Korea,304,11.555,14.1,45.06578947368421,85.19736842105263,100.0,242.825,242.84,0.0,0.0,0.0,517.44,520.47,0.0,0.0,0.0,236.265,234.29,0.0,0.0,0.0,458.42,457.79,0.0,0.0,0.0,
Chhattisgarh,Mahasamund,1242,35.875,33.13,23.268921095008054,42.19001610305958,67.14975845410628,107.015,105.74,0.0,0.0,2.9790660225442838,389.065,388.82,0.0,0.0,0.0,328.795,327.07,0.0,0.0,0.0,655.085,654.47,0.0,0.0,0.0,1032754.0
Chhattisgarh,Manendragarh-Chirmiri-Bharatpur (MCB),396,24.83,24.15,20.707070707070702,50.252525252525245,100.0,247.355,246.1,0.0,0.0,0.0,570.5,568.94,0.0,0.0,0.0,231.81,231.66,0.0,0.0,0.0,455.56,455.59,0.0,0.0,0.0,
Chhattisgarh,Mohla-Manpur-Ambagarh Chouki,578,37.87,38.38,1.384083044982699,16.43598615916955,82.8719723183391,115.435,119.52,0.0,0.0,0.0,405.6,407.39,0.0,0.0,0.0,181.13,181.43,0.0,0.0,0.0,791.315,796.08,0.0,0.0,0.0,
Chhattisgarh,Mungeli,703,36.58,34.83,3.556187766714083,20.76813655761024,90.89615931721194,94.62,96.9,0.0,0.0,0.0,508.02,507.94,0.0,0.0,0.0,293.17,293.65,0.0,0.0,0.0,606.09,604.11,0.0,0.0,0.0,
Chhattisgarh,Narayanpur,444,76.725,72.92,0.0,0.0,13.513513513513514,185.775,190.62,0.0,0.0,0.0,294.93,297.51,0.0,0.0,0.0,269.14,264.83,0.0,0.0,0.0,867.4200000000001,868.78,0.0,0.0,0.0,139820.0
Chhattisgarh,Raigarh,1048,18.755000000000003,24.65,30.72519083969465,59.54198473282442,84.7328244274809,198.035,196.12,0.0,0.0,0.0,386.84,389.82,0.0,0.0,0.0,318.015,318.83,0.0,0.0,0.0,550.7950000000001,546.15,0.0,0.0,0.0,1493984.0
Chhattisgarh,Raipur,458,7.915,9.41,63.1004366812227,97.16157205240177,100.0,30.270000000000003,29.54,3.4934497816593884,32.751091703056765,98.0349344978166,419.72,418.92,0.0,0.0,0.0,286.705,285.85,0.0,0.0,0.0,683.49,686.25,0.0,0.0,0.0,4063872.0
Chhattisgarh,Rajnandgaon,731,13.5,15.29,38.98768809849521,77.70177838577291,100.0,85.88,85.07,0.0,0.0,3.556771545827633,443.61,443.85,0.0,0.0,0.0,181.99,182.39,0.0,0.0,0.0,742.39,741.77,0.0,0.0,0.0,1537133.0
Chhattisgarh,Sakti,471,13.24,14.42,37.79193205944799,87.68577494692144,100.0,155.97,155.27,0.0,0.0,0.0,418.81,416.12,0.0,0.0,0.0,342.26,340.53,0.0,0.0,0.0,583.74,583.14,0.0,0.0,0.0,
Chhattisgarh,Sarangarh-Bilaigarh,790,39.33,39.44,0.0,1.7721518987341771,92.53164556962024,155.60000000000002,152.24,0.0,0.0,0.0,393.98,396.55,0.0,0.0,0.0,313.335,315.84,0.0,0.0,0.0,601.365,601.17,0.0,0.0,0.0,
Chhattisgarh,Sukma,435,39.87,40.95,0.0,9.195402298850574,74.71264367816092,296.07,296.22,0.0,0.0,0.0,203.03,204.41,0.0,0.0,0.0,202.05,203.76,0.0,0.0,0.0,930.72,923.26,0.0,0.0,0.0,
Chhattisgarh,Surajpur,641,16.99,19.76,29.6411856474259,64.74258970358814,99.53198127925116,234.9,235.35,0.0,0.0,0.0,487.24,489.41,0.0,0.0,0.0,232.8,231.19,0.0,0.0,0.0,440.72,441.37,0.0,0.0,0.0,
Chhattisgarh,Surguja,635,27.62,28.37,11.023622047244094,43.46456692913386,90.07874015748033,211.1,210.22,0.0,0.0,0.0,443.12,440.98,0.0,0.0,0.0,270.66,272.27,0.0,0.0,0.0,465.35,464.77,0.0,0.0,0.0,2359886.0
Chhattisgarh,Uttar Bastar Kanker,1184,49.745000000000005,52.44,0.0,4.898648648648648,50.25337837837838,127.64,129.75,0.0,0.0,0.0,350.07000000000005,349.43,0.0,0.0,0.0,238.345,237.08,0.0,0.0,0.0,822.675,822.73,0.0,0.0,0.0,748941.0
Chhattisgarh,__STATE__,22013,,23.0382217648374,17.821287421069368,41.0075864262027,73.35665288693045,,115.4782795911422,0.086312633443874,1.267432880570572,6.605187843546995,,410.7909383530209,0.0,0.0,0.0,,273.30522999432577,0.0,0.0,0.0,,655.4476646793809,0.0,0.0,0.0,23266574.0
Dadra and Nagar Haveli and Daman and Diu,DADRA AND NAGAR HAVELI,60,22.26,21.9,13.333333333333334,58.333333333333336,100.0,78.03999999999999,77.0,0.0,0.0,0.0,111.05,109.31,0.0,0.0,0.0,109.32,106.59,0.0,0.0,0.0,1199.62,1198.75,0.0,0.0,0.0,343709.0
Dadra and Nagar Haveli and Daman and Diu,DAMAN,24,6.800000000000001,6.66,100.0,100.0,100.0,77.225,76.55,0.0,0.0,0.0,79.04499999999999,78.13,0.0,0.0,0.0,78.525,77.73,0.0,0.0,0.0,1177.89,1177.1,0.0,0.0,0.0,191173.0
Dadra and Nagar Haveli and Daman and Diu,DIU,7,11.33,12.76,14.285714285714285,100.0,100.0,171.8,171.58,0.0,0.0,0.0,64.1,59.64,0.0,0.0,42.85714285714285,185.29,180.85,0.0,0.0,0.0,1185.0,1182.07,0.0,0.0,0.0,52074.0
Dadra and Nagar Haveli and Daman and Diu,__STATE__,91,,16.125405515916015,36.26373626373626,72.52747252747253,100.0,,85.2444528550692,0.0,0.0,0.0,,94.7479379033522,0.0,0.0,3.296703296703297,,103.77848169198371,0.0,0.0,0.0,,1190.2187135492268,0.0,0.0,0.0,586956.0
Delhi,CENTRAL,19,3.34,3.7,100.0,100.0,100.0,7.22,7.38,84.21052631578947,100.0,100.0,892.45,890.85,0.0,0.0,0.0,21.55,19.95,0.0,89.47368421052632,100.0,360.73,361.24,0.0,0.0,0.0,582320.0
Delhi,EAST,16,3.435,3.43,100.0,100.0,100.0,2.915,2.63,100.0,100.0,100.0,886.775,887.22,0.0,0.0,0.0,20.22,20.5,0.0,100.0,100.0,374.1,373.89,0.0,0.0,0.0,1709346.0
Delhi,NEW DELHI,22,1.58,2.18,100.0,100.0,100.0,14.704999999999998,14.76,9.090909090909092,100.0,100.0,873.04,873.66,0.0,0.0,0.0,5.08,5.48,95.45454545454544,100.0,100.0,367.9450000000001,367.18,0.0,0.0,0.0,142004.0
Delhi,NORTH,70,3.59,4.57,95.71428571428572,100.0,100.0,15.05,16.55,10.0,90.0,100.0,894.27,894.48,0.0,0.0,0.0,27.57,26.74,0.0,34.285714285714285,100.0,348.83500000000004,348.41,0.0,0.0,0.0,887978.0
Delhi,NORTH EAST,22,4.085,4.66,100.0,100.0,100.0,4.98,5.0,100.0,100.0,100.0,894.165,894.34,0.0,0.0,0.0,23.4,23.52,0.0,77.27272727272727,100.0,364.12,362.97,0.0,0.0,0.0,2241624.0
Delhi,NORTH WEST,37,3.07,3.93,94.5945945945946,100.0,100.0,23.22,22.6,0.0,56.75675675675676,100.0,884.52,884.13,0.0,0.0,0.0,18.02,19.63,0.0,86.48648648648648,100.0,349.31,349.47,0.0,0.0,0.0,3656539.0
Delhi,SHAHADARA,11,1.9,1.69,100.0,100.0,100.0,5.96,5.93,100.0,100.0,100.0,891.96,892.2,0.0,0.0,0.0,22.53,22.52,0.0,81.81818181818183,100.0,367.92,368.34,0.0,0.0,0.0,
Delhi,SOUTH,44,5.96,6.3,88.63636363636364,100.0,100.0,8.94,9.0,70.45454545454545,100.0,100.0,873.7,872.28,0.0,0.0,0.0,11.075,11.34,31.818181818181817,100.0,100.0,375.135,376.07,0.0,0.0,0.0,2731929.0
Delhi,SOUTH EAST,27,1.73,1.92,100.0,100.0,100.0,4.4,4.31,100.0,100.0,100.0,879.03,879.38,0.0,0.0,0.0,17.72,17.52,0.0,100.0,100.0,376.08,376.02,0.0,0.0,0.0,
Delhi,SOUTH WEST,70,7.905,7.2,75.71428571428571,100.0,100.0,16.365000000000002,16.06,4.285714285714286,100.0,100.0,866.3599999999999,866.3,0.0,0.0,0.0,13.535,13.09,31.428571428571427,100.0,100.0,357.235,357.23,0.0,0.0,0.0,2292958.0
Delhi,WEST,31,3.18,3.22,100.0,100.0,100.0,20.31,20.29,0.0,83.87096774193549,100.0,878.17,878.37,0.0,0.0,0.0,11.53,11.56,32.25806451612903,100.0,100.0,356.76,356.46,0.0,0.0,0.0,2543243.0
Delhi,__STATE__,369,,4.712378238045988,92.6829268292683,100.0,100.0,,13.845991290414949,36.58536585365854,92.4119241192412,100.0,,881.2636545398867,0.0,0.0,0.0,,17.04063838739962,18.15718157181572,83.73983739837398,100.0,,360.7085210270872,0.0,0.0,0.0,16787941.0
Goa,NORTH GOA,220,10.425,12.49,49.09090909090909,93.63636363636364,100.0,304.18,304.0,0.0,0.0,0.0,29.130000000000003,28.27,5.454545454545454,40.0,97.72727272727272,302.38,302.54,0.0,0.0,0.0,1574.81,1574.96,0.0,0.0,0.0,818008.0
Goa,SOUTH GOA,213,5.85,6.53,80.75117370892019,100.0,100.0,272.75,273.28,0.0,0.0,0.0,32.27,32.38,11.737089201877934,34.74178403755869,85.91549295774648,269.96,270.4,0.0,0.0,0.0,1602.0,1601.36,0.0,0.0,0.0,640537.0
Goa,__STATE__,433,,9.87259668368134,64.66512702078522,96.76674364896074,100.0,,290.5089547185723,0.0,0.0,0.0,,30.07495430034726,8.545034642032332,37.41339491916859,91.91685912240185,,288.42534520361045,0.0,0.0,0.0,,1586.553867038727,0.0,0.0,0.0,1458545.0
Gujarat,AHMADABAD,581,5.86,7.77,71.77280550774526,96.72977624784856,100.0,47.63,47.95,6.884681583476763,23.407917383821,55.07745266781411,136.16,133.25,0.0,0.0,0.1721170395869191,50.65,50.23,6.712564543889846,21.85886402753873,49.05335628227194,914.7,922.53,0.0,0.0,0.0,7214225.0
Gujarat,AMRELI,696,8.0,9.97,59.05172413793104,97.70114942528735,100.0,106.17,108.86,0.0,0.0,0.0,64.14,60.62,3.160919540229885,16.954022988505745,36.92528735632184,156.5,157.07,0.0,0.0,0.0,1106.11,1106.7,0.0,0.0,0.0,1514190.0
Gujarat,ANAND,438,6.145,9.15,64.84018264840182,94.29223744292236,100.0,72.37,73.27,0.0,0.0,0.0,88.66,90.28,0.0,0.0,0.0,70.86500000000001,71.97,0.0,0.0,0.0,956.89,956.01,0.0,0.0,0.0,2092745.0
Gujarat,ARVALLI,729,10.66,11.92,47.05075445816186,93.82716049382717,100.0,92.81,89.0,0.0,0.0,1.7832647462277091,210.59,209.06,0.0,0.0,0.0,89.21,85.43,0.0,0.0,3.155006858710562,840.51,840.69,0.0,0.0,0.0,
Gujarat,BANAS KANTHA,1274,13.05,15.55,39.010989010989015,84.30141287284144,97.25274725274726,137.70499999999998,141.61,0.0,0.0,0.0,239.1,232.99,0.0,0.0,0.0,138.99,143.29,0.0,0.0,0.0,781.9449999999999,784.37,0.0,0.0,0.0,3120506.0
Gujarat,BHARUCH,715,12.23,13.15,39.16083916083916,92.5874125874126,100.0,75.06,75.21,0.0,0.0,7.552447552447552,51.28,54.79,0.6993006993006993,6.293706293706294,45.59440559440559,80.14,78.74,0.0,0.0,6.153846153846154,1032.43,1029.74,0.0,0.0,0.0,1551019.0
Gujarat,BHAVNAGAR,756,13.64,14.42,37.3015873015873,84.52380952380952,100.0,111.385,108.52,0.0,0.0,0.0,56.785,54.54,0.0,5.952380952380952,35.18518518518518,102.855,101.72,0.0,0.0,0.0,1076.68,1076.99,0.0,0.0,0.0,2880365.0
Gujarat,BOTAD,212,7.66,8.9,64.15094339622641,100.0,100.0,91.565,92.33,0.0,0.0,0.0,98.895,98.14,0.0,0.0,0.0,139.07,137.64,0.0,0.0,0.0,1016.93,1020.72,0.0,0.0,0.0,
Gujarat,CHHOTAUDEPUR,904,15.455,17.04,32.30088495575221,74.88938053097345,100.0,144.85000000000002,145.96,0.0,0.0,0.0,145.32999999999998,145.44,0.0,0.0,0.0,149.16500000000002,150.21,0.0,0.0,0.0,975.475,972.46,0.0,0.0,0.0,
Gujarat,DAHOD,718,16.945,17.67,32.45125348189415,74.65181058495823,99.86072423398328,145.94,145.76,0.0,0.0,0.0,205.615,204.74,0.0,0.0,0.0,145.47500000000002,145.81,0.0,0.0,0.0,896.85,895.6,0.0,0.0,0.0,
Gujarat,DANGS,311,24.54,23.38,10.289389067524116,51.446945337620576,100.0,81.07,81.96,0.0,0.0,0.0,116.49,114.45,0.0,0.0,0.0,108.07,106.11,0.0,0.0,0.0,1111.43,1110.58,0.0,0.0,0.0,
Gujarat,DEVBHUMI DW>RKA,1,11.31,11.31,0.0,100.0,100.0,122.13,122.13,0.0,0.0,0.0,73.05,73.05,0.0,0.0,0.0,355.92,355.92,0.0,0.0,0.0,1084.94,1084.94,0.0,0.0,0.0,
Gujarat,DEVBHUMI DWARKA,300,8.67,9.5,57.99999999999999,98.33333333333331,100.0,121.22,121.45,0.0,0.0,0.0,87.62,86.5,0.0,0.0,1.3333333333333337,326.34000000000003,333.07,0.0,0.0,0.0,1099.6799999999998,1098.5,0.0,0.0,0.0,
Gujarat,DEVBHUMI DWARKAl,32,16.7,17.29,18.75,90.625,100.0,119.465,114.99,0.0,0.0,0.0,70.675,66.99,0.0,0.0,6.25,351.94500000000005,346.54,0.0,0.0,0.0,1084.0549999999998,1080.62,0.0,0.0,0.0,
Gujarat,GANDHINAGAR,302,7.84,8.9,62.251655629139066,100.0,100.0,29.315,29.02,1.3245033112582782,37.41721854304636,98.67549668874172,168.05,169.88,0.0,0.0,0.0,27.29,27.81,2.3178807947019866,43.377483443708606,99.00662251655628,876.6949999999999,875.08,0.0,0.0,0.0,1391753.0
Gujarat,GIR SOMNATH,386,6.3100000000000005,7.09,76.16580310880829,100.0,100.0,155.35000000000002,154.58,0.0,0.0,0.0,86.72,83.0,0.0,0.0,12.694300518134716,208.815,205.18,0.0,0.0,0.0,1174.465,1173.91,0.0,0.0,0.0,
Gujarat,JAMNAGAR,483,11.74,13.45,43.89233954451346,85.09316770186336,100.0,62.18,62.89,0.0,0.0,29.81366459627329,71.47,73.56,0.0,0.0,15.734989648033126,263.13,260.52,0.0,0.0,0.0,1052.38,1051.21,0.0,0.0,0.0,2160119.0
Gujarat,JUNAGADH,583,9.11,10.68,55.06003430531733,94.68267581475128,100.0,111.37,112.81,0.0,0.0,0.0,129.25,127.34,0.0,0.0,0.0,243.51,242.6,0.0,0.0,0.0,1136.04,1138.79,0.0,0.0,0.0,2743082.0
Gujarat,KACHCHH,990,35.135,40.69,20.707070707070702,39.8989898989899,66.06060606060606,78.315,80.18,2.727272727272727,8.484848484848486,26.86868686868687,59.52,64.47,3.636363636363636,14.444444444444445,40.2020202020202,311.55499999999995,306.68,0.0,0.0,0.0,986.94,980.85,0.0,0.0,0.0,2092371.0
Gujarat,KHEDA,598,6.67,7.72,69.7324414715719,99.83277591973244,100.0,49.125,50.0,0.0,0.5016722408026756,52.675585284280935,130.95499999999998,131.99,0.0,0.0,0.0,46.585,47.18,0.0,2.0066889632107023,61.03678929765886,916.17,914.16,0.0,0.0,0.0,2299885.0
Gujarat,MAHESANA,674,10.475,13.01,48.81305637982196,84.56973293768546,100.0,64.985,65.75,0.0,1.1869436201780417,25.51928783382789,208.04,209.3,0.0,0.0,0.0,66.225,66.84,0.0,0.0,24.33234421364985,840.405,840.27,0.0,0.0,0.0,2035064.0
Gujarat,MAHISAGAR,744,36.735,36.21,0.0,15.053763440860216,93.27956989247312,111.325,109.98,0.0,0.0,0.0,200.315,198.14,0.0,0.0,0.0,107.2,105.89,0.0,0.0,0.0,867.71,867.47,0.0,0.0,0.0,
Gujarat,MORBI,375,7.22,8.21,66.93333333333334,99.46666666666668,100.0,25.21,25.11,10.4,49.06666666666666,98.66666666666669,76.99,75.53,0.0,0.0,10.666666666666668,177.29,177.02,0.0,0.0,0.0,974.75,972.94,0.0,0.0,0.0,
Gujarat,NARMADA,678,26.975,26.47,6.1946902654867255,43.80530973451327,100.0,103.865,105.12,0.0,0.0,0.0,114.635,113.63,0.0,0.0,0.0,114.77,115.71,0.0,0.0,0.0,1024.78,1024.05,0.0,0.0,0.0,590297.0
Gujarat,NAVSARI,404,10.18,11.72,48.76237623762376,92.32673267326732,100.0,37.135000000000005,38.9,2.4752475247524752,27.22772277227723,67.32673267326733,49.88,53.98,0.0,5.198019801980198,50.0,44.325,47.66,0.7425742574257426,12.871287128712872,58.415841584158414,1129.005,1128.4,0.0,0.0,0.0,1329672.0
Gujarat,PANCH MAHALS,643,12.12,12.45,42.92379471228615,96.42301710730948,100.0,116.54,115.46,0.0,0.0,0.0,149.32,152.86,0.0,0.0,0.0,112.71,111.73,0.0,0.0,0.0,925.97,924.07,0.0,0.0,0.0,2390776.0
Gujarat,PATAN,554,9.44,10.97,53.79061371841155,94.7653429602888,100.0,102.785,103.45,0.0,0.0,0.0,193.7,188.45,0.0,0.0,0.0,105.35,110.7,0.0,0.0,0.0,840.045,838.09,0.0,0.0,0.0,1343734.0
Gujarat,PORBANDAR,185,16.74,16.2,29.18918918918919,81.08108108108108,100.0,127.45,125.69,0.0,0.0,0.0,130.33,130.16,0.0,0.0,0.0,304.06,306.61,0.0,0.0,0.0,1129.79,1131.6,0.0,0.0,0.0,585449.0
Gujarat,RAJKOT,677,10.76,13.13,47.41506646971935,85.96750369276218,100.0,44.31,44.16,5.760709010339734,26.292466765140325,57.60709010339734,120.37,116.27,0.0,0.0,0.0,215.24,215.1,0.0,0.0,0.0,1052.19,1056.8,0.0,0.0,0.0,3804558.0
Gujarat,SABAR KANTHA,768,8.02,10.12,59.375,92.83854166666666,100.0,89.86,91.72,0.0,0.0,9.244791666666668,233.71,233.22,0.0,0.0,0.0,88.05000000000001,89.62,0.0,0.0,11.848958333333332,809.97,810.59,0.0,0.0,0.0,2428589.0
Gujarat,SURAT,758,9.605,10.42,52.242744063324544,96.43799472295514,100.0,32.980000000000004,35.4,6.860158311345646,30.343007915567284,79.55145118733509,51.055,52.59,1.1873350923482848,8.970976253298153,47.62532981530343,42.69,44.6,1.7150395778364116,17.810026385224276,63.3245382585752,1080.465,1082.01,0.0,0.0,0.0,6081322.0
Gujarat,SURENDRANAGAR,628,10.595,12.78,47.92993630573248,87.73885350318471,100.0,69.9,67.19,0.0,0.3184713375796179,24.363057324840764,127.985,130.37,0.0,0.0,0.0,116.03,119.11,0.0,0.0,0.0,964.85,960.58,0.0,0.0,0.0,1756268.0
Gujarat,TAPI,521,12.13,11.95,41.074856046065264,98.84836852207292,100.0,68.06,77.03,0.0,0.0,14.39539347408829,91.17,100.03,0.0,0.0,0.0,81.99,90.79,0.0,0.0,0.5758157389635317,1090.12,1081.44,0.0,0.0,0.0,807022.0
Gujarat,VADODARA,702,6.98,7.47,70.08547008547008,100.0,100.0,105.735,105.18,0.0,0.0,0.0,97.015,96.34,0.0,0.0,0.0,105.815,105.28,0.0,0.0,0.0,977.23,973.14,0.0,0.0,0.0,4165626.0
Gujarat,VALSAD,504,16.495,18.53,41.46825396825397,63.888888888888886,99.20634920634922,69.755,69.85,0.0,0.0,5.158730158730158,88.66,87.89,0.0,0.0,0.3968253968253968,85.99000000000001,84.79,0.0,0.0,1.5873015873015872,1168.935,1170.24,0.0,0.0,0.0,1705678.0
Gujarat,__STATE__,19824,,12.374606706819216,44.693301049233256,82.74313962873285,97.85108958837772,,75.46558281956152,1.064366424535916,5.286521388216303,17.86723163841808,,117.81823926218291,0.3631961259079903,2.2195318805488298,10.008071025020175,,114.76688672578818,0.3127522195318805,2.3052865213882163,10.07869249394673,,985.421801885931,0.0,0.0,0.0,58084315.0
Haryana,AMBALA,487,11.65,12.88,45.17453798767967,88.50102669404517,100.0,71.5,71.75,0.0,0.0,0.0,1029.14,1030.01,0.0,0.0,0.0,194.61,195.46,0.0,0.0,0.0,239.62,236.87,0.0,0.0,0.0,1128350.0
Haryana,BHIWANI,270,9.455,10.86,52.22222222222223,98.88888888888889,100.0,99.025,99.93,0.0,0.0,0.0,829.0899999999999,830.69,0.0,0.0,0.0,122.345,120.43,0.0,0.0,0.0,287.62,286.59,0.0,0.0,0.0,1634445.0
Haryana,CHARKI DADRI,172,11.165,11.11,42.44186046511628,100.0,100.0,68.96,68.91,0.0,0.0,0.5813953488372093,825.895,827.74,0.0,0.0,0.0,90.975,92.32,0.0,0.0,0.0,313.21500000000003,313.92,0.0,0.0,0.0,
Haryana,FARIDABAD,189,7.57,8.01,64.55026455026454,100.0,100.0,10.0,9.96,50.264550264550266,100.0,100.0,867.09,866.52,0.0,0.0,0.0,33.85,33.96,0.0,13.756613756613756,99.47089947089948,370.45,371.5,0.0,0.0,0.0,1809733.0
Haryana,FATEHABAD,244,14.49,14.12,37.29508196721312,88.11475409836066,100.0,140.38,143.23,0.0,0.0,0.0,892.97,889.36,0.0,0.0,0.0,184.13,184.19,0.0,0.0,0.0,189.89,190.14,0.0,0.0,0.0,942011.0
Haryana,GURUGRAM,287,6.66,8.26,66.55052264808361,100.0,100.0,16.21,15.85,22.99651567944251,90.59233449477352,100.0,845.26,844.05,0.0,0.0,0.0,31.57,30.41,3.8327526132404177,32.05574912891986,98.9547038327526,371.46,372.93,0.0,0.0,0.0,
Haryana,HISAR,267,8.92,9.36,58.05243445692884,100.0,100.0,135.8,136.63,0.0,0.0,0.0,869.62,868.08,0.0,0.0,0.0,141.84,142.06,0.0,0.0,0.0,239.73,239.04,0.0,0.0,0.0,1743931.0
Haryana,JHAJJAR,263,11.3,11.35,43.346007604562736,100.0,100.0,35.33,35.4,0.0,18.250950570342205,91.25475285171105,852.16,852.49,0.0,0.0,0.0,44.77,44.91,0.0,6.844106463878327,61.59695817490495,338.21,337.47,0.0,0.0,0.0,958405.0
Haryana,JIND,305,5.34,6.25,83.60655737704919,100.0,100.0,111.59,113.94,0.0,0.0,0.0,914.96,914.99,0.0,0.0,0.0,113.84,119.98,0.0,0.0,0.0,253.06,247.46,0.0,0.0,0.0,1334152.0
Haryana,KAITHAL,278,14.245,14.58,35.61151079136691,85.25179856115108,100.0,121.02,118.59,0.0,0.0,0.0,958.015,957.06,0.0,0.0,0.0,154.735,157.44,0.0,0.0,0.0,217.88,218.7,0.0,0.0,0.0,1074304.0
Haryana,KARNAL,430,10.57,11.19,46.51162790697674,99.06976744186046,100.0,113.415,110.24,0.0,0.0,0.0,976.62,975.31,0.0,0.0,0.0,130.38,129.92,0.0,0.0,0.0,269.195,269.02,0.0,0.0,0.0,1505324.0
Haryana,KURUKSHETRA,418,8.435,9.33,58.133971291866025,99.76076555023924,100.0,101.82,100.78,0.0,0.0,0.0,1000.705,999.03,0.0,0.0,0.0,165.405,165.7,0.0,0.0,0.0,241.145,240.65,0.0,0.0,0.0,964655.0
Haryana,MAHENDRAGARH,360,6.415,7.24,78.05555555555556,100.0,100.0,47.47,47.14,0.0,0.8333333333333334,62.5,786.5450000000001,785.26,0.0,0.0,0.0,104.58,103.72,0.0,0.0,0.0,356.405,356.22,0.0,0.0,0.0,922088.0
Haryana,NUH,441,25.28,25.26,0.90702947845805,48.29931972789115,100.0,43.53,40.79,0.0,14.058956916099774,72.78911564625851,816.92,817.67,0.0,0.0,0.0,65.42,61.98,0.0,0.0,33.10657596371882,397.58,398.46,0.0,0.0,0.0,
Haryana,PALWAL,281,9.53,9.71,53.02491103202846,100.0,100.0,28.93,29.74,1.0676156583629894,35.94306049822064,97.86476868327402,840.45,840.28,0.0,0.0,0.0,55.44,56.42,0.0,0.0,27.046263345195733,378.36,377.09,0.0,0.0,0.0,1042708.0
Haryana,PANCHKULA,243,8.0,9.5,58.0246913580247,98.76543209876544,100.0,29.65,32.01,3.7037037037037033,35.80246913580247,90.94650205761316,1064.23,1062.2,0.0,0.0,0.0,222.94,222.92,0.0,0.0,0.0,225.89,226.09,0.0,0.0,0.0,561293.0
Haryana,PANIPAT,195,5.02,6.01,83.07692307692308,100.0,100.0,72.52,72.21,0.0,0.0,1.0256410256410255,938.94,938.53,0.0,0.0,0.0,88.34,87.47,0.0,0.0,0.0,296.03,295.68,0.0,0.0,0.0,1205437.0
Haryana,REWARI,403,4.48,5.13,92.55583126550869,100.0,100.0,18.03,19.05,23.325062034739457,71.46401985111662,100.0,814.06,813.16,0.0,0.0,0.0,64.78,64.48,0.0,0.0,5.459057071960298,368.46,366.91,0.0,0.0,0.0,900332.0
Haryana,ROHTAK,145,5.39,6.27,82.06896551724138,100.0,100.0,63.41,63.81,0.0,0.0,15.172413793103448,878.75,878.03,0.0,0.0,0.0,65.38,65.22,0.0,0.0,17.24137931034483,304.73,304.35,0.0,0.0,0.0,1061204.0
Haryana,SIRSA,327,10.18,10.88,49.235474006116206,99.69418960244649,100.0,167.0,167.02,0.0,0.0,0.0,851.82,851.26,0.0,0.0,0.0,218.41,219.06,0.0,0.0,0.0,168.38,167.37,0.0,0.0,0.0,1295189.0
Haryana,SONIPAT,344,7.1850000000000005,7.51,70.93023255813954,100.0,100.0,44.27,46.67,0.0,7.267441860465117,61.04651162790697,908.135,908.24,0.0,0.0,0.0,55.89,56.29,0.0,0.0,38.66279069767442,319.415,316.88,0.0,0.0,0.0,1450001.0
Haryana,YAMUNANAGAR,655,15.34,16.04,35.26717557251908,75.41984732824427,100.0,94.17,93.49,0.0,0.0,0.0,1040.26,1038.95,0.0,0.0,0.0,184.51,184.16,0.0,0.0,0.0,271.71,271.86,0.0,0.0,0.0,1214205.0
Haryana,__STATE__,7004,,9.76953532318139,53.81210736721873,92.4757281553398,100.0,,82.37664803187056,3.812107367218732,15.177041690462593,34.20902341519132,,906.0333840728192,0.0,0.0,0.0,,119.9682676620523,0.1570531125071387,1.9417475728155336,14.79154768703598,,281.0947238412456,0.0,0.0,0.0,22747767.0
Himachal Pradesh,BILASPUR,1,23.13,23.13,0.0,100.0,100.0,50.75,50.75,0.0,0.0,0.0,1104.52,1104.52,0.0,0.0,0.0,176.22,176.22,0.0,0.0,0.0,165.86,165.86,0.0,0.0,0.0,381956.0
Himachal Pradesh,CHAMBA,1,53.51,53.51,0.0,0.0,0.0,198.74,198.74,0.0,0.0,0.0,1199.29,1199.29,0.0,0.0,0.0,166.98,166.98,0.0,0.0,0.0,133.23,133.23,0.0,0.0,0.0,519080.0
Himachal Pradesh,HAM|RPUR,1,31.51,31.51,0.0,0.0,100.0,79.75,79.75,0.0,0.0,0.0,1121.68,1121.68,0.0,0.0,0.0,163.66,163.66,0.0,0.0,0.0,148.28,148.28,0.0,0.0,0.0,
Himachal Pradesh,KANGRA,1,3.11,3.11,100.0,100.0,100.0,130.65,130.65,0.0,0.0,0.0,1147.87,1147.87,0.0,0.0,0.0,146.4,146.4,0.0,0.0,0.0,121.66,121.66,0.0,0.0,0.0,1510075.0
Himachal Pradesh,KINNAUR,1,122.58,122.58,0.0,0.0,0.0,160.8,160.8,0.0,0.0,0.0,1216.59,1216.59,0.0,0.0,0.0,332.03,332.03,0.0,0.0,0.0,314.87,314.87,0.0,0.0,0.0,84121.0
Himachal Pradesh,KULLU,1,63.08,63.08,0.0,0.0,0.0,118.28,118.28,0.0,0.0,0.0,1191.61,1191.61,0.0,0.0,0.0,249.36,249.36,0.0,0.0,0.0,229.22,229.22,0.0,0.0,0.0,437903.0
Himachal Pradesh,LAHUL & SPITI,1,93.14,93.14,0.0,0.0,0.0,184.86,184.86,0.0,0.0,0.0,1253.91,1253.91,0.0,0.0,0.0,274.51,274.51,0.0,0.0,0.0,247.37,247.37,0.0,0.0,0.0,
Himachal Pradesh,MANDI,1,42.2,42.2,0.0,0.0,100.0,78.86,78.86,0.0,0.0,0.0,1147.17,1147.17,0.0,0.0,0.0,207.79,207.79,0.0,0.0,0.0,191.39,191.39,0.0,0.0,0.0,999777.0
Himachal Pradesh,SHIMLA,1,54.14,54.14,0.0,0.0,0.0,92.17,92.17,0.0,0.0,0.0,1152.75,1152.75,0.0,0.0,0.0,278.79,278.79,0.0,0.0,0.0,266.88,266.88,0.0,0.0,0.0,814010.0
Himachal Pradesh,SIRMAUR,1,39.79,39.79,0.0,0.0,100.0,68.69,68.69,0.0,0.0,0.0,1091.19,1091.19,0.0,0.0,0.0,236.33,236.33,0.0,0.0,0.0,269.69,269.69,0.0,0.0,0.0,529855.0
Himachal Pradesh,SOLAN,1,23.01,23.01,0.0,100.0,100.0,11.41,11.41,0.0,100.0,100.0,1085.19,1085.19,0.0,0.0,0.0,205.61,205.61,0.0,0.0,0.0,200.59,200.59,0.0,0.0,0.0,580320.0
Himachal Pradesh,UNA,1,4.83,4.83,100.0,100.0,100.0,83.22,83.22,0.0,0.0,0.0,1099.15,1099.15,0.0,0.0,0.0,135.67,135.67,0.0,0.0,0.0,123.31,123.31,0.0,0.0,0.0,521173.0
Himachal Pradesh,__STATE__,12,,31.74150197310556,16.666666666666664,33.33333333333333,58.333333333333336,,98.05453088690194,0.0,8.333333333333332,8.333333333333332,,1139.4887791799345,0.0,0.0,0.0,,197.87727885774672,0.0,0.0,0.0,,184.25786540864533,0.0,0.0,0.0,6378270.0
Jammu and Kashmir,ANANTNAG,1,15.69,15.69,0.0,100.0,100.0,324.72,324.72,0.0,0.0,0.0,1271.99,1271.99,0.0,0.0,0.0,48.33,48.33,0.0,0.0,100.0,202.71,202.71,0.0,0.0,0.0,1078692.0
Jammu and Kashmir,BADGAM,1,48.3,48.3,0.0,0.0,100.0,349.77,349.77,0.0,0.0,0.0,1260.06,1260.06,0.0,0.0,0.0,16.55,16.55,0.0,100.0,100.0,214.92,214.92,0.0,0.0,0.0,753745.0
Jammu and Kashmir,BANDIPURA,1,89.09,89.09,0.0,0.0,0.0,408.61,408.61,0.0,0.0,0.0,1335.56,1335.56,0.0,0.0,0.0,62.54,62.54,0.0,0.0,0.0,281.43,281.43,0.0,0.0,0.0,
Jammu and Kashmir,BARAMULA,1,87.44,87.44,0.0,0.0,0.0,387.3,387.3,0.0,0.0,0.0,1278.02,1278.02,0.0,0.0,0.0,47.15,47.15,0.0,0.0,100.0,249.69,249.69,0.0,0.0,0.0,1008039.0
Jammu and Kashmir,DODA,1,47.54,47.54,0.0,0.0,100.0,246.51,246.51,0.0,0.0,0.0,1217.99,1217.99,0.0,0.0,0.0,121.31,121.31,0.0,0.0,0.0,138.61,138.61,0.0,0.0,0.0,409936.0
Jammu and Kashmir,GANDERBAL,1,58.54,58.54,0.0,0.0,0.0,378.17,378.17,0.0,0.0,0.0,1306.99,1306.99,0.0,0.0,0.0,34.01,34.01,0.0,0.0,100.0,250.45,250.45,0.0,0.0,0.0,297446.0
Jammu and Kashmir,JAMMU,1,3.04,3.04,100.0,100.0,100.0,222.96,222.96,0.0,0.0,0.0,1154.7,1154.7,0.0,0.0,0.0,117.12,117.12,0.0,0.0,0.0,87.11,87.11,0.0,0.0,0.0,1529958.0
Jammu and Kashmir,KATHUA,1,21.05,21.05,0.0,100.0,100.0,186.07,186.07,0.0,0.0,0.0,1164.12,1164.12,0.0,0.0,0.0,122.33,122.33,0.0,0.0,0.0,86.96,86.96,0.0,0.0,0.0,616435.0
Jammu and Kashmir,KISHTWAR,1,72.55,72.55,0.0,0.0,0.0,298.62,298.62,0.0,0.0,0.0,1276.97,1276.97,0.0,0.0,0.0,109.8,109.8,0.0,0.0,0.0,197.57,197.57,0.0,0.0,0.0,230696.0
Jammu and Kashmir,KULGAM,1,23.22,23.22,0.0,100.0,100.0,312.21,312.21,0.0,0.0,0.0,1240.17,1240.17,0.0,0.0,0.0,41.78,41.78,0.0,0.0,100.0,181.0,181.0,0.0,0.0,0.0,424483.0
Jammu and Kashmir,KUPWARA,1,118.55,118.55,0.0,0.0,0.0,425.98,425.98,0.0,0.0,0.0,1311.74,1311.74,0.0,0.0,0.0,77.61,77.61,0.0,0.0,0.0,288.84,288.84,0.0,0.0,0.0,870354.0
Jammu and Kashmir,MIRPUR,1,106.93,106.93,0.0,0.0,0.0,318.78,318.78,0.0,0.0,0.0,1165.39,1165.39,0.0,0.0,0.0,121.18,121.18,0.0,0.0,0.0,176.32,176.32,0.0,0.0,0.0,
Jammu and Kashmir,MUZAFFARABAD,1,158.18,158.18,0.0,0.0,0.0,448.92,448.92,0.0,0.0,0.0,1300.79,1300.79,0.0,0.0,0.0,117.46,117.46,0.0,0.0,0.0,307.99,307.99,0.0,0.0,0.0,
Jammu and Kashmir,PULWAMA,1,24.15,24.15,0.0,100.0,100.0,343.77,343.77,0.0,0.0,0.0,1278.71,1278.71,0.0,0.0,0.0,25.01,25.01,0.0,0.0,100.0,216.91,216.91,0.0,0.0,0.0,560440.0
Jammu and Kashmir,PUNCH,1,100.81,100.81,0.0,0.0,0.0,358.77,358.77,0.0,0.0,0.0,1227.1,1227.1,0.0,0.0,0.0,74.06,74.06,0.0,0.0,0.0,217.16,217.16,0.0,0.0,0.0,476835.0
Jammu and Kashmir,RAJAURI,1,62.75,62.75,0.0,0.0,0.0,295.6,295.6,0.0,0.0,0.0,1185.41,1185.41,0.0,0.0,0.0,88.37,88.37,0.0,0.0,0.0,154.23,154.23,0.0,0.0,0.0,
Jammu and Kashmir,RAMBAN,1,41.9,41.9,0.0,0.0,100.0,271.82,271.82,0.0,0.0,0.0,1218.18,1218.18,0.0,0.0,0.0,83.69,83.69,0.0,0.0,0.0,146.69,146.69,0.0,0.0,0.0,283713.0
Jammu and Kashmir,RIASI,1,25.85,25.85,0.0,0.0,100.0,270.0,270.0,0.0,0.0,0.0,1196.39,1196.39,0.0,0.0,0.0,86.34,86.34,0.0,0.0,0.0,135.64,135.64,0.0,0.0,0.0,
Jammu and Kashmir,SAMBA,1,5.21,5.21,100.0,100.0,100.0,196.2,196.2,0.0,0.0,0.0,1143.03,1143.03,0.0,0.0,0.0,99.82,99.82,0.0,0.0,0.0,66.24,66.24,0.0,0.0,0.0,318898.0
Jammu and Kashmir,SHUPIYAN,1,36.41,36.41,0.0,0.0,100.0,321.18,321.18,0.0,0.0,0.0,1238.12,1238.12,0.0,0.0,0.0,36.3,36.3,0.0,0.0,100.0,186.77,186.77,0.0,0.0,0.0,266215.0
Jammu and Kashmir,SRINAGAR,1,50.89,50.89,0.0,0.0,0.0,367.25,367.25,0.0,0.0,0.0,1287.24,1287.24,0.0,0.0,0.0,14.34,14.34,0.0,100.0,100.0,236.04,236.04,0.0,0.0,0.0,1236829.0
Jammu and Kashmir,UDHAMPUR,1,16.11,16.11,0.0,100.0,100.0,226.63,226.63,0.0,0.0,0.0,1185.07,1185.07,0.0,0.0,0.0,128.79,128.79,0.0,0.0,0.0,107.07,107.07,0.0,0.0,0.0,554985.0
Jammu and Kashmir,__STATE__,22,,44.1947193442501,9.090909090909092,31.818181818181817,54.54545454545454,,312.7748116411709,0.0,0.0,0.0,,1239.8614470521677,0.0,0.0,0.0,,67.86928645953694,0.0,9.090909090909092,36.36363636363637,,184.40642185684,0.0,0.0,0.0,10917699.0
Jharkhand,BOKARO,675,8.16,8.24,64.14814814814814,100.0,100.0,74.98,76.31,0.0,0.0,1.4814814814814816,263.74,261.45,0.0,0.0,0.0,228.77,224.69,0.0,0.0,0.0,293.6,288.69,0.0,0.0,0.0,2062330.0
Jharkhand,CHATRA,1473,43.16,41.36,1.6293279022403258,6.788866259334691,74.6775288526816,105.86,105.73,0.0,0.0,0.4752206381534283,386.37,388.28,0.0,0.0,0.0,146.19,150.42,0.0,0.0,0.0,296.83,300.9,0.0,0.0,0.0,1042886.0
Jharkhand,DEOGHAR,2664,7.54,8.39,65.31531531531532,100.0,100.0,174.065,173.65,0.0,0.0,0.0,251.055,250.26,0.0,0.0,0.0,213.52,212.69,0.0,0.0,0.0,224.07,224.56,0.0,0.0,0.0,1492073.0
Jharkhand,DHANBAD,1211,6.38,8.16,67.46490503715937,100.0,100.0,117.2,115.97,0.0,0.0,0.0,238.27,234.82,0.0,0.0,0.0,223.18,222.49,0.0,0.0,0.0,257.16,254.08,0.0,0.0,0.0,2684487.0
Jharkhand,DUMKA,2939,12.85,13.98,36.8832936372916,90.57502551888398,100.0,198.15,197.28,0.0,0.0,0.0,224.77,224.71,0.0,0.0,0.0,219.09,215.22,0.0,0.0,0.0,194.07,193.37,0.0,0.0,0.0,1321442.0
Jharkhand,Disputed (Jharkhand),1,3.98,3.98,100.0,100.0,100.0,172.1,172.1,0.0,0.0,0.0,299.44,299.44,0.0,0.0,0.0,265.77,265.77,0.0,0.0,0.0,94.18,94.18,0.0,0.0,0.0,
Jharkhand,EAST SINGHBHUM,1782,12.185,11.88,40.79685746352413,98.87766554433222,100.0,48.285,48.81,2.861952861952862,21.32435465768799,51.68350168350169,177.52499999999998,181.02,0.0,0.0,0.0,191.33,195.81,0.0,0.0,0.0,238.89,243.11,0.0,0.0,0.0,
Jharkhand,GARHWA,877,9.81,13.19,51.197263397947545,85.5188141391106,100.0,182.65,182.94,0.0,0.0,0.0,492.19,487.3,0.0,0.0,0.0,160.14,163.77,0.0,0.0,0.0,325.0,326.85,0.0,0.0,0.0,1322784.0
Jharkhand,GIRIDIH,2732,17.205,19.02,24.30453879941435,68.55783308931186,100.0,133.425,131.45,0.0,0.0,0.0,292.31,291.42,0.0,0.0,0.0,174.49,174.78,0.0,0.0,0.0,250.79,251.42,0.0,0.0,0.0,2445474.0
Jharkhand,GODDA,2255,21.59,21.8,8.070953436807095,63.63636363636363,100.0,216.3,215.36,0.0,0.0,0.0,280.71,278.25,0.0,0.0,0.0,232.06,232.5,0.0,0.0,0.0,146.32,147.48,0.0,0.0,0.0,1313551.0
Jharkhand,GUMLA,949,31.29,33.52,9.062170706006324,37.09167544783983,77.9768177028451,84.46,85.46,0.0,0.0,2.423603793466807,346.77,346.21,0.0,0.0,0.0,276.88,275.98,0.0,0.0,0.0,411.85,413.59,0.0,0.0,0.0,1025213.0
Jharkhand,HAZARIBAGH,1310,20.915,21.63,10.687022900763358,67.02290076335878,100.0,85.875,85.91,0.0,0.0,4.732824427480916,337.575,338.02,0.0,0.0,0.0,166.445,164.64,0.0,0.0,0.0,300.935,304.62,0.0,0.0,0.0,1734495.0
Jharkhand,JAMTARA,1164,13.86,14.17,36.25429553264605,89.17525773195877,100.0,146.995,147.89,0.0,0.0,0.0,212.21,213.33,0.0,0.0,0.0,211.945,209.92,0.0,0.0,0.0,218.545,220.76,0.0,0.0,0.0,791042.0
Jharkhand,KHUNTI,758,16.82,17.64,30.47493403693932,69.65699208443272,100.0,41.275,40.97,0.0,14.907651715039576,76.51715039577837,292.745,293.74,0.0,0.0,0.0,279.945,278.46,0.0,0.0,0.0,362.445,360.93,0.0,0.0,0.0,531885.0
Jharkhand,KODERMA,701,8.98,12.85,53.06704707560628,81.59771754636233,100.0,117.97,118.8,0.0,0.0,0.0,339.69,338.28,0.0,0.0,0.0,137.09,134.93,0.0,0.0,0.0,263.07,258.12,0.0,0.0,0.0,
Jharkhand,LATEHAR,795,12.55,15.84,41.76100628930818,78.74213836477988,99.37106918238992,97.96,98.53,0.0,0.0,0.3773584905660377,401.27,400.98,0.0,0.0,0.0,209.74,212.53,0.0,0.0,0.0,354.65,357.51,0.0,0.0,0.0,726978.0
Jharkhand,LOHARDAGA,354,8.774999999999999,9.41,59.03954802259888,99.43502824858756,100.0,65.75,65.78,0.0,0.0,16.101694915254235,366.11,367.0,0.0,0.0,0.0,235.3,234.49,0.0,0.0,0.0,384.255,383.53,0.0,0.0,0.0,461790.0
Jharkhand,PAKUR,1251,15.2,16.5,31.894484412470025,76.49880095923261,100.0,233.12,232.84,0.0,0.0,0.0,231.05,229.36,0.0,0.0,0.0,223.57,222.24,0.0,0.0,0.0,146.94,147.51,0.0,0.0,0.0,900422.0
Jharkhand,PALAMU,1848,14.97,16.82,34.36147186147186,75.21645021645021,100.0,148.45,145.76,0.0,0.0,0.0,453.34,453.39,0.0,0.0,0.0,172.185,171.09,0.0,0.0,0.0,310.79,308.06,0.0,0.0,0.0,1939869.0
Jharkhand,RAMGARH,314,4.975,5.46,91.71974522292994,100.0,100.0,41.35,41.79,0.0,1.2738853503184715,78.98089171974523,298.925,300.47,0.0,0.0,0.0,221.8,220.04,0.0,0.0,0.0,328.52,330.83,0.0,0.0,0.0,949443.0
Jharkhand,RANCHI,1334,9.92,10.71,50.37481259370315,95.50224887556224,100.0,31.915,31.59,4.122938530734633,33.65817091454273,90.70464767616193,309.02,306.44,0.0,0.0,0.0,248.525,248.13,0.0,0.0,0.0,349.39,348.54,0.0,0.0,0.0,2914253.0
Jharkhand,SAHIBGANJ,1817,6.1,8.78,67.03357182168409,94.11117226197028,100.0,203.35,201.98,0.0,0.0,0.0,271.94,273.22,0.0,0.0,0.0,252.19,253.2,0.0,0.0,0.0,115.89,116.49,0.0,0.0,0.0,1150567.0
Jharkhand,SARAIKELA-KHARSAWAN,1191,7.12,8.27,64.14777497900923,99.91603694374476,100.0,29.78,29.87,2.3509655751469354,36.94374475230898,96.3056255247691,233.51,234.21,0.0,0.0,0.0,250.62,251.58,0.0,0.0,0.0,292.29,292.95,0.0,0.0,0.0,1065056.0
Jharkhand,SIMDEGA,451,22.42,24.7,31.042128603104214,52.328159645232816,89.80044345898004,108.14,111.19,0.0,0.0,0.0,304.77,303.83,0.0,0.0,0.0,284.09,283.9,0.0,0.0,0.0,430.34,429.25,0.0,0.0,0.0,599578.0
Jharkhand,WEST SINGHBHUM,1719,9.63,11.87,51.890634089586975,89.70331588132635,100.0,70.92,72.86,0.0,0.0,10.296684118673648,235.66,229.95,0.0,0.0,0.0,250.66,246.07,0.0,0.0,0.0,335.34,338.15,0.0,0.0,0.0,
Jharkhand,__STATE__,32565,,15.15528732300033,39.677567941041,80.12283126055581,98.05619530170428,,118.61082366886644,0.4114847228619683,4.256103178258867,13.649623829264549,,305.7047820412537,0.0,0.0,0.0,,214.48914980036605,0.0,0.0,0.0,,278.9197770057176,0.0,0.0,0.0,28475618.0
Karnataka,Bagalkote,643,22.41,23.72,21.77293934681182,55.36547433903577,98.4447900466563,301.68,300.4,0.0,0.0,0.0,215.87,218.79,0.0,0.0,0.0,294.41,294.01,0.0,0.0,0.0,1439.26,1439.78,0.0,0.0,0.0,
Karnataka,Ballari,327,16.6,17.49,29.357798165137616,72.78287461773701,100.0,256.42,257.87,0.0,0.0,0.0,324.27,319.9,0.0,0.0,0.0,237.29,238.78,0.0,0.0,0.0,1489.69,1488.59,0.0,0.0,0.0,
Karnataka,Belagavi,1325,16.9,19.11,29.886792452830196,68.37735849056604,99.77358490566036,289.62,281.24,0.0,0.0,0.0,126.78,128.68,0.0,0.0,0.0754716981132075,290.14,282.74,0.0,0.0,0.0,1492.05,1491.76,0.0,0.0,0.0,
Karnataka,Bengaluru Rural,1093,7.17,8.28,68.80146386093321,100.0,100.0,37.22,37.46,0.0,4.025617566331198,93.59560841720037,273.87,275.14,0.0,0.0,0.0,25.31,26.59,10.612991765782253,48.58188472095151,96.52333028362304,1587.7,1591.74,0.0,0.0,0.0,
Karnataka,Bengaluru Urban,577,5.62,6.4,83.70883882149047,100.0,100.0,21.87,22.13,0.1733102253032928,73.48353552859619,100.0,283.05,283.32,0.0,0.0,0.0,37.8,34.42,6.5857885615251295,29.98266897746967,86.30849220103987,1612.54,1612.19,0.0,0.0,0.0,
Karnataka,Bidar,677,17.0,19.7,28.36041358936485,68.24224519940915,99.55686853766618,140.77,141.38,0.0,0.0,0.0,454.93,452.78,0.0,0.0,0.0,149.81,149.17,0.0,0.0,0.0,1198.6,1199.42,0.0,0.0,0.0,1703300.0
Karnataka,Chamarajanagar,510,21.03,22.92,16.470588235294116,59.80392156862745,96.07843137254902,97.96,97.1,0.0,0.0,0.0,230.015,232.21,0.0,0.0,0.0,128.675,127.99,0.0,0.0,0.0,1746.76,1743.45,0.0,0.0,0.0,1020791.0
Karnataka,Chikkaballapura,1664,12.31,14.27,40.50480769230769,83.59375,100.0,73.275,73.35,0.0,0.0,6.730769230769231,256.84000000000003,256.79,0.0,0.0,0.0,47.595,47.19,0.0,8.774038461538462,56.79086538461539,1546.06,1545.67,0.0,0.0,0.0,1255104.0
Karnataka,Chikkamagaluru,1169,12.03,17.41,43.28485885372113,75.19247219846022,94.9529512403764,127.28,121.14,0.0,0.0,0.0,128.53,122.87,0.0,0.0,0.0,121.19,115.45,0.0,0.0,0.3421727972626176,1705.58,1709.71,0.0,0.0,0.0,
Karnataka,Chitradurga,1228,13.135,16.44,39.57654723127036,76.62866449511401,99.2671009771987,179.74,180.19,0.0,0.0,0.0,215.18,221.29,0.0,0.0,0.0,172.585,172.44,0.0,0.0,0.0,1616.59,1612.19,0.0,0.0,0.0,1659456.0
Karnataka,Dakshina Kannada,368,9.06,11.54,54.07608695652174,89.40217391304348,100.0,35.665000000000006,38.65,4.619565217391304,32.880434782608695,69.83695652173914,37.510000000000005,40.13,3.532608695652174,31.25,68.47826086956522,32.375,35.73,9.510869565217392,38.85869565217392,72.28260869565217,1796.94,1797.52,0.0,0.0,0.0,2089649.0
Karnataka,Davanagere,894,18.975,18.21,22.03579418344519,72.81879194630872,100.0,187.595,189.94,0.0,0.0,0.0,188.215,193.9,0.0,0.0,0.0,181.345,182.91,0.0,0.0,0.0,1626.965,1623.7,0.0,0.0,0.0,1945497.0
Karnataka,Dharwad,394,10.745,12.56,46.7005076142132,89.08629441624365,100.0,270.095,270.49,0.0,0.0,0.0,137.32,140.46,0.0,0.0,0.0,265.285,265.56,0.0,0.0,0.0,1547.9699999999998,1546.04,0.0,0.0,0.0,1847023.0
Karnataka,Gadag,363,17.92,18.69,28.09917355371901,68.87052341597796,100.0,283.12,288.39,0.0,0.0,0.0,200.98,202.14,0.0,0.0,0.0,277.52,281.57,0.0,0.0,0.0,1523.09,1517.9,0.0,0.0,0.0,1064570.0
Karnataka,Hassan,2611,11.63,12.77,41.93795480658751,91.65070854078895,100.0,130.84,129.04,0.0,0.0,0.0,141.06,140.82,0.0,0.0,0.0,132.36,129.41,0.0,0.0,0.0,1729.36,1725.36,0.0,0.0,0.0,1776421.0
Karnataka,Haveri,720,17.86,18.2,25.0,71.52777777777779,100.0,207.56,208.43,0.0,0.0,0.0,179.985,179.66,0.0,0.0,0.0,202.16000000000005,202.89,0.0,0.0,0.0,1600.485,1599.59,0.0,0.0,0.0,1597668.0
Karnataka,Kalaburagi,1060,19.765,21.08,23.9622641509434,64.15094339622641,98.1132075471698,165.265,165.77,0.0,0.0,0.0,390.43,388.77,0.0,0.0,0.0,159.635,160.85,0.0,0.0,0.0,1280.78,1281.62,0.0,0.0,0.0,
Karnataka,Kodagu,339,42.27,41.85,0.0,11.50442477876106,69.32153392330383,121.07,123.2,0.0,0.0,0.0,122.97,125.47,0.0,0.0,0.0,115.13,114.29,0.0,0.0,0.0,1789.33,1788.18,0.0,0.0,0.0,554519.0
Karnataka,Kolar,1849,10.03,12.23,49.86479177934019,89.83234180638183,100.0,71.94,71.49,0.0,0.0,16.7658193618172,225.71,225.74,0.0,0.0,0.0,59.7,59.26,0.0,0.0540832882639264,32.28772309356409,1553.14,1552.38,0.0,0.0,0.0,1536401.0
Karnataka,Koppal,676,26.58,26.32,18.49112426035503,47.63313609467456,92.603550295858,299.68,300.68,0.0,0.0,0.0,261.07000000000005,261.6,0.0,0.0,0.0,284.91,285.22,0.0,0.0,0.0,1478.8200000000002,1481.34,0.0,0.0,0.0,1389920.0
Karnataka,Mandya,1543,15.96,17.47,33.18211276733636,71.03046014257939,100.0,98.68,99.99,0.0,0.0,0.0,209.41,212.9,0.0,0.0,0.0,120.54,122.28,0.0,0.0,0.0,1700.03,1701.01,0.0,0.0,0.0,1805769.0
Karnataka,Mysuru,1384,21.13,21.92,25.216763005780347,59.17630057803468,98.04913294797689,136.15,133.95,0.0,0.0,0.0,189.545,190.3,0.0,0.0,0.0,135.14499999999998,132.64,0.0,0.0,0.0,1757.05,1756.09,0.0,0.0,0.0,
Karnataka,Raichur,913,44.24,40.95,9.748083242059144,26.506024096385545,59.80284775465498,225.86,224.73,0.0,0.0,0.0,333.46,331.51,0.0,0.0,0.0,208.06,206.43,0.0,0.0,0.0,1402.98,1403.26,0.0,0.0,0.0,1928812.0
Karnataka,Ramanagara,879,17.7,18.17,24.00455062571104,77.36063708759954,99.88623435722413,47.7,48.3,0.0,1.3651877133105803,56.31399317406144,265.86,269.2,0.0,0.0,0.0,69.65,71.52,0.0,0.0,5.005688282138794,1650.67,1651.36,0.0,0.0,0.0,1082636.0
Karnataka,Shivamogga,1555,18.12,19.2,29.260450160771708,66.43086816720258,100.0,138.13,137.61,0.0,0.0,0.0,138.21,136.66,0.0,0.0,0.0,132.53,132.01,0.0,0.0,0.0,1672.91,1671.82,0.0,0.0,0.0,
Karnataka,Tumakuru,2922,20.56,22.04,23.408624229979463,60.814510609171805,96.33812457221082,91.655,93.9,0.0,0.0,0.6502395619438741,238.095,237.14,0.0,0.0,0.0,91.115,93.91,0.0,0.0,2.292950034223135,1630.005,1625.96,0.0,0.0,0.0,
Karnataka,Udupi,254,7.295,10.69,61.81102362204725,89.76377952755905,100.0,61.575,61.95,0.0,2.3622047244094486,33.46456692913386,60.975,61.38,0.0,2.755905511811024,33.85826771653544,57.285,57.87,0.0,5.905511811023622,38.18897637795276,1750.505,1750.69,0.0,0.0,0.0,1177361.0
Karnataka,Uttara Kannada,1353,22.47,24.48,28.085735402808577,53.88026607538803,93.64375461936436,194.53,199.89,0.0,0.0,0.0,128.58,122.6,0.0,0.0,0.0,190.62,195.89,0.0,0.0,0.0,1633.03,1629.38,0.0,0.0,0.0,1437169.0
Karnataka,Vijayanagara,413,20.19,19.77,17.191283292978206,69.97578692493947,100.0,247.14,250.12,0.0,0.0,0.0,254.79,252.53,0.0,0.0,0.0,238.54,239.59,0.0,0.0,0.0,1554.42,1551.69,0.0,0.0,0.0,
Karnataka,Vijayapura,739,23.28,25.07,22.32746955345061,53.58592692828146,90.79837618403248,261.75,261.49,0.0,0.0,0.0,278.83,277.49,0.0,0.0,0.0,254.29,254.2,0.0,0.0,0.0,1371.69,1370.13,0.0,0.0,0.0,
Karnataka,Yadgir,582,28.865,31.88,19.243986254295532,43.81443298969072,75.77319587628865,189.4,188.83,0.0,0.0,0.0,353.185,354.08,0.0,0.0,0.0,176.04000000000002,174.77,0.0,0.0,0.0,1347.64,1349.18,0.0,0.0,0.0,1174271.0
Karnataka,__STATE__,31024,,19.62928465988268,33.04538421866942,70.53571428571429,96.53494069107788,,156.68660202827914,0.058019597730789,1.956549767921609,9.276689014956164,,211.44485360102465,0.0419030428055698,0.3932439401753481,1.0927024239298608,,153.56956361039232,0.6092057761732852,3.2523207839092314,11.51689014956163,,1584.3076909013107,0.0,0.0,0.0,28046337.0
Kerala,Alappuzha,95,3.52,4.11,96.84210526315788,100.0,100.0,69.56,62.95,0.0,9.473684210526317,27.368421052631582,69.18,64.36,0.0,9.473684210526317,27.368421052631582,84.32,78.01,0.0,0.0,12.63157894736842,1992.57,1989.88,0.0,0.0,0.0,2127789.0
Kerala,Ernakulam,128,8.135000000000002,11.45,57.03125,88.28125,100.0,20.93,21.65,19.53125,64.0625,98.4375,23.86,25.59,13.28125,53.125,96.09375,22.14,21.23,16.40625,63.28125,100.0,1939.805,1938.26,0.0,0.0,0.0,3282388.0
Kerala,Idukki,68,51.955,49.64,0.0,4.411764705882353,45.588235294117645,83.945,80.47,0.0,0.0,7.352941176470589,90.61,87.51,0.0,0.0,2.941176470588235,81.49000000000001,76.64,0.0,0.0,13.23529411764706,1914.09,1910.64,0.0,0.0,0.0,1108974.0
Kerala,Kannur,133,10.83,13.86,48.1203007518797,80.45112781954887,100.0,128.04,126.21,0.0,0.0,0.0,129.62,127.94,0.0,0.0,0.0,100.29,99.22,0.0,0.0,0.0,1855.77,1853.15,0.0,0.0,0.0,2523003.0
Kerala,Kasaragod,128,6.345,8.68,65.625,96.09375,100.0,49.725,52.78,0.0,10.15625,50.0,51.35,54.12,0.0,8.59375,47.65625,51.34,55.18,0.0,3.90625,46.875,1835.68,1838.56,0.0,0.0,0.0,1307375.0
Kerala,Kollam,104,5.335,7.01,78.84615384615384,99.03846153846156,100.0,54.735,54.55,0.0,0.0,35.57692307692308,73.41499999999999,73.61,0.0,0.0,1.9230769230769231,59.81,60.13,0.0,0.0,21.153846153846157,2011.455,2009.89,0.0,0.0,0.0,2635375.0
Kerala,Kottayam,102,9.08,13.15,51.9607843137255,82.35294117647058,100.0,53.760000000000005,53.2,0.0,3.92156862745098,39.21568627450981,56.18,56.02,0.0,0.9803921568627452,35.294117647058826,63.64,63.51,0.0,0.0,22.54901960784314,1959.26,1958.99,0.0,0.0,0.0,1974551.0
Kerala,Kozhikode,118,11.635,12.19,46.61016949152542,90.67796610169492,100.0,113.38,115.82,0.0,0.0,0.0,165.77499999999998,165.39,0.0,0.0,0.0,40.125,41.26,0.0,25.42372881355932,63.559322033898304,1867.46,1867.61,0.0,0.0,0.0,3086293.0
Kerala,Malappuram,138,8.49,9.33,60.14492753623188,100.0,100.0,67.88,67.0,0.0,0.0,12.318840579710146,122.525,123.61,0.0,0.0,0.0,25.69,26.05,11.594202898550725,49.275362318840585,98.55072463768116,1879.605,1878.82,0.0,0.0,0.0,4112920.0
Kerala,Palakkad,157,7.57,9.65,61.78343949044586,96.81528662420382,100.0,23.6,24.84,12.101910828025478,53.5031847133758,95.54140127388536,97.69,98.52,0.0,0.0,0.0,60.54,61.13,0.0,0.0,22.92993630573249,1868.14,1868.83,0.0,0.0,0.0,2809934.0
Kerala,Pathanamthitta,66,14.07,15.35,25.75757575757576,89.39393939393939,100.0,77.50999999999999,78.48,0.0,0.0,0.0,89.345,88.0,0.0,0.0,0.0,88.33,87.85,0.0,0.0,0.0,1981.17,1980.17,0.0,0.0,0.0,1197412.0
Kerala,Thiruvananthapuram,122,6.279999999999999,8.41,67.21311475409836,97.54098360655738,100.0,18.87,18.71,18.852459016393443,70.49180327868852,100.0,26.89,28.09,7.377049180327869,46.72131147540984,93.44262295081968,22.425,21.61,14.754098360655735,61.47540983606557,100.0,2030.855,2029.94,0.0,0.0,0.0,3301427.0
Kerala,Thrissur,256,6.145,7.01,75.78125,100.0,100.0,47.545,46.89,0.0,3.515625,57.03125,63.24,61.57,0.0,0.0,28.515625,47.865,44.0,0.0,13.28125,53.90625,1915.52,1914.27,0.0,0.0,0.0,3121200.0
Kerala,Wayanad,49,42.81,43.88,0.0,0.0,73.46938775510205,116.29,115.73,0.0,0.0,0.0,184.19,183.34,0.0,0.0,0.0,64.74,64.77,0.0,0.0,10.20408163265306,1827.02,1827.1,0.0,0.0,0.0,817420.0
Kerala,__STATE__,1664,,11.948094717602292,58.65384615384615,87.68028846153845,96.9951923076923,,60.76738498022858,4.026442307692308,17.247596153846153,44.05048076923077,,85.37258279777433,1.5625,8.774038461538462,26.26201923076923,,50.89120453560808,3.3052884615384617,17.608173076923077,46.03365384615385,,1923.0932005727943,0.0,0.0,0.0,33406061.0
Ladakh,KARGIL,1,122.96,122.96,0.0,0.0,0.0,314.81,314.81,0.0,0.0,0.0,1319.34,1319.34,0.0,0.0,0.0,154.53,154.53,0.0,0.0,0.0,241.19,241.19,0.0,0.0,0.0,
Ladakh,LEH,1,307.9,307.9,0.0,0.0,0.0,434.8,434.8,0.0,0.0,0.0,1489.95,1489.95,0.0,0.0,0.0,328.64,328.64,0.0,0.0,0.0,104.39,104.39,0.0,0.0,0.0,
Ladakh,__STATE__,2,,,0.0,0.0,0.0,,,0.0,0.0,0.0,,,0.0,0.0,0.0,,,0.0,0.0,0.0,,,0.0,0.0,0.0,
Lakshadweep,Lakshadweep,30,322.345,313.24,0.0,0.0,0.0,335.555,335.39,0.0,0.0,0.0,334.36,332.39,0.0,0.0,0.0,341.67499999999995,335.44,0.0,0.0,0.0,2137.565,2142.72,0.0,0.0,0.0,64473.0
Lakshadweep,__STATE__,30,,313.24,0.0,0.0,0.0,,335.39,0.0,0.0,0.0,,332.39,0.0,0.0,0.0,,335.44,0.0,0.0,0.0,,2142.72,0.0,0.0,0.0,64473.0
Madhya Pradesh,AGAR MALWA,528,36.58,36.02,0.0,14.204545454545457,95.26515151515152,133.745,136.34,0.0,0.0,0.0,423.995,423.97,0.0,0.0,0.0,120.585,122.69,0.0,0.0,0.0,709.5999999999999,707.38,0.0,0.0,0.0,
Madhya Pradesh,ALIRAJPUR,592,37.075,36.62,0.8445945945945946,15.371621621621625,87.83783783783784,137.57999999999998,136.05,0.0,0.0,0.0,199.105,200.4,0.0,0.0,0.0,152.195,149.76,0.0,0.0,0.0,937.855,939.48,0.0,0.0,0.0,728999.0
Madhya Pradesh,ANUPPUR,612,12.114999999999998,15.11,44.28104575163398,78.75816993464052,100.0,198.005,199.06,0.0,0.0,0.0,578.905,581.15,0.0,0.0,0.0,288.405,283.48,0.0,0.0,0.0,511.12,507.98,0.0,0.0,0.0,749237.0
Madhya Pradesh,ASHOKNAGAR,921,12.21,13.68,40.82519001085777,88.92508143322475,100.0,181.71,180.43,0.0,0.0,0.0,619.3,621.02,0.0,0.0,0.0,286.18,287.58,0.0,0.0,0.0,526.57,525.71,0.0,0.0,0.0,845071.0
Madhya Pradesh,BALAGHAT,1487,19.51,24.29,21.654337592468057,64.8285137861466,87.0880968392737,129.94,128.75,0.0,0.0,0.0,547.43,543.35,0.0,0.0,0.0,156.15,155.68,0.0,0.0,0.0,689.32,684.81,0.0,0.0,0.0,1701698.0
Madhya Pradesh,BARWANI,774,63.955,63.85,0.0,0.0,25.064599483204137,117.275,114.21,0.0,0.0,0.0,249.245,248.73,0.0,0.0,0.0,132.70999999999998,130.21,0.0,0.0,0.0,943.765,941.45,0.0,0.0,0.0,1385881.0
Madhya Pradesh,BETUL,1525,14.45,17.57,36.59016393442623,73.70491803278688,97.63934426229508,146.05,145.5,0.0,0.0,0.0,543.25,541.53,0.0,0.0,0.0,146.23,145.36,0.0,0.0,0.0,774.93,778.29,0.0,0.0,0.0,1575362.0
Madhya Pradesh,BHIND,1015,17.09,18.2,30.344827586206897,68.07881773399015,100.0,64.67,61.77,0.0,1.1822660098522169,26.305418719211826,802.06,802.35,0.0,0.0,0.0,214.96,215.92,0.0,0.0,0.0,322.96,322.93,0.0,0.0,0.0,1703005.0
Madhya Pradesh,BHOPAL,527,20.45,22.0,28.083491461100568,57.1157495256167,100.0,198.56,197.51,0.0,0.0,0.0,528.34,527.76,0.0,0.0,0.0,182.68,181.58,0.0,0.0,0.0,646.07,649.16,0.0,0.0,0.0,2371061.0
Madhya Pradesh,BURHANPUR,284,9.75,10.82,50.70422535211267,96.12676056338027,100.0,157.425,155.46,0.0,0.0,0.0,377.35,381.42,0.0,0.0,0.0,161.745,160.41,0.0,0.0,0.0,902.485,899.85,0.0,0.0,0.0,757847.0
Madhya Pradesh,CHHATARPUR,1318,28.81,28.76,13.732928679817904,41.7298937784522,90.06069802731412,184.82,184.98,0.0,0.0,0.0,787.7049999999999,786.41,0.0,0.0,0.0,239.7,243.47,0.0,0.0,0.0,409.865,414.97,0.0,0.0,0.0,1762375.0
Madhya Pradesh,CHHINDWARA,1897,14.2,16.26,37.11122825513969,77.96520822351081,100.0,121.66,120.98,0.0,0.0,0.0,630.44,631.52,0.0,0.0,0.0,122.4,121.76,0.0,0.0,0.0,715.57,711.83,0.0,0.0,0.0,2090922.0
Madhya Pradesh,DAMOH,1302,22.245,22.58,23.50230414746544,56.374807987711215,96.46697388632872,271.765,270.11,0.0,0.0,0.0,738.825,740.36,0.0,0.0,0.0,299.61,295.08,0.0,0.0,0.0,518.7,519.33,0.0,0.0,0.0,1264219.0
Madhya Pradesh,DATIA,681,17.1,19.29,24.22907488986784,70.92511013215858,100.0,62.19,65.45,0.0,0.0,9.985315712187958,753.1,750.96,0.0,0.0,0.0,246.95,249.15,0.0,0.0,0.0,377.98,379.61,0.0,0.0,0.0,786754.0
Madhya Pradesh,DEWAS,1195,30.15,29.95,14.393305439330543,39.581589958159,89.5397489539749,77.48,82.72,0.0,0.0,7.364016736401674,408.5,412.32,0.0,0.0,0.0,63.82,69.52,0.0,0.0,24.10041841004184,768.73,769.46,0.0,0.0,0.0,1563715.0
Madhya Pradesh,DHAR,1616,50.905,50.85,0.4331683168316832,8.53960396039604,48.39108910891089,61.1,62.8,0.3094059405940594,5.693069306930694,32.73514851485149,284.005,278.83,0.0,0.0,0.0,72.685,76.43,0.0,0.2475247524752475,14.356435643564357,874.835,876.34,0.0,0.0,0.0,2185793.0
Madhya Pradesh,DINDORI,984,45.605,45.17,0.0,6.199186991869919,64.32926829268293,196.0,194.71,0.0,0.0,0.0,616.71,614.65,0.0,0.0,0.0,283.14,282.63,0.0,0.0,0.0,549.745,549.81,0.0,0.0,0.0,704524.0
Madhya Pradesh,GUNA,1387,13.14,15.24,39.36553713049747,79.81254506128334,100.0,210.36,204.26,0.0,0.0,0.0,559.42,559.21,0.0,0.0,0.0,236.17,233.17,0.0,0.0,0.0,574.66,576.43,0.0,0.0,0.0,1241519.0
Madhya Pradesh,GWALIOR,685,12.26,13.56,39.56204379562044,88.02919708029196,100.0,33.26,31.87,2.627737226277372,31.97080291970803,92.7007299270073,735.16,735.14,0.0,0.0,0.0,247.08,244.66,0.0,0.0,0.0,389.55,389.39,0.0,0.0,0.0,2032036.0
Madhya Pradesh,HARDA,581,12.48,13.88,40.10327022375216,89.50086058519794,100.0,147.6,148.03,0.0,0.0,0.0,464.63,465.51,0.0,0.0,0.0,139.46,139.95,0.0,0.0,0.0,779.95,779.89,0.0,0.0,0.0,570465.0
Madhya Pradesh,INDORE,656,10.845,11.86,46.4939024390244,94.20731707317071,100.0,28.22,27.43,8.841463414634147,40.54878048780488,99.39024390243902,343.745,346.17,0.0,0.0,0.0,25.43,25.09,4.725609756097561,48.170731707317074,100.0,814.875,815.83,0.0,0.0,0.0,3276697.0
Madhya Pradesh,JABALPUR,1480,10.805,13.31,46.82432432432432,88.78378378378379,99.39189189189187,251.62,250.64,0.0,0.0,0.0,696.05,693.26,0.0,0.0,0.0,255.81,253.7,0.0,0.0,0.0,565.1600000000001,567.25,0.0,0.0,0.0,2463289.0
Madhya Pradesh,JHABUA,905,16.06,16.83,30.05524861878453,77.90055248618785,100.0,108.3,107.44,0.0,0.0,0.0,248.49,251.94,0.0,0.0,0.0,118.33,116.8,0.0,0.0,0.0,878.77,877.59,0.0,0.0,0.0,1025048.0
Madhya Pradesh,KATNI,984,8.53,10.13,57.92682926829268,96.34146341463416,100.0,283.83500000000004,282.78,0.0,0.0,0.0,718.555,717.16,0.0,0.0,0.0,295.685,293.71,0.0,0.0,0.0,503.77,502.63,0.0,0.0,0.0,1292042.0
Madhya Pradesh,KHANDWA,785,8.89,11.25,54.90445859872612,93.5031847133758,100.0,116.23,115.34,0.0,0.0,0.0,400.96,402.97,0.0,0.0,0.0,116.17,114.88,0.0,0.0,0.0,838.41,840.6,0.0,0.0,0.0,1310061.0
Madhya Pradesh,KHARGONE,1473,35.57,36.53,14.052953156822811,33.06177868295995,69.58587915818059,70.92,72.66,0.0,0.0,23.48947725729803,330.81,330.46,0.0,0.0,0.0,81.09,82.11,0.0,0.0,12.695179904955872,877.99,876.96,0.0,0.0,0.0,1873046.0
Madhya Pradesh,MAIHAR,598,17.485,16.62,25.418060200668897,79.59866220735786,100.0,252.545,251.18,0.0,0.0,0.0,703.43,705.53,0.0,0.0,0.0,227.185,229.56,0.0,0.0,0.0,425.28,427.7,0.0,0.0,0.0,
Madhya Pradesh,MANDLA,1393,25.25,27.89,19.526202440775307,49.60516870064608,86.86288585786073,191.08,192.98,0.0,0.0,0.0,610.79,612.67,0.0,0.0,0.0,226.85,225.54,0.0,0.0,0.0,598.36,599.29,0.0,0.0,0.0,1054905.0
Madhya Pradesh,MANDSAUR,981,11.86,13.06,42.09989806320081,91.94699286442406,100.0,172.83,173.55,0.0,0.0,0.0,388.28,392.31,0.0,0.0,0.0,164.94,165.67,0.0,0.0,0.0,736.48,731.53,0.0,0.0,0.0,1340411.0
Madhya Pradesh,MAUGANJ,1075,49.49,49.4,0.0,0.0,53.48837209302325,242.1,241.09,0.0,0.0,0.0,664.89,664.86,0.0,0.0,0.0,131.66,130.0,0.0,0.0,0.0,337.95,338.47,0.0,0.0,0.0,
Madhya Pradesh,MORENA,878,7.975,10.96,59.111617312072894,89.86332574031891,100.0,51.84,51.52,0.0,7.858769931662871,44.533029612756266,733.28,737.93,0.0,0.0,0.0,203.0,204.34,0.0,0.0,0.0,393.455,389.09,0.0,0.0,0.0,1965970.0
Madhya Pradesh,NARMADAPURAM,1029,7.75,9.03,63.75121477162293,97.95918367346938,100.0,194.65,193.23,0.0,0.0,0.0,559.66,561.85,0.0,0.0,0.0,191.9,189.61,0.0,0.0,0.0,696.86,699.76,0.0,0.0,0.0,
Madhya Pradesh,NARSIMHAPUR,1129,10.19,12.13,48.98139946855625,90.43401240035428,100.0,204.38,203.67,0.0,0.0,0.0,675.43,672.45,0.0,0.0,0.0,205.22,204.51,0.0,0.0,0.0,623.28,624.43,0.0,0.0,0.0,1091854.0
Madhya Pradesh,NEEMUCH,869,25.43,24.01,16.915995397008054,49.136939010356734,99.88492520138092,212.59,214.35,0.0,0.0,0.0,404.55,405.97,0.0,0.0,0.0,209.55,210.11,0.0,0.0,0.0,712.04,709.23,0.0,0.0,0.0,826067.0
Madhya Pradesh,NIWARI,314,10.64,11.72,45.22292993630573,96.81528662420382,100.0,116.545,116.8,0.0,0.0,0.0,732.8399999999999,734.67,0.0,0.0,0.0,266.785,264.46,0.0,0.0,0.0,414.86,412.69,0.0,0.0,0.0,
Madhya Pradesh,PANDHURNA,354,7.58,9.05,61.86440677966102,96.89265536723164,100.0,72.505,72.41,0.0,0.0,4.519774011299435,612.615,611.81,0.0,0.0,0.0,73.05,72.96,0.0,0.0,3.672316384180791,773.255,772.53,0.0,0.0,0.0,
Madhya Pradesh,PANNA,1119,36.66,33.44,6.434316353887399,25.290437890974083,98.03395889186774,223.84,220.33,0.0,0.0,0.0,781.52,780.36,0.0,0.0,0.0,264.39,260.5,0.0,0.0,0.0,442.44,438.67,0.0,0.0,0.0,1016520.0
Madhya Pradesh,RAISEN,1556,33.33,30.86,13.688946015424165,32.71208226221079,91.58097686375322,233.245,236.0,0.0,0.0,0.0,598.435,593.31,0.0,0.0,0.0,229.115,230.02,0.0,0.0,0.0,632.4549999999999,632.93,0.0,0.0,0.0,1331597.0
Madhya Pradesh,RAJGARH,1807,21.1,23.06,22.523519645821803,58.32872163807416,93.85722191477586,179.27,176.84,0.0,0.0,0.0,488.03,486.6,0.0,0.0,0.0,163.52,160.89,0.0,0.0,0.0,654.03,655.42,0.0,0.0,0.0,1545814.0
Madhya Pradesh,RATLAM,1120,13.12,14.03,38.035714285714285,86.78571428571429,100.0,121.525,119.08,0.0,0.0,0.0,309.725,318.67,0.0,0.0,0.0,119.49,118.13,0.0,0.0,0.0,816.7149999999999,806.18,0.0,0.0,0.0,1455069.0
Madhya Pradesh,REWA,1734,23.805,23.94,10.899653979238757,55.30565167243368,100.0,217.545,215.99,0.0,0.0,0.0,696.15,697.59,0.0,0.0,0.0,155.885,157.32,0.0,0.0,0.0,355.13,351.65,0.0,0.0,0.0,2365106.0
Madhya Pradesh,SAGAR,2165,20.14,22.22,27.80600461893765,59.122401847575055,98.9376443418014,251.76,250.15,0.0,0.0,0.0,668.26,668.44,0.0,0.0,0.0,290.39,288.47,0.0,0.0,0.0,549.8,550.95,0.0,0.0,0.0,2378458.0
Madhya Pradesh,SATNA,1504,12.51,14.14,39.56117021276596,84.375,100.0,203.55,202.81,0.0,0.0,0.0,743.02,744.32,0.0,0.0,0.0,216.49,217.53,0.0,0.0,0.0,400.33,399.4,0.0,0.0,0.0,2228935.0
Madhya Pradesh,SEHORE,1117,26.07,26.33,12.175470008952551,46.73231871083259,96.59803043867502,152.26,149.85,0.0,0.0,0.0,484.71,482.67,0.0,0.0,0.0,138.22,135.49,0.0,0.0,0.0,715.83,710.83,0.0,0.0,0.0,1311332.0
Madhya Pradesh,SEONI,1755,14.93,16.73,33.04843304843305,78.97435897435898,100.0,155.06,152.69,0.0,0.0,0.0,626.11,624.23,0.0,0.0,0.0,155.96,153.59,0.0,0.0,0.0,664.22,666.44,0.0,0.0,0.0,1379131.0
Madhya Pradesh,SHAHDOL,888,16.795,18.48,27.47747747747748,68.46846846846847,100.0,248.955,249.27,0.0,0.0,0.0,624.25,628.48,0.0,0.0,0.0,244.1,245.93,0.0,0.0,0.0,464.07,463.33,0.0,0.0,0.0,1066063.0
Madhya Pradesh,SHAJAPUR,649,8.02,9.17,63.48228043143297,98.45916795069336,100.0,122.89,122.53,0.0,0.0,0.0,441.84,444.6,0.0,0.0,0.0,107.05,106.37,0.0,0.0,0.0,709.36,709.74,0.0,0.0,0.0,1512681.0
Madhya Pradesh,SHEOPUR,621,16.67,18.63,30.917874396135264,71.1755233494364,99.6779388083736,132.8,127.99,0.0,0.0,0.0,612.63,620.87,0.0,0.0,0.0,163.14,163.13,0.0,0.0,0.0,515.3,506.76,0.0,0.0,0.0,687861.0
Madhya Pradesh,SHIVPURI,1508,19.79,20.08,23.6737400530504,65.05305039787798,100.0,110.795,108.6,0.0,0.0,0.0,658.375,657.58,0.0,0.0,0.0,252.82,252.5,0.0,0.0,0.0,471.63,471.45,0.0,0.0,0.0,1726050.0
Madhya Pradesh,SIDHI,1228,31.95,29.91,14.250814332247558,33.14332247557003,94.54397394136808,275.255,275.46,0.0,0.0,0.0,636.335,637.37,0.0,0.0,0.0,158.665,157.65,0.0,0.0,0.0,372.94,374.5,0.0,0.0,0.0,1127033.0
Madhya Pradesh,SINGRAULI,855,17.28,18.24,26.54970760233918,71.9298245614035,100.0,291.98,290.67,0.0,0.0,0.0,587.67,586.07,0.0,0.0,0.0,139.18,138.09,0.0,0.0,0.0,363.52,362.59,0.0,0.0,0.0,1178273.0
Madhya Pradesh,TIKAMGARH,746,22.84,22.95,9.919571045576408,58.71313672922251,100.0,168.49,168.0,0.0,0.0,0.0,734.5,735.54,0.0,0.0,0.0,278.765,276.84,0.0,0.0,0.0,438.37,437.26,0.0,0.0,0.0,1445166.0
Madhya Pradesh,UJJAIN,1138,9.66,11.73,51.66959578207382,90.15817223198594,100.0,84.94,82.75,0.0,0.0,5.184534270650263,367.24,365.93,0.0,0.0,0.0,74.91499999999999,73.4,0.0,0.0,12.917398945518457,770.9,770.6,0.0,0.0,0.0,1986864.0
Madhya Pradesh,UMARIA,682,9.895,12.01,50.29325513196481,90.9090909090909,100.0,259.91,258.41,0.0,0.0,0.0,673.71,670.95,0.0,0.0,0.0,286.665,281.24,0.0,0.0,0.0,497.815,492.92,0.0,0.0,0.0,644758.0
Madhya Pradesh,VIDISHA,1680,20.125,21.78,25.476190476190474,59.583333333333336,99.9404761904762,239.41,241.28,0.0,0.0,0.0,586.05,585.63,0.0,0.0,0.0,242.45,242.23,0.0,0.0,0.0,588.6949999999999,589.35,0.0,0.0,0.0,1458875.0
Madhya Pradesh,__STATE__,58686,,21.288842180450224,28.163446137068465,62.61459291824285,93.30675118426882,,156.04401103563683,0.1380226970657397,1.121221415669836,5.198854922809529,,559.7525234903933,0.0,0.0,0.0,,179.84745233899807,0.0528235013461472,0.5452748526053914,2.5951675016187847,,614.9258260642409,0.0,0.0,0.0,71385459.0
Maharashtra,AHILYANAGAR,1622,27.0,28.37,19.79038224414304,46.54747225647349,86.74475955610357,99.21,104.27,0.0,0.0,4.500616522811344,187.65,186.16,0.0,0.0,0.0,117.79,119.14,0.0,0.0,0.0,1188.205,1188.38,0.0,0.0,0.0,
Maharashtra,AKOLA,979,8.43,9.75,59.55056179775281,96.93564862104188,100.0,205.02,204.17,0.0,0.0,0.0,451.16,453.68,0.0,0.0,0.0,205.27,204.14,0.0,0.0,0.0,919.67,921.94,0.0,0.0,0.0,1813906.0
Maharashtra,AMARĀWATI,1999,11.2,13.44,44.02201100550276,89.94497248624313,99.0495247623812,144.65,141.95,0.0,0.0,0.0,512.48,510.92,0.0,0.0,0.0,144.24,141.64,0.0,0.0,0.0,864.58,862.66,0.0,0.0,0.0,
Maharashtra,BEED,1376,48.155,46.67,5.959302325581396,15.11627906976744,53.270348837209305,215.255,209.76,0.0,0.0,0.0,301.71500000000003,300.39,0.0,0.0,0.0,207.67,203.77,0.0,0.0,0.0,1152.99,1155.96,0.0,0.0,0.0,
Maharashtra,BHANDARA,926,12.16,13.02,39.41684665226781,92.7645788336933,100.0,75.95,76.48,0.0,0.0,0.755939524838013,512.165,516.17,0.0,0.0,0.0,76.285,76.77,0.0,0.0,0.755939524838013,782.8050000000001,783.25,0.0,0.0,0.0,1200334.0
Maharashtra,BULDHANA,1436,27.39,30.7,16.852367688022284,45.68245125348189,78.76044568245125,231.825,231.85,0.0,0.0,0.0,385.205,383.68,0.0,0.0,0.0,242.115,241.53,0.0,0.0,0.0,976.825,976.14,0.0,0.0,0.0,
Maharashtra,CHANDRAPUR,1837,12.28,14.13,41.97060424605335,85.08437670114317,100.0,111.6,114.73,0.0,0.0,0.0,477.05,476.84,0.0,0.0,0.0,110.96,114.1,0.0,0.0,0.0,887.16,888.58,0.0,0.0,0.0,2204307.0
Maharashtra,CHHATRAPATI SAMBHAJINAGAR,1366,20.0,20.81,21.522693997071745,64.71449487554905,99.70717423133236,157.86,156.36,0.0,0.0,0.0,267.07000000000005,266.52,0.0,0.0,0.0,206.325,207.89,0.0,0.0,0.0,1089.655,1083.83,0.0,0.0,0.0,
Maharashtra,DHARASHIV,749,28.09,28.23,12.683578104138851,43.524699599465954,92.92389853137516,216.36,211.13,0.0,0.0,0.0,334.22,329.12,0.0,0.0,0.0,215.08,208.04,0.0,0.0,0.0,1223.83,1222.19,0.0,0.0,0.0,
Maharashtra,DHULE,711,18.61,19.86,23.488045007032348,67.51054852320675,99.85935302391,141.05,140.05,0.0,0.0,0.0,205.62,196.68,0.0,0.0,0.0,177.79,174.12,0.0,0.0,0.0,1032.41,1028.36,0.0,0.0,0.0,2050862.0
Maharashtra,GADCHIROLI,1721,49.47,52.77,1.568855316676351,7.844276583381755,50.784427658338174,167.28,175.17,0.0,0.0,0.0,405.91,397.99,0.0,0.0,0.0,169.34,180.73,0.0,0.0,0.0,883.26,882.34,0.0,0.0,0.0,1072942.0
Maharashtra,GONDIA,958,7.53,10.13,63.15240083507307,91.8580375782881,100.0,118.01,116.37,0.0,0.0,0.0,491.6,494.04,0.0,0.0,0.0,121.805,121.61,0.0,0.0,0.0,748.115,753.05,0.0,0.0,0.0,
Maharashtra,HINGOLI,711,11.96,14.01,42.05344585091421,87.34177215189874,100.0,249.44,250.77,0.0,0.0,0.0,437.94,437.63,0.0,0.0,0.0,255.21,254.11,0.0,0.0,0.0,1034.62,1035.41,0.0,0.0,0.0,1177345.0
Maharashtra,JALGAON,1550,9.015,10.66,54.83870967741935,95.61290322580646,100.0,169.48000000000002,169.23,0.0,0.0,0.0,283.265,289.49,0.0,0.0,0.0,198.415,199.41,0.0,0.0,0.0,990.13,990.78,0.0,0.0,0.0,4229917.0
Maharashtra,JALNA,976,22.535,24.01,20.901639344262296,55.43032786885246,96.51639344262296,226.525,229.66,0.0,0.0,0.0,330.21000000000004,329.81,0.0,0.0,0.0,254.91,252.97,0.0,0.0,0.0,1064.4699999999998,1065.16,0.0,0.0,0.0,1959046.0
Maharashtra,KOLH>PUR,1273,27.32,26.44,9.819324430479185,42.49803613511391,99.7643362136685,222.76,227.75,0.0,0.0,0.0,123.65,124.14,0.0,0.0,0.0,228.68,233.68,0.0,0.0,0.0,1477.65,1477.91,0.0,0.0,0.0,
Maharashtra,LATUR,951,15.73,17.92,31.019978969505782,74.97371188222924,99.05362776025235,204.35,205.45,0.0,0.0,0.0,405.82,403.27,0.0,0.0,0.0,214.15,214.78,0.0,0.0,0.0,1173.77,1173.19,0.0,0.0,0.0,2454196.0
Maharashtra,MUMBAI,1,0.77,0.77,100.0,100.0,100.0,25.92,25.92,0.0,0.0,100.0,3.41,3.41,100.0,100.0,100.0,13.3,13.3,0.0,100.0,100.0,1321.3,1321.3,0.0,0.0,0.0,3085411.0
Maharashtra,MUMBAI SUBURBAN,1,3.43,3.43,100.0,100.0,100.0,8.26,8.26,100.0,100.0,100.0,19.95,19.95,0.0,100.0,100.0,4.86,4.86,100.0,100.0,100.0,1303.86,1303.86,0.0,0.0,0.0,9356962.0
Maharashtra,N>NDED,1685,17.29,18.92,33.64985163204748,65.57863501483679,100.0,197.21,194.33,0.0,0.0,0.0,478.29,482.45,0.0,0.0,0.0,212.17,207.6,0.0,0.0,0.0,1079.82,1071.75,0.0,0.0,0.0,
Maharashtra,N>SHIK,1943,25.5,25.96,23.726196603190942,49.25373134328358,94.85331960885227,52.87,56.24,0.5661348430262481,10.44776119402985,45.856922285126096,149.88,155.64,0.0,0.0,0.0,141.25,145.8,0.0,0.0,0.0,1137.45,1137.56,0.0,0.0,0.0,
Maharashtra,NAGPUR,1958,7.96,9.52,60.16343207354444,98.62104187946883,100.0,39.41,39.85,1.838610827374872,20.3779366700715,71.14402451481104,569.885,566.8,0.0,0.0,0.0,39.735,39.95,2.093973442288049,20.3779366700715,70.63329928498467,810.075,808.83,0.0,0.0,0.0,4653570.0
Maharashtra,NANDURB>R,989,26.2,25.13,28.51365015166835,46.81496461071789,92.92214357937311,142.23,138.62,0.0,0.0,0.0,161.37,163.06,0.0,0.0,0.0,155.09,152.33,0.0,0.0,0.0,1014.26,1017.78,0.0,0.0,0.0,
Maharashtra,PALGHAR,915,17.38,18.12,33.114754098360656,70.92896174863388,100.0,60.88,62.82,0.0,0.9836065573770492,25.02732240437158,95.44,93.0,0.0,0.0,1.3114754098360657,81.85,80.45,0.0,0.1092896174863388,7.213114754098362,1236.4,1235.72,0.0,0.0,0.0,
Maharashtra,PARBHANI,854,12.505,14.72,40.98360655737705,83.37236533957847,100.0,268.015,263.26,0.0,0.0,0.0,391.095,391.48,0.0,0.0,0.0,273.455,272.06,0.0,0.0,0.0,1088.745,1088.34,0.0,0.0,0.0,1836086.0
Maharashtra,PUNE,1884,21.84,23.37,23.726114649681527,56.26326963906582,93.47133757961782,45.795,51.82,0.1592356687898089,9.288747346072189,58.067940552016985,111.695,119.09,0.0,0.0,0.1061571125265392,48.175,52.4,0.583864118895966,7.218683651804671,54.67091295116773,1288.88,1288.71,0.0,0.0,0.0,9429408.0
Maharashtra,RAIGAD,2083,8.59,10.07,56.07297167546808,95.82333173307728,100.0,48.14,48.4,4.560729716754681,19.347095535285646,51.4642342774844,50.6,57.76,2.256361017762842,15.218434949591936,49.30388862217955,62.26,62.22,0.0,2.112337974075852,30.580892942870857,1340.01,1337.34,0.0,0.0,0.0,
Maharashtra,RATNAGIRI,1547,11.31,13.04,44.602456367162254,88.88170652876535,100.0,140.5,144.13,0.0,0.0,0.0,157.3,156.67,0.0,0.0,0.0,149.01,152.55,0.0,0.0,0.0,1435.2,1437.17,0.0,0.0,0.0,1615069.0
Maharashtra,S>T>RA,1800,20.805,20.45,21.88888888888889,64.27777777777777,99.05555555555556,100.725,102.16,0.0,0.0,1.7222222222222223,187.875,182.86,0.0,0.0,0.0,105.45,107.58,0.0,0.0,0.6111111111111112,1369.475,1370.64,0.0,0.0,0.0,
Maharashtra,SANGLI,753,18.59,18.46,28.818061088977423,67.99468791500664,100.0,173.11,178.55,0.0,0.0,0.0,205.08,208.95,0.0,0.0,0.0,177.26,181.99,0.0,0.0,0.0,1394.65,1393.79,0.0,0.0,0.0,2822143.0
Maharashtra,SINDHUDURG,754,12.535,13.59,39.38992042440319,89.25729442970822,100.0,264.91,263.03,0.0,0.0,0.0,78.535,80.4,0.0,0.0,17.771883289124666,272.34000000000003,270.15,0.0,0.0,0.0,1537.685,1533.78,0.0,0.0,0.0,849651.0
Maharashtra,SOLAPUR,1174,11.51,14.14,44.71890971039183,84.41226575809199,100.0,192.98,188.95,0.0,0.0,0.0,287.92,286.87,0.0,0.0,0.0,190.31,186.37,0.0,0.0,0.0,1285.76,1284.31,0.0,0.0,0.0,4317756.0
Maharashtra,THANE,830,10.23,13.23,49.1566265060241,83.73493975903614,100.0,39.71,40.04,0.7228915662650602,20.0,67.71084337349397,58.370000000000005,59.33,0.0,2.1686746987951806,31.56626506024096,54.525000000000006,55.77,0.0,4.096385542168675,43.13253012048192,1260.01,1258.8,0.0,0.0,0.0,11060148.0
Maharashtra,WARDHA,1421,14.86,15.33,33.145672061928224,84.65869106263196,100.0,68.62,68.72,0.0,0.0,15.904292751583393,570.9,568.86,0.0,0.0,0.0,67.85,68.07,0.0,0.0,17.17100633356791,862.36,863.05,0.0,0.0,0.0,1300774.0
Maharashtra,WASHIM,781,15.45,18.22,25.224071702944943,77.20870678617158,99.8719590268886,200.88,205.31,0.0,0.0,0.0,471.31,466.6,0.0,0.0,0.0,200.21,204.66,0.0,0.0,0.0,965.11,965.27,0.0,0.0,0.0,1197160.0
Maharashtra,YAVATMAL,2145,24.93,25.24,11.608391608391608,50.20979020979021,97.2027972027972,137.81,144.59,0.0,0.0,0.0,532.44,531.65,0.0,0.0,0.0,137.01,143.78,0.0,0.0,0.0,940.52,945.97,0.0,0.0,0.0,2772348.0
Maharashtra,__STATE__,44659,,14.413408428045184,32.268971539891176,68.41174231397926,94.393067466804,,102.4712960740286,0.3403569269352202,3.0363420587115697,12.494681923016635,,233.9861682516544,0.1074811348216484,0.7546071340603238,3.22219485434067,,108.19259665624064,0.1186770863655702,1.3793412302111556,8.370093374235877,,1160.92861613867,0.0,0.0,0.0,72459341.0
Manipur,BISHNUPUR,1,74.66,74.66,0.0,0.0,0.0,277.87,277.87,0.0,0.0,0.0,587.33,587.33,0.0,0.0,0.0,279.97,279.97,0.0,0.0,0.0,56.48,56.48,0.0,0.0,0.0,237399.0
Manipur,CHANDEL,1,109.84,109.84,0.0,0.0,0.0,316.05,316.05,0.0,0.0,0.0,593.34,593.34,0.0,0.0,0.0,317.53,317.53,0.0,0.0,0.0,33.31,33.31,0.0,0.0,100.0,144182.0
Manipur,CHURACHANDPUR,1,78.17,78.17,0.0,0.0,0.0,285.07,285.07,0.0,0.0,0.0,567.37,567.37,0.0,0.0,0.0,286.05,286.05,0.0,0.0,0.0,62.93,62.93,0.0,0.0,0.0,274143.0
Manipur,IMPHAL EAST,1,88.15,88.15,0.0,0.0,0.0,271.27,271.27,0.0,0.0,0.0,620.79,620.79,0.0,0.0,0.0,275.24,275.24,0.0,0.0,0.0,71.18,71.18,0.0,0.0,0.0,456113.0
Manipur,IMPHAL WEST,1,73.23,73.23,0.0,0.0,0.0,264.17,264.17,0.0,0.0,0.0,603.61,603.61,0.0,0.0,0.0,267.46,267.46,0.0,0.0,0.0,70.99,70.99,0.0,0.0,0.0,517992.0
Manipur,JIRIBAM,1,9.63,9.63,100.0,100.0,100.0,213.14,213.14,0.0,0.0,0.0,532.86,532.86,0.0,0.0,0.0,213.72,213.72,0.0,0.0,0.0,67.64,67.64,0.0,0.0,0.0,
Manipur,KAKCHING,1,87.57,87.57,0.0,0.0,0.0,292.26,292.26,0.0,0.0,0.0,589.98,589.98,0.0,0.0,0.0,294.14,294.14,0.0,0.0,0.0,44.48,44.48,0.0,0.0,100.0,
Manipur,KAMJANG,1,125.47,125.47,0.0,0.0,0.0,304.59,304.59,0.0,0.0,0.0,654.72,654.72,0.0,0.0,0.0,309.23,309.23,0.0,0.0,0.0,63.34,63.34,0.0,0.0,0.0,
Manipur,KANGPOKPI,1,98.16,98.16,0.0,0.0,0.0,274.07,274.07,0.0,0.0,0.0,633.75,633.75,0.0,0.0,0.0,278.64,278.64,0.0,0.0,0.0,77.98,77.98,0.0,0.0,0.0,
Manipur,NONEY,1,40.45,40.45,0.0,0.0,100.0,243.64,243.64,0.0,0.0,0.0,567.09,567.09,0.0,0.0,0.0,245.52,245.52,0.0,0.0,0.0,91.07,91.07,0.0,0.0,0.0,
Manipur,PHERZAWL,1,48.58,48.58,0.0,0.0,100.0,250.87,250.87,0.0,0.0,0.0,531.22,531.22,0.0,0.0,0.0,250.7,250.7,0.0,0.0,0.0,90.29,90.29,0.0,0.0,0.0,
Manipur,SENAPATI,1,66.63,66.63,0.0,0.0,0.0,257.68,257.68,0.0,0.0,0.0,657.55,657.55,0.0,0.0,0.0,264.1,264.1,0.0,0.0,0.0,124.19,124.19,0.0,0.0,0.0,479148.0
Manipur,TAMENGLONG,1,42.13,42.13,0.0,0.0,100.0,220.38,220.38,0.0,0.0,0.0,588.83,588.83,0.0,0.0,0.0,224.15,224.15,0.0,0.0,0.0,115.53,115.53,0.0,0.0,0.0,140651.0
Manipur,TENGNOUPAL,1,122.68,122.68,0.0,0.0,0.0,322.28,322.28,0.0,0.0,0.0,627.21,627.21,0.0,0.0,0.0,325.12,325.12,0.0,0.0,0.0,13.46,13.46,0.0,100.0,100.0,
Manipur,THOUBAL,1,89.58,89.58,0.0,0.0,0.0,285.68,285.68,0.0,0.0,0.0,610.42,610.42,0.0,0.0,0.0,288.72,288.72,0.0,0.0,0.0,48.81,48.81,0.0,0.0,100.0,422168.0
Manipur,UKHRUL,1,95.78,95.78,0.0,0.0,0.0,291.02,291.02,0.0,0.0,0.0,683.64,683.64,0.0,0.0,0.0,297.56,297.56,0.0,0.0,0.0,116.94,116.94,0.0,0.0,0.0,183998.0
Manipur,__STATE__,16,,79.28521083453498,6.25,6.25,25.0,,272.73256495741646,0.0,0.0,0.0,,615.4883846173778,0.0,0.0,0.0,,276.44035051898004,0.0,0.0,0.0,,77.93935371388832,0.0,6.25,25.0,2855794.0
Meghalaya,EAST GARO HILLS,1,43.05,43.05,0.0,0.0,100.0,119.17,119.17,0.0,0.0,0.0,405.23,405.23,0.0,0.0,0.0,107.1,107.1,0.0,0.0,0.0,50.91,50.91,0.0,0.0,0.0,317917.0
Meghalaya,EAST JAINTIA HILLS,1,35.04,35.04,0.0,0.0,100.0,128.42,128.42,0.0,0.0,0.0,507.86,507.86,0.0,0.0,0.0,128.45,128.45,0.0,0.0,0.0,45.95,45.95,0.0,0.0,100.0,
Meghalaya,EAST KHASI HILLS,1,79.23,79.23,0.0,0.0,0.0,86.49,86.49,0.0,0.0,0.0,466.32,466.32,0.0,0.0,0.0,80.86,80.86,0.0,0.0,0.0,29.26,29.26,0.0,0.0,100.0,825922.0
Meghalaya,EASTERN WEST KHASI HILLS,1,49.44,49.44,0.0,0.0,100.0,60.35,60.35,0.0,0.0,0.0,468.29,468.29,0.0,0.0,0.0,52.14,52.14,0.0,0.0,0.0,61.81,61.81,0.0,0.0,0.0,
Meghalaya,NORTH GARO HILLS,1,17.99,17.99,0.0,100.0,100.0,102.78,102.78,0.0,0.0,0.0,428.84,428.84,0.0,0.0,0.0,91.34,91.34,0.0,0.0,0.0,65.87,65.87,0.0,0.0,0.0,
Meghalaya,RI-BHOI,1,32.01,32.01,0.0,0.0,100.0,37.4,37.4,0.0,0.0,100.0,503.67,503.67,0.0,0.0,0.0,36.57,36.57,0.0,0.0,100.0,75.99,75.99,0.0,0.0,0.0,
Meghalaya,SOUTH GARO HILLS,1,73.37,73.37,0.0,0.0,0.0,141.17,141.17,0.0,0.0,0.0,377.73,377.73,0.0,0.0,0.0,128.88,128.88,0.0,0.0,0.0,48.6,48.6,0.0,0.0,100.0,142334.0
Meghalaya,SOUTH WEST GARO HILLS,1,62.94,62.94,0.0,0.0,0.0,184.07,184.07,0.0,0.0,0.0,355.53,355.53,0.0,0.0,0.0,172.24,172.24,0.0,0.0,0.0,16.28,16.28,0.0,100.0,100.0,
Meghalaya,SOUTH WEST KHASI HILLS,1,75.57,75.57,0.0,0.0,0.0,100.97,100.97,0.0,0.0,0.0,423.18,423.18,0.0,0.0,0.0,90.39,90.39,0.0,0.0,0.0,70.24,70.24,0.0,0.0,0.0,
Meghalaya,WEST GARO HILLS,1,51.21,51.21,0.0,0.0,0.0,157.3,157.3,0.0,0.0,0.0,381.02,381.02,0.0,0.0,0.0,145.62,145.62,0.0,0.0,0.0,11.36,11.36,0.0,100.0,100.0,643291.0
Meghalaya,WEST JAINTIA HILLS,1,65.33,65.33,0.0,0.0,0.0,94.75,94.75,0.0,0.0,0.0,496.01,496.01,0.0,0.0,0.0,93.58,93.58,0.0,0.0,0.0,30.88,30.88,0.0,0.0,100.0,
Meghalaya,WEST KHASI HILLS,1,44.0,44.0,0.0,0.0,100.0,85.66,85.66,0.0,0.0,0.0,430.62,430.62,0.0,0.0,0.0,73.54,73.54,0.0,0.0,0.0,97.53,97.53,0.0,0.0,0.0,383461.0
Meghalaya,__STATE__,12,,60.26239009046986,0.0,8.333333333333332,50.0,,113.90356237664427,0.0,0.0,8.333333333333332,,422.8282315293406,0.0,0.0,0.0,,104.21986311704876,0.0,0.0,8.333333333333332,,39.76601129738318,0.0,16.666666666666664,50.0,2312925.0
Mizoram,AIZAWL,1,49.86,49.86,0.0,0.0,100.0,277.85,277.85,0.0,0.0,0.0,480.94,480.94,0.0,0.0,0.0,274.98,274.98,0.0,0.0,0.0,100.32,100.32,0.0,0.0,0.0,400309.0
Mizoram,CHAMPHAI,1,110.97,110.97,0.0,0.0,0.0,336.31,336.31,0.0,0.0,0.0,512.27,512.27,0.0,0.0,0.0,334.1,334.1,0.0,0.0,0.0,54.56,54.56,0.0,0.0,0.0,125745.0
Mizoram,HNAHTHIAL,1,141.77,141.77,0.0,0.0,0.0,373.53,373.53,0.0,0.0,0.0,473.65,473.65,0.0,0.0,0.0,369.56,369.56,0.0,0.0,0.0,17.21,17.21,0.0,100.0,100.0,
Mizoram,KHAWZAWL,1,101.25,101.25,0.0,0.0,0.0,330.01,330.01,0.0,0.0,0.0,496.21,496.21,0.0,0.0,0.0,327.26,327.26,0.0,0.0,0.0,51.27,51.27,0.0,0.0,0.0,
Mizoram,KOLASIB,1,17.17,17.17,0.0,100.0,100.0,240.06,240.06,0.0,0.0,0.0,473.71,473.71,0.0,0.0,0.0,237.09,237.09,0.0,0.0,0.0,65.01,65.01,0.0,0.0,0.0,83955.0
Mizoram,LAWNGTLAI,1,188.94,188.94,0.0,0.0,0.0,427.32,427.32,0.0,0.0,0.0,444.64,444.64,0.0,0.0,0.0,422.0,422.0,0.0,0.0,0.0,81.59,81.59,0.0,0.0,0.0,117894.0
Mizoram,LUNGLEI,1,128.9,128.9,0.0,0.0,0.0,363.16,363.16,0.0,0.0,0.0,435.68,435.68,0.0,0.0,0.0,358.04,358.04,0.0,0.0,0.0,55.12,55.12,0.0,0.0,0.0,161428.0
Mizoram,MAMIT,1,48.53,48.53,0.0,0.0,100.0,274.18,274.18,0.0,0.0,0.0,434.12,434.12,0.0,0.0,0.0,269.32,269.32,0.0,0.0,0.0,101.48,101.48,0.0,0.0,0.0,86364.0
Mizoram,SAIHA,1,210.71,210.71,0.0,0.0,0.0,443.62,443.62,0.0,0.0,0.0,473.87,473.87,0.0,0.0,0.0,438.95,438.95,0.0,0.0,0.0,78.55,78.55,0.0,0.0,0.0,56574.0
Mizoram,SAITUAL,1,65.26,65.26,0.0,0.0,0.0,291.4,291.4,0.0,0.0,0.0,490.96,490.96,0.0,0.0,0.0,288.84,288.84,0.0,0.0,0.0,88.89,88.89,0.0,0.0,0.0,
Mizoram,SERCHHIP,1,101.83,101.83,0.0,0.0,0.0,333.63,333.63,0.0,0.0,0.0,469.58,469.58,0.0,0.0,0.0,329.86,329.86,0.0,0.0,0.0,44.72,44.72,0.0,0.0,100.0,64937.0
Mizoram,__STATE__,11,,92.19990181424454,0.0,9.090909090909092,27.27272727272727,,321.82983065167343,0.0,0.0,0.0,,468.6957976715403,0.0,0.0,0.0,,318.1308177224696,0.0,0.0,0.0,,79.38940591830523,0.0,9.090909090909092,18.181818181818183,1097206.0
Nagaland,CHUMOUKEDIMA,1,12.85,12.85,0.0,100.0,100.0,211.8,211.8,0.0,0.0,0.0,645.7,645.7,0.0,0.0,0.0,219.45,219.45,0.0,0.0,0.0,171.2,171.2,0.0,0.0,0.0,
Nagaland,DIMAPUR,1,1.28,1.28,100.0,100.0,100.0,204.51,204.51,0.0,0.0,0.0,650.6,650.6,0.0,0.0,0.0,212.83,212.83,0.0,0.0,0.0,175.4,175.4,0.0,0.0,0.0,378811.0
Nagaland,KIPHIRE,1,103.21,103.21,0.0,0.0,0.0,312.75,312.75,0.0,0.0,0.0,739.31,739.31,0.0,0.0,0.0,321.22,321.22,0.0,0.0,0.0,178.04,178.04,0.0,0.0,0.0,74004.0
Nagaland,KOHIMA,1,41.02,41.02,0.0,0.0,100.0,242.86,242.86,0.0,0.0,0.0,670.05,670.05,0.0,0.0,0.0,250.59,250.59,0.0,0.0,0.0,160.28,160.28,0.0,0.0,0.0,267988.0
Nagaland,LONGLENG,1,34.37,34.37,0.0,0.0,100.0,309.15,309.15,0.0,0.0,0.0,778.13,778.13,0.0,0.0,0.0,319.65,319.65,0.0,0.0,0.0,257.68,257.68,0.0,0.0,0.0,50484.0
Nagaland,MOKOKCHUNG,1,27.69,27.69,0.0,0.0,100.0,278.85,278.85,0.0,0.0,0.0,747.16,747.16,0.0,0.0,0.0,289.17,289.17,0.0,0.0,0.0,235.7,235.7,0.0,0.0,0.0,194622.0
Nagaland,MON,1,36.53,36.53,0.0,0.0,100.0,329.44,329.44,0.0,0.0,0.0,799.05,799.05,0.0,0.0,0.0,340.05,340.05,0.0,0.0,0.0,270.55,270.55,0.0,0.0,0.0,250260.0
Nagaland,NIULAND,1,23.08,23.08,0.0,100.0,100.0,228.16,228.16,0.0,0.0,0.0,670.55,670.55,0.0,0.0,0.0,236.58,236.58,0.0,0.0,0.0,181.79,181.79,0.0,0.0,0.0,
Nagaland,NOKLAK,1,88.7,88.7,0.0,0.0,0.0,326.19,326.19,0.0,0.0,0.0,768.1,768.1,0.0,0.0,0.0,335.5,335.5,0.0,0.0,0.0,212.43,212.43,0.0,0.0,0.0,
Nagaland,PEREN,1,37.85,37.85,0.0,0.0,100.0,203.97,203.97,0.0,0.0,0.0,613.24,613.24,0.0,0.0,0.0,209.87,209.87,0.0,0.0,0.0,140.8,140.8,0.0,0.0,0.0,95219.0
Nagaland,PHEK,1,69.66,69.66,0.0,0.0,0.0,271.66,271.66,0.0,0.0,0.0,690.9,690.9,0.0,0.0,0.0,279.34,279.34,0.0,0.0,0.0,151.82,151.82,0.0,0.0,0.0,163418.0
Nagaland,SHAMATOR,1,79.03,79.03,0.0,0.0,0.0,305.56,305.56,0.0,0.0,0.0,748.12,748.12,0.0,0.0,0.0,314.76,314.76,0.0,0.0,0.0,202.96,202.96,0.0,0.0,0.0,
Nagaland,TSEMINYU,1,36.24,36.24,0.0,0.0,100.0,245.05,245.05,0.0,0.0,0.0,687.66,687.66,0.0,0.0,0.0,253.7,253.7,0.0,0.0,0.0,183.65,183.65,0.0,0.0,0.0,
Nagaland,TUENSANG,1,58.42,58.42,0.0,0.0,0.0,304.57,304.57,0.0,0.0,0.0,760.1,760.1,0.0,0.0,0.0,314.39,314.39,0.0,0.0,0.0,227.22,227.22,0.0,0.0,0.0,196596.0
Nagaland,WOKHA,1,28.31,28.31,0.0,0.0,100.0,248.48,248.48,0.0,0.0,0.0,710.36,710.36,0.0,0.0,0.0,258.25,258.25,0.0,0.0,0.0,209.22,209.22,0.0,0.0,0.0,166343.0
Nagaland,ZUNHEBOTO,1,66.17,66.17,0.0,0.0,0.0,277.96,277.96,0.0,0.0,0.0,719.98,719.98,0.0,0.0,0.0,286.91,286.91,0.0,0.0,0.0,190.69,190.69,0.0,0.0,0.0,140757.0
Nagaland,__STATE__,16,,38.3511621974605,6.25,18.75,62.5,,263.92341447216126,0.0,0.0,0.0,,710.4540143906854,0.0,0.0,0.0,,272.8575826458604,0.0,0.0,0.0,,198.98485702314173,0.0,0.0,0.0,1978502.0
Odisha,ANGUL,2013,15.71,18.3,32.687531048186784,70.54148037754595,99.95032290114256,126.3,125.81,0.0,0.0,0.0,192.13,198.62,0.0,0.0,0.0,126.59,125.98,0.0,0.0,0.0,454.68,458.61,0.0,0.0,0.0,
Odisha,BALANGIR,1884,11.46,13.59,43.94904458598726,86.7303609341826,100.0,179.175,178.07,0.0,0.0,0.0,316.46000000000004,314.52,0.0,0.0,0.0,270.775,269.76,0.0,0.0,0.0,634.3,633.75,0.0,0.0,0.0,1648997.0
Odisha,BALASORE,2937,7.95,9.12,60.84439904664624,99.93190330268982,100.0,152.19,150.22,0.0,0.0,0.0,84.81,85.29,0.0,0.0,3.1324480762683007,157.17,156.64,0.0,0.0,0.0,257.86,257.25,0.0,0.0,0.0,
Odisha,BARGARH,1273,23.43,24.05,16.653574234092694,54.59544383346425,97.25058915946585,180.39,175.28,0.0,0.0,0.0,352.15,349.52,0.0,0.0,0.0,273.52,275.7,0.0,0.0,0.0,588.38,594.99,0.0,0.0,0.0,1481255.0
Odisha,BHADRAK,1342,15.675,20.16,26.527570789865877,67.88375558867362,97.54098360655738,110.74,110.55,0.0,0.0,0.0,42.635,40.0,6.0357675111773474,27.34724292101341,66.16989567809239,114.355,114.12,0.0,0.0,0.0,323.19,322.77,0.0,0.0,0.0,1506337.0
Odisha,BOUDH,1212,36.505,36.93,0.0,6.848184818481848,93.15181518151816,184.935,181.76,0.0,0.0,0.0,270.75,267.82,0.0,0.0,0.0,183.645,180.5,0.0,0.0,0.0,542.785,545.2,0.0,0.0,0.0,
Odisha,CUTTACK,2029,13.23,17.27,39.67471660916708,71.95662888122227,100.0,38.16,41.7,0.19714144898965,14.342040413997042,78.56086742237555,80.72,96.25,0.0,0.0,1.6264169541646132,40.21,43.34,0.0,12.12419911286348,74.66732380482996,417.53,422.03,0.0,0.0,0.0,2624470.0
Odisha,DEOGARH,791,42.82,42.51,0.0,0.7585335018963337,79.64601769911505,168.15,168.01,0.0,0.0,0.0,225.6,227.2,0.0,0.0,0.0,168.81,168.84,0.0,0.0,0.0,449.71,447.65,0.0,0.0,0.0,
Odisha,DHENKANAL,1294,15.12,15.01,34.38948995363214,84.23493044822257,100.0,67.22,68.57,0.0,0.0,8.578052550231838,129.51999999999998,131.46,0.0,0.0,0.0,68.905,70.12,0.0,0.0,6.723338485316847,416.195,415.13,0.0,0.0,0.0,1192811.0
Odisha,GAJAPATI,1647,30.43,30.88,14.146933819064966,40.43715846994536,82.81724347298118,212.5,212.94,0.0,0.0,0.0,180.96,184.26,0.0,0.0,0.0,176.37,175.09,0.0,0.0,0.0,641.76,640.96,0.0,0.0,0.0,577817.0
Odisha,GANJAM,3286,25.11,30.4,19.963481436396837,49.72611077297626,78.91052951917224,143.60500000000002,144.64,0.0,0.0,0.0,213.735,212.16,0.0,0.0,0.0,140.35000000000002,141.1,0.0,0.0,0.0,570.43,571.64,0.0,0.0,0.0,3529031.0
Odisha,JAGATSINGHPUR,1308,7.54,9.99,59.86238532110092,95.25993883792049,100.0,49.09,49.47,0.0,3.440366972477064,52.82874617737004,42.67,41.31,1.529051987767584,13.53211009174312,72.55351681957187,50.87,51.53,0.0,0.9938837920489296,47.018348623853214,403.88,402.26,0.0,0.0,0.0,
Odisha,JAJPUR,1823,9.18,12.22,52.98957761930884,86.88974218321448,100.0,72.41,72.01,0.0,0.0,5.37575425123423,72.54,71.62,0.0,0.0,11.684037301151948,75.93,75.52,0.0,0.0,2.303894679100384,363.94,364.04,0.0,0.0,0.0,
Odisha,JHARSUGUDA,376,8.04,8.81,64.09574468085107,100.0,100.0,207.885,207.39,0.0,0.0,0.0,318.16,320.07,0.0,0.0,0.0,254.6,257.24,0.0,0.0,0.0,512.37,512.19,0.0,0.0,0.0,579505.0
Odisha,KALAHANDI,2370,16.9,18.39,29.19831223628692,71.77215189873418,99.70464135021096,220.105,218.9,0.0,0.0,0.0,239.83,240.36,0.0,0.0,0.0,231.865,229.25,0.0,0.0,0.0,674.12,674.41,0.0,0.0,0.0,1576869.0
Odisha,KANDHAMAL,2572,63.585,61.46,0.0388802488335925,5.482115085536547,24.92223950233281,180.215,182.53,0.0,0.0,0.0,255.79,257.3,0.0,0.0,0.0,177.94,180.19,0.0,0.0,0.0,573.385,576.9,0.0,0.0,0.0,733110.0
Odisha,KENDRAPARA,1555,27.6,28.58,8.55305466237942,44.37299035369775,95.56270096463022,82.15,82.01,0.0,0.0,3.1511254019292605,28.58,29.59,4.244372990353698,36.78456591639871,96.91318327974275,85.37,85.16,0.0,0.0,0.8360128617363344,360.07,358.2,0.0,0.0,0.0,1440361.0
Odisha,KEONJHAR,2223,13.51,14.94,36.75213675213676,83.44579397210975,100.0,120.08,119.63,0.0,0.0,0.0,148.32,142.03,0.0,0.0,0.0,145.69,144.05,0.0,0.0,0.0,352.03,354.36,0.0,0.0,0.0,
Odisha,KHORDHA,1606,7.89,11.39,57.53424657534247,87.29763387297635,100.0,44.585,46.59,8.21917808219178,27.14819427148194,59.33997509339976,129.35000000000002,127.54,0.0,0.0,0.0,41.45,44.09,8.779576587795766,29.265255292652554,63.013698630136986,471.505,472.7,0.0,0.0,0.0,2251673.0
Odisha,KORAPUT,2165,12.03,13.0,41.75519630484988,91.87066974595844,100.0,291.25,290.25,0.0,0.0,0.0,137.48,135.72,0.0,0.0,0.0,134.31,132.58,0.0,0.0,0.0,783.72,777.81,0.0,0.0,0.0,1379647.0
Odisha,MALKANGIRI,1104,59.73,60.62,0.0,0.0,28.07971014492754,325.035,323.7,0.0,0.0,0.0,141.64999999999998,142.45,0.0,0.0,0.0,140.29500000000002,141.27,0.0,0.0,0.0,865.875,870.58,0.0,0.0,0.0,613192.0
Odisha,MAYURBHANJ,3985,13.5,16.75,38.24341279799247,73.27478042659975,99.94981179422837,104.73,102.96,0.0,0.0,5.395232120451694,136.07,136.02,0.0,0.0,0.0,187.35,188.07,0.0,0.0,0.0,265.01,269.64,0.0,0.0,0.0,2519738.0
Odisha,NABARANGPUR,939,46.39,48.73,0.7454739084132056,10.543130990415335,57.082002129925456,204.29,202.29,0.0,0.0,0.0,217.66,220.55,0.0,0.0,0.0,214.6,217.37,0.0,0.0,0.0,766.54,765.29,0.0,0.0,0.0,
Odisha,NAYAGARH,1741,45.16,43.98,1.9529006318207929,13.38311315336014,61.458931648477886,84.47,86.25,0.0,0.0,0.80413555427915,171.71,173.45,0.0,0.0,0.0,82.25,83.82,0.0,0.0,3.2165422171166,497.66,498.34,0.0,0.0,0.0,962789.0
Odisha,NUAPADA,707,23.4,24.35,19.660537482319658,54.5968882602546,96.46393210749646,137.96,134.65,0.0,0.0,0.0,301.35,308.32,0.0,0.0,0.0,297.75,302.32,0.0,0.0,0.0,692.59,694.12,0.0,0.0,0.0,610382.0
Odisha,PURI,1718,13.445,15.74,37.83469150174621,77.24097788125728,100.0,40.055,41.37,0.2910360884749709,14.90104772991851,77.53201396973225,92.855,94.89,0.0,0.0,0.6984866123399301,37.72,39.13,1.1059371362048895,20.256111757857976,80.79161816065192,451.42,456.45,0.0,0.0,0.0,1698730.0
Odisha,RAYAGADA,2758,10.92,13.49,46.37418419144307,86.11312545322698,100.0,251.67,251.87,0.0,0.0,0.0,187.73,190.01,0.0,0.0,0.0,184.74,186.9,0.0,0.0,0.0,673.395,676.58,0.0,0.0,0.0,967911.0
Odisha,SAMBALPUR,1427,14.72,17.19,37.91170287316047,70.98808689558514,100.0,200.72,198.01,0.0,0.0,0.0,278.89,277.54,0.0,0.0,0.0,212.61,208.48,0.0,0.0,0.0,496.38,495.24,0.0,0.0,0.0,1041099.0
Odisha,SUBARNAPUR,1004,21.565,21.72,8.764940239043826,65.63745019920319,100.0,212.33,209.39,0.0,0.0,0.0,306.755,302.89,0.0,0.0,0.0,220.21,217.12,0.0,0.0,0.0,561.315,560.74,0.0,0.0,0.0,610183.0
Odisha,SUNDARGARH,1936,12.87,15.77,39.51446280991736,79.44214876033058,99.69008264462808,162.52,162.79,0.0,0.0,0.0,272.56,280.11,0.0,0.0,0.0,248.83,242.45,0.0,0.0,0.0,432.57,449.45,0.0,0.0,0.0,2093437.0
Odisha,__STATE__,53025,,21.53035732314805,31.057048561999057,64.24893917963225,90.1989627534182,,138.40597978580084,0.2659123055162659,1.9387081565299389,9.537010843941538,,184.0092416922424,0.3149457802923149,2.1046676096181045,6.966525223950966,,151.68904342643768,0.3017444601603017,2.031117397454031,8.916548797736915,,511.55584289231786,0.0,0.0,0.0,31639344.0
Puducherry,KARAIKAL,37,5.71,5.81,97.2972972972973,100.0,100.0,198.87,198.58,0.0,0.0,0.0,6.36,6.45,89.1891891891892,100.0,100.0,122.48,121.84,0.0,0.0,0.0,1634.5,1633.93,0.0,0.0,0.0,200222.0
Puducherry,PUDUCHERRY,92,5.359999999999999,6.94,84.78260869565217,96.7391304347826,100.0,135.275,152.21,0.0,0.0,0.0,112.2,115.48,0.0,0.0,0.0,128.515,127.83,0.0,0.0,0.0,1549.0949999999998,1528.86,0.0,0.0,0.0,
Puducherry,__STATE__,129,,5.809999999999999,88.37209302325581,97.67441860465117,100.0,,198.58000000000004,0.0,0.0,0.0,,6.450000000000001,25.58139534883721,28.68217054263566,28.68217054263566,,121.84,0.0,0.0,0.0,,1633.9300000000003,0.0,0.0,0.0,200222.0
Punjab,AMRITSAR,752,9.93,13.11,50.13297872340425,82.4468085106383,100.0,132.885,128.45,0.0,0.0,0.0,1051.475,1050.39,0.0,0.0,0.0,21.645000000000003,23.74,7.313829787234042,65.42553191489363,97.20744680851064,36.68,36.06,0.6648936170212766,22.34042553191489,86.17021276595744,2490656.0
Punjab,BARNALA,141,11.21,11.67,43.97163120567376,100.0,100.0,65.56,64.67,0.0,0.0,14.184397163120568,952.6,952.97,0.0,0.0,0.0,156.36,157.82,0.0,0.0,0.0,114.03,114.6,0.0,0.0,0.0,595527.0
Punjab,BATHINDA,289,5.79,7.69,75.08650519031141,97.57785467128028,100.0,111.44,110.62,0.0,0.0,0.0,908.66,909.37,0.0,0.0,0.0,170.71,170.06,0.0,0.0,0.0,111.06,111.12,0.0,0.0,0.0,1388525.0
Punjab,FARIDKOT,168,6.835,7.19,76.78571428571429,100.0,100.0,109.575,108.84,0.0,0.0,0.0,938.265,938.2,0.0,0.0,0.0,115.59,118.32,0.0,0.0,0.0,51.9,54.22,0.0,0.0,47.61904761904761,617508.0
Punjab,FATEHGARH SAHIB,453,6.75,7.37,73.73068432671081,100.0,100.0,47.26,48.27,0.0,0.0,64.67991169977924,1024.15,1023.14,0.0,0.0,0.0,189.13,189.5,0.0,0.0,0.0,175.56,175.43,0.0,0.0,0.0,600163.0
Punjab,FAZILKA,352,5.415,6.01,88.63636363636364,100.0,100.0,169.495,170.68,0.0,0.0,0.0,889.2650000000001,888.01,0.0,0.0,0.0,155.355,157.09,0.0,0.0,0.0,88.19,89.7,0.0,0.0,0.0,
Punjab,FIROZPUR,652,5.025,5.62,90.03067484662577,100.0,100.0,107.11,109.25,0.0,0.0,0.0,965.23,964.73,0.0,0.0,0.0,86.415,88.1,0.0,0.0,0.0,31.94,31.95,1.5337423312883436,30.21472392638037,93.40490797546012,2029074.0
Punjab,GURDASPUR,1210,10.12,10.91,49.33884297520661,96.8595041322314,100.0,128.8,126.03,0.0,0.0,0.0,1086.125,1087.89,0.0,0.0,0.0,55.835,55.08,0.0,1.0743801652892562,38.34710743801653,33.395,31.66,9.50413223140496,32.231404958677686,90.9090909090909,2298323.0
Punjab,HOSHIARPUR,1411,7.24,8.19,66.97377746279236,99.92912827781714,100.0,84.0,83.51,0.0,0.0,10.9851169383416,1082.08,1084.05,0.0,0.0,0.0,94.74,99.2,0.0,0.0,0.0,81.12,86.89,0.0,0.0,0.0,1586625.0
Punjab,JALANDHAR,983,4.25,5.03,91.25127161749744,100.0,100.0,51.93,49.28,0.0,11.088504577822992,45.574771108850456,1030.6,1031.77,0.0,0.0,0.0,87.85,90.69,0.0,0.0,0.0,84.63,85.37,0.0,0.0,0.9155645981688708,2193590.0
Punjab,KAPURTHALA,651,6.33,6.88,77.41935483870968,100.0,100.0,74.0,69.55,0.0,0.0,14.285714285714285,1036.33,1035.6,0.0,0.0,0.0,64.88,69.93,0.0,0.0,0.1536098310291858,66.03,70.09,0.0,0.0,9.37019969278034,815168.0
Punjab,LUDHIANA,933,7.81,8.49,62.37942122186495,100.0,100.0,27.99,26.95,7.395498392282958,41.157556270096464,99.78563772775992,1013.81,1013.72,0.0,0.0,0.0,146.57,144.18,0.0,0.0,0.0,132.85,128.17,0.0,0.0,0.0,3498739.0
Punjab,MALER KOTLA,190,5.65,7.15,72.10526315789474,100.0,100.0,40.665,40.86,0.0,1.0526315789473684,88.94736842105263,986.54,986.61,0.0,0.0,0.0,165.695,165.15,0.0,0.0,0.0,136.83499999999998,137.26,0.0,0.0,0.0,
Punjab,MANSA,239,12.14,12.23,42.67782426778243,96.23430962343096,100.0,117.25,117.41,0.0,0.0,0.0,905.49,903.97,0.0,0.0,0.0,202.67,202.03,0.0,0.0,0.0,155.26,155.08,0.0,0.0,0.0,769751.0
Punjab,MOGA,319,11.0,11.65,45.76802507836991,95.61128526645768,100.0,66.75,66.74,0.0,0.0,5.956112852664576,977.33,976.23,0.0,0.0,0.0,101.39,103.34,0.0,0.0,0.0,63.27,63.79,0.0,0.0,11.912225705329153,995746.0
Punjab,PATHANKOT,534,6.03,8.1,64.41947565543072,100.0,100.0,154.81,155.08,0.0,0.0,0.0,1130.15,1135.32,0.0,0.0,0.0,93.9,98.71,0.0,0.0,0.0,61.69,65.46,0.0,0.0,18.726591760299627,
Punjab,PATIALA,969,10.34,11.83,48.71001031991744,92.46646026831785,100.0,71.68,73.45,0.0,0.0,6.707946336429309,996.56,995.97,0.0,0.0,0.0,197.46,197.38,0.0,0.0,0.0,194.19,191.66,0.0,0.0,0.0,1895686.0
Punjab,RUPNAGAR,604,5.025,6.26,82.11920529801324,100.0,100.0,33.705,34.66,0.1655629139072847,20.6953642384106,89.23841059602648,1064.59,1064.26,0.0,0.0,0.0,176.83499999999998,175.4,0.0,0.0,0.0,173.32999999999998,171.34,0.0,0.0,0.0,684627.0
Punjab,SANGRUR,397,7.3,8.68,66.49874055415617,99.49622166246851,100.0,77.23,81.48,0.0,0.0,4.282115869017632,957.41,953.5,0.0,0.0,0.0,188.72,186.95,0.0,0.0,0.0,159.81,160.51,0.0,0.0,0.0,1655169.0
Punjab,SAS NAGAR (SAHIBZADA AJIT SINGH NAGAR),420,5.4,6.0,86.66666666666667,100.0,100.0,33.44,33.59,0.7142857142857143,30.714285714285715,87.61904761904762,1045.455,1046.17,0.0,0.0,0.0,207.775,209.05,0.0,0.0,0.0,203.275,206.35,0.0,0.0,0.0,
Punjab,SHAHID BHAGAT SINGH NAGAR,436,8.46,9.4,56.65137614678899,100.0,100.0,36.595,36.59,0.0,7.79816513761468,96.3302752293578,1051.0749999999998,1051.2,0.0,0.0,0.0,146.37,143.28,0.0,0.0,0.0,145.28,143.05,0.0,0.0,0.0,612310.0
Punjab,SRI MUKTSAR SAHIB,235,8.96,8.57,57.02127659574469,100.0,100.0,142.21,141.04,0.0,0.0,0.0,897.98,898.03,0.0,0.0,0.0,152.87,154.24,0.0,0.0,0.0,85.22,86.41,0.0,0.0,0.425531914893617,
Punjab,TARN TARAN,492,18.815,18.76,11.178861788617883,78.45528455284553,100.0,106.465,106.97,0.0,0.0,0.0,1012.31,1011.52,0.0,0.0,0.0,43.075,43.24,0.0,7.520325203252034,70.32520325203252,39.09,37.23,2.845528455284553,22.96747967479675,76.42276422764228,1119627.0
Punjab,__STATE__,12830,,9.433082042916393,64.72330475448167,97.02260327357756,100.0,,81.55622680574868,0.568978955572876,6.102883865939205,27.568199532346068,,1010.2114238780068,0.0,0.0,0.0,,115.96874621452376,0.4286827747466875,4.224473889321902,12.018706157443493,,95.86793948569444,1.1223694466095089,6.76539360872954,23.554169914263447,25846814.0
Rajasthan,AJMER,775,15.83,20.69,33.935483870967744,68.51612903225806,91.35483870967742,116.8,116.6,0.0,0.0,0.0,544.63,548.82,0.0,0.0,0.0,116.96,115.86,0.0,0.0,0.0,527.52,528.16,0.0,0.0,0.0,2583052.0
Rajasthan,ALWAR,1133,8.58,11.22,56.57546337157988,88.4377758164166,100.0,74.39,74.83,0.0,0.0,6.44307149161518,745.54,742.84,0.0,0.0,0.0,104.99,101.41,0.0,0.0,0.088261253309797,437.78,438.96,0.0,0.0,0.0,3674179.0
Rajasthan,BALOTRA,1136,20.04,22.29,28.169014084507044,58.890845070422536,96.21478873239435,314.755,309.68,0.0,0.0,0.0,363.22,361.66,0.0,0.0,0.0,315.64,310.21,0.0,0.0,0.0,618.315,619.31,0.0,0.0,0.0,
Rajasthan,BANSWARA,1547,49.63,47.14,0.193923723335488,6.658047834518423,50.87265675500969,157.68,157.66,0.0,0.0,0.0,264.19,265.83,0.0,0.0,0.0,158.46,159.29,0.0,0.0,0.0,834.85,833.46,0.0,0.0,0.0,1797485.0
Rajasthan,BARAN,1225,16.29,18.45,32.0,71.42857142857143,98.93877551020408,196.87,192.32,0.0,0.0,0.0,546.31,552.69,0.0,0.0,0.0,217.67,214.23,0.0,0.0,0.0,579.46,572.72,0.0,0.0,0.0,1222755.0
Rajasthan,BARMER,2099,33.59,36.22,12.10100047641734,37.779895188184845,70.93854216293472,285.39,288.73,0.0,0.0,0.0,293.48,296.95,0.0,0.0,0.0,302.34,305.41,0.0,0.0,0.0,690.65,684.54,0.0,0.0,0.0,2603751.0
Rajasthan,BEAWAR,761,12.79,14.21,38.89618922470434,84.88830486202366,100.0,175.95,177.09,0.0,0.0,0.0,503.61,502.01,0.0,0.0,0.0,174.93,176.01,0.0,0.0,0.0,552.14,552.45,0.0,0.0,0.0,
Rajasthan,BHARATPUR,825,5.28,6.51,80.0,100.0,100.0,117.74,116.02,0.0,0.0,0.0,753.37,753.87,0.0,0.0,0.0,148.25,147.3,0.0,0.0,0.0,403.34,401.57,0.0,0.0,0.0,2548462.0
Rajasthan,BHILWARA,1909,18.93,19.35,24.09638554216868,68.67469879518072,99.9476165531692,183.8,183.53,0.0,0.0,0.0,465.63,465.68,0.0,0.0,0.0,185.85,185.23,0.0,0.0,0.0,617.33,616.97,0.0,0.0,0.0,2408523.0
Rajasthan,BIKANER,955,16.9,26.07,30.78534031413613,64.08376963350786,81.78010471204189,290.85,295.36,0.0,0.0,0.0,632.2,631.48,0.0,0.0,0.0,288.47,291.32,0.0,0.0,0.0,354.92,352.63,0.0,0.0,0.0,2363937.0
Rajasthan,BUNDI,896,11.87,14.5,43.973214285714285,80.13392857142857,100.0,139.85,139.89,0.0,0.0,0.0,526.99,529.22,0.0,0.0,0.0,144.375,144.63,0.0,0.0,0.0,605.9100000000001,605.4,0.0,0.0,0.0,1110906.0
Rajasthan,CHITTAURGARH,1783,10.66,14.1,47.67246214245653,85.64217610768368,98.4296130117779,232.49,230.88,0.0,0.0,0.0,401.69,402.85,0.0,0.0,0.0,230.96,231.0,0.0,0.0,0.0,682.68,685.63,0.0,0.0,0.0,1544338.0
Rajasthan,CHURU,918,13.76,15.9,38.453159041394336,78.75816993464052,100.0,173.085,171.77,0.0,0.0,0.0,738.825,733.78,0.0,0.0,0.0,185.59,189.44,0.0,0.0,0.0,295.48,304.22,0.0,0.0,0.0,2039547.0
Rajasthan,DAUSA,1150,13.81,14.88,37.56521739130434,82.69565217391305,100.0,63.53,67.69,0.0,0.0,26.347826086956523,688.51,685.58,0.0,0.0,0.0,66.675,71.19,0.0,0.0,17.391304347826086,481.065,482.35,0.0,0.0,0.0,1634409.0
Rajasthan,DEEG,702,10.215,11.78,49.14529914529914,93.44729344729345,100.0,81.39500000000001,83.95,0.0,0.0,0.0,783.77,784.8,0.0,0.0,0.0,113.605,113.64,0.0,0.0,0.0,397.73,398.38,0.0,0.0,0.0,
Rajasthan,DHAULPUR,854,7.46,8.94,64.98829039812647,97.65807962529274,100.0,73.16499999999999,73.27,0.0,0.0,0.0,756.895,754.91,0.0,0.0,0.0,191.08,188.53,0.0,0.0,0.0,377.695,379.41,0.0,0.0,0.0,1206516.0
Rajasthan,DIDWANA-KUCHAMAN,800,11.345,12.66,44.375,90.5,100.0,124.91,122.78,0.0,0.0,0.0,632.995,628.05,0.0,0.0,0.0,120.315,117.72,0.0,0.0,0.0,429.35,429.15,0.0,0.0,0.0,
Rajasthan,DUNGARPUR,1056,28.735,27.84,16.193181818181817,41.76136363636363,93.93939393939394,145.025,147.59,0.0,0.0,0.0,256.955,258.3,0.0,0.0,0.0,141.42,144.02,0.0,0.0,0.0,805.7950000000001,807.33,0.0,0.0,0.0,1388552.0
Rajasthan,GANGANAGAR,3060,10.92,14.95,46.69934640522876,84.54248366013071,95.71895424836602,271.0,275.54,0.0,0.0,0.0,766.31,766.09,0.0,0.0,0.0,279.55999999999995,278.85,0.0,0.0,0.0,211.915,212.37,0.0,0.0,0.0,1969168.0
Rajasthan,HANUMANGARH,1916,11.625,13.98,43.21503131524008,84.29018789144051,100.0,210.075,207.94,0.0,0.0,0.0,808.275,809.2,0.0,0.0,0.0,241.96,238.28,0.0,0.0,0.0,190.625,189.05,0.0,0.0,0.0,1774692.0
Rajasthan,JAIPUR,2001,10.74,13.09,47.026486756621686,86.65667166416792,100.0,36.68,38.74,4.3478260869565215,23.788105947026487,71.31434282858571,648.59,650.22,0.0,0.0,0.0,36.58,37.63,2.2488755622188905,23.388305847076463,77.81109445277362,474.06,472.7,0.0,0.0,0.0,6626178.0
Rajasthan,JAISALMER,855,46.47,48.41,6.1988304093567255,22.69005847953216,56.25730994152048,402.02,406.2,0.0,0.0,0.0,420.24,427.6,0.0,0.0,0.0,418.21,427.32,0.0,0.0,0.0,573.98,576.78,0.0,0.0,0.0,669919.0
Rajasthan,JALOR,836,24.73,28.63,21.650717703349283,50.59808612440191,84.0909090909091,221.515,223.72,0.0,0.0,0.0,285.185,292.94,0.0,0.0,0.0,223.06,224.71,0.0,0.0,0.0,710.0,701.6,0.0,0.0,0.0,1828730.0
Rajasthan,JHALAWAR,1631,30.58,29.48,10.72961373390558,36.29675045984059,93.93010423053342,202.27,196.35,0.0,0.0,0.0,479.92,470.79,0.0,0.0,0.0,187.83,183.66,0.0,0.0,0.0,645.72,655.39,0.0,0.0,0.0,1411129.0
Rajasthan,JHUNJHUNUN,1003,10.51,11.19,46.75972083748754,100.0,100.0,101.96,101.31,0.0,0.0,0.0997008973080757,756.07,755.58,0.0,0.0,0.0,133.54,135.32,0.0,0.0,0.0,341.43,341.77,0.0,0.0,0.0,2137045.0
Rajasthan,JODHPUR,1247,21.49,24.05,24.057738572574177,56.93664795509223,91.49959903769046,302.08,294.82,0.0,0.0,0.0,453.52,455.49,0.0,0.0,0.0,299.09,291.9,0.0,0.0,0.0,537.63,536.63,0.0,0.0,0.0,3687165.0
Rajasthan,KARAULI,901,13.95,14.25,29.52275249722531,92.78579356270812,100.0,105.16,103.8,0.0,0.0,0.0,693.34,689.5,0.0,0.0,0.0,115.08,116.39,0.0,0.0,0.0,454.39,457.81,0.0,0.0,0.0,1458248.0
Rajasthan,KHAIRTHAL-TIJARA,559,14.3,14.84,33.810375670840784,86.22540250447227,100.0,26.17,25.98,1.7889087656529516,45.796064400715565,100.0,791.94,793.8,0.0,0.0,0.0,80.19,78.39,0.0,0.0,3.756708407871199,399.82,401.0,0.0,0.0,0.0,
Rajasthan,KOTA,881,12.91,13.46,37.3439273552781,92.16799091940976,100.0,193.29,185.52,0.0,0.0,0.0,513.28,517.45,0.0,0.0,0.0,198.47,188.87,0.0,0.0,0.0,612.81,609.65,0.0,0.0,0.0,1951014.0
Rajasthan,KOTPUTLI-BEHROR,599,26.33,26.41,9.181969949916526,46.57762938230384,100.0,54.61,52.58,0.0,8.681135225375627,43.572621035058425,748.72,749.15,0.0,0.0,0.0,95.53,93.84,0.0,0.0,0.0,406.18,403.34,0.0,0.0,0.0,
Rajasthan,NAGAUR,860,15.62,17.67,34.53488372093023,73.13953488372093,100.0,183.57,189.43,0.0,0.0,0.0,563.27,563.08,0.0,0.0,0.0,179.32,185.4,0.0,0.0,0.0,462.665,459.41,0.0,0.0,0.0,3307743.0
Rajasthan,PALI,792,10.725,11.91,46.464646464646464,93.18181818181816,100.0,251.015,249.81,0.0,0.0,0.0,420.24,418.7,0.0,0.0,0.0,250.18,248.7,0.0,0.0,0.0,611.88,616.04,0.0,0.0,0.0,2037573.0
Rajasthan,PHALODI,761,20.45,23.28,22.207621550591327,60.44678055190539,95.79500657030223,334.32,334.19,0.0,0.0,0.0,501.37,498.81,0.0,0.0,0.0,330.13,329.92,0.0,0.0,0.0,477.75,479.92,0.0,0.0,0.0,
Rajasthan,PRATAPGARH,1023,29.08,29.06,2.834799608993157,38.70967741935484,96.7741935483871,181.65,181.58,0.0,0.0,0.0,328.87,332.54,0.0,0.0,0.0,179.38,179.68,0.0,0.0,0.0,773.66,772.58,0.0,0.0,0.0,867848.0
Rajasthan,RAJSAMAND,1063,11.78,13.33,43.55597365945437,88.42897460018816,100.0,243.32,240.48,0.0,0.0,0.0,399.87,403.89,0.0,0.0,0.0,241.99,239.56,0.0,0.0,0.0,652.59,647.08,0.0,0.0,0.0,1156597.0
Rajasthan,SALUMBAR,605,14.33,15.27,31.40495867768595,86.2809917355372,100.0,185.95,187.0,0.0,0.0,0.0,305.48,307.51,0.0,0.0,0.0,182.71,183.86,0.0,0.0,0.0,757.72,757.75,0.0,0.0,0.0,
Rajasthan,SAWAI MADHOPUR,833,11.15,12.24,46.0984393757503,92.797118847539,100.0,85.89,87.76,0.0,0.0,0.9603841536614646,628.96,631.27,0.0,0.0,0.0,91.66,93.5,0.0,0.0,0.0,516.96,515.96,0.0,0.0,0.0,1335551.0
Rajasthan,SIKAR,1217,9.61,11.45,51.60230073952342,93.09778142974528,100.0,95.86,104.39,0.0,0.0,0.0,698.57,698.58,0.0,0.0,0.0,98.98,103.49,0.0,0.0,0.0,391.26,388.32,0.0,0.0,0.0,2677333.0
Rajasthan,SIROHI,512,15.85,15.77,33.3984375,79.6875,100.0,178.29500000000002,181.63,0.0,0.0,0.0,311.83,313.22,0.0,0.0,0.0,178.125,181.25,0.0,0.0,0.0,720.7950000000001,717.18,0.0,0.0,0.0,1036346.0
Rajasthan,TONK,1216,30.39,30.38,15.953947368421051,42.84539473684211,84.45723684210526,78.89,76.05,0.0,0.0,18.009868421052634,577.4649999999999,578.34,0.0,0.0,0.0,82.01,80.05,0.0,0.0,13.486842105263158,552.175,550.76,0.0,0.0,0.0,1421326.0
Rajasthan,UDAIPUR,1919,18.06,18.68,31.422615945805106,66.33663366336634,100.0,193.29,186.47,0.0,0.0,0.0,329.83,322.01,0.0,0.0,0.0,191.3,184.19,0.0,0.0,0.0,725.45,729.12,0.0,0.0,0.0,3068420.0
Rajasthan,__STATE__,46814,,18.663703285896947,33.64164566155424,70.49386935532105,93.89712479172896,,165.26484347644572,0.2072029734694749,1.67471269278421,6.090058529499722,,555.4362160620817,0.0,0.0,0.0,,173.2532255154118,0.0961250907848079,0.9997009441620028,4.1504678087751525,,521.556102819529,0.0,0.0,0.0,68548437.0
Sikkim,Gangtok,62,42.555,42.52,0.0,0.0,87.09677419354838,67.265,67.73,0.0,0.0,0.0,519.4,519.62,0.0,0.0,0.0,324.36,324.08,0.0,0.0,0.0,163.385,162.96,0.0,0.0,0.0,
Sikkim,Gyalshing,70,32.760000000000005,33.28,0.0,1.4285714285714286,100.0,70.41,70.56,0.0,0.0,0.0,519.2950000000001,519.59,0.0,0.0,0.0,353.365,353.18,0.0,0.0,0.0,137.57,136.98,0.0,0.0,0.0,
Sikkim,Mangan,53,62.4,65.47,0.0,0.0,1.8867924528301887,90.61,92.38,0.0,0.0,0.0,542.0,544.05,0.0,0.0,0.0,329.89,330.24,0.0,0.0,0.0,180.75,183.23,0.0,0.0,0.0,
Sikkim,Namchi,149,24.54,25.21,0.0,53.02013422818792,100.0,53.06,55.58,0.0,0.0,42.28187919463088,505.77,508.27,0.0,0.0,0.0,334.68,335.14,0.0,0.0,0.0,143.34,144.12,0.0,0.0,0.0,
Sikkim,Pakyong,60,38.065,37.89,0.0,0.0,100.0,59.58,60.07,0.0,0.0,0.0,509.215,509.63,0.0,0.0,0.0,312.20500000000004,312.52,0.0,0.0,0.0,161.98000000000002,161.47,0.0,0.0,0.0,
Sikkim,Soreng,53,17.2,17.37,0.0,100.0,100.0,53.94,54.39,0.0,0.0,11.320754716981131,502.86,503.15,0.0,0.0,0.0,345.67,345.9,0.0,0.0,0.0,127.82,127.01,0.0,0.0,0.0,
Sikkim,__STATE__,447,,,0.0,29.75391498881432,86.57718120805369,,,0.0,0.0,15.436241610738255,,,0.0,0.0,0.0,,,0.0,0.0,0.0,,,0.0,0.0,0.0,
Tamil Nadu,ARIYALUR,215,12.62,12.48,36.27906976744186,98.6046511627907,100.0,134.24,134.08,0.0,0.0,0.0,71.61,71.69,0.0,0.0,0.9302325581395348,76.59,74.84,0.0,0.0,10.69767441860465,1645.42,1647.51,0.0,0.0,0.0,754894.0
Tamil Nadu,CHENGALPATTU,647,8.23,9.39,59.50540958268934,99.38176197836168,100.0,69.26,66.92,0.0,1.2364760432766615,19.01081916537867,67.98,67.57,0.0,1.545595054095827,21.79289026275116,51.13,50.73,2.3183925811437405,12.5193199381762,47.91344667697064,1473.01,1473.02,0.0,0.0,0.0,
Tamil Nadu,CHENNAI,17,1.33,2.09,100.0,100.0,100.0,9.94,10.8,52.94117647058824,100.0,100.0,9.17,10.16,58.82352941176471,100.0,100.0,11.53,12.22,29.411764705882355,100.0,100.0,1414.4,1414.24,0.0,0.0,0.0,4646732.0
Tamil Nadu,COIMBATORE,303,8.94,9.98,56.43564356435643,97.6897689768977,100.0,28.54,28.57,4.62046204620462,42.24422442244224,96.36963696369637,131.13,135.76,0.0,0.0,0.0,100.6,102.42,0.0,0.0,0.0,1826.75,1823.09,0.0,0.0,0.0,3458045.0
Tamil Nadu,CUDDALORE,885,7.1,8.26,66.21468926553672,100.0,100.0,148.93,144.47,0.0,0.0,0.0,80.71,79.18,0.0,0.0,8.47457627118644,117.8,118.53,0.0,0.0,0.0,1604.59,1602.01,0.0,0.0,0.0,2605914.0
Tamil Nadu,DHARMAPURI,512,10.29,12.18,48.828125,89.453125,100.0,58.625,57.8,0.0,0.0,25.1953125,209.82,215.8,0.0,0.0,0.0,134.87,130.58,0.0,0.0,0.0,1627.265,1630.43,0.0,0.0,0.0,1506843.0
Tamil Nadu,DINDIGUL,415,9.9,11.8,50.60240963855421,92.289156626506,100.0,60.12,59.07,0.0,0.9638554216867472,33.734939759036145,168.29,168.92,0.0,0.0,0.0,103.04,101.19,0.0,0.0,0.0,1806.0,1807.4,0.0,0.0,0.0,2159775.0
Tamil Nadu,ERODE,375,21.87,20.91,27.200000000000003,58.66666666666666,99.73333333333332,43.66,44.48,0.0,5.6000000000000005,69.6,211.53,212.11,0.0,0.0,0.0,142.05,139.71,0.0,0.0,0.0,1748.81,1747.0,0.0,0.0,0.0,2251744.0
Tamil Nadu,KALLAKKURICHI,593,12.56,14.18,38.7858347386172,86.6779089376054,100.0,101.54,101.38,0.0,0.0,0.0,131.23,130.96,0.0,0.0,0.0,123.67,122.58,0.0,0.0,0.0,1602.05,1603.71,0.0,0.0,0.0,
Tamil Nadu,KANCHIPURAM,468,8.18,8.92,63.888888888888886,99.57264957264957,100.0,46.725,47.12,0.0,3.8461538461538463,60.470085470085465,61.06,58.53,0.0,4.273504273504273,27.99145299145299,43.81999999999999,41.28,4.700854700854701,19.230769230769237,66.88034188034187,1462.37,1461.0,0.0,0.0,0.0,
Tamil Nadu,KANNIYAKUMARI,187,5.18,5.87,86.63101604278076,100.0,100.0,53.83,54.94,0.0,0.0,41.711229946524064,39.79,42.14,0.0,12.299465240641712,66.84491978609626,51.84,53.54,0.0,0.0,47.05882352941176,2036.69,2035.6,0.0,0.0,0.0,1870374.0
Tamil Nadu,KARUR,186,9.065,10.29,57.52688172043011,96.7741935483871,100.0,80.19999999999999,80.5,0.0,0.0,0.5376344086021506,188.61,184.31,0.0,0.0,0.0,66.405,64.28,0.0,6.989247311827956,30.64516129032258,1744.635,1747.04,0.0,0.0,0.0,1064493.0
Tamil Nadu,KRISHNAGIRI,673,13.15,13.3,35.95839524517088,95.2451708766716,99.70282317979198,70.67,66.77,0.0,0.0,21.545319465081725,239.03,239.92,0.0,0.0,0.0,87.54,93.59,0.0,0.0,7.280832095096583,1602.48,1606.99,0.0,0.0,0.0,1879809.0
Tamil Nadu,MADURAI,639,9.98,12.42,50.07824726134585,88.88888888888889,100.0,20.04,22.77,12.519561815336465,61.97183098591549,98.90453834115806,131.21,129.86,0.0,0.0,0.0,115.11,117.83,0.0,0.0,0.0,1832.72,1835.51,0.0,0.0,0.0,3038252.0
Tamil Nadu,MAYILADUTHURAI,280,5.66,6.62,78.21428571428571,100.0,100.0,178.9,179.2,0.0,0.0,0.0,31.905,30.9,0.7142857142857143,26.071428571428573,99.64285714285714,117.13,115.97,0.0,0.0,0.0,1622.545,1622.11,0.0,0.0,0.0,
Tamil Nadu,NAGAPATTINAM,235,8.61,12.7,56.59574468085107,82.12765957446808,100.0,196.16,195.79,0.0,0.0,0.0,28.74,31.54,2.9787234042553195,42.97872340425532,82.97872340425532,116.01,116.51,0.0,0.0,0.0,1659.55,1661.51,0.0,0.0,0.0,1616450.0
Tamil Nadu,NAMAKKAL,423,16.96,17.66,25.295508274231675,75.65011820330969,100.0,40.93,40.96,0.0,14.893617021276595,70.2127659574468,195.38,195.41,0.0,0.0,0.0,93.69,92.85,0.0,0.0,0.0,1708.47,1708.04,0.0,0.0,0.0,1726601.0
Tamil Nadu,PERAMBALUR,165,19.73,19.71,19.393939393939394,66.66666666666666,100.0,94.16,93.84,0.0,0.0,0.0,109.81,110.84,0.0,0.0,0.0,62.66,61.59,0.0,0.0,21.21212121212121,1661.31,1660.52,0.0,0.0,0.0,565223.0
Tamil Nadu,PUDUKKOTTAI,773,14.79,15.27,29.75420439844761,85.1228978007762,100.0,103.76,101.93,0.0,0.0,0.0,125.29,125.08,0.0,0.0,0.0,56.81,59.47,0.3880983182406209,7.503234152652006,38.55109961190168,1748.28,1746.02,0.0,0.0,0.0,1618345.0
Tamil Nadu,RAMANATHAPURAM,404,18.12,20.17,28.96039603960396,63.11881188118812,100.0,87.935,86.51,0.0,0.0,0.0,92.15,95.51,0.0,0.0,3.217821782178218,148.375,146.48,0.0,0.0,0.0,1841.225,1837.84,0.0,0.0,0.0,1353445.0
Tamil Nadu,RANIPET,338,8.08,9.68,59.46745562130178,96.7455621301775,100.0,24.305,24.06,9.171597633136097,53.25443786982249,100.0,96.055,92.72,0.0,0.0,0.0,81.795,78.13,0.0,0.0,2.6627218934911245,1478.49,1477.86,0.0,0.0,0.0,
Tamil Nadu,SALEM,681,6.29,7.93,71.21879588839941,98.53157121879588,100.0,25.59,29.01,8.223201174743025,46.69603524229075,87.22466960352423,203.19,197.16,0.0,0.0,0.0,119.67,117.42,0.0,0.0,0.0,1669.88,1671.65,0.0,0.0,0.0,3482056.0
Tamil Nadu,SIVAGANGA,542,11.03,12.57,45.38745387453875,91.5129151291513,100.0,57.325,56.55,0.5535055350553505,5.904059040590406,35.608856088560884,132.78,131.52,0.0,0.0,0.0,100.16,98.81,0.0,0.0,0.3690036900369003,1802.33,1803.94,0.0,0.0,0.0,1339101.0
Tamil Nadu,TENKASI,242,11.215,12.3,44.62809917355372,96.69421487603306,100.0,79.19999999999999,78.9,0.0,0.0,0.0,78.835,80.18,0.0,0.0,0.0,87.18,88.84,0.0,0.0,0.0,1956.965,1954.38,0.0,0.0,0.0,
Tamil Nadu,THANJAVUR,866,8.32,10.47,57.39030023094688,96.07390300230946,100.0,145.385,144.28,0.0,0.0,0.0,75.255,74.39,0.0,0.0,16.51270207852194,70.285,67.18,0.0,2.5404157043879905,18.24480369515012,1693.47,1689.83,0.0,0.0,0.0,2405890.0
Tamil Nadu,THE NILGIRIS,60,14.49,15.28,40.0,80.0,100.0,49.995,56.18,0.0,0.0,50.0,174.36,172.34,0.0,0.0,0.0,91.37,89.71,0.0,0.0,0.0,1801.085,1801.37,0.0,0.0,0.0,735394.0
Tamil Nadu,THENI,129,44.15,44.14,0.0,1.550387596899225,71.31782945736434,77.34,76.57,0.0,0.0,1.550387596899225,131.36,132.55,0.0,0.0,0.0,118.74,119.21,0.0,0.0,0.0,1876.84,1877.58,0.0,0.0,0.0,1245899.0
Tamil Nadu,THIRUVALLUR,665,8.1,8.67,64.06015037593986,100.0,100.0,32.76,31.66,2.556390977443609,28.270676691729324,98.94736842105264,32.82,37.85,5.56390977443609,32.631578947368425,77.14285714285715,39.41,41.3,1.0526315789473684,12.93233082706767,78.49624060150376,1415.31,1416.53,0.0,0.0,0.0,3728104.0
Tamil Nadu,THIRUVARUR,539,6.96,8.83,68.6456400742115,96.28942486085344,100.0,175.38,175.03,0.0,0.0,0.0,43.31,42.56,0.0,11.873840445269018,66.97588126159555,93.93,92.14,0.0,0.0,0.0,1668.41,1668.38,0.0,0.0,0.0,1264277.0
Tamil Nadu,THOOTHUKUDI,477,10.21,12.93,48.84696016771489,84.90566037735849,100.0,103.51,102.88,0.0,0.0,0.0,39.54,39.52,0.628930817610063,15.513626834381553,75.68134171907757,128.94,132.36,0.0,0.0,0.0,1931.54,1933.28,0.0,0.0,0.0,
Tamil Nadu,TIRUCHIRAPPALLI,514,7.365,12.06,58.17120622568094,83.0739299610895,100.0,86.755,87.81,0.0,0.0,0.7782101167315175,141.21,140.85,0.0,0.0,0.0,36.57,35.8,4.474708171206226,33.07392996108949,75.4863813229572,1708.6950000000002,1715.33,0.0,0.0,0.0,2722290.0
Tamil Nadu,TIRUNELVELI,320,9.645,12.58,50.9375,87.8125,100.0,80.225,79.91,0.0,0.0,0.625,64.265,62.52,0.0,0.0,13.125,83.92500000000001,84.33,0.0,0.0,0.3125,1982.375,1981.93,0.0,0.0,0.0,3077233.0
Tamil Nadu,TIRUPATHUR,237,5.01,6.32,81.0126582278481,100.0,100.0,95.28,94.17,0.0,0.0,0.0,190.0,189.49,0.0,0.0,0.0,118.04,118.82,0.0,0.0,0.0,1562.6,1563.27,0.0,0.0,0.0,
Tamil Nadu,TIRUPPUR,356,21.06,20.49,16.573033707865168,65.1685393258427,100.0,37.45,36.66,4.213483146067416,39.325842696629216,69.66292134831461,169.7,164.46,0.0,0.0,0.0,127.755,125.25,0.0,0.0,0.0,1791.64,1797.22,0.0,0.0,0.0,2479052.0
Tamil Nadu,TIRUVANNAMALAI,1106,16.125,16.74,30.74141048824593,75.5877034358047,100.0,72.70500000000001,73.98,0.0,0.0904159132007233,16.636528028933093,134.57999999999998,132.73,0.0,0.0,0.0,117.405,115.02,0.0,0.0,0.0,1528.235,1533.99,0.0,0.0,0.0,2464875.0
Tamil Nadu,VELLORE,372,5.895,7.21,73.38709677419355,100.0,100.0,53.965,53.23,0.0,8.870967741935484,43.01075268817204,146.10000000000002,145.14,0.0,0.0,0.0,123.64,121.95,0.0,0.0,0.0,1515.56,1514.75,0.0,0.0,0.0,3936331.0
Tamil Nadu,VILUPPURAM,918,9.16,11.15,52.72331154684096,92.81045751633988,100.0,108.875,108.27,0.0,0.0,0.0,125.21,125.42,0.0,0.0,0.0,120.34,120.48,0.0,0.0,0.0,1544.035,1544.95,0.0,0.0,0.0,3458873.0
Tamil Nadu,VIRUDHUNAGAR,620,7.92,8.78,66.12903225806451,98.87096774193547,100.0,51.75,54.37,0.0,2.0967741935483875,46.12903225806452,87.66,87.38,0.0,0.0,0.0,144.36,145.08,0.0,0.0,0.0,1873.99,1876.88,0.0,0.0,0.0,1942288.0
Tamil Nadu,__STATE__,17377,,11.92624407272912,50.68193589227139,89.3997813201358,99.76981066927549,,67.69178762965522,1.29481498532543,8.977383898256317,29.331875467572075,,118.40592194531445,0.3395292628186683,3.447085227599701,13.79985037693503,,93.43520553113451,0.4316049951084767,3.090291764976693,13.063244518616562,,1687.5748952032154,0.0,0.0,0.0,66398602.0
Telangana,ADILABAD,505,21.24,21.26,20.792079207920796,62.97029702970297,99.4059405940594,176.55,176.65,0.0,0.0,0.0,525.63,523.58,0.0,0.0,0.0,175.65,176.65,0.0,0.0,0.0,989.1,989.8,0.0,0.0,0.0,
Telangana,BHADRADRI KOTHAGUDEM,382,16.29,20.19,18.848167539267017,76.17801047120419,93.45549738219894,254.275,247.87,0.0,0.0,0.0,251.12,254.94,0.0,0.0,0.0,242.7,239.94,0.0,0.0,0.0,999.925,1007.51,0.0,0.0,0.0,
Telangana,HANUMAKONDA,144,12.095,12.42,37.5,99.30555555555556,100.0,136.505,133.61,0.0,0.0,0.0,384.225,385.33,0.0,0.0,0.0,154.07999999999998,150.83,0.0,0.0,0.0,1087.675,1089.85,0.0,0.0,0.0,
Telangana,HYDERABAD,17,1.59,2.04,100.0,100.0,100.0,7.11,6.98,70.58823529411765,100.0,100.0,387.01,386.85,0.0,0.0,0.0,19.07,19.03,0.0,94.11764705882352,100.0,1203.5,1203.94,0.0,0.0,0.0,
Telangana,JAGTIAL,295,49.64,48.16,0.0,6.101694915254238,50.84745762711864,159.01,158.03,0.0,0.0,0.0,466.4,467.73,0.0,0.0,0.0,182.9,182.02,0.0,0.0,0.0,1043.7,1043.72,0.0,0.0,0.0,
Telangana,JANGOAN,176,12.6,13.37,38.06818181818182,88.63636363636364,100.0,92.15,90.88,0.0,0.0,0.0,395.6,394.34,0.0,0.0,0.0,106.85,105.78,0.0,0.0,0.0,1134.05,1133.53,0.0,0.0,0.0,
Telangana,JAYASHANKAR BHUPALPALLI,223,44.69,44.46,0.0,19.282511210762333,60.53811659192825,193.46,187.73,0.0,0.0,0.0,361.66,359.74,0.0,0.0,0.0,212.36,206.43,0.0,0.0,0.0,1030.33,1035.22,0.0,0.0,0.0,
Telangana,JOGULAMBA GADWAL,199,12.05,13.51,41.70854271356784,93.46733668341707,100.0,168.93,168.7,0.0,0.0,0.0,320.39,318.9,0.0,0.0,0.0,145.59,145.67,0.0,0.0,0.0,1361.78,1363.73,0.0,0.0,0.0,
Telangana,KAMAREDDY,465,26.75,25.44,17.634408602150536,44.516129032258064,100.0,109.06,110.21,0.0,0.0,0.0,493.38,492.27,0.0,0.0,0.0,129.47,130.32,0.0,0.0,0.0,1132.75,1132.91,0.0,0.0,0.0,
Telangana,KARIMNAGAR,210,24.37,23.84,17.61904761904762,51.90476190476191,100.0,132.155,131.16,0.0,0.0,0.0,426.0,423.97,0.0,0.0,0.0,153.73,152.92,0.0,0.0,0.0,1072.765,1073.28,0.0,0.0,0.0,
Telangana,KHAMMAM,368,13.625,16.88,40.21739130434783,74.45652173913044,99.72826086956522,197.225,197.13,0.0,0.0,0.0,305.545,302.76,0.0,0.0,0.0,199.045,199.2,0.0,0.0,0.0,1090.435,1086.72,0.0,0.0,0.0,
Telangana,KUMURAM BHEEM,432,21.075000000000003,23.5,20.60185185185185,58.333333333333336,97.45370370370372,193.16,194.29,0.0,0.0,0.0,440.055,436.89,0.0,0.0,0.0,192.355,193.98,0.0,0.0,0.0,969.945,969.17,0.0,0.0,0.0,
Telangana,MAHABUBABAD,291,19.07,20.16,27.835051546391757,60.13745704467354,99.3127147766323,162.61,159.54,0.0,0.0,0.0,337.08,339.31,0.0,0.0,0.0,171.36,168.75,0.0,0.0,0.0,1084.73,1084.29,0.0,0.0,0.0,
Telangana,MAHABUBNAGAR,298,8.805,10.54,57.04697986577181,93.95973154362416,100.0,92.925,93.02,0.0,0.0,0.0,357.295,358.62,0.0,0.0,0.0,74.025,71.97,0.0,0.0,15.100671140939598,1287.01,1289.24,0.0,0.0,0.0,
Telangana,MANCHERIAL,376,23.055,23.84,19.148936170212767,53.98936170212766,97.87234042553192,203.63,202.56,0.0,0.0,0.0,406.655,410.41,0.0,0.0,0.0,217.975,218.88,0.0,0.0,0.0,1000.695,1000.14,0.0,0.0,0.0,
Telangana,MEDAK,370,17.39,19.96,32.972972972972975,64.86486486486487,100.0,62.125,61.21,0.0,0.0,28.10810810810811,451.565,451.08,0.0,0.0,0.0,83.81,82.15,0.0,0.0,0.2702702702702703,1162.285,1160.1,0.0,0.0,0.0,
Telangana,MEDCHAL_MALKAJGIRI,89,6.42,8.38,69.66292134831461,100.0,100.0,22.15,21.55,6.741573033707865,71.91011235955057,100.0,400.11,398.44,0.0,0.0,0.0,42.86,41.73,0.0,1.1235955056179776,86.51685393258427,1181.32,1182.35,0.0,0.0,0.0,
Telangana,MULUGU,343,54.69,55.82,0.0,0.2915451895043732,34.98542274052478,227.81,221.82,0.0,0.0,0.0,301.54,302.94,0.0,0.0,0.0,243.36,236.63,0.0,0.0,0.0,1001.42,1008.75,0.0,0.0,0.0,
Telangana,NAGARKURNOOL,348,44.465,44.26,0.8620689655172413,11.20689655172414,62.06896551724138,110.155,111.11,0.0,0.0,0.0,298.83500000000004,300.55,0.0,0.0,0.0,86.64,87.79,0.0,0.0,1.1494252873563218,1288.9,1289.21,0.0,0.0,0.0,
Telangana,NALGONDA,553,20.8,25.2,23.86980108499096,58.40867992766727,88.78842676311031,100.11,100.19,0.0,0.0,0.0,307.53,309.14,0.0,0.0,0.0,91.6,91.72,0.0,0.0,1.8083182640144664,1194.37,1197.87,0.0,0.0,0.0,
Telangana,NARAYANPET,246,25.825,24.54,7.723577235772358,47.5609756097561,100.0,127.005,127.78,0.0,0.0,0.0,381.12,379.58,0.0,0.0,0.0,108.7,109.94,0.0,0.0,0.0,1316.2199999999998,1316.07,0.0,0.0,0.0,
Telangana,NIRMAL,424,31.125,34.5,7.547169811320755,35.613207547169814,76.17924528301887,182.105,183.12,0.0,0.0,0.0,520.415,519.16,0.0,0.0,0.0,204.725,205.28,0.0,0.0,0.0,1047.72,1048.06,0.0,0.0,0.0,
Telangana,NIZAMABAD,437,13.16,16.64,38.672768878718536,75.28604118993135,100.0,144.52,143.65,0.0,0.0,0.0,518.13,518.05,0.0,0.0,0.0,166.21,165.96,0.0,0.0,0.0,1088.52,1088.81,0.0,0.0,0.0,
Telangana,PEDDAPALLI,204,12.38,13.75,41.66666666666667,88.72549019607843,100.0,164.87,164.32,0.0,0.0,0.0,404.885,404.87,0.0,0.0,0.0,186.92,185.87,0.0,0.0,0.0,1041.0700000000002,1041.83,0.0,0.0,0.0,
Telangana,RAJANNA SIRCILLA,165,45.99,42.67,0.0,6.0606060606060606,69.6969696969697,110.43,109.84,0.0,0.0,0.0,468.72,468.09,0.0,0.0,0.0,134.51,133.83,0.0,0.0,0.0,1090.57,1090.81,0.0,0.0,0.0,
Telangana,RANGA REDDY,466,15.21,17.96,32.40343347639485,75.32188841201717,97.63948497854076,43.585,44.24,0.0,7.939914163090128,65.23605150214593,369.405,368.35,0.0,0.0,0.0,30.705,29.85,5.793991416309012,32.83261802575107,95.70815450643777,1233.91,1234.37,0.0,0.0,0.0,
Telangana,SANGAREDDY,583,19.94,21.13,18.353344768439108,62.778730703259,100.0,79.69,74.24,0.0,4.631217838765009,24.52830188679245,455.79,455.5,0.0,0.0,0.0,88.49,86.23,0.0,0.0,12.178387650085764,1191.77,1191.56,0.0,0.0,0.0,
Telangana,SIDDIPET,373,29.12,29.29,4.021447721179625,36.46112600536193,96.7828418230563,72.95,70.95,0.0,0.0,19.839142091152816,429.55,431.04,0.0,0.0,0.0,95.2,93.64,0.0,0.0,0.0,1129.01,1130.42,0.0,0.0,0.0,
Telangana,SURYAPET,270,31.85,30.13,2.9629629629629632,28.14814814814815,100.0,138.515,139.6,0.0,0.0,0.0,315.45,316.81,0.0,0.0,0.0,139.055,139.89,0.0,0.0,0.0,1138.19,1138.92,0.0,0.0,0.0,
Telangana,VIKARABAD,497,9.68,11.69,50.90543259557344,91.75050301810866,100.0,78.58,80.26,0.0,0.0,2.414486921529175,415.94,414.65,0.0,0.0,0.0,72.24,73.39,0.0,0.0,8.853118712273641,1252.34,1250.8,0.0,0.0,0.0,
Telangana,WANAPARTHY,224,17.104999999999997,17.37,24.553571428571427,79.01785714285714,100.0,135.41,134.42,0.0,0.0,0.0,319.375,318.66,0.0,0.0,0.0,112.28,110.89,0.0,0.0,0.0,1332.63,1330.39,0.0,0.0,0.0,
Telangana,WARANGAL,172,12.75,13.41,39.53488372093023,90.69767441860463,100.0,145.95,144.04,0.0,0.0,0.0,359.995,361.4,0.0,0.0,0.0,159.12,157.23,0.0,0.0,0.0,1087.01,1088.48,0.0,0.0,0.0,
Telangana,YADADRI BHUVANAGIRI,310,11.61,12.93,42.25806451612903,90.96774193548389,100.0,55.175,56.49,0.0,0.0,38.38709677419354,371.985,373.56,0.0,0.0,0.0,64.995,66.12,0.0,0.0,20.967741935483872,1172.65,1173.65,0.0,0.0,0.0,
Telangana,__STATE__,10455,,,23.806791009086563,58.84265901482544,91.64036346245815,,,0.1721664275466284,1.3868962219033951,8.244858919177426,,,0.0,0.0,0.0,,,0.2582496413199426,1.6260162601626018,7.4605451936872305,,,0.0,0.0,0.0,
Tripura,Dhalai,154,16.905,18.31,31.818181818181817,74.02597402597402,98.7012987012987,246.93,250.31,0.0,0.0,0.0,386.7000000000001,385.72,0.0,0.0,0.0,239.78,243.28,0.0,0.0,0.0,50.17,50.77,0.0,0.0,49.35064935064935,378230.0
Tripura,Gomati,133,35.78,38.4,0.0,15.037593984962406,83.45864661654136,290.31,291.46,0.0,0.0,0.0,348.66,345.2,0.0,0.0,0.0,281.72,283.34,0.0,0.0,0.0,34.81,33.44,3.7593984962406015,11.278195488721805,100.0,
Tripura,Khowai,79,14.69,15.01,34.177215189873415,86.07594936708861,100.0,237.73,238.35,0.0,0.0,0.0,365.61,366.86,0.0,0.0,0.0,229.67,230.34,0.0,0.0,0.0,27.02,28.43,0.0,36.70886075949368,100.0,
Tripura,North Tripura,88,8.845,12.29,53.40909090909091,86.36363636363636,100.0,215.84,221.43,0.0,0.0,0.0,428.545,428.08,0.0,0.0,0.0,210.445,216.11,0.0,0.0,0.0,56.650000000000006,59.39,0.0,0.0,31.818181818181817,693947.0
Tripura,Sepahijala,118,22.815,25.57,5.084745762711865,55.932203389830505,94.91525423728814,283.58,285.76,0.0,0.0,0.0,317.82,320.27,0.0,0.0,0.0,274.52,276.45,0.0,0.0,0.0,31.54,31.71,0.0,29.66101694915254,99.15254237288136,
Tripura,South Tripura,137,70.31,71.45,0.0,0.0,3.64963503649635,325.77,325.97,0.0,0.0,0.0,335.07,333.91,0.0,0.0,0.0,313.66,313.26,0.0,0.0,0.0,19.15,20.34,24.087591240875916,65.69343065693431,100.0,876001.0
Tripura,Unakoti,78,10.28,10.01,48.71794871794872,100.0,100.0,214.565,214.27,0.0,0.0,0.0,414.55,413.45,0.0,0.0,0.0,208.375,208.12,0.0,0.0,0.0,63.75,63.91,0.0,0.0,0.0,
Tripura,West Tripura,112,6.505,8.85,69.64285714285714,96.42857142857144,100.0,255.825,252.47,0.0,0.0,0.0,335.57,337.22,0.0,0.0,0.0,246.86,243.5,0.0,0.0,0.0,12.69,12.5,28.57142857142857,98.21428571428572,100.0,1725739.0
Tripura,__STATE__,899,,25.399882885214883,27.252502780867637,58.954393770856505,81.97997775305895,,263.90982888562803,0.0,0.0,0.0,,358.58591983705674,0.0,0.0,0.0,,254.93722376689516,0.0,0.0,0.0,,27.16605935027928,7.786429365962181,31.03448275862069,75.86206896551724,3673917.0
Uttarakhand,ALMORA,2312,43.510000000000005,43.47,0.0,2.249134948096886,71.79930795847751,118.73,117.56,0.0,0.0,0.0,1107.59,1105.98,0.0,0.0,0.0,259.23,260.99,0.0,0.0,0.0,221.705,218.59,0.0,0.0,0.0,622506.0
Uttarakhand,BAGESHWAR,958,70.86500000000001,72.32,0.0,0.0,0.0,150.74,151.55,0.0,0.0,0.0,1137.97,1139.1,0.0,0.0,0.0,297.82,297.79,0.0,0.0,0.0,208.62,211.39,0.0,0.0,0.0,259898.0
Uttarakhand,CHAMOLI,1237,87.92,91.25,0.0,0.0,0.0,158.5,162.32,0.0,0.0,0.0,1141.15,1144.69,0.0,0.0,0.0,280.39,283.47,0.0,0.0,0.0,272.13,269.33,0.0,0.0,0.0,391605.0
Uttarakhand,CHAMPAWAT,735,33.84,31.39,5.442176870748299,21.904761904761905,100.0,137.01,136.58,0.0,0.0,0.0,1097.29,1096.37,0.0,0.0,0.0,289.55,288.11,0.0,0.0,0.0,153.25,152.81,0.0,0.0,0.0,259648.0
Uttarakhand,DEHRADUN,714,29.59,29.59,16.946778711484594,40.05602240896359,85.85434173669468,116.01,120.4,0.0,0.0,0.0,1096.785,1097.21,0.0,0.0,0.0,230.175,230.32,0.0,0.0,0.0,314.95,318.31,0.0,0.0,0.0,1696694.0
Uttarakhand,GARHWAL,3430,36.235,36.29,1.9825072886297372,22.82798833819242,83.14868804664724,123.165,122.69,0.0,0.0,0.0,1087.8449999999998,1088.34,0.0,0.0,0.0,224.065,223.28,0.0,0.0,0.0,290.925,288.91,0.0,0.0,0.0,687271.0
Uttarakhand,HARIDWAR,619,6.38,7.47,71.5670436187399,100.0,100.0,128.08,128.3,0.0,0.0,0.0,1031.89,1032.61,0.0,0.0,0.0,160.87,161.87,0.0,0.0,0.0,338.46,337.85,0.0,0.0,0.0,
Uttarakhand,NAINITAL,1070,16.425,16.17,33.73831775700935,77.00934579439253,100.0,88.81,88.31,0.0,0.0,0.0,1074.74,1076.16,0.0,0.0,0.0,244.02,242.81,0.0,0.0,0.0,198.255,199.9,0.0,0.0,0.0,954605.0
Uttarakhand,PITHORAGARH,1651,70.65,75.36,0.0,0.0,1.8170805572380373,165.54,168.62,0.0,0.0,0.0,1121.34,1120.12,0.0,0.0,0.0,317.76,320.28,0.0,0.0,0.0,182.63,182.08,0.0,0.0,0.0,483439.0
Uttarakhand,RUDRAPRAYAG,679,76.79,76.79,0.0,0.0,0.0,169.74,170.63,0.0,0.0,0.0,1137.91,1139.46,0.0,0.0,0.0,270.21,271.48,0.0,0.0,0.0,303.65,303.76,0.0,0.0,0.0,242285.0
Uttarakhand,TEHRI GARHWAL,1956,34.255,35.93,1.8404907975460123,19.529652351738243,82.97546012269939,159.425,158.67,0.0,0.0,0.0,1108.92,1109.88,0.0,0.0,0.0,238.62,239.33,0.0,0.0,0.0,334.95500000000004,334.44,0.0,0.0,0.0,618931.0
Uttarakhand,UDHAM SINGH NAGAR,674,6.905,8.76,65.28189910979229,100.0,100.0,57.83,70.5,0.0,0.0,23.293768545994062,1044.505,1048.3,0.0,0.0,0.0,217.665,223.21,0.0,0.0,0.0,198.685,192.54,0.0,0.0,0.0,1648902.0
Uttarakhand,UTTARKASHI,744,58.625,59.51,0.0,0.0,32.123655913978496,140.785,141.98,0.0,0.0,0.0,1137.02,1138.18,0.0,0.0,0.0,268.255,269.44,0.0,0.0,0.0,334.155,333.11,0.0,0.0,0.0,330086.0
Uttarakhand,__STATE__,16779,,35.58935017880957,8.993384587877705,22.53412003099112,60.28368794326241,,118.19115671917685,0.0,0.0,0.9356934263066928,,1093.6180796803756,0.0,0.0,0.0,,247.3724339466097,0.0,0.0,0.0,,251.5500817411696,0.0,0.0,0.0,8195870.0
Uttar Pradesh,AMBEDKAR NAGAR,1703,14.25,17.17,30.47563123899002,72.87140340575455,100.0,175.43,176.18,0.0,0.0,0.0,701.51,701.44,0.0,0.0,0.0,109.83,109.38,0.0,0.0,0.0,134.55,136.43,0.0,0.0,0.0,2397888.0
Uttar Pradesh,Agra,951,9.43,10.89,52.6813880126183,95.3732912723449,100.0,92.16,95.26,0.0,0.0,0.0,805.77,802.76,0.0,0.0,0.0,185.52,189.59,0.0,0.0,0.0,332.53,334.95,0.0,0.0,0.0,4418797.0
Uttar Pradesh,Aligarh,1169,11.96,12.74,41.06073567151412,96.74935842600512,100.0,87.91,84.12,0.0,0.0,6.41573994867408,870.79,872.09,0.0,0.0,0.0,121.69,118.99,0.0,0.0,0.0,308.75,305.88,0.0,0.0,0.0,3673889.0
Uttar Pradesh,Amethi,992,5.93,6.29,84.97983870967742,100.0,100.0,95.135,94.56,0.0,0.0,0.0,774.785,775.54,0.0,0.0,0.0,94.335,92.49,0.0,0.0,0.0,210.57,211.18,0.0,0.0,0.0,
Uttar Pradesh,Amroha,1079,7.82,9.63,62.3725671918443,96.9416126042632,100.0,44.87,43.36,0.0,11.584800741427248,66.72845227062095,966.64,964.37,0.0,0.0,0.0,122.82,124.75,0.0,0.0,0.0,280.04,280.15,0.0,0.0,0.0,
Uttar Pradesh,Auraiya,849,13.24,13.45,36.39575971731448,95.28857479387514,100.0,88.46,88.34,0.0,0.0,0.0,874.95,875.79,0.0,0.0,0.0,140.84,140.23,0.0,0.0,0.0,254.25,252.31,0.0,0.0,0.0,1379545.0
Uttar Pradesh,Ayodhya,1185,6.36,7.43,74.0928270042194,100.0,100.0,110.12,107.64,0.0,0.0,0.0,765.73,768.05,0.0,0.0,0.0,114.33,110.33,0.0,0.0,0.0,166.52,165.6,0.0,0.0,0.0,
Uttar Pradesh,Azamgarh,4010,12.095,13.07,39.72568578553616,90.47381546134665,100.0,202.695,201.55,0.0,0.0,0.0,645.41,646.57,0.0,0.0,0.0,71.5,71.32,0.0,0.0,15.261845386533665,156.44,157.31,0.0,0.0,0.0,4613913.0
Uttar Pradesh,Baghpat,333,6.66,7.32,68.76876876876878,100.0,100.0,32.59,33.04,3.903903903903904,30.630630630630627,87.68768768768768,926.66,927.02,0.0,0.0,0.0,57.39,57.57,0.0,0.0,30.03003003003003,343.07,342.64,0.0,0.0,0.0,1303048.0
Uttar Pradesh,Bahraich,1386,8.45,10.46,57.287157287157285,96.82539682539682,100.0,101.325,102.46,0.0,0.0,0.0,862.015,865.41,0.0,0.0,0.0,112.29,113.47,0.0,0.0,0.0,97.86,92.78,0.3607503607503607,2.1645021645021645,9.956709956709958,3487731.0
Uttar Pradesh,Ballia,2360,6.245,7.52,74.15254237288136,100.0,100.0,110.29,109.11,0.0,0.0,0.0,554.06,556.27,0.0,0.0,0.0,103.86,99.88,0.0,0.0,0.0423728813559322,143.09,144.72,0.0,0.0,0.0,3239774.0
Uttar Pradesh,Balrampur,1021,11.96,13.02,40.05876591576885,91.96865817825662,100.0,150.82,153.5,0.0,0.0,0.0,789.47,793.06,0.0,0.0,0.0,160.41,163.01,0.0,0.0,0.0,109.2,106.79,0.0,0.0,0.0,2148665.0
Uttar Pradesh,Banda,740,18.465,18.07,26.486486486486488,70.13513513513514,100.0,113.94,112.5,0.0,0.0,0.0,812.905,814.88,0.0,0.0,0.0,145.135,146.66,0.0,0.0,0.0,322.39,323.84,0.0,0.0,0.0,1799410.0
Uttar Pradesh,Bara Banki,1813,7.03,7.6,70.4357418643133,99.88968560397132,100.0,45.37,44.76,0.0,7.5565361279647,64.03750689464975,842.19,843.27,0.0,0.0,0.0,53.14,52.75,0.0,0.1654715940430226,41.20242691671263,155.42,155.79,0.0,0.0,0.0,3260699.0
Uttar Pradesh,Bareilly,2074,6.16,6.84,77.4831243972999,100.0,100.0,80.025,80.88,0.0,0.0,0.819672131147541,1002.78,1003.05,0.0,0.0,0.0,215.97,215.97,0.0,0.0,0.0,169.52499999999998,171.24,0.0,0.0,0.0,4448359.0
Uttar Pradesh,Basti,3202,11.39,11.73,42.06745783885072,99.75015615240474,100.0,166.85000000000002,163.97,0.0,0.0,0.0,731.88,731.8,0.0,0.0,0.0,145.70499999999998,147.92,0.0,0.0,0.0,108.4,108.42,0.0,0.0,0.0,2464464.0
Uttar Pradesh,Bhadohi,1190,4.09,4.25,100.0,100.0,100.0,221.815,222.22,0.0,0.0,0.0,660.0699999999999,658.54,0.0,0.0,0.0,41.43,41.41,0.0,7.73109243697479,78.4873949579832,249.88,249.93,0.0,0.0,0.0,
Uttar Pradesh,Bijnor,3010,5.9350000000000005,7.15,78.4717607973422,99.16943521594683,100.0,70.73,71.08,0.0,0.0,14.186046511627906,1013.44,1013.09,0.0,0.0,0.0,152.54500000000002,151.88,0.0,0.0,0.0,294.265,294.06,0.0,0.0,0.0,3682713.0
Uttar Pradesh,Budaun,1699,13.26,13.63,35.432607416127134,92.99587992937022,100.0,90.18,89.39,0.0,0.0,2.64861683343143,948.96,948.49,0.0,0.0,0.0,189.75,187.22,0.0,0.0,0.0,211.5,210.98,0.0,0.0,0.0,3681896.0
Uttar Pradesh,Bulandshahr,1256,9.55,11.32,51.910828025477706,93.55095541401272,100.0,49.525,50.39,0.0,8.04140127388535,50.87579617834395,904.085,903.36,0.0,0.0,0.0,89.97999999999999,90.86,0.0,0.0,0.0,310.91,309.83,0.0,0.0,0.0,3499171.0
Uttar Pradesh,Chandauli,1639,7.84,10.61,58.14521049420378,94.08175716900548,100.0,192.29,191.49,0.0,0.0,0.0,582.51,583.24,0.0,0.0,0.0,51.06,50.8,0.0,0.5491153142159854,46.2477120195241,241.11,244.22,0.0,0.0,0.0,1952756.0
Uttar Pradesh,Chitrakoot,651,10.53,12.08,47.77265745007681,93.24116743471582,100.0,149.92,152.3,0.0,0.0,0.0,761.61,759.24,0.0,0.0,0.0,159.97,160.29,0.0,0.0,0.0,329.68,331.85,0.0,0.0,0.0,991730.0
Uttar Pradesh,Deoria,2093,5.77,7.61,72.86192068800764,99.90444338270426,100.0,155.14,154.15,0.0,0.0,0.0,612.34,611.05,0.0,0.0,0.0,135.24,137.78,0.0,0.0,0.0,111.88,110.78,0.0,0.0,0.0,3100946.0
Uttar Pradesh,Etah,880,9.375,10.34,53.75,100.0,100.0,140.86,140.22,0.0,0.0,0.0,884.0350000000001,882.95,0.0,0.0,0.0,184.9,185.96,0.0,0.0,0.0,258.18,256.68,0.0,0.0,0.0,1774480.0
Uttar Pradesh,Etawah,694,9.06,10.69,55.18731988472623,94.95677233429394,100.0,107.075,106.58,0.0,0.0,0.0,854.46,855.43,0.0,0.0,0.0,174.66500000000002,175.9,0.0,0.0,0.0,269.67,268.88,0.0,0.0,0.0,1581810.0
Uttar Pradesh,Farrukhabad,984,5.36,6.49,79.57317073170732,99.89837398373984,100.0,133.715,131.62,0.0,0.0,0.0,928.985,929.37,0.0,0.0,0.0,153.865,156.08,0.0,0.0,0.0,197.655,197.11,0.0,0.0,0.0,1885204.0
Uttar Pradesh,Fatehpur,1482,9.4,10.09,54.99325236167342,99.12280701754386,100.0,82.36500000000001,81.74,0.0,0.0,14.035087719298245,820.39,822.22,0.0,0.0,0.0,96.425,98.04,0.0,0.0,0.0,270.74,272.76,0.0,0.0,0.0,2632733.0
Uttar Pradesh,Firozabad,810,7.17,8.55,64.93827160493827,100.0,100.0,109.775,110.78,0.0,0.0,0.0,841.6,842.74,0.0,0.0,0.0,203.535,202.31,0.0,0.0,0.0,290.195,290.44,0.0,0.0,0.0,2498156.0
Uttar Pradesh,Gautam Buddha Nagar,144,8.184999999999999,9.31,63.19444444444444,100.0,100.0,12.455,16.68,37.5,74.30555555555556,100.0,889.48,884.19,0.0,0.0,0.0,51.385000000000005,51.76,0.0,0.0,44.44444444444444,349.83000000000004,350.5,0.0,0.0,0.0,1648115.0
Uttar Pradesh,Ghaziabad,198,5.27,5.56,92.42424242424242,100.0,100.0,20.495,19.46,17.17171717171717,73.73737373737373,100.0,913.48,912.8,0.0,0.0,0.0,47.07,46.09,0.0,0.0,61.11111111111112,357.95,357.79,0.0,0.0,0.0,4681645.0
Uttar Pradesh,Ghazipur,3386,5.1,5.86,85.70584760779681,100.0,100.0,155.435,156.78,0.0,0.0,0.0,581.55,582.76,0.0,0.0,0.0,73.47999999999999,72.54,0.0,0.3248670998227997,17.542823390431188,189.315,190.09,0.0,0.0,0.0,3620268.0
Uttar Pradesh,Gonda,1811,6.43,7.48,70.40309221424627,100.0,100.0,114.25,113.9,0.0,0.0,0.0,795.7,793.26,0.0,0.0,0.0,123.18,122.29,0.0,0.0,0.0,137.49,135.42,0.0,0.0,0.0,3433919.0
Uttar Pradesh,Gorakhpur,3175,16.71,17.98,33.29133858267716,66.74015748031496,100.0,208.72,205.63,0.0,0.0,0.0,662.54,662.88,0.0,0.0,0.0,130.01,133.48,0.0,0.0,0.0,97.59,95.18,0.0,0.0,1.3543307086614174,4440895.0
Uttar Pradesh,Hamirpur,617,20.27,20.2,22.366288492706644,61.75040518638573,100.0,91.26,91.43,0.0,0.0,0.3241491085899514,854.31,850.75,0.0,0.0,0.0,147.24,149.58,0.0,0.0,0.0,313.98,313.99,0.0,0.0,0.0,1104285.0
Uttar Pradesh,Hapur,356,5.0600000000000005,5.55,90.1685393258427,100.0,100.0,37.85,37.33,0.2808988764044944,29.49438202247191,71.34831460674157,929.43,927.99,0.0,0.0,0.0,77.71000000000001,77.13,0.0,0.0,2.808988764044944,323.855,323.22,0.0,0.0,0.0,
Uttar Pradesh,Hardoi,2065,10.44,10.86,47.893462469733656,99.61259079903148,100.0,96.53,92.69,0.0,0.0,7.506053268765134,954.34,952.29,0.0,0.0,0.0,104.31,99.0,0.0,0.0,6.392251815980629,156.8,155.85,0.0,0.0,0.0,4092845.0
Uttar Pradesh,Hathras,669,5.35,6.27,82.36173393124065,100.0,100.0,115.71,114.52,0.0,0.0,0.0,846.69,847.65,0.0,0.0,0.0,147.62,146.48,0.0,0.0,0.0,311.44,309.37,0.0,0.0,0.0,
Uttar Pradesh,Jalaun,1155,16.28,18.26,31.255411255411254,69.43722943722945,100.0,94.67,93.21,0.0,0.0,0.0,835.46,833.72,0.0,0.0,0.0,166.37,166.75,0.0,0.0,0.0,301.59,304.07,0.0,0.0,0.0,1689974.0
Uttar Pradesh,Jaunpur,3292,5.33,6.47,79.0097205346294,100.0,100.0,199.305,198.82,0.0,0.0,0.0,671.16,669.76,0.0,0.0,0.0,45.55,45.87,0.0,15.765492102065616,55.98420413122722,205.625,205.12,0.0,0.0,0.0,4494204.0
Uttar Pradesh,Jhansi,835,9.19,11.25,54.49101796407185,91.7365269461078,100.0,107.63,110.05,0.0,0.0,0.0,771.29,767.39,0.0,0.0,0.0,229.02,231.64,0.0,0.0,0.0,376.54,378.47,0.0,0.0,0.0,1998603.0
Uttar Pradesh,Kannauj,756,11.36,12.6,46.42857142857143,89.41798941798942,100.0,89.89,89.38,0.0,0.0,0.0,919.92,919.09,0.0,0.0,0.0,119.66,120.61,0.0,0.0,0.0,206.11,206.6,0.0,0.0,0.0,1656616.0
Uttar Pradesh,Kanpur Dehat,1002,8.425,10.23,56.187624750499,97.30538922155688,100.0,53.415,51.2,0.0,5.089820359281437,41.11776447105788,891.585,891.82,0.0,0.0,0.0,111.055,109.92,0.0,0.0,0.0,250.315,249.66,0.0,0.0,0.0,1796184.0
Uttar Pradesh,Kanpur Nagar,1015,5.24,6.02,85.51724137931035,100.0,100.0,30.07,31.07,2.857142857142857,37.24137931034483,89.35960591133005,901.84,904.86,0.0,0.0,0.0,78.09,80.8,0.0,0.0,0.0,232.05,232.57,0.0,0.0,0.0,4581268.0
Uttar Pradesh,Kasganj,726,6.205,7.02,74.51790633608816,100.0,100.0,117.45,117.64,0.0,0.0,0.0,908.06,908.07,0.0,0.0,0.0,186.975,185.14,0.0,0.0,0.0,240.935,240.19,0.0,0.0,0.0,
Uttar Pradesh,Kaushambi,817,9.11,10.77,54.22276621787026,94.859241126071,100.0,152.76,150.51,0.0,0.0,0.0,748.2,750.23,0.0,0.0,0.0,133.25,133.28,0.0,0.0,0.0,290.66,291.73,0.0,0.0,0.0,1599596.0
Uttar Pradesh,Kheri,1819,10.75,12.13,46.2341946124244,93.45794392523364,100.0,131.55,134.17,0.0,0.0,0.0,970.66,967.89,0.0,0.0,0.0,138.55,143.12,0.0,0.0,0.0,71.99,75.1,0.0,1.7592083562396923,14.898295766904893,4021243.0
Uttar Pradesh,Kushinagar,1460,7.275,8.18,66.98630136986301,100.0,100.0,183.485,179.98,0.0,0.0,0.0,642.185,638.57,0.0,0.0,0.0,170.45,171.92,0.0,0.0,0.0,72.08500000000001,71.38,0.0,0.0,4.315068493150685,3564544.0
Uttar Pradesh,Lalitpur,754,12.71,17.02,39.92042440318303,75.06631299734748,100.0,178.555,175.78,0.0,0.0,0.0,686.425,685.28,0.0,0.0,0.0,321.9,319.95,0.0,0.0,0.0,482.665,481.44,0.0,0.0,0.0,1221592.0
Uttar Pradesh,Lucknow,726,5.1,5.57,89.94490358126723,100.0,100.0,23.765,23.62,0.4132231404958678,57.162534435261705,100.0,880.195,873.97,0.0,0.0,0.0,25.345,25.15,3.8567493112947657,48.48484848484848,100.0,167.66000000000005,167.18,0.0,0.0,0.0,4589838.0
Uttar Pradesh,Mahoba,526,9.995,11.16,50.0,97.33840304182507,100.0,140.29500000000002,138.35,0.0,0.0,0.0,813.05,816.03,0.0,0.0,0.0,198.74,195.94,0.0,0.0,0.0,362.975,362.34,0.0,0.0,0.0,875958.0
Uttar Pradesh,Mahrajganj,1219,8.89,9.89,55.45529122231338,99.50779327317474,100.0,230.43,230.29,0.0,0.0,0.0,692.31,694.09,0.0,0.0,0.0,200.64,201.1,0.0,0.0,0.0,34.33,33.39,5.742411812961444,26.004922067268254,89.25348646431502,2684703.0
Uttar Pradesh,Mainpuri,844,11.805,12.72,41.58767772511848,92.4170616113744,100.0,130.535,130.28,0.0,0.0,0.0,886.74,882.5,0.0,0.0,0.0,184.555,183.56,0.0,0.0,0.0,241.55,244.16,0.0,0.0,0.0,1868529.0
Uttar Pradesh,Mathura,820,8.0,10.09,59.14634146341463,93.90243902439023,100.0,88.53999999999999,87.38,0.0,0.0,0.6097560975609756,820.58,819.77,0.0,0.0,0.0,118.6,117.88,0.0,0.0,0.0,350.745,353.03,0.0,0.0,0.0,2547184.0
Uttar Pradesh,Mau,1524,7.995,9.23,61.023622047244096,99.67191601049868,100.0,166.26999999999998,164.88,0.0,0.0,0.0,610.68,609.34,0.0,0.0,0.0,96.725,93.7,0.0,0.0,0.0,152.445,152.63,0.0,0.0,0.0,2205968.0
Uttar Pradesh,Meerut,679,13.68,13.18,36.22974963181149,95.58173784977907,100.0,57.22,56.45,0.0,0.0,33.28424153166421,952.61,952.34,0.0,0.0,0.0,87.12,86.54,0.0,0.0,0.0,334.7,335.39,0.0,0.0,0.0,3443689.0
Uttar Pradesh,Mirzapur,1971,7.05,11.63,60.47691527143581,87.41755454084222,99.74632166412988,239.34,237.02,0.0,0.0,0.0,630.45,627.55,0.0,0.0,0.0,48.84,53.19,0.0,0.60882800608828,52.308472856418064,267.78,272.69,0.0,0.0,0.0,2496970.0
Uttar Pradesh,Moradabad,1175,4.89,5.77,86.38297872340426,100.0,100.0,21.86,22.31,10.382978723404255,59.14893617021277,100.0,996.73,996.06,0.0,0.0,0.0,166.66,166.54,0.0,0.0,0.0,240.86,242.22,0.0,0.0,0.0,4772006.0
Uttar Pradesh,Muzaffarnagar,707,12.19,11.7,36.49222065063649,100.0,100.0,85.28,86.03,0.0,0.0,0.0,983.9,983.76,0.0,0.0,0.0,113.95,113.64,0.0,0.0,0.0,339.08,337.63,0.0,0.0,0.0,4143512.0
Uttar Pradesh,Pilibhit,1446,6.09,7.1,77.731673582296,100.0,100.0,118.34,119.79,0.0,0.0,0.0,1033.03,1032.54,0.0,0.0,0.0,208.675,210.96,0.0,0.0,0.0,128.905,124.76,0.0,0.0,0.0,2031007.0
Uttar Pradesh,Pratapgarh,2064,8.864999999999998,10.05,55.03875968992248,98.54651162790698,100.0,140.34500000000003,139.86,0.0,0.0,0.0,739.295,739.05,0.0,0.0,0.0,106.76,104.08,0.0,0.0,0.0,231.37,232.6,0.0,0.0,0.0,3209141.0
Uttar Pradesh,Prayagraj,2875,6.01,8.1,77.35652173913043,95.2695652173913,100.0,193.64,192.42,0.0,0.0,0.0,697.63,698.33,0.0,0.0,0.0,88.35,89.68,0.0,0.0,0.0,267.66,270.94,0.0,0.0,0.0,
Uttar Pradesh,Rae Bareli,1571,6.71,7.96,66.90006365372373,99.61807765754295,100.0,73.92,76.6,0.0,0.0,7.129217059197964,813.59,812.86,0.0,0.0,0.0,71.58,72.74,0.0,0.0,11.712285168682367,241.91,239.01,0.0,0.0,0.0,3405559.0
Uttar Pradesh,Rampur,1172,8.35,8.77,61.60409556313993,100.0,100.0,37.825,37.87,0.0,10.409556313993171,88.99317406143345,1011.9,1009.37,0.0,0.0,0.0,194.93,195.87,0.0,0.0,0.0,209.7,208.62,0.0,0.0,0.0,2335819.0
Uttar Pradesh,Saharanpur,1586,9.1,11.68,53.97225725094577,89.84867591424968,100.0,118.94,118.88,0.0,0.0,0.0,1019.145,1021.33,0.0,0.0,0.0,154.535,156.61,0.0,0.0,0.0,304.19,305.56,0.0,0.0,0.0,3466382.0
Uttar Pradesh,Sambhal,1019,8.62,9.25,58.68498527968596,99.31305201177624,100.0,46.27,49.51,0.0,7.163886162904809,55.053974484789,947.38,945.07,0.0,0.0,0.0,141.83,142.14,0.0,0.0,0.0,257.76,256.61,0.0,0.0,0.0,
Uttar Pradesh,Sant Kabir Nagar,1593,14.27,14.72,28.562460765850595,91.33709981167608,100.0,203.56,203.38,0.0,0.0,0.0,699.53,699.25,0.0,0.0,0.0,148.13,145.73,0.0,0.0,0.0,84.88,85.31,0.0,0.0,0.0,1715183.0
Uttar Pradesh,Shahjahanpur,2312,13.17,13.76,38.92733564013841,88.75432525951558,100.0,141.34,139.85,0.0,0.0,0.0,990.16,988.52,0.0,0.0,0.0,168.985,168.36,0.0,0.0,0.0,144.665,141.5,0.0,0.0,0.0,3006538.0
Uttar Pradesh,Shamli,330,8.035,9.29,56.66666666666666,100.0,100.0,83.93,82.43,0.0,0.0,0.0,968.56,968.07,0.0,0.0,0.0,106.015,104.74,0.0,0.0,0.0,309.04999999999995,308.33,0.0,0.0,0.0,
Uttar Pradesh,Shrawasti,538,20.51,21.94,4.275092936802974,67.84386617100373,100.0,127.285,129.07,0.0,0.0,0.0,848.32,848.5,0.0,0.0,0.0,138.425,140.13,0.0,0.0,0.0,99.43,98.45,0.0,0.0,0.0,1117361.0
Uttar Pradesh,Siddharthnagar,2398,16.415,16.39,29.482902418682237,77.93994995829858,100.0,193.355,193.1,0.0,0.0,0.0,741.645,742.98,0.0,0.0,0.0,188.525,189.89,0.0,0.0,0.0,63.655,63.04,0.0,1.58465387823186,22.602168473728103,2559297.0
Uttar Pradesh,Sitapur,2344,7.075,9.49,65.52901023890784,92.83276450511946,100.0,78.13499999999999,77.28,0.0,0.0,8.959044368600683,917.155,917.61,0.0,0.0,0.0,87.04499999999999,85.98,0.0,0.0,2.2610921501706485,104.795,102.96,0.0,0.0,0.0,4483992.0
Uttar Pradesh,Sonbhadra,1444,10.79,12.73,47.43767313019391,89.12742382271468,100.0,229.42,230.39,0.0,0.0,0.0,565.54,562.66,0.0,0.0,0.0,90.28,100.66,0.0,0.0,0.0,302.915,312.88,0.0,0.0,0.0,1862559.0
Uttar Pradesh,Sultanpur,1725,7.46,8.69,63.82608695652174,100.0,100.0,140.84,139.71,0.0,0.0,0.0,728.74,729.54,0.0,0.0,0.0,104.95,103.43,0.0,0.0,0.0,181.73,180.6,0.0,0.0,0.0,3797117.0
Uttar Pradesh,Unnao,1801,7.9,8.43,64.8528595224875,100.0,100.0,36.54,36.23,1.5546918378678511,13.270405330372014,90.83842309827872,888.15,888.78,0.0,0.0,0.0,45.39,45.33,0.0,11.43808995002776,58.80066629650194,200.44,203.3,0.0,0.0,0.0,3108367.0
Uttar Pradesh,Varanasi,1247,4.04,4.46,97.27345629510826,100.0,100.0,224.24,222.54,0.0,0.0,0.0,623.81,624.09,0.0,0.0,0.0,14.85,15.49,25.020048115477145,88.61267040898156,100.0,230.46,231.51,0.0,0.0,0.0,3676841.0
Uttar Pradesh,__STATE__,104963,,10.216543022222876,58.63494755294722,94.15698865314444,99.99523641664206,,114.14815871788608,0.2705715347312862,2.663795813762945,10.81333422253556,,822.9435598336944,0.0,0.0,0.0,,121.57384033439938,0.3239236683402723,2.1998227946990845,9.732953516953591,,213.7084421484637,0.0714537503691777,0.397282852052628,2.0435772605584828,184967093.0
West Bengal,Alipurduar,435,6.17,7.21,74.94252873563218,99.54022988505749,100.0,101.33,102.75,0.0,0.0,0.0,453.71,455.21,0.0,0.0,0.0,216.67,215.49,0.0,0.0,0.0,66.92,68.21,0.0,0.0,18.39080459770115,
West Bengal,Bankura,3835,16.35,18.01,29.543676662320728,71.55149934810952,100.0,101.13,102.27,0.0,0.0,0.4954367666232073,142.51,139.33,0.0,0.0,0.0,149.52,145.08,0.0,0.0,0.0,182.21,175.28,0.0,0.0,0.0,3596674.0
West Bengal,Birbhum,2463,7.23,8.35,66.26065773447016,99.6751928542428,100.0,188.83,191.19,0.0,0.0,0.0,166.7,166.51,0.0,0.0,0.0,162.69,161.85,0.0,0.0,0.0,153.87,152.53,0.0,0.0,0.0,3502404.0
West Bengal,Dakshin Dinajpur,1620,9.325,9.76,54.19753086419753,99.93827160493828,100.0,149.38,149.49,0.0,0.0,0.0,306.45000000000005,307.51,0.0,0.0,0.0,291.035,292.2,0.0,0.0,0.0,35.02,34.45,0.0,20.98765432098765,94.5679012345679,1676276.0
West Bengal,Darjiling,660,3.955,4.93,90.75757575757576,99.3939393939394,100.0,21.24,22.78,15.606060606060607,63.030303030303024,98.1818181818182,457.85,461.24,0.0,0.0,0.0,328.735,329.09,0.0,0.0,0.0,110.975,110.57,0.0,0.0,0.0,1846823.0
West Bengal,HOWRAH,789,8.72,9.17,57.28770595690747,100.0,100.0,188.75,189.17,0.0,0.0,0.0,33.5,31.42,2.5348542458808616,24.20785804816223,100.0,46.84,44.25,0.0,8.871989860583017,64.25855513307985,101.92,100.64,0.0,0.0,0.0,
West Bengal,HUGLI,1944,5.755,9.9,67.33539094650206,87.75720164609054,100.0,193.745,190.43,0.0,0.0,0.0,49.375,49.4,0.0,5.092592592592593,51.85185185185185,47.42,48.92,0.0,5.246913580246913,56.17283950617284,77.57499999999999,80.45,0.0,0.0,9.979423868312756,5519145.0
West Bengal,Jalpaiguri,476,5.5,6.37,81.5126050420168,100.0,100.0,43.71,42.47,0.4201680672268907,13.445378151260504,67.01680672268907,450.88,452.19,0.0,0.0,0.0,278.415,278.56,0.0,0.0,0.0,111.05,111.74,0.0,0.0,0.0,3872846.0
West Bengal,Jhargram,2994,14.38,14.09,32.832331329325314,92.4181696726787,100.0,91.12,92.04,0.0,0.0,1.8704074816299263,137.035,138.95,0.0,0.0,0.0,152.24,153.23,0.0,0.0,0.0,204.79,204.4,0.0,0.0,0.0,
West Bengal,KOCH BIHAR,1187,10.32,11.58,48.77843302443134,94.1027801179444,100.0,105.5,101.01,0.0,0.0,0.0,417.5,417.83,0.0,0.0,0.0,219.23,223.43,0.0,0.0,0.0,50.8,54.27,0.0,4.633529907329402,48.188711036225776,2819086.0
West Bengal,Kalimpong,193,16.75,17.53,13.989637305699482,81.34715025906736,100.0,40.52,40.22,0.0,3.6269430051813463,84.97409326424871,488.3,488.27,0.0,0.0,0.0,310.88,308.76,0.0,0.0,0.0,144.06,144.39,0.0,0.0,0.0,
West Bengal,Kolkata,1,1.34,1.34,100.0,100.0,100.0,220.02,220.02,0.0,0.0,0.0,3.84,3.84,100.0,100.0,100.0,15.57,15.57,0.0,100.0,100.0,75.82,75.82,0.0,0.0,0.0,4496694.0
West Bengal,MALDAH,1803,8.2,9.5,58.069883527454245,97.89240155296729,100.0,174.48,174.67,0.0,0.0,0.0,282.39,282.87,0.0,0.0,0.0,271.18,268.77,0.0,0.0,0.0,72.79,73.95,0.0,0.0,4.714364947310039,3988845.0
West Bengal,Murshidabad,2217,6.64,9.86,62.11096075778079,94.40685611186288,100.0,246.06,243.86,0.0,0.0,0.0,177.55,179.6,0.0,0.0,0.0,167.27,169.8,0.0,0.0,0.0,131.68,130.31,0.0,0.0,0.0,7103807.0
West Bengal,NORTH TWENTY-FOUR PARGANAS,1635,10.65,12.54,47.70642201834863,88.01223241590213,100.0,255.94,253.58,0.0,0.0,0.0,47.89,49.56,0.0,7.767584097859327,53.51681957186545,35.06,35.92,6.055045871559633,31.25382262996942,77.73700305810397,43.06,40.47,5.382262996941896,25.137614678899084,65.62691131498471,
West Bengal,Nadia,1363,5.59,10.17,69.4057226705796,88.62802641232575,99.85326485693324,243.19,245.32,0.0,0.0,0.0,98.12,99.56,0.0,0.0,2.494497432134996,85.33,86.5,0.0,0.0,15.7006603081438,51.01,57.15,0.0,7.263389581804843,49.00953778429934,5167600.0
West Bengal,PURBA MEDINIPUR,3023,6.48,8.11,68.77274230896461,100.0,100.0,179.62,180.2,0.0,0.0,0.0,86.52,83.93,0.0,0.0,5.458154151505128,102.67,100.38,0.0,0.0,0.0,162.64,160.06,0.0,0.0,0.0,5095875.0
West Bengal,Paschim Bardhaman,406,5.545,6.77,74.63054187192118,100.0,100.0,137.65499999999997,138.07,0.0,0.0,0.0,167.07999999999998,169.57,0.0,0.0,0.0,167.555,170.06,0.0,0.0,0.0,179.53,181.4,0.0,0.0,0.0,
West Bengal,Paschim Medinipur,5714,9.75,10.96,50.91004550227511,95.50227511375569,100.0,134.35500000000002,131.93,0.0,0.0,0.0,97.74,97.05,0.0,0.0,0.2100105005250262,110.43,110.04,0.0,0.0,0.0,161.06,161.67,0.0,0.0,0.0,5913457.0
West Bengal,Purba Bardhaman,2191,7.43,8.22,66.54495664080329,99.08717480602463,100.0,191.44,190.04,0.0,0.0,0.0,93.44,94.83,0.0,0.0,0.0,87.92,90.1,0.0,0.0,0.0,93.04,93.94,0.0,0.0,0.4107713372889092,
West Bengal,Puruliya,2699,7.58,12.52,59.577621341237496,81.62282326787698,100.0,61.77,64.79,0.0,0.7410151908114117,27.565765098184517,203.08,207.25,0.0,0.0,0.0,209.24,213.22,0.0,0.0,0.0,238.29,243.73,0.0,0.0,0.0,2930115.0
West Bengal,SOUTH TWENTY-FOUR PARGANAS,2175,6.62,8.55,66.16091954022988,96.82758620689656,99.44827586206895,228.91,230.1,0.0,0.0,0.0459770114942528,37.94,42.2,0.2758620689655172,19.632183908045977,72.55172413793105,49.18,52.18,0.0919540229885057,6.344827586206897,51.44827586206897,104.33,105.76,0.0,0.0,0.0,
West Bengal,UTTAR DINAJPUR,1499,9.08,9.75,55.10340226817878,99.866577718479,100.0,107.81,102.22,0.0,0.0,9.539693128752502,351.47,356.53,0.0,0.0,0.0,301.39,301.15,0.0,0.0,0.0,59.29,58.58,0.0,3.602401601067378,35.1567711807872,3007134.0
West Bengal,__STATE__,41322,,9.41745319163898,55.851604472194,92.6576641982479,99.96611974251005,,160.43427629790887,0.2541019311746769,1.2269493248148686,5.0675185131407,,186.1733669575196,0.065340496587774,2.0449155413581144,10.7981220657277,,159.4543127382343,0.2444218576061178,1.9892551183388996,10.173757320555636,,115.22392467514914,0.2129616185083006,2.320797638062049,11.470887178742558,60536781.0
