village,district,district_code,village_code,unit,nearest_nh,dist_nh_km,nearest_expressway,dist_expressway_km,nearest_rail_station,dist_rail_station_km,nearest_freight_terminal,dist_freight_terminal_km,nearest_port,dist_port_km,nearest_icd,dist_icd_km,nearest_icp,dist_icp_km,nearest_air_cargo,dist_air_cargo_km,nearest_mmlp,dist_mmlp_km,nearest_iw_terminal,dist_iw_terminal_km,nearest_fci_depot,dist_fci_depot_km,nearest_toll_plaza,dist_toll_plaza_km
Kalavoor (CT),Alappuzha,598,628226,village,66,1.44,Bangalore-Mysore Road,311.07,KALAVUR HALT,0.94,Balaramapuram,152.35,Cochin Port,44.03,ICD Kochi (Edappally),45.29,Petrapole ICP,1985.63,Cochin International Airport (COK),65.18,MMLP Coimbatore,175.68,Cherthala Terminal,14.72,FCI Depot Kochi,40.16,Toll Plaza Kumbalam,35.81
Mannanchery (CT),Alappuzha,598,628232,village,66,3.72,Bangalore-Mysore Road,309.61,MARARIKULAM,5.08,Balaramapuram,150.38,Cochin Port,44.37,ICD Kochi (Edappally),44.9,Petrapole ICP,1981.68,Cochin International Airport (COK),63.74,MMLP Coimbatore,172.86,Thanneermukkom Terminal,12.51,FCI Depot Kochi,40.3,Toll Plaza Kumbalam,35.33
Komalapuram (CT),Alappuzha,598,628234,village,66,3.59,Bangalore-Mysore Road,312.39,KALAVUR HALT,4.81,Balaramapuram,148.04,Cochin Port,47.02,ICD Kochi (Edappally),47.65,Petrapole ICP,1983.9,Cochin International Airport (COK),66.53,MMLP Coimbatore,175.48,Thanneermukkom Terminal,15.06,FCI Depot Kochi,42.98,Toll Plaza Kumbalam,38.07
Pathirappally (CT),Alappuzha,598,628233,village,66,1.08,Bangalore-Mysore Road,315.09,TUMBOLI,2.18,Balaramapuram,148.74,Cochin Port,48.13,ICD Kochi (Edappally),49.4,Petrapole ICP,1988.59,Cochin International Airport (COK),69.19,MMLP Coimbatore,179.31,Cherthala Terminal,18.73,FCI Depot Kochi,44.27,Toll Plaza Kumbalam,39.91
Thumboli South,Alappuzha,598,000000,village,66,0.2,Bangalore-Mysore Road,318.34,TUMBOLI,1.19,Balaramapuram,145.7,Cochin Port,51.49,ICD Kochi (Edappally),52.75,Petrapole ICP,1990.86,Cochin International Airport (COK),72.43,MMLP Coimbatore,182.19,Thanneermukkom Terminal,21.88,FCI Depot Kochi,47.63,Toll Plaza Kumbalam,43.24
Aryad South,Alappuzha,598,628227,village,66,2.03,Bangalore-Mysore Road,316.69,TUMBOLI,2.69,Balaramapuram,145.37,Cochin Port,50.66,ICD Kochi (Edappally),51.58,Petrapole ICP,1988.13,Cochin International Airport (COK),70.79,MMLP Coimbatore,179.93,Thanneermukkom Terminal,19.51,FCI Depot Kochi,46.7,Toll Plaza Kumbalam,42.02
Alappuzha West,Alappuzha,598,913812,village,66,0.25,Bangalore-Mysore Road,321.74,ALLEPPEY,1.07,Balaramapuram,142.34,Cochin Port,55.09,ICD Kochi (Edappally),56.3,Petrapole ICP,1993.07,Cochin International Airport (COK),75.83,MMLP Coimbatore,185.14,Thanneermukkom Terminal,24.72,FCI Depot Kochi,51.22,Kollam Toll Plaza,44.26
Mullakkal (Part),Alappuzha,598,628228,village,66,4.65,Bangalore-Mysore Road,316.77,TUMBOLI,5.32,Balaramapuram,143.66,Cochin Port,51.64,ICD Kochi (Edappally),52.26,Petrapole ICP,1986.74,Cochin International Airport (COK),70.97,MMLP Coimbatore,179.29,Thanneermukkom Terminal,19.0,FCI Depot Kochi,47.61,Toll Plaza Kumbalam,42.68
Pazhaveedu,Alappuzha,598,913813,village,66,1.67,Bangalore-Mysore Road,321.48,ALLEPPEY,3.2,Balaramapuram,141.02,Cochin Port,55.53,ICD Kochi (Edappally),56.48,Petrapole ICP,1991.6,Cochin International Airport (COK),75.62,MMLP Coimbatore,184.28,Thanneermukkom Terminal,23.93,FCI Depot Kochi,51.59,Kollam Toll Plaza,43.21
Paravoor (CT),Alappuzha,598,913811,village,66,0.37,Bangalore-Mysore Road,324.27,PUNNAPURA,1.3,Balaramapuram,139.1,Cochin Port,58.09,ICD Kochi (Edappally),59.15,Petrapole ICP,1994.1,Cochin International Airport (COK),78.39,MMLP Coimbatore,187.05,Thanneermukkom Terminal,26.72,FCI Depot Kochi,54.18,Kollam Toll Plaza,41.03
Punnapra (CT),Alappuzha,598,628235,village,66,0.81,Bangalore-Mysore Road,327.07,PUNNAPRA,1.38,Balaramapuram,136.11,Cochin Port,61.16,ICD Kochi (Edappally),62.16,Petrapole ICP,1995.73,Cochin International Airport (COK),81.24,MMLP Coimbatore,189.42,Thanneermukkom Terminal,29.3,FCI Depot Kochi,57.24,Kollam Toll Plaza,37.97
Ambalappuzha North,Alappuzha,598,916074,village,66,0.3,Bangalore-Mysore Road,329.83,AMBALAPUZHA,2.03,Balaramapuram,133.83,Cochin Port,63.89,ICD Kochi (Edappally),64.93,Petrapole ICP,1997.88,Cochin International Airport (COK),84.01,MMLP Coimbatore,192.02,Kayamkulam Terminal,29.88,FCI Depot Kochi,59.98,Kollam Toll Plaza,35.53
Karumady (CT),Alappuzha,598,628230,village,66,3.4,Bangalore-Mysore Road,330.78,AMBALAPUZHA,2.44,Balaramapuram,130.81,Cochin Port,65.87,ICD Kochi (Edappally),66.6,Petrapole ICP,1996.73,Cochin International Airport (COK),85.14,MMLP Coimbatore,192.08,Kayamkulam Terminal,27.04,FCI Depot Kochi,61.88,Kollam Toll Plaza,32.78
Purakkad (CT),Alappuzha,598,628231,village,66,1.75,Bangalore-Mysore Road,336.28,TAKAZHI,4.0,Balaramapuram,126.11,Cochin Port,71.34,ICD Kochi (Edappally),72.14,Petrapole ICP,2000.87,Cochin International Airport (COK),90.68,MMLP Coimbatore,197.24,Kayamkulam Terminal,22.13,FCI Depot Kochi,67.37,Kollam Toll Plaza,27.76
Aroor (CT),Alappuzha,598,628215,village,66,0.35,Bangalore-Mysore Road,279.24,AROOR HALT,1.94,Balaramapuram,180.55,Cochin Port,13.18,ICD Kochi (Edappally),13.12,Petrapole ICP,1961.24,Cochin International Airport (COK),33.88,MMLP Coimbatore,147.07,Maradu (Kochi) Terminal,9.98,FCI Depot Kochi,8.92,Toll Plaza Kumbalam,3.66
Arookutty (CT),Alappuzha,598,628214,village,66,4.03,Bangalore-Mysore Road,280.14,AROOR HALT,5.61,Balaramapuram,177.51,Cochin Port,16.65,ICD Kochi (Edappally),15.31,Petrapole ICP,1959.84,Cochin International Airport (COK),34.3,MMLP Coimbatore,146.49,Maradu (Kochi) Terminal,11.1,FCI Depot Kochi,12.43,Toll Plaza Kumbalam,6.08
Perumbalam (CT),Alappuzha,598,628206,village,66,5.71,Bangalore-Mysore Road,279.53,KANJIRAMITTAM,5.83,Balaramapuram,177.16,Cochin Port,17.48,ICD Kochi (Edappally),15.54,Petrapole ICP,1958.46,Cochin International Airport (COK),33.63,MMLP Coimbatore,145.37,Maradu (Kochi) Terminal,11.0,FCI Depot Kochi,13.34,Toll Plaza Kumbalam,6.84
Panavally (CT),Alappuzha,598,628207,village,66,3.24,Bangalore-Mysore Road,282.94,EZHUPPUNNA,4.34,Balaramapuram,175.17,Cochin Port,18.67,ICD Kochi (Edappally),17.89,Petrapole ICP,1962.18,Cochin International Airport (COK),37.1,MMLP Coimbatore,149.12,Vaikom Terminal,12.43,FCI Depot Kochi,14.4,Toll Plaza Kumbalam,8.42
Ezhupunna (CT),Alappuzha,598,628216,village,66,0.84,Bangalore-Mysore Road,283.05,EZHUPPUNNA,1.0,Balaramapuram,177.59,Cochin Port,16.17,ICD Kochi (Edappally),16.84,Petrapole ICP,1964.61,Cochin International Airport (COK),37.69,MMLP Coimbatore,150.73,Maradu (Kochi) Terminal,13.8,FCI Depot Kochi,12.02,Toll Plaza Kumbalam,7.48
Kodamthuruth (CT),Alappuzha,598,628217,village,66,0.91,Bangalore-Mysore Road,285.95,EZHUPPUNNA,2.02,Balaramapuram,174.76,Cochin Port,19.11,ICD Kochi (Edappally),19.83,Petrapole ICP,1966.62,Cochin International Airport (COK),40.43,MMLP Coimbatore,153.15,Cherthala Terminal,11.49,FCI Depot Kochi,14.99,Toll Plaza Kumbalam,10.39
Thykattussery (CT),Alappuzha,598,628218,village,66,3.83,Bangalore-Mysore Road,287.29,TURAVUR,4.91,Balaramapuram,170.56,Cochin Port,23.17,ICD Kochi (Edappally),22.6,Petrapole ICP,1964.86,Cochin International Airport (COK),41.39,MMLP Coimbatore,152.62,Vaikom Terminal,7.9,FCI Depot Kochi,18.91,Toll Plaza Kumbalam,13.11
Pallippuram (CT),Alappuzha,598,628221,village,66,4.86,Bangalore-Mysore Road,292.0,VAYALAR,5.65,Balaramapuram,165.75,Cochin Port,27.94,ICD Kochi (Edappally),27.57,Petrapole ICP,1967.93,Cochin International Airport (COK),46.1,MMLP Coimbatore,156.57,Vaikom Terminal,3.85,FCI Depot Kochi,23.71,Toll Plaza Kumbalam,18.06
Thuravoor Thekku (CT),Alappuzha,598,628208,village,66,0.87,Bangalore-Mysore Road,289.56,TURAVUR,1.89,Balaramapuram,170.24,Cochin Port,23.58,ICD Kochi (Edappally),23.92,Petrapole ICP,1968.22,Cochin International Airport (COK),43.76,MMLP Coimbatore,155.64,Cherthala Terminal,7.12,FCI Depot Kochi,19.42,Toll Plaza Kumbalam,14.36
Kuthiathode (CT),Alappuzha,598,628219,village,66,1.96,Bangalore-Mysore Road,288.45,TURAVUR,1.38,Balaramapuram,172.91,Cochin Port,21.23,ICD Kochi (Edappally),22.26,Petrapole ICP,1968.89,Cochin International Airport (COK),42.95,MMLP Coimbatore,155.6,Cherthala Terminal,9.44,FCI Depot Kochi,17.2,Toll Plaza Kumbalam,12.88
Pattanakkad (CT),Alappuzha,598,628209,village,66,1.69,Bangalore-Mysore Road,293.82,VAYALAR,1.42,Balaramapuram,167.99,Cochin Port,26.6,ICD Kochi (Edappally),27.72,Petrapole ICP,1972.88,Cochin International Airport (COK),48.17,MMLP Coimbatore,160.31,Cherthala Terminal,4.83,FCI Depot Kochi,22.63,Toll Plaza Kumbalam,18.3
Kadakkarappally (CT),Alappuzha,598,628210,village,66,1.58,Bangalore-Mysore Road,297.0,SHERTALAI,2.81,Balaramapuram,165.25,Cochin Port,29.7,ICD Kochi (Edappally),30.92,Petrapole ICP,1975.38,Cochin International Airport (COK),51.3,MMLP Coimbatore,163.2,Cherthala Terminal,3.81,FCI Depot Kochi,25.78,Toll Plaza Kumbalam,21.49
Vayalar East (CT),Alappuzha,598,628220,village,66,1.73,Bangalore-Mysore Road,294.52,VAYALAR,3.33,Balaramapuram,165.35,Cochin Port,28.66,ICD Kochi (Edappally),29.1,Petrapole ICP,1971.62,Cochin International Airport (COK),48.65,MMLP Coimbatore,159.87,Cherthala Terminal,1.95,FCI Depot Kochi,24.54,Toll Plaza Kumbalam,19.53
Cherthala South (CT),Alappuzha,598,628212,village,66,1.6,Bangalore-Mysore Road,301.85,TIRUVIZHA,1.72,Balaramapuram,159.67,Cochin Port,35.24,ICD Kochi (Edappally),36.18,Petrapole ICP,1977.95,Cochin International Airport (COK),55.97,MMLP Coimbatore,166.93,Cherthala Terminal,5.56,FCI Depot Kochi,31.26,Toll Plaza Kumbalam,26.65
Cherthala (M),Alappuzha,598,000000,village,66,0.52,Bangalore-Mysore Road,298.12,SHERTALAI,1.16,Balaramapuram,162.08,Cochin Port,32.17,ICD Kochi (Edappally),32.74,Petrapole ICP,1974.31,Cochin International Airport (COK),52.22,MMLP Coimbatore,163.1,Cherthala Terminal,1.75,FCI Depot Kochi,28.09,Toll Plaza Kumbalam,23.17
Kokkothamangalam (CT),Alappuzha,598,628223,village,66,3.52,Bangalore-Mysore Road,298.11,SHERTALAI,5.0,Balaramapuram,159.85,Cochin Port,33.93,ICD Kochi (Edappally),33.83,Petrapole ICP,1972.21,Cochin International Airport (COK),52.25,MMLP Coimbatore,161.93,Cherthala Terminal,4.21,FCI Depot Kochi,29.74,Toll Plaza Kumbalam,24.29
Thanneermukkam Vadakku (CT),Alappuzha,598,628222,village,66,3.25,Bangalore-Mysore Road,300.95,TIRUVIZHA,5.04,Balaramapuram,157.48,Cochin Port,36.45,ICD Kochi (Edappally),36.54,Petrapole ICP,1974.53,Cochin International Airport (COK),55.08,MMLP Coimbatore,164.61,Thanneermukkom Terminal,5.64,FCI Depot Kochi,32.29,Toll Plaza Kumbalam,26.98
Thanneermukkam Thekku (CT),Alappuzha,598,628225,village,66,4.59,Bangalore-Mysore Road,305.71,TIRUVIZHA,5.89,Balaramapuram,152.98,Cochin Port,41.18,ICD Kochi (Edappally),41.4,Petrapole ICP,1977.93,Cochin International Airport (COK),59.89,MMLP Coimbatore,168.87,Thanneermukkom Terminal,8.58,FCI Depot Kochi,37.05,Toll Plaza Kumbalam,31.83
Kanjikkuzhi (CT),Alappuzha,598,628224,village,66,1.08,Bangalore-Mysore Road,305.19,TIRUVIZHA,2.62,Balaramapuram,155.47,Cochin Port,39.29,ICD Kochi (Edappally),39.98,Petrapole ICP,1979.39,Cochin International Airport (COK),59.27,MMLP Coimbatore,169.36,Cherthala Terminal,8.96,FCI Depot Kochi,35.25,Toll Plaza Kumbalam,30.42
Mararikkulam North (CT),Alappuzha,598,628213,village,66,1.77,Bangalore-Mysore Road,306.93,MARARIKULAM,1.65,Balaramapuram,155.91,Cochin Port,39.91,ICD Kochi (Edappally),41.12,Petrapole ICP,1982.45,Cochin International Airport (COK),61.07,MMLP Coimbatore,171.89,Cherthala Terminal,10.64,FCI Depot Kochi,36.02,Toll Plaza Kumbalam,31.63
Kainakary North,Alappuzha,598,628236,village,66,7.45,Bangalore-Mysore Road,315.9,TUMBOLI,8.1,Balaramapuram,142.72,Cochin Port,51.87,ICD Kochi (Edappally),52.15,Petrapole ICP,1984.52,Cochin International Airport (COK),70.28,MMLP Coimbatore,177.75,Thanneermukkom Terminal,17.88,FCI Depot Kochi,47.77,Toll Plaza Kumbalam,42.58
Kainakary,Alappuzha,598,628237,village,66,5.05,Bangalore-Mysore Road,321.82,PUNNAPURA,6.11,Balaramapuram,138.35,Cochin Port,57.13,ICD Kochi (Edappally),57.69,Petrapole ICP,1989.78,Cochin International Airport (COK),76.14,MMLP Coimbatore,183.63,Thanneermukkom Terminal,23.82,FCI Depot Kochi,53.09,Kollam Toll Plaza,41.07
Kavalam,Alappuzha,598,628240,village,183,6.04,Bangalore-Mysore Road,316.78,CHINGAVANAM,7.71,Balaramapuram,137.69,Cochin Port,56.07,ICD Kochi (Edappally),55.57,Petrapole ICP,1980.95,Cochin International Airport (COK),72.08,MMLP Coimbatore,176.7,Thanneermukkom Terminal,19.99,FCI Depot Kochi,51.85,Kollam Toll Plaza,43.14
Pulincunnu,Alappuzha,598,628238,village,66,8.74,Bangalore-Mysore Road,320.31,PUNNAPURA,9.83,Balaramapuram,137.51,Cochin Port,57.03,ICD Kochi (Edappally),57.19,Petrapole ICP,1986.62,Cochin International Airport (COK),74.93,MMLP Coimbatore,181.31,Thanneermukkom Terminal,22.39,FCI Depot Kochi,52.91,Kollam Toll Plaza,41.11
Kunnumma,Alappuzha,598,628239,village,183,8.91,Bangalore-Mysore Road,320.48,CHINGAVANAM,11.2,Balaramapuram,135.51,Cochin Port,58.57,ICD Kochi (Edappally),58.41,Petrapole ICP,1984.93,Cochin International Airport (COK),75.49,MMLP Coimbatore,180.69,Thanneermukkom Terminal,23.08,FCI Depot Kochi,54.4,Kollam Toll Plaza,39.94
Neelamperoor,Alappuzha,598,628241,village,183,3.01,Bangalore-Mysore Road,319.37,CHINGAVANAM,6.73,Balaramapuram,133.33,Cochin Port,60.36,ICD Kochi (Edappally),59.6,Petrapole ICP,1980.68,Cochin International Airport (COK),75.36,MMLP Coimbatore,178.24,Thanneermukkom Terminal,23.98,FCI Depot Kochi,56.13,Kollam Toll Plaza,39.95
Nedumudy,Alappuzha,598,628245,village,66,4.65,Bangalore-Mysore Road,326.41,PUNNAPRA,5.23,Balaramapuram,134.18,Cochin Port,61.75,ICD Kochi (Edappally),62.36,Petrapole ICP,1993.08,Cochin International Airport (COK),80.78,MMLP Coimbatore,187.84,Thanneermukkom Terminal,28.38,FCI Depot Kochi,57.73,Kollam Toll Plaza,36.56
Champakulam,Alappuzha,598,628244,village,66,8.5,Bangalore-Mysore Road,327.67,TAKAZHI,5.4,Balaramapuram,130.51,Cochin Port,64.51,ICD Kochi (Edappally),64.75,Petrapole ICP,1991.68,Cochin International Airport (COK),82.44,MMLP Coimbatore,188.01,Kayamkulam Terminal,27.77,FCI Depot Kochi,60.41,Kollam Toll Plaza,33.59
Veliyanad,Alappuzha,598,628242,village,183,5.87,Bangalore-Mysore Road,324.66,CHANGANASERI,7.12,Balaramapuram,129.4,Cochin Port,64.45,ICD Kochi (Edappally),64.02,Petrapole ICP,1985.62,Cochin International Airport (COK),80.35,MMLP Coimbatore,183.64,Thanneermukkom Terminal,28.44,FCI Depot Kochi,60.25,Kollam Toll Plaza,34.84
Ramankary,Alappuzha,598,628243,village,183,8.77,Bangalore-Mysore Road,326.24,TAKAZHI,8.61,Balaramapuram,129.42,Cochin Port,64.78,ICD Kochi (Edappally),64.62,Petrapole ICP,1988.32,Cochin International Airport (COK),81.53,MMLP Coimbatore,185.73,Kayamkulam Terminal,28.02,FCI Depot Kochi,60.61,Kollam Toll Plaza,33.77
Muttar,Alappuzha,598,628248,village,183,6.62,Bangalore-Mysore Road,328.56,CHANGANASERI,8.42,Balaramapuram,125.76,Cochin Port,68.24,ICD Kochi (Edappally),67.9,Petrapole ICP,1988.41,Cochin International Airport (COK),84.32,MMLP Coimbatore,187.3,Kayamkulam Terminal,25.22,FCI Depot Kochi,64.05,Kollam Toll Plaza,30.88
Thalavady,Alappuzha,598,628249,village,183,7.58,Bangalore-Mysore Road,332.25,TIRUVALLA,9.21,Balaramapuram,121.88,Cochin Port,72.18,ICD Kochi (Edappally),71.86,Petrapole ICP,1990.58,Cochin International Airport (COK),88.2,MMLP Coimbatore,190.59,Kayamkulam Terminal,21.44,FCI Depot Kochi,67.99,Kollam Toll Plaza,27.04
Edathua,Alappuzha,598,628247,village,66,7.67,Bangalore-Mysore Road,331.47,TAKAZHI,5.79,Balaramapuram,125.14,Cochin Port,69.53,ICD Kochi (Edappally),69.56,Petrapole ICP,1992.6,Cochin International Airport (COK),86.7,MMLP Coimbatore,190.82,Kayamkulam Terminal,22.94,FCI Depot Kochi,65.4,Kollam Toll Plaza,28.73
Thakazhy,Alappuzha,598,628246,village,66,5.61,Bangalore-Mysore Road,332.81,TAKAZHI,1.42,Balaramapuram,126.62,Cochin Port,69.18,ICD Kochi (Edappally),69.6,Petrapole ICP,1996.1,Cochin International Airport (COK),87.52,MMLP Coimbatore,193.08,Kayamkulam Terminal,23.2,FCI Depot Kochi,65.12,Kollam Toll Plaza,29.0
Karuvatta,Alappuzha,598,628250,village,66,0.38,Bangalore-Mysore Road,338.25,KARUVATTA HALT,1.55,Balaramapuram,122.35,Cochin Port,74.31,ICD Kochi (Edappally),74.87,Petrapole ICP,2000.56,Cochin International Airport (COK),92.94,MMLP Coimbatore,198.37,Kayamkulam Terminal,18.47,FCI Depot Kochi,70.29,Kollam Toll Plaza,24.19
Thrikkunnapuzha (CT),Alappuzha,598,628254,village,66,3.54,Bangalore-Mysore Road,343.12,KARUVATTA HALT,5.15,Balaramapuram,119.22,Cochin Port,78.67,ICD Kochi (Edappally),79.41,Petrapole ICP,2005.08,Cochin International Airport (COK),97.72,MMLP Coimbatore,203.31,Kayamkulam Terminal,15.31,FCI Depot Kochi,74.69,Kollam Toll Plaza,20.72
Kumarapuram (CT),Alappuzha,598,628257,village,66,1.23,Bangalore-Mysore Road,341.44,KARUVATTA HALT,2.96,Balaramapuram,119.34,Cochin Port,77.62,ICD Kochi (Edappally),78.19,Petrapole ICP,2002.7,Cochin International Airport (COK),96.2,MMLP Coimbatore,201.28,Kayamkulam Terminal,15.36,FCI Depot Kochi,73.6,Kollam Toll Plaza,21.01
Cheruthana,Alappuzha,598,628251,village,66,2.04,Bangalore-Mysore Road,337.56,KARUVATTA HALT,1.64,Balaramapuram,121.12,Cochin Port,74.64,ICD Kochi (Edappally),74.95,Petrapole ICP,1998.4,Cochin International Airport (COK),92.56,MMLP Coimbatore,197.07,Kayamkulam Terminal,17.67,FCI Depot Kochi,70.56,Kollam Toll Plaza,23.49
Veeyapuram,Alappuzha,598,628252,village,66,4.56,Bangalore-Mysore Road,338.04,HARIPPAD,4.55,Balaramapuram,118.64,Cochin Port,76.37,ICD Kochi (Edappally),76.44,Petrapole ICP,1996.84,Cochin International Airport (COK),93.5,MMLP Coimbatore,196.81,Kayamkulam Terminal,16.06,FCI Depot Kochi,72.25,Kollam Toll Plaza,21.85
Pallippad (CT),Alappuzha,598,628253,village,66,2.16,Bangalore-Mysore Road,342.37,HARIPPAD,1.88,Balaramapuram,114.69,Cochin Port,80.68,ICD Kochi (Edappally),80.8,Petrapole ICP,1999.92,Cochin International Airport (COK),97.89,MMLP Coimbatore,200.87,Kayamkulam Terminal,11.67,FCI Depot Kochi,76.57,Kollam Toll Plaza,17.47
Haripad,Alappuzha,598,628256,village,66,1.5,Bangalore-Mysore Road,340.81,HARIPPAD,1.79,Balaramapuram,117.49,Cochin Port,78.3,ICD Kochi (Edappally),78.57,Petrapole ICP,2000.1,Cochin International Airport (COK),96.0,MMLP Coimbatore,199.88,Kayamkulam Terminal,13.99,FCI Depot Kochi,74.21,Kollam Toll Plaza,19.81
Karthikappally (CT),Alappuzha,598,628258,village,66,2.14,Bangalore-Mysore Road,344.33,HARIPPAD,3.33,Balaramapuram,116.08,Cochin Port,80.89,ICD Kochi (Edappally),81.4,Petrapole ICP,2004.17,Cochin International Airport (COK),99.25,MMLP Coimbatore,203.76,Kayamkulam Terminal,12.09,FCI Depot Kochi,76.85,Kollam Toll Plaza,17.7
Arattupuzha (CT),Alappuzha,598,628255,village,66,4.55,Bangalore-Mysore Road,352.66,CHEPPAD HALT,5.99,Balaramapuram,108.81,Cochin Port,89.27,ICD Kochi (Edappally),89.85,Petrapole ICP,2010.18,Trivandrum International Airport (TRV),95.44,MMLP Coimbatore,211.6,Kayamkulam Terminal,6.3,FCI Depot Kochi,85.26,Kollam Toll Plaza,10.5
Chingoli (CT),Alappuzha,598,628259,village,66,1.33,Bangalore-Mysore Road,345.71,CHEPPAD HALT,3.31,Balaramapuram,113.72,Cochin Port,82.86,ICD Kochi (Edappally),83.25,Petrapole ICP,2004.17,Trivandrum International Airport (TRV),100.75,MMLP Coimbatore,204.69,Kayamkulam Terminal,9.76,FCI Depot Kochi,78.8,Kollam Toll Plaza,15.46
Cheppad (CT),Alappuzha,598,628260,village,66,1.61,Bangalore-Mysore Road,346.23,CHEPPAD HALT,1.58,Balaramapuram,111.16,Cochin Port,84.56,ICD Kochi (Edappally),84.72,Petrapole ICP,2002.62,Trivandrum International Airport (TRV),98.39,MMLP Coimbatore,204.49,Kayamkulam Terminal,7.75,FCI Depot Kochi,80.45,Kollam Toll Plaza,13.56
Pathiyoor (CT),Alappuzha,598,628261,village,66,1.67,Bangalore-Mysore Road,350.51,KAYANKULAM JN,3.05,Balaramapuram,106.67,Cochin Port,89.21,ICD Thiruvananthapuram,89.14,Petrapole ICP,2005.07,Trivandrum International Airport (TRV),93.81,MMLP Coimbatore,208.34,Kayamkulam Terminal,3.17,FCI Depot Kochi,85.1,Kollam Toll Plaza,8.93
Muthukulam (CT),Alappuzha,598,628263,village,66,2.17,Bangalore-Mysore Road,349.3,CHEPPAD HALT,2.61,Balaramapuram,110.51,Cochin Port,86.49,ICD Kochi (Edappally),86.91,Petrapole ICP,2006.71,Trivandrum International Airport (TRV),97.39,MMLP Coimbatore,208.06,Kayamkulam Terminal,6.59,FCI Depot Kochi,82.44,Kollam Toll Plaza,12.05
Kandalloor (CT),Alappuzha,598,628264,village,66,2.68,Bangalore-Mysore Road,353.99,KAYANKULAM JN,5.16,Balaramapuram,106.12,Cochin Port,91.34,ICD Thiruvananthapuram,88.53,Petrapole ICP,2009.82,Trivandrum International Airport (TRV),92.84,MMLP Coimbatore,212.39,Kayamkulam Terminal,3.69,FCI Depot Kochi,87.3,Kollam Toll Plaza,7.69
Keerikkad (CT),Alappuzha,598,628262,village,66,0.56,Bangalore-Mysore Road,351.54,CHEPPAD HALT,3.97,Balaramapuram,107.13,Cochin Port,89.47,ICD Thiruvananthapuram,89.57,Petrapole ICP,2007.07,Trivandrum International Airport (TRV),94.08,MMLP Coimbatore,209.74,Kayamkulam Terminal,3.18,FCI Depot Kochi,85.39,Kollam Toll Plaza,8.76
Kayamkulam,Alappuzha,598,913815,village,66,2.25,Bangalore-Mysore Road,353.13,KAYANKULAM JN,0.32,Balaramapuram,103.35,Cochin Port,92.39,ICD Thiruvananthapuram,85.82,Petrapole ICP,2006.03,Trivandrum International Airport (TRV),90.51,MMLP Coimbatore,210.53,Kayamkulam Terminal,1.77,FCI Depot Kochi,88.27,Kollam Toll Plaza,5.99
Krishnapuram (CT),Alappuzha,598,628266,village,66,1.94,Bangalore-Mysore Road,355.31,KAYANKULAM JN,2.83,Balaramapuram,100.8,Cochin Port,94.91,ICD Thiruvananthapuram,83.26,Petrapole ICP,2007.01,Trivandrum International Airport (TRV),87.94,MMLP Coimbatore,212.42,Kayamkulam Terminal,3.47,FCI Depot Kochi,90.79,Kollam Toll Plaza,3.95
Puthuppally (CT),Alappuzha,598,628265,village,66,1.99,Bangalore-Mysore Road,356.87,OCHIRA,4.1,Balaramapuram,101.95,Cochin Port,95.07,ICD Thiruvananthapuram,84.36,Petrapole ICP,2010.43,Trivandrum International Airport (TRV),88.72,MMLP Coimbatore,214.64,Kayamkulam Terminal,3.27,FCI Depot Kochi,90.99,Kollam Toll Plaza,3.5
Thiruvanvandoor(CT),Alappuzha,598,628269,village,183,1.36,Bangalore-Mysore Road,334.69,CHENGANNUR,3.87,Balaramapuram,115.0,Cochin Port,78.7,ICD Kochi (Edappally),77.76,Petrapole ICP,1987.06,Cochin International Airport (COK),92.53,MMLP Coimbatore,191.12,Kayamkulam Terminal,20.82,FCI Depot Kochi,74.45,Kollam Toll Plaza,25.32
Mannar (CT),Alappuzha,598,628276,village,183,7.39,Bangalore-Mysore Road,339.36,CHERIYANAD,5.95,Balaramapuram,113.29,Cochin Port,80.69,ICD Kochi (Edappally),80.23,Petrapole ICP,1993.52,Cochin International Airport (COK),96.08,MMLP Coimbatore,196.57,Kayamkulam Terminal,14.84,FCI Depot Kochi,76.49,Kollam Toll Plaza,19.86
Pandanad (CT),Alappuzha,598,628268,village,183,2.84,Bangalore-Mysore Road,336.39,CHENGANNUR,3.64,Balaramapuram,113.85,Cochin Port,79.84,ICD Kochi (Edappally),79.01,Petrapole ICP,1988.84,Cochin International Airport (COK),94.02,MMLP Coimbatore,192.92,Kayamkulam Terminal,18.98,FCI Depot Kochi,75.6,Kollam Toll Plaza,23.5
Chengannur,Alappuzha,598,628270,village,183,0.58,Bangalore-Mysore Road,337.25,CHENGANNUR,1.36,Balaramapuram,110.81,Cochin Port,83.01,ICD Kochi (Edappally),81.89,Petrapole ICP,1986.59,Cochin International Airport (COK),96.07,MMLP Coimbatore,192.87,Kayamkulam Terminal,20.86,FCI Depot Kochi,78.76,Kollam Toll Plaza,24.48
Mulakkuzha (Part),Alappuzha,598,628271,village,183,3.11,Bangalore-Mysore Road,341.0,CHENGANNUR,6.11,Balaramapuram,105.9,Cochin Port,88.04,ICD Kochi (Edappally),86.82,Petrapole ICP,1987.4,Trivandrum International Airport (TRV),95.05,MMLP Coimbatore,195.95,Kayamkulam Terminal,20.85,FCI Depot Kochi,83.78,Kollam Toll Plaza,23.34
Ennakkad(CT),Alappuzha,598,628267,village,183,4.98,Bangalore-Mysore Road,340.33,CHERIYANAD,3.54,Balaramapuram,111.28,Cochin Port,82.56,ICD Kochi (Edappally),81.98,Petrapole ICP,1992.97,Cochin International Airport (COK),97.5,MMLP Coimbatore,197.09,Kayamkulam Terminal,14.73,FCI Depot Kochi,78.35,Kollam Toll Plaza,19.28
Puliyoor (CT),Alappuzha,598,628273,village,183,3.99,Bangalore-Mysore Road,340.27,CHERIYANAD,2.66,Balaramapuram,110.59,Cochin Port,83.16,ICD Kochi (Edappally),82.48,Petrapole ICP,1992.08,Cochin International Airport (COK),97.75,MMLP Coimbatore,196.77,Kayamkulam Terminal,15.45,FCI Depot Kochi,78.94,Kollam Toll Plaza,19.72
Ala,Alappuzha,598,628272,village,183,0.01,Bangalore-Mysore Road,341.19,CHERIYANAD,3.42,Balaramapuram,107.65,Cochin Port,86.05,ICD Kochi (Edappally),85.11,Petrapole ICP,1990.17,Trivandrum International Airport (TRV),96.35,MMLP Coimbatore,196.88,Kayamkulam Terminal,17.44,FCI Depot Kochi,81.81,Kollam Toll Plaza,20.68
Venmony,Alappuzha,598,628275,village,183,1.96,Bangalore-Mysore Road,344.71,CHERIYANAD,4.35,Balaramapuram,104.23,Cochin Port,89.46,ICD Thiruvananthapuram,87.13,Petrapole ICP,1992.57,Trivandrum International Airport (TRV),92.83,MMLP Coimbatore,200.23,Kayamkulam Terminal,15.73,FCI Depot Kochi,85.23,Kollam Toll Plaza,18.15
Cheriyanad(CT),Alappuzha,598,628274,village,183,0.94,Bangalore-Mysore Road,342.72,CHERIYANAD,0.55,Balaramapuram,107.55,Cochin Port,86.18,ICD Kochi (Edappally),85.46,Petrapole ICP,1992.95,Trivandrum International Airport (TRV),95.94,MMLP Coimbatore,198.85,Kayamkulam Terminal,14.55,FCI Depot Kochi,81.95,Kollam Toll Plaza,18.1
Kurattissery (CT),Alappuzha,598,628277,village,66,7.22,Bangalore-Mysore Road,338.04,HARIPPAD,6.97,Balaramapuram,116.16,Cochin Port,78.11,ICD Kochi (Edappally),77.85,Petrapole ICP,1994.35,Cochin International Airport (COK),94.19,MMLP Coimbatore,195.92,Kayamkulam Terminal,15.63,FCI Depot Kochi,73.94,Kollam Toll Plaza,21.12
Thriperumthura(CT),Alappuzha,598,628278,village,66,6.17,Bangalore-Mysore Road,341.45,HARIPPAD,5.88,Balaramapuram,113.13,Cochin Port,81.37,ICD Kochi (Edappally),81.18,Petrapole ICP,1996.9,Cochin International Airport (COK),97.61,MMLP Coimbatore,199.19,Kayamkulam Terminal,12.25,FCI Depot Kochi,77.21,Kollam Toll Plaza,17.69
Chennithala (CT),Alappuzha,598,628288,village,183,5.83,Bangalore-Mysore Road,342.13,MAVELIKARA,4.43,Balaramapuram,110.96,Cochin Port,83.19,ICD Kochi (Edappally),82.82,Petrapole ICP,1995.76,Cochin International Airport (COK),98.81,MMLP Coimbatore,199.29,Kayamkulam Terminal,12.19,FCI Depot Kochi,79.0,Kollam Toll Plaza,17.11
Kannamangalam (CT),Alappuzha,598,628287,village,66,4.64,Bangalore-Mysore Road,346.42,MAVELIKARA,3.44,Balaramapuram,108.94,Cochin Port,86.03,ICD Kochi (Edappally),85.96,Petrapole ICP,2000.8,Trivandrum International Airport (TRV),96.42,MMLP Coimbatore,204.02,Kayamkulam Terminal,7.35,FCI Depot Kochi,81.89,Kollam Toll Plaza,12.71
Mavelikkara,Alappuzha,598,913814,village,183,5.05,Bangalore-Mysore Road,345.87,MAVELIKARA,0.92,Balaramapuram,107.8,Cochin Port,86.62,ICD Kochi (Edappally),86.35,Petrapole ICP,1998.73,Trivandrum International Airport (TRV),95.54,MMLP Coimbatore,202.94,Kayamkulam Terminal,8.8,FCI Depot Kochi,82.45,Kollam Toll Plaza,13.42
Thazhakara (CT),Alappuzha,598,628289,village,183,2.44,Bangalore-Mysore Road,345.06,MAVELIKARA,2.39,Balaramapuram,107.05,Cochin Port,86.98,ICD Kochi (Edappally),86.52,Petrapole ICP,1996.55,Trivandrum International Airport (TRV),95.06,MMLP Coimbatore,201.67,Kayamkulam Terminal,10.89,FCI Depot Kochi,82.78,Kollam Toll Plaza,14.84
Vettiyar(CT),Alappuzha,598,628279,village,183,0.26,Bangalore-Mysore Road,346.69,CHERIYANAD,4.17,Balaramapuram,104.0,Cochin Port,89.84,ICD Thiruvananthapuram,86.75,Petrapole ICP,1995.97,Trivandrum International Airport (TRV),92.21,MMLP Coimbatore,202.71,Kayamkulam Terminal,12.12,FCI Depot Kochi,85.62,Kollam Toll Plaza,14.78
Nooranad,Alappuzha,598,628283,village,183,3.78,Bangalore-Mysore Road,349.66,CHERIYANAD,8.77,Balaramapuram,99.22,Cochin Port,94.49,ICD Thiruvananthapuram,82.07,Petrapole ICP,1995.68,Trivandrum International Airport (TRV),87.73,MMLP Coimbatore,204.88,Kayamkulam Terminal,14.96,FCI Depot Kochi,90.26,Kollam Toll Plaza,15.69
Palamel,Alappuzha,598,628284,village,183,5.41,Bangalore-Mysore Road,353.29,CHERIYANAD,13.75,Balaramapuram,94.4,Vizhinjam International Seaport,97.05,ICD Thiruvananthapuram,77.32,Petrapole ICP,1996.44,Trivandrum International Airport (TRV),83.1,MMLP Coimbatore,207.9,Kayamkulam Terminal,17.97,FCI Depot Kochi,95.06,Kollam Toll Plaza,17.11
Thamarakkulam,Alappuzha,598,628285,village,183,0.43,Bangalore-Mysore Road,356.03,OCHIRA,10.12,Balaramapuram,94.63,Vizhinjam International Seaport,96.7,ICD Thiruvananthapuram,77.3,Petrapole ICP,2001.83,Trivandrum International Airport (TRV),82.62,MMLP Coimbatore,211.45,Kayamkulam Terminal,12.97,FCI Depot Kochi,95.21,Kollam Toll Plaza,11.26
Chunakkara,Alappuzha,598,628282,village,183,0.82,Bangalore-Mysore Road,351.46,MAVELIKARA,7.2,Balaramapuram,99.89,Cochin Port,94.17,ICD Thiruvananthapuram,82.56,Petrapole ICP,1999.74,Trivandrum International Airport (TRV),87.87,MMLP Coimbatore,207.39,Kayamkulam Terminal,10.31,FCI Depot Kochi,89.97,Kollam Toll Plaza,11.17
Thekkekara (CT),Alappuzha,598,628280,village,183,3.73,Bangalore-Mysore Road,348.98,MAVELIKARA,2.94,Balaramapuram,103.97,Cochin Port,90.38,ICD Thiruvananthapuram,86.58,Petrapole ICP,1999.92,Trivandrum International Airport (TRV),91.74,MMLP Coimbatore,205.59,Kayamkulam Terminal,7.9,FCI Depot Kochi,86.2,Kollam Toll Plaza,11.06
Peringala (CT),Alappuzha,598,628281,village,66,4.27,Bangalore-Mysore Road,350.57,KAYANKULAM JN,2.66,Balaramapuram,104.93,Cochin Port,90.29,ICD Thiruvananthapuram,87.44,Petrapole ICP,2003.51,Trivandrum International Airport (TRV),92.29,MMLP Coimbatore,207.87,Kayamkulam Terminal,3.94,FCI Depot Kochi,86.15,Kollam Toll Plaza,8.56
Bharanikkavu (CT),Alappuzha,598,628290,village,66,4.35,Bangalore-Mysore Road,353.68,KAYANKULAM JN,3.52,Balaramapuram,101.01,Cochin Port,94.08,ICD Thiruvananthapuram,83.52,Petrapole ICP,2004.63,Trivandrum International Airport (TRV),88.39,MMLP Coimbatore,210.49,Kayamkulam Terminal,4.85,FCI Depot Kochi,89.93,Kollam Toll Plaza,6.15
Kattanam (CT),Alappuzha,598,628291,village,183,3.67,Bangalore-Mysore Road,353.7,KAYANKULAM JN,6.39,Balaramapuram,99.31,Cochin Port,95.24,ICD Thiruvananthapuram,81.88,Petrapole ICP,2002.94,Trivandrum International Airport (TRV),86.94,MMLP Coimbatore,210.0,Kayamkulam Terminal,7.75,FCI Depot Kochi,91.07,Kollam Toll Plaza,7.93
Vallikunnam(CT),Alappuzha,598,628286,village,183,5.23,Bangalore-Mysore Road,357.95,OCHIRA,4.8,Balaramapuram,95.85,Vizhinjam International Seaport,97.39,ICD Thiruvananthapuram,78.36,Petrapole ICP,2006.37,Trivandrum International Airport (TRV),83.24,MMLP Coimbatore,214.19,Kayamkulam Terminal,8.88,FCI Depot Kochi,94.97,Kollam Toll Plaza,5.92
Chempu,Kottayam,597,628139,village,66,10.37,Bangalore-Mysore Road,282.59,KANJIRAMITTAM,4.63,Balaramapuram,171.59,Cochin Port,23.83,ICD Kochi (Edappally),21.32,Petrapole ICP,1957.89,Cochin International Airport (COK),36.94,MMLP Coimbatore,146.38,Vaikom Terminal,10.61,FCI Depot Kochi,19.74,Toll Plaza Kumbalam,13.24
Kulasekharamangalam (CT),Kottayam,597,628145,village,66,8.82,Bangalore-Mysore Road,285.63,PIRAVAM ROAD,7.44,Balaramapuram,169.39,Cochin Port,25.16,ICD Kochi (Edappally),23.31,Petrapole ICP,1960.85,Cochin International Airport (COK),39.89,MMLP Coimbatore,149.51,Vaikom Terminal,7.58,FCI Depot Kochi,20.95,Toll Plaza Kumbalam,14.55
Velloor,Kottayam,597,628140,village,66,15.41,Bangalore-Mysore Road,282.12,PIRAVAM ROAD,0.86,Balaramapuram,169.53,Cochin Port,27.83,ICD Kochi (Edappally),24.5,Petrapole ICP,1954.64,Cochin International Airport (COK),37.35,MMLP Coimbatore,144.35,Vaikom Terminal,12.38,FCI Depot Kochi,23.92,Toll Plaza Kumbalam,17.49
Vadayar (CT),Kottayam,597,628144,village,66,13.83,Bangalore-Mysore Road,287.23,VAIKAM ROAD,3.49,Balaramapuram,165.34,Cochin Port,30.21,ICD Kochi (Edappally),27.75,Petrapole ICP,1959.2,Cochin International Airport (COK),42.22,MMLP Coimbatore,149.41,Vaikom Terminal,7.73,FCI Depot Kochi,26.07,Toll Plaza Kumbalam,19.58
Vadakkemuri (CT),Kottayam,597,628146,village,66,8.63,Bangalore-Mysore Road,287.13,PIRAVAM ROAD,8.37,Balaramapuram,168.07,Cochin Port,26.24,ICD Kochi (Edappally),24.62,Petrapole ICP,1962.06,Cochin International Airport (COK),41.39,MMLP Coimbatore,150.92,Vaikom Terminal,6.08,FCI Depot Kochi,22.01,Toll Plaza Kumbalam,15.69
Naduvile (Part),Kottayam,597,628147,village,66,8.57,Bangalore-Mysore Road,289.89,VAIKAM ROAD,9.05,Balaramapuram,165.61,Cochin Port,28.41,ICD Kochi (Edappally),27.12,Petrapole ICP,1964.23,Cochin International Airport (COK),44.16,MMLP Coimbatore,153.47,Vaikom Terminal,3.31,FCI Depot Kochi,24.15,Toll Plaza Kumbalam,17.98
T V Puram (CT),Kottayam,597,916079,village,66,8.04,Bangalore-Mysore Road,293.84,SHERTALAI,8.52,Balaramapuram,162.06,Cochin Port,31.72,ICD Kochi (Edappally),30.82,Petrapole ICP,1967.3,Cochin International Airport (COK),48.13,MMLP Coimbatore,157.12,Vaikom Terminal,0.7,FCI Depot Kochi,27.46,Toll Plaza Kumbalam,21.5
Thalayazham,Kottayam,597,628149,village,66,10.48,Bangalore-Mysore Road,294.24,KADUTURUTTI HALT,8.78,Balaramapuram,159.97,Cochin Port,34.12,ICD Kochi (Edappally),32.72,Petrapole ICP,1965.76,Cochin International Airport (COK),48.9,MMLP Coimbatore,156.52,Vaikom Terminal,3.73,FCI Depot Kochi,29.86,Toll Plaza Kumbalam,23.67
Vechoor,Kottayam,597,628150,village,66,9.64,Bangalore-Mysore Road,299.3,SHERTALAI,11.55,Balaramapuram,155.32,Cochin Port,38.47,ICD Kochi (Edappally),37.47,Petrapole ICP,1969.59,Cochin International Airport (COK),54.0,MMLP Coimbatore,161.19,Thanneermukkom Terminal,2.03,FCI Depot Kochi,34.21,Toll Plaza Kumbalam,28.22
Kallara,Kottayam,597,628151,village,66,14.4,Bangalore-Mysore Road,294.14,KURUPPANTHARA,5.72,Balaramapuram,157.91,Cochin Port,36.97,ICD Kochi (Edappally),34.98,Petrapole ICP,1963.23,Cochin International Airport (COK),49.56,MMLP Coimbatore,155.2,Thanneermukkom Terminal,6.55,FCI Depot Kochi,32.75,Toll Plaza Kumbalam,26.37
Muttuchira,Kottayam,597,628152,village,66,16.86,Bangalore-Mysore Road,290.06,KADUTURUTTI HALT,2.4,Balaramapuram,161.2,Cochin Port,34.69,ICD Kochi (Edappally),32.15,Petrapole ICP,1959.53,Cochin International Airport (COK),45.73,MMLP Coimbatore,151.11,Vaikom Terminal,9.02,FCI Depot Kochi,30.55,Toll Plaza Kumbalam,24.06
Kaduthuruthy,Kottayam,597,628143,village,66,18.14,Bangalore-Mysore Road,286.85,VAIKAM ROAD,0.83,Balaramapuram,163.67,Cochin Port,33.41,ICD Kochi (Edappally),30.37,Petrapole ICP,1956.42,Cochin International Airport (COK),42.84,MMLP Coimbatore,147.79,Vaikom Terminal,11.22,FCI Depot Kochi,29.39,Toll Plaza Kumbalam,22.89
Mulakkulam,Kottayam,597,628141,village,85,17.49,Bangalore-Mysore Road,282.16,PIRAVAM ROAD,4.39,Balaramapuram,167.48,Cochin Port,31.78,ICD Kochi (Edappally),28.0,Petrapole ICP,1952.09,Cochin International Airport (COK),38.63,MMLP Coimbatore,143.04,Vaikom Terminal,14.95,FCI Depot Kochi,28.01,Toll Plaza Kumbalam,21.66
Njeezhoor,Kottayam,597,628142,village,85,20.22,Bangalore-Mysore Road,284.41,KADUTURUTTI HALT,6.56,Balaramapuram,163.37,Cochin Port,37.23,ICD Kochi (Edappally),33.34,Petrapole ICP,1950.96,Cochin International Airport (COK),42.51,MMLP Coimbatore,143.78,Vaikom Terminal,17.56,FCI Depot Kochi,33.47,Toll Plaza Kumbalam,27.11
Manjoor,Kottayam,597,628153,village,183,15.05,Bangalore-Mysore Road,292.66,KURUPPANTHARA,2.08,Balaramapuram,157.64,Cochin Port,38.45,ICD Kochi (Edappally),35.89,Petrapole ICP,1960.06,Cochin International Airport (COK),48.94,MMLP Coimbatore,152.84,Thanneermukkom Terminal,10.19,FCI Depot Kochi,34.29,Toll Plaza Kumbalam,27.81
Kothanalloor,Kottayam,597,628154,village,183,14.95,Bangalore-Mysore Road,292.22,KURUPPANTHARA,1.89,Balaramapuram,156.6,Cochin Port,40.72,ICD Kochi (Edappally),37.79,Petrapole ICP,1957.77,Cochin International Airport (COK),49.5,MMLP Coimbatore,151.54,Thanneermukkom Terminal,13.31,FCI Depot Kochi,36.64,Toll Plaza Kumbalam,30.14
Onamthuruthu (CT),Kottayam,597,628157,village,183,11.17,Bangalore-Mysore Road,296.46,ETTUMANUR,5.15,Balaramapuram,153.89,Cochin Port,41.6,ICD Kochi (Edappally),39.35,Petrapole ICP,1962.67,Cochin International Airport (COK),52.81,MMLP Coimbatore,156.29,Thanneermukkom Terminal,9.66,FCI Depot Kochi,37.4,Toll Plaza Kumbalam,30.97
Kaipuzha,Kottayam,597,628156,village,183,9.1,Bangalore-Mysore Road,299.35,ETTUMANUR,6.78,Balaramapuram,152.04,Cochin Port,42.61,ICD Kochi (Edappally),40.8,Petrapole ICP,1965.91,Cochin International Airport (COK),55.24,MMLP Coimbatore,159.48,Thanneermukkom Terminal,8.16,FCI Depot Kochi,38.37,Toll Plaza Kumbalam,32.06
Arpookkara (CT),Kottayam,597,628155,village,183,5.62,Bangalore-Mysore Road,302.12,KUMARANALLUR,3.92,Balaramapuram,148.56,Cochin Port,46.15,ICD Kochi (Edappally),44.33,Petrapole ICP,1966.87,Cochin International Airport (COK),58.45,MMLP Coimbatore,161.58,Thanneermukkom Terminal,11.07,FCI Depot Kochi,41.9,Toll Plaza Kumbalam,35.6
Aymanam (CT),Kottayam,597,628173,village,183,7.06,Bangalore-Mysore Road,304.13,KUMARANALLUR,7.24,Balaramapuram,148.72,Cochin Port,45.2,ICD Kochi (Edappally),43.98,Petrapole ICP,1970.82,Cochin International Airport (COK),59.55,MMLP Coimbatore,164.55,Thanneermukkom Terminal,8.82,FCI Depot Kochi,40.94,Toll Plaza Kumbalam,34.87
Kumarakom,Kottayam,597,628166,village,183,10.43,Bangalore-Mysore Road,308.11,KOTTAYAM,11.77,Balaramapuram,147.53,Cochin Port,46.21,ICD Kochi (Edappally),45.75,Petrapole ICP,1976.49,Cochin International Airport (COK),62.82,MMLP Coimbatore,169.49,Thanneermukkom Terminal,10.33,FCI Depot Kochi,41.99,Toll Plaza Kumbalam,36.32
Athirampuzha (CT),Kottayam,597,628172,village,183,7.9,Bangalore-Mysore Road,299.25,ETTUMANUR,1.86,Balaramapuram,149.6,Cochin Port,46.45,ICD Kochi (Edappally),44.04,Petrapole ICP,1962.55,Cochin International Airport (COK),56.64,MMLP Coimbatore,157.96,Thanneermukkom Terminal,13.68,FCI Depot Kochi,42.26,Toll Plaza Kumbalam,35.81
Ettumanoor,Kottayam,597,628171,village,183,8.96,Bangalore-Mysore Road,298.14,ETTUMANUR,3.48,Balaramapuram,148.81,Cochin Port,49.02,ICD Kochi (Edappally),46.14,Petrapole ICP,1959.0,Cochin International Airport (COK),57.09,MMLP Coimbatore,155.8,Thanneermukkom Terminal,18.04,FCI Depot Kochi,44.91,Toll Plaza Kumbalam,38.41
Peroor,Kottayam,597,628158,village,183,5.98,Bangalore-Mysore Road,301.06,ETTUMANUR,3.95,Balaramapuram,146.7,Cochin Port,49.89,ICD Kochi (Edappally),47.36,Petrapole ICP,1962.19,Cochin International Airport (COK),59.32,MMLP Coimbatore,158.97,Thanneermukkom Terminal,16.96,FCI Depot Kochi,45.71,Toll Plaza Kumbalam,39.25
Ayarkunnam,Kottayam,597,628159,village,183,5.67,Bangalore-Mysore Road,301.55,ETTUMANUR,7.79,Balaramapuram,144.41,Cochin Port,53.73,ICD Kochi (Edappally),50.87,Petrapole ICP,1959.71,Cochin International Airport (COK),61.48,MMLP Coimbatore,158.36,Thanneermukkom Terminal,21.71,FCI Depot Kochi,49.61,Toll Plaza Kumbalam,43.12
Akalakunnam,Kottayam,597,628160,village,183,7.59,Bangalore-Mysore Road,301.47,ETTUMANUR,12.11,Balaramapuram,142.85,Cochin Port,57.34,ICD Kochi (Edappally),54.14,Petrapole ICP,1956.69,Cochin International Airport (COK),63.36,MMLP Coimbatore,157.24,Thanneermukkom Terminal,26.4,FCI Depot Kochi,53.29,Toll Plaza Kumbalam,46.79
Chengalam East,Kottayam,597,628161,village,183,6.59,Bangalore-Mysore Road,302.91,ETTUMANUR,17.83,Balaramapuram,139.84,Cochin Port,62.59,ICD Kochi (Edappally),59.16,Petrapole ICP,1954.33,Cochin International Airport (COK),67.17,MMLP Coimbatore,157.53,Thanneermukkom Terminal,32.12,FCI Depot Kochi,58.6,Ernakulam Toll Plaza,48.34
Anikkad,Kottayam,597,628162,village,183,2.93,Bangalore-Mysore Road,306.64,KOTTAYAM,17.71,Balaramapuram,136.46,Cochin Port,64.36,ICD Kochi (Edappally),61.22,Petrapole ICP,1957.69,Cochin International Airport (COK),70.13,MMLP Coimbatore,161.33,Thanneermukkom Terminal,32.36,FCI Depot Kochi,60.29,Ernakulam Toll Plaza,52.14
Kooroppada,Kottayam,597,628163,village,183,3.19,Bangalore-Mysore Road,306.28,KOTTAYAM,12.87,Balaramapuram,138.29,Cochin Port,60.51,ICD Kochi (Edappally),57.64,Petrapole ICP,1960.44,Cochin International Airport (COK),67.75,MMLP Coimbatore,161.94,Thanneermukkom Terminal,27.68,FCI Depot Kochi,56.38,Toll Plaza Kumbalam,49.89
Pampady,Kottayam,597,628170,village,183,0.27,Bangalore-Mysore Road,309.87,KOTTAYAM,12.56,Balaramapuram,135.16,Cochin Port,62.46,ICD Kochi (Edappally),59.88,Petrapole ICP,1963.71,Cochin International Airport (COK),70.76,MMLP Coimbatore,165.6,Thanneermukkom Terminal,28.44,FCI Depot Kochi,58.28,Kollam Toll Plaza,50.85
Meenadom,Kottayam,597,628169,village,183,2.64,Bangalore-Mysore Road,311.33,CHINGAVANAM,9.56,Balaramapuram,135.03,Cochin Port,61.19,ICD Kochi (Edappally),58.93,Petrapole ICP,1966.93,Cochin International Airport (COK),70.9,MMLP Coimbatore,167.72,Thanneermukkom Terminal,26.23,FCI Depot Kochi,56.97,Kollam Toll Plaza,48.64
Perumpaikadu (OG) (Part),Kottayam,597,628174,village,183,2.99,Bangalore-Mysore Road,304.22,KUMARANALLUR,0.86,Balaramapuram,144.85,Cochin Port,50.44,ICD Kochi (Edappally),48.38,Petrapole ICP,1966.17,Cochin International Airport (COK),61.57,MMLP Coimbatore,162.61,Thanneermukkom Terminal,15.65,FCI Depot Kochi,46.21,Toll Plaza Kumbalam,39.85
Manarcadu (CT),Kottayam,597,628164,village,183,2.3,Bangalore-Mysore Road,304.81,KUMARANALLUR,5.48,Balaramapuram,142.39,Cochin Port,54.05,ICD Kochi (Edappally),51.64,Petrapole ICP,1963.88,Cochin International Airport (COK),63.58,MMLP Coimbatore,162.12,Thanneermukkom Terminal,20.13,FCI Depot Kochi,49.86,Toll Plaza Kumbalam,43.42
Vijayapuram,Kottayam,597,628175,village,183,0.24,Bangalore-Mysore Road,306.91,KOTTAYAM,3.12,Balaramapuram,141.38,Cochin Port,54.06,ICD Kochi (Edappally),51.98,Petrapole ICP,1966.88,Cochin International Airport (COK),64.86,MMLP Coimbatore,164.66,Thanneermukkom Terminal,19.04,FCI Depot Kochi,49.83,Toll Plaza Kumbalam,43.47
Puthuppally (CT),Kottayam,597,628179,village,183,3.5,Bangalore-Mysore Road,311.06,CHINGAVANAM,5.32,Balaramapuram,137.08,Cochin Port,58.02,ICD Kochi (Edappally),56.11,Petrapole ICP,1969.44,Cochin International Airport (COK),69.2,MMLP Coimbatore,168.42,Thanneermukkom Terminal,22.38,FCI Depot Kochi,53.78,Toll Plaza Kumbalam,47.47
Kottayam,Kottayam,597,913807,village,183,0.22,Bangalore-Mysore Road,307.59,KOTTAYAM,1.06,Balaramapuram,142.5,Cochin Port,52.02,ICD Kochi (Edappally),50.35,Petrapole ICP,1969.76,Cochin International Airport (COK),64.41,MMLP Coimbatore,166.24,Thanneermukkom Terminal,16.13,FCI Depot Kochi,47.76,Toll Plaza Kumbalam,41.52
Chengalam West,Kottayam,597,628176,village,183,5.5,Bangalore-Mysore Road,306.38,KOTTAYAM,6.56,Balaramapuram,146.3,Cochin Port,47.57,ICD Kochi (Edappally),46.4,Petrapole ICP,1972.13,Cochin International Airport (COK),61.93,MMLP Coimbatore,166.49,Thanneermukkom Terminal,11.1,FCI Depot Kochi,43.31,Toll Plaza Kumbalam,37.26
Thiruvarppu,Kottayam,597,628167,village,183,3.33,Bangalore-Mysore Road,311.36,CHINGAVANAM,5.2,Balaramapuram,141.31,Cochin Port,52.45,ICD Kochi (Edappally),51.45,Petrapole ICP,1975.39,Cochin International Airport (COK),67.08,MMLP Coimbatore,170.96,Thanneermukkom Terminal,15.94,FCI Depot Kochi,48.19,Toll Plaza Kumbalam,42.24
Veloor (Part),Kottayam,597,628168,village,183,2.0,Bangalore-Mysore Road,309.19,KOTTAYAM,4.01,Balaramapuram,142.25,Cochin Port,51.76,ICD Kochi (Edappally),50.44,Petrapole ICP,1972.52,Cochin International Airport (COK),65.36,MMLP Coimbatore,168.39,Thanneermukkom Terminal,15.37,FCI Depot Kochi,47.5,Toll Plaza Kumbalam,41.39
Kottayam (M),Kottayam,597,913807,village,183,0.08,Bangalore-Mysore Road,312.21,CHINGAVANAM,1.64,Balaramapuram,138.81,Cochin Port,55.17,ICD Kochi (Edappally),53.88,Petrapole ICP,1974.01,Cochin International Airport (COK),68.68,MMLP Coimbatore,170.94,Thanneermukkom Terminal,18.73,FCI Depot Kochi,50.91,Toll Plaza Kumbalam,44.82
Panachikad (CT),Kottayam,597,628178,village,183,2.2,Bangalore-Mysore Road,313.08,CHINGAVANAM,1.44,Balaramapuram,136.78,Cochin Port,57.47,ICD Kochi (Edappally),55.98,Petrapole ICP,1973.11,Cochin International Airport (COK),70.18,MMLP Coimbatore,171.16,Thanneermukkom Terminal,21.18,FCI Depot Kochi,53.21,Kollam Toll Plaza,46.04
Monippally,Kottayam,597,628114,village,85,20.37,Bangalore-Mysore Road,283.85,KURUPPANTHARA,10.25,Balaramapuram,162.22,Cochin Port,40.95,ICD Kochi (Edappally),36.71,Petrapole ICP,1947.86,Cochin International Airport (COK),43.92,MMLP Coimbatore,142.05,Vaikom Terminal,21.78,FCI Depot Kochi,37.32,Ernakulam Toll Plaza,30.73
Veliyannoor,Kottayam,597,628113,village,85,17.62,Bangalore-Mysore Road,280.16,KADUTURUTTI HALT,15.05,Balaramapuram,164.63,Cochin Port,42.45,ICD Kochi (Edappally),37.7,Petrapole ICP,1943.05,Cochin International Airport (COK),42.32,MMLP Coimbatore,137.69,Vaikom Terminal,26.16,FCI Depot Kochi,39.09,Ernakulam Toll Plaza,31.03
Ramapuram,Kottayam,597,628117,village,85,21.01,Bangalore-Mysore Road,281.48,KURUPPANTHARA,19.21,Balaramapuram,161.52,Cochin Port,48.79,ICD Kochi (Edappally),43.93,Petrapole ICP,1940.18,Cochin International Airport (COK),47.03,MMLP Coimbatore,137.42,Vaikom Terminal,31.4,FCI Depot Kochi,45.46,Ernakulam Toll Plaza,28.98
Kadanad,Kottayam,597,628118,village,183,24.88,Bangalore-Mysore Road,284.35,ETTUMANUR,23.21,Balaramapuram,157.24,Cochin Port,55.57,ICD Kochi (Edappally),50.73,Petrapole ICP,1938.45,Cochin International Airport (COK),53.13,MMLP Coimbatore,138.84,Thanneermukkom Terminal,35.95,FCI Depot Kochi,52.21,Ernakulam Toll Plaza,29.65
Melukavu,Kottayam,597,628119,village,183,23.23,Bangalore-Mysore Road,286.77,ETTUMANUR,26.92,Balaramapuram,153.82,Cochin Port,61.5,ICD Kochi (Edappally),56.66,Petrapole ICP,1936.77,Cochin International Airport (COK),58.5,MMLP Coimbatore,140.14,Thanneermukkom Terminal,40.51,FCI Depot Kochi,58.12,Ernakulam Toll Plaza,31.26
Moonnilavu,Kottayam,597,628120,village,183,20.62,Bangalore-Mysore Road,288.98,ETTUMANUR,28.96,Balaramapuram,151.19,Cochin Port,65.01,ICD Kochi (Edappally),60.23,Petrapole ICP,1936.54,Cochin International Airport (COK),62.06,MMLP Coimbatore,141.8,Thanneermukkom Terminal,42.95,FCI Depot Kochi,61.59,Ernakulam Toll Plaza,33.41
Thalanadu,Kottayam,597,628121,village,183,17.67,Bangalore-Mysore Road,291.89,ETTUMANUR,32.5,Balaramapuram,147.81,Cochin Port,70.0,ICD Kochi (Edappally),65.26,Petrapole ICP,1935.92,Cochin International Airport (COK),66.99,MMLP Coimbatore,143.97,Thanneermukkom Terminal,46.81,FCI Depot Kochi,66.54,Ernakulam Toll Plaza,36.59
Teekoy,Kottayam,597,628122,village,183,13.5,Bangalore-Mysore Road,296.37,ETTUMANUR,33.72,Balaramapuram,143.2,Cochin Port,73.33,ICD Kochi (Edappally),68.79,Petrapole ICP,1938.26,Cochin International Airport (COK),71.33,MMLP Coimbatore,148.18,Thanneermukkom Terminal,48.25,FCI Depot Kochi,69.76,Ernakulam Toll Plaza,41.22
Poonjar Nadubhagam,Kottayam,597,628137,village,183,11.91,Bangalore-Mysore Road,298.12,ETTUMANUR,34.2,Balaramapuram,141.43,Cochin Port,74.53,ICD Kochi (Edappally),70.07,Petrapole ICP,1939.28,Cochin International Airport (COK),72.94,MMLP Coimbatore,149.85,Thanneermukkom Terminal,48.77,FCI Depot Kochi,70.91,Ernakulam Toll Plaza,43.0
Poonjar,Kottayam,597,931678,village,183,8.45,Bangalore-Mysore Road,301.02,ETTUMANUR,30.36,Balaramapuram,139.0,Cochin Port,72.43,ICD Kochi (Edappally),68.27,Petrapole ICP,1944.25,Cochin International Airport (COK),72.68,MMLP Coimbatore,153.35,Thanneermukkom Terminal,44.92,FCI Depot Kochi,68.68,Ernakulam Toll Plaza,45.51
Erattupetta (CT),Kottayam,597,628138,village,183,14.21,Bangalore-Mysore Road,295.91,ETTUMANUR,26.1,Balaramapuram,144.64,Cochin Port,66.45,ICD Kochi (Edappally),62.14,Petrapole ICP,1942.98,Cochin International Airport (COK),66.25,MMLP Coimbatore,148.95,Thanneermukkom Terminal,40.63,FCI Depot Kochi,62.77,Ernakulam Toll Plaza,40.35
Thalappalam,Kottayam,597,628123,village,183,16.81,Bangalore-Mysore Road,292.8,ETTUMANUR,22.97,Balaramapuram,148.32,Cochin Port,61.93,ICD Kochi (Edappally),57.56,Petrapole ICP,1942.89,Cochin International Airport (COK),61.71,MMLP Coimbatore,146.51,Thanneermukkom Terminal,37.27,FCI Depot Kochi,58.3,Ernakulam Toll Plaza,37.48
Bharananganam,Kottayam,597,628124,village,183,18.46,Bangalore-Mysore Road,290.76,ETTUMANUR,20.27,Balaramapuram,151.02,Cochin Port,58.06,ICD Kochi (Edappally),53.68,Petrapole ICP,1943.46,Cochin International Airport (COK),58.11,MMLP Coimbatore,145.15,Thanneermukkom Terminal,34.24,FCI Depot Kochi,54.44,Ernakulam Toll Plaza,35.96
Vellilappally,Kottayam,597,628116,village,183,23.49,Bangalore-Mysore Road,284.49,KURUPPANTHARA,17.53,Balaramapuram,158.74,Cochin Port,49.47,ICD Kochi (Edappally),44.87,Petrapole ICP,1942.79,Cochin International Airport (COK),49.21,MMLP Coimbatore,140.45,Thanneermukkom Terminal,29.73,FCI Depot Kochi,45.99,Ernakulam Toll Plaza,31.9
Lalam,Kottayam,597,628125,village,183,20.29,Bangalore-Mysore Road,289.04,ETTUMANUR,17.53,Balaramapuram,153.59,Cochin Port,53.98,ICD Kochi (Edappally),49.63,Petrapole ICP,1944.5,Cochin International Airport (COK),54.58,MMLP Coimbatore,144.24,Thanneermukkom Terminal,30.95,FCI Depot Kochi,50.36,Ernakulam Toll Plaza,35.18
Vallichira,Kottayam,597,628126,village,183,18.28,Bangalore-Mysore Road,289.59,ETTUMANUR,13.77,Balaramapuram,154.19,Cochin Port,50.64,ICD Kochi (Edappally),46.51,Petrapole ICP,1947.48,Cochin International Airport (COK),52.84,MMLP Coimbatore,145.67,Thanneermukkom Terminal,26.89,FCI Depot Kochi,46.91,Ernakulam Toll Plaza,37.04
Uzhavoor,Kottayam,597,628115,village,85,21.56,Bangalore-Mysore Road,284.21,KURUPPANTHARA,12.68,Balaramapuram,160.7,Cochin Port,44.23,ICD Kochi (Edappally),39.85,Petrapole ICP,1946.05,Cochin International Airport (COK),45.92,MMLP Coimbatore,141.52,Vaikom Terminal,24.85,FCI Depot Kochi,40.65,Ernakulam Toll Plaza,33.92
Kurichithanam,Kottayam,597,628127,village,183,18.66,Bangalore-Mysore Road,288.53,KURUPPANTHARA,10.17,Balaramapuram,156.89,Cochin Port,45.48,ICD Kochi (Edappally),41.55,Petrapole ICP,1949.94,Cochin International Airport (COK),49.32,MMLP Coimbatore,145.9,Thanneermukkom Terminal,22.23,FCI Depot Kochi,41.69,Toll Plaza Kumbalam,35.31
Kuravilangad,Kottayam,597,628128,village,183,18.05,Bangalore-Mysore Road,289.09,KURUPPANTHARA,4.92,Balaramapuram,158.35,Cochin Port,41.15,ICD Kochi (Edappally),37.65,Petrapole ICP,1953.64,Cochin International Airport (COK),47.53,MMLP Coimbatore,147.81,Thanneermukkom Terminal,17.16,FCI Depot Kochi,37.22,Toll Plaza Kumbalam,30.75
Elackad,Kottayam,597,628130,village,183,16.89,Bangalore-Mysore Road,290.27,ETTUMANUR,9.11,Balaramapuram,155.42,Cochin Port,45.96,ICD Kochi (Edappally),42.23,Petrapole ICP,1951.59,Cochin International Airport (COK),50.66,MMLP Coimbatore,147.7,Thanneermukkom Terminal,21.17,FCI Depot Kochi,42.1,Toll Plaza Kumbalam,35.66
Kanakkari,Kottayam,597,628129,village,183,12.45,Bangalore-Mysore Road,294.69,ETTUMANUR,3.06,Balaramapuram,153.07,Cochin Port,44.7,ICD Kochi (Edappally),41.73,Petrapole ICP,1957.89,Cochin International Airport (COK),52.87,MMLP Coimbatore,153.12,Thanneermukkom Terminal,15.55,FCI Depot Kochi,40.62,Toll Plaza Kumbalam,34.11
Kidangoor,Kottayam,597,628131,village,183,11.26,Bangalore-Mysore Road,296.05,ETTUMANUR,8.1,Balaramapuram,149.12,Cochin Port,51.29,ICD Kochi (Edappally),47.89,Petrapole ICP,1954.59,Cochin International Airport (COK),56.97,MMLP Coimbatore,152.71,Thanneermukkom Terminal,22.56,FCI Depot Kochi,47.3,Toll Plaza Kumbalam,40.8
Puliyannoor (Part),Kottayam,597,628132,village,183,11.98,Bangalore-Mysore Road,296.51,ETTUMANUR,11.83,Balaramapuram,147.44,Cochin Port,54.67,ICD Kochi (Edappally),51.08,Petrapole ICP,1952.59,Cochin International Airport (COK),59.11,MMLP Coimbatore,152.32,Thanneermukkom Terminal,26.37,FCI Depot Kochi,50.74,Ernakulam Toll Plaza,43.4
Meenachil (Part),Kottayam,597,628133,village,183,11.88,Bangalore-Mysore Road,297.75,ETTUMANUR,14.37,Balaramapuram,145.5,Cochin Port,57.49,ICD Kochi (Edappally),53.84,Petrapole ICP,1951.94,Cochin International Airport (COK),61.42,MMLP Coimbatore,152.98,Thanneermukkom Terminal,28.95,FCI Depot Kochi,53.57,Ernakulam Toll Plaza,43.86
Poovarany,Kottayam,597,628134,village,183,11.91,Bangalore-Mysore Road,297.33,ETTUMANUR,19.53,Balaramapuram,144.57,Cochin Port,61.56,ICD Kochi (Edappally),57.62,Petrapole ICP,1948.33,Cochin International Airport (COK),63.7,MMLP Coimbatore,151.54,Thanneermukkom Terminal,34.1,FCI Depot Kochi,57.74,Ernakulam Toll Plaza,42.38
Kondoor,Kottayam,597,628135,village,183,9.47,Bangalore-Mysore Road,300.65,ETTUMANUR,25.82,Balaramapuram,140.07,Cochin Port,68.41,ICD Kochi (Edappally),64.41,Petrapole ICP,1946.96,Cochin International Airport (COK),69.78,MMLP Coimbatore,153.72,Thanneermukkom Terminal,40.38,FCI Depot Kochi,64.6,Ernakulam Toll Plaza,45.1
Kurichy(CT),Kottayam,597,628181,village,183,0.9,Bangalore-Mysore Road,317.91,CHINGAVANAM,4.8,Balaramapuram,132.68,Cochin Port,61.19,ICD Kochi (Edappally),60.01,Petrapole ICP,1977.24,Cochin International Airport (COK),74.77,MMLP Coimbatore,175.96,Thanneermukkom Terminal,24.69,FCI Depot Kochi,56.94,Kollam Toll Plaza,41.21
Vakathanam(CT),Kottayam,597,628180,village,183,4.76,Bangalore-Mysore Road,315.64,CHINGAVANAM,5.6,Balaramapuram,132.87,Cochin Port,61.7,ICD Kochi (Edappally),60.05,Petrapole ICP,1973.01,Cochin International Airport (COK),73.63,MMLP Coimbatore,172.86,Thanneermukkom Terminal,25.54,FCI Depot Kochi,57.44,Kollam Toll Plaza,43.7
Thottackad,Kottayam,597,628185,village,183,6.56,Bangalore-Mysore Road,314.99,CHINGAVANAM,8.12,Balaramapuram,132.25,Cochin Port,62.99,ICD Kochi (Edappally),61.07,Petrapole ICP,1970.75,Cochin International Airport (COK),73.87,MMLP Coimbatore,171.61,Thanneermukkom Terminal,27.22,FCI Depot Kochi,58.74,Kollam Toll Plaza,44.76
Madappally(CT),Kottayam,597,628184,village,183,6.29,Bangalore-Mysore Road,319.14,CHANGANASERI,6.09,Balaramapuram,128.63,Cochin Port,66.0,ICD Kochi (Edappally),64.34,Petrapole ICP,1974.3,Cochin International Airport (COK),77.7,MMLP Coimbatore,175.76,Thanneermukkom Terminal,29.8,FCI Depot Kochi,61.74,Kollam Toll Plaza,40.6
Karukachal,Kottayam,597,628186,village,183,7.28,Bangalore-Mysore Road,317.11,CHANGANASERI,10.7,Balaramapuram,128.82,Cochin Port,67.03,ICD Kochi (Edappally),64.95,Petrapole ICP,1970.12,Cochin International Airport (COK),77.1,MMLP Coimbatore,172.93,Thanneermukkom Terminal,31.47,FCI Depot Kochi,62.79,Kollam Toll Plaza,43.57
Nedumkunnam,Kottayam,597,628187,village,183,6.07,Bangalore-Mysore Road,316.06,CHANGANASERI,13.91,Balaramapuram,128.68,Cochin Port,68.28,ICD Kochi (Edappally),65.93,Petrapole ICP,1967.38,Cochin International Airport (COK),77.22,MMLP Coimbatore,171.3,Thanneermukkom Terminal,33.3,FCI Depot Kochi,64.07,Kollam Toll Plaza,45.54
Vazhoor,Kottayam,597,628188,village,183,1.81,Bangalore-Mysore Road,311.76,KOTTAYAM,19.97,Balaramapuram,131.12,Cochin Port,68.91,ICD Kochi (Edappally),65.98,Petrapole ICP,1960.69,Cochin International Airport (COK),75.4,MMLP Coimbatore,166.08,Thanneermukkom Terminal,35.7,FCI Depot Kochi,64.79,Kollam Toll Plaza,51.57
Kangazha,Kottayam,597,628189,village,183,5.36,Bangalore-Mysore Road,315.63,CHANGANASERI,17.81,Balaramapuram,127.78,Cochin Port,70.76,ICD Kochi (Edappally),68.12,Petrapole ICP,1964.47,Cochin International Airport (COK),78.4,MMLP Coimbatore,170.11,Thanneermukkom Terminal,36.48,FCI Depot Kochi,66.59,Kollam Toll Plaza,47.55
Vellavoor,Kottayam,597,628190,village,183,8.49,Bangalore-Mysore Road,318.54,TIRUVALLA,19.57,Balaramapuram,123.98,Cochin Port,75.31,ICD Kochi (Edappally),72.61,Petrapole ICP,1964.48,Cochin International Airport (COK),82.51,MMLP Coimbatore,172.36,Thanneermukkom Terminal,41.03,FCI Depot Kochi,71.14,Kollam Toll Plaza,46.68
Vazhappally Padinjaru (CT),Kottayam,597,628182,village,183,1.27,Bangalore-Mysore Road,321.07,CHANGANASERI,3.93,Balaramapuram,130.69,Cochin Port,63.02,ICD Kochi (Edappally),62.12,Petrapole ICP,1980.72,Cochin International Airport (COK),77.5,MMLP Coimbatore,179.39,Thanneermukkom Terminal,26.56,FCI Depot Kochi,58.77,Kollam Toll Plaza,38.08
Vazhapalli East,Kottayam,597,913809,village,183,0.06,Bangalore-Mysore Road,322.28,CHANGANASERI,1.05,Balaramapuram,128.34,Cochin Port,65.44,ICD Kochi (Edappally),64.38,Petrapole ICP,1980.12,Cochin International Airport (COK),79.27,MMLP Coimbatore,179.98,Thanneermukkom Terminal,28.93,FCI Depot Kochi,61.19,Kollam Toll Plaza,36.86
Changanassery (Part),Kottayam,597,628183,village,183,2.27,Bangalore-Mysore Road,326.23,CHANGANASERI,4.06,Balaramapuram,125.68,Cochin Port,68.01,ICD Kochi (Edappally),67.25,Petrapole ICP,1984.25,Cochin International Airport (COK),82.77,MMLP Coimbatore,184.18,Kayamkulam Terminal,27.48,FCI Depot Kochi,63.78,Kollam Toll Plaza,32.89
Chethippuzha (CT),Kottayam,597,628191,village,183,2.39,Bangalore-Mysore Road,320.23,CHANGANASERI,2.76,Balaramapuram,129.57,Cochin Port,64.39,ICD Kochi (Edappally),63.13,Petrapole ICP,1977.75,Cochin International Airport (COK),77.57,MMLP Coimbatore,177.72,Thanneermukkom Terminal,27.9,FCI Depot Kochi,60.13,Kollam Toll Plaza,38.98
Thrikkodithanam (CT),Kottayam,597,628192,village,183,3.41,Bangalore-Mysore Road,323.14,CHANGANASERI,3.06,Balaramapuram,125.78,Cochin Port,68.27,ICD Kochi (Edappally),66.94,Petrapole ICP,1978.52,Cochin International Airport (COK),81.06,MMLP Coimbatore,180.02,Kayamkulam Terminal,31.36,FCI Depot Kochi,64.01,Kollam Toll Plaza,36.38
Paippad (CT),Kottayam,597,628193,village,183,2.55,Bangalore-Mysore Road,325.54,CHANGANASERI,3.82,Balaramapuram,123.76,Cochin Port,70.13,ICD Kochi (Edappally),68.93,Petrapole ICP,1980.61,Cochin International Airport (COK),83.31,MMLP Coimbatore,182.43,Kayamkulam Terminal,28.97,FCI Depot Kochi,65.87,Kollam Toll Plaza,33.96
Elikkulam,Kottayam,597,628198,village,183,7.44,Bangalore-Mysore Road,302.01,ETTUMANUR,21.43,Balaramapuram,139.71,Cochin Port,65.27,ICD Kochi (Edappally),61.57,Petrapole ICP,1951.08,Cochin International Airport (COK),68.37,MMLP Coimbatore,155.89,Thanneermukkom Terminal,35.89,FCI Depot Kochi,61.35,Ernakulam Toll Plaza,46.83
Elamgulam,Kottayam,597,628199,village,183,3.69,Bangalore-Mysore Road,305.77,KOTTAYAM,22.03,Balaramapuram,136.17,Cochin Port,67.14,ICD Kochi (Edappally),63.7,Petrapole ICP,1954.27,Cochin International Airport (COK),71.38,MMLP Coimbatore,159.68,Thanneermukkom Terminal,36.24,FCI Depot Kochi,63.15,Ernakulam Toll Plaza,50.62
Kanjirappally,Kottayam,597,628197,village,183,2.47,Bangalore-Mysore Road,308.13,KOTTAYAM,28.13,Balaramapuram,132.6,Cochin Port,73.33,ICD Kochi (Edappally),69.73,Petrapole ICP,1952.17,Cochin International Airport (COK),76.45,MMLP Coimbatore,160.98,Thanneermukkom Terminal,42.68,FCI Depot Kochi,69.37,Ernakulam Toll Plaza,52.56
Koottickal,Kottayam,597,628194,village,183,6.63,Bangalore-Mysore Road,304.03,ETTUMANUR,35.83,Balaramapuram,135.47,Cochin Port,78.24,ICD Kochi (Edappally),74.06,Petrapole ICP,1943.15,Cochin International Airport (COK),78.06,MMLP Coimbatore,155.6,Thanneermukkom Terminal,50.34,FCI Depot Kochi,74.49,Ernakulam Toll Plaza,48.97
Edakkunnam,Kottayam,597,628196,village,183,0.31,Bangalore-Mysore Road,310.0,KOTTAYAM,33.65,Balaramapuram,129.92,Cochin Port,78.69,ICD Kochi (Edappally),74.96,Petrapole ICP,1950.06,Cochin International Airport (COK),80.86,MMLP Coimbatore,162.03,Thanneermukkom Terminal,48.33,FCI Depot Kochi,74.77,Ernakulam Toll Plaza,54.55
Mundakayam,Kottayam,597,628195,village,183,1.92,Bangalore-Mysore Road,309.69,KOTTAYAM,37.18,Balaramapuram,129.84,Cochin Port,81.39,ICD Kochi (Edappally),77.49,Petrapole ICP,1947.41,Cochin International Airport (COK),82.6,MMLP Coimbatore,161.22,Thanneermukkom Terminal,51.67,FCI Depot Kochi,77.52,Ernakulam Toll Plaza,54.56
Erumeli North,Kottayam,597,628203,village,183,3.21,Bangalore-Mysore Road,316.92,TIRUVALLA,35.59,Balaramapuram,122.58,Cochin Port,86.46,ICD Kochi (Edappally),82.87,Petrapole ICP,1952.26,Cochin International Airport (COK),89.05,MMLP Coimbatore,168.3,Thanneermukkom Terminal,54.98,FCI Depot Kochi,82.48,Kollam Toll Plaza,58.71
Erumely South,Kottayam,597,628204,village,183,7.99,Bangalore-Mysore Road,321.74,TIRUVALLA,33.93,Balaramapuram,117.82,Cochin Port,89.25,ICD Kochi (Edappally),85.9,Petrapole ICP,1956.2,Cochin International Airport (COK),92.91,MMLP Coimbatore,173.15,Kayamkulam Terminal,52.87,FCI Depot Kochi,85.21,Kollam Toll Plaza,55.15
Koovappally,Kottayam,597,628202,village,183,4.16,Bangalore-Mysore Road,315.1,TIRUVALLA,29.35,Balaramapuram,125.32,Cochin Port,79.63,ICD Kochi (Edappally),76.28,Petrapole ICP,1955.85,Cochin International Airport (COK),83.67,MMLP Coimbatore,167.5,Thanneermukkom Terminal,47.47,FCI Depot Kochi,75.6,Kollam Toll Plaza,54.89
Chirakkadavu,Kottayam,597,628200,village,183,1.06,Bangalore-Mysore Road,311.25,KOTTAYAM,25.67,Balaramapuram,130.13,Cochin Port,73.03,ICD Kochi (Edappally),69.74,Petrapole ICP,1956.46,Cochin International Airport (COK),77.68,MMLP Coimbatore,164.54,Thanneermukkom Terminal,40.97,FCI Depot Kochi,68.98,Kollam Toll Plaza,54.88
Cheruvally,Kottayam,597,628201,village,183,4.72,Bangalore-Mysore Road,315.18,TIRUVALLA,24.77,Balaramapuram,126.24,Cochin Port,75.81,ICD Kochi (Edappally),72.73,Petrapole ICP,1959.32,Cochin International Airport (COK),81.25,MMLP Coimbatore,168.39,Thanneermukkom Terminal,42.82,FCI Depot Kochi,71.72,Kollam Toll Plaza,51.69
Manimala,Kottayam,597,628205,village,183,9.25,Bangalore-Mysore Road,320.38,TIRUVALLA,23.06,Balaramapuram,121.01,Cochin Port,79.97,ICD Kochi (Edappally),77.1,Petrapole ICP,1962.81,Cochin International Airport (COK),86.22,MMLP Coimbatore,173.41,Kayamkulam Terminal,44.75,FCI Depot Kochi,75.82,Kollam Toll Plaza,47.93
Manakkad (Part),Idukki,596,628093,village,85,13.09,Bangalore-Mysore Road,272.31,PIRAVAM ROAD,24.76,Balaramapuram,170.25,Cochin Port,47.03,ICD Kochi (Edappally),41.48,Petrapole ICP,1932.77,Cochin International Airport (COK),40.51,MMLP Coimbatore,128.4,Vaikom Terminal,35.86,FCI Depot Kochi,44.29,Ernakulam Toll Plaza,20.78
Purappuzha,Idukki,596,628094,village,85,16.17,Bangalore-Mysore Road,276.43,KURUPPANTHARA,21.59,Balaramapuram,166.57,Cochin Port,46.67,ICD Kochi (Edappally),41.44,Petrapole ICP,1936.72,Cochin International Airport (COK),42.68,MMLP Coimbatore,132.69,Vaikom Terminal,32.76,FCI Depot Kochi,43.63,Ernakulam Toll Plaza,24.88
Shiriya  (CT),Kasaragod,588,627127,village,66,0.13,Bangalore-Mysore Road,190.57,KUMBLA,3.86,New Makardhokda,35.04,New Mangalore Port,35.04,ICD Mangalore (Panambur),34.0,Rupaidiha ICP,1834.19,Mangaluru International Airport (IXE),37.68,MMLP Bengaluru (Muddalinganahalli),272.6,Kottapuram Terminal,302.86,FCI Depot Kozhikode,177.37,Talapadi Toll Plaza,16.32
Bombrana,Kasaragod,588,627096,village,66,1.44,Bangalore-Mysore Road,188.99,KUMBLA,3.63,New Makardhokda,35.49,New Mangalore Port,35.49,ICD Mangalore (Panambur),34.38,Rupaidiha ICP,1833.6,Mangaluru International Airport (IXE),37.84,MMLP Bengaluru (Muddalinganahalli),271.02,Kottapuram Terminal,302.17,FCI Depot Kozhikode,176.58,Talapadi Toll Plaza,16.92
Ujarulwar,Kasaragod,588,627095,village,66,3.05,Bangalore-Mysore Road,187.51,KUMBLA,4.59,New Makardhokda,35.49,New Mangalore Port,35.49,ICD Mangalore (Panambur),34.3,Rupaidiha ICP,1832.48,Mangaluru International Airport (IXE),37.5,MMLP Bengaluru (Muddalinganahalli),269.33,Kottapuram Terminal,302.0,FCI Depot Kozhikode,176.3,Talapadi Toll Plaza,17.17
Kidoor,Kasaragod,588,627094,village,66,5.64,Bangalore-Mysore Road,184.97,KUMBLA,6.48,New Makardhokda,36.14,New Mangalore Port,36.14,ICD Mangalore (Panambur),34.84,Rupaidiha ICP,1831.12,Mangaluru International Airport (IXE),37.62,MMLP Bengaluru (Muddalinganahalli),266.61,Kottapuram Terminal,301.27,FCI Depot Kozhikode,175.4,Talapadi Toll Plaza,18.34
Heroor,Kasaragod,588,627073,village,66,5.03,Bangalore-Mysore Road,186.4,KUMBLA,6.74,New Makardhokda,34.51,New Mangalore Port,34.51,ICD Mangalore (Panambur),33.24,Rupaidiha ICP,1830.41,Mangaluru International Airport (IXE),36.15,MMLP Bengaluru (Muddalinganahalli),267.6,Kottapuram Terminal,302.89,FCI Depot Kozhikode,177.06,Talapadi Toll Plaza,16.62
Ichilangod,Kasaragod,588,"627072
",village,66,2.66,Bangalore-Mysore Road,188.77,UPPALA,5.49,New Makardhokda,33.44,New Mangalore Port,33.44,ICD Mangalore (Panambur),32.26,Rupaidiha ICP,1831.09,Mangaluru International Airport (IXE),35.53,MMLP Bengaluru (Muddalinganahalli),269.92,Kottapuram Terminal,304.06,FCI Depot Kozhikode,178.35,Talapadi Toll Plaza,15.11
Mangalpady (CT),Kasaragod,588,"627126
",village,66,0.56,Bangalore-Mysore Road,191.16,UPPALA,3.29,New Makardhokda,32.16,New Mangalore Port,32.16,ICD Mangalore (Panambur),31.08,Rupaidiha ICP,1831.4,Mangaluru International Airport (IXE),34.7,MMLP Bengaluru (Muddalinganahalli),272.12,Kottapuram Terminal,305.57,FCI Depot Kozhikode,179.98,Talapadi Toll Plaza,13.53
Kubanoor,Kasaragod,588,"627074
",village,66,2.86,Bangalore-Mysore Road,189.62,UPPALA,4.31,New Makardhokda,31.32,New Mangalore Port,31.32,ICD Mangalore (Panambur),30.12,Rupaidiha ICP,1829.28,Mangaluru International Airport (IXE),33.39,MMLP Bengaluru (Muddalinganahalli),270.01,Kottapuram Terminal,306.15,FCI Depot Kozhikode,180.41,Talapadi Toll Plaza,13.11
Kayyar,Kasaragod,588,"627076
",village,66,5.26,Bangalore-Mysore Road,187.27,UPPALA,6.72,New Makardhokda,32.04,New Mangalore Port,32.04,ICD Mangalore (Panambur),30.73,Rupaidiha ICP,1828.14,Mangaluru International Airport (IXE),33.57,MMLP Bengaluru (Muddalinganahalli),267.54,Kottapuram Terminal,305.37,FCI Depot Kozhikode,179.49,Talapadi Toll Plaza,14.44
Kudalamerkala,Kasaragod,588,"627077
",village,66,8.03,Bangalore-Mysore Road,183.77,KUMBLA,9.42,New Makardhokda,34.77,New Mangalore Port,34.77,ICD Mangalore (Panambur),33.37,Rupaidiha ICP,1828.25,Mangaluru International Airport (IXE),35.76,MMLP Bengaluru (Muddalinganahalli),264.52,Kottapuram Terminal,302.75,FCI Depot Kozhikode,176.74,Talapadi Toll Plaza,17.76
Angadimogaru,Kasaragod,588,627082,village,66,8.69,Bangalore-Mysore Road,181.87,KUMBLA,9.06,New Makardhokda,37.5,New Mangalore Port,37.5,ICD Mangalore (Panambur),36.09,Rupaidiha ICP,1829.88,Mangaluru International Airport (IXE),38.4,MMLP Bengaluru (Muddalinganahalli),263.46,Kottapuram Terminal,300.05,FCI Depot Kozhikode,174.03,Talapadi Toll Plaza,20.4
Badoor,Kasaragod,588,"627081
",village,66,11.59,Bangalore-Mysore Road,179.93,KUMBLA,12.14,New Makardhokda,37.09,New Mangalore Port,37.09,ICD Mangalore (Panambur),35.58,Rupaidiha ICP,1827.18,Mangaluru International Airport (IXE),37.4,MMLP Bengaluru (Muddalinganahalli),260.76,Kottapuram Terminal,300.89,FCI Depot Kozhikode,174.72,Talapadi Toll Plaza,20.98
Aruvikkara (CT),Thiruvananthapuram,601,628499,village,66,13.52,Bangalore-Mysore Road,422.56,TRIVANDRUM CENTRAL,11.93,Balaramapuram,16.9,Vizhinjam International Seaport,22.76,ICD Thiruvananthapuram,7.33,Petrapole ICP,2027.13,Trivandrum International Airport (TRV),14.54,MMLP Coimbatore,272.92,Kollam Terminal,56.89,FCI Depot Kochi,172.94,Thiruvananthapuram Toll Plaza,22.64
Karakulam (CT),Thiruvananthapuram,601,628504,village,66,10.34,Bangalore-Mysore Road,423.21,TRIVANDRUM CENTRAL,9.48,Balaramapuram,17.31,Vizhinjam International Seaport,21.62,ICD Thiruvananthapuram,3.73,Petrapole ICP,2029.98,Trivandrum International Airport (TRV),11.54,MMLP Coimbatore,273.83,Kollam Terminal,54.83,FCI Depot Kochi,172.14,Thiruvananthapuram Toll Plaza,23.51
Vattappara (CT),Thiruvananthapuram,601,628503,village,66,9.54,Bangalore-Mysore Road,421.03,KAZHAKUTTAM,10.18,Balaramapuram,20.17,Vizhinjam International Seaport,23.8,ICD Thiruvananthapuram,3.96,Petrapole ICP,2029.69,Trivandrum International Airport (TRV),12.26,MMLP Coimbatore,271.81,Kollam Terminal,51.8,FCI Depot Kochi,169.32,Thiruvananthapuram Toll Plaza,26.44
Nedumangad,Thiruvananthapuram,601,913452,village,66,12.73,Bangalore-Mysore Road,418.91,KAZHAKUTTAM,13.47,Balaramapuram,21.13,Vizhinjam International Seaport,25.96,ICD Thiruvananthapuram,7.15,Petrapole ICP,2026.26,Trivandrum International Airport (TRV),15.46,MMLP Coimbatore,269.48,Kollam Terminal,52.28,FCI Depot Kochi,168.45,Thiruvananthapuram Toll Plaza,27.08
Karippur (Part),Thiruvananthapuram,601,645802,village,66,16.8,Bangalore-Mysore Road,418.02,TRIVANDRUM CENTRAL,16.28,Balaramapuram,21.24,Vizhinjam International Seaport,27.43,ICD Thiruvananthapuram,10.53,Petrapole ICP,2022.98,Trivandrum International Airport (TRV),18.54,MMLP Coimbatore,268.32,Kollam Terminal,54.68,FCI Depot Kochi,169.23,Thiruvananthapuram Toll Plaza,26.67
Vembayam (CT),Thiruvananthapuram,601,628498,village,66,8.25,Bangalore-Mysore Road,417.3,KANIYAPURAM,9.04,Balaramapuram,24.83,Vizhinjam International Seaport,27.81,ICD Thiruvananthapuram,7.67,Petrapole ICP,2028.72,Trivandrum International Airport (TRV),15.02,MMLP Coimbatore,268.31,Kollam Terminal,47.1,FCI Depot Kochi,164.76,Thiruvananthapuram Toll Plaza,31.15
Theakada,Thiruvananthapuram,601,628491,village,66,12.34,Bangalore-Mysore Road,414.54,KANIYAPURAM,13.49,Balaramapuram,25.87,Vizhinjam International Seaport,30.27,ICD Thiruvananthapuram,10.47,Petrapole ICP,2024.2,Trivandrum International Airport (TRV),18.61,MMLP Coimbatore,265.27,Kollam Terminal,47.95,FCI Depot Kochi,163.68,Thiruvananthapuram Toll Plaza,31.85
Anad (CT),Thiruvananthapuram,601,628492,village,66,16.13,Bangalore-Mysore Road,415.42,KAZHAKUTTAM,16.98,Balaramapuram,24.02,Vizhinjam International Seaport,29.68,ICD Thiruvananthapuram,11.33,Petrapole ICP,2022.12,Trivandrum International Airport (TRV),19.64,MMLP Coimbatore,265.84,Kollam Terminal,51.74,FCI Depot Kochi,166.18,Thiruvananthapuram Toll Plaza,29.61
Panavoor,Thiruvananthapuram,601,628487,village,66,16.9,Bangalore-Mysore Road,410.51,KANIYAPURAM,18.48,Balaramapuram,28.97,Vizhinjam International Seaport,34.48,ICD Thiruvananthapuram,15.39,Petrapole ICP,2018.81,Trivandrum International Airport (TRV),23.68,MMLP Coimbatore,260.98,Kollam Terminal,48.32,FCI Depot Kochi,161.46,Thiruvananthapuram Toll Plaza,34.5
Pullampara,Thiruvananthapuram,601,628488,village,66,13.49,Bangalore-Mysore Road,408.02,KANIYAPURAM,16.9,Balaramapuram,32.19,Vizhinjam International Seaport,36.79,ICD Thiruvananthapuram,16.87,Petrapole ICP,2019.43,Trivandrum International Airport (TRV),24.8,MMLP Coimbatore,258.79,Kollam Terminal,43.77,FCI Depot Kochi,157.61,Thiruvananthapuram Toll Plaza,38.02
Kallara,Thiruvananthapuram,601,628481,village,66,16.44,Bangalore-Mysore Road,404.42,MURUKKAMPUZHA,20.49,Balaramapuram,35.3,Vizhinjam International Seaport,40.42,ICD Thiruvananthapuram,20.7,Petrapole ICP,2015.51,Trivandrum International Airport (TRV),28.75,MMLP Coimbatore,255.05,Kollam Terminal,43.44,FCI Depot Kochi,155.11,Thiruvananthapuram Toll Plaza,40.9
Edamon,Kollam,600,628391,village,744,5.16,Bangalore-Mysore Road,369.0,Punalur,8.99,Balaramapuram,70.18,Vizhinjam International Seaport,76.17,ICD Thiruvananthapuram,56.57,Petrapole ICP,1985.26,Trivandrum International Airport (TRV),64.51,MMLP Coimbatore,219.3,Kollam Terminal,45.68,FCI Depot Kochi,126.99,Old Toll Booth,48.57
Valacode,Kollam,600,628390,village,744,0.11,Bangalore-Mysore Road,372.62,Punalur,3.6,Balaramapuram,66.8,Vizhinjam International Seaport,72.21,ICD Thiruvananthapuram,52.32,Petrapole ICP,1991.43,Trivandrum International Airport (TRV),60.02,MMLP Coimbatore,223.34,Kollam Terminal,39.66,FCI Depot Kochi,127.24,Old Toll Booth,42.78
Punalur,Kollam,600,913826,village,744,1.39,Bangalore-Mysore Road,373.53,Punalur,1.99,Balaramapuram,66.31,Vizhinjam International Seaport,71.31,ICD Thiruvananthapuram,51.26,Petrapole ICP,1994.41,Trivandrum International Airport (TRV),58.76,MMLP Coimbatore,224.56,Kollam Terminal,36.08,FCI Depot Kochi,126.24,Old Toll Booth,39.21
Karavaloor (Part),Kollam,600,628397,village,744,3.57,Bangalore-Mysore Road,375.48,Punalur,4.12,Balaramapuram,64.59,Vizhinjam International Seaport,69.42,ICD Thiruvananthapuram,49.33,Petrapole ICP,1996.67,Trivandrum International Airport (TRV),56.74,MMLP Coimbatore,226.61,Kollam Terminal,34.41,FCI Depot Kochi,127.32,Old Toll Booth,37.73
Arackal,Kollam,600,628398,village,744,7.64,Bangalore-Mysore Road,378.8,Auvaneeswaram,9.22,Balaramapuram,62.53,Vizhinjam International Seaport,66.62,ICD Thiruvananthapuram,46.46,Petrapole ICP,2002.51,Trivandrum International Airport (TRV),53.45,MMLP Coimbatore,230.42,Kollam Terminal,28.72,FCI Depot Kochi,127.77,Old Toll Booth,32.35
Edamulackal,Kollam,600,628399,village,744,12.61,Bangalore-Mysore Road,384.06,Punalur,14.04,Balaramapuram,57.5,Vizhinjam International Seaport,61.42,ICD Thiruvananthapuram,41.27,Petrapole ICP,2006.54,Trivandrum International Airport (TRV),48.2,MMLP Coimbatore,235.66,Kollam Terminal,28.21,FCI Depot Kochi,132.44,Old Toll Booth,32.45
Anchal,Kollam,600,628400,village,744,8.89,Bangalore-Mysore Road,380.93,Punalur,9.47,Balaramapuram,59.25,Vizhinjam International Seaport,63.98,ICD Thiruvananthapuram,43.88,Petrapole ICP,2000.81,Trivandrum International Airport (TRV),51.3,MMLP Coimbatore,232.04,Kollam Terminal,33.5,FCI Depot Kochi,132.06,Old Toll Booth,37.41
Ayiranalloor,Kollam,600,628396,village,744,3.29,Bangalore-Mysore Road,377.96,Punalur,8.95,Balaramapuram,61.28,Vizhinjam International Seaport,67.02,ICD Thiruvananthapuram,47.33,Petrapole ICP,1993.56,Trivandrum International Airport (TRV),55.23,MMLP Coimbatore,228.43,Kollam Terminal,41.36,FCI Depot Kochi,133.25,Old Toll Booth,45.03
Eroor,Kollam,600,628401,village,744,8.37,Bangalore-Mysore Road,382.37,Punalur,11.45,Balaramapuram,57.07,Vizhinjam International Seaport,62.48,ICD Thiruvananthapuram,42.63,Petrapole ICP,1998.56,Trivandrum International Airport (TRV),50.42,MMLP Coimbatore,233.03,Kollam Terminal,38.48,FCI Depot Kochi,135.77,Old Toll Booth,42.53
Alayamon,Kollam,600,628402,village,744,10.56,Bangalore-Mysore Road,385.56,Punalur,14.81,Balaramapuram,53.79,Vizhinjam International Seaport,59.34,ICD Thiruvananthapuram,39.59,Petrapole ICP,2000.25,Trivandrum International Airport (TRV),47.48,MMLP Coimbatore,236.12,Kollam Terminal,39.61,FCI Depot Kochi,139.07,Old Toll Booth,43.9
Thinkalkarikkom,Kollam,600,628395,village,744,7.09,Bangalore-Mysore Road,384.88,Punalur,16.81,Balaramapuram,54.33,Vizhinjam International Seaport,60.62,ICD Thiruvananthapuram,41.43,Petrapole ICP,1996.04,Trivandrum International Airport (TRV),49.58,MMLP Coimbatore,235.02,Kollam Terminal,45.1,FCI Depot Kochi,141.22,Old Toll Booth,49.31
Channappetta,Kollam,600,628403,village,744,13.18,Bangalore-Mysore Road,388.95,Punalur,18.31,Balaramapuram,50.34,Vizhinjam International Seaport,56.02,ICD Thiruvananthapuram,36.39,Petrapole ICP,2002.18,Trivandrum International Airport (TRV),44.37,MMLP Coimbatore,239.43,Kollam Terminal,40.86,FCI Depot Kochi,142.48,Old Toll Booth,45.39
Mancodu,Kollam,600,628428,village,66,20.02,Bangalore-Mysore Road,398.07,MURUKKAMPUZHA,26.06,Balaramapuram,41.32,Vizhinjam International Seaport,46.86,ICD Thiruvananthapuram,27.3,Petrapole ICP,2009.5,Trivandrum International Airport (TRV),35.36,MMLP Coimbatore,248.58,Kollam Terminal,42.44,FCI Depot Kochi,150.22,Thiruvananthapuram Toll Plaza,46.66
Kummil,Kollam,600,628427,village,66,14.95,Bangalore-Mysore Road,397.97,AKATHUMURI,21.78,Balaramapuram,42.35,Vizhinjam International Seaport,46.9,ICD Thiruvananthapuram,26.82,Petrapole ICP,2012.93,Trivandrum International Airport (TRV),34.41,MMLP Coimbatore,248.91,Kollam Terminal,37.44,FCI Depot Kochi,147.78,Old Toll Booth,42.52
Chithara,Kollam,600,628429,village,744,16.97,Bangalore-Mysore Road,393.93,Punalur,23.26,Balaramapuram,45.33,Vizhinjam International Seaport,51.1,ICD Thiruvananthapuram,31.63,Petrapole ICP,2005.52,Trivandrum International Airport (TRV),39.71,MMLP Coimbatore,244.36,Kollam Terminal,42.45,FCI Depot Kochi,147.15,Old Toll Booth,47.25
West Kallada (CT),Kollam,600,628381,village,183,2.4,Bangalore-Mysore Road,371.02,MUNROTURUTTU,3.05,Balaramapuram,81.41,Vizhinjam International Seaport,82.78,ICD Thiruvananthapuram,63.87,Petrapole ICP,2012.94,Trivandrum International Airport (TRV),68.63,MMLP Coimbatore,226.04,Kollam Terminal,14.13,FCI Depot Kochi,109.56,Old Toll Booth,12.19
Sasthamcotta (CT),Kollam,600,628378,village,183,1.46,Bangalore-Mysore Road,367.45,SASTHANKOTTA,3.91,Balaramapuram,84.11,Vizhinjam International Seaport,85.73,ICD Thiruvananthapuram,66.63,Petrapole ICP,2009.87,Trivandrum International Airport (TRV),71.6,MMLP Coimbatore,222.45,Kollam Terminal,17.72,FCI Depot Kochi,106.39,Kollam Toll Plaza,15.26
Mynagappally (CT),Kollam,600,628380,village,66,4.86,Bangalore-Mysore Road,368.51,SASTHANKOTTA,1.82,Balaramapuram,86.13,Vizhinjam International Seaport,87.23,ICD Thiruvananthapuram,68.55,Petrapole ICP,2013.59,Trivandrum International Airport (TRV),73.07,MMLP Coimbatore,224.24,Kollam Terminal,16.96,FCI Depot Kochi,105.59,Kollam Toll Plaza,12.38
Sooranad South,Kollam,600,628379,village,183,3.35,Bangalore-Mysore Road,364.81,SASTHANKOTTA,4.83,Balaramapuram,87.61,Vizhinjam International Seaport,89.17,ICD Thiruvananthapuram,70.12,Petrapole ICP,2009.16,Trivandrum International Airport (TRV),75.03,MMLP Coimbatore,220.2,Kayamkulam Terminal,16.67,FCI Depot Kochi,103.05,Kollam Toll Plaza,11.89
Sooranad North,Kollam,600,628375,village,183,0.91,Bangalore-Mysore Road,360.28,SASTHANKOTTA,9.69,Balaramapuram,90.3,Vizhinjam International Seaport,92.28,ICD Thiruvananthapuram,72.93,Petrapole ICP,2004.39,Trivandrum International Airport (TRV),78.19,MMLP Coimbatore,215.43,Kayamkulam Terminal,15.67,FCI Depot Kochi,99.65,Kollam Toll Plaza,12.33
Poruvazhy,Kollam,600,628376,village,183A,1.75,Bangalore-Mysore Road,362.92,SASTHANKOTTA,9.27,Balaramapuram,86.19,Vizhinjam International Seaport,88.36,ICD Thiruvananthapuram,68.88,Petrapole ICP,2004.33,Trivandrum International Airport (TRV),74.31,MMLP Coimbatore,217.49,Kayamkulam Terminal,20.04,FCI Depot Kochi,103.53,Kollam Toll Plaza,16.32
Kunnathur,Kollam,600,628377,village,183A,2.15,Bangalore-Mysore Road,366.1,SASTHANKOTTA,9.58,Balaramapuram,82.23,Vizhinjam International Seaport,84.48,ICD Thiruvananthapuram,64.95,Petrapole ICP,2005.38,Trivandrum International Airport (TRV),70.45,MMLP Coimbatore,220.29,Kollam Terminal,20.32,FCI Depot Kochi,107.42,Old Toll Booth,19.55
Thekkumbhagom (CT),Kollam,600,628362,village,66,3.51,Bangalore-Mysore Road,377.25,MUNROTURUTTU,6.29,Balaramapuram,80.94,Vizhinjam International Seaport,81.22,ICD Thiruvananthapuram,63.35,Petrapole ICP,2021.89,Trivandrum International Airport (TRV),67.11,MMLP Coimbatore,233.21,Kollam Terminal,9.69,FCI Depot Kochi,113.12,Old Toll Booth,4.95
Chavara (CT),Kollam,600,628372,village,66,1.17,Bangalore-Mysore Road,375.25,MUNROTURUTTU,7.56,Balaramapuram,83.92,Vizhinjam International Seaport,84.16,ICD Thiruvananthapuram,66.33,Petrapole ICP,2021.58,Trivandrum International Airport (TRV),70.06,MMLP Coimbatore,231.59,Kollam Terminal,12.64,FCI Depot Kochi,110.53,Old Toll Booth,7.65
Thevalakkara (CT),Kollam,600,628361,village,66,4.15,Bangalore-Mysore Road,372.69,SASTHANKOTTA,4.13,Balaramapuram,83.65,Vizhinjam International Seaport,84.37,ICD Thiruvananthapuram,66.05,Petrapole ICP,2017.64,Trivandrum International Airport (TRV),70.22,MMLP Coimbatore,228.55,Kollam Terminal,13.27,FCI Depot Kochi,109.12,Old Toll Booth,9.32
Panmana (CT),Kollam,600,628371,village,66,0.61,Bangalore-Mysore Road,372.07,KARUNAGAPALLI,6.18,Balaramapuram,87.35,Vizhinjam International Seaport,87.69,ICD Thiruvananthapuram,69.76,Petrapole ICP,2019.95,Trivandrum International Airport (TRV),73.58,MMLP Coimbatore,228.72,Kollam Terminal,16.16,FCI Depot Kochi,106.99,Old Toll Booth,11.24
Vadakkumthala (CT),Kollam,600,628370,village,66,0.77,Bangalore-Mysore Road,369.87,KARUNAGAPALLI,3.94,Balaramapuram,87.61,Vizhinjam International Seaport,88.28,ICD Thiruvananthapuram,70.01,Petrapole ICP,2017.0,Trivandrum International Airport (TRV),74.13,MMLP Coimbatore,226.22,Kollam Terminal,16.98,FCI Depot Kochi,105.54,Kollam Toll Plaza,11.54
Ayanivelikulangara (CT),Kollam,600,628369,village,66,1.3,Bangalore-Mysore Road,369.48,KARUNAGAPALLI,3.84,Balaramapuram,89.55,Vizhinjam International Seaport,90.03,ICD Thiruvananthapuram,71.94,Petrapole ICP,2018.11,Trivandrum International Airport (TRV),75.9,MMLP Coimbatore,226.25,Kayamkulam Terminal,16.28,FCI Depot Kochi,104.38,Kollam Toll Plaza,10.52
Karimkunnam (Part),Idukki,596,628095,village,85,19.38,Bangalore-Mysore Road,277.64,KURUPPANTHARA,24.52,Balaramapuram,164.27,Cochin Port,51.38,ICD Kochi (Edappally),46.14,Petrapole ICP,1934.75,Cochin International Airport (COK),46.64,MMLP Coimbatore,132.78,Vaikom Terminal,36.39,FCI Depot Kochi,48.33,Ernakulam Toll Plaza,23.91
Thodupuzha (Part),Idukki,596,628092,village,85,16.71,Bangalore-Mysore Road,272.5,KURUPPANTHARA,29.08,Balaramapuram,168.87,Cochin Port,52.24,ICD Kochi (Edappally),46.65,Petrapole ICP,1929.56,Cochin International Airport (COK),44.52,MMLP Coimbatore,127.33,Vaikom Terminal,40.31,FCI Depot Kochi,49.53,Ernakulam Toll Plaza,18.41
Karikkode (Part),Idukki,596,628091,village,85,17.79,Bangalore-Mysore Road,273.66,KURUPPANTHARA,31.08,Balaramapuram,167.11,Cochin Port,55.65,ICD Kochi (Edappally),50.08,Petrapole ICP,1928.31,Cochin International Airport (COK),47.76,MMLP Coimbatore,127.74,Vaikom Terminal,42.77,FCI Depot Kochi,52.9,Ernakulam Toll Plaza,18.54
Kumaramangalam (Part),Idukki,596,628084,village,85,11.47,Bangalore-Mysore Road,267.29,PIRAVAM ROAD,32.94,Balaramapuram,173.66,Cochin Port,53.32,ICD Kochi (Edappally),47.45,Petrapole ICP,1924.52,Cochin International Airport (COK),42.68,MMLP Coimbatore,121.88,Maradu (Kochi) Terminal,43.65,FCI Depot Kochi,50.96,Ernakulam Toll Plaza,12.97
Kodikkulam,Idukki,596,628085,village,85,10.14,Bangalore-Mysore Road,266.2,PIRAVAM ROAD,37.63,Balaramapuram,174.0,Cochin Port,57.84,ICD Kochi (Edappally),51.92,Petrapole ICP,1920.66,Cochin International Airport (COK),45.98,MMLP Coimbatore,119.79,Maradu (Kochi) Terminal,48.21,FCI Depot Kochi,55.57,Ernakulam Toll Plaza,10.67
Vannappuram,Idukki,596,628086,village,85,5.61,Bangalore-Mysore Road,262.46,PIRAVAM ROAD,44.68,Balaramapuram,177.05,Cochin Port,63.85,ICD Kochi (Edappally),57.79,Petrapole ICP,1913.77,Cochin International Airport (COK),49.69,MMLP Coimbatore,114.87,Aluva Terminal,52.79,FCI Depot Kochi,61.8,Ernakulam Toll Plaza,8.48
Neyyasseri,Idukki,596,628089,village,85,12.1,Bangalore-Mysore Road,268.27,KURUPPANTHARA,39.39,Balaramapuram,171.54,Cochin Port,61.26,ICD Kochi (Edappally),55.41,Petrapole ICP,1920.02,Cochin International Airport (COK),49.85,MMLP Coimbatore,121.14,Vaikom Terminal,50.83,FCI Depot Kochi,58.87,Ernakulam Toll Plaza,12.87
Karimannoor,Idukki,596,628090,village,85,16.04,Bangalore-Mysore Road,272.01,KURUPPANTHARA,35.75,Balaramapuram,168.06,Cochin Port,59.76,ICD Kochi (Edappally),54.07,Petrapole ICP,1924.13,Cochin International Airport (COK),50.27,MMLP Coimbatore,125.2,Vaikom Terminal,47.51,FCI Depot Kochi,57.14,Ernakulam Toll Plaza,16.44
Udumbannoor,Idukki,596,628088,village,185,12.7,Bangalore-Mysore Road,272.25,KURUPPANTHARA,41.44,Balaramapuram,167.18,Cochin Port,66.2,ICD Kochi (Edappally),60.47,Petrapole ICP,1919.93,Cochin International Airport (COK),55.74,MMLP Coimbatore,124.23,Vaikom Terminal,53.52,FCI Depot Kochi,63.61,Ernakulam Toll Plaza,17.89
Velliyamattom,Idukki,596,628098,village,185,14.93,Bangalore-Mysore Road,278.96,ETTUMANUR,36.65,Balaramapuram,160.64,Cochin Port,65.71,ICD Kochi (Edappally),60.29,Petrapole ICP,1926.21,Cochin International Airport (COK),58.16,MMLP Coimbatore,131.18,Thanneermukkom Terminal,49.43,FCI Depot Kochi,62.77,Ernakulam Toll Plaza,23.84
Alakkode,Idukki,596,628097,village,85,20.47,Bangalore-Mysore Road,276.52,KURUPPANTHARA,32.78,Balaramapuram,163.74,Cochin Port,59.6,ICD Kochi (Edappally),54.15,Petrapole ICP,1928.2,Cochin International Airport (COK),52.24,MMLP Coimbatore,129.83,Vaikom Terminal,45.0,FCI Depot Kochi,56.72,Ernakulam Toll Plaza,20.96
Muttom,Idukki,596,628096,village,85,23.77,Bangalore-Mysore Road,280.14,KURUPPANTHARA,27.01,Balaramapuram,160.97,Cochin Port,55.98,ICD Kochi (Edappally),50.81,Petrapole ICP,1934.03,Cochin International Airport (COK),51.27,MMLP Coimbatore,134.34,Thanneermukkom Terminal,39.23,FCI Depot Kochi,52.85,Ernakulam Toll Plaza,25.14
Kudayathoor,Idukki,596,628101,village,185,19.32,Bangalore-Mysore Road,282.57,ETTUMANUR,31.49,Balaramapuram,157.5,Cochin Port,62.97,ICD Kochi (Edappally),57.81,Petrapole ICP,1931.54,Cochin International Airport (COK),57.63,MMLP Coimbatore,135.44,Thanneermukkom Terminal,44.59,FCI Depot Kochi,59.82,Ernakulam Toll Plaza,27.01
Arakkulam,Idukki,596,628100,village,185,13.53,Bangalore-Mysore Road,285.85,ETTUMANUR,37.36,Balaramapuram,153.52,Cochin Port,71.09,ICD Kochi (Edappally),65.96,Petrapole ICP,1928.94,Cochin International Airport (COK),65.29,MMLP Coimbatore,137.43,Thanneermukkom Terminal,51.17,FCI Depot Kochi,67.91,Ernakulam Toll Plaza,31.31
Elappally,Idukki,596,628102,village,185,16.44,Bangalore-Mysore Road,287.79,ETTUMANUR,34.73,Balaramapuram,151.75,Cochin Port,69.74,ICD Kochi (Edappally),64.74,Petrapole ICP,1931.86,Cochin International Airport (COK),65.05,MMLP Coimbatore,139.68,Thanneermukkom Terminal,48.71,FCI Depot Kochi,66.45,Ernakulam Toll Plaza,32.75
Mannamkandam,Idukki,596,628056,village,85,1.25,Bangalore-Mysore Road,256.84,PIRAVAM ROAD,51.47,Balaramapuram,182.39,Cochin Port,69.0,ICD Kochi (Edappally),62.83,Petrapole ICP,1906.22,Cochin International Airport (COK),52.36,MMLP Coimbatore,108.41,Aluva Terminal,56.34,FCI Depot Kochi,67.27,Ernakulam Toll Plaza,9.97
Mankulam,Idukki,596,628055,village,85,11.07,Bangalore-Mysore Road,249.34,ANAIMALAI ROAD,56.0,Balaramapuram,189.98,Cochin Port,78.02,ICD Kochi (Edappally),71.77,Petrapole ICP,1894.94,Cochin International Airport (COK),58.77,MMLP Coimbatore,99.64,Aluva Terminal,63.7,FCI Depot Kochi,76.65,Ernakulam Toll Plaza,19.2
Anaviratty,Idukki,596,628057,village,85,2.29,Bangalore-Mysore Road,258.49,KURUPPANTHARA,61.38,Balaramapuram,181.02,Cochin Port,80.45,ICD Kochi (Edappally),74.31,Petrapole ICP,1899.23,Cochin International Airport (COK),63.79,MMLP Coimbatore,108.34,Aluva Terminal,67.91,FCI Depot Kochi,78.61,Idukki Toll Plaza,15.2
Pallivasal,Idukki,596,628058,village,85,0.14,Bangalore-Mysore Road,259.64,ANAIMALAI ROAD,65.77,Balaramapuram,180.86,Cochin Port,88.85,ICD Kochi (Edappally),82.72,Petrapole ICP,1893.89,Cochin International Airport (COK),72.08,MMLP Coimbatore,108.71,Aluva Terminal,76.31,FCI Depot Kochi,86.97,Idukki Toll Plaza,6.82
Vellathooval,Idukki,596,628060,village,185,1.25,Bangalore-Mysore Road,265.33,KURUPPANTHARA,62.07,Balaramapuram,174.56,Cochin Port,84.53,ICD Kochi (Edappally),78.51,Petrapole ICP,1901.3,Cochin International Airport (COK),69.63,MMLP Coimbatore,114.78,Aluva Terminal,73.24,FCI Depot Kochi,82.38,Idukki Toll Plaza,13.08
Kunjithanni,Idukki,596,628059,village,85,3.26,Bangalore-Mysore Road,263.19,KURUPPANTHARA,66.95,Balaramapuram,177.29,Cochin Port,88.7,ICD Kochi (Edappally),82.62,Petrapole ICP,1896.6,Cochin International Airport (COK),72.89,MMLP Coimbatore,112.28,Aluva Terminal,76.82,FCI Depot Kochi,86.66,Idukki Toll Plaza,8.17
Kannan Devan Hills,Idukki,596,628054,village,85,10.7,Bangalore-Mysore Road,251.75,Palani,52.94,Balaramapuram,191.9,Cochin Port,103.63,ICD Kanjikode (Palakkad),95.58,Petrapole ICP,1877.24,Cochin International Airport (COK),84.44,MMLP Coimbatore,100.35,Aluva Terminal,89.52,FCI Depot Coimbatore,100.35,Idukki Toll Plaza,11.48
Marayoor,Idukki,596,628049,village,85,24.72,Bangalore-Mysore Road,235.11,POLLACHI JN,43.77,Balaramapuram,208.56,Cochin Port,106.83,ICD Kanjikode (Palakkad),82.61,Petrapole ICP,1864.98,Cochin International Airport (COK),84.52,MMLP Coimbatore,83.77,Aluva Terminal,90.59,FCI Depot Coimbatore,83.77,Idukki Toll Plaza,26.65
Keezhanthoor,Idukki,596,628050,village,85,27.27,Bangalore-Mysore Road,237.17,Palani,38.7,Balaramapuram,208.66,Cochin Port,113.22,ICD Coimbatore,86.38,Petrapole ICP,1860.96,Cochin International Airport (COK),91.25,MMLP Coimbatore,86.2,Aluva Terminal,97.23,FCI Depot Coimbatore,86.2,Idukki Toll Plaza,28.49
Kottakamboor,Idukki,596,628052,village,85,18.93,Bangalore-Mysore Road,246.03,Palani,39.37,Balaramapuram,201.37,Cochin Port,115.82,ICD Coimbatore,95.44,Petrapole ICP,1863.96,Cochin International Airport (COK),95.28,MMLP Coimbatore,95.27,Aluva Terminal,100.83,FCI Depot Coimbatore,95.27,Idukki Toll Plaza,24.86
Kanthalloor,Idukki,596,628051,village,85,19.07,Bangalore-Mysore Road,244.06,Palani,45.52,Balaramapuram,200.56,Cochin Port,108.08,ICD Kanjikode (Palakkad),91.15,Petrapole ICP,1868.97,Cochin International Airport (COK),87.32,MMLP Coimbatore,92.79,Aluva Terminal,92.91,FCI Depot Coimbatore,92.79,Idukki Toll Plaza,20.11
Vattavada,Idukki,596,628053,village,85,13.71,Bangalore-Mysore Road,251.49,Palani,43.71,Balaramapuram,195.63,Cochin Port,114.27,ICD Madurai,98.82,Petrapole ICP,1868.64,Cochin International Airport (COK),94.73,MMLP Coimbatore,100.56,Aluva Terminal,99.96,FCI Depot Madurai,98.94,Idukki Toll Plaza,20.86
Bisonvalley,Idukki,596,628063,village,85,3.53,Bangalore-Mysore Road,264.89,Palani,68.24,Balaramapuram,176.77,Cochin Port,95.09,ICD Kochi (Edappally),89.03,Petrapole ICP,1893.06,Cochin International Airport (COK),79.31,MMLP Coimbatore,113.63,Aluva Terminal,83.28,FCI Depot Kochi,93.0,Idukki Toll Plaza,5.47
Rajakkad,Idukki,596,628062,village,85,8.98,Bangalore-Mysore Road,269.75,ETTUMANUR,68.22,Balaramapuram,171.5,Cochin Port,93.41,ICD Kochi (Edappally),87.46,Petrapole ICP,1898.12,Cochin International Airport (COK),79.04,MMLP Coimbatore,118.6,Thanneermukkom Terminal,81.14,FCI Depot Kochi,91.13,Idukki Toll Plaza,10.83
Kanthippara,Idukki,596,628067,village,85,8.39,Bangalore-Mysore Road,273.09,Palani,71.43,Balaramapuram,169.43,Cochin Port,99.24,ICD Kochi (Edappally),93.33,Petrapole ICP,1896.35,Cochin International Airport (COK),85.25,MMLP Coimbatore,121.74,Thanneermukkom Terminal,85.72,FCI Depot Kochi,96.87,Idukki Toll Plaza,13.65
Santhanpara,Idukki,596,628068,village,85,3.79,Bangalore-Mysore Road,274.32,Palani,66.55,Balaramapuram,170.59,Cochin Port,107.43,ICD Madurai,100.06,Petrapole ICP,1890.9,Cochin International Airport (COK),93.03,MMLP Coimbatore,122.92,Thanneermukkom Terminal,93.63,FCI Depot Madurai,100.05,Idukki Toll Plaza,17.56
Attappadi,Palakkad,593,000000,village,966,13.66,Bangalore-Mysore Road,152.0,KOTTEKAD,19.12,Balaramapuram,288.64,Cochin Port,121.56,ICD Kanjikode (Palakkad),21.72,Petrapole ICP,1842.82,Calicut International Airport (CCJ),77.58,MMLP Coimbatore,34.54,Kottapuram Terminal,99.73,FCI Depot Coimbatore,34.54,Palakkad Toll Plaza,25.18
Agali,Palakkad,593,627611,village,966,18.94,Bangalore-Mysore Road,139.33,KOTTEKAD,32.05,New Makardhokda,281.36,Cochin Port,132.71,ICD Kanjikode (Palakkad),34.0,Petrapole ICP,1834.97,Calicut International Airport (CCJ),73.26,MMLP Coimbatore,37.76,Kottapuram Terminal,109.93,FCI Depot Coimbatore,37.76,Palakkad Toll Plaza,36.87
Sholayur,Palakkad,593,627613,village,966,22.73,Bangalore-Mysore Road,144.81,CHULLIMADA,25.53,New Makardhokda,291.65,Cochin Port,130.81,ICD Coimbatore,28.18,Petrapole ICP,1832.93,Calicut International Airport (CCJ),82.92,MMLP Coimbatore,27.77,Kottapuram Terminal,109.37,FCI Depot Coimbatore,27.77,Palakkad Toll Plaza,27.82
Kottathara,Palakkad,593,627612,village,181,26.01,Bangalore-Mysore Road,138.26,Periyanaikanpalayam,27.76,New Makardhokda,286.55,Cochin Port,136.61,ICD Coimbatore,30.17,Petrapole ICP,1828.48,Calicut International Airport (CCJ),81.72,MMLP Coimbatore,29.84,Kottapuram Terminal,114.73,FCI Depot Coimbatore,29.84,Palakkad Toll Plaza,34.17
Perumpadappa,Malappuram,592,627560,village,66,2.6,Bangalore-Mysore Road,197.67,GURUVAYUR,13.13,New Makardhokda,277.1,Cochin Port,86.93,ICD Kanjikode (Palakkad),68.39,Petrapole ICP,1914.56,Calicut International Airport (CCJ),48.84,MMLP Coimbatore,112.42,Kottapuram Terminal,60.41,FCI Depot Kozhikode,66.23,Devadar Bridge Toll Booth,31.43
Nannammukku (CT),Malappuram,592,627561,village,66,6.58,Bangalore-Mysore Road,194.23,KUTTIPPURAM,14.1,New Makardhokda,276.51,Cochin Port,88.15,ICD Kanjikode (Palakkad),64.74,Petrapole ICP,1910.54,Calicut International Airport (CCJ),46.82,MMLP Coimbatore,108.49,Kottapuram Terminal,61.42,FCI Depot Kozhikode,65.25,Devadar Bridge Toll Booth,30.59
Veliyancode (CT),Malappuram,592,627559,village,66,0.09,Bangalore-Mysore Road,196.44,KUTTIPPURAM,16.24,New Makardhokda,272.7,Cochin Port,91.05,ICD Kanjikode (Palakkad),71.9,Petrapole ICP,1915.03,Calicut International Airport (CCJ),45.77,MMLP Coimbatore,115.26,Kottapuram Terminal,64.71,FCI Depot Kozhikode,62.18,Devadar Bridge Toll Booth,27.45
Alankode (CT),Malappuram,592,627564,village,66,10.33,Bangalore-Mysore Road,191.33,PERSSANNUR,11.77,New Makardhokda,276.42,Cochin Port,89.05,ICD Kanjikode (Palakkad),61.27,Petrapole ICP,1906.95,Calicut International Airport (CCJ),45.59,MMLP Coimbatore,104.79,Kottapuram Terminal,62.19,FCI Depot Kozhikode,64.96,Devadar Bridge Toll Booth,30.69
Marancheri (CT),Malappuram,592,627565,village,66,2.74,Bangalore-Mysore Road,192.8,KUTTIPPURAM,12.68,New Makardhokda,270.36,Cochin Port,93.69,ICD Kanjikode (Palakkad),70.2,Petrapole ICP,1911.59,Calicut International Airport (CCJ),42.43,MMLP Coimbatore,112.96,Kottapuram Terminal,67.17,FCI Depot Kozhikode,59.47,Devadar Bridge Toll Booth,24.66
Ezhuvathiruthy,Malappuram,592,913310,village,66,0.4,Bangalore-Mysore Road,190.81,TIRUNNAVAYA,11.18,New Makardhokda,267.07,Cochin Port,96.94,ICD Kanjikode (Palakkad),71.7,Petrapole ICP,1910.57,Calicut International Airport (CCJ),39.56,MMLP Coimbatore,113.82,Kottapuram Terminal,70.45,FCI Depot Kozhikode,56.22,Devadar Bridge Toll Booth,21.42
Ponnani Nagaram,Malappuram,592,913309,village,66,0.18,Bangalore-Mysore Road,193.75,TIRUNNAVAYA,14.13,New Makardhokda,267.91,Cochin Port,95.78,ICD Kanjikode (Palakkad),74.16,Petrapole ICP,1913.77,Calicut International Airport (CCJ),41.81,MMLP Coimbatore,116.66,Kottapuram Terminal,69.49,FCI Depot Kozhikode,57.54,Devadar Bridge Toll Booth,22.91
Morayur (CT),Malappuram,592,627456,village,966,1.31,Bangalore-Mysore Road,153.25,VALLIKUNNU,18.67,New Makardhokda,237.94,Cochin Port,131.55,ICD Kanjikode (Palakkad),73.81,Petrapole ICP,1877.55,Calicut International Airport (CCJ),7.15,MMLP Coimbatore,103.58,Kottapuram Terminal,104.62,FCI Depot Kozhikode,30.22,Malappuram Toll Plaza,21.01
Kuzhimanna,Malappuram,592,627453,village,966,4.95,Bangalore-Mysore Road,148.3,FEROK,19.45,New Makardhokda,232.04,Cochin Port,137.91,ICD Kanjikode (Palakkad),78.13,Petrapole ICP,1873.85,Calicut International Airport (CCJ),7.38,MMLP Coimbatore,105.65,Kottapuram Terminal,110.98,FCI Depot Kozhikode,26.47,Malappuram Toll Plaza,20.77
Muthuvallur,Malappuram,592,627454,village,966,4.69,Bangalore-Mysore Road,148.46,FEROK,16.46,New Makardhokda,229.04,Cochin Port,140.07,ICD Kanjikode (Palakkad),81.58,Petrapole ICP,1874.86,Calicut International Airport (CCJ),6.73,MMLP Coimbatore,108.98,Kottapuram Terminal,113.14,FCI Depot Kozhikode,23.02,Malappuram Toll Plaza,18.44
Cheekkode,Malappuram,592,627446,village,966,7.46,Bangalore-Mysore Road,145.87,FEROK,16.75,New Makardhokda,226.08,Cochin Port,143.33,ICD Kanjikode (Palakkad),83.75,Petrapole ICP,1872.79,Calicut International Airport (CCJ),9.7,MMLP Coimbatore,110.01,Kottapuram Terminal,116.41,FCI Depot Kozhikode,21.78,Malappuram Toll Plaza,19.68
Vazhakkad,Malappuram,592,627444,village,966,8.88,Bangalore-Mysore Road,144.9,FEROK,15.58,New Makardhokda,222.54,Cochin Port,146.43,ICD Kanjikode (Palakkad),87.27,Petrapole ICP,1872.58,Calicut International Airport (CCJ),12.08,MMLP Coimbatore,112.96,Kottapuram Terminal,119.52,FCI Depot Kozhikode,18.99,Malappuram Toll Plaza,19.47
Pulikkal,Malappuram,592,627445,village,966,2.43,Bangalore-Mysore Road,151.16,FEROK,12.11,New Makardhokda,227.23,Cochin Port,140.47,ICD Kanjikode (Palakkad),84.92,Petrapole ICP,1878.25,Calicut International Airport (CCJ),5.85,MMLP Coimbatore,113.12,Kottapuram Terminal,113.58,FCI Depot Kozhikode,19.23,Malappuram Toll Plaza,14.35
Cherukavu (CT),Malappuram,592,627467,village,966,1.03,Bangalore-Mysore Road,153.67,FEROK,8.32,New Makardhokda,225.82,Cochin Port,140.81,ICD Kanjikode (Palakkad),87.82,Petrapole ICP,1881.3,Calicut International Airport (CCJ),7.35,MMLP Coimbatore,116.72,Kottapuram Terminal,113.97,FCI Depot Kozhikode,16.22,Malappuram Toll Plaza,10.88
Vazhayur (CT),Malappuram,592,627466,village,66,3.47,Bangalore-Mysore Road,151.26,FEROK,8.37,New Makardhokda,222.16,Cochin Port,144.57,ICD Kanjikode (Palakkad),90.62,Petrapole ICP,1879.48,Calicut International Airport (CCJ),10.78,MMLP Coimbatore,118.43,Kottapuram Terminal,117.74,FCI Depot Kozhikode,13.58,Malappuram Toll Plaza,12.68
Karuvarakundu,Malappuram,592,627487,village,966,14.44,Bangalore-Mysore Road,142.02,Tuvvur,7.49,New Makardhokda,260.64,Cochin Port,127.99,ICD Kanjikode (Palakkad),44.74,Petrapole ICP,1854.01,Calicut International Airport (CCJ),43.44,MMLP Coimbatore,67.31,Kottapuram Terminal,102.36,FCI Depot Kozhikode,64.7,Devadar Bridge Toll Booth,53.13
Tuvvur,Malappuram,592,627485,village,966,17.02,Bangalore-Mysore Road,141.28,Tuvvur,1.99,New Makardhokda,255.45,Cochin Port,129.85,ICD Kanjikode (Palakkad),49.98,Petrapole ICP,1856.09,Calicut International Airport (CCJ),37.82,MMLP Coimbatore,73.09,Kottapuram Terminal,103.84,FCI Depot Kozhikode,58.81,Devadar Bridge Toll Booth,48.69
Kerala Estate,Malappuram,592,627486,village,966,19.53,Bangalore-Mysore Road,135.36,Tuvvur,12.62,New Makardhokda,259.1,Cochin Port,134.21,ICD Kanjikode (Palakkad),47.06,Petrapole ICP,1846.69,Calicut International Airport (CCJ),47.89,MMLP Coimbatore,64.01,Kottapuram Terminal,108.86,FCI Depot Coimbatore,64.01,Palakkad Toll Plaza,59.01
Kalikavu,Malappuram,592,627483,village,966,21.79,Bangalore-Mysore Road,134.79,Todikkapulam Halt,9.21,New Makardhokda,254.88,Cochin Port,135.42,ICD Kanjikode (Palakkad),50.84,Petrapole ICP,1848.53,Calicut International Airport (CCJ),43.49,MMLP Coimbatore,68.82,Kottapuram Terminal,109.74,FCI Depot Kozhikode,63.15,Devadar Bridge Toll Booth,55.8
Vellayur,Malappuram,592,627484,village,966,21.41,Bangalore-Mysore Road,136.77,Todikkapulam Halt,3.7,New Makardhokda,251.57,Cochin Port,134.61,ICD Kanjikode (Palakkad),53.8,Petrapole ICP,1852.75,Calicut International Airport (CCJ),37.75,MMLP Coimbatore,74.27,Kottapuram Terminal,108.57,FCI Depot Kozhikode,57.57,Devadar Bridge Toll Booth,50.45
Vorkady,Kasaragod,588,627058,village,66,6.25,Bangalore-Mysore Road,192.76,MANJESHWAR,7.26,New Makardhokda,20.84,New Mangalore Port,20.84,ICD Mangalore (Panambur),19.41,Rupaidiha ICP,1818.8,Mangaluru International Airport (IXE),22.07,MMLP Bengaluru (Muddalinganahalli),268.93,Kottapuram Terminal,316.71,FCI Depot Kozhikode,190.71,Talapadi Toll Plaza,7.0
Kaliyoor,Kasaragod,588,"627062
",village,66,5.26,Bangalore-Mysore Road,191.57,MANJESHWAR,6.26,New Makardhokda,23.68,New Mangalore Port,23.68,ICD Mangalore (Panambur),22.32,Rupaidiha ICP,1821.47,Mangaluru International Airport (IXE),25.13,MMLP Bengaluru (Muddalinganahalli),268.87,Kottapuram Terminal,313.77,FCI Depot Kozhikode,187.82,Talapadi Toll Plaza,7.79
Koliyoor,Kasaragod,588,"627061
",village,66,7.03,Bangalore-Mysore Road,189.91,MANJESHWAR,8.08,New Makardhokda,24.33,New Mangalore Port,24.33,ICD Mangalore (Panambur),22.86,Rupaidiha ICP,1820.53,Mangaluru International Airport (IXE),25.24,MMLP Bengaluru (Muddalinganahalli),267.05,Kottapuram Terminal,313.32,FCI Depot Kozhikode,187.27,Talapadi Toll Plaza,9.44
Kodlamogaru,Kasaragod,588,627060,village,66,9.55,Bangalore-Mysore Road,187.97,MANJESHWAR,10.57,New Makardhokda,24.79,New Mangalore Port,24.79,ICD Mangalore (Panambur),23.2,Rupaidiha ICP,1818.72,Mangaluru International Airport (IXE),24.95,MMLP Bengaluru (Muddalinganahalli),264.64,Kottapuram Terminal,313.36,FCI Depot Kozhikode,187.2,Talapadi Toll Plaza,11.54
Pathur,Kasaragod,588,627059,village,73,10.47,Bangalore-Mysore Road,188.1,Kalladaka,11.46,New Makardhokda,23.41,New Mangalore Port,23.41,ICD Mangalore (Panambur),21.75,Rupaidiha ICP,1816.49,Mangaluru International Airport (IXE),23.1,MMLP Bengaluru (Muddalinganahalli),263.91,Kottapuram Terminal,315.19,FCI Depot Mysuru,187.47,Brahamarakotlu Toll Plaza,11.44
Mylapra,Pathanamthitta,599,628333,village,183A,0.86,Bangalore-Mysore Road,338.76,CHENGANNUR,20.84,Balaramapuram,102.67,Cochin Port,95.17,ICD Thiruvananthapuram,86.88,Petrapole ICP,1975.59,Trivandrum International Airport (TRV),93.82,MMLP Coimbatore,191.32,Kayamkulam Terminal,36.02,FCI Depot Kochi,90.93,Kollam Toll Plaza,37.15
Vallicode,Pathanamthitta,599,628337,village,183A,0.99,Bangalore-Mysore Road,348.01,CHENGANNUR,20.14,Balaramapuram,94.88,Vizhinjam International Seaport,98.72,ICD Thiruvananthapuram,78.6,Petrapole ICP,1985.24,Trivandrum International Airport (TRV),85.22,MMLP Coimbatore,201.02,Kayamkulam Terminal,29.7,FCI Depot Kochi,96.18,Kollam Toll Plaza,29.55
Pramadom,Pathanamthitta,599,628336,village,183A,4.55,Bangalore-Mysore Road,347.09,Kuri,22.52,Balaramapuram,94.02,Vizhinjam International Seaport,98.45,ICD Thiruvananthapuram,78.29,Petrapole ICP,1980.37,Trivandrum International Airport (TRV),85.3,MMLP Coimbatore,199.26,Kayamkulam Terminal,36.26,FCI Depot Kochi,99.06,Kollam Toll Plaza,36.01
Konni,Pathanamthitta,599,628338,village,183A,7.63,Bangalore-Mysore Road,348.22,Auvaneeswaram,21.4,Balaramapuram,92.28,Vizhinjam International Seaport,96.97,ICD Thiruvananthapuram,76.82,Petrapole ICP,1979.27,Trivandrum International Airport (TRV),83.99,MMLP Coimbatore,200.02,Kayamkulam Terminal,39.13,FCI Depot Kochi,101.74,Kollam Toll Plaza,38.62
Iravon,Pathanamthitta,599,628340,village,183A,8.77,Bangalore-Mysore Road,347.83,Auvaneeswaram,21.9,Balaramapuram,92.39,Vizhinjam International Seaport,97.22,ICD Thiruvananthapuram,77.1,Petrapole ICP,1977.96,Trivandrum International Airport (TRV),84.35,MMLP Coimbatore,199.45,Kayamkulam Terminal,40.7,FCI Depot Kochi,102.33,Kollam Toll Plaza,40.21
Pattazhy Vadakkekara,Kollam,600,628382,village,183A,8.78,Bangalore-Mysore Road,362.92,Kuri,7.02,Balaramapuram,79.78,Vizhinjam International Seaport,83.51,ICD Thiruvananthapuram,63.39,Petrapole ICP,1994.83,Trivandrum International Airport (TRV),70.02,MMLP Coimbatore,215.42,Kollam Terminal,30.13,FCI Depot Kochi,110.49,Old Toll Booth,31.04
Pathanapuram,Kollam,600,628387,village,744,8.26,Bangalore-Mysore Road,362.35,Auvaneeswaram,7.93,Balaramapuram,77.95,Vizhinjam International Seaport,82.68,ICD Thiruvananthapuram,62.55,Petrapole ICP,1988.39,Trivandrum International Airport (TRV),69.82,MMLP Coimbatore,213.8,Kollam Terminal,37.6,FCI Depot Kochi,114.78,Old Toll Booth,39.27
Perumpazhuthur,Thiruvananthapuram,601,913455,village,66,8.67,Bangalore-Mysore Road,438.95,NEYYATTINKARA,2.99,Balaramapuram,4.21,Vizhinjam International Seaport,13.51,ICD Thiruvananthapuram,20.1,Petrapole ICP,2034.73,Trivandrum International Airport (TRV),19.55,MMLP Coimbatore,288.84,Kollam Terminal,73.78,FCI Depot Kochi,190.81,Thiruvananthapuram Toll Plaza,5.03
Kottukal (CT),Thiruvananthapuram,601,628537,village,66,1.68,Bangalore-Mysore Road,444.2,BALARAMAPURAM,5.59,Balaramapuram,5.59,Vizhinjam International Seaport,5.54,ICD Thiruvananthapuram,20.9,Petrapole ICP,2043.09,Trivandrum International Airport (TRV),16.85,MMLP Coimbatore,294.47,Kollam Terminal,73.97,FCI Depot Kochi,193.23,Thiruvananthapuram Toll Plaza,6.9
Vizhinjam (Part),Thiruvananthapuram,601,628538,village,66,0.67,Bangalore-Mysore Road,444.01,BALARAMAPURAM,7.95,Balaramapuram,7.95,Vizhinjam International Seaport,1.82,ICD Thiruvananthapuram,19.62,Petrapole ICP,2045.46,Trivandrum International Airport (TRV),14.28,MMLP Coimbatore,294.53,Kollam Terminal,71.69,FCI Depot Kochi,191.69,Thiruvananthapuram Toll Plaza,10.77
Karumkulam,Thiruvananthapuram,601,628536,village,66,3.31,Bangalore-Mysore Road,450.01,AMARAVILA HALT,8.87,Balaramapuram,10.86,Vizhinjam International Seaport,8.91,ICD Thiruvananthapuram,26.94,Petrapole ICP,2046.39,Trivandrum International Airport (TRV),22.4,MMLP Coimbatore,300.17,Kollam Terminal,79.75,FCI Depot Kochi,199.27,Thiruvananthapuram Toll Plaza,8.01
Kanjiramkulam (CT),Thiruvananthapuram,601,628545,village,66,0.96,Bangalore-Mysore Road,447.16,NEYYATTINKARA,7.06,Balaramapuram,8.1,Vizhinjam International Seaport,7.04,ICD Thiruvananthapuram,24.07,Petrapole ICP,2044.61,Trivandrum International Airport (TRV),19.8,MMLP Coimbatore,297.36,Kollam Terminal,77.05,FCI Depot Kochi,196.4,Thiruvananthapuram Toll Plaza,6.63
Athiyannoor (CT),Thiruvananthapuram,601,628544,village,66,3.57,Bangalore-Mysore Road,443.19,NEYYATTINKARA,2.54,Balaramapuram,4.14,Vizhinjam International Seaport,9.17,ICD Thiruvananthapuram,21.54,Petrapole ICP,2040.02,Trivandrum International Airport (TRV),18.83,MMLP Coimbatore,293.25,Kollam Terminal,75.17,FCI Depot Kochi,193.56,Thiruvananthapuram Toll Plaza,3.46
Thirupuram (CT),Thiruvananthapuram,601,628535,village,66,0.02,Bangalore-Mysore Road,447.58,AMARAVILA HALT,5.41,Balaramapuram,8.55,Vizhinjam International Seaport,10.07,ICD Thiruvananthapuram,25.68,Petrapole ICP,2042.93,Trivandrum International Airport (TRV),22.17,MMLP Coimbatore,297.6,Kollam Terminal,79.09,FCI Depot Kochi,197.87,Thiruvananthapuram Toll Plaza,4.55
Kulathoor,Thiruvananthapuram,601,628534,village,66,3.56,Bangalore-Mysore Road,451.74,DHANUVACHAPURAM,7.53,Balaramapuram,12.91,Vizhinjam International Seaport,13.08,ICD Thiruvananthapuram,30.03,Petrapole ICP,2045.15,Trivandrum International Airport (TRV),26.16,MMLP Coimbatore,301.67,Kollam Terminal,83.31,FCI Depot Kochi,202.24,Thiruvananthapuram Toll Plaza,7.65
Kadakkal,Kollam,600,628425,village,66,16.5,Bangalore-Mysore Road,392.37,Punalur,20.85,Balaramapuram,48.02,Vizhinjam International Seaport,52.54,ICD Thiruvananthapuram,32.43,Petrapole ICP,2009.33,Trivandrum International Airport (TRV),39.89,MMLP Coimbatore,243.42,Kollam Terminal,34.72,FCI Depot Kochi,142.32,Old Toll Booth,39.56
Ittiva,Kollam,600,628424,village,744,16.64,Bangalore-Mysore Road,389.69,Punalur,18.14,Balaramapuram,50.41,Vizhinjam International Seaport,55.17,ICD Thiruvananthapuram,35.11,Petrapole ICP,2006.61,Trivandrum International Airport (TRV),42.66,MMLP Coimbatore,240.65,Kollam Terminal,35.18,FCI Depot Kochi,140.39,Old Toll Booth,39.82
Kottukkal,Kollam,600,628423,village,744,14.07,Bangalore-Mysore Road,385.91,Punalur,14.63,Balaramapuram,54.7,Vizhinjam International Seaport,59.12,ICD Thiruvananthapuram,38.97,Petrapole ICP,2005.55,Trivandrum International Airport (TRV),46.26,MMLP Coimbatore,237.14,Kollam Terminal,31.98,FCI Depot Kochi,135.77,Old Toll Booth,36.37
Nilamel,Kollam,600,628426,village,66,11.04,Bangalore-Mysore Road,392.7,AKATHUMURI,19.06,Balaramapuram,49.49,Vizhinjam International Seaport,52.99,ICD Thiruvananthapuram,32.87,Petrapole ICP,2013.4,Trivandrum International Airport (TRV),39.62,MMLP Coimbatore,244.29,Kollam Terminal,29.13,FCI Depot Kochi,140.04,Old Toll Booth,34.09
Chadayamangalam,Kollam,600,628422,village,66,12.68,Bangalore-Mysore Road,388.53,Kottarakara,18.15,Balaramapuram,53.62,Vizhinjam International Seaport,57.2,ICD Thiruvananthapuram,37.08,Petrapole ICP,2010.64,Trivandrum International Airport (TRV),43.83,MMLP Coimbatore,240.21,Kollam Terminal,27.52,FCI Depot Kochi,135.99,Old Toll Booth,32.2
Velinelloor,Kollam,600,628421,village,66,7.65,Bangalore-Mysore Road,387.13,Kottarakara,14.21,Balaramapuram,57.7,Vizhinjam International Seaport,60.31,ICD Thiruvananthapuram,40.53,Petrapole ICP,2013.96,Trivandrum International Airport (TRV),46.46,MMLP Coimbatore,239.54,Kollam Terminal,20.48,FCI Depot Kochi,131.81,Old Toll Booth,25.16
Elamadu,Kollam,600,628418,village,744,12.62,Bangalore-Mysore Road,384.99,Kottarakara,14.06,Balaramapuram,57.66,Vizhinjam International Seaport,61.09,ICD Thiruvananthapuram,41.01,Petrapole ICP,2009.22,Trivandrum International Airport (TRV),47.59,MMLP Coimbatore,236.89,Kollam Terminal,25.16,FCI Depot Kochi,131.92,Old Toll Booth,29.53
Valakam,Kollam,600,628417,village,744,8.69,Bangalore-Mysore Road,380.82,Kottarakara,10.82,Balaramapuram,61.55,Vizhinjam International Seaport,65.16,ICD Thiruvananthapuram,45.05,Petrapole ICP,2005.99,Trivandrum International Airport (TRV),51.72,MMLP Coimbatore,232.74,Kollam Terminal,25.42,FCI Depot Kochi,128.19,Old Toll Booth,29.27
Pooyappally,Kollam,600,628420,village,66,5.02,Bangalore-Mysore Road,386.05,Ezhukone,11.66,Balaramapuram,60.57,Vizhinjam International Seaport,62.68,ICD Thiruvananthapuram,43.2,Petrapole ICP,2015.6,Trivandrum International Airport (TRV),48.68,MMLP Coimbatore,238.92,Kollam Terminal,16.43,FCI Depot Kochi,129.22,Old Toll Booth,21.05
Veliyam,Kollam,600,628419,village,744,7.91,Bangalore-Mysore Road,382.0,Ezhukone,8.56,Balaramapuram,63.76,Vizhinjam International Seaport,66.22,ICD Thiruvananthapuram,46.54,Petrapole ICP,2012.02,Trivandrum International Airport (TRV),52.3,MMLP Coimbatore,234.82,Kollam Terminal,17.27,FCI Depot Kochi,125.79,Old Toll Booth,21.22
Chathurangapara,Idukki,596,628069,village,85,8.59,Bangalore-Mysore Road,278.7,RAJAPALAYAM,63.92,Balaramapuram,165.68,Cochin Port,106.28,ICD Kochi (Edappally),100.46,Petrapole ICP,1895.52,Cochin International Airport (COK),93.05,MMLP Coimbatore,127.29,Thanneermukkom Terminal,90.94,FCI Depot Madurai,101.45,Idukki Toll Plaza,20.49
Udumbanchola,Idukki,596,628070,village,85,10.82,Bangalore-Mysore Road,276.88,RAJAPALAYAM,68.64,Balaramapuram,165.61,Cochin Port,99.55,ICD Kochi (Edappally),93.73,Petrapole ICP,1899.29,Cochin International Airport (COK),86.52,MMLP Coimbatore,125.55,Thanneermukkom Terminal,84.63,FCI Depot Kochi,97.04,Idukki Toll Plaza,17.38
Pooppara,Idukki,596,628065,village,85,0.41,Bangalore-Mysore Road,269.27,Palani,61.66,Balaramapuram,175.96,Cochin Port,108.09,ICD Madurai,99.62,Petrapole ICP,1886.31,Cochin International Airport (COK),92.47,MMLP Coimbatore,117.91,Thanneermukkom Terminal,96.03,FCI Depot Madurai,99.64,Idukki Toll Plaza,14.82
Rajakumari,Idukki,596,628066,village,85,3.83,Bangalore-Mysore Road,267.92,Palani,65.76,Balaramapuram,175.2,Cochin Port,101.13,ICD Kochi (Edappally),95.11,Petrapole ICP,1890.74,Cochin International Airport (COK),85.69,MMLP Coimbatore,116.52,Thanneermukkom Terminal,89.51,FCI Depot Kochi,98.96,Idukki Toll Plaza,9.49
Parathodu,Idukki,596,628075,village,185,13.64,Bangalore-Mysore Road,283.72,RAJAPALAYAM,60.48,Balaramapuram,160.28,Cochin Port,105.81,ICD Kochi (Edappally),100.12,Petrapole ICP,1900.32,Cochin International Airport (COK),93.89,MMLP Coimbatore,132.31,Thanneermukkom Terminal,88.71,FCI Depot Madurai,102.71,Idukki Toll Plaza,24.76
Kalkoonthal,Idukki,596,628074,village,185,9.38,Bangalore-Mysore Road,282.56,RAJAPALAYAM,65.59,Balaramapuram,159.4,Cochin Port,98.35,ICD Kochi (Edappally),92.69,Petrapole ICP,1905.21,Cochin International Airport (COK),86.99,MMLP Coimbatore,131.31,Thanneermukkom Terminal,81.27,FCI Depot Kochi,95.62,Idukki Toll Plaza,23.1
Pampadumpara,Idukki,596,628076,village,185,5.6,Bangalore-Mysore Road,289.43,RAJAPALAYAM,59.25,Balaramapuram,153.11,Cochin Port,102.1,ICD Kochi (Edappally),96.62,Petrapole ICP,1908.62,Cochin International Airport (COK),92.18,MMLP Coimbatore,138.13,Thanneermukkom Terminal,82.75,FCI Depot Kochi,99.18,Idukki Toll Plaza,29.9
Toppumpadi,Ernakulam,595,913789,village,966B,0.58,Bangalore-Mysore Road,270.99,ERNAKULAM JN,4.15,Balaramapuram,190.96,Cochin Port,2.82,ICD Kochi (Edappally),5.7,Petrapole ICP,1957.55,Cochin International Airport (COK),27.8,MMLP Coimbatore,141.83,Maradu (Kochi) Terminal,7.76,FCI Depot Kochi,1.54,Ernakulam Toll Plaza,0.82
Puthuvype (CT),Ernakulam,595,628000,village,966A,1.29,Bangalore-Mysore Road,266.33,ERNAKULAM TOWN,5.77,Balaramapuram,197.13,Cochin Port,3.45,ICD Kochi (Edappally),7.42,Petrapole ICP,1955.61,Cochin International Airport (COK),25.8,MMLP Coimbatore,139.22,Maradu (Kochi) Terminal,11.96,FCI Depot Kochi,7.68,Ernakulam Toll Plaza,3.39
Elamkunnapuzha (CT),Ernakulam,595,627999,village,966A,2.91,Bangalore-Mysore Road,264.2,ERNAKULAM TOWN,6.85,Balaramapuram,199.47,Cochin Port,5.83,ICD Kochi (Edappally),8.76,Petrapole ICP,1954.32,Cochin International Airport (COK),24.8,MMLP Coimbatore,137.75,Maradu (Kochi) Terminal,13.62,FCI Depot Kochi,10.03,Ernakulam Toll Plaza,3.35
Njarakkal (CT),Ernakulam,595,627998,village,966A,3.03,Bangalore-Mysore Road,261.13,EDAPPALLY,8.13,Balaramapuram,202.44,Cochin Port,8.96,ICD Kochi (Edappally),10.69,Petrapole ICP,1952.09,Cochin International Airport (COK),23.18,MMLP Coimbatore,135.35,Maradu (Kochi) Terminal,15.73,FCI Depot Kochi,13.07,Ernakulam Toll Plaza,4.95
Nayarambalam(CT),Ernakulam,595,627996,village,966A,5.2,Bangalore-Mysore Road,258.45,EDAPPALLY,9.43,Balaramapuram,205.26,Cochin Port,11.87,ICD Kochi (Edappally),13.11,Petrapole ICP,1950.35,Cochin International Airport (COK),22.37,MMLP Coimbatore,133.46,Kottapuram Terminal,15.11,FCI Depot Kochi,15.96,Ernakulam Toll Plaza,7.54
Edavanakkad(CT),Ernakulam,595,627995,village,66,5.61,Bangalore-Mysore Road,256.12,EDAPPALLY,11.77,Balaramapuram,208.18,Cochin Port,14.74,ICD Kochi (Edappally),15.94,Petrapole ICP,1949.2,Cochin International Airport (COK),22.6,MMLP Coimbatore,132.19,Kottapuram Terminal,12.36,FCI Depot Kochi,18.86,Ernakulam Toll Plaza,10.44
Kuzhuppilly,Ernakulam,595,627993,village,66,4.5,Bangalore-Mysore Road,253.75,EDAPPALLY,13.96,Balaramapuram,210.87,Cochin Port,17.46,ICD Kochi (Edappally),18.49,Petrapole ICP,1947.79,Cochin International Airport (COK),22.76,MMLP Coimbatore,130.71,Kottapuram Terminal,9.75,FCI Depot Kochi,21.58,Ernakulam Toll Plaza,13.09
Kuzhuppilly(CT),Ernakulam,595,627993,village,66,3.79,Bangalore-Mysore Road,248.74,EDAPPALLY,19.87,Balaramapuram,217.21,Cochin Port,23.75,ICD Kochi (Edappally),24.74,Petrapole ICP,1945.28,Cochin International Airport (COK),25.13,MMLP Coimbatore,128.19,Kottapuram Terminal,4.91,FCI Depot Kochi,27.9,Ernakulam Toll Plaza,19.42
Pallippuram(CT),Ernakulam,595,627994,village,66,2.73,Bangalore-Mysore Road,250.66,EDAPPALLY,16.88,Balaramapuram,214.27,Cochin Port,20.93,ICD Kochi (Edappally),21.75,Petrapole ICP,1945.85,Cochin International Airport (COK),23.27,MMLP Coimbatore,128.73,Kottapuram Terminal,6.47,FCI Depot Kochi,25.04,Ernakulam Toll Plaza,16.48
Madathumpady (CT),Thrissur,594,627884,village,66,6.82,Bangalore-Mysore Road,242.69,KORATTI ANGADI,11.74,Balaramapuram,216.51,Cochin Port,26.63,ICD Kochi (Edappally),24.87,Petrapole ICP,1935.41,Cochin International Airport (COK),15.73,MMLP Coimbatore,118.32,Kottapuram Terminal,7.55,FCI Depot Kochi,30.07,Ernakulam Toll Plaza,11.72
Chemmanthatta (CT),Thrissur,594,627739,village,66,11.04,Bangalore-Mysore Road,199.25,GURUVAYUR,8.0,Balaramapuram,268.99,Cochin Port,77.41,ICD Kanjikode (Palakkad),57.28,Petrapole ICP,1910.63,Calicut International Airport (CCJ),57.31,MMLP Coimbatore,102.79,Kottapuram Terminal,50.49,FCI Depot Kozhikode,77.11,"Paliyekkara Toll, National Highway 47",28.27
Chowannur (CT),Thrissur,594,627736,village,66,10.88,Bangalore-Mysore Road,197.81,GURUVAYUR,8.47,Balaramapuram,271.46,Cochin Port,79.72,ICD Kanjikode (Palakkad),58.22,Petrapole ICP,1910.16,Calicut International Airport (CCJ),54.94,MMLP Coimbatore,103.4,Kottapuram Terminal,52.81,FCI Depot Kozhikode,74.61,"Paliyekkara Toll, National Highway 47",30.82
Eyyal (CT),Thrissur,594,627772,village,66,13.55,Bangalore-Mysore Road,197.23,GURUVAYUR,10.5,Balaramapuram,269.56,Cochin Port,78.48,ICD Kanjikode (Palakkad),54.91,Petrapole ICP,1908.17,Calicut International Airport (CCJ),56.51,MMLP Coimbatore,100.33,Kottapuram Terminal,51.54,FCI Depot Kozhikode,76.77,"Paliyekkara Toll, National Highway 47",28.29
Vellattanjur (CT),Thrissur,594,627740,village,66,16.38,Bangalore-Mysore Road,195.68,MULANGUNNATHUKAVU,9.84,Balaramapuram,269.06,Cochin Port,78.69,ICD Kanjikode (Palakkad),51.82,Petrapole ICP,1905.63,Calicut International Airport (CCJ),56.89,MMLP Coimbatore,97.29,Kottapuram Terminal,51.81,FCI Depot Kozhikode,77.67,"Paliyekkara Toll, National Highway 47",27.39
Thayyur,Thrissur,594,627741,village,544,17.81,Bangalore-Mysore Road,194.66,WADAKANCHERI,7.64,Balaramapuram,268.46,Cochin Port,78.73,ICD Kanjikode (Palakkad),49.38,Petrapole ICP,1903.74,Calicut International Airport (CCJ),57.53,MMLP Coimbatore,94.92,Kottapuram Terminal,51.94,FCI Depot Kozhikode,78.68,"Paliyekkara Toll, National Highway 47",26.68
Nelluvai (CT),Thrissur,594,627764,village,544,19.97,Bangalore-Mysore Road,191.31,WADAKANCHERI,8.13,Balaramapuram,271.08,Cochin Port,81.81,ICD Kanjikode (Palakkad),47.59,Petrapole ICP,1900.69,Calicut International Airport (CCJ),55.07,MMLP Coimbatore,92.71,Kottapuram Terminal,55.08,FCI Depot Kozhikode,76.58,"Paliyekkara Toll, National Highway 47",29.35
Kariyannur (CT),Thrissur,594,627771,village,66,18.62,Bangalore-Mysore Road,193.37,WADAKANCHERI,9.26,Balaramapuram,270.45,Cochin Port,80.53,ICD Kanjikode (Palakkad),50.04,Petrapole ICP,1903.26,Calicut International Airport (CCJ),55.52,MMLP Coimbatore,95.29,Kottapuram Terminal,53.7,FCI Depot Kozhikode,76.64,"Paliyekkara Toll, National Highway 47",28.68
Kadangode (CT),Thrissur,594,627715,village,66,18.76,Bangalore-Mysore Road,191.31,PATTAMBI,11.64,Balaramapuram,273.48,Cochin Port,83.34,ICD Kanjikode (Palakkad),51.01,Petrapole ICP,1902.37,Calicut International Airport (CCJ),52.49,MMLP Coimbatore,95.75,Kottapuram Terminal,56.47,FCI Depot Kozhikode,73.58,"Paliyekkara Toll, National Highway 47",31.71
Vellarakkad (CT),Thrissur,594,627735,village,66,16.39,Bangalore-Mysore Road,194.1,WADAKANCHERI,11.95,Balaramapuram,271.59,Cochin Port,81.0,ICD Kanjikode (Palakkad),52.77,Petrapole ICP,1905.09,Calicut International Airport (CCJ),54.37,MMLP Coimbatore,97.86,Kottapuram Terminal,54.1,FCI Depot Kozhikode,75.07,"Paliyekkara Toll, National Highway 47",29.97
Perumpilavu (CT),Thrissur,594,627714,village,66,15.63,Bangalore-Mysore Road,191.91,KODUMUNDA,12.54,Balaramapuram,275.36,Cochin Port,84.45,ICD Kanjikode (Palakkad),54.54,Petrapole ICP,1904.43,Calicut International Airport (CCJ),50.63,MMLP Coimbatore,99.0,Kottapuram Terminal,57.52,FCI Depot Kozhikode,71.18,"Paliyekkara Toll, National Highway 47",33.84
South Trikaripur (CT),Kasaragod,588,"627174
",village,66,6.08,Bangalore-Mysore Road,165.26,PAYYANUR,3.15,New Makardhokda,98.86,New Mangalore Port,98.86,ICD Mangalore (Panambur),97.68,Petrapole ICP,1868.05,Mangaluru International Airport (IXE),100.57,MMLP Coimbatore,229.4,Kottapuram Terminal,239.08,FCI Depot Kozhikode,114.37,Kasaragod Toll Plaza,36.1
North Trikkaripur (CT),Kasaragod,588,"627173
",village,66,2.33,Bangalore-Mysore Road,162.29,TRIKARPUR,1.67,New Makardhokda,93.28,New Mangalore Port,93.28,ICD Mangalore (Panambur),92.04,Petrapole ICP,1862.0,Mangaluru International Airport (IXE),94.68,MMLP Coimbatore,231.39,Kottapuram Terminal,244.23,FCI Depot Kozhikode,118.91,Kasaragod Toll Plaza,30.84
Udinur (CT),Kasaragod,588,"627164
",village,66,5.14,Bangalore-Mysore Road,165.72,TRIKARPUR,2.56,New Makardhokda,92.82,New Mangalore Port,92.82,ICD Mangalore (Panambur),91.63,Petrapole ICP,1865.08,Mangaluru International Airport (IXE),94.49,MMLP Coimbatore,233.72,Kottapuram Terminal,244.97,FCI Depot Kozhikode,120.02,Kasaragod Toll Plaza,30.1
Maniyat (CT),Kasaragod,588,"627172
",village,66,1.28,Bangalore-Mysore Road,163.32,CHANDERA,0.37,New Makardhokda,90.41,New Mangalore Port,90.41,ICD Mangalore (Panambur),89.17,Petrapole ICP,1861.3,Mangaluru International Airport (IXE),91.84,MMLP Coimbatore,233.92,Kottapuram Terminal,247.11,FCI Depot Kozhikode,121.78,Kasaragod Toll Plaza,27.96
Padne (CT),Kasaragod,588,627163,village,66,2.93,Bangalore-Mysore Road,166.44,CHANDERA,2.86,New Makardhokda,88.88,New Mangalore Port,88.88,ICD Mangalore (Panambur),87.68,Petrapole ICP,1863.43,Mangaluru International Airport (IXE),90.53,MMLP Coimbatore,236.76,Kottapuram Terminal,248.87,FCI Depot Kozhikode,123.81,Kasaragod Toll Plaza,26.17
Pilicode (CT),Kasaragod,588,"627171
",village,66,0.05,Bangalore-Mysore Road,163.84,CHANDERA,1.73,New Makardhokda,88.4,New Mangalore Port,88.4,ICD Mangalore (Panambur),87.16,Petrapole ICP,1860.58,Mangaluru International Airport (IXE),89.82,MMLP Coimbatore,235.56,Kottapuram Terminal,249.11,FCI Depot Kozhikode,123.75,Kasaragod Toll Plaza,25.98
Kodakkad,Kasaragod,588,"627162
",village,66,2.89,Bangalore-Mysore Road,160.46,CHARVATTUR,4.34,New Makardhokda,88.28,New Mangalore Port,88.28,ICD Mangalore (Panambur),86.98,Petrapole ICP,1857.09,Mangaluru International Airport (IXE),89.41,MMLP Coimbatore,233.8,Kottapuram Terminal,249.12,FCI Depot Kozhikode,123.42,Kasaragod Toll Plaza,26.54
Thimiri,Kasaragod,588,627161,village,66,3.93,Bangalore-Mysore Road,160.23,CHARVATTUR,4.69,New Makardhokda,86.37,New Mangalore Port,86.37,ICD Mangalore (Panambur),85.05,Petrapole ICP,1855.63,Mangaluru International Airport (IXE),87.42,MMLP Coimbatore,234.99,Kottapuram Terminal,251.04,FCI Depot Kozhikode,125.25,Kasaragod Toll Plaza,24.94
Thururthy (CT),Kasaragod,588,000000,village,66,2.72,Bangalore-Mysore Road,167.06,CHARVATTUR,2.37,New Makardhokda,85.03,New Mangalore Port,85.03,ICD Mangalore (Panambur),83.82,Petrapole ICP,1861.67,Mangaluru International Airport (IXE),86.65,MMLP Coimbatore,239.66,Kottapuram Terminal,252.66,FCI Depot Kozhikode,127.48,Kasaragod Toll Plaza,22.36
Klayikode,Kasaragod,588,627160,village,66,2.86,Bangalore-Mysore Road,162.1,NILESHWAR,4.39,New Makardhokda,83.53,New Mangalore Port,83.53,ICD Mangalore (Panambur),82.22,Petrapole ICP,1855.69,Mangaluru International Airport (IXE),84.67,MMLP Coimbatore,237.9,Kottapuram Terminal,253.87,FCI Depot Kozhikode,128.15,Kasaragod Toll Plaza,21.97
Ubrangala,Kasaragod,588,627106,village,66,8.95,Bangalore-Mysore Road,171.1,KASARAGOD,15.56,New Makardhokda,48.7,New Mangalore Port,48.7,ICD Mangalore (Panambur),47.16,Rupaidiha ICP,1833.16,Mangaluru International Airport (IXE),48.71,MMLP Bengaluru (Muddalinganahalli),255.35,Kottapuram Terminal,289.67,FCI Depot Kozhikode,163.37,Kasaragod Toll Plaza,21.12
Neerchal,Kasaragod,588,627089,village,66,9.3,Bangalore-Mysore Road,176.96,KUMBLA,11.83,New Makardhokda,43.55,New Mangalore Port,43.55,ICD Mangalore (Panambur),42.1,Rupaidiha ICP,1832.72,Mangaluru International Airport (IXE),44.14,MMLP Bengaluru (Muddalinganahalli),260.24,Kottapuram Terminal,294.18,FCI Depot Kozhikode,168.06,Kasaragod Toll Plaza,22.29
Bela (CT),Kasaragod,588,"627090
",village,66,6.46,Bangalore-Mysore Road,178.52,KUMBLA,10.08,New Makardhokda,44.57,New Mangalore Port,44.57,ICD Mangalore (Panambur),43.21,Rupaidiha ICP,1835.56,Mangaluru International Airport (IXE),45.61,MMLP Bengaluru (Muddalinganahalli),262.63,Kottapuram Terminal,292.89,FCI Depot Kozhikode,166.92,Kasaragod Toll Plaza,19.88
Patla,Kasaragod,588,"627099
",village,66,5.32,Bangalore-Mysore Road,181.6,KUMBLA,7.13,New Makardhokda,43.54,New Mangalore Port,43.54,ICD Mangalore (Panambur),42.27,Rupaidiha ICP,1837.05,Mangaluru International Airport (IXE),45.09,MMLP Bengaluru (Muddalinganahalli),265.83,Kottapuram Terminal,293.87,FCI Depot Kozhikode,168.09,Kasaragod Toll Plaza,19.72
Mogral (CT),Kasaragod,588,627129,village,66,0.4,Bangalore-Mysore Road,186.77,KUMBLA,2.93,New Makardhokda,41.75,New Mangalore Port,41.75,ICD Mangalore (Panambur),40.66,Rupaidiha ICP,1838.95,Mangaluru International Airport (IXE),44.12,MMLP Bengaluru (Muddalinganahalli),270.98,Kottapuram Terminal,296.08,FCI Depot Kozhikode,170.63,Kasaragod Toll Plaza,21.1
Kannur,Kasaragod,588,627093,village,66,3.39,Bangalore-Mysore Road,184.08,KUMBLA,4.6,New Makardhokda,41.83,New Mangalore Port,41.83,ICD Mangalore (Panambur),40.63,Rupaidiha ICP,1837.08,Mangaluru International Airport (IXE),43.71,MMLP Bengaluru (Muddalinganahalli),267.99,Kottapuram Terminal,295.66,FCI Depot Kozhikode,169.99,Kasaragod Toll Plaza,21.04
Koipady (CT),Kasaragod,588,"627128
",village,66,1.53,Bangalore-Mysore Road,186.7,KUMBLA,1.89,New Makardhokda,39.82,New Mangalore Port,39.82,ICD Mangalore (Panambur),38.7,Rupaidiha ICP,1836.78,Mangaluru International Airport (IXE),42.05,MMLP Bengaluru (Muddalinganahalli),270.15,Kottapuram Terminal,297.84,FCI Depot Kozhikode,172.28,Talapadi Toll Plaza,21.25
Edanad,Kasaragod,588,627092,village,66,6.0,Bangalore-Mysore Road,183.0,KUMBLA,6.1,New Makardhokda,39.63,New Mangalore Port,39.63,ICD Mangalore (Panambur),38.34,Rupaidiha ICP,1833.62,Mangaluru International Airport (IXE),41.08,MMLP Bengaluru (Muddalinganahalli),265.8,Kottapuram Terminal,297.77,FCI Depot Kozhikode,171.91,Talapadi Toll Plaza,21.74
Puthige,Kasaragod,588,627091,village,66,7.58,Bangalore-Mysore Road,182.05,KUMBLA,7.69,New Makardhokda,38.91,New Mangalore Port,38.91,ICD Mangalore (Panambur),37.55,Rupaidiha ICP,1831.86,Mangaluru International Airport (IXE),40.05,MMLP Bengaluru (Muddalinganahalli),264.35,Kottapuram Terminal,298.54,FCI Depot Kozhikode,172.59,Talapadi Toll Plaza,21.4
Ichilampady,Kasaragod,588,627098,village,66,3.82,Bangalore-Mysore Road,185.81,KUMBLA,4.11,New Makardhokda,37.59,New Mangalore Port,37.59,ICD Mangalore (Panambur),36.37,Rupaidiha ICP,1833.57,Mangaluru International Airport (IXE),39.43,MMLP Bengaluru (Muddalinganahalli),268.23,Kottapuram Terminal,299.86,FCI Depot Kozhikode,174.12,Talapadi Toll Plaza,19.36
Arikady,Kasaragod,588,627097,village,66,0.11,Bangalore-Mysore Road,189.54,KUMBLA,1.95,New Makardhokda,36.95,New Mangalore Port,36.95,ICD Mangalore (Panambur),35.89,Rupaidiha ICP,1835.59,Mangaluru International Airport (IXE),39.52,MMLP Bengaluru (Muddalinganahalli),272.2,Kottapuram Terminal,300.94,FCI Depot Kozhikode,175.46,Talapadi Toll Plaza,18.24
Angadi,Pathanamthitta,599,628316,village,183A,8.59,Bangalore-Mysore Road,328.49,CHENGANNUR,20.17,Balaramapuram,113.21,Cochin Port,85.68,ICD Kochi (Edappally),83.2,Petrapole ICP,1969.26,Cochin International Airport (COK),93.41,MMLP Coimbatore,181.48,Kayamkulam Terminal,39.07,FCI Depot Kochi,81.48,Kollam Toll Plaza,41.61
Perunadu,Pathanamthitta,599,628313,village,183A,1.24,Bangalore-Mysore Road,329.87,CHENGANNUR,38.96,Balaramapuram,109.32,Cochin Port,100.26,ICD Thiruvananthapuram,95.25,Petrapole ICP,1957.13,Trivandrum International Airport (TRV),102.93,MMLP Coimbatore,180.4,Kayamkulam Terminal,55.81,FCI Depot Kochi,96.21,Kollam Toll Plaza,57.0
Kollamula,Pathanamthitta,599,628312,village,183A,5.22,Bangalore-Mysore Road,326.37,CHENGANNUR,43.96,Balaramapuram,112.89,Cochin Port,101.13,ICD Kochi (Edappally),97.51,Petrapole ICP,1951.5,Cochin International Airport (COK),103.05,MMLP Coimbatore,176.49,Kayamkulam Terminal,61.27,FCI Depot Kochi,97.16,Kollam Toll Plaza,62.59
Athikkayam,Pathanamthitta,599,628314,village,183A,2.99,Bangalore-Mysore Road,329.62,CHENGANNUR,27.9,Balaramapuram,110.44,Cochin Port,92.22,ICD Kochi (Edappally),89.36,Petrapole ICP,1964.54,Cochin International Airport (COK),98.08,MMLP Coimbatore,181.43,Kayamkulam Terminal,45.63,FCI Depot Kochi,88.07,Kollam Toll Plaza,47.43
Cherukole,Pathanamthitta,599,628318,village,183A,6.15,Bangalore-Mysore Road,335.12,CHENGANNUR,16.59,Balaramapuram,107.29,Cochin Port,89.69,ICD Kochi (Edappally),87.57,Petrapole ICP,1975.53,Trivandrum International Airport (TRV),97.99,MMLP Coimbatore,188.31,Kayamkulam Terminal,33.81,FCI Depot Kochi,85.45,Kollam Toll Plaza,35.77
Pallichal (CT),Thiruvananthapuram,601,628543,village,66,7.56,Bangalore-Mysore Road,436.56,NEMEM,1.98,Balaramapuram,3.62,Vizhinjam International Seaport,9.87,ICD Thiruvananthapuram,14.04,Petrapole ICP,2037.34,Trivandrum International Airport (TRV),12.45,MMLP Coimbatore,286.85,Kollam Terminal,67.74,FCI Depot Kochi,186.09,Thiruvananthapuram Toll Plaza,10.12
Balaramapuram,Thiruvananthapuram,601,916070,village,66,7.19,Bangalore-Mysore Road,439.19,BALARAMAPURAM,0.52,Balaramapuram,0.52,Vizhinjam International Seaport,10.16,ICD Thiruvananthapuram,17.91,Petrapole ICP,2037.35,Trivandrum International Airport (TRV),16.28,MMLP Coimbatore,289.29,Kollam Terminal,71.66,FCI Depot Kochi,189.65,Thiruvananthapuram Toll Plaza,6.15
Kulakkada,Kollam,600,628406,village,183A,6.03,Bangalore-Mysore Road,365.94,Kottarakara,8.1,Balaramapuram,79.59,Vizhinjam International Seaport,82.47,ICD Thiruvananthapuram,62.62,Petrapole ICP,2001.55,Trivandrum International Airport (TRV),68.62,MMLP Coimbatore,219.3,Kollam Terminal,23.34,FCI Depot Kochi,109.88,Old Toll Booth,23.74
Puthoor,Kollam,600,628405,village,744,5.73,Bangalore-Mysore Road,368.65,Kottarakara,6.41,Balaramapuram,77.58,Vizhinjam International Seaport,80.23,ICD Thiruvananthapuram,60.48,Petrapole ICP,2004.27,Trivandrum International Airport (TRV),66.32,MMLP Coimbatore,222.12,Kollam Terminal,20.59,FCI Depot Kochi,111.88,Old Toll Booth,21.26
Pavithreswaram,Kollam,600,628404,village,183,4.19,Bangalore-Mysore Road,369.57,Ezhukone,6.55,Balaramapuram,78.69,Vizhinjam International Seaport,80.87,ICD Thiruvananthapuram,61.38,Petrapole ICP,2007.46,Trivandrum International Airport (TRV),66.83,MMLP Coimbatore,223.57,Kollam Terminal,17.63,FCI Depot Kochi,111.02,Old Toll Booth,17.65
Neduvathoor,Kollam,600,628412,village,744,0.42,Bangalore-Mysore Road,373.56,Kottarakara,2.47,Balaramapuram,72.28,Vizhinjam International Seaport,74.93,ICD Thiruvananthapuram,55.17,Petrapole ICP,2006.83,Trivandrum International Airport (TRV),61.03,MMLP Coimbatore,226.71,Kollam Terminal,18.58,FCI Depot Kochi,117.19,Old Toll Booth,20.56
Ezhukone,Kollam,600,628413,village,744,0.22,Bangalore-Mysore Road,374.79,Ezhukone,1.32,Balaramapuram,72.22,Vizhinjam International Seaport,74.54,ICD Thiruvananthapuram,54.95,Petrapole ICP,2009.14,Trivandrum International Airport (TRV),60.55,MMLP Coimbatore,228.21,Kollam Terminal,16.12,FCI Depot Kochi,117.39,Old Toll Booth,18.1
Kottappuram,Kollam,600,913836,village,66,7.61,Bangalore-Mysore Road,395.82,PARAVUR,2.06,Balaramapuram,59.44,Vizhinjam International Seaport,59.28,ICD Thiruvananthapuram,41.96,Petrapole ICP,2029.77,Trivandrum International Airport (TRV),45.21,MMLP Coimbatore,249.91,Kollam Terminal,12.34,FCI Depot Kochi,134.51,Old Toll Booth,17.34
Poothakkulam (CT),Kollam,600,628451,village,66,6.03,Bangalore-Mysore Road,395.29,KAPPIL,3.28,Balaramapuram,57.5,Vizhinjam International Seaport,57.82,ICD Thiruvananthapuram,39.94,Petrapole ICP,2027.34,Trivandrum International Airport (TRV),43.69,MMLP Coimbatore,248.97,Kollam Terminal,13.84,FCI Depot Kochi,135.12,Old Toll Booth,19.09
Chirakkara (CT),Kollam,600,628435,village,66,2.77,Bangalore-Mysore Road,392.12,PARAVUR,5.35,Balaramapuram,58.71,Vizhinjam International Seaport,59.58,ICD Thiruvananthapuram,41.1,Petrapole ICP,2023.73,Trivandrum International Airport (TRV),45.42,MMLP Coimbatore,245.6,Kollam Terminal,13.14,FCI Depot Kochi,132.79,Old Toll Booth,18.45
Parippally (CT),Kollam,600,628437,village,66,0.05,Bangalore-Mysore Road,394.09,EDAVAI,8.88,Balaramapuram,54.16,Vizhinjam International Seaport,55.55,ICD Thiruvananthapuram,36.59,Petrapole ICP,2022.25,Trivandrum International Airport (TRV),41.43,MMLP Coimbatore,246.97,Kollam Terminal,18.35,FCI Depot Kochi,136.42,Old Toll Booth,23.63
Kalluvathukkal,Kollam,600,628438,village,66,2.49,Bangalore-Mysore Road,390.05,PARAVUR,10.84,Balaramapuram,57.37,Vizhinjam International Seaport,59.14,ICD Thiruvananthapuram,39.88,Petrapole ICP,2018.95,Trivandrum International Airport (TRV),45.07,MMLP Coimbatore,242.94,Kollam Terminal,16.87,FCI Depot Kochi,132.76,Old Toll Booth,21.94
Meenad (CT),Kollam,600,628450,village,66,0.41,Bangalore-Mysore Road,389.33,PARAVUR,7.37,Balaramapuram,60.4,Vizhinjam International Seaport,61.63,ICD Thiruvananthapuram,42.82,Petrapole ICP,2021.03,Trivandrum International Airport (TRV),47.49,MMLP Coimbatore,242.73,Kollam Terminal,12.61,FCI Depot Kochi,130.49,Old Toll Booth,17.76
Karunapuram,Idukki,596,628077,village,183,7.78,Bangalore-Mysore Road,293.03,RAJAPALAYAM,53.19,Balaramapuram,151.13,Cochin Port,108.31,ICD Kochi (Edappally),102.87,Petrapole ICP,1907.04,Cochin International Airport (COK),98.52,MMLP Coimbatore,141.63,Thanneermukkom Terminal,88.21,FCI Depot Madurai,102.88,THENI Toll Plaza,30.65
Vandanmedu,Idukki,596,628078,village,185,4.27,Bangalore-Mysore Road,296.58,RAJAPALAYAM,55.08,Balaramapuram,145.78,Cochin Port,103.46,ICD Kochi (Edappally),98.21,Petrapole ICP,1914.58,Cochin International Airport (COK),95.36,MMLP Coimbatore,145.33,Thanneermukkom Terminal,81.71,FCI Depot Kochi,100.33,Idukki Toll Plaza,37.1
Anakkara,Idukki,596,628083,village,183,6.02,Bangalore-Mysore Road,300.74,RAJAPALAYAM,49.95,Balaramapuram,142.62,Cochin Port,108.09,ICD Kochi (Edappally),102.92,Petrapole ICP,1915.01,Cochin International Airport (COK),100.44,MMLP Coimbatore,149.4,Thanneermukkom Terminal,85.4,FCI Depot Kochi,104.89,THENI Toll Plaza,38.0
Chakkupallam,Idukki,596,628082,village,185,3.89,Bangalore-Mysore Road,303.14,RAJAPALAYAM,52.61,Balaramapuram,138.84,Cochin Port,104.34,ICD Kochi (Edappally),99.33,Petrapole ICP,1920.72,Cochin International Airport (COK),98.0,MMLP Coimbatore,151.97,Thanneermukkom Terminal,80.42,FCI Depot Kochi,101.02,Idukki Toll Plaza,43.81
Anavilasam,Idukki,596,628081,village,185,0.66,Bangalore-Mysore Road,301.54,RAJAPALAYAM,57.44,Balaramapuram,139.37,Cochin Port,99.36,ICD Kochi (Edappally),94.39,Petrapole ICP,1923.15,Cochin International Airport (COK),93.44,MMLP Coimbatore,150.6,Thanneermukkom Terminal,75.42,FCI Depot Kochi,96.02,Idukki Toll Plaza,42.87
Chinnakkanal,Idukki,596,628064,village,85,3.97,Bangalore-Mysore Road,262.88,Palani,57.67,Balaramapuram,181.87,Cochin Port,106.59,ICD Kochi (Edappally),100.48,Petrapole ICP,1882.64,Cochin International Airport (COK),89.64,MMLP Coimbatore,111.51,Aluva Terminal,94.04,FCI Depot Madurai,102.09,Idukki Toll Plaza,11.15
Kanjikuzhy,Idukki,596,628087,village,185,5.44,Bangalore-Mysore Road,267.19,KURUPPANTHARA,51.96,Balaramapuram,172.01,Cochin Port,74.68,ICD Kochi (Edappally),68.74,Petrapole ICP,1909.86,Cochin International Airport (COK),61.25,MMLP Coimbatore,117.79,Vaikom Terminal,63.9,FCI Depot Kochi,72.41,Ernakulam Toll Plaza,19.3
Konnathady,Idukki,596,628061,village,185,6.85,Bangalore-Mysore Road,272.29,ETTUMANUR,62.24,Balaramapuram,168.06,Cochin Port,88.52,ICD Kochi (Edappally),82.65,Petrapole ICP,1903.87,Cochin International Airport (COK),75.32,MMLP Coimbatore,121.46,Thanneermukkom Terminal,75.25,FCI Depot Kochi,86.1,Idukki Toll Plaza,15.59
Vathikudy,Idukki,596,628071,village,185,8.37,Bangalore-Mysore Road,276.09,ETTUMANUR,60.94,Balaramapuram,164.27,Cochin Port,89.13,ICD Kochi (Edappally),83.36,Petrapole ICP,1906.61,Cochin International Airport (COK),76.99,MMLP Coimbatore,125.27,Thanneermukkom Terminal,74.29,FCI Depot Kochi,86.56,Idukki Toll Plaza,18.96
Upputhode,Idukki,596,628072,village,185,4.7,Bangalore-Mysore Road,277.34,ETTUMANUR,56.75,Balaramapuram,162.5,Cochin Port,85.55,ICD Kochi (Edappally),79.85,Petrapole ICP,1910.39,Cochin International Airport (COK),74.23,MMLP Coimbatore,126.84,Thanneermukkom Terminal,70.13,FCI Depot Kochi,82.9,Idukki Toll Plaza,22.13
Idukki,Idukki,596,628099,village,185,4.63,Bangalore-Mysore Road,282.11,ETTUMANUR,46.25,Balaramapuram,157.09,Cochin Port,77.64,ICD Kochi (Edappally),72.21,Petrapole ICP,1920.56,Cochin International Airport (COK),69.12,MMLP Coimbatore,132.6,Thanneermukkom Terminal,59.88,FCI Depot Kochi,74.71,Ernakulam Toll Plaza,30.83
Kanchiyar,Idukki,596,916080,village,185,2.87,Bangalore-Mysore Road,290.3,ETTUMANUR,57.04,Balaramapuram,149.95,Cochin Port,91.8,ICD Kochi (Edappally),86.49,Petrapole ICP,1917.66,Cochin International Airport (COK),83.67,MMLP Coimbatore,139.57,Thanneermukkom Terminal,71.33,FCI Depot Kochi,88.72,Idukki Toll Plaza,32.75
Kattappana (Part),Idukki,596,628079,village,185,0.54,Bangalore-Mysore Road,293.42,RAJAPALAYAM,59.17,Balaramapuram,148.23,Cochin Port,99.76,ICD Kochi (Edappally),94.45,Petrapole ICP,1914.41,Cochin International Airport (COK),91.32,MMLP Coimbatore,142.27,Thanneermukkom Terminal,78.78,FCI Depot Kochi,96.68,Idukki Toll Plaza,34.17
Thankamony,Idukki,596,628073,village,185,3.35,Bangalore-Mysore Road,280.97,ETTUMANUR,57.47,Balaramapuram,159.09,Cochin Port,88.07,ICD Kochi (Edappally),82.47,Petrapole ICP,1911.72,Cochin International Airport (COK),77.56,MMLP Coimbatore,130.32,Thanneermukkom Terminal,71.18,FCI Depot Kochi,85.3,Idukki Toll Plaza,24.41
Vagamon,Idukki,596,628103,village,183,12.46,Bangalore-Mysore Road,297.44,ETTUMANUR,44.01,Balaramapuram,141.76,Cochin Port,82.89,ICD Kochi (Edappally),78.12,Petrapole ICP,1932.01,Cochin International Airport (COK),78.95,MMLP Coimbatore,147.9,Thanneermukkom Terminal,58.56,FCI Depot Kochi,79.44,Ernakulam Toll Plaza,44.62
Upputhara,Idukki,596,628104,village,185,10.58,Bangalore-Mysore Road,298.45,ETTUMANUR,50.91,Balaramapuram,141.1,Cochin Port,89.42,ICD Kochi (Edappally),84.53,Petrapole ICP,1927.93,Cochin International Airport (COK),84.42,MMLP Coimbatore,148.22,Thanneermukkom Terminal,65.46,FCI Depot Kochi,86.03,Idukki Toll Plaza,42.65
Elappara,Idukki,596,628105,village,183,5.17,Bangalore-Mysore Road,304.75,ETTUMANUR,48.29,Balaramapuram,134.56,Cochin Port,89.3,ICD Kochi (Edappally),84.76,Petrapole ICP,1934.99,Cochin International Airport (COK),86.53,MMLP Coimbatore,154.83,Thanneermukkom Terminal,62.84,FCI Depot Kochi,85.71,Idukki Toll Plaza,49.88
Kokkayar,Idukki,596,628106,village,183,3.15,Bangalore-Mysore Road,309.26,ETTUMANUR,43.49,Balaramapuram,129.93,Cochin Port,86.5,ICD Kochi (Edappally),82.35,Petrapole ICP,1942.6,Cochin International Airport (COK),86.1,MMLP Coimbatore,159.98,Thanneermukkom Terminal,57.86,FCI Depot Kochi,82.73,Ernakulam Toll Plaza,55.24
Peruvanthanam,Idukki,596,628112,village,183,3.98,Bangalore-Mysore Road,316.64,TIRUVALLA,44.25,Balaramapuram,122.55,Cochin Port,93.18,ICD Kochi (Edappally),89.24,Petrapole ICP,1946.0,Cochin International Airport (COK),93.74,MMLP Coimbatore,167.02,Thanneermukkom Terminal,63.01,FCI Depot Kochi,89.31,Idukki Toll Plaza,62.24
Peermade,Idukki,596,628107,village,183,0.11,Bangalore-Mysore Road,310.94,TIRUVALLA,53.03,Balaramapuram,128.68,Cochin Port,95.96,ICD Kochi (Edappally),91.57,Petrapole ICP,1936.61,Cochin International Airport (COK),93.81,MMLP Coimbatore,160.64,Thanneermukkom Terminal,68.22,FCI Depot Kochi,92.29,Idukki Toll Plaza,54.35
Manjumala,Idukki,596,628108,village,183,0.41,Bangalore-Mysore Road,312.62,RAJAPALAYAM,55.18,Balaramapuram,127.86,Cochin Port,102.18,ICD Kochi (Edappally),97.68,Petrapole ICP,1933.24,Cochin International Airport (COK),99.19,MMLP Coimbatore,161.86,Thanneermukkom Terminal,74.8,FCI Depot Kochi,98.56,Idukki Toll Plaza,54.4
Periyar,Idukki,596,628109,village,183,0.01,Bangalore-Mysore Road,311.76,RAJAPALAYAM,51.95,Balaramapuram,129.44,Cochin Port,104.96,ICD Kochi (Edappally),100.33,Petrapole ICP,1929.83,Cochin International Airport (COK),101.11,MMLP Coimbatore,160.78,Thanneermukkom Terminal,78.25,FCI Depot Kochi,101.4,THENI Toll Plaza,52.68
Kumily,Idukki,596,628110,village,183,5.05,Bangalore-Mysore Road,314.4,RAJAPALAYAM,42.25,Balaramapuram,129.4,Cochin Port,114.41,ICD Madurai,109.33,Petrapole ICP,1924.56,Cochin International Airport (COK),109.52,MMLP Coimbatore,163.07,Thanneermukkom Terminal,88.17,FCI Depot Madurai,109.12,THENI Toll Plaza,47.71
Mlappara,Idukki,596,628111,village,183A,13.36,Bangalore-Mysore Road,331.1,RAJAPALAYAM,31.05,Balaramapuram,115.96,Vizhinjam International Seaport,123.89,ICD Thiruvananthapuram,106.25,Petrapole ICP,1931.28,Trivandrum International Airport (TRV),114.57,MMLP Coimbatore,179.69,Kayamkulam Terminal,91.71,FCI Depot Madurai,107.69,THENI Toll Plaza,58.38
Parakkadavu (CT),Ernakulam,595,627964,village,544,4.59,Bangalore-Mysore Road,241.01,KARUKKUTTY,4.52,Balaramapuram,213.91,Cochin Port,28.83,ICD Kochi (Edappally),25.42,Petrapole ICP,1930.04,Cochin International Airport (COK),9.17,MMLP Coimbatore,113.19,Aluva Terminal,11.81,FCI Depot Kochi,31.51,Ernakulam Toll Plaza,4.08
Angamaly,Ernakulam,595,913805,village,544,0.9,Bangalore-Mysore Road,242.09,ANGAMALI,0.82,Balaramapuram,210.94,Cochin Port,29.02,ICD Kochi (Edappally),24.82,Petrapole ICP,1928.71,Cochin International Airport (COK),5.23,MMLP Coimbatore,112.2,Aluva Terminal,10.17,FCI Depot Kochi,31.2,Ernakulam Toll Plaza,2.92
Karukutty (CT),Ernakulam,595,627965,village,544,1.94,Bangalore-Mysore Road,235.49,KARUKKUTTY,3.05,Balaramapuram,216.34,Cochin Port,35.51,ICD Kochi (Edappally),31.46,Petrapole ICP,1922.69,Cochin International Airport (COK),10.74,MMLP Coimbatore,105.95,Aluva Terminal,16.81,FCI Depot Kochi,37.81,Ernakulam Toll Plaza,3.96
Mookkannoor,Ernakulam,595,627966,village,544,4.64,Bangalore-Mysore Road,235.24,KARUKKUTTY,5.16,Balaramapuram,215.35,Cochin Port,36.76,ICD Kochi (Edappally),32.36,Petrapole ICP,1920.97,Cochin International Airport (COK),10.67,MMLP Coimbatore,104.43,Aluva Terminal,17.54,FCI Depot Kochi,38.81,Ernakulam Toll Plaza,5.72
Manjapra (CT),Ernakulam,595,627968,village,544,7.21,Bangalore-Mysore Road,237.65,KARUKKUTTY,8.07,Balaramapuram,211.58,Cochin Port,36.38,ICD Kochi (Edappally),31.45,Petrapole ICP,1920.84,Cochin International Airport (COK),9.19,MMLP Coimbatore,104.84,Aluva Terminal,16.74,FCI Depot Kochi,37.98,Ernakulam Toll Plaza,8.07
Thuravoor (CT),Ernakulam,595,627970,village,544,2.55,Bangalore-Mysore Road,241.12,ANGAMALI,3.74,Balaramapuram,210.01,Cochin Port,31.55,ICD Kochi (Edappally),26.83,Petrapole ICP,1925.76,Cochin International Airport (COK),4.81,MMLP Coimbatore,109.58,Aluva Terminal,12.0,FCI Depot Kochi,33.34,Ernakulam Toll Plaza,4.73
Kalady (CT),Ernakulam,595,627971,village,544,3.85,Bangalore-Mysore Road,242.8,ANGAMALI,4.59,Balaramapuram,207.97,Cochin Port,30.71,ICD Kochi (Edappally),25.74,Petrapole ICP,1926.49,Cochin International Airport (COK),3.48,MMLP Coimbatore,110.55,Aluva Terminal,11.06,FCI Depot Kochi,32.27,Ernakulam Toll Plaza,6.6
Mattoor (CT),Ernakulam,595,627972,village,544,7.83,Bangalore-Mysore Road,242.01,ANGAMALI,8.74,Balaramapuram,206.93,Cochin Port,33.74,ICD Kochi (Edappally),28.4,Petrapole ICP,1923.5,Cochin International Airport (COK),6.91,MMLP Coimbatore,108.06,Aluva Terminal,14.28,FCI Depot Kochi,34.93,Ernakulam Toll Plaza,10.02
Vadakkumbhagom (CT),Ernakulam,595,627973,village,544,5.53,Bangalore-Mysore Road,246.11,CHOVVARA,5.38,Balaramapuram,204.87,Cochin Port,28.14,ICD Kochi (Edappally),22.9,Petrapole ICP,1929.07,Cochin International Airport (COK),1.86,MMLP Coimbatore,113.41,Aluva Terminal,8.64,FCI Depot Kochi,29.45,Ernakulam Toll Plaza,9.05
Kizhakkumbhagom (CT),Ernakulam,595,627977,village,544,8.91,Bangalore-Mysore Road,247.6,CHOVVARA,7.97,Balaramapuram,202.22,Cochin Port,28.95,ICD Kochi (Edappally),23.32,Petrapole ICP,1928.58,Cochin International Airport (COK),5.17,MMLP Coimbatore,113.5,Aluva Terminal,10.29,FCI Depot Kochi,29.79,Ernakulam Toll Plaza,12.2
Thekkumbhagom (CT),Ernakulam,595,627978,village,544,7.02,Bangalore-Mysore Road,248.6,CHOVVARA,5.41,Balaramapuram,202.42,Cochin Port,26.52,ICD Kochi (Edappally),21.04,Petrapole ICP,1930.83,Cochin International Airport (COK),3.58,MMLP Coimbatore,115.45,Aluva Terminal,7.58,FCI Depot Kochi,27.56,Ernakulam Toll Plaza,11.36
Chowara (CT),Ernakulam,595,627974,village,544,4.04,Bangalore-Mysore Road,247.45,CHOVVARA,2.78,Balaramapuram,204.71,Cochin Port,25.74,ICD Kochi (Edappally),20.7,Petrapole ICP,1931.44,Cochin International Airport (COK),1.58,MMLP Coimbatore,115.59,Aluva Terminal,6.13,FCI Depot Kochi,27.23,Ernakulam Toll Plaza,9.01
Nedumbassery (CT),Ernakulam,595,627975,village,544,1.83,Bangalore-Mysore Road,246.22,CHOVVARA,2.31,Balaramapuram,206.65,Cochin Port,25.84,ICD Kochi (Edappally),21.17,Petrapole ICP,1931.43,Cochin International Airport (COK),2.26,MMLP Coimbatore,115.29,Aluva Terminal,6.32,FCI Depot Kochi,27.66,Ernakulam Toll Plaza,7.25
Chengamanad (CT),Ernakulam,595,627976,village,544,0.41,Bangalore-Mysore Road,248.04,CHOVVARA,1.77,Balaramapuram,206.27,Cochin Port,23.1,ICD Kochi (Edappally),18.76,Petrapole ICP,1934.31,Cochin International Airport (COK),5.19,MMLP Coimbatore,118.02,Aluva Terminal,4.23,FCI Depot Kochi,25.16,Ernakulam Toll Plaza,8.86
Choornikkara,Ernakulam,595,627980,village,544,0.68,Bangalore-Mysore Road,254.2,ALUVA,2.87,Balaramapuram,201.05,Cochin Port,17.59,ICD Kochi (Edappally),12.75,Petrapole ICP,1939.59,Cochin International Airport (COK),9.66,MMLP Coimbatore,123.65,Aluva Terminal,2.1,FCI Depot Kochi,19.24,Ernakulam Toll Plaza,12.9
Aluva East (CT),Ernakulam,595,913804,village,544,4.09,Bangalore-Mysore Road,254.34,ALUVA,4.21,Balaramapuram,199.13,Cochin Port,19.65,ICD Kochi (Edappally),14.12,Petrapole ICP,1937.75,Cochin International Airport (COK),8.55,MMLP Coimbatore,122.28,Aluva Terminal,3.53,FCI Depot Kochi,20.64,Ernakulam Toll Plaza,14.55
Ayyampuzha,Ernakulam,595,627967,village,85,19.82,Bangalore-Mysore Road,235.52,KARUKKUTTY,21.17,Balaramapuram,208.92,Cochin Port,46.33,ICD Kochi (Edappally),40.62,Petrapole ICP,1911.46,Cochin International Airport (COK),20.1,MMLP Coimbatore,97.39,Aluva Terminal,27.27,FCI Depot Kochi,47.03,Ernakulam Toll Plaza,21.22
Malayattoor,Ernakulam,595,627969,village,544,14.81,Bangalore-Mysore Road,239.51,ANGAMALI,15.89,Balaramapuram,206.65,Cochin Port,40.22,ICD Kochi (Edappally),34.55,Petrapole ICP,1917.44,Cochin International Airport (COK),14.15,MMLP Coimbatore,102.91,Aluva Terminal,21.19,FCI Depot Kochi,40.99,Ernakulam Toll Plaza,16.42
Maneed,Ernakulam,595,628030,village,85,6.21,Bangalore-Mysore Road,271.7,MULANTURUTTI,6.82,Balaramapuram,179.33,Cochin Port,23.18,ICD Kochi (Edappally),18.09,Petrapole ICP,1946.78,Cochin International Airport (COK),26.97,MMLP Coimbatore,134.86,Maradu (Kochi) Terminal,13.45,FCI Depot Kochi,20.28,Ernakulam Toll Plaza,12.56
Ramamangalam,Ernakulam,595,628029,village,85,5.38,Bangalore-Mysore Road,270.0,KANJIRAMITTAM,11.4,Balaramapuram,178.96,Cochin Port,27.34,ICD Kochi (Edappally),21.88,Petrapole ICP,1942.86,Cochin International Airport (COK),26.93,MMLP Coimbatore,131.81,Maradu (Kochi) Terminal,17.58,FCI Depot Kochi,24.7,Ernakulam Toll Plaza,16.78
Memury,Ernakulam,595,628028,village,85,4.13,Bangalore-Mysore Road,268.42,PIRAVAM ROAD,14.27,Balaramapuram,179.2,Cochin Port,30.27,ICD Kochi (Edappally),24.6,Petrapole ICP,1939.81,Cochin International Airport (COK),26.98,MMLP Coimbatore,129.35,Maradu (Kochi) Terminal,20.55,FCI Depot Kochi,27.82,Ernakulam Toll Plaza,19.81
Piravom,Ernakulam,595,628031,village,85,11.39,Bangalore-Mysore Road,276.06,PIRAVAM ROAD,6.42,Balaramapuram,173.22,Cochin Port,29.02,ICD Kochi (Edappally),24.38,Petrapole ICP,1947.44,Cochin International Airport (COK),32.72,MMLP Coimbatore,137.38,Maradu (Kochi) Terminal,19.52,FCI Depot Kochi,25.7,Ernakulam Toll Plaza,18.53
Onakkoor,Ernakulam,595,628032,village,85,7.89,Bangalore-Mysore Road,272.26,PIRAVAM ROAD,10.91,Balaramapuram,175.7,Cochin Port,30.54,ICD Kochi (Edappally),25.29,Petrapole ICP,1942.95,Cochin International Airport (COK),30.27,MMLP Coimbatore,133.03,Maradu (Kochi) Terminal,20.79,FCI Depot Kochi,27.65,Ernakulam Toll Plaza,19.92
Thirumarady,Ernakulam,595,628033,village,85,8.83,Bangalore-Mysore Road,272.59,PIRAVAM ROAD,13.79,Balaramapuram,173.7,Cochin Port,35.03,ICD Kochi (Edappally),29.7,Petrapole ICP,1940.53,Cochin International Airport (COK),32.85,MMLP Coimbatore,131.98,Maradu (Kochi) Terminal,25.27,FCI Depot Kochi,32.16,Ernakulam Toll Plaza,24.41
Elanji,Ernakulam,595,628036,village,85,15.75,Bangalore-Mysore Road,279.76,PIRAVAM ROAD,10.61,Balaramapuram,167.16,Cochin Port,36.53,ICD Kochi (Edappally),32.01,Petrapole ICP,1946.47,Cochin International Airport (COK),38.86,MMLP Coimbatore,138.96,Vaikom Terminal,21.19,FCI Depot Kochi,33.07,Ernakulam Toll Plaza,26.12
Koothattukulam,Ernakulam,595,628035,village,85,13.59,Bangalore-Mysore Road,276.95,PIRAVAM ROAD,14.03,Balaramapuram,168.74,Cochin Port,38.42,ICD Kochi (Edappally),33.46,Petrapole ICP,1942.48,Cochin International Airport (COK),37.87,MMLP Coimbatore,135.45,Vaikom Terminal,25.2,FCI Depot Kochi,35.21,Ernakulam Toll Plaza,27.83
Palakkuzha,Ernakulam,595,628034,village,85,12.58,Bangalore-Mysore Road,274.51,PIRAVAM ROAD,18.71,Balaramapuram,169.71,Cochin Port,41.86,ICD Kochi (Edappally),36.57,Petrapole ICP,1938.02,Cochin International Airport (COK),38.31,MMLP Coimbatore,131.98,Vaikom Terminal,29.97,FCI Depot Kochi,38.9,Ernakulam Toll Plaza,26.0
Kalloorkkad,Ernakulam,595,628023,village,85,10.51,Bangalore-Mysore Road,265.91,PIRAVAM ROAD,30.31,Balaramapuram,175.71,Cochin Port,49.73,ICD Kochi (Edappally),43.81,Petrapole ICP,1925.76,Cochin International Airport (COK),38.99,MMLP Coimbatore,121.39,Maradu (Kochi) Terminal,40.1,FCI Depot Kochi,47.47,Ernakulam Toll Plaza,13.71
Manjalloor,Ernakulam,595,628024,village,85,9.66,Bangalore-Mysore Road,267.98,PIRAVAM ROAD,26.28,Balaramapuram,174.49,Cochin Port,46.35,ICD Kochi (Edappally),40.55,Petrapole ICP,1929.57,Cochin International Airport (COK),37.46,MMLP Coimbatore,124.27,Maradu (Kochi) Terminal,36.65,FCI Depot Kochi,43.93,Ernakulam Toll Plaza,17.56
Arakuzha,Ernakulam,595,628026,village,85,6.23,Bangalore-Mysore Road,268.74,PIRAVAM ROAD,18.87,Balaramapuram,176.16,Cochin Port,38.01,ICD Kochi (Edappally),32.31,Petrapole ICP,1935.4,Cochin International Airport (COK),31.9,MMLP Coimbatore,127.31,Maradu (Kochi) Terminal,28.28,FCI Depot Kochi,35.52,Ernakulam Toll Plaza,24.49
Pullut,Thrissur,594,913780,village,66,1.8,Bangalore-Mysore Road,240.02,IRINJALAKUDA,13.74,Balaramapuram,222.5,Cochin Port,30.59,ICD Kochi (Edappally),30.03,Petrapole ICP,1936.38,Cochin International Airport (COK),22.72,MMLP Coimbatore,119.36,Kottapuram Terminal,4.25,FCI Depot Kochi,34.45,Ernakulam Toll Plaza,17.69
Methala (Part),Thrissur,594,627882,village,66,0.46,Bangalore-Mysore Road,243.92,CHALAKUDI,17.72,Balaramapuram,220.15,Cochin Port,27.4,ICD Kochi (Edappally),27.47,Petrapole ICP,1940.41,Cochin International Airport (COK),23.49,MMLP Coimbatore,123.35,Kottapuram Terminal,0.6,FCI Depot Kochi,31.4,Ernakulam Toll Plaza,19.65
Azhikode (CT),Thrissur,594,627872,village,66,3.66,Bangalore-Mysore Road,245.36,IRINJALAKUDA,20.28,Balaramapuram,220.82,Cochin Port,27.45,ICD Kochi (Edappally),28.24,Petrapole ICP,1943.04,Cochin International Airport (COK),26.36,MMLP Coimbatore,126.06,Kottapuram Terminal,3.6,FCI Depot Kochi,31.58,Ernakulam Toll Plaza,22.82
Eriyad (CT),Thrissur,594,627885,village,66,3.01,Bangalore-Mysore Road,242.4,IRINJALAKUDA,17.95,Balaramapuram,223.48,Cochin Port,30.29,ICD Kochi (Edappally),30.81,Petrapole ICP,1940.71,Cochin International Airport (COK),27.0,MMLP Coimbatore,123.83,Kottapuram Terminal,4.35,FCI Depot Kochi,34.39,Ernakulam Toll Plaza,22.64
Lokamaleswaram,Thrissur,594,913781,village,66,0.29,Bangalore-Mysore Road,240.85,IRINJALAKUDA,15.45,Balaramapuram,223.23,Cochin Port,30.64,ICD Kochi (Edappally),30.58,Petrapole ICP,1938.23,Cochin International Airport (COK),24.85,MMLP Coimbatore,121.28,Kottapuram Terminal,3.71,FCI Depot Kochi,34.62,Ernakulam Toll Plaza,20.08
Ala (CT),Thrissur,594,627880,village,66,0.03,Bangalore-Mysore Road,238.63,IRINJALAKUDA,14.17,Balaramapuram,225.73,Cochin Port,33.16,ICD Kochi (Edappally),33.09,Petrapole ICP,1936.86,Cochin International Airport (COK),26.45,MMLP Coimbatore,120.03,Kottapuram Terminal,6.24,FCI Depot Kochi,37.15,Ernakulam Toll Plaza,21.13
Edavilangu (CT),Thrissur,594,627879,village,66,3.47,Bangalore-Mysore Road,241.07,IRINJALAKUDA,17.66,Balaramapuram,225.44,Cochin Port,32.18,ICD Kochi (Edappally),32.78,Petrapole ICP,1940.23,Cochin International Airport (COK),28.59,MMLP Coimbatore,123.47,Kottapuram Terminal,6.27,FCI Depot Kochi,36.3,Ernakulam Toll Plaza,23.88
Panangad (CT),Thrissur,594,627878,village,66,1.1,Bangalore-Mysore Road,237.98,IRINJALAKUDA,14.92,Balaramapuram,227.48,Cochin Port,34.61,ICD Kochi (Edappally),34.8,Petrapole ICP,1937.23,Cochin International Airport (COK),28.55,MMLP Coimbatore,120.55,Kottapuram Terminal,7.87,FCI Depot Kochi,38.66,"Paliyekkara Toll, National Highway 47",22.33
Vellanikkara (CT),Thrissur,594,627837,village,544,1.3,Bangalore-Mysore Road,204.55,PUNKUNNAM,6.88,Balaramapuram,252.41,Cochin Port,65.39,ICD Kanjikode (Palakkad),45.16,Petrapole ICP,1906.02,Cochin International Airport (COK),46.56,MMLP Coimbatore,91.67,Kottapuram Terminal,39.65,FCI Depot Kochi,68.89,"Paliyekkara Toll, National Highway 47",11.86
Vilvattom,Thrissur,594,913774,village,544,3.57,Bangalore-Mysore Road,204.6,PUNKUNNAM,3.89,Balaramapuram,254.36,Cochin Port,66.08,ICD Kanjikode (Palakkad),47.65,Petrapole ICP,1907.82,Cochin International Airport (COK),48.48,MMLP Coimbatore,94.2,Kottapuram Terminal,39.85,FCI Depot Kochi,69.7,"Paliyekkara Toll, National Highway 47",12.78
Madakkathara (CT),Thrissur,594,627813,village,544,3.14,Bangalore-Mysore Road,201.39,MULANGUNNATHUKAVU,9.1,Balaramapuram,254.44,Cochin Port,68.32,ICD Kanjikode (Palakkad),41.99,Petrapole ICP,1902.66,Cochin International Airport (COK),48.75,MMLP Coimbatore,88.53,Kottapuram Terminal,42.82,FCI Depot Kochi,71.76,"Paliyekkara Toll, National Highway 47",14.94
Pananchery,Thrissur,594,627815,village,544,1.75,Bangalore-Mysore Road,200.47,WADAKANCHERI,13.67,Balaramapuram,252.65,Cochin Port,68.8,ICD Kanjikode (Palakkad),37.85,Petrapole ICP,1899.23,Cochin International Airport (COK),47.58,MMLP Coimbatore,84.26,Kottapuram Terminal,44.23,FCI Depot Kochi,72.03,Panniyankara,13.76
Kurichikkara (CT),Thrissur,594,627836,village,544,4.59,Bangalore-Mysore Road,201.82,MULANGUNNATHUKAVU,5.82,Balaramapuram,255.87,Cochin Port,68.47,ICD Kanjikode (Palakkad),44.64,Petrapole ICP,1904.68,Cochin International Airport (COK),50.01,MMLP Coimbatore,91.19,Kottapuram Terminal,42.48,FCI Depot Kochi,72.02,"Paliyekkara Toll, National Highway 47",14.94
Killannur (CT),Thrissur,594,627825,village,544,6.29,Bangalore-Mysore Road,200.41,MULANGUNNATHUKAVU,4.79,Balaramapuram,257.58,Cochin Port,70.05,ICD Kanjikode (Palakkad),44.36,Petrapole ICP,1903.91,Cochin International Airport (COK),51.71,MMLP Coimbatore,90.87,Kottapuram Terminal,43.96,FCI Depot Kochi,73.62,"Paliyekkara Toll, National Highway 47",16.55
Kolazhy (CT),Thrissur,594,627835,village,544,6.72,Bangalore-Mysore Road,202.32,MULANGUNNATHUKAVU,2.51,Balaramapuram,257.51,Cochin Port,68.86,ICD Kanjikode (Palakkad),47.65,Petrapole ICP,1906.88,Cochin International Airport (COK),51.65,MMLP Coimbatore,94.16,Kottapuram Terminal,42.44,FCI Depot Kochi,72.53,"Paliyekkara Toll, National Highway 47",15.82
Pottore (CT),Thrissur,594,627834,village,544,8.22,Bangalore-Mysore Road,203.05,MULANGUNNATHUKAVU,2.15,Balaramapuram,258.17,Cochin Port,68.8,ICD Kanjikode (Palakkad),49.74,Petrapole ICP,1908.53,Cochin International Airport (COK),52.39,MMLP Coimbatore,96.2,Kottapuram Terminal,42.18,FCI Depot Kochi,72.54,"Paliyekkara Toll, National Highway 47",16.39
Velappaya (CT),Thrissur,594,627812,village,544,10.97,Bangalore-Mysore Road,200.17,MULANGUNNATHUKAVU,1.77,Balaramapuram,261.39,Cochin Port,72.01,ICD Kanjikode (Palakkad),49.01,Petrapole ICP,1906.69,Cochin International Airport (COK),55.59,MMLP Coimbatore,95.31,Kottapuram Terminal,45.35,FCI Depot Kochi,75.76,"Paliyekkara Toll, National Highway 47",19.61
Thangalur (CT),Thrissur,594,627826,village,544,13.0,Bangalore-Mysore Road,199.86,MULANGUNNATHUKAVU,3.94,Balaramapuram,262.95,Cochin Port,73.06,ICD Kanjikode (Palakkad),50.52,Petrapole ICP,1907.39,Cochin International Airport (COK),57.24,MMLP Coimbatore,96.68,Kottapuram Terminal,46.28,FCI Depot Kochi,76.87,"Paliyekkara Toll, National Highway 47",21.22
Attingal,Thiruvananthapuram,601,628470,village,66,0.04,Bangalore-Mysore Road,406.55,KADAKAVUR,6.15,Balaramapuram,40.61,Vizhinjam International Seaport,41.74,ICD Thiruvananthapuram,23.01,Petrapole ICP,2028.26,Trivandrum International Airport (TRV),27.63,MMLP Coimbatore,258.72,Kollam Terminal,30.82,FCI Depot Kochi,150.2,Old Toll Booth,36.12
Mudakkal,Thiruvananthapuram,601,913839,village,66,5.38,Bangalore-Mysore Road,408.22,MURUKKAMPUZHA,10.39,Balaramapuram,35.34,Vizhinjam International Seaport,37.8,ICD Thiruvananthapuram,17.98,Petrapole ICP,2025.16,Trivandrum International Airport (TRV),24.16,MMLP Coimbatore,259.72,Kollam Terminal,37.03,FCI Depot Kochi,154.35,Thiruvananthapuram Toll Plaza,41.65
Alamcode (CT),Thiruvananthapuram,601,628473,village,66,1.74,Bangalore-Mysore Road,404.92,AKATHUMURI,8.08,Balaramapuram,41.01,Vizhinjam International Seaport,42.64,ICD Thiruvananthapuram,23.44,Petrapole ICP,2026.02,Trivandrum International Airport (TRV),28.62,MMLP Coimbatore,256.94,Kollam Terminal,30.8,FCI Depot Kochi,149.25,Old Toll Booth,36.12
Karavaram (CT),Thiruvananthapuram,601,628465,village,66,1.61,Bangalore-Mysore Road,400.98,AKATHUMURI,8.58,Balaramapuram,45.14,Vizhinjam International Seaport,46.87,ICD Thiruvananthapuram,27.6,Petrapole ICP,2023.94,Trivandrum International Airport (TRV),32.85,MMLP Coimbatore,253.18,Kollam Terminal,27.1,FCI Depot Kochi,145.02,Old Toll Booth,32.42
Vellalloor,Thiruvananthapuram,601,628459,village,66,4.95,Bangalore-Mysore Road,399.39,AKATHUMURI,11.88,Balaramapuram,44.94,Vizhinjam International Seaport,47.37,ICD Thiruvananthapuram,27.63,Petrapole ICP,2020.82,Trivandrum International Airport (TRV),33.56,MMLP Coimbatore,251.29,Kollam Terminal,28.66,FCI Depot Kochi,144.7,Old Toll Booth,33.93
Nagaroor (CT),Thiruvananthapuram,601,628464,village,66,3.8,Bangalore-Mysore Road,403.56,AKATHUMURI,10.35,Balaramapuram,41.07,Vizhinjam International Seaport,43.24,ICD Thiruvananthapuram,23.64,Petrapole ICP,2023.71,Trivandrum International Airport (TRV),29.38,MMLP Coimbatore,255.39,Kollam Terminal,31.46,FCI Depot Kochi,148.74,Old Toll Booth,36.78
Koduvazhannoor (CT),Thiruvananthapuram,601,628463,village,66,6.7,Bangalore-Mysore Road,403.22,CHIRAYINKIL,13.06,Balaramapuram,39.96,Vizhinjam International Seaport,42.76,ICD Thiruvananthapuram,22.81,Petrapole ICP,2021.61,Trivandrum International Airport (TRV),29.19,MMLP Coimbatore,254.78,Kollam Terminal,33.59,FCI Depot Kochi,149.56,Old Toll Booth,38.89
Peringanadu (Part),Pathanamthitta,599,628353,village,183A,2.34,Bangalore-Mysore Road,356.05,Kuri,17.91,Balaramapuram,89.65,Vizhinjam International Seaport,92.67,ICD Thiruvananthapuram,72.77,Petrapole ICP,1995.42,Trivandrum International Airport (TRV),78.84,MMLP Coimbatore,209.86,Kayamkulam Terminal,23.33,FCI Depot Kochi,99.91,Kollam Toll Plaza,21.58
Pallickal,Pathanamthitta,599,628354,village,183,3.43,Bangalore-Mysore Road,357.1,SASTHANKOTTA,14.2,Balaramapuram,91.04,Vizhinjam International Seaport,93.53,ICD Thiruvananthapuram,73.88,Petrapole ICP,1999.47,Trivandrum International Airport (TRV),79.54,MMLP Coimbatore,211.67,Kayamkulam Terminal,18.36,FCI Depot Kochi,98.45,Kollam Toll Plaza,16.28
Kurambala,Pathanamthitta,599,628344,village,183A,6.46,Bangalore-Mysore Road,350.14,CHERIYANAD,13.64,Balaramapuram,95.99,Cochin Port,97.87,ICD Thiruvananthapuram,79.12,Petrapole ICP,1992.23,Trivandrum International Airport (TRV),85.17,MMLP Coimbatore,204.36,Kayamkulam Terminal,20.99,FCI Depot Kochi,93.61,Kollam Toll Plaza,20.87
Pandalam,Pathanamthitta,599,628343,village,183,7.71,Bangalore-Mysore Road,348.62,CHERIYANAD,10.86,Balaramapuram,98.36,Cochin Port,95.4,ICD Thiruvananthapuram,81.41,Petrapole ICP,1992.48,Trivandrum International Airport (TRV),87.34,MMLP Coimbatore,203.22,Kayamkulam Terminal,18.98,FCI Depot Kochi,91.15,Kollam Toll Plaza,19.51
Kulanada,Pathanamthitta,599,628322,village,183,7.3,Bangalore-Mysore Road,344.5,CHERIYANAD,10.5,Balaramapuram,101.52,Cochin Port,92.51,ICD Thiruvananthapuram,84.73,Petrapole ICP,1988.39,Trivandrum International Airport (TRV),90.84,MMLP Coimbatore,198.93,Kayamkulam Terminal,21.6,FCI Depot Kochi,88.25,Kollam Toll Plaza,22.98
Mezhuveli,Pathanamthitta,599,628323,village,183A,5.76,Bangalore-Mysore Road,344.1,CHENGANNUR,12.87,Balaramapuram,100.63,Cochin Port,93.85,ICD Thiruvananthapuram,84.03,Petrapole ICP,1986.08,Trivandrum International Airport (TRV),90.35,MMLP Coimbatore,198.04,Kayamkulam Terminal,24.74,FCI Depot Kochi,89.59,Kollam Toll Plaza,25.82
Pathanamthitta (Part),Pathanamthitta,599,628331,village,183A,0.02,Bangalore-Mysore Road,342.81,CHENGANNUR,21.11,Balaramapuram,98.88,Cochin Port,98.1,ICD Thiruvananthapuram,82.98,Petrapole ICP,1979.02,Trivandrum International Airport (TRV),89.86,MMLP Coimbatore,195.4,Kayamkulam Terminal,34.21,FCI Depot Kochi,93.86,Kollam Toll Plaza,34.78
Muvattupuzha (Part),Ernakulam,595,628025,village,85,5.49,Bangalore-Mysore Road,266.32,PIRAVAM ROAD,23.4,Balaramapuram,177.29,Cochin Port,41.8,ICD Kochi (Edappally),35.92,Petrapole ICP,1931.11,Cochin International Airport (COK),32.96,MMLP Coimbatore,123.89,Maradu (Kochi) Terminal,32.16,FCI Depot Kochi,39.52,Ernakulam Toll Plaza,19.93
Maradi,Ernakulam,595,628027,village,85,3.22,Bangalore-Mysore Road,266.34,PIRAVAM ROAD,19.1,Balaramapuram,179.11,Cochin Port,35.86,ICD Kochi (Edappally),30.0,Petrapole ICP,1934.78,Cochin International Airport (COK),28.71,MMLP Coimbatore,125.63,Maradu (Kochi) Terminal,26.23,FCI Depot Kochi,33.62,Ernakulam Toll Plaza,25.03
Velloorkunnam (CT),Ernakulam,595,628037,village,85,0.43,Bangalore-Mysore Road,261.99,PIRAVAM ROAD,22.76,Balaramapuram,183.13,Cochin Port,36.45,ICD Kochi (Edappally),30.35,Petrapole ICP,1931.16,Cochin International Airport (COK),25.87,MMLP Coimbatore,121.41,Aluva Terminal,26.73,FCI Depot Kochi,34.66,Ernakulam Toll Plaza,23.06
Valakam,Ernakulam,595,628020,village,85,0.44,Bangalore-Mysore Road,263.74,MULANTURUTTI,17.79,Balaramapuram,183.19,Cochin Port,31.38,ICD Kochi (Edappally),25.34,Petrapole ICP,1935.51,Cochin International Airport (COK),23.69,MMLP Coimbatore,124.63,Maradu (Kochi) Terminal,21.97,FCI Depot Kochi,29.49,Ernakulam Toll Plaza,21.43
Mulavoor (CT),Ernakulam,595,628021,village,85,4.23,Bangalore-Mysore Road,258.03,KURIKAD,24.42,Balaramapuram,187.11,Cochin Port,36.49,ICD Kochi (Edappally),30.26,Petrapole ICP,1928.46,Cochin International Airport (COK),22.89,MMLP Coimbatore,117.88,Aluva Terminal,24.68,FCI Depot Kochi,35.15,Ernakulam Toll Plaza,22.82
Enanalloor,Ernakulam,595,628022,village,85,6.56,Bangalore-Mysore Road,262.96,PIRAVAM ROAD,28.61,Balaramapuram,179.47,Cochin Port,45.86,ICD Kochi (Edappally),39.82,Petrapole ICP,1925.99,Cochin International Airport (COK),34.1,MMLP Coimbatore,119.56,Aluva Terminal,35.91,FCI Depot Kochi,43.85,Ernakulam Toll Plaza,14.76
Aikkaranad South (CT),Ernakulam,595,627954,village,85,1.27,Bangalore-Mysore Road,266.02,KURIKAD,10.53,Balaramapuram,184.04,Cochin Port,23.87,ICD Kochi (Edappally),17.97,Petrapole ICP,1941.64,Cochin International Airport (COK),21.88,MMLP Coimbatore,129.23,Maradu (Kochi) Terminal,14.34,FCI Depot Kochi,21.84,Ernakulam Toll Plaza,13.77
Aikkaranad North (CT),Ernakulam,595,627953,village,85,1.82,Bangalore-Mysore Road,262.86,KURIKAD,11.9,Balaramapuram,187.24,Cochin Port,23.58,ICD Kochi (Edappally),17.42,Petrapole ICP,1939.51,Cochin International Airport (COK),18.65,MMLP Coimbatore,126.55,Maradu (Kochi) Terminal,14.58,FCI Depot Kochi,22.11,Ernakulam Toll Plaza,14.24
Thiruvaniyoor (CT),Ernakulam,595,627955,village,85,2.1,Bangalore-Mysore Road,269.15,KURIKAD,4.69,Balaramapuram,183.52,Cochin Port,18.82,ICD Kochi (Edappally),13.4,Petrapole ICP,1947.02,Cochin International Airport (COK),23.56,MMLP Coimbatore,133.88,Maradu (Kochi) Terminal,9.06,FCI Depot Kochi,16.35,Ernakulam Toll Plaza,8.32
Puthencruz (CT),Ernakulam,595,627963,village,85,3.02,Bangalore-Mysore Road,264.9,TRIUPUNITTURA,5.25,Balaramapuram,188.93,Cochin Port,15.77,ICD Kochi (Edappally),9.65,Petrapole ICP,1945.45,Cochin International Airport (COK),18.99,MMLP Coimbatore,131.2,Maradu (Kochi) Terminal,7.06,FCI Depot Kochi,14.45,Ernakulam Toll Plaza,6.97
Vadavucode,Ernakulam,595,627952,village,85,1.49,Bangalore-Mysore Road,264.29,KURIKAD,8.56,Balaramapuram,187.56,Cochin Port,19.78,ICD Kochi (Edappally),13.67,Petrapole ICP,1942.73,Cochin International Airport (COK),18.89,MMLP Coimbatore,129.17,Maradu (Kochi) Terminal,10.74,FCI Depot Kochi,18.26,Ernakulam Toll Plaza,10.43
Kunnathunad (CT),Ernakulam,595,627962,village,85,5.48,Bangalore-Mysore Road,261.35,TRIUPUNITTURA,8.66,Balaramapuram,191.62,Cochin Port,17.75,ICD Kochi (Edappally),11.48,Petrapole ICP,1942.03,Cochin International Airport (COK),15.5,MMLP Coimbatore,127.6,Maradu (Kochi) Terminal,10.17,FCI Depot Kochi,17.14,Ernakulam Toll Plaza,10.3
Pattimattom (CT),Ernakulam,595,627950,village,85,6.4,Bangalore-Mysore Road,258.48,ALUVA,12.94,Balaramapuram,191.84,Cochin Port,23.59,ICD Kochi (Edappally),17.32,Petrapole ICP,1936.79,Cochin International Airport (COK),14.05,MMLP Coimbatore,123.02,Aluva Terminal,12.37,FCI Depot Kochi,22.94,Ernakulam Toll Plaza,15.73
Kizhakkambalam (CT),Ernakulam,595,627951,village,544,7.98,Bangalore-Mysore Road,256.52,ALUVA,8.14,Balaramapuram,195.63,Cochin Port,20.67,ICD Kochi (Edappally),14.61,Petrapole ICP,1937.72,Cochin International Airport (COK),10.76,MMLP Coimbatore,122.94,Aluva Terminal,7.5,FCI Depot Kochi,20.85,Ernakulam Toll Plaza,14.81
Vazhakkulam (CT),Ernakulam,595,627959,village,544,8.0,Bangalore-Mysore Road,253.51,ALUVA,7.47,Balaramapuram,197.9,Cochin Port,23.24,ICD Kochi (Edappally),17.35,Petrapole ICP,1934.73,Cochin International Airport (COK),8.06,MMLP Coimbatore,119.82,Aluva Terminal,7.12,FCI Depot Kochi,23.71,Ernakulam Toll Plaza,15.81
Vengola (CT),Ernakulam,595,627960,village,85,12.21,Bangalore-Mysore Road,252.1,CHOVVARA,11.28,Balaramapuram,197.02,Cochin Port,28.02,ICD Kochi (Edappally),21.95,Petrapole ICP,1930.75,Cochin International Airport (COK),9.78,MMLP Coimbatore,116.58,Aluva Terminal,11.94,FCI Depot Kochi,28.11,Ernakulam Toll Plaza,17.31
Marampilly (CT),Ernakulam,595,627958,village,544,9.51,Bangalore-Mysore Road,249.86,CHOVVARA,7.71,Balaramapuram,200.34,Cochin Port,27.08,ICD Kochi (Edappally),21.32,Petrapole ICP,1930.66,Cochin International Airport (COK),6.0,MMLP Coimbatore,115.73,Aluva Terminal,9.14,FCI Depot Kochi,27.74,Ernakulam Toll Plaza,13.64
Arackappady (CT),Ernakulam,595,627947,village,85,9.71,Bangalore-Mysore Road,254.68,CHOVVARA,12.14,Balaramapuram,194.81,Cochin Port,26.35,ICD Kochi (Edappally),20.17,Petrapole ICP,1933.04,Cochin International Airport (COK),11.41,MMLP Coimbatore,119.08,Aluva Terminal,11.93,FCI Depot Kochi,26.15,Ernakulam Toll Plaza,19.16
Mazhuvannoor,Ernakulam,595,627949,village,85,3.45,Bangalore-Mysore Road,260.58,KURIKAD,17.73,Balaramapuram,186.97,Cochin Port,29.71,ICD Kochi (Edappally),23.51,Petrapole ICP,1934.31,Cochin International Airport (COK),19.82,MMLP Coimbatore,122.4,Aluva Terminal,19.69,FCI Depot Kochi,28.3,Ernakulam Toll Plaza,20.4
Airapuram,Ernakulam,595,627948,village,85,6.71,Bangalore-Mysore Road,257.18,CHOVVARA,18.63,Balaramapuram,190.09,Cochin Port,30.76,ICD Kochi (Edappally),24.49,Petrapole ICP,1931.53,Cochin International Airport (COK),17.43,MMLP Coimbatore,119.2,Aluva Terminal,18.45,FCI Depot Kochi,29.78,Ernakulam Toll Plaza,22.13
Rayamangalam (CT),Ernakulam,595,627946,village,85,11.61,Bangalore-Mysore Road,252.27,CHOVVARA,16.4,Balaramapuram,194.78,Cochin Port,32.46,ICD Kochi (Edappally),26.25,Petrapole ICP,1927.78,Cochin International Airport (COK),14.32,MMLP Coimbatore,114.73,Aluva Terminal,17.27,FCI Depot Kochi,32.09,Ernakulam Toll Plaza,21.23
Asamannoor,Ernakulam,595,627945,village,85,7.16,Bangalore-Mysore Road,251.72,CHOVVARA,21.11,Balaramapuram,193.56,Cochin Port,37.16,ICD Kochi (Edappally),30.91,Petrapole ICP,1924.35,Cochin International Airport (COK),18.65,MMLP Coimbatore,112.44,Aluva Terminal,22.22,FCI Depot Kochi,36.55,Ernakulam Toll Plaza,24.21
Udayanapuram,Kottayam,597,916078,village,66,11.38,Bangalore-Mysore Road,289.44,VAIKAM ROAD,6.31,Balaramapuram,164.55,Cochin Port,29.99,ICD Kochi (Edappally),28.17,Petrapole ICP,1962.3,Cochin International Airport (COK),44.02,MMLP Coimbatore,152.19,Vaikom Terminal,4.61,FCI Depot Kochi,25.76,Toll Plaza Kumbalam,19.41
Koruthode,Kottayam,597,916076,village,183,6.59,Bangalore-Mysore Road,319.94,CHENGANNUR,42.62,Balaramapuram,119.24,Cochin Port,94.5,ICD Kochi (Edappally),90.74,Petrapole ICP,1949.06,Cochin International Airport (COK),95.91,MMLP Coimbatore,170.4,Kayamkulam Terminal,61.13,FCI Depot Kochi,90.58,Kollam Toll Plaza,63.1
Ayyappancoil,Idukki,596,628080,village,185,5.72,Bangalore-Mysore Road,298.66,ETTUMANUR,56.05,Balaramapuram,141.49,Cochin Port,94.09,ICD Kochi (Edappally),89.11,Petrapole ICP,1924.38,Cochin International Airport (COK),88.24,MMLP Coimbatore,148.0,Thanneermukkom Terminal,70.59,FCI Depot Kochi,90.76,Idukki Toll Plaza,41.12
Perumbavoor (CT),Ernakulam,595,627961,village,85,14.57,Bangalore-Mysore Road,249.52,CHOVVARA,13.64,Balaramapuram,198.19,Cochin Port,31.98,ICD Kochi (Edappally),25.92,Petrapole ICP,1926.9,Cochin International Airport (COK),11.11,MMLP Coimbatore,113.03,Aluva Terminal,15.14,FCI Depot Kochi,32.08,Ernakulam Toll Plaza,17.73
Koovappady (CT),Ernakulam,595,627956,village,544,11.46,Bangalore-Mysore Road,245.16,ANGAMALI,12.1,Balaramapuram,202.82,Cochin Port,33.52,ICD Kochi (Edappally),27.77,Petrapole ICP,1924.27,Cochin International Airport (COK),8.89,MMLP Coimbatore,109.64,Aluva Terminal,14.96,FCI Depot Kochi,34.18,Ernakulam Toll Plaza,14.07
Chelamattom (CT),Ernakulam,595,627957,village,544,9.49,Bangalore-Mysore Road,246.03,CHOVVARA,9.71,Balaramapuram,203.01,Cochin Port,31.13,ICD Kochi (Edappally),25.48,Petrapole ICP,1926.43,Cochin International Airport (COK),6.37,MMLP Coimbatore,111.45,Aluva Terminal,12.35,FCI Depot Kochi,31.95,Ernakulam Toll Plaza,12.37
Vengoor West,Ernakulam,595,627944,village,85,14.34,Bangalore-Mysore Road,245.85,CHOVVARA,16.01,Balaramapuram,200.74,Cochin Port,36.02,ICD Kochi (Edappally),30.05,Petrapole ICP,1922.56,Cochin International Airport (COK),12.74,MMLP Coimbatore,108.75,Aluva Terminal,18.27,FCI Depot Kochi,36.29,Ernakulam Toll Plaza,17.86
Vengoor,Ernakulam,595,627943,village,85,11.03,Bangalore-Mysore Road,245.51,ANGAMALI,20.85,Balaramapuram,199.37,Cochin Port,40.32,ICD Kochi (Edappally),34.22,Petrapole ICP,1919.28,Cochin International Airport (COK),17.73,MMLP Coimbatore,106.56,Aluva Terminal,23.16,FCI Depot Kochi,40.28,Ernakulam Toll Plaza,22.4
Kodanad,Ernakulam,595,627941,village,544,14.26,Bangalore-Mysore Road,241.57,ANGAMALI,15.2,Balaramapuram,204.88,Cochin Port,38.46,ICD Kochi (Edappally),32.71,Petrapole ICP,1919.37,Cochin International Airport (COK),12.95,MMLP Coimbatore,104.99,Aluva Terminal,19.68,FCI Depot Kochi,39.11,Ernakulam Toll Plaza,16.2
Kombanad,Ernakulam,595,627942,village,85,12.25,Bangalore-Mysore Road,242.52,ANGAMALI,23.28,Balaramapuram,201.38,Cochin Port,44.25,ICD Kochi (Edappally),38.19,Petrapole ICP,1915.24,Cochin International Airport (COK),20.65,MMLP Coimbatore,102.78,Aluva Terminal,26.65,FCI Depot Kochi,44.29,Ernakulam Toll Plaza,24.25
Kottappady,Ernakulam,595,628039,village,85,7.16,Bangalore-Mysore Road,247.29,CHOVVARA,25.52,Balaramapuram,196.3,Cochin Port,43.45,ICD Kochi (Edappally),37.24,Petrapole ICP,1917.88,Cochin International Airport (COK),22.41,MMLP Coimbatore,106.62,Aluva Terminal,27.33,FCI Depot Kochi,43.0,Ernakulam Toll Plaza,20.54
Pindimana,Ernakulam,595,628040,village,85,7.09,Bangalore-Mysore Road,247.3,CHOVVARA,30.33,Balaramapuram,195.05,Cochin Port,47.83,ICD Kochi (Edappally),41.59,Petrapole ICP,1914.86,Cochin International Airport (COK),27.19,MMLP Coimbatore,105.04,Aluva Terminal,32.11,FCI Depot Kochi,47.18,Ernakulam Toll Plaza,16.19
Thrikkariyoor (CT),Ernakulam,595,628038,village,85,2.57,Bangalore-Mysore Road,252.1,CHOVVARA,26.68,Balaramapuram,191.49,Cochin Port,42.2,ICD Kochi (Edappally),35.93,Petrapole ICP,1921.23,Cochin International Airport (COK),24.07,MMLP Coimbatore,110.93,Aluva Terminal,27.82,FCI Depot Kochi,41.3,Ernakulam Toll Plaza,18.62
Eramalloor (CT),Ernakulam,595,628048,village,85,3.72,Bangalore-Mysore Road,254.73,CHOVVARA,24.59,Balaramapuram,189.82,Cochin Port,38.69,ICD Kochi (Edappally),32.42,Petrapole ICP,1925.03,Cochin International Airport (COK),22.41,MMLP Coimbatore,114.33,Aluva Terminal,25.27,FCI Depot Kochi,37.64,Ernakulam Toll Plaza,21.24
Varappetty,Ernakulam,595,628047,village,85,2.49,Bangalore-Mysore Road,258.07,PIRAVAM ROAD,29.8,Balaramapuram,184.96,Cochin Port,43.46,ICD Kochi (Edappally),37.26,Petrapole ICP,1924.08,Cochin International Airport (COK),29.05,MMLP Coimbatore,115.71,Aluva Terminal,31.58,FCI Depot Kochi,41.92,Ernakulam Toll Plaza,15.79
Kothamangalam,Ernakulam,595,645601,village,85,0.21,Bangalore-Mysore Road,255.74,CHOVVARA,28.42,Balaramapuram,187.76,Cochin Port,41.96,ICD Kochi (Edappally),35.71,Petrapole ICP,1923.54,Cochin International Airport (COK),26.19,MMLP Coimbatore,114.11,Aluva Terminal,29.09,FCI Depot Kochi,40.69,Ernakulam Toll Plaza,17.56
Pallarimangalam,Ernakulam,595,916085,village,85,2.74,Bangalore-Mysore Road,257.57,PIRAVAM ROAD,33.08,Balaramapuram,184.41,Cochin Port,47.7,ICD Kochi (Edappally),41.5,Petrapole ICP,1921.02,Cochin International Airport (COK),32.62,MMLP Coimbatore,114.03,Aluva Terminal,35.57,FCI Depot Kochi,46.12,Ernakulam Toll Plaza,11.56
Kadavoor,Ernakulam,595,628045,village,85,5.25,Bangalore-Mysore Road,261.02,PIRAVAM ROAD,36.12,Balaramapuram,179.75,Cochin Port,53.7,ICD Kochi (Edappally),47.61,Petrapole ICP,1919.5,Cochin International Airport (COK),39.88,MMLP Coimbatore,115.69,Aluva Terminal,42.63,FCI Depot Kochi,51.79,Ernakulam Toll Plaza,7.45
Neriamangalam,Ernakulam,595,628044,village,85,0.47,Bangalore-Mysore Road,255.33,PIRAVAM ROAD,41.34,Balaramapuram,184.98,Cochin Port,56.76,ICD Kochi (Edappally),50.54,Petrapole ICP,1913.56,Cochin International Airport (COK),40.06,MMLP Coimbatore,109.55,Aluva Terminal,43.83,FCI Depot Kochi,55.22,Ernakulam Toll Plaza,2.56
Kuttamangalam,Ernakulam,595,628043,village,85,0.1,Bangalore-Mysore Road,254.54,CHOVVARA,36.1,Balaramapuram,186.92,Cochin Port,50.34,ICD Kochi (Edappally),44.09,Petrapole ICP,1917.33,Cochin International Airport (COK),33.49,MMLP Coimbatore,110.52,Aluva Terminal,37.13,FCI Depot Kochi,48.97,Ernakulam Toll Plaza,9.26
Keerampara,Ernakulam,595,628042,village,85,4.56,Bangalore-Mysore Road,249.95,CHOVVARA,34.55,Balaramapuram,191.56,Cochin Port,50.74,ICD Kochi (Edappally),44.47,Petrapole ICP,1914.31,Cochin International Airport (COK),31.59,MMLP Coimbatore,106.34,Aluva Terminal,36.05,FCI Depot Kochi,49.75,Ernakulam Toll Plaza,11.37
Kuttampuzha,Ernakulam,595,628041,village,85,11.71,Bangalore-Mysore Road,242.41,ANGAMALI,44.72,Balaramapuram,197.3,Cochin Port,63.74,ICD Kochi (Edappally),57.48,Petrapole ICP,1901.23,Cochin International Airport (COK),42.1,MMLP Coimbatore,96.02,Aluva Terminal,47.69,FCI Depot Kochi,62.99,Ernakulam Toll Plaza,13.27
Manakunnam,Ernakulam,595,628017,village,66,6.15,Bangalore-Mysore Road,276.28,MULANTURUTTI,3.31,Balaramapuram,179.62,Cochin Port,16.17,ICD Kochi (Edappally),13.22,Petrapole ICP,1955.46,Cochin International Airport (COK),30.37,MMLP Coimbatore,142.14,Maradu (Kochi) Terminal,8.36,FCI Depot Kochi,12.34,Toll Plaza Kumbalam,6.11
Kaippattoor,Ernakulam,595,628004,village,85,12.66,Bangalore-Mysore Road,278.97,PIRAVAM ROAD,2.63,Balaramapuram,172.84,Cochin Port,25.39,ICD Kochi (Edappally),21.63,Petrapole ICP,1952.69,Cochin International Airport (COK),34.03,MMLP Coimbatore,141.7,Vaikom Terminal,14.88,FCI Depot Kochi,21.66,Toll Plaza Kumbalam,15.41
Edakkattuvayal,Ernakulam,595,628003,village,85,10.1,Bangalore-Mysore Road,276.59,KANJIRAMITTAM,3.19,Balaramapuram,175.4,Cochin Port,23.55,ICD Kochi (Edappally),19.45,Petrapole ICP,1951.3,Cochin International Airport (COK),31.49,MMLP Coimbatore,139.77,Maradu (Kochi) Terminal,14.43,FCI Depot Kochi,20.01,Ernakulam Toll Plaza,13.38
Amballur (CT),Ernakulam,595,628019,village,85,9.91,Bangalore-Mysore Road,278.54,KANJIRAMITTAM,1.38,Balaramapuram,175.72,Cochin Port,20.6,ICD Kochi (Edappally),17.47,Petrapole ICP,1955.23,Cochin International Airport (COK),32.79,MMLP Coimbatore,142.96,Maradu (Kochi) Terminal,12.49,FCI Depot Kochi,16.72,Toll Plaza Kumbalam,10.34
Mulamthuruthi (CT),Ernakulam,595,628018,village,85,6.75,Bangalore-Mysore Road,274.43,MULANTURUTTI,2.32,Balaramapuram,178.92,Cochin Port,19.64,ICD Kochi (Edappally),15.43,Petrapole ICP,1951.43,Cochin International Airport (COK),28.78,MMLP Coimbatore,138.86,Maradu (Kochi) Terminal,10.41,FCI Depot Kochi,16.25,Ernakulam Toll Plaza,9.36
Kanayannur (CT),Ernakulam,595,628013,village,85,3.82,Bangalore-Mysore Road,271.72,MULANTURUTTI,2.36,Balaramapuram,181.88,Cochin Port,17.82,ICD Kochi (Edappally),13.05,Petrapole ICP,1949.86,Cochin International Airport (COK),25.95,MMLP Coimbatore,136.73,Maradu (Kochi) Terminal,8.19,FCI Depot Kochi,14.85,Ernakulam Toll Plaza,7.23
Kureekkad (CT),Ernakulam,595,628014,village,85,1.36,Bangalore-Mysore Road,270.53,KURIKAD,1.09,Balaramapuram,184.18,Cochin Port,15.14,ICD Kochi (Edappally),10.25,Petrapole ICP,1950.27,Cochin International Airport (COK),24.62,MMLP Coimbatore,136.52,Maradu (Kochi) Terminal,5.43,FCI Depot Kochi,12.4,Ernakulam Toll Plaza,4.52
Kumbalam (CT),Ernakulam,595,628016,village,66,1.2,Bangalore-Mysore Road,274.71,KUMBALAM,1.7,Balaramapuram,183.54,Cochin Port,11.21,ICD Kochi (Edappally),9.24,Petrapole ICP,1956.73,Cochin International Airport (COK),29.21,MMLP Coimbatore,142.39,Maradu (Kochi) Terminal,5.36,FCI Depot Kochi,7.3,Toll Plaza Kumbalam,1.53
Maradu (CT),Ernakulam,595,628015,village,66,0.08,Bangalore-Mysore Road,271.1,TIRUNETTUR,1.24,Balaramapuram,187.27,Cochin Port,8.64,ICD Kochi (Edappally),5.43,Petrapole ICP,1954.37,Cochin International Airport (COK),25.91,MMLP Coimbatore,139.52,Maradu (Kochi) Terminal,2.22,FCI Depot Kochi,5.71,Ernakulam Toll Plaza,2.41
Thekkumbhagam,Ernakulam,595,913797,village,85,1.26,Bangalore-Mysore Road,270.81,TRIUPUNITTURA,1.89,Balaramapuram,185.73,Cochin Port,11.77,ICD Kochi (Edappally),7.42,Petrapole ICP,1952.38,Cochin International Airport (COK),25.07,MMLP Coimbatore,138.04,Maradu (Kochi) Terminal,2.38,FCI Depot Kochi,8.96,Ernakulam Toll Plaza,1.3
Thiruvankulam (CT),Ernakulam,595,628012,village,85,0.76,Bangalore-Mysore Road,267.26,TRIUPUNITTURA,1.73,Balaramapuram,188.37,Cochin Port,12.47,ICD Kochi (Edappally),6.72,Petrapole ICP,1949.01,Cochin International Airport (COK),21.47,MMLP Coimbatore,134.47,Maradu (Kochi) Terminal,3.32,FCI Depot Kochi,10.77,Ernakulam Toll Plaza,3.32
Nadama,Ernakulam,595,913796,village,85,1.6,Bangalore-Mysore Road,267.32,TRIUPUNITTURA,2.6,Balaramapuram,189.63,Cochin Port,10.01,ICD Kochi (Edappally),4.28,Petrapole ICP,1950.4,Cochin International Airport (COK),21.91,MMLP Coimbatore,135.47,Maradu (Kochi) Terminal,2.03,FCI Depot Kochi,8.61,Ernakulam Toll Plaza,2.83
Poonithura,Ernakulam,595,913793,village,66,0.45,Bangalore-Mysore Road,265.88,ERNAKULAM D CABIN,0.75,Balaramapuram,192.41,Cochin Port,7.68,ICD Kochi (Edappally),1.41,Petrapole ICP,1950.72,Cochin International Airport (COK),21.29,MMLP Coimbatore,135.27,Maradu (Kochi) Terminal,4.46,FCI Depot Kochi,7.65,Ernakulam Toll Plaza,2.4
Elamkulam,Ernakulam,595,913792,village,66,1.48,Bangalore-Mysore Road,267.87,ERNAKULAM D CABIN,1.53,Balaramapuram,191.06,Cochin Port,6.53,ICD Kochi (Edappally),1.64,Petrapole ICP,1952.7,Cochin International Airport (COK),23.35,MMLP Coimbatore,137.31,Maradu (Kochi) Terminal,3.66,FCI Depot Kochi,5.71,Ernakulam Toll Plaza,2.45
Ernakulam,Ernakulam,595,913791,village,966A,1.97,Bangalore-Mysore Road,265.86,ERNAKULAM TOWN,0.61,Balaramapuram,194.35,Cochin Port,4.86,ICD Kochi (Edappally),2.17,Petrapole ICP,1952.48,Cochin International Airport (COK),22.61,MMLP Coimbatore,136.6,Maradu (Kochi) Terminal,7.13,FCI Depot Kochi,6.54,Ernakulam Toll Plaza,1.1
Edappally South,Ernakulam,595,913795,village,66,0.18,Bangalore-Mysore Road,263.41,ERNAKULAM D CABIN,2.98,Balaramapuram,194.53,Cochin Port,8.94,ICD Kochi (Edappally),3.25,Petrapole ICP,1948.67,Cochin International Airport (COK),19.01,MMLP Coimbatore,133.04,Maradu (Kochi) Terminal,6.61,FCI Depot Kochi,9.79,Ernakulam Toll Plaza,3.64
Edappally North,Ernakulam,595,913794,village,66,0.66,Bangalore-Mysore Road,261.07,EDAPPALLY,0.65,Balaramapuram,197.62,Cochin Port,9.41,ICD Kochi (Edappally),5.43,Petrapole ICP,1947.77,Cochin International Airport (COK),17.83,MMLP Coimbatore,131.74,Maradu (Kochi) Terminal,9.65,FCI Depot Kochi,11.44,Ernakulam Toll Plaza,5.01
Mulavukad (CT),Ernakulam,595,628011,village,966A,0.32,Bangalore-Mysore Road,264.29,ERNAKULAM TOWN,3.67,Balaramapuram,197.45,Cochin Port,4.96,ICD Kochi (Edappally),5.64,Petrapole ICP,1952.75,Cochin International Airport (COK),22.88,MMLP Coimbatore,136.47,Maradu (Kochi) Terminal,10.63,FCI Depot Kochi,8.46,Ernakulam Toll Plaza,0.5
Kadamakkudy (CT),Ernakulam,595,628010,village,966A,0.77,Bangalore-Mysore Road,259.3,EDAPPALLY,4.47,Balaramapuram,201.66,Cochin Port,9.94,ICD Kochi (Edappally),8.98,Petrapole ICP,1948.62,Cochin International Airport (COK),19.22,MMLP Coimbatore,132.07,Aluva Terminal,11.94,FCI Depot Kochi,13.36,Ernakulam Toll Plaza,4.52
Cheranelloor (CT),Ernakulam,595,628009,village,966A,0.87,Bangalore-Mysore Road,259.25,EDAPPALLY,1.97,Balaramapuram,200.12,Cochin Port,10.38,ICD Kochi (Edappally),7.65,Petrapole ICP,1947.15,Cochin International Airport (COK),17.35,MMLP Coimbatore,130.85,Aluva Terminal,9.85,FCI Depot Kochi,13.11,Ernakulam Toll Plaza,5.14
Trikkakkara,Ernakulam,595,628002,village,544,1.67,Bangalore-Mysore Road,258.09,KALAMASSERY,1.57,Balaramapuram,198.18,Cochin Port,13.88,ICD Kochi (Edappally),8.77,Petrapole ICP,1943.35,Cochin International Airport (COK),13.52,MMLP Coimbatore,127.55,Aluva Terminal,6.08,FCI Depot Kochi,15.29,Ernakulam Toll Plaza,9.0
Vazhakkala,Ernakulam,595,628008,village,66,2.47,Bangalore-Mysore Road,262.63,ERNAKULAM D CABIN,4.57,Balaramapuram,194.02,Cochin Port,11.12,ICD Kochi (Edappally),5.07,Petrapole ICP,1946.87,Cochin International Airport (COK),17.56,MMLP Coimbatore,131.46,Maradu (Kochi) Terminal,6.75,FCI Depot Kochi,11.5,Ernakulam Toll Plaza,5.72
Kakkanad (CT),Ernakulam,595,628007,village,66,5.65,Bangalore-Mysore Road,261.6,KALAMASSERY,6.58,Balaramapuram,193.32,Cochin Port,14.2,ICD Kochi (Edappally),8.0,Petrapole ICP,1944.38,Cochin International Airport (COK),15.88,MMLP Coimbatore,129.33,Maradu (Kochi) Terminal,8.09,FCI Depot Kochi,14.14,Ernakulam Toll Plaza,8.6
Moothakunnam (CT),Ernakulam,595,627985,village,66,0.9,Bangalore-Mysore Road,246.45,CHALAKUDI,19.42,Balaramapuram,217.82,Cochin Port,24.87,ICD Kochi (Edappally),25.14,Petrapole ICP,1942.36,Cochin International Airport (COK),22.99,MMLP Coimbatore,125.27,Kottapuram Terminal,2.25,FCI Depot Kochi,28.9,Ernakulam Toll Plaza,20.0
Vadakkekara (CT),Ernakulam,595,627986,village,66,0.68,Bangalore-Mysore Road,248.53,KALAMASSERY,17.12,Balaramapuram,215.14,Cochin Port,22.28,ICD Kochi (Edappally),22.45,Petrapole ICP,1943.35,Cochin International Airport (COK),21.54,MMLP Coimbatore,126.24,Kottapuram Terminal,4.65,FCI Depot Kochi,26.27,Ernakulam Toll Plaza,17.5
Chendamangalam (CT),Ernakulam,595,627984,village,66,2.1,Bangalore-Mysore Road,246.14,ALUVA,15.83,Balaramapuram,215.74,Cochin Port,23.85,ICD Kochi (Edappally),23.19,Petrapole ICP,1940.19,Cochin International Airport (COK),19.1,MMLP Coimbatore,123.08,Kottapuram Terminal,4.32,FCI Depot Kochi,27.63,Ernakulam Toll Plaza,16.36
Puthenvelikkara(CT),Ernakulam,595,627983,village,66,4.54,Bangalore-Mysore Road,245.54,ANGAMALI,13.3,Balaramapuram,214.54,Cochin Port,23.88,ICD Kochi (Edappally),22.44,Petrapole ICP,1938.2,Cochin International Airport (COK),16.18,MMLP Coimbatore,121.13,Kottapuram Terminal,6.89,FCI Depot Kochi,27.41,Ernakulam Toll Plaza,13.5
Kunnukara (CT),Ernakulam,595,627981,village,544,4.91,Bangalore-Mysore Road,246.09,CHOVVARA,7.58,Balaramapuram,210.77,Cochin Port,23.41,ICD Kochi (Edappally),20.43,Petrapole ICP,1935.58,Cochin International Airport (COK),10.17,MMLP Coimbatore,118.76,Aluva Terminal,8.65,FCI Depot Kochi,26.28,Ernakulam Toll Plaza,9.13
Karumalloor (CT),Ernakulam,595,627987,village,66,3.26,Bangalore-Mysore Road,249.03,ALUVA,9.55,Balaramapuram,210.09,Cochin Port,20.21,ICD Kochi (Edappally),18.2,Petrapole ICP,1939.8,Cochin International Airport (COK),13.87,MMLP Coimbatore,122.89,Aluva Terminal,9.97,FCI Depot Kochi,23.49,Ernakulam Toll Plaza,13.51
Kadungalloor (CT),Ernakulam,595,627988,village,544,2.57,Bangalore-Mysore Road,253.51,KALAMASSERY,3.67,Balaramapuram,203.31,Cochin Port,16.77,ICD Kochi (Edappally),12.92,Petrapole ICP,1940.72,Cochin International Airport (COK),11.11,MMLP Coimbatore,124.39,Aluva Terminal,4.13,FCI Depot Kochi,19.1,Ernakulam Toll Plaza,11.6
Alangad (CT),Ernakulam,595,627989,village,66,3.68,Bangalore-Mysore Road,252.21,KALAMASSERY,6.29,Balaramapuram,205.94,Cochin Port,17.27,ICD Kochi (Edappally),14.45,Petrapole ICP,1941.11,Cochin International Airport (COK),12.59,MMLP Coimbatore,124.49,Aluva Terminal,6.77,FCI Depot Kochi,20.15,Ernakulam Toll Plaza,11.84
Eloor (CT),Ernakulam,595,627992,village,966A,0.2,Bangalore-Mysore Road,256.29,KALAMASSERY,2.86,Balaramapuram,201.78,Cochin Port,13.64,ICD Kochi (Edappally),10.2,Petrapole ICP,1943.88,Cochin International Airport (COK),14.17,MMLP Coimbatore,127.56,Aluva Terminal,6.8,FCI Depot Kochi,16.14,Ernakulam Toll Plaza,8.43
Varappuzha(CT),Ernakulam,595,627991,village,66,0.59,Bangalore-Mysore Road,256.07,EDAPPALLY,6.09,Balaramapuram,204.25,Cochin Port,13.17,ICD Kochi (Edappally),11.66,Petrapole ICP,1945.8,Cochin International Airport (COK),16.99,MMLP Coimbatore,129.13,Aluva Terminal,10.24,FCI Depot Kochi,16.52,Ernakulam Toll Plaza,7.74
Kottuvally (CT),Ernakulam,595,627990,village,66,1.18,Bangalore-Mysore Road,253.15,EDAPPALLY,9.84,Balaramapuram,208.01,Cochin Port,16.26,ICD Kochi (Edappally),15.37,Petrapole ICP,1944.49,Cochin International Airport (COK),17.44,MMLP Coimbatore,127.59,Kottapuram Terminal,11.62,FCI Depot Kochi,19.89,Ernakulam Toll Plaza,11.0
Paravur (CT),Ernakulam,595,913783,village,66,1.38,Bangalore-Mysore Road,251.31,EDAPPALLY,13.7,Balaramapuram,211.61,Cochin Port,18.91,ICD Kochi (Edappally),18.93,Petrapole ICP,1944.69,Cochin International Airport (COK),20.08,MMLP Coimbatore,127.63,Kottapuram Terminal,8.09,FCI Depot Kochi,22.84,Ernakulam Toll Plaza,14.02
Ezhikkara (CT),Ernakulam,595,627982,village,66,3.19,Bangalore-Mysore Road,254.83,EDAPPALLY,9.8,Balaramapuram,207.47,Cochin Port,14.89,ICD Kochi (Edappally),14.8,Petrapole ICP,1946.65,Cochin International Airport (COK),19.46,MMLP Coimbatore,129.72,Kottapuram Terminal,12.24,FCI Depot Kochi,18.74,Ernakulam Toll Plaza,9.88
Chellanam(CT),Ernakulam,595,627997,village,66,3.55,Bangalore-Mysore Road,285.3,EZHUPPUNNA,2.54,Balaramapuram,177.0,Cochin Port,17.31,ICD Kochi (Edappally),18.89,Petrapole ICP,1967.59,Cochin International Airport (COK),40.25,MMLP Coimbatore,153.54,Cherthala Terminal,13.52,FCI Depot Kochi,13.41,Toll Plaza Kumbalam,9.98
Kumbalanghi (CT),Ernakulam,595,628001,village,66,2.91,Bangalore-Mysore Road,278.84,AROOR HALT,2.89,Balaramapuram,182.93,Cochin Port,10.89,ICD Kochi (Edappally),12.43,Petrapole ICP,1962.76,Cochin International Airport (COK),34.25,MMLP Coimbatore,147.98,Maradu (Kochi) Terminal,10.63,FCI Depot Kochi,6.85,Toll Plaza Kumbalam,4.78
Palluruthy (CT),Ernakulam,595,645602,village,966B,2.37,Bangalore-Mysore Road,274.37,KUMBALAM,4.87,Balaramapuram,187.6,Cochin Port,6.11,ICD Kochi (Edappally),8.29,Petrapole ICP,1959.88,Cochin International Airport (COK),30.53,MMLP Coimbatore,144.52,Maradu (Kochi) Terminal,8.25,FCI Depot Kochi,2.05,Ernakulam Toll Plaza,2.08
Edakochi,Ernakulam,595,913790,village,966B,1.72,Bangalore-Mysore Road,273.9,KUMBALAM,2.31,Balaramapuram,186.44,Cochin Port,7.51,ICD Kochi (Edappally),7.48,Petrapole ICP,1958.13,Cochin International Airport (COK),29.28,MMLP Coimbatore,143.1,Maradu (Kochi) Terminal,6.04,FCI Depot Kochi,3.36,Toll Plaza Kumbalam,3.15
Rameswaram,Ernakulam,595,913786,village,966B,0.35,Bangalore-Mysore Road,272.3,TIRUNETTUR,3.82,Balaramapuram,189.11,Cochin Port,4.7,ICD Kochi (Edappally),6.24,Petrapole ICP,1957.98,Cochin International Airport (COK),28.5,MMLP Coimbatore,142.51,Maradu (Kochi) Terminal,6.93,FCI Depot Kochi,0.66,Ernakulam Toll Plaza,0.63
Mattancherry,Ernakulam,595,913785,village,966B,0.11,Bangalore-Mysore Road,268.45,ERNAKULAM JN,3.01,Balaramapuram,193.22,Cochin Port,2.0,ICD Kochi (Edappally),4.28,Petrapole ICP,1955.56,Cochin International Airport (COK),25.68,MMLP Coimbatore,139.65,Maradu (Kochi) Terminal,7.97,FCI Depot Kochi,4.05,Ernakulam Toll Plaza,3.1
Fort Kochi,Ernakulam,595,913784,village,966B,1.69,Bangalore-Mysore Road,268.84,ERNAKULAM JN,5.16,Balaramapuram,194.17,Cochin Port,0.48,ICD Kochi (Edappally),6.35,Petrapole ICP,1956.98,Cochin International Airport (COK),27.04,MMLP Coimbatore,140.86,Maradu (Kochi) Terminal,10.05,FCI Depot Kochi,4.74,Ernakulam Toll Plaza,4.08
Poyya (CT),Thrissur,594,627883,village,66,5.79,Bangalore-Mysore Road,241.3,DIVINE NAGAR,11.82,Balaramapuram,218.59,Cochin Port,28.21,ICD Kochi (Edappally),26.74,Petrapole ICP,1935.05,Cochin International Airport (COK),17.63,MMLP Coimbatore,117.94,Kottapuram Terminal,6.41,FCI Depot Kochi,31.76,Ernakulam Toll Plaza,12.97
Padinjare Vemballur (CT),Thrissur,594,627871,village,66,3.58,Bangalore-Mysore Road,239.5,IRINJALAKUDA,17.5,Balaramapuram,227.66,Cochin Port,34.35,ICD Kochi (Edappally),35.01,Petrapole ICP,1939.58,Cochin International Airport (COK),30.37,MMLP Coimbatore,123.0,Kottapuram Terminal,8.44,FCI Depot Kochi,38.48,"Paliyekkara Toll, National Highway 47",24.37
Koolimuttam (CT),Thrissur,594,627870,village,66,1.83,Bangalore-Mysore Road,236.36,IRINJALAKUDA,16.62,Balaramapuram,231.06,Cochin Port,37.83,ICD Kochi (Edappally),38.38,Petrapole ICP,1937.51,Cochin International Airport (COK),32.49,MMLP Coimbatore,121.22,Kottapuram Terminal,11.58,FCI Depot Kochi,41.95,"Paliyekkara Toll, National Highway 47",21.95
Pappinivattom (CT),Thrissur,594,627877,village,66,0.41,Bangalore-Mysore Road,235.41,IRINJALAKUDA,14.14,Balaramapuram,230.29,Cochin Port,37.49,ICD Kochi (Edappally),37.62,Petrapole ICP,1935.56,Cochin International Airport (COK),30.45,MMLP Coimbatore,119.11,Kottapuram Terminal,10.7,FCI Depot Kochi,41.53,"Paliyekkara Toll, National Highway 47",20.22
Perinjanam (CT),Thrissur,594,627876,village,66,0.36,Bangalore-Mysore Road,233.53,IRINJALAKUDA,15.19,Balaramapuram,233.24,Cochin Port,40.27,ICD Kochi (Edappally),40.56,Petrapole ICP,1935.0,Cochin International Airport (COK),33.27,MMLP Coimbatore,118.88,Kottapuram Terminal,13.64,FCI Depot Kochi,44.35,"Paliyekkara Toll, National Highway 47",19.38
Kaipamangalam (CT),Thrissur,594,627875,village,66,0.52,Bangalore-Mysore Road,231.85,IRINJALAKUDA,15.9,Balaramapuram,235.47,Cochin Port,42.46,ICD Kochi (Edappally),42.79,Petrapole ICP,1934.17,Cochin International Airport (COK),35.2,MMLP Coimbatore,118.34,Kottapuram Terminal,15.87,FCI Depot Kochi,46.55,"Paliyekkara Toll, National Highway 47",18.64
Chenthrappinni (CT),Thrissur,594,627874,village,66,0.31,Bangalore-Mysore Road,229.34,PUDUKAD,15.9,Balaramapuram,238.03,Cochin Port,45.12,ICD Kochi (Edappally),45.36,Petrapole ICP,1932.39,Cochin International Airport (COK),37.03,MMLP Coimbatore,116.88,Kottapuram Terminal,18.44,FCI Depot Kochi,49.2,"Paliyekkara Toll, National Highway 47",17.19
Edathiruthy (CT),Thrissur,594,627873,village,66,1.69,Bangalore-Mysore Road,226.09,PUDUKAD,14.28,Balaramapuram,240.83,Cochin Port,48.18,ICD Kochi (Edappally),48.24,Petrapole ICP,1929.71,Cochin International Airport (COK),38.82,MMLP Coimbatore,114.56,Kottapuram Terminal,21.36,FCI Depot Kochi,52.23,"Paliyekkara Toll, National Highway 47",15.17
Kattur (CT),Thrissur,594,627924,village,66,4.28,Bangalore-Mysore Road,225.77,PUDUKAD,11.8,Balaramapuram,239.32,Cochin Port,47.2,ICD Kochi (Edappally),46.92,Petrapole ICP,1928.14,Cochin International Airport (COK),36.51,MMLP Coimbatore,112.62,Kottapuram Terminal,20.27,FCI Depot Kochi,51.17,"Paliyekkara Toll, National Highway 47",12.95
Karalam (CT),Thrissur,594,627886,village,66,7.08,Bangalore-Mysore Road,224.58,PUDUKAD,9.08,Balaramapuram,238.7,Cochin Port,47.29,ICD Kochi (Edappally),46.64,Petrapole ICP,1925.91,Cochin International Airport (COK),34.98,MMLP Coimbatore,110.15,Kottapuram Terminal,20.45,FCI Depot Kochi,51.16,"Paliyekkara Toll, National Highway 47",10.42
Manavalassery (CT),Thrissur,594,627929,village,66,4.73,Bangalore-Mysore Road,227.81,IRINJALAKUDA,11.6,Balaramapuram,236.4,Cochin Port,44.47,ICD Kochi (Edappally),44.06,Petrapole ICP,1928.96,Cochin International Airport (COK),33.65,MMLP Coimbatore,113.0,Kottapuram Terminal,17.54,FCI Depot Kochi,48.4,"Paliyekkara Toll, National Highway 47",13.35
Edathirinji (CT),Thrissur,594,627930,village,66,3.16,Bangalore-Mysore Road,230.07,IRINJALAKUDA,12.25,Balaramapuram,234.79,Cochin Port,42.51,ICD Kochi (Edappally),42.29,Petrapole ICP,1931.09,Cochin International Airport (COK),32.86,MMLP Coimbatore,115.0,Kottapuram Terminal,15.58,FCI Depot Kochi,46.48,"Paliyekkara Toll, National Highway 47",15.48
Padiyur (CT),Thrissur,594,627934,village,66,2.25,Bangalore-Mysore Road,232.87,IRINJALAKUDA,11.97,Balaramapuram,231.69,Cochin Port,39.36,ICD Kochi (Edappally),39.15,Petrapole ICP,1932.89,Cochin International Airport (COK),30.4,MMLP Coimbatore,116.48,Kottapuram Terminal,12.43,FCI Depot Kochi,43.33,"Paliyekkara Toll, National Highway 47",17.52
Vallivattom (CT),Thrissur,594,627908,village,66,1.52,Bangalore-Mysore Road,236.21,IRINJALAKUDA,12.3,Balaramapuram,227.68,Cochin Port,35.41,ICD Kochi (Edappally),35.13,Petrapole ICP,1934.75,Cochin International Airport (COK),27.15,MMLP Coimbatore,118.01,Kottapuram Terminal,8.48,FCI Depot Kochi,39.35,"Paliyekkara Toll, National Highway 47",20.2
Puthenchira,Thrissur,594,627910,village,66,5.56,Bangalore-Mysore Road,237.13,IRINJALAKUDA,10.25,Balaramapuram,223.42,Cochin Port,32.75,ICD Kochi (Edappally),31.53,Petrapole ICP,1932.67,Cochin International Airport (COK),21.25,MMLP Coimbatore,115.62,Kottapuram Terminal,7.76,FCI Depot Kochi,36.41,Ernakulam Toll Plaza,15.28
Karumathra (CT),Thrissur,594,627909,village,66,3.44,Bangalore-Mysore Road,237.11,IRINJALAKUDA,11.23,Balaramapuram,225.04,Cochin Port,33.47,ICD Kochi (Edappally),32.74,Petrapole ICP,1934.01,Cochin International Airport (COK),23.85,MMLP Coimbatore,117.07,Kottapuram Terminal,7.1,FCI Depot Kochi,37.29,Ernakulam Toll Plaza,18.03
Thekkumkara (CT),Thrissur,594,627935,village,66,3.91,Bangalore-Mysore Road,235.45,IRINJALAKUDA,10.11,Balaramapuram,226.73,Cochin Port,35.23,ICD Kochi (Edappally),34.48,Petrapole ICP,1932.85,Cochin International Airport (COK),24.98,MMLP Coimbatore,115.99,Kottapuram Terminal,8.75,FCI Depot Kochi,39.05,Ernakulam Toll Plaza,18.82
Poomangalam (CT),Thrissur,594,627933,village,66,3.68,Bangalore-Mysore Road,232.23,IRINJALAKUDA,10.21,Balaramapuram,231.18,Cochin Port,39.31,ICD Kochi (Edappally),38.82,Petrapole ICP,1931.54,Cochin International Airport (COK),29.13,MMLP Coimbatore,115.02,Kottapuram Terminal,12.44,FCI Depot Kochi,43.21,"Paliyekkara Toll, National Highway 47",16.43
Vadakkumkara (CT),Thrissur,594,627932,village,66,5.8,Bangalore-Mysore Road,232.36,IRINJALAKUDA,7.86,Balaramapuram,229.29,Cochin Port,38.22,ICD Kochi (Edappally),37.29,Petrapole ICP,1930.21,Cochin International Airport (COK),26.4,MMLP Coimbatore,113.46,Kottapuram Terminal,11.84,FCI Depot Kochi,41.99,"Paliyekkara Toll, National Highway 47",16.08
Kottanellur,Thrissur,594,627907,village,66,8.39,Bangalore-Mysore Road,232.27,IRINJALAKUDA,5.74,Balaramapuram,227.5,Cochin Port,37.54,ICD Kochi (Edappally),36.1,Petrapole ICP,1928.53,Cochin International Airport (COK),23.64,MMLP Coimbatore,111.6,Kottapuram Terminal,12.3,FCI Depot Kochi,41.15,"Paliyekkara Toll, National Highway 47",16.04
Kaduppassery (CT),Thrissur,594,627897,village,544,7.81,Bangalore-Mysore Road,229.08,IRINJALAKUDA,3.9,Balaramapuram,230.54,Cochin Port,40.81,ICD Kochi (Edappally),39.34,Petrapole ICP,1926.12,Cochin International Airport (COK),26.08,MMLP Coimbatore,109.34,Kottapuram Terminal,15.28,FCI Depot Kochi,44.41,"Paliyekkara Toll, National Highway 47",12.8
Velookkara (CT),Thrissur,594,627931,village,66,6.87,Bangalore-Mysore Road,230.35,IRINJALAKUDA,6.9,Balaramapuram,231.06,Cochin Port,40.21,ICD Kochi (Edappally),39.21,Petrapole ICP,1928.57,Cochin International Airport (COK),27.61,MMLP Coimbatore,111.92,Kottapuram Terminal,13.86,FCI Depot Kochi,43.97,"Paliyekkara Toll, National Highway 47",14.1
Pullur (CT),Thrissur,594,627928,village,544,7.4,Bangalore-Mysore Road,227.58,IRINJALAKUDA,4.84,Balaramapuram,232.59,Cochin Port,42.58,ICD Kochi (Edappally),41.26,Petrapole ICP,1925.52,Cochin International Airport (COK),28.14,MMLP Coimbatore,108.91,Kottapuram Terminal,16.64,FCI Depot Kochi,46.24,"Paliyekkara Toll, National Highway 47",11.25
Irinjalakuda,Thrissur,594,627896,village,66,8.59,Bangalore-Mysore Road,226.8,IRINJALAKUDA,7.53,Balaramapuram,234.78,Cochin Port,44.03,ICD Kochi (Edappally),43.03,Petrapole ICP,1926.15,Cochin International Airport (COK),30.76,MMLP Coimbatore,109.83,Kottapuram Terminal,17.52,FCI Depot Kochi,47.79,"Paliyekkara Toll, National Highway 47",10.85
Porathissery (CT),Thrissur,594,627925,village,544,7.96,Bangalore-Mysore Road,224.14,PUDUKAD,7.39,Balaramapuram,237.91,Cochin Port,47.06,ICD Kochi (Edappally),46.15,Petrapole ICP,1924.61,Cochin International Airport (COK),33.67,MMLP Coimbatore,108.65,Kottapuram Terminal,20.41,FCI Depot Kochi,50.86,"Paliyekkara Toll, National Highway 47",9.0
Madayikonam (CT),Thrissur,594,627926,village,544,6.14,Bangalore-Mysore Road,224.07,NELLAYI,5.61,Balaramapuram,236.56,Cochin Port,46.45,ICD Kochi (Edappally),45.23,Petrapole ICP,1923.39,Cochin International Airport (COK),31.83,MMLP Coimbatore,107.15,Kottapuram Terminal,20.17,FCI Depot Kochi,50.15,"Paliyekkara Toll, National Highway 47",8.01
Muriyad,Thrissur,594,627895,village,544,4.47,Bangalore-Mysore Road,225.53,IRINJALAKUDA,3.16,Balaramapuram,233.09,Cochin Port,44.19,ICD Kochi (Edappally),42.49,Petrapole ICP,1922.68,Cochin International Airport (COK),27.89,MMLP Coimbatore,106.01,Kottapuram Terminal,18.91,FCI Depot Kochi,47.72,"Paliyekkara Toll, National Highway 47",9.37
Anandapuram (CT),Thrissur,594,627894,village,544,3.25,Bangalore-Mysore Road,223.13,NELLAYI,2.2,Balaramapuram,235.35,Cochin Port,46.62,ICD Kochi (Edappally),44.92,Petrapole ICP,1920.84,Cochin International Airport (COK),29.93,MMLP Coimbatore,104.33,Kottapuram Terminal,21.21,FCI Depot Kochi,50.15,"Paliyekkara Toll, National Highway 47",6.93
Nellayi (CT),Thrissur,594,627893,village,544,0.24,Bangalore-Mysore Road,222.18,NELLAYI,1.71,Balaramapuram,234.5,Cochin Port,47.2,ICD Kochi (Edappally),45.08,Petrapole ICP,1918.47,Cochin International Airport (COK),28.72,MMLP Coimbatore,101.77,Kottapuram Terminal,22.74,FCI Depot Kochi,50.56,"Paliyekkara Toll, National Highway 47",7.3
Parappukkara (CT),Thrissur,594,627923,village,544,1.21,Bangalore-Mysore Road,220.82,NELLAYI,1.44,Balaramapuram,237.17,Cochin Port,48.88,ICD Kochi (Edappally),47.08,Petrapole ICP,1918.73,Cochin International Airport (COK),31.54,MMLP Coimbatore,102.34,Kottapuram Terminal,23.53,FCI Depot Kochi,52.38,"Paliyekkara Toll, National Highway 47",4.74
Thottippal (CT),Thrissur,594,627887,village,544,3.9,Bangalore-Mysore Road,221.07,PUDUKAD,3.22,Balaramapuram,238.79,Cochin Port,49.26,ICD Kochi (Edappally),47.87,Petrapole ICP,1920.56,Cochin International Airport (COK),33.56,MMLP Coimbatore,104.5,Kottapuram Terminal,23.15,FCI Depot Kochi,52.91,"Paliyekkara Toll, National Highway 47",5.02
Chengaloor (CT),Thrissur,594,627892,village,544,2.22,Bangalore-Mysore Road,219.62,NELLAYI,3.4,Balaramapuram,236.03,Cochin Port,49.67,ICD Kochi (Edappally),47.35,Petrapole ICP,1915.63,Cochin International Airport (COK),30.15,MMLP Coimbatore,98.96,Kottapuram Terminal,25.54,FCI Depot Kochi,52.96,"Paliyekkara Toll, National Highway 47",6.48
Thoravu (CT),Thrissur,594,627922,village,544,0.26,Bangalore-Mysore Road,218.83,PUDUKAD,1.37,Balaramapuram,238.64,Cochin Port,50.79,ICD Kochi (Edappally),48.9,Petrapole ICP,1916.82,Cochin International Airport (COK),32.86,MMLP Coimbatore,100.53,Kottapuram Terminal,25.55,FCI Depot Kochi,54.26,"Paliyekkara Toll, National Highway 47",3.15
Nenmanikkara (CT),Thrissur,594,627920,village,544,1.3,Bangalore-Mysore Road,217.56,PUDUKAD,1.65,Balaramapuram,241.06,Cochin Port,52.45,ICD Kochi (Edappally),50.81,Petrapole ICP,1916.96,Cochin International Airport (COK),35.4,MMLP Coimbatore,101.04,Kottapuram Terminal,26.64,FCI Depot Kochi,56.02,"Paliyekkara Toll, National Highway 47",1.35
Amballur (CT),Thrissur,594,627921,village,544,2.58,Bangalore-Mysore Road,216.97,PUDUKAD,3.59,Balaramapuram,239.3,Cochin Port,52.45,ICD Kochi (Edappally),50.32,Petrapole ICP,1914.33,Cochin International Airport (COK),33.41,MMLP Coimbatore,97.98,Kottapuram Terminal,27.67,FCI Depot Kochi,55.82,"Paliyekkara Toll, National Highway 47",3.7
Kallur (CT),Thrissur,594,627888,village,544,6.58,Bangalore-Mysore Road,213.43,PUDUKAD,7.84,Balaramapuram,240.99,Cochin Port,55.83,ICD Kanjikode (Palakkad),48.09,Petrapole ICP,1909.94,Cochin International Airport (COK),35.27,MMLP Coimbatore,93.56,Kottapuram Terminal,31.71,FCI Depot Kochi,59.06,"Paliyekkara Toll, National Highway 47",6.91
Trikkur (CT),Thrissur,594,627919,village,544,1.96,Bangalore-Mysore Road,213.94,THRISSUR OLLUR HALT,4.45,Balaramapuram,243.11,Cochin Port,55.72,ICD Kanjikode (Palakkad),51.11,Petrapole ICP,1912.9,Cochin International Airport (COK),37.23,MMLP Coimbatore,97.06,Kottapuram Terminal,30.35,FCI Depot Kochi,59.18,"Paliyekkara Toll, National Highway 47",2.72
Varandarappilly (CT),Thrissur,594,627889,village,544,5.96,Bangalore-Mysore Road,217.02,NELLAYI,7.11,Balaramapuram,236.93,Cochin Port,52.23,ICD Kochi (Edappally),49.58,Petrapole ICP,1912.02,Cochin International Airport (COK),31.21,MMLP Coimbatore,95.27,Kottapuram Terminal,28.87,FCI Depot Kochi,55.37,"Paliyekkara Toll, National Highway 47",8.26
Mupliyam,Thrissur,594,627890,village,544,5.81,Bangalore-Mysore Road,218.45,NELLAYI,8.03,Balaramapuram,234.76,Cochin Port,50.87,ICD Kochi (Edappally),48.02,Petrapole ICP,1912.24,Cochin International Airport (COK),29.17,MMLP Coimbatore,95.32,Kottapuram Terminal,28.31,FCI Depot Kochi,53.91,"Paliyekkara Toll, National Highway 47",10.35
Nandipulam (CT),Thrissur,594,627891,village,544,3.14,Bangalore-Mysore Road,220.15,NELLAYI,4.97,Balaramapuram,234.58,Cochin Port,49.09,ICD Kochi (Edappally),46.54,Petrapole ICP,1915.08,Cochin International Airport (COK),28.72,MMLP Coimbatore,98.25,Kottapuram Terminal,25.67,FCI Depot Kochi,52.27,"Paliyekkara Toll, National Highway 47",8.44
Mattathur (CT),Thrissur,594,627899,village,544,3.84,Bangalore-Mysore Road,221.35,NELLAYI,7.79,Balaramapuram,232.08,Cochin Port,48.01,ICD Kochi (Edappally),45.11,Petrapole ICP,1914.53,Cochin International Airport (COK),26.37,MMLP Coimbatore,97.51,Kottapuram Terminal,25.89,FCI Depot Kochi,51.02,"Paliyekkara Toll, National Highway 47",11.64
Kodakara (CT),Thrissur,594,627898,village,544,0.36,Bangalore-Mysore Road,224.47,IRINJALAKUDA,4.15,Balaramapuram,230.93,Cochin Port,44.77,ICD Kochi (Edappally),42.28,Petrapole ICP,1918.83,Cochin International Airport (COK),25.06,MMLP Coimbatore,101.86,Kottapuram Terminal,21.67,FCI Depot Kochi,47.97,"Paliyekkara Toll, National Highway 47",11.05
Kallettumkara (CT),Thrissur,594,627927,village,544,3.88,Bangalore-Mysore Road,226.15,IRINJALAKUDA,1.32,Balaramapuram,231.54,Cochin Port,43.32,ICD Kochi (Edappally),41.38,Petrapole ICP,1922.27,Cochin International Airport (COK),26.13,MMLP Coimbatore,105.44,Kottapuram Terminal,18.71,FCI Depot Kochi,46.75,"Paliyekkara Toll, National Highway 47",10.48
Thazhekkad (CT),Thrissur,594,627906,village,544,5.27,Bangalore-Mysore Road,230.08,IRINJALAKUDA,2.87,Balaramapuram,227.77,Cochin Port,39.32,ICD Kochi (Edappally),37.36,Petrapole ICP,1925.23,Cochin International Airport (COK),22.75,MMLP Coimbatore,108.24,Kottapuram Terminal,15.29,FCI Depot Kochi,42.73,"Paliyekkara Toll, National Highway 47",14.48
Aloor (CT),Thrissur,594,627905,village,544,2.85,Bangalore-Mysore Road,229.12,IRINJALAKUDA,2.97,Balaramapuram,227.39,Cochin Port,40.13,ICD Kochi (Edappally),37.82,Petrapole ICP,1923.27,Cochin International Airport (COK),21.87,MMLP Coimbatore,106.22,Kottapuram Terminal,17.13,FCI Depot Kochi,43.4,Ernakulam Toll Plaza,14.15
Annallur (CT),Thrissur,594,627912,village,544,4.96,Bangalore-Mysore Road,233.18,CHALAKUDI,3.93,Balaramapuram,223.96,Cochin Port,36.07,ICD Kochi (Edappally),33.84,Petrapole ICP,1926.76,Cochin International Airport (COK),19.04,MMLP Coimbatore,109.66,Kottapuram Terminal,13.72,FCI Depot Kochi,39.36,Ernakulam Toll Plaza,11.71
Vadakkumbhagam (CT),Thrissur,594,627911,village,544,7.15,Bangalore-Mysore Road,234.68,CHALAKUDI,6.22,Balaramapuram,223.64,Cochin Port,34.69,ICD Kochi (Edappally),32.78,Petrapole ICP,1928.93,Cochin International Airport (COK),19.53,MMLP Coimbatore,111.84,Kottapuram Terminal,11.5,FCI Depot Kochi,38.11,Ernakulam Toll Plaza,12.66
Vadama (CT),Thrissur,594,627939,village,66,7.48,Bangalore-Mysore Road,237.47,CHALAKUDI,8.67,Balaramapuram,221.62,Cochin Port,31.97,ICD Kochi (Edappally),30.27,Petrapole ICP,1931.62,Cochin International Airport (COK),18.66,MMLP Coimbatore,114.52,Kottapuram Terminal,8.96,FCI Depot Kochi,35.46,Ernakulam Toll Plaza,12.57
Kuruvilassery (CT),Thrissur,594,627916,village,544,8.07,Bangalore-Mysore Road,238.5,DIVINE NAGAR,8.0,Balaramapuram,219.45,Cochin Port,30.76,ICD Kochi (Edappally),28.63,Petrapole ICP,1931.3,Cochin International Airport (COK),16.07,MMLP Coimbatore,114.19,Kottapuram Terminal,10.09,FCI Depot Kochi,34.07,Ernakulam Toll Plaza,10.13
Kakkulissery,Thrissur,594,627917,village,66,8.62,Bangalore-Mysore Road,241.77,KORATTI ANGADI,9.99,Balaramapuram,216.42,Cochin Port,27.48,ICD Kochi (Edappally),25.33,Petrapole ICP,1933.83,Cochin International Airport (COK),14.42,MMLP Coimbatore,116.76,Kottapuram Terminal,9.26,FCI Depot Kochi,30.77,Ernakulam Toll Plaza,9.97
Thirumukkulam,Thrissur,594,627918,village,66,8.0,Bangalore-Mysore Road,243.37,ANGAMALI,9.82,Balaramapuram,214.58,Cochin Port,25.88,ICD Kochi (Edappally),23.56,Petrapole ICP,1934.72,Cochin International Airport (COK),13.18,MMLP Coimbatore,117.7,Kottapuram Terminal,9.92,FCI Depot Kochi,29.08,Ernakulam Toll Plaza,9.69
Kallur Thekkummuri (CT),Thrissur,594,627940,village,544,3.82,Bangalore-Mysore Road,237.79,KORATTI ANGADI,3.65,Balaramapuram,217.07,Cochin Port,31.85,ICD Kochi (Edappally),28.64,Petrapole ICP,1927.71,Cochin International Airport (COK),11.73,MMLP Coimbatore,110.73,Aluva Terminal,15.11,FCI Depot Kochi,34.65,Ernakulam Toll Plaza,4.6
Alathur,Thrissur,594,627915,village,544,6.1,Bangalore-Mysore Road,238.35,KORATTI ANGADI,6.2,Balaramapuram,218.23,Cochin Port,30.94,ICD Kochi (Edappally),28.32,Petrapole ICP,1929.86,Cochin International Airport (COK),13.93,MMLP Coimbatore,112.79,Kottapuram Terminal,12.35,FCI Depot Kochi,34.03,Ernakulam Toll Plaza,7.62
Kadukutty (CT),Thrissur,594,627938,village,544,3.82,Bangalore-Mysore Road,235.1,DIVINE NAGAR,3.65,Balaramapuram,220.89,Cochin Port,34.19,ICD Kochi (Edappally),31.51,Petrapole ICP,1926.98,Cochin International Airport (COK),15.72,MMLP Coimbatore,109.88,Kottapuram Terminal,14.29,FCI Depot Kochi,37.27,Ernakulam Toll Plaza,8.39
Muringoor Thekkummuri (CT),Thrissur,594,627937,village,544,0.45,Bangalore-Mysore Road,233.59,KORATTI ANGADI,1.09,Balaramapuram,220.04,Cochin Port,36.23,ICD Kochi (Edappally),32.86,Petrapole ICP,1923.42,Cochin International Airport (COK),14.16,MMLP Coimbatore,106.4,Kottapuram Terminal,18.67,FCI Depot Kochi,38.96,Ernakulam Toll Plaza,6.35
Muringoor Vadakkummuri (CT),Thrissur,594,627936,village,544,0.25,Bangalore-Mysore Road,231.94,DIVINE NAGAR,0.19,Balaramapuram,222.55,Cochin Port,37.52,ICD Kochi (Edappally),34.5,Petrapole ICP,1923.2,Cochin International Airport (COK),16.72,MMLP Coimbatore,106.1,Kottapuram Terminal,17.92,FCI Depot Kochi,40.44,Ernakulam Toll Plaza,8.91
Kizhakkummuri (CT),Thrissur,594,627914,village,544,1.4,Bangalore-Mysore Road,234.14,KORATTI ANGADI,2.36,Balaramapuram,218.27,Cochin Port,36.32,ICD Kochi (Edappally),32.54,Petrapole ICP,1922.42,Cochin International Airport (COK),12.51,MMLP Coimbatore,105.53,Aluva Terminal,18.1,FCI Depot Kochi,38.8,Ernakulam Toll Plaza,5.07
Meloor,Thrissur,594,627913,village,544,4.29,Bangalore-Mysore Road,230.59,KORATTI ANGADI,4.61,Balaramapuram,221.43,Cochin Port,39.74,ICD Kochi (Edappally),36.06,Petrapole ICP,1919.47,Cochin International Airport (COK),15.89,MMLP Coimbatore,102.47,Aluva Terminal,21.65,FCI Depot Kochi,42.29,Ernakulam Toll Plaza,8.62
East Chalakkudy,Thrissur,594,913639,village,544,0.39,Bangalore-Mysore Road,229.56,CHALAKUDI,1.87,Balaramapuram,224.75,Cochin Port,39.86,ICD Kochi (Edappally),36.9,Petrapole ICP,1921.32,Cochin International Airport (COK),18.87,MMLP Coimbatore,104.21,Kottapuram Terminal,19.4,FCI Depot Kochi,42.82,Ernakulam Toll Plaza,11.06
West Chalakkudy,Thrissur,594,913638,village,544,1.96,Bangalore-Mysore Road,231.79,CHALAKUDI,1.24,Balaramapuram,223.73,Cochin Port,37.49,ICD Kochi (Edappally),34.8,Petrapole ICP,1924.16,Cochin International Airport (COK),18.1,MMLP Coimbatore,107.05,Kottapuram Terminal,16.54,FCI Depot Kochi,40.58,Ernakulam Toll Plaza,10.38
Perambra,Thrissur,594,913636,village,544,0.53,Bangalore-Mysore Road,227.94,CHALAKUDI,2.78,Balaramapuram,227.37,Cochin Port,41.32,ICD Kochi (Edappally),38.7,Petrapole ICP,1921.22,Cochin International Airport (COK),21.56,MMLP Coimbatore,104.14,Kottapuram Terminal,19.19,FCI Depot Kochi,44.45,Ernakulam Toll Plaza,13.74
Potta,Thrissur,594,913637,village,544,1.19,Bangalore-Mysore Road,227.64,CHALAKUDI,3.11,Balaramapuram,226.69,Cochin Port,41.72,ICD Kochi (Edappally),38.84,Petrapole ICP,1919.97,Cochin International Airport (COK),20.8,MMLP Coimbatore,102.87,Kottapuram Terminal,20.53,FCI Depot Kochi,44.73,Ernakulam Toll Plaza,13.0
Elinjipra (CT),Thrissur,594,627904,village,544,3.07,Bangalore-Mysore Road,227.59,CHALAKUDI,4.53,Balaramapuram,225.57,Cochin Port,42.04,ICD Kochi (Edappally),38.84,Petrapole ICP,1918.67,Cochin International Airport (COK),19.78,MMLP Coimbatore,101.56,Kottapuram Terminal,22.1,FCI Depot Kochi,44.88,Ernakulam Toll Plaza,12.13
Kodassery,Thrissur,594,627902,village,544,5.96,Bangalore-Mysore Road,223.82,CHALAKUDI,8.34,Balaramapuram,228.2,Cochin Port,46.01,ICD Kochi (Edappally),42.66,Petrapole ICP,1914.68,Cochin International Airport (COK),22.86,MMLP Coimbatore,97.57,Kottapuram Terminal,25.92,FCI Depot Kochi,48.77,Ernakulam Toll Plaza,15.51
Kuttichira,Thrissur,594,627901,village,544,11.28,Bangalore-Mysore Road,224.61,DIVINE NAGAR,12.15,Balaramapuram,224.71,Cochin Port,46.86,ICD Kochi (Edappally),42.79,Petrapole ICP,1911.83,Cochin International Airport (COK),21.32,MMLP Coimbatore,94.88,Aluva Terminal,28.05,FCI Depot Kochi,49.17,Ernakulam Toll Plaza,15.31
Vellikulangara,Thrissur,594,627900,village,544,9.98,Bangalore-Mysore Road,220.51,CHALAKUDI,12.74,Balaramapuram,229.86,Cochin Port,49.84,ICD Kochi (Edappally),46.22,Petrapole ICP,1910.32,Cochin International Airport (COK),25.55,MMLP Coimbatore,93.21,Kottapuram Terminal,30.33,FCI Depot Kochi,52.45,"Paliyekkara Toll, National Highway 47",17.4
Athirappally,Thrissur,594,916115,village,544,23.67,Bangalore-Mysore Road,220.42,KORATTI ANGADI,24.39,Balaramapuram,224.11,Cochin Port,56.23,ICD Kanjikode (Palakkad),47.25,Petrapole ICP,1901.09,Cochin International Airport (COK),29.06,MMLP Coimbatore,84.99,Aluva Terminal,36.61,FCI Depot Kochi,57.84,Ernakulam Toll Plaza,25.71
Kizhuppillikkara (CT),Thrissur,594,627868,village,66,2.88,Bangalore-Mysore Road,224.12,PUDUKAD,13.15,Balaramapuram,242.23,Cochin Port,49.83,ICD Kochi (Edappally),49.73,Petrapole ICP,1927.86,Cochin International Airport (COK),39.57,MMLP Coimbatore,112.87,Kottapuram Terminal,22.94,FCI Depot Kochi,53.84,"Paliyekkara Toll, National Highway 47",13.79
Thanniam (CT),Thrissur,594,627869,village,66,2.38,Bangalore-Mysore Road,223.14,THRISSUR OLLUR HALT,13.54,Balaramapuram,243.96,Cochin Port,51.42,ICD Kochi (Edappally),51.41,Petrapole ICP,1927.68,Cochin International Airport (COK),41.39,MMLP Coimbatore,113.05,Kottapuram Terminal,24.57,FCI Depot Kochi,55.45,"Paliyekkara Toll, National Highway 47",14.55
Kurumbilavu (CT),Thrissur,594,627867,village,66,5.07,Bangalore-Mysore Road,221.62,THRISSUR OLLUR HALT,10.9,Balaramapuram,243.72,Cochin Port,51.74,ICD Kochi (Edappally),51.41,Petrapole ICP,1925.31,Cochin International Airport (COK),40.25,MMLP Coimbatore,110.46,Kottapuram Terminal,24.8,FCI Depot Kochi,55.7,"Paliyekkara Toll, National Highway 47",11.85
Inchamudi,Thrissur,594,627823,village,66,6.91,Bangalore-Mysore Road,221.05,THRISSUR OLLUR HALT,9.23,Balaramapuram,242.95,Cochin Port,51.46,ICD Kochi (Edappally),50.88,Petrapole ICP,1923.89,Cochin International Airport (COK),38.95,MMLP Coimbatore,108.79,Kottapuram Terminal,24.56,FCI Depot Kochi,55.36,"Paliyekkara Toll, National Highway 47",9.85
Cherpu (CT),Thrissur,594,627862,village,544,6.87,Bangalore-Mysore Road,219.18,THRISSUR OLLUR HALT,6.43,Balaramapuram,243.06,Cochin Port,52.39,ICD Kochi (Edappally),51.46,Petrapole ICP,1921.16,Cochin International Airport (COK),38.31,MMLP Coimbatore,105.9,Kottapuram Terminal,25.67,FCI Depot Kochi,56.19,"Paliyekkara Toll, National Highway 47",6.95
Oorakam (CT),Thrissur,594,627866,village,544,5.93,Bangalore-Mysore Road,219.63,PUDUKAD,5.62,Balaramapuram,241.87,Cochin Port,51.52,ICD Kochi (Edappally),50.46,Petrapole ICP,1920.9,Cochin International Airport (COK),36.96,MMLP Coimbatore,105.39,Kottapuram Terminal,24.94,FCI Depot Kochi,55.28,"Paliyekkara Toll, National Highway 47",5.96
Arattupuzha (CT),Thrissur,594,627824,village,544,4.66,Bangalore-Mysore Road,219.68,PUDUKAD,3.95,Balaramapuram,240.84,Cochin Port,50.99,ICD Kochi (Edappally),49.74,Petrapole ICP,1920.13,Cochin International Airport (COK),35.68,MMLP Coimbatore,104.38,Kottapuram Terminal,24.64,FCI Depot Kochi,54.69,"Paliyekkara Toll, National Highway 47",4.68
Vallachira (CT),Thrissur,594,627865,village,544,3.1,Bangalore-Mysore Road,217.45,PUDUKAD,3.8,Balaramapuram,242.52,Cochin Port,53.09,ICD Kochi (Edappally),51.72,Petrapole ICP,1918.05,Cochin International Airport (COK),37.09,MMLP Coimbatore,102.46,Kottapuram Terminal,26.84,FCI Depot Kochi,56.75,"Paliyekkara Toll, National Highway 47",3.19
Edakkunni,Thrissur,594,913776,village,544,1.82,Bangalore-Mysore Road,214.71,THRISSUR OLLUR HALT,1.37,Balaramapuram,244.5,Cochin Port,55.64,ICD Kanjikode (Palakkad),53.83,Petrapole ICP,1915.41,Cochin International Airport (COK),38.83,MMLP Coimbatore,100.02,Kottapuram Terminal,29.54,FCI Depot Kochi,59.25,"Paliyekkara Toll, National Highway 47",2.96
Chevoor (CT),Thrissur,594,627864,village,544,5.14,Bangalore-Mysore Road,216.47,THRISSUR OLLUR HALT,3.69,Balaramapuram,244.76,Cochin Port,54.7,ICD Kochi (Edappally),53.57,Petrapole ICP,1918.38,Cochin International Airport (COK),39.53,MMLP Coimbatore,103.27,Kottapuram Terminal,28.15,FCI Depot Kochi,58.45,"Paliyekkara Toll, National Highway 47",5.47
Paralam (CT),Thrissur,594,627863,village,544,7.78,Bangalore-Mysore Road,217.8,THRISSUR OLLUR HALT,6.26,Balaramapuram,245.08,Cochin Port,54.2,ICD Kochi (Edappally),53.38,Petrapole ICP,1920.66,Cochin International Airport (COK),40.37,MMLP Coimbatore,105.78,Kottapuram Terminal,27.41,FCI Depot Kochi,58.04,"Paliyekkara Toll, National Highway 47",7.98
Pallippuram,Thrissur,594,627820,village,66,8.24,Bangalore-Mysore Road,217.34,THRISSUR OLLUR HALT,7.57,Balaramapuram,246.65,Cochin Port,55.36,ICD Kochi (Edappally),54.72,Petrapole ICP,1921.18,Cochin International Airport (COK),42.19,MMLP Coimbatore,106.69,Kottapuram Terminal,28.47,FCI Depot Kochi,59.25,"Paliyekkara Toll, National Highway 47",9.86
Alappad (CT),Thrissur,594,627821,village,66,6.61,Bangalore-Mysore Road,219.41,THRISSUR OLLUR HALT,9.15,Balaramapuram,245.29,Cochin Port,53.64,ICD Kochi (Edappally),53.16,Petrapole ICP,1923.22,Cochin International Airport (COK),41.29,MMLP Coimbatore,108.57,Kottapuram Terminal,26.72,FCI Depot Kochi,57.57,"Paliyekkara Toll, National Highway 47",10.75
Chazhoor (CT),Thrissur,594,627822,village,66,4.64,Bangalore-Mysore Road,219.47,THRISUR,10.97,Balaramapuram,246.79,Cochin Port,54.66,ICD Kochi (Edappally),54.42,Petrapole ICP,1924.39,Cochin International Airport (COK),43.29,MMLP Coimbatore,110.18,Kottapuram Terminal,27.74,FCI Depot Kochi,58.65,"Paliyekkara Toll, National Highway 47",13.13
Kizhakkummuri (CT),Thrissur,594,627861,village,66,3.07,Bangalore-Mysore Road,221.05,THRISSUR OLLUR HALT,12.68,Balaramapuram,246.04,Cochin Port,53.61,ICD Kochi (Edappally),53.54,Petrapole ICP,1926.13,Cochin International Airport (COK),43.07,MMLP Coimbatore,111.87,Kottapuram Terminal,26.74,FCI Depot Kochi,57.63,"Paliyekkara Toll, National Highway 47",14.32
Vadakkummuri (CT),Thrissur,594,627860,village,66,1.77,Bangalore-Mysore Road,221.18,THRISUR,13.61,Balaramapuram,246.96,Cochin Port,54.27,ICD Kochi (Edappally),54.37,Petrapole ICP,1926.95,Cochin International Airport (COK),44.37,MMLP Coimbatore,112.97,Kottapuram Terminal,27.49,FCI Depot Kochi,58.34,"Paliyekkara Toll, National Highway 47",15.85
Padiyam (CT),Thrissur,594,627859,village,66,1.92,Bangalore-Mysore Road,218.9,THRISUR,13.0,Balaramapuram,249.95,Cochin Port,57.23,ICD Kochi (Edappally),57.36,Petrapole ICP,1925.73,Cochin International Airport (COK),47.18,MMLP Coimbatore,112.44,Kottapuram Terminal,30.48,FCI Depot Kochi,61.3,"Paliyekkara Toll, National Highway 47",17.12
Anthikkad (CT),Thrissur,594,627858,village,66,4.17,Bangalore-Mysore Road,218.19,THRISUR,10.82,Balaramapuram,248.88,Cochin Port,56.6,ICD Kochi (Edappally),56.46,Petrapole ICP,1924.0,Cochin International Airport (COK),45.43,MMLP Coimbatore,110.3,Kottapuram Terminal,29.7,FCI Depot Kochi,60.61,"Paliyekkara Toll, National Highway 47",14.55
Pullu,Thrissur,594,627819,village,66,6.61,Bangalore-Mysore Road,217.13,THRISUR,8.63,Balaramapuram,248.21,Cochin Port,56.47,ICD Kochi (Edappally),56.05,Petrapole ICP,1922.02,Cochin International Airport (COK),44.11,MMLP Coimbatore,107.98,Kottapuram Terminal,29.54,FCI Depot Kochi,60.42,"Paliyekkara Toll, National Highway 47",12.09
Kodannur (CT),Thrissur,594,627857,village,544,8.97,Bangalore-Mysore Road,215.75,THRISUR,6.34,Balaramapuram,247.81,Cochin Port,56.77,ICD Kochi (Edappally),56.04,Petrapole ICP,1919.69,Cochin International Airport (COK),43.08,MMLP Coimbatore,105.37,Kottapuram Terminal,29.91,FCI Depot Kochi,60.63,"Paliyekkara Toll, National Highway 47",9.63
Venginissery (CT),Thrissur,594,627856,village,544,6.43,Bangalore-Mysore Road,215.14,THRISSUR OLLUR HALT,4.23,Balaramapuram,246.83,Cochin Port,56.49,ICD Kochi (Edappally),55.48,Petrapole ICP,1918.01,Cochin International Airport (COK),41.67,MMLP Coimbatore,103.32,Kottapuram Terminal,29.8,FCI Depot Kochi,60.27,"Paliyekkara Toll, National Highway 47",7.24
Palissery (CT),Thrissur,594,627855,village,544,4.81,Bangalore-Mysore Road,214.72,THRISSUR OLLUR HALT,2.62,Balaramapuram,246.25,Cochin Port,56.41,ICD Kochi (Edappally),55.22,Petrapole ICP,1916.89,Cochin International Airport (COK),40.86,MMLP Coimbatore,101.98,Kottapuram Terminal,29.89,FCI Depot Kochi,60.14,"Paliyekkara Toll, National Highway 47",5.79
Avinissery (CT),Thrissur,594,627854,village,544,3.32,Bangalore-Mysore Road,214.53,THRISSUR OLLUR HALT,1.32,Balaramapuram,245.54,Cochin Port,56.18,ICD Kanjikode (Palakkad),54.61,Petrapole ICP,1916.02,Cochin International Airport (COK),39.99,MMLP Coimbatore,100.89,Kottapuram Terminal,29.85,FCI Depot Kochi,59.86,"Paliyekkara Toll, National Highway 47",4.45
Marathakkara (CT),Thrissur,594,627852,village,544,0.18,Bangalore-Mysore Road,212.37,THRISSUR OLLUR HALT,2.22,Balaramapuram,245.8,Cochin Port,57.69,ICD Kanjikode (Palakkad),51.24,Petrapole ICP,1912.79,Cochin International Airport (COK),39.97,MMLP Coimbatore,97.47,Kottapuram Terminal,31.84,FCI Depot Kochi,61.24,"Paliyekkara Toll, National Highway 47",4.17
Puthur (CT),Thrissur,594,627853,village,544,5.06,Bangalore-Mysore Road,211.13,THRISSUR OLLUR HALT,7.41,Balaramapuram,244.15,Cochin Port,58.24,ICD Kanjikode (Palakkad),47.34,Petrapole ICP,1909.17,Cochin International Airport (COK),38.36,MMLP Coimbatore,93.24,Kottapuram Terminal,33.46,FCI Depot Kochi,61.57,"Paliyekkara Toll, National Highway 47",6.49
Mannamangalam,Thrissur,594,627817,village,544,8.22,Bangalore-Mysore Road,210.26,PUDUKAD,11.36,Balaramapuram,242.88,Cochin Port,58.99,ICD Kanjikode (Palakkad),44.45,Petrapole ICP,1906.29,Cochin International Airport (COK),37.53,MMLP Coimbatore,89.97,Kottapuram Terminal,35.25,FCI Depot Kochi,62.13,"Paliyekkara Toll, National Highway 47",10.07
Peechi,Thrissur,594,627816,village,544,6.21,Bangalore-Mysore Road,205.72,THRISSUR OLLUR HALT,18.21,Balaramapuram,244.46,Cochin Port,63.89,ICD Kanjikode (Palakkad),37.84,Petrapole ICP,1899.57,Cochin International Airport (COK),40.6,MMLP Coimbatore,83.03,Kottapuram Terminal,41.38,FCI Depot Kochi,66.78,Panniyankara,10.8
Mulayam,Thrissur,594,627818,village,544,2.35,Bangalore-Mysore Road,206.95,THRISSUR OLLUR HALT,8.37,Balaramapuram,248.64,Cochin Port,62.56,ICD Kanjikode (Palakkad),44.93,Petrapole ICP,1906.46,Cochin International Airport (COK),42.88,MMLP Coimbatore,91.22,Kottapuram Terminal,37.38,FCI Depot Kochi,65.95,"Paliyekkara Toll, National Highway 47",9.6
Kainoor,Thrissur,594,627844,village,544,4.3,Bangalore-Mysore Road,209.23,THRISSUR OLLUR HALT,7.28,Balaramapuram,246.34,Cochin Port,60.22,ICD Kanjikode (Palakkad),46.38,Petrapole ICP,1908.09,Cochin International Airport (COK),40.54,MMLP Coimbatore,92.5,Kottapuram Terminal,35.18,FCI Depot Kochi,63.59,"Paliyekkara Toll, National Highway 47",7.62
Kozhukkully (CT),Thrissur,594,627843,village,544,2.2,Bangalore-Mysore Road,208.13,THRISSUR OLLUR HALT,6.46,Balaramapuram,248.49,Cochin Port,61.6,ICD Kanjikode (Palakkad),46.85,Petrapole ICP,1908.29,Cochin International Airport (COK),42.63,MMLP Coimbatore,93.18,Kottapuram Terminal,36.1,FCI Depot Kochi,65.06,"Paliyekkara Toll, National Highway 47",8.22
Nadathara (CT),Thrissur,594,627845,village,544,0.83,Bangalore-Mysore Road,209.17,THRISSUR OLLUR HALT,4.95,Balaramapuram,248.25,Cochin Port,60.76,ICD Kanjikode (Palakkad),48.41,Petrapole ICP,1909.79,Cochin International Airport (COK),42.37,MMLP Coimbatore,94.76,Kottapuram Terminal,35.03,FCI Depot Kochi,64.27,"Paliyekkara Toll, National Highway 47",7.22
Ollur,Thrissur,594,913772,village,544,1.4,Bangalore-Mysore Road,210.72,THRISSUR OLLUR HALT,2.84,Balaramapuram,248.05,Cochin Port,59.62,ICD Kanjikode (Palakkad),50.87,Petrapole ICP,1912.13,Cochin International Airport (COK),42.23,MMLP Coimbatore,97.24,Kottapuram Terminal,33.55,FCI Depot Kochi,63.22,"Paliyekkara Toll, National Highway 47",6.31
Chiyyaram,Thrissur,594,913771,village,544,3.9,Bangalore-Mysore Road,211.42,THRISUR,2.63,Balaramapuram,248.83,Cochin Port,59.52,ICD Kanjikode (Palakkad),52.9,Petrapole ICP,1913.9,Cochin International Airport (COK),43.18,MMLP Coimbatore,99.35,Kottapuram Terminal,33.11,FCI Depot Kochi,63.21,"Paliyekkara Toll, National Highway 47",7.24
Kanimangalam,Thrissur,594,913769,village,544,6.55,Bangalore-Mysore Road,212.97,THRISUR,3.21,Balaramapuram,248.95,Cochin Port,58.74,ICD Kanjikode (Palakkad),55.6,Petrapole ICP,1916.38,Cochin International Airport (COK),43.64,MMLP Coimbatore,102.08,Kottapuram Terminal,32.06,FCI Depot Kochi,62.52,"Paliyekkara Toll, National Highway 47",8.43
Koorkkanchery,Thrissur,594,913775,village,544,6.17,Bangalore-Mysore Road,211.4,THRISUR,1.64,Balaramapuram,250.2,Cochin Port,60.22,ICD Kanjikode (Palakkad),54.36,Petrapole ICP,1914.97,Cochin International Airport (COK),44.75,MMLP Coimbatore,100.87,Kottapuram Terminal,33.58,FCI Depot Kochi,63.98,"Paliyekkara Toll, National Highway 47",9.12
Aranattukara,Thrissur,594,913767,village,544,7.99,Bangalore-Mysore Road,211.32,THRISUR,2.64,Balaramapuram,251.38,Cochin Port,60.92,ICD Kanjikode (Palakkad),55.53,Petrapole ICP,1915.78,Cochin International Airport (COK),46.12,MMLP Coimbatore,102.06,Kottapuram Terminal,34.14,FCI Depot Kochi,64.74,"Paliyekkara Toll, National Highway 47",10.8
Manakody (CT),Thrissur,594,627851,village,66,9.46,Bangalore-Mysore Road,214.11,THRISUR,5.51,Balaramapuram,249.91,Cochin Port,58.78,ICD Kochi (Edappally),58.1,Petrapole ICP,1918.83,Cochin International Airport (COK),45.14,MMLP Coimbatore,104.98,Kottapuram Terminal,31.9,FCI Depot Kochi,62.67,"Paliyekkara Toll, National Highway 47",11.12
Veluthur (CT),Thrissur,594,627850,village,66,7.67,Bangalore-Mysore Road,214.73,THRISUR,7.25,Balaramapuram,250.6,Cochin Port,58.99,ICD Kochi (Edappally),58.52,Petrapole ICP,1920.24,Cochin International Airport (COK),46.22,MMLP Coimbatore,106.7,Kottapuram Terminal,32.06,FCI Depot Kochi,62.93,"Paliyekkara Toll, National Highway 47",12.92
Eravu (CT),Thrissur,594,627849,village,66,6.05,Bangalore-Mysore Road,214.81,THRISUR,8.8,Balaramapuram,251.78,Cochin Port,59.8,ICD Kochi (Edappally),59.52,Petrapole ICP,1921.18,Cochin International Airport (COK),47.74,MMLP Coimbatore,108.04,Kottapuram Terminal,32.88,FCI Depot Kochi,63.78,"Paliyekkara Toll, National Highway 47",14.87
Manalur (CT),Thrissur,594,627848,village,66,4.29,Bangalore-Mysore Road,215.37,AMALA NAGAR,10.38,Balaramapuram,252.51,Cochin Port,60.17,ICD Kochi (Edappally),60.08,Petrapole ICP,1922.48,Cochin International Airport (COK),48.9,MMLP Coimbatore,109.66,Kottapuram Terminal,33.3,FCI Depot Kochi,64.2,"Paliyekkara Toll, National Highway 47",16.65
Karamuck (CT),Thrissur,594,627847,village,66,2.33,Bangalore-Mysore Road,216.38,AMALA NAGAR,12.02,Balaramapuram,252.92,Cochin Port,60.23,ICD Kochi (Edappally),60.35,Petrapole ICP,1924.16,Cochin International Airport (COK),49.86,MMLP Coimbatore,111.59,Kottapuram Terminal,33.47,FCI Depot Kochi,64.3,"Paliyekkara Toll, National Highway 47",18.45
Parakkad (CT),Thrissur,594,627846,village,66,8.32,Bangalore-Mysore Road,212.76,THRISUR,6.65,Balaramapuram,252.57,Cochin Port,61.07,ICD Kanjikode (Palakkad),59.13,Petrapole ICP,1918.79,Cochin International Airport (COK),47.99,MMLP Coimbatore,105.68,Kottapuram Terminal,34.14,FCI Depot Kochi,65.0,"Paliyekkara Toll, National Highway 47",13.92
Pullazhi,Thrissur,594,913768,village,66,10.31,Bangalore-Mysore Road,210.92,THRISUR,5.05,Balaramapuram,253.38,Cochin Port,62.33,ICD Kanjikode (Palakkad),57.09,Petrapole ICP,1916.69,Cochin International Airport (COK),48.42,MMLP Coimbatore,103.63,Kottapuram Terminal,35.43,FCI Depot Kochi,66.21,"Paliyekkara Toll, National Highway 47",13.51
Ayyanthole,Thrissur,594,913764,village,544,8.26,Bangalore-Mysore Road,208.15,PUNKUNNAM,2.76,Balaramapuram,254.48,Cochin Port,64.22,ICD Kanjikode (Palakkad),53.83,Petrapole ICP,1913.4,Cochin International Airport (COK),49.04,MMLP Coimbatore,100.37,Kottapuram Terminal,37.45,FCI Depot Kochi,68.03,"Paliyekkara Toll, National Highway 47",13.28
Adat (CT),Thrissur,594,627842,village,66,9.41,Bangalore-Mysore Road,209.63,AMALA NAGAR,4.58,Balaramapuram,256.04,Cochin Port,64.61,ICD Kanjikode (Palakkad),57.98,Petrapole ICP,1916.71,Cochin International Airport (COK),51.26,MMLP Coimbatore,104.48,Kottapuram Terminal,37.68,FCI Depot Kochi,68.54,"Paliyekkara Toll, National Highway 47",16.44
Chalakkal,Thrissur,594,627814,village,66,8.96,Bangalore-Mysore Road,208.68,AMALA NAGAR,4.89,Balaramapuram,257.76,Cochin Port,66.15,ICD Kanjikode (Palakkad),58.42,Petrapole ICP,1916.54,Cochin International Airport (COK),53.06,MMLP Coimbatore,104.87,Kottapuram Terminal,39.22,FCI Depot Kochi,70.11,"Paliyekkara Toll, National Highway 47",18.25
Puranattukara (CT),Thrissur,594,627840,village,544,11.06,Bangalore-Mysore Road,207.52,AMALA NAGAR,2.02,Balaramapuram,256.75,Cochin Port,65.89,ICD Kanjikode (Palakkad),55.42,Petrapole ICP,1914.15,Cochin International Airport (COK),51.55,MMLP Coimbatore,101.92,Kottapuram Terminal,39.01,FCI Depot Kochi,69.77,"Paliyekkara Toll, National Highway 47",16.05
Puzhakkal (CT),Thrissur,594,627839,village,544,9.56,Bangalore-Mysore Road,206.49,AMALA NAGAR,1.04,Balaramapuram,256.68,Cochin Port,66.29,ICD Kanjikode (Palakkad),53.67,Petrapole ICP,1912.58,Cochin International Airport (COK),51.24,MMLP Coimbatore,100.17,Kottapuram Terminal,39.47,FCI Depot Kochi,70.12,"Paliyekkara Toll, National Highway 47",15.44
Chittilappilly (CT),Thrissur,594,627841,village,66,11.41,Bangalore-Mysore Road,206.36,AMALA NAGAR,2.65,Balaramapuram,258.75,Cochin Port,67.67,ICD Kanjikode (Palakkad),55.9,Petrapole ICP,1913.89,Cochin International Airport (COK),53.62,MMLP Coimbatore,102.31,Kottapuram Terminal,40.76,FCI Depot Kochi,71.58,"Paliyekkara Toll, National Highway 47",18.15
Kuttur (CT),Thrissur,594,627838,village,544,8.55,Bangalore-Mysore Road,204.65,AMALA NAGAR,2.13,Balaramapuram,257.42,Cochin Port,67.58,ICD Kanjikode (Palakkad),51.5,Petrapole ICP,1910.38,Cochin International Airport (COK),51.76,MMLP Coimbatore,97.99,Kottapuram Terminal,40.87,FCI Depot Kochi,71.36,"Paliyekkara Toll, National Highway 47",15.77
"Viyyur
Viyyur
",Thrissur,594,913761,village,544,5.75,Bangalore-Mysore Road,204.46,PUNKUNNAM,3.09,Balaramapuram,255.82,Cochin Port,66.84,ICD Kanjikode (Palakkad),49.21,Petrapole ICP,1908.82,Cochin International Airport (COK),50.0,MMLP Coimbatore,95.75,Kottapuram Terminal,40.36,FCI Depot Kochi,70.53,"Paliyekkara Toll, National Highway 47",14.04
Poonkunnam,Thrissur,594,913765,village,544,5.63,Bangalore-Mysore Road,206.47,PUNKUNNAM,1.09,Balaramapuram,254.36,Cochin Port,65.0,ICD Kanjikode (Palakkad),50.88,Petrapole ICP,1910.75,Cochin International Airport (COK),48.63,MMLP Coimbatore,97.43,Kottapuram Terminal,38.45,FCI Depot Kochi,68.72,"Paliyekkara Toll, National Highway 47",12.62
Thrissur,Thrissur,594,913766,village,544,5.45,Bangalore-Mysore Road,208.39,PUNKUNNAM,0.88,Balaramapuram,252.57,Cochin Port,63.05,ICD Kanjikode (Palakkad),52.03,Petrapole ICP,1912.27,Cochin International Airport (COK),46.91,MMLP Coimbatore,98.57,Kottapuram Terminal,36.49,FCI Depot Kochi,66.78,"Paliyekkara Toll, National Highway 47",10.93
Chembookkavu,Thrissur,594,913770,village,544,3.84,Bangalore-Mysore Road,208.54,THRISUR,1.96,Balaramapuram,251.49,Cochin Port,62.44,ICD Kanjikode (Palakkad),51.02,Petrapole ICP,1911.61,Cochin International Airport (COK),45.73,MMLP Coimbatore,97.54,Kottapuram Terminal,36.04,FCI Depot Kochi,66.12,"Paliyekkara Toll, National Highway 47",9.72
Peringavu,Thrissur,594,913773,village,544,3.15,Bangalore-Mysore Road,207.33,PUNKUNNAM,2.36,Balaramapuram,252.21,Cochin Port,63.48,ICD Kanjikode (Palakkad),49.8,Petrapole ICP,1910.32,Cochin International Airport (COK),46.39,MMLP Coimbatore,96.33,Kottapuram Terminal,37.16,FCI Depot Kochi,67.13,"Paliyekkara Toll, National Highway 47",10.45
Ollukkara,Thrissur,594,913762,village,544,0.25,Bangalore-Mysore Road,206.61,PUNKUNNAM,5.93,Balaramapuram,250.88,Cochin Port,63.43,ICD Kanjikode (Palakkad),46.96,Petrapole ICP,1907.99,Cochin International Airport (COK),44.99,MMLP Coimbatore,93.43,Kottapuram Terminal,37.6,FCI Depot Kochi,66.95,"Paliyekkara Toll, National Highway 47",9.87
Nettissery,Thrissur,594,913763,village,544,1.86,Bangalore-Mysore Road,205.66,PUNKUNNAM,4.35,Balaramapuram,252.72,Cochin Port,64.74,ICD Kanjikode (Palakkad),47.5,Petrapole ICP,1908.1,Cochin International Airport (COK),46.84,MMLP Coimbatore,94.03,Kottapuram Terminal,38.65,FCI Depot Kochi,68.32,"Paliyekkara Toll, National Highway 47",11.29
Avanur (CT),Thrissur,594,627827,village,544,12.04,Bangalore-Mysore Road,201.61,MULANGUNNATHUKAVU,3.68,Balaramapuram,261.43,Cochin Port,71.36,ICD Kanjikode (Palakkad),51.46,Petrapole ICP,1908.86,Cochin International Airport (COK),55.79,MMLP Coimbatore,97.73,Kottapuram Terminal,44.56,FCI Depot Kochi,75.17,"Paliyekkara Toll, National Highway 47",19.79
Peramangalam (CT),Thrissur,594,627832,village,544,12.06,Bangalore-Mysore Road,203.6,AMALA NAGAR,2.57,Balaramapuram,260.28,Cochin Port,69.78,ICD Kanjikode (Palakkad),53.28,Petrapole ICP,1910.95,Cochin International Airport (COK),54.81,MMLP Coimbatore,99.62,Kottapuram Terminal,42.92,FCI Depot Kochi,73.63,"Paliyekkara Toll, National Highway 47",18.93
Anjur (CT),Thrissur,594,627828,village,66,13.48,Bangalore-Mysore Road,201.84,AMALA NAGAR,5.12,Balaramapuram,262.83,Cochin Port,72.15,ICD Kanjikode (Palakkad),53.59,Petrapole ICP,1910.21,Cochin International Airport (COK),57.39,MMLP Coimbatore,99.75,Kottapuram Terminal,45.25,FCI Depot Kochi,76.02,"Paliyekkara Toll, National Highway 47",21.51
Kaiparambu (CT),Thrissur,594,627829,village,66,11.53,Bangalore-Mysore Road,202.47,AMALA NAGAR,6.51,Balaramapuram,263.75,Cochin Port,72.54,ICD Kanjikode (Palakkad),55.73,Petrapole ICP,1911.74,Cochin International Airport (COK),58.56,MMLP Coimbatore,101.81,Kottapuram Terminal,45.61,FCI Depot Kochi,76.47,"Paliyekkara Toll, National Highway 47",22.9
Edakkalathur (CT),Thrissur,594,627831,village,66,11.29,Bangalore-Mysore Road,204.13,AMALA NAGAR,4.55,Balaramapuram,261.58,Cochin Port,70.44,ICD Kanjikode (Palakkad),55.72,Petrapole ICP,1912.64,Cochin International Airport (COK),56.42,MMLP Coimbatore,101.96,Kottapuram Terminal,43.51,FCI Depot Kochi,74.35,"Paliyekkara Toll, National Highway 47",20.82
Tholur (CT),Thrissur,594,627830,village,66,9.48,Bangalore-Mysore Road,205.86,AMALA NAGAR,5.22,Balaramapuram,260.83,Cochin Port,69.3,ICD Kanjikode (Palakkad),57.54,Petrapole ICP,1914.6,Cochin International Airport (COK),55.95,MMLP Coimbatore,103.83,Kottapuram Terminal,42.37,FCI Depot Kochi,73.26,"Paliyekkara Toll, National Highway 47",20.72
Valapad (CT),Thrissur,594,627791,village,66,0.88,Bangalore-Mysore Road,226.81,PUDUKAD,16.86,Balaramapuram,241.95,Cochin Port,48.89,ICD Kochi (Edappally),49.27,Petrapole ICP,1931.5,Cochin International Airport (COK),40.85,MMLP Coimbatore,116.69,Kottapuram Terminal,22.34,FCI Depot Kochi,53.0,"Paliyekkara Toll, National Highway 47",17.61
Nattika (CT),Thrissur,594,627790,village,66,0.25,Bangalore-Mysore Road,222.45,THRISUR,15.53,Balaramapuram,247.04,Cochin Port,54.05,ICD Kochi (Edappally),54.38,Petrapole ICP,1928.77,Cochin International Airport (COK),45.18,MMLP Coimbatore,114.95,Kottapuram Terminal,27.45,FCI Depot Kochi,58.15,"Paliyekkara Toll, National Highway 47",17.78
Talikulam (CT),Thrissur,594,627811,village,66,1.0,Bangalore-Mysore Road,221.48,THRISUR,15.93,Balaramapuram,249.03,Cochin Port,55.91,ICD Kochi (Edappally),56.35,Petrapole ICP,1928.72,Cochin International Airport (COK),47.31,MMLP Coimbatore,115.4,Kottapuram Terminal,29.42,FCI Depot Kochi,60.03,"Paliyekkara Toll, National Highway 47",19.24
Vadanappally (CT),Thrissur,594,627810,village,66,0.29,Bangalore-Mysore Road,217.48,GURUVAYUR,13.32,Balaramapuram,253.89,Cochin Port,60.81,ICD Kochi (Edappally),61.22,Petrapole ICP,1926.28,Cochin International Airport (COK),51.65,MMLP Coimbatore,114.19,Kottapuram Terminal,34.29,FCI Depot Kochi,64.94,"Paliyekkara Toll, National Highway 47",21.2
Engandiyur (CT),Thrissur,594,627789,village,66,0.03,Bangalore-Mysore Road,214.7,GURUVAYUR,9.69,Balaramapuram,257.64,Cochin Port,64.54,ICD Kochi (Edappally),64.97,Petrapole ICP,1924.78,Cochin International Airport (COK),55.18,MMLP Coimbatore,113.77,Kottapuram Terminal,38.04,FCI Depot Kochi,68.67,"Paliyekkara Toll, National Highway 47",23.58
Kundazhiyur (CT),Thrissur,594,627788,village,66,2.33,Bangalore-Mysore Road,212.71,GURUVAYUR,8.67,Balaramapuram,258.24,Cochin Port,65.43,ICD Kanjikode (Palakkad),65.06,Petrapole ICP,1922.45,Cochin International Airport (COK),55.08,MMLP Coimbatore,111.46,Kottapuram Terminal,38.74,FCI Depot Kochi,69.52,"Paliyekkara Toll, National Highway 47",22.45
Venkitangu (CT),Thrissur,594,627809,village,66,4.54,Bangalore-Mysore Road,212.39,AMALA NAGAR,9.29,Balaramapuram,256.6,Cochin Port,64.17,ICD Kanjikode (Palakkad),62.85,Petrapole ICP,1920.98,Cochin International Airport (COK),52.89,MMLP Coimbatore,109.32,Kottapuram Terminal,37.34,FCI Depot Kochi,68.22,"Paliyekkara Toll, National Highway 47",19.71
Irimbranallur,Thrissur,594,627787,village,66,6.16,Bangalore-Mysore Road,212.39,AMALA NAGAR,7.88,Balaramapuram,255.07,Cochin Port,62.99,ICD Kanjikode (Palakkad),61.22,Petrapole ICP,1919.98,Cochin International Airport (COK),50.97,MMLP Coimbatore,107.73,Kottapuram Terminal,36.08,FCI Depot Kochi,66.99,"Paliyekkara Toll, National Highway 47",17.4
Annakara (CT),Thrissur,594,627786,village,66,6.18,Bangalore-Mysore Road,208.76,GURUVAYUR,7.85,Balaramapuram,259.9,Cochin Port,67.72,ICD Kanjikode (Palakkad),60.94,Petrapole ICP,1918.06,Cochin International Airport (COK),55.68,MMLP Coimbatore,107.27,Kottapuram Terminal,40.84,FCI Depot Kochi,71.74,"Paliyekkara Toll, National Highway 47",21.4
Mullassery (CT),Thrissur,594,627808,village,66,5.11,Bangalore-Mysore Road,210.38,GURUVAYUR,8.28,Balaramapuram,258.9,Cochin Port,66.51,ICD Kanjikode (Palakkad),62.3,Petrapole ICP,1919.67,Cochin International Airport (COK),55.02,MMLP Coimbatore,108.68,Kottapuram Terminal,39.67,FCI Depot Kochi,70.56,"Paliyekkara Toll, National Highway 47",21.29
Elavally (CT),Thrissur,594,627805,village,66,6.49,Bangalore-Mysore Road,206.67,GURUVAYUR,5.94,Balaramapuram,262.4,Cochin Port,70.25,ICD Kanjikode (Palakkad),60.6,Petrapole ICP,1916.74,Cochin International Airport (COK),58.07,MMLP Coimbatore,106.77,Kottapuram Terminal,43.37,FCI Depot Kochi,74.27,"Paliyekkara Toll, National Highway 47",23.44
Brahmakulam (CT),Thrissur,594,627804,village,66,4.2,Bangalore-Mysore Road,208.4,GURUVAYUR,5.05,Balaramapuram,262.11,Cochin Port,69.57,ICD Kanjikode (Palakkad),62.86,Petrapole ICP,1918.94,Cochin International Airport (COK),58.27,MMLP Coimbatore,109.05,Kottapuram Terminal,42.78,FCI Depot Kochi,73.64,"Paliyekkara Toll, National Highway 47",24.29
Vemmanad  (CT),Thrissur,594,627807,village,66,1.58,Bangalore-Mysore Road,210.74,GURUVAYUR,5.67,Balaramapuram,261.3,Cochin Port,68.41,ICD Kanjikode (Palakkad),65.43,Petrapole ICP,1921.62,Cochin International Airport (COK),58.14,MMLP Coimbatore,111.67,Kottapuram Terminal,41.77,FCI Depot Kochi,72.51,"Paliyekkara Toll, National Highway 47",25.09
Pavaratty (CT),Thrissur,594,627806,village,66,2.31,Bangalore-Mysore Road,208.98,GURUVAYUR,3.65,Balaramapuram,263.28,Cochin Port,70.43,ICD Kanjikode (Palakkad),65.0,Petrapole ICP,1920.41,Cochin International Airport (COK),59.92,MMLP Coimbatore,111.1,Kottapuram Terminal,43.77,FCI Depot Kochi,74.53,"Paliyekkara Toll, National Highway 47",26.42
Orumanayur (CT),Thrissur,594,627801,village,66,0.09,Bangalore-Mysore Road,211.64,GURUVAYUR,5.87,Balaramapuram,261.68,Cochin Port,68.58,ICD Kanjikode (Palakkad),67.13,Petrapole ICP,1923.04,Cochin International Airport (COK),58.98,MMLP Coimbatore,113.34,Kottapuram Terminal,42.09,FCI Depot Kochi,72.71,"Paliyekkara Toll, National Highway 47",26.44
Kadapuram  (CT),Thrissur,594,627785,village,66,1.57,Bangalore-Mysore Road,212.45,GURUVAYUR,6.44,Balaramapuram,262.07,Cochin Port,68.8,ICD Kanjikode (Palakkad),68.69,Petrapole ICP,1924.33,Cochin International Airport (COK),59.8,MMLP Coimbatore,114.88,Kottapuram Terminal,42.46,FCI Depot Kochi,72.96,"Paliyekkara Toll, National Highway 47",27.73
Chavakkad,Thrissur,594,913644,village,66,2.17,Bangalore-Mysore Road,207.66,GURUVAYUR,1.76,Balaramapuram,265.27,Cochin Port,72.38,ICD Kanjikode (Palakkad),65.3,Petrapole ICP,1919.81,Cochin International Airport (COK),61.9,MMLP Coimbatore,111.24,Kottapuram Terminal,45.76,FCI Depot Kochi,76.49,"Paliyekkara Toll, National Highway 47",28.2
Thaikkad (CT),Thrissur,594,627803,village,66,4.2,Bangalore-Mysore Road,205.9,GURUVAYUR,1.72,Balaramapuram,265.79,Cochin Port,73.17,ICD Kanjikode (Palakkad),63.33,Petrapole ICP,1917.75,Calicut International Airport (CCJ),61.61,MMLP Coimbatore,109.22,Kottapuram Terminal,46.42,FCI Depot Kochi,77.25,"Paliyekkara Toll, National Highway 47",27.64
Iringappuram,Thrissur,594,627799,village,66,4.07,Bangalore-Mysore Road,204.57,GURUVAYUR,1.6,Balaramapuram,268.4,Cochin Port,75.64,ICD Kanjikode (Palakkad),64.39,Petrapole ICP,1917.47,Calicut International Airport (CCJ),59.29,MMLP Coimbatore,110.01,Kottapuram Terminal,48.96,FCI Depot Kozhikode,77.64,"Paliyekkara Toll, National Highway 47",30.33
Guruvayur,Thrissur,594,913648,village,66,1.76,Bangalore-Mysore Road,206.87,GURUVAYUR,1.47,Balaramapuram,267.1,Cochin Port,74.11,ICD Kanjikode (Palakkad),66.21,Petrapole ICP,1919.79,Calicut International Airport (CCJ),61.09,MMLP Coimbatore,111.98,Kottapuram Terminal,47.55,FCI Depot Kochi,78.23,"Paliyekkara Toll, National Highway 47",30.15
Manathala,Thrissur,594,931686,village,66,0.28,Bangalore-Mysore Road,207.97,GURUVAYUR,3.96,Balaramapuram,267.92,Cochin Port,74.67,ICD Kanjikode (Palakkad),68.65,Petrapole ICP,1921.67,Calicut International Airport (CCJ),61.07,MMLP Coimbatore,114.35,Kottapuram Terminal,48.31,FCI Depot Kozhikode,78.5,"Paliyekkara Toll, National Highway 47",32.1
Perakam (CT),Thrissur,594,627800,village,66,1.75,Bangalore-Mysore Road,205.23,GURUVAYUR,3.41,Balaramapuram,269.77,Cochin Port,76.72,ICD Kanjikode (Palakkad),66.88,Petrapole ICP,1919.09,Calicut International Airport (CCJ),58.66,MMLP Coimbatore,112.37,Kottapuram Terminal,50.2,FCI Depot Kozhikode,76.44,"Paliyekkara Toll, National Highway 47",32.64
Pookode (CT),Thrissur,594,627798,village,66,3.42,Bangalore-Mysore Road,203.28,GURUVAYUR,4.08,Balaramapuram,270.96,Cochin Port,78.08,ICD Kanjikode (Palakkad),65.51,Petrapole ICP,1917.19,Calicut International Airport (CCJ),57.05,MMLP Coimbatore,110.84,Kottapuram Terminal,51.46,FCI Depot Kozhikode,75.13,"Paliyekkara Toll, National Highway 47",32.96
Edakkazhiyur (CT),Thrissur,594,627796,village,66,0.3,Bangalore-Mysore Road,205.09,GURUVAYUR,5.87,Balaramapuram,271.65,Cochin Port,78.42,ICD Kanjikode (Palakkad),68.78,Petrapole ICP,1919.88,Calicut International Airport (CCJ),57.44,MMLP Coimbatore,114.07,Kottapuram Terminal,52.04,FCI Depot Kozhikode,74.76,"Paliyekkara Toll, National Highway 47",35.06
Vylathur (CT),Thrissur,594,627797,village,66,3.25,Bangalore-Mysore Road,202.38,GURUVAYUR,5.7,Balaramapuram,272.56,Cochin Port,79.63,ICD Kanjikode (Palakkad),66.1,Petrapole ICP,1916.87,Calicut International Airport (CCJ),55.62,MMLP Coimbatore,111.23,Kottapuram Terminal,53.04,FCI Depot Kozhikode,73.56,"Paliyekkara Toll, National Highway 47",34.55
Punnayur (CT),Thrissur,594,627795,village,66,0.35,Bangalore-Mysore Road,202.82,GURUVAYUR,8.71,Balaramapuram,274.9,Cochin Port,81.67,ICD Kanjikode (Palakkad),69.36,Petrapole ICP,1918.62,Calicut International Airport (CCJ),54.39,MMLP Coimbatore,114.23,Kottapuram Terminal,55.3,FCI Depot Kozhikode,71.52,Devadar Bridge Toll Booth,36.73
Vadakkekad (CT),Thrissur,594,627794,village,66,2.96,Bangalore-Mysore Road,201.26,GURUVAYUR,7.56,Balaramapuram,274.4,Cochin Port,81.44,ICD Kanjikode (Palakkad),66.68,Petrapole ICP,1916.37,Calicut International Airport (CCJ),53.94,MMLP Coimbatore,111.57,Kottapuram Terminal,54.87,FCI Depot Kozhikode,71.74,"Paliyekkara Toll, National Highway 47",36.32
Punnayurkulam (CT),Thrissur,594,627793,village,66,3.81,Bangalore-Mysore Road,198.98,GURUVAYUR,9.85,Balaramapuram,276.74,Cochin Port,83.86,ICD Kanjikode (Palakkad),66.32,Petrapole ICP,1914.63,Calicut International Airport (CCJ),51.44,MMLP Coimbatore,110.84,Kottapuram Terminal,57.24,FCI Depot Kozhikode,69.35,Devadar Bridge Toll Booth,34.56
Kadikkad (CT),Thrissur,594,627792,village,66,0.53,Bangalore-Mysore Road,200.32,GURUVAYUR,11.89,Balaramapuram,278.34,Cochin Port,85.11,ICD Kanjikode (Palakkad),69.97,Petrapole ICP,1917.12,Calicut International Airport (CCJ),51.14,MMLP Coimbatore,114.33,Kottapuram Terminal,58.74,FCI Depot Kozhikode,68.08,Devadar Bridge Toll Booth,33.3
Kandanasseri (CT),Thrissur,594,627784,village,66,5.96,Bangalore-Mysore Road,204.57,GURUVAYUR,3.2,Balaramapuram,265.99,Cochin Port,73.63,ICD Kanjikode (Palakkad),61.6,Petrapole ICP,1916.07,Calicut International Airport (CCJ),61.03,MMLP Coimbatore,107.46,Kottapuram Terminal,46.8,FCI Depot Kochi,77.68,"Paliyekkara Toll, National Highway 47",27.03
Aloor (CT),Thrissur,594,627783,village,66,8.84,Bangalore-Mysore Road,203.48,GURUVAYUR,6.33,Balaramapuram,264.84,Cochin Port,73.02,ICD Kanjikode (Palakkad),58.61,Petrapole ICP,1913.87,Cochin International Airport (COK),60.08,MMLP Coimbatore,104.58,Kottapuram Terminal,46.1,FCI Depot Kochi,77.01,"Paliyekkara Toll, National Highway 47",24.83
Eranellur (CT),Thrissur,594,627782,village,66,12.01,Bangalore-Mysore Road,201.03,AMALA NAGAR,7.95,Balaramapuram,265.36,Cochin Port,74.19,ICD Kanjikode (Palakkad),55.48,Petrapole ICP,1910.78,Cochin International Airport (COK),60.13,MMLP Coimbatore,101.4,Kottapuram Terminal,47.25,FCI Depot Kochi,78.11,"Paliyekkara Toll, National Highway 47",24.39
Chiranellur (CT),Thrissur,594,627777,village,66,12.98,Bangalore-Mysore Road,199.2,AMALA NAGAR,9.43,Balaramapuram,267.05,Cochin Port,76.02,ICD Kanjikode (Palakkad),54.75,Petrapole ICP,1909.31,Calicut International Airport (CCJ),59.01,MMLP Coimbatore,100.49,Kottapuram Terminal,49.09,FCI Depot Kozhikode,79.24,"Paliyekkara Toll, National Highway 47",25.85
Velur (CT),Thrissur,594,627778,village,544,16.14,Bangalore-Mysore Road,197.74,MULANGUNNATHUKAVU,6.94,Balaramapuram,266.09,Cochin Port,75.93,ICD Kanjikode (Palakkad),51.18,Petrapole ICP,1906.55,Calicut International Airport (CCJ),59.86,MMLP Coimbatore,97.02,Kottapuram Terminal,49.08,FCI Depot Kochi,79.76,"Paliyekkara Toll, National Highway 47",24.4
Kiraloor,Thrissur,594,627742,village,544,14.46,Bangalore-Mysore Road,199.6,MULANGUNNATHUKAVU,5.47,Balaramapuram,264.08,Cochin Port,73.87,ICD Kanjikode (Palakkad),51.56,Petrapole ICP,1907.83,Cochin International Airport (COK),58.44,MMLP Coimbatore,97.61,Kottapuram Terminal,47.03,FCI Depot Kochi,77.7,"Paliyekkara Toll, National Highway 47",22.43
Choondal (CT),Thrissur,594,627776,village,66,9.27,Bangalore-Mysore Road,201.54,GURUVAYUR,6.29,Balaramapuram,267.18,Cochin Port,75.37,ICD Kanjikode (Palakkad),58.5,Petrapole ICP,1912.66,Calicut International Airport (CCJ),59.29,MMLP Coimbatore,104.24,Kottapuram Terminal,48.45,FCI Depot Kozhikode,78.84,"Paliyekkara Toll, National Highway 47",26.95
Kanippayyur (Part),Thrissur,594,627738,village,66,8.47,Bangalore-Mysore Road,200.9,GURUVAYUR,5.46,Balaramapuram,269.32,Cochin Port,77.22,ICD Kanjikode (Palakkad),60.14,Petrapole ICP,1913.08,Calicut International Airport (CCJ),57.41,MMLP Coimbatore,105.63,Kottapuram Terminal,50.34,FCI Depot Kozhikode,76.66,"Paliyekkara Toll, National Highway 47",29.43
Arthat,Thrissur,594,913643,village,66,6.15,Bangalore-Mysore Road,202.88,GURUVAYUR,3.2,Balaramapuram,268.7,Cochin Port,76.25,ICD Kanjikode (Palakkad),62.31,Petrapole ICP,1915.39,Calicut International Airport (CCJ),58.47,MMLP Coimbatore,107.89,Kottapuram Terminal,49.45,FCI Depot Kozhikode,77.27,"Paliyekkara Toll, National Highway 47",29.69
Anjur (CT),Thrissur,594,627828,village,66,5.64,Bangalore-Mysore Road,200.77,GURUVAYUR,5.84,Balaramapuram,272.44,Cochin Port,79.82,ICD Kanjikode (Palakkad),63.7,Petrapole ICP,1914.69,Calicut International Airport (CCJ),55.05,MMLP Coimbatore,108.82,Kottapuram Terminal,53.09,FCI Depot Kozhikode,73.55,"Paliyekkara Toll, National Highway 47",33.47
Kunnamkulam,Thrissur,594,"913642
",village,66,7.75,Bangalore-Mysore Road,199.93,GURUVAYUR,6.09,Balaramapuram,271.47,Cochin Port,79.19,ICD Kanjikode (Palakkad),61.34,Petrapole ICP,1913.04,Calicut International Airport (CCJ),55.48,MMLP Coimbatore,106.56,Kottapuram Terminal,52.36,FCI Depot Kozhikode,74.49,"Paliyekkara Toll, National Highway 47",31.76
Kattakampal (CT),Thrissur,594,627761,village,66,6.57,Bangalore-Mysore Road,197.39,GURUVAYUR,9.74,Balaramapuram,276.23,Cochin Port,83.7,ICD Kanjikode (Palakkad),63.54,Petrapole ICP,1912.31,Calicut International Airport (CCJ),51.15,MMLP Coimbatore,108.07,Kottapuram Terminal,56.94,FCI Depot Kozhikode,69.74,Devadar Bridge Toll Booth,35.07
Mangad (Part),Thrissur,594,627737,village,66,7.65,Bangalore-Mysore Road,198.03,GURUVAYUR,8.33,Balaramapuram,274.3,Cochin Port,81.95,ICD Kanjikode (Palakkad),62.08,Petrapole ICP,1912.1,Calicut International Airport (CCJ),52.76,MMLP Coimbatore,106.89,Kottapuram Terminal,55.14,FCI Depot Kozhikode,71.66,"Paliyekkara Toll, National Highway 47",34.52
Chiramanengad (CT),Thrissur,594,627773,village,66,14.02,Bangalore-Mysore Road,195.21,GURUVAYUR,11.5,Balaramapuram,272.22,Cochin Port,81.07,ICD Kanjikode (Palakkad),55.32,Petrapole ICP,1907.06,Calicut International Airport (CCJ),53.85,MMLP Coimbatore,100.34,Kottapuram Terminal,54.14,FCI Depot Kozhikode,74.12,"Paliyekkara Toll, National Highway 47",30.92
Akathiyoor (CT),Thrissur,594,627774,village,66,12.48,Bangalore-Mysore Road,195.33,GURUVAYUR,10.82,Balaramapuram,273.53,Cochin Port,82.02,ICD Kanjikode (Palakkad),57.21,Petrapole ICP,1908.03,Calicut International Airport (CCJ),52.71,MMLP Coimbatore,102.05,Kottapuram Terminal,55.09,FCI Depot Kozhikode,72.64,"Paliyekkara Toll, National Highway 47",32.52
Porkkulam (CT),Thrissur,594,627775,village,66,10.0,Bangalore-Mysore Road,196.91,GURUVAYUR,9.1,Balaramapuram,273.64,Cochin Port,81.68,ICD Kanjikode (Palakkad),59.65,Petrapole ICP,1910.23,Calicut International Airport (CCJ),52.95,MMLP Coimbatore,104.52,Kottapuram Terminal,54.79,FCI Depot Kozhikode,72.37,"Paliyekkara Toll, National Highway 47",33.2
Pazhanji (CT),Thrissur,594,627762,village,66,9.07,Bangalore-Mysore Road,195.92,GURUVAYUR,10.38,Balaramapuram,275.88,Cochin Port,83.73,ICD Kanjikode (Palakkad),61.05,Petrapole ICP,1910.19,Calicut International Airport (CCJ),50.93,MMLP Coimbatore,105.58,Kottapuram Terminal,56.87,FCI Depot Kozhikode,70.11,"Paliyekkara Toll, National Highway 47",35.61
Karikkad (CT),Thrissur,594,627763,village,66,11.98,Bangalore-Mysore Road,194.02,GURUVAYUR,11.99,Balaramapuram,275.77,Cochin Port,84.12,ICD Kanjikode (Palakkad),58.19,Petrapole ICP,1907.57,Calicut International Airport (CCJ),50.55,MMLP Coimbatore,102.66,Kottapuram Terminal,57.2,FCI Depot Kozhikode,70.37,"Paliyekkara Toll, National Highway 47",34.81
Kadavallur (CT),Thrissur,594,627760,village,66,12.62,Bangalore-Mysore Road,192.12,KODUMUNDA,13.16,Balaramapuram,277.79,Cochin Port,86.21,ICD Kanjikode (Palakkad),58.08,Petrapole ICP,1906.17,Calicut International Airport (CCJ),48.47,MMLP Coimbatore,102.17,Kottapuram Terminal,59.29,FCI Depot Kozhikode,68.41,Devadar Bridge Toll Booth,34.4
Mundathikode (CT),Thrissur,594,627779,village,544,14.02,Bangalore-Mysore Road,196.41,WADAKANCHERI,4.62,Balaramapuram,264.99,Cochin Port,75.87,ICD Kanjikode (Palakkad),47.47,Petrapole ICP,1903.75,Cochin International Airport (COK),59.13,MMLP Coimbatore,93.45,Kottapuram Terminal,49.22,FCI Depot Kochi,79.61,"Paliyekkara Toll, National Highway 47",23.25
Peringandur,Thrissur,594,627780,village,544,12.31,Bangalore-Mysore Road,197.67,MULANGUNNATHUKAVU,3.5,Balaramapuram,263.28,Cochin Port,74.31,ICD Kanjikode (Palakkad),47.27,Petrapole ICP,1904.34,Cochin International Airport (COK),57.42,MMLP Coimbatore,93.42,Kottapuram Terminal,47.71,FCI Depot Kochi,78.03,"Paliyekkara Toll, National Highway 47",21.56
Minalur (CT),Thrissur,594,627781,village,544,11.36,Bangalore-Mysore Road,197.22,WADAKANCHERI,2.99,Balaramapuram,262.6,Cochin Port,74.2,ICD Kanjikode (Palakkad),45.55,Petrapole ICP,1903.11,Cochin International Airport (COK),56.72,MMLP Coimbatore,91.78,Kottapuram Terminal,47.75,FCI Depot Kochi,77.87,"Paliyekkara Toll, National Highway 47",21.08
Thekkumkara (CT),Thrissur,594,627745,village,544,9.18,Bangalore-Mysore Road,197.17,WADAKANCHERI,3.7,Balaramapuram,260.5,Cochin Port,73.3,ICD Kanjikode (Palakkad),42.53,Petrapole ICP,1901.26,Cochin International Airport (COK),54.69,MMLP Coimbatore,88.93,Kottapuram Terminal,47.22,FCI Depot Kochi,76.86,"Paliyekkara Toll, National Highway 47",19.77
Manalithara,Thrissur,594,627748,village,544,7.54,Bangalore-Mysore Road,194.91,WADAKANCHERI,10.05,Balaramapuram,258.54,Cochin Port,74.46,ICD Kanjikode (Palakkad),35.32,Petrapole ICP,1895.55,Cochin International Airport (COK),53.52,MMLP Coimbatore,81.86,Kottapuram Terminal,49.47,FCI Depot Kochi,77.76,Panniyankara,15.19
Edakkara,Malappuram,592,627474,village,181,26.25,Bangalore-Mysore Road,119.02,Nilambur Road,9.37,New Makardhokda,239.93,Cochin Port,152.45,ICD Kanjikode (Palakkad),67.32,Petrapole ICP,1837.9,Calicut International Airport (CCJ),45.67,MMLP Coimbatore,77.7,Kottapuram Terminal,126.49,FCI Depot Kozhikode,59.98,Malappuram Toll Plaza,59.06
Kannur Cantonment (CB),Kannur,589,913028,village,66,2.09,Bangalore-Mysore Road,151.29,KANNUR,1.45,New Makardhokda,131.59,New Mangalore Port,131.59,ICD Mangalore (Panambur),130.29,Petrapole ICP,1869.98,Calicut International Airport (CCJ),102.75,MMLP Coimbatore,197.52,Kottapuram Terminal,205.81,FCI Depot Kozhikode,80.43,Kannur Toll Plaza,12.04
Elanad,Thrissur,594,627755,village,544,4.87,Bangalore-Mysore Road,194.05,PALAPPURAM,14.61,Balaramapuram,255.52,Cochin Port,75.38,ICD Kanjikode (Palakkad),28.83,Petrapole ICP,1890.41,Cochin International Airport (COK),52.31,MMLP Coimbatore,75.22,Kottapuram Terminal,51.94,FCI Depot Coimbatore,75.22,Panniyankara,7.15
Vennur,Thrissur,594,627754,village,544,7.38,Bangalore-Mysore Road,191.52,PALAPPURAM,12.07,Balaramapuram,257.93,Cochin Port,77.88,ICD Kanjikode (Palakkad),27.17,Petrapole ICP,1888.45,Cochin International Airport (COK),54.86,MMLP Coimbatore,73.69,Kottapuram Terminal,54.29,FCI Depot Coimbatore,73.69,Panniyankara,8.58
Pazhayannur,Thrissur,594,627753,village,544,9.55,Bangalore-Mysore Road,188.05,LAKKITI,9.07,Balaramapuram,260.19,Cochin Port,81.54,ICD Kanjikode (Palakkad),23.18,Petrapole ICP,1884.33,Cochin International Airport (COK),58.04,MMLP Coimbatore,69.72,Kottapuram Terminal,58.25,FCI Depot Coimbatore,69.72,Panniyankara,9.69
Pulakode,Thrissur,594,627752,village,544,10.25,Bangalore-Mysore Road,189.4,PALAPPURAM,9.77,Balaramapuram,261.17,Cochin Port,79.85,ICD Kanjikode (Palakkad),28.06,Petrapole ICP,1888.33,Cochin International Airport (COK),57.49,MMLP Coimbatore,74.57,Kottapuram Terminal,55.63,FCI Depot Coimbatore,74.57,Panniyankara,12.32
Pangarappilly,Thrissur,594,627751,village,544,9.73,Bangalore-Mysore Road,191.23,MULLURKARA,10.43,Balaramapuram,260.73,Cochin Port,78.03,ICD Kanjikode (Palakkad),31.25,Petrapole ICP,1891.26,Cochin International Airport (COK),56.35,MMLP Coimbatore,77.75,Kottapuram Terminal,53.38,FCI Depot Coimbatore,77.75,Panniyankara,13.82
Kurumala,Thrissur,594,627749,village,544,12.39,Bangalore-Mysore Road,189.5,MULLURKARA,7.69,Balaramapuram,263.34,Cochin Port,79.87,ICD Kanjikode (Palakkad),32.06,Petrapole ICP,1890.97,Cochin International Airport (COK),58.68,MMLP Coimbatore,78.36,Kottapuram Terminal,54.84,FCI Depot Coimbatore,78.36,Panniyankara,16.59
Viruppakka,Thrissur,594,627747,village,544,10.38,Bangalore-Mysore Road,193.94,WADAKANCHERI,5.44,Balaramapuram,261.69,Cochin Port,75.94,ICD Kanjikode (Palakkad),38.24,Petrapole ICP,1897.02,Cochin International Airport (COK),56.19,MMLP Coimbatore,84.61,Kottapuram Terminal,50.27,FCI Depot Kochi,79.39,Panniyankara,19.85
Karumathra,Thrissur,594,627746,village,544,11.24,Bangalore-Mysore Road,193.8,WADAKANCHERI,4.05,Balaramapuram,262.56,Cochin Port,76.32,ICD Kanjikode (Palakkad),39.29,Petrapole ICP,1897.6,Cochin International Airport (COK),56.94,MMLP Coimbatore,85.57,Kottapuram Terminal,50.47,FCI Depot Kochi,79.81,Panniyankara,21.28
Attur (Part),Thrissur,594,627732,village,544,14.34,Bangalore-Mysore Road,189.81,MULLURKARA,3.3,Balaramapuram,265.63,Cochin Port,80.14,ICD Kanjikode (Palakkad),36.53,Petrapole ICP,1893.81,Cochin International Airport (COK),60.26,MMLP Coimbatore,82.51,Kottapuram Terminal,54.42,FCI Depot Coimbatore,82.51,Panniyankara,21.35
Enkakkad (CT),Thrissur,594,627769,village,544,13.44,Bangalore-Mysore Road,192.23,WADAKANCHERI,3.27,Balaramapuram,264.74,Cochin Port,78.16,ICD Kanjikode (Palakkad),39.7,Petrapole ICP,1897.0,Cochin International Airport (COK),59.08,MMLP Coimbatore,85.76,Kottapuram Terminal,52.15,FCI Depot Kochi,81.69,Panniyankara,23.05
Wadakkanchery,Thrissur,594,627770,village,544,13.64,Bangalore-Mysore Road,194.09,WADAKANCHERI,0.89,Balaramapuram,264.92,Cochin Port,77.08,ICD Kanjikode (Palakkad),43.36,Petrapole ICP,1900.14,Cochin International Airport (COK),59.07,MMLP Coimbatore,89.37,Kottapuram Terminal,50.73,FCI Depot Kochi,80.72,"Paliyekkara Toll, National Highway 47",23.76
Parlikad,Thrissur,594,627743,village,544,12.63,Bangalore-Mysore Road,195.55,WADAKANCHERI,1.59,Balaramapuram,263.94,Cochin Port,75.78,ICD Kanjikode (Palakkad),44.52,Petrapole ICP,1901.61,Cochin International Airport (COK),58.06,MMLP Coimbatore,90.62,Kottapuram Terminal,49.37,FCI Depot Kochi,79.44,"Paliyekkara Toll, National Highway 47",22.56
Puthuruthy,Thrissur,594,627744,village,544,14.94,Bangalore-Mysore Road,194.77,WADAKANCHERI,3.87,Balaramapuram,266.12,Cochin Port,77.32,ICD Kanjikode (Palakkad),46.27,Petrapole ICP,1902.15,Calicut International Airport (CCJ),60.09,MMLP Coimbatore,92.12,Kottapuram Terminal,50.72,FCI Depot Kochi,81.04,"Paliyekkara Toll, National Highway 47",24.48
Kottapuram (CT),Thrissur,594,627765,village,544,18.03,Bangalore-Mysore Road,192.11,WADAKANCHERI,6.0,Balaramapuram,269.26,Cochin Port,80.38,ICD Kanjikode (Palakkad),46.26,Petrapole ICP,1900.52,Calicut International Airport (CCJ),56.99,MMLP Coimbatore,91.68,Kottapuram Terminal,53.73,FCI Depot Kozhikode,78.62,"Paliyekkara Toll, National Highway 47",27.62
Chittanda (CT),Thrissur,594,627766,village,544,17.58,Bangalore-Mysore Road,191.09,WADAKANCHERI,4.83,Balaramapuram,268.89,Cochin Port,80.7,ICD Kanjikode (Palakkad),43.98,Petrapole ICP,1898.69,Calicut International Airport (CCJ),57.67,MMLP Coimbatore,89.45,Kottapuram Terminal,54.2,FCI Depot Kozhikode,79.57,"Paliyekkara Toll, National Highway 47",27.56
Kanjirakode (CT),Thrissur,594,627734,village,544,17.13,Bangalore-Mysore Road,190.18,MULLURKARA,4.48,Balaramapuram,268.5,Cochin Port,81.02,ICD Kanjikode (Palakkad),41.78,Petrapole ICP,1896.95,Calicut International Airport (CCJ),58.44,MMLP Coimbatore,87.31,Kottapuram Terminal,54.69,FCI Depot Kozhikode,80.59,Panniyankara,27.03
Mullurkkara (CT),Thrissur,594,627733,village,544,16.97,Bangalore-Mysore Road,188.46,MULLURKARA,1.15,Balaramapuram,268.3,Cochin Port,82.0,ICD Kanjikode (Palakkad),38.33,Petrapole ICP,1894.02,Calicut International Airport (CCJ),59.46,MMLP Coimbatore,83.9,Kottapuram Terminal,55.98,FCI Depot Kozhikode,81.94,Panniyankara,24.49
Kumaranellur (CT),Thrissur,594,627767,village,544,15.44,Bangalore-Mysore Road,190.93,WADAKANCHERI,3.61,Balaramapuram,266.8,Cochin Port,79.82,ICD Kanjikode (Palakkad),40.5,Petrapole ICP,1896.7,Calicut International Airport (CCJ),60.36,MMLP Coimbatore,86.29,Kottapuram Terminal,53.65,FCI Depot Kozhikode,82.58,Panniyankara,25.0
Thichur,Thrissur,594,627716,village,66,21.22,Bangalore-Mysore Road,188.0,KARAKKAD,8.25,Balaramapuram,274.01,Cochin Port,85.08,ICD Kanjikode (Palakkad),46.5,Petrapole ICP,1897.92,Calicut International Airport (CCJ),52.34,MMLP Coimbatore,91.05,Kottapuram Terminal,58.37,FCI Depot Kozhikode,74.15,"Paliyekkara Toll, National Highway 47",32.4
Pilakkad,Thrissur,594,627720,village,544,21.75,Bangalore-Mysore Road,187.88,KARAKKAD,7.67,Balaramapuram,273.06,Cochin Port,84.59,ICD Kanjikode (Palakkad),44.85,Petrapole ICP,1897.03,Calicut International Airport (CCJ),53.5,MMLP Coimbatore,89.57,Kottapuram Terminal,57.98,FCI Depot Kozhikode,75.48,"Paliyekkara Toll, National Highway 47",31.63
Varavoor (CT),Thrissur,594,627721,village,544,20.65,Bangalore-Mysore Road,187.01,MULLURKARA,5.13,Balaramapuram,272.02,Cochin Port,84.5,ICD Kanjikode (Palakkad),41.74,Petrapole ICP,1894.88,Calicut International Airport (CCJ),55.1,MMLP Coimbatore,86.62,Kottapuram Terminal,58.11,FCI Depot Kozhikode,77.4,Panniyankara,29.27
Thalassery,Thrissur,594,627719,village,66,21.9,Bangalore-Mysore Road,184.58,KARAKKAD,4.26,Balaramapuram,275.07,Cochin Port,87.36,ICD Kanjikode (Palakkad),42.46,Petrapole ICP,1893.56,Calicut International Airport (CCJ),52.11,MMLP Coimbatore,86.66,Kottapuram Terminal,60.88,FCI Depot Kozhikode,74.49,Panniyankara,31.73
Arangottukara,Thrissur,594,627717,village,66,20.4,Bangalore-Mysore Road,184.04,KARAKKAD,4.01,Balaramapuram,276.32,Cochin Port,88.31,ICD Kanjikode (Palakkad),43.56,Petrapole ICP,1893.7,Calicut International Airport (CCJ),50.7,MMLP Coimbatore,87.49,Kottapuram Terminal,61.75,FCI Depot Kozhikode,73.03,Panniyankara,33.23
Pallur,Thrissur,594,627718,village,66,20.91,Bangalore-Mysore Road,181.8,KARAKKAD,1.48,Balaramapuram,277.29,Cochin Port,89.98,ICD Kanjikode (Palakkad),41.4,Petrapole ICP,1891.03,Calicut International Airport (CCJ),50.4,MMLP Coimbatore,84.99,Kottapuram Terminal,63.56,FCI Depot Kozhikode,73.03,Panniyankara,32.58
Desamangalam (CT),Thrissur,594,627759,village,544,23.02,Bangalore-Mysore Road,184.08,SHORANUR B CABIN,4.2,Balaramapuram,274.34,Cochin Port,87.27,ICD Kanjikode (Palakkad),40.4,Petrapole ICP,1892.2,Calicut International Airport (CCJ),53.31,MMLP Coimbatore,84.74,Kottapuram Terminal,60.94,FCI Depot Kozhikode,75.87,Panniyankara,29.99
Nedumbura (CT),Thrissur,594,627758,village,544,20.09,Bangalore-Mysore Road,185.11,VALLATHOL NAGAR,1.59,Balaramapuram,271.4,Cochin Port,85.38,ICD Kanjikode (Palakkad),37.3,Petrapole ICP,1891.33,Calicut International Airport (CCJ),56.88,MMLP Coimbatore,82.28,Kottapuram Terminal,59.36,FCI Depot Kozhikode,79.58,Panniyankara,26.08
Cheruthuruthi (CT),Thrissur,594,627757,village,544,21.47,Bangalore-Mysore Road,183.29,VALLATHOL NAGAR,1.5,Balaramapuram,272.7,Cochin Port,87.07,ICD Kanjikode (Palakkad),36.17,Petrapole ICP,1889.5,Calicut International Airport (CCJ),56.1,MMLP Coimbatore,80.83,Kottapuram Terminal,61.12,FCI Depot Kozhikode,78.95,Panniyankara,26.41
Panjal,Thrissur,594,627731,village,544,18.55,Bangalore-Mysore Road,185.14,VALLATHOL NAGAR,2.16,Balaramapuram,269.56,Cochin Port,84.74,ICD Kanjikode (Palakkad),34.15,Petrapole ICP,1889.67,Calicut International Airport (CCJ),59.6,MMLP Coimbatore,79.5,Kottapuram Terminal,59.08,FCI Depot Coimbatore,79.5,Panniyankara,22.9
Painkulam (CT),Thrissur,594,627722,village,544,19.77,Bangalore-Mysore Road,182.42,MANNANUR,0.93,Balaramapuram,270.77,Cochin Port,87.14,ICD Kanjikode (Palakkad),30.94,Petrapole ICP,1886.15,Calicut International Airport (CCJ),59.8,MMLP Coimbatore,76.02,Kottapuram Terminal,61.79,FCI Depot Coimbatore,76.02,Panniyankara,22.36
Killimangalam (CT),Thrissur,594,627730,village,544,17.18,Bangalore-Mysore Road,185.04,MANNANUR,3.63,Balaramapuram,268.17,Cochin Port,84.47,ICD Kanjikode (Palakkad),31.43,Petrapole ICP,1888.1,Calicut International Airport (CCJ),61.88,MMLP Coimbatore,77.07,Kottapuram Terminal,59.19,FCI Depot Coimbatore,77.07,Panniyankara,20.36
Venganellur,Thrissur,594,627729,village,544,16.15,Bangalore-Mysore Road,184.39,MANNANUR,5.07,Balaramapuram,267.13,Cochin Port,84.89,ICD Kanjikode (Palakkad),28.1,Petrapole ICP,1885.8,Cochin International Airport (COK),63.14,MMLP Coimbatore,73.97,Kottapuram Terminal,60.08,FCI Depot Coimbatore,73.97,Panniyankara,17.99
Thonnurkara,Thrissur,594,627750,village,544,14.23,Bangalore-Mysore Road,188.54,MULLURKARA,5.36,Balaramapuram,265.23,Cochin Port,81.02,ICD Kanjikode (Palakkad),33.34,Petrapole ICP,1891.23,Cochin International Airport (COK),60.3,MMLP Coimbatore,79.41,Kottapuram Terminal,55.68,FCI Depot Coimbatore,79.41,Panniyankara,18.96
Chelakkara (CT),Thrissur,594,627768,village,544,13.01,Bangalore-Mysore Road,187.96,MANNANUR,7.7,Balaramapuram,263.97,Cochin Port,81.33,ICD Kanjikode (Palakkad),29.91,Petrapole ICP,1888.85,Cochin International Airport (COK),59.7,MMLP Coimbatore,76.19,Kottapuram Terminal,56.54,FCI Depot Coimbatore,76.19,Panniyankara,15.91
Chelakode (CT),Thrissur,594,627728,village,544,13.09,Bangalore-Mysore Road,186.59,PALAPPURAM,7.05,Balaramapuram,263.94,Cochin Port,82.65,ICD Kanjikode (Palakkad),26.85,Petrapole ICP,1886.23,Cochin International Airport (COK),60.36,MMLP Coimbatore,73.18,Kottapuram Terminal,58.29,FCI Depot Coimbatore,73.18,Panniyankara,14.49
Kondazhy,Thrissur,594,627727,village,544,16.09,Bangalore-Mysore Road,183.28,PALAPPURAM,3.67,Balaramapuram,266.62,Cochin Port,85.97,ICD Kanjikode (Palakkad),24.59,Petrapole ICP,1883.07,Cochin International Airport (COK),63.46,MMLP Coimbatore,70.6,Kottapuram Terminal,61.67,FCI Depot Coimbatore,70.6,Panniyankara,16.46
Vadakkethara (CT),Thrissur,594,627726,village,544,12.07,Bangalore-Mysore Road,185.56,LAKKITI,6.57,Balaramapuram,262.71,Cochin Port,83.96,ICD Kanjikode (Palakkad),22.03,Petrapole ICP,1882.57,Cochin International Airport (COK),60.58,MMLP Coimbatore,68.54,Kottapuram Terminal,60.47,FCI Depot Coimbatore,68.54,Panniyankara,12.17
Thiruvilwamala,Thrissur,594,627725,village,544,12.28,Bangalore-Mysore Road,182.58,LAKKITI,3.98,Balaramapuram,264.69,Cochin Port,87.14,ICD Kanjikode (Palakkad),18.73,Petrapole ICP,1879.01,Cochin International Airport (COK),63.4,MMLP Coimbatore,65.15,Kottapuram Terminal,63.89,FCI Depot Coimbatore,65.15,Panniyankara,14.33
Pampady,Thrissur,594,627724,village,544,14.37,Bangalore-Mysore Road,179.71,LAKKITI,1.91,Balaramapuram,267.33,Cochin Port,89.99,ICD Kanjikode (Palakkad),17.31,Petrapole ICP,1876.6,Cochin International Airport (COK),66.26,MMLP Coimbatore,63.37,Kottapuram Terminal,66.64,FCI Depot Coimbatore,63.37,Panniyankara,17.13
Kaniyarkode (CT),Thrissur,594,627756,village,544,15.32,Bangalore-Mysore Road,182.04,PALAPPURAM,3.25,Balaramapuram,266.56,Cochin Port,87.34,ICD Kanjikode (Palakkad),21.49,Petrapole ICP,1880.49,Cochin International Airport (COK),64.24,MMLP Coimbatore,67.58,Kottapuram Terminal,63.47,FCI Depot Coimbatore,67.58,Panniyankara,16.01
Mayannur,Thrissur,594,627723,village,544,19.75,Bangalore-Mysore Road,179.99,OTTAPPALAM,1.89,Balaramapuram,270.38,Cochin Port,89.25,ICD Kanjikode (Palakkad),24.95,Petrapole ICP,1881.25,Calicut International Airport (CCJ),62.96,MMLP Coimbatore,70.14,Kottapuram Terminal,64.63,FCI Depot Coimbatore,70.14,Panniyankara,20.18
Nelliyampathy,Palakkad,593,627676,village,544,24.4,Bangalore-Mysore Road,210.55,KOLLENGODE,19.57,Balaramapuram,230.56,Cochin Port,71.72,ICD Kanjikode (Palakkad),38.04,Petrapole ICP,1885.46,Cochin International Airport (COK),44.48,MMLP Coimbatore,70.33,Aluva Terminal,52.08,FCI Depot Coimbatore,70.33,Panniyankara,27.35
Muthalamada-I,Palakkad,593,627680,village,544,27.48,Bangalore-Mysore Road,202.38,MUTHALAMADA,10.67,Balaramapuram,236.97,Cochin Port,87.25,ICD Kanjikode (Palakkad),35.41,Petrapole ICP,1870.05,Cochin International Airport (COK),60.1,MMLP Coimbatore,57.03,Aluva Terminal,67.68,FCI Depot Coimbatore,57.03,Palakkad Toll Plaza,31.33
Muthalamada-II,Palakkad,593,627681,village,544,17.85,Bangalore-Mysore Road,194.19,MUTHALAMADA,4.59,Balaramapuram,245.54,Cochin Port,89.65,ICD Kanjikode (Palakkad),25.76,Petrapole ICP,1867.66,Cochin International Airport (COK),62.43,MMLP Coimbatore,51.95,Aluva Terminal,70.02,FCI Depot Coimbatore,51.95,Palakkad Toll Plaza,24.34
Kollengode-I,Palakkad,593,627679,village,544,16.93,Bangalore-Mysore Road,194.46,KOLLENGODE,3.48,Balaramapuram,245.58,Cochin Port,87.72,ICD Kanjikode (Palakkad),24.57,Petrapole ICP,1869.73,Cochin International Airport (COK),60.54,MMLP Coimbatore,53.59,Aluva Terminal,68.1,FCI Depot Coimbatore,53.59,Palakkad Toll Plaza,25.57
Kollengode-II,Palakkad,593,627678,village,544,15.82,Bangalore-Mysore Road,195.8,KOLLENGODE,4.45,Balaramapuram,244.51,Cochin Port,85.49,ICD Kanjikode (Palakkad),24.92,Petrapole ICP,1872.01,Cochin International Airport (COK),58.33,MMLP Coimbatore,55.74,Aluva Terminal,65.88,FCI Depot Coimbatore,55.74,Panniyankara,26.12
Thiruvazhiyad,Palakkad,593,627675,village,544,12.5,Bangalore-Mysore Road,201.3,KOLLENGODE,15.54,Balaramapuram,241.46,Cochin Port,74.53,ICD Kanjikode (Palakkad),28.0,Petrapole ICP,1883.79,Cochin International Airport (COK),47.78,MMLP Coimbatore,66.82,Aluva Terminal,55.15,FCI Depot Coimbatore,66.82,Panniyankara,15.46
Kairady,Palakkad,593,627674,village,544,10.39,Bangalore-Mysore Road,201.33,KOLLENGODE,17.88,Balaramapuram,242.22,Cochin Port,73.16,ICD Kanjikode (Palakkad),28.18,Petrapole ICP,1885.64,Cochin International Airport (COK),46.68,MMLP Coimbatore,68.56,Aluva Terminal,53.94,FCI Depot Coimbatore,68.56,Panniyankara,12.71
Ayalur,Palakkad,593,627673,village,544,7.89,Bangalore-Mysore Road,197.43,VADAKANNIKAPURM,15.46,Balaramapuram,245.95,Cochin Port,76.73,ICD Kanjikode (Palakkad),24.3,Petrapole ICP,1882.52,Cochin International Airport (COK),50.4,MMLP Coimbatore,65.41,Aluva Terminal,57.61,FCI Depot Coimbatore,65.41,Panniyankara,11.77
Nemmara,Palakkad,593,627672,village,544,10.26,Bangalore-Mysore Road,198.31,KOLLENGODE,12.64,Balaramapuram,244.02,Cochin Port,77.79,ICD Kanjikode (Palakkad),25.03,Petrapole ICP,1880.62,Cochin International Airport (COK),51.06,MMLP Coimbatore,63.61,Aluva Terminal,58.43,FCI Depot Coimbatore,63.61,Panniyankara,16.02
Vallanghy,Palakkad,593,627671,village,544,9.63,Bangalore-Mysore Road,196.57,VADAKANNIKAPURM,10.33,Balaramapuram,245.36,Cochin Port,80.1,ICD Kanjikode (Palakkad),23.4,Petrapole ICP,1878.26,Cochin International Airport (COK),53.31,MMLP Coimbatore,61.25,Aluva Terminal,60.7,FCI Depot Coimbatore,61.25,Panniyankara,17.45
Elavanchery,Palakkad,593,627677,village,544,12.03,Bangalore-Mysore Road,195.65,KOLLENGODE,6.36,Balaramapuram,245.39,Cochin Port,83.09,ICD Kanjikode (Palakkad),23.29,Petrapole ICP,1874.8,Cochin International Airport (COK),56.1,MMLP Coimbatore,58.03,Aluva Terminal,63.58,FCI Depot Coimbatore,58.03,Panniyankara,21.7
Pallassana,Palakkad,593,627670,village,544,8.23,Bangalore-Mysore Road,190.77,VADAKANNIKAPURM,5.19,Balaramapuram,250.49,Cochin Port,86.41,ICD Kanjikode (Palakkad),18.15,Petrapole ICP,1872.16,Cochin International Airport (COK),59.65,MMLP Coimbatore,55.08,Aluva Terminal,67.03,FCI Depot Coimbatore,55.08,Panniyankara,20.59
Koduvayur-I (CT),Palakkad,593,627682,village,544,6.9,Bangalore-Mysore Road,185.57,PUDUNAGARAM,3.16,Balaramapuram,255.29,Cochin Port,91.76,ICD Kanjikode (Palakkad),13.86,Petrapole ICP,1867.11,Cochin International Airport (COK),65.07,MMLP Coimbatore,50.0,Aluva Terminal,72.43,FCI Depot Coimbatore,50.0,Palakkad Toll Plaza,21.62
Koduvayur-II,Palakkad,593,627654,village,544,6.54,Bangalore-Mysore Road,187.08,PUDUNAGARAM,5.42,Balaramapuram,254.15,Cochin Port,89.52,ICD Kanjikode (Palakkad),14.55,Petrapole ICP,1869.49,Cochin International Airport (COK),62.9,MMLP Coimbatore,52.38,Aluva Terminal,70.23,FCI Depot Coimbatore,52.38,Panniyankara,21.54
Pudunagaram (CT),Palakkad,593,627683,village,544,8.1,Bangalore-Mysore Road,186.34,PUDUNAGARAM,1.55,Balaramapuram,254.15,Cochin Port,92.27,ICD Kanjikode (Palakkad),15.68,Petrapole ICP,1866.17,Cochin International Airport (COK),65.43,MMLP Coimbatore,49.1,Aluva Terminal,72.85,FCI Depot Coimbatore,49.1,Palakkad Toll Plaza,20.59
Thathamangalam,Palakkad,593,627655,village,544,9.75,Bangalore-Mysore Road,186.57,PUDUNAGARAM,2.98,Balaramapuram,253.44,Cochin Port,93.92,ICD Kanjikode (Palakkad),17.86,Petrapole ICP,1864.1,Cochin International Airport (COK),66.91,MMLP Coimbatore,47.22,Aluva Terminal,74.4,FCI Depot Coimbatore,47.22,Palakkad Toll Plaza,18.74
Vadavannur,Palakkad,593,627669,village,544,12.41,Bangalore-Mysore Road,189.98,KOLLENGODE,1.45,Balaramapuram,250.17,Cochin Port,90.65,ICD Kanjikode (Palakkad),20.14,Petrapole ICP,1867.17,Cochin International Airport (COK),63.6,MMLP Coimbatore,50.46,Aluva Terminal,71.1,FCI Depot Coimbatore,50.46,Palakkad Toll Plaza,22.07
Chittur (Part),Palakkad,593,627656,village,544,9.6,Bangalore-Mysore Road,183.49,PUDUNAGARAM,7.17,Balaramapuram,256.05,Cochin Port,99.05,ICD Kanjikode (Palakkad),19.13,Petrapole ICP,1858.77,Cochin International Airport (COK),71.97,MMLP Coimbatore,42.07,Aluva Terminal,79.49,FCI Depot Coimbatore,42.07,Palakkad Toll Plaza,13.81
Vandithavalam,Palakkad,593,627667,village,544,12.51,Bangalore-Mysore Road,186.67,MUTHALAMADA,5.67,Balaramapuram,252.9,Cochin Port,96.35,ICD Kanjikode (Palakkad),20.89,Petrapole ICP,1861.28,Cochin International Airport (COK),69.21,MMLP Coimbatore,44.85,Aluva Terminal,76.75,FCI Depot Coimbatore,44.85,Palakkad Toll Plaza,16.83
Pattanchery,Palakkad,593,627668,village,544,14.31,Bangalore-Mysore Road,189.43,MUTHALAMADA,3.77,Balaramapuram,250.2,Cochin Port,93.91,ICD Kanjikode (Palakkad),22.53,Petrapole ICP,1863.58,Cochin International Airport (COK),66.74,MMLP Coimbatore,47.4,Aluva Terminal,74.3,FCI Depot Coimbatore,47.4,Palakkad Toll Plaza,19.55
Perumatty,Palakkad,593,627666,village,544,14.78,Bangalore-Mysore Road,187.51,MUTHALAMADA,4.7,Balaramapuram,251.78,Cochin Port,98.53,ICD Kanjikode (Palakkad),24.8,Petrapole ICP,1858.8,Cochin International Airport (COK),71.31,MMLP Coimbatore,43.24,Aluva Terminal,78.89,FCI Depot Coimbatore,43.24,Palakkad Toll Plaza,16.45
Moolathara,Palakkad,593,627665,village,83,17.62,Bangalore-Mysore Road,189.48,MINATCHIPURAM,4.17,Balaramapuram,249.71,Cochin Port,101.54,ICD Kanjikode (Palakkad),31.05,Petrapole ICP,1855.64,Cochin International Airport (COK),74.3,MMLP Coimbatore,42.22,Aluva Terminal,81.9,FCI Depot Coimbatore,42.22,Palakkad Toll Plaza,18.57
Kozhipathy,Palakkad,593,627663,village,544,13.66,Bangalore-Mysore Road,184.65,MINATCHIPURAM,8.03,Balaramapuram,254.56,Cochin Port,105.58,ICD Kanjikode (Palakkad),29.38,Petrapole ICP,1851.63,Cochin International Airport (COK),78.33,MMLP Coimbatore,37.41,Aluva Terminal,85.93,FCI Depot Coimbatore,37.41,Palakkad Toll Plaza,14.11
Valiyavallampathy,Palakkad,593,627664,village,544,10.95,Bangalore-Mysore Road,182.45,MINATCHIPURAM,10.64,Balaramapuram,256.73,Cochin Port,105.95,ICD Kanjikode (Palakkad),26.89,Petrapole ICP,1851.35,Cochin International Airport (COK),78.72,MMLP Coimbatore,36.18,Aluva Terminal,86.31,FCI Depot Coimbatore,36.18,Palakkad Toll Plaza,11.53
Thekkedesom,Palakkad,593,627657,village,544,10.6,Bangalore-Mysore Road,183.27,MUTHALAMADA,9.01,Balaramapuram,255.98,Cochin Port,102.38,ICD Kanjikode (Palakkad),23.29,Petrapole ICP,1855.09,Cochin International Airport (COK),75.19,MMLP Coimbatore,39.09,Aluva Terminal,82.75,FCI Depot Coimbatore,39.09,Palakkad Toll Plaza,12.11
Nallepilly,Palakkad,593,627658,village,544,6.83,Bangalore-Mysore Road,179.23,KANJIKODE,8.35,Balaramapuram,259.98,Cochin Port,106.27,ICD Kanjikode (Palakkad),22.83,Petrapole ICP,1851.36,Cochin International Airport (COK),79.11,MMLP Coimbatore,35.01,Aluva Terminal,86.67,FCI Depot Coimbatore,35.01,Palakkad Toll Plaza,7.99
Kozhinjampara,Palakkad,593,627659,village,544,7.5,Bangalore-Mysore Road,178.46,KANJIKODE,9.89,Balaramapuram,260.73,Cochin Port,108.95,ICD Kanjikode (Palakkad),25.65,Petrapole ICP,1848.53,Cochin International Airport (COK),81.76,MMLP Coimbatore,32.65,Aluva Terminal,89.33,FCI Depot Coimbatore,32.65,Palakkad Toll Plaza,7.74
Vadakarapathy,Palakkad,593,627660,village,544,5.23,Bangalore-Mysore Road,174.89,WALAYAR,6.98,Balaramapuram,264.34,Cochin Port,113.27,ICD Kanjikode (Palakkad),27.38,Petrapole ICP,1844.26,Cochin International Airport (COK),86.09,MMLP Coimbatore,28.3,Aluva Terminal,93.65,FCI Depot Coimbatore,28.3,Palakkad Toll Plaza,6.38
Eruthempathy,Palakkad,593,627662,village,544,10.53,Bangalore-Mysore Road,179.76,WALAYAR,12.09,Balaramapuram,259.56,Cochin Port,111.25,ICD Kanjikode (Palakkad),30.48,Petrapole ICP,1845.99,Cochin International Airport (COK),84.01,MMLP Coimbatore,31.65,Aluva Terminal,91.61,FCI Depot Coimbatore,31.65,Palakkad Toll Plaza,11.27
Ozhalapathy,Palakkad,593,627661,village,544,7.94,Bangalore-Mysore Road,175.14,WALAYAR,8.76,Balaramapuram,264.35,Cochin Port,116.35,ICD Coimbatore,26.83,Petrapole ICP,1840.96,Cochin International Airport (COK),89.12,MMLP Coimbatore,26.36,Aluva Terminal,96.71,FCI Depot Coimbatore,26.36,Palakkad Toll Plaza,10.58
Mangalam Dam,Palakkad,593,627710,village,544,15.07,Bangalore-Mysore Road,206.77,KOLLENGODE,20.75,Balaramapuram,236.66,Cochin Port,68.85,ICD Kanjikode (Palakkad),33.52,Petrapole ICP,1889.22,Cochin International Airport (COK),42.04,MMLP Coimbatore,72.38,Aluva Terminal,49.43,FCI Depot Kochi,70.76,Panniyankara,16.61
Kizhakkencheri-II,Palakkad,593,627711,village,544,11.6,Bangalore-Mysore Road,206.27,KOLLENGODE,23.89,Balaramapuram,238.62,Cochin Port,67.12,ICD Kanjikode (Palakkad),33.59,Petrapole ICP,1891.85,Cochin International Airport (COK),40.86,MMLP Coimbatore,74.76,Aluva Terminal,48.01,FCI Depot Kochi,69.29,Panniyankara,12.71
Kizhakkencheri-I,Palakkad,593,627712,village,544,6.18,Bangalore-Mysore Road,202.97,LAKKITI,24.67,Balaramapuram,244.28,Cochin Port,67.85,ICD Kanjikode (Palakkad),32.47,Petrapole ICP,1893.51,Cochin International Airport (COK),42.98,MMLP Coimbatore,76.62,Kottapuram Terminal,46.96,FCI Depot Kochi,70.44,Panniyankara,6.46
Vandazhi-I,Palakkad,593,627709,village,544,6.57,Bangalore-Mysore Road,199.61,VADAKANNIKAPURM,19.66,Balaramapuram,244.9,Cochin Port,73.32,ICD Kanjikode (Palakkad),27.04,Petrapole ICP,1886.44,Cochin International Airport (COK),47.34,MMLP Coimbatore,69.35,Kottapuram Terminal,53.98,FCI Depot Coimbatore,69.35,Panniyankara,8.77
Vandazhi-II (CT),Palakkad,593,627708,village,544,3.0,Bangalore-Mysore Road,195.65,VADAKANNIKAPURM,19.23,Balaramapuram,249.14,Cochin Port,76.53,ICD Kanjikode (Palakkad),23.6,Petrapole ICP,1884.16,Cochin International Airport (COK),50.91,MMLP Coimbatore,67.26,Kottapuram Terminal,56.27,FCI Depot Coimbatore,67.26,Panniyankara,6.7
Kizhakkencheri-II,Palakkad,593,627711,village,544,3.98,Bangalore-Mysore Road,198.05,VADAKANNIKAPURM,20.73,Balaramapuram,247.05,Cochin Port,74.06,ICD Kanjikode (Palakkad),26.07,Petrapole ICP,1886.45,Cochin International Airport (COK),48.44,MMLP Coimbatore,69.47,Kottapuram Terminal,53.96,FCI Depot Coimbatore,69.47,Panniyankara,6.27
Vadakkancheri-I (CT),Palakkad,593,627706,village,544,0.36,Bangalore-Mysore Road,196.79,LAKKITI,18.81,Balaramapuram,249.89,Cochin Port,73.94,ICD Kanjikode (Palakkad),26.68,Petrapole ICP,1888.23,Cochin International Airport (COK),49.17,MMLP Coimbatore,71.68,Kottapuram Terminal,52.49,FCI Depot Coimbatore,71.68,Panniyankara,1.28
Vadakkancheri-III(CT),Palakkad,593,627708,village,544,1.29,Bangalore-Mysore Road,195.2,LAKKITI,16.88,Balaramapuram,251.88,Cochin Port,75.19,ICD Kanjikode (Palakkad),25.95,Petrapole ICP,1887.73,Cochin International Airport (COK),50.72,MMLP Coimbatore,71.46,Kottapuram Terminal,53.27,FCI Depot Coimbatore,71.46,Panniyankara,1.38
Kannambra-I,Palakkad,593,627704,village,544,1.32,Bangalore-Mysore Road,196.84,LAKKITI,17.88,Balaramapuram,251.84,Cochin Port,72.91,ICD Kanjikode (Palakkad),29.38,Petrapole ICP,1891.24,Cochin International Airport (COK),49.22,MMLP Coimbatore,75.29,Kottapuram Terminal,50.21,FCI Depot Coimbatore,75.29,Panniyankara,3.99
Kannambra-II (CT),Palakkad,593,627705,village,544,2.82,Bangalore-Mysore Road,193.58,LAKKITI,15.58,Balaramapuram,253.09,Cochin Port,76.94,ICD Kanjikode (Palakkad),24.14,Petrapole ICP,1885.94,Cochin International Airport (COK),52.35,MMLP Coimbatore,69.74,Kottapuram Terminal,55.07,FCI Depot Coimbatore,69.74,Panniyankara,3.06
Vadakkancheri-II,Palakkad,593,627707,village,544,0.26,Bangalore-Mysore Road,193.93,LAKKITI,17.43,Balaramapuram,251.5,Cochin Port,77.49,ICD Kanjikode (Palakkad),22.78,Petrapole ICP,1884.11,Cochin International Airport (COK),52.27,MMLP Coimbatore,67.49,Kottapuram Terminal,56.51,FCI Depot Coimbatore,67.49,Panniyankara,5.08
Puducode,Palakkad,593,627703,village,544,5.87,Bangalore-Mysore Road,191.0,LAKKITI,12.36,Balaramapuram,256.46,Cochin Port,78.97,ICD Kanjikode (Palakkad),23.54,Petrapole ICP,1885.33,Cochin International Airport (COK),54.93,MMLP Coimbatore,69.79,Kottapuram Terminal,56.35,FCI Depot Coimbatore,69.79,Panniyankara,5.91
Tarur-I,Palakkad,593,627696,village,544,8.28,Bangalore-Mysore Road,186.03,LAKKITI,8.1,Balaramapuram,260.64,Cochin Port,84.08,ICD Kanjikode (Palakkad),19.06,Petrapole ICP,1880.55,Cochin International Airport (COK),59.89,MMLP Coimbatore,65.56,Kottapuram Terminal,61.41,FCI Depot Coimbatore,65.56,Panniyankara,10.57
Tarur-II,Palakkad,593,627697,village,544,4.79,Bangalore-Mysore Road,186.24,MANKARAI,10.3,Balaramapuram,258.7,Cochin Port,84.95,ICD Kanjikode (Palakkad),15.94,Petrapole ICP,1877.79,Cochin International Airport (COK),59.93,MMLP Coimbatore,61.92,Kottapuram Terminal,63.32,FCI Depot Coimbatore,61.92,Panniyankara,11.24
Kavasseri-I (CT),Palakkad,593,627701,village,544,1.85,Bangalore-Mysore Road,188.87,MANKARAI,13.16,Balaramapuram,255.77,Cochin Port,82.8,ICD Kanjikode (Palakkad),17.51,Petrapole ICP,1879.08,Cochin International Airport (COK),57.5,MMLP Coimbatore,62.72,Kottapuram Terminal,61.68,FCI Depot Coimbatore,62.72,Panniyankara,9.7
Kavasseri-II,Palakkad,593,627702,village,544,4.25,Bangalore-Mysore Road,189.65,LAKKITI,12.48,Balaramapuram,256.37,Cochin Port,81.01,ICD Kanjikode (Palakkad),20.24,Petrapole ICP,1882.1,Cochin International Airport (COK),56.32,MMLP Coimbatore,66.18,Kottapuram Terminal,59.09,FCI Depot Coimbatore,66.18,Panniyankara,7.14
Alathur (CT),Palakkad,593,627713,village,544,0.03,Bangalore-Mysore Road,189.7,MANKARAI,14.92,Balaramapuram,254.06,Cochin Port,82.96,ICD Kanjikode (Palakkad),17.19,Petrapole ICP,1877.92,Cochin International Airport (COK),57.22,MMLP Coimbatore,61.19,Kottapuram Terminal,62.59,FCI Depot Coimbatore,61.19,Panniyankara,11.33
Melarcode,Palakkad,593,627700,village,544,5.13,Bangalore-Mysore Road,194.42,VADAKANNIKAPURM,13.93,Balaramapuram,248.8,Cochin Port,79.55,ICD Kanjikode (Palakkad),21.28,Petrapole ICP,1880.04,Cochin International Airport (COK),53.33,MMLP Coimbatore,62.96,Kottapuram Terminal,60.37,FCI Depot Coimbatore,62.96,Panniyankara,12.02
Erimayur-I,Palakkad,593,627698,village,544,0.22,Bangalore-Mysore Road,188.73,VADAKANNIKAPURM,13.53,Balaramapuram,254.44,Cochin Port,84.59,ICD Kanjikode (Palakkad),15.75,Petrapole ICP,1875.91,Cochin International Airport (COK),58.65,MMLP Coimbatore,59.08,Kottapuram Terminal,64.54,FCI Depot Coimbatore,59.08,Panniyankara,13.56
Erimayur-II,Palakkad,593,627699,village,544,2.88,Bangalore-Mysore Road,189.26,VADAKANNIKAPURM,10.2,Balaramapuram,253.08,Cochin Port,85.4,ICD Kanjikode (Palakkad),15.96,Petrapole ICP,1874.27,Cochin International Airport (COK),59.1,MMLP Coimbatore,57.23,Kottapuram Terminal,66.13,FCI Depot Coimbatore,57.23,Panniyankara,16.21
Thenkurussi-II,Palakkad,593,627692,village,544,3.6,Bangalore-Mysore Road,187.03,PUDUNAGARAM,8.55,Balaramapuram,254.9,Cochin Port,88.06,ICD Kanjikode (Palakkad),13.8,Petrapole ICP,1871.58,Cochin International Airport (COK),61.71,MMLP Coimbatore,54.56,Kottapuram Terminal,68.82,FCI Depot Coimbatore,54.56,Panniyankara,18.57
Thenkurussi-I,Palakkad,593,627691,village,544,3.54,Bangalore-Mysore Road,182.55,PUDUNAGARAM,6.06,Balaramapuram,258.71,Cochin Port,93.27,ICD Kanjikode (Palakkad),10.09,Petrapole ICP,1866.4,Cochin International Airport (COK),66.86,MMLP Coimbatore,49.45,Kottapuram Terminal,73.99,FCI Depot Coimbatore,49.45,Palakkad Toll Plaza,21.6
Kuzhalmannam-I,Palakkad,593,627693,village,544,0.98,Bangalore-Mysore Road,183.07,PARLI,11.14,Balaramapuram,259.47,Cochin Port,90.46,ICD Kanjikode (Palakkad),9.89,Petrapole ICP,1870.43,Cochin International Airport (COK),64.54,MMLP Coimbatore,53.92,Kottapuram Terminal,70.14,FCI Depot Coimbatore,53.92,Panniyankara,18.46
Kuzhalmannam-II,Palakkad,593,627690,village,544,1.28,Bangalore-Mysore Road,181.88,PALGHAT TOWN,8.34,Balaramapuram,259.91,Cochin Port,92.77,ICD Kanjikode (Palakkad),8.7,Petrapole ICP,1867.56,Cochin International Airport (COK),66.59,MMLP Coimbatore,50.84,Kottapuram Terminal,72.91,FCI Depot Coimbatore,50.84,Panniyankara,21.54
Mathur -I,Palakkad,593,627688,village,544,4.26,Bangalore-Mysore Road,178.42,PARLI,6.31,Balaramapuram,264.31,Cochin Port,94.35,ICD Kanjikode (Palakkad),5.84,Petrapole ICP,1867.62,Cochin International Airport (COK),68.73,MMLP Coimbatore,51.87,Kottapuram Terminal,73.33,FCI Depot Coimbatore,51.87,Panniyankara,21.24
Mathur -II,Palakkad,593,627689,village,544,2.91,Bangalore-Mysore Road,177.53,PARLI,6.62,Balaramapuram,264.58,Cochin Port,96.02,ICD Kanjikode (Palakkad),4.25,Petrapole ICP,1865.42,Cochin International Airport (COK),70.18,MMLP Coimbatore,49.44,Kottapuram Terminal,75.36,FCI Depot Coimbatore,49.44,Panniyankara,23.37
Kottayi-I,Palakkad,593,627686,village,966,8.63,Bangalore-Mysore Road,175.53,MANKARAI,3.51,Balaramapuram,268.37,Cochin Port,95.76,ICD Kanjikode (Palakkad),7.69,Petrapole ICP,1868.14,Cochin International Airport (COK),70.78,MMLP Coimbatore,53.86,Kottapuram Terminal,73.69,FCI Depot Coimbatore,53.86,Panniyankara,21.9
Kottayi-II,Palakkad,593,627687,village,544,7.16,Bangalore-Mysore Road,177.17,PARLI,4.88,Balaramapuram,266.24,Cochin Port,94.7,ICD Kanjikode (Palakkad),6.7,Petrapole ICP,1868.29,Cochin International Airport (COK),69.43,MMLP Coimbatore,53.25,Kottapuram Terminal,73.09,FCI Depot Coimbatore,53.25,Panniyankara,21.05
Peringottukurissi-I,Palakkad,593,627685,village,544,9.52,Bangalore-Mysore Road,178.05,MANKARAI,3.0,Balaramapuram,266.32,Cochin Port,93.02,ICD Kanjikode (Palakkad),9.82,Petrapole ICP,1870.88,Cochin International Airport (COK),68.14,MMLP Coimbatore,56.3,Kottapuram Terminal,70.9,FCI Depot Coimbatore,56.3,Panniyankara,19.15
Peringottukurissi-II,Palakkad,593,627684,village,544,10.95,Bangalore-Mysore Road,180.46,MANKARAI,4.37,Balaramapuram,264.92,Cochin Port,90.04,ICD Kanjikode (Palakkad),13.46,Petrapole ICP,1874.46,Cochin International Airport (COK),65.51,MMLP Coimbatore,59.97,Kottapuram Terminal,67.57,FCI Depot Coimbatore,59.97,Panniyankara,16.23
Kuthannur-II,Palakkad,593,627695,village,544,8.49,Bangalore-Mysore Road,182.35,MANKARAI,6.37,Balaramapuram,262.56,Cochin Port,88.59,ICD Kanjikode (Palakkad),13.27,Petrapole ICP,1874.96,Cochin International Airport (COK),63.75,MMLP Coimbatore,59.76,Kottapuram Terminal,66.57,FCI Depot Coimbatore,59.76,Panniyankara,14.73
Kuthannur-I,Palakkad,593,627694,village,544,5.2,Bangalore-Mysore Road,182.15,MANKARAI,7.87,Balaramapuram,261.59,Cochin Port,89.81,ICD Kanjikode (Palakkad),10.68,Petrapole ICP,1872.51,Cochin International Airport (COK),64.45,MMLP Coimbatore,56.71,Kottapuram Terminal,68.51,FCI Depot Coimbatore,56.71,Panniyankara,16.41
Peruvemba,Palakkad,593,627643,village,544,5.23,Bangalore-Mysore Road,182.7,PUDUNAGARAM,2.33,Balaramapuram,257.6,Cochin Port,95.9,ICD Kanjikode (Palakkad),13.42,Petrapole ICP,1862.79,Cochin International Airport (COK),69.11,MMLP Coimbatore,45.68,Aluva Terminal,76.51,FCI Depot Coimbatore,45.68,Palakkad Toll Plaza,17.26
Polpully,Palakkad,593,627644,village,544,6.91,Bangalore-Mysore Road,180.83,PUDUNAGARAM,7.57,Balaramapuram,258.75,Cochin Port,100.81,ICD Kanjikode (Palakkad),17.18,Petrapole ICP,1857.29,Cochin International Airport (COK),73.81,MMLP Coimbatore,40.34,Aluva Terminal,81.3,FCI Depot Coimbatore,40.34,Palakkad Toll Plaza,11.84
Elappully-I (CT),Palakkad,593,627646,village,544,3.68,Bangalore-Mysore Road,176.4,KANJIKODE,4.81,Balaramapuram,262.88,Cochin Port,107.13,ICD Kanjikode (Palakkad),20.02,Petrapole ICP,1850.89,Cochin International Airport (COK),80.08,MMLP Coimbatore,33.99,Aluva Terminal,87.59,FCI Depot Coimbatore,33.99,Palakkad Toll Plaza,5.67
Elappully-II,Palakkad,593,627645,village,544,6.37,Bangalore-Mysore Road,179.1,KANJIKODE,6.9,Balaramapuram,260.25,Cochin Port,104.04,ICD Kanjikode (Palakkad),19.28,Petrapole ICP,1853.9,Cochin International Airport (COK),76.98,MMLP Coimbatore,37.07,Aluva Terminal,84.49,FCI Depot Coimbatore,37.07,Palakkad Toll Plaza,8.78
Elappully-II,Palakkad,593,627645,village,544,2.73,Bangalore-Mysore Road,175.9,KANJIKODE,4.41,Balaramapuram,263.71,Cochin Port,104.6,ICD Kanjikode (Palakkad),14.99,Petrapole ICP,1854.05,Cochin International Airport (COK),77.74,MMLP Coimbatore,36.94,Aluva Terminal,85.17,FCI Depot Coimbatore,36.94,Palakkad Toll Plaza,8.68
Kodumbu (CT),Palakkad,593,627642,village,544,2.85,Bangalore-Mysore Road,178.34,PALGHAT TOWN,5.53,Balaramapuram,261.83,Cochin Port,99.96,ICD Kanjikode (Palakkad),11.26,Petrapole ICP,1859.13,Cochin International Airport (COK),73.26,MMLP Coimbatore,42.07,Aluva Terminal,80.63,FCI Depot Coimbatore,42.07,Palakkad Toll Plaza,14.07
Kannadi-I (CT),Palakkad,593,627640,village,544,0.43,Bangalore-Mysore Road,179.38,PALGHAT TOWN,4.92,Balaramapuram,261.81,Cochin Port,96.14,ICD Kanjikode (Palakkad),7.31,Petrapole ICP,1863.95,Cochin International Airport (COK),69.83,MMLP Coimbatore,47.21,Kottapuram Terminal,76.49,FCI Depot Coimbatore,47.21,Palakkad Toll Plaza,19.93
Kannadi-II (CT),Palakkad,593,627641,village,544,1.94,Bangalore-Mysore Road,179.46,PALGHAT TOWN,5.21,Balaramapuram,261.0,Cochin Port,98.01,ICD Kanjikode (Palakkad),10.23,Petrapole ICP,1861.27,Cochin International Airport (COK),71.4,MMLP Coimbatore,44.24,Aluva Terminal,78.73,FCI Depot Coimbatore,44.24,Palakkad Toll Plaza,16.32
Palakkad,Palakkad,593,913324,village,966,0.88,Bangalore-Mysore Road,174.46,PALGHAT TOWN,0.35,Balaramapuram,266.33,Cochin Port,101.32,ICD Kanjikode (Palakkad),5.81,Petrapole ICP,1859.09,Cochin International Airport (COK),75.04,MMLP Coimbatore,42.69,Kottapuram Terminal,81.44,FCI Depot Coimbatore,42.69,Palakkad Toll Plaza,16.57
Marutharoad (CT),Palakkad,593,627652,village,544,0.65,Bangalore-Mysore Road,174.5,PALGHAT TOWN,3.7,Balaramapuram,265.7,Cochin Port,103.02,ICD Kanjikode (Palakkad),9.51,Petrapole ICP,1856.64,Cochin International Airport (COK),76.48,MMLP Coimbatore,39.83,Kottapuram Terminal,83.78,FCI Depot Coimbatore,39.83,Palakkad Toll Plaza,12.96
Malampuzha-I,Palakkad,593,627638,village,966,9.19,Bangalore-Mysore Road,164.66,KOTTEKAD,5.73,Balaramapuram,275.43,Cochin Port,111.81,ICD Kanjikode (Palakkad),12.74,Petrapole ICP,1849.2,Cochin International Airport (COK),85.57,MMLP Coimbatore,34.03,Kottapuram Terminal,91.58,FCI Depot Coimbatore,34.03,Palakkad Toll Plaza,13.68
Malampuzha-II (CT),Palakkad,593,627639,village,544,3.37,Bangalore-Mysore Road,171.3,KOTTEKAD,0.97,Balaramapuram,268.73,Cochin Port,106.35,ICD Kanjikode (Palakkad),10.63,Petrapole ICP,1853.53,Cochin International Airport (COK),79.84,MMLP Coimbatore,36.95,Kottapuram Terminal,86.92,FCI Depot Coimbatore,36.95,Palakkad Toll Plaza,11.34
Pudussery West (CT),Palakkad,593,627651,village,544,0.36,Bangalore-Mysore Road,172.86,KANJIKODE,3.85,Balaramapuram,266.86,Cochin Port,106.43,ICD Kanjikode (Palakkad),13.32,Petrapole ICP,1852.76,Cochin International Airport (COK),79.72,MMLP Coimbatore,35.79,Aluva Terminal,87.09,FCI Depot Coimbatore,35.79,Palakkad Toll Plaza,8.74
Pudussery East,Palakkad,593,627647,village,544,2.84,Bangalore-Mysore Road,168.25,CHULLIMADA,1.18,Balaramapuram,270.96,Cochin Port,114.75,ICD Kanjikode (Palakkad),21.76,Petrapole ICP,1843.84,Cochin International Airport (COK),87.83,MMLP Coimbatore,26.74,Aluva Terminal,95.29,FCI Depot Coimbatore,26.74,Palakkad Toll Plaza,3.04
Pudussery Central (CT),Palakkad,593,627650,village,544,0.49,Bangalore-Mysore Road,172.23,KANJIKODE,1.14,Balaramapuram,267.1,Cochin Port,109.69,ICD Kanjikode (Palakkad),18.28,Petrapole ICP,1848.87,Cochin International Airport (COK),82.78,MMLP Coimbatore,31.76,Aluva Terminal,90.24,FCI Depot Coimbatore,31.76,Palakkad Toll Plaza,3.77
Perayam,Kollam,600,916072,village,183,3.05,Bangalore-Mysore Road,374.91,MUNROTURUTTU,3.58,Balaramapuram,77.16,Vizhinjam International Seaport,78.46,ICD Thiruvananthapuram,59.61,Petrapole ICP,2014.9,Trivandrum International Airport (TRV),64.31,MMLP Coimbatore,229.6,Kollam Terminal,10.63,FCI Depot Kochi,113.88,Old Toll Booth,10.15
Neendakara (OG),Kollam,600,628373,village,66,1.06,Bangalore-Mysore Road,378.65,PERINAD,8.45,Balaramapuram,81.49,Vizhinjam International Seaport,81.47,ICD Thiruvananthapuram,63.94,Petrapole ICP,2024.31,Trivandrum International Airport (TRV),67.41,MMLP Coimbatore,234.94,Kollam Terminal,10.2,FCI Depot Kochi,113.77,Old Toll Booth,4.9
Puthuppariyaram 1,Palakkad,593,627648,village,966,1.11,Bangalore-Mysore Road,171.07,PARLI,4.24,Balaramapuram,270.88,Cochin Port,102.06,ICD Kanjikode (Palakkad),2.28,Petrapole ICP,1860.42,Cochin International Airport (COK),76.42,MMLP Coimbatore,45.69,Kottapuram Terminal,80.84,FCI Depot Coimbatore,45.69,Palakkad Toll Plaza,22.16
Puthuppariyaram-I,Palakkad,593,"627648
",village,966,4.95,Bangalore-Mysore Road,163.49,PALAKKAD,9.0,Balaramapuram,277.95,Cochin Port,109.7,ICD Kanjikode (Palakkad),9.87,Petrapole ICP,1853.6,Calicut International Airport (CCJ),77.79,MMLP Coimbatore,40.73,Kottapuram Terminal,88.16,FCI Depot Coimbatore,40.73,Palakkad Toll Plaza,21.59
Akathethara(CT),Palakkad,593,627649,village,966,3.44,Bangalore-Mysore Road,168.68,PALAKKAD,3.17,Balaramapuram,272.19,Cochin Port,106.16,ICD Kanjikode (Palakkad),6.55,Petrapole ICP,1855.34,Cochin International Airport (COK),80.14,MMLP Coimbatore,40.13,Kottapuram Terminal,85.57,FCI Depot Coimbatore,40.13,Palakkad Toll Plaza,17.14
Mundur-I (CT),Palakkad,593,627634,village,966,1.64,Bangalore-Mysore Road,168.21,PARLI,4.18,Balaramapuram,274.57,Cochin Port,103.62,ICD Kanjikode (Palakkad),6.61,Petrapole ICP,1860.49,Calicut International Airport (CCJ),74.73,MMLP Coimbatore,47.44,Kottapuram Terminal,81.6,FCI Depot Coimbatore,47.44,Palakkad Toll Plaza,25.86
Mundur-II,Palakkad,593,627633,village,966,0.58,Bangalore-Mysore Road,165.43,PARLI,7.04,Balaramapuram,277.61,Cochin Port,105.92,ICD Kanjikode (Palakkad),9.65,Petrapole ICP,1859.16,Calicut International Airport (CCJ),72.39,MMLP Coimbatore,47.43,Kottapuram Terminal,83.53,FCI Depot Coimbatore,47.43,Palakkad Toll Plaza,27.5
Parali-I  (CT),Palakkad,593,627635,village,966,4.6,Bangalore-Mysore Road,171.59,PARLI,1.37,Balaramapuram,271.67,Cochin Port,99.98,ICD Kanjikode (Palakkad),5.89,Petrapole ICP,1864.01,Calicut International Airport (CCJ),74.86,MMLP Coimbatore,50.32,Kottapuram Terminal,77.95,FCI Depot Coimbatore,50.32,Panniyankara,26.15
Parali-II (CT),Palakkad,593,627636,village,966,3.52,Bangalore-Mysore Road,172.39,PARLI,1.53,Balaramapuram,270.2,Cochin Port,99.99,ICD Kanjikode (Palakkad),3.12,Petrapole ICP,1863.01,Cochin International Airport (COK),74.58,MMLP Coimbatore,48.51,Kottapuram Terminal,78.46,FCI Depot Coimbatore,48.51,Palakkad Toll Plaza,24.77
Mankara,Palakkad,593,627631,village,966,8.9,Bangalore-Mysore Road,173.23,MANKARAI,2.99,Balaramapuram,271.35,Cochin Port,97.38,ICD Kanjikode (Palakkad),9.93,Petrapole ICP,1867.87,Calicut International Airport (CCJ),71.76,MMLP Coimbatore,54.79,Kottapuram Terminal,74.74,FCI Depot Coimbatore,54.79,Panniyankara,23.56
Mannur,Palakkad,593,627630,village,966,12.11,Bangalore-Mysore Road,173.44,MANKARAI,4.51,Balaramapuram,272.63,Cochin Port,96.41,ICD Kanjikode (Palakkad),14.33,Petrapole ICP,1870.58,Calicut International Airport (CCJ),67.92,MMLP Coimbatore,58.64,Kottapuram Terminal,73.08,FCI Depot Coimbatore,58.64,Panniyankara,23.18
Keralassery,Palakkad,593,627629,village,966,7.86,Bangalore-Mysore Road,169.33,MANKARAI,7.0,Balaramapuram,275.86,Cochin Port,100.75,ICD Kanjikode (Palakkad),12.95,Petrapole ICP,1866.17,Calicut International Airport (CCJ),67.83,MMLP Coimbatore,55.01,Kottapuram Terminal,77.55,FCI Depot Coimbatore,55.01,Panniyankara,27.24
Ottappalam I,Palakkad,593,913322,village,966,18.17,Bangalore-Mysore Road,175.77,OTTAPPALAM,3.45,Balaramapuram,275.36,Cochin Port,93.56,ICD Kanjikode (Palakkad),26.5,Petrapole ICP,1879.05,Calicut International Airport (CCJ),58.46,MMLP Coimbatore,70.09,Kottapuram Terminal,68.56,FCI Depot Coimbatore,70.09,Panniyankara,25.18
Ottappalam II,Palakkad,593,913323,village,544,20.15,Bangalore-Mysore Road,177.67,PALAPPURAM,2.06,Balaramapuram,271.66,Cochin Port,91.59,ICD Kanjikode (Palakkad),22.47,Petrapole ICP,1878.28,Calicut International Airport (CCJ),63.33,MMLP Coimbatore,67.28,Kottapuram Terminal,67.21,FCI Depot Coimbatore,67.28,Panniyankara,21.14
Lakkidi-Perur- I,Palakkad,593,627594,village,966,16.31,Bangalore-Mysore Road,175.32,LAKKITI,3.8,Balaramapuram,272.43,Cochin Port,94.09,ICD Kanjikode (Palakkad),18.67,Petrapole ICP,1874.47,Calicut International Airport (CCJ),65.11,MMLP Coimbatore,63.17,Kottapuram Terminal,70.18,FCI Depot Coimbatore,63.17,Panniyankara,22.04
Lakkidi-Perur- II (CT),Palakkad,593,627595,village,966,14.85,Bangalore-Mysore Road,177.21,LAKKITI,3.72,Balaramapuram,269.1,Cochin Port,92.68,ICD Kanjikode (Palakkad),15.01,Petrapole ICP,1873.68,Cochin International Airport (COK),68.71,MMLP Coimbatore,60.69,Kottapuram Terminal,69.48,FCI Depot Coimbatore,60.69,Panniyankara,19.41
Ambalapara - I,Palakkad,593,627593,village,966,14.02,Bangalore-Mysore Road,171.69,LAKKITI,7.4,Balaramapuram,275.85,Cochin Port,97.69,ICD Kanjikode (Palakkad),18.65,Petrapole ICP,1871.56,Calicut International Airport (CCJ),63.27,MMLP Coimbatore,61.5,Kottapuram Terminal,73.67,FCI Depot Coimbatore,61.5,Panniyankara,25.59
Ambalapara - II (CT),Palakkad,593,627592,village,966,17.0,Bangalore-Mysore Road,172.58,OTTAPPALAM,5.63,Balaramapuram,276.65,Cochin Port,96.66,ICD Kanjikode (Palakkad),22.61,Petrapole ICP,1874.46,Calicut International Airport (CCJ),60.1,MMLP Coimbatore,65.39,Kottapuram Terminal,72.1,FCI Depot Coimbatore,65.39,Panniyankara,26.09
Kadampazhipuram-I,Palakkad,593,627577,village,966,9.85,Bangalore-Mysore Road,165.99,MANKARAI,12.49,Balaramapuram,280.93,Cochin Port,103.42,ICD Kanjikode (Palakkad),19.2,Petrapole ICP,1866.53,Calicut International Airport (CCJ),61.48,MMLP Coimbatore,58.46,Kottapuram Terminal,79.35,FCI Depot Coimbatore,58.46,Panniyankara,31.05
Kadampazhipuram-II,Palakkad,593,627576,village,966,3.96,Bangalore-Mysore Road,162.91,PARLI,12.39,Balaramapuram,282.02,Cochin Port,107.04,ICD Kanjikode (Palakkad),16.19,Petrapole ICP,1861.12,Calicut International Airport (CCJ),65.22,MMLP Coimbatore,52.59,Kottapuram Terminal,83.58,FCI Depot Coimbatore,52.59,Panniyankara,33.65
Karimpuzha-I,Palakkad,593,627574,village,966,4.12,Bangalore-Mysore Road,158.8,OTTAPPALAM,19.31,New Makardhokda,278.84,Cochin Port,110.45,ICD Kanjikode (Palakkad),27.29,Petrapole ICP,1863.55,Calicut International Airport (CCJ),53.95,MMLP Coimbatore,61.12,Kottapuram Terminal,85.63,FCI Depot Coimbatore,61.12,Panniyankara,39.45
Karimpuzha-II,Palakkad,593,627575,village,966,6.63,Bangalore-Mysore Road,159.39,MANKARAI,18.23,New Makardhokda,283.23,Cochin Port,109.99,ICD Kanjikode (Palakkad),22.35,Petrapole ICP,1861.1,Calicut International Airport (CCJ),59.36,MMLP Coimbatore,56.13,Kottapuram Terminal,85.8,FCI Depot Coimbatore,56.13,Panniyankara,37.56
Sreekrishnapuram -I,Palakkad,593,627578,village,966,8.56,Bangalore-Mysore Road,162.42,OTTAPPALAM,15.94,New Makardhokda,283.53,Cochin Port,106.86,ICD Kanjikode (Palakkad),22.96,Petrapole ICP,1864.97,Calicut International Airport (CCJ),57.85,MMLP Coimbatore,59.47,Kottapuram Terminal,82.41,FCI Depot Coimbatore,59.47,Panniyankara,35.11
Sreekrishnapuram -II,Palakkad,593,627579,village,966,11.85,Bangalore-Mysore Road,166.38,OTTAPPALAM,11.8,Balaramapuram,282.17,Cochin Port,102.86,ICD Kanjikode (Palakkad),22.99,Petrapole ICP,1869.08,Calicut International Airport (CCJ),57.82,MMLP Coimbatore,62.32,Kottapuram Terminal,78.28,FCI Depot Coimbatore,62.32,Panniyankara,31.74
Thrikkadeeri -II (Part),Palakkad,593,627580,village,966,9.65,Bangalore-Mysore Road,168.15,Vailapuzha,9.91,New Makardhokda,281.0,Cochin Port,101.47,ICD Kanjikode (Palakkad),30.07,Petrapole ICP,1874.45,Calicut International Airport (CCJ),51.59,MMLP Coimbatore,69.82,Kottapuram Terminal,76.05,FCI Depot Coimbatore,69.82,Panniyankara,33.61
Ananganadi,Palakkad,593,627582,village,966,14.81,Bangalore-Mysore Road,173.12,OTTAPPALAM,7.0,Balaramapuram,278.81,Cochin Port,96.37,ICD Kanjikode (Palakkad),28.55,Petrapole ICP,1877.99,Calicut International Airport (CCJ),55.09,MMLP Coimbatore,70.8,Kottapuram Terminal,71.09,FCI Depot Coimbatore,70.8,Panniyankara,28.73
Vaniyamkulam-I (CT),Palakkad,593,627591,village,966,18.56,Bangalore-Mysore Road,177.6,MANNANUR,4.03,Balaramapuram,275.55,Cochin Port,92.06,ICD Kanjikode (Palakkad),30.61,Petrapole ICP,1882.57,Calicut International Airport (CCJ),56.12,MMLP Coimbatore,74.3,Kottapuram Terminal,66.6,FCI Depot Coimbatore,74.3,Panniyankara,26.36
Vaniyamkulam-II (CT),Palakkad,593,627601,village,966,21.05,Bangalore-Mysore Road,179.52,MANNANUR,2.27,Balaramapuram,272.84,Cochin Port,89.93,ICD Kanjikode (Palakkad),29.06,Petrapole ICP,1883.17,Calicut International Airport (CCJ),58.95,MMLP Coimbatore,73.58,Kottapuram Terminal,64.71,FCI Depot Coimbatore,73.58,Panniyankara,23.5
Shornur I,Palakkad,593,913819,village,966,20.53,Bangalore-Mysore Road,180.18,BHARATHAPUZHA H,1.05,Balaramapuram,274.65,Cochin Port,89.89,ICD Kanjikode (Palakkad),33.86,Petrapole ICP,1886.12,Calicut International Airport (CCJ),55.33,MMLP Coimbatore,77.94,Kottapuram Terminal,64.12,FCI Depot Coimbatore,77.94,Panniyankara,26.83
Shornur II,Palakkad,593,913820,village,966,18.27,Bangalore-Mysore Road,178.1,Vadanam Kurussi Halt,3.09,Balaramapuram,277.39,Cochin Port,92.27,ICD Kanjikode (Palakkad),35.11,Petrapole ICP,1885.2,Calicut International Airport (CCJ),52.62,MMLP Coimbatore,78.37,Kottapuram Terminal,66.34,FCI Depot Kozhikode,75.76,Panniyankara,29.54
Chalavara,Palakkad,593,627583,village,966,13.7,Bangalore-Mysore Road,173.38,Vailapuzha,5.51,Balaramapuram,280.86,Cochin Port,96.71,ICD Kanjikode (Palakkad),33.21,Petrapole ICP,1880.52,Calicut International Airport (CCJ),51.12,MMLP Coimbatore,74.98,Kottapuram Terminal,70.95,FCI Depot Kozhikode,74.5,Panniyankara,31.67
Nellaya,Palakkad,593,627571,village,966,8.73,Bangalore-Mysore Road,168.55,Kulukkalur,4.58,New Makardhokda,276.38,Cochin Port,102.12,ICD Kanjikode (Palakkad),36.59,Petrapole ICP,1877.97,Calicut International Airport (CCJ),45.77,MMLP Coimbatore,75.88,Kottapuram Terminal,76.12,FCI Depot Kozhikode,69.22,Panniyankara,37.58
Cherpulassery (M),Palakkad,593,627572,village,966,7.23,Bangalore-Mysore Road,166.78,Vailapuzha,8.34,New Makardhokda,277.73,Cochin Port,103.25,ICD Kanjikode (Palakkad),33.34,Petrapole ICP,1874.81,Calicut International Airport (CCJ),48.15,MMLP Coimbatore,72.09,Kottapuram Terminal,77.54,FCI Depot Kozhikode,71.64,Panniyankara,36.61
Vellinezhi,Palakkad,593,627573,village,966,8.25,Bangalore-Mysore Road,164.8,OTTAPPALAM,13.66,New Makardhokda,281.05,Cochin Port,104.55,ICD Kanjikode (Palakkad),27.5,Petrapole ICP,1869.96,Calicut International Airport (CCJ),53.29,MMLP Coimbatore,65.56,Kottapuram Terminal,79.47,FCI Depot Coimbatore,65.56,Panniyankara,34.87
Thirumittacode-I (CT),Palakkad,593,627590,village,66,18.24,Bangalore-Mysore Road,183.63,PATTAMBI,4.37,Balaramapuram,277.95,Cochin Port,89.43,ICD Kanjikode (Palakkad),45.49,Petrapole ICP,1894.31,Calicut International Airport (CCJ),48.78,MMLP Coimbatore,89.07,Kottapuram Terminal,62.76,FCI Depot Kozhikode,70.98,Panniyankara,35.46
Thirumittacode-II (CT),Palakkad,593,627602,village,66,18.66,Bangalore-Mysore Road,187.07,PATTAMBI,7.39,Balaramapuram,276.28,Cochin Port,86.88,ICD Kanjikode (Palakkad),48.41,Petrapole ICP,1898.17,Calicut International Airport (CCJ),49.91,MMLP Coimbatore,92.5,Kottapuram Terminal,60.08,FCI Depot Kozhikode,71.58,"Paliyekkara Toll, National Highway 47",34.56
Nagalassery (CT),Palakkad,593,627589,village,66,15.21,Bangalore-Mysore Road,187.29,KODUMUNDA,7.98,Balaramapuram,278.56,Cochin Port,88.31,ICD Kanjikode (Palakkad),52.08,Petrapole ICP,1900.01,Calicut International Airport (CCJ),47.41,MMLP Coimbatore,95.78,Kottapuram Terminal,61.41,FCI Depot Kozhikode,68.62,Devadar Bridge Toll Booth,35.87
Chalissery (CT),Palakkad,593,627588,village,66,12.54,Bangalore-Mysore Road,188.19,KODUMUNDA,9.19,New Makardhokda,277.81,Cochin Port,89.24,ICD Kanjikode (Palakkad),55.77,Petrapole ICP,1902.3,Calicut International Airport (CCJ),45.75,MMLP Coimbatore,99.24,Kottapuram Terminal,62.3,FCI Depot Kozhikode,66.35,Devadar Bridge Toll Booth,32.99
Kappur (CT),Palakkad,593,627587,village,66,7.74,Bangalore-Mysore Road,186.63,PERSSANNUR,7.09,New Makardhokda,273.06,Cochin Port,93.15,ICD Kanjikode (Palakkad),59.7,Petrapole ICP,1902.74,Calicut International Airport (CCJ),41.51,MMLP Coimbatore,102.28,Kottapuram Terminal,66.24,FCI Depot Kozhikode,61.57,Devadar Bridge Toll Booth,27.9
Pattithara (CT),Palakkad,593,627586,village,66,9.15,Bangalore-Mysore Road,183.67,PALLIPPURAM,5.78,New Makardhokda,273.73,Cochin Port,93.89,ICD Kanjikode (Palakkad),55.48,Petrapole ICP,1898.71,Calicut International Airport (CCJ),41.33,MMLP Coimbatore,97.8,Kottapuram Terminal,66.96,FCI Depot Kozhikode,62.4,Devadar Bridge Toll Booth,29.8
Anakkara (CT),Palakkad,593,627566,village,66,3.79,Bangalore-Mysore Road,181.54,PERSSANNUR,1.8,New Makardhokda,268.53,Cochin Port,98.32,ICD Kanjikode (Palakkad),59.55,Petrapole ICP,1898.62,Calicut International Airport (CCJ),36.47,MMLP Coimbatore,100.75,Kottapuram Terminal,71.39,FCI Depot Kozhikode,57.12,Devadar Bridge Toll Booth,24.39
Parudur (CT),Palakkad,593,627567,village,66,7.12,Bangalore-Mysore Road,178.68,PALLIPPURAM,0.99,New Makardhokda,270.89,Cochin Port,98.03,ICD Kanjikode (Palakkad),53.56,Petrapole ICP,1893.93,Calicut International Airport (CCJ),38.09,MMLP Coimbatore,94.66,Kottapuram Terminal,71.13,FCI Depot Kozhikode,59.95,Devadar Bridge Toll Booth,28.91
Muthuthala (CT),Palakkad,593,627599,village,66,11.72,Bangalore-Mysore Road,178.28,KODUMUNDA,1.85,New Makardhokda,274.42,Cochin Port,96.23,ICD Kanjikode (Palakkad),48.66,Petrapole ICP,1891.57,Calicut International Airport (CCJ),41.55,MMLP Coimbatore,90.24,Kottapuram Terminal,69.45,FCI Depot Kozhikode,63.93,Devadar Bridge Toll Booth,33.71
Thrithala (CT),Palakkad,593,627600,village,66,13.34,Bangalore-Mysore Road,182.09,KODUMUNDA,3.24,New Makardhokda,277.09,Cochin Port,92.66,ICD Kanjikode (Palakkad),49.48,Petrapole ICP,1894.94,Calicut International Airport (CCJ),44.25,MMLP Coimbatore,92.12,Kottapuram Terminal,65.83,FCI Depot Kozhikode,66.2,Devadar Bridge Toll Booth,34.82
Pattambi,Palakkad,593,627598,village,66,15.37,Bangalore-Mysore Road,177.97,PATTAMBI,1.88,New Makardhokda,277.08,Cochin Port,95.11,ICD Kanjikode (Palakkad),44.9,Petrapole ICP,1889.68,Calicut International Airport (CCJ),44.33,MMLP Coimbatore,86.86,Kottapuram Terminal,68.48,FCI Depot Kozhikode,67.01,Devadar Bridge Toll Booth,37.39
Ongallur -II (CT),Palakkad,593,627596,village,966,18.87,Bangalore-Mysore Road,178.62,Vadanam Kurussi Halt,0.88,Balaramapuram,278.95,Cochin Port,92.58,ICD Kanjikode (Palakkad),38.85,Petrapole ICP,1887.41,Calicut International Airport (CCJ),49.86,MMLP Coimbatore,81.79,Kottapuram Terminal,66.33,FCI Depot Kozhikode,72.82,Panniyankara,32.41
Ongallur -I (CT),Palakkad,593,627597,village,966,17.67,Bangalore-Mysore Road,176.94,KARAKKAD,3.74,New Makardhokda,278.7,Cochin Port,95.1,ICD Kanjikode (Palakkad),41.68,Petrapole ICP,1887.4,Calicut International Airport (CCJ),46.2,MMLP Coimbatore,83.7,Kottapuram Terminal,68.66,FCI Depot Kozhikode,69.13,Panniyankara,36.11
Vallappuzha,Palakkad,593,627584,village,966,14.46,Bangalore-Mysore Road,173.99,Vailapuzha,0.8,New Makardhokda,278.38,Cochin Port,97.33,ICD Kanjikode (Palakkad),39.02,Petrapole ICP,1883.79,Calicut International Airport (CCJ),46.43,MMLP Coimbatore,80.32,Kottapuram Terminal,71.08,FCI Depot Kozhikode,69.64,Panniyankara,35.77
Kulukkallur,Palakkad,593,627570,village,966,10.17,Bangalore-Mysore Road,169.38,Kulukkalur,1.64,New Makardhokda,273.32,Cochin Port,102.49,ICD Kanjikode (Palakkad),41.36,Petrapole ICP,1880.89,Calicut International Airport (CCJ),41.83,MMLP Coimbatore,80.52,Kottapuram Terminal,76.14,FCI Depot Kozhikode,65.2,Devadar Bridge Toll Booth,39.28
Koppam (CT),Palakkad,593,627585,village,66,12.83,Bangalore-Mysore Road,173.38,Kulukkalur,6.2,New Makardhokda,272.23,Cochin Port,100.27,ICD Kanjikode (Palakkad),46.48,Petrapole ICP,1886.58,Calicut International Airport (CCJ),39.67,MMLP Coimbatore,86.64,Kottapuram Terminal,73.6,FCI Depot Kozhikode,62.62,Devadar Bridge Toll Booth,34.47
Vilayur,Palakkad,593,627569,village,966,9.67,Bangalore-Mysore Road,170.15,Cherukara,6.98,New Makardhokda,268.7,Cochin Port,103.98,ICD Kanjikode (Palakkad),48.03,Petrapole ICP,1884.44,Calicut International Airport (CCJ),36.34,MMLP Coimbatore,86.79,Kottapuram Terminal,77.29,FCI Depot Kozhikode,59.47,Devadar Bridge Toll Booth,32.6
Thiruvegappura (CT),Palakkad,593,627568,village,66,7.41,Bangalore-Mysore Road,173.98,PALLIPPURAM,4.12,New Makardhokda,268.45,Cochin Port,101.89,ICD Kanjikode (Palakkad),51.9,Petrapole ICP,1889.33,Calicut International Airport (CCJ),35.6,MMLP Coimbatore,91.64,Kottapuram Terminal,75.05,FCI Depot Kozhikode,58.15,Devadar Bridge Toll Booth,29.09
Karimba-I,Palakkad,593,627620,village,966,0.25,Bangalore-Mysore Road,158.51,PARLI,14.55,Balaramapuram,285.16,Cochin Port,111.96,ICD Kanjikode (Palakkad),17.18,Petrapole ICP,1855.55,Calicut International Airport (CCJ),67.21,MMLP Coimbatore,47.9,Kottapuram Terminal,88.82,FCI Depot Coimbatore,47.9,Palakkad Toll Plaza,32.18
Karimba -II,Palakkad,593,627621,village,966,0.27,Bangalore-Mysore Road,161.23,PARLI,11.69,Balaramapuram,282.3,Cochin Port,109.47,ICD Kanjikode (Palakkad),14.43,Petrapole ICP,1857.22,Calicut International Airport (CCJ),68.81,MMLP Coimbatore,47.96,Kottapuram Terminal,86.54,FCI Depot Coimbatore,47.96,Palakkad Toll Plaza,30.59
Palakkayam,Palakkad,593,627615,village,966,6.11,Bangalore-Mysore Road,152.63,PARLI,19.75,New Makardhokda,287.19,Cochin Port,118.56,ICD Kanjikode (Palakkad),21.14,Petrapole ICP,1848.48,Calicut International Airport (CCJ),69.74,MMLP Coimbatore,42.67,Kottapuram Terminal,95.7,FCI Depot Coimbatore,42.67,Palakkad Toll Plaza,31.08
Karakurussi,Palakkad,593,627622,village,966,2.48,Bangalore-Mysore Road,156.89,PARLI,18.04,New Makardhokda,284.11,Cochin Port,112.83,ICD Kanjikode (Palakkad),21.31,Petrapole ICP,1856.98,Calicut International Airport (CCJ),62.27,MMLP Coimbatore,51.94,Kottapuram Terminal,89.03,FCI Depot Coimbatore,51.94,Palakkad Toll Plaza,37.13
Thachampara,Palakkad,593,627619,village,966,0.45,Bangalore-Mysore Road,154.55,PARLI,19.23,New Makardhokda,283.84,Cochin Port,115.39,ICD Kanjikode (Palakkad),22.0,Petrapole ICP,1853.99,Calicut International Airport (CCJ),63.62,MMLP Coimbatore,49.54,Kottapuram Terminal,91.77,FCI Depot Coimbatore,49.54,Palakkad Toll Plaza,36.12
Pottassery-I,Palakkad,593,627617,village,966,3.59,Bangalore-Mysore Road,150.53,PARLI,22.75,New Makardhokda,281.58,Cochin Port,119.47,ICD Kanjikode (Palakkad),25.11,Petrapole ICP,1850.31,Calicut International Airport (CCJ),63.66,MMLP Coimbatore,48.09,Kottapuram Terminal,95.84,FCI Depot Coimbatore,48.09,Palakkad Toll Plaza,37.16
Pottassery-II (CT),Palakkad,593,627618,village,966,0.37,Bangalore-Mysore Road,152.51,PARLI,22.21,New Makardhokda,280.54,Cochin Port,117.1,ICD Kanjikode (Palakkad),25.18,Petrapole ICP,1853.83,Calicut International Airport (CCJ),60.69,MMLP Coimbatore,51.67,Kottapuram Terminal,93.12,FCI Depot Coimbatore,51.67,Palakkad Toll Plaza,39.31
Mannarkkad-II,Palakkad,593,627616,village,966,3.66,Bangalore-Mysore Road,148.86,Melattur,24.73,New Makardhokda,278.25,Cochin Port,120.75,ICD Kanjikode (Palakkad),28.04,Petrapole ICP,1850.69,Calicut International Airport (CCJ),60.49,MMLP Coimbatore,50.84,Kottapuram Terminal,96.73,FCI Depot Coimbatore,50.84,Palakkad Toll Plaza,40.59
Mannarkad,Palakkad,593,627616,village,966,3.18,Bangalore-Mysore Road,149.05,Melattur,20.88,New Makardhokda,275.5,Cochin Port,120.27,ICD Kanjikode (Palakkad),30.17,Petrapole ICP,1853.03,Calicut International Airport (CCJ),56.64,MMLP Coimbatore,54.72,Kottapuram Terminal,95.83,FCI Depot Coimbatore,54.72,Palakkad Toll Plaza,44.03
Kumaramputhur,Palakkad,593,627623,village,966,0.97,Bangalore-Mysore Road,154.52,Melattur,19.61,New Makardhokda,277.27,Cochin Port,114.73,ICD Kanjikode (Palakkad),28.16,Petrapole ICP,1858.99,Calicut International Airport (CCJ),54.8,MMLP Coimbatore,58.25,Kottapuram Terminal,90.07,FCI Depot Coimbatore,58.25,Panniyankara,43.06
Payyanedam,Palakkad,593,627608,village,966,5.11,Bangalore-Mysore Road,147.81,Melattur,18.14,New Makardhokda,272.67,Cochin Port,121.44,ICD Kanjikode (Palakkad),32.87,Petrapole ICP,1853.46,Calicut International Airport (CCJ),53.89,MMLP Coimbatore,57.21,Kottapuram Terminal,96.72,FCI Depot Coimbatore,57.21,Palakkad Toll Plaza,46.98
Kottoppadam-I,Palakkad,593,627606,village,966,7.89,Bangalore-Mysore Road,147.15,Melattur,12.54,New Makardhokda,267.94,Cochin Port,122.29,ICD Kanjikode (Palakkad),37.42,Petrapole ICP,1855.86,Calicut International Airport (CCJ),48.25,MMLP Coimbatore,62.69,Kottapuram Terminal,97.05,FCI Depot Coimbatore,62.69,Panniyankara,51.87
Kottoppadam-II (CT),Palakkad,593,627624,village,966,0.2,Bangalore-Mysore Road,154.76,Melattur,15.86,New Makardhokda,274.3,Cochin Port,114.57,ICD Kanjikode (Palakkad),31.46,Petrapole ICP,1861.41,Calicut International Airport (CCJ),50.72,MMLP Coimbatore,62.35,Kottapuram Terminal,89.49,FCI Depot Coimbatore,62.35,Panniyankara,44.09
Kottoppadam-III,Palakkad,593,627607,village,966,4.91,Bangalore-Mysore Road,148.81,Melattur,16.51,New Makardhokda,272.06,Cochin Port,120.45,ICD Kanjikode (Palakkad),33.34,Petrapole ICP,1855.2,Calicut International Airport (CCJ),52.27,MMLP Coimbatore,59.0,Kottapuram Terminal,95.57,FCI Depot Coimbatore,59.0,Palakkad Toll Plaza,48.17
Thachanattukara-I,Palakkad,593,627625,village,966,1.5,Bangalore-Mysore Road,158.21,Cherukara,14.79,New Makardhokda,274.6,Cochin Port,111.33,ICD Kanjikode (Palakkad),32.19,Petrapole ICP,1865.7,Calicut International Airport (CCJ),48.81,MMLP Coimbatore,65.82,Kottapuram Terminal,85.99,FCI Depot Coimbatore,65.82,Panniyankara,41.99
Thachanattukara-II,Palakkad,593,627626,village,966,2.39,Bangalore-Mysore Road,160.99,Cherukara,11.78,New Makardhokda,274.78,Cochin Port,108.81,ICD Kanjikode (Palakkad),33.32,Petrapole ICP,1869.2,Calicut International Airport (CCJ),47.36,MMLP Coimbatore,68.8,Kottapuram Terminal,83.26,FCI Depot Coimbatore,68.8,Panniyankara,40.65
Alanallur-I,Palakkad,593,627603,village,966,4.3,Bangalore-Mysore Road,152.01,Melattur,10.72,New Makardhokda,269.15,Cochin Port,117.69,ICD Kanjikode (Palakkad),36.66,Petrapole ICP,1861.27,Calicut International Airport (CCJ),46.01,MMLP Coimbatore,65.98,Kottapuram Terminal,92.23,FCI Depot Coimbatore,65.98,Panniyankara,48.38
Alanallur-II,Palakkad,593,627604,village,966,7.76,Bangalore-Mysore Road,151.19,Melattur,5.97,New Makardhokda,264.91,Cochin Port,119.23,ICD Kanjikode (Palakkad),41.27,Petrapole ICP,1862.87,Calicut International Airport (CCJ),41.17,MMLP Coimbatore,70.46,Kottapuram Terminal,93.4,FCI Depot Kozhikode,63.86,Devadar Bridge Toll Booth,47.42
Alanallur-III,Palakkad,593,627605,village,966,9.68,Bangalore-Mysore Road,146.86,Melattur,8.37,New Makardhokda,264.45,Cochin Port,123.04,ICD Kanjikode (Palakkad),41.0,Petrapole ICP,1857.72,Calicut International Airport (CCJ),44.01,MMLP Coimbatore,66.85,Kottapuram Terminal,97.46,FCI Depot Kozhikode,66.09,Devadar Bridge Toll Booth,51.79
Padavayal,Palakkad,593,627609,village,966,17.3,Bangalore-Mysore Road,135.25,Tuvvur,27.06,New Makardhokda,270.93,Cochin Port,134.55,ICD Kanjikode (Palakkad),39.48,Petrapole ICP,1838.23,Calicut International Airport (CCJ),62.96,MMLP Coimbatore,48.78,Kottapuram Terminal,110.54,FCI Depot Coimbatore,48.78,Palakkad Toll Plaza,46.69
Pudur,Palakkad,593,627610,village,181,22.0,Bangalore-Mysore Road,128.3,Lovedale,21.89,New Makardhokda,275.53,Cochin Port,144.02,ICD Coimbatore,39.4,Petrapole ICP,1824.92,Calicut International Airport (CCJ),76.19,MMLP Coimbatore,39.17,Kottapuram Terminal,121.08,FCI Depot Coimbatore,39.17,Palakkad Toll Plaza,45.44
Kallamala,Palakkad,593,627614,village,966,10.98,Bangalore-Mysore Road,147.07,PARLI,25.34,New Makardhokda,284.17,Cochin Port,124.27,ICD Kanjikode (Palakkad),26.4,Petrapole ICP,1843.31,Calicut International Airport (CCJ),70.16,MMLP Coimbatore,40.82,Kottapuram Terminal,101.35,FCI Depot Coimbatore,40.82,Palakkad Toll Plaza,33.41
Edappal (CT),Malappuram,592,627563,village,66,4.92,Bangalore-Mysore Road,190.29,KUTTIPPURAM,9.8,New Makardhokda,270.47,Cochin Port,94.09,ICD Kanjikode (Palakkad),67.08,Petrapole ICP,1908.46,Calicut International Airport (CCJ),41.17,MMLP Coimbatore,109.64,Kottapuram Terminal,67.4,FCI Depot Kozhikode,59.23,Devadar Bridge Toll Booth,24.55
Vattamkulam (CT),Malappuram,592,627558,village,66,5.27,Bangalore-Mysore Road,186.19,KUTTIPPURAM,5.89,New Makardhokda,269.98,Cochin Port,95.6,ICD Kanjikode (Palakkad),62.93,Petrapole ICP,1903.66,Calicut International Airport (CCJ),39.06,MMLP Coimbatore,104.99,Kottapuram Terminal,68.74,FCI Depot Kozhikode,58.5,Devadar Bridge Toll Booth,24.49
Kalady (CT),Malappuram,592,627562,village,66,1.78,Bangalore-Mysore Road,185.81,KUTTIPPURAM,5.99,New Makardhokda,266.21,Cochin Port,98.71,ICD Kanjikode (Palakkad),67.05,Petrapole ICP,1904.88,Calicut International Airport (CCJ),36.35,MMLP Coimbatore,108.48,Kottapuram Terminal,71.96,FCI Depot Kozhikode,54.82,Devadar Bridge Toll Booth,20.39
Thavanur (CT),Malappuram,592,627557,village,66,0.04,Bangalore-Mysore Road,182.9,TIRUNNAVAYA,3.95,New Makardhokda,263.53,Cochin Port,101.66,ICD Kanjikode (Palakkad),67.09,Petrapole ICP,1902.5,Calicut International Airport (CCJ),33.28,MMLP Coimbatore,107.73,Kottapuram Terminal,74.87,FCI Depot Kozhikode,52.08,Devadar Bridge Toll Booth,17.97
Purathur (CT),Malappuram,592,627525,village,66,3.21,Bangalore-Mysore Road,188.86,TIRUNNAVAYA,9.58,New Makardhokda,263.32,Cochin Port,100.6,ICD Kanjikode (Palakkad),73.85,Petrapole ICP,1909.72,Calicut International Airport (CCJ),36.54,MMLP Coimbatore,115.21,Kottapuram Terminal,74.16,FCI Depot Kozhikode,52.59,Devadar Bridge Toll Booth,17.83
Mangalam (CT),Malappuram,592,627526,village,66,7.35,Bangalore-Mysore Road,185.83,TIRUR,7.91,New Makardhokda,258.7,Cochin Port,105.22,ICD Kanjikode (Palakkad),75.94,Petrapole ICP,1907.88,Calicut International Airport (CCJ),32.54,MMLP Coimbatore,116.26,Kottapuram Terminal,78.79,FCI Depot Kozhikode,47.98,Devadar Bridge Toll Booth,13.28
Triprangode (CT),Malappuram,592,627534,village,66,4.57,Bangalore-Mysore Road,184.27,TIRUNNAVAYA,5.38,New Makardhokda,260.39,Cochin Port,103.98,ICD Kanjikode (Palakkad),72.29,Petrapole ICP,1905.4,Calicut International Airport (CCJ),32.22,MMLP Coimbatore,112.65,Kottapuram Terminal,77.37,FCI Depot Kozhikode,49.22,Devadar Bridge Toll Booth,14.47
Tirunavaya (CT),Malappuram,592,627535,village,66,3.75,Bangalore-Mysore Road,180.47,TIRUNNAVAYA,1.08,New Makardhokda,259.72,Cochin Port,105.41,ICD Kanjikode (Palakkad),69.14,Petrapole ICP,1901.15,Calicut International Airport (CCJ),29.71,MMLP Coimbatore,108.83,Kottapuram Terminal,78.64,FCI Depot Kozhikode,48.26,Devadar Bridge Toll Booth,14.28
Thalakkad (CT),Malappuram,592,627533,village,66,7.5,Bangalore-Mysore Road,179.49,TIRUR,4.15,New Makardhokda,256.14,Cochin Port,108.64,ICD Kanjikode (Palakkad),72.43,Petrapole ICP,1901.37,Calicut International Airport (CCJ),27.15,MMLP Coimbatore,111.43,Kottapuram Terminal,81.94,FCI Depot Kozhikode,44.75,Devadar Bridge Toll Booth,10.46
Vettom (CT),Malappuram,592,627524,village,66,10.53,Bangalore-Mysore Road,182.66,TIRUR,4.32,New Makardhokda,254.82,Cochin Port,109.2,ICD Kanjikode (Palakkad),77.16,Petrapole ICP,1905.54,Calicut International Airport (CCJ),28.79,MMLP Coimbatore,116.47,Kottapuram Terminal,82.72,FCI Depot Kozhikode,43.99,Devadar Bridge Toll Booth,9.26
Trikkandiyur,Malappuram,592,913311,village,66,8.92,Bangalore-Mysore Road,179.14,TIRUR,1.3,New Makardhokda,253.53,Cochin Port,110.96,ICD Kanjikode (Palakkad),75.18,Petrapole ICP,1901.9,Calicut International Airport (CCJ),25.72,MMLP Coimbatore,113.73,Kottapuram Terminal,84.33,FCI Depot Kozhikode,42.27,Devadar Bridge Toll Booth,7.64
Valavannur,Malappuram,592,627515,village,66,3.7,Bangalore-Mysore Road,175.13,TIRUR,5.4,New Makardhokda,253.91,Cochin Port,111.6,ICD Kanjikode (Palakkad),70.91,Petrapole ICP,1897.08,Calicut International Airport (CCJ),23.44,MMLP Coimbatore,108.77,Kottapuram Terminal,84.79,FCI Depot Kozhikode,42.42,Devadar Bridge Toll Booth,9.95
Ananthavoor,Malappuram,592,627523,village,66,4.12,Bangalore-Mysore Road,176.84,TIRUNNAVAYA,2.81,New Makardhokda,257.85,Cochin Port,107.95,ICD Kanjikode (Palakkad),67.8,Petrapole ICP,1897.59,Calicut International Airport (CCJ),26.8,MMLP Coimbatore,106.57,Kottapuram Terminal,81.1,FCI Depot Kozhikode,46.36,Devadar Bridge Toll Booth,13.68
Naduvattom (CT),Malappuram,592,627536,village,66,2.14,Bangalore-Mysore Road,178.33,KUTTIPPURAM,3.26,New Makardhokda,261.9,Cochin Port,104.34,ICD Kanjikode (Palakkad),64.34,Petrapole ICP,1897.7,Calicut International Airport (CCJ),30.28,MMLP Coimbatore,103.99,Kottapuram Terminal,77.45,FCI Depot Kozhikode,50.44,Devadar Bridge Toll Booth,17.83
Kuttippuram (CT),Malappuram,592,627537,village,66,1.17,Bangalore-Mysore Road,179.18,KUTTIPPURAM,1.73,New Makardhokda,265.14,Cochin Port,101.64,ICD Kanjikode (Palakkad),61.24,Petrapole ICP,1897.31,Calicut International Airport (CCJ),33.09,MMLP Coimbatore,101.53,Kottapuram Terminal,74.72,FCI Depot Kozhikode,53.75,Devadar Bridge Toll Booth,21.38
Irimbiliyam (CT),Malappuram,592,627538,village,66,2.26,Bangalore-Mysore Road,175.88,PERSSANNUR,4.01,New Makardhokda,265.79,Cochin Port,102.57,ICD Kanjikode (Palakkad),57.11,Petrapole ICP,1892.98,Calicut International Airport (CCJ),33.04,MMLP Coimbatore,96.87,Kottapuram Terminal,75.64,FCI Depot Kozhikode,54.82,Devadar Bridge Toll Booth,24.27
Edayur,Malappuram,592,627520,village,66,4.27,Bangalore-Mysore Road,170.42,PERSSANNUR,9.38,New Makardhokda,260.8,Cochin Port,108.33,ICD Kanjikode (Palakkad),58.26,Petrapole ICP,1888.66,Calicut International Airport (CCJ),27.92,MMLP Coimbatore,96.0,Kottapuram Terminal,81.41,FCI Depot Kozhikode,50.36,Devadar Bridge Toll Booth,22.39
Kattiparuthy,Malappuram,592,627532,village,66,0.72,Bangalore-Mysore Road,173.84,PERSSANNUR,6.44,New Makardhokda,261.7,Cochin Port,106.2,ICD Kanjikode (Palakkad),60.24,Petrapole ICP,1892.38,Calicut International Airport (CCJ),29.03,MMLP Coimbatore,98.95,Kottapuram Terminal,79.27,FCI Depot Kozhikode,50.69,Devadar Bridge Toll Booth,20.6
Athavanad,Malappuram,592,627521,village,66,2.24,Bangalore-Mysore Road,174.93,TIRUNNAVAYA,5.39,New Makardhokda,259.03,Cochin Port,107.68,ICD Kanjikode (Palakkad),64.54,Petrapole ICP,1894.84,Calicut International Airport (CCJ),26.98,MMLP Coimbatore,103.1,Kottapuram Terminal,80.77,FCI Depot Kozhikode,47.69,Devadar Bridge Toll Booth,16.43
Kurumbathur,Malappuram,592,627522,village,66,0.73,Bangalore-Mysore Road,173.44,TIRUNNAVAYA,6.21,New Makardhokda,256.44,Cochin Port,110.15,ICD Kanjikode (Palakkad),66.33,Petrapole ICP,1894.13,Calicut International Airport (CCJ),24.49,MMLP Coimbatore,104.19,Kottapuram Terminal,83.25,FCI Depot Kozhikode,45.1,Devadar Bridge Toll Booth,14.37
Melmuri,Malappuram,592,627519,village,66,3.79,Bangalore-Mysore Road,168.88,TIRUNNAVAYA,11.34,New Makardhokda,256.25,Cochin Port,112.05,ICD Kanjikode (Palakkad),62.57,Petrapole ICP,1888.8,Calicut International Airport (CCJ),23.41,MMLP Coimbatore,99.29,Kottapuram Terminal,85.12,FCI Depot Kozhikode,45.62,Devadar Bridge Toll Booth,18.36
Marakkara (CT),Malappuram,592,627517,village,66,1.49,Bangalore-Mysore Road,170.45,TIRUNNAVAYA,9.19,New Makardhokda,254.32,Cochin Port,112.8,ICD Kanjikode (Palakkad),66.26,Petrapole ICP,1891.44,Calicut International Airport (CCJ),21.93,MMLP Coimbatore,103.12,Kottapuram Terminal,85.89,FCI Depot Kozhikode,43.21,Devadar Bridge Toll Booth,14.54
Ponmala,Malappuram,592,627518,village,66,5.72,Bangalore-Mysore Road,163.92,TIRUNNAVAYA,15.76,New Makardhokda,251.46,Cochin Port,117.48,ICD Kanjikode (Palakkad),64.53,Petrapole ICP,1884.92,Calicut International Airport (CCJ),18.62,MMLP Coimbatore,99.22,Kottapuram Terminal,90.55,FCI Depot Kozhikode,41.5,Devadar Bridge Toll Booth,18.52
Kottakkal,Malappuram,592,627527,village,66,1.89,Bangalore-Mysore Road,166.86,TIRUNNAVAYA,12.87,New Makardhokda,251.02,Cochin Port,116.58,ICD Kanjikode (Palakkad),67.3,Petrapole ICP,1888.52,Calicut International Airport (CCJ),18.33,MMLP Coimbatore,102.8,Kottapuram Terminal,89.65,FCI Depot Kozhikode,40.26,Devadar Bridge Toll Booth,14.74
Kalpakancheri,Malappuram,592,627516,village,66,1.21,Bangalore-Mysore Road,172.39,TIRUNNAVAYA,7.79,New Makardhokda,253.2,Cochin Port,112.99,ICD Kanjikode (Palakkad),69.3,Petrapole ICP,1894.16,Calicut International Airport (CCJ),21.7,MMLP Coimbatore,106.48,Kottapuram Terminal,86.12,FCI Depot Kozhikode,41.8,Devadar Bridge Toll Booth,11.35
Perumanna (CT),Malappuram,592,627528,village,66,1.48,Bangalore-Mysore Road,169.87,TIRUR,8.51,New Makardhokda,248.12,Cochin Port,117.78,ICD Kanjikode (Palakkad),73.2,Petrapole ICP,1893.05,Calicut International Airport (CCJ),17.2,MMLP Coimbatore,109.11,Kottapuram Terminal,90.95,FCI Depot Kozhikode,36.71,Devadar Bridge Toll Booth,8.5
Ponmundam (CT),Malappuram,592,627529,village,66,3.92,Bangalore-Mysore Road,172.54,TIRUR,5.8,New Makardhokda,249.03,Cochin Port,116.3,ICD Kanjikode (Palakkad),74.4,Petrapole ICP,1895.82,Calicut International Airport (CCJ),19.26,MMLP Coimbatore,111.04,Kottapuram Terminal,89.53,FCI Depot Kozhikode,37.53,Devadar Bridge Toll Booth,6.42
Cheriyamundam (CT),Malappuram,592,627531,village,66,5.8,Bangalore-Mysore Road,175.79,TIRUR,3.26,New Makardhokda,252.43,Cochin Port,112.64,ICD Kanjikode (Palakkad),73.29,Petrapole ICP,1898.4,Calicut International Airport (CCJ),23.0,MMLP Coimbatore,111.08,Kottapuram Terminal,85.9,FCI Depot Kozhikode,40.96,Devadar Bridge Toll Booth,7.68
Tirur,Malappuram,592,913312,village,66,8.66,Bangalore-Mysore Road,177.29,TIRUR,1.14,New Makardhokda,251.26,Cochin Port,113.3,ICD Kanjikode (Palakkad),76.07,Petrapole ICP,1900.54,Calicut International Airport (CCJ),23.5,MMLP Coimbatore,113.98,Kottapuram Terminal,86.66,FCI Depot Kozhikode,39.95,Devadar Bridge Toll Booth,5.53
Niramaruthur (CT),Malappuram,592,627514,village,66,10.83,Bangalore-Mysore Road,179.09,TIRUR,3.23,New Makardhokda,250.1,Cochin Port,114.01,ICD Kanjikode (Palakkad),79.15,Petrapole ICP,1902.99,Calicut International Airport (CCJ),24.55,MMLP Coimbatore,117.2,Kottapuram Terminal,87.51,FCI Depot Kozhikode,39.16,Devadar Bridge Toll Booth,4.45
Tanalur (CT),Malappuram,592,627530,village,66,7.78,Bangalore-Mysore Road,175.97,TIRUR,3.72,New Makardhokda,248.52,Cochin Port,115.96,ICD Kanjikode (Palakkad),78.06,Petrapole ICP,1899.92,Calicut International Airport (CCJ),21.56,MMLP Coimbatore,115.33,Kottapuram Terminal,89.34,FCI Depot Kozhikode,37.25,Devadar Bridge Toll Booth,2.84
Tanur,Malappuram,592,627512,village,66,8.94,Bangalore-Mysore Road,175.08,TANUR,0.82,New Makardhokda,244.79,Cochin Port,119.43,ICD Kanjikode (Palakkad),81.6,Petrapole ICP,1900.05,Calicut International Airport (CCJ),20.02,MMLP Coimbatore,118.17,Kottapuram Terminal,92.9,FCI Depot Kozhikode,33.73,Devadar Bridge Toll Booth,1.16
Ozhur (CT),Malappuram,592,627513,village,66,4.75,Bangalore-Mysore Road,172.47,TANUR,4.36,New Makardhokda,246.25,Cochin Port,118.67,ICD Kanjikode (Palakkad),77.62,Petrapole ICP,1896.64,Calicut International Airport (CCJ),18.07,MMLP Coimbatore,113.86,Kottapuram Terminal,91.97,FCI Depot Kozhikode,34.78,Devadar Bridge Toll Booth,3.83
Pariyapuram,Malappuram,592,627511,village,66,7.22,Bangalore-Mysore Road,172.21,TANUR,2.4,New Makardhokda,242.0,Cochin Port,122.43,ICD Kanjikode (Palakkad),82.34,Petrapole ICP,1897.63,Calicut International Airport (CCJ),17.08,MMLP Coimbatore,117.95,Kottapuram Terminal,95.84,FCI Depot Kozhikode,30.75,Devadar Bridge Toll Booth,4.14
Moorkkanad (CT),Malappuram,592,627508,village,966,7.64,Bangalore-Mysore Road,167.93,Angadippuram,9.79,New Makardhokda,262.94,Cochin Port,108.31,ICD Kanjikode (Palakkad),53.46,Petrapole ICP,1884.63,Calicut International Airport (CCJ),30.4,MMLP Coimbatore,90.77,Kottapuram Terminal,81.48,FCI Depot Kozhikode,53.47,Devadar Bridge Toll Booth,27.37
Kuruvambalam,Malappuram,592,627507,village,966,5.58,Bangalore-Mysore Road,165.78,Angadippuram,6.49,New Makardhokda,263.86,Cochin Port,109.06,ICD Kanjikode (Palakkad),50.57,Petrapole ICP,1881.54,Calicut International Airport (CCJ),31.93,MMLP Coimbatore,87.3,Kottapuram Terminal,82.34,FCI Depot Kozhikode,55.27,Devadar Bridge Toll Booth,30.6
Pulamanthole,Malappuram,592,627506,village,966,5.84,Bangalore-Mysore Road,166.29,Cherukara,4.4,New Makardhokda,266.4,Cochin Port,107.5,ICD Kanjikode (Palakkad),47.75,Petrapole ICP,1880.86,Calicut International Airport (CCJ),34.71,MMLP Coimbatore,84.95,Kottapuram Terminal,80.88,FCI Depot Kozhikode,58.08,Devadar Bridge Toll Booth,33.25
Elamkulam,Malappuram,592,627505,village,966,7.14,Bangalore-Mysore Road,166.28,Cherukara,2.51,New Makardhokda,271.05,Cochin Port,105.57,ICD Kanjikode (Palakkad),41.75,Petrapole ICP,1878.28,Calicut International Airport (CCJ),40.21,MMLP Coimbatore,79.5,Kottapuram Terminal,79.24,FCI Depot Kozhikode,63.66,Devadar Bridge Toll Booth,39.18
Anamangad,Malappuram,592,627504,village,966,3.8,Bangalore-Mysore Road,163.03,Cherukara,4.13,New Makardhokda,270.45,Cochin Port,108.2,ICD Kanjikode (Palakkad),40.13,Petrapole ICP,1874.5,Calicut International Airport (CCJ),40.87,MMLP Coimbatore,76.43,Kottapuram Terminal,82.05,FCI Depot Kozhikode,64.35,Devadar Bridge Toll Booth,41.59
Aliparamba,Malappuram,592,627503,village,966,2.91,Bangalore-Mysore Road,162.79,Cherukara,8.18,New Makardhokda,273.47,Cochin Port,107.55,ICD Kanjikode (Palakkad),36.07,Petrapole ICP,1872.35,Calicut International Airport (CCJ),44.74,MMLP Coimbatore,72.5,Kottapuram Terminal,81.7,FCI Depot Kozhikode,68.19,Panniyankara,41.09
Thazhekode,Malappuram,592,627502,village,966,0.2,Bangalore-Mysore Road,159.06,Cherukara,7.83,New Makardhokda,269.27,Cochin Port,111.67,ICD Kanjikode (Palakkad),39.21,Petrapole ICP,1870.18,Calicut International Airport (CCJ),41.48,MMLP Coimbatore,73.39,Kottapuram Terminal,85.69,FCI Depot Kozhikode,64.82,Devadar Bridge Toll Booth,44.15
Arakkuparamba,Malappuram,592,627501,village,966,2.46,Bangalore-Mysore Road,155.7,Melattur,11.02,New Makardhokda,270.1,Cochin Port,114.28,ICD Kanjikode (Palakkad),36.64,Petrapole ICP,1865.38,Calicut International Airport (CCJ),44.64,MMLP Coimbatore,68.68,Kottapuram Terminal,88.63,FCI Depot Kozhikode,67.72,Panniyankara,46.02
Vettathur,Malappuram,592,627500,village,966,5.02,Bangalore-Mysore Road,154.21,Melattur,7.39,New Makardhokda,266.36,Cochin Port,116.38,ICD Kanjikode (Palakkad),40.55,Petrapole ICP,1865.79,Calicut International Airport (CCJ),40.86,MMLP Coimbatore,71.74,Kottapuram Terminal,90.47,FCI Depot Kozhikode,63.86,Devadar Bridge Toll Booth,45.8
Edappatta,Malappuram,592,627489,village,966,12.03,Bangalore-Mysore Road,146.97,Melattur,4.2,New Makardhokda,261.1,Cochin Port,123.68,ICD Kanjikode (Palakkad),44.62,Petrapole ICP,1859.86,Calicut International Airport (CCJ),39.69,MMLP Coimbatore,71.12,Kottapuram Terminal,97.79,FCI Depot Kozhikode,61.8,Devadar Bridge Toll Booth,47.9
Melattur,Malappuram,592,627490,village,966,8.58,Bangalore-Mysore Road,149.75,Melattur,1.1,New Makardhokda,260.02,Cochin Port,121.77,ICD Kanjikode (Palakkad),46.48,Petrapole ICP,1863.9,Calicut International Airport (CCJ),36.11,MMLP Coimbatore,75.05,Kottapuram Terminal,95.62,FCI Depot Kozhikode,58.65,Devadar Bridge Toll Booth,43.54
Kariavattom,Malappuram,592,627499,village,966,3.24,Bangalore-Mysore Road,155.15,Pattikkad,2.93,New Makardhokda,262.96,Cochin Port,116.67,ICD Kanjikode (Palakkad),45.03,Petrapole ICP,1868.93,Calicut International Airport (CCJ),35.93,MMLP Coimbatore,76.86,Kottapuram Terminal,90.42,FCI Depot Kozhikode,59.09,Devadar Bridge Toll Booth,40.75
Keezhattur,Malappuram,592,627491,village,966,5.93,Bangalore-Mysore Road,152.44,Pattikkad,2.37,New Makardhokda,259.06,Cochin Port,120.09,ICD Kanjikode (Palakkad),48.54,Petrapole ICP,1867.71,Calicut International Airport (CCJ),32.9,MMLP Coimbatore,78.82,Kottapuram Terminal,93.73,FCI Depot Kozhikode,55.83,Devadar Bridge Toll Booth,39.43
Nenmini,Malappuram,592,627492,village,966,8.31,Bangalore-Mysore Road,150.75,Pattikkad,4.96,New Makardhokda,255.74,Cochin Port,122.62,ICD Kanjikode (Palakkad),51.79,Petrapole ICP,1867.37,Calicut International Airport (CCJ),30.05,MMLP Coimbatore,81.14,Kottapuram Terminal,96.15,FCI Depot Kozhikode,52.77,Devadar Bridge Toll Booth,37.92
Mankada,Malappuram,592,627493,village,966,5.18,Bangalore-Mysore Road,154.99,Pattikkad,6.85,New Makardhokda,255.01,Cochin Port,120.15,ICD Kanjikode (Palakkad),54.57,Petrapole ICP,1872.82,Calicut International Airport (CCJ),26.2,MMLP Coimbatore,86.11,Kottapuram Terminal,93.47,FCI Depot Kozhikode,49.46,Devadar Bridge Toll Booth,32.29
Valambur,Malappuram,592,627497,village,966,1.96,Bangalore-Mysore Road,157.91,Angadippuram,2.79,New Makardhokda,259.89,Cochin Port,115.95,ICD Kanjikode (Palakkad),50.21,Petrapole ICP,1873.93,Calicut International Airport (CCJ),30.47,MMLP Coimbatore,83.37,Kottapuram Terminal,89.38,FCI Depot Kozhikode,53.89,Devadar Bridge Toll Booth,34.21
Perinthalmanna,Malappuram,592,913314,village,966,0.47,Bangalore-Mysore Road,158.77,Angadippuram,3.03,New Makardhokda,264.1,Cochin Port,113.59,ICD Kanjikode (Palakkad),45.5,Petrapole ICP,1872.78,Calicut International Airport (CCJ),35.18,MMLP Coimbatore,79.31,Kottapuram Terminal,87.22,FCI Depot Kozhikode,58.59,Devadar Bridge Toll Booth,38.14
Pathaikkara,Malappuram,592,913315,village,966,3.22,Bangalore-Mysore Road,162.58,Cherukara,2.17,New Makardhokda,266.73,Cochin Port,109.86,ICD Kanjikode (Palakkad),44.58,Petrapole ICP,1876.06,Calicut International Airport (CCJ),36.52,MMLP Coimbatore,80.36,Kottapuram Terminal,83.45,FCI Depot Kozhikode,60.0,Devadar Bridge Toll Booth,37.36
Angadippuram (CT),Malappuram,592,627498,village,966,1.27,Bangalore-Mysore Road,161.76,Angadippuram,1.94,New Makardhokda,263.1,Cochin Port,111.96,ICD Kanjikode (Palakkad),48.62,Petrapole ICP,1877.0,Calicut International Airport (CCJ),32.49,MMLP Coimbatore,83.72,Kottapuram Terminal,85.37,FCI Depot Kozhikode,55.97,Devadar Bridge Toll Booth,33.77
Puzhakkattiri,Malappuram,592,627496,village,966,1.94,Bangalore-Mysore Road,162.3,Angadippuram,8.06,New Makardhokda,257.85,Cochin Port,114.3,ICD Kanjikode (Palakkad),55.54,Petrapole ICP,1880.25,Calicut International Airport (CCJ),26.06,MMLP Coimbatore,90.37,Kottapuram Terminal,87.48,FCI Depot Kozhikode,49.48,Devadar Bridge Toll Booth,27.09
Kuruva (CT),Malappuram,592,627495,village,966,2.16,Bangalore-Mysore Road,162.46,Angadippuram,9.38,New Makardhokda,256.87,Cochin Port,114.77,ICD Kanjikode (Palakkad),56.87,Petrapole ICP,1880.89,Calicut International Airport (CCJ),24.87,MMLP Coimbatore,91.65,Kottapuram Terminal,87.93,FCI Depot Kozhikode,48.26,Devadar Bridge Toll Booth,25.82
Kodur (CT),Malappuram,592,627510,village,966,2.61,Bangalore-Mysore Road,160.41,Angadippuram,15.24,New Makardhokda,250.53,Cochin Port,119.72,ICD Kanjikode (Palakkad),63.21,Petrapole ICP,1881.18,Calicut International Airport (CCJ),18.25,MMLP Coimbatore,96.63,Kottapuram Terminal,92.81,FCI Depot Kozhikode,41.64,Devadar Bridge Toll Booth,21.71
Vadakkangara (CT),Malappuram,592,627494,village,966,1.69,Bangalore-Mysore Road,158.52,Angadippuram,8.75,New Makardhokda,254.82,Cochin Port,118.13,ICD Kanjikode (Palakkad),56.79,Petrapole ICP,1877.11,Calicut International Airport (CCJ),24.02,MMLP Coimbatore,89.87,Kottapuram Terminal,91.34,FCI Depot Kozhikode,47.5,Devadar Bridge Toll Booth,28.05
Koottilangadi (CT),Malappuram,592,627509,village,966,2.8,Bangalore-Mysore Road,155.6,Angadippuram,12.73,New Makardhokda,250.37,Cochin Port,122.3,ICD Kanjikode (Palakkad),60.47,Petrapole ICP,1875.62,Calicut International Airport (CCJ),20.22,MMLP Coimbatore,92.02,Kottapuram Terminal,95.46,FCI Depot Kozhikode,43.59,Devadar Bridge Toll Booth,27.21
Edarikode,Malappuram,592,916102,village,66,1.06,Bangalore-Mysore Road,167.12,TANUR,11.26,New Makardhokda,247.23,Cochin Port,119.35,ICD Kanjikode (Palakkad),72.05,Petrapole ICP,1890.2,Calicut International Airport (CCJ),15.31,MMLP Coimbatore,107.15,Kottapuram Terminal,92.47,FCI Depot Kozhikode,36.07,Devadar Bridge Toll Booth,10.96
Nannambra (CT),Malappuram,592,627555,village,66,4.2,Bangalore-Mysore Road,170.09,TANUR,4.55,New Makardhokda,242.93,Cochin Port,122.05,ICD Kanjikode (Palakkad),79.49,Petrapole ICP,1894.97,Calicut International Airport (CCJ),15.21,MMLP Coimbatore,114.76,Kottapuram Terminal,95.35,FCI Depot Kozhikode,31.45,Devadar Bridge Toll Booth,5.38
Tirurangadi,Malappuram,592,627553,village,66,3.46,Bangalore-Mysore Road,167.91,PARPANANGADI,5.2,New Makardhokda,240.23,Cochin Port,124.87,ICD Kanjikode (Palakkad),80.88,Petrapole ICP,1893.31,Calicut International Airport (CCJ),12.82,MMLP Coimbatore,115.3,Kottapuram Terminal,98.16,FCI Depot Kozhikode,28.73,Devadar Bridge Toll Booth,7.79
Parappanangadi,Malappuram,592,627540,village,66,6.38,Bangalore-Mysore Road,169.1,PARPANANGADI,1.1,New Makardhokda,235.57,Cochin Port,128.74,ICD Kanjikode (Palakkad),87.16,Petrapole ICP,1895.86,Calicut International Airport (CCJ),14.79,MMLP Coimbatore,121.26,Kottapuram Terminal,102.2,FCI Depot Kozhikode,24.42,Malappuram Toll Plaza,8.36
Neduva (CT),Malappuram,592,627554,village,66,4.92,Bangalore-Mysore Road,168.12,PARPANANGADI,1.01,New Makardhokda,236.28,Cochin Port,128.29,ICD Kanjikode (Palakkad),85.59,Petrapole ICP,1894.6,Calicut International Airport (CCJ),13.45,MMLP Coimbatore,119.56,Kottapuram Terminal,101.68,FCI Depot Kozhikode,24.92,Malappuram Toll Plaza,8.97
Moonniyur (CT),Malappuram,592,627545,village,66,0.81,Bangalore-Mysore Road,164.25,PARPANANGADI,5.12,New Makardhokda,235.5,Cochin Port,129.79,ICD Kanjikode (Palakkad),83.58,Petrapole ICP,1890.53,Calicut International Airport (CCJ),9.36,MMLP Coimbatore,116.51,Kottapuram Terminal,103.06,FCI Depot Kozhikode,24.03,Malappuram Toll Plaza,9.2
Ariyallur(CT),Malappuram,592,627544,village,66,4.25,Bangalore-Mysore Road,164.97,VALLIKUNNU,0.44,New Makardhokda,231.53,Cochin Port,133.11,ICD Kanjikode (Palakkad),88.61,Petrapole ICP,1892.28,Calicut International Airport (CCJ),12.07,MMLP Coimbatore,121.25,Kottapuram Terminal,106.5,FCI Depot Kozhikode,20.11,Malappuram Toll Plaza,4.37
Vallikkunnu (CT),Malappuram,592,627539,village,66,4.92,Bangalore-Mysore Road,162.41,KADALUNDI,2.31,New Makardhokda,228.05,Cochin Port,136.72,ICD Kanjikode (Palakkad),90.73,Petrapole ICP,1890.26,Calicut International Airport (CCJ),11.91,MMLP Coimbatore,122.32,Kottapuram Terminal,110.09,FCI Depot Kozhikode,16.57,Malappuram Toll Plaza,2.24
Thenhippalam (CT),Malappuram,592,627543,village,66,0.52,Bangalore-Mysore Road,160.41,VALLIKUNNU,5.27,New Makardhokda,230.73,Cochin Port,134.82,ICD Kanjikode (Palakkad),86.37,Petrapole ICP,1887.5,Calicut International Airport (CCJ),7.51,MMLP Coimbatore,117.74,Kottapuram Terminal,108.07,FCI Depot Kozhikode,19.44,Malappuram Toll Plaza,6.76
Peruvallur (CT),Malappuram,592,627546,village,66,4.23,Bangalore-Mysore Road,159.3,VALLIKUNNU,9.3,New Makardhokda,234.76,Cochin Port,131.76,ICD Kanjikode (Palakkad),81.05,Petrapole ICP,1885.25,Calicut International Airport (CCJ),4.17,MMLP Coimbatore,112.52,Kottapuram Terminal,104.92,FCI Depot Kozhikode,24.08,Malappuram Toll Plaza,11.99
Kannamangalam (CT),Malappuram,592,627547,village,966,5.1,Bangalore-Mysore Road,158.59,PARPANANGADI,13.96,New Makardhokda,239.04,Cochin Port,128.63,ICD Kanjikode (Palakkad),75.65,Petrapole ICP,1883.21,Calicut International Airport (CCJ),6.18,MMLP Coimbatore,107.35,Kottapuram Terminal,101.72,FCI Depot Kozhikode,29.11,Devadar Bridge Toll Booth,17.06
Abdu Rahiman Nagar (CT),Malappuram,592,627552,village,66,0.81,Bangalore-Mysore Road,163.65,PARPANANGADI,7.22,New Makardhokda,237.8,Cochin Port,128.0,ICD Kanjikode (Palakkad),80.5,Petrapole ICP,1889.24,Calicut International Airport (CCJ),8.55,MMLP Coimbatore,113.54,Kottapuram Terminal,101.21,FCI Depot Kozhikode,26.49,Devadar Bridge Toll Booth,12.01
Vengara (CT),Malappuram,592,627551,village,66,2.22,Bangalore-Mysore Road,163.27,PARPANANGADI,10.9,New Makardhokda,241.36,Cochin Port,125.22,ICD Kanjikode (Palakkad),76.09,Petrapole ICP,1887.75,Calicut International Airport (CCJ),9.58,MMLP Coimbatore,109.44,Kottapuram Terminal,98.36,FCI Depot Kozhikode,30.39,Devadar Bridge Toll Booth,12.43
Parappur(CT),Malappuram,592,627550,village,66,3.79,Bangalore-Mysore Road,164.32,TANUR,13.26,New Makardhokda,245.78,Cochin Port,121.43,ICD Kanjikode (Palakkad),71.64,Petrapole ICP,1887.5,Calicut International Airport (CCJ),13.24,MMLP Coimbatore,105.8,Kottapuram Terminal,94.52,FCI Depot Kozhikode,35.02,Devadar Bridge Toll Booth,13.24
Othukkungal (CT),Malappuram,592,627549,village,66,6.06,Bangalore-Mysore Road,162.5,TIRUR,16.53,New Makardhokda,247.23,Cochin Port,121.05,ICD Kanjikode (Palakkad),68.6,Petrapole ICP,1884.89,Calicut International Airport (CCJ),14.35,MMLP Coimbatore,102.38,Kottapuram Terminal,94.12,FCI Depot Kozhikode,37.12,Devadar Bridge Toll Booth,16.45
Oorakam (CT),Malappuram,592,627548,village,966,5.15,Bangalore-Mysore Road,157.8,PARPANANGADI,18.01,New Makardhokda,242.64,Cochin Port,126.27,ICD Kanjikode (Palakkad),70.95,Petrapole ICP,1881.13,Calicut International Airport (CCJ),10.11,MMLP Coimbatore,102.72,Kottapuram Terminal,99.34,FCI Depot Kozhikode,33.53,Devadar Bridge Toll Booth,19.17
Panakkad,Malappuram,592,913320,village,966,2.73,Bangalore-Mysore Road,158.0,Angadippuram,18.99,New Makardhokda,246.05,Cochin Port,123.81,ICD Kanjikode (Palakkad),67.03,Petrapole ICP,1880.13,Calicut International Airport (CCJ),13.93,MMLP Coimbatore,99.18,Kottapuram Terminal,96.88,FCI Depot Kozhikode,37.4,Devadar Bridge Toll Booth,20.96
Malappuram,Malappuram,592,913321,village,966,0.86,Bangalore-Mysore Road,157.82,Angadippuram,15.61,New Makardhokda,248.79,Cochin Port,122.1,ICD Kanjikode (Palakkad),63.65,Petrapole ICP,1878.86,Calicut International Airport (CCJ),17.2,MMLP Coimbatore,95.97,Kottapuram Terminal,95.19,FCI Depot Kozhikode,40.68,Devadar Bridge Toll Booth,23.25
Melmuri,Malappuram,592,913316,village,966,0.76,Bangalore-Mysore Road,155.88,Angadippuram,18.8,New Makardhokda,245.25,Cochin Port,125.34,ICD Kanjikode (Palakkad),66.72,Petrapole ICP,1877.99,Calicut International Airport (CCJ),13.97,MMLP Coimbatore,98.02,Kottapuram Terminal,98.42,FCI Depot Kozhikode,37.42,Devadar Bridge Toll Booth,22.93
Anakkayam (OG),Malappuram,592,627469,village,966,4.71,Bangalore-Mysore Road,152.17,Pattikkad,14.93,New Makardhokda,246.87,Cochin Port,126.24,ICD Kanjikode (Palakkad),62.85,Petrapole ICP,1873.07,Calicut International Airport (CCJ),18.3,MMLP Coimbatore,92.73,Kottapuram Terminal,99.4,FCI Depot Kozhikode,41.26,Devadar Bridge Toll Booth,28.45
Pandalur,Malappuram,592,627461,village,966,8.76,Bangalore-Mysore Road,150.87,Pattikkad,8.29,New Makardhokda,252.21,Cochin Port,124.14,ICD Kanjikode (Palakkad),55.98,Petrapole ICP,1869.22,Calicut International Airport (CCJ),25.66,MMLP Coimbatore,85.4,Kottapuram Terminal,97.5,FCI Depot Kozhikode,48.41,Devadar Bridge Toll Booth,34.4
Vettikkattiri,Malappuram,592,627462,village,966,13.21,Bangalore-Mysore Road,146.46,Todikkapulam Halt,8.47,New Makardhokda,250.89,Cochin Port,127.67,ICD Kanjikode (Palakkad),55.92,Petrapole ICP,1864.61,Calicut International Airport (CCJ),27.73,MMLP Coimbatore,82.95,Kottapuram Terminal,101.15,FCI Depot Kozhikode,49.62,Devadar Bridge Toll Booth,38.43
Pandikkad,Malappuram,592,627464,village,966,12.96,Bangalore-Mysore Road,145.49,Tuvvur,4.27,New Makardhokda,254.08,Cochin Port,127.05,ICD Kanjikode (Palakkad),52.08,Petrapole ICP,1861.89,Calicut International Airport (CCJ),32.36,MMLP Coimbatore,78.32,Kottapuram Terminal,100.74,FCI Depot Kozhikode,54.14,Devadar Bridge Toll Booth,42.44
Chembrasseri,Malappuram,592,627463,village,966,16.64,Bangalore-Mysore Road,141.78,Todikkapulam Halt,2.31,New Makardhokda,251.91,Cochin Port,130.61,ICD Kanjikode (Palakkad),53.76,Petrapole ICP,1858.56,Calicut International Airport (CCJ),33.21,MMLP Coimbatore,77.77,Kottapuram Terminal,104.35,FCI Depot Kozhikode,54.14,Devadar Bridge Toll Booth,44.83
Elankur,Malappuram,592,627460,village,966,12.76,Bangalore-Mysore Road,143.27,Vaniyambalam,11.05,New Makardhokda,244.16,Cochin Port,132.99,ICD Kanjikode (Palakkad),62.59,Petrapole ICP,1863.9,Calicut International Airport (CCJ),23.21,MMLP Coimbatore,88.07,Kottapuram Terminal,106.32,FCI Depot Kozhikode,43.86,Devadar Bridge Toll Booth,37.1
Payyanad,Malappuram,592,913317,village,966,10.31,Bangalore-Mysore Road,147.77,Todikkapulam Halt,12.62,New Makardhokda,247.62,Cochin Port,128.4,ICD Kanjikode (Palakkad),60.11,Petrapole ICP,1867.64,Calicut International Airport (CCJ),22.78,MMLP Coimbatore,87.91,Kottapuram Terminal,101.7,FCI Depot Kozhikode,44.83,Devadar Bridge Toll Booth,34.22
Manjeri,Malappuram,592,913319,village,966,6.44,Bangalore-Mysore Road,149.82,Pattikkad,15.44,New Makardhokda,245.57,Cochin Port,128.3,ICD Kanjikode (Palakkad),63.29,Petrapole ICP,1870.88,Calicut International Airport (CCJ),18.65,MMLP Coimbatore,92.06,Kottapuram Terminal,101.49,FCI Depot Kozhikode,41.11,Devadar Bridge Toll Booth,30.31
Pookkottur,Malappuram,592,627457,village,966,0.15,Bangalore-Mysore Road,152.67,VALLIKUNNU,21.93,New Makardhokda,240.73,Cochin Port,129.87,ICD Kanjikode (Palakkad),70.28,Petrapole ICP,1875.97,Calicut International Airport (CCJ),10.76,MMLP Coimbatore,100.03,Kottapuram Terminal,102.95,FCI Depot Kozhikode,33.76,Devadar Bridge Toll Booth,24.25
Narukara,Malappuram,592,913318,village,966,5.48,Bangalore-Mysore Road,148.64,Todikkapulam Halt,18.19,New Makardhokda,242.71,Cochin Port,130.64,ICD Kanjikode (Palakkad),66.1,Petrapole ICP,1870.65,Calicut International Airport (CCJ),16.47,MMLP Coimbatore,94.24,Kottapuram Terminal,103.79,FCI Depot Kozhikode,38.48,Devadar Bridge Toll Booth,29.92
Trikkalangode (CT),Malappuram,592,627459,village,966,8.45,Bangalore-Mysore Road,145.54,Vaniyambalam,15.9,New Makardhokda,241.56,Cochin Port,133.05,ICD Kanjikode (Palakkad),66.23,Petrapole ICP,1867.56,Calicut International Airport (CCJ),18.23,MMLP Coimbatore,92.9,Kottapuram Terminal,106.24,FCI Depot Kozhikode,39.21,Malappuram Toll Plaza,32.37
Karakunnu,Malappuram,592,627451,village,966,10.38,Bangalore-Mysore Road,142.61,Vaniyambalam,15.13,New Makardhokda,239.17,Cochin Port,136.11,ICD Kanjikode (Palakkad),67.96,Petrapole ICP,1865.13,Calicut International Airport (CCJ),18.99,MMLP Coimbatore,93.2,Kottapuram Terminal,109.32,FCI Depot Kozhikode,38.61,Malappuram Toll Plaza,33.07
Pulpatta,Malappuram,592,627458,village,966,3.94,Bangalore-Mysore Road,147.5,Vaniyambalam,22.1,New Makardhokda,237.12,Cochin Port,134.76,ICD Kanjikode (Palakkad),72.02,Petrapole ICP,1871.37,Calicut International Airport (CCJ),11.91,MMLP Coimbatore,99.47,Kottapuram Terminal,107.86,FCI Depot Kozhikode,32.76,Malappuram Toll Plaza,26.03
Kavanoor (CT),Malappuram,592,627452,village,966,7.37,Bangalore-Mysore Road,143.91,Vaniyambalam,21.42,New Makardhokda,234.23,Cochin Port,138.46,ICD Kanjikode (Palakkad),73.9,Petrapole ICP,1868.31,Calicut International Airport (CCJ),13.61,MMLP Coimbatore,99.71,Kottapuram Terminal,111.56,FCI Depot Kozhikode,32.09,Malappuram Toll Plaza,27.3
Areekode (CT),Malappuram,592,627447,village,966,9.65,Bangalore-Mysore Road,142.33,FEROK,23.68,New Makardhokda,230.1,Cochin Port,142.0,ICD Kanjikode (Palakkad),77.96,Petrapole ICP,1867.85,Calicut International Airport (CCJ),13.32,MMLP Coimbatore,102.98,Kottapuram Terminal,115.08,FCI Depot Kozhikode,28.87,Malappuram Toll Plaza,25.94
Keezhuparamba (CT),Malappuram,592,627465,village,966,12.7,Bangalore-Mysore Road,140.47,FEROK,22.6,New Makardhokda,226.12,Cochin Port,145.65,ICD Kanjikode (Palakkad),81.73,Petrapole ICP,1866.93,Calicut International Airport (CCJ),14.67,MMLP Coimbatore,105.87,Kottapuram Terminal,118.72,FCI Depot Kozhikode,26.4,Malappuram Toll Plaza,25.7
Urangattiri,Malappuram,592,627448,village,966,13.21,Bangalore-Mysore Road,138.11,Nilambur Road,19.76,New Makardhokda,230.28,Cochin Port,144.03,ICD Kanjikode (Palakkad),76.52,Petrapole ICP,1863.15,Calicut International Airport (CCJ),18.07,MMLP Coimbatore,99.67,Kottapuram Terminal,117.15,FCI Depot Kozhikode,32.65,Malappuram Toll Plaza,30.73
Perakamanna,Malappuram,592,627449,village,966,13.87,Bangalore-Mysore Road,137.93,Nilambur Road,15.66,New Makardhokda,234.98,Cochin Port,141.26,ICD Kanjikode (Palakkad),71.37,Petrapole ICP,1861.38,Calicut International Airport (CCJ),20.85,MMLP Coimbatore,94.35,Kottapuram Terminal,114.47,FCI Depot Kozhikode,37.72,Malappuram Toll Plaza,34.4
Edavanna (CT),Malappuram,592,627450,village,966,16.11,Bangalore-Mysore Road,136.78,Vaniyambalam,12.13,New Makardhokda,237.42,Cochin Port,140.59,ICD Kanjikode (Palakkad),68.53,Petrapole ICP,1859.19,Calicut International Airport (CCJ),23.92,MMLP Coimbatore,90.79,Kottapuram Terminal,113.9,FCI Depot Kozhikode,41.32,Malappuram Toll Plaza,37.69
Vettilappara,Malappuram,592,627443,village,966,20.19,Bangalore-Mysore Road,131.11,Nilambur Road,16.34,New Makardhokda,227.26,Cochin Port,149.8,ICD Kanjikode (Palakkad),78.46,Petrapole ICP,1856.41,Calicut International Airport (CCJ),24.75,MMLP Coimbatore,98.31,Kottapuram Terminal,122.99,FCI Depot Kozhikode,36.17,Malappuram Toll Plaza,36.64
Pallikkal (CT),Malappuram,592,627542,village,66,2.65,Bangalore-Mysore Road,156.85,VALLIKUNNU,9.23,New Makardhokda,230.57,Cochin Port,135.93,ICD Kanjikode (Palakkad),84.31,Petrapole ICP,1883.64,Calicut International Airport (CCJ),3.95,MMLP Coimbatore,114.63,Kottapuram Terminal,109.1,FCI Depot Kozhikode,20.19,Malappuram Toll Plaza,10.3
Chelembra (CT),Malappuram,592,627541,village,66,0.96,Bangalore-Mysore Road,157.97,FEROK,5.34,New Makardhokda,226.6,Cochin Port,138.97,ICD Kanjikode (Palakkad),89.46,Petrapole ICP,1885.77,Calicut International Airport (CCJ),9.07,MMLP Coimbatore,119.7,Kottapuram Terminal,112.23,FCI Depot Kozhikode,15.47,Malappuram Toll Plaza,6.39
Kondotty,Malappuram,592,627468,village,966,0.09,Bangalore-Mysore Road,153.41,VALLIKUNNU,13.55,New Makardhokda,231.41,Cochin Port,136.38,ICD Kanjikode (Palakkad),81.38,Petrapole ICP,1879.66,Calicut International Airport (CCJ),1.88,MMLP Coimbatore,110.69,Kottapuram Terminal,109.48,FCI Depot Kozhikode,22.66,Malappuram Toll Plaza,14.7
Nediyiruppu,Malappuram,592,627455,village,966,0.79,Bangalore-Mysore Road,154.42,VALLIKUNNU,15.48,New Makardhokda,235.77,Cochin Port,132.66,ICD Kanjikode (Palakkad),76.96,Petrapole ICP,1879.55,Calicut International Airport (CCJ),3.78,MMLP Coimbatore,106.97,Kottapuram Terminal,105.74,FCI Depot Kozhikode,27.12,Malappuram Toll Plaza,17.65
Porur,Malappuram,592,627480,village,966,19.16,Bangalore-Mysore Road,139.84,Todikkapulam Halt,3.66,New Makardhokda,248.21,Cochin Port,133.45,ICD Kanjikode (Palakkad),57.45,Petrapole ICP,1858.09,Calicut International Airport (CCJ),30.96,MMLP Coimbatore,80.62,Kottapuram Terminal,107.07,FCI Depot Kozhikode,51.17,Devadar Bridge Toll Booth,44.03
Thiruvali,Malappuram,592,627479,village,966,17.97,Bangalore-Mysore Road,137.39,Vaniyambalam,7.75,New Makardhokda,241.64,Cochin Port,138.06,ICD Kanjikode (Palakkad),64.11,Petrapole ICP,1858.19,Calicut International Airport (CCJ),26.86,MMLP Coimbatore,86.42,Kottapuram Terminal,111.48,FCI Depot Kozhikode,45.5,Malappuram Toll Plaza,40.9
Wandur,Malappuram,592,627481,village,966,24.5,Bangalore-Mysore Road,134.17,Vaniyambalam,2.02,New Makardhokda,245.89,Cochin Port,138.53,ICD Kanjikode (Palakkad),59.48,Petrapole ICP,1852.55,Calicut International Airport (CCJ),34.4,MMLP Coimbatore,79.19,Kottapuram Terminal,112.27,FCI Depot Kozhikode,52.98,Malappuram Toll Plaza,48.48
Mampad (CT),Malappuram,592,627478,village,966,22.51,Bangalore-Mysore Road,132.46,Nilambur Road,6.17,New Makardhokda,239.88,Cochin Port,142.24,ICD Kanjikode (Palakkad),65.52,Petrapole ICP,1853.3,Calicut International Airport (CCJ),30.69,MMLP Coimbatore,85.03,Kottapuram Terminal,115.76,FCI Depot Kozhikode,47.68,Malappuram Toll Plaza,44.5
Pullipadam,Malappuram,592,627470,village,966,22.48,Bangalore-Mysore Road,129.5,Nilambur Road,9.38,New Makardhokda,232.65,Cochin Port,147.75,ICD Kanjikode (Palakkad),72.76,Petrapole ICP,1852.82,Calicut International Airport (CCJ),28.89,MMLP Coimbatore,91.37,Kottapuram Terminal,121.1,FCI Depot Kozhikode,42.81,Malappuram Toll Plaza,41.84
Nilambur,Malappuram,592,627488,village,966,28.7,Bangalore-Mysore Road,126.4,Nilambur Road,0.64,New Makardhokda,238.68,Cochin Port,147.11,ICD Kanjikode (Palakkad),66.9,Petrapole ICP,1846.91,Calicut International Airport (CCJ),36.45,MMLP Coimbatore,82.73,Kottapuram Terminal,120.79,FCI Depot Kozhikode,51.81,Malappuram Toll Plaza,49.98
Chokkad,Malappuram,592,627482,village,966,26.27,Bangalore-Mysore Road,129.73,Vaniyambalam,12.26,New Makardhokda,252.67,Cochin Port,140.28,ICD Kanjikode (Palakkad),53.83,Petrapole ICP,1843.68,Calicut International Airport (CCJ),46.22,MMLP Coimbatore,68.19,Kottapuram Terminal,114.69,FCI Depot Kozhikode,64.68,Devadar Bridge Toll Booth,59.73
Amarambalam,Malappuram,592,627476,village,966,30.27,Bangalore-Mysore Road,126.71,Nilambur Road,10.41,New Makardhokda,248.14,Cochin Port,143.85,ICD Kanjikode (Palakkad),58.38,Petrapole ICP,1842.62,Calicut International Airport (CCJ),44.65,MMLP Coimbatore,71.87,Kottapuram Terminal,118.07,FCI Depot Kozhikode,61.97,Malappuram Toll Plaza,58.64
Karulai,Malappuram,592,627477,village,181,21.43,Bangalore-Mysore Road,118.28,Nilambur Road,19.78,New Makardhokda,249.98,Cochin Port,151.15,ICD Kanjikode (Palakkad),60.41,Petrapole ICP,1831.47,Calicut International Airport (CCJ),55.72,MMLP Coimbatore,65.87,Kottapuram Terminal,125.92,FCI Depot Coimbatore,65.87,Chamarajanagara Toll Plaza,56.06
Vazhikkadavu,Malappuram,592,627475,village,181,16.75,Bangalore-Mysore Road,108.98,Nilambur Road,19.12,New Makardhokda,236.66,Cochin Port,161.78,ICD Kanjikode (Palakkad),73.67,Petrapole ICP,1828.05,Calicut International Airport (CCJ),54.41,MMLP Coimbatore,78.12,Kottapuram Terminal,136.03,FCI Depot Kozhikode,66.41,Chamarajanagara Toll Plaza,49.1
Moothedam,Malappuram,592,916092,village,181,25.67,Bangalore-Mysore Road,113.28,Nilambur Road,13.75,New Makardhokda,230.94,Cochin Port,160.07,ICD Kanjikode (Palakkad),76.45,Petrapole ICP,1835.48,Calicut International Airport (CCJ),46.03,MMLP Coimbatore,85.6,Kottapuram Terminal,133.86,FCI Depot Kozhikode,56.88,Chamarajanagara Toll Plaza,55.85
Chungathara,Malappuram,592,627473,village,766,25.55,Bangalore-Mysore Road,113.31,Nilambur Road,15.01,New Makardhokda,227.38,Cochin Port,161.51,ICD Kanjikode (Palakkad),79.49,Petrapole ICP,1836.92,Calicut International Airport (CCJ),44.28,MMLP Coimbatore,89.51,Kottapuram Terminal,135.16,FCI Depot Kozhikode,53.83,Malappuram Toll Plaza,56.19
Pothukallu,Malappuram,592,916100,village,766,18.93,Bangalore-Mysore Road,113.82,Nilambur Road,18.77,New Makardhokda,221.48,Cochin Port,163.99,ICD Kanjikode (Palakkad),84.7,Petrapole ICP,1839.5,Calicut International Airport (CCJ),41.88,MMLP Coimbatore,96.08,Kottapuram Terminal,137.43,FCI Depot Kozhikode,48.88,Malappuram Toll Plaza,52.76
Akampadam,Malappuram,592,627471,village,766,22.28,Bangalore-Mysore Road,124.13,Nilambur Road,11.74,New Makardhokda,227.91,Cochin Port,153.72,ICD Kanjikode (Palakkad),77.48,Petrapole ICP,1848.58,Calicut International Airport (CCJ),32.61,MMLP Coimbatore,93.62,Kottapuram Terminal,127.08,FCI Depot Kozhikode,43.52,Malappuram Toll Plaza,44.67
Kadalundi (CT),Kozhikode,591,627442,village,66,4.94,Bangalore-Mysore Road,161.25,KADALUNDI,1.56,New Makardhokda,225.59,Cochin Port,139.14,ICD Kanjikode (Palakkad),92.7,Petrapole ICP,1889.51,Calicut International Airport (CCJ),13.04,MMLP Coimbatore,123.71,Kottapuram Terminal,112.53,FCI Depot Kozhikode,14.11,Malappuram Toll Plaza,2.73
Karuvanturuthi,Kozhikode,591,627438,village,66,5.1,Bangalore-Mysore Road,159.68,FEROK,0.85,New Makardhokda,222.84,Cochin Port,141.91,ICD Kanjikode (Palakkad),94.72,Petrapole ICP,1888.34,Calicut International Airport (CCJ),14.43,MMLP Coimbatore,125.02,Kottapuram Terminal,115.3,FCI Depot Kozhikode,11.35,Malappuram Toll Plaza,5.11
"Feroke (CT)
",Kozhikode,591,627439,village,66,2.71,Bangalore-Mysore Road,157.77,FEROK,1.96,New Makardhokda,223.29,Cochin Port,141.91,ICD Kanjikode (Palakkad),93.03,Petrapole ICP,1886.22,Calicut International Airport (CCJ),12.48,MMLP Coimbatore,122.87,Kottapuram Terminal,115.23,FCI Depot Kozhikode,11.94,Malappuram Toll Plaza,6.3
Ramanattukara,Kozhikode,591,627435,village,66,1.81,Bangalore-Mysore Road,156.23,FEROK,2.9,New Makardhokda,222.25,Cochin Port,143.17,ICD Kanjikode (Palakkad),93.26,Petrapole ICP,1884.77,Calicut International Airport (CCJ),12.58,MMLP Coimbatore,122.56,Kottapuram Terminal,116.46,FCI Depot Kozhikode,11.18,Malappuram Toll Plaza,7.89
Beypore (CT),Kozhikode,591,627437,village,66,6.64,Bangalore-Mysore Road,159.36,FEROK,3.08,New Makardhokda,219.79,Cochin Port,144.74,ICD Kanjikode (Palakkad),97.87,Petrapole ICP,1888.51,Calicut International Airport (CCJ),17.4,MMLP Coimbatore,127.75,Kottapuram Terminal,118.18,FCI Depot Kozhikode,8.42,Malappuram Toll Plaza,7.64
Cheruvannur (CT),Kozhikode,591,627436,village,66,4.19,Bangalore-Mysore Road,156.92,FEROK,3.06,New Makardhokda,219.32,Cochin Port,145.62,ICD Kanjikode (Palakkad),96.88,Petrapole ICP,1886.0,Calicut International Airport (CCJ),16.21,MMLP Coimbatore,126.07,Kottapuram Terminal,118.98,FCI Depot Kozhikode,7.88,Malappuram Toll Plaza,8.86
Olavanna (CT),Kozhikode,591,627432,village,66,1.84,Bangalore-Mysore Road,154.25,FEROK,5.18,New Makardhokda,218.17,Cochin Port,147.21,ICD Kanjikode (Palakkad),96.6,Petrapole ICP,1883.37,Calicut International Airport (CCJ),16.03,MMLP Coimbatore,124.93,Kottapuram Terminal,120.51,FCI Depot Kozhikode,7.46,Malappuram Toll Plaza,11.08
Pantheerankavu (CT),Kozhikode,591,627433,village,66,0.13,Bangalore-Mysore Road,152.53,FEROK,6.57,New Makardhokda,217.97,Cochin Port,147.8,ICD Kanjikode (Palakkad),95.89,Petrapole ICP,1881.59,Calicut International Airport (CCJ),15.58,MMLP Coimbatore,123.71,Kottapuram Terminal,121.06,FCI Depot Kozhikode,8.23,Malappuram Toll Plaza,12.36
Perumanna (CT),Kozhikode,591,627434,village,66,2.64,Bangalore-Mysore Road,150.02,FEROK,8.85,New Makardhokda,218.05,Cochin Port,148.39,ICD Kanjikode (Palakkad),94.51,Petrapole ICP,1878.92,Calicut International Airport (CCJ),14.92,MMLP Coimbatore,121.58,Kottapuram Terminal,121.59,FCI Depot Kozhikode,10.21,Malappuram Toll Plaza,14.34
Kuttikkattoor (CT),Kozhikode,591,627431,village,766,3.44,Bangalore-Mysore Road,148.18,KALLAYI,9.08,New Makardhokda,215.12,Cochin Port,151.42,ICD Kanjikode (Palakkad),96.82,Petrapole ICP,1877.46,Calicut International Airport (CCJ),17.78,MMLP Coimbatore,123.07,Kottapuram Terminal,124.62,FCI Depot Kozhikode,9.23,Malappuram Toll Plaza,16.84
Nellikode,Kozhikode,591,913296,village,66,1.02,Bangalore-Mysore Road,150.76,KALLAYI,5.54,New Makardhokda,213.29,Cochin Port,152.34,ICD Kanjikode (Palakkad),100.05,Petrapole ICP,1880.42,Calicut International Airport (CCJ),20.11,MMLP Coimbatore,126.91,Kottapuram Terminal,125.62,FCI Depot Kozhikode,5.24,Malappuram Toll Plaza,16.09
Valayanad,Kozhikode,591,913293,village,66,2.25,Bangalore-Mysore Road,154.23,KALLAYI,2.37,New Makardhokda,214.77,Cochin Port,150.25,ICD Kanjikode (Palakkad),100.29,Petrapole ICP,1883.85,Calicut International Airport (CCJ),19.75,MMLP Coimbatore,128.28,Kottapuram Terminal,123.61,FCI Depot Kozhikode,3.74,Malappuram Toll Plaza,13.39
Panniankara,Kozhikode,591,913295,village,66,4.72,Bangalore-Mysore Road,156.7,KALLAYI,1.31,New Makardhokda,215.61,Cochin Port,149.02,ICD Kanjikode (Palakkad),100.8,Petrapole ICP,1886.32,Calicut International Airport (CCJ),20.12,MMLP Coimbatore,129.53,Kottapuram Terminal,122.45,FCI Depot Kozhikode,4.14,Malappuram Toll Plaza,11.92
Nagaram,Kozhikode,591,913297,village,66,4.17,Bangalore-Mysore Road,155.97,KOZHIKODE,0.32,New Makardhokda,213.0,Cochin Port,151.55,ICD Kanjikode (Palakkad),103.2,Petrapole ICP,1885.89,Calicut International Airport (CCJ),22.55,MMLP Coimbatore,131.46,Kottapuram Terminal,125.0,FCI Depot Kozhikode,1.72,Malappuram Toll Plaza,14.44
Kozhikode (M Corp.),Kozhikode,591,803267,village,66,2.85,Bangalore-Mysore Road,154.3,KOZHIKODE,1.44,New Makardhokda,211.89,Cochin Port,152.85,ICD Kanjikode (Palakkad),103.43,Petrapole ICP,1884.28,Calicut International Airport (CCJ),22.91,MMLP Coimbatore,131.14,Kottapuram Terminal,126.27,FCI Depot Kozhikode,0.64,Malappuram Toll Plaza,15.77
Kottuli,Kozhikode,591,913298,village,66,1.13,Bangalore-Mysore Road,152.82,VELLAYIL,2.88,New Makardhokda,212.15,Cochin Port,152.91,ICD Kanjikode (Palakkad),102.36,Petrapole ICP,1882.71,Calicut International Airport (CCJ),22.02,MMLP Coimbatore,129.69,Kottapuram Terminal,126.27,FCI Depot Kozhikode,2.31,Malappuram Toll Plaza,15.99
Katchery,Kozhikode,591,913299,village,766,2.72,Bangalore-Mysore Road,153.07,WEST HILL,1.51,New Makardhokda,209.34,Cochin Port,155.42,ICD Kanjikode (Palakkad),105.49,Petrapole ICP,1883.27,Calicut International Airport (CCJ),25.14,MMLP Coimbatore,132.61,Kottapuram Terminal,128.84,FCI Depot Kozhikode,2.3,Malappuram Toll Plaza,18.33
Puthiyangadi (OG) (Part),Kozhikode,591,645600,village,66,2.54,Bangalore-Mysore Road,152.41,WEST HILL,1.12,New Makardhokda,207.09,Cochin Port,157.61,ICD Kanjikode (Palakkad),107.53,Petrapole ICP,1882.8,Calicut International Airport (CCJ),27.3,MMLP Coimbatore,134.25,Kottapuram Terminal,131.04,FCI Depot Kozhikode,4.45,Kozhikode Toll Plaza,17.64
Vengeri,Kozhikode,591,913292,village,66,0.64,Bangalore-Mysore Road,150.87,WEST HILL,2.96,New Makardhokda,208.72,Cochin Port,156.41,ICD Kanjikode (Palakkad),105.01,Petrapole ICP,1881.06,Calicut International Airport (CCJ),25.04,MMLP Coimbatore,131.46,Kottapuram Terminal,129.77,FCI Depot Kozhikode,4.03,Kozhikode Toll Plaza,19.2
Chevayur,Kozhikode,591,913302,village,766,0.39,Bangalore-Mysore Road,149.54,VELLAYIL,5.35,New Makardhokda,210.59,Cochin Port,155.02,ICD Kanjikode (Palakkad),102.35,Petrapole ICP,1879.48,Calicut International Airport (CCJ),22.7,MMLP Coimbatore,128.6,Kottapuram Terminal,128.32,FCI Depot Kozhikode,5.2,Malappuram Toll Plaza,18.57
Chelavur,Kozhikode,591,913303,village,766,1.1,Bangalore-Mysore Road,147.26,VELLAYIL,8.88,New Makardhokda,212.64,Cochin Port,153.81,ICD Kanjikode (Palakkad),99.07,Petrapole ICP,1876.86,Calicut International Airport (CCJ),20.26,MMLP Coimbatore,124.83,Kottapuram Terminal,127.02,FCI Depot Kozhikode,8.5,Malappuram Toll Plaza,18.66
Peruvayal (CT),Kozhikode,591,627430,village,766,4.55,Bangalore-Mysore Road,146.22,KALLAYI,12.34,New Makardhokda,217.06,Cochin Port,150.38,ICD Kanjikode (Palakkad),93.83,Petrapole ICP,1875.08,Calicut International Airport (CCJ),15.97,MMLP Coimbatore,119.61,Kottapuram Terminal,123.52,FCI Depot Kozhikode,12.74,Malappuram Toll Plaza,17.93
Mavoor (CT),Kozhikode,591,627429,village,766,7.96,Bangalore-Mysore Road,143.88,FEROK,15.58,New Makardhokda,219.86,Cochin Port,148.92,ICD Kanjikode (Palakkad),89.8,Petrapole ICP,1872.06,Calicut International Airport (CCJ),14.38,MMLP Coimbatore,114.97,Kottapuram Terminal,122.01,FCI Depot Kozhikode,17.41,Malappuram Toll Plaza,20.1
Poolakkode (CT),Kozhikode,591,627427,village,766,6.04,Bangalore-Mysore Road,141.19,KALLAYI,17.53,New Makardhokda,216.8,Cochin Port,152.34,ICD Kanjikode (Palakkad),92.12,Petrapole ICP,1869.81,Calicut International Airport (CCJ),17.83,MMLP Coimbatore,116.14,Kottapuram Terminal,125.43,FCI Depot Kozhikode,17.57,Malappuram Toll Plaza,22.75
Kodiyathur (CT),Kozhikode,591,627420,village,766,14.72,Bangalore-Mysore Road,137.64,FEROK,23.98,New Makardhokda,223.36,Cochin Port,148.92,ICD Kanjikode (Palakkad),83.9,Petrapole ICP,1864.59,Calicut International Airport (CCJ),17.6,MMLP Coimbatore,106.8,Kottapuram Terminal,122.0,FCI Depot Kozhikode,26.43,Malappuram Toll Plaza,27.63
Kumaranellur,Kozhikode,591,627418,village,766,13.25,Bangalore-Mysore Road,134.07,Nilambur Road,25.6,New Makardhokda,220.46,Cochin Port,152.69,ICD Kanjikode (Palakkad),86.15,Petrapole ICP,1861.47,Calicut International Airport (CCJ),21.36,MMLP Coimbatore,107.5,Kottapuram Terminal,125.77,FCI Depot Kozhikode,27.51,Malappuram Toll Plaza,30.59
Kakkad,Kozhikode,591,627419,village,766,11.71,Bangalore-Mysore Road,136.92,FEROK,23.33,New Makardhokda,220.35,Cochin Port,151.42,ICD Kanjikode (Palakkad),86.96,Petrapole ICP,1864.54,Calicut International Airport (CCJ),18.89,MMLP Coimbatore,109.49,Kottapuram Terminal,124.49,FCI Depot Kozhikode,24.58,Malappuram Toll Plaza,27.51
Thazhecode (CT),Kozhikode,591,627428,village,766,8.26,Bangalore-Mysore Road,136.35,KALLAYI,22.76,New Makardhokda,216.94,Cochin Port,154.2,ICD Kanjikode (Palakkad),90.46,Petrapole ICP,1864.66,Calicut International Airport (CCJ),20.7,MMLP Coimbatore,112.66,Kottapuram Terminal,127.27,FCI Depot Kozhikode,22.63,Malappuram Toll Plaza,27.62
Neeleswaram (Part),Kozhikode,591,627414,village,766,7.45,Bangalore-Mysore Road,132.59,VELLAYIL,25.03,New Makardhokda,213.9,Cochin Port,158.14,ICD Kanjikode (Palakkad),92.78,Petrapole ICP,1861.29,Calicut International Airport (CCJ),24.86,MMLP Coimbatore,113.42,Kottapuram Terminal,131.21,FCI Depot Kozhikode,24.74,Malappuram Toll Plaza,31.34
Chathamangalam (CT),Kozhikode,591,627416,village,766,4.61,Bangalore-Mysore Road,138.07,VELLAYIL,19.39,New Makardhokda,214.07,Cochin Port,155.71,ICD Kanjikode (Palakkad),94.03,Petrapole ICP,1867.01,Calicut International Airport (CCJ),21.31,MMLP Coimbatore,116.78,Kottapuram Terminal,128.78,FCI Depot Kozhikode,19.04,Malappuram Toll Plaza,25.99
Kunnamangalam (CT),Kozhikode,591,627426,village,766,0.37,Bangalore-Mysore Road,142.64,VELLAYIL,13.54,New Makardhokda,212.26,Cochin Port,155.52,ICD Kanjikode (Palakkad),97.54,Petrapole ICP,1872.08,Calicut International Airport (CCJ),21.03,MMLP Coimbatore,121.79,Kottapuram Terminal,128.66,FCI Depot Kozhikode,13.24,Malappuram Toll Plaza,22.33
Madavoor (CT),Kozhikode,591,627417,village,766,2.95,Bangalore-Mysore Road,141.09,WEST HILL,12.99,New Makardhokda,207.92,Cochin Port,159.67,ICD Kanjikode (Palakkad),101.6,Petrapole ICP,1871.05,Calicut International Airport (CCJ),25.29,MMLP Coimbatore,125.03,Kottapuram Terminal,132.83,FCI Depot Kozhikode,13.59,Kozhikode Toll Plaza,21.03
Kuruvattur (CT),Kozhikode,591,627425,village,766,2.08,Bangalore-Mysore Road,144.22,WEST HILL,10.61,New Makardhokda,209.88,Cochin Port,157.05,ICD Kanjikode (Palakkad),100.72,Petrapole ICP,1874.05,Calicut International Airport (CCJ),23.04,MMLP Coimbatore,125.3,Kottapuram Terminal,130.24,FCI Depot Kozhikode,10.67,Kozhikode Toll Plaza,21.78
Kakkodi (CT),Kozhikode,591,627424,village,66,1.77,Bangalore-Mysore Road,147.89,ELATTUR,5.34,New Makardhokda,204.89,Cochin Port,160.51,ICD Kanjikode (Palakkad),107.63,Petrapole ICP,1878.34,Calicut International Airport (CCJ),28.38,MMLP Coimbatore,132.89,Kottapuram Terminal,133.85,FCI Depot Kozhikode,8.08,Kozhikode Toll Plaza,15.52
Elathur (OG),Kozhikode,591,627441,village,66,0.91,Bangalore-Mysore Road,150.17,ELATTUR,2.06,New Makardhokda,202.91,Cochin Port,161.87,ICD Kanjikode (Palakkad),110.8,Petrapole ICP,1880.8,Calicut International Airport (CCJ),31.01,MMLP Coimbatore,136.49,Kottapuram Terminal,135.3,FCI Depot Kozhikode,8.71,Kozhikode Toll Plaza,13.41
Thalakkulathur (CT),Kozhikode,591,627423,village,66,1.81,Bangalore-Mysore Road,146.67,ELATTUR,3.31,New Makardhokda,200.35,Cochin Port,164.91,ICD Kanjikode (Palakkad),111.84,Petrapole ICP,1877.39,Calicut International Airport (CCJ),32.9,MMLP Coimbatore,136.33,Kottapuram Terminal,138.27,FCI Depot Kozhikode,11.96,Kozhikode Toll Plaza,10.99
Chelannur (CT),Kozhikode,591,627422,village,66,4.58,Bangalore-Mysore Road,144.86,ELATTUR,6.59,New Makardhokda,203.24,Cochin Port,162.7,ICD Kanjikode (Palakkad),108.02,Petrapole ICP,1875.36,Calicut International Airport (CCJ),29.69,MMLP Coimbatore,132.25,Kottapuram Terminal,135.98,FCI Depot Kozhikode,11.03,Kozhikode Toll Plaza,14.51
Kakkur (CT),Kozhikode,591,627401,village,766,8.96,Bangalore-Mysore Road,140.14,ELATTUR,10.65,New Makardhokda,201.8,Cochin Port,165.23,ICD Kanjikode (Palakkad),107.71,Petrapole ICP,1870.66,Calicut International Airport (CCJ),31.21,MMLP Coimbatore,130.39,Kottapuram Terminal,138.43,FCI Depot Kozhikode,15.32,Kozhikode Toll Plaza,15.26
Nanminda (CT),Kozhikode,591,627421,village,766,9.88,Bangalore-Mysore Road,137.66,CHEMANCHERI,11.94,New Makardhokda,199.02,Cochin Port,168.4,ICD Kanjikode (Palakkad),109.78,Petrapole ICP,1868.32,Calicut International Airport (CCJ),34.2,MMLP Coimbatore,131.48,Kottapuram Terminal,141.58,FCI Depot Kozhikode,18.44,Kozhikode Toll Plaza,14.3
Koodaranji,Kozhikode,591,627412,village,766,13.31,Bangalore-Mysore Road,127.29,Nilambur Road,23.54,New Makardhokda,218.25,Cochin Port,157.68,ICD Kanjikode (Palakkad),87.39,Petrapole ICP,1854.76,Calicut International Airport (CCJ),28.02,MMLP Coimbatore,105.76,Kottapuram Terminal,130.8,FCI Depot Kozhikode,32.87,Malappuram Toll Plaza,37.29
Thiruvambadi,Kozhikode,591,627413,village,766,7.32,Bangalore-Mysore Road,126.05,Nilambur Road,29.75,New Makardhokda,211.85,Cochin Port,162.76,ICD Kanjikode (Palakkad),93.86,Petrapole ICP,1854.82,Calicut International Airport (CCJ),30.77,MMLP Coimbatore,111.8,Kottapuram Terminal,135.84,FCI Depot Kozhikode,30.67,Kozhikode Toll Plaza,34.89
Nellipoyil,Kozhikode,591,627411,village,766,4.58,Bangalore-Mysore Road,115.79,Nilambur Road,30.8,New Makardhokda,208.52,Cochin Port,170.59,ICD Kanjikode (Palakkad),96.92,Petrapole ICP,1844.76,Calicut International Airport (CCJ),40.58,MMLP Coimbatore,110.51,Kottapuram Terminal,143.74,FCI Depot Kozhikode,40.21,Kozhikode Toll Plaza,40.48
Kodanchery,Kozhikode,591,627410,village,766,3.58,Bangalore-Mysore Road,123.26,ELATTUR,30.8,New Makardhokda,207.48,Cochin Port,167.33,ICD Kanjikode (Palakkad),98.08,Petrapole ICP,1852.67,Calicut International Airport (CCJ),34.83,MMLP Coimbatore,114.88,Kottapuram Terminal,140.41,FCI Depot Kozhikode,32.12,Kozhikode Toll Plaza,33.24
Koodathai,Kozhikode,591,627409,village,766,3.79,Bangalore-Mysore Road,128.0,ELATTUR,27.09,New Makardhokda,209.09,Cochin Port,163.85,ICD Kanjikode (Palakkad),96.97,Petrapole ICP,1857.33,Calicut International Airport (CCJ),30.56,MMLP Coimbatore,115.7,Kottapuram Terminal,136.92,FCI Depot Kozhikode,27.6,Kozhikode Toll Plaza,30.82
Puthur (CT),Kozhikode,591,627415,village,766,3.91,Bangalore-Mysore Road,133.07,WEST HILL,22.77,New Makardhokda,210.77,Cochin Port,160.32,ICD Kanjikode (Palakkad),96.19,Petrapole ICP,1862.33,Calicut International Airport (CCJ),26.29,MMLP Coimbatore,116.93,Kottapuram Terminal,133.39,FCI Depot Kozhikode,22.82,Kozhikode Toll Plaza,28.75
Koduvally,Kozhikode,591,627440,village,766,0.59,Bangalore-Mysore Road,137.02,WEST HILL,18.25,New Makardhokda,210.04,Cochin Port,159.32,ICD Kanjikode (Palakkad),98.0,Petrapole ICP,1866.55,Calicut International Airport (CCJ),24.74,MMLP Coimbatore,120.17,Kottapuram Terminal,132.42,FCI Depot Kozhikode,18.37,Kozhikode Toll Plaza,25.48
Vavad,Kozhikode,591,627404,village,766,0.3,Bangalore-Mysore Road,133.09,ELATTUR,20.88,New Makardhokda,207.27,Cochin Port,163.08,ICD Kanjikode (Palakkad),99.87,Petrapole ICP,1862.86,Calicut International Airport (CCJ),28.64,MMLP Coimbatore,120.49,Kottapuram Terminal,136.16,FCI Depot Kozhikode,21.81,Kozhikode Toll Plaza,25.31
Kizhakkoth (CT),Kozhikode,591,627403,village,766,1.69,Bangalore-Mysore Road,135.99,ELATTUR,17.38,New Makardhokda,206.31,Cochin Port,162.75,ICD Kanjikode (Palakkad),101.65,Petrapole ICP,1865.97,Calicut International Airport (CCJ),28.13,MMLP Coimbatore,123.25,Kottapuram Terminal,135.86,FCI Depot Kozhikode,18.68,Kozhikode Toll Plaza,22.37
Narikkuni (CT),Kozhikode,591,627402,village,766,4.61,Bangalore-Mysore Road,138.18,ELATTUR,14.31,New Makardhokda,204.9,Cochin Port,163.17,ICD Kanjikode (Palakkad),103.79,Petrapole ICP,1868.38,Calicut International Airport (CCJ),28.66,MMLP Coimbatore,126.06,Kottapuram Terminal,136.31,FCI Depot Kozhikode,16.46,Kozhikode Toll Plaza,19.56
Sivapuram(CT),Kozhikode,591,627385,village,766,8.66,Bangalore-Mysore Road,134.51,CHEMANCHERI,14.88,New Makardhokda,198.92,Cochin Port,169.49,ICD Kanjikode (Palakkad),108.95,Petrapole ICP,1865.13,Calicut International Airport (CCJ),34.96,MMLP Coimbatore,129.62,Kottapuram Terminal,142.63,FCI Depot Kozhikode,21.08,Kozhikode Toll Plaza,16.74
Panangad (CT),Kozhikode,591,627396,village,766,12.68,Bangalore-Mysore Road,134.39,CHEMANCHERI,13.06,New Makardhokda,195.0,Cochin Port,172.92,ICD Kanjikode (Palakkad),112.97,Petrapole ICP,1865.2,Calicut International Airport (CCJ),38.57,MMLP Coimbatore,133.35,Kottapuram Terminal,146.09,FCI Depot Kozhikode,22.86,Kozhikode Toll Plaza,13.95
Kinalur (CT),Kozhikode,591,627383,village,766,9.11,Bangalore-Mysore Road,130.45,CHEMANCHERI,17.76,New Makardhokda,196.7,Cochin Port,172.8,ICD Kanjikode (Palakkad),110.25,Petrapole ICP,1861.14,Calicut International Airport (CCJ),38.18,MMLP Coimbatore,129.44,Kottapuram Terminal,145.91,FCI Depot Kozhikode,25.33,Kozhikode Toll Plaza,18.74
Unnikulam (CT),Kozhikode,591,627384,village,766,5.48,Bangalore-Mysore Road,130.67,CHEMANCHERI,19.47,New Makardhokda,200.33,Cochin Port,169.67,ICD Kanjikode (Palakkad),106.55,Petrapole ICP,1861.12,Calicut International Airport (CCJ),35.07,MMLP Coimbatore,125.99,Kottapuram Terminal,142.76,FCI Depot Kozhikode,24.21,Kozhikode Toll Plaza,21.14
Kattippara,Kozhikode,591,916091,village,766,5.23,Bangalore-Mysore Road,124.19,CHEMANCHERI,24.71,New Makardhokda,198.18,Cochin Port,174.08,ICD Kanjikode (Palakkad),107.67,Petrapole ICP,1854.7,Calicut International Airport (CCJ),39.86,MMLP Coimbatore,124.72,Kottapuram Terminal,147.15,FCI Depot Kozhikode,30.7,Kozhikode Toll Plaza,25.54
Raroth (CT),Kozhikode,591,627405,village,766,0.69,Bangalore-Mysore Road,129.0,ELATTUR,24.18,New Makardhokda,205.99,Cochin Port,165.79,ICD Kanjikode (Palakkad),100.35,Petrapole ICP,1858.81,Calicut International Airport (CCJ),31.76,MMLP Coimbatore,119.41,Kottapuram Terminal,138.86,FCI Depot Kozhikode,25.84,Kozhikode Toll Plaza,27.24
Engapuzha,Kozhikode,591,627408,village,766,0.7,Bangalore-Mysore Road,124.54,ELATTUR,28.02,New Makardhokda,204.68,Cochin Port,168.81,ICD Kanjikode (Palakkad),101.06,Petrapole ICP,1854.39,Calicut International Airport (CCJ),35.39,MMLP Coimbatore,118.37,Kottapuram Terminal,141.88,FCI Depot Kozhikode,30.26,Kozhikode Toll Plaza,29.85
Puthuppadi (CT),Kozhikode,591,627407,village,766,2.45,Bangalore-Mysore Road,118.58,CHEMANCHERI,32.01,New Makardhokda,201.67,Cochin Port,173.99,ICD Kanjikode (Palakkad),103.72,Petrapole ICP,1848.65,Calicut International Airport (CCJ),41.23,MMLP Coimbatore,118.66,Kottapuram Terminal,147.07,FCI Depot Kozhikode,36.07,Kozhikode Toll Plaza,33.0
Kanthalad,Kozhikode,591,627380,village,766,10.77,Bangalore-Mysore Road,124.19,CHEMANCHERI,22.89,New Makardhokda,192.62,Cochin Port,178.66,ICD Kanjikode (Palakkad),113.34,Petrapole ICP,1855.01,Calicut International Airport (CCJ),44.12,MMLP Coimbatore,130.18,Kottapuram Terminal,151.74,FCI Depot Kozhikode,32.17,Kozhikode Toll Plaza,22.74
Atholi (CT),Kozhikode,591,627400,village,66,3.87,Bangalore-Mysore Road,143.37,CHEMANCHERI,4.96,New Makardhokda,196.63,Cochin Port,169.02,ICD Kanjikode (Palakkad),114.31,Petrapole ICP,1874.2,Calicut International Airport (CCJ),36.32,MMLP Coimbatore,137.53,Kottapuram Terminal,142.35,FCI Depot Kozhikode,16.29,Kozhikode Toll Plaza,8.23
Balusseri (CT),Kozhikode,591,627397,village,66,9.1,Bangalore-Mysore Road,138.02,CHEMANCHERI,9.53,New Makardhokda,195.45,Cochin Port,171.45,ICD Kanjikode (Palakkad),113.6,Petrapole ICP,1868.84,Calicut International Airport (CCJ),37.57,MMLP Coimbatore,135.13,Kottapuram Terminal,144.67,FCI Depot Kozhikode,20.08,Kozhikode Toll Plaza,11.0
Ulliyeri (CT),Kozhikode,591,627398,village,66,5.74,Bangalore-Mysore Road,140.62,CHEMANCHERI,6.12,New Makardhokda,192.47,Cochin Port,173.46,ICD Kanjikode (Palakkad),117.55,Petrapole ICP,1871.51,Calicut International Airport (CCJ),40.41,MMLP Coimbatore,139.61,Kottapuram Terminal,146.76,FCI Depot Kozhikode,20.78,Kozhikode Toll Plaza,6.5
Chengottukavu (CT),Kozhikode,591,627382,village,66,1.42,Bangalore-Mysore Road,145.0,CHEMANCHERI,1.91,New Makardhokda,192.84,Cochin Port,172.17,ICD Kanjikode (Palakkad),118.88,Petrapole ICP,1875.9,Calicut International Airport (CCJ),40.39,MMLP Coimbatore,142.2,Kottapuram Terminal,145.59,FCI Depot Kozhikode,19.02,Kozhikode Toll Plaza,3.6
Pantalayini,Kozhikode,591,913306,village,66,1.32,Bangalore-Mysore Road,144.77,QUILANDI,1.5,New Makardhokda,189.74,Cochin Port,175.13,ICD Kanjikode (Palakkad),121.96,Petrapole ICP,1875.63,Calicut International Airport (CCJ),43.55,MMLP Coimbatore,144.91,Kottapuram Terminal,148.57,FCI Depot Kozhikode,21.98,Kozhikode Toll Plaza,0.84
Viyyur,Kozhikode,591,913305,village,66,0.92,Bangalore-Mysore Road,144.85,QUILANDI,2.65,New Makardhokda,186.06,Cochin Port,178.59,ICD Kanjikode (Palakkad),125.71,Petrapole ICP,1875.59,Calicut International Airport (CCJ),47.33,MMLP Coimbatore,148.32,Kottapuram Terminal,152.07,FCI Depot Kozhikode,25.51,Kozhikode Toll Plaza,3.47
Moodadi (CT),Kozhikode,591,627375,village,66,1.6,Bangalore-Mysore Road,145.96,VELLARAKKAD,1.35,New Makardhokda,182.84,Cochin Port,181.5,ICD Kanjikode (Palakkad),129.42,Petrapole ICP,1876.51,Calicut International Airport (CCJ),50.84,MMLP Coimbatore,151.97,Kottapuram Terminal,155.05,FCI Depot Kozhikode,28.66,Kozhikode Toll Plaza,6.99
Thikkody (CT),Kozhikode,591,627393,village,66,1.15,Bangalore-Mysore Road,146.12,TIKKOTTI,1.67,New Makardhokda,180.34,New Mangalore Port,180.34,ICD Kanjikode (Palakkad),131.98,Petrapole ICP,1876.48,Calicut International Airport (CCJ),53.43,MMLP Coimbatore,154.31,Kottapuram Terminal,157.46,FCI Depot Kozhikode,31.17,Kozhikode Toll Plaza,9.58
Payyoli,Kozhikode,591,627367,village,66,0.62,Bangalore-Mysore Road,145.86,PAYYOLI,0.83,New Makardhokda,177.91,New Mangalore Port,177.91,ICD Kanjikode (Palakkad),134.28,Petrapole ICP,1876.0,Calicut International Airport (CCJ),55.85,MMLP Coimbatore,156.29,Kottapuram Terminal,159.86,FCI Depot Kozhikode,33.6,Kozhikode Toll Plaza,11.98
Iringal,Kozhikode,591,627386,village,66,0.31,Bangalore-Mysore Road,145.38,IRINGAL,0.4,New Makardhokda,174.68,New Mangalore Port,174.68,ICD Kanjikode (Palakkad),137.26,Petrapole ICP,1875.18,Calicut International Airport (CCJ),59.03,MMLP Coimbatore,158.8,Kottapuram Terminal,163.07,FCI Depot Kozhikode,36.83,Kozhikode Toll Plaza,15.14
Thurayur (CT),Kozhikode,591,627392,village,66,5.62,Bangalore-Mysore Road,141.33,PAYYOLI,6.02,New Makardhokda,179.61,New Mangalore Port,179.61,ICD Kanjikode (Palakkad),130.82,Petrapole ICP,1871.71,Calicut International Airport (CCJ),53.44,MMLP Coimbatore,151.86,Kottapuram Terminal,158.78,FCI Depot Kozhikode,32.19,Kozhikode Toll Plaza,10.14
Keezhariyur (CT),Kozhikode,591,627394,village,66,3.58,Bangalore-Mysore Road,142.52,VELLARAKKAD,4.49,New Makardhokda,184.19,Cochin Port,180.77,ICD Kanjikode (Palakkad),126.67,Petrapole ICP,1873.2,Calicut International Airport (CCJ),48.91,MMLP Coimbatore,148.49,Kottapuram Terminal,154.2,FCI Depot Kozhikode,27.61,Kozhikode Toll Plaza,5.64
Arikkulam (CT),Kozhikode,591,627376,village,66,5.35,Bangalore-Mysore Road,140.29,QUILANDI,5.53,New Makardhokda,185.95,Cochin Port,179.56,ICD Kanjikode (Palakkad),124.08,Petrapole ICP,1871.08,Calicut International Airport (CCJ),46.96,MMLP Coimbatore,145.46,Kottapuram Terminal,152.92,FCI Depot Kozhikode,26.48,Kozhikode Toll Plaza,5.76
Naduvannur (CT),Kozhikode,591,627395,village,66,8.84,Bangalore-Mysore Road,137.18,QUILANDI,8.54,New Makardhokda,188.29,Cochin Port,178.13,ICD Kanjikode (Palakkad),120.66,Petrapole ICP,1868.05,Calicut International Airport (CCJ),44.65,MMLP Coimbatore,141.37,Kottapuram Terminal,151.41,FCI Depot Kozhikode,25.66,Kozhikode Toll Plaza,8.36
Avitanallur,Kozhikode,591,627381,village,66,14.13,Bangalore-Mysore Road,132.42,CHEMANCHERI,14.45,New Makardhokda,192.41,Cochin Port,175.83,ICD Kanjikode (Palakkad),115.12,Petrapole ICP,1863.29,Calicut International Airport (CCJ),41.41,MMLP Coimbatore,134.69,Kottapuram Terminal,148.99,FCI Depot Kozhikode,25.68,Kozhikode Toll Plaza,14.43
Koorachund,Kozhikode,591,627379,village,766,12.19,Bangalore-Mysore Road,128.61,CHEMANCHERI,18.5,New Makardhokda,193.24,Cochin Port,176.43,ICD Kanjikode (Palakkad),113.42,Petrapole ICP,1859.44,Calicut International Airport (CCJ),41.8,MMLP Coimbatore,131.81,Kottapuram Terminal,149.54,FCI Depot Kozhikode,28.21,Kozhikode Toll Plaza,18.6
Kottur (CT),Kozhikode,591,627377,village,66,11.91,Bangalore-Mysore Road,134.15,QUILANDI,11.87,New Makardhokda,189.28,Cochin Port,178.07,ICD Kanjikode (Palakkad),118.76,Petrapole ICP,1865.04,Calicut International Airport (CCJ),44.0,MMLP Coimbatore,138.65,Kottapuram Terminal,151.27,FCI Depot Kozhikode,26.52,Kozhikode Toll Plaza,11.6
Kayanna,Kozhikode,591,627378,village,66,16.62,Bangalore-Mysore Road,129.38,QUILANDI,16.33,New Makardhokda,187.36,Cochin Port,181.28,ICD Kanjikode (Palakkad),119.57,Petrapole ICP,1860.26,Calicut International Airport (CCJ),46.81,MMLP Coimbatore,137.84,Kottapuram Terminal,154.43,FCI Depot Kozhikode,30.81,Kozhikode Toll Plaza,16.17
Nochad (CT),Kozhikode,591,627374,village,66,12.05,Bangalore-Mysore Road,133.59,QUILANDI,12.12,New Makardhokda,184.48,Cochin Port,182.58,ICD Kanjikode (Palakkad),123.49,Petrapole ICP,1864.37,Calicut International Airport (CCJ),48.71,MMLP Coimbatore,142.83,Kottapuram Terminal,155.82,FCI Depot Kozhikode,30.4,Kozhikode Toll Plaza,12.2
Kozhukkallur (CT),Kozhikode,591,627391,village,66,7.2,Bangalore-Mysore Road,139.22,VELLARAKKAD,7.66,New Makardhokda,182.07,New Mangalore Port,182.07,ICD Kanjikode (Palakkad),127.62,Petrapole ICP,1869.82,Calicut International Airport (CCJ),50.83,MMLP Coimbatore,148.34,Kottapuram Terminal,156.8,FCI Depot Kozhikode,30.31,Kozhikode Toll Plaza,8.87
Meppayyur (CT),Kozhikode,591,627390,village,66,9.22,Bangalore-Mysore Road,137.26,VELLARAKKAD,9.65,New Makardhokda,181.2,New Mangalore Port,181.2,ICD Kanjikode (Palakkad),127.86,Petrapole ICP,1867.83,Calicut International Airport (CCJ),51.68,MMLP Coimbatore,147.96,Kottapuram Terminal,158.01,FCI Depot Kozhikode,31.67,Kozhikode Toll Plaza,10.66
Cheruvannur (CT),Kozhikode,591,627368,village,66,11.04,Bangalore-Mysore Road,134.72,IRINGAL,11.54,New Makardhokda,177.5,New Mangalore Port,177.5,ICD Kanjikode (Palakkad),130.8,Petrapole ICP,1865.03,Calicut International Airport (CCJ),55.45,MMLP Coimbatore,149.86,Kottapuram Terminal,162.05,FCI Depot Kozhikode,35.82,Kozhikode Toll Plaza,14.82
Eravattur (CT),Kozhikode,591,627387,village,66,14.97,Bangalore-Mysore Road,131.48,IRINGAL,15.49,New Makardhokda,179.42,New Mangalore Port,179.42,ICD Kanjikode (Palakkad),128.05,Petrapole ICP,1862.0,Calicut International Airport (CCJ),53.91,MMLP Coimbatore,146.36,Kottapuram Terminal,161.06,FCI Depot Kozhikode,35.5,Kozhikode Toll Plaza,15.95
Menhaniam (CT),Kozhikode,591,627389,village,66,15.03,Bangalore-Mysore Road,130.65,QUILANDI,15.14,New Makardhokda,183.3,New Mangalore Port,183.3,ICD Kanjikode (Palakkad),123.95,Petrapole ICP,1861.4,Calicut International Airport (CCJ),50.33,MMLP Coimbatore,142.32,Kottapuram Terminal,157.71,FCI Depot Kozhikode,32.86,Kozhikode Toll Plaza,15.22
Perambra,Kozhikode,591,627373,village,66,19.25,Bangalore-Mysore Road,126.48,QUILANDI,19.38,New Makardhokda,181.95,New Mangalore Port,181.95,ICD Kanjikode (Palakkad),124.49,Petrapole ICP,1857.2,Calicut International Airport (CCJ),52.6,MMLP Coimbatore,141.48,Kottapuram Terminal,160.24,FCI Depot Kozhikode,36.32,Kozhikode Toll Plaza,19.46
Koothali (CT),Kozhikode,591,627388,village,66,16.8,Bangalore-Mysore Road,129.22,QUILANDI,17.2,New Makardhokda,180.48,New Mangalore Port,180.48,ICD Kanjikode (Palakkad),126.48,Petrapole ICP,1859.83,Calicut International Airport (CCJ),53.3,MMLP Coimbatore,144.2,Kottapuram Terminal,160.71,FCI Depot Kozhikode,35.79,Kozhikode Toll Plaza,17.39
Palery (CT),Kozhikode,591,627369,village,66,16.71,Bangalore-Mysore Road,128.13,IRINGAL,17.51,New Makardhokda,175.96,New Mangalore Port,175.96,ICD Kanjikode (Palakkad),130.78,Petrapole ICP,1858.39,Calicut International Airport (CCJ),57.84,MMLP Coimbatore,147.83,Kottapuram Terminal,165.21,FCI Depot Kozhikode,39.97,Kozhikode Toll Plaza,20.44
Changaroth (CT),Kozhikode,591,627370,village,66,19.3,Bangalore-Mysore Road,126.37,IRINGAL,19.97,New Makardhokda,178.43,New Mangalore Port,178.43,ICD Kanjikode (Palakkad),128.0,Petrapole ICP,1856.87,Calicut International Airport (CCJ),55.91,MMLP Coimbatore,144.71,Kottapuram Terminal,163.48,FCI Depot Kozhikode,38.97,Kozhikode Toll Plaza,20.7
Chempanoda,Kozhikode,591,627371,village,766,21.26,Bangalore-Mysore Road,117.47,QUILANDI,28.28,New Makardhokda,181.14,New Mangalore Port,181.14,ICD Kanjikode (Palakkad),124.31,Petrapole ICP,1848.21,Calicut International Airport (CCJ),56.72,MMLP Coimbatore,138.36,Kottapuram Terminal,164.36,FCI Depot Kozhikode,43.19,Kozhikode Toll Plaza,28.3
Chakkittapara,Kozhikode,591,627372,village,766,12.91,Bangalore-Mysore Road,121.32,QUILANDI,25.0,New Makardhokda,189.78,Cochin Port,182.23,ICD Kanjikode (Palakkad),115.89,Petrapole ICP,1852.2,Calicut International Airport (CCJ),47.75,MMLP Coimbatore,131.63,Kottapuram Terminal,155.31,FCI Depot Kozhikode,35.72,Kozhikode Toll Plaza,24.75
Palayad (CT),Kozhikode,591,627365,village,66,2.11,Bangalore-Mysore Road,142.45,IRINGAL,2.79,New Makardhokda,174.1,New Mangalore Port,174.1,ICD Kanjikode (Palakkad),136.68,Petrapole ICP,1872.25,Calicut International Airport (CCJ),59.14,MMLP Coimbatore,157.45,Kottapuram Terminal,163.96,FCI Depot Kozhikode,37.46,Kozhikode Toll Plaza,15.42
Maniyur (CT),Kozhikode,591,627366,village,66,5.15,Bangalore-Mysore Road,140.29,IRINGAL,5.6,New Makardhokda,176.15,New Mangalore Port,176.15,ICD Kanjikode (Palakkad),133.88,Petrapole ICP,1870.37,Calicut International Airport (CCJ),56.84,MMLP Coimbatore,154.31,Kottapuram Terminal,162.28,FCI Depot Kozhikode,35.69,Kozhikode Toll Plaza,13.63
Thiruvallur (CT),Kozhikode,591,627349,village,66,7.84,Bangalore-Mysore Road,136.76,IRINGAL,8.62,New Makardhokda,174.73,New Mangalore Port,174.73,ICD Kanjikode (Palakkad),134.15,Petrapole ICP,1866.76,Calicut International Airport (CCJ),58.14,MMLP Coimbatore,153.51,Kottapuram Terminal,164.26,FCI Depot Kozhikode,37.75,Kozhikode Toll Plaza,16.0
Kottappally (CT),Kozhikode,591,627363,village,66,6.96,Bangalore-Mysore Road,136.76,VADAKARA,8.05,New Makardhokda,171.16,New Mangalore Port,171.16,ICD Kanjikode (Palakkad),137.67,Petrapole ICP,1866.32,Calicut International Airport (CCJ),61.71,MMLP Coimbatore,156.68,Kottapuram Terminal,167.69,FCI Depot Kozhikode,41.14,Kozhikode Toll Plaza,19.21
Villiappally (CT),Kozhikode,591,627364,village,66,3.73,Bangalore-Mysore Road,139.68,VADAKARA,4.67,New Makardhokda,169.65,New Mangalore Port,169.65,ICD Kanjikode (Palakkad),140.08,Petrapole ICP,1868.96,Calicut International Airport (CCJ),63.35,MMLP Coimbatore,159.68,Kottapuram Terminal,168.67,FCI Depot Kozhikode,42.1,Kozhikode Toll Plaza,20.02
"Nadakkuthazha
",Kozhikode,591,913307,village,66,1.46,Bangalore-Mysore Road,142.6,VADAKARA,2.22,New Makardhokda,170.16,New Mangalore Port,170.16,ICD Kanjikode (Palakkad),140.6,Petrapole ICP,1871.88,Calicut International Airport (CCJ),63.13,MMLP Coimbatore,160.98,Kottapuram Terminal,167.79,FCI Depot Kozhikode,41.36,Kozhikode Toll Plaza,19.38
Vatakara,Kozhikode,591,913308,village,66,0.28,Bangalore-Mysore Road,143.91,VADAKARA,0.44,New Makardhokda,169.09,New Mangalore Port,169.09,ICD Kanjikode (Palakkad),142.14,Petrapole ICP,1872.98,Calicut International Airport (CCJ),64.41,MMLP Coimbatore,162.72,Kottapuram Terminal,168.71,FCI Depot Kozhikode,42.41,Kozhikode Toll Plaza,20.56
Chorode (CT),Kozhikode,591,627361,village,66,1.51,Bangalore-Mysore Road,141.53,NADAPURAM ROAD,2.27,New Makardhokda,165.76,New Mangalore Port,165.76,ICD Kanjikode (Palakkad),144.49,Petrapole ICP,1870.13,Calicut International Airport (CCJ),67.43,MMLP Coimbatore,164.14,Kottapuram Terminal,172.24,FCI Depot Kozhikode,45.79,Kannur Toll Plaza,19.3
Onchiyam (CT),Kozhikode,591,627341,village,66,0.78,Bangalore-Mysore Road,141.64,NADAPURAM ROAD,1.22,New Makardhokda,162.55,New Mangalore Port,162.55,ICD Kanjikode (Palakkad),147.62,Petrapole ICP,1869.65,Calicut International Airport (CCJ),70.65,MMLP Coimbatore,166.95,Kottapuram Terminal,175.38,FCI Depot Kozhikode,48.97,Kannur Toll Plaza,16.07
Azhiyur (CT),Kozhikode,591,627360,village,66,0.44,Bangalore-Mysore Road,141.69,MUKKALI,0.83,New Makardhokda,158.79,New Mangalore Port,158.79,ICD Kanjikode (Palakkad),151.24,Petrapole ICP,1868.92,Calicut International Airport (CCJ),74.42,MMLP Coimbatore,170.16,Kottapuram Terminal,179.09,FCI Depot Kozhikode,52.73,Kannur Toll Plaza,12.3
Eramala (CT),Kozhikode,591,627359,village,66,3.57,Bangalore-Mysore Road,138.88,NADAPURAM ROAD,3.36,New Makardhokda,163.13,New Mangalore Port,163.13,ICD Kanjikode (Palakkad),146.15,Petrapole ICP,1867.09,Calicut International Airport (CCJ),69.83,MMLP Coimbatore,164.87,Kottapuram Terminal,175.16,FCI Depot Kozhikode,48.61,Kannur Toll Plaza,17.03
Ayancheri (CT),Kozhikode,591,627362,village,66,10.08,Bangalore-Mysore Road,133.51,VADAKARA,11.02,New Makardhokda,170.62,New Mangalore Port,170.62,ICD Kanjikode (Palakkad),137.3,Petrapole ICP,1863.06,Calicut International Airport (CCJ),62.35,MMLP Coimbatore,155.39,Kottapuram Terminal,168.88,FCI Depot Kozhikode,42.5,Kozhikode Toll Plaza,20.94
Purameri (CT),Kozhikode,591,627348,village,66,11.86,Bangalore-Mysore Road,131.31,NADAPURAM ROAD,11.93,New Makardhokda,167.8,New Mangalore Port,167.8,ICD Kanjikode (Palakkad),139.54,Petrapole ICP,1860.49,Calicut International Airport (CCJ),65.33,MMLP Coimbatore,156.77,Kottapuram Terminal,172.08,FCI Depot Kozhikode,45.82,Kannur Toll Plaza,24.05
Velom (CT),Kozhikode,591,627350,village,66,13.45,Bangalore-Mysore Road,130.76,IRINGAL,14.51,New Makardhokda,173.76,New Mangalore Port,173.76,ICD Kanjikode (Palakkad),133.53,Petrapole ICP,1860.76,Calicut International Airport (CCJ),59.53,MMLP Coimbatore,151.15,Kottapuram Terminal,166.55,FCI Depot Kozhikode,40.64,Kozhikode Toll Plaza,19.97
Kuttiadi (CT),Kozhikode,591,627351,village,66,16.15,Bangalore-Mysore Road,127.57,VADAKARA,17.09,New Makardhokda,171.51,New Mangalore Port,171.51,ICD Kanjikode (Palakkad),135.12,Petrapole ICP,1857.34,Calicut International Airport (CCJ),62.26,MMLP Coimbatore,151.63,Kottapuram Terminal,169.55,FCI Depot Kozhikode,44.0,Kozhikode Toll Plaza,23.68
Maruthonkara (CT),Kozhikode,591,627352,village,66,22.77,Bangalore-Mysore Road,121.85,IRINGAL,23.72,New Makardhokda,175.86,New Mangalore Port,175.86,ICD Kanjikode (Palakkad),129.95,Petrapole ICP,1852.18,Calicut International Airport (CCJ),59.66,MMLP Coimbatore,145.09,Kottapuram Terminal,167.37,FCI Depot Kozhikode,43.63,Kozhikode Toll Plaza,25.73
Kavilumpara,Kozhikode,591,627345,village,766,26.46,Bangalore-Mysore Road,115.2,NADAPURAM ROAD,29.5,New Makardhokda,174.46,New Mangalore Port,174.46,ICD Kanjikode (Palakkad),130.93,Petrapole ICP,1845.44,Calicut International Airport (CCJ),63.58,MMLP Coimbatore,143.88,Kottapuram Terminal,171.26,FCI Depot Kozhikode,49.15,Kozhikode Toll Plaza,32.3
Kayakkodi (CT),Kozhikode,591,627346,village,66,18.92,Bangalore-Mysore Road,123.87,NADAPURAM ROAD,19.5,New Makardhokda,169.44,New Mangalore Port,169.44,ICD Kanjikode (Palakkad),136.59,Petrapole ICP,1853.42,Calicut International Airport (CCJ),65.11,MMLP Coimbatore,151.86,Kottapuram Terminal,172.63,FCI Depot Kozhikode,47.58,Kozhikode Toll Plaza,27.7
Kunnummal (CT),Kozhikode,591,627356,village,66,15.01,Bangalore-Mysore Road,127.73,NADAPURAM ROAD,15.25,New Makardhokda,167.67,New Mangalore Port,167.67,ICD Kanjikode (Palakkad),138.94,Petrapole ICP,1856.96,Calicut International Airport (CCJ),65.97,MMLP Coimbatore,155.17,Kottapuram Terminal,173.14,FCI Depot Kozhikode,47.3,Kannur Toll Plaza,25.67
Nadapuram (CT),Kozhikode,591,627357,village,66,10.93,Bangalore-Mysore Road,130.61,NADAPURAM ROAD,11.73,New Makardhokda,164.8,New Mangalore Port,164.8,ICD Kanjikode (Palakkad),142.34,Petrapole ICP,1859.32,Calicut International Airport (CCJ),68.38,MMLP Coimbatore,159.09,Kottapuram Terminal,175.14,FCI Depot Kozhikode,48.85,Kannur Toll Plaza,21.69
Thuneri (CT),Kozhikode,591,627355,village,66,5.98,Bangalore-Mysore Road,133.1,MUKKALI,9.14,New Makardhokda,160.44,New Mangalore Port,160.44,ICD Kanjikode (Palakkad),147.16,Petrapole ICP,1860.92,Calicut International Airport (CCJ),72.51,MMLP Coimbatore,164.13,Kottapuram Terminal,178.82,FCI Depot Kozhikode,52.29,Kannur Toll Plaza,16.64
Edacheri (CT),Kozhikode,591,627358,village,66,4.77,Bangalore-Mysore Road,136.16,MUKKALI,6.49,New Makardhokda,160.92,New Mangalore Port,160.92,ICD Kanjikode (Palakkad),147.49,Petrapole ICP,1864.01,Calicut International Airport (CCJ),71.96,MMLP Coimbatore,165.29,Kottapuram Terminal,177.77,FCI Depot Kozhikode,51.18,Kannur Toll Plaza,15.69
Chekkiad (CT),Kozhikode,591,627354,village,66,10.25,Bangalore-Mysore Road,127.36,MAHE,14.07,New Makardhokda,158.36,New Mangalore Port,158.36,ICD Kanjikode (Palakkad),148.03,Petrapole ICP,1854.84,Calicut International Airport (CCJ),75.22,MMLP Coimbatore,163.27,Kottapuram Terminal,182.23,FCI Depot Kozhikode,56.05,Kannur Toll Plaza,18.8
Valayam (CT),Kozhikode,591,627353,village,66,13.25,Bangalore-Mysore Road,124.55,MAHE,17.03,New Makardhokda,159.73,New Mangalore Port,159.73,ICD Kanjikode (Palakkad),146.28,Petrapole ICP,1852.36,Calicut International Airport (CCJ),74.42,MMLP Coimbatore,160.88,Kottapuram Terminal,181.7,FCI Depot Kozhikode,55.9,Kannur Toll Plaza,21.75
Vanimel,Kozhikode,591,627342,village,66,14.09,Bangalore-Mysore Road,124.27,MAHE,17.78,New Makardhokda,161.64,New Mangalore Port,161.64,ICD Kanjikode (Palakkad),144.36,Petrapole ICP,1852.48,Calicut International Airport (CCJ),72.6,MMLP Coimbatore,159.07,Kottapuram Terminal,179.94,FCI Depot Kozhikode,54.27,Kannur Toll Plaza,23.17
Vilangad,Kozhikode,591,627343,village,66,22.45,Bangalore-Mysore Road,115.59,MAHE,26.23,New Makardhokda,162.53,New Mangalore Port,162.53,ICD Kanjikode (Palakkad),142.85,Petrapole ICP,1844.03,Calicut International Airport (CCJ),74.46,MMLP Coimbatore,155.11,Kottapuram Terminal,182.18,FCI Depot Kozhikode,58.14,Kannur Toll Plaza,27.78
Narippatta,Kozhikode,591,627347,village,66,16.26,Bangalore-Mysore Road,123.89,NADAPURAM ROAD,18.48,New Makardhokda,165.45,New Mangalore Port,165.45,ICD Kanjikode (Palakkad),140.55,Petrapole ICP,1852.81,Calicut International Airport (CCJ),68.96,MMLP Coimbatore,155.48,Kottapuram Terminal,176.4,FCI Depot Kozhikode,51.02,Kannur Toll Plaza,26.14
Thinoor,Kozhikode,591,627344,village,66,20.56,Bangalore-Mysore Road,118.65,NADAPURAM ROAD,23.64,New Makardhokda,165.2,New Mangalore Port,165.2,ICD Kanjikode (Palakkad),140.31,Petrapole ICP,1847.57,Calicut International Airport (CCJ),70.77,MMLP Coimbatore,153.69,Kottapuram Terminal,178.46,FCI Depot Kozhikode,54.05,Kannur Toll Plaza,29.37
Vellarimala,Wayanad,590,627340,village,766,12.68,Bangalore-Mysore Road,110.4,Nilambur Road,26.66,New Makardhokda,213.47,Cochin Port,170.72,ICD Kanjikode (Palakkad),92.73,Petrapole ICP,1838.1,Calicut International Airport (CCJ),44.78,MMLP Coimbatore,103.42,Kottapuram Terminal,144.04,FCI Depot Kozhikode,47.76,Kozhikode Toll Plaza,49.17
Muppainad,Wayanad,590,627339,village,766,10.85,Bangalore-Mysore Road,103.32,Nilambur Road,31.74,New Makardhokda,210.55,Cochin Port,177.12,ICD Kanjikode (Palakkad),96.92,Petrapole ICP,1831.42,Calicut International Airport (CCJ),51.9,MMLP Coimbatore,104.59,Kottapuram Terminal,150.51,FCI Depot Kozhikode,53.84,Kozhikode Toll Plaza,53.09
Kottappadi (Part),Wayanad,590,627337,village,766,6.17,Bangalore-Mysore Road,107.88,Nilambur Road,33.69,New Makardhokda,206.37,Cochin Port,176.72,ICD Kanjikode (Palakkad),99.83,Petrapole ICP,1836.99,Calicut International Airport (CCJ),48.23,MMLP Coimbatore,110.04,Kottapuram Terminal,149.95,FCI Depot Kozhikode,47.78,Kozhikode Toll Plaza,45.98
Kunnathidavaka,Wayanad,590,627335,village,766,0.9,Bangalore-Mysore Road,113.3,Nilambur Road,36.47,New Makardhokda,202.83,Cochin Port,175.94,ICD Kanjikode (Palakkad),102.66,Petrapole ICP,1843.12,Calicut International Airport (CCJ),44.73,MMLP Coimbatore,115.42,Kottapuram Terminal,149.07,FCI Depot Kozhikode,41.53,Kozhikode Toll Plaza,38.64
Pozhuthana,Wayanad,590,627334,village,766,5.05,Bangalore-Mysore Road,113.15,CHEMANCHERI,35.04,New Makardhokda,196.23,Cochin Port,180.91,ICD Kanjikode (Palakkad),109.19,Petrapole ICP,1843.67,Calicut International Airport (CCJ),48.19,MMLP Coimbatore,122.03,Kottapuram Terminal,153.99,FCI Depot Kozhikode,41.62,Kozhikode Toll Plaza,35.16
Chundel,Wayanad,590,627336,village,766,0.15,Bangalore-Mysore Road,109.08,Nilambur Road,39.53,New Makardhokda,199.99,Cochin Port,180.36,ICD Kanjikode (Palakkad),105.8,Petrapole ICP,1839.18,Calicut International Airport (CCJ),49.4,MMLP Coimbatore,116.92,Kottapuram Terminal,153.5,FCI Depot Kozhikode,45.57,Kozhikode Toll Plaza,40.94
Achooranam,Wayanad,590,627333,village,766,3.96,Bangalore-Mysore Road,108.03,CHEMANCHERI,40.0,New Makardhokda,195.67,Cochin Port,184.11,ICD Kanjikode (Palakkad),110.13,Petrapole ICP,1838.54,Calicut International Airport (CCJ),52.32,MMLP Coimbatore,120.97,Kottapuram Terminal,157.23,FCI Depot Kozhikode,46.7,Kozhikode Toll Plaza,39.93
Kalpetta,Wayanad,590,913291,village,766,0.58,Bangalore-Mysore Road,103.5,Nilambur Road,41.37,New Makardhokda,199.21,Cochin Port,184.23,ICD Kanjikode (Palakkad),107.4,Petrapole ICP,1833.6,Calicut International Airport (CCJ),54.41,MMLP Coimbatore,116.25,Kottapuram Terminal,157.43,FCI Depot Kozhikode,51.16,Kozhikode Toll Plaza,45.9
Thrikkaipatta (Part),Wayanad,590,627338,village,766,4.81,Bangalore-Mysore Road,101.37,Nilambur Road,38.1,New Makardhokda,203.71,Cochin Port,182.57,ICD Kanjikode (Palakkad),103.64,Petrapole ICP,1830.79,Calicut International Airport (CCJ),54.86,MMLP Coimbatore,111.22,Kottapuram Terminal,155.87,FCI Depot Kozhikode,53.87,Kozhikode Toll Plaza,50.33
Muttil South,Wayanad,590,627329,village,766,2.73,Bangalore-Mysore Road,97.55,Nilambur Road,40.36,New Makardhokda,202.99,Cochin Port,185.55,ICD Kanjikode (Palakkad),105.31,Petrapole ICP,1827.02,Calicut International Airport (CCJ),58.55,MMLP Coimbatore,111.31,Kottapuram Terminal,158.9,FCI Depot Kozhikode,57.62,Chamarajanagara Toll Plaza,53.42
Muttil North,Wayanad,590,627328,village,766,1.43,Bangalore-Mysore Road,97.11,Nilambur Road,45.03,New Makardhokda,197.59,Cochin Port,189.37,ICD Kanjikode (Palakkad),110.39,Petrapole ICP,1827.34,Calicut International Airport (CCJ),60.58,MMLP Coimbatore,116.72,Kottapuram Terminal,162.64,FCI Depot Kozhikode,57.52,Kozhikode Toll Plaza,51.34
Kaniyambatta,Wayanad,590,627327,village,766,7.29,Bangalore-Mysore Road,95.09,Nilambur Road,50.84,New Makardhokda,191.87,New Mangalore Port,191.87,ICD Kanjikode (Palakkad),116.29,Petrapole ICP,1825.8,Calicut International Airport (CCJ),64.74,MMLP Coimbatore,122.22,Kottapuram Terminal,167.92,FCI Depot Kozhikode,59.81,Kozhikode Toll Plaza,51.43
Kottathara,Wayanad,590,627326,village,766,8.11,Bangalore-Mysore Road,102.07,QUILANDI,44.29,New Makardhokda,189.99,New Mangalore Port,189.99,ICD Kanjikode (Palakkad),116.51,Petrapole ICP,1832.9,Calicut International Airport (CCJ),60.05,MMLP Coimbatore,125.19,Kottapuram Terminal,164.94,FCI Depot Kozhikode,53.32,Kozhikode Toll Plaza,44.09
Kuppadithara,Wayanad,590,627325,village,766,12.67,Bangalore-Mysore Road,102.09,QUILANDI,43.58,New Makardhokda,185.38,New Mangalore Port,185.38,ICD Kanjikode (Palakkad),121.01,Petrapole ICP,1832.98,Calicut International Airport (CCJ),62.88,MMLP Coimbatore,129.77,Kottapuram Terminal,168.52,FCI Depot Kozhikode,54.55,Kozhikode Toll Plaza,43.46
Vengappally,Wayanad,590,627330,village,766,6.03,Bangalore-Mysore Road,104.82,QUILANDI,42.64,New Makardhokda,193.69,Cochin Port,187.42,ICD Kanjikode (Palakkad),112.48,Petrapole ICP,1835.46,Calicut International Airport (CCJ),55.87,MMLP Coimbatore,122.11,Kottapuram Terminal,160.55,FCI Depot Kozhikode,50.05,Kozhikode Toll Plaza,42.36
Kavummannam,Wayanad,590,627331,village,766,10.26,Bangalore-Mysore Road,107.19,QUILANDI,39.06,New Makardhokda,189.36,New Mangalore Port,189.36,ICD Kanjikode (Palakkad),116.41,Petrapole ICP,1838.05,Calicut International Airport (CCJ),56.63,MMLP Coimbatore,127.03,Kottapuram Terminal,162.51,FCI Depot Kozhikode,48.6,Kozhikode Toll Plaza,38.85
Padinharethara,Wayanad,590,627324,village,766,15.87,Bangalore-Mysore Road,108.07,QUILANDI,37.51,New Makardhokda,183.73,New Mangalore Port,183.73,ICD Kanjikode (Palakkad),121.89,Petrapole ICP,1838.94,Calicut International Airport (CCJ),59.91,MMLP Coimbatore,132.8,Kottapuram Terminal,166.58,FCI Depot Kozhikode,49.72,Kozhikode Toll Plaza,37.43
Thariyode,Wayanad,590,627332,village,766,11.47,Bangalore-Mysore Road,111.52,QUILANDI,34.61,New Makardhokda,188.76,Cochin Port,187.62,ICD Kanjikode (Palakkad),116.67,Petrapole ICP,1842.39,Calicut International Airport (CCJ),54.09,MMLP Coimbatore,128.89,Kottapuram Terminal,160.7,FCI Depot Kozhikode,44.76,Kozhikode Toll Plaza,34.41
Thomattuchal,Wayanad,590,627323,village,766,8.07,Bangalore-Mysore Road,98.38,Nilambur Road,33.96,New Makardhokda,211.22,Cochin Port,180.19,ICD Kanjikode (Palakkad),97.8,Petrapole ICP,1826.14,Calicut International Airport (CCJ),56.76,MMLP Coimbatore,103.02,Kottapuram Terminal,153.7,FCI Depot Kozhikode,59.19,Chamarajanagara Toll Plaza,49.33
Nenmeni,Wayanad,590,627321,village,766,4.5,Bangalore-Mysore Road,92.81,Nilambur Road,37.66,New Makardhokda,211.38,Cochin Port,184.19,ICD Kanjikode (Palakkad),99.76,Petrapole ICP,1820.34,Calicut International Airport (CCJ),62.35,MMLP Coimbatore,102.33,Kottapuram Terminal,157.83,FCI Depot Kozhikode,64.95,Chamarajanagara Toll Plaza,43.84
Cheeral,Wayanad,590,627320,village,766,6.36,Bangalore-Mysore Road,91.14,Nilambur Road,36.79,New Makardhokda,216.77,Cochin Port,183.03,ICD Kanjikode (Palakkad),96.33,Petrapole ICP,1816.97,Calicut International Airport (CCJ),64.73,MMLP Coimbatore,96.85,Kottapuram Terminal,156.89,FCI Depot Kozhikode,69.22,Chamarajanagara Toll Plaza,38.9
Noolpuzha,Wayanad,590,627319,village,766,3.09,Bangalore-Mysore Road,83.34,Udagamandalam,43.34,New Makardhokda,220.29,Cochin Port,188.25,ICD Coimbatore,94.02,Petrapole ICP,1807.46,Calicut International Airport (CCJ),73.88,MMLP Coimbatore,93.98,Kottapuram Terminal,162.46,FCI Depot Mysuru,76.84,Chamarajanagara Toll Plaza,28.9
Kuppadi (Part),Wayanad,590,627318,village,766,1.18,Bangalore-Mysore Road,85.61,Nilambur Road,44.45,New Makardhokda,208.78,Cochin Port,190.97,ICD Coimbatore,104.99,Petrapole ICP,1813.62,Calicut International Airport (CCJ),69.53,MMLP Coimbatore,104.91,Kottapuram Terminal,164.69,FCI Depot Kozhikode,71.3,Chamarajanagara Toll Plaza,38.95
Sulthanbathery,Wayanad,590,627317,village,766,0.18,Bangalore-Mysore Road,88.84,Nilambur Road,42.54,New Makardhokda,207.69,Cochin Port,189.06,ICD Kanjikode (Palakkad),104.45,Petrapole ICP,1817.19,Calicut International Airport (CCJ),66.33,MMLP Coimbatore,105.93,Kottapuram Terminal,162.68,FCI Depot Kozhikode,67.66,Chamarajanagara Toll Plaza,42.55
Ambalavayal,Wayanad,590,627322,village,766,2.69,Bangalore-Mysore Road,94.02,Nilambur Road,39.6,New Makardhokda,206.72,Cochin Port,185.78,ICD Kanjikode (Palakkad),103.19,Petrapole ICP,1822.71,Calicut International Airport (CCJ),61.3,MMLP Coimbatore,107.13,Kottapuram Terminal,159.27,FCI Depot Kozhikode,62.09,Chamarajanagara Toll Plaza,47.88
Krishnagiri,Wayanad,590,627316,village,766,0.32,Bangalore-Mysore Road,91.99,Nilambur Road,42.81,New Makardhokda,203.83,Cochin Port,188.9,ICD Kanjikode (Palakkad),106.42,Petrapole ICP,1821.22,Calicut International Airport (CCJ),63.65,MMLP Coimbatore,109.91,Kottapuram Terminal,162.36,FCI Depot Kozhikode,63.45,Chamarajanagara Toll Plaza,47.9
Purakkadi,Wayanad,590,627315,village,766,1.78,Bangalore-Mysore Road,92.93,Nilambur Road,45.29,New Makardhokda,199.7,Cochin Port,190.78,ICD Kanjikode (Palakkad),109.73,Petrapole ICP,1822.85,Calicut International Airport (CCJ),63.68,MMLP Coimbatore,114.14,Kottapuram Terminal,164.14,FCI Depot Kozhikode,61.86,Chamarajanagara Toll Plaza,51.42
Poothadi,Wayanad,590,627310,village,766,6.6,Bangalore-Mysore Road,90.92,Nilambur Road,50.05,New Makardhokda,195.04,New Mangalore Port,195.04,ICD Kanjikode (Palakkad),114.63,Petrapole ICP,1821.39,Calicut International Airport (CCJ),67.03,MMLP Coimbatore,118.69,Kottapuram Terminal,168.54,FCI Depot Kozhikode,63.7,Chamarajanagara Toll Plaza,52.9
Nadavayal,Wayanad,590,627309,village,766,11.3,Bangalore-Mysore Road,87.5,Nilambur Road,54.82,New Makardhokda,191.44,New Mangalore Port,191.44,ICD Kanjikode (Palakkad),119.13,Petrapole ICP,1818.24,Calicut International Airport (CCJ),71.54,MMLP Coimbatore,122.18,Kottapuram Terminal,173.37,FCI Depot Kozhikode,67.35,Chamarajanagara Toll Plaza,52.85
Irulam,Wayanad,590,627314,village,766,8.16,Bangalore-Mysore Road,85.2,Nilambur Road,51.27,New Makardhokda,197.83,Cochin Port,197.42,ICD Kanjikode (Palakkad),114.32,Petrapole ICP,1815.32,Calicut International Airport (CCJ),71.4,MMLP Coimbatore,115.81,Kottapuram Terminal,170.88,FCI Depot Kozhikode,69.49,Chamarajanagara Toll Plaza,46.52
Kidanganad (Part),Wayanad,590,627313,village,766,7.71,Bangalore-Mysore Road,79.19,Nilambur Road,51.6,New Makardhokda,204.55,Cochin Port,198.11,ICD Coimbatore,109.68,Petrapole ICP,1808.12,Calicut International Airport (CCJ),76.04,MMLP Coimbatore,109.63,Kottapuram Terminal,171.84,FCI Depot Mysuru,72.81,Chamarajanagara Toll Plaza,36.95
Padichira,Wayanad,590,627312,village,766,17.73,Bangalore-Mysore Road,77.86,Nilambur Road,60.79,New Makardhokda,191.44,New Mangalore Port,191.44,ICD Coimbatore,122.76,Petrapole ICP,1808.61,Calicut International Airport (CCJ),80.35,MMLP Coimbatore,122.71,Kottapuram Terminal,180.46,FCI Depot Mysuru,71.79,Chamarajanagara Toll Plaza,46.66
Pulpally,Wayanad,590,627311,village,766,17.11,Bangalore-Mysore Road,83.18,Nilambur Road,60.64,New Makardhokda,187.37,New Mangalore Port,187.37,ICD Kanjikode (Palakkad),124.58,Petrapole ICP,1814.06,Calicut International Airport (CCJ),77.28,MMLP Coimbatore,126.33,Kottapuram Terminal,179.33,FCI Depot Kozhikode,72.28,Chamarajanagara Toll Plaza,52.99
Vellamunda,Wayanad,590,627307,village,766,19.49,Bangalore-Mysore Road,105.85,QUILANDI,39.97,New Makardhokda,179.39,New Mangalore Port,179.39,ICD Kanjikode (Palakkad),126.41,Petrapole ICP,1836.53,Calicut International Airport (CCJ),64.6,MMLP Coimbatore,136.45,Kottapuram Terminal,171.38,FCI Depot Kozhikode,53.67,Kozhikode Toll Plaza,39.98
Porunnannur,Wayanad,590,627306,village,766,14.22,Bangalore-Mysore Road,99.47,QUILANDI,46.12,New Makardhokda,183.59,New Mangalore Port,183.59,ICD Kanjikode (Palakkad),123.24,Petrapole ICP,1830.33,Calicut International Airport (CCJ),66.0,MMLP Coimbatore,131.06,Kottapuram Terminal,171.49,FCI Depot Kozhikode,57.62,Kozhikode Toll Plaza,46.04
Anjukunnu,Wayanad,590,627305,village,766,11.16,Bangalore-Mysore Road,96.51,QUILANDI,49.32,New Makardhokda,187.05,New Mangalore Port,187.05,ICD Kanjikode (Palakkad),120.53,Petrapole ICP,1827.4,Calicut International Airport (CCJ),66.13,MMLP Coimbatore,127.2,Kottapuram Terminal,170.57,FCI Depot Kozhikode,59.35,Kozhikode Toll Plaza,49.18
Panamaram,Wayanad,590,627304,village,766,11.91,Bangalore-Mysore Road,91.47,QUILANDI,54.49,New Makardhokda,188.37,New Mangalore Port,188.37,ICD Kanjikode (Palakkad),120.66,Petrapole ICP,1822.34,Calicut International Airport (CCJ),69.55,MMLP Coimbatore,125.4,Kottapuram Terminal,172.84,FCI Depot Kozhikode,63.92,Kozhikode Toll Plaza,54.34
Cherukattoor,Wayanad,590,627303,village,766,15.05,Bangalore-Mysore Road,92.06,QUILANDI,53.56,New Makardhokda,184.65,New Mangalore Port,184.65,ICD Kanjikode (Palakkad),124.04,Petrapole ICP,1822.94,Calicut International Airport (CCJ),71.14,MMLP Coimbatore,129.15,Kottapuram Terminal,175.27,FCI Depot Kozhikode,64.29,Kozhikode Toll Plaza,53.46
Nalloornad,Wayanad,590,627302,village,766,17.72,Bangalore-Mysore Road,95.64,NADAPURAM ROAD,49.59,New Makardhokda,180.53,New Mangalore Port,180.53,ICD Kanjikode (Palakkad),127.08,Petrapole ICP,1826.39,Calicut International Airport (CCJ),70.95,MMLP Coimbatore,133.56,Kottapuram Terminal,176.28,FCI Depot Kozhikode,62.36,Kozhikode Toll Plaza,50.01
Edavaka,Wayanad,590,627301,village,766,20.67,Bangalore-Mysore Road,99.51,NADAPURAM ROAD,44.79,New Makardhokda,177.13,New Mangalore Port,177.13,ICD Kanjikode (Palakkad),129.6,Petrapole ICP,1830.03,Calicut International Airport (CCJ),70.56,MMLP Coimbatore,137.41,Kottapuram Terminal,176.8,FCI Depot Kozhikode,60.39,Kozhikode Toll Plaza,46.66
Kanjirangad,Wayanad,590,627308,village,766,21.82,Bangalore-Mysore Road,104.73,NADAPURAM ROAD,39.85,New Makardhokda,176.6,New Mangalore Port,176.6,ICD Kanjikode (Palakkad),129.32,Petrapole ICP,1835.21,Calicut International Airport (CCJ),67.5,MMLP Coimbatore,138.91,Kottapuram Terminal,174.38,FCI Depot Kozhikode,56.12,Kozhikode Toll Plaza,41.63
Thondernad,Wayanad,590,627299,village,66,28.26,Bangalore-Mysore Road,111.47,NADAPURAM ROAD,31.13,New Makardhokda,168.45,New Mangalore Port,168.45,ICD Kanjikode (Palakkad),136.96,Petrapole ICP,1840.95,Calicut International Airport (CCJ),70.72,MMLP Coimbatore,148.37,Kottapuram Terminal,178.38,FCI Depot Kozhikode,56.14,Kannur Toll Plaza,34.62
Periya,Wayanad,590,627298,village,66,32.27,Bangalore-Mysore Road,105.85,MAHE,36.08,New Makardhokda,165.21,New Mangalore Port,165.21,ICD Kanjikode (Palakkad),140.62,Petrapole ICP,1834.76,Calicut International Airport (CCJ),76.61,MMLP Coimbatore,150.07,Kottapuram Terminal,184.08,FCI Depot Kozhikode,62.76,Kannur Toll Plaza,34.35
Valad,Wayanad,590,627300,village,766,26.69,Bangalore-Mysore Road,102.55,NADAPURAM ROAD,40.26,New Makardhokda,171.22,New Mangalore Port,171.22,ICD Kanjikode (Palakkad),134.99,Petrapole ICP,1832.43,Calicut International Airport (CCJ),73.29,MMLP Coimbatore,143.67,Kottapuram Terminal,180.28,FCI Depot Kozhikode,61.17,Kannur Toll Plaza,40.85
Thavinjal,Wayanad,590,627297,village,766,27.98,Bangalore-Mysore Road,95.83,NADAPURAM ROAD,46.6,New Makardhokda,170.24,New Mangalore Port,170.24,ICD Kanjikode (Palakkad),137.29,Petrapole ICP,1825.5,Calicut International Airport (CCJ),78.62,MMLP Coimbatore,143.71,Kottapuram Terminal,185.02,FCI Depot Kozhikode,67.58,Kannur Toll Plaza,43.69
Mananthavady,Wayanad,590,627296,village,766,23.79,Bangalore-Mysore Road,91.62,NADAPURAM ROAD,51.61,New Makardhokda,175.58,New Mangalore Port,175.58,ICD Kanjikode (Palakkad),133.04,Petrapole ICP,1821.96,Calicut International Airport (CCJ),77.55,MMLP Coimbatore,138.13,Kottapuram Terminal,182.93,FCI Depot Kozhikode,68.37,Kannur Toll Plaza,50.06
Thirunelly,Wayanad,590,627293,village,766,31.94,Bangalore-Mysore Road,84.64,MAHE,57.12,New Makardhokda,170.44,New Mangalore Port,170.44,ICD Kanjikode (Palakkad),140.58,Petrapole ICP,1814.11,Calicut International Airport (CCJ),87.11,MMLP Coimbatore,143.29,Kottapuram Terminal,192.15,FCI Depot Kozhikode,77.81,Kannur Toll Plaza,50.99
Thrissilery,Wayanad,590,627294,village,766,23.48,Bangalore-Mysore Road,85.3,NADAPURAM ROAD,58.39,New Makardhokda,178.95,New Mangalore Port,178.95,ICD Kanjikode (Palakkad),131.81,Petrapole ICP,1815.9,Calicut International Airport (CCJ),80.33,MMLP Coimbatore,134.7,Kottapuram Terminal,184.35,FCI Depot Kozhikode,72.83,Kannur Toll Plaza,56.19
Payyampally,Wayanad,590,627295,village,766,18.85,Bangalore-Mysore Road,89.77,NADAPURAM ROAD,55.23,New Makardhokda,181.55,New Mangalore Port,181.55,ICD Kanjikode (Palakkad),127.73,Petrapole ICP,1820.56,Calicut International Airport (CCJ),74.92,MMLP Coimbatore,132.11,Kottapuram Terminal,179.21,FCI Depot Kozhikode,67.52,Kannur Toll Plaza,55.77
Peringathur (CT),Kannur,589,627292,village,66,1.04,Bangalore-Mysore Road,136.66,MAHE,4.71,New Makardhokda,157.0,New Mangalore Port,157.0,ICD Kanjikode (Palakkad),151.4,Petrapole ICP,1863.64,Calicut International Airport (CCJ),75.88,MMLP Coimbatore,168.91,Kottapuram Terminal,181.54,FCI Depot Kozhikode,54.96,Kannur Toll Plaza,11.9
Chokli (CT),Kannur,589,627291,village,66,0.69,Bangalore-Mysore Road,138.87,MAHE,2.56,New Makardhokda,155.54,New Mangalore Port,155.54,ICD Kanjikode (Palakkad),153.44,Petrapole ICP,1865.46,Calicut International Airport (CCJ),77.42,MMLP Coimbatore,171.32,Kottapuram Terminal,182.65,FCI Depot Kozhikode,56.14,Kannur Toll Plaza,9.67
Panniyannur (CT),Kannur,589,627289,village,66,2.45,Bangalore-Mysore Road,137.33,JAGANNATH TEMPLE GATE,5.75,New Makardhokda,152.08,New Mangalore Port,152.08,ICD Mangalore (Panambur),150.65,Petrapole ICP,1863.09,Calicut International Airport (CCJ),80.81,MMLP Coimbatore,173.41,Kottapuram Terminal,186.31,FCI Depot Kozhikode,59.75,Kannur Toll Plaza,7.46
Kodiyeri - CT,Kannur,589,910496,village,66,0.58,Bangalore-Mysore Road,141.89,JAGANNATH TEMPLE GATE,1.62,New Makardhokda,151.8,New Mangalore Port,151.8,ICD Mangalore (Panambur),150.41,Petrapole ICP,1867.45,Calicut International Airport (CCJ),81.41,MMLP Coimbatore,176.1,Kottapuram Terminal,186.01,FCI Depot Kozhikode,59.71,Kannur Toll Plaza,5.31
Thiruvangad,Kannur,589,913031,village,66,0.62,Bangalore-Mysore Road,142.08,JAGANNATH TEMPLE GATE,1.64,New Makardhokda,149.1,New Mangalore Port,149.1,ICD Mangalore (Panambur),147.71,Petrapole ICP,1866.9,Calicut International Airport (CCJ),84.1,MMLP Coimbatore,178.42,Kottapuram Terminal,188.68,FCI Depot Kozhikode,62.4,Kannur Toll Plaza,2.61
Dharmadam (CT),Kannur,589,627282,village,66,0.53,Bangalore-Mysore Road,143.45,DHARMADAM,1.78,New Makardhokda,143.58,New Mangalore Port,143.58,ICD Mangalore (Panambur),142.2,Petrapole ICP,1866.6,Calicut International Airport (CCJ),89.72,MMLP Coimbatore,183.66,Kottapuram Terminal,194.08,FCI Depot Kozhikode,67.92,Kannur Toll Plaza,1.54
Pinarayi (CT),Kannur,589,627281,village,66,3.0,Bangalore-Mysore Road,141.33,DHARMADAM,4.27,New Makardhokda,142.4,New Mangalore Port,142.4,ICD Mangalore (Panambur),141.0,Petrapole ICP,1864.17,Calicut International Airport (CCJ),90.67,MMLP Coimbatore,183.47,Kottapuram Terminal,195.46,FCI Depot Kozhikode,69.13,Kannur Toll Plaza,4.03
Eranholi (CT),Kannur,589,627283,village,66,1.22,Bangalore-Mysore Road,140.79,THALASSERY,3.22,New Makardhokda,146.65,New Mangalore Port,146.65,ICD Mangalore (Panambur),145.25,Petrapole ICP,1864.95,Calicut International Airport (CCJ),86.41,MMLP Coimbatore,179.73,Kottapuram Terminal,191.26,FCI Depot Kozhikode,64.89,Kannur Toll Plaza,1.71
Eruvatti (CT),Kannur,589,627280,village,66,5.4,Bangalore-Mysore Road,137.68,THALASSERY,7.39,New Makardhokda,144.09,New Mangalore Port,144.09,ICD Mangalore (Panambur),142.66,Petrapole ICP,1861.13,Calicut International Airport (CCJ),88.8,MMLP Coimbatore,180.22,Kottapuram Terminal,194.23,FCI Depot Kozhikode,67.71,Kannur Toll Plaza,5.56
Kadirur (CT),Kannur,589,627284,village,66,2.99,Bangalore-Mysore Road,138.33,THALASSERY,5.24,New Makardhokda,147.85,New Mangalore Port,147.85,ICD Mangalore (Panambur),146.43,Petrapole ICP,1862.91,Calicut International Airport (CCJ),85.07,MMLP Coimbatore,177.45,Kottapuram Terminal,190.38,FCI Depot Kozhikode,63.87,Kannur Toll Plaza,4.33
Thriprangottur (CT),Kannur,589,627271,village,66,9.64,Bangalore-Mysore Road,127.82,MAHE,13.5,New Makardhokda,156.59,New Mangalore Port,156.59,ICD Kanjikode (Palakkad),149.84,Petrapole ICP,1854.88,Calicut International Airport (CCJ),76.92,MMLP Coimbatore,165.02,Kottapuram Terminal,183.84,FCI Depot Kozhikode,57.59,Kannur Toll Plaza,17.39
Panoor (CT),Kannur,589,627288,village,66,4.32,Bangalore-Mysore Road,134.34,MAHE,7.61,New Makardhokda,153.38,New Mangalore Port,153.38,ICD Mangalore (Panambur),151.93,Petrapole ICP,1860.51,Calicut International Airport (CCJ),79.52,MMLP Coimbatore,170.81,Kottapuram Terminal,185.53,FCI Depot Kozhikode,58.94,Kannur Toll Plaza,10.45
Puthur (CT),Kannur,589,"627270
",village,66,7.24,Bangalore-Mysore Road,131.93,MAHE,10.51,New Makardhokda,151.85,New Mangalore Port,151.85,ICD Mangalore (Panambur),150.38,Petrapole ICP,1857.75,Calicut International Airport (CCJ),81.18,MMLP Coimbatore,170.96,Kottapuram Terminal,187.53,FCI Depot Kozhikode,60.98,Kannur Toll Plaza,11.59
Kolavallur (CT),Kannur,589,627287,village,66,8.2,Bangalore-Mysore Road,129.76,MAHE,11.9,New Makardhokda,153.8,New Mangalore Port,153.8,ICD Mangalore (Panambur),152.31,Petrapole ICP,1856.12,Calicut International Airport (CCJ),79.44,MMLP Coimbatore,168.3,Kottapuram Terminal,186.1,FCI Depot Kozhikode,59.66,Kannur Toll Plaza,14.34
"Mokeri (CT)
",Kannur,589,627286,village,66,6.55,Bangalore-Mysore Road,134.16,JAGANNATH TEMPLE GATE,8.82,New Makardhokda,149.67,New Mangalore Port,149.67,ICD Mangalore (Panambur),148.22,Petrapole ICP,1859.34,Calicut International Airport (CCJ),83.24,MMLP Coimbatore,173.85,Kottapuram Terminal,189.25,FCI Depot Kozhikode,62.66,Kannur Toll Plaza,8.77
Pattiam (CT),Kannur,589,627285,village,66,7.04,Bangalore-Mysore Road,134.32,JAGANNATH TEMPLE GATE,9.23,New Makardhokda,147.52,New Mangalore Port,147.52,ICD Mangalore (Panambur),146.07,Petrapole ICP,1858.89,Calicut International Airport (CCJ),85.39,MMLP Coimbatore,175.74,Kottapuram Terminal,191.36,FCI Depot Kozhikode,64.77,Kannur Toll Plaza,8.2
Kottayam (CT),Kannur,589,627279,village,66,7.02,Bangalore-Mysore Road,134.99,THALASSERY,9.21,New Makardhokda,145.35,New Mangalore Port,145.35,ICD Mangalore (Panambur),143.9,Petrapole ICP,1858.89,Calicut International Airport (CCJ),87.55,MMLP Coimbatore,177.87,Kottapuram Terminal,193.41,FCI Depot Kozhikode,66.83,Kannur Toll Plaza,7.71
Pathiriyad (CT),Kannur,589,627275,village,66,7.04,Bangalore-Mysore Road,137.37,ETAKKOT,8.39,New Makardhokda,141.43,New Mangalore Port,141.43,ICD Mangalore (Panambur),140.0,Petrapole ICP,1859.97,Calicut International Airport (CCJ),91.45,MMLP Coimbatore,182.24,Kottapuram Terminal,196.95,FCI Depot Kozhikode,70.41,Kannur Toll Plaza,7.53
Paduvilayi (CT),Kannur,589,627274,village,66,11.0,Bangalore-Mysore Road,134.42,ETAKKOT,11.81,New Makardhokda,138.5,New Mangalore Port,138.5,ICD Mangalore (Panambur),137.04,Petrapole ICP,1856.05,Calicut International Airport (CCJ),94.45,MMLP Coimbatore,183.28,Kottapuram Terminal,200.42,FCI Depot Kozhikode,73.83,Kannur Toll Plaza,4.88
Keezhallur (CT),Kannur,589,627273,village,66,13.49,Bangalore-Mysore Road,132.22,KANNUR SOUTH,15.27,New Makardhokda,134.6,New Mangalore Port,134.6,ICD Mangalore (Panambur),133.11,Petrapole ICP,1852.39,Calicut International Airport (CCJ),98.57,MMLP Coimbatore,185.55,Kottapuram Terminal,204.86,FCI Depot Kozhikode,78.27,Kannur Toll Plaza,2.73
Pattannur (CT),Kannur,589,627250,village,66,16.51,Bangalore-Mysore Road,130.76,KANNUR SOUTH,17.6,New Makardhokda,130.19,New Mangalore Port,130.19,ICD Mangalore (Panambur),128.67,Petrapole ICP,1849.08,Calicut International Airport (CCJ),103.27,MMLP Coimbatore,188.63,Kottapuram Terminal,209.77,FCI Depot Kozhikode,83.21,Kannur Toll Plaza,6.77
Koodali (CT),Kannur,589,627272,village,66,11.12,Bangalore-Mysore Road,136.18,KANNUR SOUTH,11.79,New Makardhokda,130.89,New Mangalore Port,130.89,ICD Mangalore (Panambur),129.43,Petrapole ICP,1854.89,Calicut International Airport (CCJ),102.04,MMLP Coimbatore,190.27,Kottapuram Terminal,207.84,FCI Depot Kozhikode,81.28,Kannur Toll Plaza,7.64
Mangattidam (CT),Kannur,589,627276,village,66,10.98,Bangalore-Mysore Road,133.14,DHARMADAM,12.6,New Makardhokda,141.34,New Mangalore Port,141.34,ICD Mangalore (Panambur),139.86,Petrapole ICP,1855.77,Calicut International Airport (CCJ),91.67,MMLP Coimbatore,180.36,Kottapuram Terminal,197.81,FCI Depot Kozhikode,71.22,Kannur Toll Plaza,5.88
Koothuparamba,Kannur,589,913030,village,66,10.17,Bangalore-Mysore Road,131.7,THALASSERY,12.38,New Makardhokda,145.49,New Mangalore Port,145.49,ICD Mangalore (Panambur),144.01,Petrapole ICP,1855.69,Calicut International Airport (CCJ),87.6,MMLP Coimbatore,176.25,Kottapuram Terminal,193.93,FCI Depot Kozhikode,67.37,Kannur Toll Plaza,9.14
Cheruvanchery (CT),Kannur,589,627269,village,66,17.65,Bangalore-Mysore Road,120.03,MAHE,21.47,New Makardhokda,154.75,New Mangalore Port,154.75,ICD Kanjikode (Palakkad),150.76,Petrapole ICP,1846.69,Calicut International Airport (CCJ),80.54,MMLP Coimbatore,163.63,Kottapuram Terminal,188.06,FCI Depot Kozhikode,62.65,Kannur Toll Plaza,19.25
Manantheri (CT),Kannur,589,627278,village,66,14.34,Bangalore-Mysore Road,126.89,JAGANNATH TEMPLE GATE,16.63,New Makardhokda,147.28,New Mangalore Port,147.28,ICD Mangalore (Panambur),145.76,Petrapole ICP,1851.45,Calicut International Airport (CCJ),86.42,MMLP Coimbatore,172.71,Kottapuram Terminal,193.33,FCI Depot Kozhikode,66.99,Kannur Toll Plaza,10.52
Kandamkunnu (CT),Kannur,589,627277,village,66,13.33,Bangalore-Mysore Road,129.18,THALASSERY,15.53,New Makardhokda,143.67,New Mangalore Port,143.67,ICD Mangalore (Panambur),142.17,Petrapole ICP,1852.59,Calicut International Airport (CCJ),89.72,MMLP Coimbatore,176.71,Kottapuram Terminal,196.36,FCI Depot Kozhikode,69.87,Kannur Toll Plaza,6.82
Sivapuram,Kannur,589,627268,village,66,18.42,Bangalore-Mysore Road,124.57,THALASSERY,20.61,New Makardhokda,142.44,New Mangalore Port,142.44,ICD Mangalore (Panambur),140.89,Petrapole ICP,1847.53,Calicut International Airport (CCJ),91.81,MMLP Coimbatore,176.02,Kottapuram Terminal,198.91,FCI Depot Kozhikode,72.69,Kannur Toll Plaza,7.2
Kannavam,Kannur,589,"627267
",village,66,17.21,Bangalore-Mysore Road,123.59,JAGANNATH TEMPLE GATE,19.92,New Makardhokda,147.41,New Mangalore Port,147.41,ICD Mangalore (Panambur),145.87,Petrapole ICP,1848.18,Calicut International Airport (CCJ),86.97,MMLP Coimbatore,171.35,Kottapuram Terminal,194.17,FCI Depot Kozhikode,68.11,Kannur Toll Plaza,11.53
Kolayad,Kannur,589,627266,village,66,20.22,Bangalore-Mysore Road,118.63,MAHE,23.88,New Makardhokda,150.73,New Mangalore Port,150.73,ICD Mangalore (Panambur),149.16,Petrapole ICP,1844.18,Calicut International Airport (CCJ),84.99,MMLP Coimbatore,166.75,Kottapuram Terminal,192.55,FCI Depot Kozhikode,67.16,Kannur Toll Plaza,16.52
Tholambra,Kannur,589,627263,village,66,21.99,Bangalore-Mysore Road,119.43,JAGANNATH TEMPLE GATE,24.61,New Makardhokda,145.86,New Mangalore Port,145.86,ICD Mangalore (Panambur),144.28,Petrapole ICP,1843.46,Calicut International Airport (CCJ),89.69,MMLP Coimbatore,171.33,Kottapuram Terminal,197.17,FCI Depot Kozhikode,71.52,Kannur Toll Plaza,12.74
Vellarvelly,Kannur,589,627264,village,66,21.03,Bangalore-Mysore Road,119.75,JAGANNATH TEMPLE GATE,23.95,New Makardhokda,146.93,New Mangalore Port,146.93,ICD Mangalore (Panambur),145.36,Petrapole ICP,1844.14,Calicut International Airport (CCJ),88.5,MMLP Coimbatore,170.48,Kottapuram Terminal,195.96,FCI Depot Kozhikode,70.3,Kannur Toll Plaza,13.18
Vekkalam,Kannur,589,627265,village,66,24.12,Bangalore-Mysore Road,114.01,MAHE,27.9,New Makardhokda,153.06,New Mangalore Port,153.06,ICD Mangalore (Panambur),151.45,Petrapole ICP,1840.15,Calicut International Airport (CCJ),84.35,MMLP Coimbatore,163.31,Kottapuram Terminal,192.06,FCI Depot Kozhikode,67.54,Kannur Toll Plaza,20.82
Kottiyoor,Kannur,589,627257,village,766,36.06,Bangalore-Mysore Road,97.43,MAHE,43.89,New Makardhokda,162.06,New Mangalore Port,162.06,ICD Kanjikode (Palakkad),145.26,Petrapole ICP,1825.52,Calicut International Airport (CCJ),84.67,MMLP Coimbatore,151.85,Kottapuram Terminal,191.68,FCI Depot Kozhikode,71.95,Kannur Toll Plaza,37.34
Kelakam,Kannur,589,627258,village,66,33.13,Bangalore-Mysore Road,104.44,MAHE,36.98,New Makardhokda,157.51,New Mangalore Port,157.51,ICD Kanjikode (Palakkad),148.62,Petrapole ICP,1831.58,Calicut International Airport (CCJ),84.63,MMLP Coimbatore,157.11,Kottapuram Terminal,192.19,FCI Depot Kozhikode,70.05,Kannur Toll Plaza,29.87
Kanichar,Kannur,589,"627259
",village,66,29.11,Bangalore-Mysore Road,109.0,MAHE,32.9,New Makardhokda,153.66,New Mangalore Port,153.66,ICD Mangalore (Panambur),152.02,Petrapole ICP,1835.2,Calicut International Airport (CCJ),86.01,MMLP Coimbatore,161.57,Kottapuram Terminal,193.73,FCI Depot Kozhikode,70.2,Kannur Toll Plaza,24.5
Aralam,Kannur,589,627256,village,66,35.46,Bangalore-Mysore Road,104.96,JAGANNATH TEMPLE GATE,39.08,New Makardhokda,147.83,New Mangalore Port,147.83,ICD Mangalore (Panambur),146.15,Petrapole ICP,1829.08,Calicut International Airport (CCJ),94.06,MMLP Coimbatore,166.37,Kottapuram Terminal,201.73,FCI Depot Kozhikode,78.53,Kannur Toll Plaza,25.58
Vellarvalli,Kannur,589,627264,village,66,24.36,Bangalore-Mysore Road,115.5,JAGANNATH TEMPLE GATE,27.93,New Makardhokda,148.43,New Mangalore Port,148.43,ICD Mangalore (Panambur),146.83,Petrapole ICP,1840.28,Calicut International Airport (CCJ),88.43,MMLP Coimbatore,167.91,Kottapuram Terminal,196.09,FCI Depot Kozhikode,71.07,Kannur Toll Plaza,16.98
Manathana,Kannur,589,627260,village,66,27.02,Bangalore-Mysore Road,112.5,MAHE,30.65,New Makardhokda,149.21,New Mangalore Port,149.21,ICD Mangalore (Panambur),147.59,Petrapole ICP,1837.45,Calicut International Airport (CCJ),88.86,MMLP Coimbatore,166.45,Kottapuram Terminal,196.58,FCI Depot Kozhikode,72.09,Kannur Toll Plaza,19.6
Muzhakkunnu,Kannur,589,627261,village,66,28.63,Bangalore-Mysore Road,113.25,JAGANNATH TEMPLE GATE,31.39,New Makardhokda,144.74,New Mangalore Port,144.74,ICD Mangalore (Panambur),143.12,Petrapole ICP,1836.69,Calicut International Airport (CCJ),93.13,MMLP Coimbatore,170.7,Kottapuram Terminal,200.83,FCI Depot Kozhikode,76.0,Kannur Toll Plaza,17.36
Thillankeri,Kannur,589,627262,village,66,24.41,Bangalore-Mysore Road,118.84,THALASSERY,26.61,New Makardhokda,141.98,New Mangalore Port,141.98,ICD Mangalore (Panambur),140.39,Petrapole ICP,1841.5,Calicut International Airport (CCJ),93.88,MMLP Coimbatore,174.6,Kottapuram Terminal,201.36,FCI Depot Kozhikode,75.69,Kannur Toll Plaza,11.63
Chavassery,Kannur,589,627251,village,66,24.18,Bangalore-Mysore Road,121.38,ETAKKOT,25.58,New Makardhokda,137.22,New Mangalore Port,137.22,ICD Mangalore (Panambur),135.64,Petrapole ICP,1842.3,Calicut International Airport (CCJ),98.04,MMLP Coimbatore,179.51,Kottapuram Terminal,205.36,FCI Depot Kozhikode,79.36,Kannur Toll Plaza,9.07
Kolari,Kannur,589,913285,village,66,19.16,Bangalore-Mysore Road,126.59,KANNUR SOUTH,20.93,New Makardhokda,135.17,New Mangalore Port,135.17,ICD Mangalore (Panambur),133.62,Petrapole ICP,1846.87,Calicut International Airport (CCJ),98.86,MMLP Coimbatore,182.95,Kottapuram Terminal,205.77,FCI Depot Kozhikode,79.37,Kannur Toll Plaza,4.5
Pazhassi,Kannur,589,913286,village,66,17.19,Bangalore-Mysore Road,127.93,ETAKKOT,18.31,New Makardhokda,138.88,New Mangalore Port,138.88,ICD Mangalore (Panambur),137.36,Petrapole ICP,1849.67,Calicut International Airport (CCJ),94.79,MMLP Coimbatore,180.29,Kottapuram Terminal,201.56,FCI Depot Kozhikode,75.1,Kannur Toll Plaza,2.77
Keezhur,Kannur,589,627252,village,66,28.66,Bangalore-Mysore Road,115.78,ETAKKOT,30.72,New Makardhokda,139.7,New Mangalore Port,139.7,ICD Mangalore (Panambur),138.08,Petrapole ICP,1837.43,Calicut International Airport (CCJ),97.38,MMLP Coimbatore,175.84,Kottapuram Terminal,204.99,FCI Depot Kozhikode,79.64,Kannur Toll Plaza,14.49
Payam (Part),Kannur,589,627253,village,66,32.58,Bangalore-Mysore Road,111.97,ETAKKOT,34.71,New Makardhokda,139.86,New Mangalore Port,139.86,ICD Mangalore (Panambur),138.21,Petrapole ICP,1833.44,Calicut International Airport (CCJ),98.84,MMLP Coimbatore,174.9,Kottapuram Terminal,206.55,FCI Depot Kozhikode,81.74,Kannur Toll Plaza,18.41
Edakkanam,Kannur,589,000000,village,66,27.03,Bangalore-Mysore Road,118.84,ETAKKOT,28.65,New Makardhokda,136.17,New Mangalore Port,136.17,ICD Mangalore (Panambur),134.56,Petrapole ICP,1839.2,Calicut International Airport (CCJ),99.98,MMLP Coimbatore,179.74,Kottapuram Terminal,207.45,FCI Depot Kozhikode,81.68,Kannur Toll Plaza,12.06
Kalliad,Kannur,589,627204,village,66,22.04,Bangalore-Mysore Road,123.99,KANNUR SOUTH,24.93,New Makardhokda,129.62,New Mangalore Port,129.62,ICD Mangalore (Panambur),128.04,Petrapole ICP,1841.76,Calicut International Airport (CCJ),105.31,MMLP Coimbatore,186.87,Kottapuram Terminal,212.46,FCI Depot Kozhikode,86.2,Kannur Toll Plaza,11.27
Padiyoor,Kannur,589,627203,village,66,27.33,Bangalore-Mysore Road,119.14,KANNUR SOUTH,28.88,New Makardhokda,133.63,New Mangalore Port,133.63,ICD Mangalore (Panambur),132.02,Petrapole ICP,1838.41,Calicut International Airport (CCJ),102.57,MMLP Coimbatore,182.06,Kottapuram Terminal,210.02,FCI Depot Kozhikode,84.2,Kannur Toll Plaza,12.95
Nuchyad,Kannur,589,627201,village,66,30.22,Bangalore-Mysore Road,115.35,KANNUR SOUTH,34.39,New Makardhokda,129.52,New Mangalore Port,129.52,ICD Mangalore (Panambur),127.87,Petrapole ICP,1832.3,Calicut International Airport (CCJ),108.59,MMLP Coimbatore,184.96,Kottapuram Terminal,216.21,FCI Depot Kozhikode,90.77,Kannur Toll Plaza,19.77
Vayathur,Kannur,589,627202,village,66,34.35,Bangalore-Mysore Road,111.36,KANNUR SOUTH,37.58,New Makardhokda,132.64,New Mangalore Port,132.64,ICD Mangalore (Panambur),130.96,Petrapole ICP,1829.44,Calicut International Airport (CCJ),107.05,MMLP Coimbatore,181.49,Kottapuram Terminal,214.76,FCI Depot Kozhikode,89.87,Kannur Toll Plaza,21.94
Vilamana,Kannur,589,627254,village,66,35.83,Bangalore-Mysore Road,110.22,KANNUR SOUTH,37.82,New Makardhokda,136.16,New Mangalore Port,136.16,ICD Mangalore (Panambur),134.48,Petrapole ICP,1829.89,Calicut International Airport (CCJ),103.73,MMLP Coimbatore,178.05,Kottapuram Terminal,211.46,FCI Depot Kozhikode,86.8,Kannur Toll Plaza,21.38
Ayyankunnu,Kannur,589,627255,village,66,41.06,Bangalore-Mysore Road,103.76,THALASSERY,43.27,New Makardhokda,140.75,New Mangalore Port,140.75,ICD Mangalore (Panambur),139.04,Petrapole ICP,1824.86,Calicut International Airport (CCJ),102.34,MMLP Coimbatore,173.02,Kottapuram Terminal,210.02,FCI Depot Kozhikode,86.61,Kannur Toll Plaza,26.96
Kadambur (CT),Kannur,589,627246,village,66,2.41,Bangalore-Mysore Road,143.64,ETAKKOT,2.78,New Makardhokda,138.88,New Mangalore Port,138.88,ICD Mangalore (Panambur),137.5,Petrapole ICP,1865.24,Calicut International Airport (CCJ),94.37,MMLP Coimbatore,187.52,Kottapuram Terminal,198.78,FCI Depot Kozhikode,72.62,Kannur Toll Plaza,4.1
Mavilayi (CT),Kannur,589,627247,village,66,4.1,Bangalore-Mysore Road,141.72,ETAKKOT,4.7,New Makardhokda,138.46,New Mangalore Port,138.46,ICD Mangalore (Panambur),137.07,Petrapole ICP,1863.23,Calicut International Airport (CCJ),94.59,MMLP Coimbatore,186.84,Kottapuram Terminal,199.37,FCI Depot Kozhikode,73.06,Kannur Toll Plaza,5.66
Edakkad,Kannur,589,910359,village,66,0.72,Bangalore-Mysore Road,147.24,KANNUR SOUTH,3.2,New Makardhokda,135.55,New Mangalore Port,135.55,ICD Mangalore (Panambur),134.21,Petrapole ICP,1867.55,Calicut International Airport (CCJ),98.13,MMLP Coimbatore,192.13,Kottapuram Terminal,201.91,FCI Depot Kozhikode,76.08,Kannur Toll Plaza,7.04
Muzhappilangad (CT),Kannur,589,627249,village,66,0.03,Bangalore-Mysore Road,145.47,ETAKKOT,1.18,New Makardhokda,141.68,New Mangalore Port,141.68,ICD Mangalore (Panambur),140.32,Petrapole ICP,1867.94,Calicut International Airport (CCJ),91.87,MMLP Coimbatore,186.31,Kottapuram Terminal,195.85,FCI Depot Kozhikode,69.88,Kannur Toll Plaza,0.78
Makreri (CT),Kannur,589,627248,village,66,5.82,Bangalore-Mysore Road,140.03,ETAKKOT,6.08,New Makardhokda,139.0,New Mangalore Port,139.0,ICD Mangalore (Panambur),137.59,Petrapole ICP,1861.76,Calicut International Airport (CCJ),93.95,MMLP Coimbatore,185.54,Kottapuram Terminal,199.03,FCI Depot Kozhikode,72.61,Kannur Toll Plaza,6.65
Anjarakandy (CT),Kannur,589,627242,village,66,8.26,Bangalore-Mysore Road,137.21,KANNUR SOUTH,10.4,New Makardhokda,135.28,New Mangalore Port,135.28,ICD Mangalore (Panambur),133.84,Petrapole ICP,1857.64,Calicut International Airport (CCJ),97.6,MMLP Coimbatore,187.17,Kottapuram Terminal,203.19,FCI Depot Kozhikode,76.65,Kannur Toll Plaza,6.99
Iriveri (CT),Kannur,589,627243,village,66,5.47,Bangalore-Mysore Road,139.91,KANNUR SOUTH,7.93,New Makardhokda,135.61,New Mangalore Port,135.61,ICD Mangalore (Panambur),134.19,Petrapole ICP,1860.44,Calicut International Airport (CCJ),97.31,MMLP Coimbatore,188.21,Kottapuram Terminal,202.46,FCI Depot Kozhikode,76.03,Kannur Toll Plaza,9.22
Chembilode (CT),Kannur,589,627244,village,66,1.86,Bangalore-Mysore Road,143.54,KANNUR SOUTH,4.71,New Makardhokda,135.34,New Mangalore Port,135.34,ICD Mangalore (Panambur),133.96,Petrapole ICP,1863.9,Calicut International Airport (CCJ),97.83,MMLP Coimbatore,190.28,Kottapuram Terminal,202.34,FCI Depot Kozhikode,76.15,Kannur Toll Plaza,7.52
Chelora,Kannur,589,627241,village,66,3.39,Bangalore-Mysore Road,143.57,KANNUR SOUTH,3.96,New Makardhokda,132.26,New Mangalore Port,132.26,ICD Mangalore (Panambur),130.88,Petrapole ICP,1862.77,Calicut International Airport (CCJ),100.86,MMLP Coimbatore,192.72,Kottapuram Terminal,205.44,FCI Depot Kozhikode,79.23,Kannur Toll Plaza,10.57
Elayavur,Kannur,589,627240,village,66,0.82,Bangalore-Mysore Road,146.94,KANNUR SOUTH,1.33,New Makardhokda,131.2,New Mangalore Port,131.2,ICD Mangalore (Panambur),129.85,Petrapole ICP,1865.64,Calicut International Airport (CCJ),102.31,MMLP Coimbatore,195.34,Kottapuram Terminal,206.28,FCI Depot Kozhikode,80.37,Kannur Toll Plaza,11.26
Kannur-I,Kannur,589,913028,village,66,1.32,Bangalore-Mysore Road,149.3,KANNUR SOUTH,1.81,New Makardhokda,132.01,New Mangalore Port,132.01,ICD Mangalore (Panambur),130.68,Petrapole ICP,1868.22,Calicut International Airport (CCJ),101.93,MMLP Coimbatore,196.04,Kottapuram Terminal,205.4,FCI Depot Kozhikode,79.77,Kannur Toll Plaza,10.91
Kannur-II,Kannur,589,913029,village,66,0.5,Bangalore-Mysore Road,150.27,KANNUR,0.73,New Makardhokda,129.77,New Mangalore Port,129.77,ICD Mangalore (Panambur),128.45,Petrapole ICP,1868.29,Calicut International Airport (CCJ),104.27,MMLP Coimbatore,198.31,Kottapuram Terminal,207.63,FCI Depot Kozhikode,82.08,Kannur Toll Plaza,13.27
Pallikkunnu,Kannur,589,627239,village,66,1.74,Bangalore-Mysore Road,151.42,CHIRAKKAL,2.27,New Makardhokda,127.66,New Mangalore Port,127.66,ICD Mangalore (Panambur),126.35,Petrapole ICP,1868.56,Calicut International Airport (CCJ),106.53,MMLP Coimbatore,200.57,Kottapuram Terminal,209.74,FCI Depot Kozhikode,84.29,Kannur Toll Plaza,15.57
Azhikode South (CT),Kannur,589,627231,village,66,2.66,Bangalore-Mysore Road,152.65,CHIRAKKAL,2.16,New Makardhokda,124.88,New Mangalore Port,124.88,ICD Mangalore (Panambur),123.59,Petrapole ICP,1868.6,Calicut International Airport (CCJ),109.44,MMLP Coimbatore,203.37,Kottapuram Terminal,212.53,FCI Depot Kozhikode,87.17,Kannur Toll Plaza,18.49
Azhikode North (CT),Kannur,589,627230,village,66,3.23,Bangalore-Mysore Road,152.95,VALAPATTANAM,2.54,New Makardhokda,122.13,New Mangalore Port,122.13,ICD Mangalore (Panambur),120.84,Petrapole ICP,1867.72,Calicut International Airport (CCJ),112.11,MMLP Coimbatore,205.59,Kottapuram Terminal,215.28,FCI Depot Kozhikode,89.88,Kannur Toll Plaza,21.09
Valapattanam (CT),Kannur,589,627232,village,66,0.5,Bangalore-Mysore Road,150.48,VALAPATTANAM,0.27,New Makardhokda,123.82,New Mangalore Port,123.82,ICD Mangalore (Panambur),122.5,Petrapole ICP,1866.07,Calicut International Airport (CCJ),110.01,MMLP Coimbatore,202.93,Kottapuram Terminal,213.59,FCI Depot Kozhikode,87.93,Kannur Toll Plaza,18.91
Chirakkal (CT),Kannur,589,627233,village,66,0.48,Bangalore-Mysore Road,149.06,CHIRAKKAL,1.52,New Makardhokda,125.62,New Mangalore Port,125.62,ICD Mangalore (Panambur),124.29,Petrapole ICP,1865.45,Calicut International Airport (CCJ),108.03,MMLP Coimbatore,200.77,Kottapuram Terminal,211.81,FCI Depot Kozhikode,86.03,Kannur Toll Plaza,16.95
Puzhathi,Kannur,589,627238,village,66,1.44,Bangalore-Mysore Road,148.08,CHIRAKKAL,3.34,New Makardhokda,128.22,New Mangalore Port,128.22,ICD Mangalore (Panambur),126.88,Petrapole ICP,1865.57,Calicut International Airport (CCJ),105.37,MMLP Coimbatore,198.26,Kottapuram Terminal,209.23,FCI Depot Kozhikode,83.4,Kannur Toll Plaza,14.3
Valiyannur,Kannur,589,910355,village,66,4.59,Bangalore-Mysore Road,144.07,KANNUR SOUTH,5.03,New Makardhokda,129.15,New Mangalore Port,129.15,ICD Mangalore (Panambur),127.76,Petrapole ICP,1862.03,Calicut International Airport (CCJ),103.97,MMLP Coimbatore,195.41,Kottapuram Terminal,208.54,FCI Depot Kozhikode,82.35,Kannur Toll Plaza,13.59
Kanhirode (CT),Kannur,589,627236,village,66,8.4,Bangalore-Mysore Road,138.92,KANNUR SOUTH,8.91,New Makardhokda,131.19,New Mangalore Port,131.19,ICD Mangalore (Panambur),129.76,Petrapole ICP,1857.76,Calicut International Airport (CCJ),101.69,MMLP Coimbatore,191.27,Kottapuram Terminal,207.08,FCI Depot Kozhikode,80.59,Kannur Toll Plaza,9.56
Munderi (CT),Kannur,589,627235,village,66,7.3,Bangalore-Mysore Road,141.17,KANNUR SOUTH,7.69,New Makardhokda,128.95,New Mangalore Port,128.95,ICD Mangalore (Panambur),127.54,Petrapole ICP,1859.08,Calicut International Airport (CCJ),103.96,MMLP Coimbatore,194.11,Kottapuram Terminal,209.04,FCI Depot Kozhikode,82.66,Kannur Toll Plaza,12.38
Kannadiparamba (CT),Kannur,589,627234,village,66,4.1,Bangalore-Mysore Road,145.49,CHIRAKKAL,5.15,New Makardhokda,125.57,New Mangalore Port,125.57,ICD Mangalore (Panambur),124.19,Petrapole ICP,1861.93,Calicut International Airport (CCJ),107.61,MMLP Coimbatore,198.91,Kottapuram Terminal,212.05,FCI Depot Kozhikode,85.93,Kannur Toll Plaza,16.98
Narath (CT),Kannur,589,627227,village,66,3.01,Bangalore-Mysore Road,145.56,PAPPINISSERY,4.56,New Makardhokda,123.22,New Mangalore Port,123.22,ICD Mangalore (Panambur),121.84,Petrapole ICP,1860.99,Calicut International Airport (CCJ),109.91,MMLP Coimbatore,200.75,Kottapuram Terminal,214.42,FCI Depot Kozhikode,88.28,Kannur Toll Plaza,18.68
Pappinissery (CT),Kannur,589,627228,village,66,0.49,Bangalore-Mysore Road,149.41,PAPPINISSERY,1.24,New Makardhokda,121.45,New Mangalore Port,121.45,ICD Mangalore (Panambur),120.11,Petrapole ICP,1863.99,Calicut International Airport (CCJ),112.1,MMLP Coimbatore,204.11,Kottapuram Terminal,215.99,FCI Depot Kozhikode,90.17,Kannur Toll Plaza,21.06
Kalliasseri (CT),Kannur,589,627229,village,66,2.7,Bangalore-Mysore Road,151.01,KANNAPURAM,2.97,New Makardhokda,119.36,New Mangalore Port,119.36,ICD Mangalore (Panambur),118.03,Petrapole ICP,1864.6,Calicut International Airport (CCJ),114.37,MMLP Coimbatore,206.55,Kottapuram Terminal,218.05,FCI Depot Kozhikode,92.36,Kannur Toll Plaza,23.29
Kannapuram (CT),Kannur,589,627226,village,66,4.89,Bangalore-Mysore Road,151.39,KANNAPURAM,0.98,New Makardhokda,116.27,New Mangalore Port,116.27,ICD Mangalore (Panambur),114.94,Petrapole ICP,1863.54,Mangaluru International Airport (IXE),117.23,MMLP Coimbatore,209.04,Kottapuram Terminal,221.14,FCI Depot Kozhikode,95.41,Kannur Toll Plaza,26.32
Mattool (CT),Kannur,589,627219,village,66,7.84,Bangalore-Mysore Road,155.58,KANNAPURAM,3.31,New Makardhokda,116.28,New Mangalore Port,116.28,ICD Mangalore (Panambur),115.0,Petrapole ICP,1867.62,Mangaluru International Airport (IXE),117.5,MMLP Coimbatore,211.4,Kottapuram Terminal,221.18,FCI Depot Kozhikode,95.94,Kannur Toll Plaza,27.21
Cherukunnu (CT),Kannur,589,627225,village,66,7.12,Bangalore-Mysore Road,154.12,KANNAPURAM,3.37,New Makardhokda,113.36,New Mangalore Port,113.36,ICD Mangalore (Panambur),112.06,Petrapole ICP,1864.82,Mangaluru International Airport (IXE),114.46,MMLP Coimbatore,212.69,Kottapuram Terminal,224.05,FCI Depot Kozhikode,98.54,Kannur Toll Plaza,29.54
Cheleri (CT),Kannur,589,627216,village,66,6.63,Bangalore-Mysore Road,142.43,PAPPINISSERY,8.13,New Makardhokda,126.29,New Mangalore Port,126.29,ICD Mangalore (Panambur),124.88,Petrapole ICP,1859.22,Calicut International Airport (CCJ),106.66,MMLP Coimbatore,196.82,Kottapuram Terminal,211.6,FCI Depot Kozhikode,85.28,Kannur Toll Plaza,14.7
Maniyoor (CT),Kannur,589,627217,village,66,10.94,Bangalore-Mysore Road,137.51,KANNUR SOUTH,11.41,New Makardhokda,128.55,New Mangalore Port,128.55,ICD Mangalore (Panambur),127.1,Petrapole ICP,1855.26,Calicut International Airport (CCJ),104.35,MMLP Coimbatore,192.74,Kottapuram Terminal,210.0,FCI Depot Kozhikode,83.46,Kannur Toll Plaza,10.01
Kuttiattoor (CT),Kannur,589,627213,village,66,11.37,Bangalore-Mysore Road,135.05,PAPPINISSERY,15.09,New Makardhokda,126.14,New Mangalore Port,126.14,ICD Mangalore (Panambur),124.66,Petrapole ICP,1851.71,Calicut International Airport (CCJ),106.92,MMLP Coimbatore,193.63,Kottapuram Terminal,212.96,FCI Depot Kozhikode,86.37,Kannur Toll Plaza,10.95
Mayyil (CT),Kannur,589,627214,village,66,7.61,Bangalore-Mysore Road,138.76,PAPPINISSERY,11.37,New Makardhokda,124.34,New Mangalore Port,124.34,ICD Mangalore (Panambur),122.89,Petrapole ICP,1854.68,Calicut International Airport (CCJ),108.55,MMLP Coimbatore,196.65,Kottapuram Terminal,214.11,FCI Depot Kozhikode,87.6,Kannur Toll Plaza,13.78
Kolachery (CT),Kannur,589,627215,village,66,4.5,Bangalore-Mysore Road,142.24,PAPPINISSERY,7.91,New Makardhokda,123.2,New Mangalore Port,123.2,ICD Mangalore (Panambur),121.79,Petrapole ICP,1857.68,Calicut International Airport (CCJ),109.71,MMLP Coimbatore,199.13,Kottapuram Terminal,214.77,FCI Depot Kozhikode,88.4,Kannur Toll Plaza,16.45
Andoor,Kannur,589,913290,village,66,2.38,Bangalore-Mysore Road,143.33,PAPPINISSERY,8.0,New Makardhokda,119.6,New Mangalore Port,119.6,ICD Mangalore (Panambur),118.19,Petrapole ICP,1857.11,Calicut International Airport (CCJ),113.31,MMLP Coimbatore,202.43,Kottapuram Terminal,218.32,FCI Depot Kozhikode,91.98,Kannur Toll Plaza,19.6
Morazha,Kannur,589,913289,village,66,1.32,Bangalore-Mysore Road,147.35,KANNAPURAM,4.97,New Makardhokda,118.07,New Mangalore Port,118.07,ICD Mangalore (Panambur),116.7,Petrapole ICP,1860.41,Calicut International Airport (CCJ),115.1,MMLP Coimbatore,205.58,Kottapuram Terminal,219.5,FCI Depot Kozhikode,93.43,Kannur Toll Plaza,22.99
Pattuvam (CT),Kannur,589,627196,village,66,3.52,Bangalore-Mysore Road,149.91,KANNAPURAM,4.66,New Makardhokda,113.07,New Mangalore Port,113.07,ICD Mangalore (Panambur),111.72,Petrapole ICP,1860.54,Mangaluru International Airport (IXE),113.89,MMLP Coimbatore,210.63,Kottapuram Terminal,224.41,FCI Depot Kozhikode,98.47,Kannur Toll Plaza,27.87
Taliparamba,Kannur,589,913034,village,66,0.61,Bangalore-Mysore Road,146.43,KANNAPURAM,7.05,New Makardhokda,114.01,New Mangalore Port,114.01,ICD Mangalore (Panambur),112.62,Petrapole ICP,1857.51,Mangaluru International Airport (IXE),114.61,MMLP Coimbatore,208.19,Kottapuram Terminal,223.7,FCI Depot Kozhikode,97.5,Kannur Toll Plaza,25.31
Kurumathur (CT),Kannur,589,627211,village,66,3.81,Bangalore-Mysore Road,141.65,KANNAPURAM,10.91,New Makardhokda,116.71,New Mangalore Port,116.71,ICD Mangalore (Panambur),115.27,Petrapole ICP,1854.0,Calicut International Airport (CCJ),116.16,MMLP Coimbatore,203.9,Kottapuram Terminal,221.51,FCI Depot Kozhikode,95.07,Kannur Toll Plaza,21.15
Kayaralam (CT),Kannur,589,627208,village,66,6.92,Bangalore-Mysore Road,138.78,PAPPINISSERY,11.88,New Makardhokda,121.4,New Mangalore Port,121.4,ICD Mangalore (Panambur),119.94,Petrapole ICP,1853.34,Calicut International Airport (CCJ),111.51,MMLP Coimbatore,198.98,Kottapuram Terminal,217.14,FCI Depot Kozhikode,90.62,Kannur Toll Plaza,16.2
Chengalayi,Kannur,589,627207,village,66,9.57,Bangalore-Mysore Road,135.94,PAPPINISSERY,15.42,New Makardhokda,119.91,New Mangalore Port,119.91,ICD Mangalore (Panambur),118.42,Petrapole ICP,1849.69,Calicut International Airport (CCJ),113.21,MMLP Coimbatore,199.0,Kottapuram Terminal,219.26,FCI Depot Kozhikode,92.68,Kannur Toll Plaza,16.98
Malappattam,Kannur,589,627206,village,66,13.59,Bangalore-Mysore Road,132.12,PAPPINISSERY,18.26,New Makardhokda,123.82,New Mangalore Port,123.82,ICD Mangalore (Panambur),122.3,Petrapole ICP,1847.6,Calicut International Airport (CCJ),109.65,MMLP Coimbatore,194.39,Kottapuram Terminal,216.08,FCI Depot Kozhikode,89.5,Kannur Toll Plaza,13.15
Irikkur (CT),Kannur,589,627212,village,66,16.36,Bangalore-Mysore Road,129.88,KANNUR SOUTH,19.47,New Makardhokda,127.86,New Mangalore Port,127.86,ICD Mangalore (Panambur),126.34,Petrapole ICP,1847.15,Calicut International Airport (CCJ),105.81,MMLP Coimbatore,190.24,Kottapuram Terminal,212.44,FCI Depot Kozhikode,85.9,Kannur Toll Plaza,9.42
Sreekandapuram,Kannur,589,"627205
",village,66,18.44,Bangalore-Mysore Road,127.26,PAPPINISSERY,23.16,New Makardhokda,124.82,New Mangalore Port,124.82,ICD Mangalore (Panambur),123.26,Petrapole ICP,1842.95,Calicut International Airport (CCJ),109.55,MMLP Coimbatore,191.93,Kottapuram Terminal,216.46,FCI Depot Kozhikode,90.02,Kannur Toll Plaza,13.81
Payyavoor,Kannur,589,627200,village,66,27.31,Bangalore-Mysore Road,118.17,PAPPINISSERY,33.04,New Makardhokda,124.6,New Mangalore Port,124.6,ICD Mangalore (Panambur),122.95,Petrapole ICP,1832.84,Calicut International Airport (CCJ),112.86,MMLP Coimbatore,189.92,Kottapuram Terminal,220.38,FCI Depot Kozhikode,94.61,Kannur Toll Plaza,21.25
Eruvessy,Kannur,589,627199,village,66,24.81,Bangalore-Mysore Road,121.08,PAPPINISSERY,31.52,New Makardhokda,120.31,New Mangalore Port,120.31,ICD Mangalore (Panambur),118.66,Petrapole ICP,1833.69,Calicut International Airport (CCJ),116.5,MMLP Coimbatore,194.32,Kottapuram Terminal,223.89,FCI Depot Kozhikode,97.87,Kannur Toll Plaza,23.06
Nediyanga,Kannur,589,627198,village,66,17.02,Bangalore-Mysore Road,128.56,PAPPINISSERY,23.69,New Makardhokda,119.15,New Mangalore Port,119.15,ICD Mangalore (Panambur),117.57,Petrapole ICP,1841.41,Calicut International Airport (CCJ),115.31,MMLP Coimbatore,197.12,Kottapuram Terminal,222.17,FCI Depot Kozhikode,95.69,Kannur Toll Plaza,19.3
Chuzhali,Kannur,589,627197,village,66,11.81,Bangalore-Mysore Road,134.16,KANNAPURAM,19.2,New Makardhokda,115.67,New Mangalore Port,115.67,ICD Mangalore (Panambur),114.14,Petrapole ICP,1845.59,Mangaluru International Airport (IXE),115.47,MMLP Coimbatore,201.78,Kottapuram Terminal,224.2,FCI Depot Kozhikode,97.62,Kannur Toll Plaza,21.35
Panniyoor,Kannur,589,627194,village,66,7.07,Bangalore-Mysore Road,139.46,KANNAPURAM,14.77,New Makardhokda,112.92,New Mangalore Port,112.92,ICD Mangalore (Panambur),111.44,Petrapole ICP,1849.75,Mangaluru International Airport (IXE),113.02,MMLP Coimbatore,205.95,Kottapuram Terminal,225.87,FCI Depot Kozhikode,99.32,Kannur Toll Plaza,24.06
Kuttiyeri (CT),Kannur,589,627195,village,66,3.76,Bangalore-Mysore Road,143.97,KANNAPURAM,11.9,New Makardhokda,110.42,New Mangalore Port,110.42,ICD Mangalore (Panambur),108.99,Petrapole ICP,1853.12,Mangaluru International Airport (IXE),110.79,MMLP Coimbatore,209.77,Kottapuram Terminal,227.69,FCI Depot Kozhikode,101.3,Kannur Toll Plaza,27.26
Pariyaram (CT),Kannur,589,627210,village,66,3.05,Bangalore-Mysore Road,147.67,PAYANGADI,10.83,New Makardhokda,107.17,New Mangalore Port,107.17,ICD Mangalore (Panambur),105.77,Petrapole ICP,1855.18,Mangaluru International Airport (IXE),107.74,MMLP Coimbatore,213.91,Kottapuram Terminal,230.58,FCI Depot Kozhikode,104.36,Kannur Toll Plaza,31.22
Kooveri,Kannur,589,627193,village,66,10.12,Bangalore-Mysore Road,138.78,KANNAPURAM,18.24,New Makardhokda,108.8,New Mangalore Port,108.8,ICD Mangalore (Panambur),107.3,Petrapole ICP,1846.71,Mangaluru International Airport (IXE),108.76,MMLP Coimbatore,208.94,Kottapuram Terminal,230.39,FCI Depot Kozhikode,103.82,Kannur Toll Plaza,28.06
New Naduvil,Kannur,589,627192,village,66,18.5,Bangalore-Mysore Road,129.53,KANNAPURAM,26.28,New Makardhokda,111.86,New Mangalore Port,111.86,ICD Mangalore (Panambur),110.26,Petrapole ICP,1838.25,Mangaluru International Airport (IXE),111.22,MMLP Coimbatore,203.55,Kottapuram Terminal,229.9,FCI Depot Kozhikode,103.43,Kannur Toll Plaza,27.0
Vellad,Kannur,589,627191,village,66,23.94,Bangalore-Mysore Road,125.57,KANNAPURAM,31.82,New Makardhokda,110.49,New Mangalore Port,110.49,ICD Mangalore (Panambur),108.84,Petrapole ICP,1832.72,Mangaluru International Airport (IXE),109.49,MMLP Coimbatore,203.89,Kottapuram Terminal,233.19,FCI Depot Kozhikode,106.92,Kannur Toll Plaza,30.95
Udayagiri,Kannur,589,916089,village,66,25.19,Bangalore-Mysore Road,128.95,ELIMALA,33.16,New Makardhokda,103.65,New Mangalore Port,103.65,ICD Mangalore (Panambur),101.99,Petrapole ICP,1831.94,Mangaluru International Airport (IXE),102.61,MMLP Coimbatore,210.57,Kottapuram Terminal,239.75,FCI Depot Kozhikode,113.37,Kannur Toll Plaza,37.08
Timri,Kannur,589,627186,village,66,16.11,Bangalore-Mysore Road,139.2,ELIMALA,22.52,New Makardhokda,100.96,New Mangalore Port,100.96,ICD Mangalore (Panambur),99.42,Petrapole ICP,1842.28,Mangaluru International Airport (IXE),100.69,MMLP Coimbatore,215.34,Kottapuram Terminal,238.84,FCI Depot Kozhikode,112.25,Kannur Toll Plaza,36.14
Ramanthali (CT),Kannur,589,627177,village,66,6.4,Bangalore-Mysore Road,161.93,ELIMALA,3.51,New Makardhokda,105.19,New Mangalore Port,105.19,ICD Mangalore (Panambur),103.97,Petrapole ICP,1868.25,Mangaluru International Airport (IXE),106.73,MMLP Coimbatore,223.04,Kottapuram Terminal,232.55,FCI Depot Kozhikode,107.71,Kannur Toll Plaza,39.18
Madayi  (CT),Kannur,589,627224,village,66,5.99,Bangalore-Mysore Road,158.17,PAYANGADI,1.52,New Makardhokda,109.06,New Mangalore Port,109.06,ICD Mangalore (Panambur),107.8,Petrapole ICP,1866.61,Mangaluru International Airport (IXE),110.38,MMLP Coimbatore,218.09,Kottapuram Terminal,228.46,FCI Depot Kozhikode,103.29,Kannur Toll Plaza,34.51
Ezhome (CT),Kannur,589,627223,village,66,3.76,Bangalore-Mysore Road,153.56,PAYANGADI,3.48,New Makardhokda,110.14,New Mangalore Port,110.14,ICD Mangalore (Panambur),108.82,Petrapole ICP,1862.66,Mangaluru International Airport (IXE),111.16,MMLP Coimbatore,214.71,Kottapuram Terminal,227.27,FCI Depot Kozhikode,101.6,Kannur Toll Plaza,32.03
Cheruthazham (CT),Kannur,589,627221,village,66,0.43,Bangalore-Mysore Road,155.58,ELIMALA,3.3,New Makardhokda,104.7,New Mangalore Port,104.7,ICD Mangalore (Panambur),103.39,Petrapole ICP,1861.81,Mangaluru International Airport (IXE),105.79,MMLP Coimbatore,219.71,Kottapuram Terminal,232.7,FCI Depot Kozhikode,107.09,Kannur Toll Plaza,36.87
Kunhimangalam (CT),Kannur,589,627220,village,66,1.68,Bangalore-Mysore Road,158.46,ELIMALA,1.62,New Makardhokda,102.7,New Mangalore Port,102.7,ICD Mangalore (Panambur),101.43,Petrapole ICP,1863.57,Mangaluru International Airport (IXE),103.96,MMLP Coimbatore,222.73,Kottapuram Terminal,234.76,FCI Depot Kozhikode,109.38,Kannur Toll Plaza,39.93
Payyannur,Kannur,589,913033,village,66,2.13,Bangalore-Mysore Road,160.97,PAYYANUR,1.28,New Makardhokda,100.09,New Mangalore Port,100.09,ICD Mangalore (Panambur),98.85,Petrapole ICP,1864.59,Mangaluru International Airport (IXE),101.5,MMLP Coimbatore,225.98,Kottapuram Terminal,237.47,FCI Depot Kozhikode,112.27,Kasaragod Toll Plaza,37.56
Korom,Kannur,589,913288,village,66,3.54,Bangalore-Mysore Road,155.2,ELIMALA,6.74,New Makardhokda,99.64,New Mangalore Port,99.64,ICD Mangalore (Panambur),98.31,Petrapole ICP,1858.62,Mangaluru International Airport (IXE),100.6,MMLP Coimbatore,223.11,Kottapuram Terminal,237.78,FCI Depot Kozhikode,111.97,Kasaragod Toll Plaza,37.99
Kadannappalli (CT),Kannur,589,627222,village,66,2.08,Bangalore-Mysore Road,151.72,ELIMALA,7.22,New Makardhokda,105.0,New Mangalore Port,105.0,ICD Mangalore (Panambur),103.64,Petrapole ICP,1858.12,Mangaluru International Airport (IXE),105.81,MMLP Coimbatore,217.48,Kottapuram Terminal,232.49,FCI Depot Kozhikode,106.52,Kannur Toll Plaza,34.63
Panappuzha,Kannur,589,627218,village,66,7.58,Bangalore-Mysore Road,145.81,ELIMALA,13.76,New Makardhokda,103.88,New Mangalore Port,103.88,ICD Mangalore (Panambur),102.44,Petrapole ICP,1851.36,Mangaluru International Airport (IXE),104.23,MMLP Coimbatore,215.55,Kottapuram Terminal,234.24,FCI Depot Kozhikode,107.85,Kannur Toll Plaza,33.5
Vellora,Kannur,589,627184,village,66,13.78,Bangalore-Mysore Road,142.48,ELIMALA,19.19,New Makardhokda,100.31,New Mangalore Port,100.31,ICD Mangalore (Panambur),98.81,Petrapole ICP,1845.56,Mangaluru International Airport (IXE),100.29,MMLP Coimbatore,216.97,Kottapuram Terminal,238.68,FCI Depot Kozhikode,112.14,Kannur Toll Plaza,36.54
Kuttoor,Kannur,589,627183,village,66,12.51,Bangalore-Mysore Road,146.32,ELIMALA,16.19,New Makardhokda,98.52,New Mangalore Port,98.52,ICD Mangalore (Panambur),97.06,Petrapole ICP,1848.64,Mangaluru International Airport (IXE),98.76,MMLP Coimbatore,219.82,Kottapuram Terminal,239.8,FCI Depot Kozhikode,113.38,Kannur Toll Plaza,38.51
Eramam (CT),Kannur,589,627181,village,66,5.62,Bangalore-Mysore Road,153.6,TRIKARPUR,9.74,New Makardhokda,96.73,New Mangalore Port,96.73,ICD Mangalore (Panambur),95.36,Petrapole ICP,1855.27,Mangaluru International Airport (IXE),97.5,MMLP Coimbatore,224.39,Kottapuram Terminal,240.79,FCI Depot Kozhikode,114.77,Kasaragod Toll Plaza,35.75
Kankol (CT),Kannur,589,627179,village,66,2.61,Bangalore-Mysore Road,156.7,TRIKARPUR,6.69,New Makardhokda,95.3,New Mangalore Port,95.3,ICD Mangalore (Panambur),93.97,Petrapole ICP,1857.59,Mangaluru International Airport (IXE),96.29,MMLP Coimbatore,226.96,Kottapuram Terminal,242.11,FCI Depot Kozhikode,116.31,Kasaragod Toll Plaza,33.71
Vellur,Kannur,589,913287,village,66,0.55,Bangalore-Mysore Road,159.71,TRIKARPUR,3.72,New Makardhokda,96.09,New Mangalore Port,96.09,ICD Mangalore (Panambur),94.82,Petrapole ICP,1861.09,Mangaluru International Airport (IXE),97.34,MMLP Coimbatore,228.02,Kottapuram Terminal,241.34,FCI Depot Kozhikode,115.85,Kasaragod Toll Plaza,33.88
Karivellur (CT),Kannur,589,627209,village,66,0.16,Bangalore-Mysore Road,161.11,CHANDERA,2.69,New Makardhokda,91.78,New Mangalore Port,91.78,ICD Mangalore (Panambur),90.51,Petrapole ICP,1859.93,Mangaluru International Airport (IXE),93.05,MMLP Coimbatore,231.75,Kottapuram Terminal,245.65,FCI Depot Kozhikode,120.15,Kasaragod Toll Plaza,29.6
Peralam (CT),Kannur,589,"627178
",village,66,3.12,Bangalore-Mysore Road,157.99,CHANDERA,5.65,New Makardhokda,91.37,New Mangalore Port,91.37,ICD Mangalore (Panambur),90.05,Petrapole ICP,1856.51,Mangaluru International Airport (IXE),92.37,MMLP Coimbatore,230.37,Kottapuram Terminal,246.04,FCI Depot Kozhikode,120.22,Kasaragod Toll Plaza,29.9
Alapadamba,Kannur,589,627180,village,66,6.58,Bangalore-Mysore Road,154.25,CHANDERA,9.45,New Makardhokda,92.17,New Mangalore Port,92.17,ICD Mangalore (Panambur),90.78,Petrapole ICP,1853.1,Mangaluru International Airport (IXE),92.87,MMLP Coimbatore,227.97,Kottapuram Terminal,245.42,FCI Depot Kozhikode,119.33,Kasaragod Toll Plaza,31.68
Perinthatta,Kannur,589,627182,village,66,9.04,Bangalore-Mysore Road,150.45,TRIKARPUR,13.11,New Makardhokda,96.14,New Mangalore Port,96.14,ICD Mangalore (Panambur),94.73,Petrapole ICP,1851.59,Mangaluru International Airport (IXE),96.64,MMLP Coimbatore,223.35,Kottapuram Terminal,241.69,FCI Depot Kozhikode,115.44,Kasaragod Toll Plaza,36.21
Peringome,Kannur,589,627185,village,66,13.14,Bangalore-Mysore Road,147.44,CHANDERA,16.37,New Makardhokda,93.94,New Mangalore Port,93.94,ICD Mangalore (Panambur),92.46,Petrapole ICP,1846.87,Mangaluru International Airport (IXE),94.11,MMLP Coimbatore,223.74,Kottapuram Terminal,244.5,FCI Depot Kozhikode,118.06,Kasaragod Toll Plaza,35.72
Vayakkara,Kannur,589,627187,village,66,18.93,Bangalore-Mysore Road,143.45,CHANDERA,21.49,New Makardhokda,91.89,New Mangalore Port,91.89,ICD Mangalore (Panambur),90.34,Petrapole ICP,1840.83,Mangaluru International Airport (IXE),91.6,MMLP Coimbatore,223.94,Kottapuram Terminal,247.75,FCI Depot Kozhikode,121.18,Kasaragod Toll Plaza,36.48
Pulingome,Kannur,589,627188,village,66,26.02,Bangalore-Mysore Road,133.93,CHANDERA,30.71,New Makardhokda,96.93,New Mangalore Port,96.93,ICD Mangalore (Panambur),95.29,Petrapole ICP,1832.99,Mangaluru International Airport (IXE),95.99,MMLP Coimbatore,217.38,Kottapuram Terminal,245.53,FCI Depot Kozhikode,119.02,Kannur Toll Plaza,42.54
Thirumeni,Kannur,589,627189,village,66,22.2,Bangalore-Mysore Road,135.52,ELIMALA,28.33,New Makardhokda,98.77,New Mangalore Port,98.77,ICD Mangalore (Panambur),97.17,Petrapole ICP,1836.4,Mangaluru International Airport (IXE),98.08,MMLP Coimbatore,216.12,Kottapuram Terminal,242.62,FCI Depot Kozhikode,116.06,Kannur Toll Plaza,39.6
Kayyur,Kasaragod,588,627159,village,66,6.54,Bangalore-Mysore Road,158.27,CHARVATTUR,7.64,New Makardhokda,84.65,New Mangalore Port,84.65,ICD Mangalore (Panambur),83.28,Petrapole ICP,1852.41,Mangaluru International Airport (IXE),85.46,MMLP Coimbatore,235.21,Kottapuram Terminal,252.85,FCI Depot Kozhikode,126.85,Kasaragod Toll Plaza,24.24
Cheemeni,Kasaragod,588,627158,village,66,10.93,Bangalore-Mysore Road,153.04,CHARVATTUR,12.09,New Makardhokda,87.74,New Mangalore Port,87.74,ICD Mangalore (Panambur),86.31,Petrapole ICP,1848.84,Mangaluru International Airport (IXE),88.18,MMLP Coimbatore,230.63,Kottapuram Terminal,250.17,FCI Depot Kozhikode,123.89,Kasaragod Toll Plaza,28.8
Perole (CT),Kasaragod,588,627170,village,66,1.62,Bangalore-Mysore Road,164.69,NILESHWAR,1.66,New Makardhokda,81.53,New Mangalore Port,81.53,ICD Mangalore (Panambur),80.27,Petrapole ICP,1857.03,Mangaluru International Airport (IXE),82.85,MMLP Coimbatore,240.62,Kottapuram Terminal,255.9,FCI Depot Kozhikode,130.33,Kasaragod Toll Plaza,19.52
Nileshwaram,Kasaragod,588,627414,village,66,1.24,Bangalore-Mysore Road,167.54,NILESHWAR,2.21,New Makardhokda,82.34,New Mangalore Port,82.34,ICD Mangalore (Panambur),81.13,Petrapole ICP,1860.44,Mangaluru International Airport (IXE),83.94,MMLP Coimbatore,241.7,Kottapuram Terminal,255.3,FCI Depot Kozhikode,130.06,Kasaragod Toll Plaza,19.72
Kanhangad,Kasaragod,588,913021,village,66,0.73,Bangalore-Mysore Road,169.65,NILESHWAR,3.95,New Makardhokda,77.83,New Mangalore Port,77.83,ICD Mangalore (Panambur),76.64,Petrapole ICP,1859.58,Mangaluru International Airport (IXE),79.52,MMLP Coimbatore,245.85,Kottapuram Terminal,259.86,FCI Depot Kozhikode,134.61,Kasaragod Toll Plaza,15.16
Pudukai,Kasaragod,588,913023,village,66,1.84,Bangalore-Mysore Road,167.26,NILESHWAR,3.25,New Makardhokda,77.73,New Mangalore Port,77.73,ICD Mangalore (Panambur),76.49,Petrapole ICP,1857.11,Mangaluru International Airport (IXE),79.19,MMLP Coimbatore,244.54,Kottapuram Terminal,259.76,FCI Depot Kozhikode,134.27,Kasaragod Toll Plaza,15.52
Madikai,Kasaragod,588,627154,village,66,5.04,Bangalore-Mysore Road,164.35,NILESHWAR,4.85,New Makardhokda,77.62,New Mangalore Port,77.62,ICD Mangalore (Panambur),76.32,Petrapole ICP,1854.01,Mangaluru International Airport (IXE),78.78,MMLP Coimbatore,243.05,Kottapuram Terminal,259.78,FCI Depot Kozhikode,134.03,Kasaragod Toll Plaza,16.42
Ambalathara,Kasaragod,588,627153,village,66,4.96,Bangalore-Mysore Road,163.81,KANHANGAD,7.79,New Makardhokda,74.31,New Mangalore Port,74.31,ICD Mangalore (Panambur),72.96,Petrapole ICP,1851.05,Mangaluru International Airport (IXE),75.27,MMLP Coimbatore,245.02,Kottapuram Terminal,263.13,FCI Depot Kozhikode,137.22,Kasaragod Toll Plaza,14.52
Hosdurg,Kasaragod,588,913020,village,66,0.91,Bangalore-Mysore Road,170.28,KANHANGAD,1.98,New Makardhokda,74.14,New Mangalore Port,74.14,ICD Mangalore (Panambur),72.94,Petrapole ICP,1857.72,Mangaluru International Airport (IXE),75.79,MMLP Coimbatore,248.57,Kottapuram Terminal,263.47,FCI Depot Kozhikode,138.11,Kasaragod Toll Plaza,11.61
Balla,Kasaragod,588,913019,village,66,0.36,Bangalore-Mysore Road,169.3,KANHANGAD,2.27,New Makardhokda,72.56,New Mangalore Port,72.56,ICD Mangalore (Panambur),71.32,Petrapole ICP,1855.62,Mangaluru International Airport (IXE),74.05,MMLP Coimbatore,249.03,Kottapuram Terminal,264.92,FCI Depot Kozhikode,139.41,Kasaragod Toll Plaza,10.54
Pullur,Kasaragod,588,627140,village,66,1.84,Bangalore-Mysore Road,167.92,KANHANGAD,7.66,New Makardhokda,67.58,New Mangalore Port,67.58,ICD Mangalore (Panambur),66.25,Petrapole ICP,1850.48,Mangaluru International Airport (IXE),68.69,MMLP Coimbatore,251.56,Kottapuram Terminal,269.83,FCI Depot Kozhikode,143.99,Kasaragod Toll Plaza,8.81
Ajanur (CT),Kasaragod,588,"627169
",village,66,1.27,Bangalore-Mysore Road,170.77,KANHANGAD,2.09,New Makardhokda,70.71,New Mangalore Port,70.71,ICD Mangalore (Panambur),69.48,Petrapole ICP,1855.82,Mangaluru International Airport (IXE),72.29,MMLP Coimbatore,251.05,Kottapuram Terminal,266.83,FCI Depot Kozhikode,141.36,Kasaragod Toll Plaza,8.51
Chithari (CT),Kasaragod,588,627138,village,66,2.11,Bangalore-Mysore Road,172.24,BEKAL FORT,4.24,New Makardhokda,66.97,New Mangalore Port,66.97,ICD Mangalore (Panambur),65.74,Petrapole ICP,1854.62,Mangaluru International Airport (IXE),68.56,MMLP Coimbatore,254.25,Kottapuram Terminal,270.56,FCI Depot Kozhikode,145.06,Kasaragod Toll Plaza,5.17
Periya,Kasaragod,588,"627139
",village,66,3.28,Bangalore-Mysore Road,167.32,BEKAL FORT,9.57,New Makardhokda,64.38,New Mangalore Port,64.38,ICD Mangalore (Panambur),63.0,Petrapole ICP,1847.27,Mangaluru International Airport (IXE),65.23,MMLP Coimbatore,253.41,Kottapuram Terminal,273.12,FCI Depot Kozhikode,147.12,Kasaragod Toll Plaza,9.77
Panayal,Kasaragod,588,"627137
",village,66,0.65,Bangalore-Mysore Road,173.87,KOTIKULAM,4.42,New Makardhokda,60.53,New Mangalore Port,60.53,ICD Mangalore (Panambur),59.28,Rupaidiha ICP,1849.9,Mangaluru International Airport (IXE),62.03,MMLP Coimbatore,259.21,Kottapuram Terminal,276.92,FCI Depot Kozhikode,151.27,Kasaragod Toll Plaza,4.65
Keekan (CT),Kasaragod,588,"627168
",village,66,4.79,Bangalore-Mysore Road,174.77,BEKAL FORT,1.58,New Makardhokda,65.15,New Mangalore Port,65.15,ICD Mangalore (Panambur),63.97,Rupaidiha ICP,1855.41,Mangaluru International Airport (IXE),66.97,MMLP Coimbatore,256.84,Kottapuram Terminal,272.54,FCI Depot Kozhikode,147.19,Kasaragod Toll Plaza,2.6
Pallikkara (CT),Kasaragod,588,627167,village,66,5.33,Bangalore-Mysore Road,176.45,BEKAL FORT,0.81,New Makardhokda,63.03,New Mangalore Port,63.03,ICD Mangalore (Panambur),61.88,Rupaidiha ICP,1854.4,Mangaluru International Airport (IXE),64.97,MMLP Coimbatore,259.13,Kottapuram Terminal,274.75,FCI Depot Kozhikode,149.45,Kasaragod Toll Plaza,0.28
Kottikulam,Kasaragod,588,000000,village,66,4.48,Bangalore-Mysore Road,177.89,KOTIKULAM,0.63,New Makardhokda,59.81,New Mangalore Port,59.81,ICD Mangalore (Panambur),58.66,Rupaidiha ICP,1852.06,Mangaluru International Airport (IXE),61.8,MMLP Coimbatore,261.95,Kottapuram Terminal,277.98,FCI Depot Kozhikode,152.65,Kasaragod Toll Plaza,2.97
Udma (CT),Kasaragod,588,"627166
",village,66,5.2,Bangalore-Mysore Road,179.22,KOTIKULAM,1.49,New Makardhokda,57.78,New Mangalore Port,57.78,ICD Mangalore (Panambur),56.65,Rupaidiha ICP,1850.86,Mangaluru International Airport (IXE),59.85,MMLP Coimbatore,263.97,Kottapuram Terminal,280.07,FCI Depot Kozhikode,154.77,Kasaragod Toll Plaza,5.05
Bare (CT),Kasaragod,588,"627165
",village,66,1.51,Bangalore-Mysore Road,176.08,KOTIKULAM,4.04,New Makardhokda,57.02,New Mangalore Port,57.02,ICD Mangalore (Panambur),55.79,Rupaidiha ICP,1847.79,Mangaluru International Airport (IXE),58.63,MMLP Coimbatore,262.62,Kottapuram Terminal,280.46,FCI Depot Kozhikode,154.84,Kasaragod Toll Plaza,6.61
Kinanoor,Kasaragod,588,"627155
",village,66,10.29,Bangalore-Mysore Road,157.14,NILESHWAR,10.47,New Makardhokda,80.28,New Mangalore Port,80.28,ICD Mangalore (Panambur),78.86,Petrapole ICP,1848.07,Mangaluru International Airport (IXE),80.8,MMLP Coimbatore,237.79,Kottapuram Terminal,257.5,FCI Depot Kozhikode,131.3,Kasaragod Toll Plaza,21.91
Karinthalam,Kasaragod,588,627156,village,66,12.69,Bangalore-Mysore Road,153.57,NILESHWAR,13.35,New Makardhokda,82.93,New Mangalore Port,82.93,ICD Mangalore (Panambur),81.47,Petrapole ICP,1845.99,Mangaluru International Airport (IXE),83.21,MMLP Coimbatore,234.38,Kottapuram Terminal,255.21,FCI Depot Kozhikode,128.87,Kasaragod Toll Plaza,25.54
Cheemeni-II,Kasaragod,588,627157,village,66,12.34,Bangalore-Mysore Road,153.04,CHARVATTUR,13.44,New Makardhokda,84.76,New Mangalore Port,84.76,ICD Mangalore (Panambur),83.3,Petrapole ICP,1846.73,Mangaluru International Airport (IXE),85.07,MMLP Coimbatore,232.82,Kottapuram Terminal,253.34,FCI Depot Kozhikode,127.01,Kasaragod Toll Plaza,26.87
Bheemanadi,Kasaragod,588,627150,village,66,17.44,Bangalore-Mysore Road,148.03,CHARVATTUR,18.43,New Makardhokda,86.34,New Mangalore Port,86.34,ICD Mangalore (Panambur),84.81,Petrapole ICP,1842.08,Mangaluru International Airport (IXE),86.22,MMLP Coimbatore,229.78,Kottapuram Terminal,252.7,FCI Depot Kozhikode,126.19,Kasaragod Toll Plaza,30.78
Chittarikkal,Kasaragod,588,"627149
",village,66,21.81,Bangalore-Mysore Road,142.86,CHARVATTUR,23.32,New Makardhokda,88.93,New Mangalore Port,88.93,ICD Mangalore (Panambur),87.34,Petrapole ICP,1837.83,Mangaluru International Airport (IXE),88.42,MMLP Coimbatore,226.16,Kottapuram Terminal,251.36,FCI Depot Kozhikode,124.77,Kasaragod Toll Plaza,35.42
Palavayal,Kasaragod,588,"627148
",village,275,23.21,Bangalore-Mysore Road,138.14,CHARVATTUR,28.26,New Makardhokda,90.68,New Mangalore Port,90.68,ICD Mangalore (Panambur),89.04,Petrapole ICP,1833.27,Mangaluru International Airport (IXE),89.78,MMLP Coimbatore,223.61,Kottapuram Terminal,251.22,FCI Depot Kozhikode,124.65,Kasaragod Toll Plaza,39.5
Maloth,Kasaragod,588,627146,village,275,17.92,Bangalore-Mysore Road,140.56,NILESHWAR,28.46,New Makardhokda,84.47,New Mangalore Port,84.47,ICD Mangalore (Panambur),82.8,Petrapole ICP,1830.94,Mangaluru International Airport (IXE),83.4,MMLP Coimbatore,229.48,Kottapuram Terminal,257.86,FCI Depot Kozhikode,131.29,Kasaragod Toll Plaza,36.14
West Eleri,Kasaragod,588,627147,village,275,21.99,Bangalore-Mysore Road,144.07,NILESHWAR,23.99,New Makardhokda,84.35,New Mangalore Port,84.35,ICD Mangalore (Panambur),82.74,Petrapole ICP,1835.56,Mangaluru International Airport (IXE),83.69,MMLP Coimbatore,230.25,Kottapuram Terminal,256.35,FCI Depot Kozhikode,129.75,Kasaragod Toll Plaza,33.0
Parappa,Kasaragod,588,627151,village,66,17.15,Bangalore-Mysore Road,151.75,NILESHWAR,17.68,New Makardhokda,79.01,New Mangalore Port,79.01,ICD Mangalore (Panambur),77.48,Petrapole ICP,1840.76,Mangaluru International Airport (IXE),78.87,MMLP Coimbatore,236.68,Kottapuram Terminal,259.96,FCI Depot Kozhikode,133.48,Kasaragod Toll Plaza,25.31
Thayannur,Kasaragod,588,"627152
",village,66,11.93,Bangalore-Mysore Road,156.88,NILESHWAR,13.06,New Makardhokda,77.04,New Mangalore Port,77.04,ICD Mangalore (Panambur),75.59,Petrapole ICP,1845.32,Mangaluru International Airport (IXE),77.37,MMLP Coimbatore,240.01,Kottapuram Terminal,260.99,FCI Depot Kozhikode,134.7,Kasaragod Toll Plaza,20.61
Belur,Kasaragod,588,627141,village,66,8.55,Bangalore-Mysore Road,161.22,KANHANGAD,12.0,New Makardhokda,71.34,New Mangalore Port,71.34,ICD Mangalore (Panambur),69.91,Petrapole ICP,1845.86,Mangaluru International Airport (IXE),71.85,MMLP Coimbatore,245.89,Kottapuram Terminal,266.44,FCI Depot Kozhikode,140.25,Kasaragod Toll Plaza,15.52
Kodom,Kasaragod,588,627142,village,66,10.53,Bangalore-Mysore Road,159.7,KANHANGAD,15.94,New Makardhokda,68.58,New Mangalore Port,68.58,ICD Mangalore (Panambur),67.08,Petrapole ICP,1841.71,Mangaluru International Airport (IXE),68.7,MMLP Coimbatore,247.3,Kottapuram Terminal,269.74,FCI Depot Kozhikode,143.39,Kasaragod Toll Plaza,17.21
Balal,Kasaragod,588,627145,village,66,18.22,Bangalore-Mysore Road,151.47,NILESHWAR,20.69,New Makardhokda,75.87,New Mangalore Port,75.87,ICD Mangalore (Panambur),74.29,Petrapole ICP,1837.7,Mangaluru International Airport (IXE),75.47,MMLP Coimbatore,239.07,Kottapuram Terminal,263.71,FCI Depot Kozhikode,137.17,Kasaragod Toll Plaza,25.18
Kallar,Kasaragod,588,627143,village,66,17.58,Bangalore-Mysore Road,152.95,KANHANGAD,22.43,New Makardhokda,71.37,New Mangalore Port,71.37,ICD Mangalore (Panambur),69.76,Petrapole ICP,1835.47,Mangaluru International Airport (IXE),70.79,MMLP Coimbatore,243.09,Kottapuram Terminal,268.59,FCI Depot Kozhikode,142.05,Kasaragod Toll Plaza,24.24
Panathadi,Kasaragod,588,627144,village,275,12.49,Bangalore-Mysore Road,146.09,Kaniuru Halt,29.12,New Makardhokda,74.11,New Mangalore Port,74.11,ICD Mangalore (Panambur),72.41,Petrapole ICP,1828.34,Mangaluru International Airport (IXE),72.81,MMLP Bengaluru (Muddalinganahalli),235.97,Kottapuram Terminal,268.56,FCI Depot Kozhikode,141.98,Kasaragod Toll Plaza,31.71
Kolathur,Kasaragod,588,627113,village,66,4.61,Bangalore-Mysore Road,169.97,KOTIKULAM,9.59,New Makardhokda,58.86,New Mangalore Port,58.86,ICD Mangalore (Panambur),57.47,Rupaidiha ICP,1844.79,Mangaluru International Airport (IXE),59.7,MMLP Coimbatore,258.36,Kottapuram Terminal,278.66,FCI Depot Kozhikode,152.64,Kasaragod Toll Plaza,10.38
Bedadka,Kasaragod,588,627114,village,66,7.15,Bangalore-Mysore Road,166.01,KOTIKULAM,13.08,New Makardhokda,61.26,New Mangalore Port,61.26,ICD Mangalore (Panambur),59.81,Petrapole ICP,1843.07,Mangaluru International Airport (IXE),61.71,MMLP Bengaluru (Muddalinganahalli),254.97,Kottapuram Terminal,276.59,FCI Depot Kozhikode,150.39,Kasaragod Toll Plaza,13.12
Kuttikol,Kasaragod,588,627116,village,66,15.02,Bangalore-Mysore Road,158.45,BEKAL FORT,21.21,New Makardhokda,63.69,New Mangalore Port,63.69,ICD Mangalore (Panambur),62.09,Petrapole ICP,1835.45,Mangaluru International Airport (IXE),63.19,MMLP Bengaluru (Muddalinganahalli),246.73,Kottapuram Terminal,275.87,FCI Depot Kozhikode,149.37,Kasaragod Toll Plaza,21.22
Munnad,Kasaragod,588,627115,village,66,11.44,Bangalore-Mysore Road,161.05,BEKAL FORT,17.66,New Makardhokda,63.75,New Mangalore Port,63.75,ICD Mangalore (Panambur),62.21,Petrapole ICP,1839.04,Mangaluru International Airport (IXE),63.66,MMLP Bengaluru (Muddalinganahalli),250.06,Kottapuram Terminal,274.91,FCI Depot Kozhikode,148.52,Kasaragod Toll Plaza,17.71
Karivedakam,Kasaragod,588,627117,village,275,14.55,Bangalore-Mysore Road,153.67,BEKAL FORT,25.7,New Makardhokda,66.57,New Mangalore Port,66.57,ICD Mangalore (Panambur),64.91,Petrapole ICP,1831.53,Mangaluru International Airport (IXE),65.6,MMLP Bengaluru (Muddalinganahalli),241.96,Kottapuram Terminal,274.41,FCI Depot Kozhikode,147.84,Kasaragod Toll Plaza,25.79
Bandadka,Kasaragod,588,627118,village,275,12.17,Bangalore-Mysore Road,149.67,Kaniuru Halt,26.22,New Makardhokda,69.16,New Mangalore Port,69.16,ICD Mangalore (Panambur),67.45,Petrapole ICP,1828.26,Mangaluru International Airport (IXE),67.84,MMLP Bengaluru (Muddalinganahalli),237.96,Kottapuram Terminal,273.24,FCI Depot Kozhikode,146.65,Kasaragod Toll Plaza,29.68
Adoor,Kasaragod,588,627119,village,275,11.56,Bangalore-Mysore Road,156.91,Narimogaru,23.7,New Makardhokda,60.57,New Mangalore Port,60.57,ICD Mangalore (Panambur),58.88,Petrapole ICP,1829.58,Mangaluru International Airport (IXE),59.39,MMLP Bengaluru (Muddalinganahalli),242.86,Kottapuram Terminal,280.81,FCI Depot Kozhikode,154.23,Kasaragod Toll Plaza,26.54
Delampady,Kasaragod,588,627120,village,275,3.59,Bangalore-Mysore Road,152.24,Kaniuru Halt,16.37,New Makardhokda,61.0,New Mangalore Port,61.0,ICD Mangalore (Panambur),59.2,Petrapole ICP,1821.5,Mangaluru International Airport (IXE),58.84,MMLP Bengaluru (Muddalinganahalli),235.96,Kottapuram Terminal,284.17,FCI Depot Mysuru,151.16,Bajathur Barike Toll,28.48
Adhur,Kasaragod,588,627110,village,275,12.66,Bangalore-Mysore Road,161.56,Kabakaputtur,22.52,New Makardhokda,55.61,New Mangalore Port,55.61,ICD Mangalore (Panambur),53.93,Rupaidiha ICP,1831.02,Mangaluru International Airport (IXE),54.61,MMLP Bengaluru (Muddalinganahalli),246.36,Kottapuram Terminal,284.97,FCI Depot Kozhikode,158.43,Kasaragod Toll Plaza,25.22
Muliyar,Kasaragod,588,"627112
",village,66,7.11,Bangalore-Mysore Road,168.39,KALANAD HALT,14.04,New Makardhokda,55.66,New Mangalore Port,55.66,ICD Mangalore (Panambur),54.18,Rupaidiha ICP,1839.4,Mangaluru International Airport (IXE),55.97,MMLP Bengaluru (Muddalinganahalli),255.34,Kottapuram Terminal,282.33,FCI Depot Kozhikode,156.1,Kasaragod Toll Plaza,15.54
Thekkil (CT),Kasaragod,588,"627102
",village,66,0.65,Bangalore-Mysore Road,174.08,KOTIKULAM,7.24,New Makardhokda,55.8,New Mangalore Port,55.8,ICD Mangalore (Panambur),54.49,Rupaidiha ICP,1844.85,Mangaluru International Airport (IXE),57.04,MMLP Bengaluru (Muddalinganahalli),262.15,Kottapuram Terminal,281.61,FCI Depot Kozhikode,155.77,Kasaragod Toll Plaza,9.43
Kalanad (CT),Kasaragod,588,627100,village,66,5.08,Bangalore-Mysore Road,179.82,KALANAD HALT,1.78,New Makardhokda,55.16,New Mangalore Port,55.16,ICD Mangalore (Panambur),54.02,Rupaidiha ICP,1848.53,Mangaluru International Airport (IXE),57.19,MMLP Coimbatore,265.89,Kottapuram Terminal,282.6,FCI Depot Kozhikode,157.22,Kasaragod Toll Plaza,7.62
Thalangara,Kasaragod,588,913025,village,66,2.38,Bangalore-Mysore Road,182.12,KASARAGOD,0.87,New Makardhokda,51.66,New Mangalore Port,51.66,ICD Mangalore (Panambur),50.55,Rupaidiha ICP,1846.4,Mangaluru International Airport (IXE),53.84,MMLP Coimbatore,269.35,Kottapuram Terminal,286.2,FCI Depot Kozhikode,160.85,Kasaragod Toll Plaza,11.19
Chemnad (CT),Kasaragod,588,627135,village,66,2.69,Bangalore-Mysore Road,180.39,KASARAGOD,2.28,New Makardhokda,52.07,New Mangalore Port,52.07,ICD Mangalore (Panambur),50.9,Rupaidiha ICP,1845.63,Mangaluru International Airport (IXE),54.02,MMLP Bengaluru (Muddalinganahalli),267.81,Kottapuram Terminal,285.58,FCI Depot Kozhikode,160.1,Kasaragod Toll Plaza,10.73
Perumbala (CT),Kasaragod,588,627101,village,66,2.73,Bangalore-Mysore Road,178.21,KALANAD HALT,3.84,New Makardhokda,52.91,New Mangalore Port,52.91,ICD Mangalore (Panambur),51.68,Rupaidiha ICP,1844.92,Mangaluru International Airport (IXE),54.58,MMLP Bengaluru (Muddalinganahalli),265.69,Kottapuram Terminal,284.58,FCI Depot Kozhikode,158.95,Kasaragod Toll Plaza,10.28
Chengala (CT),Kasaragod,588,627134,village,66,0.16,Bangalore-Mysore Road,175.92,KALANAD HALT,6.99,New Makardhokda,52.18,New Mangalore Port,52.18,ICD Mangalore (Panambur),50.87,Rupaidiha ICP,1842.27,Mangaluru International Airport (IXE),53.44,MMLP Bengaluru (Muddalinganahalli),262.8,Kottapuram Terminal,285.22,FCI Depot Kozhikode,159.38,Kasaragod Toll Plaza,12.28
Muttathody (CT),Kasaragod,588,"627103
",village,66,1.59,Bangalore-Mysore Road,178.85,KASARAGOD,6.02,New Makardhokda,48.44,New Mangalore Port,48.44,ICD Mangalore (Panambur),47.16,Rupaidiha ICP,1840.43,Mangaluru International Airport (IXE),49.9,MMLP Bengaluru (Muddalinganahalli),264.66,Kottapuram Terminal,288.97,FCI Depot Kozhikode,163.19,Kasaragod Toll Plaza,15.1
Kasaragod,Kasaragod,588,"913024
",village,66,0.45,Bangalore-Mysore Road,182.85,KASARAGOD,1.44,New Makardhokda,49.42,New Mangalore Port,49.42,ICD Mangalore (Panambur),48.31,Rupaidiha ICP,1844.53,Mangaluru International Airport (IXE),51.6,MMLP Bengaluru (Muddalinganahalli),269.54,Kottapuram Terminal,288.39,FCI Depot Kozhikode,162.98,Kasaragod Toll Plaza,13.39
Adkath Bail,Kasaragod,588,913022,village,66,0.88,Bangalore-Mysore Road,184.16,KASARAGOD,2.37,New Makardhokda,48.53,New Mangalore Port,48.53,ICD Mangalore (Panambur),47.45,Rupaidiha ICP,1844.46,Mangaluru International Airport (IXE),50.86,MMLP Bengaluru (Muddalinganahalli),270.63,Kottapuram Terminal,289.43,FCI Depot Kozhikode,164.09,Kasaragod Toll Plaza,14.41
Kudlu (CT),Kasaragod,588,627133,village,66,1.35,Bangalore-Mysore Road,183.17,KASARAGOD,3.86,New Makardhokda,47.12,New Mangalore Port,47.12,ICD Mangalore (Panambur),45.98,Rupaidiha ICP,1842.26,Mangaluru International Airport (IXE),49.21,MMLP Bengaluru (Muddalinganahalli),269.02,Kottapuram Terminal,290.58,FCI Depot Kozhikode,165.08,Kasaragod Toll Plaza,15.66
Mogralputhur (CT),Kasaragod,588,627130,village,66,0.66,Bangalore-Mysore Road,185.7,KUMBLA,4.72,New Makardhokda,43.51,New Mangalore Port,43.51,ICD Mangalore (Panambur),42.41,Rupaidiha ICP,1840.13,Mangaluru International Airport (IXE),45.81,MMLP Bengaluru (Muddalinganahalli),270.46,Kottapuram Terminal,294.29,FCI Depot Kozhikode,168.83,Kasaragod Toll Plaza,19.31
Shirabagilu,Kasaragod,588,627131,village,66,3.06,Bangalore-Mysore Road,183.37,KUMBLA,6.06,New Makardhokda,44.04,New Mangalore Port,44.04,ICD Mangalore (Panambur),42.85,Rupaidiha ICP,1839.02,Mangaluru International Airport (IXE),45.96,MMLP Bengaluru (Muddalinganahalli),268.06,Kottapuram Terminal,293.5,FCI Depot Kozhikode,167.87,Kasaragod Toll Plaza,18.8
Madhur (CT),Kasaragod,588,"627132
",village,66,2.88,Bangalore-Mysore Road,180.78,KASARAGOD,6.26,New Makardhokda,46.35,New Mangalore Port,46.35,ICD Mangalore (Panambur),45.1,Rupaidiha ICP,1839.61,Mangaluru International Airport (IXE),47.98,MMLP Bengaluru (Muddalinganahalli),266.03,Kottapuram Terminal,291.09,FCI Depot Kozhikode,165.37,Kasaragod Toll Plaza,16.8
Pady (CT),Kasaragod,588,"627104
",village,66,2.58,Bangalore-Mysore Road,175.03,KASARAGOD,9.19,New Makardhokda,50.14,New Mangalore Port,50.14,ICD Mangalore (Panambur),48.76,Rupaidiha ICP,1839.08,Mangaluru International Airport (IXE),51.08,MMLP Bengaluru (Muddalinganahalli),260.9,Kottapuram Terminal,287.35,FCI Depot Kozhikode,161.36,Kasaragod Toll Plaza,15.38
Nekraje,Kasaragod,588,627105,village,66,6.51,Bangalore-Mysore Road,171.62,KASARAGOD,13.51,New Makardhokda,50.19,New Mangalore Port,50.19,ICD Mangalore (Panambur),48.7,Rupaidiha ICP,1835.77,Mangaluru International Airport (IXE),50.5,MMLP Bengaluru (Muddalinganahalli),256.77,Kottapuram Terminal,287.79,FCI Depot Kozhikode,161.58,Kasaragod Toll Plaza,18.51
Karadka (CT),Kasaragod,588,627111,village,66,10.4,Bangalore-Mysore Road,166.31,KALANAD HALT,17.8,New Makardhokda,54.15,New Mangalore Port,54.15,ICD Mangalore (Panambur),52.58,Rupaidiha ICP,1835.09,Mangaluru International Airport (IXE),53.92,MMLP Bengaluru (Muddalinganahalli),251.97,Kottapuram Terminal,284.66,FCI Depot Kozhikode,158.28,Kasaragod Toll Plaza,20.01
Kumbadaje,Kasaragod,588,"627107
",village,66,11.85,Bangalore-Mysore Road,168.35,KASARAGOD,18.72,New Makardhokda,49.57,New Mangalore Port,49.57,ICD Mangalore (Panambur),47.96,Rupaidiha ICP,1831.01,Mangaluru International Airport (IXE),49.1,MMLP Bengaluru (Muddalinganahalli),252.17,Kottapuram Terminal,289.6,FCI Depot Kozhikode,163.19,Kasaragod Toll Plaza,23.44
Bellur,Kasaragod,588,627109,village,275,13.19,Bangalore-Mysore Road,164.58,Kabakaputtur,20.17,New Makardhokda,51.81,New Mangalore Port,51.81,ICD Mangalore (Panambur),50.13,Rupaidiha ICP,1829.27,Mangaluru International Airport (IXE),50.85,MMLP Bengaluru (Muddalinganahalli),248.27,Kottapuram Terminal,288.51,FCI Depot Kozhikode,162.01,Kasaragod Toll Plaza,25.79
Nettanige,Kasaragod,588,"627108
",village,275,11.02,Bangalore-Mysore Road,163.81,Kabakaputtur,17.7,New Makardhokda,51.04,New Mangalore Port,51.04,ICD Mangalore (Panambur),49.32,Rupaidiha ICP,1826.73,Mangaluru International Airport (IXE),49.74,MMLP Bengaluru (Muddalinganahalli),246.61,Kottapuram Terminal,290.16,FCI Depot Mysuru,162.71,Kasaragod Toll Plaza,28.35
Badiadka,Kasaragod,588,627088,village,66,10.68,Bangalore-Mysore Road,173.52,KUMBLA,15.43,New Makardhokda,45.1,New Mangalore Port,45.1,ICD Mangalore (Panambur),43.56,Rupaidiha ICP,1830.98,Mangaluru International Airport (IXE),45.13,MMLP Bengaluru (Muddalinganahalli),256.63,Kottapuram Terminal,293.22,FCI Depot Kozhikode,166.95,Kasaragod Toll Plaza,23.42
Mugu,Kasaragod,588,"627083
",village,66,9.98,Bangalore-Mysore Road,179.81,KUMBLA,10.09,New Makardhokda,39.63,New Mangalore Port,39.63,ICD Mangalore (Panambur),38.2,Rupaidiha ICP,1830.56,Mangaluru International Airport (IXE),40.34,MMLP Bengaluru (Muddalinganahalli),261.92,Kottapuram Terminal,298.02,FCI Depot Kozhikode,171.94,Talapadi Toll Plaza,22.69
Sheni,Kasaragod,588,"627084
",village,66,12.84,Bangalore-Mysore Road,177.6,KUMBLA,12.95,New Makardhokda,39.86,New Mangalore Port,39.86,ICD Mangalore (Panambur),38.33,Rupaidiha ICP,1828.37,Mangaluru International Airport (IXE),40.03,MMLP Bengaluru (Muddalinganahalli),259.18,Kottapuram Terminal,298.27,FCI Depot Kozhikode,172.05,Talapadi Toll Plaza,23.74
Enmakaje,Kasaragod,588,"627085
",village,275,14.97,Bangalore-Mysore Road,173.99,Kabakaputtur,16.64,New Makardhokda,40.18,New Mangalore Port,40.18,ICD Mangalore (Panambur),38.5,Rupaidiha ICP,1823.92,Mangaluru International Airport (IXE),39.36,MMLP Bengaluru (Muddalinganahalli),254.34,Kottapuram Terminal,299.43,FCI Depot Kozhikode,173.02,Brahamarakotlu Toll Plaza,25.02
Padre,Kasaragod,588,"627087
",village,275,14.65,Bangalore-Mysore Road,169.24,Kabakaputtur,17.93,New Makardhokda,46.24,New Mangalore Port,46.24,ICD Mangalore (Panambur),44.57,Rupaidiha ICP,1826.98,Mangaluru International Airport (IXE),45.39,MMLP Bengaluru (Muddalinganahalli),251.4,Kottapuram Terminal,293.62,FCI Depot Kozhikode,167.17,Kasaragod Toll Plaza,27.32
Katukukke,Kasaragod,588,"627086
",village,275,11.2,Bangalore-Mysore Road,169.23,Kabakaputtur,13.64,New Makardhokda,43.79,New Mangalore Port,43.79,ICD Mangalore (Panambur),42.04,Rupaidiha ICP,1822.5,Mangaluru International Airport (IXE),42.34,MMLP Bengaluru (Muddalinganahalli),249.64,Kottapuram Terminal,297.36,FCI Depot Mysuru,168.32,Brahamarakotlu Toll Plaza,27.33
Bayar,Kasaragod,588,"627080
",village,66,11.91,Bangalore-Mysore Road,181.92,UPPALA,12.99,New Makardhokda,32.92,New Mangalore Port,32.92,ICD Mangalore (Panambur),31.35,Rupaidiha ICP,1823.45,Mangaluru International Airport (IXE),32.96,MMLP Bengaluru (Muddalinganahalli),261.1,Kottapuram Terminal,305.33,FCI Depot Kozhikode,179.12,Talapadi Toll Plaza,17.82
Chippar,Kasaragod,588,"627079
",village,66,10.56,Bangalore-Mysore Road,184.48,UPPALA,11.34,New Makardhokda,30.15,New Mangalore Port,30.15,ICD Mangalore (Panambur),28.61,Rupaidiha ICP,1822.54,Mangaluru International Airport (IXE),30.43,MMLP Bengaluru (Muddalinganahalli),263.01,Kottapuram Terminal,307.87,FCI Depot Kozhikode,181.72,Talapadi Toll Plaza,15.06
Paivalike,Kasaragod,588,627078,village,66,8.46,Bangalore-Mysore Road,186.45,UPPALA,9.18,New Makardhokda,29.34,New Mangalore Port,29.34,ICD Mangalore (Panambur),27.88,Rupaidiha ICP,1823.74,Mangaluru International Airport (IXE),30.14,MMLP Bengaluru (Muddalinganahalli),265.19,Kottapuram Terminal,308.31,FCI Depot Kozhikode,182.26,Talapadi Toll Plaza,13.34
Meenja,Kasaragod,588,627064,village,66,5.8,Bangalore-Mysore Road,188.82,UPPALA,6.43,New Makardhokda,28.79,New Mangalore Port,28.79,ICD Mangalore (Panambur),27.46,Rupaidiha ICP,1825.47,Mangaluru International Airport (IXE),30.27,MMLP Bengaluru (Muddalinganahalli),267.92,Kottapuram Terminal,308.63,FCI Depot Kozhikode,182.71,Talapadi Toll Plaza,11.63
Bekur,Kasaragod,588,"627075
",village,66,3.84,Bangalore-Mysore Road,189.28,UPPALA,4.87,New Makardhokda,30.44,New Mangalore Port,30.44,ICD Mangalore (Panambur),29.2,Rupaidiha ICP,1827.95,Mangaluru International Airport (IXE),32.31,MMLP Bengaluru (Muddalinganahalli),269.23,Kottapuram Terminal,306.98,FCI Depot Kozhikode,181.17,Talapadi Toll Plaza,12.53
Kodibail,Kasaragod,588,627071,village,66,1.33,Bangalore-Mysore Road,191.6,UPPALA,2.36,New Makardhokda,30.08,New Mangalore Port,30.08,ICD Mangalore (Panambur),28.97,Rupaidiha ICP,1829.36,Mangaluru International Airport (IXE),32.52,MMLP Bengaluru (Muddalinganahalli),271.77,Kottapuram Terminal,307.54,FCI Depot Kozhikode,181.88,Talapadi Toll Plaza,11.57
Uppala (CT),Kasaragod,588,627125,village,66,0.17,Bangalore-Mysore Road,194.17,UPPALA,0.78,New Makardhokda,28.53,New Mangalore Port,28.53,ICD Mangalore (Panambur),27.54,Rupaidiha ICP,1829.4,Mangaluru International Airport (IXE),31.48,MMLP Bengaluru (Muddalinganahalli),274.05,Kottapuram Terminal,309.4,FCI Depot Kozhikode,183.86,Talapadi Toll Plaza,9.77
Mulinja,Kasaragod,588,"627070
",village,66,0.77,Bangalore-Mysore Road,193.24,UPPALA,1.37,New Makardhokda,28.56,New Mangalore Port,28.56,ICD Mangalore (Panambur),27.51,Rupaidiha ICP,1828.82,Mangaluru International Airport (IXE),31.28,MMLP Bengaluru (Muddalinganahalli),273.03,Kottapuram Terminal,309.18,FCI Depot Kozhikode,183.58,Talapadi Toll Plaza,9.91
Majibail,Kasaragod,588,"627068
",village,66,0.97,Bangalore-Mysore Road,193.65,UPPALA,2.84,New Makardhokda,26.94,New Mangalore Port,26.94,ICD Mangalore (Panambur),25.87,Rupaidiha ICP,1827.26,Mangaluru International Airport (IXE),29.59,MMLP Bengaluru (Muddalinganahalli),272.83,Kottapuram Terminal,310.72,FCI Depot Kozhikode,185.07,Talapadi Toll Plaza,8.39
Kuloor,Kasaragod,588,"627067
",village,66,3.3,Bangalore-Mysore Road,191.06,UPPALA,3.81,New Makardhokda,28.57,New Mangalore Port,28.57,ICD Mangalore (Panambur),27.38,Rupaidiha ICP,1827.18,Mangaluru International Airport (IXE),30.69,MMLP Bengaluru (Muddalinganahalli),270.52,Kottapuram Terminal,308.88,FCI Depot Kozhikode,183.12,Talapadi Toll Plaza,10.49
Moodambail (CT),Kasaragod,588,627066,village,66,3.84,Bangalore-Mysore Road,191.01,UPPALA,4.97,New Makardhokda,27.37,New Mangalore Port,27.37,ICD Mangalore (Panambur),26.12,Rupaidiha ICP,1825.68,Mangaluru International Airport (IXE),29.3,MMLP Bengaluru (Muddalinganahalli),269.93,Kottapuram Terminal,310.05,FCI Depot Kozhikode,184.22,Talapadi Toll Plaza,9.66
Talakala,Kasaragod,588,"627063
",village,66,5.23,Bangalore-Mysore Road,190.55,MANJESHWAR,6.66,New Makardhokda,25.58,New Mangalore Port,25.58,ICD Mangalore (Panambur),24.23,Rupaidiha ICP,1822.98,Mangaluru International Airport (IXE),27.05,MMLP Bengaluru (Muddalinganahalli),268.52,Kottapuram Terminal,311.85,FCI Depot Kozhikode,185.91,Talapadi Toll Plaza,9.06
Kadambar,Kasaragod,588,627065,village,66,2.65,Bangalore-Mysore Road,193.03,MANJESHWAR,4.09,New Makardhokda,24.64,New Mangalore Port,24.64,ICD Mangalore (Panambur),23.43,Rupaidiha ICP,1824.07,Mangaluru International Airport (IXE),26.8,MMLP Bengaluru (Muddalinganahalli),271.12,Kottapuram Terminal,312.79,FCI Depot Kozhikode,186.98,Talapadi Toll Plaza,6.98
Bengra Manjeshwar (CT),Kasaragod,588,627124,village,66,0.22,Bangalore-Mysore Road,195.23,MANJESHWAR,2.66,New Makardhokda,25.51,New Mangalore Port,25.51,ICD Mangalore (Panambur),24.51,Rupaidiha ICP,1826.74,Mangaluru International Airport (IXE),28.46,MMLP Bengaluru (Muddalinganahalli),274.03,Kottapuram Terminal,312.29,FCI Depot Kozhikode,186.69,Talapadi Toll Plaza,6.81
Hosabettu (CT),Kasaragod,588,627123,village,66,0.05,Bangalore-Mysore Road,196.15,MANJESHWAR,1.03,New Makardhokda,23.78,New Mangalore Port,23.78,ICD Mangalore (Panambur),22.79,Rupaidiha ICP,1825.41,Mangaluru International Airport (IXE),26.82,MMLP Bengaluru (Muddalinganahalli),274.36,Kottapuram Terminal,314.02,FCI Depot Kozhikode,188.39,Talapadi Toll Plaza,5.08
Badaje (CT),Kasaragod,588,627069,village,66,1.54,Bangalore-Mysore Road,194.67,MANJESHWAR,2.54,New Makardhokda,23.49,New Mangalore Port,23.49,ICD Mangalore (Panambur),22.36,Rupaidiha ICP,1824.01,Mangaluru International Airport (IXE),26.02,MMLP Bengaluru (Muddalinganahalli),272.55,Kottapuram Terminal,314.03,FCI Depot Kozhikode,188.29,Talapadi Toll Plaza,5.4
Udyawar (CT),Kasaragod,588,"627122
",village,66,0.06,Bangalore-Mysore Road,197.65,MANJESHWAR,0.78,New Makardhokda,22.23,New Mangalore Port,22.23,ICD Mangalore (Panambur),21.31,Rupaidiha ICP,1824.66,Mangaluru International Airport (IXE),25.57,MMLP Bengaluru (Muddalinganahalli),275.42,Kottapuram Terminal,315.72,FCI Depot Kozhikode,190.13,Talapadi Toll Plaza,3.43
Kunjathur (CT),Kasaragod,588,"627121
",village,66,0.42,Bangalore-Mysore Road,197.79,MANJESHWAR,2.76,New Makardhokda,20.28,New Mangalore Port,20.28,ICD Mangalore (Panambur),19.29,Rupaidiha ICP,1822.56,Mangaluru International Airport (IXE),23.45,MMLP Bengaluru (Muddalinganahalli),274.79,Kottapuram Terminal,317.45,FCI Depot Kozhikode,191.78,Talapadi Toll Plaza,1.77
Pavoor,Kasaragod,588,"627057
",village,66,4.05,Bangalore-Mysore Road,194.17,MANJESHWAR,4.9,New Makardhokda,21.26,New Mangalore Port,21.26,ICD Mangalore (Panambur),19.98,Rupaidiha ICP,1820.84,Mangaluru International Airport (IXE),23.23,MMLP Bengaluru (Muddalinganahalli),270.94,Kottapuram Terminal,316.14,FCI Depot Kozhikode,190.26,Talapadi Toll Plaza,5.19
Vallicode-Kottayam,Pathanamthitta,599,628329,village,183A,8.71,Bangalore-Mysore Road,351.5,Auvaneeswaram,18.14,Balaramapuram,89.45,Vizhinjam International Seaport,93.92,ICD Thiruvananthapuram,73.76,Petrapole ICP,1982.97,Trivandrum International Airport (TRV),80.81,MMLP Coimbatore,203.5,Kayamkulam Terminal,37.13,FCI Depot Kochi,103.36,Kollam Toll Plaza,36.15
Koodal,Pathanamthitta,599,628348,village,183A,13.04,Bangalore-Mysore Road,355.78,Auvaneeswaram,13.94,Balaramapuram,84.67,Vizhinjam International Seaport,89.35,ICD Thiruvananthapuram,69.21,Petrapole ICP,1984.33,Trivandrum International Airport (TRV),76.41,MMLP Coimbatore,207.42,Kayamkulam Terminal,40.24,FCI Depot Kochi,108.52,Kollam Toll Plaza,38.62
Kalanjoor,Pathanamthitta,599,628349,village,744,12.75,Bangalore-Mysore Road,358.43,Auvaneeswaram,12.69,Balaramapuram,81.37,Vizhinjam International Seaport,86.43,ICD Thiruvananthapuram,66.36,Petrapole ICP,1983.59,Trivandrum International Airport (TRV),73.79,MMLP Coimbatore,209.61,Kollam Terminal,42.17,FCI Depot Kochi,113.04,Kollam Toll Plaza,42.8
Thannithode,Pathanamthitta,599,628341,village,183A,10.46,Bangalore-Mysore Road,346.34,Punalur,26.42,Balaramapuram,92.85,Vizhinjam International Seaport,98.7,ICD Thiruvananthapuram,78.93,Petrapole ICP,1968.88,Trivandrum International Airport (TRV),86.7,MMLP Coimbatore,196.75,Kayamkulam Terminal,52.71,FCI Depot Kochi,108.55,Kollam Toll Plaza,52.2
Aruvappulam,Pathanamthitta,599,628339,village,183A,16.92,Bangalore-Mysore Road,358.46,SENGOTTAI,24.53,Balaramapuram,82.22,Vizhinjam International Seaport,89.34,ICD Thiruvananthapuram,70.73,Petrapole ICP,1967.8,Trivandrum International Airport (TRV),78.96,MMLP Coimbatore,207.81,Kollam Terminal,62.62,FCI Depot Kochi,126.98,Old Toll Booth,65.0
Seethathodu,Pathanamthitta,599,913823,village,183A,2.64,Bangalore-Mysore Road,340.95,KADAYNALLUR,34.46,Balaramapuram,101.74,Vizhinjam International Seaport,109.17,ICD Thiruvananthapuram,90.84,Petrapole ICP,1948.3,Trivandrum International Airport (TRV),99.1,MMLP Coimbatore,189.84,Kayamkulam Terminal,76.85,FCI Depot Kochi,121.05,THENI Toll Plaza,73.83
Thalavoor,Kollam,600,628384,village,744,2.7,Bangalore-Mysore Road,368.83,Kuri,1.49,Balaramapuram,73.06,Vizhinjam International Seaport,77.01,ICD Thiruvananthapuram,56.86,Petrapole ICP,1997.09,Trivandrum International Airport (TRV),63.68,MMLP Coimbatore,220.87,Kollam Terminal,29.18,FCI Depot Kochi,117.39,Old Toll Booth,31.25
Vilakkudy,Kollam,600,628385,village,744,0.04,Bangalore-Mysore Road,370.65,Auvaneeswaram,1.28,Balaramapuram,70.38,Vizhinjam International Seaport,74.69,ICD Thiruvananthapuram,54.52,Petrapole ICP,1996.29,Trivandrum International Airport (TRV),61.58,MMLP Coimbatore,222.31,Kollam Terminal,31.27,FCI Depot Kochi,120.64,Old Toll Booth,33.82
Pidavoor,Kollam,600,628386,village,744,3.39,Bangalore-Mysore Road,367.06,Auvaneeswaram,3.13,Balaramapuram,73.62,Vizhinjam International Seaport,78.12,ICD Thiruvananthapuram,57.97,Petrapole ICP,1992.85,Trivandrum International Airport (TRV),65.13,MMLP Coimbatore,218.63,Kollam Terminal,33.92,FCI Depot Kochi,118.08,Old Toll Booth,36.05
Piravanthoor,Kollam,600,628389,village,744,8.2,Bangalore-Mysore Road,365.26,Punalur,9.96,Balaramapuram,73.92,Vizhinjam International Seaport,79.81,ICD Thiruvananthapuram,60.13,Petrapole ICP,1983.07,Trivandrum International Airport (TRV),67.99,MMLP Coimbatore,215.64,Kollam Terminal,46.16,FCI Depot Kochi,123.42,Old Toll Booth,48.67
Punnala,Kollam,600,628388,village,744,10.75,Bangalore-Mysore Road,362.0,Punalur,10.7,Balaramapuram,77.29,Vizhinjam International Seaport,82.88,ICD Thiruvananthapuram,63.02,Petrapole ICP,1982.57,Trivandrum International Airport (TRV),70.74,MMLP Coimbatore,212.63,Kollam Terminal,44.95,FCI Depot Kochi,119.11,Old Toll Booth,47.05
Pattazhy,Kollam,600,628383,village,744,6.58,Bangalore-Mysore Road,365.35,Kuri,4.26,Balaramapuram,76.96,Vizhinjam International Seaport,80.79,ICD Thiruvananthapuram,60.66,Petrapole ICP,1995.65,Trivandrum International Airport (TRV),67.37,MMLP Coimbatore,217.63,Kollam Terminal,29.67,FCI Depot Kochi,113.41,Old Toll Booth,31.09
Karode (CT),Thiruvananthapuram,601,628532,village,66,2.48,Bangalore-Mysore Road,451.8,PARASHSHALA,5.65,Balaramapuram,14.03,Vizhinjam International Seaport,15.87,ICD Thiruvananthapuram,31.56,Petrapole ICP,2043.1,Trivandrum International Airport (TRV),28.36,MMLP Coimbatore,301.57,Kollam Terminal,85.15,FCI Depot Kochi,203.44,Thiruvananthapuram Toll Plaza,7.55
Chenkal (CT),Thiruvananthapuram,601,628533,village,66,1.87,Bangalore-Mysore Road,447.02,DHANUVACHAPURAM,2.24,Balaramapuram,9.68,Vizhinjam International Seaport,13.92,ICD Thiruvananthapuram,27.28,Petrapole ICP,2039.81,Trivandrum International Airport (TRV),24.86,MMLP Coimbatore,296.82,Kollam Terminal,81.02,FCI Depot Kochi,198.83,Thiruvananthapuram Toll Plaza,2.77
Neyyattinkara,Thiruvananthapuram,601,913454,village,66,4.16,Bangalore-Mysore Road,443.74,AMARAVILA HALT,1.48,Balaramapuram,5.83,Vizhinjam International Seaport,11.7,ICD Thiruvananthapuram,23.42,Petrapole ICP,2038.71,Trivandrum International Airport (TRV),21.27,MMLP Coimbatore,293.65,Kollam Terminal,77.17,FCI Depot Kochi,195.03,Thiruvananthapuram Toll Plaza,0.79
Parassala (CT),Thiruvananthapuram,601,628547,village,66,1.75,Bangalore-Mysore Road,450.46,PARASHSHALA,1.22,Balaramapuram,15.34,Vizhinjam International Seaport,19.37,ICD Thiruvananthapuram,32.85,Petrapole ICP,2039.22,Trivandrum International Airport (TRV),30.71,MMLP Coimbatore,300.02,Kollam Terminal,86.62,FCI Depot Kochi,203.79,Thiruvananthapuram Toll Plaza,8.21
Parasuvaikkal (CT),Thiruvananthapuram,601,628546,village,66,3.42,Bangalore-Mysore Road,446.91,DHANUVACHAPURAM,2.54,Balaramapuram,12.47,Vizhinjam International Seaport,17.99,ICD Thiruvananthapuram,29.72,Petrapole ICP,2036.97,Trivandrum International Airport (TRV),28.17,MMLP Coimbatore,296.5,Kollam Terminal,83.46,FCI Depot Kochi,200.28,Thiruvananthapuram Toll Plaza,5.51
Kollayil (CT),Thiruvananthapuram,601,628531,village,66,5.12,Bangalore-Mysore Road,444.39,DHANUVACHAPURAM,1.64,Balaramapuram,9.87,Vizhinjam International Seaport,16.44,ICD Thiruvananthapuram,26.92,Petrapole ICP,2036.03,Trivandrum International Airport (TRV),25.67,MMLP Coimbatore,294.06,Kollam Terminal,80.63,FCI Depot Kochi,197.43,Thiruvananthapuram Toll Plaza,3.48
Perumkadavila,Thiruvananthapuram,601,628528,village,66,9.28,Bangalore-Mysore Road,439.48,AMARAVILA HALT,4.46,Balaramapuram,7.11,Vizhinjam International Seaport,16.02,ICD Thiruvananthapuram,22.57,Petrapole ICP,2033.2,Trivandrum International Airport (TRV),22.45,MMLP Coimbatore,289.21,Kollam Terminal,76.06,FCI Depot Kochi,192.42,Thiruvananthapuram Toll Plaza,5.27
Anavoor,Thiruvananthapuram,601,628529,village,66,10.34,Bangalore-Mysore Road,439.86,DHANUVACHAPURAM,7.07,Balaramapuram,11.35,Vizhinjam International Seaport,19.98,ICD Thiruvananthapuram,26.08,Petrapole ICP,2030.65,Trivandrum International Airport (TRV),26.56,MMLP Coimbatore,289.38,Kollam Terminal,79.15,FCI Depot Kochi,194.42,Thiruvananthapuram Toll Plaza,7.87
Kunnathukal (CT),Thiruvananthapuram,601,628530,village,66,8.55,Bangalore-Mysore Road,442.68,DHANUVACHAPURAM,6.05,Balaramapuram,13.13,Vizhinjam International Seaport,20.83,ICD Thiruvananthapuram,28.85,Petrapole ICP,2031.86,Trivandrum International Airport (TRV),28.77,MMLP Coimbatore,292.14,Kollam Terminal,82.11,FCI Depot Kochi,197.52,Thiruvananthapuram Toll Plaza,7.96
Vellarada,Thiruvananthapuram,601,628525,village,66,13.87,Bangalore-Mysore Road,438.03,DHANUVACHAPURAM,11.02,Balaramapuram,15.28,Vizhinjam International Seaport,24.24,ICD Thiruvananthapuram,28.38,Petrapole ICP,2026.65,Trivandrum International Airport (TRV),29.84,MMLP Coimbatore,287.38,Kollam Terminal,80.54,FCI Depot Kochi,194.32,Thiruvananthapuram Toll Plaza,12.17
Vilavoorkal (CT),Thiruvananthapuram,601,628542,village,66,8.84,Bangalore-Mysore Road,432.14,NEMEM,3.97,Balaramapuram,7.74,Vizhinjam International Seaport,13.5,ICD Thiruvananthapuram,10.08,Petrapole ICP,2034.48,Trivandrum International Airport (TRV),10.87,MMLP Coimbatore,282.49,Kollam Terminal,63.83,FCI Depot Kochi,181.72,Thiruvananthapuram Toll Plaza,14.06
Malayinkeezhu (CT),Thiruvananthapuram,601,628541,village,66,10.65,Bangalore-Mysore Road,433.56,NEMEM,4.61,Balaramapuram,5.64,Vizhinjam International Seaport,13.52,ICD Thiruvananthapuram,13.06,Petrapole ICP,2033.71,Trivandrum International Airport (TRV),13.75,MMLP Coimbatore,283.73,Kollam Terminal,66.71,FCI Depot Kochi,184.09,Thiruvananthapuram Toll Plaza,11.45
Vilappil (CT),Thiruvananthapuram,601,628539,village,66,12.57,Bangalore-Mysore Road,428.5,NEMEM,8.32,Balaramapuram,10.7,Vizhinjam International Seaport,17.84,ICD Thiruvananthapuram,10.12,Petrapole ICP,2030.04,Trivandrum International Airport (TRV),13.89,MMLP Coimbatore,278.69,Kollam Terminal,62.8,FCI Depot Kochi,179.34,Thiruvananthapuram Toll Plaza,16.24
Perumkulam(CT),Thiruvananthapuram,601,628501,village,66,17.33,Bangalore-Mysore Road,426.88,NEMEM,12.24,Balaramapuram,12.91,Vizhinjam International Seaport,21.46,ICD Thiruvananthapuram,14.02,Petrapole ICP,2025.86,Trivandrum International Airport (TRV),18.64,MMLP Coimbatore,276.8,Kollam Terminal,64.81,FCI Depot Kochi,179.63,Thiruvananthapuram Toll Plaza,17.09
Maranalloor(CT),Thiruvananthapuram,601,628527,village,66,11.2,Bangalore-Mysore Road,435.82,BALARAMAPURAM,4.56,Balaramapuram,4.56,Vizhinjam International Seaport,14.22,ICD Thiruvananthapuram,17.15,Petrapole ICP,2033.12,Trivandrum International Airport (TRV),17.56,MMLP Coimbatore,285.77,Kollam Terminal,70.68,FCI Depot Kochi,187.49,Thiruvananthapuram Toll Plaza,8.26
Keezharoor,Thiruvananthapuram,601,628526,village,66,12.71,Bangalore-Mysore Road,436.48,NEYYATTINKARA,7.76,Balaramapuram,9.19,Vizhinjam International Seaport,18.72,ICD Thiruvananthapuram,22.09,Petrapole ICP,2029.83,Trivandrum International Airport (TRV),23.24,MMLP Coimbatore,286.13,Kollam Terminal,74.97,FCI Depot Kochi,190.32,Thiruvananthapuram Toll Plaza,8.72
Kulathummal (CT),Thiruvananthapuram,601,628540,village,66,15.23,Bangalore-Mysore Road,432.16,BALARAMAPURAM,8.5,Balaramapuram,8.5,Vizhinjam International Seaport,17.93,ICD Thiruvananthapuram,16.5,Petrapole ICP,2029.25,Trivandrum International Airport (TRV),18.8,MMLP Coimbatore,282.02,Kollam Terminal,69.11,FCI Depot Kochi,184.79,Thiruvananthapuram Toll Plaza,11.82
Ottasekharamangalam,Thiruvananthapuram,601,628521,village,66,17.13,Bangalore-Mysore Road,432.66,NEYYATTINKARA,12.07,Balaramapuram,12.81,Vizhinjam International Seaport,22.54,ICD Thiruvananthapuram,22.33,Petrapole ICP,2025.48,Trivandrum International Airport (TRV),25.0,MMLP Coimbatore,282.2,Kollam Terminal,73.83,FCI Depot Kochi,187.73,Thiruvananthapuram Toll Plaza,13.16
Amboori,Thiruvananthapuram,601,628524,village,66,18.11,Bangalore-Mysore Road,434.0,DHANUVACHAPURAM,15.08,Balaramapuram,17.56,Vizhinjam International Seaport,27.04,ICD Thiruvananthapuram,28.13,Petrapole ICP,2022.6,Trivandrum International Airport (TRV),30.78,MMLP Coimbatore,283.29,Kollam Terminal,78.91,FCI Depot Madurai,190.59,Thiruvananthapuram Toll Plaza,15.82
Vazhichal,Thiruvananthapuram,601,628523,village,66,25.25,Bangalore-Mysore Road,427.75,AMARAVILA HALT,21.87,Balaramapuram,23.17,Vizhinjam International Seaport,32.9,ICD Thiruvananthapuram,29.97,Petrapole ICP,2015.66,Trivandrum International Airport (TRV),34.26,MMLP Coimbatore,276.9,Kollam Terminal,77.53,FCI Depot Madurai,183.58,Thiruvananthapuram Toll Plaza,22.65
Mannoorkara,Thiruvananthapuram,601,628495,village,66,30.17,Bangalore-Mysore Road,420.61,BALARAMAPURAM,24.58,Balaramapuram,24.58,Vizhinjam International Seaport,34.07,ICD Thiruvananthapuram,26.09,Petrapole ICP,2013.11,Trivandrum International Airport (TRV),32.0,MMLP Coimbatore,269.92,Kollam Terminal,70.22,FCI Depot Kochi,179.06,Thiruvananthapuram Toll Plaza,26.21
Kallikkad,Thiruvananthapuram,601,628522,village,66,20.82,Bangalore-Mysore Road,428.65,BALARAMAPURAM,15.24,Balaramapuram,15.24,Vizhinjam International Seaport,24.89,ICD Thiruvananthapuram,21.2,Petrapole ICP,2022.49,Trivandrum International Airport (TRV),25.17,MMLP Coimbatore,278.19,Kollam Terminal,71.14,FCI Depot Kochi,184.1,Thiruvananthapuram Toll Plaza,16.74
Veeranakavu(CT),Thiruvananthapuram,601,628502,village,66,19.08,Bangalore-Mysore Road,428.95,BALARAMAPURAM,12.51,Balaramapuram,12.51,Vizhinjam International Seaport,21.9,ICD Thiruvananthapuram,17.6,Petrapole ICP,2025.26,Trivandrum International Airport (TRV),21.39,MMLP Coimbatore,278.69,Kollam Terminal,68.57,FCI Depot Kochi,182.82,Thiruvananthapuram Toll Plaza,15.29
Vellanad (CT),Thiruvananthapuram,601,628500,village,66,16.74,Bangalore-Mysore Road,423.18,NEMEM,14.03,Balaramapuram,16.07,Vizhinjam International Seaport,23.56,ICD Thiruvananthapuram,11.57,Petrapole ICP,2024.66,Trivandrum International Airport (TRV),17.85,MMLP Coimbatore,273.25,Kollam Terminal,60.57,FCI Depot Kochi,175.29,Thiruvananthapuram Toll Plaza,20.98
Aryanad,Thiruvananthapuram,601,628496,village,66,23.18,Bangalore-Mysore Road,421.3,NEMEM,19.09,Balaramapuram,19.59,Vizhinjam International Seaport,28.34,ICD Thiruvananthapuram,18.12,Petrapole ICP,2019.02,Trivandrum International Airport (TRV),24.36,MMLP Coimbatore,271.0,Kollam Terminal,64.2,FCI Depot Kochi,176.21,Thiruvananthapuram Toll Plaza,22.98
Vithura,Thiruvananthapuram,601,628494,village,66,30.88,Bangalore-Mysore Road,414.38,NEMEM,27.49,Balaramapuram,27.93,Vizhinjam International Seaport,36.78,ICD Thiruvananthapuram,24.78,Petrapole ICP,2010.66,Trivandrum International Airport (TRV),31.92,MMLP Coimbatore,263.84,Kollam Terminal,64.26,FCI Depot Kochi,172.12,Thiruvananthapuram Toll Plaza,30.83
Thennoor,Thiruvananthapuram,601,628484,village,744,23.91,Bangalore-Mysore Road,405.13,SENGOTTAI,30.97,Balaramapuram,35.74,Vizhinjam International Seaport,43.81,ICD Thiruvananthapuram,28.35,Petrapole ICP,2005.11,Trivandrum International Airport (TRV),36.41,MMLP Coimbatore,254.7,Kollam Terminal,58.38,FCI Depot Kochi,163.09,Thiruvananthapuram Toll Plaza,39.42
Peringammala,Thiruvananthapuram,601,628483,village,744,19.88,Bangalore-Mysore Road,400.03,SENGOTTAI,29.54,Balaramapuram,39.73,Vizhinjam International Seaport,47.03,ICD Thiruvananthapuram,29.65,Petrapole ICP,2004.01,Trivandrum International Airport (TRV),37.97,MMLP Coimbatore,249.83,Kollam Terminal,52.87,FCI Depot Kochi,156.76,Thiruvananthapuram Toll Plaza,44.02
Pangode,Thiruvananthapuram,601,628482,village,66,19.34,Bangalore-Mysore Road,401.85,MURUKKAMPUZHA,23.67,Balaramapuram,37.54,Vizhinjam International Seaport,43.11,ICD Thiruvananthapuram,23.65,Petrapole ICP,2012.23,Trivandrum International Airport (TRV),31.8,MMLP Coimbatore,252.34,Kollam Terminal,44.07,FCI Depot Kochi,153.68,Thiruvananthapuram Toll Plaza,42.92
Palode,Thiruvananthapuram,601,628485,village,66,20.37,Bangalore-Mysore Road,406.75,KANIYAPURAM,22.99,Balaramapuram,32.45,Vizhinjam International Seaport,38.63,ICD Thiruvananthapuram,20.04,Petrapole ICP,2014.02,Trivandrum International Airport (TRV),28.37,MMLP Coimbatore,257.02,Kollam Terminal,48.86,FCI Depot Kochi,159.34,Thiruvananthapuram Toll Plaza,37.59
Kurupuzha,Thiruvananthapuram,601,628486,village,66,20.88,Bangalore-Mysore Road,411.45,KANIYAPURAM,22.09,Balaramapuram,27.73,Vizhinjam International Seaport,34.34,ICD Thiruvananthapuram,16.81,Petrapole ICP,2016.59,Trivandrum International Airport (TRV),25.08,MMLP Coimbatore,261.61,Kollam Terminal,52.52,FCI Depot Kochi,164.18,Thiruvananthapuram Toll Plaza,32.75
Tholicode,Thiruvananthapuram,601,628493,village,66,23.29,Bangalore-Mysore Road,414.74,TRIVANDRUM CENTRAL,22.38,Balaramapuram,24.78,Vizhinjam International Seaport,32.32,ICD Thiruvananthapuram,17.13,Petrapole ICP,2016.68,Trivandrum International Airport (TRV),24.93,MMLP Coimbatore,264.67,Kollam Terminal,57.3,FCI Depot Kochi,168.68,Thiruvananthapuram Toll Plaza,29.23
Uzhamalackal (CT),Thiruvananthapuram,601,628497,village,66,19.09,Bangalore-Mysore Road,419.95,NEMEM,17.22,Balaramapuram,19.34,Vizhinjam International Seaport,26.75,ICD Thiruvananthapuram,12.93,Petrapole ICP,2021.86,Trivandrum International Airport (TRV),20.09,MMLP Coimbatore,269.99,Kollam Terminal,58.89,FCI Depot Kochi,172.58,Thiruvananthapuram Toll Plaza,24.12
Vamanapuram,Thiruvananthapuram,601,628480,village,66,14.83,Bangalore-Mysore Road,404.93,MURUKKAMPUZHA,18.96,Balaramapuram,35.12,Vizhinjam International Seaport,39.89,ICD Thiruvananthapuram,19.98,Petrapole ICP,2016.9,Trivandrum International Airport (TRV),27.88,MMLP Coimbatore,255.68,Kollam Terminal,42.35,FCI Depot Kochi,154.92,Thiruvananthapuram Toll Plaza,40.85
Nellanad,Thiruvananthapuram,601,628479,village,66,7.94,Bangalore-Mysore Road,408.4,MURUKKAMPUZHA,12.15,Balaramapuram,33.82,Vizhinjam International Seaport,36.98,ICD Thiruvananthapuram,16.87,Petrapole ICP,2023.43,Trivandrum International Airport (TRV),23.77,MMLP Coimbatore,259.64,Kollam Terminal,39.38,FCI Depot Kochi,155.65,Thiruvananthapuram Toll Plaza,40.02
Manikkal,Thiruvananthapuram,601,628490,village,66,9.87,Bangalore-Mysore Road,412.91,KANIYAPURAM,11.52,Balaramapuram,28.53,Vizhinjam International Seaport,32.09,ICD Thiruvananthapuram,11.93,Petrapole ICP,2025.02,Trivandrum International Airport (TRV),19.45,MMLP Coimbatore,263.9,Kollam Terminal,44.48,FCI Depot Kochi,160.92,Thiruvananthapuram Toll Plaza,34.69
Koliyakode,Thiruvananthapuram,601,628489,village,66,6.4,Bangalore-Mysore Road,413.24,KANIYAPURAM,8.75,Balaramapuram,29.82,Vizhinjam International Seaport,32.36,ICD Thiruvananthapuram,12.44,Petrapole ICP,2027.51,Trivandrum International Airport (TRV),18.95,MMLP Coimbatore,264.51,Kollam Terminal,42.15,FCI Depot Kochi,159.88,Thiruvananthapuram Toll Plaza,36.15
Venganoor (CT),Thiruvananthapuram,601,628518,village,66,1.67,Bangalore-Mysore Road,441.75,NEMEM,5.89,Balaramapuram,5.96,Vizhinjam International Seaport,3.99,ICD Thiruvananthapuram,17.64,Petrapole ICP,2043.14,Trivandrum International Airport (TRV),13.06,MMLP Coimbatore,292.22,Kollam Terminal,70.3,FCI Depot Kochi,189.9,Thiruvananthapuram Toll Plaza,10.06
Thiruvallam,Thiruvananthapuram,601,913471,village,66,0.23,Bangalore-Mysore Road,438.93,NEMEM,6.08,Balaramapuram,9.71,Vizhinjam International Seaport,6.16,ICD Thiruvananthapuram,14.15,Petrapole ICP,2043.8,Trivandrum International Airport (TRV),8.14,MMLP Coimbatore,289.71,Kollam Terminal,65.56,FCI Depot Kochi,185.74,Thiruvananthapuram Toll Plaza,15.02
Kalliyoor (CT),Thiruvananthapuram,601,628517,village,66,3.57,Bangalore-Mysore Road,438.34,NEMEM,2.94,Balaramapuram,6.15,Vizhinjam International Seaport,6.72,ICD Thiruvananthapuram,14.17,Petrapole ICP,2041.03,Trivandrum International Airport (TRV),10.19,MMLP Coimbatore,288.87,Kollam Terminal,67.06,FCI Depot Kochi,186.45,Thiruvananthapuram Toll Plaza,11.93
Nemom,Thiruvananthapuram,601,913464,village,66,4.57,Bangalore-Mysore Road,434.74,NEMEM,2.58,Balaramapuram,8.0,Vizhinjam International Seaport,10.15,ICD Thiruvananthapuram,10.56,Petrapole ICP,2038.66,Trivandrum International Airport (TRV),7.92,MMLP Coimbatore,285.31,Kollam Terminal,63.79,FCI Depot Kochi,182.88,Thiruvananthapuram Toll Plaza,14.41
Manacaud,Thiruvananthapuram,601,913462,village,66,1.85,Bangalore-Mysore Road,434.8,TRIVANDRUM CENTRAL,3.02,Balaramapuram,10.74,Vizhinjam International Seaport,10.2,ICD Thiruvananthapuram,10.02,Petrapole ICP,2040.73,Trivandrum International Airport (TRV),5.1,MMLP Coimbatore,285.6,Kollam Terminal,62.03,FCI Depot Kochi,181.82,Thiruvananthapuram Toll Plaza,16.93
Muttathara,Thiruvananthapuram,601,913463,village,66,0.38,Bangalore-Mysore Road,435.18,TRIVANDRUM CENTRAL,3.59,Balaramapuram,12.79,Vizhinjam International Seaport,10.56,ICD Thiruvananthapuram,10.55,Petrapole ICP,2042.51,Trivandrum International Airport (TRV),3.64,MMLP Coimbatore,286.14,Kollam Terminal,61.07,FCI Depot Kochi,181.36,Thiruvananthapuram Toll Plaza,18.77
Thirumala,Thiruvananthapuram,601,913470,village,66,6.15,Bangalore-Mysore Road,431.69,TRIVANDRUM CENTRAL,4.18,Balaramapuram,9.86,Vizhinjam International Seaport,13.2,ICD Thiruvananthapuram,7.85,Petrapole ICP,2036.2,Trivandrum International Airport (TRV),7.7,MMLP Coimbatore,282.26,Kollam Terminal,61.49,FCI Depot Kochi,180.13,Thiruvananthapuram Toll Plaza,16.35
Sasthamangalam,Thiruvananthapuram,601,913469,village,66,5.51,Bangalore-Mysore Road,429.8,TRIVANDRUM CENTRAL,3.5,Balaramapuram,12.18,Vizhinjam International Seaport,15.01,ICD Thiruvananthapuram,5.55,Petrapole ICP,2035.64,Trivandrum International Airport (TRV),6.75,MMLP Coimbatore,280.47,Kollam Terminal,59.16,FCI Depot Kochi,177.86,Thiruvananthapuram Toll Plaza,18.67
Thycaud,Thiruvananthapuram,601,913472,village,66,3.21,Bangalore-Mysore Road,431.04,TRIVANDRUM CENTRAL,1.2,Balaramapuram,12.7,Vizhinjam International Seaport,13.9,ICD Thiruvananthapuram,6.27,Petrapole ICP,2037.86,Trivandrum International Airport (TRV),4.51,MMLP Coimbatore,281.85,Kollam Terminal,58.97,FCI Depot Kochi,178.31,Thiruvananthapuram Toll Plaza,19.17
Vanchiyoor,Thiruvananthapuram,601,913475,village,66,1.6,Bangalore-Mysore Road,430.99,TRIVANDRUM PETTAI,0.99,Balaramapuram,14.33,Vizhinjam International Seaport,14.38,ICD Thiruvananthapuram,6.38,Petrapole ICP,2039.09,Trivandrum International Airport (TRV),2.66,MMLP Coimbatore,281.94,Kollam Terminal,57.77,FCI Depot Kochi,177.55,Thiruvananthapuram Toll Plaza,20.74
Pettah,Thiruvananthapuram,601,913468,village,66,0.67,Bangalore-Mysore Road,432.39,TRIVANDRUM PETTAI,1.73,Balaramapuram,15.18,Vizhinjam International Seaport,13.7,ICD Thiruvananthapuram,8.28,Petrapole ICP,2041.32,Trivandrum International Airport (TRV),0.63,MMLP Coimbatore,283.48,Kollam Terminal,57.93,FCI Depot Kochi,178.24,Thiruvananthapuram Toll Plaza,21.41
"Kadakampalli
",Thiruvananthapuram,601,913458,village,66,0.02,Bangalore-Mysore Road,429.62,KOCHUVELI,1.7,Balaramapuram,17.83,Vizhinjam International Seaport,16.84,ICD Thiruvananthapuram,6.78,Petrapole ICP,2040.13,Trivandrum International Airport (TRV),2.7,MMLP Coimbatore,280.84,Kollam Terminal,54.79,FCI Depot Kochi,175.12,Thiruvananthapuram Toll Plaza,24.19
"Pattam
",Thiruvananthapuram,601,913465,village,66,2.84,Bangalore-Mysore Road,428.45,TRIVANDRUM PETTAI,2.46,Balaramapuram,16.25,Vizhinjam International Seaport,16.95,ICD Thiruvananthapuram,4.16,Petrapole ICP,2037.45,Trivandrum International Airport (TRV),4.17,MMLP Coimbatore,279.45,Kollam Terminal,55.43,FCI Depot Kochi,175.01,Thiruvananthapuram Toll Plaza,22.73
Kawdiar,Thiruvananthapuram,601,913459,village,66,4.68,Bangalore-Mysore Road,427.82,TRIVANDRUM PETTAI,3.86,Balaramapuram,15.33,Vizhinjam International Seaport,17.17,ICD Thiruvananthapuram,3.03,Petrapole ICP,2035.76,Trivandrum International Airport (TRV),5.76,MMLP Coimbatore,278.68,Kollam Terminal,56.06,FCI Depot Kochi,175.11,Thiruvananthapuram Toll Plaza,21.82
Vattiyoorkavu (CT),Thiruvananthapuram,601,628516,village,66,8.84,Bangalore-Mysore Road,428.17,TRIVANDRUM CENTRAL,6.82,Balaramapuram,12.02,Vizhinjam International Seaport,16.91,ICD Thiruvananthapuram,6.26,Petrapole ICP,2032.52,Trivandrum International Airport (TRV),10.04,MMLP Coimbatore,278.64,Kollam Terminal,59.76,FCI Depot Kochi,177.43,Thiruvananthapuram Toll Plaza,18.28
Peroorkada,Thiruvananthapuram,601,913467,village,66,8.07,Bangalore-Mysore Road,426.77,TRIVANDRUM CENTRAL,6.38,Balaramapuram,14.12,Vizhinjam International Seaport,18.07,ICD Thiruvananthapuram,3.92,Petrapole ICP,2032.69,Trivandrum International Airport (TRV),9.07,MMLP Coimbatore,277.38,Kollam Terminal,57.47,FCI Depot Kochi,175.43,Thiruvananthapuram Toll Plaza,20.47
Kudappanakkunnu (CT),Thiruvananthapuram,601,628515,village,66,7.08,Bangalore-Mysore Road,425.22,TRIVANDRUM PETTAI,6.55,Balaramapuram,16.79,Vizhinjam International Seaport,19.66,ICD Thiruvananthapuram,0.92,Petrapole ICP,2033.17,Trivandrum International Airport (TRV),8.4,MMLP Coimbatore,276.01,Kollam Terminal,54.62,FCI Depot Kochi,173.03,Thiruvananthapuram Toll Plaza,23.22
Ulloor,Thiruvananthapuram,601,913474,village,66,5.15,Bangalore-Mysore Road,424.69,KOCHUVELI,5.91,Balaramapuram,19.07,Vizhinjam International Seaport,20.65,ICD Thiruvananthapuram,2.22,Petrapole ICP,2034.73,Trivandrum International Airport (TRV),7.65,MMLP Coimbatore,275.72,Kollam Terminal,52.29,FCI Depot Kochi,171.42,Thiruvananthapuram Toll Plaza,25.56
Cheruvackal,Thiruvananthapuram,601,913457,village,66,2.34,Bangalore-Mysore Road,426.5,KOCHUVELI,3.13,Balaramapuram,19.35,Vizhinjam International Seaport,19.56,ICD Thiruvananthapuram,4.7,Petrapole ICP,2037.49,Trivandrum International Airport (TRV),5.69,MMLP Coimbatore,277.7,Kollam Terminal,52.44,FCI Depot Kochi,172.33,Thiruvananthapuram Toll Plaza,25.83
Attipra,Thiruvananthapuram,601,913456,village,66,0.06,Bangalore-Mysore Road,425.95,VELI,1.44,Balaramapuram,22.46,Vizhinjam International Seaport,21.55,ICD Thiruvananthapuram,7.95,Petrapole ICP,2039.29,Trivandrum International Airport (TRV),7.42,MMLP Coimbatore,277.44,Kollam Terminal,50.01,FCI Depot Kochi,170.59,Thiruvananthapuram Toll Plaza,28.88
Pangappara,Thiruvananthapuram,601,913466,village,66,2.98,Bangalore-Mysore Road,423.11,KAZHAKUTTAM,3.48,Balaramapuram,22.25,Vizhinjam International Seaport,23.02,ICD Thiruvananthapuram,5.45,Petrapole ICP,2035.41,Trivandrum International Airport (TRV),9.16,MMLP Coimbatore,274.39,Kollam Terminal,49.22,FCI Depot Kochi,168.87,Thiruvananthapuram Toll Plaza,28.75
Uliyazhathura (CT),Thiruvananthapuram,601,628513,village,66,5.4,Bangalore-Mysore Road,420.91,KAZHAKUTTAM,6.18,Balaramapuram,22.53,Vizhinjam International Seaport,24.52,ICD Thiruvananthapuram,4.92,Petrapole ICP,2032.35,Trivandrum International Airport (TRV),11.29,MMLP Coimbatore,272.02,Kollam Terminal,48.85,FCI Depot Kochi,167.6,Thiruvananthapuram Toll Plaza,28.98
Ayiroopara (CT),Thiruvananthapuram,601,628512,village,66,4.03,Bangalore-Mysore Road,419.03,KANIYAPURAM,4.84,Balaramapuram,25.59,Vizhinjam International Seaport,27.03,ICD Thiruvananthapuram,8.04,Petrapole ICP,2032.55,Trivandrum International Airport (TRV),13.26,MMLP Coimbatore,270.36,Kollam Terminal,45.75,FCI Depot Kochi,164.91,Thiruvananthapuram Toll Plaza,32.06
Menamkulam(CT),Thiruvananthapuram,601,628509,village,66,1.99,Bangalore-Mysore Road,422.15,KANIYAPURAM,2.27,Balaramapuram,27.12,Vizhinjam International Seaport,26.35,ICD Thiruvananthapuram,11.13,Petrapole ICP,2038.23,Trivandrum International Airport (TRV),12.24,MMLP Coimbatore,273.92,Kollam Terminal,45.19,FCI Depot Kochi,165.99,Thiruvananthapuram Toll Plaza,33.58
Kadinamkulam(CT),Thiruvananthapuram,601,628505,village,66,3.89,Bangalore-Mysore Road,417.92,MURUKKAMPUZHA,1.73,Balaramapuram,32.55,Vizhinjam International Seaport,31.84,ICD Thiruvananthapuram,15.91,Petrapole ICP,2037.18,Trivandrum International Airport (TRV),17.78,MMLP Coimbatore,270.04,Kollam Terminal,39.69,FCI Depot Kochi,160.79,Thiruvananthapuram Toll Plaza,39.03
Pallipuram (CT),Thiruvananthapuram,601,628511,village,66,0.23,Bangalore-Mysore Road,418.5,KANIYAPURAM,1.42,Balaramapuram,29.32,Vizhinjam International Seaport,29.42,ICD Thiruvananthapuram,12.28,Petrapole ICP,2035.26,Trivandrum International Airport (TRV),15.26,MMLP Coimbatore,270.27,Kollam Terminal,42.31,FCI Depot Kochi,162.64,Thiruvananthapuram Toll Plaza,35.82
Veiloor (CT),Thiruvananthapuram,601,628510,village,66,1.23,Bangalore-Mysore Road,415.45,MURUKKAMPUZHA,1.62,Balaramapuram,32.6,Vizhinjam International Seaport,32.86,ICD Thiruvananthapuram,15.3,Petrapole ICP,2033.9,Trivandrum International Airport (TRV),18.7,MMLP Coimbatore,267.38,Kollam Terminal,38.91,FCI Depot Kochi,159.23,Thiruvananthapuram Toll Plaza,39.09
Andoorkonam(CT),Thiruvananthapuram,601,628508,village,66,2.64,Bangalore-Mysore Road,417.22,KANIYAPURAM,4.03,Balaramapuram,28.09,Vizhinjam International Seaport,29.31,ICD Thiruvananthapuram,10.55,Petrapole ICP,2032.28,Trivandrum International Airport (TRV),15.36,MMLP Coimbatore,268.71,Kollam Terminal,43.25,FCI Depot Kochi,162.59,Thiruvananthapuram Toll Plaza,34.57
Melthonnakkal(CT),Thiruvananthapuram,601,628506,village,66,1.05,Bangalore-Mysore Road,413.75,MURUKKAMPUZHA,4.18,Balaramapuram,32.51,Vizhinjam International Seaport,33.54,ICD Thiruvananthapuram,14.95,Petrapole ICP,2031.33,Trivandrum International Airport (TRV),19.48,MMLP Coimbatore,265.5,Kollam Terminal,38.83,FCI Depot Kochi,158.36,Thiruvananthapuram Toll Plaza,38.98
Keezhthonnakkal(CT),Thiruvananthapuram,601,628507,village,66,3.02,Bangalore-Mysore Road,413.27,MURUKKAMPUZHA,5.93,Balaramapuram,31.7,Vizhinjam International Seaport,33.29,ICD Thiruvananthapuram,14.1,Petrapole ICP,2029.74,Trivandrum International Airport (TRV),19.39,MMLP Coimbatore,264.85,Kollam Terminal,39.75,FCI Depot Kochi,158.62,Thiruvananthapuram Toll Plaza,38.14
Azhoor (CT),Thiruvananthapuram,601,628478,village,66,3.27,Bangalore-Mysore Road,414.02,PERUNGUZHI,1.05,Balaramapuram,35.32,Vizhinjam International Seaport,35.28,ICD Thiruvananthapuram,18.09,Petrapole ICP,2034.3,Trivandrum International Airport (TRV),21.14,MMLP Coimbatore,266.19,Kollam Terminal,36.32,FCI Depot Kochi,157.04,Old Toll Booth,41.48
Sarkara-Chirayinkeezhu (CT),Thiruvananthapuram,601,628472,village,66,5.4,Bangalore-Mysore Road,412.06,CHIRAYINKIL,0.45,Balaramapuram,39.15,Vizhinjam International Seaport,38.75,ICD Thiruvananthapuram,22.0,Petrapole ICP,2034.88,Trivandrum International Airport (TRV),24.66,MMLP Coimbatore,264.58,Kollam Terminal,32.78,FCI Depot Kochi,154.03,Old Toll Booth,37.88
Kadakkavoor,Thiruvananthapuram,601,628471,village,66,6.34,Bangalore-Mysore Road,409.77,KADAKAVUR,0.72,Balaramapuram,42.4,Vizhinjam International Seaport,41.95,ICD Thiruvananthapuram,25.21,Petrapole ICP,2034.53,Trivandrum International Airport (TRV),27.89,MMLP Coimbatore,262.55,Kollam Terminal,29.6,FCI Depot Kochi,151.09,Old Toll Booth,34.67
Vakkom (CT),Thiruvananthapuram,601,628475,village,66,5.94,Bangalore-Mysore Road,407.92,AKATHUMURI,1.08,Balaramapuram,43.72,Vizhinjam International Seaport,43.53,ICD Thiruvananthapuram,26.39,Petrapole ICP,2033.13,Trivandrum International Airport (TRV),29.42,MMLP Coimbatore,260.72,Kollam Terminal,28.0,FCI Depot Kochi,149.32,Old Toll Booth,33.12
Keezhattingal (CT),Thiruvananthapuram,601,628474,village,66,2.88,Bangalore-Mysore Road,407.25,KADAKAVUR,3.16,Balaramapuram,42.08,Vizhinjam International Seaport,42.52,ICD Thiruvananthapuram,24.56,Petrapole ICP,2030.73,Trivandrum International Airport (TRV),28.36,MMLP Coimbatore,259.74,Kollam Terminal,29.29,FCI Depot Kochi,149.75,Old Toll Booth,34.52
Kizhuvilam- Koonthalloor (CT),Thiruvananthapuram,601,628476,village,66,2.31,Bangalore-Mysore Road,410.49,CHIRAYINKIL,2.72,Balaramapuram,38.33,Vizhinjam International Seaport,38.7,ICD Thiruvananthapuram,20.86,Petrapole ICP,2032.0,Trivandrum International Airport (TRV),24.54,MMLP Coimbatore,262.75,Kollam Terminal,33.08,FCI Depot Kochi,153.49,Old Toll Booth,38.29
Edakkode (CT),Thiruvananthapuram,601,628477,village,66,1.46,Bangalore-Mysore Road,410.11,PERUNGUZHI,6.58,Balaramapuram,35.66,Vizhinjam International Seaport,37.09,ICD Thiruvananthapuram,18.05,Petrapole ICP,2028.8,Trivandrum International Airport (TRV),23.08,MMLP Coimbatore,261.92,Kollam Terminal,35.82,FCI Depot Kochi,154.8,Old Toll Booth,41.12
Pulimath,Thiruvananthapuram,601,628462,village,66,10.52,Bangalore-Mysore Road,402.24,CHIRAYINKIL,16.66,Balaramapuram,39.33,Vizhinjam International Seaport,42.99,ICD Thiruvananthapuram,22.83,Petrapole ICP,2018.45,Trivandrum International Airport (TRV),29.93,MMLP Coimbatore,253.46,Kollam Terminal,36.22,FCI Depot Kochi,150.17,Old Toll Booth,41.47
Pazhayakunnummel,Thiruvananthapuram,601,628461,village,66,10.81,Bangalore-Mysore Road,398.19,AKATHUMURI,17.7,Balaramapuram,43.45,Vizhinjam International Seaport,47.13,ICD Thiruvananthapuram,26.98,Petrapole ICP,2015.97,Trivandrum International Airport (TRV),33.99,MMLP Coimbatore,249.52,Kollam Terminal,33.5,FCI Depot Kochi,146.1,Old Toll Booth,38.65
Kilimanoor,Thiruvananthapuram,601,628460,village,66,7.39,Bangalore-Mysore Road,397.61,AKATHUMURI,14.35,Balaramapuram,45.71,Vizhinjam International Seaport,48.59,ICD Thiruvananthapuram,28.64,Petrapole ICP,2018.34,Trivandrum International Airport (TRV),34.97,MMLP Coimbatore,249.36,Kollam Terminal,29.3,FCI Depot Kochi,143.77,Old Toll Booth,34.51
Cherunniyoor,Thiruvananthapuram,601,913837,village,66,5.68,Bangalore-Mysore Road,404.4,AKATHUMURI,2.49,Balaramapuram,46.64,Vizhinjam International Seaport,46.82,ICD Thiruvananthapuram,29.15,Petrapole ICP,2030.74,Trivandrum International Airport (TRV),32.68,MMLP Coimbatore,257.29,Kollam Terminal,24.8,FCI Depot Kochi,145.81,Old Toll Booth,29.99
Manamboor(CT),Thiruvananthapuram,601,628468,village,66,2.08,Bangalore-Mysore Road,404.43,AKATHUMURI,4.67,Balaramapuram,43.72,Vizhinjam International Seaport,44.66,ICD Thiruvananthapuram,26.12,Petrapole ICP,2028.05,Trivandrum International Airport (TRV),30.52,MMLP Coimbatore,256.85,Kollam Terminal,27.69,FCI Depot Kochi,147.38,Old Toll Booth,32.98
Ottoor(CT),Thiruvananthapuram,601,628466,village,66,2.27,Bangalore-Mysore Road,402.48,AKATHUMURI,5.01,Balaramapuram,46.2,Vizhinjam International Seaport,47.09,ICD Thiruvananthapuram,28.6,Petrapole ICP,2027.49,Trivandrum International Airport (TRV),32.94,MMLP Coimbatore,255.08,Kollam Terminal,25.22,FCI Depot Kochi,145.0,Old Toll Booth,30.52
Varkala,Thiruvananthapuram,601,913451,village,66,8.06,Bangalore-Mysore Road,401.97,VARKALA,0.75,Balaramapuram,51.34,Vizhinjam International Seaport,51.18,ICD Thiruvananthapuram,33.91,Petrapole ICP,2031.42,Trivandrum International Airport (TRV),37.09,MMLP Coimbatore,255.36,Kollam Terminal,20.36,FCI Depot Kochi,142.08,Old Toll Booth,25.45
Edava(CT),Thiruvananthapuram,601,628452,village,66,8.68,Bangalore-Mysore Road,399.83,EDAVAI,0.12,Balaramapuram,54.31,Vizhinjam International Seaport,54.12,ICD Thiruvananthapuram,36.87,Petrapole ICP,2030.97,Trivandrum International Airport (TRV),40.04,MMLP Coimbatore,253.48,Kollam Terminal,17.45,FCI Depot Kochi,139.37,Old Toll Booth,22.5
Ayiroor (CT),Thiruvananthapuram,601,628453,village,66,5.06,Bangalore-Mysore Road,397.41,EDAVAI,3.65,Balaramapuram,54.1,Vizhinjam International Seaport,54.57,ICD Thiruvananthapuram,36.53,Petrapole ICP,2027.35,Trivandrum International Airport (TRV),40.42,MMLP Coimbatore,250.74,Kollam Terminal,17.24,FCI Depot Kochi,138.05,Old Toll Booth,22.52
Chemmaruthy(CT),Thiruvananthapuram,601,628454,village,66,3.83,Bangalore-Mysore Road,399.98,VARKALA,3.99,Balaramapuram,50.05,Vizhinjam International Seaport,50.73,ICD Thiruvananthapuram,32.46,Petrapole ICP,2027.39,Trivandrum International Airport (TRV),36.57,MMLP Coimbatore,252.92,Kollam Terminal,21.33,FCI Depot Kochi,141.59,Old Toll Booth,26.62
Navaikulam,Thiruvananthapuram,601,628455,village,66,0.09,Bangalore-Mysore Road,397.26,VARKALA,7.93,Balaramapuram,50.41,Vizhinjam International Seaport,51.83,ICD Thiruvananthapuram,32.83,Petrapole ICP,2023.46,Trivandrum International Airport (TRV),37.72,MMLP Coimbatore,249.89,Kollam Terminal,21.77,FCI Depot Kochi,140.11,Old Toll Booth,27.09
Kudavoor,Thiruvananthapuram,601,628458,village,66,2.97,Bangalore-Mysore Road,397.15,VARKALA,11.02,Balaramapuram,48.51,Vizhinjam International Seaport,50.54,ICD Thiruvananthapuram,31.06,Petrapole ICP,2021.14,Trivandrum International Airport (TRV),36.57,MMLP Coimbatore,249.4,Kollam Terminal,24.72,FCI Depot Kochi,141.38,Old Toll Booth,30.0
Madavoor,Thiruvananthapuram,601,628457,village,66,6.66,Bangalore-Mysore Road,394.04,VARKALA,14.67,Balaramapuram,50.03,Vizhinjam International Seaport,52.71,ICD Thiruvananthapuram,32.87,Petrapole ICP,2017.2,Trivandrum International Airport (TRV),38.95,MMLP Coimbatore,246.06,Kollam Terminal,25.5,FCI Depot Kochi,139.48,Old Toll Booth,30.62
Pallickal,Thiruvananthapuram,601,628456,village,66,5.64,Bangalore-Mysore Road,391.88,VARKALA,14.01,Balaramapuram,53.21,Vizhinjam International Seaport,55.6,ICD Thiruvananthapuram,35.92,Petrapole ICP,2017.22,Trivandrum International Airport (TRV),41.71,MMLP Coimbatore,244.19,Kollam Terminal,22.23,FCI Depot Kochi,136.42,Old Toll Booth,27.29
Kulathupuzha,Kollam,600,628394,village,744,9.29,Bangalore-Mysore Road,391.02,SENGOTTAI,16.04,Balaramapuram,51.15,Vizhinjam International Seaport,59.25,ICD Thiruvananthapuram,42.93,Petrapole ICP,1990.55,Trivandrum International Airport (TRV),51.19,MMLP Coimbatore,240.29,Kollam Terminal,60.29,FCI Depot Kochi,154.0,Thiruvananthapuram Toll Plaza,54.57
Aryankavu,Kollam,600,628393,village,744,4.69,Bangalore-Mysore Road,375.03,SENGOTTAI,13.57,Balaramapuram,65.99,Vizhinjam International Seaport,73.44,ICD Thiruvananthapuram,55.5,Petrapole ICP,1979.99,Trivandrum International Airport (TRV),63.82,MMLP Coimbatore,224.38,Kollam Terminal,58.32,FCI Depot Kochi,139.9,Old Toll Booth,61.85
Kareepra,Kollam,600,628414,village,744,4.62,Bangalore-Mysore Road,379.97,Ezhukone,4.6,Balaramapuram,67.79,Vizhinjam International Seaport,69.8,ICD Thiruvananthapuram,50.4,Petrapole ICP,2013.26,Trivandrum International Airport (TRV),55.75,MMLP Coimbatore,233.36,Kollam Terminal,13.41,FCI Depot Kochi,122.09,Old Toll Booth,16.75
Odanavattom,Kollam,600,628415,village,744,4.67,Bangalore-Mysore Road,378.85,Ezhukone,5.63,Balaramapuram,67.03,Vizhinjam International Seaport,69.53,ICD Thiruvananthapuram,49.83,Petrapole ICP,2010.21,Trivandrum International Airport (TRV),55.61,MMLP Coimbatore,231.82,Kollam Terminal,17.07,FCI Depot Kochi,122.5,Old Toll Booth,20.35
Ummannoor,Kollam,600,628416,village,744,5.8,Bangalore-Mysore Road,378.73,Kottarakara,7.03,Balaramapuram,64.71,Vizhinjam International Seaport,67.95,ICD Thiruvananthapuram,47.94,Petrapole ICP,2006.53,Trivandrum International Airport (TRV),54.32,MMLP Coimbatore,231.04,Kollam Terminal,22.53,FCI Depot Kochi,124.83,Old Toll Booth,26.01
Vettikkavala,Kollam,600,628411,village,744,3.24,Bangalore-Mysore Road,375.71,Kuri,6.15,Balaramapuram,67.01,Vizhinjam International Seaport,70.56,ICD Thiruvananthapuram,50.47,Petrapole ICP,2003.31,Trivandrum International Airport (TRV),57.05,MMLP Coimbatore,227.87,Kollam Terminal,24.79,FCI Depot Kochi,122.76,Old Toll Booth,27.83
Chakkuvarackal,Kollam,600,628410,village,744,4.12,Bangalore-Mysore Road,374.95,Auvaneeswaram,5.42,Balaramapuram,66.18,Vizhinjam International Seaport,70.4,ICD Thiruvananthapuram,50.24,Petrapole ICP,1999.46,Trivandrum International Airport (TRV),57.28,MMLP Coimbatore,226.57,Kollam Terminal,29.85,FCI Depot Kochi,124.48,Old Toll Booth,32.98
Melila (Part),Kollam,600,628409,village,744,1.27,Bangalore-Mysore Road,373.03,Kuri,3.78,Balaramapuram,68.99,Vizhinjam International Seaport,72.84,ICD Thiruvananthapuram,52.7,Petrapole ICP,2000.18,Trivandrum International Airport (TRV),59.48,MMLP Coimbatore,225.02,Kollam Terminal,27.37,FCI Depot Kochi,121.17,Old Toll Booth,30.08
Kottarakkara,Kollam,600,628430,village,744,0.85,Bangalore-Mysore Road,374.2,Kottarakara,1.07,Balaramapuram,70.43,Vizhinjam International Seaport,73.39,ICD Thiruvananthapuram,53.48,Petrapole ICP,2005.49,Trivandrum International Airport (TRV),59.6,MMLP Coimbatore,226.99,Kollam Terminal,20.66,FCI Depot Kochi,119.04,Old Toll Booth,23.09
Mylom,Kollam,600,628408,village,744,2.99,Bangalore-Mysore Road,369.67,Kuri,3.54,Balaramapuram,73.87,Vizhinjam International Seaport,77.24,ICD Thiruvananthapuram,57.2,Petrapole ICP,2000.82,Trivandrum International Airport (TRV),63.6,MMLP Coimbatore,222.27,Kollam Terminal,24.72,FCI Depot Kochi,115.83,Old Toll Booth,26.5
Kalayapuram,Kollam,600,628407,village,744,6.11,Bangalore-Mysore Road,366.58,Kuri,6.04,Balaramapuram,77.38,Vizhinjam International Seaport,80.67,ICD Thiruvananthapuram,60.66,Petrapole ICP,1999.51,Trivandrum International Airport (TRV),66.99,MMLP Coimbatore,219.41,Kollam Terminal,25.47,FCI Depot Kochi,112.29,Old Toll Booth,26.55
Adichanalloor (CT),Kollam,600,628447,village,66,0.0,Bangalore-Mysore Road,388.33,MAYYANAD,5.21,Balaramapuram,63.6,Vizhinjam International Seaport,64.42,ICD Thiruvananthapuram,46.0,Petrapole ICP,2022.62,Trivandrum International Airport (TRV),50.26,MMLP Coimbatore,242.23,Kollam Terminal,8.62,FCI Depot Kochi,128.14,Old Toll Booth,13.83
Pallimon,Kollam,600,628434,village,66,4.88,Bangalore-Mysore Road,383.6,Kundara,7.57,Balaramapuram,65.08,Vizhinjam International Seaport,66.76,ICD Thiruvananthapuram,47.58,Petrapole ICP,2016.5,Trivandrum International Airport (TRV),52.66,MMLP Coimbatore,237.04,Kollam Terminal,11.91,FCI Depot Kochi,125.18,Old Toll Booth,16.15
Nedumpana (CT),Kollam,600,628443,village,744,5.04,Bangalore-Mysore Road,382.56,Kundara,5.32,Balaramapuram,67.52,Vizhinjam International Seaport,68.93,ICD Thiruvananthapuram,49.98,Petrapole ICP,2017.41,Trivandrum International Airport (TRV),54.8,MMLP Coimbatore,236.37,Kollam Terminal,9.34,FCI Depot Kochi,123.16,Old Toll Booth,13.27
Thrikkovilvattom (CT),Kollam,600,628446,village,744,3.89,Bangalore-Mysore Road,383.99,Chandanattop Halt,4.03,Balaramapuram,68.35,Vizhinjam International Seaport,69.27,ICD Thiruvananthapuram,50.75,Petrapole ICP,2020.51,Trivandrum International Airport (TRV),55.11,MMLP Coimbatore,238.22,Kollam Terminal,5.87,FCI Depot Kochi,123.31,Old Toll Booth,10.24
Thazhuthala (CT),Kollam,600,628448,village,66,1.66,Bangalore-Mysore Road,386.41,IRAVIPURAM,5.07,Balaramapuram,66.47,Vizhinjam International Seaport,67.19,ICD Thiruvananthapuram,48.86,Petrapole ICP,2022.42,Trivandrum International Airport (TRV),53.03,MMLP Coimbatore,240.62,Kollam Terminal,5.96,FCI Depot Kochi,125.58,Old Toll Booth,11.04
Paravoor (CT),Kollam,600,628436,village,66,4.1,Bangalore-Mysore Road,392.33,PARAVUR,1.7,Balaramapuram,61.29,Vizhinjam International Seaport,61.6,ICD Thiruvananthapuram,43.72,Petrapole ICP,2026.44,Trivandrum International Airport (TRV),47.47,MMLP Coimbatore,246.34,Kollam Terminal,10.05,FCI Depot Kochi,131.53,Old Toll Booth,15.33
Mayyanad (CT),Kollam,600,628449,village,66,2.1,Bangalore-Mysore Road,390.31,MAYYANAD,1.08,Balaramapuram,64.7,Vizhinjam International Seaport,64.87,ICD Thiruvananthapuram,47.14,Petrapole ICP,2026.52,Trivandrum International Airport (TRV),50.76,MMLP Coimbatore,244.69,Kollam Terminal,6.67,FCI Depot Kochi,128.67,Old Toll Booth,11.89
Eravipuram (OG),Kollam,600,628374,village,66,2.25,Bangalore-Mysore Road,389.02,IRAVIPURAM,1.06,Balaramapuram,67.54,Vizhinjam International Seaport,67.53,ICD Thiruvananthapuram,50.01,Petrapole ICP,2027.14,Trivandrum International Airport (TRV),53.45,MMLP Coimbatore,243.79,Kollam Terminal,4.17,FCI Depot Kochi,126.55,Old Toll Booth,9.09
Mundakkal,Kollam,600,913835,village,66,3.34,Bangalore-Mysore Road,387.61,IRAVIPURAM,1.77,Balaramapuram,70.05,Vizhinjam International Seaport,69.94,ICD Thiruvananthapuram,52.53,Petrapole ICP,2027.28,Trivandrum International Airport (TRV),55.88,MMLP Coimbatore,242.7,Kollam Terminal,2.59,FCI Depot Kochi,124.54,Old Toll Booth,6.7
Vadakkevila,Kollam,600,913834,village,66,1.37,Bangalore-Mysore Road,386.07,IRAVIPURAM,2.0,Balaramapuram,70.17,Vizhinjam International Seaport,70.35,ICD Thiruvananthapuram,52.6,Petrapole ICP,2025.23,Trivandrum International Airport (TRV),56.24,MMLP Coimbatore,240.98,Kollam Terminal,1.18,FCI Depot Kochi,123.52,Old Toll Booth,6.45
Kilikollur,Kollam,600,913477,village,66,0.4,Bangalore-Mysore Road,384.06,Kilikollur,1.86,Balaramapuram,71.04,Vizhinjam International Seaport,71.48,ICD Thiruvananthapuram,53.44,Petrapole ICP,2023.1,Trivandrum International Airport (TRV),57.35,MMLP Coimbatore,238.87,Kollam Terminal,1.87,FCI Depot Kochi,121.92,Old Toll Booth,6.21
Kottamkara (CT),Kollam,600,628444,village,744,2.06,Bangalore-Mysore Road,382.37,Chandanattop Halt,2.22,Balaramapuram,70.15,Vizhinjam International Seaport,71.1,ICD Thiruvananthapuram,52.55,Petrapole ICP,2019.75,Trivandrum International Airport (TRV),56.94,MMLP Coimbatore,236.73,Kollam Terminal,5.6,FCI Depot Kochi,121.49,Old Toll Booth,9.18
Mangad,Kollam,600,913833,village,66,0.74,Bangalore-Mysore Road,382.37,Kilikollur,1.22,Balaramapuram,72.77,Vizhinjam International Seaport,73.28,ICD Thiruvananthapuram,55.17,Petrapole ICP,2022.18,Trivandrum International Airport (TRV),59.14,MMLP Coimbatore,237.3,Kollam Terminal,2.86,FCI Depot Kochi,120.08,Old Toll Booth,5.14
Kollam,Kollam,600,913829,village,66,2.87,Bangalore-Mysore Road,384.77,KOLLAM JN,1.44,Balaramapuram,73.58,Vizhinjam International Seaport,73.52,ICD Thiruvananthapuram,56.05,Petrapole ICP,2026.28,Trivandrum International Airport (TRV),59.45,MMLP Coimbatore,240.2,Kollam Terminal,2.86,FCI Depot Kochi,121.16,Old Toll Booth,3.15
Sakthikulangara,Kollam,600,913832,village,66,1.14,Bangalore-Mysore Road,382.77,KOLLAM JN,5.78,Balaramapuram,77.83,Vizhinjam International Seaport,77.57,ICD Thiruvananthapuram,60.33,Petrapole ICP,2026.98,Trivandrum International Airport (TRV),63.55,MMLP Coimbatore,238.82,Kollam Terminal,7.17,FCI Depot Kochi,118.05,Old Toll Booth,2.57
Thrikkadavoor (CT),Kollam,600,628445,village,66,0.34,Bangalore-Mysore Road,382.25,KOLLAM JN,3.82,Balaramapuram,75.55,Vizhinjam International Seaport,75.67,ICD Thiruvananthapuram,57.98,Petrapole ICP,2024.41,Trivandrum International Airport (TRV),61.58,MMLP Coimbatore,237.76,Kollam Terminal,4.21,FCI Depot Kochi,118.69,Old Toll Booth,1.24
Thrikkaruva (CT),Kollam,600,628439,village,183,2.3,Bangalore-Mysore Road,378.6,PERINAD,2.78,Balaramapuram,77.57,Vizhinjam International Seaport,78.08,ICD Thiruvananthapuram,59.97,Petrapole ICP,2020.92,Trivandrum International Airport (TRV),63.94,MMLP Coimbatore,234.01,Kollam Terminal,6.86,FCI Depot Kochi,115.53,Old Toll Booth,4.01
Panayam (CT),Kollam,600,628440,village,183,1.44,Bangalore-Mysore Road,378.33,PERINAD,0.64,Balaramapuram,76.01,Vizhinjam International Seaport,76.81,ICD Thiruvananthapuram,58.4,Petrapole ICP,2019.1,Trivandrum International Airport (TRV),62.65,MMLP Coimbatore,233.34,Kollam Terminal,6.8,FCI Depot Kochi,116.19,Old Toll Booth,6.06
Perinad (CT),Kollam,600,628441,village,183,0.44,Bangalore-Mysore Road,378.33,Chandanattop Halt,2.34,Balaramapuram,74.09,Vizhinjam International Seaport,75.21,ICD Thiruvananthapuram,56.51,Petrapole ICP,2017.28,Trivandrum International Airport (TRV),61.05,MMLP Coimbatore,232.91,Kollam Terminal,7.67,FCI Depot Kochi,117.27,Old Toll Booth,8.68
Elampalloor (CT),Kollam,600,628442,village,744,0.98,Bangalore-Mysore Road,378.61,Kundara,1.08,Balaramapuram,71.65,Vizhinjam International Seaport,73.16,ICD Thiruvananthapuram,54.13,Petrapole ICP,2015.23,Trivandrum International Airport (TRV),59.03,MMLP Coimbatore,232.66,Kollam Terminal,9.83,FCI Depot Kochi,118.91,Old Toll Booth,12.11
Mulavana (CT),Kollam,600,628433,village,183,1.44,Bangalore-Mysore Road,375.24,Kundara East,1.48,Balaramapuram,74.17,Vizhinjam International Seaport,75.96,ICD Thiruvananthapuram,56.72,Petrapole ICP,2012.27,Trivandrum International Airport (TRV),61.86,MMLP Coimbatore,229.26,Kollam Terminal,12.59,FCI Depot Kochi,115.98,Old Toll Booth,13.82
East Kallada (CT),Kollam,600,628432,village,183,0.46,Bangalore-Mysore Road,372.36,MUNROTURUTTU,4.78,Balaramapuram,78.52,Vizhinjam International Seaport,80.11,ICD Thiruvananthapuram,61.02,Petrapole ICP,2012.12,Trivandrum International Airport (TRV),65.98,MMLP Coimbatore,226.9,Kollam Terminal,13.44,FCI Depot Kochi,111.97,Old Toll Booth,12.84
Mundrothuruth (CT),Kollam,600,628431,village,183,5.91,Bangalore-Mysore Road,374.01,MUNROTURUTTU,0.91,Balaramapuram,80.47,Vizhinjam International Seaport,81.41,ICD Thiruvananthapuram,62.88,Petrapole ICP,2016.71,Trivandrum International Airport (TRV),67.25,MMLP Coimbatore,229.34,Kollam Terminal,11.17,FCI Depot Kochi,111.52,Old Toll Booth,8.53
Kallelibhagom (CT),Kollam,600,628367,village,66,2.25,Bangalore-Mysore Road,367.44,KARUNAGAPALLI,2.0,Balaramapuram,89.06,Vizhinjam International Seaport,89.93,ICD Thiruvananthapuram,71.46,Petrapole ICP,2014.69,Trivandrum International Airport (TRV),75.78,MMLP Coimbatore,223.73,Kayamkulam Terminal,15.36,FCI Depot Kochi,103.45,Kollam Toll Plaza,9.6
Karunagappally,Kollam,600,628368,village,66,1.41,Bangalore-Mysore Road,366.57,KARUNAGAPALLI,2.43,Balaramapuram,92.19,Vizhinjam International Seaport,92.81,ICD Thiruvananthapuram,74.58,Petrapole ICP,2016.18,Trivandrum International Airport (TRV),78.67,MMLP Coimbatore,223.51,Kayamkulam Terminal,13.27,FCI Depot Kochi,101.39,Kollam Toll Plaza,7.53
Adinad (CT),Kollam,600,628365,village,66,2.05,Bangalore-Mysore Road,365.56,KARUNAGAPALLI,3.25,Balaramapuram,93.51,Vizhinjam International Seaport,94.13,ICD Thiruvananthapuram,75.91,Petrapole ICP,2015.85,Trivandrum International Airport (TRV),79.99,MMLP Coimbatore,222.66,Kayamkulam Terminal,12.11,FCI Depot Kochi,100.16,Kollam Toll Plaza,6.45
Alappad (CT),Kollam,600,628357,village,66,4.1,Bangalore-Mysore Road,365.0,KARUNAGAPALLI,5.8,Balaramapuram,95.63,Vizhinjam International Seaport,96.08,ICD Thiruvananthapuram,78.02,Petrapole ICP,2016.83,Trivandrum International Airport (TRV),81.96,MMLP Coimbatore,222.55,Kayamkulam Terminal,11.34,FCI Depot Kochi,98.86,Kollam Toll Plaza,6.3
Clappana (CT),Kollam,600,628358,village,66,2.54,Bangalore-Mysore Road,361.32,OCHIRA,4.14,Balaramapuram,98.21,Vizhinjam International Seaport,98.92,ICD Thiruvananthapuram,80.61,Petrapole ICP,2013.72,Trivandrum International Airport (TRV),84.77,MMLP Coimbatore,218.9,Kayamkulam Terminal,7.66,FCI Depot Kochi,95.41,Kollam Toll Plaza,3.03
Oachira (CT),Kollam,600,628363,village,66,1.1,Bangalore-Mysore Road,360.06,OCHIRA,1.5,Balaramapuram,96.85,Vizhinjam International Seaport,97.91,ICD Thiruvananthapuram,79.28,Petrapole ICP,2010.65,Trivandrum International Airport (TRV),83.75,MMLP Coimbatore,217.03,Kayamkulam Terminal,7.27,FCI Depot Kochi,95.38,Kollam Toll Plaza,1.73
Kulasekharapuram (CT),Kollam,600,628364,village,66,1.33,Bangalore-Mysore Road,363.22,KARUNAGAPALLI,4.46,Balaramapuram,95.44,Vizhinjam International Seaport,96.18,ICD Thiruvananthapuram,77.84,Petrapole ICP,2014.1,Trivandrum International Airport (TRV),82.03,MMLP Coimbatore,220.41,Kayamkulam Terminal,9.76,FCI Depot Kochi,97.85,Kollam Toll Plaza,4.1
Pavumba,Kollam,600,628360,village,183,5.13,Bangalore-Mysore Road,360.76,KARUNAGAPALLI,6.75,Balaramapuram,92.55,Vizhinjam International Seaport,94.08,ICD Thiruvananthapuram,75.06,Petrapole ICP,2007.6,Trivandrum International Airport (TRV),79.94,MMLP Coimbatore,216.67,Kayamkulam Terminal,11.89,FCI Depot Kochi,98.24,Kollam Toll Plaza,7.75
Thodiyoor (CT),Kollam,600,628366,village,66,3.25,Bangalore-Mysore Road,364.53,KARUNAGAPALLI,2.49,Balaramapuram,90.91,Vizhinjam International Seaport,92.02,ICD Thiruvananthapuram,73.34,Petrapole ICP,2011.96,Trivandrum International Airport (TRV),77.86,MMLP Coimbatore,220.75,Kayamkulam Terminal,13.13,FCI Depot Kochi,100.93,Kollam Toll Plaza,7.63
Thazhava (CT),Kollam,600,628359,village,66,2.85,Bangalore-Mysore Road,362.37,KARUNAGAPALLI,3.72,Balaramapuram,93.36,Vizhinjam International Seaport,94.51,ICD Thiruvananthapuram,75.8,Petrapole ICP,2010.95,Trivandrum International Airport (TRV),80.35,MMLP Coimbatore,218.83,Kayamkulam Terminal,10.65,FCI Depot Kochi,98.47,Kollam Toll Plaza,5.26
Enathu,Pathanamthitta,599,628356,village,183A,5.32,Bangalore-Mysore Road,362.29,Kuri,9.77,Balaramapuram,81.84,Vizhinjam International Seaport,85.15,ICD Thiruvananthapuram,65.15,Petrapole ICP,1997.0,Trivandrum International Airport (TRV),71.46,MMLP Coimbatore,215.32,Kollam Terminal,27.89,FCI Depot Kochi,107.89,Kollam Toll Plaza,26.99
Kadampanadu,Pathanamthitta,599,628355,village,183A,1.91,Bangalore-Mysore Road,361.71,Kottarakara,12.95,Balaramapuram,84.44,Vizhinjam International Seaport,87.25,ICD Thiruvananthapuram,67.43,Petrapole ICP,1999.73,Trivandrum International Airport (TRV),73.37,MMLP Coimbatore,215.44,Kayamkulam Terminal,24.93,FCI Depot Kochi,105.02,Kollam Toll Plaza,21.89
Erathu,Pathanamthitta,599,628352,village,183A,1.53,Bangalore-Mysore Road,359.35,Kuri,13.63,Balaramapuram,85.52,Vizhinjam International Seaport,88.68,ICD Thiruvananthapuram,68.73,Petrapole ICP,1996.29,Trivandrum International Airport (TRV),74.92,MMLP Coimbatore,212.74,Kayamkulam Terminal,26.65,FCI Depot Kochi,104.12,Kollam Toll Plaza,24.21
Ezhamkulam,Pathanamthitta,599,628351,village,183A,3.77,Bangalore-Mysore Road,357.22,Kuri,13.11,Balaramapuram,85.86,Vizhinjam International Seaport,89.54,ICD Thiruvananthapuram,69.45,Petrapole ICP,1991.79,Trivandrum International Airport (TRV),76.0,MMLP Coimbatore,210.03,Kayamkulam Terminal,30.65,FCI Depot Kochi,104.49,Kollam Toll Plaza,28.71
Enadimangalam,Pathanamthitta,599,628350,village,183A,8.63,Bangalore-Mysore Road,359.34,Kuri,10.22,Balaramapuram,82.5,Vizhinjam International Seaport,86.57,ICD Thiruvananthapuram,66.41,Petrapole ICP,1990.62,Trivandrum International Airport (TRV),73.24,MMLP Coimbatore,211.59,Kollam Terminal,34.29,FCI Depot Kochi,108.56,Kollam Toll Plaza,33.12
Angadickal,Pathanamthitta,599,628347,village,183A,6.73,Bangalore-Mysore Road,353.1,Kuri,16.47,Balaramapuram,88.68,Vizhinjam International Seaport,92.82,ICD Thiruvananthapuram,72.67,Petrapole ICP,1986.25,Trivandrum International Airport (TRV),79.52,MMLP Coimbatore,205.48,Kayamkulam Terminal,33.96,FCI Depot Kochi,102.93,Kollam Toll Plaza,32.76
Kodumon,Pathanamthitta,599,628346,village,183A,2.86,Bangalore-Mysore Road,352.68,Kuri,17.49,Balaramapuram,90.21,Vizhinjam International Seaport,94.0,ICD Thiruvananthapuram,73.88,Petrapole ICP,1988.4,Trivandrum International Airport (TRV),80.49,MMLP Coimbatore,205.56,Kayamkulam Terminal,30.09,FCI Depot Kochi,100.51,Kollam Toll Plaza,29.02
Pandalam Thekkekara,Pathanamthitta,599,628345,village,183A,0.62,Bangalore-Mysore Road,350.92,CHERIYANAD,19.04,Balaramapuram,93.03,Vizhinjam International Seaport,96.55,ICD Thiruvananthapuram,76.5,Petrapole ICP,1989.21,Trivandrum International Airport (TRV),82.91,MMLP Coimbatore,204.28,Kayamkulam Terminal,26.69,FCI Depot Kochi,97.21,Kollam Toll Plaza,26.07
Adoor,Pathanamthitta,599,913824,village,183A,0.8,Bangalore-Mysore Road,354.7,Kuri,16.39,Balaramapuram,89.07,Vizhinjam International Seaport,92.58,ICD Thiruvananthapuram,72.53,Petrapole ICP,1991.4,Trivandrum International Airport (TRV),78.96,MMLP Coimbatore,207.86,Kayamkulam Terminal,27.9,FCI Depot Kochi,101.07,Kollam Toll Plaza,26.45
Naranganam,Pathanamthitta,599,628332,village,183A,4.6,Bangalore-Mysore Road,338.36,CHENGANNUR,17.08,Balaramapuram,104.03,Cochin Port,92.6,ICD Thiruvananthapuram,87.96,Petrapole ICP,1977.68,Trivandrum International Airport (TRV),94.71,MMLP Coimbatore,191.44,Kayamkulam Terminal,32.75,FCI Depot Kochi,88.36,Kollam Toll Plaza,34.22
Elanthoor,Pathanamthitta,599,628327,village,183A,5.13,Bangalore-Mysore Road,340.38,CHENGANNUR,14.57,Balaramapuram,102.96,Cochin Port,92.6,ICD Thiruvananthapuram,86.65,Petrapole ICP,1981.06,Trivandrum International Airport (TRV),93.21,MMLP Coimbatore,193.86,Kayamkulam Terminal,29.3,FCI Depot Kochi,88.35,Kollam Toll Plaza,30.72
Kozhenchery (CT),Pathanamthitta,599,628342,village,183A,10.42,Bangalore-Mysore Road,335.06,CHENGANNUR,11.97,Balaramapuram,108.78,Cochin Port,86.87,ICD Kochi (Edappally),85.01,Petrapole ICP,1978.44,Cochin International Airport (COK),97.11,MMLP Coimbatore,188.96,Kayamkulam Terminal,29.95,FCI Depot Kochi,82.61,Kollam Toll Plaza,32.4
Mallapuzhassery (CT),Pathanamthitta,599,628326,village,183A,8.28,Bangalore-Mysore Road,338.49,CHENGANNUR,11.6,Balaramapuram,105.64,Cochin Port,89.52,ICD Kochi (Edappally),87.82,Petrapole ICP,1981.28,Trivandrum International Airport (TRV),95.64,MMLP Coimbatore,192.39,Kayamkulam Terminal,27.82,FCI Depot Kochi,85.26,Kollam Toll Plaza,29.82
Kidangannur,Pathanamthitta,599,628324,village,183,5.39,Bangalore-Mysore Road,339.52,CHENGANNUR,7.86,Balaramapuram,106.16,Cochin Port,88.18,ICD Kochi (Edappally),86.74,Petrapole ICP,1984.59,Trivandrum International Airport (TRV),95.66,MMLP Coimbatore,194.05,Kayamkulam Terminal,23.89,FCI Depot Kochi,83.92,Kollam Toll Plaza,26.23
Aranmula (CT),Pathanamthitta,599,628325,village,183,4.87,Bangalore-Mysore Road,337.03,CHENGANNUR,6.42,Balaramapuram,108.88,Cochin Port,85.49,ICD Kochi (Edappally),84.03,Petrapole ICP,1983.32,Cochin International Airport (COK),97.28,MMLP Coimbatore,191.78,Kayamkulam Terminal,24.54,FCI Depot Kochi,81.23,Kollam Toll Plaza,27.4
Puramattom,Pathanamthitta,599,628310,village,183,9.87,Bangalore-Mysore Road,327.85,TIRUVALLA,9.61,Balaramapuram,117.37,Cochin Port,77.94,ICD Kochi (Edappally),76.11,Petrapole ICP,1976.1,Cochin International Airport (COK),88.56,MMLP Coimbatore,182.73,Kayamkulam Terminal,31.36,FCI Depot Kochi,73.68,Kollam Toll Plaza,35.13
Thelliyoor,Pathanamthitta,599,628309,village,183,11.82,Bangalore-Mysore Road,328.95,TIRUVALLA,12.47,Balaramapuram,115.3,Cochin Port,80.58,ICD Kochi (Edappally),78.62,Petrapole ICP,1975.14,Cochin International Airport (COK),90.59,MMLP Coimbatore,183.32,Kayamkulam Terminal,32.35,FCI Depot Kochi,76.33,Kollam Toll Plaza,35.7
Perumpetty,Pathanamthitta,599,628307,village,183A,12.08,Bangalore-Mysore Road,326.35,TIRUVALLA,18.53,Balaramapuram,116.0,Cochin Port,82.25,ICD Kochi (Edappally),79.83,Petrapole ICP,1969.4,Cochin International Airport (COK),90.34,MMLP Coimbatore,179.79,Kayamkulam Terminal,38.34,FCI Depot Kochi,78.04,Kollam Toll Plaza,41.32
Kottangal,Pathanamthitta,599,628306,village,183,12.52,Bangalore-Mysore Road,322.6,TIRUVALLA,18.18,Balaramapuram,119.95,Cochin Port,78.59,ICD Kochi (Edappally),76.06,Petrapole ICP,1967.33,Cochin International Airport (COK),86.39,MMLP Coimbatore,176.3,Kayamkulam Terminal,40.13,FCI Depot Kochi,74.39,Kollam Toll Plaza,43.52
Ezhumattoor,Pathanamthitta,599,628308,village,183,15.27,Bangalore-Mysore Road,326.12,TIRUVALLA,14.98,Balaramapuram,117.26,Cochin Port,79.74,ICD Kochi (Edappally),77.52,Petrapole ICP,1971.53,Cochin International Airport (COK),88.74,MMLP Coimbatore,180.15,Kayamkulam Terminal,35.95,FCI Depot Kochi,75.51,Kollam Toll Plaza,39.31
Mallappally,Pathanamthitta,599,628304,village,183,11.39,Bangalore-Mysore Road,323.67,TIRUVALLA,11.07,Balaramapuram,121.24,Cochin Port,74.67,ICD Kochi (Edappally),72.65,Petrapole ICP,1972.77,Cochin International Airport (COK),84.65,MMLP Coimbatore,178.6,Kayamkulam Terminal,34.87,FCI Depot Kochi,70.43,Kollam Toll Plaza,38.89
Anicadu,Pathanamthitta,599,628305,village,183,10.75,Bangalore-Mysore Road,321.19,TIRUVALLA,13.13,Balaramapuram,123.28,Cochin Port,73.27,ICD Kochi (Edappally),71.08,Petrapole ICP,1970.31,Cochin International Airport (COK),82.62,MMLP Coimbatore,176.01,Kayamkulam Terminal,37.41,FCI Depot Kochi,69.04,Kollam Toll Plaza,41.49
Kallooppara,Pathanamthitta,599,628303,village,183,8.01,Bangalore-Mysore Road,326.37,TIRUVALLA,7.69,Balaramapuram,119.62,Cochin Port,75.35,ICD Kochi (Edappally),73.61,Petrapole ICP,1976.4,Cochin International Airport (COK),86.4,MMLP Coimbatore,181.7,Kayamkulam Terminal,31.29,FCI Depot Kochi,71.09,Kollam Toll Plaza,35.42
Kunnamthanam,Pathanamthitta,599,628302,village,183,6.66,Bangalore-Mysore Road,323.87,TIRUVALLA,6.35,Balaramapuram,123.43,Cochin Port,71.11,ICD Kochi (Edappally),69.52,Petrapole ICP,1976.72,Cochin International Airport (COK),82.86,MMLP Coimbatore,179.95,Kayamkulam Terminal,31.88,FCI Depot Kochi,66.85,Kollam Toll Plaza,36.51
Thottapuzhassery (CT),Pathanamthitta,599,628301,village,183,9.82,Bangalore-Mysore Road,333.31,CHENGANNUR,10.87,Balaramapuram,110.97,Cochin Port,84.5,ICD Kochi (Edappally),82.67,Petrapole ICP,1978.1,Cochin International Airport (COK),94.92,MMLP Coimbatore,187.5,Kayamkulam Terminal,29.78,FCI Depot Kochi,80.24,Kollam Toll Plaza,32.62
Koipuram,Pathanamthitta,599,628300,village,183,6.66,Bangalore-Mysore Road,333.3,CHENGANNUR,7.36,Balaramapuram,112.41,Cochin Port,82.24,ICD Kochi (Edappally),80.66,Petrapole ICP,1980.53,Cochin International Airport (COK),93.65,MMLP Coimbatore,188.14,Kayamkulam Terminal,26.98,FCI Depot Kochi,77.98,Kollam Toll Plaza,30.31
Eraviperoor (CT),Pathanamthitta,599,628299,village,183,3.8,Bangalore-Mysore Road,332.13,CHENGANNUR,5.49,Balaramapuram,115.26,Cochin Port,78.84,ICD Kochi (Edappally),77.5,Petrapole ICP,1982.32,Cochin International Airport (COK),91.24,MMLP Coimbatore,187.77,Kayamkulam Terminal,25.22,FCI Depot Kochi,74.58,Kollam Toll Plaza,29.25
Kaviyoor (CT),Pathanamthitta,599,628298,village,183,4.64,Bangalore-Mysore Road,327.2,TIRUVALLA,4.31,Balaramapuram,120.21,Cochin Port,74.1,ICD Kochi (Edappally),72.63,Petrapole ICP,1979.1,Cochin International Airport (COK),86.18,MMLP Coimbatore,183.14,Kayamkulam Terminal,29.0,FCI Depot Kochi,69.84,Kollam Toll Plaza,33.45
Kuttappuzha,Pathanamthitta,599,913822,village,183,0.86,Bangalore-Mysore Road,329.1,TIRUVALLA,0.54,Balaramapuram,119.94,Cochin Port,73.91,ICD Kochi (Edappally),72.75,Petrapole ICP,1982.59,Cochin International Airport (COK),87.12,MMLP Coimbatore,185.63,Kayamkulam Terminal,25.99,FCI Depot Kochi,69.65,Kollam Toll Plaza,30.74
Thiruvalla,Pathanamthitta,599,913821,village,183,0.88,Bangalore-Mysore Road,330.54,TIRUVALLA,1.7,Balaramapuram,119.45,Cochin Port,74.27,ICD Kochi (Edappally),73.29,Petrapole ICP,1984.74,Cochin International Airport (COK),88.1,MMLP Coimbatore,187.37,Kayamkulam Terminal,24.1,FCI Depot Kochi,70.02,Kollam Toll Plaza,29.0
Kuttoor (CT),Pathanamthitta,599,628297,village,183,0.49,Bangalore-Mysore Road,333.2,TIRUVALLA,3.95,Balaramapuram,116.28,Cochin Port,77.44,ICD Kochi (Edappally),76.45,Petrapole ICP,1985.84,Cochin International Airport (COK),91.11,MMLP Coimbatore,189.65,Kayamkulam Terminal,22.19,FCI Depot Kochi,73.2,Kollam Toll Plaza,26.77
Kavumbhagom (Part),Pathanamthitta,599,628296,village,183,1.09,Bangalore-Mysore Road,329.04,TIRUVALLA,2.72,Balaramapuram,121.52,Cochin Port,72.18,ICD Kochi (Edappally),71.27,Petrapole ICP,1984.46,Cochin International Airport (COK),86.27,MMLP Coimbatore,186.21,Kayamkulam Terminal,25.16,FCI Depot Kochi,67.94,Kollam Toll Plaza,30.26
Peringara (CT),Pathanamthitta,599,628295,village,183,3.28,Bangalore-Mysore Road,329.27,TIRUVALLA,5.58,Balaramapuram,122.75,Cochin Port,70.97,ICD Kochi (Edappally),70.28,Petrapole ICP,1986.34,Cochin International Airport (COK),85.87,MMLP Coimbatore,187.02,Kayamkulam Terminal,24.49,FCI Depot Kochi,66.74,Kollam Toll Plaza,29.85
Nedumpuram (CT),Pathanamthitta,599,628294,village,183,3.94,Bangalore-Mysore Road,332.23,TIRUVALLA,5.11,Balaramapuram,119.48,Cochin Port,74.25,ICD Kochi (Edappally),73.57,Petrapole ICP,1987.9,Cochin International Airport (COK),89.06,MMLP Coimbatore,189.63,Kayamkulam Terminal,21.75,FCI Depot Kochi,70.03,Kollam Toll Plaza,26.95
Kadapra (CT),Pathanamthitta,599,628293,village,183,5.02,Bangalore-Mysore Road,334.69,TIRUVALLA,6.81,Balaramapuram,117.35,Cochin Port,76.44,ICD Kochi (Edappally),75.85,Petrapole ICP,1989.86,Cochin International Airport (COK),91.48,MMLP Coimbatore,192.03,Kayamkulam Terminal,19.34,FCI Depot Kochi,72.22,Kollam Toll Plaza,24.5
Niranam,Pathanamthitta,599,628292,village,183,8.59,Bangalore-Mysore Road,335.19,HARIPPAD,8.53,Balaramapuram,119.03,Cochin Port,75.15,ICD Kochi (Edappally),74.87,Petrapole ICP,1992.56,Cochin International Airport (COK),91.23,MMLP Coimbatore,193.32,Kayamkulam Terminal,18.47,FCI Depot Kochi,70.97,Kollam Toll Plaza,24.03
Ayroor,Pathanamthitta,599,628317,village,183A,9.9,Bangalore-Mysore Road,331.6,CHENGANNUR,15.42,Balaramapuram,111.24,Cochin Port,85.66,ICD Kochi (Edappally),83.52,Petrapole ICP,1974.11,Cochin International Airport (COK),94.8,MMLP Coimbatore,185.14,Kayamkulam Terminal,34.12,FCI Depot Kochi,81.43,Kollam Toll Plaza,36.7
Choolissery (CT),Thrissur,594,627833,village,544,10.12,Bangalore-Mysore Road,202.85,MULANGUNNATHUKAVU,2.84,Balaramapuram,259.5,Cochin Port,69.64,ICD Kanjikode (Palakkad),51.07,Petrapole ICP,1909.26,Cochin International Airport (COK),53.82,MMLP Coimbatore,97.47,Kottapuram Terminal,42.9,FCI Depot Kochi,73.43,"Paliyekkara Toll, National Highway 47",17.82
Alakkode,Kannur,589,627190,village,66,19.74,Bangalore-Mysore Road,133.84,ELIMALA,27.49,New Makardhokda,103.23,New Mangalore Port,103.23,ICD Mangalore (Panambur),101.64,Petrapole ICP,1837.58,Mangaluru International Airport (IXE),102.6,MMLP Coimbatore,211.95,Kottapuram Terminal,238.1,FCI Depot Kozhikode,111.54,Kannur Toll Plaza,35.07
Edamalakkudy,Idukki,596,931673,village,85,17.23,Bangalore-Mysore Road,239.28,ANAIMALAI ROAD,46.22,Balaramapuram,202.37,Cochin Port,97.65,ICD Kanjikode (Palakkad),81.51,Petrapole ICP,1874.41,Cochin International Airport (COK),76.04,MMLP Coimbatore,87.94,Aluva Terminal,81.85,FCI Depot Coimbatore,87.94,Idukki Toll Plaza,20.32
Munnar,Idukki,596,931674,village,85,4.27,Bangalore-Mysore Road,252.34,ANAIMALAI ROAD,58.47,Balaramapuram,188.04,Cochin Port,88.48,ICD Kochi (Edappally),82.25,Petrapole ICP,1889.18,Cochin International Airport (COK),69.83,MMLP Coimbatore,101.44,Aluva Terminal,74.65,FCI Depot Kochi,86.91,Idukki Toll Plaza,10.01
Chittar,Pathanamthitta,599,628321,village,183A,0.92,Bangalore-Mysore Road,338.4,Punalur,35.8,Balaramapuram,100.95,Vizhinjam International Seaport,107.18,ICD Thiruvananthapuram,87.62,Petrapole ICP,1959.33,Trivandrum International Airport (TRV),95.52,MMLP Coimbatore,188.37,Kayamkulam Terminal,59.13,FCI Depot Kochi,106.34,Kollam Toll Plaza,59.34
Kedavur,Kozhikode,591,627406,village,766,3.31,Bangalore-Mysore Road,129.66,CHEMANCHERI,21.55,New Makardhokda,202.07,Cochin Port,168.65,ICD Kanjikode (Palakkad),104.54,Petrapole ICP,1859.93,Calicut International Airport (CCJ),34.18,MMLP Coimbatore,123.71,Kottapuram Terminal,141.73,FCI Depot Kozhikode,24.99,Kozhikode Toll Plaza,23.38
Erattayar,Idukki,596,916081,village,185,3.89,Bangalore-Mysore Road,285.21,ETTUMANUR,62.13,Balaramapuram,155.76,Cochin Port,94.46,ICD Kochi (Edappally),88.93,Petrapole ICP,1910.7,Cochin International Airport (COK),84.37,MMLP Coimbatore,134.19,Thanneermukkom Terminal,76.16,FCI Depot Kochi,91.59,Idukki Toll Plaza,26.52
Poovar,Thiruvananthapuram,601,916069,village,66,3.41,Bangalore-Mysore Road,450.96,DHANUVACHAPURAM,8.22,Balaramapuram,11.85,Vizhinjam International Seaport,11.15,ICD Thiruvananthapuram,28.58,Petrapole ICP,2045.76,Trivandrum International Airport (TRV),24.42,MMLP Coimbatore,301.01,Kollam Terminal,81.68,FCI Depot Kochi,200.89,Thiruvananthapuram Toll Plaza,7.61
Kazhakkoottam(OG),Thiruvananthapuram,601,628519,village,66,0.69,Bangalore-Mysore Road,420.6,KANIYAPURAM,1.92,Balaramapuram,26.46,Vizhinjam International Seaport,26.67,ICD Thiruvananthapuram,9.57,Petrapole ICP,2035.65,Trivandrum International Airport (TRV),12.54,MMLP Coimbatore,272.18,Kollam Terminal,45.15,FCI Depot Kochi,165.3,Thiruvananthapuram Toll Plaza,32.96
Pullut,Thrissur,594,913780,village,66,4.52,Bangalore-Mysore Road,240.52,CHALAKUDI,12.26,Balaramapuram,220.2,Cochin Port,29.28,ICD Kochi (Edappally),28.11,Petrapole ICP,1935.22,Cochin International Airport (COK),19.46,MMLP Coimbatore,118.12,Kottapuram Terminal,5.44,FCI Depot Kochi,32.94,Ernakulam Toll Plaza,14.52
Attingal-Avanavancherry,Thiruvananthapuram,601,913838,village,66,2.45,Bangalore-Mysore Road,407.46,CHIRAYINKIL,7.86,Balaramapuram,38.04,Vizhinjam International Seaport,39.7,ICD Thiruvananthapuram,20.46,Petrapole ICP,2027.01,Trivandrum International Airport (TRV),25.73,MMLP Coimbatore,259.32,Kollam Terminal,33.67,FCI Depot Kochi,152.19,Old Toll Booth,38.98
Elamba,Thiruvananthapuram,601,628469,village,66,4.19,Bangalore-Mysore Road,407.29,CHIRAYINKIL,9.54,Balaramapuram,37.17,Vizhinjam International Seaport,39.26,ICD Thiruvananthapuram,19.68,Petrapole ICP,2025.72,Trivandrum International Airport (TRV),25.43,MMLP Coimbatore,258.98,Kollam Terminal,34.91,FCI Depot Kochi,152.72,Old Toll Booth,40.23
Thumpamon,Pathanamthitta,599,916073,village,183A,3.87,Bangalore-Mysore Road,349.31,CHERIYANAD,15.61,Balaramapuram,95.64,Cochin Port,98.54,ICD Thiruvananthapuram,78.94,Petrapole ICP,1989.87,Trivandrum International Airport (TRV),85.19,MMLP Coimbatore,203.13,Kayamkulam Terminal,23.84,FCI Depot Kochi,94.28,Kollam Toll Plaza,23.74
Kulayettikkara (CT),Ernakulam,595,628005,village,85,12.69,Bangalore-Mysore Road,279.92,KANJIRAMITTAM,2.84,Balaramapuram,172.88,Cochin Port,24.17,ICD Kochi (Edappally),20.82,Petrapole ICP,1954.52,Cochin International Airport (COK),34.6,MMLP Coimbatore,143.19,Vaikom Terminal,13.5,FCI Depot Kochi,20.31,Toll Plaza Kumbalam,13.92
Keechery,Ernakulam,595,628006,village,66,10.6,Bangalore-Mysore Road,281.18,KANJIRAMITTAM,3.22,Balaramapuram,172.85,Cochin Port,22.97,ICD Kochi (Edappally),20.2,Petrapole ICP,1956.77,Cochin International Airport (COK),35.53,MMLP Coimbatore,145.07,Vaikom Terminal,12.02,FCI Depot Kochi,18.95,Toll Plaza Kumbalam,12.45
Thrikkadeeri-I,Palakkad,593,627581,village,966,12.6,Bangalore-Mysore Road,170.08,OTTAPPALAM,8.78,Balaramapuram,280.9,Cochin Port,99.3,ICD Kanjikode (Palakkad),27.19,Petrapole ICP,1874.71,Calicut International Airport (CCJ),54.9,MMLP Coimbatore,68.21,Kottapuram Terminal,74.18,FCI Depot Coimbatore,68.21,Panniyankara,30.47
Pookkottukavu,Palakkad,593,627581,village,966,11.55,Bangalore-Mysore Road,168.61,OTTAPPALAM,9.98,Balaramapuram,281.99,Cochin Port,100.74,ICD Kanjikode (Palakkad),26.8,Petrapole ICP,1873.2,Calicut International Airport (CCJ),54.75,MMLP Coimbatore,67.11,Kottapuram Terminal,75.67,FCI Depot Coimbatore,67.11,Panniyankara,31.49
Vettoor (CT),Thiruvananthapuram,601,628467,village,66,8.15,Bangalore-Mysore Road,405.44,AKATHUMURI,3.02,Balaramapuram,47.52,Vizhinjam International Seaport,47.21,ICD Thiruvananthapuram,30.19,Petrapole ICP,2032.96,Trivandrum International Airport (TRV),33.14,MMLP Coimbatore,258.58,Kollam Terminal,24.34,FCI Depot Kochi,146.01,Old Toll Booth,29.41
Thenmala,Kollam,600,628392,village,744,6.73,Bangalore-Mysore Road,371.99,Punalur,16.77,Balaramapuram,67.78,Vizhinjam International Seaport,74.62,ICD Thiruvananthapuram,55.81,Petrapole ICP,1981.94,Trivandrum International Airport (TRV),64.03,MMLP Coimbatore,221.7,Kollam Terminal,52.81,FCI Depot Kochi,133.99,Old Toll Booth,56.09
Poonjar Thekkekara,Kottayam,597,628136,village,183,9.3,Bangalore-Mysore Road,301.13,ETTUMANUR,35.3,Balaramapuram,138.36,Cochin Port,76.72,ICD Kochi (Edappally),72.39,Petrapole ICP,1940.99,Cochin International Airport (COK),75.77,MMLP Coimbatore,152.73,Thanneermukkom Terminal,49.87,FCI Depot Kochi,73.04,Ernakulam Toll Plaza,46.1
Thennala (CT),Malappuram,592,627556,village,66,0.54,Bangalore-Mysore Road,168.01,TANUR,8.24,New Makardhokda,244.94,Cochin Port,120.91,ICD Kanjikode (Palakkad),75.47,Petrapole ICP,1891.99,Calicut International Airport (CCJ),14.35,MMLP Coimbatore,110.51,Kottapuram Terminal,94.09,FCI Depot Kozhikode,33.54,Devadar Bridge Toll Booth,8.33
Kurumbalangodu,Malappuram,592,627472,village,766,27.0,Bangalore-Mysore Road,120.17,Nilambur Road,8.56,New Makardhokda,231.45,Cochin Port,154.72,ICD Kanjikode (Palakkad),74.46,Petrapole ICP,1842.91,Calicut International Airport (CCJ),38.65,MMLP Coimbatore,87.76,Kottapuram Terminal,128.31,FCI Depot Kozhikode,50.56,Malappuram Toll Plaza,51.23
Kadaplamattom,Kottayam,597,628130,village,183,14.25,Bangalore-Mysore Road,292.91,ETTUMANUR,7.1,Balaramapuram,152.98,Cochin Port,47.34,ICD Kochi (Edappally),43.85,Petrapole ICP,1953.72,Cochin International Airport (COK),53.01,MMLP Coimbatore,150.27,Thanneermukkom Terminal,20.38,FCI Depot Kochi,43.39,Toll Plaza Kumbalam,36.91
Cheruvathur (CT),Kasaragod,588,627176,village,66,0.08,Bangalore-Mysore Road,164.1,CHARVATTUR,1.3,New Makardhokda,85.22,New Mangalore Port,85.22,ICD Mangalore (Panambur),83.96,Petrapole ICP,1858.85,Mangaluru International Airport (IXE),86.59,MMLP Coimbatore,237.84,Kottapuram Terminal,252.25,FCI Depot Kozhikode,126.78,Kasaragod Toll Plaza,22.97
Keezhmadu,Ernakulam,595,916087,village,544,4.84,Bangalore-Mysore Road,251.02,CHOVVARA,3.76,Balaramapuram,201.52,Cochin Port,22.9,ICD Kochi (Edappally),17.54,Petrapole ICP,1934.37,Cochin International Airport (COK),5.12,MMLP Coimbatore,118.79,Aluva Terminal,4.11,FCI Depot Kochi,24.08,Ernakulam Toll Plaza,12.39
Aluva West (CT),Ernakulam,595,913803,village,544,0.85,Bangalore-Mysore Road,251.21,ALUVA,0.18,Balaramapuram,203.3,Cochin Port,20.48,ICD Kochi (Edappally),15.79,Petrapole ICP,1936.74,Cochin International Airport (COK),6.84,MMLP Coimbatore,120.68,Aluva Terminal,1.03,FCI Depot Kochi,22.27,Ernakulam Toll Plaza,12.01
Pothanicad,Ernakulam,595,628046,village,85,5.83,Bangalore-Mysore Road,260.63,PIRAVAM ROAD,31.85,Balaramapuram,181.21,Cochin Port,48.31,ICD Kochi (Edappally),42.2,Petrapole ICP,1922.73,Cochin International Airport (COK),34.88,MMLP Coimbatore,116.69,Aluva Terminal,37.31,FCI Depot Kochi,46.47,Ernakulam Toll Plaza,11.62
Anjuthengu,Thiruvananthapuram,601,916071,village,66,8.01,Bangalore-Mysore Road,407.58,AKATHUMURI,2.01,Balaramapuram,45.49,Vizhinjam International Seaport,45.0,ICD Thiruvananthapuram,28.27,Petrapole ICP,2034.16,Trivandrum International Airport (TRV),30.96,MMLP Coimbatore,260.62,Kollam Terminal,26.58,FCI Depot Kochi,148.29,Old Toll Booth,31.62
Pala (M),Kottayam,597,000000,village,183,17.45,Bangalore-Mysore Road,292.0,ETTUMANUR,16.76,Balaramapuram,150.61,Cochin Port,55.76,ICD Kochi (Edappally),51.6,Petrapole ICP,1946.51,Cochin International Airport (COK),57.29,MMLP Coimbatore,147.04,Thanneermukkom Terminal,30.81,FCI Depot Kochi,52.03,Ernakulam Toll Plaza,37.91
Muttambalam (OG) (Part),Kottayam,597,628165,village,183,1.62,Bangalore-Mysore Road,309.22,KOTTAYAM,3.06,Balaramapuram,139.78,Cochin Port,55.07,ICD Kochi (Edappally),53.24,Petrapole ICP,1969.4,Cochin International Airport (COK),66.73,MMLP Coimbatore,167.17,Thanneermukkom Terminal,19.35,FCI Depot Kochi,50.82,Toll Plaza Kumbalam,44.53
Changanassery (Part),Kottayam,597,000000,village,183,1.18,Bangalore-Mysore Road,323.99,CHANGANASERI,1.21,Balaramapuram,126.74,Cochin Port,66.99,ICD Kochi (Edappally),65.99,Petrapole ICP,1981.39,Cochin International Airport (COK),80.98,MMLP Coimbatore,181.61,Kayamkulam Terminal,29.86,FCI Depot Kochi,62.74,Kollam Toll Plaza,35.16
Nattakom (Part),Kottayam,597,628177,village,183,3.31,Bangalore-Mysore Road,315.86,CHINGAVANAM,4.98,Balaramapuram,137.1,Cochin Port,56.6,ICD Kochi (Edappally),55.79,Petrapole ICP,1978.68,Cochin International Airport (COK),71.63,MMLP Coimbatore,175.18,Thanneermukkom Terminal,20.18,FCI Depot Kochi,52.35,Kollam Toll Plaza,43.61
Ambalappuzha (CT),Alappuzha,598,628229,village,66,0.5,Bangalore-Mysore Road,331.41,AMBALAPUZHA,0.61,Balaramapuram,132.25,Cochin Port,65.57,ICD Kochi (Edappally),66.59,Petrapole ICP,1998.88,Cochin International Airport (COK),85.61,MMLP Coimbatore,193.41,Kayamkulam Terminal,28.29,FCI Depot Kochi,61.66,Kollam Toll Plaza,33.91
Arthunkal,Alappuzha,598,916075,village,66,4.17,Bangalore-Mysore Road,302.57,TIRUVIZHA,3.27,Balaramapuram,160.7,Cochin Port,35.08,ICD Kochi (Edappally),36.48,Petrapole ICP,1979.93,Cochin International Airport (COK),56.83,MMLP Coimbatore,168.4,Cherthala Terminal,7.11,FCI Depot Kochi,31.23,Toll Plaza Kumbalam,27.07
Cherthala North (CT),Alappuzha,598,628211,village,66,2.79,Bangalore-Mysore Road,299.93,SHERTALAI,2.86,Balaramapuram,162.65,Cochin Port,32.63,ICD Kochi (Edappally),33.89,Petrapole ICP,1977.61,Cochin International Airport (COK),54.19,MMLP Coimbatore,165.84,Cherthala Terminal,4.86,FCI Depot Kochi,28.73,Toll Plaza Kumbalam,24.45
Pariyaram,Thrissur,594,627903,village,544,10.48,Bangalore-Mysore Road,229.31,KORATTI ANGADI,11.31,Balaramapuram,219.29,Cochin Port,43.59,ICD Kochi (Edappally),39.08,Petrapole ICP,1914.12,Cochin International Airport (COK),17.01,MMLP Coimbatore,97.56,Aluva Terminal,24.23,FCI Depot Kochi,45.56,Ernakulam Toll Plaza,12.45
Pariyaram,Thrissur,594,627903,village,544,8.92,Bangalore-Mysore Road,227.62,KORATTI ANGADI,9.49,Balaramapuram,222.27,Cochin Port,43.8,ICD Kochi (Edappally),39.71,Petrapole ICP,1914.7,Cochin International Airport (COK),18.3,MMLP Coimbatore,97.82,Aluva Terminal,24.97,FCI Depot Kochi,46.09,Ernakulam Toll Plaza,12.25
Thalassery,Kannur,589,913032,village,66,0.19,Bangalore-Mysore Road,144.17,THALASSERY,1.56,New Makardhokda,146.82,New Mangalore Port,146.82,ICD Mangalore (Panambur),145.45,Petrapole ICP,1868.27,Calicut International Airport (CCJ),86.62,MMLP Coimbatore,181.45,Kottapuram Terminal,190.79,FCI Depot Kozhikode,64.7,Kannur Toll Plaza,1.7
Chemancheri (CT),Kozhikode,591,627399,village,66,0.38,Bangalore-Mysore Road,147.59,CHEMANCHERI,2.72,New Makardhokda,196.79,Cochin Port,168.01,ICD Kanjikode (Palakkad),115.95,Petrapole ICP,1878.44,Calicut International Airport (CCJ),36.78,MMLP Coimbatore,140.34,Kottapuram Terminal,141.45,FCI Depot Kozhikode,14.86,Kozhikode Toll Plaza,7.27
Puthuppariyaram-II,Palakkad,593,627637,village,966,0.7,Bangalore-Mysore Road,172.39,PALAKKAD,2.5,Balaramapuram,269.03,Cochin Port,101.76,ICD Kanjikode (Palakkad),2.33,Petrapole ICP,1859.8,Cochin International Airport (COK),75.84,MMLP Coimbatore,44.27,Kottapuram Terminal,81.08,FCI Depot Coimbatore,44.27,Palakkad Toll Plaza,19.69
Kongad-I,Palakkad,593,627632,village,966,5.63,Bangalore-Mysore Road,166.3,PARLI,9.51,Balaramapuram,278.57,Cochin Port,103.81,ICD Kanjikode (Palakkad),13.7,Petrapole ICP,1863.45,Calicut International Airport (CCJ),67.08,MMLP Coimbatore,53.26,Kottapuram Terminal,80.56,FCI Depot Coimbatore,53.26,Panniyankara,30.28
Chenneerkara,Pathanamthitta,599,628328,village,183A,1.75,Bangalore-Mysore Road,344.89,CHENGANNUR,16.69,Balaramapuram,98.51,Cochin Port,96.65,ICD Thiruvananthapuram,82.15,Petrapole ICP,1984.21,Trivandrum International Airport (TRV),88.69,MMLP Coimbatore,198.24,Kayamkulam Terminal,28.25,FCI Depot Kochi,92.39,Kollam Toll Plaza,28.82
Pazhavangadi,Pathanamthitta,599,628315,village,183A,3.96,Bangalore-Mysore Road,334.02,CHENGANNUR,20.62,Balaramapuram,107.36,Cochin Port,91.25,ICD Kochi (Edappally),88.88,Petrapole ICP,1972.16,Trivandrum International Airport (TRV),98.57,MMLP Coimbatore,186.66,Kayamkulam Terminal,37.77,FCI Depot Kochi,87.03,Kollam Toll Plaza,39.54
Chethackal,Pathanamthitta,599,628311,village,183A,5.77,Bangalore-Mysore Road,327.73,CHENGANNUR,24.57,Balaramapuram,112.99,Cochin Port,88.06,ICD Kochi (Edappally),85.32,Petrapole ICP,1965.8,Cochin International Airport (COK),94.59,MMLP Coimbatore,180.1,Kayamkulam Terminal,43.12,FCI Depot Kochi,83.9,Kollam Toll Plaza,45.39
Konnithazham(Part),Pathanamthitta,599,628335,village,183A,2.87,Bangalore-Mysore Road,339.07,CHENGANNUR,25.2,Balaramapuram,101.45,Cochin Port,98.08,ICD Thiruvananthapuram,86.03,Petrapole ICP,1973.0,Trivandrum International Airport (TRV),93.18,MMLP Coimbatore,191.06,Kayamkulam Terminal,40.0,FCI Depot Kochi,93.86,Kollam Toll Plaza,40.82
