village,district,district_code,village_code,unit,nearest_nh,dist_nh_km,nearest_expressway,dist_expressway_km,nearest_rail_station,dist_rail_station_km,nearest_freight_terminal,dist_freight_terminal_km,nearest_port,dist_port_km,nearest_icd,dist_icd_km,nearest_icp,dist_icp_km,nearest_air_cargo,dist_air_cargo_km,nearest_mmlp,dist_mmlp_km,nearest_iw_terminal,dist_iw_terminal_km,nearest_fci_depot,dist_fci_depot_km,nearest_toll_plaza,dist_toll_plaza_km
Behiang,CHURACHANDPUR,274.0,245718595,village,45,1.82,Belghoria Expressway,536.61,JIRIBAM,97.73,Khongsang,92.17,Kolkata Port (Syama Prasad Mookerjee Port) incl. Haldia Dock Complex,546.85,ICD Amingaon,301.64,Moreh ICP,80.15,Lokpriya Gopinath Bordoloi International Airport (GAU),301.36,MMLP Silchar,119.72,Lakhipur Terminal,102.3,FCI Depot Imphal,97.66,CACHAR Toll Plaza,130.71
Thanlon,PHERZAWL,718.0,245720795,village,2,0.1,Belghoria Expressway,519.53,JIRIBAM,59.76,Khongsang,64.93,Kolkata Port (Syama Prasad Mookerjee Port) incl. Haldia Dock Complex,530.32,ICD Amingaon,261.24,Sutarkandi ICP,97.98,Lokpriya Gopinath Bordoloi International Airport (GAU),260.87,MMLP Silchar,79.23,Lakhipur Terminal,62.63,FCI Depot Silchar,79.23,CACHAR Toll Plaza,90.37
Tinsong,PHERZAWL,718.0,245721490,village,2,0.81,Belghoria Expressway,512.16,JIRIBAM,55.76,Khongsang,66.0,Kolkata Port (Syama Prasad Mookerjee Port) incl. Haldia Dock Complex,523.04,ICD Amingaon,254.25,Sutarkandi ICP,89.4,Lokpriya Gopinath Bordoloi International Airport (GAU),253.62,MMLP Silchar,72.17,Lakhipur Terminal,57.06,FCI Depot Silchar,72.17,CACHAR Toll Plaza,83.68
Palel,KAKCHING,651.0,245722860,village,102C,0.05,Belghoria Expressway,595.94,JIRIBAM,97.2,Khongsang,67.84,Kolkata Port (Syama Prasad Mookerjee Port) incl. Haldia Dock Complex,606.67,ICD Amingaon,298.31,Moreh ICP,34.72,Lokpriya Gopinath Bordoloi International Airport (GAU),300.83,MMLP Silchar,130.62,Lakhipur Terminal,108.12,FCI Depot Imphal,40.75,CACHAR Toll Plaza,137.06
Songsang,PHERZAWL,718.0,245723348,village,2,13.72,Belghoria Expressway,529.97,JIRIBAM,38.7,Khongsang,42.04,Kolkata Port (Syama Prasad Mookerjee Port) incl. Haldia Dock Complex,541.07,ICD Amingaon,244.52,Sutarkandi ICP,90.96,Lokpriya Gopinath Bordoloi International Airport (GAU),244.98,MMLP Silchar,64.81,Lakhipur Terminal,44.62,FCI Depot Silchar,64.81,CACHAR Toll Plaza,74.31
Thoubal,THOUBAL,276.0,245724699,village,102,0.36,Belghoria Expressway,599.81,JIRIBAM,88.3,Khongsang,54.81,Kolkata Port (Syama Prasad Mookerjee Port) incl. Haldia Dock Complex,610.79,ICD Amingaon,283.41,Moreh ICP,51.52,Lokpriya Gopinath Bordoloi International Airport (GAU),286.53,MMLP Silchar,122.66,Lakhipur Terminal,100.15,FCI Depot Imphal,20.26,CACHAR Toll Plaza,127.49
Bishnupur,BISHNUPUR,275.0,245724723,village,2,0.23,Belghoria Expressway,577.31,JIRIBAM,65.78,Khongsang,35.26,Kolkata Port (Syama Prasad Mookerjee Port) incl. Haldia Dock Complex,588.38,ICD Amingaon,265.75,Moreh ICP,67.35,Lokpriya Gopinath Bordoloi International Airport (GAU),268.21,MMLP Silchar,99.89,Lakhipur Terminal,77.31,FCI Depot Imphal,27.1,CACHAR Toll Plaza,105.44
Nungba,NONEY,659.0,245725127,village,37,0.35,Belghoria Expressway,550.55,JIRIBAM,29.69,Khongsang,12.24,Kolkata Port (Syama Prasad Mookerjee Port) incl. Haldia Dock Complex,561.92,ICD Amingaon,231.82,Sutarkandi ICP,98.0,Lokpriya Gopinath Bordoloi International Airport (GAU),233.69,MMLP Silchar,64.07,Lakhipur Terminal,41.63,FCI Depot Imphal,52.11,CACHAR Toll Plaza,69.16
Meiti,KAMJANG,670.0,245725129,village,102A,6.69,Belghoria Expressway,647.46,JIRIBAM,135.12,Khongsang,99.68,Kolkata Port (Syama Prasad Mookerjee Port) incl. Haldia Dock Complex,658.33,ICD Amingaon,319.84,Moreh ICP,51.41,Lokpriya Gopinath Bordoloi International Airport (GAU),324.17,MMLP Silchar,169.56,Lakhipur Terminal,147.32,FCI Depot Imphal,55.57,CACHAR Toll Plaza,173.2
Yairepok,THOUBAL,276.0,245725541,village,102,6.13,Belghoria Expressway,605.91,JIRIBAM,92.48,Khongsang,58.05,Kolkata Port (Syama Prasad Mookerjee Port) incl. Haldia Dock Complex,616.92,ICD Amingaon,284.98,Moreh ICP,52.33,Lokpriya Gopinath Bordoloi International Airport (GAU),288.36,MMLP Silchar,126.92,Lakhipur Terminal,104.51,FCI Depot Imphal,18.73,CACHAR Toll Plaza,131.29
Oinamlong,TAMENGLONG,273.0,245725745,village,37,0.1,Belghoria Expressway,536.99,JIRIBAM,15.6,Khongsang,24.01,Kolkata Port (Syama Prasad Mookerjee Port) incl. Haldia Dock Complex,548.44,ICD Amingaon,221.31,Sutarkandi ICP,83.26,Lokpriya Gopinath Bordoloi International Airport (GAU),222.64,MMLP Silchar,49.59,Lakhipur Terminal,27.04,FCI Depot Silchar,49.59,CACHAR Toll Plaza,55.46
Kamjong,KAMJANG,670.0,245727220,village,102A,15.94,Belghoria Expressway,655.9,RANGAPAHAR,134.49,Khongsang,101.49,Kolkata Port (Syama Prasad Mookerjee Port) incl. Haldia Dock Complex,666.93,ICD Amingaon,314.12,Moreh ICP,68.39,Lokpriya Gopinath Bordoloi International Airport (GAU),319.04,MMLP Silchar,171.8,Lakhipur Terminal,150.1,FCI Depot Imphal,57.17,DIMA HASAO Toll Plaza,165.99
Khebuching,TAMENGLONG,273.0,245728037,village,137,4.53,Belghoria Expressway,569.75,JIRIBAM,43.54,Khongsang,10.85,Kolkata Port (Syama Prasad Mookerjee Port) incl. Haldia Dock Complex,581.28,ICD Amingaon,228.83,Moreh ICP,104.66,Lokpriya Gopinath Bordoloi International Airport (GAU),231.89,MMLP Silchar,76.26,Lakhipur Terminal,55.83,FCI Depot Imphal,40.75,CACHAR Toll Plaza,77.91
Karong,SENAPATI,272.0,245731190,village,2,0.16,Belghoria Expressway,632.39,RANGAPAHAR,68.55,Khongsang,74.93,Kolkata Port (Syama Prasad Mookerjee Port) incl. Haldia Dock Complex,644.08,ICD Amingaon,251.54,Moreh ICP,116.6,Lokpriya Gopinath Bordoloi International Airport (GAU),257.44,MMLP Silchar,135.29,Lakhipur Terminal,117.85,FCI Depot Imphal,53.9,DIMA HASAO Toll Plaza,101.02
Chingai,UKHRUL,279.0,245731955,village,202,4.33,Belghoria Expressway,673.57,RANGAPAHAR,97.41,Khongsang,112.78,Kolkata Port (Syama Prasad Mookerjee Port) incl. Haldia Dock Complex,685.08,ICD Amingaon,292.82,Moreh ICP,116.86,Lokpriya Gopinath Bordoloi International Airport (GAU),299.36,MMLP Silchar,178.05,Lakhipur Terminal,159.21,FCI Depot Imphal,77.7,GOLAGHAT Toll Plaza,140.09
Chingjaroi Khullen,UKHRUL,279.0,245733226,village,202,3.2,Belghoria Expressway,670.25,RANGAPAHAR,85.62,Khongsang,110.64,Kolkata Port (Syama Prasad Mookerjee Port) incl. Haldia Dock Complex,681.88,ICD Amingaon,282.41,Moreh ICP,124.96,Lokpriya Gopinath Bordoloi International Airport (GAU),289.17,MMLP Silchar,173.52,Sengajan (Panbari) Terminal,149.62,FCI Depot Imphal,79.39,GOLAGHAT Toll Plaza,128.54
Kharasom,UKHRUL,279.0,245734443,village,202,0.06,Belghoria Expressway,676.96,RANGAPAHAR,86.53,Khongsang,117.75,Kolkata Port (Syama Prasad Mookerjee Port) incl. Haldia Dock Complex,688.62,ICD Amingaon,285.25,Moreh ICP,131.11,Lokpriya Gopinath Bordoloi International Airport (GAU),292.26,MMLP Silchar,179.99,Sengajan (Panbari) Terminal,146.94,FCI Depot Imphal,86.77,GOLAGHAT Toll Plaza,125.26
Chingmai Khullen,SENAPATI,272.0,245734491,village,102A,2.66,Belghoria Expressway,669.23,RANGAPAHAR,77.7,Khongsang,111.16,Kolkata Port (Syama Prasad Mookerjee Port) incl. Haldia Dock Complex,680.94,ICD Amingaon,275.81,Moreh ICP,131.91,Lokpriya Gopinath Bordoloi International Airport (GAU),282.78,MMLP Silchar,171.96,Sengajan (Panbari) Terminal,141.01,FCI Depot Dimapur,79.27,GOLAGHAT Toll Plaza,120.05
Kakching,KAKCHING,651.0,259186488,village,137A,0.06,Belghoria Expressway,593.5,JIRIBAM,91.36,Khongsang,61.38,Kolkata Port (Syama Prasad Mookerjee Port) incl. Haldia Dock Complex,604.3,ICD Amingaon,291.81,Moreh ICP,41.2,Lokpriya Gopinath Bordoloi International Airport (GAU),294.38,MMLP Silchar,125.01,Lakhipur Terminal,102.46,FCI Depot Imphal,35.01,CACHAR Toll Plaza,131.18
Kanglatongbi,IMPHAL WEST,277.0,569067297,village,2,0.05,Belghoria Expressway,603.45,DAOTUHAJA,76.84,Khongsang,42.5,Kolkata Port (Syama Prasad Mookerjee Port) incl. Haldia Dock Complex,614.87,ICD Amingaon,253.91,Moreh ICP,88.44,Lokpriya Gopinath Bordoloi International Airport (GAU),258.11,MMLP Silchar,111.02,Lakhipur Terminal,90.51,FCI Depot Imphal,18.0,DIMA HASAO Toll Plaza,110.88
Tadubi,SENAPATI,272.0,569068454,village,2,0.0,Belghoria Expressway,649.28,RANGAPAHAR,58.8,Khongsang,95.12,Kolkata Port (Syama Prasad Mookerjee Port) incl. Haldia Dock Complex,661.1,ICD Amingaon,253.52,Moreh ICP,134.03,Lokpriya Gopinath Bordoloi International Airport (GAU),260.29,MMLP Silchar,151.76,Sengajan (Panbari) Terminal,130.81,FCI Depot Dimapur,61.48,DIMA HASAO Toll Plaza,102.4
Unnamed Hamlet,KAMJANG,670.0,582031637,village,102A,5.67,Belghoria Expressway,611.05,JIRIBAM,101.18,Khongsang,67.41,Kolkata Port (Syama Prasad Mookerjee Port) incl. Haldia Dock Complex,621.95,ICD Amingaon,294.94,Moreh ICP,43.2,Lokpriya Gopinath Bordoloi International Airport (GAU),298.29,MMLP Silchar,135.55,Lakhipur Terminal,113.04,FCI Depot Imphal,28.49,CACHAR Toll Plaza,140.32
Unnamed Hamlet,THOUBAL,276.0,582031637,village,102A,5.67,Belghoria Expressway,611.05,JIRIBAM,101.18,Khongsang,67.41,Kolkata Port (Syama Prasad Mookerjee Port) incl. Haldia Dock Complex,621.95,ICD Amingaon,294.94,Moreh ICP,43.2,Lokpriya Gopinath Bordoloi International Airport (GAU),298.29,MMLP Silchar,135.55,Lakhipur Terminal,113.04,FCI Depot Imphal,28.49,CACHAR Toll Plaza,140.32
Senapati,SENAPATI,272.0,830297611,village,2,0.03,Belghoria Expressway,629.31,RANGAPAHAR,70.66,Khongsang,71.36,Kolkata Port (Syama Prasad Mookerjee Port) incl. Haldia Dock Complex,640.98,ICD Amingaon,251.18,Moreh ICP,113.78,Lokpriya Gopinath Bordoloi International Airport (GAU),256.92,MMLP Silchar,132.39,Lakhipur Terminal,114.69,FCI Depot Imphal,50.3,DIMA HASAO Toll Plaza,101.04
Jiribam,JIRIBAM,658.0,1420699824,village,37,0.25,Belghoria Expressway,526.09,JIRIBAM,1.59,Khongsang,37.24,Kolkata Port (Syama Prasad Mookerjee Port) incl. Haldia Dock Complex,537.7,ICD Amingaon,205.33,Sutarkandi ICP,68.51,Lokpriya Gopinath Bordoloi International Airport (GAU),206.34,MMLP Silchar,33.29,Lakhipur Terminal,11.64,FCI Depot Silchar,33.29,CACHAR Toll Plaza,38.42
Paomata,SENAPATI,272.0,1848134138,village,102A,0.13,Belghoria Expressway,655.02,RANGAPAHAR,64.04,Khongsang,99.45,Kolkata Port (Syama Prasad Mookerjee Port) incl. Haldia Dock Complex,666.8,ICD Amingaon,259.98,Moreh ICP,132.95,Lokpriya Gopinath Bordoloi International Airport (GAU),266.82,MMLP Silchar,157.51,Sengajan (Panbari) Terminal,133.49,FCI Depot Dimapur,66.35,DIMA HASAO Toll Plaza,108.93
Tolloi,UKHRUL,279.0,1848134156,village,102A,0.14,Belghoria Expressway,652.37,RANGAPAHAR,94.4,Khongsang,91.39,Kolkata Port (Syama Prasad Mookerjee Port) incl. Haldia Dock Complex,663.84,ICD Amingaon,281.78,Moreh ICP,101.59,Lokpriya Gopinath Bordoloi International Airport (GAU),287.63,MMLP Silchar,157.92,Lakhipur Terminal,138.48,FCI Depot Imphal,55.94,DIMA HASAO Toll Plaza,131.2
Tupul,NONEY,659.0,1985336562,village,37,0.11,Belghoria Expressway,574.62,JIRIBAM,53.46,Khongsang,18.29,Kolkata Port (Syama Prasad Mookerjee Port) incl. Haldia Dock Complex,585.92,ICD Amingaon,247.64,Moreh ICP,85.5,Lokpriya Gopinath Bordoloi International Airport (GAU),250.45,MMLP Silchar,87.85,Lakhipur Terminal,65.76,FCI Depot Imphal,27.4,CACHAR Toll Plaza,91.64
Phaipheng,PHERZAWL,718.0,2084596662,village,2,4.35,Belghoria Expressway,538.51,JIRIBAM,59.76,Khongsang,53.85,Kolkata Port (Syama Prasad Mookerjee Port) incl. Haldia Dock Complex,549.33,ICD Amingaon,266.04,Moreh ICP,84.64,Lokpriya Gopinath Bordoloi International Airport (GAU),266.52,MMLP Silchar,86.06,Lakhipur Terminal,66.16,FCI Depot Imphal,70.28,CACHAR Toll Plaza,95.8
Unnamed Village,PHERZAWL,718.0,2084596747,village,102B,2.22,Belghoria Expressway,514.81,Bhairabi,74.76,Khongsang,80.55,Kolkata Port (Syama Prasad Mookerjee Port) incl. Haldia Dock Complex,525.37,ICD Amingaon,274.67,Moreh ICP,102.38,Lokpriya Gopinath Bordoloi International Airport (GAU),273.85,MMLP Silchar,92.68,Lakhipur Terminal,77.72,FCI Depot Silchar,92.68,CACHAR Toll Plaza,104.32
Unnamed Village,PHERZAWL,718.0,2084596808,village,102B,4.27,Belghoria Expressway,517.77,JIRIBAM,70.68,Khongsang,74.87,Kolkata Port (Syama Prasad Mookerjee Port) incl. Haldia Dock Complex,528.41,ICD Amingaon,270.98,Moreh ICP,100.32,Lokpriya Gopinath Bordoloi International Airport (GAU),270.36,MMLP Silchar,88.9,Lakhipur Terminal,73.17,FCI Depot Silchar,88.9,CACHAR Toll Plaza,100.33
Henglep,CHURACHANDPUR,274.0,2084597175,village,2,9.88,Belghoria Expressway,549.83,JIRIBAM,52.38,Khongsang,38.46,Kolkata Port (Syama Prasad Mookerjee Port) incl. Haldia Dock Complex,560.82,ICD Amingaon,259.07,Moreh ICP,81.4,Lokpriya Gopinath Bordoloi International Airport (GAU),260.27,MMLP Silchar,83.1,Lakhipur Terminal,61.33,FCI Depot Imphal,54.76,CACHAR Toll Plaza,91.25
Ankhasuo,PHERZAWL,718.0,2084597260,village,306,23.67,Belghoria Expressway,512.48,JIRIBAM,25.3,Khongsang,49.64,Kolkata Port (Syama Prasad Mookerjee Port) incl. Haldia Dock Complex,523.8,ICD Amingaon,223.13,Sutarkandi ICP,66.77,Lokpriya Gopinath Bordoloi International Airport (GAU),223.01,MMLP Silchar,41.57,Lakhipur Terminal,24.65,FCI Depot Silchar,41.57,CACHAR Toll Plaza,52.2
Unnamed Village,JIRIBAM,658.0,2084597270,village,37,21.04,Belghoria Expressway,514.92,JIRIBAM,22.27,Khongsang,46.83,Kolkata Port (Syama Prasad Mookerjee Port) incl. Haldia Dock Complex,526.27,ICD Amingaon,221.79,Sutarkandi ICP,67.53,Lokpriya Gopinath Bordoloi International Airport (GAU),221.83,MMLP Silchar,40.75,Lakhipur Terminal,22.54,FCI Depot Silchar,40.75,CACHAR Toll Plaza,50.92
Chotobekra,JIRIBAM,658.0,2084597302,village,37,12.28,Belghoria Expressway,519.37,JIRIBAM,12.98,Khongsang,41.63,Kolkata Port (Syama Prasad Mookerjee Port) incl. Haldia Dock Complex,530.83,ICD Amingaon,215.16,Sutarkandi ICP,67.06,Lokpriya Gopinath Bordoloi International Airport (GAU),215.58,MMLP Silchar,36.3,Lakhipur Terminal,15.22,FCI Depot Silchar,36.3,CACHAR Toll Plaza,45.01
Kātang,TAMENGLONG,273.0,2084662992,village,137,22.37,Belghoria Expressway,584.2,WADRENGDISA,39.05,Khongsang,38.94,Kolkata Port (Syama Prasad Mookerjee Port) incl. Haldia Dock Complex,596.0,ICD Amingaon,214.56,Sutarkandi ICP,123.22,Lokpriya Gopinath Bordoloi International Airport (GAU),218.96,MMLP Silchar,86.69,Lakhipur Terminal,71.01,FCI Depot Imphal,54.64,DIMA HASAO Toll Plaza,72.9
Khoupum,NONEY,659.0,2084662993,village,37,8.63,Belghoria Expressway,553.49,JIRIBAM,37.29,Khongsang,16.7,Kolkata Port (Syama Prasad Mookerjee Port) incl. Haldia Dock Complex,564.76,ICD Amingaon,240.73,Moreh ICP,94.19,Lokpriya Gopinath Bordoloi International Airport (GAU),242.55,MMLP Silchar,71.25,Lakhipur Terminal,48.67,FCI Depot Imphal,47.81,CACHAR Toll Plaza,77.1
Sopleng,KANGPOKPI,679.0,2084662995,village,202,4.08,Belghoria Expressway,616.39,JIRIBAM,96.0,Khongsang,59.81,Kolkata Port (Syama Prasad Mookerjee Port) incl. Haldia Dock Complex,627.58,ICD Amingaon,278.75,Moreh ICP,66.97,Lokpriya Gopinath Bordoloi International Airport (GAU),282.84,MMLP Silchar,130.12,Lakhipur Terminal,108.41,FCI Depot Imphal,15.57,CACHAR Toll Plaza,132.81
Saikul,KANGPOKPI,679.0,2084662997,village,2,9.09,Belghoria Expressway,619.8,WADRENGDISA,87.06,Khongsang,58.8,Kolkata Port (Syama Prasad Mookerjee Port) incl. Haldia Dock Complex,631.25,ICD Amingaon,261.49,Moreh ICP,91.43,Lokpriya Gopinath Bordoloi International Airport (GAU),266.33,MMLP Silchar,126.22,Lakhipur Terminal,106.25,FCI Depot Imphal,27.89,DIMA HASAO Toll Plaza,114.58
Unnamed Village,CHANDEL,280.0,2084663050,village,46,18.75,Belghoria Expressway,592.82,JIRIBAM,119.6,Khongsang,96.13,Kolkata Port (Syama Prasad Mookerjee Port) incl. Haldia Dock Complex,603.09,ICD Amingaon,325.24,Moreh ICP,24.29,Lokpriya Gopinath Bordoloi International Airport (GAU),326.94,MMLP Silchar,150.43,Lakhipur Terminal,128.83,FCI Depot Imphal,74.68,CACHAR Toll Plaza,158.75
Unnamed Village,IMPHAL EAST,278.0,2084663135,village,202,4.43,Belghoria Expressway,606.9,JIRIBAM,87.28,Khongsang,51.31,Kolkata Port (Syama Prasad Mookerjee Port) incl. Haldia Dock Complex,618.08,ICD Amingaon,273.68,Moreh ICP,66.53,Lokpriya Gopinath Bordoloi International Airport (GAU),277.44,MMLP Silchar,121.56,Lakhipur Terminal,99.64,FCI Depot Imphal,6.86,CACHAR Toll Plaza,124.68
Unnamed Village,SENAPATI,272.0,2084899538,village,129A,0.84,Belghoria Expressway,641.74,RANGAPAHAR,59.58,Khongsang,87.05,Kolkata Port (Syama Prasad Mookerjee Port) incl. Haldia Dock Complex,653.53,ICD Amingaon,250.31,Moreh ICP,128.91,Lokpriya Gopinath Bordoloi International Airport (GAU),256.79,MMLP Silchar,144.23,Lakhipur Terminal,127.94,FCI Depot Dimapur,62.92,DIMA HASAO Toll Plaza,99.1
Unnamed Village,SENAPATI,272.0,2084899585,village,2,0.83,Belghoria Expressway,645.89,RANGAPAHAR,59.65,Khongsang,91.27,Kolkata Port (Syama Prasad Mookerjee Port) incl. Haldia Dock Complex,657.69,ICD Amingaon,252.52,Moreh ICP,131.06,Lokpriya Gopinath Bordoloi International Airport (GAU),259.15,MMLP Silchar,148.37,Lakhipur Terminal,132.17,FCI Depot Dimapur,62.66,DIMA HASAO Toll Plaza,101.32
Unnamed Village,SENAPATI,272.0,2084899623,village,2,1.84,Belghoria Expressway,645.87,RANGAPAHAR,58.11,Khongsang,91.8,Kolkata Port (Syama Prasad Mookerjee Port) incl. Haldia Dock Complex,657.68,ICD Amingaon,251.37,Moreh ICP,132.57,Lokpriya Gopinath Bordoloi International Airport (GAU),258.04,MMLP Silchar,148.35,Sengajan (Panbari) Terminal,131.7,FCI Depot Dimapur,61.08,DIMA HASAO Toll Plaza,100.18
Unnamed Village,SENAPATI,272.0,2084899639,village,2,2.95,Belghoria Expressway,645.38,RANGAPAHAR,56.8,Khongsang,91.79,Kolkata Port (Syama Prasad Mookerjee Port) incl. Haldia Dock Complex,657.21,ICD Amingaon,250.15,Moreh ICP,133.58,Lokpriya Gopinath Bordoloi International Airport (GAU),256.84,MMLP Silchar,147.87,Sengajan (Panbari) Terminal,130.57,FCI Depot Dimapur,59.79,DIMA HASAO Toll Plaza,98.98
Parbung,PHERZAWL,718.0,2455512182,village,2,0.06,Belghoria Expressway,502.22,Bhairabi,56.68,Khongsang,74.29,Kolkata Port (Syama Prasad Mookerjee Port) incl. Haldia Dock Complex,513.07,ICD Amingaon,252.96,Sutarkandi ICP,84.66,Lokpriya Gopinath Bordoloi International Airport (GAU),251.85,MMLP Silchar,71.52,Lakhipur Terminal,59.18,FCI Depot Silchar,71.52,CACHAR Toll Plaza,83.56
Unnamed Village,PHERZAWL,718.0,2455513782,village,2,0.04,Belghoria Expressway,499.05,Bhairabi,54.26,Khongsang,78.32,Kolkata Port (Syama Prasad Mookerjee Port) incl. Haldia Dock Complex,509.86,ICD Amingaon,254.6,Sutarkandi ICP,85.08,Lokpriya Gopinath Bordoloi International Airport (GAU),253.31,MMLP Silchar,73.62,Lakhipur Terminal,62.18,FCI Depot Silchar,73.62,CACHAR Toll Plaza,85.8
Sipuikawn,PHERZAWL,718.0,2455514195,village,2,0.02,Belghoria Expressway,494.38,Bhairabi,49.38,Khongsang,81.07,Kolkata Port (Syama Prasad Mookerjee Port) incl. Haldia Dock Complex,505.21,ICD Amingaon,252.16,Sutarkandi ICP,81.54,Lokpriya Gopinath Bordoloi International Airport (GAU),250.66,MMLP Silchar,71.93,Lakhipur Terminal,61.9,FCI Depot Silchar,71.93,CACHAR Toll Plaza,84.24
Taithu,PHERZAWL,718.0,2455548703,village,2,0.03,Belghoria Expressway,506.01,JIRIBAM,54.05,Khongsang,68.27,Kolkata Port (Syama Prasad Mookerjee Port) incl. Haldia Dock Complex,516.93,ICD Amingaon,249.21,Sutarkandi ICP,82.85,Lokpriya Gopinath Bordoloi International Airport (GAU),248.34,MMLP Silchar,67.34,Lakhipur Terminal,53.86,FCI Depot Silchar,67.34,CACHAR Toll Plaza,79.16
Unnamed Village,PHERZAWL,718.0,2455611096,village,2,0.03,Belghoria Expressway,512.74,JIRIBAM,66.01,Khongsang,73.48,Kolkata Port (Syama Prasad Mookerjee Port) incl. Haldia Dock Complex,523.46,ICD Amingaon,264.49,Sutarkandi ICP,98.07,Lokpriya Gopinath Bordoloi International Airport (GAU),263.73,MMLP Silchar,82.47,Lakhipur Terminal,67.59,FCI Depot Silchar,82.47,CACHAR Toll Plaza,94.09
Joutung,PHERZAWL,718.0,2455611807,village,2,0.03,Belghoria Expressway,517.01,JIRIBAM,66.21,Khongsang,71.5,Kolkata Port (Syama Prasad Mookerjee Port) incl. Haldia Dock Complex,527.72,ICD Amingaon,266.44,Sutarkandi ICP,101.22,Lokpriya Gopinath Bordoloi International Airport (GAU),265.85,MMLP Silchar,84.35,Lakhipur Terminal,68.58,FCI Depot Silchar,84.35,CACHAR Toll Plaza,95.75
Bukpi,PHERZAWL,718.0,2455612532,village,2,0.06,Belghoria Expressway,513.41,JIRIBAM,64.77,Khongsang,72.16,Kolkata Port (Syama Prasad Mookerjee Port) incl. Haldia Dock Complex,524.14,ICD Amingaon,263.58,Sutarkandi ICP,97.54,Lokpriya Gopinath Bordoloi International Airport (GAU),262.86,MMLP Silchar,81.53,Lakhipur Terminal,66.46,FCI Depot Silchar,81.53,CACHAR Toll Plaza,93.1
Pherzawl,PHERZAWL,718.0,2455616138,village,2,0.07,Belghoria Expressway,510.5,JIRIBAM,58.94,Khongsang,69.23,Kolkata Port (Syama Prasad Mookerjee Port) incl. Haldia Dock Complex,521.32,ICD Amingaon,256.56,Sutarkandi ICP,90.64,Lokpriya Gopinath Bordoloi International Airport (GAU),255.81,MMLP Silchar,74.54,Lakhipur Terminal,59.96,FCI Depot Silchar,74.54,CACHAR Toll Plaza,86.18
Suangpekmun,PHERZAWL,718.0,2455649857,village,2,0.04,Belghoria Expressway,522.28,JIRIBAM,54.75,Khongsang,59.38,Kolkata Port (Syama Prasad Mookerjee Port) incl. Haldia Dock Complex,533.15,ICD Amingaon,257.48,Sutarkandi ICP,96.21,Lokpriya Gopinath Bordoloi International Airport (GAU),257.3,MMLP Silchar,75.71,Lakhipur Terminal,58.24,FCI Depot Silchar,75.71,CACHAR Toll Plaza,86.54
Bungjang,PHERZAWL,718.0,2455675390,village,2,0.04,Belghoria Expressway,526.59,JIRIBAM,53.22,Khongsang,55.51,Kolkata Port (Syama Prasad Mookerjee Port) incl. Haldia Dock Complex,537.48,ICD Amingaon,257.39,Moreh ICP,97.44,Lokpriya Gopinath Bordoloi International Airport (GAU),257.43,MMLP Silchar,76.07,Lakhipur Terminal,57.66,FCI Depot Silchar,76.07,CACHAR Toll Plaza,86.53
Unnamed Village,CHURACHANDPUR,274.0,2455703754,village,2,0.03,Belghoria Expressway,553.98,JIRIBAM,71.0,Khongsang,56.36,Kolkata Port (Syama Prasad Mookerjee Port) incl. Haldia Dock Complex,564.71,ICD Amingaon,277.9,Moreh ICP,68.02,Lokpriya Gopinath Bordoloi International Airport (GAU),278.89,MMLP Silchar,100.11,Lakhipur Terminal,79.08,FCI Depot Imphal,61.1,CACHAR Toll Plaza,109.04
Mata Lambulane,CHURACHANDPUR,274.0,2455704258,village,2,0.14,Belghoria Expressway,556.07,JIRIBAM,72.2,Khongsang,56.53,Kolkata Port (Syama Prasad Mookerjee Port) incl. Haldia Dock Complex,566.8,ICD Amingaon,279.06,Moreh ICP,66.0,Lokpriya Gopinath Bordoloi International Airport (GAU),280.13,MMLP Silchar,101.65,Lakhipur Terminal,80.49,FCI Depot Imphal,59.75,CACHAR Toll Plaza,110.46
Unnamed Hamlet,CHURACHANDPUR,274.0,2455704478,village,2,0.08,Belghoria Expressway,555.69,JIRIBAM,71.64,Khongsang,56.11,Kolkata Port (Syama Prasad Mookerjee Port) incl. Haldia Dock Complex,566.43,ICD Amingaon,278.5,Moreh ICP,66.53,Lokpriya Gopinath Bordoloi International Airport (GAU),279.56,MMLP Silchar,101.07,Lakhipur Terminal,79.91,FCI Depot Imphal,59.73,CACHAR Toll Plaza,109.88
Unnamed Village,CHURACHANDPUR,274.0,2455704914,village,2,0.01,Belghoria Expressway,552.85,JIRIBAM,68.93,Khongsang,54.72,Kolkata Port (Syama Prasad Mookerjee Port) incl. Haldia Dock Complex,563.61,ICD Amingaon,275.84,Moreh ICP,69.78,Lokpriya Gopinath Bordoloi International Airport (GAU),276.82,MMLP Silchar,98.04,Lakhipur Terminal,77.0,FCI Depot Imphal,60.83,CACHAR Toll Plaza,106.96
Unnamed Village,CHURACHANDPUR,274.0,2455705255,village,2,0.03,Belghoria Expressway,549.06,JIRIBAM,65.82,Khongsang,53.57,Kolkata Port (Syama Prasad Mookerjee Port) incl. Haldia Dock Complex,559.84,ICD Amingaon,272.72,Moreh ICP,73.94,Lokpriya Gopinath Bordoloi International Airport (GAU),273.59,MMLP Silchar,94.37,Lakhipur Terminal,73.54,FCI Depot Imphal,62.81,CACHAR Toll Plaza,103.47
Khongkhang,TENGNOUPAL,667.0,2458560284,village,102,0.03,Belghoria Expressway,608.7,JIRIBAM,116.46,Khongsang,87.18,Kolkata Port (Syama Prasad Mookerjee Port) incl. Haldia Dock Complex,619.24,ICD Amingaon,317.58,Moreh ICP,15.51,Lokpriya Gopinath Bordoloi International Airport (GAU),320.18,MMLP Silchar,149.63,Lakhipur Terminal,127.2,FCI Depot Imphal,56.08,CACHAR Toll Plaza,156.32
Unnamed Village,TENGNOUPAL,667.0,2458561092,village,102,0.04,Belghoria Expressway,612.98,JIRIBAM,124.47,Khongsang,95.56,Kolkata Port (Syama Prasad Mookerjee Port) incl. Haldia Dock Complex,623.42,ICD Amingaon,325.98,Moreh ICP,7.09,Lokpriya Gopinath Bordoloi International Airport (GAU),328.56,MMLP Silchar,157.44,Lakhipur Terminal,135.06,FCI Depot Imphal,64.07,CACHAR Toll Plaza,164.32
Unnamed Village,TENGNOUPAL,667.0,2458565511,village,102,0.09,Belghoria Expressway,601.72,JIRIBAM,106.3,Khongsang,77.06,Kolkata Port (Syama Prasad Mookerjee Port) incl. Haldia Dock Complex,612.36,ICD Amingaon,307.5,Moreh ICP,25.51,Lokpriya Gopinath Bordoloi International Airport (GAU),310.06,MMLP Silchar,139.58,Lakhipur Terminal,117.11,FCI Depot Imphal,47.86,CACHAR Toll Plaza,146.16
Unnamed Village,CHANDEL,280.0,2458565602,village,102,0.06,Belghoria Expressway,597.67,JIRIBAM,101.83,Khongsang,72.99,Kolkata Port (Syama Prasad Mookerjee Port) incl. Haldia Dock Complex,608.33,ICD Amingaon,303.48,Moreh ICP,29.64,Lokpriya Gopinath Bordoloi International Airport (GAU),305.94,MMLP Silchar,135.04,Lakhipur Terminal,112.59,FCI Depot Imphal,45.66,CACHAR Toll Plaza,141.69
Tengnoupal,TENGNOUPAL,667.0,2458565985,village,102,0.02,Belghoria Expressway,605.26,JIRIBAM,111.1,Khongsang,81.75,Kolkata Port (Syama Prasad Mookerjee Port) incl. Haldia Dock Complex,615.85,ICD Amingaon,312.16,Moreh ICP,20.88,Lokpriya Gopinath Bordoloi International Airport (GAU),314.75,MMLP Silchar,144.35,Lakhipur Terminal,121.89,FCI Depot Imphal,51.39,CACHAR Toll Plaza,150.96
Shangkai,UKHRUL,279.0,2459028835,village,202,0.06,Belghoria Expressway,627.76,WADRENGDISA,104.14,Khongsang,68.56,Kolkata Port (Syama Prasad Mookerjee Port) incl. Haldia Dock Complex,639.03,ICD Amingaon,279.76,Moreh ICP,75.9,Lokpriya Gopinath Bordoloi International Airport (GAU),284.41,MMLP Silchar,138.36,Lakhipur Terminal,117.26,FCI Depot Imphal,26.92,DIMA HASAO Toll Plaza,133.35
Litan Sareikhong,KAMJANG,670.0,2459028966,village,202,0.02,Belghoria Expressway,631.11,WADRENGDISA,107.03,Khongsang,71.96,Kolkata Port (Syama Prasad Mookerjee Port) incl. Haldia Dock Complex,642.38,ICD Amingaon,282.3,Moreh ICP,76.14,Lokpriya Gopinath Bordoloi International Airport (GAU),287.04,MMLP Silchar,141.73,Lakhipur Terminal,120.65,FCI Depot Imphal,30.17,DIMA HASAO Toll Plaza,135.41
T. M. Kasom,UKHRUL,279.0,2459029260,village,202,0.14,Belghoria Expressway,633.46,WADRENGDISA,108.47,Khongsang,74.15,Kolkata Port (Syama Prasad Mookerjee Port) incl. Haldia Dock Complex,644.73,ICD Amingaon,283.38,Moreh ICP,77.28,Lokpriya Gopinath Bordoloi International Airport (GAU),288.2,MMLP Silchar,143.82,Lakhipur Terminal,122.81,FCI Depot Imphal,32.56,DIMA HASAO Toll Plaza,136.08
Chepu Yaolen,UKHRUL,279.0,2459029360,village,202,0.85,Belghoria Expressway,633.85,WADRENGDISA,108.06,Khongsang,74.32,Kolkata Port (Syama Prasad Mookerjee Port) incl. Haldia Dock Complex,645.13,ICD Amingaon,282.77,Moreh ICP,78.45,Lokpriya Gopinath Bordoloi International Airport (GAU),287.64,MMLP Silchar,143.88,Lakhipur Terminal,122.94,FCI Depot Imphal,33.11,DIMA HASAO Toll Plaza,135.32
Shokvao,UKHRUL,279.0,2459029884,village,202,0.1,Belghoria Expressway,638.3,RANGAPAHAR,107.95,Khongsang,78.54,Kolkata Port (Syama Prasad Mookerjee Port) incl. Haldia Dock Complex,649.59,ICD Amingaon,284.94,Moreh ICP,80.68,Lokpriya Gopinath Bordoloi International Airport (GAU),289.96,MMLP Silchar,147.9,Lakhipur Terminal,127.09,FCI Depot Imphal,37.64,DIMA HASAO Toll Plaza,136.81
Hungpung,UKHRUL,279.0,2459047665,village,202,0.15,Belghoria Expressway,648.75,RANGAPAHAR,106.61,Khongsang,88.42,Kolkata Port (Syama Prasad Mookerjee Port) incl. Haldia Dock Complex,660.08,ICD Amingaon,289.31,Moreh ICP,87.75,Lokpriya Gopinath Bordoloi International Airport (GAU),294.72,MMLP Silchar,157.16,Lakhipur Terminal,136.71,FCI Depot Imphal,48.51,DIMA HASAO Toll Plaza,139.81
Shiroy,UKHRUL,279.0,2459081243,village,202,0.02,Belghoria Expressway,658.28,RANGAPAHAR,105.5,Khongsang,97.56,Kolkata Port (Syama Prasad Mookerjee Port) incl. Haldia Dock Complex,669.64,ICD Amingaon,292.94,Moreh ICP,95.62,Lokpriya Gopinath Bordoloi International Airport (GAU),298.7,MMLP Silchar,165.58,Lakhipur Terminal,145.51,FCI Depot Imphal,58.63,DIMA HASAO Toll Plaza,142.51
Lunghar,UKHRUL,279.0,2459082183,village,202,0.1,Belghoria Expressway,661.64,RANGAPAHAR,103.51,Khongsang,100.74,Kolkata Port (Syama Prasad Mookerjee Port) incl. Haldia Dock Complex,673.04,ICD Amingaon,292.88,Moreh ICP,100.19,Lokpriya Gopinath Bordoloi International Airport (GAU),298.81,MMLP Silchar,168.21,Lakhipur Terminal,148.4,FCI Depot Imphal,62.67,DIMA HASAO Toll Plaza,142.13
Unnamed Town,UKHRUL,279.0,2459082772,village,202,0.27,Belghoria Expressway,664.14,RANGAPAHAR,101.86,Khongsang,103.16,Kolkata Port (Syama Prasad Mookerjee Port) incl. Haldia Dock Complex,675.57,ICD Amingaon,292.67,Moreh ICP,103.84,Lokpriya Gopinath Bordoloi International Airport (GAU),298.73,MMLP Silchar,170.17,Lakhipur Terminal,150.57,FCI Depot Imphal,65.81,DIMA HASAO Toll Plaza,141.73
Unnamed Village,UKHRUL,279.0,2459083094,village,202,0.13,Belghoria Expressway,666.16,RANGAPAHAR,99.31,Khongsang,105.17,Kolkata Port (Syama Prasad Mookerjee Port) incl. Haldia Dock Complex,677.62,ICD Amingaon,291.52,Moreh ICP,107.99,Lokpriya Gopinath Bordoloi International Airport (GAU),297.73,MMLP Silchar,171.55,Lakhipur Terminal,152.23,FCI Depot Imphal,68.81,DIMA HASAO Toll Plaza,140.43
Kalhang Khullen,UKHRUL,279.0,2459083161,village,202,0.16,Belghoria Expressway,666.74,RANGAPAHAR,98.88,Khongsang,105.77,Kolkata Port (Syama Prasad Mookerjee Port) incl. Haldia Dock Complex,678.21,ICD Amingaon,291.42,Moreh ICP,108.91,Lokpriya Gopinath Bordoloi International Airport (GAU),297.67,MMLP Silchar,172.01,Lakhipur Terminal,152.74,FCI Depot Imphal,69.58,DIMA HASAO Toll Plaza,140.31
Unnamed Village,UKHRUL,279.0,2459083663,village,202,0.03,Belghoria Expressway,667.98,RANGAPAHAR,94.3,Khongsang,107.24,Kolkata Port (Syama Prasad Mookerjee Port) incl. Haldia Dock Complex,679.5,ICD Amingaon,288.36,Moreh ICP,114.36,Lokpriya Gopinath Bordoloi International Airport (GAU),294.78,MMLP Silchar,172.43,Lakhipur Terminal,153.59,FCI Depot Imphal,72.7,DIMA HASAO Toll Plaza,137.15
Unnamed Village,UKHRUL,279.0,2459084007,village,202,0.05,Belghoria Expressway,670.78,RANGAPAHAR,91.01,Khongsang,110.46,Kolkata Port (Syama Prasad Mookerjee Port) incl. Haldia Dock Complex,682.36,ICD Amingaon,286.82,Moreh ICP,120.21,Lokpriya Gopinath Bordoloi International Airport (GAU),293.45,MMLP Silchar,174.61,Sengajan (Panbari) Terminal,155.5,FCI Depot Imphal,77.29,GOLAGHAT Toll Plaza,134.38
Jessami,UKHRUL,279.0,2459097897,village,202,0.01,Belghoria Expressway,691.19,KHOTKHOTI,85.39,Khongsang,134.14,Kolkata Port (Syama Prasad Mookerjee Port) incl. Haldia Dock Complex,702.97,ICD Amingaon,287.68,Moreh ICP,149.69,Lokpriya Gopinath Bordoloi International Airport (GAU),295.34,MMLP Silchar,193.7,Neamati Terminal,133.71,FCI Depot Dimapur,85.86,GOLAGHAT Toll Plaza,113.14
Singngat,CHURACHANDPUR,274.0,2501011503,village,102B,0.06,Belghoria Expressway,544.7,JIRIBAM,84.68,Khongsang,75.6,Kolkata Port (Syama Prasad Mookerjee Port) incl. Haldia Dock Complex,555.17,ICD Amingaon,290.69,Moreh ICP,72.01,Lokpriya Gopinath Bordoloi International Airport (GAU),290.98,MMLP Silchar,109.88,Lakhipur Terminal,90.73,FCI Depot Imphal,80.61,CACHAR Toll Plaza,120.1
Songtal,PHERZAWL,718.0,2501023915,village,102B,0.0,Belghoria Expressway,524.19,JIRIBAM,73.01,Khongsang,73.82,Kolkata Port (Syama Prasad Mookerjee Port) incl. Haldia Dock Complex,534.78,ICD Amingaon,275.33,Moreh ICP,93.56,Lokpriya Gopinath Bordoloi International Airport (GAU),274.94,MMLP Silchar,93.31,Lakhipur Terminal,76.52,FCI Depot Imphal,90.55,CACHAR Toll Plaza,104.45
Sinzawl,PHERZAWL,718.0,2501060639,village,102B,0.03,Belghoria Expressway,515.2,Bhairabi,76.3,Khongsang,82.81,Kolkata Port (Syama Prasad Mookerjee Port) incl. Haldia Dock Complex,525.72,ICD Amingaon,277.51,Moreh ICP,101.62,Lokpriya Gopinath Bordoloi International Airport (GAU),276.66,MMLP Silchar,95.53,Lakhipur Terminal,80.6,FCI Depot Silchar,95.53,CACHAR Toll Plaza,107.19
Paorei,UKHRUL,279.0,2584650588,village,202,5.07,Belghoria Expressway,660.87,RANGAPAHAR,95.77,Khongsang,99.92,Kolkata Port (Syama Prasad Mookerjee Port) incl. Haldia Dock Complex,672.35,ICD Amingaon,286.63,Moreh ICP,106.73,Lokpriya Gopinath Bordoloi International Airport (GAU),292.75,MMLP Silchar,166.07,Lakhipur Terminal,146.82,FCI Depot Imphal,64.36,DIMA HASAO Toll Plaza,135.64
Phungcham,UKHRUL,279.0,2584650589,village,102A,5.31,Belghoria Expressway,659.08,RANGAPAHAR,96.92,Khongsang,98.09,Kolkata Port (Syama Prasad Mookerjee Port) incl. Haldia Dock Complex,670.54,ICD Amingaon,286.74,Moreh ICP,104.2,Lokpriya Gopinath Bordoloi International Airport (GAU),292.76,MMLP Silchar,164.61,Lakhipur Terminal,145.2,FCI Depot Imphal,62.03,DIMA HASAO Toll Plaza,135.87
Luirei Simphung,UKHRUL,279.0,2584652059,village,202,2.81,Belghoria Expressway,665.32,RANGAPAHAR,95.7,Khongsang,104.44,Kolkata Port (Syama Prasad Mookerjee Port) incl. Haldia Dock Complex,676.82,ICD Amingaon,288.41,Moreh ICP,110.61,Lokpriya Gopinath Bordoloi International Airport (GAU),294.69,MMLP Silchar,170.18,Lakhipur Terminal,151.11,FCI Depot Imphal,69.21,DIMA HASAO Toll Plaza,137.27
Chandel,CHANDEL,280.0,2914322362,village,102C,0.1,Belghoria Expressway,589.66,JIRIBAM,100.82,Khongsang,74.83,Kolkata Port (Syama Prasad Mookerjee Port) incl. Haldia Dock Complex,600.23,ICD Amingaon,304.86,Moreh ICP,31.14,Lokpriya Gopinath Bordoloi International Airport (GAU),306.92,MMLP Silchar,133.08,Lakhipur Terminal,110.91,FCI Depot Imphal,53.15,CACHAR Toll Plaza,140.51
Unnamed Hamlet,CHURACHANDPUR,274.0,3693467685,village,45,1.71,Belghoria Expressway,533.99,JIRIBAM,98.01,Khongsang,93.44,Kolkata Port (Syama Prasad Mookerjee Port) incl. Haldia Dock Complex,544.22,ICD Amingaon,301.35,Moreh ICP,82.84,Lokpriya Gopinath Bordoloi International Airport (GAU),300.96,MMLP Silchar,119.33,Lakhipur Terminal,102.27,FCI Depot Imphal,99.87,CACHAR Toll Plaza,130.45
Hiangtam V,CHURACHANDPUR,274.0,3693467779,village,45,6.7,Belghoria Expressway,539.46,JIRIBAM,94.45,Khongsang,87.77,Kolkata Port (Syama Prasad Mookerjee Port) incl. Haldia Dock Complex,549.76,ICD Amingaon,299.12,Moreh ICP,76.96,Lokpriya Gopinath Bordoloi International Airport (GAU),299.01,MMLP Silchar,117.42,Lakhipur Terminal,99.46,FCI Depot Imphal,92.78,CACHAR Toll Plaza,128.2
Bualkot,CHURACHANDPUR,274.0,3693467780,village,102B,7.43,Belghoria Expressway,540.46,JIRIBAM,92.23,Khongsang,85.13,Kolkata Port (Syama Prasad Mookerjee Port) incl. Haldia Dock Complex,550.79,ICD Amingaon,297.21,Moreh ICP,75.85,Lokpriya Gopinath Bordoloi International Airport (GAU),297.18,MMLP Silchar,115.64,Lakhipur Terminal,97.44,FCI Depot Imphal,90.19,CACHAR Toll Plaza,126.32
Unnamed Hamlet,CHURACHANDPUR,274.0,3693467855,village,45,3.88,Belghoria Expressway,537.55,JIRIBAM,96.11,Khongsang,90.19,Kolkata Port (Syama Prasad Mookerjee Port) incl. Haldia Dock Complex,547.82,ICD Amingaon,300.32,Moreh ICP,79.02,Lokpriya Gopinath Bordoloi International Airport (GAU),300.11,MMLP Silchar,118.47,Lakhipur Terminal,100.85,FCI Depot Imphal,95.63,CACHAR Toll Plaza,129.39
Moirang,BISHNUPUR,275.0,3881502677,village,2,1.19,Belghoria Expressway,574.17,JIRIBAM,72.41,Khongsang,46.33,Kolkata Port (Syama Prasad Mookerjee Port) incl. Haldia Dock Complex,585.07,ICD Amingaon,275.97,Moreh ICP,58.7,Lokpriya Gopinath Bordoloi International Airport (GAU),278.0,MMLP Silchar,105.43,Lakhipur Terminal,83.0,FCI Depot Imphal,37.87,CACHAR Toll Plaza,112.25
Nambashi Khullen,KAMJANG,670.0,3888044072,village,102A,0.1,Belghoria Expressway,632.23,JIRIBAM,124.17,Khongsang,89.87,Kolkata Port (Syama Prasad Mookerjee Port) incl. Haldia Dock Complex,643.03,ICD Amingaon,315.01,Moreh ICP,37.85,Lokpriya Gopinath Bordoloi International Airport (GAU),318.78,MMLP Silchar,158.58,Lakhipur Terminal,136.1,FCI Depot Imphal,47.83,CACHAR Toll Plaza,163.12
Sorbung,KAMJANG,670.0,3888171587,village,102A,0.06,Belghoria Expressway,639.34,JIRIBAM,127.67,Khongsang,92.5,Kolkata Port (Syama Prasad Mookerjee Port) incl. Haldia Dock Complex,650.21,ICD Amingaon,314.53,Moreh ICP,46.81,Lokpriya Gopinath Bordoloi International Airport (GAU),318.65,MMLP Silchar,162.12,Lakhipur Terminal,139.8,FCI Depot Imphal,48.82,CACHAR Toll Plaza,166.02
Pangei,IMPHAL EAST,278.0,3889155120,village,202,5.03,Belghoria Expressway,609.38,JIRIBAM,86.12,Khongsang,49.85,Kolkata Port (Syama Prasad Mookerjee Port) incl. Haldia Dock Complex,620.69,ICD Amingaon,265.81,Moreh ICP,77.77,Lokpriya Gopinath Bordoloi International Airport (GAU),269.95,MMLP Silchar,119.78,Lakhipur Terminal,98.57,FCI Depot Imphal,11.18,CACHAR Toll Plaza,121.76
Churachandpur,CHURACHANDPUR,274.0,3911459976,village,2,0.09,Belghoria Expressway,561.53,JIRIBAM,75.32,Khongsang,57.1,Kolkata Port (Syama Prasad Mookerjee Port) incl. Haldia Dock Complex,572.25,ICD Amingaon,281.91,Moreh ICP,60.89,Lokpriya Gopinath Bordoloi International Airport (GAU),283.18,MMLP Silchar,105.59,Lakhipur Terminal,84.11,FCI Depot Imphal,56.24,CACHAR Toll Plaza,114.06
Noney,TAMENGLONG,273.0,3927938119,village,37,0.02,Belghoria Expressway,574.33,JIRIBAM,49.94,Khongsang,13.67,Kolkata Port (Syama Prasad Mookerjee Port) incl. Haldia Dock Complex,585.75,ICD Amingaon,239.38,Moreh ICP,94.11,Lokpriya Gopinath Bordoloi International Airport (GAU),242.4,MMLP Silchar,83.78,Lakhipur Terminal,62.38,FCI Depot Imphal,31.39,CACHAR Toll Plaza,86.46
Tamei,TAMENGLONG,273.0,3944715076,village,137,25.46,Belghoria Expressway,593.05,WADRENGDISA,50.97,Khongsang,39.83,Kolkata Port (Syama Prasad Mookerjee Port) incl. Haldia Dock Complex,604.76,ICD Amingaon,226.11,Moreh ICP,115.87,Lokpriya Gopinath Bordoloi International Airport (GAU),230.65,MMLP Silchar,95.93,Lakhipur Terminal,78.69,FCI Depot Imphal,44.95,DIMA HASAO Toll Plaza,82.47
Unnamed Village,SENAPATI,272.0,4242590380,village,102A,0.0,Belghoria Expressway,657.91,RANGAPAHAR,65.75,Khongsang,102.05,Kolkata Port (Syama Prasad Mookerjee Port) incl. Haldia Dock Complex,669.69,ICD Amingaon,262.45,Moreh ICP,133.57,Lokpriya Gopinath Bordoloi International Airport (GAU),269.35,MMLP Silchar,160.41,Sengajan (Panbari) Terminal,133.82,FCI Depot Dimapur,67.85,DIMA HASAO Toll Plaza,111.47
Unnamed Town,SENAPATI,272.0,4242599910,village,2,0.02,Belghoria Expressway,642.42,RANGAPAHAR,61.44,Khongsang,87.1,Kolkata Port (Syama Prasad Mookerjee Port) incl. Haldia Dock Complex,654.2,ICD Amingaon,252.05,Moreh ICP,127.43,Lokpriya Gopinath Bordoloi International Airport (GAU),258.5,MMLP Silchar,144.94,Lakhipur Terminal,128.45,FCI Depot Dimapur,64.75,DIMA HASAO Toll Plaza,100.85
Tamenglong,TAMENGLONG,273.0,4283849570,village,137,0.07,Belghoria Expressway,569.22,JIRIBAM,42.75,Khongsang,16.37,Kolkata Port (Syama Prasad Mookerjee Port) incl. Haldia Dock Complex,580.83,ICD Amingaon,221.7,Sutarkandi ICP,110.3,Lokpriya Gopinath Bordoloi International Airport (GAU),224.94,MMLP Silchar,73.72,Lakhipur Terminal,54.57,FCI Depot Imphal,46.64,CACHAR Toll Plaza,74.18
Wabagal,KAKCHING,651.0,4404464487,village,137A,0.86,Belghoria Expressway,590.36,JIRIBAM,85.85,Khongsang,55.6,Kolkata Port (Syama Prasad Mookerjee Port) incl. Haldia Dock Complex,601.23,ICD Amingaon,286.02,Moreh ICP,46.99,Lokpriya Gopinath Bordoloi International Airport (GAU),288.6,MMLP Silchar,119.63,Lakhipur Terminal,97.06,FCI Depot Imphal,31.12,CACHAR Toll Plaza,125.64
Moreh,TENGNOUPAL,667.0,5063642841,village,102,1.4,Belghoria Expressway,616.05,JIRIBAM,131.5,Khongsang,103.08,Kolkata Port (Syama Prasad Mookerjee Port) incl. Haldia Dock Complex,626.39,ICD Amingaon,333.55,Moreh ICP,0.86,Lokpriya Gopinath Bordoloi International Airport (GAU),336.06,MMLP Silchar,164.21,Lakhipur Terminal,141.92,FCI Depot Imphal,71.7,CACHAR Toll Plaza,171.31
Chakpi Karong,CHANDEL,280.0,5081002538,village,102C,16.6,Belghoria Expressway,576.6,JIRIBAM,100.65,Khongsang,79.78,Kolkata Port (Syama Prasad Mookerjee Port) incl. Haldia Dock Complex,587.04,ICD Amingaon,307.02,Moreh ICP,40.07,Lokpriya Gopinath Bordoloi International Airport (GAU),308.43,MMLP Silchar,130.85,Lakhipur Terminal,109.48,FCI Depot Imphal,66.28,CACHAR Toll Plaza,139.44
Tousem,TAMENGLONG,273.0,5156615408,village,137G,9.67,Belghoria Expressway,563.08,DAOTUHAJA,24.96,Khongsang,30.95,Kolkata Port (Syama Prasad Mookerjee Port) incl. Haldia Dock Complex,574.88,ICD Amingaon,203.86,Sutarkandi ICP,102.12,Lokpriya Gopinath Bordoloi International Airport (GAU),207.27,MMLP Silchar,65.57,Lakhipur Terminal,50.49,FCI Depot Imphal,63.8,CACHAR Toll Plaza,63.27
Kakching Khunou,KAKCHING,651.0,5481995099,village,102C,11.08,Belghoria Expressway,582.11,JIRIBAM,88.0,Khongsang,62.17,Kolkata Port (Syama Prasad Mookerjee Port) incl. Haldia Dock Complex,592.82,ICD Amingaon,291.99,Moreh ICP,43.4,Lokpriya Gopinath Bordoloi International Airport (GAU),294.02,MMLP Silchar,120.5,Lakhipur Terminal,98.24,FCI Depot Imphal,45.2,CACHAR Toll Plaza,127.74
Unnamed Village,PHERZAWL,718.0,5702255826,village,2,8.33,Belghoria Expressway,502.88,Bhairabi,60.93,Khongsang,81.87,Kolkata Port (Syama Prasad Mookerjee Port) incl. Haldia Dock Complex,513.55,ICD Amingaon,264.31,Sutarkandi ICP,94.8,Lokpriya Gopinath Bordoloi International Airport (GAU),263.07,MMLP Silchar,83.05,Lakhipur Terminal,70.57,FCI Depot Silchar,83.05,CACHAR Toll Plaza,95.13
Kangpokpi,KANGPOKPI,679.0,6197847416,village,2,0.17,Belghoria Expressway,618.79,WADRENGDISA,79.39,Khongsang,58.93,Kolkata Port (Syama Prasad Mookerjee Port) incl. Haldia Dock Complex,630.36,ICD Amingaon,251.77,Moreh ICP,102.82,Lokpriya Gopinath Bordoloi International Airport (GAU),256.89,MMLP Silchar,123.06,Lakhipur Terminal,104.23,FCI Depot Imphal,36.64,DIMA HASAO Toll Plaza,103.79
Nambol,BISHNUPUR,275.0,6199296686,village,2,0.18,Belghoria Expressway,587.73,JIRIBAM,71.11,Khongsang,36.85,Kolkata Port (Syama Prasad Mookerjee Port) incl. Haldia Dock Complex,598.88,ICD Amingaon,265.62,Moreh ICP,68.16,Lokpriya Gopinath Bordoloi International Airport (GAU),268.63,MMLP Silchar,105.57,Lakhipur Terminal,83.2,FCI Depot Imphal,14.96,CACHAR Toll Plaza,109.91
Wangjing,THOUBAL,276.0,6199296687,village,102,0.04,Belghoria Expressway,602.05,JIRIBAM,93.1,Khongsang,60.21,Kolkata Port (Syama Prasad Mookerjee Port) incl. Haldia Dock Complex,612.96,ICD Amingaon,289.19,Moreh ICP,45.66,Lokpriya Gopinath Bordoloi International Airport (GAU),292.25,MMLP Silchar,127.37,Lakhipur Terminal,104.81,FCI Depot Imphal,25.73,CACHAR Toll Plaza,132.5
Khangabok,THOUBAL,276.0,6199296688,village,102,0.11,Belghoria Expressway,600.98,JIRIBAM,90.59,Khongsang,57.35,Kolkata Port (Syama Prasad Mookerjee Port) incl. Haldia Dock Complex,611.93,ICD Amingaon,286.1,Moreh ICP,48.84,Lokpriya Gopinath Bordoloi International Airport (GAU),289.2,MMLP Silchar,124.91,Lakhipur Terminal,102.38,FCI Depot Imphal,22.69,CACHAR Toll Plaza,129.87
Mayang Imphal,IMPHAL WEST,277.0,6201067221,village,137A,0.02,Belghoria Expressway,588.57,JIRIBAM,78.43,Khongsang,46.54,Kolkata Port (Syama Prasad Mookerjee Port) incl. Haldia Dock Complex,599.57,ICD Amingaon,276.65,Moreh ICP,56.5,Lokpriya Gopinath Bordoloi International Airport (GAU),279.39,MMLP Silchar,112.61,Lakhipur Terminal,90.04,FCI Depot Imphal,22.92,CACHAR Toll Plaza,117.98
Thanga,BISHNUPUR,275.0,6201067247,village,137A,6.79,Belghoria Expressway,580.85,JIRIBAM,76.16,Khongsang,47.5,Kolkata Port (Syama Prasad Mookerjee Port) incl. Haldia Dock Complex,591.77,ICD Amingaon,277.9,Moreh ICP,55.51,Lokpriya Gopinath Bordoloi International Airport (GAU),280.22,MMLP Silchar,109.72,Lakhipur Terminal,87.18,FCI Depot Imphal,32.32,CACHAR Toll Plaza,116.01
Sekmai Bazar,IMPHAL WEST,277.0,6229198926,village,2,0.03,Belghoria Expressway,601.45,JIRIBAM,76.67,Khongsang,40.72,Kolkata Port (Syama Prasad Mookerjee Port) incl. Haldia Dock Complex,612.85,ICD Amingaon,255.03,Moreh ICP,85.88,Lokpriya Gopinath Bordoloi International Airport (GAU),259.09,MMLP Silchar,109.89,Lakhipur Terminal,89.09,FCI Depot Imphal,15.08,CACHAR Toll Plaza,111.41
Mantripukhri,IMPHAL EAST,278.0,6229199172,village,2,0.04,Belghoria Expressway,602.42,JIRIBAM,80.63,Khongsang,44.38,Kolkata Port (Syama Prasad Mookerjee Port) incl. Haldia Dock Complex,613.68,ICD Amingaon,265.23,Moreh ICP,74.15,Lokpriya Gopinath Bordoloi International Airport (GAU),269.01,MMLP Silchar,114.68,Lakhipur Terminal,93.05,FCI Depot Imphal,3.62,CACHAR Toll Plaza,117.34
Lamshang,IMPHAL WEST,277.0,6229200259,village,37,2.57,Belghoria Expressway,595.29,JIRIBAM,74.14,Khongsang,38.06,Kolkata Port (Syama Prasad Mookerjee Port) incl. Haldia Dock Complex,606.55,ICD Amingaon,261.85,Moreh ICP,74.73,Lokpriya Gopinath Bordoloi International Airport (GAU),265.36,MMLP Silchar,108.35,Lakhipur Terminal,86.53,FCI Depot Imphal,6.45,CACHAR Toll Plaza,111.4
Lamphelpat,IMPHAL WEST,277.0,6229200260,village,2,2.71,Belghoria Expressway,599.77,JIRIBAM,78.34,Khongsang,42.16,Kolkata Port (Syama Prasad Mookerjee Port) incl. Haldia Dock Complex,611.03,ICD Amingaon,264.3,Moreh ICP,73.88,Lokpriya Gopinath Bordoloi International Airport (GAU),267.98,MMLP Silchar,112.48,Lakhipur Terminal,90.75,FCI Depot Imphal,3.05,CACHAR Toll Plaza,115.32
Phayeng,IMPHAL WEST,277.0,6229200930,village,37,6.91,Belghoria Expressway,591.33,JIRIBAM,68.82,Khongsang,32.57,Kolkata Port (Syama Prasad Mookerjee Port) incl. Haldia Dock Complex,602.65,ICD Amingaon,255.71,Moreh ICP,80.28,Lokpriya Gopinath Bordoloi International Airport (GAU),259.2,MMLP Silchar,102.87,Lakhipur Terminal,81.25,FCI Depot Imphal,12.33,CACHAR Toll Plaza,105.63
Munpi,CHURACHANDPUR,274.0,6229743111,village,2,1.66,Belghoria Expressway,542.61,JIRIBAM,64.37,Khongsang,55.9,Kolkata Port (Syama Prasad Mookerjee Port) incl. Haldia Dock Complex,553.38,ICD Amingaon,270.94,Moreh ICP,79.42,Lokpriya Gopinath Bordoloi International Airport (GAU),271.53,MMLP Silchar,91.32,Lakhipur Terminal,71.18,FCI Depot Imphal,68.61,CACHAR Toll Plaza,100.92
Andro,IMPHAL EAST,278.0,6233139095,village,102,10.95,Belghoria Expressway,608.84,JIRIBAM,91.6,Khongsang,56.07,Kolkata Port (Syama Prasad Mookerjee Port) incl. Haldia Dock Complex,619.95,ICD Amingaon,280.14,Moreh ICP,59.86,Lokpriya Gopinath Bordoloi International Airport (GAU),283.81,MMLP Silchar,126.0,Lakhipur Terminal,103.86,FCI Depot Imphal,12.83,CACHAR Toll Plaza,129.6
Heirok,THOUBAL,276.0,6233955157,village,102,3.55,Belghoria Expressway,605.14,JIRIBAM,96.77,Khongsang,63.8,Kolkata Port (Syama Prasad Mookerjee Port) incl. Haldia Dock Complex,616.03,ICD Amingaon,292.55,Moreh ICP,42.97,Lokpriya Gopinath Bordoloi International Airport (GAU),295.68,MMLP Silchar,131.04,Lakhipur Terminal,108.48,FCI Depot Imphal,28.03,CACHAR Toll Plaza,136.16
Wangkhem,THOUBAL,276.0,6233955870,village,102,3.51,Belghoria Expressway,603.32,JIRIBAM,90.45,Khongsang,56.32,Kolkata Port (Syama Prasad Mookerjee Port) incl. Haldia Dock Complex,614.33,ICD Amingaon,283.93,Moreh ICP,52.33,Lokpriya Gopinath Bordoloi International Airport (GAU),287.21,MMLP Silchar,124.88,Lakhipur Terminal,102.43,FCI Depot Imphal,18.68,CACHAR Toll Plaza,129.4
Wangoi,IMPHAL WEST,277.0,6234899184,village,137A,0.03,Belghoria Expressway,592.19,JIRIBAM,78.18,Khongsang,44.51,Kolkata Port (Syama Prasad Mookerjee Port) incl. Haldia Dock Complex,603.26,ICD Amingaon,273.45,Moreh ICP,60.54,Lokpriya Gopinath Bordoloi International Airport (GAU),276.46,MMLP Silchar,112.59,Lakhipur Terminal,90.13,FCI Depot Imphal,15.9,CACHAR Toll Plaza,117.26
Gaidimjang II,NONEY,659.0,6236727597,village,37,10.58,Belghoria Expressway,557.17,JIRIBAM,40.38,Khongsang,15.91,Kolkata Port (Syama Prasad Mookerjee Port) incl. Haldia Dock Complex,568.43,ICD Amingaon,242.72,Moreh ICP,91.57,Lokpriya Gopinath Bordoloi International Airport (GAU),244.69,MMLP Silchar,74.53,Lakhipur Terminal,51.97,FCI Depot Imphal,44.1,CACHAR Toll Plaza,80.09
Monjrong Khulen,NONEY,659.0,6236727652,village,37,3.72,Belghoria Expressway,554.67,JIRIBAM,34.41,Khongsang,10.81,Kolkata Port (Syama Prasad Mookerjee Port) incl. Haldia Dock Complex,566.01,ICD Amingaon,235.66,Moreh ICP,98.4,Lokpriya Gopinath Bordoloi International Airport (GAU),237.67,MMLP Silchar,68.81,Lakhipur Terminal,46.38,FCI Depot Imphal,47.56,CACHAR Toll Plaza,73.81
Monjrong,NONEY,659.0,6236727653,village,37,1.27,Belghoria Expressway,558.11,JIRIBAM,35.05,Khongsang,4.91,Kolkata Port (Syama Prasad Mookerjee Port) incl. Haldia Dock Complex,569.51,ICD Amingaon,232.8,Moreh ICP,100.55,Lokpriya Gopinath Bordoloi International Airport (GAU),235.08,MMLP Silchar,69.43,Lakhipur Terminal,47.38,FCI Depot Imphal,45.6,CACHAR Toll Plaza,73.46
Saparmeina,KANGPOKPI,679.0,6236992441,village,2,0.21,Belghoria Expressway,609.77,WADRENGDISA,77.69,Khongsang,48.87,Kolkata Port (Syama Prasad Mookerjee Port) incl. Haldia Dock Complex,621.25,ICD Amingaon,253.31,Moreh ICP,93.5,Lokpriya Gopinath Bordoloi International Airport (GAU),257.88,MMLP Silchar,115.84,Lakhipur Terminal,95.96,FCI Depot Imphal,24.74,DIMA HASAO Toll Plaza,108.08
Lilong Chajing,IMPHAL WEST,277.0,6236992562,village,102,0.11,Belghoria Expressway,597.62,JIRIBAM,81.3,Khongsang,46.46,Kolkata Port (Syama Prasad Mookerjee Port) incl. Haldia Dock Complex,608.73,ICD Amingaon,273.52,Moreh ICP,62.12,Lokpriya Gopinath Bordoloi International Airport (GAU),276.81,MMLP Silchar,115.75,Lakhipur Terminal,93.44,FCI Depot Imphal,10.39,CACHAR Toll Plaza,119.84
Toubul,BISHNUPUR,275.0,6236992857,village,2,3.04,Belghoria Expressway,580.19,JIRIBAM,69.03,Khongsang,38.07,Kolkata Port (Syama Prasad Mookerjee Port) incl. Haldia Dock Complex,591.24,ICD Amingaon,268.54,Moreh ICP,64.49,Lokpriya Gopinath Bordoloi International Airport (GAU),271.07,MMLP Silchar,103.16,Lakhipur Terminal,80.58,FCI Depot Imphal,25.5,CACHAR Toll Plaza,108.65
Kaimai,TAMENGLONG,273.0,6237090100,village,37,0.04,Belghoria Expressway,535.18,JIRIBAM,15.91,Khongsang,25.92,Kolkata Port (Syama Prasad Mookerjee Port) incl. Haldia Dock Complex,546.61,ICD Amingaon,222.37,Sutarkandi ICP,82.31,Lokpriya Gopinath Bordoloi International Airport (GAU),223.57,MMLP Silchar,49.24,Lakhipur Terminal,26.65,FCI Depot Silchar,49.24,CACHAR Toll Plaza,55.64
Bolongdai,NONEY,659.0,6237090329,village,37,0.02,Belghoria Expressway,555.12,JIRIBAM,32.51,Khongsang,7.27,Kolkata Port (Syama Prasad Mookerjee Port) incl. Haldia Dock Complex,566.52,ICD Amingaon,231.81,Sutarkandi ICP,101.52,Lokpriya Gopinath Bordoloi International Airport (GAU),233.95,MMLP Silchar,66.95,Lakhipur Terminal,44.77,FCI Depot Imphal,48.31,CACHAR Toll Plaza,71.3
Ningthoukhong,BISHNUPUR,275.0,6237186085,village,2,0.07,Belghoria Expressway,575.65,JIRIBAM,68.16,Khongsang,39.68,Kolkata Port (Syama Prasad Mookerjee Port) incl. Haldia Dock Complex,586.65,ICD Amingaon,269.95,Moreh ICP,63.59,Lokpriya Gopinath Bordoloi International Airport (GAU),272.22,MMLP Silchar,101.85,Lakhipur Terminal,79.29,FCI Depot Imphal,31.64,CACHAR Toll Plaza,107.99
Kumbi,BISHNUPUR,275.0,6237835486,village,2,7.48,Belghoria Expressway,574.76,JIRIBAM,78.75,Khongsang,54.16,Kolkata Port (Syama Prasad Mookerjee Port) incl. Haldia Dock Complex,585.56,ICD Amingaon,283.3,Moreh ICP,52.78,Lokpriya Gopinath Bordoloi International Airport (GAU),285.18,MMLP Silchar,111.13,Lakhipur Terminal,88.89,FCI Depot Imphal,43.68,CACHAR Toll Plaza,118.45
Ithai,BISHNUPUR,275.0,6237836939,village,2,10.18,Belghoria Expressway,577.36,JIRIBAM,81.53,Khongsang,56.32,Kolkata Port (Syama Prasad Mookerjee Port) incl. Haldia Dock Complex,588.14,ICD Amingaon,285.79,Moreh ICP,49.89,Lokpriya Gopinath Bordoloi International Airport (GAU),287.74,MMLP Silchar,114.01,Lakhipur Terminal,91.74,FCI Depot Imphal,43.42,CACHAR Toll Plaza,121.25
Mukti Khulen,NONEY,659.0,6248175355,village,37,10.3,Belghoria Expressway,545.8,JIRIBAM,32.47,Khongsang,21.62,Kolkata Port (Syama Prasad Mookerjee Port) incl. Haldia Dock Complex,557.07,ICD Amingaon,238.14,Sutarkandi ICP,97.4,Lokpriya Gopinath Bordoloi International Airport (GAU),239.6,MMLP Silchar,65.54,Lakhipur Terminal,43.02,FCI Depot Imphal,55.44,CACHAR Toll Plaza,72.23
Sibilong,TAMENGLONG,273.0,6248175392,village,37,3.11,Belghoria Expressway,544.71,JIRIBAM,19.86,Khongsang,16.62,Kolkata Port (Syama Prasad Mookerjee Port) incl. Haldia Dock Complex,556.21,ICD Amingaon,220.71,Sutarkandi ICP,89.18,Lokpriya Gopinath Bordoloi International Airport (GAU),222.51,MMLP Silchar,54.21,Lakhipur Terminal,32.26,FCI Depot Silchar,54.21,CACHAR Toll Plaza,58.47
Wairangba,TAMENGLONG,273.0,6248308596,village,137,7.51,Belghoria Expressway,573.2,JIRIBAM,46.97,Khongsang,13.77,Kolkata Port (Syama Prasad Mookerjee Port) incl. Haldia Dock Complex,584.72,ICD Amingaon,230.52,Moreh ICP,103.39,Lokpriya Gopinath Bordoloi International Airport (GAU),233.74,MMLP Silchar,79.57,Lakhipur Terminal,59.25,FCI Depot Imphal,38.19,CACHAR Toll Plaza,81.02
Nungnang,NONEY,659.0,6248309046,village,37,4.27,Belghoria Expressway,561.93,JIRIBAM,40.04,Khongsang,7.61,Kolkata Port (Syama Prasad Mookerjee Port) incl. Haldia Dock Complex,573.29,ICD Amingaon,237.68,Moreh ICP,95.52,Lokpriya Gopinath Bordoloi International Airport (GAU),240.05,MMLP Silchar,74.48,Lakhipur Terminal,52.31,FCI Depot Imphal,40.85,CACHAR Toll Plaza,78.66
Okoklong,NONEY,659.0,6248310634,village,37,3.1,Belghoria Expressway,550.92,JIRIBAM,27.6,Khongsang,10.21,Kolkata Port (Syama Prasad Mookerjee Port) incl. Haldia Dock Complex,562.36,ICD Amingaon,227.73,Sutarkandi ICP,96.69,Lokpriya Gopinath Bordoloi International Airport (GAU),229.72,MMLP Silchar,62.03,Lakhipur Terminal,39.89,FCI Depot Imphal,53.12,CACHAR Toll Plaza,66.42
Thingou,NONEY,659.0,6248310635,village,137,3.45,Belghoria Expressway,554.12,JIRIBAM,29.96,Khongsang,6.89,Kolkata Port (Syama Prasad Mookerjee Port) incl. Haldia Dock Complex,565.57,ICD Amingaon,227.86,Sutarkandi ICP,99.27,Lokpriya Gopinath Bordoloi International Airport (GAU),230.04,MMLP Silchar,64.25,Lakhipur Terminal,42.36,FCI Depot Imphal,50.62,CACHAR Toll Plaza,68.12
Akhui,TAMENGLONG,273.0,6248935883,village,137,1.06,Belghoria Expressway,563.24,JIRIBAM,36.84,Khongsang,8.8,Kolkata Port (Syama Prasad Mookerjee Port) incl. Haldia Dock Complex,574.79,ICD Amingaon,223.89,Sutarkandi ICP,105.6,Lokpriya Gopinath Bordoloi International Airport (GAU),226.71,MMLP Silchar,69.4,Lakhipur Terminal,49.07,FCI Depot Imphal,47.16,CACHAR Toll Plaza,71.12
Khongjrong,TAMENGLONG,273.0,6248936585,village,137,1.04,Belghoria Expressway,566.25,JIRIBAM,39.74,Khongsang,14.17,Kolkata Port (Syama Prasad Mookerjee Port) incl. Haldia Dock Complex,577.86,ICD Amingaon,221.16,Sutarkandi ICP,107.56,Lokpriya Gopinath Bordoloi International Airport (GAU),224.24,MMLP Silchar,71.05,Lakhipur Terminal,51.65,FCI Depot Imphal,47.97,CACHAR Toll Plaza,71.83
Ileng,TAMENGLONG,273.0,6251548356,village,129A,21.64,Belghoria Expressway,601.32,WADRENGDISA,50.87,Khongsang,55.05,Kolkata Port (Syama Prasad Mookerjee Port) incl. Haldia Dock Complex,613.17,ICD Amingaon,219.38,Moreh ICP,129.43,Lokpriya Gopinath Bordoloi International Airport (GAU),224.67,MMLP Silchar,103.88,Lakhipur Terminal,88.97,FCI Depot Imphal,58.66,DIMA HASAO Toll Plaza,71.59
Geljang,TAMENGLONG,273.0,6251548357,village,129A,17.06,Belghoria Expressway,605.42,DHANSIRI,51.63,Khongsang,59.71,Kolkata Port (Syama Prasad Mookerjee Port) incl. Haldia Dock Complex,617.3,ICD Amingaon,219.95,Moreh ICP,131.83,Lokpriya Gopinath Bordoloi International Airport (GAU),225.47,MMLP Silchar,108.08,Lakhipur Terminal,93.48,FCI Depot Dimapur,61.02,DIMA HASAO Toll Plaza,71.06
Magulong,TAMENGLONG,273.0,6251548792,village,137G,21.7,Belghoria Expressway,584.64,WADRENGDISA,36.75,Khongsang,42.74,Kolkata Port (Syama Prasad Mookerjee Port) incl. Haldia Dock Complex,596.48,ICD Amingaon,211.06,Sutarkandi ICP,123.49,Lokpriya Gopinath Bordoloi International Airport (GAU),215.62,MMLP Silchar,87.16,Lakhipur Terminal,72.4,FCI Depot Imphal,58.81,DIMA HASAO Toll Plaza,68.59
Ngampabung,PHERZAWL,718.0,6258352699,village,2,11.29,Belghoria Expressway,507.42,JIRIBAM,41.66,Khongsang,60.01,Kolkata Port (Syama Prasad Mookerjee Port) incl. Haldia Dock Complex,518.52,ICD Amingaon,237.18,Sutarkandi ICP,73.83,Lokpriya Gopinath Bordoloi International Airport (GAU),236.56,MMLP Silchar,55.11,Lakhipur Terminal,40.97,FCI Depot Silchar,55.11,CACHAR Toll Plaza,66.69
Tolbung,PHERZAWL,718.0,6258353015,village,2,6.34,Belghoria Expressway,511.5,JIRIBAM,44.91,Khongsang,59.19,Kolkata Port (Syama Prasad Mookerjee Port) incl. Haldia Dock Complex,522.54,ICD Amingaon,243.14,Sutarkandi ICP,80.33,Lokpriya Gopinath Bordoloi International Airport (GAU),242.65,MMLP Silchar,61.06,Lakhipur Terminal,45.69,FCI Depot Silchar,61.06,CACHAR Toll Plaza,72.42
Phulpui,PHERZAWL,718.0,6258353031,village,2,8.74,Belghoria Expressway,505.24,JIRIBAM,45.17,Khongsang,63.31,Kolkata Port (Syama Prasad Mookerjee Port) incl. Haldia Dock Complex,516.3,ICD Amingaon,239.4,Sutarkandi ICP,74.56,Lokpriya Gopinath Bordoloi International Airport (GAU),238.63,MMLP Silchar,57.43,Lakhipur Terminal,44.12,FCI Depot Silchar,57.43,CACHAR Toll Plaza,69.21
Sonpram,TAMENGLONG,273.0,6376606103,village,137,7.92,Belghoria Expressway,577.09,DAOTUHAJA,46.82,Khongsang,21.54,Kolkata Port (Syama Prasad Mookerjee Port) incl. Haldia Dock Complex,588.7,ICD Amingaon,225.49,Moreh ICP,109.81,Lokpriya Gopinath Bordoloi International Airport (GAU),229.09,MMLP Silchar,81.41,Lakhipur Terminal,62.44,FCI Depot Imphal,41.9,CACHAR Toll Plaza,81.5
Tharon,TAMENGLONG,273.0,6376606248,village,137,8.03,Belghoria Expressway,576.14,DAOTUHAJA,42.71,Khongsang,24.02,Kolkata Port (Syama Prasad Mookerjee Port) incl. Haldia Dock Complex,587.8,ICD Amingaon,221.21,Moreh ICP,114.3,Lokpriya Gopinath Bordoloi International Airport (GAU),224.89,MMLP Silchar,79.7,Lakhipur Terminal,61.51,FCI Depot Imphal,46.13,CACHAR Toll Plaza,79.17
Langmei,TAMENGLONG,273.0,6376606249,village,137,22.93,Belghoria Expressway,591.0,WADRENGDISA,50.63,Khongsang,37.09,Kolkata Port (Syama Prasad Mookerjee Port) incl. Haldia Dock Complex,602.7,ICD Amingaon,226.51,Moreh ICP,114.27,Lokpriya Gopinath Bordoloi International Airport (GAU),230.91,MMLP Silchar,94.07,Lakhipur Terminal,76.51,FCI Depot Imphal,43.48,DIMA HASAO Toll Plaza,83.79
Kabonram,TAMENGLONG,273.0,6376606250,village,137,18.83,Belghoria Expressway,586.92,WADRENGDISA,48.2,Khongsang,33.39,Kolkata Port (Syama Prasad Mookerjee Port) incl. Haldia Dock Complex,598.61,ICD Amingaon,224.89,Moreh ICP,114.17,Lokpriya Gopinath Bordoloi International Airport (GAU),229.1,MMLP Silchar,90.09,Lakhipur Terminal,72.4,FCI Depot Imphal,43.79,DIMA HASAO Toll Plaza,83.71
Buning,TAMENGLONG,273.0,6376606251,village,137,19.21,Belghoria Expressway,585.98,WADRENGDISA,45.34,Khongsang,34.68,Kolkata Port (Syama Prasad Mookerjee Port) incl. Haldia Dock Complex,597.7,ICD Amingaon,221.78,Moreh ICP,117.38,Lokpriya Gopinath Bordoloi International Airport (GAU),226.04,MMLP Silchar,88.85,Lakhipur Terminal,71.7,FCI Depot Imphal,47.02,DIMA HASAO Toll Plaza,80.5
Impa,TAMENGLONG,273.0,6376613229,village,137G,18.66,Belghoria Expressway,580.35,WADRENGDISA,34.61,Khongsang,38.62,Kolkata Port (Syama Prasad Mookerjee Port) incl. Haldia Dock Complex,592.16,ICD Amingaon,210.55,Sutarkandi ICP,119.27,Lokpriya Gopinath Bordoloi International Airport (GAU),214.85,MMLP Silchar,82.83,Lakhipur Terminal,67.73,FCI Depot Imphal,57.98,DIMA HASAO Toll Plaza,70.17
Lamlaba,TAMENGLONG,273.0,6376614013,village,137,16.1,Belghoria Expressway,584.55,WADRENGDISA,47.74,Khongsang,30.57,Kolkata Port (Syama Prasad Mookerjee Port) incl. Haldia Dock Complex,596.22,ICD Amingaon,224.92,Moreh ICP,113.09,Lokpriya Gopinath Bordoloi International Airport (GAU),228.99,MMLP Silchar,87.92,Lakhipur Terminal,69.94,FCI Depot Imphal,43.1,DIMA HASAO Toll Plaza,84.85
Inem,TAMENGLONG,273.0,6376614014,village,137G,15.41,Belghoria Expressway,577.24,WADRENGDISA,31.53,Khongsang,38.09,Kolkata Port (Syama Prasad Mookerjee Port) incl. Haldia Dock Complex,589.07,ICD Amingaon,207.97,Sutarkandi ICP,116.12,Lokpriya Gopinath Bordoloi International Airport (GAU),212.15,MMLP Silchar,79.73,Lakhipur Terminal,64.99,FCI Depot Imphal,60.1,DIMA HASAO Toll Plaza,68.84
Atengba,TAMENGLONG,273.0,6377960585,village,137,11.97,Belghoria Expressway,552.74,JIRIBAM,26.37,Khongsang,16.83,Kolkata Port (Syama Prasad Mookerjee Port) incl. Haldia Dock Complex,564.37,ICD Amingaon,213.71,Sutarkandi ICP,93.99,Lokpriya Gopinath Bordoloi International Airport (GAU),216.18,MMLP Silchar,57.56,Lakhipur Terminal,38.08,FCI Depot Silchar,57.56,CACHAR Toll Plaza,58.93
Bamgaijang,TAMENGLONG,273.0,6377960586,village,137,8.49,Belghoria Expressway,557.43,JIRIBAM,30.95,Khongsang,14.06,Kolkata Port (Syama Prasad Mookerjee Port) incl. Haldia Dock Complex,569.04,ICD Amingaon,216.71,Sutarkandi ICP,98.81,Lokpriya Gopinath Bordoloi International Airport (GAU),219.38,MMLP Silchar,62.37,Lakhipur Terminal,42.81,FCI Depot Imphal,54.91,CACHAR Toll Plaza,63.61
New Magulong,TAMENGLONG,273.0,6381855186,village,137G,11.98,Belghoria Expressway,575.16,WADRENGDISA,27.73,Khongsang,40.28,Kolkata Port (Syama Prasad Mookerjee Port) incl. Haldia Dock Complex,587.02,ICD Amingaon,204.01,Sutarkandi ICP,113.98,Lokpriya Gopinath Bordoloi International Airport (GAU),208.2,MMLP Silchar,77.79,Lakhipur Terminal,63.95,FCI Depot Imphal,63.98,DIMA HASAO Toll Plaza,65.43
Zening,TAMENGLONG,273.0,6381855200,village,137G,11.41,Belghoria Expressway,573.47,WADRENGDISA,27.74,Khongsang,38.0,Kolkata Port (Syama Prasad Mookerjee Port) incl. Haldia Dock Complex,585.32,ICD Amingaon,204.7,Sutarkandi ICP,112.32,Lokpriya Gopinath Bordoloi International Airport (GAU),208.76,MMLP Silchar,76.02,Lakhipur Terminal,61.81,FCI Depot Imphal,62.97,DIMA HASAO Toll Plaza,67.23
Ningjām,TAMENGLONG,273.0,6381855201,village,137G,14.1,Belghoria Expressway,572.03,DAOTUHAJA,30.73,Khongsang,32.54,Kolkata Port (Syama Prasad Mookerjee Port) incl. Haldia Dock Complex,583.83,ICD Amingaon,208.58,Sutarkandi ICP,111.09,Lokpriya Gopinath Bordoloi International Airport (GAU),212.41,MMLP Silchar,74.53,Lakhipur Terminal,59.04,FCI Depot Imphal,58.79,CACHAR Toll Plaza,72.16
Tairenpokpi,IMPHAL WEST,277.0,6398219538,village,37,4.53,Belghoria Expressway,589.21,JIRIBAM,67.35,Khongsang,31.24,Kolkata Port (Syama Prasad Mookerjee Port) incl. Haldia Dock Complex,600.5,ICD Amingaon,255.97,Moreh ICP,79.26,Lokpriya Gopinath Bordoloi International Airport (GAU),259.33,MMLP Silchar,101.54,Lakhipur Terminal,79.76,FCI Depot Imphal,13.28,CACHAR Toll Plaza,104.59
Tuivelzang,CHURACHANDPUR,274.0,6449561894,village,102B,0.08,Belghoria Expressway,539.4,JIRIBAM,83.07,Khongsang,76.34,Kolkata Port (Syama Prasad Mookerjee Port) incl. Haldia Dock Complex,549.87,ICD Amingaon,288.36,Moreh ICP,77.3,Lokpriya Gopinath Bordoloi International Airport (GAU),288.45,MMLP Silchar,107.05,Lakhipur Terminal,88.49,FCI Depot Imphal,84.04,CACHAR Toll Plaza,117.55
Mongken,CHURACHANDPUR,274.0,6449561954,village,102B,0.17,Belghoria Expressway,539.25,JIRIBAM,82.81,Khongsang,76.14,Kolkata Port (Syama Prasad Mookerjee Port) incl. Haldia Dock Complex,549.73,ICD Amingaon,288.09,Moreh ICP,77.48,Lokpriya Gopinath Bordoloi International Airport (GAU),288.18,MMLP Silchar,106.77,Lakhipur Terminal,88.22,FCI Depot Imphal,83.98,CACHAR Toll Plaza,117.27
Maukot,CHURACHANDPUR,274.0,6449563149,village,102B,0.02,Belghoria Expressway,539.5,JIRIBAM,82.73,Khongsang,75.95,Kolkata Port (Syama Prasad Mookerjee Port) incl. Haldia Dock Complex,549.98,ICD Amingaon,288.06,Moreh ICP,77.24,Lokpriya Gopinath Bordoloi International Airport (GAU),288.16,MMLP Silchar,106.77,Lakhipur Terminal,88.18,FCI Depot Imphal,83.7,CACHAR Toll Plaza,117.25
Suangdoh,CHURACHANDPUR,274.0,6449566318,village,102B,0.02,Belghoria Expressway,532.55,JIRIBAM,84.86,Khongsang,81.11,Kolkata Port (Syama Prasad Mookerjee Port) incl. Haldia Dock Complex,542.98,ICD Amingaon,288.68,Moreh ICP,83.86,Lokpriya Gopinath Bordoloi International Airport (GAU),288.44,MMLP Silchar,106.81,Lakhipur Terminal,89.3,FCI Depot Imphal,91.11,CACHAR Toll Plaza,117.74
Chiangpi,CHURACHANDPUR,274.0,6449570331,village,102B,1.78,Belghoria Expressway,535.26,JIRIBAM,80.87,Khongsang,76.03,Kolkata Port (Syama Prasad Mookerjee Port) incl. Haldia Dock Complex,545.76,ICD Amingaon,285.51,Moreh ICP,81.57,Lokpriya Gopinath Bordoloi International Airport (GAU),285.46,MMLP Silchar,103.93,Lakhipur Terminal,85.81,FCI Depot Imphal,86.05,CACHAR Toll Plaza,114.61
G Bualzang,CHURACHANDPUR,274.0,6449575380,village,102B,0.04,Belghoria Expressway,533.24,JIRIBAM,80.02,Khongsang,76.12,Kolkata Port (Syama Prasad Mookerjee Port) incl. Haldia Dock Complex,543.74,ICD Amingaon,284.28,Moreh ICP,83.64,Lokpriya Gopinath Bordoloi International Airport (GAU),284.16,MMLP Silchar,102.57,Lakhipur Terminal,84.7,FCI Depot Imphal,87.19,CACHAR Toll Plaza,113.35
Tuilakzang,CHURACHANDPUR,274.0,6449582485,village,102B,0.28,Belghoria Expressway,533.68,JIRIBAM,80.3,Khongsang,76.19,Kolkata Port (Syama Prasad Mookerjee Port) incl. Haldia Dock Complex,544.18,ICD Amingaon,284.64,Moreh ICP,83.18,Lokpriya Gopinath Bordoloi International Airport (GAU),284.53,MMLP Silchar,102.95,Lakhipur Terminal,85.03,FCI Depot Imphal,87.01,CACHAR Toll Plaza,113.72
Lungthul T,CHURACHANDPUR,274.0,6449585930,village,102B,0.05,Belghoria Expressway,532.77,JIRIBAM,82.13,Khongsang,78.37,Kolkata Port (Syama Prasad Mookerjee Port) incl. Haldia Dock Complex,543.25,ICD Amingaon,286.17,Moreh ICP,83.85,Lokpriya Gopinath Bordoloi International Airport (GAU),285.99,MMLP Silchar,104.37,Lakhipur Terminal,86.69,FCI Depot Imphal,89.02,CACHAR Toll Plaza,115.23
Tuima,CHURACHANDPUR,274.0,6449590070,village,102B,0.04,Belghoria Expressway,527.45,JIRIBAM,78.01,Khongsang,76.85,Kolkata Port (Syama Prasad Mookerjee Port) incl. Haldia Dock Complex,537.98,ICD Amingaon,280.97,Moreh ICP,89.55,Lokpriya Gopinath Bordoloi International Airport (GAU),280.64,MMLP Silchar,99.0,Lakhipur Terminal,81.91,FCI Depot Imphal,90.77,CACHAR Toll Plaza,110.06
Lungthul (D),CHURACHANDPUR,274.0,6449592477,village,102B,0.03,Belghoria Expressway,530.68,JIRIBAM,77.09,Khongsang,74.5,Kolkata Port (Syama Prasad Mookerjee Port) incl. Haldia Dock Complex,541.23,ICD Amingaon,280.93,Moreh ICP,86.54,Lokpriya Gopinath Bordoloi International Airport (GAU),280.75,MMLP Silchar,99.14,Lakhipur Terminal,81.49,FCI Depot Imphal,87.46,CACHAR Toll Plaza,110.0
Lungthul (L),CHURACHANDPUR,274.0,6449594966,village,102B,0.03,Belghoria Expressway,530.68,JIRIBAM,77.7,Khongsang,75.07,Kolkata Port (Syama Prasad Mookerjee Port) incl. Haldia Dock Complex,541.22,ICD Amingaon,281.5,Moreh ICP,86.45,Lokpriya Gopinath Bordoloi International Airport (GAU),281.31,MMLP Silchar,99.69,Lakhipur Terminal,82.08,FCI Depot Imphal,87.85,CACHAR Toll Plaza,110.57
Thuangtam,PHERZAWL,718.0,6449595742,village,102B,0.05,Belghoria Expressway,527.13,JIRIBAM,75.27,Khongsang,74.47,Kolkata Port (Syama Prasad Mookerjee Port) incl. Haldia Dock Complex,537.7,ICD Amingaon,278.31,Moreh ICP,90.29,Lokpriya Gopinath Bordoloi International Airport (GAU),278.01,MMLP Silchar,96.36,Lakhipur Terminal,79.19,FCI Depot Imphal,89.37,CACHAR Toll Plaza,107.39
Mualnuam,PHERZAWL,718.0,6449596088,village,102B,0.08,Belghoria Expressway,526.82,JIRIBAM,70.61,Khongsang,70.37,Kolkata Port (Syama Prasad Mookerjee Port) incl. Haldia Dock Complex,537.46,ICD Amingaon,273.84,Moreh ICP,91.51,Lokpriya Gopinath Bordoloi International Airport (GAU),273.6,MMLP Silchar,91.97,Lakhipur Terminal,74.59,FCI Depot Imphal,86.94,CACHAR Toll Plaza,102.91
Khuanggin,PHERZAWL,718.0,6449600169,village,102B,0.04,Belghoria Expressway,518.87,JIRIBAM,75.74,Khongsang,78.72,Kolkata Port (Syama Prasad Mookerjee Port) incl. Haldia Dock Complex,529.43,ICD Amingaon,276.18,Moreh ICP,98.33,Lokpriya Gopinath Bordoloi International Airport (GAU),275.52,MMLP Silchar,94.1,Lakhipur Terminal,78.37,FCI Depot Silchar,94.1,CACHAR Toll Plaza,105.55
Tipaimukh,PHERZAWL,718.0,6462162183,village,2,2.58,Belghoria Expressway,494.1,Bhairabi,48.42,Khongsang,79.76,Kolkata Port (Syama Prasad Mookerjee Port) incl. Haldia Dock Complex,504.97,ICD Amingaon,249.57,Sutarkandi ICP,79.14,Lokpriya Gopinath Bordoloi International Airport (GAU),248.09,MMLP Silchar,69.33,Lakhipur Terminal,59.49,FCI Depot Silchar,69.33,CACHAR Toll Plaza,81.66
Phungyar,KAMJANG,670.0,6828345585,village,102A,0.02,Belghoria Expressway,640.0,JIRIBAM,122.3,Khongsang,86.23,Kolkata Port (Syama Prasad Mookerjee Port) incl. Haldia Dock Complex,651.05,ICD Amingaon,302.89,Moreh ICP,60.92,Lokpriya Gopinath Bordoloi International Airport (GAU),307.4,MMLP Silchar,156.53,Lakhipur Terminal,134.67,FCI Depot Imphal,41.73,DIMA HASAO Toll Plaza,156.64
Kasom Khullen,KAMJANG,670.0,6828345685,village,102A,0.06,Belghoria Expressway,626.88,JIRIBAM,114.63,Khongsang,79.67,Kolkata Port (Syama Prasad Mookerjee Port) incl. Haldia Dock Complex,637.8,ICD Amingaon,303.53,Moreh ICP,45.68,Lokpriya Gopinath Bordoloi International Airport (GAU),307.38,MMLP Silchar,149.09,Lakhipur Terminal,126.74,FCI Depot Imphal,36.63,CACHAR Toll Plaza,153.15
Shangshak Khullen,UKHRUL,279.0,7160628233,village,102A,0.95,Belghoria Expressway,645.73,RANGAPAHAR,110.85,Khongsang,86.14,Kolkata Port (Syama Prasad Mookerjee Port) incl. Haldia Dock Complex,657.0,ICD Amingaon,291.04,Moreh ICP,81.93,Lokpriya Gopinath Bordoloi International Airport (GAU),296.23,MMLP Silchar,155.5,Lakhipur Terminal,134.7,FCI Depot Imphal,44.8,DIMA HASAO Toll Plaza,142.21
Patsoi,IMPHAL WEST,277.0,7160726456,village,37,0.4,Belghoria Expressway,593.52,JIRIBAM,73.64,Khongsang,37.91,Kolkata Port (Syama Prasad Mookerjee Port) incl. Haldia Dock Complex,604.74,ICD Amingaon,263.49,Moreh ICP,72.16,Lokpriya Gopinath Bordoloi International Airport (GAU),266.86,MMLP Silchar,107.99,Lakhipur Terminal,85.97,FCI Depot Imphal,7.65,CACHAR Toll Plaza,111.43
Machi,TENGNOUPAL,667.0,7160914647,village,102A,3.9,Belghoria Expressway,608.9,JIRIBAM,105.79,Khongsang,73.92,Kolkata Port (Syama Prasad Mookerjee Port) incl. Haldia Dock Complex,619.66,ICD Amingaon,303.34,Moreh ICP,31.9,Lokpriya Gopinath Bordoloi International Airport (GAU),306.34,MMLP Silchar,139.79,Lakhipur Terminal,117.21,FCI Depot Imphal,39.07,CACHAR Toll Plaza,145.45
Sawombung,IMPHAL EAST,278.0,7160939004,village,202,0.04,Belghoria Expressway,610.17,JIRIBAM,88.25,Khongsang,51.97,Kolkata Port (Syama Prasad Mookerjee Port) incl. Haldia Dock Complex,621.42,ICD Amingaon,270.32,Moreh ICP,72.76,Lokpriya Gopinath Bordoloi International Airport (GAU),274.36,MMLP Silchar,122.2,Lakhipur Terminal,100.69,FCI Depot Imphal,9.38,CACHAR Toll Plaza,124.61
Keirao Bitra,IMPHAL EAST,278.0,7160939005,village,102,4.3,Belghoria Expressway,602.14,JIRIBAM,85.16,Khongsang,49.93,Kolkata Port (Syama Prasad Mookerjee Port) incl. Haldia Dock Complex,613.25,ICD Amingaon,275.66,Moreh ICP,61.55,Lokpriya Gopinath Bordoloi International Airport (GAU),279.12,MMLP Silchar,119.6,Lakhipur Terminal,97.38,FCI Depot Imphal,9.44,CACHAR Toll Plaza,123.43
Muallum,CHURACHANDPUR,274.0,7431176479,village,102B,0.0,Belghoria Expressway,549.27,JIRIBAM,82.92,Khongsang,71.68,Kolkata Port (Syama Prasad Mookerjee Port) incl. Haldia Dock Complex,559.79,ICD Amingaon,289.49,Moreh ICP,67.98,Lokpriya Gopinath Bordoloi International Airport (GAU),290.01,MMLP Silchar,109.45,Lakhipur Terminal,89.65,FCI Depot Imphal,75.06,CACHAR Toll Plaza,119.3
S.Zezaw,CHURACHANDPUR,274.0,7431176480,village,102B,0.04,Belghoria Expressway,552.63,JIRIBAM,82.69,Khongsang,69.86,Kolkata Port (Syama Prasad Mookerjee Port) incl. Haldia Dock Complex,563.17,ICD Amingaon,289.49,Moreh ICP,64.98,Lokpriya Gopinath Bordoloi International Airport (GAU),290.17,MMLP Silchar,110.05,Lakhipur Terminal,89.87,FCI Depot Imphal,71.69,CACHAR Toll Plaza,119.65
S. Munhoih,CHURACHANDPUR,274.0,7431176481,village,102B,0.01,Belghoria Expressway,552.84,JIRIBAM,81.58,Khongsang,68.55,Kolkata Port (Syama Prasad Mookerjee Port) incl. Haldia Dock Complex,563.4,ICD Amingaon,288.4,Moreh ICP,65.07,Lokpriya Gopinath Bordoloi International Airport (GAU),289.12,MMLP Silchar,109.11,Lakhipur Terminal,88.84,FCI Depot Imphal,70.56,CACHAR Toll Plaza,118.65
Lamjang,CHURACHANDPUR,274.0,7431176482,village,102B,0.01,Belghoria Expressway,554.2,JIRIBAM,80.06,Khongsang,66.24,Kolkata Port (Syama Prasad Mookerjee Port) incl. Haldia Dock Complex,564.79,ICD Amingaon,286.95,Moreh ICP,64.33,Lokpriya Gopinath Bordoloi International Airport (GAU),287.76,MMLP Silchar,108.09,Lakhipur Terminal,87.59,FCI Depot Imphal,67.97,CACHAR Toll Plaza,117.46
Panglian singhat sub.div.,CHURACHANDPUR,274.0,7431176483,village,102B,0.03,Belghoria Expressway,553.35,JIRIBAM,81.19,Khongsang,67.88,Kolkata Port (Syama Prasad Mookerjee Port) incl. Haldia Dock Complex,563.92,ICD Amingaon,288.04,Moreh ICP,64.72,Lokpriya Gopinath Bordoloi International Airport (GAU),288.79,MMLP Silchar,108.89,Lakhipur Terminal,88.54,FCI Depot Imphal,69.74,CACHAR Toll Plaza,118.37
Killian village,CHURACHANDPUR,274.0,7431404595,village,102B,0.03,Belghoria Expressway,553.71,JIRIBAM,80.46,Khongsang,66.91,Kolkata Port (Syama Prasad Mookerjee Port) incl. Haldia Dock Complex,564.29,ICD Amingaon,287.33,Moreh ICP,64.62,Lokpriya Gopinath Bordoloi International Airport (GAU),288.11,MMLP Silchar,108.33,Lakhipur Terminal,87.89,FCI Depot Imphal,68.79,CACHAR Toll Plaza,117.75
S. Geltui,CHURACHANDPUR,274.0,7431404596,village,102B,0.06,Belghoria Expressway,553.19,JIRIBAM,82.85,Khongsang,69.76,Kolkata Port (Syama Prasad Mookerjee Port) incl. Haldia Dock Complex,563.74,ICD Amingaon,289.66,Moreh ICP,64.45,Lokpriya Gopinath Bordoloi International Airport (GAU),290.37,MMLP Silchar,110.32,Lakhipur Terminal,90.08,FCI Depot Imphal,71.27,CACHAR Toll Plaza,119.88
Geljang,CHURACHANDPUR,274.0,7431404597,village,102B,0.01,Belghoria Expressway,554.81,JIRIBAM,79.18,Khongsang,64.97,Kolkata Port (Syama Prasad Mookerjee Port) incl. Haldia Dock Complex,565.42,ICD Amingaon,286.09,Moreh ICP,64.1,Lokpriya Gopinath Bordoloi International Airport (GAU),286.94,MMLP Silchar,107.46,Lakhipur Terminal,86.83,FCI Depot Imphal,66.63,CACHAR Toll Plaza,116.73
Mata,CHURACHANDPUR,274.0,7431404598,village,102B,0.15,Belghoria Expressway,557.75,JIRIBAM,77.38,Khongsang,61.47,Kolkata Port (Syama Prasad Mookerjee Port) incl. Haldia Dock Complex,568.41,ICD Amingaon,284.26,Moreh ICP,62.47,Lokpriya Gopinath Bordoloi International Airport (GAU),285.3,MMLP Silchar,106.56,Lakhipur Terminal,85.54,FCI Depot Imphal,62.11,CACHAR Toll Plaza,115.5
Hiangdung,CHURACHANDPUR,274.0,7431404600,village,102B,0.02,Belghoria Expressway,553.54,JIRIBAM,80.86,Khongsang,67.44,Kolkata Port (Syama Prasad Mookerjee Port) incl. Haldia Dock Complex,564.12,ICD Amingaon,287.73,Moreh ICP,64.65,Lokpriya Gopinath Bordoloi International Airport (GAU),288.49,MMLP Silchar,108.65,Lakhipur Terminal,88.26,FCI Depot Imphal,69.29,CACHAR Toll Plaza,118.1
New Bijang,CHURACHANDPUR,274.0,7596219110,village,102C,17.0,Belghoria Expressway,574.3,JIRIBAM,96.96,Khongsang,76.4,Kolkata Port (Syama Prasad Mookerjee Port) incl. Haldia Dock Complex,584.78,ICD Amingaon,303.37,Moreh ICP,42.85,Lokpriya Gopinath Bordoloi International Airport (GAU),304.75,MMLP Silchar,127.16,Lakhipur Terminal,105.78,FCI Depot Imphal,64.36,CACHAR Toll Plaza,135.74
Jordan,CHURACHANDPUR,274.0,7596219143,village,102B,14.43,Belghoria Expressway,562.77,JIRIBAM,96.66,Khongsang,80.78,Kolkata Port (Syama Prasad Mookerjee Port) incl. Haldia Dock Complex,573.16,ICD Amingaon,303.57,Moreh ICP,53.55,Lokpriya Gopinath Bordoloi International Airport (GAU),304.42,MMLP Silchar,124.68,Lakhipur Terminal,104.26,FCI Depot Imphal,74.98,CACHAR Toll Plaza,134.12
"M. B, Saiching",BISHNUPUR,275.0,7596232079,village,102C,14.37,Belghoria Expressway,575.34,JIRIBAM,90.7,Khongsang,68.55,Kolkata Port (Syama Prasad Mookerjee Port) incl. Haldia Dock Complex,585.93,ICD Amingaon,296.54,Moreh ICP,44.43,Lokpriya Gopinath Bordoloi International Airport (GAU),298.13,MMLP Silchar,121.79,Lakhipur Terminal,100.04,FCI Depot Imphal,56.25,CACHAR Toll Plaza,129.91
Jangmun,CHURACHANDPUR,274.0,7596232080,village,102C,17.2,Belghoria Expressway,574.23,JIRIBAM,97.18,Khongsang,76.69,Kolkata Port (Syama Prasad Mookerjee Port) incl. Haldia Dock Complex,584.7,ICD Amingaon,303.61,Moreh ICP,42.85,Lokpriya Gopinath Bordoloi International Airport (GAU),304.98,MMLP Silchar,127.34,Lakhipur Terminal,105.98,FCI Depot Imphal,64.67,CACHAR Toll Plaza,135.94
Khaukual Khuman,CHURACHANDPUR,274.0,7596275220,village,102C,17.46,Belghoria Expressway,573.18,JIRIBAM,95.11,Khongsang,74.7,Kolkata Port (Syama Prasad Mookerjee Port) incl. Haldia Dock Complex,583.68,ICD Amingaon,301.53,Moreh ICP,44.27,Lokpriya Gopinath Bordoloi International Airport (GAU),302.9,MMLP Silchar,125.31,Lakhipur Terminal,103.92,FCI Depot Imphal,63.41,CACHAR Toll Plaza,133.88
W.JouZang village,CHURACHANDPUR,274.0,7596275221,village,102B,14.66,Belghoria Expressway,563.16,JIRIBAM,96.79,Khongsang,80.76,Kolkata Port (Syama Prasad Mookerjee Port) incl. Haldia Dock Complex,573.55,ICD Amingaon,303.7,Moreh ICP,53.15,Lokpriya Gopinath Bordoloi International Airport (GAU),304.57,MMLP Silchar,124.88,Lakhipur Terminal,104.43,FCI Depot Imphal,74.75,CACHAR Toll Plaza,134.3
Longja,CHANDEL,280.0,7596275222,village,102B,19.53,Belghoria Expressway,569.86,JIRIBAM,99.48,Khongsang,81.1,Kolkata Port (Syama Prasad Mookerjee Port) incl. Haldia Dock Complex,580.26,ICD Amingaon,306.29,Moreh ICP,46.49,Lokpriya Gopinath Bordoloi International Airport (GAU),307.41,MMLP Silchar,128.58,Lakhipur Terminal,107.68,FCI Depot Imphal,71.37,CACHAR Toll Plaza,137.64
Mualvom Vangkho,CHURACHANDPUR,274.0,7596275223,village,102B,15.43,Belghoria Expressway,571.24,JIRIBAM,91.69,Khongsang,71.54,Kolkata Port (Syama Prasad Mookerjee Port) incl. Haldia Dock Complex,581.78,ICD Amingaon,298.13,Moreh ICP,46.88,Lokpriya Gopinath Bordoloi International Airport (GAU),299.5,MMLP Silchar,121.93,Lakhipur Terminal,100.52,FCI Depot Imphal,61.68,CACHAR Toll Plaza,130.48
Phaisan,CHURACHANDPUR,274.0,7596275224,village,102B,15.94,Belghoria Expressway,566.16,JIRIBAM,96.87,Khongsang,79.63,Kolkata Port (Syama Prasad Mookerjee Port) incl. Haldia Dock Complex,576.57,ICD Amingaon,303.76,Moreh ICP,50.24,Lokpriya Gopinath Bordoloi International Airport (GAU),304.76,MMLP Silchar,125.54,Lakhipur Terminal,104.83,FCI Depot Imphal,72.07,CACHAR Toll Plaza,134.75
Singheu,CHURACHANDPUR,274.0,7596275225,village,102B,17.0,Belghoria Expressway,568.31,JIRIBAM,96.61,Khongsang,78.47,Kolkata Port (Syama Prasad Mookerjee Port) incl. Haldia Dock Complex,578.74,ICD Amingaon,303.44,Moreh ICP,48.24,Lokpriya Gopinath Bordoloi International Airport (GAU),304.54,MMLP Silchar,125.74,Lakhipur Terminal,104.82,FCI Depot Imphal,69.79,CACHAR Toll Plaza,134.78
Haikha (L),CHANDEL,280.0,7596275226,village,102B,19.75,Belghoria Expressway,568.96,JIRIBAM,100.52,Khongsang,82.65,Kolkata Port (Syama Prasad Mookerjee Port) incl. Haldia Dock Complex,579.33,ICD Amingaon,307.39,Moreh ICP,47.33,Lokpriya Gopinath Bordoloi International Airport (GAU),308.44,MMLP Silchar,129.34,Lakhipur Terminal,108.57,FCI Depot Imphal,73.31,CACHAR Toll Plaza,138.51
Chakap,CHANDEL,280.0,7596397063,village,102B,19.66,Belghoria Expressway,568.57,JIRIBAM,100.64,Khongsang,82.94,Kolkata Port (Syama Prasad Mookerjee Port) incl. Haldia Dock Complex,578.93,ICD Amingaon,307.52,Moreh ICP,47.72,Lokpriya Gopinath Bordoloi International Airport (GAU),308.55,MMLP Silchar,129.38,Lakhipur Terminal,108.65,FCI Depot Imphal,73.79,CACHAR Toll Plaza,138.58
M.Tolpijang,CHANDEL,280.0,7596426158,village,102B,20.0,Belghoria Expressway,568.49,JIRIBAM,101.16,Khongsang,83.56,Kolkata Port (Syama Prasad Mookerjee Port) incl. Haldia Dock Complex,578.84,ICD Amingaon,308.05,Moreh ICP,47.8,Lokpriya Gopinath Bordoloi International Airport (GAU),309.06,MMLP Silchar,129.82,Lakhipur Terminal,109.13,FCI Depot Imphal,74.42,CACHAR Toll Plaza,139.05
Makhao,BISHNUPUR,275.0,7596426159,village,102C,14.29,Belghoria Expressway,575.39,JIRIBAM,91.02,Khongsang,68.92,Kolkata Port (Syama Prasad Mookerjee Port) incl. Haldia Dock Complex,585.98,ICD Amingaon,296.89,Moreh ICP,44.24,Lokpriya Gopinath Bordoloi International Airport (GAU),298.47,MMLP Silchar,122.08,Lakhipur Terminal,100.34,FCI Depot Imphal,56.56,CACHAR Toll Plaza,130.22
Langvon,CHURACHANDPUR,274.0,7596429887,village,102B,15.19,Belghoria Expressway,572.62,JIRIBAM,90.49,Khongsang,69.51,Kolkata Port (Syama Prasad Mookerjee Port) incl. Haldia Dock Complex,583.19,ICD Amingaon,296.7,Moreh ICP,46.32,Lokpriya Gopinath Bordoloi International Airport (GAU),298.16,MMLP Silchar,121.12,Lakhipur Terminal,99.54,FCI Depot Imphal,58.94,CACHAR Toll Plaza,129.48
Z. Khomunnuom,CHURACHANDPUR,274.0,7596429903,village,102B,18.48,Belghoria Expressway,570.53,JIRIBAM,96.55,Khongsang,77.48,Kolkata Port (Syama Prasad Mookerjee Port) incl. Haldia Dock Complex,580.98,ICD Amingaon,303.26,Moreh ICP,46.22,Lokpriya Gopinath Bordoloi International Airport (GAU),304.47,MMLP Silchar,126.11,Lakhipur Terminal,105.0,FCI Depot Imphal,67.6,CACHAR Toll Plaza,134.97
Phoikon,CHANDEL,280.0,7596429921,village,102B,19.96,Belghoria Expressway,568.0,JIRIBAM,101.37,Khongsang,83.99,Kolkata Port (Syama Prasad Mookerjee Port) incl. Haldia Dock Complex,578.35,ICD Amingaon,308.27,Moreh ICP,48.29,Lokpriya Gopinath Bordoloi International Airport (GAU),309.26,MMLP Silchar,129.92,Lakhipur Terminal,109.28,FCI Depot Imphal,75.08,CACHAR Toll Plaza,139.19
T. Phaicham,CHANDEL,280.0,7596429948,village,102B,19.56,Belghoria Expressway,569.54,JIRIBAM,99.8,Khongsang,81.6,Kolkata Port (Syama Prasad Mookerjee Port) incl. Haldia Dock Complex,579.93,ICD Amingaon,306.64,Moreh ICP,46.79,Lokpriya Gopinath Bordoloi International Airport (GAU),307.73,MMLP Silchar,128.81,Lakhipur Terminal,107.95,FCI Depot Imphal,72.01,CACHAR Toll Plaza,137.9
Pantha,BISHNUPUR,275.0,7596429949,village,102C,14.37,Belghoria Expressway,575.32,JIRIBAM,90.8,Khongsang,68.68,Kolkata Port (Syama Prasad Mookerjee Port) incl. Haldia Dock Complex,585.91,ICD Amingaon,296.65,Moreh ICP,44.39,Lokpriya Gopinath Bordoloi International Airport (GAU),298.24,MMLP Silchar,121.88,Lakhipur Terminal,100.13,FCI Depot Imphal,56.38,CACHAR Toll Plaza,130.01
D .Tuinol,CHURACHANDPUR,274.0,7596429950,village,102C,18.81,Belghoria Expressway,572.68,JIRIBAM,96.73,Khongsang,76.8,Kolkata Port (Syama Prasad Mookerjee Port) incl. Haldia Dock Complex,583.14,ICD Amingaon,303.28,Moreh ICP,44.29,Lokpriya Gopinath Bordoloi International Airport (GAU),304.59,MMLP Silchar,126.66,Lakhipur Terminal,105.39,FCI Depot Imphal,65.71,CACHAR Toll Plaza,135.36
Gelngai,CHANDEL,280.0,7596429951,village,102B,19.96,Belghoria Expressway,570.44,JIRIBAM,99.65,Khongsang,81.07,Kolkata Port (Syama Prasad Mookerjee Port) incl. Haldia Dock Complex,580.84,ICD Amingaon,306.44,Moreh ICP,45.92,Lokpriya Gopinath Bordoloi International Airport (GAU),307.58,MMLP Silchar,128.84,Lakhipur Terminal,107.9,FCI Depot Imphal,71.01,CACHAR Toll Plaza,137.86
Saiboh,CHURACHANDPUR,274.0,7596430183,village,102B,16.54,Belghoria Expressway,571.56,JIRIBAM,92.97,Khongsang,72.89,Kolkata Port (Syama Prasad Mookerjee Port) incl. Haldia Dock Complex,582.08,ICD Amingaon,299.44,Moreh ICP,46.21,Lokpriya Gopinath Bordoloi International Airport (GAU),300.79,MMLP Silchar,123.11,Lakhipur Terminal,101.74,FCI Depot Imphal,62.72,CACHAR Toll Plaza,131.71
H.Vangmun Village,CHURACHANDPUR,274.0,7596430184,village,102B,15.67,Belghoria Expressway,564.88,JIRIBAM,97.29,Khongsang,80.63,Kolkata Port (Syama Prasad Mookerjee Port) incl. Haldia Dock Complex,575.27,ICD Amingaon,304.2,Moreh ICP,51.45,Lokpriya Gopinath Bordoloi International Airport (GAU),305.14,MMLP Silchar,125.67,Lakhipur Terminal,105.08,FCI Depot Imphal,73.68,CACHAR Toll Plaza,134.99
P. Salem,CHANDEL,280.0,7596430299,village,102B,19.56,Belghoria Expressway,569.13,JIRIBAM,100.12,Khongsang,82.12,Kolkata Port (Syama Prasad Mookerjee Port) incl. Haldia Dock Complex,579.51,ICD Amingaon,306.98,Moreh ICP,47.17,Lokpriya Gopinath Bordoloi International Airport (GAU),308.04,MMLP Silchar,129.02,Lakhipur Terminal,108.21,FCI Depot Imphal,72.72,CACHAR Toll Plaza,138.15
T. Lamlai,CHURACHANDPUR,274.0,7596430337,village,102B,15.08,Belghoria Expressway,571.97,JIRIBAM,90.81,Khongsang,70.18,Kolkata Port (Syama Prasad Mookerjee Port) incl. Haldia Dock Complex,582.53,ICD Amingaon,297.13,Moreh ICP,46.65,Lokpriya Gopinath Bordoloi International Airport (GAU),298.55,MMLP Silchar,121.28,Lakhipur Terminal,99.78,FCI Depot Imphal,59.98,CACHAR Toll Plaza,129.72
Mateijang,CHURACHANDPUR,274.0,7596430338,village,102B,15.29,Belghoria Expressway,573.07,JIRIBAM,90.23,Khongsang,69.0,Kolkata Port (Syama Prasad Mookerjee Port) incl. Haldia Dock Complex,583.65,ICD Amingaon,296.37,Moreh ICP,46.13,Lokpriya Gopinath Bordoloi International Airport (GAU),297.85,MMLP Silchar,120.97,Lakhipur Terminal,99.35,FCI Depot Imphal,58.17,CACHAR Toll Plaza,129.27
T.K. Gunphai,CHURACHANDPUR,274.0,7596430385,village,102B,17.94,Belghoria Expressway,569.54,JIRIBAM,96.9,Khongsang,78.29,Kolkata Port (Syama Prasad Mookerjee Port) incl. Haldia Dock Complex,579.97,ICD Amingaon,303.68,Moreh ICP,47.07,Lokpriya Gopinath Bordoloi International Airport (GAU),304.83,MMLP Silchar,126.23,Lakhipur Terminal,105.22,FCI Depot Imphal,68.93,CACHAR Toll Plaza,135.19
Makhao Bungmual,BISHNUPUR,275.0,7596430386,village,102C,14.49,Belghoria Expressway,575.28,JIRIBAM,90.15,Khongsang,67.92,Kolkata Port (Syama Prasad Mookerjee Port) incl. Haldia Dock Complex,585.88,ICD Amingaon,295.95,Moreh ICP,44.75,Lokpriya Gopinath Bordoloi International Airport (GAU),297.55,MMLP Silchar,121.29,Lakhipur Terminal,99.51,FCI Depot Imphal,55.69,CACHAR Toll Plaza,129.38
T. Khuangkhai,CHURACHANDPUR,274.0,7596430413,village,102B,14.44,Belghoria Expressway,561.98,JIRIBAM,96.9,Khongsang,81.37,Kolkata Port (Syama Prasad Mookerjee Port) incl. Haldia Dock Complex,572.36,ICD Amingaon,303.8,Moreh ICP,54.32,Lokpriya Gopinath Bordoloi International Airport (GAU),304.61,MMLP Silchar,124.73,Lakhipur Terminal,104.4,FCI Depot Imphal,75.93,CACHAR Toll Plaza,134.24
Sangaikot,CHURACHANDPUR,274.0,7596430529,village,2,14.96,Belghoria Expressway,573.06,JIRIBAM,89.76,Khongsang,68.45,Kolkata Port (Syama Prasad Mookerjee Port) incl. Haldia Dock Complex,583.65,ICD Amingaon,295.87,Moreh ICP,46.35,Lokpriya Gopinath Bordoloi International Airport (GAU),297.37,MMLP Silchar,120.55,Lakhipur Terminal,98.91,FCI Depot Imphal,57.68,CACHAR Toll Plaza,128.83
Songgual,CHURACHANDPUR,274.0,7596430644,village,102B,17.82,Belghoria Expressway,572.44,JIRIBAM,94.23,Khongsang,73.99,Kolkata Port (Syama Prasad Mookerjee Port) incl. Haldia Dock Complex,582.94,ICD Amingaon,300.68,Moreh ICP,45.12,Lokpriya Gopinath Bordoloi International Airport (GAU),302.04,MMLP Silchar,124.4,Lakhipur Terminal,103.02,FCI Depot Imphal,63.21,CACHAR Toll Plaza,132.99
T. Talnuam,CHURACHANDPUR,274.0,7596430693,village,102B,14.85,Belghoria Expressway,563.62,JIRIBAM,96.84,Khongsang,80.64,Kolkata Port (Syama Prasad Mookerjee Port) incl. Haldia Dock Complex,574.01,ICD Amingaon,303.76,Moreh ICP,52.71,Lokpriya Gopinath Bordoloi International Airport (GAU),304.65,MMLP Silchar,125.02,Lakhipur Terminal,104.53,FCI Depot Imphal,74.39,CACHAR Toll Plaza,134.41
Sajik Tampak,CHANDEL,280.0,7596430694,village,102B,19.86,Belghoria Expressway,568.43,JIRIBAM,101.01,Khongsang,83.41,Kolkata Port (Syama Prasad Mookerjee Port) incl. Haldia Dock Complex,578.79,ICD Amingaon,307.9,Moreh ICP,47.86,Lokpriya Gopinath Bordoloi International Airport (GAU),308.91,MMLP Silchar,129.68,Lakhipur Terminal,108.98,FCI Depot Imphal,74.31,CACHAR Toll Plaza,138.91
Khoinoi,CHURACHANDPUR,274.0,7596431936,village,102C,19.23,Belghoria Expressway,572.17,JIRIBAM,96.38,Khongsang,76.61,Kolkata Port (Syama Prasad Mookerjee Port) incl. Haldia Dock Complex,582.64,ICD Amingaon,302.96,Moreh ICP,44.8,Lokpriya Gopinath Bordoloi International Airport (GAU),304.25,MMLP Silchar,126.26,Lakhipur Terminal,105.01,FCI Depot Imphal,65.82,CACHAR Toll Plaza,134.98
Makhao Tampak,BISHNUPUR,275.0,7596431946,village,102C,14.46,Belghoria Expressway,575.27,JIRIBAM,90.46,Khongsang,68.29,Kolkata Port (Syama Prasad Mookerjee Port) incl. Haldia Dock Complex,585.86,ICD Amingaon,296.29,Moreh ICP,44.6,Lokpriya Gopinath Bordoloi International Airport (GAU),297.88,MMLP Silchar,121.56,Lakhipur Terminal,99.8,FCI Depot Imphal,56.05,CACHAR Toll Plaza,129.68
Hita Khunou,CHURACHANDPUR,274.0,7596431986,village,102B,14.72,Belghoria Expressway,561.7,JIRIBAM,97.28,Khongsang,81.9,Kolkata Port (Syama Prasad Mookerjee Port) incl. Haldia Dock Complex,572.07,ICD Amingaon,304.17,Moreh ICP,54.59,Lokpriya Gopinath Bordoloi International Airport (GAU),304.96,MMLP Silchar,125.02,Lakhipur Terminal,104.73,FCI Depot Imphal,76.56,CACHAR Toll Plaza,134.56
Sarang Tampak,CHANDEL,280.0,7596432077,village,102C,19.64,Belghoria Expressway,573.73,JIRIBAM,100.11,Khongsang,80.29,Kolkata Port (Syama Prasad Mookerjee Port) incl. Haldia Dock Complex,584.15,ICD Amingaon,306.71,Moreh ICP,42.77,Lokpriya Gopinath Bordoloi International Airport (GAU),307.99,MMLP Silchar,129.86,Lakhipur Terminal,108.68,FCI Depot Imphal,68.42,CACHAR Toll Plaza,138.65
Kuvan,CHURACHANDPUR,274.0,7596432122,village,102B,15.13,Belghoria Expressway,571.35,JIRIBAM,91.25,Khongsang,70.98,Kolkata Port (Syama Prasad Mookerjee Port) incl. Haldia Dock Complex,581.89,ICD Amingaon,297.66,Moreh ICP,46.95,Lokpriya Gopinath Bordoloi International Airport (GAU),299.04,MMLP Silchar,121.56,Lakhipur Terminal,100.12,FCI Depot Imphal,61.1,CACHAR Toll Plaza,130.07
Alpha,CHURACHANDPUR,274.0,7596432244,village,102B,16.55,Belghoria Expressway,567.59,JIRIBAM,96.59,Khongsang,78.73,Kolkata Port (Syama Prasad Mookerjee Port) incl. Haldia Dock Complex,578.01,ICD Amingaon,303.44,Moreh ICP,48.92,Lokpriya Gopinath Bordoloi International Airport (GAU),304.52,MMLP Silchar,125.58,Lakhipur Terminal,104.72,FCI Depot Imphal,70.45,CACHAR Toll Plaza,134.67
Gelbungjang,CHANDEL,280.0,7596432245,village,102B,19.72,Belghoria Expressway,568.48,JIRIBAM,100.78,Khongsang,83.13,Kolkata Port (Syama Prasad Mookerjee Port) incl. Haldia Dock Complex,578.84,ICD Amingaon,307.67,Moreh ICP,47.81,Lokpriya Gopinath Bordoloi International Airport (GAU),308.69,MMLP Silchar,129.49,Lakhipur Terminal,108.77,FCI Depot Imphal,74.03,CACHAR Toll Plaza,138.7
L.Molnoi,CHURACHANDPUR,274.0,7596432327,village,102B,17.61,Belghoria Expressway,569.09,JIRIBAM,96.84,Khongsang,78.4,Kolkata Port (Syama Prasad Mookerjee Port) incl. Haldia Dock Complex,579.52,ICD Amingaon,303.63,Moreh ICP,47.49,Lokpriya Gopinath Bordoloi International Airport (GAU),304.77,MMLP Silchar,126.08,Lakhipur Terminal,105.11,FCI Depot Imphal,69.29,CACHAR Toll Plaza,135.07
Thompijang,CHANDEL,280.0,7596432328,village,102B,20.21,Belghoria Expressway,568.74,JIRIBAM,101.31,Khongsang,83.62,Kolkata Port (Syama Prasad Mookerjee Port) incl. Haldia Dock Complex,579.1,ICD Amingaon,308.19,Moreh ICP,47.54,Lokpriya Gopinath Bordoloi International Airport (GAU),309.21,MMLP Silchar,130.0,Lakhipur Terminal,109.29,FCI Depot Imphal,74.34,CACHAR Toll Plaza,139.22
T. Lailoiphai,BISHNUPUR,275.0,7596432329,village,102C,14.08,Belghoria Expressway,575.58,JIRIBAM,91.43,Khongsang,69.31,Kolkata Port (Syama Prasad Mookerjee Port) incl. Haldia Dock Complex,586.17,ICD Amingaon,297.29,Moreh ICP,43.92,Lokpriya Gopinath Bordoloi International Airport (GAU),298.88,MMLP Silchar,122.48,Lakhipur Terminal,100.74,FCI Depot Imphal,56.8,CACHAR Toll Plaza,130.62
L.Phainom,CHURACHANDPUR,274.0,7596432413,village,102B,18.75,Belghoria Expressway,571.04,JIRIBAM,96.29,Khongsang,76.97,Kolkata Port (Syama Prasad Mookerjee Port) incl. Haldia Dock Complex,581.5,ICD Amingaon,302.95,Moreh ICP,45.81,Lokpriya Gopinath Bordoloi International Airport (GAU),304.19,MMLP Silchar,125.97,Lakhipur Terminal,104.81,FCI Depot Imphal,66.83,CACHAR Toll Plaza,134.78
D. Moljang,CHURACHANDPUR,274.0,7596522152,village,2,3.36,Belghoria Expressway,566.18,JIRIBAM,77.29,Khongsang,56.93,Kolkata Port (Syama Prasad Mookerjee Port) incl. Haldia Dock Complex,576.91,ICD Amingaon,283.45,Moreh ICP,57.11,Lokpriya Gopinath Bordoloi International Airport (GAU),284.91,MMLP Silchar,108.27,Lakhipur Terminal,86.52,FCI Depot Imphal,52.7,CACHAR Toll Plaza,116.41
Uchiwa,IMPHAL WEST,277.0,7607972977,village,137A,0.17,Belghoria Expressway,589.22,JIRIBAM,81.07,Khongsang,49.79,Kolkata Port (Syama Prasad Mookerjee Port) incl. Haldia Dock Complex,600.17,ICD Amingaon,280.05,Moreh ICP,53.02,Lokpriya Gopinath Bordoloi International Airport (GAU),282.73,MMLP Silchar,115.12,Lakhipur Terminal,92.54,FCI Depot Imphal,25.73,CACHAR Toll Plaza,120.73
New Namtiram,TAMENGLONG,273.0,7654208926,village,137,8.37,Belghoria Expressway,569.88,DAOTUHAJA,35.47,Khongsang,24.59,Kolkata Port (Syama Prasad Mookerjee Port) incl. Haldia Dock Complex,581.6,ICD Amingaon,214.26,Sutarkandi ICP,109.63,Lokpriya Gopinath Bordoloi International Airport (GAU),217.78,MMLP Silchar,72.91,Lakhipur Terminal,55.61,FCI Depot Imphal,53.23,CACHAR Toll Plaza,71.88
Sialbu,CHURACHANDPUR,274.0,7903872143,village,102B,3.96,Belghoria Expressway,533.25,JIRIBAM,74.5,Khongsang,70.81,Kolkata Port (Syama Prasad Mookerjee Port) incl. Haldia Dock Complex,543.84,ICD Amingaon,279.08,Moreh ICP,84.55,Lokpriya Gopinath Bordoloi International Airport (GAU),279.06,MMLP Silchar,97.55,Lakhipur Terminal,79.37,FCI Depot Imphal,83.59,CACHAR Toll Plaza,108.19
B. Munpi,PHERZAWL,718.0,7903877890,village,102B,8.14,Belghoria Expressway,535.06,JIRIBAM,68.52,Khongsang,64.19,Kolkata Port (Syama Prasad Mookerjee Port) incl. Haldia Dock Complex,545.74,ICD Amingaon,273.81,Moreh ICP,84.38,Lokpriya Gopinath Bordoloi International Airport (GAU),273.97,MMLP Silchar,92.71,Lakhipur Terminal,73.9,FCI Depot Imphal,78.34,CACHAR Toll Plaza,103.06
Mao Gate,SENAPATI,272.0,8148134767,village,2,0.05,Belghoria Expressway,650.78,RANGAPAHAR,56.27,Khongsang,97.68,Kolkata Port (Syama Prasad Mookerjee Port) incl. Haldia Dock Complex,662.63,ICD Amingaon,252.3,Moreh ICP,137.6,Lokpriya Gopinath Bordoloi International Airport (GAU),259.21,MMLP Silchar,153.3,Sengajan (Panbari) Terminal,127.38,FCI Depot Dimapur,58.73,DIMA HASAO Toll Plaza,101.33
Maram,SENAPATI,272.0,8148134769,village,129A,0.09,Belghoria Expressway,642.18,RANGAPAHAR,61.25,Khongsang,86.91,Kolkata Port (Syama Prasad Mookerjee Port) incl. Haldia Dock Complex,653.95,ICD Amingaon,251.78,Moreh ICP,127.49,Lokpriya Gopinath Bordoloi International Airport (GAU),258.23,MMLP Silchar,144.69,Lakhipur Terminal,128.22,FCI Depot Dimapur,64.58,DIMA HASAO Toll Plaza,100.58
Tadubi,SENAPATI,272.0,8148134770,village,2,0.05,Belghoria Expressway,649.2,RANGAPAHAR,58.75,Khongsang,95.05,Kolkata Port (Syama Prasad Mookerjee Port) incl. Haldia Dock Complex,661.02,ICD Amingaon,253.44,Moreh ICP,134.03,Lokpriya Gopinath Bordoloi International Airport (GAU),260.22,MMLP Silchar,151.68,Sengajan (Panbari) Terminal,130.8,FCI Depot Dimapur,61.43,DIMA HASAO Toll Plaza,102.33
Kuljang new Mombi,CHANDEL,280.0,8484076954,village,102C,21.51,Belghoria Expressway,575.48,JIRIBAM,104.93,Khongsang,85.18,Kolkata Port (Syama Prasad Mookerjee Port) incl. Haldia Dock Complex,585.84,ICD Amingaon,311.59,Moreh ICP,40.8,Lokpriya Gopinath Bordoloi International Airport (GAU),312.84,MMLP Silchar,134.48,Lakhipur Terminal,113.4,FCI Depot Imphal,72.2,CACHAR Toll Plaza,143.37
Khangbarol,CHANDEL,280.0,8484076955,village,46,21.02,Belghoria Expressway,586.71,JIRIBAM,118.05,Khongsang,96.35,Kolkata Port (Syama Prasad Mookerjee Port) incl. Haldia Dock Complex,596.95,ICD Amingaon,324.34,Moreh ICP,30.91,Lokpriya Gopinath Bordoloi International Airport (GAU),325.79,MMLP Silchar,148.11,Lakhipur Terminal,126.84,FCI Depot Imphal,77.88,CACHAR Toll Plaza,156.8
Dingpi,CHANDEL,280.0,8484076983,village,46,24.95,Belghoria Expressway,581.0,JIRIBAM,115.17,Khongsang,94.95,Kolkata Port (Syama Prasad Mookerjee Port) incl. Haldia Dock Complex,591.23,ICD Amingaon,321.81,Moreh ICP,36.51,Lokpriya Gopinath Bordoloi International Airport (GAU),323.07,MMLP Silchar,144.6,Lakhipur Terminal,123.6,FCI Depot Imphal,79.21,CACHAR Toll Plaza,153.56
L. Molhoi,CHANDEL,280.0,8484076984,village,102B,21.61,Belghoria Expressway,572.13,JIRIBAM,100.82,Khongsang,81.74,Kolkata Port (Syama Prasad Mookerjee Port) incl. Haldia Dock Complex,582.52,ICD Amingaon,307.56,Moreh ICP,44.22,Lokpriya Gopinath Bordoloi International Airport (GAU),308.75,MMLP Silchar,130.2,Lakhipur Terminal,109.18,FCI Depot Imphal,70.71,CACHAR Toll Plaza,139.15
Unnamed Village,CHANDEL,280.0,8484084093,village,102C,20.94,Belghoria Expressway,574.09,JIRIBAM,102.39,Khongsang,82.79,Kolkata Port (Syama Prasad Mookerjee Port) incl. Haldia Dock Complex,584.47,ICD Amingaon,309.06,Moreh ICP,42.23,Lokpriya Gopinath Bordoloi International Airport (GAU),310.3,MMLP Silchar,131.96,Lakhipur Terminal,110.87,FCI Depot Imphal,70.63,CACHAR Toll Plaza,140.84
Lonpi,CHANDEL,280.0,8484084251,village,102C,23.36,Belghoria Expressway,575.44,JIRIBAM,106.88,Khongsang,87.43,Kolkata Port (Syama Prasad Mookerjee Port) incl. Haldia Dock Complex,585.76,ICD Amingaon,313.6,Moreh ICP,40.94,Lokpriya Gopinath Bordoloi International Airport (GAU),314.8,MMLP Silchar,136.21,Lakhipur Terminal,115.23,FCI Depot Imphal,74.44,CACHAR Toll Plaza,145.2
T. Bolnoi,CHANDEL,280.0,8484084500,village,46,23.5,Belghoria Expressway,582.41,JIRIBAM,116.44,Khongsang,95.94,Kolkata Port (Syama Prasad Mookerjee Port) incl. Haldia Dock Complex,592.63,ICD Amingaon,323.03,Moreh ICP,35.33,Lokpriya Gopinath Bordoloi International Airport (GAU),324.33,MMLP Silchar,145.97,Lakhipur Terminal,124.93,FCI Depot Imphal,79.54,CACHAR Toll Plaza,154.9
T. Munnomjang,BISHNUPUR,275.0,8484086795,village,2,1.62,Belghoria Expressway,566.82,JIRIBAM,73.26,Khongsang,51.68,Kolkata Port (Syama Prasad Mookerjee Port) incl. Haldia Dock Complex,577.62,ICD Amingaon,278.95,Moreh ICP,59.49,Lokpriya Gopinath Bordoloi International Airport (GAU),280.55,MMLP Silchar,104.88,Lakhipur Terminal,82.88,FCI Depot Imphal,48.23,CACHAR Toll Plaza,112.66
Pearsonmun,CHURACHANDPUR,274.0,8484092356,village,2,0.01,Belghoria Expressway,558.59,JIRIBAM,74.4,Khongsang,57.65,Kolkata Port (Syama Prasad Mookerjee Port) incl. Haldia Dock Complex,569.3,ICD Amingaon,281.19,Moreh ICP,63.23,Lokpriya Gopinath Bordoloi International Airport (GAU),282.33,MMLP Silchar,104.15,Lakhipur Terminal,82.88,FCI Depot Imphal,58.74,CACHAR Toll Plaza,112.85
Bungmual,CHURACHANDPUR,274.0,8484092362,village,2,0.14,Belghoria Expressway,559.54,JIRIBAM,74.71,Khongsang,57.49,Kolkata Port (Syama Prasad Mookerjee Port) incl. Haldia Dock Complex,570.25,ICD Amingaon,281.44,Moreh ICP,62.45,Lokpriya Gopinath Bordoloi International Airport (GAU),282.63,MMLP Silchar,104.63,Lakhipur Terminal,83.29,FCI Depot Imphal,57.96,CACHAR Toll Plaza,113.26
Unnamed Hamlet,CHURACHANDPUR,274.0,8484095431,village,102B,15.12,Belghoria Expressway,571.05,JIRIBAM,91.38,Khongsang,71.26,Kolkata Port (Syama Prasad Mookerjee Port) incl. Haldia Dock Complex,581.59,ICD Amingaon,297.82,Moreh ICP,47.14,Lokpriya Gopinath Bordoloi International Airport (GAU),299.18,MMLP Silchar,121.61,Lakhipur Terminal,100.2,FCI Depot Imphal,61.55,CACHAR Toll Plaza,130.16
Unnamed Hamlet,CHURACHANDPUR,274.0,8484095455,village,102B,14.79,Belghoria Expressway,570.67,JIRIBAM,91.12,Khongsang,71.12,Kolkata Port (Syama Prasad Mookerjee Port) incl. Haldia Dock Complex,581.21,ICD Amingaon,297.59,Moreh ICP,47.52,Lokpriya Gopinath Bordoloi International Airport (GAU),298.94,MMLP Silchar,121.31,Lakhipur Terminal,99.92,FCI Depot Imphal,61.66,CACHAR Toll Plaza,129.88
Unnamed Village,CHURACHANDPUR,274.0,8484095465,village,102B,14.73,Belghoria Expressway,570.85,JIRIBAM,90.95,Khongsang,70.84,Kolkata Port (Syama Prasad Mookerjee Port) incl. Haldia Dock Complex,581.4,ICD Amingaon,297.39,Moreh ICP,47.44,Lokpriya Gopinath Bordoloi International Airport (GAU),298.76,MMLP Silchar,121.2,Lakhipur Terminal,99.78,FCI Depot Imphal,61.29,CACHAR Toll Plaza,129.74
Saiton,BISHNUPUR,275.0,8484112277,village,2,2.9,Belghoria Expressway,569.13,JIRIBAM,74.07,Khongsang,51.37,Kolkata Port (Syama Prasad Mookerjee Port) incl. Haldia Dock Complex,579.94,ICD Amingaon,279.37,Moreh ICP,58.08,Lokpriya Gopinath Bordoloi International Airport (GAU),281.07,MMLP Silchar,106.02,Lakhipur Terminal,83.91,FCI Depot Imphal,46.12,CACHAR Toll Plaza,113.61
Phailianbung,PHERZAWL,718.0,8777055305,village,2,8.0,Belghoria Expressway,537.3,JIRIBAM,66.35,Khongsang,60.9,Kolkata Port (Syama Prasad Mookerjee Port) incl. Haldia Dock Complex,548.02,ICD Amingaon,272.15,Moreh ICP,83.09,Lokpriya Gopinath Bordoloi International Airport (GAU),272.45,MMLP Silchar,91.47,Lakhipur Terminal,72.19,FCI Depot Imphal,74.98,CACHAR Toll Plaza,101.58
Maklang,IMPHAL WEST,277.0,8906484781,village,37,3.57,Belghoria Expressway,590.51,JIRIBAM,69.44,Khongsang,33.48,Kolkata Port (Syama Prasad Mookerjee Port) incl. Haldia Dock Complex,601.77,ICD Amingaon,258.73,Moreh ICP,76.55,Lokpriya Gopinath Bordoloi International Airport (GAU),262.08,MMLP Silchar,103.71,Lakhipur Terminal,81.82,FCI Depot Imphal,11.15,CACHAR Toll Plaza,106.94
Unnamed Hamlet,NONEY,659.0,9024560307,village,37,8.02,Belghoria Expressway,528.31,JIRIBAM,17.58,Khongsang,33.36,Kolkata Port (Syama Prasad Mookerjee Port) incl. Haldia Dock Complex,539.68,ICD Amingaon,224.08,Sutarkandi ICP,78.03,Lokpriya Gopinath Bordoloi International Airport (GAU),224.85,MMLP Silchar,47.08,Lakhipur Terminal,25.11,FCI Depot Silchar,47.08,CACHAR Toll Plaza,55.06
Louphong,KAMJANG,670.0,9195838415,village,202,8.22,Belghoria Expressway,621.17,JIRIBAM,101.67,Khongsang,65.55,Kolkata Port (Syama Prasad Mookerjee Port) incl. Haldia Dock Complex,632.32,ICD Amingaon,284.43,Moreh ICP,63.9,Lokpriya Gopinath Bordoloi International Airport (GAU),288.59,MMLP Silchar,135.86,Lakhipur Terminal,114.06,FCI Depot Imphal,21.11,CACHAR Toll Plaza,138.66
Chadong,KAMJANG,670.0,9195838468,village,202,6.0,Belghoria Expressway,622.11,JIRIBAM,101.67,Khongsang,65.44,Kolkata Port (Syama Prasad Mookerjee Port) incl. Haldia Dock Complex,633.29,ICD Amingaon,282.82,Moreh ICP,66.75,Lokpriya Gopinath Bordoloi International Airport (GAU),287.08,MMLP Silchar,135.74,Lakhipur Terminal,114.09,FCI Depot Imphal,21.33,CACHAR Toll Plaza,138.28
Unnamed Hamlet,NONEY,659.0,9621177664,village,37,10.74,Belghoria Expressway,527.6,JIRIBAM,20.88,Khongsang,34.9,Kolkata Port (Syama Prasad Mookerjee Port) incl. Haldia Dock Complex,538.93,ICD Amingaon,227.06,Sutarkandi ICP,79.07,Lokpriya Gopinath Bordoloi International Airport (GAU),227.73,MMLP Silchar,49.15,Lakhipur Terminal,27.63,FCI Depot Silchar,49.15,CACHAR Toll Plaza,57.6
Old Narum,TENGNOUPAL,667.0,9635135901,village,102A,10.31,Belghoria Expressway,624.77,JIRIBAM,123.71,Khongsang,91.23,Kolkata Port (Syama Prasad Mookerjee Port) incl. Haldia Dock Complex,635.42,ICD Amingaon,319.55,Moreh ICP,24.36,Lokpriya Gopinath Bordoloi International Airport (GAU),322.84,MMLP Silchar,157.78,Lakhipur Terminal,135.19,FCI Depot Imphal,52.86,CACHAR Toll Plaza,163.29
Saibol,TENGNOUPAL,667.0,9635160085,village,102A,11.24,Belghoria Expressway,626.73,JIRIBAM,125.06,Khongsang,92.33,Kolkata Port (Syama Prasad Mookerjee Port) incl. Haldia Dock Complex,637.39,ICD Amingaon,320.31,Moreh ICP,25.62,Lokpriya Gopinath Bordoloi International Airport (GAU),323.67,MMLP Silchar,159.18,Lakhipur Terminal,136.59,FCI Depot Imphal,53.37,CACHAR Toll Plaza,164.59
Waithou,THOUBAL,276.0,9638040473,village,102,0.28,Belghoria Expressway,597.71,JIRIBAM,84.04,Khongsang,50.03,Kolkata Port (Syama Prasad Mookerjee Port) incl. Haldia Dock Complex,608.75,ICD Amingaon,278.24,Moreh ICP,56.72,Lokpriya Gopinath Bordoloi International Airport (GAU),281.4,MMLP Silchar,118.46,Lakhipur Terminal,96.01,FCI Depot Imphal,15.75,CACHAR Toll Plaza,123.02
Chaobok,THOUBAL,276.0,9638194046,village,102,0.45,Belghoria Expressway,599.04,JIRIBAM,86.47,Khongsang,52.72,Kolkata Port (Syama Prasad Mookerjee Port) incl. Haldia Dock Complex,610.05,ICD Amingaon,281.1,Moreh ICP,53.9,Lokpriya Gopinath Bordoloi International Airport (GAU),284.24,MMLP Silchar,120.87,Lakhipur Terminal,98.39,FCI Depot Imphal,18.07,CACHAR Toll Plaza,125.56
Narum,TENGNOUPAL,667.0,9642317844,village,102A,6.46,Belghoria Expressway,620.73,JIRIBAM,121.33,Khongsang,89.45,Kolkata Port (Syama Prasad Mookerjee Port) incl. Haldia Dock Complex,631.36,ICD Amingaon,318.48,Moreh ICP,21.58,Lokpriya Gopinath Bordoloi International Airport (GAU),321.61,MMLP Silchar,155.25,Lakhipur Terminal,132.67,FCI Depot Imphal,52.54,CACHAR Toll Plaza,161.02
Youngkhul,TENGNOUPAL,667.0,9642338733,village,102A,9.84,Belghoria Expressway,627.78,JIRIBAM,125.4,Khongsang,92.47,Kolkata Port (Syama Prasad Mookerjee Port) incl. Haldia Dock Complex,638.45,ICD Amingaon,320.16,Moreh ICP,26.97,Lokpriya Gopinath Bordoloi International Airport (GAU),323.57,MMLP Silchar,159.57,Lakhipur Terminal,136.99,FCI Depot Imphal,53.07,CACHAR Toll Plaza,164.88
Khulsaibung,TENGNOUPAL,667.0,9642391972,village,102,7.63,Belghoria Expressway,605.2,JIRIBAM,101.72,Khongsang,70.07,Kolkata Port (Syama Prasad Mookerjee Port) incl. Haldia Dock Complex,615.98,ICD Amingaon,299.74,Moreh ICP,34.61,Lokpriya Gopinath Bordoloi International Airport (GAU),302.67,MMLP Silchar,135.69,Lakhipur Terminal,113.11,FCI Depot Imphal,36.59,CACHAR Toll Plaza,141.4
Bongmol,TENGNOUPAL,667.0,9642392231,village,102A,0.02,Belghoria Expressway,615.37,JIRIBAM,111.03,Khongsang,78.38,Kolkata Port (Syama Prasad Mookerjee Port) incl. Haldia Dock Complex,626.13,ICD Amingaon,306.93,Moreh ICP,31.37,Lokpriya Gopinath Bordoloi International Airport (GAU),310.14,MMLP Silchar,145.18,Lakhipur Terminal,122.6,FCI Depot Imphal,40.89,CACHAR Toll Plaza,150.55
Khongbung,TENGNOUPAL,667.0,9642392241,village,102A,4.51,Belghoria Expressway,619.83,JIRIBAM,115.05,Khongsang,82.03,Kolkata Port (Syama Prasad Mookerjee Port) incl. Haldia Dock Complex,630.58,ICD Amingaon,309.98,Moreh ICP,31.14,Lokpriya Gopinath Bordoloi International Airport (GAU),313.31,MMLP Silchar,149.27,Lakhipur Terminal,126.7,FCI Depot Imphal,43.25,CACHAR Toll Plaza,154.48
Maohleng,TENGNOUPAL,667.0,9649696280,village,102A,7.21,Belghoria Expressway,625.28,JIRIBAM,120.11,Khongsang,86.7,Kolkata Port (Syama Prasad Mookerjee Port) incl. Haldia Dock Complex,636.03,ICD Amingaon,313.88,Moreh ICP,31.58,Lokpriya Gopinath Bordoloi International Airport (GAU),317.35,MMLP Silchar,154.38,Lakhipur Terminal,131.82,FCI Depot Imphal,46.69,CACHAR Toll Plaza,159.43
Punomram,KAMJANG,670.0,9649696314,village,102A,2.3,Belghoria Expressway,635.97,JIRIBAM,128.59,Khongsang,94.3,Kolkata Port (Syama Prasad Mookerjee Port) incl. Haldia Dock Complex,646.73,ICD Amingaon,319.19,Moreh ICP,37.64,Lokpriya Gopinath Bordoloi International Airport (GAU),323.01,MMLP Silchar,162.99,Lakhipur Terminal,140.5,FCI Depot Imphal,52.11,CACHAR Toll Plaza,167.55
Kangpat Khullen,KAMJANG,670.0,9649701796,village,102A,4.08,Belghoria Expressway,645.41,JIRIBAM,134.24,Khongsang,99.03,Kolkata Port (Syama Prasad Mookerjee Port) incl. Haldia Dock Complex,656.25,ICD Amingaon,320.36,Moreh ICP,48.24,Lokpriya Gopinath Bordoloi International Airport (GAU),324.58,MMLP Silchar,168.7,Lakhipur Terminal,146.38,FCI Depot Imphal,55.21,CACHAR Toll Plaza,172.56
Kangpat Centre,KAMJANG,670.0,9649701797,village,102A,5.55,Belghoria Expressway,646.89,JIRIBAM,135.67,Khongsang,100.41,Kolkata Port (Syama Prasad Mookerjee Port) incl. Haldia Dock Complex,657.72,ICD Amingaon,321.46,Moreh ICP,49.03,Lokpriya Gopinath Bordoloi International Airport (GAU),325.72,MMLP Silchar,170.12,Lakhipur Terminal,147.81,FCI Depot Imphal,56.53,CACHAR Toll Plaza,173.94
Kangpat Khunou,KAMJANG,670.0,9649701830,village,102A,6.61,Belghoria Expressway,647.79,JIRIBAM,135.94,Khongsang,100.57,Kolkata Port (Syama Prasad Mookerjee Port) incl. Haldia Dock Complex,658.64,ICD Amingaon,321.03,Moreh ICP,50.63,Lokpriya Gopinath Bordoloi International Airport (GAU),325.34,MMLP Silchar,170.38,Lakhipur Terminal,148.12,FCI Depot Imphal,56.54,CACHAR Toll Plaza,174.1
Kangreng,PHERZAWL,718.0,9728731317,village,306A,16.46,Belghoria Expressway,505.4,JIRIBAM,36.03,Khongsang,58.75,Kolkata Port (Syama Prasad Mookerjee Port) incl. Haldia Dock Complex,516.61,ICD Amingaon,229.3,Sutarkandi ICP,66.89,Lokpriya Gopinath Bordoloi International Airport (GAU),228.69,MMLP Silchar,47.23,Lakhipur Terminal,33.86,FCI Depot Silchar,47.23,CACHAR Toll Plaza,58.86
Gomi,TENGNOUPAL,667.0,9820287174,village,102A,0.06,Belghoria Expressway,614.28,JIRIBAM,110.63,Khongsang,78.22,Kolkata Port (Syama Prasad Mookerjee Port) incl. Haldia Dock Complex,625.03,ICD Amingaon,307.03,Moreh ICP,30.5,Lokpriya Gopinath Bordoloi International Airport (GAU),310.18,MMLP Silchar,144.73,Lakhipur Terminal,122.15,FCI Depot Imphal,41.33,CACHAR Toll Plaza,150.2
Parengtong,TENGNOUPAL,667.0,9820287175,village,102A,2.9,Belghoria Expressway,611.28,JIRIBAM,106.54,Khongsang,74.07,Kolkata Port (Syama Prasad Mookerjee Port) incl. Haldia Dock Complex,622.06,ICD Amingaon,302.97,Moreh ICP,33.59,Lokpriya Gopinath Bordoloi International Airport (GAU),306.09,MMLP Silchar,140.67,Lakhipur Terminal,118.09,FCI Depot Imphal,37.66,CACHAR Toll Plaza,146.09
Kambang Khullen,TENGNOUPAL,667.0,9820494213,village,102A,2.02,Belghoria Expressway,615.97,JIRIBAM,117.54,Khongsang,86.23,Kolkata Port (Syama Prasad Mookerjee Port) incl. Haldia Dock Complex,626.6,ICD Amingaon,315.77,Moreh ICP,20.94,Lokpriya Gopinath Bordoloi International Airport (GAU),318.76,MMLP Silchar,151.33,Lakhipur Terminal,128.77,FCI Depot Imphal,50.87,CACHAR Toll Plaza,157.3
Khampang Khunou,TENGNOUPAL,667.0,9820494214,village,102A,5.96,Belghoria Expressway,618.83,JIRIBAM,121.47,Khongsang,90.18,Kolkata Port (Syama Prasad Mookerjee Port) incl. Haldia Dock Complex,629.43,ICD Amingaon,319.67,Moreh ICP,18.42,Lokpriya Gopinath Bordoloi International Airport (GAU),322.68,MMLP Silchar,155.23,Lakhipur Terminal,132.67,FCI Depot Imphal,54.44,CACHAR Toll Plaza,161.24
Rilam Center,TENGNOUPAL,667.0,9820494215,village,102A,6.63,Belghoria Expressway,620.24,JIRIBAM,122.07,Khongsang,90.5,Kolkata Port (Syama Prasad Mookerjee Port) incl. Haldia Dock Complex,630.84,ICD Amingaon,319.77,Moreh ICP,19.56,Lokpriya Gopinath Bordoloi International Airport (GAU),322.84,MMLP Silchar,155.91,Lakhipur Terminal,133.34,FCI Depot Imphal,54.14,CACHAR Toll Plaza,161.81
Kharou Khulen,TENGNOUPAL,667.0,9820494216,village,102A,8.02,Belghoria Expressway,621.22,JIRIBAM,123.5,Khongsang,91.97,Kolkata Port (Syama Prasad Mookerjee Port) incl. Haldia Dock Complex,631.81,ICD Amingaon,321.22,Moreh ICP,18.75,Lokpriya Gopinath Bordoloi International Airport (GAU),324.3,MMLP Silchar,157.32,Lakhipur Terminal,134.75,FCI Depot Imphal,55.52,CACHAR Toll Plaza,163.25
Kangoi Khunou,TENGNOUPAL,667.0,9820496732,village,102,5.26,Belghoria Expressway,601.23,JIRIBAM,101.65,Khongsang,71.42,Kolkata Port (Syama Prasad Mookerjee Port) incl. Haldia Dock Complex,611.94,ICD Amingaon,301.71,Moreh ICP,31.46,Lokpriya Gopinath Bordoloi International Airport (GAU),304.39,MMLP Silchar,135.26,Lakhipur Terminal,112.72,FCI Depot Imphal,41.23,CACHAR Toll Plaza,141.47
Unnamed Village,TENGNOUPAL,667.0,9820496748,village,102,5.54,Belghoria Expressway,602.4,JIRIBAM,103.2,Khongsang,72.94,Kolkata Port (Syama Prasad Mookerjee Port) incl. Haldia Dock Complex,613.1,ICD Amingaon,303.2,Moreh ICP,30.03,Lokpriya Gopinath Bordoloi International Airport (GAU),305.9,MMLP Silchar,136.8,Lakhipur Terminal,114.26,FCI Depot Imphal,42.3,CACHAR Toll Plaza,143.02
Unnamed Village,TENGNOUPAL,667.0,9820496749,village,102,5.37,Belghoria Expressway,602.91,JIRIBAM,103.89,Khongsang,73.62,Kolkata Port (Syama Prasad Mookerjee Port) incl. Haldia Dock Complex,613.61,ICD Amingaon,303.87,Moreh ICP,29.39,Lokpriya Gopinath Bordoloi International Airport (GAU),306.57,MMLP Silchar,137.48,Lakhipur Terminal,114.95,FCI Depot Imphal,42.8,CACHAR Toll Plaza,143.71
Khudei Laipham,TENGNOUPAL,667.0,9820496750,village,102A,0.06,Belghoria Expressway,610.74,JIRIBAM,113.22,Khongsang,82.54,Kolkata Port (Syama Prasad Mookerjee Port) incl. Haldia Dock Complex,621.38,ICD Amingaon,312.53,Moreh ICP,21.85,Lokpriya Gopinath Bordoloi International Airport (GAU),315.36,MMLP Silchar,146.85,Lakhipur Terminal,124.31,FCI Depot Imphal,49.12,CACHAR Toll Plaza,153.03
Sita Khopi,TENGNOUPAL,667.0,9820496751,village,102A,0.54,Belghoria Expressway,614.8,JIRIBAM,115.36,Khongsang,83.91,Kolkata Port (Syama Prasad Mookerjee Port) incl. Haldia Dock Complex,625.45,ICD Amingaon,313.4,Moreh ICP,23.04,Lokpriya Gopinath Bordoloi International Airport (GAU),316.4,MMLP Silchar,149.2,Lakhipur Terminal,126.63,FCI Depot Imphal,48.53,CACHAR Toll Plaza,155.1
Lamlong Khullen,TENGNOUPAL,667.0,9820516009,village,102A,7.01,Belghoria Expressway,605.96,JIRIBAM,102.78,Khongsang,71.15,Kolkata Port (Syama Prasad Mookerjee Port) incl. Haldia Dock Complex,616.73,ICD Amingaon,300.8,Moreh ICP,33.66,Lokpriya Gopinath Bordoloi International Airport (GAU),303.73,MMLP Silchar,136.75,Lakhipur Terminal,114.16,FCI Depot Imphal,37.45,CACHAR Toll Plaza,142.47
Unnamed Village,TENGNOUPAL,667.0,9820516010,village,102A,7.74,Belghoria Expressway,606.08,JIRIBAM,101.88,Khongsang,69.96,Kolkata Port (Syama Prasad Mookerjee Port) incl. Haldia Dock Complex,616.87,ICD Amingaon,299.45,Moreh ICP,35.28,Lokpriya Gopinath Bordoloi International Airport (GAU),302.42,MMLP Silchar,135.91,Lakhipur Terminal,113.32,FCI Depot Imphal,35.78,CACHAR Toll Plaza,141.52
Khunbi,TENGNOUPAL,667.0,9820516011,village,102,7.26,Belghoria Expressway,603.01,JIRIBAM,101.28,Khongsang,70.3,Kolkata Port (Syama Prasad Mookerjee Port) incl. Haldia Dock Complex,613.77,ICD Amingaon,300.33,Moreh ICP,33.3,Lokpriya Gopinath Bordoloi International Airport (GAU),303.13,MMLP Silchar,135.09,Lakhipur Terminal,112.52,FCI Depot Imphal,38.5,CACHAR Toll Plaza,141.05
Langgol,TENGNOUPAL,667.0,9820516012,village,102,5.86,Belghoria Expressway,602.16,JIRIBAM,99.92,Khongsang,68.89,Kolkata Port (Syama Prasad Mookerjee Port) incl. Haldia Dock Complex,612.93,ICD Amingaon,298.92,Moreh ICP,34.66,Lokpriya Gopinath Bordoloi International Airport (GAU),301.72,MMLP Silchar,133.75,Lakhipur Terminal,111.18,FCI Depot Imphal,37.31,CACHAR Toll Plaza,139.67
Khulsaibung (Karongthel),TENGNOUPAL,667.0,9820516077,village,102,6.36,Belghoria Expressway,605.06,JIRIBAM,100.3,Khongsang,68.33,Kolkata Port (Syama Prasad Mookerjee Port) incl. Haldia Dock Complex,615.88,ICD Amingaon,297.81,Moreh ICP,36.79,Lokpriya Gopinath Bordoloi International Airport (GAU),300.78,MMLP Silchar,134.36,Lakhipur Terminal,111.77,FCI Depot Imphal,34.35,CACHAR Toll Plaza,139.93
Unnamed Village,THOUBAL,276.0,9820516094,village,102,5.65,Belghoria Expressway,603.54,JIRIBAM,99.74,Khongsang,68.16,Kolkata Port (Syama Prasad Mookerjee Port) incl. Haldia Dock Complex,614.34,ICD Amingaon,297.91,Moreh ICP,36.16,Lokpriya Gopinath Bordoloi International Airport (GAU),300.81,MMLP Silchar,133.71,Lakhipur Terminal,111.13,FCI Depot Imphal,35.31,CACHAR Toll Plaza,139.43
Khudai Khunou,TENGNOUPAL,667.0,9820516109,village,102A,3.43,Belghoria Expressway,608.74,JIRIBAM,107.55,Khongsang,76.17,Kolkata Port (Syama Prasad Mookerjee Port) incl. Haldia Dock Complex,619.45,ICD Amingaon,305.88,Moreh ICP,28.83,Lokpriya Gopinath Bordoloi International Airport (GAU),308.8,MMLP Silchar,141.41,Lakhipur Terminal,118.84,FCI Depot Imphal,42.15,CACHAR Toll Plaza,147.28
Phungchong,TENGNOUPAL,667.0,9820516117,village,102A,6.12,Belghoria Expressway,606.19,JIRIBAM,106.06,Khongsang,75.18,Kolkata Port (Syama Prasad Mookerjee Port) incl. Haldia Dock Complex,616.9,ICD Amingaon,305.17,Moreh ICP,28.71,Lokpriya Gopinath Bordoloi International Airport (GAU),307.99,MMLP Silchar,139.81,Lakhipur Terminal,117.24,FCI Depot Imphal,42.55,CACHAR Toll Plaza,145.84
Kharoun Khuno,TENGNOUPAL,667.0,9820523117,village,102A,8.49,Belghoria Expressway,622.06,JIRIBAM,123.84,Khongsang,92.13,Kolkata Port (Syama Prasad Mookerjee Port) incl. Haldia Dock Complex,632.66,ICD Amingaon,321.24,Moreh ICP,19.57,Lokpriya Gopinath Bordoloi International Airport (GAU),324.36,MMLP Silchar,157.7,Lakhipur Terminal,135.13,FCI Depot Imphal,55.32,CACHAR Toll Plaza,163.56
Moirangthel,TENGNOUPAL,667.0,9820523118,village,102A,11.84,Belghoria Expressway,631.71,JIRIBAM,130.56,Khongsang,97.69,Kolkata Port (Syama Prasad Mookerjee Port) incl. Haldia Dock Complex,642.34,ICD Amingaon,325.28,Moreh ICP,26.11,Lokpriya Gopinath Bordoloi International Airport (GAU),328.72,MMLP Silchar,164.7,Lakhipur Terminal,142.12,FCI Depot Imphal,58.1,CACHAR Toll Plaza,170.07
Khamlang,KAMJANG,670.0,9821970565,village,102A,0.09,Belghoria Expressway,626.63,JIRIBAM,113.35,Khongsang,78.19,Kolkata Port (Syama Prasad Mookerjee Port) incl. Haldia Dock Complex,637.58,ICD Amingaon,301.46,Moreh ICP,47.95,Lokpriya Gopinath Bordoloi International Airport (GAU),305.36,MMLP Silchar,147.81,Lakhipur Terminal,125.51,FCI Depot Imphal,34.79,CACHAR Toll Plaza,151.71
Hongbei,KAMJANG,670.0,9821970587,village,102A,0.01,Belghoria Expressway,624.7,JIRIBAM,110.14,Khongsang,74.77,Kolkata Port (Syama Prasad Mookerjee Port) incl. Haldia Dock Complex,635.69,ICD Amingaon,297.53,Moreh ICP,50.89,Lokpriya Gopinath Bordoloi International Airport (GAU),301.46,MMLP Silchar,144.58,Lakhipur Terminal,122.34,FCI Depot Imphal,31.07,CACHAR Toll Plaza,148.3
Unnamed Village,KAMJANG,670.0,9821970588,village,102A,0.05,Belghoria Expressway,620.64,JIRIBAM,107.66,Khongsang,72.73,Kolkata Port (Syama Prasad Mookerjee Port) incl. Haldia Dock Complex,631.59,ICD Amingaon,297.28,Moreh ICP,47.49,Lokpriya Gopinath Bordoloi International Airport (GAU),301.02,MMLP Silchar,142.12,Lakhipur Terminal,119.77,FCI Depot Imphal,30.07,CACHAR Toll Plaza,146.2
Unnamed Village,KAMJANG,670.0,9821970600,village,102A,1.01,Belghoria Expressway,619.3,JIRIBAM,109.23,Khongsang,75.0,Kolkata Port (Syama Prasad Mookerjee Port) incl. Haldia Dock Complex,630.18,ICD Amingaon,301.22,Moreh ICP,41.48,Lokpriya Gopinath Bordoloi International Airport (GAU),304.78,MMLP Silchar,143.64,Lakhipur Terminal,121.17,FCI Depot Imphal,33.93,CACHAR Toll Plaza,148.19
Unnamed Village,TENGNOUPAL,667.0,9821992042,village,102A,0.02,Belghoria Expressway,613.48,JIRIBAM,106.1,Khongsang,72.82,Kolkata Port (Syama Prasad Mookerjee Port) incl. Haldia Dock Complex,624.32,ICD Amingaon,300.82,Moreh ICP,37.58,Lokpriya Gopinath Bordoloi International Airport (GAU),304.11,MMLP Silchar,140.39,Lakhipur Terminal,117.84,FCI Depot Imphal,34.47,CACHAR Toll Plaza,145.43
Khoibu,TENGNOUPAL,667.0,9821992043,village,102A,0.05,Belghoria Expressway,614.07,JIRIBAM,108.17,Khongsang,75.22,Kolkata Port (Syama Prasad Mookerjee Port) incl. Haldia Dock Complex,624.87,ICD Amingaon,303.54,Moreh ICP,34.64,Lokpriya Gopinath Bordoloi International Airport (GAU),306.78,MMLP Silchar,142.39,Lakhipur Terminal,119.82,FCI Depot Imphal,37.4,CACHAR Toll Plaza,147.6
Semang,TENGNOUPAL,667.0,9821992044,village,102A,0.08,Belghoria Expressway,613.89,JIRIBAM,110.98,Khongsang,78.77,Kolkata Port (Syama Prasad Mookerjee Port) incl. Haldia Dock Complex,624.62,ICD Amingaon,307.78,Moreh ICP,29.33,Lokpriya Gopinath Bordoloi International Airport (GAU),310.89,MMLP Silchar,145.03,Lakhipur Terminal,122.45,FCI Depot Imphal,42.32,CACHAR Toll Plaza,150.59
Unnamed Village,TENGNOUPAL,667.0,9821992045,village,102A,0.07,Belghoria Expressway,612.41,JIRIBAM,111.8,Khongsang,80.26,Kolkata Port (Syama Prasad Mookerjee Port) incl. Haldia Dock Complex,623.1,ICD Amingaon,309.77,Moreh ICP,25.99,Lokpriya Gopinath Bordoloi International Airport (GAU),312.76,MMLP Silchar,145.69,Lakhipur Terminal,123.11,FCI Depot Imphal,45.19,CACHAR Toll Plaza,151.52
Khudei Khullen,TENGNOUPAL,667.0,9821992046,village,102A,4.01,Belghoria Expressway,607.89,JIRIBAM,108.76,Khongsang,77.97,Kolkata Port (Syama Prasad Mookerjee Port) incl. Haldia Dock Complex,618.56,ICD Amingaon,307.96,Moreh ICP,26.07,Lokpriya Gopinath Bordoloi International Airport (GAU),310.79,MMLP Silchar,142.46,Lakhipur Terminal,119.91,FCI Depot Imphal,45.02,CACHAR Toll Plaza,148.56
Kangoi Khullen,TENGNOUPAL,667.0,9821992047,village,102,6.73,Belghoria Expressway,604.08,JIRIBAM,104.12,Khongsang,73.5,Kolkata Port (Syama Prasad Mookerjee Port) incl. Haldia Dock Complex,614.79,ICD Amingaon,303.62,Moreh ICP,29.88,Lokpriya Gopinath Bordoloi International Airport (GAU),306.39,MMLP Silchar,137.82,Lakhipur Terminal,115.27,FCI Depot Imphal,41.84,CACHAR Toll Plaza,143.93
Phalbung,TENGNOUPAL,667.0,9821992048,village,102A,0.02,Belghoria Expressway,606.85,JIRIBAM,111.01,Khongsang,81.1,Kolkata Port (Syama Prasad Mookerjee Port) incl. Haldia Dock Complex,617.47,ICD Amingaon,311.39,Moreh ICP,21.91,Lokpriya Gopinath Bordoloi International Airport (GAU),314.07,MMLP Silchar,144.43,Lakhipur Terminal,121.93,FCI Depot Imphal,49.63,CACHAR Toll Plaza,150.86
Loikong,TENGNOUPAL,667.0,9821992049,village,102A,0.97,Belghoria Expressway,610.62,JIRIBAM,114.24,Khongsang,83.84,Kolkata Port (Syama Prasad Mookerjee Port) incl. Haldia Dock Complex,621.23,ICD Amingaon,313.93,Moreh ICP,20.14,Lokpriya Gopinath Bordoloi International Airport (GAU),316.72,MMLP Silchar,147.79,Lakhipur Terminal,125.26,FCI Depot Imphal,50.84,CACHAR Toll Plaza,154.07
Lamlong Khunou (Lampi),TENGNOUPAL,667.0,9822012165,village,102A,10.32,Belghoria Expressway,622.87,JIRIBAM,125.84,Khongsang,94.33,Kolkata Port (Syama Prasad Mookerjee Port) incl. Haldia Dock Complex,633.44,ICD Amingaon,323.57,Moreh ICP,17.7,Lokpriya Gopinath Bordoloi International Airport (GAU),326.66,MMLP Silchar,159.64,Lakhipur Terminal,137.07,FCI Depot Imphal,57.74,CACHAR Toll Plaza,165.59
Kwatha,TENGNOUPAL,667.0,9822262617,village,102,3.73,Belghoria Expressway,616.22,JIRIBAM,125.14,Khongsang,95.39,Kolkata Port (Syama Prasad Mookerjee Port) incl. Haldia Dock Complex,626.7,ICD Amingaon,325.61,Moreh ICP,9.03,Lokpriya Gopinath Bordoloi International Airport (GAU),328.35,MMLP Silchar,158.38,Lakhipur Terminal,135.93,FCI Depot Imphal,62.28,CACHAR Toll Plaza,164.99
Langkhongching,TENGNOUPAL,667.0,9822262632,village,102,2.92,Belghoria Expressway,614.77,JIRIBAM,122.73,Khongsang,92.92,Kolkata Port (Syama Prasad Mookerjee Port) incl. Haldia Dock Complex,625.27,ICD Amingaon,323.13,Moreh ICP,11.13,Lokpriya Gopinath Bordoloi International Airport (GAU),325.87,MMLP Silchar,156.02,Lakhipur Terminal,133.56,FCI Depot Imphal,59.94,CACHAR Toll Plaza,162.59
Chingkhan Yonyer,TENGNOUPAL,667.0,9822508284,village,102A,1.75,Belghoria Expressway,617.73,JIRIBAM,111.18,Khongsang,77.85,Kolkata Port (Syama Prasad Mookerjee Port) incl. Haldia Dock Complex,628.53,ICD Amingaon,305.55,Moreh ICP,34.85,Lokpriya Gopinath Bordoloi International Airport (GAU),308.91,MMLP Silchar,145.46,Lakhipur Terminal,122.9,FCI Depot Imphal,38.78,CACHAR Toll Plaza,150.51
Thamlai,TENGNOUPAL,667.0,9822534539,village,102A,4.52,Belghoria Expressway,609.02,JIRIBAM,101.86,Khongsang,68.93,Kolkata Port (Syama Prasad Mookerjee Port) incl. Haldia Dock Complex,619.86,ICD Amingaon,297.53,Moreh ICP,38.91,Lokpriya Gopinath Bordoloi International Airport (GAU),300.7,MMLP Silchar,136.1,Lakhipur Terminal,113.53,FCI Depot Imphal,32.18,CACHAR Toll Plaza,141.28
Wabaching,TENGNOUPAL,667.0,9822534540,village,102A,5.03,Belghoria Expressway,608.83,JIRIBAM,101.15,Khongsang,68.1,Kolkata Port (Syama Prasad Mookerjee Port) incl. Haldia Dock Complex,619.69,ICD Amingaon,296.59,Moreh ICP,39.94,Lokpriya Gopinath Bordoloi International Airport (GAU),299.77,MMLP Silchar,135.42,Lakhipur Terminal,112.86,FCI Depot Imphal,31.15,CACHAR Toll Plaza,140.54
Unnamed Village,TENGNOUPAL,667.0,9822534541,village,102A,6.1,Belghoria Expressway,607.93,JIRIBAM,100.07,Khongsang,67.04,Kolkata Port (Syama Prasad Mookerjee Port) incl. Haldia Dock Complex,618.79,ICD Amingaon,295.59,Moreh ICP,40.68,Lokpriya Gopinath Bordoloi International Airport (GAU),298.76,MMLP Silchar,134.34,Lakhipur Terminal,111.78,FCI Depot Imphal,30.34,CACHAR Toll Plaza,139.46
Heinoukhong,TENGNOUPAL,667.0,9822534542,village,102A,6.11,Belghoria Expressway,607.48,JIRIBAM,100.35,Khongsang,67.54,Kolkata Port (Syama Prasad Mookerjee Port) incl. Haldia Dock Complex,618.33,ICD Amingaon,296.32,Moreh ICP,39.59,Lokpriya Gopinath Bordoloi International Airport (GAU),299.44,MMLP Silchar,134.57,Lakhipur Terminal,112.0,FCI Depot Imphal,31.39,CACHAR Toll Plaza,139.79
Ingourok,TENGNOUPAL,667.0,9822534543,village,102A,5.56,Belghoria Expressway,607.81,JIRIBAM,102.17,Khongsang,69.73,Kolkata Port (Syama Prasad Mookerjee Port) incl. Haldia Dock Complex,618.63,ICD Amingaon,298.79,Moreh ICP,36.8,Lokpriya Gopinath Bordoloi International Airport (GAU),301.87,MMLP Silchar,136.31,Lakhipur Terminal,113.73,FCI Depot Imphal,34.17,CACHAR Toll Plaza,141.71
Konaitong,TENGNOUPAL,667.0,9822534544,village,102A,4.4,Belghoria Expressway,609.02,JIRIBAM,103.24,Khongsang,70.67,Kolkata Port (Syama Prasad Mookerjee Port) incl. Haldia Dock Complex,619.84,ICD Amingaon,299.58,Moreh ICP,36.46,Lokpriya Gopinath Bordoloi International Airport (GAU),302.69,MMLP Silchar,137.4,Lakhipur Terminal,114.82,FCI Depot Imphal,34.58,CACHAR Toll Plaza,142.75
Thabikeithel,TENGNOUPAL,667.0,9822561828,village,102A,5.0,Belghoria Expressway,609.11,JIRIBAM,104.37,Khongsang,72.06,Kolkata Port (Syama Prasad Mookerjee Port) incl. Haldia Dock Complex,619.91,ICD Amingaon,301.17,Moreh ICP,34.59,Lokpriya Gopinath Bordoloi International Airport (GAU),304.24,MMLP Silchar,138.47,Lakhipur Terminal,115.89,FCI Depot Imphal,36.42,CACHAR Toll Plaza,143.94
Kashong,KAMJANG,670.0,9822592872,village,102A,0.15,Belghoria Expressway,634.25,JIRIBAM,126.46,Khongsang,92.15,Kolkata Port (Syama Prasad Mookerjee Port) incl. Haldia Dock Complex,645.02,ICD Amingaon,317.11,Moreh ICP,37.84,Lokpriya Gopinath Bordoloi International Airport (GAU),320.91,MMLP Silchar,160.87,Lakhipur Terminal,138.38,FCI Depot Imphal,49.99,CACHAR Toll Plaza,165.41
Manthou,KAMJANG,670.0,9822592873,village,102A,0.11,Belghoria Expressway,636.91,JIRIBAM,127.82,Khongsang,93.17,Kolkata Port (Syama Prasad Mookerjee Port) incl. Haldia Dock Complex,647.71,ICD Amingaon,317.11,Moreh ICP,41.04,Lokpriya Gopinath Bordoloi International Airport (GAU),321.03,MMLP Silchar,162.26,Lakhipur Terminal,139.82,FCI Depot Imphal,50.37,CACHAR Toll Plaza,166.57
Unnamed Village,KAMJANG,670.0,9822592887,village,102A,0.07,Belghoria Expressway,639.64,JIRIBAM,129.53,Khongsang,94.63,Kolkata Port (Syama Prasad Mookerjee Port) incl. Haldia Dock Complex,650.46,ICD Amingaon,317.57,Moreh ICP,43.88,Lokpriya Gopinath Bordoloi International Airport (GAU),321.61,MMLP Silchar,163.98,Lakhipur Terminal,141.6,FCI Depot Imphal,51.34,CACHAR Toll Plaza,168.1
Unnamed Hamlet,KAMJANG,670.0,9822592888,village,102A,3.59,Belghoria Expressway,644.87,JIRIBAM,134.18,Khongsang,99.05,Kolkata Port (Syama Prasad Mookerjee Port) incl. Haldia Dock Complex,655.7,ICD Amingaon,320.78,Moreh ICP,47.12,Lokpriya Gopinath Bordoloi International Airport (GAU),324.96,MMLP Silchar,168.63,Lakhipur Terminal,146.29,FCI Depot Imphal,55.36,CACHAR Toll Plaza,172.57
Sairel Saisem,TENGNOUPAL,667.0,9822612531,village,102A,8.61,Belghoria Expressway,628.06,JIRIBAM,124.95,Khongsang,91.85,Kolkata Port (Syama Prasad Mookerjee Port) incl. Haldia Dock Complex,638.75,ICD Amingaon,319.3,Moreh ICP,28.25,Lokpriya Gopinath Bordoloi International Airport (GAU),322.75,MMLP Silchar,159.15,Lakhipur Terminal,136.58,FCI Depot Imphal,52.14,CACHAR Toll Plaza,164.38
Unnamed Village,CHANDEL,280.0,9822622902,village,46,19.51,Belghoria Expressway,593.1,JIRIBAM,118.13,Khongsang,94.32,Kolkata Port (Syama Prasad Mookerjee Port) incl. Haldia Dock Complex,603.4,ICD Amingaon,323.6,Moreh ICP,23.55,Lokpriya Gopinath Bordoloi International Airport (GAU),325.36,MMLP Silchar,149.15,Lakhipur Terminal,127.48,FCI Depot Imphal,72.57,CACHAR Toll Plaza,157.37
Unnamed Village,CHANDEL,280.0,9822622903,village,102,18.14,Belghoria Expressway,595.3,JIRIBAM,117.86,Khongsang,93.27,Kolkata Port (Syama Prasad Mookerjee Port) incl. Haldia Dock Complex,605.63,ICD Amingaon,322.92,Moreh ICP,21.08,Lokpriya Gopinath Bordoloi International Airport (GAU),324.79,MMLP Silchar,149.22,Lakhipur Terminal,127.41,FCI Depot Imphal,70.29,CACHAR Toll Plaza,157.24
Khunthak,CHANDEL,280.0,9822622904,village,102,16.59,Belghoria Expressway,596.07,JIRIBAM,116.89,Khongsang,91.86,Kolkata Port (Syama Prasad Mookerjee Port) incl. Haldia Dock Complex,606.43,ICD Amingaon,321.68,Moreh ICP,20.21,Lokpriya Gopinath Bordoloi International Airport (GAU),323.62,MMLP Silchar,148.45,Lakhipur Terminal,126.56,FCI Depot Imphal,68.32,CACHAR Toll Plaza,156.35
Unnamed Village,CHANDEL,280.0,9822622905,village,102C,13.03,Belghoria Expressway,592.65,JIRIBAM,112.22,Khongsang,87.48,Kolkata Port (Syama Prasad Mookerjee Port) incl. Haldia Dock Complex,603.05,ICD Amingaon,317.15,Moreh ICP,23.87,Lokpriya Gopinath Bordoloi International Airport (GAU),319.04,MMLP Silchar,143.76,Lakhipur Terminal,121.87,FCI Depot Imphal,65.28,CACHAR Toll Plaza,151.67
Ralruwng,CHANDEL,280.0,9822622907,village,102,11.97,Belghoria Expressway,598.29,JIRIBAM,113.88,Khongsang,87.51,Kolkata Port (Syama Prasad Mookerjee Port) incl. Haldia Dock Complex,608.74,ICD Amingaon,317.75,Moreh ICP,19.04,Lokpriya Gopinath Bordoloi International Airport (GAU),319.88,MMLP Silchar,146.03,Lakhipur Terminal,123.92,FCI Depot Imphal,62.22,CACHAR Toll Plaza,153.55
Wamkhu,CHANDEL,280.0,9822622908,village,102C,12.48,Belghoria Expressway,596.07,JIRIBAM,112.97,Khongsang,87.19,Kolkata Port (Syama Prasad Mookerjee Port) incl. Haldia Dock Complex,606.5,ICD Amingaon,317.26,Moreh ICP,20.92,Lokpriya Gopinath Bordoloi International Airport (GAU),319.3,MMLP Silchar,144.92,Lakhipur Terminal,122.88,FCI Depot Imphal,63.08,CACHAR Toll Plaza,152.58
Unnamed Village,CHANDEL,280.0,9822622909,village,102,9.93,Belghoria Expressway,600.38,JIRIBAM,114.67,Khongsang,87.75,Kolkata Port (Syama Prasad Mookerjee Port) incl. Haldia Dock Complex,610.84,ICD Amingaon,318.12,Moreh ICP,17.45,Lokpriya Gopinath Bordoloi International Airport (GAU),320.33,MMLP Silchar,147.02,Lakhipur Terminal,124.84,FCI Depot Imphal,61.35,CACHAR Toll Plaza,154.4
Unnamed Village,CHANDEL,280.0,9822622910,village,102,5.63,Belghoria Expressway,603.92,JIRIBAM,115.25,Khongsang,87.27,Kolkata Port (Syama Prasad Mookerjee Port) incl. Haldia Dock Complex,614.41,ICD Amingaon,317.76,Moreh ICP,15.91,Lokpriya Gopinath Bordoloi International Airport (GAU),320.14,MMLP Silchar,147.98,Lakhipur Terminal,125.67,FCI Depot Imphal,58.83,CACHAR Toll Plaza,155.06
Chamol,TENGNOUPAL,667.0,9822622911,village,102,0.02,Belghoria Expressway,606.3,JIRIBAM,113.1,Khongsang,83.86,Kolkata Port (Syama Prasad Mookerjee Port) incl. Haldia Dock Complex,616.86,ICD Amingaon,314.28,Moreh ICP,18.75,Lokpriya Gopinath Bordoloi International Airport (GAU),316.86,MMLP Silchar,146.3,Lakhipur Terminal,123.85,FCI Depot Imphal,53.37,CACHAR Toll Plaza,152.96
Unnamed Village,CHANDEL,280.0,9822622912,village,102,3.75,Belghoria Expressway,599.51,JIRIBAM,107.71,Khongsang,79.58,Kolkata Port (Syama Prasad Mookerjee Port) incl. Haldia Dock Complex,610.08,ICD Amingaon,310.07,Moreh ICP,23.42,Lokpriya Gopinath Bordoloi International Airport (GAU),312.45,MMLP Silchar,140.6,Lakhipur Terminal,118.24,FCI Depot Imphal,52.3,CACHAR Toll Plaza,147.54
Unnamed Village,CHANDEL,280.0,9822622913,village,102C,4.32,Belghoria Expressway,595.86,JIRIBAM,104.27,Khongsang,76.69,Kolkata Port (Syama Prasad Mookerjee Port) incl. Haldia Dock Complex,606.45,ICD Amingaon,307.12,Moreh ICP,26.88,Lokpriya Gopinath Bordoloi International Airport (GAU),309.4,MMLP Silchar,137.03,Lakhipur Terminal,114.7,FCI Depot Imphal,51.22,CACHAR Toll Plaza,144.08
Lamgang Khunou,CHANDEL,280.0,9822622914,village,102,0.01,Belghoria Expressway,599.01,JIRIBAM,103.98,Khongsang,75.16,Kolkata Port (Syama Prasad Mookerjee Port) incl. Haldia Dock Complex,609.65,ICD Amingaon,305.65,Moreh ICP,27.46,Lokpriya Gopinath Bordoloi International Airport (GAU),308.12,MMLP Silchar,137.15,Lakhipur Terminal,114.71,FCI Depot Imphal,47.35,CACHAR Toll Plaza,143.84
Unnamed Village,CHANDEL,280.0,9822622915,village,102,1.79,Belghoria Expressway,595.54,JIRIBAM,100.35,Khongsang,71.95,Kolkata Port (Syama Prasad Mookerjee Port) incl. Haldia Dock Complex,606.2,ICD Amingaon,302.43,Moreh ICP,30.9,Lokpriya Gopinath Bordoloi International Airport (GAU),304.83,MMLP Silchar,133.43,Lakhipur Terminal,111.01,FCI Depot Imphal,45.92,CACHAR Toll Plaza,140.2
Unnamed Village,CHANDEL,280.0,9822622916,village,102,1.1,Belghoria Expressway,595.18,JIRIBAM,98.72,Khongsang,70.05,Kolkata Port (Syama Prasad Mookerjee Port) incl. Haldia Dock Complex,605.87,ICD Amingaon,300.54,Moreh ICP,32.67,Lokpriya Gopinath Bordoloi International Airport (GAU),302.97,MMLP Silchar,131.91,Lakhipur Terminal,109.46,FCI Depot Imphal,43.94,CACHAR Toll Plaza,138.58
Nongman,KAMJANG,670.0,9822627974,village,102A,3.6,Belghoria Expressway,642.31,JIRIBAM,129.03,Khongsang,93.54,Kolkata Port (Syama Prasad Mookerjee Port) incl. Haldia Dock Complex,653.22,ICD Amingaon,313.91,Moreh ICP,51.16,Lokpriya Gopinath Bordoloi International Airport (GAU),318.19,MMLP Silchar,163.46,Lakhipur Terminal,141.25,FCI Depot Imphal,49.4,CACHAR Toll Plaza,167.05
Unnamed Village,KAMJANG,670.0,9822627975,village,102A,0.03,Belghoria Expressway,638.73,JIRIBAM,125.76,Khongsang,90.38,Kolkata Port (Syama Prasad Mookerjee Port) incl. Haldia Dock Complex,649.63,ICD Amingaon,311.63,Moreh ICP,49.32,Lokpriya Gopinath Bordoloi International Airport (GAU),315.81,MMLP Silchar,160.2,Lakhipur Terminal,137.95,FCI Depot Imphal,46.41,CACHAR Toll Plaza,163.9
Punge,KAMJANG,670.0,9822627976,village,102A,0.27,Belghoria Expressway,638.65,JIRIBAM,126.41,Khongsang,91.16,Kolkata Port (Syama Prasad Mookerjee Port) incl. Haldia Dock Complex,649.53,ICD Amingaon,312.94,Moreh ICP,47.74,Lokpriya Gopinath Bordoloi International Airport (GAU),317.08,MMLP Silchar,160.86,Lakhipur Terminal,138.57,FCI Depot Imphal,47.37,CACHAR Toll Plaza,164.69
Paraolon,CHANDEL,280.0,9822629759,village,102C,0.03,Belghoria Expressway,590.68,JIRIBAM,99.9,Khongsang,73.29,Kolkata Port (Syama Prasad Mookerjee Port) incl. Haldia Dock Complex,601.29,ICD Amingaon,303.5,Moreh ICP,31.55,Lokpriya Gopinath Bordoloi International Airport (GAU),305.64,MMLP Silchar,132.4,Lakhipur Terminal,110.15,FCI Depot Imphal,50.78,CACHAR Toll Plaza,139.65
Unnamed Village,CHANDEL,280.0,9822629761,village,102C,2.03,Belghoria Expressway,594.15,JIRIBAM,101.27,Khongsang,73.63,Kolkata Port (Syama Prasad Mookerjee Port) incl. Haldia Dock Complex,604.77,ICD Amingaon,304.05,Moreh ICP,29.86,Lokpriya Gopinath Bordoloi International Airport (GAU),306.33,MMLP Silchar,134.09,Lakhipur Terminal,111.74,FCI Depot Imphal,48.82,CACHAR Toll Plaza,141.09
Unnamed Village,CHANDEL,280.0,9822629762,village,102C,0.06,Belghoria Expressway,592.35,JIRIBAM,98.5,Khongsang,70.89,Kolkata Port (Syama Prasad Mookerjee Port) incl. Haldia Dock Complex,603.0,ICD Amingaon,301.3,Moreh ICP,32.62,Lokpriya Gopinath Bordoloi International Airport (GAU),303.57,MMLP Silchar,131.35,Lakhipur Terminal,108.99,FCI Depot Imphal,46.95,CACHAR Toll Plaza,138.32
Unnamed Village,CHANDEL,280.0,9822629763,village,102C,0.08,Belghoria Expressway,592.98,JIRIBAM,97.7,Khongsang,69.65,Kolkata Port (Syama Prasad Mookerjee Port) incl. Haldia Dock Complex,603.66,ICD Amingaon,300.1,Moreh ICP,33.46,Lokpriya Gopinath Bordoloi International Airport (GAU),302.44,MMLP Silchar,130.72,Lakhipur Terminal,108.31,FCI Depot Imphal,45.07,CACHAR Toll Plaza,137.55
Lamgang Khunkha,CHANDEL,280.0,9822629764,village,102,2.13,Belghoria Expressway,595.76,JIRIBAM,101.21,Khongsang,72.94,Kolkata Port (Syama Prasad Mookerjee Port) incl. Haldia Dock Complex,606.41,ICD Amingaon,303.42,Moreh ICP,29.98,Lokpriya Gopinath Bordoloi International Airport (GAU),305.8,MMLP Silchar,134.24,Lakhipur Terminal,111.84,FCI Depot Imphal,46.93,CACHAR Toll Plaza,141.06
Unnamed Village,CHANDEL,280.0,9822629765,village,102C,2.19,Belghoria Expressway,591.39,JIRIBAM,94.85,Khongsang,66.72,Kolkata Port (Syama Prasad Mookerjee Port) incl. Haldia Dock Complex,602.1,ICD Amingaon,297.17,Moreh ICP,36.35,Lokpriya Gopinath Bordoloi International Airport (GAU),299.51,MMLP Silchar,127.94,Lakhipur Terminal,105.51,FCI Depot Imphal,42.91,CACHAR Toll Plaza,134.7
Mawai,KAMJANG,670.0,9822641817,village,102A,4.25,Belghoria Expressway,632.75,JIRIBAM,121.07,Khongsang,86.05,Kolkata Port (Syama Prasad Mookerjee Port) incl. Haldia Dock Complex,643.64,ICD Amingaon,309.22,Moreh ICP,45.14,Lokpriya Gopinath Bordoloi International Airport (GAU),313.19,MMLP Silchar,155.53,Lakhipur Terminal,133.18,FCI Depot Imphal,42.74,CACHAR Toll Plaza,159.55
Unnamed Village,KAMJANG,670.0,9822641818,village,102A,0.17,Belghoria Expressway,628.58,JIRIBAM,117.87,Khongsang,83.17,Kolkata Port (Syama Prasad Mookerjee Port) incl. Haldia Dock Complex,639.45,ICD Amingaon,307.59,Moreh ICP,42.52,Lokpriya Gopinath Bordoloi International Airport (GAU),311.41,MMLP Silchar,152.32,Lakhipur Terminal,129.91,FCI Depot Imphal,40.54,CACHAR Toll Plaza,156.57
Unnamed Village,KAMJANG,670.0,9822641819,village,102A,3.61,Belghoria Expressway,623.93,JIRIBAM,114.52,Khongsang,80.25,Kolkata Port (Syama Prasad Mookerjee Port) incl. Haldia Dock Complex,634.78,ICD Amingaon,306.04,Moreh ICP,39.71,Lokpriya Gopinath Bordoloi International Airport (GAU),309.68,MMLP Silchar,148.93,Lakhipur Terminal,126.46,FCI Depot Imphal,38.71,CACHAR Toll Plaza,153.47
Unnamed Village,TENGNOUPAL,667.0,9822649309,village,102A,6.41,Belghoria Expressway,608.52,JIRIBAM,99.7,Khongsang,66.36,Kolkata Port (Syama Prasad Mookerjee Port) incl. Haldia Dock Complex,619.41,ICD Amingaon,294.57,Moreh ICP,42.2,Lokpriya Gopinath Bordoloi International Airport (GAU),297.8,MMLP Silchar,134.01,Lakhipur Terminal,111.47,FCI Depot Imphal,28.92,CACHAR Toll Plaza,138.99
Unnamed Village,TENGNOUPAL,667.0,9822649310,village,102A,4.89,Belghoria Expressway,611.77,JIRIBAM,102.05,Khongsang,68.29,Kolkata Port (Syama Prasad Mookerjee Port) incl. Haldia Dock Complex,622.67,ICD Amingaon,295.77,Moreh ICP,42.65,Lokpriya Gopinath Bordoloi International Airport (GAU),299.12,MMLP Silchar,136.42,Lakhipur Terminal,113.91,FCI Depot Imphal,29.22,CACHAR Toll Plaza,141.2
Unnamed Village,KAMJANG,670.0,9822649311,village,102A,5.17,Belghoria Expressway,611.21,JIRIBAM,101.56,Khongsang,67.85,Kolkata Port (Syama Prasad Mookerjee Port) incl. Haldia Dock Complex,622.11,ICD Amingaon,295.44,Moreh ICP,42.7,Lokpriya Gopinath Bordoloi International Airport (GAU),298.77,MMLP Silchar,135.93,Lakhipur Terminal,113.41,FCI Depot Imphal,29.0,CACHAR Toll Plaza,140.73
Unnamed Village,KAMJANG,670.0,9822649312,village,102A,6.27,Belghoria Expressway,611.29,JIRIBAM,100.96,Khongsang,67.07,Kolkata Port (Syama Prasad Mookerjee Port) incl. Haldia Dock Complex,622.21,ICD Amingaon,294.4,Moreh ICP,44.01,Lokpriya Gopinath Bordoloi International Airport (GAU),297.77,MMLP Silchar,135.35,Lakhipur Terminal,112.85,FCI Depot Imphal,27.81,CACHAR Toll Plaza,140.05
Unnamed Village,KAMJANG,670.0,9822649313,village,102A,6.38,Belghoria Expressway,611.82,JIRIBAM,100.79,Khongsang,66.68,Kolkata Port (Syama Prasad Mookerjee Port) incl. Haldia Dock Complex,622.75,ICD Amingaon,293.67,Moreh ICP,45.25,Lokpriya Gopinath Bordoloi International Airport (GAU),297.08,MMLP Silchar,135.2,Lakhipur Terminal,112.72,FCI Depot Imphal,26.85,CACHAR Toll Plaza,139.78
Unnamed Village,KAMJANG,670.0,9822649314,village,102A,3.7,Belghoria Expressway,614.27,JIRIBAM,103.49,Khongsang,69.33,Kolkata Port (Syama Prasad Mookerjee Port) incl. Haldia Dock Complex,625.19,ICD Amingaon,296.04,Moreh ICP,44.0,Lokpriya Gopinath Bordoloi International Airport (GAU),299.5,MMLP Silchar,137.91,Lakhipur Terminal,115.43,FCI Depot Imphal,28.98,CACHAR Toll Plaza,142.47
Unnamed Village,KAMJANG,670.0,9822649315,village,102A,5.26,Belghoria Expressway,613.35,JIRIBAM,102.03,Khongsang,67.78,Kolkata Port (Syama Prasad Mookerjee Port) incl. Haldia Dock Complex,624.28,ICD Amingaon,294.41,Moreh ICP,45.35,Lokpriya Gopinath Bordoloi International Airport (GAU),297.88,MMLP Silchar,136.46,Lakhipur Terminal,114.0,FCI Depot Imphal,27.37,CACHAR Toll Plaza,140.96
Unnamed Village,KAMJANG,670.0,9822649316,village,102A,4.06,Belghoria Expressway,615.11,JIRIBAM,103.62,Khongsang,69.25,Kolkata Port (Syama Prasad Mookerjee Port) incl. Haldia Dock Complex,626.04,ICD Amingaon,295.51,Moreh ICP,45.25,Lokpriya Gopinath Bordoloi International Airport (GAU),299.03,MMLP Silchar,138.05,Lakhipur Terminal,115.61,FCI Depot Imphal,28.3,CACHAR Toll Plaza,142.49
Unnamed Village,THOUBAL,276.0,9822651717,village,102A,7.62,Belghoria Expressway,613.1,JIRIBAM,100.42,Khongsang,65.84,Kolkata Port (Syama Prasad Mookerjee Port) incl. Haldia Dock Complex,624.07,ICD Amingaon,291.89,Moreh ICP,48.28,Lokpriya Gopinath Bordoloi International Airport (GAU),295.42,MMLP Silchar,134.87,Lakhipur Terminal,112.46,FCI Depot Imphal,24.68,CACHAR Toll Plaza,139.17
Unnamed Village,KAMJANG,670.0,9822651718,village,102A,5.86,Belghoria Expressway,615.23,JIRIBAM,101.85,Khongsang,67.02,Kolkata Port (Syama Prasad Mookerjee Port) incl. Haldia Dock Complex,626.21,ICD Amingaon,292.32,Moreh ICP,49.27,Lokpriya Gopinath Bordoloi International Airport (GAU),295.94,MMLP Silchar,136.3,Lakhipur Terminal,113.94,FCI Depot Imphal,24.99,CACHAR Toll Plaza,140.44
Unnamed Village,KAMJANG,670.0,9822651719,village,102A,3.49,Belghoria Expressway,617.65,JIRIBAM,104.11,Khongsang,69.16,Kolkata Port (Syama Prasad Mookerjee Port) incl. Haldia Dock Complex,628.63,ICD Amingaon,293.93,Moreh ICP,49.14,Lokpriya Gopinath Bordoloi International Airport (GAU),297.62,MMLP Silchar,138.57,Lakhipur Terminal,116.23,FCI Depot Imphal,26.64,CACHAR Toll Plaza,142.62
Unnamed Village,KAMJANG,670.0,9822651720,village,102A,2.16,Belghoria Expressway,619.83,JIRIBAM,105.69,Khongsang,70.54,Kolkata Port (Syama Prasad Mookerjee Port) incl. Haldia Dock Complex,630.81,ICD Amingaon,294.54,Moreh ICP,50.18,Lokpriya Gopinath Bordoloi International Airport (GAU),298.32,MMLP Silchar,140.15,Lakhipur Terminal,117.85,FCI Depot Imphal,27.45,CACHAR Toll Plaza,144.05
Unnamed Hamlet,KAMJANG,670.0,9822651721,village,102A,1.48,Belghoria Expressway,621.06,JIRIBAM,106.62,Khongsang,71.37,Kolkata Port (Syama Prasad Mookerjee Port) incl. Haldia Dock Complex,632.05,ICD Amingaon,294.94,Moreh ICP,50.75,Lokpriya Gopinath Bordoloi International Airport (GAU),298.77,MMLP Silchar,141.07,Lakhipur Terminal,118.8,FCI Depot Imphal,28.02,CACHAR Toll Plaza,144.9
Chongdan,KAMJANG,670.0,9822651722,village,102A,3.16,Belghoria Expressway,626.89,JIRIBAM,111.22,Khongsang,75.6,Kolkata Port (Syama Prasad Mookerjee Port) incl. Haldia Dock Complex,637.9,ICD Amingaon,297.07,Moreh ICP,53.58,Lokpriya Gopinath Bordoloi International Airport (GAU),301.12,MMLP Silchar,145.62,Lakhipur Terminal,123.48,FCI Depot Imphal,31.45,CACHAR Toll Plaza,149.1
Unnamed Village,KAMJANG,670.0,9822651723,village,102A,4.05,Belghoria Expressway,624.96,JIRIBAM,108.7,Khongsang,73.01,Kolkata Port (Syama Prasad Mookerjee Port) incl. Haldia Dock Complex,635.99,ICD Amingaon,294.38,Moreh ICP,55.02,Lokpriya Gopinath Bordoloi International Airport (GAU),298.42,MMLP Silchar,143.08,Lakhipur Terminal,120.98,FCI Depot Imphal,28.78,CACHAR Toll Plaza,146.49
L. Songphel,KANGPOKPI,679.0,9822651724,village,102A,9.87,Belghoria Expressway,616.12,JIRIBAM,99.32,Khongsang,63.71,Kolkata Port (Syama Prasad Mookerjee Port) incl. Haldia Dock Complex,627.19,ICD Amingaon,286.53,Moreh ICP,57.09,Lokpriya Gopinath Bordoloi International Airport (GAU),290.38,MMLP Silchar,133.72,Lakhipur Terminal,111.59,FCI Depot Imphal,19.79,CACHAR Toll Plaza,137.23
Itham,KANGPOKPI,679.0,9822651725,village,102A,10.57,Belghoria Expressway,617.02,JIRIBAM,99.6,Khongsang,63.85,Kolkata Port (Syama Prasad Mookerjee Port) incl. Haldia Dock Complex,628.11,ICD Amingaon,285.93,Moreh ICP,58.56,Lokpriya Gopinath Bordoloi International Airport (GAU),289.83,MMLP Silchar,133.96,Lakhipur Terminal,111.9,FCI Depot Imphal,19.63,CACHAR Toll Plaza,137.32
Unnamed Hamlet,KANGPOKPI,679.0,9822651726,village,102A,11.2,Belghoria Expressway,618.84,JIRIBAM,100.72,Khongsang,64.82,Kolkata Port (Syama Prasad Mookerjee Port) incl. Haldia Dock Complex,629.94,ICD Amingaon,285.82,Moreh ICP,60.18,Lokpriya Gopinath Bordoloi International Airport (GAU),289.82,MMLP Silchar,135.03,Lakhipur Terminal,113.05,FCI Depot Imphal,20.37,CACHAR Toll Plaza,138.2
Nongdam,KAMJANG,670.0,9822651727,village,202,10.11,Belghoria Expressway,619.92,JIRIBAM,101.23,Khongsang,65.23,Kolkata Port (Syama Prasad Mookerjee Port) incl. Haldia Dock Complex,631.04,ICD Amingaon,285.37,Moreh ICP,61.64,Lokpriya Gopinath Bordoloi International Airport (GAU),289.44,MMLP Silchar,135.5,Lakhipur Terminal,113.59,FCI Depot Imphal,20.72,CACHAR Toll Plaza,138.52
Unnamed Village,KAMJANG,670.0,9822651728,village,102A,8.84,Belghoria Expressway,628.82,JIRIBAM,110.13,Khongsang,74.03,Kolkata Port (Syama Prasad Mookerjee Port) incl. Haldia Dock Complex,639.92,ICD Amingaon,292.06,Moreh ICP,61.69,Lokpriya Gopinath Bordoloi International Airport (GAU),296.36,MMLP Silchar,144.34,Lakhipur Terminal,122.51,FCI Depot Imphal,29.55,DIMA HASAO Toll Plaza,147.07
Unnamed Village,KAMJANG,670.0,9822651729,village,102A,8.49,Belghoria Expressway,629.52,JIRIBAM,111.31,Khongsang,75.27,Kolkata Port (Syama Prasad Mookerjee Port) incl. Haldia Dock Complex,640.61,ICD Amingaon,293.68,Moreh ICP,60.41,Lokpriya Gopinath Bordoloi International Airport (GAU),297.97,MMLP Silchar,145.56,Lakhipur Terminal,123.67,FCI Depot Imphal,30.76,CACHAR Toll Plaza,148.47
Unnamed Village,KAMJANG,670.0,9822651730,village,102A,1.64,Belghoria Expressway,637.01,JIRIBAM,118.81,Khongsang,82.71,Kolkata Port (Syama Prasad Mookerjee Port) incl. Haldia Dock Complex,648.07,ICD Amingaon,299.46,Moreh ICP,61.51,Lokpriya Gopinath Bordoloi International Airport (GAU),303.93,MMLP Silchar,153.02,Lakhipur Terminal,131.19,FCI Depot Imphal,38.24,DIMA HASAO Toll Plaza,153.45
Unnamed Village,KAMJANG,670.0,9822651731,village,102A,3.27,Belghoria Expressway,643.16,JIRIBAM,124.91,Khongsang,88.77,Kolkata Port (Syama Prasad Mookerjee Port) incl. Haldia Dock Complex,654.22,ICD Amingaon,304.07,Moreh ICP,63.32,Lokpriya Gopinath Bordoloi International Airport (GAU),308.7,MMLP Silchar,159.08,Lakhipur Terminal,137.3,FCI Depot Imphal,44.34,DIMA HASAO Toll Plaza,157.27
Ramphoi,KAMJANG,670.0,9822651732,village,102A,8.82,Belghoria Expressway,649.43,JIRIBAM,136.61,Khongsang,101.07,Kolkata Port (Syama Prasad Mookerjee Port) incl. Haldia Dock Complex,660.3,ICD Amingaon,320.5,Moreh ICP,53.29,Lokpriya Gopinath Bordoloi International Airport (GAU),324.91,MMLP Silchar,171.03,Lakhipur Terminal,148.83,FCI Depot Imphal,56.84,DIMA HASAO Toll Plaza,174.43
Unnamed Village,KAMJANG,670.0,9822651733,village,102A,12.25,Belghoria Expressway,651.09,JIRIBAM,136.57,Khongsang,100.78,Kolkata Port (Syama Prasad Mookerjee Port) incl. Haldia Dock Complex,662.01,ICD Amingaon,318.46,Moreh ICP,57.52,Lokpriya Gopinath Bordoloi International Airport (GAU),323.01,MMLP Silchar,170.94,Lakhipur Terminal,148.86,FCI Depot Imphal,56.33,DIMA HASAO Toll Plaza,171.78
Grihang,KAMJANG,670.0,9822651734,village,102A,12.08,Belghoria Expressway,649.96,JIRIBAM,134.07,Khongsang,98.13,Kolkata Port (Syama Prasad Mookerjee Port) incl. Haldia Dock Complex,660.92,ICD Amingaon,314.71,Moreh ICP,59.98,Lokpriya Gopinath Bordoloi International Airport (GAU),319.32,MMLP Silchar,168.38,Lakhipur Terminal,146.41,FCI Depot Imphal,53.62,DIMA HASAO Toll Plaza,167.8
Bungpa Khunou,KAMJANG,670.0,9822651735,village,102A,12.95,Belghoria Expressway,652.32,JIRIBAM,135.22,Khongsang,99.13,Kolkata Port (Syama Prasad Mookerjee Port) incl. Haldia Dock Complex,663.32,ICD Amingaon,313.89,Moreh ICP,63.91,Lokpriya Gopinath Bordoloi International Airport (GAU),318.65,MMLP Silchar,169.44,Lakhipur Terminal,147.6,FCI Depot Imphal,54.65,DIMA HASAO Toll Plaza,166.41
Unnamed Village,TENGNOUPAL,667.0,9822656117,village,102,1.54,Belghoria Expressway,597.79,JIRIBAM,100.04,Khongsang,70.7,Kolkata Port (Syama Prasad Mookerjee Port) incl. Haldia Dock Complex,608.49,ICD Amingaon,301.16,Moreh ICP,31.86,Lokpriya Gopinath Bordoloi International Airport (GAU),303.69,MMLP Silchar,133.42,Lakhipur Terminal,110.93,FCI Depot Imphal,42.83,CACHAR Toll Plaza,139.9
Sarthang,TENGNOUPAL,667.0,9822762617,village,102A,8.3,Belghoria Expressway,624.03,JIRIBAM,119.37,Khongsang,86.14,Kolkata Port (Syama Prasad Mookerjee Port) incl. Haldia Dock Complex,634.77,ICD Amingaon,313.63,Moreh ICP,30.62,Lokpriya Gopinath Bordoloi International Airport (GAU),317.05,MMLP Silchar,153.62,Lakhipur Terminal,131.05,FCI Depot Imphal,46.55,CACHAR Toll Plaza,158.75
Unnamed Village,TENGNOUPAL,667.0,9822762645,village,102A,6.33,Belghoria Expressway,621.41,JIRIBAM,117.09,Khongsang,84.08,Kolkata Port (Syama Prasad Mookerjee Port) incl. Haldia Dock Complex,632.15,ICD Amingaon,311.97,Moreh ICP,30.11,Lokpriya Gopinath Bordoloi International Airport (GAU),315.32,MMLP Silchar,151.3,Lakhipur Terminal,128.72,FCI Depot Imphal,45.14,CACHAR Toll Plaza,156.53
Molnom,KAMJANG,670.0,9822762646,village,102A,0.07,Belghoria Expressway,630.21,JIRIBAM,121.48,Khongsang,87.12,Kolkata Port (Syama Prasad Mookerjee Port) incl. Haldia Dock Complex,641.02,ICD Amingaon,312.26,Moreh ICP,38.75,Lokpriya Gopinath Bordoloi International Airport (GAU),316.01,MMLP Silchar,155.89,Lakhipur Terminal,133.42,FCI Depot Imphal,45.05,CACHAR Toll Plaza,160.39
Tarong,KAMJANG,670.0,9822762662,village,102A,0.07,Belghoria Expressway,627.28,JIRIBAM,118.35,Khongsang,84.05,Kolkata Port (Syama Prasad Mookerjee Port) incl. Haldia Dock Complex,638.11,ICD Amingaon,309.54,Moreh ICP,38.82,Lokpriya Gopinath Bordoloi International Airport (GAU),313.24,MMLP Silchar,152.76,Lakhipur Terminal,130.28,FCI Depot Imphal,42.25,CACHAR Toll Plaza,157.29
Khunthak,KAMJANG,670.0,9822762663,village,102A,0.05,Belghoria Expressway,627.75,JIRIBAM,117.89,Khongsang,83.39,Kolkata Port (Syama Prasad Mookerjee Port) incl. Haldia Dock Complex,638.6,ICD Amingaon,308.38,Moreh ICP,40.7,Lokpriya Gopinath Bordoloi International Airport (GAU),312.13,MMLP Silchar,152.32,Lakhipur Terminal,129.88,FCI Depot Imphal,41.17,CACHAR Toll Plaza,156.72
Itham,KAMJANG,670.0,9822762676,village,102A,7.77,Belghoria Expressway,625.51,JIRIBAM,107.82,Khongsang,71.89,Kolkata Port (Syama Prasad Mookerjee Port) incl. Haldia Dock Complex,636.59,ICD Amingaon,291.79,Moreh ICP,58.75,Lokpriya Gopinath Bordoloi International Airport (GAU),295.94,MMLP Silchar,142.13,Lakhipur Terminal,120.16,FCI Depot Imphal,27.41,CACHAR Toll Plaza,145.24
Monglham,KAMJANG,670.0,9822762677,village,102A,8.77,Belghoria Expressway,622.47,JIRIBAM,104.65,Khongsang,68.74,Kolkata Port (Syama Prasad Mookerjee Port) incl. Haldia Dock Complex,633.55,ICD Amingaon,289.21,Moreh ICP,59.12,Lokpriya Gopinath Bordoloi International Airport (GAU),293.28,MMLP Silchar,138.97,Lakhipur Terminal,116.98,FCI Depot Imphal,24.28,CACHAR Toll Plaza,142.12
Keipham,TENGNOUPAL,667.0,9822762699,village,102A,8.76,Belghoria Expressway,624.98,JIRIBAM,121.13,Khongsang,88.03,Kolkata Port (Syama Prasad Mookerjee Port) incl. Haldia Dock Complex,635.69,ICD Amingaon,315.63,Moreh ICP,29.18,Lokpriya Gopinath Bordoloi International Airport (GAU),319.04,MMLP Silchar,155.34,Lakhipur Terminal,132.77,FCI Depot Imphal,48.58,CACHAR Toll Plaza,160.55
Makan,KAMJANG,670.0,9822762756,village,102A,4.62,Belghoria Expressway,634.54,JIRIBAM,129.14,Khongsang,95.29,Kolkata Port (Syama Prasad Mookerjee Port) incl. Haldia Dock Complex,645.25,ICD Amingaon,321.2,Moreh ICP,33.77,Lokpriya Gopinath Bordoloi International Airport (GAU),324.89,MMLP Silchar,163.48,Lakhipur Terminal,140.95,FCI Depot Imphal,53.91,CACHAR Toll Plaza,168.31
Laiching,TENGNOUPAL,667.0,9822762778,village,102,2.04,Belghoria Expressway,599.09,JIRIBAM,96.04,Khongsang,65.12,Kolkata Port (Syama Prasad Mookerjee Port) incl. Haldia Dock Complex,609.89,ICD Amingaon,295.26,Moreh ICP,38.07,Lokpriya Gopinath Bordoloi International Airport (GAU),298.01,MMLP Silchar,129.88,Lakhipur Terminal,107.31,FCI Depot Imphal,34.91,CACHAR Toll Plaza,135.8
Langol Khunou,TENGNOUPAL,667.0,9822793547,village,102,4.26,Belghoria Expressway,600.03,JIRIBAM,98.36,Khongsang,67.71,Kolkata Port (Syama Prasad Mookerjee Port) incl. Haldia Dock Complex,610.8,ICD Amingaon,297.91,Moreh ICP,35.36,Lokpriya Gopinath Bordoloi International Airport (GAU),300.63,MMLP Silchar,132.11,Lakhipur Terminal,109.55,FCI Depot Imphal,37.44,CACHAR Toll Plaza,138.15
Purum Chumbang,CHANDEL,280.0,9822793563,village,102C,0.5,Belghoria Expressway,593.93,JIRIBAM,97.52,Khongsang,69.04,Kolkata Port (Syama Prasad Mookerjee Port) incl. Haldia Dock Complex,604.62,ICD Amingaon,299.52,Moreh ICP,33.79,Lokpriya Gopinath Bordoloi International Airport (GAU),301.92,MMLP Silchar,130.67,Lakhipur Terminal,108.23,FCI Depot Imphal,43.67,CACHAR Toll Plaza,137.38
Phungchung,CHANDEL,280.0,9822793576,village,102C,4.79,Belghoria Expressway,590.37,JIRIBAM,104.74,Khongsang,79.32,Kolkata Port (Syama Prasad Mookerjee Port) incl. Haldia Dock Complex,600.88,ICD Amingaon,309.19,Moreh ICP,28.32,Lokpriya Gopinath Bordoloi International Airport (GAU),311.17,MMLP Silchar,136.7,Lakhipur Terminal,114.64,FCI Depot Imphal,57.63,CACHAR Toll Plaza,144.34
Khongjol,CHANDEL,280.0,9822793594,village,102C,8.42,Belghoria Expressway,595.3,JIRIBAM,109.19,Khongsang,82.89,Kolkata Port (Syama Prasad Mookerjee Port) incl. Haldia Dock Complex,605.8,ICD Amingaon,313.08,Moreh ICP,23.21,Lokpriya Gopinath Bordoloi International Airport (GAU),315.19,MMLP Silchar,141.39,Lakhipur Terminal,119.26,FCI Depot Imphal,58.66,CACHAR Toll Plaza,148.87
Libung,CHANDEL,280.0,9822805837,village,102,9.6,Belghoria Expressway,604.61,JIRIBAM,122.88,Khongsang,96.22,Kolkata Port (Syama Prasad Mookerjee Port) incl. Haldia Dock Complex,614.97,ICD Amingaon,326.58,Moreh ICP,11.67,Lokpriya Gopinath Bordoloi International Airport (GAU),328.77,MMLP Silchar,155.01,Lakhipur Terminal,132.91,FCI Depot Imphal,68.98,CACHAR Toll Plaza,162.55
Laiching,TENGNOUPAL,667.0,9822805838,village,46,12.28,Belghoria Expressway,601.37,JIRIBAM,123.66,Khongsang,98.17,Kolkata Port (Syama Prasad Mookerjee Port) incl. Haldia Dock Complex,611.66,ICD Amingaon,328.21,Moreh ICP,15.54,Lokpriya Gopinath Bordoloi International Airport (GAU),330.22,MMLP Silchar,155.29,Lakhipur Terminal,133.38,FCI Depot Imphal,72.8,CACHAR Toll Plaza,163.16
Unnamed Village,TENGNOUPAL,667.0,9822805839,village,46,10.92,Belghoria Expressway,601.93,JIRIBAM,125.31,Khongsang,99.95,Kolkata Port (Syama Prasad Mookerjee Port) incl. Haldia Dock Complex,612.21,ICD Amingaon,329.96,Moreh ICP,15.6,Lokpriya Gopinath Bordoloi International Airport (GAU),331.95,MMLP Silchar,156.87,Lakhipur Terminal,134.99,FCI Depot Imphal,74.55,CACHAR Toll Plaza,164.79
Unnamed Village,CHANDEL,280.0,9822805841,village,46,13.75,Belghoria Expressway,596.31,JIRIBAM,124.92,Khongsang,101.24,Kolkata Port (Syama Prasad Mookerjee Port) incl. Haldia Dock Complex,606.53,ICD Amingaon,330.51,Moreh ICP,22.52,Lokpriya Gopinath Bordoloi International Airport (GAU),332.23,MMLP Silchar,155.74,Lakhipur Terminal,134.16,FCI Depot Imphal,78.62,CACHAR Toll Plaza,164.07
Tonjang,CHURACHANDPUR,274.0,9822829582,village,45,2.36,Belghoria Expressway,537.22,JIRIBAM,97.68,Khongsang,91.89,Kolkata Port (Syama Prasad Mookerjee Port) incl. Haldia Dock Complex,547.46,ICD Amingaon,301.72,Moreh ICP,79.52,Lokpriya Gopinath Bordoloi International Airport (GAU),301.47,MMLP Silchar,119.83,Lakhipur Terminal,102.32,FCI Depot Imphal,97.15,CACHAR Toll Plaza,130.79
Unnamed Village,TENGNOUPAL,667.0,9822859234,village,102A,5.25,Belghoria Expressway,608.88,JIRIBAM,104.31,Khongsang,72.06,Kolkata Port (Syama Prasad Mookerjee Port) incl. Haldia Dock Complex,619.67,ICD Amingaon,301.23,Moreh ICP,34.41,Lokpriya Gopinath Bordoloi International Airport (GAU),304.29,MMLP Silchar,138.4,Lakhipur Terminal,115.82,FCI Depot Imphal,36.58,CACHAR Toll Plaza,143.89
K. Tuinem,TENGNOUPAL,667.0,9822859235,village,102C,5.52,Belghoria Expressway,601.3,JIRIBAM,100.6,Khongsang,70.07,Kolkata Port (Syama Prasad Mookerjee Port) incl. Haldia Dock Complex,612.05,ICD Amingaon,300.28,Moreh ICP,33.01,Lokpriya Gopinath Bordoloi International Airport (GAU),303.0,MMLP Silchar,134.3,Lakhipur Terminal,111.74,FCI Depot Imphal,39.47,CACHAR Toll Plaza,140.4
Liwa Sarei,CHANDEL,280.0,9822859312,village,102C,0.25,Belghoria Expressway,592.28,JIRIBAM,100.34,Khongsang,73.2,Kolkata Port (Syama Prasad Mookerjee Port) incl. Haldia Dock Complex,602.9,ICD Amingaon,303.53,Moreh ICP,30.88,Lokpriya Gopinath Bordoloi International Airport (GAU),305.74,MMLP Silchar,133.01,Lakhipur Terminal,110.71,FCI Depot Imphal,49.6,CACHAR Toll Plaza,140.13
Unnamed Hamlet,CHANDEL,280.0,9822859313,village,102C,4.33,Belghoria Expressway,593.95,JIRIBAM,105.12,Khongsang,78.44,Kolkata Port (Syama Prasad Mookerjee Port) incl. Haldia Dock Complex,604.5,ICD Amingaon,308.71,Moreh ICP,26.52,Lokpriya Gopinath Bordoloi International Airport (GAU),310.86,MMLP Silchar,137.54,Lakhipur Terminal,115.33,FCI Depot Imphal,54.44,CACHAR Toll Plaza,144.86
Unnamed Hamlet,CHANDEL,280.0,9822859314,village,102C,4.67,Belghoria Expressway,594.88,JIRIBAM,105.15,Khongsang,78.13,Kolkata Port (Syama Prasad Mookerjee Port) incl. Haldia Dock Complex,605.44,ICD Amingaon,308.47,Moreh ICP,26.25,Lokpriya Gopinath Bordoloi International Airport (GAU),310.68,MMLP Silchar,137.69,Lakhipur Terminal,115.44,FCI Depot Imphal,53.5,CACHAR Toll Plaza,144.92
Unnamed Village,CHANDEL,280.0,9822859315,village,102C,5.45,Belghoria Expressway,595.61,JIRIBAM,105.86,Khongsang,78.73,Kolkata Port (Syama Prasad Mookerjee Port) incl. Haldia Dock Complex,606.17,ICD Amingaon,309.09,Moreh ICP,25.5,Lokpriya Gopinath Bordoloi International Airport (GAU),311.32,MMLP Silchar,138.43,Lakhipur Terminal,116.17,FCI Depot Imphal,53.73,CACHAR Toll Plaza,145.63
Unnamed Village,CHANDEL,280.0,9822859316,village,102C,9.17,Belghoria Expressway,587.59,JIRIBAM,106.13,Khongsang,82.03,Kolkata Port (Syama Prasad Mookerjee Port) incl. Haldia Dock Complex,598.04,ICD Amingaon,311.34,Moreh ICP,29.56,Lokpriya Gopinath Bordoloi International Airport (GAU),313.14,MMLP Silchar,137.53,Lakhipur Terminal,115.69,FCI Depot Imphal,62.21,CACHAR Toll Plaza,145.51
Unnamed Village,CHANDEL,280.0,9822859346,village,102C,8.42,Belghoria Expressway,584.47,JIRIBAM,102.4,Khongsang,78.76,Kolkata Port (Syama Prasad Mookerjee Port) incl. Haldia Dock Complex,594.95,ICD Amingaon,307.79,Moreh ICP,33.17,Lokpriya Gopinath Bordoloi International Airport (GAU),309.54,MMLP Silchar,133.72,Lakhipur Terminal,111.9,FCI Depot Imphal,60.61,CACHAR Toll Plaza,141.74
Unnamed Village,CHANDEL,280.0,9822859347,village,102C,11.73,Belghoria Expressway,582.53,JIRIBAM,103.32,Khongsang,80.61,Kolkata Port (Syama Prasad Mookerjee Port) incl. Haldia Dock Complex,592.98,ICD Amingaon,309.12,Moreh ICP,34.4,Lokpriya Gopinath Bordoloi International Airport (GAU),310.74,MMLP Silchar,134.23,Lakhipur Terminal,112.57,FCI Depot Imphal,63.67,CACHAR Toll Plaza,142.47
Unnamed Hamlet,CHANDEL,280.0,9822859348,village,102C,16.13,Belghoria Expressway,584.39,JIRIBAM,109.13,Khongsang,86.77,Kolkata Port (Syama Prasad Mookerjee Port) incl. Haldia Dock Complex,594.76,ICD Amingaon,315.13,Moreh ICP,31.9,Lokpriya Gopinath Bordoloi International Airport (GAU),316.69,MMLP Silchar,139.73,Lakhipur Terminal,118.21,FCI Depot Imphal,69.0,CACHAR Toll Plaza,148.15
Unnamed Village,CHANDEL,280.0,9822859349,village,102C,23.18,Belghoria Expressway,584.77,JIRIBAM,115.33,Khongsang,93.86,Kolkata Port (Syama Prasad Mookerjee Port) incl. Haldia Dock Complex,595.04,ICD Amingaon,321.67,Moreh ICP,32.28,Lokpriya Gopinath Bordoloi International Airport (GAU),323.1,MMLP Silchar,145.36,Lakhipur Terminal,124.1,FCI Depot Imphal,76.21,CACHAR Toll Plaza,154.06
Unnamed Village,CHANDEL,280.0,9822859350,village,46,26.16,Belghoria Expressway,577.5,JIRIBAM,115.4,Khongsang,96.41,Kolkata Port (Syama Prasad Mookerjee Port) incl. Haldia Dock Complex,587.7,ICD Amingaon,322.22,Moreh ICP,40.58,Lokpriya Gopinath Bordoloi International Airport (GAU),323.32,MMLP Silchar,144.21,Lakhipur Terminal,123.49,FCI Depot Imphal,82.37,CACHAR Toll Plaza,153.42
Unnamed Village,CHANDEL,280.0,9822859351,village,46,25.78,Belghoria Expressway,578.28,JIRIBAM,115.45,Khongsang,96.2,Kolkata Port (Syama Prasad Mookerjee Port) incl. Haldia Dock Complex,588.48,ICD Amingaon,322.24,Moreh ICP,39.71,Lokpriya Gopinath Bordoloi International Airport (GAU),323.38,MMLP Silchar,144.39,Lakhipur Terminal,123.61,FCI Depot Imphal,81.79,CACHAR Toll Plaza,153.55
Unnamed Village,CHANDEL,280.0,9822859352,village,46,24.51,Belghoria Expressway,577.08,JIRIBAM,118.53,Khongsang,100.1,Kolkata Port (Syama Prasad Mookerjee Port) incl. Haldia Dock Complex,587.21,ICD Amingaon,325.42,Moreh ICP,42.34,Lokpriya Gopinath Bordoloi International Airport (GAU),326.43,MMLP Silchar,146.96,Lakhipur Terminal,126.43,FCI Depot Imphal,86.28,CACHAR Toll Plaza,156.33
Unnamed Village,CHANDEL,280.0,9822859353,village,46,12.51,Belghoria Expressway,585.26,JIRIBAM,131.25,Khongsang,111.87,Kolkata Port (Syama Prasad Mookerjee Port) incl. Haldia Dock Complex,595.25,ICD Amingaon,338.09,Moreh ICP,40.68,Lokpriya Gopinath Bordoloi International Airport (GAU),339.17,MMLP Silchar,159.8,Lakhipur Terminal,139.24,FCI Depot Imphal,94.85,CACHAR Toll Plaza,169.15
Unnamed Village,CHANDEL,280.0,9822859354,village,46,11.74,Belghoria Expressway,585.81,JIRIBAM,132.03,Khongsang,112.6,Kolkata Port (Syama Prasad Mookerjee Port) incl. Haldia Dock Complex,595.79,ICD Amingaon,338.87,Moreh ICP,40.67,Lokpriya Gopinath Bordoloi International Airport (GAU),339.96,MMLP Silchar,160.61,Lakhipur Terminal,140.04,FCI Depot Imphal,95.39,CACHAR Toll Plaza,169.95
Unnamed Village,CHANDEL,280.0,9822859355,village,46,12.83,Belghoria Expressway,584.21,JIRIBAM,131.68,Khongsang,112.67,Kolkata Port (Syama Prasad Mookerjee Port) incl. Haldia Dock Complex,594.18,ICD Amingaon,338.56,Moreh ICP,42.25,Lokpriya Gopinath Bordoloi International Airport (GAU),339.58,MMLP Silchar,160.03,Lakhipur Terminal,139.57,FCI Depot Imphal,96.12,CACHAR Toll Plaza,169.46
Unnamed Village,CHANDEL,280.0,9822859356,village,46,12.79,Belghoria Expressway,583.85,JIRIBAM,132.1,Khongsang,113.25,Kolkata Port (Syama Prasad Mookerjee Port) incl. Haldia Dock Complex,593.81,ICD Amingaon,338.99,Moreh ICP,43.01,Lokpriya Gopinath Bordoloi International Airport (GAU),339.98,MMLP Silchar,160.35,Lakhipur Terminal,139.93,FCI Depot Imphal,96.87,CACHAR Toll Plaza,169.81
Unnamed Village,CHANDEL,280.0,9822859358,village,46,9.21,Belghoria Expressway,587.28,JIRIBAM,134.95,Khongsang,115.45,Kolkata Port (Syama Prasad Mookerjee Port) incl. Haldia Dock Complex,597.23,ICD Amingaon,341.79,Moreh ICP,41.41,Lokpriya Gopinath Bordoloi International Airport (GAU),342.87,MMLP Silchar,163.48,Lakhipur Terminal,142.94,FCI Depot Imphal,97.8,CACHAR Toll Plaza,172.85
Unnamed Hamlet,CHANDEL,280.0,9822859359,village,46,6.98,Belghoria Expressway,589.55,JIRIBAM,136.64,Khongsang,116.7,Kolkata Port (Syama Prasad Mookerjee Port) incl. Haldia Dock Complex,599.48,ICD Amingaon,343.43,Moreh ICP,40.3,Lokpriya Gopinath Bordoloi International Airport (GAU),344.57,MMLP Silchar,165.36,Lakhipur Terminal,144.73,FCI Depot Imphal,98.22,CACHAR Toll Plaza,174.65
Teigathang,CHURACHANDPUR,274.0,9822867941,village,45,11.06,Belghoria Expressway,545.66,JIRIBAM,96.98,Khongsang,87.94,Kolkata Port (Syama Prasad Mookerjee Port) incl. Haldia Dock Complex,555.94,ICD Amingaon,302.54,Moreh ICP,70.84,Lokpriya Gopinath Bordoloi International Airport (GAU),302.64,MMLP Silchar,121.22,Lakhipur Terminal,102.64,FCI Depot Imphal,89.92,CACHAR Toll Plaza,131.74
Unnamed Hamlet,CHURACHANDPUR,274.0,9822867942,village,102B,13.57,Belghoria Expressway,549.44,JIRIBAM,98.42,Khongsang,87.97,Kolkata Port (Syama Prasad Mookerjee Port) incl. Haldia Dock Complex,559.72,ICD Amingaon,304.4,Moreh ICP,67.1,Lokpriya Gopinath Bordoloi International Airport (GAU),304.64,MMLP Silchar,123.39,Lakhipur Terminal,104.45,FCI Depot Imphal,88.09,CACHAR Toll Plaza,133.74
Unnamed Hamlet,CHURACHANDPUR,274.0,9822867943,village,102B,9.5,Belghoria Expressway,549.76,JIRIBAM,94.37,Khongsang,83.58,Kolkata Port (Syama Prasad Mookerjee Port) incl. Haldia Dock Complex,560.1,ICD Amingaon,300.56,Moreh ICP,66.54,Lokpriya Gopinath Bordoloi International Airport (GAU),300.89,MMLP Silchar,119.81,Lakhipur Terminal,100.61,FCI Depot Imphal,84.26,CACHAR Toll Plaza,130.02
Unnamed Village,CHURACHANDPUR,274.0,9822867944,village,102B,3.8,Belghoria Expressway,548.16,JIRIBAM,88.6,Khongsang,78.17,Kolkata Port (Syama Prasad Mookerjee Port) incl. Haldia Dock Complex,558.58,ICD Amingaon,294.86,Moreh ICP,68.28,Lokpriya Gopinath Bordoloi International Airport (GAU),295.22,MMLP Silchar,114.25,Lakhipur Terminal,94.91,FCI Depot Imphal,80.72,CACHAR Toll Plaza,124.37
Lanchah,CHURACHANDPUR,274.0,9822867945,village,102B,1.9,Belghoria Expressway,545.95,JIRIBAM,86.59,Khongsang,77.02,Kolkata Port (Syama Prasad Mookerjee Port) incl. Haldia Dock Complex,556.39,ICD Amingaon,292.67,Moreh ICP,70.6,Lokpriya Gopinath Bordoloi International Airport (GAU),292.98,MMLP Silchar,111.9,Lakhipur Terminal,92.71,FCI Depot Imphal,81.01,CACHAR Toll Plaza,122.1
Saichang,CHURACHANDPUR,274.0,9822867946,village,102B,2.32,Belghoria Expressway,546.42,JIRIBAM,87.14,Khongsang,77.39,Kolkata Port (Syama Prasad Mookerjee Port) incl. Haldia Dock Complex,556.86,ICD Amingaon,293.26,Moreh ICP,70.09,Lokpriya Gopinath Bordoloi International Airport (GAU),293.57,MMLP Silchar,112.52,Lakhipur Terminal,93.3,FCI Depot Imphal,81.04,CACHAR Toll Plaza,122.7
Unnamed Village,CHURACHANDPUR,274.0,9822867947,village,102B,2.28,Belghoria Expressway,545.9,JIRIBAM,87.0,Khongsang,77.47,Kolkata Port (Syama Prasad Mookerjee Port) incl. Haldia Dock Complex,556.34,ICD Amingaon,293.05,Moreh ICP,70.6,Lokpriya Gopinath Bordoloi International Airport (GAU),293.35,MMLP Silchar,112.26,Lakhipur Terminal,93.1,FCI Depot Imphal,81.38,CACHAR Toll Plaza,122.47
Unnamed Village,CHURACHANDPUR,274.0,9822867948,village,102B,2.69,Belghoria Expressway,550.98,JIRIBAM,85.88,Khongsang,74.03,Kolkata Port (Syama Prasad Mookerjee Port) incl. Haldia Dock Complex,561.47,ICD Amingaon,292.48,Moreh ICP,65.88,Lokpriya Gopinath Bordoloi International Airport (GAU),293.03,MMLP Silchar,112.48,Lakhipur Terminal,92.67,FCI Depot Imphal,75.89,CACHAR Toll Plaza,122.33
Unnamed Village,CHURACHANDPUR,274.0,9822867949,village,102B,5.27,Belghoria Expressway,553.53,JIRIBAM,87.84,Khongsang,75.0,Kolkata Port (Syama Prasad Mookerjee Port) incl. Haldia Dock Complex,564.0,ICD Amingaon,294.56,Moreh ICP,63.21,Lokpriya Gopinath Bordoloi International Airport (GAU),295.18,MMLP Silchar,114.82,Lakhipur Terminal,94.84,FCI Depot Imphal,75.21,CACHAR Toll Plaza,124.56
Unnamed Village,CHURACHANDPUR,274.0,9822867950,village,102B,9.62,Belghoria Expressway,562.65,JIRIBAM,88.72,Khongsang,71.92,Kolkata Port (Syama Prasad Mookerjee Port) incl. Haldia Dock Complex,573.17,ICD Amingaon,295.6,Moreh ICP,54.79,Lokpriya Gopinath Bordoloi International Airport (GAU),296.62,MMLP Silchar,117.6,Lakhipur Terminal,96.76,FCI Depot Imphal,67.33,CACHAR Toll Plaza,126.7
Unnamed Village,CHURACHANDPUR,274.0,9822867951,village,102B,7.76,Belghoria Expressway,564.93,JIRIBAM,84.55,Khongsang,66.1,Kolkata Port (Syama Prasad Mookerjee Port) incl. Haldia Dock Complex,575.53,ICD Amingaon,291.23,Moreh ICP,54.27,Lokpriya Gopinath Bordoloi International Airport (GAU),292.46,MMLP Silchar,114.4,Lakhipur Terminal,93.12,FCI Depot Imphal,60.99,CACHAR Toll Plaza,123.09
Unnamed Village,CHURACHANDPUR,274.0,9822867952,village,102B,9.66,Belghoria Expressway,567.24,JIRIBAM,85.97,Khongsang,66.66,Kolkata Port (Syama Prasad Mookerjee Port) incl. Haldia Dock Complex,577.84,ICD Amingaon,292.52,Moreh ICP,52.02,Lokpriya Gopinath Bordoloi International Airport (GAU),293.82,MMLP Silchar,116.11,Lakhipur Terminal,94.72,FCI Depot Imphal,59.94,CACHAR Toll Plaza,124.68
Unnamed Village,CHURACHANDPUR,274.0,9822867953,village,102B,9.5,Belghoria Expressway,566.92,JIRIBAM,85.93,Khongsang,66.77,Kolkata Port (Syama Prasad Mookerjee Port) incl. Haldia Dock Complex,577.51,ICD Amingaon,292.51,Moreh ICP,52.27,Lokpriya Gopinath Bordoloi International Airport (GAU),293.8,MMLP Silchar,116.01,Lakhipur Terminal,94.65,FCI Depot Imphal,60.24,CACHAR Toll Plaza,124.61
Unnamed Village,CHURACHANDPUR,274.0,9822867954,village,102B,9.54,Belghoria Expressway,568.5,JIRIBAM,84.66,Khongsang,64.53,Kolkata Port (Syama Prasad Mookerjee Port) incl. Haldia Dock Complex,579.13,ICD Amingaon,291.01,Moreh ICP,51.74,Lokpriya Gopinath Bordoloi International Airport (GAU),292.41,MMLP Silchar,115.2,Lakhipur Terminal,93.65,FCI Depot Imphal,57.26,CACHAR Toll Plaza,123.58
Unnamed Village,CHURACHANDPUR,274.0,9822867955,village,102B,9.49,Belghoria Expressway,568.12,JIRIBAM,84.91,Khongsang,65.0,Kolkata Port (Syama Prasad Mookerjee Port) incl. Haldia Dock Complex,578.74,ICD Amingaon,291.32,Moreh ICP,51.87,Lokpriya Gopinath Bordoloi International Airport (GAU),292.69,MMLP Silchar,115.35,Lakhipur Terminal,93.83,FCI Depot Imphal,57.93,CACHAR Toll Plaza,123.78
Unnamed Village,CHURACHANDPUR,274.0,9822867956,village,2,8.89,Belghoria Expressway,568.47,JIRIBAM,83.89,Khongsang,63.63,Kolkata Port (Syama Prasad Mookerjee Port) incl. Haldia Dock Complex,579.11,ICD Amingaon,290.19,Moreh ICP,52.13,Lokpriya Gopinath Bordoloi International Airport (GAU),291.61,MMLP Silchar,114.51,Lakhipur Terminal,92.92,FCI Depot Imphal,56.52,CACHAR Toll Plaza,122.85
Unnamed Village,CHURACHANDPUR,274.0,9822867957,village,2,9.77,Belghoria Expressway,569.33,JIRIBAM,84.67,Khongsang,64.14,Kolkata Port (Syama Prasad Mookerjee Port) incl. Haldia Dock Complex,579.97,ICD Amingaon,290.92,Moreh ICP,51.2,Lokpriya Gopinath Bordoloi International Airport (GAU),292.36,MMLP Silchar,115.37,Lakhipur Terminal,93.75,FCI Depot Imphal,56.36,CACHAR Toll Plaza,123.67
Unnamed Village,CHURACHANDPUR,274.0,9822867958,village,2,10.83,Belghoria Expressway,569.82,JIRIBAM,85.79,Khongsang,65.23,Kolkata Port (Syama Prasad Mookerjee Port) incl. Haldia Dock Complex,580.44,ICD Amingaon,292.05,Moreh ICP,50.34,Lokpriya Gopinath Bordoloi International Airport (GAU),293.48,MMLP Silchar,116.45,Lakhipur Terminal,94.85,FCI Depot Imphal,56.97,CACHAR Toll Plaza,124.78
Unnamed Village,CHURACHANDPUR,274.0,9822867959,village,2,11.18,Belghoria Expressway,570.48,JIRIBAM,85.99,Khongsang,65.16,Kolkata Port (Syama Prasad Mookerjee Port) incl. Haldia Dock Complex,581.1,ICD Amingaon,292.18,Moreh ICP,49.82,Lokpriya Gopinath Bordoloi International Airport (GAU),293.64,MMLP Silchar,116.75,Lakhipur Terminal,95.11,FCI Depot Imphal,56.46,CACHAR Toll Plaza,125.03
Unnamed Village,CHURACHANDPUR,274.0,9822867960,village,2,10.09,Belghoria Expressway,569.33,JIRIBAM,85.06,Khongsang,64.6,Kolkata Port (Syama Prasad Mookerjee Port) incl. Haldia Dock Complex,579.96,ICD Amingaon,291.33,Moreh ICP,51.0,Lokpriya Gopinath Bordoloi International Airport (GAU),292.76,MMLP Silchar,115.71,Lakhipur Terminal,94.11,FCI Depot Imphal,56.75,CACHAR Toll Plaza,124.04
Tuining,CHURACHANDPUR,274.0,9822867961,village,2,12.55,Belghoria Expressway,571.61,JIRIBAM,87.29,Khongsang,66.17,Kolkata Port (Syama Prasad Mookerjee Port) incl. Haldia Dock Complex,582.23,ICD Amingaon,293.41,Moreh ICP,48.46,Lokpriya Gopinath Bordoloi International Airport (GAU),294.9,MMLP Silchar,118.1,Lakhipur Terminal,96.44,FCI Depot Imphal,56.58,CACHAR Toll Plaza,126.36
Unnamed Village,TENGNOUPAL,667.0,9824325962,village,102,1.95,Belghoria Expressway,617.06,JIRIBAM,129.15,Khongsang,99.98,Kolkata Port (Syama Prasad Mookerjee Port) incl. Haldia Dock Complex,627.47,ICD Amingaon,330.33,Moreh ICP,3.92,Lokpriya Gopinath Bordoloi International Airport (GAU),332.98,MMLP Silchar,162.16,Lakhipur Terminal,139.78,FCI Depot Imphal,67.5,CACHAR Toll Plaza,169.0
Unnamed Village,TENGNOUPAL,667.0,9824325964,village,102,4.61,Belghoria Expressway,619.55,JIRIBAM,130.09,Khongsang,100.39,Kolkata Port (Syama Prasad Mookerjee Port) incl. Haldia Dock Complex,629.97,ICD Amingaon,330.59,Moreh ICP,6.24,Lokpriya Gopinath Bordoloi International Airport (GAU),333.34,MMLP Silchar,163.28,Lakhipur Terminal,140.84,FCI Depot Imphal,66.86,CACHAR Toll Plaza,169.95
Unnamed Village,CHANDEL,280.0,9824333307,village,102,11.3,Belghoria Expressway,602.0,JIRIBAM,120.74,Khongsang,94.5,Kolkata Port (Syama Prasad Mookerjee Port) incl. Haldia Dock Complex,612.36,ICD Amingaon,324.75,Moreh ICP,14.29,Lokpriya Gopinath Bordoloi International Airport (GAU),326.87,MMLP Silchar,152.73,Lakhipur Terminal,130.68,FCI Depot Imphal,68.3,CACHAR Toll Plaza,160.37
Unnamed Village,CHANDEL,280.0,9824333308,village,102C,12.24,Belghoria Expressway,596.36,JIRIBAM,112.82,Khongsang,86.9,Kolkata Port (Syama Prasad Mookerjee Port) incl. Haldia Dock Complex,606.8,ICD Amingaon,317.01,Moreh ICP,20.77,Lokpriya Gopinath Bordoloi International Airport (GAU),319.07,MMLP Silchar,144.82,Lakhipur Terminal,122.76,FCI Depot Imphal,62.59,CACHAR Toll Plaza,152.44
Unnamed Village,CHANDEL,280.0,9824333309,village,102C,4.48,Belghoria Expressway,593.0,JIRIBAM,105.28,Khongsang,78.99,Kolkata Port (Syama Prasad Mookerjee Port) incl. Haldia Dock Complex,603.54,ICD Amingaon,309.15,Moreh ICP,26.74,Lokpriya Gopinath Bordoloi International Airport (GAU),311.26,MMLP Silchar,137.56,Lakhipur Terminal,115.39,FCI Depot Imphal,55.64,CACHAR Toll Plaza,144.98
Unnamed Village,CHANDEL,280.0,9824333310,village,102C,2.65,Belghoria Expressway,591.53,JIRIBAM,103.4,Khongsang,77.25,Kolkata Port (Syama Prasad Mookerjee Port) incl. Haldia Dock Complex,602.09,ICD Amingaon,307.35,Moreh ICP,28.62,Lokpriya Gopinath Bordoloi International Airport (GAU),309.44,MMLP Silchar,135.66,Lakhipur Terminal,113.5,FCI Depot Imphal,54.62,CACHAR Toll Plaza,143.09
Phiran Lehou,CHANDEL,280.0,9824333342,village,102C,7.11,Belghoria Expressway,587.85,JIRIBAM,104.71,Khongsang,80.24,Kolkata Port (Syama Prasad Mookerjee Port) incl. Haldia Dock Complex,598.33,ICD Amingaon,309.71,Moreh ICP,29.89,Lokpriya Gopinath Bordoloi International Airport (GAU),311.57,MMLP Silchar,136.3,Lakhipur Terminal,114.38,FCI Depot Imphal,60.14,CACHAR Toll Plaza,144.17
Lamphou Pasna,CHANDEL,280.0,9824333354,village,102C,3.87,Belghoria Expressway,586.62,JIRIBAM,100.52,Khongsang,75.66,Kolkata Port (Syama Prasad Mookerjee Port) incl. Haldia Dock Complex,597.17,ICD Amingaon,305.26,Moreh ICP,32.69,Lokpriya Gopinath Bordoloi International Airport (GAU),307.17,MMLP Silchar,132.37,Lakhipur Terminal,110.35,FCI Depot Imphal,56.0,CACHAR Toll Plaza,140.07
Liwa Maring,CHANDEL,280.0,9824333355,village,102C,0.43,Belghoria Expressway,592.45,JIRIBAM,99.35,Khongsang,71.91,Kolkata Port (Syama Prasad Mookerjee Port) incl. Haldia Dock Complex,603.09,ICD Amingaon,302.29,Moreh ICP,31.79,Lokpriya Gopinath Bordoloi International Airport (GAU),304.54,MMLP Silchar,132.13,Lakhipur Terminal,109.8,FCI Depot Imphal,48.02,CACHAR Toll Plaza,139.16
Unnamed Village,CHANDEL,280.0,9824624044,village,102C,8.52,Belghoria Expressway,581.14,JIRIBAM,95.18,Khongsang,71.43,Kolkata Port (Syama Prasad Mookerjee Port) incl. Haldia Dock Complex,591.71,ICD Amingaon,300.43,Moreh ICP,38.67,Lokpriya Gopinath Bordoloi International Airport (GAU),302.2,MMLP Silchar,126.74,Lakhipur Terminal,104.82,FCI Depot Imphal,55.19,CACHAR Toll Plaza,134.61
Unnamed Village,CHANDEL,280.0,9824624045,village,102C,5.46,Belghoria Expressway,585.4,JIRIBAM,95.03,Khongsang,69.45,Kolkata Port (Syama Prasad Mookerjee Port) incl. Haldia Dock Complex,596.03,ICD Amingaon,299.27,Moreh ICP,36.87,Lokpriya Gopinath Bordoloi International Airport (GAU),301.27,MMLP Silchar,127.27,Lakhipur Terminal,105.1,FCI Depot Imphal,50.25,CACHAR Toll Plaza,134.7
Unnamed Village,CHANDEL,280.0,9824624046,village,102C,8.47,Belghoria Expressway,584.06,JIRIBAM,90.87,Khongsang,64.87,Kolkata Port (Syama Prasad Mookerjee Port) incl. Haldia Dock Complex,594.74,ICD Amingaon,294.8,Moreh ICP,40.57,Lokpriya Gopinath Bordoloi International Airport (GAU),296.84,MMLP Silchar,123.35,Lakhipur Terminal,101.1,FCI Depot Imphal,46.46,CACHAR Toll Plaza,130.61
Unnamed Village,CHANDEL,280.0,9824624047,village,102C,9.17,Belghoria Expressway,582.82,JIRIBAM,90.86,Khongsang,65.41,Kolkata Port (Syama Prasad Mookerjee Port) incl. Haldia Dock Complex,593.49,ICD Amingaon,295.14,Moreh ICP,40.87,Lokpriya Gopinath Bordoloi International Airport (GAU),297.12,MMLP Silchar,123.16,Lakhipur Terminal,100.97,FCI Depot Imphal,47.93,CACHAR Toll Plaza,130.55
Konsen,CHANDEL,280.0,9824624048,village,102C,8.55,Belghoria Expressway,582.42,JIRIBAM,92.41,Khongsang,67.51,Kolkata Port (Syama Prasad Mookerjee Port) incl. Haldia Dock Complex,593.06,ICD Amingaon,297.02,Moreh ICP,39.83,Lokpriya Gopinath Bordoloi International Airport (GAU),298.94,MMLP Silchar,124.48,Lakhipur Terminal,102.37,FCI Depot Imphal,50.34,CACHAR Toll Plaza,132.03
Unnamed Village,CHANDEL,280.0,9824624049,village,102C,10.34,Belghoria Expressway,580.71,JIRIBAM,90.9,Khongsang,66.4,Kolkata Port (Syama Prasad Mookerjee Port) incl. Haldia Dock Complex,591.36,ICD Amingaon,295.71,Moreh ICP,41.55,Lokpriya Gopinath Bordoloi International Airport (GAU),297.58,MMLP Silchar,122.87,Lakhipur Terminal,100.79,FCI Depot Imphal,50.45,CACHAR Toll Plaza,130.48
Unnamed Village,CHANDEL,280.0,9824624050,village,102C,9.82,Belghoria Expressway,579.94,JIRIBAM,93.34,Khongsang,69.71,Kolkata Port (Syama Prasad Mookerjee Port) incl. Haldia Dock Complex,590.54,ICD Amingaon,298.61,Moreh ICP,40.36,Lokpriya Gopinath Bordoloi International Airport (GAU),300.37,MMLP Silchar,124.91,Lakhipur Terminal,102.97,FCI Depot Imphal,54.27,CACHAR Toll Plaza,132.77
Unnamed Hamlet,CHANDEL,280.0,9824624051,village,102C,10.02,Belghoria Expressway,579.97,JIRIBAM,92.47,Khongsang,68.65,Kolkata Port (Syama Prasad Mookerjee Port) incl. Haldia Dock Complex,590.58,ICD Amingaon,297.65,Moreh ICP,40.86,Lokpriya Gopinath Bordoloi International Airport (GAU),299.43,MMLP Silchar,124.15,Lakhipur Terminal,102.18,FCI Depot Imphal,53.2,CACHAR Toll Plaza,131.94
Unopat,CHANDEL,280.0,9824624052,village,102C,10.36,Belghoria Expressway,579.32,JIRIBAM,93.54,Khongsang,70.22,Kolkata Port (Syama Prasad Mookerjee Port) incl. Haldia Dock Complex,589.9,ICD Amingaon,298.96,Moreh ICP,40.59,Lokpriya Gopinath Bordoloi International Airport (GAU),300.68,MMLP Silchar,124.98,Lakhipur Terminal,103.1,FCI Depot Imphal,55.19,CACHAR Toll Plaza,132.92
Khambathel,KAKCHING,651.0,9824624053,village,102C,10.76,Belghoria Expressway,578.92,JIRIBAM,94.26,Khongsang,71.27,Kolkata Port (Syama Prasad Mookerjee Port) incl. Haldia Dock Complex,589.48,ICD Amingaon,299.83,Moreh ICP,40.45,Lokpriya Gopinath Bordoloi International Airport (GAU),301.51,MMLP Silchar,125.56,Lakhipur Terminal,103.73,FCI Depot Imphal,56.49,CACHAR Toll Plaza,133.58
Toupokpi,KAKCHING,651.0,9824624054,village,102C,13.41,Belghoria Expressway,577.36,JIRIBAM,97.09,Khongsang,75.29,Kolkata Port (Syama Prasad Mookerjee Port) incl. Haldia Dock Complex,587.86,ICD Amingaon,303.14,Moreh ICP,40.35,Lokpriya Gopinath Bordoloi International Airport (GAU),304.67,MMLP Silchar,127.81,Lakhipur Terminal,106.22,FCI Depot Imphal,61.43,CACHAR Toll Plaza,136.14
Nungpan,CHANDEL,280.0,9824624055,village,102C,14.83,Belghoria Expressway,577.01,JIRIBAM,98.83,Khongsang,77.49,Kolkata Port (Syama Prasad Mookerjee Port) incl. Haldia Dock Complex,587.48,ICD Amingaon,305.05,Moreh ICP,40.12,Lokpriya Gopinath Bordoloi International Airport (GAU),306.52,MMLP Silchar,129.3,Lakhipur Terminal,107.81,FCI Depot Imphal,63.79,CACHAR Toll Plaza,137.76
Sambum Phunal,CHANDEL,280.0,9824684779,village,137A,3.37,Belghoria Expressway,591.85,JIRIBAM,92.14,Khongsang,63.08,Kolkata Port (Syama Prasad Mookerjee Port) incl. Haldia Dock Complex,602.61,ICD Amingaon,293.57,Moreh ICP,39.56,Lokpriya Gopinath Bordoloi International Airport (GAU),296.02,MMLP Silchar,125.54,Lakhipur Terminal,103.03,FCI Depot Imphal,38.4,CACHAR Toll Plaza,131.99
Khudei Khunou,CHANDEL,280.0,9824684780,village,102,4.18,Belghoria Expressway,591.4,JIRIBAM,92.63,Khongsang,63.9,Kolkata Port (Syama Prasad Mookerjee Port) incl. Haldia Dock Complex,602.15,ICD Amingaon,294.39,Moreh ICP,38.85,Lokpriya Gopinath Bordoloi International Airport (GAU),296.8,MMLP Silchar,125.93,Lakhipur Terminal,103.45,FCI Depot Imphal,39.7,CACHAR Toll Plaza,132.49
Unnamed Hamlet,KAKCHING,651.0,9824684781,village,102,1.39,Belghoria Expressway,594.12,JIRIBAM,95.45,Khongsang,66.35,Kolkata Port (Syama Prasad Mookerjee Port) incl. Haldia Dock Complex,604.86,ICD Amingaon,296.84,Moreh ICP,36.26,Lokpriya Gopinath Bordoloi International Airport (GAU),299.31,MMLP Silchar,128.81,Lakhipur Terminal,106.32,FCI Depot Imphal,40.38,CACHAR Toll Plaza,135.31
Unnamed Hamlet,CHANDEL,280.0,9824684782,village,102C,1.03,Belghoria Expressway,593.82,JIRIBAM,95.94,Khongsang,67.1,Kolkata Port (Syama Prasad Mookerjee Port) incl. Haldia Dock Complex,604.54,ICD Amingaon,297.59,Moreh ICP,35.57,Lokpriya Gopinath Bordoloi International Airport (GAU),300.03,MMLP Silchar,129.23,Lakhipur Terminal,106.75,FCI Depot Imphal,41.5,CACHAR Toll Plaza,135.8
Aimol Khullen,KAKCHING,651.0,9824684783,village,102C,2.81,Belghoria Expressway,598.66,JIRIBAM,98.93,Khongsang,68.96,Kolkata Port (Syama Prasad Mookerjee Port) incl. Haldia Dock Complex,609.39,ICD Amingaon,299.33,Moreh ICP,33.72,Lokpriya Gopinath Bordoloi International Airport (GAU),301.95,MMLP Silchar,132.49,Lakhipur Terminal,109.96,FCI Depot Imphal,40.06,CACHAR Toll Plaza,138.76
Kangsang,TENGNOUPAL,667.0,9824684784,village,102,2.18,Belghoria Expressway,597.76,JIRIBAM,97.59,Khongsang,67.62,Kolkata Port (Syama Prasad Mookerjee Port) incl. Haldia Dock Complex,608.51,ICD Amingaon,298.0,Moreh ICP,35.04,Lokpriya Gopinath Bordoloi International Airport (GAU),300.61,MMLP Silchar,131.17,Lakhipur Terminal,108.64,FCI Depot Imphal,39.09,CACHAR Toll Plaza,137.43
Koijam Maring,THOUBAL,276.0,9824684785,village,102,0.87,Belghoria Expressway,599.23,JIRIBAM,94.96,Khongsang,63.68,Kolkata Port (Syama Prasad Mookerjee Port) incl. Haldia Dock Complex,610.06,ICD Amingaon,293.68,Moreh ICP,39.8,Lokpriya Gopinath Bordoloi International Airport (GAU),296.49,MMLP Silchar,128.89,Lakhipur Terminal,106.31,FCI Depot Imphal,32.94,CACHAR Toll Plaza,134.67
Unnamed Village,THOUBAL,276.0,9824684786,village,102,3.0,Belghoria Expressway,602.73,JIRIBAM,96.75,Khongsang,64.64,Kolkata Port (Syama Prasad Mookerjee Port) incl. Haldia Dock Complex,613.58,ICD Amingaon,294.14,Moreh ICP,40.21,Lokpriya Gopinath Bordoloi International Airport (GAU),297.1,MMLP Silchar,130.85,Lakhipur Terminal,108.27,FCI Depot Imphal,31.25,CACHAR Toll Plaza,136.34
Unnamed Village,THOUBAL,276.0,9824684787,village,102,4.58,Belghoria Expressway,605.46,JIRIBAM,97.94,Khongsang,65.18,Kolkata Port (Syama Prasad Mookerjee Port) incl. Haldia Dock Complex,616.33,ICD Amingaon,294.1,Moreh ICP,41.29,Lokpriya Gopinath Bordoloi International Airport (GAU),297.19,MMLP Silchar,132.17,Lakhipur Terminal,109.6,FCI Depot Imphal,29.72,CACHAR Toll Plaza,137.39
Mumlo Ringpam,TENGNOUPAL,667.0,9824684788,village,102,6.6,Belghoria Expressway,608.6,JIRIBAM,98.47,Khongsang,64.78,Kolkata Port (Syama Prasad Mookerjee Port) incl. Haldia Dock Complex,619.52,ICD Amingaon,292.57,Moreh ICP,44.65,Lokpriya Gopinath Bordoloi International Airport (GAU),295.86,MMLP Silchar,132.83,Lakhipur Terminal,110.32,FCI Depot Imphal,26.55,CACHAR Toll Plaza,137.63
Unnamed Village,THOUBAL,276.0,9824684789,village,102,8.3,Belghoria Expressway,609.71,JIRIBAM,97.99,Khongsang,63.82,Kolkata Port (Syama Prasad Mookerjee Port) incl. Haldia Dock Complex,620.67,ICD Amingaon,290.86,Moreh ICP,47.36,Lokpriya Gopinath Bordoloi International Airport (GAU),294.25,MMLP Silchar,132.41,Lakhipur Terminal,109.95,FCI Depot Imphal,24.23,CACHAR Toll Plaza,136.95
Chandrakhong,THOUBAL,276.0,9824684790,village,102A,7.96,Belghoria Expressway,613.42,JIRIBAM,99.69,Khongsang,64.85,Kolkata Port (Syama Prasad Mookerjee Port) incl. Haldia Dock Complex,624.41,ICD Amingaon,290.29,Moreh ICP,50.46,Lokpriya Gopinath Bordoloi International Airport (GAU),293.89,MMLP Silchar,134.15,Lakhipur Terminal,111.79,FCI Depot Imphal,22.99,CACHAR Toll Plaza,138.27
Nungbrang,IMPHAL EAST,278.0,9824684791,village,102A,8.36,Belghoria Expressway,614.01,JIRIBAM,99.31,Khongsang,64.22,Kolkata Port (Syama Prasad Mookerjee Port) incl. Haldia Dock Complex,625.03,ICD Amingaon,288.98,Moreh ICP,52.49,Lokpriya Gopinath Bordoloi International Airport (GAU),292.65,MMLP Silchar,133.77,Lakhipur Terminal,111.47,FCI Depot Imphal,21.66,CACHAR Toll Plaza,137.71
Unnamed Hamlet,KANGPOKPI,679.0,9824684792,village,102A,5.72,Belghoria Expressway,618.77,JIRIBAM,103.04,Khongsang,67.59,Kolkata Port (Syama Prasad Mookerjee Port) incl. Haldia Dock Complex,629.8,ICD Amingaon,290.69,Moreh ICP,54.07,Lokpriya Gopinath Bordoloi International Airport (GAU),294.54,MMLP Silchar,137.47,Lakhipur Terminal,115.28,FCI Depot Imphal,23.9,CACHAR Toll Plaza,141.12
Unnamed Hamlet,TENGNOUPAL,667.0,9825679282,village,102A,6.33,Belghoria Expressway,605.83,JIRIBAM,105.4,Khongsang,74.48,Kolkata Port (Syama Prasad Mookerjee Port) incl. Haldia Dock Complex,616.55,ICD Amingaon,304.47,Moreh ICP,29.4,Lokpriya Gopinath Bordoloi International Airport (GAU),307.29,MMLP Silchar,139.17,Lakhipur Terminal,116.6,FCI Depot Imphal,41.89,CACHAR Toll Plaza,145.18
Unnamed Village,TENGNOUPAL,667.0,9825679488,village,102,4.08,Belghoria Expressway,610.14,JIRIBAM,125.11,Khongsang,97.18,Kolkata Port (Syama Prasad Mookerjee Port) incl. Haldia Dock Complex,620.53,ICD Amingaon,327.68,Moreh ICP,6.53,Lokpriya Gopinath Bordoloi International Airport (GAU),330.08,MMLP Silchar,157.7,Lakhipur Terminal,135.45,FCI Depot Imphal,67.41,CACHAR Toll Plaza,164.9
K. Ashang Khullen,KAMJANG,670.0,9827109534,village,102A,7.52,Belghoria Expressway,636.55,JIRIBAM,132.03,Khongsang,98.27,Kolkata Port (Syama Prasad Mookerjee Port) incl. Haldia Dock Complex,647.23,ICD Amingaon,324.24,Moreh ICP,33.12,Lokpriya Gopinath Bordoloi International Airport (GAU),327.94,MMLP Silchar,166.34,Lakhipur Terminal,143.8,FCI Depot Imphal,56.95,CACHAR Toll Plaza,171.24
Unnamed Village,KAMJANG,670.0,9827109591,village,102A,0.19,Belghoria Expressway,636.87,JIRIBAM,123.14,Khongsang,87.67,Kolkata Port (Syama Prasad Mookerjee Port) incl. Haldia Dock Complex,647.8,ICD Amingaon,308.71,Moreh ICP,50.45,Lokpriya Gopinath Bordoloi International Airport (GAU),312.88,MMLP Silchar,157.57,Lakhipur Terminal,135.36,FCI Depot Imphal,43.6,CACHAR Toll Plaza,161.19
Nambashi Khullen,KAMJANG,670.0,9827109623,village,102A,0.13,Belghoria Expressway,636.93,JIRIBAM,121.51,Khongsang,85.77,Kolkata Port (Syama Prasad Mookerjee Port) incl. Haldia Dock Complex,647.91,ICD Amingaon,305.4,Moreh ICP,54.37,Lokpriya Gopinath Bordoloi International Airport (GAU),309.69,MMLP Silchar,155.89,Lakhipur Terminal,133.79,FCI Depot Imphal,41.4,CACHAR Toll Plaza,159.21
Unnamed Village,KAMJANG,670.0,9827109661,village,102A,4.72,Belghoria Expressway,630.2,JIRIBAM,115.37,Khongsang,79.84,Kolkata Port (Syama Prasad Mookerjee Port) incl. Haldia Dock Complex,641.18,ICD Amingaon,301.31,Moreh ICP,51.79,Lokpriya Gopinath Bordoloi International Airport (GAU),305.4,MMLP Silchar,149.79,Lakhipur Terminal,127.61,FCI Depot Imphal,35.76,CACHAR Toll Plaza,153.35
Unnamed Village,KAMJANG,670.0,9827109669,village,102A,4.27,Belghoria Expressway,630.37,JIRIBAM,115.98,Khongsang,80.52,Kolkata Port (Syama Prasad Mookerjee Port) incl. Haldia Dock Complex,641.34,ICD Amingaon,302.3,Moreh ICP,50.78,Lokpriya Gopinath Bordoloi International Airport (GAU),306.36,MMLP Silchar,150.41,Lakhipur Terminal,128.2,FCI Depot Imphal,36.55,CACHAR Toll Plaza,154.04
Khambi,KAMJANG,670.0,9827109670,village,102A,0.06,Belghoria Expressway,638.66,JIRIBAM,122.05,Khongsang,86.12,Kolkata Port (Syama Prasad Mookerjee Port) incl. Haldia Dock Complex,649.67,ICD Amingaon,304.26,Moreh ICP,57.73,Lokpriya Gopinath Bordoloi International Airport (GAU),308.66,MMLP Silchar,156.36,Lakhipur Terminal,134.38,FCI Depot Imphal,41.62,DIMA HASAO Toll Plaza,158.5
Unnamed Hamlet,KANGPOKPI,679.0,9827109671,village,102A,9.81,Belghoria Expressway,616.86,JIRIBAM,99.83,Khongsang,64.16,Kolkata Port (Syama Prasad Mookerjee Port) incl. Haldia Dock Complex,627.94,ICD Amingaon,286.62,Moreh ICP,57.57,Lokpriya Gopinath Bordoloi International Airport (GAU),290.49,MMLP Silchar,134.21,Lakhipur Terminal,112.11,FCI Depot Imphal,20.09,CACHAR Toll Plaza,137.65
Nongpok Keithelmanbi,KANGPOKPI,679.0,9827109672,village,102A,8.67,Belghoria Expressway,615.2,JIRIBAM,99.49,Khongsang,64.13,Kolkata Port (Syama Prasad Mookerjee Port) incl. Haldia Dock Complex,626.24,ICD Amingaon,287.99,Moreh ICP,54.59,Lokpriya Gopinath Bordoloi International Airport (GAU),291.74,MMLP Silchar,133.93,Lakhipur Terminal,111.71,FCI Depot Imphal,20.83,CACHAR Toll Plaza,137.66
Kaihao,KANGPOKPI,679.0,9827109673,village,102A,9.06,Belghoria Expressway,615.59,JIRIBAM,99.44,Khongsang,63.98,Kolkata Port (Syama Prasad Mookerjee Port) incl. Haldia Dock Complex,626.64,ICD Amingaon,287.43,Moreh ICP,55.59,Lokpriya Gopinath Bordoloi International Airport (GAU),291.21,MMLP Silchar,133.86,Lakhipur Terminal,111.68,FCI Depot Imphal,20.4,CACHAR Toll Plaza,137.51
Leirongthel,IMPHAL EAST,278.0,9827109674,village,102A,9.77,Belghoria Expressway,612.13,JIRIBAM,97.82,Khongsang,62.88,Kolkata Port (Syama Prasad Mookerjee Port) incl. Haldia Dock Complex,623.14,ICD Amingaon,288.23,Moreh ICP,52.1,Lokpriya Gopinath Bordoloi International Airport (GAU),291.83,MMLP Silchar,132.27,Lakhipur Terminal,109.94,FCI Depot Imphal,20.94,CACHAR Toll Plaza,136.33
Unnamed Village,KAMJANG,670.0,9827109675,village,102A,2.54,Belghoria Expressway,618.27,JIRIBAM,106.38,Khongsang,71.78,Kolkata Port (Syama Prasad Mookerjee Port) incl. Haldia Dock Complex,629.2,ICD Amingaon,297.34,Moreh ICP,45.43,Lokpriya Gopinath Bordoloi International Airport (GAU),300.96,MMLP Silchar,140.83,Lakhipur Terminal,118.42,FCI Depot Imphal,30.01,CACHAR Toll Plaza,145.13
Unnamed Village,KAMJANG,670.0,9827109676,village,102A,2.27,Belghoria Expressway,616.17,JIRIBAM,105.25,Khongsang,70.96,Kolkata Port (Syama Prasad Mookerjee Port) incl. Haldia Dock Complex,627.08,ICD Amingaon,297.31,Moreh ICP,43.82,Lokpriya Gopinath Bordoloi International Airport (GAU),300.83,MMLP Silchar,139.67,Lakhipur Terminal,117.21,FCI Depot Imphal,30.09,CACHAR Toll Plaza,144.17
Unnamed Hamlet,TENGNOUPAL,667.0,9827109677,village,102A,0.94,Belghoria Expressway,614.99,JIRIBAM,106.36,Khongsang,72.68,Kolkata Port (Syama Prasad Mookerjee Port) incl. Haldia Dock Complex,625.85,ICD Amingaon,300.08,Moreh ICP,39.53,Lokpriya Gopinath Bordoloi International Airport (GAU),303.47,MMLP Silchar,140.71,Lakhipur Terminal,118.18,FCI Depot Imphal,33.29,CACHAR Toll Plaza,145.55
Unnamed Hamlet,TENGNOUPAL,667.0,9827109678,village,102A,1.67,Belghoria Expressway,613.97,JIRIBAM,105.2,Khongsang,71.56,Kolkata Port (Syama Prasad Mookerjee Port) incl. Haldia Dock Complex,624.84,ICD Amingaon,299.05,Moreh ICP,40.08,Lokpriya Gopinath Bordoloi International Airport (GAU),302.42,MMLP Silchar,139.55,Lakhipur Terminal,117.03,FCI Depot Imphal,32.36,CACHAR Toll Plaza,144.4
Unnamed Village,TENGNOUPAL,667.0,9827109679,village,102A,2.71,Belghoria Expressway,611.38,JIRIBAM,103.4,Khongsang,70.1,Kolkata Port (Syama Prasad Mookerjee Port) incl. Haldia Dock Complex,622.24,ICD Amingaon,298.18,Moreh ICP,39.46,Lokpriya Gopinath Bordoloi International Airport (GAU),301.45,MMLP Silchar,137.7,Lakhipur Terminal,115.15,FCI Depot Imphal,32.09,CACHAR Toll Plaza,142.71
Leibi,TENGNOUPAL,667.0,9827259430,village,102A,6.33,Belghoria Expressway,615.68,JIRIBAM,120.37,Khongsang,89.77,Kolkata Port (Syama Prasad Mookerjee Port) incl. Haldia Dock Complex,626.24,ICD Amingaon,319.69,Moreh ICP,15.92,Lokpriya Gopinath Bordoloi International Airport (GAU),322.56,MMLP Silchar,153.93,Lakhipur Terminal,131.41,FCI Depot Imphal,55.55,CACHAR Toll Plaza,160.2
Tollen,THOUBAL,276.0,9827399018,village,102,5.84,Belghoria Expressway,607.84,JIRIBAM,98.46,Khongsang,65.02,Kolkata Port (Syama Prasad Mookerjee Port) incl. Haldia Dock Complex,618.75,ICD Amingaon,293.15,Moreh ICP,43.55,Lokpriya Gopinath Bordoloi International Airport (GAU),296.39,MMLP Silchar,132.79,Lakhipur Terminal,110.26,FCI Depot Imphal,27.52,CACHAR Toll Plaza,137.71
Khunbi Khunou,TENGNOUPAL,667.0,9827444173,village,102,3.2,Belghoria Expressway,598.78,JIRIBAM,98.46,Khongsang,68.32,Kolkata Port (Syama Prasad Mookerjee Port) incl. Haldia Dock Complex,609.52,ICD Amingaon,298.66,Moreh ICP,34.42,Lokpriya Gopinath Bordoloi International Airport (GAU),301.3,MMLP Silchar,132.07,Lakhipur Terminal,109.53,FCI Depot Imphal,39.18,CACHAR Toll Plaza,138.28
Aimol,TENGNOUPAL,667.0,9827504642,village,102,1.48,Belghoria Expressway,597.39,JIRIBAM,98.68,Khongsang,69.14,Kolkata Port (Syama Prasad Mookerjee Port) incl. Haldia Dock Complex,608.11,ICD Amingaon,299.58,Moreh ICP,33.43,Lokpriya Gopinath Bordoloi International Airport (GAU),302.14,MMLP Silchar,132.13,Lakhipur Terminal,109.62,FCI Depot Imphal,41.22,CACHAR Toll Plaza,138.53
Molnom,TENGNOUPAL,667.0,9827504675,village,102,1.68,Belghoria Expressway,597.57,JIRIBAM,99.33,Khongsang,69.88,Kolkata Port (Syama Prasad Mookerjee Port) incl. Haldia Dock Complex,608.28,ICD Amingaon,300.33,Moreh ICP,32.68,Lokpriya Gopinath Bordoloi International Airport (GAU),302.88,MMLP Silchar,132.74,Lakhipur Terminal,110.24,FCI Depot Imphal,42.0,CACHAR Toll Plaza,139.18
Molnoi,CHANDEL,280.0,9827504696,village,102,0.07,Belghoria Expressway,595.97,JIRIBAM,97.65,Khongsang,68.39,Kolkata Port (Syama Prasad Mookerjee Port) incl. Haldia Dock Complex,606.69,ICD Amingaon,298.86,Moreh ICP,34.18,Lokpriya Gopinath Bordoloi International Airport (GAU),301.37,MMLP Silchar,131.03,Lakhipur Terminal,108.53,FCI Depot Imphal,41.39,CACHAR Toll Plaza,137.51
Nungourok,TENGNOUPAL,667.0,9827504697,village,102,0.19,Belghoria Expressway,595.71,JIRIBAM,96.38,Khongsang,66.89,Kolkata Port (Syama Prasad Mookerjee Port) incl. Haldia Dock Complex,606.45,ICD Amingaon,297.35,Moreh ICP,35.67,Lokpriya Gopinath Bordoloi International Airport (GAU),299.88,MMLP Silchar,129.84,Lakhipur Terminal,107.33,FCI Depot Imphal,39.79,CACHAR Toll Plaza,136.23
Unnamed Village,TENGNOUPAL,667.0,9827839067,village,102A,9.55,Belghoria Expressway,621.77,JIRIBAM,125.07,Khongsang,93.71,Kolkata Port (Syama Prasad Mookerjee Port) incl. Haldia Dock Complex,632.34,ICD Amingaon,323.08,Moreh ICP,17.11,Lokpriya Gopinath Bordoloi International Airport (GAU),326.13,MMLP Silchar,158.83,Lakhipur Terminal,136.27,FCI Depot Imphal,57.48,CACHAR Toll Plaza,164.84
Unnamed Village,TENGNOUPAL,667.0,9827839147,village,102,8.75,Belghoria Expressway,621.75,JIRIBAM,128.84,Khongsang,98.28,Kolkata Port (Syama Prasad Mookerjee Port) incl. Haldia Dock Complex,632.24,ICD Amingaon,328.1,Moreh ICP,11.39,Lokpriya Gopinath Bordoloi International Airport (GAU),331.01,MMLP Silchar,162.33,Lakhipur Terminal,139.83,FCI Depot Imphal,63.23,CACHAR Toll Plaza,168.68
Lamkang Khunthak,CHANDEL,280.0,9827856643,village,102,0.47,Belghoria Expressway,603.77,JIRIBAM,109.64,Khongsang,80.47,Kolkata Port (Syama Prasad Mookerjee Port) incl. Haldia Dock Complex,614.36,ICD Amingaon,310.91,Moreh ICP,22.1,Lokpriya Gopinath Bordoloi International Airport (GAU),313.47,MMLP Silchar,142.85,Lakhipur Terminal,120.41,FCI Depot Imphal,50.73,CACHAR Toll Plaza,149.5
Unnamed Village,KAMJANG,670.0,9828065231,village,102A,0.08,Belghoria Expressway,638.4,JIRIBAM,127.14,Khongsang,92.06,Kolkata Port (Syama Prasad Mookerjee Port) incl. Haldia Dock Complex,649.25,ICD Amingaon,314.52,Moreh ICP,45.69,Lokpriya Gopinath Bordoloi International Airport (GAU),318.59,MMLP Silchar,161.59,Lakhipur Terminal,139.25,FCI Depot Imphal,48.53,CACHAR Toll Plaza,165.57
Unnamed Village,KAMJANG,670.0,9828065396,village,102A,3.39,Belghoria Expressway,642.51,JIRIBAM,123.56,Khongsang,87.35,Kolkata Port (Syama Prasad Mookerjee Port) incl. Haldia Dock Complex,653.59,ICD Amingaon,301.88,Moreh ICP,65.1,Lokpriya Gopinath Bordoloi International Airport (GAU),306.55,MMLP Silchar,157.66,Lakhipur Terminal,135.97,FCI Depot Imphal,43.05,DIMA HASAO Toll Plaza,154.94
Unnamed Village,KAMJANG,670.0,9828065415,village,102A,2.5,Belghoria Expressway,641.3,JIRIBAM,122.31,Khongsang,86.11,Kolkata Port (Syama Prasad Mookerjee Port) incl. Haldia Dock Complex,652.39,ICD Amingaon,300.87,Moreh ICP,64.84,Lokpriya Gopinath Bordoloi International Airport (GAU),305.51,MMLP Silchar,156.42,Lakhipur Terminal,134.72,FCI Depot Imphal,41.8,DIMA HASAO Toll Plaza,154.06
Unnamed Village,KAMJANG,670.0,9828065433,village,102A,0.06,Belghoria Expressway,638.08,JIRIBAM,117.99,Khongsang,81.73,Kolkata Port (Syama Prasad Mookerjee Port) incl. Haldia Dock Complex,649.21,ICD Amingaon,295.65,Moreh ICP,67.31,Lokpriya Gopinath Bordoloi International Airport (GAU),300.3,MMLP Silchar,151.99,Lakhipur Terminal,130.42,FCI Depot Imphal,37.71,DIMA HASAO Toll Plaza,148.9
Unnamed Village,KAMJANG,670.0,9828065450,village,102A,5.6,Belghoria Expressway,633.73,JIRIBAM,112.75,Khongsang,76.46,Kolkata Port (Syama Prasad Mookerjee Port) incl. Haldia Dock Complex,644.9,ICD Amingaon,290.0,Moreh ICP,69.37,Lokpriya Gopinath Bordoloi International Airport (GAU),294.62,MMLP Silchar,146.65,Lakhipur Terminal,125.19,FCI Depot Imphal,32.81,DIMA HASAO Toll Plaza,143.51
Unnamed Village,KAMJANG,670.0,9828065467,village,102A,6.13,Belghoria Expressway,631.9,JIRIBAM,111.8,Khongsang,75.56,Kolkata Port (Syama Prasad Mookerjee Port) incl. Haldia Dock Complex,643.05,ICD Amingaon,290.97,Moreh ICP,66.22,Lokpriya Gopinath Bordoloi International Airport (GAU),295.46,MMLP Silchar,145.85,Lakhipur Terminal,124.23,FCI Depot Imphal,31.46,DIMA HASAO Toll Plaza,145.05
Unnamed Village,KAMJANG,670.0,9828065555,village,102A,6.35,Belghoria Expressway,629.48,JIRIBAM,112.88,Khongsang,77.07,Kolkata Port (Syama Prasad Mookerjee Port) incl. Haldia Dock Complex,640.51,ICD Amingaon,297.16,Moreh ICP,56.09,Lokpriya Gopinath Bordoloi International Airport (GAU),301.34,MMLP Silchar,147.23,Lakhipur Terminal,125.19,FCI Depot Imphal,32.66,CACHAR Toll Plaza,150.48
Pheitaiching,KANGPOKPI,679.0,9828146597,village,202,12.15,Belghoria Expressway,612.41,JIRIBAM,95.19,Khongsang,59.58,Kolkata Port (Syama Prasad Mookerjee Port) incl. Haldia Dock Complex,623.5,ICD Amingaon,282.88,Moreh ICP,58.88,Lokpriya Gopinath Bordoloi International Airport (GAU),286.64,MMLP Silchar,129.58,Lakhipur Terminal,107.46,FCI Depot Imphal,15.81,CACHAR Toll Plaza,133.1
Unnamed Village,KANGPOKPI,679.0,9828146598,village,202,12.61,Belghoria Expressway,612.48,JIRIBAM,95.45,Khongsang,59.88,Kolkata Port (Syama Prasad Mookerjee Port) incl. Haldia Dock Complex,623.57,ICD Amingaon,283.31,Moreh ICP,58.39,Lokpriya Gopinath Bordoloi International Airport (GAU),287.07,MMLP Silchar,129.85,Lakhipur Terminal,107.72,FCI Depot Imphal,16.21,CACHAR Toll Plaza,133.4
Satang,TENGNOUPAL,667.0,9828163861,village,102,10.34,Belghoria Expressway,624.08,JIRIBAM,131.16,Khongsang,100.42,Kolkata Port (Syama Prasad Mookerjee Port) incl. Haldia Dock Complex,634.56,ICD Amingaon,330.1,Moreh ICP,12.1,Lokpriya Gopinath Bordoloi International Airport (GAU),333.07,MMLP Silchar,164.69,Lakhipur Terminal,142.18,FCI Depot Imphal,64.85,CACHAR Toll Plaza,170.98
Choktong,TENGNOUPAL,667.0,9828163869,village,102,11.3,Belghoria Expressway,625.08,JIRIBAM,131.84,Khongsang,100.97,Kolkata Port (Syama Prasad Mookerjee Port) incl. Haldia Dock Complex,635.56,ICD Amingaon,330.56,Moreh ICP,12.89,Lokpriya Gopinath Bordoloi International Airport (GAU),333.56,MMLP Silchar,165.41,Lakhipur Terminal,142.89,FCI Depot Imphal,65.09,CACHAR Toll Plaza,171.66
Yangoupokpi,TENGNOUPAL,667.0,9828163871,village,102A,14.64,Belghoria Expressway,631.24,JIRIBAM,131.68,Khongsang,99.15,Kolkata Port (Syama Prasad Mookerjee Port) incl. Haldia Dock Complex,641.83,ICD Amingaon,327.18,Moreh ICP,23.66,Lokpriya Gopinath Bordoloi International Airport (GAU),330.55,MMLP Silchar,165.73,Lakhipur Terminal,143.15,FCI Depot Imphal,60.16,CACHAR Toll Plaza,171.27
Wakshu,TENGNOUPAL,667.0,9828163911,village,102A,11.05,Belghoria Expressway,623.56,JIRIBAM,126.56,Khongsang,95.02,Kolkata Port (Syama Prasad Mookerjee Port) incl. Haldia Dock Complex,634.12,ICD Amingaon,324.21,Moreh ICP,17.71,Lokpriya Gopinath Bordoloi International Airport (GAU),327.31,MMLP Silchar,160.37,Lakhipur Terminal,137.8,FCI Depot Imphal,58.3,CACHAR Toll Plaza,166.31
Lirungtabi,CHANDEL,280.0,9828209849,village,102C,0.03,Belghoria Expressway,592.02,JIRIBAM,98.94,Khongsang,71.57,Kolkata Port (Syama Prasad Mookerjee Port) incl. Haldia Dock Complex,602.66,ICD Amingaon,301.94,Moreh ICP,32.21,Lokpriya Gopinath Bordoloi International Airport (GAU),304.18,MMLP Silchar,131.71,Lakhipur Terminal,109.38,FCI Depot Imphal,47.94,CACHAR Toll Plaza,138.75
Liwa Khullen,CHANDEL,280.0,9828209850,village,102C,0.07,Belghoria Expressway,591.99,JIRIBAM,99.47,Khongsang,72.25,Kolkata Port (Syama Prasad Mookerjee Port) incl. Haldia Dock Complex,602.62,ICD Amingaon,302.59,Moreh ICP,31.71,Lokpriya Gopinath Bordoloi International Airport (GAU),304.81,MMLP Silchar,132.19,Lakhipur Terminal,109.87,FCI Depot Imphal,48.73,CACHAR Toll Plaza,139.28
Unnamed Village,CHANDEL,280.0,9828209894,village,102C,5.63,Belghoria Expressway,589.7,JIRIBAM,91.39,Khongsang,63.05,Kolkata Port (Syama Prasad Mookerjee Port) incl. Haldia Dock Complex,600.45,ICD Amingaon,293.51,Moreh ICP,39.92,Lokpriya Gopinath Bordoloi International Airport (GAU),295.86,MMLP Silchar,124.6,Lakhipur Terminal,102.14,FCI Depot Imphal,40.11,CACHAR Toll Plaza,131.25
Kanemram,KAKCHING,651.0,9828209895,village,102,0.07,Belghoria Expressway,595.64,JIRIBAM,95.97,Khongsang,66.4,Kolkata Port (Syama Prasad Mookerjee Port) incl. Haldia Dock Complex,606.39,ICD Amingaon,296.85,Moreh ICP,36.16,Lokpriya Gopinath Bordoloi International Airport (GAU),299.4,MMLP Silchar,129.46,Lakhipur Terminal,106.94,FCI Depot Imphal,39.26,CACHAR Toll Plaza,135.82
Salemram,TENGNOUPAL,667.0,9828209896,village,102,0.26,Belghoria Expressway,595.83,JIRIBAM,96.1,Khongsang,66.49,Kolkata Port (Syama Prasad Mookerjee Port) incl. Haldia Dock Complex,606.57,ICD Amingaon,296.94,Moreh ICP,36.07,Lokpriya Gopinath Bordoloi International Airport (GAU),299.49,MMLP Silchar,129.6,Lakhipur Terminal,107.08,FCI Depot Imphal,39.22,CACHAR Toll Plaza,135.95
Island,KAKCHING,651.0,9828209931,village,102C,0.21,Belghoria Expressway,596.08,JIRIBAM,97.25,Khongsang,67.84,Kolkata Port (Syama Prasad Mookerjee Port) incl. Haldia Dock Complex,606.81,ICD Amingaon,298.31,Moreh ICP,34.72,Lokpriya Gopinath Bordoloi International Airport (GAU),300.83,MMLP Silchar,130.68,Lakhipur Terminal,108.17,FCI Depot Imphal,40.65,CACHAR Toll Plaza,137.1
Tuishimi,KAKCHING,651.0,9828209932,village,102,0.39,Belghoria Expressway,596.13,JIRIBAM,97.07,Khongsang,67.6,Kolkata Port (Syama Prasad Mookerjee Port) incl. Haldia Dock Complex,606.86,ICD Amingaon,298.06,Moreh ICP,34.96,Lokpriya Gopinath Bordoloi International Airport (GAU),300.59,MMLP Silchar,130.52,Lakhipur Terminal,108.01,FCI Depot Imphal,40.32,CACHAR Toll Plaza,136.92
Teraphai,KAKCHING,651.0,9828209933,village,102,0.61,Belghoria Expressway,596.4,JIRIBAM,97.3,Khongsang,67.78,Kolkata Port (Syama Prasad Mookerjee Port) incl. Haldia Dock Complex,607.13,ICD Amingaon,298.23,Moreh ICP,34.78,Lokpriya Gopinath Bordoloi International Airport (GAU),300.77,MMLP Silchar,130.76,Lakhipur Terminal,108.24,FCI Depot Imphal,40.33,CACHAR Toll Plaza,137.15
Maringphai,KAKCHING,651.0,9828209934,village,102,1.07,Belghoria Expressway,596.78,JIRIBAM,97.41,Khongsang,67.77,Kolkata Port (Syama Prasad Mookerjee Port) incl. Haldia Dock Complex,607.52,ICD Amingaon,298.21,Moreh ICP,34.8,Lokpriya Gopinath Bordoloi International Airport (GAU),300.77,MMLP Silchar,130.9,Lakhipur Terminal,108.38,FCI Depot Imphal,40.03,CACHAR Toll Plaza,137.26
Unnamed Village,KAKCHING,651.0,9828209935,village,102,0.71,Belghoria Expressway,596.63,JIRIBAM,97.72,Khongsang,68.23,Kolkata Port (Syama Prasad Mookerjee Port) incl. Haldia Dock Complex,607.35,ICD Amingaon,298.68,Moreh ICP,34.33,Lokpriya Gopinath Bordoloi International Airport (GAU),301.22,MMLP Silchar,131.17,Lakhipur Terminal,108.66,FCI Depot Imphal,40.7,CACHAR Toll Plaza,137.58
Beaularam,KAKCHING,651.0,9828209936,village,102,1.15,Belghoria Expressway,596.94,JIRIBAM,97.65,Khongsang,68.01,Kolkata Port (Syama Prasad Mookerjee Port) incl. Haldia Dock Complex,607.67,ICD Amingaon,298.44,Moreh ICP,34.57,Lokpriya Gopinath Bordoloi International Airport (GAU),301.01,MMLP Silchar,131.14,Lakhipur Terminal,108.62,FCI Depot Imphal,40.2,CACHAR Toll Plaza,137.49
Tuisen,TENGNOUPAL,667.0,9828209937,village,102C,3.32,Belghoria Expressway,598.97,JIRIBAM,98.7,Khongsang,68.55,Kolkata Port (Syama Prasad Mookerjee Port) incl. Haldia Dock Complex,609.71,ICD Amingaon,298.89,Moreh ICP,34.2,Lokpriya Gopinath Bordoloi International Airport (GAU),301.54,MMLP Silchar,132.32,Lakhipur Terminal,109.78,FCI Depot Imphal,39.32,CACHAR Toll Plaza,138.53
Laiching Khuman,TENGNOUPAL,667.0,9828209938,village,102,1.65,Belghoria Expressway,597.52,JIRIBAM,95.89,Khongsang,65.54,Kolkata Port (Syama Prasad Mookerjee Port) incl. Haldia Dock Complex,608.3,ICD Amingaon,295.85,Moreh ICP,37.24,Lokpriya Gopinath Bordoloi International Airport (GAU),298.52,MMLP Silchar,129.58,Lakhipur Terminal,107.03,FCI Depot Imphal,36.71,CACHAR Toll Plaza,135.69
Khangshim,KAKCHING,651.0,9828209954,village,102,0.1,Belghoria Expressway,596.12,JIRIBAM,94.17,Khongsang,63.91,Kolkata Port (Syama Prasad Mookerjee Port) incl. Haldia Dock Complex,606.91,ICD Amingaon,294.26,Moreh ICP,38.79,Lokpriya Gopinath Bordoloi International Airport (GAU),296.9,MMLP Silchar,127.87,Lakhipur Terminal,105.31,FCI Depot Imphal,35.85,CACHAR Toll Plaza,133.98
Yamolching,TENGNOUPAL,667.0,9828220560,village,102A,0.05,Belghoria Expressway,614.16,JIRIBAM,108.48,Khongsang,75.58,Kolkata Port (Syama Prasad Mookerjee Port) incl. Haldia Dock Complex,624.95,ICD Amingaon,303.95,Moreh ICP,34.19,Lokpriya Gopinath Bordoloi International Airport (GAU),307.18,MMLP Silchar,142.69,Lakhipur Terminal,120.12,FCI Depot Imphal,37.84,CACHAR Toll Plaza,147.92
Haikot,TENGNOUPAL,667.0,9828220561,village,102A,0.05,Belghoria Expressway,614.19,JIRIBAM,107.98,Khongsang,74.95,Kolkata Port (Syama Prasad Mookerjee Port) incl. Haldia Dock Complex,625.0,ICD Amingaon,303.17,Moreh ICP,35.17,Lokpriya Gopinath Bordoloi International Airport (GAU),306.43,MMLP Silchar,142.22,Lakhipur Terminal,119.65,FCI Depot Imphal,36.95,CACHAR Toll Plaza,147.39
Thallem,TENGNOUPAL,667.0,9828220562,village,102A,0.04,Belghoria Expressway,616.04,JIRIBAM,110.19,Khongsang,77.13,Kolkata Port (Syama Prasad Mookerjee Port) incl. Haldia Dock Complex,626.83,ICD Amingaon,305.24,Moreh ICP,33.94,Lokpriya Gopinath Bordoloi International Airport (GAU),308.53,MMLP Silchar,144.43,Lakhipur Terminal,121.86,FCI Depot Imphal,38.8,CACHAR Toll Plaza,149.6
Thamlai,TENGNOUPAL,667.0,9828220563,village,102A,5.69,Belghoria Expressway,607.98,JIRIBAM,100.67,Khongsang,67.78,Kolkata Port (Syama Prasad Mookerjee Port) incl. Haldia Dock Complex,618.84,ICD Amingaon,296.46,Moreh ICP,39.66,Lokpriya Gopinath Bordoloi International Airport (GAU),299.61,MMLP Silchar,134.91,Lakhipur Terminal,112.35,FCI Depot Imphal,31.35,CACHAR Toll Plaza,140.1
Wapaching,TENGNOUPAL,667.0,9828220564,village,102,6.43,Belghoria Expressway,607.18,JIRIBAM,99.77,Khongsang,66.91,Kolkata Port (Syama Prasad Mookerjee Port) incl. Haldia Dock Complex,618.04,ICD Amingaon,295.65,Moreh ICP,40.23,Lokpriya Gopinath Bordoloi International Airport (GAU),298.78,MMLP Silchar,134.0,Lakhipur Terminal,111.44,FCI Depot Imphal,30.74,CACHAR Toll Plaza,139.2
Kwarok,THOUBAL,276.0,9828220565,village,102,7.26,Belghoria Expressway,608.21,JIRIBAM,96.0,Khongsang,61.78,Kolkata Port (Syama Prasad Mookerjee Port) incl. Haldia Dock Complex,619.18,ICD Amingaon,288.86,Moreh ICP,48.91,Lokpriya Gopinath Bordoloi International Airport (GAU),292.24,MMLP Silchar,130.43,Lakhipur Terminal,107.98,FCI Depot Imphal,22.4,CACHAR Toll Plaza,134.93
Unnamed Village,THOUBAL,276.0,9828220566,village,102,6.07,Belghoria Expressway,607.02,JIRIBAM,95.05,Khongsang,60.95,Kolkata Port (Syama Prasad Mookerjee Port) incl. Haldia Dock Complex,617.99,ICD Amingaon,288.32,Moreh ICP,48.91,Lokpriya Gopinath Bordoloi International Airport (GAU),291.66,MMLP Silchar,129.46,Lakhipur Terminal,107.0,FCI Depot Imphal,22.19,CACHAR Toll Plaza,134.03
Unnamed Village,THOUBAL,276.0,9828220567,village,102,6.4,Belghoria Expressway,607.56,JIRIBAM,95.83,Khongsang,61.77,Kolkata Port (Syama Prasad Mookerjee Port) incl. Haldia Dock Complex,618.52,ICD Amingaon,289.15,Moreh ICP,48.21,Lokpriya Gopinath Bordoloi International Airport (GAU),292.49,MMLP Silchar,130.24,Lakhipur Terminal,107.77,FCI Depot Imphal,22.96,CACHAR Toll Plaza,134.83
Kakmayai,THOUBAL,276.0,9828220568,village,102A,9.78,Belghoria Expressway,610.75,JIRIBAM,97.95,Khongsang,63.44,Kolkata Port (Syama Prasad Mookerjee Port) incl. Haldia Dock Complex,621.73,ICD Amingaon,289.83,Moreh ICP,49.25,Lokpriya Gopinath Bordoloi International Airport (GAU),293.31,MMLP Silchar,132.39,Lakhipur Terminal,109.98,FCI Depot Imphal,22.83,CACHAR Toll Plaza,136.73
Unnamed Village,THOUBAL,276.0,9828220569,village,102,6.93,Belghoria Expressway,608.51,JIRIBAM,97.33,Khongsang,63.37,Kolkata Port (Syama Prasad Mookerjee Port) incl. Haldia Dock Complex,619.46,ICD Amingaon,290.81,Moreh ICP,46.73,Lokpriya Gopinath Bordoloi International Airport (GAU),294.14,MMLP Silchar,131.74,Lakhipur Terminal,109.25,FCI Depot Imphal,24.54,CACHAR Toll Plaza,136.38
Waithou Phunal,IMPHAL EAST,278.0,9828220570,village,102,3.05,Belghoria Expressway,600.53,JIRIBAM,85.29,Khongsang,50.62,Kolkata Port (Syama Prasad Mookerjee Port) incl. Haldia Dock Complex,611.61,ICD Amingaon,277.67,Moreh ICP,58.45,Lokpriya Gopinath Bordoloi International Airport (GAU),280.99,MMLP Silchar,119.74,Lakhipur Terminal,97.39,FCI Depot Imphal,12.88,CACHAR Toll Plaza,123.95
Unnamed Village,IMPHAL EAST,278.0,9828220571,village,102,4.29,Belghoria Expressway,601.81,JIRIBAM,86.22,Khongsang,51.39,Kolkata Port (Syama Prasad Mookerjee Port) incl. Haldia Dock Complex,612.88,ICD Amingaon,278.01,Moreh ICP,58.61,Lokpriya Gopinath Bordoloi International Airport (GAU),281.39,MMLP Silchar,120.67,Lakhipur Terminal,98.35,FCI Depot Imphal,12.46,CACHAR Toll Plaza,124.78
Unnamed Village,IMPHAL EAST,278.0,9828220572,village,102,1.44,Belghoria Expressway,599.08,JIRIBAM,84.98,Khongsang,50.75,Kolkata Port (Syama Prasad Mookerjee Port) incl. Haldia Dock Complex,610.13,ICD Amingaon,278.56,Moreh ICP,56.84,Lokpriya Gopinath Bordoloi International Airport (GAU),281.78,MMLP Silchar,119.42,Lakhipur Terminal,97.0,FCI Depot Imphal,15.02,CACHAR Toll Plaza,123.86
Unnamed Village,THOUBAL,276.0,9828220573,village,102,3.17,Belghoria Expressway,600.6,JIRIBAM,85.74,Khongsang,51.18,Kolkata Port (Syama Prasad Mookerjee Port) incl. Haldia Dock Complex,611.67,ICD Amingaon,278.41,Moreh ICP,57.63,Lokpriya Gopinath Bordoloi International Airport (GAU),281.71,MMLP Silchar,120.19,Lakhipur Terminal,97.82,FCI Depot Imphal,13.71,CACHAR Toll Plaza,124.46
Unnamed Village,IMPHAL EAST,278.0,9828220574,village,102,4.29,Belghoria Expressway,601.76,JIRIBAM,86.44,Khongsang,51.69,Kolkata Port (Syama Prasad Mookerjee Port) incl. Haldia Dock Complex,612.83,ICD Amingaon,278.46,Moreh ICP,58.07,Lokpriya Gopinath Bordoloi International Airport (GAU),281.82,MMLP Silchar,120.9,Lakhipur Terminal,98.56,FCI Depot Imphal,13.02,CACHAR Toll Plaza,125.05
Unnamed Village,IMPHAL EAST,278.0,9828220575,village,102,4.25,Belghoria Expressway,601.81,JIRIBAM,85.99,Khongsang,51.09,Kolkata Port (Syama Prasad Mookerjee Port) incl. Haldia Dock Complex,612.9,ICD Amingaon,277.58,Moreh ICP,59.12,Lokpriya Gopinath Bordoloi International Airport (GAU),280.97,MMLP Silchar,120.44,Lakhipur Terminal,98.13,FCI Depot Imphal,11.94,CACHAR Toll Plaza,124.5
Unnamed Village,IMPHAL EAST,278.0,9828220576,village,102,4.43,Belghoria Expressway,602.12,JIRIBAM,85.61,Khongsang,50.5,Kolkata Port (Syama Prasad Mookerjee Port) incl. Haldia Dock Complex,613.22,ICD Amingaon,276.54,Moreh ICP,60.51,Lokpriya Gopinath Bordoloi International Airport (GAU),279.97,MMLP Silchar,120.05,Lakhipur Terminal,97.79,FCI Depot Imphal,10.5,CACHAR Toll Plaza,123.97
Khamu Maring,KANGPOKPI,679.0,9828220577,village,102,11.21,Belghoria Expressway,610.21,JIRIBAM,94.67,Khongsang,59.51,Kolkata Port (Syama Prasad Mookerjee Port) incl. Haldia Dock Complex,621.26,ICD Amingaon,284.5,Moreh ICP,55.41,Lokpriya Gopinath Bordoloi International Airport (GAU),288.11,MMLP Silchar,129.12,Lakhipur Terminal,106.85,FCI Depot Imphal,17.19,CACHAR Toll Plaza,133.01
Sharonphai,KANGPOKPI,679.0,9828220578,village,102,12.04,Belghoria Expressway,611.06,JIRIBAM,95.43,Khongsang,60.21,Kolkata Port (Syama Prasad Mookerjee Port) incl. Haldia Dock Complex,622.11,ICD Amingaon,284.96,Moreh ICP,55.4,Lokpriya Gopinath Bordoloi International Airport (GAU),288.6,MMLP Silchar,129.87,Lakhipur Terminal,107.62,FCI Depot Imphal,17.63,CACHAR Toll Plaza,133.72
Unnamed Village,IMPHAL EAST,278.0,9828220580,village,102,9.45,Belghoria Expressway,608.97,JIRIBAM,94.49,Khongsang,59.64,Kolkata Port (Syama Prasad Mookerjee Port) incl. Haldia Dock Complex,620.0,ICD Amingaon,285.5,Moreh ICP,53.42,Lokpriya Gopinath Bordoloi International Airport (GAU),289.02,MMLP Silchar,128.95,Lakhipur Terminal,106.61,FCI Depot Imphal,18.42,CACHAR Toll Plaza,133.06
Unnamed Village,IMPHAL EAST,278.0,9828220581,village,102,8.39,Belghoria Expressway,606.19,JIRIBAM,90.27,Khongsang,55.15,Kolkata Port (Syama Prasad Mookerjee Port) incl. Haldia Dock Complex,617.26,ICD Amingaon,280.72,Moreh ICP,57.6,Lokpriya Gopinath Bordoloi International Airport (GAU),284.23,MMLP Silchar,124.71,Lakhipur Terminal,102.44,FCI Depot Imphal,13.73,CACHAR Toll Plaza,128.64
Andro Khunou,KANGPOKPI,679.0,9828220582,village,102,11.51,Belghoria Expressway,609.89,JIRIBAM,93.69,Khongsang,58.37,Kolkata Port (Syama Prasad Mookerjee Port) incl. Haldia Dock Complex,620.97,ICD Amingaon,282.98,Moreh ICP,57.07,Lokpriya Gopinath Bordoloi International Airport (GAU),286.61,MMLP Silchar,128.12,Lakhipur Terminal,105.9,FCI Depot Imphal,15.65,CACHAR Toll Plaza,131.89
Kamu Koireng,KANGPOKPI,679.0,9828220583,village,102,12.44,Belghoria Expressway,611.24,JIRIBAM,95.27,Khongsang,59.97,Kolkata Port (Syama Prasad Mookerjee Port) incl. Haldia Dock Complex,622.3,ICD Amingaon,284.46,Moreh ICP,56.13,Lokpriya Gopinath Bordoloi International Airport (GAU),288.12,MMLP Silchar,129.71,Lakhipur Terminal,107.48,FCI Depot Imphal,17.14,CACHAR Toll Plaza,133.49
Sandang Senba Maring,IMPHAL EAST,278.0,9828220584,village,102,7.95,Belghoria Expressway,605.59,JIRIBAM,89.01,Khongsang,53.75,Kolkata Port (Syama Prasad Mookerjee Port) incl. Haldia Dock Complex,616.69,ICD Amingaon,279.01,Moreh ICP,59.33,Lokpriya Gopinath Bordoloi International Airport (GAU),282.54,MMLP Silchar,123.45,Lakhipur Terminal,101.22,FCI Depot Imphal,11.96,CACHAR Toll Plaza,127.26
Wangkham,IMPHAL EAST,278.0,9828220585,village,102,6.91,Belghoria Expressway,604.55,JIRIBAM,88.11,Khongsang,52.92,Kolkata Port (Syama Prasad Mookerjee Port) incl. Haldia Dock Complex,615.64,ICD Amingaon,278.5,Moreh ICP,59.38,Lokpriya Gopinath Bordoloi International Airport (GAU),282.0,MMLP Silchar,122.55,Lakhipur Terminal,100.31,FCI Depot Imphal,11.7,CACHAR Toll Plaza,126.42
Unnamed Village,IMPHAL EAST,278.0,9828220586,village,102,7.15,Belghoria Expressway,605.3,JIRIBAM,87.76,Khongsang,52.26,Kolkata Port (Syama Prasad Mookerjee Port) incl. Haldia Dock Complex,616.42,ICD Amingaon,276.9,Moreh ICP,61.71,Lokpriya Gopinath Bordoloi International Airport (GAU),280.49,MMLP Silchar,122.17,Lakhipur Terminal,100.02,FCI Depot Imphal,9.69,CACHAR Toll Plaza,125.8
Yaipharok,IMPHAL EAST,278.0,9828220587,village,102,6.15,Belghoria Expressway,603.9,JIRIBAM,87.08,Khongsang,51.82,Kolkata Port (Syama Prasad Mookerjee Port) incl. Haldia Dock Complex,615.0,ICD Amingaon,277.28,Moreh ICP,60.5,Lokpriya Gopinath Bordoloi International Airport (GAU),280.79,MMLP Silchar,121.52,Lakhipur Terminal,99.29,FCI Depot Imphal,10.53,CACHAR Toll Plaza,125.33
Taoramphai,IMPHAL EAST,278.0,9828220588,village,102,6.45,Belghoria Expressway,604.31,JIRIBAM,87.13,Khongsang,51.76,Kolkata Port (Syama Prasad Mookerjee Port) incl. Haldia Dock Complex,615.43,ICD Amingaon,276.88,Moreh ICP,61.2,Lokpriya Gopinath Bordoloi International Airport (GAU),280.42,MMLP Silchar,121.55,Lakhipur Terminal,99.37,FCI Depot Imphal,9.92,CACHAR Toll Plaza,125.28
Skipe,KAMJANG,670.0,9831518376,village,102A,9.62,Belghoria Expressway,649.71,JIRIBAM,140.3,Khongsang,105.29,Kolkata Port (Syama Prasad Mookerjee Port) incl. Haldia Dock Complex,660.48,ICD Amingaon,327.03,Moreh ICP,47.38,Lokpriya Gopinath Bordoloi International Airport (GAU),331.25,MMLP Silchar,174.76,Lakhipur Terminal,152.38,FCI Depot Imphal,61.69,CACHAR Toll Plaza,178.79
Aishi,KAMJANG,670.0,9831518391,village,102A,21.16,Belghoria Expressway,660.77,RANGAPAHAR,144.92,Khongsang,109.38,Kolkata Port (Syama Prasad Mookerjee Port) incl. Haldia Dock Complex,671.69,ICD Amingaon,324.38,Moreh ICP,64.58,Lokpriya Gopinath Bordoloi International Airport (GAU),329.19,MMLP Silchar,179.66,Lakhipur Terminal,157.71,FCI Depot Imphal,64.87,DIMA HASAO Toll Plaza,176.52
Molvailup,KAMJANG,670.0,9831518393,village,102A,22.95,Belghoria Expressway,662.93,RANGAPAHAR,146.16,Khongsang,111.61,Kolkata Port (Syama Prasad Mookerjee Port) incl. Haldia Dock Complex,673.85,ICD Amingaon,326.28,Moreh ICP,65.73,Lokpriya Gopinath Bordoloi International Airport (GAU),331.14,MMLP Silchar,181.89,Lakhipur Terminal,159.94,FCI Depot Imphal,67.1,DIMA HASAO Toll Plaza,178.26
Kultuh,KAMJANG,670.0,9831540925,village,102A,25.42,Belghoria Expressway,664.47,RANGAPAHAR,144.01,Khongsang,112.03,Kolkata Port (Syama Prasad Mookerjee Port) incl. Haldia Dock Complex,675.42,ICD Amingaon,325.28,Moreh ICP,68.76,Lokpriya Gopinath Bordoloi International Airport (GAU),330.24,MMLP Silchar,182.35,Lakhipur Terminal,160.5,FCI Depot Imphal,67.56,DIMA HASAO Toll Plaza,176.88
Unnamed Village,THOUBAL,276.0,9832644315,village,102,0.84,Belghoria Expressway,596.59,JIRIBAM,83.15,Khongsang,49.31,Kolkata Port (Syama Prasad Mookerjee Port) incl. Haldia Dock Complex,607.63,ICD Amingaon,277.77,Moreh ICP,56.89,Lokpriya Gopinath Bordoloi International Airport (GAU),280.89,MMLP Silchar,117.57,Lakhipur Terminal,95.11,FCI Depot Imphal,16.19,CACHAR Toll Plaza,122.19
Unnamed Village,THOUBAL,276.0,9832644316,village,102,0.42,Belghoria Expressway,597.02,JIRIBAM,82.9,Khongsang,48.8,Kolkata Port (Syama Prasad Mookerjee Port) incl. Haldia Dock Complex,608.08,ICD Amingaon,276.95,Moreh ICP,57.96,Lokpriya Gopinath Bordoloi International Airport (GAU),280.11,MMLP Silchar,117.33,Lakhipur Terminal,94.9,FCI Depot Imphal,14.86,CACHAR Toll Plaza,121.83
Unnamed Village,THOUBAL,276.0,9832651817,village,102,0.6,Belghoria Expressway,598.09,JIRIBAM,83.78,Khongsang,49.55,Kolkata Port (Syama Prasad Mookerjee Port) incl. Haldia Dock Complex,609.14,ICD Amingaon,277.45,Moreh ICP,57.76,Lokpriya Gopinath Bordoloi International Airport (GAU),280.65,MMLP Silchar,118.22,Lakhipur Terminal,95.8,FCI Depot Imphal,14.52,CACHAR Toll Plaza,122.66
Unnamed Village,THOUBAL,276.0,9832651818,village,102,0.09,Belghoria Expressway,598.32,JIRIBAM,85.32,Khongsang,51.49,Kolkata Port (Syama Prasad Mookerjee Port) incl. Haldia Dock Complex,609.34,ICD Amingaon,279.83,Moreh ICP,55.1,Lokpriya Gopinath Bordoloi International Airport (GAU),282.98,MMLP Silchar,119.73,Lakhipur Terminal,97.26,FCI Depot Imphal,17.13,CACHAR Toll Plaza,124.38
Khadungyon Uipo,CHANDEL,280.0,9834146705,village,102C,0.19,Belghoria Expressway,589.86,JIRIBAM,100.55,Khongsang,74.41,Kolkata Port (Syama Prasad Mookerjee Port) incl. Haldia Dock Complex,600.44,ICD Amingaon,304.49,Moreh ICP,31.27,Lokpriya Gopinath Bordoloi International Airport (GAU),306.57,MMLP Silchar,132.86,Lakhipur Terminal,110.68,FCI Depot Imphal,52.57,CACHAR Toll Plaza,140.25
Thoyee,KANGPOKPI,679.0,9834146706,village,202,0.88,Belghoria Expressway,625.31,JIRIBAM,102.84,Khongsang,66.55,Kolkata Port (Syama Prasad Mookerjee Port) incl. Haldia Dock Complex,636.56,ICD Amingaon,279.51,Moreh ICP,73.84,Lokpriya Gopinath Bordoloi International Airport (GAU),284.04,MMLP Silchar,136.52,Lakhipur Terminal,115.28,FCI Depot Imphal,24.28,DIMA HASAO Toll Plaza,133.68
Urangpat,IMPHAL EAST,278.0,9834146708,village,202,0.29,Belghoria Expressway,623.56,JIRIBAM,101.0,Khongsang,64.72,Kolkata Port (Syama Prasad Mookerjee Port) incl. Haldia Dock Complex,634.82,ICD Amingaon,277.99,Moreh ICP,74.1,Lokpriya Gopinath Bordoloi International Airport (GAU),282.48,MMLP Silchar,134.69,Lakhipur Terminal,113.45,FCI Depot Imphal,22.62,DIMA HASAO Toll Plaza,132.41
Gwaltabi Kuki,IMPHAL EAST,278.0,9834146709,village,202,0.04,Belghoria Expressway,623.67,JIRIBAM,101.16,Khongsang,64.88,Kolkata Port (Syama Prasad Mookerjee Port) incl. Haldia Dock Complex,634.92,ICD Amingaon,278.23,Moreh ICP,73.89,Lokpriya Gopinath Bordoloi International Airport (GAU),282.72,MMLP Silchar,134.86,Lakhipur Terminal,113.61,FCI Depot Imphal,22.69,DIMA HASAO Toll Plaza,132.66
Riha,KANGPOKPI,679.0,9834146710,village,202,1.82,Belghoria Expressway,623.83,JIRIBAM,101.85,Khongsang,65.56,Kolkata Port (Syama Prasad Mookerjee Port) incl. Haldia Dock Complex,635.07,ICD Amingaon,279.91,Moreh ICP,71.95,Lokpriya Gopinath Bordoloi International Airport (GAU),284.35,MMLP Silchar,135.66,Lakhipur Terminal,114.3,FCI Depot Imphal,22.69,DIMA HASAO Toll Plaza,134.53
Biyang,TENGNOUPAL,667.0,9836198328,village,102A,5.82,Belghoria Expressway,621.47,JIRIBAM,116.07,Khongsang,82.81,Kolkata Port (Syama Prasad Mookerjee Port) incl. Haldia Dock Complex,632.23,ICD Amingaon,310.39,Moreh ICP,32.1,Lokpriya Gopinath Bordoloi International Airport (GAU),313.78,MMLP Silchar,150.33,Lakhipur Terminal,127.76,FCI Depot Imphal,43.42,CACHAR Toll Plaza,155.43
Yamolching,TENGNOUPAL,667.0,9836198329,village,102A,5.21,Belghoria Expressway,623.08,JIRIBAM,116.22,Khongsang,82.54,Kolkata Port (Syama Prasad Mookerjee Port) incl. Haldia Dock Complex,633.87,ICD Amingaon,309.45,Moreh ICP,34.75,Lokpriya Gopinath Bordoloi International Airport (GAU),312.95,MMLP Silchar,150.54,Lakhipur Terminal,128.01,FCI Depot Imphal,42.23,CACHAR Toll Plaza,155.43
Lukhambi,TAMENGLONG,273.0,9839806368,village,37,3.02,Belghoria Expressway,574.1,JIRIBAM,48.77,Khongsang,13.13,Kolkata Port (Syama Prasad Mookerjee Port) incl. Haldia Dock Complex,585.56,ICD Amingaon,235.91,Moreh ICP,97.77,Lokpriya Gopinath Bordoloi International Airport (GAU),239.02,MMLP Silchar,82.2,Lakhipur Terminal,61.19,FCI Depot Imphal,33.79,CACHAR Toll Plaza,84.39
Pangkibot,TAMENGLONG,273.0,9839806369,village,137,0.08,Belghoria Expressway,560.76,JIRIBAM,34.88,Khongsang,4.86,Kolkata Port (Syama Prasad Mookerjee Port) incl. Haldia Dock Complex,572.27,ICD Amingaon,226.04,Sutarkandi ICP,104.11,Lokpriya Gopinath Bordoloi International Airport (GAU),228.66,MMLP Silchar,68.26,Lakhipur Terminal,47.27,FCI Depot Imphal,47.1,CACHAR Toll Plaza,70.75
Sempāng,TAMENGLONG,273.0,9839806370,village,137,1.53,Belghoria Expressway,556.82,JIRIBAM,31.14,Khongsang,5.98,Kolkata Port (Syama Prasad Mookerjee Port) incl. Haldia Dock Complex,568.33,ICD Amingaon,224.82,Sutarkandi ICP,100.47,Lokpriya Gopinath Bordoloi International Airport (GAU),227.24,MMLP Silchar,64.8,Lakhipur Terminal,43.57,FCI Depot Imphal,50.2,CACHAR Toll Plaza,67.7
Oinām,BISHNUPUR,275.0,9839806372,village,2,1.1,Belghoria Expressway,584.62,JIRIBAM,69.34,Khongsang,35.94,Kolkata Port (Syama Prasad Mookerjee Port) incl. Haldia Dock Complex,595.75,ICD Amingaon,265.58,Moreh ICP,67.71,Lokpriya Gopinath Bordoloi International Airport (GAU),268.43,MMLP Silchar,103.75,Lakhipur Terminal,81.29,FCI Depot Imphal,18.56,CACHAR Toll Plaza,108.44
Lamdānmai,NONEY,659.0,9839806373,village,37,6.19,Belghoria Expressway,571.8,JIRIBAM,53.47,Khongsang,20.57,Kolkata Port (Syama Prasad Mookerjee Port) incl. Haldia Dock Complex,583.05,ICD Amingaon,251.01,Moreh ICP,82.01,Lokpriya Gopinath Bordoloi International Airport (GAU),253.57,MMLP Silchar,87.91,Lakhipur Terminal,65.52,FCI Depot Imphal,29.38,CACHAR Toll Plaza,92.5
Charoi Chakoklong,NONEY,659.0,9839806374,village,37,3.04,Belghoria Expressway,571.54,JIRIBAM,50.75,Khongsang,16.23,Kolkata Port (Syama Prasad Mookerjee Port) incl. Haldia Dock Complex,582.85,ICD Amingaon,246.3,Moreh ICP,86.72,Lokpriya Gopinath Bordoloi International Airport (GAU),248.98,MMLP Silchar,85.18,Lakhipur Terminal,63.01,FCI Depot Imphal,30.34,CACHAR Toll Plaza,89.21
Haochong,TAMENGLONG,273.0,9839806386,village,37,6.36,Belghoria Expressway,580.84,JIRIBAM,56.27,Khongsang,20.11,Kolkata Port (Syama Prasad Mookerjee Port) incl. Haldia Dock Complex,592.26,ICD Amingaon,242.78,Moreh ICP,91.66,Lokpriya Gopinath Bordoloi International Airport (GAU),246.07,MMLP Silchar,89.92,Lakhipur Terminal,68.71,FCI Depot Imphal,25.99,CACHAR Toll Plaza,92.24
Unnamed Village,TENGNOUPAL,667.0,9883572244,village,102,1.03,Belghoria Expressway,613.25,JIRIBAM,127.27,Khongsang,98.84,Kolkata Port (Syama Prasad Mookerjee Port) incl. Haldia Dock Complex,623.64,ICD Amingaon,329.31,Moreh ICP,3.86,Lokpriya Gopinath Bordoloi International Airport (GAU),331.82,MMLP Silchar,160.03,Lakhipur Terminal,137.72,FCI Depot Imphal,67.9,CACHAR Toll Plaza,167.09
Unnamed Village,KAMJANG,670.0,9885799453,village,102A,2.73,Belghoria Expressway,632.6,JIRIBAM,122.72,Khongsang,88.05,Kolkata Port (Syama Prasad Mookerjee Port) incl. Haldia Dock Complex,643.44,ICD Amingaon,312.26,Moreh ICP,41.43,Lokpriya Gopinath Bordoloi International Airport (GAU),316.13,MMLP Silchar,157.17,Lakhipur Terminal,134.74,FCI Depot Imphal,45.35,CACHAR Toll Plaza,161.46
Unnamed Village,KAMJANG,670.0,9885802480,village,102A,2.29,Belghoria Expressway,628.7,JIRIBAM,120.96,Khongsang,86.86,Kolkata Port (Syama Prasad Mookerjee Port) incl. Haldia Dock Complex,639.49,ICD Amingaon,312.65,Moreh ICP,36.64,Lokpriya Gopinath Bordoloi International Airport (GAU),316.32,MMLP Silchar,155.34,Lakhipur Terminal,132.84,FCI Depot Imphal,45.34,CACHAR Toll Plaza,160.0
Karang,BISHNUPUR,275.0,9930024012,village,137A,6.69,Belghoria Expressway,581.11,JIRIBAM,75.29,Khongsang,46.19,Kolkata Port (Syama Prasad Mookerjee Port) incl. Haldia Dock Complex,592.05,ICD Amingaon,276.64,Moreh ICP,56.64,Lokpriya Gopinath Bordoloi International Airport (GAU),279.01,MMLP Silchar,108.97,Lakhipur Terminal,86.41,FCI Depot Imphal,30.9,CACHAR Toll Plaza,115.12
Poi,UKHRUL,279.0,9952197355,village,202,8.78,Belghoria Expressway,677.1,RANGAPAHAR,104.57,Khongsang,116.11,Kolkata Port (Syama Prasad Mookerjee Port) incl. Haldia Dock Complex,688.56,ICD Amingaon,299.66,Moreh ICP,113.79,Lokpriya Gopinath Bordoloi International Airport (GAU),306.13,MMLP Silchar,182.42,Lakhipur Terminal,163.16,FCI Depot Imphal,79.16,GOLAGHAT Toll Plaza,146.35
Huishu,UKHRUL,279.0,9952210833,village,202,9.09,Belghoria Expressway,675.37,RANGAPAHAR,106.37,Khongsang,114.39,Kolkata Port (Syama Prasad Mookerjee Port) incl. Haldia Dock Complex,686.8,ICD Amingaon,300.47,Moreh ICP,110.36,Lokpriya Gopinath Bordoloi International Airport (GAU),306.82,MMLP Silchar,181.19,Lakhipur Terminal,161.71,FCI Depot Imphal,76.74,DIMA HASAO Toll Plaza,149.29
New Tusom,UKHRUL,279.0,9956578566,village,202,11.06,Belghoria Expressway,685.43,RANGAPAHAR,97.72,Khongsang,125.16,Kolkata Port (Syama Prasad Mookerjee Port) incl. Haldia Dock Complex,697.01,ICD Amingaon,296.71,Moreh ICP,129.59,Lokpriya Gopinath Bordoloi International Airport (GAU),303.71,MMLP Silchar,189.04,Neamati Terminal,155.09,FCI Depot Imphal,91.33,GOLAGHAT Toll Plaza,133.26
Unnamed Village,CHANDEL,280.0,10074511335,village,102C,1.23,Belghoria Expressway,588.9,JIRIBAM,100.96,Khongsang,75.29,Kolkata Port (Syama Prasad Mookerjee Port) incl. Haldia Dock Complex,599.47,ICD Amingaon,305.21,Moreh ICP,31.34,Lokpriya Gopinath Bordoloi International Airport (GAU),307.23,MMLP Silchar,133.09,Lakhipur Terminal,110.97,FCI Depot Imphal,54.15,CACHAR Toll Plaza,140.61
Unnamed Village,CHANDEL,280.0,10080204055,village,102C,0.06,Belghoria Expressway,594.1,JIRIBAM,97.02,Khongsang,68.34,Kolkata Port (Syama Prasad Mookerjee Port) incl. Haldia Dock Complex,604.81,ICD Amingaon,298.83,Moreh ICP,34.39,Lokpriya Gopinath Bordoloi International Airport (GAU),301.25,MMLP Silchar,130.24,Lakhipur Terminal,107.78,FCI Depot Imphal,42.73,CACHAR Toll Plaza,136.88
Pilong,KAMJANG,670.0,10081235768,village,102A,10.91,Belghoria Expressway,651.91,JIRIBAM,141.43,Khongsang,106.2,Kolkata Port (Syama Prasad Mookerjee Port) incl. Haldia Dock Complex,662.71,ICD Amingaon,326.92,Moreh ICP,50.39,Lokpriya Gopinath Bordoloi International Airport (GAU),331.24,MMLP Silchar,175.89,Lakhipur Terminal,153.57,FCI Depot Imphal,62.31,CACHAR Toll Plaza,179.73
Unnamed Village,CHANDEL,280.0,10106993468,village,46,24.94,Belghoria Expressway,576.87,JIRIBAM,117.96,Khongsang,99.53,Kolkata Port (Syama Prasad Mookerjee Port) incl. Haldia Dock Complex,587.01,ICD Amingaon,324.85,Moreh ICP,42.33,Lokpriya Gopinath Bordoloi International Airport (GAU),325.86,MMLP Silchar,146.42,Lakhipur Terminal,125.87,FCI Depot Imphal,85.81,CACHAR Toll Plaza,155.77
Unnamed Village,CHANDEL,280.0,10106993481,village,46,25.74,Belghoria Expressway,573.7,JIRIBAM,119.8,Khongsang,102.63,Kolkata Port (Syama Prasad Mookerjee Port) incl. Haldia Dock Complex,583.79,ICD Amingaon,326.72,Moreh ICP,46.81,Lokpriya Gopinath Bordoloi International Airport (GAU),327.55,MMLP Silchar,147.53,Lakhipur Terminal,127.33,FCI Depot Imphal,90.34,CACHAR Toll Plaza,157.15
Unnamed Village,CHANDEL,280.0,10107937695,village,46,19.8,Belghoria Expressway,584.18,JIRIBAM,120.48,Khongsang,99.98,Kolkata Port (Syama Prasad Mookerjee Port) incl. Haldia Dock Complex,594.34,ICD Amingaon,327.1,Moreh ICP,34.96,Lokpriya Gopinath Bordoloi International Airport (GAU),328.38,MMLP Silchar,149.9,Lakhipur Terminal,128.92,FCI Depot Imphal,82.9,CACHAR Toll Plaza,158.88
Damdiei,PHERZAWL,718.0,10114946399,village,2,0.02,Belghoria Expressway,511.24,JIRIBAM,52.2,Khongsang,64.03,Kolkata Port (Syama Prasad Mookerjee Port) incl. Haldia Dock Complex,522.17,ICD Amingaon,250.28,Sutarkandi ICP,85.82,Lokpriya Gopinath Bordoloi International Airport (GAU),249.66,MMLP Silchar,68.2,Lakhipur Terminal,53.19,FCI Depot Silchar,68.2,CACHAR Toll Plaza,79.7
Chalson Tengnoupal,TENGNOUPAL,667.0,10123992407,village,46,4.37,Belghoria Expressway,607.22,JIRIBAM,131.83,Khongsang,106.03,Kolkata Port (Syama Prasad Mookerjee Port) incl. Haldia Dock Complex,617.44,ICD Amingaon,336.22,Moreh ICP,13.63,Lokpriya Gopinath Bordoloi International Airport (GAU),338.28,MMLP Silchar,163.47,Lakhipur Terminal,141.56,FCI Depot Imphal,79.09,CACHAR Toll Plaza,171.34
Unnamed Village,TENGNOUPAL,667.0,10123996327,village,46,4.12,Belghoria Expressway,606.61,JIRIBAM,132.58,Khongsang,107.09,Kolkata Port (Syama Prasad Mookerjee Port) incl. Haldia Dock Complex,616.8,ICD Amingaon,337.18,Moreh ICP,15.23,Lokpriya Gopinath Bordoloi International Airport (GAU),339.19,MMLP Silchar,164.07,Lakhipur Terminal,142.23,FCI Depot Imphal,80.57,CACHAR Toll Plaza,172.04
Unnamed Hamlet,CHANDEL,280.0,10123996335,village,46,5.65,Belghoria Expressway,604.04,JIRIBAM,132.5,Khongsang,107.75,Kolkata Port (Syama Prasad Mookerjee Port) incl. Haldia Dock Complex,614.21,ICD Amingaon,337.57,Moreh ICP,18.55,Lokpriya Gopinath Bordoloi International Airport (GAU),339.46,MMLP Silchar,163.67,Lakhipur Terminal,141.95,FCI Depot Imphal,82.43,CACHAR Toll Plaza,171.82
Nabin,CHANDEL,280.0,10123996343,village,46,4.06,Belghoria Expressway,605.7,JIRIBAM,133.6,Khongsang,108.55,Kolkata Port (Syama Prasad Mookerjee Port) incl. Haldia Dock Complex,615.87,ICD Amingaon,338.5,Moreh ICP,17.52,Lokpriya Gopinath Bordoloi International Airport (GAU),340.44,MMLP Silchar,164.89,Lakhipur Terminal,143.13,FCI Depot Imphal,82.63,CACHAR Toll Plaza,172.97
Gamphajol,CHANDEL,280.0,10123996362,village,46,2.72,Belghoria Expressway,603.11,JIRIBAM,136.08,Khongsang,112.18,Kolkata Port (Syama Prasad Mookerjee Port) incl. Haldia Dock Complex,613.2,ICD Amingaon,341.63,Moreh ICP,23.51,Lokpriya Gopinath Bordoloi International Airport (GAU),343.39,MMLP Silchar,166.8,Lakhipur Terminal,145.27,FCI Depot Imphal,87.81,CACHAR Toll Plaza,175.2
Joldam,CHANDEL,280.0,10123996375,village,46,1.12,Belghoria Expressway,602.19,JIRIBAM,137.57,Khongsang,114.17,Kolkata Port (Syama Prasad Mookerjee Port) incl. Haldia Dock Complex,612.24,ICD Amingaon,343.37,Moreh ICP,26.28,Lokpriya Gopinath Bordoloi International Airport (GAU),345.04,MMLP Silchar,168.02,Lakhipur Terminal,146.61,FCI Depot Imphal,90.41,CACHAR Toll Plaza,176.56
Unnamed Village,CHANDEL,280.0,10123996378,village,46,12.6,Belghoria Expressway,595.68,JIRIBAM,126.07,Khongsang,102.77,Kolkata Port (Syama Prasad Mookerjee Port) incl. Haldia Dock Complex,605.86,ICD Amingaon,331.84,Moreh ICP,24.07,Lokpriya Gopinath Bordoloi International Airport (GAU),333.5,MMLP Silchar,156.69,Lakhipur Terminal,135.19,FCI Depot Imphal,80.6,CACHAR Toll Plaza,165.12
Unnamed Village,CHANDEL,280.0,10123996391,village,46,18.32,Belghoria Expressway,590.64,JIRIBAM,120.39,Khongsang,97.78,Kolkata Port (Syama Prasad Mookerjee Port) incl. Haldia Dock Complex,600.87,ICD Amingaon,326.4,Moreh ICP,27.2,Lokpriya Gopinath Bordoloi International Airport (GAU),327.97,MMLP Silchar,150.83,Lakhipur Terminal,129.4,FCI Depot Imphal,77.52,CACHAR Toll Plaza,159.35
Unnamed Village,CHANDEL,280.0,10123996392,village,46,19.82,Belghoria Expressway,590.52,JIRIBAM,118.84,Khongsang,96.0,Kolkata Port (Syama Prasad Mookerjee Port) incl. Haldia Dock Complex,600.78,ICD Amingaon,324.74,Moreh ICP,26.73,Lokpriya Gopinath Bordoloi International Airport (GAU),326.35,MMLP Silchar,149.41,Lakhipur Terminal,127.92,FCI Depot Imphal,75.66,CACHAR Toll Plaza,157.86
Unnamed Village,CHANDEL,280.0,10123996393,village,46,18.66,Belghoria Expressway,592.9,JIRIBAM,119.68,Khongsang,96.21,Kolkata Port (Syama Prasad Mookerjee Port) incl. Haldia Dock Complex,603.17,ICD Amingaon,325.32,Moreh ICP,24.23,Lokpriya Gopinath Bordoloi International Airport (GAU),327.02,MMLP Silchar,150.52,Lakhipur Terminal,128.92,FCI Depot Imphal,74.72,CACHAR Toll Plaza,158.83
Unnamed Village,CHANDEL,280.0,10127535455,village,46,7.87,Belghoria Expressway,595.82,JIRIBAM,131.09,Khongsang,108.55,Kolkata Port (Syama Prasad Mookerjee Port) incl. Haldia Dock Complex,605.92,ICD Amingaon,337.2,Moreh ICP,27.79,Lokpriya Gopinath Bordoloi International Airport (GAU),338.74,MMLP Silchar,161.26,Lakhipur Terminal,139.96,FCI Depot Imphal,86.87,CACHAR Toll Plaza,169.93
TS Laijang,CHANDEL,280.0,10130973464,village,46,2.73,Belghoria Expressway,605.62,JIRIBAM,135.96,Khongsang,111.33,Kolkata Port (Syama Prasad Mookerjee Port) incl. Haldia Dock Complex,615.75,ICD Amingaon,341.12,Moreh ICP,20.24,Lokpriya Gopinath Bordoloi International Airport (GAU),342.99,MMLP Silchar,167.03,Lakhipur Terminal,145.36,FCI Depot Imphal,85.81,CACHAR Toll Plaza,175.24
Wanglee,KAMJANG,670.0,10139136596,village,102A,8.59,Belghoria Expressway,634.87,JIRIBAM,131.47,Khongsang,98.0,Kolkata Port (Syama Prasad Mookerjee Port) incl. Haldia Dock Complex,645.54,ICD Amingaon,324.57,Moreh ICP,30.71,Lokpriya Gopinath Bordoloi International Airport (GAU),328.18,MMLP Silchar,165.74,Lakhipur Terminal,143.17,FCI Depot Imphal,57.24,CACHAR Toll Plaza,170.79
Namlee,KAMJANG,670.0,10139136597,village,102A,10.84,Belghoria Expressway,635.83,JIRIBAM,133.36,Khongsang,100.04,Kolkata Port (Syama Prasad Mookerjee Port) incl. Haldia Dock Complex,646.47,ICD Amingaon,326.79,Moreh ICP,29.74,Lokpriya Gopinath Bordoloi International Airport (GAU),330.38,MMLP Silchar,167.6,Lakhipur Terminal,145.03,FCI Depot Imphal,59.46,CACHAR Toll Plaza,172.74
Bungpun,KAMJANG,670.0,10139136598,village,102A,6.24,Belghoria Expressway,638.04,JIRIBAM,132.09,Khongsang,98.0,Kolkata Port (Syama Prasad Mookerjee Port) incl. Haldia Dock Complex,648.76,ICD Amingaon,323.21,Moreh ICP,36.02,Lokpriya Gopinath Bordoloi International Airport (GAU),327.01,MMLP Silchar,166.46,Lakhipur Terminal,143.94,FCI Depot Imphal,56.07,CACHAR Toll Plaza,171.16
Unnamed Village,UKHRUL,279.0,10864806304,village,202,13.17,Belghoria Expressway,686.57,RANGAPAHAR,100.11,Khongsang,126.1,Kolkata Port (Syama Prasad Mookerjee Port) incl. Haldia Dock Complex,698.13,ICD Amingaon,298.97,Moreh ICP,128.59,Lokpriya Gopinath Bordoloi International Airport (GAU),305.94,MMLP Silchar,190.38,Neamati Terminal,157.01,FCI Depot Imphal,91.65,GOLAGHAT Toll Plaza,135.48
Tusom Khullen,UKHRUL,279.0,10864806334,village,202,12.22,Belghoria Expressway,685.43,RANGAPAHAR,99.39,Khongsang,124.98,Kolkata Port (Syama Prasad Mookerjee Port) incl. Haldia Dock Complex,697.0,ICD Amingaon,298.08,Moreh ICP,127.95,Lokpriya Gopinath Bordoloi International Airport (GAU),305.02,MMLP Silchar,189.25,Neamati Terminal,157.12,FCI Depot Imphal,90.61,GOLAGHAT Toll Plaza,135.32
Unnamed Hamlet,UKHRUL,279.0,10864806560,village,202,12.21,Belghoria Expressway,685.94,RANGAPAHAR,99.11,Khongsang,125.55,Kolkata Port (Syama Prasad Mookerjee Port) incl. Haldia Dock Complex,697.51,ICD Amingaon,297.99,Moreh ICP,128.83,Lokpriya Gopinath Bordoloi International Airport (GAU),304.96,MMLP Silchar,189.68,Neamati Terminal,156.34,FCI Depot Imphal,91.33,GOLAGHAT Toll Plaza,134.65
Torbung,BISHNUPUR,275.0,10937724231,village,2,0.02,Belghoria Expressway,565.99,JIRIBAM,71.25,Khongsang,49.7,Kolkata Port (Syama Prasad Mookerjee Port) incl. Haldia Dock Complex,576.82,ICD Amingaon,276.89,Moreh ICP,61.27,Lokpriya Gopinath Bordoloi International Airport (GAU),278.5,MMLP Silchar,102.97,Lakhipur Terminal,80.93,FCI Depot Imphal,47.49,CACHAR Toll Plaza,110.69
Kangvai,BISHNUPUR,275.0,10945116814,village,2,0.97,Belghoria Expressway,566.13,JIRIBAM,70.2,Khongsang,48.3,Kolkata Port (Syama Prasad Mookerjee Port) incl. Haldia Dock Complex,576.98,ICD Amingaon,275.69,Moreh ICP,62.02,Lokpriya Gopinath Bordoloi International Airport (GAU),277.33,MMLP Silchar,102.08,Lakhipur Terminal,79.98,FCI Depot Imphal,46.4,CACHAR Toll Plaza,109.7
Motbung,KANGPOKPI,679.0,10948742530,village,2,0.03,Belghoria Expressway,605.89,WADRENGDISA,77.42,Khongsang,44.9,Kolkata Port (Syama Prasad Mookerjee Port) incl. Haldia Dock Complex,617.34,ICD Amingaon,253.99,Moreh ICP,89.92,Lokpriya Gopinath Bordoloi International Airport (GAU),258.32,MMLP Silchar,112.95,Lakhipur Terminal,92.64,FCI Depot Imphal,20.08,DIMA HASAO Toll Plaza,110.13
Sugnu,KAKCHING,651.0,10950091370,village,102C,13.13,Belghoria Expressway,576.53,JIRIBAM,92.4,Khongsang,70.06,Kolkata Port (Syama Prasad Mookerjee Port) incl. Haldia Dock Complex,587.1,ICD Amingaon,298.2,Moreh ICP,42.86,Lokpriya Gopinath Bordoloi International Airport (GAU),299.8,MMLP Silchar,123.5,Lakhipur Terminal,101.75,FCI Depot Imphal,56.89,CACHAR Toll Plaza,131.62
Langching,KAKCHING,651.0,10950091393,village,102C,12.61,Belghoria Expressway,577.06,JIRIBAM,92.29,Khongsang,69.7,Kolkata Port (Syama Prasad Mookerjee Port) incl. Haldia Dock Complex,587.64,ICD Amingaon,297.99,Moreh ICP,42.58,Lokpriya Gopinath Bordoloi International Airport (GAU),299.63,MMLP Silchar,123.5,Lakhipur Terminal,101.7,FCI Depot Imphal,56.19,CACHAR Toll Plaza,131.56
Zenhang Lamka,CHURACHANDPUR,274.0,10959768733,village,2,0.24,Belghoria Expressway,561.84,JIRIBAM,75.6,Khongsang,57.27,Kolkata Port (Syama Prasad Mookerjee Port) incl. Haldia Dock Complex,572.56,ICD Amingaon,282.18,Moreh ICP,60.54,Lokpriya Gopinath Bordoloi International Airport (GAU),283.46,MMLP Silchar,105.91,Lakhipur Terminal,84.41,FCI Depot Imphal,56.14,CACHAR Toll Plaza,114.37
Taphou Kuki,SENAPATI,272.0,10960258725,village,2,0.15,Belghoria Expressway,626.42,RANGAPAHAR,72.77,Khongsang,68.01,Kolkata Port (Syama Prasad Mookerjee Port) incl. Haldia Dock Complex,638.07,ICD Amingaon,250.9,Moreh ICP,111.18,Lokpriya Gopinath Bordoloi International Airport (GAU),256.49,MMLP Silchar,129.7,Lakhipur Terminal,111.76,FCI Depot Imphal,46.92,DIMA HASAO Toll Plaza,101.21
Taphou,SENAPATI,272.0,10960258726,village,2,0.11,Belghoria Expressway,627.17,RANGAPAHAR,71.96,Khongsang,68.95,Kolkata Port (Syama Prasad Mookerjee Port) incl. Haldia Dock Complex,638.83,ICD Amingaon,250.78,Moreh ICP,112.09,Lokpriya Gopinath Bordoloi International Airport (GAU),256.42,MMLP Silchar,130.38,Lakhipur Terminal,112.53,FCI Depot Imphal,48.0,DIMA HASAO Toll Plaza,100.95
Awang Sekmai,IMPHAL WEST,277.0,10960258727,village,2,0.11,Belghoria Expressway,601.48,JIRIBAM,76.78,Khongsang,40.79,Kolkata Port (Syama Prasad Mookerjee Port) incl. Haldia Dock Complex,612.87,ICD Amingaon,255.4,Moreh ICP,85.45,Lokpriya Gopinath Bordoloi International Airport (GAU),259.44,MMLP Silchar,110.04,Lakhipur Terminal,89.2,FCI Depot Imphal,14.65,CACHAR Toll Plaza,111.6
Aigejang,KANGPOKPI,679.0,10994466804,village,202,8.03,Belghoria Expressway,619.9,WADRENGDISA,94.04,Khongsang,59.67,Kolkata Port (Syama Prasad Mookerjee Port) incl. Haldia Dock Complex,631.24,ICD Amingaon,269.9,Moreh ICP,80.95,Lokpriya Gopinath Bordoloi International Airport (GAU),274.46,MMLP Silchar,128.99,Lakhipur Terminal,108.17,FCI Depot Imphal,21.41,DIMA HASAO Toll Plaza,124.16
Khamenlok,KANGPOKPI,679.0,10994536505,village,202,8.3,Belghoria Expressway,619.64,WADRENGDISA,93.7,Khongsang,59.38,Kolkata Port (Syama Prasad Mookerjee Port) incl. Haldia Dock Complex,630.98,ICD Amingaon,269.57,Moreh ICP,81.14,Lokpriya Gopinath Bordoloi International Airport (GAU),274.13,MMLP Silchar,128.67,Lakhipur Terminal,107.87,FCI Depot Imphal,21.29,DIMA HASAO Toll Plaza,123.85
Khopibung,KANGPOKPI,679.0,10994536506,village,202,8.1,Belghoria Expressway,619.06,WADRENGDISA,93.55,Khongsang,58.86,Kolkata Port (Syama Prasad Mookerjee Port) incl. Haldia Dock Complex,630.4,ICD Amingaon,269.53,Moreh ICP,80.68,Lokpriya Gopinath Bordoloi International Airport (GAU),274.06,MMLP Silchar,128.23,Lakhipur Terminal,107.38,FCI Depot Imphal,20.58,DIMA HASAO Toll Plaza,123.97
Chullouphai,KANGPOKPI,679.0,10994536550,village,202,8.45,Belghoria Expressway,619.86,WADRENGDISA,93.72,Khongsang,59.56,Kolkata Port (Syama Prasad Mookerjee Port) incl. Haldia Dock Complex,631.21,ICD Amingaon,269.53,Moreh ICP,81.37,Lokpriya Gopinath Bordoloi International Airport (GAU),274.11,MMLP Silchar,128.83,Lakhipur Terminal,108.04,FCI Depot Imphal,21.59,DIMA HASAO Toll Plaza,123.75
Vaipheimual,PHERZAWL,718.0,10996224893,village,2,0.02,Belghoria Expressway,520.18,JIRIBAM,62.44,Khongsang,66.75,Kolkata Port (Syama Prasad Mookerjee Port) incl. Haldia Dock Complex,530.94,ICD Amingaon,264.04,Moreh ICP,100.06,Lokpriya Gopinath Bordoloi International Airport (GAU),263.64,MMLP Silchar,82.01,Lakhipur Terminal,65.41,FCI Depot Silchar,82.01,CACHAR Toll Plaza,93.17
Lhanjang,CHURACHANDPUR,274.0,10997475996,village,2,1.18,Belghoria Expressway,551.77,JIRIBAM,66.95,Khongsang,53.17,Kolkata Port (Syama Prasad Mookerjee Port) incl. Haldia Dock Complex,562.55,ICD Amingaon,273.86,Moreh ICP,71.51,Lokpriya Gopinath Bordoloi International Airport (GAU),274.83,MMLP Silchar,96.05,Lakhipur Terminal,75.0,FCI Depot Imphal,60.64,CACHAR Toll Plaza,104.96
K. Munpi,CHURACHANDPUR,274.0,10998421979,village,2,12.46,Belghoria Expressway,555.83,JIRIBAM,57.9,Khongsang,40.19,Kolkata Port (Syama Prasad Mookerjee Port) incl. Haldia Dock Complex,566.79,ICD Amingaon,264.15,Moreh ICP,74.93,Lokpriya Gopinath Bordoloi International Airport (GAU),265.54,MMLP Silchar,89.29,Lakhipur Terminal,67.32,FCI Depot Imphal,50.45,CACHAR Toll Plaza,97.14
Tuilaphai,CHURACHANDPUR,274.0,10999501603,village,2,0.08,Belghoria Expressway,550.88,JIRIBAM,67.9,Khongsang,54.74,Kolkata Port (Syama Prasad Mookerjee Port) incl. Haldia Dock Complex,561.64,ICD Amingaon,274.81,Moreh ICP,71.66,Lokpriya Gopinath Bordoloi International Airport (GAU),275.72,MMLP Silchar,96.65,Lakhipur Terminal,75.75,FCI Depot Imphal,62.24,CACHAR Toll Plaza,105.69
T. Gangpijang,CHURACHANDPUR,274.0,10999501604,village,2,0.34,Belghoria Expressway,551.17,JIRIBAM,67.23,Khongsang,53.84,Kolkata Port (Syama Prasad Mookerjee Port) incl. Haldia Dock Complex,561.94,ICD Amingaon,274.15,Moreh ICP,71.77,Lokpriya Gopinath Bordoloi International Airport (GAU),275.09,MMLP Silchar,96.15,Lakhipur Terminal,75.18,FCI Depot Imphal,61.48,CACHAR Toll Plaza,105.13
Monglham,CHURACHANDPUR,274.0,10999578205,village,2,5.67,Belghoria Expressway,554.82,JIRIBAM,64.58,Khongsang,48.64,Kolkata Port (Syama Prasad Mookerjee Port) incl. Haldia Dock Complex,565.66,ICD Amingaon,271.31,Moreh ICP,70.92,Lokpriya Gopinath Bordoloi International Airport (GAU),272.49,MMLP Silchar,94.76,Lakhipur Terminal,73.27,FCI Depot Imphal,55.67,CACHAR Toll Plaza,103.22
L. Khongbung,CHURACHANDPUR,274.0,10999578206,village,2,5.77,Belghoria Expressway,554.48,JIRIBAM,64.25,Khongsang,48.48,Kolkata Port (Syama Prasad Mookerjee Port) incl. Haldia Dock Complex,565.32,ICD Amingaon,271.0,Moreh ICP,71.31,Lokpriya Gopinath Bordoloi International Airport (GAU),272.17,MMLP Silchar,94.4,Lakhipur Terminal,72.91,FCI Depot Imphal,55.85,CACHAR Toll Plaza,102.87
Hengjang,CHURACHANDPUR,274.0,10999578207,village,2,3.42,Belghoria Expressway,560.54,JIRIBAM,69.33,Khongsang,50.63,Kolkata Port (Syama Prasad Mookerjee Port) incl. Haldia Dock Complex,571.35,ICD Amingaon,275.71,Moreh ICP,64.95,Lokpriya Gopinath Bordoloi International Airport (GAU),277.08,MMLP Silchar,100.17,Lakhipur Terminal,78.45,FCI Depot Imphal,52.48,CACHAR Toll Plaza,108.35
Gangpichai,CHURACHANDPUR,274.0,10999578208,village,2,2.41,Belghoria Expressway,561.67,JIRIBAM,69.94,Khongsang,50.68,Kolkata Port (Syama Prasad Mookerjee Port) incl. Haldia Dock Complex,572.48,ICD Amingaon,276.21,Moreh ICP,64.01,Lokpriya Gopinath Bordoloi International Airport (GAU),277.62,MMLP Silchar,100.95,Lakhipur Terminal,79.16,FCI Depot Imphal,51.63,CACHAR Toll Plaza,109.05
V. Sinai,CHURACHANDPUR,274.0,10999578209,village,2,2.83,Belghoria Expressway,561.49,JIRIBAM,69.43,Khongsang,50.18,Kolkata Port (Syama Prasad Mookerjee Port) incl. Haldia Dock Complex,572.31,ICD Amingaon,275.69,Moreh ICP,64.42,Lokpriya Gopinath Bordoloi International Airport (GAU),277.1,MMLP Silchar,100.47,Lakhipur Terminal,78.67,FCI Depot Imphal,51.43,CACHAR Toll Plaza,108.55
Vungbuk,CHURACHANDPUR,274.0,10999578210,village,2,1.99,Belghoria Expressway,549.85,JIRIBAM,69.0,Khongsang,56.52,Kolkata Port (Syama Prasad Mookerjee Port) incl. Haldia Dock Complex,560.59,ICD Amingaon,275.9,Moreh ICP,71.9,Lokpriya Gopinath Bordoloi International Airport (GAU),276.73,MMLP Silchar,97.34,Lakhipur Terminal,76.63,FCI Depot Imphal,64.07,CACHAR Toll Plaza,106.54
Boljang,CHURACHANDPUR,274.0,10999578211,village,2,2.78,Belghoria Expressway,549.66,JIRIBAM,69.74,Khongsang,57.43,Kolkata Port (Syama Prasad Mookerjee Port) incl. Haldia Dock Complex,560.38,ICD Amingaon,276.62,Moreh ICP,71.72,Lokpriya Gopinath Bordoloi International Airport (GAU),277.44,MMLP Silchar,97.94,Lakhipur Terminal,77.29,FCI Depot Imphal,64.77,CACHAR Toll Plaza,107.19
Bethel,IMPHAL WEST,277.0,11015343884,village,2,6.46,Belghoria Expressway,593.54,JIRIBAM,69.78,Khongsang,33.51,Kolkata Port (Syama Prasad Mookerjee Port) incl. Haldia Dock Complex,604.9,ICD Amingaon,253.55,Moreh ICP,83.65,Lokpriya Gopinath Bordoloi International Airport (GAU),257.22,MMLP Silchar,103.5,Lakhipur Terminal,82.22,FCI Depot Imphal,13.78,CACHAR Toll Plaza,105.73
Khoijumantabi,BISHNUPUR,275.0,11022224926,village,2,13.1,Belghoria Expressway,575.19,JIRIBAM,85.63,Khongsang,62.48,Kolkata Port (Syama Prasad Mookerjee Port) incl. Haldia Dock Complex,585.87,ICD Amingaon,290.99,Moreh ICP,47.46,Lokpriya Gopinath Bordoloi International Airport (GAU),292.71,MMLP Silchar,117.27,Lakhipur Terminal,95.3,FCI Depot Imphal,50.72,CACHAR Toll Plaza,125.07
Langza,BISHNUPUR,275.0,11022360877,village,2,11.19,Belghoria Expressway,573.47,JIRIBAM,83.9,Khongsang,61.2,Kolkata Port (Syama Prasad Mookerjee Port) incl. Haldia Dock Complex,584.16,ICD Amingaon,289.42,Moreh ICP,49.37,Lokpriya Gopinath Bordoloi International Airport (GAU),291.09,MMLP Silchar,115.45,Lakhipur Terminal,93.5,FCI Depot Imphal,50.83,CACHAR Toll Plaza,123.3
Sagang,BISHNUPUR,275.0,11022372293,village,2,11.78,Belghoria Expressway,575.01,JIRIBAM,83.09,Khongsang,59.45,Kolkata Port (Syama Prasad Mookerjee Port) incl. Haldia Dock Complex,585.73,ICD Amingaon,288.19,Moreh ICP,49.29,Lokpriya Gopinath Bordoloi International Airport (GAU),289.96,MMLP Silchar,115.0,Lakhipur Terminal,92.93,FCI Depot Imphal,48.11,CACHAR Toll Plaza,122.63
Khopuibung,CHURACHANDPUR,274.0,11034596555,village,102B,4.55,Belghoria Expressway,564.23,JIRIBAM,80.14,Khongsang,61.32,Kolkata Port (Syama Prasad Mookerjee Port) incl. Haldia Dock Complex,574.9,ICD Amingaon,286.7,Moreh ICP,56.71,Lokpriya Gopinath Bordoloi International Airport (GAU),287.99,MMLP Silchar,110.38,Lakhipur Terminal,88.93,FCI Depot Imphal,57.56,CACHAR Toll Plaza,118.88
Leimakhong,KANGPOKPI,679.0,11037619860,village,2,4.03,Belghoria Expressway,597.69,JIRIBAM,72.71,Khongsang,36.84,Kolkata Port (Syama Prasad Mookerjee Port) incl. Haldia Dock Complex,609.1,ICD Amingaon,251.76,Moreh ICP,87.73,Lokpriya Gopinath Bordoloi International Airport (GAU),255.72,MMLP Silchar,105.88,Lakhipur Terminal,85.12,FCI Depot Imphal,16.79,CACHAR Toll Plaza,107.4
Leimaram,BISHNUPUR,275.0,11037674994,village,2,2.99,Belghoria Expressway,582.96,JIRIBAM,66.01,Khongsang,32.07,Kolkata Port (Syama Prasad Mookerjee Port) incl. Haldia Dock Complex,594.13,ICD Amingaon,261.51,Moreh ICP,71.81,Lokpriya Gopinath Bordoloi International Airport (GAU),264.38,MMLP Silchar,100.45,Lakhipur Terminal,78.07,FCI Depot Imphal,18.78,CACHAR Toll Plaza,104.89
B. Phainom,THOUBAL,276.0,11055046789,village,102A,9.01,Belghoria Expressway,611.2,JIRIBAM,98.64,Khongsang,64.17,Kolkata Port (Syama Prasad Mookerjee Port) incl. Haldia Dock Complex,622.17,ICD Amingaon,290.6,Moreh ICP,48.59,Lokpriya Gopinath Bordoloi International Airport (GAU),294.08,MMLP Silchar,133.08,Lakhipur Terminal,110.66,FCI Depot Imphal,23.59,CACHAR Toll Plaza,137.45
Phowaibi,THOUBAL,276.0,11057267736,village,102A,8.89,Belghoria Expressway,611.47,JIRIBAM,98.84,Khongsang,64.35,Kolkata Port (Syama Prasad Mookerjee Port) incl. Haldia Dock Complex,622.44,ICD Amingaon,290.7,Moreh ICP,48.64,Lokpriya Gopinath Bordoloi International Airport (GAU),294.19,MMLP Silchar,133.29,Lakhipur Terminal,110.87,FCI Depot Imphal,23.65,CACHAR Toll Plaza,137.64
Komla Ching,THOUBAL,276.0,11057267738,village,102A,9.92,Belghoria Expressway,611.25,JIRIBAM,97.87,Khongsang,63.2,Kolkata Port (Syama Prasad Mookerjee Port) incl. Haldia Dock Complex,622.25,ICD Amingaon,289.22,Moreh ICP,50.31,Lokpriya Gopinath Bordoloi International Airport (GAU),292.74,MMLP Silchar,132.33,Lakhipur Terminal,109.94,FCI Depot Imphal,22.08,CACHAR Toll Plaza,136.56
Mayaikeithel,THOUBAL,276.0,11057267739,village,102A,8.6,Belghoria Expressway,612.54,JIRIBAM,99.16,Khongsang,64.44,Kolkata Port (Syama Prasad Mookerjee Port) incl. Haldia Dock Complex,623.53,ICD Amingaon,290.23,Moreh ICP,49.93,Lokpriya Gopinath Bordoloi International Airport (GAU),293.78,MMLP Silchar,133.62,Lakhipur Terminal,111.24,FCI Depot Imphal,22.99,CACHAR Toll Plaza,137.82
Songdo,CHURACHANDPUR,274.0,11063971496,village,2,1.95,Belghoria Expressway,565.93,JIRIBAM,69.22,Khongsang,47.21,Kolkata Port (Syama Prasad Mookerjee Port) incl. Haldia Dock Complex,576.79,ICD Amingaon,274.64,Moreh ICP,62.85,Lokpriya Gopinath Bordoloi International Airport (GAU),276.3,MMLP Silchar,101.19,Lakhipur Terminal,79.06,FCI Depot Imphal,45.84,CACHAR Toll Plaza,108.75
Yangnomphai,CHURACHANDPUR,274.0,11064118287,village,2,1.55,Belghoria Expressway,564.77,JIRIBAM,74.46,Khongsang,54.31,Kolkata Port (Syama Prasad Mookerjee Port) incl. Haldia Dock Complex,575.53,ICD Amingaon,280.62,Moreh ICP,59.58,Lokpriya Gopinath Bordoloi International Airport (GAU),282.07,MMLP Silchar,105.52,Lakhipur Terminal,83.73,FCI Depot Imphal,51.78,CACHAR Toll Plaza,113.61
Boljol,CHURACHANDPUR,274.0,11064118288,village,2,0.1,Belghoria Expressway,563.55,JIRIBAM,72.2,Khongsang,52.29,Kolkata Port (Syama Prasad Mookerjee Port) incl. Haldia Dock Complex,574.34,ICD Amingaon,278.36,Moreh ICP,61.63,Lokpriya Gopinath Bordoloi International Airport (GAU),279.82,MMLP Silchar,103.31,Lakhipur Terminal,81.49,FCI Depot Imphal,51.26,CACHAR Toll Plaza,111.37
Bangla,CHURACHANDPUR,274.0,11064126781,village,2,0.08,Belghoria Expressway,565.26,JIRIBAM,71.77,Khongsang,50.77,Kolkata Port (Syama Prasad Mookerjee Port) incl. Haldia Dock Complex,576.08,ICD Amingaon,277.61,Moreh ICP,61.17,Lokpriya Gopinath Bordoloi International Airport (GAU),279.16,MMLP Silchar,103.28,Lakhipur Terminal,81.32,FCI Depot Imphal,48.83,CACHAR Toll Plaza,111.12
New Lamka,CHURACHANDPUR,274.0,11067522187,village,102B,0.41,Belghoria Expressway,560.8,JIRIBAM,76.38,Khongsang,58.73,Kolkata Port (Syama Prasad Mookerjee Port) incl. Haldia Dock Complex,571.5,ICD Amingaon,283.07,Moreh ICP,60.8,Lokpriya Gopinath Bordoloi International Airport (GAU),284.28,MMLP Silchar,106.36,Lakhipur Terminal,85.0,FCI Depot Imphal,57.97,CACHAR Toll Plaza,114.97
Rengkai,CHURACHANDPUR,274.0,11069941209,village,102B,0.66,Belghoria Expressway,561.84,JIRIBAM,76.13,Khongsang,57.88,Kolkata Port (Syama Prasad Mookerjee Port) incl. Haldia Dock Complex,572.55,ICD Amingaon,282.73,Moreh ICP,60.26,Lokpriya Gopinath Bordoloi International Airport (GAU),284.0,MMLP Silchar,106.37,Lakhipur Terminal,84.9,FCI Depot Imphal,56.6,CACHAR Toll Plaza,114.86
Gelzang,CHURACHANDPUR,274.0,11069949488,village,102B,0.2,Belghoria Expressway,555.0,JIRIBAM,79.34,Khongsang,65.05,Kolkata Port (Syama Prasad Mookerjee Port) incl. Haldia Dock Complex,565.61,ICD Amingaon,286.25,Moreh ICP,63.89,Lokpriya Gopinath Bordoloi International Airport (GAU),287.12,MMLP Silchar,107.65,Lakhipur Terminal,87.02,FCI Depot Imphal,66.57,CACHAR Toll Plaza,116.92
Zoumun,CHURACHANDPUR,274.0,11069949489,village,102B,0.7,Belghoria Expressway,555.45,JIRIBAM,79.78,Khongsang,65.32,Kolkata Port (Syama Prasad Mookerjee Port) incl. Haldia Dock Complex,566.05,ICD Amingaon,286.7,Moreh ICP,63.38,Lokpriya Gopinath Bordoloi International Airport (GAU),287.57,MMLP Silchar,108.14,Lakhipur Terminal,87.49,FCI Depot Imphal,66.49,CACHAR Toll Plaza,117.39
Hiangtam Lamka,CHURACHANDPUR,274.0,11082012094,village,2,0.07,Belghoria Expressway,561.27,JIRIBAM,75.29,Khongsang,57.21,Kolkata Port (Syama Prasad Mookerjee Port) incl. Haldia Dock Complex,571.99,ICD Amingaon,281.91,Moreh ICP,61.06,Lokpriya Gopinath Bordoloi International Airport (GAU),283.16,MMLP Silchar,105.51,Lakhipur Terminal,84.05,FCI Depot Imphal,56.51,CACHAR Toll Plaza,114.01
Teiyang,CHURACHANDPUR,274.0,11085995108,village,2,5.71,Belghoria Expressway,561.88,JIRIBAM,65.56,Khongsang,45.25,Kolkata Port (Syama Prasad Mookerjee Port) incl. Haldia Dock Complex,572.77,ICD Amingaon,271.42,Moreh ICP,66.99,Lokpriya Gopinath Bordoloi International Airport (GAU),272.95,MMLP Silchar,97.2,Lakhipur Terminal,75.17,FCI Depot Imphal,48.02,CACHAR Toll Plaza,104.94
Kwakta,BISHNUPUR,275.0,11087066696,village,2,0.25,Belghoria Expressway,568.9,JIRIBAM,71.45,Khongsang,48.22,Kolkata Port (Syama Prasad Mookerjee Port) incl. Haldia Dock Complex,579.75,ICD Amingaon,276.46,Moreh ICP,60.24,Lokpriya Gopinath Bordoloi International Airport (GAU),278.22,MMLP Silchar,103.69,Lakhipur Terminal,81.49,FCI Depot Imphal,44.0,CACHAR Toll Plaza,111.09
Phougakchao Ikhai,BISHNUPUR,275.0,11087066697,village,2,0.13,Belghoria Expressway,566.78,JIRIBAM,71.29,Khongsang,49.28,Kolkata Port (Syama Prasad Mookerjee Port) incl. Haldia Dock Complex,577.61,ICD Amingaon,276.78,Moreh ICP,60.97,Lokpriya Gopinath Bordoloi International Airport (GAU),278.43,MMLP Silchar,103.16,Lakhipur Terminal,81.07,FCI Depot Imphal,46.55,CACHAR Toll Plaza,110.79
Zolzam,CHURACHANDPUR,274.0,11087106241,village,2,0.68,Belghoria Expressway,563.44,JIRIBAM,71.36,Khongsang,51.34,Kolkata Port (Syama Prasad Mookerjee Port) incl. Haldia Dock Complex,574.24,ICD Amingaon,277.47,Moreh ICP,62.24,Lokpriya Gopinath Bordoloi International Airport (GAU),278.94,MMLP Silchar,102.55,Lakhipur Terminal,80.7,FCI Depot Imphal,50.68,CACHAR Toll Plaza,110.56
Leisang,CHURACHANDPUR,274.0,11094588103,village,2,0.03,Belghoria Expressway,564.47,JIRIBAM,71.97,Khongsang,51.47,Kolkata Port (Syama Prasad Mookerjee Port) incl. Haldia Dock Complex,575.28,ICD Amingaon,277.97,Moreh ICP,61.36,Lokpriya Gopinath Bordoloi International Airport (GAU),279.47,MMLP Silchar,103.29,Lakhipur Terminal,81.4,FCI Depot Imphal,49.96,CACHAR Toll Plaza,111.24
Ngathal,CHURACHANDPUR,274.0,11116454443,village,102B,0.18,Belghoria Expressway,560.25,JIRIBAM,76.51,Khongsang,59.17,Kolkata Port (Syama Prasad Mookerjee Port) incl. Haldia Dock Complex,570.94,ICD Amingaon,283.25,Moreh ICP,61.1,Lokpriya Gopinath Bordoloi International Airport (GAU),284.43,MMLP Silchar,106.35,Lakhipur Terminal,85.05,FCI Depot Imphal,58.69,CACHAR Toll Plaza,115.02
Pinjang Gangluan Part IV,NONEY,659.0,11163228108,village,2,13.03,Belghoria Expressway,566.31,JIRIBAM,53.06,Khongsang,25.02,Kolkata Port (Syama Prasad Mookerjee Port) incl. Haldia Dock Complex,577.46,ICD Amingaon,254.71,Moreh ICP,79.02,Lokpriya Gopinath Bordoloi International Airport (GAU),256.87,MMLP Silchar,87.08,Lakhipur Terminal,64.5,FCI Depot Imphal,35.36,CACHAR Toll Plaza,92.81
Unnamed Hamlet,CHURACHANDPUR,274.0,11163228458,village,2,0.15,Belghoria Expressway,551.17,JIRIBAM,67.73,Khongsang,54.39,Kolkata Port (Syama Prasad Mookerjee Port) incl. Haldia Dock Complex,561.93,ICD Amingaon,274.65,Moreh ICP,71.53,Lokpriya Gopinath Bordoloi International Airport (GAU),275.58,MMLP Silchar,96.58,Lakhipur Terminal,75.64,FCI Depot Imphal,61.81,CACHAR Toll Plaza,105.59
Teikot,CHURACHANDPUR,274.0,11164800543,village,102B,4.36,Belghoria Expressway,548.58,JIRIBAM,89.11,Khongsang,78.52,Kolkata Port (Syama Prasad Mookerjee Port) incl. Haldia Dock Complex,559.0,ICD Amingaon,295.39,Moreh ICP,67.83,Lokpriya Gopinath Bordoloi International Airport (GAU),295.77,MMLP Silchar,114.81,Lakhipur Terminal,95.45,FCI Depot Imphal,80.77,CACHAR Toll Plaza,124.92
Saipum,CHURACHANDPUR,274.0,11164800544,village,102B,1.09,Belghoria Expressway,558.98,JIRIBAM,78.5,Khongsang,62.1,Kolkata Port (Syama Prasad Mookerjee Port) incl. Haldia Dock Complex,569.63,ICD Amingaon,285.35,Moreh ICP,61.11,Lokpriya Gopinath Bordoloi International Airport (GAU),286.42,MMLP Silchar,107.81,Lakhipur Terminal,86.74,FCI Depot Imphal,61.76,CACHAR Toll Plaza,116.7
Patpuihmun,PHERZAWL,718.0,11168089926,village,2,7.33,Belghoria Expressway,502.78,JIRIBAM,48.67,Khongsang,66.78,Kolkata Port (Syama Prasad Mookerjee Port) incl. Haldia Dock Complex,513.81,ICD Amingaon,241.41,Sutarkandi ICP,75.13,Lokpriya Gopinath Bordoloi International Airport (GAU),240.48,MMLP Silchar,59.67,Lakhipur Terminal,47.22,FCI Depot Silchar,59.67,CACHAR Toll Plaza,71.61
Leijangphai,PHERZAWL,718.0,11171654220,village,2,0.04,Belghoria Expressway,527.76,JIRIBAM,51.98,Khongsang,53.75,Kolkata Port (Syama Prasad Mookerjee Port) incl. Haldia Dock Complex,538.67,ICD Amingaon,256.53,Moreh ICP,96.96,Lokpriya Gopinath Bordoloi International Airport (GAU),256.65,MMLP Silchar,75.42,Lakhipur Terminal,56.7,FCI Depot Silchar,75.42,CACHAR Toll Plaza,85.74
Hiangmual,CHURACHANDPUR,274.0,11171654223,village,102B,8.15,Belghoria Expressway,545.98,JIRIBAM,74.03,Khongsang,63.94,Kolkata Port (Syama Prasad Mookerjee Port) incl. Haldia Dock Complex,556.62,ICD Amingaon,280.6,Moreh ICP,73.12,Lokpriya Gopinath Bordoloi International Airport (GAU),281.15,MMLP Silchar,100.73,Lakhipur Terminal,80.79,FCI Depot Imphal,71.47,CACHAR Toll Plaza,110.48
Sainouzang,PHERZAWL,718.0,11172132920,village,2,0.03,Belghoria Expressway,528.87,JIRIBAM,55.02,Khongsang,55.57,Kolkata Port (Syama Prasad Mookerjee Port) incl. Haldia Dock Complex,539.74,ICD Amingaon,259.69,Moreh ICP,94.69,Lokpriya Gopinath Bordoloi International Airport (GAU),259.81,MMLP Silchar,78.55,Lakhipur Terminal,59.85,FCI Depot Imphal,77.63,CACHAR Toll Plaza,88.9
Senvon,PHERZAWL,718.0,11172427891,village,2,3.67,Belghoria Expressway,492.84,Bhairabi,50.72,Khongsang,87.19,Kolkata Port (Syama Prasad Mookerjee Port) incl. Haldia Dock Complex,503.56,ICD Amingaon,259.39,Sutarkandi ICP,87.75,Lokpriya Gopinath Bordoloi International Airport (GAU),257.73,MMLP Silchar,79.65,Lakhipur Terminal,69.79,FCI Depot Silchar,79.65,CACHAR Toll Plaza,92.01
Khuangjang,PHERZAWL,718.0,11172427901,village,2,3.28,Belghoria Expressway,521.43,JIRIBAM,50.71,Khongsang,56.8,Kolkata Port (Syama Prasad Mookerjee Port) incl. Haldia Dock Complex,532.36,ICD Amingaon,253.34,Sutarkandi ICP,92.69,Lokpriya Gopinath Bordoloi International Airport (GAU),253.19,MMLP Silchar,71.62,Lakhipur Terminal,54.08,FCI Depot Silchar,71.62,CACHAR Toll Plaza,82.4
Mongon,PHERZAWL,718.0,11172744276,village,2,5.33,Belghoria Expressway,527.84,JIRIBAM,60.25,Khongsang,60.66,Kolkata Port (Syama Prasad Mookerjee Port) incl. Haldia Dock Complex,538.63,ICD Amingaon,264.36,Moreh ICP,93.59,Lokpriya Gopinath Bordoloi International Airport (GAU),264.34,MMLP Silchar,82.87,Lakhipur Terminal,64.7,FCI Depot Imphal,80.8,CACHAR Toll Plaza,93.47
Pamzal,PHERZAWL,718.0,11172744287,village,2,2.3,Belghoria Expressway,529.65,JIRIBAM,57.76,Khongsang,57.43,Kolkata Port (Syama Prasad Mookerjee Port) incl. Haldia Dock Complex,540.48,ICD Amingaon,262.47,Moreh ICP,92.9,Lokpriya Gopinath Bordoloi International Airport (GAU),262.58,MMLP Silchar,81.29,Lakhipur Terminal,62.64,FCI Depot Imphal,78.0,CACHAR Toll Plaza,91.67
N. Chingphei,CHURACHANDPUR,274.0,11188906961,village,2,3.83,Belghoria Expressway,570.62,JIRIBAM,65.02,Khongsang,38.7,Kolkata Port (Syama Prasad Mookerjee Port) incl. Haldia Dock Complex,581.61,ICD Amingaon,268.23,Moreh ICP,66.17,Lokpriya Gopinath Bordoloi International Airport (GAU),270.28,MMLP Silchar,98.34,Lakhipur Terminal,75.83,FCI Depot Imphal,36.2,CACHAR Toll Plaza,104.88
Keirap Khullen,CHURACHANDPUR,274.0,11188907014,village,2,2.76,Belghoria Expressway,571.57,JIRIBAM,66.05,Khongsang,39.45,Kolkata Port (Syama Prasad Mookerjee Port) incl. Haldia Dock Complex,582.56,ICD Amingaon,269.12,Moreh ICP,65.17,Lokpriya Gopinath Bordoloi International Airport (GAU),271.19,MMLP Silchar,99.4,Lakhipur Terminal,76.89,FCI Depot Imphal,35.69,CACHAR Toll Plaza,105.91
L. Hengjang,CHURACHANDPUR,274.0,11200961783,village,2,15.51,Belghoria Expressway,558.89,JIRIBAM,55.25,Khongsang,34.56,Kolkata Port (Syama Prasad Mookerjee Port) incl. Haldia Dock Complex,569.91,ICD Amingaon,260.56,Moreh ICP,76.2,Lokpriya Gopinath Bordoloi International Airport (GAU),262.19,MMLP Silchar,87.7,Lakhipur Terminal,65.39,FCI Depot Imphal,45.39,CACHAR Toll Plaza,94.91
Thawai Kuki,KAMJANG,670.0,11216884377,village,202,0.56,Belghoria Expressway,628.25,WADRENGDISA,104.81,Khongsang,69.15,Kolkata Port (Syama Prasad Mookerjee Port) incl. Haldia Dock Complex,639.52,ICD Amingaon,280.42,Moreh ICP,75.57,Lokpriya Gopinath Bordoloi International Airport (GAU),285.08,MMLP Silchar,138.97,Lakhipur Terminal,117.85,FCI Depot Imphal,27.35,DIMA HASAO Toll Plaza,133.97
S. Kotlian,CHURACHANDPUR,274.0,11222604849,village,2,0.21,Belghoria Expressway,565.51,JIRIBAM,71.36,Khongsang,50.12,Kolkata Port (Syama Prasad Mookerjee Port) incl. Haldia Dock Complex,576.33,ICD Amingaon,277.11,Moreh ICP,61.37,Lokpriya Gopinath Bordoloi International Airport (GAU),278.69,MMLP Silchar,102.97,Lakhipur Terminal,80.97,FCI Depot Imphal,48.17,CACHAR Toll Plaza,110.75
Yangoulen,CHANDEL,280.0,11267251604,village,46,1.93,Belghoria Expressway,596.91,JIRIBAM,138.72,Khongsang,116.98,Kolkata Port (Syama Prasad Mookerjee Port) incl. Haldia Dock Complex,606.88,ICD Amingaon,345.14,Moreh ICP,33.79,Lokpriya Gopinath Bordoloi International Airport (GAU),346.54,MMLP Silchar,168.33,Lakhipur Terminal,147.3,FCI Depot Imphal,95.61,CACHAR Toll Plaza,177.27
Gaidimjang,NONEY,659.0,11292192069,village,37,11.45,Belghoria Expressway,557.19,JIRIBAM,41.04,Khongsang,16.89,Kolkata Port (Syama Prasad Mookerjee Port) incl. Haldia Dock Complex,568.45,ICD Amingaon,243.64,Moreh ICP,90.75,Lokpriya Gopinath Bordoloi International Airport (GAU),245.59,MMLP Silchar,75.12,Lakhipur Terminal,52.55,FCI Depot Imphal,44.01,CACHAR Toll Plaza,80.79
Sibong,TENGNOUPAL,667.0,11303886558,village,102,0.04,Belghoria Expressway,611.65,JIRIBAM,121.75,Khongsang,92.68,Kolkata Port (Syama Prasad Mookerjee Port) incl. Haldia Dock Complex,622.12,ICD Amingaon,323.08,Moreh ICP,10.01,Lokpriya Gopinath Bordoloi International Airport (GAU),325.68,MMLP Silchar,154.8,Lakhipur Terminal,132.4,FCI Depot Imphal,61.23,CACHAR Toll Plaza,161.6
Sekmai,IMPHAL WEST,277.0,11329929329,village,2,0.03,Belghoria Expressway,602.79,DAOTUHAJA,77.09,Khongsang,41.89,Kolkata Port (Syama Prasad Mookerjee Port) incl. Haldia Dock Complex,614.2,ICD Amingaon,254.37,Moreh ICP,87.47,Lokpriya Gopinath Bordoloi International Airport (GAU),258.52,MMLP Silchar,110.67,Lakhipur Terminal,90.05,FCI Depot Imphal,16.89,DIMA HASAO Toll Plaza,111.66
Kangchup Chingkhong,KANGPOKPI,679.0,11331356731,village,37,7.28,Belghoria Expressway,591.09,JIRIBAM,68.06,Khongsang,31.77,Kolkata Port (Syama Prasad Mookerjee Port) incl. Haldia Dock Complex,602.43,ICD Amingaon,254.14,Moreh ICP,82.0,Lokpriya Gopinath Bordoloi International Airport (GAU),257.66,MMLP Silchar,102.01,Lakhipur Terminal,80.5,FCI Depot Imphal,13.62,CACHAR Toll Plaza,104.61
Lajang,CHANDEL,280.0,11333735632,village,46,1.14,Belghoria Expressway,591.68,JIRIBAM,144.2,Khongsang,124.63,Kolkata Port (Syama Prasad Mookerjee Port) incl. Haldia Dock Complex,601.5,ICD Amingaon,351.06,Moreh ICP,45.3,Lokpriya Gopinath Bordoloi International Airport (GAU),352.11,MMLP Silchar,172.56,Lakhipur Terminal,152.12,FCI Depot Imphal,105.84,CACHAR Toll Plaza,182.01
New Somtal,CHANDEL,280.0,11333735633,village,46,1.52,Belghoria Expressway,592.14,JIRIBAM,143.35,Khongsang,123.55,Kolkata Port (Syama Prasad Mookerjee Port) incl. Haldia Dock Complex,601.98,ICD Amingaon,350.19,Moreh ICP,43.94,Lokpriya Gopinath Bordoloi International Airport (GAU),351.28,MMLP Silchar,171.86,Lakhipur Terminal,151.34,FCI Depot Imphal,104.52,CACHAR Toll Plaza,181.25
Leitanpokpi,IMPHAL EAST,278.0,11361911863,village,2,10.12,Belghoria Expressway,616.64,WADRENGDISA,88.42,Khongsang,55.86,Kolkata Port (Syama Prasad Mookerjee Port) incl. Haldia Dock Complex,628.03,ICD Amingaon,264.14,Moreh ICP,85.39,Lokpriya Gopinath Bordoloi International Airport (GAU),268.72,MMLP Silchar,124.55,Lakhipur Terminal,104.04,FCI Depot Imphal,21.56,DIMA HASAO Toll Plaza,118.48
Kaprang,CHURACHANDPUR,274.0,11363369445,village,2,0.08,Belghoria Expressway,564.61,JIRIBAM,71.8,Khongsang,51.18,Kolkata Port (Syama Prasad Mookerjee Port) incl. Haldia Dock Complex,575.41,ICD Amingaon,277.76,Moreh ICP,61.42,Lokpriya Gopinath Bordoloi International Airport (GAU),279.27,MMLP Silchar,103.17,Lakhipur Terminal,81.26,FCI Depot Imphal,49.65,CACHAR Toll Plaza,111.09
Loklaiphai,BISHNUPUR,275.0,11363369447,village,2,0.16,Belghoria Expressway,565.83,JIRIBAM,71.69,Khongsang,50.34,Kolkata Port (Syama Prasad Mookerjee Port) incl. Haldia Dock Complex,576.65,ICD Amingaon,277.42,Moreh ICP,61.0,Lokpriya Gopinath Bordoloi International Airport (GAU),279.0,MMLP Silchar,103.32,Lakhipur Terminal,81.32,FCI Depot Imphal,48.07,CACHAR Toll Plaza,111.1
Lanva,CHURACHANDPUR,274.0,11363905036,village,102B,0.16,Belghoria Expressway,560.1,JIRIBAM,75.98,Khongsang,58.64,Kolkata Port (Syama Prasad Mookerjee Port) incl. Haldia Dock Complex,570.8,ICD Amingaon,282.72,Moreh ICP,61.45,Lokpriya Gopinath Bordoloi International Airport (GAU),283.9,MMLP Silchar,105.86,Lakhipur Terminal,84.54,FCI Depot Imphal,58.4,CACHAR Toll Plaza,114.51
Hanship,PHERZAWL,718.0,11393210153,village,2,4.36,Belghoria Expressway,509.09,Bhairabi,66.97,Khongsang,78.43,Kolkata Port (Syama Prasad Mookerjee Port) incl. Haldia Dock Complex,519.75,ICD Amingaon,266.72,Sutarkandi ICP,98.76,Lokpriya Gopinath Bordoloi International Airport (GAU),265.74,MMLP Silchar,84.92,Lakhipur Terminal,70.97,FCI Depot Silchar,84.92,CACHAR Toll Plaza,96.74
Tuibong,CHURACHANDPUR,274.0,11403315723,village,2,0.41,Belghoria Expressway,562.2,JIRIBAM,74.48,Khongsang,55.75,Kolkata Port (Syama Prasad Mookerjee Port) incl. Haldia Dock Complex,572.94,ICD Amingaon,280.96,Moreh ICP,60.95,Lokpriya Gopinath Bordoloi International Airport (GAU),282.28,MMLP Silchar,105.0,Lakhipur Terminal,83.42,FCI Depot Imphal,54.76,CACHAR Toll Plaza,113.35
Leithao,TENGNOUPAL,667.0,11404786578,village,102A,10.24,Belghoria Expressway,624.31,JIRIBAM,121.38,Khongsang,88.52,Kolkata Port (Syama Prasad Mookerjee Port) incl. Haldia Dock Complex,635.01,ICD Amingaon,316.44,Moreh ICP,27.54,Lokpriya Gopinath Bordoloi International Airport (GAU),319.8,MMLP Silchar,155.54,Lakhipur Terminal,132.96,FCI Depot Imphal,49.54,CACHAR Toll Plaza,160.87
Kachai,SENAPATI,272.0,11494308900,village,102A,5.35,Belghoria Expressway,649.88,RANGAPAHAR,87.42,Khongsang,89.23,Kolkata Port (Syama Prasad Mookerjee Port) incl. Haldia Dock Complex,661.41,ICD Amingaon,275.3,Moreh ICP,106.56,Lokpriya Gopinath Bordoloi International Airport (GAU),281.26,MMLP Silchar,154.43,Lakhipur Terminal,135.5,FCI Depot Imphal,56.57,DIMA HASAO Toll Plaza,124.55
Sumdal,UKHRUL,279.0,11494326993,village,102A,0.36,Belghoria Expressway,647.65,RANGAPAHAR,94.03,Khongsang,86.66,Kolkata Port (Syama Prasad Mookerjee Port) incl. Haldia Dock Complex,659.11,ICD Amingaon,279.19,Moreh ICP,98.89,Lokpriya Gopinath Bordoloi International Airport (GAU),284.9,MMLP Silchar,153.43,Lakhipur Terminal,133.87,FCI Depot Imphal,51.26,DIMA HASAO Toll Plaza,128.95
Lower Kachai,UKHRUL,279.0,11494410492,village,102A,5.6,Belghoria Expressway,643.45,RANGAPAHAR,88.88,Khongsang,82.6,Kolkata Port (Syama Prasad Mookerjee Port) incl. Haldia Dock Complex,654.95,ICD Amingaon,273.14,Moreh ICP,101.42,Lokpriya Gopinath Bordoloi International Airport (GAU),278.84,MMLP Silchar,148.54,Lakhipur Terminal,129.28,FCI Depot Imphal,49.49,DIMA HASAO Toll Plaza,122.95
Kanto,IMPHAL WEST,277.0,11519198400,village,2,2.45,Belghoria Expressway,598.95,JIRIBAM,74.18,Khongsang,38.21,Kolkata Port (Syama Prasad Mookerjee Port) incl. Haldia Dock Complex,610.35,ICD Amingaon,253.49,Moreh ICP,86.33,Lokpriya Gopinath Bordoloi International Airport (GAU),257.46,MMLP Silchar,107.45,Lakhipur Terminal,86.61,FCI Depot Imphal,15.36,CACHAR Toll Plaza,109.06
Kanto Khullen,IMPHAL WEST,277.0,11519198401,village,2,2.03,Belghoria Expressway,599.18,JIRIBAM,74.52,Khongsang,38.51,Kolkata Port (Syama Prasad Mookerjee Port) incl. Haldia Dock Complex,610.57,ICD Amingaon,254.05,Moreh ICP,85.79,Lokpriya Gopinath Bordoloi International Airport (GAU),258.01,MMLP Silchar,107.83,Lakhipur Terminal,86.94,FCI Depot Imphal,14.82,CACHAR Toll Plaza,109.48
Khunkhu,KANGPOKPI,679.0,11519198402,village,2,4.39,Belghoria Expressway,597.79,JIRIBAM,72.62,Khongsang,36.86,Kolkata Port (Syama Prasad Mookerjee Port) incl. Haldia Dock Complex,609.21,ICD Amingaon,251.01,Moreh ICP,88.67,Lokpriya Gopinath Bordoloi International Airport (GAU),255.0,MMLP Silchar,105.69,Lakhipur Terminal,85.02,FCI Depot Imphal,17.72,CACHAR Toll Plaza,107.11
P. Moulding,KANGPOKPI,679.0,11519198403,village,2,4.86,Belghoria Expressway,596.97,JIRIBAM,71.92,Khongsang,36.08,Kolkata Port (Syama Prasad Mookerjee Port) incl. Haldia Dock Complex,608.38,ICD Amingaon,251.01,Moreh ICP,88.25,Lokpriya Gopinath Bordoloi International Airport (GAU),254.95,MMLP Silchar,105.07,Lakhipur Terminal,84.32,FCI Depot Imphal,17.35,CACHAR Toll Plaza,106.57
Nilakuthi,IMPHAL EAST,278.0,11520093548,village,2,0.51,Belghoria Expressway,601.23,JIRIBAM,78.05,Khongsang,41.76,Kolkata Port (Syama Prasad Mookerjee Port) incl. Haldia Dock Complex,612.56,ICD Amingaon,260.49,Moreh ICP,79.19,Lokpriya Gopinath Bordoloi International Airport (GAU),264.36,MMLP Silchar,111.83,Lakhipur Terminal,90.5,FCI Depot Imphal,8.32,CACHAR Toll Plaza,114.06
Bhutangkhal,JIRIBAM,658.0,11522102651,village,37,14.08,Belghoria Expressway,519.15,JIRIBAM,15.03,Khongsang,41.91,Kolkata Port (Syama Prasad Mookerjee Port) incl. Haldia Dock Complex,530.57,ICD Amingaon,217.25,Sutarkandi ICP,67.95,Lokpriya Gopinath Bordoloi International Airport (GAU),217.62,MMLP Silchar,37.94,Lakhipur Terminal,17.3,FCI Depot Silchar,37.94,CACHAR Toll Plaza,46.95
Khousabung,BISHNUPUR,275.0,11522842012,village,2,3.15,Belghoria Expressway,569.78,JIRIBAM,67.95,Khongsang,43.17,Kolkata Port (Syama Prasad Mookerjee Port) incl. Haldia Dock Complex,580.7,ICD Amingaon,272.11,Moreh ICP,63.22,Lokpriya Gopinath Bordoloi International Airport (GAU),274.02,MMLP Silchar,100.78,Lakhipur Terminal,78.39,FCI Depot Imphal,39.75,CACHAR Toll Plaza,107.74
Phumlou,IMPHAL WEST,277.0,11524522477,village,2,4.06,Belghoria Expressway,596.01,JIRIBAM,72.75,Khongsang,36.45,Kolkata Port (Syama Prasad Mookerjee Port) incl. Haldia Dock Complex,607.34,ICD Amingaon,256.75,Moreh ICP,81.01,Lokpriya Gopinath Bordoloi International Airport (GAU),260.45,MMLP Silchar,106.58,Lakhipur Terminal,85.2,FCI Depot Imphal,10.62,CACHAR Toll Plaza,108.93
Kameng,IMPHAL WEST,277.0,11524522524,village,2,2.79,Belghoria Expressway,598.31,JIRIBAM,75.75,Khongsang,39.46,Kolkata Port (Syama Prasad Mookerjee Port) incl. Haldia Dock Complex,609.61,ICD Amingaon,260.32,Moreh ICP,77.87,Lokpriya Gopinath Bordoloi International Airport (GAU),264.04,MMLP Silchar,109.71,Lakhipur Terminal,88.19,FCI Depot Imphal,7.12,CACHAR Toll Plaza,112.24
Mayang Langjing,IMPHAL WEST,277.0,11524522525,village,2,5.09,Belghoria Expressway,595.79,JIRIBAM,73.21,Khongsang,36.93,Kolkata Port (Syama Prasad Mookerjee Port) incl. Haldia Dock Complex,607.1,ICD Amingaon,258.55,Moreh ICP,78.79,Lokpriya Gopinath Bordoloi International Airport (GAU),262.19,MMLP Silchar,107.2,Lakhipur Terminal,85.65,FCI Depot Imphal,8.8,CACHAR Toll Plaza,109.8
Lamdeng,IMPHAL WEST,277.0,11524522527,village,37,4.08,Belghoria Expressway,596.17,JIRIBAM,74.5,Khongsang,38.31,Kolkata Port (Syama Prasad Mookerjee Port) incl. Haldia Dock Complex,607.45,ICD Amingaon,261.18,Moreh ICP,75.88,Lokpriya Gopinath Bordoloi International Airport (GAU),264.76,MMLP Silchar,108.63,Lakhipur Terminal,86.91,FCI Depot Imphal,6.44,CACHAR Toll Plaza,111.51
Maphou Kuki East,KAMJANG,670.0,11535080362,village,202,8.58,Belghoria Expressway,620.03,JIRIBAM,100.79,Khongsang,64.71,Kolkata Port (Syama Prasad Mookerjee Port) incl. Haldia Dock Complex,631.17,ICD Amingaon,284.2,Moreh ICP,63.19,Lokpriya Gopinath Bordoloi International Airport (GAU),288.31,MMLP Silchar,135.01,Lakhipur Terminal,113.17,FCI Depot Imphal,20.22,CACHAR Toll Plaza,137.9
Maphou Kuki,KANGPOKPI,679.0,11535107391,village,202,8.01,Belghoria Expressway,619.61,JIRIBAM,100.22,Khongsang,64.12,Kolkata Port (Syama Prasad Mookerjee Port) incl. Haldia Dock Complex,630.75,ICD Amingaon,283.52,Moreh ICP,63.68,Lokpriya Gopinath Bordoloi International Airport (GAU),287.63,MMLP Silchar,134.43,Lakhipur Terminal,112.6,FCI Depot Imphal,19.64,CACHAR Toll Plaza,137.29
Tumukhong,KAMJANG,670.0,11535107404,village,202,9.12,Belghoria Expressway,619.47,JIRIBAM,100.48,Khongsang,64.44,Kolkata Port (Syama Prasad Mookerjee Port) incl. Haldia Dock Complex,630.6,ICD Amingaon,284.35,Moreh ICP,62.53,Lokpriya Gopinath Bordoloi International Airport (GAU),288.43,MMLP Silchar,134.73,Lakhipur Terminal,112.85,FCI Depot Imphal,19.92,CACHAR Toll Plaza,137.69
Chahong Khunou,KAMJANG,670.0,11554140307,village,102A,27.75,Belghoria Expressway,668.57,RANGAPAHAR,137.18,Khongsang,113.14,Kolkata Port (Syama Prasad Mookerjee Port) incl. Haldia Dock Complex,679.62,ICD Amingaon,321.73,Moreh ICP,77.81,Lokpriya Gopinath Bordoloi International Airport (GAU),327.0,MMLP Silchar,183.35,Lakhipur Terminal,161.86,FCI Depot Imphal,69.14,DIMA HASAO Toll Plaza,172.36
Lakhan,KAMJANG,670.0,11554140326,village,102A,20.84,Belghoria Expressway,659.71,RANGAPAHAR,141.02,Khongsang,107.02,Kolkata Port (Syama Prasad Mookerjee Port) incl. Haldia Dock Complex,670.68,ICD Amingaon,320.89,Moreh ICP,66.54,Lokpriya Gopinath Bordoloi International Airport (GAU),325.77,MMLP Silchar,177.34,Lakhipur Terminal,155.49,FCI Depot Imphal,62.55,DIMA HASAO Toll Plaza,172.83
Kongkan,KAMJANG,670.0,11554140327,village,102A,19.84,Belghoria Expressway,658.7,RANGAPAHAR,140.59,Khongsang,106.03,Kolkata Port (Syama Prasad Mookerjee Port) incl. Haldia Dock Complex,669.67,ICD Amingaon,320.11,Moreh ICP,65.95,Lokpriya Gopinath Bordoloi International Airport (GAU),324.96,MMLP Silchar,176.34,Lakhipur Terminal,154.48,FCI Depot Imphal,61.55,DIMA HASAO Toll Plaza,172.15
Tuisomjang,KANGPOKPI,679.0,11557003740,village,202,3.26,Belghoria Expressway,625.11,WADRENGDISA,99.88,Khongsang,65.29,Kolkata Port (Syama Prasad Mookerjee Port) incl. Haldia Dock Complex,636.41,ICD Amingaon,275.43,Moreh ICP,78.76,Lokpriya Gopinath Bordoloi International Airport (GAU),280.08,MMLP Silchar,134.82,Lakhipur Terminal,113.89,FCI Depot Imphal,25.09,DIMA HASAO Toll Plaza,129.08
Khongbal Kuki,KANGPOKPI,679.0,11557003741,village,202,2.97,Belghoria Expressway,624.79,WADRENGDISA,99.92,Khongsang,65.06,Kolkata Port (Syama Prasad Mookerjee Port) incl. Haldia Dock Complex,636.09,ICD Amingaon,275.57,Moreh ICP,78.29,Lokpriya Gopinath Bordoloi International Airport (GAU),280.2,MMLP Silchar,134.64,Lakhipur Terminal,113.67,FCI Depot Imphal,24.67,DIMA HASAO Toll Plaza,129.32
Kungpi Naosen,NONEY,659.0,11584778650,village,2,7.8,Belghoria Expressway,570.26,JIRIBAM,58.52,Khongsang,29.78,Kolkata Port (Syama Prasad Mookerjee Port) incl. Haldia Dock Complex,581.36,ICD Amingaon,259.89,Moreh ICP,73.64,Lokpriya Gopinath Bordoloi International Airport (GAU),262.14,MMLP Silchar,92.49,Lakhipur Terminal,69.91,FCI Depot Imphal,32.46,CACHAR Toll Plaza,98.27
Ukha Loikhai,CHURACHANDPUR,274.0,11584778667,village,2,8.55,Belghoria Expressway,559.66,JIRIBAM,62.83,Khongsang,43.39,Kolkata Port (Syama Prasad Mookerjee Port) incl. Haldia Dock Complex,570.56,ICD Amingaon,268.84,Moreh ICP,69.84,Lokpriya Gopinath Bordoloi International Airport (GAU),270.32,MMLP Silchar,94.37,Lakhipur Terminal,72.37,FCI Depot Imphal,48.83,CACHAR Toll Plaza,102.16
Chingmun,PHERZAWL,718.0,11592309345,village,37,8.57,Belghoria Expressway,526.48,JIRIBAM,11.56,Khongsang,34.52,Kolkata Port (Syama Prasad Mookerjee Port) incl. Haldia Dock Complex,537.93,ICD Amingaon,217.89,Sutarkandi ICP,73.7,Lokpriya Gopinath Bordoloi International Airport (GAU),218.68,MMLP Silchar,41.57,Lakhipur Terminal,19.26,FCI Depot Silchar,41.57,CACHAR Toll Plaza,49.09
Buksau,CHURACHANDPUR,274.0,11606705460,village,102B,2.53,Belghoria Expressway,547.73,JIRIBAM,80.32,Khongsang,69.65,Kolkata Port (Syama Prasad Mookerjee Port) incl. Haldia Dock Complex,558.28,ICD Amingaon,286.83,Moreh ICP,69.92,Lokpriya Gopinath Bordoloi International Airport (GAU),287.34,MMLP Silchar,106.75,Lakhipur Terminal,86.98,FCI Depot Imphal,74.44,CACHAR Toll Plaza,116.61
Khochijang,CHURACHANDPUR,274.0,11608340725,village,2,3.57,Belghoria Expressway,561.56,JIRIBAM,68.49,Khongsang,49.01,Kolkata Port (Syama Prasad Mookerjee Port) incl. Haldia Dock Complex,572.39,ICD Amingaon,274.66,Moreh ICP,65.03,Lokpriya Gopinath Bordoloi International Airport (GAU),276.1,MMLP Silchar,99.66,Lakhipur Terminal,77.81,FCI Depot Imphal,50.62,CACHAR Toll Plaza,107.67
Thangjing Chiru,NONEY,659.0,11608897864,village,2,7.42,Belghoria Expressway,577.01,JIRIBAM,59.9,Khongsang,26.71,Kolkata Port (Syama Prasad Mookerjee Port) incl. Haldia Dock Complex,588.21,ICD Amingaon,256.87,Moreh ICP,76.16,Lokpriya Gopinath Bordoloi International Airport (GAU),259.55,MMLP Silchar,94.33,Lakhipur Terminal,71.91,FCI Depot Imphal,24.29,CACHAR Toll Plaza,98.96
Tingkhai Khullen,NONEY,659.0,11608897865,village,2,7.39,Belghoria Expressway,577.1,JIRIBAM,59.97,Khongsang,26.75,Kolkata Port (Syama Prasad Mookerjee Port) incl. Haldia Dock Complex,588.29,ICD Amingaon,256.91,Moreh ICP,76.13,Lokpriya Gopinath Bordoloi International Airport (GAU),259.59,MMLP Silchar,94.4,Lakhipur Terminal,71.98,FCI Depot Imphal,24.21,CACHAR Toll Plaza,99.02
Chairel,KAKCHING,651.0,11609427139,village,102C,12.28,Belghoria Expressway,578.22,JIRIBAM,89.87,Khongsang,66.26,Kolkata Port (Syama Prasad Mookerjee Port) incl. Haldia Dock Complex,588.86,ICD Amingaon,295.1,Moreh ICP,43.32,Lokpriya Gopinath Bordoloi International Airport (GAU),296.86,MMLP Silchar,121.55,Lakhipur Terminal,99.57,FCI Depot Imphal,52.08,CACHAR Toll Plaza,129.34
Wangoo,KAKCHING,651.0,11609427140,village,2,13.62,Belghoria Expressway,576.91,JIRIBAM,84.81,Khongsang,60.65,Kolkata Port (Syama Prasad Mookerjee Port) incl. Haldia Dock Complex,587.62,ICD Amingaon,289.69,Moreh ICP,47.35,Lokpriya Gopinath Bordoloi International Airport (GAU),291.52,MMLP Silchar,116.84,Lakhipur Terminal,94.73,FCI Depot Imphal,47.74,CACHAR Toll Plaza,124.4
Mahou,KAKCHING,651.0,11609563770,village,102C,10.68,Belghoria Expressway,580.9,JIRIBAM,89.92,Khongsang,65.11,Kolkata Port (Syama Prasad Mookerjee Port) incl. Haldia Dock Complex,591.57,ICD Amingaon,294.55,Moreh ICP,42.19,Lokpriya Gopinath Bordoloi International Airport (GAU),296.45,MMLP Silchar,122.02,Lakhipur Terminal,99.9,FCI Depot Imphal,49.03,CACHAR Toll Plaza,129.54
Kolhen,CHURACHANDPUR,274.0,11615146065,village,2,4.41,Belghoria Expressway,545.56,JIRIBAM,53.57,Khongsang,42.98,Kolkata Port (Syama Prasad Mookerjee Port) incl. Haldia Dock Complex,556.51,ICD Amingaon,260.49,Moreh ICP,82.87,Lokpriya Gopinath Bordoloi International Airport (GAU),261.44,MMLP Silchar,82.91,Lakhipur Terminal,61.66,FCI Depot Imphal,60.01,CACHAR Toll Plaza,91.63
Kolchung,CHURACHANDPUR,274.0,11615157973,village,2,19.21,Belghoria Expressway,556.57,JIRIBAM,50.69,Khongsang,30.76,Kolkata Port (Syama Prasad Mookerjee Port) incl. Haldia Dock Complex,567.65,ICD Amingaon,255.97,Moreh ICP,80.63,Lokpriya Gopinath Bordoloi International Airport (GAU),257.59,MMLP Silchar,83.32,Lakhipur Terminal,60.95,FCI Depot Imphal,46.27,CACHAR Toll Plaza,90.4
Gouthang,CHURACHANDPUR,274.0,11617080670,village,2,10.95,Belghoria Expressway,553.72,JIRIBAM,56.63,Khongsang,40.28,Kolkata Port (Syama Prasad Mookerjee Port) incl. Haldia Dock Complex,564.67,ICD Amingaon,263.1,Moreh ICP,76.7,Lokpriya Gopinath Bordoloi International Airport (GAU),264.41,MMLP Silchar,87.7,Lakhipur Terminal,65.83,FCI Depot Imphal,52.27,CACHAR Toll Plaza,95.7
Khanpi,CHURACHANDPUR,274.0,11620146700,village,2,14.24,Belghoria Expressway,548.29,JIRIBAM,45.66,Khongsang,32.41,Kolkata Port (Syama Prasad Mookerjee Port) incl. Haldia Dock Complex,559.38,ICD Amingaon,252.17,Moreh ICP,86.95,Lokpriya Gopinath Bordoloi International Airport (GAU),253.45,MMLP Silchar,77.06,Lakhipur Terminal,55.02,FCI Depot Imphal,54.18,CACHAR Toll Plaza,84.83
Ainujang,CHURACHANDPUR,274.0,11620146736,village,2,12.8,Belghoria Expressway,550.28,JIRIBAM,49.32,Khongsang,34.68,Kolkata Port (Syama Prasad Mookerjee Port) incl. Haldia Dock Complex,561.32,ICD Amingaon,255.79,Moreh ICP,83.44,Lokpriya Gopinath Bordoloi International Airport (GAU),257.09,MMLP Silchar,80.65,Lakhipur Terminal,58.65,FCI Depot Imphal,53.08,CACHAR Toll Plaza,88.48
L. Phailen,CHURACHANDPUR,274.0,11620146745,village,2,16.54,Belghoria Expressway,554.16,JIRIBAM,50.27,Khongsang,32.4,Kolkata Port (Syama Prasad Mookerjee Port) incl. Haldia Dock Complex,565.22,ICD Amingaon,256.12,Moreh ICP,81.47,Lokpriya Gopinath Bordoloi International Airport (GAU),257.61,MMLP Silchar,82.42,Lakhipur Terminal,60.18,FCI Depot Imphal,48.95,CACHAR Toll Plaza,89.81
Saikot,CHURACHANDPUR,274.0,11626443479,village,102B,2.88,Belghoria Expressway,563.57,JIRIBAM,78.23,Khongsang,59.42,Kolkata Port (Syama Prasad Mookerjee Port) incl. Haldia Dock Complex,574.26,ICD Amingaon,284.76,Moreh ICP,58.09,Lokpriya Gopinath Bordoloi International Airport (GAU),286.07,MMLP Silchar,108.57,Lakhipur Terminal,87.07,FCI Depot Imphal,56.53,CACHAR Toll Plaza,117.02
K. Songjang,NONEY,659.0,11632529702,village,2,6.69,Belghoria Expressway,571.29,JIRIBAM,59.57,Khongsang,30.5,Kolkata Port (Syama Prasad Mookerjee Port) incl. Haldia Dock Complex,582.39,ICD Amingaon,260.73,Moreh ICP,72.72,Lokpriya Gopinath Bordoloi International Airport (GAU),263.0,MMLP Silchar,93.56,Lakhipur Terminal,70.98,FCI Depot Imphal,31.61,CACHAR Toll Plaza,99.31
Dollang,NONEY,659.0,11632529742,village,2,9.52,Belghoria Expressway,571.22,JIRIBAM,56.26,Khongsang,25.56,Kolkata Port (Syama Prasad Mookerjee Port) incl. Haldia Dock Complex,582.39,ICD Amingaon,255.99,Moreh ICP,77.18,Lokpriya Gopinath Bordoloi International Airport (GAU),258.39,MMLP Silchar,90.53,Lakhipur Terminal,67.99,FCI Depot Imphal,30.33,CACHAR Toll Plaza,95.77
Charoi Khullen,CHURACHANDPUR,274.0,11632529792,village,2,4.14,Belghoria Expressway,572.91,JIRIBAM,62.61,Khongsang,33.72,Kolkata Port (Syama Prasad Mookerjee Port) incl. Haldia Dock Complex,583.98,ICD Amingaon,263.98,Moreh ICP,69.49,Lokpriya Gopinath Bordoloi International Airport (GAU),266.25,MMLP Silchar,96.51,Lakhipur Terminal,73.93,FCI Depot Imphal,31.2,CACHAR Toll Plaza,102.39
Chaiba,CHURACHANDPUR,274.0,11633044286,village,2,2.9,Belghoria Expressway,574.26,JIRIBAM,63.54,Khongsang,34.09,Kolkata Port (Syama Prasad Mookerjee Port) incl. Haldia Dock Complex,585.33,ICD Amingaon,264.47,Moreh ICP,68.85,Lokpriya Gopinath Bordoloi International Airport (GAU),266.81,MMLP Silchar,97.51,Lakhipur Terminal,74.93,FCI Depot Imphal,29.91,CACHAR Toll Plaza,103.29
Teijang,CHURACHANDPUR,274.0,11638624078,village,2,2.12,Belghoria Expressway,564.49,JIRIBAM,69.09,Khongsang,47.94,Kolkata Port (Syama Prasad Mookerjee Port) incl. Haldia Dock Complex,575.34,ICD Amingaon,274.81,Moreh ICP,63.42,Lokpriya Gopinath Bordoloi International Airport (GAU),276.39,MMLP Silchar,100.79,Lakhipur Terminal,78.76,FCI Depot Imphal,47.54,CACHAR Toll Plaza,108.51
Nabil Khuman,CHURACHANDPUR,274.0,11638741656,village,2,10.69,Belghoria Expressway,561.75,JIRIBAM,60.5,Khongsang,39.03,Kolkata Port (Syama Prasad Mookerjee Port) incl. Haldia Dock Complex,572.72,ICD Amingaon,265.8,Moreh ICP,71.08,Lokpriya Gopinath Bordoloi International Airport (GAU),267.46,MMLP Silchar,92.81,Lakhipur Terminal,70.55,FCI Depot Imphal,44.74,CACHAR Toll Plaza,100.13
Unnamed Village,CHURACHANDPUR,274.0,11646983031,village,2,8.35,Belghoria Expressway,564.1,JIRIBAM,62.88,Khongsang,40.39,Kolkata Port (Syama Prasad Mookerjee Port) incl. Haldia Dock Complex,575.05,ICD Amingaon,267.9,Moreh ICP,68.56,Lokpriya Gopinath Bordoloi International Airport (GAU),269.63,MMLP Silchar,95.33,Lakhipur Terminal,73.04,FCI Depot Imphal,43.32,CACHAR Toll Plaza,102.57
S. Nabil,CHURACHANDPUR,274.0,11646983104,village,2,4.66,Belghoria Expressway,567.6,JIRIBAM,66.65,Khongsang,42.89,Kolkata Port (Syama Prasad Mookerjee Port) incl. Haldia Dock Complex,578.53,ICD Amingaon,271.27,Moreh ICP,64.64,Lokpriya Gopinath Bordoloi International Airport (GAU),273.09,MMLP Silchar,99.26,Lakhipur Terminal,76.94,FCI Depot Imphal,41.58,CACHAR Toll Plaza,106.39
Mualsang,CHURACHANDPUR,274.0,11646983121,village,2,3.06,Belghoria Expressway,568.32,JIRIBAM,68.23,Khongsang,44.47,Kolkata Port (Syama Prasad Mookerjee Port) incl. Haldia Dock Complex,579.22,ICD Amingaon,272.9,Moreh ICP,63.12,Lokpriya Gopinath Bordoloi International Airport (GAU),274.72,MMLP Silchar,100.77,Lakhipur Terminal,78.47,FCI Depot Imphal,41.94,CACHAR Toll Plaza,107.96
Unnamed Village,CHURACHANDPUR,274.0,11650657312,village,102B,0.06,Belghoria Expressway,540.59,JIRIBAM,82.73,Khongsang,75.46,Kolkata Port (Syama Prasad Mookerjee Port) incl. Haldia Dock Complex,551.07,ICD Amingaon,288.24,Moreh ICP,76.19,Lokpriya Gopinath Bordoloi International Airport (GAU),288.39,MMLP Silchar,107.06,Lakhipur Terminal,88.33,FCI Depot Imphal,82.75,CACHAR Toll Plaza,117.48
Dialkhai,PHERZAWL,718.0,11650657324,village,2,0.08,Belghoria Expressway,519.73,JIRIBAM,64.33,Khongsang,68.55,Kolkata Port (Syama Prasad Mookerjee Port) incl. Haldia Dock Complex,530.46,ICD Amingaon,265.66,Moreh ICP,99.95,Lokpriya Gopinath Bordoloi International Airport (GAU),265.22,MMLP Silchar,83.61,Lakhipur Terminal,67.19,FCI Depot Silchar,83.61,CACHAR Toll Plaza,94.82
Zabellei,CHURACHANDPUR,274.0,11650657345,village,102B,2.4,Belghoria Expressway,543.83,JIRIBAM,80.35,Khongsang,71.54,Kolkata Port (Syama Prasad Mookerjee Port) incl. Haldia Dock Complex,554.36,ICD Amingaon,286.44,Moreh ICP,73.49,Lokpriya Gopinath Bordoloi International Airport (GAU),286.77,MMLP Silchar,105.77,Lakhipur Terminal,86.48,FCI Depot Imphal,78.08,CACHAR Toll Plaza,115.91
Sielmat,CHURACHANDPUR,274.0,11659437723,village,2,0.51,Belghoria Expressway,561.43,JIRIBAM,74.84,Khongsang,56.6,Kolkata Port (Syama Prasad Mookerjee Port) incl. Haldia Dock Complex,572.16,ICD Amingaon,281.42,Moreh ICP,61.2,Lokpriya Gopinath Bordoloi International Airport (GAU),282.7,MMLP Silchar,105.15,Lakhipur Terminal,83.65,FCI Depot Imphal,55.95,CACHAR Toll Plaza,113.61
Gothol,CHURACHANDPUR,274.0,11660942649,village,2,1.9,Belghoria Expressway,566.57,JIRIBAM,69.28,Khongsang,46.89,Kolkata Port (Syama Prasad Mookerjee Port) incl. Haldia Dock Complex,577.44,ICD Amingaon,274.56,Moreh ICP,62.61,Lokpriya Gopinath Bordoloi International Airport (GAU),276.25,MMLP Silchar,101.36,Lakhipur Terminal,79.2,FCI Depot Imphal,45.07,CACHAR Toll Plaza,108.85
Tonglhang,CHURACHANDPUR,274.0,11660942653,village,2,3.83,Belghoria Expressway,565.74,JIRIBAM,67.35,Khongsang,44.99,Kolkata Port (Syama Prasad Mookerjee Port) incl. Haldia Dock Complex,576.63,ICD Amingaon,272.59,Moreh ICP,64.4,Lokpriya Gopinath Bordoloi International Airport (GAU),274.28,MMLP Silchar,99.53,Lakhipur Terminal,77.33,FCI Depot Imphal,44.56,CACHAR Toll Plaza,106.96
Hiangtam K,CHURACHANDPUR,274.0,11663810088,village,102B,9.74,Belghoria Expressway,544.89,JIRIBAM,94.21,Khongsang,85.37,Kolkata Port (Syama Prasad Mookerjee Port) incl. Haldia Dock Complex,555.21,ICD Amingaon,299.79,Moreh ICP,71.45,Lokpriya Gopinath Bordoloi International Airport (GAU),299.91,MMLP Silchar,118.52,Lakhipur Terminal,99.88,FCI Depot Imphal,88.19,CACHAR Toll Plaza,129.01
Pengjang,CHURACHANDPUR,274.0,11679258946,village,2,0.99,Belghoria Expressway,564.86,JIRIBAM,70.6,Khongsang,49.58,Kolkata Port (Syama Prasad Mookerjee Port) incl. Haldia Dock Complex,575.69,ICD Amingaon,276.4,Moreh ICP,62.17,Lokpriya Gopinath Bordoloi International Airport (GAU),277.96,MMLP Silchar,102.18,Lakhipur Terminal,80.19,FCI Depot Imphal,48.33,CACHAR Toll Plaza,109.98
Haotak Tampha Khunou,BISHNUPUR,275.0,11680153207,village,2,7.1,Belghoria Expressway,571.38,JIRIBAM,78.47,Khongsang,55.6,Kolkata Port (Syama Prasad Mookerjee Port) incl. Haldia Dock Complex,582.14,ICD Amingaon,283.8,Moreh ICP,53.99,Lokpriya Gopinath Bordoloi International Airport (GAU),285.51,MMLP Silchar,110.29,Lakhipur Terminal,88.24,FCI Depot Imphal,47.63,CACHAR Toll Plaza,117.97
Tanrui,UKHRUL,279.0,11693707201,village,102A,12.18,Belghoria Expressway,635.75,RANGAPAHAR,90.04,Khongsang,74.8,Kolkata Port (Syama Prasad Mookerjee Port) incl. Haldia Dock Complex,647.23,ICD Amingaon,269.8,Moreh ICP,96.82,Lokpriya Gopinath Bordoloi International Airport (GAU),275.21,MMLP Silchar,141.36,Lakhipur Terminal,121.82,FCI Depot Imphal,41.71,DIMA HASAO Toll Plaza,120.46
Unnamed Village,UKHRUL,279.0,11693707221,village,102A,10.01,Belghoria Expressway,637.88,RANGAPAHAR,91.79,Khongsang,76.9,Kolkata Port (Syama Prasad Mookerjee Port) incl. Haldia Dock Complex,649.35,ICD Amingaon,272.34,Moreh ICP,95.99,Lokpriya Gopinath Bordoloi International Airport (GAU),277.78,MMLP Silchar,143.74,Lakhipur Terminal,124.1,FCI Depot Imphal,42.75,DIMA HASAO Toll Plaza,122.89
Sirarakhong,UKHRUL,279.0,11694154599,village,202,8.41,Belghoria Expressway,639.36,RANGAPAHAR,99.15,Khongsang,78.55,Kolkata Port (Syama Prasad Mookerjee Port) incl. Haldia Dock Complex,650.75,ICD Amingaon,278.76,Moreh ICP,89.58,Lokpriya Gopinath Bordoloi International Airport (GAU),284.05,MMLP Silchar,146.69,Lakhipur Terminal,126.51,FCI Depot Imphal,41.0,DIMA HASAO Toll Plaza,129.73
Tuinem,UKHRUL,279.0,11694154600,village,102A,6.93,Belghoria Expressway,642.11,RANGAPAHAR,96.47,Khongsang,81.15,Kolkata Port (Syama Prasad Mookerjee Port) incl. Haldia Dock Complex,653.53,ICD Amingaon,278.19,Moreh ICP,93.47,Lokpriya Gopinath Bordoloi International Airport (GAU),283.64,MMLP Silchar,148.69,Lakhipur Terminal,128.78,FCI Depot Imphal,44.73,DIMA HASAO Toll Plaza,128.64
Phalee,UKHRUL,279.0,11694154601,village,102A,2.5,Belghoria Expressway,646.57,RANGAPAHAR,95.98,Khongsang,85.59,Kolkata Port (Syama Prasad Mookerjee Port) incl. Haldia Dock Complex,658.01,ICD Amingaon,280.13,Moreh ICP,96.39,Lokpriya Gopinath Bordoloi International Airport (GAU),285.75,MMLP Silchar,152.79,Lakhipur Terminal,133.04,FCI Depot Imphal,49.39,DIMA HASAO Toll Plaza,130.11
Irang Khun,TAMENGLONG,273.0,11715764688,village,37,0.16,Belghoria Expressway,562.53,JIRIBAM,37.42,Khongsang,1.95,Kolkata Port (Syama Prasad Mookerjee Port) incl. Haldia Dock Complex,573.99,ICD Amingaon,230.09,Moreh ICP,102.92,Lokpriya Gopinath Bordoloi International Airport (GAU),232.7,MMLP Silchar,71.25,Lakhipur Terminal,49.87,FCI Depot Imphal,43.72,CACHAR Toll Plaza,74.16
Unnamed Village,TAMENGLONG,273.0,11715764753,village,37,0.11,Belghoria Expressway,563.96,JIRIBAM,40.0,Khongsang,4.07,Kolkata Port (Syama Prasad Mookerjee Port) incl. Haldia Dock Complex,575.38,ICD Amingaon,234.31,Moreh ICP,98.71,Lokpriya Gopinath Bordoloi International Airport (GAU),236.89,MMLP Silchar,74.16,Lakhipur Terminal,52.43,FCI Depot Imphal,40.64,CACHAR Toll Plaza,77.54
Awangkhul,TAMENGLONG,273.0,11715764754,village,37,0.09,Belghoria Expressway,567.21,JIRIBAM,43.45,Khongsang,7.36,Kolkata Port (Syama Prasad Mookerjee Port) incl. Haldia Dock Complex,578.62,ICD Amingaon,236.82,Moreh ICP,96.2,Lokpriya Gopinath Bordoloi International Airport (GAU),239.51,MMLP Silchar,77.6,Lakhipur Terminal,55.88,FCI Depot Imphal,37.21,CACHAR Toll Plaza,80.88
Thangsi,CHURACHANDPUR,274.0,11715953782,village,2,15.22,Belghoria Expressway,556.04,JIRIBAM,54.81,Khongsang,36.32,Kolkata Port (Syama Prasad Mookerjee Port) incl. Haldia Dock Complex,567.05,ICD Amingaon,260.75,Moreh ICP,77.24,Lokpriya Gopinath Bordoloi International Airport (GAU),262.23,MMLP Silchar,86.71,Lakhipur Terminal,64.56,FCI Depot Imphal,48.62,CACHAR Toll Plaza,94.26
Silen,CHURACHANDPUR,274.0,11715953867,village,2,9.43,Belghoria Expressway,567.55,JIRIBAM,58.63,Khongsang,32.1,Kolkata Port (Syama Prasad Mookerjee Port) incl. Haldia Dock Complex,578.62,ICD Amingaon,261.48,Moreh ICP,72.74,Lokpriya Gopinath Bordoloi International Airport (GAU),263.54,MMLP Silchar,92.22,Lakhipur Terminal,69.66,FCI Depot Imphal,36.11,CACHAR Toll Plaza,98.49
L. Phaikholum,CHURACHANDPUR,274.0,11715953868,village,2,9.67,Belghoria Expressway,567.22,JIRIBAM,58.6,Khongsang,32.33,Kolkata Port (Syama Prasad Mookerjee Port) incl. Haldia Dock Complex,578.28,ICD Amingaon,261.6,Moreh ICP,72.71,Lokpriya Gopinath Bordoloi International Airport (GAU),263.64,MMLP Silchar,92.14,Lakhipur Terminal,69.59,FCI Depot Imphal,36.54,CACHAR Toll Plaza,98.46
Samulamlan,BISHNUPUR,275.0,11772693880,village,2,10.04,Belghoria Expressway,572.26,JIRIBAM,83.12,Khongsang,60.84,Kolkata Port (Syama Prasad Mookerjee Port) incl. Haldia Dock Complex,582.96,ICD Amingaon,288.78,Moreh ICP,50.44,Lokpriya Gopinath Bordoloi International Airport (GAU),290.41,MMLP Silchar,114.54,Lakhipur Terminal,92.64,FCI Depot Imphal,51.41,CACHAR Toll Plaza,122.46
Tuiringphaisen,BISHNUPUR,275.0,11772693911,village,2,9.14,Belghoria Expressway,571.94,JIRIBAM,81.31,Khongsang,58.8,Kolkata Port (Syama Prasad Mookerjee Port) incl. Haldia Dock Complex,582.66,ICD Amingaon,286.85,Moreh ICP,51.77,Lokpriya Gopinath Bordoloi International Airport (GAU),288.51,MMLP Silchar,112.89,Lakhipur Terminal,90.93,FCI Depot Imphal,49.89,CACHAR Toll Plaza,120.72
Siden,CHURACHANDPUR,274.0,11772736498,village,2,5.96,Belghoria Expressway,568.95,JIRIBAM,78.4,Khongsang,56.8,Kolkata Port (Syama Prasad Mookerjee Port) incl. Haldia Dock Complex,579.69,ICD Amingaon,284.21,Moreh ICP,55.04,Lokpriya Gopinath Bordoloi International Airport (GAU),285.79,MMLP Silchar,109.79,Lakhipur Terminal,87.89,FCI Depot Imphal,50.5,CACHAR Toll Plaza,117.72
T. Boljang,BISHNUPUR,275.0,11772736499,village,2,6.82,Belghoria Expressway,569.79,JIRIBAM,79.07,Khongsang,57.17,Kolkata Port (Syama Prasad Mookerjee Port) incl. Haldia Dock Complex,580.53,ICD Amingaon,284.78,Moreh ICP,54.22,Lokpriya Gopinath Bordoloi International Airport (GAU),286.39,MMLP Silchar,110.53,Lakhipur Terminal,88.6,FCI Depot Imphal,50.16,CACHAR Toll Plaza,118.41
D Hermon,BISHNUPUR,275.0,11772736802,village,2,7.4,Belghoria Expressway,570.27,JIRIBAM,79.83,Khongsang,57.85,Kolkata Port (Syama Prasad Mookerjee Port) incl. Haldia Dock Complex,581.0,ICD Amingaon,285.54,Moreh ICP,53.5,Lokpriya Gopinath Bordoloi International Airport (GAU),287.15,MMLP Silchar,111.29,Lakhipur Terminal,89.37,FCI Depot Imphal,50.35,CACHAR Toll Plaza,119.18
Unnamed Village,TENGNOUPAL,667.0,11780358640,village,46,8.8,Belghoria Expressway,606.21,JIRIBAM,125.78,Khongsang,99.18,Kolkata Port (Syama Prasad Mookerjee Port) incl. Haldia Dock Complex,616.53,ICD Amingaon,329.54,Moreh ICP,10.44,Lokpriya Gopinath Bordoloi International Airport (GAU),331.72,MMLP Silchar,157.84,Lakhipur Terminal,135.77,FCI Depot Imphal,71.65,CACHAR Toll Plaza,165.43
Thingphai,CHANDEL,280.0,11780368889,village,46,2.52,Belghoria Expressway,604.33,JIRIBAM,136.09,Khongsang,111.84,Kolkata Port (Syama Prasad Mookerjee Port) incl. Haldia Dock Complex,614.44,ICD Amingaon,341.46,Moreh ICP,22.0,Lokpriya Gopinath Bordoloi International Airport (GAU),343.27,MMLP Silchar,166.97,Lakhipur Terminal,145.38,FCI Depot Imphal,86.93,CACHAR Toll Plaza,175.28
Unnamed Hamlet,TENGNOUPAL,667.0,11780469153,village,102,1.37,Belghoria Expressway,609.64,JIRIBAM,120.72,Khongsang,92.06,Kolkata Port (Syama Prasad Mookerjee Port) incl. Haldia Dock Complex,620.1,ICD Amingaon,322.53,Moreh ICP,10.51,Lokpriya Gopinath Bordoloi International Airport (GAU),325.05,MMLP Silchar,153.64,Lakhipur Terminal,131.28,FCI Depot Imphal,61.52,CACHAR Toll Plaza,160.57
Gambal,KAMJANG,670.0,11780487616,village,202,27.1,Belghoria Expressway,679.33,RANGAPAHAR,134.07,Khongsang,121.59,Kolkata Port (Syama Prasad Mookerjee Port) incl. Haldia Dock Complex,690.46,ICD Amingaon,323.54,Moreh ICP,91.13,Lokpriya Gopinath Bordoloi International Airport (GAU),329.26,MMLP Silchar,191.33,Lakhipur Terminal,170.3,FCI Depot Imphal,78.56,DIMA HASAO Toll Plaza,173.08
Thangjingpokpi,KANGPOKPI,679.0,11819961956,village,202,9.05,Belghoria Expressway,618.89,JIRIBAM,99.93,Khongsang,63.9,Kolkata Port (Syama Prasad Mookerjee Port) incl. Haldia Dock Complex,630.02,ICD Amingaon,284.0,Moreh ICP,62.48,Lokpriya Gopinath Bordoloi International Airport (GAU),288.05,MMLP Silchar,134.19,Lakhipur Terminal,112.3,FCI Depot Imphal,19.39,CACHAR Toll Plaza,137.17
Nongdam Kuki,KAMJANG,670.0,11819962910,village,202,9.04,Belghoria Expressway,621.12,JIRIBAM,101.92,Khongsang,65.83,Kolkata Port (Syama Prasad Mookerjee Port) incl. Haldia Dock Complex,632.26,ICD Amingaon,285.09,Moreh ICP,63.04,Lokpriya Gopinath Bordoloi International Airport (GAU),289.23,MMLP Silchar,136.13,Lakhipur Terminal,114.3,FCI Depot Imphal,21.34,CACHAR Toll Plaza,139.01
Island,KANGPOKPI,679.0,11819962911,village,102A,11.39,Belghoria Expressway,617.17,JIRIBAM,99.35,Khongsang,63.53,Kolkata Port (Syama Prasad Mookerjee Port) incl. Haldia Dock Complex,628.27,ICD Amingaon,285.22,Moreh ICP,59.56,Lokpriya Gopinath Bordoloi International Airport (GAU),289.15,MMLP Silchar,133.7,Lakhipur Terminal,111.67,FCI Depot Imphal,19.19,CACHAR Toll Plaza,136.97
Moirangphurel,KANGPOKPI,679.0,11819962912,village,102A,11.19,Belghoria Expressway,617.61,JIRIBAM,99.77,Khongsang,63.94,Kolkata Port (Syama Prasad Mookerjee Port) incl. Haldia Dock Complex,628.71,ICD Amingaon,285.49,Moreh ICP,59.57,Lokpriya Gopinath Bordoloi International Airport (GAU),289.44,MMLP Silchar,134.11,Lakhipur Terminal,112.09,FCI Depot Imphal,19.58,CACHAR Toll Plaza,137.37
Naranseina,BISHNUPUR,275.0,11860973511,village,2,0.13,Belghoria Expressway,572.84,JIRIBAM,69.82,Khongsang,43.7,Kolkata Port (Syama Prasad Mookerjee Port) incl. Haldia Dock Complex,583.77,ICD Amingaon,273.29,Moreh ICP,61.31,Lokpriya Gopinath Bordoloi International Airport (GAU),275.32,MMLP Silchar,102.93,Lakhipur Terminal,80.47,FCI Depot Imphal,37.22,CACHAR Toll Plaza,109.66
Khoirentak Khuman,CHURACHANDPUR,274.0,11860973526,village,2,3.03,Belghoria Expressway,570.03,JIRIBAM,67.1,Khongsang,41.89,Kolkata Port (Syama Prasad Mookerjee Port) incl. Haldia Dock Complex,580.98,ICD Amingaon,271.01,Moreh ICP,64.02,Lokpriya Gopinath Bordoloi International Airport (GAU),272.96,MMLP Silchar,100.08,Lakhipur Terminal,77.65,FCI Depot Imphal,38.7,CACHAR Toll Plaza,106.92
Khoirentak Khunou,CHURACHANDPUR,274.0,11860973527,village,2,2.79,Belghoria Expressway,570.22,JIRIBAM,67.7,Khongsang,42.55,Kolkata Port (Syama Prasad Mookerjee Port) incl. Haldia Dock Complex,581.15,ICD Amingaon,271.66,Moreh ICP,63.43,Lokpriya Gopinath Bordoloi International Airport (GAU),273.6,MMLP Silchar,100.63,Lakhipur Terminal,78.22,FCI Depot Imphal,38.94,CACHAR Toll Plaza,107.51
Hermontlang,CHURACHANDPUR,274.0,11860973528,village,2,3.12,Belghoria Expressway,569.87,JIRIBAM,67.56,Khongsang,42.6,Kolkata Port (Syama Prasad Mookerjee Port) incl. Haldia Dock Complex,580.8,ICD Amingaon,271.62,Moreh ICP,63.58,Lokpriya Gopinath Bordoloi International Airport (GAU),273.54,MMLP Silchar,100.45,Lakhipur Terminal,78.05,FCI Depot Imphal,39.31,CACHAR Toll Plaza,107.37
Thamnapokpi,BISHNUPUR,275.0,11863294658,village,2,0.09,Belghoria Expressway,572.82,JIRIBAM,70.33,Khongsang,44.4,Kolkata Port (Syama Prasad Mookerjee Port) incl. Haldia Dock Complex,583.74,ICD Amingaon,273.92,Moreh ICP,60.79,Lokpriya Gopinath Bordoloi International Airport (GAU),275.94,MMLP Silchar,103.38,Lakhipur Terminal,80.94,FCI Depot Imphal,37.73,CACHAR Toll Plaza,110.16
Terakhongsongbi,BISHNUPUR,275.0,11863297975,village,2,0.05,Belghoria Expressway,569.31,JIRIBAM,71.28,Khongsang,47.75,Kolkata Port (Syama Prasad Mookerjee Port) incl. Haldia Dock Complex,580.18,ICD Amingaon,276.14,Moreh ICP,60.29,Lokpriya Gopinath Bordoloi International Airport (GAU),277.93,MMLP Silchar,103.61,Lakhipur Terminal,81.38,FCI Depot Imphal,43.3,CACHAR Toll Plaza,110.94
Tronglaobi,BISHNUPUR,275.0,11863297976,village,2,0.22,Belghoria Expressway,570.42,JIRIBAM,71.1,Khongsang,46.85,Kolkata Port (Syama Prasad Mookerjee Port) incl. Haldia Dock Complex,581.3,ICD Amingaon,275.62,Moreh ICP,60.24,Lokpriya Gopinath Bordoloi International Airport (GAU),277.48,MMLP Silchar,103.65,Lakhipur Terminal,81.35,FCI Depot Imphal,41.68,CACHAR Toll Plaza,110.83
Phubala,BISHNUPUR,275.0,11863297977,village,2,0.05,Belghoria Expressway,573.48,JIRIBAM,69.0,Khongsang,42.2,Kolkata Port (Syama Prasad Mookerjee Port) incl. Haldia Dock Complex,584.43,ICD Amingaon,272.02,Moreh ICP,62.21,Lokpriya Gopinath Bordoloi International Airport (GAU),274.12,MMLP Silchar,102.3,Lakhipur Terminal,79.8,FCI Depot Imphal,35.56,CACHAR Toll Plaza,108.85
Sunushiphai,BISHNUPUR,275.0,11863297978,village,2,0.06,Belghoria Expressway,573.22,JIRIBAM,69.18,Khongsang,42.61,Kolkata Port (Syama Prasad Mookerjee Port) incl. Haldia Dock Complex,584.16,ICD Amingaon,272.35,Moreh ICP,61.99,Lokpriya Gopinath Bordoloi International Airport (GAU),274.43,MMLP Silchar,102.42,Lakhipur Terminal,79.93,FCI Depot Imphal,36.1,CACHAR Toll Plaza,109.03
Ngangkhalawai,BISHNUPUR,275.0,11863297982,village,2,0.34,Belghoria Expressway,572.5,JIRIBAM,70.6,Khongsang,44.95,Kolkata Port (Syama Prasad Mookerjee Port) incl. Haldia Dock Complex,583.41,ICD Amingaon,274.36,Moreh ICP,60.52,Lokpriya Gopinath Bordoloi International Airport (GAU),276.35,MMLP Silchar,103.56,Lakhipur Terminal,81.15,FCI Depot Imphal,38.42,CACHAR Toll Plaza,110.42
Satang Kuki,KANGPOKPI,679.0,11866651748,village,2,12.41,Belghoria Expressway,619.71,WADRENGDISA,90.47,Khongsang,58.9,Kolkata Port (Syama Prasad Mookerjee Port) incl. Haldia Dock Complex,631.11,ICD Amingaon,265.72,Moreh ICP,86.03,Lokpriya Gopinath Bordoloi International Airport (GAU),270.41,MMLP Silchar,127.42,Lakhipur Terminal,106.99,FCI Depot Imphal,24.11,DIMA HASAO Toll Plaza,119.43
Bilei Kuki,KANGPOKPI,679.0,11866678276,village,2,11.7,Belghoria Expressway,619.3,WADRENGDISA,89.72,Khongsang,58.44,Kolkata Port (Syama Prasad Mookerjee Port) incl. Haldia Dock Complex,630.7,ICD Amingaon,264.93,Moreh ICP,86.65,Lokpriya Gopinath Bordoloi International Airport (GAU),269.63,MMLP Silchar,126.86,Lakhipur Terminal,106.47,FCI Depot Imphal,24.23,DIMA HASAO Toll Plaza,118.65
New Boljang,KANGPOKPI,679.0,11866678277,village,202,12.16,Belghoria Expressway,620.97,WADRENGDISA,91.54,Khongsang,60.17,Kolkata Port (Syama Prasad Mookerjee Port) incl. Haldia Dock Complex,632.37,ICD Amingaon,266.63,Moreh ICP,86.0,Lokpriya Gopinath Bordoloi International Airport (GAU),271.36,MMLP Silchar,128.69,Lakhipur Terminal,108.26,FCI Depot Imphal,25.0,DIMA HASAO Toll Plaza,120.13
Dolaithabi,IMPHAL EAST,278.0,11867586036,village,2,10.5,Belghoria Expressway,617.4,WADRENGDISA,88.71,Khongsang,56.59,Kolkata Port (Syama Prasad Mookerjee Port) incl. Haldia Dock Complex,628.8,ICD Amingaon,264.28,Moreh ICP,85.84,Lokpriya Gopinath Bordoloi International Airport (GAU),268.9,MMLP Silchar,125.18,Lakhipur Terminal,104.71,FCI Depot Imphal,22.38,DIMA HASAO Toll Plaza,118.43
Purum Likli,IMPHAL EAST,278.0,11867586039,village,2,9.74,Belghoria Expressway,617.04,WADRENGDISA,87.91,Khongsang,56.18,Kolkata Port (Syama Prasad Mookerjee Port) incl. Haldia Dock Complex,628.45,ICD Amingaon,263.42,Moreh ICP,86.62,Lokpriya Gopinath Bordoloi International Airport (GAU),268.05,MMLP Silchar,124.63,Lakhipur Terminal,104.22,FCI Depot Imphal,22.69,DIMA HASAO Toll Plaza,117.54
Pukhao Naharup,IMPHAL EAST,278.0,11867586058,village,2,10.71,Belghoria Expressway,616.65,WADRENGDISA,89.02,Khongsang,55.95,Kolkata Port (Syama Prasad Mookerjee Port) incl. Haldia Dock Complex,628.03,ICD Amingaon,264.85,Moreh ICP,84.5,Lokpriya Gopinath Bordoloi International Airport (GAU),269.41,MMLP Silchar,124.79,Lakhipur Terminal,104.21,FCI Depot Imphal,20.96,DIMA HASAO Toll Plaza,119.29
Taretkhul,IMPHAL EAST,278.0,11869480101,village,202,4.43,Belghoria Expressway,614.48,JIRIBAM,91.57,Khongsang,55.29,Kolkata Port (Syama Prasad Mookerjee Port) incl. Haldia Dock Complex,625.77,ICD Amingaon,270.47,Moreh ICP,75.76,Lokpriya Gopinath Bordoloi International Airport (GAU),274.73,MMLP Silchar,125.27,Lakhipur Terminal,104.02,FCI Depot Imphal,14.44,DIMA HASAO Toll Plaza,126.39
Govajang,KANGPOKPI,679.0,11869481601,village,202,7.69,Belghoria Expressway,622.07,WADRENGDISA,95.3,Khongsang,61.74,Kolkata Port (Syama Prasad Mookerjee Port) incl. Haldia Dock Complex,633.42,ICD Amingaon,270.82,Moreh ICP,81.73,Lokpriya Gopinath Bordoloi International Airport (GAU),275.47,MMLP Silchar,130.93,Lakhipur Terminal,110.18,FCI Depot Imphal,23.57,DIMA HASAO Toll Plaza,124.62
Keibi Hekakmapal,IMPHAL EAST,278.0,11869481604,village,202,0.54,Belghoria Expressway,612.43,JIRIBAM,90.53,Khongsang,54.24,Kolkata Port (Syama Prasad Mookerjee Port) incl. Haldia Dock Complex,623.67,ICD Amingaon,271.98,Moreh ICP,72.33,Lokpriya Gopinath Bordoloi International Airport (GAU),276.08,MMLP Silchar,124.46,Lakhipur Terminal,102.97,FCI Depot Imphal,11.49,CACHAR Toll Plaza,126.82
Uyumpok,IMPHAL EAST,278.0,11869807021,village,202,8.0,Belghoria Expressway,615.31,JIRIBAM,91.54,Khongsang,55.36,Kolkata Port (Syama Prasad Mookerjee Port) incl. Haldia Dock Complex,626.64,ICD Amingaon,268.15,Moreh ICP,79.29,Lokpriya Gopinath Bordoloi International Airport (GAU),272.53,MMLP Silchar,124.97,Lakhipur Terminal,103.98,FCI Depot Imphal,16.8,DIMA HASAO Toll Plaza,123.47
Semol,KANGPOKPI,679.0,11870069122,village,202,2.26,Belghoria Expressway,623.05,JIRIBAM,100.01,Khongsang,63.76,Kolkata Port (Syama Prasad Mookerjee Port) incl. Haldia Dock Complex,634.33,ICD Amingaon,276.09,Moreh ICP,76.01,Lokpriya Gopinath Bordoloi International Airport (GAU),280.62,MMLP Silchar,133.58,Lakhipur Terminal,112.46,FCI Depot Imphal,22.47,DIMA HASAO Toll Plaza,130.38
Khongbal Tangkhul,KANGPOKPI,679.0,11870095809,village,202,7.81,Belghoria Expressway,618.41,WADRENGDISA,93.49,Khongsang,58.32,Kolkata Port (Syama Prasad Mookerjee Port) incl. Haldia Dock Complex,629.74,ICD Amingaon,269.61,Moreh ICP,80.01,Lokpriya Gopinath Bordoloi International Airport (GAU),274.11,MMLP Silchar,127.78,Lakhipur Terminal,106.88,FCI Depot Imphal,19.72,DIMA HASAO Toll Plaza,124.25
Sinam Kom,IMPHAL EAST,278.0,11871709500,village,2,8.22,Belghoria Expressway,609.95,DAOTUHAJA,85.33,Khongsang,49.49,Kolkata Port (Syama Prasad Mookerjee Port) incl. Haldia Dock Complex,621.31,ICD Amingaon,262.15,Moreh ICP,82.68,Lokpriya Gopinath Bordoloi International Airport (GAU),266.44,MMLP Silchar,118.81,Lakhipur Terminal,97.96,FCI Depot Imphal,15.25,DIMA HASAO Toll Plaza,118.23
Sagolmang,IMPHAL EAST,278.0,11871772642,village,202,9.82,Belghoria Expressway,615.05,WADRENGDISA,89.97,Khongsang,54.74,Kolkata Port (Syama Prasad Mookerjee Port) incl. Haldia Dock Complex,626.4,ICD Amingaon,266.32,Moreh ICP,81.37,Lokpriya Gopinath Bordoloi International Airport (GAU),270.74,MMLP Silchar,124.1,Lakhipur Terminal,103.25,FCI Depot Imphal,17.78,DIMA HASAO Toll Plaza,121.45
Nongsum,IMPHAL EAST,278.0,11872439947,village,202,8.14,Belghoria Expressway,617.5,WADRENGDISA,92.93,Khongsang,57.44,Kolkata Port (Syama Prasad Mookerjee Port) incl. Haldia Dock Complex,628.83,ICD Amingaon,269.17,Moreh ICP,79.81,Lokpriya Gopinath Bordoloi International Airport (GAU),273.63,MMLP Silchar,126.95,Lakhipur Terminal,106.02,FCI Depot Imphal,18.86,DIMA HASAO Toll Plaza,124.0
New Salbung,TENGNOUPAL,667.0,11918692376,village,46,2.06,Belghoria Expressway,612.85,JIRIBAM,131.75,Khongsang,104.3,Kolkata Port (Syama Prasad Mookerjee Port) incl. Haldia Dock Complex,623.15,ICD Amingaon,334.78,Moreh ICP,5.72,Lokpriya Gopinath Bordoloi International Airport (GAU),337.12,MMLP Silchar,164.08,Lakhipur Terminal,141.92,FCI Depot Imphal,74.58,CACHAR Toll Plaza,171.48
H. Langcham,TENGNOUPAL,667.0,11918692397,village,46,1.89,Belghoria Expressway,613.17,JIRIBAM,131.71,Khongsang,104.17,Kolkata Port (Syama Prasad Mookerjee Port) incl. Haldia Dock Complex,623.47,ICD Amingaon,334.65,Moreh ICP,5.23,Lokpriya Gopinath Bordoloi International Airport (GAU),337.01,MMLP Silchar,164.09,Lakhipur Terminal,141.91,FCI Depot Imphal,74.28,CACHAR Toll Plaza,171.46
Waroiching,KANGPOKPI,679.0,11919388250,village,37,4.34,Belghoria Expressway,582.03,JIRIBAM,63.61,Khongsang,29.11,Kolkata Port (Syama Prasad Mookerjee Port) incl. Haldia Dock Complex,593.24,ICD Amingaon,258.21,Moreh ICP,75.19,Lokpriya Gopinath Bordoloi International Airport (GAU),261.12,MMLP Silchar,98.07,Lakhipur Terminal,75.78,FCI Depot Imphal,19.17,CACHAR Toll Plaza,102.24
Loibol Khunou,KANGPOKPI,679.0,11919388268,village,37,5.15,Belghoria Expressway,581.62,JIRIBAM,63.61,Khongsang,29.33,Kolkata Port (Syama Prasad Mookerjee Port) incl. Haldia Dock Complex,592.83,ICD Amingaon,258.64,Moreh ICP,74.68,Lokpriya Gopinath Bordoloi International Airport (GAU),261.52,MMLP Silchar,98.06,Lakhipur Terminal,75.74,FCI Depot Imphal,19.64,CACHAR Toll Plaza,102.33
Irengbam,BISHNUPUR,275.0,11920252365,village,2,1.46,Belghoria Expressway,582.53,JIRIBAM,66.55,Khongsang,33.11,Kolkata Port (Syama Prasad Mookerjee Port) incl. Haldia Dock Complex,593.68,ICD Amingaon,262.86,Moreh ICP,70.34,Lokpriya Gopinath Bordoloi International Airport (GAU),265.67,MMLP Silchar,100.98,Lakhipur Terminal,78.54,FCI Depot Imphal,19.72,CACHAR Toll Plaza,105.62
Yumnam Khunou,BISHNUPUR,275.0,11920279895,village,2,0.07,Belghoria Expressway,582.55,JIRIBAM,67.42,Khongsang,34.36,Kolkata Port (Syama Prasad Mookerjee Port) incl. Haldia Dock Complex,593.68,ICD Amingaon,264.28,Moreh ICP,68.86,Lokpriya Gopinath Bordoloi International Airport (GAU),267.05,MMLP Silchar,101.82,Lakhipur Terminal,79.34,FCI Depot Imphal,20.3,CACHAR Toll Plaza,106.61
Yanglem Leikai,BISHNUPUR,275.0,11920279918,village,2,0.32,Belghoria Expressway,581.64,JIRIBAM,66.73,Khongsang,33.89,Kolkata Port (Syama Prasad Mookerjee Port) incl. Haldia Dock Complex,592.77,ICD Amingaon,263.95,Moreh ICP,69.14,Lokpriya Gopinath Bordoloi International Airport (GAU),266.68,MMLP Silchar,101.11,Lakhipur Terminal,78.62,FCI Depot Imphal,21.2,CACHAR Toll Plaza,105.97
Keinou Thongkha,BISHNUPUR,275.0,11920279935,village,2,0.16,Belghoria Expressway,581.57,JIRIBAM,67.01,Khongsang,34.34,Kolkata Port (Syama Prasad Mookerjee Port) incl. Haldia Dock Complex,592.69,ICD Amingaon,264.46,Moreh ICP,68.61,Lokpriya Gopinath Bordoloi International Airport (GAU),267.17,MMLP Silchar,101.37,Lakhipur Terminal,78.87,FCI Depot Imphal,21.52,CACHAR Toll Plaza,106.3
Oinam,BISHNUPUR,275.0,11920279936,village,2,0.39,Belghoria Expressway,584.21,JIRIBAM,68.67,Khongsang,35.21,Kolkata Port (Syama Prasad Mookerjee Port) incl. Haldia Dock Complex,595.34,ICD Amingaon,264.85,Moreh ICP,68.43,Lokpriya Gopinath Bordoloi International Airport (GAU),267.69,MMLP Silchar,103.09,Lakhipur Terminal,80.64,FCI Depot Imphal,18.66,CACHAR Toll Plaza,107.75
K Molnom,KAKCHING,651.0,11933550715,village,102C,16.91,Belghoria Expressway,574.09,JIRIBAM,96.27,Khongsang,75.68,Kolkata Port (Syama Prasad Mookerjee Port) incl. Haldia Dock Complex,584.58,ICD Amingaon,302.67,Moreh ICP,43.2,Lokpriya Gopinath Bordoloi International Airport (GAU),304.05,MMLP Silchar,126.51,Lakhipur Terminal,105.11,FCI Depot Imphal,63.8,CACHAR Toll Plaza,135.07
Phaisan,CHANDEL,280.0,11933579372,village,102B,19.51,Belghoria Expressway,571.93,JIRIBAM,96.52,Khongsang,76.87,Kolkata Port (Syama Prasad Mookerjee Port) incl. Haldia Dock Complex,582.39,ICD Amingaon,303.12,Moreh ICP,44.99,Lokpriya Gopinath Bordoloi International Airport (GAU),304.4,MMLP Silchar,126.34,Lakhipur Terminal,105.12,FCI Depot Imphal,66.21,CACHAR Toll Plaza,135.09
Uchathol,JIRIBAM,658.0,11961414966,village,37,0.83,Belghoria Expressway,527.7,JIRIBAM,3.21,Khongsang,34.32,Kolkata Port (Syama Prasad Mookerjee Port) incl. Haldia Dock Complex,539.25,ICD Amingaon,210.12,Sutarkandi ICP,71.49,Lokpriya Gopinath Bordoloi International Airport (GAU),211.14,MMLP Silchar,37.06,Lakhipur Terminal,14.67,FCI Depot Silchar,37.06,CACHAR Toll Plaza,42.89
Borobekra,JIRIBAM,658.0,11967520020,village,37,17.45,Belghoria Expressway,516.52,JIRIBAM,18.24,Khongsang,44.7,Kolkata Port (Syama Prasad Mookerjee Port) incl. Haldia Dock Complex,527.92,ICD Amingaon,218.62,Sutarkandi ICP,66.8,Lokpriya Gopinath Bordoloi International Airport (GAU),218.8,MMLP Silchar,38.28,Lakhipur Terminal,18.92,FCI Depot Silchar,38.28,CACHAR Toll Plaza,47.93
Kulbung,TAMENGLONG,273.0,11969072865,village,37,5.28,Belghoria Expressway,530.27,JIRIBAM,10.56,Khongsang,30.75,Kolkata Port (Syama Prasad Mookerjee Port) incl. Haldia Dock Complex,541.74,ICD Amingaon,217.47,Sutarkandi ICP,76.44,Lokpriya Gopinath Bordoloi International Airport (GAU),218.49,MMLP Silchar,43.25,Lakhipur Terminal,20.68,FCI Depot Silchar,43.25,CACHAR Toll Plaza,49.88
Lower Kharkuplien,PHERZAWL,718.0,11969109586,village,2,21.11,Belghoria Expressway,513.17,JIRIBAM,30.52,Khongsang,50.79,Kolkata Port (Syama Prasad Mookerjee Port) incl. Haldia Dock Complex,524.41,ICD Amingaon,229.4,Sutarkandi ICP,71.27,Lokpriya Gopinath Bordoloi International Airport (GAU),229.22,MMLP Silchar,47.66,Lakhipur Terminal,30.92,FCI Depot Silchar,47.66,CACHAR Toll Plaza,58.47
Upper Kharkhuplien,PHERZAWL,718.0,11969109587,village,2,20.03,Belghoria Expressway,513.15,JIRIBAM,31.53,Khongsang,51.2,Kolkata Port (Syama Prasad Mookerjee Port) incl. Haldia Dock Complex,524.38,ICD Amingaon,230.44,Sutarkandi ICP,71.96,Lokpriya Gopinath Bordoloi International Airport (GAU),230.24,MMLP Silchar,48.67,Lakhipur Terminal,32.0,FCI Depot Silchar,48.67,CACHAR Toll Plaza,59.51
Savomphai,JIRIBAM,658.0,11969432789,village,37,22.55,Belghoria Expressway,513.91,JIRIBAM,24.26,Khongsang,48.17,Kolkata Port (Syama Prasad Mookerjee Port) incl. Haldia Dock Complex,525.24,ICD Amingaon,223.18,Sutarkandi ICP,67.71,Lokpriya Gopinath Bordoloi International Airport (GAU),223.13,MMLP Silchar,41.84,Lakhipur Terminal,24.25,FCI Depot Silchar,41.84,CACHAR Toll Plaza,52.26
Khangbor,PHERZAWL,718.0,11969432790,village,306,22.9,Belghoria Expressway,511.23,JIRIBAM,26.7,Khongsang,51.05,Kolkata Port (Syama Prasad Mookerjee Port) incl. Haldia Dock Complex,522.54,ICD Amingaon,223.64,Sutarkandi ICP,66.31,Lokpriya Gopinath Bordoloi International Airport (GAU),223.44,MMLP Silchar,41.89,Lakhipur Terminal,25.61,FCI Depot Silchar,41.89,CACHAR Toll Plaza,52.72
Ābin,TAMENGLONG,273.0,11972067878,village,137,18.9,Belghoria Expressway,551.17,JIRIBAM,26.97,Khongsang,24.98,Kolkata Port (Syama Prasad Mookerjee Port) incl. Haldia Dock Complex,562.89,ICD Amingaon,205.52,Sutarkandi ICP,91.02,Lokpriya Gopinath Bordoloi International Airport (GAU),208.12,MMLP Silchar,54.3,Lakhipur Terminal,37.15,FCI Depot Silchar,54.3,CACHAR Toll Plaza,54.03
Kotlen,TAMENGLONG,273.0,11975124194,village,37,0.03,Belghoria Expressway,584.01,JIRIBAM,62.0,Khongsang,25.95,Kolkata Port (Syama Prasad Mookerjee Port) incl. Haldia Dock Complex,595.32,ICD Amingaon,252.07,Moreh ICP,82.19,Lokpriya Gopinath Bordoloi International Airport (GAU),255.26,MMLP Silchar,96.22,Lakhipur Terminal,74.4,FCI Depot Imphal,18.59,CACHAR Toll Plaza,99.4
T. Laijang,TAMENGLONG,273.0,11975138840,village,37,0.0,Belghoria Expressway,582.33,JIRIBAM,60.52,Khongsang,24.58,Kolkata Port (Syama Prasad Mookerjee Port) incl. Haldia Dock Complex,593.64,ICD Amingaon,251.4,Moreh ICP,82.56,Lokpriya Gopinath Bordoloi International Airport (GAU),254.52,MMLP Silchar,94.78,Lakhipur Terminal,72.9,FCI Depot Imphal,20.06,CACHAR Toll Plaza,98.08
Leishabithol,TAMENGLONG,273.0,11976451262,village,37,4.65,Belghoria Expressway,526.64,JIRIBAM,6.79,Khongsang,34.63,Kolkata Port (Syama Prasad Mookerjee Port) incl. Haldia Dock Complex,538.15,ICD Amingaon,213.41,Sutarkandi ICP,71.9,Lokpriya Gopinath Bordoloi International Airport (GAU),214.29,MMLP Silchar,38.5,Lakhipur Terminal,15.93,FCI Depot Silchar,38.5,CACHAR Toll Plaza,45.25
Konsakhul,KANGPOKPI,679.0,11978452947,village,2,7.34,Belghoria Expressway,593.67,JIRIBAM,69.01,Khongsang,32.96,Kolkata Port (Syama Prasad Mookerjee Port) incl. Haldia Dock Complex,605.07,ICD Amingaon,250.48,Moreh ICP,87.29,Lokpriya Gopinath Bordoloi International Airport (GAU),254.26,MMLP Silchar,102.4,Lakhipur Terminal,81.44,FCI Depot Imphal,16.98,CACHAR Toll Plaza,104.22
Leilon Vaiphei,KANGPOKPI,679.0,11978452948,village,2,6.2,Belghoria Expressway,595.02,JIRIBAM,70.27,Khongsang,34.27,Kolkata Port (Syama Prasad Mookerjee Port) incl. Haldia Dock Complex,606.43,ICD Amingaon,251.0,Moreh ICP,87.3,Lokpriya Gopinath Bordoloi International Airport (GAU),254.83,MMLP Silchar,103.6,Lakhipur Terminal,82.69,FCI Depot Imphal,16.7,CACHAR Toll Plaza,105.33
Phaitol,JIRIBAM,658.0,11978641677,village,37,0.19,Belghoria Expressway,528.76,JIRIBAM,3.59,Khongsang,33.34,Kolkata Port (Syama Prasad Mookerjee Port) incl. Haldia Dock Complex,540.31,ICD Amingaon,210.28,Sutarkandi ICP,72.42,Lokpriya Gopinath Bordoloi International Airport (GAU),211.36,MMLP Silchar,37.84,Lakhipur Terminal,15.54,FCI Depot Silchar,37.84,CACHAR Toll Plaza,43.44
Hilghat,JIRIBAM,658.0,11978641740,village,37,0.06,Belghoria Expressway,528.18,JIRIBAM,2.29,Khongsang,34.23,Kolkata Port (Syama Prasad Mookerjee Port) incl. Haldia Dock Complex,539.76,ICD Amingaon,208.94,Sutarkandi ICP,71.48,Lokpriya Gopinath Bordoloi International Airport (GAU),210.01,MMLP Silchar,36.7,Lakhipur Terminal,14.54,FCI Depot Silchar,36.7,CACHAR Toll Plaza,42.14
Kaiphundai,TAMENGLONG,273.0,11978769478,village,37,0.01,Belghoria Expressway,535.04,JIRIBAM,9.9,Khongsang,26.7,Kolkata Port (Syama Prasad Mookerjee Port) incl. Haldia Dock Complex,546.57,ICD Amingaon,214.49,Sutarkandi ICP,79.09,Lokpriya Gopinath Bordoloi International Airport (GAU),215.86,MMLP Silchar,44.36,Lakhipur Terminal,22.2,FCI Depot Silchar,44.36,CACHAR Toll Plaza,49.37
Choudhurikhal,JIRIBAM,658.0,11980981784,village,37,20.88,Belghoria Expressway,515.43,JIRIBAM,22.91,Khongsang,46.53,Kolkata Port (Syama Prasad Mookerjee Port) incl. Haldia Dock Complex,526.77,ICD Amingaon,222.91,Sutarkandi ICP,68.53,Lokpriya Gopinath Bordoloi International Airport (GAU),222.96,MMLP Silchar,41.89,Lakhipur Terminal,23.58,FCI Depot Silchar,41.89,CACHAR Toll Plaza,52.05
Durgapur,JIRIBAM,658.0,11981270364,village,37,20.91,Belghoria Expressway,515.02,JIRIBAM,22.13,Khongsang,46.71,Kolkata Port (Syama Prasad Mookerjee Port) incl. Haldia Dock Complex,526.37,ICD Amingaon,221.71,Sutarkandi ICP,67.54,Lokpriya Gopinath Bordoloi International Airport (GAU),221.76,MMLP Silchar,40.7,Lakhipur Terminal,22.44,FCI Depot Silchar,40.7,CACHAR Toll Plaza,50.85
Madhupur,JIRIBAM,658.0,11981360569,village,37,20.76,Belghoria Expressway,514.8,JIRIBAM,21.6,Khongsang,46.8,Kolkata Port (Syama Prasad Mookerjee Port) incl. Haldia Dock Complex,526.16,ICD Amingaon,220.94,Sutarkandi ICP,66.95,Lokpriya Gopinath Bordoloi International Airport (GAU),220.99,MMLP Silchar,39.94,Lakhipur Terminal,21.69,FCI Depot Silchar,39.94,CACHAR Toll Plaza,50.08
Lower pholjang,IMPHAL WEST,277.0,11994686137,village,37,1.6,Belghoria Expressway,584.88,JIRIBAM,65.73,Khongsang,30.66,Kolkata Port (Syama Prasad Mookerjee Port) incl. Haldia Dock Complex,596.1,ICD Amingaon,258.84,Moreh ICP,74.98,Lokpriya Gopinath Bordoloi International Airport (GAU),261.88,MMLP Silchar,100.16,Lakhipur Terminal,77.96,FCI Depot Imphal,16.28,CACHAR Toll Plaza,104.06
Namching,IMPHAL WEST,277.0,11994686138,village,37,0.65,Belghoria Expressway,585.72,JIRIBAM,66.24,Khongsang,31.0,Kolkata Port (Syama Prasad Mookerjee Port) incl. Haldia Dock Complex,596.95,ICD Amingaon,258.79,Moreh ICP,75.2,Lokpriya Gopinath Bordoloi International Airport (GAU),261.88,MMLP Silchar,100.66,Lakhipur Terminal,78.51,FCI Depot Imphal,15.44,CACHAR Toll Plaza,104.46
Namthanjang Rongmei,KANGPOKPI,679.0,11994687918,village,37,0.12,Belghoria Expressway,585.73,JIRIBAM,65.7,Khongsang,30.25,Kolkata Port (Syama Prasad Mookerjee Port) incl. Haldia Dock Complex,596.98,ICD Amingaon,257.67,Moreh ICP,76.43,Lokpriya Gopinath Bordoloi International Airport (GAU),260.79,MMLP Silchar,100.09,Lakhipur Terminal,78.0,FCI Depot Imphal,15.51,CACHAR Toll Plaza,103.76
Gularthol,JIRIBAM,658.0,11994951575,village,37,0.03,Belghoria Expressway,528.21,JIRIBAM,2.91,Khongsang,33.99,Kolkata Port (Syama Prasad Mookerjee Port) incl. Haldia Dock Complex,539.77,ICD Amingaon,209.7,Sutarkandi ICP,71.76,Lokpriya Gopinath Bordoloi International Airport (GAU),210.75,MMLP Silchar,37.14,Lakhipur Terminal,14.86,FCI Depot Silchar,37.14,CACHAR Toll Plaza,42.75
Suangphumun,PHERZAWL,718.0,12003249183,village,37,11.2,Belghoria Expressway,524.52,JIRIBAM,16.97,Khongsang,36.98,Kolkata Port (Syama Prasad Mookerjee Port) incl. Haldia Dock Complex,535.9,ICD Amingaon,222.34,Sutarkandi ICP,74.43,Lokpriya Gopinath Bordoloi International Airport (GAU),222.93,MMLP Silchar,44.15,Lakhipur Terminal,22.7,FCI Depot Silchar,44.15,CACHAR Toll Plaza,52.64
Tuaitengmun,PHERZAWL,718.0,12003263821,village,37,10.78,Belghoria Expressway,524.82,JIRIBAM,16.55,Khongsang,36.61,Kolkata Port (Syama Prasad Mookerjee Port) incl. Haldia Dock Complex,536.21,ICD Amingaon,222.06,Sutarkandi ICP,74.5,Lokpriya Gopinath Bordoloi International Airport (GAU),222.67,MMLP Silchar,44.04,Lakhipur Terminal,22.48,FCI Depot Silchar,44.04,CACHAR Toll Plaza,52.44
Unnamed Village,PHERZAWL,718.0,12003263822,village,37,12.7,Belghoria Expressway,521.5,JIRIBAM,14.06,Khongsang,39.56,Kolkata Port (Syama Prasad Mookerjee Port) incl. Haldia Dock Complex,532.93,ICD Amingaon,217.94,Sutarkandi ICP,70.02,Lokpriya Gopinath Bordoloi International Airport (GAU),218.44,MMLP Silchar,39.4,Lakhipur Terminal,18.1,FCI Depot Silchar,39.4,CACHAR Toll Plaza,47.99
Tuisen,JIRIBAM,658.0,12003263823,village,37,17.68,Belghoria Expressway,517.85,JIRIBAM,19.09,Khongsang,43.59,Kolkata Port (Syama Prasad Mookerjee Port) incl. Haldia Dock Complex,529.23,ICD Amingaon,220.63,Sutarkandi ICP,68.84,Lokpriya Gopinath Bordoloi International Airport (GAU),220.86,MMLP Silchar,40.44,Lakhipur Terminal,20.81,FCI Depot Silchar,40.44,CACHAR Toll Plaza,50.02
Saikulphai,PHERZAWL,718.0,12003263857,village,37,13.05,Belghoria Expressway,521.62,JIRIBAM,14.48,Khongsang,39.47,Kolkata Port (Syama Prasad Mookerjee Port) incl. Haldia Dock Complex,533.04,ICD Amingaon,218.44,Sutarkandi ICP,70.35,Lokpriya Gopinath Bordoloi International Airport (GAU),218.93,MMLP Silchar,39.85,Lakhipur Terminal,18.59,FCI Depot Silchar,39.85,CACHAR Toll Plaza,48.48
Buangmun,PHERZAWL,718.0,12003265040,village,37,17.69,Belghoria Expressway,518.12,JIRIBAM,19.92,Khongsang,43.5,Kolkata Port (Syama Prasad Mookerjee Port) incl. Haldia Dock Complex,529.49,ICD Amingaon,221.71,Sutarkandi ICP,69.63,Lokpriya Gopinath Bordoloi International Airport (GAU),221.94,MMLP Silchar,41.47,Lakhipur Terminal,21.89,FCI Depot Silchar,41.47,CACHAR Toll Plaza,51.09
Penyang,TENGNOUPAL,667.0,12020119091,village,102A,0.05,Belghoria Expressway,614.97,JIRIBAM,110.12,Khongsang,77.37,Kolkata Port (Syama Prasad Mookerjee Port) incl. Haldia Dock Complex,625.74,ICD Amingaon,305.85,Moreh ICP,32.42,Lokpriya Gopinath Bordoloi International Airport (GAU),309.07,MMLP Silchar,144.29,Lakhipur Terminal,121.71,FCI Depot Imphal,39.77,CACHAR Toll Plaza,149.61
Mongbung,JIRIBAM,658.0,12053139945,village,37,3.86,Belghoria Expressway,524.84,JIRIBAM,4.59,Khongsang,36.82,Kolkata Port (Syama Prasad Mookerjee Port) incl. Haldia Dock Complex,536.38,ICD Amingaon,210.46,Sutarkandi ICP,69.27,Lokpriya Gopinath Bordoloi International Airport (GAU),211.3,MMLP Silchar,35.52,Lakhipur Terminal,12.94,FCI Depot Silchar,35.52,CACHAR Toll Plaza,42.16
Champanagar,JIRIBAM,658.0,12054051003,village,37,3.65,Belghoria Expressway,524.5,JIRIBAM,3.4,Khongsang,37.49,Kolkata Port (Syama Prasad Mookerjee Port) incl. Haldia Dock Complex,536.05,ICD Amingaon,208.9,Sutarkandi ICP,68.4,Lokpriya Gopinath Bordoloi International Airport (GAU),209.75,MMLP Silchar,34.31,Lakhipur Terminal,11.77,FCI Depot Silchar,34.31,CACHAR Toll Plaza,40.72
Kadamtala,JIRIBAM,658.0,12054051004,village,37,2.6,Belghoria Expressway,525.51,JIRIBAM,2.39,Khongsang,36.65,Kolkata Port (Syama Prasad Mookerjee Port) incl. Haldia Dock Complex,537.07,ICD Amingaon,208.66,Sutarkandi ICP,69.15,Lokpriya Gopinath Bordoloi International Airport (GAU),209.58,MMLP Silchar,34.79,Lakhipur Terminal,12.35,FCI Depot Silchar,34.79,CACHAR Toll Plaza,40.88
Sejang,JIRIBAM,658.0,12054051065,village,37,3.75,Belghoria Expressway,524.78,JIRIBAM,4.31,Khongsang,36.95,Kolkata Port (Syama Prasad Mookerjee Port) incl. Haldia Dock Complex,536.32,ICD Amingaon,210.14,Sutarkandi ICP,69.1,Lokpriya Gopinath Bordoloi International Airport (GAU),210.98,MMLP Silchar,35.27,Lakhipur Terminal,12.69,FCI Depot Silchar,35.27,CACHAR Toll Plaza,41.86
Kashimpur,JIRIBAM,658.0,12054051107,village,37,5.45,Belghoria Expressway,524.59,JIRIBAM,6.69,Khongsang,36.71,Kolkata Port (Syama Prasad Mookerjee Port) incl. Haldia Dock Complex,536.1,ICD Amingaon,212.43,Sutarkandi ICP,69.86,Lokpriya Gopinath Bordoloi International Airport (GAU),213.21,MMLP Silchar,36.7,Lakhipur Terminal,14.17,FCI Depot Silchar,36.7,CACHAR Toll Plaza,43.77
Jarolpokpi,JIRIBAM,658.0,12055365295,village,37,3.38,Belghoria Expressway,526.04,JIRIBAM,4.96,Khongsang,35.52,Kolkata Port (Syama Prasad Mookerjee Port) incl. Haldia Dock Complex,537.57,ICD Amingaon,211.46,Sutarkandi ICP,70.64,Lokpriya Gopinath Bordoloi International Airport (GAU),212.35,MMLP Silchar,36.88,Lakhipur Terminal,14.3,FCI Depot Silchar,36.88,CACHAR Toll Plaza,43.4
Mongbung Meitei,JIRIBAM,658.0,12061686038,village,37,3.49,Belghoria Expressway,525.27,JIRIBAM,4.43,Khongsang,36.4,Kolkata Port (Syama Prasad Mookerjee Port) incl. Haldia Dock Complex,536.81,ICD Amingaon,210.58,Sutarkandi ICP,69.67,Lokpriya Gopinath Bordoloi International Airport (GAU),211.44,MMLP Silchar,35.85,Lakhipur Terminal,13.27,FCI Depot Silchar,35.85,CACHAR Toll Plaza,42.4
Khoken,KANGPOKPI,679.0,12067060926,village,37,2.27,Belghoria Expressway,587.02,JIRIBAM,65.6,Khongsang,29.64,Kolkata Port (Syama Prasad Mookerjee Port) incl. Haldia Dock Complex,598.3,ICD Amingaon,255.51,Moreh ICP,79.13,Lokpriya Gopinath Bordoloi International Airport (GAU),258.77,MMLP Silchar,99.86,Lakhipur Terminal,77.98,FCI Depot Imphal,14.98,CACHAR Toll Plaza,103.11
Chanung,IMPHAL EAST,278.0,12067618145,village,202,5.05,Belghoria Expressway,617.22,JIRIBAM,94.12,Khongsang,57.86,Kolkata Port (Syama Prasad Mookerjee Port) incl. Haldia Dock Complex,628.51,ICD Amingaon,271.79,Moreh ICP,76.3,Lokpriya Gopinath Bordoloi International Airport (GAU),276.15,MMLP Silchar,127.74,Lakhipur Terminal,106.57,FCI Depot Imphal,17.13,DIMA HASAO Toll Plaza,127.09
Sekta,IMPHAL EAST,278.0,12067618156,village,202,1.86,Belghoria Expressway,613.23,JIRIBAM,90.98,Khongsang,54.68,Kolkata Port (Syama Prasad Mookerjee Port) incl. Haldia Dock Complex,624.49,ICD Amingaon,271.55,Moreh ICP,73.45,Lokpriya Gopinath Bordoloi International Airport (GAU),275.71,MMLP Silchar,124.83,Lakhipur Terminal,103.42,FCI Depot Imphal,12.52,CACHAR Toll Plaza,127.06
C. Aisan,KANGPOKPI,679.0,12083729111,village,2,11.01,Belghoria Expressway,624.27,WADRENGDISA,89.97,Khongsang,63.29,Kolkata Port (Syama Prasad Mookerjee Port) incl. Haldia Dock Complex,635.73,ICD Amingaon,263.46,Moreh ICP,93.05,Lokpriya Gopinath Bordoloi International Airport (GAU),268.48,MMLP Silchar,130.36,Lakhipur Terminal,110.56,FCI Depot Imphal,31.79,DIMA HASAO Toll Plaza,115.71
Molkon,KANGPOKPI,679.0,12083729112,village,2,11.2,Belghoria Expressway,625.08,DHANSIRI,90.15,Khongsang,64.11,Kolkata Port (Syama Prasad Mookerjee Port) incl. Haldia Dock Complex,636.55,ICD Amingaon,263.52,Moreh ICP,93.75,Lokpriya Gopinath Bordoloi International Airport (GAU),268.58,MMLP Silchar,131.04,Lakhipur Terminal,111.29,FCI Depot Imphal,32.77,DIMA HASAO Toll Plaza,115.59
Lhungtin,KANGPOKPI,679.0,12083729113,village,202,14.92,Belghoria Expressway,628.65,RANGAPAHAR,93.47,Khongsang,67.66,Kolkata Port (Syama Prasad Mookerjee Port) incl. Haldia Dock Complex,640.09,ICD Amingaon,268.24,Moreh ICP,91.3,Lokpriya Gopinath Bordoloi International Airport (GAU),273.33,MMLP Silchar,135.2,Lakhipur Terminal,115.23,FCI Depot Imphal,33.62,DIMA HASAO Toll Plaza,120.1
Somphung,KANGPOKPI,679.0,12083729114,village,2,11.22,Belghoria Expressway,627.57,RANGAPAHAR,87.49,Khongsang,66.74,Kolkata Port (Syama Prasad Mookerjee Port) incl. Haldia Dock Complex,639.07,ICD Amingaon,262.96,Moreh ICP,96.91,Lokpriya Gopinath Bordoloi International Airport (GAU),268.17,MMLP Silchar,132.95,Lakhipur Terminal,113.49,FCI Depot Imphal,36.47,DIMA HASAO Toll Plaza,114.41
Gallam,KANGPOKPI,679.0,12083729115,village,2,11.25,Belghoria Expressway,628.34,RANGAPAHAR,86.57,Khongsang,67.57,Kolkata Port (Syama Prasad Mookerjee Port) incl. Haldia Dock Complex,639.85,ICD Amingaon,262.72,Moreh ICP,97.98,Lokpriya Gopinath Bordoloi International Airport (GAU),267.99,MMLP Silchar,133.53,Lakhipur Terminal,114.16,FCI Depot Imphal,37.67,DIMA HASAO Toll Plaza,113.99
Thayong,IMPHAL EAST,278.0,12084034571,village,202,7.77,Belghoria Expressway,613.05,JIRIBAM,94.12,Khongsang,58.17,Kolkata Port (Syama Prasad Mookerjee Port) incl. Haldia Dock Complex,624.19,ICD Amingaon,279.72,Moreh ICP,63.22,Lokpriya Gopinath Bordoloi International Airport (GAU),283.62,MMLP Silchar,128.41,Lakhipur Terminal,106.47,FCI Depot Imphal,13.7,CACHAR Toll Plaza,131.54
Tuisenphai,IMPHAL EAST,278.0,12084034572,village,202,7.33,Belghoria Expressway,611.58,JIRIBAM,92.39,Khongsang,56.42,Kolkata Port (Syama Prasad Mookerjee Port) incl. Haldia Dock Complex,622.73,ICD Amingaon,278.06,Moreh ICP,64.22,Lokpriya Gopinath Bordoloi International Airport (GAU),281.94,MMLP Silchar,126.67,Lakhipur Terminal,104.75,FCI Depot Imphal,11.94,CACHAR Toll Plaza,129.78
Takhel,IMPHAL EAST,278.0,12084034573,village,202,5.47,Belghoria Expressway,611.4,JIRIBAM,91.49,Khongsang,55.4,Kolkata Port (Syama Prasad Mookerjee Port) incl. Haldia Dock Complex,622.58,ICD Amingaon,276.28,Moreh ICP,66.29,Lokpriya Gopinath Bordoloi International Airport (GAU),280.19,MMLP Silchar,125.71,Lakhipur Terminal,103.87,FCI Depot Imphal,10.91,CACHAR Toll Plaza,128.64
Ngariyan,IMPHAL EAST,278.0,12084049610,village,102,7.4,Belghoria Expressway,605.54,JIRIBAM,90.03,Khongsang,55.06,Kolkata Port (Syama Prasad Mookerjee Port) incl. Haldia Dock Complex,616.6,ICD Amingaon,281.0,Moreh ICP,56.91,Lokpriya Gopinath Bordoloi International Airport (GAU),284.48,MMLP Silchar,124.49,Lakhipur Terminal,102.19,FCI Depot Imphal,14.25,CACHAR Toll Plaza,128.51
Pukhao Terapur,IMPHAL EAST,278.0,12096936527,village,2,10.41,Belghoria Expressway,616.89,WADRENGDISA,88.7,Khongsang,56.12,Kolkata Port (Syama Prasad Mookerjee Port) incl. Haldia Dock Complex,628.28,ICD Amingaon,264.41,Moreh ICP,85.25,Lokpriya Gopinath Bordoloi International Airport (GAU),268.99,MMLP Silchar,124.83,Lakhipur Terminal,104.3,FCI Depot Imphal,21.64,DIMA HASAO Toll Plaza,118.71
Utonglok,IMPHAL EAST,278.0,12096936528,village,2,10.96,Belghoria Expressway,618.26,WADRENGDISA,89.09,Khongsang,57.41,Kolkata Port (Syama Prasad Mookerjee Port) incl. Haldia Dock Complex,629.66,ICD Amingaon,264.48,Moreh ICP,86.32,Lokpriya Gopinath Bordoloi International Airport (GAU),269.14,MMLP Silchar,125.91,Lakhipur Terminal,105.49,FCI Depot Imphal,23.29,DIMA HASAO Toll Plaza,118.42
H Gelmol,KANGPOKPI,679.0,12096936534,village,2,10.97,Belghoria Expressway,618.67,WADRENGDISA,89.0,Khongsang,57.79,Kolkata Port (Syama Prasad Mookerjee Port) incl. Haldia Dock Complex,630.08,ICD Amingaon,264.25,Moreh ICP,86.97,Lokpriya Gopinath Bordoloi International Airport (GAU),268.94,MMLP Silchar,126.16,Lakhipur Terminal,105.79,FCI Depot Imphal,24.01,DIMA HASAO Toll Plaza,118.04
Sadu Koireng,IMPHAL EAST,278.0,12096936535,village,2,9.76,Belghoria Expressway,618.11,WADRENGDISA,87.6,Khongsang,57.16,Kolkata Port (Syama Prasad Mookerjee Port) incl. Haldia Dock Complex,629.53,ICD Amingaon,262.73,Moreh ICP,88.39,Lokpriya Gopinath Bordoloi International Airport (GAU),267.44,MMLP Silchar,125.24,Lakhipur Terminal,104.99,FCI Depot Imphal,24.64,DIMA HASAO Toll Plaza,116.45
Gangpiyang,KANGPOKPI,679.0,12096936536,village,2,8.9,Belghoria Expressway,617.08,WADRENGDISA,86.88,Khongsang,56.13,Kolkata Port (Syama Prasad Mookerjee Port) incl. Haldia Dock Complex,628.5,ICD Amingaon,262.18,Moreh ICP,88.2,Lokpriya Gopinath Bordoloi International Airport (GAU),266.85,MMLP Silchar,124.26,Lakhipur Terminal,103.99,FCI Depot Imphal,23.85,DIMA HASAO Toll Plaza,116.11
Kangchup Chiru,KANGPOKPI,679.0,12115782771,village,37,6.3,Belghoria Expressway,589.98,JIRIBAM,66.95,Khongsang,30.66,Kolkata Port (Syama Prasad Mookerjee Port) incl. Haldia Dock Complex,601.31,ICD Amingaon,253.41,Moreh ICP,82.43,Lokpriya Gopinath Bordoloi International Airport (GAU),256.89,MMLP Silchar,100.92,Lakhipur Terminal,79.39,FCI Depot Imphal,14.56,CACHAR Toll Plaza,103.55
Kangchup Makhong,KANGPOKPI,679.0,12115782772,village,37,5.53,Belghoria Expressway,589.13,JIRIBAM,66.15,Khongsang,29.86,Kolkata Port (Syama Prasad Mookerjee Port) incl. Haldia Dock Complex,600.46,ICD Amingaon,252.97,Moreh ICP,82.63,Lokpriya Gopinath Bordoloi International Airport (GAU),256.42,MMLP Silchar,100.14,Lakhipur Terminal,78.59,FCI Depot Imphal,15.21,CACHAR Toll Plaza,102.81
Kangchup Ponlen,KANGPOKPI,679.0,12115782780,village,37,6.74,Belghoria Expressway,589.91,JIRIBAM,66.55,Khongsang,30.25,Kolkata Port (Syama Prasad Mookerjee Port) incl. Haldia Dock Complex,601.25,ICD Amingaon,252.42,Moreh ICP,83.54,Lokpriya Gopinath Bordoloi International Airport (GAU),255.93,MMLP Silchar,100.44,Lakhipur Terminal,79.0,FCI Depot Imphal,15.36,CACHAR Toll Plaza,102.96
Singda,KANGPOKPI,679.0,12115782791,village,2,8.29,Belghoria Expressway,591.63,JIRIBAM,68.12,Khongsang,31.83,Kolkata Port (Syama Prasad Mookerjee Port) incl. Haldia Dock Complex,602.97,ICD Amingaon,253.12,Moreh ICP,83.38,Lokpriya Gopinath Bordoloi International Airport (GAU),256.69,MMLP Silchar,101.95,Lakhipur Terminal,80.57,FCI Depot Imphal,14.36,CACHAR Toll Plaza,104.35
Kangchup Khomunnom,KANGPOKPI,679.0,12115782792,village,37,7.77,Belghoria Expressway,591.31,JIRIBAM,68.03,Khongsang,31.73,Kolkata Port (Syama Prasad Mookerjee Port) incl. Haldia Dock Complex,602.65,ICD Amingaon,253.58,Moreh ICP,82.72,Lokpriya Gopinath Bordoloi International Airport (GAU),257.13,MMLP Silchar,101.92,Lakhipur Terminal,80.48,FCI Depot Imphal,14.02,CACHAR Toll Plaza,104.42
Kadangband,KANGPOKPI,679.0,12116409225,village,2,7.41,Belghoria Expressway,592.5,JIRIBAM,69.04,Khongsang,32.75,Kolkata Port (Syama Prasad Mookerjee Port) incl. Haldia Dock Complex,603.84,ICD Amingaon,253.82,Moreh ICP,82.91,Lokpriya Gopinath Bordoloi International Airport (GAU),257.43,MMLP Silchar,102.87,Lakhipur Terminal,81.49,FCI Depot Imphal,13.59,CACHAR Toll Plaza,105.26
Kharam Thadoi,KANGPOKPI,679.0,12116409226,village,2,6.86,Belghoria Expressway,593.1,JIRIBAM,69.41,Khongsang,33.13,Kolkata Port (Syama Prasad Mookerjee Port) incl. Haldia Dock Complex,604.45,ICD Amingaon,253.5,Moreh ICP,83.52,Lokpriya Gopinath Bordoloi International Airport (GAU),257.15,MMLP Silchar,103.16,Lakhipur Terminal,81.86,FCI Depot Imphal,13.84,CACHAR Toll Plaza,105.44
Haraothel,KANGPOKPI,679.0,12116423924,village,2,5.6,Belghoria Expressway,594.77,JIRIBAM,70.52,Khongsang,34.35,Kolkata Port (Syama Prasad Mookerjee Port) incl. Haldia Dock Complex,606.15,ICD Amingaon,252.72,Moreh ICP,85.17,Lokpriya Gopinath Bordoloi International Airport (GAU),256.48,MMLP Silchar,104.06,Lakhipur Terminal,82.96,FCI Depot Imphal,14.75,CACHAR Toll Plaza,106.04
Chingdai Khullen,KANGPOKPI,679.0,12119048588,village,202,4.73,Belghoria Expressway,618.28,JIRIBAM,95.16,Khongsang,58.91,Kolkata Port (Syama Prasad Mookerjee Port) incl. Haldia Dock Complex,629.57,ICD Amingaon,272.46,Moreh ICP,76.34,Lokpriya Gopinath Bordoloi International Airport (GAU),276.86,MMLP Silchar,128.76,Lakhipur Terminal,107.61,FCI Depot Imphal,18.12,DIMA HASAO Toll Plaza,127.56
L. Chajang,KANGPOKPI,679.0,12119062602,village,202,4.06,Belghoria Expressway,618.28,JIRIBAM,95.35,Khongsang,59.08,Kolkata Port (Syama Prasad Mookerjee Port) incl. Haldia Dock Complex,629.56,ICD Amingaon,273.07,Moreh ICP,75.59,Lokpriya Gopinath Bordoloi International Airport (GAU),277.44,MMLP Silchar,129.0,Lakhipur Terminal,107.8,FCI Depot Imphal,17.89,DIMA HASAO Toll Plaza,128.25
Thingjang,KANGPOKPI,679.0,12119062635,village,202,5.23,Belghoria Expressway,618.61,JIRIBAM,95.3,Khongsang,59.06,Kolkata Port (Syama Prasad Mookerjee Port) incl. Haldia Dock Complex,629.91,ICD Amingaon,272.04,Moreh ICP,77.15,Lokpriya Gopinath Bordoloi International Airport (GAU),276.47,MMLP Silchar,128.84,Lakhipur Terminal,107.74,FCI Depot Imphal,18.7,DIMA HASAO Toll Plaza,126.97
Koutruk,IMPHAL WEST,277.0,12149550369,village,2,5.56,Belghoria Expressway,594.5,JIRIBAM,70.64,Khongsang,34.39,Kolkata Port (Syama Prasad Mookerjee Port) incl. Haldia Dock Complex,605.86,ICD Amingaon,253.89,Moreh ICP,83.67,Lokpriya Gopinath Bordoloi International Airport (GAU),257.61,MMLP Silchar,104.33,Lakhipur Terminal,83.09,FCI Depot Imphal,13.47,CACHAR Toll Plaza,106.5
Ireng Naga,KANGPOKPI,679.0,12149818034,village,37,8.2,Belghoria Expressway,590.92,JIRIBAM,67.2,Khongsang,30.92,Kolkata Port (Syama Prasad Mookerjee Port) incl. Haldia Dock Complex,602.28,ICD Amingaon,251.98,Moreh ICP,84.42,Lokpriya Gopinath Bordoloi International Airport (GAU),255.55,MMLP Silchar,100.98,Lakhipur Terminal,79.65,FCI Depot Imphal,15.5,CACHAR Toll Plaza,103.32
Kharam Vaiphei,KANGPOKPI,679.0,12149818036,village,2,8.48,Belghoria Expressway,591.92,JIRIBAM,67.63,Khongsang,31.46,Kolkata Port (Syama Prasad Mookerjee Port) incl. Haldia Dock Complex,603.31,ICD Amingaon,250.75,Moreh ICP,86.23,Lokpriya Gopinath Bordoloi International Airport (GAU),254.42,MMLP Silchar,101.21,Lakhipur Terminal,80.08,FCI Depot Imphal,16.58,CACHAR Toll Plaza,103.27
Makhan,KANGPOKPI,679.0,12150582224,village,2,1.98,Belghoria Expressway,602.06,DAOTUHAJA,74.9,Khongsang,41.07,Kolkata Port (Syama Prasad Mookerjee Port) incl. Haldia Dock Complex,613.5,ICD Amingaon,252.0,Moreh ICP,89.9,Lokpriya Gopinath Bordoloi International Airport (GAU),256.19,MMLP Silchar,109.32,Lakhipur Terminal,88.9,FCI Depot Imphal,19.2,DIMA HASAO Toll Plaza,109.17
Gamgiphai,KANGPOKPI,679.0,12150606288,village,2,3.6,Belghoria Expressway,598.95,JIRIBAM,73.72,Khongsang,38.01,Kolkata Port (Syama Prasad Mookerjee Port) incl. Haldia Dock Complex,610.38,ICD Amingaon,251.45,Moreh ICP,88.78,Lokpriya Gopinath Bordoloi International Airport (GAU),255.48,MMLP Silchar,106.73,Lakhipur Terminal,86.11,FCI Depot Imphal,17.81,CACHAR Toll Plaza,108.07
Senjam Chirang,IMPHAL WEST,277.0,12154211663,village,2,3.95,Belghoria Expressway,596.22,JIRIBAM,72.21,Khongsang,35.99,Kolkata Port (Syama Prasad Mookerjee Port) incl. Haldia Dock Complex,607.58,ICD Amingaon,254.51,Moreh ICP,83.74,Lokpriya Gopinath Bordoloi International Airport (GAU),258.29,MMLP Silchar,105.82,Lakhipur Terminal,84.66,FCI Depot Imphal,13.09,CACHAR Toll Plaza,107.87
Senjam Khunou,IMPHAL WEST,277.0,12154211678,village,2,3.54,Belghoria Expressway,596.57,JIRIBAM,72.68,Khongsang,36.44,Kolkata Port (Syama Prasad Mookerjee Port) incl. Haldia Dock Complex,607.93,ICD Amingaon,255.11,Moreh ICP,83.19,Lokpriya Gopinath Bordoloi International Airport (GAU),258.9,MMLP Silchar,106.32,Lakhipur Terminal,85.12,FCI Depot Imphal,12.5,CACHAR Toll Plaza,108.4
Kangchup Geljang,KANGPOKPI,679.0,12154463307,village,37,7.88,Belghoria Expressway,591.31,JIRIBAM,67.97,Khongsang,31.67,Kolkata Port (Syama Prasad Mookerjee Port) incl. Haldia Dock Complex,602.66,ICD Amingaon,253.38,Moreh ICP,82.95,Lokpriya Gopinath Bordoloi International Airport (GAU),256.93,MMLP Silchar,101.84,Lakhipur Terminal,80.42,FCI Depot Imphal,14.19,CACHAR Toll Plaza,104.31
Kangchup Tuikon,KANGPOKPI,679.0,12155579995,village,37,7.54,Belghoria Expressway,591.14,JIRIBAM,67.92,Khongsang,31.62,Kolkata Port (Syama Prasad Mookerjee Port) incl. Haldia Dock Complex,602.47,ICD Amingaon,253.64,Moreh ICP,82.58,Lokpriya Gopinath Bordoloi International Airport (GAU),257.18,MMLP Silchar,101.83,Lakhipur Terminal,80.36,FCI Depot Imphal,14.02,CACHAR Toll Plaza,104.35
Nungphou,JIRIBAM,658.0,12162532686,village,37,6.14,Belghoria Expressway,522.56,JIRIBAM,6.26,Khongsang,38.96,Kolkata Port (Syama Prasad Mookerjee Port) incl. Haldia Dock Complex,534.09,ICD Amingaon,210.34,Sutarkandi ICP,67.38,Lokpriya Gopinath Bordoloi International Airport (GAU),211.04,MMLP Silchar,34.15,Lakhipur Terminal,11.64,FCI Depot Silchar,34.15,CACHAR Toll Plaza,41.35
Rashidpur,JIRIBAM,658.0,12162534726,village,37,4.37,Belghoria Expressway,523.89,JIRIBAM,4.27,Khongsang,37.94,Kolkata Port (Syama Prasad Mookerjee Port) incl. Haldia Dock Complex,535.44,ICD Amingaon,209.31,Sutarkandi ICP,68.05,Lokpriya Gopinath Bordoloi International Airport (GAU),210.11,MMLP Silchar,34.21,Lakhipur Terminal,11.63,FCI Depot Silchar,34.21,CACHAR Toll Plaza,40.86
Latingkhal,JIRIBAM,658.0,12170872558,village,37,8.05,Belghoria Expressway,520.91,JIRIBAM,8.09,Khongsang,40.44,Kolkata Port (Syama Prasad Mookerjee Port) incl. Haldia Dock Complex,532.43,ICD Amingaon,210.81,Sutarkandi ICP,66.27,Lokpriya Gopinath Bordoloi International Airport (GAU),211.4,MMLP Silchar,33.62,Lakhipur Terminal,11.39,FCI Depot Silchar,33.62,CACHAR Toll Plaza,41.33
Berabak,JIRIBAM,658.0,12170898600,village,37,7.22,Belghoria Expressway,521.76,JIRIBAM,7.39,Khongsang,39.62,Kolkata Port (Syama Prasad Mookerjee Port) incl. Haldia Dock Complex,533.28,ICD Amingaon,210.89,Sutarkandi ICP,66.97,Lokpriya Gopinath Bordoloi International Airport (GAU),211.53,MMLP Silchar,34.11,Lakhipur Terminal,11.74,FCI Depot Silchar,34.11,CACHAR Toll Plaza,41.62
Leikhampokpi,KANGPOKPI,679.0,12178834031,village,2,1.85,Belghoria Expressway,602.78,DAOTUHAJA,74.95,Khongsang,41.78,Kolkata Port (Syama Prasad Mookerjee Port) incl. Haldia Dock Complex,614.23,ICD Amingaon,251.87,Moreh ICP,90.51,Lokpriya Gopinath Bordoloi International Airport (GAU),256.1,MMLP Silchar,109.84,Lakhipur Terminal,89.5,FCI Depot Imphal,19.92,DIMA HASAO Toll Plaza,108.75
Nakhujang,KANGPOKPI,679.0,12178888429,village,2,7.37,Belghoria Expressway,592.56,JIRIBAM,68.96,Khongsang,32.68,Kolkata Port (Syama Prasad Mookerjee Port) incl. Haldia Dock Complex,603.91,ICD Amingaon,253.44,Moreh ICP,83.37,Lokpriya Gopinath Bordoloi International Airport (GAU),257.06,MMLP Silchar,102.75,Lakhipur Terminal,81.41,FCI Depot Imphal,13.94,CACHAR Toll Plaza,105.08
S. Bolen,KANGPOKPI,679.0,12187185176,village,2,7.92,Belghoria Expressway,602.42,WADRENGDISA,69.91,Khongsang,41.92,Kolkata Port (Syama Prasad Mookerjee Port) incl. Haldia Dock Complex,613.94,ICD Amingaon,246.14,Moreh ICP,97.25,Lokpriya Gopinath Bordoloi International Airport (GAU),250.54,MMLP Silchar,107.9,Lakhipur Terminal,88.26,FCI Depot Imphal,26.6,DIMA HASAO Toll Plaza,102.24
Lāngka,TAMENGLONG,273.0,12187185313,village,2,13.17,Belghoria Expressway,596.43,WADRENGDISA,63.7,Khongsang,36.6,Kolkata Port (Syama Prasad Mookerjee Port) incl. Haldia Dock Complex,607.99,ICD Amingaon,240.43,Moreh ICP,100.6,Lokpriya Gopinath Bordoloi International Airport (GAU),244.68,MMLP Silchar,101.46,Lakhipur Terminal,82.05,FCI Depot Imphal,29.64,DIMA HASAO Toll Plaza,97.82
Haijol,KANGPOKPI,679.0,12187185314,village,2,13.22,Belghoria Expressway,600.05,WADRENGDISA,64.25,Khongsang,40.84,Kolkata Port (Syama Prasad Mookerjee Port) incl. Haldia Dock Complex,611.63,ICD Amingaon,240.1,Moreh ICP,103.12,Lokpriya Gopinath Bordoloi International Airport (GAU),244.57,MMLP Silchar,104.47,Lakhipur Terminal,85.48,FCI Depot Imphal,32.26,DIMA HASAO Toll Plaza,96.07
Lasan,TAMENGLONG,273.0,12187185315,village,2,13.77,Belghoria Expressway,599.74,WADRENGDISA,63.69,Khongsang,40.69,Kolkata Port (Syama Prasad Mookerjee Port) incl. Haldia Dock Complex,611.33,ICD Amingaon,239.51,Moreh ICP,103.64,Lokpriya Gopinath Bordoloi International Airport (GAU),243.99,MMLP Silchar,104.08,Lakhipur Terminal,85.15,FCI Depot Imphal,32.75,DIMA HASAO Toll Plaza,95.5
S. Songpibung,TAMENGLONG,273.0,12187185324,village,2,13.97,Belghoria Expressway,600.63,WADRENGDISA,63.48,Khongsang,41.94,Kolkata Port (Syama Prasad Mookerjee Port) incl. Haldia Dock Complex,612.23,ICD Amingaon,238.96,Moreh ICP,104.87,Lokpriya Gopinath Bordoloi International Airport (GAU),243.5,MMLP Silchar,104.74,Lakhipur Terminal,85.99,FCI Depot Imphal,34.05,DIMA HASAO Toll Plaza,94.53
Riyar Tahar,KANGPOKPI,679.0,12187185370,village,2,10.46,Belghoria Expressway,604.94,WADRENGDISA,67.22,Khongsang,45.84,Kolkata Port (Syama Prasad Mookerjee Port) incl. Haldia Dock Complex,616.53,ICD Amingaon,242.03,Moreh ICP,103.98,Lokpriya Gopinath Bordoloi International Airport (GAU),246.72,MMLP Silchar,109.1,Lakhipur Terminal,90.32,FCI Depot Imphal,33.67,DIMA HASAO Toll Plaza,96.61
Nungsai Chiru,NONEY,659.0,12187185570,village,2,3.58,Belghoria Expressway,574.22,JIRIBAM,62.54,Khongsang,32.68,Kolkata Port (Syama Prasad Mookerjee Port) incl. Haldia Dock Complex,585.3,ICD Amingaon,263.1,Moreh ICP,70.14,Lokpriya Gopinath Bordoloi International Airport (GAU),265.47,MMLP Silchar,96.6,Lakhipur Terminal,74.02,FCI Depot Imphal,29.3,CACHAR Toll Plaza,102.24
Tuikhang Aimol,KANGPOKPI,679.0,12187250258,village,2,4.08,Belghoria Expressway,574.33,JIRIBAM,61.84,Khongsang,31.56,Kolkata Port (Syama Prasad Mookerjee Port) incl. Haldia Dock Complex,585.43,ICD Amingaon,262.02,Moreh ICP,71.15,Lokpriya Gopinath Bordoloi International Airport (GAU),264.42,MMLP Silchar,95.97,Lakhipur Terminal,73.39,FCI Depot Imphal,28.7,CACHAR Toll Plaza,101.48
Unnamed Hamlet,KANGPOKPI,679.0,12187273303,village,2,4.45,Belghoria Expressway,574.58,JIRIBAM,61.38,Khongsang,30.7,Kolkata Port (Syama Prasad Mookerjee Port) incl. Haldia Dock Complex,585.7,ICD Amingaon,261.18,Moreh ICP,71.94,Lokpriya Gopinath Bordoloi International Airport (GAU),263.62,MMLP Silchar,95.57,Lakhipur Terminal,73.0,FCI Depot Imphal,28.08,CACHAR Toll Plaza,100.97
Bungte Chiru,BISHNUPUR,275.0,12187276598,village,2,2.17,Belghoria Expressway,579.63,JIRIBAM,64.53,Khongsang,31.92,Kolkata Port (Syama Prasad Mookerjee Port) incl. Haldia Dock Complex,590.77,ICD Amingaon,262.13,Moreh ICP,70.91,Lokpriya Gopinath Bordoloi International Airport (GAU),264.81,MMLP Silchar,98.9,Lakhipur Terminal,76.41,FCI Depot Imphal,22.73,CACHAR Toll Plaza,103.8
Muolvaiphei,CHURACHANDPUR,274.0,12193632251,village,102B,1.8,Belghoria Expressway,562.85,JIRIBAM,77.16,Khongsang,58.54,Kolkata Port (Syama Prasad Mookerjee Port) incl. Haldia Dock Complex,573.56,ICD Amingaon,283.71,Moreh ICP,59.09,Lokpriya Gopinath Bordoloi International Airport (GAU),285.0,MMLP Silchar,107.48,Lakhipur Terminal,85.99,FCI Depot Imphal,56.37,CACHAR Toll Plaza,115.94
Thilon,TAMENGLONG,273.0,12205922874,village,137,9.76,Belghoria Expressway,559.29,JIRIBAM,33.4,Khongsang,18.58,Kolkata Port (Syama Prasad Mookerjee Port) incl. Haldia Dock Complex,570.95,ICD Amingaon,213.14,Sutarkandi ICP,99.73,Lokpriya Gopinath Bordoloi International Airport (GAU),216.03,MMLP Silchar,63.07,Lakhipur Terminal,44.68,FCI Depot Imphal,56.76,CACHAR Toll Plaza,63.28
Thilon,TAMENGLONG,273.0,12205922875,village,137,9.78,Belghoria Expressway,560.0,JIRIBAM,34.24,Khongsang,19.2,Kolkata Port (Syama Prasad Mookerjee Port) incl. Haldia Dock Complex,571.67,ICD Amingaon,212.87,Sutarkandi ICP,100.33,Lokpriya Gopinath Bordoloi International Airport (GAU),215.81,MMLP Silchar,63.66,Lakhipur Terminal,45.44,FCI Depot Imphal,56.72,CACHAR Toll Plaza,63.7
New Keithelmanbi,IMPHAL WEST,277.0,12219007695,village,37,0.11,Belghoria Expressway,586.09,JIRIBAM,66.26,Khongsang,30.86,Kolkata Port (Syama Prasad Mookerjee Port) incl. Haldia Dock Complex,597.32,ICD Amingaon,258.33,Moreh ICP,75.78,Lokpriya Gopinath Bordoloi International Airport (GAU),261.46,MMLP Silchar,100.66,Lakhipur Terminal,78.55,FCI Depot Imphal,15.1,CACHAR Toll Plaza,104.36
Longa Koireng,KANGPOKPI,679.0,12219007696,village,37,0.01,Belghoria Expressway,585.98,JIRIBAM,66.02,Khongsang,30.58,Kolkata Port (Syama Prasad Mookerjee Port) incl. Haldia Dock Complex,597.23,ICD Amingaon,257.99,Moreh ICP,76.14,Lokpriya Gopinath Bordoloi International Airport (GAU),261.12,MMLP Silchar,100.42,Lakhipur Terminal,78.32,FCI Depot Imphal,15.23,CACHAR Toll Plaza,104.09
Keithelmanbi,KANGPOKPI,679.0,12219048436,village,2,0.36,Belghoria Expressway,614.05,WADRENGDISA,77.89,Khongsang,53.61,Kolkata Port (Syama Prasad Mookerjee Port) incl. Haldia Dock Complex,625.59,ICD Amingaon,252.03,Moreh ICP,98.43,Lokpriya Gopinath Bordoloi International Airport (GAU),256.89,MMLP Silchar,119.06,Lakhipur Terminal,99.74,FCI Depot Imphal,30.86,DIMA HASAO Toll Plaza,105.34
Laimaton Thangbuh,KANGPOKPI,679.0,12219142844,village,2,4.14,Belghoria Expressway,577.99,JIRIBAM,62.43,Khongsang,29.87,Kolkata Port (Syama Prasad Mookerjee Port) incl. Haldia Dock Complex,589.14,ICD Amingaon,260.16,Moreh ICP,72.86,Lokpriya Gopinath Bordoloi International Airport (GAU),262.8,MMLP Silchar,96.81,Lakhipur Terminal,74.32,FCI Depot Imphal,23.92,CACHAR Toll Plaza,101.69
Longsai,NONEY,659.0,12222698710,village,2,9.6,Belghoria Expressway,569.32,JIRIBAM,56.44,Khongsang,27.45,Kolkata Port (Syama Prasad Mookerjee Port) incl. Haldia Dock Complex,580.45,ICD Amingaon,257.57,Moreh ICP,75.92,Lokpriya Gopinath Bordoloi International Airport (GAU),259.82,MMLP Silchar,90.5,Lakhipur Terminal,67.92,FCI Depot Imphal,32.76,CACHAR Toll Plaza,96.15
Jouzangtek,NONEY,659.0,12222698722,village,2,7.88,Belghoria Expressway,571.51,JIRIBAM,58.0,Khongsang,27.99,Kolkata Port (Syama Prasad Mookerjee Port) incl. Haldia Dock Complex,582.64,ICD Amingaon,258.36,Moreh ICP,74.91,Lokpriya Gopinath Bordoloi International Airport (GAU),260.71,MMLP Silchar,92.16,Lakhipur Terminal,69.58,FCI Depot Imphal,30.58,CACHAR Toll Plaza,97.62
K. Hengmol,NONEY,659.0,12222698725,village,2,8.01,Belghoria Expressway,570.23,JIRIBAM,58.23,Khongsang,29.38,Kolkata Port (Syama Prasad Mookerjee Port) incl. Haldia Dock Complex,581.34,ICD Amingaon,259.52,Moreh ICP,73.99,Lokpriya Gopinath Bordoloi International Airport (GAU),261.77,MMLP Silchar,92.23,Lakhipur Terminal,69.65,FCI Depot Imphal,32.35,CACHAR Toll Plaza,97.98
Ningel,THOUBAL,276.0,12230182383,village,102A,8.52,Belghoria Expressway,612.33,JIRIBAM,99.42,Khongsang,64.82,Kolkata Port (Syama Prasad Mookerjee Port) incl. Haldia Dock Complex,623.31,ICD Amingaon,290.88,Moreh ICP,49.0,Lokpriya Gopinath Bordoloi International Airport (GAU),294.4,MMLP Silchar,133.87,Lakhipur Terminal,111.47,FCI Depot Imphal,23.7,CACHAR Toll Plaza,138.15
Yaingangpokpi,IMPHAL EAST,278.0,12261075749,village,202,0.02,Belghoria Expressway,621.9,JIRIBAM,99.5,Khongsang,63.21,Kolkata Port (Syama Prasad Mookerjee Port) incl. Haldia Dock Complex,633.16,ICD Amingaon,277.27,Moreh ICP,73.49,Lokpriya Gopinath Bordoloi International Airport (GAU),281.7,MMLP Silchar,133.24,Lakhipur Terminal,111.95,FCI Depot Imphal,20.93,DIMA HASAO Toll Plaza,132.04
Ahamadabad,JIRIBAM,658.0,12329641076,village,37,5.97,Belghoria Expressway,524.7,JIRIBAM,7.41,Khongsang,36.51,Kolkata Port (Syama Prasad Mookerjee Port) incl. Haldia Dock Complex,536.2,ICD Amingaon,213.2,Sutarkandi ICP,70.27,Lokpriya Gopinath Bordoloi International Airport (GAU),213.97,MMLP Silchar,37.29,Lakhipur Terminal,14.8,FCI Depot Silchar,37.29,CACHAR Toll Plaza,44.47
Jakuradhor Part-1,JIRIBAM,658.0,12330873919,village,37,19.87,Belghoria Expressway,515.46,JIRIBAM,20.74,Khongsang,46.05,Kolkata Port (Syama Prasad Mookerjee Port) incl. Haldia Dock Complex,526.83,ICD Amingaon,220.52,Sutarkandi ICP,67.14,Lokpriya Gopinath Bordoloi International Airport (GAU),220.62,MMLP Silchar,39.71,Lakhipur Terminal,21.1,FCI Depot Silchar,39.71,CACHAR Toll Plaza,49.71
Jakuradhor Part-2,JIRIBAM,658.0,12330873920,village,37,20.94,Belghoria Expressway,513.79,JIRIBAM,21.68,Khongsang,47.71,Kolkata Port (Syama Prasad Mookerjee Port) incl. Haldia Dock Complex,525.16,ICD Amingaon,220.11,Sutarkandi ICP,65.78,Lokpriya Gopinath Bordoloi International Airport (GAU),220.11,MMLP Silchar,38.96,Lakhipur Terminal,21.1,FCI Depot Silchar,38.96,CACHAR Toll Plaza,49.22
Bhomikpara,JIRIBAM,658.0,12333966840,village,37,18.76,Belghoria Expressway,514.89,JIRIBAM,19.39,Khongsang,46.35,Kolkata Port (Syama Prasad Mookerjee Port) incl. Haldia Dock Complex,526.29,ICD Amingaon,218.45,Sutarkandi ICP,65.57,Lokpriya Gopinath Bordoloi International Airport (GAU),218.54,MMLP Silchar,37.69,Lakhipur Terminal,19.08,FCI Depot Silchar,37.69,CACHAR Toll Plaza,47.64
Harinagar,JIRIBAM,658.0,12334028340,village,37,18.16,Belghoria Expressway,516.02,JIRIBAM,18.94,Khongsang,45.26,Kolkata Port (Syama Prasad Mookerjee Port) incl. Haldia Dock Complex,527.41,ICD Amingaon,218.97,Sutarkandi ICP,66.65,Lokpriya Gopinath Bordoloi International Airport (GAU),219.12,MMLP Silchar,38.45,Lakhipur Terminal,19.38,FCI Depot Silchar,38.45,CACHAR Toll Plaza,48.23
Lalpani,JIRIBAM,658.0,12334035592,village,37,3.12,Belghoria Expressway,525.21,JIRIBAM,3.62,Khongsang,36.64,Kolkata Port (Syama Prasad Mookerjee Port) incl. Haldia Dock Complex,536.76,ICD Amingaon,209.73,Sutarkandi ICP,69.3,Lokpriya Gopinath Bordoloi International Airport (GAU),210.6,MMLP Silchar,35.27,Lakhipur Terminal,12.72,FCI Depot Silchar,35.27,CACHAR Toll Plaza,41.66
Chingdong Leikai,JIRIBAM,658.0,12334098362,village,37,2.19,Belghoria Expressway,525.05,JIRIBAM,1.9,Khongsang,37.35,Kolkata Port (Syama Prasad Mookerjee Port) incl. Haldia Dock Complex,536.63,ICD Amingaon,207.61,Sutarkandi ICP,68.39,Lokpriya Gopinath Bordoloi International Airport (GAU),208.51,MMLP Silchar,33.87,Lakhipur Terminal,11.51,FCI Depot Silchar,33.87,CACHAR Toll Plaza,39.84
Lhangnom,TAMENGLONG,273.0,12338281900,village,37,0.06,Belghoria Expressway,531.03,JIRIBAM,5.86,Khongsang,30.91,Kolkata Port (Syama Prasad Mookerjee Port) incl. Haldia Dock Complex,542.57,ICD Amingaon,211.9,Sutarkandi ICP,74.88,Lokpriya Gopinath Bordoloi International Airport (GAU),213.09,MMLP Silchar,40.26,Lakhipur Terminal,18.0,FCI Depot Silchar,40.26,CACHAR Toll Plaza,45.65
Nungkhal,TAMENGLONG,273.0,12339415447,village,37,5.72,Belghoria Expressway,525.69,JIRIBAM,7.57,Khongsang,35.49,Kolkata Port (Syama Prasad Mookerjee Port) incl. Haldia Dock Complex,537.19,ICD Amingaon,213.82,Sutarkandi ICP,71.31,Lokpriya Gopinath Bordoloi International Airport (GAU),214.64,MMLP Silchar,38.25,Lakhipur Terminal,15.73,FCI Depot Silchar,38.25,CACHAR Toll Plaza,45.3
Sonapur,JIRIBAM,658.0,12342489805,village,37,2.49,Belghoria Expressway,525.75,JIRIBAM,3.13,Khongsang,36.2,Kolkata Port (Syama Prasad Mookerjee Port) incl. Haldia Dock Complex,537.3,ICD Amingaon,209.57,Sutarkandi ICP,69.68,Lokpriya Gopinath Bordoloi International Airport (GAU),210.48,MMLP Silchar,35.5,Lakhipur Terminal,12.99,FCI Depot Silchar,35.5,CACHAR Toll Plaza,41.71
Muolzawl,JIRIBAM,658.0,12343835722,village,37,6.13,Belghoria Expressway,522.4,JIRIBAM,6.07,Khongsang,39.19,Kolkata Port (Syama Prasad Mookerjee Port) incl. Haldia Dock Complex,533.93,ICD Amingaon,209.92,Sutarkandi ICP,67.08,Lokpriya Gopinath Bordoloi International Airport (GAU),210.62,MMLP Silchar,33.77,Lakhipur Terminal,11.25,FCI Depot Silchar,33.77,CACHAR Toll Plaza,40.94
Gilgal,JIRIBAM,658.0,12346230220,village,37,11.18,Belghoria Expressway,518.47,JIRIBAM,11.46,Khongsang,42.62,Kolkata Port (Syama Prasad Mookerjee Port) incl. Haldia Dock Complex,529.96,ICD Amingaon,212.37,Sutarkandi ICP,65.06,Lokpriya Gopinath Bordoloi International Airport (GAU),212.78,MMLP Silchar,33.68,Lakhipur Terminal,12.42,FCI Depot Silchar,33.68,CACHAR Toll Plaza,42.24
Lowarjiri P.T.V.,JIRIBAM,658.0,12346230233,village,37,9.76,Belghoria Expressway,519.59,JIRIBAM,9.83,Khongsang,41.62,Kolkata Port (Syama Prasad Mookerjee Port) incl. Haldia Dock Complex,531.09,ICD Amingaon,211.53,Sutarkandi ICP,65.53,Lokpriya Gopinath Bordoloi International Airport (GAU),212.03,MMLP Silchar,33.52,Lakhipur Terminal,11.73,FCI Depot Silchar,33.52,CACHAR Toll Plaza,41.68
Makhabosti,JIRIBAM,658.0,12346230290,village,37,9.38,Belghoria Expressway,519.98,JIRIBAM,9.51,Khongsang,41.23,Kolkata Port (Syama Prasad Mookerjee Port) incl. Haldia Dock Complex,531.49,ICD Amingaon,211.58,Sutarkandi ICP,65.87,Lokpriya Gopinath Bordoloi International Airport (GAU),212.1,MMLP Silchar,33.74,Lakhipur Terminal,11.84,FCI Depot Silchar,33.74,CACHAR Toll Plaza,41.81
Vangaichungpao - Part 2,TAMENGLONG,273.0,12347713952,village,37,3.2,Belghoria Expressway,528.9,JIRIBAM,6.88,Khongsang,32.45,Kolkata Port (Syama Prasad Mookerjee Port) incl. Haldia Dock Complex,540.41,ICD Amingaon,213.79,Sutarkandi ICP,73.85,Lokpriya Gopinath Bordoloi International Airport (GAU),214.81,MMLP Silchar,40.06,Lakhipur Terminal,17.49,FCI Depot Silchar,40.06,CACHAR Toll Plaza,46.34
Bakhal,JIRIBAM,658.0,12349615444,village,37,3.43,Belghoria Expressway,523.47,JIRIBAM,3.31,Khongsang,38.85,Kolkata Port (Syama Prasad Mookerjee Port) incl. Haldia Dock Complex,535.04,ICD Amingaon,207.19,Sutarkandi ICP,66.92,Lokpriya Gopinath Bordoloi International Airport (GAU),208.01,MMLP Silchar,32.61,Lakhipur Terminal,10.13,FCI Depot Silchar,32.61,CACHAR Toll Plaza,38.92
Binselu,JIRIBAM,658.0,12349615458,village,37,5.69,Belghoria Expressway,522.23,JIRIBAM,5.45,Khongsang,39.56,Kolkata Port (Syama Prasad Mookerjee Port) incl. Haldia Dock Complex,533.78,ICD Amingaon,208.83,Sutarkandi ICP,66.52,Lokpriya Gopinath Bordoloi International Airport (GAU),209.54,MMLP Silchar,32.93,Lakhipur Terminal,10.36,FCI Depot Silchar,32.93,CACHAR Toll Plaza,39.93
Berabak,JIRIBAM,658.0,12349615459,village,37,6.36,Belghoria Expressway,522.01,JIRIBAM,6.09,Khongsang,39.64,Kolkata Port (Syama Prasad Mookerjee Port) incl. Haldia Dock Complex,533.55,ICD Amingaon,209.45,Sutarkandi ICP,66.58,Lokpriya Gopinath Bordoloi International Airport (GAU),210.14,MMLP Silchar,33.23,Lakhipur Terminal,10.71,FCI Depot Silchar,33.23,CACHAR Toll Plaza,40.41
Nungchappi,JIRIBAM,658.0,12349624211,village,37,4.3,Belghoria Expressway,523.31,JIRIBAM,4.05,Khongsang,38.7,Kolkata Port (Syama Prasad Mookerjee Port) incl. Haldia Dock Complex,534.87,ICD Amingaon,208.29,Sutarkandi ICP,67.2,Lokpriya Gopinath Bordoloi International Airport (GAU),209.08,MMLP Silchar,33.21,Lakhipur Terminal,10.64,FCI Depot Silchar,33.21,CACHAR Toll Plaza,39.81
Ningthembam,JIRIBAM,658.0,12349624212,village,37,3.82,Belghoria Expressway,523.32,JIRIBAM,3.65,Khongsang,38.87,Kolkata Port (Syama Prasad Mookerjee Port) incl. Haldia Dock Complex,534.89,ICD Amingaon,207.6,Sutarkandi ICP,66.95,Lokpriya Gopinath Bordoloi International Airport (GAU),208.4,MMLP Silchar,32.77,Lakhipur Terminal,10.24,FCI Depot Silchar,32.77,CACHAR Toll Plaza,39.22
Pangmol,TAMENGLONG,273.0,12363196005,village,37,0.8,Belghoria Expressway,532.39,JIRIBAM,8.3,Khongsang,29.11,Kolkata Port (Syama Prasad Mookerjee Port) incl. Haldia Dock Complex,543.91,ICD Amingaon,214.36,Sutarkandi ICP,76.88,Lokpriya Gopinath Bordoloi International Airport (GAU),215.57,MMLP Silchar,42.56,Lakhipur Terminal,20.16,FCI Depot Silchar,42.56,CACHAR Toll Plaza,48.14
Old Kaiphundai,TAMENGLONG,273.0,12363196028,village,37,0.02,Belghoria Expressway,532.49,JIRIBAM,7.78,Khongsang,29.2,Kolkata Port (Syama Prasad Mookerjee Port) incl. Haldia Dock Complex,544.02,ICD Amingaon,213.57,Sutarkandi ICP,76.67,Lokpriya Gopinath Bordoloi International Airport (GAU),214.8,MMLP Silchar,42.16,Lakhipur Terminal,19.85,FCI Depot Silchar,42.16,CACHAR Toll Plaza,47.56
Sabughat,JIRIBAM,658.0,12363196029,village,37,3.36,Belghoria Expressway,533.73,JIRIBAM,7.21,Khongsang,29.38,Kolkata Port (Syama Prasad Mookerjee Port) incl. Haldia Dock Complex,545.31,ICD Amingaon,209.72,Sutarkandi ICP,76.41,Lokpriya Gopinath Bordoloi International Airport (GAU),211.12,MMLP Silchar,40.98,Lakhipur Terminal,19.54,FCI Depot Silchar,40.98,CACHAR Toll Plaza,45.24
Borokhal,JIRIBAM,658.0,12363196034,village,37,1.52,Belghoria Expressway,532.51,JIRIBAM,6.45,Khongsang,29.86,Kolkata Port (Syama Prasad Mookerjee Port) incl. Haldia Dock Complex,544.07,ICD Amingaon,211.13,Sutarkandi ICP,75.84,Lokpriya Gopinath Bordoloi International Airport (GAU),212.42,MMLP Silchar,40.83,Lakhipur Terminal,18.88,FCI Depot Silchar,40.83,CACHAR Toll Plaza,45.7
Babukhal,JIRIBAM,658.0,12363196035,village,37,0.81,Belghoria Expressway,531.62,JIRIBAM,5.66,Khongsang,30.69,Kolkata Port (Syama Prasad Mookerjee Port) incl. Haldia Dock Complex,543.18,ICD Amingaon,210.87,Sutarkandi ICP,75.01,Lokpriya Gopinath Bordoloi International Airport (GAU),212.11,MMLP Silchar,40.09,Lakhipur Terminal,18.06,FCI Depot Silchar,40.09,CACHAR Toll Plaza,45.11
Muktokhal,JIRIBAM,658.0,12363196036,village,37,0.05,Belghoria Expressway,530.85,JIRIBAM,5.2,Khongsang,31.3,Kolkata Port (Syama Prasad Mookerjee Port) incl. Haldia Dock Complex,542.41,ICD Amingaon,211.03,Sutarkandi ICP,74.43,Lokpriya Gopinath Bordoloi International Airport (GAU),212.23,MMLP Silchar,39.65,Lakhipur Terminal,17.5,FCI Depot Silchar,39.65,CACHAR Toll Plaza,44.9
Tatbung,JIRIBAM,658.0,12363196037,village,37,0.01,Belghoria Expressway,530.65,JIRIBAM,5.05,Khongsang,31.49,Kolkata Port (Syama Prasad Mookerjee Port) incl. Haldia Dock Complex,542.21,ICD Amingaon,211.0,Sutarkandi ICP,74.25,Lokpriya Gopinath Bordoloi International Airport (GAU),212.18,MMLP Silchar,39.5,Lakhipur Terminal,17.32,FCI Depot Silchar,39.5,CACHAR Toll Plaza,44.79
Gamphazol,JIRIBAM,658.0,12363196038,village,37,0.01,Belghoria Expressway,530.64,JIRIBAM,4.73,Khongsang,31.67,Kolkata Port (Syama Prasad Mookerjee Port) incl. Haldia Dock Complex,542.21,ICD Amingaon,210.43,Sutarkandi ICP,74.04,Lokpriya Gopinath Bordoloi International Airport (GAU),211.62,MMLP Silchar,39.18,Lakhipur Terminal,17.1,FCI Depot Silchar,39.18,CACHAR Toll Plaza,44.34
Tollen,TAMENGLONG,273.0,12366116797,village,37,0.01,Belghoria Expressway,536.02,JIRIBAM,16.59,Khongsang,25.11,Kolkata Port (Syama Prasad Mookerjee Port) incl. Haldia Dock Complex,547.44,ICD Amingaon,222.9,Sutarkandi ICP,83.19,Lokpriya Gopinath Bordoloi International Airport (GAU),224.14,MMLP Silchar,50.05,Lakhipur Terminal,27.47,FCI Depot Silchar,50.05,CACHAR Toll Plaza,56.37
Rovakot,PHERZAWL,718.0,12368519685,village,2,1.34,Belghoria Expressway,492.87,Bhairabi,49.38,Khongsang,84.93,Kolkata Port (Syama Prasad Mookerjee Port) incl. Haldia Dock Complex,503.64,ICD Amingaon,256.03,Sutarkandi ICP,84.67,Lokpriya Gopinath Bordoloi International Airport (GAU),254.41,MMLP Silchar,76.2,Lakhipur Terminal,66.45,FCI Depot Silchar,76.2,CACHAR Toll Plaza,88.55
Mullargao,JIRIBAM,658.0,12372569078,village,37,3.31,Belghoria Expressway,527.15,JIRIBAM,5.58,Khongsang,34.32,Kolkata Port (Syama Prasad Mookerjee Port) incl. Haldia Dock Complex,538.67,ICD Amingaon,212.38,Sutarkandi ICP,71.89,Lokpriya Gopinath Bordoloi International Airport (GAU),213.32,MMLP Silchar,38.13,Lakhipur Terminal,15.55,FCI Depot Silchar,38.13,CACHAR Toll Plaza,44.56
Guakhal,JIRIBAM,658.0,12377376284,village,37,17.61,Belghoria Expressway,516.96,JIRIBAM,18.52,Khongsang,44.33,Kolkata Port (Syama Prasad Mookerjee Port) incl. Haldia Dock Complex,528.35,ICD Amingaon,219.31,Sutarkandi ICP,67.48,Lokpriya Gopinath Bordoloi International Airport (GAU),219.51,MMLP Silchar,39.01,Lakhipur Terminal,19.57,FCI Depot Silchar,39.01,CACHAR Toll Plaza,48.64
Phailian,PHERZAWL,718.0,12380695921,village,37,16.62,Belghoria Expressway,518.64,JIRIBAM,17.77,Khongsang,42.66,Kolkata Port (Syama Prasad Mookerjee Port) incl. Haldia Dock Complex,530.04,ICD Amingaon,219.82,Sutarkandi ICP,68.94,Lokpriya Gopinath Bordoloi International Airport (GAU),220.11,MMLP Silchar,39.96,Lakhipur Terminal,19.91,FCI Depot Silchar,39.96,CACHAR Toll Plaza,49.32
B. Huonveng,JIRIBAM,658.0,12382044767,village,37,12.96,Belghoria Expressway,519.16,JIRIBAM,13.73,Khongsang,41.84,Kolkata Port (Syama Prasad Mookerjee Port) incl. Haldia Dock Complex,530.61,ICD Amingaon,215.82,Sutarkandi ICP,67.24,Lokpriya Gopinath Bordoloi International Airport (GAU),216.21,MMLP Silchar,36.76,Lakhipur Terminal,15.87,FCI Depot Silchar,36.76,CACHAR Toll Plaza,45.6
P. Munlian,PHERZAWL,718.0,12387235357,village,37,16.85,Belghoria Expressway,519.72,JIRIBAM,21.1,Khongsang,42.31,Kolkata Port (Syama Prasad Mookerjee Port) incl. Haldia Dock Complex,531.06,ICD Amingaon,223.96,Sutarkandi ICP,71.99,Lokpriya Gopinath Bordoloi International Airport (GAU),224.24,MMLP Silchar,43.9,Lakhipur Terminal,24.05,FCI Depot Silchar,43.9,CACHAR Toll Plaza,53.43
P. Munte,JIRIBAM,658.0,12387366326,village,37,22.45,Belghoria Expressway,514.71,JIRIBAM,25.34,Khongsang,47.79,Kolkata Port (Syama Prasad Mookerjee Port) incl. Haldia Dock Complex,526.02,ICD Amingaon,224.98,Sutarkandi ICP,69.34,Lokpriya Gopinath Bordoloi International Airport (GAU),224.96,MMLP Silchar,43.68,Lakhipur Terminal,25.91,FCI Depot Silchar,43.68,CACHAR Toll Plaza,54.08
Kasurbali,PHERZAWL,718.0,12388332860,village,306,22.04,Belghoria Expressway,511.04,JIRIBAM,25.47,Khongsang,50.88,Kolkata Port (Syama Prasad Mookerjee Port) incl. Haldia Dock Complex,522.37,ICD Amingaon,222.01,Sutarkandi ICP,65.15,Lokpriya Gopinath Bordoloi International Airport (GAU),221.82,MMLP Silchar,40.3,Lakhipur Terminal,24.01,FCI Depot Silchar,40.3,CACHAR Toll Plaza,51.08
Thangboipunji,JIRIBAM,658.0,12389010633,village,37,21.57,Belghoria Expressway,514.12,JIRIBAM,22.38,Khongsang,47.55,Kolkata Port (Syama Prasad Mookerjee Port) incl. Haldia Dock Complex,525.48,ICD Amingaon,221.23,Sutarkandi ICP,66.66,Lokpriya Gopinath Bordoloi International Airport (GAU),221.23,MMLP Silchar,40.06,Lakhipur Terminal,22.17,FCI Depot Silchar,40.06,CACHAR Toll Plaza,50.33
Sartuinek,PHERZAWL,718.0,12389131484,village,2,6.95,Belghoria Expressway,497.97,Manipur Bagan,51.08,Khongsang,73.27,Kolkata Port (Syama Prasad Mookerjee Port) incl. Haldia Dock Complex,508.94,ICD Amingaon,244.71,Sutarkandi ICP,76.09,Lokpriya Gopinath Bordoloi International Airport (GAU),243.49,MMLP Silchar,63.66,Lakhipur Terminal,52.78,FCI Depot Silchar,63.66,CACHAR Toll Plaza,75.85
Thingkal,PHERZAWL,718.0,12389187261,village,2,12.97,Belghoria Expressway,509.42,JIRIBAM,39.2,Khongsang,57.41,Kolkata Port (Syama Prasad Mookerjee Port) incl. Haldia Dock Complex,520.55,ICD Amingaon,235.96,Sutarkandi ICP,73.89,Lokpriya Gopinath Bordoloi International Airport (GAU),235.47,MMLP Silchar,53.88,Lakhipur Terminal,38.95,FCI Depot Silchar,53.88,CACHAR Toll Plaza,65.27
Kangreng,PHERZAWL,718.0,12389187262,village,2,14.8,Belghoria Expressway,509.82,JIRIBAM,37.38,Khongsang,56.24,Kolkata Port (Syama Prasad Mookerjee Port) incl. Haldia Dock Complex,520.98,ICD Amingaon,234.31,Sutarkandi ICP,72.88,Lokpriya Gopinath Bordoloi International Airport (GAU),233.87,MMLP Silchar,52.25,Lakhipur Terminal,37.11,FCI Depot Silchar,52.25,CACHAR Toll Plaza,63.57
Kh. Jaikhan,PHERZAWL,718.0,12389199234,village,2,18.48,Belghoria Expressway,512.3,JIRIBAM,33.18,Khongsang,52.53,Kolkata Port (Syama Prasad Mookerjee Port) incl. Haldia Dock Complex,523.51,ICD Amingaon,231.59,Sutarkandi ICP,72.27,Lokpriya Gopinath Bordoloi International Airport (GAU),231.32,MMLP Silchar,49.71,Lakhipur Terminal,33.46,FCI Depot Silchar,49.71,CACHAR Toll Plaza,60.69
Thingtatbung,TAMENGLONG,273.0,12389261809,village,37,3.21,Belghoria Expressway,532.32,JIRIBAM,10.1,Khongsang,28.82,Kolkata Port (Syama Prasad Mookerjee Port) incl. Haldia Dock Complex,543.81,ICD Amingaon,216.61,Sutarkandi ICP,77.7,Lokpriya Gopinath Bordoloi International Airport (GAU),217.77,MMLP Silchar,43.88,Lakhipur Terminal,21.34,FCI Depot Silchar,43.88,CACHAR Toll Plaza,49.91
Dholakhal,JIRIBAM,658.0,12391178165,village,37,18.17,Belghoria Expressway,517.35,JIRIBAM,19.32,Khongsang,44.09,Kolkata Port (Syama Prasad Mookerjee Port) incl. Haldia Dock Complex,528.73,ICD Amingaon,220.51,Sutarkandi ICP,68.42,Lokpriya Gopinath Bordoloi International Airport (GAU),220.71,MMLP Silchar,40.18,Lakhipur Terminal,20.75,FCI Depot Silchar,40.18,CACHAR Toll Plaza,49.84
Dawltang,TAMENGLONG,273.0,12391620974,village,37,8.21,Belghoria Expressway,524.72,JIRIBAM,9.99,Khongsang,36.29,Kolkata Port (Syama Prasad Mookerjee Port) incl. Haldia Dock Complex,536.19,ICD Amingaon,215.72,Sutarkandi ICP,71.38,Lokpriya Gopinath Bordoloi International Airport (GAU),216.44,MMLP Silchar,39.11,Lakhipur Terminal,16.83,FCI Depot Silchar,39.11,CACHAR Toll Plaza,46.7
Kamarangkha Khasiya,JIRIBAM,658.0,12394878686,village,37,0.68,Belghoria Expressway,528.11,JIRIBAM,3.49,Khongsang,33.89,Kolkata Port (Syama Prasad Mookerjee Port) incl. Haldia Dock Complex,539.66,ICD Amingaon,210.37,Sutarkandi ICP,71.92,Lokpriya Gopinath Bordoloi International Airport (GAU),211.41,MMLP Silchar,37.47,Lakhipur Terminal,15.09,FCI Depot Silchar,37.47,CACHAR Toll Plaza,43.25
Ngahmunphai,JIRIBAM,658.0,12394878687,village,37,1.2,Belghoria Expressway,528.19,JIRIBAM,4.03,Khongsang,33.68,Kolkata Port (Syama Prasad Mookerjee Port) incl. Haldia Dock Complex,539.74,ICD Amingaon,210.92,Sutarkandi ICP,72.19,Lokpriya Gopinath Bordoloi International Airport (GAU),211.95,MMLP Silchar,37.85,Lakhipur Terminal,15.42,FCI Depot Silchar,37.85,CACHAR Toll Plaza,43.73
Leishabithol Kuki,JIRIBAM,658.0,12395672817,village,37,4.39,Belghoria Expressway,526.45,JIRIBAM,6.43,Khongsang,34.87,Kolkata Port (Syama Prasad Mookerjee Port) incl. Haldia Dock Complex,537.97,ICD Amingaon,213.01,Sutarkandi ICP,71.58,Lokpriya Gopinath Bordoloi International Airport (GAU),213.89,MMLP Silchar,38.13,Lakhipur Terminal,15.55,FCI Depot Silchar,38.13,CACHAR Toll Plaza,44.85
Aglapur,JIRIBAM,658.0,12396081542,village,37,1.59,Belghoria Expressway,526.52,JIRIBAM,2.17,Khongsang,35.67,Kolkata Port (Syama Prasad Mookerjee Port) incl. Haldia Dock Complex,538.08,ICD Amingaon,208.98,Sutarkandi ICP,70.1,Lokpriya Gopinath Bordoloi International Airport (GAU),209.95,MMLP Silchar,35.62,Lakhipur Terminal,13.25,FCI Depot Silchar,35.62,CACHAR Toll Plaza,41.51
Vangaichungpao,TAMENGLONG,273.0,12396486729,village,37,3.6,Belghoria Expressway,529.83,JIRIBAM,8.51,Khongsang,31.34,Kolkata Port (Syama Prasad Mookerjee Port) incl. Haldia Dock Complex,541.33,ICD Amingaon,215.4,Sutarkandi ICP,75.24,Lokpriya Gopinath Bordoloi International Airport (GAU),216.44,MMLP Silchar,41.64,Lakhipur Terminal,19.07,FCI Depot Silchar,41.64,CACHAR Toll Plaza,48.01
Kamaranga,JIRIBAM,658.0,12396926967,village,37,0.18,Belghoria Expressway,528.0,JIRIBAM,1.56,Khongsang,34.74,Kolkata Port (Syama Prasad Mookerjee Port) incl. Haldia Dock Complex,539.58,ICD Amingaon,207.88,Sutarkandi ICP,70.96,Lokpriya Gopinath Bordoloi International Airport (GAU),208.96,MMLP Silchar,35.98,Lakhipur Terminal,14.01,FCI Depot Silchar,35.98,CACHAR Toll Plaza,41.23
Sibilong,TAMENGLONG,273.0,12398953804,village,37,0.25,Belghoria Expressway,543.42,JIRIBAM,20.39,Khongsang,17.57,Kolkata Port (Syama Prasad Mookerjee Port) incl. Haldia Dock Complex,554.87,ICD Amingaon,223.45,Sutarkandi ICP,89.16,Lokpriya Gopinath Bordoloi International Airport (GAU),225.12,MMLP Silchar,54.83,Lakhipur Terminal,32.49,FCI Depot Silchar,54.83,CACHAR Toll Plaza,59.82
Khedagar,JIRIBAM,658.0,12399027058,village,37,7.54,Belghoria Expressway,522.91,JIRIBAM,8.48,Khongsang,38.24,Kolkata Port (Syama Prasad Mookerjee Port) incl. Haldia Dock Complex,534.41,ICD Amingaon,213.14,Sutarkandi ICP,68.84,Lokpriya Gopinath Bordoloi International Airport (GAU),213.81,MMLP Silchar,36.33,Lakhipur Terminal,14.04,FCI Depot Silchar,36.33,CACHAR Toll Plaza,43.93
Khedarga Khasi,JIRIBAM,658.0,12399035388,village,37,7.31,Belghoria Expressway,523.35,JIRIBAM,8.4,Khongsang,37.8,Kolkata Port (Syama Prasad Mookerjee Port) incl. Haldia Dock Complex,534.84,ICD Amingaon,213.37,Sutarkandi ICP,69.28,Lokpriya Gopinath Bordoloi International Airport (GAU),214.06,MMLP Silchar,36.71,Lakhipur Terminal,14.38,FCI Depot Silchar,36.71,CACHAR Toll Plaza,44.24
Khedraga Mikir,JIRIBAM,658.0,12399035389,village,37,7.87,Belghoria Expressway,522.65,JIRIBAM,8.79,Khongsang,38.48,Kolkata Port (Syama Prasad Mookerjee Port) incl. Haldia Dock Complex,534.14,ICD Amingaon,213.27,Sutarkandi ICP,68.69,Lokpriya Gopinath Bordoloi International Airport (GAU),213.92,MMLP Silchar,36.29,Lakhipur Terminal,14.06,FCI Depot Silchar,36.29,CACHAR Toll Plaza,43.97
Mollungthu,CHURACHANDPUR,274.0,12421587398,village,2,10.51,Belghoria Expressway,554.83,JIRIBAM,59.05,Khongsang,42.27,Kolkata Port (Syama Prasad Mookerjee Port) incl. Haldia Dock Complex,565.75,ICD Amingaon,265.52,Moreh ICP,74.51,Lokpriya Gopinath Bordoloi International Airport (GAU),266.83,MMLP Silchar,90.02,Lakhipur Terminal,68.2,FCI Depot Imphal,52.27,CACHAR Toll Plaza,98.09
L. Khaopijang,CHURACHANDPUR,274.0,12421587399,village,2,8.95,Belghoria Expressway,552.22,JIRIBAM,57.03,Khongsang,41.84,Kolkata Port (Syama Prasad Mookerjee Port) incl. Haldia Dock Complex,563.15,ICD Amingaon,263.69,Moreh ICP,77.1,Lokpriya Gopinath Bordoloi International Airport (GAU),264.91,MMLP Silchar,87.66,Lakhipur Terminal,65.95,FCI Depot Imphal,54.2,CACHAR Toll Plaza,95.87
Dahtum,CHURACHANDPUR,274.0,12421587400,village,2,9.08,Belghoria Expressway,551.47,JIRIBAM,55.92,Khongsang,41.14,Kolkata Port (Syama Prasad Mookerjee Port) incl. Haldia Dock Complex,562.42,ICD Amingaon,262.6,Moreh ICP,78.2,Lokpriya Gopinath Bordoloi International Airport (GAU),263.81,MMLP Silchar,86.52,Lakhipur Terminal,64.82,FCI Depot Imphal,54.5,CACHAR Toll Plaza,94.74
New Zalenphai,BISHNUPUR,275.0,12423564141,village,2,0.38,Belghoria Expressway,565.9,JIRIBAM,70.8,Khongsang,49.19,Kolkata Port (Syama Prasad Mookerjee Port) incl. Haldia Dock Complex,576.74,ICD Amingaon,276.41,Moreh ICP,61.64,Lokpriya Gopinath Bordoloi International Airport (GAU),278.02,MMLP Silchar,102.56,Lakhipur Terminal,80.5,FCI Depot Imphal,47.21,CACHAR Toll Plaza,110.25
Matijang,BISHNUPUR,275.0,12423564142,village,2,0.95,Belghoria Expressway,565.17,JIRIBAM,70.32,Khongsang,49.04,Kolkata Port (Syama Prasad Mookerjee Port) incl. Haldia Dock Complex,576.0,ICD Amingaon,276.03,Moreh ICP,62.26,Lokpriya Gopinath Bordoloi International Airport (GAU),277.62,MMLP Silchar,102.0,Lakhipur Terminal,79.97,FCI Depot Imphal,47.71,CACHAR Toll Plaza,109.74
Maichammun,BISHNUPUR,275.0,12423564143,village,2,0.8,Belghoria Expressway,565.19,JIRIBAM,70.59,Khongsang,49.36,Kolkata Port (Syama Prasad Mookerjee Port) incl. Haldia Dock Complex,576.03,ICD Amingaon,276.33,Moreh ICP,62.05,Lokpriya Gopinath Bordoloi International Airport (GAU),277.91,MMLP Silchar,102.24,Lakhipur Terminal,80.23,FCI Depot Imphal,47.91,CACHAR Toll Plaza,110.0
K. Kotlian,CHURACHANDPUR,274.0,12423564144,village,2,1.31,Belghoria Expressway,565.57,JIRIBAM,69.86,Khongsang,48.23,Kolkata Port (Syama Prasad Mookerjee Port) incl. Haldia Dock Complex,576.42,ICD Amingaon,275.44,Moreh ICP,62.46,Lokpriya Gopinath Bordoloi International Airport (GAU),277.06,MMLP Silchar,101.67,Lakhipur Terminal,79.6,FCI Depot Imphal,46.83,CACHAR Toll Plaza,109.33
Zikpi Tampak,CHURACHANDPUR,274.0,12440447900,village,2,1.52,Belghoria Expressway,564.09,JIRIBAM,70.33,Khongsang,49.69,Kolkata Port (Syama Prasad Mookerjee Port) incl. Haldia Dock Complex,574.92,ICD Amingaon,276.24,Moreh ICP,62.67,Lokpriya Gopinath Bordoloi International Airport (GAU),277.77,MMLP Silchar,101.79,Lakhipur Terminal,79.84,FCI Depot Imphal,49.03,CACHAR Toll Plaza,109.65
Sanasabi,IMPHAL EAST,278.0,12462716586,village,202,1.38,Belghoria Expressway,623.41,JIRIBAM,100.56,Khongsang,64.3,Kolkata Port (Syama Prasad Mookerjee Port) incl. Haldia Dock Complex,634.69,ICD Amingaon,276.95,Moreh ICP,75.26,Lokpriya Gopinath Bordoloi International Airport (GAU),281.47,MMLP Silchar,134.18,Lakhipur Terminal,113.01,FCI Depot Imphal,22.66,DIMA HASAO Toll Plaza,131.27
Thamnapokpi,IMPHAL EAST,278.0,12462716587,village,202,0.74,Belghoria Expressway,622.35,JIRIBAM,99.75,Khongsang,63.46,Kolkata Port (Syama Prasad Mookerjee Port) incl. Haldia Dock Complex,633.62,ICD Amingaon,276.97,Moreh ICP,74.28,Lokpriya Gopinath Bordoloi International Airport (GAU),281.43,MMLP Silchar,133.43,Lakhipur Terminal,112.2,FCI Depot Imphal,21.48,DIMA HASAO Toll Plaza,131.57
Sabungkhok,IMPHAL EAST,278.0,12469775929,village,202,0.03,Belghoria Expressway,619.94,JIRIBAM,97.93,Khongsang,61.63,Kolkata Port (Syama Prasad Mookerjee Port) incl. Haldia Dock Complex,631.19,ICD Amingaon,277.0,Moreh ICP,72.1,Lokpriya Gopinath Bordoloi International Airport (GAU),281.34,MMLP Silchar,131.76,Lakhipur Terminal,110.37,FCI Depot Imphal,18.85,DIMA HASAO Toll Plaza,132.28
Chingdai Khunou,KANGPOKPI,679.0,12469775975,village,202,3.02,Belghoria Expressway,623.68,WADRENGDISA,99.62,Khongsang,64.12,Kolkata Port (Syama Prasad Mookerjee Port) incl. Haldia Dock Complex,634.98,ICD Amingaon,275.48,Moreh ICP,77.35,Lokpriya Gopinath Bordoloi International Airport (GAU),280.06,MMLP Silchar,133.81,Lakhipur Terminal,112.77,FCI Depot Imphal,23.39,DIMA HASAO Toll Plaza,129.52
K. Nomjang,KANGPOKPI,679.0,12469775976,village,202,2.54,Belghoria Expressway,623.95,WADRENGDISA,100.1,Khongsang,64.46,Kolkata Port (Syama Prasad Mookerjee Port) incl. Haldia Dock Complex,635.24,ICD Amingaon,275.98,Moreh ICP,76.98,Lokpriya Gopinath Bordoloi International Airport (GAU),280.56,MMLP Silchar,134.18,Lakhipur Terminal,113.13,FCI Depot Imphal,23.54,DIMA HASAO Toll Plaza,130.01
T. Molnoi,KANGPOKPI,679.0,12469790708,village,202,2.87,Belghoria Expressway,625.11,WADRENGDISA,100.15,Khongsang,65.37,Kolkata Port (Syama Prasad Mookerjee Port) incl. Haldia Dock Complex,636.42,ICD Amingaon,275.75,Moreh ICP,78.36,Lokpriya Gopinath Bordoloi International Airport (GAU),280.4,MMLP Silchar,134.94,Lakhipur Terminal,113.99,FCI Depot Imphal,24.98,DIMA HASAO Toll Plaza,129.45
B. Boljang,KANGPOKPI,679.0,12469844140,village,202,4.05,Belghoria Expressway,625.25,WADRENGDISA,99.42,Khongsang,65.28,Kolkata Port (Syama Prasad Mookerjee Port) incl. Haldia Dock Complex,636.57,ICD Amingaon,274.85,Moreh ICP,79.62,Lokpriya Gopinath Bordoloi International Airport (GAU),279.54,MMLP Silchar,134.71,Lakhipur Terminal,113.84,FCI Depot Imphal,25.48,DIMA HASAO Toll Plaza,128.39
Sijang,KANGPOKPI,679.0,12469844141,village,202,4.25,Belghoria Expressway,627.04,WADRENGDISA,100.6,Khongsang,67.01,Kolkata Port (Syama Prasad Mookerjee Port) incl. Haldia Dock Complex,638.36,ICD Amingaon,275.76,Moreh ICP,80.22,Lokpriya Gopinath Bordoloi International Airport (GAU),280.5,MMLP Silchar,136.36,Lakhipur Terminal,115.53,FCI Depot Imphal,27.27,DIMA HASAO Toll Plaza,128.97
Sanakeithel,UKHRUL,279.0,12472007230,village,202,9.11,Belghoria Expressway,629.93,RANGAPAHAR,99.41,Khongsang,69.24,Kolkata Port (Syama Prasad Mookerjee Port) incl. Haldia Dock Complex,641.3,ICD Amingaon,273.61,Moreh ICP,85.82,Lokpriya Gopinath Bordoloi International Airport (GAU),278.58,MMLP Silchar,137.81,Lakhipur Terminal,117.39,FCI Depot Imphal,31.83,DIMA HASAO Toll Plaza,125.87
L. Molnom,UKHRUL,279.0,12472012329,village,202,3.65,Belghoria Expressway,627.98,WADRENGDISA,101.55,Khongsang,67.99,Kolkata Port (Syama Prasad Mookerjee Port) incl. Haldia Dock Complex,639.3,ICD Amingaon,276.64,Moreh ICP,80.05,Lokpriya Gopinath Bordoloi International Airport (GAU),281.4,MMLP Silchar,137.36,Lakhipur Terminal,116.53,FCI Depot Imphal,28.06,DIMA HASAO Toll Plaza,129.74
Samusong,KANGPOKPI,679.0,12473272642,village,202,2.54,Belghoria Expressway,623.32,WADRENGDISA,99.93,Khongsang,63.93,Kolkata Port (Syama Prasad Mookerjee Port) incl. Haldia Dock Complex,634.6,ICD Amingaon,275.93,Moreh ICP,76.45,Lokpriya Gopinath Bordoloi International Airport (GAU),280.48,MMLP Silchar,133.71,Lakhipur Terminal,112.62,FCI Depot Imphal,22.82,DIMA HASAO Toll Plaza,130.12
Saibol,KANGPOKPI,679.0,12473296802,village,202,2.39,Belghoria Expressway,621.86,JIRIBAM,98.85,Khongsang,62.6,Kolkata Port (Syama Prasad Mookerjee Port) incl. Haldia Dock Complex,633.14,ICD Amingaon,275.35,Moreh ICP,75.85,Lokpriya Gopinath Bordoloi International Airport (GAU),279.84,MMLP Silchar,132.45,Lakhipur Terminal,111.3,FCI Depot Imphal,21.31,DIMA HASAO Toll Plaza,129.86
Mongneljang,KANGPOKPI,679.0,12473296803,village,202,0.78,Belghoria Expressway,622.19,JIRIBAM,99.98,Khongsang,63.69,Kolkata Port (Syama Prasad Mookerjee Port) incl. Haldia Dock Complex,633.43,ICD Amingaon,278.07,Moreh ICP,72.75,Lokpriya Gopinath Bordoloi International Airport (GAU),282.48,MMLP Silchar,133.76,Lakhipur Terminal,112.43,FCI Depot Imphal,21.12,DIMA HASAO Toll Plaza,132.87
Kh. Phaipijang,IMPHAL EAST,278.0,12473296805,village,202,0.61,Belghoria Expressway,623.65,JIRIBAM,100.98,Khongsang,64.7,Kolkata Port (Syama Prasad Mookerjee Port) incl. Haldia Dock Complex,634.92,ICD Amingaon,277.68,Moreh ICP,74.57,Lokpriya Gopinath Bordoloi International Airport (GAU),282.19,MMLP Silchar,134.63,Lakhipur Terminal,113.42,FCI Depot Imphal,22.77,DIMA HASAO Toll Plaza,132.03
Mongyang,KANGPOKPI,679.0,12473296816,village,202,4.96,Belghoria Expressway,626.81,WADRENGDISA,99.99,Khongsang,66.68,Kolkata Port (Syama Prasad Mookerjee Port) incl. Haldia Dock Complex,638.14,ICD Amingaon,275.1,Moreh ICP,80.83,Lokpriya Gopinath Bordoloi International Airport (GAU),279.85,MMLP Silchar,135.95,Lakhipur Terminal,115.17,FCI Depot Imphal,27.27,DIMA HASAO Toll Plaza,128.28
Twichin,IMPHAL EAST,278.0,12473296930,village,202,1.9,Belghoria Expressway,621.11,JIRIBAM,98.29,Khongsang,62.02,Kolkata Port (Syama Prasad Mookerjee Port) incl. Haldia Dock Complex,632.38,ICD Amingaon,275.43,Moreh ICP,75.08,Lokpriya Gopinath Bordoloi International Airport (GAU),279.88,MMLP Silchar,131.94,Lakhipur Terminal,110.74,FCI Depot Imphal,20.43,DIMA HASAO Toll Plaza,130.15
Laikot Kharam,KANGPOKPI,679.0,12473296932,village,202,2.2,Belghoria Expressway,618.45,JIRIBAM,96.02,Khongsang,59.72,Kolkata Port (Syama Prasad Mookerjee Port) incl. Haldia Dock Complex,629.71,ICD Amingaon,274.72,Moreh ICP,73.66,Lokpriya Gopinath Bordoloi International Airport (GAU),279.05,MMLP Silchar,129.78,Lakhipur Terminal,108.47,FCI Depot Imphal,17.6,DIMA HASAO Toll Plaza,130.1
Laikot Phaijol,IMPHAL EAST,278.0,12473296933,village,202,1.75,Belghoria Expressway,618.37,JIRIBAM,96.07,Khongsang,59.77,Kolkata Port (Syama Prasad Mookerjee Port) incl. Haldia Dock Complex,629.63,ICD Amingaon,275.05,Moreh ICP,73.2,Lokpriya Gopinath Bordoloi International Airport (GAU),279.36,MMLP Silchar,129.86,Lakhipur Terminal,108.51,FCI Depot Imphal,17.44,DIMA HASAO Toll Plaza,130.49
Santi Khongbal,IMPHAL EAST,278.0,12474229494,village,202,0.47,Belghoria Expressway,621.69,JIRIBAM,99.19,Khongsang,62.9,Kolkata Port (Syama Prasad Mookerjee Port) incl. Haldia Dock Complex,632.94,ICD Amingaon,276.82,Moreh ICP,73.85,Lokpriya Gopinath Bordoloi International Airport (GAU),281.25,MMLP Silchar,132.9,Lakhipur Terminal,111.63,FCI Depot Imphal,20.76,DIMA HASAO Toll Plaza,131.59
Laikot Kom,KANGPOKPI,679.0,12474552136,village,202,2.07,Belghoria Expressway,618.71,JIRIBAM,96.28,Khongsang,59.99,Kolkata Port (Syama Prasad Mookerjee Port) incl. Haldia Dock Complex,629.97,ICD Amingaon,274.93,Moreh ICP,73.63,Lokpriya Gopinath Bordoloi International Airport (GAU),279.26,MMLP Silchar,130.05,Lakhipur Terminal,108.73,FCI Depot Imphal,17.84,DIMA HASAO Toll Plaza,130.26
Sabungkhok Khunou,IMPHAL EAST,278.0,12474552137,village,202,0.5,Belghoria Expressway,620.77,JIRIBAM,98.45,Khongsang,62.16,Kolkata Port (Syama Prasad Mookerjee Port) incl. Haldia Dock Complex,632.02,ICD Amingaon,276.72,Moreh ICP,73.17,Lokpriya Gopinath Bordoloi International Airport (GAU),281.11,MMLP Silchar,132.22,Lakhipur Terminal,110.9,FCI Depot Imphal,19.78,DIMA HASAO Toll Plaza,131.73
Seijang,IMPHAL EAST,278.0,12479110506,village,202,0.1,Belghoria Expressway,618.49,JIRIBAM,96.69,Khongsang,60.4,Kolkata Port (Syama Prasad Mookerjee Port) incl. Haldia Dock Complex,629.72,ICD Amingaon,276.59,Moreh ICP,71.37,Lokpriya Gopinath Bordoloi International Airport (GAU),280.86,MMLP Silchar,130.59,Lakhipur Terminal,109.14,FCI Depot Imphal,17.36,DIMA HASAO Toll Plaza,132.23
Tellou,IMPHAL EAST,278.0,12479147191,village,202,1.06,Belghoria Expressway,616.78,JIRIBAM,95.39,Khongsang,59.12,Kolkata Port (Syama Prasad Mookerjee Port) incl. Haldia Dock Complex,628.01,ICD Amingaon,276.46,Moreh ICP,70.13,Lokpriya Gopinath Bordoloi International Airport (GAU),280.65,MMLP Silchar,129.37,Lakhipur Terminal,107.82,FCI Depot Imphal,15.63,CACHAR Toll Plaza,131.77
Chana,IMPHAL EAST,278.0,12479147192,village,202,0.3,Belghoria Expressway,616.39,JIRIBAM,94.8,Khongsang,58.51,Kolkata Port (Syama Prasad Mookerjee Port) incl. Haldia Dock Complex,627.62,ICD Amingaon,275.64,Moreh ICP,70.83,Lokpriya Gopinath Bordoloi International Airport (GAU),279.83,MMLP Silchar,128.75,Lakhipur Terminal,107.23,FCI Depot Imphal,15.25,CACHAR Toll Plaza,131.1
P. Phaimol,IMPHAL EAST,278.0,12479293577,village,202,1.39,Belghoria Expressway,621.37,JIRIBAM,98.66,Khongsang,62.38,Kolkata Port (Syama Prasad Mookerjee Port) incl. Haldia Dock Complex,632.64,ICD Amingaon,275.94,Moreh ICP,74.67,Lokpriya Gopinath Bordoloi International Airport (GAU),280.39,MMLP Silchar,132.33,Lakhipur Terminal,111.11,FCI Depot Imphal,20.6,DIMA HASAO Toll Plaza,130.67
Unnamed Village,KANGPOKPI,679.0,12479331830,village,202,1.59,Belghoria Expressway,620.71,JIRIBAM,98.07,Khongsang,61.78,Kolkata Port (Syama Prasad Mookerjee Port) incl. Haldia Dock Complex,631.98,ICD Amingaon,275.68,Moreh ICP,74.41,Lokpriya Gopinath Bordoloi International Airport (GAU),280.1,MMLP Silchar,131.76,Lakhipur Terminal,110.52,FCI Depot Imphal,19.92,DIMA HASAO Toll Plaza,130.56
New Canaan,IMPHAL EAST,278.0,12479369041,village,202,0.38,Belghoria Expressway,621.83,JIRIBAM,99.57,Khongsang,63.27,Kolkata Port (Syama Prasad Mookerjee Port) incl. Haldia Dock Complex,633.07,ICD Amingaon,277.64,Moreh ICP,72.95,Lokpriya Gopinath Bordoloi International Airport (GAU),282.06,MMLP Silchar,133.33,Lakhipur Terminal,112.01,FCI Depot Imphal,20.78,DIMA HASAO Toll Plaza,132.49
Mayophung,IMPHAL EAST,278.0,12479369042,village,202,0.32,Belghoria Expressway,622.57,JIRIBAM,100.23,Khongsang,63.94,Kolkata Port (Syama Prasad Mookerjee Port) incl. Haldia Dock Complex,633.82,ICD Amingaon,277.94,Moreh ICP,73.25,Lokpriya Gopinath Bordoloi International Airport (GAU),282.38,MMLP Silchar,133.98,Lakhipur Terminal,112.68,FCI Depot Imphal,21.54,DIMA HASAO Toll Plaza,132.63
Gwaltabi,IMPHAL EAST,278.0,12479369043,village,202,0.06,Belghoria Expressway,623.27,JIRIBAM,100.85,Khongsang,64.56,Kolkata Port (Syama Prasad Mookerjee Port) incl. Haldia Dock Complex,634.52,ICD Amingaon,278.19,Moreh ICP,73.57,Lokpriya Gopinath Bordoloi International Airport (GAU),282.66,MMLP Silchar,134.57,Lakhipur Terminal,113.3,FCI Depot Imphal,22.27,DIMA HASAO Toll Plaza,132.72
Leimakhong Mapal,IMPHAL EAST,278.0,12479431306,village,202,0.06,Belghoria Expressway,617.02,JIRIBAM,95.28,Khongsang,58.99,Kolkata Port (Syama Prasad Mookerjee Port) incl. Haldia Dock Complex,628.26,ICD Amingaon,275.69,Moreh ICP,71.28,Lokpriya Gopinath Bordoloi International Airport (GAU),279.92,MMLP Silchar,129.2,Lakhipur Terminal,107.72,FCI Depot Imphal,15.9,CACHAR Toll Plaza,131.5
Molnomphai,IMPHAL EAST,278.0,12479431330,village,202,1.19,Belghoria Expressway,620.62,JIRIBAM,98.12,Khongsang,61.83,Kolkata Port (Syama Prasad Mookerjee Port) incl. Haldia Dock Complex,631.88,ICD Amingaon,276.05,Moreh ICP,73.87,Lokpriya Gopinath Bordoloi International Airport (GAU),280.45,MMLP Silchar,131.84,Lakhipur Terminal,110.56,FCI Depot Imphal,19.73,DIMA HASAO Toll Plaza,131.0
Lamlang Gate,UKHRUL,279.0,12479502664,village,102A,5.54,Belghoria Expressway,643.9,RANGAPAHAR,101.06,Khongsang,83.16,Kolkata Port (Syama Prasad Mookerjee Port) incl. Haldia Dock Complex,655.27,ICD Amingaon,282.63,Moreh ICP,90.06,Lokpriya Gopinath Bordoloi International Airport (GAU),288.01,MMLP Silchar,151.37,Lakhipur Terminal,131.17,FCI Depot Imphal,44.92,DIMA HASAO Toll Plaza,133.23
Jalenbung,KANGPOKPI,679.0,12479502668,village,202,0.31,Belghoria Expressway,626.41,WADRENGDISA,102.93,Khongsang,67.18,Kolkata Port (Syama Prasad Mookerjee Port) incl. Haldia Dock Complex,637.68,ICD Amingaon,278.68,Moreh ICP,75.93,Lokpriya Gopinath Bordoloi International Airport (GAU),283.3,MMLP Silchar,136.98,Lakhipur Terminal,115.88,FCI Depot Imphal,25.64,DIMA HASAO Toll Plaza,132.46
Unnamed Village,KANGPOKPI,679.0,12479502669,village,202,0.01,Belghoria Expressway,625.76,WADRENGDISA,102.66,Khongsang,66.61,Kolkata Port (Syama Prasad Mookerjee Port) incl. Haldia Dock Complex,637.03,ICD Amingaon,278.52,Moreh ICP,75.52,Lokpriya Gopinath Bordoloi International Airport (GAU),283.1,MMLP Silchar,136.45,Lakhipur Terminal,115.32,FCI Depot Imphal,24.95,DIMA HASAO Toll Plaza,132.43
Nomjang,KANGPOKPI,679.0,12479519675,village,202,2.51,Belghoria Expressway,624.49,WADRENGDISA,100.17,Khongsang,64.89,Kolkata Port (Syama Prasad Mookerjee Port) incl. Haldia Dock Complex,635.78,ICD Amingaon,275.93,Moreh ICP,77.54,Lokpriya Gopinath Bordoloi International Airport (GAU),280.54,MMLP Silchar,134.56,Lakhipur Terminal,113.54,FCI Depot Imphal,24.18,DIMA HASAO Toll Plaza,129.82
Ngarumphung,KANGPOKPI,679.0,12480328163,village,202,0.87,Belghoria Expressway,621.1,JIRIBAM,99.15,Khongsang,62.86,Kolkata Port (Syama Prasad Mookerjee Port) incl. Haldia Dock Complex,632.34,ICD Amingaon,278.03,Moreh ICP,71.82,Lokpriya Gopinath Bordoloi International Airport (GAU),282.39,MMLP Silchar,132.99,Lakhipur Terminal,111.6,FCI Depot Imphal,19.98,DIMA HASAO Toll Plaza,133.14
Vaozang,CHURACHANDPUR,274.0,12513153821,village,2,0.8,Belghoria Expressway,557.01,JIRIBAM,72.22,Khongsang,56.02,Kolkata Port (Syama Prasad Mookerjee Port) incl. Haldia Dock Complex,567.75,ICD Amingaon,279.03,Moreh ICP,65.36,Lokpriya Gopinath Bordoloi International Airport (GAU),280.15,MMLP Silchar,101.89,Lakhipur Terminal,80.63,FCI Depot Imphal,58.73,CACHAR Toll Plaza,110.6
Old Gelmol,CHURACHANDPUR,274.0,12513153822,village,2,1.8,Belghoria Expressway,558.17,JIRIBAM,72.07,Khongsang,55.21,Kolkata Port (Syama Prasad Mookerjee Port) incl. Haldia Dock Complex,568.91,ICD Amingaon,278.81,Moreh ICP,64.7,Lokpriya Gopinath Bordoloi International Airport (GAU),279.99,MMLP Silchar,102.02,Lakhipur Terminal,80.65,FCI Depot Imphal,57.33,CACHAR Toll Plaza,110.62
Isingthembi,IMPHAL EAST,278.0,12626604280,village,2,9.09,Belghoria Expressway,612.51,WADRENGDISA,86.99,Khongsang,52.0,Kolkata Port (Syama Prasad Mookerjee Port) incl. Haldia Dock Complex,623.88,ICD Amingaon,263.47,Moreh ICP,82.94,Lokpriya Gopinath Bordoloi International Airport (GAU),267.85,MMLP Silchar,121.19,Lakhipur Terminal,100.42,FCI Depot Imphal,17.05,DIMA HASAO Toll Plaza,118.94
Phaknung,IMPHAL EAST,278.0,12626604281,village,202,0.37,Belghoria Expressway,609.69,JIRIBAM,87.97,Khongsang,51.69,Kolkata Port (Syama Prasad Mookerjee Port) incl. Haldia Dock Complex,620.93,ICD Amingaon,270.52,Moreh ICP,72.19,Lokpriya Gopinath Bordoloi International Airport (GAU),274.53,MMLP Silchar,121.96,Lakhipur Terminal,100.4,FCI Depot Imphal,8.77,CACHAR Toll Plaza,124.44
Tonglon (P),CHURACHANDPUR,274.0,12705309086,village,102B,9.24,Belghoria Expressway,542.61,JIRIBAM,73.14,Khongsang,64.77,Kolkata Port (Syama Prasad Mookerjee Port) incl. Haldia Dock Complex,553.25,ICD Amingaon,279.38,Moreh ICP,76.31,Lokpriya Gopinath Bordoloi International Airport (GAU),279.8,MMLP Silchar,99.03,Lakhipur Terminal,79.46,FCI Depot Imphal,74.11,CACHAR Toll Plaza,109.0
Chaljang,CHURACHANDPUR,274.0,12705576113,village,102B,11.71,Belghoria Expressway,561.06,JIRIBAM,93.99,Khongsang,78.52,Kolkata Port (Syama Prasad Mookerjee Port) incl. Haldia Dock Complex,571.48,ICD Amingaon,300.9,Moreh ICP,55.38,Lokpriya Gopinath Bordoloi International Airport (GAU),301.73,MMLP Silchar,121.95,Lakhipur Terminal,101.55,FCI Depot Imphal,73.93,CACHAR Toll Plaza,131.41
Khuangnung,CHURACHANDPUR,274.0,12705662124,village,102B,2.89,Belghoria Expressway,561.72,JIRIBAM,79.75,Khongsang,62.14,Kolkata Port (Syama Prasad Mookerjee Port) incl. Haldia Dock Complex,572.37,ICD Amingaon,286.49,Moreh ICP,58.6,Lokpriya Gopinath Bordoloi International Airport (GAU),287.67,MMLP Silchar,109.51,Lakhipur Terminal,88.25,FCI Depot Imphal,59.94,CACHAR Toll Plaza,118.22
Tuikham,CHURACHANDPUR,274.0,12705662125,village,102B,2.62,Belghoria Expressway,561.54,JIRIBAM,79.49,Khongsang,61.93,Kolkata Port (Syama Prasad Mookerjee Port) incl. Haldia Dock Complex,572.19,ICD Amingaon,286.24,Moreh ICP,58.84,Lokpriya Gopinath Bordoloi International Airport (GAU),287.41,MMLP Silchar,109.24,Lakhipur Terminal,87.99,FCI Depot Imphal,59.9,CACHAR Toll Plaza,117.96
Ngurte,CHURACHANDPUR,274.0,12705662126,village,102B,3.33,Belghoria Expressway,561.78,JIRIBAM,80.28,Khongsang,62.71,Kolkata Port (Syama Prasad Mookerjee Port) incl. Haldia Dock Complex,572.43,ICD Amingaon,287.03,Moreh ICP,58.32,Lokpriya Gopinath Bordoloi International Airport (GAU),288.2,MMLP Silchar,109.98,Lakhipur Terminal,88.75,FCI Depot Imphal,60.34,CACHAR Toll Plaza,118.72
Thenmuol Khelmuol,CHURACHANDPUR,274.0,12705662127,village,102B,3.86,Belghoria Expressway,561.92,JIRIBAM,80.85,Khongsang,63.31,Kolkata Port (Syama Prasad Mookerjee Port) incl. Haldia Dock Complex,572.55,ICD Amingaon,287.62,Moreh ICP,57.98,Lokpriya Gopinath Bordoloi International Airport (GAU),288.78,MMLP Silchar,110.52,Lakhipur Terminal,89.31,FCI Depot Imphal,60.72,CACHAR Toll Plaza,119.28
Daijang,CHURACHANDPUR,274.0,12705662128,village,102B,3.35,Belghoria Expressway,561.47,JIRIBAM,80.37,Khongsang,62.98,Kolkata Port (Syama Prasad Mookerjee Port) incl. Haldia Dock Complex,572.11,ICD Amingaon,287.15,Moreh ICP,58.5,Lokpriya Gopinath Bordoloi International Airport (GAU),288.3,MMLP Silchar,110.0,Lakhipur Terminal,88.8,FCI Depot Imphal,60.75,CACHAR Toll Plaza,118.77
Misao Lhavom,CHURACHANDPUR,274.0,12705662129,village,102B,4.16,Belghoria Expressway,560.46,JIRIBAM,81.68,Khongsang,64.97,Kolkata Port (Syama Prasad Mookerjee Port) incl. Haldia Dock Complex,571.07,ICD Amingaon,288.53,Moreh ICP,58.74,Lokpriya Gopinath Bordoloi International Airport (GAU),289.6,MMLP Silchar,110.93,Lakhipur Terminal,89.9,FCI Depot Imphal,62.99,CACHAR Toll Plaza,119.86
Benazou Khoken,CHURACHANDPUR,274.0,12705662130,village,102B,5.69,Belghoria Expressway,560.21,JIRIBAM,83.64,Khongsang,67.31,Kolkata Port (Syama Prasad Mookerjee Port) incl. Haldia Dock Complex,570.78,ICD Amingaon,290.53,Moreh ICP,58.26,Lokpriya Gopinath Bordoloi International Airport (GAU),291.55,MMLP Silchar,112.6,Lakhipur Terminal,91.7,FCI Depot Imphal,65.03,CACHAR Toll Plaza,121.65
M. Hapimollen,CHURACHANDPUR,274.0,12705662131,village,102B,7.88,Belghoria Expressway,561.01,JIRIBAM,87.32,Khongsang,71.08,Kolkata Port (Syama Prasad Mookerjee Port) incl. Haldia Dock Complex,571.54,ICD Amingaon,294.23,Moreh ICP,56.54,Lokpriya Gopinath Bordoloi International Airport (GAU),295.2,MMLP Silchar,116.02,Lakhipur Terminal,95.26,FCI Depot Imphal,67.62,CACHAR Toll Plaza,125.19
S. Gelbung,CHURACHANDPUR,274.0,12705662132,village,102B,7.81,Belghoria Expressway,560.09,JIRIBAM,89.09,Khongsang,73.48,Kolkata Port (Syama Prasad Mookerjee Port) incl. Haldia Dock Complex,570.58,ICD Amingaon,296.01,Moreh ICP,56.97,Lokpriya Gopinath Bordoloi International Airport (GAU),296.9,MMLP Silchar,117.39,Lakhipur Terminal,96.81,FCI Depot Imphal,70.18,CACHAR Toll Plaza,126.7
Tuidam,CHURACHANDPUR,274.0,12705662133,village,102B,11.26,Belghoria Expressway,560.84,JIRIBAM,93.53,Khongsang,78.1,Kolkata Port (Syama Prasad Mookerjee Port) incl. Haldia Dock Complex,571.26,ICD Amingaon,300.44,Moreh ICP,55.63,Lokpriya Gopinath Bordoloi International Airport (GAU),301.27,MMLP Silchar,121.5,Lakhipur Terminal,101.09,FCI Depot Imphal,73.69,CACHAR Toll Plaza,130.95
K. Janglenphai,CHURACHANDPUR,274.0,12705662139,village,102B,13.4,Belghoria Expressway,561.63,JIRIBAM,95.81,Khongsang,80.29,Kolkata Port (Syama Prasad Mookerjee Port) incl. Haldia Dock Complex,572.03,ICD Amingaon,302.71,Moreh ICP,54.7,Lokpriya Gopinath Bordoloi International Airport (GAU),303.53,MMLP Silchar,123.69,Lakhipur Terminal,103.33,FCI Depot Imphal,75.17,CACHAR Toll Plaza,133.18
Tuisomjang,CHURACHANDPUR,274.0,12708576217,village,2,1.73,Belghoria Expressway,562.18,JIRIBAM,70.63,Khongsang,51.2,Kolkata Port (Syama Prasad Mookerjee Port) incl. Haldia Dock Complex,572.98,ICD Amingaon,276.88,Moreh ICP,63.31,Lokpriya Gopinath Bordoloi International Airport (GAU),278.3,MMLP Silchar,101.65,Lakhipur Terminal,79.86,FCI Depot Imphal,51.58,CACHAR Toll Plaza,109.75
"T, Kholep",CHURACHANDPUR,274.0,12708576218,village,2,1.77,Belghoria Expressway,561.94,JIRIBAM,70.95,Khongsang,51.72,Kolkata Port (Syama Prasad Mookerjee Port) incl. Haldia Dock Complex,572.74,ICD Amingaon,277.25,Moreh ICP,63.22,Lokpriya Gopinath Bordoloi International Airport (GAU),278.65,MMLP Silchar,101.88,Lakhipur Terminal,80.13,FCI Depot Imphal,52.12,CACHAR Toll Plaza,110.02
Twilelon,CHANDEL,280.0,12709538203,village,102B,20.03,Belghoria Expressway,568.69,JIRIBAM,101.09,Khongsang,83.4,Kolkata Port (Syama Prasad Mookerjee Port) incl. Haldia Dock Complex,579.05,ICD Amingaon,307.97,Moreh ICP,47.6,Lokpriya Gopinath Bordoloi International Airport (GAU),309.0,MMLP Silchar,129.8,Lakhipur Terminal,109.08,FCI Depot Imphal,74.16,CACHAR Toll Plaza,139.01
Paldai,CHANDEL,280.0,12709538204,village,102B,19.59,Belghoria Expressway,568.86,JIRIBAM,100.36,Khongsang,82.51,Kolkata Port (Syama Prasad Mookerjee Port) incl. Haldia Dock Complex,579.23,ICD Amingaon,307.23,Moreh ICP,47.44,Lokpriya Gopinath Bordoloi International Airport (GAU),308.28,MMLP Silchar,129.18,Lakhipur Terminal,108.41,FCI Depot Imphal,73.23,CACHAR Toll Plaza,138.35
K. Phailen,CHANDEL,280.0,12714019297,village,102B,20.17,Belghoria Expressway,571.29,JIRIBAM,99.1,Khongsang,80.1,Kolkata Port (Syama Prasad Mookerjee Port) incl. Haldia Dock Complex,581.71,ICD Amingaon,305.83,Moreh ICP,45.16,Lokpriya Gopinath Bordoloi International Airport (GAU),307.02,MMLP Silchar,128.51,Lakhipur Terminal,107.47,FCI Depot Imphal,69.62,CACHAR Toll Plaza,137.44
Teljang,CHANDEL,280.0,12714023315,village,102B,20.61,Belghoria Expressway,571.08,JIRIBAM,100.14,Khongsang,81.38,Kolkata Port (Syama Prasad Mookerjee Port) incl. Haldia Dock Complex,581.48,ICD Amingaon,306.91,Moreh ICP,45.27,Lokpriya Gopinath Bordoloi International Airport (GAU),308.07,MMLP Silchar,129.4,Lakhipur Terminal,108.43,FCI Depot Imphal,70.95,CACHAR Toll Plaza,138.39
D. Leikot,KANGPOKPI,679.0,12720551275,village,202,7.81,Belghoria Expressway,621.31,WADRENGDISA,94.97,Khongsang,61.04,Kolkata Port (Syama Prasad Mookerjee Port) incl. Haldia Dock Complex,632.65,ICD Amingaon,270.63,Moreh ICP,81.27,Lokpriya Gopinath Bordoloi International Airport (GAU),275.25,MMLP Silchar,130.29,Lakhipur Terminal,109.51,FCI Depot Imphal,22.73,DIMA HASAO Toll Plaza,124.61
Thombol,KANGPOKPI,679.0,12720551276,village,202,7.68,Belghoria Expressway,621.79,WADRENGDISA,95.2,Khongsang,61.48,Kolkata Port (Syama Prasad Mookerjee Port) incl. Haldia Dock Complex,633.13,ICD Amingaon,270.78,Moreh ICP,81.51,Lokpriya Gopinath Bordoloi International Airport (GAU),275.42,MMLP Silchar,130.7,Lakhipur Terminal,109.94,FCI Depot Imphal,23.24,DIMA HASAO Toll Plaza,124.66
"T, Jordanphai",KANGPOKPI,679.0,12720551286,village,202,6.22,Belghoria Expressway,623.9,WADRENGDISA,97.17,Khongsang,63.66,Kolkata Port (Syama Prasad Mookerjee Port) incl. Haldia Dock Complex,635.24,ICD Amingaon,272.54,Moreh ICP,81.25,Lokpriya Gopinath Bordoloi International Airport (GAU),277.23,MMLP Silchar,132.89,Lakhipur Terminal,112.13,FCI Depot Imphal,24.9,DIMA HASAO Toll Plaza,126.11
Songjang,KANGPOKPI,679.0,12720551287,village,202,7.7,Belghoria Expressway,622.28,WADRENGDISA,95.36,Khongsang,61.92,Kolkata Port (Syama Prasad Mookerjee Port) incl. Haldia Dock Complex,633.62,ICD Amingaon,270.84,Moreh ICP,81.89,Lokpriya Gopinath Bordoloi International Airport (GAU),275.5,MMLP Silchar,131.09,Lakhipur Terminal,110.36,FCI Depot Imphal,23.82,DIMA HASAO Toll Plaza,124.59
Thangal Surung,KANGPOKPI,679.0,12723897088,village,2,7.16,Belghoria Expressway,616.06,WADRENGDISA,84.96,Khongsang,55.07,Kolkata Port (Syama Prasad Mookerjee Port) incl. Haldia Dock Complex,627.51,ICD Amingaon,260.16,Moreh ICP,89.89,Lokpriya Gopinath Bordoloi International Airport (GAU),264.85,MMLP Silchar,122.86,Lakhipur Terminal,102.72,FCI Depot Imphal,24.54,DIMA HASAO Toll Plaza,114.08
Y. Langkhong,KANGPOKPI,679.0,12723897089,village,2,6.92,Belghoria Expressway,615.5,WADRENGDISA,84.87,Khongsang,54.52,Kolkata Port (Syama Prasad Mookerjee Port) incl. Haldia Dock Complex,626.94,ICD Amingaon,260.23,Moreh ICP,89.34,Lokpriya Gopinath Bordoloi International Airport (GAU),264.89,MMLP Silchar,122.44,Lakhipur Terminal,102.24,FCI Depot Imphal,23.79,DIMA HASAO Toll Plaza,114.33
Lhungjang,KANGPOKPI,679.0,12723897099,village,2,3.64,Belghoria Expressway,612.5,WADRENGDISA,81.74,Khongsang,51.51,Kolkata Port (Syama Prasad Mookerjee Port) incl. Haldia Dock Complex,623.95,ICD Amingaon,257.36,Moreh ICP,90.53,Lokpriya Gopinath Bordoloi International Airport (GAU),261.95,MMLP Silchar,119.2,Lakhipur Terminal,99.07,FCI Depot Imphal,23.21,DIMA HASAO Toll Plaza,111.91
T. Lamkajang,KANGPOKPI,679.0,12723909803,village,2,4.1,Belghoria Expressway,613.12,WADRENGDISA,82.06,Khongsang,52.13,Kolkata Port (Syama Prasad Mookerjee Port) incl. Haldia Dock Complex,624.58,ICD Amingaon,257.56,Moreh ICP,90.77,Lokpriya Gopinath Bordoloi International Airport (GAU),262.18,MMLP Silchar,119.76,Lakhipur Terminal,99.66,FCI Depot Imphal,23.71,DIMA HASAO Toll Plaza,111.95
Thingsat,KANGPOKPI,679.0,12723909804,village,2,2.82,Belghoria Expressway,607.85,WADRENGDISA,80.33,Khongsang,46.92,Kolkata Port (Syama Prasad Mookerjee Port) incl. Haldia Dock Complex,619.27,ICD Amingaon,256.88,Moreh ICP,87.7,Lokpriya Gopinath Bordoloi International Airport (GAU),261.23,MMLP Silchar,115.4,Lakhipur Terminal,94.93,FCI Depot Imphal,18.63,DIMA HASAO Toll Plaza,112.82
Ankhombung Kho,KANGPOKPI,679.0,12723909824,village,2,2.41,Belghoria Expressway,610.14,WADRENGDISA,80.67,Khongsang,49.14,Kolkata Port (Syama Prasad Mookerjee Port) incl. Haldia Dock Complex,621.58,ICD Amingaon,256.74,Moreh ICP,89.51,Lokpriya Gopinath Bordoloi International Airport (GAU),261.22,MMLP Silchar,117.14,Lakhipur Terminal,96.88,FCI Depot Imphal,21.24,DIMA HASAO Toll Plaza,111.92
Twichamphai,KANGPOKPI,679.0,12723909825,village,2,3.12,Belghoria Expressway,612.59,WADRENGDISA,80.98,Khongsang,51.62,Kolkata Port (Syama Prasad Mookerjee Port) incl. Haldia Dock Complex,624.06,ICD Amingaon,256.41,Moreh ICP,91.79,Lokpriya Gopinath Bordoloi International Airport (GAU),261.03,MMLP Silchar,119.0,Lakhipur Terminal,98.99,FCI Depot Imphal,24.35,DIMA HASAO Toll Plaza,110.79
Phaijang,IMPHAL EAST,278.0,12725029044,village,2,9.33,Belghoria Expressway,618.8,WADRENGDISA,87.05,Khongsang,57.81,Kolkata Port (Syama Prasad Mookerjee Port) incl. Haldia Dock Complex,630.25,ICD Amingaon,261.83,Moreh ICP,90.13,Lokpriya Gopinath Bordoloi International Airport (GAU),266.6,MMLP Silchar,125.52,Lakhipur Terminal,105.43,FCI Depot Imphal,26.33,DIMA HASAO Toll Plaza,115.23
Leilon Khunou,KANGPOKPI,679.0,12735406494,village,2,6.0,Belghoria Expressway,595.23,JIRIBAM,70.48,Khongsang,34.48,Kolkata Port (Syama Prasad Mookerjee Port) incl. Haldia Dock Complex,606.63,ICD Amingaon,251.14,Moreh ICP,87.24,Lokpriya Gopinath Bordoloi International Airport (GAU),254.98,MMLP Silchar,103.81,Lakhipur Terminal,82.9,FCI Depot Imphal,16.6,CACHAR Toll Plaza,105.53
L. Phaijang,KANGPOKPI,679.0,12735406496,village,2,5.6,Belghoria Expressway,594.99,JIRIBAM,70.59,Khongsang,34.46,Kolkata Port (Syama Prasad Mookerjee Port) incl. Haldia Dock Complex,606.38,ICD Amingaon,252.32,Moreh ICP,85.74,Lokpriya Gopinath Bordoloi International Airport (GAU),256.11,MMLP Silchar,104.07,Lakhipur Terminal,83.03,FCI Depot Imphal,15.23,CACHAR Toll Plaza,105.98
Lingsiphai,CHURACHANDPUR,274.0,12745033473,village,102B,0.23,Belghoria Expressway,558.31,JIRIBAM,77.04,Khongsang,60.8,Kolkata Port (Syama Prasad Mookerjee Port) incl. Haldia Dock Complex,568.98,ICD Amingaon,283.9,Moreh ICP,62.2,Lokpriya Gopinath Bordoloi International Airport (GAU),284.97,MMLP Silchar,106.39,Lakhipur Terminal,85.3,FCI Depot Imphal,61.23,CACHAR Toll Plaza,115.26
Tangmual,CHURACHANDPUR,274.0,12745033474,village,102B,0.21,Belghoria Expressway,558.89,JIRIBAM,76.94,Khongsang,60.38,Kolkata Port (Syama Prasad Mookerjee Port) incl. Haldia Dock Complex,569.56,ICD Amingaon,283.76,Moreh ICP,61.84,Lokpriya Gopinath Bordoloi International Airport (GAU),284.87,MMLP Silchar,106.43,Lakhipur Terminal,85.27,FCI Depot Imphal,60.52,CACHAR Toll Plaza,115.24
Thingkangphai,CHURACHANDPUR,274.0,12745033491,village,102B,0.16,Belghoria Expressway,559.54,JIRIBAM,76.54,Khongsang,59.58,Kolkata Port (Syama Prasad Mookerjee Port) incl. Haldia Dock Complex,570.23,ICD Amingaon,283.32,Moreh ICP,61.57,Lokpriya Gopinath Bordoloi International Airport (GAU),284.47,MMLP Silchar,106.22,Lakhipur Terminal,84.99,FCI Depot Imphal,59.48,CACHAR Toll Plaza,114.96
Tangnuam,CHURACHANDPUR,274.0,12745033492,village,102B,0.4,Belghoria Expressway,559.78,JIRIBAM,75.94,Khongsang,58.76,Kolkata Port (Syama Prasad Mookerjee Port) incl. Haldia Dock Complex,570.48,ICD Amingaon,282.69,Moreh ICP,61.69,Lokpriya Gopinath Bordoloi International Airport (GAU),283.86,MMLP Silchar,105.75,Lakhipur Terminal,84.46,FCI Depot Imphal,58.71,CACHAR Toll Plaza,114.43
Haijang,KANGPOKPI,679.0,12778371935,village,2,0.69,Belghoria Expressway,617.94,WADRENGDISA,79.85,Khongsang,57.74,Kolkata Port (Syama Prasad Mookerjee Port) incl. Haldia Dock Complex,629.49,ICD Amingaon,252.86,Moreh ICP,100.68,Lokpriya Gopinath Bordoloi International Airport (GAU),257.9,MMLP Silchar,122.54,Lakhipur Terminal,103.48,FCI Depot Imphal,34.43,DIMA HASAO Toll Plaza,105.24
Haijang,KAMJANG,670.0,12778478525,village,202,27.03,Belghoria Expressway,680.04,RANGAPAHAR,133.73,Khongsang,122.13,Kolkata Port (Syama Prasad Mookerjee Port) incl. Haldia Dock Complex,691.18,ICD Amingaon,323.53,Moreh ICP,92.15,Lokpriya Gopinath Bordoloi International Airport (GAU),329.29,MMLP Silchar,191.82,Lakhipur Terminal,170.83,FCI Depot Imphal,79.2,DIMA HASAO Toll Plaza,173.01
New Mandu,TAMENGLONG,273.0,12784837282,village,137G,15.11,Belghoria Expressway,555.16,MAHUR,25.34,Khongsang,27.32,Kolkata Port (Syama Prasad Mookerjee Port) incl. Haldia Dock Complex,566.92,ICD Amingaon,203.92,Sutarkandi ICP,94.55,Lokpriya Gopinath Bordoloi International Airport (GAU),206.82,MMLP Silchar,57.85,Lakhipur Terminal,41.82,FCI Depot Silchar,57.85,CACHAR Toll Plaza,56.6
Longchai,TAMENGLONG,273.0,12784884823,village,37,12.69,Belghoria Expressway,546.19,JIRIBAM,20.57,Khongsang,23.17,Kolkata Port (Syama Prasad Mookerjee Port) incl. Haldia Dock Complex,557.85,ICD Amingaon,208.12,Sutarkandi ICP,86.93,Lokpriya Gopinath Bordoloi International Airport (GAU),210.33,MMLP Silchar,50.4,Lakhipur Terminal,31.59,FCI Depot Silchar,50.4,CACHAR Toll Plaza,51.63
Longkhalong,TAMENGLONG,273.0,12784884824,village,37,7.35,Belghoria Expressway,542.62,JIRIBAM,16.23,Khongsang,22.95,Kolkata Port (Syama Prasad Mookerjee Port) incl. Haldia Dock Complex,554.24,ICD Amingaon,210.42,Sutarkandi ICP,84.29,Lokpriya Gopinath Bordoloi International Airport (GAU),212.35,MMLP Silchar,48.13,Lakhipur Terminal,28.0,FCI Depot Silchar,48.13,CACHAR Toll Plaza,50.62
Kaiphundai,JIRIBAM,658.0,12784887036,village,37,3.74,Belghoria Expressway,535.15,JIRIBAM,8.62,Khongsang,28.21,Kolkata Port (Syama Prasad Mookerjee Port) incl. Haldia Dock Complex,546.73,ICD Amingaon,209.88,Sutarkandi ICP,77.67,Lokpriya Gopinath Bordoloi International Airport (GAU),211.37,MMLP Silchar,42.11,Lakhipur Terminal,20.86,FCI Depot Silchar,42.11,CACHAR Toll Plaza,46.08
Baraikhāl,JIRIBAM,658.0,12784887037,village,37,5.25,Belghoria Expressway,536.43,JIRIBAM,10.0,Khongsang,27.79,Kolkata Port (Syama Prasad Mookerjee Port) incl. Haldia Dock Complex,548.04,ICD Amingaon,208.79,Sutarkandi ICP,78.46,Lokpriya Gopinath Bordoloi International Airport (GAU),210.38,MMLP Silchar,42.6,Lakhipur Terminal,21.88,FCI Depot Silchar,42.6,CACHAR Toll Plaza,46.01
Kandihong,TAMENGLONG,273.0,12785519722,village,137G,17.1,Belghoria Expressway,553.53,MAHUR,26.1,Khongsang,26.32,Kolkata Port (Syama Prasad Mookerjee Port) incl. Haldia Dock Complex,565.27,ICD Amingaon,204.5,Sutarkandi ICP,93.08,Lokpriya Gopinath Bordoloi International Airport (GAU),207.28,MMLP Silchar,56.36,Lakhipur Terminal,39.91,FCI Depot Silchar,56.36,CACHAR Toll Plaza,55.48
New Atengba,TAMENGLONG,273.0,12785519852,village,137,16.56,Belghoria Expressway,551.07,JIRIBAM,25.58,Khongsang,21.53,Kolkata Port (Syama Prasad Mookerjee Port) incl. Haldia Dock Complex,562.75,ICD Amingaon,208.98,Sutarkandi ICP,91.51,Lokpriya Gopinath Bordoloi International Airport (GAU),211.48,MMLP Silchar,54.88,Lakhipur Terminal,36.54,FCI Depot Silchar,54.88,CACHAR Toll Plaza,55.46
Phoklong Khullen,TAMENGLONG,273.0,12785768965,village,137G,5.54,Belghoria Expressway,567.93,WADRENGDISA,22.18,Khongsang,38.87,Kolkata Port (Syama Prasad Mookerjee Port) incl. Haldia Dock Complex,579.81,ICD Amingaon,199.75,Sutarkandi ICP,106.75,Lokpriya Gopinath Bordoloi International Airport (GAU),203.61,MMLP Silchar,70.63,Lakhipur Terminal,57.39,FCI Depot Imphal,67.62,DIMA HASAO Toll Plaza,65.03
Phoklong Khund,TAMENGLONG,273.0,12785768966,village,137G,7.95,Belghoria Expressway,568.69,DAOTUHAJA,24.69,Khongsang,36.49,Kolkata Port (Syama Prasad Mookerjee Port) incl. Haldia Dock Complex,580.54,ICD Amingaon,202.41,Sutarkandi ICP,107.54,Lokpriya Gopinath Bordoloi International Airport (GAU),206.24,MMLP Silchar,71.24,Lakhipur Terminal,57.23,FCI Depot Imphal,64.94,DIMA HASAO Toll Plaza,67.56
Tousem Khullen,TAMENGLONG,273.0,12785768967,village,137G,8.67,Belghoria Expressway,564.13,DAOTUHAJA,24.46,Khongsang,32.28,Kolkata Port (Syama Prasad Mookerjee Port) incl. Haldia Dock Complex,575.94,ICD Amingaon,203.27,Sutarkandi ICP,103.11,Lokpriya Gopinath Bordoloi International Airport (GAU),206.76,MMLP Silchar,66.61,Lakhipur Terminal,51.85,FCI Depot Imphal,64.24,CACHAR Toll Plaza,64.07
Mandu,TAMENGLONG,273.0,12785768968,village,137G,12.29,Belghoria Expressway,558.08,MAHUR,24.95,Khongsang,28.78,Kolkata Port (Syama Prasad Mookerjee Port) incl. Haldia Dock Complex,569.86,ICD Amingaon,203.51,Sutarkandi ICP,97.29,Lokpriya Gopinath Bordoloi International Airport (GAU),206.61,MMLP Silchar,60.65,Lakhipur Terminal,45.11,FCI Depot Silchar,60.65,CACHAR Toll Plaza,58.9
New Phellong,TAMENGLONG,273.0,12785781077,village,137,13.72,Belghoria Expressway,569.92,DAOTUHAJA,31.12,Khongsang,29.63,Kolkata Port (Syama Prasad Mookerjee Port) incl. Haldia Dock Complex,581.68,ICD Amingaon,209.58,Sutarkandi ICP,109.14,Lokpriya Gopinath Bordoloi International Airport (GAU),213.24,MMLP Silchar,72.5,Lakhipur Terminal,56.48,FCI Depot Imphal,57.77,CACHAR Toll Plaza,70.56
Phellong,TAMENGLONG,273.0,12785781078,village,137,12.83,Belghoria Expressway,569.13,DAOTUHAJA,31.33,Khongsang,28.56,Kolkata Port (Syama Prasad Mookerjee Port) incl. Haldia Dock Complex,580.88,ICD Amingaon,209.95,Sutarkandi ICP,108.42,Lokpriya Gopinath Bordoloi International Airport (GAU),213.55,MMLP Silchar,71.76,Lakhipur Terminal,55.54,FCI Depot Imphal,57.43,CACHAR Toll Plaza,69.98
Namtiram,TAMENGLONG,273.0,12785781079,village,137,11.37,Belghoria Expressway,567.07,DAOTUHAJA,31.54,Khongsang,26.43,Kolkata Port (Syama Prasad Mookerjee Port) incl. Haldia Dock Complex,578.81,ICD Amingaon,210.39,Sutarkandi ICP,106.52,Lokpriya Gopinath Bordoloi International Airport (GAU),213.85,MMLP Silchar,69.82,Lakhipur Terminal,53.22,FCI Depot Imphal,57.19,CACHAR Toll Plaza,68.39
Kātang,TAMENGLONG,273.0,12785832782,village,137G,8.34,Belghoria Expressway,572.54,WADRENGDISA,22.99,Khongsang,43.41,Kolkata Port (Syama Prasad Mookerjee Port) incl. Haldia Dock Complex,584.45,ICD Amingaon,199.0,Sutarkandi ICP,111.39,Lokpriya Gopinath Bordoloi International Airport (GAU),203.19,MMLP Silchar,75.54,Lakhipur Terminal,62.94,FCI Depot Imphal,68.91,DIMA HASAO Toll Plaza,61.21
Siden,BISHNUPUR,275.0,12794974059,village,2,2.29,Belghoria Expressway,567.26,JIRIBAM,73.98,Khongsang,52.32,Kolkata Port (Syama Prasad Mookerjee Port) incl. Haldia Dock Complex,578.06,ICD Amingaon,279.66,Moreh ICP,58.8,Lokpriya Gopinath Bordoloi International Airport (GAU),281.27,MMLP Silchar,105.6,Lakhipur Terminal,83.6,FCI Depot Imphal,48.35,CACHAR Toll Plaza,113.38
Changpikot,BISHNUPUR,275.0,12794974060,village,2,2.33,Belghoria Expressway,567.15,JIRIBAM,74.12,Khongsang,52.56,Kolkata Port (Syama Prasad Mookerjee Port) incl. Haldia Dock Complex,577.94,ICD Amingaon,279.84,Moreh ICP,58.74,Lokpriya Gopinath Bordoloi International Airport (GAU),281.43,MMLP Silchar,105.7,Lakhipur Terminal,83.72,FCI Depot Imphal,48.61,CACHAR Toll Plaza,113.51
S. Gangpijang,BISHNUPUR,275.0,12794974061,village,2,2.38,Belghoria Expressway,566.94,JIRIBAM,74.28,Khongsang,52.87,Kolkata Port (Syama Prasad Mookerjee Port) incl. Haldia Dock Complex,577.73,ICD Amingaon,280.05,Moreh ICP,58.72,Lokpriya Gopinath Bordoloi International Airport (GAU),281.63,MMLP Silchar,105.79,Lakhipur Terminal,83.84,FCI Depot Imphal,49.01,CACHAR Toll Plaza,113.64
Lhungjang,BISHNUPUR,275.0,12795207772,village,2,2.55,Belghoria Expressway,566.86,JIRIBAM,74.48,Khongsang,53.16,Kolkata Port (Syama Prasad Mookerjee Port) incl. Haldia Dock Complex,577.65,ICD Amingaon,280.28,Moreh ICP,58.61,Lokpriya Gopinath Bordoloi International Airport (GAU),281.85,MMLP Silchar,105.95,Lakhipur Terminal,84.01,FCI Depot Imphal,49.29,CACHAR Toll Plaza,113.82
Nomjang,BISHNUPUR,275.0,12795207773,village,2,2.59,Belghoria Expressway,566.82,JIRIBAM,74.53,Khongsang,53.24,Kolkata Port (Syama Prasad Mookerjee Port) incl. Haldia Dock Complex,577.6,ICD Amingaon,280.35,Moreh ICP,58.6,Lokpriya Gopinath Bordoloi International Airport (GAU),281.91,MMLP Silchar,105.99,Lakhipur Terminal,84.05,FCI Depot Imphal,49.39,CACHAR Toll Plaza,113.86
T. Kananphai,CHURACHANDPUR,274.0,12795207774,village,2,1.84,Belghoria Expressway,566.74,JIRIBAM,73.67,Khongsang,52.24,Kolkata Port (Syama Prasad Mookerjee Port) incl. Haldia Dock Complex,577.54,ICD Amingaon,279.42,Moreh ICP,59.23,Lokpriya Gopinath Bordoloi International Airport (GAU),281.0,MMLP Silchar,105.22,Lakhipur Terminal,83.25,FCI Depot Imphal,48.7,CACHAR Toll Plaza,113.05
Gotengphai,BISHNUPUR,275.0,12795926751,village,2,3.5,Belghoria Expressway,568.74,JIRIBAM,74.76,Khongsang,52.44,Kolkata Port (Syama Prasad Mookerjee Port) incl. Haldia Dock Complex,579.54,ICD Amingaon,280.22,Moreh ICP,57.68,Lokpriya Gopinath Bordoloi International Airport (GAU),281.88,MMLP Silchar,106.55,Lakhipur Terminal,84.5,FCI Depot Imphal,47.25,CACHAR Toll Plaza,114.24
Dopkon,BISHNUPUR,275.0,12795926756,village,2,3.44,Belghoria Expressway,568.58,JIRIBAM,74.78,Khongsang,52.56,Kolkata Port (Syama Prasad Mookerjee Port) incl. Haldia Dock Complex,579.38,ICD Amingaon,280.28,Moreh ICP,57.72,Lokpriya Gopinath Bordoloi International Airport (GAU),281.93,MMLP Silchar,106.55,Lakhipur Terminal,84.5,FCI Depot Imphal,47.47,CACHAR Toll Plaza,114.25
Leitanpokpi,BISHNUPUR,275.0,12795926759,village,2,3.95,Belghoria Expressway,569.02,JIRIBAM,75.27,Khongsang,52.92,Kolkata Port (Syama Prasad Mookerjee Port) incl. Haldia Dock Complex,579.81,ICD Amingaon,280.73,Moreh ICP,57.21,Lokpriya Gopinath Bordoloi International Airport (GAU),282.39,MMLP Silchar,107.05,Lakhipur Terminal,85.0,FCI Depot Imphal,47.39,CACHAR Toll Plaza,114.74
Khuangmun,BISHNUPUR,275.0,12795926760,village,2,3.63,Belghoria Expressway,568.6,JIRIBAM,75.08,Khongsang,52.93,Kolkata Port (Syama Prasad Mookerjee Port) incl. Haldia Dock Complex,579.39,ICD Amingaon,280.62,Moreh ICP,57.49,Lokpriya Gopinath Bordoloi International Airport (GAU),282.26,MMLP Silchar,106.81,Lakhipur Terminal,84.78,FCI Depot Imphal,47.73,CACHAR Toll Plaza,114.54
Nganukon,BISHNUPUR,275.0,12795926766,village,2,2.58,Belghoria Expressway,568.06,JIRIBAM,73.79,Khongsang,51.63,Kolkata Port (Syama Prasad Mookerjee Port) incl. Haldia Dock Complex,578.86,ICD Amingaon,279.29,Moreh ICP,58.65,Lokpriya Gopinath Bordoloi International Airport (GAU),280.94,MMLP Silchar,105.58,Lakhipur Terminal,83.52,FCI Depot Imphal,47.19,CACHAR Toll Plaza,113.26
Kulbung,BISHNUPUR,275.0,12795926767,village,2,1.97,Belghoria Expressway,567.65,JIRIBAM,73.14,Khongsang,51.07,Kolkata Port (Syama Prasad Mookerjee Port) incl. Haldia Dock Complex,578.47,ICD Amingaon,278.65,Moreh ICP,59.27,Lokpriya Gopinath Bordoloi International Airport (GAU),280.3,MMLP Silchar,104.94,Lakhipur Terminal,82.88,FCI Depot Imphal,47.1,CACHAR Toll Plaza,112.62
Saiton Khullen,BISHNUPUR,275.0,12795926773,village,2,3.2,Belghoria Expressway,568.95,JIRIBAM,74.36,Khongsang,51.84,Kolkata Port (Syama Prasad Mookerjee Port) incl. Haldia Dock Complex,579.75,ICD Amingaon,279.74,Moreh ICP,57.91,Lokpriya Gopinath Bordoloi International Airport (GAU),281.42,MMLP Silchar,106.25,Lakhipur Terminal,84.16,FCI Depot Imphal,46.62,CACHAR Toll Plaza,113.88
T. Molkot,CHURACHANDPUR,274.0,12795926776,village,2,1.23,Belghoria Expressway,566.37,JIRIBAM,73.0,Khongsang,51.63,Kolkata Port (Syama Prasad Mookerjee Port) incl. Haldia Dock Complex,577.18,ICD Amingaon,278.75,Moreh ICP,59.85,Lokpriya Gopinath Bordoloi International Airport (GAU),280.33,MMLP Silchar,104.57,Lakhipur Terminal,82.59,FCI Depot Imphal,48.55,CACHAR Toll Plaza,112.38
Saiton Khunou,BISHNUPUR,275.0,12795926777,village,2,1.58,Belghoria Expressway,567.84,JIRIBAM,72.75,Khongsang,50.47,Kolkata Port (Syama Prasad Mookerjee Port) incl. Haldia Dock Complex,578.66,ICD Amingaon,278.17,Moreh ICP,59.51,Lokpriya Gopinath Bordoloi International Airport (GAU),279.84,MMLP Silchar,104.63,Lakhipur Terminal,82.54,FCI Depot Imphal,46.51,CACHAR Toll Plaza,112.26
Moirang Mantak,BISHNUPUR,275.0,12795926779,village,2,4.55,Belghoria Expressway,572.54,JIRIBAM,75.8,Khongsang,51.63,Kolkata Port (Syama Prasad Mookerjee Port) incl. Haldia Dock Complex,583.36,ICD Amingaon,280.49,Moreh ICP,55.76,Lokpriya Gopinath Bordoloi International Airport (GAU),282.33,MMLP Silchar,108.15,Lakhipur Terminal,85.92,FCI Depot Imphal,43.46,CACHAR Toll Plaza,115.48
Ngairong,BISHNUPUR,275.0,12795926780,village,2,2.65,Belghoria Expressway,570.22,JIRIBAM,73.84,Khongsang,50.47,Kolkata Port (Syama Prasad Mookerjee Port) incl. Haldia Dock Complex,581.04,ICD Amingaon,278.85,Moreh ICP,57.94,Lokpriya Gopinath Bordoloi International Airport (GAU),280.62,MMLP Silchar,106.03,Lakhipur Terminal,83.84,FCI Depot Imphal,44.53,CACHAR Toll Plaza,113.47
Haotak Khullen,CHURACHANDPUR,274.0,12795926792,village,2,7.46,Belghoria Expressway,571.66,JIRIBAM,78.83,Khongsang,55.89,Kolkata Port (Syama Prasad Mookerjee Port) incl. Haldia Dock Complex,582.42,ICD Amingaon,284.14,Moreh ICP,53.63,Lokpriya Gopinath Bordoloi International Airport (GAU),285.85,MMLP Silchar,110.66,Lakhipur Terminal,88.6,FCI Depot Imphal,47.65,CACHAR Toll Plaza,118.33
Haotak Phailen,BISHNUPUR,275.0,12795926793,village,2,8.75,Belghoria Expressway,572.61,JIRIBAM,80.13,Khongsang,57.01,Kolkata Port (Syama Prasad Mookerjee Port) incl. Haldia Dock Complex,583.36,ICD Amingaon,285.4,Moreh ICP,52.33,Lokpriya Gopinath Bordoloi International Airport (GAU),287.12,MMLP Silchar,111.98,Lakhipur Terminal,89.92,FCI Depot Imphal,47.84,CACHAR Toll Plaza,119.64
Haotak Vajang Khuman,BISHNUPUR,275.0,12795926794,village,2,9.7,Belghoria Expressway,573.47,JIRIBAM,80.99,Khongsang,57.63,Kolkata Port (Syama Prasad Mookerjee Port) incl. Haldia Dock Complex,584.21,ICD Amingaon,286.17,Moreh ICP,51.39,Lokpriya Gopinath Bordoloi International Airport (GAU),287.92,MMLP Silchar,112.88,Lakhipur Terminal,90.81,FCI Depot Imphal,47.7,CACHAR Toll Plaza,120.52
Lukhumbi,BISHNUPUR,275.0,12795926795,village,2,10.88,Belghoria Expressway,573.76,JIRIBAM,82.47,Khongsang,59.3,Kolkata Port (Syama Prasad Mookerjee Port) incl. Haldia Dock Complex,584.48,ICD Amingaon,287.76,Moreh ICP,50.22,Lokpriya Gopinath Bordoloi International Airport (GAU),289.49,MMLP Silchar,114.23,Lakhipur Terminal,92.21,FCI Depot Imphal,48.94,CACHAR Toll Plaza,121.95
Khonomphai,BISHNUPUR,275.0,12795926799,village,2,8.45,Belghoria Expressway,571.14,JIRIBAM,81.13,Khongsang,58.99,Kolkata Port (Syama Prasad Mookerjee Port) incl. Haldia Dock Complex,581.85,ICD Amingaon,286.81,Moreh ICP,52.25,Lokpriya Gopinath Bordoloi International Airport (GAU),288.43,MMLP Silchar,112.59,Lakhipur Terminal,90.68,FCI Depot Imphal,50.65,CACHAR Toll Plaza,120.49
T. Vajang,CHURACHANDPUR,274.0,12797892586,village,2,13.69,Belghoria Expressway,572.48,JIRIBAM,88.38,Khongsang,67.07,Kolkata Port (Syama Prasad Mookerjee Port) incl. Haldia Dock Complex,583.09,ICD Amingaon,294.47,Moreh ICP,47.37,Lokpriya Gopinath Bordoloi International Airport (GAU),295.97,MMLP Silchar,119.23,Lakhipur Terminal,97.56,FCI Depot Imphal,56.8,CACHAR Toll Plaza,127.47
K. Jangnomphai,CHURACHANDPUR,274.0,12797892587,village,2,13.75,Belghoria Expressway,571.97,JIRIBAM,88.64,Khongsang,67.61,Kolkata Port (Syama Prasad Mookerjee Port) incl. Haldia Dock Complex,582.57,ICD Amingaon,294.81,Moreh ICP,47.58,Lokpriya Gopinath Bordoloi International Airport (GAU),296.28,MMLP Silchar,119.36,Lakhipur Terminal,97.74,FCI Depot Imphal,57.63,CACHAR Toll Plaza,127.67
Bungsanglian,CHURACHANDPUR,274.0,12797892590,village,2,8.79,Belghoria Expressway,571.01,JIRIBAM,82.17,Khongsang,60.32,Kolkata Port (Syama Prasad Mookerjee Port) incl. Haldia Dock Complex,581.7,ICD Amingaon,287.97,Moreh ICP,51.65,Lokpriya Gopinath Bordoloi International Airport (GAU),289.56,MMLP Silchar,113.48,Lakhipur Terminal,91.62,FCI Depot Imphal,51.88,CACHAR Toll Plaza,121.46
Haotak Khullen,BISHNUPUR,275.0,12797892591,village,2,9.85,Belghoria Expressway,571.84,JIRIBAM,83.25,Khongsang,61.21,Kolkata Port (Syama Prasad Mookerjee Port) incl. Haldia Dock Complex,582.53,ICD Amingaon,289.0,Moreh ICP,50.57,Lokpriya Gopinath Bordoloi International Airport (GAU),290.61,MMLP Silchar,114.58,Lakhipur Terminal,92.72,FCI Depot Imphal,52.04,CACHAR Toll Plaza,122.56
Chinglangmei,BISHNUPUR,275.0,12797899333,village,2,10.93,Belghoria Expressway,573.06,JIRIBAM,83.92,Khongsang,61.42,Kolkata Port (Syama Prasad Mookerjee Port) incl. Haldia Dock Complex,583.74,ICD Amingaon,289.51,Moreh ICP,49.55,Lokpriya Gopinath Bordoloi International Airport (GAU),291.16,MMLP Silchar,115.39,Lakhipur Terminal,93.47,FCI Depot Imphal,51.34,CACHAR Toll Plaza,123.28
Borayangbi Thoubal Leikai,BISHNUPUR,275.0,12797899334,village,2,12.28,Belghoria Expressway,574.53,JIRIBAM,84.77,Khongsang,61.75,Kolkata Port (Syama Prasad Mookerjee Port) incl. Haldia Dock Complex,585.21,ICD Amingaon,290.17,Moreh ICP,48.32,Lokpriya Gopinath Bordoloi International Airport (GAU),291.87,MMLP Silchar,116.4,Lakhipur Terminal,94.43,FCI Depot Imphal,50.54,CACHAR Toll Plaza,124.2
Borayangbi,BISHNUPUR,275.0,12797899335,village,2,12.88,Belghoria Expressway,575.3,JIRIBAM,84.89,Khongsang,61.53,Kolkata Port (Syama Prasad Mookerjee Port) incl. Haldia Dock Complex,586.0,ICD Amingaon,290.15,Moreh ICP,47.9,Lokpriya Gopinath Bordoloi International Airport (GAU),291.89,MMLP Silchar,116.65,Lakhipur Terminal,94.63,FCI Depot Imphal,49.76,CACHAR Toll Plaza,124.38
Lulumbung,BISHNUPUR,275.0,12797899336,village,2,10.49,Belghoria Expressway,573.09,JIRIBAM,82.78,Khongsang,60.02,Kolkata Port (Syama Prasad Mookerjee Port) incl. Haldia Dock Complex,583.8,ICD Amingaon,288.25,Moreh ICP,50.28,Lokpriya Gopinath Bordoloi International Airport (GAU),289.93,MMLP Silchar,114.39,Lakhipur Terminal,92.42,FCI Depot Imphal,50.07,CACHAR Toll Plaza,122.2
Theikakpi,BISHNUPUR,275.0,12797899337,village,2,10.18,Belghoria Expressway,572.73,JIRIBAM,82.67,Khongsang,60.07,Kolkata Port (Syama Prasad Mookerjee Port) incl. Haldia Dock Complex,583.43,ICD Amingaon,288.2,Moreh ICP,50.51,Lokpriya Gopinath Bordoloi International Airport (GAU),289.87,MMLP Silchar,114.23,Lakhipur Terminal,92.28,FCI Depot Imphal,50.39,CACHAR Toll Plaza,122.07
Chairen,BISHNUPUR,275.0,12798011187,village,2,13.7,Belghoria Expressway,575.49,JIRIBAM,86.48,Khongsang,63.39,Kolkata Port (Syama Prasad Mookerjee Port) incl. Haldia Dock Complex,586.15,ICD Amingaon,291.89,Moreh ICP,46.76,Lokpriya Gopinath Bordoloi International Airport (GAU),293.59,MMLP Silchar,118.08,Lakhipur Terminal,96.13,FCI Depot Imphal,51.33,CACHAR Toll Plaza,125.91
Khodang,BISHNUPUR,275.0,12798011188,village,2,13.85,Belghoria Expressway,574.86,JIRIBAM,87.32,Khongsang,64.7,Kolkata Port (Syama Prasad Mookerjee Port) incl. Haldia Dock Complex,585.51,ICD Amingaon,292.93,Moreh ICP,46.56,Lokpriya Gopinath Bordoloi International Airport (GAU),294.58,MMLP Silchar,118.72,Lakhipur Terminal,96.84,FCI Depot Imphal,52.99,CACHAR Toll Plaza,126.66
Khengmual,CHURACHANDPUR,274.0,12798011189,village,2,13.79,Belghoria Expressway,574.41,JIRIBAM,87.54,Khongsang,65.18,Kolkata Port (Syama Prasad Mookerjee Port) incl. Haldia Dock Complex,585.05,ICD Amingaon,293.25,Moreh ICP,46.67,Lokpriya Gopinath Bordoloi International Airport (GAU),294.88,MMLP Silchar,118.83,Lakhipur Terminal,96.99,FCI Depot Imphal,53.75,CACHAR Toll Plaza,126.84
G. Songgel,BISHNUPUR,275.0,12798011190,village,102C,15.17,Belghoria Expressway,574.66,JIRIBAM,89.43,Khongsang,67.34,Kolkata Port (Syama Prasad Mookerjee Port) incl. Haldia Dock Complex,585.27,ICD Amingaon,295.27,Moreh ICP,45.49,Lokpriya Gopinath Bordoloi International Airport (GAU),296.86,MMLP Silchar,120.55,Lakhipur Terminal,98.78,FCI Depot Imphal,55.57,CACHAR Toll Plaza,128.65
Leisen Tampak,BISHNUPUR,275.0,12798011191,village,2,15.06,Belghoria Expressway,574.75,JIRIBAM,89.09,Khongsang,66.88,Kolkata Port (Syama Prasad Mookerjee Port) incl. Haldia Dock Complex,585.37,ICD Amingaon,294.88,Moreh ICP,45.62,Lokpriya Gopinath Bordoloi International Airport (GAU),296.49,MMLP Silchar,120.26,Lakhipur Terminal,98.47,FCI Depot Imphal,55.08,CACHAR Toll Plaza,128.34
Patjang,BISHNUPUR,275.0,12798011192,village,2,14.44,Belghoria Expressway,574.14,JIRIBAM,88.56,Khongsang,66.53,Kolkata Port (Syama Prasad Mookerjee Port) incl. Haldia Dock Complex,584.75,ICD Amingaon,294.41,Moreh ICP,46.26,Lokpriya Gopinath Bordoloi International Airport (GAU),296.0,MMLP Silchar,119.69,Lakhipur Terminal,97.91,FCI Depot Imphal,55.18,CACHAR Toll Plaza,127.79
Tangjeng Khunjao,KAKCHING,651.0,12798011193,village,102C,14.45,Belghoria Expressway,575.55,JIRIBAM,89.26,Khongsang,66.73,Kolkata Port (Syama Prasad Mookerjee Port) incl. Haldia Dock Complex,586.17,ICD Amingaon,294.94,Moreh ICP,45.06,Lokpriya Gopinath Bordoloi International Airport (GAU),296.58,MMLP Silchar,120.55,Lakhipur Terminal,98.72,FCI Depot Imphal,54.39,CACHAR Toll Plaza,128.56
L. Cancnphai,BISHNUPUR,275.0,12798011195,village,2,14.49,Belghoria Expressway,574.67,JIRIBAM,88.37,Khongsang,66.05,Kolkata Port (Syama Prasad Mookerjee Port) incl. Haldia Dock Complex,585.3,ICD Amingaon,294.11,Moreh ICP,46.06,Lokpriya Gopinath Bordoloi International Airport (GAU),295.73,MMLP Silchar,119.61,Lakhipur Terminal,97.79,FCI Depot Imphal,54.37,CACHAR Toll Plaza,127.64
Hengken,BISHNUPUR,275.0,12801159209,village,102C,14.24,Belghoria Expressway,575.54,JIRIBAM,93.3,Khongsang,71.56,Kolkata Port (Syama Prasad Mookerjee Port) incl. Haldia Dock Complex,586.09,ICD Amingaon,299.32,Moreh ICP,43.11,Lokpriya Gopinath Bordoloi International Airport (GAU),300.85,MMLP Silchar,124.13,Lakhipur Terminal,102.48,FCI Depot Imphal,58.96,CACHAR Toll Plaza,132.39
Dongjang,BISHNUPUR,275.0,12801159299,village,102C,14.13,Belghoria Expressway,575.54,JIRIBAM,92.34,Khongsang,70.42,Kolkata Port (Syama Prasad Mookerjee Port) incl. Haldia Dock Complex,586.11,ICD Amingaon,298.28,Moreh ICP,43.53,Lokpriya Gopinath Bordoloi International Airport (GAU),299.84,MMLP Silchar,123.27,Lakhipur Terminal,101.58,FCI Depot Imphal,57.88,CACHAR Toll Plaza,131.48
Zalenkot,CHURACHANDPUR,274.0,12801159317,village,102C,16.66,Belghoria Expressway,573.71,JIRIBAM,94.63,Khongsang,73.92,Kolkata Port (Syama Prasad Mookerjee Port) incl. Haldia Dock Complex,584.23,ICD Amingaon,300.97,Moreh ICP,43.98,Lokpriya Gopinath Bordoloi International Airport (GAU),302.39,MMLP Silchar,124.99,Lakhipur Terminal,103.54,FCI Depot Imphal,62.36,CACHAR Toll Plaza,133.49
Walkhu,CHURACHANDPUR,274.0,12801338980,village,102C,19.08,Belghoria Expressway,572.5,JIRIBAM,96.84,Khongsang,77.01,Kolkata Port (Syama Prasad Mookerjee Port) incl. Haldia Dock Complex,582.96,ICD Amingaon,303.41,Moreh ICP,44.42,Lokpriya Gopinath Bordoloi International Airport (GAU),304.71,MMLP Silchar,126.73,Lakhipur Terminal,105.48,FCI Depot Imphal,66.0,CACHAR Toll Plaza,135.45
Chingkao,TAMENGLONG,273.0,12842950026,village,37,9.69,Belghoria Expressway,546.98,JIRIBAM,20.45,Khongsang,18.22,Kolkata Port (Syama Prasad Mookerjee Port) incl. Haldia Dock Complex,558.57,ICD Amingaon,214.06,Sutarkandi ICP,89.03,Lokpriya Gopinath Bordoloi International Airport (GAU),216.16,MMLP Silchar,52.95,Lakhipur Terminal,32.53,FCI Depot Silchar,52.95,CACHAR Toll Plaza,55.43
Nungkao,TAMENGLONG,273.0,12846931566,village,37,2.84,Belghoria Expressway,541.09,JIRIBAM,15.95,Khongsang,20.49,Kolkata Port (Syama Prasad Mookerjee Port) incl. Haldia Dock Complex,552.6,ICD Amingaon,217.97,Sutarkandi ICP,85.27,Lokpriya Gopinath Bordoloi International Airport (GAU),219.63,MMLP Silchar,50.31,Lakhipur Terminal,28.34,FCI Depot Silchar,50.31,CACHAR Toll Plaza,54.76
Nungkao,TAMENGLONG,273.0,12846931567,village,37,2.51,Belghoria Expressway,540.83,JIRIBAM,15.56,Khongsang,20.83,Kolkata Port (Syama Prasad Mookerjee Port) incl. Haldia Dock Complex,552.34,ICD Amingaon,217.53,Sutarkandi ICP,84.91,Lokpriya Gopinath Bordoloi International Airport (GAU),219.18,MMLP Silchar,49.91,Lakhipur Terminal,27.97,FCI Depot Silchar,49.91,CACHAR Toll Plaza,54.31
Āziurām,TAMENGLONG,273.0,12847455282,village,137,9.47,Belghoria Expressway,563.43,DAOTUHAJA,33.06,Khongsang,22.21,Kolkata Port (Syama Prasad Mookerjee Port) incl. Haldia Dock Complex,575.13,ICD Amingaon,211.87,Sutarkandi ICP,103.31,Lokpriya Gopinath Bordoloi International Airport (GAU),215.06,MMLP Silchar,66.59,Lakhipur Terminal,49.11,FCI Depot Imphal,56.52,CACHAR Toll Plaza,65.94
Pabram,TAMENGLONG,273.0,12847455466,village,137,11.94,Belghoria Expressway,554.89,JIRIBAM,28.67,Khongsang,17.19,Kolkata Port (Syama Prasad Mookerjee Port) incl. Haldia Dock Complex,566.53,ICD Amingaon,213.37,Sutarkandi ICP,95.82,Lokpriya Gopinath Bordoloi International Airport (GAU),215.98,MMLP Silchar,59.29,Lakhipur Terminal,40.22,FCI Depot Imphal,58.45,CACHAR Toll Plaza,60.23
Joute,TAMENGLONG,273.0,12847455467,village,137,11.99,Belghoria Expressway,555.26,JIRIBAM,29.1,Khongsang,17.45,Kolkata Port (Syama Prasad Mookerjee Port) incl. Haldia Dock Complex,566.9,ICD Amingaon,213.16,Sutarkandi ICP,96.11,Lokpriya Gopinath Bordoloi International Airport (GAU),215.8,MMLP Silchar,59.55,Lakhipur Terminal,40.59,FCI Depot Imphal,58.43,CACHAR Toll Plaza,60.39
Saramba,TAMENGLONG,273.0,12847455468,village,137,9.24,Belghoria Expressway,562.51,DAOTUHAJA,33.74,Khongsang,21.01,Kolkata Port (Syama Prasad Mookerjee Port) incl. Haldia Dock Complex,574.2,ICD Amingaon,212.44,Sutarkandi ICP,102.55,Lokpriya Gopinath Bordoloi International Airport (GAU),215.55,MMLP Silchar,65.84,Lakhipur Terminal,48.08,FCI Depot Imphal,56.28,CACHAR Toll Plaza,65.43
Thilon,TAMENGLONG,273.0,12847455469,village,137,9.77,Belghoria Expressway,560.69,MAHUR,33.97,Khongsang,19.84,Kolkata Port (Syama Prasad Mookerjee Port) incl. Haldia Dock Complex,572.37,ICD Amingaon,212.59,Sutarkandi ICP,100.91,Lokpriya Gopinath Bordoloi International Airport (GAU),215.58,MMLP Silchar,64.22,Lakhipur Terminal,46.17,FCI Depot Imphal,56.71,CACHAR Toll Plaza,64.1
Vānchengphāi,TAMENGLONG,273.0,12847456251,village,137,7.47,Belghoria Expressway,560.07,JIRIBAM,33.78,Khongsang,15.93,Kolkata Port (Syama Prasad Mookerjee Port) incl. Haldia Dock Complex,571.7,ICD Amingaon,215.83,Sutarkandi ICP,100.95,Lokpriya Gopinath Bordoloi International Airport (GAU),218.69,MMLP Silchar,64.38,Lakhipur Terminal,45.39,FCI Depot Imphal,54.39,CACHAR Toll Plaza,65.03
Taijijong,TAMENGLONG,273.0,12847573256,village,137,8.06,Belghoria Expressway,553.84,JIRIBAM,27.34,Khongsang,12.49,Kolkata Port (Syama Prasad Mookerjee Port) incl. Haldia Dock Complex,565.41,ICD Amingaon,218.18,Sutarkandi ICP,96.04,Lokpriya Gopinath Bordoloi International Airport (GAU),220.59,MMLP Silchar,59.91,Lakhipur Terminal,39.52,FCI Depot Imphal,55.85,CACHAR Toll Plaza,62.03
Tingjang,TAMENGLONG,273.0,12856428314,village,137,0.06,Belghoria Expressway,559.37,JIRIBAM,34.02,Khongsang,3.04,Kolkata Port (Syama Prasad Mookerjee Port) incl. Haldia Dock Complex,570.86,ICD Amingaon,227.47,Sutarkandi ICP,103.4,Lokpriya Gopinath Bordoloi International Airport (GAU),229.97,MMLP Silchar,67.81,Lakhipur Terminal,46.46,FCI Depot Imphal,47.14,CACHAR Toll Plaza,70.77
Kaikao,NONEY,659.0,12856428315,village,137,0.65,Belghoria Expressway,557.25,JIRIBAM,31.93,Khongsang,4.63,Kolkata Port (Syama Prasad Mookerjee Port) incl. Haldia Dock Complex,568.74,ICD Amingaon,226.41,Sutarkandi ICP,101.32,Lokpriya Gopinath Bordoloi International Airport (GAU),228.81,MMLP Silchar,65.8,Lakhipur Terminal,44.38,FCI Depot Imphal,49.09,CACHAR Toll Plaza,68.91
Longdi Pabram,TAMENGLONG,273.0,12859744299,village,137,9.14,Belghoria Expressway,573.09,DAOTUHAJA,37.4,Khongsang,25.88,Kolkata Port (Syama Prasad Mookerjee Port) incl. Haldia Dock Complex,584.8,ICD Amingaon,215.92,Sutarkandi ICP,112.83,Lokpriya Gopinath Bordoloi International Airport (GAU),219.58,MMLP Silchar,76.11,Lakhipur Terminal,58.78,FCI Depot Imphal,51.42,CACHAR Toll Plaza,74.99
Dailong,TAMENGLONG,273.0,12859745880,village,137,3.17,Belghoria Expressway,572.07,DAOTUHAJA,42.7,Khongsang,19.36,Kolkata Port (Syama Prasad Mookerjee Port) incl. Haldia Dock Complex,583.7,ICD Amingaon,221.58,Sutarkandi ICP,112.81,Lokpriya Gopinath Bordoloi International Airport (GAU),225.0,MMLP Silchar,76.17,Lakhipur Terminal,57.4,FCI Depot Imphal,46.14,CACHAR Toll Plaza,76.22
Sonpram,TAMENGLONG,273.0,12859746429,village,137,9.49,Belghoria Expressway,578.65,DAOTUHAJA,48.1,Khongsang,22.46,Kolkata Port (Syama Prasad Mookerjee Port) incl. Haldia Dock Complex,590.26,ICD Amingaon,226.67,Moreh ICP,108.95,Lokpriya Gopinath Bordoloi International Airport (GAU),230.33,MMLP Silchar,83.03,Lakhipur Terminal,64.01,FCI Depot Imphal,40.67,CACHAR Toll Plaza,83.12
Khochal,TAMENGLONG,273.0,12859746626,village,137,9.01,Belghoria Expressway,578.16,DAOTUHAJA,47.03,Khongsang,22.7,Kolkata Port (Syama Prasad Mookerjee Port) incl. Haldia Dock Complex,589.78,ICD Amingaon,225.58,Moreh ICP,110.02,Lokpriya Gopinath Bordoloi International Airport (GAU),229.24,MMLP Silchar,82.36,Lakhipur Terminal,63.5,FCI Depot Imphal,41.76,CACHAR Toll Plaza,82.33
Lāngparan,TAMENGLONG,273.0,12859747670,village,137,17.91,Belghoria Expressway,580.5,WADRENGDISA,38.13,Khongsang,34.57,Kolkata Port (Syama Prasad Mookerjee Port) incl. Haldia Dock Complex,592.27,ICD Amingaon,214.88,Sutarkandi ICP,119.69,Lokpriya Gopinath Bordoloi International Airport (GAU),219.03,MMLP Silchar,83.07,Lakhipur Terminal,66.89,FCI Depot Imphal,53.24,DIMA HASAO Toll Plaza,75.14
Taipram,TAMENGLONG,273.0,12859748605,village,137,13.39,Belghoria Expressway,574.67,DAOTUHAJA,35.38,Khongsang,30.11,Kolkata Port (Syama Prasad Mookerjee Port) incl. Haldia Dock Complex,586.42,ICD Amingaon,213.27,Sutarkandi ICP,114.01,Lokpriya Gopinath Bordoloi International Airport (GAU),217.12,MMLP Silchar,77.33,Lakhipur Terminal,60.88,FCI Depot Imphal,54.12,CACHAR Toll Plaza,75.54
Thenjāng,TAMENGLONG,273.0,12861486041,village,2,20.14,Belghoria Expressway,599.8,WADRENGDISA,58.0,Khongsang,44.15,Kolkata Port (Syama Prasad Mookerjee Port) incl. Haldia Dock Complex,611.48,ICD Amingaon,232.23,Moreh ICP,112.55,Lokpriya Gopinath Bordoloi International Airport (GAU),236.96,MMLP Silchar,102.91,Lakhipur Terminal,85.24,FCI Depot Imphal,41.69,DIMA HASAO Toll Plaza,87.01
Punglām,TAMENGLONG,273.0,12861551206,village,137,3.69,Belghoria Expressway,567.15,JIRIBAM,41.24,Khongsang,7.59,Kolkata Port (Syama Prasad Mookerjee Port) incl. Haldia Dock Complex,578.65,ICD Amingaon,229.32,Moreh ICP,103.87,Lokpriya Gopinath Bordoloi International Airport (GAU),232.22,MMLP Silchar,74.4,Lakhipur Terminal,53.61,FCI Depot Imphal,41.57,CACHAR Toll Plaza,76.5
Parvachawm,PHERZAWL,718.0,12873111837,village,2,10.26,Belghoria Expressway,499.39,Bhairabi,59.36,Khongsang,87.02,Kolkata Port (Syama Prasad Mookerjee Port) incl. Haldia Dock Complex,510.01,ICD Amingaon,267.06,Sutarkandi ICP,96.35,Lokpriya Gopinath Bordoloi International Airport (GAU),265.62,MMLP Silchar,86.36,Lakhipur Terminal,74.73,FCI Depot Silchar,86.36,CACHAR Toll Plaza,98.56
Unnamed Village,UKHRUL,279.0,12883065260,village,202,7.85,Belghoria Expressway,679.67,RANGAPAHAR,97.74,Khongsang,119.08,Kolkata Port (Syama Prasad Mookerjee Port) incl. Haldia Dock Complex,691.22,ICD Amingaon,295.08,Moreh ICP,122.99,Lokpriya Gopinath Bordoloi International Airport (GAU),301.85,MMLP Silchar,183.72,Sengajan (Panbari) Terminal,158.79,FCI Depot Imphal,84.54,GOLAGHAT Toll Plaza,136.94
Unnamed Village,UKHRUL,279.0,12883065261,village,202,9.32,Belghoria Expressway,680.45,RANGAPAHAR,99.4,Khongsang,119.76,Kolkata Port (Syama Prasad Mookerjee Port) incl. Haldia Dock Complex,691.99,ICD Amingaon,296.65,Moreh ICP,122.25,Lokpriya Gopinath Bordoloi International Airport (GAU),303.4,MMLP Silchar,184.67,Sengajan (Panbari) Terminal,160.34,FCI Depot Imphal,84.77,GOLAGHAT Toll Plaza,138.43
Wahong,UKHRUL,279.0,12883065262,village,202,6.48,Belghoria Expressway,686.16,RANGAPAHAR CRS,92.22,Khongsang,126.79,Kolkata Port (Syama Prasad Mookerjee Port) incl. Haldia Dock Complex,697.81,ICD Amingaon,292.34,Moreh ICP,136.03,Lokpriya Gopinath Bordoloi International Airport (GAU),299.55,MMLP Silchar,189.18,Neamati Terminal,147.62,FCI Depot Dimapur,93.07,GOLAGHAT Toll Plaza,125.87
Kadi,TAMENGLONG,273.0,12944253040,village,129A,21.15,Belghoria Expressway,607.4,DHANSIRI,57.34,Khongsang,57.4,Kolkata Port (Syama Prasad Mookerjee Port) incl. Haldia Dock Complex,619.21,ICD Amingaon,226.24,Moreh ICP,125.48,Lokpriya Gopinath Bordoloi International Airport (GAU),231.64,MMLP Silchar,109.88,Lakhipur Terminal,94.2,FCI Depot Imphal,55.3,DIMA HASAO Toll Plaza,77.69
New Takou,TAMENGLONG,273.0,12944253307,village,2,27.48,Belghoria Expressway,598.63,WADRENGDISA,52.08,Khongsang,47.88,Kolkata Port (Syama Prasad Mookerjee Port) incl. Haldia Dock Complex,610.4,ICD Amingaon,224.34,Moreh ICP,121.43,Lokpriya Gopinath Bordoloi International Airport (GAU),229.28,MMLP Silchar,101.16,Lakhipur Terminal,84.91,FCI Depot Imphal,50.53,DIMA HASAO Toll Plaza,78.25
Chaton,TAMENGLONG,273.0,12944253716,village,129A,23.92,Belghoria Expressway,602.48,WADRENGDISA,53.59,Khongsang,53.35,Kolkata Port (Syama Prasad Mookerjee Port) incl. Haldia Dock Complex,614.29,ICD Amingaon,223.37,Moreh ICP,125.31,Lokpriya Gopinath Bordoloi International Airport (GAU),228.58,MMLP Silchar,104.96,Lakhipur Terminal,89.33,FCI Depot Imphal,54.63,DIMA HASAO Toll Plaza,75.83
Chaton,TAMENGLONG,273.0,12944253717,village,129A,22.15,Belghoria Expressway,602.88,WADRENGDISA,53.15,Khongsang,54.86,Kolkata Port (Syama Prasad Mookerjee Port) incl. Haldia Dock Complex,614.71,ICD Amingaon,222.05,Moreh ICP,127.26,Lokpriya Gopinath Bordoloi International Airport (GAU),227.33,MMLP Silchar,105.38,Lakhipur Terminal,90.06,FCI Depot Imphal,56.6,DIMA HASAO Toll Plaza,74.18
Makuilong,TAMENGLONG,273.0,12944317351,village,129A,12.79,Belghoria Expressway,610.16,DHANSIRI,48.82,Khongsang,64.45,Kolkata Port (Syama Prasad Mookerjee Port) incl. Haldia Dock Complex,622.06,ICD Amingaon,221.54,Moreh ICP,133.73,Lokpriya Gopinath Bordoloi International Airport (GAU),227.29,MMLP Silchar,112.9,Lakhipur Terminal,98.48,FCI Depot Dimapur,57.35,DIMA HASAO Toll Plaza,71.72
Kuilong,TAMENGLONG,273.0,12944317369,village,129A,15.0,Belghoria Expressway,611.61,DHANSIRI,52.15,Khongsang,63.42,Kolkata Port (Syama Prasad Mookerjee Port) incl. Haldia Dock Complex,623.47,ICD Amingaon,225.3,Moreh ICP,130.17,Lokpriya Gopinath Bordoloi International Airport (GAU),231.0,MMLP Silchar,114.18,Lakhipur Terminal,99.14,FCI Depot Dimapur,60.09,DIMA HASAO Toll Plaza,75.63
New Kuiong,TAMENGLONG,273.0,12944317379,village,129A,16.51,Belghoria Expressway,611.48,DHANSIRI,54.08,Khongsang,62.21,Kolkata Port (Syama Prasad Mookerjee Port) incl. Haldia Dock Complex,623.32,ICD Amingaon,226.73,Moreh ICP,128.24,Lokpriya Gopinath Bordoloi International Airport (GAU),232.36,MMLP Silchar,113.99,Lakhipur Terminal,98.65,FCI Depot Imphal,58.59,DIMA HASAO Toll Plaza,77.25
Thonglang Atongba,KANGPOKPI,679.0,12944388468,village,2,8.88,Belghoria Expressway,617.38,DHANSIRI,68.65,Khongsang,60.55,Kolkata Port (Syama Prasad Mookerjee Port) incl. Haldia Dock Complex,629.07,ICD Amingaon,242.21,Moreh ICP,113.69,Lokpriya Gopinath Bordoloi International Airport (GAU),247.61,MMLP Silchar,120.36,Lakhipur Terminal,102.84,FCI Depot Imphal,45.96,DIMA HASAO Toll Plaza,93.33
Thonglang Akutpa,KANGPOKPI,679.0,12944388469,village,2,8.21,Belghoria Expressway,618.69,DHANSIRI,68.16,Khongsang,61.95,Kolkata Port (Syama Prasad Mookerjee Port) incl. Haldia Dock Complex,630.38,ICD Amingaon,242.65,Moreh ICP,114.31,Lokpriya Gopinath Bordoloi International Airport (GAU),248.11,MMLP Silchar,121.62,Lakhipur Terminal,104.17,FCI Depot Imphal,46.92,DIMA HASAO Toll Plaza,93.54
Wakothpa,KANGPOKPI,679.0,12944388470,village,2,17.11,Belghoria Expressway,602.76,WADRENGDISA,61.32,Khongsang,46.13,Kolkata Port (Syama Prasad Mookerjee Port) incl. Haldia Dock Complex,614.43,ICD Amingaon,235.24,Moreh ICP,110.84,Lokpriya Gopinath Bordoloi International Airport (GAU),240.03,MMLP Silchar,106.03,Lakhipur Terminal,88.14,FCI Depot Imphal,40.21,DIMA HASAO Toll Plaza,89.47
Chālva,TAMENGLONG,273.0,12944388471,village,2,17.6,Belghoria Expressway,603.38,WADRENGDISA,61.23,Khongsang,47.12,Kolkata Port (Syama Prasad Mookerjee Port) incl. Haldia Dock Complex,615.06,ICD Amingaon,234.78,Moreh ICP,111.84,Lokpriya Gopinath Bordoloi International Airport (GAU),239.63,MMLP Silchar,106.54,Lakhipur Terminal,88.8,FCI Depot Imphal,41.28,DIMA HASAO Toll Plaza,88.73
Nāga Tapon,KANGPOKPI,679.0,12944388472,village,2,13.68,Belghoria Expressway,609.37,WADRENGDISA,65.77,Khongsang,52.91,Kolkata Port (Syama Prasad Mookerjee Port) incl. Haldia Dock Complex,621.05,ICD Amingaon,237.7,Moreh ICP,112.65,Lokpriya Gopinath Bordoloi International Airport (GAU),242.79,MMLP Silchar,112.42,Lakhipur Terminal,94.81,FCI Depot Imphal,43.0,DIMA HASAO Toll Plaza,90.24
Gelnei,TAMENGLONG,273.0,12944388473,village,2,16.37,Belghoria Expressway,607.74,WADRENGDISA,63.19,Khongsang,52.38,Kolkata Port (Syama Prasad Mookerjee Port) incl. Haldia Dock Complex,619.45,ICD Amingaon,234.88,Moreh ICP,114.91,Lokpriya Gopinath Bordoloi International Airport (GAU),239.98,MMLP Silchar,110.61,Lakhipur Terminal,93.32,FCI Depot Imphal,44.93,DIMA HASAO Toll Plaza,87.48
Tuyāng Waichong,TAMENGLONG,273.0,12944388474,village,2,13.96,Belghoria Expressway,611.47,WADRENGDISA,66.21,Khongsang,55.92,Kolkata Port (Syama Prasad Mookerjee Port) incl. Haldia Dock Complex,623.18,ICD Amingaon,236.83,Moreh ICP,115.44,Lokpriya Gopinath Bordoloi International Airport (GAU),242.08,MMLP Silchar,114.3,Lakhipur Terminal,97.06,FCI Depot Imphal,46.14,DIMA HASAO Toll Plaza,88.67
Selsi,TAMENGLONG,273.0,12944388475,village,2,12.69,Belghoria Expressway,614.95,DHANSIRI,65.71,Khongsang,59.44,Kolkata Port (Syama Prasad Mookerjee Port) incl. Haldia Dock Complex,626.67,ICD Amingaon,238.34,Moreh ICP,116.48,Lokpriya Gopinath Bordoloi International Airport (GAU),243.74,MMLP Silchar,117.72,Lakhipur Terminal,100.6,FCI Depot Imphal,47.92,DIMA HASAO Toll Plaza,89.52
Shongyāngjāng,TAMENGLONG,273.0,12944388476,village,2,10.94,Belghoria Expressway,618.68,DHANSIRI,64.65,Khongsang,63.23,Kolkata Port (Syama Prasad Mookerjee Port) incl. Haldia Dock Complex,630.41,ICD Amingaon,239.92,Moreh ICP,117.8,Lokpriya Gopinath Bordoloi International Airport (GAU),245.48,MMLP Silchar,121.38,Lakhipur Terminal,104.38,FCI Depot Imphal,50.14,DIMA HASAO Toll Plaza,90.49
Maokot,TAMENGLONG,273.0,12944388477,village,2,11.46,Belghoria Expressway,617.57,DHANSIRI,64.81,Khongsang,62.15,Kolkata Port (Syama Prasad Mookerjee Port) incl. Haldia Dock Complex,629.29,ICD Amingaon,239.34,Moreh ICP,117.52,Lokpriya Gopinath Bordoloi International Airport (GAU),244.85,MMLP Silchar,120.28,Lakhipur Terminal,103.26,FCI Depot Imphal,49.58,DIMA HASAO Toll Plaza,90.07
Kotlen,TAMENGLONG,273.0,12944388478,village,2,12.25,Belghoria Expressway,616.66,DHANSIRI,64.56,Khongsang,61.43,Kolkata Port (Syama Prasad Mookerjee Port) incl. Haldia Dock Complex,628.39,ICD Amingaon,238.56,Moreh ICP,117.71,Lokpriya Gopinath Bordoloi International Airport (GAU),244.05,MMLP Silchar,119.36,Lakhipur Terminal,102.38,FCI Depot Imphal,49.51,DIMA HASAO Toll Plaza,89.39
Geljāng,TAMENGLONG,273.0,12944388479,village,2,11.46,Belghoria Expressway,618.04,DHANSIRI,64.46,Khongsang,62.72,Kolkata Port (Syama Prasad Mookerjee Port) incl. Haldia Dock Complex,629.77,ICD Amingaon,239.37,Moreh ICP,117.92,Lokpriya Gopinath Bordoloi International Airport (GAU),244.91,MMLP Silchar,120.73,Lakhipur Terminal,103.76,FCI Depot Imphal,50.07,DIMA HASAO Toll Plaza,90.0
Khomunnou,TAMENGLONG,273.0,12944388480,village,2,12.03,Belghoria Expressway,618.07,DHANSIRI,63.76,Khongsang,63.03,Kolkata Port (Syama Prasad Mookerjee Port) incl. Haldia Dock Complex,629.81,ICD Amingaon,238.84,Moreh ICP,118.62,Lokpriya Gopinath Bordoloi International Airport (GAU),244.4,MMLP Silchar,120.73,Lakhipur Terminal,103.85,FCI Depot Imphal,50.74,DIMA HASAO Toll Plaza,89.41
Shalluk,CHANDEL,280.0,12954505164,village,102C,17.86,Belghoria Expressway,575.03,JIRIBAM,99.77,Khongsang,79.39,Kolkata Port (Syama Prasad Mookerjee Port) incl. Haldia Dock Complex,585.46,ICD Amingaon,306.25,Moreh ICP,41.63,Lokpriya Gopinath Bordoloi International Airport (GAU),307.6,MMLP Silchar,129.79,Lakhipur Terminal,108.5,FCI Depot Imphal,66.8,CACHAR Toll Plaza,138.46
Teijang,KAKCHING,651.0,12954505165,village,102C,18.6,Belghoria Expressway,573.45,JIRIBAM,98.0,Khongsang,77.96,Kolkata Port (Syama Prasad Mookerjee Port) incl. Haldia Dock Complex,583.9,ICD Amingaon,304.54,Moreh ICP,43.35,Lokpriya Gopinath Bordoloi International Airport (GAU),305.86,MMLP Silchar,127.93,Lakhipur Terminal,106.67,FCI Depot Imphal,66.35,CACHAR Toll Plaza,136.64
Y. Thingkangphai,KAKCHING,651.0,12956742306,village,102C,15.25,Belghoria Expressway,575.15,JIRIBAM,95.31,Khongsang,74.12,Kolkata Port (Syama Prasad Mookerjee Port) incl. Haldia Dock Complex,585.66,ICD Amingaon,301.53,Moreh ICP,42.64,Lokpriya Gopinath Bordoloi International Airport (GAU),302.99,MMLP Silchar,125.85,Lakhipur Terminal,104.33,FCI Depot Imphal,61.66,CACHAR Toll Plaza,134.27
L. Thingkangphai,KAKCHING,651.0,12956742307,village,102C,15.07,Belghoria Expressway,575.43,JIRIBAM,95.71,Khongsang,74.46,Kolkata Port (Syama Prasad Mookerjee Port) incl. Haldia Dock Complex,585.94,ICD Amingaon,301.91,Moreh ICP,42.29,Lokpriya Gopinath Bordoloi International Airport (GAU),303.38,MMLP Silchar,126.25,Lakhipur Terminal,104.72,FCI Depot Imphal,61.81,CACHAR Toll Plaza,134.66
U. Thingkangphai,KAKCHING,651.0,12956742312,village,102C,16.14,Belghoria Expressway,574.6,JIRIBAM,95.91,Khongsang,75.04,Kolkata Port (Syama Prasad Mookerjee Port) incl. Haldia Dock Complex,585.09,ICD Amingaon,302.22,Moreh ICP,42.89,Lokpriya Gopinath Bordoloi International Airport (GAU),303.65,MMLP Silchar,126.28,Lakhipur Terminal,104.82,FCI Depot Imphal,62.88,CACHAR Toll Plaza,134.77
K. Phailen,KAKCHING,651.0,12956742314,village,102C,16.47,Belghoria Expressway,574.48,JIRIBAM,96.32,Khongsang,75.58,Kolkata Port (Syama Prasad Mookerjee Port) incl. Haldia Dock Complex,584.97,ICD Amingaon,302.67,Moreh ICP,42.87,Lokpriya Gopinath Bordoloi International Airport (GAU),304.08,MMLP Silchar,126.62,Lakhipur Terminal,105.2,FCI Depot Imphal,63.46,CACHAR Toll Plaza,135.15
V. Haipijang,KAKCHING,651.0,12956742315,village,102C,14.94,Belghoria Expressway,575.41,JIRIBAM,95.28,Khongsang,73.97,Kolkata Port (Syama Prasad Mookerjee Port) incl. Haldia Dock Complex,585.92,ICD Amingaon,301.46,Moreh ICP,42.46,Lokpriya Gopinath Bordoloi International Airport (GAU),302.94,MMLP Silchar,125.87,Lakhipur Terminal,104.32,FCI Depot Imphal,61.36,CACHAR Toll Plaza,134.26
Singtom,KAKCHING,651.0,12956742316,village,102C,13.34,Belghoria Expressway,576.82,JIRIBAM,95.42,Khongsang,73.53,Kolkata Port (Syama Prasad Mookerjee Port) incl. Haldia Dock Complex,587.35,ICD Amingaon,301.42,Moreh ICP,41.35,Lokpriya Gopinath Bordoloi International Airport (GAU),302.96,MMLP Silchar,126.23,Lakhipur Terminal,104.6,FCI Depot Imphal,60.04,CACHAR Toll Plaza,134.51
Julbalching,CHANDEL,280.0,12956811935,village,102C,10.57,Belghoria Expressway,579.11,JIRIBAM,93.3,Khongsang,70.02,Kolkata Port (Syama Prasad Mookerjee Port) incl. Haldia Dock Complex,589.7,ICD Amingaon,298.73,Moreh ICP,40.84,Lokpriya Gopinath Bordoloi International Airport (GAU),300.45,MMLP Silchar,124.74,Lakhipur Terminal,102.85,FCI Depot Imphal,55.13,CACHAR Toll Plaza,132.67
Tokpa Ching,KAKCHING,651.0,12956811936,village,102C,10.65,Belghoria Expressway,579.01,JIRIBAM,93.75,Khongsang,70.61,Kolkata Port (Syama Prasad Mookerjee Port) incl. Haldia Dock Complex,589.59,ICD Amingaon,299.25,Moreh ICP,40.66,Lokpriya Gopinath Bordoloi International Airport (GAU),300.95,MMLP Silchar,125.12,Lakhipur Terminal,103.27,FCI Depot Imphal,55.78,CACHAR Toll Plaza,133.1
Uchatampak,CHANDEL,280.0,12956811937,village,102C,12.22,Belghoria Expressway,577.44,JIRIBAM,93.19,Khongsang,70.62,Kolkata Port (Syama Prasad Mookerjee Port) incl. Haldia Dock Complex,588.01,ICD Amingaon,298.91,Moreh ICP,41.9,Lokpriya Gopinath Bordoloi International Airport (GAU),300.55,MMLP Silchar,124.36,Lakhipur Terminal,102.58,FCI Depot Imphal,56.83,CACHAR Toll Plaza,132.45
Thungcheng,CHANDEL,280.0,12956811938,village,102C,11.07,Belghoria Expressway,578.65,JIRIBAM,94.59,Khongsang,71.78,Kolkata Port (Syama Prasad Mookerjee Port) incl. Haldia Dock Complex,589.21,ICD Amingaon,300.24,Moreh ICP,40.46,Lokpriya Gopinath Bordoloi International Airport (GAU),301.9,MMLP Silchar,125.81,Lakhipur Terminal,104.02,FCI Depot Imphal,57.16,CACHAR Toll Plaza,133.87
Sugnu Tribal,KAKCHING,651.0,12956811939,village,102C,12.82,Belghoria Expressway,576.84,JIRIBAM,92.83,Khongsang,70.44,Kolkata Port (Syama Prasad Mookerjee Port) incl. Haldia Dock Complex,587.42,ICD Amingaon,298.61,Moreh ICP,42.45,Lokpriya Gopinath Bordoloi International Airport (GAU),300.23,MMLP Silchar,123.94,Lakhipur Terminal,102.18,FCI Depot Imphal,57.04,CACHAR Toll Plaza,132.06
Sugnu Zouveng,KAKCHING,651.0,12956811940,village,102C,12.74,Belghoria Expressway,576.92,JIRIBAM,92.7,Khongsang,70.25,Kolkata Port (Syama Prasad Mookerjee Port) incl. Haldia Dock Complex,587.49,ICD Amingaon,298.46,Moreh ICP,42.46,Lokpriya Gopinath Bordoloi International Airport (GAU),300.08,MMLP Silchar,123.84,Lakhipur Terminal,102.07,FCI Depot Imphal,56.82,CACHAR Toll Plaza,131.94
Sokom,CHANDEL,280.0,12956811941,village,102C,12.53,Belghoria Expressway,577.17,JIRIBAM,93.61,Khongsang,71.23,Kolkata Port (Syama Prasad Mookerjee Port) incl. Haldia Dock Complex,587.73,ICD Amingaon,299.41,Moreh ICP,41.87,Lokpriya Gopinath Bordoloi International Airport (GAU),301.02,MMLP Silchar,124.69,Lakhipur Terminal,102.95,FCI Depot Imphal,57.6,CACHAR Toll Plaza,132.83
Kotsophai,KAKCHING,651.0,12956811942,village,102C,13.13,Belghoria Expressway,576.83,JIRIBAM,94.78,Khongsang,72.77,Kolkata Port (Syama Prasad Mookerjee Port) incl. Haldia Dock Complex,587.37,ICD Amingaon,300.73,Moreh ICP,41.6,Lokpriya Gopinath Bordoloi International Airport (GAU),302.29,MMLP Silchar,125.66,Lakhipur Terminal,104.0,FCI Depot Imphal,59.3,CACHAR Toll Plaza,133.9
Utangpokpi,KAKCHING,651.0,12956811943,village,102C,13.04,Belghoria Expressway,576.82,JIRIBAM,94.35,Khongsang,72.27,Kolkata Port (Syama Prasad Mookerjee Port) incl. Haldia Dock Complex,587.36,ICD Amingaon,300.27,Moreh ICP,41.78,Lokpriya Gopinath Bordoloi International Airport (GAU),301.84,MMLP Silchar,125.29,Lakhipur Terminal,103.6,FCI Depot Imphal,58.83,CACHAR Toll Plaza,133.5
Nāgājeng,TAMENGLONG,273.0,12961199034,village,37,7.9,Belghoria Expressway,578.22,JIRIBAM,52.21,Khongsang,17.76,Kolkata Port (Syama Prasad Mookerjee Port) incl. Haldia Dock Complex,589.72,ICD Amingaon,234.81,Moreh ICP,99.79,Lokpriya Gopinath Bordoloi International Airport (GAU),238.2,MMLP Silchar,84.98,Lakhipur Terminal,64.53,FCI Depot Imphal,33.19,CACHAR Toll Plaza,86.45
Ejeirong,TAMENGLONG,273.0,12961215139,village,37,8.0,Belghoria Expressway,582.48,JIRIBAM,57.67,Khongsang,21.62,Kolkata Port (Syama Prasad Mookerjee Port) incl. Haldia Dock Complex,593.9,ICD Amingaon,242.93,Moreh ICP,91.91,Lokpriya Gopinath Bordoloi International Airport (GAU),246.31,MMLP Silchar,91.19,Lakhipur Terminal,70.1,FCI Depot Imphal,25.28,CACHAR Toll Plaza,93.33
Chingchen,TAMENGLONG,273.0,12961215140,village,37,7.95,Belghoria Expressway,582.4,JIRIBAM,58.0,Khongsang,21.79,Kolkata Port (Syama Prasad Mookerjee Port) incl. Haldia Dock Complex,593.81,ICD Amingaon,244.32,Moreh ICP,90.35,Lokpriya Gopinath Bordoloi International Airport (GAU),247.65,MMLP Silchar,91.69,Lakhipur Terminal,70.44,FCI Depot Imphal,24.23,CACHAR Toll Plaza,94.03
Phuanchongjāng,TAMENGLONG,273.0,12961215141,village,37,7.79,Belghoria Expressway,580.07,JIRIBAM,54.27,Khongsang,19.27,Kolkata Port (Syama Prasad Mookerjee Port) incl. Haldia Dock Complex,591.55,ICD Amingaon,237.16,Moreh ICP,97.67,Lokpriya Gopinath Bordoloi International Airport (GAU),240.57,MMLP Silchar,87.22,Lakhipur Terminal,66.63,FCI Depot Imphal,30.74,CACHAR Toll Plaza,88.82
Oktān,TAMENGLONG,273.0,12961215142,village,37,10.11,Belghoria Expressway,584.15,JIRIBAM,58.74,Khongsang,23.15,Kolkata Port (Syama Prasad Mookerjee Port) incl. Haldia Dock Complex,595.6,ICD Amingaon,241.49,Moreh ICP,94.0,Lokpriya Gopinath Bordoloi International Airport (GAU),245.01,MMLP Silchar,91.9,Lakhipur Terminal,71.14,FCI Depot Imphal,26.09,CACHAR Toll Plaza,93.62
Kajinglong,TAMENGLONG,273.0,12961215143,village,137,18.3,Belghoria Expressway,587.38,DAOTUHAJA,54.76,Khongsang,29.27,Kolkata Port (Syama Prasad Mookerjee Port) incl. Haldia Dock Complex,598.98,ICD Amingaon,232.37,Moreh ICP,105.65,Lokpriya Gopinath Bordoloi International Airport (GAU),236.37,MMLP Silchar,91.86,Lakhipur Terminal,72.79,FCI Depot Imphal,35.53,CACHAR Toll Plaza,91.81
Unnamed Hamlet,TAMENGLONG,273.0,12961215145,village,37,16.6,Belghoria Expressway,585.45,DAOTUHAJA,55.71,Khongsang,26.31,Kolkata Port (Syama Prasad Mookerjee Port) incl. Haldia Dock Complex,597.01,ICD Amingaon,233.89,Moreh ICP,103.12,Lokpriya Gopinath Bordoloi International Airport (GAU),237.72,MMLP Silchar,90.58,Lakhipur Terminal,71.04,FCI Depot Imphal,33.57,CACHAR Toll Plaza,91.0
Thingra,TAMENGLONG,273.0,12961215146,village,37,15.88,Belghoria Expressway,585.35,DAOTUHAJA,56.35,Khongsang,25.9,Kolkata Port (Syama Prasad Mookerjee Port) incl. Haldia Dock Complex,596.9,ICD Amingaon,234.61,Moreh ICP,102.25,Lokpriya Gopinath Bordoloi International Airport (GAU),238.41,MMLP Silchar,90.69,Lakhipur Terminal,71.03,FCI Depot Imphal,32.81,CACHAR Toll Plaza,91.23
Unnamed Hamlet,TAMENGLONG,273.0,12961215147,village,37,15.16,Belghoria Expressway,584.83,DAOTUHAJA,56.4,Khongsang,25.25,Kolkata Port (Syama Prasad Mookerjee Port) incl. Haldia Dock Complex,596.37,ICD Amingaon,234.75,Moreh ICP,101.89,Lokpriya Gopinath Bordoloi International Airport (GAU),238.52,MMLP Silchar,90.29,Lakhipur Terminal,70.55,FCI Depot Imphal,32.62,CACHAR Toll Plaza,90.92
Langkhong Khunou,TAMENGLONG,273.0,12961220273,village,37,1.95,Belghoria Expressway,572.94,JIRIBAM,47.77,Khongsang,11.94,Kolkata Port (Syama Prasad Mookerjee Port) incl. Haldia Dock Complex,584.39,ICD Amingaon,235.87,Moreh ICP,97.64,Lokpriya Gopinath Bordoloi International Airport (GAU),238.91,MMLP Silchar,81.31,Lakhipur Terminal,60.2,FCI Depot Imphal,34.36,CACHAR Toll Plaza,83.65
Kabui Khullen,TAMENGLONG,273.0,12961228249,village,37,13.2,Belghoria Expressway,581.81,DAOTUHAJA,54.59,Khongsang,22.4,Kolkata Port (Syama Prasad Mookerjee Port) incl. Haldia Dock Complex,593.36,ICD Amingaon,233.21,Moreh ICP,102.59,Lokpriya Gopinath Bordoloi International Airport (GAU),236.85,MMLP Silchar,87.37,Lakhipur Terminal,67.56,FCI Depot Imphal,34.14,CACHAR Toll Plaza,88.13
Bhalok,TAMENGLONG,273.0,12961286924,village,137,6.22,Belghoria Expressway,574.14,JIRIBAM,47.63,Khongsang,16.73,Kolkata Port (Syama Prasad Mookerjee Port) incl. Haldia Dock Complex,585.71,ICD Amingaon,227.48,Moreh ICP,106.87,Lokpriya Gopinath Bordoloi International Airport (GAU),230.84,MMLP Silchar,79.41,Lakhipur Terminal,59.71,FCI Depot Imphal,40.48,CACHAR Toll Plaza,80.22
Mongjang,CHURACHANDPUR,274.0,12964496467,village,102B,0.55,Belghoria Expressway,545.1,JIRIBAM,85.25,Khongsang,76.01,Kolkata Port (Syama Prasad Mookerjee Port) incl. Haldia Dock Complex,555.56,ICD Amingaon,291.28,Moreh ICP,71.56,Lokpriya Gopinath Bordoloi International Airport (GAU),291.58,MMLP Silchar,110.49,Lakhipur Terminal,91.33,FCI Depot Imphal,80.7,CACHAR Toll Plaza,120.7
N. Zalenphai,CHURACHANDPUR,274.0,12964496468,village,102B,0.67,Belghoria Expressway,544.97,JIRIBAM,85.46,Khongsang,76.28,Kolkata Port (Syama Prasad Mookerjee Port) incl. Haldia Dock Complex,555.43,ICD Amingaon,291.46,Moreh ICP,71.65,Lokpriya Gopinath Bordoloi International Airport (GAU),291.75,MMLP Silchar,110.64,Lakhipur Terminal,91.51,FCI Depot Imphal,80.97,CACHAR Toll Plaza,120.87
Dulen,TAMENGLONG,273.0,12971851081,village,137,26.99,Belghoria Expressway,593.37,WADRENGDISA,49.24,Khongsang,42.01,Kolkata Port (Syama Prasad Mookerjee Port) incl. Haldia Dock Complex,605.11,ICD Amingaon,223.62,Moreh ICP,119.03,Lokpriya Gopinath Bordoloi International Airport (GAU),228.27,MMLP Silchar,96.03,Lakhipur Terminal,79.33,FCI Depot Imphal,48.09,DIMA HASAO Toll Plaza,79.43
Middle Katang,TAMENGLONG,273.0,12971851083,village,137,23.96,Belghoria Expressway,586.75,WADRENGDISA,41.26,Khongsang,40.3,Kolkata Port (Syama Prasad Mookerjee Port) incl. Haldia Dock Complex,598.54,ICD Amingaon,216.22,Moreh ICP,124.27,Lokpriya Gopinath Bordoloi International Airport (GAU),220.72,MMLP Silchar,89.25,Lakhipur Terminal,73.46,FCI Depot Imphal,53.68,DIMA HASAO Toll Plaza,73.63
Jampi,TAMENGLONG,273.0,12971851084,village,137,25.38,Belghoria Expressway,588.88,WADRENGDISA,43.15,Khongsang,41.5,Kolkata Port (Syama Prasad Mookerjee Port) incl. Haldia Dock Complex,600.67,ICD Amingaon,217.65,Moreh ICP,123.68,Lokpriya Gopinath Bordoloi International Airport (GAU),222.24,MMLP Silchar,91.38,Lakhipur Terminal,75.49,FCI Depot Imphal,52.93,DIMA HASAO Toll Plaza,74.34
Lower Katang,TAMENGLONG,273.0,12971851085,village,137,24.74,Belghoria Expressway,587.92,WADRENGDISA,42.28,Khongsang,40.97,Kolkata Port (Syama Prasad Mookerjee Port) incl. Haldia Dock Complex,599.71,ICD Amingaon,216.99,Moreh ICP,123.96,Lokpriya Gopinath Bordoloi International Airport (GAU),221.54,MMLP Silchar,90.42,Lakhipur Terminal,74.58,FCI Depot Imphal,53.28,DIMA HASAO Toll Plaza,73.99
Khunophung,TAMENGLONG,273.0,12971851090,village,137,27.97,Belghoria Expressway,592.38,WADRENGDISA,46.28,Khongsang,43.69,Kolkata Port (Syama Prasad Mookerjee Port) incl. Haldia Dock Complex,604.16,ICD Amingaon,219.97,Moreh ICP,122.85,Lokpriya Gopinath Bordoloi International Airport (GAU),224.69,MMLP Silchar,94.89,Lakhipur Terminal,78.87,FCI Depot Imphal,51.92,DIMA HASAO Toll Plaza,75.56
New Khunophung,TAMENGLONG,273.0,12971856169,village,137,26.86,Belghoria Expressway,590.03,WADRENGDISA,43.55,Khongsang,42.97,Kolkata Port (Syama Prasad Mookerjee Port) incl. Haldia Dock Complex,601.82,ICD Amingaon,217.51,Moreh ICP,124.47,Lokpriya Gopinath Bordoloi International Airport (GAU),222.17,MMLP Silchar,92.51,Lakhipur Terminal,76.79,FCI Depot Imphal,53.64,DIMA HASAO Toll Plaza,73.67
Ekouphai,IMPHAL EAST,278.0,12975952495,village,2,8.65,Belghoria Expressway,617.69,WADRENGDISA,86.37,Khongsang,56.69,Kolkata Port (Syama Prasad Mookerjee Port) incl. Haldia Dock Complex,629.12,ICD Amingaon,261.37,Moreh ICP,89.74,Lokpriya Gopinath Bordoloi International Airport (GAU),266.1,MMLP Silchar,124.5,Lakhipur Terminal,104.36,FCI Depot Imphal,25.37,DIMA HASAO Toll Plaza,115.01
E. Mullam,IMPHAL EAST,278.0,12975952496,village,2,8.63,Belghoria Expressway,617.99,WADRENGDISA,86.36,Khongsang,56.99,Kolkata Port (Syama Prasad Mookerjee Port) incl. Haldia Dock Complex,629.43,ICD Amingaon,261.25,Moreh ICP,90.14,Lokpriya Gopinath Bordoloi International Airport (GAU),266.01,MMLP Silchar,124.7,Lakhipur Terminal,104.61,FCI Depot Imphal,25.85,DIMA HASAO Toll Plaza,114.8
Songpehjang,IMPHAL EAST,278.0,12976078934,village,2,9.57,Belghoria Expressway,619.27,WADRENGDISA,87.31,Khongsang,58.27,Kolkata Port (Syama Prasad Mookerjee Port) incl. Haldia Dock Complex,630.71,ICD Amingaon,261.99,Moreh ICP,90.33,Lokpriya Gopinath Bordoloi International Airport (GAU),266.79,MMLP Silchar,125.94,Lakhipur Terminal,105.87,FCI Depot Imphal,26.76,DIMA HASAO Toll Plaza,115.29
Thangkanphai,KANGPOKPI,679.0,12976078948,village,2,8.8,Belghoria Expressway,619.34,WADRENGDISA,86.68,Khongsang,58.34,Kolkata Port (Syama Prasad Mookerjee Port) incl. Haldia Dock Complex,630.79,ICD Amingaon,261.18,Moreh ICP,91.4,Lokpriya Gopinath Bordoloi International Airport (GAU),266.01,MMLP Silchar,125.76,Lakhipur Terminal,105.79,FCI Depot Imphal,27.59,DIMA HASAO Toll Plaza,114.36
Makokching,KANGPOKPI,679.0,12976078949,village,2,9.55,Belghoria Expressway,619.7,WADRENGDISA,87.38,Khongsang,58.7,Kolkata Port (Syama Prasad Mookerjee Port) incl. Haldia Dock Complex,631.15,ICD Amingaon,261.93,Moreh ICP,90.78,Lokpriya Gopinath Bordoloi International Airport (GAU),266.75,MMLP Silchar,126.26,Lakhipur Terminal,106.24,FCI Depot Imphal,27.36,DIMA HASAO Toll Plaza,115.11
Maibung Likli,IMPHAL EAST,278.0,12976078950,village,2,8.14,Belghoria Expressway,614.84,WADRENGDISA,86.45,Khongsang,54.0,Kolkata Port (Syama Prasad Mookerjee Port) incl. Haldia Dock Complex,626.24,ICD Amingaon,262.3,Moreh ICP,86.22,Lokpriya Gopinath Bordoloi International Airport (GAU),266.85,MMLP Silchar,122.57,Lakhipur Terminal,102.1,FCI Depot Imphal,20.99,DIMA HASAO Toll Plaza,116.89
Khokon,IMPHAL EAST,278.0,12976078951,village,2,7.92,Belghoria Expressway,613.97,WADRENGDISA,86.2,Khongsang,53.17,Kolkata Port (Syama Prasad Mookerjee Port) incl. Haldia Dock Complex,625.36,ICD Amingaon,262.23,Moreh ICP,85.61,Lokpriya Gopinath Bordoloi International Airport (GAU),266.73,MMLP Silchar,121.87,Lakhipur Terminal,101.34,FCI Depot Imphal,19.99,DIMA HASAO Toll Plaza,117.06
Pukhao Santipur,IMPHAL EAST,278.0,12978049571,village,202,10.96,Belghoria Expressway,617.42,WADRENGDISA,90.7,Khongsang,56.9,Kolkata Port (Syama Prasad Mookerjee Port) incl. Haldia Dock Complex,628.78,ICD Amingaon,266.62,Moreh ICP,82.93,Lokpriya Gopinath Bordoloi International Airport (GAU),271.16,MMLP Silchar,125.98,Lakhipur Terminal,105.28,FCI Depot Imphal,20.52,DIMA HASAO Toll Plaza,121.1
Changsang,KANGPOKPI,679.0,12978049572,village,202,11.18,Belghoria Expressway,618.72,WADRENGDISA,91.18,Khongsang,58.11,Kolkata Port (Syama Prasad Mookerjee Port) incl. Haldia Dock Complex,630.09,ICD Amingaon,266.84,Moreh ICP,83.75,Lokpriya Gopinath Bordoloi International Airport (GAU),271.45,MMLP Silchar,127.04,Lakhipur Terminal,106.42,FCI Depot Imphal,21.99,DIMA HASAO Toll Plaza,120.99
Pukhao Laipham,IMPHAL EAST,278.0,12978049573,village,202,10.93,Belghoria Expressway,615.5,WADRENGDISA,89.59,Khongsang,55.05,Kolkata Port (Syama Prasad Mookerjee Port) incl. Haldia Dock Complex,626.86,ICD Amingaon,265.78,Moreh ICP,82.4,Lokpriya Gopinath Bordoloi International Airport (GAU),270.25,MMLP Silchar,124.25,Lakhipur Terminal,103.48,FCI Depot Imphal,18.77,DIMA HASAO Toll Plaza,120.7
Pukhao Khabam,IMPHAL EAST,278.0,12978049574,village,2,11.01,Belghoria Expressway,615.84,WADRENGDISA,89.26,Khongsang,55.28,Kolkata Port (Syama Prasad Mookerjee Port) incl. Haldia Dock Complex,627.21,ICD Amingaon,265.32,Moreh ICP,83.25,Lokpriya Gopinath Bordoloi International Airport (GAU),269.82,MMLP Silchar,124.34,Lakhipur Terminal,103.65,FCI Depot Imphal,19.57,DIMA HASAO Toll Plaza,120.07
Pukhao Ahallup,IMPHAL EAST,278.0,12978049575,village,2,10.48,Belghoria Expressway,615.87,WADRENGDISA,88.78,Khongsang,55.23,Kolkata Port (Syama Prasad Mookerjee Port) incl. Haldia Dock Complex,627.25,ICD Amingaon,264.76,Moreh ICP,83.98,Lokpriya Gopinath Bordoloi International Airport (GAU),269.28,MMLP Silchar,124.17,Lakhipur Terminal,103.53,FCI Depot Imphal,20.08,DIMA HASAO Toll Plaza,119.41
A. Longa Koireng,IMPHAL EAST,278.0,12978049576,village,2,10.15,Belghoria Expressway,617.72,WADRENGDISA,88.25,Khongsang,56.83,Kolkata Port (Syama Prasad Mookerjee Port) incl. Haldia Dock Complex,629.13,ICD Amingaon,263.64,Moreh ICP,86.92,Lokpriya Gopinath Bordoloi International Airport (GAU),268.3,MMLP Silchar,125.22,Lakhipur Terminal,104.84,FCI Depot Imphal,23.34,DIMA HASAO Toll Plaza,117.6
Maojang,KANGPOKPI,679.0,12978318378,village,2,12.37,Belghoria Expressway,622.31,WADRENGDISA,90.41,Khongsang,61.34,Kolkata Port (Syama Prasad Mookerjee Port) incl. Haldia Dock Complex,633.74,ICD Amingaon,264.79,Moreh ICP,89.54,Lokpriya Gopinath Bordoloi International Airport (GAU),269.66,MMLP Silchar,129.17,Lakhipur Terminal,109.05,FCI Depot Imphal,28.17,DIMA HASAO Toll Plaza,117.69
Zalenphai,KANGPOKPI,679.0,12978318379,village,2,12.06,Belghoria Expressway,622.98,WADRENGDISA,90.38,Khongsang,61.98,Kolkata Port (Syama Prasad Mookerjee Port) incl. Haldia Dock Complex,634.42,ICD Amingaon,264.51,Moreh ICP,90.51,Lokpriya Gopinath Bordoloi International Airport (GAU),269.42,MMLP Silchar,129.62,Lakhipur Terminal,109.58,FCI Depot Imphal,29.24,DIMA HASAO Toll Plaza,117.21
Ng. Phainom,KANGPOKPI,679.0,12978318380,village,2,11.78,Belghoria Expressway,622.7,WADRENGDISA,90.08,Khongsang,61.71,Kolkata Port (Syama Prasad Mookerjee Port) incl. Haldia Dock Complex,634.15,ICD Amingaon,264.23,Moreh ICP,90.61,Lokpriya Gopinath Bordoloi International Airport (GAU),269.13,MMLP Silchar,129.32,Lakhipur Terminal,109.29,FCI Depot Imphal,29.14,DIMA HASAO Toll Plaza,116.96
Songphel Khullen,KANGPOKPI,679.0,12988719174,village,2,11.02,Belghoria Expressway,622.15,WADRENGDISA,89.31,Khongsang,61.16,Kolkata Port (Syama Prasad Mookerjee Port) incl. Haldia Dock Complex,633.6,ICD Amingaon,263.46,Moreh ICP,91.07,Lokpriya Gopinath Bordoloi International Airport (GAU),268.36,MMLP Silchar,128.66,Lakhipur Terminal,108.67,FCI Depot Imphal,29.09,DIMA HASAO Toll Plaza,116.22
Naphai,KANGPOKPI,679.0,12988748729,village,2,12.18,Belghoria Expressway,625.28,WADRENGDISA,91.17,Khongsang,64.29,Kolkata Port (Syama Prasad Mookerjee Port) incl. Haldia Dock Complex,636.74,ICD Amingaon,264.6,Moreh ICP,92.58,Lokpriya Gopinath Bordoloi International Airport (GAU),269.63,MMLP Silchar,131.49,Lakhipur Terminal,111.64,FCI Depot Imphal,32.12,DIMA HASAO Toll Plaza,116.76
T. Gamnom,KANGPOKPI,679.0,12988748730,village,2,12.62,Belghoria Expressway,625.91,DHANSIRI,91.43,Khongsang,64.92,Kolkata Port (Syama Prasad Mookerjee Port) incl. Haldia Dock Complex,637.36,ICD Amingaon,264.97,Moreh ICP,92.71,Lokpriya Gopinath Bordoloi International Airport (GAU),270.03,MMLP Silchar,132.09,Lakhipur Terminal,112.26,FCI Depot Imphal,32.61,DIMA HASAO Toll Plaza,117.04
Waichei,KANGPOKPI,679.0,12988748731,village,2,12.64,Belghoria Expressway,625.53,WADRENGDISA,91.6,Khongsang,64.54,Kolkata Port (Syama Prasad Mookerjee Port) incl. Haldia Dock Complex,636.99,ICD Amingaon,265.06,Moreh ICP,92.24,Lokpriya Gopinath Bordoloi International Airport (GAU),270.09,MMLP Silchar,131.82,Lakhipur Terminal,111.94,FCI Depot Imphal,32.06,DIMA HASAO Toll Plaza,117.22
Molkon Bazar,KANGPOKPI,679.0,12988748732,village,2,11.89,Belghoria Expressway,625.4,DHANSIRI,90.84,Khongsang,64.42,Kolkata Port (Syama Prasad Mookerjee Port) incl. Haldia Dock Complex,636.87,ICD Amingaon,264.24,Moreh ICP,93.15,Lokpriya Gopinath Bordoloi International Airport (GAU),269.29,MMLP Silchar,131.49,Lakhipur Terminal,111.69,FCI Depot Imphal,32.58,DIMA HASAO Toll Plaza,116.33
Serou,KAKCHING,651.0,13002620846,village,102C,14.25,Belghoria Expressway,575.73,JIRIBAM,94.28,Khongsang,72.65,Kolkata Port (Syama Prasad Mookerjee Port) incl. Haldia Dock Complex,586.27,ICD Amingaon,300.35,Moreh ICP,42.58,Lokpriya Gopinath Bordoloi International Airport (GAU),301.87,MMLP Silchar,125.04,Lakhipur Terminal,103.42,FCI Depot Imphal,59.89,CACHAR Toll Plaza,133.34
Ikou,IMPHAL EAST,278.0,13004671760,village,2,8.79,Belghoria Expressway,617.82,WADRENGDISA,86.51,Khongsang,56.83,Kolkata Port (Syama Prasad Mookerjee Port) incl. Haldia Dock Complex,629.26,ICD Amingaon,261.5,Moreh ICP,89.69,Lokpriya Gopinath Bordoloi International Airport (GAU),266.24,MMLP Silchar,124.64,Lakhipur Terminal,104.51,FCI Depot Imphal,25.41,DIMA HASAO Toll Plaza,115.12
Denglen,KANGPOKPI,679.0,13004689069,village,2,11.77,Belghoria Expressway,626.28,RANGAPAHAR,89.75,Khongsang,65.33,Kolkata Port (Syama Prasad Mookerjee Port) incl. Haldia Dock Complex,637.76,ICD Amingaon,263.89,Moreh ICP,94.45,Lokpriya Gopinath Bordoloi International Airport (GAU),269.0,MMLP Silchar,132.11,Lakhipur Terminal,112.43,FCI Depot Imphal,34.0,DIMA HASAO Toll Plaza,115.74
S. Khonomphai,KANGPOKPI,679.0,13004689070,village,2,13.37,Belghoria Expressway,627.01,RANGAPAHAR,91.36,Khongsang,66.02,Kolkata Port (Syama Prasad Mookerjee Port) incl. Haldia Dock Complex,638.47,ICD Amingaon,265.6,Moreh ICP,93.0,Lokpriya Gopinath Bordoloi International Airport (GAU),270.69,MMLP Silchar,133.15,Lakhipur Terminal,113.34,FCI Depot Imphal,33.53,DIMA HASAO Toll Plaza,117.49
Saijang,KANGPOKPI,679.0,13004864669,village,2,8.2,Belghoria Expressway,619.5,WADRENGDISA,86.27,Khongsang,58.52,Kolkata Port (Syama Prasad Mookerjee Port) incl. Haldia Dock Complex,630.96,ICD Amingaon,260.61,Moreh ICP,92.28,Lokpriya Gopinath Bordoloi International Airport (GAU),265.46,MMLP Silchar,125.73,Lakhipur Terminal,105.84,FCI Depot Imphal,28.34,DIMA HASAO Toll Plaza,113.65
Tonglon (T),CHURACHANDPUR,274.0,13007507206,village,102B,8.09,Belghoria Expressway,545.0,JIRIBAM,74.61,Khongsang,65.06,Kolkata Port (Syama Prasad Mookerjee Port) incl. Haldia Dock Complex,555.63,ICD Amingaon,281.07,Moreh ICP,73.79,Lokpriya Gopinath Bordoloi International Airport (GAU),281.56,MMLP Silchar,100.99,Lakhipur Terminal,81.2,FCI Depot Imphal,72.83,CACHAR Toll Plaza,110.83
Tonglon (K),CHURACHANDPUR,274.0,13007507207,village,2,7.75,Belghoria Expressway,543.99,JIRIBAM,72.28,Khongsang,63.18,Kolkata Port (Syama Prasad Mookerjee Port) incl. Haldia Dock Complex,554.65,ICD Amingaon,278.72,Moreh ICP,75.37,Lokpriya Gopinath Bordoloi International Airport (GAU),279.21,MMLP Silchar,98.66,Lakhipur Terminal,78.85,FCI Depot Imphal,72.2,CACHAR Toll Plaza,108.48
Unnamed Village,CHURACHANDPUR,274.0,13007507208,village,2,6.76,Belghoria Expressway,546.61,JIRIBAM,72.63,Khongsang,62.15,Kolkata Port (Syama Prasad Mookerjee Port) incl. Haldia Dock Complex,557.27,ICD Amingaon,279.29,Moreh ICP,73.05,Lokpriya Gopinath Bordoloi International Airport (GAU),279.89,MMLP Silchar,99.66,Lakhipur Terminal,79.55,FCI Depot Imphal,69.87,CACHAR Toll Plaza,109.3
Allusingtam,CHURACHANDPUR,274.0,13007507209,village,102B,3.61,Belghoria Expressway,542.88,JIRIBAM,78.64,Khongsang,70.24,Kolkata Port (Syama Prasad Mookerjee Port) incl. Haldia Dock Complex,553.44,ICD Amingaon,284.68,Moreh ICP,74.7,Lokpriya Gopinath Bordoloi International Airport (GAU),285.01,MMLP Silchar,104.0,Lakhipur Terminal,84.73,FCI Depot Imphal,77.7,CACHAR Toll Plaza,114.14
Unnamed Village,CHURACHANDPUR,274.0,13007507223,village,102B,3.45,Belghoria Expressway,545.23,JIRIBAM,80.32,Khongsang,70.85,Kolkata Port (Syama Prasad Mookerjee Port) incl. Haldia Dock Complex,555.77,ICD Amingaon,286.58,Moreh ICP,72.19,Lokpriya Gopinath Bordoloi International Airport (GAU),286.98,MMLP Silchar,106.12,Lakhipur Terminal,86.65,FCI Depot Imphal,76.78,CACHAR Toll Plaza,116.16
Sadar Joute,IMPHAL WEST,277.0,13014467132,village,37,4.26,Belghoria Expressway,582.75,JIRIBAM,64.57,Khongsang,30.1,Kolkata Port (Syama Prasad Mookerjee Port) incl. Haldia Dock Complex,593.95,ICD Amingaon,259.16,Moreh ICP,74.28,Lokpriya Gopinath Bordoloi International Airport (GAU),262.08,MMLP Silchar,99.02,Lakhipur Terminal,76.73,FCI Depot Imphal,18.51,CACHAR Toll Plaza,103.22
Mongbung Tongneh,IMPHAL WEST,277.0,13014467135,village,37,3.9,Belghoria Expressway,583.18,JIRIBAM,64.91,Khongsang,30.36,Kolkata Port (Syama Prasad Mookerjee Port) incl. Haldia Dock Complex,594.38,ICD Amingaon,259.31,Moreh ICP,74.18,Lokpriya Gopinath Bordoloi International Airport (GAU),262.25,MMLP Silchar,99.37,Lakhipur Terminal,77.08,FCI Depot Imphal,18.08,CACHAR Toll Plaza,103.53
Khonglong Kabui,KANGPOKPI,679.0,13014467144,village,37,0.31,Belghoria Expressway,585.79,JIRIBAM,65.55,Khongsang,30.02,Kolkata Port (Syama Prasad Mookerjee Port) incl. Haldia Dock Complex,597.04,ICD Amingaon,257.28,Moreh ICP,76.87,Lokpriya Gopinath Bordoloi International Airport (GAU),260.42,MMLP Silchar,99.93,Lakhipur Terminal,77.86,FCI Depot Imphal,15.51,CACHAR Toll Plaza,103.54
Namgailong,IMPHAL WEST,277.0,13014467152,village,37,0.22,Belghoria Expressway,586.03,JIRIBAM,66.39,Khongsang,31.06,Kolkata Port (Syama Prasad Mookerjee Port) incl. Haldia Dock Complex,597.26,ICD Amingaon,258.68,Moreh ICP,75.39,Lokpriya Gopinath Bordoloi International Airport (GAU),261.79,MMLP Silchar,100.79,Lakhipur Terminal,78.67,FCI Depot Imphal,15.14,CACHAR Toll Plaza,104.55
Leingangpokpi,IMPHAL WEST,277.0,13014467153,village,37,0.85,Belghoria Expressway,585.54,JIRIBAM,66.14,Khongsang,30.93,Kolkata Port (Syama Prasad Mookerjee Port) incl. Haldia Dock Complex,596.77,ICD Amingaon,258.81,Moreh ICP,75.15,Lokpriya Gopinath Bordoloi International Airport (GAU),261.89,MMLP Silchar,100.56,Lakhipur Terminal,78.4,FCI Depot Imphal,15.61,CACHAR Toll Plaza,104.38
Kangmong Langoljam,IMPHAL WEST,277.0,13014467154,village,37,2.27,Belghoria Expressway,584.26,JIRIBAM,65.32,Khongsang,30.4,Kolkata Port (Syama Prasad Mookerjee Port) incl. Haldia Dock Complex,595.48,ICD Amingaon,258.82,Moreh ICP,74.89,Lokpriya Gopinath Bordoloi International Airport (GAU),261.83,MMLP Silchar,99.76,Lakhipur Terminal,77.55,FCI Depot Imphal,16.91,CACHAR Toll Plaza,103.74
Khoripok,KANGPOKPI,679.0,13014467169,village,37,2.16,Belghoria Expressway,584.06,JIRIBAM,64.95,Khongsang,29.97,Kolkata Port (Syama Prasad Mookerjee Port) incl. Haldia Dock Complex,595.29,ICD Amingaon,258.34,Moreh ICP,75.37,Lokpriya Gopinath Bordoloi International Airport (GAU),261.35,MMLP Silchar,99.39,Lakhipur Terminal,77.18,FCI Depot Imphal,17.1,CACHAR Toll Plaza,103.33
Unnamed Village,IMPHAL WEST,277.0,13014472425,village,37,2.11,Belghoria Expressway,584.4,JIRIBAM,65.41,Khongsang,30.45,Kolkata Port (Syama Prasad Mookerjee Port) incl. Haldia Dock Complex,595.62,ICD Amingaon,258.81,Moreh ICP,74.91,Lokpriya Gopinath Bordoloi International Airport (GAU),261.83,MMLP Silchar,99.85,Lakhipur Terminal,77.63,FCI Depot Imphal,16.77,CACHAR Toll Plaza,103.81
Ichum Keirap,KANGPOKPI,679.0,13014472544,village,2,4.95,Belghoria Expressway,581.61,JIRIBAM,64.06,Khongsang,30.0,Kolkata Port (Syama Prasad Mookerjee Port) incl. Haldia Dock Complex,592.8,ICD Amingaon,259.47,Moreh ICP,73.8,Lokpriya Gopinath Bordoloi International Airport (GAU),262.32,MMLP Silchar,98.51,Lakhipur Terminal,76.16,FCI Depot Imphal,19.77,CACHAR Toll Plaza,102.88
Unnamed Village,KANGPOKPI,679.0,13014472545,village,2,4.08,Belghoria Expressway,581.53,JIRIBAM,64.47,Khongsang,30.65,Kolkata Port (Syama Prasad Mookerjee Port) incl. Haldia Dock Complex,592.71,ICD Amingaon,260.27,Moreh ICP,72.96,Lokpriya Gopinath Bordoloi International Airport (GAU),263.1,MMLP Silchar,98.92,Lakhipur Terminal,76.53,FCI Depot Imphal,20.03,CACHAR Toll Plaza,103.38
Tingkai Khunou,KANGPOKPI,679.0,13014472546,village,2,3.21,Belghoria Expressway,581.49,JIRIBAM,64.91,Khongsang,31.32,Kolkata Port (Syama Prasad Mookerjee Port) incl. Haldia Dock Complex,592.66,ICD Amingaon,261.07,Moreh ICP,72.12,Lokpriya Gopinath Bordoloi International Airport (GAU),263.87,MMLP Silchar,99.35,Lakhipur Terminal,76.93,FCI Depot Imphal,20.28,CACHAR Toll Plaza,103.91
Tuikhang,BISHNUPUR,275.0,13014472560,village,2,2.74,Belghoria Expressway,581.15,JIRIBAM,64.95,Khongsang,31.58,Kolkata Port (Syama Prasad Mookerjee Port) incl. Haldia Dock Complex,592.31,ICD Amingaon,261.46,Moreh ICP,71.68,Lokpriya Gopinath Bordoloi International Airport (GAU),264.23,MMLP Silchar,99.37,Lakhipur Terminal,76.93,FCI Depot Imphal,20.79,CACHAR Toll Plaza,104.02
Wainem,BISHNUPUR,275.0,13014472562,village,2,2.31,Belghoria Expressway,580.11,JIRIBAM,64.7,Khongsang,31.86,Kolkata Port (Syama Prasad Mookerjee Port) incl. Haldia Dock Complex,591.25,ICD Amingaon,261.99,Moreh ICP,71.07,Lokpriya Gopinath Bordoloi International Airport (GAU),264.69,MMLP Silchar,99.09,Lakhipur Terminal,76.61,FCI Depot Imphal,22.14,CACHAR Toll Plaza,103.92
Longa Koireng,KANGPOKPI,679.0,13014472564,village,37,0.68,Belghoria Expressway,586.01,JIRIBAM,65.21,Khongsang,29.47,Kolkata Port (Syama Prasad Mookerjee Port) incl. Haldia Dock Complex,597.28,ICD Amingaon,256.21,Moreh ICP,78.11,Lokpriya Gopinath Bordoloi International Airport (GAU),259.39,MMLP Silchar,99.54,Lakhipur Terminal,77.55,FCI Depot Imphal,15.54,CACHAR Toll Plaza,102.99
Thangjing Chiru,KANGPOKPI,679.0,13014472565,village,37,1.4,Belghoria Expressway,586.29,JIRIBAM,65.15,Khongsang,29.29,Kolkata Port (Syama Prasad Mookerjee Port) incl. Haldia Dock Complex,597.57,ICD Amingaon,255.65,Moreh ICP,78.79,Lokpriya Gopinath Bordoloi International Airport (GAU),258.87,MMLP Silchar,99.45,Lakhipur Terminal,77.51,FCI Depot Imphal,15.49,CACHAR Toll Plaza,102.8
Chuangphun Kabui,BISHNUPUR,275.0,13014472855,village,2,1.03,Belghoria Expressway,579.08,JIRIBAM,65.03,Khongsang,33.0,Kolkata Port (Syama Prasad Mookerjee Port) incl. Haldia Dock Complex,590.19,ICD Amingaon,263.37,Moreh ICP,69.65,Lokpriya Gopinath Bordoloi International Airport (GAU),265.98,MMLP Silchar,99.34,Lakhipur Terminal,76.81,FCI Depot Imphal,23.87,CACHAR Toll Plaza,104.44
Joypur Khunou,BISHNUPUR,275.0,13014472857,village,2,0.08,Belghoria Expressway,578.52,JIRIBAM,65.77,Khongsang,34.44,Kolkata Port (Syama Prasad Mookerjee Port) incl. Haldia Dock Complex,589.61,ICD Amingaon,264.9,Moreh ICP,68.12,Lokpriya Gopinath Bordoloi International Airport (GAU),267.44,MMLP Silchar,99.99,Lakhipur Terminal,77.43,FCI Depot Imphal,25.25,CACHAR Toll Plaza,105.31
Laimanai Kabui,CHURACHANDPUR,274.0,13014472858,village,2,3.18,Belghoria Expressway,571.8,JIRIBAM,65.34,Khongsang,38.33,Kolkata Port (Syama Prasad Mookerjee Port) incl. Haldia Dock Complex,582.8,ICD Amingaon,268.12,Moreh ICP,65.98,Lokpriya Gopinath Bordoloi International Airport (GAU),270.23,MMLP Silchar,98.8,Lakhipur Terminal,76.27,FCI Depot Imphal,34.8,CACHAR Toll Plaza,105.2
Phunchonjang,CHURACHANDPUR,274.0,13014472883,village,2,3.79,Belghoria Expressway,568.6,JIRIBAM,67.56,Khongsang,43.42,Kolkata Port (Syama Prasad Mookerjee Port) incl. Haldia Dock Complex,579.52,ICD Amingaon,272.03,Moreh ICP,63.69,Lokpriya Gopinath Bordoloi International Airport (GAU),273.88,MMLP Silchar,100.24,Lakhipur Terminal,77.89,FCI Depot Imphal,41.0,CACHAR Toll Plaza,107.32
Molpheitampak,CHURACHANDPUR,274.0,13014472884,village,2,2.07,Belghoria Expressway,567.85,JIRIBAM,69.15,Khongsang,45.94,Kolkata Port (Syama Prasad Mookerjee Port) incl. Haldia Dock Complex,578.74,ICD Amingaon,274.09,Moreh ICP,62.41,Lokpriya Gopinath Bordoloi International Airport (GAU),275.86,MMLP Silchar,101.49,Lakhipur Terminal,79.25,FCI Depot Imphal,43.33,CACHAR Toll Plaza,108.81
Thiyam,IMPHAL WEST,277.0,13015593683,village,37,0.47,Belghoria Expressway,586.02,JIRIBAM,66.51,Khongsang,31.23,Kolkata Port (Syama Prasad Mookerjee Port) incl. Haldia Dock Complex,597.25,ICD Amingaon,258.93,Moreh ICP,75.11,Lokpriya Gopinath Bordoloi International Airport (GAU),262.04,MMLP Silchar,100.92,Lakhipur Terminal,78.78,FCI Depot Imphal,15.14,CACHAR Toll Plaza,104.7
VK Mongbung,IMPHAL WEST,277.0,13015595488,village,37,2.79,Belghoria Expressway,583.91,JIRIBAM,65.18,Khongsang,30.36,Kolkata Port (Syama Prasad Mookerjee Port) incl. Haldia Dock Complex,595.12,ICD Amingaon,258.96,Moreh ICP,74.67,Lokpriya Gopinath Bordoloi International Airport (GAU),261.95,MMLP Silchar,99.62,Lakhipur Terminal,77.38,FCI Depot Imphal,17.28,CACHAR Toll Plaza,103.66
Longjang,KANGPOKPI,679.0,13015595489,village,37,0.06,Belghoria Expressway,584.93,JIRIBAM,64.84,Khongsang,29.41,Kolkata Port (Syama Prasad Mookerjee Port) incl. Haldia Dock Complex,596.18,ICD Amingaon,256.99,Moreh ICP,77.0,Lokpriya Gopinath Bordoloi International Airport (GAU),260.09,MMLP Silchar,99.23,Lakhipur Terminal,77.14,FCI Depot Imphal,16.34,CACHAR Toll Plaza,102.91
Manamjang,KANGPOKPI,679.0,13015630552,village,37,2.5,Belghoria Expressway,584.08,JIRIBAM,65.22,Khongsang,30.34,Kolkata Port (Syama Prasad Mookerjee Port) incl. Haldia Dock Complex,595.3,ICD Amingaon,258.84,Moreh ICP,74.83,Lokpriya Gopinath Bordoloi International Airport (GAU),261.84,MMLP Silchar,99.67,Lakhipur Terminal,77.44,FCI Depot Imphal,17.09,CACHAR Toll Plaza,103.67
Kangoi Paolian,CHURACHANDPUR,274.0,13015909231,village,2,3.54,Belghoria Expressway,563.0,JIRIBAM,67.89,Khongsang,47.39,Kolkata Port (Syama Prasad Mookerjee Port) incl. Haldia Dock Complex,573.86,ICD Amingaon,273.78,Moreh ICP,64.85,Lokpriya Gopinath Bordoloi International Airport (GAU),275.31,MMLP Silchar,99.45,Lakhipur Terminal,77.46,FCI Depot Imphal,48.41,CACHAR Toll Plaza,107.25
V. Kolmun,CHURACHANDPUR,274.0,13015909232,village,2,3.25,Belghoria Expressway,563.16,JIRIBAM,68.24,Khongsang,47.71,Kolkata Port (Syama Prasad Mookerjee Port) incl. Haldia Dock Complex,574.01,ICD Amingaon,274.13,Moreh ICP,64.54,Lokpriya Gopinath Bordoloi International Airport (GAU),275.66,MMLP Silchar,99.79,Lakhipur Terminal,77.8,FCI Depot Imphal,48.48,CACHAR Toll Plaza,107.59
Sijang,CHURACHANDPUR,274.0,13015909233,village,2,4.51,Belghoria Expressway,562.06,JIRIBAM,67.11,Khongsang,47.03,Kolkata Port (Syama Prasad Mookerjee Port) incl. Haldia Dock Complex,572.92,ICD Amingaon,273.09,Moreh ICP,65.78,Lokpriya Gopinath Bordoloi International Airport (GAU),274.59,MMLP Silchar,98.58,Lakhipur Terminal,76.61,FCI Depot Imphal,48.95,CACHAR Toll Plaza,106.42
T. Thingjang,CHURACHANDPUR,274.0,13015909234,village,2,2.48,Belghoria Expressway,563.47,JIRIBAM,69.35,Khongsang,48.88,Kolkata Port (Syama Prasad Mookerjee Port) incl. Haldia Dock Complex,574.31,ICD Amingaon,275.29,Moreh ICP,63.61,Lokpriya Gopinath Bordoloi International Airport (GAU),276.81,MMLP Silchar,100.81,Lakhipur Terminal,78.86,FCI Depot Imphal,48.99,CACHAR Toll Plaza,108.67
Zounoi,CHURACHANDPUR,274.0,13015923602,village,2,10.23,Belghoria Expressway,563.65,JIRIBAM,60.05,Khongsang,37.05,Kolkata Port (Syama Prasad Mookerjee Port) incl. Haldia Dock Complex,574.65,ICD Amingaon,264.74,Moreh ICP,71.17,Lokpriya Gopinath Bordoloi International Airport (GAU),266.52,MMLP Silchar,92.79,Lakhipur Terminal,70.42,FCI Depot Imphal,42.05,CACHAR Toll Plaza,99.81
Tumjangphai,CHURACHANDPUR,274.0,13015923766,village,2,10.06,Belghoria Expressway,566.94,JIRIBAM,58.04,Khongsang,31.76,Kolkata Port (Syama Prasad Mookerjee Port) incl. Haldia Dock Complex,578.01,ICD Amingaon,261.01,Moreh ICP,73.29,Lokpriya Gopinath Bordoloi International Airport (GAU),263.05,MMLP Silchar,91.61,Lakhipur Terminal,69.05,FCI Depot Imphal,36.6,CACHAR Toll Plaza,97.9
L. Khengjang,CHURACHANDPUR,274.0,13015923767,village,2,9.77,Belghoria Expressway,566.92,JIRIBAM,58.63,Khongsang,32.61,Kolkata Port (Syama Prasad Mookerjee Port) incl. Haldia Dock Complex,577.98,ICD Amingaon,261.77,Moreh ICP,72.64,Lokpriya Gopinath Bordoloi International Airport (GAU),263.79,MMLP Silchar,92.12,Lakhipur Terminal,69.58,FCI Depot Imphal,36.95,CACHAR Toll Plaza,98.49
Hengmol,CHURACHANDPUR,274.0,13015923768,village,2,13.15,Belghoria Expressway,564.28,JIRIBAM,54.45,Khongsang,28.9,Kolkata Port (Syama Prasad Mookerjee Port) incl. Haldia Dock Complex,575.38,ICD Amingaon,257.64,Moreh ICP,76.86,Lokpriya Gopinath Bordoloi International Airport (GAU),259.62,MMLP Silchar,88.02,Lakhipur Terminal,65.46,FCI Depot Imphal,38.33,CACHAR Toll Plaza,94.3
Nungleiband Gangluan Part III,NONEY,659.0,13015923777,village,2,14.19,Belghoria Expressway,565.66,JIRIBAM,51.81,Khongsang,23.72,Kolkata Port (Syama Prasad Mookerjee Port) incl. Haldia Dock Complex,576.83,ICD Amingaon,253.36,Moreh ICP,80.36,Lokpriya Gopinath Bordoloi International Airport (GAU),255.53,MMLP Silchar,85.88,Lakhipur Terminal,63.3,FCI Depot Imphal,35.82,CACHAR Toll Plaza,91.53
Majuron Kuki,NONEY,659.0,13015923778,village,2,10.22,Belghoria Expressway,567.15,JIRIBAM,56.97,Khongsang,30.05,Kolkata Port (Syama Prasad Mookerjee Port) incl. Haldia Dock Complex,578.24,ICD Amingaon,259.51,Moreh ICP,74.56,Lokpriya Gopinath Bordoloi International Airport (GAU),261.6,MMLP Silchar,90.68,Lakhipur Terminal,68.11,FCI Depot Imphal,35.78,CACHAR Toll Plaza,96.8
L. Boljol,NONEY,659.0,13015923779,village,2,12.03,Belghoria Expressway,566.47,JIRIBAM,54.4,Khongsang,26.88,Kolkata Port (Syama Prasad Mookerjee Port) incl. Haldia Dock Complex,577.6,ICD Amingaon,256.45,Moreh ICP,77.42,Lokpriya Gopinath Bordoloi International Airport (GAU),258.58,MMLP Silchar,88.31,Lakhipur Terminal,65.72,FCI Depot Imphal,35.59,CACHAR Toll Plaza,94.19
L. Gelmol,CHURACHANDPUR,274.0,13015923891,village,2,8.78,Belghoria Expressway,568.41,JIRIBAM,58.48,Khongsang,31.2,Kolkata Port (Syama Prasad Mookerjee Port) incl. Haldia Dock Complex,579.49,ICD Amingaon,260.86,Moreh ICP,73.1,Lokpriya Gopinath Bordoloi International Airport (GAU),262.98,MMLP Silchar,92.21,Lakhipur Terminal,69.64,FCI Depot Imphal,34.89,CACHAR Toll Plaza,98.31
Molphai,CHURACHANDPUR,274.0,13015923899,village,2,7.69,Belghoria Expressway,569.48,JIRIBAM,59.43,Khongsang,31.72,Kolkata Port (Syama Prasad Mookerjee Port) incl. Haldia Dock Complex,580.56,ICD Amingaon,261.56,Moreh ICP,72.26,Lokpriya Gopinath Bordoloi International Airport (GAU),263.72,MMLP Silchar,93.2,Lakhipur Terminal,70.63,FCI Depot Imphal,33.98,CACHAR Toll Plaza,99.25
K. Lhangnom,CHURACHANDPUR,274.0,13015923900,village,2,7.3,Belghoria Expressway,569.91,JIRIBAM,59.67,Khongsang,31.72,Kolkata Port (Syama Prasad Mookerjee Port) incl. Haldia Dock Complex,580.99,ICD Amingaon,261.65,Moreh ICP,72.1,Lokpriya Gopinath Bordoloi International Airport (GAU),263.83,MMLP Silchar,93.48,Lakhipur Terminal,70.9,FCI Depot Imphal,33.53,CACHAR Toll Plaza,99.48
New Kungpi,NONEY,659.0,13015923902,village,2,7.23,Belghoria Expressway,570.1,JIRIBAM,59.57,Khongsang,31.45,Kolkata Port (Syama Prasad Mookerjee Port) incl. Haldia Dock Complex,581.18,ICD Amingaon,261.43,Moreh ICP,72.27,Lokpriya Gopinath Bordoloi International Airport (GAU),263.62,MMLP Silchar,93.42,Lakhipur Terminal,70.84,FCI Depot Imphal,33.23,CACHAR Toll Plaza,99.38
Lamdan,CHURACHANDPUR,274.0,13015923905,village,2,6.91,Belghoria Expressway,570.22,JIRIBAM,60.12,Khongsang,32.13,Kolkata Port (Syama Prasad Mookerjee Port) incl. Haldia Dock Complex,581.3,ICD Amingaon,262.09,Moreh ICP,71.65,Lokpriya Gopinath Bordoloi International Airport (GAU),264.27,MMLP Silchar,93.92,Lakhipur Terminal,71.35,FCI Depot Imphal,33.37,CACHAR Toll Plaza,99.93
Lamdan Kabui,CHURACHANDPUR,274.0,13015923918,village,2,5.27,Belghoria Expressway,571.68,JIRIBAM,62.04,Khongsang,33.8,Kolkata Port (Syama Prasad Mookerjee Port) incl. Haldia Dock Complex,582.74,ICD Amingaon,263.89,Moreh ICP,69.76,Lokpriya Gopinath Bordoloi International Airport (GAU),266.1,MMLP Silchar,95.84,Lakhipur Terminal,73.27,FCI Depot Imphal,32.56,CACHAR Toll Plaza,101.86
Unnamed Village,NONEY,659.0,13015923996,village,2,8.56,Belghoria Expressway,568.74,JIRIBAM,58.45,Khongsang,30.89,Kolkata Port (Syama Prasad Mookerjee Port) incl. Haldia Dock Complex,579.83,ICD Amingaon,260.65,Moreh ICP,73.22,Lokpriya Gopinath Bordoloi International Airport (GAU),262.79,MMLP Silchar,92.23,Lakhipur Terminal,69.66,FCI Depot Imphal,34.43,CACHAR Toll Plaza,98.27
L. Thingphai,NONEY,659.0,13016191633,village,2,12.28,Belghoria Expressway,566.39,JIRIBAM,54.09,Khongsang,26.49,Kolkata Port (Syama Prasad Mookerjee Port) incl. Haldia Dock Complex,577.53,ICD Amingaon,256.07,Moreh ICP,77.78,Lokpriya Gopinath Bordoloi International Airport (GAU),258.21,MMLP Silchar,88.02,Lakhipur Terminal,65.43,FCI Depot Imphal,35.57,CACHAR Toll Plaza,93.87
L. Gamnonphai,NONEY,659.0,13016191638,village,2,10.88,Belghoria Expressway,567.13,JIRIBAM,55.76,Khongsang,28.31,Kolkata Port (Syama Prasad Mookerjee Port) incl. Haldia Dock Complex,578.25,ICD Amingaon,257.91,Moreh ICP,75.98,Lokpriya Gopinath Bordoloi International Airport (GAU),260.04,MMLP Silchar,89.61,Lakhipur Terminal,67.02,FCI Depot Imphal,35.27,CACHAR Toll Plaza,95.57
Loibol Khullen,NONEY,659.0,13016329544,village,37,5.97,Belghoria Expressway,577.13,JIRIBAM,58.82,Khongsang,24.96,Kolkata Port (Syama Prasad Mookerjee Port) incl. Haldia Dock Complex,588.35,ICD Amingaon,254.88,Moreh ICP,78.2,Lokpriya Gopinath Bordoloi International Airport (GAU),257.62,MMLP Silchar,93.28,Lakhipur Terminal,70.94,FCI Depot Imphal,24.03,CACHAR Toll Plaza,97.66
Joupi,NONEY,659.0,13016467510,village,2,5.87,Belghoria Expressway,573.2,JIRIBAM,60.01,Khongsang,29.68,Kolkata Port (Syama Prasad Mookerjee Port) incl. Haldia Dock Complex,584.32,ICD Amingaon,260.13,Moreh ICP,73.06,Lokpriya Gopinath Bordoloi International Airport (GAU),262.52,MMLP Silchar,94.17,Lakhipur Terminal,71.6,FCI Depot Imphal,29.25,CACHAR Toll Plaza,99.62
Gangluan,NONEY,659.0,13016467511,village,37,15.57,Belghoria Expressway,562.95,JIRIBAM,49.04,Khongsang,22.21,Kolkata Port (Syama Prasad Mookerjee Port) incl. Haldia Dock Complex,574.13,ICD Amingaon,251.17,Moreh ICP,82.84,Lokpriya Gopinath Bordoloi International Airport (GAU),253.25,MMLP Silchar,83.04,Lakhipur Terminal,60.45,FCI Depot Imphal,38.38,CACHAR Toll Plaza,88.8
Gangluan II,NONEY,659.0,13016467512,village,37,16.39,Belghoria Expressway,562.29,JIRIBAM,48.86,Khongsang,22.64,Kolkata Port (Syama Prasad Mookerjee Port) incl. Haldia Dock Complex,573.47,ICD Amingaon,251.31,Moreh ICP,82.85,Lokpriya Gopinath Bordoloi International Airport (GAU),253.35,MMLP Silchar,82.78,Lakhipur Terminal,60.2,FCI Depot Imphal,39.09,CACHAR Toll Plaza,88.65
Charoipandongba Kabui,TAMENGLONG,273.0,13016467660,village,37,0.09,Belghoria Expressway,575.35,JIRIBAM,53.77,Khongsang,18.31,Kolkata Port (Syama Prasad Mookerjee Port) incl. Haldia Dock Complex,586.66,ICD Amingaon,247.25,Moreh ICP,85.96,Lokpriya Gopinath Bordoloi International Airport (GAU),250.11,MMLP Silchar,88.13,Lakhipur Terminal,66.11,FCI Depot Imphal,26.92,CACHAR Toll Plaza,91.78
Kharam Pallen,TAMENGLONG,273.0,13016467661,village,37,1.19,Belghoria Expressway,580.44,JIRIBAM,58.35,Khongsang,22.39,Kolkata Port (Syama Prasad Mookerjee Port) incl. Haldia Dock Complex,591.76,ICD Amingaon,249.49,Moreh ICP,84.27,Lokpriya Gopinath Bordoloi International Airport (GAU),252.56,MMLP Silchar,92.6,Lakhipur Terminal,70.74,FCI Depot Imphal,22.22,CACHAR Toll Plaza,95.89
Khunkhu Naga,KANGPOKPI,679.0,13016467735,village,2,3.24,Belghoria Expressway,599.65,DAOTUHAJA,74.01,Khongsang,38.69,Kolkata Port (Syama Prasad Mookerjee Port) incl. Haldia Dock Complex,611.08,ICD Amingaon,251.56,Moreh ICP,89.03,Lokpriya Gopinath Bordoloi International Airport (GAU),255.63,MMLP Silchar,107.31,Lakhipur Terminal,86.73,FCI Depot Imphal,18.08,CACHAR Toll Plaza,108.58
Molhoi,KANGPOKPI,679.0,13016467742,village,2,5.38,Belghoria Expressway,597.33,JIRIBAM,71.99,Khongsang,36.36,Kolkata Port (Syama Prasad Mookerjee Port) incl. Haldia Dock Complex,608.77,ICD Amingaon,249.88,Moreh ICP,89.79,Lokpriya Gopinath Bordoloi International Airport (GAU),253.87,MMLP Silchar,104.95,Lakhipur Terminal,84.37,FCI Depot Imphal,18.85,CACHAR Toll Plaza,106.27
Samuk,TAMENGLONG,273.0,13016560988,village,37,12.5,Belghoria Expressway,589.33,JIRIBAM,64.05,Khongsang,28.35,Kolkata Port (Syama Prasad Mookerjee Port) incl. Haldia Dock Complex,600.77,ICD Amingaon,245.23,Moreh ICP,91.57,Lokpriya Gopinath Bordoloi International Airport (GAU),248.93,MMLP Silchar,97.2,Lakhipur Terminal,76.45,FCI Depot Imphal,22.1,CACHAR Toll Plaza,98.82
New Makhan,KANGPOKPI,679.0,13019460483,village,2,2.55,Belghoria Expressway,600.46,DAOTUHAJA,74.62,Khongsang,39.51,Kolkata Port (Syama Prasad Mookerjee Port) incl. Haldia Dock Complex,611.89,ICD Amingaon,252.07,Moreh ICP,88.88,Lokpriya Gopinath Bordoloi International Airport (GAU),256.17,MMLP Silchar,108.11,Lakhipur Terminal,87.54,FCI Depot Imphal,17.99,CACHAR Toll Plaza,109.36
Kanglatombi Tsipari,IMPHAL WEST,277.0,13019460493,village,2,1.36,Belghoria Expressway,601.96,DAOTUHAJA,75.64,Khongsang,41.01,Kolkata Port (Syama Prasad Mookerjee Port) incl. Haldia Dock Complex,613.39,ICD Amingaon,252.89,Moreh ICP,88.76,Lokpriya Gopinath Bordoloi International Airport (GAU),257.05,MMLP Silchar,109.54,Lakhipur Terminal,89.01,FCI Depot Imphal,18.05,DIMA HASAO Toll Plaza,110.24
Gamgiphai,KANGPOKPI,679.0,13019460494,village,2,0.06,Belghoria Expressway,604.17,DAOTUHAJA,76.73,Khongsang,43.18,Kolkata Port (Syama Prasad Mookerjee Port) incl. Haldia Dock Complex,615.6,ICD Amingaon,253.58,Moreh ICP,89.29,Lokpriya Gopinath Bordoloi International Airport (GAU),257.84,MMLP Silchar,111.47,Lakhipur Terminal,91.06,FCI Depot Imphal,19.0,DIMA HASAO Toll Plaza,110.26
Khengjang,KANGPOKPI,679.0,13019470521,village,2,0.82,Belghoria Expressway,603.85,DAOTUHAJA,75.97,Khongsang,42.86,Kolkata Port (Syama Prasad Mookerjee Port) incl. Haldia Dock Complex,615.3,ICD Amingaon,252.77,Moreh ICP,90.08,Lokpriya Gopinath Bordoloi International Airport (GAU),257.03,MMLP Silchar,110.97,Lakhipur Terminal,90.62,FCI Depot Imphal,19.71,DIMA HASAO Toll Plaza,109.42
Daili,KANGPOKPI,679.0,13019762692,village,2,0.1,Belghoria Expressway,617.43,WADRENGDISA,78.96,Khongsang,57.38,Kolkata Port (Syama Prasad Mookerjee Port) incl. Haldia Dock Complex,629.0,ICD Amingaon,251.89,Moreh ICP,101.47,Lokpriya Gopinath Bordoloi International Airport (GAU),256.93,MMLP Silchar,121.91,Lakhipur Terminal,102.93,FCI Depot Imphal,34.9,DIMA HASAO Toll Plaza,104.27
Upper Kalapahar,KANGPOKPI,679.0,13019792521,village,2,0.07,Belghoria Expressway,616.53,WADRENGDISA,79.03,Khongsang,56.27,Kolkata Port (Syama Prasad Mookerjee Port) incl. Haldia Dock Complex,628.08,ICD Amingaon,252.42,Moreh ICP,100.01,Lokpriya Gopinath Bordoloi International Airport (GAU),257.4,MMLP Silchar,121.25,Lakhipur Terminal,102.11,FCI Depot Imphal,33.26,DIMA HASAO Toll Plaza,105.11
Lower Kalapahar,KANGPOKPI,679.0,13019792522,village,2,0.05,Belghoria Expressway,615.5,WADRENGDISA,78.65,Khongsang,55.14,Kolkata Port (Syama Prasad Mookerjee Port) incl. Haldia Dock Complex,627.04,ICD Amingaon,252.4,Moreh ICP,99.17,Lokpriya Gopinath Bordoloi International Airport (GAU),257.32,MMLP Silchar,120.37,Lakhipur Terminal,101.14,FCI Depot Imphal,32.1,DIMA HASAO Toll Plaza,105.35
Tuipiphai,PHERZAWL,718.0,13026728853,village,2,2.32,Belghoria Expressway,529.09,JIRIBAM,50.15,Khongsang,51.39,Kolkata Port (Syama Prasad Mookerjee Port) incl. Haldia Dock Complex,540.02,ICD Amingaon,255.15,Moreh ICP,96.66,Lokpriya Gopinath Bordoloi International Airport (GAU),255.36,MMLP Silchar,74.32,Lakhipur Terminal,55.23,FCI Depot Silchar,74.32,CACHAR Toll Plaza,84.47
Boungjang,TAMENGLONG,273.0,13026892830,village,37,0.08,Belghoria Expressway,581.06,JIRIBAM,60.07,Khongsang,24.49,Kolkata Port (Syama Prasad Mookerjee Port) incl. Haldia Dock Complex,592.35,ICD Amingaon,252.38,Moreh ICP,81.26,Lokpriya Gopinath Bordoloi International Airport (GAU),255.41,MMLP Silchar,94.42,Lakhipur Terminal,72.4,FCI Depot Imphal,20.71,CACHAR Toll Plaza,98.01
S. Laijang,KANGPOKPI,679.0,13026892832,village,37,0.02,Belghoria Expressway,584.61,JIRIBAM,63.23,Khongsang,27.35,Kolkata Port (Syama Prasad Mookerjee Port) incl. Haldia Dock Complex,595.89,ICD Amingaon,253.95,Moreh ICP,80.26,Lokpriya Gopinath Bordoloi International Airport (GAU),257.12,MMLP Silchar,97.51,Lakhipur Terminal,75.6,FCI Depot Imphal,17.38,CACHAR Toll Plaza,100.86
L. Hengjol,KANGPOKPI,679.0,13026892850,village,37,0.09,Belghoria Expressway,584.48,JIRIBAM,62.87,Khongsang,26.92,Kolkata Port (Syama Prasad Mookerjee Port) incl. Haldia Dock Complex,595.78,ICD Amingaon,253.32,Moreh ICP,80.92,Lokpriya Gopinath Bordoloi International Airport (GAU),256.51,MMLP Silchar,97.13,Lakhipur Terminal,75.25,FCI Depot Imphal,17.71,CACHAR Toll Plaza,100.41
Pholjang,KANGPOKPI,679.0,13026892851,village,37,0.1,Belghoria Expressway,584.81,JIRIBAM,63.95,Khongsang,28.24,Kolkata Port (Syama Prasad Mookerjee Port) incl. Haldia Dock Complex,596.09,ICD Amingaon,255.25,Moreh ICP,78.88,Lokpriya Gopinath Bordoloi International Airport (GAU),258.39,MMLP Silchar,98.28,Lakhipur Terminal,76.29,FCI Depot Imphal,16.8,CACHAR Toll Plaza,101.77
Saichang,PHERZAWL,718.0,13027256508,village,2,7.43,Belghoria Expressway,533.35,JIRIBAM,46.63,Khongsang,45.51,Kolkata Port (Syama Prasad Mookerjee Port) incl. Haldia Dock Complex,544.35,ICD Amingaon,252.71,Moreh ICP,95.02,Lokpriya Gopinath Bordoloi International Airport (GAU),253.19,MMLP Silchar,72.93,Lakhipur Terminal,52.83,FCI Depot Imphal,70.34,CACHAR Toll Plaza,82.51
Siangai Namdai,BISHNUPUR,275.0,13027256511,village,2,0.47,Belghoria Expressway,578.26,JIRIBAM,65.38,Khongsang,34.05,Kolkata Port (Syama Prasad Mookerjee Port) incl. Haldia Dock Complex,589.36,ICD Amingaon,264.51,Moreh ICP,68.51,Lokpriya Gopinath Bordoloi International Airport (GAU),267.05,MMLP Silchar,99.61,Lakhipur Terminal,77.05,FCI Depot Imphal,25.35,CACHAR Toll Plaza,104.92
Nungsai Chiru,BISHNUPUR,275.0,13027256538,village,2,0.55,Belghoria Expressway,577.73,JIRIBAM,65.4,Khongsang,34.42,Kolkata Port (Syama Prasad Mookerjee Port) incl. Haldia Dock Complex,588.82,ICD Amingaon,264.91,Moreh ICP,68.14,Lokpriya Gopinath Bordoloi International Airport (GAU),267.41,MMLP Silchar,99.58,Lakhipur Terminal,77.01,FCI Depot Imphal,26.16,CACHAR Toll Plaza,104.99
Majuron Kabui,CHURACHANDPUR,274.0,13027263543,village,2,3.4,Belghoria Expressway,573.4,JIRIBAM,64.14,Khongsang,35.56,Kolkata Port (Syama Prasad Mookerjee Port) incl. Haldia Dock Complex,584.45,ICD Amingaon,265.78,Moreh ICP,67.76,Lokpriya Gopinath Bordoloi International Airport (GAU),268.03,MMLP Silchar,97.95,Lakhipur Terminal,75.37,FCI Depot Imphal,31.59,CACHAR Toll Plaza,103.95
Kukimun,CHURACHANDPUR,274.0,13027263544,village,2,8.18,Belghoria Expressway,568.77,JIRIBAM,59.75,Khongsang,32.73,Kolkata Port (Syama Prasad Mookerjee Port) incl. Haldia Dock Complex,579.83,ICD Amingaon,262.35,Moreh ICP,71.71,Lokpriya Gopinath Bordoloi International Airport (GAU),264.45,MMLP Silchar,93.39,Lakhipur Terminal,70.83,FCI Depot Imphal,35.12,CACHAR Toll Plaza,99.6
Nahlon,CHURACHANDPUR,274.0,13027263617,village,2,7.2,Belghoria Expressway,567.08,JIRIBAM,62.24,Khongsang,37.42,Kolkata Port (Syama Prasad Mookerjee Port) incl. Haldia Dock Complex,578.08,ICD Amingaon,266.18,Moreh ICP,68.88,Lokpriya Gopinath Bordoloi International Airport (GAU),268.1,MMLP Silchar,95.31,Lakhipur Terminal,72.86,FCI Depot Imphal,38.97,CACHAR Toll Plaza,102.07
K. Geljang,CHURACHANDPUR,274.0,13028137608,village,2,4.87,Belghoria Expressway,569.37,JIRIBAM,64.27,Khongsang,38.54,Kolkata Port (Syama Prasad Mookerjee Port) incl. Haldia Dock Complex,580.36,ICD Amingaon,267.8,Moreh ICP,66.87,Lokpriya Gopinath Bordoloi International Airport (GAU),269.79,MMLP Silchar,97.48,Lakhipur Terminal,74.99,FCI Depot Imphal,37.35,CACHAR Toll Plaza,104.12
Puandaijang,NONEY,659.0,13030215428,village,37,3.81,Belghoria Expressway,574.0,JIRIBAM,54.53,Khongsang,20.48,Kolkata Port (Syama Prasad Mookerjee Port) incl. Haldia Dock Complex,585.26,ICD Amingaon,250.54,Moreh ICP,82.49,Lokpriya Gopinath Bordoloi International Airport (GAU),253.23,MMLP Silchar,88.99,Lakhipur Terminal,66.71,FCI Depot Imphal,27.32,CACHAR Toll Plaza,93.24
Keirap Khuntak,BISHNUPUR,275.0,13030215483,village,2,2.93,Belghoria Expressway,573.51,JIRIBAM,64.91,Khongsang,36.57,Kolkata Port (Syama Prasad Mookerjee Port) incl. Haldia Dock Complex,584.54,ICD Amingaon,266.75,Moreh ICP,66.86,Lokpriya Gopinath Bordoloi International Airport (GAU),268.98,MMLP Silchar,98.65,Lakhipur Terminal,76.08,FCI Depot Imphal,32.03,CACHAR Toll Plaza,104.73
Tokpa Kabui,CHURACHANDPUR,274.0,13030215484,village,2,3.17,Belghoria Expressway,573.36,JIRIBAM,64.63,Khongsang,36.27,Kolkata Port (Syama Prasad Mookerjee Port) incl. Haldia Dock Complex,584.4,ICD Amingaon,266.44,Moreh ICP,67.16,Lokpriya Gopinath Bordoloi International Airport (GAU),268.68,MMLP Silchar,98.38,Lakhipur Terminal,75.81,FCI Depot Imphal,32.01,CACHAR Toll Plaza,104.45
Kha Aimol,CHURACHANDPUR,274.0,13030215538,village,2,3.87,Belghoria Expressway,572.9,JIRIBAM,63.86,Khongsang,35.51,Kolkata Port (Syama Prasad Mookerjee Port) incl. Haldia Dock Complex,583.94,ICD Amingaon,265.67,Moreh ICP,67.94,Lokpriya Gopinath Bordoloi International Airport (GAU),267.9,MMLP Silchar,97.63,Lakhipur Terminal,75.06,FCI Depot Imphal,32.1,CACHAR Toll Plaza,103.68
Sadu Khoiroi,BISHNUPUR,275.0,13030215540,village,2,2.93,Belghoria Expressway,572.95,JIRIBAM,65.26,Khongsang,37.44,Kolkata Port (Syama Prasad Mookerjee Port) incl. Haldia Dock Complex,583.96,ICD Amingaon,267.49,Moreh ICP,66.29,Lokpriya Gopinath Bordoloi International Airport (GAU),269.68,MMLP Silchar,98.89,Lakhipur Terminal,76.34,FCI Depot Imphal,33.11,CACHAR Toll Plaza,105.1
Kokodan Dahlon,CHURACHANDPUR,274.0,13030215671,village,2,3.29,Belghoria Expressway,573.45,JIRIBAM,64.4,Khongsang,35.88,Kolkata Port (Syama Prasad Mookerjee Port) incl. Haldia Dock Complex,584.49,ICD Amingaon,266.09,Moreh ICP,67.46,Lokpriya Gopinath Bordoloi International Airport (GAU),268.34,MMLP Silchar,98.19,Lakhipur Terminal,75.61,FCI Depot Imphal,31.72,CACHAR Toll Plaza,104.21
Kokodan Khullen,CHURACHANDPUR,274.0,13030215672,village,2,3.06,Belghoria Expressway,573.75,JIRIBAM,64.4,Khongsang,35.68,Kolkata Port (Syama Prasad Mookerjee Port) incl. Haldia Dock Complex,584.79,ICD Amingaon,265.94,Moreh ICP,67.56,Lokpriya Gopinath Bordoloi International Airport (GAU),268.21,MMLP Silchar,98.23,Lakhipur Terminal,75.65,FCI Depot Imphal,31.28,CACHAR Toll Plaza,104.2
Langjingmanbi,CHURACHANDPUR,274.0,13030215704,village,2,3.13,Belghoria Expressway,570.45,JIRIBAM,66.28,Khongsang,40.51,Kolkata Port (Syama Prasad Mookerjee Port) incl. Haldia Dock Complex,581.42,ICD Amingaon,269.85,Moreh ICP,64.85,Lokpriya Gopinath Bordoloi International Airport (GAU),271.85,MMLP Silchar,99.42,Lakhipur Terminal,76.96,FCI Depot Imphal,37.43,CACHAR Toll Plaza,106.12
Heichanglok,CHURACHANDPUR,274.0,13030215714,village,2,2.87,Belghoria Expressway,570.48,JIRIBAM,66.68,Khongsang,41.04,Kolkata Port (Syama Prasad Mookerjee Port) incl. Haldia Dock Complex,581.43,ICD Amingaon,270.34,Moreh ICP,64.44,Lokpriya Gopinath Bordoloi International Airport (GAU),272.33,MMLP Silchar,99.78,Lakhipur Terminal,77.33,FCI Depot Imphal,37.74,CACHAR Toll Plaza,106.52
Loilamkot,CHURACHANDPUR,274.0,13030437406,village,2,5.62,Belghoria Expressway,567.42,JIRIBAM,65.48,Khongsang,41.48,Kolkata Port (Syama Prasad Mookerjee Port) incl. Haldia Dock Complex,578.36,ICD Amingaon,269.94,Moreh ICP,65.75,Lokpriya Gopinath Bordoloi International Airport (GAU),271.79,MMLP Silchar,98.2,Lakhipur Terminal,75.84,FCI Depot Imphal,40.9,CACHAR Toll Plaza,105.24
S. Lonphai,CHURACHANDPUR,274.0,13030520978,village,2,3.66,Belghoria Expressway,569.65,JIRIBAM,66.05,Khongsang,40.74,Kolkata Port (Syama Prasad Mookerjee Port) incl. Haldia Dock Complex,580.6,ICD Amingaon,269.87,Moreh ICP,65.07,Lokpriya Gopinath Bordoloi International Airport (GAU),271.83,MMLP Silchar,99.09,Lakhipur Terminal,76.65,FCI Depot Imphal,38.36,CACHAR Toll Plaza,105.88
New Ningthiching,CHURACHANDPUR,274.0,13030520979,village,2,4.15,Belghoria Expressway,568.9,JIRIBAM,66.39,Khongsang,41.7,Kolkata Port (Syama Prasad Mookerjee Port) incl. Haldia Dock Complex,579.84,ICD Amingaon,270.55,Moreh ICP,64.76,Lokpriya Gopinath Bordoloi International Airport (GAU),272.45,MMLP Silchar,99.27,Lakhipur Terminal,76.87,FCI Depot Imphal,39.65,CACHAR Toll Plaza,106.19
Ningthiching,CHURACHANDPUR,274.0,13030520980,village,2,4.4,Belghoria Expressway,568.63,JIRIBAM,66.37,Khongsang,41.85,Kolkata Port (Syama Prasad Mookerjee Port) incl. Haldia Dock Complex,579.57,ICD Amingaon,270.61,Moreh ICP,64.79,Lokpriya Gopinath Bordoloi International Airport (GAU),272.5,MMLP Silchar,99.2,Lakhipur Terminal,76.81,FCI Depot Imphal,39.99,CACHAR Toll Plaza,106.16
Siangai Namkao,BISHNUPUR,275.0,13030521009,village,2,1.28,Belghoria Expressway,576.73,JIRIBAM,64.62,Khongsang,33.95,Kolkata Port (Syama Prasad Mookerjee Port) incl. Haldia Dock Complex,587.82,ICD Amingaon,264.45,Moreh ICP,68.64,Lokpriya Gopinath Bordoloi International Airport (GAU),266.91,MMLP Silchar,98.76,Lakhipur Terminal,76.19,FCI Depot Imphal,27.07,CACHAR Toll Plaza,104.24
Purum Khullen,CHANDEL,280.0,13036810537,village,102C,5.89,Belghoria Expressway,587.87,JIRIBAM,91.49,Khongsang,63.97,Kolkata Port (Syama Prasad Mookerjee Port) incl. Haldia Dock Complex,598.59,ICD Amingaon,294.31,Moreh ICP,39.63,Lokpriya Gopinath Bordoloi International Airport (GAU),296.55,MMLP Silchar,124.44,Lakhipur Terminal,102.05,FCI Depot Imphal,42.59,CACHAR Toll Plaza,131.32
Khomunnom,CHURACHANDPUR,274.0,13058761558,village,102B,0.92,Belghoria Expressway,544.94,JIRIBAM,85.72,Khongsang,76.57,Kolkata Port (Syama Prasad Mookerjee Port) incl. Haldia Dock Complex,555.4,ICD Amingaon,291.72,Moreh ICP,71.65,Lokpriya Gopinath Bordoloi International Airport (GAU),292.0,MMLP Silchar,110.88,Lakhipur Terminal,91.76,FCI Depot Imphal,81.21,CACHAR Toll Plaza,121.11
Gamhui,PHERZAWL,718.0,13062000961,village,2,4.55,Belghoria Expressway,520.37,JIRIBAM,50.07,Khongsang,57.0,Kolkata Port (Syama Prasad Mookerjee Port) incl. Haldia Dock Complex,531.31,ICD Amingaon,252.34,Sutarkandi ICP,91.45,Lokpriya Gopinath Bordoloi International Airport (GAU),252.15,MMLP Silchar,70.56,Lakhipur Terminal,53.21,FCI Depot Silchar,70.56,CACHAR Toll Plaza,81.4
Galkapkot,PHERZAWL,718.0,13062001083,village,2,2.31,Belghoria Expressway,522.21,JIRIBAM,51.25,Khongsang,56.72,Kolkata Port (Syama Prasad Mookerjee Port) incl. Haldia Dock Complex,533.13,ICD Amingaon,254.13,Sutarkandi ICP,93.65,Lokpriya Gopinath Bordoloi International Airport (GAU),254.01,MMLP Silchar,72.46,Lakhipur Terminal,54.79,FCI Depot Silchar,72.46,CACHAR Toll Plaza,83.2
Tieulien,PHERZAWL,718.0,13063802231,village,306A,12.26,Belghoria Expressway,502.86,JIRIBAM,41.63,Khongsang,62.98,Kolkata Port (Syama Prasad Mookerjee Port) incl. Haldia Dock Complex,514.01,ICD Amingaon,233.61,Sutarkandi ICP,68.91,Lokpriya Gopinath Bordoloi International Airport (GAU),232.79,MMLP Silchar,51.72,Lakhipur Terminal,39.38,FCI Depot Silchar,51.72,CACHAR Toll Plaza,63.6
Jeisuo,PHERZAWL,718.0,13063813652,village,306A,17.86,Belghoria Expressway,505.53,JIRIBAM,33.82,Khongsang,57.79,Kolkata Port (Syama Prasad Mookerjee Port) incl. Haldia Dock Complex,516.78,ICD Amingaon,226.77,Sutarkandi ICP,65.12,Lokpriya Gopinath Bordoloi International Airport (GAU),226.2,MMLP Silchar,44.69,Lakhipur Terminal,31.29,FCI Depot Silchar,44.69,CACHAR Toll Plaza,56.27
Moinador,PHERZAWL,718.0,13063813653,village,306,22.39,Belghoria Expressway,510.36,JIRIBAM,27.67,Khongsang,52.04,Kolkata Port (Syama Prasad Mookerjee Port) incl. Haldia Dock Complex,521.66,ICD Amingaon,223.97,Sutarkandi ICP,65.99,Lokpriya Gopinath Bordoloi International Airport (GAU),223.72,MMLP Silchar,42.12,Lakhipur Terminal,26.29,FCI Depot Silchar,42.12,CACHAR Toll Plaza,53.08
Thingkaldor,PHERZAWL,718.0,13063883935,village,306A,13.29,Belghoria Expressway,503.34,JIRIBAM,39.76,Khongsang,61.79,Kolkata Port (Syama Prasad Mookerjee Port) incl. Haldia Dock Complex,514.51,ICD Amingaon,231.85,Sutarkandi ICP,67.78,Lokpriya Gopinath Bordoloi International Airport (GAU),231.08,MMLP Silchar,49.9,Lakhipur Terminal,37.4,FCI Depot Silchar,49.9,CACHAR Toll Plaza,61.73
Thingpuikuol,PHERZAWL,718.0,13063883936,village,306A,9.42,Belghoria Expressway,500.35,JIRIBAM,44.92,Khongsang,66.21,Kolkata Port (Syama Prasad Mookerjee Port) incl. Haldia Dock Complex,511.46,ICD Amingaon,235.26,Sutarkandi ICP,69.1,Lokpriya Gopinath Bordoloi International Airport (GAU),234.29,MMLP Silchar,53.66,Lakhipur Terminal,42.28,FCI Depot Silchar,53.66,CACHAR Toll Plaza,65.71
Sangaithel,IMPHAL WEST,277.0,13136702827,village,37,2.31,Belghoria Expressway,587.41,JIRIBAM,66.19,Khongsang,30.27,Kolkata Port (Syama Prasad Mookerjee Port) incl. Haldia Dock Complex,598.69,ICD Amingaon,256.23,Moreh ICP,78.44,Lokpriya Gopinath Bordoloi International Airport (GAU),259.49,MMLP Silchar,100.47,Lakhipur Terminal,78.56,FCI Depot Imphal,14.41,CACHAR Toll Plaza,103.76
Khumbong,IMPHAL WEST,277.0,13136758143,village,37,0.8,Belghoria Expressway,589.18,JIRIBAM,70.04,Khongsang,34.73,Kolkata Port (Syama Prasad Mookerjee Port) incl. Haldia Dock Complex,600.39,ICD Amingaon,261.94,Moreh ICP,72.55,Lokpriya Gopinath Bordoloi International Airport (GAU),265.12,MMLP Silchar,104.46,Lakhipur Terminal,82.31,FCI Depot Imphal,12.05,CACHAR Toll Plaza,108.22
Saheibung,KANGPOKPI,679.0,13136917468,village,37,2.8,Belghoria Expressway,587.34,JIRIBAM,65.38,Khongsang,29.28,Kolkata Port (Syama Prasad Mookerjee Port) incl. Haldia Dock Complex,598.64,ICD Amingaon,254.45,Moreh ICP,80.41,Lokpriya Gopinath Bordoloi International Airport (GAU),257.76,MMLP Silchar,99.57,Lakhipur Terminal,77.79,FCI Depot Imphal,15.23,CACHAR Toll Plaza,102.65
Kharang Koireng,IMPHAL WEST,277.0,13136917472,village,37,7.03,Belghoria Expressway,591.18,JIRIBAM,68.41,Khongsang,32.14,Kolkata Port (Syama Prasad Mookerjee Port) incl. Haldia Dock Complex,602.5,ICD Amingaon,254.93,Moreh ICP,81.12,Lokpriya Gopinath Bordoloi International Airport (GAU),258.43,MMLP Silchar,102.42,Lakhipur Terminal,80.85,FCI Depot Imphal,12.97,CACHAR Toll Plaza,105.1
L. Jangnomphai,KANGPOKPI,679.0,13136917473,village,37,3.82,Belghoria Expressway,588.36,JIRIBAM,66.28,Khongsang,30.14,Kolkata Port (Syama Prasad Mookerjee Port) incl. Haldia Dock Complex,599.66,ICD Amingaon,254.84,Moreh ICP,80.27,Lokpriya Gopinath Bordoloi International Airport (GAU),258.19,MMLP Silchar,100.44,Lakhipur Terminal,78.69,FCI Depot Imphal,14.4,CACHAR Toll Plaza,103.45
New Boljang,KANGPOKPI,679.0,13136917476,village,37,3.35,Belghoria Expressway,587.49,JIRIBAM,65.15,Khongsang,28.96,Kolkata Port (Syama Prasad Mookerjee Port) incl. Haldia Dock Complex,598.8,ICD Amingaon,253.59,Moreh ICP,81.42,Lokpriya Gopinath Bordoloi International Airport (GAU),256.93,MMLP Silchar,99.28,Lakhipur Terminal,77.57,FCI Depot Imphal,15.6,CACHAR Toll Plaza,102.23
Kangchup Songlung,KANGPOKPI,679.0,13151850439,village,37,7.22,Belghoria Expressway,590.86,JIRIBAM,67.7,Khongsang,31.41,Kolkata Port (Syama Prasad Mookerjee Port) incl. Haldia Dock Complex,602.19,ICD Amingaon,253.63,Moreh ICP,82.49,Lokpriya Gopinath Bordoloi International Airport (GAU),257.15,MMLP Silchar,101.63,Lakhipur Terminal,80.15,FCI Depot Imphal,14.1,CACHAR Toll Plaza,104.19
Langdeibung,KANGPOKPI,679.0,13151850441,village,37,7.14,Belghoria Expressway,591.06,JIRIBAM,68.12,Khongsang,31.83,Kolkata Port (Syama Prasad Mookerjee Port) incl. Haldia Dock Complex,602.39,ICD Amingaon,254.37,Moreh ICP,81.72,Lokpriya Gopinath Bordoloi International Airport (GAU),257.88,MMLP Silchar,102.09,Lakhipur Terminal,80.56,FCI Depot Imphal,13.44,CACHAR Toll Plaza,104.72
Kangchup Patjang,KANGPOKPI,679.0,13151850500,village,37,7.32,Belghoria Expressway,591.1,JIRIBAM,68.03,Khongsang,31.74,Kolkata Port (Syama Prasad Mookerjee Port) incl. Haldia Dock Complex,602.43,ICD Amingaon,254.03,Moreh ICP,82.12,Lokpriya Gopinath Bordoloi International Airport (GAU),257.56,MMLP Silchar,101.97,Lakhipur Terminal,80.47,FCI Depot Imphal,13.7,CACHAR Toll Plaza,104.55
Kangchup,KANGPOKPI,679.0,13152185291,village,37,7.39,Belghoria Expressway,591.26,JIRIBAM,68.25,Khongsang,31.96,Kolkata Port (Syama Prasad Mookerjee Port) incl. Haldia Dock Complex,602.59,ICD Amingaon,254.33,Moreh ICP,81.84,Lokpriya Gopinath Bordoloi International Airport (GAU),257.85,MMLP Silchar,102.21,Lakhipur Terminal,80.7,FCI Depot Imphal,13.42,CACHAR Toll Plaza,104.81
D. Vaison,CHURACHANDPUR,274.0,13175815989,village,2,1.62,Belghoria Expressway,562.57,JIRIBAM,70.5,Khongsang,50.82,Kolkata Port (Syama Prasad Mookerjee Port) incl. Haldia Dock Complex,573.38,ICD Amingaon,276.68,Moreh ICP,63.21,Lokpriya Gopinath Bordoloi International Airport (GAU),278.12,MMLP Silchar,101.62,Lakhipur Terminal,79.8,FCI Depot Imphal,51.01,CACHAR Toll Plaza,109.67
Unnamed Hamlet,CHURACHANDPUR,274.0,13175834526,village,2,2.11,Belghoria Expressway,564.24,JIRIBAM,69.2,Khongsang,48.23,Kolkata Port (Syama Prasad Mookerjee Port) incl. Haldia Dock Complex,575.09,ICD Amingaon,274.98,Moreh ICP,63.42,Lokpriya Gopinath Bordoloi International Airport (GAU),276.54,MMLP Silchar,100.84,Lakhipur Terminal,78.83,FCI Depot Imphal,47.93,CACHAR Toll Plaza,108.6
Gamnom,CHURACHANDPUR,274.0,13175845253,village,2,2.46,Belghoria Expressway,562.42,JIRIBAM,69.58,Khongsang,49.79,Kolkata Port (Syama Prasad Mookerjee Port) incl. Haldia Dock Complex,573.24,ICD Amingaon,275.71,Moreh ICP,63.9,Lokpriya Gopinath Bordoloi International Airport (GAU),277.16,MMLP Silchar,100.79,Lakhipur Terminal,78.93,FCI Depot Imphal,50.44,CACHAR Toll Plaza,108.78
Tarung,IMPHAL WEST,277.0,13185815338,village,2,1.02,Belghoria Expressway,601.5,JIRIBAM,80.15,Khongsang,43.97,Kolkata Port (Syama Prasad Mookerjee Port) incl. Haldia Dock Complex,612.75,ICD Amingaon,265.72,Moreh ICP,73.07,Lokpriya Gopinath Bordoloi International Airport (GAU),269.44,MMLP Silchar,114.28,Lakhipur Terminal,92.57,FCI Depot Imphal,2.2,CACHAR Toll Plaza,117.1
Lamlongei,IMPHAL EAST,278.0,13185815339,village,2,0.69,Belghoria Expressway,601.73,JIRIBAM,79.77,Khongsang,43.52,Kolkata Port (Syama Prasad Mookerjee Port) incl. Haldia Dock Complex,613.0,ICD Amingaon,264.32,Moreh ICP,74.86,Lokpriya Gopinath Bordoloi International Airport (GAU),268.1,MMLP Silchar,113.81,Lakhipur Terminal,92.2,FCI Depot Imphal,4.06,CACHAR Toll Plaza,116.43
Chanbirok,KANGPOKPI,679.0,13186365554,village,2,2.71,Belghoria Expressway,604.06,JIRIBAM,79.44,Khongsang,43.44,Kolkata Port (Syama Prasad Mookerjee Port) incl. Haldia Dock Complex,615.45,ICD Amingaon,257.4,Moreh ICP,84.58,Lokpriya Gopinath Bordoloi International Airport (GAU),261.52,MMLP Silchar,112.7,Lakhipur Terminal,91.86,FCI Depot Imphal,14.34,CACHAR Toll Plaza,114.23
Khongnangpokpi,KANGPOKPI,679.0,13186365562,village,2,3.01,Belghoria Expressway,604.81,JIRIBAM,80.07,Khongsang,44.12,Kolkata Port (Syama Prasad Mookerjee Port) incl. Haldia Dock Complex,616.2,ICD Amingaon,257.41,Moreh ICP,85.03,Lokpriya Gopinath Bordoloi International Airport (GAU),261.57,MMLP Silchar,113.27,Lakhipur Terminal,92.49,FCI Depot Imphal,15.01,DIMA HASAO Toll Plaza,114.46
Awang Leikinthabi,IMPHAL WEST,277.0,13186365577,village,2,1.48,Belghoria Expressway,602.09,JIRIBAM,77.82,Khongsang,41.69,Kolkata Port (Syama Prasad Mookerjee Port) incl. Haldia Dock Complex,613.46,ICD Amingaon,257.44,Moreh ICP,83.34,Lokpriya Gopinath Bordoloi International Airport (GAU),261.46,MMLP Silchar,111.25,Lakhipur Terminal,90.26,FCI Depot Imphal,12.63,CACHAR Toll Plaza,113.01
Lakhamai,SENAPATI,272.0,13186528647,village,102A,4.27,Belghoria Expressway,659.34,RANGAPAHAR,77.29,Khongsang,100.54,Kolkata Port (Syama Prasad Mookerjee Port) incl. Haldia Dock Complex,671.01,ICD Amingaon,271.87,Moreh ICP,123.23,Lokpriya Gopinath Bordoloi International Airport (GAU),278.47,MMLP Silchar,162.35,Lakhipur Terminal,144.71,FCI Depot Imphal,72.01,DIMA HASAO Toll Plaza,120.66
Ngamju,SENAPATI,272.0,13186528669,village,102A,10.45,Belghoria Expressway,647.66,RANGAPAHAR,79.98,Khongsang,87.85,Kolkata Port (Syama Prasad Mookerjee Port) incl. Haldia Dock Complex,659.26,ICD Amingaon,268.59,Moreh ICP,112.32,Lokpriya Gopinath Bordoloi International Airport (GAU),274.69,MMLP Silchar,151.33,Lakhipur Terminal,133.0,FCI Depot Imphal,58.52,DIMA HASAO Toll Plaza,117.67
C. Phailen,TAMENGLONG,273.0,13186528671,village,37,2.57,Belghoria Expressway,585.84,JIRIBAM,63.12,Khongsang,26.89,Kolkata Port (Syama Prasad Mookerjee Port) incl. Haldia Dock Complex,597.17,ICD Amingaon,251.5,Moreh ICP,83.28,Lokpriya Gopinath Bordoloi International Airport (GAU),254.81,MMLP Silchar,97.2,Lakhipur Terminal,75.55,FCI Depot Imphal,17.75,CACHAR Toll Plaza,100.09
Mapao Khullen,IMPHAL WEST,277.0,13186649016,village,2,4.0,Belghoria Expressway,605.81,DAOTUHAJA,81.06,Khongsang,45.15,Kolkata Port (Syama Prasad Mookerjee Port) incl. Haldia Dock Complex,617.2,ICD Amingaon,258.22,Moreh ICP,84.68,Lokpriya Gopinath Bordoloi International Airport (GAU),262.42,MMLP Silchar,114.31,Lakhipur Terminal,93.53,FCI Depot Imphal,15.02,DIMA HASAO Toll Plaza,115.06
Mapao Thangal,KANGPOKPI,679.0,13186649017,village,2,3.98,Belghoria Expressway,604.96,JIRIBAM,80.54,Khongsang,44.47,Kolkata Port (Syama Prasad Mookerjee Port) incl. Haldia Dock Complex,616.33,ICD Amingaon,258.79,Moreh ICP,83.45,Lokpriya Gopinath Bordoloi International Airport (GAU),262.91,MMLP Silchar,113.88,Lakhipur Terminal,92.97,FCI Depot Imphal,13.53,CACHAR Toll Plaza,115.48
Potshangbam Khunou,IMPHAL EAST,278.0,13186649019,village,2,1.27,Belghoria Expressway,601.71,JIRIBAM,78.15,Khongsang,41.89,Kolkata Port (Syama Prasad Mookerjee Port) incl. Haldia Dock Complex,613.05,ICD Amingaon,259.63,Moreh ICP,80.48,Lokpriya Gopinath Bordoloi International Airport (GAU),263.56,MMLP Silchar,111.83,Lakhipur Terminal,90.6,FCI Depot Imphal,9.7,CACHAR Toll Plaza,113.9
Masemjang,CHURACHANDPUR,274.0,13190865577,village,2,2.71,Belghoria Expressway,566.58,JIRIBAM,68.48,Khongsang,45.87,Kolkata Port (Syama Prasad Mookerjee Port) incl. Haldia Dock Complex,577.46,ICD Amingaon,273.65,Moreh ICP,63.27,Lokpriya Gopinath Bordoloi International Airport (GAU),275.36,MMLP Silchar,100.66,Lakhipur Terminal,78.47,FCI Depot Imphal,44.4,CACHAR Toll Plaza,108.09
P. Geljang,CHURACHANDPUR,274.0,13190865578,village,2,2.02,Belghoria Expressway,567.13,JIRIBAM,69.17,Khongsang,46.41,Kolkata Port (Syama Prasad Mookerjee Port) incl. Haldia Dock Complex,578.0,ICD Amingaon,274.3,Moreh ICP,62.56,Lokpriya Gopinath Bordoloi International Airport (GAU),276.03,MMLP Silchar,101.37,Lakhipur Terminal,79.17,FCI Depot Imphal,44.28,CACHAR Toll Plaza,108.79
Laikamualsau,BISHNUPUR,275.0,13190865592,village,2,1.9,Belghoria Expressway,568.53,JIRIBAM,69.35,Khongsang,45.77,Kolkata Port (Syama Prasad Mookerjee Port) incl. Haldia Dock Complex,579.42,ICD Amingaon,274.14,Moreh ICP,62.1,Lokpriya Gopinath Bordoloi International Airport (GAU),275.94,MMLP Silchar,101.79,Lakhipur Terminal,79.52,FCI Depot Imphal,42.61,CACHAR Toll Plaza,109.05
Leisanbung,CHURACHANDPUR,274.0,13190881001,village,2,2.49,Belghoria Expressway,567.73,JIRIBAM,68.74,Khongsang,45.49,Kolkata Port (Syama Prasad Mookerjee Port) incl. Haldia Dock Complex,578.62,ICD Amingaon,273.65,Moreh ICP,62.78,Lokpriya Gopinath Bordoloi International Airport (GAU),275.42,MMLP Silchar,101.11,Lakhipur Terminal,78.86,FCI Depot Imphal,43.13,CACHAR Toll Plaza,108.41
Phoikon,TAMENGLONG,273.0,13205535698,village,2,20.09,Belghoria Expressway,601.87,WADRENGDISA,58.85,Khongsang,46.64,Kolkata Port (Syama Prasad Mookerjee Port) incl. Haldia Dock Complex,613.57,ICD Amingaon,232.28,Moreh ICP,113.86,Lokpriya Gopinath Bordoloi International Airport (GAU),237.13,MMLP Silchar,104.84,Lakhipur Terminal,87.39,FCI Depot Imphal,43.15,DIMA HASAO Toll Plaza,86.35
Makui Mayangkhang,KANGPOKPI,679.0,13205568424,village,2,16.34,Belghoria Expressway,600.87,WADRENGDISA,61.38,Khongsang,43.39,Kolkata Port (Syama Prasad Mookerjee Port) incl. Haldia Dock Complex,612.51,ICD Amingaon,236.21,Moreh ICP,108.38,Lokpriya Gopinath Bordoloi International Airport (GAU),240.86,MMLP Silchar,104.46,Lakhipur Terminal,86.2,FCI Depot Imphal,37.59,DIMA HASAO Toll Plaza,91.25
Saramjou,KANGPOKPI,679.0,13205568427,village,2,9.97,Belghoria Expressway,604.61,WADRENGDISA,67.65,Khongsang,45.25,Kolkata Port (Syama Prasad Mookerjee Port) incl. Haldia Dock Complex,616.2,ICD Amingaon,242.71,Moreh ICP,102.92,Lokpriya Gopinath Bordoloi International Airport (GAU),247.35,MMLP Silchar,108.96,Lakhipur Terminal,90.04,FCI Depot Imphal,32.57,DIMA HASAO Toll Plaza,97.5
Makui,KANGPOKPI,679.0,13205568428,village,2,12.75,Belghoria Expressway,603.89,WADRENGDISA,65.04,Khongsang,45.48,Kolkata Port (Syama Prasad Mookerjee Port) incl. Haldia Dock Complex,615.5,ICD Amingaon,239.66,Moreh ICP,106.16,Lokpriya Gopinath Bordoloi International Airport (GAU),244.37,MMLP Silchar,107.74,Lakhipur Terminal,89.22,FCI Depot Imphal,35.69,DIMA HASAO Toll Plaza,94.22
Makui Khullen,KANGPOKPI,679.0,13205568429,village,2,15.66,Belghoria Expressway,601.32,WADRENGDISA,62.05,Khongsang,43.61,Kolkata Port (Syama Prasad Mookerjee Port) incl. Haldia Dock Complex,612.95,ICD Amingaon,236.88,Moreh ICP,107.85,Lokpriya Gopinath Bordoloi International Airport (GAU),241.54,MMLP Silchar,104.97,Lakhipur Terminal,86.64,FCI Depot Imphal,37.09,DIMA HASAO Toll Plaza,91.88
Makui Naga,KANGPOKPI,679.0,13205568430,village,2,15.53,Belghoria Expressway,601.16,WADRENGDISA,62.15,Khongsang,43.34,Kolkata Port (Syama Prasad Mookerjee Port) incl. Haldia Dock Complex,612.79,ICD Amingaon,237.08,Moreh ICP,107.5,Lokpriya Gopinath Bordoloi International Airport (GAU),241.72,MMLP Silchar,104.86,Lakhipur Terminal,86.48,FCI Depot Imphal,36.73,DIMA HASAO Toll Plaza,92.16
Lāloi,KANGPOKPI,679.0,13205568431,village,2,12.28,Belghoria Expressway,602.61,WADRENGDISA,65.26,Khongsang,43.69,Kolkata Port (Syama Prasad Mookerjee Port) incl. Haldia Dock Complex,614.21,ICD Amingaon,240.46,Moreh ICP,104.33,Lokpriya Gopinath Bordoloi International Airport (GAU),245.06,MMLP Silchar,106.76,Lakhipur Terminal,87.98,FCI Depot Imphal,33.7,DIMA HASAO Toll Plaza,95.57
Lilong,THOUBAL,276.0,13241541288,village,102,0.14,Belghoria Expressway,597.54,JIRIBAM,81.48,Khongsang,46.72,Kolkata Port (Syama Prasad Mookerjee Port) incl. Haldia Dock Complex,608.65,ICD Amingaon,273.93,Moreh ICP,61.62,Lokpriya Gopinath Bordoloi International Airport (GAU),277.2,MMLP Silchar,115.93,Lakhipur Terminal,93.61,FCI Depot Imphal,10.93,CACHAR Toll Plaza,120.07
Chingkham Kabui,THOUBAL,276.0,13244294048,village,102,0.7,Belghoria Expressway,596.66,JIRIBAM,82.42,Khongsang,48.31,Kolkata Port (Syama Prasad Mookerjee Port) incl. Haldia Dock Complex,607.72,ICD Amingaon,276.47,Moreh ICP,58.39,Lokpriya Gopinath Bordoloi International Airport (GAU),279.63,MMLP Silchar,116.86,Lakhipur Terminal,94.43,FCI Depot Imphal,14.63,CACHAR Toll Plaza,121.35
Heingang,IMPHAL EAST,278.0,13260170826,village,2,0.07,Belghoria Expressway,602.58,JIRIBAM,81.0,Khongsang,44.78,Kolkata Port (Syama Prasad Mookerjee Port) incl. Haldia Dock Complex,613.83,ICD Amingaon,265.9,Moreh ICP,73.43,Lokpriya Gopinath Bordoloi International Airport (GAU),269.68,MMLP Silchar,115.09,Lakhipur Terminal,93.43,FCI Depot Imphal,3.04,CACHAR Toll Plaza,117.81
Taodaijang,NONEY,659.0,13263860989,village,37,9.9,Belghoria Expressway,554.72,JIRIBAM,38.83,Khongsang,17.08,Kolkata Port (Syama Prasad Mookerjee Port) incl. Haldia Dock Complex,565.98,ICD Amingaon,242.1,Moreh ICP,92.69,Lokpriya Gopinath Bordoloi International Airport (GAU),243.95,MMLP Silchar,72.8,Lakhipur Terminal,50.21,FCI Depot Imphal,46.51,CACHAR Toll Plaza,78.64
Khongsang,NONEY,659.0,13264959827,village,137,0.03,Belghoria Expressway,559.27,JIRIBAM,34.9,Khongsang,1.89,Kolkata Port (Syama Prasad Mookerjee Port) incl. Haldia Dock Complex,570.71,ICD Amingaon,230.41,Moreh ICP,102.73,Lokpriya Gopinath Bordoloi International Airport (GAU),232.82,MMLP Silchar,69.06,Lakhipur Terminal,47.34,FCI Depot Imphal,45.75,CACHAR Toll Plaza,72.53
Waphong Inthan,TAMENGLONG,273.0,13274036744,village,37,8.52,Belghoria Expressway,583.75,JIRIBAM,59.15,Khongsang,23.02,Kolkata Port (Syama Prasad Mookerjee Port) incl. Haldia Dock Complex,595.16,ICD Amingaon,244.51,Moreh ICP,90.51,Lokpriya Gopinath Bordoloi International Airport (GAU),247.91,MMLP Silchar,92.74,Lakhipur Terminal,71.59,FCI Depot Imphal,23.62,CACHAR Toll Plaza,94.94
Songlung Kholui,TAMENGLONG,273.0,13274427988,village,37,7.78,Belghoria Expressway,584.68,JIRIBAM,60.27,Khongsang,24.08,Kolkata Port (Syama Prasad Mookerjee Port) incl. Haldia Dock Complex,596.08,ICD Amingaon,245.73,Moreh ICP,89.4,Lokpriya Gopinath Bordoloi International Airport (GAU),249.15,MMLP Silchar,93.92,Lakhipur Terminal,72.71,FCI Depot Imphal,22.34,CACHAR Toll Plaza,96.17
Selvung,CHURACHANDPUR,274.0,13275554639,village,2,9.22,Belghoria Expressway,546.14,JIRIBAM,48.63,Khongsang,37.42,Kolkata Port (Syama Prasad Mookerjee Port) incl. Haldia Dock Complex,557.16,ICD Amingaon,255.48,Moreh ICP,85.73,Lokpriya Gopinath Bordoloi International Airport (GAU),256.56,MMLP Silchar,78.93,Lakhipur Terminal,57.28,FCI Depot Imphal,57.47,CACHAR Toll Plaza,87.23
Lailong-S,CHURACHANDPUR,274.0,13275554640,village,2,11.47,Belghoria Expressway,542.44,JIRIBAM,44.02,Khongsang,35.98,Kolkata Port (Syama Prasad Mookerjee Port) incl. Haldia Dock Complex,553.5,ICD Amingaon,250.93,Moreh ICP,90.72,Lokpriya Gopinath Bordoloi International Airport (GAU),251.92,MMLP Silchar,73.95,Lakhipur Terminal,52.39,FCI Depot Imphal,60.15,CACHAR Toll Plaza,82.36
Lailong-L,CHURACHANDPUR,274.0,13275554650,village,2,10.2,Belghoria Expressway,542.44,JIRIBAM,45.2,Khongsang,37.1,Kolkata Port (Syama Prasad Mookerjee Port) incl. Haldia Dock Complex,553.49,ICD Amingaon,252.12,Moreh ICP,89.93,Lokpriya Gopinath Bordoloi International Airport (GAU),253.08,MMLP Silchar,74.93,Lakhipur Terminal,53.46,FCI Depot Imphal,60.45,CACHAR Toll Plaza,83.42
Lailong-L,CHURACHANDPUR,274.0,13275554651,village,2,9.22,Belghoria Expressway,540.49,JIRIBAM,45.33,Khongsang,38.85,Kolkata Port (Syama Prasad Mookerjee Port) incl. Haldia Dock Complex,551.52,ICD Amingaon,252.22,Moreh ICP,90.95,Lokpriya Gopinath Bordoloi International Airport (GAU),253.08,MMLP Silchar,74.4,Lakhipur Terminal,53.17,FCI Depot Imphal,62.57,CACHAR Toll Plaza,83.13
Molcham,NONEY,659.0,13275554664,village,2,17.78,Belghoria Expressway,551.96,JIRIBAM,46.06,Khongsang,29.41,Kolkata Port (Syama Prasad Mookerjee Port) incl. Haldia Dock Complex,563.07,ICD Amingaon,251.93,Moreh ICP,85.55,Lokpriya Gopinath Bordoloi International Airport (GAU),253.4,MMLP Silchar,78.35,Lakhipur Terminal,56.05,FCI Depot Imphal,50.18,CACHAR Toll Plaza,85.63
Bolkot,CHURACHANDPUR,274.0,13275554665,village,2,16.13,Belghoria Expressway,553.52,JIRIBAM,49.82,Khongsang,32.44,Kolkata Port (Syama Prasad Mookerjee Port) incl. Haldia Dock Complex,564.58,ICD Amingaon,255.76,Moreh ICP,82.0,Lokpriya Gopinath Bordoloi International Airport (GAU),257.23,MMLP Silchar,81.89,Lakhipur Terminal,59.67,FCI Depot Imphal,49.54,CACHAR Toll Plaza,89.32
Kamkeilon,CHURACHANDPUR,274.0,13275554671,village,2,6.4,Belghoria Expressway,543.4,JIRIBAM,49.26,Khongsang,40.27,Kolkata Port (Syama Prasad Mookerjee Port) incl. Haldia Dock Complex,554.4,ICD Amingaon,256.18,Moreh ICP,86.79,Lokpriya Gopinath Bordoloi International Airport (GAU),257.11,MMLP Silchar,78.62,Lakhipur Terminal,57.33,FCI Depot Imphal,60.68,CACHAR Toll Plaza,87.3
Damjawl,CHURACHANDPUR,274.0,13275554674,village,2,3.49,Belghoria Expressway,545.6,JIRIBAM,55.41,Khongsang,44.85,Kolkata Port (Syama Prasad Mookerjee Port) incl. Haldia Dock Complex,556.52,ICD Amingaon,262.33,Moreh ICP,81.76,Lokpriya Gopinath Bordoloi International Airport (GAU),263.24,MMLP Silchar,84.48,Lakhipur Terminal,63.36,FCI Depot Imphal,60.79,CACHAR Toll Plaza,93.32
Leitan,CHURACHANDPUR,274.0,13275554680,village,2,2.41,Belghoria Expressway,542.31,JIRIBAM,52.44,Khongsang,44.22,Kolkata Port (Syama Prasad Mookerjee Port) incl. Haldia Dock Complex,553.25,ICD Amingaon,259.3,Moreh ICP,85.56,Lokpriya Gopinath Bordoloi International Airport (GAU),260.1,MMLP Silchar,80.96,Lakhipur Terminal,60.03,FCI Depot Imphal,63.05,CACHAR Toll Plaza,89.96
Khengjanglhang,CHURACHANDPUR,274.0,13275554686,village,2,3.78,Belghoria Expressway,542.53,JIRIBAM,51.25,Khongsang,42.89,Kolkata Port (Syama Prasad Mookerjee Port) incl. Haldia Dock Complex,553.49,ICD Amingaon,258.13,Moreh ICP,86.11,Lokpriya Gopinath Bordoloi International Airport (GAU),258.98,MMLP Silchar,80.03,Lakhipur Terminal,58.98,FCI Depot Imphal,62.34,CACHAR Toll Plaza,88.93
Aina,CHURACHANDPUR,274.0,13275554878,village,2,0.02,Belghoria Expressway,540.67,JIRIBAM,54.89,Khongsang,47.76,Kolkata Port (Syama Prasad Mookerjee Port) incl. Haldia Dock Complex,551.57,ICD Amingaon,261.58,Moreh ICP,85.33,Lokpriya Gopinath Bordoloi International Airport (GAU),262.26,MMLP Silchar,82.54,Lakhipur Terminal,61.99,FCI Depot Imphal,65.8,CACHAR Toll Plaza,91.85
K. Tuiliphai,CHURACHANDPUR,274.0,13275554893,village,2,0.02,Belghoria Expressway,542.31,JIRIBAM,55.52,Khongsang,47.25,Kolkata Port (Syama Prasad Mookerjee Port) incl. Haldia Dock Complex,553.21,ICD Amingaon,262.31,Moreh ICP,83.86,Lokpriya Gopinath Bordoloi International Airport (GAU),263.06,MMLP Silchar,83.59,Lakhipur Terminal,62.87,FCI Depot Imphal,64.35,CACHAR Toll Plaza,92.77
Lungchong,CHURACHANDPUR,274.0,13275554903,village,2,0.03,Belghoria Expressway,542.39,JIRIBAM,57.93,Khongsang,49.6,Kolkata Port (Syama Prasad Mookerjee Port) incl. Haldia Dock Complex,553.25,ICD Amingaon,264.68,Moreh ICP,82.56,Lokpriya Gopinath Bordoloi International Airport (GAU),265.38,MMLP Silchar,85.68,Lakhipur Terminal,65.13,FCI Depot Imphal,65.41,CACHAR Toll Plaza,94.99
Dohjang,CHURACHANDPUR,274.0,13275778502,village,2,6.34,Belghoria Expressway,548.83,JIRIBAM,56.06,Khongsang,43.22,Kolkata Port (Syama Prasad Mookerjee Port) incl. Haldia Dock Complex,559.76,ICD Amingaon,262.93,Moreh ICP,79.47,Lokpriya Gopinath Bordoloi International Airport (GAU),263.99,MMLP Silchar,85.95,Lakhipur Terminal,64.51,FCI Depot Imphal,57.55,CACHAR Toll Plaza,94.48
Santing,CHURACHANDPUR,274.0,13275778674,village,2,0.03,Belghoria Expressway,538.37,JIRIBAM,53.4,Khongsang,47.92,Kolkata Port (Syama Prasad Mookerjee Port) incl. Haldia Dock Complex,549.28,ICD Amingaon,259.91,Moreh ICP,87.77,Lokpriya Gopinath Bordoloi International Airport (GAU),260.51,MMLP Silchar,80.51,Lakhipur Terminal,60.17,FCI Depot Imphal,67.55,CACHAR Toll Plaza,89.96
Konpi,CHURACHANDPUR,274.0,13275778675,village,2,4.91,Belghoria Expressway,536.66,JIRIBAM,48.28,Khongsang,44.49,Kolkata Port (Syama Prasad Mookerjee Port) incl. Haldia Dock Complex,547.64,ICD Amingaon,254.78,Moreh ICP,91.71,Lokpriya Gopinath Bordoloi International Airport (GAU),255.39,MMLP Silchar,75.55,Lakhipur Terminal,55.08,FCI Depot Imphal,67.46,CACHAR Toll Plaza,84.89
Maomual,CHURACHANDPUR,274.0,13275778682,village,2,4.38,Belghoria Expressway,535.83,JIRIBAM,49.05,Khongsang,45.77,Kolkata Port (Syama Prasad Mookerjee Port) incl. Haldia Dock Complex,546.8,ICD Amingaon,255.41,Moreh ICP,91.9,Lokpriya Gopinath Bordoloi International Airport (GAU),255.96,MMLP Silchar,75.91,Lakhipur Terminal,55.62,FCI Depot Imphal,68.56,CACHAR Toll Plaza,85.38
Nungsai,CHURACHANDPUR,274.0,13275945799,village,2,5.07,Belghoria Expressway,540.58,JIRIBAM,49.43,Khongsang,42.6,Kolkata Port (Syama Prasad Mookerjee Port) incl. Haldia Dock Complex,551.55,ICD Amingaon,256.25,Moreh ICP,88.41,Lokpriya Gopinath Bordoloi International Airport (GAU),257.03,MMLP Silchar,77.86,Lakhipur Terminal,56.93,FCI Depot Imphal,63.75,CACHAR Toll Plaza,86.86
Najang,CHURACHANDPUR,274.0,13279813440,village,2,12.35,Belghoria Expressway,550.04,JIRIBAM,49.52,Khongsang,35.12,Kolkata Port (Syama Prasad Mookerjee Port) incl. Haldia Dock Complex,561.08,ICD Amingaon,256.04,Moreh ICP,83.37,Lokpriya Gopinath Bordoloi International Airport (GAU),257.32,MMLP Silchar,80.76,Lakhipur Terminal,58.8,FCI Depot Imphal,53.42,CACHAR Toll Plaza,88.64
Songphu,CHURACHANDPUR,274.0,13279813573,village,2,17.35,Belghoria Expressway,554.5,JIRIBAM,49.8,Khongsang,31.52,Kolkata Port (Syama Prasad Mookerjee Port) incl. Haldia Dock Complex,565.57,ICD Amingaon,255.51,Moreh ICP,81.8,Lokpriya Gopinath Bordoloi International Airport (GAU),257.03,MMLP Silchar,82.1,Lakhipur Terminal,59.81,FCI Depot Imphal,48.39,CACHAR Toll Plaza,89.39
Neilen,NONEY,659.0,13281236111,village,2,18.57,Belghoria Expressway,548.53,JIRIBAM,41.85,Khongsang,28.04,Kolkata Port (Syama Prasad Mookerjee Port) incl. Haldia Dock Complex,559.68,ICD Amingaon,248.01,Moreh ICP,89.93,Lokpriya Gopinath Bordoloi International Airport (GAU),249.39,MMLP Silchar,73.96,Lakhipur Terminal,51.7,FCI Depot Imphal,53.09,CACHAR Toll Plaza,81.32
Chingmei Kabui,NONEY,659.0,13281236118,village,37,11.9,Belghoria Expressway,549.28,JIRIBAM,36.82,Khongsang,21.7,Kolkata Port (Syama Prasad Mookerjee Port) incl. Haldia Dock Complex,560.51,ICD Amingaon,242.09,Moreh ICP,94.31,Lokpriya Gopinath Bordoloi International Airport (GAU),243.64,MMLP Silchar,70.0,Lakhipur Terminal,47.48,FCI Depot Imphal,51.88,CACHAR Toll Plaza,76.63
T. Khonomphai,CHURACHANDPUR,274.0,13281236120,village,2,7.9,Belghoria Expressway,550.47,JIRIBAM,56.09,Khongsang,42.06,Kolkata Port (Syama Prasad Mookerjee Port) incl. Haldia Dock Complex,561.41,ICD Amingaon,262.86,Moreh ICP,78.58,Lokpriya Gopinath Bordoloi International Airport (GAU),264.01,MMLP Silchar,86.41,Lakhipur Terminal,64.81,FCI Depot Imphal,55.72,CACHAR Toll Plaza,94.76
D. Munlui,CHURACHANDPUR,274.0,13281236163,village,2,5.06,Belghoria Expressway,547.76,JIRIBAM,56.42,Khongsang,44.38,Kolkata Port (Syama Prasad Mookerjee Port) incl. Haldia Dock Complex,558.68,ICD Amingaon,263.33,Moreh ICP,79.86,Lokpriya Gopinath Bordoloi International Airport (GAU),264.33,MMLP Silchar,85.95,Lakhipur Terminal,64.66,FCI Depot Imphal,58.91,CACHAR Toll Plaza,94.63
Moldak,CHURACHANDPUR,274.0,13281236192,village,2,1.9,Belghoria Expressway,546.67,JIRIBAM,58.7,Khongsang,47.53,Kolkata Port (Syama Prasad Mookerjee Port) incl. Haldia Dock Complex,557.55,ICD Amingaon,265.62,Moreh ICP,79.22,Lokpriya Gopinath Bordoloi International Airport (GAU),266.51,MMLP Silchar,87.6,Lakhipur Terminal,66.57,FCI Depot Imphal,61.24,CACHAR Toll Plaza,96.52
Bunglung,KANGPOKPI,679.0,13282216508,village,2,9.39,Belghoria Expressway,621.6,WADRENGDISA,87.88,Khongsang,60.62,Kolkata Port (Syama Prasad Mookerjee Port) incl. Haldia Dock Complex,633.06,ICD Amingaon,261.85,Moreh ICP,92.59,Lokpriya Gopinath Bordoloi International Airport (GAU),266.78,MMLP Silchar,127.77,Lakhipur Terminal,107.91,FCI Depot Imphal,29.82,DIMA HASAO Toll Plaza,114.53
Tusam,KANGPOKPI,679.0,13282216509,village,2,9.96,Belghoria Expressway,622.34,WADRENGDISA,88.57,Khongsang,61.36,Kolkata Port (Syama Prasad Mookerjee Port) incl. Haldia Dock Complex,633.81,ICD Amingaon,262.44,Moreh ICP,92.54,Lokpriya Gopinath Bordoloi International Airport (GAU),267.39,MMLP Silchar,128.53,Lakhipur Terminal,108.67,FCI Depot Imphal,30.23,DIMA HASAO Toll Plaza,115.02
Tengkonphai,KANGPOKPI,679.0,13282216510,village,2,10.8,Belghoria Expressway,623.28,WADRENGDISA,89.53,Khongsang,62.29,Kolkata Port (Syama Prasad Mookerjee Port) incl. Haldia Dock Complex,634.74,ICD Amingaon,263.29,Moreh ICP,92.33,Lokpriya Gopinath Bordoloi International Airport (GAU),268.26,MMLP Silchar,129.52,Lakhipur Terminal,109.64,FCI Depot Imphal,30.67,DIMA HASAO Toll Plaza,115.75
H. Twinomjang,KANGPOKPI,679.0,13282216511,village,2,10.1,Belghoria Expressway,622.98,WADRENGDISA,88.9,Khongsang,62.01,Kolkata Port (Syama Prasad Mookerjee Port) incl. Haldia Dock Complex,634.45,ICD Amingaon,262.6,Moreh ICP,92.93,Lokpriya Gopinath Bordoloi International Airport (GAU),267.57,MMLP Silchar,129.09,Lakhipur Terminal,109.27,FCI Depot Imphal,30.91,DIMA HASAO Toll Plaza,115.04
Pangjang,KANGPOKPI,679.0,13282216512,village,2,9.18,Belghoria Expressway,622.69,WADRENGDISA,88.08,Khongsang,61.74,Kolkata Port (Syama Prasad Mookerjee Port) incl. Haldia Dock Complex,634.16,ICD Amingaon,261.66,Moreh ICP,93.84,Lokpriya Gopinath Bordoloi International Airport (GAU),266.66,MMLP Silchar,128.6,Lakhipur Terminal,108.86,FCI Depot Imphal,31.37,DIMA HASAO Toll Plaza,114.05
Phaikon,KANGPOKPI,679.0,13282216576,village,2,10.56,Belghoria Expressway,627.48,RANGAPAHAR,86.57,Khongsang,66.71,Kolkata Port (Syama Prasad Mookerjee Port) incl. Haldia Dock Complex,638.99,ICD Amingaon,262.19,Moreh ICP,97.81,Lokpriya Gopinath Bordoloi International Airport (GAU),267.42,MMLP Silchar,132.68,Lakhipur Terminal,113.31,FCI Depot Imphal,37.04,DIMA HASAO Toll Plaza,113.56
Ichai Goyang,KANGPOKPI,679.0,13283628640,village,2,6.3,Belghoria Expressway,619.18,WADRENGDISA,84.71,Khongsang,58.28,Kolkata Port (Syama Prasad Mookerjee Port) incl. Haldia Dock Complex,630.67,ICD Amingaon,258.74,Moreh ICP,94.35,Lokpriya Gopinath Bordoloi International Airport (GAU),263.64,MMLP Silchar,124.97,Lakhipur Terminal,105.27,FCI Depot Imphal,29.77,DIMA HASAO Toll Plaza,111.61
Saikho,KANGPOKPI,679.0,13283628643,village,2,5.26,Belghoria Expressway,618.76,WADRENGDISA,83.78,Khongsang,57.93,Kolkata Port (Syama Prasad Mookerjee Port) incl. Haldia Dock Complex,630.26,ICD Amingaon,257.71,Moreh ICP,95.28,Lokpriya Gopinath Bordoloi International Airport (GAU),262.63,MMLP Silchar,124.36,Lakhipur Terminal,104.75,FCI Depot Imphal,30.29,DIMA HASAO Toll Plaza,110.55
L. Haibung,KANGPOKPI,679.0,13286094820,village,2,1.11,Belghoria Expressway,613.86,WADRENGDISA,78.95,Khongsang,53.18,Kolkata Port (Syama Prasad Mookerjee Port) incl. Haldia Dock Complex,625.38,ICD Amingaon,253.47,Moreh ICP,96.48,Lokpriya Gopinath Bordoloi International Airport (GAU),258.26,MMLP Silchar,119.25,Lakhipur Terminal,99.72,FCI Depot Imphal,29.04,DIMA HASAO Toll Plaza,107.04
Kahochangbung,KANGPOKPI,679.0,13286094821,village,2,1.04,Belghoria Expressway,613.7,WADRENGDISA,78.85,Khongsang,53.02,Kolkata Port (Syama Prasad Mookerjee Port) incl. Haldia Dock Complex,625.21,ICD Amingaon,253.4,Moreh ICP,96.43,Lokpriya Gopinath Bordoloi International Airport (GAU),258.19,MMLP Silchar,119.1,Lakhipur Terminal,99.56,FCI Depot Imphal,28.93,DIMA HASAO Toll Plaza,107.01
Molvom,KANGPOKPI,679.0,13286094822,village,2,0.9,Belghoria Expressway,614.21,WADRENGDISA,78.9,Khongsang,53.59,Kolkata Port (Syama Prasad Mookerjee Port) incl. Haldia Dock Complex,625.73,ICD Amingaon,253.27,Moreh ICP,97.01,Lokpriya Gopinath Bordoloi International Airport (GAU),258.09,MMLP Silchar,119.49,Lakhipur Terminal,100.02,FCI Depot Imphal,29.65,DIMA HASAO Toll Plaza,106.71
Nungka,KANGPOKPI,679.0,13286094853,village,2,8.34,Belghoria Expressway,619.01,WADRENGDISA,86.22,Khongsang,58.01,Kolkata Port (Syama Prasad Mookerjee Port) incl. Haldia Dock Complex,630.46,ICD Amingaon,260.73,Moreh ICP,91.69,Lokpriya Gopinath Bordoloi International Airport (GAU),265.55,MMLP Silchar,125.37,Lakhipur Terminal,105.42,FCI Depot Imphal,27.61,DIMA HASAO Toll Plaza,113.92
Molvom (old),KANGPOKPI,679.0,13286094901,village,2,2.32,Belghoria Expressway,615.44,WADRENGDISA,80.41,Khongsang,54.72,Kolkata Port (Syama Prasad Mookerjee Port) incl. Haldia Dock Complex,626.95,ICD Amingaon,254.7,Moreh ICP,96.22,Lokpriya Gopinath Bordoloi International Airport (GAU),259.54,MMLP Silchar,120.86,Lakhipur Terminal,101.33,FCI Depot Imphal,29.49,DIMA HASAO Toll Plaza,108.01
L. Haibung,KANGPOKPI,679.0,13286309904,village,2,1.11,Belghoria Expressway,613.86,WADRENGDISA,78.95,Khongsang,53.18,Kolkata Port (Syama Prasad Mookerjee Port) incl. Haldia Dock Complex,625.38,ICD Amingaon,253.47,Moreh ICP,96.48,Lokpriya Gopinath Bordoloi International Airport (GAU),258.26,MMLP Silchar,119.25,Lakhipur Terminal,99.72,FCI Depot Imphal,29.04,DIMA HASAO Toll Plaza,107.04
Kahochangbung,KANGPOKPI,679.0,13286309905,village,2,1.04,Belghoria Expressway,613.7,WADRENGDISA,78.85,Khongsang,53.02,Kolkata Port (Syama Prasad Mookerjee Port) incl. Haldia Dock Complex,625.21,ICD Amingaon,253.4,Moreh ICP,96.43,Lokpriya Gopinath Bordoloi International Airport (GAU),258.19,MMLP Silchar,119.1,Lakhipur Terminal,99.56,FCI Depot Imphal,28.93,DIMA HASAO Toll Plaza,107.01
Molvom,KANGPOKPI,679.0,13286309906,village,2,0.9,Belghoria Expressway,614.21,WADRENGDISA,78.9,Khongsang,53.59,Kolkata Port (Syama Prasad Mookerjee Port) incl. Haldia Dock Complex,625.73,ICD Amingaon,253.27,Moreh ICP,97.01,Lokpriya Gopinath Bordoloi International Airport (GAU),258.09,MMLP Silchar,119.49,Lakhipur Terminal,100.02,FCI Depot Imphal,29.65,DIMA HASAO Toll Plaza,106.71
Tingri,IMPHAL WEST,277.0,13287043028,village,2,2.54,Belghoria Expressway,602.79,JIRIBAM,78.75,Khongsang,42.57,Kolkata Port (Syama Prasad Mookerjee Port) incl. Haldia Dock Complex,614.15,ICD Amingaon,258.71,Moreh ICP,82.23,Lokpriya Gopinath Bordoloi International Airport (GAU),262.72,MMLP Silchar,112.25,Lakhipur Terminal,91.19,FCI Depot Imphal,11.67,CACHAR Toll Plaza,114.08
Mapao Christian,KANGPOKPI,679.0,13287043029,village,2,2.6,Belghoria Expressway,603.89,JIRIBAM,80.37,Khongsang,44.11,Kolkata Port (Syama Prasad Mookerjee Port) incl. Haldia Dock Complex,615.22,ICD Amingaon,261.21,Moreh ICP,79.85,Lokpriya Gopinath Bordoloi International Airport (GAU),265.2,MMLP Silchar,114.02,Lakhipur Terminal,92.81,FCI Depot Imphal,9.68,CACHAR Toll Plaza,116.04
Yumnam Khunou,IMPHAL EAST,278.0,13287043030,village,202,7.02,Belghoria Expressway,611.01,JIRIBAM,87.23,Khongsang,51.03,Kolkata Port (Syama Prasad Mookerjee Port) incl. Haldia Dock Complex,622.34,ICD Amingaon,265.17,Moreh ICP,79.71,Lokpriya Gopinath Bordoloi International Airport (GAU),269.42,MMLP Silchar,120.71,Lakhipur Terminal,99.67,FCI Depot Imphal,13.71,DIMA HASAO Toll Plaza,121.38
Sinam,IMPHAL EAST,278.0,13287043031,village,202,8.83,Belghoria Expressway,611.02,JIRIBAM,86.83,Khongsang,50.73,Kolkata Port (Syama Prasad Mookerjee Port) incl. Haldia Dock Complex,622.38,ICD Amingaon,263.71,Moreh ICP,81.53,Lokpriya Gopinath Bordoloi International Airport (GAU),268.01,MMLP Silchar,120.18,Lakhipur Terminal,99.27,FCI Depot Imphal,15.03,DIMA HASAO Toll Plaza,119.69
Yumnam Khunou,IMPHAL EAST,278.0,13287043048,village,202,4.39,Belghoria Expressway,609.46,JIRIBAM,86.36,Khongsang,50.09,Kolkata Port (Syama Prasad Mookerjee Port) incl. Haldia Dock Complex,620.77,ICD Amingaon,266.38,Moreh ICP,77.13,Lokpriya Gopinath Bordoloi International Airport (GAU),270.5,MMLP Silchar,120.07,Lakhipur Terminal,98.81,FCI Depot Imphal,10.83,CACHAR Toll Plaza,122.1
Haipi,KANGPOKPI,679.0,13287995983,village,2,2.27,Belghoria Expressway,614.19,WADRENGDISA,76.53,Khongsang,54.13,Kolkata Port (Syama Prasad Mookerjee Port) incl. Haldia Dock Complex,625.75,ICD Amingaon,250.17,Moreh ICP,100.88,Lokpriya Gopinath Bordoloi International Airport (GAU),255.1,MMLP Silchar,118.77,Lakhipur Terminal,99.71,FCI Depot Imphal,33.13,DIMA HASAO Toll Plaza,103.17
Gopibung,KANGPOKPI,679.0,13287995984,village,2,2.5,Belghoria Expressway,614.19,WADRENGDISA,76.36,Khongsang,54.18,Kolkata Port (Syama Prasad Mookerjee Port) incl. Haldia Dock Complex,625.76,ICD Amingaon,249.95,Moreh ICP,101.16,Lokpriya Gopinath Bordoloi International Airport (GAU),254.88,MMLP Silchar,118.72,Lakhipur Terminal,99.7,FCI Depot Imphal,33.39,DIMA HASAO Toll Plaza,102.91
B. Khonom,CHURACHANDPUR,274.0,13288674384,village,2,2.41,Belghoria Expressway,567.98,JIRIBAM,68.83,Khongsang,45.45,Kolkata Port (Syama Prasad Mookerjee Port) incl. Haldia Dock Complex,578.87,ICD Amingaon,273.69,Moreh ICP,62.66,Lokpriya Gopinath Bordoloi International Airport (GAU),275.47,MMLP Silchar,101.24,Lakhipur Terminal,78.97,FCI Depot Imphal,42.89,CACHAR Toll Plaza,108.51
Mualngat,BISHNUPUR,275.0,13288674385,village,2,1.47,Belghoria Expressway,568.35,JIRIBAM,69.76,Khongsang,46.4,Kolkata Port (Syama Prasad Mookerjee Port) incl. Haldia Dock Complex,579.23,ICD Amingaon,274.66,Moreh ICP,61.79,Lokpriya Gopinath Bordoloi International Airport (GAU),276.43,MMLP Silchar,102.11,Lakhipur Terminal,79.87,FCI Depot Imphal,43.2,CACHAR Toll Plaza,109.43
Thoroilok,CHURACHANDPUR,274.0,13288674386,village,2,1.97,Belghoria Expressway,567.35,JIRIBAM,69.22,Khongsang,46.34,Kolkata Port (Syama Prasad Mookerjee Port) incl. Haldia Dock Complex,578.22,ICD Amingaon,274.31,Moreh ICP,62.46,Lokpriya Gopinath Bordoloi International Airport (GAU),276.04,MMLP Silchar,101.46,Lakhipur Terminal,79.25,FCI Depot Imphal,44.04,CACHAR Toll Plaza,108.85
Pholjang,CHURACHANDPUR,274.0,13288674387,village,2,1.63,Belghoria Expressway,566.57,JIRIBAM,69.54,Khongsang,47.23,Kolkata Port (Syama Prasad Mookerjee Port) incl. Haldia Dock Complex,577.43,ICD Amingaon,274.86,Moreh ICP,62.4,Lokpriya Gopinath Bordoloi International Airport (GAU),276.55,MMLP Silchar,101.59,Lakhipur Terminal,79.44,FCI Depot Imphal,45.31,CACHAR Toll Plaza,109.11
T. Chavangphai,CHURACHANDPUR,274.0,13288674388,village,2,1.75,Belghoria Expressway,566.37,JIRIBAM,69.42,Khongsang,47.19,Kolkata Port (Syama Prasad Mookerjee Port) incl. Haldia Dock Complex,577.23,ICD Amingaon,274.77,Moreh ICP,62.56,Lokpriya Gopinath Bordoloi International Airport (GAU),276.44,MMLP Silchar,101.44,Lakhipur Terminal,79.3,FCI Depot Imphal,45.45,CACHAR Toll Plaza,108.97
Wakan,KANGPOKPI,679.0,13289693594,village,202,8.69,Belghoria Expressway,610.36,JIRIBAM,86.2,Khongsang,50.08,Kolkata Port (Syama Prasad Mookerjee Port) incl. Haldia Dock Complex,621.71,ICD Amingaon,263.39,Moreh ICP,81.44,Lokpriya Gopinath Bordoloi International Airport (GAU),267.66,MMLP Silchar,119.56,Lakhipur Terminal,98.63,FCI Depot Imphal,14.52,DIMA HASAO Toll Plaza,119.53
T. Wakanphai,KANGPOKPI,679.0,13289742501,village,2,7.55,Belghoria Expressway,613.19,WADRENGDISA,85.76,Khongsang,52.41,Kolkata Port (Syama Prasad Mookerjee Port) incl. Haldia Dock Complex,624.58,ICD Amingaon,261.91,Moreh ICP,85.4,Lokpriya Gopinath Bordoloi International Airport (GAU),266.38,MMLP Silchar,121.17,Lakhipur Terminal,100.6,FCI Depot Imphal,19.35,DIMA HASAO Toll Plaza,116.93
Unnamed Village,IMPHAL EAST,278.0,13289880382,village,2,10.2,Belghoria Expressway,616.24,WADRENGDISA,88.52,Khongsang,55.52,Kolkata Port (Syama Prasad Mookerjee Port) incl. Haldia Dock Complex,627.62,ICD Amingaon,264.37,Moreh ICP,84.77,Lokpriya Gopinath Bordoloi International Airport (GAU),268.92,MMLP Silchar,124.32,Lakhipur Terminal,103.75,FCI Depot Imphal,20.86,DIMA HASAO Toll Plaza,118.85
Yumnam Patlou,IMPHAL EAST,278.0,13289894502,village,202,8.79,Belghoria Expressway,614.29,WADRENGDISA,89.99,Khongsang,54.12,Kolkata Port (Syama Prasad Mookerjee Port) incl. Haldia Dock Complex,625.63,ICD Amingaon,266.5,Moreh ICP,80.54,Lokpriya Gopinath Bordoloi International Airport (GAU),270.88,MMLP Silchar,123.61,Lakhipur Terminal,102.68,FCI Depot Imphal,16.7,DIMA HASAO Toll Plaza,121.88
Lamboi Khul,IMPHAL EAST,278.0,13289894503,village,202,7.32,Belghoria Expressway,615.97,JIRIBAM,92.39,Khongsang,56.18,Kolkata Port (Syama Prasad Mookerjee Port) incl. Haldia Dock Complex,627.29,ICD Amingaon,269.29,Moreh ICP,78.41,Lokpriya Gopinath Bordoloi International Airport (GAU),273.67,MMLP Silchar,125.88,Lakhipur Terminal,104.83,FCI Depot Imphal,16.9,DIMA HASAO Toll Plaza,124.58
Taret Khul,IMPHAL EAST,278.0,13289894508,village,202,5.9,Belghoria Expressway,615.13,JIRIBAM,91.87,Khongsang,55.62,Kolkata Port (Syama Prasad Mookerjee Port) incl. Haldia Dock Complex,626.43,ICD Amingaon,269.79,Moreh ICP,77.1,Lokpriya Gopinath Bordoloi International Airport (GAU),274.11,MMLP Silchar,125.47,Lakhipur Terminal,104.32,FCI Depot Imphal,15.58,DIMA HASAO Toll Plaza,125.42
Harourou,IMPHAL EAST,278.0,13289894509,village,202,5.35,Belghoria Expressway,609.21,JIRIBAM,85.88,Khongsang,49.62,Kolkata Port (Syama Prasad Mookerjee Port) incl. Haldia Dock Complex,620.52,ICD Amingaon,265.47,Moreh ICP,78.07,Lokpriya Gopinath Bordoloi International Airport (GAU),269.61,MMLP Silchar,119.52,Lakhipur Terminal,98.33,FCI Depot Imphal,11.26,CACHAR Toll Plaza,121.48
Taorem,IMPHAL EAST,278.0,13289894510,village,2,4.23,Belghoria Expressway,606.39,JIRIBAM,83.08,Khongsang,46.81,Kolkata Port (Syama Prasad Mookerjee Port) incl. Haldia Dock Complex,617.71,ICD Amingaon,263.61,Moreh ICP,78.48,Lokpriya Gopinath Bordoloi International Airport (GAU),267.66,MMLP Silchar,116.77,Lakhipur Terminal,95.53,FCI Depot Imphal,9.66,CACHAR Toll Plaza,118.8
Tollen,CHURACHANDPUR,274.0,13290637505,village,2,0.06,Belghoria Expressway,564.01,JIRIBAM,72.03,Khongsang,51.81,Kolkata Port (Syama Prasad Mookerjee Port) incl. Haldia Dock Complex,574.8,ICD Amingaon,278.1,Moreh ICP,61.53,Lokpriya Gopinath Bordoloi International Airport (GAU),279.58,MMLP Silchar,103.25,Lakhipur Terminal,81.39,FCI Depot Imphal,50.56,CACHAR Toll Plaza,111.25
Monglianphai,CHURACHANDPUR,274.0,13290637580,village,2,0.15,Belghoria Expressway,564.1,JIRIBAM,71.95,Khongsang,51.67,Kolkata Port (Syama Prasad Mookerjee Port) incl. Haldia Dock Complex,574.9,ICD Amingaon,278.01,Moreh ICP,61.54,Lokpriya Gopinath Bordoloi International Airport (GAU),279.49,MMLP Silchar,103.2,Lakhipur Terminal,81.33,FCI Depot Imphal,50.39,CACHAR Toll Plaza,111.18
Tingpibung,KANGPOKPI,679.0,13299241591,village,202,11.02,Belghoria Expressway,628.56,WADRENGDISA,97.33,Khongsang,67.72,Kolkata Port (Syama Prasad Mookerjee Port) incl. Haldia Dock Complex,639.95,ICD Amingaon,271.24,Moreh ICP,87.42,Lokpriya Gopinath Bordoloi International Airport (GAU),276.21,MMLP Silchar,136.0,Lakhipur Terminal,115.72,FCI Depot Imphal,31.48,DIMA HASAO Toll Plaza,123.5
Leplen,KANGPOKPI,679.0,13299241601,village,202,8.0,Belghoria Expressway,628.91,WADRENGDISA,99.48,Khongsang,68.33,Kolkata Port (Syama Prasad Mookerjee Port) incl. Haldia Dock Complex,640.27,ICD Amingaon,273.81,Moreh ICP,84.53,Lokpriya Gopinath Bordoloi International Airport (GAU),278.72,MMLP Silchar,137.09,Lakhipur Terminal,116.58,FCI Depot Imphal,30.45,DIMA HASAO Toll Plaza,126.32
Dongsum,KANGPOKPI,679.0,13299241604,village,202,7.31,Belghoria Expressway,628.14,WADRENGDISA,99.31,Khongsang,67.64,Kolkata Port (Syama Prasad Mookerjee Port) incl. Haldia Dock Complex,639.5,ICD Amingaon,273.86,Moreh ICP,83.7,Lokpriya Gopinath Bordoloi International Airport (GAU),278.72,MMLP Silchar,136.52,Lakhipur Terminal,115.95,FCI Depot Imphal,29.47,DIMA HASAO Toll Plaza,126.56
Muolsohoi,UKHRUL,279.0,13299241627,village,202,5.76,Belghoria Expressway,628.15,WADRENGDISA,100.3,Khongsang,67.84,Kolkata Port (Syama Prasad Mookerjee Port) incl. Haldia Dock Complex,639.49,ICD Amingaon,275.07,Moreh ICP,82.18,Lokpriya Gopinath Bordoloi International Airport (GAU),279.9,MMLP Silchar,136.94,Lakhipur Terminal,116.26,FCI Depot Imphal,28.9,DIMA HASAO Toll Plaza,127.93
Makeng Ngamneh,KANGPOKPI,679.0,13299241643,village,2,9.12,Belghoria Expressway,625.74,DHANSIRI,86.38,Khongsang,65.0,Kolkata Port (Syama Prasad Mookerjee Port) incl. Haldia Dock Complex,637.26,ICD Amingaon,260.95,Moreh ICP,97.67,Lokpriya Gopinath Bordoloi International Airport (GAU),266.13,MMLP Silchar,130.95,Lakhipur Terminal,111.57,FCI Depot Imphal,35.93,DIMA HASAO Toll Plaza,112.54
Walpabung,KANGPOKPI,679.0,13299241655,village,2,9.57,Belghoria Expressway,626.18,RANGAPAHAR,86.58,Khongsang,65.42,Kolkata Port (Syama Prasad Mookerjee Port) incl. Haldia Dock Complex,637.69,ICD Amingaon,261.37,Moreh ICP,97.55,Lokpriya Gopinath Bordoloi International Airport (GAU),266.57,MMLP Silchar,131.41,Lakhipur Terminal,112.02,FCI Depot Imphal,36.09,DIMA HASAO Toll Plaza,112.93
Makeng Katomei,SENAPATI,272.0,13299689825,village,2,0.29,Belghoria Expressway,630.75,RANGAPAHAR,69.23,Khongsang,73.15,Kolkata Port (Syama Prasad Mookerjee Port) incl. Haldia Dock Complex,642.44,ICD Amingaon,251.02,Moreh ICP,115.5,Lokpriya Gopinath Bordoloi International Airport (GAU),256.85,MMLP Silchar,133.71,Lakhipur Terminal,116.18,FCI Depot Imphal,52.32,DIMA HASAO Toll Plaza,100.67
Mongkot Chepu,UKHRUL,279.0,13308652094,village,202,0.06,Belghoria Expressway,630.57,WADRENGDISA,106.49,Khongsang,71.39,Kolkata Port (Syama Prasad Mookerjee Port) incl. Haldia Dock Complex,641.84,ICD Amingaon,281.81,Moreh ICP,76.19,Lokpriya Gopinath Bordoloi International Airport (GAU),286.54,MMLP Silchar,141.15,Lakhipur Terminal,120.08,FCI Depot Imphal,29.66,DIMA HASAO Toll Plaza,134.99
Litan,UKHRUL,279.0,13308652095,village,202,0.07,Belghoria Expressway,631.11,WADRENGDISA,106.73,Khongsang,71.87,Kolkata Port (Syama Prasad Mookerjee Port) incl. Haldia Dock Complex,642.38,ICD Amingaon,281.95,Moreh ICP,76.58,Lokpriya Gopinath Bordoloi International Airport (GAU),286.7,MMLP Silchar,141.6,Lakhipur Terminal,120.54,FCI Depot Imphal,30.23,DIMA HASAO Toll Plaza,135.01
Sikibung,KAMJANG,670.0,13308652096,village,202,0.64,Belghoria Expressway,629.02,WADRENGDISA,105.33,Khongsang,69.88,Kolkata Port (Syama Prasad Mookerjee Port) incl. Haldia Dock Complex,640.29,ICD Amingaon,280.85,Moreh ICP,75.82,Lokpriya Gopinath Bordoloi International Airport (GAU),285.53,MMLP Silchar,139.68,Lakhipur Terminal,118.58,FCI Depot Imphal,28.12,DIMA HASAO Toll Plaza,134.26
Khundong Khunkhaiba,TAMENGLONG,273.0,13311753826,village,37,13.48,Belghoria Expressway,586.59,JIRIBAM,60.68,Khongsang,25.78,Kolkata Port (Syama Prasad Mookerjee Port) incl. Haldia Dock Complex,598.08,ICD Amingaon,240.27,Moreh ICP,96.23,Lokpriya Gopinath Bordoloi International Airport (GAU),243.96,MMLP Silchar,93.38,Lakhipur Terminal,73.01,FCI Depot Imphal,27.06,CACHAR Toll Plaza,94.62
Phaibong,NONEY,659.0,13317712603,village,2,18.55,Belghoria Expressway,549.7,JIRIBAM,42.95,Khongsang,28.07,Kolkata Port (Syama Prasad Mookerjee Port) incl. Haldia Dock Complex,560.84,ICD Amingaon,248.97,Moreh ICP,88.72,Lokpriya Gopinath Bordoloi International Airport (GAU),250.39,MMLP Silchar,75.18,Lakhipur Terminal,52.89,FCI Depot Imphal,52.01,CACHAR Toll Plaza,82.48
Vangtungbung,NONEY,659.0,13317712609,village,2,18.71,Belghoria Expressway,543.11,JIRIBAM,37.81,Khongsang,29.54,Kolkata Port (Syama Prasad Mookerjee Port) incl. Haldia Dock Complex,554.27,ICD Amingaon,244.53,Moreh ICP,94.88,Lokpriya Gopinath Bordoloi International Airport (GAU),245.7,MMLP Silchar,69.08,Lakhipur Terminal,47.02,FCI Depot Imphal,58.3,CACHAR Toll Plaza,76.85
Chingmei Kuki,NONEY,659.0,13317712614,village,37,15.0,Belghoria Expressway,546.31,JIRIBAM,37.01,Khongsang,25.37,Kolkata Port (Syama Prasad Mookerjee Port) incl. Haldia Dock Complex,557.51,ICD Amingaon,243.15,Moreh ICP,94.56,Lokpriya Gopinath Bordoloi International Airport (GAU),244.52,MMLP Silchar,69.38,Lakhipur Terminal,47.02,FCI Depot Imphal,54.9,CACHAR Toll Plaza,76.56
Luangpai,NONEY,659.0,13317712615,village,37,12.2,Belghoria Expressway,552.08,JIRIBAM,38.99,Khongsang,20.76,Kolkata Port (Syama Prasad Mookerjee Port) incl. Haldia Dock Complex,563.31,ICD Amingaon,243.63,Moreh ICP,92.14,Lokpriya Gopinath Bordoloi International Airport (GAU),245.3,MMLP Silchar,72.44,Lakhipur Terminal,49.89,FCI Depot Imphal,49.08,CACHAR Toll Plaza,78.85
Khongjanglok,NONEY,659.0,13317712629,village,37,18.08,Belghoria Expressway,552.03,JIRIBAM,43.47,Khongsang,26.27,Kolkata Port (Syama Prasad Mookerjee Port) incl. Haldia Dock Complex,563.18,ICD Amingaon,248.97,Moreh ICP,87.82,Lokpriya Gopinath Bordoloi International Airport (GAU),250.52,MMLP Silchar,76.2,Lakhipur Terminal,53.78,FCI Depot Imphal,49.56,CACHAR Toll Plaza,83.18
Muibung,NONEY,659.0,13317712634,village,37,17.55,Belghoria Expressway,550.96,JIRIBAM,42.42,Khongsang,26.16,Kolkata Port (Syama Prasad Mookerjee Port) incl. Haldia Dock Complex,562.12,ICD Amingaon,248.07,Moreh ICP,88.92,Lokpriya Gopinath Bordoloi International Airport (GAU),249.58,MMLP Silchar,75.07,Lakhipur Terminal,52.67,FCI Depot Imphal,50.55,CACHAR Toll Plaza,82.1
Mamong,NONEY,659.0,13317712636,village,2,18.57,Belghoria Expressway,552.46,JIRIBAM,45.86,Khongsang,28.68,Kolkata Port (Syama Prasad Mookerjee Port) incl. Haldia Dock Complex,563.58,ICD Amingaon,251.57,Moreh ICP,85.62,Lokpriya Gopinath Bordoloi International Airport (GAU),253.08,MMLP Silchar,78.3,Lakhipur Terminal,55.96,FCI Depot Imphal,49.57,CACHAR Toll Plaza,85.48
Songkong,NONEY,659.0,13317712922,village,37,19.3,Belghoria Expressway,554.75,JIRIBAM,45.87,Khongsang,26.4,Kolkata Port (Syama Prasad Mookerjee Port) incl. Haldia Dock Complex,565.89,ICD Amingaon,250.92,Moreh ICP,85.3,Lokpriya Gopinath Bordoloi International Airport (GAU),252.56,MMLP Silchar,78.84,Lakhipur Terminal,56.38,FCI Depot Imphal,47.0,CACHAR Toll Plaza,85.66
Purum Khunou,IMPHAL EAST,278.0,13329382439,village,2,10.2,Belghoria Expressway,617.01,WADRENGDISA,88.45,Khongsang,56.2,Kolkata Port (Syama Prasad Mookerjee Port) incl. Haldia Dock Complex,628.4,ICD Amingaon,264.08,Moreh ICP,85.77,Lokpriya Gopinath Bordoloi International Airport (GAU),268.68,MMLP Silchar,124.81,Lakhipur Terminal,104.33,FCI Depot Imphal,22.07,DIMA HASAO Toll Plaza,118.3
Khongjil Khongjai,IMPHAL EAST,278.0,13329382451,village,2,9.68,Belghoria Expressway,617.99,WADRENGDISA,87.54,Khongsang,57.03,Kolkata Port (Syama Prasad Mookerjee Port) incl. Haldia Dock Complex,629.41,ICD Amingaon,262.69,Moreh ICP,88.33,Lokpriya Gopinath Bordoloi International Airport (GAU),267.4,MMLP Silchar,125.14,Lakhipur Terminal,104.88,FCI Depot Imphal,24.52,DIMA HASAO Toll Plaza,116.44
Heibongpokpi,IMPHAL WEST,277.0,13332451483,village,37,5.25,Belghoria Expressway,593.5,JIRIBAM,71.57,Khongsang,35.38,Kolkata Port (Syama Prasad Mookerjee Port) incl. Haldia Dock Complex,604.78,ICD Amingaon,258.72,Moreh ICP,77.64,Lokpriya Gopinath Bordoloi International Airport (GAU),262.23,MMLP Silchar,105.7,Lakhipur Terminal,83.99,FCI Depot Imphal,9.3,CACHAR Toll Plaza,108.58
Makeng Ngulrou,KANGPOKPI,679.0,13337063745,village,2,10.09,Belghoria Expressway,622.6,WADRENGDISA,88.76,Khongsang,61.62,Kolkata Port (Syama Prasad Mookerjee Port) incl. Haldia Dock Complex,634.07,ICD Amingaon,262.58,Moreh ICP,92.6,Lokpriya Gopinath Bordoloi International Airport (GAU),267.54,MMLP Silchar,128.78,Lakhipur Terminal,108.93,FCI Depot Imphal,30.43,DIMA HASAO Toll Plaza,115.11
Hangoipat,KANGPOKPI,679.0,13337070111,village,2,10.72,Belghoria Expressway,623.39,WADRENGDISA,89.5,Khongsang,62.4,Kolkata Port (Syama Prasad Mookerjee Port) incl. Haldia Dock Complex,634.85,ICD Amingaon,263.21,Moreh ICP,92.53,Lokpriya Gopinath Bordoloi International Airport (GAU),268.19,MMLP Silchar,129.59,Lakhipur Terminal,109.73,FCI Depot Imphal,30.88,DIMA HASAO Toll Plaza,115.64
Changamdabi,IMPHAL EAST,278.0,13346962146,village,102,9.37,Belghoria Expressway,609.25,JIRIBAM,95.24,Khongsang,60.49,Kolkata Port (Syama Prasad Mookerjee Port) incl. Haldia Dock Complex,620.26,ICD Amingaon,286.55,Moreh ICP,52.32,Lokpriya Gopinath Bordoloi International Airport (GAU),290.05,MMLP Silchar,129.69,Lakhipur Terminal,107.33,FCI Depot Imphal,19.52,CACHAR Toll Plaza,133.87
Kamuching,KANGPOKPI,679.0,13346962167,village,102A,8.95,Belghoria Expressway,614.29,JIRIBAM,98.98,Khongsang,63.74,Kolkata Port (Syama Prasad Mookerjee Port) incl. Haldia Dock Complex,625.32,ICD Amingaon,288.06,Moreh ICP,53.83,Lokpriya Gopinath Bordoloi International Airport (GAU),291.76,MMLP Silchar,133.43,Lakhipur Terminal,111.17,FCI Depot Imphal,20.79,CACHAR Toll Plaza,137.26
Bongbal Khullen,KANGPOKPI,679.0,13347754024,village,102A,8.58,Belghoria Expressway,615.81,JIRIBAM,99.84,Khongsang,64.4,Kolkata Port (Syama Prasad Mookerjee Port) incl. Haldia Dock Complex,626.86,ICD Amingaon,287.93,Moreh ICP,55.13,Lokpriya Gopinath Bordoloi International Airport (GAU),291.71,MMLP Silchar,134.26,Lakhipur Terminal,112.07,FCI Depot Imphal,20.89,CACHAR Toll Plaza,137.93
Leingangpokpi,KANGPOKPI,679.0,13347754069,village,102A,8.01,Belghoria Expressway,615.55,JIRIBAM,100.07,Khongsang,64.75,Kolkata Port (Syama Prasad Mookerjee Port) incl. Haldia Dock Complex,626.58,ICD Amingaon,288.69,Moreh ICP,53.99,Lokpriya Gopinath Bordoloi International Airport (GAU),292.44,MMLP Silchar,134.5,Lakhipur Terminal,112.27,FCI Depot Imphal,21.52,CACHAR Toll Plaza,138.27
Rishophung,KANGPOKPI,679.0,13348953924,village,202,9.43,Belghoria Expressway,617.11,JIRIBAM,98.51,Khongsang,62.55,Kolkata Port (Syama Prasad Mookerjee Port) incl. Haldia Dock Complex,628.23,ICD Amingaon,283.47,Moreh ICP,61.68,Lokpriya Gopinath Bordoloi International Airport (GAU),287.45,MMLP Silchar,132.8,Lakhipur Terminal,110.86,FCI Depot Imphal,18.07,CACHAR Toll Plaza,135.91
Chaningpokpi,KANGPOKPI,679.0,13348953952,village,202,9.49,Belghoria Expressway,616.81,JIRIBAM,98.28,Khongsang,62.34,Kolkata Port (Syama Prasad Mookerjee Port) incl. Haldia Dock Complex,627.94,ICD Amingaon,283.4,Moreh ICP,61.53,Lokpriya Gopinath Bordoloi International Airport (GAU),287.37,MMLP Silchar,132.58,Lakhipur Terminal,110.63,FCI Depot Imphal,17.87,CACHAR Toll Plaza,135.7
Leishiphung,KANGPOKPI,679.0,13348953953,village,202,9.17,Belghoria Expressway,616.85,JIRIBAM,98.19,Khongsang,62.23,Kolkata Port (Syama Prasad Mookerjee Port) incl. Haldia Dock Complex,627.98,ICD Amingaon,283.15,Moreh ICP,61.87,Lokpriya Gopinath Bordoloi International Airport (GAU),287.13,MMLP Silchar,132.48,Lakhipur Terminal,110.54,FCI Depot Imphal,17.74,CACHAR Toll Plaza,135.58
Sadu Chiru,KANGPOKPI,679.0,13354275545,village,37,4.91,Belghoria Expressway,581.11,JIRIBAM,62.73,Khongsang,28.34,Kolkata Port (Syama Prasad Mookerjee Port) incl. Haldia Dock Complex,592.32,ICD Amingaon,257.61,Moreh ICP,75.7,Lokpriya Gopinath Bordoloi International Airport (GAU),260.49,MMLP Silchar,97.19,Lakhipur Terminal,74.89,FCI Depot Imphal,20.08,CACHAR Toll Plaza,101.4
Kangmong,IMPHAL WEST,277.0,13356242964,village,37,3.08,Belghoria Expressway,585.83,JIRIBAM,67.76,Khongsang,33.06,Kolkata Port (Syama Prasad Mookerjee Port) incl. Haldia Dock Complex,597.02,ICD Amingaon,261.59,Moreh ICP,72.18,Lokpriya Gopinath Bordoloi International Airport (GAU),264.6,MMLP Silchar,102.21,Lakhipur Terminal,79.93,FCI Depot Imphal,15.62,CACHAR Toll Plaza,106.32
Leimaram Waroiching,KANGPOKPI,679.0,13356366324,village,37,5.09,Belghoria Expressway,582.13,JIRIBAM,64.28,Khongsang,30.03,Kolkata Port (Syama Prasad Mookerjee Port) incl. Haldia Dock Complex,593.33,ICD Amingaon,259.32,Moreh ICP,74.02,Lokpriya Gopinath Bordoloi International Airport (GAU),262.21,MMLP Silchar,98.74,Lakhipur Terminal,76.41,FCI Depot Imphal,19.19,CACHAR Toll Plaza,103.03
Unnamed Village,KANGPOKPI,679.0,13356537059,village,37,4.68,Belghoria Expressway,581.07,JIRIBAM,62.5,Khongsang,28.01,Kolkata Port (Syama Prasad Mookerjee Port) incl. Haldia Dock Complex,592.29,ICD Amingaon,257.22,Moreh ICP,76.12,Lokpriya Gopinath Bordoloi International Airport (GAU),260.11,MMLP Silchar,96.95,Lakhipur Terminal,74.66,FCI Depot Imphal,20.1,CACHAR Toll Plaza,101.12
Joupi,KANGPOKPI,679.0,13358446865,village,37,4.35,Belghoria Expressway,581.7,JIRIBAM,63.18,Khongsang,28.66,Kolkata Port (Syama Prasad Mookerjee Port) incl. Haldia Dock Complex,592.92,ICD Amingaon,257.77,Moreh ICP,75.61,Lokpriya Gopinath Bordoloi International Airport (GAU),260.68,MMLP Silchar,97.63,Lakhipur Terminal,75.35,FCI Depot Imphal,19.48,CACHAR Toll Plaza,101.8
Dolang Khunou,NONEY,659.0,13359898006,village,2,4.92,Belghoria Expressway,575.2,JIRIBAM,60.87,Khongsang,29.48,Kolkata Port (Syama Prasad Mookerjee Port) incl. Haldia Dock Complex,586.34,ICD Amingaon,259.97,Moreh ICP,73.08,Lokpriya Gopinath Bordoloi International Airport (GAU),262.47,MMLP Silchar,95.15,Lakhipur Terminal,72.61,FCI Depot Imphal,26.96,CACHAR Toll Plaza,100.34
Nungang Kabui,NONEY,659.0,13359988649,village,2,4.46,Belghoria Expressway,576.27,JIRIBAM,61.5,Khongsang,29.65,Kolkata Port (Syama Prasad Mookerjee Port) incl. Haldia Dock Complex,587.42,ICD Amingaon,260.1,Moreh ICP,72.92,Lokpriya Gopinath Bordoloi International Airport (GAU),262.65,MMLP Silchar,95.82,Lakhipur Terminal,73.29,FCI Depot Imphal,25.81,CACHAR Toll Plaza,100.9
Zoumunnuam,CHURACHANDPUR,274.0,13364471712,village,2,0.68,Belghoria Expressway,562.5,JIRIBAM,75.92,Khongsang,57.28,Kolkata Port (Syama Prasad Mookerjee Port) incl. Haldia Dock Complex,573.22,ICD Amingaon,282.45,Moreh ICP,59.97,Lokpriya Gopinath Bordoloi International Airport (GAU),283.75,MMLP Silchar,106.32,Lakhipur Terminal,84.79,FCI Depot Imphal,55.68,CACHAR Toll Plaza,114.74
Phaikhothang,CHURACHANDPUR,274.0,13364471797,village,102B,2.13,Belghoria Expressway,558.56,JIRIBAM,79.65,Khongsang,63.62,Kolkata Port (Syama Prasad Mookerjee Port) incl. Haldia Dock Complex,569.19,ICD Amingaon,286.54,Moreh ICP,60.97,Lokpriya Gopinath Bordoloi International Airport (GAU),287.56,MMLP Silchar,108.73,Lakhipur Terminal,87.76,FCI Depot Imphal,63.19,CACHAR Toll Plaza,117.72
M. Shimuol,CHURACHANDPUR,274.0,13364662438,village,102B,1.9,Belghoria Expressway,559.55,JIRIBAM,79.27,Khongsang,62.69,Kolkata Port (Syama Prasad Mookerjee Port) incl. Haldia Dock Complex,570.2,ICD Amingaon,286.12,Moreh ICP,60.36,Lokpriya Gopinath Bordoloi International Airport (GAU),287.2,MMLP Silchar,108.62,Lakhipur Terminal,87.53,FCI Depot Imphal,61.82,CACHAR Toll Plaza,117.5
Mualpi,CHURACHANDPUR,274.0,13364662439,village,102B,1.41,Belghoria Expressway,559.98,JIRIBAM,78.52,Khongsang,61.61,Kolkata Port (Syama Prasad Mookerjee Port) incl. Haldia Dock Complex,570.64,ICD Amingaon,285.33,Moreh ICP,60.37,Lokpriya Gopinath Bordoloi International Airport (GAU),286.45,MMLP Silchar,108.05,Lakhipur Terminal,86.88,FCI Depot Imphal,60.7,CACHAR Toll Plaza,116.85
Mualsang,CHURACHANDPUR,274.0,13364662440,village,102B,1.13,Belghoria Expressway,559.65,JIRIBAM,78.28,Khongsang,61.51,Kolkata Port (Syama Prasad Mookerjee Port) incl. Haldia Dock Complex,570.31,ICD Amingaon,285.1,Moreh ICP,60.71,Lokpriya Gopinath Bordoloi International Airport (GAU),286.21,MMLP Silchar,107.77,Lakhipur Terminal,86.62,FCI Depot Imphal,60.86,CACHAR Toll Plaza,116.59
Misao Lhahvom,CHURACHANDPUR,274.0,13364662441,village,102B,1.43,Belghoria Expressway,559.61,JIRIBAM,78.62,Khongsang,61.92,Kolkata Port (Syama Prasad Mookerjee Port) incl. Haldia Dock Complex,570.26,ICD Amingaon,285.45,Moreh ICP,60.59,Lokpriya Gopinath Bordoloi International Airport (GAU),286.55,MMLP Silchar,108.06,Lakhipur Terminal,86.94,FCI Depot Imphal,61.2,CACHAR Toll Plaza,116.9
Mualkot,CHURACHANDPUR,274.0,13364662442,village,102B,1.24,Belghoria Expressway,560.16,JIRIBAM,78.29,Khongsang,61.26,Kolkata Port (Syama Prasad Mookerjee Port) incl. Haldia Dock Complex,570.82,ICD Amingaon,285.09,Moreh ICP,60.34,Lokpriya Gopinath Bordoloi International Airport (GAU),286.22,MMLP Silchar,107.89,Lakhipur Terminal,86.7,FCI Depot Imphal,60.32,CACHAR Toll Plaza,116.67
Laimanai,CHURACHANDPUR,274.0,13367909052,village,2,5.83,Belghoria Expressway,570.65,JIRIBAM,62.29,Khongsang,34.9,Kolkata Port (Syama Prasad Mookerjee Port) incl. Haldia Dock Complex,581.69,ICD Amingaon,264.73,Moreh ICP,69.2,Lokpriya Gopinath Bordoloi International Airport (GAU),266.87,MMLP Silchar,95.92,Lakhipur Terminal,73.36,FCI Depot Imphal,34.15,CACHAR Toll Plaza,102.13
Tokpa Ching,CHANDEL,280.0,13370683759,village,102C,10.6,Belghoria Expressway,579.08,JIRIBAM,94.47,Khongsang,71.45,Kolkata Port (Syama Prasad Mookerjee Port) incl. Haldia Dock Complex,589.65,ICD Amingaon,300.03,Moreh ICP,40.24,Lokpriya Gopinath Bordoloi International Airport (GAU),301.72,MMLP Silchar,125.78,Lakhipur Terminal,103.95,FCI Depot Imphal,56.56,CACHAR Toll Plaza,133.79
G. Gamphazawl,CHURACHANDPUR,274.0,13373028555,village,102B,17.14,Belghoria Expressway,559.97,JIRIBAM,100.43,Khongsang,86.05,Kolkata Port (Syama Prasad Mookerjee Port) incl. Haldia Dock Complex,570.28,ICD Amingaon,307.22,Moreh ICP,56.45,Lokpriya Gopinath Bordoloi International Airport (GAU),307.87,MMLP Silchar,127.48,Lakhipur Terminal,107.53,FCI Depot Imphal,81.16,CACHAR Toll Plaza,137.26
Sialshi,CHURACHANDPUR,274.0,13373028572,village,102B,15.69,Belghoria Expressway,561.1,JIRIBAM,98.42,Khongsang,83.4,Kolkata Port (Syama Prasad Mookerjee Port) incl. Haldia Dock Complex,571.44,ICD Amingaon,305.28,Moreh ICP,55.2,Lokpriya Gopinath Bordoloi International Airport (GAU),306.02,MMLP Silchar,125.91,Lakhipur Terminal,105.74,FCI Depot Imphal,78.21,CACHAR Toll Plaza,135.54
Aigejang,KANGPOKPI,679.0,13375126863,village,2,4.85,Belghoria Expressway,579.96,JIRIBAM,63.04,Khongsang,29.48,Kolkata Port (Syama Prasad Mookerjee Port) incl. Haldia Dock Complex,591.14,ICD Amingaon,259.35,Moreh ICP,73.78,Lokpriya Gopinath Bordoloi International Airport (GAU),262.12,MMLP Silchar,97.47,Lakhipur Terminal,75.07,FCI Depot Imphal,21.54,CACHAR Toll Plaza,102.03
Kabowakching,BISHNUPUR,275.0,13375741049,village,2,1.92,Belghoria Expressway,585.35,JIRIBAM,68.25,Khongsang,34.01,Kolkata Port (Syama Prasad Mookerjee Port) incl. Haldia Dock Complex,596.52,ICD Amingaon,263.01,Moreh ICP,70.56,Lokpriya Gopinath Bordoloi International Airport (GAU),265.96,MMLP Silchar,102.71,Lakhipur Terminal,80.35,FCI Depot Imphal,16.56,CACHAR Toll Plaza,107.03
Kabowakching Khunou,BISHNUPUR,275.0,13375741067,village,2,2.64,Belghoria Expressway,585.05,JIRIBAM,67.67,Khongsang,33.33,Kolkata Port (Syama Prasad Mookerjee Port) incl. Haldia Dock Complex,596.23,ICD Amingaon,262.28,Moreh ICP,71.29,Lokpriya Gopinath Bordoloi International Airport (GAU),265.24,MMLP Silchar,102.12,Lakhipur Terminal,79.79,FCI Depot Imphal,16.66,CACHAR Toll Plaza,106.4
Balramkhul,BISHNUPUR,275.0,13375741068,village,2,1.56,Belghoria Expressway,586.21,JIRIBAM,69.09,Khongsang,34.75,Kolkata Port (Syama Prasad Mookerjee Port) incl. Haldia Dock Complex,597.37,ICD Amingaon,263.6,Moreh ICP,70.06,Lokpriya Gopinath Bordoloi International Airport (GAU),266.58,MMLP Silchar,103.54,Lakhipur Terminal,81.2,FCI Depot Imphal,15.81,CACHAR Toll Plaza,107.84
Jampi,KANGPOKPI,679.0,13379076565,village,2,4.66,Belghoria Expressway,600.79,DAOTUHAJA,72.12,Khongsang,39.84,Kolkata Port (Syama Prasad Mookerjee Port) incl. Haldia Dock Complex,612.26,ICD Amingaon,249.08,Moreh ICP,92.68,Lokpriya Gopinath Bordoloi International Airport (GAU),253.3,MMLP Silchar,107.41,Lakhipur Terminal,87.23,FCI Depot Imphal,21.83,DIMA HASAO Toll Plaza,106.24
Unnamed Village,CHURACHANDPUR,274.0,13383152933,village,2,0.73,Belghoria Expressway,563.88,JIRIBAM,71.23,Khongsang,50.92,Kolkata Port (Syama Prasad Mookerjee Port) incl. Haldia Dock Complex,574.68,ICD Amingaon,277.26,Moreh ICP,62.13,Lokpriya Gopinath Bordoloi International Airport (GAU),278.75,MMLP Silchar,102.52,Lakhipur Terminal,80.64,FCI Depot Imphal,50.05,CACHAR Toll Plaza,110.48
S. Phaipijang,CHURACHANDPUR,274.0,13383152934,village,2,0.55,Belghoria Expressway,564.3,JIRIBAM,71.33,Khongsang,50.8,Kolkata Port (Syama Prasad Mookerjee Port) incl. Haldia Dock Complex,575.11,ICD Amingaon,277.3,Moreh ICP,61.88,Lokpriya Gopinath Bordoloi International Airport (GAU),278.82,MMLP Silchar,102.7,Lakhipur Terminal,80.79,FCI Depot Imphal,49.63,CACHAR Toll Plaza,110.62
Saidan,CHURACHANDPUR,274.0,13387626108,village,2,1.18,Belghoria Expressway,564.16,JIRIBAM,75.4,Khongsang,55.77,Kolkata Port (Syama Prasad Mookerjee Port) incl. Haldia Dock Complex,574.9,ICD Amingaon,281.7,Moreh ICP,59.32,Lokpriya Gopinath Bordoloi International Airport (GAU),283.11,MMLP Silchar,106.22,Lakhipur Terminal,84.52,FCI Depot Imphal,53.32,CACHAR Toll Plaza,114.43
Dumlian,CHURACHANDPUR,274.0,13387658725,village,2,9.99,Belghoria Expressway,571.43,JIRIBAM,83.84,Khongsang,62.12,Kolkata Port (Syama Prasad Mookerjee Port) incl. Haldia Dock Complex,582.1,ICD Amingaon,289.71,Moreh ICP,50.43,Lokpriya Gopinath Bordoloi International Airport (GAU),291.28,MMLP Silchar,115.02,Lakhipur Terminal,93.21,FCI Depot Imphal,53.13,CACHAR Toll Plaza,123.08
T. Gamnom,CHURACHANDPUR,274.0,13387734064,village,102B,5.16,Belghoria Expressway,564.94,JIRIBAM,80.59,Khongsang,61.48,Kolkata Port (Syama Prasad Mookerjee Port) incl. Haldia Dock Complex,575.61,ICD Amingaon,287.1,Moreh ICP,56.03,Lokpriya Gopinath Bordoloi International Airport (GAU),288.42,MMLP Silchar,110.91,Lakhipur Terminal,89.43,FCI Depot Imphal,57.19,CACHAR Toll Plaza,119.38
D. Gellenjang,BISHNUPUR,275.0,13394219269,village,2,6.69,Belghoria Expressway,569.62,JIRIBAM,79.14,Khongsang,57.35,Kolkata Port (Syama Prasad Mookerjee Port) incl. Haldia Dock Complex,580.35,ICD Amingaon,284.9,Moreh ICP,54.25,Lokpriya Gopinath Bordoloi International Airport (GAU),286.49,MMLP Silchar,110.56,Lakhipur Terminal,88.65,FCI Depot Imphal,50.44,CACHAR Toll Plaza,118.48
Sihjang,CHURACHANDPUR,274.0,13394219270,village,2,7.56,Belghoria Expressway,570.48,JIRIBAM,79.78,Khongsang,57.68,Kolkata Port (Syama Prasad Mookerjee Port) incl. Haldia Dock Complex,581.21,ICD Amingaon,285.44,Moreh ICP,53.44,Lokpriya Gopinath Bordoloi International Airport (GAU),287.06,MMLP Silchar,111.28,Lakhipur Terminal,89.34,FCI Depot Imphal,50.05,CACHAR Toll Plaza,119.15
Haotak Keirap,BISHNUPUR,275.0,13394219271,village,2,6.37,Belghoria Expressway,569.33,JIRIBAM,78.81,Khongsang,57.09,Kolkata Port (Syama Prasad Mookerjee Port) incl. Haldia Dock Complex,580.07,ICD Amingaon,284.58,Moreh ICP,54.6,Lokpriya Gopinath Bordoloi International Airport (GAU),286.17,MMLP Silchar,110.21,Lakhipur Terminal,88.31,FCI Depot Imphal,50.45,CACHAR Toll Plaza,118.13
O. Songlung,CHURACHANDPUR,274.0,13438036186,village,2,2.72,Belghoria Expressway,566.46,JIRIBAM,74.67,Khongsang,53.62,Kolkata Port (Syama Prasad Mookerjee Port) incl. Haldia Dock Complex,577.23,ICD Amingaon,280.57,Moreh ICP,58.66,Lokpriya Gopinath Bordoloi International Airport (GAU),282.11,MMLP Silchar,106.04,Lakhipur Terminal,84.14,FCI Depot Imphal,49.95,CACHAR Toll Plaza,113.97
Pumkot Minjang,BISHNUPUR,275.0,13438043861,village,2,4.31,Belghoria Expressway,569.16,JIRIBAM,75.73,Khongsang,53.41,Kolkata Port (Syama Prasad Mookerjee Port) incl. Haldia Dock Complex,579.95,ICD Amingaon,281.22,Moreh ICP,56.82,Lokpriya Gopinath Bordoloi International Airport (GAU),282.87,MMLP Silchar,107.48,Lakhipur Terminal,85.45,FCI Depot Imphal,47.65,CACHAR Toll Plaza,115.19
Lailampat,BISHNUPUR,275.0,13438052422,village,2,4.84,Belghoria Expressway,569.65,JIRIBAM,76.2,Khongsang,53.72,Kolkata Port (Syama Prasad Mookerjee Port) incl. Haldia Dock Complex,580.43,ICD Amingaon,281.63,Moreh ICP,56.29,Lokpriya Gopinath Bordoloi International Airport (GAU),283.31,MMLP Silchar,107.98,Lakhipur Terminal,85.94,FCI Depot Imphal,47.5,CACHAR Toll Plaza,115.67
Kha Thingungei,BISHNUPUR,275.0,13443958836,village,2,5.27,Belghoria Expressway,573.75,JIRIBAM,76.58,Khongsang,51.95,Kolkata Port (Syama Prasad Mookerjee Port) incl. Haldia Dock Complex,584.57,ICD Amingaon,281.05,Moreh ICP,54.85,Lokpriya Gopinath Bordoloi International Airport (GAU),282.94,MMLP Silchar,109.04,Lakhipur Terminal,86.77,FCI Depot Imphal,42.69,CACHAR Toll Plaza,116.29
Gamnomphai,BISHNUPUR,275.0,13443958837,village,2,3.09,Belghoria Expressway,568.5,JIRIBAM,74.26,Khongsang,51.97,Kolkata Port (Syama Prasad Mookerjee Port) incl. Haldia Dock Complex,579.3,ICD Amingaon,279.72,Moreh ICP,58.14,Lokpriya Gopinath Bordoloi International Airport (GAU),281.38,MMLP Silchar,106.07,Lakhipur Terminal,84.01,FCI Depot Imphal,47.08,CACHAR Toll Plaza,113.74
Unnamed Village,CHURACHANDPUR,274.0,13444031188,village,102B,5.63,Belghoria Expressway,565.54,JIRIBAM,80.91,Khongsang,61.55,Kolkata Port (Syama Prasad Mookerjee Port) incl. Haldia Dock Complex,576.2,ICD Amingaon,287.37,Moreh ICP,55.49,Lokpriya Gopinath Bordoloi International Airport (GAU),288.71,MMLP Silchar,111.31,Lakhipur Terminal,89.8,FCI Depot Imphal,56.84,CACHAR Toll Plaza,119.75
Unnamed Village,TENGNOUPAL,667.0,13462259282,village,102,4.13,Belghoria Expressway,619.22,JIRIBAM,130.4,Khongsang,100.86,Kolkata Port (Syama Prasad Mookerjee Port) incl. Haldia Dock Complex,629.63,ICD Amingaon,331.11,Moreh ICP,5.32,Lokpriya Gopinath Bordoloi International Airport (GAU),333.83,MMLP Silchar,163.53,Lakhipur Terminal,141.11,FCI Depot Imphal,67.58,CACHAR Toll Plaza,170.26
Sehjang,TAMENGLONG,273.0,13504884094,village,37,0.1,Belghoria Expressway,578.12,JIRIBAM,56.88,Khongsang,21.37,Kolkata Port (Syama Prasad Mookerjee Port) incl. Haldia Dock Complex,589.42,ICD Amingaon,249.83,Moreh ICP,83.55,Lokpriya Gopinath Bordoloi International Airport (GAU),252.77,MMLP Silchar,91.23,Lakhipur Terminal,69.21,FCI Depot Imphal,23.87,CACHAR Toll Plaza,94.86
Maite,PHERZAWL,718.0,13587535190,village,2,2.79,Belghoria Expressway,541.1,JIRIBAM,61.04,Khongsang,53.5,Kolkata Port (Syama Prasad Mookerjee Port) incl. Haldia Dock Complex,551.91,ICD Amingaon,267.58,Moreh ICP,82.05,Lokpriya Gopinath Bordoloi International Airport (GAU),268.15,MMLP Silchar,87.98,Lakhipur Terminal,67.81,FCI Depot Imphal,68.32,CACHAR Toll Plaza,97.55
Tuilijang,PHERZAWL,718.0,13587535191,village,2,2.55,Belghoria Expressway,541.31,JIRIBAM,61.46,Khongsang,53.79,Kolkata Port (Syama Prasad Mookerjee Port) incl. Haldia Dock Complex,552.12,ICD Amingaon,268.01,Moreh ICP,81.69,Lokpriya Gopinath Bordoloi International Airport (GAU),268.59,MMLP Silchar,88.41,Lakhipur Terminal,68.24,FCI Depot Imphal,68.33,CACHAR Toll Plaza,97.99
L. Phungchongjang,PHERZAWL,718.0,13587535192,village,2,4.64,Belghoria Expressway,539.42,JIRIBAM,63.79,Khongsang,57.21,Kolkata Port (Syama Prasad Mookerjee Port) incl. Haldia Dock Complex,550.18,ICD Amingaon,270.02,Moreh ICP,82.24,Lokpriya Gopinath Bordoloi International Airport (GAU),270.47,MMLP Silchar,89.87,Lakhipur Terminal,70.11,FCI Depot Imphal,71.48,CACHAR Toll Plaza,99.71
Sinjang,PHERZAWL,718.0,13587535195,village,2,3.98,Belghoria Expressway,531.08,JIRIBAM,59.74,Khongsang,58.32,Kolkata Port (Syama Prasad Mookerjee Port) incl. Haldia Dock Complex,541.88,ICD Amingaon,264.68,Moreh ICP,90.88,Lokpriya Gopinath Bordoloi International Airport (GAU),264.82,MMLP Silchar,83.57,Lakhipur Terminal,64.81,FCI Depot Imphal,77.52,CACHAR Toll Plaza,93.91
Umtal,PHERZAWL,718.0,13587545819,village,102B,4.55,Belghoria Expressway,532.37,JIRIBAM,70.51,Khongsang,67.48,Kolkata Port (Syama Prasad Mookerjee Port) incl. Haldia Dock Complex,543.01,ICD Amingaon,275.13,Moreh ICP,86.3,Lokpriya Gopinath Bordoloi International Airport (GAU),275.14,MMLP Silchar,93.67,Lakhipur Terminal,75.39,FCI Depot Imphal,81.97,CACHAR Toll Plaza,104.26
Gelmol,BISHNUPUR,275.0,13590657652,village,2,1.25,Belghoria Expressway,569.88,JIRIBAM,70.08,Khongsang,45.87,Kolkata Port (Syama Prasad Mookerjee Port) incl. Haldia Dock Complex,580.77,ICD Amingaon,274.6,Moreh ICP,61.23,Lokpriya Gopinath Bordoloi International Airport (GAU),276.45,MMLP Silchar,102.67,Lakhipur Terminal,80.35,FCI Depot Imphal,41.48,CACHAR Toll Plaza,109.82
Ujungmakhong,BISHNUPUR,275.0,13590657653,village,2,1.6,Belghoria Expressway,570.45,JIRIBAM,69.8,Khongsang,45.16,Kolkata Port (Syama Prasad Mookerjee Port) incl. Haldia Dock Complex,581.35,ICD Amingaon,274.1,Moreh ICP,61.42,Lokpriya Gopinath Bordoloi International Airport (GAU),275.99,MMLP Silchar,102.52,Lakhipur Terminal,80.17,FCI Depot Imphal,40.47,CACHAR Toll Plaza,109.57
Senpangjar,BISHNUPUR,275.0,13590657654,village,2,1.87,Belghoria Expressway,570.73,JIRIBAM,69.58,Khongsang,44.69,Kolkata Port (Syama Prasad Mookerjee Port) incl. Haldia Dock Complex,581.64,ICD Amingaon,273.74,Moreh ICP,61.6,Lokpriya Gopinath Bordoloi International Airport (GAU),275.65,MMLP Silchar,102.37,Lakhipur Terminal,80.0,FCI Depot Imphal,39.89,CACHAR Toll Plaza,109.37
Kangathei,BISHNUPUR,275.0,13590657655,village,2,2.12,Belghoria Expressway,570.78,JIRIBAM,68.89,Khongsang,43.77,Kolkata Port (Syama Prasad Mookerjee Port) incl. Haldia Dock Complex,581.7,ICD Amingaon,272.9,Moreh ICP,62.25,Lokpriya Gopinath Bordoloi International Airport (GAU),274.84,MMLP Silchar,101.78,Lakhipur Terminal,79.38,FCI Depot Imphal,39.22,CACHAR Toll Plaza,108.7
Bunglon,CHURACHANDPUR,274.0,13590657656,village,2,3.58,Belghoria Expressway,569.33,JIRIBAM,67.83,Khongsang,43.3,Kolkata Port (Syama Prasad Mookerjee Port) incl. Haldia Dock Complex,580.25,ICD Amingaon,272.12,Moreh ICP,63.36,Lokpriya Gopinath Bordoloi International Airport (GAU),274.01,MMLP Silchar,100.6,Lakhipur Terminal,78.23,FCI Depot Imphal,40.26,CACHAR Toll Plaza,107.61
Bijang Gangte,CHURACHANDPUR,274.0,13590657670,village,2,2.54,Belghoria Expressway,568.0,JIRIBAM,68.7,Khongsang,45.28,Kolkata Port (Syama Prasad Mookerjee Port) incl. Haldia Dock Complex,578.89,ICD Amingaon,273.54,Moreh ICP,62.76,Lokpriya Gopinath Bordoloi International Airport (GAU),275.33,MMLP Silchar,101.13,Lakhipur Terminal,78.86,FCI Depot Imphal,42.76,CACHAR Toll Plaza,108.39
L. Maovom,CHURACHANDPUR,274.0,13590657671,village,2,2.58,Belghoria Expressway,567.24,JIRIBAM,68.62,Khongsang,45.65,Kolkata Port (Syama Prasad Mookerjee Port) incl. Haldia Dock Complex,578.13,ICD Amingaon,273.65,Moreh ICP,62.99,Lokpriya Gopinath Bordoloi International Airport (GAU),275.4,MMLP Silchar,100.92,Lakhipur Terminal,78.69,FCI Depot Imphal,43.67,CACHAR Toll Plaza,108.27
P. Boljang,CHURACHANDPUR,274.0,13590657672,village,2,2.21,Belghoria Expressway,567.58,JIRIBAM,69.0,Khongsang,45.91,Kolkata Port (Syama Prasad Mookerjee Port) incl. Haldia Dock Complex,578.46,ICD Amingaon,273.99,Moreh ICP,62.6,Lokpriya Gopinath Bordoloi International Airport (GAU),275.75,MMLP Silchar,101.31,Lakhipur Terminal,79.07,FCI Depot Imphal,43.55,CACHAR Toll Plaza,108.65
Bungpilon,CHURACHANDPUR,274.0,13590657691,village,2,3.6,Belghoria Expressway,566.09,JIRIBAM,67.59,Khongsang,45.07,Kolkata Port (Syama Prasad Mookerjee Port) incl. Haldia Dock Complex,576.98,ICD Amingaon,272.77,Moreh ICP,64.12,Lokpriya Gopinath Bordoloi International Airport (GAU),274.48,MMLP Silchar,99.8,Lakhipur Terminal,77.6,FCI Depot Imphal,44.3,CACHAR Toll Plaza,107.21
Bijang Tampak,CHURACHANDPUR,274.0,13593155108,village,2,3.23,Belghoria Expressway,568.31,JIRIBAM,68.07,Khongsang,44.26,Kolkata Port (Syama Prasad Mookerjee Port) incl. Haldia Dock Complex,579.21,ICD Amingaon,272.71,Moreh ICP,63.27,Lokpriya Gopinath Bordoloi International Airport (GAU),274.53,MMLP Silchar,100.63,Lakhipur Terminal,78.31,FCI Depot Imphal,41.81,CACHAR Toll Plaza,107.79
L. Phainom,BISHNUPUR,275.0,13593155140,village,2,2.67,Belghoria Expressway,570.23,JIRIBAM,68.47,Khongsang,43.56,Kolkata Port (Syama Prasad Mookerjee Port) incl. Haldia Dock Complex,581.16,ICD Amingaon,272.58,Moreh ICP,62.69,Lokpriya Gopinath Bordoloi International Airport (GAU),274.5,MMLP Silchar,101.32,Lakhipur Terminal,78.93,FCI Depot Imphal,39.59,CACHAR Toll Plaza,108.27
Laimanai Kuki,CHURACHANDPUR,274.0,13620908700,village,2,3.18,Belghoria Expressway,566.39,JIRIBAM,68.01,Khongsang,45.41,Kolkata Port (Syama Prasad Mookerjee Port) incl. Haldia Dock Complex,577.27,ICD Amingaon,273.17,Moreh ICP,63.7,Lokpriya Gopinath Bordoloi International Airport (GAU),274.88,MMLP Silchar,100.22,Lakhipur Terminal,78.02,FCI Depot Imphal,44.26,CACHAR Toll Plaza,107.63
Phoisanbung,CHURACHANDPUR,274.0,13638936947,village,2,1.67,Belghoria Expressway,566.96,JIRIBAM,69.51,Khongsang,46.94,Kolkata Port (Syama Prasad Mookerjee Port) incl. Haldia Dock Complex,577.83,ICD Amingaon,274.73,Moreh ICP,62.32,Lokpriya Gopinath Bordoloi International Airport (GAU),276.43,MMLP Silchar,101.64,Lakhipur Terminal,79.46,FCI Depot Imphal,44.78,CACHAR Toll Plaza,109.1
Phoisenphai,BISHNUPUR,275.0,13723913893,village,2,0.65,Belghoria Expressway,567.29,JIRIBAM,70.52,Khongsang,48.01,Kolkata Port (Syama Prasad Mookerjee Port) incl. Haldia Dock Complex,578.15,ICD Amingaon,275.79,Moreh ICP,61.42,Lokpriya Gopinath Bordoloi International Airport (GAU),277.49,MMLP Silchar,102.58,Lakhipur Terminal,80.43,FCI Depot Imphal,45.22,CACHAR Toll Plaza,110.09
Ukhatampak,BISHNUPUR,275.0,13723913894,village,2,0.76,Belghoria Expressway,567.42,JIRIBAM,70.42,Khongsang,47.81,Kolkata Port (Syama Prasad Mookerjee Port) incl. Haldia Dock Complex,578.27,ICD Amingaon,275.65,Moreh ICP,61.46,Lokpriya Gopinath Bordoloi International Airport (GAU),277.36,MMLP Silchar,102.52,Lakhipur Terminal,80.35,FCI Depot Imphal,44.98,CACHAR Toll Plaza,110.0
Khebungphe,CHANDEL,280.0,13738262194,village,102C,18.25,Belghoria Expressway,577.67,JIRIBAM,104.11,Khongsang,83.4,Kolkata Port (Syama Prasad Mookerjee Port) incl. Haldia Dock Complex,588.06,ICD Amingaon,310.55,Moreh ICP,38.67,Lokpriya Gopinath Bordoloi International Airport (GAU),311.92,MMLP Silchar,134.12,Lakhipur Terminal,112.84,FCI Depot Imphal,69.25,CACHAR Toll Plaza,142.81
South Changoubung,KANGPOKPI,679.0,13748887102,village,2,0.64,Belghoria Expressway,619.51,DHANSIRI,77.74,Khongsang,60.04,Kolkata Port (Syama Prasad Mookerjee Port) incl. Haldia Dock Complex,631.1,ICD Amingaon,250.63,Moreh ICP,104.9,Lokpriya Gopinath Bordoloi International Airport (GAU),255.84,MMLP Silchar,123.47,Lakhipur Terminal,104.88,FCI Depot Imphal,38.74,DIMA HASAO Toll Plaza,102.33
Tumuyon Khullen,KANGPOKPI,679.0,13748887109,village,2,0.01,Belghoria Expressway,621.05,DHANSIRI,76.91,Khongsang,61.75,Kolkata Port (Syama Prasad Mookerjee Port) incl. Haldia Dock Complex,632.66,ICD Amingaon,250.9,Moreh ICP,105.98,Lokpriya Gopinath Bordoloi International Airport (GAU),256.19,MMLP Silchar,124.89,Lakhipur Terminal,106.4,FCI Depot Imphal,40.3,DIMA HASAO Toll Plaza,102.28
Maohing Kuki,KANGPOKPI,679.0,13748887110,village,2,1.78,Belghoria Expressway,619.01,DHANSIRI,76.2,Khongsang,59.9,Kolkata Port (Syama Prasad Mookerjee Port) incl. Haldia Dock Complex,630.62,ICD Amingaon,249.13,Moreh ICP,106.36,Lokpriya Gopinath Bordoloi International Airport (GAU),254.37,MMLP Silchar,122.78,Lakhipur Terminal,104.35,FCI Depot Imphal,39.83,DIMA HASAO Toll Plaza,100.76
Upper Maohing,KANGPOKPI,679.0,13748887111,village,2,2.71,Belghoria Expressway,618.51,DHANSIRI,75.3,Khongsang,59.63,Kolkata Port (Syama Prasad Mookerjee Port) incl. Haldia Dock Complex,630.13,ICD Amingaon,248.12,Moreh ICP,107.2,Lokpriya Gopinath Bordoloi International Airport (GAU),253.36,MMLP Silchar,122.16,Lakhipur Terminal,103.83,FCI Depot Imphal,40.39,DIMA HASAO Toll Plaza,99.73
Maohing Nepali,KANGPOKPI,679.0,13748887112,village,2,1.23,Belghoria Expressway,619.29,DHANSIRI,76.74,Khongsang,60.05,Kolkata Port (Syama Prasad Mookerjee Port) incl. Haldia Dock Complex,630.9,ICD Amingaon,249.72,Moreh ICP,105.86,Lokpriya Gopinath Bordoloi International Airport (GAU),254.95,MMLP Silchar,123.13,Lakhipur Terminal,104.64,FCI Depot Imphal,39.5,DIMA HASAO Toll Plaza,101.36
Hengbung,KANGPOKPI,679.0,13749164275,village,2,0.06,Belghoria Expressway,624.49,DHANSIRI,74.18,Khongsang,65.78,Kolkata Port (Syama Prasad Mookerjee Port) incl. Haldia Dock Complex,636.13,ICD Amingaon,250.77,Moreh ICP,109.43,Lokpriya Gopinath Bordoloi International Airport (GAU),256.25,MMLP Silchar,127.94,Lakhipur Terminal,109.81,FCI Depot Imphal,44.65,DIMA HASAO Toll Plaza,101.42
K. Mollen,UKHRUL,279.0,13764456786,village,202,13.79,Belghoria Expressway,628.33,RANGAPAHAR,94.64,Khongsang,67.36,Kolkata Port (Syama Prasad Mookerjee Port) incl. Haldia Dock Complex,639.75,ICD Amingaon,268.95,Moreh ICP,90.08,Lokpriya Gopinath Bordoloi International Airport (GAU),273.99,MMLP Silchar,135.14,Lakhipur Terminal,115.07,FCI Depot Imphal,32.7,DIMA HASAO Toll Plaza,120.97
Gampum,KANGPOKPI,679.0,13764468309,village,202,14.73,Belghoria Expressway,628.14,RANGAPAHAR,93.69,Khongsang,67.15,Kolkata Port (Syama Prasad Mookerjee Port) incl. Haldia Dock Complex,639.57,ICD Amingaon,268.1,Moreh ICP,90.97,Lokpriya Gopinath Bordoloi International Airport (GAU),273.16,MMLP Silchar,134.75,Lakhipur Terminal,114.75,FCI Depot Imphal,33.06,DIMA HASAO Toll Plaza,120.05
Khomunnom,UKHRUL,279.0,13764468310,village,202,15.41,Belghoria Expressway,629.86,RANGAPAHAR,92.51,Khongsang,68.86,Kolkata Port (Syama Prasad Mookerjee Port) incl. Haldia Dock Complex,641.31,ICD Amingaon,268.23,Moreh ICP,92.54,Lokpriya Gopinath Bordoloi International Airport (GAU),273.38,MMLP Silchar,136.16,Lakhipur Terminal,116.3,FCI Depot Imphal,35.19,DIMA HASAO Toll Plaza,119.84
Jangnoi,KANGPOKPI,679.0,13764468311,village,2,15.8,Belghoria Expressway,629.9,RANGAPAHAR,91.76,Khongsang,68.91,Kolkata Port (Syama Prasad Mookerjee Port) incl. Haldia Dock Complex,641.36,ICD Amingaon,267.68,Moreh ICP,93.28,Lokpriya Gopinath Bordoloi International Airport (GAU),272.86,MMLP Silchar,136.05,Lakhipur Terminal,116.25,FCI Depot Imphal,35.65,DIMA HASAO Toll Plaza,119.21
Gangpikon,KANGPOKPI,679.0,13764468328,village,202,12.49,Belghoria Expressway,627.86,WADRENGDISA,95.89,Khongsang,66.95,Kolkata Port (Syama Prasad Mookerjee Port) incl. Haldia Dock Complex,639.27,ICD Amingaon,269.66,Moreh ICP,88.71,Lokpriya Gopinath Bordoloi International Airport (GAU),274.66,MMLP Silchar,134.98,Lakhipur Terminal,114.8,FCI Depot Imphal,31.61,DIMA HASAO Toll Plaza,121.88
Mullam,UKHRUL,279.0,13764737230,village,202,6.12,Belghoria Expressway,633.53,RANGAPAHAR,101.28,Khongsang,72.98,Kolkata Port (Syama Prasad Mookerjee Port) incl. Haldia Dock Complex,644.88,ICD Amingaon,277.15,Moreh ICP,85.14,Lokpriya Gopinath Bordoloi International Airport (GAU),282.18,MMLP Silchar,141.69,Lakhipur Terminal,121.22,FCI Depot Imphal,34.55,DIMA HASAO Toll Plaza,129.06
Shongphel,UKHRUL,279.0,13764743627,village,202,5.17,Belghoria Expressway,632.01,RANGAPAHAR,102.9,Khongsang,71.67,Kolkata Port (Syama Prasad Mookerjee Port) incl. Haldia Dock Complex,643.35,ICD Amingaon,277.52,Moreh ICP,83.06,Lokpriya Gopinath Bordoloi International Airport (GAU),282.47,MMLP Silchar,140.67,Lakhipur Terminal,120.05,FCI Depot Imphal,32.54,DIMA HASAO Toll Plaza,129.81
Nampisha,KAMJANG,670.0,13812146040,village,102A,9.27,Belghoria Expressway,649.84,JIRIBAM,136.92,Khongsang,101.36,Kolkata Port (Syama Prasad Mookerjee Port) incl. Haldia Dock Complex,660.72,ICD Amingaon,320.65,Moreh ICP,53.68,Lokpriya Gopinath Bordoloi International Airport (GAU),325.07,MMLP Silchar,171.34,Lakhipur Terminal,149.15,FCI Depot Imphal,57.11,DIMA HASAO Toll Plaza,174.5
Wanglee Market,KAMJANG,670.0,13812146049,village,102A,10.54,Belghoria Expressway,636.39,JIRIBAM,133.59,Khongsang,100.18,Kolkata Port (Syama Prasad Mookerjee Port) incl. Haldia Dock Complex,647.04,ICD Amingaon,326.76,Moreh ICP,30.48,Lokpriya Gopinath Bordoloi International Airport (GAU),330.37,MMLP Silchar,167.84,Lakhipur Terminal,145.28,FCI Depot Imphal,59.43,CACHAR Toll Plaza,172.94
Namlee Market,KAMJANG,670.0,13812146050,village,102A,11.16,Belghoria Expressway,635.51,JIRIBAM,133.3,Khongsang,100.04,Kolkata Port (Syama Prasad Mookerjee Port) incl. Haldia Dock Complex,646.15,ICD Amingaon,326.91,Moreh ICP,29.23,Lokpriya Gopinath Bordoloi International Airport (GAU),330.48,MMLP Silchar,167.52,Lakhipur Terminal,144.95,FCI Depot Imphal,59.59,CACHAR Toll Plaza,172.7
Kangkum,KAMJANG,670.0,13812146076,village,102A,2.7,Belghoria Expressway,636.87,JIRIBAM,129.05,Khongsang,94.65,Kolkata Port (Syama Prasad Mookerjee Port) incl. Haldia Dock Complex,647.64,ICD Amingaon,319.22,Moreh ICP,38.71,Lokpriya Gopinath Bordoloi International Airport (GAU),323.08,MMLP Silchar,163.47,Lakhipur Terminal,141.0,FCI Depot Imphal,52.25,CACHAR Toll Plaza,167.95
Lanchah,KAMJANG,670.0,13816245044,village,202,14.11,Belghoria Expressway,666.12,RANGAPAHAR,122.4,Khongsang,107.27,Kolkata Port (Syama Prasad Mookerjee Port) incl. Haldia Dock Complex,677.32,ICD Amingaon,309.29,Moreh ICP,87.4,Lokpriya Gopinath Bordoloi International Airport (GAU),314.86,MMLP Silchar,176.75,Lakhipur Terminal,155.89,FCI Depot Imphal,64.97,DIMA HASAO Toll Plaza,159.19
Sahamphung,UKHRUL,279.0,13816269616,village,202,12.7,Belghoria Expressway,666.82,RANGAPAHAR,120.97,Khongsang,107.64,Kolkata Port (Syama Prasad Mookerjee Port) incl. Haldia Dock Complex,678.04,ICD Amingaon,308.47,Moreh ICP,89.25,Lokpriya Gopinath Bordoloi International Airport (GAU),314.11,MMLP Silchar,176.96,Lakhipur Terminal,156.21,FCI Depot Imphal,65.66,DIMA HASAO Toll Plaza,158.24
Roni,KAMJANG,670.0,13816269634,village,202,13.59,Belghoria Expressway,668.99,RANGAPAHAR,121.59,Khongsang,109.74,Kolkata Port (Syama Prasad Mookerjee Port) incl. Haldia Dock Complex,680.21,ICD Amingaon,309.84,Moreh ICP,90.76,Lokpriya Gopinath Bordoloi International Airport (GAU),315.54,MMLP Silchar,179.01,Lakhipur Terminal,158.29,FCI Depot Imphal,67.83,DIMA HASAO Toll Plaza,159.48
Aloyo,KAMJANG,670.0,13817952182,village,102A,8.68,Belghoria Expressway,644.61,JIRIBAM,137.67,Khongsang,103.19,Kolkata Port (Syama Prasad Mookerjee Port) incl. Haldia Dock Complex,655.34,ICD Amingaon,327.04,Moreh ICP,40.73,Lokpriya Gopinath Bordoloi International Airport (GAU),331.03,MMLP Silchar,172.08,Lakhipur Terminal,149.61,FCI Depot Imphal,60.46,CACHAR Toll Plaza,176.54
Huimin Thana,KAMJANG,670.0,13818907065,village,102A,13.82,Belghoria Expressway,655.0,JIRIBAM,142.3,Khongsang,106.7,Kolkata Port (Syama Prasad Mookerjee Port) incl. Haldia Dock Complex,665.86,ICD Amingaon,325.24,Moreh ICP,56.03,Lokpriya Gopinath Bordoloi International Airport (GAU),329.76,MMLP Silchar,176.71,Lakhipur Terminal,154.53,FCI Depot Imphal,62.39,DIMA HASAO Toll Plaza,178.6
Z. Choro,KAMJANG,670.0,13822812425,village,102A,9.23,Belghoria Expressway,643.56,JIRIBAM,137.36,Khongsang,103.05,Kolkata Port (Syama Prasad Mookerjee Port) incl. Haldia Dock Complex,654.27,ICD Amingaon,327.4,Moreh ICP,39.04,Lokpriya Gopinath Bordoloi International Airport (GAU),331.33,MMLP Silchar,171.76,Lakhipur Terminal,149.27,FCI Depot Imphal,60.6,CACHAR Toll Plaza,176.33
Kotzim,KANGPOKPI,679.0,13828520652,village,37,5.37,Belghoria Expressway,587.78,JIRIBAM,64.35,Khongsang,28.05,Kolkata Port (Syama Prasad Mookerjee Port) incl. Haldia Dock Complex,599.14,ICD Amingaon,250.79,Moreh ICP,84.66,Lokpriya Gopinath Bordoloi International Airport (GAU),254.23,MMLP Silchar,98.25,Lakhipur Terminal,76.79,FCI Depot Imphal,17.34,CACHAR Toll Plaza,100.8
Kaka,KAMJANG,670.0,13844582340,village,102A,8.52,Belghoria Expressway,640.25,JIRIBAM,134.61,Khongsang,100.51,Kolkata Port (Syama Prasad Mookerjee Port) incl. Haldia Dock Complex,650.95,ICD Amingaon,325.55,Moreh ICP,36.51,Lokpriya Gopinath Bordoloi International Airport (GAU),329.38,MMLP Silchar,168.98,Lakhipur Terminal,146.47,FCI Depot Imphal,58.48,CACHAR Toll Plaza,173.68
H. Laikot,KANGPOKPI,679.0,13846671198,village,2,0.26,Belghoria Expressway,619.4,DHANSIRI,78.62,Khongsang,59.75,Kolkata Port (Syama Prasad Mookerjee Port) incl. Haldia Dock Complex,630.99,ICD Amingaon,251.25,Moreh ICP,104.02,Lokpriya Gopinath Bordoloi International Airport (GAU),256.43,MMLP Silchar,123.49,Lakhipur Terminal,104.8,FCI Depot Imphal,37.93,DIMA HASAO Toll Plaza,103.06
Veitum Khullen,KANGPOKPI,679.0,13874380711,village,37,0.34,Belghoria Expressway,584.27,JIRIBAM,62.18,Khongsang,26.1,Kolkata Port (Syama Prasad Mookerjee Port) incl. Haldia Dock Complex,595.58,ICD Amingaon,252.05,Moreh ICP,82.27,Lokpriya Gopinath Bordoloi International Airport (GAU),255.26,MMLP Silchar,96.38,Lakhipur Terminal,74.58,FCI Depot Imphal,18.42,CACHAR Toll Plaza,99.53
Ramrei,KANGPOKPI,679.0,13877760195,village,202,2.76,Belghoria Expressway,622.09,JIRIBAM,100.56,Khongsang,64.27,Kolkata Port (Syama Prasad Mookerjee Port) incl. Haldia Dock Complex,633.31,ICD Amingaon,279.92,Moreh ICP,70.35,Lokpriya Gopinath Bordoloi International Airport (GAU),284.27,MMLP Silchar,134.47,Lakhipur Terminal,113.0,FCI Depot Imphal,20.94,DIMA HASAO Toll Plaza,135.02
Lungphu,KAMJANG,670.0,13879258813,village,202,3.71,Belghoria Expressway,634.89,WADRENGDISA,111.75,Khongsang,76.28,Kolkata Port (Syama Prasad Mookerjee Port) incl. Haldia Dock Complex,646.13,ICD Amingaon,286.9,Moreh ICP,74.46,Lokpriya Gopinath Bordoloi International Airport (GAU),291.68,MMLP Silchar,146.19,Lakhipur Terminal,125.01,FCI Depot Imphal,33.75,DIMA HASAO Toll Plaza,139.74
Shingta,KAMJANG,670.0,13879258862,village,202,5.95,Belghoria Expressway,633.63,JIRIBAM,112.17,Khongsang,75.87,Kolkata Port (Syama Prasad Mookerjee Port) incl. Haldia Dock Complex,644.83,ICD Amingaon,288.56,Moreh ICP,71.04,Lokpriya Gopinath Bordoloi International Airport (GAU),293.22,MMLP Silchar,145.98,Lakhipur Terminal,124.61,FCI Depot Imphal,32.56,DIMA HASAO Toll Plaza,141.91
Ramva,UKHRUL,279.0,13879258863,village,202,0.08,Belghoria Expressway,639.66,RANGAPAHAR,107.91,Khongsang,79.84,Kolkata Port (Syama Prasad Mookerjee Port) incl. Haldia Dock Complex,650.95,ICD Amingaon,285.64,Moreh ICP,81.36,Lokpriya Gopinath Bordoloi International Airport (GAU),290.7,MMLP Silchar,149.14,Lakhipur Terminal,128.37,FCI Depot Imphal,39.02,DIMA HASAO Toll Plaza,137.32
Hengyol,KAMJANG,670.0,13879292677,village,202,2.75,Belghoria Expressway,632.92,WADRENGDISA,110.29,Khongsang,74.38,Kolkata Port (Syama Prasad Mookerjee Port) incl. Haldia Dock Complex,644.15,ICD Amingaon,285.69,Moreh ICP,73.83,Lokpriya Gopinath Bordoloi International Airport (GAU),290.41,MMLP Silchar,144.32,Lakhipur Terminal,123.11,FCI Depot Imphal,31.77,DIMA HASAO Toll Plaza,138.82
Lamlai Chingphei,UKHRUL,279.0,13888871153,village,202,1.07,Belghoria Expressway,627.81,WADRENGDISA,103.29,Khongsang,68.34,Kolkata Port (Syama Prasad Mookerjee Port) incl. Haldia Dock Complex,639.09,ICD Amingaon,278.76,Moreh ICP,77.21,Lokpriya Gopinath Bordoloi International Airport (GAU),283.44,MMLP Silchar,138.01,Lakhipur Terminal,116.99,FCI Depot Imphal,27.2,DIMA HASAO Toll Plaza,132.19
Sikibung Kuki,KAMJANG,670.0,13889845797,village,202,1.68,Belghoria Expressway,630.15,WADRENGDISA,107.41,Khongsang,71.4,Kolkata Port (Syama Prasad Mookerjee Port) incl. Haldia Dock Complex,641.39,ICD Amingaon,283.0,Moreh ICP,74.27,Lokpriya Gopinath Bordoloi International Airport (GAU),287.67,MMLP Silchar,141.32,Lakhipur Terminal,120.12,FCI Depot Imphal,29.06,DIMA HASAO Toll Plaza,136.43
Huime,UKHRUL,279.0,13899903476,village,102A,1.29,Belghoria Expressway,653.87,RANGAPAHAR,89.33,Khongsang,93.14,Kolkata Port (Syama Prasad Mookerjee Port) incl. Haldia Dock Complex,665.39,ICD Amingaon,278.63,Moreh ICP,107.43,Lokpriya Gopinath Bordoloi International Airport (GAU),284.68,MMLP Silchar,158.5,Lakhipur Terminal,139.52,FCI Depot Imphal,59.71,DIMA HASAO Toll Plaza,127.74
Lungreiphung,UKHRUL,279.0,13910539745,village,202,3.81,Belghoria Expressway,649.03,RANGAPAHAR,110.74,Khongsang,89.26,Kolkata Port (Syama Prasad Mookerjee Port) incl. Haldia Dock Complex,660.31,ICD Amingaon,292.6,Moreh ICP,84.11,Lokpriya Gopinath Bordoloi International Airport (GAU),297.91,MMLP Silchar,158.46,Lakhipur Terminal,137.76,FCI Depot Imphal,48.17,DIMA HASAO Toll Plaza,143.37
Lungreiphung,UKHRUL,279.0,13910917559,village,202,3.81,Belghoria Expressway,649.03,RANGAPAHAR,110.74,Khongsang,89.26,Kolkata Port (Syama Prasad Mookerjee Port) incl. Haldia Dock Complex,660.31,ICD Amingaon,292.6,Moreh ICP,84.11,Lokpriya Gopinath Bordoloi International Airport (GAU),297.91,MMLP Silchar,158.46,Lakhipur Terminal,137.76,FCI Depot Imphal,48.17,DIMA HASAO Toll Plaza,143.37
Phange,KAMJANG,670.0,13913560981,village,102A,17.75,Belghoria Expressway,657.64,RANGAPAHAR,135.78,Khongsang,103.41,Kolkata Port (Syama Prasad Mookerjee Port) incl. Haldia Dock Complex,668.66,ICD Amingaon,315.9,Moreh ICP,68.82,Lokpriya Gopinath Bordoloi International Airport (GAU),320.85,MMLP Silchar,173.72,Lakhipur Terminal,152.01,FCI Depot Imphal,59.08,DIMA HASAO Toll Plaza,167.67
Chassad,KAMJANG,670.0,13913560982,village,102A,16.1,Belghoria Expressway,656.11,RANGAPAHAR,133.13,Khongsang,101.22,Kolkata Port (Syama Prasad Mookerjee Port) incl. Haldia Dock Complex,667.16,ICD Amingaon,313.17,Moreh ICP,69.69,Lokpriya Gopinath Bordoloi International Airport (GAU),318.13,MMLP Silchar,171.51,Lakhipur Terminal,149.87,FCI Depot Imphal,56.99,DIMA HASAO Toll Plaza,164.9
C. Chalkot,TAMENGLONG,273.0,13923615115,village,2,16.86,Belghoria Expressway,600.48,WADRENGDISA,60.86,Khongsang,43.16,Kolkata Port (Syama Prasad Mookerjee Port) incl. Haldia Dock Complex,612.12,ICD Amingaon,235.7,Moreh ICP,108.74,Lokpriya Gopinath Bordoloi International Airport (GAU),240.35,MMLP Silchar,104.03,Lakhipur Terminal,85.81,FCI Depot Imphal,37.92,DIMA HASAO Toll Plaza,90.81
Beleijang,KANGPOKPI,679.0,13923615120,village,2,12.79,Belghoria Expressway,600.05,WADRENGDISA,64.72,Khongsang,40.65,Kolkata Port (Syama Prasad Mookerjee Port) incl. Haldia Dock Complex,611.62,ICD Amingaon,240.67,Moreh ICP,102.42,Lokpriya Gopinath Bordoloi International Airport (GAU),245.12,MMLP Silchar,104.59,Lakhipur Terminal,85.51,FCI Depot Imphal,31.55,DIMA HASAO Toll Plaza,96.74
Phaimol,KAMJANG,670.0,13927622639,village,102A,24.14,Belghoria Expressway,663.48,RANGAPAHAR,141.05,Khongsang,110.15,Kolkata Port (Syama Prasad Mookerjee Port) incl. Haldia Dock Complex,674.46,ICD Amingaon,322.56,Moreh ICP,70.0,Lokpriya Gopinath Bordoloi International Airport (GAU),327.57,MMLP Silchar,180.46,Lakhipur Terminal,158.7,FCI Depot Imphal,65.74,DIMA HASAO Toll Plaza,174.05
Hengjang,TAMENGLONG,273.0,13936785448,village,2,16.45,Belghoria Expressway,590.97,DAOTUHAJA,60.51,Khongsang,31.1,Kolkata Port (Syama Prasad Mookerjee Port) incl. Haldia Dock Complex,602.52,ICD Amingaon,238.12,Moreh ICP,100.55,Lokpriya Gopinath Bordoloi International Airport (GAU),242.13,MMLP Silchar,96.3,Lakhipur Terminal,76.68,FCI Depot Imphal,30.06,CACHAR Toll Plaza,96.7
Nurathem,TAMENGLONG,273.0,13936785449,village,2,16.69,Belghoria Expressway,589.36,DAOTUHAJA,60.65,Khongsang,29.14,Kolkata Port (Syama Prasad Mookerjee Port) incl. Haldia Dock Complex,600.89,ICD Amingaon,238.63,Moreh ICP,99.23,Lokpriya Gopinath Bordoloi International Airport (GAU),242.54,MMLP Silchar,95.11,Lakhipur Terminal,75.25,FCI Depot Imphal,29.08,CACHAR Toll Plaza,95.78
Atang Khunou,TAMENGLONG,273.0,13936825763,village,137,21.76,Belghoria Expressway,590.8,WADRENGDISA,53.95,Khongsang,34.29,Kolkata Port (Syama Prasad Mookerjee Port) incl. Haldia Dock Complex,602.45,ICD Amingaon,230.56,Moreh ICP,109.37,Lokpriya Gopinath Bordoloi International Airport (GAU),234.81,MMLP Silchar,94.49,Lakhipur Terminal,76.13,FCI Depot Imphal,38.67,DIMA HASAO Toll Plaza,88.61
Atang Khullen,TAMENGLONG,273.0,13936825764,village,2,18.23,Belghoria Expressway,593.81,WADRENGDISA,58.75,Khongsang,35.41,Kolkata Port (Syama Prasad Mookerjee Port) incl. Haldia Dock Complex,605.41,ICD Amingaon,235.36,Moreh ICP,105.23,Lokpriya Gopinath Bordoloi International Airport (GAU),239.63,MMLP Silchar,98.06,Lakhipur Terminal,79.18,FCI Depot Imphal,34.34,DIMA HASAO Toll Plaza,92.96
Longjang,TAMENGLONG,273.0,13938430062,village,2,18.55,Belghoria Expressway,589.8,DAOTUHAJA,58.34,Khongsang,30.53,Kolkata Port (Syama Prasad Mookerjee Port) incl. Haldia Dock Complex,601.37,ICD Amingaon,235.91,Moreh ICP,102.61,Lokpriya Gopinath Bordoloi International Airport (GAU),239.92,MMLP Silchar,94.76,Lakhipur Terminal,75.36,FCI Depot Imphal,32.21,CACHAR Toll Plaza,94.96
Leilon Munlui,KANGPOKPI,679.0,13945668720,village,2,6.53,Belghoria Expressway,594.7,JIRIBAM,69.93,Khongsang,33.94,Kolkata Port (Syama Prasad Mookerjee Port) incl. Haldia Dock Complex,606.1,ICD Amingaon,250.77,Moreh ICP,87.43,Lokpriya Gopinath Bordoloi International Airport (GAU),254.59,MMLP Silchar,103.27,Lakhipur Terminal,82.36,FCI Depot Imphal,16.88,CACHAR Toll Plaza,105.0
Mualhoih,CHURACHANDPUR,274.0,13952481878,village,2,1.82,Belghoria Expressway,565.77,JIRIBAM,69.35,Khongsang,47.47,Kolkata Port (Syama Prasad Mookerjee Port) incl. Haldia Dock Complex,576.63,ICD Amingaon,274.83,Moreh ICP,62.79,Lokpriya Gopinath Bordoloi International Airport (GAU),276.47,MMLP Silchar,101.27,Lakhipur Terminal,79.16,FCI Depot Imphal,46.15,CACHAR Toll Plaza,108.86
K. Lungwiram,KANGPOKPI,679.0,13954735100,village,2,4.81,Belghoria Expressway,596.28,JIRIBAM,71.63,Khongsang,35.6,Kolkata Port (Syama Prasad Mookerjee Port) incl. Haldia Dock Complex,607.68,ICD Amingaon,252.2,Moreh ICP,86.49,Lokpriya Gopinath Bordoloi International Airport (GAU),256.07,MMLP Silchar,104.99,Lakhipur Terminal,84.06,FCI Depot Imphal,15.71,CACHAR Toll Plaza,106.73
Lower Phaibung,SENAPATI,272.0,13955967141,village,102A,0.04,Belghoria Expressway,664.35,RANGAPAHAR,82.56,Khongsang,104.87,Kolkata Port (Syama Prasad Mookerjee Port) incl. Haldia Dock Complex,675.98,ICD Amingaon,277.89,Moreh ICP,122.38,Lokpriya Gopinath Bordoloi International Airport (GAU),284.52,MMLP Silchar,167.61,Sengajan (Panbari) Terminal,149.14,FCI Depot Imphal,74.4,DIMA HASAO Toll Plaza,126.7
Phaibung Khullen,SENAPATI,272.0,13955980801,village,102A,0.62,Belghoria Expressway,664.35,RANGAPAHAR,77.63,Khongsang,105.84,Kolkata Port (Syama Prasad Mookerjee Port) incl. Haldia Dock Complex,676.03,ICD Amingaon,274.07,Moreh ICP,127.27,Lokpriya Gopinath Bordoloi International Airport (GAU),280.85,MMLP Silchar,167.22,Sengajan (Panbari) Terminal,143.62,FCI Depot Imphal,77.29,DIMA HASAO Toll Plaza,122.96
Phaibung Khunou,SENAPATI,272.0,13955980816,village,102A,0.29,Belghoria Expressway,664.47,RANGAPAHAR,80.78,Khongsang,105.31,Kolkata Port (Syama Prasad Mookerjee Port) incl. Haldia Dock Complex,676.12,ICD Amingaon,276.56,Moreh ICP,124.24,Lokpriya Gopinath Bordoloi International Airport (GAU),283.25,MMLP Silchar,167.57,Sengajan (Panbari) Terminal,147.1,FCI Depot Imphal,75.54,DIMA HASAO Toll Plaza,125.39
Kachoupung Kuki,KAMJANG,670.0,13957930773,village,202,26.4,Belghoria Expressway,683.39,RANGAPAHAR,131.15,Khongsang,124.57,Kolkata Port (Syama Prasad Mookerjee Port) incl. Haldia Dock Complex,694.58,ICD Amingaon,322.73,Moreh ICP,97.75,Lokpriya Gopinath Bordoloi International Airport (GAU),328.67,MMLP Silchar,193.9,Lakhipur Terminal,173.15,FCI Depot Imphal,82.28,DIMA HASAO Toll Plaza,171.9
Phungtha,KAMJANG,670.0,13957930775,village,202,20.52,Belghoria Expressway,679.38,RANGAPAHAR,125.32,Khongsang,119.91,Kolkata Port (Syama Prasad Mookerjee Port) incl. Haldia Dock Complex,690.61,ICD Amingaon,316.73,Moreh ICP,98.1,Lokpriya Gopinath Bordoloi International Airport (GAU),322.68,MMLP Silchar,188.94,Lakhipur Terminal,168.37,FCI Depot Imphal,78.23,DIMA HASAO Toll Plaza,165.89
Khayang,KAMJANG,670.0,13957930789,village,202,17.99,Belghoria Expressway,677.24,RANGAPAHAR,123.15,Khongsang,117.6,Kolkata Port (Syama Prasad Mookerjee Port) incl. Haldia Dock Complex,688.49,ICD Amingaon,314.25,Moreh ICP,97.65,Lokpriya Gopinath Bordoloi International Airport (GAU),320.19,MMLP Silchar,186.55,Lakhipur Terminal,166.03,FCI Depot Imphal,76.13,DIMA HASAO Toll Plaza,163.44
Chamu,KAMJANG,670.0,13958007001,village,202,19.5,Belghoria Expressway,676.26,RANGAPAHAR,125.92,Khongsang,117.16,Kolkata Port (Syama Prasad Mookerjee Port) incl. Haldia Dock Complex,687.47,ICD Amingaon,316.04,Moreh ICP,94.36,Lokpriya Gopinath Bordoloi International Airport (GAU),321.88,MMLP Silchar,186.43,Lakhipur Terminal,165.72,FCI Depot Imphal,75.1,DIMA HASAO Toll Plaza,165.4
Hangokaphung,KAMJANG,670.0,13958007026,village,202,21.19,Belghoria Expressway,676.37,RANGAPAHAR,128.01,Khongsang,117.66,Kolkata Port (Syama Prasad Mookerjee Port) incl. Haldia Dock Complex,687.56,ICD Amingaon,317.71,Moreh ICP,92.79,Lokpriya Gopinath Bordoloi International Airport (GAU),323.49,MMLP Silchar,187.1,Lakhipur Terminal,166.27,FCI Depot Imphal,75.26,DIMA HASAO Toll Plaza,167.15
Shantipur,IMPHAL WEST,277.0,13960591353,village,2,0.78,Belghoria Expressway,603.21,DAOTUHAJA,76.06,Khongsang,42.23,Kolkata Port (Syama Prasad Mookerjee Port) incl. Haldia Dock Complex,614.65,ICD Amingaon,253.06,Moreh ICP,89.33,Lokpriya Gopinath Bordoloi International Airport (GAU),257.28,MMLP Silchar,110.56,Lakhipur Terminal,90.13,FCI Depot Imphal,18.83,DIMA HASAO Toll Plaza,109.98
L. Munlai,KANGPOKPI,679.0,13964439000,village,2,5.22,Belghoria Expressway,595.57,JIRIBAM,71.07,Khongsang,34.97,Kolkata Port (Syama Prasad Mookerjee Port) incl. Haldia Dock Complex,606.96,ICD Amingaon,252.33,Moreh ICP,86.0,Lokpriya Gopinath Bordoloi International Airport (GAU),256.15,MMLP Silchar,104.5,Lakhipur Terminal,83.5,FCI Depot Imphal,15.35,CACHAR Toll Plaza,106.34
L. Saronphai,KANGPOKPI,679.0,13964532212,village,2,4.92,Belghoria Expressway,596.02,JIRIBAM,71.44,Khongsang,35.38,Kolkata Port (Syama Prasad Mookerjee Port) incl. Haldia Dock Complex,607.42,ICD Amingaon,252.32,Moreh ICP,86.23,Lokpriya Gopinath Bordoloi International Airport (GAU),256.16,MMLP Silchar,104.83,Lakhipur Terminal,83.87,FCI Depot Imphal,15.5,CACHAR Toll Plaza,106.62
Sorbung,SENAPATI,272.0,14008074684,village,2,9.61,Belghoria Expressway,637.93,RANGAPAHAR,76.93,Khongsang,78.46,Kolkata Port (Syama Prasad Mookerjee Port) incl. Haldia Dock Complex,649.54,ICD Amingaon,261.12,Moreh ICP,110.37,Lokpriya Gopinath Bordoloi International Airport (GAU),266.97,MMLP Silchar,141.53,Lakhipur Terminal,123.26,FCI Depot Imphal,51.76,DIMA HASAO Toll Plaza,110.66
East Tusom,KAMJANG,670.0,14008108769,village,102A,6.39,Belghoria Expressway,644.94,JIRIBAM,128.38,Khongsang,92.4,Kolkata Port (Syama Prasad Mookerjee Port) incl. Haldia Dock Complex,655.94,ICD Amingaon,309.28,Moreh ICP,59.57,Lokpriya Gopinath Bordoloi International Airport (GAU),313.83,MMLP Silchar,162.67,Lakhipur Terminal,140.73,FCI Depot Imphal,47.89,DIMA HASAO Toll Plaza,162.75
Mailiang,KAMJANG,670.0,14008108798,village,102A,0.05,Belghoria Expressway,637.12,JIRIBAM,121.63,Khongsang,85.88,Kolkata Port (Syama Prasad Mookerjee Port) incl. Haldia Dock Complex,648.1,ICD Amingaon,305.42,Moreh ICP,54.57,Lokpriya Gopinath Bordoloi International Airport (GAU),309.71,MMLP Silchar,156.01,Lakhipur Terminal,133.92,FCI Depot Imphal,41.49,CACHAR Toll Plaza,159.31
Kumram,KAMJANG,670.0,14008108799,village,102A,6.34,Belghoria Expressway,644.58,JIRIBAM,130.11,Khongsang,94.41,Kolkata Port (Syama Prasad Mookerjee Port) incl. Haldia Dock Complex,655.51,ICD Amingaon,313.38,Moreh ICP,54.56,Lokpriya Gopinath Bordoloi International Airport (GAU),317.78,MMLP Silchar,164.5,Lakhipur Terminal,142.38,FCI Depot Imphal,50.04,DIMA HASAO Toll Plaza,167.46
Khonglo,KAMJANG,670.0,14008108800,village,102A,0.0,Belghoria Expressway,639.78,JIRIBAM,129.61,Khongsang,94.69,Kolkata Port (Syama Prasad Mookerjee Port) incl. Haldia Dock Complex,650.6,ICD Amingaon,317.57,Moreh ICP,44.05,Lokpriya Gopinath Bordoloi International Airport (GAU),321.62,MMLP Silchar,164.06,Lakhipur Terminal,141.68,FCI Depot Imphal,51.38,CACHAR Toll Plaza,168.17
Rangkhung Part 1,TAMENGLONG,273.0,14010106151,village,37,0.16,Belghoria Expressway,571.29,JIRIBAM,46.66,Khongsang,10.44,Kolkata Port (Syama Prasad Mookerjee Port) incl. Haldia Dock Complex,582.72,ICD Amingaon,236.78,Moreh ICP,96.49,Lokpriya Gopinath Bordoloi International Airport (GAU),239.71,MMLP Silchar,80.48,Lakhipur Terminal,59.1,FCI Depot Imphal,34.66,CACHAR Toll Plaza,83.18
Rangkhung Part 2,TAMENGLONG,273.0,14010106152,village,37,1.15,Belghoria Expressway,569.9,JIRIBAM,44.8,Khongsang,8.91,Kolkata Port (Syama Prasad Mookerjee Port) incl. Haldia Dock Complex,581.36,ICD Amingaon,234.35,Moreh ICP,98.89,Lokpriya Gopinath Bordoloi International Airport (GAU),237.27,MMLP Silchar,78.45,Lakhipur Terminal,57.24,FCI Depot Imphal,36.9,CACHAR Toll Plaza,80.97
Rangkhung Part 3,TAMENGLONG,273.0,14010106153,village,37,2.55,Belghoria Expressway,568.78,JIRIBAM,43.45,Khongsang,7.9,Kolkata Port (Syama Prasad Mookerjee Port) incl. Haldia Dock Complex,580.25,ICD Amingaon,232.84,Moreh ICP,100.36,Lokpriya Gopinath Bordoloi International Airport (GAU),235.74,MMLP Silchar,77.0,Lakhipur Terminal,55.88,FCI Depot Imphal,38.45,CACHAR Toll Plaza,79.45
Taijijang,TAMENGLONG,273.0,14010278393,village,137,8.49,Belghoria Expressway,556.5,JIRIBAM,30.0,Khongsang,13.75,Kolkata Port (Syama Prasad Mookerjee Port) incl. Haldia Dock Complex,568.11,ICD Amingaon,216.84,Sutarkandi ICP,98.02,Lokpriya Gopinath Bordoloi International Airport (GAU),219.46,MMLP Silchar,61.64,Lakhipur Terminal,41.91,FCI Depot Imphal,55.27,CACHAR Toll Plaza,63.05
Vanchengphai,TAMENGLONG,273.0,14010278394,village,137,8.44,Belghoria Expressway,554.73,JIRIBAM,28.2,Khongsang,13.3,Kolkata Port (Syama Prasad Mookerjee Port) incl. Haldia Dock Complex,566.32,ICD Amingaon,217.21,Sutarkandi ICP,96.56,Lokpriya Gopinath Bordoloi International Airport (GAU),219.7,MMLP Silchar,60.29,Lakhipur Terminal,40.24,FCI Depot Imphal,55.96,CACHAR Toll Plaza,62.07
Chattrik,KAMJANG,670.0,14025155772,village,202,24.38,Belghoria Expressway,669.77,RANGAPAHAR,132.68,Khongsang,112.89,Kolkata Port (Syama Prasad Mookerjee Port) incl. Haldia Dock Complex,680.88,ICD Amingaon,318.73,Moreh ICP,82.47,Lokpriya Gopinath Bordoloi International Airport (GAU),324.16,MMLP Silchar,182.9,Lakhipur Terminal,161.64,FCI Depot Imphal,69.38,DIMA HASAO Toll Plaza,168.95
Chahong Khunou,KAMJANG,670.0,14025166948,village,102A,28.02,Belghoria Expressway,667.83,RANGAPAHAR,140.14,Khongsang,113.46,Kolkata Port (Syama Prasad Mookerjee Port) incl. Haldia Dock Complex,678.84,ICD Amingaon,323.71,Moreh ICP,74.86,Lokpriya Gopinath Bordoloi International Airport (GAU),328.88,MMLP Silchar,183.74,Lakhipur Terminal,162.11,FCI Depot Imphal,69.22,DIMA HASAO Toll Plaza,174.63
Maokot,KAMJANG,670.0,14025166959,village,202,22.42,Belghoria Expressway,670.3,RANGAPAHAR,130.71,Khongsang,112.85,Kolkata Port (Syama Prasad Mookerjee Port) incl. Haldia Dock Complex,681.43,ICD Amingaon,317.42,Moreh ICP,84.54,Lokpriya Gopinath Bordoloi International Airport (GAU),322.92,MMLP Silchar,182.74,Lakhipur Terminal,161.59,FCI Depot Imphal,69.62,DIMA HASAO Toll Plaza,167.47
Choro Khunou,KAMJANG,670.0,14026488280,village,102A,9.08,Belghoria Expressway,642.71,JIRIBAM,136.73,Khongsang,102.48,Kolkata Port (Syama Prasad Mookerjee Port) incl. Haldia Dock Complex,653.41,ICD Amingaon,327.05,Moreh ICP,38.26,Lokpriya Gopinath Bordoloi International Airport (GAU),330.94,MMLP Silchar,171.12,Lakhipur Terminal,148.62,FCI Depot Imphal,60.15,CACHAR Toll Plaza,175.72
Kwatha Khunou,TENGNOUPAL,667.0,14041062041,village,102,5.93,Belghoria Expressway,620.09,JIRIBAM,129.23,Khongsang,99.21,Kolkata Port (Syama Prasad Mookerjee Port) incl. Haldia Dock Complex,630.54,ICD Amingaon,329.29,Moreh ICP,8.25,Lokpriya Gopinath Bordoloi International Airport (GAU),332.09,MMLP Silchar,162.54,Lakhipur Terminal,140.07,FCI Depot Imphal,65.15,CACHAR Toll Plaza,169.08
Motha,TENGNOUPAL,667.0,14075124371,village,46,1.94,Belghoria Expressway,612.72,JIRIBAM,132.11,Khongsang,104.76,Kolkata Port (Syama Prasad Mookerjee Port) incl. Haldia Dock Complex,623.01,ICD Amingaon,335.24,Moreh ICP,6.32,Lokpriya Gopinath Bordoloi International Airport (GAU),337.56,MMLP Silchar,164.4,Lakhipur Terminal,142.25,FCI Depot Imphal,75.18,CACHAR Toll Plaza,171.83
T. Monglen,CHANDEL,280.0,14077421308,village,46,0.99,Belghoria Expressway,601.66,JIRIBAM,137.89,Khongsang,114.68,Kolkata Port (Syama Prasad Mookerjee Port) incl. Haldia Dock Complex,611.7,ICD Amingaon,343.78,Moreh ICP,27.27,Lokpriya Gopinath Bordoloi International Airport (GAU),345.41,MMLP Silchar,168.24,Lakhipur Terminal,146.87,FCI Depot Imphal,91.19,CACHAR Toll Plaza,176.83
Changpol,CHANDEL,280.0,14077421658,village,46,5.6,Belghoria Expressway,598.5,JIRIBAM,133.26,Khongsang,110.26,Kolkata Port (Syama Prasad Mookerjee Port) incl. Haldia Dock Complex,608.58,ICD Amingaon,339.2,Moreh ICP,26.41,Lokpriya Gopinath Bordoloi International Airport (GAU),340.82,MMLP Silchar,163.6,Lakhipur Terminal,142.24,FCI Depot Imphal,87.61,CACHAR Toll Plaza,172.19
Unnamed Hamlet,CHANDEL,280.0,14077481594,village,46,2.21,Belghoria Expressway,603.32,JIRIBAM,136.58,Khongsang,112.7,Kolkata Port (Syama Prasad Mookerjee Port) incl. Haldia Dock Complex,613.41,ICD Amingaon,342.15,Moreh ICP,23.8,Lokpriya Gopinath Bordoloi International Airport (GAU),343.9,MMLP Silchar,167.28,Lakhipur Terminal,145.77,FCI Depot Imphal,88.31,CACHAR Toll Plaza,175.69
