village,district,village_code,unit,nearest_rail_station,dist_rail_station_km,nearest_icd,dist_icd_km,nearest_port,dist_port_km,nearest_air_cargo,dist_air_cargo_km,nearest_icp,dist_icp_km
Topung,Gyalshing,260992,village,Darjeeling,36.93,ICD Siliguri,74.74,Kolkata Port (Syama Prasad Mookerjee Port) incl. Haldia Dock Complex,522.37,Jay Prakash Narayan International Airport (PAT),353.72,Jogbani ICP,135.31
Timbrong,Gyalshing,260991,village,Darjeeling,35.34,ICD Siliguri,73.11,Kolkata Port (Syama Prasad Mookerjee Port) incl. Haldia Dock Complex,521.38,Jay Prakash Narayan International Airport (PAT),354.99,Jogbani ICP,135.91
Melli Aching,Gyalshing,260989,village,Darjeeling,34.64,ICD Siliguri,72.2,Kolkata Port (Syama Prasad Mookerjee Port) incl. Haldia Dock Complex,521.49,Jay Prakash Narayan International Airport (PAT),357.83,Jogbani ICP,138.14
Melli,Gyalshing,260988,village,Darjeeling,35.75,ICD Siliguri,73.29,Kolkata Port (Syama Prasad Mookerjee Port) incl. Haldia Dock Complex,522.61,Jay Prakash Narayan International Airport (PAT),358.33,Jogbani ICP,138.93
Thingling II,Gyalshing,260987,village,Darjeeling,36.8,ICD Siliguri,74.24,Kolkata Port (Syama Prasad Mookerjee Port) incl. Haldia Dock Complex,523.82,Lokpriya Gopinath Bordoloi International Airport (GAU),359.43,Jogbani ICP,140.32
Khechodpalri,Gyalshing,260985,village,Darjeeling,37.2,ICD Siliguri,74.91,Kolkata Port (Syama Prasad Mookerjee Port) incl. Haldia Dock Complex,523.47,Jay Prakash Narayan International Airport (PAT),356.52,Jogbani ICP,137.85
Tsozo,Gyalshing,260984,village,Darjeeling,39.68,ICD Siliguri,77.32,Kolkata Port (Syama Prasad Mookerjee Port) incl. Haldia Dock Complex,526.13,Jay Prakash Narayan International Airport (PAT),358.19,Jogbani ICP,140.11
Thingling I,Gyalshing,260986,village,Darjeeling,37.64,ICD Siliguri,75.22,Kolkata Port (Syama Prasad Mookerjee Port) incl. Haldia Dock Complex,524.35,Jay Prakash Narayan International Airport (PAT),358.44,Jogbani ICP,139.64
Melli Singlitam,Gyalshing,260990,village,Darjeeling,34.87,ICD Siliguri,72.58,Kolkata Port (Syama Prasad Mookerjee Port) incl. Haldia Dock Complex,521.26,Jay Prakash Narayan International Airport (PAT),356.07,Jogbani ICP,136.7
Gangyap,Gyalshing,261011,village,Darjeeling,37.5,ICD Siliguri,73.61,Kolkata Port (Syama Prasad Mookerjee Port) incl. Haldia Dock Complex,525.18,Lokpriya Gopinath Bordoloi International Airport (GAU),352.43,Jogbani ICP,146.85
Lasso,Gyalshing,261012,village,Darjeeling,35.43,ICD Siliguri,71.9,Kolkata Port (Syama Prasad Mookerjee Port) incl. Haldia Dock Complex,523.12,Lokpriya Gopinath Bordoloi International Airport (GAU),353.01,Jogbani ICP,144.32
Tashiding,Gyalshing,261013,village,Darjeeling,32.62,ICD Siliguri,68.9,Kolkata Port (Syama Prasad Mookerjee Port) incl. Haldia Dock Complex,520.31,Lokpriya Gopinath Bordoloi International Airport (GAU),350.83,Jogbani ICP,143.11
Hee,Gyalshing,261035,village,Darjeeling,27.4,ICD Siliguri,65.23,Kolkata Port (Syama Prasad Mookerjee Port) incl. Haldia Dock Complex,513.27,Jay Prakash Narayan International Airport (PAT),351.74,Jogbani ICP,130.53
Hee Patal,Gyalshing,261036,village,Darjeeling,25.39,ICD Siliguri,63.15,Kolkata Port (Syama Prasad Mookerjee Port) incl. Haldia Dock Complex,511.95,Jay Prakash Narayan International Airport (PAT),353.21,Jogbani ICP,131.27
Radhukhanu,Gyalshing,261034,village,Darjeeling,27.76,ICD Siliguri,65.58,Kolkata Port (Syama Prasad Mookerjee Port) incl. Haldia Dock Complex,512.9,Jay Prakash Narayan International Airport (PAT),349.96,Jogbani ICP,128.99
Sangkhu,Gyalshing,261033,village,Darjeeling,28.26,ICD Siliguri,65.99,Kolkata Port (Syama Prasad Mookerjee Port) incl. Haldia Dock Complex,512.45,Jay Prakash Narayan International Airport (PAT),347.93,Jogbani ICP,127.24
Tikjya,Gyalshing,261018,village,Darjeeling,30.25,ICD Siliguri,67.83,Kolkata Port (Syama Prasad Mookerjee Port) incl. Haldia Dock Complex,517.2,Jay Prakash Narayan International Airport (PAT),356.52,Jogbani ICP,135.64
Lingchom,Gyalshing,261019,village,Darjeeling,29.79,ICD Siliguri,67.49,Kolkata Port (Syama Prasad Mookerjee Port) incl. Haldia Dock Complex,516.4,Jay Prakash Narayan International Airport (PAT),354.97,Jogbani ICP,134.15
Sardong,Gyalshing,261020,village,Darjeeling,30.13,ICD Siliguri,67.92,Kolkata Port (Syama Prasad Mookerjee Port) incl. Haldia Dock Complex,516.26,Jay Prakash Narayan International Airport (PAT),353.45,Jogbani ICP,132.9
Lungzik,Gyalshing,261021,village,Darjeeling,29.64,ICD Siliguri,67.46,Kolkata Port (Syama Prasad Mookerjee Port) incl. Haldia Dock Complex,515.56,Jay Prakash Narayan International Airport (PAT),352.61,Jogbani ICP,132.0
Yangthang,Gyalshing,261017,village,Darjeeling,29.59,ICD Siliguri,67.03,Kolkata Port (Syama Prasad Mookerjee Port) incl. Haldia Dock Complex,516.82,Lokpriya Gopinath Bordoloi International Airport (GAU),355.1,Jogbani ICP,136.38
Sapong,Gyalshing,261022,village,Darjeeling,29.95,ICD Siliguri,67.78,Kolkata Port (Syama Prasad Mookerjee Port) incl. Haldia Dock Complex,515.35,Jay Prakash Narayan International Airport (PAT),351.26,Jogbani ICP,130.87
Bongten,Gyalshing,261023,village,Darjeeling,30.47,ICD Siliguri,68.29,Kolkata Port (Syama Prasad Mookerjee Port) incl. Haldia Dock Complex,515.38,Jay Prakash Narayan International Airport (PAT),350.16,Jogbani ICP,130.02
Srinagi,Gyalshing,261024,village,Darjeeling,30.57,ICD Siliguri,68.35,Kolkata Port (Syama Prasad Mookerjee Port) incl. Haldia Dock Complex,514.92,Jay Prakash Narayan International Airport (PAT),348.9,Jogbani ICP,128.88
Liching,Gyalshing,261025,village,Darjeeling,30.98,ICD Siliguri,68.71,Kolkata Port (Syama Prasad Mookerjee Port) incl. Haldia Dock Complex,514.94,Jay Prakash Narayan International Airport (PAT),348.14,Jogbani ICP,128.29
Gyaten,Gyalshing,261026,village,Darjeeling,32.14,ICD Siliguri,69.79,Kolkata Port (Syama Prasad Mookerjee Port) incl. Haldia Dock Complex,515.36,Jay Prakash Narayan International Airport (PAT),346.9,Jogbani ICP,127.49
Karmatar,Gyalshing,261027,village,Darjeeling,34.91,ICD Siliguri,72.47,Kolkata Port (Syama Prasad Mookerjee Port) incl. Haldia Dock Complex,517.31,Jay Prakash Narayan International Airport (PAT),345.95,Jogbani ICP,127.51
Bhaluthang,Gyalshing,261003,village,Darjeeling,33.79,ICD Siliguri,70.94,Kolkata Port (Syama Prasad Mookerjee Port) incl. Haldia Dock Complex,521.23,Lokpriya Gopinath Bordoloi International Airport (GAU),355.69,Jogbani ICP,140.4
Gyalshing Nagar Panchayat,Gyalshing,801417,village,Darjeeling,31.84,ICD Siliguri,68.99,Kolkata Port (Syama Prasad Mookerjee Port) incl. Haldia Dock Complex,519.32,Lokpriya Gopinath Bordoloi International Airport (GAU),354.59,Jogbani ICP,139.29
Gyalshing Forest Block (Part),Gyalshing,261048,village,Darjeeling,28.9,ICD Siliguri,66.03,Kolkata Port (Syama Prasad Mookerjee Port) incl. Haldia Dock Complex,516.44,Lokpriya Gopinath Bordoloi International Airport (GAU),352.85,Jogbani ICP,137.7
Omchung,Gyalshing,261014,village,Darjeeling,29.69,ICD Siliguri,66.44,Kolkata Port (Syama Prasad Mookerjee Port) incl. Haldia Dock Complex,517.35,Lokpriya Gopinath Bordoloi International Airport (GAU),351.44,Jogbani ICP,139.69
Yangtey,Gyalshing,261001,village,Darjeeling,31.41,ICD Siliguri,68.14,Kolkata Port (Syama Prasad Mookerjee Port) incl. Haldia Dock Complex,519.07,Lokpriya Gopinath Bordoloi International Airport (GAU),352.23,Jogbani ICP,140.81
Unglok,Gyalshing,261002,village,Darjeeling,33.79,ICD Siliguri,70.67,Kolkata Port (Syama Prasad Mookerjee Port) incl. Haldia Dock Complex,521.4,Lokpriya Gopinath Bordoloi International Airport (GAU),354.17,Jogbani ICP,141.7
Kyongsa,Gyalshing,261016,village,Darjeeling,29.74,ICD Siliguri,66.99,Kolkata Port (Syama Prasad Mookerjee Port) incl. Haldia Dock Complex,517.17,Lokpriya Gopinath Bordoloi International Airport (GAU),354.0,Jogbani ICP,137.56
Yuksom,Gyalshing,260981,village,Darjeeling,39.9,ICD Siliguri,77.38,Kolkata Port (Syama Prasad Mookerjee Port) incl. Haldia Dock Complex,526.77,Jay Prakash Narayan International Airport (PAT),360.13,Jogbani ICP,141.82
Dubdi,Gyalshing,260980,village,Darjeeling,39.55,ICD Siliguri,76.85,Kolkata Port (Syama Prasad Mookerjee Port) incl. Haldia Dock Complex,526.74,Lokpriya Gopinath Bordoloi International Airport (GAU),359.95,Jogbani ICP,142.97
Labing,Gyalshing,260983,village,Darjeeling,37.39,ICD Siliguri,74.63,Kolkata Port (Syama Prasad Mookerjee Port) incl. Haldia Dock Complex,524.69,Lokpriya Gopinath Bordoloi International Airport (GAU),358.27,Jogbani ICP,142.06
Gerethang,Gyalshing,260982,village,Darjeeling,36.6,ICD Siliguri,73.69,Kolkata Port (Syama Prasad Mookerjee Port) incl. Haldia Dock Complex,524.05,Lokpriya Gopinath Bordoloi International Airport (GAU),356.88,Jogbani ICP,142.42
Arithang,Gyalshing,261005,village,Darjeeling,37.38,ICD Siliguri,74.28,Kolkata Port (Syama Prasad Mookerjee Port) incl. Haldia Dock Complex,524.95,Lokpriya Gopinath Bordoloi International Airport (GAU),356.19,Jogbani ICP,143.84
Chongrang,Gyalshing,261004,village,Darjeeling,36.95,ICD Siliguri,73.6,Kolkata Port (Syama Prasad Mookerjee Port) incl. Haldia Dock Complex,524.6,Lokpriya Gopinath Bordoloi International Airport (GAU),354.65,Jogbani ICP,144.62
Dhupidara,Gyalshing,261008,village,Darjeeling,43.45,ICD Siliguri,79.71,Kolkata Port (Syama Prasad Mookerjee Port) incl. Haldia Dock Complex,531.15,Lokpriya Gopinath Bordoloi International Airport (GAU),355.96,Jogbani ICP,150.45
Labdang,Gyalshing,261007,village,Darjeeling,42.42,ICD Siliguri,78.81,Kolkata Port (Syama Prasad Mookerjee Port) incl. Haldia Dock Complex,530.1,Lokpriya Gopinath Bordoloi International Airport (GAU),356.14,Jogbani ICP,149.23
Kongri,Gyalshing,261006,village,Darjeeling,40.66,ICD Siliguri,76.73,Kolkata Port (Syama Prasad Mookerjee Port) incl. Haldia Dock Complex,528.35,Lokpriya Gopinath Bordoloi International Airport (GAU),353.72,Jogbani ICP,149.16
Mangnam,Gyalshing,261010,village,Darjeeling,41.96,ICD Siliguri,77.47,Kolkata Port (Syama Prasad Mookerjee Port) incl. Haldia Dock Complex,529.52,Lokpriya Gopinath Bordoloi International Airport (GAU),351.9,Jogbani ICP,151.72
Narkhola,Gyalshing,261009,village,Darjeeling,43.35,ICD Siliguri,79.18,Kolkata Port (Syama Prasad Mookerjee Port) incl. Haldia Dock Complex,531.01,Lokpriya Gopinath Bordoloi International Airport (GAU),353.92,Jogbani ICP,151.79
Dentam,Gyalshing,261032,village,Darjeeling,29.7,ICD Siliguri,67.39,Kolkata Port (Syama Prasad Mookerjee Port) incl. Haldia Dock Complex,513.48,Jay Prakash Narayan International Airport (PAT),347.44,Jogbani ICP,127.22
Mangmo,Gyalshing,261031,village,Darjeeling,29.46,ICD Siliguri,67.09,Kolkata Port (Syama Prasad Mookerjee Port) incl. Haldia Dock Complex,512.91,Jay Prakash Narayan International Airport (PAT),346.71,Jogbani ICP,126.45
Begha,Gyalshing,261030,village,Darjeeling,30.33,ICD Siliguri,67.83,Kolkata Port (Syama Prasad Mookerjee Port) incl. Haldia Dock Complex,512.96,Jay Prakash Narayan International Airport (PAT),345.32,Jogbani ICP,125.39
Maneybong,Gyalshing,261029,village,Darjeeling,32.54,ICD Siliguri,69.96,Kolkata Port (Syama Prasad Mookerjee Port) incl. Haldia Dock Complex,514.5,Jay Prakash Narayan International Airport (PAT),344.58,Jogbani ICP,125.4
Sindrangbong,Gyalshing,260993,village,Darjeeling,39.0,ICD Siliguri,76.83,Kolkata Port (Syama Prasad Mookerjee Port) incl. Haldia Dock Complex,523.74,Jay Prakash Narayan International Airport (PAT),352.46,Jogbani ICP,134.9
Darap,Gyalshing,260995,village,Darjeeling,33.36,ICD Siliguri,71.12,Kolkata Port (Syama Prasad Mookerjee Port) incl. Haldia Dock Complex,519.56,Jay Prakash Narayan International Airport (PAT),354.82,Jogbani ICP,135.13
Sindrang,Gyalshing,260996,village,Darjeeling,33.2,ICD Siliguri,70.82,Kolkata Port (Syama Prasad Mookerjee Port) incl. Haldia Dock Complex,519.95,Jay Prakash Narayan International Airport (PAT),356.82,Jogbani ICP,136.82
Singyang,Gyalshing,260997,village,Darjeeling,32.81,ICD Siliguri,70.3,Kolkata Port (Syama Prasad Mookerjee Port) incl. Haldia Dock Complex,519.85,Lokpriya Gopinath Bordoloi International Airport (GAU),357.41,Jogbani ICP,137.73
Chumbong,Gyalshing,260999,village,Darjeeling,35.11,ICD Siliguri,72.43,Kolkata Port (Syama Prasad Mookerjee Port) incl. Haldia Dock Complex,522.37,Lokpriya Gopinath Bordoloi International Airport (GAU),357.51,Jogbani ICP,140.22
Nambu,Gyalshing,260994,village,Darjeeling,35.63,ICD Siliguri,73.46,Kolkata Port (Syama Prasad Mookerjee Port) incl. Haldia Dock Complex,520.99,Jay Prakash Narayan International Airport (PAT),353.02,Jogbani ICP,134.27
Naku,Gyalshing,260998,village,Darjeeling,33.2,ICD Siliguri,70.58,Kolkata Port (Syama Prasad Mookerjee Port) incl. Haldia Dock Complex,520.4,Lokpriya Gopinath Bordoloi International Airport (GAU),356.89,Jogbani ICP,138.67
Pechrek,Gyalshing,261037,village,Darjeeling,27.28,ICD Siliguri,65.06,Kolkata Port (Syama Prasad Mookerjee Port) incl. Haldia Dock Complex,513.62,Jay Prakash Narayan International Airport (PAT),353.14,Jogbani ICP,131.77
Berthang,Gyalshing,261040,village,Darjeeling,25.59,ICD Siliguri,62.86,Kolkata Port (Syama Prasad Mookerjee Port) incl. Haldia Dock Complex,513.07,Lokpriya Gopinath Bordoloi International Airport (GAU),351.85,Jogbani ICP,135.13
Bermiok,Gyalshing,261039,village,Darjeeling,25.92,ICD Siliguri,63.4,Kolkata Port (Syama Prasad Mookerjee Port) incl. Haldia Dock Complex,513.17,Lokpriya Gopinath Bordoloi International Airport (GAU),353.28,Jogbani ICP,134.13
Martam,Gyalshing,261038,village,Darjeeling,26.72,ICD Siliguri,64.4,Kolkata Port (Syama Prasad Mookerjee Port) incl. Haldia Dock Complex,513.55,Jay Prakash Narayan International Airport (PAT),354.67,Jogbani ICP,132.97
Sopakha,Gyalshing,261028,village,Darjeeling,34.47,ICD Siliguri,71.85,Kolkata Port (Syama Prasad Mookerjee Port) incl. Haldia Dock Complex,515.99,Jay Prakash Narayan International Airport (PAT),344.21,Jogbani ICP,125.69
Forest,Gyalshing,,village,Darjeeling,49.84,ICD Siliguri,87.35,Kolkata Port (Syama Prasad Mookerjee Port) incl. Haldia Dock Complex,536.37,Jay Prakash Narayan International Airport (PAT),362.81,Jogbani ICP,147.54
Barphok,Gyalshing,261041,village,Darjeeling,26.13,ICD Siliguri,63.1,Kolkata Port (Syama Prasad Mookerjee Port) incl. Haldia Dock Complex,513.77,Lokpriya Gopinath Bordoloi International Airport (GAU),350.61,Jogbani ICP,136.77
Chingthang,Gyalshing,261042,village,Darjeeling,26.74,ICD Siliguri,63.49,Kolkata Port (Syama Prasad Mookerjee Port) incl. Haldia Dock Complex,514.42,Lokpriya Gopinath Bordoloi International Airport (GAU),349.93,Jogbani ICP,137.93
Megyong,Gyalshing,261043,village,Darjeeling,25.8,ICD Siliguri,62.14,Kolkata Port (Syama Prasad Mookerjee Port) incl. Haldia Dock Complex,513.47,Lokpriya Gopinath Bordoloi International Airport (GAU),347.92,Jogbani ICP,138.56
Meyong,Gyalshing,261044,village,Darjeeling,24.43,ICD Siliguri,60.82,Kolkata Port (Syama Prasad Mookerjee Port) incl. Haldia Dock Complex,512.1,Lokpriya Gopinath Bordoloi International Airport (GAU),347.46,Jogbani ICP,137.58
Pelling Forest Block,Gyalshing,261049,village,Darjeeling,39.99,ICD Siliguri,77.77,Kolkata Port (Syama Prasad Mookerjee Port) incl. Haldia Dock Complex,523.56,Jay Prakash Narayan International Airport (PAT),349.84,Jogbani ICP,132.89
Legship Forest Block,Gyalshing,261050,village,Darjeeling,27.67,ICD Siliguri,64.17,Kolkata Port (Syama Prasad Mookerjee Port) incl. Haldia Dock Complex,515.37,Lokpriya Gopinath Bordoloi International Airport (GAU),349.38,Jogbani ICP,139.29
Gyalsing,Gyalshing,261015,village,Darjeeling,31.87,ICD Siliguri,69.1,Kolkata Port (Syama Prasad Mookerjee Port) incl. Haldia Dock Complex,519.27,Lokpriya Gopinath Bordoloi International Airport (GAU),355.11,Jogbani ICP,138.85
Dentam Forest Block,Gyalshing,261051,village,Darjeeling,32.71,ICD Siliguri,70.52,Kolkata Port (Syama Prasad Mookerjee Port) incl. Haldia Dock Complex,517.27,Jay Prakash Narayan International Airport (PAT),349.99,Jogbani ICP,130.57
Chadey,Gangtok,261259,village,Darjeeling,39.52,ICD Siliguri,67.74,Kolkata Port (Syama Prasad Mookerjee Port) incl. Haldia Dock Complex,520.68,Lokpriya Gopinath Bordoloi International Airport (GAU),330.73,Jogbani ICP,159.04
Lingzey,Gangtok,261262,village,Darjeeling,37.47,ICD Siliguri,66.45,Kolkata Port (Syama Prasad Mookerjee Port) incl. Haldia Dock Complex,519.5,Lokpriya Gopinath Bordoloi International Airport (GAU),332.14,Jogbani ICP,156.77
Patuk,Gangtok,261263,village,Darjeeling,39.88,ICD Siliguri,68.65,Kolkata Port (Syama Prasad Mookerjee Port) incl. Haldia Dock Complex,521.64,Lokpriya Gopinath Bordoloi International Airport (GAU),331.91,Jogbani ICP,159.04
Simik,Gangtok,261260,village,Darjeeling,36.97,ICD Siliguri,65.57,Kolkata Port (Syama Prasad Mookerjee Port) incl. Haldia Dock Complex,518.59,Lokpriya Gopinath Bordoloi International Airport (GAU),331.33,Jogbani ICP,156.56
Tumin,Gangtok,261258,village,Darjeeling,41.66,ICD Siliguri,68.89,Kolkata Port (Syama Prasad Mookerjee Port) incl. Haldia Dock Complex,521.61,Lokpriya Gopinath Bordoloi International Airport (GAU),328.75,Jogbani ICP,161.51
Tathangchen,Gangtok,261308,village,Darjeeling,46.66,ICD Siliguri,68.64,Kolkata Port (Syama Prasad Mookerjee Port) incl. Haldia Dock Complex,519.66,Lokpriya Gopinath Bordoloi International Airport (GAU),318.55,Jogbani ICP,167.83
Syari,Gangtok,261309,village,Darjeeling,44.76,ICD Siliguri,66.66,Kolkata Port (Syama Prasad Mookerjee Port) incl. Haldia Dock Complex,517.82,Lokpriya Gopinath Bordoloi International Airport (GAU),318.7,Jogbani ICP,165.99
Rongyek,Gangtok,261307,village,Darjeeling,51.69,ICD Siliguri,73.34,Kolkata Port (Syama Prasad Mookerjee Port) incl. Haldia Dock Complex,523.75,Lokpriya Gopinath Bordoloi International Airport (GAU),317.21,Jogbani ICP,172.79
Byang Sang,Gangtok,261275,village,Darjeeling,35.64,ICD Siliguri,62.64,Kolkata Port (Syama Prasad Mookerjee Port) incl. Haldia Dock Complex,515.51,Lokpriya Gopinath Bordoloi International Airport (GAU),328.27,Jogbani ICP,156.07
Tshalumthang,Gangtok,261272,village,Darjeeling,36.63,ICD Siliguri,61.75,Kolkata Port (Syama Prasad Mookerjee Port) incl. Haldia Dock Complex,514.29,Lokpriya Gopinath Bordoloi International Airport (GAU),325.0,Jogbani ICP,157.57
Chisopani,Gangtok,261271,village,Darjeeling,34.33,ICD Siliguri,59.77,Kolkata Port (Syama Prasad Mookerjee Port) incl. Haldia Dock Complex,512.46,Lokpriya Gopinath Bordoloi International Airport (GAU),325.7,Jogbani ICP,155.31
Namgeythang,Gangtok,261274,village,Darjeeling,34.07,ICD Siliguri,61.16,Kolkata Port (Syama Prasad Mookerjee Port) incl. Haldia Dock Complex,514.08,Lokpriya Gopinath Bordoloi International Airport (GAU),328.42,Jogbani ICP,154.61
Nazitam,Gangtok,261278,village,Darjeeling,38.3,ICD Siliguri,63.96,Kolkata Port (Syama Prasad Mookerjee Port) incl. Haldia Dock Complex,516.52,Lokpriya Gopinath Bordoloi International Airport (GAU),325.82,Jogbani ICP,159.0
Phengyong,Gangtok,261276,village,Darjeeling,36.5,ICD Siliguri,62.83,Kolkata Port (Syama Prasad Mookerjee Port) incl. Haldia Dock Complex,515.58,Lokpriya Gopinath Bordoloi International Airport (GAU),327.08,Jogbani ICP,157.1
Rabdang,Gangtok,261273,village,Darjeeling,35.35,ICD Siliguri,60.93,Kolkata Port (Syama Prasad Mookerjee Port) incl. Haldia Dock Complex,513.61,Lokpriya Gopinath Bordoloi International Airport (GAU),325.85,Jogbani ICP,156.25
Sakyong,Gangtok,261270,village,Darjeeling,33.8,ICD Siliguri,60.21,Kolkata Port (Syama Prasad Mookerjee Port) incl. Haldia Dock Complex,513.06,Lokpriya Gopinath Bordoloi International Airport (GAU),327.31,Jogbani ICP,154.56
Sirwani,Gangtok,261269,village,Darjeeling,32.93,ICD Siliguri,60.34,Kolkata Port (Syama Prasad Mookerjee Port) incl. Haldia Dock Complex,513.32,Lokpriya Gopinath Bordoloi International Airport (GAU),329.0,Jogbani ICP,153.43
Tirkutam,Gangtok,261277,village,Darjeeling,37.73,ICD Siliguri,64.21,Kolkata Port (Syama Prasad Mookerjee Port) incl. Haldia Dock Complex,516.94,Lokpriya Gopinath Bordoloi International Airport (GAU),327.29,Jogbani ICP,158.21
Kambal,Gangtok,261255,village,Darjeeling,46.39,ICD Siliguri,74.88,Kolkata Port (Syama Prasad Mookerjee Port) incl. Haldia Dock Complex,527.71,Lokpriya Gopinath Bordoloi International Airport (GAU),331.87,Jogbani ICP,165.04
Rakdong,Gangtok,261253,village,Darjeeling,49.94,ICD Siliguri,76.67,Kolkata Port (Syama Prasad Mookerjee Port) incl. Haldia Dock Complex,529.0,Lokpriya Gopinath Bordoloi International Airport (GAU),327.98,Jogbani ICP,169.35
Raleykhesey,Gangtok,261257,village,Darjeeling,43.33,ICD Siliguri,71.21,Kolkata Port (Syama Prasad Mookerjee Port) incl. Haldia Dock Complex,524.01,Lokpriya Gopinath Bordoloi International Airport (GAU),330.22,Jogbani ICP,162.68
Samdong,Gangtok,261256,village,Darjeeling,44.56,ICD Siliguri,72.7,Kolkata Port (Syama Prasad Mookerjee Port) incl. Haldia Dock Complex,525.51,Lokpriya Gopinath Bordoloi International Airport (GAU),330.88,Jogbani ICP,163.64
Tintek,Gangtok,261254,village,Darjeeling,47.73,ICD Siliguri,75.47,Kolkata Port (Syama Prasad Mookerjee Port) incl. Haldia Dock Complex,528.13,Lokpriya Gopinath Bordoloi International Airport (GAU),330.22,Jogbani ICP,166.74
Chuba,Gangtok,261286,village,Darjeeling,40.11,ICD Siliguri,62.9,Kolkata Port (Syama Prasad Mookerjee Port) incl. Haldia Dock Complex,514.72,Lokpriya Gopinath Bordoloi International Airport (GAU),320.88,Jogbani ICP,161.34
Chinzey,Gangtok,261293,village,Darjeeling,42.31,ICD Siliguri,65.45,Kolkata Port (Syama Prasad Mookerjee Port) incl. Haldia Dock Complex,517.19,Lokpriya Gopinath Bordoloi International Airport (GAU),321.13,Jogbani ICP,163.42
Marchak,Gangtok,261290,village,Darjeeling,42.0,ICD Siliguri,64.73,Kolkata Port (Syama Prasad Mookerjee Port) incl. Haldia Dock Complex,516.38,Lokpriya Gopinath Bordoloi International Airport (GAU),320.49,Jogbani ICP,163.18
Namin,Gangtok,261289,village,Darjeeling,41.5,ICD Siliguri,63.96,Kolkata Port (Syama Prasad Mookerjee Port) incl. Haldia Dock Complex,515.57,Lokpriya Gopinath Bordoloi International Airport (GAU),320.13,Jogbani ICP,162.73
Namli,Gangtok,261287,village,Darjeeling,42.0,ICD Siliguri,63.7,Kolkata Port (Syama Prasad Mookerjee Port) incl. Haldia Dock Complex,515.06,Lokpriya Gopinath Bordoloi International Airport (GAU),318.85,Jogbani ICP,163.3
Rawtey Rumtek,Gangtok,261292,village,Darjeeling,43.51,ICD Siliguri,66.71,Kolkata Port (Syama Prasad Mookerjee Port) incl. Haldia Dock Complex,518.38,Lokpriya Gopinath Bordoloi International Airport (GAU),321.09,Jogbani ICP,164.57
Sajong Rumtek,Gangtok,261291,village,Darjeeling,42.53,ICD Siliguri,66.38,Kolkata Port (Syama Prasad Mookerjee Port) incl. Haldia Dock Complex,518.3,Lokpriya Gopinath Bordoloi International Airport (GAU),322.32,Jogbani ICP,163.5
Tumlabong,Gangtok,261288,village,Darjeeling,41.45,ICD Siliguri,63.53,Kolkata Port (Syama Prasad Mookerjee Port) incl. Haldia Dock Complex,515.05,Lokpriya Gopinath Bordoloi International Airport (GAU),319.54,Jogbani ICP,162.73
Barbing,Gangtok,261296,village,Darjeeling,45.73,ICD Siliguri,69.03,Kolkata Port (Syama Prasad Mookerjee Port) incl. Haldia Dock Complex,520.56,Lokpriya Gopinath Bordoloi International Airport (GAU),321.01,Jogbani ICP,166.69
Luing,Gangtok,261305,village,Darjeeling,49.2,ICD Siliguri,72.84,Kolkata Port (Syama Prasad Mookerjee Port) incl. Haldia Dock Complex,524.22,Lokpriya Gopinath Bordoloi International Airport (GAU),321.34,Jogbani ICP,169.93
Lingdum,Gangtok,261299,village,Darjeeling,45.35,ICD Siliguri,69.46,Kolkata Port (Syama Prasad Mookerjee Port) incl. Haldia Dock Complex,521.27,Lokpriya Gopinath Bordoloi International Airport (GAU),322.56,Jogbani ICP,166.12
Parbing,Gangtok,261306,village,Darjeeling,48.03,ICD Siliguri,72.33,Kolkata Port (Syama Prasad Mookerjee Port) incl. Haldia Dock Complex,524.02,Lokpriya Gopinath Bordoloi International Airport (GAU),322.74,Jogbani ICP,168.62
Ranka,Gangtok,261294,village,Darjeeling,47.14,ICD Siliguri,70.65,Kolkata Port (Syama Prasad Mookerjee Port) incl. Haldia Dock Complex,522.14,Lokpriya Gopinath Bordoloi International Airport (GAU),321.26,Jogbani ICP,168.0
Rey-Mindu,Gangtok,261297,village,Darjeeling,42.58,ICD Siliguri,67.19,Kolkata Port (Syama Prasad Mookerjee Port) incl. Haldia Dock Complex,519.3,Lokpriya Gopinath Bordoloi International Airport (GAU),323.68,Jogbani ICP,163.35
Rey-Brock,Gangtok,261298,village,Darjeeling,44.1,ICD Siliguri,68.83,Kolkata Port (Syama Prasad Mookerjee Port) incl. Haldia Dock Complex,520.89,Lokpriya Gopinath Bordoloi International Airport (GAU),323.81,Jogbani ICP,164.75
Sangtong,Gangtok,261295,village,Darjeeling,46.6,ICD Siliguri,70.62,Kolkata Port (Syama Prasad Mookerjee Port) incl. Haldia Dock Complex,522.32,Lokpriya Gopinath Bordoloi International Airport (GAU),322.29,Jogbani ICP,167.34
Bhusuk,Gangtok,261314,village,Darjeeling,51.71,ICD Siliguri,72.75,Kolkata Port (Syama Prasad Mookerjee Port) incl. Haldia Dock Complex,522.91,Lokpriya Gopinath Bordoloi International Airport (GAU),316.07,Jogbani ICP,172.9
Naitam,Gangtok,261311,village,NEW MAL JN,48.34,ICD Siliguri,68.75,Kolkata Port (Syama Prasad Mookerjee Port) incl. Haldia Dock Complex,518.71,Lokpriya Gopinath Bordoloi International Airport (GAU),314.45,Jogbani ICP,170.28
Namong,Gangtok,261312,village,Darjeeling,47.78,ICD Siliguri,69.28,Kolkata Port (Syama Prasad Mookerjee Port) incl. Haldia Dock Complex,520.01,Lokpriya Gopinath Bordoloi International Airport (GAU),317.53,Jogbani ICP,168.99
Nandok,Gangtok,261310,village,Darjeeling,45.84,ICD Siliguri,67.34,Kolkata Port (Syama Prasad Mookerjee Port) incl. Haldia Dock Complex,518.27,Lokpriya Gopinath Bordoloi International Airport (GAU),317.85,Jogbani ICP,167.09
Lingdok,Gangtok,261301,village,Darjeeling,51.81,ICD Siliguri,76.51,Kolkata Port (Syama Prasad Mookerjee Port) incl. Haldia Dock Complex,528.1,Lokpriya Gopinath Bordoloi International Airport (GAU),323.39,Jogbani ICP,172.06
Namphong,Gangtok,261300,village,Darjeeling,50.92,ICD Siliguri,76.32,Kolkata Port (Syama Prasad Mookerjee Port) incl. Haldia Dock Complex,528.2,Lokpriya Gopinath Bordoloi International Airport (GAU),324.96,Jogbani ICP,170.93
Navey,Gangtok,261302,village,Darjeeling,52.27,ICD Siliguri,76.35,Kolkata Port (Syama Prasad Mookerjee Port) incl. Haldia Dock Complex,527.68,Lokpriya Gopinath Bordoloi International Airport (GAU),322.04,Jogbani ICP,172.72
Penlong,Gangtok,261304,village,Darjeeling,51.21,ICD Siliguri,74.18,Kolkata Port (Syama Prasad Mookerjee Port) incl. Haldia Dock Complex,525.17,Lokpriya Gopinath Bordoloi International Airport (GAU),319.84,Jogbani ICP,172.04
Shotak,Gangtok,261303,village,Darjeeling,53.1,ICD Siliguri,76.22,Kolkata Port (Syama Prasad Mookerjee Port) incl. Haldia Dock Complex,527.11,Lokpriya Gopinath Bordoloi International Airport (GAU),319.97,Jogbani ICP,173.82
Aritar,Gangtok,261261,village,Darjeeling,36.04,ICD Siliguri,64.65,Kolkata Port (Syama Prasad Mookerjee Port) incl. Haldia Dock Complex,517.68,Lokpriya Gopinath Bordoloi International Airport (GAU),331.29,Jogbani ICP,155.71
Beng Khamdong,Gangtok,261267,village,Darjeeling,34.83,ICD Siliguri,62.47,Kolkata Port (Syama Prasad Mookerjee Port) incl. Haldia Dock Complex,515.44,Lokpriya Gopinath Bordoloi International Airport (GAU),329.41,Jogbani ICP,155.09
Dungdung,Gangtok,261265,village,Darjeeling,34.21,ICD Siliguri,63.4,Kolkata Port (Syama Prasad Mookerjee Port) incl. Haldia Dock Complex,516.49,Lokpriya Gopinath Bordoloi International Airport (GAU),332.3,Jogbani ICP,153.77
Khamdong,Gangtok,261268,village,Darjeeling,33.38,ICD Siliguri,61.47,Kolkata Port (Syama Prasad Mookerjee Port) incl. Haldia Dock Complex,514.51,Lokpriya Gopinath Bordoloi International Airport (GAU),330.2,Jogbani ICP,153.57
Singbel,Gangtok,261264,village,Darjeeling,37.51,ICD Siliguri,67.02,Kolkata Port (Syama Prasad Mookerjee Port) incl. Haldia Dock Complex,520.11,Lokpriya Gopinath Bordoloi International Airport (GAU),333.27,Jogbani ICP,156.47
Thangsing,Gangtok,261266,village,Darjeeling,35.58,ICD Siliguri,63.71,Kolkata Port (Syama Prasad Mookerjee Port) incl. Haldia Dock Complex,516.71,Lokpriya Gopinath Bordoloi International Airport (GAU),330.35,Jogbani ICP,155.54
Gnathang (CT),Gangtok,261315,village,CHALSA JN,47.26,ICD Siliguri,75.32,Kolkata Port (Syama Prasad Mookerjee Port) incl. Haldia Dock Complex,520.12,Lokpriya Gopinath Bordoloi International Airport (GAU),301.13,Golakganj ICP,165.48
Forest,Gangtok,,village,CHALSA JN,51.98,ICD Siliguri,77.44,Kolkata Port (Syama Prasad Mookerjee Port) incl. Haldia Dock Complex,524.4,Lokpriya Gopinath Bordoloi International Airport (GAU),306.9,Golakganj ICP,171.71
Forest,Gangtok,,village,Darjeeling,43.77,ICD Siliguri,69.97,Kolkata Port (Syama Prasad Mookerjee Port) incl. Haldia Dock Complex,522.42,Lokpriya Gopinath Bordoloi International Airport (GAU),326.7,Jogbani ICP,163.91
Singtam Nagar Panchayat,Gangtok,801422,village,Darjeeling,32.18,ICD Siliguri,58.09,Kolkata Port (Syama Prasad Mookerjee Port) incl. Haldia Dock Complex,510.93,Lokpriya Gopinath Bordoloi International Airport (GAU),326.6,Jogbani ICP,153.17
Martam,Gangtok,261279,village,Darjeeling,39.28,ICD Siliguri,63.77,Kolkata Port (Syama Prasad Mookerjee Port) incl. Haldia Dock Complex,516.05,Lokpriya Gopinath Bordoloi International Airport (GAU),323.73,Jogbani ICP,160.24
Singtam Forest Block,Gangtok,261326,village,Darjeeling,32.62,ICD Siliguri,58.94,Kolkata Port (Syama Prasad Mookerjee Port) incl. Haldia Dock Complex,511.82,Lokpriya Gopinath Bordoloi International Airport (GAU),327.21,Jogbani ICP,153.49
Pangthang Forest Block,Gangtok,261320,village,Darjeeling,47.24,ICD Siliguri,72.59,Kolkata Port (Syama Prasad Mookerjee Port) incl. Haldia Dock Complex,524.65,Lokpriya Gopinath Bordoloi International Airport (GAU),324.91,Jogbani ICP,167.5
Gor Taryang,Mangan,260948,village,Darjeeling,54.02,ICD Siliguri,82.38,Kolkata Port (Syama Prasad Mookerjee Port) incl. Haldia Dock Complex,535.02,Lokpriya Gopinath Bordoloi International Airport (GAU),332.42,Jogbani ICP,171.98
Sangtok Sagyong,Mangan,260947,village,Darjeeling,51.19,ICD Siliguri,79.57,Kolkata Port (Syama Prasad Mookerjee Port) incl. Haldia Dock Complex,532.28,Lokpriya Gopinath Bordoloi International Airport (GAU),332.14,Jogbani ICP,169.41
Lum,Mangan,260946,village,Darjeeling,48.92,ICD Siliguri,78.15,Kolkata Port (Syama Prasad Mookerjee Port) incl. Haldia Dock Complex,531.07,Lokpriya Gopinath Bordoloi International Airport (GAU),334.04,Jogbani ICP,166.72
Chungthang,Mangan,260927,village,Darjeeling,77.45,ICD Siliguri,102.93,Kolkata Port (Syama Prasad Mookerjee Port) incl. Haldia Dock Complex,553.44,Lokpriya Gopinath Bordoloi International Airport (GAU),326.41,Jogbani ICP,195.77
Shipyer,Mangan,260928,village,Darjeeling,72.12,ICD Siliguri,97.8,Kolkata Port (Syama Prasad Mookerjee Port) incl. Haldia Dock Complex,548.69,Lokpriya Gopinath Bordoloi International Airport (GAU),326.57,Jogbani ICP,190.62
Toong,Mangan,260929,village,Darjeeling,73.48,ICD Siliguri,98.2,Kolkata Port (Syama Prasad Mookerjee Port) incl. Haldia Dock Complex,548.48,Lokpriya Gopinath Bordoloi International Airport (GAU),323.77,Jogbani ICP,192.51
Naganamgor,Mangan,260934,village,Darjeeling,70.75,ICD Siliguri,96.02,Kolkata Port (Syama Prasad Mookerjee Port) incl. Haldia Dock Complex,546.77,Lokpriya Gopinath Bordoloi International Airport (GAU),325.24,Jogbani ICP,189.6
Barfok,Mangan,260951,village,Darjeeling,62.4,ICD Siliguri,91.31,Kolkata Port (Syama Prasad Mookerjee Port) incl. Haldia Dock Complex,543.9,Lokpriya Gopinath Bordoloi International Airport (GAU),335.27,Jogbani ICP,179.03
Goan samdong,Mangan,260949,village,Darjeeling,57.11,ICD Siliguri,85.53,Kolkata Port (Syama Prasad Mookerjee Port) incl. Haldia Dock Complex,538.1,Lokpriya Gopinath Bordoloi International Airport (GAU),332.98,Jogbani ICP,174.72
Hee Gyathang,Mangan,260950,village,Darjeeling,59.94,ICD Siliguri,88.52,Kolkata Port (Syama Prasad Mookerjee Port) incl. Haldia Dock Complex,541.06,Lokpriya Gopinath Bordoloi International Airport (GAU),333.86,Jogbani ICP,177.13
Lingdong,Mangan,260952,village,Darjeeling,64.24,ICD Siliguri,92.43,Kolkata Port (Syama Prasad Mookerjee Port) incl. Haldia Dock Complex,544.75,Lokpriya Gopinath Bordoloi International Airport (GAU),333.35,Jogbani ICP,181.36
Tingchim,Mangan,260957,village,Darjeeling,59.37,ICD Siliguri,86.73,Kolkata Port (Syama Prasad Mookerjee Port) incl. Haldia Dock Complex,538.91,Lokpriya Gopinath Bordoloi International Airport (GAU),330.28,Jogbani ICP,177.6
Upper Mangshila,Mangan,260958,village,Darjeeling,57.61,ICD Siliguri,84.71,Kolkata Port (Syama Prasad Mookerjee Port) incl. Haldia Dock Complex,536.86,Lokpriya Gopinath Bordoloi International Airport (GAU),329.39,Jogbani ICP,176.18
Lower Mangshila,Mangan,260959,village,Darjeeling,56.11,ICD Siliguri,83.65,Kolkata Port (Syama Prasad Mookerjee Port) incl. Haldia Dock Complex,536.0,Lokpriya Gopinath Bordoloi International Airport (GAU),330.45,Jogbani ICP,174.49
Namok,Mangan,260960,village,Darjeeling,55.39,ICD Siliguri,82.34,Kolkata Port (Syama Prasad Mookerjee Port) incl. Haldia Dock Complex,534.52,Lokpriya Gopinath Bordoloi International Airport (GAU),328.82,Jogbani ICP,174.24
Swayam,Mangan,260961,village,Darjeeling,54.06,ICD Siliguri,81.27,Kolkata Port (Syama Prasad Mookerjee Port) incl. Haldia Dock Complex,533.59,Lokpriya Gopinath Bordoloi International Airport (GAU),329.39,Jogbani ICP,172.85
Tanek,Mangan,260962,village,Darjeeling,52.63,ICD Siliguri,80.08,Kolkata Port (Syama Prasad Mookerjee Port) incl. Haldia Dock Complex,532.51,Lokpriya Gopinath Bordoloi International Airport (GAU),329.89,Jogbani ICP,171.38
Ramthang,Mangan,260963,village,Darjeeling,52.87,ICD Siliguri,79.16,Kolkata Port (Syama Prasad Mookerjee Port) incl. Haldia Dock Complex,531.23,Lokpriya Gopinath Bordoloi International Airport (GAU),327.04,Jogbani ICP,172.31
Rongong,Mangan,260964,village,Darjeeling,53.86,ICD Siliguri,79.51,Kolkata Port (Syama Prasad Mookerjee Port) incl. Haldia Dock Complex,531.33,Lokpriya Gopinath Bordoloi International Airport (GAU),325.56,Jogbani ICP,173.56
Tumlong,Mangan,260965,village,Darjeeling,55.96,ICD Siliguri,81.36,Kolkata Port (Syama Prasad Mookerjee Port) incl. Haldia Dock Complex,532.98,Lokpriya Gopinath Bordoloi International Airport (GAU),325.01,Jogbani ICP,175.64
Phodong,Mangan,260966,village,Darjeeling,54.59,ICD Siliguri,79.35,Kolkata Port (Syama Prasad Mookerjee Port) incl. Haldia Dock Complex,530.79,Lokpriya Gopinath Bordoloi International Airport (GAU),323.48,Jogbani ICP,174.65
Salimpakyel,Mangan,260940,village,Darjeeling,70.39,ICD Siliguri,97.9,Kolkata Port (Syama Prasad Mookerjee Port) incl. Haldia Dock Complex,549.76,Lokpriya Gopinath Bordoloi International Airport (GAU),332.1,Jogbani ICP,187.6
Lingthem,Mangan,260941,village,Darjeeling,66.32,ICD Siliguri,94.8,Kolkata Port (Syama Prasad Mookerjee Port) incl. Haldia Dock Complex,547.17,Lokpriya Gopinath Bordoloi International Airport (GAU),334.59,Jogbani ICP,182.99
Lingdem,Mangan,260942,village,Darjeeling,68.16,ICD Siliguri,97.82,Kolkata Port (Syama Prasad Mookerjee Port) incl. Haldia Dock Complex,550.52,Lokpriya Gopinath Bordoloi International Airport (GAU),338.93,Jogbani ICP,183.37
Tingbong,Mangan,260943,village,Darjeeling,70.09,ICD Siliguri,98.88,Kolkata Port (Syama Prasad Mookerjee Port) incl. Haldia Dock Complex,551.26,Lokpriya Gopinath Bordoloi International Airport (GAU),336.31,Jogbani ICP,186.09
Lingzya,Mangan,260944,village,Darjeeling,75.18,ICD Siliguri,105.08,Kolkata Port (Syama Prasad Mookerjee Port) incl. Haldia Dock Complex,557.74,Lokpriya Gopinath Bordoloi International Airport (GAU),341.5,Jogbani ICP,189.36
Pentong,Mangan,260945,village,Darjeeling,72.07,ICD Siliguri,102.79,Kolkata Port (Syama Prasad Mookerjee Port) incl. Haldia Dock Complex,555.71,Lokpriya Gopinath Bordoloi International Airport (GAU),343.86,Jogbani ICP,185.44
Chawang,Mangan,260967,village,Darjeeling,57.6,ICD Siliguri,82.66,Kolkata Port (Syama Prasad Mookerjee Port) incl. Haldia Dock Complex,534.05,Lokpriya Gopinath Bordoloi International Airport (GAU),324.18,Jogbani ICP,177.36
Phamtam,Mangan,260968,village,Darjeeling,59.01,ICD Siliguri,83.64,Kolkata Port (Syama Prasad Mookerjee Port) incl. Haldia Dock Complex,534.76,Lokpriya Gopinath Bordoloi International Airport (GAU),323.13,Jogbani ICP,178.89
Men Rongong,Mangan,260969,village,Darjeeling,59.83,ICD Siliguri,83.87,Kolkata Port (Syama Prasad Mookerjee Port) incl. Haldia Dock Complex,534.68,Lokpriya Gopinath Bordoloi International Airport (GAU),321.7,Jogbani ICP,179.92
Pani Phensong,Mangan,260970,village,Darjeeling,56.95,ICD Siliguri,81.03,Kolkata Port (Syama Prasad Mookerjee Port) incl. Haldia Dock Complex,532.05,Lokpriya Gopinath Bordoloi International Airport (GAU),321.86,Jogbani ICP,177.17
Tingda,Mangan,260973,village,Darjeeling,54.63,ICD Siliguri,77.95,Kolkata Port (Syama Prasad Mookerjee Port) incl. Haldia Dock Complex,528.81,Lokpriya Gopinath Bordoloi International Airport (GAU),320.28,Jogbani ICP,175.23
Labi,Mangan,260971,village,Darjeeling,59.45,ICD Siliguri,82.85,Kolkata Port (Syama Prasad Mookerjee Port) incl. Haldia Dock Complex,533.38,Lokpriya Gopinath Bordoloi International Airport (GAU),320.18,Jogbani ICP,179.81
Kabi,Mangan,260972,village,Darjeeling,58.31,ICD Siliguri,81.2,Kolkata Port (Syama Prasad Mookerjee Port) incl. Haldia Dock Complex,531.57,Lokpriya Gopinath Bordoloi International Airport (GAU),319.08,Jogbani ICP,178.89
Kazor,Mangan,260938,village,Darjeeling,66.33,ICD Siliguri,93.81,Kolkata Port (Syama Prasad Mookerjee Port) incl. Haldia Dock Complex,545.79,Lokpriya Gopinath Bordoloi International Airport (GAU),331.44,Jogbani ICP,183.89
Meyong,Mangan,260935,village,Darjeeling,69.42,ICD Siliguri,94.96,Kolkata Port (Syama Prasad Mookerjee Port) incl. Haldia Dock Complex,545.92,Lokpriya Gopinath Bordoloi International Airport (GAU),325.94,Jogbani ICP,188.18
Nampatam,Mangan,260956,village,Darjeeling,61.57,ICD Siliguri,88.15,Kolkata Port (Syama Prasad Mookerjee Port) incl. Haldia Dock Complex,539.95,Lokpriya Gopinath Bordoloi International Airport (GAU),328.31,Jogbani ICP,180.18
Pakshep,Mangan,260937,village,Darjeeling,65.35,ICD Siliguri,92.53,Kolkata Port (Syama Prasad Mookerjee Port) incl. Haldia Dock Complex,544.43,Lokpriya Gopinath Bordoloi International Airport (GAU),330.4,Jogbani ICP,183.24
Ringhim,Mangan,260955,village,Darjeeling,62.84,ICD Siliguri,89.91,Kolkata Port (Syama Prasad Mookerjee Port) incl. Haldia Dock Complex,541.86,Lokpriya Gopinath Bordoloi International Airport (GAU),329.81,Jogbani ICP,181.01
Sentam,Mangan,260939,village,Darjeeling,66.29,ICD Siliguri,93.24,Kolkata Port (Syama Prasad Mookerjee Port) incl. Haldia Dock Complex,545.01,Lokpriya Gopinath Bordoloi International Airport (GAU),329.84,Jogbani ICP,184.27
Singchit,Mangan,260936,village,Darjeeling,67.59,ICD Siliguri,93.73,Kolkata Port (Syama Prasad Mookerjee Port) incl. Haldia Dock Complex,545.08,Lokpriya Gopinath Bordoloi International Airport (GAU),327.57,Jogbani ICP,186.06
Singhik,Mangan,260954,village,Darjeeling,64.62,ICD Siliguri,91.69,Kolkata Port (Syama Prasad Mookerjee Port) incl. Haldia Dock Complex,543.58,Lokpriya Gopinath Bordoloi International Airport (GAU),330.01,Jogbani ICP,182.65
Zimchung,Mangan,260953,village,Darjeeling,62.32,ICD Siliguri,89.86,Kolkata Port (Syama Prasad Mookerjee Port) incl. Haldia Dock Complex,542.0,Lokpriya Gopinath Bordoloi International Airport (GAU),331.12,Jogbani ICP,180.17
Forest,Mangan,,village,Darjeeling,91.49,ICD Siliguri,122.6,Kolkata Port (Syama Prasad Mookerjee Port) incl. Haldia Dock Complex,575.45,Lokpriya Gopinath Bordoloi International Airport (GAU),351.67,Jogbani ICP,202.1
Forest,Mangan,,village,CHALSA JN,61.18,ICD Siliguri,84.43,Kolkata Port (Syama Prasad Mookerjee Port) incl. Haldia Dock Complex,533.11,Lokpriya Gopinath Bordoloi International Airport (GAU),313.65,Golakganj ICP,180.75
Forest,Mangan,,village,Darjeeling,61.32,ICD Siliguri,95.28,Kolkata Port (Syama Prasad Mookerjee Port) incl. Haldia Dock Complex,548.18,Lokpriya Gopinath Bordoloi International Airport (GAU),353.45,Jogbani ICP,170.43
Forest,Mangan,,village,Darjeeling,67.23,ICD Siliguri,90.61,Kolkata Port (Syama Prasad Mookerjee Port) incl. Haldia Dock Complex,540.54,Lokpriya Gopinath Bordoloi International Airport (GAU),319.9,Jogbani ICP,187.25
Mangan Nagar Panchayat,Mangan,801416,village,Darjeeling,64.0,ICD Siliguri,91.31,Kolkata Port (Syama Prasad Mookerjee Port) incl. Haldia Dock Complex,543.31,Lokpriya Gopinath Bordoloi International Airport (GAU),330.64,Jogbani ICP,181.9
Satam,Namchi,261244,village,Darjeeling,33.98,ICD Siliguri,65.11,Kolkata Port (Syama Prasad Mookerjee Port) incl. Haldia Dock Complex,518.22,Lokpriya Gopinath Bordoloi International Airport (GAU),336.36,Jogbani ICP,152.22
Gagyong,Namchi,261241,village,Darjeeling,34.96,ICD Siliguri,65.42,Kolkata Port (Syama Prasad Mookerjee Port) incl. Haldia Dock Complex,518.55,Lokpriya Gopinath Bordoloi International Airport (GAU),335.02,Jogbani ICP,153.59
Yangang,Namchi,261243,village,Darjeeling,35.3,ICD Siliguri,66.62,Kolkata Port (Syama Prasad Mookerjee Port) incl. Haldia Dock Complex,519.73,Lokpriya Gopinath Bordoloi International Airport (GAU),337.01,Jogbani ICP,153.16
Rangang,Namchi,261242,village,Darjeeling,37.41,ICD Siliguri,68.47,Kolkata Port (Syama Prasad Mookerjee Port) incl. Haldia Dock Complex,521.6,Lokpriya Gopinath Bordoloi International Airport (GAU),336.79,Jogbani ICP,155.17
Namphok,Namchi,261240,village,Darjeeling,35.15,ICD Siliguri,65.02,Kolkata Port (Syama Prasad Mookerjee Port) incl. Haldia Dock Complex,518.14,Lokpriya Gopinath Bordoloi International Airport (GAU),333.78,Jogbani ICP,154.17
Sripatam,Namchi,261239,village,Darjeeling,37.79,ICD Siliguri,68.08,Kolkata Port (Syama Prasad Mookerjee Port) incl. Haldia Dock Complex,521.2,Lokpriya Gopinath Bordoloi International Airport (GAU),335.05,Jogbani ICP,156.14
Chumlok,Namchi,261106,village,Darjeeling,19.57,ICD Siliguri,54.39,Kolkata Port (Syama Prasad Mookerjee Port) incl. Haldia Dock Complex,506.5,Lokpriya Gopinath Bordoloi International Airport (GAU),341.19,Jogbani ICP,137.23
Sanghanath,Namchi,261223,village,Darjeeling,23.29,ICD Siliguri,58.98,Kolkata Port (Syama Prasad Mookerjee Port) incl. Haldia Dock Complex,510.75,Lokpriya Gopinath Bordoloi International Airport (GAU),344.72,Jogbani ICP,138.43
Omchu,Namchi,261105,village,Darjeeling,22.3,ICD Siliguri,56.95,Kolkata Port (Syama Prasad Mookerjee Port) incl. Haldia Dock Complex,509.19,Lokpriya Gopinath Bordoloi International Airport (GAU),341.65,Jogbani ICP,139.38
Wak,Namchi,261107,village,Darjeeling,21.95,ICD Siliguri,55.92,Kolkata Port (Syama Prasad Mookerjee Port) incl. Haldia Dock Complex,508.38,Lokpriya Gopinath Bordoloi International Airport (GAU),339.99,Jogbani ICP,139.95
Tingrithang,Namchi,261111,village,Darjeeling,20.61,ICD Siliguri,53.24,Kolkata Port (Syama Prasad Mookerjee Port) incl. Haldia Dock Complex,505.97,Lokpriya Gopinath Bordoloi International Airport (GAU),337.08,Jogbani ICP,140.07
Pabong,Namchi,261113,village,Darjeeling,21.04,ICD Siliguri,54.45,Kolkata Port (Syama Prasad Mookerjee Port) incl. Haldia Dock Complex,507.03,Lokpriya Gopinath Bordoloi International Airport (GAU),338.63,Jogbani ICP,139.79
Pakjer,Namchi,261114,village,Darjeeling,19.01,ICD Siliguri,53.4,Kolkata Port (Syama Prasad Mookerjee Port) incl. Haldia Dock Complex,505.65,Lokpriya Gopinath Bordoloi International Airport (GAU),340.11,Jogbani ICP,137.32
Kateng Bokrong,Namchi,261163,village,Darjeeling,22.23,ICD Siliguri,46.17,Kolkata Port (Syama Prasad Mookerjee Port) incl. Haldia Dock Complex,499.22,Lokpriya Gopinath Bordoloi International Airport (GAU),325.68,Jogbani ICP,143.52
Pamphok,Namchi,261193,village,Darjeeling,23.85,ICD Siliguri,47.16,Kolkata Port (Syama Prasad Mookerjee Port) incl. Haldia Dock Complex,500.11,Lokpriya Gopinath Bordoloi International Airport (GAU),324.67,Jogbani ICP,145.14
Donok,Namchi,261194,village,Darjeeling,26.88,ICD Siliguri,47.95,Kolkata Port (Syama Prasad Mookerjee Port) incl. Haldia Dock Complex,500.54,Lokpriya Gopinath Bordoloi International Airport (GAU),321.68,Jogbani ICP,148.04
Turung,Namchi,261191,village,Darjeeling,26.23,ICD Siliguri,48.61,Kolkata Port (Syama Prasad Mookerjee Port) incl. Haldia Dock Complex,501.36,Lokpriya Gopinath Bordoloi International Airport (GAU),323.14,Jogbani ICP,147.51
Paleytam,Namchi,261164,village,Darjeeling,23.93,ICD Siliguri,48.69,Kolkata Port (Syama Prasad Mookerjee Port) incl. Haldia Dock Complex,501.72,Lokpriya Gopinath Bordoloi International Airport (GAU),326.15,Jogbani ICP,145.29
Nagi,Namchi,261166,village,Darjeeling,23.84,ICD Siliguri,49.45,Kolkata Port (Syama Prasad Mookerjee Port) incl. Haldia Dock Complex,502.52,Lokpriya Gopinath Bordoloi International Airport (GAU),327.1,Jogbani ICP,145.19
Mamring,Namchi,261195,village,Darjeeling,27.93,ICD Siliguri,50.45,Kolkata Port (Syama Prasad Mookerjee Port) incl. Haldia Dock Complex,503.11,Lokpriya Gopinath Bordoloi International Airport (GAU),322.86,Jogbani ICP,149.26
Tinkitam,Namchi,261224,village,Darjeeling,24.74,ICD Siliguri,59.46,Kolkata Port (Syama Prasad Mookerjee Port) incl. Haldia Dock Complex,511.72,Lokpriya Gopinath Bordoloi International Airport (GAU),342.6,Jogbani ICP,141.03
Hingdam,Namchi,261219,village,Darjeeling,27.58,ICD Siliguri,63.7,Kolkata Port (Syama Prasad Mookerjee Port) incl. Haldia Dock Complex,515.22,Lokpriya Gopinath Bordoloi International Airport (GAU),347.91,Jogbani ICP,140.28
Lamaten,Namchi,261220,village,Darjeeling,27.02,ICD Siliguri,62.93,Kolkata Port (Syama Prasad Mookerjee Port) incl. Haldia Dock Complex,514.6,Lokpriya Gopinath Bordoloi International Airport (GAU),346.93,Jogbani ICP,140.43
Tingmo,Namchi,261222,village,Darjeeling,27.32,ICD Siliguri,62.71,Kolkata Port (Syama Prasad Mookerjee Port) incl. Haldia Dock Complex,514.71,Lokpriya Gopinath Bordoloi International Airport (GAU),345.41,Jogbani ICP,141.71
Mangbrue,Namchi,261221,village,Darjeeling,29.13,ICD Siliguri,65.22,Kolkata Port (Syama Prasad Mookerjee Port) incl. Haldia Dock Complex,516.77,Lokpriya Gopinath Bordoloi International Airport (GAU),348.5,Jogbani ICP,141.35
Rayong,Namchi,261225,village,Darjeeling,26.87,ICD Siliguri,61.5,Kolkata Port (Syama Prasad Mookerjee Port) incl. Haldia Dock Complex,513.84,Lokpriya Gopinath Bordoloi International Airport (GAU),343.09,Jogbani ICP,142.68
Deu,Namchi,261247,village,Darjeeling,29.75,ICD Siliguri,60.37,Kolkata Port (Syama Prasad Mookerjee Port) incl. Haldia Dock Complex,513.48,Lokpriya Gopinath Bordoloi International Airport (GAU),334.66,Jogbani ICP,149.02
Ben,Namchi,261246,village,Darjeeling,31.22,ICD Siliguri,62.01,Kolkata Port (Syama Prasad Mookerjee Port) incl. Haldia Dock Complex,515.12,Lokpriya Gopinath Bordoloi International Airport (GAU),335.2,Jogbani ICP,150.15
Namprik,Namchi,261245,village,Darjeeling,31.59,ICD Siliguri,63.13,Kolkata Port (Syama Prasad Mookerjee Port) incl. Haldia Dock Complex,516.2,Lokpriya Gopinath Bordoloi International Airport (GAU),336.84,Jogbani ICP,149.88
Tanak,Namchi,261185,village,Darjeeling,31.85,ICD Siliguri,60.75,Kolkata Port (Syama Prasad Mookerjee Port) incl. Haldia Dock Complex,513.85,Lokpriya Gopinath Bordoloi International Airport (GAU),331.59,Jogbani ICP,151.84
Tarku,Namchi,261184,village,Darjeeling,32.41,ICD Siliguri,61.74,Kolkata Port (Syama Prasad Mookerjee Port) incl. Haldia Dock Complex,514.85,Lokpriya Gopinath Bordoloi International Airport (GAU),332.43,Jogbani ICP,152.11
Sumbuk,Namchi,261134,village,Darjeeling,13.15,ICD Siliguri,42.25,Kolkata Port (Syama Prasad Mookerjee Port) incl. Haldia Dock Complex,495.08,Lokpriya Gopinath Bordoloi International Airport (GAU),332.14,Jogbani ICP,134.51
Kartikey,Namchi,261133,village,Darjeeling,12.86,ICD Siliguri,42.87,Kolkata Port (Syama Prasad Mookerjee Port) incl. Haldia Dock Complex,495.61,Lokpriya Gopinath Bordoloi International Airport (GAU),333.03,Jogbani ICP,134.22
Suntaley,Namchi,261135,village,Darjeeling,14.22,ICD Siliguri,44.23,Kolkata Port (Syama Prasad Mookerjee Port) incl. Haldia Dock Complex,497.05,Lokpriya Gopinath Bordoloi International Airport (GAU),332.94,Jogbani ICP,135.53
Salghari,Namchi,261121,village,Darjeeling,10.9,ICD Siliguri,46.92,Kolkata Port (Syama Prasad Mookerjee Port) incl. Haldia Dock Complex,498.24,Lokpriya Gopinath Bordoloi International Airport (GAU),340.95,Jogbani ICP,129.89
Dorop,Namchi,261123,village,Darjeeling,10.74,ICD Siliguri,46.16,Kolkata Port (Syama Prasad Mookerjee Port) incl. Haldia Dock Complex,497.74,Lokpriya Gopinath Bordoloi International Airport (GAU),339.77,Jogbani ICP,130.42
Dhargaon,Namchi,261122,village,Darjeeling,11.7,ICD Siliguri,46.61,Kolkata Port (Syama Prasad Mookerjee Port) incl. Haldia Dock Complex,498.41,Lokpriya Gopinath Bordoloi International Airport (GAU),339.15,Jogbani ICP,131.54
Chisopani,Namchi,261120,village,Darjeeling,11.78,ICD Siliguri,47.66,Kolkata Port (Syama Prasad Mookerjee Port) incl. Haldia Dock Complex,499.08,Lokpriya Gopinath Bordoloi International Airport (GAU),340.97,Jogbani ICP,130.63
Tinik,Namchi,261119,village,Darjeeling,12.48,ICD Siliguri,48.21,Kolkata Port (Syama Prasad Mookerjee Port) incl. Haldia Dock Complex,499.72,Lokpriya Gopinath Bordoloi International Airport (GAU),340.9,Jogbani ICP,131.26
Sukrabarey,Namchi,261155,village,Darjeeling,17.25,ICD Siliguri,43.37,Kolkata Port (Syama Prasad Mookerjee Port) incl. Haldia Dock Complex,496.48,Lokpriya Gopinath Bordoloi International Airport (GAU),328.79,Jogbani ICP,138.55
Suntaley,Namchi,261154,village,Darjeeling,19.39,ICD Siliguri,43.69,Kolkata Port (Syama Prasad Mookerjee Port) incl. Haldia Dock Complex,496.81,Lokpriya Gopinath Bordoloi International Airport (GAU),326.71,Jogbani ICP,140.59
Sadam,Namchi,261156,village,Darjeeling,18.13,ICD Siliguri,44.8,Kolkata Port (Syama Prasad Mookerjee Port) incl. Haldia Dock Complex,497.92,Lokpriya Gopinath Bordoloi International Airport (GAU),329.13,Jogbani ICP,139.49
Rabitar,Namchi,261157,village,Darjeeling,19.19,ICD Siliguri,47.1,Kolkata Port (Syama Prasad Mookerjee Port) incl. Haldia Dock Complex,500.2,Lokpriya Gopinath Bordoloi International Airport (GAU),330.29,Jogbani ICP,140.49
Kamaray,Namchi,261146,village,Darjeeling,14.14,ICD Siliguri,42.5,Kolkata Port (Syama Prasad Mookerjee Port) incl. Haldia Dock Complex,495.43,Lokpriya Gopinath Bordoloi International Airport (GAU),331.34,Jogbani ICP,135.49
Lungchuk,Namchi,261145,village,Darjeeling,15.26,ICD Siliguri,44.25,Kolkata Port (Syama Prasad Mookerjee Port) incl. Haldia Dock Complex,497.2,Lokpriya Gopinath Bordoloi International Airport (GAU),331.81,Jogbani ICP,136.61
Rong,Namchi,261136,village,Darjeeling,13.82,ICD Siliguri,44.95,Kolkata Port (Syama Prasad Mookerjee Port) incl. Haldia Dock Complex,497.63,Lokpriya Gopinath Bordoloi International Airport (GAU),334.2,Jogbani ICP,134.98
Palum,Namchi,261137,village,Darjeeling,15.07,ICD Siliguri,46.54,Kolkata Port (Syama Prasad Mookerjee Port) incl. Haldia Dock Complex,499.25,Lokpriya Gopinath Bordoloi International Airport (GAU),334.65,Jogbani ICP,136.02
Singtam,Namchi,261138,village,Darjeeling,16.13,ICD Siliguri,46.91,Kolkata Port (Syama Prasad Mookerjee Port) incl. Haldia Dock Complex,499.74,Lokpriya Gopinath Bordoloi International Airport (GAU),333.81,Jogbani ICP,137.15
Bul,Namchi,261139,village,Darjeeling,17.07,ICD Siliguri,47.14,Kolkata Port (Syama Prasad Mookerjee Port) incl. Haldia Dock Complex,500.07,Lokpriya Gopinath Bordoloi International Airport (GAU),332.94,Jogbani ICP,138.17
Ramang,Namchi,261173,village,Darjeeling,24.57,ICD Siliguri,53.06,Kolkata Port (Syama Prasad Mookerjee Port) incl. Haldia Dock Complex,506.19,Lokpriya Gopinath Bordoloi International Airport (GAU),330.76,Jogbani ICP,145.44
Nijameng,Namchi,261174,village,Darjeeling,25.13,ICD Siliguri,54.01,Kolkata Port (Syama Prasad Mookerjee Port) incl. Haldia Dock Complex,507.14,Lokpriya Gopinath Bordoloi International Airport (GAU),331.34,Jogbani ICP,145.82
Lingding,Namchi,261208,village,Darjeeling,34.21,ICD Siliguri,69.74,Kolkata Port (Syama Prasad Mookerjee Port) incl. Haldia Dock Complex,521.73,Lokpriya Gopinath Bordoloi International Airport (GAU),348.66,Jogbani ICP,146.17
Ralong,Namchi,261209,village,Darjeeling,36.23,ICD Siliguri,71.44,Kolkata Port (Syama Prasad Mookerjee Port) incl. Haldia Dock Complex,523.63,Lokpriya Gopinath Bordoloi International Airport (GAU),348.36,Jogbani ICP,148.31
Namlung,Namchi,261207,village,Darjeeling,36.08,ICD Siliguri,71.83,Kolkata Port (Syama Prasad Mookerjee Port) incl. Haldia Dock Complex,523.69,Lokpriya Gopinath Bordoloi International Airport (GAU),350.3,Jogbani ICP,146.92
Polok,Namchi,261206,village,Darjeeling,39.16,ICD Siliguri,74.48,Kolkata Port (Syama Prasad Mookerjee Port) incl. Haldia Dock Complex,526.64,Lokpriya Gopinath Bordoloi International Airport (GAU),349.93,Jogbani ICP,150.2
Borong,Namchi,261205,village,Darjeeling,41.32,ICD Siliguri,76.49,Kolkata Port (Syama Prasad Mookerjee Port) incl. Haldia Dock Complex,528.74,Lokpriya Gopinath Bordoloi International Airport (GAU),350.29,Jogbani ICP,152.1
Phamtam,Namchi,261204,village,Darjeeling,44.48,ICD Siliguri,79.41,Kolkata Port (Syama Prasad Mookerjee Port) incl. Haldia Dock Complex,531.82,Lokpriya Gopinath Bordoloi International Airport (GAU),350.64,Jogbani ICP,155.03
Sada,Namchi,261203,village,Darjeeling,47.69,ICD Siliguri,82.7,Kolkata Port (Syama Prasad Mookerjee Port) incl. Haldia Dock Complex,535.09,Lokpriya Gopinath Bordoloi International Airport (GAU),352.3,Jogbani ICP,157.24
Barfung,Namchi,261213,village,Darjeeling,32.68,ICD Siliguri,66.51,Kolkata Port (Syama Prasad Mookerjee Port) incl. Haldia Dock Complex,519.21,Lokpriya Gopinath Bordoloi International Airport (GAU),342.76,Jogbani ICP,148.18
Jarrong,Namchi,261212,village,Darjeeling,33.17,ICD Siliguri,68.59,Kolkata Port (Syama Prasad Mookerjee Port) incl. Haldia Dock Complex,520.63,Lokpriya Gopinath Bordoloi International Airport (GAU),347.84,Jogbani ICP,145.69
Deythang,Namchi,261211,village,Darjeeling,34.43,ICD Siliguri,69.26,Kolkata Port (Syama Prasad Mookerjee Port) incl. Haldia Dock Complex,521.62,Lokpriya Gopinath Bordoloi International Airport (GAU),346.34,Jogbani ICP,147.83
Sangmo,Namchi,261226,village,Darjeeling,32.53,ICD Siliguri,64.36,Kolkata Port (Syama Prasad Mookerjee Port) incl. Haldia Dock Complex,517.41,Lokpriya Gopinath Bordoloi International Airport (GAU),337.67,Jogbani ICP,150.39
Rabong,Namchi,261227,village,Darjeeling,34.12,ICD Siliguri,66.63,Kolkata Port (Syama Prasad Mookerjee Port) incl. Haldia Dock Complex,519.62,Lokpriya Gopinath Bordoloi International Airport (GAU),339.65,Jogbani ICP,150.99
Rabong Bazar,Namchi,648237,village,Darjeeling,33.02,ICD Siliguri,66.2,Kolkata Port (Syama Prasad Mookerjee Port) incl. Haldia Dock Complex,519.06,Lokpriya Gopinath Bordoloi International Airport (GAU),341.07,Jogbani ICP,149.34
Sangbung,Namchi,261127,village,Darjeeling,12.9,ICD Siliguri,47.87,Kolkata Port (Syama Prasad Mookerjee Port) incl. Haldia Dock Complex,499.71,Lokpriya Gopinath Bordoloi International Airport (GAU),339.57,Jogbani ICP,132.35
Poklok,Namchi,261118,village,Darjeeling,14.49,ICD Siliguri,49.87,Kolkata Port (Syama Prasad Mookerjee Port) incl. Haldia Dock Complex,501.6,Lokpriya Gopinath Bordoloi International Airport (GAU),340.83,Jogbani ICP,133.02
Denchung,Namchi,261117,village,Darjeeling,15.54,ICD Siliguri,50.01,Kolkata Port (Syama Prasad Mookerjee Port) incl. Haldia Dock Complex,502.12,Lokpriya Gopinath Bordoloi International Airport (GAU),339.35,Jogbani ICP,134.7
Khanamtek,Namchi,261192,village,Darjeeling,24.99,ICD Siliguri,48.08,Kolkata Port (Syama Prasad Mookerjee Port) incl. Haldia Dock Complex,500.97,Lokpriya Gopinath Bordoloi International Airport (GAU),324.18,Jogbani ICP,146.3
Nalamkolbong,Namchi,261165,village,Darjeeling,24.54,ICD Siliguri,48.81,Kolkata Port (Syama Prasad Mookerjee Port) incl. Haldia Dock Complex,501.79,Lokpriya Gopinath Bordoloi International Airport (GAU),325.49,Jogbani ICP,145.9
Maneydara,Namchi,261167,village,Darjeeling,26.17,ICD Siliguri,50.65,Kolkata Port (Syama Prasad Mookerjee Port) incl. Haldia Dock Complex,503.59,Lokpriya Gopinath Bordoloi International Airport (GAU),325.43,Jogbani ICP,147.53
Kabrey,Namchi,261168,village,Darjeeling,27.12,ICD Siliguri,51.83,Kolkata Port (Syama Prasad Mookerjee Port) incl. Haldia Dock Complex,504.75,Lokpriya Gopinath Bordoloi International Airport (GAU),325.55,Jogbani ICP,148.46
Karek,Namchi,261169,village,Darjeeling,26.68,ICD Siliguri,52.51,Kolkata Port (Syama Prasad Mookerjee Port) incl. Haldia Dock Complex,505.53,Lokpriya Gopinath Bordoloi International Airport (GAU),327.0,Jogbani ICP,147.94
Chuba,Namchi,261171,village,Darjeeling,22.82,ICD Siliguri,50.97,Kolkata Port (Syama Prasad Mookerjee Port) incl. Haldia Dock Complex,504.09,Lokpriya Gopinath Bordoloi International Airport (GAU),330.33,Jogbani ICP,143.9
Phong,Namchi,261170,village,Darjeeling,24.59,ICD Siliguri,51.56,Kolkata Port (Syama Prasad Mookerjee Port) incl. Haldia Dock Complex,504.66,Lokpriya Gopinath Bordoloi International Airport (GAU),328.68,Jogbani ICP,145.78
Perbing,Namchi,261172,village,Darjeeling,22.13,ICD Siliguri,51.53,Kolkata Port (Syama Prasad Mookerjee Port) incl. Haldia Dock Complex,504.62,Lokpriya Gopinath Bordoloi International Airport (GAU),332.07,Jogbani ICP,142.95
Paiyong,Namchi,261153,village,Darjeeling,18.55,ICD Siliguri,41.78,Kolkata Port (Syama Prasad Mookerjee Port) incl. Haldia Dock Complex,494.9,Lokpriya Gopinath Bordoloi International Airport (GAU),326.12,Jogbani ICP,139.48
Panchgharey,Namchi,261147,village,Darjeeling,14.54,ICD Siliguri,41.14,Kolkata Port (Syama Prasad Mookerjee Port) incl. Haldia Dock Complex,494.16,Lokpriya Gopinath Bordoloi International Airport (GAU),329.8,Jogbani ICP,135.73
Mellidara,Namchi,261152,village,Darjeeling,17.09,ICD Siliguri,41.09,Kolkata Port (Syama Prasad Mookerjee Port) incl. Haldia Dock Complex,494.21,Lokpriya Gopinath Bordoloi International Airport (GAU),327.15,Jogbani ICP,138.03
Ramabong,Namchi,261149,village,Darjeeling,16.09,ICD Siliguri,41.89,Kolkata Port (Syama Prasad Mookerjee Port) incl. Haldia Dock Complex,494.98,Lokpriya Gopinath Bordoloi International Airport (GAU),328.79,Jogbani ICP,137.28
Turuk,Namchi,261148,village,Darjeeling,15.89,ICD Siliguri,43.59,Kolkata Port (Syama Prasad Mookerjee Port) incl. Haldia Dock Complex,496.62,Lokpriya Gopinath Bordoloi International Airport (GAU),330.47,Jogbani ICP,137.25
passi,Namchi,261162,village,Darjeeling,20.93,ICD Siliguri,45.8,Kolkata Port (Syama Prasad Mookerjee Port) incl. Haldia Dock Complex,498.9,Lokpriya Gopinath Bordoloi International Airport (GAU),326.86,Jogbani ICP,142.25
Rateypani,Namchi,261161,village,Darjeeling,20.15,ICD Siliguri,46.45,Kolkata Port (Syama Prasad Mookerjee Port) incl. Haldia Dock Complex,499.57,Lokpriya Gopinath Bordoloi International Airport (GAU),328.42,Jogbani ICP,141.52
Bikmat,Namchi,261160,village,Darjeeling,21.52,ICD Siliguri,47.38,Kolkata Port (Syama Prasad Mookerjee Port) incl. Haldia Dock Complex,500.49,Lokpriya Gopinath Bordoloi International Airport (GAU),327.74,Jogbani ICP,142.89
Rabikhola,Namchi,261158,village,Darjeeling,20.39,ICD Siliguri,48.07,Kolkata Port (Syama Prasad Mookerjee Port) incl. Haldia Dock Complex,501.19,Lokpriya Gopinath Bordoloi International Airport (GAU),329.92,Jogbani ICP,141.67
Tangzi,Namchi,261159,village,Darjeeling,22.4,ICD Siliguri,49.17,Kolkata Port (Syama Prasad Mookerjee Port) incl. Haldia Dock Complex,502.3,Lokpriya Gopinath Bordoloi International Airport (GAU),328.65,Jogbani ICP,143.71
Salleybong,Namchi,261142,village,Darjeeling,17.53,ICD Siliguri,48.91,Kolkata Port (Syama Prasad Mookerjee Port) incl. Haldia Dock Complex,501.73,Lokpriya Gopinath Bordoloi International Airport (GAU),334.68,Jogbani ICP,138.19
Maniram,Namchi,261144,village,Darjeeling,18.91,ICD Siliguri,48.84,Kolkata Port (Syama Prasad Mookerjee Port) incl. Haldia Dock Complex,501.84,Lokpriya Gopinath Bordoloi International Airport (GAU),332.75,Jogbani ICP,139.89
Phalidara,Namchi,261143,village,Darjeeling,19.2,ICD Siliguri,49.98,Kolkata Port (Syama Prasad Mookerjee Port) incl. Haldia Dock Complex,502.92,Lokpriya Gopinath Bordoloi International Airport (GAU),333.94,Jogbani ICP,139.87
Naybrum,Namchi,261238,village,Darjeeling,39.17,ICD Siliguri,69.49,Kolkata Port (Syama Prasad Mookerjee Port) incl. Haldia Dock Complex,522.61,Lokpriya Gopinath Bordoloi International Airport (GAU),335.32,Jogbani ICP,157.31
Tokdey,Namchi,261236,village,Darjeeling,41.42,ICD Siliguri,70.35,Kolkata Port (Syama Prasad Mookerjee Port) incl. Haldia Dock Complex,523.34,Lokpriya Gopinath Bordoloi International Airport (GAU),332.4,Jogbani ICP,160.31
Mangzing,Namchi,261237,village,Darjeeling,40.54,ICD Siliguri,70.4,Kolkata Port (Syama Prasad Mookerjee Port) incl. Haldia Dock Complex,523.48,Lokpriya Gopinath Bordoloi International Airport (GAU),334.42,Jogbani ICP,158.87
Kolthang,Namchi,261235,village,Darjeeling,42.63,ICD Siliguri,71.74,Kolkata Port (Syama Prasad Mookerjee Port) incl. Haldia Dock Complex,524.73,Lokpriya Gopinath Bordoloi International Airport (GAU),332.94,Jogbani ICP,161.26
Lingmo,Namchi,261233,village,Darjeeling,42.05,ICD Siliguri,72.08,Kolkata Port (Syama Prasad Mookerjee Port) incl. Haldia Dock Complex,525.17,Lokpriya Gopinath Bordoloi International Airport (GAU),335.07,Jogbani ICP,160.03
Pepthang,Namchi,261234,village,Darjeeling,43.4,ICD Siliguri,72.66,Kolkata Port (Syama Prasad Mookerjee Port) incl. Haldia Dock Complex,525.66,Lokpriya Gopinath Bordoloi International Airport (GAU),333.4,Jogbani ICP,161.82
Kau,Namchi,261232,village,Darjeeling,43.61,ICD Siliguri,73.81,Kolkata Port (Syama Prasad Mookerjee Port) incl. Haldia Dock Complex,526.9,Lokpriya Gopinath Bordoloi International Airport (GAU),335.73,Jogbani ICP,161.24
Lower Paiyong,Namchi,261230,village,Darjeeling,44.76,ICD Siliguri,74.03,Kolkata Port (Syama Prasad Mookerjee Port) incl. Haldia Dock Complex,527.01,Lokpriya Gopinath Bordoloi International Airport (GAU),333.58,Jogbani ICP,163.01
Salghari,Namchi,801420,village,Darjeeling,10.14,ICD Siliguri,46.41,Kolkata Port (Syama Prasad Mookerjee Port) incl. Haldia Dock Complex,497.58,Lokpriya Gopinath Bordoloi International Airport (GAU),341.19,Jogbani ICP,129.11
Upper Paiyong,Namchi,261231,village,Darjeeling,44.81,ICD Siliguri,74.91,Kolkata Port (Syama Prasad Mookerjee Port) incl. Haldia Dock Complex,527.98,Lokpriya Gopinath Bordoloi International Airport (GAU),335.67,Jogbani ICP,162.37
Lingi,Namchi,261229,village,Darjeeling,46.62,ICD Siliguri,76.16,Kolkata Port (Syama Prasad Mookerjee Port) incl. Haldia Dock Complex,529.16,Lokpriya Gopinath Bordoloi International Airport (GAU),334.53,Jogbani ICP,164.42
Sokpay,Namchi,261228,village,Darjeeling,46.83,ICD Siliguri,77.54,Kolkata Port (Syama Prasad Mookerjee Port) incl. Haldia Dock Complex,530.64,Lokpriya Gopinath Bordoloi International Airport (GAU),337.66,Jogbani ICP,163.52
Assangthan,Namchi,261128,village,Darjeeling,12.93,ICD Siliguri,47.1,Kolkata Port (Syama Prasad Mookerjee Port) incl. Haldia Dock Complex,499.18,Lokpriya Gopinath Bordoloi International Airport (GAU),338.22,Jogbani ICP,132.99
Kitam,Namchi,261132,village,Darjeeling,11.86,ICD Siliguri,43.54,Kolkata Port (Syama Prasad Mookerjee Port) incl. Haldia Dock Complex,496.04,Lokpriya Gopinath Bordoloi International Airport (GAU),334.8,Jogbani ICP,133.09
Goom,Namchi,261124,village,Darjeeling,11.13,ICD Siliguri,44.36,Kolkata Port (Syama Prasad Mookerjee Port) incl. Haldia Dock Complex,496.56,Lokpriya Gopinath Bordoloi International Airport (GAU),336.59,Jogbani ICP,132.04
Manpur,Namchi,261131,village,Darjeeling,12.47,ICD Siliguri,44.97,Kolkata Port (Syama Prasad Mookerjee Port) incl. Haldia Dock Complex,497.38,Lokpriya Gopinath Bordoloi International Airport (GAU),335.79,Jogbani ICP,133.43
Sorok,Namchi,261125,village,Darjeeling,12.34,ICD Siliguri,45.41,Kolkata Port (Syama Prasad Mookerjee Port) incl. Haldia Dock Complex,497.71,Lokpriya Gopinath Bordoloi International Airport (GAU),336.52,Jogbani ICP,133.11
Shyampani,Namchi,261126,village,Darjeeling,12.2,ICD Siliguri,45.86,Kolkata Port (Syama Prasad Mookerjee Port) incl. Haldia Dock Complex,498.03,Lokpriya Gopinath Bordoloi International Airport (GAU),337.32,Jogbani ICP,132.73
Mikkhola,Namchi,261130,village,Darjeeling,13.57,ICD Siliguri,46.03,Kolkata Port (Syama Prasad Mookerjee Port) incl. Haldia Dock Complex,498.51,Lokpriya Gopinath Bordoloi International Airport (GAU),335.83,Jogbani ICP,134.38
Kopchey,Namchi,261129,village,Darjeeling,15.25,ICD Siliguri,47.9,Kolkata Port (Syama Prasad Mookerjee Port) incl. Haldia Dock Complex,500.43,Lokpriya Gopinath Bordoloi International Airport (GAU),336.29,Jogbani ICP,135.71
Legship,Namchi,261218,village,Darjeeling,29.65,ICD Siliguri,65.91,Kolkata Port (Syama Prasad Mookerjee Port) incl. Haldia Dock Complex,517.33,Lokpriya Gopinath Bordoloi International Airport (GAU),349.38,Jogbani ICP,141.23
Majhitar Forest Block (Part),Namchi,261198,village,Darjeeling,13.25,ICD Siliguri,41.62,Kolkata Port (Syama Prasad Mookerjee Port) incl. Haldia Dock Complex,494.5,Lokpriya Gopinath Bordoloi International Airport (GAU),331.49,Jogbani ICP,134.57
Lingzo,Namchi,261217,village,Darjeeling,30.34,ICD Siliguri,66.19,Kolkata Port (Syama Prasad Mookerjee Port) incl. Haldia Dock Complex,517.93,Lokpriya Gopinath Bordoloi International Airport (GAU),348.15,Jogbani ICP,142.76
Dalep,Namchi,261216,village,Darjeeling,30.74,ICD Siliguri,66.31,Kolkata Port (Syama Prasad Mookerjee Port) incl. Haldia Dock Complex,518.24,Lokpriya Gopinath Bordoloi International Airport (GAU),347.35,Jogbani ICP,143.69
Bakhim,Namchi,261214,village,Darjeeling,29.81,ICD Siliguri,65.02,Kolkata Port (Syama Prasad Mookerjee Port) incl. Haldia Dock Complex,517.14,Lokpriya Gopinath Bordoloi International Airport (GAU),345.81,Jogbani ICP,143.79
Kewzing,Namchi,261215,village,Darjeeling,31.2,ICD Siliguri,66.54,Kolkata Port (Syama Prasad Mookerjee Port) incl. Haldia Dock Complex,518.61,Lokpriya Gopinath Bordoloi International Airport (GAU),346.76,Jogbani ICP,144.5
Aifaltar,Namchi,261181,village,Darjeeling,29.54,ICD Siliguri,58.94,Kolkata Port (Syama Prasad Mookerjee Port) incl. Haldia Dock Complex,512.07,Lokpriya Gopinath Bordoloi International Airport (GAU),332.38,Jogbani ICP,149.53
Temi,Namchi,261183,village,Darjeeling,30.33,ICD Siliguri,60.02,Kolkata Port (Syama Prasad Mookerjee Port) incl. Haldia Dock Complex,513.15,Lokpriya Gopinath Bordoloi International Airport (GAU),332.94,Jogbani ICP,150.09
Gangchung,Namchi,261180,village,Darjeeling,28.08,ICD Siliguri,56.6,Kolkata Port (Syama Prasad Mookerjee Port) incl. Haldia Dock Complex,509.71,Lokpriya Gopinath Bordoloi International Airport (GAU),330.82,Jogbani ICP,148.61
Jaubari,Namchi,261110,village,Darjeeling,21.64,ICD Siliguri,53.54,Kolkata Port (Syama Prasad Mookerjee Port) incl. Haldia Dock Complex,506.41,Lokpriya Gopinath Bordoloi International Airport (GAU),335.95,Jogbani ICP,141.39
Chemchey,Namchi,261108,village,Darjeeling,23.48,ICD Siliguri,56.44,Kolkata Port (Syama Prasad Mookerjee Port) incl. Haldia Dock Complex,509.18,Lokpriya Gopinath Bordoloi International Airport (GAU),338.26,Jogbani ICP,142.09
Damthang,Namchi,261109,village,Darjeeling,24.21,ICD Siliguri,56.35,Kolkata Port (Syama Prasad Mookerjee Port) incl. Haldia Dock Complex,509.25,Lokpriya Gopinath Bordoloi International Airport (GAU),336.79,Jogbani ICP,143.34
Boomtar,Namchi,261140,village,Darjeeling,16.46,ICD Siliguri,48.32,Kolkata Port (Syama Prasad Mookerjee Port) incl. Haldia Dock Complex,501.03,Lokpriya Gopinath Bordoloi International Airport (GAU),335.28,Jogbani ICP,137.08
Tinzir,Namchi,261116,village,Darjeeling,15.58,ICD Siliguri,48.92,Kolkata Port (Syama Prasad Mookerjee Port) incl. Haldia Dock Complex,501.33,Lokpriya Gopinath Bordoloi International Airport (GAU),337.4,Jogbani ICP,135.59
Namchi Municipal Corporation,Namchi,801419,village,Darjeeling,16.72,ICD Siliguri,49.35,Kolkata Port (Syama Prasad Mookerjee Port) incl. Haldia Dock Complex,501.95,Lokpriya Gopinath Bordoloi International Airport (GAU),336.45,Jogbani ICP,136.93
Singthang,Namchi,261141,village,Darjeeling,17.7,ICD Siliguri,49.42,Kolkata Port (Syama Prasad Mookerjee Port) incl. Haldia Dock Complex,502.2,Lokpriya Gopinath Bordoloi International Airport (GAU),335.19,Jogbani ICP,138.2
Kamrang,Namchi,261115,village,Darjeeling,17.25,ICD Siliguri,51.3,Kolkata Port (Syama Prasad Mookerjee Port) incl. Haldia Dock Complex,503.6,Lokpriya Gopinath Bordoloi International Airport (GAU),338.97,Jogbani ICP,136.35
Mamley,Namchi,261112,village,Darjeeling,19.29,ICD Siliguri,52.32,Kolkata Port (Syama Prasad Mookerjee Port) incl. Haldia Dock Complex,504.93,Lokpriya Gopinath Bordoloi International Airport (GAU),337.56,Jogbani ICP,138.73
Tshalamthang,Namchi,261190,village,Darjeeling,29.22,ICD Siliguri,55.24,Kolkata Port (Syama Prasad Mookerjee Port) incl. Haldia Dock Complex,508.2,Lokpriya Gopinath Bordoloi International Airport (GAU),327.01,Jogbani ICP,150.34
Bermiok,Namchi,261176,village,Darjeeling,28.68,ICD Siliguri,56.23,Kolkata Port (Syama Prasad Mookerjee Port) incl. Haldia Dock Complex,509.31,Lokpriya Gopinath Bordoloi International Airport (GAU),329.3,Jogbani ICP,149.48
Thangsing,Namchi,261177,village,Darjeeling,29.68,ICD Siliguri,57.05,Kolkata Port (Syama Prasad Mookerjee Port) incl. Haldia Dock Complex,510.09,Lokpriya Gopinath Bordoloi International Airport (GAU),328.97,Jogbani ICP,150.46
Tokdey,Namchi,261179,village,Darjeeling,30.24,ICD Siliguri,57.63,Kolkata Port (Syama Prasad Mookerjee Port) incl. Haldia Dock Complex,510.66,Lokpriya Gopinath Bordoloi International Airport (GAU),329.0,Jogbani ICP,150.97
Namphing,Namchi,261189,village,Darjeeling,31.2,ICD Siliguri,57.61,Kolkata Port (Syama Prasad Mookerjee Port) incl. Haldia Dock Complex,510.54,Lokpriya Gopinath Bordoloi International Airport (GAU),327.43,Jogbani ICP,152.14
Tokal,Namchi,261178,village,Darjeeling,31.0,ICD Siliguri,58.35,Kolkata Port (Syama Prasad Mookerjee Port) incl. Haldia Dock Complex,511.37,Lokpriya Gopinath Bordoloi International Airport (GAU),328.91,Jogbani ICP,151.69
Rashep,Namchi,261188,village,Darjeeling,32.0,ICD Siliguri,58.89,Kolkata Port (Syama Prasad Mookerjee Port) incl. Haldia Dock Complex,511.85,Lokpriya Gopinath Bordoloi International Airport (GAU),328.16,Jogbani ICP,152.75
Doring,Namchi,261187,village,Darjeeling,30.48,ICD Siliguri,58.5,Kolkata Port (Syama Prasad Mookerjee Port) incl. Haldia Dock Complex,511.57,Lokpriya Gopinath Bordoloi International Airport (GAU),330.02,Jogbani ICP,150.98
Pabung (Gangchung),Namchi,261186,village,Darjeeling,29.21,ICD Siliguri,57.64,Kolkata Port (Syama Prasad Mookerjee Port) incl. Haldia Dock Complex,510.74,Lokpriya Gopinath Bordoloi International Airport (GAU),330.69,Jogbani ICP,149.67
Melli Forest Block (Part),Namchi,261200,village,Darjeeling,24.33,ICD Siliguri,45.73,Kolkata Port (Syama Prasad Mookerjee Port) incl. Haldia Dock Complex,498.54,Lokpriya Gopinath Bordoloi International Airport (GAU),322.78,Jogbani ICP,145.39
Melli Forest Block (Part),Namchi,261200,village,Darjeeling,21.53,ICD Siliguri,43.78,Kolkata Port (Syama Prasad Mookerjee Port) incl. Haldia Dock Complex,496.78,Lokpriya Gopinath Bordoloi International Airport (GAU),324.39,Jogbani ICP,142.54
Mamring Forest Block,Namchi,261202,village,Darjeeling,28.36,ICD Siliguri,49.36,Kolkata Port (Syama Prasad Mookerjee Port) incl. Haldia Dock Complex,501.82,Lokpriya Gopinath Bordoloi International Airport (GAU),321.17,Jogbani ICP,149.57
Ralong Forest Block,Namchi,261250,village,Darjeeling,46.17,ICD Siliguri,79.97,Kolkata Port (Syama Prasad Mookerjee Port) incl. Haldia Dock Complex,532.82,Lokpriya Gopinath Bordoloi International Airport (GAU),347.07,Jogbani ICP,158.7
Jorethang Forest Block (Part),Namchi,261199,village,Darjeeling,11.4,ICD Siliguri,45.58,Kolkata Port (Syama Prasad Mookerjee Port) incl. Haldia Dock Complex,497.58,Lokpriya Gopinath Bordoloi International Airport (GAU),337.94,Jogbani ICP,131.81
Majhitar Forest Block (Part),Namchi,261198,village,Darjeeling,12.51,ICD Siliguri,41.37,Kolkata Port (Syama Prasad Mookerjee Port) incl. Haldia Dock Complex,494.17,Lokpriya Gopinath Bordoloi International Airport (GAU),332.02,Jogbani ICP,133.84
Kerbari,Namchi,261151,village,Darjeeling,16.7,ICD Siliguri,39.38,Kolkata Port (Syama Prasad Mookerjee Port) incl. Haldia Dock Complex,492.51,Lokpriya Gopinath Bordoloi International Airport (GAU),326.43,Jogbani ICP,137.23
Kerbari,Namchi,261150,village,Darjeeling,16.54,ICD Siliguri,40.39,Kolkata Port (Syama Prasad Mookerjee Port) incl. Haldia Dock Complex,493.52,Lokpriya Gopinath Bordoloi International Airport (GAU),327.24,Jogbani ICP,137.38
Forest,Namchi,,village,Darjeeling,21.78,ICD Siliguri,52.79,Kolkata Port (Syama Prasad Mookerjee Port) incl. Haldia Dock Complex,505.77,Lokpriya Gopinath Bordoloi International Airport (GAU),334.48,Jogbani ICP,142.0
Forest,Namchi,,village,Darjeeling,27.91,ICD Siliguri,60.91,Kolkata Port (Syama Prasad Mookerjee Port) incl. Haldia Dock Complex,513.73,Lokpriya Gopinath Bordoloi International Airport (GAU),339.35,Jogbani ICP,145.53
Forest,Namchi,,village,Darjeeling,41.88,ICD Siliguri,73.32,Kolkata Port (Syama Prasad Mookerjee Port) incl. Haldia Dock Complex,526.45,Lokpriya Gopinath Bordoloi International Airport (GAU),338.65,Jogbani ICP,158.54
Temi Forest Block,Namchi,261196,village,Darjeeling,31.06,ICD Siliguri,59.4,Kolkata Port (Syama Prasad Mookerjee Port) incl. Haldia Dock Complex,512.48,Lokpriya Gopinath Bordoloi International Airport (GAU),330.57,Jogbani ICP,151.38
Jorethang Forest Block (Part),Namchi,261199,village,Darjeeling,10.34,ICD Siliguri,44.05,Kolkata Port (Syama Prasad Mookerjee Port) incl. Haldia Dock Complex,496.1,Lokpriya Gopinath Bordoloi International Airport (GAU),337.12,Jogbani ICP,131.2
Mangthan,Pakyong,261280,village,Darjeeling,38.26,ICD Siliguri,61.83,Kolkata Port (Syama Prasad Mookerjee Port) incl. Haldia Dock Complex,513.97,Lokpriya Gopinath Bordoloi International Airport (GAU),322.36,Jogbani ICP,159.44
Sumin,Pakyong,261281,village,Darjeeling,35.67,ICD Siliguri,59.52,Kolkata Port (Syama Prasad Mookerjee Port) incl. Haldia Dock Complex,511.88,Lokpriya Gopinath Bordoloi International Airport (GAU),323.14,Jogbani ICP,156.88
Lingchey,Pakyong,261282,village,Darjeeling,33.32,ICD Siliguri,58.36,Kolkata Port (Syama Prasad Mookerjee Port) incl. Haldia Dock Complex,511.04,Lokpriya Gopinath Bordoloi International Airport (GAU),325.18,Jogbani ICP,154.43
West Pendam,Pakyong,261283,village,Darjeeling,29.38,ICD Siliguri,54.69,Kolkata Port (Syama Prasad Mookerjee Port) incl. Haldia Dock Complex,507.57,Lokpriya Gopinath Bordoloi International Airport (GAU),326.0,Jogbani ICP,150.61
Amba,Pakyong,261344,village,BAGRAKOT,38.94,ICD Siliguri,58.81,Kolkata Port (Syama Prasad Mookerjee Port) incl. Haldia Dock Complex,508.99,Lokpriya Gopinath Bordoloi International Airport (GAU),313.27,Jogbani ICP,162.46
Taza,Pakyong,261343,village,BAGRAKOT,39.03,ICD Siliguri,58.56,Kolkata Port (Syama Prasad Mookerjee Port) incl. Haldia Dock Complex,509.13,Lokpriya Gopinath Bordoloi International Airport (GAU),314.57,Jogbani ICP,161.49
Dalapchand,Pakyong,261368,village,NEW MAL JN,35.29,ICD Siliguri,57.52,Kolkata Port (Syama Prasad Mookerjee Port) incl. Haldia Dock Complex,505.93,Lokpriya Gopinath Bordoloi International Airport (GAU),307.77,Golakganj ICP,163.88
Lingtam,Pakyong,261359,village,CHALSA JN,38.64,ICD Siliguri,64.68,Kolkata Port (Syama Prasad Mookerjee Port) incl. Haldia Dock Complex,510.77,Lokpriya Gopinath Bordoloi International Airport (GAU),302.84,Golakganj ICP,162.29
North-Regu,Pakyong,261364,village,CHALSA JN,33.65,ICD Siliguri,59.52,Kolkata Port (Syama Prasad Mookerjee Port) incl. Haldia Dock Complex,505.44,Lokpriya Gopinath Bordoloi International Airport (GAU),302.01,Golakganj ICP,159.22
Phadamchen,Pakyong,261360,village,CHALSA JN,38.12,ICD Siliguri,65.84,Kolkata Port (Syama Prasad Mookerjee Port) incl. Haldia Dock Complex,510.71,Lokpriya Gopinath Bordoloi International Airport (GAU),300.22,Golakganj ICP,160.29
Premlakha,Pakyong,261361,village,CHALSA JN,36.77,ICD Siliguri,64.85,Kolkata Port (Syama Prasad Mookerjee Port) incl. Haldia Dock Complex,509.4,Lokpriya Gopinath Bordoloi International Airport (GAU),299.45,Golakganj ICP,159.09
Singaneydara,Pakyong,261362,village,CHALSA JN,35.87,ICD Siliguri,63.38,Kolkata Port (Syama Prasad Mookerjee Port) incl. Haldia Dock Complex,508.32,Lokpriya Gopinath Bordoloi International Airport (GAU),300.17,Golakganj ICP,159.14
South-Regu,Pakyong,261365,village,CHALSA JN,33.45,ICD Siliguri,57.98,Kolkata Port (Syama Prasad Mookerjee Port) incl. Haldia Dock Complex,504.67,Lokpriya Gopinath Bordoloi International Airport (GAU),303.6,Golakganj ICP,160.11
Subaneydara,Pakyong,261363,village,CHALSA JN,36.56,ICD Siliguri,62.74,Kolkata Port (Syama Prasad Mookerjee Port) incl. Haldia Dock Complex,508.63,Lokpriya Gopinath Bordoloi International Airport (GAU),302.21,Golakganj ICP,160.83
Changeylakha,Pakyong,261366,village,NEW MAL JN,34.76,ICD Siliguri,58.07,Kolkata Port (Syama Prasad Mookerjee Port) incl. Haldia Dock Complex,505.73,Lokpriya Gopinath Bordoloi International Airport (GAU),305.91,Golakganj ICP,162.36
Chujachen,Pakyong,261367,village,NEW MAL JN,37.85,ICD Siliguri,60.76,Kolkata Port (Syama Prasad Mookerjee Port) incl. Haldia Dock Complex,508.8,Lokpriya Gopinath Bordoloi International Airport (GAU),307.2,Golakganj ICP,164.7
Lamaten,Pakyong,261358,village,CHALSA JN,38.89,ICD Siliguri,63.43,Kolkata Port (Syama Prasad Mookerjee Port) incl. Haldia Dock Complex,510.48,Lokpriya Gopinath Bordoloi International Airport (GAU),305.0,Golakganj ICP,163.77
Rolep,Pakyong,261357,village,CHALSA JN,42.44,ICD Siliguri,66.9,Kolkata Port (Syama Prasad Mookerjee Port) incl. Haldia Dock Complex,514.17,Lokpriya Gopinath Bordoloi International Airport (GAU),306.03,Golakganj ICP,166.25
Rongli Bazar,Pakyong,648241,village,NEW MAL JN,35.84,ICD Siliguri,58.91,Kolkata Port (Syama Prasad Mookerjee Port) incl. Haldia Dock Complex,506.78,Lokpriya Gopinath Bordoloi International Airport (GAU),306.53,Golakganj ICP,163.29
Aritar,Pakyong,261372,village,NEW MAL JN,33.61,ICD Siliguri,54.96,Kolkata Port (Syama Prasad Mookerjee Port) incl. Haldia Dock Complex,503.83,Lokpriya Gopinath Bordoloi International Airport (GAU),308.68,Jogbani ICP,161.87
Mulukey,Pakyong,261370,village,BAGRAKOT,36.72,ICD Siliguri,57.0,Kolkata Port (Syama Prasad Mookerjee Port) incl. Haldia Dock Complex,506.66,Lokpriya Gopinath Bordoloi International Airport (GAU),311.29,Jogbani ICP,162.09
Rhenock,Pakyong,261376,village,BAGRAKOT,34.06,ICD Siliguri,54.14,Kolkata Port (Syama Prasad Mookerjee Port) incl. Haldia Dock Complex,504.1,Lokpriya Gopinath Bordoloi International Airport (GAU),311.77,Jogbani ICP,159.48
Rhenock Bazar,Pakyong,261376,village,BAGRAKOT,34.04,ICD Siliguri,54.36,Kolkata Port (Syama Prasad Mookerjee Port) incl. Haldia Dock Complex,504.02,Lokpriya Gopinath Bordoloi International Airport (GAU),310.86,Jogbani ICP,160.18
Sudunglakha,Pakyong,261369,village,NEW MAL JN,36.35,ICD Siliguri,57.48,Kolkata Port (Syama Prasad Mookerjee Port) incl. Haldia Dock Complex,506.6,Lokpriya Gopinath Bordoloi International Airport (GAU),309.73,Jogbani ICP,163.35
Tarpin,Pakyong,261371,village,BAGRAKOT,35.16,ICD Siliguri,54.92,Kolkata Port (Syama Prasad Mookerjee Port) incl. Haldia Dock Complex,505.24,Lokpriya Gopinath Bordoloi International Airport (GAU),313.06,Jogbani ICP,159.36
Namcheybong,Pakyong,261333,village,Darjeeling,38.56,ICD Siliguri,60.53,Kolkata Port (Syama Prasad Mookerjee Port) incl. Haldia Dock Complex,512.27,Lokpriya Gopinath Bordoloi International Airport (GAU),319.9,Jogbani ICP,159.89
Pachey,Pakyong,261332,village,BAGRAKOT,41.93,ICD Siliguri,61.54,Kolkata Port (Syama Prasad Mookerjee Port) incl. Haldia Dock Complex,512.0,Lokpriya Gopinath Bordoloi International Airport (GAU),314.77,Jogbani ICP,163.89
Pakyong-Bazar,Pakyong,648239,village,Darjeeling,40.95,ICD Siliguri,61.14,Kolkata Port (Syama Prasad Mookerjee Port) incl. Haldia Dock Complex,512.17,Lokpriya Gopinath Bordoloi International Airport (GAU),316.85,Jogbani ICP,162.32
Kartok,Pakyong,261338,village,Darjeeling,39.31,ICD Siliguri,60.06,Kolkata Port (Syama Prasad Mookerjee Port) incl. Haldia Dock Complex,511.43,Lokpriya Gopinath Bordoloi International Airport (GAU),318.03,Jogbani ICP,160.67
Chuchenpheri,Pakyong,261352,village,NEW MAL JN,41.52,ICD Siliguri,64.5,Kolkata Port (Syama Prasad Mookerjee Port) incl. Haldia Dock Complex,512.58,Lokpriya Gopinath Bordoloi International Airport (GAU),307.84,Golakganj ICP,166.88
Latuk,Pakyong,261353,village,CHALSA JN,43.9,ICD Siliguri,67.41,Kolkata Port (Syama Prasad Mookerjee Port) incl. Haldia Dock Complex,515.31,Lokpriya Gopinath Bordoloi International Airport (GAU),307.8,Golakganj ICP,168.09
Machong,Pakyong,261351,village,NEW MAL JN,39.68,ICD Siliguri,61.76,Kolkata Port (Syama Prasad Mookerjee Port) incl. Haldia Dock Complex,510.42,Lokpriya Gopinath Bordoloi International Airport (GAU),309.05,Golakganj ICP,166.84
Parkha,Pakyong,261349,village,NEW MAL JN,42.05,ICD Siliguri,63.43,Kolkata Port (Syama Prasad Mookerjee Port) incl. Haldia Dock Complex,512.62,Lokpriya Gopinath Bordoloi International Airport (GAU),310.88,Jogbani ICP,167.67
Riwa,Pakyong,261350,village,NEW MAL JN,40.7,ICD Siliguri,62.33,Kolkata Port (Syama Prasad Mookerjee Port) incl. Haldia Dock Complex,511.32,Lokpriya Gopinath Bordoloi International Airport (GAU),310.11,Jogbani ICP,167.16
Thekabong,Pakyong,261348,village,NEW MAL JN,42.04,ICD Siliguri,62.43,Kolkata Port (Syama Prasad Mookerjee Port) incl. Haldia Dock Complex,512.2,Lokpriya Gopinath Bordoloi International Airport (GAU),312.56,Jogbani ICP,165.91
Central Pendam,Pakyong,261284,village,Darjeeling,32.58,ICD Siliguri,54.1,Kolkata Port (Syama Prasad Mookerjee Port) incl. Haldia Dock Complex,506.27,Lokpriya Gopinath Bordoloi International Airport (GAU),320.6,Jogbani ICP,153.93
East-Pendam,Pakyong,261336,village,Darjeeling,37.11,ICD Siliguri,56.88,Kolkata Port (Syama Prasad Mookerjee Port) incl. Haldia Dock Complex,508.23,Lokpriya Gopinath Bordoloi International Airport (GAU),317.29,Jogbani ICP,158.43
Kamarey Bhasmey,Pakyong,261335,village,Darjeeling,34.77,ICD Siliguri,54.95,Kolkata Port (Syama Prasad Mookerjee Port) incl. Haldia Dock Complex,506.66,Lokpriya Gopinath Bordoloi International Airport (GAU),318.44,Jogbani ICP,156.07
Pachak,Pakyong,261334,village,Darjeeling,36.23,ICD Siliguri,57.5,Kolkata Port (Syama Prasad Mookerjee Port) incl. Haldia Dock Complex,509.3,Lokpriya Gopinath Bordoloi International Airport (GAU),319.43,Jogbani ICP,157.59
Sajong,Pakyong,261285,village,Darjeeling,34.11,ICD Siliguri,56.23,Kolkata Port (Syama Prasad Mookerjee Port) incl. Haldia Dock Complex,508.38,Lokpriya Gopinath Bordoloi International Airport (GAU),320.99,Jogbani ICP,155.48
Chalamthang,Pakyong,261339,village,Darjeeling,39.99,ICD Siliguri,59.71,Kolkata Port (Syama Prasad Mookerjee Port) incl. Haldia Dock Complex,510.72,Lokpriya Gopinath Bordoloi International Airport (GAU),316.45,Jogbani ICP,161.34
Dikling-Pacheykhani,Pakyong,261340,village,BAGRAKOT,39.4,ICD Siliguri,58.66,Kolkata Port (Syama Prasad Mookerjee Port) incl. Haldia Dock Complex,509.51,Lokpriya Gopinath Bordoloi International Airport (GAU),315.65,Jogbani ICP,160.93
Dikling,Pakyong,261337,village,Darjeeling,38.56,ICD Siliguri,58.76,Kolkata Port (Syama Prasad Mookerjee Port) incl. Haldia Dock Complex,510.06,Lokpriya Gopinath Bordoloi International Airport (GAU),317.46,Jogbani ICP,159.91
Lossing,Pakyong,261341,village,Darjeeling,38.01,ICD Siliguri,57.17,Kolkata Port (Syama Prasad Mookerjee Port) incl. Haldia Dock Complex,508.27,Lokpriya Gopinath Bordoloi International Airport (GAU),316.29,Jogbani ICP,159.29
Pacheykhani,Pakyong,261342,village,BAGRAKOT,37.13,ICD Siliguri,56.43,Kolkata Port (Syama Prasad Mookerjee Port) incl. Haldia Dock Complex,507.24,Lokpriya Gopinath Bordoloi International Airport (GAU),315.04,Jogbani ICP,159.43
Bering,Pakyong,261346,village,NEW MAL JN,38.89,ICD Siliguri,59.6,Kolkata Port (Syama Prasad Mookerjee Port) incl. Haldia Dock Complex,509.07,Lokpriya Gopinath Bordoloi International Airport (GAU),311.1,Jogbani ICP,164.34
Linkey,Pakyong,261347,village,NEW MAL JN,40.08,ICD Siliguri,61.13,Kolkata Port (Syama Prasad Mookerjee Port) incl. Haldia Dock Complex,510.45,Lokpriya Gopinath Bordoloi International Airport (GAU),310.9,Jogbani ICP,165.73
Tareythang,Pakyong,261345,village,BAGRAKOT,38.64,ICD Siliguri,58.84,Kolkata Port (Syama Prasad Mookerjee Port) incl. Haldia Dock Complex,508.59,Lokpriya Gopinath Bordoloi International Airport (GAU),311.85,Jogbani ICP,163.29
Rhenock Forest Block,Pakyong,261375,village,NEW MAL JN,35.23,ICD Siliguri,56.18,Kolkata Port (Syama Prasad Mookerjee Port) incl. Haldia Dock Complex,505.36,Lokpriya Gopinath Bordoloi International Airport (GAU),309.7,Jogbani ICP,162.3
Aho,Pakyong,261330,village,Darjeeling,42.54,ICD Siliguri,63.17,Kolkata Port (Syama Prasad Mookerjee Port) incl. Haldia Dock Complex,514.15,Lokpriya Gopinath Bordoloi International Airport (GAU),317.11,Jogbani ICP,163.9
Changey-Santi,Pakyong,261331,village,Darjeeling,43.56,ICD Siliguri,63.5,Kolkata Port (Syama Prasad Mookerjee Port) incl. Haldia Dock Complex,514.15,Lokpriya Gopinath Bordoloi International Airport (GAU),315.86,Jogbani ICP,164.93
Yangtam,Pakyong,261329,village,Darjeeling,42.38,ICD Siliguri,63.48,Kolkata Port (Syama Prasad Mookerjee Port) incl. Haldia Dock Complex,514.62,Lokpriya Gopinath Bordoloi International Airport (GAU),317.86,Jogbani ICP,163.72
Assam,Pakyong,261316,village,NEW MAL JN,46.65,ICD Siliguri,66.52,Kolkata Port (Syama Prasad Mookerjee Port) incl. Haldia Dock Complex,516.73,Lokpriya Gopinath Bordoloi International Airport (GAU),314.9,Jogbani ICP,168.08
Chota Singtam,Pakyong,261328,village,Darjeeling,43.29,ICD Siliguri,64.33,Kolkata Port (Syama Prasad Mookerjee Port) incl. Haldia Dock Complex,515.37,Lokpriya Gopinath Bordoloi International Airport (GAU),317.59,Jogbani ICP,164.62
Forest,Pakyong,,village,NEW MAL JN,44.71,ICD Siliguri,66.31,Kolkata Port (Syama Prasad Mookerjee Port) incl. Haldia Dock Complex,515.44,Lokpriya Gopinath Bordoloi International Airport (GAU),311.21,Jogbani ICP,169.94
Phademchen Forest Block,Pakyong,261373,village,CHALSA JN,36.25,ICD Siliguri,65.28,Kolkata Port (Syama Prasad Mookerjee Port) incl. Haldia Dock Complex,509.05,Lokpriya Gopinath Bordoloi International Airport (GAU),297.9,Golakganj ICP,157.77
Rangpo Nagar Panchayat,Pakyong,801423,village,Darjeeling,29.29,ICD Siliguri,51.5,Kolkata Port (Syama Prasad Mookerjee Port) incl. Haldia Dock Complex,504.04,Lokpriya Gopinath Bordoloi International Airport (GAU),322.2,Jogbani ICP,150.63
Rongli Forest Block,Pakyong,261374,village,NEW MAL JN,36.25,ICD Siliguri,59.56,Kolkata Port (Syama Prasad Mookerjee Port) incl. Haldia Dock Complex,507.26,Lokpriya Gopinath Bordoloi International Airport (GAU),306.19,Golakganj ICP,163.25
Rangpo Forest Block,Pakyong,261327,village,Darjeeling,29.96,ICD Siliguri,54.6,Kolkata Port (Syama Prasad Mookerjee Port) incl. Haldia Dock Complex,507.39,Lokpriya Gopinath Bordoloi International Airport (GAU),325.04,Jogbani ICP,151.24
Zoom,Soreng,261099,village,Darjeeling,11.56,ICD Siliguri,48.53,Kolkata Port (Syama Prasad Mookerjee Port) incl. Haldia Dock Complex,499.25,Lokpriya Gopinath Bordoloi International Airport (GAU),343.44,Jogbani ICP,128.74
Chumbong,Soreng,261098,village,Darjeeling,10.8,ICD Siliguri,48.58,Kolkata Port (Syama Prasad Mookerjee Port) incl. Haldia Dock Complex,498.08,Lokpriya Gopinath Bordoloi International Airport (GAU),346.37,Jogbani ICP,125.29
Soreng,Soreng,261094,village,Darjeeling,14.21,ICD Siliguri,52.02,Kolkata Port (Syama Prasad Mookerjee Port) incl. Haldia Dock Complex,500.38,Jay Prakash Narayan International Airport (PAT),348.71,Jogbani ICP,124.14
Singling,Soreng,261077,village,Darjeeling,17.2,ICD Siliguri,55.03,Kolkata Port (Syama Prasad Mookerjee Port) incl. Haldia Dock Complex,503.58,Jay Prakash Narayan International Airport (PAT),350.03,Jogbani ICP,126.14
Malbasey,Soreng,261095,village,Darjeeling,13.38,ICD Siliguri,51.2,Kolkata Port (Syama Prasad Mookerjee Port) incl. Haldia Dock Complex,500.31,Lokpriya Gopinath Bordoloi International Airport (GAU),348.5,Jogbani ICP,125.6
Upper Fambong,Soreng,261091,village,Darjeeling,15.84,ICD Siliguri,52.5,Kolkata Port (Syama Prasad Mookerjee Port) incl. Haldia Dock Complex,498.15,Jay Prakash Narayan International Airport (PAT),342.73,Jogbani ICP,118.47
Rumbuk,Soreng,261081,village,Darjeeling,16.79,ICD Siliguri,53.82,Kolkata Port (Syama Prasad Mookerjee Port) incl. Haldia Dock Complex,499.84,Jay Prakash Narayan International Airport (PAT),343.78,Jogbani ICP,119.84
Lungchok,Soreng,261088,village,Darjeeling,13.45,ICD Siliguri,50.22,Kolkata Port (Syama Prasad Mookerjee Port) incl. Haldia Dock Complex,496.5,Jay Prakash Narayan International Airport (PAT),343.56,Jogbani ICP,118.72
Lower Fambong,Soreng,261089,village,Darjeeling,14.48,ICD Siliguri,51.34,Kolkata Port (Syama Prasad Mookerjee Port) incl. Haldia Dock Complex,497.51,Jay Prakash Narayan International Airport (PAT),343.58,Jogbani ICP,119.01
Dhallan (Daramdin),Soreng,261090,village,Darjeeling,13.75,ICD Siliguri,50.95,Kolkata Port (Syama Prasad Mookerjee Port) incl. Haldia Dock Complex,497.78,Jay Prakash Narayan International Airport (PAT),344.88,Jogbani ICP,120.18
Burikhop(Rumbuk),Soreng,261080,village,Darjeeling,18.55,ICD Siliguri,55.97,Kolkata Port (Syama Prasad Mookerjee Port) incl. Haldia Dock Complex,502.46,Jay Prakash Narayan International Airport (PAT),345.32,Jogbani ICP,121.89
Tikpur,Soreng,261085,village,Darjeeling,17.56,ICD Siliguri,53.72,Kolkata Port (Syama Prasad Mookerjee Port) incl. Haldia Dock Complex,498.36,Jay Prakash Narayan International Airport (PAT),340.97,Jogbani ICP,117.05
Ribdi,Soreng,261083,village,Darjeeling,21.3,ICD Siliguri,57.77,Kolkata Port (Syama Prasad Mookerjee Port) incl. Haldia Dock Complex,501.99,Jay Prakash Narayan International Airport (PAT),340.98,Jogbani ICP,118.18
Timburbong,Soreng,261092,village,Darjeeling,14.47,ICD Siliguri,52.12,Kolkata Port (Syama Prasad Mookerjee Port) incl. Haldia Dock Complex,499.81,Jay Prakash Narayan International Airport (PAT),347.09,Jogbani ICP,122.61
Tharpu,Soreng,261093,village,Darjeeling,13.14,ICD Siliguri,50.82,Kolkata Port (Syama Prasad Mookerjee Port) incl. Haldia Dock Complex,498.71,Jay Prakash Narayan International Airport (PAT),347.28,Jogbani ICP,122.47
Karthok,Soreng,261078,village,Darjeeling,14.88,ICD Siliguri,52.3,Kolkata Port (Syama Prasad Mookerjee Port) incl. Haldia Dock Complex,499.32,Jay Prakash Narayan International Airport (PAT),345.63,Jogbani ICP,121.24
Burikhop,Soreng,261079,village,Darjeeling,17.51,ICD Siliguri,55.15,Kolkata Port (Syama Prasad Mookerjee Port) incl. Haldia Dock Complex,502.4,Jay Prakash Narayan International Airport (PAT),346.84,Jogbani ICP,123.14
Samsing,Soreng,261071,village,Darjeeling,14.2,ICD Siliguri,50.68,Kolkata Port (Syama Prasad Mookerjee Port) incl. Haldia Dock Complex,501.81,Lokpriya Gopinath Bordoloi International Airport (GAU),343.26,Jogbani ICP,131.22
Mendo Gaon,Soreng,261096,village,Darjeeling,14.55,ICD Siliguri,52.26,Kolkata Port (Syama Prasad Mookerjee Port) incl. Haldia Dock Complex,501.82,Lokpriya Gopinath Bordoloi International Airport (GAU),348.1,Jogbani ICP,127.32
Gelling,Soreng,261072,village,Darjeeling,12.93,ICD Siliguri,49.64,Kolkata Port (Syama Prasad Mookerjee Port) incl. Haldia Dock Complex,500.58,Lokpriya Gopinath Bordoloi International Airport (GAU),343.35,Jogbani ICP,130.03
Chakung,Soreng,261097,village,Darjeeling,13.18,ICD Siliguri,50.73,Kolkata Port (Syama Prasad Mookerjee Port) incl. Haldia Dock Complex,500.7,Lokpriya Gopinath Bordoloi International Airport (GAU),346.39,Jogbani ICP,127.67
Suntaley,Soreng,261073,village,Darjeeling,15.3,ICD Siliguri,52.37,Kolkata Port (Syama Prasad Mookerjee Port) incl. Haldia Dock Complex,502.99,Lokpriya Gopinath Bordoloi International Airport (GAU),345.55,Jogbani ICP,130.45
Khanisherbong,Soreng,261074,village,Darjeeling,15.27,ICD Siliguri,52.67,Kolkata Port (Syama Prasad Mookerjee Port) incl. Haldia Dock Complex,502.86,Lokpriya Gopinath Bordoloi International Airport (GAU),346.84,Jogbani ICP,129.3
Chota Samdong,Soreng,261076,village,Darjeeling,17.12,ICD Siliguri,54.88,Kolkata Port (Syama Prasad Mookerjee Port) incl. Haldia Dock Complex,504.11,Lokpriya Gopinath Bordoloi International Airport (GAU),350.16,Jogbani ICP,127.82
Arubotey,Soreng,261075,village,Darjeeling,16.37,ICD Siliguri,53.94,Kolkata Port (Syama Prasad Mookerjee Port) incl. Haldia Dock Complex,503.78,Lokpriya Gopinath Bordoloi International Airport (GAU),348.3,Jogbani ICP,128.99
Bara Samdong,Soreng,261060,village,Darjeeling,22.76,ICD Siliguri,60.45,Kolkata Port (Syama Prasad Mookerjee Port) incl. Haldia Dock Complex,509.71,Lokpriya Gopinath Bordoloi International Airport (GAU),352.99,Jogbani ICP,130.97
Boom,Soreng,261058,village,Darjeeling,21.09,ICD Siliguri,58.3,Kolkata Port (Syama Prasad Mookerjee Port) incl. Haldia Dock Complex,508.69,Lokpriya Gopinath Bordoloi International Airport (GAU),349.07,Jogbani ICP,133.03
Reshi,Soreng,261059,village,Darjeeling,21.73,ICD Siliguri,59.23,Kolkata Port (Syama Prasad Mookerjee Port) incl. Haldia Dock Complex,509.07,Lokpriya Gopinath Bordoloi International Airport (GAU),350.98,Jogbani ICP,131.91
Rinchenpong,Soreng,261054,village,Darjeeling,23.65,ICD Siliguri,60.73,Kolkata Port (Syama Prasad Mookerjee Port) incl. Haldia Dock Complex,511.27,Lokpriya Gopinath Bordoloi International Airport (GAU),349.82,Jogbani ICP,134.94
Sribadam,Soreng,261061,village,Darjeeling,21.76,ICD Siliguri,59.55,Kolkata Port (Syama Prasad Mookerjee Port) incl. Haldia Dock Complex,508.4,Jay Prakash Narayan International Airport (PAT),352.22,Jogbani ICP,129.36
Tadong,Soreng,261053,village,Darjeeling,23.63,ICD Siliguri,61.04,Kolkata Port (Syama Prasad Mookerjee Port) incl. Haldia Dock Complex,511.04,Lokpriya Gopinath Bordoloi International Airport (GAU),351.5,Jogbani ICP,133.41
Tinzerbung,Soreng,261066,village,Darjeeling,20.25,ICD Siliguri,56.09,Kolkata Port (Syama Prasad Mookerjee Port) incl. Haldia Dock Complex,507.72,Lokpriya Gopinath Bordoloi International Airport (GAU),343.99,Jogbani ICP,136.14
Suldung,Soreng,261067,village,Darjeeling,19.44,ICD Siliguri,54.92,Kolkata Port (Syama Prasad Mookerjee Port) incl. Haldia Dock Complex,506.74,Lokpriya Gopinath Bordoloi International Airport (GAU),342.73,Jogbani ICP,136.21
Segeng,Soreng,261070,village,Darjeeling,16.22,ICD Siliguri,53.03,Kolkata Port (Syama Prasad Mookerjee Port) incl. Haldia Dock Complex,503.91,Lokpriya Gopinath Bordoloi International Airport (GAU),345.11,Jogbani ICP,131.66
Mabong,Soreng,261069,village,Darjeeling,16.14,ICD Siliguri,52.27,Kolkata Port (Syama Prasad Mookerjee Port) incl. Haldia Dock Complex,503.66,Lokpriya Gopinath Bordoloi International Airport (GAU),343.13,Jogbani ICP,133.03
Kamling,Soreng,261068,village,Darjeeling,17.23,ICD Siliguri,52.65,Kolkata Port (Syama Prasad Mookerjee Port) incl. Haldia Dock Complex,504.44,Lokpriya Gopinath Bordoloi International Airport (GAU),341.79,Jogbani ICP,134.84
Takothang,Soreng,261064,village,Darjeeling,18.62,ICD Siliguri,55.3,Kolkata Port (Syama Prasad Mookerjee Port) incl. Haldia Dock Complex,506.31,Lokpriya Gopinath Bordoloi International Airport (GAU),345.81,Jogbani ICP,133.35
Pareng Gaon,Soreng,261063,village,Darjeeling,18.45,ICD Siliguri,55.7,Kolkata Port (Syama Prasad Mookerjee Port) incl. Haldia Dock Complex,506.06,Lokpriya Gopinath Bordoloi International Airport (GAU),347.86,Jogbani ICP,131.48
Deythang,Soreng,261062,village,Darjeeling,20.12,ICD Siliguri,57.75,Kolkata Port (Syama Prasad Mookerjee Port) incl. Haldia Dock Complex,507.33,Lokpriya Gopinath Bordoloi International Airport (GAU),350.86,Jogbani ICP,130.33
Chuchen,Soreng,261065,village,Darjeeling,18.8,ICD Siliguri,54.85,Kolkata Port (Syama Prasad Mookerjee Port) incl. Haldia Dock Complex,506.33,Lokpriya Gopinath Bordoloi International Airport (GAU),343.99,Jogbani ICP,134.82
Hathidung,Soreng,261057,village,Darjeeling,20.41,ICD Siliguri,57.17,Kolkata Port (Syama Prasad Mookerjee Port) incl. Haldia Dock Complex,508.1,Lokpriya Gopinath Bordoloi International Airport (GAU),346.92,Jogbani ICP,134.16
Sangadorji,Soreng,261055,village,Darjeeling,22.96,ICD Siliguri,59.46,Kolkata Port (Syama Prasad Mookerjee Port) incl. Haldia Dock Complex,510.65,Lokpriya Gopinath Bordoloi International Airport (GAU),347.18,Jogbani ICP,136.4
Jeel,Soreng,261056,village,Darjeeling,20.86,ICD Siliguri,57.19,Kolkata Port (Syama Prasad Mookerjee Port) incl. Haldia Dock Complex,508.5,Lokpriya Gopinath Bordoloi International Airport (GAU),345.67,Jogbani ICP,135.54
Nayabazar Forest Block,Soreng,261104,village,Darjeeling,10.2,ICD Siliguri,47.21,Kolkata Port (Syama Prasad Mookerjee Port) incl. Haldia Dock Complex,497.88,Lokpriya Gopinath Bordoloi International Airport (GAU),342.96,Jogbani ICP,127.91
Forest,Soreng,,village,Darjeeling,24.57,ICD Siliguri,61.78,Kolkata Port (Syama Prasad Mookerjee Port) incl. Haldia Dock Complex,506.87,Jay Prakash Narayan International Airport (PAT),343.67,Jogbani ICP,121.96
Sribadam Forest Block,Soreng,261103,village,Darjeeling,23.59,ICD Siliguri,61.39,Kolkata Port (Syama Prasad Mookerjee Port) incl. Haldia Dock Complex,508.89,Jay Prakash Narayan International Airport (PAT),349.16,Jogbani ICP,127.03
Soreng Forest Block,Soreng,261102,village,Darjeeling,19.35,ICD Siliguri,57.15,Kolkata Port (Syama Prasad Mookerjee Port) incl. Haldia Dock Complex,504.96,Jay Prakash Narayan International Airport (PAT),348.75,Jogbani ICP,125.47
Bhareng,Soreng,261082,village,Darjeeling,22.38,ICD Siliguri,58.64,Kolkata Port (Syama Prasad Mookerjee Port) incl. Haldia Dock Complex,502.31,Jay Prakash Narayan International Airport (PAT),340.08,Jogbani ICP,117.55
Okhrey,Soreng,261084,village,Darjeeling,19.86,ICD Siliguri,55.92,Kolkata Port (Syama Prasad Mookerjee Port) incl. Haldia Dock Complex,499.87,Jay Prakash Narayan International Airport (PAT),340.09,Jogbani ICP,116.78
Siktam,Soreng,261086,village,Darjeeling,14.57,ICD Siliguri,50.97,Kolkata Port (Syama Prasad Mookerjee Port) incl. Haldia Dock Complex,496.58,Jay Prakash Narayan International Airport (PAT),342.33,Jogbani ICP,117.69
Salandang,Soreng,261087,village,Darjeeling,13.27,ICD Siliguri,49.84,Kolkata Port (Syama Prasad Mookerjee Port) incl. Haldia Dock Complex,495.93,Jay Prakash Narayan International Airport (PAT),343.07,Jogbani ICP,118.14
Naya-Bazar Jorethang (Nagar Panchayat) (Part),Soreng,801420,village,Darjeeling,10.72,ICD Siliguri,47.55,Kolkata Port (Syama Prasad Mookerjee Port) incl. Haldia Dock Complex,498.37,Lokpriya Gopinath Bordoloi International Airport (GAU),342.71,Jogbani ICP,128.55
Dodak,Soreng,648238,village,Darjeeling,19.96,ICD Siliguri,57.55,Kolkata Port (Syama Prasad Mookerjee Port) incl. Haldia Dock Complex,504.34,Jay Prakash Narayan International Airport (PAT),346.4,Jogbani ICP,123.35
Gangtok Municipal Corporation,Gangtok,801421,village,Darjeeling,47.36,ICD Siliguri,69.77,Kolkata Port (Syama Prasad Mookerjee Port) incl. Haldia Dock Complex,520.87,Lokpriya Gopinath Bordoloi International Airport (GAU),319.21,Jogbani ICP,168.44
Burul,Namchi,261175,village,Darjeeling,27.34,ICD Siliguri,54.32,Kolkata Port (Syama Prasad Mookerjee Port) incl. Haldia Dock Complex,507.38,Lokpriya Gopinath Bordoloi International Airport (GAU),328.49,Jogbani ICP,148.38
Lingey,Pakyong,261317,village,Darjeeling,44.4,ICD Siliguri,65.44,Kolkata Port (Syama Prasad Mookerjee Port) incl. Haldia Dock Complex,516.36,Lokpriya Gopinath Bordoloi International Airport (GAU),317.37,Jogbani ICP,165.71
Lachen,Mangan,260925,village,Darjeeling,88.2,ICD Siliguri,116.24,Kolkata Port (Syama Prasad Mookerjee Port) incl. Haldia Dock Complex,567.81,Lokpriya Gopinath Bordoloi International Airport (GAU),337.32,Jogbani ICP,203.49
Lachen,Mangan,260925,village,Darjeeling,85.22,ICD Siliguri,113.83,Kolkata Port (Syama Prasad Mookerjee Port) incl. Haldia Dock Complex,565.78,Lokpriya Gopinath Bordoloi International Airport (GAU),338.94,Jogbani ICP,200.07
Lachen,Mangan,260925,village,Darjeeling,112.41,ICD Siliguri,139.6,Kolkata Port (Syama Prasad Mookerjee Port) incl. Haldia Dock Complex,589.81,Lokpriya Gopinath Bordoloi International Airport (GAU),339.53,Golakganj ICP,226.75
Lachung,Mangan,260926,village,Darjeeling,87.57,ICD Siliguri,113.31,Kolkata Port (Syama Prasad Mookerjee Port) incl. Haldia Dock Complex,563.47,Lokpriya Gopinath Bordoloi International Airport (GAU),328.49,Jogbani ICP,205.1
Lachung,Mangan,260926,village,Darjeeling,93.1,ICD Siliguri,119.45,Kolkata Port (Syama Prasad Mookerjee Port) incl. Haldia Dock Complex,569.76,Lokpriya Gopinath Bordoloi International Airport (GAU),331.61,Jogbani ICP,209.79
