village,district,district_code,village_code,unit,nearest_rail_station,dist_rail_station_km,nearest_icd,dist_icd_km,nearest_port,dist_port_km,nearest_air_cargo,dist_air_cargo_km,nearest_icp,dist_icp_km
Uttar Chelagang,Gomati,654,272180,village,Teliamura,47.16,ICD Amingaon,298.17,Kolkata Port (Syama Prasad Mookerjee Port) incl. Haldia Dock Complex,353.25,Lokpriya Gopinath Bordoloi International Airport (GAU),290.39,Sabroom ICP,34.81
Tairbhuma,Gomati,654,272176,village,Teliamura,46.46,ICD Amingaon,298.19,Kolkata Port (Syama Prasad Mookerjee Port) incl. Haldia Dock Complex,348.33,Lokpriya Gopinath Bordoloi International Airport (GAU),290.25,Sabroom ICP,35.21
Dalak,Gomati,654,272172,village,Teliamura,40.28,ICD Amingaon,291.23,Kolkata Port (Syama Prasad Mookerjee Port) incl. Haldia Dock Complex,354.62,Lokpriya Gopinath Bordoloi International Airport (GAU),283.44,Sabroom ICP,41.74
Paschim Daluma,Gomati,654,272178,village,Teliamura,43.84,ICD Amingaon,295.04,Kolkata Port (Syama Prasad Mookerjee Port) incl. Haldia Dock Complex,352.7,Lokpriya Gopinath Bordoloi International Airport (GAU),287.22,Sabroom ICP,37.96
Purba Daluma,Gomati,654,272179,village,Teliamura,44.19,ICD Amingaon,294.6,Kolkata Port (Syama Prasad Mookerjee Port) incl. Haldia Dock Complex,356.44,Lokpriya Gopinath Bordoloi International Airport (GAU),286.9,Sabroom ICP,38.45
Rangkang,Gomati,654,272173,village,Teliamura,41.1,ICD Amingaon,292.77,Kolkata Port (Syama Prasad Mookerjee Port) incl. Haldia Dock Complex,350.12,Lokpriya Gopinath Bordoloi International Airport (GAU),284.83,Sabroom ICP,40.53
Paharpur,Gomati,654,272171,village,Teliamura,41.34,ICD Amingaon,291.84,Kolkata Port (Syama Prasad Mookerjee Port) incl. Haldia Dock Complex,356.46,Lokpriya Gopinath Bordoloi International Airport (GAU),284.11,Sabroom ICP,41.17
Rajkang,Gomati,654,272174,village,Teliamura,39.21,ICD Amingaon,291.07,Kolkata Port (Syama Prasad Mookerjee Port) incl. Haldia Dock Complex,348.66,Lokpriya Gopinath Bordoloi International Airport (GAU),283.07,Sabroom ICP,42.53
Amarpur,Gomati,654,922861,village,Teliamura,37.34,ICD Amingaon,289.07,Kolkata Port (Syama Prasad Mookerjee Port) incl. Haldia Dock Complex,350.44,Lokpriya Gopinath Bordoloi International Airport (GAU),281.12,Srimantapur ICP,42.96
Paschim Malbassa,Gomati,654,272169,village,Teliamura,38.34,ICD Amingaon,289.45,Kolkata Port (Syama Prasad Mookerjee Port) incl. Haldia Dock Complex,354.2,Lokpriya Gopinath Bordoloi International Airport (GAU),281.63,Sabroom ICP,43.55
Birganj,Gomati,654,272168,village,Teliamura,36.54,ICD Amingaon,287.97,Kolkata Port (Syama Prasad Mookerjee Port) incl. Haldia Dock Complex,352.81,Lokpriya Gopinath Bordoloi International Airport (GAU),280.08,Srimantapur ICP,43.29
Purba Malbassa,Gomati,654,272170,village,Teliamura,37.62,ICD Amingaon,287.99,Kolkata Port (Syama Prasad Mookerjee Port) incl. Haldia Dock Complex,357.46,Lokpriya Gopinath Bordoloi International Airport (GAU),280.27,Sabroom ICP,45.01
Rangamati,Gomati,654,272166,village,Teliamura,35.05,ICD Amingaon,286.82,Kolkata Port (Syama Prasad Mookerjee Port) incl. Haldia Dock Complex,350.6,Lokpriya Gopinath Bordoloi International Airport (GAU),278.85,Srimantapur ICP,40.8
Debbari,Gomati,654,272165,village,Teliamura,35.05,ICD Amingaon,287.0,Kolkata Port (Syama Prasad Mookerjee Port) incl. Haldia Dock Complex,348.49,Lokpriya Gopinath Bordoloi International Airport (GAU),278.95,Srimantapur ICP,39.74
Bampur,Gomati,654,272164,village,Teliamura,32.65,ICD Amingaon,284.44,Kolkata Port (Syama Prasad Mookerjee Port) incl. Haldia Dock Complex,351.07,Lokpriya Gopinath Bordoloi International Airport (GAU),276.46,Srimantapur ICP,38.71
Gungia,Gomati,654,272167,village,Teliamura,34.1,ICD Amingaon,284.99,Kolkata Port (Syama Prasad Mookerjee Port) incl. Haldia Dock Complex,356.01,Lokpriya Gopinath Bordoloi International Airport (GAU),277.18,Srimantapur ICP,42.49
Kamalaipara,Gomati,654,272201,village,Teliamura,31.63,ICD Amingaon,283.6,Kolkata Port (Syama Prasad Mookerjee Port) incl. Haldia Dock Complex,348.79,Lokpriya Gopinath Bordoloi International Airport (GAU),275.53,Srimantapur ICP,36.45
Paschim Sarbong,Gomati,654,272163,village,Teliamura,30.66,ICD Amingaon,282.17,Kolkata Port (Syama Prasad Mookerjee Port) incl. Haldia Dock Complex,353.64,Lokpriya Gopinath Bordoloi International Airport (GAU),274.26,Srimantapur ICP,38.15
Purba Sarbong,Gomati,654,272162,village,Teliamura,29.83,ICD Amingaon,280.87,Kolkata Port (Syama Prasad Mookerjee Port) incl. Haldia Dock Complex,356.11,Lokpriya Gopinath Bordoloi International Airport (GAU),273.03,Srimantapur ICP,38.66
Sonachhara,Gomati,654,272199,village,Teliamura,29.96,ICD Amingaon,281.84,Kolkata Port (Syama Prasad Mookerjee Port) incl. Haldia Dock Complex,350.87,Lokpriya Gopinath Bordoloi International Airport (GAU),273.82,Srimantapur ICP,35.97
Dakshin Chhangang,Gomati,654,272200,village,Teliamura,27.98,ICD Amingaon,279.96,Kolkata Port (Syama Prasad Mookerjee Port) incl. Haldia Dock Complex,349.88,Lokpriya Gopinath Bordoloi International Airport (GAU),271.89,Srimantapur ICP,33.44
Chenchua,Gomati,654,272197,village,Teliamura,25.77,ICD Amingaon,277.55,Kolkata Port (Syama Prasad Mookerjee Port) incl. Haldia Dock Complex,353.01,Lokpriya Gopinath Bordoloi International Airport (GAU),269.56,Srimantapur ICP,33.23
Ekjan Chhara,Gomati,654,272198,village,Teliamura,25.71,ICD Amingaon,276.78,Kolkata Port (Syama Prasad Mookerjee Port) incl. Haldia Dock Complex,356.8,Lokpriya Gopinath Bordoloi International Airport (GAU),268.92,Srimantapur ICP,35.37
Uttar Chhangang,Gomati,654,272196,village,Teliamura,23.91,ICD Amingaon,275.89,Kolkata Port (Syama Prasad Mookerjee Port) incl. Haldia Dock Complex,351.02,Lokpriya Gopinath Bordoloi International Airport (GAU),267.81,Srimantapur ICP,30.16
Melchi,Gomati,654,272195,village,Teliamura,23.42,ICD Amingaon,275.24,Kolkata Port (Syama Prasad Mookerjee Port) incl. Haldia Dock Complex,353.36,Lokpriya Gopinath Bordoloi International Airport (GAU),267.24,Srimantapur ICP,31.27
Ampinagar,Gomati,654,272191,village,Teliamura,21.91,ICD Amingaon,273.81,Kolkata Port (Syama Prasad Mookerjee Port) incl. Haldia Dock Complex,353.05,Lokpriya Gopinath Bordoloi International Airport (GAU),265.78,Srimantapur ICP,29.66
Gamaichhara,Gomati,654,272194,village,Teliamura,22.8,ICD Amingaon,273.64,Kolkata Port (Syama Prasad Mookerjee Port) incl. Haldia Dock Complex,358.19,Lokpriya Gopinath Bordoloi International Airport (GAU),265.79,Srimantapur ICP,33.66
Baishyamani Para,Gomati,654,272190,village,Teliamura,20.17,ICD Amingaon,272.15,Kolkata Port (Syama Prasad Mookerjee Port) incl. Haldia Dock Complex,352.4,Lokpriya Gopinath Bordoloi International Airport (GAU),264.07,Srimantapur ICP,27.57
Ampichhara,Gomati,654,272193,village,Teliamura,20.14,ICD Amingaon,270.86,Kolkata Port (Syama Prasad Mookerjee Port) incl. Haldia Dock Complex,359.0,Lokpriya Gopinath Bordoloi International Airport (GAU),263.02,Srimantapur ICP,31.96
Dhanlekha,Gomati,654,272189,village,Teliamura,18.71,ICD Amingaon,270.67,Kolkata Port (Syama Prasad Mookerjee Port) incl. Haldia Dock Complex,353.29,Lokpriya Gopinath Bordoloi International Airport (GAU),262.61,Srimantapur ICP,26.9
Haripur,Gomati,654,272192,village,Teliamura,18.77,ICD Amingaon,270.02,Kolkata Port (Syama Prasad Mookerjee Port) incl. Haldia Dock Complex,357.52,Lokpriya Gopinath Bordoloi International Airport (GAU),262.11,Srimantapur ICP,29.93
Dakshin Taidu,Gomati,654,272187,village,Teliamura,17.31,ICD Amingaon,269.06,Kolkata Port (Syama Prasad Mookerjee Port) incl. Haldia Dock Complex,355.57,Lokpriya Gopinath Bordoloi International Airport (GAU),261.07,Srimantapur ICP,27.39
Taidu Dhepa,Gomati,654,272188,village,Teliamura,15.49,ICD Amingaon,267.46,Kolkata Port (Syama Prasad Mookerjee Port) incl. Haldia Dock Complex,354.06,Lokpriya Gopinath Bordoloi International Airport (GAU),259.39,Srimantapur ICP,24.63
Purba Taichhlong,Gomati,654,272185,village,Teliamura,16.61,ICD Amingaon,266.93,Kolkata Port (Syama Prasad Mookerjee Port) incl. Haldia Dock Complex,360.6,Lokpriya Gopinath Bordoloi International Airport (GAU),259.1,Srimantapur ICP,30.2
Paschim Taichhlong,Gomati,654,272186,village,Teliamura,15.59,ICD Amingaon,266.86,Kolkata Port (Syama Prasad Mookerjee Port) incl. Haldia Dock Complex,358.12,Lokpriya Gopinath Bordoloi International Airport (GAU),258.94,Srimantapur ICP,27.83
Palku Chhara,Gomati,654,272182,village,Teliamura,12.96,ICD Amingaon,264.92,Kolkata Port (Syama Prasad Mookerjee Port) incl. Haldia Dock Complex,353.43,Lokpriya Gopinath Bordoloi International Airport (GAU),256.78,Srimantapur ICP,21.83
Jambuk Chhara,Gomati,654,272184,village,Teliamura,13.17,ICD Amingaon,264.22,Kolkata Port (Syama Prasad Mookerjee Port) incl. Haldia Dock Complex,359.27,Lokpriya Gopinath Bordoloi International Airport (GAU),256.31,Srimantapur ICP,26.85
Paschim Kalajhari RF,Gomati,654,272161,village,Mungiakami,54.29,ICD Amingaon,303.13,Kolkata Port (Syama Prasad Mookerjee Port) incl. Haldia Dock Complex,361.49,Lokpriya Gopinath Bordoloi International Airport (GAU),295.65,Sabroom ICP,31.5
Kurmachhara,Gomati,654,272177,village,Teliamura,44.03,ICD Amingaon,295.71,Kolkata Port (Syama Prasad Mookerjee Port) incl. Haldia Dock Complex,349.36,Lokpriya Gopinath Bordoloi International Airport (GAU),287.77,Sabroom ICP,37.61
Nutan Bazar,Gomati,654,272181,village,Teliamura,46.65,ICD Amingaon,296.56,Kolkata Port (Syama Prasad Mookerjee Port) incl. Haldia Dock Complex,358.08,Lokpriya Gopinath Bordoloi International Airport (GAU),288.93,Sabroom ICP,36.72
Purba Kalajhari RF,Gomati,654,272563,village,Mungiakami,52.27,ICD Amingaon,300.62,Kolkata Port (Syama Prasad Mookerjee Port) incl. Haldia Dock Complex,364.7,Lokpriya Gopinath Bordoloi International Airport (GAU),293.24,Sabroom ICP,34.84
Dakshin Ekchhari,Gomati,654,272354,village,Teliamura,53.75,ICD Amingaon,304.64,Kolkata Port (Syama Prasad Mookerjee Port) incl. Haldia Dock Complex,352.85,Lokpriya Gopinath Bordoloi International Airport (GAU),296.9,Sabroom ICP,28.35
Barabil,Gomati,654,272365,village,Teliamura,68.32,ICD Amingaon,318.69,Kolkata Port (Syama Prasad Mookerjee Port) incl. Haldia Dock Complex,354.04,Lokpriya Gopinath Bordoloi International Airport (GAU),311.07,Sabroom ICP,15.31
Chakpur,Gomati,654,272350,village,Mungiakami,52.97,ICD Amingaon,300.8,Kolkata Port (Syama Prasad Mookerjee Port) incl. Haldia Dock Complex,367.19,Lokpriya Gopinath Bordoloi International Airport (GAU),293.5,Sabroom ICP,35.77
Dakshin Chelagang,Gomati,654,272344,village,Teliamura,48.45,ICD Amingaon,299.89,Kolkata Port (Syama Prasad Mookerjee Port) incl. Haldia Dock Complex,350.31,Lokpriya Gopinath Bordoloi International Airport (GAU),292.02,Sabroom ICP,33.2
Dakshin Karbook,Gomati,654,272357,village,Teliamura,58.46,ICD Amingaon,308.84,Kolkata Port (Syama Prasad Mookerjee Port) incl. Haldia Dock Complex,354.94,Lokpriya Gopinath Bordoloi International Airport (GAU),301.18,Sabroom ICP,24.54
Ghorakappa,Gomati,654,272368,village,Teliamura,78.87,ICD Amingaon,328.84,Kolkata Port (Syama Prasad Mookerjee Port) incl. Haldia Dock Complex,355.48,Lokpriya Gopinath Bordoloi International Airport (GAU),321.3,Sabroom ICP,9.66
Bagachatal,Gomati,654,272387,village,Teliamura,83.16,ICD Amingaon,333.21,Kolkata Port (Syama Prasad Mookerjee Port) incl. Haldia Dock Complex,354.9,Lokpriya Gopinath Bordoloi International Airport (GAU),325.67,Sabroom ICP,8.78
Laogang,Gomati,654,272343,village,Teliamura,49.55,ICD Amingaon,301.26,Kolkata Port (Syama Prasad Mookerjee Port) incl. Haldia Dock Complex,347.75,Lokpriya Gopinath Bordoloi International Airport (GAU),293.32,Sabroom ICP,32.14
Lebachhara,Gomati,654,272360,village,Teliamura,50.85,ICD Amingaon,300.87,Kolkata Port (Syama Prasad Mookerjee Port) incl. Haldia Dock Complex,357.23,Lokpriya Gopinath Bordoloi International Airport (GAU),293.24,Sabroom ICP,32.49
Mukchhari,Gomati,654,272349,village,Mungiakami,49.05,ICD Amingaon,297.02,Kolkata Port (Syama Prasad Mookerjee Port) incl. Haldia Dock Complex,366.85,Lokpriya Gopinath Bordoloi International Airport (GAU),289.7,Sabroom ICP,38.72
Paschim Ekchhari,Gomati,654,272345,village,Teliamura,51.68,ICD Amingaon,302.75,Kolkata Port (Syama Prasad Mookerjee Port) incl. Haldia Dock Complex,352.17,Lokpriya Gopinath Bordoloi International Airport (GAU),294.97,Sabroom ICP,30.23
Paschim Manikyadewan,Gomati,654,272353,village,Teliamura,52.94,ICD Amingaon,303.29,Kolkata Port (Syama Prasad Mookerjee Port) incl. Haldia Dock Complex,355.64,Lokpriya Gopinath Bordoloi International Airport (GAU),295.62,Sabroom ICP,29.93
Purba Manikyadewan,Gomati,654,272352,village,Teliamura,54.46,ICD Amingaon,304.14,Kolkata Port (Syama Prasad Mookerjee Port) incl. Haldia Dock Complex,358.25,Lokpriya Gopinath Bordoloi International Airport (GAU),296.56,Sabroom ICP,29.64
Rambhadra,Gomati,654,272347,village,Teliamura,51.1,ICD Amingaon,300.5,Kolkata Port (Syama Prasad Mookerjee Port) incl. Haldia Dock Complex,359.52,Lokpriya Gopinath Bordoloi International Airport (GAU),292.95,Sabroom ICP,33.29
Silachhari,Gomati,654,272366,village,Teliamura,71.49,ICD Amingaon,321.73,Kolkata Port (Syama Prasad Mookerjee Port) incl. Haldia Dock Complex,354.5,Lokpriya Gopinath Bordoloi International Airport (GAU),314.14,Sabroom ICP,13.01
Suknachhari,Gomati,654,272367,village,Teliamura,74.73,ICD Amingaon,324.88,Kolkata Port (Syama Prasad Mookerjee Port) incl. Haldia Dock Complex,354.79,Lokpriya Gopinath Bordoloi International Airport (GAU),317.3,Sabroom ICP,10.96
Uttar Ekchhari,Gomati,654,272346,village,Teliamura,49.44,ICD Amingaon,300.32,Kolkata Port (Syama Prasad Mookerjee Port) incl. Haldia Dock Complex,353.52,Lokpriya Gopinath Bordoloi International Airport (GAU),292.57,Sabroom ICP,32.66
Amtali,Gomati,654,272239,village,Agartala,32.88,ICD Amingaon,290.31,Kolkata Port (Syama Prasad Mookerjee Port) incl. Haldia Dock Complex,327.74,Lokpriya Gopinath Bordoloi International Airport (GAU),281.6,Agartala ICP (Akhaura),35.59
Bagabassa,Gomati,654,272206,village,Agartala,28.76,ICD Amingaon,286.32,Kolkata Port (Syama Prasad Mookerjee Port) incl. Haldia Dock Complex,328.08,Lokpriya Gopinath Bordoloi International Airport (GAU),277.58,Agartala ICP (Akhaura),31.49
Bagma,Gomati,654,272145,village,Jirania,25.01,ICD Amingaon,281.69,Kolkata Port (Syama Prasad Mookerjee Port) incl. Haldia Dock Complex,331.63,Lokpriya Gopinath Bordoloi International Airport (GAU),273.0,Agartala ICP (Akhaura),27.09
Barbhaiya,Gomati,654,272204,village,Jirania,28.0,ICD Amingaon,284.58,Kolkata Port (Syama Prasad Mookerjee Port) incl. Haldia Dock Complex,331.52,Lokpriya Gopinath Bordoloi International Airport (GAU),275.93,Agartala ICP (Akhaura),30.14
Chandrapur RF,Gomati,654,272226,village,Jirania,39.77,ICD Amingaon,294.37,Kolkata Port (Syama Prasad Mookerjee Port) incl. Haldia Dock Complex,337.42,Lokpriya Gopinath Bordoloi International Airport (GAU),286.02,Agartala ICP (Akhaura),42.27
Chharthai,Gomati,654,272153,village,Jirania,26.2,ICD Amingaon,279.36,Kolkata Port (Syama Prasad Mookerjee Port) incl. Haldia Dock Complex,343.31,Lokpriya Gopinath Bordoloi International Airport (GAU),271.05,Agartala ICP (Akhaura),28.91
Chhataria,Gomati,654,272210,village,Jirania,31.77,ICD Amingaon,287.96,Kolkata Port (Syama Prasad Mookerjee Port) incl. Haldia Dock Complex,332.94,Lokpriya Gopinath Bordoloi International Airport (GAU),279.39,Agartala ICP (Akhaura),34.05
Dakshin Chandrapur,Gomati,654,272220,village,Jirania,36.94,ICD Amingaon,292.71,Kolkata Port (Syama Prasad Mookerjee Port) incl. Haldia Dock Complex,333.58,Lokpriya Gopinath Bordoloi International Airport (GAU),284.22,Agartala ICP (Akhaura),39.28
Dakshin Maharani,Gomati,654,272227,village,Jirania,39.28,ICD Amingaon,292.78,Kolkata Port (Syama Prasad Mookerjee Port) incl. Haldia Dock Complex,340.75,Lokpriya Gopinath Bordoloi International Airport (GAU),284.53,Agartala ICP (Akhaura),41.88
Dhwajanagar,Gomati,654,272233,village,Jirania,30.25,ICD Amingaon,286.45,Kolkata Port (Syama Prasad Mookerjee Port) incl. Haldia Dock Complex,333.31,Lokpriya Gopinath Bordoloi International Airport (GAU),277.88,Agartala ICP (Akhaura),32.53
Dudhpuskarani,Gomati,654,272245,village,Agartala,36.29,ICD Amingaon,293.09,Kolkata Port (Syama Prasad Mookerjee Port) incl. Haldia Dock Complex,328.53,Lokpriya Gopinath Bordoloi International Airport (GAU),284.44,Agartala ICP (Akhaura),38.59
Gakulpur,Gomati,654,272234,village,Jirania,30.85,ICD Amingaon,286.56,Kolkata Port (Syama Prasad Mookerjee Port) incl. Haldia Dock Complex,335.39,Lokpriya Gopinath Bordoloi International Airport (GAU),278.06,Agartala ICP (Akhaura),33.24
Gandhari,Gomati,654,272228,village,Jirania,40.65,ICD Amingaon,293.18,Kolkata Port (Syama Prasad Mookerjee Port) incl. Haldia Dock Complex,343.01,Lokpriya Gopinath Bordoloi International Airport (GAU),285.01,Sabroom ICP,41.83
Gangachhara,Gomati,654,272248,village,Agartala,40.45,ICD Amingaon,297.02,Kolkata Port (Syama Prasad Mookerjee Port) incl. Haldia Dock Complex,328.47,Lokpriya Gopinath Bordoloi International Airport (GAU),288.41,Agartala ICP (Akhaura),42.7
Garjanmura,Gomati,654,272238,village,Agartala,31.3,ICD Amingaon,289.01,Kolkata Port (Syama Prasad Mookerjee Port) incl. Haldia Dock Complex,327.43,Lokpriya Gopinath Bordoloi International Airport (GAU),280.27,Agartala ICP (Akhaura),34.2
Hadra,Gomati,654,272240,village,Jirania,32.99,ICD Amingaon,289.61,Kolkata Port (Syama Prasad Mookerjee Port) incl. Haldia Dock Complex,329.38,Lokpriya Gopinath Bordoloi International Airport (GAU),280.95,Agartala ICP (Akhaura),35.08
Hirapur,Gomati,654,272217,village,Jirania,36.38,ICD Amingaon,290.51,Kolkata Port (Syama Prasad Mookerjee Port) incl. Haldia Dock Complex,339.45,Lokpriya Gopinath Bordoloi International Airport (GAU),282.19,Agartala ICP (Akhaura),38.94
Hurijala,Gomati,654,272247,village,Agartala,38.18,ICD Amingaon,295.68,Kolkata Port (Syama Prasad Mookerjee Port) incl. Haldia Dock Complex,326.81,Lokpriya Gopinath Bordoloi International Airport (GAU),287.01,Agartala ICP (Akhaura),41.06
Jamjuri,Gomati,654,272242,village,Jirania,33.5,ICD Amingaon,289.88,Kolkata Port (Syama Prasad Mookerjee Port) incl. Haldia Dock Complex,331.22,Lokpriya Gopinath Bordoloi International Airport (GAU),281.29,Agartala ICP (Akhaura),35.7
Jitendranagar,Gomati,654,272253,village,Agartala,41.98,ICD Amingaon,299.49,Kolkata Port (Syama Prasad Mookerjee Port) incl. Haldia Dock Complex,326.22,Lokpriya Gopinath Bordoloi International Airport (GAU),290.84,Sabroom ICP,44.71
Kakraban,Gomati,654,272246,village,Agartala,35.19,ICD Amingaon,293.32,Kolkata Port (Syama Prasad Mookerjee Port) incl. Haldia Dock Complex,325.92,Lokpriya Gopinath Bordoloi International Airport (GAU),284.59,Agartala ICP (Akhaura),38.52
Karaiyamura,Gomati,654,272205,village,Agartala,26.58,ICD Amingaon,283.95,Kolkata Port (Syama Prasad Mookerjee Port) incl. Haldia Dock Complex,328.74,Lokpriya Gopinath Bordoloi International Airport (GAU),275.19,Agartala ICP (Akhaura),29.09
Khilpara,Gomati,654,272218,village,Jirania,33.82,ICD Amingaon,289.73,Kolkata Port (Syama Prasad Mookerjee Port) incl. Haldia Dock Complex,333.74,Lokpriya Gopinath Bordoloi International Airport (GAU),281.21,Agartala ICP (Akhaura),36.15
Khupilong,Gomati,654,272203,village,Jirania,24.84,ICD Amingaon,280.96,Kolkata Port (Syama Prasad Mookerjee Port) incl. Haldia Dock Complex,335.32,Lokpriya Gopinath Bordoloi International Airport (GAU),272.38,Agartala ICP (Akhaura),27.18
Matabari,Gomati,654,272236,village,Jirania,35.62,ICD Amingaon,291.0,Kolkata Port (Syama Prasad Mookerjee Port) incl. Haldia Dock Complex,335.53,Lokpriya Gopinath Bordoloi International Airport (GAU),282.55,Agartala ICP (Akhaura),38.04
Murapara,Gomati,654,272244,village,Jirania,35.84,ICD Amingaon,292.06,Kolkata Port (Syama Prasad Mookerjee Port) incl. Haldia Dock Complex,331.56,Lokpriya Gopinath Bordoloi International Airport (GAU),283.5,Agartala ICP (Akhaura),38.09
Palatana,Gomati,654,272241,village,Agartala,34.93,ICD Amingaon,292.08,Kolkata Port (Syama Prasad Mookerjee Port) incl. Haldia Dock Complex,328.02,Lokpriya Gopinath Bordoloi International Airport (GAU),283.4,Agartala ICP (Akhaura),37.46
Paschim Magpuskarini,Gomati,654,272222,village,Jirania,39.04,ICD Amingaon,295.14,Kolkata Port (Syama Prasad Mookerjee Port) incl. Haldia Dock Complex,331.35,Lokpriya Gopinath Bordoloi International Airport (GAU),286.6,Agartala ICP (Akhaura),41.3
Pitra,Gomati,654,272212,village,Jirania,31.86,ICD Amingaon,286.53,Kolkata Port (Syama Prasad Mookerjee Port) incl. Haldia Dock Complex,338.69,Lokpriya Gopinath Bordoloi International Airport (GAU),278.14,Agartala ICP (Akhaura),34.39
Dakshin Brajendranagar,Gomati,654,272156,village,Jirania,29.59,ICD Amingaon,283.47,Kolkata Port (Syama Prasad Mookerjee Port) incl. Haldia Dock Complex,341.2,Lokpriya Gopinath Bordoloi International Airport (GAU),275.14,Agartala ICP (Akhaura),32.22
Purba Brajendranagar,Gomati,654,272157,village,Jirania,30.91,ICD Amingaon,283.53,Kolkata Port (Syama Prasad Mookerjee Port) incl. Haldia Dock Complex,343.87,Lokpriya Gopinath Bordoloi International Airport (GAU),275.29,Agartala ICP (Akhaura),33.62
Purba Magpuskarini,Gomati,654,272225,village,Jirania,43.51,ICD Amingaon,297.68,Kolkata Port (Syama Prasad Mookerjee Port) incl. Haldia Dock Complex,338.13,Lokpriya Gopinath Bordoloi International Airport (GAU),289.4,Sabroom ICP,39.13
Radhakishorepur RF,Gomati,654,272207,village,Jirania,29.29,ICD Amingaon,285.79,Kolkata Port (Syama Prasad Mookerjee Port) incl. Haldia Dock Complex,331.69,Lokpriya Gopinath Bordoloi International Airport (GAU),277.16,Agartala ICP (Akhaura),31.46
Raiyabari,Gomati,654,272155,village,Jirania,30.3,ICD Amingaon,285.34,Kolkata Port (Syama Prasad Mookerjee Port) incl. Haldia Dock Complex,337.89,Lokpriya Gopinath Bordoloi International Airport (GAU),276.91,Agartala ICP (Akhaura),32.8
Rajarbag,Gomati,654,922820,village,Jirania,33.22,ICD Amingaon,288.85,Kolkata Port (Syama Prasad Mookerjee Port) incl. Haldia Dock Complex,335.1,Lokpriya Gopinath Bordoloi International Airport (GAU),280.37,Agartala ICP (Akhaura),35.61
Rajdharnagar,Gomati,654,272243,village,Jirania,34.07,ICD Amingaon,290.28,Kolkata Port (Syama Prasad Mookerjee Port) incl. Haldia Dock Complex,332.07,Lokpriya Gopinath Bordoloi International Airport (GAU),281.72,Agartala ICP (Akhaura),36.32
Rajnagar,Gomati,654,272211,village,Jirania,32.16,ICD Amingaon,287.29,Kolkata Port (Syama Prasad Mookerjee Port) incl. Haldia Dock Complex,337.17,Lokpriya Gopinath Bordoloi International Airport (GAU),278.86,Agartala ICP (Akhaura),34.63
Salgara,Gomati,654,272208,village,Jirania,32.29,ICD Amingaon,288.8,Kolkata Port (Syama Prasad Mookerjee Port) incl. Haldia Dock Complex,330.65,Lokpriya Gopinath Bordoloi International Airport (GAU),280.17,Agartala ICP (Akhaura),34.45
Samukhchhara,Gomati,654,272252,village,Agartala,44.33,ICD Amingaon,302.86,Kolkata Port (Syama Prasad Mookerjee Port) incl. Haldia Dock Complex,323.39,Lokpriya Gopinath Bordoloi International Airport (GAU),294.15,Sabroom ICP,43.68
Taiharchum,Gomati,654,272230,village,Jirania,44.79,ICD Amingaon,297.49,Kolkata Port (Syama Prasad Mookerjee Port) incl. Haldia Dock Complex,342.13,Lokpriya Gopinath Bordoloi International Airport (GAU),289.33,Sabroom ICP,37.62
Tepania,Gomati,654,272209,village,Jirania,31.56,ICD Amingaon,287.97,Kolkata Port (Syama Prasad Mookerjee Port) incl. Haldia Dock Complex,331.67,Lokpriya Gopinath Bordoloi International Airport (GAU),279.36,Agartala ICP (Akhaura),33.77
Udaipur,Gomati,654,922819,village,Jirania,32.19,ICD Amingaon,287.76,Kolkata Port (Syama Prasad Mookerjee Port) incl. Haldia Dock Complex,335.6,Lokpriya Gopinath Bordoloi International Airport (GAU),279.28,Agartala ICP (Akhaura),34.6
Upendranagar,Gomati,654,272249,village,Agartala,40.81,ICD Amingaon,299.19,Kolkata Port (Syama Prasad Mookerjee Port) incl. Haldia Dock Complex,324.38,Lokpriya Gopinath Bordoloi International Airport (GAU),290.47,Agartala ICP (Akhaura),44.42
Uttar Brajendranagar,Gomati,654,272152,village,Jirania,23.25,ICD Amingaon,277.0,Kolkata Port (Syama Prasad Mookerjee Port) incl. Haldia Dock Complex,342.51,Lokpriya Gopinath Bordoloi International Airport (GAU),268.63,Agartala ICP (Akhaura),25.95
Uttar Candrapur,Gomati,654,272219,village,Jirania,35.78,ICD Amingaon,291.51,Kolkata Port (Syama Prasad Mookerjee Port) incl. Haldia Dock Complex,334.07,Lokpriya Gopinath Bordoloi International Airport (GAU),283.02,Agartala ICP (Akhaura),38.14
Uttar Maharani,Gomati,654,272216,village,Jirania,35.87,ICD Amingaon,289.2,Kolkata Port (Syama Prasad Mookerjee Port) incl. Haldia Dock Complex,341.63,Lokpriya Gopinath Bordoloi International Airport (GAU),280.95,Agartala ICP (Akhaura),38.5
Uttar Barmura Devtamura RF,Gomati,654,272150,village,Teliamura,25.18,ICD Amingaon,276.99,Kolkata Port (Syama Prasad Mookerjee Port) incl. Haldia Dock Complex,347.03,Lokpriya Gopinath Bordoloi International Airport (GAU),268.78,Srimantapur ICP,28.58
Lakshmipati,Gomati,654,272159,village,Jirania,34.22,ICD Amingaon,287.49,Kolkata Port (Syama Prasad Mookerjee Port) incl. Haldia Dock Complex,342.01,Lokpriya Gopinath Bordoloi International Airport (GAU),279.22,Agartala ICP (Akhaura),36.86
Photamati,Gomati,654,272158,village,Jirania,32.77,ICD Amingaon,286.94,Kolkata Port (Syama Prasad Mookerjee Port) incl. Haldia Dock Complex,339.94,Lokpriya Gopinath Bordoloi International Airport (GAU),278.6,Agartala ICP (Akhaura),35.35
Fulkumari,Gomati,654,272235,village,Jirania,34.82,ICD Amingaon,289.81,Kolkata Port (Syama Prasad Mookerjee Port) incl. Haldia Dock Complex,337.09,Lokpriya Gopinath Bordoloi International Airport (GAU),281.41,Agartala ICP (Akhaura),37.3
Paschim Karbook,Gomati,654,272355,village,Teliamura,56.87,ICD Amingaon,307.68,Kolkata Port (Syama Prasad Mookerjee Port) incl. Haldia Dock Complex,352.87,Lokpriya Gopinath Bordoloi International Airport (GAU),299.96,Sabroom ICP,25.36
Patichhari,Gomati,654,272359,village,Teliamura,63.79,ICD Amingaon,314.53,Kolkata Port (Syama Prasad Mookerjee Port) incl. Haldia Dock Complex,352.46,Lokpriya Gopinath Bordoloi International Airport (GAU),306.83,Sabroom ICP,18.69
Baishabari,Gomati,654,272231,village,Jirania,45.86,ICD Amingaon,299.16,Kolkata Port (Syama Prasad Mookerjee Port) incl. Haldia Dock Complex,340.39,Lokpriya Gopinath Bordoloi International Airport (GAU),290.96,Sabroom ICP,36.56
Chhapiapara,Gomati,654,272232,village,Jirania,47.39,ICD Amingaon,300.16,Kolkata Port (Syama Prasad Mookerjee Port) incl. Haldia Dock Complex,341.68,Lokpriya Gopinath Bordoloi International Airport (GAU),292.01,Sabroom ICP,35.01
Dakshin Barmura Devtamura RF,Gomati,654,272160,village,Teliamura,42.44,ICD Amingaon,294.42,Kolkata Port (Syama Prasad Mookerjee Port) incl. Haldia Dock Complex,344.79,Lokpriya Gopinath Bordoloi International Airport (GAU),286.33,Sabroom ICP,39.96
Bagafa,South Tripura,271,272314,village,Jirania,55.75,ICD Amingaon,309.41,Kolkata Port (Syama Prasad Mookerjee Port) incl. Haldia Dock Complex,338.05,Lokpriya Gopinath Bordoloi International Airport (GAU),301.23,Sabroom ICP,27.16
Baikhora,South Tripura,271,272323,village,Jirania,60.95,ICD Amingaon,314.63,Kolkata Port (Syama Prasad Mookerjee Port) incl. Haldia Dock Complex,337.4,Lokpriya Gopinath Bordoloi International Airport (GAU),306.46,Sabroom ICP,22.4
Barmura Devtamura RF,South Tripura,271,272341,village,Teliamura,60.59,ICD Amingaon,311.83,Kolkata Port (Syama Prasad Mookerjee Port) incl. Haldia Dock Complex,349.74,Lokpriya Gopinath Bordoloi International Airport (GAU),304.03,Sabroom ICP,21.15
Birchandranagar,South Tripura,271,272309,village,Jirania,50.17,ICD Amingaon,305.63,Kolkata Port (Syama Prasad Mookerjee Port) incl. Haldia Dock Complex,331.98,Lokpriya Gopinath Bordoloi International Airport (GAU),297.22,Sabroom ICP,34.6
Birendranagar,South Tripura,271,272330,village,Teliamura,67.65,ICD Amingaon,319.22,Kolkata Port (Syama Prasad Mookerjee Port) incl. Haldia Dock Complex,345.87,Lokpriya Gopinath Bordoloi International Airport (GAU),311.34,Sabroom ICP,14.06
Dakshin Barpathari,South Tripura,271,272329,village,Teliamura,65.26,ICD Amingaon,316.89,Kolkata Port (Syama Prasad Mookerjee Port) incl. Haldia Dock Complex,345.68,Lokpriya Gopinath Bordoloi International Airport (GAU),308.99,Sabroom ICP,16.48
Dakshin Hichachhara,South Tripura,271,272336,village,Jirania,72.52,ICD Amingaon,326.25,Kolkata Port (Syama Prasad Mookerjee Port) incl. Haldia Dock Complex,336.04,Lokpriya Gopinath Bordoloi International Airport (GAU),318.12,Sabroom ICP,13.45
Dakshin Takmachhara,South Tripura,271,272305,village,Jirania,48.47,ICD Amingaon,303.08,Kolkata Port (Syama Prasad Mookerjee Port) incl. Haldia Dock Complex,335.82,Lokpriya Gopinath Bordoloi International Airport (GAU),294.77,Sabroom ICP,34.77
Jolaibari,South Tripura,271,272332,village,Jirania,68.52,ICD Amingaon,321.84,Kolkata Port (Syama Prasad Mookerjee Port) incl. Haldia Dock Complex,337.9,Lokpriya Gopinath Bordoloi International Airport (GAU),313.74,Sabroom ICP,15.4
Kala Laugang,South Tripura,271,272320,village,Jirania,58.31,ICD Amingaon,310.78,Kolkata Port (Syama Prasad Mookerjee Port) incl. Haldia Dock Complex,341.49,Lokpriya Gopinath Bordoloi International Airport (GAU),302.72,Sabroom ICP,24.12
Kalasi,South Tripura,271,272327,village,Jirania,64.98,ICD Amingaon,316.9,Kolkata Port (Syama Prasad Mookerjee Port) incl. Haldia Dock Complex,342.64,Lokpriya Gopinath Bordoloi International Airport (GAU),308.91,Sabroom ICP,17.44
Ratanpur,South Tripura,271,272288,village,Jirania,64.03,ICD Amingaon,319.06,Kolkata Port (Syama Prasad Mookerjee Port) incl. Haldia Dock Complex,331.47,Lokpriya Gopinath Bordoloi International Airport (GAU),310.75,Sabroom ICP,22.79
Lakshmichhara,South Tripura,271,272322,village,Jirania,61.63,ICD Amingaon,314.14,Kolkata Port (Syama Prasad Mookerjee Port) incl. Haldia Dock Complex,341.13,Lokpriya Gopinath Bordoloi International Airport (GAU),306.09,Sabroom ICP,20.88
Madhya Pilak,South Tripura,271,272337,village,Jirania,70.76,ICD Amingaon,323.4,Kolkata Port (Syama Prasad Mookerjee Port) incl. Haldia Dock Complex,340.06,Lokpriya Gopinath Bordoloi International Airport (GAU),315.38,Sabroom ICP,12.52
Muhuripur,South Tripura,271,272326,village,Jirania,65.55,ICD Amingaon,319.21,Kolkata Port (Syama Prasad Mookerjee Port) incl. Haldia Dock Complex,336.93,Lokpriya Gopinath Bordoloi International Airport (GAU),311.07,Sabroom ICP,18.43
Paschim kathalia,South Tripura,271,272313,village,Jirania,54.49,ICD Amingaon,308.82,Kolkata Port (Syama Prasad Mookerjee Port) incl. Haldia Dock Complex,335.87,Lokpriya Gopinath Bordoloi International Airport (GAU),300.56,Sabroom ICP,28.98
Paschim Manu,South Tripura,271,272312,village,Jirania,53.61,ICD Amingaon,308.67,Kolkata Port (Syama Prasad Mookerjee Port) incl. Haldia Dock Complex,333.09,Lokpriya Gopinath Bordoloi International Airport (GAU),300.33,Sabroom ICP,30.9
Paschim Muhuripur,South Tripura,271,272334,village,Jirania,67.24,ICD Amingaon,321.74,Kolkata Port (Syama Prasad Mookerjee Port) incl. Haldia Dock Complex,333.4,Lokpriya Gopinath Bordoloi International Airport (GAU),313.51,Sabroom ICP,19.04
Paschim Patichhari,South Tripura,271,272310,village,Jirania,49.23,ICD Amingaon,305.2,Kolkata Port (Syama Prasad Mookerjee Port) incl. Haldia Dock Complex,329.46,Lokpriya Gopinath Bordoloi International Airport (GAU),296.71,Sabroom ICP,36.77
Paschim Pilak,South Tripura,271,272335,village,Jirania,69.37,ICD Amingaon,323.42,Kolkata Port (Syama Prasad Mookerjee Port) incl. Haldia Dock Complex,335.06,Lokpriya Gopinath Bordoloi International Airport (GAU),315.24,Sabroom ICP,16.35
Purba Charakbai,South Tripura,271,272325,village,Jirania,62.99,ICD Amingaon,316.36,Kolkata Port (Syama Prasad Mookerjee Port) incl. Haldia Dock Complex,338.26,Lokpriya Gopinath Bordoloi International Airport (GAU),308.23,Sabroom ICP,20.22
Purba Kathalia,South Tripura,271,272307,village,Jirania,52.71,ICD Amingaon,306.24,Kolkata Port (Syama Prasad Mookerjee Port) incl. Haldia Dock Complex,338.83,Lokpriya Gopinath Bordoloi International Airport (GAU),298.06,Sabroom ICP,29.96
Purba Manu,South Tripura,271,272308,village,Jirania,51.59,ICD Amingaon,306.09,Kolkata Port (Syama Prasad Mookerjee Port) incl. Haldia Dock Complex,335.7,Lokpriya Gopinath Bordoloi International Airport (GAU),297.8,Sabroom ICP,31.8
Purba Muhuripur,South Tripura,271,272333,village,Jirania,66.34,ICD Amingaon,320.79,Kolkata Port (Syama Prasad Mookerjee Port) incl. Haldia Dock Complex,333.77,Lokpriya Gopinath Bordoloi International Airport (GAU),312.55,Sabroom ICP,19.49
Purba Patichhari,South Tripura,271,272303,village,Jirania,47.62,ICD Amingaon,303.33,Kolkata Port (Syama Prasad Mookerjee Port) incl. Haldia Dock Complex,331.28,Lokpriya Gopinath Bordoloi International Airport (GAU),294.88,Sabroom ICP,37.33
Purba Pilak,South Tripura,271,272339,village,Teliamura,70.06,ICD Amingaon,321.57,Kolkata Port (Syama Prasad Mookerjee Port) incl. Haldia Dock Complex,346.16,Lokpriya Gopinath Bordoloi International Airport (GAU),313.72,Sabroom ICP,11.6
Radhakishoreganj,South Tripura,271,272319,village,Jirania,59.79,ICD Amingaon,313.18,Kolkata Port (Syama Prasad Mookerjee Port) incl. Haldia Dock Complex,338.49,Lokpriya Gopinath Bordoloi International Airport (GAU),305.04,Sabroom ICP,23.18
Raibari,South Tripura,271,272321,village,Teliamura,60.57,ICD Amingaon,312.43,Kolkata Port (Syama Prasad Mookerjee Port) incl. Haldia Dock Complex,343.61,Lokpriya Gopinath Bordoloi International Airport (GAU),304.44,Sabroom ICP,21.64
Rajapur,South Tripura,271,272311,village,Jirania,52.63,ICD Amingaon,308.4,Kolkata Port (Syama Prasad Mookerjee Port) incl. Haldia Dock Complex,329.81,Lokpriya Gopinath Bordoloi International Airport (GAU),299.95,Sabroom ICP,33.47
Tairumachhara,South Tripura,271,272340,village,Teliamura,72.43,ICD Amingaon,323.91,Kolkata Port (Syama Prasad Mookerjee Port) incl. Haldia Dock Complex,346.11,Lokpriya Gopinath Bordoloi International Airport (GAU),316.07,Sabroom ICP,9.22
Uttar Barpathari,South Tripura,271,272328,village,Teliamura,61.0,ICD Amingaon,312.63,Kolkata Port (Syama Prasad Mookerjee Port) incl. Haldia Dock Complex,346.39,Lokpriya Gopinath Bordoloi International Airport (GAU),304.73,Sabroom ICP,20.69
Uttar Debipur,South Tripura,271,272306,village,Jirania,49.6,ICD Amingaon,303.02,Kolkata Port (Syama Prasad Mookerjee Port) incl. Haldia Dock Complex,339.59,Lokpriya Gopinath Bordoloi International Airport (GAU),294.83,Sabroom ICP,32.91
Uttar Hichhachhara,South Tripura,271,272331,village,Jirania,68.24,ICD Amingaon,320.26,Kolkata Port (Syama Prasad Mookerjee Port) incl. Haldia Dock Complex,342.17,Lokpriya Gopinath Bordoloi International Airport (GAU),312.28,Sabroom ICP,14.29
Uttar Takmachhara,South Tripura,271,272304,village,Jirania,47.25,ICD Amingaon,302.38,Kolkata Port (Syama Prasad Mookerjee Port) incl. Haldia Dock Complex,333.98,Lokpriya Gopinath Bordoloi International Airport (GAU),294.01,Sabroom ICP,36.54
Desharampara,Gomati,654,272369,village,Teliamura,80.84,ICD Amingaon,331.09,Kolkata Port (Syama Prasad Mookerjee Port) incl. Haldia Dock Complex,353.87,Lokpriya Gopinath Bordoloi International Airport (GAU),323.52,Sabroom ICP,7.67
Kaptali,Gomati,654,272388,village,Teliamura,85.01,ICD Amingaon,334.91,Kolkata Port (Syama Prasad Mookerjee Port) incl. Haldia Dock Complex,355.64,Lokpriya Gopinath Bordoloi International Airport (GAU),327.4,Sabroom ICP,9.94
Baramura Devtamura RF,Gomati,654,272342,village,Teliamura,73.46,ICD Amingaon,324.39,Kolkata Port (Syama Prasad Mookerjee Port) incl. Haldia Dock Complex,350.27,Lokpriya Gopinath Bordoloi International Airport (GAU),316.68,Sabroom ICP,8.99
Abhangchhara,South Tripura,271,272338,village,Jirania,73.21,ICD Amingaon,325.39,Kolkata Port (Syama Prasad Mookerjee Port) incl. Haldia Dock Complex,341.46,Lokpriya Gopinath Bordoloi International Airport (GAU),317.42,Sabroom ICP,9.81
Aliamara,South Tripura,271,272382,village,Teliamura,90.72,ICD Amingaon,341.61,Kolkata Port (Syama Prasad Mookerjee Port) incl. Haldia Dock Complex,349.33,Lokpriya Gopinath Bordoloi International Airport (GAU),333.94,Sabroom ICP,9.65
Bagmara,South Tripura,271,272363,village,Teliamura,76.09,ICD Amingaon,327.42,Kolkata Port (Syama Prasad Mookerjee Port) incl. Haldia Dock Complex,347.02,Lokpriya Gopinath Bordoloi International Airport (GAU),319.62,Sabroom ICP,5.56
Baishnabpur,South Tripura,271,272383,village,Teliamura,91.11,ICD Amingaon,341.76,Kolkata Port (Syama Prasad Mookerjee Port) incl. Haldia Dock Complex,351.04,Lokpriya Gopinath Bordoloi International Airport (GAU),334.13,Sabroom ICP,10.64
Betaga RF,South Tripura,271,272406,village,Jirania,89.96,ICD Amingaon,342.53,Kolkata Port (Syama Prasad Mookerjee Port) incl. Haldia Dock Complex,339.58,Netaji Subhas Chandra Bose International Airport (CCU),326.24,Sabroom ICP,10.92
Bhuratali,South Tripura,271,272398,village,Jirania,79.39,ICD Amingaon,332.92,Kolkata Port (Syama Prasad Mookerjee Port) incl. Haldia Dock Complex,336.29,Netaji Subhas Chandra Bose International Airport (CCU),322.66,Sabroom ICP,10.11
Bijoynagar,South Tripura,271,272415,village,Jirania,93.01,ICD Amingaon,345.51,Kolkata Port (Syama Prasad Mookerjee Port) incl. Haldia Dock Complex,339.82,Netaji Subhas Chandra Bose International Airport (CCU),326.57,Sabroom ICP,13.37
Brajendranagar,South Tripura,271,272414,village,Jirania,94.7,ICD Amingaon,347.19,Kolkata Port (Syama Prasad Mookerjee Port) incl. Haldia Dock Complex,339.86,Netaji Subhas Chandra Bose International Airport (CCU),326.66,Sabroom ICP,14.88
Chalita Bankul,South Tripura,271,272361,village,Teliamura,78.09,ICD Amingaon,329.67,Kolkata Port (Syama Prasad Mookerjee Port) incl. Haldia Dock Complex,344.28,Lokpriya Gopinath Bordoloi International Airport (GAU),321.8,Sabroom ICP,4.17
Chalita Chhara,South Tripura,271,272404,village,Jirania,88.85,ICD Amingaon,341.62,Kolkata Port (Syama Prasad Mookerjee Port) incl. Haldia Dock Complex,338.83,Netaji Subhas Chandra Bose International Airport (CCU),325.46,Sabroom ICP,10.62
Chatakchhari,South Tripura,271,272378,village,Teliamura,86.16,ICD Amingaon,337.55,Kolkata Port (Syama Prasad Mookerjee Port) incl. Haldia Dock Complex,345.4,Lokpriya Gopinath Bordoloi International Airport (GAU),329.74,Sabroom ICP,4.58
Dakshin Bijoypur,South Tripura,271,272381,village,Teliamura,86.89,ICD Amingaon,337.9,Kolkata Port (Syama Prasad Mookerjee Port) incl. Haldia Dock Complex,348.6,Lokpriya Gopinath Bordoloi International Airport (GAU),330.19,Sabroom ICP,5.82
Dakshin Kalapania,South Tripura,271,272397,village,Jirania,80.84,ICD Amingaon,333.76,Kolkata Port (Syama Prasad Mookerjee Port) incl. Haldia Dock Complex,338.56,Netaji Subhas Chandra Bose International Airport (CCU),324.96,Sabroom ICP,7.7
Dakshin Manubankul,South Tripura,271,272373,village,Teliamura,82.32,ICD Amingaon,333.85,Kolkata Port (Syama Prasad Mookerjee Port) incl. Haldia Dock Complex,344.33,Lokpriya Gopinath Bordoloi International Airport (GAU),326.0,Sabroom ICP,2.0
Dakshin Sabroom,South Tripura,271,272384,village,Teliamura,88.86,ICD Amingaon,339.57,Kolkata Port (Syama Prasad Mookerjee Port) incl. Haldia Dock Complex,350.71,Lokpriya Gopinath Bordoloi International Airport (GAU),331.93,Sabroom ICP,8.54
Dakshin Taichhama,South Tripura,271,272394,village,Jirania,78.6,ICD Amingaon,330.57,Kolkata Port (Syama Prasad Mookerjee Port) incl. Haldia Dock Complex,341.92,Lokpriya Gopinath Bordoloi International Airport (GAU),322.64,Sabroom ICP,5.36
Daulbari,South Tripura,271,272416,village,Teliamura,93.8,ICD Amingaon,345.23,Kolkata Port (Syama Prasad Mookerjee Port) incl. Haldia Dock Complex,344.27,Netaji Subhas Chandra Bose International Airport (CCU),331.03,Sabroom ICP,12.26
Gardhang,South Tripura,271,272391,village,Jirania,75.65,ICD Amingaon,329.22,Kolkata Port (Syama Prasad Mookerjee Port) incl. Haldia Dock Complex,336.39,Lokpriya Gopinath Bordoloi International Airport (GAU),321.12,Sabroom ICP,11.34
Gaurifa,South Tripura,271,272375,village,Jirania,85.41,ICD Amingaon,337.31,Kolkata Port (Syama Prasad Mookerjee Port) incl. Haldia Dock Complex,342.09,Netaji Subhas Chandra Bose International Airport (CCU),328.61,Sabroom ICP,5.59
Goachand,South Tripura,271,272403,village,Jirania,87.11,ICD Amingaon,339.47,Kolkata Port (Syama Prasad Mookerjee Port) incl. Haldia Dock Complex,340.45,Netaji Subhas Chandra Bose International Airport (CCU),327.03,Sabroom ICP,8.1
Harbatali,South Tripura,271,272413,village,Jirania,96.25,ICD Amingaon,350.02,Kolkata Port (Syama Prasad Mookerjee Port) incl. Haldia Dock Complex,334.4,Netaji Subhas Chandra Bose International Airport (CCU),321.26,Sabroom ICP,19.49
Harina,South Tripura,271,272405,village,Jirania,89.05,ICD Amingaon,341.17,Kolkata Port (Syama Prasad Mookerjee Port) incl. Haldia Dock Complex,341.27,Netaji Subhas Chandra Bose International Airport (CCU),327.9,Sabroom ICP,9.03
Kathalchhari,South Tripura,271,272374,village,Jirania,81.72,ICD Amingaon,333.48,Kolkata Port (Syama Prasad Mookerjee Port) incl. Haldia Dock Complex,342.6,Lokpriya Gopinath Bordoloi International Airport (GAU),325.58,Sabroom ICP,3.65
Magrum,South Tripura,271,272389,village,Teliamura,87.05,ICD Amingaon,337.31,Kolkata Port (Syama Prasad Mookerjee Port) incl. Haldia Dock Complex,353.65,Lokpriya Gopinath Bordoloi International Airport (GAU),329.74,Sabroom ICP,9.16
Magurchhara,South Tripura,271,272402,village,Jirania,84.53,ICD Amingaon,336.91,Kolkata Port (Syama Prasad Mookerjee Port) incl. Haldia Dock Complex,340.39,Netaji Subhas Chandra Bose International Airport (CCU),326.9,Sabroom ICP,6.6
Manubazar,South Tripura,271,272401,village,Jirania,85.55,ICD Amingaon,338.6,Kolkata Port (Syama Prasad Mookerjee Port) incl. Haldia Dock Complex,337.87,Netaji Subhas Chandra Bose International Airport (CCU),324.41,Sabroom ICP,9.43
Paschim Jalefa,South Tripura,271,272417,village,Jirania,91.97,ICD Amingaon,343.89,Kolkata Port (Syama Prasad Mookerjee Port) incl. Haldia Dock Complex,342.0,Netaji Subhas Chandra Bose International Airport (CCU),328.7,Sabroom ICP,11.25
Paschim Ludhua,South Tripura,271,272379,village,Teliamura,88.78,ICD Amingaon,340.08,Kolkata Port (Syama Prasad Mookerjee Port) incl. Haldia Dock Complex,346.03,Lokpriya Gopinath Bordoloi International Airport (GAU),332.31,Sabroom ICP,7.15
Paschim Sabroom,South Tripura,271,272419,village,Teliamura,92.21,ICD Amingaon,343.32,Kolkata Port (Syama Prasad Mookerjee Port) incl. Haldia Dock Complex,347.52,Netaji Subhas Chandra Bose International Airport (CCU),334.23,Sabroom ICP,10.7
Fulchhari,South Tripura,271,272399,village,Jirania,81.53,ICD Amingaon,335.05,Kolkata Port (Syama Prasad Mookerjee Port) incl. Haldia Dock Complex,336.21,Netaji Subhas Chandra Bose International Airport (CCU),322.64,Sabroom ICP,10.04
Purba Jalefa,South Tripura,271,272418,village,Teliamura,90.21,ICD Amingaon,341.71,Kolkata Port (Syama Prasad Mookerjee Port) incl. Haldia Dock Complex,343.83,Netaji Subhas Chandra Bose International Airport (CCU),330.48,Sabroom ICP,8.82
Purba Ludhua,South Tripura,271,272380,village,Teliamura,89.63,ICD Amingaon,340.76,Kolkata Port (Syama Prasad Mookerjee Port) incl. Haldia Dock Complex,347.44,Lokpriya Gopinath Bordoloi International Airport (GAU),333.03,Sabroom ICP,8.12
Purba Sabroom,South Tripura,271,272385,village,Teliamura,85.19,ICD Amingaon,335.98,Kolkata Port (Syama Prasad Mookerjee Port) incl. Haldia Dock Complex,350.37,Lokpriya Gopinath Bordoloi International Airport (GAU),328.32,Sabroom ICP,5.5
Rajdharpur,South Tripura,271,272386,village,Teliamura,83.75,ICD Amingaon,334.07,Kolkata Port (Syama Prasad Mookerjee Port) incl. Haldia Dock Complex,353.36,Lokpriya Gopinath Bordoloi International Airport (GAU),326.49,Sabroom ICP,7.43
Rajnagar,South Tripura,271,272409,village,Agartala,87.06,ICD Amingaon,341.9,Kolkata Port (Syama Prasad Mookerjee Port) incl. Haldia Dock Complex,329.66,Netaji Subhas Chandra Bose International Airport (CCU),316.26,Sabroom ICP,17.71
Rupaichhari,South Tripura,271,272376,village,Teliamura,84.96,ICD Amingaon,336.52,Kolkata Port (Syama Prasad Mookerjee Port) incl. Haldia Dock Complex,343.65,Lokpriya Gopinath Bordoloi International Airport (GAU),328.67,Sabroom ICP,4.11
Sabroom,South Tripura,271,922870,village,Teliamura,93.69,ICD Amingaon,344.96,Kolkata Port (Syama Prasad Mookerjee Port) incl. Haldia Dock Complex,345.98,Netaji Subhas Chandra Bose International Airport (CCU),332.73,Sabroom ICP,12.07
Sakbari,South Tripura,271,272392,village,Jirania,75.95,ICD Amingaon,328.92,Kolkata Port (Syama Prasad Mookerjee Port) incl. Haldia Dock Complex,338.62,Lokpriya Gopinath Bordoloi International Airport (GAU),320.88,Sabroom ICP,9.38
Sinduk Pathar,South Tripura,271,272396,village,Jirania,82.36,ICD Amingaon,334.89,Kolkata Port (Syama Prasad Mookerjee Port) incl. Haldia Dock Complex,339.95,Netaji Subhas Chandra Bose International Airport (CCU),326.4,Sabroom ICP,6.36
Sonaichhari,South Tripura,271,272377,village,Teliamura,84.69,ICD Amingaon,336.07,Kolkata Port (Syama Prasad Mookerjee Port) incl. Haldia Dock Complex,345.63,Lokpriya Gopinath Bordoloi International Airport (GAU),328.27,Sabroom ICP,3.1
Krishnanagar,South Tripura,271,272410,village,Agartala,89.3,ICD Amingaon,344.3,Kolkata Port (Syama Prasad Mookerjee Port) incl. Haldia Dock Complex,329.18,Netaji Subhas Chandra Bose International Airport (CCU),315.85,Sabroom ICP,19.12
Srinagar,South Tripura,271,272411,village,Agartala,91.02,ICD Amingaon,345.88,Kolkata Port (Syama Prasad Mookerjee Port) incl. Haldia Dock Complex,329.6,Netaji Subhas Chandra Bose International Airport (CCU),316.31,Sabroom ICP,19.6
Amlighat,South Tripura,271,272412,village,Agartala,92.91,ICD Amingaon,347.89,Kolkata Port (Syama Prasad Mookerjee Port) incl. Haldia Dock Complex,329.26,Netaji Subhas Chandra Bose International Airport (CCU),316.04,Sabroom ICP,21.01
Taikumba Chhara,South Tripura,271,272393,village,Jirania,75.72,ICD Amingaon,327.73,Kolkata Port (Syama Prasad Mookerjee Port) incl. Haldia Dock Complex,341.9,Lokpriya Gopinath Bordoloi International Airport (GAU),319.78,Sabroom ICP,7.47
Tekka Tulsi RF,South Tripura,271,272407,village,Jirania,85.61,ICD Amingaon,339.84,Kolkata Port (Syama Prasad Mookerjee Port) incl. Haldia Dock Complex,332.8,Netaji Subhas Chandra Bose International Airport (CCU),319.35,Sabroom ICP,14.24
Uttar Bijoypur,South Tripura,271,272371,village,Teliamura,81.71,ICD Amingaon,332.94,Kolkata Port (Syama Prasad Mookerjee Port) incl. Haldia Dock Complex,347.29,Lokpriya Gopinath Bordoloi International Airport (GAU),325.17,Sabroom ICP,1.05
Uttar Kalapania,South Tripura,271,272395,village,Jirania,79.44,ICD Amingaon,332.17,Kolkata Port (Syama Prasad Mookerjee Port) incl. Haldia Dock Complex,339.34,Lokpriya Gopinath Bordoloi International Airport (GAU),324.17,Sabroom ICP,7.19
Uttar Manubankul,South Tripura,271,272372,village,Teliamura,79.6,ICD Amingaon,331.1,Kolkata Port (Syama Prasad Mookerjee Port) incl. Haldia Dock Complex,345.08,Lokpriya Gopinath Bordoloi International Airport (GAU),323.26,Sabroom ICP,2.39
Uttar Taichhama,South Tripura,271,272362,village,Teliamura,75.42,ICD Amingaon,326.94,Kolkata Port (Syama Prasad Mookerjee Port) incl. Haldia Dock Complex,345.38,Lokpriya Gopinath Bordoloi International Airport (GAU),319.09,Sabroom ICP,6.33
Dhuptali,Gomati,654,272254,village,Agartala,46.17,ICD Amingaon,303.72,Kolkata Port (Syama Prasad Mookerjee Port) incl. Haldia Dock Complex,325.54,Lokpriya Gopinath Bordoloi International Airport (GAU),295.1,Sabroom ICP,41.13
Garji RF,Gomati,654,272223,village,Jirania,44.71,ICD Amingaon,300.55,Kolkata Port (Syama Prasad Mookerjee Port) incl. Haldia Dock Complex,331.26,Lokpriya Gopinath Bordoloi International Airport (GAU),292.07,Sabroom ICP,40.11
Laugang,South Tripura,271,272318,village,Jirania,60.16,ICD Amingaon,314.75,Kolkata Port (Syama Prasad Mookerjee Port) incl. Haldia Dock Complex,334.0,Lokpriya Gopinath Bordoloi International Airport (GAU),306.49,Sabroom ICP,24.54
Paschim Charakbai,South Tripura,271,272324,village,Jirania,63.01,ICD Amingaon,317.53,Kolkata Port (Syama Prasad Mookerjee Port) incl. Haldia Dock Complex,333.89,Lokpriya Gopinath Bordoloi International Airport (GAU),309.28,Sabroom ICP,22.14
Gagan Chandra Para,South Tripura,271,272390,village,Jirania,76.63,ICD Amingaon,330.67,Kolkata Port (Syama Prasad Mookerjee Port) incl. Haldia Dock Complex,334.38,Netaji Subhas Chandra Bose International Airport (CCU),320.68,Sabroom ICP,12.69
Baspadua,South Tripura,271,272294,village,Agartala,66.62,ICD Amingaon,322.75,Kolkata Port (Syama Prasad Mookerjee Port) incl. Haldia Dock Complex,326.93,Netaji Subhas Chandra Bose International Airport (CCU),312.96,Sabroom ICP,24.2
Belonia,South Tripura,271,922863,village,Agartala,61.69,ICD Amingaon,319.16,Kolkata Port (Syama Prasad Mookerjee Port) incl. Haldia Dock Complex,323.78,Netaji Subhas Chandra Bose International Airport (CCU),309.7,Sabroom ICP,29.6
Champaknagar,South Tripura,271,272296,village,Jirania,68.98,ICD Amingaon,324.33,Kolkata Port (Syama Prasad Mookerjee Port) incl. Haldia Dock Complex,328.99,Netaji Subhas Chandra Bose International Airport (CCU),315.08,Sabroom ICP,21.24
Chhay Gharia,South Tripura,271,272317,village,Jirania,59.74,ICD Amingaon,314.85,Kolkata Port (Syama Prasad Mookerjee Port) incl. Haldia Dock Complex,331.78,Lokpriya Gopinath Bordoloi International Airport (GAU),306.52,Sabroom ICP,26.11
Santirbazar,South Tripura,271,272315,village,Jirania,57.46,ICD Amingaon,311.89,Kolkata Port (Syama Prasad Mookerjee Port) incl. Haldia Dock Complex,335.07,Lokpriya Gopinath Bordoloi International Airport (GAU),303.63,Sabroom ICP,26.5
Chittamara,South Tripura,271,272279,village,Jirania,55.73,ICD Amingaon,311.42,Kolkata Port (Syama Prasad Mookerjee Port) incl. Haldia Dock Complex,329.59,Lokpriya Gopinath Bordoloi International Airport (GAU),302.99,Sabroom ICP,30.86
Dakshin Bharat Chandra Nagar,South Tripura,271,272283,village,Agartala,59.55,ICD Amingaon,316.46,Kolkata Port (Syama Prasad Mookerjee Port) incl. Haldia Dock Complex,325.52,Lokpriya Gopinath Bordoloi International Airport (GAU),307.95,Sabroom ICP,30.02
Dakshin Sonaichhari,South Tripura,271,272293,village,Jirania,66.21,ICD Amingaon,321.57,Kolkata Port (Syama Prasad Mookerjee Port) incl. Haldia Dock Complex,329.41,Lokpriya Gopinath Bordoloi International Airport (GAU),313.21,Sabroom ICP,22.68
Debipur,South Tripura,271,272297,village,Agartala,72.55,ICD Amingaon,328.28,Kolkata Port (Syama Prasad Mookerjee Port) incl. Haldia Dock Complex,327.6,Netaji Subhas Chandra Bose International Airport (CCU),313.8,Sabroom ICP,20.5
Hrishyamukh,South Tripura,271,272298,village,Agartala,75.44,ICD Amingaon,331.01,Kolkata Port (Syama Prasad Mookerjee Port) incl. Haldia Dock Complex,327.92,Netaji Subhas Chandra Bose International Airport (CCU),314.19,Sabroom ICP,19.15
Ishanchandra Nagar,South Tripura,271,272282,village,Agartala,57.86,ICD Amingaon,315.82,Kolkata Port (Syama Prasad Mookerjee Port) incl. Haldia Dock Complex,322.84,Lokpriya Gopinath Bordoloi International Airport (GAU),307.23,Sabroom ICP,32.93
Kamalpur,South Tripura,271,272267,village,Agartala,69.17,ICD Amingaon,329.27,Kolkata Port (Syama Prasad Mookerjee Port) incl. Haldia Dock Complex,313.62,Netaji Subhas Chandra Bose International Airport (CCU),299.74,Sabroom ICP,34.5
Kasari RF,South Tripura,271,272277,village,Agartala,51.62,ICD Amingaon,308.94,Kolkata Port (Syama Prasad Mookerjee Port) incl. Haldia Dock Complex,325.4,Lokpriya Gopinath Bordoloi International Airport (GAU),300.36,Sabroom ICP,36.45
Krishnanagar,South Tripura,271,272300,village,Agartala,80.35,ICD Amingaon,335.64,Kolkata Port (Syama Prasad Mookerjee Port) incl. Haldia Dock Complex,328.49,Netaji Subhas Chandra Bose International Airport (CCU),314.9,Sabroom ICP,17.76
Kalabaria,South Tripura,271,272285,village,Jirania,59.13,ICD Amingaon,314.63,Kolkata Port (Syama Prasad Mookerjee Port) incl. Haldia Dock Complex,329.93,Lokpriya Gopinath Bordoloi International Airport (GAU),306.24,Sabroom ICP,27.75
Madhya Bharat Chandra Nagar,South Tripura,271,272284,village,Agartala,57.69,ICD Amingaon,313.93,Kolkata Port (Syama Prasad Mookerjee Port) incl. Haldia Dock Complex,327.38,Lokpriya Gopinath Bordoloi International Airport (GAU),305.45,Sabroom ICP,30.46
Manirampur,South Tripura,271,272290,village,Jirania,73.56,ICD Amingaon,327.9,Kolkata Port (Syama Prasad Mookerjee Port) incl. Haldia Dock Complex,333.35,Netaji Subhas Chandra Bose International Airport (CCU),319.57,Sabroom ICP,14.98
Matai,South Tripura,271,272295,village,Agartala,69.35,ICD Amingaon,325.17,Kolkata Port (Syama Prasad Mookerjee Port) incl. Haldia Dock Complex,327.55,Netaji Subhas Chandra Bose International Airport (CCU),313.66,Sabroom ICP,22.13
Paikhola,South Tripura,271,272278,village,Agartala,53.65,ICD Amingaon,309.88,Kolkata Port (Syama Prasad Mookerjee Port) incl. Haldia Dock Complex,327.77,Lokpriya Gopinath Bordoloi International Airport (GAU),301.38,Sabroom ICP,33.67
Paschim Anandanagar,South Tripura,271,272260,village,Agartala,68.3,ICD Amingaon,329.08,Kolkata Port (Syama Prasad Mookerjee Port) incl. Haldia Dock Complex,310.62,Netaji Subhas Chandra Bose International Airport (CCU),296.71,Sabroom ICP,37.71
Paschim Pepariakhola,South Tripura,271,272275,village,Agartala,50.11,ICD Amingaon,309.32,Kolkata Port (Syama Prasad Mookerjee Port) incl. Haldia Dock Complex,320.4,Lokpriya Gopinath Bordoloi International Airport (GAU),300.59,Sabroom ICP,40.42
Purba Pepariakhola,South Tripura,271,272276,village,Agartala,51.56,ICD Amingaon,309.88,Kolkata Port (Syama Prasad Mookerjee Port) incl. Haldia Dock Complex,322.76,Lokpriya Gopinath Bordoloi International Airport (GAU),301.23,Sabroom ICP,37.85
Radhanagar,South Tripura,271,272259,village,Agartala,65.12,ICD Amingaon,326.08,Kolkata Port (Syama Prasad Mookerjee Port) incl. Haldia Dock Complex,310.38,Netaji Subhas Chandra Bose International Airport (CCU),296.37,Sabroom ICP,39.18
Sarasima,South Tripura,271,272286,village,Agartala,62.92,ICD Amingaon,319.5,Kolkata Port (Syama Prasad Mookerjee Port) incl. Haldia Dock Complex,326.04,Lokpriya Gopinath Bordoloi International Airport (GAU),311.03,Sabroom ICP,27.25
Shibpur,South Tripura,271,272291,village,Jirania,69.77,ICD Amingaon,324.32,Kolkata Port (Syama Prasad Mookerjee Port) incl. Haldia Dock Complex,332.87,Lokpriya Gopinath Bordoloi International Airport (GAU),316.09,Sabroom ICP,17.62
Sidhhinagar,South Tripura,271,272261,village,Agartala,70.56,ICD Amingaon,331.23,Kolkata Port (Syama Prasad Mookerjee Port) incl. Haldia Dock Complex,310.68,Netaji Subhas Chandra Bose International Airport (CCU),296.84,Sabroom ICP,36.93
Tebaria,South Tripura,271,272263,village,Agartala,77.04,ICD Amingaon,337.23,Kolkata Port (Syama Prasad Mookerjee Port) incl. Haldia Dock Complex,311.85,Netaji Subhas Chandra Bose International Airport (CCU),298.19,Sabroom ICP,34.53
Haripur,South Tripura,271,272299,village,Agartala,78.08,ICD Amingaon,333.44,Kolkata Port (Syama Prasad Mookerjee Port) incl. Haldia Dock Complex,328.36,Netaji Subhas Chandra Bose International Airport (CCU),314.7,Sabroom ICP,18.12
Tekka Tulsi RF,South Tripura,271,272289,village,Jirania,70.31,ICD Amingaon,324.72,Kolkata Port (Syama Prasad Mookerjee Port) incl. Haldia Dock Complex,333.43,Lokpriya Gopinath Bordoloi International Airport (GAU),316.5,Sabroom ICP,16.85
Tuigamari,South Tripura,271,272292,village,Jirania,66.91,ICD Amingaon,321.81,Kolkata Port (Syama Prasad Mookerjee Port) incl. Haldia Dock Complex,331.63,Lokpriya Gopinath Bordoloi International Airport (GAU),313.52,Sabroom ICP,20.52
Uttar Bharat Chandra nagar,South Tripura,271,272280,village,Agartala,56.18,ICD Amingaon,313.33,Kolkata Port (Syama Prasad Mookerjee Port) incl. Haldia Dock Complex,325.26,Lokpriya Gopinath Bordoloi International Airport (GAU),304.79,Sabroom ICP,32.76
Uttar Sonaichhari,South Tripura,271,272287,village,Jirania,63.61,ICD Amingaon,319.19,Kolkata Port (Syama Prasad Mookerjee Port) incl. Haldia Dock Complex,328.59,Lokpriya Gopinath Bordoloi International Airport (GAU),310.8,Sabroom ICP,25.17
Baraiya,South Tripura,271,272264,village,Agartala,79.57,ICD Amingaon,339.26,Kolkata Port (Syama Prasad Mookerjee Port) incl. Haldia Dock Complex,313.75,Netaji Subhas Chandra Bose International Airport (CCU),300.17,Sabroom ICP,32.5
Dakshin Srirampur,South Tripura,271,272265,village,Agartala,77.18,ICD Amingaon,336.83,Kolkata Port (Syama Prasad Mookerjee Port) incl. Haldia Dock Complex,314.25,Netaji Subhas Chandra Bose International Airport (CCU),300.6,Sabroom ICP,32.11
Bhairabnagar,South Tripura,271,272262,village,Agartala,73.44,ICD Amingaon,333.89,Kolkata Port (Syama Prasad Mookerjee Port) incl. Haldia Dock Complex,311.22,Netaji Subhas Chandra Bose International Airport (CCU),297.45,Sabroom ICP,35.7
Uttar Srirampur,South Tripura,271,272266,village,Agartala,73.41,ICD Amingaon,333.27,Kolkata Port (Syama Prasad Mookerjee Port) incl. Haldia Dock Complex,313.96,Netaji Subhas Chandra Bose International Airport (CCU),300.2,Sabroom ICP,32.98
Purba Anandanagar,South Tripura,271,272268,village,Agartala,65.46,ICD Amingaon,325.77,Kolkata Port (Syama Prasad Mookerjee Port) incl. Haldia Dock Complex,313.42,Netaji Subhas Chandra Bose International Airport (CCU),299.44,Sabroom ICP,36.15
Trishna RF,South Tripura,271,272271,village,Agartala,56.61,ICD Amingaon,316.84,Kolkata Port (Syama Prasad Mookerjee Port) incl. Haldia Dock Complex,315.51,Netaji Subhas Chandra Bose International Airport (CCU),301.29,Sabroom ICP,39.21
Uttar Krishnapur,South Tripura,271,272257,village,Agartala,60.22,ICD Amingaon,321.18,Kolkata Port (Syama Prasad Mookerjee Port) incl. Haldia Dock Complex,311.47,Netaji Subhas Chandra Bose International Airport (CCU),297.34,Sabroom ICP,40.56
Bardosh,South Tripura,271,272269,village,Agartala,62.64,ICD Amingaon,322.54,Kolkata Port (Syama Prasad Mookerjee Port) incl. Haldia Dock Complex,315.65,Netaji Subhas Chandra Bose International Airport (CCU),301.59,Sabroom ICP,35.5
Dakshin Krishnanagar,South Tripura,271,272258,village,Agartala,63.23,ICD Amingaon,323.93,Kolkata Port (Syama Prasad Mookerjee Port) incl. Haldia Dock Complex,312.06,Netaji Subhas Chandra Bose International Airport (CCU),298.01,Sabroom ICP,38.46
Prakashnagar,South Tripura,271,272270,village,Agartala,60.39,ICD Amingaon,320.22,Kolkata Port (Syama Prasad Mookerjee Port) incl. Haldia Dock Complex,316.32,Netaji Subhas Chandra Bose International Airport (CCU),302.2,Sabroom ICP,36.19
Rangamura,South Tripura,271,272256,village,Agartala,57.37,ICD Amingaon,318.39,Kolkata Port (Syama Prasad Mookerjee Port) incl. Haldia Dock Complex,311.85,Netaji Subhas Chandra Bose International Airport (CCU),297.64,Sabroom ICP,41.87
Rajnagar,South Tripura,271,272272,village,Agartala,58.71,ICD Amingaon,318.39,Kolkata Port (Syama Prasad Mookerjee Port) incl. Haldia Dock Complex,317.22,Netaji Subhas Chandra Bose International Airport (CCU),303.05,Sabroom ICP,36.48
Barpathari,South Tripura,271,272274,village,Agartala,54.33,ICD Amingaon,313.77,Kolkata Port (Syama Prasad Mookerjee Port) incl. Haldia Dock Complex,318.9,Netaji Subhas Chandra Bose International Airport (CCU),304.62,Sabroom ICP,38.19
Jaychandrapur,South Tripura,271,272273,village,Agartala,57.59,ICD Amingaon,316.93,Kolkata Port (Syama Prasad Mookerjee Port) incl. Haldia Dock Complex,318.61,Netaji Subhas Chandra Bose International Airport (CCU),304.42,Sabroom ICP,36.12
Lakshmipur,South Tripura,271,272281,village,Agartala,56.82,ICD Amingaon,315.52,Kolkata Port (Syama Prasad Mookerjee Port) incl. Haldia Dock Complex,320.8,Netaji Subhas Chandra Bose International Airport (CCU),306.59,Sabroom ICP,35.05
Abhoynagar,South Tripura,271,272301,village,Agartala,82.27,ICD Amingaon,337.53,Kolkata Port (Syama Prasad Mookerjee Port) incl. Haldia Dock Complex,328.54,Netaji Subhas Chandra Bose International Airport (CCU),315.01,Sabroom ICP,17.76
Madhabnagar,South Tripura,271,272408,village,Agartala,85.25,ICD Amingaon,340.4,Kolkata Port (Syama Prasad Mookerjee Port) incl. Haldia Dock Complex,328.8,Netaji Subhas Chandra Bose International Airport (CCU),315.35,Sabroom ICP,18.01
Badurpathar,Gomati,654,272251,village,Agartala,41.9,ICD Amingaon,300.9,Kolkata Port (Syama Prasad Mookerjee Port) incl. Haldia Dock Complex,322.57,Lokpriya Gopinath Bordoloi International Airport (GAU),292.15,Agartala ICP (Akhaura),46.04
Rani,Gomati,654,272250,village,Agartala,38.74,ICD Amingaon,297.78,Kolkata Port (Syama Prasad Mookerjee Port) incl. Haldia Dock Complex,323.1,Lokpriya Gopinath Bordoloi International Airport (GAU),289.01,Agartala ICP (Akhaura),42.88
Silighati,Gomati,654,272237,village,Agartala,33.21,ICD Amingaon,292.04,Kolkata Port (Syama Prasad Mookerjee Port) incl. Haldia Dock Complex,324.69,Lokpriya Gopinath Bordoloi International Airport (GAU),283.25,Agartala ICP (Akhaura),37.12
Bhabanipur,Sepahijala,653,272143,village,Agartala,55.14,ICD Amingaon,316.29,Kolkata Port (Syama Prasad Mookerjee Port) incl. Haldia Dock Complex,311.82,Netaji Subhas Chandra Bose International Airport (CCU),297.55,Sabroom ICP,43.28
Durlavpur,Sepahijala,653,272142,village,Agartala,54.03,ICD Amingaon,315.34,Kolkata Port (Syama Prasad Mookerjee Port) incl. Haldia Dock Complex,311.25,Netaji Subhas Chandra Bose International Airport (CCU),296.95,Sabroom ICP,44.51
Manaipathar,Sepahijala,653,272138,village,Agartala,51.35,ICD Amingaon,311.52,Kolkata Port (Syama Prasad Mookerjee Port) incl. Haldia Dock Complex,316.92,Netaji Subhas Chandra Bose International Airport (CCU),302.57,Sabroom ICP,41.81
Nidaya,Sepahijala,653,272141,village,Agartala,52.38,ICD Amingaon,313.24,Kolkata Port (Syama Prasad Mookerjee Port) incl. Haldia Dock Complex,313.88,Netaji Subhas Chandra Bose International Airport (CCU),299.54,Sabroom ICP,43.41
Kalikrishnanagar,Sepahijala,653,272140,village,Agartala,50.46,ICD Amingaon,312.0,Kolkata Port (Syama Prasad Mookerjee Port) incl. Haldia Dock Complex,310.97,Netaji Subhas Chandra Bose International Airport (CCU),296.57,Sabroom ICP,47.22
Himmatpur,Sepahijala,653,272139,village,Agartala,50.28,ICD Amingaon,310.98,Kolkata Port (Syama Prasad Mookerjee Port) incl. Haldia Dock Complex,315.05,Netaji Subhas Chandra Bose International Airport (CCU),300.66,Sabroom ICP,44.02
Birendranagar,Sepahijala,653,272137,village,Agartala,49.87,ICD Amingaon,310.05,Kolkata Port (Syama Prasad Mookerjee Port) incl. Haldia Dock Complex,317.21,Lokpriya Gopinath Bordoloi International Airport (GAU),301.23,Sabroom ICP,42.72
Nirbhoypur,Sepahijala,653,272133,village,Agartala,46.27,ICD Amingaon,307.91,Kolkata Port (Syama Prasad Mookerjee Port) incl. Haldia Dock Complex,311.66,Netaji Subhas Chandra Bose International Airport (CCU),297.16,Sabroom ICP,49.77
Maheshpur,Sepahijala,653,272134,village,Agartala,47.24,ICD Amingaon,308.41,Kolkata Port (Syama Prasad Mookerjee Port) incl. Haldia Dock Complex,313.83,Netaji Subhas Chandra Bose International Airport (CCU),299.36,Sabroom ICP,47.26
Birampur,Sepahijala,653,272132,village,Agartala,44.18,ICD Amingaon,305.71,Kolkata Port (Syama Prasad Mookerjee Port) incl. Haldia Dock Complex,312.92,Lokpriya Gopinath Bordoloi International Airport (GAU),296.72,Sabroom ICP,50.4
Kanthalia,Sepahijala,653,272135,village,Agartala,46.25,ICD Amingaon,306.95,Kolkata Port (Syama Prasad Mookerjee Port) incl. Haldia Dock Complex,316.09,Lokpriya Gopinath Bordoloi International Airport (GAU),298.07,Sabroom ICP,46.36
Jagatrampur,Sepahijala,653,272090,village,Agartala,46.49,ICD Amingaon,305.88,Kolkata Port (Syama Prasad Mookerjee Port) incl. Haldia Dock Complex,320.55,Lokpriya Gopinath Bordoloi International Airport (GAU),297.13,Sabroom ICP,43.28
Paharpur,Sepahijala,653,272131,village,Agartala,42.08,ICD Amingaon,303.73,Kolkata Port (Syama Prasad Mookerjee Port) incl. Haldia Dock Complex,312.93,Lokpriya Gopinath Bordoloi International Airport (GAU),294.71,Agartala ICP (Akhaura),49.09
Dakshin Taibandal,Sepahijala,653,272124,village,Agartala,42.72,ICD Amingaon,303.26,Kolkata Port (Syama Prasad Mookerjee Port) incl. Haldia Dock Complex,317.61,Lokpriya Gopinath Bordoloi International Airport (GAU),294.38,Sabroom ICP,48.24
Gamaichhara,Sepahijala,653,272125,village,Agartala,43.24,ICD Amingaon,302.61,Kolkata Port (Syama Prasad Mookerjee Port) incl. Haldia Dock Complex,321.28,Lokpriya Gopinath Bordoloi International Airport (GAU),293.84,Sabroom ICP,45.65
Dhanpur,Sepahijala,653,272130,village,Agartala,40.81,ICD Amingaon,302.64,Kolkata Port (Syama Prasad Mookerjee Port) incl. Haldia Dock Complex,312.34,Lokpriya Gopinath Bordoloi International Airport (GAU),293.59,Agartala ICP (Akhaura),48.14
Manarchak,Sepahijala,653,272129,village,Agartala,39.37,ICD Amingaon,301.15,Kolkata Port (Syama Prasad Mookerjee Port) incl. Haldia Dock Complex,313.07,Lokpriya Gopinath Bordoloi International Airport (GAU),292.11,Agartala ICP (Akhaura),46.65
Khedabari,Sepahijala,653,272122,village,Agartala,39.97,ICD Amingaon,300.74,Kolkata Port (Syama Prasad Mookerjee Port) incl. Haldia Dock Complex,317.47,Lokpriya Gopinath Bordoloi International Airport (GAU),291.83,Agartala ICP (Akhaura),45.84
Uttar Taibandal,Sepahijala,653,272123,village,Agartala,40.0,ICD Amingaon,299.78,Kolkata Port (Syama Prasad Mookerjee Port) incl. Haldia Dock Complex,320.76,Lokpriya Gopinath Bordoloi International Airport (GAU),290.96,Agartala ICP (Akhaura),44.83
Kalapania,Sepahijala,653,272128,village,Agartala,37.55,ICD Amingaon,299.46,Kolkata Port (Syama Prasad Mookerjee Port) incl. Haldia Dock Complex,312.92,Lokpriya Gopinath Bordoloi International Airport (GAU),290.39,Agartala ICP (Akhaura),45.11
Kamrangatali,Sepahijala,653,272116,village,Agartala,36.54,ICD Amingaon,295.97,Kolkata Port (Syama Prasad Mookerjee Port) incl. Haldia Dock Complex,322.52,Lokpriya Gopinath Bordoloi International Airport (GAU),287.16,Agartala ICP (Akhaura),41.03
Sobhapur,Sepahijala,653,272127,village,Agartala,36.48,ICD Amingaon,298.64,Kolkata Port (Syama Prasad Mookerjee Port) incl. Haldia Dock Complex,311.52,Lokpriya Gopinath Bordoloi International Airport (GAU),289.52,Agartala ICP (Akhaura),44.62
Urmai,Sepahijala,653,272120,village,Agartala,36.56,ICD Amingaon,298.1,Kolkata Port (Syama Prasad Mookerjee Port) incl. Haldia Dock Complex,315.28,Lokpriya Gopinath Bordoloi International Airport (GAU),289.09,Agartala ICP (Akhaura),43.49
Sonamura,Sepahijala,653,922872,village,Agartala,34.21,ICD Amingaon,296.43,Kolkata Port (Syama Prasad Mookerjee Port) incl. Haldia Dock Complex,311.88,Lokpriya Gopinath Bordoloi International Airport (GAU),287.29,Agartala ICP (Akhaura),42.59
Jharjharia,Sepahijala,653,272121,village,Agartala,36.1,ICD Amingaon,296.81,Kolkata Port (Syama Prasad Mookerjee Port) incl. Haldia Dock Complex,318.77,Lokpriya Gopinath Bordoloi International Airport (GAU),287.89,Agartala ICP (Akhaura),41.92
Telkajala,Sepahijala,653,272118,village,Agartala,34.83,ICD Amingaon,295.97,Kolkata Port (Syama Prasad Mookerjee Port) incl. Haldia Dock Complex,317.53,Lokpriya Gopinath Bordoloi International Airport (GAU),287.0,Agartala ICP (Akhaura),41.21
Chandul,Sepahijala,653,272117,village,Agartala,36.37,ICD Amingaon,296.49,Kolkata Port (Syama Prasad Mookerjee Port) incl. Haldia Dock Complex,320.59,Lokpriya Gopinath Bordoloi International Airport (GAU),287.63,Agartala ICP (Akhaura),41.54
Bejimara,Sepahijala,653,272144,village,Agartala,34.56,ICD Amingaon,296.56,Kolkata Port (Syama Prasad Mookerjee Port) incl. Haldia Dock Complex,313.46,Lokpriya Gopinath Bordoloi International Airport (GAU),287.47,Agartala ICP (Akhaura),42.36
Ghrantali,Sepahijala,653,272112,village,Agartala,33.68,ICD Amingaon,295.31,Kolkata Port (Syama Prasad Mookerjee Port) incl. Haldia Dock Complex,315.81,Lokpriya Gopinath Bordoloi International Airport (GAU),286.27,Agartala ICP (Akhaura),40.81
Melaghar,Sepahijala,653,272113,village,Agartala,32.74,ICD Amingaon,293.91,Kolkata Port (Syama Prasad Mookerjee Port) incl. Haldia Dock Complex,318.03,Lokpriya Gopinath Bordoloi International Airport (GAU),284.94,Agartala ICP (Akhaura),39.21
Chandigarh,Sepahijala,653,272126,village,Agartala,33.1,ICD Amingaon,293.55,Kolkata Port (Syama Prasad Mookerjee Port) incl. Haldia Dock Complex,320.4,Lokpriya Gopinath Bordoloi International Airport (GAU),284.65,Agartala ICP (Akhaura),38.66
Aralia,Sepahijala,653,272109,village,Agartala,31.88,ICD Amingaon,294.15,Kolkata Port (Syama Prasad Mookerjee Port) incl. Haldia Dock Complex,312.34,Lokpriya Gopinath Bordoloi International Airport (GAU),284.99,Agartala ICP (Akhaura),40.5
Bardowal,Sepahijala,653,272107,village,Agartala,30.81,ICD Amingaon,292.6,Kolkata Port (Syama Prasad Mookerjee Port) incl. Haldia Dock Complex,315.96,Lokpriya Gopinath Bordoloi International Airport (GAU),283.54,Agartala ICP (Akhaura),38.32
Mohanbhog,Sepahijala,653,272115,village,Agartala,32.46,ICD Amingaon,292.47,Kolkata Port (Syama Prasad Mookerjee Port) incl. Haldia Dock Complex,321.85,Lokpriya Gopinath Bordoloi International Airport (GAU),283.59,Agartala ICP (Akhaura),37.53
Rudijala,Sepahijala,653,272114,village,Agartala,31.01,ICD Amingaon,292.05,Kolkata Port (Syama Prasad Mookerjee Port) incl. Haldia Dock Complex,319.03,Lokpriya Gopinath Bordoloi International Airport (GAU),283.08,Agartala ICP (Akhaura),37.33
Kulubari,Sepahijala,653,272097,village,Agartala,30.82,ICD Amingaon,293.16,Kolkata Port (Syama Prasad Mookerjee Port) incl. Haldia Dock Complex,311.85,Lokpriya Gopinath Bordoloi International Airport (GAU),283.98,Agartala ICP (Akhaura),39.81
Khedabari,Sepahijala,653,272108,village,Agartala,31.09,ICD Amingaon,293.2,Kolkata Port (Syama Prasad Mookerjee Port) incl. Haldia Dock Complex,313.96,Lokpriya Gopinath Bordoloi International Airport (GAU),284.08,Agartala ICP (Akhaura),39.28
Durlavnarayan,Sepahijala,653,272106,village,Agartala,28.97,ICD Amingaon,290.79,Kolkata Port (Syama Prasad Mookerjee Port) incl. Haldia Dock Complex,316.5,Lokpriya Gopinath Bordoloi International Airport (GAU),281.72,Agartala ICP (Akhaura),36.59
Matinagar,Sepahijala,653,272096,village,Agartala,30.1,ICD Amingaon,292.51,Kolkata Port (Syama Prasad Mookerjee Port) incl. Haldia Dock Complex,309.54,Lokpriya Gopinath Bordoloi International Airport (GAU),283.24,Agartala ICP (Akhaura),40.04
Paschim Nalchar,Sepahijala,653,272104,village,Agartala,28.84,ICD Amingaon,289.44,Kolkata Port (Syama Prasad Mookerjee Port) incl. Haldia Dock Complex,321.09,Lokpriya Gopinath Bordoloi International Airport (GAU),280.5,Agartala ICP (Akhaura),34.64
Khas Chowmohani,Sepahijala,653,272105,village,Agartala,27.56,ICD Amingaon,289.13,Kolkata Port (Syama Prasad Mookerjee Port) incl. Haldia Dock Complex,318.11,Lokpriya Gopinath Bordoloi International Airport (GAU),280.09,Agartala ICP (Akhaura),34.78
Purba Nalchar,Sepahijala,653,272103,village,Agartala,29.56,ICD Amingaon,289.17,Kolkata Port (Syama Prasad Mookerjee Port) incl. Haldia Dock Complex,323.59,Lokpriya Gopinath Bordoloi International Airport (GAU),280.31,Agartala ICP (Akhaura),34.23
Dhanirampur,Sepahijala,653,272095,village,Agartala,27.33,ICD Amingaon,289.68,Kolkata Port (Syama Prasad Mookerjee Port) incl. Haldia Dock Complex,313.35,Lokpriya Gopinath Bordoloi International Airport (GAU),280.49,Agartala ICP (Akhaura),36.49
Kamalnagar,Sepahijala,653,272093,village,Agartala,27.14,ICD Amingaon,289.52,Kolkata Port (Syama Prasad Mookerjee Port) incl. Haldia Dock Complex,310.24,Lokpriya Gopinath Bordoloi International Airport (GAU),280.23,Agartala ICP (Akhaura),37.52
Taksapara,Sepahijala,653,272098,village,Agartala,26.06,ICD Amingaon,288.19,Kolkata Port (Syama Prasad Mookerjee Port) incl. Haldia Dock Complex,315.84,Lokpriya Gopinath Bordoloi International Airport (GAU),279.06,Agartala ICP (Akhaura),34.5
Anandapur,Sepahijala,653,272092,village,Agartala,25.84,ICD Amingaon,288.1,Kolkata Port (Syama Prasad Mookerjee Port) incl. Haldia Dock Complex,309.73,Lokpriya Gopinath Bordoloi International Airport (GAU),278.77,Agartala ICP (Akhaura),36.74
Purba Jumerdhepa,Sepahijala,653,272101,village,Agartala,26.03,ICD Amingaon,285.58,Kolkata Port (Syama Prasad Mookerjee Port) incl. Haldia Dock Complex,324.5,Lokpriya Gopinath Bordoloi International Airport (GAU),276.7,Agartala ICP (Akhaura),30.66
Kamalachhara,Sepahijala,653,272091,village,Agartala,24.41,ICD Amingaon,286.59,Kolkata Port (Syama Prasad Mookerjee Port) incl. Haldia Dock Complex,309.94,Lokpriya Gopinath Bordoloi International Airport (GAU),277.24,Agartala ICP (Akhaura),35.62
Jagatrampur,Sepahijala,653,272136,village,Agartala,22.66,ICD Amingaon,284.94,Kolkata Port (Syama Prasad Mookerjee Port) incl. Haldia Dock Complex,311.6,Lokpriya Gopinath Bordoloi International Airport (GAU),275.63,Agartala ICP (Akhaura),33.72
Ghilatali,Sepahijala,653,272089,village,Agartala,22.97,ICD Amingaon,285.0,Kolkata Port (Syama Prasad Mookerjee Port) incl. Haldia Dock Complex,309.97,Lokpriya Gopinath Bordoloi International Airport (GAU),275.63,Agartala ICP (Akhaura),34.6
Kalshimura,Sepahijala,653,272087,village,Agartala,23.3,ICD Amingaon,284.87,Kolkata Port (Syama Prasad Mookerjee Port) incl. Haldia Dock Complex,308.23,Lokpriya Gopinath Bordoloi International Airport (GAU),275.44,Agartala ICP (Akhaura),35.52
Boxanagar,Sepahijala,653,272086,village,Agartala,21.52,ICD Amingaon,282.56,Kolkata Port (Syama Prasad Mookerjee Port) incl. Haldia Dock Complex,308.2,Lokpriya Gopinath Bordoloi International Airport (GAU),273.09,Agartala ICP (Akhaura),34.35
Manikyanagar,Sepahijala,653,272088,village,Agartala,21.11,ICD Amingaon,283.02,Kolkata Port (Syama Prasad Mookerjee Port) incl. Haldia Dock Complex,310.61,Lokpriya Gopinath Bordoloi International Airport (GAU),273.64,Agartala ICP (Akhaura),33.08
Ashabari,Sepahijala,653,272085,village,Agartala,19.84,ICD Amingaon,281.18,Kolkata Port (Syama Prasad Mookerjee Port) incl. Haldia Dock Complex,309.9,Lokpriya Gopinath Bordoloi International Airport (GAU),271.74,Agartala ICP (Akhaura),32.56
Veluarchar,Sepahijala,653,272084,village,Agartala,18.27,ICD Amingaon,280.11,Kolkata Port (Syama Prasad Mookerjee Port) incl. Haldia Dock Complex,312.16,Lokpriya Gopinath Bordoloi International Airport (GAU),270.73,Agartala ICP (Akhaura),30.57
Putia,Sepahijala,653,272083,village,Agartala,17.42,ICD Amingaon,279.12,Kolkata Port (Syama Prasad Mookerjee Port) incl. Haldia Dock Complex,312.31,Lokpriya Gopinath Bordoloi International Airport (GAU),269.73,Agartala ICP (Akhaura),29.98
Rahimpur,Sepahijala,653,272082,village,Agartala,18.77,ICD Amingaon,279.24,Kolkata Port (Syama Prasad Mookerjee Port) incl. Haldia Dock Complex,309.27,Lokpriya Gopinath Bordoloi International Airport (GAU),269.75,Agartala ICP (Akhaura),32.17
Nabachandra Nagar,Sepahijala,653,272110,village,Agartala,34.26,ICD Amingaon,296.55,Kolkata Port (Syama Prasad Mookerjee Port) incl. Haldia Dock Complex,311.06,Lokpriya Gopinath Bordoloi International Airport (GAU),287.39,Agartala ICP (Akhaura),42.89
Chowmohani,Sepahijala,653,272099,village,Agartala,26.02,ICD Amingaon,287.33,Kolkata Port (Syama Prasad Mookerjee Port) incl. Haldia Dock Complex,319.62,Lokpriya Gopinath Bordoloi International Airport (GAU),278.31,Agartala ICP (Akhaura),32.87
Bagbassa,Sepahijala,653,272102,village,Agartala,27.57,ICD Amingaon,285.97,Kolkata Port (Syama Prasad Mookerjee Port) incl. Haldia Dock Complex,326.68,Lokpriya Gopinath Bordoloi International Airport (GAU),277.17,Agartala ICP (Akhaura),31.03
Paschim Jumerdhepa,Sepahijala,653,272100,village,Agartala,26.13,ICD Amingaon,286.51,Kolkata Port (Syama Prasad Mookerjee Port) incl. Haldia Dock Complex,322.44,Lokpriya Gopinath Bordoloi International Airport (GAU),277.57,Agartala ICP (Akhaura),31.7
Bijoynagar,Sepahijala,653,272094,village,Agartala,24.67,ICD Amingaon,287.09,Kolkata Port (Syama Prasad Mookerjee Port) incl. Haldia Dock Complex,313.06,Lokpriya Gopinath Bordoloi International Airport (GAU),277.85,Agartala ICP (Akhaura),34.57
Banshibari,Sepahijala,653,272066,village,Agartala,20.26,ICD Amingaon,282.59,Kolkata Port (Syama Prasad Mookerjee Port) incl. Haldia Dock Complex,313.22,Lokpriya Gopinath Bordoloi International Airport (GAU),273.28,Agartala ICP (Akhaura),31.38
Banstali,Sepahijala,653,272073,village,Agartala,21.43,ICD Amingaon,282.46,Kolkata Port (Syama Prasad Mookerjee Port) incl. Haldia Dock Complex,321.95,Lokpriya Gopinath Bordoloi International Airport (GAU),273.45,Agartala ICP (Akhaura),28.05
Dakshin Charilam,Sepahijala,653,272072,village,Agartala,17.9,ICD Amingaon,279.39,Kolkata Port (Syama Prasad Mookerjee Port) incl. Haldia Dock Complex,321.69,Lokpriya Gopinath Bordoloi International Airport (GAU),270.32,Agartala ICP (Akhaura),25.49
Dhariathal,Sepahijala,653,272069,village,Agartala,19.57,ICD Amingaon,281.67,Kolkata Port (Syama Prasad Mookerjee Port) incl. Haldia Dock Complex,318.59,Lokpriya Gopinath Bordoloi International Airport (GAU),272.53,Agartala ICP (Akhaura),28.35
Gajaria,Sepahijala,653,272065,village,Agartala,16.58,ICD Amingaon,278.76,Kolkata Port (Syama Prasad Mookerjee Port) incl. Haldia Dock Complex,314.36,Lokpriya Gopinath Bordoloi International Airport (GAU),269.43,Agartala ICP (Akhaura),28.49
Ghaniamara,Sepahijala,653,272055,village,Agartala,12.85,ICD Amingaon,275.26,Kolkata Port (Syama Prasad Mookerjee Port) incl. Haldia Dock Complex,318.07,Lokpriya Gopinath Bordoloi International Airport (GAU),266.0,Agartala ICP (Akhaura),24.34
Kaiyadhepa,Sepahijala,653,272052,village,Agartala,13.48,ICD Amingaon,274.87,Kolkata Port (Syama Prasad Mookerjee Port) incl. Haldia Dock Complex,314.31,Lokpriya Gopinath Bordoloi International Airport (GAU),265.47,Agartala ICP (Akhaura),26.77
Kamalasagar,Sepahijala,653,272047,village,Agartala,12.54,ICD Amingaon,270.12,Kolkata Port (Syama Prasad Mookerjee Port) incl. Haldia Dock Complex,312.84,Lokpriya Gopinath Bordoloi International Airport (GAU),260.58,Agartala ICP (Akhaura),27.08
Debipur,Sepahijala,653,272048,village,Agartala,10.23,ICD Amingaon,269.62,Kolkata Port (Syama Prasad Mookerjee Port) incl. Haldia Dock Complex,315.33,Lokpriya Gopinath Bordoloi International Airport (GAU),260.16,Agartala ICP (Akhaura),24.65
Konaban,Sepahijala,653,272050,village,Agartala,12.78,ICD Amingaon,272.76,Kolkata Port (Syama Prasad Mookerjee Port) incl. Haldia Dock Complex,313.42,Lokpriya Gopinath Bordoloi International Airport (GAU),263.29,Agartala ICP (Akhaura),26.88
Krishna Kishore Nagar,Sepahijala,653,272064,village,Agartala,15.1,ICD Amingaon,277.51,Kolkata Port (Syama Prasad Mookerjee Port) incl. Haldia Dock Complex,317.31,Lokpriya Gopinath Bordoloi International Airport (GAU),268.27,Agartala ICP (Akhaura),26.06
Madhupur,Sepahijala,653,272051,village,Agartala,9.37,ICD Amingaon,270.26,Kolkata Port (Syama Prasad Mookerjee Port) incl. Haldia Dock Complex,316.79,Lokpriya Gopinath Bordoloi International Airport (GAU),260.87,Agartala ICP (Akhaura),23.43
Nehal Chandra Nagar,Sepahijala,653,272053,village,Agartala,9.55,ICD Amingaon,271.64,Kolkata Port (Syama Prasad Mookerjee Port) incl. Haldia Dock Complex,318.33,Lokpriya Gopinath Bordoloi International Airport (GAU),262.32,Agartala ICP (Akhaura),22.54
Padmanagar,Sepahijala,653,272074,village,Agartala,23.63,ICD Amingaon,283.52,Kolkata Port (Syama Prasad Mookerjee Port) incl. Haldia Dock Complex,324.28,Lokpriya Gopinath Bordoloi International Airport (GAU),274.61,Agartala ICP (Akhaura),28.68
Purathal Rajnagar,Sepahijala,653,272054,village,Agartala,13.65,ICD Amingaon,275.67,Kolkata Port (Syama Prasad Mookerjee Port) incl. Haldia Dock Complex,315.55,Lokpriya Gopinath Bordoloi International Airport (GAU),266.33,Agartala ICP (Akhaura),26.19
Radhanagar,Sepahijala,653,272049,village,Agartala,14.5,ICD Amingaon,273.18,Kolkata Port (Syama Prasad Mookerjee Port) incl. Haldia Dock Complex,311.32,Lokpriya Gopinath Bordoloi International Airport (GAU),263.65,Agartala ICP (Akhaura),28.81
Ramnagar,Sepahijala,653,272070,village,Agartala,22.23,ICD Amingaon,284.43,Kolkata Port (Syama Prasad Mookerjee Port) incl. Haldia Dock Complex,316.88,Lokpriya Gopinath Bordoloi International Airport (GAU),275.28,Agartala ICP (Akhaura),31.11
Rangamala,Sepahijala,653,272071,village,Agartala,21.72,ICD Amingaon,283.48,Kolkata Port (Syama Prasad Mookerjee Port) incl. Haldia Dock Complex,319.38,Lokpriya Gopinath Bordoloi International Airport (GAU),274.4,Agartala ICP (Akhaura),29.56
Rangapania,Sepahijala,653,272067,village,Agartala,19.66,ICD Amingaon,282.08,Kolkata Port (Syama Prasad Mookerjee Port) incl. Haldia Dock Complex,315.1,Lokpriya Gopinath Bordoloi International Airport (GAU),272.83,Agartala ICP (Akhaura),30.11
Sutarmura,Sepahijala,653,272068,village,Agartala,21.26,ICD Amingaon,283.64,Kolkata Port (Syama Prasad Mookerjee Port) incl. Haldia Dock Complex,315.5,Lokpriya Gopinath Bordoloi International Airport (GAU),274.43,Agartala ICP (Akhaura),31.03
Bishalgarh,Sepahijala,653,272056,village,Agartala,11.82,ICD Amingaon,274.1,Kolkata Port (Syama Prasad Mookerjee Port) incl. Haldia Dock Complex,320.81,Lokpriya Gopinath Bordoloi International Airport (GAU),264.91,Agartala ICP (Akhaura),22.08
Laxmibil,Sepahijala,653,272058,village,Agartala,11.45,ICD Amingaon,273.28,Kolkata Port (Syama Prasad Mookerjee Port) incl. Haldia Dock Complex,322.81,Lokpriya Gopinath Bordoloi International Airport (GAU),264.16,Agartala ICP (Akhaura),20.51
Brajapur,Sepahijala,653,272063,village,Agartala,16.82,ICD Amingaon,279.13,Kolkata Port (Syama Prasad Mookerjee Port) incl. Haldia Dock Complex,318.34,Lokpriya Gopinath Bordoloi International Airport (GAU),269.95,Agartala ICP (Akhaura),26.59
Chhaimaroa,Gomati,654,272151,village,Jirania,20.54,ICD Amingaon,274.17,Kolkata Port (Syama Prasad Mookerjee Port) incl. Haldia Dock Complex,343.14,Lokpriya Gopinath Bordoloi International Airport (GAU),265.78,Srimantapur ICP,23.27
Kachigang RF,Gomati,654,272146,village,Jirania,23.22,ICD Amingaon,278.51,Kolkata Port (Syama Prasad Mookerjee Port) incl. Haldia Dock Complex,338.71,Lokpriya Gopinath Bordoloi International Airport (GAU),270.02,Agartala ICP (Akhaura),25.75
Amtali,Sepahijala,653,272075,village,Agartala,21.33,ICD Amingaon,281.45,Kolkata Port (Syama Prasad Mookerjee Port) incl. Haldia Dock Complex,324.32,Lokpriya Gopinath Bordoloi International Airport (GAU),272.5,Agartala ICP (Akhaura),26.71
Barjala,Sepahijala,653,272076,village,Agartala,19.26,ICD Amingaon,279.58,Kolkata Port (Syama Prasad Mookerjee Port) incl. Haldia Dock Complex,324.37,Lokpriya Gopinath Bordoloi International Airport (GAU),270.61,Agartala ICP (Akhaura),25.0
Golaghati,Sepahijala,653,272060,village,Agartala,15.46,ICD Amingaon,274.16,Kolkata Port (Syama Prasad Mookerjee Port) incl. Haldia Dock Complex,328.16,Lokpriya Gopinath Bordoloi International Airport (GAU),265.23,Agartala ICP (Akhaura),19.42
Uttar Charilam,Sepahijala,653,272062,village,Agartala,14.77,ICD Amingaon,276.26,Kolkata Port (Syama Prasad Mookerjee Port) incl. Haldia Dock Complex,322.71,Lokpriya Gopinath Bordoloi International Airport (GAU),267.18,Agartala ICP (Akhaura),22.67
Amarendra Nagar,Sepahijala,653,272045,village,Jirania,20.48,ICD Amingaon,277.24,Kolkata Port (Syama Prasad Mookerjee Port) incl. Haldia Dock Complex,331.44,Lokpriya Gopinath Bordoloi International Airport (GAU),268.48,Agartala ICP (Akhaura),22.4
Bamnichhara,Sepahijala,653,272032,village,Jogendranagar,14.09,ICD Amingaon,270.61,Kolkata Port (Syama Prasad Mookerjee Port) incl. Haldia Dock Complex,331.65,Lokpriya Gopinath Bordoloi International Airport (GAU),261.75,Agartala ICP (Akhaura),15.68
Burmabari,Sepahijala,653,272037,village,Teliamura,13.36,ICD Amingaon,263.39,Kolkata Port (Syama Prasad Mookerjee Port) incl. Haldia Dock Complex,348.39,Lokpriya Gopinath Bordoloi International Airport (GAU),255.04,Srimantapur ICP,15.84
Chhaygharia,Sepahijala,653,923606,village,Jirania,18.33,ICD Amingaon,271.5,Kolkata Port (Syama Prasad Mookerjee Port) incl. Haldia Dock Complex,344.24,Lokpriya Gopinath Bordoloi International Airport (GAU),263.11,Srimantapur ICP,21.05
Hirapur,Sepahijala,653,272044,village,Agartala,18.93,ICD Amingaon,276.55,Kolkata Port (Syama Prasad Mookerjee Port) incl. Haldia Dock Complex,329.34,Lokpriya Gopinath Bordoloi International Airport (GAU),267.7,Agartala ICP (Akhaura),21.6
Jampuijala,Sepahijala,653,272040,village,Jirania,13.47,ICD Amingaon,269.78,Kolkata Port (Syama Prasad Mookerjee Port) incl. Haldia Dock Complex,338.04,Lokpriya Gopinath Bordoloi International Airport (GAU),261.15,Agartala ICP (Akhaura),15.89
Kalabaria,Sepahijala,653,272039,village,Jirania,15.18,ICD Amingaon,270.43,Kolkata Port (Syama Prasad Mookerjee Port) incl. Haldia Dock Complex,340.67,Lokpriya Gopinath Bordoloi International Airport (GAU),261.9,Agartala ICP (Akhaura),17.82
Kendraichhara,Sepahijala,653,272041,village,Jirania,15.8,ICD Amingaon,272.07,Kolkata Port (Syama Prasad Mookerjee Port) incl. Haldia Dock Complex,337.49,Lokpriya Gopinath Bordoloi International Airport (GAU),263.44,Agartala ICP (Akhaura),18.2
Killabari,Sepahijala,653,272038,village,Jirania,15.05,ICD Amingaon,267.35,Kolkata Port (Syama Prasad Mookerjee Port) incl. Haldia Dock Complex,345.79,Lokpriya Gopinath Bordoloi International Airport (GAU),258.96,Srimantapur ICP,17.7
Latiachhara,Sepahijala,653,272061,village,Agartala,17.14,ICD Amingaon,276.93,Kolkata Port (Syama Prasad Mookerjee Port) incl. Haldia Dock Complex,325.98,Lokpriya Gopinath Bordoloi International Airport (GAU),267.97,Agartala ICP (Akhaura),22.31
Madhya Ghaniamura,Sepahijala,653,272043,village,Jirania,16.66,ICD Amingaon,273.36,Kolkata Port (Syama Prasad Mookerjee Port) incl. Haldia Dock Complex,331.92,Lokpriya Gopinath Bordoloi International Airport (GAU),264.56,Agartala ICP (Akhaura),18.43
Madhya Pathalia,Sepahijala,653,272079,village,Jirania,24.02,ICD Amingaon,280.79,Kolkata Port (Syama Prasad Mookerjee Port) incl. Haldia Dock Complex,330.31,Lokpriya Gopinath Bordoloi International Airport (GAU),272.04,Agartala ICP (Akhaura),25.96
Mohanpur,Sepahijala,653,272029,village,Agartala,12.4,ICD Amingaon,271.39,Kolkata Port (Syama Prasad Mookerjee Port) incl. Haldia Dock Complex,328.16,Lokpriya Gopinath Bordoloi International Airport (GAU),262.42,Agartala ICP (Akhaura),16.98
Paschim Takarjala,Sepahijala,653,272034,village,Jirania,11.68,ICD Amingaon,268.44,Kolkata Port (Syama Prasad Mookerjee Port) incl. Haldia Dock Complex,335.1,Lokpriya Gopinath Bordoloi International Airport (GAU),259.68,Agartala ICP (Akhaura),13.61
Pathaliaghat,Sepahijala,653,272078,village,Agartala,22.99,ICD Amingaon,281.38,Kolkata Port (Syama Prasad Mookerjee Port) incl. Haldia Dock Complex,327.48,Lokpriya Gopinath Bordoloi International Airport (GAU),272.54,Agartala ICP (Akhaura),26.42
Pekuarjala,Sepahijala,653,272030,village,Jogendranagar,13.63,ICD Amingaon,270.96,Kolkata Port (Syama Prasad Mookerjee Port) incl. Haldia Dock Complex,330.39,Lokpriya Gopinath Bordoloi International Airport (GAU),262.07,Agartala ICP (Akhaura),16.14
Prabhapur,Sepahijala,653,272028,village,Jogendranagar,9.48,ICD Amingaon,267.89,Kolkata Port (Syama Prasad Mookerjee Port) incl. Haldia Dock Complex,329.33,Lokpriya Gopinath Bordoloi International Airport (GAU),258.91,Agartala ICP (Akhaura),13.81
Pramodenagar,Sepahijala,653,272077,village,Agartala,20.3,ICD Amingaon,278.85,Kolkata Port (Syama Prasad Mookerjee Port) incl. Haldia Dock Complex,327.64,Lokpriya Gopinath Bordoloi International Airport (GAU),269.98,Agartala ICP (Akhaura),23.92
Ratanpur,Sepahijala,653,272031,village,Jirania,9.47,ICD Amingaon,266.18,Kolkata Port (Syama Prasad Mookerjee Port) incl. Haldia Dock Complex,335.58,Lokpriya Gopinath Bordoloi International Airport (GAU),257.4,Agartala ICP (Akhaura),11.3
Shyamnagar,Sepahijala,653,272033,village,Jirania,13.79,ICD Amingaon,270.37,Kolkata Port (Syama Prasad Mookerjee Port) incl. Haldia Dock Complex,332.49,Lokpriya Gopinath Bordoloi International Airport (GAU),261.54,Agartala ICP (Akhaura),15.41
Thelakum,Sepahijala,653,923605,village,Jirania,17.54,ICD Amingaon,272.38,Kolkata Port (Syama Prasad Mookerjee Port) incl. Haldia Dock Complex,341.12,Lokpriya Gopinath Bordoloi International Airport (GAU),263.89,Agartala ICP (Akhaura),20.2
Ujan Ghaniamura,Sepahijala,653,272042,village,Jirania,16.86,ICD Amingaon,273.56,Kolkata Port (Syama Prasad Mookerjee Port) incl. Haldia Dock Complex,334.56,Lokpriya Gopinath Bordoloi International Airport (GAU),264.85,Agartala ICP (Akhaura),18.98
Ujan Pathalia,Sepahijala,653,272046,village,Jirania,20.91,ICD Amingaon,277.56,Kolkata Port (Syama Prasad Mookerjee Port) incl. Haldia Dock Complex,333.45,Lokpriya Gopinath Bordoloi International Airport (GAU),268.88,Agartala ICP (Akhaura),23.04
Dakshin Champamura,Sepahijala,653,272057,village,Agartala,7.83,ICD Amingaon,269.84,Kolkata Port (Syama Prasad Mookerjee Port) incl. Haldia Dock Complex,323.6,Lokpriya Gopinath Bordoloi International Airport (GAU),260.68,Agartala ICP (Akhaura),18.04
Gakulnagar,Sepahijala,653,272081,village,Agartala,9.14,ICD Amingaon,271.56,Kolkata Port (Syama Prasad Mookerjee Port) incl. Haldia Dock Complex,320.7,Lokpriya Gopinath Bordoloi International Airport (GAU),262.32,Agartala ICP (Akhaura),20.79
Gopinagar,Sepahijala,653,272059,village,Agartala,10.84,ICD Amingaon,271.7,Kolkata Port (Syama Prasad Mookerjee Port) incl. Haldia Dock Complex,325.37,Lokpriya Gopinath Bordoloi International Airport (GAU),262.64,Agartala ICP (Akhaura),18.23
Bikramnagar,West Tripura,272,272020,village,Agartala,6.47,ICD Amingaon,268.89,Kolkata Port (Syama Prasad Mookerjee Port) incl. Haldia Dock Complex,322.09,Lokpriya Gopinath Bordoloi International Airport (GAU),259.65,Agartala ICP (Akhaura),18.68
Kanchanmala,West Tripura,272,272021,village,Agartala,7.1,ICD Amingaon,268.44,Kolkata Port (Syama Prasad Mookerjee Port) incl. Haldia Dock Complex,325.4,Lokpriya Gopinath Bordoloi International Airport (GAU),259.32,Agartala ICP (Akhaura),16.18
Pandavpur,West Tripura,272,272019,village,Agartala,6.28,ICD Amingaon,267.92,Kolkata Port (Syama Prasad Mookerjee Port) incl. Haldia Dock Complex,319.82,Lokpriya Gopinath Bordoloi International Airport (GAU),258.59,Agartala ICP (Akhaura),20.3
Srinagar,West Tripura,272,272022,village,Jogendranagar,7.07,ICD Amingaon,264.9,Kolkata Port (Syama Prasad Mookerjee Port) incl. Haldia Dock Complex,330.76,Lokpriya Gopinath Bordoloi International Airport (GAU),255.92,Agartala ICP (Akhaura),11.06
Madhupur,West Tripura,272,922858,village,Agartala,3.36,ICD Amingaon,265.58,Kolkata Port (Syama Prasad Mookerjee Port) incl. Haldia Dock Complex,322.68,Lokpriya Gopinath Bordoloi International Airport (GAU),256.3,Agartala ICP (Akhaura),17.34
Madhuban,West Tripura,272,272027,village,Agartala,3.33,ICD Amingaon,264.93,Kolkata Port (Syama Prasad Mookerjee Port) incl. Haldia Dock Complex,325.87,Lokpriya Gopinath Bordoloi International Airport (GAU),255.77,Agartala ICP (Akhaura),14.41
Ishanchandra Nagar,West Tripura,272,272018,village,Agartala,4.07,ICD Amingaon,264.48,Kolkata Port (Syama Prasad Mookerjee Port) incl. Haldia Dock Complex,321.28,Lokpriya Gopinath Bordoloi International Airport (GAU),255.14,Agartala ICP (Akhaura),18.63
Dukli,West Tripura,272,272025,village,Agartala,1.73,ICD Amingaon,262.25,Kolkata Port (Syama Prasad Mookerjee Port) incl. Haldia Dock Complex,326.9,Lokpriya Gopinath Bordoloi International Airport (GAU),253.07,Agartala ICP (Akhaura),13.02
Pratapgarh,West Tripura,272,922857,village,Agartala,2.31,ICD Amingaon,260.11,Kolkata Port (Syama Prasad Mookerjee Port) incl. Haldia Dock Complex,326.74,Lokpriya Gopinath Bordoloi International Airport (GAU),250.89,Agartala ICP (Akhaura),13.31
Agartala Sheet No-16,West Tripura,272,922847,village,Jogendranagar,3.26,ICD Amingaon,259.16,Kolkata Port (Syama Prasad Mookerjee Port) incl. Haldia Dock Complex,326.81,Lokpriya Gopinath Bordoloi International Airport (GAU),249.92,Agartala ICP (Akhaura),13.44
Charipara,West Tripura,272,272023,village,Agartala,3.75,ICD Amingaon,261.74,Kolkata Port (Syama Prasad Mookerjee Port) incl. Haldia Dock Complex,322.63,Lokpriya Gopinath Bordoloi International Airport (GAU),252.39,Agartala ICP (Akhaura),17.48
Agartala Sheet No-17,West Tripura,272,922848,village,Jogendranagar,2.93,ICD Amingaon,258.96,Kolkata Port (Syama Prasad Mookerjee Port) incl. Haldia Dock Complex,327.25,Lokpriya Gopinath Bordoloi International Airport (GAU),249.73,Agartala ICP (Akhaura),13.01
Howrah,West Tripura,272,922856,village,Agartala,3.16,ICD Amingaon,259.39,Kolkata Port (Syama Prasad Mookerjee Port) incl. Haldia Dock Complex,326.24,Lokpriya Gopinath Bordoloi International Airport (GAU),250.13,Agartala ICP (Akhaura),14.03
Agartala Sheet No-18,West Tripura,272,922849,village,Jogendranagar,2.46,ICD Amingaon,258.94,Kolkata Port (Syama Prasad Mookerjee Port) incl. Haldia Dock Complex,327.68,Lokpriya Gopinath Bordoloi International Airport (GAU),249.73,Agartala ICP (Akhaura),12.53
Badharghat,West Tripura,272,272017,village,Agartala,1.74,ICD Amingaon,261.37,Kolkata Port (Syama Prasad Mookerjee Port) incl. Haldia Dock Complex,324.75,Lokpriya Gopinath Bordoloi International Airport (GAU),252.09,Agartala ICP (Akhaura),15.25
Agartala Sheet No-24,West Tripura,272,922879,village,Jogendranagar,2.08,ICD Amingaon,258.54,Kolkata Port (Syama Prasad Mookerjee Port) incl. Haldia Dock Complex,328.46,Lokpriya Gopinath Bordoloi International Airport (GAU),249.34,Agartala ICP (Akhaura),11.77
Agartala Sheet No-19,West Tripura,272,922860,village,Jogendranagar,2.9,ICD Amingaon,258.27,Kolkata Port (Syama Prasad Mookerjee Port) incl. Haldia Dock Complex,327.92,Lokpriya Gopinath Bordoloi International Airport (GAU),249.05,Agartala ICP (Akhaura),12.46
Agartala Sheet No-15,West Tripura,272,922846,village,Jogendranagar,3.35,ICD Amingaon,258.45,Kolkata Port (Syama Prasad Mookerjee Port) incl. Haldia Dock Complex,327.31,Lokpriya Gopinath Bordoloi International Airport (GAU),249.21,Agartala ICP (Akhaura),13.09
Agartala Sheet No-23,West Tripura,272,922878,village,Jogendranagar,2.22,ICD Amingaon,258.03,Kolkata Port (Syama Prasad Mookerjee Port) incl. Haldia Dock Complex,329.01,Lokpriya Gopinath Bordoloi International Airport (GAU),248.85,Agartala ICP (Akhaura),11.3
Agartala Sheet No-6,West Tripura,272,922855,village,Agartala,4.07,ICD Amingaon,258.49,Kolkata Port (Syama Prasad Mookerjee Port) incl. Haldia Dock Complex,326.6,Lokpriya Gopinath Bordoloi International Airport (GAU),249.22,Agartala ICP (Akhaura),13.89
Agartala Sheet No-5,West Tripura,272,922854,village,Agartala,4.33,ICD Amingaon,258.48,Kolkata Port (Syama Prasad Mookerjee Port) incl. Haldia Dock Complex,326.0,Lokpriya Gopinath Bordoloi International Airport (GAU),249.19,Agartala ICP (Akhaura),14.6
Agartala Sheet No-20,West Tripura,272,922850,village,Jogendranagar,2.58,ICD Amingaon,257.9,Kolkata Port (Syama Prasad Mookerjee Port) incl. Haldia Dock Complex,328.73,Lokpriya Gopinath Bordoloi International Airport (GAU),248.7,Agartala ICP (Akhaura),11.66
Agartala Sheet No-14,West Tripura,272,922845,village,Jogendranagar,3.43,ICD Amingaon,257.89,Kolkata Port (Syama Prasad Mookerjee Port) incl. Haldia Dock Complex,327.81,Lokpriya Gopinath Bordoloi International Airport (GAU),248.65,Agartala ICP (Akhaura),12.73
Agartala Sheet No-4,West Tripura,272,922853,village,Agartala,4.79,ICD Amingaon,258.21,Kolkata Port (Syama Prasad Mookerjee Port) incl. Haldia Dock Complex,325.73,Lokpriya Gopinath Bordoloi International Airport (GAU),248.91,Agartala ICP (Akhaura),15.01
Agartala Sheet No-7,West Tripura,272,922842,village,Jogendranagar,4.36,ICD Amingaon,257.89,Kolkata Port (Syama Prasad Mookerjee Port) incl. Haldia Dock Complex,326.91,Lokpriya Gopinath Bordoloi International Airport (GAU),248.62,Agartala ICP (Akhaura),13.77
Agartala Sheet No-3,West Tripura,272,922840,village,Agartala,4.82,ICD Amingaon,257.97,Kolkata Port (Syama Prasad Mookerjee Port) incl. Haldia Dock Complex,326.23,Lokpriya Gopinath Bordoloi International Airport (GAU),248.68,Agartala ICP (Akhaura),14.53
Agartala Sheet No-21,West Tripura,272,922851,village,Jogendranagar,3.07,ICD Amingaon,257.31,Kolkata Port (Syama Prasad Mookerjee Port) incl. Haldia Dock Complex,329.01,Lokpriya Gopinath Bordoloi International Airport (GAU),248.11,Agartala ICP (Akhaura),11.56
Agartala Sheet No-13,West Tripura,272,922844,village,Jogendranagar,3.84,ICD Amingaon,257.3,Kolkata Port (Syama Prasad Mookerjee Port) incl. Haldia Dock Complex,328.07,Lokpriya Gopinath Bordoloi International Airport (GAU),248.07,Agartala ICP (Akhaura),12.65
Agartala Sheet No-8,West Tripura,272,922843,village,Jogendranagar,4.63,ICD Amingaon,257.34,Kolkata Port (Syama Prasad Mookerjee Port) incl. Haldia Dock Complex,327.22,Lokpriya Gopinath Bordoloi International Airport (GAU),248.07,Agartala ICP (Akhaura),13.64
Agartala Sheet No-2,West Tripura,272,922841,village,Agartala,5.41,ICD Amingaon,257.42,Kolkata Port (Syama Prasad Mookerjee Port) incl. Haldia Dock Complex,326.34,Lokpriya Gopinath Bordoloi International Airport (GAU),248.13,Agartala ICP (Akhaura),14.64
Agartala Sheet No-12,West Tripura,272,922838,village,Jogendranagar,4.05,ICD Amingaon,256.79,Kolkata Port (Syama Prasad Mookerjee Port) incl. Haldia Dock Complex,328.54,Lokpriya Gopinath Bordoloi International Airport (GAU),247.56,Agartala ICP (Akhaura),12.34
Agartala Sheet No-9,West Tripura,272,922836,village,Jogendranagar,4.87,ICD Amingaon,256.81,Kolkata Port (Syama Prasad Mookerjee Port) incl. Haldia Dock Complex,327.56,Lokpriya Gopinath Bordoloi International Airport (GAU),247.55,Agartala ICP (Akhaura),13.48
Agartala Sheet No-1,West Tripura,272,922839,village,Jogendranagar,5.74,ICD Amingaon,256.78,Kolkata Port (Syama Prasad Mookerjee Port) incl. Haldia Dock Complex,326.73,Lokpriya Gopinath Bordoloi International Airport (GAU),247.48,Agartala ICP (Akhaura),14.5
Agartala Sheet No-11,West Tripura,272,922832,village,Jogendranagar,4.69,ICD Amingaon,256.1,Kolkata Port (Syama Prasad Mookerjee Port) incl. Haldia Dock Complex,328.77,Lokpriya Gopinath Bordoloi International Airport (GAU),246.87,Agartala ICP (Akhaura),12.41
Agartala Sheet No-10,West Tripura,272,923541,village,Jogendranagar,5.25,ICD Amingaon,256.23,Kolkata Port (Syama Prasad Mookerjee Port) incl. Haldia Dock Complex,327.89,Lokpriya Gopinath Bordoloi International Airport (GAU),246.96,Agartala ICP (Akhaura),13.4
Ramnagar,West Tripura,272,271856,village,Agartala,5.6,ICD Amingaon,257.69,Kolkata Port (Syama Prasad Mookerjee Port) incl. Haldia Dock Complex,325.43,Lokpriya Gopinath Bordoloi International Airport (GAU),248.37,Agartala ICP (Akhaura),15.59
Kunjaban,West Tripura,272,271858,village,Jogendranagar,6.54,ICD Amingaon,253.8,Kolkata Port (Syama Prasad Mookerjee Port) incl. Haldia Dock Complex,330.3,Lokpriya Gopinath Bordoloi International Airport (GAU),244.58,Agartala ICP (Akhaura),12.06
Purba Takarjala,Sepahijala,653,272035,village,Jirania,11.36,ICD Amingaon,267.82,Kolkata Port (Syama Prasad Mookerjee Port) incl. Haldia Dock Complex,338.13,Lokpriya Gopinath Bordoloi International Airport (GAU),259.16,Agartala ICP (Akhaura),13.75
Sankumbari,Sepahijala,653,272036,village,Jirania,11.93,ICD Amingaon,266.3,Kolkata Port (Syama Prasad Mookerjee Port) incl. Haldia Dock Complex,342.98,Lokpriya Gopinath Bordoloi International Airport (GAU),257.79,Srimantapur ICP,14.65
Anandanagar,West Tripura,272,272024,village,Jogendranagar,2.18,ICD Amingaon,261.36,Kolkata Port (Syama Prasad Mookerjee Port) incl. Haldia Dock Complex,329.66,Lokpriya Gopinath Bordoloi International Airport (GAU),252.26,Agartala ICP (Akhaura),10.34
Jogendranagar,West Tripura,272,922859,village,Jogendranagar,0.83,ICD Amingaon,259.01,Kolkata Port (Syama Prasad Mookerjee Port) incl. Haldia Dock Complex,329.69,Lokpriya Gopinath Bordoloi International Airport (GAU),249.88,Agartala ICP (Akhaura),10.31
Agartala Sheet No-22,West Tripura,272,922852,village,Jogendranagar,2.66,ICD Amingaon,257.33,Kolkata Port (Syama Prasad Mookerjee Port) incl. Haldia Dock Complex,329.72,Lokpriya Gopinath Bordoloi International Airport (GAU),248.16,Agartala ICP (Akhaura),10.72
Barjala,West Tripura,272,922830,village,Jogendranagar,7.38,ICD Amingaon,253.96,Kolkata Port (Syama Prasad Mookerjee Port) incl. Haldia Dock Complex,328.62,Lokpriya Gopinath Bordoloi International Airport (GAU),244.67,Agartala ICP (Akhaura),13.97
Indranagar,West Tripura,272,922833,village,Jogendranagar,4.92,ICD Amingaon,255.02,Kolkata Port (Syama Prasad Mookerjee Port) incl. Haldia Dock Complex,330.86,Lokpriya Gopinath Bordoloi International Airport (GAU),245.84,Agartala ICP (Akhaura),10.55
Baikunthapur,West Tripura,272,271875,village,Jirania,18.79,ICD Amingaon,237.99,Kolkata Port (Syama Prasad Mookerjee Port) incl. Haldia Dock Complex,350.02,Lokpriya Gopinath Bordoloi International Airport (GAU),229.24,Srimantapur ICP,16.48
Balurband,West Tripura,272,271873,village,Jirania,21.64,ICD Amingaon,235.14,Kolkata Port (Syama Prasad Mookerjee Port) incl. Haldia Dock Complex,351.33,Lokpriya Gopinath Bordoloi International Airport (GAU),226.39,Srimantapur ICP,19.31
Bamutia,West Tripura,272,271852,village,Jogendranagar,16.01,ICD Amingaon,244.59,Kolkata Port (Syama Prasad Mookerjee Port) incl. Haldia Dock Complex,333.58,Lokpriya Gopinath Bordoloi International Airport (GAU),235.3,Agartala ICP (Akhaura),17.56
Bijoynagar,West Tripura,272,271848,village,Jirania,19.81,ICD Amingaon,238.17,Kolkata Port (Syama Prasad Mookerjee Port) incl. Haldia Dock Complex,344.74,Lokpriya Gopinath Bordoloi International Airport (GAU),229.19,Srimantapur ICP,17.15
Bodhjungnagar,West Tripura,272,271860,village,Jogendranagar,10.52,ICD Amingaon,249.88,Kolkata Port (Syama Prasad Mookerjee Port) incl. Haldia Dock Complex,337.34,Lokpriya Gopinath Bordoloi International Airport (GAU),240.86,Agartala ICP (Akhaura),7.89
Chandpur,West Tripura,272,271884,village,Jirania,12.02,ICD Amingaon,244.89,Kolkata Port (Syama Prasad Mookerjee Port) incl. Haldia Dock Complex,348.32,Lokpriya Gopinath Bordoloi International Airport (GAU),236.21,Srimantapur ICP,10.07
Dakshin Dasgharia,West Tripura,272,271876,village,Jirania,22.46,ICD Amingaon,234.37,Kolkata Port (Syama Prasad Mookerjee Port) incl. Haldia Dock Complex,353.61,Lokpriya Gopinath Bordoloi International Airport (GAU),225.7,Srimantapur ICP,20.3
Debendra Chandra Nagar,West Tripura,272,271859,village,Jogendranagar,9.81,ICD Amingaon,250.08,Kolkata Port (Syama Prasad Mookerjee Port) incl. Haldia Dock Complex,333.57,Lokpriya Gopinath Bordoloi International Airport (GAU),240.91,Agartala ICP (Akhaura),11.54
Domrakaridak,West Tripura,272,271885,village,Teliamura,17.51,ICD Amingaon,239.8,Kolkata Port (Syama Prasad Mookerjee Port) incl. Haldia Dock Complex,353.72,Lokpriya Gopinath Bordoloi International Airport (GAU),231.25,Srimantapur ICP,16.03
Fatikchhara,West Tripura,272,271853,village,Jogendranagar,13.88,ICD Amingaon,245.96,Kolkata Port (Syama Prasad Mookerjee Port) incl. Haldia Dock Complex,336.38,Lokpriya Gopinath Bordoloi International Airport (GAU),236.81,Agartala ICP (Akhaura),13.27
Gandhigram,West Tripura,272,271866,village,Jogendranagar,9.44,ICD Amingaon,251.44,Kolkata Port (Syama Prasad Mookerjee Port) incl. Haldia Dock Complex,330.13,Lokpriya Gopinath Bordoloi International Airport (GAU),242.16,Agartala ICP (Akhaura),14.19
Ishanpur,West Tripura,272,271845,village,Jirania,24.0,ICD Amingaon,233.23,Kolkata Port (Syama Prasad Mookerjee Port) incl. Haldia Dock Complex,349.13,Lokpriya Gopinath Bordoloi International Airport (GAU),224.33,Srimantapur ICP,21.47
Kalachhara,West Tripura,272,271847,village,Jirania,19.9,ICD Amingaon,237.31,Kolkata Port (Syama Prasad Mookerjee Port) incl. Haldia Dock Complex,347.31,Lokpriya Gopinath Bordoloi International Airport (GAU),228.43,Srimantapur ICP,17.35
Kalkalia,West Tripura,272,271851,village,Jogendranagar,17.82,ICD Amingaon,242.03,Kolkata Port (Syama Prasad Mookerjee Port) incl. Haldia Dock Complex,338.27,Lokpriya Gopinath Bordoloi International Airport (GAU),232.87,Agartala ICP (Akhaura),16.39
Kamukchhara,West Tripura,272,271878,village,Jirania,17.84,ICD Amingaon,239.08,Kolkata Port (Syama Prasad Mookerjee Port) incl. Haldia Dock Complex,351.71,Lokpriya Gopinath Bordoloi International Airport (GAU),230.43,Srimantapur ICP,15.79
Laxilunga,West Tripura,272,271854,village,Jogendranagar,12.17,ICD Amingaon,248.14,Kolkata Port (Syama Prasad Mookerjee Port) incl. Haldia Dock Complex,332.75,Lokpriya Gopinath Bordoloi International Airport (GAU),238.9,Agartala ICP (Akhaura),14.46
Mantala,West Tripura,272,271846,village,Jirania,21.29,ICD Amingaon,235.86,Kolkata Port (Syama Prasad Mookerjee Port) incl. Haldia Dock Complex,348.21,Lokpriya Gopinath Bordoloi International Airport (GAU),226.98,Srimantapur ICP,18.77
Meghliband,West Tripura,272,271844,village,Jirania,26.58,ICD Amingaon,230.67,Kolkata Port (Syama Prasad Mookerjee Port) incl. Haldia Dock Complex,350.23,Lokpriya Gopinath Bordoloi International Airport (GAU),221.76,Srimantapur ICP,24.05
Mohanpur,West Tripura,272,271849,village,Jirania,17.33,ICD Amingaon,240.11,Kolkata Port (Syama Prasad Mookerjee Port) incl. Haldia Dock Complex,345.35,Lokpriya Gopinath Bordoloi International Airport (GAU),231.2,Srimantapur ICP,14.72
Narshinggarh,West Tripura,272,271864,village,Jogendranagar,12.14,ICD Amingaon,249.73,Kolkata Port (Syama Prasad Mookerjee Port) incl. Haldia Dock Complex,329.17,Lokpriya Gopinath Bordoloi International Airport (GAU),240.38,Agartala ICP (Akhaura),16.93
Noagaon,West Tripura,272,271850,village,Jirania,14.36,ICD Amingaon,242.97,Kolkata Port (Syama Prasad Mookerjee Port) incl. Haldia Dock Complex,344.47,Lokpriya Gopinath Bordoloi International Airport (GAU),234.1,Srimantapur ICP,11.75
Paschim Simna,West Tripura,272,271843,village,Jirania,28.65,ICD Amingaon,228.68,Kolkata Port (Syama Prasad Mookerjee Port) incl. Haldia Dock Complex,350.9,Lokpriya Gopinath Bordoloi International Airport (GAU),219.75,Srimantapur ICP,26.11
Sankhola,West Tripura,272,271871,village,Jirania,24.56,ICD Amingaon,232.26,Kolkata Port (Syama Prasad Mookerjee Port) incl. Haldia Dock Complex,352.18,Lokpriya Gopinath Bordoloi International Airport (GAU),223.47,Srimantapur ICP,22.18
Singerbil,West Tripura,272,271865,village,Jogendranagar,11.01,ICD Amingaon,252.08,Kolkata Port (Syama Prasad Mookerjee Port) incl. Haldia Dock Complex,326.96,Lokpriya Gopinath Bordoloi International Airport (GAU),242.69,Agartala ICP (Akhaura),17.46
Surendra Nagar,West Tripura,272,271879,village,Jirania,16.39,ICD Amingaon,240.39,Kolkata Port (Syama Prasad Mookerjee Port) incl. Haldia Dock Complex,348.71,Lokpriya Gopinath Bordoloi International Airport (GAU),231.63,Srimantapur ICP,14.08
Taranagar,West Tripura,272,271863,village,Jirania,16.5,ICD Amingaon,242.64,Kolkata Port (Syama Prasad Mookerjee Port) incl. Haldia Dock Complex,340.94,Lokpriya Gopinath Bordoloi International Airport (GAU),233.61,Srimantapur ICP,13.77
Thamakari,West Tripura,272,271882,village,Jirania,13.79,ICD Amingaon,242.98,Kolkata Port (Syama Prasad Mookerjee Port) incl. Haldia Dock Complex,347.82,Lokpriya Gopinath Bordoloi International Airport (GAU),234.24,Srimantapur ICP,11.55
Tuichhamankurui,West Tripura,272,271886,village,Jirania,13.94,ICD Amingaon,244.25,Kolkata Port (Syama Prasad Mookerjee Port) incl. Haldia Dock Complex,352.32,Lokpriya Gopinath Bordoloi International Airport (GAU),235.73,Srimantapur ICP,12.65
Tulabagan,West Tripura,272,271861,village,Jirania,12.27,ICD Amingaon,246.76,Kolkata Port (Syama Prasad Mookerjee Port) incl. Haldia Dock Complex,339.92,Lokpriya Gopinath Bordoloi International Airport (GAU),237.77,Srimantapur ICP,9.54
Uttar Dasgharia,West Tripura,272,271870,village,Jirania,25.37,ICD Amingaon,231.44,Kolkata Port (Syama Prasad Mookerjee Port) incl. Haldia Dock Complex,355.07,Lokpriya Gopinath Bordoloi International Airport (GAU),222.77,Srimantapur ICP,23.18
Uttar Debendrachandra Nagar,West Tripura,272,271862,village,Jirania,11.11,ICD Amingaon,246.24,Kolkata Port (Syama Prasad Mookerjee Port) incl. Haldia Dock Complex,343.13,Lokpriya Gopinath Bordoloi International Airport (GAU),237.38,Srimantapur ICP,8.47
Ashigarh,West Tripura,272,271989,village,Jirania,9.72,ICD Amingaon,248.5,Kolkata Port (Syama Prasad Mookerjee Port) incl. Haldia Dock Complex,349.37,Lokpriya Gopinath Bordoloi International Airport (GAU),239.94,Srimantapur ICP,8.8
Bankimnagar,West Tripura,272,272016,village,Jirania,0.58,ICD Amingaon,257.34,Kolkata Port (Syama Prasad Mookerjee Port) incl. Haldia Dock Complex,340.73,Lokpriya Gopinath Bordoloi International Airport (GAU),248.6,Srimantapur ICP,3.28
Belbari,West Tripura,272,272010,village,Jirania,8.88,ICD Amingaon,262.38,Kolkata Port (Syama Prasad Mookerjee Port) incl. Haldia Dock Complex,344.45,Lokpriya Gopinath Bordoloi International Airport (GAU),253.87,Srimantapur ICP,11.48
Bhrigudas Para,West Tripura,272,271995,village,Jirania,8.6,ICD Amingaon,255.3,Kolkata Port (Syama Prasad Mookerjee Port) incl. Haldia Dock Complex,349.11,Lokpriya Gopinath Bordoloi International Airport (GAU),246.85,Srimantapur ICP,9.9
Briddha Nagar,West Tripura,272,272014,village,Jogendranagar,5.77,ICD Amingaon,255.62,Kolkata Port (Syama Prasad Mookerjee Port) incl. Haldia Dock Complex,334.71,Lokpriya Gopinath Bordoloi International Airport (GAU),246.61,Agartala ICP (Akhaura),5.68
Champaknagar,West Tripura,272,272011,village,Jirania,7.26,ICD Amingaon,259.69,Kolkata Port (Syama Prasad Mookerjee Port) incl. Haldia Dock Complex,345.46,Lokpriya Gopinath Bordoloi International Airport (GAU),251.17,Srimantapur ICP,9.62
Dinakobra Para,West Tripura,272,271992,village,Teliamura,8.6,ICD Amingaon,250.93,Kolkata Port (Syama Prasad Mookerjee Port) incl. Haldia Dock Complex,352.19,Lokpriya Gopinath Bordoloi International Airport (GAU),242.52,Srimantapur ICP,11.57
Harbhang,West Tripura,272,271991,village,Teliamura,9.05,ICD Amingaon,247.99,Kolkata Port (Syama Prasad Mookerjee Port) incl. Haldia Dock Complex,353.84,Lokpriya Gopinath Bordoloi International Airport (GAU),239.6,Srimantapur ICP,13.04
Jamilong Para,West Tripura,272,271996,village,Teliamura,7.58,ICD Amingaon,253.66,Kolkata Port (Syama Prasad Mookerjee Port) incl. Haldia Dock Complex,352.03,Lokpriya Gopinath Bordoloi International Airport (GAU),245.3,Srimantapur ICP,12.3
Janmejoy Nagar,West Tripura,272,272009,village,Jirania,7.42,ICD Amingaon,263.73,Kolkata Port (Syama Prasad Mookerjee Port) incl. Haldia Dock Complex,339.93,Lokpriya Gopinath Bordoloi International Airport (GAU),255.06,Agartala ICP (Akhaura),9.99
Jirania,West Tripura,272,272006,village,Jirania,2.5,ICD Amingaon,258.81,Kolkata Port (Syama Prasad Mookerjee Port) incl. Haldia Dock Complex,341.22,Lokpriya Gopinath Bordoloi International Airport (GAU),250.11,Srimantapur ICP,5.23
Joynagar,West Tripura,272,272004,village,Jirania,3.87,ICD Amingaon,256.37,Kolkata Port (Syama Prasad Mookerjee Port) incl. Haldia Dock Complex,344.5,Lokpriya Gopinath Bordoloi International Airport (GAU),247.75,Srimantapur ICP,5.6
Kathirambari,West Tripura,272,271987,village,Jirania,6.36,ICD Amingaon,251.18,Kolkata Port (Syama Prasad Mookerjee Port) incl. Haldia Dock Complex,346.28,Lokpriya Gopinath Bordoloi International Airport (GAU),242.55,Srimantapur ICP,5.52
Khayerpur,West Tripura,272,922835,village,Jogendranagar,3.96,ICD Amingaon,256.03,Kolkata Port (Syama Prasad Mookerjee Port) incl. Haldia Dock Complex,332.09,Lokpriya Gopinath Bordoloi International Airport (GAU),246.93,Agartala ICP (Akhaura),8.53
Lakshmipur,West Tripura,272,930575,village,Jirania,7.11,ICD Amingaon,254.29,Kolkata Port (Syama Prasad Mookerjee Port) incl. Haldia Dock Complex,336.39,Lokpriya Gopinath Bordoloi International Airport (GAU),245.31,Agartala ICP (Akhaura),4.52
Majlishpur,West Tripura,272,272002,village,Jirania,4.36,ICD Amingaon,256.94,Kolkata Port (Syama Prasad Mookerjee Port) incl. Haldia Dock Complex,337.05,Lokpriya Gopinath Bordoloi International Airport (GAU),248.04,Agartala ICP (Akhaura),2.93
Mandainagar,West Tripura,272,271993,village,Jirania,6.88,ICD Amingaon,252.97,Kolkata Port (Syama Prasad Mookerjee Port) incl. Haldia Dock Complex,347.78,Lokpriya Gopinath Bordoloi International Airport (GAU),244.43,Srimantapur ICP,7.29
Mekhlipara,West Tripura,272,271999,village,Jogendranagar,5.15,ICD Amingaon,258.06,Kolkata Port (Syama Prasad Mookerjee Port) incl. Haldia Dock Complex,334.19,Lokpriya Gopinath Bordoloi International Airport (GAU),249.08,Agartala ICP (Akhaura),5.72
Paschim Barjala,West Tripura,272,271986,village,Jirania,1.68,ICD Amingaon,255.3,Kolkata Port (Syama Prasad Mookerjee Port) incl. Haldia Dock Complex,340.92,Lokpriya Gopinath Bordoloi International Airport (GAU),246.53,Srimantapur ICP,1.06
Patnipara,West Tripura,272,271988,village,Jirania,8.93,ICD Amingaon,248.14,Kolkata Port (Syama Prasad Mookerjee Port) incl. Haldia Dock Complex,347.12,Lokpriya Gopinath Bordoloi International Airport (GAU),239.48,Srimantapur ICP,7.3
Purba Barjala,West Tripura,272,272003,village,Jirania,2.99,ICD Amingaon,255.01,Kolkata Port (Syama Prasad Mookerjee Port) incl. Haldia Dock Complex,343.88,Lokpriya Gopinath Bordoloi International Airport (GAU),246.35,Srimantapur ICP,3.87
Purba Debendra Nagar,West Tripura,272,272005,village,Jirania,5.81,ICD Amingaon,256.69,Kolkata Port (Syama Prasad Mookerjee Port) incl. Haldia Dock Complex,346.09,Lokpriya Gopinath Bordoloi International Airport (GAU),248.14,Srimantapur ICP,7.56
Purba Noagaon,West Tripura,272,272001,village,Jirania,6.02,ICD Amingaon,260.75,Kolkata Port (Syama Prasad Mookerjee Port) incl. Haldia Dock Complex,335.03,Lokpriya Gopinath Bordoloi International Airport (GAU),251.85,Agartala ICP (Akhaura),6.24
Radhakishore Nagar,West Tripura,272,272013,village,Jogendranagar,7.05,ICD Amingaon,252.97,Kolkata Port (Syama Prasad Mookerjee Port) incl. Haldia Dock Complex,334.17,Lokpriya Gopinath Bordoloi International Airport (GAU),243.88,Agartala ICP (Akhaura),8.14
Radhamohanpur,West Tripura,272,272007,village,Jirania,5.52,ICD Amingaon,261.46,Kolkata Port (Syama Prasad Mookerjee Port) incl. Haldia Dock Complex,336.11,Lokpriya Gopinath Bordoloi International Airport (GAU),252.62,Agartala ICP (Akhaura),6.55
Radhapur,West Tripura,272,272008,village,Jirania,5.01,ICD Amingaon,261.78,Kolkata Port (Syama Prasad Mookerjee Port) incl. Haldia Dock Complex,338.65,Lokpriya Gopinath Bordoloi International Airport (GAU),253.03,Agartala ICP (Akhaura),7.21
Ramchandra Nagar,West Tripura,272,271983,village,Jirania,7.61,ICD Amingaon,251.16,Kolkata Port (Syama Prasad Mookerjee Port) incl. Haldia Dock Complex,339.27,Lokpriya Gopinath Bordoloi International Airport (GAU),242.24,Agartala ICP (Akhaura),4.81
Shibnagar,West Tripura,272,271982,village,Jirania,6.46,ICD Amingaon,250.5,Kolkata Port (Syama Prasad Mookerjee Port) incl. Haldia Dock Complex,342.64,Lokpriya Gopinath Bordoloi International Airport (GAU),241.7,Srimantapur ICP,3.94
Tulakona,West Tripura,272,272000,village,Jogendranagar,4.75,ICD Amingaon,260.2,Kolkata Port (Syama Prasad Mookerjee Port) incl. Haldia Dock Complex,333.0,Lokpriya Gopinath Bordoloi International Airport (GAU),251.21,Agartala ICP (Akhaura),7.21
Uttar Champamura,West Tripura,272,272015,village,Jogendranagar,2.97,ICD Amingaon,257.86,Kolkata Port (Syama Prasad Mookerjee Port) incl. Haldia Dock Complex,332.07,Lokpriya Gopinath Bordoloi International Airport (GAU),248.79,Agartala ICP (Akhaura),7.94
Wakinagar,West Tripura,272,271981,village,Jirania,9.07,ICD Amingaon,247.72,Kolkata Port (Syama Prasad Mookerjee Port) incl. Haldia Dock Complex,344.78,Lokpriya Gopinath Bordoloi International Airport (GAU),238.96,Srimantapur ICP,6.75
Badlabari,Khowai,652,271937,village,Mungiakami,12.09,ICD Amingaon,237.39,Kolkata Port (Syama Prasad Mookerjee Port) incl. Haldia Dock Complex,373.56,Lokpriya Gopinath Bordoloi International Airport (GAU),229.67,Srimantapur ICP,32.86
Uttar Pramodenagar,Khowai,652,271967,village,Mungiakami,11.67,ICD Amingaon,237.99,Kolkata Port (Syama Prasad Mookerjee Port) incl. Haldia Dock Complex,371.48,Lokpriya Gopinath Bordoloi International Airport (GAU),230.18,Srimantapur ICP,30.81
Mainakbari,Khowai,652,271938,village,Mungiakami,13.06,ICD Amingaon,236.81,Kolkata Port (Syama Prasad Mookerjee Port) incl. Haldia Dock Complex,376.64,Lokpriya Gopinath Bordoloi International Airport (GAU),229.21,Srimantapur ICP,35.89
Dakshin Ramchandraghat,Khowai,652,271897,village,Teliamura,16.1,ICD Amingaon,237.96,Kolkata Port (Syama Prasad Mookerjee Port) incl. Haldia Dock Complex,358.55,Lokpriya Gopinath Bordoloi International Airport (GAU),229.58,Srimantapur ICP,19.89
Gayamanibari,Khowai,652,271893,village,Teliamura,19.7,ICD Amingaon,235.88,Kolkata Port (Syama Prasad Mookerjee Port) incl. Haldia Dock Complex,356.62,Lokpriya Gopinath Bordoloi International Airport (GAU),227.38,Srimantapur ICP,20.06
Chebri,Khowai,652,271915,village,Mungiakami,16.25,ICD Amingaon,235.07,Kolkata Port (Syama Prasad Mookerjee Port) incl. Haldia Dock Complex,367.86,Lokpriya Gopinath Bordoloi International Airport (GAU),227.05,Srimantapur ICP,28.1
Purba Ramchandraghat,Khowai,652,271900,village,Teliamura,16.73,ICD Amingaon,235.33,Kolkata Port (Syama Prasad Mookerjee Port) incl. Haldia Dock Complex,365.17,Lokpriya Gopinath Bordoloi International Airport (GAU),227.2,Srimantapur ICP,25.83
Dakshin Padmabil,Khowai,652,271894,village,Teliamura,18.61,ICD Amingaon,235.54,Kolkata Port (Syama Prasad Mookerjee Port) incl. Haldia Dock Complex,359.0,Lokpriya Gopinath Bordoloi International Airport (GAU),227.13,Srimantapur ICP,21.5
Ramkrishnabari,Khowai,652,271933,village,Ambassa,15.36,ICD Amingaon,234.49,Kolkata Port (Syama Prasad Mookerjee Port) incl. Haldia Dock Complex,377.96,Lokpriya Gopinath Bordoloi International Airport (GAU),226.92,Srimantapur ICP,37.36
Uttar Padmabil,Khowai,652,271892,village,Teliamura,20.9,ICD Amingaon,232.41,Kolkata Port (Syama Prasad Mookerjee Port) incl. Haldia Dock Complex,361.65,Lokpriya Gopinath Bordoloi International Airport (GAU),224.06,Srimantapur ICP,24.85
Uttar Ramchandraghat,Khowai,652,271912,village,Teliamura,18.44,ICD Amingaon,234.02,Kolkata Port (Syama Prasad Mookerjee Port) incl. Haldia Dock Complex,363.59,Lokpriya Gopinath Bordoloi International Airport (GAU),225.79,Srimantapur ICP,25.2
Paschim Rajnagar,Khowai,652,271935,village,Mungiakami,15.89,ICD Amingaon,234.1,Kolkata Port (Syama Prasad Mookerjee Port) incl. Haldia Dock Complex,371.35,Lokpriya Gopinath Bordoloi International Airport (GAU),226.21,Srimantapur ICP,31.35
Purba Rajnagar,Khowai,652,271934,village,Mungiakami,15.71,ICD Amingaon,233.79,Kolkata Port (Syama Prasad Mookerjee Port) incl. Haldia Dock Complex,374.32,Lokpriya Gopinath Bordoloi International Airport (GAU),226.04,Srimantapur ICP,34.06
Sonatala,Khowai,652,271913,village,Teliamura,19.67,ICD Amingaon,232.35,Kolkata Port (Syama Prasad Mookerjee Port) incl. Haldia Dock Complex,367.01,Lokpriya Gopinath Bordoloi International Airport (GAU),224.23,Srimantapur ICP,28.39
Dhalabil,Khowai,652,271911,village,Teliamura,21.23,ICD Amingaon,231.25,Kolkata Port (Syama Prasad Mookerjee Port) incl. Haldia Dock Complex,364.51,Lokpriya Gopinath Bordoloi International Airport (GAU),223.0,Srimantapur ICP,27.21
Maidanbari,Khowai,652,271932,village,Ambassa,17.84,ICD Amingaon,231.33,Kolkata Port (Syama Prasad Mookerjee Port) incl. Haldia Dock Complex,378.9,Lokpriya Gopinath Bordoloi International Airport (GAU),223.75,Srimantapur ICP,38.7
Ratanpur,Khowai,652,271889,village,Teliamura,22.84,ICD Amingaon,232.4,Kolkata Port (Syama Prasad Mookerjee Port) incl. Haldia Dock Complex,357.95,Lokpriya Gopinath Bordoloi International Airport (GAU),223.88,Srimantapur ICP,23.14
Purba Belchhara,Khowai,652,271891,village,Teliamura,22.74,ICD Amingaon,230.55,Kolkata Port (Syama Prasad Mookerjee Port) incl. Haldia Dock Complex,362.32,Lokpriya Gopinath Bordoloi International Airport (GAU),222.18,Srimantapur ICP,26.38
Ganki,Khowai,652,271907,village,Mungiakami,20.33,ICD Amingaon,230.93,Kolkata Port (Syama Prasad Mookerjee Port) incl. Haldia Dock Complex,368.96,Lokpriya Gopinath Bordoloi International Airport (GAU),222.88,Srimantapur ICP,30.42
Paharmura,Khowai,652,271908,village,Teliamura,22.75,ICD Amingaon,229.62,Kolkata Port (Syama Prasad Mookerjee Port) incl. Haldia Dock Complex,365.61,Lokpriya Gopinath Bordoloi International Airport (GAU),221.39,Srimantapur ICP,28.78
Gournagar,Khowai,652,271909,village,Teliamura,23.18,ICD Amingaon,229.65,Kolkata Port (Syama Prasad Mookerjee Port) incl. Haldia Dock Complex,363.87,Lokpriya Gopinath Bordoloi International Airport (GAU),221.34,Srimantapur ICP,27.76
Paschim Belchhara,Khowai,652,271890,village,Teliamura,23.68,ICD Amingaon,230.63,Kolkata Port (Syama Prasad Mookerjee Port) incl. Haldia Dock Complex,360.07,Lokpriya Gopinath Bordoloi International Airport (GAU),222.17,Srimantapur ICP,25.28
Khowai,Khowai,652,922868,village,Teliamura,23.89,ICD Amingaon,228.2,Kolkata Port (Syama Prasad Mookerjee Port) incl. Haldia Dock Complex,367.86,Lokpriya Gopinath Bordoloi International Airport (GAU),220.04,Srimantapur ICP,30.95
Bagabil,Khowai,652,271888,village,Teliamura,25.87,ICD Amingaon,229.48,Kolkata Port (Syama Prasad Mookerjee Port) incl. Haldia Dock Complex,358.55,Lokpriya Gopinath Bordoloi International Airport (GAU),220.92,Srimantapur ICP,25.65
Purba Champachhara,Khowai,652,271930,village,Mungiakami,19.61,ICD Amingaon,229.9,Kolkata Port (Syama Prasad Mookerjee Port) incl. Haldia Dock Complex,375.71,Lokpriya Gopinath Bordoloi International Airport (GAU),222.14,Srimantapur ICP,36.2
Khengrabari,Khowai,652,271887,village,Teliamura,27.4,ICD Amingaon,228.25,Kolkata Port (Syama Prasad Mookerjee Port) incl. Haldia Dock Complex,358.43,Lokpriya Gopinath Bordoloi International Airport (GAU),219.65,Srimantapur ICP,26.66
Paschim Singichhara,Khowai,652,271905,village,Mungiakami,23.37,ICD Amingaon,227.97,Kolkata Port (Syama Prasad Mookerjee Port) incl. Haldia Dock Complex,369.55,Lokpriya Gopinath Bordoloi International Airport (GAU),219.89,Srimantapur ICP,32.17
Paschim Champachhara,Khowai,652,271929,village,Mungiakami,20.6,ICD Amingaon,229.13,Kolkata Port (Syama Prasad Mookerjee Port) incl. Haldia Dock Complex,374.16,Lokpriya Gopinath Bordoloi International Airport (GAU),221.28,Srimantapur ICP,35.14
Sikaribari,Khowai,652,271931,village,Ambassa,20.62,ICD Amingaon,227.97,Kolkata Port (Syama Prasad Mookerjee Port) incl. Haldia Dock Complex,380.05,Lokpriya Gopinath Bordoloi International Airport (GAU),220.38,Srimantapur ICP,40.44
Purba Singichhara,Khowai,652,271906,village,Mungiakami,22.23,ICD Amingaon,228.05,Kolkata Port (Syama Prasad Mookerjee Port) incl. Haldia Dock Complex,372.25,Lokpriya Gopinath Bordoloi International Airport (GAU),220.1,Srimantapur ICP,34.06
Purba Bachaibari,Khowai,652,271928,village,Mungiakami,24.08,ICD Amingaon,225.43,Kolkata Port (Syama Prasad Mookerjee Port) incl. Haldia Dock Complex,377.49,Lokpriya Gopinath Bordoloi International Airport (GAU),217.67,Srimantapur ICP,39.1
Remachhara,Khowai,652,271924,village,Ambassa,22.64,ICD Amingaon,225.3,Kolkata Port (Syama Prasad Mookerjee Port) incl. Haldia Dock Complex,381.5,Lokpriya Gopinath Bordoloi International Airport (GAU),217.73,Srimantapur ICP,42.41
Paschim Bachaibari,Khowai,652,271927,village,Mungiakami,25.77,ICD Amingaon,224.2,Kolkata Port (Syama Prasad Mookerjee Port) incl. Haldia Dock Complex,374.73,Lokpriya Gopinath Bordoloi International Airport (GAU),216.28,Srimantapur ICP,37.53
Purba Lakshmichhara,Khowai,652,271925,village,Mungiakami,26.71,ICD Amingaon,222.78,Kolkata Port (Syama Prasad Mookerjee Port) incl. Haldia Dock Complex,378.95,Lokpriya Gopinath Bordoloi International Airport (GAU),215.03,Srimantapur ICP,41.24
Paschim Lakshmichhara,Khowai,652,271926,village,Mungiakami,27.81,ICD Amingaon,222.06,Kolkata Port (Syama Prasad Mookerjee Port) incl. Haldia Dock Complex,375.99,Lokpriya Gopinath Bordoloi International Airport (GAU),214.15,Srimantapur ICP,39.42
Purba Karangichhara,Khowai,652,271922,village,Ambassa,27.91,ICD Amingaon,220.85,Kolkata Port (Syama Prasad Mookerjee Port) incl. Haldia Dock Complex,380.81,Lokpriya Gopinath Bordoloi International Airport (GAU),213.16,Srimantapur ICP,43.43
Asharambari,Khowai,652,271920,village,Mungiakami,31.88,ICD Amingaon,217.83,Kolkata Port (Syama Prasad Mookerjee Port) incl. Haldia Dock Complex,378.59,Lokpriya Gopinath Bordoloi International Airport (GAU),209.97,Srimantapur ICP,43.27
Paschim Karangichhara,Khowai,652,271921,village,Mungiakami,30.16,ICD Amingaon,219.61,Kolkata Port (Syama Prasad Mookerjee Port) incl. Haldia Dock Complex,377.45,Lokpriya Gopinath Bordoloi International Airport (GAU),211.73,Srimantapur ICP,41.61
Banbazar,Khowai,652,271919,village,Mungiakami,34.88,ICD Amingaon,214.89,Kolkata Port (Syama Prasad Mookerjee Port) incl. Haldia Dock Complex,379.34,Lokpriya Gopinath Bordoloi International Airport (GAU),207.0,Srimantapur ICP,45.34
Chamubasti,Khowai,652,271918,village,Mungiakami,37.25,ICD Amingaon,212.53,Kolkata Port (Syama Prasad Mookerjee Port) incl. Haldia Dock Complex,380.26,Lokpriya Gopinath Bordoloi International Airport (GAU),204.63,Srimantapur ICP,47.24
Purba Simna,West Tripura,272,271869,village,Jirania,28.35,ICD Amingaon,228.42,Kolkata Port (Syama Prasad Mookerjee Port) incl. Haldia Dock Complex,355.43,Lokpriya Gopinath Bordoloi International Airport (GAU),219.69,Srimantapur ICP,26.05
Subalsing,West Tripura,272,271877,village,Jirania,21.33,ICD Amingaon,235.67,Kolkata Port (Syama Prasad Mookerjee Port) incl. Haldia Dock Complex,354.13,Lokpriya Gopinath Bordoloi International Airport (GAU),227.05,Srimantapur ICP,19.3
Athukthung Bari,West Tripura,272,271997,village,Teliamura,7.96,ICD Amingaon,256.16,Kolkata Port (Syama Prasad Mookerjee Port) incl. Haldia Dock Complex,351.53,Lokpriya Gopinath Bordoloi International Airport (GAU),247.82,Srimantapur ICP,13.1
Champabari,West Tripura,272,272012,village,Teliamura,10.81,ICD Amingaon,259.84,Kolkata Port (Syama Prasad Mookerjee Port) incl. Haldia Dock Complex,349.42,Lokpriya Gopinath Bordoloi International Airport (GAU),251.48,Srimantapur ICP,13.59
Ramdayalbari,Khowai,652,271903,village,Teliamura,11.09,ICD Amingaon,241.89,Kolkata Port (Syama Prasad Mookerjee Port) incl. Haldia Dock Complex,359.66,Lokpriya Gopinath Bordoloi International Airport (GAU),233.63,Srimantapur ICP,19.3
Tuichingrambari,Khowai,652,271969,village,Mungiakami,7.09,ICD Amingaon,242.4,Kolkata Port (Syama Prasad Mookerjee Port) incl. Haldia Dock Complex,371.27,Lokpriya Gopinath Bordoloi International Airport (GAU),234.65,Srimantapur ICP,30.51
Dakshin Pramodenagar,Khowai,652,271940,village,Mungiakami,8.6,ICD Amingaon,241.58,Kolkata Port (Syama Prasad Mookerjee Port) incl. Haldia Dock Complex,368.82,Lokpriya Gopinath Bordoloi International Airport (GAU),233.72,Srimantapur ICP,28.01
Paglabari,Khowai,652,271904,village,Teliamura,12.8,ICD Amingaon,241.69,Kolkata Port (Syama Prasad Mookerjee Port) incl. Haldia Dock Complex,357.11,Lokpriya Gopinath Bordoloi International Airport (GAU),233.32,Srimantapur ICP,17.24
Santinagar,Khowai,652,271917,village,Mungiakami,13.17,ICD Amingaon,237.73,Kolkata Port (Syama Prasad Mookerjee Port) incl. Haldia Dock Complex,368.1,Lokpriya Gopinath Bordoloi International Airport (GAU),229.77,Srimantapur ICP,27.69
Akhrabari,Khowai,652,271899,village,Teliamura,13.88,ICD Amingaon,238.64,Kolkata Port (Syama Prasad Mookerjee Port) incl. Haldia Dock Complex,361.75,Lokpriya Gopinath Bordoloi International Airport (GAU),230.42,Srimantapur ICP,21.97
Uttar Taidu,Gomati,654,272183,village,Teliamura,12.47,ICD Amingaon,264.31,Kolkata Port (Syama Prasad Mookerjee Port) incl. Haldia Dock Complex,356.42,Lokpriya Gopinath Bordoloi International Airport (GAU),256.29,Srimantapur ICP,24.15
Brahmachhera,Khowai,652,271963,village,Teliamura,5.29,ICD Amingaon,256.12,Kolkata Port (Syama Prasad Mookerjee Port) incl. Haldia Dock Complex,360.85,Lokpriya Gopinath Bordoloi International Airport (GAU),248.15,Srimantapur ICP,23.18
Dakshin Gakulnagar,Khowai,652,271965,village,Teliamura,10.39,ICD Amingaon,260.15,Kolkata Port (Syama Prasad Mookerjee Port) incl. Haldia Dock Complex,362.25,Lokpriya Gopinath Bordoloi International Airport (GAU),252.3,Srimantapur ICP,27.02
Dakshin Maharani,Khowai,652,271953,village,Mungiakami,4.22,ICD Amingaon,247.22,Kolkata Port (Syama Prasad Mookerjee Port) incl. Haldia Dock Complex,366.46,Lokpriya Gopinath Bordoloi International Airport (GAU),239.35,Srimantapur ICP,26.07
Dakshin Pulinpur,Khowai,652,271958,village,Teliamura,3.33,ICD Amingaon,253.38,Kolkata Port (Syama Prasad Mookerjee Port) incl. Haldia Dock Complex,356.11,Lokpriya Gopinath Bordoloi International Airport (GAU),245.18,Srimantapur ICP,16.69
Durgapur,Khowai,652,271942,village,Mungiakami,11.03,ICD Amingaon,241.08,Kolkata Port (Syama Prasad Mookerjee Port) incl. Haldia Dock Complex,365.68,Lokpriya Gopinath Bordoloi International Airport (GAU),233.07,Srimantapur ICP,24.96
Dwarikapur,Khowai,652,271941,village,Teliamura,11.18,ICD Amingaon,240.9,Kolkata Port (Syama Prasad Mookerjee Port) incl. Haldia Dock Complex,362.8,Lokpriya Gopinath Bordoloi International Airport (GAU),232.77,Srimantapur ICP,22.3
Ghilatali,Khowai,652,271952,village,Teliamura,5.47,ICD Amingaon,247.2,Kolkata Port (Syama Prasad Mookerjee Port) incl. Haldia Dock Complex,363.8,Lokpriya Gopinath Bordoloi International Airport (GAU),239.22,Srimantapur ICP,23.26
Hawaibari,Khowai,652,271960,village,Teliamura,6.28,ICD Amingaon,257.72,Kolkata Port (Syama Prasad Mookerjee Port) incl. Haldia Dock Complex,354.75,Lokpriya Gopinath Bordoloi International Airport (GAU),249.53,Srimantapur ICP,17.57
Karaibari,Khowai,652,271970,village,Mungiakami,7.48,ICD Amingaon,243.2,Kolkata Port (Syama Prasad Mookerjee Port) incl. Haldia Dock Complex,374.99,Lokpriya Gopinath Bordoloi International Airport (GAU),235.63,Srimantapur ICP,34.4
Krishnapur,Khowai,652,271954,village,Teliamura,2.26,ICD Amingaon,251.33,Kolkata Port (Syama Prasad Mookerjee Port) incl. Haldia Dock Complex,361.68,Lokpriya Gopinath Bordoloi International Airport (GAU),243.32,Srimantapur ICP,22.0
Lakshmipur,Khowai,652,271957,village,Mungiakami,4.18,ICD Amingaon,252.63,Kolkata Port (Syama Prasad Mookerjee Port) incl. Haldia Dock Complex,365.17,Lokpriya Gopinath Bordoloi International Airport (GAU),244.78,Srimantapur ICP,26.26
Madhya Kalyanpur,Khowai,652,271949,village,Teliamura,6.6,ICD Amingaon,246.1,Kolkata Port (Syama Prasad Mookerjee Port) incl. Haldia Dock Complex,359.22,Lokpriya Gopinath Bordoloi International Airport (GAU),237.9,Srimantapur ICP,18.42
Maharanipur,Khowai,652,271944,village,Mungiakami,5.96,ICD Amingaon,244.62,Kolkata Port (Syama Prasad Mookerjee Port) incl. Haldia Dock Complex,367.58,Lokpriya Gopinath Bordoloi International Airport (GAU),236.75,Srimantapur ICP,26.88
Moharchhara,Khowai,652,271955,village,Teliamura,0.59,ICD Amingaon,251.45,Kolkata Port (Syama Prasad Mookerjee Port) incl. Haldia Dock Complex,359.89,Lokpriya Gopinath Bordoloi International Airport (GAU),243.37,Srimantapur ICP,20.09
Nunachhara RF,Khowai,652,271980,village,Mungiakami,14.69,ICD Amingaon,263.7,Kolkata Port (Syama Prasad Mookerjee Port) incl. Haldia Dock Complex,367.43,Lokpriya Gopinath Bordoloi International Airport (GAU),256.1,Srimantapur ICP,34.56
Paschim Kalyanpur,Khowai,652,271948,village,Teliamura,7.36,ICD Amingaon,247.17,Kolkata Port (Syama Prasad Mookerjee Port) incl. Haldia Dock Complex,356.47,Lokpriya Gopinath Bordoloi International Airport (GAU),238.87,Srimantapur ICP,15.66
Purba Kalyanpur,Khowai,652,271950,village,Teliamura,5.33,ICD Amingaon,246.7,Kolkata Port (Syama Prasad Mookerjee Port) incl. Haldia Dock Complex,361.08,Lokpriya Gopinath Bordoloi International Airport (GAU),238.59,Srimantapur ICP,20.35
Ramkrishnapur,Khowai,652,271974,village,Mungiakami,2.13,ICD Amingaon,249.55,Kolkata Port (Syama Prasad Mookerjee Port) incl. Haldia Dock Complex,366.9,Lokpriya Gopinath Bordoloi International Airport (GAU),241.74,Srimantapur ICP,27.09
Sardukarkari,Khowai,652,271961,village,Teliamura,8.57,ICD Amingaon,260.17,Kolkata Port (Syama Prasad Mookerjee Port) incl. Haldia Dock Complex,353.81,Lokpriya Gopinath Bordoloi International Airport (GAU),251.99,Srimantapur ICP,18.33
Sriramkhara,Khowai,652,271971,village,Mungiakami,2.72,ICD Amingaon,246.9,Kolkata Port (Syama Prasad Mookerjee Port) incl. Haldia Dock Complex,370.64,Lokpriya Gopinath Bordoloi International Airport (GAU),239.2,Srimantapur ICP,30.43
Teliamura,Khowai,652,271966,village,Teliamura,3.6,ICD Amingaon,255.36,Kolkata Port (Syama Prasad Mookerjee Port) incl. Haldia Dock Complex,359.24,Lokpriya Gopinath Bordoloi International Airport (GAU),247.32,Srimantapur ICP,21.05
Teliamura RF,Khowai,652,271962,village,Teliamura,7.37,ICD Amingaon,258.9,Kolkata Port (Syama Prasad Mookerjee Port) incl. Haldia Dock Complex,359.09,Lokpriya Gopinath Bordoloi International Airport (GAU),250.9,Srimantapur ICP,22.93
Tuichindrai,Khowai,652,271959,village,Teliamura,4.54,ICD Amingaon,255.73,Kolkata Port (Syama Prasad Mookerjee Port) incl. Haldia Dock Complex,355.56,Lokpriya Gopinath Bordoloi International Airport (GAU),247.55,Srimantapur ICP,17.26
Uttar Gakulnagar,Khowai,652,271964,village,Teliamura,7.68,ICD Amingaon,256.63,Kolkata Port (Syama Prasad Mookerjee Port) incl. Haldia Dock Complex,363.27,Lokpriya Gopinath Bordoloi International Airport (GAU),248.77,Srimantapur ICP,26.04
Uttar Ghilatali,Khowai,652,271945,village,Teliamura,8.48,ICD Amingaon,243.7,Kolkata Port (Syama Prasad Mookerjee Port) incl. Haldia Dock Complex,364.51,Lokpriya Gopinath Bordoloi International Airport (GAU),235.69,Srimantapur ICP,23.7
Uttar Pulinpur,Khowai,652,271956,village,Teliamura,3.85,ICD Amingaon,250.4,Kolkata Port (Syama Prasad Mookerjee Port) incl. Haldia Dock Complex,356.91,Lokpriya Gopinath Bordoloi International Airport (GAU),242.18,Srimantapur ICP,16.55
Sukhiabari,Khowai,652,271923,village,Ambassa,25.19,ICD Amingaon,222.51,Kolkata Port (Syama Prasad Mookerjee Port) incl. Haldia Dock Complex,382.44,Lokpriya Gopinath Bordoloi International Airport (GAU),214.93,Srimantapur ICP,44.08
Jagnakobra Bari,Khowai,652,271939,village,Mungiakami,10.01,ICD Amingaon,239.79,Kolkata Port (Syama Prasad Mookerjee Port) incl. Haldia Dock Complex,374.88,Lokpriya Gopinath Bordoloi International Airport (GAU),232.17,Srimantapur ICP,34.07
Purba Daluchhara,Dhalai,269,272460,village,Ambassa,7.41,ICD Amingaon,238.51,Kolkata Port (Syama Prasad Mookerjee Port) incl. Haldia Dock Complex,383.56,Lokpriya Gopinath Bordoloi International Airport (GAU),231.25,Srimantapur ICP,42.81
Latiachhara,Dhalai,269,272464,village,SK Para,4.97,ICD Amingaon,240.52,Kolkata Port (Syama Prasad Mookerjee Port) incl. Haldia Dock Complex,389.96,Lokpriya Gopinath Bordoloi International Airport (GAU),233.57,Srimantapur ICP,49.56
Paschim Daluchhara,Dhalai,269,272459,village,Ambassa,10.36,ICD Amingaon,238.1,Kolkata Port (Syama Prasad Mookerjee Port) incl. Haldia Dock Complex,379.84,Lokpriya Gopinath Bordoloi International Airport (GAU),230.66,Srimantapur ICP,39.04
Kachuchhara,Dhalai,269,272463,village,Ambassa,6.64,ICD Amingaon,238.42,Kolkata Port (Syama Prasad Mookerjee Port) incl. Haldia Dock Complex,386.47,Lokpriya Gopinath Bordoloi International Airport (GAU),231.29,Srimantapur ICP,45.77
Deb Bari,Dhalai,269,272462,village,Ambassa,8.35,ICD Amingaon,236.7,Kolkata Port (Syama Prasad Mookerjee Port) incl. Haldia Dock Complex,387.51,Lokpriya Gopinath Bordoloi International Airport (GAU),229.6,Srimantapur ICP,46.74
Salema,Dhalai,269,272461,village,Ambassa,9.72,ICD Amingaon,235.83,Kolkata Port (Syama Prasad Mookerjee Port) incl. Haldia Dock Complex,384.84,Lokpriya Gopinath Bordoloi International Airport (GAU),228.59,Srimantapur ICP,44.04
Mendi,Dhalai,269,272458,village,Ambassa,12.3,ICD Amingaon,234.6,Kolkata Port (Syama Prasad Mookerjee Port) incl. Haldia Dock Complex,382.17,Lokpriya Gopinath Bordoloi International Airport (GAU),227.22,Srimantapur ICP,41.42
Maharani,Dhalai,269,272457,village,Ambassa,11.33,ICD Amingaon,233.84,Kolkata Port (Syama Prasad Mookerjee Port) incl. Haldia Dock Complex,386.8,Lokpriya Gopinath Bordoloi International Airport (GAU),226.67,Srimantapur ICP,46.01
Simbhuchak,Dhalai,269,272455,village,SK Para,8.09,ICD Amingaon,235.2,Kolkata Port (Syama Prasad Mookerjee Port) incl. Haldia Dock Complex,391.22,Lokpriya Gopinath Bordoloi International Airport (GAU),228.24,Srimantapur ICP,50.43
Michuria,Dhalai,269,272456,village,SK Para,10.88,ICD Amingaon,234.13,Kolkata Port (Syama Prasad Mookerjee Port) incl. Haldia Dock Complex,388.85,Lokpriya Gopinath Bordoloi International Airport (GAU),227.05,Srimantapur ICP,48.05
Jamthumbari,Dhalai,269,272454,village,SK Para,12.51,ICD Amingaon,231.65,Kolkata Port (Syama Prasad Mookerjee Port) incl. Haldia Dock Complex,389.86,Lokpriya Gopinath Bordoloi International Airport (GAU),224.58,Srimantapur ICP,49.11
Abhanga,Dhalai,269,272453,village,Ambassa,13.81,ICD Amingaon,231.52,Kolkata Port (Syama Prasad Mookerjee Port) incl. Haldia Dock Complex,386.6,Lokpriya Gopinath Bordoloi International Airport (GAU),224.3,Srimantapur ICP,45.95
Katalutma,Dhalai,269,272452,village,Ambassa,15.29,ICD Amingaon,230.41,Kolkata Port (Syama Prasad Mookerjee Port) incl. Haldia Dock Complex,385.54,Lokpriya Gopinath Bordoloi International Airport (GAU),223.11,Srimantapur ICP,45.03
Baralutma,Dhalai,269,272448,village,Ambassa,16.72,ICD Amingaon,228.72,Kolkata Port (Syama Prasad Mookerjee Port) incl. Haldia Dock Complex,386.86,Lokpriya Gopinath Bordoloi International Airport (GAU),221.47,Srimantapur ICP,46.5
Chankap,Dhalai,269,272446,village,SK Para,13.88,ICD Amingaon,229.79,Kolkata Port (Syama Prasad Mookerjee Port) incl. Haldia Dock Complex,390.65,Lokpriya Gopinath Bordoloi International Airport (GAU),222.73,Srimantapur ICP,50.0
Panboa,Dhalai,269,272451,village,Ambassa,17.63,ICD Amingaon,228.85,Kolkata Port (Syama Prasad Mookerjee Port) incl. Haldia Dock Complex,383.78,Lokpriya Gopinath Bordoloi International Airport (GAU),221.45,Srimantapur ICP,43.61
Apareshkar,Dhalai,269,272450,village,Ambassa,19.47,ICD Amingaon,226.6,Kolkata Port (Syama Prasad Mookerjee Port) incl. Haldia Dock Complex,385.26,Lokpriya Gopinath Bordoloi International Airport (GAU),219.23,Srimantapur ICP,45.39
Debichhara,Dhalai,269,272447,village,Nalkata,16.41,ICD Amingaon,226.9,Kolkata Port (Syama Prasad Mookerjee Port) incl. Haldia Dock Complex,389.84,Lokpriya Gopinath Bordoloi International Airport (GAU),219.75,Srimantapur ICP,49.56
Bamanchhara,Dhalai,269,272439,village,Nalkata,16.21,ICD Amingaon,224.12,Kolkata Port (Syama Prasad Mookerjee Port) incl. Haldia Dock Complex,391.98,Lokpriya Gopinath Bordoloi International Airport (GAU),217.04,Srimantapur ICP,52.0
Mahabir,Dhalai,269,272445,village,Nalkata,14.61,ICD Amingaon,226.49,Kolkata Port (Syama Prasad Mookerjee Port) incl. Haldia Dock Complex,391.85,Lokpriya Gopinath Bordoloi International Airport (GAU),219.44,Srimantapur ICP,51.51
Halahali,Dhalai,269,272444,village,Nalkata,18.63,ICD Amingaon,225.22,Kolkata Port (Syama Prasad Mookerjee Port) incl. Haldia Dock Complex,388.75,Lokpriya Gopinath Bordoloi International Airport (GAU),218.0,Srimantapur ICP,48.83
Longtharai RF,Dhalai,269,272438,village,Nalkata,11.26,ICD Amingaon,228.87,Kolkata Port (Syama Prasad Mookerjee Port) incl. Haldia Dock Complex,393.7,Lokpriya Gopinath Bordoloi International Airport (GAU),221.94,Srimantapur ICP,53.04
Duraichhara,Dhalai,269,272443,village,Ambassa,21.63,ICD Amingaon,224.41,Kolkata Port (Syama Prasad Mookerjee Port) incl. Haldia Dock Complex,385.87,Lokpriya Gopinath Bordoloi International Airport (GAU),217.03,Srimantapur ICP,46.43
Chhetrai,Dhalai,269,272437,village,Nalkata,12.3,ICD Amingaon,224.09,Kolkata Port (Syama Prasad Mookerjee Port) incl. Haldia Dock Complex,396.27,Lokpriya Gopinath Bordoloi International Airport (GAU),217.21,Srimantapur ICP,56.02
Srirampur,Dhalai,269,272442,village,Nalkata,24.16,ICD Amingaon,222.18,Kolkata Port (Syama Prasad Mookerjee Port) incl. Haldia Dock Complex,385.49,Lokpriya Gopinath Bordoloi International Airport (GAU),214.74,Srimantapur ICP,46.71
Chulubari,Dhalai,269,272440,village,Nalkata,17.98,ICD Amingaon,222.45,Kolkata Port (Syama Prasad Mookerjee Port) incl. Haldia Dock Complex,391.53,Lokpriya Gopinath Bordoloi International Airport (GAU),215.31,Srimantapur ICP,51.91
Manikbhandar,Dhalai,269,272441,village,Nalkata,20.72,ICD Amingaon,221.94,Kolkata Port (Syama Prasad Mookerjee Port) incl. Haldia Dock Complex,389.1,Lokpriya Gopinath Bordoloi International Airport (GAU),214.67,Srimantapur ICP,49.88
Darang Tilla,Dhalai,269,272434,village,Nalkata,19.87,ICD Amingaon,221.25,Kolkata Port (Syama Prasad Mookerjee Port) incl. Haldia Dock Complex,390.59,Lokpriya Gopinath Bordoloi International Airport (GAU),214.04,Srimantapur ICP,51.35
Chotosurma,Dhalai,269,272436,village,Nalkata,16.07,ICD Amingaon,221.65,Kolkata Port (Syama Prasad Mookerjee Port) incl. Haldia Dock Complex,394.4,Lokpriya Gopinath Bordoloi International Airport (GAU),214.65,Srimantapur ICP,54.69
Panchasi,Dhalai,269,272428,village,Nalkata,20.09,ICD Amingaon,218.59,Kolkata Port (Syama Prasad Mookerjee Port) incl. Haldia Dock Complex,392.98,Lokpriya Gopinath Bordoloi International Airport (GAU),211.46,Srimantapur ICP,54.13
Kuchainala,Dhalai,269,272435,village,Nalkata,19.09,ICD Amingaon,220.29,Kolkata Port (Syama Prasad Mookerjee Port) incl. Haldia Dock Complex,392.35,Lokpriya Gopinath Bordoloi International Airport (GAU),213.16,Srimantapur ICP,53.14
Lambuchhara,Dhalai,269,272432,village,Nalkata,23.92,ICD Amingaon,220.25,Kolkata Port (Syama Prasad Mookerjee Port) incl. Haldia Dock Complex,387.24,Lokpriya Gopinath Bordoloi International Airport (GAU),212.87,Srimantapur ICP,48.76
Kala Chhari,Dhalai,269,922801,village,Nalkata,22.12,ICD Amingaon,219.46,Kolkata Port (Syama Prasad Mookerjee Port) incl. Haldia Dock Complex,389.82,Lokpriya Gopinath Bordoloi International Airport (GAU),212.19,Srimantapur ICP,51.17
Motirmiah,Dhalai,269,272433,village,Nalkata,20.49,ICD Amingaon,219.39,Kolkata Port (Syama Prasad Mookerjee Port) incl. Haldia Dock Complex,391.67,Lokpriya Gopinath Bordoloi International Airport (GAU),212.21,Srimantapur ICP,52.78
Harerkhola,Dhalai,269,272429,village,Nalkata,21.43,ICD Amingaon,217.97,Kolkata Port (Syama Prasad Mookerjee Port) incl. Haldia Dock Complex,392.09,Lokpriya Gopinath Bordoloi International Airport (GAU),210.79,Srimantapur ICP,53.54
Marachhara,Dhalai,269,272425,village,Kumarghat,17.2,ICD Amingaon,219.56,Kolkata Port (Syama Prasad Mookerjee Port) incl. Haldia Dock Complex,395.32,Lokpriya Gopinath Bordoloi International Airport (GAU),212.56,Srimantapur ICP,55.96
Bishnupur,Dhalai,269,272431,village,Nalkata,26.05,ICD Amingaon,217.79,Kolkata Port (Syama Prasad Mookerjee Port) incl. Haldia Dock Complex,387.21,Lokpriya Gopinath Bordoloi International Airport (GAU),210.36,Srimantapur ICP,49.56
Halhuli,Dhalai,269,272427,village,Kumarghat,20.28,ICD Amingaon,216.97,Kolkata Port (Syama Prasad Mookerjee Port) incl. Haldia Dock Complex,393.89,Lokpriya Gopinath Bordoloi International Airport (GAU),209.85,Srimantapur ICP,55.37
Barasurma,Dhalai,269,272426,village,Kumarghat,19.31,ICD Amingaon,217.92,Kolkata Port (Syama Prasad Mookerjee Port) incl. Haldia Dock Complex,394.24,Lokpriya Gopinath Bordoloi International Airport (GAU),210.84,Srimantapur ICP,55.4
Kamalpur,Dhalai,269,922867,village,Kumarghat,20.49,ICD Amingaon,215.91,Kolkata Port (Syama Prasad Mookerjee Port) incl. Haldia Dock Complex,394.38,Lokpriya Gopinath Bordoloi International Airport (GAU),208.8,Srimantapur ICP,56.09
Mayachhari,Dhalai,269,272430,village,Nalkata,24.01,ICD Amingaon,216.95,Kolkata Port (Syama Prasad Mookerjee Port) incl. Haldia Dock Complex,390.24,Lokpriya Gopinath Bordoloi International Airport (GAU),209.65,Srimantapur ICP,52.31
Noagaon,Dhalai,269,272422,village,Kumarghat,23.05,ICD Amingaon,215.99,Kolkata Port (Syama Prasad Mookerjee Port) incl. Haldia Dock Complex,391.86,Lokpriya Gopinath Bordoloi International Airport (GAU),208.76,Srimantapur ICP,53.96
Dakshin Bilashchhara,Dhalai,269,272421,village,Kumarghat,26.71,ICD Amingaon,214.96,Kolkata Port (Syama Prasad Mookerjee Port) incl. Haldia Dock Complex,389.06,Lokpriya Gopinath Bordoloi International Airport (GAU),207.56,Srimantapur ICP,52.07
Ganganagar,Dhalai,269,272423,village,Kumarghat,23.45,ICD Amingaon,214.56,Kolkata Port (Syama Prasad Mookerjee Port) incl. Haldia Dock Complex,392.45,Lokpriya Gopinath Bordoloi International Airport (GAU),207.32,Srimantapur ICP,54.92
Mohanpur,Dhalai,269,272424,village,Kumarghat,20.28,ICD Amingaon,214.07,Kolkata Port (Syama Prasad Mookerjee Port) incl. Haldia Dock Complex,395.97,Lokpriya Gopinath Bordoloi International Airport (GAU),207.01,Srimantapur ICP,57.99
Uttar Bilaschhara,Dhalai,269,272420,village,Kumarghat,29.22,ICD Amingaon,211.46,Kolkata Port (Syama Prasad Mookerjee Port) incl. Haldia Dock Complex,389.14,Lokpriya Gopinath Bordoloi International Airport (GAU),204.0,Srimantapur ICP,53.6
Dangama Para,Dhalai,269,272521,village,Mungiakami,25.33,ICD Amingaon,270.69,Kolkata Port (Syama Prasad Mookerjee Port) incl. Haldia Dock Complex,375.38,Lokpriya Gopinath Bordoloi International Airport (GAU),263.47,Srimantapur ICP,46.84
Atharamura RF,Khowai,652,271976,village,Mungiakami,4.57,ICD Amingaon,251.57,Kolkata Port (Syama Prasad Mookerjee Port) incl. Haldia Dock Complex,371.94,Lokpriya Gopinath Bordoloi International Airport (GAU),243.99,Srimantapur ICP,33.12
Batabari,Dhalai,269,272516,village,Mungiakami,15.26,ICD Amingaon,262.36,Kolkata Port (Syama Prasad Mookerjee Port) incl. Haldia Dock Complex,372.26,Lokpriya Gopinath Bordoloi International Airport (GAU),254.93,Srimantapur ICP,38.58
Auliarai Para,Dhalai,269,272499,village,Jawaharnagar,3.85,ICD Amingaon,249.58,Kolkata Port (Syama Prasad Mookerjee Port) incl. Haldia Dock Complex,385.51,Lokpriya Gopinath Bordoloi International Airport (GAU),242.55,Srimantapur ICP,46.8
Balaram,Dhalai,269,272491,village,Ambassa,4.68,ICD Amingaon,240.73,Kolkata Port (Syama Prasad Mookerjee Port) incl. Haldia Dock Complex,387.81,Lokpriya Gopinath Bordoloi International Airport (GAU),233.69,Srimantapur ICP,47.37
Baluchhara,Dhalai,269,272510,village,Jawaharnagar,12.89,ICD Amingaon,258.76,Kolkata Port (Syama Prasad Mookerjee Port) incl. Haldia Dock Complex,385.41,Lokpriya Gopinath Bordoloi International Airport (GAU),251.82,Srimantapur ICP,50.09
Bagmara,Dhalai,269,272492,village,Jawaharnagar,2.45,ICD Amingaon,243.65,Kolkata Port (Syama Prasad Mookerjee Port) incl. Haldia Dock Complex,387.54,Lokpriya Gopinath Bordoloi International Airport (GAU),236.64,Srimantapur ICP,47.53
Chakmapara,Dhalai,269,272511,village,Jawaharnagar,18.67,ICD Amingaon,263.95,Kolkata Port (Syama Prasad Mookerjee Port) incl. Haldia Dock Complex,387.76,Lokpriya Gopinath Bordoloi International Airport (GAU),257.16,Srimantapur ICP,54.9
Ganganagar,Dhalai,269,272515,village,Mungiakami,17.09,ICD Amingaon,262.66,Kolkata Port (Syama Prasad Mookerjee Port) incl. Haldia Dock Complex,374.81,Lokpriya Gopinath Bordoloi International Airport (GAU),255.34,Srimantapur ICP,41.32
Gangaprasad Para,Dhalai,269,272520,village,Jawaharnagar,22.59,ICD Amingaon,267.76,Kolkata Port (Syama Prasad Mookerjee Port) incl. Haldia Dock Complex,376.08,Lokpriya Gopinath Bordoloi International Airport (GAU),260.54,Srimantapur ICP,45.62
Gurudhan Para,Dhalai,269,272502,village,Jawaharnagar,9.7,ICD Amingaon,254.86,Kolkata Port (Syama Prasad Mookerjee Port) incl. Haldia Dock Complex,388.92,Lokpriya Gopinath Bordoloi International Airport (GAU),248.03,Srimantapur ICP,52.1
Harimangal Para,Dhalai,269,272503,village,Jawaharnagar,7.37,ICD Amingaon,253.29,Kolkata Port (Syama Prasad Mookerjee Port) incl. Haldia Dock Complex,385.79,Lokpriya Gopinath Bordoloi International Airport (GAU),246.32,Srimantapur ICP,48.3
Jagannathpur,Dhalai,269,272498,village,Ambassa,3.32,ICD Amingaon,248.35,Kolkata Port (Syama Prasad Mookerjee Port) incl. Haldia Dock Complex,383.34,Lokpriya Gopinath Bordoloi International Airport (GAU),241.21,Srimantapur ICP,44.19
Kamala Chhara,Dhalai,269,272495,village,Ambassa,4.09,ICD Amingaon,247.23,Kolkata Port (Syama Prasad Mookerjee Port) incl. Haldia Dock Complex,380.77,Lokpriya Gopinath Bordoloi International Airport (GAU),239.97,Srimantapur ICP,41.2
Kanchanpur,Dhalai,269,272496,village,Ambassa,2.15,ICD Amingaon,246.36,Kolkata Port (Syama Prasad Mookerjee Port) incl. Haldia Dock Complex,382.71,Lokpriya Gopinath Bordoloi International Airport (GAU),239.17,Srimantapur ICP,43.03
Ambassa,Dhalai,269,922862,village,Ambassa,1.92,ICD Amingaon,246.67,Kolkata Port (Syama Prasad Mookerjee Port) incl. Haldia Dock Complex,385.21,Lokpriya Gopinath Bordoloi International Airport (GAU),239.59,Srimantapur ICP,45.72
Karmapara,Dhalai,269,272506,village,Mungiakami,12.13,ICD Amingaon,258.36,Kolkata Port (Syama Prasad Mookerjee Port) incl. Haldia Dock Complex,373.64,Lokpriya Gopinath Bordoloi International Airport (GAU),250.94,Srimantapur ICP,37.83
Karnamani Para,Dhalai,269,272508,village,Jawaharnagar,13.99,ICD Amingaon,259.44,Kolkata Port (Syama Prasad Mookerjee Port) incl. Haldia Dock Complex,380.4,Lokpriya Gopinath Bordoloi International Airport (GAU),252.3,Srimantapur ICP,45.3
Khamupara,Dhalai,269,272513,village,Jawaharnagar,19.35,ICD Amingaon,265.01,Kolkata Port (Syama Prasad Mookerjee Port) incl. Haldia Dock Complex,379.38,Lokpriya Gopinath Bordoloi International Airport (GAU),257.89,Srimantapur ICP,47.19
Khowaipar,Dhalai,269,272514,village,Jawaharnagar,18.72,ICD Amingaon,263.68,Kolkata Port (Syama Prasad Mookerjee Port) incl. Haldia Dock Complex,376.98,Lokpriya Gopinath Bordoloi International Airport (GAU),256.45,Srimantapur ICP,44.06
Kulai,Dhalai,269,272494,village,Ambassa,3.43,ICD Amingaon,244.83,Kolkata Port (Syama Prasad Mookerjee Port) incl. Haldia Dock Complex,381.57,Lokpriya Gopinath Bordoloi International Airport (GAU),237.57,Srimantapur ICP,41.52
Kulai RF,Dhalai,269,272504,village,Ambassa,5.48,ICD Amingaon,249.85,Kolkata Port (Syama Prasad Mookerjee Port) incl. Haldia Dock Complex,380.75,Lokpriya Gopinath Bordoloi International Airport (GAU),242.62,Srimantapur ICP,41.9
Kulai RF Extension,Dhalai,269,272505,village,Ambassa,8.25,ICD Amingaon,251.53,Kolkata Port (Syama Prasad Mookerjee Port) incl. Haldia Dock Complex,377.86,Lokpriya Gopinath Bordoloi International Airport (GAU),244.2,Srimantapur ICP,39.39
Lalchhari,Dhalai,269,272493,village,Ambassa,2.13,ICD Amingaon,243.27,Kolkata Port (Syama Prasad Mookerjee Port) incl. Haldia Dock Complex,384.17,Lokpriya Gopinath Bordoloi International Airport (GAU),236.11,Srimantapur ICP,43.96
Lalchhara,Dhalai,269,272509,village,Jawaharnagar,16.02,ICD Amingaon,261.67,Kolkata Port (Syama Prasad Mookerjee Port) incl. Haldia Dock Complex,380.45,Lokpriya Gopinath Bordoloi International Airport (GAU),254.56,Srimantapur ICP,46.46
Paschim Nalichhara,Dhalai,269,272489,village,Ambassa,8.76,ICD Amingaon,241.38,Kolkata Port (Syama Prasad Mookerjee Port) incl. Haldia Dock Complex,378.46,Lokpriya Gopinath Bordoloi International Airport (GAU),233.93,Srimantapur ICP,37.8
Purba Nalichhara,Dhalai,269,272490,village,Ambassa,5.17,ICD Amingaon,241.62,Kolkata Port (Syama Prasad Mookerjee Port) incl. Haldia Dock Complex,382.18,Lokpriya Gopinath Bordoloi International Airport (GAU),234.35,Srimantapur ICP,41.66
Radharambari,Dhalai,269,272519,village,Mungiakami,19.49,ICD Amingaon,265.73,Kolkata Port (Syama Prasad Mookerjee Port) incl. Haldia Dock Complex,373.75,Lokpriya Gopinath Bordoloi International Airport (GAU),258.4,Srimantapur ICP,42.09
Raipassa,Dhalai,269,272497,village,Ambassa,4.08,ICD Amingaon,248.31,Kolkata Port (Syama Prasad Mookerjee Port) incl. Haldia Dock Complex,381.39,Lokpriya Gopinath Bordoloi International Airport (GAU),241.09,Srimantapur ICP,42.13
Sikaribari,Dhalai,269,272501,village,Jawaharnagar,4.36,ICD Amingaon,249.6,Kolkata Port (Syama Prasad Mookerjee Port) incl. Haldia Dock Complex,388.96,Lokpriya Gopinath Bordoloi International Airport (GAU),242.72,Srimantapur ICP,50.4
Tetaiya,Dhalai,269,272512,village,Jawaharnagar,17.23,ICD Amingaon,263.08,Kolkata Port (Syama Prasad Mookerjee Port) incl. Haldia Dock Complex,384.76,Lokpriya Gopinath Bordoloi International Airport (GAU),256.16,Srimantapur ICP,51.49
Ulemchhara,Dhalai,269,272507,village,Ambassa,13.33,ICD Amingaon,257.98,Kolkata Port (Syama Prasad Mookerjee Port) incl. Haldia Dock Complex,377.76,Lokpriya Gopinath Bordoloi International Airport (GAU),250.72,Srimantapur ICP,41.9
Jarimura,Gomati,654,272348,village,Mungiakami,44.28,ICD Amingaon,292.88,Kolkata Port (Syama Prasad Mookerjee Port) incl. Haldia Dock Complex,364.33,Lokpriya Gopinath Bordoloi International Airport (GAU),285.43,Sabroom ICP,41.48
Pustaraipara,Dhalai,269,272517,village,Mungiakami,19.72,ICD Amingaon,267.64,Kolkata Port (Syama Prasad Mookerjee Port) incl. Haldia Dock Complex,370.12,Lokpriya Gopinath Bordoloi International Airport (GAU),260.19,Srimantapur ICP,39.8
Sardinkha Para,Dhalai,269,272518,village,Mungiakami,21.41,ICD Amingaon,268.41,Kolkata Port (Syama Prasad Mookerjee Port) incl. Haldia Dock Complex,372.19,Lokpriya Gopinath Bordoloi International Airport (GAU),261.04,Srimantapur ICP,42.3
Satbhaiya Para,Dhalai,269,272522,village,Jawaharnagar,24.26,ICD Amingaon,270.07,Kolkata Port (Syama Prasad Mookerjee Port) incl. Haldia Dock Complex,378.94,Lokpriya Gopinath Bordoloi International Airport (GAU),262.98,Srimantapur ICP,49.79
Sidhha Para,Dhalai,269,272523,village,Jawaharnagar,22.82,ICD Amingaon,268.74,Kolkata Port (Syama Prasad Mookerjee Port) incl. Haldia Dock Complex,381.78,Lokpriya Gopinath Bordoloi International Airport (GAU),261.75,Srimantapur ICP,51.68
Paschim Potachhara,Dhalai,269,272573,village,Mungiakami,50.7,ICD Amingaon,297.76,Kolkata Port (Syama Prasad Mookerjee Port) incl. Haldia Dock Complex,370.34,Lokpriya Gopinath Bordoloi International Airport (GAU),290.56,Sabroom ICP,39.7
Purba Potachhara,Dhalai,269,272572,village,Jawaharnagar,51.69,ICD Amingaon,297.59,Kolkata Port (Syama Prasad Mookerjee Port) incl. Haldia Dock Complex,374.1,Lokpriya Gopinath Bordoloi International Airport (GAU),290.51,Sabroom ICP,41.84
Jarulchhara,Dhalai,269,272571,village,Jawaharnagar,48.18,ICD Amingaon,294.08,Kolkata Port (Syama Prasad Mookerjee Port) incl. Haldia Dock Complex,378.06,Lokpriya Gopinath Bordoloi International Airport (GAU),287.13,Sabroom ICP,46.68
Purba Raima,Dhalai,269,272568,village,Mungiakami,47.7,ICD Amingaon,293.98,Kolkata Port (Syama Prasad Mookerjee Port) incl. Haldia Dock Complex,372.99,Lokpriya Gopinath Bordoloi International Airport (GAU),286.85,Sabroom ICP,43.96
Paschim Raima,Dhalai,269,272567,village,Mungiakami,45.44,ICD Amingaon,293.0,Kolkata Port (Syama Prasad Mookerjee Port) incl. Haldia Dock Complex,368.83,Lokpriya Gopinath Bordoloi International Airport (GAU),285.71,Sabroom ICP,42.89
Kamala Khal,Dhalai,269,272565,village,Mungiakami,42.89,ICD Amingaon,290.86,Kolkata Port (Syama Prasad Mookerjee Port) incl. Haldia Dock Complex,367.45,Lokpriya Gopinath Bordoloi International Airport (GAU),283.51,Sabroom ICP,44.22
Kamalshram,Dhalai,269,272566,village,Mungiakami,43.97,ICD Amingaon,290.75,Kolkata Port (Syama Prasad Mookerjee Port) incl. Haldia Dock Complex,371.57,Lokpriya Gopinath Bordoloi International Airport (GAU),283.54,Sabroom ICP,45.89
Khedarkote,Dhalai,269,272564,village,Mungiakami,41.18,ICD Amingaon,289.61,Kolkata Port (Syama Prasad Mookerjee Port) incl. Haldia Dock Complex,365.63,Lokpriya Gopinath Bordoloi International Airport (GAU),282.18,Sabroom ICP,44.78
Sukraichhara,Dhalai,269,272570,village,Jawaharnagar,44.22,ICD Amingaon,290.13,Kolkata Port (Syama Prasad Mookerjee Port) incl. Haldia Dock Complex,378.48,Lokpriya Gopinath Bordoloi International Airport (GAU),283.16,Sabroom ICP,49.78
Tuichhama,Dhalai,269,272559,village,Jawaharnagar,42.28,ICD Amingaon,288.12,Kolkata Port (Syama Prasad Mookerjee Port) incl. Haldia Dock Complex,374.63,Lokpriya Gopinath Bordoloi International Airport (GAU),281.01,Sabroom ICP,49.38
Thakur Chhara,Dhalai,269,272560,village,Mungiakami,40.45,ICD Amingaon,287.48,Kolkata Port (Syama Prasad Mookerjee Port) incl. Haldia Dock Complex,370.98,Lokpriya Gopinath Bordoloi International Airport (GAU),280.23,Sabroom ICP,48.39
Ranipukur,Dhalai,269,272561,village,Mungiakami,39.16,ICD Amingaon,287.05,Kolkata Port (Syama Prasad Mookerjee Port) incl. Haldia Dock Complex,368.14,Lokpriya Gopinath Bordoloi International Airport (GAU),279.69,Sabroom ICP,47.79
Ramnagar,Dhalai,269,272562,village,Mungiakami,37.42,ICD Amingaon,285.96,Kolkata Port (Syama Prasad Mookerjee Port) incl. Haldia Dock Complex,365.57,Lokpriya Gopinath Bordoloi International Airport (GAU),278.51,Sabroom ICP,48.08
Ratan Nagar,Dhalai,269,272558,village,Jawaharnagar,39.81,ICD Amingaon,285.73,Kolkata Port (Syama Prasad Mookerjee Port) incl. Haldia Dock Complex,377.26,Lokpriya Gopinath Bordoloi International Airport (GAU),278.69,Sabroom ICP,52.52
Sardong,Dhalai,269,272557,village,Jawaharnagar,38.92,ICD Amingaon,284.81,Kolkata Port (Syama Prasad Mookerjee Port) incl. Haldia Dock Complex,379.95,Lokpriya Gopinath Bordoloi International Airport (GAU),277.87,Sabroom ICP,54.57
Dhalajhari,Dhalai,269,272549,village,Mungiakami,33.81,ICD Amingaon,282.51,Kolkata Port (Syama Prasad Mookerjee Port) incl. Haldia Dock Complex,365.37,Lokpriya Gopinath Bordoloi International Airport (GAU),275.02,Srimantapur ICP,47.18
Uttaraipara,Dhalai,269,272552,village,Mungiakami,36.72,ICD Amingaon,283.34,Kolkata Port (Syama Prasad Mookerjee Port) incl. Haldia Dock Complex,372.36,Lokpriya Gopinath Bordoloi International Airport (GAU),276.11,Sabroom ICP,52.42
Sarma,Dhalai,269,272551,village,Mungiakami,33.85,ICD Amingaon,281.16,Kolkata Port (Syama Prasad Mookerjee Port) incl. Haldia Dock Complex,370.54,Lokpriya Gopinath Bordoloi International Airport (GAU),273.85,Srimantapur ICP,50.25
Joyrampur,Dhalai,269,272556,village,Jawaharnagar,36.24,ICD Amingaon,282.16,Kolkata Port (Syama Prasad Mookerjee Port) incl. Haldia Dock Complex,378.62,Lokpriya Gopinath Bordoloi International Airport (GAU),275.16,Sabroom ICP,55.98
Paschim Kalyansingh,Dhalai,269,272554,village,Jawaharnagar,35.2,ICD Amingaon,281.03,Kolkata Port (Syama Prasad Mookerjee Port) incl. Haldia Dock Complex,376.24,Lokpriya Gopinath Bordoloi International Airport (GAU),273.93,Srimantapur ICP,54.92
Lakshmipur,Dhalai,269,272548,village,Mungiakami,31.47,ICD Amingaon,280.06,Kolkata Port (Syama Prasad Mookerjee Port) incl. Haldia Dock Complex,366.26,Lokpriya Gopinath Bordoloi International Airport (GAU),272.58,Srimantapur ICP,45.82
Purba Kalyansingh,Dhalai,269,272555,village,Jawaharnagar,33.87,ICD Amingaon,279.8,Kolkata Port (Syama Prasad Mookerjee Port) incl. Haldia Dock Complex,379.67,Lokpriya Gopinath Bordoloi International Airport (GAU),272.81,Srimantapur ICP,56.98
Paschim Gandachhara,Dhalai,269,272546,village,Mungiakami,30.95,ICD Amingaon,278.64,Kolkata Port (Syama Prasad Mookerjee Port) incl. Haldia Dock Complex,369.64,Lokpriya Gopinath Bordoloi International Airport (GAU),271.28,Srimantapur ICP,47.49
Dalapati Para,Dhalai,269,272543,village,Jawaharnagar,32.88,ICD Amingaon,278.51,Kolkata Port (Syama Prasad Mookerjee Port) incl. Haldia Dock Complex,374.89,Lokpriya Gopinath Bordoloi International Airport (GAU),271.34,Srimantapur ICP,51.9
Purba Gandachhara,Dhalai,269,272544,village,Mungiakami,30.58,ICD Amingaon,277.1,Kolkata Port (Syama Prasad Mookerjee Port) incl. Haldia Dock Complex,372.85,Lokpriya Gopinath Bordoloi International Airport (GAU),269.84,Srimantapur ICP,49.08
Ultachhara,Dhalai,269,272545,village,Mungiakami,27.91,ICD Amingaon,275.18,Kolkata Port (Syama Prasad Mookerjee Port) incl. Haldia Dock Complex,371.13,Lokpriya Gopinath Bordoloi International Airport (GAU),267.84,Srimantapur ICP,46.13
Chitrajhari,Dhalai,269,272547,village,Mungiakami,26.75,ICD Amingaon,275.3,Kolkata Port (Syama Prasad Mookerjee Port) incl. Haldia Dock Complex,367.15,Lokpriya Gopinath Bordoloi International Airport (GAU),267.81,Srimantapur ICP,42.72
Malyan Singh,Dhalai,269,272542,village,Jawaharnagar,30.62,ICD Amingaon,276.51,Kolkata Port (Syama Prasad Mookerjee Port) incl. Haldia Dock Complex,378.32,Lokpriya Gopinath Bordoloi International Airport (GAU),269.45,Srimantapur ICP,53.48
Sipasingh,Dhalai,269,272541,village,Jawaharnagar,29.95,ICD Amingaon,275.86,Kolkata Port (Syama Prasad Mookerjee Port) incl. Haldia Dock Complex,380.83,Lokpriya Gopinath Bordoloi International Airport (GAU),268.89,Srimantapur ICP,55.3
Jagabandhu Para,Dhalai,269,272537,village,Mungiakami,23.97,ICD Amingaon,272.27,Kolkata Port (Syama Prasad Mookerjee Port) incl. Haldia Dock Complex,368.46,Lokpriya Gopinath Bordoloi International Airport (GAU),264.8,Srimantapur ICP,41.56
Jinarai Para,Dhalai,269,272539,village,Jawaharnagar,27.43,ICD Amingaon,273.25,Kolkata Port (Syama Prasad Mookerjee Port) incl. Haldia Dock Complex,378.16,Lokpriya Gopinath Bordoloi International Airport (GAU),266.16,Srimantapur ICP,51.13
Barabari,Dhalai,269,272538,village,Mungiakami,25.51,ICD Amingaon,272.26,Kolkata Port (Syama Prasad Mookerjee Port) incl. Haldia Dock Complex,372.53,Lokpriya Gopinath Bordoloi International Airport (GAU),264.95,Srimantapur ICP,45.27
Bhagirath Para,Dhalai,269,272540,village,Jawaharnagar,26.45,ICD Amingaon,272.37,Kolkata Port (Syama Prasad Mookerjee Port) incl. Haldia Dock Complex,381.46,Lokpriya Gopinath Bordoloi International Airport (GAU),265.39,Srimantapur ICP,53.61
Birchandra Nagar,Dhalai,269,272553,village,Mungiakami,38.11,ICD Amingaon,283.92,Kolkata Port (Syama Prasad Mookerjee Port) incl. Haldia Dock Complex,374.42,Lokpriya Gopinath Bordoloi International Airport (GAU),276.77,Sabroom ICP,52.72
Boalkhali,Dhalai,269,272569,village,Jawaharnagar,46.04,ICD Amingaon,291.96,Kolkata Port (Syama Prasad Mookerjee Port) incl. Haldia Dock Complex,375.92,Lokpriya Gopinath Bordoloi International Airport (GAU),284.92,Sabroom ICP,47.02
Bulongbasha,Dhalai,269,272550,village,Mungiakami,35.89,ICD Amingaon,283.59,Kolkata Port (Syama Prasad Mookerjee Port) incl. Haldia Dock Complex,369.13,Lokpriya Gopinath Bordoloi International Airport (GAU),276.24,Srimantapur ICP,51.06
Kathalbari,Dhalai,269,272500,village,Jawaharnagar,1.47,ICD Amingaon,245.75,Kolkata Port (Syama Prasad Mookerjee Port) incl. Haldia Dock Complex,389.18,Lokpriya Gopinath Bordoloi International Airport (GAU),238.84,Srimantapur ICP,49.65
Deb Chhara,Dhalai,269,272535,village,Jawaharnagar,20.89,ICD Amingaon,263.52,Kolkata Port (Syama Prasad Mookerjee Port) incl. Haldia Dock Complex,394.32,Lokpriya Gopinath Bordoloi International Airport (GAU),256.99,Srimantapur ICP,61.16
Central Catchment RF,Dhalai,269,272536,village,Jawaharnagar,26.68,ICD Amingaon,268.6,Kolkata Port (Syama Prasad Mookerjee Port) incl. Haldia Dock Complex,396.1,Lokpriya Gopinath Bordoloi International Airport (GAU),262.18,Srimantapur ICP,65.34
Manu Chailengta RF,Dhalai,269,272487,village,Manu,14.6,ICD Amingaon,253.57,Kolkata Port (Syama Prasad Mookerjee Port) incl. Haldia Dock Complex,402.57,Lokpriya Gopinath Bordoloi International Airport (GAU),247.32,Srimantapur ICP,65.58
Dakshin Longtharai,Dhalai,269,272529,village,Jawaharnagar,13.11,ICD Amingaon,257.64,Kolkata Port (Syama Prasad Mookerjee Port) incl. Haldia Dock Complex,390.31,Lokpriya Gopinath Bordoloi International Airport (GAU),250.9,Srimantapur ICP,54.6
Manikpur,Dhalai,269,272533,village,Manu,17.55,ICD Amingaon,257.6,Kolkata Port (Syama Prasad Mookerjee Port) incl. Haldia Dock Complex,398.21,Lokpriya Gopinath Bordoloi International Airport (GAU),251.19,Srimantapur ICP,62.57
Paschim Chhawmanu,Dhalai,269,272530,village,Jawaharnagar,14.12,ICD Amingaon,257.09,Kolkata Port (Syama Prasad Mookerjee Port) incl. Haldia Dock Complex,393.2,Lokpriya Gopinath Bordoloi International Airport (GAU),250.46,Srimantapur ICP,57.31
Uttar Longtharai,Dhalai,269,272528,village,Jawaharnagar,11.23,ICD Amingaon,254.84,Kolkata Port (Syama Prasad Mookerjee Port) incl. Haldia Dock Complex,391.94,Lokpriya Gopinath Bordoloi International Airport (GAU),248.14,Srimantapur ICP,55.19
Purba Chhawmanu,Dhalai,269,272534,village,Jawaharnagar,16.63,ICD Amingaon,257.67,Kolkata Port (Syama Prasad Mookerjee Port) incl. Haldia Dock Complex,396.17,Lokpriya Gopinath Bordoloi International Airport (GAU),251.18,Srimantapur ICP,60.55
Makar Chhara,Dhalai,269,272531,village,Jawaharnagar,12.83,ICD Amingaon,254.03,Kolkata Port (Syama Prasad Mookerjee Port) incl. Haldia Dock Complex,395.22,Lokpriya Gopinath Bordoloi International Airport (GAU),247.46,Srimantapur ICP,58.26
Sadhujan Para,Dhalai,269,272527,village,Jawaharnagar,10.05,ICD Amingaon,252.52,Kolkata Port (Syama Prasad Mookerjee Port) incl. Haldia Dock Complex,393.28,Lokpriya Gopinath Bordoloi International Airport (GAU),245.85,Srimantapur ICP,55.77
Joychandra Para,Dhalai,269,272524,village,Jawaharnagar,6.16,ICD Amingaon,248.89,Kolkata Port (Syama Prasad Mookerjee Port) incl. Haldia Dock Complex,392.1,Lokpriya Gopinath Bordoloi International Airport (GAU),242.13,Srimantapur ICP,53.47
Sonapur,Dhalai,269,272525,village,SK Para,8.68,ICD Amingaon,249.58,Kolkata Port (Syama Prasad Mookerjee Port) incl. Haldia Dock Complex,394.88,Lokpriya Gopinath Bordoloi International Airport (GAU),242.96,Srimantapur ICP,56.53
Durga Chhara,Dhalai,269,272526,village,Manu,8.95,ICD Amingaon,249.14,Kolkata Port (Syama Prasad Mookerjee Port) incl. Haldia Dock Complex,397.13,Lokpriya Gopinath Bordoloi International Airport (GAU),242.61,Srimantapur ICP,58.73
Chailengta,Dhalai,269,272484,village,Manu,4.89,ICD Amingaon,245.1,Kolkata Port (Syama Prasad Mookerjee Port) incl. Haldia Dock Complex,398.8,Lokpriya Gopinath Bordoloi International Airport (GAU),238.6,Srimantapur ICP,59.47
Ghagra Chhara,Dhalai,269,272485,village,SK Para,5.93,ICD Amingaon,247.19,Kolkata Port (Syama Prasad Mookerjee Port) incl. Haldia Dock Complex,393.75,Lokpriya Gopinath Bordoloi International Airport (GAU),240.49,Srimantapur ICP,54.73
Gainama,Dhalai,269,272483,village,Manu,5.4,ICD Amingaon,245.49,Kolkata Port (Syama Prasad Mookerjee Port) incl. Haldia Dock Complex,397.47,Lokpriya Gopinath Bordoloi International Airport (GAU),238.94,Srimantapur ICP,58.18
Lalchhara,Dhalai,269,272486,village,Manu,5.27,ICD Amingaon,244.87,Kolkata Port (Syama Prasad Mookerjee Port) incl. Haldia Dock Complex,401.12,Lokpriya Gopinath Bordoloi International Airport (GAU),238.47,Srimantapur ICP,61.81
Jarul Chhara,Dhalai,269,272479,village,Manu,3.07,ICD Amingaon,240.96,Kolkata Port (Syama Prasad Mookerjee Port) incl. Haldia Dock Complex,402.57,Lokpriya Gopinath Bordoloi International Airport (GAU),234.59,Srimantapur ICP,62.6
Mainama,Dhalai,269,272480,village,Manu,2.42,ICD Amingaon,242.39,Kolkata Port (Syama Prasad Mookerjee Port) incl. Haldia Dock Complex,400.34,Lokpriya Gopinath Bordoloi International Airport (GAU),235.93,Srimantapur ICP,60.53
Jamir Chhara,Dhalai,269,272481,village,Manu,1.39,ICD Amingaon,239.29,Kolkata Port (Syama Prasad Mookerjee Port) incl. Haldia Dock Complex,399.09,Lokpriya Gopinath Bordoloi International Airport (GAU),232.75,Srimantapur ICP,58.79
Dakshin Dhumachhara,Dhalai,269,272477,village,SK Para,4.33,ICD Amingaon,237.18,Kolkata Port (Syama Prasad Mookerjee Port) incl. Haldia Dock Complex,396.77,Lokpriya Gopinath Bordoloi International Airport (GAU),230.51,Srimantapur ICP,56.19
Manu,Dhalai,269,272488,village,Manu,0.97,ICD Amingaon,239.24,Kolkata Port (Syama Prasad Mookerjee Port) incl. Haldia Dock Complex,400.17,Lokpriya Gopinath Bordoloi International Airport (GAU),232.74,Srimantapur ICP,59.89
Uttar Dhumachhara,Dhalai,269,272476,village,Manu,4.76,ICD Amingaon,236.3,Kolkata Port (Syama Prasad Mookerjee Port) incl. Haldia Dock Complex,398.3,Lokpriya Gopinath Bordoloi International Airport (GAU),229.68,Srimantapur ICP,57.68
Purba Machli,Dhalai,269,272478,village,Manu,3.73,ICD Amingaon,237.81,Kolkata Port (Syama Prasad Mookerjee Port) incl. Haldia Dock Complex,403.25,Lokpriya Gopinath Bordoloi International Airport (GAU),231.45,Srimantapur ICP,62.87
Deo RF,Dhalai,269,272472,village,Nalkata,7.41,ICD Amingaon,236.1,Kolkata Port (Syama Prasad Mookerjee Port) incl. Haldia Dock Complex,407.86,Lokpriya Gopinath Bordoloi International Airport (GAU),229.93,Srimantapur ICP,67.4
Purba Karamchhara,Dhalai,269,272473,village,Nalkata,5.29,ICD Amingaon,235.8,Kolkata Port (Syama Prasad Mookerjee Port) incl. Haldia Dock Complex,405.32,Lokpriya Gopinath Bordoloi International Airport (GAU),229.5,Srimantapur ICP,64.78
Paschim Machli,Dhalai,269,272475,village,Nalkata,4.27,ICD Amingaon,235.69,Kolkata Port (Syama Prasad Mookerjee Port) incl. Haldia Dock Complex,401.08,Lokpriya Gopinath Bordoloi International Airport (GAU),229.2,Srimantapur ICP,60.46
Paschim Karamchhara,Dhalai,269,272474,village,Nalkata,2.78,ICD Amingaon,234.34,Kolkata Port (Syama Prasad Mookerjee Port) incl. Haldia Dock Complex,402.97,Lokpriya Gopinath Bordoloi International Airport (GAU),227.92,Srimantapur ICP,62.29
Dem Chhara,Dhalai,269,272467,village,Nalkata,6.15,ICD Amingaon,233.64,Kolkata Port (Syama Prasad Mookerjee Port) incl. Haldia Dock Complex,397.17,Lokpriya Gopinath Bordoloi International Airport (GAU),226.94,Srimantapur ICP,56.39
Ulta Chhara,Dhalai,269,272471,village,Nalkata,4.68,ICD Amingaon,233.5,Kolkata Port (Syama Prasad Mookerjee Port) incl. Haldia Dock Complex,406.94,Lokpriya Gopinath Bordoloi International Airport (GAU),227.26,Srimantapur ICP,66.27
Nalkata,Dhalai,269,272469,village,Nalkata,0.68,ICD Amingaon,231.48,Kolkata Port (Syama Prasad Mookerjee Port) incl. Haldia Dock Complex,403.98,Lokpriya Gopinath Bordoloi International Airport (GAU),225.07,Srimantapur ICP,63.19
Longtharai RF,Dhalai,269,272482,village,SK Para,5.73,ICD Amingaon,236.07,Kolkata Port (Syama Prasad Mookerjee Port) incl. Haldia Dock Complex,393.78,Lokpriya Gopinath Bordoloi International Airport (GAU),229.24,Srimantapur ICP,53.07
Karati Chhara,Dhalai,269,272468,village,Nalkata,3.81,ICD Amingaon,233.3,Kolkata Port (Syama Prasad Mookerjee Port) incl. Haldia Dock Complex,399.57,Lokpriya Gopinath Bordoloi International Airport (GAU),226.71,Srimantapur ICP,58.8
Kathal Chhara,Dhalai,269,272466,village,Nalkata,5.22,ICD Amingaon,229.39,Kolkata Port (Syama Prasad Mookerjee Port) incl. Haldia Dock Complex,399.39,Lokpriya Gopinath Bordoloi International Airport (GAU),222.74,Srimantapur ICP,58.6
Kanchan Chhara,Dhalai,269,272470,village,Nalkata,3.64,ICD Amingaon,229.66,Kolkata Port (Syama Prasad Mookerjee Port) incl. Haldia Dock Complex,406.8,Lokpriya Gopinath Bordoloi International Airport (GAU),223.37,Srimantapur ICP,66.0
Paschim Kalajhari RF,Gomati,654,272161,village,Teliamura,30.91,ICD Amingaon,281.04,Kolkata Port (Syama Prasad Mookerjee Port) incl. Haldia Dock Complex,359.18,Lokpriya Gopinath Bordoloi International Airport (GAU),273.31,Srimantapur ICP,41.09
Purba Kalajhari RF,Gomati,654,272563,village,Mungiakami,35.44,ICD Amingaon,284.62,Kolkata Port (Syama Prasad Mookerjee Port) incl. Haldia Dock Complex,362.14,Lokpriya Gopinath Bordoloi International Airport (GAU),277.03,Srimantapur ICP,46.53
Bishnupur,South Tripura,271,272370,village,Teliamura,82.05,ICD Amingaon,332.85,Kolkata Port (Syama Prasad Mookerjee Port) incl. Haldia Dock Complex,350.48,Lokpriya Gopinath Bordoloi International Airport (GAU),325.18,Sabroom ICP,4.27
Barmura Devtamura RF,Gomati,654,272175,village,Teliamura,24.93,ICD Amingaon,276.91,Kolkata Port (Syama Prasad Mookerjee Port) incl. Haldia Dock Complex,349.63,Lokpriya Gopinath Bordoloi International Airport (GAU),268.8,Srimantapur ICP,30.22
Baramura Devtamura RF,Gomati,654,272342,village,Teliamura,48.35,ICD Amingaon,300.24,Kolkata Port (Syama Prasad Mookerjee Port) incl. Haldia Dock Complex,345.8,Lokpriya Gopinath Bordoloi International Airport (GAU),292.23,Sabroom ICP,33.61
Tekka RF,South Tripura,271,272302,village,Jirania,75.92,ICD Amingaon,330.59,Kolkata Port (Syama Prasad Mookerjee Port) incl. Haldia Dock Complex,331.55,Netaji Subhas Chandra Bose International Airport (CCU),317.83,Sabroom ICP,15.59
Kamalnagar,Khowai,652,271951,village,Teliamura,3.86,ICD Amingaon,248.13,Kolkata Port (Syama Prasad Mookerjee Port) incl. Haldia Dock Complex,360.98,Lokpriya Gopinath Bordoloi International Airport (GAU),240.04,Srimantapur ICP,20.44
Barkathal,West Tripura,272,271883,village,Jirania,12.36,ICD Amingaon,244.61,Kolkata Port (Syama Prasad Mookerjee Port) incl. Haldia Dock Complex,345.08,Lokpriya Gopinath Bordoloi International Airport (GAU),235.79,Srimantapur ICP,9.86
Kunjaban,Khowai,652,271947,village,Teliamura,9.02,ICD Amingaon,244.38,Kolkata Port (Syama Prasad Mookerjee Port) incl. Haldia Dock Complex,358.31,Lokpriya Gopinath Bordoloi International Airport (GAU),236.12,Srimantapur ICP,17.62
Dinabandhunagar,West Tripura,272,271985,village,Jirania,4.0,ICD Amingaon,253.61,Kolkata Port (Syama Prasad Mookerjee Port) incl. Haldia Dock Complex,340.34,Lokpriya Gopinath Bordoloi International Airport (GAU),244.78,Srimantapur ICP,1.31
Khengrai,West Tripura,272,271990,village,Teliamura,11.77,ICD Amingaon,247.26,Kolkata Port (Syama Prasad Mookerjee Port) incl. Haldia Dock Complex,351.82,Lokpriya Gopinath Bordoloi International Airport (GAU),238.78,Srimantapur ICP,11.22
Lakshminarayanpur,Khowai,652,271916,village,Teliamura,14.01,ICD Amingaon,238.0,Kolkata Port (Syama Prasad Mookerjee Port) incl. Haldia Dock Complex,364.64,Lokpriya Gopinath Bordoloi International Airport (GAU),229.89,Srimantapur ICP,24.57
Tuihachingbari,Khowai,652,271898,village,Teliamura,14.8,ICD Amingaon,239.72,Kolkata Port (Syama Prasad Mookerjee Port) incl. Haldia Dock Complex,357.42,Lokpriya Gopinath Bordoloi International Airport (GAU),231.32,Srimantapur ICP,18.28
Nakful,Dhalai,269,272449,village,Ambassa,18.11,ICD Amingaon,227.26,Kolkata Port (Syama Prasad Mookerjee Port) incl. Haldia Dock Complex,387.52,Lokpriya Gopinath Bordoloi International Airport (GAU),220.01,Srimantapur ICP,47.34
Barpathar,Sepahijala,653,272119,village,Agartala,35.98,ICD Amingaon,297.29,Kolkata Port (Syama Prasad Mookerjee Port) incl. Haldia Dock Complex,316.5,Lokpriya Gopinath Bordoloi International Airport (GAU),288.3,Agartala ICP (Akhaura),42.58
Garji Chhara,Gomati,654,272224,village,Jirania,42.75,ICD Amingaon,298.26,Kolkata Port (Syama Prasad Mookerjee Port) incl. Haldia Dock Complex,333.32,Lokpriya Gopinath Bordoloi International Airport (GAU),289.82,Sabroom ICP,41.14
Killa,Gomati,654,272154,village,Jirania,25.42,ICD Amingaon,280.09,Kolkata Port (Syama Prasad Mookerjee Port) incl. Haldia Dock Complex,339.97,Lokpriya Gopinath Bordoloi International Airport (GAU),271.67,Agartala ICP (Akhaura),28.01
Rajnagar,North Tripura,270,923596,village,Panisagar,5.96,ICD Amingaon,206.85,Kolkata Port (Syama Prasad Mookerjee Port) incl. Haldia Dock Complex,425.05,Lokpriya Gopinath Bordoloi International Airport (GAU),201.24,Sutarkandi ICP,53.78
Uptakhali,North Tripura,270,272641,village,Dharmanagar,4.72,ICD Amingaon,207.52,Kolkata Port (Syama Prasad Mookerjee Port) incl. Haldia Dock Complex,431.48,Lokpriya Gopinath Bordoloi International Airport (GAU),202.27,Sutarkandi ICP,49.41
Jubaraj Nagar,North Tripura,270,272642,village,Dharmanagar,4.86,ICD Amingaon,206.47,Kolkata Port (Syama Prasad Mookerjee Port) incl. Haldia Dock Complex,428.26,Lokpriya Gopinath Bordoloi International Airport (GAU),201.03,Sutarkandi ICP,51.17
Radhapur,North Tripura,270,272635,village,Dharmanagar,2.32,ICD Amingaon,203.9,Kolkata Port (Syama Prasad Mookerjee Port) incl. Haldia Dock Complex,429.96,Lokpriya Gopinath Bordoloi International Airport (GAU),198.52,Sutarkandi ICP,48.58
Purba Haflong,North Tripura,270,272643,village,Dharmanagar,4.98,ICD Amingaon,205.12,Kolkata Port (Syama Prasad Mookerjee Port) incl. Haldia Dock Complex,427.38,Lokpriya Gopinath Bordoloi International Airport (GAU),199.61,Sutarkandi ICP,51.15
Dewanpasha,North Tripura,270,272655,village,Dharmanagar,4.04,ICD Amingaon,202.15,Kolkata Port (Syama Prasad Mookerjee Port) incl. Haldia Dock Complex,428.48,Lokpriya Gopinath Bordoloi International Airport (GAU),196.67,Sutarkandi ICP,48.91
Paschim Haflong,North Tripura,270,272634,village,Dharmanagar,5.96,ICD Amingaon,203.89,Kolkata Port (Syama Prasad Mookerjee Port) incl. Haldia Dock Complex,426.25,Lokpriya Gopinath Bordoloi International Airport (GAU),198.3,Sutarkandi ICP,51.45
Dhupirband,North Tripura,270,272636,village,Dharmanagar,2.16,ICD Amingaon,204.96,Kolkata Port (Syama Prasad Mookerjee Port) incl. Haldia Dock Complex,431.59,Lokpriya Gopinath Bordoloi International Airport (GAU),199.69,Sutarkandi ICP,47.91
Ganganagar,North Tripura,270,272638,village,Dharmanagar,4.06,ICD Amingaon,205.79,Kolkata Port (Syama Prasad Mookerjee Port) incl. Haldia Dock Complex,434.27,Lokpriya Gopinath Bordoloi International Airport (GAU),200.67,Sutarkandi ICP,46.44
Bagbassa,North Tripura,270,272639,village,Nadiapur,5.44,ICD Amingaon,206.76,Kolkata Port (Syama Prasad Mookerjee Port) incl. Haldia Dock Complex,437.36,Lokpriya Gopinath Bordoloi International Airport (GAU),201.83,Sutarkandi ICP,44.94
Kameshwar,North Tripura,270,272637,village,Dharmanagar,1.23,ICD Amingaon,203.48,Kolkata Port (Syama Prasad Mookerjee Port) incl. Haldia Dock Complex,433.06,Lokpriya Gopinath Bordoloi International Airport (GAU),198.28,Sutarkandi ICP,46.03
Sanichhara,North Tripura,270,272629,village,Nadiapur,2.26,ICD Amingaon,203.34,Kolkata Port (Syama Prasad Mookerjee Port) incl. Haldia Dock Complex,437.53,Lokpriya Gopinath Bordoloi International Airport (GAU),198.39,Sutarkandi ICP,42.72
Bhagyapur,North Tripura,270,272627,village,Nadiapur,4.67,ICD Amingaon,198.12,Kolkata Port (Syama Prasad Mookerjee Port) incl. Haldia Dock Complex,434.16,Lokpriya Gopinath Bordoloi International Airport (GAU),192.92,Sutarkandi ICP,42.59
Chandipur,North Tripura,270,272632,village,Nadiapur,4.88,ICD Amingaon,202.9,Kolkata Port (Syama Prasad Mookerjee Port) incl. Haldia Dock Complex,440.73,Lokpriya Gopinath Bordoloi International Airport (GAU),198.13,Sutarkandi ICP,40.23
Dharmanagar,North Tripura,270,922864,village,Dharmanagar,1.76,ICD Amingaon,201.06,Kolkata Port (Syama Prasad Mookerjee Port) incl. Haldia Dock Complex,432.7,Lokpriya Gopinath Bordoloi International Airport (GAU),195.8,Sutarkandi ICP,45.08
Hurua,North Tripura,270,272628,village,Nadiapur,1.03,ICD Amingaon,201.27,Kolkata Port (Syama Prasad Mookerjee Port) incl. Haldia Dock Complex,435.48,Lokpriya Gopinath Bordoloi International Airport (GAU),196.18,Sutarkandi ICP,43.06
Baruakandi,North Tripura,270,272626,village,Dharmanagar,3.6,ICD Amingaon,200.07,Kolkata Port (Syama Prasad Mookerjee Port) incl. Haldia Dock Complex,430.56,Lokpriya Gopinath Bordoloi International Airport (GAU),194.68,Sutarkandi ICP,46.33
Pratyekroy,North Tripura,270,272630,village,Nadiapur,2.11,ICD Amingaon,199.65,Kolkata Port (Syama Prasad Mookerjee Port) incl. Haldia Dock Complex,437.13,Lokpriya Gopinath Bordoloi International Airport (GAU),194.64,Sutarkandi ICP,40.99
Lakshminagar,North Tripura,270,272631,village,Churaibari,2.79,ICD Amingaon,200.26,Kolkata Port (Syama Prasad Mookerjee Port) incl. Haldia Dock Complex,440.41,Lokpriya Gopinath Bordoloi International Airport (GAU),195.44,Sutarkandi ICP,38.88
Ragna,North Tripura,270,272625,village,Dharmanagar,5.48,ICD Amingaon,197.41,Kolkata Port (Syama Prasad Mookerjee Port) incl. Haldia Dock Complex,432.53,Lokpriya Gopinath Bordoloi International Airport (GAU),192.11,Sutarkandi ICP,43.62
Ichailal Chhara,North Tripura,270,272623,village,Nadiapur,4.28,ICD Amingaon,197.45,Kolkata Port (Syama Prasad Mookerjee Port) incl. Haldia Dock Complex,437.56,Lokpriya Gopinath Bordoloi International Airport (GAU),192.45,Sutarkandi ICP,39.57
Churaibari,North Tripura,270,272622,village,Churaibari,0.79,ICD Amingaon,197.96,Kolkata Port (Syama Prasad Mookerjee Port) incl. Haldia Dock Complex,441.16,Lokpriya Gopinath Bordoloi International Airport (GAU),193.17,Sutarkandi ICP,37.05
Bishnupur,North Tripura,270,272624,village,Nadiapur,6.68,ICD Amingaon,195.2,Kolkata Port (Syama Prasad Mookerjee Port) incl. Haldia Dock Complex,436.28,Lokpriya Gopinath Bordoloi International Airport (GAU),190.09,Sutarkandi ICP,39.63
Maheshpur,North Tripura,270,272619,village,Churaibari,6.75,ICD Amingaon,193.74,Kolkata Port (Syama Prasad Mookerjee Port) incl. Haldia Dock Complex,437.36,Lokpriya Gopinath Bordoloi International Airport (GAU),188.68,Sutarkandi ICP,38.16
Kadamtala,North Tripura,270,272621,village,Tilbhum,2.75,ICD Amingaon,195.16,Kolkata Port (Syama Prasad Mookerjee Port) incl. Haldia Dock Complex,441.16,Lokpriya Gopinath Bordoloi International Airport (GAU),190.34,Sutarkandi ICP,35.64
Saraspur,North Tripura,270,272620,village,Churaibari,4.96,ICD Amingaon,194.57,Kolkata Port (Syama Prasad Mookerjee Port) incl. Haldia Dock Complex,438.77,Lokpriya Gopinath Bordoloi International Airport (GAU),189.6,Sutarkandi ICP,37.31
Sarala,North Tripura,270,272618,village,Tilbhum,7.07,ICD Amingaon,191.75,Kolkata Port (Syama Prasad Mookerjee Port) incl. Haldia Dock Complex,438.05,Lokpriya Gopinath Bordoloi International Airport (GAU),186.71,Sutarkandi ICP,36.86
Brajendranagar,North Tripura,270,272615,village,Tilbhum,8.23,ICD Amingaon,190.07,Kolkata Port (Syama Prasad Mookerjee Port) incl. Haldia Dock Complex,437.98,Lokpriya Gopinath Bordoloi International Airport (GAU),185.0,Sutarkandi ICP,36.4
Piarachhara,North Tripura,270,272616,village,Tilbhum,5.89,ICD Amingaon,190.03,Kolkata Port (Syama Prasad Mookerjee Port) incl. Haldia Dock Complex,440.95,Lokpriya Gopinath Bordoloi International Airport (GAU),185.15,Sutarkandi ICP,33.76
Kurti,North Tripura,270,272617,village,Tilbhum,3.57,ICD Amingaon,191.41,Kolkata Port (Syama Prasad Mookerjee Port) incl. Haldia Dock Complex,442.64,Lokpriya Gopinath Bordoloi International Airport (GAU),186.64,Sutarkandi ICP,32.81
Ranibari,North Tripura,270,272614,village,Tilbhum,7.9,ICD Amingaon,188.23,Kolkata Port (Syama Prasad Mookerjee Port) incl. Haldia Dock Complex,440.39,Lokpriya Gopinath Bordoloi International Airport (GAU),183.29,Sutarkandi ICP,33.73
Satsangam,North Tripura,270,272613,village,Tilbhum,9.74,ICD Amingaon,187.14,Kolkata Port (Syama Prasad Mookerjee Port) incl. Haldia Dock Complex,439.12,Lokpriya Gopinath Bordoloi International Airport (GAU),182.11,Sutarkandi ICP,34.63
Paschim Tilthai,North Tripura,270,272645,village,Panisagar,5.57,ICD Amingaon,209.25,Kolkata Port (Syama Prasad Mookerjee Port) incl. Haldia Dock Complex,422.26,Lokpriya Gopinath Bordoloi International Airport (GAU),203.51,Sutarkandi ICP,57.06
Balidhum,North Tripura,270,272633,village,Dharmanagar,8.16,ICD Amingaon,202.96,Kolkata Port (Syama Prasad Mookerjee Port) incl. Haldia Dock Complex,424.25,Lokpriya Gopinath Bordoloi International Airport (GAU),197.25,Sutarkandi ICP,52.65
Dhanbilas,Unakoti,655,272602,village,Kumarghat,9.74,ICD Amingaon,214.07,Kolkata Port (Syama Prasad Mookerjee Port) incl. Haldia Dock Complex,409.65,Lokpriya Gopinath Bordoloi International Airport (GAU),207.72,Sutarkandi ICP,68.95
Fultali,Unakoti,655,272603,village,Kumarghat,11.32,ICD Amingaon,212.62,Kolkata Port (Syama Prasad Mookerjee Port) incl. Haldia Dock Complex,409.49,Lokpriya Gopinath Bordoloi International Airport (GAU),206.24,Sutarkandi ICP,68.45
Golakpur,Unakoti,655,272600,village,Kumarghat,12.9,ICD Amingaon,212.39,Kolkata Port (Syama Prasad Mookerjee Port) incl. Haldia Dock Complex,406.69,Lokpriya Gopinath Bordoloi International Airport (GAU),205.86,Srimantapur ICP,67.82
Dhatu Chhara,Unakoti,655,272611,village,Pencharthal,7.91,ICD Amingaon,213.01,Kolkata Port (Syama Prasad Mookerjee Port) incl. Haldia Dock Complex,416.34,Lokpriya Gopinath Bordoloi International Airport (GAU),207.0,Sutarkandi ICP,63.37
Jalai,Unakoti,655,272610,village,Pencharthal,9.15,ICD Amingaon,212.69,Kolkata Port (Syama Prasad Mookerjee Port) incl. Haldia Dock Complex,414.88,Lokpriya Gopinath Bordoloi International Airport (GAU),206.6,Sutarkandi ICP,64.31
Jarultali,Unakoti,655,272604,village,Kumarghat,13.13,ICD Amingaon,210.35,Kolkata Port (Syama Prasad Mookerjee Port) incl. Haldia Dock Complex,411.54,Lokpriya Gopinath Bordoloi International Airport (GAU),204.05,Sutarkandi ICP,65.89
Birchandra Nagar,Unakoti,655,272605,village,Pencharthal,12.24,ICD Amingaon,210.54,Kolkata Port (Syama Prasad Mookerjee Port) incl. Haldia Dock Complex,413.35,Lokpriya Gopinath Bordoloi International Airport (GAU),204.34,Sutarkandi ICP,64.53
Sonaimukhi,Unakoti,655,272609,village,Panisagar,10.32,ICD Amingaon,210.41,Kolkata Port (Syama Prasad Mookerjee Port) incl. Haldia Dock Complex,416.68,Lokpriya Gopinath Bordoloi International Airport (GAU),204.39,Sutarkandi ICP,61.87
Halaichhara,Unakoti,655,272599,village,Kumarghat,14.73,ICD Amingaon,209.6,Kolkata Port (Syama Prasad Mookerjee Port) incl. Haldia Dock Complex,408.88,Lokpriya Gopinath Bordoloi International Airport (GAU),203.15,Sutarkandi ICP,67.76
Kaulikura,Unakoti,655,272607,village,Panisagar,12.42,ICD Amingaon,209.07,Kolkata Port (Syama Prasad Mookerjee Port) incl. Haldia Dock Complex,415.28,Lokpriya Gopinath Bordoloi International Airport (GAU),202.95,Sutarkandi ICP,62.38
Kamrangatali,Unakoti,655,272591,village,Panisagar,13.47,ICD Amingaon,207.6,Kolkata Port (Syama Prasad Mookerjee Port) incl. Haldia Dock Complex,415.07,Lokpriya Gopinath Bordoloi International Airport (GAU),201.45,Sutarkandi ICP,61.96
Chantail,Unakoti,655,272592,village,Pencharthal,15.11,ICD Amingaon,207.71,Kolkata Port (Syama Prasad Mookerjee Port) incl. Haldia Dock Complex,413.15,Lokpriya Gopinath Bordoloi International Airport (GAU),201.46,Sutarkandi ICP,63.56
Rangrung,Unakoti,655,272598,village,Kumarghat,16.57,ICD Amingaon,207.29,Kolkata Port (Syama Prasad Mookerjee Port) incl. Haldia Dock Complex,410.63,Lokpriya Gopinath Bordoloi International Airport (GAU),200.88,Sutarkandi ICP,65.5
Gournagar,Unakoti,655,272590,village,Panisagar,13.21,ICD Amingaon,206.7,Kolkata Port (Syama Prasad Mookerjee Port) incl. Haldia Dock Complex,415.94,Lokpriya Gopinath Bordoloi International Airport (GAU),200.59,Sutarkandi ICP,60.9
Kailasahar,Unakoti,655,922866,village,Panisagar,15.18,ICD Amingaon,205.06,Kolkata Port (Syama Prasad Mookerjee Port) incl. Haldia Dock Complex,415.1,Lokpriya Gopinath Bordoloi International Airport (GAU),198.87,Sutarkandi ICP,60.99
Manuvalley,Unakoti,655,272597,village,Kumarghat,19.08,ICD Amingaon,204.8,Kolkata Port (Syama Prasad Mookerjee Port) incl. Haldia Dock Complex,411.01,Lokpriya Gopinath Bordoloi International Airport (GAU),198.38,Sutarkandi ICP,64.37
Srirampur,Unakoti,655,272593,village,Panisagar,16.15,ICD Amingaon,205.43,Kolkata Port (Syama Prasad Mookerjee Port) incl. Haldia Dock Complex,413.8,Lokpriya Gopinath Bordoloi International Airport (GAU),199.18,Sutarkandi ICP,62.21
Goldharpur,Unakoti,655,272589,village,Panisagar,13.42,ICD Amingaon,205.46,Kolkata Port (Syama Prasad Mookerjee Port) incl. Haldia Dock Complex,416.67,Lokpriya Gopinath Bordoloi International Airport (GAU),199.36,Sutarkandi ICP,59.82
Pakhirbada,Unakoti,655,272588,village,Panisagar,12.24,ICD Amingaon,205.3,Kolkata Port (Syama Prasad Mookerjee Port) incl. Haldia Dock Complex,418.13,Lokpriya Gopinath Bordoloi International Airport (GAU),199.28,Sutarkandi ICP,58.56
Chandipur,Unakoti,655,272594,village,Panisagar,17.32,ICD Amingaon,204.69,Kolkata Port (Syama Prasad Mookerjee Port) incl. Haldia Dock Complex,413.13,Lokpriya Gopinath Bordoloi International Airport (GAU),198.38,Sutarkandi ICP,62.52
Debasthal,Unakoti,655,272587,village,Panisagar,10.97,ICD Amingaon,205.21,Kolkata Port (Syama Prasad Mookerjee Port) incl. Haldia Dock Complex,419.74,Lokpriya Gopinath Bordoloi International Airport (GAU),199.28,Sutarkandi ICP,57.22
Ichhabpur,Unakoti,655,272585,village,Panisagar,13.46,ICD Amingaon,203.59,Kolkata Port (Syama Prasad Mookerjee Port) incl. Haldia Dock Complex,418.39,Lokpriya Gopinath Bordoloi International Airport (GAU),197.56,Sutarkandi ICP,57.72
Kanakpur,Unakoti,655,272582,village,Panisagar,15.24,ICD Amingaon,202.9,Kolkata Port (Syama Prasad Mookerjee Port) incl. Haldia Dock Complex,416.96,Lokpriya Gopinath Bordoloi International Airport (GAU),196.78,Sutarkandi ICP,58.69
Murtichhara,Unakoti,655,272596,village,Kumarghat,20.52,ICD Amingaon,204.09,Kolkata Port (Syama Prasad Mookerjee Port) incl. Haldia Dock Complex,408.99,Lokpriya Gopinath Bordoloi International Airport (GAU),197.55,Sutarkandi ICP,65.92
Lakshmipur,Unakoti,655,272581,village,Panisagar,16.65,ICD Amingaon,202.19,Kolkata Port (Syama Prasad Mookerjee Port) incl. Haldia Dock Complex,416.01,Lokpriya Gopinath Bordoloi International Airport (GAU),196.01,Sutarkandi ICP,59.28
Jubarajnagar,Unakoti,655,272583,village,Dharmanagar,15.32,ICD Amingaon,202.08,Kolkata Port (Syama Prasad Mookerjee Port) incl. Haldia Dock Complex,417.63,Lokpriya Gopinath Bordoloi International Airport (GAU),195.98,Sutarkandi ICP,57.85
Srinathpur,Unakoti,655,272584,village,Dharmanagar,14.27,ICD Amingaon,202.36,Kolkata Port (Syama Prasad Mookerjee Port) incl. Haldia Dock Complex,418.55,Lokpriya Gopinath Bordoloi International Airport (GAU),196.32,Sutarkandi ICP,57.16
Samrurpar,Unakoti,655,272595,village,Panisagar,20.35,ICD Amingaon,201.82,Kolkata Port (Syama Prasad Mookerjee Port) incl. Haldia Dock Complex,412.21,Lokpriya Gopinath Bordoloi International Airport (GAU),195.42,Sutarkandi ICP,62.49
Tiagaon,Unakoti,655,272580,village,Dharmanagar,18.07,ICD Amingaon,200.37,Kolkata Port (Syama Prasad Mookerjee Port) incl. Haldia Dock Complex,415.63,Lokpriya Gopinath Bordoloi International Airport (GAU),194.13,Sutarkandi ICP,59.09
Dhaliarkandi,Unakoti,655,272579,village,Dharmanagar,15.46,ICD Amingaon,200.4,Kolkata Port (Syama Prasad Mookerjee Port) incl. Haldia Dock Complex,418.11,Lokpriya Gopinath Bordoloi International Airport (GAU),194.31,Sutarkandi ICP,56.93
Uttar Unakoti RF,Unakoti,655,272612,village,Panisagar,8.47,ICD Amingaon,207.8,Kolkata Port (Syama Prasad Mookerjee Port) incl. Haldia Dock Complex,420.2,Lokpriya Gopinath Bordoloi International Airport (GAU),201.92,Sutarkandi ICP,57.95
Deorachhara,Unakoti,655,272586,village,Dharmanagar,11.41,ICD Amingaon,201.88,Kolkata Port (Syama Prasad Mookerjee Port) incl. Haldia Dock Complex,421.43,Lokpriya Gopinath Bordoloi International Airport (GAU),196.0,Sutarkandi ICP,54.56
Hirachhara,Unakoti,655,272578,village,Dharmanagar,12.59,ICD Amingaon,201.25,Kolkata Port (Syama Prasad Mookerjee Port) incl. Haldia Dock Complex,420.53,Lokpriya Gopinath Bordoloi International Airport (GAU),195.3,Sutarkandi ICP,55.1
Irani,Unakoti,655,272577,village,Dharmanagar,14.39,ICD Amingaon,199.37,Kolkata Port (Syama Prasad Mookerjee Port) incl. Haldia Dock Complex,419.62,Lokpriya Gopinath Bordoloi International Airport (GAU),193.34,Sutarkandi ICP,55.31
Latiapur,Unakoti,655,272574,village,Dharmanagar,19.07,ICD Amingaon,198.29,Kolkata Port (Syama Prasad Mookerjee Port) incl. Haldia Dock Complex,415.64,Lokpriya Gopinath Bordoloi International Airport (GAU),192.02,Sutarkandi ICP,58.57
Khaurabil,Unakoti,655,272576,village,Dharmanagar,15.84,ICD Amingaon,198.71,Kolkata Port (Syama Prasad Mookerjee Port) incl. Haldia Dock Complex,418.55,Lokpriya Gopinath Bordoloi International Airport (GAU),192.61,Sutarkandi ICP,56.07
Rangauti,Unakoti,655,272575,village,Dharmanagar,17.4,ICD Amingaon,198.24,Kolkata Port (Syama Prasad Mookerjee Port) incl. Haldia Dock Complex,417.28,Lokpriya Gopinath Bordoloi International Airport (GAU),192.06,Sutarkandi ICP,57.08
Bhagaban Nagar,Unakoti,655,272608,village,Panisagar,10.85,ICD Amingaon,207.72,Kolkata Port (Syama Prasad Mookerjee Port) incl. Haldia Dock Complex,417.69,Lokpriya Gopinath Bordoloi International Airport (GAU),201.71,Sutarkandi ICP,59.9
Bilashpur,Unakoti,655,272606,village,Pencharthal,10.24,ICD Amingaon,212.07,Kolkata Port (Syama Prasad Mookerjee Port) incl. Haldia Dock Complex,414.16,Lokpriya Gopinath Bordoloi International Airport (GAU),205.93,Sutarkandi ICP,64.58
Banglabari,North Tripura,270,272738,village,Manu,27.23,ICD Amingaon,250.95,Kolkata Port (Syama Prasad Mookerjee Port) incl. Haldia Dock Complex,422.46,Lokpriya Gopinath Bordoloi International Airport (GAU),245.55,Srimantapur ICP,84.85
Belianchief,North Tripura,270,272737,village,Manu,25.96,ICD Amingaon,245.46,Kolkata Port (Syama Prasad Mookerjee Port) incl. Haldia Dock Complex,423.82,Lokpriya Gopinath Bordoloi International Airport (GAU),240.09,Sutarkandi ICP,81.82
Central Catchment RF 1,North Tripura,270,272728,village,Manu,31.89,ICD Amingaon,261.61,Kolkata Port (Syama Prasad Mookerjee Port) incl. Haldia Dock Complex,419.35,Lokpriya Gopinath Bordoloi International Airport (GAU),256.11,Srimantapur ICP,84.93
Central Catchment RF 2,North Tripura,270,272743,village,Manu,31.84,ICD Amingaon,266.93,Kolkata Port (Syama Prasad Mookerjee Port) incl. Haldia Dock Complex,411.94,Lokpriya Gopinath Bordoloi International Airport (GAU),261.15,Srimantapur ICP,79.77
Chandpur,North Tripura,270,272715,village,Manu,13.62,ICD Amingaon,239.03,Kolkata Port (Syama Prasad Mookerjee Port) incl. Haldia Dock Complex,413.35,Lokpriya Gopinath Bordoloi International Airport (GAU),233.14,Srimantapur ICP,73.33
Dasamanipara,North Tripura,270,272720,village,Manu,15.91,ICD Amingaon,247.51,Kolkata Port (Syama Prasad Mookerjee Port) incl. Haldia Dock Complex,412.12,Lokpriya Gopinath Bordoloi International Airport (GAU),241.63,Srimantapur ICP,73.62
Dasda Lakshmipur,North Tripura,270,272718,village,Manu,22.36,ICD Amingaon,247.89,Kolkata Port (Syama Prasad Mookerjee Port) incl. Haldia Dock Complex,418.92,Lokpriya Gopinath Bordoloi International Airport (GAU),242.32,Srimantapur ICP,80.58
Gachiram Para,North Tripura,270,272727,village,Manu,25.91,ICD Amingaon,254.7,Kolkata Port (Syama Prasad Mookerjee Port) incl. Haldia Dock Complex,418.21,Lokpriya Gopinath Bordoloi International Airport (GAU),249.13,Srimantapur ICP,81.62
Jmarai Para,North Tripura,270,272711,village,Pencharthal,19.55,ICD Amingaon,235.26,Kolkata Port (Syama Prasad Mookerjee Port) incl. Haldia Dock Complex,427.5,Lokpriya Gopinath Bordoloi International Airport (GAU),230.02,Sutarkandi ICP,71.66
Kalagang,North Tripura,270,272735,village,Pencharthal,26.48,ICD Amingaon,240.69,Kolkata Port (Syama Prasad Mookerjee Port) incl. Haldia Dock Complex,431.09,Lokpriya Gopinath Bordoloi International Airport (GAU),235.65,Sutarkandi ICP,74.67
Kalapani,North Tripura,270,272723,village,Manu,20.99,ICD Amingaon,255.54,Kolkata Port (Syama Prasad Mookerjee Port) incl. Haldia Dock Complex,410.78,Lokpriya Gopinath Bordoloi International Airport (GAU),249.64,Srimantapur ICP,74.46
Kamarmara,North Tripura,270,272719,village,Manu,18.49,ICD Amingaon,246.2,Kolkata Port (Syama Prasad Mookerjee Port) incl. Haldia Dock Complex,415.74,Lokpriya Gopinath Bordoloi International Airport (GAU),240.47,Srimantapur ICP,77.0
Kanchan Chhara,North Tripura,270,272714,village,Nalkata,17.36,ICD Amingaon,238.7,Kolkata Port (Syama Prasad Mookerjee Port) incl. Haldia Dock Complex,417.16,Lokpriya Gopinath Bordoloi International Airport (GAU),232.98,Srimantapur ICP,77.15
Kanchanpur,North Tripura,270,272731,village,Pencharthal,19.15,ICD Amingaon,237.77,Kolkata Port (Syama Prasad Mookerjee Port) incl. Haldia Dock Complex,421.34,Lokpriya Gopinath Bordoloi International Airport (GAU),232.24,Sutarkandi ICP,76.66
Laljuri,North Tripura,270,272709,village,Pencharthal,11.68,ICD Amingaon,227.45,Kolkata Port (Syama Prasad Mookerjee Port) incl. Haldia Dock Complex,425.77,Lokpriya Gopinath Bordoloi International Airport (GAU),222.07,Sutarkandi ICP,66.39
Lamba Chhara,North Tripura,270,272724,village,Manu,22.79,ICD Amingaon,255.77,Kolkata Port (Syama Prasad Mookerjee Port) incl. Haldia Dock Complex,413.09,Lokpriya Gopinath Bordoloi International Airport (GAU),249.98,Srimantapur ICP,76.84
Manu Chhailengta RF,North Tripura,270,272716,village,Manu,13.3,ICD Amingaon,244.21,Kolkata Port (Syama Prasad Mookerjee Port) incl. Haldia Dock Complex,411.35,Lokpriya Gopinath Bordoloi International Airport (GAU),238.27,Srimantapur ICP,72.14
Paschim Manpui,North Tripura,270,272732,village,Pencharthal,23.74,ICD Amingaon,240.51,Kolkata Port (Syama Prasad Mookerjee Port) incl. Haldia Dock Complex,426.17,Lokpriya Gopinath Bordoloi International Airport (GAU),235.24,Sutarkandi ICP,76.62
Purba Manpui,North Tripura,270,272733,village,Pencharthal,22.65,ICD Amingaon,236.72,Kolkata Port (Syama Prasad Mookerjee Port) incl. Haldia Dock Complex,430.46,Lokpriya Gopinath Bordoloi International Airport (GAU),231.63,Sutarkandi ICP,71.53
Paschim Tiangsangbari,North Tripura,270,272729,village,Manu,27.94,ICD Amingaon,255.04,Kolkata Port (Syama Prasad Mookerjee Port) incl. Haldia Dock Complex,420.41,Lokpriya Gopinath Bordoloi International Airport (GAU),249.57,Srimantapur ICP,83.89
Ramprasai Para,North Tripura,270,272725,village,Manu,20.64,ICD Amingaon,252.0,Kolkata Port (Syama Prasad Mookerjee Port) incl. Haldia Dock Complex,414.06,Lokpriya Gopinath Bordoloi International Airport (GAU),246.23,Srimantapur ICP,76.71
Sabual,North Tripura,270,272742,village,Manu,30.51,ICD Amingaon,256.84,Kolkata Port (Syama Prasad Mookerjee Port) incl. Haldia Dock Complex,422.07,Lokpriya Gopinath Bordoloi International Airport (GAU),251.44,Srimantapur ICP,86.07
Sailo,North Tripura,270,272741,village,Manu,32.61,ICD Amingaon,256.08,Kolkata Port (Syama Prasad Mookerjee Port) incl. Haldia Dock Complex,425.19,Lokpriya Gopinath Bordoloi International Airport (GAU),250.82,Srimantapur ICP,88.91
Santipur,North Tripura,270,272712,village,Pencharthal,15.38,ICD Amingaon,233.71,Kolkata Port (Syama Prasad Mookerjee Port) incl. Haldia Dock Complex,422.11,Lokpriya Gopinath Bordoloi International Airport (GAU),228.2,Sutarkandi ICP,73.1
Satnala,North Tripura,270,272717,village,Manu,21.76,ICD Amingaon,243.24,Kolkata Port (Syama Prasad Mookerjee Port) incl. Haldia Dock Complex,420.35,Lokpriya Gopinath Bordoloi International Airport (GAU),237.71,Srimantapur ICP,81.09
Shibnagar,North Tripura,270,272713,village,Pencharthal,14.25,ICD Amingaon,232.84,Kolkata Port (Syama Prasad Mookerjee Port) incl. Haldia Dock Complex,421.44,Lokpriya Gopinath Bordoloi International Airport (GAU),227.28,Sutarkandi ICP,72.79
Simblong,North Tripura,270,272740,village,Manu,30.3,ICD Amingaon,251.85,Kolkata Port (Syama Prasad Mookerjee Port) incl. Haldia Dock Complex,425.32,Lokpriya Gopinath Bordoloi International Airport (GAU),246.58,Sutarkandi ICP,86.74
Sunitipur,North Tripura,270,272722,village,Manu,18.35,ICD Amingaon,252.1,Kolkata Port (Syama Prasad Mookerjee Port) incl. Haldia Dock Complex,411.04,Lokpriya Gopinath Bordoloi International Airport (GAU),246.2,Srimantapur ICP,73.71
Taiyang Para,North Tripura,270,272721,village,Manu,14.84,ICD Amingaon,248.11,Kolkata Port (Syama Prasad Mookerjee Port) incl. Haldia Dock Complex,410.42,Lokpriya Gopinath Bordoloi International Airport (GAU),242.16,Srimantapur ICP,72.04
Tlakchai,North Tripura,270,272734,village,Pencharthal,26.01,ICD Amingaon,241.68,Kolkata Port (Syama Prasad Mookerjee Port) incl. Haldia Dock Complex,428.61,Lokpriya Gopinath Bordoloi International Airport (GAU),236.52,Sutarkandi ICP,76.56
Tuichhama,North Tripura,270,272726,village,Manu,19.88,ICD Amingaon,249.39,Kolkata Port (Syama Prasad Mookerjee Port) incl. Haldia Dock Complex,415.26,Lokpriya Gopinath Bordoloi International Airport (GAU),243.66,Srimantapur ICP,77.24
Ujan Machhmara RF,North Tripura,270,272708,village,Pencharthal,15.27,ICD Amingaon,232.07,Kolkata Port (Syama Prasad Mookerjee Port) incl. Haldia Dock Complex,425.1,Lokpriya Gopinath Bordoloi International Airport (GAU),226.69,Sutarkandi ICP,70.28
Vangmun,North Tripura,270,272736,village,Manu,30.18,ICD Amingaon,247.25,Kolkata Port (Syama Prasad Mookerjee Port) incl. Haldia Dock Complex,427.46,Lokpriya Gopinath Bordoloi International Airport (GAU),242.07,Sutarkandi ICP,81.86
Baghaichhara,Unakoti,655,272676,village,Pencharthal,5.77,ICD Amingaon,225.04,Kolkata Port (Syama Prasad Mookerjee Port) incl. Haldia Dock Complex,419.65,Lokpriya Gopinath Bordoloi International Airport (GAU),219.33,Sutarkandi ICP,68.21
Betchhara,Unakoti,655,272703,village,Kumarghat,4.18,ICD Amingaon,227.12,Kolkata Port (Syama Prasad Mookerjee Port) incl. Haldia Dock Complex,407.57,Lokpriya Gopinath Bordoloi International Airport (GAU),220.84,Srimantapur ICP,66.78
Dengdung,Unakoti,655,272698,village,Nalkata,9.05,ICD Amingaon,224.81,Kolkata Port (Syama Prasad Mookerjee Port) incl. Haldia Dock Complex,399.55,Lokpriya Gopinath Bordoloi International Airport (GAU),218.11,Srimantapur ICP,59.06
Deo RF 1,Unakoti,655,272706,village,Kumarghat,3.43,ICD Amingaon,224.42,Kolkata Port (Syama Prasad Mookerjee Port) incl. Haldia Dock Complex,412.96,Lokpriya Gopinath Bordoloi International Airport (GAU),218.37,Sutarkandi ICP,72.05
Dhanichhara,Unakoti,655,272678,village,Pencharthal,4.74,ICD Amingaon,224.33,Kolkata Port (Syama Prasad Mookerjee Port) incl. Haldia Dock Complex,417.06,Lokpriya Gopinath Bordoloi International Airport (GAU),218.49,Sutarkandi ICP,69.35
Dudhpur,Unakoti,655,272702,village,Nalkata,3.7,ICD Amingaon,227.89,Kolkata Port (Syama Prasad Mookerjee Port) incl. Haldia Dock Complex,404.48,Lokpriya Gopinath Bordoloi International Airport (GAU),221.47,Srimantapur ICP,63.69
Fatikroy,Unakoti,655,272707,village,Kumarghat,3.65,ICD Amingaon,220.01,Kolkata Port (Syama Prasad Mookerjee Port) incl. Haldia Dock Complex,409.41,Lokpriya Gopinath Bordoloi International Airport (GAU),213.74,Srimantapur ICP,69.07
Ganganagar,Unakoti,655,272694,village,Kumarghat,6.51,ICD Amingaon,219.76,Kolkata Port (Syama Prasad Mookerjee Port) incl. Haldia Dock Complex,405.86,Lokpriya Gopinath Bordoloi International Airport (GAU),213.3,Srimantapur ICP,65.7
Kumarghat,Unakoti,655,272692,village,Kumarghat,2.97,ICD Amingaon,220.42,Kolkata Port (Syama Prasad Mookerjee Port) incl. Haldia Dock Complex,411.75,Lokpriya Gopinath Bordoloi International Airport (GAU),214.27,Sutarkandi ICP,70.56
Laljuri,Unakoti,655,272699,village,Nalkata,6.78,ICD Amingaon,226.65,Kolkata Port (Syama Prasad Mookerjee Port) incl. Haldia Dock Complex,400.27,Lokpriya Gopinath Bordoloi International Airport (GAU),220.0,Srimantapur ICP,59.6
Masauli,Unakoti,655,272701,village,Nalkata,3.76,ICD Amingaon,228.79,Kolkata Port (Syama Prasad Mookerjee Port) incl. Haldia Dock Complex,401.68,Lokpriya Gopinath Bordoloi International Airport (GAU),222.24,Srimantapur ICP,60.89
Nalkata,Unakoti,655,272677,village,Pencharthal,4.2,ICD Amingaon,223.78,Kolkata Port (Syama Prasad Mookerjee Port) incl. Haldia Dock Complex,418.66,Lokpriya Gopinath Bordoloi International Airport (GAU),218.01,Sutarkandi ICP,67.99
Pabiachhara,Unakoti,655,272705,village,Kumarghat,0.4,ICD Amingaon,223.66,Kolkata Port (Syama Prasad Mookerjee Port) incl. Haldia Dock Complex,410.09,Lokpriya Gopinath Bordoloi International Airport (GAU),217.46,Srimantapur ICP,69.42
Paschim Kanchanbari,Unakoti,655,272700,village,Kumarghat,5.73,ICD Amingaon,225.83,Kolkata Port (Syama Prasad Mookerjee Port) incl. Haldia Dock Complex,404.51,Lokpriya Gopinath Bordoloi International Airport (GAU),219.38,Srimantapur ICP,63.81
Purba Kanchanbari,Unakoti,655,272704,village,Kumarghat,2.3,ICD Amingaon,224.37,Kolkata Port (Syama Prasad Mookerjee Port) incl. Haldia Dock Complex,407.89,Lokpriya Gopinath Bordoloi International Airport (GAU),218.07,Srimantapur ICP,67.22
Paschim Ratachhara,Unakoti,655,272696,village,Kumarghat,6.81,ICD Amingaon,223.38,Kolkata Port (Syama Prasad Mookerjee Port) incl. Haldia Dock Complex,403.56,Lokpriya Gopinath Bordoloi International Airport (GAU),216.85,Srimantapur ICP,63.08
Purba Ratachhara,Unakoti,655,272695,village,Kumarghat,3.1,ICD Amingaon,222.8,Kolkata Port (Syama Prasad Mookerjee Port) incl. Haldia Dock Complex,407.31,Lokpriya Gopinath Bordoloi International Airport (GAU),216.45,Srimantapur ICP,66.77
Gakulnagar,Unakoti,655,272693,village,Kumarghat,4.59,ICD Amingaon,220.34,Kolkata Port (Syama Prasad Mookerjee Port) incl. Haldia Dock Complex,407.54,Lokpriya Gopinath Bordoloi International Airport (GAU),213.97,Srimantapur ICP,67.23
Pencharthal,Unakoti,655,272672,village,Pencharthal,0.93,ICD Amingaon,220.47,Kolkata Port (Syama Prasad Mookerjee Port) incl. Haldia Dock Complex,419.09,Lokpriya Gopinath Bordoloi International Airport (GAU),214.69,Sutarkandi ICP,65.6
Sayda Chhara,Unakoti,655,272697,village,Kumarghat,10.55,ICD Amingaon,221.24,Kolkata Port (Syama Prasad Mookerjee Port) incl. Haldia Dock Complex,400.83,Lokpriya Gopinath Bordoloi International Airport (GAU),214.54,Srimantapur ICP,60.73
Kumarghat,Unakoti,655,272691,village,Kumarghat,5.37,ICD Amingaon,217.98,Kolkata Port (Syama Prasad Mookerjee Port) incl. Haldia Dock Complex,412.48,Lokpriya Gopinath Bordoloi International Airport (GAU),211.83,Sutarkandi ICP,68.73
Uttar Machhmara,Unakoti,655,272681,village,Pencharthal,8.02,ICD Amingaon,227.67,Kolkata Port (Syama Prasad Mookerjee Port) incl. Haldia Dock Complex,416.91,Lokpriya Gopinath Bordoloi International Airport (GAU),221.85,Sutarkandi ICP,71.65
Laxmachhara,Unakoti,655,272670,village,Pencharthal,4.13,ICD Amingaon,217.97,Kolkata Port (Syama Prasad Mookerjee Port) incl. Haldia Dock Complex,422.89,Lokpriya Gopinath Bordoloi International Airport (GAU),212.37,Sutarkandi ICP,61.56
Nabinchhara,Unakoti,655,272671,village,Pencharthal,4.3,ICD Amingaon,220.55,Kolkata Port (Syama Prasad Mookerjee Port) incl. Haldia Dock Complex,422.75,Lokpriya Gopinath Bordoloi International Airport (GAU),214.96,Sutarkandi ICP,63.3
Purba Andharchhara,Unakoti,655,272669,village,Pencharthal,3.51,ICD Amingaon,216.45,Kolkata Port (Syama Prasad Mookerjee Port) incl. Haldia Dock Complex,420.98,Lokpriya Gopinath Bordoloi International Airport (GAU),210.73,Sutarkandi ICP,61.91
Paschim Andharchhara,Unakoti,655,272668,village,Pencharthal,4.76,ICD Amingaon,215.06,Kolkata Port (Syama Prasad Mookerjee Port) incl. Haldia Dock Complex,418.75,Lokpriya Gopinath Bordoloi International Airport (GAU),209.2,Sutarkandi ICP,62.67
Dakshin Unakoti,Unakoti,655,272690,village,Pencharthal,4.13,ICD Amingaon,218.56,Kolkata Port (Syama Prasad Mookerjee Port) incl. Haldia Dock Complex,415.24,Lokpriya Gopinath Bordoloi International Airport (GAU),212.56,Sutarkandi ICP,67.08
Jagannathpur,Unakoti,655,272688,village,Kumarghat,8.04,ICD Amingaon,215.22,Kolkata Port (Syama Prasad Mookerjee Port) incl. Haldia Dock Complex,412.4,Lokpriya Gopinath Bordoloi International Airport (GAU),209.03,Sutarkandi ICP,67.39
Krishnanagar,Unakoti,655,272687,village,Kumarghat,5.81,ICD Amingaon,217.66,Kolkata Port (Syama Prasad Mookerjee Port) incl. Haldia Dock Complex,410.18,Lokpriya Gopinath Bordoloi International Airport (GAU),211.39,Srimantapur ICP,70.1
Natingchhara,Unakoti,655,272689,village,Pencharthal,6.81,ICD Amingaon,215.96,Kolkata Port (Syama Prasad Mookerjee Port) incl. Haldia Dock Complex,414.22,Lokpriya Gopinath Bordoloi International Airport (GAU),209.88,Sutarkandi ICP,66.42
Radhanagar,Unakoti,655,272686,village,Kumarghat,7.31,ICD Amingaon,217.53,Kolkata Port (Syama Prasad Mookerjee Port) incl. Haldia Dock Complex,407.39,Lokpriya Gopinath Bordoloi International Airport (GAU),211.12,Srimantapur ICP,67.47
Rajkandi,Unakoti,655,272685,village,Kumarghat,9.53,ICD Amingaon,218.1,Kolkata Port (Syama Prasad Mookerjee Port) incl. Haldia Dock Complex,403.97,Lokpriya Gopinath Bordoloi International Airport (GAU),211.52,Srimantapur ICP,64.17
Samruhala RF,Unakoti,655,272601,village,Kumarghat,11.8,ICD Amingaon,216.92,Kolkata Port (Syama Prasad Mookerjee Port) incl. Haldia Dock Complex,402.51,Lokpriya Gopinath Bordoloi International Airport (GAU),210.25,Srimantapur ICP,63.04
Dakshin Machhamara,Unakoti,655,272683,village,Kumarghat,11.13,ICD Amingaon,231.57,Kolkata Port (Syama Prasad Mookerjee Port) incl. Haldia Dock Complex,415.35,Lokpriya Gopinath Bordoloi International Airport (GAU),225.71,Srimantapur ICP,74.66
Deo RF 2,Unakoti,655,272679,village,Kumarghat,8.18,ICD Amingaon,230.09,Kolkata Port (Syama Prasad Mookerjee Port) incl. Haldia Dock Complex,412.82,Lokpriya Gopinath Bordoloi International Airport (GAU),224.09,Srimantapur ICP,72.05
Dewanbari,Unakoti,655,272682,village,Pencharthal,10.66,ICD Amingaon,230.19,Kolkata Port (Syama Prasad Mookerjee Port) incl. Haldia Dock Complex,418.1,Lokpriya Gopinath Bordoloi International Airport (GAU),224.46,Sutarkandi ICP,72.7
Karaichhara,Unakoti,655,272675,village,Pencharthal,7.14,ICD Amingaon,225.62,Kolkata Port (Syama Prasad Mookerjee Port) incl. Haldia Dock Complex,421.36,Lokpriya Gopinath Bordoloi International Airport (GAU),220.01,Sutarkandi ICP,67.58
Rabiraipara,Unakoti,655,272684,village,Nalkata,12.82,ICD Amingaon,235.77,Kolkata Port (Syama Prasad Mookerjee Port) incl. Haldia Dock Complex,414.1,Lokpriya Gopinath Bordoloi International Airport (GAU),229.89,Srimantapur ICP,73.71
Birchandra Nagar,Unakoti,655,272673,village,Pencharthal,7.87,ICD Amingaon,224.2,Kolkata Port (Syama Prasad Mookerjee Port) incl. Haldia Dock Complex,424.15,Lokpriya Gopinath Bordoloi International Airport (GAU),218.71,Sutarkandi ICP,64.94
Kachari Chhara,North Tripura,270,272664,village,Panisagar,18.49,ICD Amingaon,225.04,Kolkata Port (Syama Prasad Mookerjee Port) incl. Haldia Dock Complex,437.06,Lokpriya Gopinath Bordoloi International Airport (GAU),220.22,Sutarkandi ICP,58.77
Narendra Nagar,North Tripura,270,272663,village,Panisagar,16.25,ICD Amingaon,222.01,Kolkata Port (Syama Prasad Mookerjee Port) incl. Haldia Dock Complex,437.17,Lokpriya Gopinath Bordoloi International Airport (GAU),217.17,Sutarkandi ICP,56.24
Pipla Chhara,North Tripura,270,272659,village,Panisagar,11.41,ICD Amingaon,221.14,Kolkata Port (Syama Prasad Mookerjee Port) incl. Haldia Dock Complex,431.46,Lokpriya Gopinath Bordoloi International Airport (GAU),216.0,Sutarkandi ICP,58.55
Rahum Chhara,North Tripura,270,272660,village,Panisagar,9.46,ICD Amingaon,217.64,Kolkata Port (Syama Prasad Mookerjee Port) incl. Haldia Dock Complex,432.68,Lokpriya Gopinath Bordoloi International Airport (GAU),212.54,Sutarkandi ICP,55.28
Damchhara,North Tripura,270,272662,village,Panisagar,14.22,ICD Amingaon,219.16,Kolkata Port (Syama Prasad Mookerjee Port) incl. Haldia Dock Complex,437.05,Lokpriya Gopinath Bordoloi International Airport (GAU),214.3,Sutarkandi ICP,54.03
Peku Chhara,North Tripura,270,272651,village,Panisagar,4.81,ICD Amingaon,217.11,Kolkata Port (Syama Prasad Mookerjee Port) incl. Haldia Dock Complex,425.61,Lokpriya Gopinath Bordoloi International Airport (GAU),211.64,Sutarkandi ICP,59.25
Jalebassa,North Tripura,270,272652,village,Panisagar,4.23,ICD Amingaon,214.57,Kolkata Port (Syama Prasad Mookerjee Port) incl. Haldia Dock Complex,429.08,Lokpriya Gopinath Bordoloi International Airport (GAU),209.25,Sutarkandi ICP,55.37
Panisagar,North Tripura,270,272656,village,Panisagar,1.99,ICD Amingaon,214.12,Kolkata Port (Syama Prasad Mookerjee Port) incl. Haldia Dock Complex,424.75,Lokpriya Gopinath Bordoloi International Airport (GAU),208.57,Sutarkandi ICP,57.96
Roa,North Tripura,270,272649,village,Panisagar,2.18,ICD Amingaon,211.89,Kolkata Port (Syama Prasad Mookerjee Port) incl. Haldia Dock Complex,428.2,Lokpriya Gopinath Bordoloi International Airport (GAU),206.5,Sutarkandi ICP,54.27
Dakshin Padmabil,North Tripura,270,272653,village,Panisagar,5.54,ICD Amingaon,212.01,Kolkata Port (Syama Prasad Mookerjee Port) incl. Haldia Dock Complex,431.51,Lokpriya Gopinath Bordoloi International Airport (GAU),206.8,Sutarkandi ICP,52.14
Bilthai,North Tripura,270,272650,village,Panisagar,2.94,ICD Amingaon,211.93,Kolkata Port (Syama Prasad Mookerjee Port) incl. Haldia Dock Complex,423.29,Lokpriya Gopinath Bordoloi International Airport (GAU),206.28,Sutarkandi ICP,57.72
Ramnagar,North Tripura,270,272648,village,Panisagar,4.27,ICD Amingaon,208.94,Kolkata Port (Syama Prasad Mookerjee Port) incl. Haldia Dock Complex,429.28,Lokpriya Gopinath Bordoloi International Airport (GAU),203.59,Sutarkandi ICP,51.79
Indurail,North Tripura,270,272654,village,Panisagar,7.25,ICD Amingaon,212.55,Kolkata Port (Syama Prasad Mookerjee Port) incl. Haldia Dock Complex,433.08,Lokpriya Gopinath Bordoloi International Airport (GAU),207.44,Sutarkandi ICP,51.5
Uttar Padmabil,North Tripura,270,272640,village,Panisagar,6.25,ICD Amingaon,209.28,Kolkata Port (Syama Prasad Mookerjee Port) incl. Haldia Dock Complex,432.0,Lokpriya Gopinath Bordoloi International Airport (GAU),204.07,Sutarkandi ICP,50.11
Purba Tilthai,North Tripura,270,272646,village,Panisagar,2.93,ICD Amingaon,209.74,Kolkata Port (Syama Prasad Mookerjee Port) incl. Haldia Dock Complex,425.32,Lokpriya Gopinath Bordoloi International Airport (GAU),204.17,Sutarkandi ICP,55.06
Deo Chhara,North Tripura,270,272647,village,Panisagar,3.94,ICD Amingaon,208.66,Kolkata Port (Syama Prasad Mookerjee Port) incl. Haldia Dock Complex,428.2,Lokpriya Gopinath Bordoloi International Airport (GAU),203.24,Sutarkandi ICP,52.39
Khedachhara,North Tripura,270,272666,village,Pencharthal,22.35,ICD Amingaon,234.42,Kolkata Port (Syama Prasad Mookerjee Port) incl. Haldia Dock Complex,432.76,Lokpriya Gopinath Bordoloi International Airport (GAU),229.43,Sutarkandi ICP,68.58
Bangsul,North Tripura,270,272658,village,Pencharthal,14.91,ICD Amingaon,226.36,Kolkata Port (Syama Prasad Mookerjee Port) incl. Haldia Dock Complex,430.61,Lokpriya Gopinath Bordoloi International Airport (GAU),221.21,Sutarkandi ICP,63.0
Damchhara RF,North Tripura,270,272665,village,Panisagar,16.76,ICD Amingaon,226.05,Kolkata Port (Syama Prasad Mookerjee Port) incl. Haldia Dock Complex,433.01,Lokpriya Gopinath Bordoloi International Airport (GAU),221.03,Sutarkandi ICP,61.54
Juri RF,North Tripura,270,272657,village,Pencharthal,9.65,ICD Amingaon,222.06,Kolkata Port (Syama Prasad Mookerjee Port) incl. Haldia Dock Complex,427.49,Lokpriya Gopinath Bordoloi International Airport (GAU),216.72,Sutarkandi ICP,61.47
Jayanti Para,North Tripura,270,272710,village,Pencharthal,16.58,ICD Amingaon,229.82,Kolkata Port (Syama Prasad Mookerjee Port) incl. Haldia Dock Complex,429.77,Lokpriya Gopinath Bordoloi International Airport (GAU),224.66,Sutarkandi ICP,66.16
Lankamura,West Tripura,272,271855,village,Jogendranagar,8.34,ICD Amingaon,254.87,Kolkata Port (Syama Prasad Mookerjee Port) incl. Haldia Dock Complex,326.29,Lokpriya Gopinath Bordoloi International Airport (GAU),245.51,Agartala ICP (Akhaura),16.17
Ichachhari,Gomati,654,272358,village,Teliamura,60.8,ICD Amingaon,311.3,Kolkata Port (Syama Prasad Mookerjee Port) incl. Haldia Dock Complex,354.09,Lokpriya Gopinath Bordoloi International Airport (GAU),303.64,Sabroom ICP,22.05
Purba Karbook,Gomati,654,272356,village,Teliamura,57.96,ICD Amingaon,307.46,Kolkata Port (Syama Prasad Mookerjee Port) incl. Haldia Dock Complex,358.63,Lokpriya Gopinath Bordoloi International Airport (GAU),299.92,Sabroom ICP,26.74
