name,toll_type,nh_number,state,district,district_code,latitude,longitude,booth_count,source_url
Alluri Sitarama Raju Toll Plaza,national_highway,NH 516E,Andhra Pradesh,Alluri Sitarama Raju,684.0,17.714378,82.384079,1,https://www.openstreetmap.org
Alluri Sitarama Raju Toll Plaza,national_highway,NH 516E,Andhra Pradesh,Alluri Sitarama Raju,684.0,17.458836,82.106778,1,https://www.openstreetmap.org
Alluri Sitarama Raju Toll Plaza,national_highway,NH 30,Andhra Pradesh,Alluri Sitarama Raju,684.0,17.702508,81.0308,1,https://www.openstreetmap.org
Anakapalli Toll Plaza,national_highway,NH 16,Andhra Pradesh,Anakapalli,685.0,17.397752,82.675876,2,https://www.openstreetmap.org
Anakapalli Toll Plaza,national_highway,NH 16,Andhra Pradesh,Anakapalli,685.0,17.747515,83.068966,2,https://www.openstreetmap.org
Ananthapuramu Toll Plaza,national_highway,NH 67,Andhra Pradesh,Ananthapuramu,553.0,14.987418,77.915206,1,https://www.openstreetmap.org
Ananthapuramu Toll Plaza,highway_toll,NH 150A,Andhra Pradesh,Ananthapuramu,553.0,14.698553,77.00446,1,https://www.openstreetmap.org
Ananthapuramu Toll Plaza,national_highway,NH 42,Andhra Pradesh,Ananthapuramu,553.0,14.79274,77.362008,1,https://www.openstreetmap.org
Ananthapuramu Toll Plaza,national_highway,NH 150A,Andhra Pradesh,Ananthapuramu,553.0,14.981337,76.834118,3,https://www.openstreetmap.org
Ananthapuramu Toll Plaza,highway_toll,NH 42,Andhra Pradesh,Ananthapuramu,553.0,14.670396,77.449841,1,https://www.openstreetmap.org
Ananthapuramu Toll Plaza,national_highway,NH 67,Andhra Pradesh,Ananthapuramu,553.0,15.159101,77.476928,2,https://www.openstreetmap.org
Kasepalli,national_highway,NH 44,Andhra Pradesh,Ananthapuramu,553.0,15.061721,77.63034,2,https://www.openstreetmap.org
Marur,national_highway,NH 44,Andhra Pradesh,Ananthapuramu,553.0,14.502036,77.631319,2,https://www.openstreetmap.org
Annamayya Toll Plaza,national_highway,NH 40,Andhra Pradesh,Annamayya,693.0,13.714326,78.873307,1,https://www.openstreetmap.org
Annamayya Toll Plaza,national_highway,NH 40,Andhra Pradesh,Annamayya,693.0,14.131121,78.756701,1,https://www.openstreetmap.org
Bapatla Toll Plaza,national_highway,NH 16,Andhra Pradesh,Bapatla,691.0,15.886607,80.070853,2,https://www.openstreetmap.org
Bapatla Toll Plaza,national_highway,NH 216,Andhra Pradesh,Bapatla,691.0,15.683328,80.19176,1,https://www.openstreetmap.org
Bapatla Toll Plaza,highway_toll,NH 544D,Andhra Pradesh,Bapatla,691.0,16.106994,79.928945,2,https://www.openstreetmap.org
Bapatla Toll Plaza,national_highway,NH 216,Andhra Pradesh,Bapatla,691.0,15.993536,80.598804,1,https://www.openstreetmap.org
Bapatla Toll Plaza,national_highway,NH 167A,Andhra Pradesh,Bapatla,691.0,15.934846,80.29043,2,https://www.openstreetmap.org
Chittoor Toll Plaza,national_highway,NH 40,Andhra Pradesh,Chittoor,554.0,13.375572,79.078336,1,https://www.openstreetmap.org
Chittoor Toll Plaza,national_highway,NH 69,Andhra Pradesh,Chittoor,554.0,13.194966,79.016014,1,https://www.openstreetmap.org
Chittoor Toll Plaza,national_highway,NH 69,Andhra Pradesh,Chittoor,554.0,13.194857,79.018407,1,https://www.openstreetmap.org
Chittoor Toll Plaza,national_highway,NH 42,Andhra Pradesh,Chittoor,554.0,13.037387,78.515253,1,https://www.openstreetmap.org
Chittoor Toll Plaza,national_highway,NH 42,Andhra Pradesh,Chittoor,554.0,13.336216,78.612977,1,https://www.openstreetmap.org
Chittoor Toll Plaza,highway_toll,NH 42,Andhra Pradesh,Chittoor,554.0,13.102108,78.603044,2,https://www.openstreetmap.org
Dr. B.R. Ambedkar Konaseema Toll Plaza,national_highway,NH 216,Andhra Pradesh,Dr. B.R. Ambedkar Konaseema,687.0,16.672253,82.147428,1,https://www.openstreetmap.org
Dr. B.R. Ambedkar Konaseema Toll Plaza,national_highway,NH 216A,Andhra Pradesh,Dr. B.R. Ambedkar Konaseema,687.0,16.715208,81.82781,2,https://www.openstreetmap.org
East Godavari Toll Plaza,national_highway,NH 16,Andhra Pradesh,East Godavari,545.0,17.027283,81.719482,2,https://www.openstreetmap.org
East Godavari Toll Plaza,national_highway,NH 16,Andhra Pradesh,East Godavari,545.0,16.985161,81.476061,2,https://www.openstreetmap.org
East Godavari Toll Plaza,national_highway,NH 16,Andhra Pradesh,East Godavari,545.0,17.050802,81.527859,2,https://www.openstreetmap.org
Eluru Toll Plaza,national_highway,NH 16,Andhra Pradesh,Eluru,688.0,16.664441,81.008017,1,https://www.openstreetmap.org
Guntur Toll Plaza,national_highway,NH 16,Andhra Pradesh,Guntur,548.0,16.385198,80.533331,2,https://www.openstreetmap.org
Guntur Toll Plaza,national_highway,NH 16,Andhra Pradesh,Guntur,548.0,16.505046,80.543445,2,https://www.openstreetmap.org
Kakinada Toll Plaza,national_highway,NH 16,Andhra Pradesh,Kakinada,686.0,17.215429,82.110736,2,https://www.openstreetmap.org
Kakinada Toll Plaza,national_highway,NH 216,Andhra Pradesh,Kakinada,686.0,17.138745,82.271684,2,https://www.openstreetmap.org
Krishna Toll Plaza,national_highway,NH 16,Andhra Pradesh,Krishna,547.0,16.572406,80.862552,2,https://www.openstreetmap.org
Krishna Toll Plaza,highway_toll,NH 16,Andhra Pradesh,Krishna,547.0,16.522452,80.790058,2,https://www.openstreetmap.org
Krishna Toll Plaza,national_highway,NH 65,Andhra Pradesh,Krishna,547.0,16.412522,80.788184,2,https://www.openstreetmap.org
Krishna Toll Plaza,national_highway,NH 216,Andhra Pradesh,Krishna,547.0,16.31991,81.220705,2,https://www.openstreetmap.org
Krishna Toll Plaza,national_highway,NH 216,Andhra Pradesh,Krishna,547.0,16.054644,80.913987,1,https://www.openstreetmap.org
Krishna Toll Plaza,national_highway,NH 16,Andhra Pradesh,Krishna,547.0,16.57264,80.715116,2,https://www.openstreetmap.org
Amakathadu,national_highway,NH 44,Andhra Pradesh,Kurnool,552.0,15.486438,77.901128,2,https://www.openstreetmap.org
Kurnool Toll Plaza,national_highway,NH 40,Andhra Pradesh,Kurnool,552.0,15.740915,78.070798,2,https://www.openstreetmap.org
Kurnool Toll Plaza,national_highway,NH 167,Andhra Pradesh,Kurnool,552.0,15.818713,77.454068,1,https://www.openstreetmap.org
NTR Toll Plaza,national_highway,NH 65,Andhra Pradesh,NTR,689.0,16.71809,80.324335,2,https://www.openstreetmap.org
NTR Toll Plaza,national_highway,NH 65,Andhra Pradesh,NTR,689.0,16.885032,80.160606,2,https://www.openstreetmap.org
NTR Toll Plaza,national_highway,NH 30,Andhra Pradesh,NTR,689.0,16.85046,80.633612,6,https://www.openstreetmap.org
Nandyal Toll Plaza,national_highway,NH 40,Andhra Pradesh,Nandyal,694.0,14.979547,78.574769,2,https://www.openstreetmap.org
Nandyal Toll Plaza,national_highway,NH 40,Andhra Pradesh,Nandyal,694.0,15.460392,78.451866,2,https://www.openstreetmap.org
Palnadu Toll Plaza,highway_toll,NH 544D,Andhra Pradesh,Palnadu,690.0,16.139152,80.033188,1,https://www.openstreetmap.org
Tummalacheruvu toll plaza,national_highway,NH 167A,Andhra Pradesh,Palnadu,690.0,16.53833,79.798943,3,https://www.openstreetmap.org
Parvathipuram Manyam Toll Plaza,highway_toll,NH 26,Andhra Pradesh,Parvathipuram Manyam,683.0,18.458968,83.161821,2,https://www.openstreetmap.org
Prakasam Toll Plaza,national_highway,NH 565,Andhra Pradesh,Prakasam,549.0,15.667426,79.351843,1,https://www.openstreetmap.org
Prakasam Toll Plaza,national_highway,NH 565,Andhra Pradesh,Prakasam,549.0,15.225256,79.459179,1,https://www.openstreetmap.org
Prakasam Toll Plaza,national_highway,NH 544D,Andhra Pradesh,Prakasam,549.0,15.465974,79.072471,1,https://www.openstreetmap.org
Prakasam Toll Plaza,national_highway,NH 565,Andhra Pradesh,Prakasam,549.0,16.062644,79.305137,1,https://www.openstreetmap.org
Tanguturu Toll Plaza,national_highway,NH 16,Andhra Pradesh,Prakasam,549.0,15.358255,80.040064,3,https://www.openstreetmap.org
Sonampetty,national_highway,NH 16,Andhra Pradesh,Sri Potti Sriramulu Nellore,550.0,14.693816,79.978984,2,https://www.openstreetmap.org
Sri Potti Sriramulu Nellore Toll Plaza,national_highway,NH 16,Andhra Pradesh,Sri Potti Sriramulu Nellore,550.0,14.312206,79.916252,2,https://www.openstreetmap.org
Sri Potti Sriramulu Nellore Toll Plaza,national_highway,NH 16,Andhra Pradesh,Sri Potti Sriramulu Nellore,550.0,14.851937,79.987813,2,https://www.openstreetmap.org
Sri Potti Sriramulu Nellore Toll Plaza,national_highway,NH 67,Andhra Pradesh,Sri Potti Sriramulu Nellore,550.0,14.266899,80.074243,2,https://www.openstreetmap.org
Sri Potti Sriramulu Nellore Toll Plaza,national_highway,NH 565,Andhra Pradesh,Sri Potti Sriramulu Nellore,550.0,14.756961,79.261737,1,https://www.openstreetmap.org
Sri Potti Sriramulu Nellore Toll Plaza,national_highway,NH 67,Andhra Pradesh,Sri Potti Sriramulu Nellore,550.0,14.685376,79.5156,1,https://www.openstreetmap.org
Sri Potti Sriramulu Nellore Toll Plaza,national_highway,NH 67,Andhra Pradesh,Sri Potti Sriramulu Nellore,550.0,14.543445,79.862197,1,https://www.openstreetmap.org
Sri Sathya Sai Toll Plaza,national_highway,NH 544E,Andhra Pradesh,Sri Sathya Sai,695.0,13.85517,77.117026,1,https://www.openstreetmap.org
Sri Sathya Sai Toll Plaza,national_highway,NH 544E,Andhra Pradesh,Sri Sathya Sai,695.0,13.811498,77.576398,1,https://www.openstreetmap.org
Sri Sathya Sai Toll Plaza,national_highway,NH 42,Andhra Pradesh,Sri Sathya Sai,695.0,14.500152,77.7966,2,https://www.openstreetmap.org
Srikakulam Toll Plaza,national_highway,NH 16,Andhra Pradesh,Srikakulam,542.0,18.377345,84.000528,2,https://www.openstreetmap.org
Srikakulam Toll Plaza,national_highway,NH 16,Andhra Pradesh,Srikakulam,542.0,18.733093,84.389388,2,https://www.openstreetmap.org
Srikakulam Toll Plaza,national_highway,NH 326A,Andhra Pradesh,Srikakulam,542.0,18.619899,84.041049,2,https://www.openstreetmap.org
Srikakulam Toll Plaza,national_highway,NH 16,Andhra Pradesh,Srikakulam,542.0,19.056201,84.640706,2,https://www.openstreetmap.org
Alipiri Toll Gate,highway_toll,NH 71,Andhra Pradesh,Tirupati,692.0,13.647538,79.405534,1,https://www.openstreetmap.org
GNC Tollgate,highway_toll,NH 71,Andhra Pradesh,Tirupati,692.0,13.672913,79.351294,2,https://www.openstreetmap.org
Gadanki Toll Plaza,national_highway,NH 140,Andhra Pradesh,Tirupati,692.0,13.477992,79.187746,1,https://www.openstreetmap.org
Sullurpeta,national_highway,NH 16,Andhra Pradesh,Tirupati,692.0,13.744906,79.990937,2,https://www.openstreetmap.org
Tirupati Toll Plaza,national_highway,NH 16,Andhra Pradesh,Tirupati,692.0,14.05983,79.894496,2,https://www.openstreetmap.org
Tirupati Toll Plaza,national_highway,NH 716,Andhra Pradesh,Tirupati,692.0,13.525603,79.532851,2,https://www.openstreetmap.org
Tirupati Toll Plaza,national_highway,NH 71,Andhra Pradesh,Tirupati,692.0,13.698151,79.611658,2,https://www.openstreetmap.org
Toll Gate,highway_toll,NH 71,Andhra Pradesh,Tirupati,692.0,13.647125,79.402007,1,https://www.openstreetmap.org
Aganampudi,highway_toll,NH 16,Andhra Pradesh,Visakhapatnam,544.0,17.685542,83.150015,2,https://www.openstreetmap.org
Visakhapatnam Toll Plaza,highway_toll,NH 16,Andhra Pradesh,Visakhapatnam,544.0,17.713889,83.2122,2,https://www.openstreetmap.org
Visakhapatnam Toll Plaza,national_highway,NH 16,Andhra Pradesh,Visakhapatnam,544.0,17.888165,83.345163,2,https://www.openstreetmap.org
Vizianagaram Toll Plaza,national_highway,NH 16,Andhra Pradesh,Vizianagaram,543.0,18.057477,83.520727,2,https://www.openstreetmap.org
Vizianagaram Toll Plaza,national_highway,NH 516E,Andhra Pradesh,Vizianagaram,543.0,18.153835,83.260373,2,https://www.openstreetmap.org
Vizianagaram Toll Plaza,highway_toll,NH 26,Andhra Pradesh,Vizianagaram,543.0,18.304853,83.271736,2,https://www.openstreetmap.org
Vizianagaram Toll Plaza,national_highway,NH 516E,Andhra Pradesh,Vizianagaram,543.0,18.145996,83.283854,1,https://www.openstreetmap.org
Vizianagaram Toll Plaza,highway_toll,NH 516E,Andhra Pradesh,Vizianagaram,543.0,18.052818,83.252815,2,https://www.openstreetmap.org
Vizianagaram Toll Plaza,highway_toll,NH 516B,Andhra Pradesh,Vizianagaram,543.0,18.048237,83.251475,2,https://www.openstreetmap.org
West Godavari Toll Plaza,national_highway,NH 216A,Andhra Pradesh,West Godavari,546.0,16.749759,81.716432,2,https://www.openstreetmap.org
West Godavari Toll Plaza,national_highway,NH 216,Andhra Pradesh,West Godavari,546.0,16.423178,81.638417,1,https://www.openstreetmap.org
Palempalli Toll gate,national_highway,NH 40,Andhra Pradesh,Y.S.R.,551.0,14.513435,78.791106,2,https://www.openstreetmap.org
Y.S.R. Toll Plaza,national_highway,NH 40,Andhra Pradesh,Y.S.R.,551.0,14.624199,78.78332,2,https://www.openstreetmap.org
Y.S.R. Toll Plaza,national_highway,NH 167K,Andhra Pradesh,Y.S.R.,551.0,14.770502,78.36515,1,https://www.openstreetmap.org
Y.S.R. Toll Plaza,national_highway,NH 67,Andhra Pradesh,Y.S.R.,551.0,14.708377,78.872361,1,https://www.openstreetmap.org
BONGAIGAON Toll Plaza,national_highway,NH 27,Assam,BONGAIGAON,319.0,26.476259,90.712125,2,https://www.openstreetmap.org
CACHAR Toll Plaza,national_highway,NH 27,Assam,CACHAR,316.0,24.946442,92.756121,2,https://www.openstreetmap.org
DHUBRI Toll Plaza,national_highway,NH 17,Assam,DHUBRI,301.0,26.136877,89.833195,1,https://www.openstreetmap.org
DIMA HASAO Toll Plaza,national_highway,NH 27,Assam,DIMA HASAO,315.0,25.736483,93.138633,2,https://www.openstreetmap.org
GOLAGHAT Toll Plaza,national_highway,NH 715,Assam,GOLAGHAT,313.0,26.677577,93.919762,2,https://www.openstreetmap.org
GOLAGHAT Toll Plaza,national_highway,NH 129,Assam,GOLAGHAT,313.0,26.495345,93.921233,1,https://www.openstreetmap.org
HOJAI Toll Plaza,national_highway,NH 27,Assam,HOJAI,720.0,26.13098,92.838944,2,https://www.openstreetmap.org
KAMRUP METRO Toll Plaza,national_highway,NH 27,Assam,KAMRUP METRO,322.0,26.121355,91.937828,2,https://www.openstreetmap.org
KAMRUP RURAL Toll Plaza,national_highway,NH 27,Assam,KAMRUP RURAL,321.0,26.308985,91.716202,2,https://www.openstreetmap.org
KOKRAJHAR Toll Plaza,national_highway,NH 27,Assam,KOKRAJHAR,300.0,26.565061,90.238209,2,https://www.openstreetmap.org
KOKRAJHAR Toll Plaza,national_highway,NH 27,Assam,KOKRAJHAR,300.0,26.444049,89.942697,3,https://www.openstreetmap.org
LAKHIMPUR Toll Plaza,national_highway,NH 15,Assam,LAKHIMPUR,307.0,27.084339,93.839845,1,https://www.openstreetmap.org
NAGAON Toll Plaza,national_highway,NH 715,Assam,NAGAON,305.0,26.567568,92.869462,2,https://www.openstreetmap.org
NAGAON Toll Plaza,national_highway,NH 27,Assam,NAGAON,305.0,26.245782,92.541448,2,https://www.openstreetmap.org
SRIBHUMI Toll Plaza,national_highway,NH 37,Assam,SRIBHUMI,317.0,24.843542,92.404657,2,https://www.openstreetmap.org
Hariabara,national_highway,NH 27,Bihar,Araria,209.0,26.152642,87.445226,2,https://www.openstreetmap.org
Aurangabad Toll Plaza,national_highway,NH 120,Bihar,Aurangabad,235.0,24.99589,84.592615,2,https://www.openstreetmap.org
Begusarai Toll Plaza,national_highway,NH 122,Bihar,Begusarai,222.0,25.590267,85.875976,1,https://www.openstreetmap.org
Bhagalpur Toll Plaza,national_highway,NH 33,Bihar,Bhagalpur,224.0,25.232255,87.00983,1,https://www.openstreetmap.org
Darbhanga Toll Plaza,national_highway,NH 27,Bihar,Darbhanga,215.0,26.225103,86.15021,2,https://www.openstreetmap.org
Sawkala,national_highway,NH 19,Bihar,Gaya,236.0,24.599567,84.702777,2,https://www.openstreetmap.org
Gopalganj Toll Plaza,national_highway,NH 27,Bihar,Gopalganj,217.0,26.568862,84.308157,2,https://www.openstreetmap.org
Mohania,national_highway,NH 19,Bihar,Kaimur (Bhabua),233.0,25.188308,83.561575,2,https://www.openstreetmap.org
Kishanganj Toll Plaza,national_highway,NH 327,Bihar,Kishanganj,210.0,26.318916,87.902655,2,https://www.openstreetmap.org
Maithi,national_highway,NH 27,Bihar,Muzaffarpur,216.0,26.112687,85.564996,2,https://www.openstreetmap.org
Muzaffarpur Toll Plaza,national_highway,NH 122,Bihar,Muzaffarpur,216.0,26.038739,85.447443,1,https://www.openstreetmap.org
Muzaffarpur Toll Plaza,national_highway,NH 722,Bihar,Muzaffarpur,216.0,26.056013,85.182764,1,https://www.openstreetmap.org
Nawada Toll Plaza,national_highway,NH 20,Bihar,Nawada,237.0,24.685388,85.507017,1,https://www.openstreetmap.org
Patna Toll Plaza,national_highway,NH 31,Bihar,Patna,230.0,25.572663,85.240527,2,https://www.openstreetmap.org
Patna Toll Plaza,highway_toll,NH 922,Bihar,Patna,230.0,25.625719,85.130028,5,https://www.openstreetmap.org
Patna Toll Plaza,highway_toll,NH 922,Bihar,Patna,230.0,25.626422,85.128028,5,https://www.openstreetmap.org
Parsoni Khem,national_highway,NH 27,Bihar,Purba Champaran,204.0,26.451733,85.022724,2,https://www.openstreetmap.org
Purnia Toll Plaza,national_highway,NH 27,Bihar,Purnia,211.0,25.804692,87.590757,2,https://www.openstreetmap.org
Sasaram,national_highway,NH 19,Bihar,Rohtas,234.0,24.957156,83.954978,2,https://www.openstreetmap.org
Saran Toll Plaza,national_highway,NH 722,Bihar,Saran,219.0,25.924086,84.967915,1,https://www.openstreetmap.org
Saran Toll Plaza,national_highway,NH 31,Bihar,Saran,219.0,25.747728,84.951851,2,https://www.openstreetmap.org
Sitamarhi Toll Plaza,national_highway,NH 22,Bihar,Sitamarhi,206.0,26.37363,85.49412,1,https://www.openstreetmap.org
Sitamarhi Toll Plaza,highway_toll,NH 227,Bihar,Sitamarhi,206.0,26.659641,85.433764,1,https://www.openstreetmap.org
Asanpur,national_highway,NH 27,Bihar,Supaul,208.0,26.297812,86.632875,2,https://www.openstreetmap.org
Vaishali Toll Plaza,national_highway,NH 22,Bihar,Vaishali,220.0,25.802903,85.283436,2,https://www.openstreetmap.org
BALOD Toll Plaza,national_highway,NH 30,Chhattisgarh,BALOD,645.0,20.604762,81.419582,1,https://www.openstreetmap.org
BASTAR Toll Plaza,national_highway,NH 30,Chhattisgarh,BASTAR,414.0,19.161348,81.984693,1,https://www.openstreetmap.org
BILASPUR Toll Plaza,national_highway,NH 130,Chhattisgarh,BILASPUR,406.0,21.932373,82.011884,2,https://www.openstreetmap.org
BILASPUR Toll Plaza,national_highway,NH 49,Chhattisgarh,BILASPUR,406.0,21.967082,82.098163,2,https://www.openstreetmap.org
BILASPUR Toll Plaza,national_highway,NH 49,Chhattisgarh,BILASPUR,406.0,22.011288,82.324079,2,https://www.openstreetmap.org
DURG Toll Plaza,national_highway,NH 53,Chhattisgarh,DURG,409.0,21.214448,81.288005,2,https://www.openstreetmap.org
DURG Toll Plaza,national_highway,NH 53,Chhattisgarh,DURG,409.0,21.204506,81.336082,2,https://www.openstreetmap.org
DURG Toll Plaza,national_highway,NH 53,Chhattisgarh,DURG,409.0,21.252722,81.536927,2,https://www.openstreetmap.org
KONDAGAON Toll Plaza,national_highway,NH 30,Chhattisgarh,KONDAGAON,648.0,19.662457,81.65948,1,https://www.openstreetmap.org
KORBA Toll Plaza,national_highway,NH 130,Chhattisgarh,KORBA,404.0,22.454788,82.483258,2,https://www.openstreetmap.org
KORBA Toll Plaza,national_highway,NH 130,Chhattisgarh,KORBA,404.0,22.766539,82.480343,1,https://www.openstreetmap.org
Chuipali toll gate,national_highway,NH 53,Chhattisgarh,MAHASAMUND,411.0,21.29966,82.942826,2,https://www.openstreetmap.org
MAHASAMUND Toll Plaza,national_highway,NH 53,Chhattisgarh,MAHASAMUND,411.0,21.226902,82.42246,2,https://www.openstreetmap.org
MANENDRAGARH-CHIRMIRI-BHARATPUR Toll Plaza,national_highway,NH 43,Chhattisgarh,MANENDRAGARH-CHIRMIRI-BHARATPUR,758.0,23.29444,82.383997,1,https://www.openstreetmap.org
RAIPUR Toll Plaza,national_highway,NH 53,Chhattisgarh,RAIPUR,410.0,21.203015,81.905338,2,https://www.openstreetmap.org
RAIPUR Toll Plaza,national_highway,NH 30,Chhattisgarh,RAIPUR,410.0,21.480404,81.690959,2,https://www.openstreetmap.org
RAJNANDGAON Toll Plaza,national_highway,NH 53,Chhattisgarh,RAJNANDGAON,408.0,21.117924,81.12236,2,https://www.openstreetmap.org
SAKTI Toll Plaza,national_highway,NH 49,Chhattisgarh,SAKTI,759.0,22.017576,82.872707,1,https://www.openstreetmap.org
SURAJPUR Toll Plaza,national_highway,NH 43,Chhattisgarh,SURAJPUR,641.0,23.19521,82.925131,1,https://www.openstreetmap.org
DADRA AND NAGAR HAVELI Toll Plaza,national_highway,NH 848A,Dadra and Nagar Haveli and Daman and Diu,DADRA AND NAGAR HAVELI,496.0,20.273007,72.960493,2,https://www.openstreetmap.org
CENTRAL Toll Plaza,highway_toll,NH 44,Delhi,CENTRAL,95.0,28.640352,77.223193,1,https://www.openstreetmap.org
CENTRAL Toll Plaza,highway_toll,NH 9,Delhi,CENTRAL,95.0,28.694448,77.2154,1,https://www.openstreetmap.org
NAZUL Toll Plaza,highway_toll,NH 24,Delhi,NAZUL,,28.583958,77.294165,1,https://www.openstreetmap.org
NEW DELHI Toll Plaza,highway_toll,NH 48,Delhi,NEW DELHI,94.0,28.554042,77.09087,8,https://www.openstreetmap.org
NEW DELHI Toll Plaza,highway_toll,NH 344M,Delhi,NEW DELHI,94.0,28.558021,77.084923,5,https://www.openstreetmap.org
NEW DELHI Toll Plaza,highway_toll,NH 344M,Delhi,NEW DELHI,94.0,28.559438,77.08531,2,https://www.openstreetmap.org
Harewali Toll Plaza (MCD Toll Delhi),national_highway,NH 344P,Delhi,NORTH,91.0,28.829781,77.023897,1,https://www.openstreetmap.org
NORTH Toll Plaza,national_highway,NH 44,Delhi,NORTH,91.0,28.856314,77.125665,4,https://www.openstreetmap.org
SHAHDARA Toll Plaza,highway_toll,NH 24,Delhi,SHAHDARA,676.0,28.648899,77.316891,4,https://www.openstreetmap.org
SOUTH Toll Plaza,national_highway,NH 148A,Delhi,SOUTH,98.0,28.480985,77.116773,2,https://www.openstreetmap.org
SOUTH EAST Toll Plaza,national_highway,NH 44,Delhi,SOUTH EAST,677.0,28.489915,77.304167,4,https://www.openstreetmap.org
SOUTH EAST Toll Plaza,highway_toll,NH 44,Delhi,SOUTH EAST,677.0,28.58779,77.25298,1,https://www.openstreetmap.org
"Dwarka Expressway Toll Plaza - Towards Yashobhumi, Delhi",highway_toll,NH 344M,Delhi,SOUTH WEST,97.0,28.533985,77.03527,2,https://www.openstreetmap.org
Kapashera Border Toll Booth,highway_toll,NH 48,Delhi,SOUTH WEST,97.0,28.519272,77.081061,1,https://www.openstreetmap.org
SOUTH WEST Toll Plaza,highway_toll,NH 352R,Delhi,SOUTH WEST,97.0,28.619969,76.883802,1,https://www.openstreetmap.org
SOUTH WEST Toll Plaza,highway_toll,NH 352W,Delhi,SOUTH WEST,97.0,28.513055,76.894053,1,https://www.openstreetmap.org
Mundka - Bakkarwala Toll Plaza - Towards IGI Airport (UER-2),national_highway,NH 344M,Delhi,WEST,96.0,28.672931,77.011087,2,https://www.openstreetmap.org
NORTH GOA Toll Plaza,highway_toll,NH 166S,Goa,NORTH GOA,585.0,15.65664,73.947867,1,https://www.openstreetmap.org
NORTH GOA Toll Plaza,national_highway,NH 166S,Goa,NORTH GOA,585.0,15.689414,73.838123,2,https://www.openstreetmap.org
AHMADABAD Toll Plaza,national_highway,NH 947,Gujarat,AHMADABAD,474.0,23.00629,72.348888,1,https://www.openstreetmap.org
AHMADABAD Toll Plaza,national_highway,NH 48;47,Gujarat,AHMADABAD,474.0,22.98379,72.663798,2,https://www.openstreetmap.org
AHMADABAD Toll Plaza,national_highway,NH 48;47,Gujarat,AHMADABAD,474.0,22.968772,72.658633,1,https://www.openstreetmap.org
AHMADABAD Toll Plaza,national_highway,NH 48;47,Gujarat,AHMADABAD,474.0,22.968226,72.661897,1,https://www.openstreetmap.org
AHMADABAD Toll Plaza,national_highway,NH 48;47,Gujarat,AHMADABAD,474.0,22.9726,72.659696,1,https://www.openstreetmap.org
AHMADABAD Toll Plaza,national_highway,NH 48;47,Gujarat,AHMADABAD,474.0,22.97006,72.662101,1,https://www.openstreetmap.org
AHMADABAD Toll Plaza,highway_toll,NH 147,Gujarat,AHMADABAD,474.0,23.12851,72.592547,2,https://www.openstreetmap.org
AHMADABAD Toll Plaza,national_highway,NH 751D,Gujarat,AHMADABAD,474.0,22.506555,72.423453,2,https://www.openstreetmap.org
AHMADABAD Toll Plaza,national_highway,NH 47,Gujarat,AHMADABAD,474.0,22.630746,72.179292,2,https://www.openstreetmap.org
AHMADABAD Toll Plaza,national_highway,NH 48,Gujarat,AHMADABAD,474.0,23.096252,72.686278,2,https://www.openstreetmap.org
AHMADABAD Toll Plaza,highway_toll,NH 48;47,Gujarat,AHMADABAD,474.0,22.975799,72.650395,2,https://www.openstreetmap.org
AHMADABAD Toll Plaza,national_highway,NH 47,Gujarat,AHMADABAD,474.0,22.934781,72.519764,2,https://www.openstreetmap.org
AHMADABAD Toll Plaza,national_highway,NH 947,Gujarat,AHMADABAD,474.0,23.008367,72.346228,1,https://www.openstreetmap.org
AHMADABAD Toll Plaza,national_highway,NH 47,Gujarat,AHMADABAD,474.0,22.973874,72.47304,7,https://www.openstreetmap.org
AHMADABAD Toll Plaza,highway_toll,NH 147,Gujarat,AHMADABAD,474.0,23.128157,72.517781,2,https://www.openstreetmap.org
ANAND Toll Plaza,national_highway,NH 48,Gujarat,ANAND,482.0,22.453271,73.07058,2,https://www.openstreetmap.org
ARVALLI Toll Plaza,national_highway,NH 48,Gujarat,ARVALLI,650.0,23.616121,73.254322,2,https://www.openstreetmap.org
ARVALLI Toll Plaza,national_highway,NH 48,Gujarat,ARVALLI,650.0,23.719672,73.396443,1,https://www.openstreetmap.org
ARVALLI Toll Plaza,highway_toll,NH 848K,Gujarat,ARVALLI,650.0,23.36435,73.515459,2,https://www.openstreetmap.org
ARVALLI Toll Plaza,national_highway,NH 848K,Gujarat,ARVALLI,650.0,23.505125,73.303402,2,https://www.openstreetmap.org
ARVALLI Toll Plaza,national_highway,NH 48,Gujarat,ARVALLI,650.0,23.717282,73.394465,1,https://www.openstreetmap.org
BANAS KANTHA Toll Plaza,national_highway,NH 27,Gujarat,BANAS KANTHA,469.0,23.912363,71.784034,2,https://www.openstreetmap.org
BANAS KANTHA Toll Plaza,expressway_toll,NH 754K,Gujarat,BANAS KANTHA,469.0,24.378711,71.646675,2,https://www.openstreetmap.org
BANAS KANTHA Toll Plaza,expressway_toll,NH 754K,Gujarat,BANAS KANTHA,469.0,24.381914,71.646901,2,https://www.openstreetmap.org
BANAS KANTHA Toll Plaza,expressway_toll,NH 754K,Gujarat,BANAS KANTHA,469.0,24.587559,71.720257,2,https://www.openstreetmap.org
BANAS KANTHA Toll Plaza,national_highway,NH 168,Gujarat,BANAS KANTHA,469.0,24.494072,72.268975,1,https://www.openstreetmap.org
BANAS KANTHA Toll Plaza,expressway_toll,NH 754K,Gujarat,BANAS KANTHA,469.0,24.418691,71.64954,2,https://www.openstreetmap.org
BANAS KANTHA Toll Plaza,expressway_toll,NH 754K,Gujarat,BANAS KANTHA,469.0,24.087762,71.469818,2,https://www.openstreetmap.org
BANAS KANTHA Toll Plaza,expressway_toll,NH 754K,Gujarat,BANAS KANTHA,469.0,24.090407,71.471037,2,https://www.openstreetmap.org
Bhalgam,national_highway,NH 27,Gujarat,BANAS KANTHA,469.0,23.920486,71.788216,2,https://www.openstreetmap.org
Bhildi,national_highway,NH 27,Gujarat,BANAS KANTHA,469.0,24.143821,71.977126,2,https://www.openstreetmap.org
Khemana,national_highway,NH 27,Gujarat,BANAS KANTHA,469.0,24.24135,72.462734,2,https://www.openstreetmap.org
BHARUCH Toll Plaza,national_highway,NH 48,Gujarat,BHARUCH,488.0,21.702232,73.060947,2,https://www.openstreetmap.org
BHAVNAGAR Toll Plaza,expressway_toll,NH 751,Gujarat,BHAVNAGAR,481.0,21.985022,72.091697,2,https://www.openstreetmap.org
DAHOD Toll Plaza,national_highway,NH 56,Gujarat,DAHOD,485.0,23.025727,74.151034,1,https://www.openstreetmap.org
DAHOD Toll Plaza,national_highway,NH 56,Gujarat,DAHOD,485.0,22.948072,74.192017,2,https://www.openstreetmap.org
DAHOD Toll Plaza,national_highway,NH 147D,Gujarat,DAHOD,485.0,22.857376,74.001498,2,https://www.openstreetmap.org
DANGS Toll Plaza,national_highway,NH 360;953,Gujarat,DANGS,489.0,20.595967,73.744764,1,https://www.openstreetmap.org
DEVBHUMI DWARKA Toll Plaza,national_highway,NH 51,Gujarat,DEVBHUMI DWARKA,656.0,22.077622,69.138165,2,https://www.openstreetmap.org
OkhaMadi Toll Plaza,national_highway,NH 51,Gujarat,DEVBHUMI DWARKA,656.0,22.08025,69.13334,1,https://www.openstreetmap.org
GANDHINAGAR Toll Plaza,highway_toll,NH 147,Gujarat,GANDHINAGAR,473.0,23.186454,72.560266,2,https://www.openstreetmap.org
GANDHINAGAR Toll Plaza,highway_toll,NH 48,Gujarat,GANDHINAGAR,473.0,23.115327,72.642831,2,https://www.openstreetmap.org
GIR SOMNATH Toll Plaza,national_highway,NH 51,Gujarat,GIR SOMNATH,652.0,20.96124,70.334371,2,https://www.openstreetmap.org
JAMNAGAR Toll Plaza,national_highway,NH 151A,Gujarat,JAMNAGAR,477.0,22.427229,69.914104,2,https://www.openstreetmap.org
JAMNAGAR Toll Plaza,national_highway,NH 151A,Gujarat,JAMNAGAR,477.0,22.550529,70.349312,2,https://www.openstreetmap.org
JUNAGADH Toll Plaza,highway_toll,NH 351,Gujarat,JUNAGADH,479.0,21.284486,70.721988,1,https://www.openstreetmap.org
JUNAGADH Toll Plaza,highway_toll,NH 351,Gujarat,JUNAGADH,479.0,21.234564,70.635683,1,https://www.openstreetmap.org
JUNAGADH Toll Plaza,highway_toll,NH 51,Gujarat,JUNAGADH,479.0,21.217276,70.628783,1,https://www.openstreetmap.org
JUNAGADH Toll Plaza,highway_toll,NH 51,Gujarat,JUNAGADH,479.0,21.186687,70.626755,1,https://www.openstreetmap.org
JUNAGADH Toll Plaza,national_highway,NH 151,Gujarat,JUNAGADH,479.0,21.424897,70.295259,2,https://www.openstreetmap.org
KACHCHH Toll Plaza,national_highway,NH 41,Gujarat,KACHCHH,468.0,23.308448,70.49061,2,https://www.openstreetmap.org
KACHCHH Toll Plaza,highway_toll,NH 41,Gujarat,KACHCHH,468.0,22.816951,69.717798,1,https://www.openstreetmap.org
KACHCHH Toll Plaza,national_highway,NH 41,Gujarat,KACHCHH,468.0,22.935142,69.802392,2,https://www.openstreetmap.org
KACHCHH Toll Plaza,highway_toll,NH 41,Gujarat,KACHCHH,468.0,23.345396,70.272074,1,https://www.openstreetmap.org
Makhel,national_highway,NH 27,Gujarat,KACHCHH,468.0,23.49039,70.942693,2,https://www.openstreetmap.org
Surajbari,national_highway,NH 27,Gujarat,KACHCHH,468.0,23.23371,70.689563,2,https://www.openstreetmap.org
KHEDA Toll Plaza,national_highway,NH 48;64,Gujarat,KHEDA,483.0,22.716138,72.740987,2,https://www.openstreetmap.org
KHEDA Toll Plaza,national_highway,NH 47,Gujarat,KHEDA,483.0,22.912798,72.957407,2,https://www.openstreetmap.org
KHEDA Toll Plaza,highway_toll,NH 848K,Gujarat,KHEDA,483.0,22.695984,72.895417,2,https://www.openstreetmap.org
KHEDA Toll Plaza,highway_toll,NH 848K,Gujarat,KHEDA,483.0,22.697051,72.900109,2,https://www.openstreetmap.org
KHEDA Toll Plaza,highway_toll,NH 848K,Gujarat,KHEDA,483.0,22.701084,72.897086,2,https://www.openstreetmap.org
KHEDA Toll Plaza,highway_toll,NH 848K,Gujarat,KHEDA,483.0,22.700078,72.892453,2,https://www.openstreetmap.org
Mevad,highway_toll,NH 68,Gujarat,MAHESANA,471.0,23.527395,72.388176,1,https://www.openstreetmap.org
MORBI Toll Plaza,national_highway,NH 947,Gujarat,MORBI,657.0,23.037173,70.928176,2,https://www.openstreetmap.org
MORBI Toll Plaza,national_highway,NH 27,Gujarat,MORBI,657.0,22.64793,70.955554,2,https://www.openstreetmap.org
Vaghasia,national_highway,NH 47,Gujarat,MORBI,657.0,22.423068,71.088813,2,https://www.openstreetmap.org
NARMADA Toll Plaza,national_highway,NH 56,Gujarat,NARMADA,487.0,21.924689,73.652137,1,https://www.openstreetmap.org
NARMADA Toll Plaza,national_highway,NH 56,Gujarat,NARMADA,487.0,21.922753,73.651826,1,https://www.openstreetmap.org
NAVSARI Toll Plaza,national_highway,NH 48,Gujarat,NAVSARI,490.0,20.885671,73.052155,2,https://www.openstreetmap.org
NAVSARI Toll Plaza,national_highway,NH 48,Gujarat,NAVSARI,490.0,20.864323,73.070355,2,https://www.openstreetmap.org
PANCH MAHALS Toll Plaza,highway_toll,NH 47,Gujarat,PANCH MAHALS,484.0,23.013222,73.618124,2,https://www.openstreetmap.org
PANCH MAHALS Toll Plaza,highway_toll,NH 47,Gujarat,PANCH MAHALS,484.0,22.648136,73.519484,2,https://www.openstreetmap.org
PANCH MAHALS Toll Plaza,highway_toll,NH 756,Gujarat,PANCH MAHALS,484.0,22.489779,73.465582,1,https://www.openstreetmap.org
PANCH MAHALS Toll Plaza,national_highway,NH 47,Gujarat,PANCH MAHALS,484.0,22.792275,73.533267,3,https://www.openstreetmap.org
PANCH MAHALS Toll Plaza,national_highway,NH 47,Gujarat,PANCH MAHALS,484.0,22.786767,73.573938,2,https://www.openstreetmap.org
PANCH MAHALS Toll Plaza,highway_toll,NH 756,Gujarat,PANCH MAHALS,484.0,22.641998,73.445125,2,https://www.openstreetmap.org
PANCH MAHALS Toll Plaza,highway_toll,NH 756,Gujarat,PANCH MAHALS,484.0,22.645619,73.449227,2,https://www.openstreetmap.org
PATAN Toll Plaza,expressway_toll,NH 754K,Gujarat,PATAN,470.0,23.910591,71.339584,2,https://www.openstreetmap.org
PATAN Toll Plaza,expressway_toll,NH 754K,Gujarat,PATAN,470.0,23.913911,71.343817,2,https://www.openstreetmap.org
Varahi,national_highway,NH 27,Gujarat,PATAN,470.0,23.791233,71.427631,2,https://www.openstreetmap.org
PORBANDAR Toll Plaza,national_highway,NH 51,Gujarat,PORBANDAR,478.0,21.318219,69.910034,1,https://www.openstreetmap.org
Vanana,national_highway,NH 27,Gujarat,PORBANDAR,478.0,21.664906,69.709527,2,https://www.openstreetmap.org
041,national_highway,NH 27,Gujarat,RAJKOT,476.0,22.311575,70.829644,1,https://www.openstreetmap.org
Bharudi,national_highway,NH 27,Gujarat,RAJKOT,476.0,21.805324,70.663939,2,https://www.openstreetmap.org
Dhumiyani,national_highway,NH 27,Gujarat,RAJKOT,476.0,21.751428,70.326794,2,https://www.openstreetmap.org
Pithadiya,national_highway,NH 27,Gujarat,RAJKOT,476.0,22.082614,70.78106,2,https://www.openstreetmap.org
SABAR KANTHA Toll Plaza,national_highway,NH 48,Gujarat,SABAR KANTHA,472.0,23.410169,72.828574,2,https://www.openstreetmap.org
SABAR KANTHA Toll Plaza,highway_toll,NH 48,Gujarat,SABAR KANTHA,472.0,23.592949,72.945199,1,https://www.openstreetmap.org
SURAT Toll Plaza,national_highway,NH 48,Gujarat,SURAT,492.0,21.303073,72.954125,2,https://www.openstreetmap.org
SURAT Toll Plaza,national_highway,NH 53,Gujarat,SURAT,492.0,21.090486,72.922494,3,https://www.openstreetmap.org
SURAT Toll Plaza,national_highway,NH 53,Gujarat,SURAT,492.0,21.108482,73.030417,2,https://www.openstreetmap.org
SURENDRANAGAR Toll Plaza,national_highway,NH 947,Gujarat,SURENDRANAGAR,475.0,23.071758,71.784823,2,https://www.openstreetmap.org
SURENDRANAGAR Toll Plaza,national_highway,NH 947,Gujarat,SURENDRANAGAR,475.0,23.001405,71.372712,2,https://www.openstreetmap.org
TAPI Toll Plaza,national_highway,NH 53,Gujarat,TAPI,493.0,21.13498,73.478408,2,https://www.openstreetmap.org
VADODARA Toll Plaza,national_highway,NH 48,Gujarat,VADODARA,486.0,22.353256,73.236939,2,https://www.openstreetmap.org
VADODARA Toll Plaza,highway_toll,NH 48,Gujarat,VADODARA,486.0,22.41372,73.149254,2,https://www.openstreetmap.org
VADODARA Toll Plaza,national_highway,NH 48,Gujarat,VADODARA,486.0,22.014659,73.11508,2,https://www.openstreetmap.org
VADODARA Toll Plaza,national_highway,NH 148M,Gujarat,VADODARA,486.0,22.259856,73.104409,2,https://www.openstreetmap.org
VADODARA Toll Plaza,national_highway,NH 148M,Gujarat,VADODARA,486.0,22.261321,73.109638,2,https://www.openstreetmap.org
VADODARA Toll Plaza,national_highway,NH 148M,Gujarat,VADODARA,486.0,22.255972,73.106476,2,https://www.openstreetmap.org
VADODARA Toll Plaza,national_highway,NH 48,Gujarat,VADODARA,486.0,22.434641,73.081918,1,https://www.openstreetmap.org
VADODARA Toll Plaza,highway_toll,NH 48,Gujarat,VADODARA,486.0,22.456562,73.118936,1,https://www.openstreetmap.org
VADODARA Toll Plaza,national_highway,NH 48,Gujarat,VADODARA,486.0,22.434363,73.086302,1,https://www.openstreetmap.org
VADODARA Toll Plaza,national_highway,NH 48,Gujarat,VADODARA,486.0,22.437516,73.091065,1,https://www.openstreetmap.org
VADODARA Toll Plaza,national_highway,NH 48,Gujarat,VADODARA,486.0,22.438041,73.084078,1,https://www.openstreetmap.org
VADODARA Toll Plaza,national_highway,NH 148M,Gujarat,VADODARA,486.0,22.255687,73.109878,1,https://www.openstreetmap.org
VADODARA Toll Plaza,highway_toll,NH 48,Gujarat,VADODARA,486.0,22.448781,73.096377,2,https://www.openstreetmap.org
VADODARA Toll Plaza,highway_toll,NH 48,Gujarat,VADODARA,486.0,22.460183,73.120904,1,https://www.openstreetmap.org
VADODARA Toll Plaza,highway_toll,NH 48,Gujarat,VADODARA,486.0,22.461792,73.116679,1,https://www.openstreetmap.org
VADODARA Toll Plaza,highway_toll,NH 48,Gujarat,VADODARA,486.0,22.453242,73.117684,1,https://www.openstreetmap.org
VALSAD Toll Plaza,national_highway,NH 48,Gujarat,VALSAD,491.0,20.435011,72.917181,2,https://www.openstreetmap.org
VALSAD Toll Plaza,national_highway,NH 48,Gujarat,VALSAD,491.0,20.261455,72.884588,1,https://www.openstreetmap.org
VALSAD Toll Plaza,national_highway,NH 48,Gujarat,VALSAD,491.0,20.263631,72.884958,1,https://www.openstreetmap.org
Saini Majra Toll Plaza,national_highway,NH 152,Haryana,AMBALA,70.0,30.196916,76.705719,2,https://www.openstreetmap.org
Sambhu (Ghaggar),national_highway,NH 44,Haryana,AMBALA,70.0,30.403867,76.736451,2,https://www.openstreetmap.org
BHIWANI Toll Plaza,national_highway,NH 709,Haryana,BHIWANI,81.0,28.804776,76.223103,2,https://www.openstreetmap.org
BHIWANI Toll Plaza,national_highway,NH 148B,Haryana,BHIWANI,81.0,28.692945,76.15858,2,https://www.openstreetmap.org
CHARKI DADRI Toll Plaza,expressway_toll,NH 152D,Haryana,CHARKI DADRI,732.0,28.606154,76.304824,2,https://www.openstreetmap.org
FARIDABAD Toll Plaza,highway_toll,NH 44,Haryana,FARIDABAD,88.0,28.405213,77.229506,2,https://www.openstreetmap.org
Rohad,national_highway,NH 44,Haryana,FARIDABAD,88.0,28.474735,77.305507,2,https://www.openstreetmap.org
Rohad,national_highway,NH 44,Haryana,FARIDABAD,88.0,28.476257,77.30565,2,https://www.openstreetmap.org
Expressway Toll,expressway_toll,NH 48,Haryana,GURUGRAM,86.0,28.395569,76.981884,3,https://www.openstreetmap.org
GURUGRAM Toll Plaza,expressway_toll,NH 48,Haryana,GURUGRAM,86.0,28.511153,77.092385,2,https://www.openstreetmap.org
GURUGRAM Toll Plaza,highway_toll,NH 148A,Haryana,GURUGRAM,86.0,28.411675,77.166628,2,https://www.openstreetmap.org
GURUGRAM Toll Plaza,national_highway,NH 48,Haryana,GURUGRAM,86.0,28.311019,76.895341,2,https://www.openstreetmap.org
GURUGRAM Toll Plaza,national_highway,NH 919,Haryana,GURUGRAM,86.0,28.240675,77.116874,2,https://www.openstreetmap.org
Sohna Gurgaon Toll,national_highway,NH 248A,Haryana,GURUGRAM,86.0,28.333547,77.067606,2,https://www.openstreetmap.org
Badopatti,national_highway,NH 52,Haryana,HISAR,80.0,29.299172,75.819803,2,https://www.openstreetmap.org
Chaudhriwas,national_highway,NH 52,Haryana,HISAR,80.0,28.998064,75.604408,2,https://www.openstreetmap.org
Landhari,national_highway,NH 9,Haryana,HISAR,80.0,29.292351,75.648152,2,https://www.openstreetmap.org
Ramayana,national_highway,NH 9,Haryana,HISAR,80.0,29.100815,75.884951,2,https://www.openstreetmap.org
Dighal,national_highway,NH 352,Haryana,JHAJJAR,83.0,28.77745,76.621369,2,https://www.openstreetmap.org
JHAJJAR Toll Plaza,national_highway,NH 9,Haryana,JHAJJAR,83.0,28.754558,76.795215,2,https://www.openstreetmap.org
JHAJJAR Toll Plaza,national_highway,NH 9,Haryana,JHAJJAR,83.0,28.725044,76.8469,2,https://www.openstreetmap.org
JHAJJAR Toll Plaza,national_highway,NH 334B,Haryana,JHAJJAR,83.0,28.713351,76.724523,2,https://www.openstreetmap.org
JHAJJAR Toll Plaza,highway_toll,NH 352R,Haryana,JHAJJAR,83.0,28.571723,76.82311,2,https://www.openstreetmap.org
JIND Toll Plaza,highway_toll,NH 352A,Haryana,JIND,77.0,29.241315,76.517989,1,https://www.openstreetmap.org
JIND Toll Plaza,national_highway,NH 52,Haryana,JIND,77.0,29.578688,76.088318,3,https://www.openstreetmap.org
JIND Toll Plaza,national_highway,NH 352,Haryana,JIND,77.0,29.394654,76.252525,2,https://www.openstreetmap.org
JIND Toll Plaza,expressway_toll,NH 152D,Haryana,JIND,77.0,29.098344,76.425381,2,https://www.openstreetmap.org
JIND Toll Plaza,expressway_toll,NH 152D,Haryana,JIND,77.0,29.396766,76.489797,2,https://www.openstreetmap.org
JIND Toll Plaza,expressway_toll,NH 152D,Haryana,JIND,77.0,29.406644,76.48952,2,https://www.openstreetmap.org
JIND Toll Plaza,expressway_toll,NH 152D,Haryana,JIND,77.0,29.403743,76.490793,2,https://www.openstreetmap.org
JIND Toll Plaza,national_highway,NH 709A,Haryana,JIND,77.0,29.462004,76.440292,1,https://www.openstreetmap.org
JIND Toll Plaza,national_highway,NH 709A,Haryana,JIND,77.0,29.46297,76.436895,1,https://www.openstreetmap.org
JIND Toll Plaza,expressway_toll,NH 352A,Haryana,JIND,77.0,29.275398,76.476994,2,https://www.openstreetmap.org
JIND Toll Plaza,highway_toll,NH 352A,Haryana,JIND,77.0,29.240841,76.519781,1,https://www.openstreetmap.org
JIND Toll Plaza,expressway_toll,NH 152D,Haryana,JIND,77.0,29.281001,76.469888,2,https://www.openstreetmap.org
JIND Toll Plaza,expressway_toll,NH 152D,Haryana,JIND,77.0,29.369538,76.479095,2,https://www.openstreetmap.org
JIND Toll Plaza,national_highway,NH 709A,Haryana,JIND,77.0,29.458384,76.440566,1,https://www.openstreetmap.org
JIND Toll Plaza,expressway_toll,NH 152D,Haryana,JIND,77.0,29.403513,76.487553,1,https://www.openstreetmap.org
JIND Toll Plaza,national_highway,NH 709A,Haryana,JIND,77.0,29.457142,76.444051,1,https://www.openstreetmap.org
KAITHAL Toll Plaza,expressway_toll,NH 152D,Haryana,KAITHAL,73.0,29.909492,76.647143,2,https://www.openstreetmap.org
KAITHAL Toll Plaza,expressway_toll,NH 152D,Haryana,KAITHAL,73.0,29.863329,76.640691,2,https://www.openstreetmap.org
KAITHAL Toll Plaza,expressway_toll,NH 152D,Haryana,KAITHAL,73.0,29.859542,76.642101,2,https://www.openstreetmap.org
KAITHAL Toll Plaza,expressway_toll,NH 152D,Haryana,KAITHAL,73.0,29.775086,76.602426,2,https://www.openstreetmap.org
KAITHAL Toll Plaza,national_highway,NH 152,Haryana,KAITHAL,73.0,29.691839,76.286122,2,https://www.openstreetmap.org
KAITHAL Toll Plaza,national_highway,NH 152,Haryana,KAITHAL,73.0,29.694312,76.284484,2,https://www.openstreetmap.org
KAITHAL Toll Plaza,national_highway,NH 152,Haryana,KAITHAL,73.0,29.692775,76.279415,2,https://www.openstreetmap.org
KAITHAL Toll Plaza,national_highway,NH 152,Haryana,KAITHAL,73.0,29.690125,76.281014,2,https://www.openstreetmap.org
Gharaunda (Karnal),national_highway,NH 44,Haryana,KARNAL,74.0,29.584402,76.979009,1,https://www.openstreetmap.org
Gharaunda (Karnal),national_highway,NH 44,Haryana,KARNAL,74.0,29.581054,76.978421,1,https://www.openstreetmap.org
KARNAL Toll Plaza,expressway_toll,NH 152D,Haryana,KARNAL,74.0,29.487074,76.513451,1,https://www.openstreetmap.org
KARNAL Toll Plaza,expressway_toll,NH 152D,Haryana,KARNAL,74.0,29.483388,76.511964,2,https://www.openstreetmap.org
KARNAL Toll Plaza,expressway_toll,NH 152D,Haryana,KARNAL,74.0,29.553346,76.535041,2,https://www.openstreetmap.org
KARNAL Toll Plaza,expressway_toll,NH 152D,Haryana,KARNAL,74.0,29.550187,76.533825,2,https://www.openstreetmap.org
KARNAL Toll Plaza,expressway_toll,NH 152D,Haryana,KARNAL,74.0,29.486248,76.512152,1,https://www.openstreetmap.org
KURUKSHETRA Toll Plaza,national_highway,NH 152,Haryana,KURUKSHETRA,72.0,29.910181,76.506686,2,https://www.openstreetmap.org
MAHENDRAGARH Toll Plaza,expressway_toll,NH 152D,Haryana,MAHENDRAGARH,84.0,28.305658,76.223787,2,https://www.openstreetmap.org
MAHENDRAGARH Toll Plaza,expressway_toll,NH 152D,Haryana,MAHENDRAGARH,84.0,28.303827,76.223402,2,https://www.openstreetmap.org
MAHENDRAGARH Toll Plaza,expressway_toll,NH 152D,Haryana,MAHENDRAGARH,84.0,28.121219,76.179362,2,https://www.openstreetmap.org
MAHENDRAGARH Toll Plaza,national_highway,NH 148B,Haryana,MAHENDRAGARH,84.0,27.932691,76.127161,2,https://www.openstreetmap.org
MAHENDRAGARH Toll Plaza,expressway_toll,NH 152D,Haryana,MAHENDRAGARH,84.0,28.212296,76.193724,2,https://www.openstreetmap.org
NUH Toll Plaza,national_highway,NH 248A,Haryana,NUH,87.0,28.179203,77.07501,2,https://www.openstreetmap.org
NUH Toll Plaza,national_highway,NH 919,Haryana,NUH,87.0,28.219541,76.997214,2,https://www.openstreetmap.org
NUH Toll Plaza,highway_toll,NH 248A,Haryana,NUH,87.0,27.767093,76.994668,2,https://www.openstreetmap.org
NUH Toll Plaza,highway_toll,NH 248A,Haryana,NUH,87.0,27.764165,76.993252,2,https://www.openstreetmap.org
NUH Toll Plaza,highway_toll,NH 919,Haryana,NUH,87.0,28.212964,77.124118,2,https://www.openstreetmap.org
PALWAL Toll Plaza,national_highway,NH 44,Haryana,PALWAL,89.0,28.098157,77.325264,1,https://www.openstreetmap.org
PALWAL Toll Plaza,highway_toll,NH 44,Haryana,PALWAL,89.0,28.102295,77.305102,2,https://www.openstreetmap.org
PALWAL Toll Plaza,national_highway,NH 44,Haryana,PALWAL,89.0,28.100176,77.333724,1,https://www.openstreetmap.org
PALWAL Toll Plaza,national_highway,NH 44,Haryana,PALWAL,89.0,28.101531,77.334655,1,https://www.openstreetmap.org
PALWAL Toll Plaza,highway_toll,NH 44,Haryana,PALWAL,89.0,28.0994,77.364035,1,https://www.openstreetmap.org
PALWAL Toll Plaza,highway_toll,NH 44,Haryana,PALWAL,89.0,28.099423,77.368086,1,https://www.openstreetmap.org
PALWAL Toll Plaza,national_highway,NH 44,Haryana,PALWAL,89.0,28.249086,77.290462,2,https://www.openstreetmap.org
PALWAL Toll Plaza,national_highway,NH 44,Haryana,PALWAL,89.0,27.855402,77.402729,2,https://www.openstreetmap.org
PALWAL Toll Plaza,national_highway,NH 334D,Haryana,PALWAL,89.0,28.126633,77.405744,2,https://www.openstreetmap.org
PALWAL Toll Plaza,national_highway,NH 334D,Haryana,PALWAL,89.0,28.128869,77.406389,2,https://www.openstreetmap.org
PALWAL Toll Plaza,highway_toll,NH 919,Haryana,PALWAL,89.0,28.188239,77.172217,2,https://www.openstreetmap.org
Srinagar - Kanyakumari Highway,national_highway,NH 44,Haryana,PALWAL,89.0,28.006876,77.332916,1,https://www.openstreetmap.org
PANCHKULA Toll Plaza,national_highway,NH 7,Haryana,PANCHKULA,69.0,30.585687,76.945258,2,https://www.openstreetmap.org
PANCHKULA Toll Plaza,national_highway,NH 5,Haryana,PANCHKULA,69.0,30.738851,76.897992,3,https://www.openstreetmap.org
Dahar,national_highway,NH 709,Haryana,PANIPAT,75.0,29.31918,76.91848,2,https://www.openstreetmap.org
Panipat Bypass Toll,national_highway,NH 44,Haryana,PANIPAT,75.0,29.433354,76.970176,2,https://www.openstreetmap.org
REWARI Toll Plaza,national_highway,NH 352,Haryana,REWARI,85.0,28.275213,76.613337,2,https://www.openstreetmap.org
REWARI Toll Plaza,national_highway,NH 11,Haryana,REWARI,85.0,28.142226,76.359837,2,https://www.openstreetmap.org
Madina Korsan,national_highway,NH 9,Haryana,ROHTAK,82.0,28.92679,76.442268,2,https://www.openstreetmap.org
Makrauli Kalan,national_highway,NH 709,Haryana,ROHTAK,82.0,28.944247,76.609814,2,https://www.openstreetmap.org
ROHTAK Toll Plaza,expressway_toll,NH 152D,Haryana,ROHTAK,82.0,28.827845,76.348268,2,https://www.openstreetmap.org
ROHTAK Toll Plaza,expressway_toll,NH 152D,Haryana,ROHTAK,82.0,28.825435,76.348788,1,https://www.openstreetmap.org
ROHTAK Toll Plaza,expressway_toll,NH 152D,Haryana,ROHTAK,82.0,28.82508,76.347212,1,https://www.openstreetmap.org
ROHTAK Toll Plaza,expressway_toll,NH 152D,Haryana,ROHTAK,82.0,28.926629,76.375858,2,https://www.openstreetmap.org
ROHTAK Toll Plaza,expressway_toll,NH 152D,Haryana,ROHTAK,82.0,29.02632,76.398479,2,https://www.openstreetmap.org
ROHTAK Toll Plaza,expressway_toll,NH 152D,Haryana,ROHTAK,82.0,29.027034,76.401181,2,https://www.openstreetmap.org
ROHTAK Toll Plaza,national_highway,NH 352,Haryana,ROHTAK,82.0,29.007159,76.508355,2,https://www.openstreetmap.org
Toll Plaza,national_highway,NH 9,Haryana,ROHTAK,82.0,28.937558,76.399912,2,https://www.openstreetmap.org
SIRSA Toll Plaza,national_highway,NH 9,Haryana,SIRSA,79.0,29.532555,75.203212,2,https://www.openstreetmap.org
SIRSA Toll Plaza,national_highway,NH 9,Haryana,SIRSA,79.0,29.880674,74.793739,2,https://www.openstreetmap.org
Bhagan Toll Plaza,national_highway,NH 44,Haryana,SONIPAT,76.0,29.053094,77.065502,1,https://www.openstreetmap.org
SONIPAT Toll Plaza,national_highway,NH 334B,Haryana,SONIPAT,76.0,28.922294,76.952937,2,https://www.openstreetmap.org
SONIPAT Toll Plaza,national_highway,NH 44,Haryana,SONIPAT,76.0,29.075711,77.059358,1,https://www.openstreetmap.org
SONIPAT Toll Plaza,national_highway,NH 44,Haryana,SONIPAT,76.0,29.071648,77.060758,1,https://www.openstreetmap.org
SONIPAT Toll Plaza,highway_toll,NH 344P,Haryana,SONIPAT,76.0,28.910149,77.0253,2,https://www.openstreetmap.org
SONIPAT Toll Plaza,highway_toll,NH 44,Haryana,SONIPAT,76.0,28.91706,77.161149,2,https://www.openstreetmap.org
SONIPAT Toll Plaza,expressway_toll,NH 352A,Haryana,SONIPAT,76.0,29.22647,76.594153,2,https://www.openstreetmap.org
Damla toll plaza,highway_toll,NH 344,Haryana,YAMUNANAGAR,71.0,30.080602,77.209858,1,https://www.openstreetmap.org
YAMUNANAGAR Toll Plaza,national_highway,NH 344,Haryana,YAMUNANAGAR,71.0,30.211295,77.194362,2,https://www.openstreetmap.org
Yol Cannt Toll,highway_toll,NH 503,Himachal Pradesh,KANGRA,24.0,32.184553,76.369334,1,https://www.openstreetmap.org
KULLU Toll Plaza,national_highway,NH 3,Himachal Pradesh,KULLU,26.0,31.899442,77.14581,2,https://www.openstreetmap.org
KULLU Toll Plaza,national_highway,NH 3,Himachal Pradesh,KULLU,26.0,32.07179,77.130201,1,https://www.openstreetmap.org
MANDI Toll Plaza,national_highway,NH 3,Himachal Pradesh,MANDI,27.0,31.798948,77.188933,2,https://www.openstreetmap.org
SOLAN Toll Plaza,national_highway,NH 5,Himachal Pradesh,SOLAN,31.0,30.83611,76.96847,2,https://www.openstreetmap.org
SOLAN Toll Plaza,national_highway,NH 5,Himachal Pradesh,SOLAN,31.0,30.890439,77.005708,2,https://www.openstreetmap.org
Qazigund Toll Plaza,national_highway,NH 44,Jammu and Kashmir,ANANTNAG,14.0,33.567863,75.185952,2,https://www.openstreetmap.org
Ban Toll Plaza,national_highway,NH 44,Jammu and Kashmir,JAMMU,21.0,32.83901,74.940368,9,https://www.openstreetmap.org
Lakhanpur/ Rajbagh,national_highway,NH 44,Jammu and Kashmir,KATHUA,7.0,32.382259,75.598927,3,https://www.openstreetmap.org
Lakhanpur/ Rajbagh,national_highway,NH 44,Jammu and Kashmir,KATHUA,7.0,32.382414,75.603666,1,https://www.openstreetmap.org
Kachkoot,national_highway,NH 44,Jammu and Kashmir,PULWAMA,12.0,33.874389,75.043276,13,https://www.openstreetmap.org
Banihal Toll Plaza,national_highway,NH 44,Jammu and Kashmir,RAMBAN,17.0,33.477534,75.184131,8,https://www.openstreetmap.org
Nashri Toll Plaza,national_highway,NH 44,Jammu and Kashmir,RAMBAN,17.0,33.130561,75.294209,5,https://www.openstreetmap.org
Sarore Toll Plaza,national_highway,NH 44,Jammu and Kashmir,SAMBA,22.0,32.611758,74.938124,10,https://www.openstreetmap.org
Chenani Tunnel Toll Plaza,national_highway,NH 44,Jammu and Kashmir,UDHAMPUR,19.0,33.046157,75.278299,5,https://www.openstreetmap.org
BOKARO Toll Plaza,national_highway,NH 18,Jharkhand,BOKARO,355.0,23.70795,86.200838,1,https://www.openstreetmap.org
BOKARO Toll Plaza,national_highway,NH 320,Jharkhand,BOKARO,355.0,23.668346,86.045222,1,https://www.openstreetmap.org
Beliyad,national_highway,NH 19,Jharkhand,DHANBAD,354.0,23.763826,86.798807,2,https://www.openstreetmap.org
DUMKA Toll Plaza,national_highway,NH 133,Jharkhand,DUMKA,362.0,24.542183,86.959412,1,https://www.openstreetmap.org
EAST SINGHBHUM Toll Plaza,national_highway,NH 18,Jharkhand,EAST SINGHBHUM,357.0,22.445962,86.598186,2,https://www.openstreetmap.org
GIRIDIH Toll Plaza,national_highway,NH 114A,Jharkhand,GIRIDIH,349.0,24.284996,86.348656,2,https://www.openstreetmap.org
GIRIDIH Toll Plaza,national_highway,NH 19,Jharkhand,GIRIDIH,349.0,24.007651,85.985276,2,https://www.openstreetmap.org
Ghanghri,national_highway,NH 19,Jharkhand,GIRIDIH,349.0,24.030093,85.948531,2,https://www.openstreetmap.org
HAZARIBAGH Toll Plaza,national_highway,NH 20,Jharkhand,HAZARIBAGH,360.0,24.044482,85.386234,2,https://www.openstreetmap.org
Rasoiya Dhamna,national_highway,NH 19,Jharkhand,HAZARIBAGH,360.0,24.32352,85.388083,2,https://www.openstreetmap.org
RAMGARH Toll Plaza,national_highway,NH 320,Jharkhand,RAMGARH,361.0,23.54875,85.756831,1,https://www.openstreetmap.org
RANCHI Toll Plaza,national_highway,NH 20,Jharkhand,RANCHI,364.0,23.405098,85.467859,2,https://www.openstreetmap.org
RANCHI Toll Plaza,national_highway,NH 20,Jharkhand,RANCHI,364.0,23.542703,85.502899,3,https://www.openstreetmap.org
SARAIKELA-KHARSAWAN Toll Plaza,national_highway,NH 43,Jharkhand,SARAIKELA-KHARSAWAN,369.0,22.841574,86.053558,2,https://www.openstreetmap.org
SARAIKELA-KHARSAWAN Toll Plaza,national_highway,NH 118,Jharkhand,SARAIKELA-KHARSAWAN,369.0,22.799745,86.143379,2,https://www.openstreetmap.org
SARAIKELA-KHARSAWAN Toll Plaza,national_highway,NH 43,Jharkhand,SARAIKELA-KHARSAWAN,369.0,22.890113,86.063343,1,https://www.openstreetmap.org
SARAIKELA-KHARSAWAN Toll Plaza,national_highway,NH 18,Jharkhand,SARAIKELA-KHARSAWAN,369.0,22.929939,86.063924,2,https://www.openstreetmap.org
WEST SINGHBHUM Toll Plaza,national_highway,NH 43,Jharkhand,WEST SINGHBHUM,368.0,22.6277,85.847769,1,https://www.openstreetmap.org
B\dar Toll Plaza,national_highway,NH 65,Karnataka,B\dar,558.0,17.745588,77.317841,2,https://www.openstreetmap.org
B\dar Toll Plaza,national_highway,NH 50,Karnataka,B\dar,558.0,18.095015,77.258407,1,https://www.openstreetmap.org
Bagalkot Toll Plaza,national_highway,NH 50,Karnataka,Bagalkot,556.0,16.290498,75.923452,2,https://www.openstreetmap.org
BMC Road Toll,national_highway,NH 150A,Karnataka,Ballari,565.0,15.112268,76.913219,2,https://www.openstreetmap.org
BMC Road Toll,highway_toll,NH 67,Karnataka,Ballari,565.0,15.131321,76.864113,2,https://www.openstreetmap.org
Belagavi Toll Plaza,national_highway,NH 48,Karnataka,Belagavi,555.0,15.763093,74.647819,2,https://www.openstreetmap.org
Belagavi Toll Plaza,highway_toll,NH 160,Karnataka,Belagavi,555.0,16.418734,74.539598,1,https://www.openstreetmap.org
Belagavi Toll Plaza,national_highway,NH 48,Karnataka,Belagavi,555.0,16.542196,74.31822,2,https://www.openstreetmap.org
Belagavi Toll Plaza,national_highway,NH 48,Karnataka,Belagavi,555.0,16.143363,74.516963,2,https://www.openstreetmap.org
Belagavi Toll Plaza,national_highway,NH 67,Karnataka,Belagavi,555.0,15.429886,74.510956,1,https://www.openstreetmap.org
Belagavi Toll Plaza,national_highway,NH 748,Karnataka,Belagavi,555.0,15.691524,74.503514,2,https://www.openstreetmap.org
Bengaluru (Rural) Toll Plaza,national_highway,NH 75,Karnataka,Bengaluru (Rural),583.0,13.068209,77.360605,2,https://www.openstreetmap.org
Bengaluru (Rural) Toll Plaza,national_highway,NH 48,Karnataka,Bengaluru (Rural),583.0,13.114663,77.374604,2,https://www.openstreetmap.org
Bengaluru (Rural) Toll Plaza,national_highway,NH 44,Karnataka,Bengaluru (Rural),583.0,13.204595,77.666418,1,https://www.openstreetmap.org
Bengaluru (Rural) Toll Plaza,national_highway,NH 75,Karnataka,Bengaluru (Rural),583.0,13.059457,77.770728,2,https://www.openstreetmap.org
Bengaluru (Rural) Toll Plaza,national_highway,NH 44,Karnataka,Bengaluru (Rural),583.0,13.201037,77.661403,3,https://www.openstreetmap.org
Bengaluru (Rural) Toll Plaza,expressway_toll,NH 48;75,Karnataka,Bengaluru (Rural),583.0,13.079677,77.424519,1,https://www.openstreetmap.org
Bengaluru (Rural) Toll Plaza,expressway_toll,NH 48;75,Karnataka,Bengaluru (Rural),583.0,13.081225,77.421676,1,https://www.openstreetmap.org
Bengaluru (Rural) Toll Plaza,national_highway,NH 648,Karnataka,Bengaluru (Rural),583.0,13.270892,77.3482,2,https://www.openstreetmap.org
Bengaluru (Rural) Toll Plaza,highway_toll,NH 69,Karnataka,Bengaluru (Rural),583.0,13.437926,77.510528,1,https://www.openstreetmap.org
Bengaluru (Rural) Toll Plaza,highway_toll,NH 44,Karnataka,Bengaluru (Rural),583.0,13.198195,77.70237,2,https://www.openstreetmap.org
Navayuga Devanhalli,national_highway,NH 648,Karnataka,Bengaluru (Rural),583.0,13.207434,77.762502,2,https://www.openstreetmap.org
Attibele (BETL),national_highway,NH 44,Karnataka,Bengaluru (Urban),572.0,12.776868,77.777056,2,https://www.openstreetmap.org
BETL Two Wheeler Toll Booth,national_highway,NH 44,Karnataka,Bengaluru (Urban),572.0,12.847186,77.674045,3,https://www.openstreetmap.org
Bengaluru (Urban) Toll Plaza,national_highway,NH 44,Karnataka,Bengaluru (Urban),572.0,12.858912,77.656427,2,https://www.openstreetmap.org
Bengaluru (Urban) Toll Plaza,expressway_toll,NH 275,Karnataka,Bengaluru (Urban),572.0,12.901692,77.470545,3,https://www.openstreetmap.org
Bengaluru (Urban) Toll Plaza,national_highway,NH 48,Karnataka,Bengaluru (Urban),572.0,12.936596,77.531454,2,https://www.openstreetmap.org
Bengaluru (Urban) Toll Plaza,national_highway,NH 948,Karnataka,Bengaluru (Urban),572.0,12.857521,77.528593,3,https://www.openstreetmap.org
Bengaluru (Urban) Toll Plaza,national_highway,NH 44,Karnataka,Bengaluru (Urban),572.0,12.845603,77.667532,3,https://www.openstreetmap.org
Bengaluru (Urban) Toll Plaza,highway_toll,NH 48;75,Karnataka,Bengaluru (Urban),572.0,12.990146,77.472351,5,https://www.openstreetmap.org
Bengaluru (Urban) Toll Plaza,highway_toll,NH 48;75,Karnataka,Bengaluru (Urban),572.0,13.042374,77.475218,2,https://www.openstreetmap.org
Bengaluru (Urban) Toll Plaza,national_highway,NH 948,Karnataka,Bengaluru (Urban),572.0,12.858325,77.524991,1,https://www.openstreetmap.org
Bengaluru (Urban) Toll Plaza,highway_toll,NH 44,Karnataka,Bengaluru (Urban),572.0,12.849984,77.59069,2,https://www.openstreetmap.org
Bengaluru (Urban) Toll Plaza,highway_toll,NH 275,Karnataka,Bengaluru (Urban),572.0,12.88565,77.504507,2,https://www.openstreetmap.org
Bengaluru (Urban) Toll Plaza,highway_toll,NH 275,Karnataka,Bengaluru (Urban),572.0,12.883599,77.500699,2,https://www.openstreetmap.org
Bengaluru (Urban) Toll Plaza,expressway_toll,NH 275,Karnataka,Bengaluru (Urban),572.0,12.906427,77.470638,2,https://www.openstreetmap.org
Bengaluru (Urban) Toll Plaza,expressway_toll,NH 48;75,Karnataka,Bengaluru (Urban),572.0,13.057046,77.472142,1,https://www.openstreetmap.org
Bengaluru (Urban) Toll Plaza,highway_toll,NH 948,Karnataka,Bengaluru (Urban),572.0,12.850857,77.58629,2,https://www.openstreetmap.org
Bengaluru (Urban) Toll Plaza,expressway_toll,NH 275,Karnataka,Bengaluru (Urban),572.0,12.903802,77.466234,2,https://www.openstreetmap.org
Bengaluru (Urban) Toll Plaza,expressway_toll,NH 48;75,Karnataka,Bengaluru (Urban),572.0,13.055403,77.479155,1,https://www.openstreetmap.org
Bengaluru (Urban) Toll Plaza,national_highway,NH 948,Karnataka,Bengaluru (Urban),572.0,12.858686,77.526345,1,https://www.openstreetmap.org
Bengaluru (Urban) Toll Plaza,highway_toll,NH 648,Karnataka,Bengaluru (Urban),572.0,13.213237,77.554172,2,https://www.openstreetmap.org
Bengaluru (Urban) Toll Plaza,highway_toll,NH 44,Karnataka,Bengaluru (Urban),572.0,12.850476,77.592071,1,https://www.openstreetmap.org
Bengaluru (Urban) Toll Plaza,highway_toll,NH 44,Karnataka,Bengaluru (Urban),572.0,12.738048,77.746515,1,https://www.openstreetmap.org
Bengaluru Nelamangala Tollway - Navayuga,expressway_toll,NH 48;75,Karnataka,Bengaluru (Urban),572.0,13.049667,77.494354,1,https://www.openstreetmap.org
Elevated Section/ Electronic City,national_highway,NH 44,Karnataka,Bengaluru (Urban),572.0,12.841931,77.675494,1,https://www.openstreetmap.org
Elevated Section/ Electronic City,national_highway,NH 44,Karnataka,Bengaluru (Urban),572.0,12.846278,77.671628,3,https://www.openstreetmap.org
Kaniminke Toll Plaza,national_highway,NH 275,Karnataka,Bengaluru (Urban),572.0,12.859568,77.431086,1,https://www.openstreetmap.org
Navayuga Devanhally/Sadahalli,national_highway,NH 44,Karnataka,Bengaluru (Urban),572.0,13.193567,77.649824,2,https://www.openstreetmap.org
Somanahalli Toll Plaza,national_highway,NH 948,Karnataka,Bengaluru (Urban),572.0,12.783544,77.500796,2,https://www.openstreetmap.org
Chamarajanagara Toll Plaza,national_highway,NH 948,Karnataka,Chamarajanagara,578.0,11.888189,76.95416,2,https://www.openstreetmap.org
Chamarajanagara Toll Plaza,national_highway,NH 766,Karnataka,Chamarajanagara,578.0,11.779971,76.614243,2,https://www.openstreetmap.org
Chamarajanagara Toll Plaza,national_highway,NH 948,Karnataka,Chamarajanagara,578.0,11.824523,77.008139,1,https://www.openstreetmap.org
Bagepalli,national_highway,NH 44,Karnataka,Chikkaballapura,582.0,13.792994,77.764312,2,https://www.openstreetmap.org
Chikkamagaluru Toll Plaza,national_highway,NH 69,Karnataka,Chikkamagaluru,570.0,13.443799,76.137941,2,https://www.openstreetmap.org
Chikkamagaluru Toll Plaza,national_highway,NH 69,Karnataka,Chikkamagaluru,570.0,13.754531,75.762498,2,https://www.openstreetmap.org
Chitradurga Toll Plaza,national_highway,NH 150A,Karnataka,Chitradurga,566.0,14.504049,76.670833,8,https://www.openstreetmap.org
Chitradurga Toll Plaza,national_highway,NH 150A,Karnataka,Chitradurga,566.0,14.032796,76.636842,2,https://www.openstreetmap.org
Guilalu Toll Plaza,national_highway,NH 48,Karnataka,Chitradurga,566.0,14.053746,76.56055,3,https://www.openstreetmap.org
Bajathur Barike Toll,national_highway,NH 75,Karnataka,Dakshina Kannada,575.0,12.849026,75.316619,2,https://www.openstreetmap.org
Brahamarakotlu Toll Plaza,national_highway,NH 73,Karnataka,Dakshina Kannada,575.0,12.875199,75.00548,1,https://www.openstreetmap.org
Brahamarakotlu Toll Plaza,national_highway,NH 73,Karnataka,Dakshina Kannada,575.0,12.87525,75.003878,1,https://www.openstreetmap.org
Dakshina Kannada Toll Plaza,national_highway,NH 66,Karnataka,Dakshina Kannada,575.0,13.013314,74.792878,2,https://www.openstreetmap.org
Talapadi Toll Plaza,national_highway,NH 66,Karnataka,Dakshina Kannada,575.0,12.759612,74.874108,3,https://www.openstreetmap.org
Davanagere Toll Plaza,national_highway,NH 48,Karnataka,Davanagere,567.0,14.375612,76.106708,2,https://www.openstreetmap.org
Davanagere Toll Plaza,national_highway,NH 50,Karnataka,Davanagere,567.0,14.538093,76.426928,2,https://www.openstreetmap.org
Dharwad Toll Plaza,national_highway,NH 67,Karnataka,Dharwad,562.0,15.369916,75.357456,2,https://www.openstreetmap.org
Dharwad Toll Plaza,national_highway,NH 67,Karnataka,Dharwad,562.0,15.456906,74.938314,1,https://www.openstreetmap.org
Dharwad Toll Plaza,national_highway,NH 48,Karnataka,Dharwad,562.0,15.318691,75.139926,1,https://www.openstreetmap.org
Dharwad Toll Plaza,national_highway,NH 48;67,Karnataka,Dharwad,562.0,15.328249,75.120616,2,https://www.openstreetmap.org
Dharwad Toll Plaza,national_highway,NH 48;67,Karnataka,Dharwad,562.0,15.359343,75.051392,1,https://www.openstreetmap.org
Dharwad Toll Plaza,national_highway,NH 48,Karnataka,Dharwad,562.0,15.4602,74.967057,1,https://www.openstreetmap.org
Dharwad Toll Plaza,national_highway,NH 48,Karnataka,Dharwad,562.0,15.488762,74.969822,1,https://www.openstreetmap.org
Dharwad Toll Plaza,national_highway,NH 48,Karnataka,Dharwad,562.0,15.461983,74.96674,1,https://www.openstreetmap.org
Dharwad Toll Plaza,national_highway,NH 48;67,Karnataka,Dharwad,562.0,15.398441,75.003878,1,https://www.openstreetmap.org
Dharwad Toll Plaza,national_highway,NH 52,Karnataka,Dharwad,562.0,15.47398,75.305754,2,https://www.openstreetmap.org
LANCO,national_highway,NH 75,Karnataka,Hassan,574.0,12.982692,76.22903,3,https://www.openstreetmap.org
Haveri Toll Plaza,national_highway,NH 48,Karnataka,Haveri,564.0,14.910023,75.279796,3,https://www.openstreetmap.org
Haveri Toll Plaza,national_highway,NH 48,Karnataka,Haveri,564.0,14.556833,75.72803,2,https://www.openstreetmap.org
Kalaburagi Toll Plaza,national_highway,NH 167N,Karnataka,Kalaburagi,579.0,17.503082,77.431001,1,https://www.openstreetmap.org
Kolara Toll Plaza,national_highway,NH 75,Karnataka,Kolara,581.0,13.148566,78.29063,2,https://www.openstreetmap.org
Kolara Toll Plaza,national_highway,NH 69,Karnataka,Kolara,581.0,13.194196,78.545051,2,https://www.openstreetmap.org
Kolara Toll Plaza,national_highway,NH 75,Karnataka,Kolara,581.0,13.01176,78.404352,2,https://www.openstreetmap.org
Kolara Toll Plaza,highway_toll,NH 75,Karnataka,Kolara,581.0,13.042256,78.000183,2,https://www.openstreetmap.org
Kolara Toll Plaza,highway_toll,NH 75,Karnataka,Kolara,581.0,13.044369,77.91253,9,https://www.openstreetmap.org
Kolara Toll Plaza,highway_toll,NH 75,Karnataka,Kolara,581.0,13.044408,77.91739,9,https://www.openstreetmap.org
Koppal Toll Plaza,national_highway,NH 67,Karnataka,Koppal,560.0,15.323434,76.303559,4,https://www.openstreetmap.org
Koppal Toll Plaza,national_highway,NH 50,Karnataka,Koppal,560.0,15.35787,76.312784,2,https://www.openstreetmap.org
Koppal Toll Plaza,highway_toll,NH 50,Karnataka,Koppal,560.0,15.432303,76.405496,1,https://www.openstreetmap.org
Vanageri Toll Plaza,national_highway,NH 50,Karnataka,Koppal,560.0,15.819334,76.174939,2,https://www.openstreetmap.org
Mandya Toll Plaza,national_highway,NH 75,Karnataka,Mandya,573.0,12.96273,76.770402,2,https://www.openstreetmap.org
Mandya Toll Plaza,highway_toll,NH 275K,Karnataka,Mandya,573.0,12.416395,76.5809,2,https://www.openstreetmap.org
Mandya Toll Plaza,national_highway,NH 75,Karnataka,Mandya,573.0,12.95833,76.62356,2,https://www.openstreetmap.org
Mandya Toll Plaza,national_highway,NH 275,Karnataka,Mandya,573.0,12.472716,76.760348,2,https://www.openstreetmap.org
Mysuru Toll Plaza,national_highway,NH 766,Karnataka,Mysuru,577.0,12.213051,76.662941,2,https://www.openstreetmap.org
Mysuru Toll Plaza,national_highway,NH 766,Karnataka,Mysuru,577.0,12.243604,76.883189,1,https://www.openstreetmap.org
Raichur Toll Plaza,national_highway,NH 167,Karnataka,Raichur,559.0,16.032683,77.404665,2,https://www.openstreetmap.org
Raichur Toll Plaza,expressway_toll,NH 150C,Karnataka,Raichur,559.0,16.210017,77.486406,2,https://www.openstreetmap.org
Raichur Toll Plaza,expressway_toll,NH 150C,Karnataka,Raichur,559.0,16.298825,77.408793,2,https://www.openstreetmap.org
Kaniminke Toll Plaza,national_highway,NH 275,Karnataka,Ramanagara,584.0,12.840472,77.418375,1,https://www.openstreetmap.org
Ramanagara Toll Plaza,highway_toll,NH 75,Karnataka,Ramanagara,584.0,13.044219,77.26082,2,https://www.openstreetmap.org
Jaz Toll Booths,national_highway,NH 48,Karnataka,Tumakuru,571.0,13.302012,77.161947,1,https://www.openstreetmap.org
NHAI Karjeevanhalli Toll Plaza,national_highway,NH 48,Karnataka,Tumakuru,571.0,13.612147,76.954347,3,https://www.openstreetmap.org
Tumakuru Toll Plaza,national_highway,NH 73,Karnataka,Tumakuru,571.0,13.319046,76.6963,1,https://www.openstreetmap.org
Sasthan Toll Plaza,national_highway,NH 66,Karnataka,Udupi,569.0,13.4764,74.713041,2,https://www.openstreetmap.org
Udupi Toll Plaza,national_highway,NH 66,Karnataka,Udupi,569.0,13.108132,74.784529,2,https://www.openstreetmap.org
Uttara Kannada Toll Plaza,national_highway,NH 66,Karnataka,Uttara Kannada,563.0,13.933558,74.596559,2,https://www.openstreetmap.org
Uttara Kannada Toll Plaza,national_highway,NH 66,Karnataka,Uttara Kannada,563.0,14.359395,74.419197,2,https://www.openstreetmap.org
Uttara Kannada Toll Plaza,national_highway,NH 66,Karnataka,Uttara Kannada,563.0,14.710751,74.293699,2,https://www.openstreetmap.org
Vijayanagara Toll Plaza,national_highway,NH 50,Karnataka,Vijayanagara,761.0,15.057288,76.356906,2,https://www.openstreetmap.org
Kasaba User Fee Plaza,national_highway,NH 50,Karnataka,Vijayapura,557.0,16.786832,75.73981,2,https://www.openstreetmap.org
Tidagundi Toll Plaza,national_highway,NH 52,Karnataka,Vijayapura,557.0,17.008355,75.758912,2,https://www.openstreetmap.org
Vijayapura Toll Plaza,national_highway,NH 52,Karnataka,Vijayapura,557.0,16.637487,75.731658,1,https://www.openstreetmap.org
Yadgir Toll Plaza,national_highway,NH 150,Karnataka,Yadgir,580.0,16.71426,77.245502,1,https://www.openstreetmap.org
Ernakulam Toll Plaza,national_highway,NH 966B,Kerala,Ernakulam,595.0,9.93143,76.267618,1,https://www.openstreetmap.org
Ernakulam Toll Plaza,national_highway,NH 85,Kerala,Ernakulam,595.0,9.94161,76.339497,1,https://www.openstreetmap.org
Ernakulam Toll Plaza,highway_toll,NH 66,Kerala,Ernakulam,595.0,9.982921,76.290695,1,https://www.openstreetmap.org
Ernakulam Toll Plaza,national_highway,NH 544,Kerala,Ernakulam,595.0,10.216108,76.373199,1,https://www.openstreetmap.org
Ernakulam Toll Plaza,national_highway,NH 966A,Kerala,Ernakulam,595.0,10.010395,76.257969,2,https://www.openstreetmap.org
Ernakulam Toll Plaza,national_highway,NH 85,Kerala,Ernakulam,595.0,10.0533,76.773697,1,https://www.openstreetmap.org
Ernakulam Toll Plaza,national_highway,NH 966B,Kerala,Ernakulam,595.0,9.940047,76.269129,1,https://www.openstreetmap.org
Ernakulam Toll Plaza,national_highway,NH 966B,Kerala,Ernakulam,595.0,9.939311,76.27136,1,https://www.openstreetmap.org
Toll Plaza Kumbalam,national_highway,NH 66,Kerala,Ernakulam,595.0,9.895298,76.313561,3,https://www.openstreetmap.org
Idukki Toll Plaza,national_highway,NH 85,Kerala,Idukki,596.0,10.05653,77.105235,1,https://www.openstreetmap.org
Kannur Toll Plaza,national_highway,NH 66,Kerala,Kannur,589.0,11.791893,75.45415,2,https://www.openstreetmap.org
Kannur Toll Plaza,highway_toll,NH 66,Kerala,Kannur,589.0,11.910493,75.552899,4,https://www.openstreetmap.org
Kannur Toll Plaza,national_highway,NH 66,Kerala,Kannur,589.0,11.780213,75.465702,2,https://www.openstreetmap.org
Kannur Toll Plaza,national_highway,NH 66,Kerala,Kannur,589.0,11.771588,75.493876,2,https://www.openstreetmap.org
Kasaragod Toll Plaza,highway_toll,NH 66,Kerala,Kasaragod,588.0,12.393999,75.037854,1,https://www.openstreetmap.org
Kollam Toll Plaza,national_highway,NH 66,Kerala,Kollam,600.0,9.127896,76.516008,1,https://www.openstreetmap.org
Old Toll Booth,national_highway,NH 66,Kerala,Kollam,600.0,8.921639,76.575904,1,https://www.openstreetmap.org
Kozhikode Toll Plaza,national_highway,NH 66,Kerala,Kozhikode,591.0,11.441055,75.699826,1,https://www.openstreetmap.org
Devadar Bridge Toll Booth,highway_toll,NH 66,Kerala,Malappuram,592.0,10.964333,75.888214,1,https://www.openstreetmap.org
Malappuram Toll Plaza,highway_toll,NH 66,Kerala,Malappuram,592.0,11.121896,75.827218,2,https://www.openstreetmap.org
Palakkad Toll Plaza,national_highway,NH 544,Kerala,Palakkad,593.0,10.813185,76.797996,2,https://www.openstreetmap.org
Panniyankara,national_highway,NH 544,Kerala,Palakkad,593.0,10.591149,76.458541,9,https://www.openstreetmap.org
Thiruvananthapuram Toll Plaza,highway_toll,NH 66,Kerala,Thiruvananthapuram,601.0,8.38889,77.099814,1,https://www.openstreetmap.org
Thiruvananthapuram Toll Plaza,highway_toll,NH 66,Kerala,Thiruvananthapuram,601.0,8.39167,77.094703,1,https://www.openstreetmap.org
"Paliyekkara Toll, National Highway 47",national_highway,NH 544,Kerala,Thrissur,594.0,10.442886,76.260139,7,https://www.openstreetmap.org
Khunjerab NP entrance fee,highway_toll,NH 93,Ladakh,LEH,3.0,36.862704,74.999099,1,https://www.openstreetmap.org
Thalichi Toll Plaza,highway_toll,N-35,Ladakh,LEH,3.0,35.576955,74.63026,1,https://www.openstreetmap.org
ANUPPUR Toll Plaza,national_highway,NH 43,Madhya Pradesh,ANUPPUR,461.0,23.24934,82.058984,1,https://www.openstreetmap.org
BALAGHAT Toll Plaza,national_highway,NH 543,Madhya Pradesh,BALAGHAT,457.0,21.635022,80.246019,1,https://www.openstreetmap.org
BALAGHAT Toll Plaza,highway_toll,NH 543K,Madhya Pradesh,BALAGHAT,457.0,21.825994,80.041688,1,https://www.openstreetmap.org
BALAGHAT Toll Plaza,national_highway,NH 30,Madhya Pradesh,BALAGHAT,457.0,22.390596,80.808599,1,https://www.openstreetmap.org
MP Integrated Border Check Post,national_highway,NH 543,Madhya Pradesh,BALAGHAT,457.0,21.642548,80.242044,1,https://www.openstreetmap.org
BARWANI Toll Plaza,national_highway,NH 52,Madhya Pradesh,BARWANI,441.0,21.798751,75.171293,2,https://www.openstreetmap.org
"Khalghat -MP/Maharashtra Border(Sendhwa, Jamli)",national_highway,NH 52,Madhya Pradesh,BARWANI,441.0,21.756389,75.156492,2,https://www.openstreetmap.org
BETUL Toll Plaza,national_highway,NH 47,Madhya Pradesh,BETUL,447.0,21.693716,78.390043,2,https://www.openstreetmap.org
BETUL Toll Plaza,national_highway,NH 347,Madhya Pradesh,BETUL,447.0,21.84194,78.433254,1,https://www.openstreetmap.org
BETUL Toll Plaza,national_highway,NH 347,Madhya Pradesh,BETUL,447.0,21.84249,78.435792,1,https://www.openstreetmap.org
BETUL Toll Plaza,national_highway,NH 47,Madhya Pradesh,BETUL,447.0,21.839759,78.120166,1,https://www.openstreetmap.org
BETUL Toll Plaza,national_highway,NH 47,Madhya Pradesh,BETUL,447.0,21.841002,78.121038,1,https://www.openstreetmap.org
BETUL Toll Plaza,national_highway,NH 47,Madhya Pradesh,BETUL,447.0,21.863745,77.957141,2,https://www.openstreetmap.org
BHIND Toll Plaza,national_highway,NH 719,Madhya Pradesh,BHIND,420.0,26.68314,78.917938,1,https://www.openstreetmap.org
BHIND Toll Plaza,national_highway,NH 552,Madhya Pradesh,BHIND,420.0,25.973214,78.835447,1,https://www.openstreetmap.org
BHOPAL Toll Plaza,highway_toll,NH 46,Madhya Pradesh,BHOPAL,444.0,23.224552,77.19083,2,https://www.openstreetmap.org
BHOPAL Toll Plaza,national_highway,NH 46,Madhya Pradesh,BHOPAL,444.0,23.147602,77.494139,2,https://www.openstreetmap.org
BHOPAL Toll Plaza,highway_toll,NH 46,Madhya Pradesh,BHOPAL,444.0,23.208789,77.377176,2,https://www.openstreetmap.org
BHOPAL Toll Plaza,national_highway,NH 46,Madhya Pradesh,BHOPAL,444.0,23.310259,77.319349,2,https://www.openstreetmap.org
CHHATARPUR Toll Plaza,national_highway,NH 34,Madhya Pradesh,CHHATARPUR,425.0,25.133844,79.745922,2,https://www.openstreetmap.org
CHHATARPUR Toll Plaza,national_highway,NH 34,Madhya Pradesh,CHHATARPUR,425.0,25.085608,79.708412,1,https://www.openstreetmap.org
CHHATARPUR Toll Plaza,national_highway,NH 34,Madhya Pradesh,CHHATARPUR,425.0,24.644188,79.33633,1,https://www.openstreetmap.org
CHHATARPUR Toll Plaza,national_highway,NH 39,Madhya Pradesh,CHHATARPUR,425.0,25.134104,79.376695,2,https://www.openstreetmap.org
CHHATARPUR Toll Plaza,national_highway,NH 39,Madhya Pradesh,CHHATARPUR,425.0,25.147427,79.365597,2,https://www.openstreetmap.org
CHHATARPUR Toll Plaza,national_highway,NH 39,Madhya Pradesh,CHHATARPUR,425.0,24.78242,79.817068,1,https://www.openstreetmap.org
DAMOH Toll Plaza,national_highway,NH 34,Madhya Pradesh,DAMOH,428.0,23.780066,79.464349,2,https://www.openstreetmap.org
DATIA Toll Plaza,national_highway,NH 44,Madhya Pradesh,DATIA,422.0,25.616036,78.478941,2,https://www.openstreetmap.org
DEWAS Toll Plaza,national_highway,NH 52,Madhya Pradesh,DEWAS,437.0,22.928408,76.045514,2,https://www.openstreetmap.org
Dewas Toll Plaza,highway_toll,NH 52,Madhya Pradesh,DEWAS,437.0,22.975219,76.218585,3,https://www.openstreetmap.org
Indore Dewas (Indore side),national_highway,NH 52,Madhya Pradesh,DEWAS,437.0,22.959507,76.084286,1,https://www.openstreetmap.org
DHAR Toll Plaza,national_highway,NH 47,Madhya Pradesh,DHAR,438.0,22.741651,74.836386,2,https://www.openstreetmap.org
DHAR Toll Plaza,highway_toll,NH 347B,Madhya Pradesh,DHAR,438.0,22.160569,74.774405,1,https://www.openstreetmap.org
Khalghat (Indore - Khalghat),national_highway,NH 52;347C,Madhya Pradesh,DHAR,438.0,22.173776,75.456842,2,https://www.openstreetmap.org
GUNA Toll Plaza,national_highway,NH 46,Madhya Pradesh,GUNA,458.0,24.087459,76.98464,2,https://www.openstreetmap.org
GUNA Toll Plaza,national_highway,NH 46,Madhya Pradesh,GUNA,458.0,24.62035,77.261412,2,https://www.openstreetmap.org
GUNA Toll Plaza,national_highway,NH 46,Madhya Pradesh,GUNA,458.0,24.507375,77.186166,2,https://www.openstreetmap.org
GWALIOR Toll Plaza,national_highway,NH 46,Madhya Pradesh,GWALIOR,421.0,26.097745,78.015844,2,https://www.openstreetmap.org
Gwalior Bypass (Mehra),national_highway,NH 44,Madhya Pradesh,GWALIOR,421.0,26.197507,78.240771,2,https://www.openstreetmap.org
INDORE Toll Plaza,highway_toll,NH 52,Madhya Pradesh,INDORE,439.0,22.475519,75.572133,2,https://www.openstreetmap.org
INDORE Toll Plaza,highway_toll,NH 52,Madhya Pradesh,INDORE,439.0,22.775479,75.860352,2,https://www.openstreetmap.org
INDORE Toll Plaza,highway_toll,NH 52,Madhya Pradesh,INDORE,439.0,22.817318,75.849152,2,https://www.openstreetmap.org
INDORE Toll Plaza,highway_toll,NH 52,Madhya Pradesh,INDORE,439.0,22.628963,75.786894,2,https://www.openstreetmap.org
INDORE Toll Plaza,national_highway,NH 52,Madhya Pradesh,INDORE,439.0,22.61215,75.776628,2,https://www.openstreetmap.org
INDORE Toll Plaza,national_highway,NH 52,Madhya Pradesh,INDORE,439.0,22.608168,75.794711,2,https://www.openstreetmap.org
INDORE Toll Plaza,national_highway,NH 52,Madhya Pradesh,INDORE,439.0,22.827851,75.93468,2,https://www.openstreetmap.org
Indore Dewas (Indore Bypass),national_highway,NH 52,Madhya Pradesh,INDORE,439.0,22.824692,75.93843,2,https://www.openstreetmap.org
JABALPUR Toll Plaza,national_highway,NH 34,Madhya Pradesh,JABALPUR,451.0,23.047004,79.907436,2,https://www.openstreetmap.org
JABALPUR Toll Plaza,national_highway,NH 30,Madhya Pradesh,JABALPUR,451.0,23.433699,80.087549,1,https://www.openstreetmap.org
JABALPUR Toll Plaza,national_highway,NH 34,Madhya Pradesh,JABALPUR,451.0,23.301852,79.673401,1,https://www.openstreetmap.org
JABALPUR Toll Plaza,national_highway,NH 30,Madhya Pradesh,JABALPUR,451.0,23.105033,80.030205,2,https://www.openstreetmap.org
JHABUA Toll Plaza,highway_toll,NH 147E,Madhya Pradesh,JHABUA,464.0,23.016291,74.710174,1,https://www.openstreetmap.org
MAIHAR Toll Plaza,national_highway,NH 30,Madhya Pradesh,MAIHAR,768.0,24.122542,80.599295,2,https://www.openstreetmap.org
MANDLA Toll Plaza,national_highway,NH 30,Madhya Pradesh,MANDLA,454.0,22.665004,80.332299,1,https://www.openstreetmap.org
MANDSAUR Toll Plaza,national_highway,NH 156,Madhya Pradesh,MANDSAUR,433.0,24.168875,75.012834,2,https://www.openstreetmap.org
MANDSAUR Toll Plaza,highway_toll,NH 752D,Madhya Pradesh,MANDSAUR,433.0,23.977701,75.413227,2,https://www.openstreetmap.org
MANDSAUR Toll Plaza,highway_toll,NH 752D,Madhya Pradesh,MANDSAUR,433.0,23.973465,75.409496,2,https://www.openstreetmap.org
MANDSAUR Toll Plaza,national_highway,NH 752D,Madhya Pradesh,MANDSAUR,433.0,24.298359,75.646902,3,https://www.openstreetmap.org
MANDSAUR Toll Plaza,highway_toll,NH 52,Madhya Pradesh,MANDSAUR,433.0,24.524059,75.811053,1,https://www.openstreetmap.org
MANDSAUR Toll Plaza,highway_toll,NH 52,Madhya Pradesh,MANDSAUR,433.0,24.52305,75.809346,1,https://www.openstreetmap.org
MANDSAUR Toll Plaza,highway_toll,NH 52,Madhya Pradesh,MANDSAUR,433.0,24.519209,75.809612,1,https://www.openstreetmap.org
MANDSAUR Toll Plaza,highway_toll,NH 52,Madhya Pradesh,MANDSAUR,433.0,24.518315,75.80779,1,https://www.openstreetmap.org
MAUGANJ Toll Plaza,national_highway,NH 135,Madhya Pradesh,MAUGANJ,767.0,24.760378,82.065059,2,https://www.openstreetmap.org
Choundha,national_highway,NH 44,Madhya Pradesh,MORENA,419.0,26.467231,78.010959,1,https://www.openstreetmap.org
Choundha,national_highway,NH 44,Madhya Pradesh,MORENA,419.0,26.468181,78.009538,1,https://www.openstreetmap.org
NARMADAPURAM Toll Plaza,highway_toll,NH 45,Madhya Pradesh,NARMADAPURAM,449.0,22.478803,78.443282,1,https://www.openstreetmap.org
NARMADAPURAM Toll Plaza,highway_toll,NH 45,Madhya Pradesh,NARMADAPURAM,449.0,22.593568,78.458106,1,https://www.openstreetmap.org
NARMADAPURAM Toll Plaza,highway_toll,NH 46,Madhya Pradesh,NARMADAPURAM,449.0,22.707243,77.707956,1,https://www.openstreetmap.org
NARSIMHAPUR Toll Plaza,national_highway,NH 44,Madhya Pradesh,NARSIMHAPUR,452.0,22.896069,79.293034,2,https://www.openstreetmap.org
NEEMUCH Toll Plaza,national_highway,NH 156,Madhya Pradesh,NEEMUCH,432.0,24.572052,74.761531,2,https://www.openstreetmap.org
NEEMUCH Toll Plaza,national_highway,NH 156,Madhya Pradesh,NEEMUCH,432.0,24.575858,74.758226,1,https://www.openstreetmap.org
NEEMUCH Toll Plaza,national_highway,NH 156,Madhya Pradesh,NEEMUCH,432.0,24.574761,74.757154,1,https://www.openstreetmap.org
RAISEN Toll Plaza,national_highway,NH 45,Madhya Pradesh,RAISEN,446.0,23.019201,78.118926,1,https://www.openstreetmap.org
RAISEN Toll Plaza,national_highway,NH 45,Madhya Pradesh,RAISEN,446.0,23.017911,78.122116,1,https://www.openstreetmap.org
RAISEN Toll Plaza,national_highway,NH 46,Madhya Pradesh,RAISEN,446.0,23.02223,77.570613,1,https://www.openstreetmap.org
RAISEN Toll Plaza,national_highway,NH 46,Madhya Pradesh,RAISEN,446.0,23.02382,77.569674,1,https://www.openstreetmap.org
RAJGARH Toll Plaza,national_highway,NH 46,Madhya Pradesh,RAJGARH,442.0,23.879742,76.90984,2,https://www.openstreetmap.org
RAJGARH Toll Plaza,national_highway,NH 52,Madhya Pradesh,RAJGARH,442.0,23.6572,76.614866,2,https://www.openstreetmap.org
RAJGARH Toll Plaza,national_highway,NH 752C,Madhya Pradesh,RAJGARH,442.0,23.585461,76.73703,1,https://www.openstreetmap.org
RATLAM Toll Plaza,national_highway,NH 927A,Madhya Pradesh,RATLAM,434.0,23.492754,74.799948,1,https://www.openstreetmap.org
RATLAM Toll Plaza,highway_toll,NH 156,Madhya Pradesh,RATLAM,434.0,23.6053,75.14956,2,https://www.openstreetmap.org
RATLAM Toll Plaza,highway_toll,NH 156,Madhya Pradesh,RATLAM,434.0,23.610297,75.152229,2,https://www.openstreetmap.org
RATLAM Toll Plaza,national_highway,NH 156,Madhya Pradesh,RATLAM,434.0,23.796628,75.101979,2,https://www.openstreetmap.org
RATLAM Toll Plaza,highway_toll,NH 156,Madhya Pradesh,RATLAM,434.0,23.597592,75.163476,1,https://www.openstreetmap.org
RATLAM Toll Plaza,national_highway,NH 927A,Madhya Pradesh,RATLAM,434.0,23.423676,74.984184,1,https://www.openstreetmap.org
RATLAM Toll Plaza,national_highway,NH 156,Madhya Pradesh,RATLAM,434.0,23.516588,75.066509,1,https://www.openstreetmap.org
REWA Toll Plaza,national_highway,NH 30,Madhya Pradesh,REWA,430.0,24.515175,81.231093,1,https://www.openstreetmap.org
REWA Toll Plaza,highway_toll,NH 30,Madhya Pradesh,REWA,430.0,24.536996,81.349333,2,https://www.openstreetmap.org
REWA Toll Plaza,national_highway,NH 30,Madhya Pradesh,REWA,430.0,24.950741,81.686444,2,https://www.openstreetmap.org
Chitora,national_highway,NH 44,Madhya Pradesh,SAGAR,427.0,23.725383,78.809154,2,https://www.openstreetmap.org
Malthone,national_highway,NH 44,Madhya Pradesh,SAGAR,427.0,24.322128,78.526257,2,https://www.openstreetmap.org
SAGAR Toll Plaza,highway_toll,NH 934,Madhya Pradesh,SAGAR,427.0,23.887745,78.870516,1,https://www.openstreetmap.org
SAGAR Toll Plaza,highway_toll,NH 934,Madhya Pradesh,SAGAR,427.0,24.213028,78.289984,1,https://www.openstreetmap.org
SAGAR Toll Plaza,national_highway,NH 44,Madhya Pradesh,SAGAR,427.0,23.217105,79.04301,2,https://www.openstreetmap.org
SAGAR Toll Plaza,national_highway,NH 146,Madhya Pradesh,SAGAR,427.0,23.797179,78.54538,1,https://www.openstreetmap.org
Titarpani,national_highway,NH 44,Madhya Pradesh,SAGAR,427.0,23.233855,79.047169,1,https://www.openstreetmap.org
SATNA Toll Plaza,highway_toll,NH 30,Madhya Pradesh,SATNA,429.0,24.349267,80.778811,1,https://www.openstreetmap.org
SATNA Toll Plaza,highway_toll,NH 39,Madhya Pradesh,SATNA,429.0,24.653707,80.786736,1,https://www.openstreetmap.org
SEHORE Toll Plaza,highway_toll,NH 752C,Madhya Pradesh,SEHORE,445.0,23.102378,76.87594,2,https://www.openstreetmap.org
SEHORE Toll Plaza,national_highway,NH 46,Madhya Pradesh,SEHORE,445.0,22.781536,77.735444,1,https://www.openstreetmap.org
SEHORE Toll Plaza,national_highway,NH 46,Madhya Pradesh,SEHORE,445.0,22.78154,77.73205,1,https://www.openstreetmap.org
Allonia,national_highway,NH 44,Madhya Pradesh,SEONI,456.0,22.269702,79.545113,2,https://www.openstreetmap.org
Jaitpur,national_highway,NH 44,Madhya Pradesh,SEONI,456.0,22.550001,79.600678,2,https://www.openstreetmap.org
SEONI Toll Plaza,national_highway,NH 347,Madhya Pradesh,SEONI,456.0,22.041236,79.422287,1,https://www.openstreetmap.org
SEONI Toll Plaza,national_highway,NH 44,Madhya Pradesh,SEONI,456.0,21.702271,79.43324,2,https://www.openstreetmap.org
SHAHDOL Toll Plaza,national_highway,NH 43,Madhya Pradesh,SHAHDOL,460.0,23.28162,81.429326,1,https://www.openstreetmap.org
Ramnagar,national_highway,NH 27,Madhya Pradesh,SHIVPURI,423.0,25.278964,77.614389,2,https://www.openstreetmap.org
SHIVPURI Toll Plaza,national_highway,NH 27,Madhya Pradesh,SHIVPURI,423.0,25.268292,77.406582,2,https://www.openstreetmap.org
SHIVPURI Toll Plaza,national_highway,NH 46,Madhya Pradesh,SHIVPURI,423.0,25.681463,77.729018,2,https://www.openstreetmap.org
SHIVPURI Toll Plaza,national_highway,NH 46,Madhya Pradesh,SHIVPURI,423.0,25.165562,77.603797,2,https://www.openstreetmap.org
SIDHI Toll Plaza,national_highway,NH 39,Madhya Pradesh,SIDHI,462.0,24.339333,81.35274,1,https://www.openstreetmap.org
SIDHI Toll Plaza,national_highway,NH 39,Madhya Pradesh,SIDHI,462.0,24.39561,81.80323,1,https://www.openstreetmap.org
TIKAMGARH Toll Plaza,highway_toll,NH 39,Madhya Pradesh,TIKAMGARH,424.0,25.076508,79.327504,1,https://www.openstreetmap.org
Toll Booth,national_highway,NH 752D,Madhya Pradesh,UJJAIN,435.0,23.061305,75.9205,1,https://www.openstreetmap.org
UJJAIN Toll Plaza,highway_toll,NH 552G,Madhya Pradesh,UJJAIN,435.0,23.255002,75.717234,2,https://www.openstreetmap.org
UJJAIN Toll Plaza,highway_toll,NH 752D,Madhya Pradesh,UJJAIN,435.0,23.081466,75.817751,2,https://www.openstreetmap.org
UJJAIN Toll Plaza,national_highway,NH 52,Madhya Pradesh,UJJAIN,435.0,23.330912,76.175978,2,https://www.openstreetmap.org
Dhamokha Toll Plaza,highway_toll,NH 43,Madhya Pradesh,UMARIA,431.0,23.630602,80.922176,1,https://www.openstreetmap.org
VIDISHA Toll Plaza,highway_toll,NH 346,Madhya Pradesh,VIDISHA,443.0,24.15443,78.064369,1,https://www.openstreetmap.org
AHILYANAGAR Toll Plaza,national_highway,NH 753F,Maharashtra,AHILYANAGAR,522.0,19.201083,74.783947,2,https://www.openstreetmap.org
AHILYANAGAR Toll Plaza,national_highway,NH 753F,Maharashtra,AHILYANAGAR,522.0,19.555544,74.982163,2,https://www.openstreetmap.org
AHILYANAGAR Toll Plaza,national_highway,NH 753F,Maharashtra,AHILYANAGAR,522.0,18.933037,74.492978,2,https://www.openstreetmap.org
AHILYANAGAR Toll Plaza,highway_toll,NH 160D,Maharashtra,AHILYANAGAR,522.0,19.731261,74.328636,1,https://www.openstreetmap.org
AHILYANAGAR Toll Plaza,national_highway,NH 60,Maharashtra,AHILYANAGAR,522.0,19.516393,74.201495,1,https://www.openstreetmap.org
AHILYANAGAR Toll Plaza,national_highway,NH 60,Maharashtra,AHILYANAGAR,522.0,19.513768,74.200968,1,https://www.openstreetmap.org
Exit 20,national_highway,NH 752G,Maharashtra,AHILYANAGAR,522.0,19.840298,74.472871,2,https://www.openstreetmap.org
AMRAVATI Toll Plaza,national_highway,NH 53,Maharashtra,AMRAVATI,503.0,21.082851,78.058601,2,https://www.openstreetmap.org
AMRAVATI Toll Plaza,national_highway,NH 53,Maharashtra,AMRAVATI,503.0,20.951069,77.788385,2,https://www.openstreetmap.org
AMRAVATI Toll Plaza,national_highway,NH 53,Maharashtra,AMRAVATI,503.0,21.010452,77.81297,2,https://www.openstreetmap.org
AMRAVATI Toll Plaza,highway_toll,NH 753C,Maharashtra,AMRAVATI,503.0,20.737541,78.140676,2,https://www.openstreetmap.org
BEED Toll Plaza,national_highway,NH 548B,Maharashtra,BEED,523.0,18.67596,76.391972,1,https://www.openstreetmap.org
BEED Toll Plaza,national_highway,NH 52,Maharashtra,BEED,523.0,19.138813,75.749059,2,https://www.openstreetmap.org
BHANDARA Toll Plaza,national_highway,NH 53,Maharashtra,BHANDARA,506.0,21.088266,80.034086,2,https://www.openstreetmap.org
BULDHANA Toll Plaza,national_highway,NH 753A,Maharashtra,BULDHANA,500.0,20.826111,76.202492,1,https://www.openstreetmap.org
BULDHANA Toll Plaza,national_highway,NH 753E,Maharashtra,BULDHANA,500.0,20.69612,76.553676,2,https://www.openstreetmap.org
BULDHANA Toll Plaza,national_highway,NH 753A,Maharashtra,BULDHANA,500.0,20.478099,76.209648,1,https://www.openstreetmap.org
BULDHANA Toll Plaza,national_highway,NH 548C,Maharashtra,BULDHANA,500.0,20.185702,76.571601,2,https://www.openstreetmap.org
BULDHANA Toll Plaza,highway_toll,NH 753C,Maharashtra,BULDHANA,500.0,20.034205,76.317342,2,https://www.openstreetmap.org
BULDHANA Toll Plaza,highway_toll,NH 753C,Maharashtra,BULDHANA,500.0,20.031126,76.311101,2,https://www.openstreetmap.org
BULDHANA Toll Plaza,highway_toll,NH 753C,Maharashtra,BULDHANA,500.0,19.970366,76.09886,2,https://www.openstreetmap.org
CHANDRAPUR Toll Plaza,national_highway,NH 930D,Maharashtra,CHANDRAPUR,509.0,19.889814,79.339828,2,https://www.openstreetmap.org
CHANDRAPUR Toll Plaza,national_highway,NH 930D,Maharashtra,CHANDRAPUR,509.0,19.601209,79.332935,1,https://www.openstreetmap.org
CHANDRAPUR Toll Plaza,national_highway,NH 930D,Maharashtra,CHANDRAPUR,509.0,19.600987,79.334459,1,https://www.openstreetmap.org
CHANDRAPUR Toll Plaza,national_highway,NH 930,Maharashtra,CHANDRAPUR,509.0,20.200188,79.029437,2,https://www.openstreetmap.org
CHANDRAPUR Toll Plaza,national_highway,NH 930,Maharashtra,CHANDRAPUR,509.0,20.173878,79.007266,2,https://www.openstreetmap.org
Kondegaon Forest Gate,highway_toll,NH 353E,Maharashtra,CHANDRAPUR,509.0,20.241034,79.306956,1,https://www.openstreetmap.org
CHHATRAPATI SAMBHAJI NAGAR Toll Plaza,national_highway,NH 753A;752I,Maharashtra,CHHATRAPATI SAMBHAJI NAGAR,515.0,19.866912,75.505917,2,https://www.openstreetmap.org
CHHATRAPATI SAMBHAJI NAGAR Toll Plaza,national_highway,NH 753F,Maharashtra,CHHATRAPATI SAMBHAJI NAGAR,515.0,19.779773,75.194603,2,https://www.openstreetmap.org
CHHATRAPATI SAMBHAJI NAGAR Toll Plaza,national_highway,NH 753F,Maharashtra,CHHATRAPATI SAMBHAJI NAGAR,515.0,19.956786,75.364638,2,https://www.openstreetmap.org
CHHATRAPATI SAMBHAJI NAGAR Toll Plaza,national_highway,NH 52,Maharashtra,CHHATRAPATI SAMBHAJI NAGAR,515.0,19.940171,75.164246,2,https://www.openstreetmap.org
CHHATRAPATI SAMBHAJI NAGAR Toll Plaza,national_highway,NH 52,Maharashtra,CHHATRAPATI SAMBHAJI NAGAR,515.0,20.192786,75.13249,3,https://www.openstreetmap.org
DHARASHIV Toll Plaza,national_highway,NH 52,Maharashtra,DHARASHIV,525.0,18.628834,75.697857,2,https://www.openstreetmap.org
DHARASHIV Toll Plaza,national_highway,NH 52,Maharashtra,DHARASHIV,525.0,18.307689,75.989275,2,https://www.openstreetmap.org
DHARASHIV Toll Plaza,national_highway,NH 65,Maharashtra,DHARASHIV,525.0,17.799577,76.193576,2,https://www.openstreetmap.org
DHARASHIV Toll Plaza,national_highway,NH 65,Maharashtra,DHARASHIV,525.0,17.82615,76.740176,2,https://www.openstreetmap.org
Tamalwadi Toll Plaza,national_highway,NH 52,Maharashtra,DHARASHIV,525.0,17.852082,75.965553,2,https://www.openstreetmap.org
DHULE Toll Plaza,national_highway,NH 60,Maharashtra,DHULE,498.0,20.833095,74.75428,4,https://www.openstreetmap.org
Shirpur,national_highway,NH 52,Maharashtra,DHULE,498.0,21.319714,74.889259,4,https://www.openstreetmap.org
Songir,national_highway,NH 52,Maharashtra,DHULE,498.0,21.051019,74.785028,4,https://www.openstreetmap.org
JALGAON Toll Plaza,national_highway,NH 53,Maharashtra,JALGAON,499.0,21.03999,75.829176,1,https://www.openstreetmap.org
JALGAON Toll Plaza,national_highway,NH 53,Maharashtra,JALGAON,499.0,21.015936,75.683161,1,https://www.openstreetmap.org
JALGAON Toll Plaza,national_highway,NH 53,Maharashtra,JALGAON,499.0,21.017301,75.685489,1,https://www.openstreetmap.org
JALNA Toll Plaza,national_highway,NH 753A;752I,Maharashtra,JALNA,514.0,19.863891,75.837416,2,https://www.openstreetmap.org
JALNA Toll Plaza,national_highway,NH 752I,Maharashtra,JALNA,514.0,19.745724,76.085738,2,https://www.openstreetmap.org
JALNA Toll Plaza,national_highway,NH 52,Maharashtra,JALNA,514.0,19.606078,75.614419,2,https://www.openstreetmap.org
JALNA Toll Plaza,highway_toll,NH 753A;752I,Maharashtra,JALNA,514.0,19.884786,75.845345,2,https://www.openstreetmap.org
JALNA Toll Plaza,highway_toll,NH 753A;752I,Maharashtra,JALNA,514.0,19.887589,75.835521,1,https://www.openstreetmap.org
JALNA Toll Plaza,national_highway,NH 753H,Maharashtra,JALNA,514.0,19.745497,75.838286,1,https://www.openstreetmap.org
JALNA Toll Plaza,national_highway,NH 753A,Maharashtra,JALNA,514.0,19.906683,75.918056,2,https://www.openstreetmap.org
KOLHAPUR Toll Plaza,national_highway,NH 166,Maharashtra,KOLHAPUR,530.0,16.801084,74.565556,1,https://www.openstreetmap.org
KOLHAPUR Toll Plaza,highway_toll,NH 48,Maharashtra,KOLHAPUR,530.0,16.754751,74.256895,2,https://www.openstreetmap.org
KOLHAPUR Toll Plaza,highway_toll,NH 748,Maharashtra,KOLHAPUR,530.0,15.880729,74.35475,2,https://www.openstreetmap.org
Kini,national_highway,NH 48,Maharashtra,KOLHAPUR,530.0,16.876682,74.298316,2,https://www.openstreetmap.org
MUMBAI SUBURBAN Toll Plaza,expressway_toll,NH 48,Maharashtra,MUMBAI SUBURBAN,518.0,19.093831,72.855057,1,https://www.openstreetmap.org
MUMBAI SUBURBAN Toll Plaza,national_highway,NH 48,Maharashtra,MUMBAI SUBURBAN,518.0,19.169122,72.966818,3,https://www.openstreetmap.org
MUMBAI SUBURBAN Toll Plaza,expressway_toll,NH 48,Maharashtra,MUMBAI SUBURBAN,518.0,19.062988,72.841651,3,https://www.openstreetmap.org
Mulund Check Naka,highway_toll,NH 48,Maharashtra,MUMBAI SUBURBAN,518.0,19.183713,72.953904,1,https://www.openstreetmap.org
Mulund-Airoli Toll Naka,national_highway,NH 48,Maharashtra,MUMBAI SUBURBAN,518.0,19.153381,72.965764,6,https://www.openstreetmap.org
Toll Naka,national_highway,NH 48,Maharashtra,MUMBAI SUBURBAN,518.0,19.257038,72.871216,2,https://www.openstreetmap.org
Borkhedi (Nagpur ByPass),national_highway,NH 44,Maharashtra,NAGPUR,505.0,20.854792,78.962954,3,https://www.openstreetmap.org
Mansar (Kamptee - Kanhan Bypass)/ Tekadi,national_highway,NH 44,Maharashtra,NAGPUR,505.0,21.382341,79.253408,2,https://www.openstreetmap.org
NAGPUR Toll Plaza,national_highway,NH 47,Maharashtra,NAGPUR,505.0,21.088655,79.058495,1,https://www.openstreetmap.org
NAGPUR Toll Plaza,national_highway,NH 547E,Maharashtra,NAGPUR,505.0,21.192971,78.89624,2,https://www.openstreetmap.org
NAGPUR Toll Plaza,national_highway,NH 44,Maharashtra,NAGPUR,505.0,21.272904,79.236679,2,https://www.openstreetmap.org
NAGPUR Toll Plaza,national_highway,NH 53,Maharashtra,NAGPUR,505.0,21.136987,78.896489,2,https://www.openstreetmap.org
NAGPUR Toll Plaza,national_highway,NH 44,Maharashtra,NAGPUR,505.0,21.24459,79.249116,2,https://www.openstreetmap.org
NAGPUR Toll Plaza,national_highway,NH 53,Maharashtra,NAGPUR,505.0,21.139552,79.365149,2,https://www.openstreetmap.org
NAGPUR Toll Plaza,national_highway,NH 353J,Maharashtra,NAGPUR,505.0,21.184166,79.032161,1,https://www.openstreetmap.org
NAGPUR Toll Plaza,national_highway,NH 44,Maharashtra,NAGPUR,505.0,21.028217,79.068985,2,https://www.openstreetmap.org
NAGPUR Toll Plaza,national_highway,NH 47,Maharashtra,NAGPUR,505.0,21.48384,78.753873,1,https://www.openstreetmap.org
NAGPUR Toll Plaza,national_highway,NH 47,Maharashtra,NAGPUR,505.0,21.483241,78.752414,1,https://www.openstreetmap.org
NAGPUR Toll Plaza,national_highway,NH 547,Maharashtra,NAGPUR,505.0,21.471376,78.872526,1,https://www.openstreetmap.org
NAGPUR Toll Plaza,national_highway,NH 547,Maharashtra,NAGPUR,505.0,21.488904,78.859518,1,https://www.openstreetmap.org
NAGPUR Toll Plaza,national_highway,NH 361,Maharashtra,NAGPUR,505.0,20.858146,78.876379,2,https://www.openstreetmap.org
NAGPUR Toll Plaza,national_highway,NH 353J,Maharashtra,NAGPUR,505.0,21.15808,79.01018,1,https://www.openstreetmap.org
Pawangaon Toll Plaza,national_highway,NH 353I,Maharashtra,NAGPUR,505.0,21.181541,79.181203,2,https://www.openstreetmap.org
Waifal Toll,highway_toll,NH 353I,Maharashtra,NAGPUR,505.0,20.978199,78.932133,2,https://www.openstreetmap.org
NANDED Toll Plaza,national_highway,NH 161,Maharashtra,NANDED,511.0,18.961833,77.454166,2,https://www.openstreetmap.org
NANDED Toll Plaza,national_highway,NH 161,Maharashtra,NANDED,511.0,18.539408,77.589955,1,https://www.openstreetmap.org
NANDURBAR Toll Plaza,national_highway,NH 53,Maharashtra,NANDURBAR,497.0,21.162158,73.740338,1,https://www.openstreetmap.org
NANDURBAR Toll Plaza,national_highway,NH 53,Maharashtra,NANDURBAR,497.0,21.163929,73.740499,1,https://www.openstreetmap.org
NANDURBAR Toll Plaza,national_highway,NH 753B,Maharashtra,NANDURBAR,497.0,21.534698,73.897809,1,https://www.openstreetmap.org
NANDURBAR Toll Plaza,national_highway,NH 753B,Maharashtra,NANDURBAR,497.0,21.53464,73.89982,1,https://www.openstreetmap.org
NASHIK Toll Plaza,national_highway,NH 60;752G,Maharashtra,NASHIK,516.0,20.325102,74.210717,2,https://www.openstreetmap.org
NASHIK Toll Plaza,highway_toll,NH 160A,Maharashtra,NASHIK,516.0,19.708821,73.61467,2,https://www.openstreetmap.org
NASHIK Toll Plaza,highway_toll,NH 60,Maharashtra,NASHIK,516.0,20.001715,73.880003,2,https://www.openstreetmap.org
NASHIK Toll Plaza,national_highway,NH 60,Maharashtra,NASHIK,516.0,19.7938,74.064751,2,https://www.openstreetmap.org
NASHIK Toll Plaza,national_highway,NH 60,Maharashtra,NASHIK,516.0,19.789215,74.063821,2,https://www.openstreetmap.org
NASHIK Toll Plaza,national_highway,NH 60;160,Maharashtra,NASHIK,516.0,19.911912,73.902866,2,https://www.openstreetmap.org
NASHIK Toll Plaza,national_highway,NH 160A,Maharashtra,NASHIK,516.0,19.750883,73.773955,2,https://www.openstreetmap.org
NASHIK Toll Plaza,national_highway,NH 160A,Maharashtra,NASHIK,516.0,19.745304,73.771166,2,https://www.openstreetmap.org
NASHIK Toll Plaza,national_highway,NH 60;160,Maharashtra,NASHIK,516.0,19.91034,73.90513,3,https://www.openstreetmap.org
NASHIK Toll Plaza,national_highway,NH 60,Maharashtra,NASHIK,516.0,19.790161,74.068921,2,https://www.openstreetmap.org
NASHIK Toll Plaza,national_highway,NH 60,Maharashtra,NASHIK,516.0,19.792751,74.060346,2,https://www.openstreetmap.org
Pimpalgaon,national_highway,NH 60,Maharashtra,NASHIK,516.0,20.141732,73.976447,2,https://www.openstreetmap.org
Khaniwade Toll Plaza,national_highway,NH 48,Maharashtra,PALGHAR,681.0,19.519014,72.916949,2,https://www.openstreetmap.org
PALGHAR Toll Plaza,national_highway,NH 48,Maharashtra,PALGHAR,681.0,19.890434,72.942712,2,https://www.openstreetmap.org
PALGHAR Toll Plaza,national_highway,NH 48,Maharashtra,PALGHAR,681.0,19.496834,72.914275,2,https://www.openstreetmap.org
PALGHAR Toll Plaza,national_highway,NH 48,Maharashtra,PALGHAR,681.0,19.520456,72.917008,1,https://www.openstreetmap.org
PALGHAR Toll Plaza,national_highway,NH 48,Maharashtra,PALGHAR,681.0,20.074921,72.913998,1,https://www.openstreetmap.org
PALGHAR Toll Plaza,national_highway,NH 48,Maharashtra,PALGHAR,681.0,20.077637,72.915154,1,https://www.openstreetmap.org
PALGHAR Toll Plaza,national_highway,NH 48,Maharashtra,PALGHAR,681.0,19.486556,72.905286,2,https://www.openstreetmap.org
PALGHAR Toll Plaza,national_highway,NH 48,Maharashtra,PALGHAR,681.0,19.482641,72.901282,2,https://www.openstreetmap.org
PALGHAR Toll Plaza,national_highway,NH 160A,Maharashtra,PALGHAR,681.0,19.69598,72.861329,2,https://www.openstreetmap.org
PALGHAR Toll Plaza,national_highway,NH 160A,Maharashtra,PALGHAR,681.0,19.700829,72.860508,2,https://www.openstreetmap.org
Forest Department Toll Booth,highway_toll,NH 48,Maharashtra,PUNE,521.0,18.812772,73.408438,1,https://www.openstreetmap.org
Kusgaon,national_highway,NH 48,Maharashtra,PUNE,521.0,18.760292,73.42997,1,https://www.openstreetmap.org
Kusgaon,national_highway,NH 48,Maharashtra,PUNE,521.0,18.760418,73.428124,1,https://www.openstreetmap.org
PUNE Toll Plaza,national_highway,NH 48,Maharashtra,PUNE,521.0,18.760178,73.439719,2,https://www.openstreetmap.org
PUNE Toll Plaza,national_highway,NH 548D,Maharashtra,PUNE,521.0,18.69437,74.123445,1,https://www.openstreetmap.org
PUNE Toll Plaza,national_highway,NH 548D,Maharashtra,PUNE,521.0,18.739121,73.747836,1,https://www.openstreetmap.org
PUNE Toll Plaza,national_highway,NH 753F,Maharashtra,PUNE,521.0,18.759517,74.253502,2,https://www.openstreetmap.org
PUNE Toll Plaza,national_highway,NH 60,Maharashtra,PUNE,521.0,18.68678,73.846635,3,https://www.openstreetmap.org
PUNE Toll Plaza,national_highway,NH 60,Maharashtra,PUNE,521.0,18.837861,73.880028,2,https://www.openstreetmap.org
PUNE Toll Plaza,national_highway,NH 65,Maharashtra,PUNE,521.0,18.493201,73.993067,2,https://www.openstreetmap.org
PUNE Toll Plaza,national_highway,NH 753F,Maharashtra,PUNE,521.0,18.634759,74.043902,2,https://www.openstreetmap.org
PUNE Toll Plaza,national_highway,NH 65,Maharashtra,PUNE,521.0,18.096628,75.067137,2,https://www.openstreetmap.org
PUNE Toll Plaza,national_highway,NH 65,Maharashtra,PUNE,521.0,18.483167,74.234917,2,https://www.openstreetmap.org
PUNE Toll Plaza,national_highway,NH 60,Maharashtra,PUNE,521.0,19.172381,74.076907,1,https://www.openstreetmap.org
PUNE Toll Plaza,national_highway,NH 60,Maharashtra,PUNE,521.0,19.170426,74.075245,1,https://www.openstreetmap.org
PUNE Toll Plaza,highway_toll,NH 548D,Maharashtra,PUNE,521.0,18.740405,73.839466,2,https://www.openstreetmap.org
PUNE Toll Plaza,highway_toll,NH 548D,Maharashtra,PUNE,521.0,18.743634,73.835362,1,https://www.openstreetmap.org
PUNE Toll Plaza,highway_toll,NH 548D,Maharashtra,PUNE,521.0,18.746649,73.836042,1,https://www.openstreetmap.org
Patas Toll Plaza,national_highway,NH 65,Maharashtra,PUNE,521.0,18.424448,74.466061,5,https://www.openstreetmap.org
Shivapur Toll Plaza,national_highway,NH 48,Maharashtra,PUNE,521.0,18.33141,73.852401,1,https://www.openstreetmap.org
Shivapur Toll Plaza,national_highway,NH 48,Maharashtra,PUNE,521.0,18.327438,73.852143,1,https://www.openstreetmap.org
Somatne Toll Naka,national_highway,NH 48,Maharashtra,PUNE,521.0,18.700213,73.692155,2,https://www.openstreetmap.org
Talegaon Toll Plaza,highway_toll,NH 48,Maharashtra,PUNE,521.0,18.714088,73.62515,1,https://www.openstreetmap.org
Talegaon Toll Plaza,highway_toll,NH 48,Maharashtra,PUNE,521.0,18.714899,73.629489,1,https://www.openstreetmap.org
Atal Setu Toll Plaza,highway_toll,NH 348A,Maharashtra,RAIGAD,520.0,18.951928,73.018748,3,https://www.openstreetmap.org
Dharamtar Toll Naka,national_highway,NH 166A,Maharashtra,RAIGAD,520.0,18.703366,73.035613,2,https://www.openstreetmap.org
Khalapur Toll Plaza,national_highway,NH 548A,Maharashtra,RAIGAD,520.0,18.80092,73.285124,2,https://www.openstreetmap.org
Khalapur Toll Plaza,national_highway,NH 548A,Maharashtra,RAIGAD,520.0,18.804264,73.283647,1,https://www.openstreetmap.org
Kharghar Toll Booth,highway_toll,NH 48,Maharashtra,RAIGAD,520.0,19.037466,73.078458,2,https://www.openstreetmap.org
Kharghar Toll Booth,highway_toll,NH 48,Maharashtra,RAIGAD,520.0,19.029819,73.089858,1,https://www.openstreetmap.org
Kharpada Toll Naka,national_highway,NH 66,Maharashtra,RAIGAD,520.0,18.844957,73.094517,2,https://www.openstreetmap.org
RAIGAD Toll Plaza,national_highway,NH 48,Maharashtra,RAIGAD,520.0,18.947332,73.178866,2,https://www.openstreetmap.org
RAIGAD Toll Plaza,highway_toll,NH 48,Maharashtra,RAIGAD,520.0,18.965999,73.16136,3,https://www.openstreetmap.org
RAIGAD Toll Plaza,national_highway,NH 66,Maharashtra,RAIGAD,520.0,18.055013,73.465583,2,https://www.openstreetmap.org
RAIGAD Toll Plaza,national_highway,NH 48,Maharashtra,RAIGAD,520.0,19.097655,73.071727,2,https://www.openstreetmap.org
RAIGAD Toll Plaza,highway_toll,NH 548A,Maharashtra,RAIGAD,520.0,19.003241,73.285317,2,https://www.openstreetmap.org
RAIGAD Toll Plaza,highway_toll,NH 348A,Maharashtra,RAIGAD,520.0,18.953007,72.960476,9,https://www.openstreetmap.org
RAIGAD Toll Plaza,national_highway,NH 348A,Maharashtra,RAIGAD,520.0,18.935813,72.950532,3,https://www.openstreetmap.org
RAIGAD Toll Plaza,national_highway,NH 166D,Maharashtra,RAIGAD,520.0,18.790417,73.271375,1,https://www.openstreetmap.org
Vadwal Toll Booth,national_highway,NH 166D,Maharashtra,RAIGAD,520.0,18.789395,73.276582,1,https://www.openstreetmap.org
RATNAGIRI Toll Plaza,national_highway,NH 166E,Maharashtra,RATNAGIRI,528.0,17.516013,73.564976,1,https://www.openstreetmap.org
RATNAGIRI Toll Plaza,national_highway,NH 66,Maharashtra,RATNAGIRI,528.0,16.611851,73.545485,2,https://www.openstreetmap.org
RATNAGIRI Toll Plaza,national_highway,NH 66,Maharashtra,RATNAGIRI,528.0,17.678096,73.426729,3,https://www.openstreetmap.org
SATARA Toll Plaza,highway_toll,NH 48,Maharashtra,SATARA,527.0,17.933963,73.805392,1,https://www.openstreetmap.org
SATARA Toll Plaza,highway_toll,NH 48,Maharashtra,SATARA,527.0,17.922934,73.800341,1,https://www.openstreetmap.org
SATARA Toll Plaza,national_highway,NH 48,Maharashtra,SATARA,527.0,17.809961,73.97159,3,https://www.openstreetmap.org
SATARA Toll Plaza,national_highway,NH 48,Maharashtra,SATARA,527.0,18.043585,74.016123,1,https://www.openstreetmap.org
SATARA Toll Plaza,national_highway,NH 48,Maharashtra,SATARA,527.0,17.812156,73.970198,1,https://www.openstreetmap.org
SATARA Toll Plaza,national_highway,NH 48,Maharashtra,SATARA,527.0,17.365779,74.122971,2,https://www.openstreetmap.org
Toll Boooth,highway_toll,NH 48,Maharashtra,SATARA,527.0,17.92282,73.78693,1,https://www.openstreetmap.org
SINDHUDURG Toll Plaza,national_highway,NH 66,Maharashtra,SINDHUDURG,529.0,16.174612,73.692711,2,https://www.openstreetmap.org
Nandani Toll Plaza,national_highway,NH 52,Maharashtra,SOLAPUR,526.0,17.473162,75.855301,2,https://www.openstreetmap.org
SOLAPUR Toll Plaza,national_highway,NH 65,Maharashtra,SOLAPUR,526.0,17.764743,75.755882,2,https://www.openstreetmap.org
SOLAPUR Toll Plaza,national_highway,NH 548C,Maharashtra,SOLAPUR,526.0,18.275546,75.76629,1,https://www.openstreetmap.org
SOLAPUR Toll Plaza,highway_toll,NH 548C,Maharashtra,SOLAPUR,526.0,18.108521,75.763836,1,https://www.openstreetmap.org
SOLAPUR Toll Plaza,national_highway,NH 150,Maharashtra,SOLAPUR,526.0,17.375267,76.340919,1,https://www.openstreetmap.org
SOLAPUR Toll Plaza,national_highway,NH 65,Maharashtra,SOLAPUR,526.0,17.957582,75.33102,2,https://www.openstreetmap.org
SOLAPUR Toll Plaza,national_highway,NH 166,Maharashtra,SOLAPUR,526.0,17.592103,75.591552,2,https://www.openstreetmap.org
Valsang,national_highway,NH 150,Maharashtra,SOLAPUR,526.0,17.589716,76.074497,3,https://www.openstreetmap.org
Kasheli Toll naka,national_highway,NH 848,Maharashtra,THANE,517.0,19.235045,73.013265,3,https://www.openstreetmap.org
Katai Gao Toll Plaza,highway_toll,NH 48,Maharashtra,THANE,517.0,19.16872,73.079232,2,https://www.openstreetmap.org
Samruddhi Mahamarg exit toll,highway_toll,NH 160,Maharashtra,THANE,517.0,19.327107,73.20137,2,https://www.openstreetmap.org
THANE Toll Plaza,highway_toll,NH 48,Maharashtra,THANE,517.0,19.310529,72.976507,2,https://www.openstreetmap.org
THANE Toll Plaza,highway_toll,NH 160,Maharashtra,THANE,517.0,19.361374,73.165786,2,https://www.openstreetmap.org
THANE Toll Plaza,highway_toll,NH 848,Maharashtra,THANE,517.0,19.309022,72.977715,2,https://www.openstreetmap.org
THANE Toll Plaza,national_highway,NH 48,Maharashtra,THANE,517.0,19.174654,72.969064,1,https://www.openstreetmap.org
THANE Toll Plaza,national_highway,NH 61,Maharashtra,THANE,517.0,19.258137,73.235035,2,https://www.openstreetmap.org
THANE Toll Plaza,national_highway,NH 61,Maharashtra,THANE,517.0,19.259701,73.225584,2,https://www.openstreetmap.org
THANE Toll Plaza,highway_toll,NH 61,Maharashtra,THANE,517.0,19.139133,73.247493,2,https://www.openstreetmap.org
Vashi Toll Plaza,highway_toll,NH 348A,Maharashtra,THANE,517.0,19.064149,72.980475,1,https://www.openstreetmap.org
Vashi Toll Plaza,highway_toll,NH 348A,Maharashtra,THANE,517.0,19.06646,72.983283,1,https://www.openstreetmap.org
Daroda,national_highway,NH 44,Maharashtra,WARDHA,504.0,20.450633,78.755311,2,https://www.openstreetmap.org
WARDHA Toll Plaza,national_highway,NH 53,Maharashtra,WARDHA,504.0,21.157593,78.388039,2,https://www.openstreetmap.org
WARDHA Toll Plaza,national_highway,NH 347A,Maharashtra,WARDHA,504.0,20.553084,78.971509,1,https://www.openstreetmap.org
WARDHA Toll Plaza,highway_toll,NH 361,Maharashtra,WARDHA,504.0,20.953258,78.708168,1,https://www.openstreetmap.org
WARDHA Toll Plaza,national_highway,NH 361,Maharashtra,WARDHA,504.0,20.550133,78.391709,2,https://www.openstreetmap.org
WARDHA Toll Plaza,national_highway,NH 647,Maharashtra,WARDHA,504.0,20.801528,78.591625,2,https://www.openstreetmap.org
WARDHA Toll Plaza,national_highway,NH 647,Maharashtra,WARDHA,504.0,20.803088,78.597266,1,https://www.openstreetmap.org
WARDHA Toll Plaza,national_highway,NH 647,Maharashtra,WARDHA,504.0,20.803413,78.595411,1,https://www.openstreetmap.org
WARDHA Toll Plaza,highway_toll,NH 347A,Maharashtra,WARDHA,504.0,20.791176,78.351823,2,https://www.openstreetmap.org
WARDHA Toll Plaza,national_highway,NH 353I,Maharashtra,WARDHA,504.0,20.837777,78.853619,1,https://www.openstreetmap.org
WARDHA Toll Plaza,national_highway,NH 353I,Maharashtra,WARDHA,504.0,20.835864,78.856545,1,https://www.openstreetmap.org
WARDHA Toll Plaza,national_highway,NH 353I,Maharashtra,WARDHA,504.0,20.840054,78.858326,1,https://www.openstreetmap.org
WARDHA Toll Plaza,national_highway,NH 353I,Maharashtra,WARDHA,504.0,20.83868,78.861081,1,https://www.openstreetmap.org
WASHIM Toll Plaza,national_highway,NH 161E;361C,Maharashtra,WASHIM,502.0,20.515412,77.459838,3,https://www.openstreetmap.org
WASHIM Toll Plaza,national_highway,NH 161,Maharashtra,WASHIM,502.0,20.283501,76.972049,2,https://www.openstreetmap.org
WASHIM Toll Plaza,national_highway,NH 161A,Maharashtra,WASHIM,502.0,20.392884,77.223876,2,https://www.openstreetmap.org
WASHIM Toll Plaza,national_highway,NH 161A,Maharashtra,WASHIM,502.0,20.389418,77.219221,2,https://www.openstreetmap.org
YAVATMAL Toll Plaza,national_highway,NH 361B,Maharashtra,YAVATMAL,510.0,20.449176,78.370518,1,https://www.openstreetmap.org
YAVATMAL Toll Plaza,national_highway,NH 930,Maharashtra,YAVATMAL,510.0,20.133397,78.634646,1,https://www.openstreetmap.org
YAVATMAL Toll Plaza,national_highway,NH 44,Maharashtra,YAVATMAL,510.0,19.845902,78.572065,2,https://www.openstreetmap.org
YAVATMAL Toll Plaza,national_highway,NH 361B,Maharashtra,YAVATMAL,510.0,20.293945,78.683733,1,https://www.openstreetmap.org
YAVATMAL Toll Plaza,national_highway,NH 361,Maharashtra,YAVATMAL,510.0,20.234758,78.017801,2,https://www.openstreetmap.org
EAST KHASI HILLS Toll Plaza,highway_toll,NH 206,Meghalaya,EAST KHASI HILLS,298.0,25.272863,91.69103,1,https://www.openstreetmap.org
RI-BHOI Toll Plaza,national_highway,NH 6,Meghalaya,RI-BHOI,297.0,25.992729,91.860381,2,https://www.openstreetmap.org
BALASORE Toll Plaza,national_highway,NH 16,Odisha,BALASORE,377.0,21.753618,87.152105,2,https://www.openstreetmap.org
BARGARH Toll Plaza,national_highway,NH 53,Odisha,BARGARH,370.0,21.353176,83.684145,2,https://www.openstreetmap.org
BHADRAK Toll Plaza,national_highway,NH 16,Odisha,BHADRAK,378.0,20.943778,86.326264,1,https://www.openstreetmap.org
BHADRAK Toll Plaza,national_highway,NH 16,Odisha,BHADRAK,378.0,20.945003,86.329016,1,https://www.openstreetmap.org
CUTTACK Toll Plaza,national_highway,NH 16,Odisha,CUTTACK,381.0,20.540061,85.963474,2,https://www.openstreetmap.org
CUTTACK Toll Plaza,highway_toll,NH 55,Odisha,CUTTACK,381.0,20.45355,85.735064,1,https://www.openstreetmap.org
CUTTACK Toll Plaza,national_highway,NH 16,Odisha,CUTTACK,381.0,20.565774,86.010928,2,https://www.openstreetmap.org
DEOGARH Toll Plaza,national_highway,NH 49,Odisha,DEOGARH,373.0,21.505959,85.058778,1,https://www.openstreetmap.org
DHENKANAL Toll Plaza,highway_toll,NH 55,Odisha,DHENKANAL,383.0,20.73689,85.554386,1,https://www.openstreetmap.org
GANJAM Toll Plaza,national_highway,NH 16,Odisha,GANJAM,388.0,19.63821,85.14009,2,https://www.openstreetmap.org
JAJAPUR Toll Plaza,national_highway,NH 16,Odisha,JAJAPUR,382.0,20.897916,86.2164,2,https://www.openstreetmap.org
JAJAPUR Toll Plaza,national_highway,NH 53,Odisha,JAJAPUR,382.0,20.678858,86.16555,2,https://www.openstreetmap.org
KEONJHAR (KENDUJHAR) Toll Plaza,national_highway,NH 20,Odisha,KEONJHAR (KENDUJHAR),375.0,21.146978,86.117466,2,https://www.openstreetmap.org
KEONJHAR (KENDUJHAR) Toll Plaza,national_highway,NH 20,Odisha,KEONJHAR (KENDUJHAR),375.0,21.709918,85.583582,2,https://www.openstreetmap.org
KEONJHAR (KENDUJHAR) Toll Plaza,national_highway,NH 20,Odisha,KEONJHAR (KENDUJHAR),375.0,21.508559,85.826133,2,https://www.openstreetmap.org
KEONJHAR (KENDUJHAR) Toll Plaza,national_highway,NH 520,Odisha,KEONJHAR (KENDUJHAR),375.0,22.052019,85.494342,2,https://www.openstreetmap.org
KHORDHA Toll Plaza,national_highway,NH 16,Odisha,KHORDHA,386.0,20.203472,85.668505,2,https://www.openstreetmap.org
KHORDHA Toll Plaza,national_highway,NH 16,Odisha,KHORDHA,386.0,20.056556,85.542678,2,https://www.openstreetmap.org
KORAPUT Toll Plaza,national_highway,NH 326,Odisha,KORAPUT,398.0,18.834051,82.795458,2,https://www.openstreetmap.org
KORAPUT Toll Plaza,national_highway,NH 326,Odisha,KORAPUT,398.0,18.839678,82.777249,2,https://www.openstreetmap.org
KORAPUT Toll Plaza,highway_toll,NH 26,Odisha,KORAPUT,398.0,18.478702,82.927508,2,https://www.openstreetmap.org
MAYURBHANJ Toll Plaza,national_highway,NH 18,Odisha,MAYURBHANJ,376.0,22.074134,86.643696,2,https://www.openstreetmap.org
NAYAGARH Toll Plaza,national_highway,NH 57,Odisha,NAYAGARH,385.0,20.365425,84.793645,2,https://www.openstreetmap.org
Pipili Toll Gate,national_highway,NH 316,Odisha,PURI,387.0,20.137177,85.839162,7,https://www.openstreetmap.org
SUNDARGARH Toll Plaza,national_highway,NH 520,Odisha,SUNDARGARH,374.0,21.991238,85.119378,2,https://www.openstreetmap.org
PUDUCHERRY Toll Plaza,national_highway,NH 32,Puducherry,PUDUCHERRY,635.0,11.822887,79.759084,2,https://www.openstreetmap.org
AMRITSAR Toll Plaza,national_highway,NH 54,Punjab,AMRITSAR,49.0,31.732631,75.042376,2,https://www.openstreetmap.org
Chiddan,national_highway,NH 3,Punjab,AMRITSAR,49.0,31.617163,74.692398,2,https://www.openstreetmap.org
Nijjarpura,national_highway,NH 3,Punjab,AMRITSAR,49.0,31.577607,74.997254,3,https://www.openstreetmap.org
BARNALA Toll Plaza,national_highway,NH 703,Punjab,BARNALA,54.0,30.402428,75.441792,2,https://www.openstreetmap.org
BARNALA Toll Plaza,national_highway,NH 7,Punjab,BARNALA,54.0,30.247787,75.640481,2,https://www.openstreetmap.org
Rohan Rajdeep Toll Plaza,highway_toll,NH 703,Punjab,BARNALA,54.0,30.548575,75.57612,1,https://www.openstreetmap.org
BATHINDA Toll Plaza,national_highway,NH 54,Punjab,BATHINDA,46.0,30.387879,74.98418,1,https://www.openstreetmap.org
BATHINDA Toll Plaza,national_highway,NH 54,Punjab,BATHINDA,46.0,30.385069,74.982942,1,https://www.openstreetmap.org
BATHINDA Toll Plaza,national_highway,NH 7,Punjab,BATHINDA,46.0,30.233156,75.102447,2,https://www.openstreetmap.org
Adda Fees Octroi,national_highway,NH 5,Punjab,FIROZPUR,43.0,30.930639,74.624726,1,https://www.openstreetmap.org
FIROZPUR Toll Plaza,national_highway,NH 54,Punjab,FIROZPUR,43.0,30.826616,74.916343,2,https://www.openstreetmap.org
FIROZPUR Toll Plaza,national_highway,NH 5,Punjab,FIROZPUR,43.0,30.869542,74.773118,2,https://www.openstreetmap.org
Main Octroi Rly Road,national_highway,NH 5,Punjab,FIROZPUR,43.0,30.930454,74.621543,1,https://www.openstreetmap.org
Octroi,national_highway,NH 354,Punjab,FIROZPUR,43.0,30.936888,74.618831,1,https://www.openstreetmap.org
GURDASPUR Toll Plaza,highway_toll,NH 44,Punjab,GURDASPUR,35.0,31.890447,75.557728,1,https://www.openstreetmap.org
HOSHIARPUR Toll Plaza,highway_toll,NH 44,Punjab,HOSHIARPUR,38.0,31.767501,75.720405,1,https://www.openstreetmap.org
HOSHIARPUR Toll Plaza,national_highway,NH 44,Punjab,HOSHIARPUR,38.0,32.061614,75.614335,2,https://www.openstreetmap.org
TOLL PLAZA TANDA ROAD,national_highway,NH 503A,Punjab,HOSHIARPUR,38.0,31.562542,75.847084,1,https://www.openstreetmap.org
Toll Booth,national_highway,NH 44,Punjab,HOSHIARPUR,38.0,31.624569,75.640368,4,https://www.openstreetmap.org
Toll Plaza,national_highway,NH 103A,Punjab,HOSHIARPUR,38.0,31.489933,75.955075,1,https://www.openstreetmap.org
JALANDHAR Toll Plaza,national_highway,NH 703,Punjab,JALANDHAR,37.0,31.017372,75.299887,2,https://www.openstreetmap.org
JALANDHAR Toll Plaza,national_highway,NH 703A,Punjab,JALANDHAR,37.0,31.128988,75.101134,1,https://www.openstreetmap.org
Dhilwan,national_highway,NH 3,Punjab,KAPURTHALA,36.0,31.499309,75.323022,2,https://www.openstreetmap.org
LUDHIANA Toll Plaza,national_highway,NH 5,Punjab,LUDHIANA,41.0,30.824854,75.589899,1,https://www.openstreetmap.org
LUDHIANA Toll Plaza,national_highway,NH 5,Punjab,LUDHIANA,41.0,30.825061,75.591933,1,https://www.openstreetmap.org
LUDHIANA Toll Plaza,national_highway,NH 5,Punjab,LUDHIANA,41.0,30.847211,76.132744,2,https://www.openstreetmap.org
LUDHIANA Toll Plaza,highway_toll,NH 44,Punjab,LUDHIANA,41.0,30.971433,75.751274,1,https://www.openstreetmap.org
Rohan Rajdeep Toolwayz,highway_toll,NH 5,Punjab,LUDHIANA,41.0,30.802597,75.653018,1,https://www.openstreetmap.org
Toll Plaza,national_highway,NH 44,Punjab,LUDHIANA,41.0,30.988747,75.790667,5,https://www.openstreetmap.org
MOGA Toll Plaza,national_highway,NH 105B,Punjab,MOGA,42.0,30.735046,75.107567,1,https://www.openstreetmap.org
MOGA Toll Plaza,national_highway,NH 5,Punjab,MOGA,42.0,30.840114,74.977274,1,https://www.openstreetmap.org
MOGA Toll Plaza,national_highway,NH 5,Punjab,MOGA,42.0,30.840487,74.975216,2,https://www.openstreetmap.org
MOGA Toll Plaza,national_highway,NH 703B,Punjab,MOGA,42.0,31.053489,75.049573,2,https://www.openstreetmap.org
Ladpalwan,national_highway,NH 54,Punjab,PATHANKOT,678.0,32.198061,75.533676,3,https://www.openstreetmap.org
Azizpur Toll Plaza,national_highway,NH 7,Punjab,PATIALA,48.0,30.593089,76.75924,2,https://www.openstreetmap.org
PATIALA Toll Plaza,national_highway,NH 44,Punjab,PATIALA,48.0,30.410087,76.725523,2,https://www.openstreetmap.org
PATIALA Toll Plaza,highway_toll,NH 44,Punjab,PATIALA,48.0,30.557908,76.23685,2,https://www.openstreetmap.org
PATIALA Toll Plaza,highway_toll,NH 7,Punjab,PATIALA,48.0,30.206875,76.243296,1,https://www.openstreetmap.org
PATIALA Toll Plaza,national_highway,NH 52,Punjab,PATIALA,48.0,29.888701,76.101415,2,https://www.openstreetmap.org
Kiratpur Toll Plaza,national_highway,NH 503,Punjab,RUPNAGAR,51.0,31.204142,76.552543,2,https://www.openstreetmap.org
RUPNAGAR Toll Plaza,national_highway,NH 205,Punjab,RUPNAGAR,51.0,30.908047,76.545297,2,https://www.openstreetmap.org
RUPNAGAR Toll Plaza,national_highway,NH 205,Punjab,RUPNAGAR,51.0,31.211574,76.640519,2,https://www.openstreetmap.org
SANGRUR Toll Plaza,highway_toll,NH 7,Punjab,SANGRUR,53.0,30.289171,76.080232,1,https://www.openstreetmap.org
SANGRUR Toll Plaza,national_highway,NH 7,Punjab,SANGRUR,53.0,30.265867,76.148302,2,https://www.openstreetmap.org
SANGRUR Toll Plaza,national_highway,NH 7,Punjab,SANGRUR,53.0,30.267566,76.148038,1,https://www.openstreetmap.org
SAS NAGAR (SAHIBZADA AJIT SINGH NAGAR) Toll Plaza,national_highway,NH 152,Punjab,SAS NAGAR (SAHIBZADA AJIT SINGH NAGAR),52.0,30.52747,76.813092,2,https://www.openstreetmap.org
SAS NAGAR (SAHIBZADA AJIT SINGH NAGAR) Toll Plaza,highway_toll,NH 205,Punjab,SAS NAGAR (SAHIBZADA AJIT SINGH NAGAR),52.0,30.833865,76.643874,2,https://www.openstreetmap.org
SAS NAGAR (SAHIBZADA AJIT SINGH NAGAR) Toll Plaza,national_highway,NH 5,Punjab,SAS NAGAR (SAHIBZADA AJIT SINGH NAGAR),52.0,30.760987,76.608021,1,https://www.openstreetmap.org
Sale Tax Barrier,national_highway,NH 5,Punjab,SAS NAGAR (SAHIBZADA AJIT SINGH NAGAR),52.0,30.733384,76.696032,1,https://www.openstreetmap.org
SHAHID BHAGAT SINGH NAGAR Toll Plaza,national_highway,NH 344A,Punjab,SHAHID BHAGAT SINGH NAGAR,39.0,31.014423,76.389253,2,https://www.openstreetmap.org
SHAHID BHAGAT SINGH NAGAR Toll Plaza,highway_toll,NH 344A,Punjab,SHAHID BHAGAT SINGH NAGAR,39.0,31.1144,76.24575,1,https://www.openstreetmap.org
SHAHID BHAGAT SINGH NAGAR Toll Plaza,national_highway,NH 344A,Punjab,SHAHID BHAGAT SINGH NAGAR,39.0,31.204245,75.876923,2,https://www.openstreetmap.org
SRI MUKTSAR SAHIB Toll Plaza,highway_toll,NH 754,Punjab,SRI MUKTSAR SAHIB,44.0,30.511161,74.633724,1,https://www.openstreetmap.org
TARN TARAN Toll Plaza,national_highway,NH 54,Punjab,TARN TARAN,50.0,31.370088,74.954928,2,https://www.openstreetmap.org
AJMER Toll Plaza,national_highway,NH 448,Rajasthan,AJMER,119.0,26.551493,74.781448,1,https://www.openstreetmap.org
AJMER Toll Plaza,highway_toll,NH 52,Rajasthan,AJMER,119.0,25.984345,75.170426,1,https://www.openstreetmap.org
AJMER Toll Plaza,national_highway,NH 48,Rajasthan,AJMER,119.0,26.104149,74.685334,2,https://www.openstreetmap.org
Kishangarh,national_highway,NH 48,Rajasthan,AJMER,119.0,26.595389,74.939184,2,https://www.openstreetmap.org
ALWAR Toll Plaza,highway_toll,NH 248A,Rajasthan,ALWAR,104.0,27.498208,76.79606,1,https://www.openstreetmap.org
ALWAR Toll Plaza,highway_toll,NH 248A,Rajasthan,ALWAR,104.0,27.457612,76.608024,1,https://www.openstreetmap.org
ALWAR Toll Plaza,highway_toll,NH 248A,Rajasthan,ALWAR,104.0,27.487542,76.845858,2,https://www.openstreetmap.org
ALWAR Toll Plaza,highway_toll,NH 248A,Rajasthan,ALWAR,104.0,27.483341,76.843557,2,https://www.openstreetmap.org
ALWAR Toll Plaza,national_highway,NH 248A,Rajasthan,ALWAR,104.0,27.527348,76.717117,2,https://www.openstreetmap.org
BALOTRA Toll Plaza,highway_toll,NH 754K,Rajasthan,BALOTRA,785.0,26.108798,72.376396,1,https://www.openstreetmap.org
BALOTRA Toll Plaza,national_highway,NH 25,Rajasthan,BALOTRA,785.0,25.865876,71.630141,2,https://www.openstreetmap.org
BALOTRA Toll Plaza,expressway_toll,NH 754K,Rajasthan,BALOTRA,785.0,26.16771,72.483214,2,https://www.openstreetmap.org
BALOTRA Toll Plaza,expressway_toll,NH 754K,Rajasthan,BALOTRA,785.0,26.16499,72.48074,2,https://www.openstreetmap.org
BALOTRA Toll Plaza,expressway_toll,NH 754K,Rajasthan,BALOTRA,785.0,25.973888,72.411842,2,https://www.openstreetmap.org
BALOTRA Toll Plaza,expressway_toll,NH 754K,Rajasthan,BALOTRA,785.0,25.720228,72.278606,1,https://www.openstreetmap.org
BALOTRA Toll Plaza,expressway_toll,NH 754K,Rajasthan,BALOTRA,785.0,25.718395,72.278619,1,https://www.openstreetmap.org
BALOTRA Toll Plaza,expressway_toll,NH 754K,Rajasthan,BALOTRA,785.0,25.716618,72.275763,1,https://www.openstreetmap.org
BALOTRA Toll Plaza,expressway_toll,NH 754K,Rajasthan,BALOTRA,785.0,25.714973,72.275819,1,https://www.openstreetmap.org
BALOTRA Toll Plaza,national_highway,NH 25,Rajasthan,BALOTRA,785.0,26.062565,72.676274,2,https://www.openstreetmap.org
Fatehpur,national_highway,NH 27,Rajasthan,BARAN,128.0,25.12179,76.573097,2,https://www.openstreetmap.org
Mundiyar,national_highway,NH 27,Rajasthan,BARAN,128.0,25.208646,77.135986,2,https://www.openstreetmap.org
BARMER Toll Plaza,national_highway,NH 68,Rajasthan,BARMER,115.0,25.564755,71.407983,1,https://www.openstreetmap.org
BARMER Toll Plaza,national_highway,NH 68,Rajasthan,BARMER,115.0,25.560877,71.407477,1,https://www.openstreetmap.org
BEAWAR Toll Plaza,national_highway,NH 162,Rajasthan,BEAWAR,779.0,26.063578,74.059444,2,https://www.openstreetmap.org
BEAWAR Toll Plaza,national_highway,NH 58,Rajasthan,BEAWAR,779.0,26.15857,74.371496,2,https://www.openstreetmap.org
BEAWAR Toll Plaza,national_highway,NH 148D,Rajasthan,BEAWAR,779.0,25.798808,74.351638,1,https://www.openstreetmap.org
BEAWAR Toll Plaza,national_highway,NH 25,Rajasthan,BEAWAR,779.0,26.121996,74.062564,3,https://www.openstreetmap.org
Amoli Toll Plaza,national_highway,NH 21,Rajasthan,BHARATPUR,105.0,27.101314,77.09091,12,https://www.openstreetmap.org
BHARATPUR Toll Plaza,highway_toll,NH 21,Rajasthan,BHARATPUR,105.0,27.248843,77.469274,1,https://www.openstreetmap.org
BHARATPUR Toll Plaza,highway_toll,NH 21,Rajasthan,BHARATPUR,105.0,27.034575,77.346704,1,https://www.openstreetmap.org
Ludhewai Toll Plaza,national_highway,NH 21,Rajasthan,BHARATPUR,105.0,27.178467,77.41681,10,https://www.openstreetmap.org
Aroli,national_highway,NH 27,Rajasthan,BHILWARA,122.0,25.091139,75.19905,2,https://www.openstreetmap.org
BHILWARA Toll Plaza,national_highway,NH 758,Rajasthan,BHILWARA,122.0,25.275038,74.492839,2,https://www.openstreetmap.org
BHILWARA Toll Plaza,national_highway,NH 148D,Rajasthan,BHILWARA,122.0,25.488064,75.313271,1,https://www.openstreetmap.org
BHILWARA Toll Plaza,national_highway,NH 48,Rajasthan,BHILWARA,122.0,25.756638,74.630942,2,https://www.openstreetmap.org
BHILWARA Toll Plaza,national_highway,NH 48,Rajasthan,BHILWARA,122.0,25.586366,74.59503,2,https://www.openstreetmap.org
BHILWARA Toll Plaza,highway_toll,NH 27,Rajasthan,BHILWARA,122.0,25.190324,75.37504,1,https://www.openstreetmap.org
BIKANER Toll Plaza,national_highway,NH 11,Rajasthan,BIKANER,101.0,28.004093,73.114572,2,https://www.openstreetmap.org
BIKANER Toll Plaza,expressway_toll,NH 754K,Rajasthan,BIKANER,101.0,28.887688,74.029763,2,https://www.openstreetmap.org
BIKANER Toll Plaza,national_highway,NH 11,Rajasthan,BIKANER,101.0,28.139754,73.37251,1,https://www.openstreetmap.org
BIKANER Toll Plaza,national_highway,NH 11,Rajasthan,BIKANER,101.0,27.668306,72.674861,1,https://www.openstreetmap.org
BIKANER Toll Plaza,expressway_toll,NH 754K,Rajasthan,BIKANER,101.0,28.885836,74.019654,1,https://www.openstreetmap.org
BIKANER Toll Plaza,expressway_toll,NH 754K,Rajasthan,BIKANER,101.0,28.88194,74.026963,2,https://www.openstreetmap.org
BIKANER Toll Plaza,expressway_toll,NH 754K,Rajasthan,BIKANER,101.0,28.452911,73.800973,2,https://www.openstreetmap.org
BIKANER Toll Plaza,expressway_toll,NH 754K,Rajasthan,BIKANER,101.0,28.447862,73.797208,2,https://www.openstreetmap.org
BIKANER Toll Plaza,expressway_toll,NH 754K,Rajasthan,BIKANER,101.0,27.559032,73.234435,2,https://www.openstreetmap.org
BIKANER Toll Plaza,expressway_toll,NH 754K,Rajasthan,BIKANER,101.0,27.554049,73.230937,2,https://www.openstreetmap.org
BIKANER Toll Plaza,national_highway,NH 11,Rajasthan,BIKANER,101.0,28.093651,73.876362,1,https://www.openstreetmap.org
BIKANER Toll Plaza,expressway_toll,NH 754K,Rajasthan,BIKANER,101.0,28.643017,73.911987,2,https://www.openstreetmap.org
BIKANER Toll Plaza,expressway_toll,NH 754K,Rajasthan,BIKANER,101.0,28.64843,73.914517,2,https://www.openstreetmap.org
BIKANER Toll Plaza,national_highway,NH 62,Rajasthan,BIKANER,101.0,28.023339,73.413545,1,https://www.openstreetmap.org
BIKANER Toll Plaza,expressway_toll,NH 754K,Rajasthan,BIKANER,101.0,28.069178,73.562633,2,https://www.openstreetmap.org
BIKANER Toll Plaza,expressway_toll,NH 754K,Rajasthan,BIKANER,101.0,27.759476,73.359927,2,https://www.openstreetmap.org
BUNDI Toll Plaza,national_highway,NH 52,Rajasthan,BUNDI,121.0,25.620493,75.473358,2,https://www.openstreetmap.org
BUNDI Toll Plaza,highway_toll,NH 52,Rajasthan,BUNDI,121.0,25.402854,75.568685,1,https://www.openstreetmap.org
BUNDI Toll Plaza,highway_toll,NH 552,Rajasthan,BUNDI,121.0,25.743897,76.168985,1,https://www.openstreetmap.org
Dhaneshwar,national_highway,NH 27,Rajasthan,BUNDI,121.0,25.072669,75.598441,2,https://www.openstreetmap.org
Bassi,national_highway,NH 27,Rajasthan,CHITTAURGARH,126.0,25.033898,74.81764,2,https://www.openstreetmap.org
CHITTAURGARH Toll Plaza,national_highway,NH 48,Rajasthan,CHITTAURGARH,126.0,25.082821,74.624398,2,https://www.openstreetmap.org
CHITTAURGARH Toll Plaza,national_highway,NH 156,Rajasthan,CHITTAURGARH,126.0,24.594976,74.711727,2,https://www.openstreetmap.org
CHITTAURGARH Toll Plaza,national_highway,NH 56,Rajasthan,CHITTAURGARH,126.0,24.825868,74.628693,2,https://www.openstreetmap.org
CHITTAURGARH Toll Plaza,national_highway,NH 56,Rajasthan,CHITTAURGARH,126.0,24.552348,74.666468,1,https://www.openstreetmap.org
Rithola,national_highway,NH 48,Rajasthan,CHITTAURGARH,126.0,24.850088,74.582195,2,https://www.openstreetmap.org
CHURU Toll Plaza,highway_toll,NH 11,Rajasthan,CHURU,102.0,27.916388,74.554416,1,https://www.openstreetmap.org
CHURU Toll Plaza,highway_toll,NH 11,Rajasthan,CHURU,102.0,28.262522,74.565012,1,https://www.openstreetmap.org
CHURU Toll Plaza,national_highway,NH 58,Rajasthan,CHURU,102.0,27.786059,74.747369,1,https://www.openstreetmap.org
CHURU Toll Plaza,national_highway,NH 52,Rajasthan,CHURU,102.0,28.345809,75.070346,1,https://www.openstreetmap.org
CHURU Toll Plaza,national_highway,NH 709,Rajasthan,CHURU,102.0,28.399508,75.548761,1,https://www.openstreetmap.org
Dhadhar,national_highway,NH 52,Rajasthan,CHURU,102.0,28.33043,75.056529,1,https://www.openstreetmap.org
Lasedi,national_highway,NH 52,Rajasthan,CHURU,102.0,28.712011,75.481587,1,https://www.openstreetmap.org
DAUSA Toll Plaza,national_highway,NH 21,Rajasthan,DAUSA,109.0,26.944505,76.557525,8,https://www.openstreetmap.org
DAUSA Toll Plaza,national_highway,NH 21,Rajasthan,DAUSA,109.0,26.913342,76.426671,2,https://www.openstreetmap.org
DAUSA Toll Plaza,national_highway,NH 148,Rajasthan,DAUSA,109.0,26.77052,76.339365,3,https://www.openstreetmap.org
DAUSA Toll Plaza,national_highway,NH 23,Rajasthan,DAUSA,109.0,26.524298,76.248479,1,https://www.openstreetmap.org
DAUSA Toll Plaza,national_highway,NH 23,Rajasthan,DAUSA,109.0,26.528891,76.250946,1,https://www.openstreetmap.org
DAUSA Toll Plaza,highway_toll,NH 21,Rajasthan,DAUSA,109.0,26.978304,76.5743,1,https://www.openstreetmap.org
DAUSA Toll Plaza,national_highway,NH 21,Rajasthan,DAUSA,109.0,26.911978,76.431952,2,https://www.openstreetmap.org
DAUSA Toll Plaza,national_highway,NH 23,Rajasthan,DAUSA,109.0,26.528265,76.247645,1,https://www.openstreetmap.org
DAUSA Toll Plaza,national_highway,NH 21,Rajasthan,DAUSA,109.0,26.91382,76.433705,2,https://www.openstreetmap.org
DAUSA Toll Plaza,national_highway,NH 21,Rajasthan,DAUSA,109.0,26.911572,76.424863,2,https://www.openstreetmap.org
DAUSA Toll Plaza,national_highway,NH 23,Rajasthan,DAUSA,109.0,26.524957,76.251485,1,https://www.openstreetmap.org
DHAULPUR Toll Plaza,highway_toll,NH 23,Rajasthan,DHAULPUR,106.0,26.678173,77.583316,1,https://www.openstreetmap.org
DHAULPUR Toll Plaza,national_highway,NH 23,Rajasthan,DHAULPUR,106.0,26.613035,77.515387,1,https://www.openstreetmap.org
DHAULPUR Toll Plaza,national_highway,NH 123,Rajasthan,DHAULPUR,106.0,26.85415,77.722553,1,https://www.openstreetmap.org
DIDWANA-KUCHAMAN Toll Plaza,highway_toll,NH 458,Rajasthan,DIDWANA-KUCHAMAN,787.0,27.130566,74.695281,1,https://www.openstreetmap.org
DIDWANA-KUCHAMAN Toll Plaza,highway_toll,NH 458,Rajasthan,DIDWANA-KUCHAMAN,787.0,27.349624,74.671495,2,https://www.openstreetmap.org
DIDWANA-KUCHAMAN Toll Plaza,national_highway,NH 58,Rajasthan,DIDWANA-KUCHAMAN,787.0,27.514875,74.320875,1,https://www.openstreetmap.org
HANUMANGARH Toll Plaza,highway_toll,NH 754K,Rajasthan,HANUMANGARH,100.0,29.519983,74.336005,1,https://www.openstreetmap.org
HANUMANGARH Toll Plaza,highway_toll,NH 754K,Rajasthan,HANUMANGARH,100.0,28.952159,74.224717,1,https://www.openstreetmap.org
HANUMANGARH Toll Plaza,expressway_toll,NH 754K,Rajasthan,HANUMANGARH,100.0,29.683068,74.43378,2,https://www.openstreetmap.org
Barkheda (Chandlai),national_highway,NH 52,Rajasthan,JAIPUR,110.0,26.688225,75.904705,2,https://www.openstreetmap.org
Hingonia Toll Plaza,expressway_toll,NH 148C,Rajasthan,JAIPUR,110.0,26.851002,75.924592,4,https://www.openstreetmap.org
JAIPUR Toll Plaza,national_highway,NH 48,Rajasthan,JAIPUR,110.0,26.843314,75.615525,2,https://www.openstreetmap.org
JAIPUR Toll Plaza,national_highway,NH 48,Rajasthan,JAIPUR,110.0,27.305614,75.953497,2,https://www.openstreetmap.org
JAIPUR Toll Plaza,highway_toll,NH 248,Rajasthan,JAIPUR,110.0,26.94318,75.818219,1,https://www.openstreetmap.org
JAIPUR Toll Plaza,national_highway,NH 48,Rajasthan,JAIPUR,110.0,27.086872,75.834539,2,https://www.openstreetmap.org
JAIPUR Toll Plaza,national_highway,NH 52,Rajasthan,JAIPUR,110.0,27.089762,75.74146,2,https://www.openstreetmap.org
JAIPUR Toll Plaza,highway_toll,NH 48,Rajasthan,JAIPUR,110.0,26.677881,75.666369,1,https://www.openstreetmap.org
JAIPUR Toll Plaza,highway_toll,NH 52,Rajasthan,JAIPUR,110.0,26.747496,75.768642,2,https://www.openstreetmap.org
JAIPUR Toll Plaza,national_highway,NH 148,Rajasthan,JAIPUR,110.0,27.242253,76.064111,1,https://www.openstreetmap.org
JAIPUR Toll Plaza,highway_toll,NH 48,Rajasthan,JAIPUR,110.0,27.154146,75.820934,1,https://www.openstreetmap.org
JAIPUR Toll Plaza,highway_toll,NH 48,Rajasthan,JAIPUR,110.0,26.983517,75.50607,1,https://www.openstreetmap.org
JAIPUR Toll Plaza,national_highway,NH 21,Rajasthan,JAIPUR,110.0,26.880384,75.927421,1,https://www.openstreetmap.org
JAIPUR Toll Plaza,national_highway,NH 21,Rajasthan,JAIPUR,110.0,26.877086,75.92907,1,https://www.openstreetmap.org
No toll for Non-Commercial vehicle.,national_highway,NH 21,Rajasthan,JAIPUR,110.0,26.899358,75.847329,1,https://www.openstreetmap.org
Rajadhok Toll Plaza,national_highway,NH 21,Rajasthan,JAIPUR,110.0,26.858946,76.104088,8,https://www.openstreetmap.org
JAISALMER Toll Plaza,national_highway,NH 11,Rajasthan,JAISALMER,114.0,27.025956,71.950914,1,https://www.openstreetmap.org
JAISALMER Toll Plaza,national_highway,NH 125,Rajasthan,JAISALMER,114.0,26.891715,71.952287,1,https://www.openstreetmap.org
JAISALMER Toll Plaza,national_highway,NH 125,Rajasthan,JAISALMER,114.0,26.892854,71.954168,1,https://www.openstreetmap.org
JAISALMER Toll Plaza,national_highway,NH 11,Rajasthan,JAISALMER,114.0,27.025452,71.946125,1,https://www.openstreetmap.org
JAISALMER Toll Plaza,national_highway,NH 11,Rajasthan,JAISALMER,114.0,27.030083,71.44649,1,https://www.openstreetmap.org
JAISALMER Toll Plaza,national_highway,NH 11,Rajasthan,JAISALMER,114.0,27.030426,71.451314,1,https://www.openstreetmap.org
JALOR Toll Plaza,expressway_toll,NH 754K,Rajasthan,JALOR,116.0,25.396436,72.114721,2,https://www.openstreetmap.org
JALOR Toll Plaza,expressway_toll,NH 754K,Rajasthan,JALOR,116.0,24.714353,71.768839,1,https://www.openstreetmap.org
JALOR Toll Plaza,national_highway,NH 325,Rajasthan,JALOR,116.0,25.348094,72.688758,1,https://www.openstreetmap.org
JALOR Toll Plaza,national_highway,NH 325,Rajasthan,JALOR,116.0,25.486218,72.569618,1,https://www.openstreetmap.org
JALOR Toll Plaza,expressway_toll,NH 754K,Rajasthan,JALOR,116.0,24.715129,71.773084,1,https://www.openstreetmap.org
JALOR Toll Plaza,expressway_toll,NH 754K,Rajasthan,JALOR,116.0,25.393416,72.11329,2,https://www.openstreetmap.org
Methoon,national_highway,NH 52,Rajasthan,JHALAWAR,129.0,24.420022,76.503537,1,https://www.openstreetmap.org
JODHPUR Toll Plaza,national_highway,NH 125,Rajasthan,JODHPUR,113.0,26.316108,72.75568,2,https://www.openstreetmap.org
JODHPUR Toll Plaza,expressway_toll,NH 754K,Rajasthan,JODHPUR,113.0,26.536626,72.707558,2,https://www.openstreetmap.org
JODHPUR Toll Plaza,expressway_toll,NH 754K,Rajasthan,JODHPUR,113.0,26.539919,72.709505,2,https://www.openstreetmap.org
JODHPUR Toll Plaza,expressway_toll,NH 754K,Rajasthan,JODHPUR,113.0,26.786951,72.819535,2,https://www.openstreetmap.org
JODHPUR Toll Plaza,expressway_toll,NH 754K,Rajasthan,JODHPUR,113.0,26.30675,72.587169,2,https://www.openstreetmap.org
JODHPUR Toll Plaza,highway_toll,NH 62,Rajasthan,JODHPUR,113.0,26.617603,72.977782,1,https://www.openstreetmap.org
JODHPUR Toll Plaza,highway_toll,NH 125A,Rajasthan,JODHPUR,113.0,26.472992,73.014125,1,https://www.openstreetmap.org
JODHPUR Toll Plaza,national_highway,NH 25,Rajasthan,JODHPUR,113.0,26.278819,73.394279,3,https://www.openstreetmap.org
JODHPUR Toll Plaza,national_highway,NH 125,Rajasthan,JODHPUR,113.0,26.578784,72.326084,1,https://www.openstreetmap.org
JODHPUR Toll Plaza,national_highway,NH 125,Rajasthan,JODHPUR,113.0,26.581211,72.325886,1,https://www.openstreetmap.org
JODHPUR Toll Plaza,national_highway,NH 25,Rajasthan,JODHPUR,113.0,26.266786,73.231828,2,https://www.openstreetmap.org
JODHPUR Toll Plaza,highway_toll,NH 25,Rajasthan,JODHPUR,113.0,26.338235,73.692804,1,https://www.openstreetmap.org
KARAULI Toll Plaza,national_highway,NH 23,Rajasthan,KARAULI,107.0,26.537178,77.086033,1,https://www.openstreetmap.org
KHAIRTHAL-TIJARA Toll Plaza,highway_toll,NH 248A,Rajasthan,KHAIRTHAL-TIJARA,777.0,27.713852,76.742829,2,https://www.openstreetmap.org
KHAIRTHAL-TIJARA Toll Plaza,highway_toll,NH 919,Rajasthan,KHAIRTHAL-TIJARA,777.0,28.174398,76.824684,2,https://www.openstreetmap.org
KHAIRTHAL-TIJARA Toll Plaza,highway_toll,NH 248A,Rajasthan,KHAIRTHAL-TIJARA,777.0,27.923005,76.839018,2,https://www.openstreetmap.org
KHAIRTHAL-TIJARA Toll Plaza,highway_toll,NH 48,Rajasthan,KHAIRTHAL-TIJARA,777.0,28.105336,76.708099,1,https://www.openstreetmap.org
KOTA Toll Plaza,national_highway,NH 27;52,Rajasthan,KOTA,127.0,25.156191,75.776603,1,https://www.openstreetmap.org
KOTA Toll Plaza,national_highway,NH 27,Rajasthan,KOTA,127.0,25.168474,76.080777,2,https://www.openstreetmap.org
KOTA Toll Plaza,national_highway,NH 27,Rajasthan,KOTA,127.0,25.168162,76.087174,2,https://www.openstreetmap.org
KOTA Toll Plaza,national_highway,NH 27,Rajasthan,KOTA,127.0,25.166685,76.079546,2,https://www.openstreetmap.org
KOTA Toll Plaza,national_highway,NH 27,Rajasthan,KOTA,127.0,25.165955,76.085957,2,https://www.openstreetmap.org
KOTA Toll Plaza,highway_toll,NH 52,Rajasthan,KOTA,127.0,24.75938,75.908689,2,https://www.openstreetmap.org
KOTA Toll Plaza,national_highway,NH 52,Rajasthan,KOTA,127.0,24.89518,75.961461,2,https://www.openstreetmap.org
KOTA Toll Plaza,national_highway,NH 52,Rajasthan,KOTA,127.0,24.898985,75.962315,2,https://www.openstreetmap.org
KOTA Toll Plaza,national_highway,NH 52,Rajasthan,KOTA,127.0,24.906393,75.959848,2,https://www.openstreetmap.org
KOTA Toll Plaza,national_highway,NH 52,Rajasthan,KOTA,127.0,24.902502,75.958797,2,https://www.openstreetmap.org
KOTA Toll Plaza,national_highway,NH 52,Rajasthan,KOTA,127.0,24.642653,76.027448,1,https://www.openstreetmap.org
Simliya,national_highway,NH 27,Rajasthan,KOTA,127.0,25.169916,76.130577,2,https://www.openstreetmap.org
KOTPUTLI-BEHROR Toll Plaza,national_highway,NH 48,Rajasthan,KOTPUTLI-BEHROR,780.0,27.999799,76.430564,2,https://www.openstreetmap.org
KOTPUTLI-BEHROR Toll Plaza,highway_toll,NH 48,Rajasthan,KOTPUTLI-BEHROR,780.0,27.892617,76.34478,1,https://www.openstreetmap.org
NAGAUR Toll Plaza,highway_toll,NH 458,Rajasthan,NAGAUR,112.0,27.138565,74.204966,1,https://www.openstreetmap.org
PALI Toll Plaza,national_highway,NH 62,Rajasthan,PALI,118.0,25.736078,73.317064,1,https://www.openstreetmap.org
PALI Toll Plaza,national_highway,NH 162,Rajasthan,PALI,118.0,25.682452,73.364198,1,https://www.openstreetmap.org
PALI Toll Plaza,national_highway,NH 162,Rajasthan,PALI,118.0,25.829682,73.459882,2,https://www.openstreetmap.org
PALI Toll Plaza,national_highway,NH 62,Rajasthan,PALI,118.0,25.371171,73.201472,2,https://www.openstreetmap.org
PALI Toll Plaza,national_highway,NH 62,Rajasthan,PALI,118.0,26.018512,73.088718,2,https://www.openstreetmap.org
PALI Toll Plaza,national_highway,NH 62,Rajasthan,PALI,118.0,25.82416,73.233446,2,https://www.openstreetmap.org
PALI Toll Plaza,highway_toll,NH 62,Rajasthan,PALI,118.0,25.280812,73.198686,2,https://www.openstreetmap.org
PHALODI Toll Plaza,highway_toll,NH 125,Rajasthan,PHALODI,783.0,26.90433,72.312162,1,https://www.openstreetmap.org
PHALODI Toll Plaza,national_highway,NH 11,Rajasthan,PHALODI,783.0,27.283392,72.323282,1,https://www.openstreetmap.org
PHALODI Toll Plaza,expressway_toll,NH 754K,Rajasthan,PHALODI,783.0,27.351441,73.110998,2,https://www.openstreetmap.org
PHALODI Toll Plaza,expressway_toll,NH 754K,Rajasthan,PHALODI,783.0,27.347905,73.108951,2,https://www.openstreetmap.org
PHALODI Toll Plaza,expressway_toll,NH 754K,Rajasthan,PHALODI,783.0,27.164414,73.011204,2,https://www.openstreetmap.org
PHALODI Toll Plaza,expressway_toll,NH 754K,Rajasthan,PHALODI,783.0,27.160743,73.009283,2,https://www.openstreetmap.org
PHALODI Toll Plaza,expressway_toll,NH 754K,Rajasthan,PHALODI,783.0,26.950255,72.905862,2,https://www.openstreetmap.org
PHALODI Toll Plaza,expressway_toll,NH 754K,Rajasthan,PHALODI,783.0,26.953581,72.907608,2,https://www.openstreetmap.org
RAJSAMAND Toll Plaza,national_highway,NH 58,Rajasthan,RAJSAMAND,123.0,25.590602,73.903041,1,https://www.openstreetmap.org
RAJSAMAND Toll Plaza,national_highway,NH 58,Rajasthan,RAJSAMAND,123.0,24.799825,73.760858,3,https://www.openstreetmap.org
RAJSAMAND Toll Plaza,national_highway,NH 58,Rajasthan,RAJSAMAND,123.0,25.203845,73.814682,2,https://www.openstreetmap.org
SALUMBAR Toll Plaza,highway_toll,NH 48,Rajasthan,SALUMBAR,775.0,24.172509,74.047331,1,https://www.openstreetmap.org
SAWAI MADHOPUR Toll Plaza,national_highway,NH 148N,Rajasthan,SAWAI MADHOPUR,108.0,26.224757,76.370732,1,https://www.openstreetmap.org
SAWAI MADHOPUR Toll Plaza,national_highway,NH 552,Rajasthan,SAWAI MADHOPUR,108.0,25.88398,76.53004,1,https://www.openstreetmap.org
SAWAI MADHOPUR Toll Plaza,national_highway,NH 552,Rajasthan,SAWAI MADHOPUR,108.0,25.968261,76.253056,2,https://www.openstreetmap.org
Akhepura,national_highway,NH 52,Rajasthan,SIKAR,111.0,27.50798,75.344257,2,https://www.openstreetmap.org
SIKAR Toll Plaza,highway_toll,NH 52,Rajasthan,SIKAR,111.0,27.711048,75.209959,1,https://www.openstreetmap.org
SIKAR Toll Plaza,national_highway,NH 52,Rajasthan,SIKAR,111.0,27.725665,75.076101,2,https://www.openstreetmap.org
SIKAR Toll Plaza,highway_toll,NH 52,Rajasthan,SIKAR,111.0,27.525075,75.134529,2,https://www.openstreetmap.org
Malera,national_highway,NH 27,Rajasthan,SIROHI,117.0,24.71239,73.093781,4,https://www.openstreetmap.org
SIROHI Toll Plaza,national_highway,NH 168,Rajasthan,SIROHI,117.0,24.838727,72.806654,1,https://www.openstreetmap.org
SIROHI Toll Plaza,national_highway,NH 168,Rajasthan,SIROHI,117.0,24.595592,72.578472,1,https://www.openstreetmap.org
SIROHI Toll Plaza,national_highway,NH 62,Rajasthan,SIROHI,117.0,25.03356,72.943563,2,https://www.openstreetmap.org
Undavariya/ Sirohi,national_highway,NH 27,Rajasthan,SIROHI,117.0,24.633577,72.907056,2,https://www.openstreetmap.org
Sonwa (Sonva),national_highway,NH 52,Rajasthan,TONK,120.0,26.109874,75.744853,2,https://www.openstreetmap.org
TONK Toll Plaza,national_highway,NH 148D,Rajasthan,TONK,120.0,25.883844,75.958029,1,https://www.openstreetmap.org
TONK Toll Plaza,highway_toll,NH 52,Rajasthan,TONK,120.0,26.305565,75.411876,1,https://www.openstreetmap.org
TONK Toll Plaza,national_highway,NH 552,Rajasthan,TONK,120.0,25.992663,75.938471,1,https://www.openstreetmap.org
TONK Toll Plaza,national_highway,NH 23,Rajasthan,TONK,120.0,26.500478,75.998539,1,https://www.openstreetmap.org
Gogunda (Jaswantgarh),national_highway,NH 27,Rajasthan,UDAIPUR,130.0,24.766126,73.524009,2,https://www.openstreetmap.org
Narayanpura,national_highway,NH 27;48,Rajasthan,UDAIPUR,130.0,24.613593,74.231806,2,https://www.openstreetmap.org
UDAIPUR Toll Plaza,national_highway,NH 48,Rajasthan,UDAIPUR,130.0,23.993585,73.627846,2,https://www.openstreetmap.org
UDAIPUR Toll Plaza,highway_toll,NH 48,Rajasthan,UDAIPUR,130.0,24.488859,73.743906,1,https://www.openstreetmap.org
CHENGALPATTU Toll Plaza,national_highway,NH 32,Tamil Nadu,CHENGALPATTU,754.0,12.346867,79.779968,2,https://www.openstreetmap.org
CHENGALPATTU Toll Plaza,national_highway,NH 332A,Tamil Nadu,CHENGALPATTU,754.0,12.615343,80.167708,1,https://www.openstreetmap.org
CHENGALPATTU Toll Plaza,highway_toll,NH 332A,Tamil Nadu,CHENGALPATTU,754.0,12.61944,80.184037,1,https://www.openstreetmap.org
"ECR Toll Plaza, Poonjeri",national_highway,NH 332A,Tamil Nadu,CHENGALPATTU,754.0,12.615396,80.169848,2,https://www.openstreetmap.org
"ECR Toll Plaze, Kovalam",highway_toll,NH 332A,Tamil Nadu,CHENGALPATTU,754.0,12.784146,80.244717,1,https://www.openstreetmap.org
Paranur Toll Plaza,national_highway,NH 32,Tamil Nadu,CHENGALPATTU,754.0,12.724193,79.981893,3,https://www.openstreetmap.org
CHENNAI Toll Plaza,highway_toll,NH 32,Tamil Nadu,CHENNAI,603.0,12.901105,80.222881,1,https://www.openstreetmap.org
CHENNAI Toll Plaza,highway_toll,NH 16,Tamil Nadu,CHENNAI,603.0,13.136531,80.181755,2,https://www.openstreetmap.org
ECR Toll Plaza,highway_toll,NH 32,Tamil Nadu,CHENNAI,603.0,12.861633,80.241961,2,https://www.openstreetmap.org
ITEL Toll Plaza,highway_toll,NH 32,Tamil Nadu,CHENNAI,603.0,12.90075,80.23163,3,https://www.openstreetmap.org
COIMBATORE Toll Plaza,national_highway,NH 544,Tamil Nadu,COIMBATORE,632.0,11.06088,77.08892,2,https://www.openstreetmap.org
COIMBATORE Toll Plaza,national_highway,NH 544,Tamil Nadu,COIMBATORE,632.0,11.012841,77.073152,2,https://www.openstreetmap.org
COIMBATORE Toll Plaza,national_highway,NH 544,Tamil Nadu,COIMBATORE,632.0,10.921189,76.989243,3,https://www.openstreetmap.org
COIMBATORE Toll Plaza,national_highway,NH 544,Tamil Nadu,COIMBATORE,632.0,11.004913,77.069071,3,https://www.openstreetmap.org
COIMBATORE Toll Plaza,national_highway,NH 544,Tamil Nadu,COIMBATORE,632.0,10.895556,76.945764,3,https://www.openstreetmap.org
COIMBATORE Toll Plaza,national_highway,NH 544,Tamil Nadu,COIMBATORE,632.0,10.9139,76.982201,3,https://www.openstreetmap.org
Toll,national_highway,NH 544,Tamil Nadu,COIMBATORE,632.0,11.095154,77.151406,3,https://www.openstreetmap.org
CUDDALORE Toll Plaza,national_highway,NH 81,Tamil Nadu,CUDDALORE,617.0,11.267814,79.545386,1,https://www.openstreetmap.org
DHARMAPURI Toll Plaza,national_highway,NH 179A,Tamil Nadu,DHARMAPURI,630.0,11.967091,78.425196,2,https://www.openstreetmap.org
Dharmapuri Toll booth,national_highway,NH 44,Tamil Nadu,DHARMAPURI,630.0,12.00641,78.080552,3,https://www.openstreetmap.org
DINDIGUL Toll Plaza,national_highway,NH 183,Tamil Nadu,DINDIGUL,612.0,10.194003,77.79425,3,https://www.openstreetmap.org
DINDIGUL Toll Plaza,national_highway,NH 44,Tamil Nadu,DINDIGUL,612.0,10.194409,77.909356,3,https://www.openstreetmap.org
DINDIGUL Toll Plaza,highway_toll,NH 183,Tamil Nadu,DINDIGUL,612.0,10.241674,77.511835,1,https://www.openstreetmap.org
DINDIGUL Toll Plaza,national_highway,NH 83,Tamil Nadu,DINDIGUL,612.0,10.480459,77.636993,2,https://www.openstreetmap.org
ERODE Toll Plaza,highway_toll,NH 544,Tamil Nadu,ERODE,610.0,11.160561,77.601089,1,https://www.openstreetmap.org
Vijayamangalam Toll,national_highway,NH 544,Tamil Nadu,ERODE,610.0,11.245672,77.519639,2,https://www.openstreetmap.org
Kallakurichi Toll Plaza,national_highway,NH 79,Tamil Nadu,KALLAKURICHI,760.0,11.736426,79.009555,2,https://www.openstreetmap.org
Not yet Started,national_highway,NH 532,Tamil Nadu,KALLAKURICHI,760.0,11.576868,78.936219,1,https://www.openstreetmap.org
Ulundurpet Tollgate,national_highway,NH 38,Tamil Nadu,KALLAKURICHI,760.0,11.706154,79.32238,4,https://www.openstreetmap.org
Nemili,national_highway,NH 48,Tamil Nadu,KANCHEEPURAM,604.0,12.981971,79.968999,4,https://www.openstreetmap.org
Varadharajapuram Toll Plaza,highway_toll,NH 32,Tamil Nadu,KANCHEEPURAM,604.0,12.930165,80.080033,1,https://www.openstreetmap.org
Civic Toll,national_highway,NH 66,Tamil Nadu,KANNIYAKUMARI,629.0,8.092597,77.549229,1,https://www.openstreetmap.org
KANNIYAKUMARI Toll Plaza,national_highway,NH 944,Tamil Nadu,KANNIYAKUMARI,629.0,8.206212,77.460399,2,https://www.openstreetmap.org
KARUR Toll Plaza,national_highway,NH 81,Tamil Nadu,KARUR,613.0,10.931717,78.218388,2,https://www.openstreetmap.org
KARUR Toll Plaza,national_highway,NH 44,Tamil Nadu,KARUR,613.0,10.699017,77.932901,2,https://www.openstreetmap.org
KRISHNAGIRI Toll Plaza,highway_toll,NH 948,Tamil Nadu,KRISHNAGIRI,631.0,12.508633,77.639078,1,https://www.openstreetmap.org
Krishnagiri,national_highway,NH 44,Tamil Nadu,KRISHNAGIRI,631.0,12.544579,78.201199,2,https://www.openstreetmap.org
Nagampatti Toll Plaza,national_highway,NH 77,Tamil Nadu,KRISHNAGIRI,631.0,12.401055,78.392162,1,https://www.openstreetmap.org
MADURAI Toll Plaza,national_highway,NH 38,Tamil Nadu,MADURAI,623.0,9.824791,78.089732,2,https://www.openstreetmap.org
MADURAI Toll Plaza,national_highway,NH 38,Tamil Nadu,MADURAI,623.0,9.989633,78.244088,2,https://www.openstreetmap.org
MADURAI Toll Plaza,national_highway,NH 38,Tamil Nadu,MADURAI,623.0,9.783018,78.09454,2,https://www.openstreetmap.org
MADURAI Toll Plaza,national_highway,NH 44,Tamil Nadu,MADURAI,623.0,9.844262,78.011194,2,https://www.openstreetmap.org
MADURAI Toll Plaza,national_highway,NH 85,Tamil Nadu,MADURAI,623.0,9.93894,77.953707,2,https://www.openstreetmap.org
MADURAI Toll Plaza,highway_toll,NH 38,Tamil Nadu,MADURAI,623.0,9.945702,78.164643,2,https://www.openstreetmap.org
MADURAI Toll Plaza,national_highway,NH 85,Tamil Nadu,MADURAI,623.0,9.91973,78.111339,1,https://www.openstreetmap.org
Madurai Toll,highway_toll,NH 85,Tamil Nadu,MADURAI,623.0,9.881174,78.138524,2,https://www.openstreetmap.org
Vandiyur Toll Plaza,national_highway,NH 38,Tamil Nadu,MADURAI,623.0,9.922222,78.169747,3,https://www.openstreetmap.org
Keerampur Tollgate,national_highway,NH 44,Tamil Nadu,NAMAKKAL,609.0,11.193872,78.103135,2,https://www.openstreetmap.org
PERAMBALUR Toll Plaza,national_highway,NH 38,Tamil Nadu,PERAMBALUR,615.0,11.396831,78.993533,2,https://www.openstreetmap.org
PUDUKKOTTAI Toll Plaza,national_highway,NH 36,Tamil Nadu,PUDUKKOTTAI,621.0,10.299616,78.770694,1,https://www.openstreetmap.org
PUDUKKOTTAI Toll Plaza,national_highway,NH 38,Tamil Nadu,PUDUKKOTTAI,621.0,10.641281,78.581359,4,https://www.openstreetmap.org
PUDUKKOTTAI Toll Plaza,national_highway,NH 336,Tamil Nadu,PUDUKKOTTAI,621.0,10.624154,78.74761,1,https://www.openstreetmap.org
PUDUKKOTTAI Toll Plaza,national_highway,NH 36,Tamil Nadu,PUDUKKOTTAI,621.0,10.612459,79.030673,1,https://www.openstreetmap.org
RANIPET Toll Plaza,highway_toll,NH 48,Tamil Nadu,RANIPET,750.0,13.007622,79.488241,2,https://www.openstreetmap.org
Walajapet Toll,national_highway,NH 48,Tamil Nadu,RANIPET,750.0,12.910957,79.401136,2,https://www.openstreetmap.org
Omalur Toll Gate,national_highway,NH 44,Tamil Nadu,SALEM,608.0,11.720052,78.073417,13,https://www.openstreetmap.org
SALEM Toll Plaza,national_highway,NH 79,Tamil Nadu,SALEM,608.0,11.592579,78.780831,2,https://www.openstreetmap.org
SALEM Toll Plaza,national_highway,NH 79,Tamil Nadu,SALEM,608.0,11.66172,78.3307,3,https://www.openstreetmap.org
Vaikundam Toll Gate,national_highway,NH 544,Tamil Nadu,SALEM,608.0,11.513448,77.923806,3,https://www.openstreetmap.org
SIVAGANGA Toll Plaza,national_highway,NH 36,Tamil Nadu,SIVAGANGA,622.0,10.15864,78.651178,1,https://www.openstreetmap.org
SIVAGANGA Toll Plaza,national_highway,NH 87,Tamil Nadu,SIVAGANGA,622.0,9.780762,78.335265,2,https://www.openstreetmap.org
SIVAGANGA Toll Plaza,national_highway,NH 536,Tamil Nadu,SIVAGANGA,622.0,9.887994,78.847832,1,https://www.openstreetmap.org
THENI Toll Plaza,national_highway,NH 183,Tamil Nadu,THENI,624.0,9.942586,77.419641,3,https://www.openstreetmap.org
THOOTHUKUDI Toll Plaza,national_highway,NH 44,Tamil Nadu,THOOTHUKUDI,627.0,8.975668,77.774642,2,https://www.openstreetmap.org
THOOTHUKUDI Toll Plaza,national_highway,NH 38,Tamil Nadu,THOOTHUKUDI,627.0,8.862833,78.117134,2,https://www.openstreetmap.org
THOOTHUKUDI Toll Plaza,national_highway,NH 38,Tamil Nadu,THOOTHUKUDI,627.0,8.757589,78.159563,2,https://www.openstreetmap.org
THOOTHUKUDI Toll Plaza,national_highway,NH 138,Tamil Nadu,THOOTHUKUDI,627.0,8.755503,78.065214,1,https://www.openstreetmap.org
THOOTHUKUDI Toll Plaza,national_highway,NH 138,Tamil Nadu,THOOTHUKUDI,627.0,8.736552,78.023942,2,https://www.openstreetmap.org
TIRUCHIRAPPALLI Toll Plaza,national_highway,NH 83,Tamil Nadu,TIRUCHIRAPPALLI,614.0,10.744426,78.834048,3,https://www.openstreetmap.org
TIRUCHIRAPPALLI Toll Plaza,national_highway,NH 38,Tamil Nadu,TIRUCHIRAPPALLI,614.0,10.929314,78.744075,2,https://www.openstreetmap.org
TIRUCHIRAPPALLI Toll Plaza,national_highway,NH 83,Tamil Nadu,TIRUCHIRAPPALLI,614.0,10.739085,78.825008,2,https://www.openstreetmap.org
TIRUCHIRAPPALLI Toll Plaza,national_highway,NH 81,Tamil Nadu,TIRUCHIRAPPALLI,614.0,10.997259,78.966762,2,https://www.openstreetmap.org
TIRUCHIRAPPALLI Toll Plaza,national_highway,NH 81,Tamil Nadu,TIRUCHIRAPPALLI,614.0,10.885723,78.557853,2,https://www.openstreetmap.org
Toll_booth Trichy -Dindigul Highway,national_highway,NH 83,Tamil Nadu,TIRUCHIRAPPALLI,614.0,10.536389,78.257035,2,https://www.openstreetmap.org
TIRUNELVELI Toll Plaza,national_highway,NH 44,Tamil Nadu,TIRUNELVELI,628.0,8.526972,77.663274,2,https://www.openstreetmap.org
TIRUPATHUR Toll Plaza,national_highway,NH 48,Tamil Nadu,TIRUPATHUR,751.0,12.648582,78.583361,2,https://www.openstreetmap.org
TIRUPATHUR Toll Plaza,highway_toll,NH 179A,Tamil Nadu,TIRUPATHUR,751.0,12.59382,78.609256,1,https://www.openstreetmap.org
TIRUPPUR Toll Plaza,national_highway,NH 81,Tamil Nadu,TIRUPPUR,633.0,10.977234,77.347747,1,https://www.openstreetmap.org
TIRUPPUR Toll Plaza,national_highway,NH 381,Tamil Nadu,TIRUPPUR,633.0,10.809611,77.484131,2,https://www.openstreetmap.org
TIRUPPUR Toll Plaza,national_highway,NH 81,Tamil Nadu,TIRUPPUR,633.0,10.977616,77.345887,1,https://www.openstreetmap.org
TIRUPPUR Toll Plaza,national_highway,NH 381,Tamil Nadu,TIRUPPUR,633.0,10.993476,77.418098,2,https://www.openstreetmap.org
Chinnamullavoyal Toll Plaza,highway_toll,NH 16,Tamil Nadu,TIRUVALLUR,602.0,13.254103,80.239757,1,https://www.openstreetmap.org
Kolappancheri Toll Plaza,highway_toll,NH 48,Tamil Nadu,TIRUVALLUR,602.0,13.06564,80.074384,1,https://www.openstreetmap.org
Palavedu Toll Plaza,highway_toll,NH 716,Tamil Nadu,TIRUVALLUR,602.0,13.140114,80.053101,1,https://www.openstreetmap.org
RTO checkpost,national_highway,NH 16,Tamil Nadu,TIRUVALLUR,602.0,13.484266,80.103499,1,https://www.openstreetmap.org
RTO checkpost,national_highway,NH 16,Tamil Nadu,TIRUVALLUR,602.0,13.484675,80.101428,1,https://www.openstreetmap.org
TIRUVALLUR Toll Plaza,highway_toll,NH 48,Tamil Nadu,TIRUVALLUR,602.0,13.043557,80.149628,7,https://www.openstreetmap.org
TIRUVALLUR Toll Plaza,national_highway,NH 716,Tamil Nadu,TIRUVALLUR,602.0,13.150727,79.834697,1,https://www.openstreetmap.org
TIRUVALLUR Toll Plaza,national_highway,NH 16,Tamil Nadu,TIRUVALLUR,602.0,13.217576,80.169107,2,https://www.openstreetmap.org
TIRUVALLUR Toll Plaza,highway_toll,NH 16,Tamil Nadu,TIRUVALLUR,602.0,13.291314,80.19679,2,https://www.openstreetmap.org
Kariyamangalam Toll Plaza,national_highway,NH 77,Tamil Nadu,TIRUVANNAMALAI,606.0,12.288251,78.828471,1,https://www.openstreetmap.org
VELLORE Toll Plaza,national_highway,NH 48,Tamil Nadu,VELLORE,605.0,12.905746,78.951707,2,https://www.openstreetmap.org
VELLORE Toll Plaza,national_highway,NH 75,Tamil Nadu,VELLORE,605.0,12.957948,79.004843,2,https://www.openstreetmap.org
Nangilikondan Toll Plaza,national_highway,NH 77,Tamil Nadu,VILUPPURAM,607.0,12.253579,79.466462,1,https://www.openstreetmap.org
VILUPPURAM Toll Plaza,national_highway,NH 32,Tamil Nadu,VILUPPURAM,607.0,11.983198,79.788364,3,https://www.openstreetmap.org
VILUPPURAM Toll Plaza,highway_toll,NH 32,Tamil Nadu,VILUPPURAM,607.0,12.001171,79.800637,1,https://www.openstreetmap.org
VILUPPURAM Toll Plaza,national_highway,NH 38,Tamil Nadu,VILUPPURAM,607.0,11.989279,79.474997,2,https://www.openstreetmap.org
Vikravandi Toll Plaza,national_highway,NH 132,Tamil Nadu,VILUPPURAM,607.0,12.024413,79.538001,2,https://www.openstreetmap.org
VIRUDHUNAGAR Toll Plaza,national_highway,NH 44,Tamil Nadu,VIRUDHUNAGAR,625.0,9.38528,77.914323,2,https://www.openstreetmap.org
Pippalwada,national_highway,NH 44,Telangana,ADILABAD,532.0,19.780954,78.565723,2,https://www.openstreetmap.org
Rolmamda,national_highway,NH 44,Telangana,ADILABAD,532.0,19.280061,78.40936,3,https://www.openstreetmap.org
HANUMAKONDA Toll Plaza,national_highway,NH 163,Telangana,HANUMAKONDA,731.0,18.021748,79.499844,2,https://www.openstreetmap.org
HYDERABAD Toll Plaza,highway_toll,NH 163,Telangana,HYDERABAD,536.0,17.415438,78.414323,1,https://www.openstreetmap.org
Octroi Gate,national_highway,NH 44,Telangana,HYDERABAD,536.0,17.451785,78.485896,1,https://www.openstreetmap.org
JANGAON Toll Plaza,national_highway,NH 163,Telangana,JANGAON,737.0,17.77742,79.283587,2,https://www.openstreetmap.org
Pullur,national_highway,NH 44,Telangana,JOGULAMBA GADWAL,744.0,15.887738,78.017023,2,https://www.openstreetmap.org
KAMAREDDY Toll Plaza,national_highway,NH 161,Telangana,KAMAREDDY,719.0,18.265511,77.787215,2,https://www.openstreetmap.org
KHAMMAM Toll Plaza,national_highway,NH 30,Telangana,KHAMMAM,541.0,17.149399,80.63023,2,https://www.openstreetmap.org
KHAMMAM Toll Plaza,national_highway,NH 30,Telangana,KHAMMAM,541.0,17.149789,80.628082,2,https://www.openstreetmap.org
Shakhapur,national_highway,NH 44,Telangana,MAHBUBNAGAR,538.0,16.535637,77.944671,2,https://www.openstreetmap.org
MANCHERIAL Toll Plaza,national_highway,NH 63,Telangana,MANCHERIAL,697.0,18.843116,79.77297,1,https://www.openstreetmap.org
Manoharabad,national_highway,NH 44,Telangana,MEDAK,535.0,17.801149,78.47167,2,https://www.openstreetmap.org
MEDCHAL-MALKAJGIRI Toll Plaza,highway_toll,NH 44,Telangana,MEDCHAL-MALKAJGIRI,749.0,17.57647,78.571664,2,https://www.openstreetmap.org
MEDCHAL-MALKAJGIRI Toll Plaza,national_highway,NH 163,Telangana,MEDCHAL-MALKAJGIRI,749.0,17.441834,78.666621,2,https://www.openstreetmap.org
MEDCHAL-MALKAJGIRI Toll Plaza,highway_toll,NH 163,Telangana,MEDCHAL-MALKAJGIRI,749.0,17.514531,78.647991,2,https://www.openstreetmap.org
MEDCHAL-MALKAJGIRI Toll Plaza,highway_toll,NH 163,Telangana,MEDCHAL-MALKAJGIRI,749.0,17.516531,78.646939,2,https://www.openstreetmap.org
MEDCHAL-MALKAJGIRI Toll Plaza,national_highway,NH 765D,Telangana,MEDCHAL-MALKAJGIRI,749.0,17.594649,78.407792,2,https://www.openstreetmap.org
MEDCHAL-MALKAJGIRI Toll Plaza,national_highway,NH 44,Telangana,MEDCHAL-MALKAJGIRI,749.0,17.597915,78.49092,2,https://www.openstreetmap.org
MEDCHAL-MALKAJGIRI Toll Plaza,highway_toll,NH 765D,Telangana,MEDCHAL-MALKAJGIRI,749.0,17.561283,78.364014,1,https://www.openstreetmap.org
MEDCHAL-MALKAJGIRI Toll Plaza,highway_toll,NH 765D,Telangana,MEDCHAL-MALKAJGIRI,749.0,17.561746,78.366114,1,https://www.openstreetmap.org
MEDCHAL-MALKAJGIRI Toll Plaza,highway_toll,NH 765D,Telangana,MEDCHAL-MALKAJGIRI,749.0,17.561232,78.368637,2,https://www.openstreetmap.org
NAGARKURNOOL Toll Plaza,national_highway,NH 765,Telangana,NAGARKURNOOL,743.0,16.61206,78.675909,1,https://www.openstreetmap.org
Korlapadu Plaza,national_highway,NH 65,Telangana,NALGONDA,539.0,17.159643,79.474897,8,https://www.openstreetmap.org
Madugulapally Toll Plaza,highway_toll,NH 167,Telangana,NALGONDA,539.0,16.979403,79.453618,3,https://www.openstreetmap.org
NALGONDA Toll Plaza,national_highway,NH 167,Telangana,NALGONDA,539.0,16.871377,79.638994,1,https://www.openstreetmap.org
Gamjal,national_highway,NH 44,Telangana,NIRMAL,700.0,19.026592,78.362718,2,https://www.openstreetmap.org
NIRMAL Toll Plaza,national_highway,NH 61,Telangana,NIRMAL,700.0,19.104459,78.024986,1,https://www.openstreetmap.org
NIRMAL Toll Plaza,national_highway,NH 61,Telangana,NIRMAL,700.0,19.098977,78.213416,1,https://www.openstreetmap.org
Indalwai,national_highway,NH 44,Telangana,NIZAMABAD,533.0,18.538283,78.239795,2,https://www.openstreetmap.org
ORR Toll Plaza Entry,highway_toll,NH 163,Telangana,RANGA REDDY,537.0,17.407492,78.353993,2,https://www.openstreetmap.org
RANGA REDDY Toll Plaza,national_highway,NH 65,Telangana,RANGA REDDY,537.0,17.319794,78.656027,3,https://www.openstreetmap.org
RANGA REDDY Toll Plaza,highway_toll,NH 65,Telangana,RANGA REDDY,537.0,17.2379,78.584142,2,https://www.openstreetmap.org
RANGA REDDY Toll Plaza,highway_toll,NH 765,Telangana,RANGA REDDY,537.0,17.212831,78.530858,2,https://www.openstreetmap.org
RANGA REDDY Toll Plaza,highway_toll,NH 765,Telangana,RANGA REDDY,537.0,17.211512,78.524903,2,https://www.openstreetmap.org
RANGA REDDY Toll Plaza,national_highway,NH 765,Telangana,RANGA REDDY,537.0,17.203856,78.477807,2,https://www.openstreetmap.org
RANGA REDDY Toll Plaza,national_highway,NH 765,Telangana,RANGA REDDY,537.0,17.203898,78.47454,2,https://www.openstreetmap.org
RANGA REDDY Toll Plaza,national_highway,NH 44,Telangana,RANGA REDDY,537.0,17.249171,78.37499,2,https://www.openstreetmap.org
RANGA REDDY Toll Plaza,national_highway,NH 163,Telangana,RANGA REDDY,537.0,17.348358,78.359532,1,https://www.openstreetmap.org
RANGA REDDY Toll Plaza,national_highway,NH 163,Telangana,RANGA REDDY,537.0,17.349896,78.361024,2,https://www.openstreetmap.org
RANGA REDDY Toll Plaza,national_highway,NH 163,Telangana,RANGA REDDY,537.0,17.350322,78.359175,1,https://www.openstreetmap.org
RANGA REDDY Toll Plaza,highway_toll,NH 163,Telangana,RANGA REDDY,537.0,17.323646,78.375342,2,https://www.openstreetmap.org
RANGA REDDY Toll Plaza,highway_toll,NH 44,Telangana,RANGA REDDY,537.0,17.239067,78.426454,5,https://www.openstreetmap.org
RANGA REDDY Toll Plaza,highway_toll,NH 44,Telangana,RANGA REDDY,537.0,17.203476,78.399635,2,https://www.openstreetmap.org
RANGA REDDY Toll Plaza,highway_toll,NH 44,Telangana,RANGA REDDY,537.0,17.203567,78.397777,2,https://www.openstreetmap.org
RANGA REDDY Toll Plaza,highway_toll,NH 163,Telangana,RANGA REDDY,537.0,17.406732,78.331104,2,https://www.openstreetmap.org
RANGA REDDY Toll Plaza,highway_toll,NH 163,Telangana,RANGA REDDY,537.0,17.407759,78.329082,2,https://www.openstreetmap.org
RANGA REDDY Toll Plaza,highway_toll,NH 65,Telangana,RANGA REDDY,537.0,17.371599,78.681394,2,https://www.openstreetmap.org
RANGA REDDY Toll Plaza,highway_toll,NH 65,Telangana,RANGA REDDY,537.0,17.374242,78.681895,2,https://www.openstreetmap.org
RANGA REDDY Toll Plaza,highway_toll,NH 44,Telangana,RANGA REDDY,537.0,17.307598,78.377944,1,https://www.openstreetmap.org
RANGA REDDY Toll Plaza,highway_toll,NH 44,Telangana,RANGA REDDY,537.0,17.305661,78.37774,1,https://www.openstreetmap.org
RANGA REDDY Toll Plaza,highway_toll,NH 163,Telangana,RANGA REDDY,537.0,17.382026,78.350276,2,https://www.openstreetmap.org
RANGA REDDY Toll Plaza,highway_toll,NH 163,Telangana,RANGA REDDY,537.0,17.407229,78.315503,2,https://www.openstreetmap.org
RANGA REDDY Toll Plaza,highway_toll,NH 765,Telangana,RANGA REDDY,537.0,17.241827,78.430609,4,https://www.openstreetmap.org
Raikal,national_highway,NH 44,Telangana,RANGA REDDY,537.0,17.006519,78.194633,2,https://www.openstreetmap.org
Toll Booth RGI ORR Exit,national_highway,NH 44,Telangana,RANGA REDDY,537.0,17.253559,78.379532,3,https://www.openstreetmap.org
SANGAREDDY Toll Plaza,national_highway,NH 65,Telangana,SANGAREDDY,740.0,17.537626,78.234492,4,https://www.openstreetmap.org
SANGAREDDY Toll Plaza,highway_toll,NH 65,Telangana,SANGAREDDY,740.0,17.46216,78.249789,2,https://www.openstreetmap.org
SANGAREDDY Toll Plaza,highway_toll,NH 65,Telangana,SANGAREDDY,740.0,17.464182,78.249477,2,https://www.openstreetmap.org
SANGAREDDY Toll Plaza,national_highway,NH 65,Telangana,SANGAREDDY,740.0,17.523513,78.273353,1,https://www.openstreetmap.org
SANGAREDDY Toll Plaza,highway_toll,NH 65,Telangana,SANGAREDDY,740.0,17.557617,78.314468,1,https://www.openstreetmap.org
SANGAREDDY Toll Plaza,highway_toll,NH 65,Telangana,SANGAREDDY,740.0,17.55793,78.316014,1,https://www.openstreetmap.org
SANGAREDDY Toll Plaza,highway_toll,NH 65,Telangana,SANGAREDDY,740.0,17.558383,78.311152,2,https://www.openstreetmap.org
SANGAREDDY Toll Plaza,national_highway,NH 65,Telangana,SANGAREDDY,740.0,17.64565,77.820119,1,https://www.openstreetmap.org
SIDDIPET Toll Plaza,national_highway,NH 365B,Telangana,SIDDIPET,741.0,18.00026,78.887515,2,https://www.openstreetmap.org
SURYAPET Toll Plaza,national_highway,NH 365,Telangana,SURYAPET,745.0,17.406443,79.642129,1,https://www.openstreetmap.org
SURYAPET Toll Plaza,highway_toll,NH 65,Telangana,SURYAPET,745.0,17.192049,79.871388,2,https://www.openstreetmap.org
Panthangi Toll Plaza,national_highway,NH 65,Telangana,YADADRI BHUVANAGIRI,746.0,17.23268,78.960445,1,https://www.openstreetmap.org
YADADRI BHUVANAGIRI Toll Plaza,national_highway,NH 163,Telangana,YADADRI BHUVANAGIRI,746.0,17.485707,78.821297,10,https://www.openstreetmap.org
AGRA Toll Plaza,highway_toll,NH 509,Uttar Pradesh,AGRA,146.0,27.303129,78.003897,3,https://www.openstreetmap.org
AGRA Toll Plaza,highway_toll,NH 19,Uttar Pradesh,AGRA,146.0,27.053681,78.277285,2,https://www.openstreetmap.org
AGRA Toll Plaza,national_highway,NH 44,Uttar Pradesh,AGRA,146.0,27.164117,77.815222,2,https://www.openstreetmap.org
Jajau (Old Baretha),national_highway,NH 44,Uttar Pradesh,AGRA,146.0,26.932468,77.93354,2,https://www.openstreetmap.org
Korai Toll Plaza,national_highway,NH 21,Uttar Pradesh,AGRA,146.0,27.114921,77.715913,2,https://www.openstreetmap.org
Rahanka Toll,highway_toll,NH 19,Uttar Pradesh,AGRA,146.0,27.202217,78.114614,2,https://www.openstreetmap.org
Raibha,national_highway,NH 44,Uttar Pradesh,AGRA,146.0,27.177608,77.811282,1,https://www.openstreetmap.org
ALIGARH Toll Plaza,national_highway,NH 34,Uttar Pradesh,ALIGARH,143.0,27.791694,78.286347,2,https://www.openstreetmap.org
Madrak,national_highway,NH 509,Uttar Pradesh,ALIGARH,143.0,27.804033,78.087012,1,https://www.openstreetmap.org
Somna,national_highway,NH 34,Uttar Pradesh,ALIGARH,143.0,28.062759,77.94598,2,https://www.openstreetmap.org
AMETHI Toll Plaza,highway_toll,NH 731,Uttar Pradesh,AMETHI,661.0,26.570194,81.559512,1,https://www.openstreetmap.org
AMETHI Toll Plaza,highway_toll,NH 731,Uttar Pradesh,AMETHI,661.0,26.572725,81.558503,1,https://www.openstreetmap.org
AMETHI Toll Plaza,highway_toll,NH 731,Uttar Pradesh,AMETHI,661.0,26.571472,81.560557,1,https://www.openstreetmap.org
AMETHI Toll Plaza,highway_toll,NH 731,Uttar Pradesh,AMETHI,661.0,26.571426,81.557281,1,https://www.openstreetmap.org
AMETHI Toll Plaza,national_highway,NH 128,Uttar Pradesh,AMETHI,661.0,26.245778,81.593895,1,https://www.openstreetmap.org
Joya,national_highway,NH 9,Uttar Pradesh,AMROHA,137.0,28.836286,78.420622,2,https://www.openstreetmap.org
Anantram,national_highway,NH 19,Uttar Pradesh,AURAIYA,162.0,26.594888,79.268134,2,https://www.openstreetmap.org
Ronahi,national_highway,NH 27,Uttar Pradesh,AYODHYA,177.0,26.767902,81.949564,2,https://www.openstreetmap.org
AZAMGARH Toll Plaza,national_highway,NH 28,Uttar Pradesh,AZAMGARH,191.0,25.978948,83.056662,2,https://www.openstreetmap.org
AZAMGARH Toll Plaza,national_highway,NH 28,Uttar Pradesh,AZAMGARH,191.0,26.368265,82.886709,2,https://www.openstreetmap.org
BAGHPAT Toll Plaza,national_highway,NH 709B,Uttar Pradesh,BAGHPAT,139.0,29.165086,77.276189,2,https://www.openstreetmap.org
BAGHPAT Toll Plaza,expressway_toll,NH 344G,Uttar Pradesh,BAGHPAT,139.0,28.90799,77.252148,2,https://www.openstreetmap.org
BAGHPAT Toll Plaza,expressway_toll,NH 709B,Uttar Pradesh,BAGHPAT,139.0,28.877157,77.247673,2,https://www.openstreetmap.org
BAGHPAT Toll Plaza,expressway_toll,NH 709B,Uttar Pradesh,BAGHPAT,139.0,28.876517,77.251217,2,https://www.openstreetmap.org
BAHRAICH Toll Plaza,national_highway,NH 730,Uttar Pradesh,BAHRAICH,180.0,27.579042,81.633415,1,https://www.openstreetmap.org
BAHRAICH Toll Plaza,national_highway,NH 730,Uttar Pradesh,BAHRAICH,180.0,27.580383,81.632734,1,https://www.openstreetmap.org
BALLIA Toll Plaza,national_highway,NH 31,Uttar Pradesh,BALLIA,193.0,25.812684,84.575694,2,https://www.openstreetmap.org
BANDA Toll Plaza,highway_toll,NH 35,Uttar Pradesh,BANDA,170.0,25.498928,80.248101,1,https://www.openstreetmap.org
Ahmadpur,national_highway,NH 27,Uttar Pradesh,BARA BANKI,176.0,26.85837,81.422472,2,https://www.openstreetmap.org
BARA BANKI Toll Plaza,national_highway,NH 731,Uttar Pradesh,BARA BANKI,176.0,26.629521,81.333017,2,https://www.openstreetmap.org
BAREILLY Toll Plaza,highway_toll,NH 530,Uttar Pradesh,BAREILLY,150.0,28.454281,79.437757,2,https://www.openstreetmap.org
BAREILLY Toll Plaza,national_highway,NH 30,Uttar Pradesh,BAREILLY,150.0,28.234662,79.524005,2,https://www.openstreetmap.org
Triyakhetal,national_highway,NH 530,Uttar Pradesh,BAREILLY,150.0,28.480298,79.283788,2,https://www.openstreetmap.org
Chaukadi,national_highway,NH 27,Uttar Pradesh,BASTI,185.0,26.781321,82.417048,2,https://www.openstreetmap.org
Mandawnagar,national_highway,NH 27,Uttar Pradesh,BASTI,185.0,26.81071,82.731424,2,https://www.openstreetmap.org
Lalanagar,national_highway,NH 19,Uttar Pradesh,BHADOHI,198.0,25.26816,82.485859,2,https://www.openstreetmap.org
Lalanagar,national_highway,NH 19,Uttar Pradesh,BHADOHI,198.0,25.267476,82.488949,2,https://www.openstreetmap.org
BIJNOR Toll Plaza,national_highway,NH 734,Uttar Pradesh,BIJNOR,134.0,29.407492,78.446583,2,https://www.openstreetmap.org
BULANDSHAHR Toll Plaza,national_highway,NH 509,Uttar Pradesh,BULANDSHAHR,142.0,28.186122,78.36323,1,https://www.openstreetmap.org
DEORIA Toll Plaza,national_highway,NH 27,Uttar Pradesh,DEORIA,190.0,26.733798,83.808595,2,https://www.openstreetmap.org
ETAWAH Toll Plaza,highway_toll,NH 234,Uttar Pradesh,ETAWAH,161.0,26.949499,79.078494,2,https://www.openstreetmap.org
ETAWAH Toll Plaza,highway_toll,NH 234,Uttar Pradesh,ETAWAH,161.0,26.9502,79.076394,2,https://www.openstreetmap.org
FATEHPUR Toll Plaza,national_highway,NH 19,Uttar Pradesh,FATEHPUR,172.0,25.749392,81.170725,2,https://www.openstreetmap.org
Gurau (Semra Atikabad),national_highway,NH 19,Uttar Pradesh,FIROZABAD,147.0,26.99651,78.777353,2,https://www.openstreetmap.org
Tundla,national_highway,NH 19,Uttar Pradesh,FIROZABAD,147.0,27.218296,78.272353,2,https://www.openstreetmap.org
GAUTAM BUDDHA NAGAR Toll Plaza,highway_toll,NH 334D,Uttar Pradesh,GAUTAM BUDDHA NAGAR,141.0,28.141224,77.571441,1,https://www.openstreetmap.org
GAUTAM BUDDHA NAGAR Toll Plaza,highway_toll,NH 34;334C,Uttar Pradesh,GAUTAM BUDDHA NAGAR,141.0,28.319363,77.552725,1,https://www.openstreetmap.org
GAUTAM BUDDHA NAGAR Toll Plaza,national_highway,NH 34;334C,Uttar Pradesh,GAUTAM BUDDHA NAGAR,141.0,28.5163,77.598374,2,https://www.openstreetmap.org
GAUTAM BUDDHA NAGAR Toll Plaza,highway_toll,NH 34;334C,Uttar Pradesh,GAUTAM BUDDHA NAGAR,141.0,28.437032,77.585886,1,https://www.openstreetmap.org
GAUTAM BUDDHA NAGAR Toll Plaza,highway_toll,NH 34;334C,Uttar Pradesh,GAUTAM BUDDHA NAGAR,141.0,28.43946,77.587792,1,https://www.openstreetmap.org
GAUTAM BUDDHA NAGAR Toll Plaza,highway_toll,NH 34;334C,Uttar Pradesh,GAUTAM BUDDHA NAGAR,141.0,28.437637,77.588684,1,https://www.openstreetmap.org
GAUTAM BUDDHA NAGAR Toll Plaza,highway_toll,NH 34;334C,Uttar Pradesh,GAUTAM BUDDHA NAGAR,141.0,28.435189,77.586507,1,https://www.openstreetmap.org
GAUTAM BUDDHA NAGAR Toll Plaza,highway_toll,NH 34;334C,Uttar Pradesh,GAUTAM BUDDHA NAGAR,141.0,28.321135,77.551361,1,https://www.openstreetmap.org
GAUTAM BUDDHA NAGAR Toll Plaza,national_highway,NH 34;334C,Uttar Pradesh,GAUTAM BUDDHA NAGAR,141.0,28.52301,77.596093,2,https://www.openstreetmap.org
GAUTAM BUDDHA NAGAR Toll Plaza,national_highway,NH 34;334C,Uttar Pradesh,GAUTAM BUDDHA NAGAR,141.0,28.51901,77.594044,2,https://www.openstreetmap.org
GAUTAM BUDDHA NAGAR Toll Plaza,national_highway,NH 34;334C,Uttar Pradesh,GAUTAM BUDDHA NAGAR,141.0,28.52037,77.600517,2,https://www.openstreetmap.org
Jewar Toll Plaza,highway_toll,NH 334D,Uttar Pradesh,GAUTAM BUDDHA NAGAR,141.0,28.114454,77.575089,4,https://www.openstreetmap.org
Luharali,national_highway,NH 34;334C,Uttar Pradesh,GAUTAM BUDDHA NAGAR,141.0,28.499223,77.627233,2,https://www.openstreetmap.org
Yamuna Expressway,highway_toll,NH 334D,Uttar Pradesh,GAUTAM BUDDHA NAGAR,141.0,28.14137,77.574551,1,https://www.openstreetmap.org
GHAZIABAD Toll Plaza,national_highway,NH 9,Uttar Pradesh,GHAZIABAD,140.0,28.686676,77.526333,1,https://www.openstreetmap.org
GHAZIABAD Toll Plaza,national_highway,NH 9,Uttar Pradesh,GHAZIABAD,140.0,28.686881,77.529157,1,https://www.openstreetmap.org
GHAZIABAD Toll Plaza,national_highway,NH 9,Uttar Pradesh,GHAZIABAD,140.0,28.687134,77.534951,4,https://www.openstreetmap.org
GHAZIABAD Toll Plaza,highway_toll,NH 9,Uttar Pradesh,GHAZIABAD,140.0,28.703234,77.52327,2,https://www.openstreetmap.org
GHAZIABAD Toll Plaza,highway_toll,NH 9,Uttar Pradesh,GHAZIABAD,140.0,28.705455,77.52018,1,https://www.openstreetmap.org
GHAZIABAD Toll Plaza,highway_toll,NH 9,Uttar Pradesh,GHAZIABAD,140.0,28.707539,77.5178,2,https://www.openstreetmap.org
GHAZIABAD Toll Plaza,highway_toll,NH 34,Uttar Pradesh,GHAZIABAD,140.0,28.799017,77.617967,2,https://www.openstreetmap.org
GHAZIABAD Toll Plaza,highway_toll,NH 34,Uttar Pradesh,GHAZIABAD,140.0,28.800985,77.620317,2,https://www.openstreetmap.org
GHAZIABAD Toll Plaza,national_highway,NH 9,Uttar Pradesh,GHAZIABAD,140.0,28.685064,77.528588,3,https://www.openstreetmap.org
GHAZIABAD Toll Plaza,national_highway,NH 9,Uttar Pradesh,GHAZIABAD,140.0,28.676235,77.324708,1,https://www.openstreetmap.org
GHAZIABAD Toll Plaza,expressway_toll,NH 709B,Uttar Pradesh,GHAZIABAD,140.0,28.754014,77.268944,1,https://www.openstreetmap.org
GHAZIABAD Toll Plaza,expressway_toll,NH 709B,Uttar Pradesh,GHAZIABAD,140.0,28.751264,77.267359,1,https://www.openstreetmap.org
GHAZIPUR Toll Plaza,highway_toll,NH 31,Uttar Pradesh,GHAZIPUR,195.0,25.639684,83.840443,2,https://www.openstreetmap.org
GHAZIPUR Toll Plaza,national_highway,NH 24,Uttar Pradesh,GHAZIPUR,195.0,25.833865,83.563948,2,https://www.openstreetmap.org
GHAZIPUR Toll Plaza,national_highway,NH 24,Uttar Pradesh,GHAZIPUR,195.0,25.68604,83.546407,2,https://www.openstreetmap.org
GORAKHPUR Toll Plaza,national_highway,NH 24,Uttar Pradesh,GORAKHPUR,188.0,26.908226,83.301918,2,https://www.openstreetmap.org
GORAKHPUR Toll Plaza,national_highway,NH 24,Uttar Pradesh,GORAKHPUR,188.0,26.821805,83.29385,2,https://www.openstreetmap.org
Tendua (Gorakhpur Bypass),national_highway,NH 27,Uttar Pradesh,GORAKHPUR,188.0,26.724052,83.27444,2,https://www.openstreetmap.org
Brijghat,national_highway,NH 9,Uttar Pradesh,HAPUR,665.0,28.767849,78.108228,2,https://www.openstreetmap.org
HAPUR Toll Plaza,national_highway,NH 9,Uttar Pradesh,HAPUR,665.0,28.767233,78.110037,1,https://www.openstreetmap.org
HAPUR Toll Plaza,national_highway,NH 9,Uttar Pradesh,HAPUR,665.0,28.766559,78.111444,1,https://www.openstreetmap.org
Hapur Toll Plaza,national_highway,NH 9,Uttar Pradesh,HAPUR,665.0,28.70173,77.620958,3,https://www.openstreetmap.org
Semri,national_highway,NH 27,Uttar Pradesh,JALAUN,165.0,25.879972,79.210369,2,https://www.openstreetmap.org
Usaka ( Chamari),national_highway,NH 27,Uttar Pradesh,JALAUN,165.0,26.036644,79.577984,2,https://www.openstreetmap.org
JAUNPUR Toll Plaza,national_highway,NH 31,Uttar Pradesh,JAUNPUR,194.0,25.672905,82.315891,1,https://www.openstreetmap.org
Babina,national_highway,NH 44,Uttar Pradesh,JHANSI,166.0,25.216924,78.464511,2,https://www.openstreetmap.org
JHANSI Toll Plaza,national_highway,NH 27,Uttar Pradesh,JHANSI,166.0,25.636758,78.875112,2,https://www.openstreetmap.org
Raksha,national_highway,NH 27,Uttar Pradesh,JHANSI,166.0,25.461774,78.451187,2,https://www.openstreetmap.org
Barajod (Bara),national_highway,NH 19;27,Uttar Pradesh,KANPUR DEHAT,163.0,26.38534,80.019038,2,https://www.openstreetmap.org
KANPUR NAGAR Toll Plaza,national_highway,NH 34,Uttar Pradesh,KANPUR NAGAR,164.0,26.069768,80.163071,1,https://www.openstreetmap.org
Khokhraj/Sirohi,expressway_toll,NH 19,Uttar Pradesh,KAUSHAMBI,174.0,25.576146,81.529608,2,https://www.openstreetmap.org
KHERI Toll Plaza,national_highway,NH 30,Uttar Pradesh,KHERI,153.0,27.739214,80.296265,2,https://www.openstreetmap.org
Salemgarh Toll Tax,national_highway,NH 27,Uttar Pradesh,KUSHINAGAR,189.0,26.631743,84.238276,2,https://www.openstreetmap.org
Vighaket,national_highway,NH 44,Uttar Pradesh,LALITPUR,167.0,24.789248,78.448474,2,https://www.openstreetmap.org
LUCKNOW Toll Plaza,national_highway,NH 30,Uttar Pradesh,LUCKNOW,157.0,27.103478,80.883611,2,https://www.openstreetmap.org
LUCKNOW Toll Plaza,national_highway,NH 30,Uttar Pradesh,LUCKNOW,157.0,26.524555,81.066219,2,https://www.openstreetmap.org
LUCKNOW Toll Plaza,highway_toll,NH 731,Uttar Pradesh,LUCKNOW,157.0,26.845434,80.710593,2,https://www.openstreetmap.org
LUCKNOW Toll Plaza,national_highway,NH 27,Uttar Pradesh,LUCKNOW,157.0,26.768608,80.877331,1,https://www.openstreetmap.org
LUCKNOW Toll Plaza,national_highway,NH 27,Uttar Pradesh,LUCKNOW,157.0,26.770596,80.883968,1,https://www.openstreetmap.org
MAHOBA Toll Plaza,national_highway,NH 35,Uttar Pradesh,MAHOBA,169.0,25.434472,80.12788,1,https://www.openstreetmap.org
MAHRAJGANJ Toll Plaza,national_highway,NH 24,Uttar Pradesh,MAHRAJGANJ,187.0,27.403278,83.40724,1,https://www.openstreetmap.org
MAHRAJGANJ Toll Plaza,national_highway,NH 730,Uttar Pradesh,MAHRAJGANJ,187.0,27.082974,83.232609,1,https://www.openstreetmap.org
MAINPURI Toll Plaza,highway_toll,NH 19,Uttar Pradesh,MAINPURI,148.0,27.012465,78.943495,1,https://www.openstreetmap.org
MAINPURI Toll Plaza,highway_toll,NH 19,Uttar Pradesh,MAINPURI,148.0,27.013978,78.945139,2,https://www.openstreetmap.org
MAINPURI Toll Plaza,highway_toll,NH 19,Uttar Pradesh,MAINPURI,148.0,27.01396,78.947671,1,https://www.openstreetmap.org
MAINPURI Toll Plaza,highway_toll,NH 19,Uttar Pradesh,MAINPURI,148.0,27.018428,78.947409,1,https://www.openstreetmap.org
MAINPURI Toll Plaza,highway_toll,NH 19,Uttar Pradesh,MAINPURI,148.0,27.016296,78.946993,3,https://www.openstreetmap.org
MAINPURI Toll Plaza,national_highway,NH 34,Uttar Pradesh,MAINPURI,148.0,27.195836,79.36694,1,https://www.openstreetmap.org
MATHURA Toll Plaza,national_highway,NH 44,Uttar Pradesh,MATHURA,145.0,27.33719,77.737486,2,https://www.openstreetmap.org
MATHURA Toll Plaza,highway_toll,NH 530B,Uttar Pradesh,MATHURA,145.0,27.660277,77.732993,4,https://www.openstreetmap.org
MATHURA Toll Plaza,highway_toll,NH 334D,Uttar Pradesh,MATHURA,145.0,27.881411,77.664979,1,https://www.openstreetmap.org
MATHURA Toll Plaza,highway_toll,NH 334D,Uttar Pradesh,MATHURA,145.0,27.883234,77.666068,1,https://www.openstreetmap.org
Kashi Fee Plaza,highway_toll,NH 34,Uttar Pradesh,MEERUT,138.0,28.896519,77.645165,2,https://www.openstreetmap.org
Khadkhadi Main Entry Toll Plaza,highway_toll,NH 334,Uttar Pradesh,MEERUT,138.0,28.842355,77.777627,1,https://www.openstreetmap.org
Siwaya,national_highway,NH 334,Uttar Pradesh,MEERUT,138.0,29.09562,77.710986,2,https://www.openstreetmap.org
MIRZAPUR Toll Plaza,highway_toll,NH 35,Uttar Pradesh,MIRZAPUR,199.0,25.164959,83.035939,2,https://www.openstreetmap.org
MORADABAD Toll Plaza,national_highway,NH 9,Uttar Pradesh,MORADABAD,135.0,28.786128,78.770028,1,https://www.openstreetmap.org
MORADABAD Toll Plaza,national_highway,NH 9,Uttar Pradesh,MORADABAD,135.0,28.78837,78.751544,1,https://www.openstreetmap.org
Niyamatpur Ekrotiya,national_highway,NH 9,Uttar Pradesh,MORADABAD,135.0,28.814263,78.902263,1,https://www.openstreetmap.org
MUZAFFARNAGAR Toll Plaza,national_highway,NH 334,Uttar Pradesh,MUZAFFARNAGAR,133.0,29.585081,77.778139,1,https://www.openstreetmap.org
MUZAFFARNAGAR Toll Plaza,highway_toll,NH 334,Uttar Pradesh,MUZAFFARNAGAR,133.0,29.594995,77.687348,2,https://www.openstreetmap.org
PILIBHIT Toll Plaza,highway_toll,NH 731K,Uttar Pradesh,PILIBHIT,151.0,28.719045,80.072105,1,https://www.openstreetmap.org
PILIBHIT Toll Plaza,national_highway,NH 730,Uttar Pradesh,PILIBHIT,151.0,28.578538,79.863277,2,https://www.openstreetmap.org
Handia/Sujala,expressway_toll,NH 19,Uttar Pradesh,PRAYAGRAJ,175.0,25.378735,82.156737,2,https://www.openstreetmap.org
PRAYAGRAJ Toll Plaza,expressway_toll,NH 19;30,Uttar Pradesh,PRAYAGRAJ,175.0,25.598301,81.636613,1,https://www.openstreetmap.org
PRAYAGRAJ Toll Plaza,national_highway,NH 35,Uttar Pradesh,PRAYAGRAJ,175.0,25.27187,81.742884,1,https://www.openstreetmap.org
PRAYAGRAJ Toll Plaza,national_highway,NH 319D,Uttar Pradesh,PRAYAGRAJ,175.0,25.492283,81.99831,1,https://www.openstreetmap.org
PRAYAGRAJ Toll Plaza,national_highway,NH 319D,Uttar Pradesh,PRAYAGRAJ,175.0,25.489943,81.997105,1,https://www.openstreetmap.org
PRAYAGRAJ Toll Plaza,national_highway,NH 319D,Uttar Pradesh,PRAYAGRAJ,175.0,25.491062,81.996033,1,https://www.openstreetmap.org
PRAYAGRAJ Toll Plaza,national_highway,NH 30,Uttar Pradesh,PRAYAGRAJ,175.0,25.56245,81.748357,1,https://www.openstreetmap.org
PRAYAGRAJ Toll Plaza,national_highway,NH 30,Uttar Pradesh,PRAYAGRAJ,175.0,25.564975,81.745874,1,https://www.openstreetmap.org
PRAYAGRAJ Toll Plaza,expressway_toll,NH 19,Uttar Pradesh,PRAYAGRAJ,175.0,25.56277,81.74544,1,https://www.openstreetmap.org
PRAYAGRAJ Toll Plaza,expressway_toll,NH 19,Uttar Pradesh,PRAYAGRAJ,175.0,25.564799,81.742991,1,https://www.openstreetmap.org
PRAYAGRAJ Toll Plaza,expressway_toll,NH 19,Uttar Pradesh,PRAYAGRAJ,175.0,25.490853,81.999353,1,https://www.openstreetmap.org
PRAYAGRAJ Toll Plaza,highway_toll,NH 19;30,Uttar Pradesh,PRAYAGRAJ,175.0,25.614036,81.640668,1,https://www.openstreetmap.org
PRAYAGRAJ Toll Plaza,national_highway,NH 30,Uttar Pradesh,PRAYAGRAJ,175.0,25.115557,81.754218,2,https://www.openstreetmap.org
PRAYAGRAJ Toll Plaza,national_highway,NH 330,Uttar Pradesh,PRAYAGRAJ,175.0,25.726365,81.925694,2,https://www.openstreetmap.org
PRAYAGRAJ Toll Plaza,expressway_toll,NH 19;30,Uttar Pradesh,PRAYAGRAJ,175.0,25.592493,81.649618,1,https://www.openstreetmap.org
Rajapur Maksudan,national_highway,NH 330,Uttar Pradesh,PRAYAGRAJ,175.0,25.591776,81.841694,1,https://www.openstreetmap.org
Rajapur Maksudan,national_highway,NH 330,Uttar Pradesh,PRAYAGRAJ,175.0,25.59184,81.843995,1,https://www.openstreetmap.org
Rajapur Maksudan,national_highway,NH 330,Uttar Pradesh,PRAYAGRAJ,175.0,25.589549,81.843087,1,https://www.openstreetmap.org
Rajapur Maksudan,national_highway,NH 330,Uttar Pradesh,PRAYAGRAJ,175.0,25.589465,81.840993,1,https://www.openstreetmap.org
RAE BARELI Toll Plaza,national_highway,NH 31,Uttar Pradesh,RAE BARELI,158.0,25.984392,81.55755,1,https://www.openstreetmap.org
RAE BARELI Toll Plaza,national_highway,NH 31,Uttar Pradesh,RAE BARELI,158.0,26.197945,81.032963,1,https://www.openstreetmap.org
RAE BARELI Toll Plaza,national_highway,NH 30,Uttar Pradesh,RAE BARELI,158.0,26.002515,81.284901,2,https://www.openstreetmap.org
RAMPUR Toll Plaza,national_highway,NH 9,Uttar Pradesh,RAMPUR,136.0,28.830342,79.096486,4,https://www.openstreetmap.org
SAHARANPUR Toll Plaza,national_highway,NH 344,Uttar Pradesh,SAHARANPUR,132.0,30.040806,77.387711,2,https://www.openstreetmap.org
SAHARANPUR Toll Plaza,expressway_toll,NH 344,Uttar Pradesh,SAHARANPUR,132.0,30.003729,77.71101,2,https://www.openstreetmap.org
SAHARANPUR Toll Plaza,expressway_toll,NH 307,Uttar Pradesh,SAHARANPUR,132.0,30.132101,77.859368,2,https://www.openstreetmap.org
SHAMLI Toll Plaza,national_highway,NH 709B,Uttar Pradesh,SHAMLI,662.0,29.64583,77.432948,1,https://www.openstreetmap.org
SITAPUR Toll Plaza,national_highway,NH 30,Uttar Pradesh,SITAPUR,154.0,27.503778,80.752743,2,https://www.openstreetmap.org
SULTANPUR Toll Plaza,national_highway,NH 731,Uttar Pradesh,SULTANPUR,179.0,26.304492,81.940751,2,https://www.openstreetmap.org
SULTANPUR Toll Plaza,national_highway,NH 731,Uttar Pradesh,SULTANPUR,179.0,26.054308,82.339351,2,https://www.openstreetmap.org
SULTANPUR Toll Plaza,national_highway,NH 330A,Uttar Pradesh,SULTANPUR,179.0,26.512735,81.767448,2,https://www.openstreetmap.org
SULTANPUR Toll Plaza,national_highway,NH 330,Uttar Pradesh,SULTANPUR,179.0,26.389331,82.126163,2,https://www.openstreetmap.org
SULTANPUR Toll Plaza,national_highway,NH 128,Uttar Pradesh,SULTANPUR,179.0,26.348699,82.247252,1,https://www.openstreetmap.org
UNNAO Toll Plaza,highway_toll,NH 731,Uttar Pradesh,UNNAO,156.0,26.850627,80.668804,1,https://www.openstreetmap.org
UNNAO Toll Plaza,national_highway,NH 27,Uttar Pradesh,UNNAO,156.0,26.623731,80.699236,2,https://www.openstreetmap.org
UNNAO Toll Plaza,national_highway,NH 27,Uttar Pradesh,UNNAO,156.0,26.468315,80.446728,1,https://www.openstreetmap.org
UNNAO Toll Plaza,national_highway,NH 27,Uttar Pradesh,UNNAO,156.0,26.46753,80.445143,1,https://www.openstreetmap.org
UNNAO Toll Plaza,national_highway,NH 27,Uttar Pradesh,UNNAO,156.0,26.468461,80.448943,1,https://www.openstreetmap.org
Daffi,national_highway,NH 19,Uttar Pradesh,VARANASI,197.0,25.248276,82.994009,2,https://www.openstreetmap.org
VARANASI Toll Plaza,national_highway,NH 19,Uttar Pradesh,VARANASI,197.0,25.24948,82.999489,2,https://www.openstreetmap.org
VARANASI Toll Plaza,national_highway,NH 31,Uttar Pradesh,VARANASI,197.0,25.494769,83.147498,2,https://www.openstreetmap.org
DEHRAD@N Toll Plaza,national_highway,NH 7,Uttarakhand,DEHRAD@N,60.0,30.209457,78.125434,2,https://www.openstreetmap.org
DEHRAD@N Toll Plaza,highway_toll,NH 707A,Uttarakhand,DEHRAD@N,60.0,30.375327,78.096951,1,https://www.openstreetmap.org
DEHRAD@N Toll Plaza,national_highway,NH 707A,Uttarakhand,DEHRAD@N,60.0,30.459902,78.064788,1,https://www.openstreetmap.org
DEHRAD@N Toll Plaza,national_highway,NH 707A,Uttarakhand,DEHRAD@N,60.0,30.455575,78.080163,1,https://www.openstreetmap.org
DEHRAD@N Toll Plaza,national_highway,NH 7,Uttarakhand,DEHRAD@N,60.0,30.41223,77.711723,1,https://www.openstreetmap.org
HARIDWAR Toll Plaza,national_highway,NH 334,Uttarakhand,HARIDWAR,68.0,29.912139,78.021749,1,https://www.openstreetmap.org
HARIDWAR Toll Plaza,national_highway,NH 334,Uttarakhand,HARIDWAR,68.0,29.911257,78.019792,1,https://www.openstreetmap.org
NAINITAL Toll Plaza,national_highway,NH 109,Uttarakhand,NAINITAL,66.0,29.382038,79.463759,1,https://www.openstreetmap.org
UDHAM SINGH NAGAR Toll Plaza,national_highway,NH 734,Uttarakhand,UDHAM SINGH NAGAR,67.0,29.243608,78.885906,2,https://www.openstreetmap.org
UDHAM SINGH NAGAR Toll Plaza,national_highway,NH 9,Uttarakhand,UDHAM SINGH NAGAR,67.0,28.930803,79.475831,10,https://www.openstreetmap.org
UDHAM SINGH NAGAR Toll Plaza,national_highway,NH 9,Uttarakhand,UDHAM SINGH NAGAR,67.0,28.932261,79.929383,1,https://www.openstreetmap.org
Guabari,national_highway,NH 27,West Bengal,ALIPUR DUAR,675.0,26.476622,89.756566,4,https://www.openstreetmap.org
BANKURA Toll Plaza,highway_toll,NH 314,West Bengal,BANKURA,339.0,23.217902,86.936453,1,https://www.openstreetmap.org
BANKURA Toll Plaza,national_highway,NH 14,West Bengal,BANKURA,339.0,23.114416,87.246594,1,https://www.openstreetmap.org
BANKURA Toll Plaza,national_highway,NH 14,West Bengal,BANKURA,339.0,23.537875,87.124629,2,https://www.openstreetmap.org
BIRBH@M Toll Plaza,national_highway,NH 14,West Bengal,BIRBH@M,334.0,24.248787,87.824955,1,https://www.openstreetmap.org
DARJILING Toll Plaza,national_highway,NH 27,West Bengal,DARJILING,327.0,26.684022,88.322877,2,https://www.openstreetmap.org
DARJILING Toll Plaza,national_highway,NH 110,West Bengal,DARJILING,327.0,27.004393,88.262104,1,https://www.openstreetmap.org
DARJILING Toll Plaza,national_highway,NH 327,West Bengal,DARJILING,327.0,26.687372,88.230487,1,https://www.openstreetmap.org
Paschim Madati,national_highway,NH 27,West Bengal,DARJILING,327.0,26.569017,88.275317,2,https://www.openstreetmap.org
Rohini Toll Plaza,highway_toll,NH 110,West Bengal,DARJILING,327.0,26.840165,88.299906,1,https://www.openstreetmap.org
HAORA Toll Plaza,national_highway,NH 16,West Bengal,HAORA,341.0,22.573195,88.1817,2,https://www.openstreetmap.org
HAORA Toll Plaza,national_highway,NH 12,West Bengal,HAORA,341.0,22.564713,88.316645,4,https://www.openstreetmap.org
Nivedita Setu,expressway_toll,NH 12,West Bengal,HAORA,341.0,22.654306,88.325095,2,https://www.openstreetmap.org
Dankuni,national_highway,NH 19,West Bengal,HUGLI,338.0,22.698859,88.288887,2,https://www.openstreetmap.org
HUGLI Toll Plaza,highway_toll,NH 19,West Bengal,HUGLI,338.0,22.701307,88.242729,1,https://www.openstreetmap.org
HUGLI Toll Plaza,highway_toll,NH 12,West Bengal,HUGLI,338.0,22.966611,88.403159,1,https://www.openstreetmap.org
HUGLI Toll Plaza,highway_toll,NH 12,West Bengal,HUGLI,338.0,22.966993,88.405531,1,https://www.openstreetmap.org
HUGLI Toll Plaza,highway_toll,NH 19,West Bengal,HUGLI,338.0,22.879585,88.013142,1,https://www.openstreetmap.org
JALPAIGURI Toll Plaza,national_highway,NH 27,West Bengal,JALPAIGURI,328.0,26.560278,88.919267,2,https://www.openstreetmap.org
JALPAIGURI Toll Plaza,national_highway,NH 17,West Bengal,JALPAIGURI,328.0,26.873985,88.915108,1,https://www.openstreetmap.org
Panikauri Toll Plaza,national_highway,NH 27,West Bengal,JALPAIGURI,328.0,26.573941,88.522639,2,https://www.openstreetmap.org
JHARGRAM Toll Plaza,national_highway,NH 49,West Bengal,JHARGRAM,727.0,22.344762,87.125953,2,https://www.openstreetmap.org
KOCH BIHAR Toll Plaza,national_highway,NH 17,West Bengal,KOCH BIHAR,329.0,26.305091,89.618855,1,https://www.openstreetmap.org
MALDAH Toll Plaza,national_highway,NH 12,West Bengal,MALDAH,332.0,24.822418,87.966904,2,https://www.openstreetmap.org
MALDAH Toll Plaza,national_highway,NH 12,West Bengal,MALDAH,332.0,25.195822,88.18256,2,https://www.openstreetmap.org
MURSHIDABAD Toll Plaza,national_highway,NH 12,West Bengal,MURSHIDABAD,333.0,24.563216,88.019874,2,https://www.openstreetmap.org
Shibpur Toll Plaza,national_highway,NH 12,West Bengal,MURSHIDABAD,333.0,24.150655,88.186332,2,https://www.openstreetmap.org
NADIA Toll Plaza,highway_toll,NH 12,West Bengal,NADIA,336.0,23.390705,88.357519,1,https://www.openstreetmap.org
Sali Bamandanga Toll Plaza,national_highway,NH 12,West Bengal,NADIA,336.0,23.629146,88.359938,2,https://www.openstreetmap.org
Toll gate,highway_toll,NH 12,West Bengal,NADIA,336.0,22.967639,88.409694,1,https://www.openstreetmap.org
Banskopa Toll Plaza,national_highway,NH 19,West Bengal,PASCHIM BARDDHAMAN,728.0,23.491179,87.37654,2,https://www.openstreetmap.org
PASCHIM MEDINIPUR Toll Plaza,national_highway,NH 16,West Bengal,PASCHIM MEDINIPUR,344.0,22.397014,87.522875,2,https://www.openstreetmap.org
PASCHIM MEDINIPUR Toll Plaza,national_highway,NH 16,West Bengal,PASCHIM MEDINIPUR,344.0,22.240789,87.392061,2,https://www.openstreetmap.org
Palsit,national_highway,NH 19,West Bengal,PURBA BARDDHAMAN,335.0,23.178723,88.026372,2,https://www.openstreetmap.org
PURBA MEDINIPUR Toll Plaza,national_highway,NH 116B,West Bengal,PURBA MEDINIPUR,345.0,22.078283,87.852373,1,https://www.openstreetmap.org
PURBA MEDINIPUR Toll Plaza,national_highway,NH 116,West Bengal,PURBA MEDINIPUR,345.0,22.064066,88.089162,2,https://www.openstreetmap.org
PURBA MEDINIPUR Toll Plaza,national_highway,NH 116,West Bengal,PURBA MEDINIPUR,345.0,22.33546,87.869478,2,https://www.openstreetmap.org
PURULIYA Toll Plaza,national_highway,NH 18,West Bengal,PURULIYA,340.0,23.388999,86.287082,1,https://www.openstreetmap.org
UTTAR DINAJPUR Toll Plaza,national_highway,NH 27,West Bengal,UTTAR DINAJPUR,330.0,25.933524,87.843155,2,https://www.openstreetmap.org
